Country,Date,Temp_Max,Temp_Min,Temp_Mean,Precipitation_Sum,Windspeed_Max,Windgusts_Max,Sunshine_Duration
China,01-01-2000,2.5,-6.4,-2.1,0,11.5,21.6,31290.29
China,02-01-2000,8,-7.8,-1,0,11.2,20.5,31514.88
China,03-01-2000,8.5,-4.9,0.8,0,10.8,24.1,31470.55
China,04-01-2000,3.2,-6.4,-2,0,10.2,23,31518.97
China,05-01-2000,-5.1,-10.1,-7.2,0,15.3,32.4,30848.45
China,06-01-2000,2.7,-12.4,-6.6,0,10.3,19.8,31622.6
China,07-01-2000,1.9,-8.8,-4.5,0,8.4,15.5,31677.61
China,08-01-2000,4,-5.6,-2.1,0,9.2,16.6,31734.57
China,09-01-2000,5.6,-7.5,-1.5,0,11.3,32,31882.9
China,10-01-2000,0.9,-6.1,-2.8,0,12.7,29.5,29144.64
China,11-01-2000,-1.8,-7.7,-5.6,0.8,9.4,23,25138.11
China,12-01-2000,0.3,-9.5,-5.1,0,8.9,22.3,32070.16
China,13-01-2000,-3.7,-8,-6.4,0,11.5,27,26976.86
China,14-01-2000,-1.1,-8.7,-6.2,0.3,14.3,31,25257.33
China,15-01-2000,-2.2,-9.7,-6.5,0.6,9.3,21.6,30192.36
China,16-01-2000,-4.9,-8.9,-7.1,0.7,8.9,21.6,17972.15
China,17-01-2000,-0.8,-9.6,-5.8,0,10.5,18,31559.55
China,18-01-2000,-1.6,-9.4,-6.4,0,10.8,23,32282.81
China,19-01-2000,0.3,-11,-6.4,0,12.3,20.9,32841.1
China,20-01-2000,0.6,-9.2,-4.8,0,18.9,43.9,29194.96
China,21-01-2000,0.1,-6.9,-4,1.4,11.3,22.7,31811.09
China,22-01-2000,-3.2,-9.1,-6.5,0,11.7,28.1,32866.55
China,23-01-2000,-1.4,-9.5,-5.8,0.3,13.2,29.9,30243.76
China,24-01-2000,0.1,-9.3,-5.8,0,12.5,17.6,33019.51
China,25-01-2000,-6.4,-11.2,-9,0,10,22.3,27500
China,26-01-2000,-3.2,-13.8,-9.3,0,11,16.2,33174.61
China,27-01-2000,-2.5,-11.6,-7.9,0,10.8,19.1,33364.4
China,28-01-2000,-4.3,-10.5,-8,0,11.8,28.4,32277.32
China,29-01-2000,-6.2,-13.3,-10.1,0,10.6,21.6,33639.72
China,30-01-2000,-6.9,-12.3,-10.2,0.5,10,22.7,20568.49
China,31-01-2000,-4.6,-16,-10.6,0,12.7,22.3,33480.31
China,01-02-2000,-3.6,-14,-9.4,0,10.6,22.7,34126.38
China,02-02-2000,-3.4,-13.6,-9.4,0,11,22.7,33991.82
China,03-02-2000,-3.2,-12.6,-8.6,0,9.1,23,34228.5
China,04-02-2000,0.9,-10.7,-5.3,0.3,11.2,21.6,32906.61
China,05-02-2000,1.9,-8.8,-4.1,0,11.7,16.2,34335.7
China,06-02-2000,-2.2,-9,-5.9,0,17.8,40,34391.05
China,07-02-2000,0,-13.1,-7.2,0,12.2,19.4,34591.92
China,08-02-2000,1.3,-9.6,-4.9,0,11.2,16.9,34357.12
China,09-02-2000,3.6,-8.5,-3.1,0,10.9,21.2,34846.78
China,10-02-2000,5.4,-6.1,-1.1,0,12.5,23.4,34854.22
China,11-02-2000,6.3,-6.3,-0.8,0,13,20.2,35067.2
China,12-02-2000,2.5,-6.1,-2.9,1.1,19.2,40.7,22027.12
China,13-02-2000,-0.9,-7,-4.5,0,10.8,27,27333.03
China,14-02-2000,1.7,-5.9,-2.9,0,10.9,19.4,32865.7
China,15-02-2000,4,-6.9,-2.2,0,10.4,22.7,35816.96
China,16-02-2000,7.8,-6,-0.5,0,14,23.4,35730.47
China,17-02-2000,4.2,-5.3,-1.1,0,13,27,20963.52
China,18-02-2000,1.2,-3.8,-1.8,1.5,15.7,33.5,27055.16
China,19-02-2000,1.1,-6.6,-2.7,0.2,7.4,21.2,27626.49
China,20-02-2000,3.9,-5.5,-1.6,0,13.5,30.6,35315.61
China,21-02-2000,5.8,-5.7,-0.7,0,11.2,23,36839.38
China,22-02-2000,1.8,-4.8,-1.4,1.8,12.1,29.2,15354.7
China,23-02-2000,0.5,-4.7,-2.6,4.4,16.8,36.7,0
China,24-02-2000,-4.6,-12.1,-7.8,2.3,17.6,39.6,8384.2
China,25-02-2000,-2.2,-17.3,-9.6,0,12.8,31.7,37387.53
China,26-02-2000,0,-10.5,-5.9,0,7.6,14.8,37524.21
China,27-02-2000,0.3,-8.6,-4.7,0,8.9,19.8,33340.02
China,28-02-2000,1.7,-8.6,-4.2,0,8,16.6,37796.4
China,29-02-2000,2.9,-7.9,-3.3,0,11.6,17.3,37927.46
China,01-03-2000,4,-8.7,-2.9,0,11,22.7,37985.16
China,02-03-2000,2,-6.3,-1.1,0.9,12.2,30.6,33297.46
China,03-03-2000,3.5,-8,-2.5,0,11.2,25.2,38099.4
China,04-03-2000,3.4,-4.8,-1,1.5,6.8,20.2,28152.15
China,05-03-2000,3.9,-6.9,-1.3,0,11.3,26.3,38212.12
China,06-03-2000,3.9,-5.8,-1.3,0,10.7,27.7,35632.94
China,07-03-2000,5,-4.8,-0.4,0,10.8,25.9,36784.66
China,08-03-2000,6.1,-4.1,0.3,0,15.3,31.3,35224.66
China,09-03-2000,6.1,-3.2,1.2,0,14.1,34.2,31701.35
China,10-03-2000,5,-2.4,1.1,2.6,8.8,16.6,27247.47
China,11-03-2000,6.4,-5.7,0.1,0,11.4,22,38544.09
China,12-03-2000,9,-5.3,1.8,0,11.7,28.1,38770.11
China,13-03-2000,9.1,-0.6,3.5,0,9,23.8,33709.59
China,14-03-2000,5.6,-2.3,1.1,0.4,18.3,41.8,27014.27
China,15-03-2000,9.6,-4.2,2.9,0.1,11.5,31,39470.59
China,16-03-2000,10.4,0.2,5.3,0,10.1,24.8,39639.75
China,17-03-2000,10.5,-1.7,4.3,0,10.1,22,38204.24
China,18-03-2000,11.6,-0.8,5.2,0.9,15.4,37.8,39016.3
China,19-03-2000,13.9,3.3,7,0.3,15.8,41.4,29953.3
China,20-03-2000,8.2,0.4,3.7,0.6,15.8,31,20493.25
China,21-03-2000,14.7,-1.8,6.2,0.4,19,38.5,39960.18
China,22-03-2000,4.2,-2.5,0.8,0.8,17.4,53.3,31471.98
China,23-03-2000,7.5,-4.4,1.4,0,9.1,21.6,38560.99
China,24-03-2000,8.9,-3,3.1,0.7,11.5,28.8,24825.49
China,25-03-2000,10.2,-0.5,4.3,0,9.3,20.2,41391.38
China,26-03-2000,14.7,-2,5.7,0,22.4,50.4,41528.19
China,27-03-2000,16.6,0.2,8.6,0,14.7,35.6,41664.86
China,28-03-2000,19.1,3.2,10.6,0,12.9,24.8,41801.31
China,29-03-2000,21.7,2.6,12.2,0,12.2,24.8,41937.44
China,30-03-2000,19.8,8,13.6,0,12.9,33.5,42073.18
China,31-03-2000,19.8,9.3,13.8,0.6,14.5,30.6,41914.73
China,01-04-2000,15.3,4.8,10.4,0,14.8,35.3,40258.03
China,02-04-2000,13,4.9,9.2,1.8,9.3,22.7,26765.38
China,03-04-2000,14.9,3.2,8.7,0,14.7,35.6,30470.07
China,04-04-2000,12,2.7,7,1.7,15.5,32.4,32382.54
China,05-04-2000,13.9,-1.4,7.1,0.2,10.3,28.4,42667.98
China,06-04-2000,13,2.1,7.5,0.1,12.2,25.6,42336.25
China,07-04-2000,17.3,0.3,8.7,0,16,32.8,42831.17
China,08-04-2000,15.9,4.1,9.5,0,11.9,29.9,42680.21
China,09-04-2000,9.4,1.5,5.6,0,19.7,46.4,42990.44
China,10-04-2000,13.9,-1.5,6.1,0,11.2,25.9,39469.75
China,11-04-2000,17.1,1,8.9,0,15.6,40.7,43148.96
China,12-04-2000,22.6,0.8,12.3,0,25.6,36.7,43200
China,13-04-2000,10,3.1,6.5,0,25.6,73.4,33167.07
China,14-04-2000,8.3,-0.1,3.6,0.5,25.2,57.2,43200
China,15-04-2000,17,-3,6.8,0,11.1,31.7,43200
China,16-04-2000,21.3,2,10.9,0,17.4,38.9,43200
China,17-04-2000,18.5,5.1,11.5,0,17.3,39.2,35789.12
China,18-04-2000,22.1,5.6,14,0,17.9,47.9,43200
China,19-04-2000,12.2,5.4,8.9,0,21.6,49,36242.8
China,20-04-2000,16.6,1.5,9.7,0,14.6,38.5,43200
China,21-04-2000,17.7,7.8,12.5,0,14.1,32.4,41162.59
China,22-04-2000,19.6,2.3,12.5,0,10.9,32.8,43200
China,23-04-2000,24.7,4.6,14.9,0,24.5,52.9,43115.49
China,24-04-2000,16.9,6.7,11.8,0,18.9,43.6,43200
China,25-04-2000,16.1,6.3,10.9,0,18.1,44.6,31306.96
China,26-04-2000,18.8,6.3,12.4,0,15.6,39.6,43346.73
China,27-04-2000,20.4,5.4,13,0,17.4,40.3,43200
China,28-04-2000,19.5,4,11.6,2.6,35.6,79.2,36000
China,29-04-2000,16.3,1.8,9.8,0,8.9,26.3,39855.92
China,30-04-2000,20,3.2,12.3,0,12.5,33.8,43200
China,01-05-2000,21.8,7.5,14.9,0,11.7,33.1,43125.55
China,02-05-2000,23.3,9.1,16.9,0,14,37.1,43656.18
China,03-05-2000,25.4,11.1,18.4,0,11.3,30.6,43423.35
China,04-05-2000,25.9,9.7,18.2,0,16.3,33.8,44089.09
China,05-05-2000,23.3,10.2,16.8,0,15,35.3,43414.5
China,06-05-2000,24.3,9.7,16.5,0.8,13.6,35.6,36852.6
China,07-05-2000,23,9.4,16.3,2.6,12.2,30.6,26558.46
China,08-05-2000,15.4,10.4,12.6,3.6,14.8,35.6,11255.66
China,09-05-2000,20.9,9,14.3,0,16.1,35.3,44571.12
China,10-05-2000,22.5,8.1,15.1,3,19.4,47.5,43580.88
China,11-05-2000,22.6,5.5,15.1,2.6,22.2,56.9,44704.57
China,12-05-2000,25.4,11,18.3,0,11,29.9,44838.81
China,13-05-2000,27.6,12.4,20.2,0.2,22.7,53.6,39542.35
China,14-05-2000,23.4,10.2,17.4,1.6,13.6,45,39513
China,15-05-2000,18.7,12,15.7,1.6,17.4,36,29958.45
China,16-05-2000,21.8,7.8,15.4,0.5,8.3,21.6,45123
China,17-05-2000,20.5,9.9,15.8,1.3,14.6,33.8,41604.42
China,18-05-2000,22.8,11.4,16.9,0,13.2,32.8,46242.79
China,19-05-2000,25.2,12.7,18.7,0,9.6,24.5,46535.82
China,20-05-2000,27,10,19,0,15.3,41.8,47855.59
China,21-05-2000,28.6,9.4,20.2,0,14.2,36.4,45567.21
China,22-05-2000,28.3,14.4,21.1,0,18.6,45.4,45181.34
China,23-05-2000,28.4,11,20.3,0,19.1,42.8,46308.4
China,24-05-2000,27,13.1,20.1,0,15.4,41,42836.1
China,25-05-2000,22.1,10.2,16.7,1.4,29.4,67.7,40715.58
China,26-05-2000,19.9,8.1,14.2,0.5,18.8,44.3,44977.51
China,27-05-2000,21.7,12.4,16.2,0,16,38.2,24536.86
China,28-05-2000,19.8,8.3,14.3,0,18.1,40.7,48326.61
China,29-05-2000,25,7.1,16.8,0.4,22.2,46.4,39989.35
China,30-05-2000,28.4,9.7,19.9,0,13.5,35.6,48545.51
China,31-05-2000,29.1,11.5,20.6,1.9,14.8,36.4,40665.08
China,01-06-2000,20.5,14.3,17.1,9,17.7,39.2,21718.7
China,02-06-2000,22.3,12.4,16.9,5.2,14,32.4,36907.81
China,03-06-2000,24.8,12.9,18.3,1.2,14,29.9,46530.52
China,04-06-2000,26.2,14.3,20.3,0,15.6,35.3,48457.95
China,05-06-2000,23.9,15.8,19.5,0.7,18.4,42.1,45594.68
China,06-06-2000,16.7,9.5,12.2,6.7,16.2,37.8,0
China,07-06-2000,19.7,9,13.3,5.6,10.4,27,17541.45
China,08-06-2000,25,10.3,18.1,0.2,13,33.5,47351.38
China,09-06-2000,23.4,14,18.3,0,21.4,43.6,25944.84
China,10-06-2000,23.5,10.3,17.4,0,18.3,44.3,45352.36
China,11-06-2000,23.2,11.9,17.6,0,25,57.2,47223.48
China,12-06-2000,21.8,11.3,16.6,0,29.5,65.9,39475.8
China,13-06-2000,20.5,12.9,16.2,3.2,16,39.6,20753.25
China,14-06-2000,25,10.5,17.9,0.2,9.4,27.4,48447.38
China,15-06-2000,27.7,13.8,20.7,0.4,9.7,36,38946.71
China,16-06-2000,24.8,13.4,18,4.7,13.6,38.5,48802.95
China,17-06-2000,19.1,12,15.1,7.4,10.1,27,41335.85
China,18-06-2000,20.6,10.7,15.3,6.4,9.2,26.3,45532.82
China,19-06-2000,20.8,11,16.5,0.8,10.4,31.3,48535.88
China,20-06-2000,22.9,13.2,17.8,0.4,14.1,36,45377.9
China,21-06-2000,25.1,14.2,19.2,0.7,11.5,27,49189.86
China,22-06-2000,27.4,13.1,20.7,0.4,11.3,29.5,41668.35
China,23-06-2000,23.1,16.4,19.6,17.7,21.1,51.1,41126.91
China,24-06-2000,17.9,14.8,16.2,18.7,10.2,24.8,0
China,25-06-2000,14.4,10.7,12.3,9.6,8,21.2,0
China,26-06-2000,21.6,11.1,16.9,0,8.4,24.1,41494.58
China,27-06-2000,21.9,15.1,17.7,6.2,9.6,28.1,26756.16
China,28-06-2000,24.1,12.7,18.7,0.8,11.8,27,49050.93
China,29-06-2000,25,12.1,19.4,0,9.8,26.3,49100.42
China,30-06-2000,24.8,16.4,20.6,0.3,17.4,41.4,49076.59
China,01-07-2000,25.9,14.7,20.4,0,16.4,38.9,49049.89
China,02-07-2000,23.8,13.6,19.4,0,14.4,34.6,46033.9
China,03-07-2000,26.3,15,21.1,0,11.8,23,48988.14
China,04-07-2000,28.6,18.4,23.2,0,11.8,27.7,48953.21
China,05-07-2000,29.3,18.6,23.9,0,10.8,29.5,48915.64
China,06-07-2000,28.3,16.8,23.1,0,19.5,34.9,33802.46
China,07-07-2000,20.7,15.6,18.1,2.4,14.2,32.4,24245.78
China,08-07-2000,27.3,11.3,19.8,0,13.5,32.4,48787.75
China,09-07-2000,28.5,14.6,21.9,0,12.1,32,48740.25
China,10-07-2000,28.2,14.1,21.9,0,18.6,44.6,40881.13
China,11-07-2000,24.2,16.6,20.5,0,23.4,54.4,40384.99
China,12-07-2000,27.5,12.1,20.3,0.1,12.7,33.1,47087.24
China,13-07-2000,28.6,14.2,21.4,3.7,12.2,33.1,45417.52
China,14-07-2000,28.7,15.8,22.3,0,11.4,27,48469.06
China,15-07-2000,31.9,16.5,24.7,0,14.2,36.7,48408.5
China,16-07-2000,32.6,17.3,25.2,0,20,45,48345.98
China,17-07-2000,32.1,18.8,24.7,0,19.3,49,46869.76
China,18-07-2000,32.1,18.9,24.9,0.2,16.1,46.1,42830.3
China,19-07-2000,32.1,19.7,25.7,0,17.9,42.5,46682.23
China,20-07-2000,33.6,19.2,27.1,0,15,34.9,47659.55
China,21-07-2000,35.2,19.3,28,0,16.4,39.6,47862.1
China,22-07-2000,35.3,20.1,28.7,0,16.2,38.9,47810.11
China,23-07-2000,34.9,20.9,28.4,0,20.2,41,44743.02
China,24-07-2000,36,21.1,28.1,0,18.8,43.6,40653.05
China,25-07-2000,36.1,20.9,27.9,2.4,14.7,41.8,39595.18
China,26-07-2000,35.2,21,28.2,0,15.1,37.8,42891.03
China,27-07-2000,25,19.4,21.7,1.9,17.4,35.6,6833.24
China,28-07-2000,22.7,17.2,19.2,0,19.3,46.8,18167.05
China,29-07-2000,25,15.9,20.1,0,22.3,52.2,37970.02
China,30-07-2000,28.4,15.2,21.8,0,11.1,28.8,46881.65
China,31-07-2000,29.4,15.8,21.6,3.9,16.3,38.9,42382.84
China,01-08-2000,23.6,14.6,18.5,7.9,12.6,32,33489.88
China,02-08-2000,23.3,16.4,19.3,0.1,14,34.9,19337.54
China,03-08-2000,26.1,13.3,19.8,0,18.9,47.9,45123.46
China,04-08-2000,24.7,14.6,19.1,0.8,15.5,42.5,43567.03
China,05-08-2000,28.1,14.5,21.6,0,14.8,35.6,42329.46
China,06-08-2000,23,17.4,20.1,3.3,12.3,34.9,29832.39
China,07-08-2000,20.6,16.2,17.7,17.7,10.5,27.7,19480.29
China,08-08-2000,27.1,14.2,20.3,0.7,8.7,27,45312.57
China,09-08-2000,26.2,16.6,20.8,2.7,9.6,23.8,41412.18
China,10-08-2000,28.1,14.9,21.5,3.3,12,32,41735.63
China,11-08-2000,25.2,17,20.2,13.2,9.7,29.5,32593.23
China,12-08-2000,28.6,14.3,21.8,0,10.2,24.1,45207.67
China,13-08-2000,23.1,16.4,19.4,6.3,16.5,37.4,19841.53
China,14-08-2000,20.7,15,17.3,9.9,10.7,21.2,28830.47
China,15-08-2000,26.2,12.6,19.5,0,9.1,29.9,44783.23
China,16-08-2000,20.9,13,16.5,29.3,21.8,43.2,3343.72
China,17-08-2000,23.5,12.7,17.3,0.5,8.4,23.4,43775.16
China,18-08-2000,27,11.8,19.3,0,11.7,30.2,44162.61
China,19-08-2000,26.3,12.9,20.1,0,17.2,39.6,44041.36
China,20-08-2000,23.6,15.7,19.6,0,15,37.8,23844.8
China,21-08-2000,17.3,13.6,15.7,14.2,15.1,33.1,9614.24
China,22-08-2000,23,11.5,17.1,2.1,10.2,23,43619.93
China,23-08-2000,24.5,11.5,18.2,0,16,36.4,42961.29
China,24-08-2000,25.2,11.7,19,0,12.1,32.4,43356.7
China,25-08-2000,23.7,12.4,19.1,0,14.2,39.6,43200
China,26-08-2000,26.3,14.2,19.9,0.6,12.4,32,39832.48
China,27-08-2000,18.3,13.3,15.7,7.5,9.8,28.1,29562.56
China,28-08-2000,21.8,11.3,16.3,0.9,8.5,26.6,43200
China,29-08-2000,23.8,10.9,17,1.1,11.5,26.3,43200
China,30-08-2000,26.2,11.4,18.6,0,11.5,29.5,43200
China,31-08-2000,27,11.6,19.7,0,12.8,36.4,43200
China,01-09-2000,25,14.5,18.7,0,25.3,57.2,43200
China,02-09-2000,19.4,14,15.9,1.8,19,45.7,8667.28
China,03-09-2000,16.1,11,13.4,9.7,10.5,27.4,0
China,04-09-2000,11.6,9.5,10.7,17.8,7.5,20.2,0
China,05-09-2000,17.2,10,13.3,0,13.9,30.2,8120.53
China,06-09-2000,12.5,8.1,10.8,1.9,14.6,35.6,3792.63
China,07-09-2000,19.5,4.6,12.3,0,10.2,28.4,42781.64
China,08-09-2000,19.2,8.2,13.4,0,18.5,41.4,42650.66
China,09-09-2000,17,10.3,13,0.1,17.9,42.1,31016.52
China,10-09-2000,17.7,9.5,13.3,0,14,33.5,17024.92
China,11-09-2000,17.6,9.4,13.3,0.8,12.5,29.2,35574.73
China,12-09-2000,20.6,8.5,15.1,0,9.9,27,31033.08
China,13-09-2000,18.5,10.1,14.5,0.3,8.4,22,31582.47
China,14-09-2000,21.8,9.9,15.9,0,9,24.1,41862.17
China,15-09-2000,22.7,12.4,17.6,0,8.7,21.6,36192.79
China,16-09-2000,23.5,12.2,17.6,0,8.4,19.1,41598.81
China,17-09-2000,23.5,12.2,17.2,0,12.6,21.2,38884.26
China,18-09-2000,21.4,10.2,15.2,0.9,16.7,36,36921.28
China,19-09-2000,21.3,9.4,14.6,0.7,7,22.3,39414.28
China,20-09-2000,21.5,9.7,15.2,0,14.8,30.6,41062.15
China,21-09-2000,23.2,8.7,15.8,0,15.8,34.2,40926.34
China,22-09-2000,17.6,11.1,14.4,2,13.7,32.4,15805.26
China,23-09-2000,20.9,9.6,15.3,0.8,11.5,29.5,30022.74
China,24-09-2000,13.3,8.3,10.2,6.4,14.7,33.8,1863.66
China,25-09-2000,14.3,8,11.5,1.6,19.7,45.7,19565.25
China,26-09-2000,17.6,11.1,14,3.5,10,25.2,16532.12
China,27-09-2000,20.2,12.1,15.4,1.8,13.1,28.4,35446.8
China,28-09-2000,16.5,9.6,13.5,16.1,18.3,40,11080.93
China,29-09-2000,10.1,7.3,8.5,22,9.2,32,0
China,30-09-2000,12.6,8,10.3,2.8,6,14.8,5259.08
China,01-10-2000,19.4,7,12.8,0,8.2,26.6,39152.87
China,02-10-2000,22.4,9.2,15.1,0,9.5,21.6,38409.74
China,03-10-2000,21,7.3,14.1,5.9,12.6,31,38110.82
China,04-10-2000,20.8,10,14.8,10.1,9.8,23,38161.29
China,05-10-2000,21.8,8.9,14.6,0,12,29.9,36610.25
China,06-10-2000,20.8,9.6,14.2,0,20.7,45.7,37971.78
China,07-10-2000,12.2,7.8,10.3,0,11,22,22805.36
China,08-10-2000,16.4,7.4,10.9,1.2,15.1,31,34234.68
China,09-10-2000,13.1,8.1,10.4,3.9,14.3,29.2,14749.88
China,10-10-2000,8.9,0.3,4.9,19.5,18,40,0
China,11-10-2000,7.1,0,3.5,0.9,10,24.8,27932.34
China,12-10-2000,9.7,3,5.7,0,13,31,14011.05
China,13-10-2000,8.7,2.7,5.3,3.1,8,20.5,13013.12
China,14-10-2000,12.9,1,6.8,0,10.5,24.8,35631.87
China,15-10-2000,6.9,4,5.5,3.6,14.1,32,64.28
China,16-10-2000,17,2.2,8.4,0,11.7,33.1,35522.59
China,17-10-2000,18.3,4,9.9,0,12.2,31.7,37048.96
China,18-10-2000,14,6,9,0.2,10.6,29.9,22781.31
China,19-10-2000,9.8,2.6,5.5,0,11,27.4,32554.15
China,20-10-2000,8.7,2.6,5.6,0,14,36,35747.39
China,21-10-2000,15.5,0.4,7.3,6.1,10.5,29.9,29139.55
China,22-10-2000,18.1,0.6,8.8,0,10.2,28.1,34382.16
China,23-10-2000,11.3,0.5,6.3,1.5,20.8,43.6,22696.59
China,24-10-2000,3.2,-2.1,0.2,1.7,12.2,29.5,19636.46
China,25-10-2000,12.8,-2.1,4.6,0,10.2,19.4,35462.67
China,26-10-2000,10.1,1,5.5,0,15.3,35.3,35395.71
China,27-10-2000,9.6,0.5,5.4,2.5,8.8,23.8,27224.81
China,28-10-2000,3.6,-1.3,0.7,1.2,17.7,39.2,27962.58
China,29-10-2000,13.1,-5.6,2.7,0,12.1,25.9,35130.31
China,30-10-2000,6.5,-1.4,2.3,1.2,17.7,38.9,31662.05
China,31-10-2000,11.5,-4,3.6,0.1,7.4,18.4,34964.08
China,01-11-2000,13.1,0.5,6.5,0,10.9,26.3,34898.34
China,02-11-2000,15.3,-0.4,6.3,0,12.1,22.7,34833.66
China,03-11-2000,13.2,-1,5.3,0.5,22.3,57.2,34770.14
China,04-11-2000,16.1,-4,5.1,0,12,25.2,34707.85
China,05-11-2000,11.1,1.8,5.7,0,11.6,25.9,33427.49
China,06-11-2000,2.9,-3.2,-0.6,0,13.2,29.9,27933.57
China,07-11-2000,3.5,-3.4,-0.6,0,8.4,20.5,17599.81
China,08-11-2000,12,-3.2,2.9,0,11.9,17.3,34472.89
China,09-11-2000,-0.6,-7.4,-3.1,0,18.1,38.9,32387.78
China,10-11-2000,-2.3,-8.2,-5.7,0,10,22,2798.22
China,11-11-2000,2.2,-6.1,-2.7,0,11.5,27.7,24218.23
China,12-11-2000,5.2,-5.7,-1.4,0,9.5,17.3,34061.75
China,13-11-2000,4.3,-5.1,-1,0,9.3,22.3,33246.27
China,14-11-2000,5.7,-2,1.4,1.2,13.8,31,27689.37
China,15-11-2000,5.6,-3.3,1.3,2.8,12.9,33.8,31178.41
China,16-11-2000,2,-4.7,-2.1,0,9.8,24.5,33632.51
China,17-11-2000,3.7,-4.9,-1.8,0,11.6,28.4,31513
China,18-11-2000,-0.1,-5.7,-2.7,1.4,20.6,45.7,23529.78
China,19-11-2000,-1.5,-7.3,-5,0.1,9.5,26.3,29162.84
China,20-11-2000,6,-8,-2.5,0,9,20.2,33226.03
China,21-11-2000,4.7,-6.8,-2.4,0,10.7,18.7,33128.54
China,22-11-2000,4.5,-6.6,-2.1,0,12.5,18.4,32941.77
China,23-11-2000,8,-5.4,0.8,0,9.4,17.3,32755.87
China,24-11-2000,9.5,-2.4,2.1,0,8.2,19.1,32682.31
China,25-11-2000,0.2,-5.9,-3,0,13,31.3,31569.44
China,26-11-2000,1.9,-5.9,-2.3,0,7.6,16.6,26680.91
China,27-11-2000,4.6,-4.2,-0.5,0,7.2,16.6,30463.08
China,28-11-2000,2.3,-2.8,-1,0,11.6,28.1,8301.04
China,29-11-2000,2.2,-4.9,-1.7,0,8.9,16.6,18483.32
China,30-11-2000,6.3,-5.9,-1.1,0,8.8,16.9,32060.93
China,01-12-2000,-3.3,-5.8,-4.2,1.6,14.3,34.9,0
China,02-12-2000,-0.5,-7.5,-4.6,0,9.4,18.4,28334.75
China,03-12-2000,4.8,-8.2,-2.8,0,8.7,23.8,31881.56
China,04-12-2000,2.9,-5.7,-2,0,8.9,16.9,30632.39
China,05-12-2000,5.3,-7,-1.4,0,9.4,19.1,30674.84
China,06-12-2000,4.9,-2.6,0.3,0,8.6,15.8,29924.97
China,07-12-2000,5,-4.9,-0.5,0,10,17.3,31569.9
China,08-12-2000,6.3,-6.2,-1.3,0,11.5,21.2,31621.18
China,09-12-2000,-2.5,-8,-5.6,0,10.9,23,25955.62
China,10-12-2000,-0.8,-9.2,-5.3,0,6.1,19.4,27794.69
China,11-12-2000,-0.5,-6.4,-3.9,0,8.7,23,28800
China,12-12-2000,1.2,-6.8,-3.4,0,10.5,32.8,30298.09
China,13-12-2000,-0.8,-8.1,-5.1,0,13.5,31,31196.33
China,14-12-2000,2.5,-8.9,-3.7,0,9.4,18.4,31364.95
China,15-12-2000,1.7,-6.9,-2.8,0,8,15.8,31252.16
China,16-12-2000,4.2,-7.8,-3,0,9.7,22,31452.89
China,17-12-2000,6.5,-6.3,-0.9,0,9.9,18.7,31333.26
China,18-12-2000,3.5,-3.7,-0.6,0,13.3,32.4,28800
China,19-12-2000,-1.7,-5.8,-4.1,0,15.9,36.4,23723.7
China,20-12-2000,2.9,-6.5,-2.4,0,6.6,20.2,31218.65
China,21-12-2000,5.4,-6.8,-1.8,0,11.5,29.2,31271.02
China,22-12-2000,5.9,-6.3,-0.6,0,10.6,29.5,31288.17
China,23-12-2000,4.9,-4.3,-0.2,0,9.4,22.3,31207.23
China,24-12-2000,6.7,-4.3,1.4,0,8.7,18.4,31230.08
China,25-12-2000,5,-3.8,0.8,0,10.3,16.6,31158.3
China,26-12-2000,4.3,-3.9,0.1,0,9.5,23.8,30056.07
China,27-12-2000,4.7,-4.5,-0.3,0,11.8,16.9,30650.31
China,28-12-2000,5,-4.9,-0.7,0,9.7,17.6,29570.57
China,29-12-2000,3.8,-4.2,-0.5,0,7.6,19.1,31199.22
China,30-12-2000,4.7,-2.1,0.4,0,10.2,15.8,31239.74
China,31-12-2000,1.2,-6,-2.6,0,16.6,36.4,31373.71
China,01-01-2001,1.4,-6.5,-3.3,0,7.8,20.9,26677.61
China,02-01-2001,0.1,-6.4,-3.6,0,9.5,24.1,28973.61
China,03-01-2001,4.1,-8.2,-2.4,0,9.4,18.4,31423.11
China,04-01-2001,2.9,-5.4,-2.2,0,9.3,15.1,30938.29
China,05-01-2001,-1.1,-7.1,-4.3,1.8,8.9,22.7,0
China,06-01-2001,2.9,-9,-3.8,0,11.9,19.4,31313.42
China,07-01-2001,-1.8,-8.4,-5.4,0,16.6,38.2,29301.76
China,08-01-2001,-6.4,-11,-9.1,0.6,10.9,28.1,27100.3
China,09-01-2001,1.8,-13.3,-6,0,7.9,17.6,32019.86
China,10-01-2001,0.5,-8.1,-4.5,0,10.3,16.9,32080.63
China,11-01-2001,5.2,-8.6,-3.6,0,14,30.6,32142.79
China,12-01-2001,1.5,-9.8,-5.3,0,15.9,41.4,32206.19
China,13-01-2001,-5.5,-13.2,-9.3,0,11.7,25.2,31718.15
China,14-01-2001,1.7,-12,-5.3,0,8.7,18.7,32430.53
China,15-01-2001,3.3,-5.7,-1.9,0,13.2,20.2,32500.31
China,16-01-2001,2.7,-6.4,-3.2,0,11.5,22.3,32703.79
China,17-01-2001,7.3,-7.9,-1.7,0,12.6,22.7,32790.63
China,18-01-2001,-0.6,-7.5,-4.6,0,10.7,25.9,32880.45
China,19-01-2001,3.6,-7.6,-3.3,0,10.9,20.5,31506.46
China,20-01-2001,6.3,-6.2,-0.7,0.3,10.6,22,32267.94
China,21-01-2001,5.8,-2.5,1.2,0,10.7,18.4,25113.62
China,22-01-2001,4.6,-4.8,-0.4,1.8,10.2,27,28800
China,23-01-2001,-1.5,-5.8,-3.9,1.1,10.9,33.1,6780.45
China,24-01-2001,-1.1,-8.2,-4.7,1.3,12.5,28.8,25434.24
China,25-01-2001,-2.3,-6.9,-5,0.7,11.5,29.2,32129.77
China,26-01-2001,-1.7,-11.1,-6.8,0,14.4,29.2,33686.5
China,27-01-2001,-5.6,-11.1,-8.8,0,11.4,25.9,33770.45
China,28-01-2001,-2.8,-13,-8.4,0,10.5,21.2,32931.81
China,29-01-2001,-2.5,-10.8,-7.8,0,12.2,26.3,34017.88
China,30-01-2001,-0.2,-11,-7.2,0,17.1,39.2,34063.86
China,31-01-2001,-3.2,-11.6,-7.4,0,9,21.6,30122.9
China,01-02-2001,0.6,-7.7,-4.2,0,11.8,28.1,32629.96
China,02-02-2001,1.3,-7.7,-4.2,0,12.8,28.4,34001.38
China,03-02-2001,0.7,-7.2,-3.5,0,8,20.5,20162.46
China,04-02-2001,3.3,-8.2,-3.1,0.4,8.3,23,27115.86
China,05-02-2001,3.8,-3.7,-0.7,0.7,11.6,24.5,31089.74
China,06-02-2001,-0.1,-6.1,-3,2.5,11.9,28.8,25391.96
China,07-02-2001,0.1,-9.5,-5.2,0,9.4,19.4,34488.69
China,08-02-2001,1.2,-8.3,-4,0,13.7,30.6,34828.18
China,09-02-2001,3.1,-7.1,-2.9,0,11.5,22,34904.89
China,10-02-2001,5,-7.7,-1.8,0,11.5,25.9,34676.02
China,11-02-2001,-0.2,-6.7,-2.3,5.2,13.7,30.6,1945.38
China,12-02-2001,-5.4,-9.2,-7.2,2.1,12.9,31,2420.55
China,13-02-2001,-2.7,-13.1,-9.1,0,12.4,24.8,35302.18
China,14-02-2001,-1.2,-12.5,-6.3,0,12,24.1,35800.08
China,15-02-2001,-0.5,-9.9,-6.3,0,11.2,21.6,35895.46
China,16-02-2001,1.3,-12.7,-5.8,0,11.3,26.6,33820.12
China,17-02-2001,6.8,-7.7,-1.9,0,11.1,23.4,36372.84
China,18-02-2001,4.3,-5,-0.5,0,10.1,26.6,33451.29
China,19-02-2001,6.6,-5,0.5,0,9.7,23.4,36671.89
China,20-02-2001,7.5,-4.3,1.1,0,10.7,20.9,35371.19
China,21-02-2001,10.8,-5.5,2,0,12.4,22,36940.59
China,22-02-2001,3.2,-2.6,-0.2,0,13.1,32,30906.58
China,23-02-2001,0.1,-6.1,-3,0,17.4,40,34594.76
China,24-02-2001,2.5,-8.1,-3.3,0,19.2,46.1,36345.6
China,25-02-2001,4.8,-5.6,-1.6,0,11.5,27,28247.58
China,26-02-2001,4.1,-3.7,-0.4,0,16.3,33.5,31648.43
China,27-02-2001,5.1,-4.4,0.2,0,13.8,31.3,35442.83
China,28-02-2001,7.9,-3.3,2.2,0,12.9,33.5,37896.2
China,01-03-2001,8.7,-4.4,1.5,0,21.9,49.3,37969.88
China,02-03-2001,3.7,-6,0,0,22.2,47.2,36688.23
China,03-03-2001,8,-7.7,-0.5,0,20.2,46.8,38084.5
China,04-03-2001,8,-6.2,0.4,0,26.9,60.8,33412.48
China,05-03-2001,9.5,-5.5,1.2,0,27.7,63.4,38197.59
China,06-03-2001,-0.1,-9.9,-5.7,0,16.2,31,38253.57
China,07-03-2001,2.2,-9.6,-4.7,0,14.8,30.2,38344.14
China,08-03-2001,8,-8.4,-0.8,0,11.1,18,38453.96
China,09-03-2001,10.1,-2.4,4.3,0,12.8,29.5,38193.45
China,10-03-2001,9.6,2.3,5.3,0,14.1,33.1,38488.97
China,11-03-2001,11.7,-0.5,5.8,0,11.3,30.6,38837.78
China,12-03-2001,15.4,-3.1,5.1,0,9.5,25.2,38981.48
China,13-03-2001,14.9,-0.6,6.5,0,23,52.6,39132.02
China,14-03-2001,6.8,-4.9,0.4,0,12.1,29.5,39198.13
China,15-03-2001,11.5,-3.2,3.3,0,20.1,43.9,38741.08
China,16-03-2001,6.4,-4.2,1.6,0,11.4,31.3,37181.05
China,17-03-2001,9.5,-1.7,3.4,0,12.7,27.4,39897.18
China,18-03-2001,10.4,1.1,5.1,0,10.3,20.9,35297.52
China,19-03-2001,10.9,0.5,5.5,0.4,13.3,32.8,36028.91
China,20-03-2001,16,-1,8.1,0,15.8,40,40671.88
China,21-03-2001,13.3,4.2,8.4,0,16.5,40,39051.34
China,22-03-2001,15,4.8,8.4,0,12.3,33.5,35414.53
China,23-03-2001,13.5,2,8.3,0,10.5,27.4,28087.43
China,24-03-2001,12.4,0.5,6.8,0.3,13.8,32.4,34928.45
China,25-03-2001,14.4,3.6,8.5,0,11.4,28.4,41362.66
China,26-03-2001,13.5,2.3,7.5,0.4,19.1,45,39957.08
China,27-03-2001,9.3,-0.6,3.9,0.5,19.1,45,40546.89
China,28-03-2001,11.5,-0.8,4.4,0.1,21.3,52.2,41773.13
China,29-03-2001,17.4,-1.8,7.8,0,12.9,29.5,41908.77
China,30-03-2001,18,5.3,11.6,0,11.2,28.8,42043.66
China,31-03-2001,20.5,6.8,13.3,0,13.6,39.6,42177.73
China,01-04-2001,20.8,2.7,11.9,0,15.6,34.6,42310.89
China,02-04-2001,20.3,8.3,14,0,14,34.9,33974.36
China,03-04-2001,17.1,4.3,10.5,13.9,14.3,36,31677.32
China,04-04-2001,17.7,4.3,11.4,0,18.5,33.1,42559.09
China,05-04-2001,10.7,1.7,6.5,1.5,18.5,49.7,28800
China,06-04-2001,19.7,-0.7,8.4,0,29,65.5,42723.02
China,07-04-2001,15,4.7,9.1,0,12.1,27.7,39489.06
China,08-04-2001,20.6,-3.3,7.7,0.3,35.8,77,42886.91
China,09-04-2001,-0.6,-6.5,-3.6,2.7,19.3,41.4,19924.96
China,10-04-2001,1.3,-6.6,-2.6,0,8.8,24.5,38057.89
China,11-04-2001,10.2,-5.6,2.5,0,11.2,32.4,43131.09
China,12-04-2001,16.8,-3.1,6.7,0,15.7,36,43200
China,13-04-2001,12.9,2.1,7.5,0,18.2,36.4,43200
China,14-04-2001,15.4,-0.7,7.4,0,10.7,25.2,43200
China,15-04-2001,19.8,0.8,11.1,0,14.6,34.6,39600
China,16-04-2001,21.7,10.1,15.5,0,15.7,39.2,38128.33
China,17-04-2001,24,5.5,15.2,0,14.5,36,43200
China,18-04-2001,23.7,8.2,16.1,0.1,16.5,36.7,42095.02
China,19-04-2001,19,10.9,14.3,0.3,20.4,45.7,31115.76
China,20-04-2001,12.7,0.7,4.3,15.9,14.8,32.8,0
China,21-04-2001,10.2,-2,3.3,0.2,19.3,45.7,43200
China,22-04-2001,13.5,2,6.9,0.9,15.9,40.7,26694.13
China,23-04-2001,11.7,3.8,7.5,0,13.4,32.4,38858.55
China,24-04-2001,16.1,1.7,8,3,13.8,29.5,35716.9
China,25-04-2001,12.7,3.2,7.9,0,10.4,23,24896.23
China,26-04-2001,19.3,5.9,11.3,0.8,17,39.6,34319.8
China,27-04-2001,11.6,6.4,8.2,7.9,21,46.1,13250.53
China,28-04-2001,11.8,4.1,7.9,4.4,10,26.3,22170.77
China,29-04-2001,7.2,2.5,5,0.1,24,53.3,26365.06
China,30-04-2001,18,-0.5,9,0,12.8,33.1,43475.33
China,01-05-2001,23.3,0.3,13.2,0,14.6,38.9,44087.62
China,02-05-2001,18.5,6.9,12.7,0,13,34.6,42581.61
China,03-05-2001,17.4,4.8,12,0,13.7,33.5,39996.89
China,04-05-2001,20.1,8.6,14,0,10.4,28.8,27139.45
China,05-05-2001,25.9,5,16,0,10,28.1,43417.76
China,06-05-2001,17.5,6.8,12,0.4,23.4,51.1,35391.27
China,07-05-2001,16.7,4.1,10.7,0.2,11.5,28.1,28413.04
China,08-05-2001,18.5,6.5,13.4,0,9,25.9,43277.97
China,09-05-2001,20.6,7.6,14.3,0,9.7,26.6,44939.89
China,10-05-2001,23.3,5.4,14.9,0,11.7,29.2,44825.09
China,11-05-2001,23.3,8.9,15.7,0.8,14.8,34.6,42970.09
China,12-05-2001,25.6,7.5,17.1,0,15.2,38.5,45735.66
China,13-05-2001,24.4,9.1,17.5,0,21.1,45,44543.48
China,14-05-2001,17.9,9.9,14,0,14.6,35.6,31796.76
China,15-05-2001,18.7,9.2,14.2,0,13.7,35.3,34991.58
China,16-05-2001,17.7,8.8,12.9,0,8.6,25.9,27481.95
China,17-05-2001,20.8,7.7,14.7,0,15.4,38.2,35094.22
China,18-05-2001,23.7,9.3,16.6,0,9.9,24.1,43360.96
China,19-05-2001,24.5,11.5,18.4,0,10.5,27.7,35732.16
China,20-05-2001,25.3,10,17.9,0,14.4,32.8,47754.28
China,21-05-2001,29.3,10.2,20.5,0,11.7,32.8,47914.57
China,22-05-2001,25.5,13.8,19.3,0,28.3,62.6,36845.78
China,23-05-2001,15.7,8.6,12.1,1.3,18.7,43.6,22559.7
China,24-05-2001,22.3,7.3,14.7,0,16.4,44.6,47043.39
China,25-05-2001,16.6,9.3,12.5,2.6,12.4,30.6,14244.61
China,26-05-2001,19.9,7.8,14.5,0,11.8,28.8,30859.13
China,27-05-2001,22.6,10.5,17,0.6,11.2,28.8,43984.02
China,28-05-2001,19.3,12.8,15.9,0.3,10,24.8,7948.07
China,29-05-2001,23.3,9,16,0.8,17.6,38.5,38894.14
China,30-05-2001,20.4,10.6,15.3,0.4,9.9,25.2,31429.48
China,31-05-2001,21.4,10.2,16.1,0.2,12.2,30.6,45448.39
China,01-06-2001,24.5,9.2,17.1,0,16.3,37.4,44992.91
China,02-06-2001,25,9.6,17.5,0.2,18.4,42.5,45512.02
China,03-06-2001,26.6,9.1,18.6,0.9,12.9,37.4,45748.65
China,04-06-2001,27.9,11.7,20.8,0,15.6,41.4,48791.07
China,05-06-2001,28.2,12,20.8,0,16.3,39.6,38561.73
China,06-06-2001,25,14.5,19.2,1.2,14.2,36,43548.71
China,07-06-2001,26.5,10.4,19,0,17,42.8,35821.51
China,08-06-2001,21.1,13.6,17.3,0.1,18.2,38.9,44796.83
China,09-06-2001,27.7,13.1,20.5,0,17.4,41.4,47994.13
China,10-06-2001,25.5,15.6,20.1,2.8,15,36.7,32904.61
China,11-06-2001,21.6,14.1,17.5,5.9,10.5,29.5,34017.57
China,12-06-2001,25.9,11,18.8,0,21.8,42.5,49075.29
China,13-06-2001,30.2,12.3,21.9,0,13.6,31.3,48388.14
China,14-06-2001,26.9,15.5,21.2,0,18.5,34.9,48724.53
China,15-06-2001,23.1,15.8,19,1.9,12.9,32.4,13631.58
China,16-06-2001,25.3,12.1,18.8,2.5,10.1,30.2,43935.98
China,17-06-2001,21.5,14,17.3,2.2,14.5,36.4,33831.41
China,18-06-2001,27.6,12,20.3,0,12.6,33.1,49178.33
China,19-06-2001,22.4,16.7,19.5,0.6,11.2,25.6,41.9
China,20-06-2001,23.2,14.1,18.3,0,13.4,28.1,36984.01
China,21-06-2001,28,10.2,20.4,0,10.7,27,49192.02
China,22-06-2001,29.5,14.4,22.8,0,8.7,23.4,49190.89
China,23-06-2001,30.2,14.9,22.8,0.4,14.7,36.7,49187.12
China,24-06-2001,30.4,13.8,23.1,0,13.7,39.6,49180.41
China,25-06-2001,30,14.9,23.4,0,20.5,48.2,46749.7
China,26-06-2001,27.4,16.6,22.2,0,18.1,40.3,47998.97
China,27-06-2001,25.5,18.2,22,0,17.1,41.4,20080.29
China,28-06-2001,20,11.8,15.8,29.1,15.1,40.3,14143.12
China,29-06-2001,27.1,10.5,19.4,0.6,12,32.8,49103.98
China,30-06-2001,28.4,15.2,21.8,0,14.8,33.5,49080.38
China,01-07-2001,26.3,14.4,19.7,2.5,15.2,38.9,47985.98
China,02-07-2001,24.2,13.5,18.5,0.2,14,37.1,49025.23
China,03-07-2001,28.3,13.6,21.3,0,11.5,29.9,48993.75
China,04-07-2001,31.2,14.2,23.4,0.1,19.8,42.8,48959.74
China,05-07-2001,29.7,17.3,22.9,0.6,24.8,58,48242.05
China,06-07-2001,30.1,16.4,23.4,0,20.5,49,43397.18
China,07-07-2001,28.6,18,23.5,0.2,11.2,28.4,28595.2
China,08-07-2001,32,17.8,25.4,0.4,20,42.5,45186.28
China,09-07-2001,20.4,14.5,16.8,1.8,19,42.8,5435.56
China,10-07-2001,19.1,14.5,16.8,5.3,9,25.2,112.02
China,11-07-2001,28.7,11.3,20.9,0,11.7,29.9,48654.23
China,12-07-2001,30.8,15.4,23.3,0,9.6,24.8,48601.53
China,13-07-2001,32.4,16.9,25.4,0,15.6,41.8,48546.45
China,14-07-2001,33,18.8,26,0,21.1,53.6,48488.61
China,15-07-2001,32.3,18.3,24.6,0.1,20.6,52.6,48428.1
China,16-07-2001,31.2,17.5,23.8,0.5,19.5,46.4,48227.72
China,17-07-2001,26.2,18.2,22.3,0.8,17.6,42.1,20911.39
China,18-07-2001,21.1,15.7,18.7,7.5,17,40.7,3009.92
China,19-07-2001,20.6,14.7,17.1,6.3,11.6,27.4,9680.97
China,20-07-2001,25.4,16.1,20,3.9,14.1,43.9,37345.79
China,21-07-2001,29,16.3,22.3,5.3,10.5,29.5,45352.59
China,22-07-2001,30.6,16.7,23.5,0,13.1,24.5,47696.9
China,23-07-2001,29.4,16.6,22.3,5.1,16.1,42.5,44074.91
China,24-07-2001,24.4,15.1,19.7,2.3,13,25.9,34519.23
China,25-07-2001,23.4,16.2,18.9,12.5,12,33.8,21584.11
China,26-07-2001,21.3,16.4,18.4,7.8,18.6,35.3,14252.07
China,27-07-2001,22.7,14.2,18.4,0.1,9.8,24.8,45982.68
China,28-07-2001,24.3,14,18.9,1.1,9.4,25.9,32468.5
China,29-07-2001,26.5,12.4,20,0,12.1,30.2,46630.54
China,30-07-2001,27.7,13.4,21.2,0,13,32,46684
China,31-07-2001,29.1,14.4,22.3,0,16.3,37.8,45354.27
China,01-08-2001,30.1,15.6,23.1,0,14.5,41.4,46462.35
China,02-08-2001,29.9,16.2,23,0,15.4,39.6,45415.57
China,03-08-2001,30,17.1,22.9,0.5,18.6,47.2,45844.2
China,04-08-2001,30.8,17.1,23.2,0,19.6,45.7,45065.43
China,05-08-2001,28.9,16.6,22.2,2.5,18,44.3,41230.32
China,06-08-2001,29,18.2,23.2,0.5,12,26.6,38795.25
China,07-08-2001,23.9,17.6,21.1,1.5,19.8,40.3,4805.94
China,08-08-2001,27.5,14.5,21.6,0,11.5,29.9,44671.77
China,09-08-2001,29.6,14.8,22.6,0,18.9,42.1,45296.59
China,10-08-2001,28.2,16.9,22.5,0,15.4,41,44132.77
China,11-08-2001,29.7,15.8,22.2,0.1,20.8,42.1,45171.28
China,12-08-2001,25,14.7,19.4,1.8,14.7,37.8,24736.8
China,13-08-2001,28.6,13.8,21.8,0.1,10.4,28.8,45080.03
China,14-08-2001,31.4,15.7,23.7,0,10.2,25.6,44668.42
China,15-08-2001,31.6,17,23,2,19.5,41.8,41918.28
China,16-08-2001,19.4,14.3,16.9,13.3,13.2,34.9,8518.29
China,17-08-2001,21.5,14.4,18.1,2.8,13.1,32.8,18920.61
China,18-08-2001,17.1,12,14.7,35,17.2,42.5,0
China,19-08-2001,21.5,8.1,15.3,0,9.4,25.9,44148.54
China,20-08-2001,24.6,9.6,17.4,0,9.2,23.8,44028.8
China,21-08-2001,26.7,12.1,19.8,0,11,27.7,43723.88
China,22-08-2001,24,15.2,19.9,0.3,13.5,34.2,43200
China,23-08-2001,20.4,14.9,18,3.5,8.3,23.4,7951.03
China,24-08-2001,23.3,12.8,18,0,8.9,23.4,43200
China,25-08-2001,24.9,12.6,19,0.2,13,33.1,35100.51
China,26-08-2001,20.9,15.1,17.4,7.7,10,27.4,29549.35
China,27-08-2001,22.5,14,17.7,0.3,11.9,28.1,43200
China,28-08-2001,23.5,14.2,17.8,2.3,10.2,33.5,30425.29
China,29-08-2001,23,12.9,17.5,0.3,13.4,32.8,36670.74
China,30-08-2001,17.7,13.6,15.6,1.8,14.6,34.6,35668.26
China,31-08-2001,21.6,13,16.8,0.1,11.2,25.9,32400
China,01-09-2001,22.1,13.4,16.9,0,18.1,44.6,41176.35
China,02-09-2001,14.2,12.7,13.5,35.6,13.5,34.9,0
China,03-09-2001,21.8,9.4,16.2,0.8,9.1,28.1,43121.77
China,04-09-2001,24.4,12.2,17.7,0,14.8,37.8,43077.48
China,05-09-2001,24.2,14.1,18.9,0,17.1,40.7,43033.14
China,06-09-2001,20.6,13.1,16.7,15.8,14.5,38.9,25424.98
China,07-09-2001,19.1,10.4,14.3,3.2,13.2,32.4,35625.44
China,08-09-2001,22.8,9.5,16.3,0,13.5,31.7,42682.74
China,09-09-2001,19.6,11.6,15.5,0,16.5,38.9,31044.43
China,10-09-2001,22.1,8.8,15,0,19.6,44.6,42424.53
China,11-09-2001,21.1,11.5,15.3,0,15.6,40.3,36986.08
China,12-09-2001,22.6,11.6,17,0,11.1,25.6,42163.47
China,13-09-2001,21.9,12.6,15.7,0,24.3,51.5,39313.18
China,14-09-2001,19.6,11.8,15.5,4.1,14.6,34.6,17238.09
China,15-09-2001,23.2,12.8,17.2,1.4,17.7,42.1,31965.27
China,16-09-2001,11.9,8.8,9.9,11.7,11.8,32.4,0
China,17-09-2001,12.9,9.4,10.8,2.2,8.8,22.7,0
China,18-09-2001,10.7,9.1,9.9,11.9,9,20.2,0
China,19-09-2001,12.6,7.3,9.7,5.8,8.4,19.4,0
China,20-09-2001,15.6,8.1,10.9,0,15.2,35.6,26651.01
China,21-09-2001,18.3,8.7,12,0,15.8,37.4,39123.05
China,22-09-2001,16.2,10.2,12.6,0.8,15.3,32,4651.77
China,23-09-2001,13,10.6,11.6,4.8,9.8,22,0
China,24-09-2001,15.5,9.8,12,0.9,15.5,36.4,5193.21
China,25-09-2001,16.7,8.2,12.1,0.7,10.8,29.9,24661.03
China,26-09-2001,18.1,8.5,13.1,0,10.5,25.6,30672.39
China,27-09-2001,16.8,8.9,12.5,0.3,23.2,56.9,33201.16
China,28-09-2001,13.9,11.4,12.3,7.5,10.2,27.7,2019.16
China,29-09-2001,16.4,9.1,12.5,1,9.9,27,35107.05
China,30-09-2001,19.5,7.7,13.4,0,10.7,23.8,38715.75
China,01-10-2001,18.6,8.1,12.5,4.3,11.8,28.8,28815.37
China,02-10-2001,14.4,4.3,8.9,5.4,22.4,50.4,34129.95
China,03-10-2001,17.2,-0.2,8.2,0,10.5,21.2,38834.53
China,04-10-2001,18.4,5.1,11,0,12.3,29.2,28969.55
China,05-10-2001,17.1,8.5,12.2,0,10.6,24.8,16583.31
China,06-10-2001,16.6,8.8,12.6,0.4,9.8,23.4,33248.61
China,07-10-2001,18.8,7.9,12.3,2.5,9,31.7,33061.9
China,08-10-2001,13.7,5.6,8.6,0.5,10.2,28.8,36568.59
China,09-10-2001,18.7,5.3,11.3,0,11.3,20.2,37917.18
China,10-10-2001,15.2,6.3,10.8,0.1,8.7,23,19844.3
China,11-10-2001,15.9,9,11.7,2.8,18.9,47.5,10633.22
China,12-10-2001,14.4,9.6,11.5,0.5,13.7,35.6,0
China,13-10-2001,11.3,7.8,9.8,7.8,18.2,40,10734.21
China,14-10-2001,12.5,4.5,7.7,0.4,11.8,38.5,35866.17
China,15-10-2001,13.2,2.9,7.9,0.8,16.5,35.6,16967.08
China,16-10-2001,14,3.4,8.2,0.7,10,20.9,36551.01
China,17-10-2001,15.5,2.9,8.8,0,10.8,25.9,36651.8
China,18-10-2001,13.8,5.7,9.2,0,8.7,20.2,26800
China,19-10-2001,17.8,5.5,11.1,0,12,28.8,35847.89
China,20-10-2001,17.4,5.9,11.3,5,8.7,21.2,33866.03
China,21-10-2001,18.2,5.3,10.8,0.2,10.4,24.8,35696.61
China,22-10-2001,17.4,4.7,10.4,0,10,24.5,28644.6
China,23-10-2001,17.9,6.4,11.5,0,11.6,26.3,35622.38
China,24-10-2001,14.3,8.5,10.9,3.7,10.1,26.6,31288.08
China,25-10-2001,17.7,7,11.7,0,8.8,23,35399.36
China,26-10-2001,15.4,4.8,9.8,1.3,15.2,31,35340.32
China,27-10-2001,14.7,5.2,9,1.9,9.1,24.5,35254.55
China,28-10-2001,16.1,5.7,9.8,0,10.2,25.9,35277.07
China,29-10-2001,15.8,2.6,8.6,0,9.7,20.9,35113.25
China,30-10-2001,6.8,2,4.7,2.7,15.3,34.6,14450.16
China,31-10-2001,11.9,0.5,5.2,0,10.2,23,34976.22
China,01-11-2001,13.5,2.5,6.9,0,10.2,24.8,34290.14
China,02-11-2001,15.5,5.6,9,0,12.2,29.2,34844.22
China,03-11-2001,5.9,0.6,4.2,3.4,12.6,31.7,0
China,04-11-2001,5.9,-1.1,2.5,0.1,13.9,31.7,17747.68
China,05-11-2001,10.8,-1.9,4.1,0,16.1,41.4,33115.88
China,06-11-2001,9.3,-0.2,4.2,0,11,33.8,34598.54
China,07-11-2001,9.4,2.2,5,0,10.5,25.9,32572.27
China,08-11-2001,9.3,1.5,4.8,0,11,25.6,29800.46
China,09-11-2001,10.6,-1.6,4.3,0,8.7,20.9,29720.58
China,10-11-2001,9.9,1.8,5.2,0,8.1,22,29122.93
China,11-11-2001,12.3,0.2,5.2,0,11.2,24.5,34211.95
China,12-11-2001,6.7,1.5,4.3,0,12.8,31.7,28123.64
China,13-11-2001,8,-0.2,3,0,9.4,19.1,33987.04
China,14-11-2001,10.7,-0.5,4.7,0,12.2,31.3,33876.22
China,15-11-2001,9.9,2.8,5.5,0,9.7,18.4,33618.28
China,16-11-2001,8.4,-0.3,3.9,0,10.2,17.6,33658.51
China,17-11-2001,8.9,0,4.1,0,9.8,20.5,33459.72
China,18-11-2001,9.2,-1.7,3.5,0,9.5,19.4,32789.02
China,19-11-2001,8.8,1,4.2,0.1,9.1,21.6,33184.27
China,20-11-2001,11,1,5.1,0,9,16.6,33221.75
China,21-11-2001,11,-0.5,4.3,0,9.4,14.8,33029.8
China,22-11-2001,9,1.6,4.1,0,10.2,17.6,32729.7
China,23-11-2001,8.1,-0.2,3.3,0,9.8,19.8,31111.28
China,24-11-2001,6.6,-4.6,0.5,0,13.5,29.2,32585.46
China,25-11-2001,1.8,-4.9,-2.6,0.2,10.2,23,30579.35
China,26-11-2001,3.5,-3.6,-1.2,0,9.8,18.4,32232.61
China,27-11-2001,6.9,-4.8,-0.3,0,10.2,19.4,31850.83
China,28-11-2001,4.5,-3.1,-0.1,0.6,9.1,18.7,26784.15
China,29-11-2001,4.3,-5.1,-0.6,0,7.9,17.3,30620.09
China,30-11-2001,6,-3.8,0.6,0,12.7,25.9,29249.85
China,01-12-2001,2.7,-6.2,-2.9,0,12.5,33.8,30452.81
China,02-12-2001,-2.9,-6.5,-4.4,0.1,10.5,23.8,15424.25
China,03-12-2001,2.1,-6.9,-3.6,0,13.8,33.8,18154.93
China,04-12-2001,-6.3,-9.4,-8,0.3,13,33.8,12105.33
China,05-12-2001,-5.3,-9.5,-7.9,0,8.3,21.2,17357.48
China,06-12-2001,-2.4,-9,-6.8,0.5,10,25.9,30464.92
China,07-12-2001,-3.1,-9.8,-6.9,0,8.6,23,31124.2
China,08-12-2001,-3,-7.5,-5.2,0.9,7.1,20.2,4578.81
China,09-12-2001,0.9,-7.3,-4.3,0,11.4,24.5,30745.54
China,10-12-2001,4.3,-6.8,-3.1,0,12.2,31.3,30723.38
China,11-12-2001,-5.3,-14.8,-8.9,0,18.4,40.3,17142.2
China,12-12-2001,-10.6,-15.9,-13.4,0.3,9,22.3,20315.1
China,13-12-2001,-6.2,-12.9,-10.2,0,9.7,15.8,31141.62
China,14-12-2001,-3.3,-12.1,-8.1,0,8.7,14.8,29782.98
China,15-12-2001,-4.2,-10.5,-7.8,0,8.2,16.9,19837.79
China,16-12-2001,-0.8,-8.7,-5.2,0,8.7,13,25200
China,17-12-2001,1.4,-7.6,-4.3,0,11.4,17.6,30352.93
China,18-12-2001,2.3,-8.2,-4.5,0,11.3,18.4,30998.17
China,19-12-2001,-5,-13.1,-7.9,0,15.8,33.5,29300.54
China,20-12-2001,-6.4,-14.7,-11.2,0,12.2,26.3,30899.13
China,21-12-2001,2,-11.3,-5.4,0,11.9,29.9,31158.29
China,22-12-2001,5.1,-6.9,-2.5,0,14.4,34.6,31280.45
China,23-12-2001,5.5,-6.3,-1.3,0,10.8,20.5,31300.95
China,24-12-2001,1.1,-7.2,-3.2,0,12.3,23.4,30463.98
China,25-12-2001,1.6,-9.7,-4.7,0,10,23.4,29851.97
China,26-12-2001,1.3,-8.6,-4.1,0,10,18.4,31183.95
China,27-12-2001,0,-7.6,-4.4,0,12,25.9,31056.81
China,28-12-2001,3.9,-8.8,-3,0,8.6,25.2,31063.33
China,29-12-2001,4.3,-3.6,-0.6,0,8.2,18,31288.61
China,30-12-2001,1.8,-5.6,-1.9,0,7.6,17.6,28165.15
China,31-12-2001,3.1,-4.8,-1.5,0,10.2,16.9,31277.54
China,01-01-2002,3.9,-7,-1.8,0,12.3,31.3,31321.29
China,02-01-2002,7.3,-6,-0.5,0,12.1,20.5,31456.63
China,03-01-2002,4.6,-3.8,-0.1,0,8.5,17.3,31413.98
China,04-01-2002,6.4,-2.4,1.2,0,8,19.1,31551.75
China,05-01-2002,6.7,-2.7,1.5,0,9,25.9,29306.01
China,06-01-2002,7.5,-3.1,1.2,0,9.8,22.3,31209.82
China,07-01-2002,6.1,-2.5,1.7,0,8.9,23,31706.52
China,08-01-2002,7,-1.4,1.7,0,8.2,17.3,31850.1
China,09-01-2002,7.9,-3.4,1.1,0,11.7,29.9,31097.37
China,10-01-2002,10.8,-3.7,2.1,0,14,33.8,32056.92
China,11-01-2002,11.2,-3.5,1.9,0,14,24.8,32119.51
China,12-01-2002,7.7,-2.9,1.3,0,10.7,18.4,31271.61
China,13-01-2002,10.9,-5.4,0.9,0,12.9,24.1,32343.28
China,14-01-2002,1.9,-6,-2.2,0,18.6,40.7,31394.28
China,15-01-2002,-2.6,-8.1,-5.7,1,8.8,23.8,15634.81
China,16-01-2002,1.2,-8,-3.9,0,11.5,29.2,27630.39
China,17-01-2002,-0.5,-5.3,-3.6,0.7,9.1,20.5,20070.99
China,18-01-2002,0.2,-6.4,-3.7,0.1,9.7,22,31288.26
China,19-01-2002,-4.9,-7.6,-5.9,1.9,14.3,31,646.37
China,20-01-2002,-1.9,-10.8,-7.3,0,9.8,24.8,32861.3
China,21-01-2002,0.1,-10.6,-6,0,7.7,19.1,33148.85
China,22-01-2002,0.4,-10.2,-5.9,0,10.5,15.8,33247.33
China,23-01-2002,0,-10.3,-5.9,0,10.2,17.3,33347.61
China,24-01-2002,0.6,-8.8,-4.6,0,8.2,17.6,32954.18
China,25-01-2002,2.2,-8.5,-3.9,0,10.4,19.1,33553.02
China,26-01-2002,0.7,-7.7,-3.8,1.1,10.4,27,26038.99
China,27-01-2002,-3,-10.6,-6.5,0.8,9.3,21.2,32957.06
China,28-01-2002,-3.2,-10.4,-7.1,0,9.6,19.4,32337.88
China,29-01-2002,-4.5,-10.3,-7.6,0.3,9.4,16.6,17289.42
China,30-01-2002,-3.7,-11.9,-8.3,0,10.5,20.2,34047.48
China,31-01-2002,-1.9,-9.5,-6.4,0,8.6,23.4,31782.78
China,01-02-2002,0.9,-10.7,-6.2,0,9.4,22,34152.15
China,02-02-2002,0.4,-11.3,-6.5,0,13.3,19.8,34229.47
China,03-02-2002,0.4,-9.7,-5.1,0,9.9,17.3,26832.01
China,04-02-2002,2.8,-9.5,-3.8,0,10.8,13.3,34305.58
China,05-02-2002,2.9,-9.2,-2.8,0,10.3,16.2,34362.22
China,06-02-2002,2.9,-7.7,-2.4,0,11.3,27,33521.49
China,07-02-2002,-0.2,-7.2,-3.8,0,13.8,31,33189.61
China,08-02-2002,1.7,-8.5,-4.1,0,10,21.6,34755.57
China,09-02-2002,-0.1,-8.1,-5,0,10.5,26.3,32754.73
China,10-02-2002,2.9,-9,-3.5,0,9.9,15.1,34898.77
China,11-02-2002,2,-7,-3,0,9.2,25.2,33463.97
China,12-02-2002,6.7,-7.4,-1.2,0,13.5,31.7,34961.36
China,13-02-2002,4.2,-3,-0.1,0,11,25.2,14318.22
China,14-02-2002,7.4,-2.7,1.1,0.5,11.5,23.4,35692.2
China,15-02-2002,7.7,-3.6,1,0,14,28.8,31830.03
China,16-02-2002,9,-3.7,1.6,0,11.5,27,36149.26
China,17-02-2002,11.2,-2.3,4,0,11.4,20.9,36246.15
China,18-02-2002,9.8,1.1,4.7,0,14.7,35.6,35547.16
China,19-02-2002,9.8,0.5,4.1,0,14.8,39.2,33091.15
China,20-02-2002,9,-0.7,3.9,0,11.7,20.2,32849.44
China,21-02-2002,11.5,-2.6,3.8,0,21.1,48.6,36899.48
China,22-02-2002,10.4,-1.6,3.6,0.8,12.5,28.1,37036
China,23-02-2002,13.9,-1.7,4,0,21.1,47.2,37173.34
China,24-02-2002,3.3,-1.8,0.8,0,16.1,34.9,24885.4
China,25-02-2002,2.1,-5.2,-1.8,0.5,11.8,27.7,30280.51
China,26-02-2002,-2.2,-4.8,-3.4,5,10.8,23.8,0
China,27-02-2002,3.9,-7.2,-2.5,0,13.5,23.8,34239.12
China,28-02-2002,8.1,-6.7,0.1,0,14.4,34.9,37868.36
China,01-03-2002,6.3,-4.3,1.5,0,12.9,34.6,37946.78
China,02-03-2002,6.8,-1.5,2.1,0,13.1,30.2,33093.3
China,03-03-2002,4.2,-2.1,1.2,5.3,14.7,32,2136.65
China,04-03-2002,-1.5,-6.3,-3.7,3.1,14.2,34.6,20783.38
China,05-03-2002,3.1,-6.9,-1.8,0,8,20.9,37198.98
China,06-03-2002,9.1,-6.9,1.1,0,22.9,51.8,38240.55
China,07-03-2002,10.8,-4.1,2.7,0,11,23.4,38296.24
China,08-03-2002,12.3,-5.1,2.9,0,14.1,23,38440.85
China,09-03-2002,10.7,0.5,5.4,0,10.8,26.3,33827.75
China,10-03-2002,13.6,1.2,6.4,0,10.6,22.3,38548.05
China,11-03-2002,13,-0.5,5.6,1.3,16,36,37487.26
China,12-03-2002,6.2,0.7,4,2.5,12.2,28.1,14953.21
China,13-03-2002,12.3,-3.1,4.5,0,13.8,28.8,32798.13
China,14-03-2002,12.9,0.5,6.8,0,16.2,36,33801.32
China,15-03-2002,13.6,-0.5,6.9,0,15.6,30.2,38547.96
China,16-03-2002,9.5,-2.5,3.3,0.4,16.9,37.4,38162.87
China,17-03-2002,11.6,-3.2,3.7,0,11.4,29.2,39775.85
China,18-03-2002,14.8,-1.4,6,0,12,34.2,39848.27
China,19-03-2002,19.7,0.3,7.4,0.1,31.8,72.4,36091.71
China,20-03-2002,6.8,-2.9,0.7,1,14,34.9,37510.38
China,21-03-2002,5.9,-3.6,0.5,0.4,25.6,58,34425.23
China,22-03-2002,8.6,-4.2,1.5,0,13.9,29.2,40593.16
China,23-03-2002,5.2,-1.3,1.8,2.7,13.4,30.2,7234.98
China,24-03-2002,11.7,-3,3.9,0.1,12.9,29.5,40861.44
China,25-03-2002,14.6,-1.3,6.1,0,15.2,33.5,40670.2
China,26-03-2002,14.9,3,8.4,0,23.7,55.8,39464.7
China,27-03-2002,13.8,2,8.9,0,22.2,55.4,37042.66
China,28-03-2002,16.7,3.9,9.7,0.3,17,40,40986.16
China,29-03-2002,13.6,2.5,7.7,0.2,26.6,59.4,40030.84
China,30-03-2002,18.1,-1.3,8.6,0,10.2,29.5,42004.9
China,31-03-2002,21.1,1.6,11,0,11.2,27,41363.32
China,01-04-2002,21.5,4.8,12.7,0,11.6,26.6,42271.13
China,02-04-2002,20.8,4.4,12.2,1.9,16.3,40.7,38242.66
China,03-04-2002,18.1,3.5,10.4,7.8,20.2,46.1,16968.84
China,04-04-2002,7.8,2.8,4.8,6.9,15,36,1530.31
China,05-04-2002,20.1,-1,9.7,0,10.9,28.1,42620.55
China,06-04-2002,10,-0.2,4.6,0,20.9,44.6,42704.41
China,07-04-2002,8.8,-2.4,2.8,0,16,36.7,42787.96
China,08-04-2002,7.4,-3.9,1.6,0,15.1,33.5,42871.11
China,09-04-2002,8.3,-1.7,2.9,0,12.4,27,24007.26
China,10-04-2002,11.9,1.1,6.3,0,12.6,30.6,32713.63
China,11-04-2002,17.1,-0.2,9.3,0,14,35.3,43117.2
China,12-04-2002,21.3,5.5,13.4,0,13.8,36,43197.79
China,13-04-2002,24.8,2.1,13.6,0,18.8,44.6,43200
China,14-04-2002,14.3,2.8,9,0,20.9,49.3,43168.39
China,15-04-2002,13.7,1,6.1,0,28.5,65.9,43200
China,16-04-2002,11.5,-0.9,4.6,0,18.7,40.3,43200
China,17-04-2002,14.2,-2,7.1,0,9.4,27.7,41188.76
China,18-04-2002,19.5,0.6,10.1,0.3,17.3,38.5,32400
China,19-04-2002,22.2,4.7,13.5,0,10.3,27,43200
China,20-04-2002,26.8,5,16.4,0,19.7,49.3,43200
China,21-04-2002,27.8,7.6,17.4,0,18.4,42.5,41442.36
China,22-04-2002,15.3,6,10.8,0,23.8,52.9,43200
China,23-04-2002,16.3,4.8,8.7,0,22.2,48.6,43085.33
China,24-04-2002,15.2,3.5,8,0,25.2,58,43200
China,25-04-2002,15,3.4,8.5,2.1,13.5,32,37506.71
China,26-04-2002,17,4.4,9.2,0.2,18.8,44.3,26823.43
China,27-04-2002,17,3.6,8.4,2.3,23.3,47.5,43200
China,28-04-2002,12.8,3.5,8.2,4,9,35.6,13264.79
China,29-04-2002,18.2,7.1,12.5,0,17,40.7,28497.53
China,30-04-2002,15,8.2,11.5,0.6,25,56.9,23014.86
China,01-05-2002,10.6,3.2,7.1,16.8,16.5,40.7,20650.49
China,02-05-2002,14.7,1,8.7,0,10.5,30.2,28577.96
China,03-05-2002,20.3,5.1,12.8,0,18.5,44.6,40900.29
China,04-05-2002,11.8,8.9,10.3,11.8,14,37.4,4831.47
China,05-05-2002,16.5,5.8,11.1,2.9,14.5,35.6,39023.76
China,06-05-2002,19.7,4.9,12.6,1.4,10.7,25.9,39580.49
China,07-05-2002,21.7,5.7,13.3,3.5,14.2,36.7,39009.09
China,08-05-2002,15.6,10.3,12.4,13.3,9.2,19.4,10838.85
China,09-05-2002,21.2,7.1,14.1,0,9.9,31.7,40407.2
China,10-05-2002,23,9.6,15.8,0.4,9.8,30.2,43702.43
China,11-05-2002,23.5,8.3,15.6,1.9,16.5,35.6,33430.58
China,12-05-2002,16.6,11.1,13,19.7,12.6,31,19505.17
China,13-05-2002,13.6,8.3,11.5,2.1,15.5,38.2,32889.47
China,14-05-2002,20.1,5.7,13.5,0,15.6,37.4,45632.25
China,15-05-2002,21.8,6.4,14.9,0,11.8,30.6,45913.3
China,16-05-2002,21.8,10.8,16.5,0,11.9,33.5,46064.22
China,17-05-2002,20.2,10.1,14.3,0.5,23.3,51.5,36203.8
China,18-05-2002,18.9,10.6,13.9,5,14,37.4,37548.52
China,19-05-2002,17.8,10.3,13.5,5.2,12.3,32.8,18219.9
China,20-05-2002,14.5,9.7,11.5,7.3,12.8,29.9,10632.62
China,21-05-2002,12.4,8.5,10.1,1.1,16.1,36,5169.24
China,22-05-2002,10.4,5.4,8.2,10.3,10.6,25.2,324.88
China,23-05-2002,15.7,7,11.3,0,13.5,25.9,35032.84
China,24-05-2002,15.6,6.8,11.2,2,7.7,23.8,44392.8
China,25-05-2002,17.9,4.6,11.9,1.2,11.1,28.8,45876.16
China,26-05-2002,19.2,6.8,13.9,0.1,8.2,23.4,47517.32
China,27-05-2002,21,9.4,15.6,0,10.2,24.5,41223.37
China,28-05-2002,21.2,9.8,15.6,0,15.1,36,39355.6
China,29-05-2002,21,8.9,15.5,0,9.1,25.6,32327.07
China,30-05-2002,24.7,9.4,17.8,0,12.4,33.5,48472.88
China,31-05-2002,25.1,12,18.9,0,12.2,31.3,45691.52
China,01-06-2002,25.5,14.4,20.1,0,11.8,29.2,43382.07
China,02-06-2002,26.4,13.7,19.6,1.5,10.7,33.1,46046.4
China,03-06-2002,26.7,12.8,20.4,0,8.9,23.8,45881.52
China,04-06-2002,27,14.1,20.9,0,8.8,26.3,28294.53
China,05-06-2002,27.3,14.1,21.5,0,12.8,33.5,48628.51
China,06-06-2002,27.4,13.6,21,0.4,21,51.8,45917.93
China,07-06-2002,21.8,16.5,18.3,12.4,23,54.4,19307.03
China,08-06-2002,21.2,13.5,17.2,0.4,17.9,40.3,47228.1
China,09-06-2002,23.5,11.9,17,6.2,15.5,35.6,47057.73
China,10-06-2002,19.6,12.3,16.4,4.9,13.1,29.2,38959.66
China,11-06-2002,23.9,12,18.1,0.3,14.8,33.8,45903.76
China,12-06-2002,26.1,11.8,19.4,1.2,10.1,29.5,40595.87
China,13-06-2002,27.4,14.1,20.8,0,10,26.3,48387.89
China,14-06-2002,28.2,14.4,22,0,10.1,27.7,36463.61
China,15-06-2002,26.2,17.6,21.6,0,15.9,39.2,15583.64
China,16-06-2002,26.8,13,20.4,0,23.3,55.1,45457.13
China,17-06-2002,21.9,15.1,17.5,5,19.1,47.2,22181.78
China,18-06-2002,27.4,12.1,20.8,0,11.4,27.7,48042.86
China,19-06-2002,25.3,16.6,21.4,0,7.8,28.8,44875.13
China,20-06-2002,23.7,15.9,19.3,12,19,46.8,43601.32
China,21-06-2002,18,10.7,14.1,22.5,15.6,39.2,13461.34
China,22-06-2002,16.7,12,14.2,6.8,9.7,26.6,10018.51
China,23-06-2002,24.9,11.3,18.1,0,11.3,24.5,46510.46
China,24-06-2002,28.4,14.5,21.3,0,12,25.9,49180.56
China,25-06-2002,28.1,14.6,21,1.4,12.3,30.6,45842.84
China,26-06-2002,23,16.2,19,7.8,16.1,34.9,24222.79
China,27-06-2002,25,12.6,19.6,0.1,9,25.9,48599.57
China,28-06-2002,25.9,16.2,21.4,0,10.3,26.3,43562.36
China,29-06-2002,26.6,15.2,20,2.4,15.4,36,44837.68
China,30-06-2002,28,11.6,20.6,0,10.9,28.4,49085.44
China,01-07-2002,28.4,14.6,21.8,0,16.3,42.1,37138.74
China,02-07-2002,21.1,16.3,18.3,8.5,11,29.2,29059.76
China,03-07-2002,26.5,13.5,19.8,0.3,10.9,28.4,44054.85
China,04-07-2002,25.8,15,21,0,7.1,20.5,48761.44
China,05-07-2002,25.7,16.1,21.3,0,11.5,27,48934.54
China,06-07-2002,25,16.9,20.8,0,17.5,41,44957.78
China,07-07-2002,26.2,15.8,21.1,0,17.4,41,46374.41
China,08-07-2002,26.3,16,21.5,0.2,15,34.6,48099.52
China,09-07-2002,29.4,16.3,23.3,0,16.5,40.3,48744.3
China,10-07-2002,28.4,17.4,22.4,0,24.2,55.8,46386.98
China,11-07-2002,30.8,16.5,23.7,0,18.1,40.3,47752.54
China,12-07-2002,31.9,18.2,25.3,0,20.9,44.6,48616.12
China,13-07-2002,22.6,16.5,19.7,0.8,15.3,37.4,2447.75
China,14-07-2002,27.6,17.8,21.7,0.6,8.4,22.3,36943.34
China,15-07-2002,22.6,18.7,20.6,15.9,5.2,27.7,24301.65
China,16-07-2002,21.5,17.4,19.5,2.9,5.8,22.3,7445.6
China,17-07-2002,26.6,15.2,21.1,0,10.1,26.6,47799.6
China,18-07-2002,26.2,15.8,21.1,0.5,14.3,35.3,46044.16
China,19-07-2002,27.3,14.1,21.1,0.2,16.6,38.5,47768.42
China,20-07-2002,26.5,16.8,20.9,2.7,11.6,29.9,46612.88
China,21-07-2002,25.1,13.5,19.9,0.1,8.2,24.5,47757.87
China,22-07-2002,25.6,14.6,20.3,0.4,9.2,26.6,47709.29
China,23-07-2002,26.4,13.9,20.5,0.3,16.3,40,47658.59
China,24-07-2002,23.7,13.4,19.2,0.2,18.7,45,47605.83
China,25-07-2002,27.2,14,20.8,0,12.5,31,47432.97
China,26-07-2002,23.6,14,17.7,4.3,16,45,44782.43
China,27-07-2002,22.8,11.4,17.7,0,16,38.5,46863.54
China,28-07-2002,26.3,11.9,19.3,0,15,35.6,46151.75
China,29-07-2002,29,14.8,21.6,0,17.2,42.8,43928.59
China,30-07-2002,25.7,17.4,21.3,0,13,32.8,43591.81
China,31-07-2002,28.7,16.3,22.5,1.3,11.1,29.9,46323.04
China,01-08-2002,29.4,17.6,24.2,0,13.8,32.4,46164.26
China,02-08-2002,31.4,19.6,25.7,0,11.4,29.5,46313.79
China,03-08-2002,34.1,18.6,26.8,0,13,32,44832.07
China,04-08-2002,33.1,20.8,25.9,6.5,16.3,38.9,36245.8
China,05-08-2002,25.8,17.9,21.3,16,18.6,45.7,33758.23
China,06-08-2002,21.6,15.4,17.7,2.7,16.3,33.8,21844.24
China,07-08-2002,21.2,14.2,17.5,1.3,8.9,22.7,39214.14
China,08-08-2002,22.2,14.5,17.6,1.9,8.6,24.8,23198.23
China,09-08-2002,24.4,12,18.6,0,8.2,21.2,45337.43
China,10-08-2002,24.2,13.7,18.8,0.2,14.9,34.9,38145.71
China,11-08-2002,17.8,14.1,15.7,10.3,10.1,33.5,8404.11
China,12-08-2002,18.3,13,15.1,2.5,12.2,28.8,26316.01
China,13-08-2002,20.6,11.4,15.6,8.7,7.4,24.8,43097.44
China,14-08-2002,22,10.7,15.9,0.8,10.7,28.8,41463.17
China,15-08-2002,20.3,11.5,16.1,2.7,10.6,27.7,40153.02
China,16-08-2002,22.1,11.4,16.8,1.2,10.6,25.6,43751.72
China,17-08-2002,22.8,12.3,17.6,0,13.8,32.4,44079.62
China,18-08-2002,24.3,12.5,18.3,0,15.7,38.9,44493.94
China,19-08-2002,24.5,10.7,18.1,0,20.4,47.2,44051.33
China,20-08-2002,26.2,12.4,18.8,0,19.3,45.7,44034.23
China,21-08-2002,26.5,11.4,19.2,0,13.7,32.8,43918.69
China,22-08-2002,28,13.4,20.7,0,11.6,28.4,43439.66
China,23-08-2002,28.3,16.6,22.3,0,11.9,31,33955.35
China,24-08-2002,28.6,15.7,21.8,0,14.2,37.8,43200
China,25-08-2002,27.3,16.1,21.2,0.9,16.7,42.1,42487.56
China,26-08-2002,28.2,14.3,21.6,0,10.2,27.7,43283.51
China,27-08-2002,30.8,15.3,23,0,10.8,21.6,43356.15
China,28-08-2002,28.6,16.5,21.6,0.7,11.2,34.6,43225.42
China,29-08-2002,28.9,15.3,21.6,0.9,12,34.2,43200
China,30-08-2002,30.5,16.2,23.2,0,14.9,40.7,43200
China,31-08-2002,30.6,15.9,23,1,14,35.3,43200
China,01-09-2002,30.1,16.6,22.3,9.8,12.6,33.8,36752.02
China,02-09-2002,18.4,14.1,16,7.2,13,32.8,0
China,03-09-2002,24.2,13.6,18.3,5.8,12.3,24.5,36052.11
China,04-09-2002,20.9,13.8,17.1,1.5,17.1,41,32812.1
China,05-09-2002,25.1,14.6,19.4,0,18.3,45.7,41581.18
China,06-09-2002,24.2,16,18.8,0,17.7,45.7,25506.16
China,07-09-2002,22.7,15.8,18.7,0.3,10.3,26.3,13196.33
China,08-09-2002,24.1,14.6,19,0.2,13.4,33.5,35622.98
China,09-09-2002,25.2,13.3,18.5,0,16.9,38.9,40935.98
China,10-09-2002,20.2,12.2,15.6,0,18.4,37.4,25077.52
China,11-09-2002,12.8,8.3,9.9,1.6,12,26.6,0
China,12-09-2002,9.7,7.3,8.6,14.3,7.2,18.7,0
China,13-09-2002,15.7,7.7,11.3,0.1,8.3,25.2,18810.94
China,14-09-2002,16.3,9.4,12.7,0.8,7.1,24.1,36701.85
China,15-09-2002,21.7,7.9,14.6,0,9.1,26.6,41793.07
China,16-09-2002,23,11,16.6,0,14.1,33.5,37645.95
China,17-09-2002,21.6,11.3,15.8,0,11.2,32.4,37268.01
China,18-09-2002,14.6,7.7,10.9,1.7,16.8,36.4,9795.8
China,19-09-2002,10.3,6.5,8.1,10.9,9,20.9,0.86
China,20-09-2002,15.3,7.1,11.1,0,12.8,27.7,25794.04
China,21-09-2002,17.3,7.4,12.6,0,14.7,36.4,38722.34
China,22-09-2002,18.5,8.1,12.9,0,10.4,20.9,39719.59
China,23-09-2002,17.2,6.8,12.2,0,9,24.5,32978.49
China,24-09-2002,20.5,9.9,14.6,0,9.8,21.2,40580.55
China,25-09-2002,21.2,8.6,14.8,0.6,13.7,32,38534.62
China,26-09-2002,18.2,10.8,14.2,1.7,17.8,34.6,36217.67
China,27-09-2002,19.6,10.4,14.3,0,11.8,25.9,40176.44
China,28-09-2002,20.7,10.5,14.8,0,10.5,25.9,39503.56
China,29-09-2002,20.9,8.5,14.6,0,12,27,39105.2
China,30-09-2002,20,9.7,14.7,0.1,7.6,28.1,38098.53
China,01-10-2002,22.9,10.2,16.3,0,10.5,28.8,39188.49
China,02-10-2002,22.8,14.4,18.1,0,12.6,28.8,38918.95
China,03-10-2002,20.8,9,14.8,0,13,28.8,37876.82
China,04-10-2002,18.9,8.6,13.5,0.8,15.6,38.2,38335.2
China,05-10-2002,17.6,4.4,11.3,0.3,21.5,52.6,38368.28
China,06-10-2002,18.6,6.4,11.6,0,11.2,29.9,38309.71
China,07-10-2002,20.9,7.1,13.4,0,11,30.2,38174.9
China,08-10-2002,22.3,7.8,14.6,0,18.4,43.2,37323.26
China,09-10-2002,19.2,10.4,14.2,2.1,11.5,31.7,27191.68
China,10-10-2002,15.5,7.4,11.3,1.8,11.7,32,34137.57
China,11-10-2002,21.1,5.2,12.5,0,20,44.3,37618.29
China,12-10-2002,17.2,8.7,12.3,0,9.4,23.8,36670.45
China,13-10-2002,19.4,5.7,12.5,0.5,15,43.2,36668.83
China,14-10-2002,21,8.6,13.9,0,12.9,28.4,37337.29
China,15-10-2002,23.5,6.6,14.3,0,10.7,24.5,37210.33
China,16-10-2002,22.1,8.3,14.2,0,9.5,22.3,36016.43
China,17-10-2002,16.9,10,12.9,0.1,15.1,33.1,36444.29
China,18-10-2002,9.5,2,4.5,11.6,7.2,19.4,8934.14
China,19-10-2002,11.6,2.9,6.7,0,8.6,21.6,27524.16
China,20-10-2002,8.8,3,5.8,0,13.1,29.9,33346.31
China,21-10-2002,5.8,-0.6,3,5.5,13.4,35.6,1214.07
China,22-10-2002,5,-3,0.9,0.9,13,30.2,25349.47
China,23-10-2002,13.2,-3.4,4.3,0,13.3,35.3,35985.03
China,24-10-2002,10.4,2.2,5.4,0,13.5,29.9,35817.84
China,25-10-2002,9.9,1.4,4.3,0,10.2,27.7,35412.83
China,26-10-2002,14.2,0.8,7.1,0,10.5,19.8,35503.66
China,27-10-2002,13.9,4.5,8.3,0,13.4,29.9,35357.62
China,28-10-2002,12.7,2.9,7.2,0.1,13,28.8,34087.65
China,29-10-2002,10.8,1.3,5.4,0,8.9,23.8,20224.87
China,30-10-2002,12.3,1.4,6.2,0,12.2,26.3,33219.86
China,31-10-2002,10.3,1.2,5.4,2.3,12.3,25.2,30407.22
China,01-11-2002,4.5,-1.6,1.4,0.8,9.5,22.3,33205
China,02-11-2002,9.4,-2.4,2.8,0,11.9,30.6,34858.36
China,03-11-2002,11.8,-1.4,5.1,0,11.3,28.8,34796.2
China,04-11-2002,13.3,1.9,7.2,0,8.7,20.2,34735.93
China,05-11-2002,12.9,3.8,7.3,0,10,19.8,34676.82
China,06-11-2002,12.2,3,6.9,0,10.4,21.2,34618.76
China,07-11-2002,12.3,4.1,7.1,0,9.2,27,34561.8
China,08-11-2002,14,2.4,7.2,0,9.7,18.4,34506.02
China,09-11-2002,13.7,2.6,7.5,0,9,19.4,33129.82
China,10-11-2002,11.4,2.7,6.8,0,12.7,32.8,34356.33
China,11-11-2002,11.2,1.7,5.6,0,11,21.2,34239.51
China,12-11-2002,10.9,2.1,5.7,0,10.2,18.4,34123.9
China,13-11-2002,12.5,1.4,6,0,12,27.4,33407.21
China,14-11-2002,7.5,1.7,4.3,0,7.6,21.2,929.28
China,15-11-2002,9,0.6,4,0.7,7.7,26.3,27377.32
China,16-11-2002,10.5,-2.5,3.7,0.5,10.6,27.7,33676.66
China,17-11-2002,8.8,0.4,3.6,0,10.2,22,33473.33
China,18-11-2002,5.1,-0.4,2.1,0.5,8.6,19.8,5118.13
China,19-11-2002,0.6,-4.1,-0.8,2.7,12.3,28.4,0
China,20-11-2002,4.2,-6.3,-1.6,0,10.7,19.4,32431.77
China,21-11-2002,10.6,-5.9,0.8,0,11.9,20.9,33160.29
China,22-11-2002,5.3,-1.5,1.4,0,10.9,26.6,32860.05
China,23-11-2002,0.3,-2.8,-1.4,1.2,13.1,29.2,11981.62
China,24-11-2002,3.8,-4.2,-0.7,0,8,21.6,32608.06
China,25-11-2002,4.5,-4.4,0,0,8.1,17.3,32539.39
China,26-11-2002,6.4,-4.9,-0.3,0,9.1,16.9,32471.02
China,27-11-2002,6.4,-5.4,-0.5,0,8.7,19.4,32403.14
China,28-11-2002,3.9,-3.8,-0.6,0,10.7,25.6,30011.38
China,29-11-2002,4.5,-3.3,0,0,9.3,15.1,27979.12
China,30-11-2002,6.6,-4.3,0.5,0,9.7,14.8,31482.33
China,01-12-2002,5.2,-2.5,0.7,0.1,8.9,21.2,21045.6
China,02-12-2002,8.7,-1,2.5,0.1,11,29.9,30182.72
China,03-12-2002,9.5,-4.3,1.4,0,16.4,32.8,31610.26
China,04-12-2002,0.9,-6.7,-3.4,0,10.9,23.4,31485.01
China,05-12-2002,-1.8,-7.3,-5,0,15.4,33.1,29264.93
China,06-12-2002,-5.3,-9.7,-7.9,0.1,12.5,29.5,21288.27
China,07-12-2002,-5.8,-11,-8.7,0.2,9,24.1,20649.39
China,08-12-2002,-0.4,-10,-6.3,0,11.2,17.3,31636.57
China,09-12-2002,3.8,-8.2,-2.9,0,7.9,16.2,31284.69
China,10-12-2002,2.8,-4.3,-1.5,0,6.6,15.1,26305.5
China,11-12-2002,7.2,-6.2,-0.2,0,8.7,23.8,31495.77
China,12-12-2002,6.8,-5.4,0.6,0,11.5,16.2,31555.91
China,13-12-2002,9.9,-6,0.1,0,11.3,17.6,31517.33
China,14-12-2002,4.2,-3.1,0.1,0,10.2,22.3,31171.64
China,15-12-2002,5.9,-3.6,-0.4,0,10.2,19.1,30663.1
China,16-12-2002,4.2,-4.5,-1.6,0,14.6,35.3,30463.74
China,17-12-2002,4.9,-5.7,-1.5,0,12.2,31,29911.88
China,18-12-2002,3.4,-5.2,-1.7,0,11.3,22.7,31329.58
China,19-12-2002,3.9,-4.9,-1.2,0,8.4,20.5,24934.44
China,20-12-2002,3.2,-4.6,-1.7,0.4,11.7,27,27851.86
China,21-12-2002,1.5,-6.9,-3.9,0.3,12.5,27.4,30243.88
China,22-12-2002,-5.1,-10.2,-7.2,0.9,11.4,29.2,23946.15
China,23-12-2002,-4.1,-12.2,-9.2,0,9.9,22,30232.28
China,24-12-2002,-9.9,-15,-12.7,0,12.7,29.5,30131.77
China,25-12-2002,-8.3,-15.8,-12.5,0,8.2,20.5,31249.55
China,26-12-2002,-6.6,-14.4,-11.1,0,11.1,28.1,31181.04
China,27-12-2002,-6.1,-13.7,-10.5,0,7.9,19.4,31212.55
China,28-12-2002,-4.1,-12.3,-8.9,0,9.2,18,29663.76
China,29-12-2002,-2.1,-11.2,-7.3,0,8.7,19.8,31281.23
China,30-12-2002,-0.2,-8.8,-5.5,0,10.2,18,31318.38
China,31-12-2002,-0.1,-9.7,-5.2,0,9.7,17.6,30051.79
China,01-01-2003,-4.4,-9.4,-7,0,8.7,22,23254.11
China,02-01-2003,-4.1,-13.7,-9.6,0,10.1,20.5,31440.59
China,03-01-2003,0.6,-13.5,-7.1,0,10.5,19.1,31484.88
China,04-01-2003,-1.3,-9.6,-5.9,0,9.5,23.8,30307.25
China,05-01-2003,1,-10.4,-5,0,8.7,21.2,31581.43
China,06-01-2003,2.5,-7.5,-3.7,0,9.9,19.1,31722.45
China,07-01-2003,2.6,-9.1,-4.4,0,9.7,16.6,31777
China,08-01-2003,-0.5,-8.7,-4.9,0,10.9,27.4,25832.69
China,09-01-2003,2.5,-7.8,-2.9,0,9.8,23.8,31803.46
China,10-01-2003,2.5,-4.7,-1.9,0,9,19.8,31954.24
China,11-01-2003,2.7,-5,-2.1,0,9.8,18.4,29669.44
China,12-01-2003,5.3,-8.3,-1.9,0,9.5,25.6,32173.43
China,13-01-2003,3.3,-4.3,-1.2,0,10.8,21.2,32332.65
China,14-01-2003,2.6,-5.6,-1.8,0,6.4,18.7,27253.65
China,15-01-2003,8.1,-7.6,-0.1,0,8.6,23.4,32567.23
China,16-01-2003,6.6,-2.3,1.4,0,12.1,18.4,32640.63
China,17-01-2003,8.9,-4.6,1,0,15.4,32.4,31723.82
China,18-01-2003,8.2,-5,1.2,0.8,10.2,25.9,32693.34
China,19-01-2003,8.7,-1.5,2.7,0,13,23.4,32867.11
China,20-01-2003,9.4,-3.5,1.4,0,12,19.4,33028.56
China,21-01-2003,1.5,-5,-1.6,0,16.2,39.6,32512.73
China,22-01-2003,7.3,-5.6,0.3,0,11.5,17.6,33217.56
China,23-01-2003,6.2,-2.8,0.6,0,10.3,24.5,30151.78
China,24-01-2003,-1.5,-6.1,-3.5,2.2,9.5,28.1,3458.3
China,25-01-2003,-0.1,-7.5,-4.4,0.2,14.1,31.7,24610.47
China,26-01-2003,-6.2,-11.3,-9,0.4,13.1,28.8,32159.27
China,27-01-2003,-0.3,-13,-7,0,10.6,18.4,33730.19
China,28-01-2003,1.2,-9.6,-4.9,0,12.5,20.2,33840.41
China,29-01-2003,1.9,-9.3,-3.8,0,11,23.8,32241.71
China,30-01-2003,-1.9,-7.5,-4.7,2.6,7.9,17.6,22378.12
China,31-01-2003,2.6,-9.3,-4.3,0,10.3,15.8,34087.64
China,01-02-2003,1.5,-8.6,-3.9,0,10.8,25.2,33490.12
China,02-02-2003,0.2,-6.6,-3.4,0.8,11.5,24.8,21275.04
China,03-02-2003,0.6,-6.4,-3.6,0,9,19.8,30837.31
China,04-02-2003,0.8,-8.7,-4.5,0,10.7,23.4,34335.62
China,05-02-2003,1.9,-9.2,-4.1,0,11.6,24.1,34435.84
China,06-02-2003,3.7,-8.9,-3.3,0,11.6,21.2,34498.11
China,07-02-2003,4.9,-8,-2.1,0,15.1,25.9,34559.85
China,08-02-2003,2.6,-5.5,-1.6,0,13.8,31,28041.65
China,09-02-2003,-2.9,-9.2,-6.2,1.1,10.8,27.4,28246.83
China,10-02-2003,-1.6,-10.1,-6.4,0,12,26.3,31047.67
China,11-02-2003,-0.6,-11.2,-6.1,0,10.6,21.2,35166.78
China,12-02-2003,3.1,-9.1,-3.6,0,11.2,20.9,35324.25
China,13-02-2003,2.2,-4.9,-2,0,11,22,15987.84
China,14-02-2003,3.1,-3.8,-0.7,0.2,8.4,17.6,19471.31
China,15-02-2003,4.1,-3.1,-0.1,0.2,15.7,35.6,27189.94
China,16-02-2003,2.8,-4.8,-1.8,0,10.1,24.5,35750.36
China,17-02-2003,6.4,-6.7,-1.1,0,12.8,19.8,35932.06
China,18-02-2003,8.4,-4.7,1.4,0,12.7,25.2,36415.45
China,19-02-2003,11,-1.5,3.1,0,16.1,36.4,35703.22
China,20-02-2003,12.1,-1.2,3.8,0,22.1,44.3,35330.2
China,21-02-2003,6.7,-3.1,1.6,0.1,13.5,31.7,35050.21
China,22-02-2003,8,-3.9,1.8,0.3,11.6,37.4,35481.98
China,23-02-2003,10.5,-4.4,2.9,0,10.2,20.9,35076.12
China,24-02-2003,10.5,-2.4,3.5,0.3,22.7,47.9,35637.01
China,25-02-2003,7.3,-1.5,2.2,0,11.1,22,35529.58
China,26-02-2003,8,-1.3,2.5,0,21.3,49,36473.32
China,27-02-2003,7.7,-2.1,2.1,0,17.2,39.2,31327.39
China,28-02-2003,12.2,-2.7,3.4,0,11.4,28.4,36469.28
China,01-03-2003,11.4,-1.6,4.3,0,15.3,34.2,30888.97
China,02-03-2003,5.2,-3,0.8,0,17,33.5,34872.52
China,03-03-2003,5.7,-4.1,-0.1,0,25.7,55.1,37454.06
China,04-03-2003,2.6,-3,-0.9,1.8,15.8,36,19086.23
China,05-03-2003,-3.1,-9,-5.5,5.2,13.6,30.2,30556.3
China,06-03-2003,1,-7.5,-3.9,0,10,23.8,38228.86
China,07-03-2003,2.5,-3.5,-1.3,0,12.3,29.5,24972.48
China,08-03-2003,3.9,-5.4,-1.2,1.6,8.6,23.8,23171.12
China,09-03-2003,8.9,-4.9,0.9,0,14.8,33.8,38422.5
China,10-03-2003,5.8,-4,0.2,0,21.5,46.1,32280.52
China,11-03-2003,2.9,-6.3,-1.8,0,10.8,23.8,34055.01
China,12-03-2003,5.1,-3.5,0.2,0.1,13.5,35.3,32297.96
China,13-03-2003,4.2,-3.6,0.3,2.1,9.5,26.6,12799.41
China,14-03-2003,8.7,-3.4,1.8,0,10.5,31.3,36457
China,15-03-2003,6.1,-2.2,1.2,0,15.2,33.8,38766.65
China,16-03-2003,5.9,-2.2,1.8,0,14.6,33.8,17471.08
China,17-03-2003,10.2,-2.3,3.3,0.7,15,33.5,36491.05
China,18-03-2003,7.5,-1,3,2.2,11.1,29.2,34703.34
China,19-03-2003,11.3,-1.1,4.9,0.5,15.4,37.1,36022.51
China,20-03-2003,12.7,1.7,6.3,0,14,32.8,40423.53
China,21-03-2003,7.6,-0.1,3.2,7.7,18.5,40.3,16389.91
China,22-03-2003,12.7,-4.9,4.5,0,17.2,39.2,40817.31
China,23-03-2003,11.5,-2,4.9,0,13,33.1,41024.74
China,24-03-2003,16.9,0.3,8.2,0,12.3,24.5,41159.8
China,25-03-2003,15.1,1.5,8.5,0,15,33.1,39620.94
China,26-03-2003,15.5,1.8,8.8,0,11.8,29.5,40982.24
China,27-03-2003,13.2,3.3,8.5,0,17.1,42.1,39427.7
China,28-03-2003,21.5,1.5,11.8,0,15.2,38.5,41700.16
China,29-03-2003,24.7,4.4,13.9,0,13.7,29.9,41835.56
China,30-03-2003,19.3,6.6,12.6,0,19.3,44.6,40659.99
China,31-03-2003,16.1,6.7,10.9,0.9,22.3,50.8,39104.27
China,01-04-2003,12.5,2.4,7.3,0.3,18.4,42.8,41472.44
China,02-04-2003,13.2,3.3,7.7,0.7,9,20.5,26739.97
China,03-04-2003,14.8,2.4,8.8,0,10,31.7,29712.66
China,04-04-2003,17,2.4,8.4,0.2,20.6,51.8,40298.53
China,05-04-2003,16.6,3.3,9.2,0.3,16.9,40.7,38845.93
China,06-04-2003,8.4,1.8,5.1,5,17.3,39.2,20520.49
China,07-04-2003,15.7,-0.4,7.5,0,13.4,32,42772.51
China,08-04-2003,19.1,3,10.7,0,13.8,33.8,42186.02
China,09-04-2003,16.6,0.8,8.8,1.3,32.8,73.4,40864.73
China,10-04-2003,12.3,-3.5,4.1,1.3,20.4,49,43018.05
China,11-04-2003,14.2,-0.3,7.2,0,17.4,43.6,43097.95
China,12-04-2003,5.9,0,3.9,0.5,18.4,40.7,20363.78
China,13-04-2003,13.7,-2.5,5.6,0,19.9,43.2,43200
China,14-04-2003,20.9,-0.7,10.1,0,13.3,34.2,43200
China,15-04-2003,26.7,2.1,13.8,0,18.4,41.8,43200
China,16-04-2003,21.9,7.7,13.9,0,16.4,39.6,43200
China,17-04-2003,10.7,1.4,7.3,1.4,20.8,52.2,31241.39
China,18-04-2003,17.4,-0.6,7.1,3.5,16,40.7,39600
China,19-04-2003,12.7,1.2,7.3,0,21.9,51.5,43200
China,20-04-2003,11.8,2,5.9,1,27.3,63.4,32060.16
China,21-04-2003,15,4.7,9.9,0,19.5,50.4,38605.01
China,22-04-2003,13.9,4.2,9.2,4.1,9.7,32.4,32705.65
China,23-04-2003,11.6,3.5,8.2,1,13.8,30.2,36897.59
China,24-04-2003,18.2,2.5,10.2,0.6,15.9,40.7,43200
China,25-04-2003,18.3,5.9,12.3,0,14.3,39.2,43200
China,26-04-2003,20.6,8.3,14.3,0.2,14,33.8,35175.96
China,27-04-2003,21.8,10.4,15.2,2.2,14,34.9,34756.66
China,28-04-2003,13.8,7,10.4,6.6,16.6,39.6,21253.96
China,29-04-2003,17.3,2.8,10.3,0,14.4,37.1,43591.02
China,30-04-2003,24.1,4.5,14.5,0,15.4,38.2,43577.8
China,01-05-2003,25.5,5.7,16.1,0,14.8,38.9,42874.29
China,02-05-2003,24.8,11,17.4,0,17.6,39.6,33832.09
China,03-05-2003,25.3,9.5,17.4,0.2,27.8,64.8,43981.99
China,04-05-2003,21.8,12.6,16.2,0.7,26.8,65.2,39210.79
China,05-05-2003,13,3.3,6.5,31.6,16.5,42.1,0
China,06-05-2003,13.2,3,8,4.7,19.7,44.3,24363.85
China,07-05-2003,12.8,5.7,9.1,0.1,18.2,44.6,40693.97
China,08-05-2003,16,6.2,11.2,0,13.4,30.2,35487.26
China,09-05-2003,17.5,6.8,12.4,0,9.3,27.7,43200
China,10-05-2003,22.9,7.4,14.8,0,10.8,34.2,45067.61
China,11-05-2003,22.7,7.1,15,0.9,12.7,33.1,44139.37
China,12-05-2003,20.8,8,14.9,0.6,19.1,45,33704.57
China,13-05-2003,16.3,8,11.8,4.1,13.1,29.9,32351.07
China,14-05-2003,21.5,6.4,14,1.3,18.4,41.4,36549.87
China,15-05-2003,16.2,9.6,12.3,2.8,16.3,38.9,23931.42
China,16-05-2003,17.1,7.7,12.5,0,13,30.2,30215.4
China,17-05-2003,13.4,7.6,10.3,5.1,17.7,39.2,8160.17
China,18-05-2003,18.2,3,11.8,0,12.3,31,40700.44
China,19-05-2003,20.5,8.6,14.8,0,15.6,39.6,44023.56
China,20-05-2003,14.8,9.3,12.5,1.6,14.1,40.3,29506.51
China,21-05-2003,23.4,6.6,15.4,0,10.4,25.6,43310.78
China,22-05-2003,23.6,11.2,16.6,2.4,20.4,52.9,25200
China,23-05-2003,22,8.9,15.2,2.8,12.4,33.1,46730.84
China,24-05-2003,25.3,8.4,17.4,0,17.9,45,47931.64
China,25-05-2003,21.9,11.7,16.3,1,21.4,49.3,32533.88
China,26-05-2003,25.4,9.8,18.2,0.2,11.9,29.9,44410.8
China,27-05-2003,19.4,10.9,15.1,3,14.8,37.8,45438.82
China,28-05-2003,24.2,9.8,17.4,0.5,15.8,39.2,48377.32
China,29-05-2003,24.3,12.4,18.1,0,30,68,47815.39
China,30-05-2003,18.5,13.2,15.8,5.5,19.1,50,25262.21
China,31-05-2003,25.8,9.9,18.3,0.1,10.9,29.5,48182.89
China,01-06-2003,22.7,13.6,19,0,8.7,23,15520.26
China,02-06-2003,26.1,10.9,19.1,0,18.1,42.5,48669.43
China,03-06-2003,25.9,14,20.6,0,13.4,37.1,42143.78
China,04-06-2003,24.5,13.9,19.3,0,14.3,38.9,33589.31
China,05-06-2003,26.1,13.4,20.2,0,11.2,27.7,46868.31
China,06-06-2003,26.8,13,20.2,0.1,12.5,37.4,39389.68
China,07-06-2003,26,13.4,19.7,0,13,33.1,38715.54
China,08-06-2003,26.7,13.1,19.8,1.2,12.3,27,44148.02
China,09-06-2003,22.1,13.2,18.4,0.2,17.8,38.2,45794.28
China,10-06-2003,18.6,12.2,14.8,3.4,14.3,29.2,25968.19
China,11-06-2003,22.7,8,16.3,0,11.3,31,49038.95
China,12-06-2003,24.4,13.7,19.2,0,18.8,42.5,48162.28
China,13-06-2003,23.8,11.8,18.5,0,15.4,38.9,49090.64
China,14-06-2003,26.7,11.3,19.7,0,10.9,25.9,46718.59
China,15-06-2003,27.5,13.9,21.3,0,15,38.2,40893.7
China,16-06-2003,27.2,14,21.2,0,8.7,24.8,44232.98
China,17-06-2003,28.7,13.2,21.7,0,9,29.2,49161.85
China,18-06-2003,29.1,15.6,22.5,0.5,9,31.7,48212.79
China,19-06-2003,28.9,16,22.5,0.5,6.6,22.3,48035.01
China,20-06-2003,30.2,16.3,23.3,0,12.9,35.3,46559.5
China,21-06-2003,23.3,16.2,19.6,6,12.4,35.6,26892.34
China,22-06-2003,27.4,11.1,20.4,0,12.2,31.3,49189.62
China,23-06-2003,30.3,14.3,23.1,0,20.5,48.2,49187.02
China,24-06-2003,25.6,16.8,21.1,1.6,23.2,49.3,33253.53
China,25-06-2003,18.2,12.7,15,16.2,15.9,49.7,5909.12
China,26-06-2003,22.5,11.2,17.2,0.1,12,30.2,46759.5
China,27-06-2003,25.3,12.7,19.1,0,18.1,38.9,49149.6
China,28-06-2003,20.4,16.1,17.9,14.3,15.4,38.2,9987.05
China,29-06-2003,16.3,11.1,13.5,15.5,16.9,38.5,12007.7
China,30-06-2003,25.4,8.8,17.2,0,13.7,37.1,49093.33
China,01-07-2003,20.6,14.2,17.1,3.4,10.3,26.6,27752.61
China,02-07-2003,27.9,12.4,20.6,0,16.2,39.2,49042.6
China,03-07-2003,22,14.9,18.7,0.7,11.2,25.6,34255.81
China,04-07-2003,26.3,13.3,20.5,0,11.8,29.9,44496.92
China,05-07-2003,24.8,11.7,18.6,0.2,10.4,27.7,48946.1
China,06-07-2003,27,15.1,21.1,0,10.3,24.8,48908.21
China,07-07-2003,25.6,15,20.9,0,16.1,40,48336.32
China,08-07-2003,26.1,14,20.3,0.6,16.5,38.9,41929.03
China,09-07-2003,26.5,16,20.7,2.6,17.3,38.2,45134.51
China,10-07-2003,27,13.9,20.2,0.3,20.2,50.8,45464.06
China,11-07-2003,19.2,15.4,17,4.9,14.8,35.3,18477.08
China,12-07-2003,25.4,12.8,19.9,1.3,13.5,33.8,44459.68
China,13-07-2003,24.7,16.8,20.2,6.6,11.5,21.2,37769.68
China,14-07-2003,25.8,14.9,20.6,1.6,14.8,36.7,38107.5
China,15-07-2003,20.8,16,18.6,4.7,11.6,27,22982.85
China,16-07-2003,24.4,14.4,19.5,0,13.2,29.2,41269.82
China,17-07-2003,27.6,14,21.4,0,8.8,22.3,48326.03
China,18-07-2003,23.1,15.3,20.4,0.2,15.3,34.2,18038.11
China,19-07-2003,25.8,12.5,19.5,0,13,34.2,48191.94
China,20-07-2003,28,16,21.9,0.2,8.3,26.3,43918.88
China,21-07-2003,28.1,15.6,22,1.5,9.1,25.2,47269.63
China,22-07-2003,26.7,15.8,20.7,1.5,9.7,27.7,32400
China,23-07-2003,30.6,14.9,22.7,0,14.9,42.1,47674.93
China,24-07-2003,32.1,17,24.1,0,16.4,37.8,42537.49
China,25-07-2003,31.2,18.5,24,0,20.2,50.4,46262.3
China,26-07-2003,23.6,17.5,20.1,0.1,18.4,44.6,9482.25
China,27-07-2003,27.1,17.1,21.7,0.1,11.5,28.4,45362.69
China,28-07-2003,31.1,16.6,23.8,0,17.6,42.1,46614.56
China,29-07-2003,30.7,19,24,2.4,18.4,40.3,42385.21
China,30-07-2003,20.7,13.8,18.4,6.4,18.1,35.3,2275.25
China,31-07-2003,15.9,13.4,14.6,15.4,6.2,24.8,0
China,01-08-2003,20.2,14.3,17.2,4.3,8.6,20.9,16348.68
China,02-08-2003,20,15.3,17.3,4.5,11.9,28.4,5257.74
China,03-08-2003,27.1,11.1,19.4,0,10.9,28.4,46164.46
China,04-08-2003,27.8,15,21,1,12.5,33.1,44003.16
China,05-08-2003,27.3,18.2,22.6,0.6,13.3,30.6,45510.63
China,06-08-2003,27,18.1,21.7,3.3,14.5,39.6,43923.31
China,07-08-2003,23.6,17.4,19.9,10.6,18.9,43.9,27854.1
China,08-08-2003,24.1,15,19.5,3.3,10.3,26.6,39422.97
China,09-08-2003,23.7,14.5,18.8,0.1,21.7,48.2,29406.06
China,10-08-2003,18.6,13,15.4,1.1,6.9,20.9,10487.26
China,11-08-2003,23.1,12.1,17.8,0,10,31,38240.91
China,12-08-2003,23.9,12.6,18.6,0,10.7,23,43364.43
China,13-08-2003,25.9,12.9,19.4,0,15.3,38.2,44939.66
China,14-08-2003,24.2,12.8,18.4,0.3,21.2,42.5,33593.58
China,15-08-2003,22.4,11.5,16.3,0.7,16.6,31.3,34160.32
China,16-08-2003,25.6,11.3,18.3,0.6,10.5,29.5,44004.46
China,17-08-2003,27.8,11.2,19.9,0.8,9.8,25.6,43334.75
China,18-08-2003,28.5,12.5,20.7,0,11.8,34.6,44423.02
China,19-08-2003,28.2,15,20.6,0,23.1,51.8,37506.22
China,20-08-2003,25.8,15,19.9,0.6,17.7,45.4,40395.63
China,21-08-2003,18.7,14.7,16.7,8.9,15.8,38.5,0
China,22-08-2003,25.4,12.6,19.2,0,13.4,32.8,43439.43
China,23-08-2003,26.1,16.7,21,0.1,12.3,28.1,43351.39
China,24-08-2003,24.6,17.8,20.4,6.9,12.3,32,43133.03
China,25-08-2003,22.6,17.1,19.2,28.1,14.8,25.2,30372.44
China,26-08-2003,24.3,15,19.4,2,10.4,24.8,41136.78
China,27-08-2003,27.5,14.3,21.1,0,17.6,43.6,43200
China,28-08-2003,19.7,15.8,17.5,27.3,13.4,41.8,2370.03
China,29-08-2003,17.4,13.3,15.4,0.1,10.8,21.6,584.17
China,30-08-2003,21.6,12.5,17,0,11,26.6,26783.55
China,31-08-2003,15.9,12.4,14.3,8.8,12.6,28.4,111.33
China,01-09-2003,21.3,10.1,15.3,0,8.3,21.6,33423.55
China,02-09-2003,21.9,12.3,16.9,0,16.8,38.5,41295.93
China,03-09-2003,19.5,11,14.7,1.6,14.2,36.7,29526.59
China,04-09-2003,22.2,8.8,16.1,0,8.5,24.1,43097.76
China,05-09-2003,16,11.4,14.2,7.1,7.7,25.6,5532.93
China,06-09-2003,21.1,8.3,14.9,0,7.2,20.9,34024.6
China,07-09-2003,22.9,12.9,17.5,1,8.9,25.2,41291.51
China,08-09-2003,21.1,12.2,16.1,6.9,10.4,24.8,32090.66
China,09-09-2003,24.2,10.8,17.5,0,9,19.4,42618.16
China,10-09-2003,26,13.5,19.1,0,10.1,25.2,42486.29
China,11-09-2003,24,11.8,17.7,0,10.5,25.9,39524.18
China,12-09-2003,25.1,12.7,18.6,0,9.8,26.3,42221.37
China,13-09-2003,26.4,14.4,19.8,0,15.9,38.2,42088.47
China,14-09-2003,25,13.3,18.3,0,16.4,40,41955.39
China,15-09-2003,25.4,11.6,18.1,0,17.6,41.4,41822.21
China,16-09-2003,20.3,13.2,16.1,0,14.3,38.2,30166.22
China,17-09-2003,19.3,13.6,16,5.3,10.3,23,927.32
China,18-09-2003,16,11.2,14.6,10.6,9.4,23.4,45.06
China,19-09-2003,17.6,10.1,13,1.5,10.2,22,29260.95
China,20-09-2003,20.4,10.4,14.9,0.9,7.4,20.2,35368.34
China,21-09-2003,21.9,10.3,14.5,2.7,9.4,25.9,40325.63
China,22-09-2003,22.2,10,15.7,0.3,9.1,23,39865.31
China,23-09-2003,24.4,9.6,16.7,0,11.2,28.1,40754.55
China,24-09-2003,21.1,11.5,15.8,0.2,15.6,39.2,24275.09
China,25-09-2003,19.2,14.2,15.8,6.5,12.1,28.1,20201.22
China,26-09-2003,15.5,9.7,12.7,1.1,15.1,31.3,17025.91
China,27-09-2003,12.4,9.1,10.8,9.1,10.1,23,0
China,28-09-2003,16.5,11.3,13.3,5,7.8,21.2,0
China,29-09-2003,13.5,6.4,8.2,10.3,20.2,47.2,7137.92
China,30-09-2003,6.2,1.9,3.9,10.5,8.7,22.3,14534.76
China,01-10-2003,13.7,3.6,8.5,0,10.7,23,34587.06
China,02-10-2003,9.5,4.4,7,5,9.5,23.4,7347.53
China,03-10-2003,12.9,4.9,8,0,9.1,22.3,17377.61
China,04-10-2003,10.7,5.8,7.9,4.5,10.4,28.8,0
China,05-10-2003,16.9,1.8,9.6,0,9.4,22,38201.57
China,06-10-2003,21.3,3.9,12.3,0,11.7,27.7,38405.05
China,07-10-2003,17.2,5.5,11.2,0,9.5,23.8,36929.5
China,08-10-2003,19.3,5.4,12,1.1,16.2,31.3,33942.59
China,09-10-2003,17,8.7,12.5,3.7,16.9,36.7,33080.59
China,10-10-2003,9.7,1.8,5.1,11.3,10,25.9,0
China,11-10-2003,5,1,2.6,7.3,9.5,22.3,7526.52
China,12-10-2003,6.5,1.1,3.6,2.7,8.9,21.2,13323.86
China,13-10-2003,8.5,2.3,4.7,1.3,14.5,31.3,22019.06
China,14-10-2003,9.6,0.6,5,0,8.3,22.7,26759.52
China,15-10-2003,12.1,1.7,6.4,0,14.3,30.2,37104.08
China,16-10-2003,14.7,1.7,7.9,0,13.5,29.2,35984.16
China,17-10-2003,15.3,6.6,10.1,2.8,13,29.5,22149.52
China,18-10-2003,13.4,6,9.1,0.7,14,30.2,18183.6
China,19-10-2003,7.7,0.6,5,4.6,15.1,33.1,21367.32
China,20-10-2003,14.1,0.1,7,0,9.1,18.7,36441.39
China,21-10-2003,14.6,5.4,9.4,0,9.3,22,36258.77
China,22-10-2003,16.1,6.2,10.2,0,10,22.7,36081.85
China,23-10-2003,16.6,5.5,10.3,0,13.5,28.4,35911.05
China,24-10-2003,11.6,6.2,8.9,0,8.7,19.8,12445.5
China,25-10-2003,13.7,4.4,8.4,0.4,10.1,21.6,35425.23
China,26-10-2003,17.1,4.8,10.6,0,9.1,17.6,35516.91
China,27-10-2003,17.3,7.3,11.4,0,12.3,28.1,35444.68
China,28-10-2003,14.6,4.4,8.9,7.4,14.8,32.4,24091.35
China,29-10-2003,10.3,3,6,9.6,11.7,27.7,7899.98
China,30-10-2003,16,2.1,8.7,0,8.4,24.1,35108.57
China,31-10-2003,17.5,6.1,11.2,0,10,19.8,35009.73
China,01-11-2003,16.6,3.1,8.6,0,14.1,32.8,34944.78
China,02-11-2003,8.5,0.6,3.5,0,10.1,23.4,34880.68
China,03-11-2003,12.1,-0.4,5.5,0,9.3,21.6,25678.53
China,04-11-2003,12.5,1.9,6.8,0,11.2,26.6,34755.32
China,05-11-2003,14.6,1.6,7.5,0,10.8,26.6,34694.21
China,06-11-2003,6.2,-4.8,1.8,3.7,16.9,36.7,43.98
China,07-11-2003,-3.7,-7.2,-5.8,0.9,11.4,28.8,20498.2
China,08-11-2003,0.4,-7.2,-3.5,1.5,10.7,25.6,20684.76
China,09-11-2003,-0.8,-5.1,-3.2,0.5,13.3,29.5,25893.17
China,10-11-2003,3.5,-6.4,-2,0,13,30.2,34377.42
China,11-11-2003,0.3,-4.9,-3,4.3,8.9,20.5,32228.1
China,12-11-2003,3.2,-6.3,-2.6,0,9.8,18.7,34143.66
China,13-11-2003,12.4,-7.1,0.9,0,11,18.7,34029.41
China,14-11-2003,3.9,-4.2,0.4,0,10.1,24.8,33917.14
China,15-11-2003,6.3,-4.5,0.2,0,8.3,18.4,28447.93
China,16-11-2003,6.3,-3.3,1,0,9,23.8,31711.39
China,17-11-2003,8.2,-1.7,2.6,0,8,19.8,31648.8
China,18-11-2003,7.5,-0.2,3.2,0.4,7.4,17.3,25060.67
China,19-11-2003,2.4,-0.4,1.4,0.4,11,27.7,23007.42
China,20-11-2003,2.7,-3,-1,0,16.1,34.6,28411.16
China,21-11-2003,5,-4.5,-1,0,9.4,17.6,32897.22
China,22-11-2003,6.7,-4.8,0.1,0,9,17.6,32098.42
China,23-11-2003,5,-2.3,0.4,0,8.5,16.6,32701.58
China,24-11-2003,8.1,-1.8,2,0,10.3,29.5,31481.7
China,25-11-2003,0.6,-3.2,-1.1,0.8,12.7,32,876.06
China,26-11-2003,6.6,-5.3,-0.5,0,11.6,21.2,32487.84
China,27-11-2003,1.5,-5.7,-3,0,14.3,33.1,21801.64
China,28-11-2003,1.2,-8,-4.6,0,7.6,19.8,32348.89
China,29-11-2003,6.8,-7.6,-2.1,0,11.7,18,32281
China,30-11-2003,1,-6.8,-3.1,0.3,14.4,32,32007.71
China,01-12-2003,0.1,-8.6,-4.9,0,8.2,19.8,27106.95
China,02-12-2003,0.4,-6,-3.6,0,8.5,22,31625.24
China,03-12-2003,2.2,-6.1,-2.8,0,8.8,22.3,30094.41
China,04-12-2003,1.6,-5.2,-2.2,0.2,9,26.6,30877.01
China,05-12-2003,0.8,-5.1,-2.8,0,9.8,17.3,30190.51
China,06-12-2003,2,-6.6,-3.1,0,10.2,15.8,31651.55
China,07-12-2003,1.3,-6.5,-3.1,0,10,19.4,30562.68
China,08-12-2003,2.7,-6.2,-2.9,0,10.6,19.1,31549.21
China,09-12-2003,0.3,-5.7,-3.1,0,11.1,30.6,29584.46
China,10-12-2003,3,-5.8,-2.4,0,9.4,20.2,31557.11
China,11-12-2003,2,-6.4,-2.7,0,9.7,19.4,31412.53
China,12-12-2003,4.9,-5.8,-1.3,0,10.2,20.2,31471.91
China,13-12-2003,5.8,-5.1,-0.3,0,11.6,18,31431.93
China,14-12-2003,4.3,-6,-2.4,0,12.2,18.4,31391.68
China,15-12-2003,0,-6.1,-3.9,0,12.8,30.2,30455.86
China,16-12-2003,0,-7.6,-4.6,0,11.4,27.4,30829.16
China,17-12-2003,0.1,-7.3,-4.2,0,13,28.4,29474.46
China,18-12-2003,-4.9,-10.1,-7.6,0,12.9,33.8,30561.09
China,19-12-2003,-1.2,-10.3,-6.7,0,8.4,19.1,31109.71
China,20-12-2003,-0.1,-7,-4.2,0.1,7.9,16.9,30668.07
China,21-12-2003,1.4,-6.2,-3.3,0,6.6,19.8,31115.53
China,22-12-2003,4,-6.3,-2,0,8.4,16.2,31278.07
China,23-12-2003,4.8,-5.5,-1,0,9.3,20.5,31195.48
China,24-12-2003,-1.9,-8.1,-5.1,0,16.6,39.2,29313.88
China,25-12-2003,-2.1,-9.2,-6.3,0,8,16.9,30457.12
China,26-12-2003,1.3,-9.2,-4.9,0,9.7,18,31171.48
China,27-12-2003,-1.4,-7.7,-5.2,0,10.5,24.1,26913.62
China,28-12-2003,-2,-8.6,-5.5,0.3,6,18,21365.86
China,29-12-2003,-0.5,-6.8,-4,0.8,7,17.3,20703.62
China,30-12-2003,3.4,-7.6,-3,0,8.2,21.2,31301.39
China,31-12-2003,0.6,-4.9,-2.7,0,12.2,28.8,29209.7
China,01-01-2004,-0.2,-7.8,-4.5,0,11.7,30.6,30649.57
China,02-01-2004,2.3,-7.4,-3.3,0,8.4,18.4,31515.63
China,03-01-2004,2.6,-5.3,-2.4,0,9.5,18.7,31291.99
China,04-01-2004,2.2,-6,-2.6,0,8.3,16.6,31430.87
China,05-01-2004,1.7,-5,-3,0.3,8,17.3,21170.77
China,06-01-2004,-0.3,-6.9,-4.1,0,7.9,16.9,29196.3
China,07-01-2004,1.1,-5.1,-2.7,0.9,10,22.3,17615.24
China,08-01-2004,0.7,-6.7,-3.9,0,9,16.6,31200.76
China,09-01-2004,2.2,-7.7,-3.6,0,9.5,17.3,31526.51
China,10-01-2004,1.2,-7.6,-3.2,0,9.1,15.8,24741.75
China,11-01-2004,2,-5.2,-2.6,0.6,11.1,29.2,31375.07
China,12-01-2004,0.5,-8,-4.4,1,12.2,23.4,31980.21
China,13-01-2004,3.2,-8.3,-3.8,0,13.7,24.1,31952.82
China,14-01-2004,-1.6,-8.2,-5.3,0,10,23,29718.98
China,15-01-2004,0.1,-7,-4.1,0,9.3,20.5,32175.9
China,16-01-2004,1.4,-9.5,-5,0,10.9,22,32526.12
China,17-01-2004,-7.1,-12.7,-10.2,0,14.3,32.8,30609.39
China,18-01-2004,-5.7,-13.7,-10.4,0,9.5,23,32571.65
China,19-01-2004,-4.7,-12.6,-9,0,8.7,21.6,32250.38
China,20-01-2004,-3.6,-10.2,-7.8,0.3,10.7,16.9,31918.83
China,21-01-2004,-0.5,-11.4,-6.7,0,12.3,18.7,32993.94
China,22-01-2004,-3.8,-11.4,-7.9,0,10.9,25.6,33187
China,23-01-2004,-8.7,-15.5,-12.6,0,8.9,21.2,33286.8
China,24-01-2004,-3.4,-15.8,-10.6,0,12.3,20.5,33389.12
China,25-01-2004,-1.5,-11.2,-7.3,0,11.5,22.3,33314.9
China,26-01-2004,-1.2,-11,-6.9,0,12.8,18.4,33600.71
China,27-01-2004,0.9,-10.2,-5.7,0,12.4,20.5,33709.63
China,28-01-2004,0.7,-9.3,-5,0,10,22,26840.52
China,29-01-2004,6.8,-8.8,-2.4,0,14,20.5,33932.96
China,30-01-2004,-1.6,-7.3,-4.3,0,13,31.7,30859.49
China,31-01-2004,-3.6,-10.1,-7.2,0.1,12.3,26.6,28800.46
China,01-02-2004,-8,-11.8,-9.4,1.7,11.5,25.9,4697.42
China,02-02-2004,-5.8,-12.9,-9.7,0,11.5,26.3,33496.03
China,03-02-2004,-3.2,-12.3,-8.3,0,11,23.4,34235.17
China,04-02-2004,-3.7,-13.6,-8.9,0,10.5,24.8,34285.04
China,05-02-2004,-3.3,-12.6,-8.4,0,9.8,23,34418.61
China,06-02-2004,-1.2,-12.1,-7,0,7.6,18.7,34479.36
China,07-02-2004,0.4,-10.9,-5.6,0,8.9,20.2,34592.22
China,08-02-2004,3.6,-10.1,-3.6,0,10.3,23.8,34772.86
China,09-02-2004,5.5,-7.3,-1.5,0,9.7,18.4,34848.05
China,10-02-2004,4.9,-5.3,-0.7,0,9.9,20.9,34732.02
China,11-02-2004,5.7,-5.9,-0.4,0,11.7,22,35141.13
China,12-02-2004,7.9,-3.7,1.3,0,19.1,43.9,34937.21
China,13-02-2004,11.8,-4.6,3.1,0,15.4,37.4,35546.65
China,14-02-2004,10.4,0.4,4.5,0,12.4,15.8,35724.27
China,15-02-2004,6.8,-2.5,1.9,0,18.5,40.7,34957.8
China,16-02-2004,8.4,-3.7,1.7,0,10,21.2,36007.4
China,17-02-2004,11.8,-4.4,2.9,0,22.4,49.3,36294.14
China,18-02-2004,14,0.8,6.4,0,18.5,36.7,36435.52
China,19-02-2004,8.3,-1.8,3,0,20.4,45,36571.52
China,20-02-2004,2.3,-2.6,-0.1,0.1,11.7,28.1,7853.28
China,21-02-2004,9.3,-2.9,2.4,0,10.7,24.8,34600.74
China,22-02-2004,8.9,-2.8,1.9,0,11.5,24.5,36981.24
China,23-02-2004,3.2,-3.5,-0.4,0.8,14.5,38.2,22404.77
China,24-02-2004,6.2,-3.8,0.9,0,10.7,26.6,35619.62
China,25-02-2004,7.5,-3.7,2.1,0,10.8,28.8,36256.55
China,26-02-2004,9.2,-2.2,2.9,0.3,11.9,32.4,37526.98
China,27-02-2004,9.8,-2,3.9,0,14.7,29.2,36023.78
China,28-02-2004,8.6,-4.8,2.2,0.1,17.1,37.1,37225.5
China,29-02-2004,5,-1.1,1.5,3.1,11.6,28.1,22885.88
China,01-03-2004,3.2,-3.5,-0.4,0,12.9,28.1,34843.49
China,02-03-2004,-1.1,-7.3,-3.7,2.2,22.7,52.2,18901.71
China,03-03-2004,5.4,-9.2,-2.9,0,12.7,34.9,38101.7
China,04-03-2004,6.1,-5,-0.2,0,22.5,45.4,37466
China,05-03-2004,6.2,-4.5,0,0,13.2,27.7,38214.32
China,06-03-2004,7.8,-1.8,1.9,0,12,27.7,38270.05
China,07-03-2004,7.9,-3.6,2.2,0,9.4,25.2,26521.57
China,08-03-2004,16.5,-3.6,6.4,0,19.5,46.1,38470.02
China,09-03-2004,22.1,0.2,8.3,0,31.6,70.9,38589.98
China,10-03-2004,8.2,-1.7,2.8,0,18.7,41.4,36049.12
China,11-03-2004,6.6,0.2,2.7,0,11.2,27.4,29162.93
China,12-03-2004,15.2,-2.8,5.1,0,24.7,52.9,38917.36
China,13-03-2004,14.7,-0.8,6.8,0,11,25.2,38937.39
China,14-03-2004,20,-0.3,9.2,0,12.4,30.6,39309.05
China,15-03-2004,15.3,1.8,8.7,0,19,42.5,39569.25
China,16-03-2004,9.1,-0.1,4.2,0,23.4,51.5,39742.49
China,17-03-2004,13.6,-4,3.9,0,11.5,27.4,39920.56
China,18-03-2004,16,-1.6,6.8,0.3,16.9,39.2,34129.67
China,19-03-2004,7.8,0.9,4.1,0.3,14.4,32,22710.03
China,20-03-2004,5.6,-0.8,2.2,4.9,14.1,33.8,25289.92
China,21-03-2004,10.3,-4.2,2.7,0,13,32.8,27893.11
China,22-03-2004,11.7,-0.1,5.1,0,12.8,31.3,39406.68
China,23-03-2004,12.4,-1.5,4.1,2.7,16.7,36.4,21940.69
China,24-03-2004,5.8,-1.8,1.8,1.3,10.5,24.8,20135.53
China,25-03-2004,12.2,-1.2,4.8,0,13,28.8,33285.86
China,26-03-2004,10.7,-0.2,4.3,0.4,23.2,52.9,29333.16
China,27-03-2004,13.6,-2.3,6.1,0,19.5,43.9,41670.14
China,28-03-2004,16.7,2.5,8.1,0,25.3,58.3,36512.46
China,29-03-2004,11.4,1.3,6,0,16.8,40.3,41942.85
China,30-03-2004,15.2,1.3,7.4,0,15.4,33.8,41419.07
China,31-03-2004,10.2,-0.7,3.9,1,29.1,63.7,36197.61
China,01-04-2004,17.6,-4.2,6.9,0,14.7,38.5,42335.08
China,02-04-2004,18.2,7.1,12.3,0,12.3,28.4,42420.07
China,03-04-2004,20.4,7.7,13.4,0,14.3,42.1,42504.35
China,04-04-2004,23.3,5,14.5,0,14.6,38.2,42587.81
China,05-04-2004,21.1,9.9,15.5,0,16.3,40.3,42339.81
China,06-04-2004,13.3,2.8,9.2,1.4,23.4,56.2,35551.86
China,07-04-2004,11.1,-1.7,4.7,0.1,10.8,28.1,42832.25
China,08-04-2004,15.3,-1.7,6.9,0,12.3,32,34745.16
China,09-04-2004,18.7,2.8,10.7,0,18.9,43.6,42991.91
China,10-04-2004,19.1,6.3,12.6,0,15.6,33.1,40365.54
China,11-04-2004,17.4,7.6,12.6,0,14.3,32.8,31439.82
China,12-04-2004,11.6,3.1,8.8,0,23,46.4,33557.03
China,13-04-2004,11,2.1,5.9,0.1,14.1,35.6,26874.45
China,14-04-2004,13.6,1.8,7.5,0,10.2,28.8,34132.84
China,15-04-2004,17.2,0.7,9.4,0,9.8,27,43200
China,16-04-2004,17.9,7.4,12.4,0,8.2,23.4,40264.28
China,17-04-2004,19,4.5,12.1,0,8.7,25.9,43200
China,18-04-2004,22.7,6.4,14.9,0,13.2,34.9,43200
China,19-04-2004,26.7,9.5,18,0,23.2,53.3,43200
China,20-04-2004,28.4,7.8,19.3,0,19.5,51.1,43200
China,21-04-2004,28.3,12.5,20,0,29.9,64.1,43200
China,22-04-2004,20.1,9.3,14.9,0.1,9.7,31.3,16197.96
China,23-04-2004,23.3,8.2,15.5,0,21.3,51.8,43200
China,24-04-2004,24.6,9.1,14.7,0.2,21.2,52.2,43170.32
China,25-04-2004,13.2,7.3,10.8,4.2,17.4,47.5,2256.2
China,26-04-2004,23.6,3.8,14,0,16.7,40.3,43346.52
China,27-04-2004,28.4,8.2,18.5,0,12.7,33.8,43502.98
China,28-04-2004,27.1,7.9,18,0,22.7,51.8,43493.79
China,29-04-2004,21.1,9.7,15.4,0,16.3,38.9,43334.16
China,30-04-2004,22.3,10.4,16,0.1,13.5,41,43224.93
China,01-05-2004,14.1,5.8,11.6,1.9,19.2,41.4,1199.18
China,02-05-2004,4.6,1.3,3.1,9.1,18.4,44.3,11219.4
China,03-05-2004,8.6,-0.4,5,0,12.8,32,22726.62
China,04-05-2004,16.2,-0.7,8.8,0,14.8,38.9,44541.91
China,05-05-2004,20.3,3.4,12.7,0,11.6,30.2,44664.51
China,06-05-2004,18.3,7,12.4,0,9.2,26.3,28165.27
China,07-05-2004,23.1,5.5,14.9,0,16.1,40.3,44801.7
China,08-05-2004,28.2,9.7,18.9,0,15.9,40.3,44932.11
China,09-05-2004,25.1,10.6,18.5,0,19.4,43.9,44009.18
China,10-05-2004,22.1,8.5,16.1,0,20.2,45.4,43467.07
China,11-05-2004,22.6,9.7,16.4,0,15.6,36.4,42937.61
China,12-05-2004,20.6,10.8,16.2,0,10.4,32.8,32328.5
China,13-05-2004,21.8,7.4,15.1,0.5,23.6,58,43225.48
China,14-05-2004,15.3,6.5,11,9.4,16.7,42.5,18538.17
China,15-05-2004,16.4,5.2,9.6,4.2,25.9,61.2,39857.33
China,16-05-2004,18.1,1.9,10.2,0,11.8,29.9,46479.92
China,17-05-2004,21.5,8.3,14.9,0.1,15.3,35.6,45539.66
China,18-05-2004,22.2,6.9,15.1,0,20.8,48.6,47492.55
China,19-05-2004,26.2,9.5,18.8,0,13.2,35.3,47520.49
China,20-05-2004,27.7,10.5,20.2,0,19.5,43.2,47493.13
China,21-05-2004,27,16.1,21.2,0,17.9,41,42057.83
China,22-05-2004,24.1,12.3,18.3,0,19.2,42.8,38619.61
China,23-05-2004,25.4,8.9,17.6,0.1,23.7,51.8,47763.18
China,24-05-2004,19,9.6,14.8,0,20.1,40.7,11416.39
China,25-05-2004,23.8,8.9,17.4,0,17.4,40,45293.3
China,26-05-2004,20.6,13.1,16.5,4.7,15.2,40,32500.18
China,27-05-2004,24.8,11.2,18.3,0,13.8,32.4,46713.77
China,28-05-2004,27.7,11.6,19.5,4.2,18.6,47.9,39209.93
China,29-05-2004,15.5,7.5,11.1,35.3,17.1,39.2,193.64
China,30-05-2004,19.5,4.8,13,0,9.6,24.1,42863.03
China,31-05-2004,20.2,9.8,14.5,0,15.5,37.8,40662.14
China,01-06-2004,26.4,6.4,17.3,0,15.3,37.8,48660.2
China,02-06-2004,23.4,11.2,17.3,0,17.7,41.8,46354.94
China,03-06-2004,14.8,9.8,12.3,7,16.1,35.6,5977.64
China,04-06-2004,16.2,9.2,12.7,5.1,12.4,27.4,17912.34
China,05-06-2004,20,7.7,12.6,6.8,23.3,55.1,37515.98
China,06-06-2004,19.7,5.7,12.9,0.1,15.2,37.8,48821.34
China,07-06-2004,20.3,9.1,14.8,0,13.4,33.8,48929.63
China,08-06-2004,22.7,8.2,16,0,14.6,36.7,48965.36
China,09-06-2004,19.7,11.1,15.2,1.2,16.8,43.9,21898.12
China,10-06-2004,20.7,8.7,15.1,0,26.6,60.8,44579.78
China,11-06-2004,19.4,10,14.2,0,27.8,61.2,46963.88
China,12-06-2004,18.9,9,13.5,3.4,15.5,41,20805.06
China,13-06-2004,24.6,9.4,18.1,0,12.5,31.7,44341.02
China,14-06-2004,22.8,13.8,18.2,2.2,12.1,30.6,47885.5
China,15-06-2004,26.5,10,19.2,0,14.1,34.6,46031.45
China,16-06-2004,25.5,14.1,20.7,0,12.6,31,47203.2
China,17-06-2004,25.9,13.9,20.8,0,18.2,42.5,49170.14
China,18-06-2004,25.8,13.5,20.1,0,10.1,26.6,46844.7
China,19-06-2004,26.7,12.9,20.1,0,9.9,25.2,47854.29
China,20-06-2004,28.9,13,21.6,0,9.5,24.8,49190.19
China,21-06-2004,30.6,15.3,23.3,0,11.5,27.7,49191.37
China,22-06-2004,29.7,17.8,23.2,0.5,21.4,50.8,36422.38
China,23-06-2004,25.8,14.8,19.8,3.7,10.5,27.7,37546.13
China,24-06-2004,29,13.4,22.1,0,8.2,22.3,49178.23
China,25-06-2004,30.9,19.7,25.2,0,14.9,36.4,49168.24
China,26-06-2004,30.2,17.4,23.9,0,26.5,58,47987.16
China,27-06-2004,25.1,17.7,21.6,2.9,16,43.9,27326.38
China,28-06-2004,25.1,18.5,21.4,2.2,14.2,32.8,34790.71
China,29-06-2004,21.2,16.7,18.9,0.2,19.2,39.2,20154.64
China,30-06-2004,21.8,13.7,17.2,3.6,10.6,28.1,28320
China,01-07-2004,28.7,11.8,21.2,0,11.6,31.7,49049.57
China,02-07-2004,28.6,15.9,22.7,0,13.5,29.9,44405.86
China,03-07-2004,30.6,15.4,23.6,0,8.4,23.8,45189.45
China,04-07-2004,29.3,16.9,22.4,1.5,21.9,50,48806.22
China,05-07-2004,29.6,13.7,22.4,0,15.7,38.2,48914.8
China,06-07-2004,31.4,15.2,24,0,11.5,32,48874.62
China,07-07-2004,32,15.3,24.6,0,14.3,39.6,48831.96
China,08-07-2004,26.3,16.7,22.5,0,21.7,51.8,32029.35
China,09-07-2004,18.5,13.7,15.9,19.7,11.6,34.6,19326.55
China,10-07-2004,25.3,10.4,18.6,0,12.6,31.7,48689.71
China,11-07-2004,27.8,14.9,21.5,0,18.4,42.5,48637.72
China,12-07-2004,26,15.8,21.4,0,15.5,37.4,47260.95
China,13-07-2004,27.5,16.2,22.6,0,9.4,23.4,40000.35
China,14-07-2004,21.7,15.8,19.2,4.9,10.9,26.3,10515.01
China,15-07-2004,23.9,13.2,18.8,3.3,8.4,24.8,47709.02
China,16-07-2004,23.2,14,18.8,3.7,7.1,23,46437.02
China,17-07-2004,23.3,13.2,18.2,2.3,15.7,37.8,43617.29
China,18-07-2004,24.8,12.4,19.4,0.1,13,29.5,48214.25
China,19-07-2004,25.9,13.4,20.3,0.1,13.4,31.7,48144.48
China,20-07-2004,26.5,14.9,20.7,0.1,16.6,43.2,47910.32
China,21-07-2004,27.8,15.8,21.3,0,20.2,46.1,46740.87
China,22-07-2004,29.9,16.1,22.1,0.2,18.7,42.8,45879.02
China,23-07-2004,25.8,16.4,21.2,0,16.5,32.8,37103.52
China,24-07-2004,25.8,17.5,21.5,2.3,12.1,30.6,44975.75
China,25-07-2004,22.4,18.1,19.7,19,13.7,41.8,21804.83
China,26-07-2004,26.5,14.9,21.2,0.7,7.4,25.9,37613.78
China,27-07-2004,25.9,16.3,21.3,0.6,13.4,34.6,46945.95
China,28-07-2004,24.9,14,18.8,5.9,21.5,49.3,40864.82
China,29-07-2004,20.5,12.2,16,7.1,9.4,33.5,29870.76
China,30-07-2004,26.6,10.5,19.1,0,12.6,33.1,46665.49
China,31-07-2004,27.9,13,20.6,0,15.6,38.5,46606.04
China,01-08-2004,27.9,16.6,21.5,0,15.5,34.9,45684.96
China,02-08-2004,29,17.6,22.8,0,13.7,31.3,44000.62
China,03-08-2004,28.5,17.6,22,4.6,14.2,35.6,36209.89
China,04-08-2004,27.5,15.9,21.7,0,21.9,53.6,45773.42
China,05-08-2004,28.9,16.3,22.2,0,22.5,53.6,45625.2
China,06-08-2004,28.7,14.9,22.1,0,12.4,34.2,43355.46
China,07-08-2004,29.8,15.7,22.9,0,16.3,41,45692.52
China,08-08-2004,31.6,15.3,23.7,0,15.1,37.1,45530.84
China,09-08-2004,27.7,17.1,22.5,0,24.7,55.4,44249.57
China,10-08-2004,24.1,15.8,19.6,0.7,15.2,31.3,23436.82
China,11-08-2004,23.4,15.4,18.8,5.3,17.3,41.4,14997.98
China,12-08-2004,20.4,14.5,17.3,4,12.3,24.1,9525.15
China,13-08-2004,25.3,16.6,20.3,8.6,16.5,35.6,27232.55
China,14-08-2004,16.8,13.6,14.6,9.8,8.7,25.2,0
China,15-08-2004,20.8,12.5,16.2,8,7.4,20.5,5646.01
China,16-08-2004,25.8,13.2,19.4,0,9.2,24.8,44334.34
China,17-08-2004,27,14,20,0.9,9.3,23.4,43777.6
China,18-08-2004,26,14.3,19.6,4.2,11.8,31.7,38690.46
China,19-08-2004,16.4,13.6,15.2,19.8,11.4,30.2,0
China,20-08-2004,23.1,10.6,17.1,0,9,23.4,43534.33
China,21-08-2004,24.3,12.9,19,0.1,10.8,28.8,43626.72
China,22-08-2004,26,13.2,19.6,0,13.8,37.1,43200
China,23-08-2004,21.3,12.9,17.3,1.3,12.4,29.5,39797.63
China,24-08-2004,18,13.1,16,11,9.1,28.4,13809.32
China,25-08-2004,24.5,9.5,17.6,0,14.3,34.2,43200
China,26-08-2004,23.6,14.4,18.2,4.4,14.3,35.6,38253.23
China,27-08-2004,14.7,9.4,11.9,5.1,17.3,37.1,17692.72
China,28-08-2004,22.1,9.2,15.5,0,13.5,31,38828.68
China,29-08-2004,22.6,14.1,17.9,0,9,28.8,33841.23
China,30-08-2004,24.4,12,18.1,0.2,17.7,40,38469.58
China,31-08-2004,23.4,13.3,18.2,0.1,10.4,25.2,41310.25
China,01-09-2004,24.9,13.4,19.2,0,21.4,50,43197.59
China,02-09-2004,22.7,15.5,18.7,0.3,15.3,41.4,30891.99
China,03-09-2004,23,14.6,18.8,0.2,14.1,31.3,35501.59
China,04-09-2004,17.4,14.4,16,5.9,8.8,21.6,1764.29
China,05-09-2004,23.5,10.7,17.2,0.3,10.9,24.8,39091.08
China,06-09-2004,22.7,15.2,18.6,0.9,13,28.4,26244.53
China,07-09-2004,17.6,10.9,14.6,3.4,7.3,18.7,65.13
China,08-09-2004,23.1,7.1,15.2,0,14.1,36,42645.54
China,09-09-2004,24.5,10.5,17.3,0.6,11.4,25.2,42314.19
China,10-09-2004,23.3,9.1,16,0.8,16.7,42.8,41936.41
China,11-09-2004,22.9,10.1,16.1,0.7,15.3,39.2,41406.42
China,12-09-2004,16.3,9.3,12.9,11.4,15.1,39.2,1966.73
China,13-09-2004,20.3,5.8,13.6,0,13.8,38.9,41990.37
China,14-09-2004,23.1,7.4,15.9,0,15,38.5,41859.46
China,15-09-2004,25.3,10.7,17.9,0.2,10.7,26.3,41727.71
China,16-09-2004,16.3,11.9,13.7,6.6,12.7,27.7,1665.99
China,17-09-2004,17.1,10.8,13.4,8.1,10.1,23.8,9337.97
China,18-09-2004,18.3,7,12.5,0,15.3,34.2,26867.13
China,19-09-2004,17.8,10.8,13.3,3.3,18.6,42.1,30658.35
China,20-09-2004,18.8,9,13.9,0,7.6,24.8,34385.83
China,21-09-2004,20.2,7.2,13,3.5,8.7,23.8,27105.67
China,22-09-2004,21.2,7.1,13.6,0,15,34.9,39167.18
China,23-09-2004,17.4,10.1,13.2,3.4,16.1,41.4,20990.45
China,24-09-2004,14.5,9.3,11.7,9.9,12.3,28.1,450.19
China,25-09-2004,19.2,7.7,13,0,10.2,22,39903.56
China,26-09-2004,14.8,9,12.1,5.2,11.9,26.6,10953.82
China,27-09-2004,18.4,10.2,13.8,0.6,9.8,26.3,38412.34
China,28-09-2004,18.9,8,13.5,0,10.6,30.6,35631.89
China,29-09-2004,19.7,6.9,12.7,6.3,17.3,44.3,31994.65
China,30-09-2004,6.2,1.8,4.3,0,15.6,34.2,15625.02
China,01-10-2004,11.7,2,6.1,0,9,20.9,38524.4
China,02-10-2004,16,2.7,8.9,0.2,11.8,28.1,38789.33
China,03-10-2004,17.9,4.5,10.6,0.1,13,31,38724.2
China,04-10-2004,15.3,5.1,9.5,0.1,17.9,40.7,34192.32
China,05-10-2004,14.5,4.9,9.6,0.9,9.1,20.9,27204.04
China,06-10-2004,16.7,5.5,10.6,0,7.6,24.5,37969.64
China,07-10-2004,18.7,5,11.4,0,12,25.9,38146.6
China,08-10-2004,18.6,5,11,0,18.8,43.2,37955.77
China,09-10-2004,15.4,6.1,9.9,0.2,24.6,54.4,26909.66
China,10-10-2004,15.5,3.9,9.4,0,12.7,30.2,37507.02
China,11-10-2004,16,6.1,10.2,0,9.7,25.6,37609.25
China,12-10-2004,16.7,3.4,10,0,13.6,29.5,33439.89
China,13-10-2004,14.5,5.1,9.7,0.4,18.7,43.2,18579.93
China,14-10-2004,12.9,7.1,9.4,1.6,13.8,38.2,10281.53
China,15-10-2004,13.1,6.6,9.4,0,12.1,26.3,10558.45
China,16-10-2004,11.8,7.2,8.7,5.7,7.6,22,5132.7
China,17-10-2004,16.9,4,10,0,9.8,24.5,36116.98
China,18-10-2004,16.9,3.9,9.8,0,9.7,22.7,36645.55
China,19-10-2004,17,6.7,10.6,0,11.5,27.7,35823.16
China,20-10-2004,6.9,1,2.9,2.3,19.9,44.6,3399.71
China,21-10-2004,11,-0.1,4.8,0,12.1,29.9,35668.69
China,22-10-2004,11.7,0.9,5.9,0.9,8.1,20.5,31129.02
China,23-10-2004,9.9,3.1,6,0,8.1,22,27538.62
China,24-10-2004,13.9,1,6.7,0,13.6,28.4,35693.58
China,25-10-2004,7.9,0.1,4.1,0,11.4,25.9,35376.43
China,26-10-2004,12.8,-2.3,4.4,0,10.3,27.7,35395.56
China,27-10-2004,14.2,0.2,6.5,0,9.7,23.4,35235.3
China,28-10-2004,12.6,3.6,7.1,0,12.2,31.7,32564.99
China,29-10-2004,7.8,3.9,5.8,1.6,14.8,31.3,3853.9
China,30-10-2004,7.1,1.8,3.7,2.8,10.5,26.6,25569.5
China,31-10-2004,11.2,-2,4.4,0.5,9.8,24.1,34962.09
China,01-11-2004,13.8,1.4,6.8,0,10.1,19.8,34896.15
China,02-11-2004,15,2.9,7.8,0,11,23,34831.32
China,03-11-2004,14.6,1.4,7,0,11.3,22,34767.7
China,04-11-2004,12.3,1.4,6.8,0,12.3,29.5,34705.37
China,05-11-2004,14.4,0.1,6.9,0,11.2,28.4,34644.43
China,06-11-2004,16.7,-0.2,8.2,0,10.3,22,34584.97
China,07-11-2004,12.7,3.2,8.1,0,11.7,21.2,34527.08
China,08-11-2004,15.6,2,7.8,0,12.7,28.4,34470.87
China,09-11-2004,5.5,-3,1.5,0,18.1,42.8,23865.09
China,10-11-2004,8.5,-5.6,0.5,0,18.3,41,34284.3
China,11-11-2004,4.9,-4.6,-0.4,0,12.7,34.6,34170.27
China,12-11-2004,6.2,-1.7,1.1,0.8,9.1,25.6,25149.54
China,13-11-2004,7.6,-1.6,2.5,0,11.6,25.9,33496.66
China,14-11-2004,6.2,-0.4,2.4,0,14.4,30.6,30536.51
China,15-11-2004,5.9,-1.9,1.5,0.2,9.3,22.7,33104.66
China,16-11-2004,6,-2.5,1.2,0,12.3,32,33628.9
China,17-11-2004,9,-3.1,2.7,0,9.9,26.3,33524.57
China,18-11-2004,8.6,-1.1,3.2,0,9.7,18.4,32301.75
China,19-11-2004,6.5,-1.1,2.5,0,8.7,19.4,31746.91
China,20-11-2004,9.2,-1.7,2.4,0,10.8,17.3,33089.9
China,21-11-2004,7.9,-1.8,2.5,0,9.2,21.6,31617.93
China,22-11-2004,2.4,-4,0.5,1.2,14.1,32.4,25596.73
China,23-11-2004,5.1,-4.7,-0.4,0,14.3,33.5,32310.38
China,24-11-2004,-3,-9.7,-6.7,1.6,16.8,37.1,22645.63
China,25-11-2004,-4.9,-12.1,-8.8,0,7.9,21.6,32605.1
China,26-11-2004,2.8,-9.5,-3.8,0,7.3,17.3,32320.89
China,27-11-2004,6.9,-4.8,0.3,0,7.7,17.6,32358.38
China,28-11-2004,6.4,-2.2,1.3,0,7.1,19.8,32290.91
China,29-11-2004,9.6,-2.3,1.8,0,10.3,15.1,32121.68
China,30-11-2004,8.9,-2.6,2.2,0,13.3,21.6,32058.49
China,01-12-2004,5.5,-3.9,-0.5,0,11.2,24.8,31793.41
China,02-12-2004,3.3,-2.6,-0.2,0,10.5,23,28550.13
China,03-12-2004,6.4,-3.2,1,0.4,10.5,24.5,31780.28
China,04-12-2004,6.5,-4.3,0.5,0,8.5,19.4,31725.48
China,05-12-2004,5.3,-3.6,0.2,0,20.4,46.1,30789.01
China,06-12-2004,3.5,-5,-1.6,0,8.7,25.2,31619.34
China,07-12-2004,8.5,-4.4,1.4,0,13,31.7,31668.61
China,08-12-2004,8,-3.6,2,0,12.3,22,31619.2
China,09-12-2004,3.7,-5,-1.9,0,12.5,19.1,31571.52
China,10-12-2004,2.9,-4.8,-1.2,0,9,22.3,26461.8
China,11-12-2004,7.3,-4.2,0.9,0,11,23,31481.61
China,12-12-2004,7.9,-2.6,1.4,0,11.4,21.2,31439.56
China,13-12-2004,7.8,-2.7,1.2,0,10.8,24.5,30711.53
China,14-12-2004,8.6,-4.3,1.3,0,9.2,17.3,31054.7
China,15-12-2004,10.9,-4,1.5,0,9.6,15.8,31145.74
China,16-12-2004,4.3,-2.5,0.4,0,9,22.7,30588.81
China,17-12-2004,7.5,-4.6,0.6,0,11,20.2,30473.11
China,18-12-2004,8.5,-3.3,1.5,0,10.5,18,31217.37
China,19-12-2004,3,-2.5,0,0,13.1,29.5,26391.61
China,20-12-2004,4.8,-2.8,-0.3,0.2,12.2,31.3,28509.07
China,21-12-2004,-0.4,-5.2,-3.2,0.5,9,23.4,24354.85
China,22-12-2004,2.4,-5.3,-2,0,10.5,25.9,19716.98
China,23-12-2004,3.1,-6.2,-2.4,0,11.6,16.2,30906.21
China,24-12-2004,2.5,-6.1,-2.9,0,9.7,19.8,28506.08
China,25-12-2004,-2.6,-7.8,-5.1,0,11.5,25.9,22908.79
China,26-12-2004,-5.9,-9.2,-7.9,1.8,12.2,28.1,13125.31
China,27-12-2004,-2.8,-9.9,-7,0,10.1,18,30649.96
China,28-12-2004,1,-10.4,-6.1,0,15.5,34.6,31350.73
China,29-12-2004,-9.9,-16.4,-11.9,0.3,18,37.8,23234.91
China,30-12-2004,-12.6,-20.9,-16.9,0,11.9,25.2,31242.45
China,31-12-2004,-6.2,-16.3,-11.4,0,9.7,15.5,31012.03
China,01-01-2005,-3.2,-13.1,-8.7,0,9.1,19.8,31420.73
China,02-01-2005,1.2,-9.2,-5.5,0,11.2,27,31467.11
China,03-01-2005,-1.1,-9.2,-5.9,0,10.5,17.6,31515.47
China,04-01-2005,-0.9,-9.3,-5.7,0.5,9.8,18.7,25632.97
China,05-01-2005,4.5,-10.4,-3.7,0,12.3,19.1,31617.85
China,06-01-2005,-2.2,-8,-5.3,0,8.7,23.4,31582.81
China,07-01-2005,-3.2,-8.7,-6,0,9.2,19.1,15085.71
China,08-01-2005,-1.5,-9,-5.9,0,9.1,15.8,31605.73
China,09-01-2005,0.3,-9.3,-5.5,0,9.9,21.2,31842.08
China,10-01-2005,0.5,-9,-5.1,0,9.2,15.1,31542.03
China,11-01-2005,-0.6,-8.7,-4.9,0,8.9,19.1,24365.91
China,12-01-2005,-0.6,-6.7,-4.2,0,6.6,15.1,30654.68
China,13-01-2005,-1.8,-9.2,-6,0,9.5,24.1,31352.91
China,14-01-2005,1.4,-10,-5.6,0,10.2,16.6,32338.5
China,15-01-2005,0.3,-9.5,-5.3,0,11.1,20.2,32501.96
China,16-01-2005,-1.4,-9.9,-6.5,0,9.7,22.3,32669.55
China,17-01-2005,-0.4,-10.9,-6.2,0,11.5,21.2,32744.75
China,18-01-2005,-1.7,-10.2,-6.2,0,12.2,18,32821.46
China,19-01-2005,-1.1,-10,-5.7,0.4,10.6,19.8,30487.54
China,20-01-2005,-0.8,-6,-3.8,2.3,5.6,15.5,23490.03
China,21-01-2005,-0.4,-8.9,-5.3,0,10.5,23.8,32442.33
China,22-01-2005,0.5,-8.7,-5,0,12.1,24.5,32169.71
China,23-01-2005,-3.8,-9.8,-7,0,13,20.2,31373.63
China,24-01-2005,-4.2,-11.4,-8,0,12.8,26.3,32964.75
China,25-01-2005,0.2,-11.6,-6.9,0,13.4,22.7,33582.25
China,26-01-2005,1.6,-7.8,-4.3,0,12.2,19.8,32200.19
China,27-01-2005,3.6,-8.2,-3.6,0,12.8,18.4,32410.54
China,28-01-2005,-4.1,-12.6,-7.5,0,15.3,32,33909.08
China,29-01-2005,-5.9,-13.8,-10.4,0,9.3,26.3,29223.16
China,30-01-2005,-3.3,-14.6,-9.3,0,9.2,20.5,34064.2
China,31-01-2005,-1.5,-11.3,-6.9,0,12.3,26.3,34111.49
China,01-02-2005,-2.6,-10.4,-6.9,0,10.2,18.7,30885.83
China,02-02-2005,3.1,-9.3,-4.3,0,10.7,18.7,33129.98
China,03-02-2005,3.4,-7.5,-4.2,0,10.5,20.9,34300.81
China,04-02-2005,-0.9,-8.3,-5.2,0,10.4,25.2,34029.8
China,05-02-2005,3.9,-7.2,-2.8,0,19.2,31,34373.82
China,06-02-2005,-3.8,-10.3,-7.4,0,17.3,38.5,29282.06
China,07-02-2005,0.6,-10.9,-5.9,0.2,10.9,24.5,34641.47
China,08-02-2005,-3.9,-9.1,-6.8,0,18.4,43.6,28834.17
China,09-02-2005,-1.5,-11.2,-6.6,0,11.2,27.7,32862.43
China,10-02-2005,-0.7,-9.5,-5.6,0,14.8,32.8,34773.06
China,11-02-2005,3,-8.5,-3.5,0,10.9,22.7,33987.48
China,12-02-2005,4.7,-7,-2.2,0,17.1,39.6,35372.15
China,13-02-2005,4,-4.8,-1.4,0.3,12.6,34.2,31930.95
China,14-02-2005,3.7,-5,-1.3,0.3,15,34.2,30090.48
China,15-02-2005,1.6,-6.9,-3,0,10.5,24.1,32635.56
China,16-02-2005,2.5,-7,-2.6,1.5,13.4,32,20899.44
China,17-02-2005,-3.2,-13,-7.3,4.2,15.9,33.8,26409.4
China,18-02-2005,-7.6,-16.1,-12.2,0,13.6,28.4,25897.23
China,19-02-2005,-2.2,-12.6,-8,0,9.7,17.6,36574.37
China,20-02-2005,0.1,-9.4,-5.4,0,10.9,22.7,36809.3
China,21-02-2005,7.5,-6.1,-0.9,0,8.8,23.4,36942.86
China,22-02-2005,11.4,-6.4,1,0,14,20.9,37077.04
China,23-02-2005,7.4,-2.5,1.5,0,12,28.1,37212.36
China,24-02-2005,7.9,-4.3,1.6,0,17.1,37.1,32561.07
China,25-02-2005,8.7,-4.7,1.7,0,14.1,34.2,35747.05
China,26-02-2005,1.7,-6.6,-1.6,3.1,17.3,41,14655.97
China,27-02-2005,4.2,-7.2,-1.7,0.5,11.2,24.1,35360.11
China,28-02-2005,8.2,-5.7,1.1,0,11.6,23.4,32387
China,01-03-2005,6.1,-2.2,1.3,1.4,16.3,36.4,22608.35
China,02-03-2005,1.4,-4.4,-2.2,1.4,17.1,41.4,36088.08
China,03-03-2005,0.8,-6.9,-3.4,0,21.7,48.6,38087.8
China,04-03-2005,2.2,-8.1,-3.4,0,13.2,35.3,38144.59
China,05-03-2005,9,-7.3,0,0,12.1,19.1,38200.98
China,06-03-2005,7.2,-3.1,2.1,0,11.7,30.6,38256.99
China,07-03-2005,10.6,-2.3,4.1,0,10.2,19.8,38347.48
China,08-03-2005,13,1.1,6.5,0,11.5,23.8,38367.87
China,09-03-2005,15.5,1.2,8.1,0,12.7,32.4,38511.58
China,10-03-2005,11.7,-1.2,6.3,0,23.2,50,38634.17
China,11-03-2005,4,-4.8,-0.6,0,17.3,35.3,35226.24
China,12-03-2005,7.9,-6,-0.4,0,18.7,39.6,38585.12
China,13-03-2005,10.7,-5.3,1.6,1.8,17.1,37.4,35434.89
China,14-03-2005,12.1,-1.5,4.3,0.2,15.9,33.8,37666.46
China,15-03-2005,10.7,-0.4,4.8,0.7,17.9,39.6,33617.03
China,16-03-2005,3,-1.8,0.6,3.3,13.5,34.6,23348.68
China,17-03-2005,1.7,-4.1,-1,0,13.5,30.2,33407.59
China,18-03-2005,12,-5.4,2.8,0.2,15.5,34.2,37075.65
China,19-03-2005,12.7,-2.4,4.7,0.3,18,40,39825.95
China,20-03-2005,8.1,0.8,4.3,0,19.3,40.7,5366.48
China,21-03-2005,10.1,1,5.4,0,16.3,37.1,30970.41
China,22-03-2005,8.9,1,4.8,4.4,9.6,23.4,27216.36
China,23-03-2005,9.6,1.4,5.5,0,13.8,31.7,21854.67
China,24-03-2005,11.5,-1.4,5,0,21.9,51.8,41230.96
China,25-03-2005,13.3,-1.7,5.9,0,12.7,32.4,38722.94
China,26-03-2005,14.7,0.3,7.6,0,13.3,31.3,40213.03
China,27-03-2005,15.6,1.8,8.2,2.3,13.5,32.4,40550.49
China,28-03-2005,12,-0.4,6.1,0.2,16.3,40.3,41132.12
China,29-03-2005,11.2,0.3,5.9,0.3,16,37.8,24996.23
China,30-03-2005,15.4,1.3,8.1,0.1,11,31,41692.94
China,31-03-2005,15.6,3.3,9.7,0,15.6,36.7,28846.12
China,01-04-2005,12.6,3,8,0.5,12.3,31.3,24820.93
China,02-04-2005,15.3,0.5,8.2,0,15.3,37.1,42396.04
China,03-04-2005,18.4,1.5,10.4,0,10,27.7,42478.18
China,04-04-2005,20.4,3,12.1,0,9.9,25.2,39258.27
China,05-04-2005,22.7,2.4,13.3,0,19.2,45,42642.94
China,06-04-2005,24.9,8.6,15.9,0,11.5,29.9,42725.38
China,07-04-2005,11.1,5.6,9.2,0,19.3,41.8,30417.07
China,08-04-2005,10,-0.7,4.2,0.8,28.3,64.1,35689.95
China,09-04-2005,6.7,-3.1,1.6,0,11.7,30.6,35703.52
China,10-04-2005,10.7,-1.9,4.3,0,17.6,40.3,36002.87
China,11-04-2005,7.8,-0.3,3.9,0,16,39.6,18233.31
China,12-04-2005,11.1,-1.4,4.8,0,11.2,32,40497.4
China,13-04-2005,15,-1,7.5,0,10.9,31,43073.02
China,14-04-2005,17,3.7,9.7,0,13.3,34.9,41318.38
China,15-04-2005,17.7,4.7,10.6,0.2,12.7,32,43200
China,16-04-2005,14.7,4.8,8.9,4.9,17.6,41,25556.69
China,17-04-2005,17,1.7,9.7,1,11,24.8,43200
China,18-04-2005,17.8,5.3,11.1,0.2,21.8,48.6,42876
China,19-04-2005,13.1,-0.3,6.6,0,12.6,27.4,43200
China,20-04-2005,22.1,1.3,12.2,0,14.7,37.1,43203.72
China,21-04-2005,23.2,7.7,15.6,0,14.3,33.1,43200
China,22-04-2005,21.3,8.6,14.6,1.6,15,36,43200
China,23-04-2005,18.1,6.2,13.2,0.4,11.9,31,42620.79
China,24-04-2005,19.9,7.6,14.3,0.2,12.3,31.3,43200
China,25-04-2005,22.6,6.1,14.7,0,12.2,25.6,43259.25
China,26-04-2005,23,9.1,16.8,0,14.6,41,43200
China,27-04-2005,25.7,10.2,17.9,0,15.3,37.8,43343.77
China,28-04-2005,26,11.9,19.1,0,17.8,41,43397.53
China,29-04-2005,26.1,11.4,18.4,0.8,13,32.4,36273.71
China,30-04-2005,23.7,13.5,17.8,0,20.4,49.7,25097.52
China,01-05-2005,23.2,9.1,16.7,0,16.6,43.9,43218.88
China,02-05-2005,25.3,11.4,18.4,0,13.7,37.8,40813.43
China,03-05-2005,26.5,9.7,18,0.3,18.1,41.8,43536.4
China,04-05-2005,18.9,7.3,14.5,4.2,29.5,67.7,20217.26
China,05-05-2005,17.2,3.7,10.2,0.5,13.9,44.6,44434.87
China,06-05-2005,26.6,6.4,16.7,0,15,35.6,44672.25
China,07-05-2005,22.7,11.1,17.9,0,19.4,45.4,43286.61
China,08-05-2005,25.4,8.9,17.5,0,10.5,27.4,43278.79
China,09-05-2005,24,11.1,18.1,0,17.6,42.8,43392.03
China,10-05-2005,25.4,9.6,17.9,0,14.7,38.2,45324.33
China,11-05-2005,27.1,9.6,18.8,0,22.9,54.7,44397.05
China,12-05-2005,16.5,11.6,14.1,3,19.7,51.5,10001.54
China,13-05-2005,23.6,7.2,16.1,0,14.6,38.9,44281.38
China,14-05-2005,24.8,8.8,17.1,2.7,22.1,49.3,42838.46
China,15-05-2005,17.8,10,13.9,2.8,17,41,24221.28
China,16-05-2005,11.5,6.1,9.1,7.4,17.8,40.7,1689.52
China,17-05-2005,17.9,3.2,11.1,0,15.1,35.6,46494.71
China,18-05-2005,15.9,5.2,10,6.8,12.2,33.8,26440.57
China,19-05-2005,18.9,5.5,12.4,0,16,39.6,45830.08
China,20-05-2005,16.5,9.1,11.7,10.6,8.2,23.4,18966.16
China,21-05-2005,20.9,9.8,15.4,0.2,15.5,37.4,44131.42
China,22-05-2005,14.4,9.7,11.8,6.1,18.8,43.2,2557.13
China,23-05-2005,17,7.5,12.3,0.3,9.2,22.7,30648.71
China,24-05-2005,23.1,7.2,14.8,0.2,10.2,31.3,44051.64
China,25-05-2005,21.6,10.1,15.5,3.1,14,37.8,37987.27
China,26-05-2005,25.1,7.9,16.9,0,9.7,23.4,45932.79
China,27-05-2005,25.8,12.9,19.3,0,22.5,52.2,43325.9
China,28-05-2005,23.1,12.1,17.2,14.4,17.3,45,32501.06
China,29-05-2005,23,8.4,16.2,0.4,14.8,34.2,45573.75
China,30-05-2005,26.3,12.4,19.1,0,16.4,37.8,47270.96
China,31-05-2005,21.7,12.6,17,1.2,10.2,32.4,31103
China,01-06-2005,25.2,10.9,18.7,0,14.3,30.2,47420.66
China,02-06-2005,25.8,12.1,19.4,0,18.4,45.4,34927.75
China,03-06-2005,25.9,11.5,19.3,0,17.1,39.2,47162.58
China,04-06-2005,22.9,12.7,17.3,0.4,25.1,55.8,30028.41
China,05-06-2005,19.9,10.7,15.1,1.4,13.6,32.8,34764.71
China,06-06-2005,27.6,9.2,18.9,0,13.3,33.8,48878.81
China,07-06-2005,27.9,10.7,20,0,15.9,38.2,48918.21
China,08-06-2005,21.8,12.5,17,0.6,24.4,54.7,18550.96
China,09-06-2005,24.7,11.5,18.9,0,9.4,25.6,43175.73
China,10-06-2005,27,14.4,21,0,10.3,32,38998.64
China,11-06-2005,28.6,14.5,22,0,8.5,27,46961.32
China,12-06-2005,30.1,13.7,22.7,0.2,18.3,31,42295.74
China,13-06-2005,29.9,17.2,23.8,0,8.8,28.1,48388.27
China,14-06-2005,30,19.1,24.6,0,20.2,45,47214.33
China,15-06-2005,20.2,16.6,18.5,5.2,11.8,31,21714.54
China,16-06-2005,26.8,13.3,20,0.5,13,32.8,41793.38
China,17-06-2005,28,16.6,22.7,0,8.4,28.1,31208.67
China,18-06-2005,28.1,15.1,22.4,0,9.3,21.2,47357.41
China,19-06-2005,28.6,17.9,23.3,0,7.9,22,30509.69
China,20-06-2005,29,16.2,23.4,0,10,28.8,40154.11
China,21-06-2005,29,17.5,23.3,0.1,14,35.6,42686.33
China,22-06-2005,30.5,17.7,24.2,0,18,43.2,47142.12
China,23-06-2005,30.6,15.6,22.5,2.8,14.7,33.1,44834.73
China,24-06-2005,23.7,17.6,20.6,1.1,9.6,26.6,7171.88
China,25-06-2005,26.2,15.3,21.1,0,10.6,35.6,43198.57
China,26-06-2005,29,16,22,0,14.9,37.4,48446.07
China,27-06-2005,26.9,16.6,20.6,0,20.7,46.1,44180.83
China,28-06-2005,27.1,13.2,20.5,0.1,18,37.1,49124.48
China,29-06-2005,29.7,15.1,22.7,0.1,14.7,35.3,48383.42
China,30-06-2005,25.5,18.2,20,14.8,15.8,33.8,10514.35
China,01-07-2005,18.2,16.3,17.3,22.1,16.2,35.6,1151.99
China,02-07-2005,20.4,12.9,16.4,4.9,13.3,34.6,18011.32
China,03-07-2005,22.6,13.3,18,0.5,8.7,18.4,33484.8
China,04-07-2005,19.9,13.7,16.9,7.9,10.8,27,14635.81
China,05-07-2005,24.1,14.6,19,0,16.3,40,46665.54
China,06-07-2005,27.1,14.7,20.3,1.1,10.1,29.9,39315.8
China,07-07-2005,27.6,15.2,21.9,0.9,12.4,29.5,47631.32
China,08-07-2005,21.3,15,19.3,1.1,18.9,38.9,4894.67
China,09-07-2005,22.2,13.3,17.5,2,9.9,33.1,4900.96
China,10-07-2005,24.5,14.1,19,0,10,28.8,42564.81
China,11-07-2005,27.2,12,20.2,0,9.7,26.3,47287
China,12-07-2005,29.5,13.4,22.2,0,11.5,31,48601.42
China,13-07-2005,31.1,14.2,23.5,0,10.5,34.6,48545.8
China,14-07-2005,31.6,15.5,24.1,0.7,15.3,45.4,48487.49
China,15-07-2005,31.2,16.2,24.2,0,17,44.6,48426.59
China,16-07-2005,30.6,18.3,23.5,1.2,21.9,51.8,46370.09
China,17-07-2005,29,17.5,22.3,5,18.7,47.9,46233.12
China,18-07-2005,22,18,19.5,15.4,17.3,42.1,19493.18
China,19-07-2005,18.2,13.5,14.9,12.2,13.7,36.4,74.15
China,20-07-2005,15.6,12.6,13.9,7.5,9.3,24.1,0
China,21-07-2005,23.8,13.1,17.7,2.1,9.7,24.8,43743.04
China,22-07-2005,26.2,13.4,19.7,0,10.5,26.3,47818.33
China,23-07-2005,27.8,16.2,21.9,0,9,23,43301.9
China,24-07-2005,28.4,14.9,22.3,0,15.2,36.7,47470
China,25-07-2005,28.6,17.2,22.7,0,20.3,43.2,47063.01
China,26-07-2005,26.4,17.9,20.9,9.6,17.9,41,33042.8
China,27-07-2005,21.1,15.9,18.2,27.8,6.3,17.6,8254.1
China,28-07-2005,26,14.3,20.6,0,10.8,26.3,43011.33
China,29-07-2005,26.8,15.8,21.6,0.5,7.6,22.7,44511.76
China,30-07-2005,23.7,17.6,20.2,14.8,17,38.5,29774.27
China,31-07-2005,27.2,14.7,21.2,0,9.7,25.9,46307.89
China,01-08-2005,27,16.7,21.3,4.5,13,31.3,44143.79
China,02-08-2005,27.4,16.9,21.7,0.4,11.3,27.7,38449.81
China,03-08-2005,28.9,14.3,21.8,0,9.3,23.8,43841.48
China,04-08-2005,27.7,14.8,21,0,16.7,42.5,43309.46
China,05-08-2005,19.9,16,18.1,14.1,12.1,31.7,376.22
China,06-08-2005,22.5,14.8,17.7,6,18.6,42.1,41764.2
China,07-08-2005,22.6,14.1,17.8,0.1,13.2,35.3,38126.67
China,08-08-2005,25.3,14.9,19.7,0.1,11.2,27.7,44538.25
China,09-08-2005,26.7,15.7,21.1,0.2,10,25.6,44789.75
China,10-08-2005,27.5,15.8,21.5,0,19.3,45,43523.57
China,11-08-2005,18.9,14.3,16.5,19.8,12.3,31.7,212.33
China,12-08-2005,26.9,11.5,19.7,0,10,23,44994
China,13-08-2005,28.9,16.9,22.2,0,11.2,31.3,44024.53
China,14-08-2005,25.2,16,20.9,0,20.4,47.9,41351.64
China,15-08-2005,16.5,11.9,14.3,0,10.8,26.3,4110.78
China,16-08-2005,14.8,10.8,13.1,2.8,7.6,14.8,10306.34
China,17-08-2005,22.2,7.9,15.3,0,14.7,38.2,43857.14
China,18-08-2005,14.8,12.4,13.3,10.7,14.2,34.9,124.85
China,19-08-2005,16.5,11.1,13.6,0,16.5,36.4,31165.14
China,20-08-2005,20.9,10.5,15.8,0,8.1,21.6,24463.02
China,21-08-2005,23.6,14.4,19.1,0,11.2,28.4,43343.33
China,22-08-2005,23.1,12.6,17.5,8.5,11.5,29.5,42866.32
China,23-08-2005,24.4,11.1,17.8,0.6,10.1,25.9,43200
China,24-08-2005,25.6,13.5,19.5,0.2,14.5,35.6,43273.49
China,25-08-2005,24.2,14.8,19.1,0,11.8,31.3,39649.58
China,26-08-2005,24.5,12,17.9,0,18.4,43.9,43357.5
China,27-08-2005,21.1,12.7,16.3,0.6,14,36.4,21242.95
China,28-08-2005,26,11.9,18.8,0,9.8,24.8,43200
China,29-08-2005,26.6,13.9,20.8,0,12.8,32.4,43200
China,30-08-2005,26.2,14.9,20.3,0,15.9,34.9,36918.95
China,31-08-2005,22.3,15.5,18.9,1.3,11.4,25.6,22379.17
China,01-09-2005,24.7,16.6,20.6,0,13.6,30.2,34175.18
China,02-09-2005,25.8,15.5,20.2,0,11.5,29.5,43164.6
China,03-09-2005,26,14.1,20,0.2,15.8,40,39219.15
China,04-09-2005,18.1,11.9,15.5,9.9,12.5,32,12919.6
China,05-09-2005,22.9,9.5,16,0,8.8,19.8,39708.02
China,06-09-2005,24.5,11.1,18.3,0,10.6,25.6,41479.5
China,07-09-2005,24.7,11,18,0,10.5,28.4,42808.45
China,08-09-2005,27.2,11.7,19.2,0,11.3,27.7,42679.81
China,09-09-2005,28.8,12,20.4,0,13.6,33.5,42551.13
China,10-09-2005,26.8,13.1,19.8,0,13.5,40,42421.54
China,11-09-2005,22,15,18.2,1.8,18,39.6,34268.46
China,12-09-2005,15.4,9.5,11.5,2,15.9,34.9,402.99
China,13-09-2005,18.8,9,14,0.6,6,19.4,25220.43
China,14-09-2005,17,14,15.1,11.7,9.2,21.2,2713.86
China,15-09-2005,17.1,10.3,14.2,4,9.7,24.8,16558.48
China,16-09-2005,21.8,10.1,15.4,0,14.3,36,29927.29
China,17-09-2005,23.6,8.2,16.1,0,10.7,29.2,38893.1
China,18-09-2005,23.7,13.6,18.4,0,11.2,29.5,31018.66
China,19-09-2005,22.4,14.5,18.2,0.5,13.9,30.6,36649.58
China,20-09-2005,16.9,8,12.8,17.1,16.3,37.8,21518.71
China,21-09-2005,18.5,7.7,12.5,0,11,28.8,39474.75
China,22-09-2005,20.9,7.5,13.8,0,9.9,23.4,34882.57
China,23-09-2005,19.4,8.5,14.2,0,11.6,26.3,33718.95
China,24-09-2005,15.1,11.3,12.9,13,10.8,27,994.35
China,25-09-2005,18.2,8.9,13.1,0,14.5,34.2,17726.17
China,26-09-2005,17.2,11,13.5,0.2,14.5,33.1,29536.64
China,27-09-2005,19.6,10.7,14,0,12.4,27.7,35887.64
China,28-09-2005,17.8,11.1,13.7,2.7,9.4,24.1,8177.58
China,29-09-2005,14.2,11.6,12.8,12.2,7.6,19.1,205.49
China,30-09-2005,14.4,11.2,12.6,10.8,8.7,20.2,456.7
China,01-10-2005,13,9.3,11.4,18,12.5,28.8,10978.19
China,02-10-2005,9.8,6.1,8.5,13.8,11.2,23.4,0
China,03-10-2005,16.7,4.6,10.4,0,8.7,25.2,38086.72
China,04-10-2005,18.8,4.5,11.4,0,9.8,24.1,38147.55
China,05-10-2005,18.6,7.2,12,6.6,15.7,34.2,26329.12
China,06-10-2005,14.1,6.9,10.1,4.6,13.1,30.2,16051.28
China,07-10-2005,16,4,10.2,0,9.7,21.6,37930.25
China,08-10-2005,17.4,6,10.9,0,8.6,18,33848.92
China,09-10-2005,20.4,5.1,12,0,10.7,25.9,37856.49
China,10-10-2005,17.6,6.2,11.1,2.3,21.7,49.7,37774.06
China,11-10-2005,19.7,6,13.4,4.5,9.8,24.8,34753.46
China,12-10-2005,13.5,1.3,9.6,3.2,20.2,44.3,31350.09
China,13-10-2005,6.5,0.9,3.4,0.9,10,26.3,26264.09
China,14-10-2005,12.6,1.3,6.4,0,9.4,18.4,33398.3
China,15-10-2005,14.8,3.6,8.5,0,8.9,26.3,36226.63
China,16-10-2005,17.1,4.4,10.8,0,10.8,23.8,36976.46
China,17-10-2005,13.7,5.7,9.8,3.3,11.8,25.9,18126.97
China,18-10-2005,10.6,7.6,8.9,5,6.9,18,1276.35
China,19-10-2005,10.5,6,8.7,3.3,14,30.2,4273.75
China,20-10-2005,7.4,3.4,5,3.7,9.2,24.1,456.47
China,21-10-2005,9.5,1,4.8,0.1,13.4,31.3,2879.22
China,22-10-2005,9.5,0.6,5.1,0.1,11.8,28.1,34914.66
China,23-10-2005,13.6,1.1,7,0,9,20.9,35791.89
China,24-10-2005,16.5,1.7,8,0,9.5,19.4,35798.64
China,25-10-2005,14,1.9,7.3,0,9.7,21.6,35396.02
China,26-10-2005,6.2,1,3.4,1,12.8,30.6,9807.26
China,27-10-2005,8.6,0.2,3.7,0,10.8,23.8,28204.56
China,28-10-2005,9.1,0.2,4.4,0,11.2,25.2,35179.67
China,29-10-2005,11.3,-0.6,4.6,0,17.1,37.8,35140.8
China,30-10-2005,10.7,-2.1,3.7,0,10.6,25.2,35075.6
China,31-10-2005,10.4,-0.6,4.1,0,9.4,22.7,34741.98
China,01-11-2005,13.9,-0.5,6.1,0,9.4,18,34906.12
China,02-11-2005,14.9,0.8,7.8,1.8,8.5,24.8,33391.47
China,03-11-2005,12.2,4,7.5,0.4,10.2,19.1,34777.5
China,04-11-2005,14.8,2,7.9,1.1,12.8,30.2,34116.4
China,05-11-2005,9,1.8,5.4,0,14.8,31,32297.16
China,06-11-2005,11.4,0.1,4.8,0,10.4,19.4,34597.08
China,07-11-2005,10.6,1.5,4.9,0,11.9,23.4,34540.7
China,08-11-2005,11,0.5,5.3,0,10,23.8,34486.3
China,09-11-2005,10.1,3.4,6.2,0,10.9,23.4,34433.28
China,10-11-2005,12.4,2.2,6.7,0,10.7,18,33868.55
China,11-11-2005,13.1,0.3,5.7,0,10.7,22.3,32167.01
China,12-11-2005,8.8,2.3,6,0,14.5,33.8,14709.53
China,13-11-2005,7.1,0.1,2.8,0,8.7,23.8,26605.29
China,14-11-2005,7.4,-1.2,2.5,0,8.9,24.5,24551.23
China,15-11-2005,8,-3.4,1.9,0,13,27.4,28417.52
China,16-11-2005,7.6,0.2,3.1,0,8.5,20.5,31953.43
China,17-11-2005,6,-2.2,1.9,2.7,14.9,35.3,17487.09
China,18-11-2005,3,-3.6,-0.6,0.1,6.8,21.6,19064.3
China,19-11-2005,6.1,-4.9,-0.3,0,10.2,19.8,33296.16
China,20-11-2005,3.4,-4.5,-1,0,10.2,23.8,28916.52
China,21-11-2005,1.1,-3.5,-1.5,1.4,11.5,27,7208.28
China,22-11-2005,-1.1,-6.4,-3.7,0.1,9.6,23.8,29409.5
China,23-11-2005,3.2,-5.1,-1.7,0,9,18.4,32764.12
China,24-11-2005,3.9,-3.7,-0.6,0,9.4,17.3,32582.6
China,25-11-2005,6.7,-3.5,0.3,0,11.2,20.2,32512.58
China,26-11-2005,10.2,-4.3,2.3,0,11,22.3,31379.44
China,27-11-2005,1.9,-4.1,-1.1,0,11.1,22.3,28934.32
China,28-11-2005,2.5,-5.2,-2,0,8.2,18.4,32207.35
China,29-11-2005,3.3,-4.2,-1,0,8.2,22.3,32144.31
China,30-11-2005,1.8,-5,-1.8,0,12.4,27.4,31260.29
China,01-12-2005,0.8,-6.5,-3.9,0,10.1,19.1,31678.39
China,02-12-2005,1.2,-7.2,-3.5,0,11.2,28.1,31554.07
China,03-12-2005,-7.9,-11.7,-10,0.4,14.8,31.3,29375.21
China,04-12-2005,-4.7,-12.5,-9.2,0,11.5,25.6,24356.9
China,05-12-2005,-0.5,-10.9,-6.7,0,9.7,16.9,31014.55
China,06-12-2005,2.8,-8.3,-3.5,0,9.7,15.5,31631.34
China,07-12-2005,4.1,-4.8,-2,0,11.2,19.8,31578.25
China,08-12-2005,2,-5.9,-2.7,0,9.9,24.1,31023.4
China,09-12-2005,3,-8,-4.4,0.1,20.6,45.7,31230.61
China,10-12-2005,-3.8,-9.4,-7.1,0.4,12.3,28.8,28196.19
China,11-12-2005,-1.3,-9.2,-6.4,0,9.4,16.9,27907.91
China,12-12-2005,-4.1,-10.6,-7.9,0,8.3,19.1,30700.85
China,13-12-2005,-5.8,-12.2,-9.1,0.3,17.4,36,24598.33
China,14-12-2005,-5.7,-14.7,-10.8,0,9.2,19.1,31469.39
China,15-12-2005,-1.6,-12.5,-7.4,0,8.7,16.9,31356.13
China,16-12-2005,-1,-9,-6,0,9.6,19.1,31451.33
China,17-12-2005,0.4,-10.4,-6.1,0,10.5,18,31331.47
China,18-12-2005,-0.6,-9.4,-5.7,0,9.7,17.6,31324.34
China,19-12-2005,-0.6,-8.2,-5.4,0,12.1,28.1,30777.19
China,20-12-2005,-7.1,-12.5,-9.8,0,13.8,31,30235.9
China,21-12-2005,-1.4,-14.7,-9,0,7.3,23.8,31366.95
China,22-12-2005,2.7,-10.5,-4.8,0,8,17.6,31383.72
China,23-12-2005,0.7,-6.4,-3.8,0,7.7,18.7,30505.18
China,24-12-2005,1.1,-7.2,-3.8,0,6.5,18.4,30066.82
China,25-12-2005,3.9,-7.3,-2.6,0,10.4,16.6,30627.22
China,26-12-2005,0.5,-7.3,-3.9,0,10,26.3,31185.93
China,27-12-2005,1.6,-9.4,-4.7,0,8.2,17.6,31313.99
China,28-12-2005,4.4,-8.2,-3.2,0,9.9,16.9,31347.74
China,29-12-2005,1.7,-5.7,-2.8,0,10.6,28.8,29059.23
China,30-12-2005,2.6,-5.1,-2.4,0,10.7,19.8,26427.21
China,31-12-2005,1.5,-6.1,-3.8,0,14.8,32.8,31044.89
China,01-01-2006,1.5,-8.5,-4.3,0.1,10.2,16.2,31323.28
China,02-01-2006,3,-7,-3.1,0,10,22,31278.9
China,03-01-2006,-4,-10.2,-6.9,0.3,14.8,31.7,13024.58
China,04-01-2006,-9.5,-14.3,-11.6,2.4,13.8,31,24191.15
China,05-01-2006,-12.7,-16.8,-14.5,1.1,11.7,25.6,20651.88
China,06-01-2006,-8.1,-19.5,-14.8,0,9.7,19.4,31653.77
China,07-01-2006,-5.7,-14.7,-11.2,0,9.7,20.2,31440.29
China,08-01-2006,-1.1,-14.9,-8.8,0,13.5,20.9,31850.71
China,09-01-2006,2.9,-10.8,-5.1,0,12.2,24.5,31908.64
China,10-01-2006,8.3,-7.5,-0.2,0,12.8,16.6,31897.66
China,11-01-2006,6.2,-6.3,-1.3,0,13.8,28.4,31214.64
China,12-01-2006,0,-7.4,-4.7,0.2,13.8,31,32187.18
China,13-01-2006,-0.9,-10.1,-5.7,0,11.5,20.2,30027.28
China,14-01-2006,-1.8,-8,-5.3,0,19.1,42.1,28115
China,15-01-2006,1.5,-9.2,-5.1,0,8.9,18.4,26677.89
China,16-01-2006,-0.1,-8.5,-5.1,0.1,11.7,25.6,32465.86
China,17-01-2006,0.2,-7.6,-4.1,0.5,9.8,20.2,11378.67
China,18-01-2006,0.5,-5.6,-3.3,0.8,10.9,25.6,22258.26
China,19-01-2006,-0.7,-6.4,-4.3,0.9,9.7,23.4,31720.27
China,20-01-2006,-1.3,-8.4,-5,0,10.5,26.3,27211.24
China,21-01-2006,1,-8.6,-4.7,0,12.6,30.2,33044.68
China,22-01-2006,-2,-7.2,-5,0.5,8.4,18.7,7071.29
China,23-01-2006,-0.7,-10.3,-6.1,0,16.6,36,31520.03
China,24-01-2006,-1.9,-9.4,-5.7,0.7,8.7,19.1,16489.3
China,25-01-2006,0.8,-7.5,-3.8,0,8.4,21.2,32272.12
China,26-01-2006,4.4,-7.8,-2.9,0,13.2,17.3,33658.63
China,27-01-2006,5.1,-7.1,-2.3,0,11.9,23,32844.54
China,28-01-2006,5.6,-6.2,-1.7,0,14.5,32.4,25656.71
China,29-01-2006,-2.2,-7.7,-5.6,0,12.3,27.4,28963.03
China,30-01-2006,7.9,-9.6,-2.5,0,11.6,20.5,34048.91
China,31-01-2006,3.2,-8,-3,0,10.7,18.4,34097.29
China,01-02-2006,5.7,-6.3,-1.4,0,11.1,23,34147.54
China,02-02-2006,4.9,-5.1,-1,0,10,22,34199.53
China,03-02-2006,6.5,-4.3,0.2,0,10.6,18.7,34257.42
China,04-02-2006,-0.4,-6.2,-3.1,6.2,13.9,34.2,0
China,05-02-2006,3.8,-7.3,-2.6,0.2,10.6,22.7,34365.16
China,06-02-2006,0.1,-8.3,-4.5,1.9,10.4,20.2,31974.23
China,07-02-2006,6.3,-4.9,-0.6,0,11.2,23.8,34631.08
China,08-02-2006,1.1,-4.5,-1.7,0.4,8.4,20.5,13966.58
China,09-02-2006,5.2,-4.3,-0.2,0,8.6,25.2,34032.08
China,10-02-2006,8.2,-2.3,2.2,0,11,30.2,35110.28
China,11-02-2006,10.1,-2.7,3.7,0,12.6,21.6,35193.67
China,12-02-2006,8.5,-4,1.5,0,13.5,31.7,34796.59
China,13-02-2006,9.9,-1.9,3.3,0.1,20,42.5,35192.47
China,14-02-2006,0.6,-2.9,-1.7,1.1,11.7,25.9,8680.03
China,15-02-2006,-3.1,-9.7,-5.6,4.9,17.6,39.6,10951.78
China,16-02-2006,-5,-8.9,-7.4,0.5,10.4,19.1,9857.83
China,17-02-2006,-0.5,-12.6,-5.9,0,7.8,22.3,35958.56
China,18-02-2006,2,-6.8,-3.2,0,10.9,19.8,35349.55
China,19-02-2006,8.5,-4.1,0.8,0,10.7,21.2,35824.94
China,20-02-2006,11.2,-5.2,1.6,0,21.4,45.4,35481.11
China,21-02-2006,1.3,-5,-2.5,1.5,12,29.5,32741.56
China,22-02-2006,4.4,-6.2,-2.1,0,9.9,19.8,31161.02
China,23-02-2006,7,-4,0.4,0,10.9,21.2,37179.05
China,24-02-2006,9.4,-4.9,1.5,0,12.5,28.8,37317.45
China,25-02-2006,5.8,-3.8,0.5,0,12.7,29.2,34189
China,26-02-2006,3.2,-2.7,0.2,1.1,14,32,1006.01
China,27-02-2006,0,-6.1,-3.2,0.3,12.7,31.3,34383.39
China,28-02-2006,3.5,-5.6,-1.7,0,8.8,25.2,35974.05
China,01-03-2006,7,-5.3,0.8,0,10.7,21.2,37959.18
China,02-03-2006,9.1,-2.3,2.7,0.3,11.2,27.7,38017.07
China,03-03-2006,10.6,-2.3,4.2,0,14.3,32,38074.52
China,04-03-2006,11.4,-1,5.5,0,11.2,21.6,36000
China,05-03-2006,11.9,-1.1,4.9,0,14.1,36,38188.11
China,06-03-2006,14.8,1.4,7.1,0,11.7,23,36790.84
China,07-03-2006,12.5,4.7,8.1,0.1,10.1,26.3,37459.13
China,08-03-2006,15.6,4.1,8.6,0,9.5,25.2,38386.96
China,09-03-2006,14,0.9,7.4,0,21.2,45.7,37856.68
China,10-03-2006,13.7,1.8,6.9,0,17.3,33.8,37430.27
China,11-03-2006,2.3,-3,0,0,17.4,34.9,26668.25
China,12-03-2006,-3.9,-8.9,-6.2,0,15.5,32.8,13862.53
China,13-03-2006,-0.6,-8.9,-5.5,0.1,11,26.6,37168.3
China,14-03-2006,2.5,-9.1,-3.7,0,13.7,31.3,39095.59
China,15-03-2006,8.4,-7.5,-0.2,0,14.8,37.8,39437.39
China,16-03-2006,11.1,-3.6,2.4,0,20.4,43.9,29635.97
China,17-03-2006,5.8,-2.6,1.3,0.2,19.2,42.8,35927.09
China,18-03-2006,12.5,-3.4,4.1,0,13.8,34.6,39852.22
China,19-03-2006,18.7,-3,7.2,0,20.7,42.5,40142.51
China,20-03-2006,12.9,0.9,7,0.2,16.1,34.6,35584.7
China,21-03-2006,7.1,1,3.5,5.5,19.3,43.6,31320.54
China,22-03-2006,5.9,-0.6,2.2,0,11,29.9,31596.41
China,23-03-2006,12.4,-4,3.8,0,15.2,37.4,41064.65
China,24-03-2006,9.4,0,4.5,0,10.1,24.1,26930.11
China,25-03-2006,13.7,0.2,6.7,0.2,15.5,41.8,41338.13
China,26-03-2006,11.9,0.4,5.8,0,11.4,33.8,41134.26
China,27-03-2006,14.1,1.3,7.9,0,16.1,40.3,41608.37
China,28-03-2006,15.1,2,8.8,0,10.8,28.1,41742.04
China,29-03-2006,17.1,4.9,10.1,0,12.6,24.8,41875.29
China,30-03-2006,19,3.7,10.6,0,11.7,25.2,38328.7
China,31-03-2006,16.8,0,6.9,0,30.8,66.2,34195.41
China,01-04-2006,15.5,0.1,7.1,0.3,13.1,36.4,42275.94
China,02-04-2006,19.4,1.8,10.3,0,14,30.6,33310.28
China,03-04-2006,15.6,5.4,10.7,0,21.9,48.6,41164.97
China,04-04-2006,15.8,3.4,9.3,0.4,12.5,32.8,37693.38
China,05-04-2006,9.9,3.1,6.4,2.4,14,34.9,29346.83
China,06-04-2006,17.4,2.6,9.2,0,11.1,32,42707.98
China,07-04-2006,19.9,3.6,11.3,0,13.2,29.9,42791.64
China,08-04-2006,16.9,4.6,10,0.5,16,41.8,40742.23
China,09-04-2006,21.7,2.5,11.6,0,17.6,42.8,42957.44
China,10-04-2006,25,1.7,12.3,0.4,29.6,67.3,39439.39
China,11-04-2006,5.4,-3.9,-0.2,2.1,21.5,47.2,8602.33
China,12-04-2006,3,-6,-1.6,0,11.6,33.5,39213.93
China,13-04-2006,8.9,-4.4,1.9,0,8.9,26.3,32229.54
China,14-04-2006,11.9,-1.8,5.2,0,13,31.3,34168.34
China,15-04-2006,14.9,2.7,8.2,0.5,13.4,34.9,43200
China,16-04-2006,18.7,1.8,9.9,0,12.7,35.3,43200
China,17-04-2006,18.1,4.7,11.4,0,14,33.1,43200
China,18-04-2006,20.8,8.4,14.4,0,14,37.1,43200
China,19-04-2006,21.3,10.2,15.3,0.3,18.3,45.4,43200
China,20-04-2006,22.5,7.4,14.3,3.1,14.3,42.1,38761.91
China,21-04-2006,20.8,10.7,15.5,1.2,19.5,49.7,35609.78
China,22-04-2006,21.1,10.6,15,0,13.8,34.6,30541.06
China,23-04-2006,18.2,6.5,12.9,0,12.5,33.1,43200
China,24-04-2006,21.1,5.2,13,1.8,14.7,39.6,28899.02
China,25-04-2006,18.6,7.2,12.8,0,14.2,33.8,41036.06
China,26-04-2006,18,6.7,10.4,1,18.2,43.2,25971.59
China,27-04-2006,17.9,2.7,10.4,0.2,23.7,51.5,40969.82
China,28-04-2006,22.2,1.8,12.8,0.1,21.7,51.8,43498.36
China,29-04-2006,28,8.2,18.3,0,15.1,36.7,43589.14
China,30-04-2006,29,12.5,21.5,0,11.7,31.3,43575.65
China,01-05-2006,28.8,17.9,22.4,0,17.1,52.9,43668.53
China,02-05-2006,24.7,12,19.4,0,12,36.7,26074.08
China,03-05-2006,25.3,12,18,10,14.2,32.4,38447.97
China,04-05-2006,20.9,13.9,17,3.7,20.9,49,31977.94
China,05-05-2006,24.2,13,18.2,0,10.5,30.6,39206.11
China,06-05-2006,21,9,15.4,0.2,15.4,42.1,43856.28
China,07-05-2006,26.7,9.8,18.3,0,20.5,51.1,43968.18
China,08-05-2006,16.4,10.6,13.3,0,18.2,38.9,32920.55
China,09-05-2006,10.7,2.4,5.8,6,17.3,38.5,13268.5
China,10-05-2006,17.9,1.6,8.9,0,23.4,54.7,40652.2
China,11-05-2006,10.2,7,8.3,7.3,16.6,37.8,38.77
China,12-05-2006,10.6,4.9,7.7,0,16.4,40.3,17961.78
China,13-05-2006,14.5,2.1,9,0,9.6,27.4,41218.17
China,14-05-2006,19.4,6.2,13,0,14.4,38.2,46291.67
China,15-05-2006,23.4,8.6,16,0,14.8,37.1,46048.7
China,16-05-2006,25.2,7.3,18,0,16,40.3,45390.39
China,17-05-2006,25.9,14.2,19.7,0,13.4,33.5,44575.1
China,18-05-2006,26.4,8.9,18.6,0,11.8,30.6,46786.07
China,19-05-2006,24.6,10.4,17.9,0,25.5,55.8,34807.91
China,20-05-2006,12.2,6,9.1,16.3,13.2,36.4,11941.22
China,21-05-2006,18.2,4.5,12.1,0.2,14,36,47133.01
China,22-05-2006,23,7.7,15.4,0,13.6,31.3,47982.52
China,23-05-2006,21.9,9.7,15.4,2.8,15.9,36,10420.62
China,24-05-2006,21.5,8.8,15.5,0,11.2,27.4,47043.03
China,25-05-2006,27.1,9.6,16.9,0.3,29.1,68,41703.04
China,26-05-2006,21.6,5.3,14.3,1.1,14.3,39.6,47427.25
China,27-05-2006,24.2,9.8,17.2,0,12.4,35.3,41112.98
China,28-05-2006,25.6,10.8,18.9,0,9.4,27.4,40948.23
China,29-05-2006,26.2,12.1,19.7,0.2,8.9,34.2,46905.46
China,30-05-2006,28,10.6,19.9,1.1,11.2,38.9,44590.84
China,31-05-2006,28.6,13.2,21.2,0,17.4,45.4,48575.37
China,01-06-2006,27.9,13.9,21.6,0,19.7,48.2,42130.29
China,02-06-2006,23.9,15.4,19.1,4.6,12.9,31.3,25685.47
China,03-06-2006,21.5,14.3,17.4,11.3,13.2,31.3,36758.07
China,04-06-2006,24.9,12,17.9,0,18.1,37.8,34143.6
China,05-06-2006,25.6,14.3,19.4,0.4,13.8,31.3,29708.62
China,06-06-2006,20.9,15.3,18,0.1,15.4,33.8,27593.99
China,07-06-2006,23.5,13.3,18.2,1.7,9.1,27,35579.03
China,08-06-2006,23.9,13.7,18.8,0.2,12.6,31,38243.12
China,09-06-2006,26.6,11.7,19.6,0,23.9,54.4,48983.99
China,10-06-2006,27.9,16,22.1,0,12.2,36.7,49016.73
China,11-06-2006,29.3,12,21.9,0,17.3,46.8,47880.86
China,12-06-2006,27.4,16.4,22.2,0,21,51.8,31330.36
China,13-06-2006,21.3,12.7,16.9,2.6,9.4,20.2,21027.82
China,14-06-2006,26.6,9,18.7,0,10,24.1,49119.85
China,15-06-2006,29,14.3,22.1,0,11.3,37.1,49138.41
China,16-06-2006,31,14.5,23.6,0,13.8,33.8,49154.1
China,17-06-2006,31.6,16.8,24.9,0,21.9,54,49167.21
China,18-06-2006,29.7,14.4,22.1,0,24.8,49.3,45158.22
China,19-06-2006,19.5,11.2,14.3,1.6,15.3,44.3,3735.67
China,20-06-2006,18.2,10.7,14,17.7,6.4,16.6,25948.21
China,21-06-2006,20.9,12.7,16.7,4.7,9.2,20.5,25454.73
China,22-06-2006,24.9,14.1,19.5,0,6.8,20.9,45652.73
China,23-06-2006,27.8,14.3,21.3,0,10.4,28.8,49186.75
China,24-06-2006,29.5,15,22.5,0,8.7,28.4,49180.29
China,25-06-2006,29.9,15.1,23.6,0,12,28.1,45839.79
China,26-06-2006,30.1,15.6,23.5,0,14.7,33.5,49159.23
China,27-06-2006,30.9,15.5,23.9,0.2,12.3,34.6,48200.3
China,28-06-2006,29.1,15.3,22.4,1,12.6,31,49127.43
China,29-06-2006,29.8,16.5,23.8,0,8.1,30.6,29644.95
China,30-06-2006,31.9,16.8,24.9,0,18.2,46.1,49085.04
China,01-07-2006,30.7,17.8,23.9,3,19.4,50.8,44010.07
China,02-07-2006,29.7,19.3,23.8,3,17.7,35.3,45994.83
China,03-07-2006,29.3,18.4,24,0,16.9,42.5,49002.06
China,04-07-2006,28,17.5,22.8,0.3,13.3,34.6,48703.37
China,05-07-2006,30.9,18.2,24.7,0.5,13.4,34.9,44841.75
China,06-07-2006,29,20.2,24.4,0.5,11.2,31.7,24092.25
China,07-07-2006,30.8,19.6,24.6,0.7,20.8,46.4,45089.79
China,08-07-2006,29,17.3,22.8,2,17.4,48.6,47218.81
China,09-07-2006,28.2,15.8,21.1,5.4,25.4,52.6,47571.86
China,10-07-2006,23.4,14.7,18.4,0.1,13.7,31.3,47222.92
China,11-07-2006,31.2,14.5,22.4,0.2,15,38.2,47988.29
China,12-07-2006,31.1,18.4,24.1,0.4,17.1,43.9,47546.94
China,13-07-2006,30.5,18.9,24.3,0.3,20.1,47.5,43005.09
China,14-07-2006,30.4,19.1,24.6,0.3,19.9,50.8,46682.18
China,15-07-2006,31,19.5,25.2,0.1,20.7,49,48139.46
China,16-07-2006,32.4,19.2,25.8,0,21.5,50.4,48234.86
China,17-07-2006,32.2,18.9,25.3,0,23,49,44856.36
China,18-07-2006,30.1,20.3,24.8,0.1,17.6,40.7,37551.05
China,19-07-2006,30.4,20.6,25.2,2.2,15.5,35.6,42632.08
China,20-07-2006,30.5,19.5,24.6,1.6,18.8,39.6,44079.29
China,21-07-2006,26.5,19,22,12.3,19.1,41,16411.83
China,22-07-2006,20.4,14.7,17.5,15.4,9.3,31.3,11367.5
China,23-07-2006,24.3,15.7,19.5,0.4,11.9,27.4,27578.58
China,24-07-2006,27.5,13.3,21,0.2,13.2,33.5,47605.74
China,25-07-2006,29.9,16.3,23,0,6.6,19.8,46117.61
China,26-07-2006,31.2,16.8,24,0,13.3,36.4,47377.85
China,27-07-2006,30.6,17,23.7,2.1,14.8,41.8,46521.88
China,28-07-2006,28.9,17.1,22.9,10.2,12,31,37859.19
China,29-07-2006,28.5,18.4,23.3,5.2,8,24.5,43685.4
China,30-07-2006,27.7,17,22.6,6.8,7.3,26.6,40620.01
China,31-07-2006,27.2,17.2,22.5,5.2,12.6,34.2,46109.28
China,01-08-2006,29.5,19.8,24.5,0,10.1,22.3,46578.94
China,02-08-2006,29.5,17.3,23.4,0,14.7,34.2,46515.49
China,03-08-2006,29.1,15.1,21.8,0,17.1,38.5,45504.27
China,04-08-2006,29.8,16.2,22.3,1.1,16.4,38.2,43296.41
China,05-08-2006,29.7,16.9,23.4,0,12.5,28.4,45838.21
China,06-08-2006,32.1,15.9,24.5,0,15.3,36,45871.2
China,07-08-2006,32.8,17.6,25.4,0,14.8,36.7,44478.73
China,08-08-2006,31.9,17.7,25.2,0,14.4,41.4,43200
China,09-08-2006,33.2,19.5,26.1,0.2,14.9,40,41123.82
China,10-08-2006,33.7,20,26.5,0.1,19.9,40.3,38021.28
China,11-08-2006,29.4,18.9,24.2,1.1,16.9,40.7,33472.84
China,12-08-2006,29.8,19.4,24.1,0.1,21.1,47.2,43200
China,13-08-2006,26.5,18.6,21,13.6,13.5,32.4,30552.12
China,14-08-2006,26,18.3,21.7,11.9,12.5,36,39987.41
China,15-08-2006,29.2,18.3,23.3,0,15.2,36.4,44681
China,16-08-2006,28.7,18.5,22.7,0,22.9,51.8,43525.52
China,17-08-2006,25.3,18.7,21.5,2.6,18.1,49,12514.41
China,18-08-2006,26.6,18.2,21.5,16.4,12.1,27.7,27817.28
China,19-08-2006,22.7,14.5,19.7,2.3,20.5,38.9,31512.81
China,20-08-2006,15.1,12.1,13.2,8.6,7.3,25.2,10800
China,21-08-2006,24.5,8.7,16.9,0,9.1,27.4,43725.91
China,22-08-2006,24.8,11.9,19.2,0,18.6,42.8,40626.26
China,23-08-2006,22.1,14.4,18.3,1.2,14.1,33.8,18890.05
China,24-08-2006,24.6,10.5,17.9,1.3,11.2,24.5,39840
China,25-08-2006,26.5,13.3,19.9,0.3,12.2,34.2,43515.16
China,26-08-2006,27.7,13.6,20.8,0,13.5,30.2,38735.11
China,27-08-2006,18.9,13.8,15.9,10.6,14.3,37.1,0
China,28-08-2006,21.3,14.2,16.8,1,9,22.7,19524.96
China,29-08-2006,24.4,11.9,18,0.7,16.2,40,42582.31
China,30-08-2006,24.7,17,20.3,11.2,12.8,29.5,26550.01
China,31-08-2006,20.4,17.2,18.9,14.3,7.4,27,9733.75
China,01-09-2006,22.3,15.2,18.3,0.3,8.1,22.3,18956.82
China,02-09-2006,26.5,13.1,19.6,0,18.2,40.7,43173.24
China,03-09-2006,20.4,12.4,17.4,4.2,17.2,36.7,13755.79
China,04-09-2006,12,8.1,9.9,7.5,10.7,26.6,2839.11
China,05-09-2006,20.7,7.7,14.1,0,8.1,23.8,39914.86
China,06-09-2006,20.6,10.4,16.1,0,10.5,30.6,42974.46
China,07-09-2006,21.6,12,16.3,0.5,21.3,52.9,39351.43
China,08-09-2006,14.2,9.1,11.5,0.7,9.6,25.9,15800.27
China,09-09-2006,14,7.1,10,3.8,8.2,21.6,33116.09
China,10-09-2006,20,4.4,12.1,0,9.4,29.9,42453.12
China,11-09-2006,17.5,9.2,12.4,1.1,9,23.4,31308.75
China,12-09-2006,20.5,6.3,13.6,0.1,14.8,33.8,42188.09
China,13-09-2006,15.7,10.1,12.8,2.2,13.4,29.9,19704.19
China,14-09-2006,21.6,8,14.6,0,8.7,24.5,41921.03
China,15-09-2006,22.4,9.5,15.9,0,15.8,38.5,41786.93
China,16-09-2006,21.2,10.4,15.1,0,20.6,45.4,41652.58
China,17-09-2006,15.1,10.6,12.7,3.1,14.8,37.4,4326.26
China,18-09-2006,22.5,9.1,15.2,1.3,12.8,40.7,34606.33
China,19-09-2006,23.9,9.4,16.5,0,12.3,31.3,41248.69
China,20-09-2006,24.3,9.4,16.8,0,12.9,30.6,41114.06
China,21-09-2006,21.6,11.1,15.8,0,13,31,40929.82
China,22-09-2006,18.2,11.4,14.4,0.3,20.7,46.8,36550.77
China,23-09-2006,19.4,11.5,14.4,0,15.9,38.5,25563.82
China,24-09-2006,12.8,9.9,11.4,9.1,14.8,37.1,0
China,25-09-2006,16.6,6.8,11.2,3.2,6.9,21.6,22930.42
China,26-09-2006,14.8,9,12,0.7,9,23,5947.51
China,27-09-2006,16.2,9.4,13,0.3,9.4,23.8,26827
China,28-09-2006,16.9,8.3,12.7,1.7,11.4,26.6,22983.54
China,29-09-2006,13.8,9.2,11.4,7.8,8,17.6,227.04
China,30-09-2006,20.2,6.6,13.4,0,10.5,19.4,38619.29
China,01-10-2006,21.9,7.6,14.5,0.1,9.5,22,38981.83
China,02-10-2006,20.3,9.5,14.5,0.8,17.4,41.8,38193.97
China,03-10-2006,15.3,8.1,11.5,4.5,8.2,20.5,20737.51
China,04-10-2006,18.6,6.8,12.3,0.3,8.4,22.7,26408.04
China,05-10-2006,19,8.3,13.5,0,8.1,22.7,33068.16
China,06-10-2006,14.8,9.4,11.4,0.7,15.1,38.9,25313.96
China,07-10-2006,17.9,7.1,12.3,1.3,17.1,40.3,37942.7
China,08-10-2006,18.9,4.5,11.8,0,11.3,29.5,38047.37
China,09-10-2006,19.9,5.9,12.7,0,17,39.2,37839.54
China,10-10-2006,19.7,11.1,14.4,0.9,7.5,19.4,36153.14
China,11-10-2006,20.7,11.2,14.9,0.1,6.9,22.7,36434.59
China,12-10-2006,20.2,6.6,13.4,0.3,11,21.2,37484.25
China,13-10-2006,21.3,9.1,14.2,0,11.5,27,37125.11
China,14-10-2006,21.3,7.1,13.6,0,11.5,28.1,37225.38
China,15-10-2006,21.1,8.7,13.5,1.3,15.8,38.2,34699.04
China,16-10-2006,13.6,6.5,10.2,2.8,11.7,26.3,10436.24
China,17-10-2006,19.3,4.9,11.7,0.2,9.2,24.8,36862.1
China,18-10-2006,19.7,8.9,13.3,0.9,7.2,22.3,32348.93
China,19-10-2006,22,8.1,14.2,0,12.5,34.2,36508.84
China,20-10-2006,20.2,7.6,13.2,0,10.3,30.2,36132.79
China,21-10-2006,13.6,8.3,11,1.4,7.3,29.5,35713.09
China,22-10-2006,17.6,7.9,11.8,0,18.2,41.8,36063.76
China,23-10-2006,14.9,4.4,9.9,2.6,18.4,40.7,33072.78
China,24-10-2006,12.7,3.3,7.1,0.3,10,27.7,27543.44
China,25-10-2006,17.1,3.3,9.5,0,12.6,29.5,35572.94
China,26-10-2006,16.3,3.1,8.9,0,13.6,32.4,35499.37
China,27-10-2006,13.5,5.8,9,0,8.8,24.8,31995.54
China,28-10-2006,16,5.3,10,0,12.5,37.1,34755.64
China,29-10-2006,12.7,5.4,8.3,2,10.2,30.6,27152.92
China,30-10-2006,12.7,2.7,7.3,1.3,9.6,25.6,34600.06
China,31-10-2006,13.9,-0.2,7,2.4,13.4,35.3,34985.5
China,01-11-2006,15.5,5.2,9.6,0,10.4,20.9,34920.35
China,02-11-2006,14.6,5.3,9.1,0,11.3,30.2,34857.01
China,03-11-2006,17,6.6,10.9,0,10.7,20.2,34795.5
China,04-11-2006,13.7,7.6,9.9,0,10.6,22,34735.13
China,05-11-2006,13.6,5,8.4,0,10.2,28.1,34675.75
China,06-11-2006,13.6,2.8,7.7,0,10.8,19.4,34617.43
China,07-11-2006,16.5,2,8,0,11.7,24.1,34560.23
China,08-11-2006,13.8,3,7.9,0,11.8,22.3,34504.21
China,09-11-2006,14.7,2.8,8.2,0,12.9,29.5,34449.43
China,10-11-2006,14.6,3,8,0,10.5,27.4,34350.69
China,11-11-2006,17.2,2.8,9,0,12.6,21.6,33679.02
China,12-11-2006,12,2.4,6.8,0,12.5,28.4,34117.84
China,13-11-2006,7.8,0.1,3.9,0,15.3,33.5,34003.52
China,14-11-2006,8.8,-3.7,2.4,0,9.1,20.5,32200.27
China,15-11-2006,7.3,-1.5,1.9,0.3,12.3,26.3,32207.4
China,16-11-2006,8.7,-3,2.6,0,11.9,25.6,33304.77
China,17-11-2006,10,2.4,5.1,0,8.7,19.8,32989.07
China,18-11-2006,11.6,-1.1,4.8,0,12.6,28.8,33390.61
China,19-11-2006,10.5,2.2,5.8,0,10,22.3,30055.77
China,20-11-2006,9.9,-0.1,4.9,0,8.4,20.5,30559.03
China,21-11-2006,11.2,1.8,5.2,0,13.4,33.5,33044.49
China,22-11-2006,10.5,-1.5,3.6,0,11.2,26.3,32298.62
China,23-11-2006,9.5,-0.4,3.2,0.2,17.8,46.8,30663
China,24-11-2006,2.3,-1.9,0.6,6.4,12.2,30.6,15342.09
China,25-11-2006,2.9,-3.9,-1,1,8.4,20.5,20278.43
China,26-11-2006,2.6,-2.7,-0.5,0.1,7.8,18,29073.93
China,27-11-2006,0.9,-6.5,-3,0.6,11.5,24.5,30251.36
China,28-11-2006,2.2,-6.7,-2.7,0,11.8,25.9,17763.66
China,29-11-2006,2.3,-4.5,-2,0,8.4,16.2,31049.85
China,30-11-2006,4.6,-3.3,-0.3,0,7.4,19.1,31994.71
China,01-12-2006,3.3,-3.8,-1.3,0,10.6,22.3,31931.76
China,02-12-2006,2.6,-6.3,-2.2,0,9,19.8,30470.62
China,03-12-2006,2.4,-5.7,-2.3,0,8.3,18.7,29156.48
China,04-12-2006,5.5,-5.3,-1,0,10,18.7,30864.83
China,05-12-2006,6.1,-4.6,-0.1,0,8.7,23.8,27773.52
China,06-12-2006,-0.5,-4.3,-2.2,0.4,9.2,22,7766.91
China,07-12-2006,-0.6,-6.6,-3.9,0.8,14.5,29.9,24605.65
China,08-12-2006,-3.6,-9.5,-6.6,3.4,7.6,22.3,22183.74
China,09-12-2006,-1,-7,-4.5,0,6.9,17.6,29014.43
China,10-12-2006,1,-5.7,-3.6,0.2,13.2,29.9,29207.95
China,11-12-2006,2.9,-6.5,-2.7,0,8.9,19.8,31596.51
China,12-12-2006,-4.5,-8.1,-6.6,3.1,11.5,27.7,4311.3
China,13-12-2006,-0.5,-8.8,-5.3,0,11.2,28.4,31381.59
China,14-12-2006,-0.6,-6.7,-4.6,0,10.5,25.9,31482.72
China,15-12-2006,-1.7,-7.5,-5.2,0,8.9,16.9,31345.25
China,16-12-2006,1.1,-9.1,-5.1,0,11.3,17.6,31455.35
China,17-12-2006,-1.2,-7.1,-4.5,0,8,19.8,25604.13
China,18-12-2006,1.5,-7.3,-3.2,0,12.1,22.7,30998.96
China,19-12-2006,-0.5,-7.8,-4.6,0,11.8,25.2,31217.33
China,20-12-2006,5.2,-7.9,-2.7,0,8.1,20.2,31353.51
China,21-12-2006,5.5,-5.7,-0.3,0,12.9,17.6,30844.63
China,22-12-2006,3.8,-7.4,-2.7,0,9.8,17.3,31281.29
China,23-12-2006,5.9,-5,-0.4,0,9,16.2,29980.27
China,24-12-2006,8.3,-3.6,0.6,0,10.5,16.6,31224.37
China,25-12-2006,5,-4.5,-0.7,0,8.9,20.9,30858.45
China,26-12-2006,4.1,-3.3,-0.7,0,7.4,15.8,30974.21
China,27-12-2006,3.9,-5.9,-2.1,0,11.5,17.3,31213.14
China,28-12-2006,3.7,-8.2,-3.1,0,11.3,20.9,30163.62
China,29-12-2006,3.8,-7.9,-2.2,0,10,15.8,31188.56
China,30-12-2006,2.2,-5.7,-2.8,0,10,19.1,30858.89
China,31-12-2006,4.4,-7.1,-2.7,0,12.3,16.9,31357.01
China,01-01-2007,0.7,-6.7,-3.8,0,10.2,16.2,29726.41
China,02-01-2007,2.1,-6.3,-3,0,11.3,25.6,20088.31
China,03-01-2007,1.4,-5.1,-2.7,0,10,17.3,31037.56
China,04-01-2007,-4.3,-9,-6.2,0,10.8,27,27389.14
China,05-01-2007,-5.6,-11,-8.7,0,11.2,26.6,31226.61
China,06-01-2007,-3.1,-13.2,-8.7,0,8.9,21.6,31368.39
China,07-01-2007,-4,-10.1,-7.3,0,6.1,19.8,21413.29
China,08-01-2007,0.1,-10.5,-6.1,0,10.7,22.3,31122.43
China,09-01-2007,5.2,-9.5,-2.9,0,10.9,19.1,31985.74
China,10-01-2007,0.1,-7.2,-4,0,10.5,24.5,31957.57
China,11-01-2007,-1.9,-8.9,-5.8,0,8.7,23,27279.22
China,12-01-2007,0.6,-9.3,-4.6,0,7.4,16.6,30855.07
China,13-01-2007,0.7,-8.9,-4.4,0.4,9,22,24826.46
China,14-01-2007,-3.4,-7.3,-5.5,0.6,9.6,23.8,26819.89
China,15-01-2007,-3.2,-8.6,-6.5,0,8.9,23.4,31451.73
China,16-01-2007,-1.9,-11.2,-7.1,0,8.9,20.9,32548.8
China,17-01-2007,1.1,-10.8,-5.2,0,7.2,23.8,32718.04
China,18-01-2007,0.9,-8.8,-4.4,0,8.6,17.3,28499.74
China,19-01-2007,4.2,-9.3,-3.8,0,8.9,21.6,32938.64
China,20-01-2007,1.9,-7.3,-3.5,0,11.3,17.3,33030
China,21-01-2007,2,-7.5,-3.7,0,11,24.1,32513.87
China,22-01-2007,2.8,-6.8,-3,0,11.4,16.2,32169.64
China,23-01-2007,-1.7,-10.5,-6.3,0,11,25.9,33315.75
China,24-01-2007,0.5,-10.9,-6,0,9.2,17.6,33363.38
China,25-01-2007,1.5,-8.4,-4.2,0,11.8,27,33519.79
China,26-01-2007,-0.6,-8.9,-5,0,14.8,32.4,33625.78
China,27-01-2007,0.3,-10.3,-5.6,0,10,26.3,33734.2
China,28-01-2007,9,-8.1,0.2,0,11.2,29.9,33844.86
China,29-01-2007,6.2,-1.6,2,0,11.2,24.8,33957.61
China,30-01-2007,8.6,-4.1,1.6,0,10.6,28.1,34041.8
China,31-01-2007,2.5,-5.7,-2,0,12.5,28.1,33723.52
China,01-02-2007,9.2,-6.9,0.1,0,12.3,32.4,34147.18
China,02-02-2007,10.9,-4.6,2.4,0,9,26.6,34198.5
China,03-02-2007,10,-2.5,3.7,0,10.2,19.1,34281.11
China,04-02-2007,8.5,-2.7,2.9,0,11.8,22.3,34338.29
China,05-02-2007,9.2,-1.8,3.2,0,13.9,24.1,34438.5
China,06-02-2007,7.6,-3.5,1,0,10.4,27,31096.58
China,07-02-2007,10.1,-4.3,2.2,0.1,13.1,28.8,34469.38
China,08-02-2007,7,-3.1,1.2,0,11.8,23.4,34741.47
China,09-02-2007,7.8,-2.2,2.3,0,11.8,20.9,34875.57
China,10-02-2007,9.4,-3.4,1.9,0,12.3,31,34741.88
China,11-02-2007,8.6,-2.5,2.5,0,11.4,25.2,35167.81
China,12-02-2007,4.9,-3.1,0.7,0,17,40.3,28674.26
China,13-02-2007,5.9,-2.5,1.1,0,10.7,25.2,32244.35
China,14-02-2007,8.4,-3,1.7,0,12.1,27.4,35664.05
China,15-02-2007,5.9,-3.6,0.7,0,13.6,31.7,35666.92
China,16-02-2007,2.1,-2.9,-0.6,0.1,9.4,25.2,4539.43
China,17-02-2007,5.5,-3.4,0.3,0,9,21.6,35840.83
China,18-02-2007,7.6,-3.3,1.2,0,9.8,22.7,35927.05
China,19-02-2007,8,-3.7,1.9,0,10.6,25.2,35260.23
China,20-02-2007,8.5,-3,2.5,0,11.3,27.4,35679.22
China,21-02-2007,7.1,-0.1,2.9,0.6,13.6,32,34783.3
China,22-02-2007,11.6,-5.1,2.3,0,12.4,25.6,36597.66
China,23-02-2007,6.5,-0.9,2.4,0,15.1,37.4,28719.08
China,24-02-2007,11.3,-2.7,3.4,0,13.4,33.1,37291.03
China,25-02-2007,14.7,-3.7,4.4,0,14.7,31.7,37429.42
China,26-02-2007,12.5,-1.5,4.1,0,19.9,47.5,37567.8
China,27-02-2007,11.2,2.5,5,0.1,22.5,55.4,33086.1
China,28-02-2007,11.6,-0.1,4.8,0,20.5,42.1,36987.33
China,01-03-2007,11.2,0.6,4.5,0,17.1,42.1,33554
China,02-03-2007,2.8,-5.3,-0.8,2.9,16.3,37.4,6177.57
China,03-03-2007,0.2,-7.4,-4.6,2.9,16.7,41.4,26385.8
China,04-03-2007,-1.7,-9.1,-6,0,13,33.1,38117.93
China,05-03-2007,2.2,-8.8,-4.3,0,13,31,38174.36
China,06-03-2007,4.5,-6.1,-1.5,0,12.9,31,37064.32
China,07-03-2007,4.5,-4.9,-0.7,0.2,14.8,32.8,29469.04
China,08-03-2007,6.5,-5.1,0.6,0.1,8.7,20.9,38178.71
China,09-03-2007,0.7,-5.4,-2.1,0,19.1,41.8,37060.25
China,10-03-2007,3.7,-7.4,-2.9,0,12.7,24.5,38450.77
China,11-03-2007,9.2,-4.9,1.3,0,14.5,30.6,36000
China,12-03-2007,12.9,-3.5,4.1,0,12.8,31.7,38794.39
China,13-03-2007,6.1,-1.3,2.1,0,12.7,27.7,11292.59
China,14-03-2007,6.2,-0.6,2.6,2.3,14.6,32.4,16417.11
China,15-03-2007,2.2,0,1.2,11,12.4,34.6,0
China,16-03-2007,2.6,-2,0.4,1.1,8.1,19.8,20751.76
China,17-03-2007,6.2,-3.2,1.7,0,10.7,29.5,38846.27
China,18-03-2007,11.4,-3.4,3.4,0,16.6,37.8,39624.59
China,19-03-2007,7.8,-2.2,2.3,0,14.8,36.4,39357.29
China,20-03-2007,15.9,-4,5.7,0,15.3,29.5,40086.48
China,21-03-2007,15.7,1.2,8.2,0,18.9,45,40621.8
China,22-03-2007,12.5,2.1,6.5,1.1,20.8,49.3,26309.57
China,23-03-2007,13.2,-0.1,6.9,0,17.3,40.7,37948.56
China,24-03-2007,13.2,4.2,8.3,0,11.9,31,40847.48
China,25-03-2007,14.2,4.7,8.9,0,11,27,35904.67
China,26-03-2007,15.3,5.3,9.7,0.1,13.8,34.9,39397.38
China,27-03-2007,20.9,-0.9,10.5,0,29.3,65.5,41569.52
China,28-03-2007,22.2,0.7,12.1,0,16.8,40.3,41705.24
China,29-03-2007,24.7,9.5,16.2,0,10,27,41168.68
China,30-03-2007,14.6,4.9,10.5,0,23.4,51.5,41976.47
China,31-03-2007,19.6,1,8.9,0,25.1,52.9,38377.45
China,01-04-2007,8.3,-1.7,3.4,0,24.9,55.4,42246.91
China,02-04-2007,6.5,-5.4,0.6,0,15.4,33.8,42354.06
China,03-04-2007,10.9,-3.3,3.4,0,12.6,32,40009.55
China,04-04-2007,10.2,-1.8,4.3,0.1,10.7,28.1,36094.52
China,05-04-2007,14,-0.2,6.7,0,15.1,33.1,42609.34
China,06-04-2007,13.7,0.6,7,0,13.8,32.8,41868.37
China,07-04-2007,14.6,-0.1,7.4,0.7,15,34.9,42776.54
China,08-04-2007,13.9,2.3,7.8,1,9.5,23.8,40525.61
China,09-04-2007,17,3.1,10.2,0,13.3,33.1,39600
China,10-04-2007,19.8,3.2,12,0,12.7,36,43020.91
China,11-04-2007,20.1,5.7,12.6,0,24.1,60.8,39500.23
China,12-04-2007,17.8,2.2,11.3,1.6,13.7,33.5,39667.03
China,13-04-2007,17.5,5.1,11,1.2,14.9,35.3,38482.33
China,14-04-2007,16.4,3.7,10.1,0.3,13.8,37.4,39600
China,15-04-2007,15.1,5.3,9.3,0.2,18.8,45,33950.04
China,16-04-2007,17.5,2,7.6,5.7,32.3,74.5,32400
China,17-04-2007,16.2,3,8.8,1.6,14.8,52.9,43200
China,18-04-2007,25.6,5.8,15.3,0,12.9,24.1,43200
China,19-04-2007,20.7,11.1,15.1,0.2,26.9,61.2,37650.35
China,20-04-2007,21.5,6.7,14.4,0,10.4,24.1,40559.02
China,21-04-2007,19.8,7.2,12.1,5.9,15.5,38.5,24280.8
China,22-04-2007,21.9,2.3,12.6,0,9.7,40.3,43200
China,23-04-2007,11.2,4.4,7.9,0,19.2,49.3,22823.66
China,24-04-2007,13.2,5.1,8.8,0,13.2,31,42973.7
China,25-04-2007,17.6,3.3,11,0,15.4,35.6,35959.43
China,26-04-2007,15.8,8,11.6,0,13.6,27.7,38646.71
China,27-04-2007,18.9,5.3,12,0.2,11.6,36,41153.55
China,28-04-2007,8.6,2.6,4.7,14.6,13.2,34.2,5090.28
China,29-04-2007,17.9,0.6,9.6,0,10.1,26.6,42946.42
China,30-04-2007,19.3,5.4,12.7,0,17.7,40.7,43479.63
China,01-05-2007,23.1,7.2,15,0,11.4,28.1,43673.96
China,02-05-2007,22.4,9.2,15.4,1,26.8,60.1,38297.39
China,03-05-2007,17.8,8.1,12.9,0,18.9,46.4,43661.01
China,04-05-2007,26.3,3.6,16.2,0,13,36,44313.61
China,05-05-2007,23.8,8.4,16.6,0,13.2,28.1,44430.48
China,06-05-2007,26.3,10.4,19.2,0,18.5,42.1,43759.84
China,07-05-2007,26.3,15.6,20.8,0,15.5,41.4,41583.77
China,08-05-2007,25.4,13,19.9,0,21.3,50.8,42112.04
China,09-05-2007,27.4,11.4,20.6,0,28.2,63.4,44812.68
China,10-05-2007,16,7.5,11.5,8.5,23.7,57.6,6532.1
China,11-05-2007,16.3,7,11.7,0,14.2,33.8,33161.98
China,12-05-2007,23.3,6.1,15,0,13.4,34.9,44399.49
China,13-05-2007,26.5,10.2,18.3,0,12.3,26.6,44969
China,14-05-2007,22.9,11.3,16.9,0.2,17.7,37.8,12715.49
China,15-05-2007,22.3,9.7,16.3,0.1,23.2,47.9,39600
China,16-05-2007,25.9,10,18.8,0,13,36,43049.46
China,17-05-2007,28.4,17.3,23.1,0,10.4,30.2,46895.95
China,18-05-2007,30.2,17.1,23.4,0,13.1,31.7,47482.69
China,19-05-2007,31.4,12.4,22.5,0,13.8,36,46944.23
China,20-05-2007,28.8,13.7,21.6,0,20.2,48.6,46401.25
China,21-05-2007,18.9,14,16.2,2.7,14.8,35.6,17538.76
China,22-05-2007,22.8,10.8,16.5,0.9,12.3,33.5,25334.43
China,23-05-2007,18,8.7,12.7,6.2,28.1,62.6,13766.79
China,24-05-2007,21.9,4.3,14,0,14.1,32.8,43672.05
China,25-05-2007,22.7,11.5,16.9,0,14.7,38.2,34099.99
China,26-05-2007,25.8,13.4,19.7,0,12.8,34.6,42121.46
China,27-05-2007,26.9,13.1,20.4,0,10.1,29.9,38335.01
China,28-05-2007,28.1,13.6,20.9,0.1,20.2,46.1,46416.77
China,29-05-2007,23.9,15.7,19.2,6.8,18.9,43.6,14840.79
China,30-05-2007,21.1,11.6,16.4,5.4,15.2,31.3,18926.75
China,31-05-2007,22.8,10.6,16.4,1.8,9.4,27.4,37535.48
China,01-06-2007,27.2,12.1,20,0,10.2,28.8,46360.45
China,02-06-2007,29.2,11.6,21,0,19.5,49.7,43990.32
China,03-06-2007,23.5,14.7,19.9,0,23.4,54,32652.19
China,04-06-2007,28.3,13.9,21.1,0,16.3,42.5,48772.89
China,05-06-2007,28.2,15.9,21.6,0.8,14.8,41.4,45433.81
China,06-06-2007,29.9,14.7,22.5,0,13.5,37.8,45413.73
China,07-06-2007,28,14.1,21.9,0.3,15.1,38.2,29709.75
China,08-06-2007,23.6,15.1,19.4,1.2,22.7,52.6,46557.91
China,09-06-2007,23.9,11.6,17.5,0.1,23.5,55.1,48977.62
China,10-06-2007,24.2,10.2,18.1,0.2,16.5,42.8,43280.04
China,11-06-2007,24.7,13.6,19.6,0.1,16.1,38.9,28098.54
China,12-06-2007,19.6,13.8,17.2,0.3,12.9,32.8,10731.45
China,13-06-2007,27.9,11.7,20.5,0,10.4,31,49091.3
China,14-06-2007,30,14.2,22.1,0.2,22.8,52.9,49113.06
China,15-06-2007,20.8,15.4,17.7,9.9,20.7,50.8,33591.12
China,16-06-2007,16.2,14.3,15,32.2,14.2,35.3,0
China,17-06-2007,14.4,9.5,11.4,30.2,15.2,36,0
China,18-06-2007,13.1,9.1,10.6,8.8,13.4,26.6,6405.5
China,19-06-2007,16.1,8.5,11.8,11.2,7.9,23,15892.25
China,20-06-2007,16.6,11.5,13.6,12.9,10.4,23.8,4418.77
China,21-06-2007,16.4,12.8,14.4,7.6,9,16.9,2351.95
China,22-06-2007,21.5,9,16.3,0.1,14.2,40,49189.79
China,23-06-2007,25.2,10.6,18.8,0,12.1,33.1,49187.17
China,24-06-2007,27.2,14,20.7,0,11.3,27,46595.84
China,25-06-2007,25.7,14.7,19.6,1.5,15.6,31.7,30101.6
China,26-06-2007,24.6,12.5,18.8,0,15.8,34.9,46460.43
China,27-06-2007,27.9,11.9,20.4,0,10.1,24.5,46536.91
China,28-06-2007,20.9,14.8,17.7,2.8,13,29.9,25124.86
China,29-06-2007,26.9,12.1,19.9,0,9.7,21.2,49114.6
China,30-06-2007,26.4,15.4,21.7,0,11.2,27.4,37841.89
China,01-07-2007,23.7,17.6,20.1,6.8,15.6,33.1,37704.08
China,02-07-2007,23.7,15.3,19,3.4,7.3,20.9,27987.31
China,03-07-2007,26.9,13.5,20.4,0.2,15.9,39.2,49012.48
China,04-07-2007,18.6,16.3,17.3,17,14.1,38.9,0
China,05-07-2007,22.1,15.2,17.8,8.7,8.3,21.2,21328.05
China,06-07-2007,25.9,14.8,20.4,0.2,10.5,21.2,48817.13
China,07-07-2007,25.2,14.9,20,0,10.6,26.6,28510.16
China,08-07-2007,27.2,13.7,20.7,0,9.7,19.4,48821.84
China,09-07-2007,28.7,16.9,22.4,0,11.4,29.9,40524.09
China,10-07-2007,28.9,18.9,23.8,0,10.2,26.3,39665.23
China,11-07-2007,26.9,17.2,21.2,3.4,14,32,20270.04
China,12-07-2007,21.7,15.9,18.3,12.9,8.6,25.6,35624.23
China,13-07-2007,24.1,13.1,18.5,0.9,12.2,25.6,47100.73
China,14-07-2007,26.7,12.6,20.1,0,7.1,20.9,48509.54
China,15-07-2007,29.2,15.6,22.5,0,13,33.1,48449.59
China,16-07-2007,29.1,18.3,22.8,0,18,43.9,46341.82
China,17-07-2007,27.3,17.9,22.2,0.1,18.9,41.4,39084.83
China,18-07-2007,21.7,16.1,18.8,2,17.7,37.4,9840.87
China,19-07-2007,21,13,17.5,0.4,9.1,23.4,24524.56
China,20-07-2007,23.1,13.8,18.8,0,14.1,33.1,47056.6
China,21-07-2007,22.5,15.9,19,2.3,11.7,27,45343.17
China,22-07-2007,25.5,14.9,20.1,0.3,13.5,30.2,47095.59
China,23-07-2007,24.7,13.3,19.2,0.6,7.6,20.9,46697.84
China,24-07-2007,27.7,14.2,21.2,0,13.5,28.8,47741.53
China,25-07-2007,28.7,14.1,21.8,0,14.4,31.3,47565.87
China,26-07-2007,28.3,15,21.6,0,13.4,27,44472.34
China,27-07-2007,25,16.6,20.6,3.1,10.7,37.4,43355.23
China,28-07-2007,27.3,13,20.7,0,8.9,24.5,46839.36
China,29-07-2007,26.7,15.8,20.9,0.2,10.2,23.8,43616.38
China,30-07-2007,27.3,16.3,21.9,0.1,16.6,42.5,44088.49
China,31-07-2007,20.8,14.5,18.6,9.5,9.4,30.6,2692.39
China,01-08-2007,28.6,12.2,21.2,0,9.2,22,46485.83
China,02-08-2007,30.5,16,23.5,0,7.4,23,45479.86
China,03-08-2007,30.6,15,23.4,0,12.6,40,46362.99
China,04-08-2007,28,17,21.9,1.1,17,41.4,42612.14
China,05-08-2007,27.7,17.6,22.1,1.5,11.5,35.3,40113.71
China,06-08-2007,27.1,17.3,21.8,5.3,13.1,32,35189.43
China,07-08-2007,28.4,17.4,23.1,0.4,12.9,32.8,39937.14
China,08-08-2007,22.3,14.9,17.8,29.7,16.1,37.1,0
China,09-08-2007,24.1,13.6,18.8,0,9.9,23,44739.63
China,10-08-2007,24.7,17.4,20.2,1.9,10.6,27.4,43151.05
China,11-08-2007,24.8,15.1,19.6,1.7,12.9,28.4,44546.31
China,12-08-2007,23.4,14.2,18.4,4.4,9.8,30.6,44131.89
China,13-08-2007,25.9,13.9,19.7,0,12.9,33.1,45115.29
China,14-08-2007,26.6,14.7,20.5,0,16.2,41,44439.19
China,15-08-2007,20.6,16.4,18.1,4.9,15,38.2,24385.98
China,16-08-2007,23.8,15.6,19.5,0,21.7,51.8,41705.61
China,17-08-2007,23.4,14.6,18.9,0,20.4,52.2,34772.25
China,18-08-2007,24.9,15.8,20,0,12.5,33.8,34928
China,19-08-2007,25.1,16.7,20.9,0.4,15.6,30.2,41994.21
China,20-08-2007,26.4,17.9,22.2,0.2,8.3,20.9,40363.84
China,21-08-2007,28.7,17.8,23.2,0,13,32,43534.1
China,22-08-2007,29.1,16.4,22.8,0,20,45.4,43625.02
China,23-08-2007,22.7,17.3,19.8,0,17.3,37.4,17242.08
China,24-08-2007,25.4,16.4,20.3,0.4,17.6,40.7,43200
China,25-08-2007,26.8,17,21.4,4.2,18.2,37.1,43200
China,26-08-2007,17.1,12.9,14.1,7.9,14.8,37.4,0
China,27-08-2007,23.4,13.6,18.1,0,9.2,24.1,23537.95
China,28-08-2007,22.3,16.4,19,7.2,10.5,28.4,23182.3
China,29-08-2007,19.2,16.4,17.8,12.3,8.7,26.3,8307.51
China,30-08-2007,20.4,13.5,16.1,7.1,9.9,36.7,13810.21
China,31-08-2007,23.1,10,17,0,9,25.6,43200
China,01-09-2007,24.2,15.5,19.5,0,11,26.3,43200
China,02-09-2007,18,13.2,16.2,13.6,11,28.4,951.01
China,03-09-2007,20.4,9.2,15,3.4,11.2,29.2,43140.3
China,04-09-2007,20.6,9.3,15.2,0.5,8.5,25.2,42510.73
China,05-09-2007,21.4,10.3,15.7,0,16.7,42.1,43051.95
China,06-09-2007,17.6,13.7,15.1,9.7,16.3,39.2,9738.08
China,07-09-2007,14.8,12.5,13.6,6.3,10.9,27,0
China,08-09-2007,19.9,9.9,14.6,0,11.8,31.3,31286.56
China,09-09-2007,18.2,10.9,14.6,1.9,9.2,24.5,22373.22
China,10-09-2007,21,10.7,16.3,1.9,12.3,29.2,40841.73
China,11-09-2007,16.3,11.6,14.4,10.2,10.8,35.3,13487.56
China,12-09-2007,13.4,9.7,12.5,14.8,13,35.3,2909.21
China,13-09-2007,19,8.4,13.6,0.1,10.9,29.2,41714.57
China,14-09-2007,22,9.4,15.6,0,11.1,24.5,41949.88
China,15-09-2007,23.1,10.5,16.5,0.1,10.4,24.1,41817
China,16-09-2007,21.8,6.4,13.4,11.4,24,52.2,34162.16
China,17-09-2007,18.6,4.3,11.2,2.7,10,26.3,41551.46
China,18-09-2007,21.8,8.9,15,0,11.2,22.7,41418.95
China,19-09-2007,21.7,12.3,16.6,0,9.5,23.8,41286.57
China,20-09-2007,22.7,12.9,17,0,12.1,30.6,41153.4
China,21-09-2007,21.5,10.8,15.3,0,20.2,47.2,41019.38
China,22-09-2007,20.4,9.7,14.2,0,17.9,43.9,40884.59
China,23-09-2007,20.3,9.2,13.7,0,19.3,48.2,40749.11
China,24-09-2007,22,9.2,14.6,0,15.3,38.9,39009.16
China,25-09-2007,20.3,10.8,15.2,0,15.5,37.8,36658.9
China,26-09-2007,12.6,6.5,9.1,4,16.1,34.9,0
China,27-09-2007,9.7,6.7,7.8,17.9,9.9,21.6,0
China,28-09-2007,11.4,6.6,8.3,10.2,8.7,21.6,727.99
China,29-09-2007,16,8.3,11.4,3.9,9.7,20.9,11718.33
China,30-09-2007,14.4,9,11.1,4.9,14,32.4,1694.13
China,01-10-2007,11.2,7.6,9.3,28.4,5.7,16.2,0
China,02-10-2007,13.3,5.9,10.3,0,7.8,22,5047.89
China,03-10-2007,15.9,8.9,12.1,1.6,7.3,20.9,1732.46
China,04-10-2007,15.4,12.2,13.1,10.2,12,27.4,3445.55
China,05-10-2007,13.9,10.9,12.1,4.1,16.3,33.1,0
China,06-10-2007,9.2,4.2,5.7,15.6,16.6,38.5,4954.4
China,07-10-2007,4.2,0.8,2,11.8,9.3,23,13161.58
China,08-10-2007,4.2,0.4,2.2,6.1,9.3,20.2,18243.77
China,09-10-2007,9.5,1.8,5.3,5.1,11,23,15912.46
China,10-10-2007,10.5,3.3,6.8,3.9,9.2,18.4,11604.48
China,11-10-2007,9.5,4.8,6.9,3.7,9.7,19.8,1545.9
China,12-10-2007,10.1,4.4,6.8,1.2,14.8,32.4,22594.91
China,13-10-2007,9.9,4.3,6.7,0.8,10.9,25.6,6174.95
China,14-10-2007,10.8,3.8,7.3,2,8.5,20.9,22934.16
China,15-10-2007,11.5,5.5,8.1,0.7,7.9,24.8,30439.14
China,16-10-2007,14.3,5.8,9.5,0.3,8,19.4,36874.79
China,17-10-2007,14.4,6.2,9.8,0.4,10.7,24.8,28855.16
China,18-10-2007,12.9,6,8.9,2,8.7,24.8,29606.87
China,19-10-2007,16,4.5,9.3,0,10.8,24.1,35694.46
China,20-10-2007,14.6,3.6,8.6,0,9.7,19.1,36049.21
China,21-10-2007,14.7,4.1,9,0,8.6,21.6,36160.18
China,22-10-2007,14.4,6.7,9.7,0.4,9.8,27.7,35986.53
China,23-10-2007,7.2,-0.2,4.5,4.6,17,36,8527.64
China,24-10-2007,11.9,-1.4,4.8,0,10.4,19.8,35827.14
China,25-10-2007,14,1.7,7.2,0,10.3,18.7,35586.04
China,26-10-2007,13.6,2.8,7.2,0.1,10.4,23,28888.08
China,27-10-2007,7.9,0.1,4.4,0,20.7,42.8,25100.11
China,28-10-2007,8.3,0,3.2,0,11.3,25.6,31660.8
China,29-10-2007,10.7,0.3,4.3,0,8.9,19.1,35169.8
China,30-10-2007,9.4,-0.2,3.9,0,11.1,23,35074.16
China,31-10-2007,5.7,-0.2,2.5,1.9,17.4,36,33230.75
China,01-11-2007,7.7,-3.3,1.4,2,9.7,23.8,34942.82
China,02-11-2007,10.4,-0.3,4.6,0,10.7,19.8,34878.45
China,03-11-2007,10.2,-1.1,3.8,0,10.2,22.7,30758.46
China,04-11-2007,13.4,-0.7,5,0,10.8,19.8,34752.66
China,05-11-2007,11.2,-0.6,4.7,0,10.3,21.2,33398.8
China,06-11-2007,12,2.2,6.6,0,10.9,19.4,34631.3
China,07-11-2007,14.2,2,7.4,0,10.5,26.6,34572.48
China,08-11-2007,11.1,3.1,6.5,0,9.7,18.7,34515
China,09-11-2007,11.2,0.7,5.7,0,10.2,22.7,33129.47
China,10-11-2007,10.4,3.8,6.3,0,11.3,28.8,29490.21
China,11-11-2007,11.5,3.3,6.4,0,10.6,24.8,33659.46
China,12-11-2007,10.7,0.1,5.5,0,9.9,20.2,34138.02
China,13-11-2007,13,0.3,5.9,2.1,11.9,25.2,34024.54
China,14-11-2007,8.2,0.5,3.8,0,11.5,27.4,33912.74
China,15-11-2007,7.4,1.4,3.2,0,9.7,20.9,27157.48
China,16-11-2007,9.4,0.9,3.9,0,10.5,19.1,31417.42
China,17-11-2007,5,-1.3,1.8,0,9.5,22.7,31919.13
China,18-11-2007,5.6,-2.8,1.1,0,10.4,25.6,33414.93
China,19-11-2007,7.1,-1.4,2.1,0,10.5,17.3,33338.46
China,20-11-2007,8.1,-0.4,3.7,0,9.2,16.2,33030.61
China,21-11-2007,8.7,1.7,4.1,0,12,24.5,30503.29
China,22-11-2007,10.4,-1.3,4.1,0,8.4,17.6,32882.95
China,23-11-2007,11.2,0.6,5.6,0,9.7,19.4,32809.23
China,24-11-2007,12.3,-3.2,3.2,0,13.6,27.7,32735.9
China,25-11-2007,-1,-6.1,-3.5,0,11.1,27,26852.33
China,26-11-2007,6,-5.3,-0.4,0,9.6,26.6,32483.73
China,27-11-2007,8.1,-2.2,1.8,0,9.5,22.7,32413.71
China,28-11-2007,3.5,-3.3,0.2,0.7,13.6,30.6,32239.55
China,29-11-2007,4.1,-5.4,-1.1,0.4,9,16.6,31756.01
China,30-11-2007,6.4,-5.1,-0.4,0.2,9.7,21.2,31797.17
China,01-12-2007,-0.6,-6.4,-3.1,0,11,26.3,29083.75
China,02-12-2007,4.7,-8.1,-2.8,0,10.5,15.5,31878.7
China,03-12-2007,3.1,-4.4,-1.3,0,9.9,22.3,31109.18
China,04-12-2007,3.2,-5.5,-1.8,0,10,18,31155
China,05-12-2007,5,-5.2,-0.6,0,9,18,31704.21
China,06-12-2007,5.9,-3.9,0.4,0,8,15.5,31650.22
China,07-12-2007,4.8,-3.5,-0.3,0,10.1,20.2,30061.53
China,08-12-2007,4.2,-4.8,-1.1,0,11.7,18.4,30711.45
China,09-12-2007,0.2,-6.3,-3.4,1.8,9.8,23.4,15387.88
China,10-12-2007,1.7,-6.1,-3.2,0,9.5,21.2,29231.19
China,11-12-2007,-1,-6.6,-4.1,0,7.5,16.2,18636.95
China,12-12-2007,0,-7,-4.1,0,9.7,15.5,31318.8
China,13-12-2007,0.8,-7.1,-3.7,0,9.2,17.3,30577.39
China,14-12-2007,0.9,-6.1,-3.2,0,10.2,21.2,29805.65
China,15-12-2007,1.7,-6.3,-2.8,0,9.9,19.4,27789.53
China,16-12-2007,1.6,-4.8,-2.7,1,10.3,15.8,29926.47
China,17-12-2007,0,-6.3,-3.8,0,10,18,29870.97
China,18-12-2007,3.1,-5.8,-2.8,0,12.7,27,29417.49
China,19-12-2007,6.9,-6.7,-1.3,0,10.9,27,31451.22
China,20-12-2007,3.3,-5.8,-2,0,10.6,18,31112.33
China,21-12-2007,6.9,-6.5,-0.7,0,10.7,22.7,31156.87
China,22-12-2007,5.1,-5.9,-1.6,0,12.4,27.4,31175.2
China,23-12-2007,4,-5.4,-2,0,10.2,15.5,29833.83
China,24-12-2007,4.3,-6,-2.3,0,12.6,22.7,31217.55
China,25-12-2007,4.5,-3.8,-0.5,0,11.6,22.3,29197.38
China,26-12-2007,2.1,-4.8,-2.1,0,8.6,13.7,27435.66
China,27-12-2007,2.6,-11.1,-5.1,0,24.8,54.7,29804.84
China,28-12-2007,-1.8,-11.9,-7.8,0,9.1,23,31231.39
China,29-12-2007,-3.8,-10.7,-7.6,0,14,31,31265.38
China,30-12-2007,-3.9,-12.5,-9,0,9.4,22,31302.09
China,31-12-2007,-3.6,-12,-8.6,0,9,22,31341.45
China,01-01-2008,-1.3,-10.3,-6.6,0,9,16.6,31019.69
China,02-01-2008,-3,-9.1,-6.9,0,13.5,31.7,31247.1
China,03-01-2008,1.1,-10.3,-5.7,0,9.9,20.2,31167.78
China,04-01-2008,4.6,-8.1,-2.7,0,13.3,19.8,31523.61
China,05-01-2008,3.3,-6.1,-1.7,0,9.3,20.5,28575.69
China,06-01-2008,2.1,-5.6,-2.8,0,15,32,31538.98
China,07-01-2008,2.3,-6.9,-2.7,0,6.9,16.6,22847.35
China,08-01-2008,7.1,-8,-1.3,0,13,19.4,31829.53
China,09-01-2008,4.1,-4.1,-0.9,0,7.8,18,31160.18
China,10-01-2008,-2.2,-6.5,-4,0,7.5,20.2,21776.2
China,11-01-2008,-3.3,-8.4,-6.5,0,12.6,27.4,29599.76
China,12-01-2008,-4.3,-9,-7,0.8,9.3,21.2,14815.16
China,13-01-2008,-0.9,-9.8,-6.2,0,10.4,18.4,31681.54
China,14-01-2008,-1.4,-9.8,-5.8,0.3,10.5,23.8,25566.14
China,15-01-2008,-0.7,-8.7,-5.3,0.2,9.9,26.6,32085.16
China,16-01-2008,-4.6,-10.2,-8.1,0,13.7,34.2,25614.19
China,17-01-2008,-1.8,-12.3,-7.7,0,10.1,24.1,29364.04
China,18-01-2008,-2.3,-9.8,-6.8,0,12.6,28.4,31712.41
China,19-01-2008,-3.9,-10.3,-7.3,0.2,11.5,25.6,27377.95
China,20-01-2008,-7.3,-13,-10.2,0.8,10.5,23,26242.83
China,21-01-2008,-9.8,-15.2,-12.2,0.9,9.1,21.6,16465.2
China,22-01-2008,-8.4,-15.7,-12.5,0,10.3,19.1,31879.68
China,23-01-2008,-10.4,-15.9,-13.5,1,10,23,26606.03
China,24-01-2008,-11,-18.3,-14.3,2,11.6,25.2,18400.38
China,25-01-2008,-11.9,-19,-15,0.5,8.7,17.3,26373.48
China,26-01-2008,-12.9,-19.5,-16,0.6,9,19.1,12798.15
China,27-01-2008,-14.9,-22.4,-18.3,1.1,8,15.8,12766.06
China,28-01-2008,-15.4,-23.4,-19.9,0,8.9,15.5,32881.13
China,29-01-2008,-15.6,-23.4,-19.4,0,6.3,17.3,28418.46
China,30-01-2008,-12.4,-23.6,-17.9,0,6.2,12.2,33354.21
China,31-01-2008,-10.4,-18.6,-14.7,0,7.2,14,31381.08
China,01-02-2008,-8.6,-18.3,-13.6,0,6.5,13,34128.87
China,02-02-2008,-7.3,-17.2,-12.1,0,9.9,19.8,34185.52
China,03-02-2008,-5.9,-18.5,-12.8,0,12.6,18,34265.62
China,04-02-2008,-11.6,-19,-14.7,0,14.4,26.6,34282.7
China,05-02-2008,-9.5,-18.3,-14.9,0,11.4,18.7,34418.79
China,06-02-2008,-8.5,-18.5,-13.8,0,10.8,19.1,34479.23
China,07-02-2008,-11.4,-18,-15.1,0,11.6,22,34592.55
China,08-02-2008,-9.8,-19.9,-15.4,0,11.6,20.5,33653.59
China,09-02-2008,-8.3,-15.8,-12.1,0,10.6,20.9,16001.07
China,10-02-2008,-5.8,-15.1,-10,0,11.1,18.4,30033.72
China,11-02-2008,-8.7,-14,-11.7,0,9.9,17.6,25771.81
China,12-02-2008,-6.5,-16.3,-11,0.2,9.3,20.9,27140.73
China,13-02-2008,-7.5,-12.3,-10.1,0,9.4,16.6,18689.96
China,14-02-2008,-4.7,-18.1,-11.8,0,11.2,20.2,35728.85
China,15-02-2008,-1.8,-14.4,-8.5,0,10.2,18,33816.02
China,16-02-2008,-3.3,-12.6,-8,0,9,21.6,35031.33
China,17-02-2008,1.8,-16.2,-6.1,0,9.7,18.4,35102.55
China,18-02-2008,2.5,-7.5,-2.7,0,9,25.9,36108.18
China,19-02-2008,5,-4.3,-0.5,0,7,18.4,34437.77
China,20-02-2008,7.5,-4.1,0.7,0,9,22.7,36713.89
China,21-02-2008,11,-5.3,1.6,0,20.6,47.5,36850.14
China,22-02-2008,10.9,-3.4,3.4,0,13.3,23.4,36986.44
China,23-02-2008,6.3,-5.1,1,0,11.9,30.6,37118.23
China,24-02-2008,3.4,-4.5,-0.8,0,15.3,33.8,37217.18
China,25-02-2008,0.8,-5.5,-2.8,0.9,17.2,40,28948.62
China,26-02-2008,2.4,-6.3,-2.6,0,8.8,18.4,35773.04
China,27-02-2008,5.7,-5.5,-0.4,0,14,32.4,36894.91
China,28-02-2008,6,-4.6,0.4,0,13.9,36.4,37802.18
China,29-02-2008,9.8,-4.9,1.7,0,18.4,40.3,37813.23
China,01-03-2008,6.6,-2.1,1.8,0.1,15,40,37989.96
China,02-03-2008,8.3,-1.7,2.4,0,12.2,24.5,38047.34
China,03-03-2008,11.1,-2.2,3.2,0,12.6,20.5,38104.33
China,04-03-2008,11.8,-1.3,4.4,0,13.3,27,38160.95
China,05-03-2008,7,-0.2,2.8,3.2,10.6,27.4,23341.06
China,06-03-2008,9,0.7,3.9,0.4,9.3,23,34634.34
China,07-03-2008,7.8,-0.6,3.2,1,8.5,25.6,32130.78
China,08-03-2008,10.1,0.4,4.8,0.1,11.3,27.7,38412.51
China,09-03-2008,12.6,1.4,6,0,11.7,21.2,38438.46
China,10-03-2008,14.2,1.7,8.6,0.1,11.6,24.5,36157.27
China,11-03-2008,15.2,4.1,9.3,0,9.4,22,35609.39
China,12-03-2008,11.8,0.6,6,0,12.7,33.5,38672.79
China,13-03-2008,17.2,-1.5,7.5,0,13.7,34.6,39155.58
China,14-03-2008,13.2,-0.2,6.5,0,20.6,45,39313.32
China,15-03-2008,14.3,0.9,7.8,0,10.9,24.5,39090.29
China,16-03-2008,17.8,1.3,8.8,0,13,28.1,38940.23
China,17-03-2008,19.7,1.4,10.4,0,13,29.9,39924.62
China,18-03-2008,16.6,3.4,9.9,0.6,19.4,45.4,39347.34
China,19-03-2008,17.4,5.7,10.7,0.3,15.6,46.1,39957.54
China,20-03-2008,8.7,1.8,5.2,4.8,11.6,35.6,15757.11
China,21-03-2008,9,-0.5,3.8,0.3,12.3,31,39489.12
China,22-03-2008,10.1,0.6,5,0,11,28.4,39410.25
China,23-03-2008,11.9,-0.9,5.4,0,11.6,21.2,40579.52
China,24-03-2008,13.7,4.5,8.5,0,12.9,33.1,35979.04
China,25-03-2008,15,1.9,9.1,0,19.7,47.5,39785.34
China,26-03-2008,16.8,3.7,10.3,0,13.5,25.9,41540.28
China,27-03-2008,17.6,0.8,9.3,0.1,12.8,28.1,41677.15
China,28-03-2008,7.5,-0.6,3.6,0,19.1,41,41813.67
China,29-03-2008,10.4,-1,4.4,0,11.5,36,40365.89
China,30-03-2008,14.2,-2.1,6.3,0,15.4,43.2,42085.27
China,31-03-2008,9.8,1,4.3,0.8,24.8,53.6,33963.4
China,01-04-2008,8.9,-2.4,2.7,0,17.3,41.8,36547.84
China,02-04-2008,12.3,-1.3,5.2,0,12.1,29.5,39600
China,03-04-2008,13,-0.6,6.2,0,10.9,26.6,37498.05
China,04-04-2008,17.8,1.1,9,0,14.9,39.2,42589.4
China,05-04-2008,18.9,1.6,10.2,0,11.8,30.6,42671.37
China,06-04-2008,22.6,6.2,13.5,0,13.7,34.6,42752.23
China,07-04-2008,22.4,4.6,13.9,0.4,21.9,49.3,40969.7
China,08-04-2008,18.1,8,13.3,0,13.9,36,40557.03
China,09-04-2008,22.9,5.6,13.8,0,22,54,37012.06
China,10-04-2008,15.8,6.4,10,1.6,13,34.9,31022.54
China,11-04-2008,8.5,3.2,6,4.2,20.1,40,4646.49
China,12-04-2008,11.5,1.8,6.4,0.7,9.8,24.8,23323.06
China,13-04-2008,17,-0.3,8.5,0,15.2,36,40781.2
China,14-04-2008,16.4,3.8,10.3,0,11.2,29.5,29247.04
China,15-04-2008,18,5.8,11.4,0.9,8.3,21.2,34891.96
China,16-04-2008,21.1,5.3,13.1,0,22.9,51.5,43200
China,17-04-2008,21.8,9.3,13.9,0.1,21,50.8,38444.03
China,18-04-2008,21.3,9.6,13.9,1.2,14.9,37.1,29955.32
China,19-04-2008,21.4,10.4,15.8,0,9.9,28.1,42097.57
China,20-04-2008,12,-0.5,6.5,3.4,17.7,40,20766.69
China,21-04-2008,4.9,-3.7,0.3,6.5,14.4,35.3,36000
China,22-04-2008,8.6,-1.8,3.3,0,14.4,33.8,36831.58
China,23-04-2008,15.5,-1.1,7.3,0,10.5,29.9,43267.93
China,24-04-2008,18.4,6.4,12,0,15,37.8,43352.43
China,25-04-2008,21.2,4,12.8,0,13,27.7,43349.65
China,26-04-2008,19.6,7.1,14.3,0,21.1,52.9,39600
China,27-04-2008,20.5,5.8,13.3,0,12,32,43439.83
China,28-04-2008,22.8,6.7,15,0,13,34.6,43255.46
China,29-04-2008,23.2,9.2,16.7,0,13.4,34.2,34075.9
China,30-04-2008,27.3,12.2,19.2,0,14.2,37.1,43467.36
China,01-05-2008,29.4,11.1,19.4,0,29.5,65.9,43772.25
China,02-05-2008,23.9,10.4,17.6,0,18.5,43.2,41267.98
China,03-05-2008,15.9,3.9,10.2,2.3,20.7,60.5,39317.23
China,04-05-2008,23.1,5.3,14.6,0,14.6,34.6,43868.8
China,05-05-2008,29.1,7.8,18.4,0,14,33.1,43759.42
China,06-05-2008,28.1,9.3,18.4,3.6,22.6,58,36881.3
China,07-05-2008,16.8,9.6,13.5,2.5,19.8,52.6,18345.4
China,08-05-2008,18.5,9.8,13.5,0,20.6,47.2,32314.23
China,09-05-2008,17.5,6.6,11.9,2.2,15.9,40.7,42301.72
China,10-05-2008,21.9,4.8,14.2,0,13.1,33.1,45076.23
China,11-05-2008,20.6,6.8,14.1,0,15.5,38.2,45724.18
China,12-05-2008,19.7,6,12.9,0,11.7,28.8,45742.55
China,13-05-2008,23.3,4.9,14.8,0,11.2,23.4,39893.38
China,14-05-2008,25.5,9.4,17.8,0,14.9,40.7,41633.22
China,15-05-2008,26.9,11.8,19.6,0,9.4,29.2,45520.29
China,16-05-2008,28.3,11.2,20.1,0,13.1,37.4,43530.93
China,17-05-2008,23.8,12.5,18.9,0,23,56.2,43612.38
China,18-05-2008,21.3,8.9,15.9,0,23.9,55.1,42275.82
China,19-05-2008,26.2,6.1,17.1,0,11.9,28.4,46397.02
China,20-05-2008,22.3,13.3,18.2,0,12.3,33.5,36634.4
China,21-05-2008,25.9,12.2,18.6,0,26.1,55.8,41902.75
China,22-05-2008,24.2,12.3,18,0.2,11.8,26.3,42814.19
China,23-05-2008,24.3,11.7,18,1.7,10.3,27.7,46624.5
China,24-05-2008,27.6,11.7,19.7,1.4,18.5,44.3,40989.09
China,25-05-2008,20.2,14.1,16.7,6.7,8.7,31,30874.48
China,26-05-2008,25.4,10.7,18.7,0,24.2,54.4,47938.7
China,27-05-2008,16.7,11.3,14.3,0.9,10.5,24.1,122.51
China,28-05-2008,24.6,7.8,16.9,0,12,29.5,42171.59
China,29-05-2008,21,12.9,17.2,0,12.3,34.2,37056.98
China,30-05-2008,24.5,11.5,18,0,9.3,20.5,48120.8
China,31-05-2008,27.3,11,19.8,0,11.5,29.5,39899.46
China,01-06-2008,26.2,10.9,19.1,0.4,28.1,63,48662.76
China,02-06-2008,27.9,8,19.6,0,22.6,55.8,48714.16
China,03-06-2008,26.1,14.3,20.2,0,12.2,33.5,48762.82
China,04-06-2008,29.8,11.8,21.3,0,11.5,24.8,48808.64
China,05-06-2008,28.5,14.7,21.6,0,26.5,65.5,42232.38
China,06-06-2008,17.5,12.7,14.7,9,9.7,37.1,2442.46
China,07-06-2008,23.6,9.6,16.9,0,12.6,28.8,45913.14
China,08-06-2008,25,10.6,18.5,0.3,10.1,27,48688.25
China,09-06-2008,26.7,12.4,20.1,0,13,34.2,48999.35
China,10-06-2008,27.2,13,20.8,0,10.4,30.6,49029.96
China,11-06-2008,29.2,13.2,22,0,12.4,32.8,47387.76
China,12-06-2008,30,13.6,22.7,0,11.2,31.3,49083.42
China,13-06-2008,24.2,16.9,20.3,0.6,12.1,31.7,41929.01
China,14-06-2008,19.2,12.7,16.3,8.6,16,37.1,16548.43
China,15-06-2008,23.8,11.1,17.4,0.4,8,23,46399.95
China,16-06-2008,25.1,10.5,18.1,0.8,9.6,34.6,46525.14
China,17-06-2008,27.1,10.2,19.1,0,20.5,52.2,47192.66
China,18-06-2008,21.5,13.6,16.8,1.5,15.8,44.3,9132.45
China,19-06-2008,26.8,10.6,19.5,0,11.6,28.1,42673.52
China,20-06-2008,25.3,13.6,19.8,0,15.3,36.7,47085.52
China,21-06-2008,26.4,16.3,21.2,0.3,16.1,31.7,34581.12
China,22-06-2008,22.4,12.4,16.9,3.3,16.6,36.7,32013.83
China,23-06-2008,27.7,13.3,21,0,8.4,20.9,42262.69
China,24-06-2008,23.7,15.8,20.2,1.2,12.6,25.6,37908.78
China,25-06-2008,29.8,12.4,22.1,0,9.1,20.2,40764.09
China,26-06-2008,25.1,16.2,20.7,0.1,18.2,43.6,8124.09
China,27-06-2008,29.6,10.6,21.6,0,12.3,29.2,48075.17
China,28-06-2008,31,15.9,23.8,1,19.8,40.7,40264.16
China,29-06-2008,24.3,15.9,19.9,2.6,14,39.2,30583.01
China,30-06-2008,23.9,16.7,19.8,0.4,7.9,20.9,22407.62
China,01-07-2008,29.8,12.5,22,0,11.3,22,49047.64
China,02-07-2008,31.1,16.5,24,0,19.9,45.7,42269.71
China,03-07-2008,29.9,16.5,23.3,0,16.9,46.1,46535.33
China,04-07-2008,19.9,15.3,17.5,4.4,16.2,33.5,5014.11
China,05-07-2008,29,11.7,21.2,0,14.9,38.5,48912.41
China,06-07-2008,31.1,16.9,24.1,0,10.2,41.4,48872.19
China,07-07-2008,30.8,16.1,23.5,0,17.5,46.4,48829.53
China,08-07-2008,31.4,15.2,23.1,0,20.7,52.9,48784.48
China,09-07-2008,30.5,15.9,23,0,15.3,38.2,48305.07
China,10-07-2008,26.4,15,20.7,3,23.6,49.7,36792.71
China,11-07-2008,24.6,15.7,19.6,4.6,10.3,27.7,26026.09
China,12-07-2008,24.3,16.5,20.9,0.2,13,35.3,21964.72
China,13-07-2008,21.1,15.7,18.3,7,11.9,27,16096.59
China,14-07-2008,22,13.9,18,0.2,10.8,25.9,17111.19
China,15-07-2008,27.6,10.6,19.9,0,11.5,28.8,48406.73
China,16-07-2008,23.7,16.9,19.8,0.2,12.9,31.3,23588.78
China,17-07-2008,28.8,12.9,21.5,0,13.1,31.7,48278.98
China,18-07-2008,28.7,15,21,1.1,12.3,31,48211.23
China,19-07-2008,27.5,15.1,20.9,0.6,11.2,34.2,46319.23
China,20-07-2008,29.2,17.1,22.2,0.7,15.7,38.5,34757.93
China,21-07-2008,26,17.8,21.2,2.7,10.8,28.1,30237.35
China,22-07-2008,28.4,15,22.3,0,12.5,29.5,47683.68
China,23-07-2008,29.8,15,22.9,0,17,37.8,47510.04
China,24-07-2008,30.2,14.8,22.8,0,18.1,43.9,47456.78
China,25-07-2008,31.3,17.5,23.6,0,19.9,46.8,46581.82
China,26-07-2008,31.4,17.6,24,0,18.7,44.3,45966.82
China,27-07-2008,31.6,19,24.3,0,19.2,42.1,46152.16
China,28-07-2008,27.6,17.9,22.2,0.1,22.5,51.5,45353.49
China,29-07-2008,29.1,17.8,22.7,0.6,18.2,46.8,38444.53
China,30-07-2008,28.4,14.8,21.7,2.8,23.1,49.7,34605.27
China,31-07-2008,20,13.6,16,10,16,33.1,15368.13
China,01-08-2008,19.8,14.3,17.2,0,15.9,33.1,24119.74
China,02-08-2008,25.2,13.1,19,0,9.8,29.2,42540.8
China,03-08-2008,28,14.7,21.6,0,9.6,26.3,46121.17
China,04-08-2008,30.6,14.5,23.2,0,11.1,33.1,45522.27
China,05-08-2008,29.8,16.5,23.3,0,21.7,50.8,45826.15
China,06-08-2008,28.8,17,22.1,1.9,17.7,47.9,39600
China,07-08-2008,22,17.4,19,17.2,13.3,38.9,15069.23
China,08-08-2008,21.3,13.1,17.3,12.2,15,36.4,20875.44
China,09-08-2008,23.3,12.3,17.7,2.7,13.8,27,45234.1
China,10-08-2008,23.9,14.2,18.9,0,13,31.7,44037.04
China,11-08-2008,23,14.2,18.9,0.2,14.5,33.5,30933.51
China,12-08-2008,17.7,12.7,15.4,8.2,9,24.8,25405.84
China,13-08-2008,23.7,11.5,18.2,0,10.2,22,44248.59
China,14-08-2008,25.9,17.4,21.2,0,11.7,28.8,44808.33
China,15-08-2008,20.5,13.9,18,0,10.9,32.8,25823.87
China,16-08-2008,25.4,13.8,19.8,0,11.3,24.8,44195.21
China,17-08-2008,28.3,17,22.3,0,10.9,24.1,44287.22
China,18-08-2008,27.2,15.9,21.4,0,13.8,33.1,36199.4
China,19-08-2008,28.6,15.6,21.8,0,17.9,43.9,36929.52
China,20-08-2008,19.5,14.7,16.8,38.7,16.9,46.4,0
China,21-08-2008,21.6,13.5,17.3,0.1,10.5,25.6,43720.28
China,22-08-2008,24.8,14,18.9,0.3,11.6,28.8,43709.39
China,23-08-2008,26.2,12.6,19.1,7.1,9.7,26.6,39224.73
China,24-08-2008,24.2,14,19.1,0.2,10,31.7,42946.35
China,25-08-2008,26.5,13.4,20.1,1.9,8,22,43204.56
China,26-08-2008,24,13.6,19.2,0.8,9.5,30.6,43200
China,27-08-2008,23.9,13.6,18.4,3.2,9.2,24.8,39127.99
China,28-08-2008,21.2,15.6,17.9,4.7,12.6,35.3,15974.02
China,29-08-2008,15.1,9.8,12.6,13.1,15.3,40,9948.78
China,30-08-2008,19.6,9.5,14.7,0.5,10.5,28.1,43200
China,31-08-2008,24.2,9.6,16.7,0,9.9,24.5,43200
China,01-09-2008,24.4,10.3,17.4,0.1,21.5,49.3,40836.51
China,02-09-2008,16.4,10.4,13.7,3.9,14.9,41.4,25932.91
China,03-09-2008,22.3,8.5,15.4,0.6,7.9,21.6,43108.08
China,04-09-2008,24,11.8,18,0.2,8.9,24.8,43063.83
China,05-09-2008,25.3,12.2,18.5,0,15.9,38.9,43019.5
China,06-09-2008,16.5,13.3,14.8,9.4,17.1,36.4,258.92
China,07-09-2008,22.2,10.2,16.2,0,17.8,43.2,34231.71
China,08-09-2008,14.5,9.2,12.7,13.1,16.1,41,9447.14
China,09-09-2008,13.6,6.9,10.9,3.7,19,42.1,6711.17
China,10-09-2008,19.9,4.7,12,0,10.3,21.6,40475.79
China,11-09-2008,22.5,10.6,16.4,0,11.5,20.9,42248.44
China,12-09-2008,23.5,10.3,16.7,0,11.1,22.7,42117.86
China,13-09-2008,23.4,9.2,16.7,0,9.1,24.1,41919.49
China,14-09-2008,24.2,12.8,18.1,0.6,8,22.7,39016.27
China,15-09-2008,23.6,13.4,18.1,0,14.8,35.6,36057.2
China,16-09-2008,23.4,11.6,17.4,0,10.1,25.6,39533.47
China,17-09-2008,23.6,13.1,18.3,0,10.2,24.8,38594.49
China,18-09-2008,23.8,11.1,17.6,0.9,9.7,22.7,41321.83
China,19-09-2008,23.7,12.5,17.4,0.1,15.5,30.2,41186.59
China,20-09-2008,25,13.1,17.8,0,19.9,46.1,40833.2
China,21-09-2008,18.9,11.6,15.4,0.9,20.6,45,15978.9
China,22-09-2008,11.9,10.5,11.3,5.2,11.3,27,0
China,23-09-2008,13.5,10.3,11.7,0.5,7.2,16.9,0
China,24-09-2008,11.9,10.8,11.4,4.8,7.4,18.4,0
China,25-09-2008,11.8,9,10.6,20.7,9.8,27.4,0
China,26-09-2008,8.8,6.6,7.7,20.3,9,25.6,0
China,27-09-2008,13.3,7.7,10.2,9.9,6.2,16.2,1078.15
China,28-09-2008,18.9,8.5,13,0,8.3,22,39630.77
China,29-09-2008,20,7.3,13.4,0,8.2,19.8,38745.39
China,30-09-2008,22.5,10.5,15.8,0,9.2,18.4,39116.11
China,01-10-2008,22.6,11.3,16.4,0,9.5,24.5,30323.39
China,02-10-2008,23.3,9.5,16.4,0.3,9.9,19.1,38501.42
China,03-10-2008,21,9.7,14.1,4.1,19.3,43.6,27752.86
China,04-10-2008,16.1,7.5,10.9,4.7,12.8,32,38069.55
China,05-10-2008,18.2,5.8,11.7,0.5,10.2,21.6,38107.96
China,06-10-2008,18.6,7.7,12.3,0.6,8.4,23.4,37967.88
China,07-10-2008,14.9,9.7,11.6,2,16.9,43.6,5835.9
China,08-10-2008,17.6,8.1,12.1,1.8,9.7,23.8,36000
China,09-10-2008,12.5,8.1,10.3,1.3,12.4,30.2,10091.78
China,10-10-2008,13.4,4.1,8.8,2.3,14,33.8,22715.12
China,11-10-2008,17.1,4.1,10.2,0,10.1,23,36670.91
China,12-10-2008,16.5,5.2,10.2,0.4,10.3,30.6,37014.97
China,13-10-2008,18.6,4.7,11.4,0,11.9,28.1,37119.09
China,14-10-2008,16.4,6.4,11,0,11.7,27,27710.64
China,15-10-2008,18.4,8.3,12.6,3.6,10.3,26.6,35105.33
China,16-10-2008,17.9,6.9,12,0,10.3,26.3,34585.68
China,17-10-2008,10.2,4.5,8.4,1.3,17.4,41,9551.77
China,18-10-2008,11.1,3.1,6.7,0,8.6,22.7,23838.08
China,19-10-2008,16.3,3.1,9.1,0,7.9,17.3,35819.1
China,20-10-2008,18.3,6.1,11.3,0.1,10.8,18.4,36177.54
China,21-10-2008,17.1,3.1,9.9,6,21.5,52.6,32831.11
China,22-10-2008,2.8,-0.1,1.3,10,10.2,27,35591.09
China,23-10-2008,8.2,-1.2,2.6,0,13.5,29.5,35765.56
China,24-10-2008,12,0.6,5.5,0,8.1,16.2,35527.9
China,25-10-2008,11.4,3.7,6.8,0.5,7.6,17.6,20630.09
China,26-10-2008,12.7,3.9,7.4,0,11.2,19.1,35392.54
China,27-10-2008,12.5,3.6,7.4,0,7.2,20.5,15006.6
China,28-10-2008,14.5,3.6,8.3,0,10.3,23,32214.46
China,29-10-2008,12.8,3.1,7.9,0,9.9,23,35125.17
China,30-10-2008,10.2,4.4,6.9,0,10.1,21.6,21968.84
China,31-10-2008,14.3,1,7,0,13.2,27.7,34287.28
China,01-11-2008,13,3.4,7.7,0,11.6,23.8,34891.62
China,02-11-2008,13.4,2.7,7.9,0,11.2,21.2,34826.73
China,03-11-2008,13.8,3.9,8.7,0,9.4,19.1,34763.1
China,04-11-2008,11.7,5.2,7.9,0,13.3,30.6,32400
China,05-11-2008,8.5,4.2,6.2,0,7.8,22,27181.79
China,06-11-2008,9.9,1.5,5.5,0,7.4,23.4,31153.01
China,07-11-2008,12.9,0.3,6.1,0,9.3,18.4,34523.14
China,08-11-2008,9.8,2.4,6,0.9,9.7,26.6,31206.31
China,09-11-2008,11.9,0.8,5.4,0,10.7,18.7,34397.89
China,10-11-2008,13.1,0.2,5.6,0,11.8,27,33449.46
China,11-11-2008,9.8,1.8,4.8,0.3,8.4,23,27539.83
China,12-11-2008,4.4,-1.9,1.3,1.6,16.3,38.5,1841.11
China,13-11-2008,6,-4.1,1.1,0.7,8.2,20.5,25166.95
China,14-11-2008,7.2,-0.9,2.7,0.2,13.6,29.2,29876.3
China,15-11-2008,6.8,-1.9,2,0,8.2,20.9,31386.37
China,16-11-2008,2.6,-1.7,0.8,0.7,14.6,30.6,7742.34
China,17-11-2008,1.1,-3.3,-1.6,0.3,12.4,28.4,21376.95
China,18-11-2008,2.2,-5.2,-2.1,0,8.8,20.2,31810.31
China,19-11-2008,5.6,-3.6,-0.3,0,10.7,18,33164.7
China,20-11-2008,5.1,-2.8,0.3,0,9.7,19.8,32744.11
China,21-11-2008,4.4,-3.9,0,1.4,10.3,22,14602.67
China,22-11-2008,2.8,-2.3,-0.3,0,7.6,16.9,19519.16
China,23-11-2008,3.9,-3.7,-0.6,0,10.1,24.8,32638.48
China,24-11-2008,3.5,-4.9,-1.1,0,10.5,22.7,32566.36
China,25-11-2008,4.8,-3.8,-0.2,0,11.2,25.2,32280.31
China,26-11-2008,-2,-7.3,-4.4,1.7,16.2,38.5,29818.61
China,27-11-2008,6.8,-7.6,-1,0,7.9,14.8,32356.6
China,28-11-2008,5.4,-2.7,0.9,0,8.8,24.5,32185.33
China,29-11-2008,7,-1,1.9,0,8.3,24.1,32120.87
China,30-11-2008,8.7,-2.5,2.3,0,13.5,26.6,31750.77
China,01-12-2008,7.2,-4.4,0.2,0,11.8,19.4,31895.79
China,02-12-2008,7.3,-3.4,1,0,8.9,20.5,31635.45
China,03-12-2008,-3.5,-9.7,-6.2,0,18.4,38.5,29036.85
China,04-12-2008,-6.1,-12.8,-9.8,0,11.6,24.1,31826.73
China,05-12-2008,0.7,-11.2,-6.1,0,9.7,19.1,31772.43
China,06-12-2008,1.9,-7.6,-3.6,0,10.6,21.6,31418.82
China,07-12-2008,1.9,-6.1,-2.7,0.2,10.5,25.9,30966.01
China,08-12-2008,9.9,-6.5,1.2,0,13.1,33.5,31618.59
China,09-12-2008,8.5,-0.5,3.8,0,10.5,15.1,31469.86
China,10-12-2008,3.2,-5.1,-0.6,0,10,16.6,31524.66
China,11-12-2008,5.8,-5.3,-0.5,0,9.4,15.1,31480.53
China,12-12-2008,2.3,-3.8,-1,0,11.9,28.4,30407.88
China,13-12-2008,0.6,-5.2,-2.8,0,7.7,16.2,30449.02
China,14-12-2008,4.3,-5.3,-1.5,0,9.2,17.6,31366.56
China,15-12-2008,5.6,-4,-0.6,0,10.9,18,31240.55
China,16-12-2008,2.4,-5.6,-1.1,0,11.2,26.6,31338.21
China,17-12-2008,4.7,-5.3,-1.4,0,10.5,18.7,31331.46
China,18-12-2008,9.2,-2,2.6,0,9.2,16.2,31216.78
China,19-12-2008,3.5,-5,-0.4,0,11.2,19.4,31109.59
China,20-12-2008,0.4,-7.7,-3.7,0,13.8,31.3,30790.84
China,21-12-2008,-8.5,-15.8,-11.7,0,13.7,28.8,30598.55
China,22-12-2008,-3.7,-12.4,-8.6,0,7.3,19.8,30219.38
China,23-12-2008,1.2,-9.7,-4.7,0,10.3,16.2,30083.97
China,24-12-2008,1.5,-6.5,-2.8,0,10.7,17.3,30351.76
China,25-12-2008,0.9,-7.6,-4,0,9.7,20.2,24582.95
China,26-12-2008,4.5,-8.1,-2.7,0,11.8,28.4,31285.42
China,27-12-2008,-0.2,-8,-4.5,0,10,23,25763.01
China,28-12-2008,-6.1,-12.6,-9.4,0,12.9,27.4,30882.02
China,29-12-2008,-2.6,-11.9,-7.9,0,9.4,18.7,28620.23
China,30-12-2008,-0.2,-10.1,-5.7,0,8.7,18,31151.59
China,31-12-2008,1.4,-8.3,-4.4,0,8.4,15.1,31377.86
China,01-01-2009,0.2,-7.1,-3.9,1.9,10,23,25166.41
China,02-01-2009,1.2,-6.1,-3.5,0,7.7,15.5,29726.06
China,03-01-2009,-0.7,-8.2,-5.3,0,9.7,18.4,30494.76
China,04-01-2009,1.2,-9.1,-5,0,11.3,19.4,31567
China,05-01-2009,-3.1,-8.9,-6.3,0,10.7,24.1,30257.11
China,06-01-2009,-1.7,-8.2,-5.8,0,8.8,17.6,26476.11
China,07-01-2009,-0.3,-9.8,-5.6,0,9.4,21.2,31727.56
China,08-01-2009,0,-8.7,-5.2,0,8.6,24.5,31694.93
China,09-01-2009,3.4,-8.3,-3.7,0,10.9,19.8,32020.92
China,10-01-2009,2,-7,-3.4,0,10.5,23.8,32080.87
China,11-01-2009,-3.7,-11.7,-7.1,0,15,34.2,32142.27
China,12-01-2009,-1.4,-14.5,-8.6,0,10.7,16.2,32205.93
China,13-01-2009,1.5,-10.3,-5.3,0,10.4,25.2,32271.84
China,14-01-2009,3.5,-8.4,-3.8,0,13,18.7,32433.06
China,15-01-2009,5.5,-7.8,-1.4,0,11.4,20.5,31749.29
China,16-01-2009,4.2,-6.6,-1.9,0,10,19.8,32576.76
China,17-01-2009,1.8,-7.2,-2.6,0,14.3,29.2,31779.47
China,18-01-2009,3,-9.2,-4,0,8.2,20.9,30021.26
China,19-01-2009,4.8,-7.1,-1.4,0,13.8,31,27377.27
China,20-01-2009,0.6,-6,-2.9,0.2,8.7,20.5,22692.44
China,21-01-2009,8.1,-8.2,-1,0,17.9,43.6,33175.48
China,22-01-2009,-4.7,-16.3,-10.6,0,20.6,42.8,32829.76
China,23-01-2009,-7.9,-19.1,-13.9,0,9.2,23,33330.68
China,24-01-2009,0.8,-13.9,-7,0,9.8,16.9,33481.51
China,25-01-2009,-0.7,-7.6,-4.8,1.2,16,34.6,27026.1
China,26-01-2009,4.2,-10.6,-3.9,0.1,11.8,19.8,33694.25
China,27-01-2009,7.7,-8.4,-1.4,0,10.4,19.4,33802.81
China,28-01-2009,5,-4.8,-0.4,0,10.7,26.3,33912.65
China,29-01-2009,7.9,-5,0.2,0,10.9,19.8,34019.29
China,30-01-2009,8.1,-3.2,1.6,0,9.7,19.4,33472.15
China,31-01-2009,6.9,-1.8,2.1,0,11.5,25.6,33140.63
China,01-02-2009,1.7,-4.1,-0.2,1.7,8.2,16.9,8959.39
China,02-02-2009,5.8,-5.1,-0.8,0,10.7,18,34212.19
China,03-02-2009,10.3,-3.8,1.4,0,11,21.2,34303
China,04-02-2009,6.9,-3.8,1.3,0,10.4,20.5,34320.12
China,05-02-2009,13.5,-5.1,3,0,14.7,25.2,34509.07
China,06-02-2009,7.9,-2.6,1.2,0,14.3,32,34525.96
China,07-02-2009,5.9,-1.8,1.4,0,10.9,27.4,34494.97
China,08-02-2009,4.8,-3.7,0.1,0,9.1,23.8,34835.79
China,09-02-2009,8.9,-3.3,1.9,0,12.8,20.5,34978.81
China,10-02-2009,11.9,-0.5,4.2,0,11.5,21.6,34847.5
China,11-02-2009,17.5,-2.6,5.1,0,14.8,24.8,35289.34
China,12-02-2009,4.8,-2.3,1.6,0,16.8,38.5,27672.41
China,13-02-2009,6.8,-2.7,1.5,0,11.3,25.6,34881.57
China,14-02-2009,5.3,-4.4,-0.5,0,11.8,27.4,35113.42
China,15-02-2009,5.7,-4.3,0.1,0,8.4,21.2,30629.29
China,16-02-2009,7.6,-3.8,1.1,0,10.5,20.9,35808.14
China,17-02-2009,7.9,-1.8,1.7,0,12.4,28.1,33364.68
China,18-02-2009,2.2,-4.9,-1,0.5,18.1,42.1,25059.56
China,19-02-2009,-2.1,-7.5,-5.3,0,15.7,37.4,33777.34
China,20-02-2009,7.5,-8.4,-2,0,12.7,27.7,36811.28
China,21-02-2009,2.1,-5.2,-2,0,16.8,37.1,14543.43
China,22-02-2009,7.6,-5.5,0.5,0,13,28.8,36638.79
China,23-02-2009,7.7,-3.4,0.8,0,13,27.7,37215.95
China,24-02-2009,4.6,-4.4,-0.8,0,12.8,30.2,37352.9
China,25-02-2009,1.7,-3.5,-1.3,4.6,14.6,32.4,22270.39
China,26-02-2009,1.9,-4.7,-1.5,4.2,9.2,25.6,33447.7
China,27-02-2009,5.3,-3.1,0.4,0,10.4,22.3,31485.7
China,28-02-2009,6.3,-1.9,2.1,0.6,14.4,34.2,26713.52
China,01-03-2009,1.6,-3.4,-0.9,3.3,17.3,39.6,9976.75
China,02-03-2009,6.3,-6.2,-0.8,0.1,17.4,48.6,37969.29
China,03-03-2009,6.2,-3.5,0.8,0,10.9,33.1,38089.19
China,04-03-2009,1.8,-3.8,-1.2,0,23.8,54.7,38146.05
China,05-03-2009,3.7,-5.9,-1,0,11,22.7,29463.07
China,06-03-2009,6.8,-4,0.5,0,10.2,26.3,32502.43
China,07-03-2009,8.7,-3.6,2.5,0,15.1,34.2,37895.37
China,08-03-2009,10.2,-1.1,5,0.2,11.3,28.8,36367.85
China,09-03-2009,9.2,-2.3,3.5,0.2,13.7,26.3,38424.52
China,10-03-2009,7.3,-1.3,3.2,1.7,9.2,27,27993.92
China,11-03-2009,2.3,-4.7,-0.1,7.4,15.3,34.9,3086.78
China,12-03-2009,-1.7,-7.5,-3.9,1.1,16.4,37.8,11794.38
China,13-03-2009,3.9,-9.4,-2.6,0,17.3,42.8,38792.7
China,14-03-2009,11.3,0.1,4.6,0,11.4,21.6,39294.33
China,15-03-2009,12.6,0.7,5.9,0,12.5,22,38949.34
China,16-03-2009,18,0.6,9.2,0,20.2,47.5,39228.09
China,17-03-2009,18.4,4,10.8,0,14.3,23.4,40007.27
China,18-03-2009,17.6,4.6,11.3,0,18.1,41.4,39979.1
China,19-03-2009,19.9,4.3,12,0,15.4,41.8,40274.11
China,20-03-2009,22.1,4.3,12.7,0,19.2,42.8,40465.79
China,21-03-2009,11.1,1.1,6.1,0,15.8,37.4,40187.44
China,22-03-2009,11.7,-1.8,3.5,0,26,58.3,25976.84
China,23-03-2009,16.1,-3.6,6.5,0,19.2,48.6,41099.59
China,24-03-2009,11.4,0.1,5.9,0,16.4,36,41237.57
China,25-03-2009,17.7,-2.1,7.2,0,14.1,28.8,41375.11
China,26-03-2009,10,4.2,6.8,0.2,14,32.4,19848.64
China,27-03-2009,7.2,0.3,3.7,1.4,14.1,32,26669.62
China,28-03-2009,11.6,-1,4.8,0,12,30.2,41703.45
China,29-03-2009,12.6,1.4,7,0,13.1,32.8,41887.61
China,30-03-2009,13.7,2.9,7.8,0,15.3,32.4,42053.04
China,31-03-2009,10.8,2.1,6.2,0,13.7,33.5,42186.05
China,01-04-2009,10.5,-1.3,4.4,0.1,22,50.4,35248.95
China,02-04-2009,16.1,0.1,7.7,0,13.5,40.3,40652.7
China,03-04-2009,14.4,2.1,8,0,14.9,34.2,41182.35
China,04-04-2009,11.6,3.9,7.5,1.3,9.4,23,31101.32
China,05-04-2009,15.6,3.3,8.7,0,11.2,28.1,42644.62
China,06-04-2009,17.7,1.1,9.3,0,17.7,38.2,42015.14
China,07-04-2009,19,2,10.1,0,23.9,52.9,42810.2
China,08-04-2009,14.7,3.5,7.9,0.3,24.2,58.3,40885.8
China,09-04-2009,19.5,3.9,11.1,2.7,12.2,30.2,41026.85
China,10-04-2009,20.5,6.1,13,0.2,12.3,28.4,42032.73
China,11-04-2009,21.8,8.5,15.3,0,13.2,32.8,41537.41
China,12-04-2009,21.1,9.2,15.2,0,12.2,31.7,43188.96
China,13-04-2009,24.3,7.3,16,0,10.9,26.6,43200
China,14-04-2009,23.9,9.4,17.2,0,15.8,34.9,41175.57
China,15-04-2009,22.6,10.1,16.5,0,11.3,30.6,41558.01
China,16-04-2009,24.1,10.6,16,0,24.1,57.2,37258.76
China,17-04-2009,24,11,16.1,1.4,18.5,45.7,39366.56
China,18-04-2009,15.9,9,12.3,0.9,20.7,46.8,5304.18
China,19-04-2009,19.7,4.7,12.1,0.8,23.7,53.3,41908.6
China,20-04-2009,17.7,4.9,11,1.2,12,28.8,43200
China,21-04-2009,21.6,5.3,13.4,0,15.3,36,43200
China,22-04-2009,16.8,9.8,12.7,0.7,14.5,35.6,26253.13
China,23-04-2009,14.3,7.3,10.4,0.1,19.2,45.4,33324.04
China,24-04-2009,11.8,2.3,6.9,0,12.5,32,43196.94
China,25-04-2009,17.8,2.4,9.9,0,14,32.4,39658.99
China,26-04-2009,19.2,6.3,13.1,0,16.5,40,39292.72
China,27-04-2009,18.5,7.4,12.8,0,16.3,39.6,29698.66
China,28-04-2009,23.4,4.4,14.5,0,17.7,44.6,43240.43
China,29-04-2009,21.6,8,14,0,21.8,46.1,41853.03
China,30-04-2009,13.4,7.9,9.8,9.2,22.2,55.1,19104.8
China,01-05-2009,16.2,3.3,10.4,0,12.7,32.4,40403.32
China,02-05-2009,20.1,6.1,12.8,1,16,39.6,43210.55
China,03-05-2009,23.6,6.7,15.1,0,13.1,27.7,44092.12
China,04-05-2009,24.4,8.3,16.3,0,11.8,25.6,40660.53
China,05-05-2009,26,8.2,17.5,0,18.6,44.6,44320.1
China,06-05-2009,24.6,10.7,16.7,0,27,63,44439.11
China,07-05-2009,25.1,9.9,16.3,0.3,23.3,50.4,43534.31
China,08-05-2009,21.9,11.6,16.4,0.8,11.5,32.8,24974.7
China,09-05-2009,17.8,12.4,15.5,1.1,12.7,32.4,9230.34
China,10-05-2009,22,9.7,16.4,0,13.4,34.2,36718.19
China,11-05-2009,14.4,7.4,10.3,1.8,21,42.5,9648.4
China,12-05-2009,14.7,8.1,11.5,0.3,19.5,45.4,12436.26
China,13-05-2009,15.4,9.4,11.9,1.6,15.7,34.9,15299.85
China,14-05-2009,15.4,8.1,11.6,5.1,9.5,28.4,10018.35
China,15-05-2009,20.5,7.5,13.9,0,10.4,26.3,30499.22
China,16-05-2009,19.9,6.9,14.2,0.3,17.7,41,45798.29
China,17-05-2009,13.2,5.7,9.2,5,12.6,33.5,2280.67
China,18-05-2009,21.4,1.5,12.6,0,9.1,24.5,45406.01
China,19-05-2009,20.4,9.3,14.5,0,13.3,35.3,42542.91
China,20-05-2009,27,8.1,17.9,0,15.9,38.2,46690.79
China,21-05-2009,17.2,8.6,13.1,0.2,17.4,38.9,14938.71
China,22-05-2009,21.7,7.8,14.6,0,13.6,37.8,47584.19
China,23-05-2009,22.5,8.2,15.5,0,16.6,38.2,35544.51
China,24-05-2009,24.5,7.8,16.9,0,17,42.5,37822.85
China,25-05-2009,24.8,11.8,18.2,0,23.2,54.7,47995.04
China,26-05-2009,20.8,11.1,15.3,0.4,31.8,70.2,45130.32
China,27-05-2009,14.8,9.4,12.1,3.2,18.8,52.9,2756.11
China,28-05-2009,19.7,9,14.3,0.1,9.9,26.6,43333.06
China,29-05-2009,20.1,10,15.1,0.3,8.1,26.6,32767.04
China,30-05-2009,22.6,10.7,16.8,0,9.8,26.6,42688.86
China,31-05-2009,25,11.6,18.4,0,9.3,32.4,42447.09
China,01-06-2009,25.6,11.7,19,0,11.9,34.6,36704.89
China,02-06-2009,27.2,10.9,20.2,0,11.2,27,46209.11
China,03-06-2009,28.4,12.6,21.2,0,19.5,45,48115.25
China,04-06-2009,28.9,16.1,23.1,0,20.5,45.7,48793.77
China,05-06-2009,24.7,12.2,18.9,0.3,26.7,59.8,46843.46
China,06-06-2009,24.8,10,17.6,0,9.8,27.4,48529.78
China,07-06-2009,24.4,14.5,19.4,0,24.6,57.2,34488.78
China,08-06-2009,25.4,14.4,19.9,0,18,41.4,48956.3
China,09-06-2009,25.2,15.4,19.9,0,15.8,38.5,48159.73
China,10-06-2009,24.4,15.3,19.7,0,12.7,32.8,41838.66
China,11-06-2009,26.1,12.4,19.2,0.3,25.7,56.5,40313.96
China,12-06-2009,26.7,9.6,19.9,0.1,14.8,40,49078.34
China,13-06-2009,29.7,13.9,22.5,0,15.1,36.4,49102.21
China,14-06-2009,30.1,15,23.3,0,16,42.5,46204.76
China,15-06-2009,28.7,15.3,22.1,0,18.2,40.7,39964.84
China,16-06-2009,27.8,14.3,21.2,0,19.6,48.2,48215.61
China,17-06-2009,29.9,14.3,21.7,0.5,23.3,50.4,48354.51
China,18-06-2009,26.4,15.8,20.7,3.1,19.2,43.2,24061.9
China,19-06-2009,20.5,12.1,15.3,9.4,18.9,43.9,28023.83
China,20-06-2009,23.9,11.7,18.5,0,9.4,27,49190.95
China,21-06-2009,26.4,16.4,20.6,0,17.5,38.5,28010.3
China,22-06-2009,29.2,12.9,21.8,0,8.5,22.7,42822.47
China,23-06-2009,28.7,15.9,22.9,0,8.3,22.7,48559.59
China,24-06-2009,31.8,15,24.3,0,11.7,33.5,45858.29
China,25-06-2009,32.3,17.2,24.6,2.3,12.3,34.2,40214.69
China,26-06-2009,32.3,17.5,24.7,1,8.6,27,48271.7
China,27-06-2009,22.8,17.8,20.2,8.2,11.9,32.8,25290.58
China,28-06-2009,24,14.7,19.8,3.9,10.5,23.4,44263.23
China,29-06-2009,24.7,16.8,20.8,0,12,23.4,24231.3
China,30-06-2009,29.5,15.8,23,0,18.9,44.6,49077.93
China,01-07-2009,28.9,15,22.4,0,26.4,60.5,28803.77
China,02-07-2009,28.2,15.7,22.2,0,29,64.1,49022.72
China,03-07-2009,27.7,16,21.2,0,19.2,52.6,35382.28
China,04-07-2009,26.5,14.2,21,0,14.3,34.2,28266.07
China,05-07-2009,29.6,14,22.6,0,14.8,34.9,34794.84
China,06-07-2009,27.8,16.6,23.1,0,16.8,42.5,48807.97
China,07-07-2009,27.3,17,22.3,2.5,15.6,34.9,31955.96
China,08-07-2009,21,14.1,17,11.2,21.7,47.9,27112.94
China,09-07-2009,26.7,13.5,20.3,0,12,29.5,47971.51
China,10-07-2009,26.6,16.4,21.7,0,14.7,36.7,28890.32
China,11-07-2009,27.7,15.9,21.4,0,10.6,26.6,36443.82
China,12-07-2009,27.6,15.2,21.1,0.8,12.9,28.1,16923.2
China,13-07-2009,27.4,16.1,21.7,0.2,10.8,29.9,48542.93
China,14-07-2009,24.8,16.9,21,0.8,22.5,50,24605.27
China,15-07-2009,29.8,18.1,22.9,0,17.6,38.5,43996.76
China,16-07-2009,30.2,18.6,22.7,2.7,21.7,49.3,28800
China,17-07-2009,29.1,17.1,22.5,0.2,9.4,25.9,43625.23
China,18-07-2009,31.8,17.2,24.8,0,21.7,50.4,48224.75
China,19-07-2009,21.8,16.4,18.8,8.6,21,39.6,2509.18
China,20-07-2009,21.4,15.9,18.2,9.7,8.5,20.5,7212.54
China,21-07-2009,25,17.1,20.4,4.4,10.3,27.7,38117.45
China,22-07-2009,27.8,15.7,21.7,0,19.5,44.3,44873.86
China,23-07-2009,29.1,16.9,23.2,0,12.1,30.2,47278.96
China,24-07-2009,31,17.4,24.6,0,10.4,32,46515.27
China,25-07-2009,30.8,18.5,24.3,0.2,11.3,29.5,31233.59
China,26-07-2009,19.4,14.3,17,10.2,6.9,26.3,10573.75
China,27-07-2009,25.9,11.1,19.2,0,9.3,23,47072.99
China,28-07-2009,29.4,12.9,21.7,0.8,10.7,32.4,41442.18
China,29-07-2009,29.1,14.6,22,0.2,19.6,45,46739.18
China,30-07-2009,24,16.5,18.9,2.1,15.9,37.1,27219.55
China,31-07-2009,26.8,15.3,20.8,0,12.5,31,45776.72
China,01-08-2009,25.9,16.5,21.4,0,11.5,30.2,36869.71
China,02-08-2009,26.1,15.9,20.5,10.5,17.1,42.1,38711.12
China,03-08-2009,19.6,15.5,17.2,37.5,10.1,29.9,17623.17
China,04-08-2009,24.6,12.9,18.9,0,9.4,25.9,41729.04
China,05-08-2009,26.3,16.9,21.2,0,10.2,25.6,45831.49
China,06-08-2009,27.7,17.6,22.4,0.1,10.9,29.5,45533.49
China,07-08-2009,24.2,16.8,19.9,5.1,12,28.8,11745.88
China,08-08-2009,23.4,16.4,19,13.2,14.8,34.9,26567.39
China,09-08-2009,15.9,11.3,14.2,7.4,10.9,26.6,6069.12
China,10-08-2009,23.5,7.8,16.2,0,9.3,20.9,45425.23
China,11-08-2009,25.8,13.4,19.5,0,11.5,22.7,45280.34
China,12-08-2009,28.1,12.5,20.6,0,9.4,24.1,44899.22
China,13-08-2009,29.7,14.8,22.2,0,10.3,22.3,44718.07
China,14-08-2009,27.4,15.9,22,0,12.7,32.4,44078.06
China,15-08-2009,26.3,16.2,20.6,2.1,11,31.7,43407.67
China,16-08-2009,23.9,16.5,19.5,4.1,13.9,31.3,43750.96
China,17-08-2009,28.1,15.1,20.6,0,22.9,51.8,43857.08
China,18-08-2009,18.1,12.4,15.5,10.4,21.5,52.2,17078.85
China,19-08-2009,22,9.7,15.6,0,12.5,32,39442.69
China,20-08-2009,20.4,11.9,16.1,0.7,11.8,31.3,37925.59
China,21-08-2009,18,14.3,16,6,7.4,22,17879.72
China,22-08-2009,22,12.7,17.1,0,13.8,34.9,41961.81
China,23-08-2009,20.6,13.9,17.3,4.1,9.2,24.1,18235.54
China,24-08-2009,23.4,16.3,19,13.4,15.3,37.4,30992.56
China,25-08-2009,17.6,12.7,14.8,10.3,12.7,29.9,0
China,26-08-2009,23.4,11.3,17.1,0.1,9.3,19.1,43284.62
China,27-08-2009,25.8,12.1,18.9,0,14.1,32.8,43287.79
China,28-08-2009,16.2,12.1,14.8,11.2,13.3,32.8,2710.98
China,29-08-2009,22.9,8.5,15.5,0,8.6,25.9,41694.19
China,30-08-2009,26.3,12.3,19.1,0,12.7,32.4,43200
China,31-08-2009,25.5,13.4,18.9,0,11.9,31.3,43200
China,01-09-2009,22.9,14.1,17.8,0.1,10.1,26.6,36043.03
China,02-09-2009,23.7,13.8,17.7,0,17.1,39.2,33582.74
China,03-09-2009,22.4,12.7,17.5,0,12.2,28.4,38867.37
China,04-09-2009,21.1,14.7,17.6,0,15.3,36.7,21188.07
China,05-09-2009,20.8,15.1,17.4,0.2,15.3,29.9,4257.48
China,06-09-2009,14.2,8.7,11,1.7,13,29.2,190.3
China,07-09-2009,12.6,8.3,10,1,9.6,21.2,950.48
China,08-09-2009,16.5,9.6,12.7,7.1,11.2,24.1,21151.29
China,09-09-2009,18.5,12.1,14.5,2.1,14.5,32,2222.43
China,10-09-2009,16.1,11.9,13.7,4.8,8.9,19.4,4184.15
China,11-09-2009,13.8,12.3,13.2,8.3,10.8,22.7,0
China,12-09-2009,12.4,10.5,11.5,1.7,9,22,0
China,13-09-2009,17.8,9.1,13.4,3.4,13.7,32.8,23463.27
China,14-09-2009,20.4,10.4,15,0,10.7,23,41549.98
China,15-09-2009,21.9,9.7,15.5,0.3,10.7,28.8,32477.14
China,16-09-2009,22.4,10.3,15.9,0,10.2,24.1,41619.37
China,17-09-2009,23.6,12,17.4,0,12.3,29.2,41484.39
China,18-09-2009,24.6,11.8,17.5,0.5,10.2,23.4,40456.52
China,19-09-2009,15,4.6,10.1,9.8,18.7,38.9,0
China,20-09-2009,16.2,5.4,10.3,0,11.8,27.7,41077.63
China,21-09-2009,20.7,7.5,13.7,0,10.9,25.9,40941.71
China,22-09-2009,22.6,8.6,15.2,0,10.3,23,40805.76
China,23-09-2009,17.9,10.1,13.4,2.5,8.2,20.9,1986.64
China,24-09-2009,22.8,9.4,15.6,0,11.2,29.9,40534.08
China,25-09-2009,16,8.8,12.5,1.6,13.9,31.3,10790.28
China,26-09-2009,20.6,7.3,13.7,0,8.1,18,39609.32
China,27-09-2009,21.7,11.3,15.8,0.3,8,20.5,38965.53
China,28-09-2009,23.2,8.6,15.3,0,12,34.2,39368.68
China,29-09-2009,22.8,9.7,15.8,0,13,32.4,33080.91
China,30-09-2009,18.7,11.1,14.7,0.8,9.4,24.1,28838.9
China,01-10-2009,21.9,11.5,15.8,1.9,9.7,18.4,34628.47
China,02-10-2009,20.1,10.1,14.6,2.4,5.5,21.2,38220.81
China,03-10-2009,18.2,8.8,13,0,9.4,22.7,19363.23
China,04-10-2009,19.2,7.8,13.3,0,8.9,24.8,38406.21
China,05-10-2009,20,8.2,13.6,0,12.2,29.9,36390.55
China,06-10-2009,14.2,10,11.8,3,8.2,24.5,6888.09
China,07-10-2009,14,8.3,11.5,2.1,11.5,27,11548.89
China,08-10-2009,14,8.6,11.1,2.2,13.4,30.6,1268.2
China,09-10-2009,13.4,7.7,10.3,2.3,15.9,37.4,12638.65
China,10-10-2009,9.9,6.1,8.4,1.4,14,34.6,385.81
China,11-10-2009,12.5,5.4,8.5,0.8,7.7,21.2,16463.61
China,12-10-2009,15.3,6.7,10.6,0.1,11.5,25.9,33076.65
China,13-10-2009,16,8.2,11.4,0,11.2,27.4,36781.48
China,14-10-2009,17.4,4.9,10.6,0,10.2,20.9,36998.61
China,15-10-2009,13.1,5.2,8.9,0.1,14.2,33.1,36000
China,16-10-2009,14.8,4.5,9.1,0,9.6,25.2,36869.58
China,17-10-2009,15.7,4,9.7,0,11.8,27.7,36755.1
China,18-10-2009,14.9,4.2,9.1,0,9.7,25.6,36163.82
China,19-10-2009,14.7,4.5,8.8,0,10.7,20.9,36286.45
China,20-10-2009,14.7,5.3,9.8,0,10.8,25.9,34619.15
China,21-10-2009,14.1,5.9,9.4,0.1,9.9,22.7,35693.13
China,22-10-2009,16.3,3.8,9.5,0,10.8,21.6,36043.66
China,23-10-2009,16.6,4.7,9.7,0.2,10.6,25.9,35875.35
China,24-10-2009,16.3,5.9,10.6,0,9.6,19.8,35630.73
China,25-10-2009,15.7,7.3,10.8,1.6,12.6,29.9,32564.66
China,26-10-2009,13.4,3.3,7.4,2.7,9.2,23.8,33118.22
China,27-10-2009,15.5,3.3,8.9,0.1,9.2,21.2,35247.39
China,28-10-2009,16.4,3.2,9.2,0,9.5,16.9,35176.05
China,29-10-2009,16.7,4.3,9.6,0,10.5,19.4,35105.82
China,30-10-2009,11,3.4,7.4,0.2,18.7,41.8,35036.78
China,31-10-2009,11.3,0.8,5.5,0,13.6,30.2,34969.04
China,01-11-2009,6.9,-4.3,2,0,18.7,41.4,34902.71
China,02-11-2009,8.3,-6,0,0,9.8,22,34837.87
China,03-11-2009,11.3,-2.6,4.4,0,9.2,23.8,34774.65
China,04-11-2009,13.8,2.7,7.3,0,11.1,20.2,34713.15
China,05-11-2009,18.2,3.3,9.8,0,11.3,20.9,34653.47
China,06-11-2009,19.1,3.8,11.2,0,9.8,19.8,34380.05
China,07-11-2009,18.3,6.1,10.9,0,11.7,21.6,34539.95
China,08-11-2009,15.2,4.9,9.3,0,11.3,25.6,34485.52
China,09-11-2009,12.7,1.6,6.5,0.6,16.9,35.3,30628.56
China,10-11-2009,4.3,-1,1.3,3.6,11.2,25.2,24395.81
China,11-11-2009,0.4,-8.3,-4.1,12.6,12.8,28.8,157.15
China,12-11-2009,2.4,-11.9,-5.6,0,11.6,21.2,34091.58
China,13-11-2009,2.1,-5.6,-1.5,0,9.2,20.5,33978.73
China,14-11-2009,2.8,-4.9,-1.8,0,13,29.9,32080.79
China,15-11-2009,-2.8,-7,-4.5,2,15.5,32.8,2110.06
China,16-11-2009,-7.4,-13,-9.5,2.5,15.1,32.8,18996.93
China,17-11-2009,-2.6,-11.1,-7.4,0,8.2,16.9,33212.5
China,18-11-2009,-1.2,-7.3,-5.2,0,8.7,20.5,28606.59
China,19-11-2009,-1.6,-6.2,-4.2,0,10.2,25.2,25796.59
China,20-11-2009,-0.3,-6,-3.9,0,8.2,15.5,29697.1
China,21-11-2009,4.8,-5.3,-0.5,0,17.1,42.1,33023.1
China,22-11-2009,9.5,-0.4,3,0,9.4,17.3,32947.32
China,23-11-2009,4.4,-0.1,1.8,0,12,19.8,32762.31
China,24-11-2009,4.9,-2.9,1.5,0,12.1,20.2,32254.67
China,25-11-2009,6.5,-2.4,1.1,0,13,24.8,32404.17
China,26-11-2009,4.9,-3.4,-0.4,0,9.8,17.6,32230.89
China,27-11-2009,1.1,-4.7,-1.8,3.9,10.8,25.2,2974.88
China,28-11-2009,1.1,-4,-1.8,0.6,8.1,16.6,25221.66
China,29-11-2009,1.5,-4.9,-2,0,9.2,16.6,32040.78
China,30-11-2009,3.7,-3.6,-0.3,0,10.9,17.6,29591.77
China,01-12-2009,0.7,-4.5,-1.9,0,13,33.8,28650.25
China,02-12-2009,2.9,-6,-2.7,0,10.8,18.4,31958.84
China,03-12-2009,3.7,-6.5,-1.8,0,11,25.9,30911.61
China,04-12-2009,-0.8,-6.7,-4.3,0,11.6,23.8,31740.43
China,05-12-2009,3.4,-7,-2.7,0,8.6,17.3,31684.06
China,06-12-2009,3.6,-6.5,-2.3,0.5,9.6,27.4,30744.75
China,07-12-2009,0.3,-6.5,-3.7,0.6,9.2,22.3,30056.89
China,08-12-2009,3.7,-5.7,-1.9,0,8.4,14.8,31524.86
China,09-12-2009,8.1,-5.2,-0.5,0,11.9,23.4,31576.49
China,10-12-2009,-0.5,-7.3,-3,0,16.1,38.2,29691.08
China,11-12-2009,0.7,-7.8,-4.4,0,9.4,24.1,26398.78
China,12-12-2009,-1.3,-7.2,-4.6,0.4,10.2,25.9,27680.82
China,13-12-2009,3.4,-7.4,-3,0,9.7,22,30270.27
China,14-12-2009,-3.2,-7.7,-4.8,1,12.4,28.8,9821.47
China,15-12-2009,0,-8.4,-5.1,0.1,9.7,22.7,30916.11
China,16-12-2009,-0.8,-8.1,-5,0.2,9.2,23,30349.1
China,17-12-2009,1.5,-8.2,-4.7,0,11,20.9,31331.72
China,18-12-2009,-0.6,-8.7,-5.5,0,10.2,22,30785.61
China,19-12-2009,1.2,-9,-4.7,0,9,23.8,31323.53
China,20-12-2009,0.6,-9.4,-5.2,0,8.3,15.8,31217.28
China,21-12-2009,6.9,-8.8,-1.5,0,9.7,20.5,31368
China,22-12-2009,4.7,-3.4,0.5,0,10,18.7,29859.2
China,23-12-2009,6.6,-4.4,-0.1,0,10.3,19.8,29007.98
China,24-12-2009,0.7,-11.5,-6.4,0,15.6,36.4,30929.19
China,25-12-2009,4,-12.7,-5.9,0,11.9,18.4,31254.47
China,26-12-2009,-4.3,-12.9,-9.5,0,20,43.9,23550.34
China,27-12-2009,2,-14.3,-7.5,0,12.2,20.2,31315.26
China,28-12-2009,0.2,-9.4,-5.7,0,9.8,18.7,31348.88
China,29-12-2009,-3.6,-11.2,-8,0,13,27.4,31291.67
China,30-12-2009,-0.8,-11.4,-7,0,7.8,16.6,31330.43
China,31-12-2009,1.3,-8.7,-4.8,0,11,19.1,31188.91
China,01-01-2010,3.6,-8.1,-3.4,0,10.8,22,31413.67
China,02-01-2010,5.7,-6,-1.3,0,10.5,22.3,31458.01
China,03-01-2010,2,-5.6,-2.3,0,12.4,27,31504.09
China,04-01-2010,1.4,-8.6,-4.1,0,7.7,16.6,29663.03
China,05-01-2010,7.6,-5.9,0.1,0,7.3,21.6,30882.6
China,06-01-2010,4.7,-4.4,0,0,8.3,17.3,31652.08
China,07-01-2010,7.9,-4.9,0,0,12.4,25.6,31171.55
China,08-01-2010,4.2,-4.7,-0.1,0,12.9,29.9,31850.6
China,09-01-2010,2.3,-5.9,-2.5,0,9.6,21.6,31492.45
China,10-01-2010,-5.1,-9.1,-6.9,0,14.5,29.9,12516.72
China,11-01-2010,-4.8,-10,-7.9,0,12,28.1,25913.99
China,12-01-2010,-2.4,-12.1,-7.9,0,10.6,23.8,32189.38
China,13-01-2010,3.8,-10.3,-4.7,0,12.4,23.4,32256.91
China,14-01-2010,2.6,-5.5,-2,0,9.6,22.3,29945.62
China,15-01-2010,8.1,-7.9,-1.1,0,11.9,18,32491.22
China,16-01-2010,6.5,-4.3,0.1,0,11.2,18.7,32564.43
China,17-01-2010,5.7,-3.7,0.6,0,13,21.6,32735.57
China,18-01-2010,9.4,-5.6,0.7,0,10.9,25.9,32812.37
China,19-01-2010,2.3,-8.2,-1.4,0,19.1,41.4,32965.96
China,20-01-2010,-6.8,-12,-9.5,0.1,9.7,23.4,29581.9
China,21-01-2010,-5.3,-14.6,-10.3,0,19.9,42.5,33149.91
China,22-01-2010,-3.3,-14.9,-9.7,0,9,21.6,32086.29
China,23-01-2010,1.1,-11.1,-6.1,0,9.7,20.2,33352.98
China,24-01-2010,2.5,-7.8,-3.9,0,16.4,34.6,32052.32
China,25-01-2010,3.5,-8.5,-3.9,0,10.2,21.2,33556.33
China,26-01-2010,-0.9,-7.9,-4.5,0,16.4,37.8,28583
China,27-01-2010,3.1,-8.6,-3.8,0,11.7,23,33766.29
China,28-01-2010,2.2,-6.6,-3.2,0,14.6,31.3,33875.12
China,29-01-2010,-1.1,-8.7,-5.9,0,17.8,38.2,33986.45
China,30-01-2010,3.8,-8.9,-3.5,0,10.9,23.8,34052.14
China,31-01-2010,1.4,-5.8,-3.1,0,19.4,44.3,25724.24
China,01-02-2010,5,-6.9,-1.7,0,10.6,20.9,33216.76
China,02-02-2010,2,-5.1,-2.1,0,14.2,32.8,34124.78
China,03-02-2010,2.4,-5.4,-2.2,0,9,20.2,33505.99
China,04-02-2010,5.6,-5,-1,0,10.3,22.3,34351.95
China,05-02-2010,7.7,-5.6,-0.4,0,14.8,27,34454.2
China,06-02-2010,11.8,-3.6,0.9,0,20.7,47.2,34567.32
China,07-02-2010,8,-5.5,0.1,0,12.7,28.4,30537.37
China,08-02-2010,6.5,-5.8,-0.8,0,16.6,36,28101.77
China,09-02-2010,-2.5,-7,-4.7,0,12.1,26.6,7820.64
China,10-02-2010,-4.2,-11.9,-7.2,1.2,15,35.6,456.65
China,11-02-2010,-3.9,-14.9,-9.8,0.2,10.5,24.5,34734.71
China,12-02-2010,1.4,-10.2,-4.8,0,10.9,25.9,34799.12
China,13-02-2010,-0.9,-9.5,-5.5,2.2,20.3,43.9,484.92
China,14-02-2010,-5,-12.5,-8.9,0,10.2,23.8,33222.69
China,15-02-2010,-0.3,-10.1,-5.4,0,11,25.6,31969.58
China,16-02-2010,-2.6,-7.9,-5.7,0,15.5,31.3,26515.4
China,17-02-2010,-0.8,-11.1,-6.1,0,10.9,22,35961.06
China,18-02-2010,1.6,-9.2,-4.3,0,11.8,21.2,36502.68
China,19-02-2010,6.4,-7.6,-1.5,0,12.6,22,36546.09
China,20-02-2010,11.9,-5.4,2.3,0,16,33.5,36772.88
China,21-02-2010,8.7,-2.3,2.5,0,14.3,31,36201.62
China,22-02-2010,12.8,-3,4.1,0,14.3,28.1,37046.75
China,23-02-2010,17.6,-3,6.1,0,14.8,27.7,37163.93
China,24-02-2010,8.6,-1.5,3.7,0,13.9,27,30761.66
China,25-02-2010,11.7,1.1,5.4,0,13.3,31.3,35942.43
China,26-02-2010,14.2,-1.7,6.3,1.2,12.2,33.1,37601.43
China,27-02-2010,17.9,-0.7,7.3,0,17.4,45,37740.88
China,28-02-2010,8.7,-0.2,3.7,0,13.2,32.4,35446.74
China,01-03-2010,9,-1.8,2.4,0.3,24.2,52.2,36000
China,02-03-2010,5.8,-2.4,1.1,7.1,10.8,24.1,27008.11
China,03-03-2010,5.7,-4,0.7,1.6,9.9,20.9,29386.81
China,04-03-2010,-1.1,-6.6,-3.6,0,14.8,32.8,26429.57
China,05-03-2010,2.2,-5.7,-2.7,0.2,15.5,33.8,12035.86
China,06-03-2010,2.7,-4.5,-1.8,0,9.2,26.3,33191.91
China,07-03-2010,8.8,-8.3,-2.8,0,30.7,65.9,36233.28
China,08-03-2010,-5.2,-11.4,-8.8,0,21.6,47.5,36641.87
China,09-03-2010,2.9,-12.7,-5.8,0,12.8,22,38562.95
China,10-03-2010,11,-6.7,1.5,0,14.3,28.4,38620.88
China,11-03-2010,15.6,-1.2,7.1,0,13.9,39.2,38750.88
China,12-03-2010,17.5,2.6,8.3,0,13.4,26.6,38888.77
China,13-03-2010,15.2,-0.9,6.7,0.4,27,60.8,35795.52
China,14-03-2010,5.2,-1.4,1.3,1.3,18.5,41.8,33443.1
China,15-03-2010,7.4,-3.7,0.5,0,10.5,31.7,33297.09
China,16-03-2010,11.9,-4,4.2,0.3,23.5,52.2,39065.19
China,17-03-2010,19.1,-3,7.8,0.2,25.3,58,39781.93
China,18-03-2010,22.7,2.4,12.3,0,20.2,47.2,40067.95
China,19-03-2010,15.4,-0.3,10.5,0,22.5,52.6,40078.16
China,20-03-2010,9.3,-4.3,1.7,0,11.6,27.4,40332.82
China,21-03-2010,17.8,-0.5,6.3,0,27.5,59.8,30696.06
China,22-03-2010,6.7,-3.3,1.4,0.4,14,33.1,32756.41
China,23-03-2010,10,-2,2.9,0,22.9,50.8,31341.58
China,24-03-2010,5,-2.3,0.9,0.8,14.6,35.3,31728.61
China,25-03-2010,10.4,-3.8,2.8,0,11.9,25.2,40414.54
China,26-03-2010,9.6,-2,3.4,0.1,19,42.5,27501.59
China,27-03-2010,14.5,-2.4,5.7,0.1,13,25.2,41611.25
China,28-03-2010,14.3,0.9,6.3,2.6,24.3,54.7,38350.13
China,29-03-2010,12.6,0.1,6.5,0.1,25.2,56.5,39368.16
China,30-03-2010,13.4,-1.6,6.1,0,13.7,35.3,42012.71
China,31-03-2010,5,-0.7,2.9,0.4,21.7,50,10992.54
China,01-04-2010,8.2,-3.5,2.1,0,16,33.5,42280.75
China,02-04-2010,13.5,-2.6,5.7,0,14.7,32.4,42373.57
China,03-04-2010,15.2,-1.2,7.8,0,18.1,41.4,42458.44
China,04-04-2010,18.2,2.7,10.4,0,16.3,33.1,42543.16
China,05-04-2010,13,4,8.4,0,18.9,43.2,37027.64
China,06-04-2010,13.5,2,7.7,0,11.9,28.1,34734.46
China,07-04-2010,14.7,1.1,7.6,0,9.4,27.7,24914.38
China,08-04-2010,21.4,-1.3,10.5,0,11.3,26.6,42878.5
China,09-04-2010,17.2,1.7,10.4,0,24.6,61.2,40010.96
China,10-04-2010,15.8,-0.2,6.5,0,20.3,55.4,43042.73
China,11-04-2010,16.8,-0.2,7.3,0.1,22.8,61.2,43123.64
China,12-04-2010,2.1,-7.1,-2.5,0.2,17.3,42.5,35938.38
China,13-04-2010,7.2,-4.6,0.3,2.6,20.1,48.2,38882.32
China,14-04-2010,11.9,-3.6,3.9,1.9,18.4,43.2,38939.41
China,15-04-2010,15.9,-0.1,7.4,0.8,11.4,28.4,43200
China,16-04-2010,21.1,2.5,11.6,0,13.7,34.9,43200
China,17-04-2010,16.5,5.4,10.8,0,17.7,41.4,29544.53
China,18-04-2010,20.6,3,12.1,0.1,19.8,43.2,43200
China,19-04-2010,11.1,5.4,7.4,8.3,11.3,28.1,0
China,20-04-2010,5.9,0.9,4.2,17.6,19.1,44.3,0
China,21-04-2010,7.2,-0.8,3.3,0.4,15.6,33.5,27957.9
China,22-04-2010,11.1,0.9,5.6,0,14.1,36.7,41631.93
China,23-04-2010,16.2,-0.6,8.1,0,19.2,42.8,41867.13
China,24-04-2010,17.1,3.8,10.3,0.2,8.6,28.8,39770.04
China,25-04-2010,7.7,0.4,4,2.6,24.9,61.6,42776.8
China,26-04-2010,16,-3.4,7.1,0,20.1,51.1,43200
China,27-04-2010,19.5,3.7,11.9,0,25.8,56.2,43440.44
China,28-04-2010,19.3,6.2,12.4,0,14.4,32.4,43399.44
China,29-04-2010,21.7,7.5,14.7,0,22.1,51.5,43285.91
China,30-04-2010,22.4,9.3,15.9,0,11.6,28.1,43472.01
China,01-05-2010,25.5,8.3,17,0,12,26.3,43879.59
China,02-05-2010,26.1,9.3,17.9,0,21.1,54.4,43432.98
China,03-05-2010,26,12.7,18.9,0,18.1,45.4,36615.98
China,04-05-2010,22.8,10.7,16.5,0,27.6,61.2,43420.79
China,05-05-2010,14.8,9,11.9,0.2,20.2,47.2,28058.52
China,06-05-2010,22.4,8,14.6,0,11.7,34.9,43993.8
China,07-05-2010,20.1,7.6,13.8,0,27.1,59.8,31783.79
China,08-05-2010,21.7,7.8,14.8,0,24.4,52.2,42011.05
China,09-05-2010,16.7,7.8,12,0,9.8,27.4,33196.52
China,10-05-2010,24.7,5.6,15.5,0,16.6,39.2,45195.51
China,11-05-2010,23.3,8.7,15.2,0,29.3,65.5,44140.87
China,12-05-2010,22.3,9.5,14.4,0.1,23.7,55.8,43934.73
China,13-05-2010,17.3,6.8,11.1,3.3,25.9,59,25365.98
China,14-05-2010,22.7,4.6,13.4,0.4,22.6,52.2,44152.73
China,15-05-2010,18.5,9.3,13.7,0,17.3,42.5,19710.85
China,16-05-2010,14.8,9.5,11.7,8.9,13.9,29.5,9997.92
China,17-05-2010,9.6,4.2,6.6,4.3,19.9,43.9,8839.55
China,18-05-2010,17.4,0.9,9.2,0,10.4,26.3,45408.45
China,19-05-2010,22.3,6.2,14,0,17,41.4,44847.41
China,20-05-2010,14.8,9.8,12,15.3,12.7,32,2575.6
China,21-05-2010,17,8.1,12.5,2.5,12.2,26.3,31274.86
China,22-05-2010,22.9,8.3,15.8,0,11.3,31.7,47860.95
China,23-05-2010,27.1,10.5,19.4,0,11.6,30.2,47899.95
China,24-05-2010,26.2,14,19.2,0.8,21.7,48.2,41747.27
China,25-05-2010,15.8,7.5,13.1,13.2,14.2,37.4,0
China,26-05-2010,15.6,5.6,10.9,7.7,13,30.2,33598.71
China,27-05-2010,22.4,7.3,14.8,0,16.5,36.7,47541.34
China,28-05-2010,22.7,11.4,16.5,2.2,9.7,25.9,39070.69
China,29-05-2010,22.2,11,17,1.6,15.5,36.4,46507.55
China,30-05-2010,20.8,12.1,15.8,6.4,22.7,55.1,17315
China,31-05-2010,13.6,10.1,11.7,6.3,9,23.4,0
China,01-06-2010,15.9,8.4,12.2,0.6,10.7,26.6,25462.41
China,02-06-2010,19,7.1,13.4,3.8,11.3,31.7,41389.47
China,03-06-2010,21.2,9.2,15.3,1.8,12,29.9,46990.35
China,04-06-2010,22.8,8.6,16.1,1.8,15,36.4,46459.52
China,05-06-2010,21.2,11.1,15.9,0.9,21.7,52.9,47339.83
China,06-06-2010,18.5,11.2,14.4,0,20.9,49.3,33401.88
China,07-06-2010,16.2,10.6,12.7,7.8,12.8,48.6,2586.46
China,08-06-2010,19.5,9.3,14.2,0.1,9.8,22.7,39110.78
China,09-06-2010,21,8.7,15.4,0.1,10.1,23.8,37265.96
China,10-06-2010,24.5,8.1,17.1,0,10.9,28.4,49017.46
China,11-06-2010,25,11,18.4,0,18,42.5,43474.41
China,12-06-2010,25.7,10.5,18.9,0,11.6,35.3,48716.43
China,13-06-2010,26.8,11.9,19.8,0,9.9,29.9,35641.78
China,14-06-2010,28.2,12.9,20.9,0,10.2,25.9,49119.49
China,15-06-2010,28.3,15.5,21.8,0,15.6,38.5,44571.8
China,16-06-2010,28.8,14.5,22.3,0,13.8,35.6,43658.06
China,17-06-2010,28.5,18.1,23,0,12.3,26.6,49166.38
China,18-06-2010,28.2,18.2,22.9,0,14.4,35.3,36685.1
China,19-06-2010,26,16.6,21.2,4.6,8.5,24.1,38659.86
China,20-06-2010,27.9,14.9,22,0,10.2,26.6,48392.11
China,21-06-2010,28.2,14.9,22,0,10,33.8,47840.23
China,22-06-2010,29.7,14.4,22.6,0,13,36.4,49189.06
China,23-06-2010,29,16.6,22.4,0.1,18.8,47.5,46415.98
China,24-06-2010,27.9,16.5,21.7,1.6,17.3,42.5,39251.6
China,25-06-2010,24.6,15.8,19.6,0.4,23.5,57.6,48439.5
China,26-06-2010,24.3,14.4,18.6,0.2,24,56.9,46964.07
China,27-06-2010,25.8,14.6,19.7,0,18.9,42.5,46922.08
China,28-06-2010,24.5,15.4,19.7,0.8,18,40.7,27237.55
China,29-06-2010,17.6,13.3,14.5,18.9,14.3,30.6,0
China,30-06-2010,21.3,12.7,16.3,1,12.7,31,28764.86
China,01-07-2010,24.8,13.3,19.1,0,12.1,28.1,42257.93
China,02-07-2010,19.4,14.9,17.2,4.6,14.8,34.2,8489.85
China,03-07-2010,24.1,13.5,18.2,0,7.5,29.2,27607.12
China,04-07-2010,21.4,15.8,17.8,4.7,7.3,18.4,16034.94
China,05-07-2010,28.4,13.8,21.5,0,10.7,25.6,48932.79
China,06-07-2010,28.2,17,22.6,0,21.3,49.3,47744.5
China,07-07-2010,23,17,19.5,4.1,14,40.3,19331.93
China,08-07-2010,25.4,15.6,20.8,0.1,15.6,31.7,42301.75
China,09-07-2010,21.2,13.8,17.2,11.8,11.2,28.1,23977.54
China,10-07-2010,27.3,10.8,19.9,0,10.9,26.6,48715.71
China,11-07-2010,28.2,14,21.4,0.1,10.2,23.8,35707.38
China,12-07-2010,27.3,14.2,21.4,0,18.3,44.6,42417.39
China,13-07-2010,26,16.2,21.6,0.2,15.2,35.6,47657.59
China,14-07-2010,24.8,17.2,20.4,5.6,14.5,34.9,14887.19
China,15-07-2010,28.3,15.8,21.9,3.9,13,30.6,47600.48
China,16-07-2010,25.7,16.4,20.9,2.6,15.5,40,33661.87
China,17-07-2010,27.9,13.3,21.3,0,9,25.2,48305
China,18-07-2010,28.2,15.9,21.3,1.9,12.8,34.9,36916.36
China,19-07-2010,29.7,13.7,22.1,0,10.5,29.2,48103.04
China,20-07-2010,29,15.2,22.6,0,18.7,45.7,48096.82
China,21-07-2010,27.8,16.6,21.9,0,21.9,50,39697.3
China,22-07-2010,24.9,17.8,20.6,5.1,16.8,43.6,37895.7
China,23-07-2010,23.6,17.8,20.4,2.4,14.8,36,44841.3
China,24-07-2010,23.8,16.1,19.6,0.2,14.9,32,43379.29
China,25-07-2010,24.2,15.7,19.3,0.3,24.2,55.1,40349.17
China,26-07-2010,28.6,15.5,21.4,0,24.5,57.2,46563.89
China,27-07-2010,32,16.9,23.7,0,21.6,46.4,46404.91
China,28-07-2010,35.5,17.2,26.6,0,14.8,38.5,46808.72
China,29-07-2010,35,20.2,28,0,16.6,42.1,46533.32
China,30-07-2010,36,20,28.4,0,15.3,39.2,46374.7
China,31-07-2010,32.6,21.7,25.7,2.5,21.9,44.6,36916.28
China,01-08-2010,30.6,20.5,25.3,2.2,18.1,45.4,44782.24
China,02-08-2010,30.9,19.9,25,0.1,15.2,36.7,45658.72
China,03-08-2010,26.5,19.4,23.2,0.4,18.3,38.2,44350.81
China,04-08-2010,21.9,16.2,18.4,0.6,14.4,32,1934.33
China,05-08-2010,27.6,12.5,20.3,0,17.6,40.7,45646.43
China,06-08-2010,30.9,15.6,22.8,0.3,17.9,41.4,42265.35
China,07-08-2010,30.6,17.6,22.5,2.3,18.3,44.6,36221.04
China,08-08-2010,25.8,18.4,21.6,5.6,14.1,37.4,42304.32
China,09-08-2010,23.1,18.2,20.2,11,12,32.4,15955.28
China,10-08-2010,27.1,18.2,22.2,0.7,9.7,26.3,32438.02
China,11-08-2010,25,17.1,20.8,15.2,12.2,29.2,27625.27
China,12-08-2010,25.8,17.1,21.6,0.3,16.3,39.2,43200
China,13-08-2010,22.2,17.6,20,0.8,17.3,37.1,25213.26
China,14-08-2010,23.5,15.6,19.1,0,9.2,21.2,29440.26
China,15-08-2010,26.8,12.7,20,0,11,29.2,44470.88
China,16-08-2010,27,15.4,20.9,0,15.7,38.5,39723.64
China,17-08-2010,25.9,16.3,20.8,0,14.8,34.6,43749.17
China,18-08-2010,21.7,16.4,18.5,7,8.6,23,22761.48
China,19-08-2010,25.7,14.6,19.5,0,19.9,46.1,44153.37
China,20-08-2010,22.1,12.6,16.7,1.7,20.7,44.6,17690.63
China,21-08-2010,24.1,11.6,17.9,1.5,12.9,32.8,43821.38
China,22-08-2010,24.2,12.7,18.7,0,14.5,35.6,32132.57
China,23-08-2010,23.2,11.9,17.9,0,14.5,34.2,43264.8
China,24-08-2010,24.7,9,16.9,0,18.4,38.9,43522.29
China,25-08-2010,25,11.8,18.1,0.1,13.9,34.9,43200.25
China,26-08-2010,25,11.3,18.5,0,11,29.5,43431.38
China,27-08-2010,25.8,10.7,18.7,0,19,43.9,43355.93
China,28-08-2010,26.4,12.1,18.8,0,21.4,47.2,43289.07
China,29-08-2010,21.7,13.9,17.1,10.4,15.2,36,27604.19
China,30-08-2010,21,13.8,16.7,4.2,8.6,22.3,25134.72
China,31-08-2010,22.2,13.1,17.7,2.2,9,24.8,41328.62
China,01-09-2010,15.9,11.5,14.3,10.5,15.5,34.6,30819.66
China,02-09-2010,21.8,8,15.3,0,9.3,19.4,43171.54
China,03-09-2010,20.1,10.8,15.1,4.9,9.7,24.1,39660.27
China,04-09-2010,23.2,9.2,16.1,0,11.7,31,43082.97
China,05-09-2010,23,14.2,17.8,0,10.1,28.4,37235.62
China,06-09-2010,20.5,13.7,16.2,2.4,9.1,19.1,30664.14
China,07-09-2010,14.5,10.4,12.8,3.3,13.2,37.8,33638.88
China,08-09-2010,18.3,9.9,13.4,0,10.5,23.8,30896.27
China,09-09-2010,23,9.3,16.3,0,8.8,20.9,42579.42
China,10-09-2010,24.7,12.7,18.5,0,11.3,31.7,42447.65
China,11-09-2010,26.5,12.3,19,0,14.5,34.2,42315.26
China,12-09-2010,24.1,12.3,17.6,0.6,15.8,40.3,42182.35
China,13-09-2010,25.6,12.5,17.8,0,21.4,49,42048.99
China,14-09-2010,26.9,14.1,19,0,19.9,49,40027.93
China,15-09-2010,23.9,15.6,18.5,0.3,14.7,34.9,25749.69
China,16-09-2010,25.4,16.5,19.9,1.4,19.1,41.8,32950.56
China,17-09-2010,23.6,13.9,18.4,2,19.6,43.2,27441.05
China,18-09-2010,20.7,13.4,16.3,0.1,7.8,21.2,18621.83
China,19-09-2010,26.5,16.4,20.7,0,12.8,29.2,32461.33
China,20-09-2010,24.2,9.8,18.1,7.6,20.2,45.7,22134.1
China,21-09-2010,11.8,8.2,9.9,9.9,10.2,26.6,0
China,22-09-2010,17.1,7.7,12.5,0,10.2,25.6,14103.26
China,23-09-2010,20,8.4,13.4,0.2,14.8,34.6,28269.66
China,24-09-2010,13.3,10.3,11.7,19.7,14.6,39.6,403.95
China,25-09-2010,16.9,7.7,12.7,0.1,11,28.8,33944.33
China,26-09-2010,20,8.4,14.2,0,11.8,29.5,24617.68
China,27-09-2010,19.2,11.2,14.5,0,11.2,29.2,37751.69
China,28-09-2010,11.5,7.9,10.4,4.8,6.6,21.2,6639.61
China,29-09-2010,18.6,3.8,11.5,0,13,27,33683.5
China,30-09-2010,17.5,8.1,12.3,0.1,11.5,25.9,36640.93
China,01-10-2010,12.6,7.4,10.1,1,14.7,32,9521.03
China,02-10-2010,16.2,4.7,10.1,0,10.7,27.4,38913.25
China,03-10-2010,17.4,6.5,11.4,0,8.8,18,38141.61
China,04-10-2010,19.7,7.7,12.8,0,10.3,24.5,38596.13
China,05-10-2010,18.9,8.5,13.5,0,8.9,20.5,32291.19
China,06-10-2010,19.3,7.8,13,0.6,12,30.6,37559.7
China,07-10-2010,21.2,6.5,13.4,0,16.9,28.1,38170.56
China,08-10-2010,21.2,7,13.2,0,11.5,30.6,37875.74
China,09-10-2010,18.6,9.1,12.9,2.2,20.9,46.4,36304.15
China,10-10-2010,8.4,1.8,5.3,8.3,18.7,48.2,19942.65
China,11-10-2010,12.1,1.2,6.7,0,10,24.5,21535.17
China,12-10-2010,15.5,3.4,9.2,0,11.2,29.2,37018.72
China,13-10-2010,15.3,5.2,10.3,0.9,11.5,27,23264.61
China,14-10-2010,14.5,5.4,9.8,0.7,6.3,27.4,36219.46
China,15-10-2010,18,5.2,10.7,0,11.2,19.4,36881.27
China,16-10-2010,18.8,6.4,12.4,0,12.7,29.9,36978.79
China,17-10-2010,18.9,7.9,12.8,0,8.7,18.4,36757.09
China,18-10-2010,16.1,5.9,11,0,8.6,19.4,36593.18
China,19-10-2010,17.8,5.3,11.2,0,8.3,33.5,36008.81
China,20-10-2010,20.2,6.3,12.3,0,9.7,25.6,36322.02
China,21-10-2010,18.4,9.1,12.7,0.5,15.6,40,28237
China,22-10-2010,17.3,10.5,12.8,6.7,8.7,25.6,29155.88
China,23-10-2010,15.8,6,10.8,2.1,13.4,29.2,20182.71
China,24-10-2010,9.6,-3.8,0.7,9.3,17.3,37.8,811.74
China,25-10-2010,1.1,-4.9,-2.6,1.6,8.7,22.3,21734.71
China,26-10-2010,2.2,-6.4,-1.8,0,8,15.1,33595.11
China,27-10-2010,7.4,-3.1,1.4,0,10.2,23.8,35350.63
China,28-10-2010,7.5,-1,3.5,0,7.7,19.8,22488.02
China,29-10-2010,11.6,0.9,5.3,0,9.4,16.6,35118.38
China,30-10-2010,14.5,1,6.6,0,11.4,20.2,35050.34
China,31-10-2010,10,0.6,5,0,10,22.3,33077.24
China,01-11-2010,6.3,2.1,4.2,1.4,14.6,32.8,12016
China,02-11-2010,10,0.5,4.6,0,8.9,19.4,34856.71
China,03-11-2010,11.6,2.1,6,0,8.9,22.3,34795.07
China,04-11-2010,12.6,2.7,6.6,0.3,9,18.4,33397.11
China,05-11-2010,14,-0.1,6.2,0,10.8,19.8,34674.69
China,06-11-2010,7.7,1.2,4.3,0,11.9,28.4,34384.6
China,07-11-2010,10.4,-0.8,4.7,0,7.4,15.5,33817.19
China,08-11-2010,11.3,3.4,6.4,0,10.2,19.8,34502.38
China,09-11-2010,14.5,0.7,7.2,0,11.4,27.4,34447.4
China,10-11-2010,8.9,-2.4,4.1,0.5,22.3,49.7,32818.81
China,11-11-2010,10.5,-5.4,1.5,0,10.7,26.3,34229.3
China,12-11-2010,9.4,-1.7,3.4,0,10.9,25.6,34113.49
China,13-11-2010,9.5,-1.3,3.9,0,9.1,19.8,32264.53
China,14-11-2010,6.8,-2.6,2.4,0,11.1,24.8,33886.65
China,15-11-2010,8.7,-3.1,2.5,0,10.2,22.7,33775.96
China,16-11-2010,10.4,-0.1,4,0,9.3,17.3,33667.27
China,17-11-2010,11.4,-0.1,5.4,0,11.1,23.4,33560.77
China,18-11-2010,7.1,-2.6,1.8,0,9.9,28.8,28000.75
China,19-11-2010,13.1,-2.7,3.4,0,12.5,21.6,33355.01
China,20-11-2010,8.4,-2.6,2.7,0,13.7,31,33234.12
China,21-11-2010,5.1,-5.9,-1.6,0,12.6,21.6,33044.6
China,22-11-2010,9.2,-4.6,1.5,0,11.4,21.2,30911.64
China,23-11-2010,4.9,-2.6,0.9,0,11.2,27.4,29842.76
China,24-11-2010,6.6,-3.5,1.1,0,8.7,16.6,32607.21
China,25-11-2010,7.6,-1,2.6,0,10.3,16.9,32537.45
China,26-11-2010,8.8,0.3,3.4,0,11.5,18.7,32468.14
China,27-11-2010,7.1,0.3,3.1,0,7.9,18,32082.08
China,28-11-2010,7.8,0.2,3.1,0,7.9,16.6,32226.75
China,29-11-2010,6.5,0.5,2.9,0,8.2,26.3,32160.68
China,30-11-2010,10.1,-1.4,4,0,8.3,18,32095.69
China,01-12-2010,8.7,-1.3,3.2,0,15.2,34.9,32031.91
China,02-12-2010,7,-4.1,0.1,0,13.6,21.6,31969.52
China,03-12-2010,10.2,-4.1,2.1,0,11,21.6,31908.68
China,04-12-2010,12.5,-3.2,2.6,0,13.1,23.4,31849.55
China,05-12-2010,-1,-6.5,-4.3,0,15.1,34.9,31590.82
China,06-12-2010,-0.6,-7.8,-4.6,0,8.9,23,30499.78
China,07-12-2010,6.3,-6.5,-0.6,0,14.3,36,31683.9
China,08-12-2010,8.6,-0.2,3.4,0,11.5,18.4,31733.62
China,09-12-2010,7.4,-2,1.9,0,11,18.7,31584.63
China,10-12-2010,0.2,-6.3,-2.7,0,11.3,25.6,31538.74
China,11-12-2010,5.3,-7.5,-2.6,0,9.6,17.3,31292.71
China,12-12-2010,0,-8.5,-3.6,0,12.9,28.4,31414.33
China,13-12-2010,-4.1,-11,-8.2,0,18.1,38.5,31416.97
China,14-12-2010,-5.2,-12.5,-9.5,0,17.3,34.2,30023.71
China,15-12-2010,-12,-16.4,-14,0,14.3,29.2,24081.79
China,16-12-2010,3.5,-15.1,-6.2,0,9.8,28.8,31615.91
China,17-12-2010,4.5,-5.1,-1,0,7.4,16.9,31549.93
China,18-12-2010,3.2,-4.6,-1.8,0,6.9,17.6,30015.52
China,19-12-2010,3.9,-5.5,-1.6,0,11,23.8,26623.17
China,20-12-2010,1,-5.1,-2.5,0,9,19.1,16851.59
China,21-12-2010,6.6,-7,-1,0,12.2,20.9,31369.63
China,22-12-2010,2,-4.3,-1.8,0,10.6,24.1,31180.29
China,23-12-2010,1,-6.7,-3.5,0.2,9.5,24.5,26475.05
China,24-12-2010,-2.7,-8.7,-5.7,1.6,13.9,32.8,17261.64
China,25-12-2010,-2.5,-12.6,-8.2,0,9.8,29.2,31055.66
China,26-12-2010,3.8,-10.3,-4.2,0,10.9,21.6,31375.78
China,27-12-2010,-1.9,-9,-5.6,0,10,20.9,31308.98
China,28-12-2010,0.9,-10,-6.2,0,12.7,22.7,31340.68
China,29-12-2010,-9,-14.6,-11.8,0,10.7,24.8,31188.47
China,30-12-2010,-4.9,-16.2,-11.3,0,10.4,19.4,31409.97
China,31-12-2010,-3.5,-13.1,-8.3,0,8.2,19.8,22876.45
China,01-01-2011,-4.9,-10.3,-8.2,2,12.3,28.1,15304.02
China,02-01-2011,-1.2,-11.2,-7.9,0.1,12.3,18.4,27112.93
China,03-01-2011,-8.6,-13.9,-11.1,0,11.5,23.8,27696.49
China,04-01-2011,-7,-15.9,-12.5,0,11.5,24.8,31354.7
China,05-01-2011,-10.8,-16.6,-14.3,0,9.7,19.8,30863.3
China,06-01-2011,-7.1,-16.1,-12.2,0,10.3,24.1,30916.91
China,07-01-2011,-2.6,-15.1,-10.4,0.1,11.2,29.5,31692.49
China,08-01-2011,-10.1,-14.8,-13,0.1,12.2,27.4,28800
China,09-01-2011,-9.1,-16.7,-13,0.1,9,23.8,28846.45
China,10-01-2011,-11.2,-16.4,-13.5,0.1,11.2,24.5,31145.45
China,11-01-2011,-6.5,-17.2,-12.7,0,13.4,20.9,32114.44
China,12-01-2011,-7.1,-16.2,-12.2,0,10.5,27.7,31997.19
China,13-01-2011,-5.7,-16,-10.8,0,10.9,19.8,31601.98
China,14-01-2011,-10.1,-16.2,-12.8,0,17.8,37.8,32129.48
China,15-01-2011,-7.4,-19.1,-14.1,0,11.8,17.6,32479.18
China,16-01-2011,-8,-16.6,-12.8,0,11.5,26.3,31980.55
China,17-01-2011,-8.1,-16.7,-13.1,0,11.8,19.8,32142.48
China,18-01-2011,-6.4,-15.5,-11.9,0,12.1,22,31643.57
China,19-01-2011,-6.2,-14.6,-10.6,0,6.5,18.4,29507.97
China,20-01-2011,-5.1,-14.8,-10.1,0,8.4,17.6,33004.79
China,21-01-2011,-4.6,-15.2,-10.5,0,9.6,17.3,32818.65
China,22-01-2011,-5.8,-15.5,-11.2,0,9.4,21.2,32685.96
China,23-01-2011,-3.5,-14.9,-10.1,0,12,18.4,33318.46
China,24-01-2011,-4.4,-15.6,-9.7,0,11.3,27.4,33258.13
China,25-01-2011,-0.8,-11.4,-6.8,0,12.2,19.8,33524.02
China,26-01-2011,-1.7,-9.2,-5.8,1.8,14.1,29.2,25506.4
China,27-01-2011,-7.1,-16.2,-10.7,2.1,14.5,30.2,25029.26
China,28-01-2011,-11.3,-19.1,-15.3,0,12.9,24.5,33850.6
China,29-01-2011,-10.3,-18.5,-14.8,0,12.6,24.5,32614.4
China,30-01-2011,-9,-18.4,-14.7,0,13,21.6,34045.79
China,31-01-2011,-5.7,-19.4,-12.4,0,8.6,18,34094.21
China,01-02-2011,2.5,-14.9,-6.9,0,11.8,20.9,34150.91
China,02-02-2011,1,-10,-5.3,0,11.2,22,31284.86
China,03-02-2011,4.8,-11.5,-4.2,0,11.4,21.2,34284.52
China,04-02-2011,4.5,-6.4,-1.4,0,12.6,28.4,34341.38
China,05-02-2011,6.5,-6.7,-0.4,0,12.3,20.5,34397.84
China,06-02-2011,6.7,-4.5,-0.2,0,11.6,26.3,32538.33
China,07-02-2011,5.2,-4.9,-0.2,0,11,24.1,34618.58
China,08-02-2011,6.6,-4.9,0,0,11.6,28.1,34530.01
China,09-02-2011,1.6,-5.4,-1.9,1.1,12.8,22.7,24439.77
China,10-02-2011,4.7,-6.1,-1.5,0,12,27.4,34950.59
China,11-02-2011,3.5,-5.1,-1.8,0,17.2,41.4,33985.59
China,12-02-2011,1.4,-5.7,-2.8,0,16.1,35.3,33416.59
China,13-02-2011,1,-8.7,-4.6,0,11.3,27.4,35494.26
China,14-02-2011,2.2,-8.3,-4,0,16,36.7,34908.47
China,15-02-2011,3.7,-5.5,-1.8,0,11,27.4,35848.07
China,16-02-2011,2.8,-5.6,-1.3,0,11.2,28.1,35047.2
China,17-02-2011,4.8,-6.2,-1.6,1,17.9,42.8,30051.6
China,18-02-2011,1.6,-3.8,-1.7,0.8,12.3,31.3,28222.52
China,19-02-2011,5.4,-6.5,-1.5,0,12.1,18.4,36609.19
China,20-02-2011,7,-6.3,-0.4,0,13.7,26.3,36745.97
China,21-02-2011,8.5,-4.6,0.7,0,10.7,31.3,35414.74
China,22-02-2011,12.1,-4.2,2.6,0,12.2,26.3,37020.88
China,23-02-2011,15.1,-3.4,5.2,0,11.9,26.3,37158.75
China,24-02-2011,10.2,1,5,0,10.8,29.2,35645.29
China,25-02-2011,11.5,-0.8,4,0,17.8,38.2,36283.43
China,26-02-2011,1.2,-4.4,-1.2,0.1,13.2,25.9,29284.29
China,27-02-2011,2.1,-6.7,-3.2,1.1,18.2,37.8,24876.53
China,28-02-2011,-4.5,-8.7,-6.7,0.9,10.8,28.8,24335.45
China,01-03-2011,2.1,-9.2,-4.3,0,14.7,34.6,37947.03
China,02-03-2011,3.1,-6.4,-2.4,0,17.7,37.8,24609.06
China,03-03-2011,4.8,-7.6,-2.3,0,11,30.2,38061.8
China,04-03-2011,2.7,-4.7,-1.9,0,12.6,32,30962.22
China,05-03-2011,4,-4.2,-0.6,0.9,16.9,37.1,34576.59
China,06-03-2011,5.2,-5.2,0.1,0,10.6,21.6,38230.99
China,07-03-2011,9.8,-4.1,2.4,0,10.8,26.6,38286.62
China,08-03-2011,9.4,-3.8,2.8,0,24.3,55.1,38374.86
China,09-03-2011,6.9,-3.9,0.6,0,11,31,34785.45
China,10-03-2011,9.3,-3.4,3,0,13.3,32,36344.07
China,11-03-2011,11.6,-0.7,5.2,0,16.5,41.4,38589.31
China,12-03-2011,15.9,-4.2,5.5,0,12.6,28.4,38953.14
China,13-03-2011,5.4,-5.1,0.7,0,24.7,54,36322.21
China,14-03-2011,-1.8,-8.3,-5.4,0.4,20.6,46.4,34414.75
China,15-03-2011,2.9,-8.1,-3.3,0,14.3,32.8,39422.92
China,16-03-2011,9.6,-6.2,0.7,0,14.3,31,39689.46
China,17-03-2011,3.8,-4.4,-0.5,0,21.7,47.9,33695.82
China,18-03-2011,3.4,-6.6,-1.8,0,11.5,26.6,29590.04
China,19-03-2011,1.3,-5.3,-1.7,3.8,15.9,38.2,25733.9
China,20-03-2011,-0.7,-5.6,-3,1.7,15.8,35.6,17483.37
China,21-03-2011,-3.9,-8.1,-6,0.4,14.1,27.4,15416.75
China,22-03-2011,-0.9,-7.7,-5.1,0,12.5,28.4,39081.73
China,23-03-2011,0.4,-7.3,-3.9,0,14.7,35.6,40653.04
China,24-03-2011,1.5,-7.2,-3.1,0,13.8,27.7,39602.21
China,25-03-2011,5,-6.4,-1.1,0,14.3,33.1,40492.26
China,26-03-2011,7.8,-3.8,1.5,0,12.8,22.7,41437.77
China,27-03-2011,8.4,-2.5,3,0,23.6,54.7,40646.46
China,28-03-2011,10.5,-3.8,2.9,0,16.8,37.4,41709.97
China,29-03-2011,12.4,-2.1,4.3,0,13.2,32.4,40614.3
China,30-03-2011,16.1,-4.1,5.9,0,16.7,38.5,41981.79
China,31-03-2011,14.1,0.5,7.1,0,12.2,32,39148.4
China,01-04-2011,13.8,2.5,7.9,0,15.2,36.4,39218.87
China,02-04-2011,14.6,4.2,8.7,0,15.1,39.2,35339.46
China,03-04-2011,12.9,1.5,7.3,0,16.1,41.8,42154.7
China,04-04-2011,14.4,1.1,5.7,0,26.4,58.7,42528.08
China,05-04-2011,8.3,1,4,0.9,14.8,37.8,14184.7
China,06-04-2011,10.2,-1,4.6,1.1,18.1,46.1,36310.12
China,07-04-2011,8.8,-1,4.1,1.8,11.3,32.8,34309.98
China,08-04-2011,12.7,0.3,6.6,0,15.4,36,42860.75
China,09-04-2011,17.6,1.8,10.2,0,17.7,40.7,42941.67
China,10-04-2011,13.4,-0.9,7,0,12.2,28.1,43021.5
China,11-04-2011,17.8,1.2,9.4,0,11.9,27.4,43100.12
China,12-04-2011,22.5,2.4,12,0,12.2,27.7,43178.1
China,13-04-2011,23,4.8,14,0,17.1,36.7,43200
China,14-04-2011,19.8,8.7,14,0,17.1,40.7,37694.91
China,15-04-2011,18.3,5.8,12.1,0,7.9,24.1,21288.76
China,16-04-2011,21,5.9,13.5,0,18.6,42.8,43200
China,17-04-2011,19.3,4.8,12.2,0,17.8,40.7,43200
China,18-04-2011,20.7,3.8,12.3,0,12.1,32.4,43200
China,19-04-2011,22.1,6.3,13.6,0,25.2,63.7,43200
China,20-04-2011,21.5,7.6,14.4,0.9,27.7,62.6,30979.09
China,21-04-2011,17.2,6.7,12.5,0,18.4,43.9,37496.88
China,22-04-2011,18.6,7.7,12.9,0,16.4,40,43200
China,23-04-2011,20.4,8,14.1,0,12.7,34.9,43271.14
China,24-04-2011,22.9,5.7,15.6,0,14.8,37.8,43200
China,25-04-2011,25.3,12.3,18.5,0,23.4,55.4,37483.73
China,26-04-2011,23.1,7.6,15.7,0,24.2,56.9,42119.7
China,27-04-2011,22.7,9.8,15.7,0,12.4,36.4,42564.65
China,28-04-2011,29.2,8.9,19.6,0,11.5,29.2,43200
China,29-04-2011,18.1,11,14.3,0,25.1,56.5,42710.64
China,30-04-2011,18,5.8,12.3,0,17.1,40.7,43200
China,01-05-2011,17.1,6.2,10.9,0,13.6,34.9,28058.02
China,02-05-2011,21.7,6,14,0,14.7,40.7,43214.78
China,03-05-2011,15,7.5,11.8,0.3,14,34.9,38897.13
China,04-05-2011,24.8,4.3,15.4,0,17.3,41.4,42363.26
China,05-05-2011,25.2,8.1,17.1,0,23.6,57.2,44204.39
China,06-05-2011,28,10.2,19.1,0,15,37.1,44321.5
China,07-05-2011,28.7,12.1,20,0,15.6,41,40468.58
China,08-05-2011,23.7,14.1,18,0,19.1,43.2,30757.09
China,09-05-2011,14.5,8,10.9,2.4,12.2,24.8,3805.02
China,10-05-2011,22.7,5.8,15,0,17.5,40,44820.45
China,11-05-2011,11.9,5.3,7.7,2.5,16.7,37.1,2842.21
China,12-05-2011,15.2,3.3,9.5,0,13.1,32.8,44576.21
China,13-05-2011,16.4,5.9,9.5,3.4,16.2,39.6,20608.33
China,14-05-2011,20.6,2.2,12.7,0,16,40,43713.29
China,15-05-2011,22.6,9.6,16.3,0,14.8,37.8,25831.76
China,16-05-2011,26.6,6.7,17.5,0,20.5,47.2,45658.12
China,17-05-2011,29.2,10.3,21.1,0,20.7,49.3,45533.19
China,18-05-2011,23.9,15.4,19.7,0,21.9,48.6,45817.34
China,19-05-2011,24.6,10.1,17,0.9,23.6,52.9,44432.33
China,20-05-2011,11.7,6.6,9.2,6.6,14.1,33.1,0
China,21-05-2011,11.1,5.4,7.5,2,9.2,27,387.83
China,22-05-2011,18.6,2.5,10.9,0,11.5,26.6,43735.62
China,23-05-2011,20.6,5.9,14.1,0,14.7,35.3,25143.85
China,24-05-2011,20.7,8.5,15.3,0,10.9,27.7,35299.45
China,25-05-2011,24.1,9.9,15.7,2,18.2,39.6,36302.05
China,26-05-2011,24.3,7.7,16.3,0,14,33.5,46621.88
China,27-05-2011,25.9,9.3,18.1,0,17.1,46.8,45279.36
China,28-05-2011,25,14.2,18.5,1.9,12.8,35.6,30664.43
China,29-05-2011,21.2,11.6,16.8,0,17,39.2,34431.48
China,30-05-2011,22.5,11.6,17.1,0,13.8,32,37180.28
China,31-05-2011,24.9,10.8,18.3,0,16.5,38.5,44458.23
China,01-06-2011,23.2,12.4,17.6,0.1,15.5,40.7,39555.66
China,02-06-2011,26.6,8,17.9,0,19.2,50.4,48673.95
China,03-06-2011,28,11.8,19.6,0,16.6,39.6,46254.03
China,04-06-2011,27.4,13.6,20.4,0,17.7,39.6,31762.28
China,05-06-2011,24.6,15.2,20.2,0.1,10.1,27.4,26172.72
China,06-06-2011,28.5,14.1,22.3,0,13,34.9,48318.49
China,07-06-2011,31.3,13.7,23.9,0,15.1,34.6,47683.95
China,08-06-2011,28,17.1,22.6,0,20.4,48.2,22221.35
China,09-06-2011,24,14.1,19.1,0.5,10.9,31,43412.5
China,10-06-2011,27.8,13.2,21.2,0,10.6,30.2,47216.13
China,11-06-2011,28,17.6,22.8,0.6,9.5,34.2,43151.7
China,12-06-2011,29.5,13.5,22.6,0,19.2,44.3,42351.63
China,13-06-2011,28.1,16.5,21.9,0,14.6,41.4,34738.73
China,14-06-2011,32.4,13.1,23.8,0,15.1,40.7,47050.27
China,15-06-2011,32.5,15.8,24.4,0,20.5,49.7,39904.76
China,16-06-2011,22.4,15.3,18.9,0.7,17.8,42.1,17374.64
China,17-06-2011,27.2,12.4,19.8,0,17.4,41.4,47558.78
China,18-06-2011,28.4,13.5,20,0,23.7,54.7,46953.04
China,19-06-2011,24.8,15.2,18.9,0,17.7,47.2,25479.62
China,20-06-2011,29.2,15.2,21.4,1.9,18.4,42.5,44959.98
China,21-06-2011,19.3,17,17.9,9.7,11,26.6,0
China,22-06-2011,18.4,13.1,16.3,8.2,11.7,27.4,11923.45
China,23-06-2011,27.4,10.5,19.9,0,11.6,27,49185.91
China,24-06-2011,29,13.8,22.2,0,10,21.2,49180.55
China,25-06-2011,28,16.7,22.6,0.2,19.7,42.1,32522.68
China,26-06-2011,19.5,13.7,15.8,19.1,11.8,35.6,23964.2
China,27-06-2011,28.4,10.5,20.2,0,11.5,32,49148.17
China,28-06-2011,30.1,14.1,22.3,0,20.9,46.8,47717.82
China,29-06-2011,19.9,15.1,17,1.6,15.5,41,21610.42
China,30-06-2011,23.6,12.8,18.5,2.6,18.1,42.5,29258.78
China,01-07-2011,24.9,16.6,20.3,6.7,13.6,27.7,40244.89
China,02-07-2011,24.6,17.3,19.8,12.1,21.5,45,27226.71
China,03-07-2011,24.3,16.5,20.1,1.5,13,31,43939.73
China,04-07-2011,21.9,15.6,18.4,6.3,16.9,38.5,9990.31
China,05-07-2011,17.1,14.2,15.4,5.1,5.5,16.9,7345.87
China,06-07-2011,24.1,13.8,17.8,1.2,16.7,39.6,28517.99
China,07-07-2011,25,12.5,18.8,0,11.1,29.5,48861.97
China,08-07-2011,27.3,14.7,21.1,0,11.7,30.6,46085.75
China,09-07-2011,21,15.2,18.4,2.5,12.3,28.8,25740.49
China,10-07-2011,24.3,12.3,18.7,0,8.9,19.8,43425.4
China,11-07-2011,26.3,12.9,20.3,0,8.9,27.7,38419.49
China,12-07-2011,26.6,13.6,20.5,0,9,25.2,39087.73
China,13-07-2011,25.1,15.2,20.3,0,15,27.7,24048.21
China,14-07-2011,28.5,11.8,20.7,0,10.1,28.1,48506.29
China,15-07-2011,30.3,13.6,22.7,0,10.6,28.4,48446.49
China,16-07-2011,30.6,15.5,23.7,0,12,37.1,47566.25
China,17-07-2011,30.9,15.4,24,0,11.7,28.1,48320.86
China,18-07-2011,31.5,17.8,24.8,0,12.7,33.1,47771.44
China,19-07-2011,31.4,19.6,25.9,0,12.7,32.4,48187.55
China,20-07-2011,31,15.5,22.8,2.8,11.2,33.5,42702.07
China,21-07-2011,30.3,14.8,23.3,0,14,33.1,47895.93
China,22-07-2011,31.7,15.9,24.4,0,13.3,33.8,47845.94
China,23-07-2011,31.3,15.8,24.8,0,19.1,38.5,46033.48
China,24-07-2011,31.8,19.5,25.5,0,13.6,33.5,47137.29
China,25-07-2011,31.5,18.6,24.6,0.1,9.9,34.6,45088.34
China,26-07-2011,32.9,17.5,26,0,13.5,34.9,47271.58
China,27-07-2011,33.5,20,26.5,0,21.4,51.8,45124.73
China,28-07-2011,22.7,12.3,14.9,24.8,16,39.6,0
China,29-07-2011,22.8,13.4,17.6,0.8,8.7,25.6,45481.31
China,30-07-2011,23.9,14.1,19.4,0,10.7,23.8,27293.71
China,31-07-2011,23,13.4,18,0.2,16.7,41.8,31206.88
China,01-08-2011,24.7,11.2,18.4,0,17.5,41.4,46378.85
China,02-08-2011,26.4,13.7,20.1,0,19.3,45.4,46059.94
China,03-08-2011,27.1,13.4,20.5,0,17.7,41.4,42413.99
China,04-08-2011,26.6,14.5,20.6,0,15,36.7,44762.85
China,05-08-2011,27.7,15.7,21.6,0.1,13.4,35.3,43456.47
China,06-08-2011,30.2,14.9,23,0,10.2,29.9,45884.9
China,07-08-2011,32,15.6,24.5,0,16.1,44.3,45385.88
China,08-08-2011,32.1,15.7,24.8,0,14.6,39.6,45671.59
China,09-08-2011,31.9,16.7,24.7,0,19.8,53.6,45523.69
China,10-08-2011,31.5,17.2,23.8,0,20.6,48.2,45296.19
China,11-08-2011,32.2,17.1,24.4,0,19.9,46.8,45155.89
China,12-08-2011,33.4,19,25.4,0.2,19.4,47.5,42949.12
China,13-08-2011,32.8,19.8,25.3,2.5,16.7,39.6,42541.27
China,14-08-2011,29.6,20.7,24.2,2.7,14.6,40,35976.46
China,15-08-2011,20.7,16.4,19,7.1,17.1,36,1065.26
China,16-08-2011,22.6,15.5,19.1,0.3,12,30.6,34559.4
China,17-08-2011,21.1,13.3,17.2,9.4,16.6,37.8,456.21
China,18-08-2011,16,12.2,13.7,18.3,8,25.2,1061.97
China,19-08-2011,22.6,13.5,17.3,11.3,13,28.4,36034.04
China,20-08-2011,21.2,15,17.6,13.5,8.5,21.6,30699.31
China,21-08-2011,24.7,13.4,19.3,0,10,24.8,43200
China,22-08-2011,22,13.6,17.6,3.2,13.1,31.3,21403.97
China,23-08-2011,25.4,10.7,18.4,0,13.4,31.7,41797.8
China,24-08-2011,24.5,12.7,18.8,0,8.4,25.9,43200
China,25-08-2011,22.9,13.1,17.7,0.5,9.4,24.8,40635.91
China,26-08-2011,26.3,11.9,19.3,0,10.5,31,43432.69
China,27-08-2011,26.7,12.4,19.8,0,15.1,35.3,43216.65
China,28-08-2011,27.6,12.1,20,0,13,36.7,43288.77
China,29-08-2011,29.2,15.3,21.3,0,12.2,33.1,43200
China,30-08-2011,30.1,15.6,22.2,0,14,27.7,42655.4
China,31-08-2011,28.5,17.2,22.1,5.6,13,31.7,42908.21
China,01-09-2011,27,17.7,21.6,2.7,13.4,35.6,35358.12
China,02-09-2011,20.1,16.2,17.8,3.7,9,24.8,5469.71
China,03-09-2011,21.5,15.9,18.2,0.8,13.5,31.3,16403.81
China,04-09-2011,17,12.6,15.6,12.6,13.3,31,0
China,05-09-2011,13.7,11.6,12.6,13.7,5.2,18,0
China,06-09-2011,18.5,11.9,14.5,6,8.7,37.8,17843.89
China,07-09-2011,20.3,11.8,15.4,0,8.9,23,28198.17
China,08-09-2011,21.1,12,15.8,3.3,10.4,27.4,35946.65
China,09-09-2011,14.5,8.6,11.3,2.2,16.8,36,14187.8
China,10-09-2011,17.6,8.5,12.4,0.7,13.3,31.3,26964.43
China,11-09-2011,20.6,12.3,15.9,0.3,11.3,28.4,36874.09
China,12-09-2011,21.6,11,16.1,0,8,21.2,35311.48
China,13-09-2011,23.5,13,17.8,0,15.4,34.2,42078.04
China,14-09-2011,23.8,9.8,16.8,0.2,12.9,31.7,41945.59
China,15-09-2011,20.7,12.4,16.5,0,11.6,26.6,21538.86
China,16-09-2011,14.2,8.1,11.2,16.3,17,28.1,0
China,17-09-2011,10.1,6.7,8.6,8.3,10.3,23.8,0
China,18-09-2011,7.3,2.5,5.1,8.6,8.9,23,426.12
China,19-09-2011,13.4,2.9,7.8,0,11.9,29.2,39151.71
China,20-09-2011,16.7,3.9,10.6,0,11.8,25.6,37187.16
China,21-09-2011,16.1,5.2,10.6,0,11.3,26.6,20026.78
China,22-09-2011,16.3,5.7,11.4,0,8.2,20.2,20236.37
China,23-09-2011,18,9.7,13.5,0,8.7,20.2,27046.73
China,24-09-2011,18.2,9.1,13.2,0.4,9.7,23.8,25861.38
China,25-09-2011,18.8,6.1,12.6,0,10,23.8,30261.21
China,26-09-2011,20.6,7.2,13.4,0,15.5,38.2,39761.55
China,27-09-2011,13.8,8.7,11,5.9,15.5,36.7,0
China,28-09-2011,15.8,7.4,10.9,2.6,8.7,25.2,15337.37
China,29-09-2011,18.8,5.6,12.3,0,10.5,22,39336.19
China,30-09-2011,19.7,8.1,13.5,0.2,8.7,18,38949.55
China,01-10-2011,17.1,9.3,12.5,0.7,11.9,30.2,22369.3
China,02-10-2011,15.8,7.1,11.3,0.2,14.4,34.2,21488.9
China,03-10-2011,15.6,6.6,10.6,0.7,10.9,29.5,20858.46
China,04-10-2011,16.1,5.7,10.8,0,8.7,29.5,37597.95
China,05-10-2011,19.7,8.2,13,0,10.2,24.8,38294.73
China,06-10-2011,22.1,6.3,13.6,0,9.9,22.7,38082.98
China,07-10-2011,20.5,6.9,12.6,0,14.5,33.8,36793.71
China,08-10-2011,18.1,9.1,13,0,11.2,28.8,34928.37
China,09-10-2011,17.4,8.4,12.8,1.7,17.8,40.7,30182.93
China,10-10-2011,18.5,9.7,14.2,1.2,11.3,24.5,34018.22
China,11-10-2011,17.7,9.6,13.4,11.3,9,24.1,31407
China,12-10-2011,9.7,4.7,7.8,8.4,17.1,39.6,15441.77
China,13-10-2011,13.4,1.9,7.1,2.4,13.1,31.7,37012.57
China,14-10-2011,11,2.7,6.6,0,21.9,49,37115.69
China,15-10-2011,14.1,0.5,7.4,0,6.4,21.2,37212.98
China,16-10-2011,16.2,5.2,9.9,0,9.4,18.7,37089.19
China,17-10-2011,17.5,7.1,11.2,0,11.5,30.2,36968.97
China,18-10-2011,14.6,5.2,9.1,1.6,14.3,31,29896.79
China,19-10-2011,15,6.2,10.2,0.2,10.4,22.7,30196.76
China,20-10-2011,16.7,4.9,9.8,0,10.8,24.5,33421.48
China,21-10-2011,14.7,5.5,8.9,0,11.1,28.4,25056.46
China,22-10-2011,11.1,5.9,8.1,7.1,9.4,24.1,85.12
China,23-10-2011,8.6,4.3,5.9,0,10.4,23.8,18265.02
China,24-10-2011,11.9,1.7,5.8,0,13.6,37.4,28427.61
China,25-10-2011,7.5,2.5,4.9,1.7,14.5,34.2,2411.69
China,26-10-2011,10.7,1.8,5.7,0,11.2,25.2,33978.08
China,27-10-2011,12.3,3.8,7.3,0,10.9,25.6,30749.7
China,28-10-2011,14.7,1.2,7.6,0,10.9,23.8,35232.67
China,29-10-2011,17.8,2.4,8.8,0,12.5,27.4,35169.96
China,30-10-2011,14.7,2.1,7.4,0,10.7,24.1,35107.03
China,31-10-2011,13.2,1.9,7.1,0.4,15.5,34.2,33834.49
China,01-11-2011,10.7,3.3,6.3,0.2,10.7,28.4,24925.6
China,02-11-2011,13.2,6.3,8.8,0,14.1,30.2,28199.22
China,03-11-2011,10.6,4.4,7.3,0,13.8,29.5,13213.14
China,04-11-2011,9.5,3,6.2,0,9,23,21247.45
China,05-11-2011,12.9,4.1,7.8,0,11.4,30.6,32688.44
China,06-11-2011,9.1,1.9,5.9,10.4,14.6,34.2,8629.42
China,07-11-2011,4.1,-1,2,8.9,9.1,22.3,20616.41
China,08-11-2011,7.4,-3.9,1.1,0,9,16.2,34512.09
China,09-11-2011,9.3,-2.5,1.9,0,9,19.4,34455.99
China,10-11-2011,8.3,-4.4,1.5,0,8,16.2,34367.74
China,11-11-2011,4.7,-1.4,1.5,0,15.5,30.6,28849.4
China,12-11-2011,5.3,-2.7,0.9,0,9.7,24.5,17969.62
China,13-11-2011,6.5,-4.5,0.9,0,9.4,18.7,33162.91
China,14-11-2011,7.9,-1.6,2.8,0,10.7,15.8,33910.95
China,15-11-2011,10.2,-0.8,4.3,0,10.3,21.6,27750.55
China,16-11-2011,9.7,2.4,4.9,0.7,10,25.6,24609.23
China,17-11-2011,5.7,0.5,2.8,1.3,9.7,29.5,17936.91
China,18-11-2011,2.6,-2.8,-0.4,0,13.8,27.4,32110.23
China,19-11-2011,8.1,-4.8,0.7,0,10.7,17.3,32402.37
China,20-11-2011,8.2,-1.8,2.9,0,10.6,20.2,33030.76
China,21-11-2011,4.8,-0.1,2.1,0.1,9.5,25.2,23777.78
China,22-11-2011,7.7,-2.1,1.8,0,10,19.4,32882.22
China,23-11-2011,11.1,-2.1,3.2,0,13.1,20.9,32697.11
China,24-11-2011,12.5,-1,4.8,0,10.2,19.4,32624.83
China,25-11-2011,13.3,-0.2,5.4,0,9.8,17.3,31577.06
China,26-11-2011,9.2,-0.7,3.8,0,10.1,17.3,30267.17
China,27-11-2011,10,-1.1,3.3,0,9.6,16.9,32276.24
China,28-11-2011,8.6,-1.6,3.1,1.6,15,33.8,30174.99
China,29-11-2011,3.9,-4.1,-0.3,0.8,9.4,25.6,31962.79
China,30-11-2011,4.6,-5.5,-1,0.1,8.7,21.2,20388.19
China,01-12-2011,4.8,-3.3,-0.1,1,10.1,25.6,30764.14
China,02-12-2011,3.9,-4.1,-0.9,0,11.6,19.8,31877.74
China,03-12-2011,3.9,-5.1,-1.3,0,15.3,35.6,29383.5
China,04-12-2011,5.3,-6.1,-1.1,1,10.5,20.9,27150.35
China,05-12-2011,4.1,-4.5,-0.1,0.1,7.9,17.6,30820.98
China,06-12-2011,0.8,-5.8,-2.4,0.6,15.1,35.3,11789.82
China,07-12-2011,-2.3,-7.5,-5.2,0,7.8,19.4,24759.17
China,08-12-2011,-0.6,-9,-5.5,0,8.9,15.5,31250.56
China,09-12-2011,-4.7,-11,-7.3,0,10.7,24.1,29512.52
China,10-12-2011,-2.1,-11.6,-8,0,9.3,16.2,31558.29
China,11-12-2011,-2,-10.3,-7,0,8.2,18.7,31436.16
China,12-12-2011,-0.1,-10.3,-5.7,0,7.4,14,31421.1
China,13-12-2011,0.9,-9.2,-4.8,0,7,17.3,31431.31
China,14-12-2011,0.8,-6.8,-3.5,0,11.4,26.6,23446.24
China,15-12-2011,-1,-8.1,-5,0,10.1,15.8,31365.23
China,16-12-2011,-0.8,-8.9,-5.3,0,10.6,20.2,30112.71
China,17-12-2011,0.2,-7.2,-4.1,0,8.6,16.9,28171.01
China,18-12-2011,0.9,-8.6,-4.7,0,11.3,20.9,31111.47
China,19-12-2011,-0.8,-8.7,-5.5,0,8.1,16.2,29735.84
China,20-12-2011,-0.2,-8.9,-5.2,0,11.7,31.7,29367.84
China,21-12-2011,-5,-9.8,-7.8,0,7.9,25.2,23790.83
China,22-12-2011,-3.3,-9.5,-7.1,0,8.9,18.4,30970.16
China,23-12-2011,-2.8,-9.9,-7.1,0,9.2,15.8,30588.73
China,24-12-2011,-1.3,-10.2,-6.3,0,8.2,13.7,30346.44
China,25-12-2011,-0.7,-9.9,-5.9,0,8.2,14.8,30721.11
China,26-12-2011,0.9,-7.6,-4,0,9,18.7,30923.17
China,27-12-2011,-1,-8.4,-5.2,0,7.3,18.4,29982.53
China,28-12-2011,1.1,-8.6,-4.3,0,6.9,14,20764.63
China,29-12-2011,2.6,-8,-3.7,0,13,17.3,31079.26
China,30-12-2011,0.1,-7.3,-4.2,0,8.4,19.1,30933.1
China,31-12-2011,2.8,-7.5,-2.8,0,7.5,15.5,31251.43
China,01-01-2012,-1,-8.1,-4.4,0,13.6,31.3,31021.12
China,02-01-2012,-5.3,-8.7,-7.3,0.1,11.8,25.9,11670.25
China,03-01-2012,-4.9,-11.4,-8.5,0,7.5,16.6,31026.97
China,04-01-2012,-2.6,-12.8,-8.1,0,10,16.2,31436.45
China,05-01-2012,0.5,-10.4,-5.9,0,9.1,16.9,31577.28
China,06-01-2012,-1.5,-9.5,-6,0,8.9,19.8,30785.42
China,07-01-2012,-2,-9,-6,0,8.6,22.3,31060.86
China,08-01-2012,-0.5,-10.1,-5.4,0,8.1,16.6,31652.91
China,09-01-2012,-0.9,-7.5,-4.8,0,8.4,19.1,31352.81
China,10-01-2012,-2.8,-8.3,-5.8,0,9.2,21.6,19203.77
China,11-01-2012,-0.9,-9.7,-6.2,0,8.4,20.5,31196.14
China,12-01-2012,-1.8,-9.2,-6.2,0,9.7,21.2,31893.2
China,13-01-2012,-1.6,-10.5,-6.2,0,8.1,18.7,22105.96
China,14-01-2012,-1,-11.4,-6.2,0,9.8,17.3,30220.88
China,15-01-2012,2,-11.1,-5.1,0,12.3,17.6,32457.81
China,16-01-2012,0.2,-7.9,-4.3,0,8.3,16.2,31005.64
China,17-01-2012,0.4,-7.5,-3.9,0.4,11.8,29.9,20367.99
China,18-01-2012,-0.8,-9,-4.8,1.9,13.1,28.8,23094.06
China,19-01-2012,-4.5,-9.1,-7,2.4,13.2,28.8,15333.24
China,20-01-2012,-8,-12.9,-10.5,2.2,11.5,23.4,1125.63
China,21-01-2012,-11.1,-16,-13.4,0.1,12.5,25.2,9829.63
China,22-01-2012,-12.6,-22.9,-17.3,0,10,18,32666.12
China,23-01-2012,-12.5,-20.8,-17.1,0,9.4,18.7,33054.71
China,24-01-2012,-10.2,-23,-16.5,0,9.6,19.8,33399.98
China,25-01-2012,-8.2,-17.9,-14,0,9.9,20.2,33505.06
China,26-01-2012,-6.4,-16,-11.8,0,12.2,23.4,33612.13
China,27-01-2012,-5.9,-14.1,-10.7,0,12.2,23.4,32587.39
China,28-01-2012,-7.1,-15.2,-11.3,0.1,10.6,20.5,33831.69
China,29-01-2012,-4.6,-13.7,-9.3,0,6.6,15.5,29152.6
China,30-01-2012,-2.2,-16.3,-9.4,0,12.3,23.4,34036.82
China,31-01-2012,1.6,-15.5,-6.7,0,10.1,27,34083.81
China,01-02-2012,-3.5,-9.5,-7,0,11.1,18.7,34132.19
China,02-02-2012,-3.7,-13,-9.1,0,9.4,18.7,26287.62
China,03-02-2012,-2.3,-14.3,-7.5,0,12,19.1,31324.01
China,04-02-2012,0.8,-15.8,-7.6,0,11.6,18.7,34323.82
China,05-02-2012,0.1,-9,-4.2,0,11.4,26.3,34338.69
China,06-02-2012,-5.2,-13.3,-9.5,0,13.7,31.3,34352.11
China,07-02-2012,-6.3,-14.8,-11.2,0,13,26.6,34450.95
China,08-02-2012,-5.5,-14,-10.4,0,12.4,27.4,26773.58
China,09-02-2012,-9.9,-14.3,-11,4.9,11.3,24.1,4636.65
China,10-02-2012,-5.2,-16.1,-11.5,0,9.7,18,32910.31
China,11-02-2012,-5.8,-13.3,-10.3,0,13,22,35077.39
China,12-02-2012,-3.7,-15.6,-10.2,0,12.5,22,35232.92
China,13-02-2012,-2.3,-12.2,-7.9,0,11.7,23,30363.13
China,14-02-2012,-2.1,-10.7,-6.3,0.5,9,20.9,18507.42
China,15-02-2012,-4.6,-9.5,-7,0.6,13.4,28.8,28423.94
China,16-02-2012,-5.8,-11.8,-8.8,0,9.6,21.2,35036.44
China,17-02-2012,-7.1,-12.4,-10.2,0.4,11.6,20.2,23476.6
China,18-02-2012,-4.6,-17.3,-10.8,0,10.7,19.8,36309.11
China,19-02-2012,-2.1,-14.4,-8.9,0,11.6,19.8,36305.84
China,20-02-2012,0.4,-11.8,-6.7,0,12,20.9,36711.66
China,21-02-2012,3.3,-9.8,-4,0,11.8,17.3,36854.6
China,22-02-2012,4.3,-3.8,-0.3,0,11.9,28.4,36691.84
China,23-02-2012,3.3,-6.4,-2.2,0,16.6,35.3,34256.09
China,24-02-2012,-3.1,-8.9,-6.4,0,11.5,25.2,35623.64
China,25-02-2012,-4.3,-11.4,-7.7,0.3,8.4,19.1,24302.52
China,26-02-2012,0.8,-11,-5.2,0,8.8,18.4,32626.32
China,27-02-2012,4.1,-5.6,-1.8,0,13.5,28.8,37667.99
China,28-02-2012,2,-6.2,-2.7,0,9.9,27.7,33678.44
China,29-02-2012,5.7,-5.9,-0.3,0.3,12.1,28.1,33629.43
China,01-03-2012,5.2,-3.6,0.2,2.8,11.5,28.4,37989.53
China,02-03-2012,4.8,-3.9,-0.6,0,11.1,33.8,34607.81
China,03-03-2012,4.2,-3.5,-0.4,0,8.9,26.3,34043.57
China,04-03-2012,4.8,-5.8,-1.3,0,17.8,38.9,37734.16
China,05-03-2012,0.6,-5.9,-3.1,0.1,11.5,24.8,33048.95
China,06-03-2012,1.8,-6.5,-2.7,0,9.1,19.4,32980.39
China,07-03-2012,2.6,-6,-2.1,3.6,12.5,28.8,17924.83
China,08-03-2012,1.2,-4.9,-2,0.4,9.7,24.1,18228.91
China,09-03-2012,2.8,-6.1,-1.9,0,8,15.8,28450.13
China,10-03-2012,3.6,-6.1,-1.6,0,13.7,31.7,34193.09
China,11-03-2012,4.4,-3.8,-0.4,0,10.7,25.9,36325.27
China,12-03-2012,6.3,-3.5,0.5,0,10.2,26.6,37315.67
China,13-03-2012,10.7,-5,2.1,0,11.8,31.3,39066.96
China,14-03-2012,7.1,-2.4,2.1,0,21.6,49.7,36143.04
China,15-03-2012,11.2,-2.8,4.8,0.1,10.4,29.5,36000
China,16-03-2012,11.5,-1,5.1,0,10.3,28.4,38810.94
China,17-03-2012,15.1,-2.5,6,0,16.1,39.2,39923.82
China,18-03-2012,12.1,-2.2,5.2,0,13.9,31.7,37400.14
China,19-03-2012,13.4,-0.8,7,0,12,23.8,38966.43
China,20-03-2012,13.1,1.9,6.6,0,22.1,49.7,37933.03
China,21-03-2012,7.8,1.2,4,0.2,17.7,39.2,19952.23
China,22-03-2012,4.8,-3.4,1.1,0,21.4,47.9,22451.05
China,23-03-2012,7.4,-5,0.9,0,10.9,24.5,41132.02
China,24-03-2012,12.1,-2.8,4.7,0,14.3,29.2,41269.7
China,25-03-2012,13.3,3.7,7.6,0,12.7,26.6,41407.21
China,26-03-2012,14.7,1.8,7.9,0,12,29.2,41544.47
China,27-03-2012,16.7,0.3,8.1,0,16.4,43.2,41681.38
China,28-03-2012,14.8,5.2,9.3,2.2,17.4,42.5,32462.2
China,29-03-2012,14.4,5.9,9.5,0.2,15.6,34.6,39081.63
China,30-03-2012,7.4,1.4,4.5,0.1,18.5,43.9,35917.89
China,31-03-2012,16.1,-4.2,5.5,0,20.6,47.9,42223.86
China,01-04-2012,15.5,-1.7,7.2,0,15.4,42.1,39425.15
China,02-04-2012,10.1,-0.1,5.5,0.1,27.8,67.3,37482.37
China,03-04-2012,15.3,-1.7,7.2,0,13.4,27,42509.21
China,04-04-2012,18.1,6.8,12.1,0,15.3,31.3,37632.05
China,05-04-2012,16.1,8.2,11.6,0,16.3,38.9,34722.89
China,06-04-2012,13.1,5.9,9,0.3,11.3,28.1,34275.16
China,07-04-2012,15.7,3.9,9.4,0.1,11.4,29.5,42834.28
China,08-04-2012,18.5,2.4,10.2,0,18.9,47.9,42915.08
China,09-04-2012,16.4,4.5,10.2,0.6,18.4,48.6,29910.95
China,10-04-2012,19.6,4.2,12.6,0,12.7,38.2,41660.98
China,11-04-2012,8.5,0.1,5.3,0.2,21.7,46.1,38808.39
China,12-04-2012,10.5,-2.1,3.9,0,14.5,37.4,41283.25
China,13-04-2012,15.7,-1,7.4,0,15,37.4,42537.09
China,14-04-2012,16.9,3.9,10.2,0.6,11.5,30.6,33368.94
China,15-04-2012,18.1,6.5,12,0.1,9.9,26.6,26950.66
China,16-04-2012,15.5,8,11.8,0.6,19,45.7,15862.5
China,17-04-2012,14.4,5.8,9.5,2.3,13.7,34.2,27957.51
China,18-04-2012,18.8,3.2,10.9,0,10.4,29.2,43200
China,19-04-2012,16.9,5.9,11.3,0.6,14.4,51.8,43200
China,20-04-2012,18.1,2,10.4,0.7,15.1,51.5,43200
China,21-04-2012,21.7,5.7,13.7,0,13.3,37.1,43200
China,22-04-2012,25,5.4,15.1,0,16.4,39.2,43200
China,23-04-2012,18.7,8.1,12.9,0,26.1,59.4,32595.21
China,24-04-2012,15.1,4.1,9.2,0,23.5,52.9,43262.9
China,25-04-2012,17.7,1.9,9.5,0,14.3,37.8,43349.61
China,26-04-2012,21.3,3,12.7,0,11.5,31.7,43251.67
China,27-04-2012,23.4,8.2,15.9,0,12.1,42.5,43439.8
China,28-04-2012,22.9,9.5,15.8,1.2,12.8,34.9,43200
China,29-04-2012,24.6,8.2,16.5,0.6,24.5,56.9,43247.05
China,30-04-2012,14.6,8.9,12.1,8.2,19.2,47.2,6375.78
China,01-05-2012,18.9,6.6,12.9,0,16.4,38.9,43200
China,02-05-2012,17.2,9.5,12.8,1.2,14.7,36.4,25113.48
China,03-05-2012,17.2,10.1,13,4.2,13,31,39441.43
China,04-05-2012,20.2,10.3,14.2,4.3,15.6,36.4,42822.25
China,05-05-2012,20.9,8.2,14.7,2.4,13.4,35.6,40948.35
China,06-05-2012,22.4,8.9,15.8,1.9,10.2,23.8,43291.2
China,07-05-2012,21.4,10.1,16.1,0.1,14.9,37.1,42362.68
China,08-05-2012,24.6,7.9,16.4,1.3,11.5,35.3,41153.07
China,09-05-2012,23.9,11.4,18.4,0.6,14.9,33.5,44448.29
China,10-05-2012,24.5,13.1,17,1.9,22.3,51.5,40552.52
China,11-05-2012,21.4,3.8,13,3.3,30,62.3,37394.04
China,12-05-2012,18.6,4,10.9,0.1,15.8,42.8,44703.3
China,13-05-2012,10.3,4.6,8.6,2.4,22.9,40.3,15612.75
China,14-05-2012,19.5,3,11.7,0,12.2,32,35199.48
China,15-05-2012,22,10.3,15.6,0,10.1,23.8,45521.36
China,16-05-2012,23.3,10.6,17.3,0,12,32.4,44569.16
China,17-05-2012,23.2,9.7,16.5,0,14.5,33.8,33648.12
China,18-05-2012,26.2,8.7,17.8,0.3,13.9,36,45802.24
China,19-05-2012,28.2,11.5,19.7,0,21,54.7,46678.06
China,20-05-2012,27.3,14.1,19.3,1.3,24,58.3,44421.48
China,21-05-2012,15.7,11.4,13.8,4.8,14.9,45.4,14664.8
China,22-05-2012,18.1,9.5,13.1,0,13.7,32.8,26400.38
China,23-05-2012,11.6,7.9,10,4.4,13.3,31.3,512.4
China,24-05-2012,17.7,6.2,12.4,0,8.4,26.3,40500.82
China,25-05-2012,19.1,8.5,13.9,0,11.8,29.5,25168.9
China,26-05-2012,24.6,8.3,16.7,0,14.5,29.2,47139.86
China,27-05-2012,25.6,9.9,18.1,0,21.4,48.2,46177.97
China,28-05-2012,17.9,7.7,13.8,2.2,27.7,62.3,16384.21
China,29-05-2012,22.5,4.9,14.7,0,11.7,28.8,47376.2
China,30-05-2012,25.6,9.6,18,0,18.1,47.5,48553.02
China,31-05-2012,22.9,11.9,17.2,0,17.2,40.7,22556.08
China,01-06-2012,25.2,9.8,18.4,0,13.4,35.3,48075.39
China,02-06-2012,27,12,19.2,0.3,13.2,35.6,34894.34
China,03-06-2012,25.6,12.9,19.3,0.1,16.1,38.9,35712.25
China,04-06-2012,25.1,11.7,19,0,21.9,51.1,44016.27
China,05-06-2012,18.5,13.2,15.5,1.1,14.8,38.5,29158.84
China,06-06-2012,21.5,12.3,16.6,0,13.6,31,4741.5
China,07-06-2012,24,12.9,18.6,0.6,15.3,34.9,46388.63
China,08-06-2012,22.5,14,18.8,0.4,10,24.8,29062.05
China,09-06-2012,27.9,10.4,19.8,0,7.3,23,48998.55
China,10-06-2012,26.5,14.5,20.7,0,14.9,37.1,47549.79
China,11-06-2012,26.2,12.8,20.4,0,11.7,32.8,45897.42
China,12-06-2012,29.3,14.9,22.2,0,8.4,26.3,37779.5
China,13-06-2012,29.5,16.5,23.5,0,20.2,50,48109.99
China,14-06-2012,27,14.9,21.2,0,17.7,46.4,47726.06
China,15-06-2012,24.5,13.4,19.4,0.7,13,31.7,45814.85
China,16-06-2012,28.2,12.1,20.6,0.2,18.8,46.8,49157.88
China,17-06-2012,27.7,12.5,20.8,0.1,13.9,37.4,46556.48
China,18-06-2012,29.3,15.1,22.3,0,12.9,32,47180.37
China,19-06-2012,29.5,15.4,23.1,0,11.8,33.8,49185.76
China,20-06-2012,30.9,14.7,23.4,1.1,10.7,34.6,48181.46
China,21-06-2012,30.7,16.3,23.7,0.5,12.2,38.5,46802.07
China,22-06-2012,32.1,16.1,24.5,0.4,11.6,36.7,44553.8
China,23-06-2012,31.1,15.6,23.2,0.9,22.3,61.2,45295.52
China,24-06-2012,27.1,15.5,21,0.1,15.2,36.4,42307.34
China,25-06-2012,27.8,16.5,21.7,0.2,21.7,49.7,48749.17
China,26-06-2012,25.5,15.6,20.3,4.2,19.3,45.4,46410.77
China,27-06-2012,22,16.1,17.9,2.8,23,56.2,7504.84
China,28-06-2012,16.1,14.2,15.1,15,5.4,16.2,0
China,29-06-2012,21.9,13.8,17.2,6.9,9,24.8,31049.79
China,30-06-2012,26.3,13.4,20,0,12.6,34.2,49071.8
China,01-07-2012,28.2,14.2,21.7,0,14.8,36.7,49044.55
China,02-07-2012,23.9,16.6,19.6,8.7,9.4,25.2,35949.89
China,03-07-2012,21.5,15.9,18,12.7,9.1,21.6,13311.01
China,04-07-2012,26.8,14.1,20.8,0,11,28.4,46528.66
China,05-07-2012,28.6,17.1,22.7,0,15.6,41,48909.24
China,06-07-2012,19.9,14.4,17.1,6.3,15.8,41.8,4768.91
China,07-07-2012,25.3,10.4,18.6,0,14.6,32.8,48188.3
China,08-07-2012,22.7,16.2,18.9,13.7,8.3,20.9,29690.61
China,09-07-2012,24.1,16.1,19.4,3.6,8.9,22.3,22640.62
China,10-07-2012,27.9,14.5,21.9,0,7.9,20.2,48684.77
China,11-07-2012,22.8,17.3,20.7,0.1,14,29.2,10681.42
China,12-07-2012,27.6,13.3,21.1,0,7.9,21.2,46368.25
China,13-07-2012,27.3,15.4,21.5,0,8.9,22.3,47510.3
China,14-07-2012,27.1,16.4,21.9,0,9.2,23.4,48465
China,15-07-2012,28.9,15.8,22.7,0,16.9,39.2,48404.61
China,16-07-2012,27.4,16.4,22.1,0,17.7,42.8,46997.34
China,17-07-2012,19.1,16.9,18.2,10.9,17.3,43.2,1024.86
China,18-07-2012,23.3,15.7,18.9,3.1,12.2,29.5,20826.82
China,19-07-2012,25.4,15.4,20.1,4,7.6,24.5,44533.46
China,20-07-2012,26.7,16.4,21.2,1.8,14,35.3,41415.32
China,21-07-2012,20.1,16.9,18.4,17.5,16.9,45.7,18646.93
China,22-07-2012,26,12,19.5,0,11.1,29.5,47557.99
China,23-07-2012,25.2,14.4,20.4,0,12,27.7,45644.22
China,24-07-2012,25.9,12.7,20.2,0,9.5,27,46160.12
China,25-07-2012,28.6,14.6,21.8,0,14.6,36.4,47047.34
China,26-07-2012,26.4,18.3,21.8,1.3,13,36,18159.8
China,27-07-2012,25.7,18.1,21.3,6.6,7.3,25.2,38712.55
China,28-07-2012,26.2,17.3,21.5,4,10.7,25.2,43115.91
China,29-07-2012,29.3,16.7,23,0,14.1,36,39835.63
China,30-07-2012,21.1,16,17.4,19.9,13.6,45.4,10.13
China,31-07-2012,24.9,14.4,19.7,0.5,11.5,26.6,35510.84
China,01-08-2012,26,14.2,20.5,0,11.7,25.9,46151.77
China,02-08-2012,28.3,14.7,21.6,0,10.5,28.4,46177.93
China,03-08-2012,28.7,15.5,21.9,0,14.9,36,46119.92
China,04-08-2012,26.5,18,20.9,2.8,20.5,50.4,38630.66
China,05-08-2012,26.5,17.4,21.5,0.6,18.5,44.3,44975.79
China,06-08-2012,26.1,17.7,21.5,2.1,13.5,34.6,43596.52
China,07-08-2012,23.7,17.6,20.3,1.1,12,26.6,33004.08
China,08-08-2012,26.9,17.5,21.7,3.6,8.8,22.7,38572.54
China,09-08-2012,27.7,18,22.5,0.3,15.7,40,41962.27
China,10-08-2012,30.2,17.9,23.6,0,15.1,38.9,39600
China,11-08-2012,24.6,18.9,21.4,2.6,12.2,25.9,11195.33
China,12-08-2012,26.1,18.1,21.4,2.9,13.2,30.6,32219.08
China,13-08-2012,22.9,18.4,20,10.3,12.9,31.3,21889.82
China,14-08-2012,25.9,16.7,20.6,2.1,11.2,25.9,33614.36
China,15-08-2012,27.8,15.3,21.7,0,15.9,43.2,43866.48
China,16-08-2012,24.9,17.8,20.7,9.9,16.1,42.8,36294.44
China,17-08-2012,17.8,15.8,16.8,15,7.7,23,0
China,18-08-2012,19,13.2,16.1,0,7.9,20.5,13404.71
China,19-08-2012,26.2,11.1,18.6,0,9.8,25.6,43736.64
China,20-08-2012,24.4,14.6,19.4,1,12.4,30.6,43241.89
China,21-08-2012,21.1,13.1,17,9.4,11.1,30.6,41443.61
China,22-08-2012,23.3,13.2,17.6,2.6,10.7,32,43020.99
China,23-08-2012,25,11.2,18.3,0,12.9,31.7,43525.38
China,24-08-2012,25.9,13.3,18.9,0.3,11.7,31.3,43200
China,25-08-2012,24.1,13,18.5,0,9.1,27,43200
China,26-08-2012,26.8,12.6,19.8,0,10.8,24.8,41406.51
China,27-08-2012,22.3,14.5,18.7,1.6,11.9,27.4,22255.17
China,28-08-2012,26.2,12.6,19.5,0,10,26.6,43228.48
China,29-08-2012,27,13.9,20.7,0,14.3,32.8,37699.5
China,30-08-2012,25.1,15.8,20.1,1.2,13.5,31.7,30101.75
China,31-08-2012,21.8,15.1,17.8,7.6,14.3,36,26462.54
China,01-09-2012,16.1,10.5,12.9,21.3,20,49,12128.21
China,02-09-2012,21.2,7.9,14.5,0,13.2,27.7,43149.74
China,03-09-2012,22.6,12.9,16.9,0,9.4,23.4,43105.62
China,04-09-2012,22.9,10,16.6,0,12.4,27.7,43061.44
China,05-09-2012,21.3,12.4,16.3,0.7,9.4,24.1,23216.57
China,06-09-2012,23,11.9,17.3,3.8,9.7,22.3,42895.88
China,07-09-2012,19.6,14.3,16.3,5.7,10.7,28.4,11551.38
China,08-09-2012,23.8,11.7,17.6,0,9.7,29.2,38223.49
China,09-09-2012,22.7,14.5,17.2,1.4,17.1,41,31818.99
China,10-09-2012,21,14.4,17.5,0.2,9.2,26.6,25255.62
China,11-09-2012,17,11.8,13.3,0,13.9,32.4,3605.43
China,12-09-2012,11.8,7.8,9.8,0.6,12.1,27.7,5275.86
China,13-09-2012,17.6,6.1,11.6,0,10.5,23.8,41984.21
China,14-09-2012,20.3,5.8,12.8,0,15.1,37.8,41852.27
China,15-09-2012,18.2,9.5,12.9,0.1,15.8,38.2,39207.68
China,16-09-2012,18,10.1,12.9,0,12,26.6,17007.9
China,17-09-2012,20.8,8.5,14.2,0,8,20.9,40504.9
China,18-09-2012,21.5,11.9,16.4,0,8.9,22,39653.39
China,19-09-2012,22,8.6,15.2,0,22.4,51.1,41181.28
China,20-09-2012,17.1,10,13.2,4,16.1,42.8,14848.81
China,21-09-2012,22.3,8.8,15.2,0,10.2,26.6,40909.14
China,22-09-2012,20.7,10.3,15.2,0.8,13.5,34.6,27881.65
China,23-09-2012,21.1,11.6,15.5,0.6,17.6,43.6,37038.73
China,24-09-2012,12.5,8.5,10.5,14.8,15.2,37.4,0
China,25-09-2012,15.1,6.9,10.2,13.3,13.1,31,25382.9
China,26-09-2012,19.8,6.3,12.8,0,12.1,28.4,38797.68
China,27-09-2012,13.8,8.1,11.6,0,12.5,27.4,36666.14
China,28-09-2012,18.2,4.8,11.4,0.4,11,26.3,38040.69
China,29-09-2012,17.8,9.7,12.9,0.8,7.7,21.2,25590.18
China,30-09-2012,19.8,5.9,12.7,0,9.8,19.8,38906.88
China,01-10-2012,18.5,8.9,13.5,0.8,11.2,27,38250.39
China,02-10-2012,16.9,8.6,12.3,1.2,10.9,29.9,18765.76
China,03-10-2012,19.3,5,12.3,2.8,17.3,25.6,38166.55
China,04-10-2012,14.3,6.6,9.9,1.3,14.3,32,36000
China,05-10-2012,16.3,7.5,11.4,0.1,12,32.4,30294.77
China,06-10-2012,15,7.3,10.7,0,18.6,43.2,17711.59
China,07-10-2012,18.1,8.2,12.4,0,10.2,26.3,33497.29
China,08-10-2012,12.7,6.7,9.6,4.4,19.2,45.7,20808.51
China,09-10-2012,15.8,4.1,9.7,0,10.4,20.9,36549.91
China,10-10-2012,17.4,4.5,10.6,0,8.2,21.6,37386.73
China,11-10-2012,15.7,6.4,10.8,0,8.2,19.4,22547.63
China,12-10-2012,16.1,7.4,11.6,0,10.6,22,28369.84
China,13-10-2012,18.3,5.6,11.7,0.4,9.5,21.6,36667.44
China,14-10-2012,15.3,7.7,10.9,2.8,10.5,27.4,35154.15
China,15-10-2012,15.3,3,10.2,3.9,19.2,55.4,33069.66
China,16-10-2012,9,1,4.1,0.3,12.7,27.4,36550.08
China,17-10-2012,14.8,-0.9,6.2,0,11.1,20.5,36831.57
China,18-10-2012,13.9,2.8,8.1,0.3,10.5,24.1,36438.91
China,19-10-2012,17.1,3.2,9.5,0,10.8,22.3,36355.23
China,20-10-2012,16.4,4.3,9.5,0,12.1,22.7,35799.14
China,21-10-2012,8.1,0.7,4.4,0.2,16.7,37.1,34010.42
China,22-10-2012,12.6,-0.4,5.8,0,9.7,23.8,32824.76
China,23-10-2012,12.8,2.8,7.8,0,13.8,32.8,33712.14
China,24-10-2012,14.9,5.1,9.1,0,14.8,33.5,35446.26
China,25-10-2012,14.1,1.4,7.8,2,9.2,24.5,22185.65
China,26-10-2012,15.4,0.3,7.9,0.2,11,28.1,35392.43
China,27-10-2012,15.7,2.7,9,0,10.2,28.1,35231.25
China,28-10-2012,15.2,5.6,9.9,1.2,10.4,23.4,32400
China,29-10-2012,11.5,4.8,7.6,1.5,14.8,33.1,32771.84
China,30-10-2012,11.9,1.8,6.3,0,9.4,27.7,35023.31
China,31-10-2012,13.5,3.5,7.5,0,8.9,19.1,34588.67
China,01-11-2012,14.2,1.9,7.6,0.1,14.5,34.6,34889.78
China,02-11-2012,14.8,-4.2,3.6,2.3,29,65.2,33447.39
China,03-11-2012,1.2,-7.5,-3.5,1,13,58.7,34761.19
China,04-11-2012,8.9,-6.3,0.8,0,10.5,16.6,34698.98
China,05-11-2012,11.8,-1.3,3.9,0,12.8,18.4,34638.3
China,06-11-2012,8,-0.3,3.5,0,13.8,31,34579.24
China,07-11-2012,6.8,-1.5,2.3,0,10.9,19.4,34521.9
China,08-11-2012,12.2,-3.8,3,0,12.2,23.8,34466.39
China,09-11-2012,3.7,-3.1,0.9,0,15.8,36,22247.28
China,10-11-2012,-1.5,-7.9,-5.1,1,12.5,33.5,34281.52
China,11-11-2012,6.5,-7,-1,0,11.3,23,34169.2
China,12-11-2012,6.1,-3.4,1.1,0,10.2,18,34058.21
China,13-11-2012,11.7,-4.5,2.9,0,11.5,16.2,33948.11
China,14-11-2012,8.6,-2.2,2.5,0,10,22,33839.05
China,15-11-2012,1.7,-4.1,-1.5,0.8,14.6,32,25200
China,16-11-2012,9.3,-7,0,0,12.2,33.1,33624.52
China,17-11-2012,11.3,-2.6,3.5,0,11.6,22,33519.35
China,18-11-2012,5.6,-3.5,1.4,0,10.6,18.7,33121.61
China,19-11-2012,5.2,-4.2,-0.1,0,10.5,23,24827.84
China,20-11-2012,6.9,-3.2,1.3,0.1,10.7,22,31711.24
China,21-11-2012,7.4,-3.6,1.5,0.5,15,34.2,32669.01
China,22-11-2012,-3.2,-7,-5,1.4,13.4,30.6,15918.52
China,23-11-2012,1.4,-9.1,-4.9,0,8.6,17.3,32745.89
China,24-11-2012,0.6,-7,-4.2,1.3,16.6,36.4,16887.66
China,25-11-2012,-1.8,-8.2,-5.6,0.1,12.1,28.8,29622.01
China,26-11-2012,3.9,-9.2,-3.9,0,10.2,21.6,32529.72
China,27-11-2012,0.3,-6.9,-3.8,0,11.6,29.9,31934.7
China,28-11-2012,0.6,-8.8,-5,0,10.7,19.4,32288.69
China,29-11-2012,2.4,-7.6,-3.5,0,11.3,15.8,32120.64
China,30-11-2012,1.4,-6.8,-3.5,0.3,17,40.7,27191.13
China,01-12-2012,4.2,-6.6,-2.2,0,14.5,32,30426.45
China,02-12-2012,-0.6,-8.1,-5,0,19.2,40.7,31231.54
China,03-12-2012,-0.3,-9.5,-6.1,0,10.5,21.6,31883.12
China,04-12-2012,0.3,-8.5,-4.5,0,15.6,32.8,31424.8
China,05-12-2012,3.7,-8.9,-4,0,11.2,19.8,31772.36
China,06-12-2012,1.1,-7.8,-3.9,0,17.3,36.7,31518.39
China,07-12-2012,1.9,-8.6,-4.3,0,11.1,18.7,31667.48
China,08-12-2012,4,-8.2,-2.7,0,9.2,16.6,31617.55
China,09-12-2012,3.8,-7.5,-2,0,7.7,18,31367.45
China,10-12-2012,6,-6.3,-1.1,0,12,16.6,31523.19
China,11-12-2012,8.5,-3.9,0.5,0,11.8,16.9,31054.49
China,12-12-2012,3.2,-4.2,-1.3,0,10.9,27,27021.91
China,13-12-2012,4.1,-4.6,-1.1,0,7.7,17.6,30695.49
China,14-12-2012,10.5,-6,0.5,0,12.9,24.5,31470.76
China,15-12-2012,2.7,-4.7,-1,0,11.7,25.9,29949.49
China,16-12-2012,3.4,-6.5,-3.1,0,16.8,36.4,28979.72
China,17-12-2012,-0.3,-8.7,-5.3,0,9.7,24.8,30130.92
China,18-12-2012,4.9,-7.7,-3.2,0,10.8,22,30890.89
China,19-12-2012,1.9,-4.6,-2.1,0.2,14.7,37.8,23301.14
China,20-12-2012,-3.2,-8,-6,0.6,8.5,23.8,493.19
China,21-12-2012,-5.1,-10.9,-8.5,0,13.8,32.8,29454.33
China,22-12-2012,-10.7,-16.1,-13.1,0,15,34.2,29116.33
China,23-12-2012,1,-16.4,-9.1,0,11.5,20.2,31307.94
China,24-12-2012,-1,-9.8,-6.3,0,10.6,23.8,31232.23
China,25-12-2012,-0.7,-10,-5.6,0,6,18.7,29632.13
China,26-12-2012,1.4,-8.1,-4.2,0,11,15.8,27970.49
China,27-12-2012,3.1,-10,-4.6,0,14,33.1,31321.21
China,28-12-2012,-9.7,-14.6,-11.6,0.2,19,42.1,9796.81
China,29-12-2012,-7.9,-16.4,-12.6,0,7.9,24.5,31206.81
China,30-12-2012,-2.4,-14.6,-9.4,0,10.2,22.7,31431.7
China,31-12-2012,-1,-10.9,-7.2,0,9.2,21.6,31473.06
China,01-01-2013,-1.8,-12.7,-8.1,0,11.2,22.3,31426.07
China,02-01-2013,-7,-12.4,-10.7,0,13.5,31,25200
China,03-01-2013,-4.1,-14,-9.9,0,9.8,18.4,31341.38
China,04-01-2013,-3.6,-11.6,-8.6,0,9.4,19.4,31124.47
China,05-01-2013,-3.9,-12.8,-8.7,0,6.6,19.1,28494.88
China,06-01-2013,-2.9,-11,-7.1,0,6.9,18,14698.02
China,07-01-2013,-0.4,-11.7,-6.5,0,10,20.2,31729.44
China,08-01-2013,-3,-10.3,-7.1,0,9.3,16.2,30173.54
China,09-01-2013,0.5,-11.7,-5.9,0,10.5,19.1,31932.32
China,10-01-2013,0.4,-8.5,-5.2,0,9.9,21.6,31991.37
China,11-01-2013,2.5,-11.2,-5.3,0,11,18.7,32143.41
China,12-01-2013,3.9,-9.7,-3.9,0,11.8,24.5,32207.68
China,13-01-2013,4.2,-7.6,-2.7,0,12.5,21.2,32274.14
China,14-01-2013,-2.6,-7.7,-5.1,0,11.7,30.2,28096.09
China,15-01-2013,2.7,-9.4,-3.8,0,8,19.1,31562.18
China,16-01-2013,2.7,-7.4,-2.4,0,8.2,19.8,32580.3
China,17-01-2013,3.8,-7.8,-3.1,0,11.4,23,32751.78
China,18-01-2013,5.4,-7.2,-2.6,0,12,21.6,32632.15
China,19-01-2013,-2.9,-7.4,-4.9,0,10.5,25.2,10807.87
China,20-01-2013,-6.4,-10.3,-8.3,3.1,8.2,23.4,0
China,21-01-2013,-0.9,-11.4,-6.7,0,5.8,18.4,32963.47
China,22-01-2013,1.3,-9.5,-5,0,12.5,28.1,33280.79
China,23-01-2013,1.6,-8.7,-4.7,0,14,32.8,33382.56
China,24-01-2013,3.9,-10.9,-3.7,0,7.9,18.7,33486.11
China,25-01-2013,4.1,-4.2,-0.5,0,5.5,15.8,32137.48
China,26-01-2013,4,-3.8,-0.4,0,7.3,19.1,33470.52
China,27-01-2013,6.2,-4.7,0.4,0,7.3,18,33805.97
China,28-01-2013,7,-3,1.4,0,10.6,25.9,33915.21
China,29-01-2013,5.2,-2.4,0.6,0,10.9,20.2,29046.89
China,30-01-2013,11,-4.8,1.2,0,11.6,19.8,34066.75
China,31-01-2013,5.6,-4.1,-0.6,0,14.3,32,34093.7
China,01-02-2013,3.9,-5.2,-1.2,0,11.4,24.8,34170.62
China,02-02-2013,8.3,-5,0.1,0,9.2,24.5,33751.94
China,03-02-2013,10.8,-2.5,3.4,0,11.8,22.7,34272.09
China,04-02-2013,9,-3.7,2.8,0,12.7,22.3,28966.38
China,05-02-2013,7.7,-2.2,1.7,0,13.7,26.6,34421.27
China,06-02-2013,4.7,-2.6,0.7,0.2,11,23.4,32486.98
China,07-02-2013,-1.5,-5.9,-3.3,0.8,15.5,31.3,20178.45
China,08-02-2013,1.5,-6,-2.9,0,8.3,20.9,28852.38
China,09-02-2013,8.6,-6.6,-0.3,0,13.5,33.5,34983.58
China,10-02-2013,1.6,-6.7,-2,0,11.1,28.1,35134.96
China,11-02-2013,-3.2,-8.4,-6.5,0,16.1,33.5,30395.2
China,12-02-2013,1.9,-8.9,-4.5,0,8.8,21.6,34526.86
China,13-02-2013,2.3,-6.2,-2.5,0,10,25.2,31761.31
China,14-02-2013,-0.2,-6.5,-4.1,0,10.7,26.6,28064.01
China,15-02-2013,5,-8.1,-2.7,0,12.7,22.3,35996.97
China,16-02-2013,2.6,-6,-2.4,0,16.3,37.4,34878.17
China,17-02-2013,1.6,-7.9,-3.4,2.3,15.1,36.4,29038.32
China,18-02-2013,-6.3,-16.8,-10,7.4,14,28.1,23755.01
China,19-02-2013,-6.7,-17,-12.1,0,11,22.3,36680.48
China,20-02-2013,-2.1,-14.2,-8.5,0,7.6,15.5,36813.7
China,21-02-2013,0.8,-10.8,-5.3,0,11,22,32114.34
China,22-02-2013,3.1,-8.5,-3.2,0,12.3,22.3,37083.72
China,23-02-2013,3,-5.2,-1.8,0,10.9,24.1,35261.65
China,24-02-2013,8.3,-5.9,0.4,0,14.1,28.8,37357.71
China,25-02-2013,7.8,-2.5,1.9,0,12.3,22,36075.8
China,26-02-2013,9.6,-2.7,3.1,0,12.3,22.3,37634.66
China,27-02-2013,13.7,-1.1,5.4,0,13.7,30.2,37773.96
China,28-02-2013,3.1,-4.9,-0.2,0,15.9,36.4,37913.66
China,01-03-2013,3.5,-7.3,-2.1,0,10,24.8,37962.56
China,02-03-2013,7.2,-4.4,1.1,0,11.8,27.7,38033.07
China,03-03-2013,10.6,-1.9,4.1,0,12.6,33.1,38090.25
China,04-03-2013,14,0.2,7,0,15.6,40,38147.03
China,05-03-2013,17.9,-0.8,7.5,0,18.2,40.3,38203.42
China,06-03-2013,14.7,1.6,6.9,0,14.8,39.2,38259.41
China,07-03-2013,18.6,0.6,9.7,0,17.7,43.6,38349.54
China,08-03-2013,22.2,5.7,13,0,15.6,38.2,38459.81
China,09-03-2013,11.6,-1.3,3.8,0,19.3,43.2,38513.74
China,10-03-2013,14.6,-2.1,5.1,0,11.8,30.2,38565.22
China,11-03-2013,13,-1.4,4.7,0.1,21.1,45.7,36472.78
China,12-03-2013,12.5,-1.4,5.5,0,14.9,32,38905.89
China,13-03-2013,14.5,-0.8,6.5,0,11.5,23.8,35395.3
China,14-03-2013,17.2,1,8.7,0,13.2,35.3,39203.89
China,15-03-2013,15.7,1.3,8.3,0.1,13.8,32,32044.45
China,16-03-2013,11.4,4.8,7.5,1.3,14.3,34.6,12514.01
China,17-03-2013,14.4,0.4,7.7,0,16.3,40.3,39177.96
China,18-03-2013,17.1,5.5,10.7,0,10.3,26.3,39281.84
China,19-03-2013,16.8,7,11.1,0,12.6,32.4,39828.85
China,20-03-2013,18.3,1.6,10.6,0,12.3,25.2,40581.91
China,21-03-2013,17.6,3,9.9,0,12.8,27.4,31855.57
China,22-03-2013,15.9,3.8,9.6,0,11.8,31,40251.32
China,23-03-2013,17.1,4.1,10.5,0,14.5,36.7,41103.88
China,24-03-2013,17.2,2.5,9.5,0,13.2,26.6,41241.66
China,25-03-2013,10.6,0.2,6.3,6.5,27.2,61.2,34994.41
China,26-03-2013,16.6,-2.3,6.6,0,12.5,27,41515.63
China,27-03-2013,17.6,2.9,11,0,16.9,35.6,41651.62
China,28-03-2013,18.1,5.9,12.4,0,11.2,24.5,41786.85
China,29-03-2013,18,4.2,11.3,0,11.1,24.5,41921.2
China,30-03-2013,18.3,3.9,11.6,0,12.2,35.3,42054.61
China,31-03-2013,19.1,5.3,12.4,0,21.7,47.5,41172.23
China,01-04-2013,17.1,6.7,11.7,0,15.1,43.2,34935.54
China,02-04-2013,17.8,5.7,10.5,0.2,15,41.4,40920.8
China,03-04-2013,22.4,3.2,12.4,0,15,34.9,41989.88
China,04-04-2013,12.7,0.6,6.7,1.8,28.8,64.8,38069.54
China,05-04-2013,8.1,-1.9,2.7,0,17.4,42.1,40907.19
China,06-04-2013,15.5,-3.4,6.3,0,12.5,33.8,42731.23
China,07-04-2013,15.5,1.2,8,0,23.8,52.2,42814.17
China,08-04-2013,8.2,-3,3.1,0,19.1,44.6,42896.82
China,09-04-2013,11.5,-0.3,4.8,0,15.4,38.2,42979.09
China,10-04-2013,14.3,1.4,7.6,0,14.1,35.6,43060.9
China,11-04-2013,16.5,2.6,9.9,0,13,31.7,43142.14
China,12-04-2013,18.5,7.4,12.7,0,8.8,25.2,36000
China,13-04-2013,18.9,7,13.8,0,13.8,36,39574.74
China,14-04-2013,23.1,5.4,15,0,12.6,31,43200
China,15-04-2013,21.5,11.7,16.2,0,13.7,37.8,29339.01
China,16-04-2013,23.7,6.1,15.2,0,11.1,28.4,43200
China,17-04-2013,26.6,6.5,16.8,0,15,34.2,43200
China,18-04-2013,23.8,4.6,13.9,2.8,19.2,43.6,37461.95
China,19-04-2013,15.4,4.8,9.9,0.9,13.3,34.6,24635.23
China,20-04-2013,18.7,3.7,11.7,0,16.3,39.6,43200
China,21-04-2013,19.9,4.2,11.8,0,18.9,49.7,42594.58
China,22-04-2013,19.2,8.3,13.5,0.2,17.6,43.6,38735.16
China,23-04-2013,17.2,8.5,12.4,0.4,11.3,31.3,38504.09
China,24-04-2013,21.2,8.3,14.5,0,16.6,37.8,42668.72
China,25-04-2013,22.8,10.7,16.3,0,11.2,25.9,43350.35
China,26-04-2013,27.7,6.1,17.9,0,14.5,35.3,43253.1
China,27-04-2013,26.8,9.7,18.4,0,20.5,47.9,41081.6
China,28-04-2013,21.3,9,15.7,3.1,18.9,46.8,22659.4
China,29-04-2013,13.3,7.1,9.8,3.2,16.2,38.9,36670.54
China,30-04-2013,20.2,4.4,12.1,0,21.2,52.9,42971.48
China,01-05-2013,20.6,6.9,14.5,0,11.9,38.2,37654.23
China,02-05-2013,23.5,11.6,17.3,0,15.7,36.4,42538.09
China,03-05-2013,23.4,13.1,18.4,0,15.6,38.9,43200
China,04-05-2013,17.9,10.8,14.5,0,21.7,52.9,39265.69
China,05-05-2013,17.7,9.2,13,2.1,17.9,46.4,26708.54
China,06-05-2013,22,8.8,15.9,0.8,11.9,36.4,42368.36
China,07-05-2013,20.9,10.8,16.1,3.4,17.3,40,43847.85
China,08-05-2013,11.5,7.4,8.7,4,13.5,32.8,438.7
China,09-05-2013,18.7,3.9,11.6,0.2,11,33.5,44694.34
China,10-05-2013,22.3,6.4,15.1,0,15.9,40,45199.84
China,11-05-2013,24.3,11.7,17.9,0,11.7,33.1,45718.78
China,12-05-2013,27.9,10,19.4,0,14.8,44.3,45095.28
China,13-05-2013,26,13.2,18.8,1.4,15.6,41.4,40681.48
China,14-05-2013,16.1,12.3,14,9.5,7.3,30.2,7754.78
China,15-05-2013,16.4,10.1,12.4,4.4,14.8,35.6,2062.31
China,16-05-2013,17.8,10.4,13.6,2.1,17,42.1,20897.42
China,17-05-2013,17.4,8.6,13.2,0.8,10.4,25.2,41177.89
China,18-05-2013,24.6,7,15.7,0.7,24.4,56.2,45543.79
China,19-05-2013,22.6,9.4,16.8,0.2,12.3,32.8,42133.07
China,20-05-2013,27.9,8.2,18.6,0,17.1,40.7,47258.47
China,21-05-2013,28,12.3,21.2,0.5,18.2,45,45418.8
China,22-05-2013,27.1,15.6,21.1,0.1,13.3,35.3,46723.38
China,23-05-2013,27,13.2,20.5,0.3,27.4,63.4,40679.64
China,24-05-2013,22.9,10.4,16.8,2,13.8,35.3,40861.38
China,25-05-2013,25.2,10.8,18.5,0,9.4,25.6,42902.16
China,26-05-2013,29.4,11.1,21.1,0,18.3,42.8,46685.26
China,27-05-2013,25.8,12.3,19.1,0.3,23.7,54.7,45745.05
China,28-05-2013,14.4,6.3,10.9,11.4,14.2,39.2,19316.71
China,29-05-2013,19.8,5.7,13.6,0,9.2,28.1,43710.21
China,30-05-2013,22.8,9,16.1,0,12.4,31,46434.81
China,31-05-2013,23.5,12.7,18.1,0,11,25.2,29683.27
China,01-06-2013,26.8,12.3,20.1,0,11.3,29.2,46830.7
China,02-06-2013,30.1,13,21.6,0,12.7,34.2,44077.65
China,03-06-2013,30.4,12.7,22,0,21.6,58.3,48434.02
China,04-06-2013,32,13.8,23,0,24,58.7,41333
China,05-06-2013,29.8,15.3,22.7,0,16.6,28.8,40528.43
China,06-06-2013,29.4,16.6,23.2,0.2,12.6,32.4,48879.55
China,07-06-2013,30.5,16,23.5,0,23.2,51.8,38501.14
China,08-06-2013,20.5,11.7,13.8,16,18.7,46.1,95.04
China,09-06-2013,14.6,8.4,11.6,2.9,15.6,35.6,22595.31
China,10-06-2013,19.5,5.5,13.2,2.7,20.5,51.1,49022.32
China,11-06-2013,23.2,8,16,0,12.8,34.9,49051.54
China,12-06-2013,27.4,9.9,19,0.4,22.1,52.2,49078.07
China,13-06-2013,27.2,12.2,19.3,1.2,16.5,42.5,49101.88
China,14-06-2013,28.3,14,20.1,0.3,21.7,43.9,48016.38
China,15-06-2013,26.3,15,19.5,1.7,19.3,37.4,26657.59
China,16-06-2013,20,13.2,15.9,1.4,13.5,32.8,13035.2
China,17-06-2013,26,16.1,20.7,0.1,14.2,30.2,10325.57
China,18-06-2013,23.1,17.9,19.9,1.4,18.9,42.1,17132.89
China,19-06-2013,24.9,17.2,19.4,17.7,13.2,38.9,18793.53
China,20-06-2013,17.4,12.5,13.7,20,10.8,27.4,0
China,21-06-2013,18.7,12.9,15.2,2.6,8.8,24.1,2847.1
China,22-06-2013,25.6,13.4,19.1,0,10.7,24.8,40496.2
China,23-06-2013,27,13.2,20,0,9.3,22,44155.68
China,24-06-2013,26.4,16.5,21.1,0.9,13.4,29.5,48124.59
China,25-06-2013,26.5,13.8,20.6,0,7.3,23,38568.39
China,26-06-2013,26.5,14.8,20.5,0,10.1,24.8,49053.43
China,27-06-2013,29.7,13.5,22.2,0,11.3,39.6,48935.64
China,28-06-2013,31.2,14.4,23.1,0.5,19.5,46.4,49120.1
China,29-06-2013,29,17.2,22,0.1,19.3,49,47384.46
China,30-06-2013,28.7,16.8,22.4,0,15.6,38.2,48887.93
China,01-07-2013,28.2,17.5,22,0,27.9,58.3,48282.25
China,02-07-2013,27.9,16.6,22,0.1,17.3,45,48063.52
China,03-07-2013,30,18.6,22.6,15.1,20.3,47.2,34174.29
China,04-07-2013,25.3,17,20.7,5,13.4,35.6,28445.51
China,05-07-2013,27.9,15.3,22.1,0,9.2,23.4,48918.63
China,06-07-2013,29.8,16.7,23.7,0,14,32,48227.57
China,07-07-2013,26.3,15.6,21.1,8.1,20.4,51.1,40745.07
China,08-07-2013,15.2,13.9,14.4,28.1,10.4,32.8,0
China,09-07-2013,13.9,12.1,13.1,6.3,10.1,23,225.64
China,10-07-2013,22.3,11.2,17,0,11.6,29.2,39302.59
China,11-07-2013,19.4,15.3,17.1,0,7.6,23,5962.24
China,12-07-2013,22.4,14.8,18.3,0.1,7.9,22.7,40140.79
China,13-07-2013,24.5,15.2,20.1,0.3,9.6,23,37591.6
China,14-07-2013,23.5,17.9,20.1,15.9,13.4,29.9,19160.86
China,15-07-2013,26.3,16.4,20.9,1.8,7.9,21.2,42750.03
China,16-07-2013,27.7,16.4,22.1,0,16.3,43.2,31025.02
China,17-07-2013,24.7,17,21.2,0,17.3,40,39016.41
China,18-07-2013,22.4,16.3,19.1,0,16.4,37.8,44089.9
China,19-07-2013,25.9,13.2,19.4,0,9.4,25.9,48150.3
China,20-07-2013,27.6,13.3,20.7,0,14.7,37.1,48040.38
China,21-07-2013,25.5,15.8,20.5,0.3,10.5,30.2,1962.4
China,22-07-2013,29.2,14.8,22.6,0,13.2,37.1,47690.84
China,23-07-2013,29.7,16.6,22.6,0,25.2,56.5,45708.5
China,24-07-2013,24,16.6,19.8,11.1,19,52.6,16831.3
China,25-07-2013,18.1,16.3,16.8,13.3,5,22,0
China,26-07-2013,16.5,14.9,15.7,18.2,7.5,18.4,0
China,27-07-2013,19.4,14,16.4,5.8,5.6,17.3,12175.2
China,28-07-2013,21.5,14.3,16.8,14.1,11.2,24.1,15000.94
China,29-07-2013,27.9,12.8,20.8,0,7.6,20.2,46846.41
China,30-07-2013,29,15.8,22.5,0,10.2,21.2,46517.79
China,31-07-2013,25,16.2,20.7,3.8,8.5,29.9,45037.09
China,01-08-2013,26.5,14.7,20.1,5.5,8.9,27.4,42854.14
China,02-08-2013,27.6,14.1,20.8,1.1,7.3,20.2,42824.65
China,03-08-2013,28.5,17.2,22.2,1.1,9.5,26.3,43973.12
China,04-08-2013,30.2,14.2,22.2,3,9.7,32.8,44962.52
China,05-08-2013,30.2,16.8,22.9,1.2,11.4,27.7,43621.56
China,06-08-2013,22.6,14.1,18.4,17.2,20.7,43.6,9655.81
China,07-08-2013,23.9,13.7,18.5,10.5,8.7,28.4,44546.27
China,08-08-2013,27.7,14.6,21.1,0,10.8,26.6,44869.7
China,09-08-2013,28.4,14.2,21,0,14.6,35.3,44249.9
China,10-08-2013,26.5,15.1,20.1,1.8,14.5,33.5,38376.46
China,11-08-2013,24.6,16.3,20.1,4.5,6,18,43750.31
China,12-08-2013,29.1,14.1,21.7,0,11.7,31.7,45136.44
China,13-08-2013,28.2,16.2,21.7,0,18,40.7,44837.68
China,14-08-2013,26.7,15.4,20.4,0,21.3,49.3,44695.44
China,15-08-2013,28.1,15.5,21.8,0,15.6,36,43407.91
China,16-08-2013,25.2,17.3,21.7,0,15.3,33.5,32170.29
China,17-08-2013,26.5,17.1,21.5,0,14.6,37.1,40070.75
China,18-08-2013,28.1,17.2,22.3,0,22.7,52.9,44060.99
China,19-08-2013,28.6,17.1,22.5,0,20.2,51.8,43200
China,20-08-2013,24.9,18.8,21.6,1.5,13.2,29.5,34442.95
China,21-08-2013,27.9,17.1,22.2,0,15.1,38.5,43248.73
China,22-08-2013,26.4,17.6,21.4,8,13.7,33.1,42832.71
China,23-08-2013,25.6,17.7,20.8,14.8,12,27,40013.64
China,24-08-2013,23,17.9,19.7,14.2,8.3,22.7,24551.81
China,25-08-2013,26.6,15.2,20.6,2.8,13.7,34.6,39411.77
China,26-08-2013,27.7,17.1,21.7,0,17.1,41.4,43284.82
China,27-08-2013,18.7,14.1,16.8,3,18.4,41.8,9359.24
China,28-08-2013,21.5,13.4,17.3,11.9,6.5,19.4,31162.57
China,29-08-2013,24,14.9,19.7,0.2,11.9,27.4,43200
China,30-08-2013,23.2,15.5,19.4,0.2,10.7,30.6,43200
China,31-08-2013,24.1,13.5,18.4,1.9,12.2,29.5,42636.58
China,01-09-2013,20.7,13.1,16.4,8.2,17,36.4,32359.21
China,02-09-2013,21.7,13.6,17.2,0,9.7,23.8,37084.89
China,03-09-2013,18.8,12.9,15.2,9.5,11.3,26.6,192.87
China,04-09-2013,15.8,11.6,13.2,5.6,10,23,17104.19
China,05-09-2013,17.4,10,13.6,0.6,8.3,22,28981.35
China,06-09-2013,19.7,9.4,14.6,0.2,11.3,30.2,30392.34
China,07-09-2013,15.6,10.7,12.7,4.5,9.2,25.9,4503.51
China,08-09-2013,21.8,8.4,15.3,0,11,30.6,37733.89
China,09-09-2013,21.1,12.2,16.5,2.4,10.2,27.7,42544.09
China,10-09-2013,19.5,10.7,14.5,1.8,7.6,21.2,38925.44
China,11-09-2013,23.1,8.5,15.7,0,9.5,23.8,42282
China,12-09-2013,24.4,10.1,17.4,0,10.6,31.7,42149.75
China,13-09-2013,26.2,10.8,18.7,0,6.9,20.5,42016.79
China,14-09-2013,23.8,14.2,18.9,1.3,17.6,41,40344.06
China,15-09-2013,18.2,12.5,15.2,5.2,8.9,24.1,11643.37
China,16-09-2013,22,13.8,16.9,11.5,10.2,20.5,32632.77
China,17-09-2013,21.8,14.2,17.4,2.4,13.8,33.5,29931.52
China,18-09-2013,15.9,12.5,14.4,11,14.8,34.9,1831.36
China,19-09-2013,21.1,10.1,15.4,0.8,11.4,28.1,36756.18
China,20-09-2013,18.1,11.9,14.6,4.1,12.1,26.3,15352.25
China,21-09-2013,23.7,10,16.5,0,11.7,24.8,35448.16
China,22-09-2013,15.8,7.7,13.2,1,18.7,41.8,31999.66
China,23-09-2013,17.3,6.4,11.1,0,15.5,36.7,37309.69
China,24-09-2013,16.6,8.3,11.7,0.5,11,22.3,20465.48
China,25-09-2013,17.3,7.9,11.5,0,14.3,33.5,35603.49
China,26-09-2013,17.7,5.7,11.6,0,9.2,26.3,26950.81
China,27-09-2013,21.4,9.1,14.9,0,11,32,38327
China,28-09-2013,24.4,10.6,16.8,0,8,21.2,39931.82
China,29-09-2013,22.6,11.5,16.3,0,21.4,50,38650.77
China,30-09-2013,17.1,9,12.5,8.3,20.9,48.6,10529.49
China,01-10-2013,20.8,9.1,14.7,0,11,25.9,38459.18
China,02-10-2013,21.5,8,14.6,0,12.3,28.1,35697.77
China,03-10-2013,20.8,11,15.1,0,7.2,21.2,38129.59
China,04-10-2013,21.7,9.6,15,0,11.5,26.6,38231.92
China,05-10-2013,22.1,8.4,14.6,1.4,8.9,24.5,38185.34
China,06-10-2013,21.7,8.9,14.8,0.1,9.7,25.9,37982.39
China,07-10-2013,17.9,8.3,13.8,0.5,16,36,37941.74
China,08-10-2013,24.2,4.8,14.1,0,12.3,30.6,38030.21
China,09-10-2013,22.2,9,15.4,0,15.1,32,37913.24
China,10-10-2013,22.4,11.5,16.3,0,11.3,26.3,37805.89
China,11-10-2013,20.4,8.3,13.6,0,16.4,41.4,37494.99
China,12-10-2013,17.7,10.6,13.6,0.2,18.6,39.2,35263.59
China,13-10-2013,14.5,8.7,11.3,1.8,13.3,28.8,28800
China,14-10-2013,10,2.7,7.2,1,16.9,36.4,30346.37
China,15-10-2013,14.1,1,6.8,0,14.3,36.4,32013.8
China,16-10-2013,13.7,4.7,8,1.4,9.2,23,25200
China,17-10-2013,18,4.3,10.4,0,13.7,31.3,36755.03
China,18-10-2013,14.4,6.9,10.3,0,12.8,30.2,35922.76
China,19-10-2013,14.5,5.6,9.8,0,19.1,41.4,24817.33
China,20-10-2013,9,3.9,6.8,3.9,12.9,35.6,19908.89
China,21-10-2013,15.4,0.9,7.7,0,10.5,25.6,35754.33
China,22-10-2013,16.4,5,9.5,0,10.5,27.4,35952.27
China,23-10-2013,17,4.6,10.5,0,11.2,23.4,35872.84
China,24-10-2013,16.8,4.7,10,0,10.2,23.4,35710.51
China,25-10-2013,12.7,6.9,9.3,0.1,8.4,17.6,13763.24
China,26-10-2013,14.7,4.8,9.2,0.2,8.4,18.4,35316.83
China,27-10-2013,10.8,3.8,7.6,1.8,9.8,22.7,32876.02
China,28-10-2013,11.2,3,6.7,1.2,10.9,24.8,28857.06
China,29-10-2013,9.2,4,6,1.4,16,37.8,8434.71
China,30-10-2013,8.5,3,5.2,0.8,8.1,25.6,2671.83
China,31-10-2013,7.8,2.3,5,4.3,8.8,22.3,22213.82
China,01-11-2013,11.8,-0.2,5,0,9.5,20.9,34900.56
China,02-11-2013,9.8,1.9,5.9,0.8,9.7,21.6,30537.53
China,03-11-2013,11.3,2.8,6.2,0,14.1,33.8,33104.32
China,04-11-2013,7.8,1.4,4,1.6,11.1,30.2,32312.77
China,05-11-2013,12.8,-0.5,5.5,0,9,21.6,34653.27
China,06-11-2013,10.3,0.5,5,0,10.6,23.8,34596.13
China,07-11-2013,10.5,-0.2,4.8,0,9.7,23.4,33953.28
China,08-11-2013,10.4,1.4,5.2,1.1,15.1,32.8,24381.11
China,09-11-2013,2.7,0,1.4,0.1,12.5,29.5,11097.23
China,10-11-2013,5.2,-1.7,1.1,0,12.4,28.8,30697.84
China,11-11-2013,7.4,-3.6,1.5,0.3,7.8,15.5,33660.95
China,12-11-2013,7,-0.8,2.9,0.8,10.4,23.8,22720.92
China,13-11-2013,2,-2.9,0.1,2.2,10,25.9,2209.28
China,14-11-2013,5.4,-4.1,0.3,0,9.7,20.2,33863.98
China,15-11-2013,7.1,-2.6,1.8,0,9.2,22,33753.73
China,16-11-2013,9.1,-2.4,3.2,0,9.1,20.9,33645.15
China,17-11-2013,7.9,0.6,3.7,0,9.2,20.2,33538.39
China,18-11-2013,9.4,-1.4,3.6,0,9.4,25.2,33433.61
China,19-11-2013,9.2,2.1,4.6,0,8.7,22,33291.64
China,20-11-2013,8.9,0.1,3.8,0,10,19.8,33213.11
China,21-11-2013,9.5,-0.8,2.9,0,10.1,20.5,32909.19
China,22-11-2013,4.4,-1.1,1.6,0.6,11.8,28.8,18384.32
China,23-11-2013,-1.1,-4.4,-2.7,0.8,20.4,45.7,384.88
China,24-11-2013,5.1,-7.3,-1.5,0,11,28.8,32690.92
China,25-11-2013,4.7,-5.1,-0.5,0,10.5,18.4,32620.79
China,26-11-2013,3.1,-5.2,-1.2,0,10.9,25.6,31701.43
China,27-11-2013,1.9,-6.1,-3.2,0,10.4,21.2,32379.61
China,28-11-2013,2.4,-6.1,-3,0,11.8,19.1,32209.55
China,29-11-2013,7.7,-6.2,0.3,0,8.9,19.4,32145.45
China,30-11-2013,6.3,-2.1,1.8,0,10,16.2,32082.19
China,01-12-2013,9.6,-3.4,2.6,0,10,23.8,32019.9
China,02-12-2013,7.1,-1.7,2.6,0,10.7,20.2,31958.79
China,03-12-2013,9.5,-3.9,1.1,0,14.3,23,31898.99
China,04-12-2013,3.7,-4.4,-0.6,0,10.5,23.8,30854.46
China,05-12-2013,7.5,-2.3,0.9,0,11.6,16.2,31683.26
China,06-12-2013,9,-1.8,3.3,0,8.6,21.6,31628.35
China,07-12-2013,7.1,-2.7,2.4,0,10.2,17.6,31172.84
China,08-12-2013,-1.8,-6,-4,0.2,15.5,35.6,20944.41
China,09-12-2013,4.4,-7.1,-2.8,0,9,18.4,31575.62
China,10-12-2013,-0.7,-7.2,-4.3,0,9.8,27.4,30057.33
China,11-12-2013,1.9,-7.3,-3.1,0,8.4,16.2,30683.89
China,12-12-2013,4.6,-4,-0.6,0,10.3,18,31167.38
China,13-12-2013,2.7,-4.6,-1.5,0,12.7,28.8,31395.31
China,14-12-2013,-0.4,-4.3,-2.8,0.2,6,18.7,3754.02
China,15-12-2013,3.3,-5.3,-1.9,0,10,22.7,31356.37
China,16-12-2013,5.7,-5,-0.4,0,11.2,29.2,31452.02
China,17-12-2013,3.6,-5.5,-1.6,0,10.8,23.4,31444.17
China,18-12-2013,2.6,-7.2,-2.9,0,9.7,21.2,31325.8
China,19-12-2013,0.8,-5.2,-3,0,11.4,25.9,30055.66
China,20-12-2013,-3.4,-8.5,-6.2,0,8.2,23.8,27734.05
China,21-12-2013,0.3,-8.4,-4.4,0,6.7,17.3,30435.87
China,22-12-2013,1.7,-6.4,-3.3,0,9.7,15.5,31110.23
China,23-12-2013,1.2,-7.8,-4.2,0,9.4,22.7,30765.98
China,24-12-2013,-0.2,-7.5,-4.5,0,5.9,16.6,30934.14
China,25-12-2013,-3.2,-8.3,-5.6,0,10.7,24.8,18140.61
China,26-12-2013,-3.5,-9.5,-7,0,7.3,18.7,21147.88
China,27-12-2013,-1.9,-10,-6.5,0,9.3,18.4,31223.1
China,28-12-2013,-2,-8.7,-6,0,7.8,16.6,25975.55
China,29-12-2013,-0.4,-8.1,-4.9,0,8.2,22.3,30830.07
China,30-12-2013,1.5,-8,-3.9,0,9.3,19.8,31333.07
China,31-12-2013,3.5,-5.1,-1.6,0,9.7,19.1,31373.49
China,01-01-2014,1.6,-6.1,-2.3,0,7.9,17.6,31415.78
China,02-01-2014,-0.6,-7.8,-4.7,0,7.9,23.4,30734.92
China,03-01-2014,2.1,-7.8,-3.4,0,9.7,22.3,30492.24
China,04-01-2014,5.3,-6.7,-2.1,0,11.7,20.9,31552.85
China,05-01-2014,3.6,-5.6,-2,0,9.8,18.4,31335.04
China,06-01-2014,-2.2,-7.1,-4.4,0,14,31,28267.33
China,07-01-2014,-5.4,-9.9,-7.7,0.1,14.4,34.2,25544.81
China,08-01-2014,-3.5,-11.4,-8,0,9.7,16.9,31763.81
China,09-01-2014,-1.3,-11.7,-6.6,0,9.9,20.5,31344.96
China,10-01-2014,-1,-9.3,-5.2,0.5,9.6,23,24642.84
China,11-01-2014,-3.6,-9.8,-6.6,0,10.1,24.8,28437.97
China,12-01-2014,-0.8,-10.2,-6.1,0,10.3,18.7,31278.09
China,13-01-2014,4.8,-9.5,-3.1,0,11.2,23.4,32260.93
China,14-01-2014,1.5,-9.1,-3.7,0,10.9,18.7,32330.19
China,15-01-2014,-0.1,-9.3,-5.1,0,9.7,22.7,32306.39
China,16-01-2014,4.3,-9.2,-3,0,7.8,19.8,32663.94
China,17-01-2014,4.2,-7.3,-2.1,0,12.2,19.4,32739.37
China,18-01-2014,1.5,-7.7,-4.1,0,15.5,32.8,32815.88
China,19-01-2014,1.4,-8,-4,0,6.6,20.5,25261.74
China,20-01-2014,5.8,-7.3,-1.3,0,11,29.2,33063.58
China,21-01-2014,7.5,-5.7,0.4,0,10.8,23.8,33159.03
China,22-01-2014,11.5,-6.4,0.5,0,10.2,20.2,33256.25
China,23-01-2014,7.2,-2.9,2,0,10.8,22,26444.41
China,24-01-2014,3.5,-6.3,-1.8,0.5,9.7,27,32052.11
China,25-01-2014,6.5,-4.2,0.8,0,7.4,18.4,33557.33
China,26-01-2014,10.1,-3,1.7,0,12.3,22.3,33661.65
China,27-01-2014,4.8,-1.5,1,0,11.5,27.7,33768.71
China,28-01-2014,9.1,-4.3,1.4,0,8.9,20.5,33878.33
China,29-01-2014,13.1,-4.4,2.7,0,10.9,29.2,33990.32
China,30-01-2014,15.1,-4.7,3.3,0,13.1,24.1,34055.88
China,31-01-2014,12.4,-2.9,5.4,0,10.7,24.5,34104.75
China,01-02-2014,13.9,2.6,7.3,0,11.4,30.2,34162.17
China,02-02-2014,11.1,-2.8,4.1,0,10.6,24.8,34213.71
China,03-02-2014,4.9,-7.5,-2.8,0,10.8,23.4,34298.28
China,04-02-2014,4,-4.3,-1.7,0,12.9,28.1,28427.23
China,05-02-2014,1.4,-5.8,-3.2,0,11.1,27.7,29026.82
China,06-02-2014,-2.4,-8.9,-5.9,0,16.9,38.5,25059.53
China,07-02-2014,1.9,-9.6,-5,0,10.5,26.3,34638.78
China,08-02-2014,-5.9,-10.3,-7.9,0.9,16.6,37.4,11388.49
China,09-02-2014,-3.4,-11.4,-8.1,0,9.7,23.4,33558.02
China,10-02-2014,-0.7,-10.1,-6.1,0,9.6,24.1,35047.23
China,11-02-2014,0.7,-9.6,-4.9,1.3,15.2,35.3,31136.75
China,12-02-2014,-1.9,-8.2,-5.2,2.1,11,19.1,23560.3
China,13-02-2014,-1.3,-9.8,-6.4,0,13,26.3,35525.12
China,14-02-2014,-1.8,-11.7,-7.3,0,12.5,20.5,34931.03
China,15-02-2014,-1.1,-9.7,-5.6,0.4,10.5,21.6,18561.49
China,16-02-2014,-2.6,-7.5,-4.8,4.1,9.9,24.5,2672.28
China,17-02-2014,-2.5,-7.7,-5.5,0.9,5.8,12.2,24044.82
China,18-02-2014,-4.6,-12.1,-7.5,0,11.5,23,36350.27
China,19-02-2014,-0.1,-18.9,-8.8,0,12.1,21.6,36641.86
China,20-02-2014,-0.9,-12.6,-6.2,0,12.5,22,36332.35
China,21-02-2014,0.9,-12.9,-6.4,0,12.5,20.5,36638.88
China,22-02-2014,2.4,-9.5,-3.9,0,11.2,19.1,33891.42
China,23-02-2014,4.5,-7.5,-1.9,0,10.2,24.1,36031.89
China,24-02-2014,5.1,-5,-0.6,0,11.3,20.9,37329.27
China,25-02-2014,7,-5.5,0,0,16.4,35.3,37468.24
China,26-02-2014,1,-5.7,-2.2,0,13.5,32.4,36379.39
China,27-02-2014,1.6,-6.7,-2.9,0,10.2,24.1,28950.73
China,28-02-2014,1.7,-5.1,-2.2,0,12.7,28.8,32671.62
China,01-03-2014,4,-5.2,-1.2,0,9.8,21.6,28533.96
China,02-03-2014,5.4,-4.6,-0.5,0,11.9,29.9,36283.85
China,03-03-2014,3.7,-4.8,-0.7,0,17.9,38.9,34967.62
China,04-03-2014,2.7,-6.2,-2.2,0,10.6,24.8,38134.15
China,05-03-2014,3.2,-5.2,-1.3,0,15.1,33.1,31736.14
China,06-03-2014,4.8,-4.8,-0.2,0,14.3,33.8,36000
China,07-03-2014,4.5,-2.3,0.6,1.2,13.8,34.2,28177.22
China,08-03-2014,7.3,-3.9,0.7,0.3,12.3,23.4,38388.79
China,09-03-2014,10.8,-4,2.1,0,11.5,24.1,38501.17
China,10-03-2014,12,-4.1,3.2,0,12.5,30.2,36857.55
China,11-03-2014,9.4,-1.6,2.8,0,21.9,48.6,38520.28
China,12-03-2014,3.9,-5.3,-1,0,10.8,27.4,38730.32
China,13-03-2014,8.4,-3.4,2.1,0,11.6,25.2,39035.84
China,14-03-2014,13.4,-3.2,4.6,0,10.3,20.2,39277.88
China,15-03-2014,17.8,1.4,8.6,0,14.1,36,39440.96
China,16-03-2014,19.8,-1.6,8.6,0,15.1,34.9,39609.74
China,17-03-2014,13.7,2.7,7.8,0,12.1,23,39474.62
China,18-03-2014,19.8,0.5,9.2,0,17.3,35.6,39427.5
China,19-03-2014,10.4,1.1,6,0,23,52.2,36135.36
China,20-03-2014,9,-3.7,2.5,0,17.1,40.7,39647.1
China,21-03-2014,13.1,-3.4,4.5,0,16.8,42.1,40644.46
China,22-03-2014,13.4,-2.6,4.9,0,15.2,41.8,40357.83
China,23-03-2014,14.3,-0.2,6.9,0,11.9,32,37747.77
China,24-03-2014,16.5,2.3,9.7,0.5,13.4,28.1,36191.72
China,25-03-2014,18.6,6,11.3,0,11.1,30.6,41344.29
China,26-03-2014,21.8,1.2,11.4,0,22,50.4,41478.61
China,27-03-2014,15.8,5.1,10.3,0,17.2,43.6,40115.76
China,28-03-2014,16.8,5.9,10.6,0,14.8,33.8,39466.64
China,29-03-2014,19.7,4.3,11.5,1.5,17.4,44.6,34004.92
China,30-03-2014,8.9,2.3,6.4,6.9,18.4,41.8,16584.09
China,31-03-2014,14.5,-0.4,7,0,16.6,38.9,42149.94
China,01-04-2014,16.2,3.5,9.7,0,16.7,40.7,31492.09
China,02-04-2014,11.9,3.9,7.4,4.5,15.6,34.9,36329.88
China,03-04-2014,12.5,3.8,7.9,0.2,16.8,39.6,34535.16
China,04-04-2014,15.2,0,7.6,0,11.1,31,42547.19
China,05-04-2014,14.7,3.3,8.9,0.8,15,35.6,39966.95
China,06-04-2014,14.8,3.1,9.1,0.2,12.9,34.9,36917.45
China,07-04-2014,19.5,4,11.9,0,11.8,32.8,42799.34
China,08-04-2014,23.5,3.7,13.2,0,22.2,56.2,42882.3
China,09-04-2014,18.1,7.5,12,0.1,18.2,45.7,40713.69
China,10-04-2014,15.8,7.8,11.5,0.5,14.6,31.7,20107.15
China,11-04-2014,11.2,7.6,9.1,5.8,11.4,29.2,13737.31
China,12-04-2014,16.2,5.7,10.3,0.8,10.3,28.4,43200
China,13-04-2014,20.1,5.2,12.1,0,18.6,50,43200
China,14-04-2014,21.4,9.5,13.8,0.2,19.5,47.5,40699.36
China,15-04-2014,19.8,9.5,14.1,3.1,11.2,28.1,36719.25
China,16-04-2014,16.3,4.5,10.3,15.3,15.3,41.4,32573.41
China,17-04-2014,15,7,10.5,0.1,15.1,37.4,28960.3
China,18-04-2014,9.2,5.4,7.5,12.4,15.9,36.4,5283.2
China,19-04-2014,13.1,2.9,7.8,4.9,15,36,25166.1
China,20-04-2014,8.9,3.3,6.6,18.1,16,35.3,0
China,21-04-2014,12.3,2.1,6.7,2.2,8.4,22.3,36512.91
China,22-04-2014,18.5,2.1,10.2,0,9.7,21.6,43200
China,23-04-2014,19.1,6.1,12.6,0.3,11.2,27,43200
China,24-04-2014,10.1,-0.9,5.1,5.9,18.3,45.7,9879.76
China,25-04-2014,7.3,-3,1.6,3.7,11.3,23,41367.78
China,26-04-2014,13.4,-0.3,6.2,0,10.4,26.6,39717.76
China,27-04-2014,16.6,2.9,9.5,0.2,9.4,24.1,43248.22
China,28-04-2014,17.5,5.2,11.1,0,10.8,27.4,43340.32
China,29-04-2014,20.4,7.1,13.6,0,11,26.3,43386.46
China,30-04-2014,24.4,7.4,15.5,0,19.3,46.4,43368.34
China,01-05-2014,11.1,4,8.1,3.3,18.5,49.3,31272.47
China,02-05-2014,15.8,3.7,9.7,0,11.5,32,43559.05
China,03-05-2014,15.7,4.4,10.3,0,21.1,51.8,43983.81
China,04-05-2014,16,6,10.7,0,14.8,34.9,43979.86
China,05-05-2014,18.8,4.6,11.9,0,11.8,26.6,43759.52
China,06-05-2014,22,7.1,14.8,0,14.2,36.4,41255.66
China,07-05-2014,24.2,8.1,16.5,0,15.3,37.8,40936.14
China,08-05-2014,25.3,7.6,16.4,0,19.7,53.3,41575.14
China,09-05-2014,13.8,3,8,2.7,18.7,41.8,42444.08
China,10-05-2014,10.5,0.6,6,0.5,17.8,42.1,35692.75
China,11-05-2014,19.4,0.3,10.2,0,11,29.2,45460.38
China,12-05-2014,23.1,5.3,14.5,0,15.8,35.3,44402.89
China,13-05-2014,19.9,10.9,15.1,0.2,13.9,39.2,38166.01
China,14-05-2014,13.7,8.1,11,0.6,19,42.5,44537.79
China,15-05-2014,19.3,5.5,12.6,0,13,31.7,41856.46
China,16-05-2014,21.6,9,15.5,0,11.1,38.5,42619.74
China,17-05-2014,18.8,9.5,14.1,4,11.9,36,34563.14
China,18-05-2014,20.3,7.8,14.3,0.1,26.4,58,30389.62
China,19-05-2014,23.3,5,15.3,0,13,33.8,47229.5
China,20-05-2014,26,8.3,17.3,0.1,18.4,44.6,47112.6
China,21-05-2014,26.9,10.1,18.8,0,17.3,44.3,45561.23
China,22-05-2014,23.3,11.7,17.2,2.7,25.7,58.7,33489.06
China,23-05-2014,21.6,13.6,16.8,9.6,16.1,43.6,42851.61
China,24-05-2014,14.4,9.5,11.9,0.5,19.5,41.4,25608.16
China,25-05-2014,19.7,7,13.5,0,9.8,28.4,38840.74
China,26-05-2014,23.9,10.3,17.2,0,17.8,40.7,48269.04
China,27-05-2014,24.6,12,18.6,0,11.9,21.2,42112.44
China,28-05-2014,27.6,13.8,20.5,0,10.9,32,45079.23
China,29-05-2014,28.8,14.3,22.1,0,15.5,38.5,33580.11
China,30-05-2014,28.6,13.4,21.7,0,14.5,36.4,38778.33
China,31-05-2014,30.9,13.9,23,0,15.8,35.3,46537.19
China,01-06-2014,32.9,13.7,24,0,24.6,59,47434.45
China,02-06-2014,26.7,16.6,21.5,2.1,17.7,44.3,28592.48
China,03-06-2014,20,12.7,16.6,19.1,15.8,43.6,22564.41
China,04-06-2014,24.4,10.1,17.6,0,15.7,36.7,43145.3
China,05-06-2014,24.5,12.7,18.5,0,17.6,55.1,30817.58
China,06-06-2014,22.7,11.4,16.5,0,13.4,51.5,39429.66
China,07-06-2014,24,11.4,17.9,0,8.4,23.8,23651.63
China,08-06-2014,27.5,12.7,20.5,0.5,17.3,45,44684.66
China,09-06-2014,26.4,15.2,20.1,4.9,20.2,49.7,35970.73
China,10-06-2014,23.6,14.6,19.3,0,20.2,49.7,24998.23
China,11-06-2014,25.5,13.5,19.2,0,21.7,50.8,33388.97
China,12-06-2014,16.9,13,14.9,3.1,12.7,31.7,0
China,13-06-2014,17.5,11.9,14.1,6,6.5,19.1,13443.53
China,14-06-2014,22.7,9.9,17,0,12.6,31.7,40645.08
China,15-06-2014,25.4,12.3,19.4,0,12,29.2,29437.17
China,16-06-2014,28.1,12.7,20.2,0,28.8,67.3,49152.26
China,17-06-2014,30.3,12.6,22.1,0,10.2,38.9,49061.82
China,18-06-2014,22.9,13.1,17.9,10.5,18.1,42.1,31794.61
China,19-06-2014,20.2,12,15.8,0.3,10.5,27.4,14740.63
China,20-06-2014,21.7,13,17.2,0,11.7,27.7,29928.51
China,21-06-2014,25.4,10.6,18.5,0,12,35.3,45898.35
China,22-06-2014,26.4,12.1,20.3,0,18,45.4,47613.21
China,23-06-2014,25.7,14.1,20.1,0.1,16.8,40.7,33689.09
China,24-06-2014,21.2,13.8,16.4,3.5,14.8,38.9,14685.44
China,25-06-2014,24.1,13.1,19.1,0,11.7,27.7,45767.68
China,26-06-2014,26.7,14.3,20.9,0,11.7,32.4,36079.9
China,27-06-2014,26.4,15.7,21.2,2.7,17.6,40,36036.47
China,28-06-2014,16.8,11.6,15.4,23.7,10.6,28.8,10122.69
China,29-06-2014,25.5,8.2,17.9,0,7.4,23.8,47515.5
China,30-06-2014,24.7,16.6,20.4,2.6,10,30.6,46388.26
China,01-07-2014,25.2,14.2,20.4,0.1,11.1,26.3,47638.42
China,02-07-2014,26.7,15.6,20.3,0.5,12.3,32,33877.2
China,03-07-2014,23,14.8,18.7,2.6,8.7,26.3,48714.8
China,04-07-2014,28.6,14.1,21.6,0,15.3,40.3,48966.2
China,05-07-2014,30,16.1,23.3,0,16.5,41.8,48930.92
China,06-07-2014,31.3,17.3,23.9,0,11.9,42.1,46523.85
China,07-07-2014,27.6,19,23.3,0,15.3,31.7,26901.95
China,08-07-2014,22,12.4,15.5,23.2,17.5,35.6,0
China,09-07-2014,18.3,11.9,14.8,1.1,10.5,24.1,5624.91
China,10-07-2014,24.8,12.4,19,0,9.9,28.4,48290.36
China,11-07-2014,22.7,15.9,19.1,0.3,11.5,30.2,26987.39
China,12-07-2014,23.5,13.5,18.8,1.2,13.3,34.9,48373
China,13-07-2014,25.5,13.8,20,0.7,7,22.7,48549.78
China,14-07-2014,27.9,16.8,21.8,0,8.9,27.4,48490.94
China,15-07-2014,30.7,15.6,22.8,0.4,7.5,38.2,48429.87
China,16-07-2014,30.9,14.7,23.5,0,10.5,33.1,48366.64
China,17-07-2014,31.1,17,24.2,0,18.8,48.2,48301.34
China,18-07-2014,29.2,17,22.7,0,25.5,58.3,47757.91
China,19-07-2014,28.3,17,22.3,0,20.6,54,45577.63
China,20-07-2014,26,18,22.1,0.3,13.4,31,31520.99
China,21-07-2014,22.5,16.1,19.7,3.9,14.7,33.1,13688.24
China,22-07-2014,17.4,13.2,15.1,3.1,12.4,28.8,594.65
China,23-07-2014,20.1,12.4,15.9,3.9,6.3,21.6,20364.43
China,24-07-2014,26.9,13.2,20,0,10.4,27,47363.42
China,25-07-2014,31.3,13.8,23,0,13,28.8,47311.82
China,26-07-2014,30.9,17,24.2,0.4,9.6,29.5,44858.86
China,27-07-2014,31.3,16.4,24,3.5,8.6,31.7,44893.84
China,28-07-2014,32.8,16.6,25.2,0,8.9,26.3,45651.85
China,29-07-2014,32.7,17.7,24.8,0.9,12.5,38.2,44883.32
China,30-07-2014,32.7,16.8,25.3,0,15.8,41,40706.12
China,31-07-2014,30.1,20.5,24.7,7.4,14.1,39.6,29287.08
China,01-08-2014,31.2,17.4,24.5,0,9,26.6,45765
China,02-08-2014,32.3,19.7,25.6,0,17.1,42.5,45315.26
China,03-08-2014,26.8,16.9,21.6,0,26.9,59.8,35828.55
China,04-08-2014,20.4,15.8,17.5,0.9,5.5,16.6,97.43
China,05-08-2014,24.7,16.4,19.9,3.3,11.7,34.9,11385.17
China,06-08-2014,18,12.1,14.2,22.7,8.8,27.7,0
China,07-08-2014,25.7,12.1,18.5,0,12.7,29.5,45376.66
China,08-08-2014,20.7,14.7,17.9,2.3,7.3,17.6,12073.45
China,09-08-2014,28,13,20.4,0,10.2,25.2,45501.84
China,10-08-2014,24,15.6,19.5,0.6,17.1,40.3,5312.04
China,11-08-2014,22.2,14.3,17.4,7.2,13.5,35.6,35533.99
China,12-08-2014,21.9,14.3,17.6,0.9,11.2,28.4,30990.53
China,13-08-2014,21.9,13.2,17.6,0.2,13.6,33.8,44481.14
China,14-08-2014,24.7,13.6,18.7,0.6,6.8,21.2,44246.17
China,15-08-2014,26.7,12.7,19.5,0.4,17.3,39.2,43637.08
China,16-08-2014,24.4,15.1,18.8,4.4,13.5,38.9,43751.56
China,17-08-2014,23.7,13.5,18.8,0,11.8,29.2,41979.55
China,18-08-2014,27.2,13.4,20.5,0,12.8,34.9,44277.93
China,19-08-2014,27.7,13.3,21.1,0,17.7,45.7,44152.52
China,20-08-2014,23.5,14.6,18.3,5.7,18,45.7,25200
China,21-08-2014,16.6,13.6,15.5,26.4,11.1,40,0
China,22-08-2014,21.1,11.1,16.6,0,5.2,18.4,15399.36
China,23-08-2014,20.1,15.1,17.2,1.2,13.4,32.4,40122.2
China,24-08-2014,23.7,12.2,18,0.5,11.7,30.6,43200
China,25-08-2014,24,11.9,18.3,1.9,12.2,34.2,39600
China,26-08-2014,24.4,12.4,17.9,1.9,10.1,29.9,43200
China,27-08-2014,26.1,12.8,19.2,0.7,8.6,25.2,43200
China,28-08-2014,26.2,12.7,19.7,0.2,13.5,34.6,43226.1
China,29-08-2014,25,13.9,19.1,0.4,17.8,41,39912.45
China,30-08-2014,21.6,13.2,17.3,2,10.7,28.8,36015.11
China,31-08-2014,23.7,12.9,18.6,0,10.1,26.6,41848.46
China,01-09-2014,22.1,13.8,17.2,1.5,14.1,32.8,20342.83
China,02-09-2014,21.9,11.4,16.2,0,10.6,29.9,43168.86
China,03-09-2014,26.4,8.4,17.7,0,10.8,33.1,43124.62
China,04-09-2014,27.4,10.7,19.4,0,11.2,29.9,43080.41
China,05-09-2014,26.4,13.2,19.5,0,18,42.8,43036.21
China,06-09-2014,18,13.4,15.9,1.2,13.7,31.7,4023.45
China,07-09-2014,21.5,13.5,17.2,0.1,7.6,23.4,11435.36
China,08-09-2014,16.8,14,15.7,12.8,8.7,32,0
China,09-09-2014,24.3,11.1,17.8,0.3,14.6,32.8,42574.19
China,10-09-2014,21.5,12.4,16.5,4.6,12.5,33.5,21950.36
China,11-09-2014,15.4,10.7,14.1,7.4,8.7,24.8,4278.07
China,12-09-2014,22.8,8.2,15.6,0,14.8,33.5,42176.97
China,13-09-2014,15.7,12.2,13.8,7,13.8,34.9,4861.32
China,14-09-2014,12.2,9.2,10.7,22.8,10.1,25.6,0
China,15-09-2014,17.1,9.8,12.9,4.4,11.7,25.2,13651.14
China,16-09-2014,12.9,10.8,11.7,14.2,11.7,28.8,0
China,17-09-2014,20.9,9.9,14.7,0.3,9.8,24.1,41155.39
China,18-09-2014,24,9.4,16.2,0,9.9,19.4,41374.41
China,19-09-2014,23.3,11.6,16.9,0.2,9.5,20.5,41240.53
China,20-09-2014,22.3,11.7,16.5,0,13.8,32,41106.83
China,21-09-2014,15.6,11.3,14,17.5,11.9,32.8,0
China,22-09-2014,9.9,7.5,8.1,11.9,8.6,22.3,0
China,23-09-2014,17.5,7.7,11.6,2.3,9.2,27.4,35709.77
China,24-09-2014,21.6,7.7,14.2,0,12.8,31.3,39994.04
China,25-09-2014,22.4,9.7,15.4,0,10.3,28.8,40435.77
China,26-09-2014,19,10.7,14.4,0.2,9.4,25.2,6695.03
China,27-09-2014,18.1,11,13.8,1.7,10,24.5,18359.08
China,28-09-2014,20.6,9.4,14.2,0,10.1,28.4,36129.99
China,29-09-2014,21.4,8.8,14.7,0,12.9,33.1,39538.19
China,30-09-2014,21.2,12,15.1,1.9,14.3,33.5,28757.93
China,01-10-2014,17.7,9,13.2,0,12.6,28.4,39079.09
China,02-10-2014,21.3,7.8,13.8,0,9.7,21.2,38717.37
China,03-10-2014,22.7,9.3,14.4,1.1,21.4,50,37319.02
China,04-10-2014,15.8,7.4,11.5,0,8.9,21.6,33877.7
China,05-10-2014,21.5,7.6,13.7,0,10.6,28.8,38446.37
China,06-10-2014,20.3,8.1,13.9,0,12.5,28.4,37992.8
China,07-10-2014,18.8,10.6,13.6,7,9.2,18,29875.67
China,08-10-2014,19.7,10.1,13.9,0.9,10.1,25.6,36225.02
China,09-10-2014,19.4,9.5,13,0,16.1,39.6,36822.26
China,10-10-2014,11.8,2.7,8.9,2,19.7,42.8,0
China,11-10-2014,2.5,-1.1,0.2,11.4,10.8,34.6,3438.26
China,12-10-2014,1.5,-2.9,-0.7,4.4,9,18,36089.77
China,13-10-2014,8.5,-3,2.1,0,9.2,16.6,36212.95
China,14-10-2014,12.8,1.7,6.9,0,8.3,17.3,37001.04
China,15-10-2014,12.1,6.6,9,0,6.6,18.7,3003.27
China,16-10-2014,10.4,6.5,8.5,2.4,6.5,18.7,0
China,17-10-2014,14.8,4.3,9.1,0,8.6,20.9,31971.6
China,18-10-2014,15.4,6.3,10.2,0.8,12.1,27,24526.99
China,19-10-2014,16.8,6.7,11.1,0,9.7,20.9,35864.41
China,20-10-2014,14.7,6.5,10.3,2.8,7.7,27,27430.92
China,21-10-2014,17.1,3.4,9.7,0,9.9,18.7,36140.11
China,22-10-2014,15.9,7.4,11.2,0,9.7,22,35629.34
China,23-10-2014,18.3,5.6,11.7,0,9.4,17.6,35887.02
China,24-10-2014,20,6.4,12.6,0,9.3,21.6,35723.52
China,25-10-2014,18,7.5,12.2,0,9.9,18.4,35646.54
China,26-10-2014,17.6,7.8,11.5,0,14.3,33.5,35417.79
China,27-10-2014,16.7,6.7,10.7,0,13.8,38.9,33507.24
China,28-10-2014,11.4,6.9,9.1,1.6,11.9,31,19616.15
China,29-10-2014,14.4,5.9,9.5,0,12.2,25.2,33441.77
China,30-10-2014,9.6,0.1,6.3,11,15.3,39.6,8409.89
China,31-10-2014,6.6,0.1,3,0.5,12.7,29.5,32925.76
China,01-11-2014,3.2,-2.2,0.7,0.2,14.2,31,21762.77
China,02-11-2014,8.3,-4,1.3,0,10.7,20.9,34857.33
China,03-11-2014,11,-2.1,3.6,0,10.8,19.1,34795.34
China,04-11-2014,8.8,-0.6,3.8,0,13.5,31,29188.54
China,05-11-2014,12.6,-0.6,4.6,0,10.7,18.4,34674.32
China,06-11-2014,6.4,0.7,3.3,1.4,9.2,21.2,16197.17
China,07-11-2014,10,-2.4,3.6,0,10.9,23,34557.68
China,08-11-2014,9,0.1,4.3,0,10,23,28065.22
China,09-11-2014,9.5,2.4,5.2,0.1,9.4,18.7,25529.18
China,10-11-2014,4.3,-0.1,2.6,0.8,11.3,25.6,16796.21
China,11-11-2014,5.9,-1.8,1.7,0,9.8,22.7,26492.29
China,12-11-2014,5.4,-1.6,1.9,0,8.2,23.4,28409.35
China,13-11-2014,7.9,-2.6,1.8,0,9.9,16.9,33995.62
China,14-11-2014,3,-3,-0.6,0.7,13.9,32.8,6007.59
China,15-11-2014,4.4,-4.1,-0.6,0,8.9,20.5,33772.96
China,16-11-2014,5.9,-2.7,1.3,0,9.7,18,31831.84
China,17-11-2014,8.2,-2.7,2.8,0,8.6,18,33226.8
China,18-11-2014,7.7,-1.1,2.2,0,9.5,18,32323.92
China,19-11-2014,10.5,-3.1,2.8,0,9.9,18.7,32379.11
China,20-11-2014,6.3,-1.7,1.6,0,11,18.7,33119.91
China,21-11-2014,6.5,-1.2,1.7,0,8.5,14.8,32365.6
China,22-11-2014,5.5,-1.6,1,1.2,11,24.5,24577.08
China,23-11-2014,4.6,-1.7,0.9,0.5,9.3,20.5,15433.96
China,24-11-2014,6.3,-2.4,1.3,0.5,9.9,25.2,26853.67
China,25-11-2014,11.3,-3.8,2,0,11.4,19.4,32537.41
China,26-11-2014,3.9,-2.5,0.6,0,13,29.2,24367.71
China,27-11-2014,1.2,-5,-2.2,0.9,10.2,19.1,24779.99
China,28-11-2014,6.6,-5.6,-0.5,0,10.3,22.7,31216.08
China,29-11-2014,1.1,-7.7,-2.3,0,16.3,33.5,30512.51
China,30-11-2014,-4.2,-12.8,-9.1,0,16.7,37.8,32094.53
China,01-12-2014,1.9,-8.9,-4.7,0,10.7,19.8,32030.74
China,02-12-2014,3.2,-6.9,-3.1,0,14,32.4,31866.59
China,03-12-2014,-1.9,-10.1,-6.6,0,8.7,21.2,31806.37
China,04-12-2014,3.4,-8.3,-3,0,7.4,15.1,31142.27
China,05-12-2014,6,-5.3,-0.8,0,10.5,15.8,31489.78
China,06-12-2014,-0.6,-6.5,-3.8,0,9.7,23.8,31636.3
China,07-12-2014,4.2,-7.4,-2.6,0,11.7,19.1,31583.66
China,08-12-2014,4.4,-5.6,-2,0,10.2,21.2,29234.79
China,09-12-2014,-3.4,-9.3,-7.2,0.9,14.7,32.8,10696.76
China,10-12-2014,-3.6,-9.3,-6.7,0,9.5,21.6,25284.37
China,11-12-2014,-3,-9.2,-6.6,0,14.5,29.5,26812.78
China,12-12-2014,-1.2,-11.2,-6.9,0,9.5,23.4,31559.77
China,13-12-2014,-0.8,-8.8,-5.7,0,8.9,19.8,31383.09
China,14-12-2014,-1.8,-9.8,-6.3,0,19,42.1,30218.64
China,15-12-2014,-7.7,-13,-10.5,0,11.4,29.9,29498.13
China,16-12-2014,-0.4,-13.2,-7.2,0,8.7,24.1,31315.17
China,17-12-2014,1,-7.7,-4.2,0,7,16.2,29469.18
China,18-12-2014,1.9,-7,-3.5,0,11.7,16.2,31108.25
China,19-12-2014,-0.7,-7.5,-4.3,0,9.5,21.2,30782.71
China,20-12-2014,-4.8,-10.8,-7.5,0.3,15.9,35.3,26341.11
China,21-12-2014,0,-13.5,-7.5,0,10,18,31371.19
China,22-12-2014,-0.6,-9.3,-5.6,0,7.9,21.6,25388.22
China,23-12-2014,3,-7.7,-3.3,0,8.8,15.1,31102.45
China,24-12-2014,0.1,-7,-4,0,8.5,18.7,30616.92
China,25-12-2014,3.2,-6.9,-2.9,0,8.6,17.6,29676.68
China,26-12-2014,2.1,-6.7,-2.4,0,6.9,17.6,29468.75
China,27-12-2014,2,-4.5,-1.9,0,7.2,16.6,28571.16
China,28-12-2014,6.4,-6.9,-1,0,17.7,41,31247.23
China,29-12-2014,4.7,-3.2,-0.2,0,8.4,21.6,31374.69
China,30-12-2014,2.7,-8.2,-2.1,0,10.6,26.6,31318.03
China,31-12-2014,0.2,-9.9,-5.5,0,7.9,18,31356.24
China,01-01-2015,2.4,-7.7,-3.2,0,7.2,15.8,31215.79
China,02-01-2015,5,-6.5,-2,0,12,20.9,31260.45
China,03-01-2015,7.7,-5.1,-0.5,0,12.5,19.8,31487.04
China,04-01-2015,0.6,-6.8,-2.8,0,14.1,32.4,30998.78
China,05-01-2015,-3.2,-7.2,-5,0.4,6.1,17.6,101.9
China,06-01-2015,2.5,-5.9,-2.9,0,10.1,27,27247.07
China,07-01-2015,1.5,-6.2,-2.7,0,12,27.7,30794.45
China,08-01-2015,3.7,-6.1,-1.8,0,7.1,19.1,30315.81
China,09-01-2015,5.5,-5.5,-0.9,0,13.4,34.6,31902.48
China,10-01-2015,7.7,-6.9,-0.1,0,8.4,23,32054.26
China,11-01-2015,7,-3.7,1.4,0,8.8,16.6,32117.99
China,12-01-2015,8.5,-6.1,-0.7,0,10.8,18,32183.35
China,13-01-2015,2.4,-5.1,-1.8,0,9.2,22,32250.2
China,14-01-2015,5.5,-5.7,-1.2,0,11.9,23.4,32318.36
China,15-01-2015,1.1,-5.7,-2.8,0,10.6,24.5,31729.32
China,16-01-2015,3.5,-5.7,-1.5,0,9.7,16.9,29781.62
China,17-01-2015,-1.3,-8.2,-4,0,13,31,31449.33
China,18-01-2015,5.9,-9.3,-2.3,0,9.1,24.1,32853.4
China,19-01-2015,5.1,-5.4,-1.4,0,10.4,19.4,32941.89
China,20-01-2015,1.5,-5.1,-2.5,0,10.8,25.6,33032.35
China,21-01-2015,7.4,-7.7,-1.1,0,10.8,22.7,33125.71
China,22-01-2015,7.6,-2.6,2.1,0,9.6,21.6,33222.16
China,23-01-2015,6.4,-5.1,0.1,0,10.8,27.7,30158.05
China,24-01-2015,4.5,-5.2,-1.2,0,11.6,30.6,31898.26
China,25-01-2015,7.3,-3.2,0.7,0.1,12.7,22.3,32251.32
China,26-01-2015,-0.5,-7.3,-4.2,0,13.4,31,33635.2
China,27-01-2015,0.1,-7.6,-4.1,1,11.3,24.1,32375.55
China,28-01-2015,-4.6,-10.8,-6.6,2.4,15.5,35.6,15171.75
China,29-01-2015,-3.9,-11.8,-8.2,0,8.2,21.6,32366.03
China,30-01-2015,-3.2,-10.5,-6.9,2,11.5,27.7,2705.72
China,31-01-2015,-1,-13.1,-8.3,0,10.8,19.4,33000.72
China,01-02-2015,1.7,-10.8,-5.6,0,13.9,32.4,34147.7
China,02-02-2015,-0.1,-10.1,-5.6,0,8.5,16.9,30762.81
China,03-02-2015,0,-8.7,-4.6,0,11.7,27.4,33643.41
China,04-02-2015,-2.3,-9.4,-5.7,0,11.7,28.8,20232.56
China,05-02-2015,1.3,-8.5,-4.5,0,9.2,23.8,32121.16
China,06-02-2015,0,-8.2,-5,0,14.8,34.6,34416.37
China,07-02-2015,-0.9,-9.4,-5.8,0,13.3,24.5,34675.09
China,08-02-2015,1.9,-9,-4,0,13.4,28.8,34745.3
China,09-02-2015,3.8,-8.1,-3,0,7,16.9,34878.63
China,10-02-2015,4,-6.1,-1.6,0,9.9,23.4,35020.77
China,11-02-2015,8,-6.7,0.2,0,10.7,28.8,35171.68
China,12-02-2015,8.4,-1.2,2.6,0,10.2,23.8,35407.84
China,13-02-2015,10.4,-2.7,2.5,0,10.5,18,35173.27
China,14-02-2015,8.2,-3.8,1.9,0,19,44.3,35671.47
China,15-02-2015,4.9,-4.4,-0.8,0,10.2,26.6,35852.13
China,16-02-2015,9.5,-4.6,2,0,16,39.2,36131.13
China,17-02-2015,9.7,-1.1,4,0,10.7,25.6,35849.52
China,18-02-2015,10.1,-2.7,3,0,16,31.7,35541.37
China,19-02-2015,10.7,-0.9,4.1,0.1,12,28.1,33649.18
China,20-02-2015,6.1,-3.3,0.5,0.6,12.3,26.6,33452.47
China,21-02-2015,3.3,-4.7,-0.9,0,14.2,29.9,36181.24
China,22-02-2015,8.5,-5.7,0,0,10.8,28.8,37025.91
China,23-02-2015,6.8,-4.4,0.6,0.8,14,42.1,37163.55
China,24-02-2015,2.2,-4.2,-0.5,2.3,13.9,38.9,30132.03
China,25-02-2015,1.9,-4.3,-2,0,9.3,23.8,36249.66
China,26-02-2015,4.8,-6,-0.8,0,10.3,26.6,33619.22
China,27-02-2015,-0.2,-4.1,-2.2,1.3,12.2,31.3,16664.67
China,28-02-2015,-0.2,-7.2,-4,0,11.4,19.4,29287.12
China,01-03-2015,3.3,-6.5,-2.4,0,10.9,20.2,35793.98
China,02-03-2015,3.6,-5.9,-2.1,0,23.5,52.9,38005.83
China,03-03-2015,1.1,-8.7,-4.4,0,12,30.6,38063.01
China,04-03-2015,0.2,-6,-3.6,2.7,12.2,27.7,10353.31
China,05-03-2015,3.4,-8.1,-2.8,0,10.9,21.2,38176.18
China,06-03-2015,7,-5.6,0,0,11.2,22.7,38232.18
China,07-03-2015,8.2,-3.6,1.9,0,13.8,33.5,33390.93
China,08-03-2015,9.6,-3.8,3.4,0,10.1,28.4,38343.05
China,09-03-2015,5.4,-2.4,1.1,0,13.6,31.7,36000
China,10-03-2015,5.6,-3.4,0.4,0,15.1,35.3,25449.43
China,11-03-2015,11.5,-2.6,3.8,0.2,14.3,37.1,35648.1
China,12-03-2015,15.3,1.2,7.4,0,13.5,27,38637.98
China,13-03-2015,11.6,0.6,7.1,0,16,34.2,36406.79
China,14-03-2015,11.5,-1.2,3.9,0,11.1,27.7,36656.7
China,15-03-2015,16.8,-0.7,7.1,0,11.9,25.6,39049.87
China,16-03-2015,11.5,1.3,6.8,0,15,33.8,30401.8
China,17-03-2015,11,2.6,5.8,3.2,8.3,23.4,21600
China,18-03-2015,10.8,-0.8,5,0.6,11.9,28.1,38691.74
China,19-03-2015,8.5,0.2,4.6,2.5,10.4,24.8,25145.73
China,20-03-2015,11,-0.8,4.8,0,11.6,27.7,38980.2
China,21-03-2015,15.4,-1.9,6.3,0,21,46.4,38870.38
China,22-03-2015,9.3,0.6,5,2.8,11.2,32.4,7349.58
China,23-03-2015,11.8,-2.7,4.4,4.6,10.1,26.6,37180.05
China,24-03-2015,11.3,-0.8,4.9,1.2,12.7,33.5,40723.41
China,25-03-2015,14.5,-1,6.9,0,11.3,30.6,41304.63
China,26-03-2015,16.7,4,9.3,0,14.9,31.3,39662.7
China,27-03-2015,17.6,3.1,10.2,0,20.4,42.8,41052.68
China,28-03-2015,15.7,2.2,9.5,0,9.8,25.9,28310.75
China,29-03-2015,23.2,-0.2,11.6,0,17.6,41.4,41849.85
China,30-03-2015,21.9,5.5,13.1,0,18.9,41.8,40806.14
China,31-03-2015,19.7,7.4,13.1,0,24,52.6,32549.15
China,01-04-2015,16.6,6.9,12,0.6,22.4,54,25253.57
China,02-04-2015,23.5,5.7,13.8,0,26.5,67,42362.12
China,03-04-2015,10.8,1,5.2,2.5,14.8,36.7,12339.5
China,04-04-2015,4.9,-2.1,1.7,1.9,18.7,40,10922.86
China,05-04-2015,13.4,-2.6,5.4,0.9,20.7,50,37863.91
China,06-04-2015,8.2,1.7,4.4,4.3,12.3,32.8,27764.29
China,07-04-2015,13.3,-1.9,5.9,0,9.5,29.2,42781.95
China,08-04-2015,12.2,0,5.7,0.3,12.9,27,38658.4
China,09-04-2015,12.4,3.1,6.9,1.7,9.2,23.4,41044.43
China,10-04-2015,14.4,2.4,7.6,7,13.7,37.1,31177.3
China,11-04-2015,14.2,3.2,8.1,0.1,19.1,45.4,39600
China,12-04-2015,12.4,0.5,5.6,0,22.5,51.5,43179.85
China,13-04-2015,18.6,3.2,9.8,0,13.3,34.2,43200
China,14-04-2015,17,3,10.3,0,12.7,32.8,40048.95
China,15-04-2015,22.6,3.2,13.1,0,16.3,39.6,43200
China,16-04-2015,22.2,4.2,14.1,0,12.4,32.4,43200
China,17-04-2015,21.5,6.9,14,0.1,20.5,45.7,32681.65
China,18-04-2015,12.3,3.9,7.2,3.3,19.2,54.7,8010.46
China,19-04-2015,15.7,2.6,9.3,0.5,10.6,30.6,41796.5
China,20-04-2015,15.3,3.7,8.6,4.4,20.4,46.1,38867.78
China,21-04-2015,15.1,0.4,8.3,0,8.3,26.3,42487.88
China,22-04-2015,18.7,5.6,11.8,0,14.5,38.5,40681.91
China,23-04-2015,18.6,7.1,13.4,0,14.9,38.9,34185.14
China,24-04-2015,20,9,14.4,0,8.9,22,42084.96
China,25-04-2015,20.7,7.4,14.1,0.8,10.2,34.6,43200
China,26-04-2015,22.8,6.5,15,0,20.1,47.9,43348.69
China,27-04-2015,25.1,9.7,17.5,0,11.8,28.1,43440.72
China,28-04-2015,26.2,9.7,18.4,0,17.6,43.2,43401.86
China,29-04-2015,24.8,9.3,17.3,0.2,21.2,47.2,36461.64
China,30-04-2015,16,7.3,11.6,3.9,21.9,51.5,24838.36
China,01-05-2015,20.4,5.2,13,0,12.1,29.2,43432.5
China,02-05-2015,21.7,6.6,14.6,0.1,20.9,52.2,34834.31
China,03-05-2015,19.2,7.9,13.7,0.8,17.7,40,32434.03
China,04-05-2015,20.8,7.9,14.6,0,9.8,40.7,42369.98
China,05-05-2015,16.2,7.1,11.2,3.6,11.3,29.5,3728.65
China,06-05-2015,21.3,3.5,12.6,0,20.4,55.8,43759.91
China,07-05-2015,17.2,8,12,0,16.6,38.9,41317.16
China,08-05-2015,22.7,3.6,14,0,16.2,41.8,43881.81
China,09-05-2015,26.2,4.8,16.4,0,14.8,38.5,44202.71
China,10-05-2015,14.2,5.1,8.9,0.9,23.3,56.2,12621.13
China,11-05-2015,16.4,2.1,9.3,0,17.2,43.9,45331.49
China,12-05-2015,26,4.8,15.4,0,11.8,24.5,45728.98
China,13-05-2015,26.8,8.4,18.4,0,20.8,47.9,45357.01
China,14-05-2015,24.8,12.1,18.3,0,18.6,38.9,28351.51
China,15-05-2015,24.7,12.2,18.5,0,14.1,35.6,38425.1
China,16-05-2015,22.3,11.5,16.6,0.1,8.7,24.5,22236.16
China,17-05-2015,26.7,9.7,18.8,0,14,44.6,43207.04
China,18-05-2015,28.5,11.5,20.6,0,10.5,36.7,46368.98
China,19-05-2015,25.3,13.9,18.4,1.3,20.5,49,42803.53
China,20-05-2015,19.8,6,13.6,17.1,19.2,58.7,18074.4
China,21-05-2015,18.2,4.5,11.6,0,11.3,28.8,28669.81
China,22-05-2015,21.5,10.8,16,0.4,13.2,33.5,44435.94
China,23-05-2015,24.1,12.3,17.9,0.6,15.3,36.7,46730.44
China,24-05-2015,24.4,10.1,17.9,0.3,17.4,40.7,39061.62
China,25-05-2015,20.3,12.5,16,0.2,17.6,41,42294.36
China,26-05-2015,25.8,10.1,18.3,0,15.7,40,44537.12
China,27-05-2015,24.7,12.4,19.1,0,18.8,43.6,31328.83
China,28-05-2015,16.5,11.2,13.2,3.6,14.8,34.2,8586.2
China,29-05-2015,22.3,8.2,15.8,0.1,14.7,32.8,45604.93
China,30-05-2015,25.8,10.4,18.5,0,18.2,45,46300.66
China,31-05-2015,22.9,12.6,17.1,6.2,13.2,38.2,40918.09
China,01-06-2015,21.9,11.8,16.9,0,14.3,36,33953.97
China,02-06-2015,19.9,14.4,16.4,2.5,15.5,35.3,5666.39
China,03-06-2015,19.9,11.9,15,1.6,15.9,37.4,35988.92
China,04-06-2015,22.8,8.4,15.3,0.6,15,38.5,46901.78
China,05-06-2015,26.4,9.9,18.9,0,11,34.2,48820.59
China,06-06-2015,24.7,12.8,19.2,0.2,12,36,45110.01
China,07-06-2015,21.2,12.7,17.7,0,19.6,54.4,43660.81
China,08-06-2015,26.6,11.5,19.2,0,8.4,25.9,45576.07
China,09-06-2015,26.2,12.9,20.1,2.4,17.1,37.8,46294.04
China,10-06-2015,20.9,11.6,16,0.3,21.6,49.3,34362.38
China,11-06-2015,25.2,10.7,18.1,0,12.4,28.4,48049.02
China,12-06-2015,25.8,14.7,20.5,0,15,35.3,39485.52
China,13-06-2015,25.6,15.7,20.9,0,14.9,37.8,43748.13
China,14-06-2015,26.9,11.9,20.2,0,19.8,45,43827.41
China,15-06-2015,28.2,11.7,21.1,0,16.6,40.3,44114.5
China,16-06-2015,26.7,15.4,21.1,0.6,14.9,35.6,38506.54
China,17-06-2015,27.3,18.2,22.9,0,12,30.6,28389.17
China,18-06-2015,27.1,15.9,22,0,11.8,32.8,43750.99
China,19-06-2015,21.9,15.4,18.3,7.3,14.8,34.9,17289.41
China,20-06-2015,21.4,11.9,16.4,8.2,11.3,34.6,38874.36
China,21-06-2015,27.4,10.7,19.5,0,11.8,34.6,49032.26
China,22-06-2015,20.6,14.8,17.1,6.1,9.9,31.7,6129.77
China,23-06-2015,20.3,14.8,17,4.2,11.5,27,24392.18
China,24-06-2015,20.1,14.2,17,0.6,8.1,22.7,7045.31
China,25-06-2015,27.4,13.1,20.3,0,10.2,31.3,49171.76
China,26-06-2015,26.6,16.3,21.3,0,16.3,36.7,48445.12
China,27-06-2015,24.8,17.6,20.2,0.5,20.8,49.3,34689.11
China,28-06-2015,24.7,17.5,20.7,1.6,19.9,42.8,28895.32
China,29-06-2015,23.1,17.8,20.4,0.6,6.8,19.8,7553.04
China,30-06-2015,25.4,17.8,21,0.7,15.3,34.9,25179.37
China,01-07-2015,27.4,15.9,22.2,0,8.8,23.4,41482.17
China,02-07-2015,21.7,16.9,19.5,2.9,6.6,29.9,2438.06
China,03-07-2015,20.8,14.7,17.3,0.9,13.6,34.9,16774.36
China,04-07-2015,21.7,12.7,17.1,0.9,8.9,23.4,13328.27
China,05-07-2015,24.8,13.6,19.3,0.3,8.2,26.3,48393.27
China,06-07-2015,28.8,12.7,21.3,0,12.7,36,48900.36
China,07-07-2015,28.5,13.6,22.1,0,18.8,44.3,46114.22
China,08-07-2015,23.1,13.6,17.9,24.3,15.5,48.6,19954.97
China,09-07-2015,23.2,12.5,17.5,5.6,8.8,26.6,46480.51
China,10-07-2015,26.8,10.8,19.2,0,15.9,38.2,48720.81
China,11-07-2015,26.3,14.5,19.7,0,23.4,54,48669.91
China,12-07-2015,22.2,15.3,18.2,0.4,17.7,41.4,14027.7
China,13-07-2015,27.5,14.3,21.1,0.2,17.6,41.8,48212.21
China,14-07-2015,21.9,13.7,18.1,0.8,12.9,33.8,29454.04
China,15-07-2015,25.7,10.5,18.5,0.2,11.8,25.6,47386.55
China,16-07-2015,23.3,12.1,17.9,0.2,13.9,30.6,42305.61
China,17-07-2015,26,10,18.1,0,16.3,45,44955.59
China,18-07-2015,26.6,14,20.2,0,10,27,47499.42
China,19-07-2015,27.9,13.7,21,0,9.2,23,48186.05
China,20-07-2015,28.5,15.4,21.8,0.2,9.7,34.9,45965.3
China,21-07-2015,27.1,15.9,21.1,6.9,10,28.1,40878.44
China,22-07-2015,24.3,14.8,19.2,3.2,15.2,36,44610.18
China,23-07-2015,24.5,13.1,19.1,0,12.7,31,46449.34
China,24-07-2015,29.3,12.8,22.1,0,13.3,32.4,47615.48
China,25-07-2015,31.7,15,24.2,0,10.1,28.4,46317.19
China,26-07-2015,32.6,16.8,25.4,0,12.5,40.3,47268.59
China,27-07-2015,33.4,16.3,25.6,0.2,19.6,43.6,47212.06
China,28-07-2015,33.9,16.1,25.7,0,14.2,37.4,46928.09
China,29-07-2015,33.6,16.9,25.9,0.3,15.5,39.2,44360.8
China,30-07-2015,33.9,17.4,26.4,0,17.8,40.7,46595.41
China,31-07-2015,34.2,18.4,26.9,0,17.2,41.8,46113.12
China,01-08-2015,33.4,19.6,26.5,0.1,14.9,39.2,41676.6
China,02-08-2015,30.5,20.8,24.3,7.2,12.2,33.8,41467.88
China,03-08-2015,20.9,17,18.6,15.4,12.2,34.2,438.53
China,04-08-2015,25.4,14,19.2,6.9,9.4,26.6,39382.59
China,05-08-2015,28.3,14.2,21.7,0.8,7.2,22.7,43336.81
China,06-08-2015,28,17,23.1,0,17.1,42.8,45883.02
China,07-08-2015,26.1,16.7,21,0.8,19.1,45,41029.58
China,08-08-2015,21.1,15.6,17.9,4.9,12.7,34.9,34081.21
China,09-08-2015,24.9,14.5,19.1,4.2,16.6,38.9,41633.11
China,10-08-2015,25.8,13.6,19.7,4.6,7.7,30.2,44264
China,11-08-2015,26.7,13.9,20.3,0.3,8,23,44592.81
China,12-08-2015,28.2,14.9,21.8,0.3,15.2,36.7,44333.65
China,13-08-2015,19.9,13.6,16.8,1.1,15.8,35.6,5691.34
China,14-08-2015,25.9,10.2,18,0,10.3,23,44973.4
China,15-08-2015,28.6,12.4,20.7,0,12.2,33.5,44356.45
China,16-08-2015,25.1,13.8,18.5,0.2,28.4,67,42418.61
China,17-08-2015,25.3,12.6,18.9,0.2,10.4,27.4,40368.49
China,18-08-2015,21.6,14,18.4,0.1,15.8,38.9,33871.25
China,19-08-2015,25.6,12.6,19.6,0,9.7,27,36000
China,20-08-2015,26.6,17.1,21.5,0,13.2,31.7,43534.53
China,21-08-2015,26.4,16.1,21,0.1,10,28.8,43630.36
China,22-08-2015,27.5,14.7,21,1,8.9,24.8,39889.3
China,23-08-2015,25.3,14.5,19.3,0.6,10.2,27.4,43528.58
China,24-08-2015,27.2,12.6,20.2,0,10.6,28.8,43355.27
China,25-08-2015,27.6,13,20.1,0.2,13.8,37.4,40649.04
China,26-08-2015,26.8,12.3,19.8,0,16.7,37.1,43200
China,27-08-2015,26.8,15.2,20.5,0,13.9,35.6,43200
China,28-08-2015,27.7,14.4,21.3,0,11.4,28.8,43200
China,29-08-2015,29.2,14.6,22.1,0,10.4,28.8,41716.6
China,30-08-2015,29.5,14.9,22.9,0,13,33.5,43200
China,31-08-2015,28,17.8,22.6,0,14.4,36.4,43200
China,01-09-2015,26.3,15.6,20.9,0,19.2,46.1,43200
China,02-09-2015,20.5,15.2,17.6,1,22.3,51.8,10770.47
China,03-09-2015,23.6,14.2,17.2,1.8,15.8,40,19292.27
China,04-09-2015,26.6,13.5,19.9,0,15.3,37.4,43092.75
China,05-09-2015,27.2,16.5,21.4,0,14.7,36.4,43048.59
China,06-09-2015,29.3,17,22.5,0,14.3,41,42994.17
China,07-09-2015,26.3,14.8,18.7,6.4,18.7,42.1,25502.69
China,08-09-2015,14.7,11.8,12.7,8.7,11.8,26.3,0
China,09-09-2015,13.6,11.2,12.3,7.8,6.3,15.5,0
China,10-09-2015,13.3,11.3,12.2,4.5,11.3,28.8,1082.85
China,11-09-2015,16,8.9,12.5,0,14.4,32.8,16014.39
China,12-09-2015,20.8,7.9,14.1,1.7,8.3,27.4,42206.16
China,13-09-2015,21,9.3,14.9,1.7,9.7,25.9,42074.1
China,14-09-2015,24.5,8.6,16.4,0,14.8,35.3,41942.05
China,15-09-2015,23.4,11.3,16.2,0.6,20,46.8,41810.09
China,16-09-2015,13.9,10.5,12,9.7,14.5,33.5,0
China,17-09-2015,19.2,9.1,14.2,0,11.8,27.7,26544.85
China,18-09-2015,19.3,12,15.5,1,12,29.9,27674.32
China,19-09-2015,20.7,10.7,15,5.7,10.4,26.3,39150.74
China,20-09-2015,21.7,8.6,14.6,0,15.5,40,40536.01
China,21-09-2015,23.4,10.7,15.4,3.5,20.4,52.2,35116.14
China,22-09-2015,19.7,8.7,13.4,5,11,29.5,40857.57
China,23-09-2015,13.9,8.3,11.4,8.7,9.6,29.2,3679.8
China,24-09-2015,18.2,6.7,12.3,0.1,14.7,29.2,32982.21
China,25-09-2015,20.2,7.5,14,0,8.9,24.5,36827.72
China,26-09-2015,21.9,8.4,15.2,0,9.9,32,39638.15
China,27-09-2015,15.5,8.1,12.2,9,17.3,39.2,17575.62
China,28-09-2015,13.2,7.5,9.7,3.2,16.3,36,4255.27
China,29-09-2015,17.5,11,13.8,4.8,8.6,20.5,12018.87
China,30-09-2015,13.1,1,8.1,7.4,19,46.4,2137.13
China,01-10-2015,18.2,-2.4,8,0,10.1,24.1,39300.43
China,02-10-2015,17.6,6.9,11.7,0.4,15,33.1,34554.54
China,03-10-2015,19.3,9.5,13.2,0,14.1,35.3,36891.7
China,04-10-2015,20.3,7.3,13.2,0,11,24.5,37861.17
China,05-10-2015,20,8.2,13.5,0.1,18.2,42.1,38209.62
China,06-10-2015,19.8,10.1,14.8,0.2,15.1,32.8,26878.68
China,07-10-2015,18.9,9.7,13.5,0.2,19.7,43.9,37952.94
China,08-10-2015,13.8,4.8,8.6,0.6,10.8,27.4,33812.73
China,09-10-2015,16.8,5,10.6,0,14.1,32,37496.87
China,10-10-2015,16.2,7.1,11,0,13.6,31.7,37829.86
China,11-10-2015,17.1,7.4,11.3,0,13.4,31.3,37621.12
China,12-10-2015,18,3.7,10.5,0.9,9.6,27,37370.34
China,13-10-2015,18.6,5.7,11.8,0.2,13.3,36.7,36325.77
China,14-10-2015,19.1,6.8,12.5,0,9.9,23.8,37115.47
China,15-10-2015,23.1,7.3,14.1,0,13.7,33.1,37102.86
China,16-10-2015,17.8,8.3,12.9,0,15.3,36.4,36444.55
China,17-10-2015,13.5,6.7,9.9,1.9,14.5,32,0
China,18-10-2015,21,3.3,11.8,0,10.8,28.1,36707.89
China,19-10-2015,22.7,5.7,13.4,0,11.7,25.6,36517.94
China,20-10-2015,22.4,7.8,13.6,0,12.9,33.1,36429.93
China,21-10-2015,10.8,5.1,7.7,1.4,12.5,29.5,15738.25
China,22-10-2015,12,1.6,5.9,8.3,8.7,16.6,28442.77
China,23-10-2015,15.1,1.9,8.3,0,12.1,29.5,31403.16
China,24-10-2015,14.3,9.1,10.7,0.3,14.5,31.3,16272.83
China,25-10-2015,11.3,2.9,8.7,0.6,19.1,41.8,32481.42
China,26-10-2015,7.5,-0.2,2.5,3.8,11.4,42.5,33535.41
China,27-10-2015,10.9,-0.7,4.9,0,8.8,21.2,34617.78
China,28-10-2015,11.5,3.2,6.5,0,10.4,24.1,35233.2
China,29-10-2015,9.8,3,5.9,0.4,12.3,29.2,35141.08
China,30-10-2015,7.4,-2.4,2.4,1.2,19,42.5,18045.23
China,31-10-2015,7.7,-3.7,1.6,0.5,14,35.3,35006.7
China,01-11-2015,13.5,-2.2,4.5,0,11.2,18.7,34940.78
China,02-11-2015,13.9,-0.7,5.1,0,13.1,28.4,34875.82
China,03-11-2015,10.8,1.1,5.8,0,11.3,27.7,34811.89
China,04-11-2015,7.3,2.6,4.6,2,10,25.9,19930.54
China,05-11-2015,7,3.9,5.1,2.7,8.9,24.1,2922.6
China,06-11-2015,4.2,0.5,2,0.3,11.2,24.8,24143.92
China,07-11-2015,4.3,-1.4,1.1,3.2,6.9,19.8,19941.13
China,08-11-2015,10.4,-3.2,3,0,8.5,16.6,34510.64
China,09-11-2015,9.7,0.2,4.4,0.1,7.9,20.9,25161.83
China,10-11-2015,9.5,1.8,5.1,0,8.1,16.6,15401.8
China,11-11-2015,8,1,4,2.7,7.6,18.7,1254.07
China,12-11-2015,12,1.6,5.8,0,8.3,22,28214.61
China,13-11-2015,16.3,0,6.5,0,12.7,25.2,34019.96
China,14-11-2015,8.6,1.4,4.2,0,11.8,25.2,32541.49
China,15-11-2015,12,0.2,5.2,0,13.1,34.2,33801.68
China,16-11-2015,11,-0.7,4.7,0,11.3,22.7,32225.04
China,17-11-2015,10.5,2,5.2,1.9,10.7,28.8,27416.93
China,18-11-2015,11.3,0,4.1,0,10.9,23.8,33490.27
China,19-11-2015,7,-1.9,2.1,0,11,20.5,33105.91
China,20-11-2015,13,-0.3,4.7,0,11.4,19.8,33144.33
China,21-11-2015,8.1,1.2,4,0,9.6,17.3,20540.24
China,22-11-2015,8.8,1.3,4.1,0,13.8,29.2,27531.38
China,23-11-2015,3.1,-1.4,1.5,1.8,8.7,20.9,0
China,24-11-2015,0.1,-5.3,-2.6,0,9,22.3,26134.07
China,25-11-2015,1.9,-6.4,-2.9,0,9.4,24.1,32441.78
China,26-11-2015,7.8,-4.7,1.2,0,7.8,15.1,32479.27
China,27-11-2015,7.1,-1.6,1.8,0,10.1,17.6,32303.15
China,28-11-2015,8.5,-1.6,2.8,0,9.2,16.6,29811.42
China,29-11-2015,9.3,-1.6,4,0,10.5,16.2,32168.84
China,30-11-2015,9.1,-1.6,3.2,0,11.8,19.8,32103.75
China,01-12-2015,2.4,-4.7,-0.9,0,15.1,31.3,31937.82
China,02-12-2015,2.6,-6.7,-3,0,9.2,20.9,31876.81
China,03-12-2015,3.4,-4.9,-1.7,0,7.9,16.6,31817.66
China,04-12-2015,4.8,-4.1,-0.2,0,8.6,14.8,30875.67
China,05-12-2015,5.9,-2.5,0.4,0,10.8,16.9,31705.58
China,06-12-2015,9.7,-3.7,2.3,0,12,17.3,31251.94
China,07-12-2015,8.6,-2.8,2.6,0,12.8,20.9,31602.21
China,08-12-2015,3.5,-4.1,-0.8,0,10,16.2,31552.75
China,09-12-2015,3.2,-4.4,-1.3,0,8.7,20.2,24915.24
China,10-12-2015,6.9,-4.2,0,0,10.7,21.6,30570.58
China,11-12-2015,6.2,-1.4,1.3,0,11.4,23,30357.05
China,12-12-2015,0.2,-5.6,-2.3,7.4,10.6,25.2,0
China,13-12-2015,-4.1,-9.7,-6.8,0.7,9,16.9,27691.3
China,14-12-2015,-2.7,-8.7,-6.4,0,7.4,16.9,29704.91
China,15-12-2015,-4.3,-10.1,-7.2,0,8.1,15.5,31156.66
China,16-12-2015,-3.5,-12.1,-8.6,0,11.1,22,31231
China,17-12-2015,-5.7,-12,-9.1,0,11.8,22,30675.93
China,18-12-2015,-4.5,-11.5,-8.4,0,10.2,16.9,25945.13
China,19-12-2015,-2.3,-9.4,-6.6,0,10.5,17.3,27576.14
China,20-12-2015,-2,-10.4,-7.2,0,12.5,21.6,31248.45
China,21-12-2015,-0.9,-9.1,-6,0,10.2,18,30948.86
China,22-12-2015,-1.7,-10.6,-6.9,0,9.5,17.3,31278.91
China,23-12-2015,-2.6,-9,-6.9,0,9.2,22.7,30116.26
China,24-12-2015,-1.3,-9.5,-6,0,9.4,19.4,28050.93
China,25-12-2015,2.9,-9.6,-4.6,0,8.6,19.1,31143.15
China,26-12-2015,2.1,-8,-3.5,0,10.9,19.4,31364.09
China,27-12-2015,-0.1,-9.1,-5,0,11.1,22.3,31295.85
China,28-12-2015,0.9,-9.2,-5,0,7.6,14.4,31327.27
China,29-12-2015,3.1,-8.9,-3.6,0,8.9,13.7,31267.83
China,30-12-2015,4.5,-6.6,-2.1,0,12.1,21.6,31305.56
China,31-12-2015,2.5,-7.5,-3,0,11.9,21.6,29537.68
China,01-01-2016,8.6,-7,-0.3,0,7.9,18,31388.38
China,02-01-2016,5.5,-1.7,1.5,0,7.3,15.5,31433.3
China,03-01-2016,4.2,-4.1,-0.2,0,7.8,12.6,29436.1
China,04-01-2016,2.6,-5.4,-1.5,0,10.2,18.7,31529.69
China,05-01-2016,-0.3,-8,-4.8,0,8.7,15.5,31312.91
China,06-01-2016,0.9,-7,-3.7,0,10.3,25.9,31455.73
China,07-01-2016,3.7,-7.5,-2,0.1,8.7,15.5,31599.94
China,08-01-2016,2.8,-6.2,-2.4,0,10.5,17.3,31745.79
China,09-01-2016,1.9,-7.2,-3.5,0,9.7,19.1,31624.97
China,10-01-2016,-1.8,-5.9,-4.2,0.6,9.2,23,15833.61
China,11-01-2016,-0.6,-9.1,-5.2,0,9.2,19.4,31834.18
China,12-01-2016,-3.5,-9.9,-7.2,0.2,9.2,17.6,31440.84
China,13-01-2016,-2.3,-10.3,-7,0,10.7,23,32141.31
China,14-01-2016,-0.5,-10.6,-6,0,9.6,19.8,32298.61
China,15-01-2016,1.1,-8.1,-4.3,0,10.1,16.6,32365.23
China,16-01-2016,0.9,-8.9,-4.3,0,12.3,28.4,32149.77
China,17-01-2016,-1.1,-10.7,-7.1,0,9.6,18.7,32504.04
China,18-01-2016,-1.8,-11.3,-7.2,0,9.3,17.3,32576.05
China,19-01-2016,-0.8,-9.6,-6.7,0,19.5,41.8,30816.38
China,20-01-2016,-3.4,-9.3,-6.6,0,10,20.9,23455.14
China,21-01-2016,-2.6,-12.5,-7.7,0,19.9,42.5,32901.61
China,22-01-2016,-11.8,-16.5,-13.9,0,14.5,33.5,26547.54
China,23-01-2016,-11.2,-17.8,-15,0,15.8,36,33302.29
China,24-01-2016,-8.1,-18.5,-14,0,7.7,16.6,33405.28
China,25-01-2016,-4.9,-15.6,-10.9,0,8.8,20.9,33510.34
China,26-01-2016,-2.6,-14.3,-9,0,9.4,15.1,33617.32
China,27-01-2016,-2.2,-12.9,-8.2,0,10,21.2,33490.02
China,28-01-2016,1,-11.8,-6.2,0,11.7,18,33457.14
China,29-01-2016,-0.1,-8.3,-5.4,0,11.5,22,25875.81
China,30-01-2016,-5.8,-12,-8.5,0,13.8,33.5,28536.51
China,31-01-2016,-4.7,-14.2,-10.3,0,10.7,25.6,33842.42
China,01-02-2016,-0.7,-12.5,-7.7,0,8.4,20.2,32769.7
China,02-02-2016,0.8,-10.9,-5.9,0,9.4,16.9,34182.74
China,03-02-2016,-1.9,-8.9,-5.4,0,12.4,29.2,22988.16
China,04-02-2016,-0.7,-11.2,-6,0,15.8,33.8,34285.7
China,05-02-2016,-1.3,-9.7,-6.2,0,9.7,24.1,33596.47
China,06-02-2016,2.7,-9.7,-4.2,0,8.9,26.6,34183.21
China,07-02-2016,8.4,-7.8,-0.3,0,10.2,24.5,34650.57
China,08-02-2016,8.4,-2,2.5,0,9.3,18.4,34722.6
China,09-02-2016,9.3,-1.3,2.7,0,10.5,16.9,33458.63
China,10-02-2016,9.6,-2.5,3.3,0,8.6,19.1,34933.41
China,11-02-2016,8.8,-1.5,3.1,2.5,17.7,39.6,28980.02
China,12-02-2016,-3.5,-11.9,-8.7,2.4,15.8,40.3,21406.15
China,13-02-2016,-7.7,-14.8,-11.3,0.4,11.3,27,34999.27
China,14-02-2016,-4.2,-12.1,-8.8,0,10.2,23.4,33154.23
China,15-02-2016,-1.9,-12,-7.2,0,8.2,19.1,34969.7
China,16-02-2016,1.6,-9.4,-4.3,0,10.4,17.3,34295.5
China,17-02-2016,2,-7.5,-3.5,0,12.3,28.1,36118.88
China,18-02-2016,1,-7.2,-3.7,0,18.2,40,36312.73
China,19-02-2016,-1.1,-9.1,-5.6,0,11.7,29.9,35397.91
China,20-02-2016,4.8,-9.7,-3.7,0,11.1,23.4,36722.8
China,21-02-2016,1.9,-5.7,-2.5,0,12.8,24.8,24184.92
China,22-02-2016,2.4,-6.4,-2.6,0,13.7,31,36693.46
China,23-02-2016,3.2,-7.2,-2.3,0,11.1,22,37122.53
China,24-02-2016,5.1,-4.7,-0.5,0.1,8.7,24.8,37262.69
China,25-02-2016,5.6,-4.1,0.6,0.3,12.8,35.6,37397.76
China,26-02-2016,9.3,-5,2.4,0,16.5,40,37533.92
China,27-02-2016,11.1,0.4,5.3,0,14.3,36.7,37671.01
China,28-02-2016,9.5,-1.7,3.5,0,12,29.2,37808.93
China,29-02-2016,12.8,-1.2,5.6,0,12.5,19.8,37933.73
China,01-03-2016,10.8,1.5,6,0,12.8,29.9,36673.6
China,02-03-2016,13.1,-1.4,6,0,16.3,40,38048.95
China,03-03-2016,14.6,-0.1,7,0,12.3,20.9,38105.98
China,04-03-2016,5.9,-5.3,-1,0,18.5,41.4,38162.64
China,05-03-2016,5.3,-6.9,-1.3,0,11.5,25.9,38218.91
China,06-03-2016,10.5,-2.5,3.1,0,13.6,30.6,38274.81
China,07-03-2016,12.2,0.1,5.1,0,11.8,25.9,38330.33
China,08-03-2016,12,-1.3,4.6,0,20.8,47.5,38385.48
China,09-03-2016,-1.9,-7.6,-4.2,0.7,18.7,41.4,30957.27
China,10-03-2016,3.1,-9.2,-3.6,1.2,10.9,25.9,36707.86
China,11-03-2016,10.2,-5.4,1.5,0,12.6,31,38784.01
China,12-03-2016,6.6,-4,1,0,15.8,38.9,35189.07
China,13-03-2016,8.7,-2.4,2.3,0.1,11.6,34.2,38806.33
China,14-03-2016,11.8,-1.1,4.3,0,21.3,46.4,37239.59
China,15-03-2016,12.8,-0.2,5.6,0,17.7,44.3,37955.19
China,16-03-2016,10.1,1,5.4,0.2,11.8,31.7,35244.58
China,17-03-2016,15.3,0.8,6.9,0.7,15.1,36.7,35443.09
China,18-03-2016,19.9,0.5,9.7,0,16.6,41,40218.29
China,19-03-2016,18.1,1.7,9.7,0,16.6,41.4,39622.48
China,20-03-2016,14.3,5.1,8.8,2.9,19.6,45.4,32478.29
China,21-03-2016,11.3,5.5,8.1,4.1,14.8,38.2,16011.07
China,22-03-2016,8.4,4,5.9,4.7,17,42.1,9873.34
China,23-03-2016,8,2.3,4.6,2.3,16.1,38.5,26736.72
China,24-03-2016,8.4,-0.1,3.9,1.2,11,32,29552.77
China,25-03-2016,9.6,-0.8,3.6,0.7,16.3,37.8,41412.25
China,26-03-2016,9.7,-1.3,3.2,0,11.5,30.2,41549.46
China,27-03-2016,15.4,-3,6.1,0,15.5,38.9,41686.26
China,28-03-2016,14.5,4.8,9.1,0,13.5,36.7,38401.45
China,29-03-2016,14.2,6,9.5,0,11.9,29.5,24555.85
China,30-03-2016,19,2.2,10.8,0,14,36.7,42093.3
China,31-03-2016,21.9,4.5,13.4,0,16.3,39.6,42227.58
China,01-04-2016,20.2,6.2,12.8,0,15.9,36,42343.58
China,02-04-2016,15.7,4.3,10.1,0.3,19.8,42.8,40719.03
China,03-04-2016,18.7,1.8,9.8,0,14,34.9,42488.83
China,04-04-2016,15.8,7.9,10.8,0,16.1,34.6,28359.16
China,05-04-2016,13.1,6.8,8.9,1.1,11.5,28.8,6042.74
China,06-04-2016,16.5,4.5,10.5,0.1,19.7,46.1,36310.42
China,07-04-2016,19,4.9,12.3,0,17.4,41.4,42835.38
China,08-04-2016,10.2,3.7,7.6,4.7,14.3,34.9,645
China,09-04-2016,18.4,0.4,9.5,0,9.6,24.1,42997.73
China,10-04-2016,16.9,6.5,11.7,0,9.8,25.9,22536.54
China,11-04-2016,19.4,5.4,12.5,0,17.6,43.6,41697.8
China,12-04-2016,15.7,4.8,10.1,0,15.3,34.2,43200
China,13-04-2016,17.1,4.3,10.6,0.4,14.5,35.6,40290.06
China,14-04-2016,20.9,4.3,12.6,0,18.1,43.6,43200
China,15-04-2016,12.2,4.9,8.9,4.9,22.7,56.2,19590.37
China,16-04-2016,14.1,1.6,8.3,4.7,28.5,73.4,41492.75
China,17-04-2016,14.2,-1.7,6.8,0.4,19.2,46.4,43200
China,18-04-2016,21.1,0.2,10.7,0,13.5,31,43200
China,19-04-2016,18.2,4.4,11.8,0,21.1,47.2,27174.5
China,20-04-2016,19.6,7.2,13.5,0,10.4,27.7,40503.83
China,21-04-2016,20,9.9,14.7,0,15.5,39.6,43200
China,22-04-2016,15.8,10.1,13.1,1.1,10,27.7,2647.02
China,23-04-2016,15.9,5.1,10.6,1.8,8.7,22,40593.73
China,24-04-2016,19.9,4.4,12.6,0.1,16.3,37.8,43262.82
China,25-04-2016,18,6.6,12.6,0.1,18.7,44.3,31877.76
China,26-04-2016,12.8,6.3,9.7,0.1,11.6,27.7,16733.14
China,27-04-2016,20.2,5.3,12.7,0,9.9,26.3,43245.23
China,28-04-2016,23.1,7.5,15.6,0,10.7,25.6,43293.8
China,29-04-2016,24.8,7.8,16.8,0,16.8,35.6,43246.94
China,30-04-2016,21.2,8.9,15.3,0.4,12.3,31,28723.7
China,01-05-2016,18.1,5.6,12.3,0.7,26.2,58,43435.18
China,02-05-2016,15.1,2.6,8.5,0.5,10.4,34.2,42475.45
China,03-05-2016,24.4,4.6,14.8,0,13.5,34.2,43535.88
China,04-05-2016,27.7,8.3,18.8,0,18.6,46.4,43751.72
China,05-05-2016,24.7,11,18.5,0.4,18.5,43.2,43859.7
China,06-05-2016,15.1,6.5,10.8,0,16.1,36,17577.47
China,07-05-2016,22,3.8,13.2,0,12.6,32.8,43846.62
China,08-05-2016,21.7,7.1,15.8,0,16.4,38.5,25949.35
China,09-05-2016,22.5,7.8,15.8,0.1,14.4,37.4,43953.88
China,10-05-2016,29.2,7.7,19.2,0,15.5,40,45077.57
China,11-05-2016,31.5,10.5,20.1,0,27.4,60.8,44108.04
China,12-05-2016,12.3,4.7,8.5,0,16.9,50.8,35268.63
China,13-05-2016,18.6,7.1,12.3,0.6,23.4,52.6,29590.5
China,14-05-2016,15,3.7,9.2,4.8,21,49.3,23360.48
China,15-05-2016,20.7,4.4,12.3,0,11.7,37.8,46594.79
China,16-05-2016,24.8,5.4,16,0,15.5,42.5,42426.49
China,17-05-2016,21.4,9,14.6,0.1,15.8,38.5,35401.16
China,18-05-2016,26.8,8.2,17.6,0,13,38.2,45824.63
China,19-05-2016,27.3,12.1,19.5,0.3,14.2,37.4,42723.21
China,20-05-2016,22.8,9.3,16,0.2,26.8,63.7,37478.77
China,21-05-2016,8.7,6.8,7.8,9.8,12.8,25.2,0
China,22-05-2016,7.6,2.6,5.8,14.2,12.7,27.4,0
China,23-05-2016,17.2,1.9,9.6,0.2,12,30.2,47210.09
China,24-05-2016,21.3,6.2,13.7,0.6,25,54.4,45300.23
China,25-05-2016,11.7,4.3,8.6,11.8,12.1,29.2,21240.83
China,26-05-2016,16,6.6,10.9,0,16.5,39.6,27444.57
China,27-05-2016,19.4,7.3,13.2,1,10.5,30.2,44487.36
China,28-05-2016,23.4,9.5,16.4,0,17.1,41,45861.32
China,29-05-2016,25.8,9.3,18.2,0,17.1,41.8,48148.06
China,30-05-2016,24.4,12.8,18.1,0.8,15.6,42.1,46510.28
China,31-05-2016,26.3,12.7,19.3,1.4,13.8,33.5,40462.96
China,01-06-2016,19.6,13.7,16.6,7.3,10.2,27.4,20491.57
China,02-06-2016,22.5,11.8,17.1,0,10.5,29.2,45584.09
China,03-06-2016,25,11.6,19,0,14.4,37.4,47323.55
China,04-06-2016,25.6,12.7,19.3,0.1,16.5,42.1,44660.25
China,05-06-2016,28.2,13,21.1,0,13.2,33.8,48850.39
China,06-06-2016,24.1,15.3,19.6,0.4,19.5,34.2,26513.77
China,07-06-2016,26.3,11.1,19.5,0,11.8,30.6,48021.67
China,08-06-2016,25.4,13.7,20.7,0.7,9.4,24.8,41316.77
China,09-06-2016,24.7,14.6,19.6,0.6,11.7,30.2,24496.21
China,10-06-2016,28.2,11.4,20.7,0.4,8.6,25.9,46722.61
China,11-06-2016,25.6,12.9,19.5,0.8,14.8,34.2,44292.62
China,12-06-2016,28.4,12.1,20.6,0,18.5,41.8,47411.79
China,13-06-2016,29.7,15.6,23.5,0,16.9,36.7,47717.58
China,14-06-2016,23.9,14.1,19.5,0,24.9,57.6,47715.22
China,15-06-2016,22.7,13.7,17.8,0,14.3,35.6,42627.43
China,16-06-2016,31.3,9.4,21.1,0,10.9,27.7,49157.93
China,17-06-2016,31.9,13.5,23.9,0,20.2,47.5,41917.71
China,18-06-2016,30.2,16,23.9,0,11,34.2,48530.99
China,19-06-2016,30.2,18.2,24.2,0,9.4,28.1,49185.68
China,20-06-2016,24.7,15.4,20,0.5,19.1,45,29620.31
China,21-06-2016,27.8,14.5,21.4,0.5,10.1,29.5,48000.2
China,22-06-2016,29.6,15.1,22.4,2,13.2,28.1,33006.7
China,23-06-2016,22.6,15.2,18.8,4.2,10.9,35.3,22186.23
China,24-06-2016,24.7,14.8,18.8,0,9,34.2,36595.98
China,25-06-2016,25.9,12.1,19.4,0,17.7,44.6,35222.87
China,26-06-2016,22.7,15.5,17.8,3,10,26.6,21338.77
China,27-06-2016,26.3,14,19.9,0.7,10.7,24.8,48291.02
China,28-06-2016,28.5,13.7,21.6,0.3,9.3,24.1,49116.5
China,29-06-2016,30.7,16.1,23.2,0.7,12.8,32.4,36320.61
China,30-06-2016,30.7,17.8,24.3,0,9.8,26.6,47444.83
China,01-07-2016,28,15.4,22.7,0,13.8,31.7,48317.63
China,02-07-2016,32,14.7,24.2,0,11.8,36.7,49012.69
China,03-07-2016,32.5,16.4,24.9,0,21.4,51.5,48980.12
China,04-07-2016,32.2,16.7,24.6,0,22.2,49.3,48945
China,05-07-2016,28.5,16.7,22.2,0,26.8,63,47654.64
China,06-07-2016,29.9,16.1,22.1,0,24,56.9,48798.93
China,07-07-2016,31.3,17.8,22.9,0.3,20.4,49,43614.17
China,08-07-2016,31,18.8,23.8,1.4,16.9,40.7,46616.62
China,09-07-2016,27.5,19,22.4,18.3,15.8,37.4,37394.54
China,10-07-2016,25.2,18.5,20.9,18.1,17.7,41.8,21852.74
China,11-07-2016,18.1,15.6,17,6.5,10.4,29.2,0
China,12-07-2016,25.9,13.6,20,0,8.7,24.5,47887.61
China,13-07-2016,19.6,14.8,18,3,13.2,28.8,10671.47
China,14-07-2016,25.6,12,19.4,0,16.7,29.2,48021.28
China,15-07-2016,29,14.4,21.9,0,12.1,35.3,47990.81
China,16-07-2016,27.3,15.8,22,0,9.4,25.9,48339.45
China,17-07-2016,26.2,17.1,21.8,2.3,17.3,38.5,15187.02
China,18-07-2016,23,16.6,19,7.5,13.8,33.1,25283.65
China,19-07-2016,26.8,13.4,20.5,0,13,33.8,48078.49
China,20-07-2016,30,16,22.5,0,11.3,29.9,47903.12
China,21-07-2016,26.2,16.4,21.6,0.4,21.1,47.5,39145.61
China,22-07-2016,23,15.7,18.4,8.5,16.1,37.8,28817.72
China,23-07-2016,27.6,11.7,20.2,2.8,15.5,38.5,40971.76
China,24-07-2016,21.9,16.8,19,18.3,18.4,40.3,30408.6
China,25-07-2016,23.6,13.9,17.7,1.1,11.9,22.3,21729.15
China,26-07-2016,27.7,15,21.1,0,8.3,21.6,43772.43
China,27-07-2016,29.8,16.7,23.3,0.4,10.4,19.1,46076.12
China,28-07-2016,31,16.9,24.6,0,7.6,24.8,46884.42
China,29-07-2016,32.2,15.8,24.3,0,12.7,34.2,46191.08
China,30-07-2016,31.8,16.9,24.1,0,17.1,38.9,46553.84
China,31-07-2016,30.6,17.2,23.7,0,16.4,35.3,45729.12
China,01-08-2016,29.9,17.9,23.6,0,18.3,39.2,45201.37
China,02-08-2016,28.9,18.5,23.2,0.1,19.4,46.1,44391.15
China,03-08-2016,29.7,18,23.4,0.4,19.6,48.6,44336.41
China,04-08-2016,29.9,17.6,23.6,0,17.6,45,44144.78
China,05-08-2016,32.1,16.6,24.8,0,15.6,37.4,44945
China,06-08-2016,31.7,19.5,25.5,0,20.1,46.8,44935.75
China,07-08-2016,32.2,20.5,26,0,16.3,41,45507.98
China,08-08-2016,32.9,18.3,25.3,0,23.4,52.9,45534.98
China,09-08-2016,33.1,17.1,24.9,0,21.3,49,44165.77
China,10-08-2016,28.6,19.1,23.5,1.6,15.3,39.6,43163.3
China,11-08-2016,30.8,17.5,24.5,0,17.1,42.1,44506.52
China,12-08-2016,30.6,18.2,24.7,0,15,39.6,44364.87
China,13-08-2016,31.7,19.3,25.7,0.2,13.3,31.3,42549.46
China,14-08-2016,30.5,19.5,24,7.4,16.6,31.7,26991.38
China,15-08-2016,27.7,19.6,22.8,1.2,8.4,24.1,29033.45
China,16-08-2016,32.7,18.3,24.7,0,14.8,47.5,44083.05
China,17-08-2016,33.4,19.1,25.7,0,15.4,44.3,43619.15
China,18-08-2016,25.3,18.5,21.5,0.1,16.5,36.7,20306.96
China,19-08-2016,27.7,18.1,22.3,2,12.6,31.3,22083.19
China,20-08-2016,30.9,17.3,24,0,16.3,40.3,39640.82
China,21-08-2016,32.8,17.6,25.1,0,21.2,52.2,43200
China,22-08-2016,30.4,20,24.3,4.3,19.7,51.8,34836.34
China,23-08-2016,23.7,19.4,21,4.5,11.6,28.1,2570.66
China,24-08-2016,25.2,15.7,19.7,5.9,13.7,33.1,14811.79
China,25-08-2016,15.1,11.9,13,14.4,10.8,29.5,0
China,26-08-2016,21.5,10.7,16.4,0,8,22,30506.39
China,27-08-2016,25,15.1,19.7,0,10.4,24.8,38247.01
China,28-08-2016,25.7,14.2,19.4,0,16.6,42.1,43200
China,29-08-2016,17.3,14.1,15.6,4.6,15.5,37.8,80.62
China,30-08-2016,23.7,12.1,17.7,0,11,28.1,43200
China,31-08-2016,23.3,16.1,19.4,0,9.2,23.8,24626.16
China,01-09-2016,25.9,15.4,20.5,0,8.7,25.2,43193.67
China,02-09-2016,21.6,15.1,17.6,1.8,14.8,33.5,19793.45
China,03-09-2016,21.6,13.3,16.6,2.6,9.6,25.9,37990.3
China,04-09-2016,24.7,13.4,19.1,0.2,11.2,28.1,41441.03
China,05-09-2016,19.3,13.9,16.7,10.8,9.7,36,6399.99
China,06-09-2016,21.6,10.3,16.1,3.2,11.6,32.8,42892.46
China,07-09-2016,24.5,11.6,17.8,0,10.5,24.8,42762.8
China,08-09-2016,25.7,12.7,19.4,0,13.7,32.4,36959.87
China,09-09-2016,19.7,12.1,15.7,8.7,13.5,33.8,28465.08
China,10-09-2016,22.8,10.1,16.2,0.4,20.9,45.4,41993.71
China,11-09-2016,24.2,11.6,17.7,0,10.9,31.3,42243.87
China,12-09-2016,21.3,11.2,16.3,0.5,10.9,28.8,41350.71
China,13-09-2016,23.5,10.1,16.4,0,14.6,37.4,41646.46
China,14-09-2016,19.5,12.7,15.8,0.1,12.2,33.1,24943.9
China,15-09-2016,24.3,9.5,16.7,0,11.8,33.1,41716.11
China,16-09-2016,24.8,10.6,17.7,0,17.6,41,38922.72
China,17-09-2016,19.2,13.6,15.6,7.8,12.1,29.2,30225.09
China,18-09-2016,18.5,13.1,15.1,8.4,9.2,23,2321.69
China,19-09-2016,19.6,11.9,15.2,0.4,7.2,18.4,38682.32
China,20-09-2016,20.9,9.1,15,0.2,7.6,23.4,40333.28
China,21-09-2016,23.6,9,16.2,0,9.7,26.6,40904.7
China,22-09-2016,21,11,15.3,0,9.7,23.8,15907.16
China,23-09-2016,22.8,9.3,16.2,0,7.3,20.9,35778.85
China,24-09-2016,21.7,12.8,16.9,0,13,33.1,39859.54
China,25-09-2016,24,9.6,16.6,0,12.3,31.7,40358.24
China,26-09-2016,22.6,11.5,17,0,11.4,26.6,33162.55
China,27-09-2016,15.6,9.1,12.3,1.4,9.1,24.1,14548.95
China,28-09-2016,22.3,5.6,13.8,0,11.5,31.3,39684.91
China,29-09-2016,19.5,11.2,14.6,0.6,10.5,29.2,23529.1
China,30-09-2016,24.4,8,16.3,0,12.6,33.5,34866.2
China,01-10-2016,24.9,11.8,18.4,0.3,11.6,30.6,38846.68
China,02-10-2016,26.8,11.9,19.3,0,11.5,29.5,38974.82
China,03-10-2016,27.4,13.6,18.6,0.2,22.6,57.6,38628.29
China,04-10-2016,12.4,4.8,8.6,7.9,16,36.4,11597.38
China,05-10-2016,16.9,6.1,10.3,0,13.5,35.6,28922.76
China,06-10-2016,16.5,7.6,11,5.6,15,34.6,21152.32
China,07-10-2016,13.4,5.5,9.3,0,12.8,29.2,28395.41
China,08-10-2016,18.8,5,11.1,0,14.4,40.7,34853.18
China,09-10-2016,12.9,7.8,10.2,6.4,8,27.4,8894.6
China,10-10-2016,15.6,5.4,10.2,0.5,9.1,20.9,30843.49
China,11-10-2016,13.9,8.5,10.9,1.4,7.5,19.1,1026.61
China,12-10-2016,15.3,8,11.3,0,6.9,22,16187.4
China,13-10-2016,18.4,7,11.7,0,16.3,34.9,36000
China,14-10-2016,13.1,7.5,9.7,0,12.2,31.3,2314.8
China,15-10-2016,20,6.2,12.9,0,9.1,32,36336.44
China,16-10-2016,13.5,3.7,8.5,2.3,10.4,25.2,1613.54
China,17-10-2016,20.1,1.2,10,0,10.7,23.8,36828.74
China,18-10-2016,20.1,5,11.8,0,11.2,23.4,36637.05
China,19-10-2016,17.5,7.9,11.7,0,12.1,31,26055.21
China,20-10-2016,19.3,5.5,11.6,0.2,23.2,51.5,35540.9
China,21-10-2016,12.8,4.6,8.3,1,14.6,27.4,35730.34
China,22-10-2016,7.3,2.6,5,4.6,9.3,22,5008.4
China,23-10-2016,14.7,0.7,7.1,1.3,11.3,26.3,34139.38
China,24-10-2016,10.9,4,7.1,8.7,13.1,39.2,27024.71
China,25-10-2016,10.8,3.6,7.1,5.4,13.2,28.4,14454.79
China,26-10-2016,13.8,5.7,8.8,0.8,9.1,27,18895.05
China,27-10-2016,6.6,-4.1,0.3,10.4,15.9,35.6,0
China,28-10-2016,0,-5.2,-2.7,0.6,8.9,19.1,12071
China,29-10-2016,4.3,-7.2,-1.6,0,13,24.8,35088.68
China,30-10-2016,4.2,-5.7,-0.8,0,13.5,27,33659.92
China,31-10-2016,8.5,-5.7,0.3,0,8.2,16.9,34952.88
China,01-11-2016,10.3,-2.8,3.6,0,10.9,20.2,33388.34
China,02-11-2016,12.6,1.9,6.6,0,10,16.2,34821.88
China,03-11-2016,14.7,2.8,8.6,0,7.1,17.6,34758.43
China,04-11-2016,15.9,3.6,9.9,0,9.4,18,34696.46
China,05-11-2016,15.1,6.4,9.8,0,9.7,18.4,34636.09
China,06-11-2016,5.9,2.4,4.2,0.2,13,29.2,16292.38
China,07-11-2016,5.7,-3.2,1.4,0,8,24.8,32400
China,08-11-2016,7.9,-1.3,2.9,0,8.9,18,31276.58
China,09-11-2016,10,-0.4,4.1,0,18.4,44.3,34395.61
China,10-11-2016,12.9,-4.9,3.6,0,8.9,46.8,34281.86
China,11-11-2016,9.6,0.3,4.6,0,11.2,22.3,34169.35
China,12-11-2016,9.5,0,4.6,0,10,18.7,28462.11
China,13-11-2016,14.7,0,6.4,0,11,20.2,32863.27
China,14-11-2016,12.3,1.6,5.9,0,12,21.6,33837.35
China,15-11-2016,12.2,-0.5,5,0,9.8,21.2,30740.08
China,16-11-2016,12.2,1.6,5.8,0,11,18.7,33621.95
China,17-11-2016,14.3,1.4,7.3,0,9,19.1,31870.23
China,18-11-2016,16.9,0.3,5.9,0,23.2,54,33001.4
China,19-11-2016,7.8,-0.8,2.7,0,9,17.3,33159.17
China,20-11-2016,15.3,-2.5,5,0,9.9,23,33081.9
China,21-11-2016,-0.6,-10,-5.2,0.5,18.4,37.4,24668.68
China,22-11-2016,-3.4,-10.5,-7.6,0,10,22.7,29808.87
China,23-11-2016,1,-8.9,-4.8,0,10.7,26.3,32523.7
China,24-11-2016,1.2,-5.6,-3.2,0,9.7,24.5,31470.36
China,25-11-2016,-0.3,-6.5,-3.9,0.2,14.1,33.1,27571.13
China,26-11-2016,8.7,-7.3,-0.4,0,10.3,21.6,32422.36
China,27-11-2016,5.9,-3.7,0.8,0,10.9,20.9,32249.58
China,28-11-2016,3.1,-5,-1.8,0,11.6,26.3,31121.84
China,29-11-2016,2.4,-5,-1.9,0,6.9,18.7,31192.42
China,30-11-2016,8.3,-4.8,1.3,0,10.6,18,32060.04
China,01-12-2016,5.8,-3.9,0.7,0,9.9,17.3,31898.44
China,02-12-2016,4.6,-5,-1,0,7.6,16.2,21215.59
China,03-12-2016,8.5,-3.6,1.6,0,10.8,33.1,31883.7
China,04-12-2016,12.2,0,5.1,0,10,21.2,30842.78
China,05-12-2016,2.6,-5.7,-1.8,0,12.3,31.3,31671.79
China,06-12-2016,8.9,-4.8,2.4,0,11.6,17.3,31618.28
China,07-12-2016,9.8,-0.7,3.6,0,10.3,23.8,31566.34
China,08-12-2016,12.4,-0.5,5.6,0,12.1,20.2,31516.01
China,09-12-2016,5.8,-0.2,3.1,0,10.2,24.1,27101.43
China,10-12-2016,6,-3.6,0.3,0,9.4,21.2,30442.04
China,11-12-2016,8.8,-4.3,1.3,0,10.8,20.9,30480.53
China,12-12-2016,4.4,-3.3,-0.4,0,9.2,17.3,30942.53
China,13-12-2016,4.8,-3.7,-0.4,0,9,19.4,30028.5
China,14-12-2016,5.6,-3.4,0.2,0,7.5,16.6,30832.36
China,15-12-2016,3.3,-4.2,-1.2,0,10.2,19.1,31240.12
China,16-12-2016,7.7,-6,0.2,0,8.5,18.7,30169.96
China,17-12-2016,6.4,-2,1.2,0,9.7,14.4,30888.48
China,18-12-2016,6.6,-3.3,0.6,0,8.5,15.1,30674.39
China,19-12-2016,6.3,-4.3,-0.4,0,9.2,17.3,30231.71
China,20-12-2016,5.5,-5.3,-0.7,0.4,10.5,28.1,30042.39
China,21-12-2016,1.3,-6.2,-3.5,0,10.9,20.2,30543.41
China,22-12-2016,6.2,-6.6,-1.6,0,10.6,20.2,29866.2
China,23-12-2016,4.3,-5.5,-1.6,0,9.8,21.2,26145.23
China,24-12-2016,4.3,-5.9,-2,0.1,9.8,28.1,28364.28
China,25-12-2016,-2.8,-6.9,-4.7,1.2,14.6,32,9187.88
China,26-12-2016,-2.5,-7.4,-5.6,0,9.4,26.6,28321.59
China,27-12-2016,4.7,-9.7,-3,0,9,17.3,31132.54
China,28-12-2016,0.1,-7.9,-3.9,0,10.4,25.2,31263.44
China,29-12-2016,1.8,-8.2,-3.8,0,9.8,20.9,29021.62
China,30-12-2016,5.2,-7.5,-1.8,0,10.5,18,31341.49
China,31-12-2016,2,-6.1,-2.7,0,10.2,30.6,31201.3
China,01-01-2017,0.5,-6,-3.6,0.7,15.3,31,22234.59
China,02-01-2017,5,-8.4,-2.7,0,12.9,27.4,30626.39
China,03-01-2017,6.4,-5.6,-1.3,0,11.6,20.9,31432.18
China,04-01-2017,9.4,-6.1,-0.5,0,13.7,25.6,31125.66
China,05-01-2017,9,-6.4,-0.2,0,11.6,21.2,31711.38
China,06-01-2017,-1.1,-6.9,-4,0.9,12.7,27.7,29982.79
China,07-01-2017,0.3,-8.6,-5.1,0,12.1,19.4,31640.55
China,08-01-2017,-1.2,-7.9,-5.3,0,9.8,23.4,31874.37
China,09-01-2017,-2.6,-10.8,-6.8,0,9.5,24.5,31573.15
China,10-01-2017,-4.9,-9.8,-7.2,0.5,10.9,23.8,23176.3
China,11-01-2017,-2.5,-10,-6.9,0,11.2,26.6,31508.33
China,12-01-2017,1.7,-8.8,-4.7,0,11.4,25.2,32117.44
China,13-01-2017,3.4,-9.4,-4.2,0,13.2,22.7,31906.02
China,14-01-2017,2,-9.2,-4.1,0,11.3,20.9,32344.89
China,15-01-2017,2.7,-8.2,-3.5,0.1,10.3,22,32510.09
China,16-01-2017,-0.5,-9.2,-5.5,0,11.9,25.2,31288.17
China,17-01-2017,-1.2,-10.5,-5.9,0,14,28.1,32262.67
China,18-01-2017,0.6,-10.5,-4.9,0,13.8,31.3,32143.08
China,19-01-2017,-1.9,-12.8,-8.1,0,12.3,23.4,32511.03
China,20-01-2017,-0.2,-12.5,-6.1,0,17.7,34.6,23163.85
China,21-01-2017,3,-11.4,-5,0,10.2,24.1,33184.97
China,22-01-2017,3.9,-9.6,-3.9,0,13.3,22.7,33284.61
China,23-01-2017,4.9,-8.4,-1.8,0,11,17.3,33386.08
China,24-01-2017,6.6,-7.7,-1,0,12,21.2,33203.3
China,25-01-2017,11.7,-7.7,-0.4,0,21.1,41,33593.98
China,26-01-2017,0.8,-7.5,-3.4,0,14,32,33700.13
China,27-01-2017,7.3,-9.2,-2,0,23.2,44.3,33807.58
China,28-01-2017,0.1,-6.1,-3,0.4,15.1,33.1,27519.76
China,29-01-2017,1,-9.5,-4.5,0.1,13.6,27,34021.41
China,30-01-2017,1.2,-9.3,-3.5,0,14.4,28.8,33837.04
China,31-01-2017,3.1,-8.8,-4.1,0,14.1,27,24524.9
China,01-02-2017,5.1,-6.4,-2,0,20,40.7,32505.7
China,02-02-2017,7,-5.6,-0.9,0,15.8,30.2,34223.32
China,03-02-2017,4.9,-8.2,-2.3,0,12.6,29.2,34274.61
China,04-02-2017,11.5,-6.4,1.1,0,11.2,24.5,34326.85
China,05-02-2017,10.6,-4.4,0.4,0,21.7,42.1,29911.02
China,06-02-2017,0.7,-3.6,-1.8,1.3,19,36.7,10345.32
China,07-02-2017,-3,-5.9,-4.4,1.2,17.3,37.4,14076.26
China,08-02-2017,-0.6,-10.5,-5.5,0,12,30.2,34493.55
China,09-02-2017,2,-9.1,-4.7,0,12.5,20.2,34721.74
China,10-02-2017,1.6,-7.5,-3.3,0,8.9,23.4,24382.22
China,11-02-2017,5.2,-8.2,-3,0,13.8,22,35147.12
China,12-02-2017,10.2,-6.5,-0.5,0,12.4,24.5,35304.9
China,13-02-2017,5.1,-5.7,-1.2,0,14.8,30.6,31968.08
China,14-02-2017,9.7,-3.1,2.1,0,13.9,27.7,34955.12
China,15-02-2017,15.3,-4.8,3.2,0,15.2,24.5,35908.59
China,16-02-2017,7.6,-2.5,2.6,0,12.6,30.6,30301.85
China,17-02-2017,6.7,-4.3,0.1,0,12.7,23,36091.16
China,18-02-2017,10.5,-4.1,1.8,0,12.3,23.4,36381
China,19-02-2017,14.8,-3.1,4.4,0,17.6,35.3,36475.27
China,20-02-2017,4.4,-2.1,1.4,4.4,31.6,60.1,16847.78
China,21-02-2017,-1.9,-7.4,-4.7,6.1,18.1,35.6,31704.43
China,22-02-2017,-1.7,-8,-4.1,0.2,9.7,21.2,30747.29
China,23-02-2017,-0.1,-12.1,-5.9,0,11.6,19.4,36963
China,24-02-2017,1.3,-10,-4.2,0,10.4,17.6,35679.31
China,25-02-2017,0.7,-10.8,-4.8,0,12.2,25.9,37500.01
China,26-02-2017,2.6,-10.4,-4.1,0,14,23.4,37639.09
China,27-02-2017,5.2,-11.1,-2.6,0,13.9,23.4,37778.61
China,28-02-2017,5.9,-4,0.3,1.2,23,47.5,31844.29
China,01-03-2017,3.9,-6.2,-1.7,0,16.1,32.4,37976.64
China,02-03-2017,6.4,-6.9,-1.1,0,14.8,28.8,37710.13
China,03-03-2017,7.5,-5.7,0.6,0,16,32.4,38091.67
China,04-03-2017,2.7,-1.8,0.3,2.4,10.5,23.4,898.53
China,05-03-2017,4.2,-4.7,0.4,0.1,14.5,29.9,30604.9
China,06-03-2017,5,-6.5,-1,0,9.4,21.6,36250.69
China,07-03-2017,4.1,-4.9,-0.7,0.1,10,24.1,36645.07
China,08-03-2017,6.8,-5.5,0,0,13.8,28.1,38372.09
China,09-03-2017,5.9,-4.6,0.2,0.8,15.7,33.8,18140
China,10-03-2017,5,-2.1,1.5,3,13.4,29.2,9978.97
China,11-03-2017,2.4,-1.6,0.1,8.3,9.4,22.3,292.4
China,12-03-2017,-0.1,-3,-1.7,15.6,17.1,32.8,0
China,13-03-2017,-1.2,-6.3,-3.8,1.9,11.4,20.9,33515.33
China,14-03-2017,-0.8,-10.2,-4.7,0,21,38.9,35833.4
China,15-03-2017,1.7,-7,-2.7,0,12.7,20.5,38748.09
China,16-03-2017,2.6,-12.2,-4.3,0,14.6,24.5,39728.99
China,17-03-2017,3,-4.7,-0.4,0.7,10.5,22,35384.77
China,18-03-2017,3.6,-6.6,-0.2,0.1,21.5,42.8,30770.07
China,19-03-2017,9.1,-1.9,2.6,0.1,18.9,36.4,35355.63
China,20-03-2017,10.2,-4.1,3.2,0,19.3,40,40693.29
China,21-03-2017,9.1,0.7,4.3,0,21.4,42.8,33939.17
China,22-03-2017,14.1,-3.1,4.6,0,18.1,33.1,40376.06
China,23-03-2017,2.8,-3,0.4,1.6,18.3,36.4,9659.8
China,24-03-2017,6.1,-3.2,1.3,0,21.1,42.8,36477.48
China,25-03-2017,6.3,-4.1,1.1,1,22.4,42.8,40386.55
China,26-03-2017,11.1,-6.1,1.7,0,12.7,20.9,41519.66
China,27-03-2017,14.8,-2.9,6,0,11.2,23,41655.23
China,28-03-2017,12.7,-2,6.2,0,13.9,29.5,41789.95
China,29-03-2017,13.1,-0.8,5.8,1.5,14.7,37.8,29584.31
China,30-03-2017,11.5,-1.6,4.9,1.3,11.9,27.4,42056.49
China,31-03-2017,12.3,-2.6,4.2,0.5,25,50.4,42188.78
China,01-04-2017,15.7,-3.6,6.2,0,17.3,36,42315.39
China,02-04-2017,15.1,1.1,7.8,0,19.2,37.4,34686.76
China,03-04-2017,12.2,3.3,7.7,0.3,14,28.8,15456.86
China,04-04-2017,17.8,3.9,10.2,0,9.8,23.4,42566.32
China,05-04-2017,21.1,2.8,11.8,0,15.5,32,42649.95
China,06-04-2017,20.9,6.2,12.5,0,23,43.9,42493.5
China,07-04-2017,14.5,4.2,9.5,3.3,13.9,28.8,12899.21
China,08-04-2017,9.2,3.1,5.8,2.9,14,30.6,6077.43
China,09-04-2017,9,3.6,6.2,2.4,11.2,23.8,3436.66
China,10-04-2017,9.3,3.2,5.8,5.8,12.6,27.7,3725.21
China,11-04-2017,8.8,0.1,4.8,1.8,11.2,22,21604.93
China,12-04-2017,14.2,-2.1,5.5,0.8,21.4,50,43200
China,13-04-2017,16.3,0.7,8.2,0.1,10.9,33.1,43200
China,14-04-2017,17.4,3.7,11,0,14.7,31.3,43200
China,15-04-2017,11.6,6.6,9,1.3,13,26.6,20249.22
China,16-04-2017,12,2.9,8.5,0.1,16.6,35.6,33655.69
China,17-04-2017,20.5,0.1,10.9,0,20.4,42.1,43200
China,18-04-2017,20.1,2.6,12.9,2.9,10.5,22,43200
China,19-04-2017,11.8,2.3,6.3,2.9,16.9,32.8,23830.13
China,20-04-2017,11.4,-0.3,6.3,0,20.7,47.5,43203.32
China,21-04-2017,14.6,-1.5,6.8,0.2,12.7,28.8,37825.28
China,22-04-2017,18.1,-0.1,9,0,12.8,30.2,43200
China,23-04-2017,19.6,1,10.7,0,16.7,30.6,43200
China,24-04-2017,18.6,6.2,12.6,0.7,17.7,36.4,22859.03
China,25-04-2017,15.6,7.3,11.2,1.1,20.1,37.8,33022.97
China,26-04-2017,12.5,5.3,9.3,0.5,8.4,17.3,2030.7
China,27-04-2017,17.3,2.2,10.7,0,19.2,38.5,43200
China,28-04-2017,18.9,3.8,11.6,0,19.2,38.5,43297.09
China,29-04-2017,22,4.5,13.8,0.1,12.2,25.9,43334.7
China,30-04-2017,17.6,6.7,11.9,0.1,24.6,50,21450.89
China,01-05-2017,23.4,3.9,13.9,0,23.6,47.2,43772.88
China,02-05-2017,13.6,4.7,11,6.5,23.2,48.2,5522.29
China,03-05-2017,14.4,4.1,8.6,1.8,20.9,50.4,41253.05
China,04-05-2017,18.5,1.4,10.5,0.1,12.8,34.6,44315.01
China,05-05-2017,13.5,4.8,8.9,0,20.2,45.7,30182.58
China,06-05-2017,19.4,-1.2,9.7,0,22.9,43.9,44789.54
China,07-05-2017,15.8,6.4,10.4,0.3,16.6,34.2,30803.93
China,08-05-2017,20.9,3.2,12.5,0,15.3,36,45293.96
China,09-05-2017,22.2,8.1,14.9,0,26.7,51.8,44817.72
China,10-05-2017,17.8,6.4,13.1,0,18.4,37.4,4620.63
China,11-05-2017,20.9,7.7,14.2,0,16.2,36.7,42839.15
China,12-05-2017,25,4.7,15.7,0,14.3,34.6,45995.6
China,13-05-2017,24.6,9.3,17.3,0,17.3,36,26808.46
China,14-05-2017,18.6,7.2,12.6,1,28.8,58.3,43057.16
China,15-05-2017,17.1,4.8,12.1,1.4,19.1,42.1,45114.51
China,16-05-2017,22.7,3.2,14,0,17.7,36,45799.86
China,17-05-2017,22.4,7.3,14.9,2,16.6,36,37924.27
China,18-05-2017,23.9,7.3,15,0.3,27.7,56.5,46932.1
China,19-05-2017,26.6,8.5,17.9,0,28,53.3,46872.18
China,20-05-2017,26.2,11.1,18.7,0.1,22.2,43.2,36610.32
China,21-05-2017,23.9,12.5,18.4,2.4,17.7,37.8,36881.51
China,22-05-2017,14.4,8,10.2,16.7,20.7,44.6,11523.15
China,23-05-2017,20.2,4.5,13.3,0,16.4,33.5,45622.21
China,24-05-2017,19.6,9.5,14.6,0,10.2,24.5,39576.35
China,25-05-2017,18.3,10.4,14.6,0.4,13.4,29.2,36647.01
China,26-05-2017,21,8.3,15.1,1,10.7,30.2,46663.03
China,27-05-2017,26.7,5.9,17.2,0,20.8,41.4,48356.23
China,28-05-2017,26.3,11,18.8,0,24.5,46.8,39759.6
China,29-05-2017,28.2,13.2,20,0,20.2,43.2,43092.43
China,30-05-2017,26.8,13.1,20.8,0,15.3,32.8,48537.1
China,31-05-2017,22,14.7,17.8,1.2,17.9,37.1,0
China,01-06-2017,26.3,12.9,19.5,0,18,33.8,37859.56
China,02-06-2017,22.5,13.2,17.9,1.4,18.1,37.4,11192.26
China,03-06-2017,17.9,12.3,14.7,4.5,12.6,27.4,2572.44
China,04-06-2017,12.9,10.5,11.7,10.7,15.5,31.3,0
China,05-06-2017,18.8,9.4,13.5,0.6,21.6,43.6,46532.12
China,06-06-2017,21.3,8.7,15.5,0.1,16.8,41,48880.46
China,07-06-2017,21.4,8.9,15.9,0.6,19.8,38.2,48920
China,08-06-2017,24.3,9.6,17.4,0,15,31.3,37752.83
China,09-06-2017,16.9,11.9,14.7,12.5,12.7,28.1,17451.3
China,10-06-2017,22.8,10.1,16.6,0,15.1,30.2,41422.12
China,11-06-2017,23.4,11.8,18.4,0,19.8,40.7,48378.1
China,12-06-2017,25.8,9.6,18.3,0,18.9,35.3,38196.71
China,13-06-2017,24.7,13.2,19.3,0,20.6,40.3,43929.52
China,14-06-2017,19.4,14.7,17.1,0.3,20.5,40,8811.47
China,15-06-2017,21.9,12.3,17,0.7,12.2,27.7,43521.36
China,16-06-2017,26.7,11.9,19.6,0,17.7,35.3,49156.68
China,17-06-2017,28.2,14.5,20.9,0.1,20,45.4,46159.71
China,18-06-2017,27.5,13.4,20.8,0,16.2,36,42326.88
China,19-06-2017,25.8,15.4,20.7,0.1,24.4,51.5,36128.61
China,20-06-2017,24.8,14.2,19.4,1.4,18.4,41.8,43898.7
China,21-06-2017,25.1,12.7,18.9,4,19.7,51.1,47785.8
China,22-06-2017,25.6,14.5,20.2,0,9.2,23,48849.83
China,23-06-2017,24.1,14.4,18.8,0.2,19.2,44.3,47328.69
China,24-06-2017,23.7,12.4,18.8,0,15.6,36,37658.69
China,25-06-2017,26.2,11.2,19.6,0,16.6,34.2,47670.54
China,26-06-2017,27.9,11.8,21,0,23.3,44.6,49152.92
China,27-06-2017,27.4,13.8,20.8,0,19.5,40.3,44800.91
China,28-06-2017,26.6,13.7,19.8,0.4,17.4,45,43379.91
China,29-06-2017,25.6,13.6,19.6,0,19.2,39.2,49097.91
China,30-06-2017,27.4,12.7,20.8,0,17.2,33.8,49074.29
China,01-07-2017,29.4,13.7,22.1,0,22.9,43.6,49048.06
China,02-07-2017,29.4,15.1,22.1,0.1,24.1,48.2,44436.54
China,03-07-2017,19.5,14.6,17.5,3,15.8,33.1,10886.1
China,04-07-2017,25.3,13.8,19.9,0.6,17.8,35.3,26664.9
China,05-07-2017,21.9,14.4,18.3,18.4,16.9,34.6,22716.27
China,06-07-2017,26.3,11.5,19,0,9.5,21.6,47793.82
China,07-07-2017,27.4,12.7,20.6,0,11,22.3,38786.77
China,08-07-2017,27.9,15.6,22.3,0,18.9,41,15122.86
China,09-07-2017,30.1,12.9,21.9,0,22,45.7,48748.68
China,10-07-2017,30.6,16.2,23.3,1.8,23.5,44.6,48699.92
China,11-07-2017,31.3,14,23.5,0.3,20.6,40.7,48648.38
China,12-07-2017,31.8,14.3,23.6,0,22.5,45,47400.96
China,13-07-2017,32.3,16.6,23.9,0,20.2,41,45802.68
China,14-07-2017,32.1,16,23.2,0,23.6,46.1,43426.32
China,15-07-2017,31.1,16.1,23.4,0,26.5,58.3,47056.16
China,16-07-2017,29.7,16.7,23,0,20.7,39.6,46237.3
China,17-07-2017,31.2,17.5,23.9,0,21.3,43.9,45480.17
China,18-07-2017,33.3,17.5,25.3,0,19.6,37.1,46240.66
China,19-07-2017,34.1,18.4,26.4,0,17.4,37.4,45936.81
China,20-07-2017,32.1,21.1,25.8,0.9,21.1,42.5,41699.16
China,21-07-2017,32.9,19.6,26.3,0,27.7,52.9,45450.46
China,22-07-2017,29.4,20.4,24.1,2.2,16.1,37.1,15789.87
China,23-07-2017,30.5,20.1,24.2,3.7,14.6,31,29672.56
China,24-07-2017,26,18.5,21.4,3.7,12.3,29.5,23473.65
China,25-07-2017,30.4,16.9,23.7,0,14.8,30.6,43421.28
China,26-07-2017,26.1,18.4,21.9,11.9,9.3,21.6,16900.68
China,27-07-2017,18,14,16.2,15.8,16.5,32.8,0
China,28-07-2017,21.9,13.2,16.6,6.3,12.2,27.4,24851.27
China,29-07-2017,27.5,13.8,20.2,0,15.3,30.6,44868.58
China,30-07-2017,27.6,13.7,21,0,13.4,28.8,45209.48
China,31-07-2017,28.7,15.5,22.2,0,21.1,41.8,43876.53
China,01-08-2017,20.3,15.3,17.3,17.2,15.8,31.3,0
China,02-08-2017,25.9,14.5,19.9,0,11.1,20.2,44722.41
China,03-08-2017,28.7,14.7,22.1,0.4,12.4,29.2,42713.29
China,04-08-2017,25.8,14.6,20,3.8,9.4,27,37693.16
China,05-08-2017,26.6,16.9,21.5,1.3,10.8,22.7,26850.73
China,06-08-2017,22.8,17.4,20.2,20.5,15.9,38.9,8009.9
China,07-08-2017,20.3,15,17.3,19.2,14.5,34.9,15341.52
China,08-08-2017,22.7,14.2,19.2,0.2,17.9,38.5,43741.17
China,09-08-2017,25.2,13.7,19.8,0,23.5,46.8,44005.59
China,10-08-2017,28,10.6,19.6,0,15.2,31.7,42284.59
China,11-08-2017,24.9,13.9,19,1.8,18.5,37.8,34820.32
China,12-08-2017,24.3,15.5,19.1,2.1,14.9,33.1,32098.23
China,13-08-2017,23.5,14.8,18.8,0.1,10.9,25.6,43512.27
China,14-08-2017,26.4,11.4,19.6,0,19.7,38.2,43753.36
China,15-08-2017,27.1,13.1,20.4,0,16.6,32.4,43637.75
China,16-08-2017,28.2,16.1,21.5,0,24.2,46.8,42713.23
China,17-08-2017,26.9,17.4,21.7,0.7,20.7,39.6,37531.72
China,18-08-2017,25.8,18.1,20.9,12.5,14.8,28.8,37410.45
China,19-08-2017,23.2,17.3,20,28.4,12,38.5,24186.87
China,20-08-2017,16.9,13.4,15.4,6.5,16.9,32.8,0
China,21-08-2017,15.8,12.8,14.6,5.5,10.9,21.6,0
China,22-08-2017,15.5,13.2,14.3,23.3,16.8,32,0
China,23-08-2017,17.1,13.2,14.6,1.4,12.1,24.8,4215.25
China,24-08-2017,16.2,12.1,14.2,8,10.1,19.8,69.91
China,25-08-2017,15,13.2,14,12.7,16.1,31,0
China,26-08-2017,18.5,12.4,15.3,1.5,20.1,41.4,1610.43
China,27-08-2017,16.2,13,14.7,6.5,17.6,34.2,0
China,28-08-2017,13.5,10,12.1,23.5,13.1,25.6,0
China,29-08-2017,17.1,9.3,12.3,11.4,14.9,29.9,18643.95
China,30-08-2017,20.9,7.7,14.5,0,12.1,24.8,30498.9
China,31-08-2017,23.6,10.3,17,0,12,23.8,43200
China,01-09-2017,18.4,13,15.1,2.5,17.7,34.2,11726.28
China,02-09-2017,22.6,11.1,16.9,0,10.2,18.4,32438.96
China,03-09-2017,22.1,13.4,17.5,0,12,24.5,26120.91
China,04-09-2017,18.4,12.9,15.2,1,19.4,38.2,10880.98
China,05-09-2017,17.9,10.2,13.3,0.4,9,21.2,29240.93
China,06-09-2017,21.3,10,15.2,0,10.4,20.5,42928.56
China,07-09-2017,23.7,8.6,16.1,0.5,15.1,31,32136.63
China,08-09-2017,22.9,10.7,17.3,0,12,24.5,42541.07
China,09-09-2017,19.2,12.6,15,1.4,26.7,51.1,11971.24
China,10-09-2017,21.9,8.2,14.7,0,12,24.1,42409.96
China,11-09-2017,24.9,8.9,16.5,0,14.8,29.5,42278.1
China,12-09-2017,23.3,11.7,16.8,0,31.8,61.2,41285.56
China,13-09-2017,19.3,14.2,16.6,0.8,24.8,49.7,1970.6
China,14-09-2017,15.9,13,14.4,4.5,16.2,29.9,0
China,15-09-2017,22,11.3,16.3,2,10.7,22.3,36253.07
China,16-09-2017,19.7,13.5,16.2,5.2,12.9,29.2,25893.28
China,17-09-2017,19.7,12.1,15.5,6.1,10.3,24.8,24203.81
China,18-09-2017,18.1,11.8,15,10.6,14.1,30.6,402
China,19-09-2017,14.5,10.6,12.1,7.9,8.3,18.7,1764.69
China,20-09-2017,20.9,7.7,14.3,0,10.8,20.5,35594.58
China,21-09-2017,20.5,8.8,14.5,0.1,15.3,32.4,40018.7
China,22-09-2017,19,10.8,13.4,4.4,23.9,46.4,16410.51
China,23-09-2017,20.3,10.7,14.4,0.2,12.3,25.9,21600
China,24-09-2017,19.6,10.3,14.9,1.4,13.2,29.5,19037.94
China,25-09-2017,21.1,10.4,16.8,7.5,17.9,38.5,28704.97
China,26-09-2017,14.7,9.1,11.6,8.7,16.1,39.6,4972.32
China,27-09-2017,18.5,10.5,13.6,0,8.2,19.1,33290.81
China,28-09-2017,19.6,7.2,13.8,0,11.6,27.4,38915.52
China,29-09-2017,20.6,7.6,14.2,0,20.6,39.6,38974.59
China,30-09-2017,20.1,11.6,14.5,7,19.5,38.9,25633.33
China,01-10-2017,20.4,9,14.2,1.8,12.9,25.2,34748.93
China,02-10-2017,13.1,5.6,8.2,4.1,14.3,28.4,0
China,03-10-2017,11,4.5,7.6,2.1,13.8,26.6,269.83
China,04-10-2017,19.2,4.7,10.9,0,20.7,38.9,37335.39
China,05-10-2017,20.2,6.4,11.9,0,17.5,33.1,36819.91
China,06-10-2017,18.3,6.9,12.2,0,21.4,37.8,32613.65
China,07-10-2017,19.5,7.8,13.5,3.7,14.6,28.1,29372.2
China,08-10-2017,13.3,2.2,6.9,11.4,17.6,36,0
China,09-10-2017,2.6,-0.6,0.9,8.4,18.7,37.4,1006.36
China,10-10-2017,11.5,-1.7,4,0.2,15.3,31,32487.39
China,11-10-2017,7.3,0.4,4,0.7,16.8,34.2,14776.31
China,12-10-2017,15,2.2,7.8,0,18,33.5,37247.55
China,13-10-2017,10.3,4,7.4,3.2,9.9,22.7,13532.89
China,14-10-2017,13.4,5.4,9,0,12.1,26.6,29678.38
China,15-10-2017,12.1,6.9,9.2,2.1,11.3,24.5,5093.68
China,16-10-2017,10.6,5.5,7.6,0.2,26,50,145.71
China,17-10-2017,14,4.4,8.5,3.2,25.5,50,36000
China,18-10-2017,13.4,4.9,9.5,0.4,8.7,19.1,25463.67
China,19-10-2017,17,2.8,8.6,0,11.6,23.4,35989.75
China,20-10-2017,16.4,4.4,9.8,0,10.5,23.8,35822.14
China,21-10-2017,12.8,4.5,9.7,0.9,12.2,28.1,21336.73
China,22-10-2017,14.1,4.1,8.5,0,16.7,31.7,14999.14
China,23-10-2017,15.7,1.2,7.9,0,23.1,44.3,35784.39
China,24-10-2017,11.2,6.2,8.2,4.8,24,46.1,71.89
China,25-10-2017,10.6,5.2,8.1,0.3,14.9,31.3,24244.85
China,26-10-2017,13.9,3.7,8.5,0,13.5,22.3,35403.41
China,27-10-2017,15.7,1,7.8,0.4,11.3,24.5,35262.66
China,28-10-2017,9.1,3.1,5.3,0.2,14.9,32,31570.18
China,29-10-2017,11.3,0.6,6,0,16.1,30.2,30481.85
China,30-10-2017,13.3,0.3,6.8,0,13,27,30397.05
China,31-10-2017,13.2,3.6,7.5,0,12.9,28.4,28726.99
China,01-11-2017,15.4,1.2,7.4,0,16.9,34.6,34898.64
China,02-11-2017,14.1,1.2,7.7,0,10.4,18,34834.64
China,03-11-2017,13.5,-0.1,7.2,0,11.7,26.3,34772.41
China,04-11-2017,14.5,-0.2,6,0,12.8,27.4,34712.07
China,05-11-2017,14.8,2.8,7.5,0,11,21.6,34653.64
China,06-11-2017,10.6,1.6,6.1,0.3,14.6,30.6,22564.42
China,07-11-2017,13.3,-1.2,5.4,0,11.9,24.5,34540.38
China,08-11-2017,14.8,-0.4,6,0,11.3,22.3,34399.63
China,09-11-2017,6.2,0.8,3.7,0,11.7,24.5,21525.17
China,10-11-2017,9.4,-1.9,3.1,0.5,15.6,33.1,25587.03
China,11-11-2017,11.8,-2.6,3.8,0,10,22.3,34199.73
China,12-11-2017,9,0.5,4.7,0,16.9,35.3,30678.79
China,13-11-2017,6.8,-3,1.6,0,12.2,28.1,33971.6
China,14-11-2017,9.1,-2.3,2.2,0,12.8,22,33859.65
China,15-11-2017,10.4,-1.7,3,0,12.4,25.2,30386.96
China,16-11-2017,10.7,-1.5,4.5,0,13.2,24.8,32051.88
China,17-11-2017,4.5,0.2,2.5,0,12.8,27.4,8698.59
China,18-11-2017,6.9,-2.3,1.4,0,12.6,28.1,27359.41
China,19-11-2017,2.7,-3.8,-0.3,0,18.4,38.5,31020.96
China,20-11-2017,4.5,-6.3,-1.5,0,10.5,24.1,32178.4
China,21-11-2017,1.4,-4.8,-1.4,0,11.4,26.3,20311.25
China,22-11-2017,2.8,-5.5,-2.2,0,17.1,35.6,31530.56
China,23-11-2017,4,-5.8,-2.1,0,15.2,33.1,31702.01
China,24-11-2017,5.3,-6.5,-2,0,15.9,33.8,32580.87
China,25-11-2017,5.5,-6.9,-1.5,0,13,23.4,32512.63
China,26-11-2017,7.5,-5.8,-1,0,13.9,25.9,32338.86
China,27-11-2017,4,-4,-1.4,0,11.3,22.7,31545.8
China,28-11-2017,4.7,-4.4,-0.2,0,21.1,42.1,28130.62
China,29-11-2017,3.4,-5.2,-1,0,18.3,38.2,32039.73
China,30-11-2017,2.1,-6.8,-3.2,0,9.4,22.3,31874.03
China,01-12-2017,3.4,-5.3,-2.3,0,10.8,20.9,31812.76
China,02-12-2017,3.5,-7,-2.8,0,10.2,19.4,31270.18
China,03-12-2017,3.8,-5.4,-1.4,0,13.1,29.9,31187.24
China,04-12-2017,1.5,-7.8,-3.8,0,14.8,30.6,31635.66
China,05-12-2017,2.5,-8.4,-3.4,0,9.2,22.7,31579.32
China,06-12-2017,2.8,-6.3,-3,0,11.7,21.6,31524.59
China,07-12-2017,0.1,-9.6,-4.3,0,11.4,27.4,31370.94
China,08-12-2017,1.6,-7.8,-4.2,0,12.4,25.9,24435.66
China,09-12-2017,2.5,-10,-3.8,0,12.7,28.1,31371.19
China,10-12-2017,3,-7.7,-3.5,0,11.4,20.5,31324.08
China,11-12-2017,0.1,-7.4,-3.5,0,10.6,23.8,31279.15
China,12-12-2017,4.4,-7.9,-2.7,0,10.6,21.6,30233.18
China,13-12-2017,1.9,-3.7,-1.7,0.3,13,28.1,29035.2
China,14-12-2017,1,-5.9,-3.2,0,12.5,24.1,29128.72
China,15-12-2017,-1,-8.5,-5.2,0,15.3,32.8,30613.64
China,16-12-2017,-0.3,-10.6,-6.1,0,15.7,33.5,30803.3
China,17-12-2017,1.6,-7.6,-4.3,0,9.4,20.2,30901.6
China,18-12-2017,0.3,-6.8,-3.8,0,9.7,23.4,30892.98
China,19-12-2017,2.8,-7.6,-3.8,0,14.3,31.3,30999.02
China,20-12-2017,4.8,-7.5,-2.8,0,12.4,20.5,30997.75
China,21-12-2017,6.8,-9.2,-2.6,0,13.4,20.5,30668.33
China,22-12-2017,3,-5.6,-1.3,0,10.9,25.9,25031.56
China,23-12-2017,3.6,-5.8,-2.4,0.2,19.4,37.8,30478.13
China,24-12-2017,5.4,-10,-3.8,0,14.2,22.7,31034.08
China,25-12-2017,3.1,-6.7,-2.4,0,14.6,32,30944.25
China,26-12-2017,6.7,-5.9,-0.3,0,12.3,19.8,30568.43
China,27-12-2017,9.5,-8.2,-1.2,0,15,21.6,31129.46
China,28-12-2017,5.2,-6.4,-1.6,0,20.6,43.6,30786.53
China,29-12-2017,-1.8,-6.8,-4.2,0.6,11.4,26.3,16220.55
China,30-12-2017,1.2,-9.6,-5,0,14.7,24.1,31241.93
China,31-12-2017,3.8,-10.6,-4.2,0,11.5,19.8,31282.89
China,01-01-2018,1.2,-7.5,-3.7,0,10.7,22.7,31235.21
China,02-01-2018,-1.6,-5,-3.7,0.5,14.3,29.5,11992.13
China,03-01-2018,0.7,-6.1,-3.9,0.7,19.5,38.2,28792.89
China,04-01-2018,0.2,-10.8,-5.9,0,15.9,32.8,31106.38
China,05-01-2018,0.3,-10.7,-6.2,0.1,16.6,32.8,30889.53
China,06-01-2018,-5.2,-9.5,-7.5,0.8,14.2,32,28410.71
China,07-01-2018,-8.4,-12.8,-10.6,0.8,17,35.6,25552.15
China,08-01-2018,-4.1,-15.2,-10.6,0,15.6,32.8,31586.66
China,09-01-2018,-2.4,-13.8,-8.6,0,13.9,31.3,31645.03
China,10-01-2018,-0.4,-13.1,-7.4,0,12.3,27.4,31795.47
China,11-01-2018,0.4,-12.1,-6.7,0,12.1,20.2,31857.82
China,12-01-2018,1.6,-11.5,-6.4,0,11.1,22.7,31921.73
China,13-01-2018,3,-11.3,-5.2,0,15.5,32,31343.17
China,14-01-2018,2.9,-9.3,-4.5,0,21.3,41.4,31960.22
China,15-01-2018,0.5,-9.1,-3.4,0,12.5,28.1,29180.86
China,16-01-2018,5.4,-6.6,-2,0,16.3,33.5,32285.33
China,17-01-2018,-0.4,-10.2,-5.6,0,18.5,35.6,31903.95
China,18-01-2018,0.3,-6.2,-3.4,0,13.5,28.4,23005.99
China,19-01-2018,3.3,-9.5,-3.1,0,11.3,26.3,32498.46
China,20-01-2018,4.2,-7.2,-2.5,0,16.5,32,30213.59
China,21-01-2018,3.2,-7.6,-2.3,0,21,41,31858.76
China,22-01-2018,2.4,-7.1,-3.1,0,10.8,23,32818.17
China,23-01-2018,2.6,-6.3,-2.8,0,11.2,26.3,32256.95
China,24-01-2018,-0.7,-5.3,-3.2,3.3,20.3,39.6,411.75
China,25-01-2018,0.8,-9.1,-5.1,0.8,13.3,24.1,30725.11
China,26-01-2018,-1.3,-10.5,-6.3,0,17.9,34.2,25129.88
China,27-01-2018,-4.5,-11.2,-7.2,2.1,17.8,33.5,21107.98
China,28-01-2018,-8.9,-16.9,-11.9,1,12.6,21.6,24465
China,29-01-2018,-6.2,-18.2,-11.7,0.5,11.7,28.1,33100.91
China,30-01-2018,-10.1,-16.9,-12.7,1.6,20.5,39.6,19538.53
China,31-01-2018,-3.6,-17.8,-11.9,0,17.3,29.2,34106.3
China,01-02-2018,-5.6,-18.8,-11.7,0,14.8,24.5,34157.02
China,02-02-2018,-7,-16.8,-12.8,0,13.5,22,34209.31
China,03-02-2018,-5.3,-14.2,-11,0,13.7,21.2,34263.08
China,04-02-2018,-4.2,-13.8,-9.4,0,7.4,13.3,34318.55
China,05-02-2018,-1.1,-14.9,-8.3,0,13,20.2,34374.75
China,06-02-2018,-0.6,-11.8,-6.5,0,11.8,20.2,34472.22
China,07-02-2018,-0.2,-13.7,-6.8,0,14.4,29.5,33117.54
China,08-02-2018,-0.1,-15,-7.1,0,15.8,22.7,34352.62
China,09-02-2018,-4.1,-14.3,-8,0.1,16.3,34.2,34474.78
China,10-02-2018,-5.6,-16.1,-11.2,0.7,13.8,24.1,33975.8
China,11-02-2018,-1.7,-14.1,-9.2,0,14.6,21.6,35051.97
China,12-02-2018,1.9,-11.5,-6.6,0,15.3,28.1,35124.46
China,13-02-2018,8.6,-12.7,-2.6,0,15.6,32,33960.5
China,14-02-2018,4.7,-7.1,-1.2,0,12.4,30.6,35009.4
China,15-02-2018,9.5,-4.4,1,0,12.7,28.8,31838.5
China,16-02-2018,10.2,-5.3,0.9,0,11.5,22.7,33604.59
China,17-02-2018,0.9,-3.1,-1.1,1.9,15.6,32.8,16266.88
China,18-02-2018,1,-5.7,-2.1,1.1,13.2,29.5,16481.31
China,19-02-2018,5.3,-8.6,-1.3,0,18.5,34.9,28968.95
China,20-02-2018,-1.8,-7.9,-3.9,4.8,14.1,28.4,9920.75
China,21-02-2018,-1.8,-11.1,-6.8,0.1,12.4,25.9,36425.82
China,22-02-2018,2.9,-13.1,-5.7,0,15.5,24.5,36848.58
China,23-02-2018,1.8,-8.4,-3.1,0,14.8,28.1,35588.19
China,24-02-2018,4.2,-10,-2.7,0,14.1,21.6,36692.19
China,25-02-2018,9.1,-6.7,0.4,0,9.8,22,35949.24
China,26-02-2018,7.8,-5.1,1,0,22.3,44.6,31840.96
China,27-02-2018,7.7,-3.9,1,0,14.5,32.8,37568.56
China,28-02-2018,11.3,-4.9,3.4,0,15.1,30.2,35984.94
China,01-03-2018,9.6,-1.2,3.1,0,14.2,24.5,32721.74
China,02-03-2018,14.5,-2.8,4.2,0,11.4,25.6,38020.98
China,03-03-2018,9.3,-1.6,2.9,0.1,24.4,46.8,34599.71
China,04-03-2018,6.7,-1.5,1.8,1,10.1,24.8,31026.82
China,05-03-2018,7.6,-3.4,1.5,0,14.8,32.8,19020.85
China,06-03-2018,8.8,-2.8,3,0.4,11.7,24.5,26640.32
China,07-03-2018,7.1,-2.7,2.1,0,11.9,20.5,37573.99
China,08-03-2018,10.7,-4.4,1.9,0,9.5,24.1,38358.11
China,09-03-2018,13,-4.2,3.3,0,11.5,22.7,36794.51
China,10-03-2018,13.1,-2,4.7,0,14.6,28.8,38467.36
China,11-03-2018,16.4,-1.6,6.4,0,12.7,27,38521.45
China,12-03-2018,16.3,-1,6.6,0,10.4,21.6,38575.19
China,13-03-2018,16.5,-0.1,7.3,0.1,10.9,22.7,37045.39
China,14-03-2018,18.7,-0.3,8.6,0,12.5,24.5,38829.5
China,15-03-2018,16.9,2.2,9.3,0,28.1,55.1,38828.23
China,16-03-2018,16.4,6.5,9.6,0.1,34,65.5,32360.99
China,17-03-2018,11.4,3,6.3,1.9,13.5,26.3,32610.46
China,18-03-2018,10.8,2.4,6,0,13.3,30.2,22078.3
China,19-03-2018,13.9,0.2,6.7,2,15.9,47.2,35049.77
China,20-03-2018,12.4,-3.5,4.3,2,14,42.1,39649.38
China,21-03-2018,12.1,-2.6,5.4,0,12,20.5,39702.31
China,22-03-2018,16.2,-2.5,6.7,0,15,30.2,39874.68
China,23-03-2018,15.2,0.7,8.5,0,13.7,29.2,39926.89
China,24-03-2018,15.4,0.5,7.6,0,22.9,43.9,33699.51
China,25-03-2018,17.5,0.4,8.7,0,15,32.4,39634.29
China,26-03-2018,16.2,1.6,9.7,0,12,27.4,30736.81
China,27-03-2018,18.4,0.4,9.3,0,13.3,21.2,40662.42
China,28-03-2018,21.3,1.4,11.1,0,17.6,35.6,40855.5
China,29-03-2018,21.1,5.6,12.7,0,33.8,65.2,41051.91
China,30-03-2018,14.3,7.4,10.6,3.2,21.5,47.2,20450.87
China,31-03-2018,13.1,2.6,8.9,0,14.2,28.4,16237.63
China,01-04-2018,20.7,1,9.8,0,13.7,30.2,41659.94
China,02-04-2018,23.6,3.7,14,0,12.8,25.9,41825.23
China,03-04-2018,16.6,5.5,11.3,0,16.4,34.9,41032
China,04-04-2018,16,5.3,9.6,0,30.5,60.8,38262.66
China,05-04-2018,9.9,-2.2,3.4,0.7,24.6,50.8,26768.89
China,06-04-2018,6.2,-6,-0.1,0,15.8,42.5,42332.3
China,07-04-2018,14.7,-4.7,4.4,0,11.8,22.7,42802.12
China,08-04-2018,19.1,-1,9.3,0,12,25.6,42839.23
China,09-04-2018,21.7,2.1,11.4,0,15.9,33.1,40713.37
China,10-04-2018,15.8,8.4,11.4,0,15.4,31.3,29076.53
China,11-04-2018,18.6,4.1,11.3,0.3,20.6,42.5,32182.31
China,12-04-2018,10.3,2.8,7.4,7.7,24.7,47.5,0
China,13-04-2018,5.3,1.4,2.9,2.2,17.4,37.4,10728.87
China,14-04-2018,9.7,0.3,4.5,0,10,19.4,37714.2
China,15-04-2018,14.4,-2.4,5.4,0,14.1,33.1,40848.86
China,16-04-2018,20,-0.7,9,0,10.1,20.9,43200
China,17-04-2018,22.1,3.2,12.3,0,11.9,24.5,43076.22
China,18-04-2018,26.4,3.8,14.7,0,27,52.2,43200
China,19-04-2018,23.6,9.7,15.1,13.5,29.7,60.1,35721.16
China,20-04-2018,20.6,7.4,13.1,2.2,25.8,57.6,42335.32
China,21-04-2018,15.7,6.6,11.7,1,13.8,28.4,12770.27
China,22-04-2018,19.8,7.1,13.6,0,14.9,32,36225.1
China,23-04-2018,12.4,4.6,8.1,10.8,18.7,35.3,0
China,24-04-2018,13.2,3.5,8,1.3,12,23.4,11522.81
China,25-04-2018,16.2,7.9,11.7,0,14.5,32.4,33720.53
China,26-04-2018,17.5,6.3,12.5,0.1,14.4,31.3,38591.16
China,27-04-2018,19.5,8.6,13.2,0.2,23.5,50,41299.79
China,28-04-2018,21,5.7,13,0,17,37.1,41465.27
China,29-04-2018,19.4,6.7,13.7,0,19.9,40.7,40304.54
China,30-04-2018,14,9,11,3.6,12.8,24.8,7810.94
China,01-05-2018,17.7,7.3,12.5,0,16.1,36.4,40308.07
China,02-05-2018,21.7,5.1,13,0,17.4,34.9,43200
China,03-05-2018,24.8,7.7,15.6,0,28.3,54,43200
China,04-05-2018,22.6,9.1,15.9,0,19.1,41.8,38912.18
China,05-05-2018,15.4,6.8,11.5,0.9,19.6,39.6,2403.93
China,06-05-2018,19,5,11.8,0.1,20,40.3,42848.09
China,07-05-2018,22.5,5.7,14.1,0,21.9,42.1,43200
China,08-05-2018,15.4,10.4,12.8,0,28.6,55.8,0
China,09-05-2018,15,9.4,11.8,1.4,18.8,35.3,0
China,10-05-2018,10,5.2,8.4,12.7,25.6,53.6,0
China,11-05-2018,18.9,3.9,11.7,0,14.8,32.8,37021.86
China,12-05-2018,23.3,5.5,14.4,0,10.6,25.9,43200
China,13-05-2018,28.9,7.5,18,0,20.8,40.3,43235.07
China,14-05-2018,28.1,11.2,18.8,0,17.9,34.6,43200
China,15-05-2018,27.8,9.7,19.4,0,12.9,29.5,43238.5
China,16-05-2018,23.7,12.5,18.3,1,16.8,36.7,33573.48
China,17-05-2018,24.6,10.8,18.1,0,15.6,32.8,43203.18
China,18-05-2018,24,12.7,18.3,4,29.8,58.7,42403.86
China,19-05-2018,22,9.8,15,7.1,14.5,28.8,39724.56
China,20-05-2018,22.8,9.9,16.5,10.3,21.3,43.2,23445.65
China,21-05-2018,15.3,3.3,9.5,12.2,23.4,54,0
China,22-05-2018,18.2,6.3,11.9,0,15.5,31.7,43589.74
China,23-05-2018,21.2,7.8,14.4,0,19.2,38.9,40173.7
China,24-05-2018,23.2,8.5,15.8,0.1,15.2,31,35813.4
China,25-05-2018,24,8.4,16.6,0.2,23.4,46.8,43284.5
China,26-05-2018,15.4,4.9,10.6,7.6,18.6,37.4,24615.2
China,27-05-2018,21.5,7.8,14.9,0,12.6,25.6,38968.5
China,28-05-2018,22.8,6.6,15.6,0,14.9,29.9,36711.05
China,29-05-2018,23.2,9.1,16.5,0,16.6,36.4,42040.31
China,30-05-2018,23.2,8,16.7,0,22.7,44.6,43853.98
China,31-05-2018,23.5,10.3,17,0,33,64.1,44204.16
China,01-06-2018,24.3,11.7,16.8,0.4,25.7,49.3,25532.4
China,02-06-2018,25.2,10.6,18.5,0.9,13.4,30.6,39509.99
China,03-06-2018,15.5,6.3,12.7,4.2,12.4,23,1240.35
China,04-06-2018,23.6,4.9,14.3,0,18.9,40.3,44822.1
China,05-06-2018,28.5,8.6,18.6,0,13.3,27,43252.71
China,06-06-2018,25.6,12.5,18.6,0,21.4,43.6,34927.37
China,07-06-2018,16,9.9,13.6,6.2,16.6,31.7,0
China,08-06-2018,19.6,7.4,13.7,0.6,11.8,28.4,44821.46
China,09-06-2018,21.3,6.7,14.3,0,16.9,33.8,40934.73
China,10-06-2018,24.1,8.4,16.3,0,27.4,50.8,44618.64
China,11-06-2018,26.6,9.6,17.9,0,21.6,42.8,45453.41
China,12-06-2018,27.8,9.8,19.7,0,20.8,40,45600.32
China,13-06-2018,28.2,14,21.1,0,15.3,31,34899.34
China,14-06-2018,28,12.9,20.8,0,28,55.1,40932.42
China,15-06-2018,25.5,14.8,18.5,3.4,24,48.6,21600
China,16-06-2018,26.2,11.8,18.9,0,11.6,28.4,36507.82
China,17-06-2018,21.4,13.8,18.1,0.4,10.7,21.2,3925.11
China,18-06-2018,21.3,11.9,16.7,2.4,8.6,19.8,17002.38
China,19-06-2018,23.4,15.7,19.3,0.2,11.8,25.9,31343
China,20-06-2018,26.7,11.2,20.1,0,17.3,34.9,45113.55
China,21-06-2018,26,15.8,21,0.2,13.4,27.4,41288.33
China,22-06-2018,30.5,13.2,22.5,0,23.9,47.5,46277.78
China,23-06-2018,28.4,15.6,22.4,0,25.6,48.2,44581.87
China,24-06-2018,20.8,16.9,18.8,24.4,16.3,34.9,722.88
China,25-06-2018,23.4,15.2,19.2,6.7,16.5,33.1,15023.21
China,26-06-2018,25.5,17,21,0,14.3,31,40303.2
China,27-06-2018,26.8,16.2,21.1,4.2,16.8,33.8,43857.5
China,28-06-2018,26.8,15.8,21.8,0.9,21.1,42.1,44466.48
China,29-06-2018,27.4,16.8,21.5,3.6,15.5,32.8,40930.95
China,30-06-2018,27.4,16.3,22.7,0,12.2,25.2,43824.23
China,01-07-2018,24.3,14.8,20,32.2,19,42.8,6256.38
China,02-07-2018,20.3,14.1,16.8,12.7,19.8,37.4,3537.35
China,03-07-2018,17.4,12.9,15.2,12.1,13.4,25.2,3115.66
China,04-07-2018,23,13.5,17.3,0.2,14,27.4,35914.16
China,05-07-2018,24.9,12.9,19.1,0,14,28.8,43921.79
China,06-07-2018,22.9,16.9,19.6,1.9,12.7,27.4,19697.57
China,07-07-2018,18.7,16,17.7,7.7,11.3,27,267.63
China,08-07-2018,19.5,15.6,17.2,5.8,9.5,22,0
China,09-07-2018,25.1,12.8,19.2,0.2,17.7,33.8,45058.1
China,10-07-2018,21,14.6,16.9,10.3,19.6,37.4,13534.96
China,11-07-2018,25,12.8,19,0,14.9,30.2,40443.97
China,12-07-2018,27.2,12.9,20.1,0,18.5,35.6,40385.15
China,13-07-2018,28.9,13.6,21.4,0,16.5,32.8,47245.36
China,14-07-2018,27.9,15.9,21.6,0,25.2,49.3,44864.2
China,15-07-2018,21.5,16.1,18.5,7.8,17.8,36.7,26547.51
China,16-07-2018,28.3,14.3,20.9,2.8,9.6,21.6,46904.79
China,17-07-2018,30.1,15.5,22.4,0,23.7,45.4,44987.12
China,18-07-2018,28.7,17.9,22.9,1.4,26.8,52.9,38623.35
China,19-07-2018,26.8,16.1,21.9,30.8,17.3,35.3,44769.28
China,20-07-2018,21.2,14.2,17.9,16.6,21.7,41,0
China,21-07-2018,25.6,13.2,19,0.3,15.2,29.2,46180.58
China,22-07-2018,27.1,15.1,21,0,20.1,40.3,42138.7
China,23-07-2018,20.3,15.6,18.5,4.5,25.8,51.1,9313.04
China,24-07-2018,27.7,14.5,20.2,0,12.1,20.5,42421.09
China,25-07-2018,29,13.4,21.4,0,21.4,41,46190.38
China,26-07-2018,28.6,17.1,22.5,0,20,38.5,45309.41
China,27-07-2018,28.7,18.6,22.9,0,26.5,50.4,43439.77
China,28-07-2018,28.3,18.8,23.2,0,26.7,50.4,39225.64
China,29-07-2018,27.1,18.8,22.7,0.4,16.3,32.8,36217
China,30-07-2018,27.1,17.8,22.2,0.1,19.5,38.5,42467.96
China,31-07-2018,26.1,17.3,21.4,0.1,20.6,42.5,39621.81
China,01-08-2018,26.7,17,21.5,0,27.2,53.3,32786.21
China,02-08-2018,23.8,18.1,20.4,2.5,28.9,55.1,7551.26
China,03-08-2018,25.6,17.6,20.6,5.2,24,48.2,17660.36
China,04-08-2018,27.7,16.8,21.9,0.2,15,32,39270.46
China,05-08-2018,28.7,15.3,22.4,0,10.7,22.7,44562.41
China,06-08-2018,26.2,16.1,21.2,1.5,11.6,24.1,40935.56
China,07-08-2018,23.2,15.7,19.6,24.2,13.5,30.6,22658.16
China,08-08-2018,26.8,15.8,21.2,1.2,15.5,30.2,43740.15
China,09-08-2018,27.3,15.3,21.6,0,15.6,32.8,43219.79
China,10-08-2018,24.3,16.5,20.4,7.8,12.8,28.8,41128.45
China,11-08-2018,26.1,16.9,21.7,2,9.2,23.8,43370.49
China,12-08-2018,22.7,16.2,19.1,1.4,10.7,31,35751.74
China,13-08-2018,22.1,15.4,18.6,2.3,9.5,21.6,25427.57
China,14-08-2018,24.9,14.9,19.5,5.2,13.3,28.8,37129.89
China,15-08-2018,24.5,16.9,19.8,13,13.7,27.7,28690.21
China,16-08-2018,20.8,15.1,17.3,9,18.2,46.4,24643.82
China,17-08-2018,24.3,13.5,18.4,0,14.5,29.2,35234.61
China,18-08-2018,25.6,15,19.9,0,16.6,34.6,43200
China,19-08-2018,25.9,14.8,20.4,0,13.3,27,43200
China,20-08-2018,24.3,15.2,20.1,4.8,11.5,24.8,34253.33
China,21-08-2018,19.2,12,16.9,20.1,26.1,51.1,5633.84
China,22-08-2018,24.2,10.2,16.5,0,12.7,21.6,43200
China,23-08-2018,25,11.2,18.2,0,20.6,40.7,43200
China,24-08-2018,25.1,12.6,18.9,0,18.3,35.6,43200
China,25-08-2018,18.8,16.3,17.4,5.7,21.7,40.3,4424.48
China,26-08-2018,24.4,15.3,19.2,0.3,24.5,46.8,31853.85
China,27-08-2018,20.8,16.5,18.6,5.6,23.9,46.8,15116.51
China,28-08-2018,24.1,16.4,19.9,0,8.8,19.4,28930.79
China,29-08-2018,26,15.8,20.6,0.2,14.3,29.9,42591.07
China,30-08-2018,23.6,17.5,19.8,4.9,6.2,16.6,30742.43
China,31-08-2018,26.1,18.1,21.1,1.8,16.1,31,36225.53
China,01-09-2018,19.5,15.4,18,24.1,19.5,46.4,0
China,02-09-2018,17.5,12.2,15.3,4.9,10.1,19.1,8523.9
China,03-09-2018,23.2,10.7,17.3,0.8,15.9,33.8,43125.07
China,04-09-2018,17.2,14.1,16.1,7.1,14,27.7,0
China,05-09-2018,18.8,12.2,14.8,6.1,13.2,28.1,23844.39
China,06-09-2018,17.9,9.7,14.7,0,12.1,27.4,42962.82
China,07-09-2018,18.3,7.1,13.2,0,15.8,31.7,41910.45
China,08-09-2018,21.2,7.3,14,0,19.4,37.4,42701.91
China,09-09-2018,16.2,9.4,12.9,0.6,18.2,35.6,15819.64
China,10-09-2018,21.4,8,14.4,0,13.8,28.4,39064.98
China,11-09-2018,20.4,9,14.4,0.3,15.2,32,36954.46
China,12-09-2018,20.3,11.8,15.7,1.4,16.6,32.8,28235.88
China,13-09-2018,17.5,10.1,14.5,0.9,14.8,29.9,20629.42
China,14-09-2018,15.9,6.6,12,3.7,15.6,29.5,18539.17
China,15-09-2018,10.5,6,8.1,8.5,13,27.7,0
China,16-09-2018,17.5,5.9,11.2,0,19.1,38.2,37402.52
China,17-09-2018,16.4,8.1,12.1,1,18.2,37.8,28444.02
China,18-09-2018,16.4,9.8,13,4.3,8.9,22.7,16177.39
China,19-09-2018,18.5,11.1,14.3,8.8,15.7,33.5,35621.34
China,20-09-2018,20.4,11.3,15.4,0,10.2,22,38013.55
China,21-09-2018,18.9,8.4,13.7,0,12.4,24.5,38783.38
China,22-09-2018,20.2,7.9,13.6,0.1,9.7,25.2,40377.59
China,23-09-2018,21.3,7.5,15,0,24.4,46.8,29633.86
China,24-09-2018,20.8,13.2,15.9,0,22.7,43.6,34112.46
China,25-09-2018,18.5,11.5,14.9,1.7,19,37.8,23772.34
China,26-09-2018,18.3,10.9,14.3,1.2,13.4,26.6,16920.53
China,27-09-2018,12.5,6.1,10.3,5.9,17.6,36.7,12530.1
China,28-09-2018,17.2,5.5,10.7,0,11.1,21.6,39381.18
China,29-09-2018,18.5,6.3,12.5,0,12.7,28.8,38336.3
China,30-09-2018,13.8,6.4,10.4,0.5,13.9,28.4,7117.28
China,01-10-2018,14.4,5.7,9.5,0,10,18.7,38265.2
China,02-10-2018,14.9,2.7,8.7,0.1,9.4,19.4,37859.68
China,03-10-2018,17.2,2.6,10.2,0.2,12.7,25.6,38353.52
China,04-10-2018,18.1,3.1,10.7,0,15,29.9,38154.22
China,05-10-2018,13.9,5.9,10,0.3,11.8,24.1,22457.15
China,06-10-2018,15.1,5.2,10.2,0,11.2,25.6,31144.36
China,07-10-2018,14.8,5,9.9,0.2,8.2,17.3,30638.42
China,08-10-2018,12.4,5.6,9.2,2.7,14.3,27.4,11125.25
China,09-10-2018,12.7,3.2,7.6,0,10,24.8,37159.67
China,10-10-2018,13.3,0.1,7.2,0,10,23.8,30313
China,11-10-2018,14.9,1.3,8.1,0.3,13,27.4,37262.16
China,12-10-2018,15.7,2.8,8.6,0,17.8,34.6,36322.1
China,13-10-2018,10.8,5.8,8.7,1.7,18.5,35.6,0
China,14-10-2018,11.9,2.7,7.2,1.1,11.1,23,20833.33
China,15-10-2018,14.8,3.5,8.8,0.6,11.7,23.4,36880.99
China,16-10-2018,14.5,2.9,8.5,0.5,17.6,34.2,31481.15
China,17-10-2018,17.5,4.9,9.6,0,21.8,42.1,36131.58
China,18-10-2018,13.5,7.3,10,1.2,20.4,38.5,16020.77
China,19-10-2018,11.1,7,8.4,1.2,22.7,44.6,5939.45
China,20-10-2018,13.1,4.8,8.7,0.2,18.2,36,13168.42
China,21-10-2018,11.6,5.3,7.7,2.5,11.5,23,18033.65
China,22-10-2018,9.4,1.8,5.8,2.3,8,17.6,21265.93
China,23-10-2018,13.6,0.9,6.4,0,10.8,22,35710.08
China,24-10-2018,13.5,3.2,7.4,1.1,17.6,33.8,27309.73
China,25-10-2018,9.6,2.4,6.2,0,11.2,27,35404.15
China,26-10-2018,11.3,0.3,5.8,0,12.8,20.9,35490.34
China,27-10-2018,13.1,0.9,6.8,0,10.8,23.4,35345.57
China,28-10-2018,13.3,4.4,8.1,0,11.1,26.3,35209.17
China,29-10-2018,13.2,3.3,8.1,0,9.7,24.1,35145.56
China,30-10-2018,13.3,3.6,8.4,0,9.5,21.2,35048.35
China,31-10-2018,14.9,0.2,6.7,0,14.2,31.3,34983.29
China,01-11-2018,18,0.2,7.7,0,24,45,34919.21
China,02-11-2018,15.5,4.5,8.7,0,21.4,42.5,34856
China,03-11-2018,8.3,1.4,3.6,0.7,15.3,28.8,5435.29
China,04-11-2018,4.4,-1,1.6,5.5,11.4,26.6,19831.14
China,05-11-2018,3.9,-0.7,1.3,3.4,8,18,10032.2
China,06-11-2018,3.8,-4,0.5,0.8,10.9,25.9,23487.39
China,07-11-2018,4.7,-4.3,0.3,1.9,10,24.1,30955.12
China,08-11-2018,9.2,-5.2,1,0,12.9,24.1,34498.48
China,09-11-2018,9.8,-3.2,2.3,0,13.7,27.4,33264.91
China,10-11-2018,6.8,-2.6,1.9,0,10.7,20.9,34338.27
China,11-11-2018,9.2,-3.7,1.6,0,10,15.8,34221.01
China,12-11-2018,10.8,-3.5,2.4,0,10.2,20.9,34105.3
China,13-11-2018,11,-0.4,4,0,14.3,27,33991.35
China,14-11-2018,2.6,-2,0.7,1.4,15.5,28.8,18983.96
China,15-11-2018,0.5,-2.6,-1.3,2.6,8.8,20.9,11164.75
China,16-11-2018,-1.3,-3.9,-2.8,5.2,9.7,22,0
China,17-11-2018,1.3,-6,-2.7,0,9.2,22,18867.54
China,18-11-2018,4.5,-8.1,-3,0,12.4,24.8,33453.34
China,19-11-2018,4.9,-6.5,-1.7,0,11.4,22,33310.59
China,20-11-2018,2.5,-6.2,-2.2,0,12.6,23,29400.59
China,21-11-2018,3.4,-8.3,-3.5,0,11.2,22.3,33045.68
China,22-11-2018,8,-5.5,-0.3,0,10.1,22.3,32859.65
China,23-11-2018,8.9,-4.6,0.8,0,10.7,20.2,31523.11
China,24-11-2018,6.4,-3.2,1.6,0,10.6,22,30099.88
China,25-11-2018,10.2,-3.2,2,0,12.6,23,32534.94
China,26-11-2018,4.3,-4.3,0.3,0,11.2,22.7,24195.6
China,27-11-2018,6.1,-4.7,-0.5,0,14.8,22,32184.02
China,28-11-2018,8.3,-3.5,1,0,12.4,21.6,32012.85
China,29-11-2018,7.9,-2.9,1.2,0,12.6,19.1,31244.26
China,30-11-2018,4.6,-2.1,1.1,0,11,23.4,28478.56
China,01-12-2018,7.6,-4.2,0.5,0,12.6,21.2,29932.18
China,02-12-2018,-1.5,-4.7,-3.1,0,19,37.1,18252.68
China,03-12-2018,0.2,-8.4,-4.9,0,16.6,33.8,31499.08
China,04-12-2018,2.5,-9.7,-5.5,0,16.8,32,31643.76
China,05-12-2018,-0.3,-8.1,-4.9,0,21.7,42.8,31587.64
China,06-12-2018,-4.2,-9.8,-7.4,0,20.2,41.8,30298.22
China,07-12-2018,-2.5,-10.1,-7.2,0,12.6,26.3,29228.46
China,08-12-2018,-3.5,-9.4,-7.4,0.3,13.7,29.9,13519.94
China,09-12-2018,1.2,-11.8,-6.6,0,12.8,26.6,31283.32
China,10-12-2018,-0.9,-9.2,-6.1,0.2,14.7,31,28698.25
China,11-12-2018,-0.2,-13.3,-7.8,0,10.1,23.4,31295.79
China,12-12-2018,1.8,-10.2,-5,0,9,16.9,30051.26
China,13-12-2018,3.5,-7.8,-3.3,0,12.7,25.2,30232.96
China,14-12-2018,1.2,-7.6,-3.5,0,12.9,27.4,29760.83
China,15-12-2018,2.4,-7,-3.5,0,12.7,27.4,30339.51
China,16-12-2018,3,-9.3,-3.7,0,15.2,32.4,31132.23
China,17-12-2018,5.8,-6.9,-2.1,0,14.5,22.3,31123.68
China,18-12-2018,5.1,-6.2,-1.2,0,12.3,24.8,28248.96
China,19-12-2018,6.7,-4.3,-0.3,0,14,27.4,27333.38
China,20-12-2018,2.8,-6,-2.9,0,15,30.2,30556.47
China,21-12-2018,0.3,-6,-3.7,0.1,9.5,20.2,10859.6
China,22-12-2018,-4.6,-8.7,-6.1,0.5,15.3,29.5,0
China,23-12-2018,-1.6,-12.7,-7.8,0,15.5,29.5,30607.11
China,24-12-2018,-1.9,-9.8,-6,0,12,23.4,28584.95
China,25-12-2018,1,-8.8,-4,0,12.6,25.9,29222.16
China,26-12-2018,1,-8.8,-4.2,0,10.6,22.7,30854.29
China,27-12-2018,-4.3,-10.5,-7.3,1.8,15,31,784.9
China,28-12-2018,-5.9,-11.9,-9.8,1.5,16.7,34.9,28104.5
China,29-12-2018,-2.2,-12.8,-8.1,0.1,17,31.7,30536.79
China,30-12-2018,-1.4,-15.2,-8.8,0,11.6,23,31132.58
China,31-12-2018,-2.9,-12.8,-8.7,0,12,24.1,30898.79
China,01-01-2019,-0.7,-12.8,-7.3,0,10.1,19.4,30943.54
China,02-01-2019,4.8,-11.8,-5.5,0,13.2,25.6,31261.11
China,03-01-2019,-1.5,-9.2,-5.7,0,13.5,28.4,28126.47
China,04-01-2019,-1.7,-8.9,-6.1,0.5,10.9,23,21301
China,05-01-2019,4,-11.4,-4.9,0,12.4,27,31410.37
China,06-01-2019,-1.1,-8.9,-5.4,0,15,28.4,30304.4
China,07-01-2019,-3,-10.8,-7.2,0,12.4,29.9,28595.4
China,08-01-2019,0.2,-11.2,-6.1,0.1,17.9,37.4,31398.11
China,09-01-2019,-1.1,-10.8,-6,0,10,21.2,29114.37
China,10-01-2019,-2.6,-10.3,-6.8,0.2,11.2,23.8,31151.95
China,11-01-2019,2.3,-12.8,-5.6,0,12.4,25.2,31757.96
China,12-01-2019,1.4,-8.8,-4.1,0,11,22.3,31729.29
China,13-01-2019,2.1,-9,-3.3,0,10.2,19.8,26443.81
China,14-01-2019,-2.6,-7.9,-4.9,0,15.3,31.7,17919.54
China,15-01-2019,-1.5,-9.5,-6.3,0.2,20.6,42.1,31458.1
China,16-01-2019,-1.2,-13.6,-7.8,0,15,32.4,32269.67
China,17-01-2019,5.5,-12.5,-5.2,0,14.5,28.4,32241.75
China,18-01-2019,-2.2,-9.7,-5.4,0,17.6,36.4,32406.63
China,19-01-2019,-1.1,-11.1,-5.7,0,11.1,26.3,30952.17
China,20-01-2019,-4.5,-9.8,-6.8,1.4,15,32.4,9069.9
China,21-01-2019,1.7,-14.3,-7.1,0,15.7,34.6,32820.54
China,22-01-2019,4.5,-14,-5.4,0,12.7,21.6,33103.06
China,23-01-2019,6.6,-11,-4.1,0,14.7,28.4,33077.45
China,24-01-2019,-1.7,-7.1,-4.7,0.8,12.1,25.9,26985.45
China,25-01-2019,2.9,-9.1,-3.9,0,17.6,34.9,33235.43
China,26-01-2019,3.5,-7.1,-2.5,0.3,10.8,23.4,32760.74
China,27-01-2019,1.1,-5.6,-3.4,0.6,13.9,27.7,31673.78
China,28-01-2019,-0.4,-6.1,-3,0.4,13,27.4,13465.65
China,29-01-2019,2.5,-5.3,-1.8,0,16.3,31,28770.61
China,30-01-2019,-2.9,-8.1,-5,1,17.2,33.5,14676.82
China,31-01-2019,-0.5,-12.2,-6.9,0.8,14.6,28.8,33604.71
China,01-02-2019,4.6,-11.9,-4.8,0,21.1,40.7,34147.73
China,02-02-2019,-1.7,-6.8,-4.3,0,16.1,34.6,26027.26
China,03-02-2019,0.4,-10,-4.8,0,17.3,36,33632.18
China,04-02-2019,5.6,-8.9,-2.1,0,16.6,29.9,34304.58
China,05-02-2019,6.4,-7.6,-2,0,15.7,29.9,32468.12
China,06-02-2019,5,-3.4,0.2,0,14.4,28.4,32400
China,07-02-2019,5.9,-5.4,-1.3,0,17.4,37.1,34510.43
China,08-02-2019,0,-7.2,-4.6,0.1,17.7,33.5,34530.16
China,09-02-2019,-1.8,-7.1,-5,1.2,18.4,36.4,15762.41
China,10-02-2019,1.4,-7,-3.8,0.7,19.7,37.4,32563.38
China,11-02-2019,8.2,-9.9,-2.6,0,16.3,33.1,34953.14
China,12-02-2019,6.1,-7.1,-1.7,0,22.1,42.8,35100.45
China,13-02-2019,11.5,-6.6,0.8,0,21.2,38.5,35012.04
China,14-02-2019,0.3,-5.7,-3.2,0,14.8,33.8,33347.3
China,15-02-2019,2,-7.7,-3.2,0,15.9,32.4,34982.85
China,16-02-2019,0.1,-6.1,-3.3,1.3,14.5,30.6,23894.25
China,17-02-2019,-2,-8,-5.1,1.4,10,20.9,14408.31
China,18-02-2019,2.1,-8.3,-3.9,0.9,10.1,26.6,35939.15
China,19-02-2019,5.5,-8.4,-2.9,0,21.2,40.3,35271.24
China,20-02-2019,5.3,-6.1,-1.2,0.2,17.9,37.1,35584.96
China,21-02-2019,8.3,-3.8,0.6,0,12.2,27,33173.23
China,22-02-2019,6.5,-4.7,-0.5,0,18.5,36.4,34478.38
China,23-02-2019,6.3,-4.1,0.5,0.1,17.8,36.4,18785.73
China,24-02-2019,3.1,-1.6,0.2,2.4,11.9,26.3,21719.96
China,25-02-2019,3.9,-4.8,-0.2,1.9,16,32.8,18950.38
China,26-02-2019,2.8,-2.1,0,2.1,7.4,18.4,5691
China,27-02-2019,4.5,-4,-0.2,0.4,13.3,27.7,29831.73
China,28-02-2019,5,-4.9,-0.8,0,17.6,36.4,22059.82
China,01-03-2019,3.8,-2,0.5,0.9,15.1,30.2,8410.61
China,02-03-2019,7.6,-3,1.7,0,7.8,20.2,35633.58
China,03-03-2019,12.3,-4.4,2.2,0,12.8,23.4,38065.09
China,04-03-2019,10.1,-2.6,2.9,0,13.2,29.5,29349
China,05-03-2019,8.6,-0.4,4,0,13.2,26.6,31814.68
China,06-03-2019,8,-1.7,2.5,0,27,52.9,33677.3
China,07-03-2019,8.8,0.8,3.5,0,23.8,45.7,25431.37
China,08-03-2019,8.2,-1,2.9,0.6,15.9,33.8,36782.71
China,09-03-2019,9.2,-1.9,3.7,0.6,9.4,25.6,36636.23
China,10-03-2019,7.6,-1.6,2.4,2.1,13.3,30.2,37628.59
China,11-03-2019,7.4,-3,1.3,0.1,12.3,27.7,38509.24
China,12-03-2019,10.4,-4.4,2.6,0,11,20.2,38563.16
China,13-03-2019,6,-3.8,2.1,1.3,12.1,26.6,15151.61
China,14-03-2019,8.5,-4.2,2.1,0,11,23.8,37784.83
China,15-03-2019,11.5,-3.1,3.6,0,22.5,45.4,35795.85
China,16-03-2019,11.9,-2.3,4.6,0,14.3,29.9,38019.32
China,17-03-2019,7.6,0.4,3,1.5,12.3,28.4,20773.35
China,18-03-2019,14.4,-1.4,5.9,0,20.4,38.5,39311.67
China,19-03-2019,14.7,1.6,7.5,0.3,21.6,41.4,36000
China,20-03-2019,6.9,-1.8,2.9,0.3,15.9,32.8,35856.42
China,21-03-2019,8.5,-4.6,1.5,0,16.5,34.9,39457.58
China,22-03-2019,7.1,-1.4,2.2,0.2,10.5,26.6,22052.2
China,23-03-2019,12.1,-2.3,4,0,19.1,38.9,39136.65
China,24-03-2019,10.5,-3.3,3.3,0,13,29.9,40093.87
China,25-03-2019,13.4,-2.6,5.3,0,10.1,19.4,39886.66
China,26-03-2019,14,-1.3,7,0,12.6,28.4,33441.16
China,27-03-2019,14,3.4,8.7,0,10.7,25.6,24874.52
China,28-03-2019,13.6,-1.4,6.4,0,12.6,29.5,40213.45
China,29-03-2019,11.3,0.4,6.4,0,13,31,40758.48
China,30-03-2019,9.6,-3.7,3.8,0,13.2,30.6,26311.22
China,31-03-2019,15.5,-1.9,6.6,0,11.9,25.2,41296.39
China,01-04-2019,18.6,0.4,9.3,0,19.8,40.3,27537.51
China,02-04-2019,15.2,3.3,9.8,0,15,29.5,30250.51
China,03-04-2019,16.3,3.8,10.1,0,22.8,46.4,32376.34
China,04-04-2019,16.8,3,10.6,0,17.8,41,41177.17
China,05-04-2019,20.4,4.5,11.7,0,17.1,36.4,42161.77
China,06-04-2019,19.8,6.6,13.3,0,14.9,31.3,42329.89
China,07-04-2019,20.4,3.3,12.1,1.9,10.9,24.8,38579.63
China,08-04-2019,18.2,4.3,10.2,3.1,24,49.3,22695.01
China,09-04-2019,13,0.1,6.6,0,19.6,42.1,39111.27
China,10-04-2019,13.8,3.8,8.3,0,16.6,32.8,34126.67
China,11-04-2019,18.7,2.7,10.3,0,21.5,43.9,42033.86
China,12-04-2019,15.2,4.6,9.7,0.7,19.4,37.1,29463.51
China,13-04-2019,9.4,4.3,6.7,4.9,18.7,36.4,2214
China,14-04-2019,16.9,1.5,9.5,0,17.2,34.2,42096.74
China,15-04-2019,13.3,4.5,8.6,0.2,20.2,43.2,39083.44
China,16-04-2019,24,1.3,12.2,0,13.9,27.7,43200
China,17-04-2019,26.6,5.3,15.7,0,17.7,35.3,43200
China,18-04-2019,25.7,8.1,16.1,0,21.7,43.2,40618.85
China,19-04-2019,19,9.9,14.3,3.6,23.5,46.4,9988.4
China,20-04-2019,19.2,8.1,12.8,4.9,15.7,34.2,33511.34
China,21-04-2019,21.3,7.9,14.5,0,19.6,38.2,35507.89
China,22-04-2019,23.3,5.3,15,0,13.8,29.5,38856.11
China,23-04-2019,25.5,9.6,18.1,0,14.1,30.2,43200
China,24-04-2019,21.2,10.2,16.1,0,21.1,44.3,42964.7
China,25-04-2019,26.8,8.9,17.3,0,18.1,37.1,43200
China,26-04-2019,24.1,12.4,17.4,12.4,35.6,69.1,25115.9
China,27-04-2019,20.7,7.4,13.4,6,27.3,51.5,43200
China,28-04-2019,19.3,9.3,13.5,1.1,18.4,38.5,30871.12
China,29-04-2019,16.9,4.6,11,2.1,19.5,37.8,15355.84
China,30-04-2019,18.7,1.8,10.4,0,24.3,51.5,42661.24
China,01-05-2019,19.3,6.1,12.5,0,16.1,33.8,25453.94
China,02-05-2019,21.9,7.8,14.3,0,30.6,58,37768.49
China,03-05-2019,17.7,9.1,13.4,2.6,21.9,48.2,39600
China,04-05-2019,22.3,6.3,14.1,0.8,24.9,49.3,36639.98
China,05-05-2019,13.3,10.2,12,17,21.3,42.8,0
China,06-05-2019,11.1,6.7,9.3,12.8,28.8,55.8,0
China,07-05-2019,10,4.2,7.1,6,18.8,38.5,636.51
China,08-05-2019,12.7,5,8.8,0.4,22.1,45,35905.22
China,09-05-2019,14.1,3.6,8.8,3,13.5,29.9,31488.01
China,10-05-2019,15.2,4.9,10.2,0.6,10.2,22,37065.93
China,11-05-2019,20.5,4.4,12.3,0,12.6,30.2,43065.02
China,12-05-2019,13.4,1.9,7.9,0,18.1,34.6,40268.02
China,13-05-2019,21.5,4.4,12.8,0,16.4,32.8,43200
China,14-05-2019,19.7,10,13.8,1.5,18.1,37.4,30323.96
China,15-05-2019,18.4,7.7,13,0.7,19.7,37.4,30812.04
China,16-05-2019,22.1,9.3,14.9,0.7,18.4,36,33842.75
China,17-05-2019,26.6,7.3,16.5,0.5,22.8,43.9,40058.55
China,18-05-2019,22.1,9.9,15.1,20.6,22.5,44.3,39600
China,19-05-2019,14.8,5.6,10.3,0,13.3,25.6,35998.02
China,20-05-2019,21,4.6,13.1,0,20.6,40,43458.55
China,21-05-2019,21.6,6.2,14.7,0.2,15.6,34.2,43564.6
China,22-05-2019,24.6,8.7,16.7,0,19.3,37.4,43550.6
China,23-05-2019,22.9,11.4,17.2,0,17.3,33.8,40853.16
China,24-05-2019,26.8,10.9,19.2,0,18.3,35.3,43964.74
China,25-05-2019,24.4,11.1,17.8,0.9,17.9,37.1,43094.29
China,26-05-2019,17.4,11.8,14.5,0.6,21.7,42.5,35010.37
China,27-05-2019,11.8,2.9,8.1,7.7,14.5,31.3,705.83
China,28-05-2019,19.1,3.8,11.7,0,9.5,23.4,44229.7
China,29-05-2019,17.4,6.6,12.5,0.2,18.3,37.1,11997.08
China,30-05-2019,19.2,7.9,14.1,0,13,29.9,32799.6
China,31-05-2019,16.1,9.2,12.8,0.7,22.7,45.4,6867.05
China,01-06-2019,24.1,6,15.7,0,17.6,38.2,44350.68
China,02-06-2019,24,9.3,16.8,0,12.7,29.5,42269.36
China,03-06-2019,26.4,10.6,19,0,14.9,30.6,44111.89
China,04-06-2019,19.1,10.5,14.6,8.9,23.4,43.9,0
China,05-06-2019,23.9,7.2,16.2,0,10.1,25.2,44325.68
China,06-06-2019,25.6,12,18.6,0,18.4,34.2,40995.06
China,07-06-2019,24,11.8,18.7,0.5,23.7,46.8,42574.83
China,08-06-2019,23.1,11.9,17.9,0,9.7,20.5,22540.57
China,09-06-2019,24.8,12.4,18.9,0,20.6,42.5,38296.19
China,10-06-2019,22.1,10.8,17.5,0.9,15.3,33.5,25303.05
China,11-06-2019,20.7,14,17.2,1.6,18.1,37.1,2740.72
China,12-06-2019,25.3,13.1,19.1,0.2,11.5,25.2,46588.48
China,13-06-2019,27.5,10.6,19.8,0,23.7,45.7,46257.48
China,14-06-2019,22,12.9,16.8,19.4,24.5,46.4,2228.5
China,15-06-2019,18.8,12.8,14.7,7.2,11.2,22,16275.26
China,16-06-2019,22.9,10.8,17.1,0,9.7,20.5,29674.11
China,17-06-2019,25.1,12.4,18.6,0,21,41,38600.51
China,18-06-2019,18.7,11.6,15.5,0.6,13,26.6,4168.57
China,19-06-2019,22.9,13.1,17.9,0,7.1,20.5,27075.62
China,20-06-2019,24.7,15.2,19.6,1.4,18.6,36,31370.44
China,21-06-2019,20,15.8,17.7,10.2,16.9,33.8,3431.21
China,22-06-2019,23.7,15,19,0.7,18.3,35.6,41146.51
China,23-06-2019,23.2,15.6,18.8,2.5,24.5,49.3,40508.14
China,24-06-2019,25.9,13.7,20.1,0.2,12,28.4,45146.94
China,25-06-2019,23.9,15.7,20.3,0.1,13.1,27,41367.3
China,26-06-2019,19.6,12.5,16.3,15.7,21.5,41.8,2002.22
China,27-06-2019,13.5,11.7,12.3,14,20.1,37.8,0
China,28-06-2019,22.6,11.3,17.2,0,10.9,26.6,39904.77
China,29-06-2019,24.1,14.5,19.1,0,10.9,24.1,31993.04
China,30-06-2019,22.9,13.5,17.8,0.1,13,27.7,23127.72
China,01-07-2019,25.8,10.4,18.6,0,17.6,34.6,42844.49
China,02-07-2019,23.5,15.8,19.6,0,12.5,24.8,24551.6
China,03-07-2019,24.3,13.6,18.8,0,14.1,27,19261.31
China,04-07-2019,28,12.1,20.8,0,11,23,47817.86
China,05-07-2019,27.3,14.5,21.5,0,19.1,39.2,47808.26
China,06-07-2019,26,12.1,20,0,16.6,33.1,45636.61
China,07-07-2019,26.5,14,20,1.8,31.4,60.1,42822.63
China,08-07-2019,20.5,11.7,15.9,9.8,15,29.9,37242.25
China,09-07-2019,20.5,11.5,16.4,0.4,19.5,40.7,46106.71
China,10-07-2019,24.1,9.7,17.7,0,10.3,22,41605.61
China,11-07-2019,22.4,13,17.8,0.4,12.5,27,14950.4
China,12-07-2019,24.4,14,18.9,0,17.7,33.5,42510.87
China,13-07-2019,26.6,12.4,20,0,9.8,21.6,47527.86
China,14-07-2019,24,14,19.1,0.1,20.4,38.9,19277.96
China,15-07-2019,18,13.8,16.3,6.4,12.1,23.8,123.12
China,16-07-2019,26.4,11.3,19.1,0,13,27,46914.37
China,17-07-2019,26.2,13.1,20.2,0,11.8,26.6,43693.91
China,18-07-2019,24.7,15.5,19.7,10.4,13.2,26.6,26170.02
China,19-07-2019,20.3,16.1,17.9,4.8,10.6,22.3,379.66
China,20-07-2019,28.4,13.8,22.1,0,14.7,30.2,46926.38
China,21-07-2019,20.3,15.3,18.2,8.4,14.5,31,2154.35
China,22-07-2019,24.7,13.1,19.1,0,9.5,21.6,46154.06
China,23-07-2019,27.1,13.2,20,0.2,13.5,29.5,40567.76
China,24-07-2019,23.2,14.5,17.9,5.9,10.5,18,23075.64
China,25-07-2019,30.2,11.1,20.4,0,14.7,29.5,46493.81
China,26-07-2019,32.1,15.5,23.2,0,25.1,48.6,46452.55
China,27-07-2019,27.7,16.2,22.2,0,18,38.9,45595.41
China,28-07-2019,29.4,17.3,22.8,5,26.1,50.8,39512.85
China,29-07-2019,27.9,13.4,20.3,7.7,18.5,49.7,45665.82
China,30-07-2019,28.3,13.4,20.9,0,14.8,32.4,44527.26
China,31-07-2019,28.5,16.8,21.8,0,12.7,27.7,38424.63
China,01-08-2019,28.6,14,21.7,0.6,19.3,37.4,41758.84
China,02-08-2019,20.1,15.8,18.3,13.8,19.4,37.4,0
China,03-08-2019,26.4,13.9,19.5,0,14.7,33.1,45051.25
China,04-08-2019,25.5,13.8,20.5,0,10,23.4,39321.02
China,05-08-2019,26.1,15.5,20.7,0,13.4,27,24584.4
China,06-08-2019,28.3,12.2,20.4,0,13.2,24.5,44833.68
China,07-08-2019,29.7,13.3,21.9,0,21.5,41.4,36401.44
China,08-08-2019,20.9,13.7,18.2,6.1,18.2,36,0
China,09-08-2019,25.2,13.8,18.7,0,13,32,39600
China,10-08-2019,27.6,13.2,21.4,0,18.8,39.2,44004.99
China,11-08-2019,27.5,13.4,20.8,0,9.7,24.5,44257.25
China,12-08-2019,28.2,12.3,20.3,0,12,26.6,44000.31
China,13-08-2019,21.7,13.6,17.9,0.5,19.6,38.2,23862.68
China,14-08-2019,27.6,12.3,20.6,0,14.1,32,43872.58
China,15-08-2019,30.8,12.3,21.6,0,10,23,43985.88
China,16-08-2019,27.2,15.6,21.7,0,15.6,33.8,32238.06
China,17-08-2019,27.8,14.5,21.1,0.3,23.5,45.4,36587.83
China,18-08-2019,29.6,16.3,22.2,0,25.5,51.8,43178.97
China,19-08-2019,30,17,21.9,4.8,21.1,41.4,38172.7
China,20-08-2019,16.2,13.6,14.9,11.1,13.8,27.4,2224.42
China,21-08-2019,18.1,12.6,15.7,2.7,11.8,24.8,9492.61
China,22-08-2019,21.3,14.6,17.1,0.7,13.8,27.7,2409.26
China,23-08-2019,22.9,15,17.8,3.7,12.2,27.4,16644.66
China,24-08-2019,18.4,14.8,16.4,4.1,9.8,20.2,5246.62
China,25-08-2019,24.7,14.8,19.3,0.1,15.8,31,31584.61
China,26-08-2019,20.8,16.1,18,71,20.5,54.7,19814.16
China,27-08-2019,23.5,14.5,19,0,10.2,19.1,34574.93
China,28-08-2019,20.4,13.1,16.5,5.2,9.4,20.2,19701.57
China,29-08-2019,23.7,10.7,17.3,0,16.6,34.6,43200
China,30-08-2019,17.6,14.2,15.5,8.1,12.7,25.9,0
China,31-08-2019,20.8,13.4,16.5,0.2,10.5,22.7,35965.55
China,01-09-2019,22.2,10.2,16.1,0,15.3,31.3,43200
China,02-09-2019,22.3,12.2,16.6,0,26.2,50,42590.84
China,03-09-2019,22.5,13.6,17.2,0,24.5,46.1,37704.73
China,04-09-2019,24.4,13,17.9,0.2,16.3,31.3,43092.44
China,05-09-2019,23.6,13.8,18.4,0,12.8,27.4,42195.98
China,06-09-2019,24.5,13.6,18.6,0,16.5,33.5,41711.13
China,07-09-2019,24.4,13.4,18.5,0.1,12.7,27,42747.37
China,08-09-2019,25,12.5,19.3,3.5,22.5,43.6,42403.71
China,09-09-2019,17.3,12.7,15.2,31.1,20.7,39.2,8970.13
China,10-09-2019,21.4,8.7,15.5,1,18.4,37.4,28590.33
China,11-09-2019,26.5,12.6,18.5,0,18.4,38.5,42334.78
China,12-09-2019,17.3,10.5,13.8,12.8,18.6,46.8,2631
China,13-09-2019,13.5,8,11.4,0.7,12.2,26.3,2697.8
China,14-09-2019,18.1,6.1,12.1,0,10.4,25.6,40977.74
China,15-09-2019,17,10.4,13.4,1.6,10.9,21.6,20876.68
China,16-09-2019,18.5,9.6,13.7,1.1,23.9,46.8,23992.22
China,17-09-2019,16.9,11.6,13.5,1.9,16.4,33.1,15626.24
China,18-09-2019,15.8,10.6,12.7,3.5,27.8,55.1,20279.1
China,19-09-2019,14.8,10,12.2,2.4,15.3,32.4,11022.64
China,20-09-2019,17.7,8.2,12.9,0,12.2,28.4,41143.16
China,21-09-2019,19.1,5.7,12.5,0,9.7,20.9,41007.85
China,22-09-2019,19.9,6.8,13.2,0,14.4,28.1,40125.9
China,23-09-2019,18.2,7.5,12.7,7.3,12,28.4,27502.15
China,24-09-2019,17.1,7.8,13,0.1,10.3,22.3,33491.09
China,25-09-2019,18.9,4.9,12,0.4,12.3,27.4,39197.95
China,26-09-2019,19.4,5.8,12.7,0.1,13.3,28.1,39273.45
China,27-09-2019,21.6,6.2,13.5,0,9,19.4,38751.44
China,28-09-2019,22.9,6.2,14,0,21.3,41.4,39282.56
China,29-09-2019,23.9,8.5,15.1,0,13.8,27.4,38510.21
China,30-09-2019,22.8,9.9,15.3,0,23.2,45,32991.41
China,01-10-2019,24.1,12.1,16.9,0,22.3,42.8,38235.84
China,02-10-2019,19.3,11.4,14.8,0,25.4,50.4,30100.62
China,03-10-2019,18.7,11.4,14.4,0,15.1,33.5,34017.39
China,04-10-2019,12.7,8.4,10.3,9,14.3,28.4,636.36
China,05-10-2019,17.3,6.3,11.5,3.3,23.2,46.1,24484.46
China,06-10-2019,11.1,6.5,8.6,8.5,15.1,29.9,6042.31
China,07-10-2019,15.7,3.8,9.1,0,11.6,23.4,35421.41
China,08-10-2019,16,5.9,10.2,0,27.1,52.6,29243.39
China,09-10-2019,13.6,7.8,10.5,1.4,18.1,36.7,14031.96
China,10-10-2019,14.1,7.9,10.8,0,9.5,16.9,6733.79
China,11-10-2019,13.4,5.3,10,0,14.2,28.1,11619.17
China,12-10-2019,15.9,4.8,10,0,14.5,31,37370.02
China,13-10-2019,11.4,5.3,8.9,3.7,10.7,22,4721.13
China,14-10-2019,15.1,4.2,9.5,0,13.4,29.2,37115.3
China,15-10-2019,7,2.1,4.9,14.5,17.3,33.1,0
China,16-10-2019,12.9,0.5,5.9,0,9.6,24.5,36981.4
China,17-10-2019,14.5,-0.1,7.4,0,15.1,32,36968.62
China,18-10-2019,17.6,2.9,9.1,0,16.1,31.3,36601.53
China,19-10-2019,13.5,5.6,9.1,0.1,16.6,35.6,32443.46
China,20-10-2019,15.6,2.1,9.3,0,16.3,33.5,36329.46
China,21-10-2019,12,5.3,8.4,4,14.5,30.6,18757.35
China,22-10-2019,15,6.6,10.1,1.2,9.3,20.5,35639.53
China,23-10-2019,14.1,1.7,7.1,3.8,18.6,40.7,25920.79
China,24-10-2019,7.1,-0.1,2.9,3.5,13.9,33.8,30780.7
China,25-10-2019,10.1,-1.8,4.6,0,7.2,19.8,30528.07
China,26-10-2019,11.6,0.2,5.5,0,9.4,19.1,34142.89
China,27-10-2019,10.9,-0.9,4.8,0,15.8,33.5,22802.6
China,28-10-2019,13.9,-0.5,6.1,0,11.3,26.6,35369.8
China,29-10-2019,13.4,0.3,6.5,0,16.1,33.5,35232.88
China,30-10-2019,12.7,2.4,7.1,0,17.1,35.6,33679.25
China,31-10-2019,9,1.7,5.6,0.2,15.2,31.7,8222.17
China,01-11-2019,13.2,3.1,6.8,0.2,15.8,46.4,34937.29
China,02-11-2019,13,0.4,6.2,0,11.2,20.5,34872.02
China,03-11-2019,13.9,0.4,6,0,11.1,19.4,34807.84
China,04-11-2019,13.1,0.6,6.6,0,17.5,34.2,29754.34
China,05-11-2019,7.8,5,6.7,6.6,15.7,31.3,0
China,06-11-2019,10.1,2.3,6.1,0.1,11.8,26.6,28994.67
China,07-11-2019,11.1,0.2,5.6,0.9,12.8,25.9,34563.64
China,08-11-2019,13.2,0.5,6,0,17.3,34.9,34506.17
China,09-11-2019,6.4,-2.7,3.4,2.6,19.5,37.4,9250.31
China,10-11-2019,10.4,-3.2,2.8,0,11.7,22,34360.75
China,11-11-2019,9.7,-0.9,3.9,0,9.9,23.4,34244.54
China,12-11-2019,4.3,-1.2,2.3,0.5,14,30.6,17681.95
China,13-11-2019,9.3,-3.6,1.6,0.2,14.7,31.3,34018.41
China,14-11-2019,10.1,-5.2,1.4,0,13.8,23.4,33908.86
China,15-11-2019,10.7,-1.7,3.3,0,17.9,35.3,33801.8
China,16-11-2019,10.5,-2,2.6,0,18.3,37.8,32593.43
China,17-11-2019,-0.9,-5.6,-3.3,0.6,16.2,36.7,23226.71
China,18-11-2019,6.4,-7.9,-2.2,0,12,24.8,31335.42
China,19-11-2019,4.9,-5,-0.6,0.3,8.7,19.1,32517.56
China,20-11-2019,6.2,-1.1,1.2,0,11.5,25.6,31865.71
China,21-11-2019,10,-3.5,1.6,0,18.7,36,33009.61
China,22-11-2019,9.6,-1.9,2.5,0,25,44.6,32090.94
China,23-11-2019,4.1,-3.9,-0.4,0.1,15.1,35.6,17316.72
China,24-11-2019,0.5,-5.1,-2.9,0,15.8,30.6,28074.11
China,25-11-2019,7.3,-6.7,-1.7,0,14.6,28.1,32547.87
China,26-11-2019,3.9,-4.6,-1.4,0,10.8,24.5,32369.67
China,27-11-2019,5.6,-5.2,-0.7,0.3,15.1,30.2,32300.8
China,28-11-2019,5.2,-3.1,-0.7,0.3,20.6,38.5,31118.57
China,29-11-2019,-1.7,-3.6,-2.4,1.2,14,25.6,2705.81
China,30-11-2019,-2.2,-4.9,-3.8,2.3,12,26.6,7005.05
China,01-12-2019,0.2,-6.6,-3.8,0,13,28.1,30385.34
China,02-12-2019,2.4,-7.6,-4,0,10.6,23.4,31875.69
China,03-12-2019,2.5,-6.5,-3.1,0,10.4,25.6,31817.02
China,04-12-2019,2.6,-6.9,-3.1,0,10,23,31760.43
China,05-12-2019,3.7,-6.6,-2.6,0,10.8,24.5,31605.8
China,06-12-2019,6.5,-7.4,-1.7,0,13.7,23,31753.83
China,07-12-2019,3.9,-7.7,-2.3,0,13,25.6,28378.24
China,08-12-2019,5.5,-4,0.1,0,10.4,24.5,31514.63
China,09-12-2019,6.5,-4.7,0.8,0,11.2,25.6,31604.5
China,10-12-2019,5.2,-4.7,-0.5,0,12,20.9,31558
China,11-12-2019,4.5,-5.7,-1.4,0,13.3,20.5,31513.24
China,12-12-2019,4.5,-6.6,-1.4,0,10.4,18,31470.35
China,13-12-2019,6.6,-7,-0.5,0,17.9,36,26957.39
China,14-12-2019,8.5,-3.8,0.9,0,23.7,45.4,29866.87
China,15-12-2019,1.6,-1.7,-0.3,0.5,10.1,23.4,17843.11
China,16-12-2019,2,-5,-2.2,0,8.2,18.4,26724.65
China,17-12-2019,-0.3,-6.3,-3.7,0.2,9.4,23,25481.98
China,18-12-2019,0.3,-8.1,-4.1,0,9.6,20.9,31223.72
China,19-12-2019,-1,-8.5,-5.3,0,11.3,26.3,31217.45
China,20-12-2019,0.9,-8.2,-4.5,0,14.2,31,30993.83
China,21-12-2019,5.2,-9.8,-3.3,0,13.5,25.2,31365.67
China,22-12-2019,5.3,-8,-2.6,0,10.8,21.6,31324.12
China,23-12-2019,7.2,-6.3,-1.6,0,13.6,26.3,26701.46
China,24-12-2019,0.9,-7.3,-3.6,0,14.1,28.4,30617.29
China,25-12-2019,-3.5,-8.6,-6.5,0.5,15.9,32.8,15623.4
China,26-12-2019,0.8,-12.8,-7.4,0,10.7,26.3,31265.74
China,27-12-2019,3.3,-10.8,-5.2,0,11.1,25.6,31103.34
China,28-12-2019,7.4,-10.3,-2.3,0,15.5,34.9,31326.93
China,29-12-2019,1,-7.5,-3.9,0.1,12.1,25.9,30067.93
China,30-12-2019,2.6,-10.3,-5.2,0,12.6,25.2,31213.23
China,31-12-2019,4.5,-9.7,-3.8,0,13.1,28.1,30703.18
China,01-01-2020,3,-5.8,-2.9,0,17.1,32,30751.11
China,02-01-2020,1.9,-5.8,-2.9,0,8.3,20.9,30891.05
China,03-01-2020,5.8,-4.6,-0.6,0,13.8,22,30755.21
China,04-01-2020,6.8,-4.4,0.2,0,23,45,20522.73
China,05-01-2020,2.8,-4.6,-1.6,1,11.4,28.1,19954.07
China,06-01-2020,-1.2,-6.2,-4.3,0.7,11.8,25.6,29144.09
China,07-01-2020,2.9,-8.9,-4,0.1,12.2,24.5,31422.17
China,08-01-2020,1.9,-6.7,-2.3,0,12.8,28.8,30824.21
China,09-01-2020,-1.3,-4.2,-2.9,1.6,10,20.5,3139.89
China,10-01-2020,-1.8,-5.9,-4.1,2.3,12.2,26.6,14859.9
China,11-01-2020,3.5,-10.7,-3.7,0,11.4,25.6,31923.85
China,12-01-2020,1.2,-8.8,-4.4,0.2,16.9,33.5,31256.82
China,13-01-2020,0.6,-9,-4.8,0,11.1,20.9,31315.5
China,14-01-2020,2.5,-8.6,-3.6,0,18.8,37.4,31833.57
China,15-01-2020,-3.1,-7.7,-4.7,0.5,18.1,36.4,9507.54
China,16-01-2020,0.4,-10.3,-5.3,0,8.9,24.5,32148.85
China,17-01-2020,4,-7.3,-2.9,0,13.7,29.2,28697.71
China,18-01-2020,-1.9,-7.8,-4.7,1,15.7,29.5,21923.38
China,19-01-2020,1,-9.3,-4.7,0,14.8,28.4,28800
China,20-01-2020,2.8,-9.2,-4.1,0,9.7,23,31751.63
China,21-01-2020,3.9,-7.1,-2.8,0,12,22,32700.09
China,22-01-2020,1.7,-6.2,-3,0,10.9,23.8,32258.16
China,23-01-2020,-1,-5.8,-3.1,1.9,7.6,15.1,1688.34
China,24-01-2020,0.1,-6.4,-3.4,0.7,11.3,26.6,29907.78
China,25-01-2020,3.2,-8.5,-3.5,0,17.9,37.4,33438.27
China,26-01-2020,1,-7,-4.1,0,17.3,33.1,32637.32
China,27-01-2020,1.7,-9.8,-4.7,0,10,24.1,33492.95
China,28-01-2020,2.2,-8.3,-4,0,9.4,22.7,32544.99
China,29-01-2020,4.3,-7.2,-2.5,0,11.8,21.2,33951.13
China,30-01-2020,4.4,-8,-2.5,0,11.2,23.8,34038.12
China,31-01-2020,4.2,-6.4,-1.8,0,10.3,23,31035.07
China,01-02-2020,1.4,-4.6,-2.1,0,13,27.7,26123.54
China,02-02-2020,2.4,-6.7,-3.1,0,18,35.6,34181.98
China,03-02-2020,5.6,-8.7,-2.5,0,11,23.4,34237.72
China,04-02-2020,3.9,-7.2,-2.6,0,13.4,24.1,34287.2
China,05-02-2020,0.2,-5.7,-2.7,0,15,29.2,32085.33
China,06-02-2020,6,-5.2,-0.7,0,17.2,33.1,33650.94
China,07-02-2020,5.1,-6.8,-1.9,0,11.9,28.4,34453.9
China,08-02-2020,4.3,-4.1,-0.3,0,10.9,20.5,31402.97
China,09-02-2020,7.2,-5.1,0,0,11.1,26.3,33900.36
China,10-02-2020,8.6,-5.8,-0.2,0,12.7,19.4,34638.13
China,11-02-2020,10.7,-3.2,2.6,0,12.2,28.1,35083.75
China,12-02-2020,13,-5.2,1.8,0,12.7,27.7,35239.73
China,13-02-2020,7.7,-5.6,-0.4,0,16.9,36.4,34834.94
China,14-02-2020,-3.7,-10.7,-6.9,0,17.4,35.3,34364.12
China,15-02-2020,-3,-13.7,-8.8,0,13.2,32,35574.5
China,16-02-2020,2.2,-11.9,-6.1,0,10.9,19.8,35750.23
China,17-02-2020,7.1,-9.3,-2.2,0,21.5,42.5,35552.03
China,18-02-2020,4.9,-5.7,-1.3,0,14.2,29.9,33500.7
China,19-02-2020,10,-5.9,0.6,0,16.9,33.5,35255.77
China,20-02-2020,1.3,-5.1,-2.3,0.5,17,34.9,33370.74
China,21-02-2020,4,-6.8,-2.1,0,11.4,25.6,36494.48
China,22-02-2020,10.2,-6.1,0.8,0,12.5,26.6,36804.02
China,23-02-2020,11.4,-4.4,2,0,20.8,41,29970.26
China,24-02-2020,10.7,-2.6,3.4,0,13.6,26.3,37105.42
China,25-02-2020,10.8,-2.4,3.8,0,9.6,21.2,37200.44
China,26-02-2020,10.4,-1,4.5,0,11.3,24.1,36787.96
China,27-02-2020,4.7,0.3,2.2,2.1,15.3,30.6,12729.73
China,28-02-2020,14.4,-3.2,4,0,15.5,22.3,37812.71
China,29-02-2020,8.3,-2.9,2.6,0,14.8,31.3,37814.04
China,01-03-2020,6.5,-3.9,1,0,17.8,37.8,32502.06
China,02-03-2020,6.6,-3.1,1.7,0,12.6,30.2,37191.93
China,03-03-2020,8.4,-2.8,2.7,0,11.3,28.4,35520.2
China,04-03-2020,11.8,-4.3,3.4,0,18.9,42.1,38164.15
China,05-03-2020,10.5,-2.6,3.1,0,18.4,36.7,38220.41
China,06-03-2020,10,-0.6,4.1,0,13.2,26.6,38276.29
China,07-03-2020,15.1,-0.9,6,0,26.1,49.3,38331.8
China,08-03-2020,3.9,-0.9,2.2,0.3,20.4,43.9,6327.74
China,09-03-2020,2.8,-5.5,-1.7,0,16.1,34.2,37435.82
China,10-03-2020,8.5,-6,0.2,0,12,29.5,38507.5
China,11-03-2020,10.3,-3.9,2.4,0,12.2,29.5,38550.22
China,12-03-2020,7.9,-1.9,3,0,20,38.5,34475.22
China,13-03-2020,6.9,-4,0.4,0,12.9,30.2,38657.34
China,14-03-2020,11.3,-3.8,2.8,0,10.6,23.8,38321.91
China,15-03-2020,7.6,0,2.8,6.2,20.4,41,2661.92
China,16-03-2020,8.8,-1.1,4,1.3,12.9,26.6,33592.65
China,17-03-2020,12,-0.1,5.9,0,7.9,21.2,39299.16
China,18-03-2020,12.8,-0.6,6.1,0,14.9,33.1,39350.26
China,19-03-2020,14.1,-2.9,6.1,0,10.9,23.8,39736.75
China,20-03-2020,15.5,1.3,8.9,1.1,13.4,29.9,35030.59
China,21-03-2020,14.2,2.7,8.6,5.5,10.5,28.1,38202.78
China,22-03-2020,16.8,1.7,9.2,0,23.8,47.9,39126.21
China,23-03-2020,14.6,2.3,8.9,0,21.3,41.4,40206.54
China,24-03-2020,15.1,2.3,8.6,0.2,15.8,35.6,36249.86
China,25-03-2020,15,1.4,7,0.4,19,40.7,39559.35
China,26-03-2020,5.4,0.5,2.3,4.6,13.8,27.7,14477.31
China,27-03-2020,8.4,-2.7,2.7,0,21,41,25843.17
China,28-03-2020,7.2,-0.5,3.5,0.4,19,36.7,6860.94
China,29-03-2020,13,1.5,6.8,0.1,18,36.7,26401.78
China,30-03-2020,10.9,-1,5.6,0,17.8,38.9,21247.61
China,31-03-2020,15.1,-0.4,7.5,0.6,17.6,38.2,33223.46
China,01-04-2020,5.6,1.3,3.2,1.2,14.8,30.6,3492.81
China,02-04-2020,4.6,0.9,2.3,2.4,17,35.3,0
China,03-04-2020,7.1,0.4,3.1,2.1,14.3,29.9,3439.85
China,04-04-2020,10.6,-1.1,4.7,0,15.4,32.4,16197.76
China,05-04-2020,14,-1.3,7,0,11.5,23.4,38665.68
China,06-04-2020,15,-0.4,7.8,1,12,28.1,32653.19
China,07-04-2020,10.3,3.7,6.7,3.6,11,22.7,5193.91
China,08-04-2020,16.4,0.9,8.3,0,11.2,29.5,42917.81
China,09-04-2020,17.3,2.8,10.9,0.5,12.1,28.4,42999.25
China,10-04-2020,11.5,3,7.3,0,18.1,36.7,42534.21
China,11-04-2020,12.3,2,6.5,0,9.7,25.2,43161.14
China,12-04-2020,14.6,-0.9,6.9,0,21.2,41.4,37774.27
China,13-04-2020,16.6,3.6,9.3,0.6,22.7,43.6,28214.56
China,14-04-2020,21.7,0.4,10.8,0,18.4,39.2,43200
China,15-04-2020,22.7,4.1,13.7,0,12,27.7,43200
China,16-04-2020,15.5,6.4,10.9,0,9.8,22.7,34319.41
China,17-04-2020,14.6,3.1,8.9,0,31.4,61.2,41472.7
China,18-04-2020,16.9,2.8,9.9,2.4,16.8,34.2,41804.72
China,19-04-2020,18.2,3.9,11.1,0,17.5,37.1,32400
China,20-04-2020,10,3,7.3,0,20.1,40.7,10656.52
China,21-04-2020,9.5,2.9,6.5,0.4,13.3,27,10231.78
China,22-04-2020,12.3,-0.3,6.7,0,18.2,37.4,20708.38
China,23-04-2020,12.5,1.3,7.6,0.1,13.6,26.3,35178.27
China,24-04-2020,13.3,1.2,7.8,0,9.2,25.6,39449.48
China,25-04-2020,16.7,5.1,10.4,0,15.3,34.6,43200
China,26-04-2020,19.6,4.7,11.7,0,12.4,31,43200
China,27-04-2020,21.3,4.5,14.2,0,10.5,27.4,43200
China,28-04-2020,23.4,5.7,14.8,0,28.2,52.2,41159.56
China,29-04-2020,23.8,8.5,17,0,14.3,32.8,41126.61
China,30-04-2020,24.5,6.5,16.2,0,10.8,27,43200
China,01-05-2020,26.3,6.6,17.7,0,12.5,25.9,43200
China,02-05-2020,27.7,7.9,19.2,0,14.7,30.6,43200
China,03-05-2020,26.5,11.4,19.8,0.1,20.7,40.7,43200
China,04-05-2020,22.5,12.2,17.3,0,16.4,31.3,39600
China,05-05-2020,24.6,11.3,18,0.2,29.6,58.3,33320.61
China,06-05-2020,20.1,11.2,15.3,14.7,25.6,52.9,26456.92
China,07-05-2020,12.9,6.3,10.9,12.8,15.5,29.5,200.05
China,08-05-2020,10.9,5.3,7.9,1.2,19.5,40.7,5418.74
China,09-05-2020,16.3,2.9,9,3.2,14.6,38.2,39748.43
China,10-05-2020,18.3,3.3,10.2,0,27.4,53.3,40333.72
China,11-05-2020,16.2,1.1,8.7,0.1,12.2,26.6,43251.8
China,12-05-2020,21.2,2.7,12.7,0,29.3,56.9,43368.56
China,13-05-2020,22.3,9,14.4,1.3,27.8,55.1,37109.84
China,14-05-2020,21.1,6.1,14.9,0,18.9,34.6,40443.42
China,15-05-2020,22.3,6.7,14.6,0.1,23.9,46.1,36760.89
China,16-05-2020,24.5,9.9,16.7,0,18.7,39.6,43476.64
China,17-05-2020,25.9,10.6,18.2,0,22.8,43.9,43745.53
China,18-05-2020,23.3,6,15,0,23,45.4,43605.15
China,19-05-2020,24,9.7,16.3,2.1,21.1,41.4,34592.17
China,20-05-2020,21.3,10.8,16.4,0.3,19.4,37.8,32865.36
China,21-05-2020,25.8,14.5,19.1,0,14.5,33.1,24227.71
China,22-05-2020,25.9,10.1,18.7,0,23.9,47.9,40101.2
China,23-05-2020,16.8,9.5,13.1,7.9,17.4,34.2,2756.11
China,24-05-2020,16.3,9.4,12.9,0,11.1,23.8,9074.32
China,25-05-2020,18,8.4,13.6,0.6,13.4,30.2,41800.84
China,26-05-2020,12.2,8.3,9.9,7.4,13.7,26.6,0
China,27-05-2020,18,7.5,13,0,10.6,26.6,42769.44
China,28-05-2020,20.5,4.9,13,0,10.1,25.9,42325.02
China,29-05-2020,22.9,6.2,14.7,0,20,37.8,42454.97
China,30-05-2020,21.4,6.4,14.1,0.2,14.3,31.3,43845.48
China,31-05-2020,22.8,9.3,15.9,0.1,19.9,39.6,44978.48
China,01-06-2020,20.5,11,16.2,0.8,15.1,30.2,11054.3
China,02-06-2020,24.2,10.5,18,0,9.5,25.2,44474.52
China,03-06-2020,26.2,11.6,19.5,0,14.9,31.3,44966.86
China,04-06-2020,24.5,13.8,19.2,0,14.9,28.8,14942.76
China,05-06-2020,27.4,13.5,20.6,0,17.3,33.8,44471.15
China,06-06-2020,24.8,14.9,20.1,0,23.2,44.6,35287.43
China,07-06-2020,24.2,12.1,18.1,0.5,19.9,44.6,26929.22
China,08-06-2020,19.4,8.3,13.9,6.2,19.6,42.8,41554.41
China,09-06-2020,25.9,7.8,17.5,0,14.2,29.2,44329.7
China,10-06-2020,25.6,13.4,19.6,1.3,24.7,48.6,39506.64
China,11-06-2020,24.6,14.2,19.1,0.2,16.2,36,27869.25
China,12-06-2020,24.6,15.8,20,0.4,20.9,42.1,38436.43
China,13-06-2020,18.6,11.8,15.1,5.4,16.3,35.3,17559.7
China,14-06-2020,24.6,9.9,17.6,0.8,29.6,57.2,41740.29
China,15-06-2020,21.7,13.9,17.5,9,17.5,40,6948.28
China,16-06-2020,20.2,12.4,15.3,20,17.2,32.4,5256.04
China,17-06-2020,23,10.3,16.8,0.8,19.4,40,46797.64
China,18-06-2020,26.4,10.1,19.3,0,20.6,41,46928.41
China,19-06-2020,25.1,15.4,20.1,0.6,19.3,37.4,30347.09
China,20-06-2020,28.3,13.9,21,0,20.3,38.9,44491.18
China,21-06-2020,23.8,14.9,18.8,8.8,18.3,38.2,13456.18
China,22-06-2020,21.2,12.6,16.4,7.7,12.4,26.6,20104.3
China,23-06-2020,25.3,13.1,18.5,0,10.7,26.3,47152.29
China,24-06-2020,27.6,11.6,19.6,0,14.8,33.5,47118.07
China,25-06-2020,25.1,13.1,19.1,6.4,14.5,31.3,30199.38
China,26-06-2020,21.1,12.4,16.1,15.1,22.1,41.4,37037.76
China,27-06-2020,23.8,9.7,17.5,0,11,23.4,46982.85
China,28-06-2020,25.4,15,19.8,0,10.2,25.2,44715.52
China,29-06-2020,24.4,14.4,19.3,0,15.3,28.8,38880.38
China,30-06-2020,26.3,13.2,20.8,0.6,17.3,33.8,30592.12
China,01-07-2020,22.2,14.2,17.2,3.8,10.8,32,26415.75
China,02-07-2020,27.7,12.3,20.6,0,15.9,31.3,46050.13
China,03-07-2020,19.5,13.8,17.3,10.1,15.9,31.3,3600
China,04-07-2020,24,12.9,18.2,0,12,28.4,42793.12
China,05-07-2020,27,11.3,19.9,0,11.9,26.3,47430.46
China,06-07-2020,28.2,12.8,20.9,0,23,44.6,45693.19
China,07-07-2020,28.4,15,22.2,0,23.4,46.8,47631.85
China,08-07-2020,29.3,15.6,23.1,0,17.4,36.4,45554
China,09-07-2020,25.3,18.7,21.7,2.6,17.7,36.7,29721.26
China,10-07-2020,24,14.5,18.7,7,18.3,34.6,33318.57
China,11-07-2020,18.6,14.3,16.5,18.4,16,33.1,0
China,12-07-2020,24.6,12.1,17.7,0,9.9,23.8,46985.5
China,13-07-2020,23.6,12.7,19,1.7,21.7,41.8,25499.59
China,14-07-2020,21.8,16.4,18.5,4.8,15.3,28.8,16120.99
China,15-07-2020,25.7,13.2,19.4,0,12.7,25.9,45105.43
China,16-07-2020,23.9,13.6,19.2,0,14.5,31,31122.02
China,17-07-2020,25.8,16,20.9,0.6,17.1,30.6,44985
China,18-07-2020,18.7,14.1,16.1,22.9,14.1,31.3,17306.17
China,19-07-2020,24.2,11.9,18.2,0,10.2,22,47058.84
China,20-07-2020,24.2,13.2,18.7,0,25.3,49.3,29576.19
China,21-07-2020,23.9,13.8,18.7,0,18.7,37.1,40396.84
China,22-07-2020,26.5,13.9,20,0,21.6,41.8,45877.55
China,23-07-2020,20,16.3,18.2,7.3,19.9,38.5,3019.04
China,24-07-2020,24.7,16.5,19.7,7.7,11.8,24.1,33025.01
China,25-07-2020,21.7,15.9,18.3,16,13.4,38.9,14665.74
China,26-07-2020,27.4,14.9,21,0,11.8,26.6,46419.67
China,27-07-2020,27.5,15.7,22.1,0,12.3,20.2,44366.54
China,28-07-2020,27,15,20.8,0.1,21.3,41,45667.72
China,29-07-2020,25.1,15.4,20.2,0.2,21.7,44.3,44441.04
China,30-07-2020,24.9,14.6,19.3,0.1,16.8,36.7,42178.78
China,31-07-2020,26.5,13.3,21.1,0,8.9,16.2,35407.61
China,01-08-2020,26.2,16.8,21.2,1,8.4,21.2,31679.77
China,02-08-2020,28.6,15.9,22.7,0,17.9,36.4,44620.63
China,03-08-2020,28,16,21.6,0.3,21.6,43.2,39847.5
China,04-08-2020,23.7,17.8,20.3,18.6,10.9,25.2,33075.69
China,05-08-2020,25,18,21.2,11.5,12.8,27.4,35483.86
China,06-08-2020,23.5,17.8,20.2,10.8,18.5,35.3,19767.46
China,07-08-2020,26.4,19.1,22.4,0,12.8,28.4,37230.12
China,08-08-2020,26.4,18.3,21.6,0.3,11.5,27.7,39026.14
China,09-08-2020,25.8,14.2,19.8,0.2,16.3,33.8,44265.14
China,10-08-2020,27.3,13.7,20.4,7.3,20.4,41.4,31485.37
China,11-08-2020,21.6,17.2,19.2,30.8,25.2,60.8,6345.11
China,12-08-2020,20.6,13.6,16.6,19.6,17.8,36.4,27387.42
China,13-08-2020,25.3,10.8,18.5,0,16.3,32,41560.23
China,14-08-2020,19.9,14,17,1.4,15.9,32.4,11550.08
China,15-08-2020,21.2,10.8,16.3,0,11.5,23.4,26148.97
China,16-08-2020,18.6,13.3,16.4,3.9,10.9,21.2,4116.74
China,17-08-2020,16.2,12,13.8,19.4,15.1,28.8,218.76
China,18-08-2020,23.3,9.5,15.2,0,18.6,36,25466.04
China,19-08-2020,24.3,8.9,16.6,0,19.9,39.2,43231.39
China,20-08-2020,24.1,12.1,17.5,0,26.7,51.8,43242.01
China,21-08-2020,24.8,14,19,0,26.3,50,38854.08
China,22-08-2020,24.1,15.3,19.4,0,16.8,35.3,31841.99
China,23-08-2020,17.6,12.2,15.6,37.3,21.4,47.5,9185.89
China,24-08-2020,23.8,9.7,17.4,0,8.7,19.1,43200
China,25-08-2020,24.3,13.1,18.8,0,10.2,24.1,43200
China,26-08-2020,25.8,11.5,18.8,0,10,20.9,43200
China,27-08-2020,24.5,11.7,18.3,0,13.7,31.7,43200
China,28-08-2020,25.2,12.1,18.7,0,22.4,43.9,43200
China,29-08-2020,19.3,10.5,14.6,12.8,24.9,48.6,0
China,30-08-2020,13,8.2,10.8,15,12.2,34.2,13881.12
China,31-08-2020,21.9,6.2,13.5,0,16.9,34.6,43200
China,01-09-2020,19.9,12.5,15.7,1.1,16.8,34.9,40141.7
China,02-09-2020,21.7,12.9,16.6,0,14.2,31,43147.16
China,03-09-2020,20.9,8.7,14.5,0,10.2,19.4,37641.72
China,04-09-2020,23.2,8.6,15.5,0,10,20.9,43058.75
China,05-09-2020,20.3,11,15.9,0.3,15.9,33.5,23696.63
China,06-09-2020,21.6,12.4,16.1,0,11.4,24.1,36457.47
China,07-09-2020,24,9.5,17.1,0,21,39.6,41918.67
China,08-09-2020,23.4,13.4,18.2,0,27,51.5,34799.54
China,09-09-2020,17.7,13,15.7,3.4,17.2,34.2,10464.59
China,10-09-2020,21.7,11.8,16,0,11.8,26.6,32085.8
China,11-09-2020,19.6,12.4,15.7,0.1,17.4,34.6,32098.12
China,12-09-2020,19.7,9.5,14.7,0.4,9.6,22,25930.29
China,13-09-2020,14.7,11.7,13.2,16.8,18.4,36,5132.86
China,14-09-2020,18.1,10.1,14,1.2,15.1,31,28005.53
China,15-09-2020,17.8,10,12.8,0.1,16.6,31.3,41456.15
China,16-09-2020,17,7.5,11.8,7.3,10.2,20.9,20240.58
China,17-09-2020,17.7,7.9,12.9,0,14.4,31.3,41442.77
China,18-09-2020,21,5.4,13.1,0,22.2,42.8,41307.47
China,19-09-2020,18.9,8.6,12.8,0,25.4,48.2,29334.63
China,20-09-2020,18.7,12.3,14.6,2.9,19.6,38.2,23930.03
China,21-09-2020,15.2,11.5,13.3,10.5,12.4,29.2,49.57
China,22-09-2020,17.8,10.6,13.4,1,16.9,36,33704.9
China,23-09-2020,18.4,6.6,12.8,0,9.7,20.9,40406.77
China,24-09-2020,17,8.7,12.7,0.2,13.7,27.7,11021.17
China,25-09-2020,16.8,10.4,13,1.2,11,22.3,22075.25
China,26-09-2020,19.9,9.6,13.7,0,26.3,50.4,38441.5
China,27-09-2020,18.5,11.4,14.2,0,24.7,47.9,31615.71
China,28-09-2020,17.3,10.8,13.6,3.5,21,39.6,18536.83
China,29-09-2020,20.2,9.6,14.5,0,19.2,38.2,39067.89
China,30-09-2020,13.8,9.1,12.1,12.8,20.5,38.9,0
China,01-10-2020,15.6,6.5,11,0.1,12.3,24.8,31377.16
China,02-10-2020,15.1,9.2,11.6,0.5,9.7,21.6,18536.42
China,03-10-2020,13.8,9.1,11.1,0.1,9.7,21.2,23998.93
China,04-10-2020,14.7,5.7,10,0.4,23.7,46.1,26583.28
China,05-10-2020,14.2,7,9.9,1.7,15.6,31,28234.29
China,06-10-2020,12.5,6.9,9.7,0.6,14.7,28.4,3978.51
China,07-10-2020,18.1,3.6,9.8,1.3,27.9,52.6,37668.49
China,08-10-2020,14.9,7.7,11.1,3.2,16.6,40,24260.49
China,09-10-2020,17.1,7.1,12,0,15.3,29.9,32556.68
China,10-10-2020,18.2,6.4,12.1,1,17.3,33.5,36552.25
China,11-10-2020,10.4,6.9,8.8,0,13.7,27.7,20102.75
China,12-10-2020,12.5,4.4,8.7,1.4,14.1,27.7,23406.51
China,13-10-2020,8.7,4,6.7,2.2,9.1,18,0
China,14-10-2020,11.4,1.8,6.4,0.2,17.8,33.5,31514.71
China,15-10-2020,12.9,0.7,6.8,0,15.9,31.3,34410.16
China,16-10-2020,12.6,0.9,7,0,17.5,33.8,36866.33
China,17-10-2020,13.6,-1.1,6.8,0,12.3,25.9,30697.73
China,18-10-2020,8.7,1,6,0,12.5,24.5,31019.04
China,19-10-2020,11.9,-1.8,5.3,0,9,18.7,35865.98
China,20-10-2020,11.9,3.1,7,0,12,25.2,27689.07
China,21-10-2020,14.4,-0.1,6.7,0,10.4,22,36187.52
China,22-10-2020,16.1,1.2,8.7,0,15.2,30.2,36015.33
China,23-10-2020,15.1,2.5,7.9,0,25.3,48.6,33969.25
China,24-10-2020,16.1,5.5,9.4,0,17.5,36.4,35442.79
China,25-10-2020,13.9,5.3,9.3,0,11.6,25.6,30277.59
China,26-10-2020,9.8,3.4,5.9,2.4,14,27.4,18651.18
China,27-10-2020,3.9,1.5,2.8,16.9,7.6,18.4,0
China,28-10-2020,10.9,0.3,4.4,0,15.5,32.8,35154.99
China,29-10-2020,14.8,-0.3,6,0,23,43.9,35117.92
China,30-10-2020,10.3,3.4,6.1,0.9,23.5,45.4,27482.55
China,31-10-2020,9.7,0.6,5.5,0,11.2,25.9,33684.42
China,01-11-2020,10.1,2.8,6,0,12.6,23.8,34875.24
China,02-11-2020,10.7,-1.1,4.7,0,11.8,25.6,32805.64
China,03-11-2020,12.6,0.2,5.1,0,15,29.9,34754.77
China,04-11-2020,8.6,-0.9,4.3,0.5,14.8,31.3,21748.04
China,05-11-2020,10,2.1,5.3,0,15.9,33.5,29472.31
China,06-11-2020,9.4,-3.3,2.9,0,11.3,27,34574.53
China,07-11-2020,11,-2.1,3.6,0,9.7,20.2,34518.08
China,08-11-2020,9.2,-1.8,3.3,0,12,24.1,29814.59
China,09-11-2020,13,-1.9,4.6,0,14.1,20.9,34395
China,10-11-2020,13.6,-1.3,5.1,0,13.4,26.3,34281.05
China,11-11-2020,11.7,3,6.2,0,9,18.4,34167.86
China,12-11-2020,14.1,0.4,7.5,0,18.5,35.3,32414.84
China,13-11-2020,15.4,4.3,8.7,1.6,19.1,37.4,33346.04
China,14-11-2020,13.8,3.3,7.1,0,15.6,30.6,33834.12
China,15-11-2020,15.7,2.4,7.8,0,23.8,45.7,33725.28
China,16-11-2020,15.1,3.7,8.4,0.6,21.2,43.6,28505.58
China,17-11-2020,7.4,1.4,2.9,4.3,19.2,36.4,0
China,18-11-2020,7.1,-2.3,1.7,0.2,10.9,26.3,33351.4
China,19-11-2020,8.9,-2.5,1.8,0,21.1,40.7,30234.41
China,20-11-2020,3.4,-3.6,0,8.2,15.9,31.3,4856.6
China,21-11-2020,-2.2,-5.3,-4.1,0.7,14.2,30.6,16730.51
China,22-11-2020,-1.9,-6.9,-4.6,1.1,13.9,29.2,7027.63
China,23-11-2020,4.5,-6.9,-2.8,0,19.7,38.9,32719.04
China,24-11-2020,4.3,-4.9,-1.6,0.2,18.7,36,32111.71
China,25-11-2020,0.8,-6.6,-3.3,0.9,10.5,25.9,28176.42
China,26-11-2020,3.9,-5.7,-1.8,0,13.7,28.8,32314.79
China,27-11-2020,2.7,-5.3,-1.5,0.4,18.3,36,6068.82
China,28-11-2020,9.9,-5.5,0.4,0,13.4,29.2,32184.15
China,29-11-2020,5.5,-5.8,-1.4,0,12.1,24.8,32018.45
China,30-11-2020,2.8,-4.9,-0.7,0,12.1,25.6,25296.78
China,01-12-2020,-0.3,-3.7,-1.8,2,12.7,26.6,2120.48
China,02-12-2020,-2.5,-6.1,-4.4,1.9,16.2,31.3,13426.73
China,03-12-2020,-0.8,-6.7,-4.1,0.3,15,28.8,29191.74
China,04-12-2020,1.1,-7.3,-4,0.1,13.8,27.7,30841.11
China,05-12-2020,1.6,-6.4,-3.8,0,12.4,24.5,31320.11
China,06-12-2020,-0.9,-6.8,-3.9,0,7.9,17.3,20850.53
China,07-12-2020,3.7,-5.7,-2.8,0,16.4,32,28376.84
China,08-12-2020,3.9,-7.1,-2.8,0,14,26.6,31110.4
China,09-12-2020,0.8,-5.2,-3.1,0.3,9.3,20.5,29317.17
China,10-12-2020,2.2,-5.9,-3.1,0.1,10,22.3,30083.12
China,11-12-2020,3.2,-4.9,-1.7,0,10.1,20.2,30581.65
China,12-12-2020,1.5,-6.1,-3.1,0.4,15.9,35.6,30919.88
China,13-12-2020,-4.7,-8.7,-7,0.5,15.8,31,19726.2
China,14-12-2020,-1.1,-10,-6.4,0,10.8,26.3,30834.96
China,15-12-2020,-0.3,-8,-4.8,0,11.9,24.1,30828.1
China,16-12-2020,0.3,-8.5,-4,0.2,14.6,29.2,28409.13
China,17-12-2020,-3,-8.1,-5.2,1.5,11.9,27.4,21315.27
China,18-12-2020,-1.4,-9.1,-5.8,0,13.8,28.8,29478.64
China,19-12-2020,-1.5,-10,-6.4,0,10,24.5,30143.23
China,20-12-2020,-0.9,-10.1,-6.2,0,10.7,23.4,31217.32
China,21-12-2020,2.2,-10,-5.1,0,12.7,20.9,31371.89
China,22-12-2020,-0.2,-9.1,-4.8,0,17.3,37.8,29548.09
China,23-12-2020,1.2,-11.5,-5.2,0,11.6,25.9,31308.55
China,24-12-2020,2.1,-9.3,-4.4,0,11.1,18.7,31233.42
China,25-12-2020,2.9,-10.3,-3.6,0,10.5,22,29502.25
China,26-12-2020,4.9,-8.3,-3.1,0,13.3,24.5,30040.5
China,27-12-2020,2.5,-9,-3,0,11.5,27.4,30943.52
China,28-12-2020,-1.3,-9.1,-5,0.1,14.2,29.2,29456.15
China,29-12-2020,-4.4,-11.1,-8.1,0,16.9,34.6,27544.01
China,30-12-2020,-5,-14.2,-10.4,0,12.3,24.1,30974.54
China,31-12-2020,-0.7,-12,-7.6,0,11.2,25.6,30650.99
China,01-01-2021,1.3,-11.9,-6.4,0,12.3,24.5,31337.61
China,02-01-2021,-0.7,-11.2,-6.2,0,15,32.8,29814.24
China,03-01-2021,2.1,-10.1,-4.4,0,15,32,31431.89
China,04-01-2021,-1.5,-11.4,-7.3,0,11.9,28.8,31035.97
China,05-01-2021,-3,-10.5,-7.6,0,19.7,37.8,31087.79
China,06-01-2021,-7.2,-14.8,-11.1,0,13.1,25.9,30962.46
China,07-01-2021,-7.4,-17.1,-12.7,0,11.1,26.6,31549.48
China,08-01-2021,-3.1,-13.8,-9.2,0,9.4,23.8,31693.48
China,09-01-2021,-3,-13.2,-7.7,0,9.2,20.9,24483.81
China,10-01-2021,-7,-13.2,-9.9,0.2,19.7,39.2,21222.19
China,11-01-2021,-0.7,-15.3,-7.4,0,18,39.2,31962.06
China,12-01-2021,8.3,-10.2,-1.4,0,12,25.2,32117.69
China,13-01-2021,5.5,-9.6,-3.7,0,11.9,27,32184.24
China,14-01-2021,4.3,-8.7,-3.3,0,18.5,36,32346.13
China,15-01-2021,0.7,-9.1,-4.8,0,15.9,32.8,32322.31
China,16-01-2021,-3.9,-12.1,-7.9,0.1,17.8,36.4,29169.92
China,17-01-2021,4,-14.2,-6.2,0,15.8,34.2,32465.74
China,18-01-2021,8.6,-9.5,-1.4,0,12.5,24.5,32736.1
China,19-01-2021,1.8,-8.5,-3.6,0,13.3,30.2,32913.02
China,20-01-2021,2.4,-2.8,-0.6,0,9,16.2,9278.66
China,21-01-2021,5.5,-5.1,-0.1,0,12.2,24.1,33071.95
China,22-01-2021,6.2,-6.4,-1.8,0,13.2,24.1,33152.13
China,23-01-2021,3.7,-7.5,-2.2,0,13.4,29.5,28280.71
China,24-01-2021,0.7,-5.8,-2.7,4.6,19.3,37.4,0
China,25-01-2021,3.1,-8.1,-3.2,0,17.7,35.3,32513.12
China,26-01-2021,0.2,-7.2,-3.8,0,10.4,25.9,33025.57
China,27-01-2021,0.8,-9.6,-4.8,0,12.6,28.1,33665.88
China,28-01-2021,2.9,-9.8,-4.7,0,11.6,23.8,33915.71
China,29-01-2021,3,-6.9,-3,0,10.4,24.8,33352.49
China,30-01-2021,1.8,-6.8,-2.6,0,12.3,28.4,28152.06
China,31-01-2021,2.9,-5.9,-2.8,0,12.4,28.4,34116.64
China,01-02-2021,3.3,-9.6,-2.9,0,12.8,30.2,34167.09
China,02-02-2021,6.4,-7.4,-1.9,0,14.3,21.6,34219.37
China,03-02-2021,5.3,-5.6,-1.5,0,16.9,31.7,34276.56
China,04-02-2021,4.9,-5.6,-0.4,0,12.2,27.7,32604.28
China,05-02-2021,7.1,-7.1,-1.2,0,13.5,29.9,34472.91
China,06-02-2021,6.7,-5.3,-0.7,0,15.1,32.8,32528.49
China,07-02-2021,7,-4.5,1.1,0,11.2,25.6,33074.62
China,08-02-2021,7.3,-6.1,-0.5,0,12.8,25.6,34661.28
China,09-02-2021,9.3,-3.5,1.6,0,14.1,22,34856.77
China,10-02-2021,12.6,-3.6,2.4,0,20.6,39.6,30446.48
China,11-02-2021,9.9,-0.4,4,0.2,18.7,36.7,35073.74
China,12-02-2021,10.3,-3.5,2.7,0,16,35.3,28246.56
China,13-02-2021,10.8,-3.2,3.5,0.1,16.1,33.5,32986.89
China,14-02-2021,7.7,-3.7,1.4,0,18.8,40,34955.46
China,15-02-2021,5.6,-3.9,0.7,0,9.4,24.8,32570.99
China,16-02-2021,6.6,-3.9,1.6,0,11.2,26.3,35245.25
China,17-02-2021,5.3,-5.2,0.2,0,9.6,16.9,26536.25
China,18-02-2021,8.7,-3.6,1.5,0,18.7,38.9,36280.59
China,19-02-2021,10.5,-2.8,2.9,0,15.3,33.8,36476.06
China,20-02-2021,14.1,-3.2,5.2,0,15.3,32.4,36783.44
China,21-02-2021,12.2,-3.5,4.8,0,12.8,20.5,36773.84
China,22-02-2021,10.1,-0.7,4,0,13.8,26.6,12705.99
China,23-02-2021,16.2,-2.5,5.6,0,16.6,32,35706.9
China,24-02-2021,10.7,0.3,4.5,3.1,12.4,28.8,36359.43
China,25-02-2021,6,-0.2,2.4,1.5,15,29.2,9206.87
China,26-02-2021,11.7,-0.5,3.7,0,25.6,46.8,32791.09
China,27-02-2021,1.7,-3.1,-1.1,1.4,25.1,47.2,6608.2
China,28-02-2021,-2.1,-4.5,-3.3,1.1,18.3,37.4,43.68
China,01-03-2021,6.3,-6.6,-0.7,0.1,11.7,27.4,37978.73
China,02-03-2021,6.1,-3.6,1.2,0,14,29.2,30214.62
China,03-03-2021,11.1,-4.5,1.8,0,15.5,29.5,38093.62
China,04-03-2021,9.9,-2.4,2.7,0,12,20.9,25735.62
China,05-03-2021,9.6,0.2,4.6,0,12.9,27,36522.32
China,06-03-2021,10,-3,3.3,0,18.8,37.4,36377.82
China,07-03-2021,9.7,-2.9,2.8,0,25.5,49,32605.01
China,08-03-2021,13.1,-2.5,4.7,0,15.5,32.4,38373.66
China,09-03-2021,13.1,-0.7,5.3,0,24.3,46.8,36000
China,10-03-2021,11.3,2.4,6,1.3,18.7,35.6,32481.86
China,11-03-2021,17.1,-1.2,6.4,0,12.7,22.3,38541.19
China,12-03-2021,13.2,-1.2,5.4,0,17.9,38.2,38590.52
China,13-03-2021,22,-1,8.8,0,21.4,40.3,38795.82
China,14-03-2021,16.5,4.6,9.4,0,12.7,29.5,38136.89
China,15-03-2021,20.7,-0.5,9.9,0,27.8,53.3,39079.75
China,16-03-2021,13.1,1.3,7,0,17.3,42.5,38801.84
China,17-03-2021,10.4,1.7,6.5,1.3,20.9,43.6,26590.55
China,18-03-2021,9.4,-2,3.8,0,11.9,24.8,13909.76
China,19-03-2021,6.5,-1.4,1.6,4.2,21,46.1,23117.03
China,20-03-2021,6.9,-4.2,0.9,0,21.7,43.9,39317.91
China,21-03-2021,7.5,-4.6,0.7,0,14.1,32,39716.67
China,22-03-2021,11.9,-4.5,2.7,0,13.2,22.7,40133.84
China,23-03-2021,16.9,-3.6,6.2,0,13.4,24.1,40568.3
China,24-03-2021,14.5,2.7,8.8,0,17.4,34.9,39219.39
China,25-03-2021,15.4,2.2,8.5,0.1,16.2,35.6,31212.08
China,26-03-2021,13.1,2.4,8,0.6,12.7,31.3,37772.94
China,27-03-2021,18.5,0.2,8.8,0,14.1,32,41088.7
China,28-03-2021,15.2,0.5,9.7,0,20.1,41,32279.84
China,29-03-2021,19,1.5,10.3,0,22.8,44.3,32260.5
China,30-03-2021,12,4.2,8.8,0.1,20.3,40.3,9650.27
China,31-03-2021,5.3,1.8,3.3,10.1,20.6,39.2,744.72
China,01-04-2021,8.8,1.6,4.4,5.5,14.4,31.3,20912.94
China,02-04-2021,6.4,1.1,3.1,14.6,12.4,25.9,7918.99
China,03-04-2021,7.9,0.9,4.2,5,20.4,40.3,29307.74
China,04-04-2021,10.5,2.4,5.9,2.5,17.8,34.9,28070.14
China,05-04-2021,18.2,-0.3,8.8,0,16.2,30.6,41379.06
China,06-04-2021,11,5.1,7.8,0.6,15,28.1,7367.81
China,07-04-2021,13.2,2.2,7.7,0.3,14,27.7,28275.19
China,08-04-2021,16.3,2.7,8.7,0,19.8,38.5,40184.82
China,09-04-2021,12.6,6,8.6,3.6,17.7,33.5,19528.71
China,10-04-2021,11.8,5,7.7,6.7,15.3,31.7,9831.3
China,11-04-2021,15,3.6,8.4,0.5,15,32,41361.38
China,12-04-2021,15.1,1.6,8.4,0.6,17.4,34.9,42554.57
China,13-04-2021,7,3.4,5.1,0.8,15.6,32.8,942.84
China,14-04-2021,14.9,-1.3,6.3,0.2,14.3,27.7,33309.41
China,15-04-2021,12.2,2.7,8.3,0,13,30.2,30469.25
China,16-04-2021,14,-0.4,6.8,0,16.3,35.6,43200
China,17-04-2021,14.8,1.8,8.2,0,14.1,31.3,38615.8
China,18-04-2021,20.3,4.3,11.5,0,23.2,44.6,41466.7
China,19-04-2021,11.7,6.5,8.8,5.6,21.7,41.8,6979.89
China,20-04-2021,15.5,6.6,10.4,0.6,16.6,32.4,20866.59
China,21-04-2021,20.6,4.5,12.4,0,15.4,30.2,32400
China,22-04-2021,20.2,7.5,12.7,0.3,24.2,46.8,30538.23
China,23-04-2021,17.8,8.1,12.7,2.2,16.1,33.1,15673.09
China,24-04-2021,10.8,4.4,7.8,10.5,18.3,34.9,17611.38
China,25-04-2021,9.3,2,6.1,1.2,11.6,24.8,1630.66
China,26-04-2021,10.1,1,6.5,0,12.9,30.6,31993.89
China,27-04-2021,11.9,-0.5,5.3,0.2,17.8,37.1,29168.88
China,28-04-2021,15.7,-0.6,7.6,0.1,26.9,58.7,43200
China,29-04-2021,21.1,2.7,12.6,0,26.1,53.6,43200
China,30-04-2021,22,5,14.3,0,18.7,39.6,43200
China,01-05-2021,24.8,5.6,15.2,0,21.4,40.3,41106.55
China,02-05-2021,21.2,10.8,16.3,0.2,18.9,44.6,43200
China,03-05-2021,16.1,6.6,12.1,0,19.6,40.7,43200
China,04-05-2021,14.6,2.9,9.2,0,14.8,29.2,42685.79
China,05-05-2021,19.3,3.3,11.3,0,20.1,42.8,43200
China,06-05-2021,21.3,4.4,13.4,0,14.2,27.7,39600
China,07-05-2021,23.2,4.6,14.2,0,20.5,42.8,43200
China,08-05-2021,26.7,6,17.5,0,11.4,27.7,43200
China,09-05-2021,26.6,10,18.6,0.5,16.6,35.6,43200
China,10-05-2021,22.6,11.6,17.1,0,19.5,40.7,24370.8
China,11-05-2021,23.1,10.1,16.5,0,11.5,25.2,42619.73
China,12-05-2021,25.6,8.2,17.3,0,17.8,36,43241.51
China,13-05-2021,26.1,11.8,18.4,0,25,49,42099.23
China,14-05-2021,15,7,11.2,11.8,25,50,130.07
China,15-05-2021,8.8,4.4,6.7,19.2,23.2,47.2,2523.89
China,16-05-2021,17.3,3.3,10.3,0,13.7,27,43342.08
China,17-05-2021,19.7,5.6,12.8,0.1,10.4,19.8,39210.17
China,18-05-2021,19.7,6.7,12.8,7.1,12.1,27.4,20424.03
China,19-05-2021,17,7.8,12.3,0,16.9,36,41181.2
China,20-05-2021,21.1,3.9,13.4,0,15.3,32.4,35475.96
China,21-05-2021,21.5,8.8,15.3,0,16,34.9,26000.31
China,22-05-2021,12.9,5.5,9.1,7.2,21.1,40.7,7200
China,23-05-2021,17.1,5,11,0,16.9,36.4,42795.17
China,24-05-2021,19.3,6,12.9,0.1,11.2,24.1,44254.52
China,25-05-2021,20.8,8.7,15.2,0.2,12.9,25.6,34618.7
China,26-05-2021,23,10.8,17.1,0,20.9,44.6,44540.17
China,27-05-2021,25,7.9,17.2,0,11.9,26.6,42849.11
China,28-05-2021,23,11.3,16.8,0.6,17.6,35.3,29229.61
China,29-05-2021,27,11.4,19.5,0,17,37.4,43776.93
China,30-05-2021,26.8,11.7,19.6,0,10.8,23,44169.89
China,31-05-2021,21.6,11.9,17.2,0,20.5,44.3,42480.5
China,01-06-2021,23.2,11.4,17.3,0.2,11.2,28.4,41751.52
China,02-06-2021,20.8,12.7,16.5,1.7,20.4,41,26273.12
China,03-06-2021,22.1,9.5,15.9,0,11.8,29.5,44520.2
China,04-06-2021,25,7.7,16.3,0,11.6,28.4,46080.93
China,05-06-2021,29.6,9.2,19.9,0,16.6,35.6,46078.12
China,06-06-2021,25.6,12.6,18.6,0.5,26.6,56.2,25458.6
China,07-06-2021,27.1,12.5,19.9,0,22.2,43.6,44474.66
China,08-06-2021,25.7,14,19.7,0,19.6,38.2,34363.25
China,09-06-2021,24.7,13.5,18.6,0.1,18.1,34.9,42193.91
China,10-06-2021,28,11.9,20.2,3.5,19,39.6,42522.16
China,11-06-2021,23.5,13.9,18.6,2.7,17.6,33.5,41522.52
China,12-06-2021,28.1,13.8,20.5,0,26,49.3,39068.39
China,13-06-2021,28.4,15.4,21.6,8.6,17,38.5,36324.41
China,14-06-2021,21.9,13.4,16.9,7.6,15.1,38.2,17252.29
China,15-06-2021,20.1,11.5,16.5,7.3,14.1,29.9,10708.43
China,16-06-2021,17.2,10.7,13.2,3.1,16.2,33.8,22027.06
China,17-06-2021,17.8,9.4,13.3,0,12.6,27,30633.49
China,18-06-2021,20.8,10.9,15.9,0,15.3,32,25863.42
China,19-06-2021,21.4,12.3,17.2,0,20.4,41.4,26742.1
China,20-06-2021,23,14.4,18.3,0,15.7,30.6,33436.56
China,21-06-2021,26.6,13.6,20.1,0,10.1,23,44389.19
China,22-06-2021,28.6,13.6,21.3,0,24.7,48.2,40968.23
China,23-06-2021,28.3,16.3,21.7,0,20.2,38.9,43875.2
China,24-06-2021,23,14.6,18.5,4.3,13.6,30.6,12646.44
China,25-06-2021,25.5,12.9,19.2,0.6,14.3,28.4,40498.2
China,26-06-2021,26.4,15.1,21.3,0,18,34.6,40466.75
China,27-06-2021,29.5,14.4,22.5,0,16.4,32.4,42568.58
China,28-06-2021,24.1,15.1,20.8,0.2,18.5,38.5,27672.48
China,29-06-2021,26.2,15.8,20.5,3.7,16.5,33.5,43435.64
China,30-06-2021,24.4,13.5,18.5,1.6,13,32.4,38474.43
China,01-07-2021,26.2,14.2,19.5,0.7,14.2,31,38439.42
China,02-07-2021,22.8,12.6,17.5,6.9,18.4,35.3,38382.2
China,03-07-2021,26.8,10.3,19.3,0,23,43.9,47973.69
China,04-07-2021,29,13,20.8,0,15.6,32,46729.31
China,05-07-2021,27.1,12.5,20.9,0,18.9,34.9,40842.41
China,06-07-2021,24,16.9,19.8,3.4,13.2,29.9,36023.76
China,07-07-2021,27.3,13.4,20.4,0,13.4,41,46765.51
China,08-07-2021,29.1,13.6,22.2,0,17.4,33.1,43975.21
China,09-07-2021,30.5,17.3,23.6,0,18.7,38.2,36278.38
China,10-07-2021,24.4,16.5,20.4,4.1,11,27.7,21569.67
China,11-07-2021,27.1,16,21.5,0.2,13.5,31,45016.66
China,12-07-2021,30.3,16.9,23.1,0,14.5,33.1,47400.58
China,13-07-2021,32.1,16.8,25.3,0,19.7,40.3,45223.78
China,14-07-2021,25,19,22.2,11.7,20.6,42.1,0
China,15-07-2021,23.5,17.1,19.7,1.7,13.8,28.1,14107.42
China,16-07-2021,27.7,13.6,21.2,0,15.4,34.2,47161.6
China,17-07-2021,30.9,16.3,23.9,0,20.5,37.1,46331.82
China,18-07-2021,30.3,15.6,23.3,0,16.2,34.6,47100
China,19-07-2021,29.7,16.7,23.1,0,18.6,36.7,46772.25
China,20-07-2021,29.4,15.9,22.6,0,26.4,51.1,46275.27
China,21-07-2021,29.7,17.4,22.9,0,25,51.1,46168.81
China,22-07-2021,31.1,17.3,23.6,0,23.2,45,46341.79
China,23-07-2021,31.2,18.5,24.2,0,23.4,49.3,46028.66
China,24-07-2021,31.4,19,24.5,0,25.5,47.9,45859.99
China,25-07-2021,26.6,17.8,21.4,3.7,22.8,42.8,15140.99
China,26-07-2021,23.5,16.2,19.1,3.8,11,23.4,23682.78
China,27-07-2021,24,16.2,19.7,0.4,11,20.9,30571.88
China,28-07-2021,26.6,15.1,20.4,0,13,31,46044.48
China,29-07-2021,29,13.9,21.8,0,15.9,34.9,46033.57
China,30-07-2021,31.2,17.5,24.8,0,11,27,46021.46
China,31-07-2021,33,14.1,23.9,0,13.4,26.6,45712.57
China,01-08-2021,33,16.1,24.5,0,19.6,38.5,45597.85
China,02-08-2021,31.5,16.2,24.6,0,20.4,39.6,44186.59
China,03-08-2021,20.8,15.3,17,9.8,17.7,33.1,0
China,04-08-2021,25.4,14.6,19.4,0,9.9,24.5,41901.41
China,05-08-2021,28.1,15.2,22.1,0,12,27,43727.71
China,06-08-2021,29.2,15.7,21.9,0,20.2,42.1,35165.12
China,07-08-2021,29.2,12.3,21.6,0,21.4,41.4,44006.68
China,08-08-2021,26,17.1,21.8,0,15.9,33.1,43256.5
China,09-08-2021,29.4,15.2,22.8,0,14.7,31.3,43200
China,10-08-2021,27.6,18,22.2,1.2,24.6,49.3,29906.84
China,11-08-2021,26.7,15.9,21.6,0,20,39.6,43416.54
China,12-08-2021,23.9,13.7,18.8,0.7,11.8,27,12150.19
China,13-08-2021,28.5,12.1,20.8,0,16.6,31.7,43753.13
China,14-08-2021,29.5,14.9,21.6,0,26.7,52.2,43753.32
China,15-08-2021,27,13.6,20,0,27.7,54.4,37483.52
China,16-08-2021,25.4,16.6,20.4,0,29.3,57.2,23942.3
China,17-08-2021,26.9,17.5,21.6,0.7,27.3,52.2,33034.75
China,18-08-2021,22.5,16.5,19.5,11.9,11.8,24.5,1203.41
China,19-08-2021,24.3,14.7,18,7.2,10.8,26.3,28059.82
China,20-08-2021,27.9,13.3,20.9,0,15,30.6,43200
China,21-08-2021,21.5,15.7,18.2,4.2,18.1,37.8,15569.05
China,22-08-2021,24.9,14.6,18.8,2,10.2,20.2,33565.33
China,23-08-2021,21.3,13,17.3,0.2,18.5,38.9,38595.96
China,24-08-2021,22.6,13.5,17.6,0,10.4,24.1,43200
China,25-08-2021,20.2,10.7,15.1,0.4,16.6,36.7,40949.71
China,26-08-2021,23.5,9.8,16.5,0,17.2,33.8,39600
China,27-08-2021,24,10.3,17,0,21.1,41,40654.54
China,28-08-2021,23.3,12.4,17.2,2.3,11.9,27.4,41013.84
China,29-08-2021,25.2,11.2,18.5,0,23.6,45.7,40776.25
China,30-08-2021,18.6,13.1,15.5,5.8,24.5,47.9,4301.39
China,31-08-2021,23.4,12.4,17.5,0,10.9,26.3,33793.24
China,01-09-2021,26.5,11,18.9,0,17.7,34.6,43200
China,02-09-2021,26.5,13.4,19.4,0,22.9,44.3,42706.95
China,03-09-2021,20.4,14.1,17.2,17.9,23.8,54.4,7200
China,04-09-2021,22.3,11.2,16.8,0,11.2,24.1,29286.71
China,05-09-2021,16,11.4,13.7,13.1,16.5,32.4,6498.89
China,06-09-2021,19.1,10.5,14.5,0,9.6,19.1,32706.1
China,07-09-2021,23.5,8,15.4,0,11,24.1,42797.66
China,08-09-2021,24.3,12,17.4,0.7,13.5,33.8,42667.97
China,09-09-2021,23.7,10.9,17.2,0,13.6,32.4,42537.38
China,10-09-2021,27.3,9.7,17.9,0,19.1,37.1,42405.96
China,11-09-2021,26,12.7,18.6,0,22.2,43.2,42273.84
China,12-09-2021,25.8,12.5,18.8,0,23.7,46.8,42141.05
China,13-09-2021,24.3,15.8,19,0,31.9,62.3,32392.19
China,14-09-2021,17.7,14.8,16.5,9.4,22.2,43.9,0
China,15-09-2021,14.8,12.2,13.8,35,21.6,44.6,4772.42
China,16-09-2021,20.6,10.4,15.1,0.2,12.1,24.1,35657.43
China,17-09-2021,20.3,11.9,15.5,0,16.2,33.5,30533.68
China,18-09-2021,15.7,12.5,13.8,2.5,13.7,25.9,1405.88
China,19-09-2021,17.7,7.8,13,0.2,21.7,53.6,38723.11
China,20-09-2021,21.3,9.5,15.1,0,20,40.3,41065.09
China,21-09-2021,23.1,7.4,14.8,0,13.4,27.7,40930.09
China,22-09-2021,19.2,11.5,14.5,2,14.5,29.5,17382.17
China,23-09-2021,23,9,15.3,0,16.3,32.8,40005.26
China,24-09-2021,21.3,13.1,16.3,0.9,19.1,38.5,28943.55
China,25-09-2021,19.9,11.6,15.6,4.4,19.5,38.9,18404.65
China,26-09-2021,18.2,9.9,13.6,2.2,13.5,25.9,18068.18
China,27-09-2021,20.1,8.2,13.7,0,15.6,32.4,23423.1
China,28-09-2021,22.4,11.2,15.7,0,10.3,22,39364.76
China,29-09-2021,21.1,8.7,14,0,12.1,28.4,27523.45
China,30-09-2021,21.6,7.7,14.2,0,15.1,32.8,38812.65
China,01-10-2021,22.2,9.9,15.6,0,15.5,32,38757.83
China,02-10-2021,23.1,9.6,16.2,2.9,15.8,31.7,35040.9
China,03-10-2021,15.2,3.9,12.4,10.9,18.7,35.6,0
China,04-10-2021,11.3,2.9,7.1,3.3,14.2,29.5,8998.02
China,05-10-2021,12.6,5.2,8.6,8,14.6,29.5,26991.04
China,06-10-2021,17.6,5.3,11.2,8.5,14.3,29.9,33014.04
China,07-10-2021,21.2,6.2,12.7,0,21.8,41.8,36684.2
China,08-10-2021,16.8,6,10.6,0,20.3,39.2,32424.32
China,09-10-2021,10.2,2.7,5.2,3.2,18,48.6,1989.82
China,10-10-2021,10.9,1,5.8,4.4,17.7,34.2,36000
China,11-10-2021,15.1,1.6,7.7,0,26,49.3,37494.16
China,12-10-2021,12,5,8.2,3.3,20.4,43.2,11813.6
China,13-10-2021,11.6,6.7,8.9,0.6,9.2,17.6,5554.06
China,14-10-2021,8.4,2.5,6.6,1.1,15.8,29.9,398.94
China,15-10-2021,9.1,2.5,5.6,5,12.1,23.4,17542.6
China,16-10-2021,13,1.4,6.7,0,20.4,37.8,29550.29
China,17-10-2021,13.7,1.9,7,0,15.3,32.8,36028.86
China,18-10-2021,13.9,2,7.1,0,11.3,22.3,35652.08
China,19-10-2021,7.5,4.8,6.5,6.8,20.6,42.1,0
China,20-10-2021,10.7,1.3,6.4,1.3,14.1,29.9,25533.13
China,21-10-2021,12.6,-0.8,5.4,0,14.6,28.4,30246.67
China,22-10-2021,14.3,0.5,6.1,0,21.4,39.6,35946.21
China,23-10-2021,12.8,2.9,6.5,0,18.3,33.5,30592.9
China,24-10-2021,13.5,0.2,6.4,0,20.3,38.5,35621.46
China,25-10-2021,11.2,2.5,5.7,2.8,13,23,20105.66
China,26-10-2021,9,2.4,5.2,1,12.8,26.6,18155.46
China,27-10-2021,11,0.8,5.3,0,9.7,23,35237.28
China,28-10-2021,12.1,-0.9,5.6,0,9.6,20.5,33387.64
China,29-10-2021,13.8,2.4,7.7,0,13,21.2,35127.99
China,30-10-2021,9.3,2.3,6,0.3,9.1,18.7,4564.4
China,31-10-2021,12.9,1.4,6.7,0,20.9,39.2,34739.85
China,01-11-2021,7.7,0.5,5.4,3.4,22.7,43.2,22568.91
China,02-11-2021,10.4,-2.6,3.6,0,13.2,28.4,29528.56
China,03-11-2021,11.1,-0.9,4.6,0,12.4,21.6,34770.45
China,04-11-2021,12.7,-2,4.5,0,12.7,27.4,34710.66
China,05-11-2021,14.7,1.1,6,0,13.4,26.6,34652.07
China,06-11-2021,-1.1,-8.7,-6,4.2,18.4,40,0
China,07-11-2021,1.9,-10.2,-5.4,0,17.7,37.8,34538.13
China,08-11-2021,4.6,-6,-1.5,0,11.8,27,34482.91
China,09-11-2021,4.5,-5.6,-1.3,0,11.3,26.6,34428.77
China,10-11-2021,4.4,-3.8,0,0,10.2,24.8,34311.47
China,11-11-2021,2.9,-5.9,-2,0,14.7,31.7,34195.26
China,12-11-2021,7.8,-6,0.6,0,10.7,23,34080.31
China,13-11-2021,6.7,-4.3,0.3,0,10.7,22.7,33966.73
China,14-11-2021,5.8,-4.2,-0.4,0,11.5,21.6,31971.64
China,15-11-2021,6.6,-4.7,0.3,0,10.6,24.8,33744.36
China,16-11-2021,7.5,-2.3,1.9,0,9.8,20.9,31351.3
China,17-11-2021,10.5,-4.5,0.7,0,11.5,24.5,33529.39
China,18-11-2021,11,-4,2.3,0,12.8,25.9,33425.09
China,19-11-2021,5,-3.1,0.8,0,11.9,23,27662.17
China,20-11-2021,2.1,-4.7,-1.7,0,23.3,45.7,32291.82
China,21-11-2021,0.9,-7.1,-3.6,0,15.7,33.1,32906.18
China,22-11-2021,3.8,-8.1,-2.6,0,7.3,16.9,32833.23
China,23-11-2021,6.2,-5.4,0,0,13.8,21.6,32761.47
China,24-11-2021,7,-5.4,0.1,0,11.2,23.4,32582.44
China,25-11-2021,6.2,-4.3,1.3,0,10.7,22.7,32406.72
China,26-11-2021,7.9,-3,1.6,0,10.6,23.8,26890.52
China,27-11-2021,8.9,-5.1,0.3,0,15.8,28.8,32168.25
China,28-11-2021,0.6,-3.5,-0.9,1.9,14.6,28.1,3788.33
China,29-11-2021,1.8,-5.9,-3.3,0.8,17.5,35.3,32039.26
China,30-11-2021,4.2,-7.1,-2.1,0,8.8,17.3,31020.21
China,01-12-2021,4.4,-6.7,-1.1,0,14.8,30.2,31709.56
China,02-12-2021,5.2,-5.3,-1,0,10.7,24.8,31649.54
China,03-12-2021,6.4,-3.8,0.1,0,13.4,19.8,31073.17
China,04-12-2021,5.2,-5.6,-0.3,0,11.4,24.8,31633.81
China,05-12-2021,7.5,-4.7,1.1,0,10,16.6,31577.4
China,06-12-2021,6.9,-5.5,0,0,27.5,50.8,29245.3
China,07-12-2021,1.3,-3.9,-0.7,0,15.4,32,15833.91
China,08-12-2021,7.3,-4.6,-0.5,0,17.2,31.3,29585.19
China,09-12-2021,5.6,-3,0.7,0,11.9,20.9,30966.34
China,10-12-2021,3.1,-0.9,1.1,0.2,13.6,26.6,5882.31
China,11-12-2021,0.1,-3.9,-1.9,0.2,10.1,19.1,5314.29
China,12-12-2021,1.9,-8,-3.6,0,10.5,23,31306.85
China,13-12-2021,3.5,-8.3,-3.6,0,11.8,20.5,30438.48
China,14-12-2021,1.6,-7.3,-3.8,0,9.8,23.8,30689.47
China,15-12-2021,1.8,-7.7,-3.1,0,11.8,26.3,30141.07
China,16-12-2021,0.6,-7.5,-3.9,0,14,27.4,30454.51
China,17-12-2021,-0.7,-8.5,-4.8,0,11.1,22,28560.56
China,18-12-2021,1.4,-7.9,-3.7,0,10.5,23.8,29169.39
China,19-12-2021,0.5,-6.3,-3,0,13.8,27.7,17684.65
China,20-12-2021,6.6,-6.5,-0.3,0,13.3,28.4,31108.18
China,21-12-2021,7.3,-5.1,0.4,0,10,20.9,31221.23
China,22-12-2021,3.3,-6.6,-2.2,0,12.2,19.4,31121.79
China,23-12-2021,3,-5.7,-2.1,0,13.1,28.1,30320.51
China,24-12-2021,0.9,-6.6,-3.6,0.1,12.9,23,30916.44
China,25-12-2021,-2.1,-9,-5.9,0.2,13,25.2,26200.35
China,26-12-2021,-3.7,-13.2,-9,0,18.4,34.2,30785.61
China,27-12-2021,-1.2,-12.5,-7.8,0,9,21.6,31033.55
China,28-12-2021,-1.6,-10.8,-6.2,0,12.6,28.1,31164.04
China,29-12-2021,1.7,-11.2,-5.6,0,12.6,20.9,30511.12
China,30-12-2021,2.1,-8.2,-3.7,0,10.3,20.5,29318.97
China,31-12-2021,0.3,-7.2,-4.4,0,10.9,23.4,20460.97
China,01-01-2022,3.4,-9.8,-4.5,0,12.5,20.9,31232.69
China,02-01-2022,4.5,-9.8,-3.8,0,11,24.5,31187.2
China,03-01-2022,0.1,-8.3,-4.1,0,9,16.2,31054.41
China,04-01-2022,3.4,-9.2,-4,0,11.8,23.4,30828.25
China,05-01-2022,4,-9.2,-3.7,0,10.5,19.8,30975.73
China,06-01-2022,4.2,-7.3,-3,0,17.3,32.4,31028.39
China,07-01-2022,0.1,-6,-3.3,0.2,13.2,27,20804.5
China,08-01-2022,2.5,-5.5,-2.9,0.7,10.2,21.6,29399.62
China,09-01-2022,3.1,-7.3,-3,0,12.5,26.3,29883.25
China,10-01-2022,0,-7.2,-4.5,0.1,12.1,21.2,31159.82
China,11-01-2022,1.3,-8.6,-4.3,0,10,22.3,31858.02
China,12-01-2022,-0.7,-9.5,-5.3,0.1,14.5,30.6,31646.71
China,13-01-2022,2.9,-11.1,-4.9,0,11.4,23,31524.38
China,14-01-2022,1.7,-9.1,-3.8,0,10,21.2,32053.83
China,15-01-2022,3.3,-7.3,-2.8,0,11.9,23,32026.78
China,16-01-2022,6.6,-7.6,-1.7,0,11.5,23.8,32285.31
China,17-01-2022,5.1,-8.1,-1.7,0,10.9,23.4,32355.5
China,18-01-2022,7,-6.5,-0.8,0,12.7,21.6,32524.44
China,19-01-2022,9.8,-6.7,-0.5,0,24.5,45,32696.54
China,20-01-2022,4,-4,-1.3,0,24.9,45.4,28554.38
China,21-01-2022,3.6,-4.1,-1.9,0,13.3,26.6,32230
China,22-01-2022,-0.5,-3.8,-2.5,0.6,13.4,26.6,6179.81
China,23-01-2022,2.6,-6.6,-2.6,0,14.2,30.2,31589.96
China,24-01-2022,0.7,-7,-3.8,0.2,10.9,24.1,30645.6
China,25-01-2022,1.8,-8.2,-3.1,0,23.4,44.3,20381.42
China,26-01-2022,0.6,-4.5,-2.7,1.4,11.9,22,14080.04
China,27-01-2022,-1.9,-6.9,-4.5,1.2,8.7,19.1,5183.55
China,28-01-2022,-0.7,-8.2,-5.3,0.4,11.2,22.3,32338.24
China,29-01-2022,1.6,-11.1,-6.2,0,11.8,21.6,33996.8
China,30-01-2022,-1.9,-9.8,-6.3,0,12.1,24.5,34060.98
China,31-01-2022,-1.8,-12.4,-7.4,0,11.7,23.4,34110.03
China,01-02-2022,-0.7,-9.6,-6.3,0,9.8,24.5,32012.66
China,02-02-2022,2.9,-8.2,-4.1,0,18.8,34.9,30772.31
China,03-02-2022,1.1,-8.8,-4.7,0,17.4,37.8,34266.41
China,04-02-2022,1.2,-9.2,-4.8,0,18.8,36,34321.36
China,05-02-2022,-3.2,-6.8,-5.1,2.7,23,43.9,1154.96
China,06-02-2022,-6.4,-11.4,-8.9,4.8,15.4,29.5,30960.79
China,07-02-2022,-3.2,-12.1,-8.4,0,12.4,23.8,32437.65
China,08-02-2022,-2.3,-12,-7.7,0,15.6,28.4,29781.55
China,09-02-2022,2.4,-11.6,-6,0,11,22.7,34527
China,10-02-2022,0.6,-7.7,-3.9,0.7,16.1,31,16517.91
China,11-02-2022,4.6,-5.9,-1.2,1.3,15.5,33.1,34737.91
China,12-02-2022,6,-6.8,-1.3,1.5,12.6,26.6,29647.23
China,13-02-2022,3.8,-5.4,-1.6,0,15.3,30.6,34949.55
China,14-02-2022,4,-7.5,-2.1,0,15.3,28.4,35268.62
China,15-02-2022,7,-7.2,-1.4,0,10.7,24.5,35610.02
China,16-02-2022,1.9,-4.9,-1.3,2.9,13.3,26.3,0
China,17-02-2022,5.3,-4.3,-0.8,1.1,18.9,36.7,31541.03
China,18-02-2022,-3.2,-7.9,-5.1,3.1,17.9,33.8,16443.39
China,19-02-2022,-0.7,-11.9,-6.8,0,14.7,28.4,35772.61
China,20-02-2022,1.4,-9.3,-4.8,0,16.2,31.7,33857.51
China,21-02-2022,2,-7.7,-3.6,0,14.1,28.4,36321.09
China,22-02-2022,3.7,-8.4,-2.9,0.2,15.9,30.6,36630.17
China,23-02-2022,4.6,-7.5,-2.9,0,17.8,36,36949.07
China,24-02-2022,7.2,-7.7,-1.4,0,9.7,18.7,37277.2
China,25-02-2022,5.2,-5.9,-1.5,0,14.2,31,36901.76
China,26-02-2022,8.9,-6.5,0.4,0,20.7,38.5,37595.73
China,27-02-2022,5.4,-3.6,0.2,0,19.4,41,36425.69
China,28-02-2022,2.8,-3.7,-0.3,0,16.9,32,30997.81
China,01-03-2022,6.6,-7.8,-1.4,0,11.3,23,32697.98
China,02-03-2022,8.2,-4.5,0.8,0,11.6,22.7,38022.48
China,03-03-2022,7.4,-2.7,2.4,1.1,13.3,27.7,30996.18
China,04-03-2022,10,-3.9,3.5,0,15.2,30.2,38136.42
China,05-03-2022,9.9,-1.5,3.4,0,10.6,22,32308.65
China,06-03-2022,9.1,-2.1,4.1,0.2,13,31,38248.63
China,07-03-2022,17.3,-4,4.8,0,16.1,30.6,38304.14
China,08-03-2022,16.9,0.8,7.1,0,15.5,30.6,38359.28
China,09-03-2022,16.2,3.7,9,0.7,12.1,20.5,35745.31
China,10-03-2022,20.5,-0.1,9.4,0,14.7,29.9,38468.43
China,11-03-2022,18.3,1.9,10.4,0.3,13.8,27.4,32406.92
China,12-03-2022,20,0.4,10.7,0,12.8,25.2,38576.17
China,13-03-2022,19.6,0.9,10.7,0,28.9,56.5,38782.39
China,14-03-2022,20.5,-0.5,9.7,0,16,32.8,38735.29
China,15-03-2022,16.9,2.9,10.2,0,19.1,38.9,31538.82
China,16-03-2022,17.5,4.2,10.3,0.5,18.6,36,35187.76
China,17-03-2022,18,1.2,9,2.3,18.6,37.1,36224.47
China,18-03-2022,16.6,1.5,9.1,0,17.3,32.8,37957.78
China,19-03-2022,15.5,3.3,8.6,0,19.5,37.8,38943.47
China,20-03-2022,13.7,4.7,8.8,0.1,24.2,46.4,35982.36
China,21-03-2022,10.1,3.2,6.3,0.6,20.9,38.9,14862.55
China,22-03-2022,12.1,1.1,6.4,0.2,20.5,40.7,37963.2
China,23-03-2022,18.6,-1,8.8,0,26.1,48.6,40177.21
China,24-03-2022,13.5,2.6,8.6,0.2,24.6,45,32400
China,25-03-2022,6.8,2.1,4.4,1.1,17.8,34.6,9194.73
China,26-03-2022,11.6,0.8,5.8,0,15.9,30.2,37689.03
China,27-03-2022,13.2,-2.3,5.6,0,17.2,36.4,40527.64
China,28-03-2022,18.9,0.5,8.2,0,22.5,41,38677.5
China,29-03-2022,13.6,3.9,8.1,2,24.7,47.5,35848.25
China,30-03-2022,12.7,2.5,7.2,0,16.9,35.3,12252.83
China,31-03-2022,12.4,4.3,8,0,10.8,23.4,26367.06
China,01-04-2022,11.5,-1.7,6.3,0,18,39.2,37468.13
China,02-04-2022,15,-2.8,6.3,0,11.8,25.2,41524.23
China,03-04-2022,16.7,-0.1,8.5,0.7,14.5,27.7,34721.02
China,04-04-2022,16.7,1.9,9.4,0,17.4,36.4,37789.05
China,05-04-2022,17.9,4.3,10.9,0,11,21.2,42007.26
China,06-04-2022,19.3,3.6,11.9,0,18.7,33.1,42014.68
China,07-04-2022,22.1,2.3,12.4,0,11.2,24.8,42342.71
China,08-04-2022,21,5.5,13.1,0,16.2,33.8,38000.9
China,09-04-2022,23.5,2.4,13.2,0,15.5,28.8,42852.5
China,10-04-2022,24.4,6.7,15.7,0,15,33.1,43030.29
China,11-04-2022,12.4,6,8.9,2.5,17.6,33.5,1735.51
China,12-04-2022,18,0.6,8.4,0,19.7,41.4,41992.11
China,13-04-2022,17.9,3.2,9.8,0.1,25.1,50.8,38227.57
China,14-04-2022,13.5,4.6,8.4,0.4,23,42.8,21690.75
China,15-04-2022,8.5,2.5,5.3,1.2,30.6,56.2,2333.33
China,16-04-2022,14,0.5,6.6,0.2,24,44.6,25706.82
China,17-04-2022,13.6,2.5,7,1.2,19.1,43.9,34303.27
China,18-04-2022,14.6,1.8,7.7,0,20.3,42.8,40882.13
China,19-04-2022,12.5,2.1,6.5,3,19.6,39.2,34959.16
China,20-04-2022,22.6,-1.2,11,0,16.3,32.4,42916.52
China,21-04-2022,20.6,5.5,13.2,0,17.1,34.6,41773.21
China,22-04-2022,20.7,8.2,14.3,0,22.3,42.5,32131.89
China,23-04-2022,24.3,7.2,15,5.6,20.3,36.7,36000
China,24-04-2022,20.2,9.2,14.2,1.6,20.8,38.9,36000
China,25-04-2022,23.2,6,15,0,13.6,31,39912.16
China,26-04-2022,24.7,10.1,17.7,0,26.5,51.1,37868.32
China,27-04-2022,13.3,6.9,10.7,0,19.6,37.8,18201.37
China,28-04-2022,20,2.5,11.5,0.2,22.7,43.2,43200
China,29-04-2022,9.7,4,7.1,9.3,21.5,40,0
China,30-04-2022,11.3,2.8,6.4,0.5,16.5,32.8,20000.48
China,01-05-2022,12.9,-0.2,7.2,0.4,9.1,23,40572.96
China,02-05-2022,16.2,3.6,9.3,0,11.4,29.5,43200
China,03-05-2022,21.1,0.3,11.5,0,11.3,20.2,43200
China,04-05-2022,27.2,4.1,16,0,13.6,25.9,43200
China,05-05-2022,30.1,7.7,18.9,0,22,40.3,43200
China,06-05-2022,27.5,10.4,18.8,0,26.9,50,43200
China,07-05-2022,27.3,12.1,19.2,1.4,24.2,44.6,36000
China,08-05-2022,16.5,7.2,11.4,1.5,18.6,34.6,0
China,09-05-2022,23.1,3.6,13.2,0,14.1,29.2,43200
China,10-05-2022,22.2,8.8,15.2,5.7,16,34.9,21897.05
China,11-05-2022,22.3,9,15.3,1.3,15,29.2,38535.71
China,12-05-2022,20.3,5.5,11.8,0.6,25.1,49.7,25241.6
China,13-05-2022,11.2,5.5,8,1.1,21.4,41,1279.98
China,14-05-2022,13.7,4.3,8.4,0.4,17.6,36.4,27223.09
China,15-05-2022,15.5,3.7,9.4,0.8,14.1,25.6,18007.73
China,16-05-2022,19.1,2.4,11.8,0,10.5,23.4,43490.64
China,17-05-2022,23.6,4.4,14.3,0,29.1,54,41928.89
China,18-05-2022,17.3,9.5,13.3,6.2,23.1,43.6,27456.92
China,19-05-2022,24.8,7.8,16.3,0.3,16.9,29.5,42442.73
China,20-05-2022,23.9,10,17.5,0.3,21.4,42.5,37259.32
China,21-05-2022,21.8,12.3,16.5,0.1,14.6,31,11505.74
China,22-05-2022,26.2,7.1,17,0,19.7,38.9,42149.33
China,23-05-2022,26.4,10.8,18.3,0,22.7,41,41970.79
China,24-05-2022,25.4,11.2,18.4,0,31.3,57.2,43961.82
China,25-05-2022,21.3,12.2,16.5,1.1,21.3,42.8,14466.88
China,26-05-2022,23.2,11.6,18,0,17.2,31,27286.42
China,27-05-2022,23.7,12.2,17.9,0,19.8,35.3,16755.34
China,28-05-2022,27.9,9,19.3,0,21.8,52.9,37711.04
China,29-05-2022,22.3,12.8,17.2,2.5,16.5,41.8,25358.29
China,30-05-2022,22.8,11.5,17.7,0,15.3,27.7,22350.09
China,31-05-2022,26.5,11.8,19.5,0.1,12.5,25.6,44005.63
China,01-06-2022,28.3,11,20.3,0,26.9,50.8,44977.51
China,02-06-2022,27.3,12.9,20.3,0,21.3,39.2,40065.76
China,03-06-2022,18.5,12.5,15.2,6,21.7,41,1625.74
China,04-06-2022,23.3,10.1,16.7,0,12.7,27.7,35895.47
China,05-06-2022,26.4,11.7,19.7,0,15.8,29.2,44016.84
China,06-06-2022,21.7,15.3,18.2,1,14.5,30.2,2224.3
China,07-06-2022,24.8,12.2,19.1,0,13.9,27,30855.99
China,08-06-2022,27.4,10.2,19.7,0,18.7,39.2,37968.36
China,09-06-2022,23.5,14.5,19.7,0,19.9,39.2,22399.65
China,10-06-2022,26.6,13.5,19.9,0,18.7,35.3,44139.73
China,11-06-2022,24.5,12.4,17.7,2.8,15.5,38.2,23430.27
China,12-06-2022,25.5,12.5,18.4,0,11.3,41,40575.07
China,13-06-2022,26.7,15,20.3,0,12,29.5,46289.46
China,14-06-2022,29.2,9.6,21.1,0,20.9,40.3,46762.58
China,15-06-2022,31.1,12.6,22.6,0,23.3,43.9,46596.95
China,16-06-2022,31,13.1,22.5,0,25.1,47.9,46454.43
China,17-06-2022,31.5,14.7,22.6,0,27.6,53.3,45258.94
China,18-06-2022,30.2,15.2,22.5,0,23.3,43.6,40270.25
China,19-06-2022,29.4,14.5,22.5,0,20.7,40.7,44119.14
China,20-06-2022,27.7,16.7,22.1,2.6,25.2,49,26756.25
China,21-06-2022,24.2,16,19.3,7.7,12.8,24.8,4552.05
China,22-06-2022,24.8,15,18.8,13.1,13.7,25.9,24052.96
China,23-06-2022,28.9,12.5,21.5,0,17.3,33.5,46792.14
China,24-06-2022,30.9,15.8,23.9,0,28.1,52.9,44561.92
China,25-06-2022,29.5,16.9,21.8,18.1,23.3,42.8,29632.07
China,26-06-2022,22.2,14.7,18,4.7,13.2,26.3,29434.34
China,27-06-2022,25.8,13.5,19.8,0.6,23,45,39441.66
China,28-06-2022,28.2,13.3,21.3,0,24.4,53.3,46963.37
China,29-06-2022,29.1,15,22.2,0,13.6,31.7,47285.07
China,30-06-2022,30.4,13.4,21.6,0.1,23.2,45,45054.54
China,01-07-2022,27.3,16,21.3,4.1,19.7,38.9,32863.34
China,02-07-2022,27.9,15.9,21,9.4,12,24.5,43820.75
China,03-07-2022,31.4,13.8,22.9,0,20.4,40,47296.16
China,04-07-2022,29.2,15.7,21.5,3.5,19.6,39.6,44448.41
China,05-07-2022,28.9,16,21.7,0,18.9,39.6,47116.99
China,06-07-2022,33,13.7,24,0,17.2,35.6,47651.48
China,07-07-2022,34.4,17.5,25.8,0,20,40.3,47277.56
China,08-07-2022,32.9,18.3,26,0,18.3,36.7,42695.5
China,09-07-2022,29,19.4,23.6,0.9,16,34.9,33604.17
China,10-07-2022,29.3,16.9,23.5,2.6,21.1,49.3,37726.33
China,11-07-2022,26,18.7,21.2,13.7,18,35.3,18682
China,12-07-2022,25.3,15.7,20.3,0.2,12.7,24.5,32987.43
China,13-07-2022,27.5,16.1,21.6,0,15.9,30.2,41457.53
China,14-07-2022,28.2,18.2,22.1,4.9,11.8,25.9,34565.48
China,15-07-2022,21.7,16.3,19.5,14.5,16.1,31.7,5083.16
China,16-07-2022,23.7,13.9,18.3,0.1,12.6,25.6,27080.61
China,17-07-2022,22.9,15.3,18.7,0,9.2,19.8,26403.08
China,18-07-2022,22.1,15.1,17.8,5.1,11.2,21.2,0
China,19-07-2022,23.3,13,17.6,0.9,14,33.8,46063.12
China,20-07-2022,27.8,11.2,19.7,0,16,34.6,46791.57
China,21-07-2022,19.5,11.6,15.8,30.9,23.8,48.2,10161.68
China,22-07-2022,24,9,16.5,0.2,15.8,29.9,46722.72
China,23-07-2022,28.2,11.4,19.3,0,15.1,29.9,46327.87
China,24-07-2022,27.6,14.4,19.4,1.5,14.6,38.2,45644.62
China,25-07-2022,28.9,13.5,21.3,0,21.4,41,46190.39
China,26-07-2022,28.7,15.2,21.8,1.5,17,34.6,44286.55
China,27-07-2022,25.4,14.5,18.9,2,18.7,34.2,45828.63
China,28-07-2022,29.1,11.2,19.9,0,16.3,33.1,45589.09
China,29-07-2022,28.6,12.8,20.7,0,13.3,26.6,44758.32
China,30-07-2022,30.2,16.5,21.8,1.1,15.3,29.2,39941.96
China,31-07-2022,29.5,17.7,22.9,0,27,51.8,42757.64
China,01-08-2022,28,18.5,22.6,0.2,26,49.3,29890.08
China,02-08-2022,29.8,17.1,22.8,0,23.5,44.3,44578.7
China,03-08-2022,29.6,17.7,23.2,0,22.3,41.8,41776.77
China,04-08-2022,28.9,18.7,22.9,1.3,15.5,31,42235.97
China,05-08-2022,30.4,16.7,23.7,0,14.7,28.1,44423.03
China,06-08-2022,31.9,18.5,25.3,0,13.9,26.3,43319.3
China,07-08-2022,32.3,19,25.6,0,18,35.3,44141.89
China,08-08-2022,31.7,18.7,25.5,0,21.7,40.3,44272.95
China,09-08-2022,31.1,21.4,25.9,0.2,16.8,34.9,34814.42
China,10-08-2022,31.2,20.1,24.6,0.8,16.7,32.4,32400
China,11-08-2022,31.5,18.3,24.9,0,20.7,39.2,40863.06
China,12-08-2022,30.8,19.1,24.8,0.3,16.5,32.8,32400
China,13-08-2022,32.8,20,25.1,5.1,15.1,32.8,34136.89
China,14-08-2022,22.5,16.5,19.6,9.7,14.7,27.4,2450.62
China,15-08-2022,22.4,15.8,18.8,1.3,9.8,20.9,19751.36
China,16-08-2022,29,14.8,21.4,0,15.5,29.9,43200
China,17-08-2022,27.2,19.1,22.7,0.9,17.1,31.3,25154.88
China,18-08-2022,22.5,17.1,19.6,34,24.8,47.2,13341.15
China,19-08-2022,25.8,14.8,19.7,0,13.1,28.1,34376.96
China,20-08-2022,30.2,13.7,21.2,0,19.5,37.1,38278.3
China,21-08-2022,28.9,18.2,22.3,9.6,17.1,32,38162.66
China,22-08-2022,23.4,15.5,19.1,8.5,20.8,39.2,8837.13
China,23-08-2022,25.8,17.6,21.2,4.9,23.2,43.6,14231.13
China,24-08-2022,19,14.3,16.6,7.3,10.3,21.2,0
China,25-08-2022,23,12.2,17,0,18.1,33.8,41802.7
China,26-08-2022,22.5,13.4,18.2,0,15,28.4,18380.34
China,27-08-2022,23.6,15.4,19,11.2,20.4,38.9,16939.55
China,28-08-2022,16.5,12.4,14.7,4.7,18.2,33.8,6078.85
China,29-08-2022,17.3,9.5,13.4,0.3,10.5,22,0
China,30-08-2022,19.5,8.4,13.5,0,9.2,22.7,39600
China,31-08-2022,18.2,9.4,13.2,0,17.1,32.4,16024.72
China,01-09-2022,23,8.7,15.6,0,24,46.8,35535.8
China,02-09-2022,21.8,12.2,16,3.6,16.9,32,36725.48
China,03-09-2022,17.8,11.9,14.4,10.7,13.4,24.5,23911.36
China,04-09-2022,18.9,10,14.6,0,15.7,31.3,35447.71
China,05-09-2022,21.2,9.4,14.9,0,10.2,23.8,43033.11
China,06-09-2022,23.3,8.2,15.8,0,17.1,34.2,42957.43
China,07-09-2022,21.1,10.1,15.4,1.1,11,22,27649.57
China,08-09-2022,22.3,10.5,16.5,1.9,13,29.2,42696.2
China,09-09-2022,23.8,10.1,16.7,0,13.4,30.2,42564.67
China,10-09-2022,23.9,9.5,16.2,0,11.6,20.5,42432.66
China,11-09-2022,24,9.5,15.8,0.2,17,33.8,41868.79
China,12-09-2022,22.4,9,15.8,0.1,19.6,39.2,42167.45
China,13-09-2022,21.7,12.8,16.8,0,30.7,57.6,25245.14
China,14-09-2022,22.2,13.8,17.3,0,26.7,50,34062.95
China,15-09-2022,24.3,11.3,17.1,0,16.8,32.4,41337.88
China,16-09-2022,17.3,11.7,14.4,4.1,15.3,29.2,1859.74
China,17-09-2022,22.3,13.4,17,1.6,12.8,24.8,32557.96
China,18-09-2022,19.7,11.6,15.4,0.5,14.5,28.8,5320.34
China,19-09-2022,15.8,10.8,13.7,1.3,19.1,36.7,1186.01
China,20-09-2022,17.5,7.6,12.3,0,9.7,18,33670.16
China,21-09-2022,21.2,6.9,13.8,0.1,10.2,25.2,40708.42
China,22-09-2022,20.7,11.6,15.8,0,12.4,26.6,38666.61
China,23-09-2022,17.9,9.4,13.5,0,21,40.3,20221.5
China,24-09-2022,19.8,5.7,12.6,0,13.6,31.3,39583.78
China,25-09-2022,20.3,6.8,14.1,0.4,15.5,29.2,38525.7
China,26-09-2022,19.4,7,14,0,11.9,23,21084.57
China,27-09-2022,19.4,9.8,14.6,0.2,13.1,28.1,28127.66
China,28-09-2022,22.2,7.7,15,0,14.5,28.4,39378.64
China,29-09-2022,21.7,9.2,14.4,0.7,14.8,30.2,34132.59
China,30-09-2022,23.1,9,15.4,9.3,20.5,40.3,36683.92
China,01-10-2022,23.9,10.9,16.9,0,13.2,27,36568.88
China,02-10-2022,16.4,8.7,13.3,9,13.1,25.9,2052.02
China,03-10-2022,13.7,6.8,9.7,1,13.4,23.4,18729.97
China,04-10-2022,16.6,6.5,11,0,21.2,40.7,31256.52
China,05-10-2022,11.7,8.1,9.5,10.8,20.8,38.2,0
China,06-10-2022,14.2,7,9.9,1.6,12.2,23.8,14400
China,07-10-2022,15.3,6.2,10.6,0,14,28.1,35625.28
China,08-10-2022,9,3,7.6,2.4,19.2,36,5538.21
China,09-10-2022,9,-1.5,3.7,0,12.3,24.1,29827.63
China,10-10-2022,15.7,-2.8,6,0,16.6,31.3,35587.98
China,11-10-2022,15.1,1.8,7.9,0,17.4,32.4,29718.61
China,12-10-2022,14.4,4.9,9.6,0,12.2,26.6,30754.23
China,13-10-2022,13.1,4.6,9.4,1.1,13.6,27,24949.88
China,14-10-2022,13.1,3.9,8.8,0,9.4,16.6,24040.21
China,15-10-2022,14.4,6.9,10.6,0,8.8,20.9,28916.84
China,16-10-2022,15.4,2,9.1,0,12.6,25.2,36871.07
China,17-10-2022,15.1,1.6,8,0,11.2,26.6,36756.36
China,18-10-2022,19.1,3.6,10.1,0,20.2,37.8,36583.13
China,19-10-2022,17.9,5.9,10.7,0.1,22.7,47.5,32257.43
China,20-10-2022,14.2,7.8,10.6,2,12.4,31.3,12799.22
China,21-10-2022,16.2,6.2,11.2,0,15,32,35111.13
China,22-10-2022,15.4,4.9,10,0,10.7,24.5,35690.93
China,23-10-2022,15.1,3.8,10,2.6,14.7,27.4,30021.76
China,24-10-2022,17.2,5.7,11.4,0.3,16.8,32,35550.76
China,25-10-2022,15.9,8.3,11.2,1,11.8,23,8122.19
China,26-10-2022,14.6,8.3,10.7,12.4,9.4,19.4,20321.52
China,27-10-2022,15.7,7.9,10.6,0.1,28.4,52.6,32400
China,28-10-2022,14.1,6.5,9.8,2.6,22.7,45.7,34657.68
China,29-10-2022,11.2,2.4,8.2,2.7,13,24.5,18637.13
China,30-10-2022,12.4,1.6,6.5,0.2,12.6,26.6,32593.01
China,31-10-2022,14.9,0.8,7,1.7,16.1,31,34983.01
China,01-11-2022,15.9,1.2,7.8,0,14.2,31,34918.52
China,02-11-2022,8.8,3.2,6.6,1.4,13.4,29.2,12375.17
China,03-11-2022,10.4,1.6,5.1,0.2,13,24.8,17436.14
China,04-11-2022,10.1,0,4.5,0,13.2,27.7,34730.53
China,05-11-2022,13.2,-0.8,4.8,0,12.7,24.1,33916.86
China,06-11-2022,11.5,1.2,5.3,0,14.5,28.4,34610.5
China,07-11-2022,11.5,-0.5,5.9,0,18.7,34.9,16317.25
China,08-11-2022,14.1,3.6,7.6,0,13,24.5,34495.41
China,09-11-2022,13.6,2.8,7.6,0.5,16.4,31,32646.58
China,10-11-2022,13.4,5.3,8.1,0.2,16.6,32,32945.81
China,11-11-2022,5.2,0,1.5,7.1,16.3,31,0
China,12-11-2022,7,-3.3,1.9,0.2,14.2,26.3,22213.85
China,13-11-2022,8.4,-2.7,2.6,0.1,11.8,23.8,30433
China,14-11-2022,9.3,-2.4,3.1,0,11.9,22.3,33822.54
China,15-11-2022,7.7,-2.6,2.2,0,10,22.3,33249.55
China,16-11-2022,11.8,1.1,4.8,0,13.7,23,33657.95
China,17-11-2022,10.5,0.8,4.2,0.3,23.5,45,30696.03
China,18-11-2022,7.6,-0.2,3.4,0.5,9.7,22.3,31528.28
China,19-11-2022,10.4,-3.4,2.5,0,11.6,21.2,33194.27
China,20-11-2022,7.1,-1.6,2,0,17.7,34.9,24297
China,21-11-2022,6.2,-3.5,1.3,0,9.2,20.2,26927.01
China,22-11-2022,9.5,-1,3.2,0,13.9,23,32746.88
China,23-11-2022,11.4,-1.9,2.8,0,13,24.8,32675.25
China,24-11-2022,12.9,-3.2,3,0,13.8,46.8,32603.86
China,25-11-2022,8.5,-4,2.1,0,20.4,40.3,32425.01
China,26-11-2022,12.3,-3.2,3,0,14.5,25.9,32249.08
China,27-11-2022,8,-1.5,2.4,0.7,11.5,23,28158.86
China,28-11-2022,-1.7,-6,-4.3,0,21.8,40.7,19517.91
China,29-11-2022,-6.6,-11.1,-8.8,0,16.5,31.3,22978.99
China,30-11-2022,-2.7,-12.4,-8.2,0.1,13.4,31,25215.15
China,01-12-2022,2.1,-9.4,-5.4,0,14.3,29.2,29283.16
China,02-12-2022,5.2,-10.2,-3.3,0,14.8,27.7,31759.19
China,03-12-2022,0.6,-7.5,-3.7,0,13.1,26.3,27314.42
China,04-12-2022,-1.8,-6.4,-3.8,0.5,10.6,20.9,12395.31
China,05-12-2022,3.1,-8,-4.1,0,11.2,18,31586.47
China,06-12-2022,2.4,-6.9,-3,0,10.7,21.6,31432.49
China,07-12-2022,3.2,-6.3,-2.6,0,13.6,28.4,29266.18
China,08-12-2022,1.4,-7.9,-3.6,0,9.4,20.2,31331.67
China,09-12-2022,2.9,-7.5,-2.6,0,19.1,37.8,31284.68
China,10-12-2022,1.2,-7.7,-3.8,0,18.1,37.1,28108.66
China,11-12-2022,-1.4,-7.6,-5,0.1,17,31.7,24741.4
China,12-12-2022,0.5,-10.6,-5.4,0,11.7,26.3,31051.12
China,13-12-2022,0.4,-7.8,-4.4,0,14.5,29.2,31075.49
China,14-12-2022,5.2,-10.1,-3.2,0,14,25.6,30658.55
China,15-12-2022,0.7,-6.1,-2.8,0,15.3,31.3,26123.61
China,16-12-2022,-6.4,-12.7,-8.7,0.2,18.9,37.8,28979.74
China,17-12-2022,-4.1,-15.5,-10.7,0,9.4,23,31011.06
China,18-12-2022,1.9,-12.9,-5.3,0,11.5,24.5,31222.78
China,19-12-2022,-0.8,-10.9,-5.7,0,10.7,24.8,30135.49
China,20-12-2022,0.5,-10.8,-5.5,0,14.2,30.6,30892.15
China,21-12-2022,3.8,-10.1,-4.2,0,14,29.9,31109.03
China,22-12-2022,2.6,-7.6,-3.5,0,9.5,21.6,30438.61
China,23-12-2022,4.2,-5.7,-1.8,0,14.1,21.2,31125.47
China,24-12-2022,3,-7.8,-3.8,0.4,21.4,40,29499.91
China,25-12-2022,-2.3,-8.3,-5.5,0.3,16.9,31.3,18213.38
China,26-12-2022,-0.5,-11.2,-6,0,11.6,26.6,29865.15
China,27-12-2022,-2,-12.3,-7,0,10.3,24.5,31021.63
China,28-12-2022,-1.4,-10.3,-6.9,0,13.7,29.5,31149.98
China,29-12-2022,-0.1,-12.5,-7,0,10.2,20.9,31091.95
China,30-12-2022,1,-10.8,-5.9,0,13.8,20.2,31130.43
China,31-12-2022,1.7,-9.4,-4.7,0,11,19.8,30714
China,01-01-2023,-0.8,-6.8,-3.9,0.4,11.8,25.6,22929.92
China,02-01-2023,3,-10.3,-4.9,0,11.7,23.4,31079.91
China,03-01-2023,1.3,-8.6,-4.3,0,11.3,25.9,30992.39
China,04-01-2023,4,-8,-2.7,0,12.1,24.8,29130.78
China,05-01-2023,2.4,-7.3,-3,0,23.2,45,30867.42
China,06-01-2023,9.7,-8.1,-1.5,0,12.9,27.7,31464.55
China,07-01-2023,10.3,-4.9,1.2,0,15,26.3,31609.62
China,08-01-2023,7,-4.7,1.3,0,9.4,15.1,31577.48
China,09-01-2023,5.7,-4.6,-0.1,0,12.1,17.3,31636.24
China,10-01-2023,8,-7.9,-0.9,0,15.7,32,31425.49
China,11-01-2023,5,-4.7,-0.8,0,15.5,31.3,31211.41
China,12-01-2023,8.9,-6.6,-1.2,0.3,20,40,31545.67
China,13-01-2023,-6.9,-12.4,-9.8,1.4,17.1,36,11004.49
China,14-01-2023,-9.6,-14.1,-12,1.2,16.2,33.8,9757.58
China,15-01-2023,-4.7,-12.9,-9.7,0,12.2,27,31455.73
China,16-01-2023,-6.1,-12.4,-9.4,0.2,9.8,23.4,18271.51
China,17-01-2023,-3.2,-11.7,-8.6,0,16.2,33.1,26753.74
China,18-01-2023,-1.7,-14,-9.1,0,13.8,29.9,32500.65
China,19-01-2023,-1.5,-13.3,-8.4,0,11.6,25.9,32571.36
China,20-01-2023,-0.6,-13.1,-7.9,0,11.3,23.4,31939.6
China,21-01-2023,-1.3,-10.8,-6.7,0,12.4,28.4,22490.39
China,22-01-2023,1.1,-11.2,-5.7,0,13,29.5,32479.31
China,23-01-2023,-7.6,-15.8,-10.9,1.1,24.2,46.1,25233.28
China,24-01-2023,-1.6,-18.1,-10.8,0,12.7,26.6,33262.93
China,25-01-2023,-0.8,-13.1,-7.8,0,13,29.2,32580.05
China,26-01-2023,-2.8,-11.4,-7.2,0,16.6,35.3,33314.84
China,27-01-2023,-0.9,-12.8,-7.8,0,9.7,21.2,33733.66
China,28-01-2023,1.1,-11.4,-5.4,0,11.9,26.6,33589.35
China,29-01-2023,5.7,-11.1,-2.8,0,13.9,23.4,33976.73
China,30-01-2023,9.7,-4.7,0.9,0,11.8,22.7,34053.95
China,31-01-2023,7,-3.5,1.4,0,9.4,22.7,34101.95
China,01-02-2023,1.3,-6.5,-2.9,0,16.1,33.5,17418.49
China,02-02-2023,8.9,-7.3,-0.8,0,17.4,34.2,32400
China,03-02-2023,6.5,-4.8,0.1,0,15.9,30.6,31330.58
China,04-02-2023,9.2,-5.2,-0.2,0,14.7,29.5,34307.46
China,05-02-2023,8,-4.8,-0.1,0,13,27.7,34361.93
China,06-02-2023,4.8,-6,-0.6,0,9.8,20.9,30049.45
China,07-02-2023,9.2,-4.2,1.3,0.3,24.3,45,33253.48
China,08-02-2023,0.4,-8,-2.7,9.3,20.5,38.5,10191.53
China,09-02-2023,1.5,-11,-5.6,0,14.2,25.2,34752.05
China,10-02-2023,5.1,-11.2,-3.8,0,16.5,29.5,33619.3
China,11-02-2023,1.2,-3.8,-1.8,1.4,23.1,43.2,2722.36
China,12-02-2023,-2.1,-5.8,-3.9,4.4,12.3,25.2,1695.24
China,13-02-2023,-4.7,-10.9,-6.3,5.7,12.8,23.8,1476.85
China,14-02-2023,-0.1,-15.1,-8.4,0,15.6,24.1,35423.29
China,15-02-2023,0.1,-13.2,-6.5,0,12.7,19.8,35416.05
China,16-02-2023,3,-9.7,-4.2,0.7,16.1,30.2,32261.13
China,17-02-2023,1.6,-6.5,-1.8,0.1,14.8,37.1,23894.3
China,18-02-2023,-2.3,-7.9,-4.3,2.5,10.6,22.7,17482.45
China,19-02-2023,2.5,-10.1,-4.4,0,13.1,25.2,35275.88
China,20-02-2023,6.6,-10.9,-2.4,0,18.5,35.3,26069
China,21-02-2023,3.5,-3.1,-0.3,0.4,11.9,24.5,12778.35
China,22-02-2023,8,-4.8,1.1,0,16.9,32,34340.76
China,23-02-2023,8.2,-4.6,1.2,0,12.7,28.1,36703.11
China,24-02-2023,8.7,-2.7,2.4,0,12.2,23.8,36907.89
China,25-02-2023,10.6,-3.7,2.4,0,16,31.3,37116.36
China,26-02-2023,11,-1.6,2.9,0,21.8,40.7,37448.73
China,27-02-2023,4.7,-0.5,1.7,0.3,18.1,36.4,0
China,28-02-2023,5,-3.6,0.4,0.1,14.8,29.5,25207.31
China,01-03-2023,7.3,-4.8,0.6,0,17,32.4,36813.23
China,02-03-2023,6.5,-3.4,1.5,0,15.2,32.4,31513.74
China,03-03-2023,10.3,-4.7,1.8,0,13.6,25.6,38064.52
China,04-03-2023,12.8,-4,4.3,0,10.7,19.4,38121.3
China,05-03-2023,13.2,-2.4,5,0,12.1,26.3,36795.11
China,06-03-2023,13.5,1,6.9,0,11.7,24.1,38233.72
China,07-03-2023,11.3,-1.8,4.9,0,17.1,33.1,15315.65
China,08-03-2023,13.9,-1.8,6.1,0,12,24.8,38344.62
China,09-03-2023,17.1,-1.8,6.8,0,13.2,20.9,38399.54
China,10-03-2023,14.8,0.9,7.9,0,14.2,24.8,37200.11
China,11-03-2023,4.6,-4,1.2,0.4,19.5,37.8,13067.67
China,12-03-2023,8.7,-6.4,0.4,0,12,27.7,38562.18
China,13-03-2023,18.8,-3.6,6.1,0,11.5,25.9,38684.58
China,14-03-2023,11.8,1.2,7.2,0,16.4,35.3,38817.59
China,15-03-2023,11.2,-3.3,4.4,0,19,37.1,29819.8
China,16-03-2023,13.4,-2.1,6.2,0.3,15.3,29.9,28835.13
China,17-03-2023,13.9,-1.5,6.1,0,13.1,26.6,36000
China,18-03-2023,15.4,0.1,7.5,0,21.3,40,36133.89
China,19-03-2023,15.7,1,7.3,0,21.7,41.4,38930.82
China,20-03-2023,18,2.7,9.5,1.8,21.2,39.2,35123.41
China,21-03-2023,8.7,0.8,6.3,0.3,12.7,25.6,4597.49
China,22-03-2023,10.2,-0.7,5.5,0,12.8,27,13361.03
China,23-03-2023,9,0.8,4.7,0.5,16.6,32.4,26918.41
China,24-03-2023,10.1,-1.9,3,3.2,16.4,30.6,22351.81
China,25-03-2023,12.3,-2,5.6,0.4,11.8,26.6,40144.61
China,26-03-2023,9,-0.8,4,0.5,14.5,27,24092.82
China,27-03-2023,14.7,-4.2,4.9,0,15.1,31,40785.04
China,28-03-2023,13.8,-0.2,7.1,0,14.8,29.2,37438.43
China,29-03-2023,15.8,-1.9,7.8,0,21.5,41.8,41038.96
China,30-03-2023,11.7,2.7,6.9,1,20,37.8,27157.63
China,31-03-2023,16.8,0.7,8.7,0.1,14.7,30.2,41295.55
China,01-04-2023,21.8,3.9,11.3,3.7,30.8,57.2,39721.71
China,02-04-2023,10.1,1.5,4.1,9.9,23.8,49.3,0
China,03-04-2023,6.5,-0.6,2.2,5,15.7,32,7005.5
China,04-04-2023,9,-2.4,3.6,1.8,15.3,29.9,29267.77
China,05-04-2023,1.2,-4.1,-0.5,0.2,23.3,42.8,0
China,06-04-2023,11.6,-6.3,1.9,0,14,24.5,42488.95
China,07-04-2023,11.2,-0.7,5.7,0,14.9,32.8,32608.17
China,08-04-2023,17.7,-2.1,7.7,0,12.5,29.2,40173.45
China,09-04-2023,17.4,-0.1,9.4,0,18.9,38.9,41700.53
China,10-04-2023,17,5.6,10.7,0,19.1,41.4,42986.17
China,11-04-2023,18.4,-0.2,9.4,0,12.5,27,43038.5
China,12-04-2023,22.6,3.5,13,0,17,31.3,39267.61
China,13-04-2023,16.4,7.9,12,0,19.5,37.8,22081.68
China,14-04-2023,13.9,2,7.5,1,16.3,35.3,32089.01
China,15-04-2023,23.4,0,11.2,0,31.6,60.8,41569.37
China,16-04-2023,26.3,4.2,15.4,0,16.9,27.4,43200
China,17-04-2023,23.6,10.1,17.1,0,18,39.2,43098.12
China,18-04-2023,24.9,6,16.5,0,17.5,36.4,43200
China,19-04-2023,21,9.1,15,0,20.6,42.5,41925.6
China,20-04-2023,10.4,5.9,8.6,0,14.3,28.1,0
China,21-04-2023,9.8,2.1,5.4,5.2,13.1,27,10630.18
China,22-04-2023,11.7,2.4,6.2,5.8,18.5,36.4,22386.08
China,23-04-2023,9.8,2.5,5.3,3,14.3,27,2775.66
China,24-04-2023,10,2.2,6.7,0.1,14,29.2,12705.06
China,25-04-2023,18.7,2,9.9,0.2,12.5,30.2,43200
China,26-04-2023,21.4,3.3,12,0,20.4,39.6,43200
China,27-04-2023,11.4,5.7,8.4,0.8,15.9,32.4,6554.58
China,28-04-2023,11.7,1.7,6.1,0.1,22.5,43.9,32400
China,29-04-2023,17.6,-0.8,8.3,0,13.8,32.8,43200
China,30-04-2023,23.1,1.7,13.2,0,28.6,54,43200
China,01-05-2023,18,6.9,13,1.3,29.9,54.4,24484.82
China,02-05-2023,26.4,6.7,15.7,0,31.8,58.7,38558.56
China,03-05-2023,25.5,10.4,16.7,1.5,27.1,51.1,36601.38
China,04-05-2023,17.2,9.5,13.5,0.4,20.7,41.4,25200
China,05-05-2023,13.7,7.6,10,4.2,13.3,28.4,1561.05
China,06-05-2023,16.4,5.7,11.3,0,10.8,25.6,32826.84
China,07-05-2023,14.1,7.1,9.8,2.7,17.1,32,2376.34
China,08-05-2023,10.8,5.8,8.5,1,24.7,46.1,0
China,09-05-2023,12.3,5.5,8.7,10.6,13.4,23.8,0
China,10-05-2023,13.5,6.1,9.3,0.5,18.9,36.7,8756.71
China,11-05-2023,17.3,6.4,12,0,18.4,37.4,32588.03
China,12-05-2023,19.8,5.5,12.2,0,19.8,38.9,39563.09
China,13-05-2023,23.3,3.4,14.1,0,24.7,49,43276.89
China,14-05-2023,24.6,7.7,16.7,0,14.1,26.6,43227.2
China,15-05-2023,27.8,8.3,18.2,0,15.3,32.4,42295.23
China,16-05-2023,27,11.8,19.7,0,16.2,31.7,38415.95
China,17-05-2023,17.6,11.1,15,2.4,14.8,30.6,501.05
China,18-05-2023,26.6,7.3,17.5,0,15.8,30.6,43330.63
China,19-05-2023,29.2,10.5,19.6,0,21.5,46.1,43463.73
China,20-05-2023,22.1,11.9,16.5,0.2,18.7,38.9,18120.7
China,21-05-2023,14.2,4.1,9.5,1.8,20.6,38.5,29662.85
China,22-05-2023,20.4,4.7,12.5,0,25.1,48.2,38045.93
China,23-05-2023,26.4,8.5,16.4,0,21,42.8,34658.84
China,24-05-2023,23.3,7,15.2,0,20.5,41,42097.73
China,25-05-2023,20.7,11.8,15.7,0.1,18.6,38.5,24175.71
China,26-05-2023,20.1,10.9,15.2,2.8,19.9,38.5,14821.08
China,27-05-2023,20.8,10.3,15.7,0,17.3,33.8,16064.2
China,28-05-2023,22.7,11.9,17.5,0,10.6,27,32209.44
China,29-05-2023,25.7,10.5,17.7,0,13.9,35.6,43123.47
China,30-05-2023,24.9,13.3,18.8,1,29.8,55.8,38922.91
China,31-05-2023,18.5,9.9,14.3,8.4,20.6,41.4,20469.58
China,01-06-2023,20.4,8.7,15.1,2.7,12.7,31.7,29900.38
China,02-06-2023,17.3,10.4,13.5,11.7,17.9,34.9,6825.04
China,03-06-2023,18.1,9.3,13.5,0.1,16.6,33.1,15673.07
China,04-06-2023,16.2,9.9,13.1,3.9,16.8,34.2,6602.53
China,05-06-2023,21.4,8.9,15,0,13.9,27,38811.46
China,06-06-2023,21.9,9.9,15.9,0.6,15.7,31.7,14893.8
China,07-06-2023,22.3,10.3,16.8,0.1,13.8,28.4,38300.8
China,08-06-2023,25.7,10.6,19.1,0,16,27,44564.96
China,09-06-2023,25.8,12.8,19.4,0,10.5,26.3,45444.94
China,10-06-2023,28.1,13.4,21.5,0,21.1,38.9,39324.71
China,11-06-2023,27.5,15.3,21.6,0,22.7,43.6,35128.81
China,12-06-2023,22.7,13.4,17.8,5.4,14.8,38.9,34061.62
China,13-06-2023,24.3,10.8,18.8,0,14.4,25.6,46111.15
China,14-06-2023,26.8,11.7,19.8,0,28.8,53.3,43956.2
China,15-06-2023,26.3,12.2,18.9,0,29.1,53.6,36066.56
China,16-06-2023,24.4,12.4,17.7,0,29,54.7,37884.16
China,17-06-2023,25.6,12.6,18.6,2.3,23.5,47.2,36110.18
China,18-06-2023,25.8,14.3,19.4,3.5,20.1,40.7,42739.94
China,19-06-2023,28,12.5,20.2,0,23.3,51.8,43327.11
China,20-06-2023,27.4,13.7,20.9,0,20.8,39.2,25110.96
China,21-06-2023,27.2,10.7,19.8,0,27.5,51.1,46774.73
China,22-06-2023,29,12.6,21.5,0,21.3,40.3,46946.44
China,23-06-2023,26.6,15.1,20.7,0.2,20.2,41.8,27804.91
China,24-06-2023,28.3,12.3,20,0.3,20.8,41.8,43722.92
China,25-06-2023,29,12.4,21.3,0,14.2,37.4,41915.62
China,26-06-2023,28.8,15.8,22.7,0,21,42.8,46621.07
China,27-06-2023,28.1,16.7,21.7,0.5,22.6,43.2,26290.05
China,28-06-2023,24.2,17,20.6,0,11.4,23.4,13574.31
China,29-06-2023,28.6,11.8,20.7,0,16.9,30.6,46274.61
China,30-06-2023,30.5,15.4,23,0,35.3,63.7,43702.59
China,01-07-2023,27.3,18,22.3,5.2,25.5,46.1,38987.8
China,02-07-2023,26.5,16.3,21.5,3.6,13.6,24.8,24160.51
China,03-07-2023,21.3,12.2,16.8,28.3,17.3,32,34320.72
China,04-07-2023,25.9,10.2,18.4,0,12.1,23.4,47672.53
China,05-07-2023,24.7,14.2,18.2,0.8,12.4,27.7,17728.59
China,06-07-2023,29.3,12.3,21,0,16,32.4,46927.66
China,07-07-2023,28.3,14.6,21.8,0,13.3,25.6,39502.09
China,08-07-2023,28.6,13.7,21.6,0,12.4,25.2,46537.84
China,09-07-2023,32.4,14.6,24.1,0,26.1,47.2,47469.85
China,10-07-2023,31.3,18,24.6,0.1,20.1,38.5,44554.25
China,11-07-2023,26.3,19.3,22.3,8.8,12.6,24.1,30432.34
China,12-07-2023,19.7,14,17.8,14,17.9,31.7,0
China,13-07-2023,18.2,11.9,14.9,2.2,14.8,25.6,0
China,14-07-2023,23.7,9.8,17.5,0,17.4,34.2,40661.64
China,15-07-2023,27,15.6,20.7,0,13.8,29.5,47207.86
China,16-07-2023,28.4,13.2,20.8,0,12.1,19.8,47181.01
China,17-07-2023,27.7,15.6,20.8,0.1,21.4,38.9,45819.25
China,18-07-2023,27.7,13.3,20.6,0,23.4,50.8,46861.36
China,19-07-2023,30.2,14.6,21.3,0.5,14,27.4,44471.52
China,20-07-2023,27.4,15.7,21.5,0,26.1,49.7,46028.2
China,21-07-2023,29,13.8,21.3,0,11.6,27.4,46765.59
China,22-07-2023,30.3,13.1,22.1,0,20.9,37.4,44860.67
China,23-07-2023,29.5,16.9,21.8,1.1,27.1,49.7,42149.38
China,24-07-2023,30.1,14.8,22.6,0,13.8,24.1,45884.47
China,25-07-2023,31,15.7,23.2,0,17.1,32,44938.44
China,26-07-2023,29.9,16.3,22.9,0.2,17.8,35.3,41349.11
China,27-07-2023,22.3,17.1,19.6,4.7,7.1,15.5,12046.99
China,28-07-2023,26.9,15.4,20.9,0.1,14.3,32.8,45742.89
China,29-07-2023,27.9,13.4,20.7,0,19.9,35.6,45886.68
China,30-07-2023,28,16.8,21.9,0,16.1,32.4,45040.31
China,31-07-2023,29,15.4,22.4,0,18.1,32.4,44911.14
China,01-08-2023,30.4,16.5,23.4,0,14.8,29.5,44583.82
China,02-08-2023,30.8,16.8,24.4,0,18.7,34.6,44724.94
China,03-08-2023,31.1,18,24.1,0.2,15.9,33.1,43570.83
China,04-08-2023,28,17.6,23.1,0,11.8,26.3,44428.29
China,05-08-2023,30.1,17.2,23.9,0.3,9.7,20.2,44004.68
China,06-08-2023,25.2,17.8,22.1,1.6,27.7,49.7,13745.34
China,07-08-2023,28.6,15,21.7,1.9,18.2,33.5,44006.45
China,08-08-2023,30.2,17.5,23.5,0.2,27.5,49.7,44006.59
China,09-08-2023,28.8,19.8,23.7,1.2,22.6,41,41943.42
China,10-08-2023,30.4,19.2,24.1,1.4,10.9,24.8,43157.81
China,11-08-2023,21.1,16.3,19,4.8,19.4,34.9,11742.89
China,12-08-2023,27.8,16,21.1,0,9.4,17.3,44000.2
China,13-08-2023,29.9,12.2,21.5,0,21.4,37.8,43874.56
China,14-08-2023,29.3,15,22.1,0,21.7,40,43200
China,15-08-2023,29.3,17,22.5,0,21.5,38.2,42178.62
China,16-08-2023,24.5,16.3,20.5,0.9,22.8,44.3,23782.46
China,17-08-2023,19.6,15.5,17.5,0.3,12.2,26.3,7200
China,18-08-2023,26.3,15.4,20.3,0,12.2,23.4,43425.06
China,19-08-2023,26.7,14.1,20,0,28.8,49.3,33339.83
China,20-08-2023,28.5,15.5,20.9,0,18.9,37.8,43234.67
China,21-08-2023,27,17.8,22,0,8.1,22.3,43200
China,22-08-2023,26.7,14.7,20.7,0,13.9,27.4,43200
China,23-08-2023,25.5,12.2,19.7,0,11.9,28.4,43200
China,24-08-2023,27.3,11.8,19.7,0,29.7,52.9,43200
China,25-08-2023,22.5,15.5,18,7.1,23.8,43.6,10767.42
China,26-08-2023,22.2,13.3,17.1,1,13.8,30.6,30719.07
China,27-08-2023,23.9,9.6,17,0,12.2,28.8,43200
China,28-08-2023,25,10.1,17.9,0,17.9,32.4,43200
China,29-08-2023,25.9,11.5,18.8,0,17.3,31.3,43200
China,30-08-2023,28.4,11,19.9,0,24.4,44.3,43200
China,31-08-2023,27.6,11.1,19.8,0,21.1,43.6,32400
China,01-09-2023,27.1,15.6,21.2,0,12.9,34.9,43200
China,02-09-2023,29.1,12.7,20.8,0,17.9,32,43177.14
China,03-09-2023,29.6,13.6,21.5,0,22.4,46.8,43133.12
China,04-09-2023,29.8,14.5,21.6,0,33.1,58.7,43089.05
China,05-09-2023,28.3,16.3,21.3,0.6,31.9,57.6,37476.73
China,06-09-2023,28.9,17,21.7,0,29,51.5,36111.7
China,07-09-2023,19.5,13.9,17,7,17.6,31.7,15677.79
China,08-09-2023,20.2,12.9,16.5,2.7,15.8,29.5,8403.31
China,09-09-2023,25.8,10.6,18,0,7.5,20.5,42592.24
China,10-09-2023,26.5,15.3,20.1,0,15.5,28.8,33048.5
China,11-09-2023,21.3,14.4,17.6,5.5,14.3,29.5,23019.65
China,12-09-2023,24.5,11.1,17.6,0,15.3,29.5,42198.7
China,13-09-2023,26.9,10.1,18.1,0,24.2,43.2,42067.5
China,14-09-2023,26.1,12.1,17.8,0,18.1,37.1,41299.61
China,15-09-2023,25.7,11.4,18,0.4,12.2,25.6,41681.59
China,16-09-2023,26.7,11.8,18.6,0,13.2,25.9,41119.32
China,17-09-2023,24.1,14.4,18.9,0,11.3,21.6,38921.84
China,18-09-2023,20.9,13.3,17.1,6,11.6,20.5,24755.89
China,19-09-2023,19.2,12.8,15.8,6.3,13.1,25.6,15866.76
China,20-09-2023,16.3,9.5,12.9,5.1,21.7,38.2,12040.87
China,21-09-2023,21.7,5.7,13,0,16.1,29.9,41002.27
China,22-09-2023,14.5,8.6,11.6,3.5,23.3,42.1,5205.01
China,23-09-2023,18.6,8.8,13.6,3.1,15.8,29.2,23061.83
China,24-09-2023,16.4,11.3,13.3,5.6,12.1,24.1,577.79
China,25-09-2023,17.8,10.6,13.9,8.5,15.6,28.4,15310.25
China,26-09-2023,17.8,10.2,13.2,6.8,17.3,31.3,17779.04
China,27-09-2023,18,11.7,13.7,5,11.6,23.4,32069.27
China,28-09-2023,20.6,11.7,14.9,7.2,14,25.9,33165.43
China,29-09-2023,19.8,11,14.3,2,12.6,27.4,36762.51
China,30-09-2023,19.5,9.8,14.4,0.6,18.7,35.3,30571.39
China,01-10-2023,18.9,11.5,14.3,0,18.7,32.8,17165.99
China,02-10-2023,17.8,10.5,13.5,2.3,8.7,18,19254.54
China,03-10-2023,17.2,7.5,12.9,6.1,14.5,28.4,13263.24
China,04-10-2023,13.4,10.6,12.3,12.8,15.6,28.4,0
China,05-10-2023,10.7,8.8,9.8,21.9,17.1,32.4,0
China,06-10-2023,15.3,6.5,11,0,10.6,23.4,31346.63
China,07-10-2023,16.4,6.5,10.6,0,12.5,28.4,37551.57
China,08-10-2023,17.7,5.4,11.2,0,14.1,27.4,33443.02
China,09-10-2023,17.8,2.8,9.9,0,13.6,24.8,37651.24
China,10-10-2023,16.6,3.8,9.8,0,22,40.3,37394.97
China,11-10-2023,10.5,8.7,9.5,9.8,20.2,36,0
China,12-10-2023,10.1,7.6,8.7,11,11.8,22.7,0
China,13-10-2023,13,4.8,8.4,0,15.8,36,34484.28
China,14-10-2023,14,4.1,8.1,0,10,22.3,37002.64
China,15-10-2023,16.9,1.3,8.4,0,12,23,36992.3
China,16-10-2023,16.6,2.9,9.2,0,16.3,28.8,36230.1
China,17-10-2023,12,4.5,8.8,8.4,25.2,45.7,28800
China,18-10-2023,8.1,3.8,6.7,2.5,11.3,22.7,0
China,19-10-2023,10.8,1.8,6,1,14.1,29.5,36013.8
China,20-10-2023,13.9,-1.3,5.8,0,10.5,19.8,36326.45
China,21-10-2023,14.4,-0.3,6.6,0,11.8,17.3,36148.29
China,22-10-2023,14,0.7,7.1,0,9.8,19.4,35637.87
China,23-10-2023,15.5,3.6,9.5,0,9,17.6,35898.27
China,24-10-2023,16.6,3.5,9.4,0,9.9,19.1,28289.76
China,25-10-2023,13.5,6.4,10.1,0.5,12.5,23.8,21351.04
China,26-10-2023,15.6,6.2,10.5,0.6,9.7,19.1,35346.98
China,27-10-2023,16.1,2.5,8.5,0,9.4,17.6,35344.63
China,28-10-2023,16.1,3.8,9.8,0,9.2,16.6,35299.79
China,29-10-2023,16.2,3.6,9.5,0,9.6,19.1,35166.88
China,30-10-2023,16.9,3,9.2,0,10.5,20.5,35102.81
China,31-10-2023,18.4,4.3,10,0,9.9,19.4,35001.7
China,01-11-2023,17.7,2.4,8.9,0,9.7,21.6,34935.2
China,02-11-2023,13.1,2.9,8.1,0,16.1,29.2,33389.59
China,03-11-2023,13.2,1.8,7.4,0,14.8,28.1,29410.12
China,04-11-2023,12.3,2.8,6.9,0.3,15.7,31.7,33719.39
China,05-11-2023,3.5,-3.9,0.4,0,16.6,34.6,22533.63
China,06-11-2023,14,-4.3,2.8,0,11.1,20.5,34620.05
China,07-11-2023,11.1,-2.8,3.2,0,19.2,33.8,34561.12
China,08-11-2023,10,-3.6,2.5,0,10.1,18.7,34503.79
China,09-11-2023,10.9,-1.7,4,0,9.2,18.7,34433.19
China,10-11-2023,10.7,-0.2,3.9,0,13.3,27.7,34355.45
China,11-11-2023,5.8,-2,1.8,0,12.5,24.8,24937.18
China,12-11-2023,0.4,-5.2,-2.8,0.8,9.2,19.4,6896.05
China,13-11-2023,6.6,-6.4,-0.8,0,9.7,17.3,33796.79
China,14-11-2023,10,-3.3,2.3,0,11.6,21.6,33906.7
China,15-11-2023,1.2,-2,-0.4,3.2,19.1,36.4,3523.04
China,16-11-2023,8.5,-6.4,0,0,15,31.3,33693.47
China,17-11-2023,9.9,-1.6,3.9,0,8.9,16.6,33588.6
China,18-11-2023,10.6,-1.9,3.1,0,10.8,20.5,33485.07
China,19-11-2023,12.7,-2.5,3.3,0,12.7,21.6,33383
China,20-11-2023,9.8,-3.5,2.1,0,11,19.4,33139.13
China,21-11-2023,8.9,-1.9,2.9,0,18.1,36.7,32109.37
China,22-11-2023,7.2,-4.8,-0.7,0,11.3,20.9,32424.07
China,23-11-2023,8.5,-6.7,-1.5,0,12.1,23,32798.99
China,24-11-2023,9.4,-4.3,0.4,0,14.5,27.7,32604.57
China,25-11-2023,4.3,-2.7,0.5,0,15.8,26.3,31419.66
China,26-11-2023,10,-3.6,2.6,0,13.8,27.7,32365.74
China,27-11-2023,6.8,-2,1.2,0,11.8,22.7,32191.25
China,28-11-2023,9.3,-4.2,2.5,0,10.5,21.6,29739.22
China,29-11-2023,3.1,-4,-0.9,0,18.6,34.2,31956.03
China,30-11-2023,2.1,-6.6,-3.1,0,9.3,23,31996.33
China,01-12-2023,4.3,-6,-1.3,0,9.4,14.8,31934.47
China,02-12-2023,5.7,-3.7,0.6,0,9.5,18,31772.89
China,03-12-2023,6,-4.4,0.4,0,9.5,19.1,31715.44
China,04-12-2023,8.1,-2.7,1.8,0,12.4,23.8,31760.63
China,05-12-2023,6,-3.9,0.6,0,17.6,41.4,27234.81
China,06-12-2023,11.2,-5.3,0.9,0,14.5,29.5,31553.36
China,07-12-2023,12.8,-3.4,2.2,0,12.4,25.6,31601.77
China,08-12-2023,10.3,-3.5,2.9,0,12.5,23,31551.47
China,09-12-2023,7.3,-3.7,0.8,0,11.9,19.1,30617.56
China,10-12-2023,4.8,-1.7,0.7,0,14.3,28.8,20081.19
China,11-12-2023,3.4,-4.8,-1.1,0,13,27.7,29316.88
China,12-12-2023,9.1,-5.6,-0.7,0,13.8,24.8,31366.19
China,13-12-2023,5.3,-2.5,0,1.1,16.3,28.8,30149.22
China,14-12-2023,-3.2,-11.1,-6.5,1.2,17.6,33.5,56.65
China,15-12-2023,-9.5,-14.1,-12,0.5,15.1,31.3,27901.26
China,16-12-2023,-2.7,-15.3,-9.6,0,11.5,23,30110.15
China,17-12-2023,-0.1,-11.4,-6.7,0,10.5,21.2,30142.47
China,18-12-2023,0.8,-9.1,-5.1,0,19.9,36.7,28722.18
China,19-12-2023,-2.1,-11.4,-7,0,14,26.6,30454.49
China,20-12-2023,-2,-9.9,-6.8,0,11.6,21.6,30445.36
China,21-12-2023,-1.7,-13.6,-8.4,0,10.8,19.4,30890.64
China,22-12-2023,-0.4,-9.4,-5,0,15.6,29.2,30675.27
China,23-12-2023,-1.8,-9,-5.8,0,12.1,26.6,30575.35
China,24-12-2023,3.6,-10.7,-4.9,0,11.6,19.1,30927.55
China,25-12-2023,4.2,-10.2,-3,0,11.3,23.4,31041.92
China,26-12-2023,5,-6,-0.8,0,11.2,18.4,29988.08
China,27-12-2023,5.9,-5.9,-1.1,0,9.9,14.8,31103.88
China,28-12-2023,4.7,-8.2,-1.8,0,10.6,19.4,30665.14
China,29-12-2023,5.6,-6.1,-0.4,0,13.3,24.5,31081.96
China,30-12-2023,6.3,-4.6,-0.1,0,11.6,24.1,31214.93
China,31-12-2023,3.2,-7.1,-2,0,15.6,30.6,31256.49
