Date,Temp_Max,Temp_Min,Temp_Mean,Precipitation_Sum,Windspeed_Max,Windgusts_Max,Sunshine_Duration
2000-01-01,18.5,8.8,12.9,0.0,6.2,20.9,31987.98
2000-01-02,17.1,7.1,11.6,0.0,5.5,22.3,23525.12
2000-01-03,14.8,6.0,9.1,5.5,14.8,49.3,29911.71
2000-01-04,7.0,2.5,5.1,8.9,9.7,49.0,16622.08
2000-01-05,2.5,-2.1,1.1,19.2,14.4,41.4,0.0
2000-01-06,1.2,-4.2,-1.6,0.3,6.3,27.0,31942.3
2000-01-07,3.0,-6.5,-1.0,1.6,6.9,19.8,31793.97
2000-01-08,4.7,1.5,2.7,2.4,6.4,19.1,31972.39
2000-01-09,3.6,-1.1,1.3,0.6,9.8,25.2,31029.57
2000-01-10,4.2,-2.3,0.9,4.5,11.5,43.2,31801.56
2000-01-11,3.2,-6.5,-0.7,0.0,9.0,30.6,32551.58
2000-01-12,4.7,-4.6,-0.4,0.0,5.4,19.1,32477.33
2000-01-13,4.8,-5.5,-1.0,0.0,4.7,19.4,33117.63
2000-01-14,5.9,-6.7,-0.7,0.0,4.5,17.3,31894.27
2000-01-15,7.0,-4.3,1.1,0.0,7.5,24.5,32544.29
2000-01-16,5.6,-4.6,0.2,0.0,4.3,17.6,33119.83
2000-01-17,5.5,-4.9,0.2,0.0,6.6,23.4,32932.23
2000-01-18,4.6,-4.1,0.9,13.4,18.4,77.0,16946.48
2000-01-19,3.9,1.5,2.6,16.7,22.4,80.6,28052.48
2000-01-20,4.1,0.8,2.3,52.6,14.0,67.3,0.0
2000-01-21,0.0,-4.0,-2.0,5.9,11.8,61.6,33442.58
2000-01-22,1.9,-3.7,-0.8,5.2,12.8,33.5,31823.16
2000-01-23,3.7,0.1,1.4,0.9,10.2,28.1,31991.53
2000-01-24,3.8,-5.4,-0.7,0.6,8.4,28.8,34017.6
2000-01-25,6.1,-0.0,3.8,6.0,12.2,50.0,32168.82
2000-01-26,3.1,-2.0,1.1,11.8,13.5,51.1,29229.27
2000-01-27,0.8,-3.5,-1.3,15.6,10.4,45.4,2536.62
2000-01-28,0.6,-4.3,-2.1,0.6,15.5,37.4,25632.93
2000-01-29,1.0,-10.7,-4.2,0.0,6.9,25.6,34519.96
2000-01-30,4.5,-8.5,-2.4,0.0,5.4,15.8,34625.57
2000-01-31,6.4,-7.5,-1.0,0.0,6.0,15.8,34732.54
2000-02-01,4.1,-2.6,0.8,0.0,8.9,25.9,34840.75
2000-02-02,5.0,-2.6,1.6,0.0,9.0,23.8,34920.07
2000-02-03,8.0,-2.4,2.3,0.0,5.0,14.4,34982.97
2000-02-04,9.0,-0.5,3.8,0.0,5.0,18.4,35045.48
2000-02-05,7.3,1.0,4.2,1.9,11.1,46.4,33975.75
2000-02-06,4.2,-1.3,1.9,9.7,16.3,55.4,31062.43
2000-02-07,5.7,-7.8,-1.0,0.0,5.1,29.9,35263.68
2000-02-08,7.1,-6.0,0.1,0.0,4.2,15.8,35326.74
2000-02-09,7.9,-4.4,1.5,0.0,4.6,17.3,35427.0
2000-02-10,9.5,-4.8,1.9,0.0,7.6,22.3,35492.52
2000-02-11,12.2,-0.5,5.2,0.0,5.9,20.9,35556.69
2000-02-12,11.6,-0.8,5.4,0.2,10.2,30.2,35672.11
2000-02-13,5.9,2.6,4.1,5.4,12.8,39.6,7324.56
2000-02-14,7.4,0.2,3.8,1.2,14.4,42.5,32833.54
2000-02-15,8.8,0.7,4.6,1.5,11.9,34.9,35595.55
2000-02-16,5.9,0.5,3.1,10.7,18.2,68.8,12376.03
2000-02-17,5.6,0.4,2.6,1.1,13.0,47.9,34237.92
2000-02-18,9.8,-4.6,2.3,0.0,7.0,23.4,36437.91
2000-02-19,9.6,-0.6,4.4,3.6,25.5,69.1,36596.25
2000-02-20,7.3,1.5,3.9,0.3,10.4,34.9,35098.98
2000-02-21,10.6,-1.9,4.5,0.0,8.4,27.0,36876.28
2000-02-22,8.8,1.0,4.5,5.7,16.4,48.2,34936.81
2000-02-23,7.0,2.6,4.1,4.1,14.0,41.4,32428.98
2000-02-24,7.2,0.3,3.5,0.2,12.7,33.1,36000.0
2000-02-25,8.0,-1.5,2.9,0.0,14.0,41.8,36853.32
2000-02-26,8.6,-3.5,2.6,0.0,8.3,28.4,36865.46
2000-02-27,5.9,-1.3,2.0,2.5,10.1,31.7,37209.16
2000-02-28,7.4,-3.6,2.1,0.2,8.7,27.7,36542.11
2000-02-29,8.8,-1.6,3.8,0.3,8.4,26.6,37593.62
2000-03-01,4.7,-0.8,1.9,9.8,19.9,70.6,30515.39
2000-03-02,5.1,-2.1,1.0,0.2,17.4,41.4,36287.76
2000-03-03,9.7,-6.0,1.9,0.0,6.0,18.7,37983.52
2000-03-04,7.7,-0.6,3.8,2.3,13.4,41.8,38032.37
2000-03-05,10.8,-4.2,3.9,0.0,7.4,22.3,38110.89
2000-03-06,9.3,1.3,4.9,0.2,14.1,40.0,38190.15
2000-03-07,4.2,-3.4,1.6,8.0,21.4,68.0,34839.3
2000-03-08,3.0,-5.6,-1.9,0.0,17.1,43.6,38579.75
2000-03-09,8.0,-6.8,0.7,0.0,3.5,19.1,38741.07
2000-03-10,9.0,-2.9,3.3,0.0,7.3,25.6,38826.12
2000-03-11,8.5,-1.8,3.4,0.0,15.9,43.6,38593.61
2000-03-12,10.1,2.9,6.3,1.3,13.7,36.4,32719.23
2000-03-13,11.7,1.5,6.2,0.0,9.4,28.8,38898.34
2000-03-14,11.3,0.2,6.4,0.1,6.8,23.4,38883.64
2000-03-15,13.6,-0.4,7.0,0.0,6.6,26.6,39429.4
2000-03-16,15.6,2.8,9.1,0.0,7.6,25.6,39707.78
2000-03-17,17.9,3.6,11.1,0.0,8.9,31.3,39796.23
2000-03-18,12.5,3.5,7.9,1.8,22.6,76.3,36966.16
2000-03-19,11.5,0.5,6.1,0.0,8.7,31.0,40175.61
2000-03-20,11.8,3.4,7.3,0.0,11.6,36.4,40159.8
2000-03-21,11.9,4.4,8.0,0.0,7.7,28.4,27812.66
2000-03-22,12.2,4.9,7.9,1.0,11.2,32.8,40334.14
2000-03-23,6.7,0.4,3.3,6.3,12.5,44.6,31498.56
2000-03-24,7.1,-0.7,3.1,2.5,18.1,60.8,37151.81
2000-03-25,11.4,3.0,6.7,0.0,9.6,28.8,36295.15
2000-03-26,13.6,-0.3,7.7,0.0,5.3,23.8,41171.59
2000-03-27,16.5,3.6,10.4,0.0,3.7,22.0,41303.3
2000-03-28,17.7,7.5,12.1,0.0,9.7,25.9,41437.64
2000-03-29,19.2,8.6,13.6,0.0,8.3,28.4,40359.57
2000-03-30,17.8,9.6,13.3,0.0,8.8,27.4,41526.76
2000-03-31,19.6,8.6,14.3,0.0,5.9,22.3,41386.97
2000-04-01,20.8,8.4,15.0,0.0,9.7,27.7,40863.98
2000-04-02,23.2,7.0,15.7,0.2,11.5,37.1,40825.24
2000-04-03,21.4,9.2,16.0,0.0,7.3,24.5,41284.37
2000-04-04,21.3,9.5,15.5,0.0,7.3,23.4,39600.0
2000-04-05,23.7,7.4,17.0,0.0,5.6,21.6,39912.49
2000-04-06,24.4,16.5,20.3,0.0,10.6,37.8,39951.39
2000-04-07,16.4,6.6,11.3,0.0,15.1,46.8,42287.11
2000-04-08,12.4,5.3,8.0,1.3,18.1,52.2,40438.44
2000-04-09,9.8,3.4,6.3,13.6,20.1,74.5,27954.43
2000-04-10,11.2,3.0,6.8,0.9,12.7,51.5,42007.62
2000-04-11,20.0,2.7,12.6,0.0,7.8,42.5,42891.34
2000-04-12,25.1,11.7,19.4,0.0,11.7,52.9,39764.58
2000-04-13,25.6,8.9,17.6,0.0,17.8,52.9,43001.39
2000-04-14,16.7,6.0,11.2,0.0,10.6,33.8,42825.37
2000-04-15,19.1,7.2,13.2,0.0,6.3,22.3,43690.92
2000-04-16,22.0,7.0,15.2,0.0,5.4,23.0,44097.84
2000-04-17,23.9,10.4,17.9,0.6,6.7,27.0,43395.02
2000-04-18,25.2,11.4,18.4,0.1,14.3,40.7,41347.42
2000-04-19,18.8,9.3,14.5,0.1,20.5,60.1,44190.79
2000-04-20,14.7,7.4,10.7,0.5,17.1,56.2,43470.58
2000-04-21,13.6,7.2,9.9,2.0,13.8,38.5,40240.5
2000-04-22,12.2,4.3,8.8,2.2,14.5,51.1,42776.32
2000-04-23,14.1,3.6,9.6,2.4,9.8,31.0,43989.77
2000-04-24,15.2,4.2,10.7,0.4,11.5,34.6,43232.34
2000-04-25,17.6,8.5,12.6,0.0,8.4,24.8,45105.14
2000-04-26,20.2,4.0,13.6,0.0,5.9,24.5,45211.27
2000-04-27,23.1,10.6,16.4,0.2,14.0,40.7,42272.46
2000-04-28,19.4,10.1,14.1,2.5,10.9,36.7,45419.02
2000-04-29,14.4,8.0,11.1,0.0,16.5,47.2,44411.58
2000-04-30,17.6,5.2,11.7,0.0,7.0,28.4,45397.61
2000-05-01,20.0,5.9,14.1,0.0,4.7,24.5,45723.88
2000-05-02,22.9,9.3,16.8,0.0,10.5,29.2,45824.04
2000-05-03,24.6,14.1,19.6,0.0,10.8,32.0,45923.35
2000-05-04,24.8,12.7,18.3,0.2,20.0,59.0,45150.29
2000-05-05,17.0,10.0,13.2,0.5,16.3,44.6,46119.03
2000-05-06,16.8,8.2,12.3,0.0,13.0,38.5,46215.24
2000-05-07,17.2,4.9,11.4,0.0,9.7,29.2,46310.25
2000-05-08,14.8,5.7,10.3,0.4,15.8,45.4,46381.71
2000-05-09,20.3,4.3,13.6,0.0,6.2,27.0,46430.96
2000-05-10,22.9,9.2,16.9,0.0,5.0,25.2,46478.96
2000-05-11,24.3,11.1,18.7,0.0,8.2,29.5,46525.67
2000-05-12,24.3,14.4,18.9,0.0,9.1,27.4,46571.04
2000-05-13,24.1,13.9,18.5,0.0,11.8,33.1,46615.0
2000-05-14,23.8,14.6,18.5,0.0,12.8,34.6,46657.53
2000-05-15,24.4,14.2,18.8,0.0,10.5,32.4,46698.54
2000-05-16,23.4,14.2,18.1,0.0,13.4,37.8,46738.01
2000-05-17,22.6,13.9,18.1,0.7,19.7,61.9,46775.86
2000-05-18,22.4,11.4,16.7,1.4,16.2,47.2,46800.0
2000-05-19,20.0,10.6,15.1,0.0,14.6,40.0,46800.0
2000-05-20,20.9,8.9,15.4,0.3,8.8,28.1,46800.0
2000-05-21,22.0,5.8,15.7,0.0,7.8,28.1,46800.0
2000-05-22,23.2,11.2,17.7,0.0,7.2,27.4,46800.0
2000-05-23,22.5,10.2,16.8,0.0,8.0,26.6,46800.0
2000-05-24,21.1,10.1,15.8,0.0,12.0,36.7,46800.0
2000-05-25,23.8,10.9,18.1,0.0,15.2,43.2,46800.0
2000-05-26,20.8,11.9,16.4,0.0,14.1,40.0,46800.0
2000-05-27,23.1,6.6,16.3,0.0,7.6,28.4,46800.0
2000-05-28,24.5,13.3,18.9,0.0,9.3,27.7,46800.0
2000-05-29,26.0,13.6,19.9,0.0,10.5,29.9,46800.0
2000-05-30,27.8,17.0,22.1,0.1,11.6,37.1,46800.0
2000-05-31,26.5,17.9,22.0,0.0,13.3,38.5,46800.0
2000-06-01,27.1,14.7,21.3,0.0,6.2,26.6,46800.0
2000-06-02,27.2,15.9,21.6,0.0,9.9,33.1,46800.0
2000-06-03,23.1,13.4,17.9,0.0,14.7,42.1,46800.0
2000-06-04,22.5,10.8,16.8,0.0,10.7,30.2,46800.0
2000-06-05,24.2,10.1,17.7,0.0,11.0,32.8,46800.0
2000-06-06,24.4,9.1,17.6,0.0,10.4,29.9,46800.0
2000-06-07,23.8,12.0,17.6,0.0,10.5,32.0,46868.95
2000-06-08,24.8,11.6,18.6,0.0,14.3,39.2,46866.14
2000-06-09,26.9,15.6,20.9,0.0,15.6,41.8,46863.27
2000-06-10,27.8,16.4,21.9,0.0,13.8,39.6,46956.31
2000-06-11,29.3,16.8,23.0,0.0,15.0,38.9,46954.66
2000-06-12,29.0,18.8,23.5,0.0,12.6,36.7,46952.93
2000-06-13,31.3,18.9,25.2,0.0,7.2,27.7,46951.15
2000-06-14,31.4,18.7,25.6,0.0,12.0,34.2,47050.26
2000-06-15,31.2,19.8,25.5,0.0,9.8,32.4,47049.5
2000-06-16,31.9,21.1,26.3,0.0,5.4,27.4,47048.68
2000-06-17,32.3,21.4,26.5,0.0,10.1,32.0,47047.82
2000-06-18,28.7,19.6,23.8,0.0,16.7,42.8,47151.74
2000-06-19,25.5,15.3,20.6,0.0,14.8,42.5,47046.05
2000-06-20,26.0,13.6,19.8,0.0,8.2,27.7,47045.16
2000-06-21,28.4,15.5,22.3,0.0,6.3,26.3,47151.25
2000-06-22,29.5,18.0,23.3,0.0,8.6,28.1,47258.52
2000-06-23,28.7,15.6,22.3,0.0,8.4,29.5,47258.71
2000-06-24,29.3,18.1,23.2,0.0,11.0,36.4,47150.43
2000-06-25,29.2,18.2,23.3,0.0,15.3,42.8,47258.87
2000-06-26,29.1,18.8,23.5,0.0,13.9,39.2,47149.88
2000-06-27,30.2,18.9,24.1,0.0,13.5,37.8,47258.72
2000-06-28,29.8,19.5,24.2,0.0,9.4,32.0,47149.38
2000-06-29,30.3,19.7,24.6,0.0,8.0,29.5,47258.34
2000-06-30,31.9,18.2,25.5,0.0,7.4,27.0,47258.08
2000-07-01,33.0,22.3,27.2,0.0,9.4,29.2,47257.75
2000-07-02,34.3,22.6,28.3,0.0,12.8,36.0,47257.39
2000-07-03,34.6,24.6,29.0,0.0,14.5,39.2,47256.97
2000-07-04,33.1,22.9,27.4,0.0,15.2,42.5,47364.87
2000-07-05,32.3,20.0,26.0,0.0,9.4,33.1,47255.98
2000-07-06,34.6,22.3,28.2,0.0,7.2,30.6,47255.39
2000-07-07,35.5,24.9,29.9,0.0,14.4,37.4,47254.73
2000-07-08,35.9,24.8,30.0,0.0,11.2,34.2,47253.87
2000-07-09,34.4,24.6,29.0,0.0,12.1,38.2,47115.93
2000-07-10,32.6,22.3,27.0,0.0,16.6,45.7,47188.86
2000-07-11,33.0,21.9,26.8,0.0,12.5,42.1,47051.11
2000-07-12,33.4,21.3,26.9,0.0,11.6,37.1,47017.9
2000-07-13,34.6,21.7,27.9,0.0,13.1,39.2,46984.22
2000-07-14,34.6,22.5,28.0,0.0,15.9,45.0,46950.17
2000-07-15,31.1,20.0,25.2,0.0,14.4,39.6,46915.76
2000-07-16,32.2,17.3,24.4,0.0,12.9,41.4,46881.07
2000-07-17,31.7,17.7,24.1,0.0,17.6,48.2,46846.13
2000-07-18,29.3,15.8,22.2,0.0,13.6,39.2,46618.54
2000-07-19,31.2,17.6,24.2,0.0,12.7,37.8,46585.02
2000-07-20,30.8,19.8,24.7,0.0,12.7,36.4,46550.71
2000-07-21,31.3,19.6,24.9,0.0,7.8,29.9,46424.79
2000-07-22,31.3,20.5,25.1,0.0,10.3,32.4,46390.93
2000-07-23,30.5,17.2,23.7,0.0,8.7,31.3,46356.46
2000-07-24,31.0,14.3,24.2,0.0,9.3,30.2,46321.41
2000-07-25,33.8,21.1,27.2,0.0,9.4,31.0,46207.64
2000-07-26,35.1,23.1,28.6,0.0,11.5,33.8,46169.49
2000-07-27,34.6,22.4,28.1,0.0,10.1,33.1,46135.26
2000-07-28,35.4,22.5,28.7,0.0,10.2,32.0,46100.62
2000-07-29,37.4,25.6,31.0,0.0,8.9,29.9,46049.8
2000-07-30,38.8,27.4,32.6,0.0,10.1,34.9,46009.85
2000-07-31,37.2,27.3,31.6,0.0,9.5,33.5,45969.81
2000-08-01,34.3,23.9,29.0,0.0,10.9,30.2,45929.73
2000-08-02,30.3,18.8,24.5,0.0,12.9,38.5,45889.66
2000-08-03,29.2,16.7,22.6,0.0,10.0,31.0,45849.66
2000-08-04,28.1,16.9,22.3,0.0,11.9,37.8,45809.78
2000-08-05,29.6,16.8,23.5,0.0,6.4,30.2,45770.06
2000-08-06,31.2,21.0,25.8,0.2,5.5,29.9,45730.56
2000-08-07,32.1,22.5,26.4,0.0,7.9,31.7,45691.04
2000-08-08,32.1,20.6,25.7,0.0,8.6,31.7,45651.39
2000-08-09,31.2,16.2,24.5,0.0,7.2,29.9,44953.33
2000-08-10,30.6,18.7,24.5,0.0,7.2,31.7,45571.74
2000-08-11,30.5,18.1,24.4,0.0,8.2,30.6,44799.89
2000-08-12,30.9,19.0,24.4,0.0,9.8,31.3,45491.76
2000-08-13,30.2,18.4,23.8,0.0,9.7,29.5,45451.68
2000-08-14,31.9,18.5,25.4,0.0,6.4,27.7,45384.04
2000-08-15,34.4,22.6,28.3,0.0,6.4,25.2,45279.19
2000-08-16,33.2,23.6,27.8,0.2,7.9,30.2,45173.36
2000-08-17,32.8,21.5,26.8,0.0,10.8,31.7,44919.78
2000-08-18,32.6,23.4,27.0,0.0,8.4,32.0,44959.08
2000-08-19,30.5,20.3,25.0,0.0,10.9,31.3,44850.79
2000-08-20,29.9,19.2,24.4,0.0,9.2,30.6,44741.83
2000-08-21,32.0,20.7,26.2,0.0,5.9,29.5,44632.32
2000-08-22,31.8,21.9,26.3,0.3,9.0,31.7,44522.29
2000-08-23,30.2,19.3,23.9,0.0,13.0,34.9,44298.35
2000-08-24,28.3,17.3,22.2,0.0,13.5,36.7,44301.06
2000-08-25,28.3,16.3,22.0,0.0,10.8,33.1,44126.83
2000-08-26,29.9,18.4,24.1,0.0,11.8,33.1,43923.32
2000-08-27,29.5,20.2,24.1,0.0,10.4,31.7,43950.66
2000-08-28,27.9,12.0,20.8,0.0,10.8,34.2,43746.88
2000-08-29,27.5,12.8,20.3,0.0,11.4,34.9,43544.73
2000-08-30,27.5,15.3,20.9,0.0,10.8,32.0,43344.39
2000-08-31,27.0,15.5,21.1,0.0,10.2,31.7,43038.04
2000-09-01,27.5,15.3,21.2,0.0,9.8,31.0,42843.48
2000-09-02,27.5,14.4,20.9,0.0,11.6,35.6,42860.03
2000-09-03,28.8,17.9,22.8,0.0,14.6,40.3,42666.57
2000-09-04,26.9,16.0,21.3,0.0,10.5,31.0,42331.31
2000-09-05,28.9,16.6,22.3,0.0,8.9,31.7,41825.32
2000-09-06,28.7,14.8,22.2,0.0,16.9,45.4,41947.09
2000-09-07,25.0,16.1,19.9,0.0,18.3,47.9,41344.94
2000-09-08,25.9,14.5,19.6,0.0,6.9,26.3,40859.86
2000-09-09,28.9,16.8,22.2,0.0,9.1,28.4,41189.3
2000-09-10,29.4,16.4,22.5,0.0,9.4,27.4,40948.93
2000-09-11,28.4,16.7,22.1,0.0,9.8,29.9,40527.81
2000-09-12,28.9,16.6,21.8,0.0,16.1,43.6,40537.39
2000-09-13,23.7,15.3,19.0,0.0,14.9,42.5,40017.32
2000-09-14,24.9,13.8,19.2,0.0,10.0,29.5,39749.84
2000-09-15,26.2,14.1,20.2,0.0,8.0,27.0,39649.79
2000-09-16,27.3,14.7,21.1,0.0,8.0,32.0,39751.72
2000-09-17,26.4,18.1,21.2,0.0,8.0,28.4,39418.2
2000-09-18,26.2,15.4,20.9,0.0,7.2,27.0,39600.0
2000-09-19,28.4,15.4,22.0,0.0,8.6,26.3,39616.48
2000-09-20,30.8,17.5,24.2,0.0,8.8,29.2,39620.62
2000-09-21,31.4,20.5,25.6,0.0,5.8,27.0,39624.33
2000-09-22,30.3,19.0,24.9,0.0,7.6,27.0,39600.0
2000-09-23,29.6,19.1,24.0,0.0,8.4,25.9,39600.0
2000-09-24,29.0,18.6,23.1,0.0,10.0,32.8,39600.0
2000-09-25,27.6,17.4,21.8,0.0,11.2,33.1,39600.0
2000-09-26,24.7,14.5,18.8,0.0,12.4,34.6,39600.0
2000-09-27,22.0,11.1,16.3,0.0,12.2,35.6,39600.0
2000-09-28,19.4,11.9,15.0,1.3,13.2,41.8,39600.0
2000-09-29,18.9,11.3,14.6,0.5,15.6,45.7,36549.82
2000-09-30,21.2,7.5,15.0,0.0,8.3,25.9,39499.16
2000-10-01,22.0,11.4,16.3,0.0,7.6,25.2,39416.46
2000-10-02,23.6,9.7,16.7,0.0,7.9,25.6,39334.48
2000-10-03,25.5,10.6,18.0,0.0,9.4,27.0,39253.34
2000-10-04,25.7,10.4,18.3,0.0,14.3,42.1,39173.13
2000-10-05,27.8,12.7,20.0,0.0,7.7,27.0,39093.69
2000-10-06,28.2,13.4,20.8,0.0,8.0,27.0,39014.09
2000-10-07,27.0,14.8,20.3,0.1,10.6,33.8,38923.03
2000-10-08,25.8,13.5,19.8,0.0,8.6,27.4,38796.3
2000-10-09,25.2,15.1,19.8,0.1,6.4,26.6,38669.21
2000-10-10,23.4,13.5,18.0,0.2,10.9,34.6,38541.83
2000-10-11,19.9,12.0,15.4,0.0,14.8,39.6,36627.96
2000-10-12,22.3,7.8,15.4,0.0,6.2,23.8,36360.23
2000-10-13,23.4,11.1,16.6,1.9,8.3,28.4,35701.47
2000-10-14,21.6,10.1,14.9,1.9,8.1,25.6,30713.63
2000-10-15,17.8,9.5,13.4,1.3,5.8,24.5,23264.16
2000-10-16,18.7,10.1,14.0,5.3,4.3,22.7,36100.25
2000-10-17,21.6,10.5,15.5,0.0,8.2,25.6,37650.33
2000-10-18,21.3,11.6,15.8,0.0,6.2,24.1,37524.16
2000-10-19,20.6,11.7,15.3,0.0,10.8,31.3,37398.6
2000-10-20,18.5,10.8,14.0,0.6,15.6,41.8,36142.41
2000-10-21,17.6,11.1,13.7,0.3,12.6,35.6,34796.66
2000-10-22,14.7,9.7,11.8,4.8,16.2,42.1,30479.7
2000-10-23,13.8,6.9,10.3,5.7,10.8,40.3,31481.0
2000-10-24,11.9,6.0,8.3,1.4,12.3,37.4,30467.99
2000-10-25,10.0,5.4,7.9,4.1,6.8,35.6,2249.08
2000-10-26,13.8,5.0,9.3,0.0,6.5,22.0,33206.57
2000-10-27,14.9,4.6,10.0,0.4,6.5,22.7,35515.43
2000-10-28,16.9,5.3,11.1,0.0,4.5,20.5,35672.08
2000-10-29,18.2,6.5,12.2,0.0,5.8,24.1,35002.71
2000-10-30,17.0,9.8,12.6,0.3,9.0,25.9,34855.11
2000-10-31,16.7,4.7,11.0,0.0,10.2,27.4,35276.83
2000-11-01,16.6,3.4,10.6,0.0,8.0,24.1,35119.8
2000-11-02,16.9,7.7,11.7,0.0,6.5,21.6,35055.3
2000-11-03,17.1,5.7,11.4,0.0,3.8,22.3,34820.97
2000-11-04,18.7,6.6,12.5,0.0,6.2,22.3,34679.59
2000-11-05,19.1,9.1,13.7,0.0,6.2,22.3,34698.53
2000-11-06,18.5,5.6,12.6,0.0,6.0,22.7,34561.65
2000-11-07,18.8,6.8,12.4,0.0,3.9,22.7,34501.07
2000-11-08,19.0,6.6,12.2,0.0,6.6,21.2,34439.54
2000-11-09,19.4,5.7,12.3,0.0,2.7,19.1,34377.17
2000-11-10,21.8,7.8,14.3,0.0,3.4,21.2,34254.13
2000-11-11,20.9,7.3,13.9,0.0,4.7,20.9,34137.38
2000-11-12,20.0,9.0,13.8,0.0,4.1,20.5,32631.92
2000-11-13,20.2,10.0,14.1,0.0,4.3,23.4,33782.61
2000-11-14,19.1,7.9,12.6,0.0,5.0,25.6,33923.84
2000-11-15,17.8,6.6,11.4,0.0,4.8,21.6,33194.56
2000-11-16,16.1,4.2,9.7,0.0,11.3,27.0,33805.34
2000-11-17,14.6,3.6,9.0,0.4,10.5,30.2,17060.75
2000-11-18,12.1,7.9,9.8,3.9,4.2,20.9,12559.74
2000-11-19,14.3,6.3,9.5,0.6,4.0,21.2,31109.22
2000-11-20,15.5,5.7,10.2,0.0,2.7,22.7,32942.48
2000-11-21,15.6,4.5,9.8,0.0,6.6,23.8,33112.3
2000-11-22,15.7,6.0,10.2,0.0,8.4,27.0,33179.82
2000-11-23,14.5,6.3,9.7,0.0,5.0,25.6,32400.0
2000-11-24,15.0,3.5,8.5,0.0,5.8,22.7,32890.78
2000-11-25,14.9,1.7,8.0,0.0,5.1,23.0,32496.66
2000-11-26,14.6,3.5,8.2,0.0,5.0,21.2,32426.85
2000-11-27,14.1,2.5,7.8,0.0,9.7,29.5,32400.0
2000-11-28,14.7,3.1,8.5,0.7,10.1,38.9,25298.9
2000-11-29,10.1,4.6,6.8,10.6,8.4,38.5,11484.91
2000-11-30,10.0,4.5,7.1,4.3,14.1,33.8,9646.54
2000-12-01,11.9,7.2,8.8,2.6,6.3,24.8,20155.29
2000-12-02,11.9,4.5,7.7,0.0,4.8,16.2,32400.0
2000-12-03,13.4,1.9,7.0,0.0,5.4,18.0,32400.0
2000-12-04,13.4,1.4,6.7,0.0,6.8,20.2,32000.21
2000-12-05,13.9,3.0,7.8,0.0,4.6,16.2,32400.0
2000-12-06,13.1,2.4,7.3,0.0,4.7,18.0,32400.0
2000-12-07,13.4,2.1,7.7,0.0,4.5,18.4,31352.59
2000-12-08,11.5,4.2,7.7,1.6,5.8,23.4,32400.0
2000-12-09,9.4,3.0,5.7,1.5,7.2,24.5,10028.34
2000-12-10,11.6,1.3,6.0,0.0,7.9,23.0,32400.0
2000-12-11,9.4,-0.6,4.7,0.0,15.6,39.2,31264.32
2000-12-12,10.3,5.2,7.4,17.2,13.3,51.1,15979.01
2000-12-13,5.7,3.0,4.3,12.6,15.1,49.3,20425.68
2000-12-14,8.2,0.9,4.2,0.2,11.0,28.4,31091.28
2000-12-15,8.8,0.0,4.2,0.0,11.7,31.7,32252.43
2000-12-16,11.4,2.1,6.2,0.0,5.6,20.5,29999.66
2000-12-17,13.3,1.4,7.0,0.0,3.9,18.7,32174.01
2000-12-18,14.0,2.8,8.0,0.0,5.7,21.2,32137.3
2000-12-19,9.3,4.5,6.4,1.4,10.8,38.2,27026.85
2000-12-20,6.5,3.2,4.4,6.6,12.3,50.4,19933.58
2000-12-21,6.4,0.1,4.2,9.4,15.6,65.2,23336.19
2000-12-22,7.2,-5.1,0.9,0.0,6.1,21.2,32009.74
2000-12-23,7.9,0.6,4.2,2.1,8.4,25.2,30947.81
2000-12-24,7.7,2.8,4.8,8.2,19.9,64.1,15939.21
2000-12-25,5.9,0.8,3.3,7.5,10.4,46.8,26805.15
2000-12-26,8.4,-6.2,1.4,0.0,4.8,19.4,31915.41
2000-12-27,10.5,-2.6,3.7,0.0,4.8,16.6,31938.45
2000-12-28,13.7,0.5,5.7,0.0,6.7,19.1,31970.23
2000-12-29,13.9,0.3,6.0,0.0,9.9,32.4,32009.94
2000-12-30,13.5,4.5,7.9,0.6,8.9,37.1,25541.64
2000-12-31,9.7,5.0,7.0,0.7,10.7,31.7,25859.03
2001-01-01,12.2,-0.9,4.7,0.0,9.6,28.8,32050.02
2001-01-02,10.7,0.4,5.4,2.5,8.0,27.4,31811.7
2001-01-03,8.5,1.5,4.3,0.0,11.2,31.0,26910.87
2001-01-04,10.4,0.0,5.0,0.0,4.7,20.9,28498.19
2001-01-05,10.3,-0.0,5.6,0.9,8.7,26.3,31793.34
2001-01-06,9.4,2.9,5.9,2.1,6.5,22.7,22831.73
2001-01-07,12.0,1.3,6.2,0.1,4.6,19.8,32391.92
2001-01-08,11.5,-0.4,5.8,0.0,5.6,20.5,32585.59
2001-01-09,12.8,-0.1,5.8,0.0,5.2,16.9,32336.92
2001-01-10,12.9,3.0,7.3,0.0,5.5,20.2,31801.94
2001-01-11,12.0,0.2,6.5,0.0,4.3,21.2,32565.69
2001-01-12,10.9,3.2,6.7,0.0,4.6,19.4,32208.61
2001-01-13,11.0,1.2,5.5,0.0,6.6,22.3,31832.5
2001-01-14,13.7,0.4,5.9,0.0,5.6,19.8,33233.7
2001-01-15,14.6,0.8,7.9,0.0,6.9,25.9,33308.3
2001-01-16,12.4,5.6,8.5,0.0,6.9,23.4,33147.02
2001-01-17,9.9,2.5,5.6,0.3,11.4,31.7,33466.43
2001-01-18,9.0,3.1,5.3,4.1,8.2,27.7,29195.4
2001-01-19,8.0,2.1,4.5,0.5,12.1,30.6,27106.76
2001-01-20,8.5,-0.1,4.1,0.0,10.8,30.6,33681.34
2001-01-21,9.2,-3.4,3.3,0.0,6.2,21.2,33480.68
2001-01-22,9.3,-0.3,4.1,0.2,4.6,21.2,33906.69
2001-01-23,7.4,0.3,3.3,1.1,10.7,30.6,33764.52
2001-01-24,6.2,-1.5,2.4,8.9,15.1,45.0,24279.54
2001-01-25,3.6,-2.0,1.7,19.8,10.9,42.5,28773.03
2001-01-26,2.1,-12.7,-3.8,0.0,7.7,26.3,34295.41
2001-01-27,6.1,-6.7,-0.9,0.0,3.9,14.8,34396.49
2001-01-28,8.2,-3.8,1.2,0.0,3.7,15.5,34498.86
2001-01-29,10.4,-2.8,2.9,0.0,5.1,13.7,34602.4
2001-01-30,12.7,-2.5,3.7,0.0,7.6,19.4,34706.98
2001-01-31,13.6,-1.9,5.5,0.0,6.4,21.6,34812.46
2001-02-01,12.9,4.9,8.1,0.0,12.6,34.9,34904.58
2001-02-02,9.4,-0.2,5.4,0.0,13.3,37.1,34965.79
2001-02-03,7.3,-0.6,3.9,7.4,14.2,56.9,35027.05
2001-02-04,7.9,2.8,4.6,6.8,12.3,47.5,31734.27
2001-02-05,8.3,2.7,4.7,2.8,10.6,34.6,31740.19
2001-02-06,8.8,-3.8,2.7,0.0,5.8,21.6,35211.02
2001-02-07,7.7,-2.2,2.6,5.6,4.5,19.8,31389.5
2001-02-08,8.5,0.9,3.9,5.1,13.6,38.2,27310.29
2001-02-09,10.4,-1.3,4.1,0.0,12.1,33.5,35433.01
2001-02-10,11.7,0.2,5.7,0.0,6.2,19.8,35540.51
2001-02-11,12.2,-1.4,4.8,0.0,6.5,19.8,35656.12
2001-02-12,12.6,-2.2,4.6,0.0,7.4,24.1,35779.53
2001-02-13,14.2,0.1,6.9,0.0,6.6,23.0,35910.37
2001-02-14,7.3,2.2,4.8,13.0,18.0,62.3,16297.57
2001-02-15,8.3,2.7,4.9,5.1,12.7,50.0,31239.45
2001-02-16,8.8,3.0,5.6,2.5,15.0,33.8,32212.62
2001-02-17,6.8,-0.0,3.1,3.8,9.9,28.1,23557.99
2001-02-18,9.3,0.6,4.4,0.6,8.2,30.6,36086.62
2001-02-19,8.3,2.6,5.2,2.2,15.4,43.2,31057.96
2001-02-20,6.3,-1.1,2.8,19.8,31.5,105.1,10744.62
2001-02-21,0.6,-2.5,-1.4,4.1,26.5,96.8,36426.16
2001-02-22,3.8,-2.9,0.4,3.6,13.9,34.9,33750.11
2001-02-23,4.0,-0.2,1.9,8.7,15.2,48.2,8863.93
2001-02-24,7.7,-0.2,3.8,0.1,12.4,31.7,28800.0
2001-02-25,10.7,-0.7,4.6,0.0,9.7,27.7,36754.47
2001-02-26,12.8,-1.8,5.3,0.0,6.1,20.5,37558.04
2001-02-27,16.3,1.2,8.4,0.0,8.4,26.3,37632.73
2001-02-28,20.6,5.9,12.8,0.0,8.4,25.2,37708.41
2001-03-01,21.0,5.9,13.1,0.4,8.3,42.1,34058.37
2001-03-02,13.4,3.2,7.6,0.0,20.2,52.6,36778.34
2001-03-03,12.3,0.6,6.7,0.0,7.3,23.4,37970.1
2001-03-04,16.5,2.2,9.3,0.0,6.6,18.7,38044.82
2001-03-05,18.9,5.6,12.5,0.0,6.3,22.0,37512.2
2001-03-06,19.1,10.4,14.1,0.0,7.0,23.8,38330.61
2001-03-07,18.8,7.3,13.1,0.0,5.5,23.0,38410.93
2001-03-08,15.5,7.0,11.7,0.0,9.4,27.4,35297.27
2001-03-09,14.2,3.2,9.1,0.0,12.3,34.2,38569.61
2001-03-10,16.8,1.3,9.6,0.0,4.3,21.2,38496.47
2001-03-11,18.2,4.8,11.6,0.0,8.0,23.0,38725.3
2001-03-12,18.7,6.6,12.6,0.0,9.0,31.0,38655.61
2001-03-13,14.2,8.9,11.4,3.6,4.4,34.9,10413.39
2001-03-14,12.5,5.9,8.8,6.1,10.1,31.3,33317.59
2001-03-15,11.8,3.9,7.8,0.1,17.0,46.1,37901.83
2001-03-16,13.0,3.7,8.0,0.0,11.2,31.7,39340.43
2001-03-17,15.7,-0.8,7.9,0.0,7.0,23.0,39767.29
2001-03-18,18.8,3.2,11.5,0.0,7.2,24.5,39855.88
2001-03-19,20.3,7.0,14.1,0.5,6.3,27.0,40046.82
2001-03-20,21.6,9.9,16.2,0.0,7.8,24.5,40032.08
2001-03-21,21.3,13.4,16.8,0.0,12.0,31.7,40439.82
2001-03-22,17.5,8.8,13.4,0.0,14.9,40.7,39463.13
2001-03-23,14.7,6.5,9.7,0.5,24.2,65.5,39545.8
2001-03-24,12.0,4.6,8.4,8.9,17.1,59.0,37602.58
2001-03-25,15.3,2.0,8.8,0.0,18.5,50.4,41153.11
2001-03-26,20.7,7.8,14.2,0.0,9.4,27.7,41167.61
2001-03-27,23.1,13.1,17.6,0.0,6.0,22.3,41299.09
2001-03-28,24.2,14.9,19.1,0.0,13.7,38.2,41425.9
2001-03-29,22.0,13.8,17.4,0.0,11.6,32.8,41470.3
2001-03-30,21.1,13.5,17.1,0.0,13.3,38.9,38335.16
2001-03-31,25.3,10.0,18.2,0.0,13.8,40.7,37715.86
2001-04-01,27.0,12.4,19.7,0.0,14.9,46.1,40007.72
2001-04-02,24.8,12.7,18.5,0.2,9.5,39.2,35123.56
2001-04-03,19.0,12.1,16.2,1.0,6.2,40.0,34928.91
2001-04-04,16.0,9.5,12.6,0.6,8.9,30.2,39463.93
2001-04-05,12.5,5.6,9.4,3.5,13.4,41.8,35434.78
2001-04-06,14.1,4.2,9.1,0.3,9.3,27.0,40365.73
2001-04-07,15.3,4.3,10.1,0.0,11.6,33.8,31915.41
2001-04-08,13.3,6.5,10.0,1.5,9.1,29.5,42230.96
2001-04-09,17.9,3.0,11.2,0.0,6.2,24.8,42661.61
2001-04-10,18.7,8.1,13.1,0.0,17.4,46.8,42919.43
2001-04-11,12.4,5.6,8.7,0.5,18.1,49.3,41214.7
2001-04-12,13.3,5.7,9.1,0.1,15.9,43.2,40643.67
2001-04-13,17.4,2.6,10.6,0.0,7.4,24.8,42545.82
2001-04-14,18.2,3.6,9.6,1.7,26.8,79.9,42484.49
2001-04-15,16.6,5.2,10.5,0.0,11.6,40.7,42391.81
2001-04-16,17.8,4.1,11.6,0.0,16.3,43.6,44074.26
2001-04-17,18.8,9.1,13.8,0.0,15.3,38.9,44189.66
2001-04-18,23.8,11.7,17.4,0.7,19.1,51.5,41429.35
2001-04-19,16.9,7.2,12.1,0.0,14.5,42.8,43665.18
2001-04-20,21.7,7.3,15.0,0.0,6.5,24.8,44529.54
2001-04-21,24.2,10.0,17.8,0.0,7.9,26.3,44640.43
2001-04-22,24.2,9.9,18.4,0.0,11.6,35.6,22249.33
2001-04-23,23.5,11.0,18.0,1.5,25.5,69.1,41389.07
2001-04-24,15.7,7.2,10.8,0.0,13.7,40.7,44191.19
2001-04-25,15.3,5.8,10.2,0.1,11.7,34.9,42977.97
2001-04-26,18.9,3.7,11.8,0.0,6.6,26.3,45179.0
2001-04-27,22.2,6.1,15.0,0.0,7.3,27.7,45284.86
2001-04-28,24.7,10.3,18.4,0.0,9.0,24.8,42578.56
2001-04-29,26.1,11.4,19.1,0.0,11.4,27.0,45494.41
2001-04-30,26.0,13.8,19.5,1.1,18.9,68.4,42659.23
2001-05-01,22.4,11.8,16.6,2.8,10.6,38.9,44874.34
2001-05-02,15.1,8.9,12.6,9.6,11.6,43.9,21073.63
2001-05-03,16.7,8.0,12.3,0.1,17.0,48.6,43855.47
2001-05-04,17.5,7.9,12.9,0.0,15.5,41.8,46001.81
2001-05-05,19.7,9.5,14.7,0.0,7.9,29.9,46099.77
2001-05-06,23.5,8.5,16.2,0.3,18.5,51.8,43492.44
2001-05-07,15.0,7.8,10.9,0.2,19.5,55.1,43970.4
2001-05-08,13.9,6.7,10.1,2.8,23.4,61.6,43547.51
2001-05-09,15.1,7.6,10.2,11.5,17.3,72.0,39423.33
2001-05-10,14.8,7.6,10.7,4.4,10.9,32.0,40897.66
2001-05-11,17.3,3.9,11.3,1.0,11.9,34.6,45826.2
2001-05-12,20.6,8.1,14.9,0.0,9.7,29.5,46562.78
2001-05-13,23.7,11.2,17.1,0.9,20.5,65.5,43834.7
2001-05-14,18.2,10.0,14.2,0.0,15.8,42.5,46647.63
2001-05-15,16.1,7.5,11.6,0.0,14.4,40.0,46688.05
2001-05-16,16.7,5.2,11.3,0.0,9.7,28.4,46727.14
2001-05-17,19.6,2.6,12.3,0.0,7.2,27.7,46764.93
2001-05-18,22.4,9.3,16.2,0.0,6.6,24.1,46800.0
2001-05-19,24.3,12.3,18.6,0.0,7.4,26.3,46800.0
2001-05-20,26.4,13.2,20.4,0.0,8.9,28.8,46800.0
2001-05-21,26.7,18.4,22.2,0.0,12.7,34.9,46800.0
2001-05-22,26.7,15.7,21.2,0.0,7.7,26.3,46800.0
2001-05-23,29.2,16.7,23.3,0.0,8.2,31.0,46800.0
2001-05-24,29.3,19.7,24.0,0.1,16.7,47.5,46800.0
2001-05-25,26.6,16.7,21.5,0.0,12.1,37.1,46800.0
2001-05-26,28.7,14.3,22.2,0.0,6.8,28.1,46800.0
2001-05-27,31.7,20.4,26.1,0.0,9.2,34.9,46800.0
2001-05-28,31.2,19.8,25.7,0.0,14.4,47.5,46800.0
2001-05-29,23.0,14.6,18.8,0.0,16.8,45.4,46800.0
2001-05-30,24.7,13.5,18.8,0.0,10.7,35.6,46800.0
2001-05-31,27.3,15.2,21.3,0.0,7.1,28.8,46800.0
2001-06-01,30.5,14.7,24.0,0.0,9.4,30.6,46800.0
2001-06-02,32.8,19.9,26.7,0.0,13.4,41.0,46800.0
2001-06-03,30.9,20.9,25.8,0.0,10.1,32.0,46800.0
2001-06-04,28.9,18.1,22.8,0.0,13.7,40.7,46800.0
2001-06-05,24.2,12.5,18.7,0.0,18.9,51.5,46875.57
2001-06-06,20.8,10.2,15.0,0.0,17.7,51.1,46872.81
2001-06-07,24.3,10.2,17.3,0.0,5.0,27.0,46800.0
2001-06-08,24.5,13.6,18.5,0.0,11.5,35.6,46866.98
2001-06-09,25.9,9.0,18.9,0.0,9.1,32.4,46863.95
2001-06-10,27.7,15.6,21.8,0.0,7.3,29.2,46860.85
2001-06-11,31.2,17.1,24.8,0.0,6.8,28.4,46954.88
2001-06-12,32.4,21.3,26.5,0.0,9.5,31.3,46953.11
2001-06-13,33.0,21.9,27.4,0.0,8.6,31.0,46951.27
2001-06-14,33.0,22.6,27.3,0.0,13.2,38.2,47050.29
2001-06-15,30.7,21.0,25.3,0.0,17.9,46.4,47049.53
2001-06-16,27.8,15.0,22.2,0.0,18.9,52.9,47048.73
2001-06-17,25.1,13.9,19.1,0.0,16.5,45.7,47047.88
2001-06-18,27.1,13.4,20.4,0.0,11.2,33.8,47047.04
2001-06-19,28.9,16.3,22.3,0.0,9.3,32.0,47046.17
2001-06-20,31.2,18.2,24.7,0.0,9.6,30.6,47151.53
2001-06-21,31.3,20.9,25.6,0.0,15.0,42.5,47151.36
2001-06-22,27.6,15.7,22.4,0.0,17.3,48.6,47151.14
2001-06-23,26.3,11.6,19.1,0.0,11.2,33.5,47150.89
2001-06-24,28.4,13.6,21.2,0.0,9.1,30.2,47042.54
2001-06-25,28.5,15.2,21.5,0.0,11.3,35.6,47258.76
2001-06-26,28.9,15.1,21.7,0.0,10.9,31.0,47258.75
2001-06-27,28.8,16.3,22.2,0.0,9.7,31.7,47149.77
2001-06-28,29.4,17.2,23.1,0.0,9.4,32.8,47040.44
2001-06-29,30.7,19.8,24.7,0.0,9.4,32.8,47040.07
2001-06-30,31.2,19.9,25.0,0.0,11.4,34.6,47148.95
2001-07-01,28.8,18.1,23.2,0.0,15.1,40.7,47257.82
2001-07-02,28.6,15.5,21.8,0.0,9.5,32.4,47148.48
2001-07-03,29.3,15.8,22.4,0.0,10.2,33.1,47148.28
2001-07-04,26.3,14.7,20.1,0.0,16.5,43.2,47256.65
2001-07-05,27.3,13.2,20.0,0.0,12.1,32.8,47147.93
2001-07-06,28.5,15.5,21.8,0.0,13.9,39.2,47147.79
2001-07-07,29.6,17.9,23.2,0.0,14.8,41.0,47147.64
2001-07-08,28.6,18.9,23.1,0.0,15.0,41.0,47254.26
2001-07-09,29.0,17.6,23.0,0.0,16.1,42.5,47121.96
2001-07-10,31.4,18.6,24.6,0.0,13.9,41.8,47091.34
2001-07-11,32.2,21.5,26.4,0.0,15.9,44.3,47060.37
2001-07-12,31.6,21.1,26.1,0.0,12.3,36.7,47029.12
2001-07-13,30.9,19.6,24.8,0.0,15.6,42.1,46997.07
2001-07-14,30.4,18.7,24.0,0.0,11.9,33.8,46862.47
2001-07-15,31.2,18.2,24.6,0.0,11.3,34.2,46829.53
2001-07-16,31.3,19.9,25.0,0.0,17.4,47.2,46795.7
2001-07-17,30.4,19.9,24.8,0.0,18.9,49.7,46663.38
2001-07-18,31.6,20.1,25.5,0.0,18.5,49.3,46725.55
2001-07-19,32.9,21.8,26.7,0.0,14.4,38.9,46594.68
2001-07-20,33.5,21.7,26.8,0.0,9.1,33.8,46466.39
2001-07-21,32.8,20.6,26.4,0.0,15.5,42.8,46523.43
2001-07-22,33.3,21.8,27.1,0.0,13.5,40.3,46486.93
2001-07-23,34.3,22.6,27.9,0.0,10.5,34.2,46362.52
2001-07-24,32.9,21.3,26.5,0.0,13.5,38.2,46327.03
2001-07-25,31.3,17.6,24.1,0.0,14.1,38.5,46291.14
2001-07-26,31.5,16.2,23.6,0.0,12.1,36.4,46174.6
2001-07-27,32.2,19.6,25.4,0.0,10.8,35.6,46140.04
2001-07-28,34.6,22.0,27.7,0.0,15.5,44.3,46105.68
2001-07-29,34.7,24.4,28.9,0.0,9.4,33.1,46056.79
2001-07-30,34.3,24.5,28.7,0.0,9.3,33.1,46017.57
2001-07-31,32.5,20.1,26.2,0.0,9.7,31.3,45978.48
2001-08-01,32.1,17.7,24.7,0.0,8.8,29.9,45939.57
2001-08-02,32.5,14.5,24.6,0.0,8.7,30.2,45900.55
2001-08-03,31.6,18.1,24.7,0.0,9.5,34.2,45861.25
2001-08-04,29.7,17.0,22.9,0.0,10.2,32.0,45821.73
2001-08-05,30.6,15.9,23.4,0.0,7.1,30.2,45781.99
2001-08-06,32.7,17.6,25.4,0.0,7.9,31.3,45700.7
2001-08-07,32.7,21.1,26.5,0.0,8.5,31.7,45702.0
2001-08-08,32.4,20.5,26.0,0.0,11.2,33.5,45661.8
2001-08-09,33.2,21.7,27.0,0.0,10.4,31.3,45621.49
2001-08-10,34.7,23.0,28.5,0.0,8.7,31.0,45581.11
2001-08-11,34.5,22.7,28.2,0.0,10.8,35.6,45540.68
2001-08-12,33.3,22.3,27.1,0.0,11.2,33.8,45500.21
2001-08-13,31.0,20.3,24.9,0.0,13.0,38.5,45459.74
2001-08-14,31.4,17.5,24.2,0.0,7.9,29.2,45404.66
2001-08-15,32.5,18.8,25.4,0.0,7.9,29.9,45300.54
2001-08-16,31.7,18.3,24.5,0.0,9.8,29.5,45195.7
2001-08-17,27.5,14.4,20.9,0.0,15.4,44.3,44157.12
2001-08-18,27.3,16.6,21.2,0.2,13.4,38.5,44730.86
2001-08-19,27.4,16.6,21.4,0.0,13.8,36.0,44142.95
2001-08-20,28.8,17.9,22.5,0.1,9.4,31.0,44770.76
2001-08-21,29.4,17.0,23.3,0.0,9.7,34.2,43621.65
2001-08-22,31.2,18.4,24.8,0.0,8.0,30.2,44554.55
2001-08-23,29.4,18.7,23.5,0.0,10.7,31.3,44083.17
2001-08-24,31.1,15.2,23.4,0.0,11.9,34.6,44240.03
2001-08-25,32.5,19.9,25.5,0.0,8.5,31.3,44220.96
2001-08-26,31.0,20.1,24.6,0.0,12.7,34.6,44063.39
2001-08-27,30.8,17.0,23.6,0.0,6.6,29.2,43972.84
2001-08-28,27.8,17.3,21.9,0.0,13.4,36.7,43540.58
2001-08-29,27.5,15.2,20.9,0.0,13.9,37.1,43228.65
2001-08-30,27.9,17.2,21.8,0.0,12.6,34.6,43142.42
2001-08-31,29.2,14.9,22.4,0.0,4.3,28.1,43271.75
2001-09-01,31.6,20.3,25.7,0.0,5.4,30.2,42860.07
2001-09-02,33.3,20.5,26.7,0.0,9.2,34.2,42772.47
2001-09-03,30.7,19.1,24.5,0.0,11.0,32.4,42580.99
2001-09-04,30.4,18.0,23.4,0.0,15.1,40.7,42594.71
2001-09-05,25.5,15.0,19.8,0.0,17.7,45.0,42008.31
2001-09-06,26.6,14.5,20.0,0.0,14.5,38.9,41759.16
2001-09-07,26.0,16.2,20.9,0.0,22.5,60.1,41349.41
2001-09-08,24.0,13.7,18.2,0.1,13.7,38.5,39590.26
2001-09-09,25.2,13.1,18.7,0.0,11.5,33.1,40898.93
2001-09-10,27.3,15.5,21.1,0.0,6.5,29.2,40665.03
2001-09-11,27.5,17.8,21.5,0.0,9.2,30.2,40481.43
2001-09-12,27.1,14.0,20.2,0.0,10.8,31.7,40121.95
2001-09-13,26.2,14.8,19.8,0.0,13.4,35.6,40248.52
2001-09-14,26.6,13.3,19.7,0.0,8.1,28.4,39634.55
2001-09-15,25.2,14.6,19.4,0.0,9.2,31.7,39979.35
2001-09-16,26.9,15.3,20.7,0.0,6.0,27.7,39657.46
2001-09-17,28.2,17.1,22.4,0.0,6.5,30.2,39605.91
2001-09-18,28.7,16.9,22.3,0.0,7.3,28.1,39600.0
2001-09-19,28.8,16.3,22.3,0.0,6.1,27.4,39600.0
2001-09-20,28.9,16.1,22.8,0.0,6.5,27.0,39600.0
2001-09-21,29.9,19.9,24.1,0.2,5.3,28.4,39623.51
2001-09-22,30.7,20.1,24.6,0.1,5.4,29.9,39600.0
2001-09-23,29.3,20.1,23.9,0.0,6.0,29.5,39600.0
2001-09-24,29.5,18.6,23.7,0.0,6.3,33.1,39600.0
2001-09-25,29.8,19.0,23.7,1.1,5.1,29.9,39600.0
2001-09-26,29.9,20.0,24.4,0.0,7.8,27.4,39600.0
2001-09-27,29.1,19.7,23.6,0.0,12.7,36.4,39600.0
2001-09-28,24.5,14.5,19.0,0.0,16.4,43.9,39600.0
2001-09-29,22.4,11.8,16.5,0.0,10.8,31.3,39600.0
2001-09-30,21.7,12.1,16.1,0.4,13.7,38.5,39525.97
2001-10-01,24.5,11.0,18.1,0.0,5.8,25.6,39444.69
2001-10-02,25.5,13.6,19.7,0.0,6.2,28.1,39363.07
2001-10-03,28.1,13.9,21.1,0.0,5.8,28.4,39281.22
2001-10-04,28.1,15.5,21.5,0.3,8.4,29.9,39199.24
2001-10-05,23.3,13.8,18.5,0.0,13.7,34.9,39117.21
2001-10-06,23.6,12.3,17.4,0.0,8.8,26.6,39035.24
2001-10-07,26.1,14.8,20.0,0.0,6.5,26.6,38951.4
2001-10-08,29.0,13.3,21.0,0.0,10.0,34.6,38823.18
2001-10-09,28.4,12.9,20.6,0.0,10.1,34.9,38694.95
2001-10-10,26.7,18.3,21.6,0.0,7.4,31.7,38566.76
2001-10-11,26.0,15.0,20.8,0.1,8.3,37.1,38438.75
2001-10-12,28.6,17.2,22.7,0.0,14.0,42.1,38310.99
2001-10-13,28.9,18.8,23.1,0.0,13.9,39.2,38183.58
2001-10-14,26.0,17.8,21.4,0.6,10.9,34.6,38056.61
2001-10-15,23.6,15.0,18.5,0.0,12.6,34.9,37930.2
2001-10-16,21.2,13.0,16.5,0.0,12.2,34.6,37804.42
2001-10-17,21.1,10.1,15.7,0.0,10.8,29.2,35799.77
2001-10-18,20.9,11.8,15.8,0.0,10.5,32.8,37555.23
2001-10-19,22.0,6.6,15.2,0.0,4.6,26.3,37432.03
2001-10-20,22.9,10.1,16.8,0.0,4.6,30.2,37165.9
2001-10-21,21.1,13.3,16.2,0.7,10.1,28.1,35854.62
2001-10-22,20.2,9.2,14.6,0.0,10.3,26.6,36412.11
2001-10-23,20.7,6.1,14.5,0.0,7.9,27.0,34569.25
2001-10-24,20.9,10.6,15.3,0.0,11.4,32.8,36281.98
2001-10-25,19.9,9.1,14.8,0.0,12.2,28.8,33875.12
2001-10-26,20.1,8.6,14.1,0.1,5.5,25.2,35482.67
2001-10-27,17.7,11.3,13.9,0.2,13.2,36.0,35047.84
2001-10-28,14.2,8.9,11.1,2.5,15.6,45.7,31062.18
2001-10-29,14.4,7.1,10.4,5.9,16.6,47.5,34894.6
2001-10-30,14.7,8.7,10.8,1.5,13.6,50.0,32840.01
2001-10-31,16.6,4.5,10.9,0.0,9.0,24.8,34501.75
2001-11-01,17.9,5.1,11.3,0.0,7.9,24.1,35222.91
2001-11-02,19.8,5.6,12.6,0.0,8.1,28.4,34891.6
2001-11-03,16.0,10.6,13.2,1.4,10.5,32.0,33362.16
2001-11-04,20.0,4.8,13.2,0.0,6.9,29.5,33662.67
2001-11-05,19.5,11.3,14.8,0.0,10.4,28.8,34712.74
2001-11-06,14.5,8.8,11.3,3.7,13.4,44.3,30862.37
2001-11-07,17.2,7.9,12.1,0.0,8.3,22.3,32844.09
2001-11-08,17.0,7.8,12.0,0.0,8.4,28.1,30369.87
2001-11-09,17.3,8.6,12.6,0.6,5.5,18.7,14386.27
2001-11-10,17.1,10.9,13.3,0.1,7.3,21.6,23661.87
2001-11-11,16.4,7.4,11.3,0.0,11.5,34.6,33499.56
2001-11-12,17.0,5.8,11.1,0.0,10.9,31.7,34097.29
2001-11-13,18.9,6.1,12.1,0.0,5.2,20.5,34038.4
2001-11-14,18.1,5.2,10.9,0.0,7.2,22.0,29338.52
2001-11-15,20.8,7.5,14.1,0.0,8.6,27.0,33877.7
2001-11-16,17.0,9.5,12.5,0.0,15.8,38.9,33816.7
2001-11-17,13.7,5.7,9.4,2.6,17.3,43.6,32400.0
2001-11-18,8.8,-1.0,4.1,0.4,10.0,39.6,33568.26
2001-11-19,10.7,-0.6,4.6,0.0,5.2,21.6,33633.66
2001-11-20,12.0,-1.5,5.1,0.0,9.8,30.2,33509.05
2001-11-21,14.3,6.1,8.9,13.1,23.4,72.7,32660.95
2001-11-22,10.7,4.2,7.1,0.0,9.0,28.4,32400.0
2001-11-23,9.3,-0.9,4.6,0.0,6.8,22.0,32824.51
2001-11-24,12.9,0.4,6.0,0.0,7.6,24.1,31058.77
2001-11-25,15.3,3.1,8.6,1.5,14.3,41.4,32801.41
2001-11-26,10.4,6.5,7.8,6.1,11.3,41.8,28596.32
2001-11-27,12.3,6.0,8.3,0.0,8.6,27.4,30285.39
2001-11-28,12.9,1.9,7.1,0.0,4.8,18.4,29938.5
2001-11-29,13.1,2.9,7.2,0.0,6.5,20.2,19318.01
2001-11-30,12.9,4.5,7.7,5.8,7.9,32.0,11989.98
2001-12-01,9.6,5.9,7.3,2.6,19.6,48.6,13831.24
2001-12-02,11.0,3.2,6.9,0.9,14.8,39.6,32400.0
2001-12-03,9.2,3.1,5.4,6.3,14.9,40.0,26985.37
2001-12-04,5.4,3.1,4.4,7.1,13.4,37.4,0.0
2001-12-05,7.5,2.1,5.1,2.4,11.8,37.1,18436.63
2001-12-06,8.1,1.5,4.9,0.6,15.4,42.1,10538.31
2001-12-07,9.4,2.6,5.2,1.7,11.5,44.3,30737.97
2001-12-08,10.1,0.9,5.3,4.3,16.6,49.0,25233.23
2001-12-09,11.3,5.1,7.8,0.9,9.7,29.9,32013.66
2001-12-10,12.8,2.3,7.3,0.0,3.4,15.8,32400.0
2001-12-11,11.2,4.3,7.1,0.0,9.0,24.8,32400.0
2001-12-12,9.9,1.0,5.2,2.6,11.5,43.2,32351.15
2001-12-13,9.7,5.6,7.0,1.4,14.9,43.2,24334.89
2001-12-14,9.6,4.6,6.6,0.7,12.8,39.6,32297.87
2001-12-15,9.8,3.8,6.2,1.6,12.0,34.2,31456.25
2001-12-16,9.9,1.4,5.1,0.0,8.2,22.7,32218.29
2001-12-17,10.7,-1.7,3.9,0.0,8.0,28.1,32181.41
2001-12-18,10.9,2.7,6.4,0.0,10.1,34.2,32146.63
2001-12-19,5.5,1.9,4.2,21.2,10.2,41.0,13159.46
2001-12-20,2.8,-1.2,1.2,2.8,10.2,30.2,30368.88
2001-12-21,3.3,-9.3,-2.0,0.0,5.8,16.2,32052.82
2001-12-22,7.4,-5.7,0.3,0.0,6.5,22.3,32024.03
2001-12-23,9.4,-0.5,4.5,0.0,5.8,20.2,31996.54
2001-12-24,10.0,2.3,5.5,0.0,5.1,17.3,27556.41
2001-12-25,12.4,1.4,6.3,0.0,5.2,19.1,31945.77
2001-12-26,12.2,6.0,9.1,0.3,11.3,37.4,22073.23
2001-12-27,12.6,4.4,8.6,3.3,5.9,36.7,11591.7
2001-12-28,12.5,6.6,9.2,0.5,10.9,35.3,9643.78
2001-12-29,8.8,3.5,6.5,3.1,15.2,52.2,30363.21
2001-12-30,8.9,-4.0,3.0,0.0,5.4,23.0,31846.6
2001-12-31,11.4,-1.8,5.0,0.0,3.8,18.0,31871.61
2002-01-01,10.7,2.9,6.3,0.0,4.8,19.8,30908.47
2002-01-02,9.3,2.5,5.4,1.5,16.9,48.2,28459.51
2002-01-03,4.0,-0.2,1.4,17.1,21.2,63.7,24232.29
2002-01-04,2.8,-4.8,-1.2,0.0,9.8,33.1,29943.05
2002-01-05,7.0,-3.3,1.2,0.6,10.5,39.2,31811.51
2002-01-06,3.3,-1.4,1.4,8.4,17.2,49.3,12395.97
2002-01-07,0.3,-3.2,-1.3,18.3,13.4,48.2,12847.57
2002-01-08,-0.3,-5.0,-2.9,9.2,10.4,51.5,30517.28
2002-01-09,0.9,-3.3,-1.5,8.5,8.9,32.4,20082.72
2002-01-10,1.2,-6.1,-2.5,3.4,7.2,31.3,31462.12
2002-01-11,1.4,-10.5,-4.1,0.0,7.2,20.9,32848.83
2002-01-12,0.2,-8.9,-4.4,0.0,5.5,23.4,31392.46
2002-01-13,2.1,-8.9,-4.6,0.0,4.1,17.3,33144.45
2002-01-14,4.3,-5.5,-1.6,0.0,5.8,17.3,31847.59
2002-01-15,3.5,-5.2,-1.1,0.0,4.5,14.4,28572.16
2002-01-16,3.4,-3.9,-0.5,0.0,6.0,15.8,32696.02
2002-01-17,6.0,-8.3,-1.1,0.0,4.2,18.0,33452.81
2002-01-18,6.1,-3.4,-0.3,0.0,5.1,15.8,33535.98
2002-01-19,4.7,-3.0,0.8,0.0,6.3,16.2,33621.32
2002-01-20,4.0,-8.7,-0.9,4.2,7.9,36.7,32570.96
2002-01-21,3.4,-1.1,1.0,2.0,8.6,32.4,31254.45
2002-01-22,3.5,-0.5,1.5,17.8,14.1,57.2,24363.28
2002-01-23,2.4,-7.0,-1.1,0.0,7.1,24.1,33981.71
2002-01-24,3.0,-7.3,-2.0,0.0,5.5,18.0,34075.92
2002-01-25,4.9,-9.3,-2.9,0.0,7.2,22.0,34171.54
2002-01-26,6.4,-6.3,-1.0,0.0,7.9,22.3,34268.42
2002-01-27,9.6,-4.0,1.9,2.3,11.4,41.8,34366.48
2002-01-28,4.4,0.8,2.7,6.7,8.5,32.8,517.99
2002-01-29,6.0,-1.1,2.5,2.3,11.4,33.8,27581.5
2002-01-30,8.2,-4.0,2.0,0.0,5.6,26.3,34671.22
2002-01-31,10.2,-1.7,3.9,0.0,6.3,20.2,34777.26
2002-02-01,12.3,0.3,5.3,0.0,5.1,14.0,34884.13
2002-02-02,13.2,0.2,6.0,0.0,4.4,14.0,34946.53
2002-02-03,13.6,0.9,6.8,0.0,2.9,14.4,35008.98
2002-02-04,12.7,-1.5,5.5,0.0,4.7,16.2,35071.41
2002-02-05,14.3,-0.1,5.7,0.0,7.6,19.8,35133.76
2002-02-06,13.3,1.0,6.1,0.0,8.6,26.3,35195.98
2002-02-07,16.0,0.2,7.3,1.2,6.6,23.8,35258.01
2002-02-08,14.9,5.3,9.8,0.0,7.3,17.6,35357.44
2002-02-09,15.5,1.8,7.9,0.0,6.6,22.0,35381.29
2002-02-10,16.0,5.1,9.4,1.6,10.1,52.2,14589.14
2002-02-11,7.8,3.3,5.9,16.9,16.0,54.4,19281.92
2002-02-12,9.0,2.7,5.6,10.0,14.1,57.6,24221.55
2002-02-13,9.8,2.3,5.7,2.8,7.1,25.6,35420.85
2002-02-14,10.7,-2.7,4.6,0.0,8.0,24.5,35773.69
2002-02-15,11.9,1.1,6.1,0.0,6.5,23.4,35830.85
2002-02-16,13.7,-1.1,6.7,0.0,4.3,19.4,36250.73
2002-02-17,12.7,4.0,7.7,0.1,6.2,21.6,36401.27
2002-02-18,10.8,0.0,5.3,4.3,6.3,22.7,36234.36
2002-02-19,10.7,-1.0,4.8,0.0,5.1,19.8,36804.75
2002-02-20,11.9,-0.3,5.9,0.0,5.1,18.7,36860.87
2002-02-21,14.7,1.4,7.3,0.0,7.4,22.7,36977.88
2002-02-22,15.2,-0.0,7.6,0.0,9.2,29.5,37196.1
2002-02-23,16.1,0.9,8.3,0.0,9.0,30.2,37322.86
2002-02-24,7.8,2.8,5.4,12.6,17.7,76.0,21483.39
2002-02-25,10.0,5.2,6.9,13.1,16.7,56.5,23067.47
2002-02-26,6.9,-0.4,4.3,5.4,20.2,73.4,32782.39
2002-02-27,11.0,-1.2,4.5,0.0,4.4,23.0,37619.87
2002-02-28,13.7,0.2,7.0,0.0,3.7,19.8,37695.93
2002-03-01,14.7,4.1,9.1,0.0,5.9,21.6,37772.51
2002-03-02,15.1,4.2,9.7,0.0,5.9,19.4,37883.04
2002-03-03,16.7,5.2,10.8,0.0,4.6,19.1,37957.45
2002-03-04,17.9,7.1,12.2,0.0,5.8,20.9,38004.38
2002-03-05,19.0,8.6,13.6,0.0,8.1,21.6,38168.94
2002-03-06,18.7,3.7,11.5,0.0,7.9,24.8,38312.75
2002-03-07,19.5,6.8,13.0,0.0,3.6,19.1,38391.25
2002-03-08,19.5,10.3,14.3,0.0,9.6,24.1,38542.95
2002-03-09,18.4,9.5,13.5,0.0,6.1,21.6,38392.03
2002-03-10,19.3,6.1,12.3,0.0,9.8,26.3,38621.69
2002-03-11,20.4,7.6,13.4,0.0,9.5,30.2,30257.48
2002-03-12,18.3,10.0,13.3,0.1,7.0,27.4,25347.03
2002-03-13,13.7,6.0,9.7,0.0,9.8,29.9,38940.66
2002-03-14,11.8,3.8,7.8,0.3,11.9,31.7,39020.39
2002-03-15,12.7,4.1,8.4,0.0,8.8,26.6,38871.38
2002-03-16,15.4,2.8,9.7,0.2,6.9,25.6,39179.66
2002-03-17,14.3,4.6,9.6,4.3,7.6,24.8,38514.35
2002-03-18,14.1,6.4,9.8,3.0,8.4,29.5,39372.63
2002-03-19,14.6,4.6,8.8,7.7,11.6,42.5,37906.65
2002-03-20,10.2,5.6,7.0,10.6,18.4,57.2,29308.53
2002-03-21,9.2,5.3,6.8,20.1,24.7,76.3,21705.89
2002-03-22,10.2,3.7,6.9,7.7,19.8,68.8,35261.02
2002-03-23,15.3,1.1,8.8,0.0,15.2,41.8,40608.34
2002-03-24,16.5,5.6,11.0,0.0,17.9,47.9,40909.65
2002-03-25,15.4,6.2,10.5,0.3,17.9,68.0,40011.43
2002-03-26,6.3,2.8,4.7,8.8,17.2,62.6,26250.0
2002-03-27,8.8,3.0,4.7,8.8,11.7,40.3,27419.23
2002-03-28,7.6,2.2,4.3,6.6,16.2,51.8,34833.87
2002-03-29,6.8,1.2,3.3,4.2,14.6,54.4,37293.77
2002-03-30,8.8,-0.3,4.4,0.3,12.5,36.0,39600.0
2002-03-31,10.6,2.5,6.6,6.0,14.0,54.7,26684.05
2002-04-01,13.3,3.8,7.5,8.5,9.7,49.0,39439.46
2002-04-02,7.5,2.5,4.5,5.0,15.6,42.8,31051.14
2002-04-03,10.3,3.5,6.3,2.2,18.1,49.0,37454.19
2002-04-04,8.0,2.3,5.7,5.3,13.6,40.7,3206.18
2002-04-05,19.0,5.6,12.6,0.1,14.8,40.0,41768.34
2002-04-06,21.5,6.5,14.7,0.2,18.6,59.4,42210.5
2002-04-07,13.4,5.3,8.5,0.5,19.7,52.6,41855.56
2002-04-08,14.4,4.3,8.7,0.0,9.0,28.4,42127.85
2002-04-09,16.3,1.6,9.8,0.0,5.0,21.6,42648.13
2002-04-10,18.4,5.7,12.6,0.0,8.3,22.0,42805.23
2002-04-11,19.0,7.8,13.7,0.0,11.6,31.7,42864.0
2002-04-12,18.0,9.6,13.6,0.0,15.8,42.8,43134.25
2002-04-13,20.2,10.1,14.6,0.4,8.8,27.7,43305.48
2002-04-14,22.7,11.7,17.7,0.2,11.2,32.8,42915.07
2002-04-15,22.5,16.8,19.8,0.1,19.2,59.0,34045.75
2002-04-16,23.9,15.6,19.5,1.0,10.2,39.6,28708.14
2002-04-17,17.8,8.9,14.6,0.5,15.5,46.4,42934.48
2002-04-18,13.8,5.6,9.8,0.7,11.6,32.4,43733.17
2002-04-19,13.0,6.3,9.4,0.3,12.0,34.6,42211.19
2002-04-20,10.5,5.6,7.7,8.5,12.5,48.2,31256.39
2002-04-21,12.2,5.2,8.2,0.6,13.6,37.8,41013.76
2002-04-22,12.6,5.3,8.6,0.6,14.2,38.2,41498.48
2002-04-23,14.9,4.4,9.9,0.0,10.9,32.0,43949.01
2002-04-24,20.0,8.0,13.3,2.0,14.2,40.7,39305.32
2002-04-25,13.6,5.9,9.5,0.0,15.5,45.0,42832.0
2002-04-26,16.9,4.6,10.7,0.0,7.1,25.6,40124.96
2002-04-27,16.6,2.7,10.2,0.0,11.4,31.3,45176.59
2002-04-28,16.5,3.4,10.2,0.0,8.0,25.9,45368.52
2002-04-29,18.0,2.4,11.5,0.0,7.2,25.2,45473.75
2002-04-30,18.7,5.8,12.7,0.0,5.2,24.1,45577.86
2002-05-01,18.8,7.8,13.6,0.4,6.8,27.7,45680.75
2002-05-02,16.8,7.8,12.0,0.2,10.4,32.8,45782.33
2002-05-03,15.8,5.9,11.2,0.0,12.8,35.6,45882.5
2002-05-04,19.0,5.4,13.0,0.0,13.7,37.1,45981.18
2002-05-05,19.8,10.0,14.6,0.0,10.9,32.8,46078.27
2002-05-06,21.4,11.4,16.2,0.0,7.0,25.9,46173.67
2002-05-07,21.3,11.3,16.2,0.0,9.6,29.5,45670.29
2002-05-08,21.0,11.8,16.0,0.0,10.2,30.2,46359.13
2002-05-09,20.4,6.4,14.5,0.0,7.6,28.8,46410.01
2002-05-10,21.9,11.5,16.9,0.0,12.8,34.6,45654.0
2002-05-11,22.5,13.6,17.7,0.0,15.7,43.2,46503.35
2002-05-12,20.2,12.0,15.7,0.0,17.3,47.2,46548.29
2002-05-13,22.1,11.5,17.0,0.0,16.0,45.0,46592.04
2002-05-14,17.3,9.0,12.9,10.3,15.6,51.8,42735.86
2002-05-15,14.9,8.1,11.4,0.8,14.4,38.9,43486.31
2002-05-16,18.7,8.1,13.9,0.0,5.4,24.5,46715.94
2002-05-17,22.8,8.6,16.5,0.4,8.9,31.0,46754.7
2002-05-18,20.0,12.8,16.0,1.2,10.1,34.2,46720.29
2002-05-19,21.3,9.0,15.4,0.0,8.0,26.6,46800.0
2002-05-20,21.3,9.8,16.0,0.0,13.7,40.0,46800.0
2002-05-21,22.6,12.7,17.3,0.0,10.5,32.0,46800.0
2002-05-22,23.9,13.8,18.3,0.0,15.5,40.0,46800.0
2002-05-23,18.9,10.1,14.5,0.2,12.7,42.5,46800.0
2002-05-24,19.0,8.7,14.0,0.0,15.2,41.0,46279.65
2002-05-25,24.9,10.9,18.5,0.0,8.3,25.6,46800.0
2002-05-26,28.7,12.7,21.5,0.0,9.4,29.9,46800.0
2002-05-27,25.9,15.4,21.0,0.0,12.6,38.9,46800.0
2002-05-28,21.6,9.8,15.8,0.0,11.9,34.6,46800.0
2002-05-29,25.3,10.9,18.5,0.0,8.4,28.1,46800.0
2002-05-30,26.1,17.3,21.2,0.0,16.9,46.4,46800.0
2002-05-31,22.2,13.4,18.2,0.0,15.9,47.5,46800.0
2002-06-01,21.2,9.4,15.5,0.0,13.3,37.8,46800.0
2002-06-02,21.1,10.3,15.7,0.0,13.9,38.9,46800.0
2002-06-03,24.2,9.0,17.5,0.0,6.2,28.8,46800.0
2002-06-04,23.4,13.3,18.1,0.0,12.6,37.1,46800.0
2002-06-05,20.3,9.1,14.7,0.0,13.8,40.0,46800.0
2002-06-06,23.2,9.4,16.7,0.0,8.7,28.8,46800.0
2002-06-07,28.3,11.8,21.3,0.0,7.2,25.2,46870.22
2002-06-08,32.0,15.7,24.8,0.0,6.5,24.5,46867.21
2002-06-09,33.7,21.6,27.9,0.0,11.3,34.6,46958.31
2002-06-10,33.3,21.1,27.7,0.0,11.6,32.8,46956.7
2002-06-11,29.3,16.1,24.0,0.0,16.0,45.0,46955.01
2002-06-12,23.3,11.7,17.5,0.0,12.3,36.0,46953.27
2002-06-13,25.6,11.9,18.8,0.0,8.3,27.4,46800.0
2002-06-14,27.2,15.8,21.3,0.0,7.8,27.7,46949.75
2002-06-15,28.6,16.5,22.4,0.0,9.7,29.5,46948.02
2002-06-16,27.6,15.8,21.3,0.0,10.4,32.0,46946.36
2002-06-17,26.4,11.8,19.7,0.0,12.0,33.1,47048.26
2002-06-18,26.3,15.6,20.9,0.0,17.7,46.4,47047.48
2002-06-19,25.4,16.4,20.8,0.0,18.3,50.0,46941.61
2002-06-20,24.4,10.6,18.3,0.0,9.6,36.0,47045.86
2002-06-21,25.1,14.7,19.8,0.2,9.1,32.8,46938.63
2002-06-22,26.5,15.9,20.9,0.0,8.6,33.1,47044.24
2002-06-23,26.7,13.9,20.3,0.0,8.9,31.0,47043.45
2002-06-24,27.3,14.7,21.0,0.0,7.6,30.2,46934.74
2002-06-25,29.6,16.8,23.5,0.0,6.6,31.0,47150.38
2002-06-26,30.8,19.5,24.6,0.0,13.1,37.1,47150.06
2002-06-27,28.2,18.0,22.7,0.0,15.5,42.8,47258.72
2002-06-28,28.2,16.2,21.7,0.0,11.2,33.5,47040.29
2002-06-29,28.7,14.3,22.2,0.0,13.2,37.4,47149.16
2002-06-30,29.6,18.2,23.5,0.0,9.8,32.4,47148.89
2002-07-01,30.6,18.8,24.5,0.0,12.1,35.6,47148.64
2002-07-02,30.6,20.1,24.6,0.0,11.7,37.1,47257.62
2002-07-03,27.1,17.8,22.2,0.0,13.7,38.2,47148.24
2002-07-04,28.8,15.2,22.1,0.0,14.1,40.0,47148.07
2002-07-05,30.1,18.7,24.1,0.0,10.9,33.8,47147.93
2002-07-06,31.8,20.3,25.8,0.0,8.3,29.2,47147.81
2002-07-07,31.5,20.8,25.7,0.0,13.8,38.2,47255.18
2002-07-08,30.4,20.4,24.9,0.0,15.7,42.8,47254.48
2002-07-09,29.2,20.1,24.0,0.0,14.8,39.6,47241.21
2002-07-10,28.9,18.6,23.6,0.0,15.9,42.8,47210.03
2002-07-11,27.7,18.8,22.9,0.0,13.5,39.2,46968.5
2002-07-12,27.2,12.3,20.8,0.0,12.1,34.2,46833.23
2002-07-13,27.5,15.9,21.5,0.0,13.0,35.3,46801.8
2002-07-14,27.0,13.6,20.8,0.0,14.2,40.7,46769.64
2002-07-15,28.0,15.5,21.7,0.0,15.4,43.2,46636.31
2002-07-16,30.1,18.2,24.4,0.5,7.9,27.7,46604.09
2002-07-17,31.7,21.1,26.6,0.0,8.5,29.9,46669.34
2002-07-18,33.2,21.5,27.3,0.2,8.4,29.5,46538.3
2002-07-19,33.0,22.2,27.0,0.0,8.6,33.5,46504.81
2002-07-20,31.9,19.9,25.7,0.0,8.1,33.8,46410.8
2002-07-21,31.0,20.3,24.9,0.0,10.1,31.7,43799.1
2002-07-22,30.6,16.6,23.3,0.0,12.0,33.5,46492.43
2002-07-23,27.8,15.9,21.7,0.0,16.8,44.3,46368.02
2002-07-24,28.1,18.4,22.8,0.0,17.7,47.9,46333.3
2002-07-25,28.0,17.5,22.5,0.0,17.9,49.3,46298.43
2002-07-26,30.2,17.7,23.8,0.0,15.4,44.3,46263.46
2002-07-27,29.4,17.9,23.6,0.0,17.3,45.7,46149.33
2002-07-28,31.2,17.6,24.1,0.0,13.8,41.4,46116.34
2002-07-29,34.8,20.0,27.5,0.0,16.9,52.2,46082.77
2002-07-30,35.8,22.4,29.4,0.0,15.9,49.0,46030.99
2002-07-31,36.3,25.7,30.5,0.0,15.6,47.9,45991.8
2002-08-01,35.4,25.6,30.0,0.0,16.8,47.9,45952.31
2002-08-02,32.8,22.1,27.5,0.0,15.6,43.9,45912.54
2002-08-03,29.3,18.5,23.4,0.0,12.7,37.8,45872.54
2002-08-04,29.6,16.5,22.8,0.6,10.2,33.8,45832.34
2002-08-05,31.0,15.1,24.0,0.0,13.7,38.2,45791.98
2002-08-06,30.1,19.6,24.3,0.0,14.8,41.0,45751.51
2002-08-07,30.4,19.8,24.7,0.0,18.6,51.1,45710.95
2002-08-08,31.2,20.1,25.0,0.0,16.8,47.9,45670.33
2002-08-09,27.0,17.0,21.8,0.0,15.5,46.4,45629.69
2002-08-10,29.7,15.1,22.2,0.0,8.6,29.2,45589.07
2002-08-11,31.5,15.2,23.9,0.0,9.9,32.0,45548.5
2002-08-12,33.6,19.8,26.7,0.0,9.3,31.0,45508.01
2002-08-13,34.2,22.0,27.7,0.0,16.1,44.3,45467.62
2002-08-14,31.1,17.2,25.1,0.0,18.6,52.2,45427.39
2002-08-15,25.0,13.6,19.1,0.0,16.6,46.4,45328.68
2002-08-16,24.8,15.3,19.2,0.0,20.2,54.7,43720.7
2002-08-17,24.6,14.2,18.8,0.0,17.7,47.2,45094.45
2002-08-18,25.7,14.2,19.4,0.0,14.3,41.0,45016.21
2002-08-19,27.1,14.3,20.4,0.0,10.1,32.0,44909.3
2002-08-20,27.8,13.5,21.0,0.0,9.4,30.2,44722.54
2002-08-21,27.2,15.9,21.1,0.0,10.8,32.4,44264.37
2002-08-22,27.2,14.6,20.5,0.0,11.2,31.7,44581.5
2002-08-23,28.3,13.6,21.5,0.0,9.5,29.9,43005.44
2002-08-24,29.5,16.8,23.2,0.0,9.0,29.9,42935.69
2002-08-25,30.6,15.5,23.4,0.0,10.1,32.4,43932.69
2002-08-26,29.5,13.3,22.4,0.0,14.2,38.2,44130.98
2002-08-27,29.0,18.5,23.0,0.0,14.8,40.0,43874.68
2002-08-28,28.1,16.9,21.8,0.0,14.3,38.2,43784.65
2002-08-29,27.8,16.3,21.5,0.0,11.2,32.4,43581.44
2002-08-30,29.1,13.4,21.8,0.0,7.6,27.7,43491.02
2002-08-31,28.0,15.6,21.5,0.0,11.2,33.5,43182.24
2002-09-01,27.0,14.3,20.4,0.0,9.7,30.6,43093.57
2002-09-02,27.7,12.5,20.6,0.0,9.4,30.6,42744.3
2002-09-03,26.4,15.4,20.0,0.0,12.8,35.6,42402.16
2002-09-04,26.5,14.3,20.0,0.0,9.7,30.6,42115.43
2002-09-05,25.7,14.5,19.6,0.0,10.8,31.3,41664.09
2002-09-06,25.2,12.9,18.8,0.0,11.6,34.6,41396.8
2002-09-07,24.7,14.9,19.0,0.0,11.2,34.2,41283.91
2002-09-08,25.6,13.6,19.2,0.0,9.4,28.8,40467.04
2002-09-09,25.9,14.2,19.9,0.0,9.1,30.2,40857.43
2002-09-10,27.5,11.7,20.8,0.0,10.9,31.3,40459.02
2002-09-11,28.9,17.5,22.6,0.1,11.0,32.8,40335.55
2002-09-12,24.5,16.2,19.8,0.0,13.1,38.2,40018.9
2002-09-13,25.7,14.0,19.4,0.0,10.1,30.2,39948.95
2002-09-14,26.1,11.5,19.3,0.0,9.2,28.4,39919.97
2002-09-15,28.5,15.7,22.3,0.0,8.9,32.0,39978.54
2002-09-16,30.6,17.3,24.1,0.0,6.9,33.1,39894.4
2002-09-17,30.6,19.8,24.9,0.2,15.8,43.6,39743.48
2002-09-18,27.2,13.8,22.0,0.3,20.4,70.6,39680.76
2002-09-19,23.1,12.5,17.1,0.0,10.5,33.1,39600.0
2002-09-20,25.5,14.9,19.8,0.0,5.4,27.4,39600.0
2002-09-21,28.7,14.0,21.9,0.0,8.5,28.8,39600.0
2002-09-22,30.0,16.5,23.2,0.0,7.1,32.8,39600.0
2002-09-23,27.2,16.4,21.3,0.0,9.3,29.9,39600.0
2002-09-24,28.4,15.7,21.7,0.0,7.4,26.3,39600.0
2002-09-25,29.9,17.4,22.6,0.0,7.9,25.2,39600.0
2002-09-26,28.9,18.8,23.1,0.0,8.5,25.9,39600.0
2002-09-27,30.0,20.2,24.3,0.0,11.9,32.4,39600.0
2002-09-28,30.1,20.5,24.6,0.0,7.6,27.4,39600.0
2002-09-29,31.8,17.4,25.0,0.0,6.4,29.5,39600.0
2002-09-30,32.9,19.5,26.1,0.0,11.6,33.1,39548.9
2002-10-01,32.0,22.2,26.3,0.0,9.0,33.1,39465.27
2002-10-02,29.0,19.4,23.8,0.0,9.9,30.6,32482.72
2002-10-03,19.4,13.6,16.7,5.0,13.4,37.8,12017.89
2002-10-04,19.8,12.5,15.5,0.0,10.9,29.5,39214.82
2002-10-05,22.1,10.6,16.5,0.0,5.6,24.8,39131.81
2002-10-06,25.2,11.7,18.6,0.0,8.0,29.9,39049.2
2002-10-07,24.4,14.6,18.9,0.0,10.1,40.0,34443.34
2002-10-08,24.1,13.5,18.5,0.0,6.9,27.0,38848.84
2002-10-09,24.4,12.7,18.8,0.0,5.2,29.9,38721.2
2002-10-10,27.1,14.9,20.7,0.0,7.9,32.4,38593.95
2002-10-11,29.8,15.5,22.3,0.9,8.5,35.6,37297.92
2002-10-12,30.7,18.7,24.6,0.3,10.9,36.4,38341.05
2002-10-13,30.5,17.8,23.9,0.0,14.1,41.0,37057.4
2002-10-14,26.5,17.3,21.5,1.3,8.8,40.7,24182.41
2002-10-15,24.4,16.0,19.4,0.8,10.6,34.6,37652.25
2002-10-16,19.0,12.7,16.0,0.9,7.6,26.6,34116.97
2002-10-17,21.0,11.6,15.7,1.5,4.5,24.8,36446.82
2002-10-18,23.6,11.3,17.2,0.2,9.8,28.1,36793.68
2002-10-19,23.7,13.6,18.2,0.0,7.6,27.4,36346.22
2002-10-20,23.0,14.9,18.0,0.0,14.7,41.0,36674.69
2002-10-21,18.3,10.5,14.2,0.0,14.1,35.3,35076.21
2002-10-22,20.2,6.1,13.6,0.0,4.8,22.7,36913.28
2002-10-23,23.5,9.7,16.2,0.0,5.4,24.1,36838.42
2002-10-24,25.5,12.2,18.5,0.0,4.7,23.8,35248.01
2002-10-25,26.3,13.4,19.6,0.3,4.3,24.8,36114.14
2002-10-26,24.8,16.8,20.0,0.0,8.9,27.7,36157.76
2002-10-27,23.3,14.6,18.0,0.0,9.5,28.4,35978.24
2002-10-28,23.2,13.6,17.6,0.1,6.2,27.0,35384.5
2002-10-29,21.0,14.3,16.8,0.7,10.2,34.2,35428.94
2002-10-30,20.7,10.9,15.3,0.0,7.6,23.4,35268.86
2002-10-31,19.7,9.3,14.4,0.0,5.2,25.2,35113.66
2002-11-01,19.2,9.1,13.9,0.0,6.6,23.4,35055.5
2002-11-02,19.7,7.5,13.8,0.0,4.8,22.0,34996.09
2002-11-03,20.8,7.5,13.9,0.0,6.5,22.7,34935.48
2002-11-04,18.8,6.7,12.8,1.9,8.1,33.1,34275.0
2002-11-05,16.8,10.0,12.6,5.0,8.8,33.5,29970.63
2002-11-06,17.9,6.1,12.3,0.0,5.6,21.6,33758.29
2002-11-07,18.6,6.7,12.5,0.0,7.1,20.9,34049.28
2002-11-08,21.4,7.2,14.6,0.0,11.7,28.4,34404.64
2002-11-09,23.2,13.3,16.9,1.5,13.2,41.4,32002.39
2002-11-10,17.1,9.5,13.2,3.1,16.9,51.1,33937.35
2002-11-11,17.2,7.6,11.3,0.0,13.5,40.7,34166.28
2002-11-12,13.6,7.8,10.5,3.2,14.6,43.2,28218.89
2002-11-13,15.0,8.0,10.9,0.0,8.4,26.6,32400.0
2002-11-14,15.6,6.6,11.1,0.1,3.7,17.3,33883.77
2002-11-15,16.6,4.2,10.3,0.0,4.3,18.7,33887.92
2002-11-16,19.1,4.6,10.7,0.0,5.7,18.0,33827.2
2002-11-17,20.1,5.7,11.5,0.0,4.3,18.0,33767.56
2002-11-18,20.1,4.4,10.9,0.0,6.6,19.4,33709.29
2002-11-19,20.1,5.6,11.7,0.0,6.4,19.8,33642.11
2002-11-20,19.7,5.8,11.9,0.0,5.1,18.4,33515.96
2002-11-21,19.7,6.6,11.9,0.0,5.4,20.2,33394.62
2002-11-22,20.1,5.6,11.9,0.0,6.9,23.4,32400.0
2002-11-23,18.0,8.7,12.4,0.0,12.2,33.5,32997.5
2002-11-24,10.5,4.3,8.1,15.6,12.8,55.4,27434.08
2002-11-25,12.8,3.3,7.5,0.0,7.6,25.2,32400.0
2002-11-26,14.0,4.5,8.9,0.0,5.2,20.9,32867.37
2002-11-27,14.6,3.7,8.9,0.0,4.2,19.4,32269.78
2002-11-28,15.7,2.6,8.2,0.0,8.5,23.8,32565.24
2002-11-29,12.5,3.3,6.7,6.5,13.5,50.0,15193.8
2002-11-30,9.9,3.8,6.7,0.4,8.5,30.6,28748.31
2002-12-01,11.8,4.3,7.8,0.0,4.0,18.0,28800.0
2002-12-02,11.3,0.3,5.3,0.0,8.8,24.8,22734.79
2002-12-03,14.3,2.5,8.5,0.0,8.4,23.8,32400.0
2002-12-04,14.4,5.3,9.2,0.0,6.2,18.4,32401.32
2002-12-05,14.2,4.3,8.2,0.0,8.0,25.6,31034.54
2002-12-06,15.8,5.3,10.4,0.0,9.7,25.6,31030.85
2002-12-07,13.7,5.3,9.1,0.0,5.5,19.8,31159.71
2002-12-08,13.8,3.8,8.5,0.7,10.1,40.0,32400.0
2002-12-09,10.5,5.6,7.7,6.5,17.9,53.3,23694.68
2002-12-10,9.9,5.2,7.3,16.2,16.9,59.4,13990.02
2002-12-11,8.3,4.2,5.6,10.3,13.8,56.2,19135.61
2002-12-12,5.9,-1.1,3.0,0.7,17.8,49.3,32395.14
2002-12-13,5.3,-2.2,0.8,0.0,7.3,29.9,32353.12
2002-12-14,6.5,-2.8,1.3,0.0,5.2,18.4,31806.63
2002-12-15,9.0,-1.1,4.3,0.8,6.1,18.4,28015.99
2002-12-16,10.6,5.1,7.1,0.7,5.5,18.7,26127.24
2002-12-17,7.0,4.0,5.2,13.6,6.2,32.0,6423.66
2002-12-18,7.3,3.5,4.9,6.6,13.4,46.8,28922.64
2002-12-19,7.7,3.6,5.9,22.7,20.6,69.1,3812.37
2002-12-20,8.1,-0.2,4.7,51.1,23.6,89.3,21116.06
2002-12-21,0.7,-6.8,-2.8,6.8,13.7,58.3,31613.47
2002-12-22,0.9,-11.0,-4.3,0.0,4.9,20.5,32030.86
2002-12-23,3.5,-8.3,-1.7,0.0,4.0,13.0,30696.99
2002-12-24,3.2,1.4,2.3,0.8,6.6,21.2,18151.02
2002-12-25,5.9,1.2,3.0,3.3,8.9,27.0,24155.21
2002-12-26,7.2,2.6,4.4,3.3,5.5,20.5,21989.93
2002-12-27,7.3,1.2,3.7,0.0,6.0,19.1,26442.84
2002-12-28,9.4,1.7,5.1,0.0,5.8,19.1,30190.15
2002-12-29,10.7,-2.0,3.8,0.0,8.3,22.0,31903.58
2002-12-30,10.7,-1.3,4.3,0.8,6.6,23.4,31844.8
2002-12-31,9.9,-0.3,5.4,0.9,5.4,18.0,31830.54
2003-01-01,9.5,2.9,5.7,0.0,10.0,29.5,26141.95
2003-01-02,7.9,2.0,4.8,2.2,15.0,37.1,26558.01
2003-01-03,7.6,3.1,5.2,0.3,13.1,33.5,16836.54
2003-01-04,9.0,4.0,6.7,17.0,17.0,61.2,8587.22
2003-01-05,10.7,6.0,8.6,7.5,16.1,50.4,22011.2
2003-01-06,13.6,5.4,9.1,0.0,12.4,39.2,32363.98
2003-01-07,16.0,4.5,10.2,0.0,5.6,22.0,31969.63
2003-01-08,15.2,4.5,10.1,0.0,7.1,23.8,32572.15
2003-01-09,12.9,5.3,8.5,0.0,5.4,18.0,32687.55
2003-01-10,14.0,2.8,7.5,0.0,6.0,15.1,32810.3
2003-01-11,17.1,2.1,7.8,0.0,7.7,23.0,32748.91
2003-01-12,18.0,2.9,10.1,0.0,8.9,29.5,33063.71
2003-01-13,13.0,5.0,9.2,0.0,13.0,43.6,32608.54
2003-01-14,8.2,4.7,6.1,4.2,18.0,51.5,28383.2
2003-01-15,5.1,1.1,3.8,9.2,14.1,55.8,16462.67
2003-01-16,7.1,1.1,3.4,0.0,9.7,29.5,33149.88
2003-01-17,6.7,-2.1,2.3,0.3,8.7,27.4,33437.11
2003-01-18,7.4,-1.0,3.8,6.4,9.7,41.8,29931.37
2003-01-19,6.9,-4.2,1.4,0.0,6.2,18.4,29518.82
2003-01-20,2.9,0.8,1.8,11.9,6.6,32.8,0.0
2003-01-21,6.6,1.2,3.6,1.6,11.8,35.6,25801.68
2003-01-22,7.6,-0.1,3.7,0.7,5.8,21.2,20820.0
2003-01-23,8.3,2.3,5.2,2.8,9.6,31.0,25384.13
2003-01-24,10.5,0.2,5.4,0.0,4.5,18.4,32075.04
2003-01-25,11.4,1.7,6.3,0.0,4.1,19.8,33768.07
2003-01-26,12.3,1.1,5.8,0.0,7.4,24.5,34235.86
2003-01-27,10.3,1.0,4.4,5.6,13.2,47.9,23976.18
2003-01-28,5.1,2.5,3.7,6.0,13.1,42.8,9192.65
2003-01-29,6.7,2.3,4.3,2.2,19.1,48.6,17452.79
2003-01-30,9.6,1.9,5.5,0.0,9.4,26.6,33753.97
2003-01-31,10.9,-1.2,4.6,0.0,9.9,29.9,34755.37
2003-02-01,11.4,2.3,6.3,0.0,6.9,16.2,34864.53
2003-02-02,12.5,-0.3,5.5,0.3,17.3,47.2,34933.43
2003-02-03,5.7,2.1,3.5,7.8,16.4,57.2,20989.35
2003-02-04,4.9,1.7,2.9,9.7,14.8,46.1,17031.35
2003-02-05,7.6,0.1,3.8,1.8,11.8,36.7,33944.5
2003-02-06,9.6,-3.0,2.8,0.0,8.0,28.1,35190.86
2003-02-07,12.3,-0.8,5.6,0.0,10.0,32.8,35246.91
2003-02-08,5.8,0.9,3.3,9.9,17.7,57.2,22627.8
2003-02-09,4.6,1.2,2.5,8.3,13.4,41.4,31769.58
2003-02-10,4.7,0.5,2.1,5.6,10.1,36.0,31573.72
2003-02-11,7.5,-1.9,2.3,0.0,7.4,23.0,33788.12
2003-02-12,3.7,-1.8,1.5,19.1,12.8,60.8,8365.49
2003-02-13,5.7,-0.5,2.9,9.4,12.2,49.3,22619.26
2003-02-14,5.7,1.9,3.1,9.7,14.9,53.3,30409.47
2003-02-15,5.6,1.5,2.9,10.4,17.3,58.7,28428.4
2003-02-16,5.4,-0.4,2.5,2.2,16.9,44.3,34378.29
2003-02-17,9.7,-6.0,2.4,0.0,4.7,22.7,29947.36
2003-02-18,12.5,0.3,6.2,9.8,25.8,81.0,33550.98
2003-02-19,6.6,2.2,4.5,19.6,18.5,77.0,21779.99
2003-02-20,2.8,-0.2,1.5,26.9,21.3,76.0,30263.86
2003-02-21,2.2,-1.3,0.9,35.7,10.0,43.9,0.0
2003-02-22,2.0,-2.4,-0.4,2.9,14.9,39.6,36000.0
2003-02-23,3.2,0.5,1.6,10.0,8.5,29.9,8166.38
2003-02-24,2.9,-2.2,0.9,16.5,19.1,69.5,22748.95
2003-02-25,0.4,-2.4,-1.3,16.7,17.1,66.6,34462.77
2003-02-26,0.7,-7.4,-2.6,4.1,12.2,34.2,36541.86
2003-02-27,2.3,-8.9,-2.2,4.1,6.8,32.0,33391.14
2003-02-28,3.7,-6.1,-1.4,0.0,5.5,18.7,36311.46
2003-03-01,3.8,-9.6,-3.0,0.0,8.5,22.3,37790.29
2003-03-02,5.9,-5.6,0.2,0.0,10.1,40.3,30061.39
2003-03-03,6.3,-0.2,3.4,4.3,12.6,58.7,35339.81
2003-03-04,6.9,2.9,4.5,1.0,8.8,29.5,32478.25
2003-03-05,9.4,-3.6,3.4,1.2,6.5,25.9,37291.27
2003-03-06,6.3,2.0,4.4,3.7,12.2,39.2,37823.39
2003-03-07,7.3,-1.6,3.1,0.0,12.4,34.2,36781.29
2003-03-08,11.0,-3.3,3.7,0.0,6.4,22.0,38368.69
2003-03-09,8.1,0.6,5.0,2.5,9.5,34.6,38002.25
2003-03-10,9.3,-3.0,3.8,0.7,9.4,25.9,38448.06
2003-03-11,9.5,-1.0,4.5,1.8,8.4,22.3,32573.8
2003-03-12,7.2,0.6,3.5,3.8,12.8,43.6,35459.54
2003-03-13,8.5,-1.3,3.5,0.0,21.0,52.6,35815.26
2003-03-14,12.2,1.9,6.8,0.0,10.2,32.8,38997.43
2003-03-15,16.4,1.4,8.9,0.0,6.8,22.7,39456.0
2003-03-16,15.0,3.6,9.0,1.1,9.2,26.6,39450.47
2003-03-17,13.2,1.6,8.0,0.0,7.9,23.8,39634.05
2003-03-18,8.9,2.2,5.1,13.4,19.9,71.6,33424.83
2003-03-19,7.6,3.4,4.9,18.5,20.9,69.1,23649.34
2003-03-20,6.9,2.4,4.1,10.7,20.2,60.1,25986.76
2003-03-21,6.2,0.2,2.8,4.8,12.2,38.9,37696.82
2003-03-22,7.0,1.0,3.5,4.9,11.9,40.3,36051.0
2003-03-23,7.5,1.7,3.9,0.5,15.3,42.8,37030.1
2003-03-24,3.5,1.0,2.1,20.3,12.3,37.8,0.0
2003-03-25,2.1,-2.6,0.2,14.9,13.7,43.2,21785.1
2003-03-26,5.3,-2.5,2.2,14.9,19.8,61.6,29824.07
2003-03-27,5.0,-4.7,1.0,0.0,8.6,24.5,41175.39
2003-03-28,8.4,-5.8,1.6,0.0,6.7,20.5,41307.45
2003-03-29,9.8,-0.9,4.3,0.0,7.3,21.2,39877.8
2003-03-30,11.1,0.0,5.6,0.5,6.7,20.2,39625.25
2003-03-31,12.5,-0.8,6.7,0.3,5.9,22.0,41348.22
2003-04-01,14.2,0.9,8.1,0.0,6.7,23.0,40763.86
2003-04-02,20.1,5.0,12.9,0.0,7.9,29.5,41245.44
2003-04-03,22.7,10.9,17.2,0.0,12.8,38.9,36694.23
2003-04-04,25.9,10.9,19.8,0.0,11.2,34.6,41720.59
2003-04-05,27.1,14.5,21.7,0.0,16.1,49.3,41108.66
2003-04-06,16.8,9.7,12.7,0.0,14.9,44.6,41950.77
2003-04-07,16.4,7.2,12.2,0.6,12.6,37.8,36405.41
2003-04-08,20.4,8.7,14.3,0.6,9.3,46.4,42027.59
2003-04-09,13.2,3.8,8.8,0.0,12.5,38.2,42159.26
2003-04-10,14.1,4.1,8.8,0.0,9.2,27.7,42495.24
2003-04-11,18.2,3.7,11.7,0.0,4.9,22.0,43056.33
2003-04-12,17.4,10.0,13.4,0.0,7.7,25.2,40806.64
2003-04-13,16.9,9.7,13.0,0.0,6.1,21.6,43181.37
2003-04-14,15.5,7.8,11.1,0.4,14.3,39.2,41972.03
2003-04-15,11.8,5.4,8.3,2.9,14.2,41.0,42267.86
2003-04-16,12.2,1.9,7.6,0.0,16.1,42.5,42331.24
2003-04-17,18.5,3.2,12.2,0.0,6.2,24.5,44128.32
2003-04-18,20.6,7.6,14.7,0.0,11.2,51.8,31069.82
2003-04-19,16.4,8.0,13.4,0.0,17.8,51.8,43936.0
2003-04-20,9.2,5.5,7.2,8.2,17.3,59.8,37726.47
2003-04-21,11.5,6.4,8.3,3.2,14.0,38.5,35011.96
2003-04-22,12.9,4.5,8.8,0.0,11.9,31.3,42498.94
2003-04-23,18.8,3.5,12.2,0.0,6.9,23.4,43471.8
2003-04-24,23.8,10.0,17.1,0.0,18.7,52.9,43070.51
2003-04-25,21.6,8.6,14.7,1.4,25.0,67.7,39026.28
2003-04-26,11.2,5.6,7.8,8.3,15.5,60.5,36385.42
2003-04-27,11.0,4.2,7.0,5.5,12.1,39.2,40159.26
2003-04-28,13.9,1.4,8.1,0.0,14.0,36.7,44808.0
2003-04-29,15.3,3.3,9.8,0.0,7.9,27.0,45452.48
2003-04-30,19.4,5.6,12.9,0.0,7.6,21.6,45555.66
2003-05-01,21.7,7.6,15.1,0.0,8.6,22.7,45657.31
2003-05-02,23.8,8.3,16.7,0.0,8.4,23.4,45757.34
2003-05-03,24.5,9.1,17.7,0.0,7.6,20.9,45855.75
2003-05-04,25.2,11.5,19.0,0.0,6.6,22.3,45953.17
2003-05-05,26.4,13.0,20.4,0.0,6.5,22.7,46049.82
2003-05-06,26.1,16.8,21.6,0.0,9.7,27.4,46145.59
2003-05-07,26.0,16.0,20.9,0.0,9.4,26.6,46240.43
2003-05-08,24.1,9.5,17.8,0.0,8.4,23.8,46334.26
2003-05-09,25.7,10.0,19.0,0.0,10.5,28.8,46393.81
2003-05-10,26.4,12.0,20.0,0.2,10.2,28.1,45366.16
2003-05-11,27.2,13.5,21.2,0.5,10.5,30.2,46489.47
2003-05-12,27.4,14.1,21.7,0.0,10.0,27.4,46535.54
2003-05-13,28.5,13.9,22.1,1.1,10.9,33.8,44545.37
2003-05-14,26.3,17.7,21.6,0.0,12.6,32.4,46623.98
2003-05-15,24.5,16.1,19.8,0.0,14.5,39.2,46666.25
2003-05-16,26.5,17.2,21.7,0.1,14.5,46.8,46707.18
2003-05-17,26.0,16.9,21.2,0.2,11.4,29.5,46746.73
2003-05-18,24.8,15.9,19.8,0.0,10.0,31.0,46784.83
2003-05-19,25.2,14.2,19.6,0.0,8.0,29.2,46800.0
2003-05-20,26.1,15.7,21.0,0.0,6.9,26.3,46800.0
2003-05-21,22.1,14.7,18.9,0.8,10.7,34.9,46582.86
2003-05-22,21.9,13.1,17.0,0.0,14.1,38.2,46800.0
2003-05-23,22.8,12.0,17.3,0.0,11.0,31.7,46800.0
2003-05-24,27.0,14.0,20.5,0.0,13.0,41.0,46800.0
2003-05-25,23.1,14.1,18.5,0.0,13.1,40.3,46800.0
2003-05-26,21.7,8.0,15.7,0.0,11.2,34.2,46800.0
2003-05-27,19.1,9.2,14.5,0.0,10.9,31.7,46800.0
2003-05-28,21.2,10.4,15.8,0.0,15.0,42.5,46800.0
2003-05-29,27.6,13.4,21.1,0.9,19.4,56.2,33017.04
2003-05-30,20.7,12.6,16.6,0.4,26.9,72.0,46800.0
2003-05-31,17.5,11.3,14.2,2.2,14.3,45.7,43895.15
2003-06-01,20.1,10.7,15.5,0.0,12.2,31.3,46800.0
2003-06-02,19.6,9.5,15.2,0.0,13.0,35.3,46800.0
2003-06-03,20.7,10.8,15.5,0.0,12.6,34.9,46800.0
2003-06-04,24.6,6.6,17.4,0.0,4.9,24.8,46800.0
2003-06-05,27.2,16.0,21.6,0.0,9.7,25.2,46800.0
2003-06-06,28.1,13.7,22.1,0.0,9.3,25.6,46800.0
2003-06-07,29.0,14.8,22.8,0.0,13.1,39.2,46800.0
2003-06-08,26.0,17.7,21.4,0.0,13.0,36.7,46867.58
2003-06-09,25.0,17.1,20.6,0.0,12.0,34.6,46864.66
2003-06-10,25.5,16.1,20.2,0.0,9.8,30.6,46861.75
2003-06-11,25.2,11.8,19.4,0.0,12.9,36.7,46858.88
2003-06-12,24.5,15.7,20.0,0.0,11.3,33.5,46856.07
2003-06-13,23.5,14.3,19.1,2.2,6.8,27.0,45975.71
2003-06-14,25.4,15.5,21.0,3.7,7.3,24.8,46800.0
2003-06-15,27.7,16.8,22.5,0.5,8.8,28.4,46847.61
2003-06-16,28.9,19.6,23.6,0.0,10.3,31.0,46844.84
2003-06-17,26.8,17.4,22.1,0.0,15.8,41.4,47048.53
2003-06-18,25.7,17.0,21.0,0.0,16.8,44.3,47047.68
2003-06-19,27.4,17.1,21.9,0.0,10.2,31.0,46941.87
2003-06-20,26.9,16.6,21.3,0.0,14.4,37.8,47151.62
2003-06-21,26.5,15.1,20.6,0.0,12.5,38.2,47151.44
2003-06-22,23.8,14.4,19.0,0.0,15.8,42.8,47044.16
2003-06-23,26.1,11.7,19.4,0.0,12.4,37.4,47150.93
2003-06-24,28.7,16.5,22.5,0.0,6.5,25.2,47150.63
2003-06-25,30.1,19.2,24.5,0.0,12.3,33.1,47258.84
2003-06-26,28.8,19.2,23.4,0.0,13.7,36.0,47258.88
2003-06-27,29.0,17.6,23.0,0.0,10.8,31.3,47149.7
2003-06-28,29.3,18.9,23.6,0.0,10.5,32.0,47149.41
2003-06-29,29.7,19.5,24.0,0.0,10.7,34.2,47149.14
2003-06-30,28.7,18.7,23.2,0.0,16.3,43.9,47258.36
2003-07-01,26.8,18.1,22.0,0.0,16.0,42.5,47148.69
2003-07-02,29.2,16.2,23.1,0.0,7.2,27.4,47039.26
2003-07-03,32.1,21.1,26.3,0.0,10.1,30.2,47148.35
2003-07-04,31.5,21.6,26.1,0.0,9.1,31.7,47148.2
2003-07-05,31.7,20.0,25.7,0.0,10.1,34.6,47256.46
2003-07-06,32.3,21.9,26.9,0.0,16.6,45.0,47255.91
2003-07-07,29.0,17.8,24.5,0.0,18.4,50.8,47255.29
2003-07-08,27.0,15.8,21.0,0.0,12.3,35.6,47147.66
2003-07-09,27.3,14.0,21.0,0.0,10.2,31.7,46822.85
2003-07-10,27.8,17.3,22.0,0.0,8.5,29.9,46899.12
2003-07-11,29.7,16.8,23.5,0.0,8.0,29.2,47078.0
2003-07-12,28.7,17.7,22.9,0.0,10.7,33.5,47044.93
2003-07-13,28.3,15.2,21.8,0.0,10.1,29.5,46908.16
2003-07-14,29.0,16.4,22.5,0.0,9.7,30.6,46874.73
2003-07-15,29.9,13.8,22.7,0.0,9.6,29.2,46840.79
2003-07-16,29.2,17.8,23.0,0.0,10.2,33.5,46806.4
2003-07-17,29.6,17.6,23.2,0.0,10.4,31.3,46673.18
2003-07-18,29.7,18.3,23.7,0.0,10.6,33.1,46639.39
2003-07-19,29.9,18.7,24.0,0.0,10.5,31.3,46605.38
2003-07-20,30.1,18.9,24.2,0.0,10.4,30.2,46477.25
2003-07-21,29.1,17.9,23.3,0.0,14.2,37.4,46536.92
2003-07-22,27.9,17.7,22.2,0.0,16.6,44.3,46502.52
2003-07-23,27.1,16.8,21.6,0.0,18.8,47.2,46379.03
2003-07-24,27.5,16.8,21.5,0.0,16.3,44.3,46345.35
2003-07-25,27.6,16.3,21.6,0.0,17.2,45.4,46311.0
2003-07-26,28.0,17.4,22.3,0.0,16.6,43.2,46276.0
2003-07-27,28.5,18.1,22.7,0.0,12.8,38.2,46160.73
2003-07-28,28.2,18.4,22.6,0.0,12.9,36.4,46119.86
2003-07-29,28.7,16.4,22.5,0.0,13.7,38.2,46080.58
2003-07-30,28.6,15.9,22.1,0.0,13.3,37.1,46041.0
2003-07-31,29.3,16.7,22.8,0.0,10.2,29.9,46001.16
2003-08-01,30.9,18.2,24.4,0.0,8.4,28.1,45961.09
2003-08-02,31.4,18.9,24.7,0.0,11.6,34.2,45920.85
2003-08-03,31.0,18.7,24.6,0.0,9.7,31.3,45880.49
2003-08-04,31.6,19.1,25.1,0.0,10.2,31.7,45840.05
2003-08-05,31.3,19.3,24.9,0.0,9.2,28.4,45799.58
2003-08-06,32.2,16.2,25.0,0.0,6.4,29.2,45759.11
2003-08-07,32.2,19.5,26.1,0.0,7.9,30.6,45404.63
2003-08-08,30.8,19.2,25.1,0.0,9.9,31.7,45678.38
2003-08-09,32.0,20.0,25.5,0.0,7.6,27.0,45638.2
2003-08-10,31.4,19.9,25.4,0.0,9.9,32.4,45598.19
2003-08-11,29.8,18.1,23.5,0.0,10.1,33.1,45558.39
2003-08-12,30.8,17.6,23.6,0.0,8.3,28.1,45518.64
2003-08-13,30.4,14.8,23.0,0.0,8.8,30.2,45478.82
2003-08-14,29.7,16.9,22.9,0.0,11.1,31.7,45438.95
2003-08-15,30.7,15.3,23.5,0.0,7.2,27.4,45358.07
2003-08-16,31.0,18.1,24.3,0.0,8.7,28.4,45253.54
2003-08-17,31.2,18.6,24.5,0.0,9.8,29.9,45147.8
2003-08-18,31.7,18.9,25.1,0.0,6.3,26.3,45040.93
2003-08-19,32.2,21.3,26.1,0.0,7.7,29.2,44933.02
2003-08-20,31.7,21.4,25.6,0.0,13.0,35.3,44824.16
2003-08-21,29.8,19.8,24.0,0.0,13.8,37.1,44714.42
2003-08-22,29.5,18.2,23.2,0.0,9.7,31.7,44603.9
2003-08-23,29.7,15.0,22.9,0.0,11.5,33.8,44492.67
2003-08-24,29.7,18.0,23.3,0.0,9.4,32.0,44380.8
2003-08-25,30.1,12.8,22.5,0.0,10.5,31.3,44268.4
2003-08-26,29.0,16.6,22.5,0.0,11.3,32.0,44155.53
2003-08-27,27.4,12.7,20.6,0.0,11.7,33.5,44042.27
2003-08-28,28.2,15.1,21.5,0.0,9.6,31.7,43806.41
2003-08-29,30.5,16.4,23.7,0.0,7.2,27.7,43042.21
2003-08-30,31.4,20.0,25.2,0.0,10.9,31.0,43405.77
2003-08-31,31.1,19.9,24.9,0.0,9.4,31.0,43318.33
2003-09-01,31.6,20.4,25.2,0.0,9.9,31.7,43121.85
2003-09-02,31.7,20.9,25.6,0.0,9.5,31.3,42821.56
2003-09-03,31.0,20.4,25.1,0.0,7.6,30.6,42630.71
2003-09-04,28.7,18.7,23.3,0.0,13.7,38.2,42544.04
2003-09-05,23.5,14.6,18.8,0.0,18.5,49.7,41314.94
2003-09-06,22.9,11.7,16.8,0.0,12.6,34.9,41204.11
2003-09-07,24.4,11.2,17.5,0.0,11.2,33.8,41529.93
2003-09-08,25.6,12.6,18.8,0.0,9.0,28.8,41552.98
2003-09-09,26.8,14.3,20.0,0.0,10.2,32.0,41319.47
2003-09-10,27.9,15.9,21.4,0.0,13.5,37.8,40982.16
2003-09-11,29.3,16.8,23.0,0.0,12.0,39.6,40768.13
2003-09-12,26.6,14.8,21.4,0.0,20.4,60.1,40458.38
2003-09-13,24.9,12.8,18.3,0.0,11.9,35.3,40018.59
2003-09-14,26.3,13.1,19.4,0.0,6.3,25.6,40053.34
2003-09-15,26.4,14.4,20.3,0.0,8.4,27.0,39977.58
2003-09-16,26.8,13.6,19.9,0.0,12.0,33.5,39829.91
2003-09-17,26.5,15.7,20.6,0.0,20.0,58.3,39740.69
2003-09-18,23.4,13.3,17.7,0.0,12.6,39.6,39671.36
2003-09-19,23.6,10.8,17.2,0.0,10.6,32.4,39603.78
2003-09-20,24.2,10.5,17.6,0.0,8.7,27.7,39600.0
2003-09-21,25.1,12.8,19.0,0.0,7.0,25.2,39600.0
2003-09-22,27.9,12.1,20.5,0.0,11.2,30.6,39600.0
2003-09-23,28.7,15.2,21.9,0.0,6.8,28.1,39600.0
2003-09-24,27.0,14.1,20.7,0.0,9.8,29.5,39600.0
2003-09-25,25.5,9.9,18.6,0.0,7.6,26.6,39600.0
2003-09-26,26.7,14.8,20.4,0.0,5.6,24.5,39600.0
2003-09-27,26.7,15.8,20.6,0.0,8.0,26.3,39600.0
2003-09-28,25.0,8.9,17.8,0.0,9.6,28.8,39600.0
2003-09-29,24.0,13.2,17.7,0.0,9.4,27.0,39600.0
2003-09-30,23.0,12.2,17.1,0.0,9.1,29.5,39563.4
2003-10-01,21.9,12.5,16.7,0.2,11.5,36.0,39479.19
2003-10-02,20.2,13.0,16.2,0.7,12.2,32.0,39395.34
2003-10-03,21.3,10.6,15.9,0.0,13.6,34.6,39311.95
2003-10-04,23.2,12.0,17.4,0.0,5.2,24.5,39229.11
2003-10-05,25.7,11.4,18.9,0.0,5.6,24.1,39146.93
2003-10-06,28.4,13.5,21.1,0.0,5.0,23.4,39065.51
2003-10-07,28.1,18.2,22.3,0.0,8.6,25.9,38984.96
2003-10-08,27.5,17.6,21.6,0.0,7.2,23.8,38881.49
2003-10-09,28.7,17.9,22.5,0.0,5.6,27.0,38756.09
2003-10-10,28.0,17.0,22.2,0.0,6.1,22.3,38631.15
2003-10-11,21.9,13.1,17.0,0.0,10.8,30.6,38505.73
2003-10-12,21.2,10.9,15.6,0.0,6.6,24.1,38284.75
2003-10-13,21.8,9.2,15.9,0.0,5.9,24.5,38253.57
2003-10-14,25.2,12.5,18.6,0.0,4.6,24.1,38127.02
2003-10-15,26.7,15.6,20.7,0.0,4.7,23.8,35553.38
2003-10-16,24.0,15.6,19.2,0.0,7.9,25.9,37329.48
2003-10-17,22.5,12.3,17.1,0.0,7.9,27.4,37746.64
2003-10-18,22.7,11.7,16.6,0.0,6.9,25.6,37619.93
2003-10-19,22.3,8.0,16.0,0.0,7.6,25.2,37493.42
2003-10-20,25.3,14.1,19.1,0.0,4.4,23.8,37367.24
2003-10-21,26.7,16.7,21.1,0.0,4.5,24.5,37126.21
2003-10-22,27.3,16.1,21.4,0.0,4.8,25.9,37051.43
2003-10-23,28.2,15.6,22.1,0.0,10.6,36.0,36496.0
2003-10-24,26.8,18.9,22.0,0.0,10.0,28.4,36427.93
2003-10-25,27.0,17.8,22.0,0.0,7.2,25.6,35118.66
2003-10-26,26.1,14.5,20.9,0.0,17.0,46.8,36063.79
2003-10-27,19.4,10.3,14.2,0.0,13.7,40.3,33951.14
2003-10-28,17.4,9.0,12.7,12.5,25.3,77.4,31409.94
2003-10-29,11.6,4.3,8.9,6.6,25.2,70.6,31775.57
2003-10-30,12.3,1.4,6.8,0.0,6.6,21.6,35087.55
2003-10-31,20.5,6.2,14.3,0.0,9.4,30.2,34938.14
2003-11-01,23.1,12.1,17.6,1.9,8.0,29.2,35165.92
2003-11-02,24.3,13.2,19.0,0.0,7.9,23.0,35193.12
2003-11-03,23.0,9.3,15.8,0.0,6.5,19.1,35038.75
2003-11-04,24.2,9.2,16.1,0.0,6.5,20.9,34889.36
2003-11-05,24.9,12.3,18.2,0.0,5.0,21.2,34585.08
2003-11-06,23.9,13.8,18.5,0.0,6.4,23.8,28273.27
2003-11-07,19.3,12.1,15.9,0.0,9.8,27.0,28894.0
2003-11-08,15.9,9.9,12.5,0.7,10.5,37.1,34022.88
2003-11-09,15.5,8.2,11.2,0.2,11.2,31.7,31406.05
2003-11-10,13.4,7.8,10.2,6.2,18.2,65.2,26014.76
2003-11-11,9.6,6.3,8.2,8.8,20.3,68.0,20571.59
2003-11-12,11.8,6.5,8.4,0.0,9.0,24.1,29321.55
2003-11-13,13.3,4.6,8.2,0.0,7.9,26.3,34022.27
2003-11-14,13.2,3.0,7.5,0.0,4.8,20.5,33962.35
2003-11-15,13.6,2.0,7.8,0.0,4.6,20.5,33902.61
2003-11-16,14.3,4.2,9.1,0.0,5.1,20.2,33843.13
2003-11-17,15.4,4.7,9.9,0.0,5.1,20.2,33784.52
2003-11-18,15.1,4.1,9.1,0.0,6.3,20.2,33725.21
2003-11-19,12.9,2.0,7.6,0.2,13.2,37.1,32957.64
2003-11-20,14.0,2.2,8.3,0.0,5.4,19.4,32661.08
2003-11-21,16.1,2.7,9.2,0.0,5.4,17.3,33311.65
2003-11-22,17.2,2.7,8.8,0.0,7.6,19.8,33197.79
2003-11-23,17.5,2.8,9.4,0.6,8.7,28.8,33175.02
2003-11-24,12.6,5.9,8.9,10.7,8.0,33.8,27009.86
2003-11-25,12.6,5.0,8.3,0.1,6.4,24.5,32494.54
2003-11-26,11.9,5.1,8.1,0.4,6.4,23.0,29425.09
2003-11-27,12.8,2.8,7.5,0.0,6.3,18.0,32400.0
2003-11-28,12.5,2.6,7.4,0.0,4.0,16.9,29124.46
2003-11-29,13.0,6.0,8.8,0.0,4.3,19.1,32400.0
2003-11-30,13.3,3.6,8.1,0.0,5.1,19.4,31954.42
2003-12-01,12.5,3.4,7.3,0.0,5.7,18.0,28595.73
2003-12-02,9.1,4.5,6.6,5.0,5.8,16.9,981.35
2003-12-03,10.5,3.8,6.5,2.2,6.3,19.1,32040.26
2003-12-04,9.7,3.4,5.6,2.9,7.5,37.1,23660.56
2003-12-05,9.6,2.8,6.0,2.8,5.8,20.9,29563.6
2003-12-06,9.6,4.6,6.4,0.0,12.6,33.8,29041.61
2003-12-07,10.7,4.3,7.2,0.7,11.7,34.2,25136.05
2003-12-08,13.5,2.4,6.8,0.0,5.8,20.9,32400.0
2003-12-09,14.7,4.0,9.0,0.0,6.5,23.0,32400.0
2003-12-10,14.0,0.2,7.1,0.0,3.6,16.9,32320.47
2003-12-11,12.9,2.2,6.9,0.0,5.6,18.0,32400.0
2003-12-12,14.2,-0.3,6.2,0.0,5.2,16.2,32400.0
2003-12-13,14.1,1.6,6.5,0.0,8.0,23.0,29979.67
2003-12-14,17.0,3.0,9.0,1.8,8.0,37.1,28588.24
2003-12-15,12.9,6.6,9.5,16.9,11.9,43.6,27234.69
2003-12-16,11.5,5.4,7.8,0.0,16.6,42.8,26786.41
2003-12-17,11.3,5.7,7.9,2.7,20.1,70.6,30907.8
2003-12-18,6.0,0.4,2.6,38.8,15.3,60.1,0.0
2003-12-19,1.0,-1.7,-0.1,15.0,12.0,58.7,23825.62
2003-12-20,2.7,-5.6,-2.3,0.0,4.2,18.7,32097.4
2003-12-21,1.7,-10.7,-4.9,0.0,8.4,22.3,32063.9
2003-12-22,2.8,-7.0,-2.3,0.0,9.7,31.7,30497.69
2003-12-23,6.7,-1.8,2.6,0.0,6.4,18.4,32002.2
2003-12-24,4.3,-2.4,0.3,0.0,8.1,23.8,31974.22
2003-12-25,6.1,-4.8,0.2,0.0,8.4,25.6,31950.61
2003-12-26,4.0,0.3,2.4,4.7,9.4,44.6,16073.74
2003-12-27,2.8,0.3,1.6,7.0,12.0,38.2,1420.2
2003-12-28,4.4,1.7,2.9,0.5,5.8,20.5,29502.54
2003-12-29,7.5,-7.1,0.7,0.0,5.4,17.6,31960.54
2003-12-30,7.3,-4.2,0.8,0.0,9.4,29.5,31948.22
2003-12-31,9.8,-1.0,3.4,0.0,9.4,28.1,31994.72
2004-01-01,8.3,-1.3,2.8,2.1,10.9,36.0,31827.1
2004-01-02,8.3,-2.0,2.6,2.2,8.5,42.8,28217.14
2004-01-03,7.9,1.7,4.5,0.1,14.0,33.5,31373.6
2004-01-04,10.1,-4.1,3.3,0.0,7.2,29.2,32189.36
2004-01-05,7.8,2.8,5.9,2.8,14.5,54.0,30468.7
2004-01-06,7.8,3.1,5.1,2.5,12.0,42.1,27249.26
2004-01-07,4.1,-0.6,1.9,16.8,21.5,86.4,20095.29
2004-01-08,0.6,-3.2,-1.0,6.7,14.4,59.8,31785.48
2004-01-09,1.1,-2.9,-0.9,4.5,8.0,31.3,29632.74
2004-01-10,3.9,-4.6,0.9,6.5,7.3,26.6,25283.44
2004-01-11,3.6,-6.7,-0.6,0.5,7.4,33.1,29488.5
2004-01-12,6.2,-2.9,1.4,3.0,8.4,25.9,25389.31
2004-01-13,3.7,0.4,2.2,3.4,10.2,29.9,30500.71
2004-01-14,3.3,0.8,2.3,14.3,6.8,33.8,4181.72
2004-01-15,8.2,1.8,4.6,1.1,5.9,23.0,25442.22
2004-01-16,9.3,3.3,5.9,0.0,10.2,27.0,18453.65
2004-01-17,8.7,3.8,6.0,0.1,11.9,31.3,32706.3
2004-01-18,8.6,-2.7,2.8,0.0,3.3,16.2,33489.92
2004-01-19,11.1,-2.8,3.6,0.0,3.4,15.1,33571.48
2004-01-20,11.7,-0.2,5.3,0.0,5.8,19.8,33279.01
2004-01-21,11.9,1.3,5.8,0.0,6.4,17.6,30397.43
2004-01-22,8.4,1.7,4.8,13.0,19.2,70.2,236.87
2004-01-23,4.0,0.7,2.1,25.5,18.4,70.2,7541.25
2004-01-24,2.1,0.5,1.2,21.9,17.3,52.9,874.32
2004-01-25,2.7,-1.4,0.5,1.0,7.4,27.4,23337.42
2004-01-26,2.7,-1.2,0.5,5.1,12.4,34.9,32488.25
2004-01-27,2.7,0.1,1.3,19.3,13.2,57.6,26456.45
2004-01-28,4.3,-2.8,0.7,0.3,8.1,26.6,34419.46
2004-01-29,3.3,-6.5,-1.9,0.0,7.4,21.2,34523.52
2004-01-30,8.6,-3.8,2.4,0.0,6.5,22.0,34629.02
2004-01-31,5.5,1.0,3.6,2.5,9.4,34.9,27526.66
2004-02-01,3.5,0.4,1.6,3.4,12.4,32.8,27950.34
2004-02-02,4.6,-0.0,2.3,0.1,9.8,27.0,33571.3
2004-02-03,6.1,-3.9,1.6,2.8,8.4,31.0,33372.45
2004-02-04,6.5,-1.4,2.3,2.3,7.3,32.4,11829.03
2004-02-05,7.8,-0.7,3.3,5.7,6.1,27.4,34506.42
2004-02-06,7.0,1.0,3.3,0.0,14.0,38.9,35169.19
2004-02-07,10.0,0.7,4.6,0.0,7.9,25.2,35229.8
2004-02-08,12.8,0.2,6.2,0.0,5.8,21.2,35293.23
2004-02-09,15.4,5.6,9.3,0.0,5.5,18.4,35388.96
2004-02-10,15.0,3.3,9.1,0.0,5.5,21.2,33244.53
2004-02-11,9.4,3.3,6.5,4.7,17.6,53.3,31668.44
2004-02-12,8.0,1.2,4.1,0.2,12.7,42.8,32953.96
2004-02-13,9.1,0.2,4.2,6.5,23.8,69.1,35682.07
2004-02-14,3.6,-3.2,0.0,28.1,19.4,69.8,3771.05
2004-02-15,-1.4,-4.9,-2.7,19.0,18.4,70.6,34759.26
2004-02-16,2.8,-2.6,0.4,9.4,9.2,37.1,12615.65
2004-02-17,5.8,1.1,2.9,1.2,6.8,32.4,35827.16
2004-02-18,6.2,-0.8,2.5,0.0,6.7,26.3,36203.27
2004-02-19,4.3,-1.2,2.0,1.4,6.3,35.6,34526.07
2004-02-20,4.4,-6.0,0.4,0.0,5.2,17.3,36241.43
2004-02-21,3.8,-0.5,1.8,9.9,19.4,73.8,13464.73
2004-02-22,3.0,-5.8,-2.4,11.4,25.7,81.7,35509.37
2004-02-23,1.5,-14.6,-4.7,0.0,10.7,42.5,37019.93
2004-02-24,10.5,-2.0,3.9,0.3,6.2,29.2,37042.58
2004-02-25,12.8,1.9,7.2,0.0,9.2,27.7,37377.55
2004-02-26,12.0,0.8,6.1,0.0,5.2,20.9,37509.7
2004-02-27,15.6,1.8,8.5,0.0,6.2,19.4,37581.41
2004-02-28,20.6,5.8,12.7,0.0,5.6,16.6,35061.68
2004-02-29,21.2,6.3,13.3,0.0,8.0,25.9,35558.78
2004-03-01,20.7,11.7,16.6,0.0,8.2,28.1,30501.8
2004-03-02,21.4,10.9,16.9,0.2,4.9,19.1,32983.46
2004-03-03,22.5,11.1,16.8,0.0,7.9,24.8,25757.13
2004-03-04,24.4,13.3,18.8,0.0,8.7,25.6,36648.5
2004-03-05,19.9,8.9,14.8,2.7,15.6,56.5,28485.83
2004-03-06,8.5,1.4,5.9,9.5,15.5,55.4,15194.49
2004-03-07,7.7,-0.9,3.0,0.0,9.1,34.2,38354.63
2004-03-08,9.8,-2.5,3.7,0.0,4.7,22.3,38583.25
2004-03-09,13.2,0.8,6.9,0.0,6.3,23.8,38665.95
2004-03-10,13.3,-1.7,6.8,0.0,8.6,28.4,38829.66
2004-03-11,11.1,4.7,7.1,0.0,13.7,37.8,38596.91
2004-03-12,10.5,1.1,6.1,0.0,10.3,29.5,38997.45
2004-03-13,10.0,-0.6,5.2,1.0,8.7,27.4,38759.32
2004-03-14,8.8,-1.8,4.1,0.7,12.2,33.1,39345.99
2004-03-15,8.6,-0.2,3.8,0.0,12.3,36.4,39620.5
2004-03-16,10.8,-1.5,4.7,0.0,6.2,22.3,39709.69
2004-03-17,11.5,2.8,6.8,0.0,10.2,28.4,38037.93
2004-03-18,9.6,2.9,5.8,0.7,9.5,29.9,32344.79
2004-03-19,9.9,0.9,5.6,2.1,7.3,24.8,38300.27
2004-03-20,11.9,-1.1,6.1,0.0,6.0,22.0,40372.07
2004-03-21,14.6,2.2,8.6,0.0,6.2,21.6,40571.21
2004-03-22,17.7,3.9,10.8,0.0,6.5,19.4,40773.85
2004-03-23,18.5,2.4,10.6,0.0,12.8,34.9,40979.81
2004-03-24,19.6,7.5,13.0,0.0,10.3,32.8,37251.82
2004-03-25,17.9,7.4,12.4,0.0,10.0,29.2,41272.37
2004-03-26,19.0,8.4,13.3,0.0,6.4,22.3,41171.87
2004-03-27,21.4,6.9,14.9,0.0,6.6,26.3,40830.7
2004-03-28,23.0,8.8,16.3,0.0,8.4,26.3,41437.95
2004-03-29,22.4,10.9,16.5,0.0,12.7,38.5,39645.76
2004-03-30,17.7,8.9,14.5,0.0,15.5,43.6,37053.51
2004-03-31,15.3,5.7,10.3,0.0,15.5,41.4,40858.47
2004-04-01,16.8,1.7,10.4,0.2,7.1,25.2,41701.54
2004-04-02,18.0,6.6,11.5,0.0,24.2,70.9,40358.37
2004-04-03,11.5,6.0,8.6,1.4,12.8,32.4,38900.27
2004-04-04,13.1,4.3,8.4,0.0,12.9,32.4,41400.93
2004-04-05,13.7,2.3,8.0,0.0,6.5,24.8,42185.38
2004-04-06,14.8,1.1,8.7,0.0,8.8,37.4,32883.3
2004-04-07,15.6,4.0,10.5,0.1,5.3,25.9,42378.84
2004-04-08,17.6,5.0,11.8,0.0,5.5,27.0,41922.02
2004-04-09,18.9,5.0,13.0,0.0,6.8,22.3,42677.95
2004-04-10,20.2,9.6,15.3,0.0,4.6,22.7,42937.04
2004-04-11,22.0,8.4,16.0,0.0,5.6,23.4,43208.02
2004-04-12,23.3,11.9,17.5,0.0,4.9,21.2,43382.08
2004-04-13,23.9,11.0,18.1,0.0,9.4,30.6,43449.01
2004-04-14,23.8,15.0,18.9,0.0,13.0,36.7,43628.21
2004-04-15,17.9,6.5,13.7,0.4,21.4,59.4,24227.19
2004-04-16,10.2,4.5,7.1,9.1,18.6,61.2,40231.62
2004-04-17,14.2,0.6,7.9,0.0,11.3,34.9,44218.79
2004-04-18,17.4,6.0,11.9,0.3,10.6,37.8,38479.13
2004-04-19,16.4,7.2,12.2,2.0,16.6,56.9,38193.82
2004-04-20,16.2,7.3,11.4,0.0,11.1,31.3,42112.59
2004-04-21,20.5,8.0,14.1,2.6,9.7,50.0,43519.32
2004-04-22,14.0,6.7,9.9,3.4,16.1,44.3,44509.36
2004-04-23,12.1,5.2,8.6,0.0,15.6,42.5,44893.45
2004-04-24,12.8,4.2,9.0,0.1,10.1,30.2,42467.15
2004-04-25,17.5,0.6,10.4,0.0,4.3,22.0,45108.99
2004-04-26,21.9,4.5,14.9,0.0,13.2,42.5,42110.67
2004-04-27,22.9,10.4,17.0,0.0,13.2,43.2,45318.73
2004-04-28,21.5,12.7,17.1,0.0,9.9,32.0,45422.01
2004-04-29,21.0,10.8,15.8,1.0,10.0,33.5,45524.7
2004-04-30,16.6,5.8,11.6,0.0,13.4,37.8,45626.72
2004-05-01,19.1,6.0,13.2,0.0,10.1,25.2,42235.41
2004-05-02,16.4,6.6,12.6,3.5,6.9,40.7,39508.8
2004-05-03,16.8,3.9,12.0,0.9,12.6,36.0,45927.94
2004-05-04,17.4,5.5,12.0,0.5,12.5,37.1,46026.46
2004-05-05,21.3,8.9,15.4,0.0,7.1,25.6,46123.9
2004-05-06,26.0,12.9,19.6,0.0,13.4,35.3,45805.63
2004-05-07,23.9,14.4,19.2,0.0,13.7,54.0,46315.16
2004-05-08,23.5,15.1,18.8,0.0,13.3,36.4,46383.89
2004-05-09,25.8,13.4,20.1,0.0,10.5,34.9,46433.21
2004-05-10,28.7,11.9,19.8,0.0,22.7,66.2,46481.25
2004-05-11,19.6,9.8,14.2,0.0,15.2,45.0,45519.05
2004-05-12,18.2,8.7,12.8,0.0,15.4,44.6,46573.28
2004-05-13,20.4,8.1,14.8,0.0,14.5,41.0,46617.16
2004-05-14,23.8,10.3,18.3,0.0,22.9,63.7,46659.53
2004-05-15,14.7,7.3,10.8,2.4,23.8,66.6,46579.66
2004-05-16,15.7,8.5,11.7,3.3,16.7,47.2,43813.36
2004-05-17,16.6,8.6,12.3,0.1,14.3,40.7,45176.24
2004-05-18,20.0,9.0,14.6,0.0,13.0,34.9,44478.05
2004-05-19,20.5,11.9,15.7,0.0,13.5,52.2,44785.2
2004-05-20,18.4,8.1,13.4,0.0,11.2,33.8,46596.59
2004-05-21,20.9,8.4,15.2,0.1,5.5,28.1,46800.0
2004-05-22,21.5,11.6,16.6,0.1,8.8,29.5,46800.0
2004-05-23,22.4,9.0,16.3,0.0,8.4,27.0,46800.0
2004-05-24,23.9,7.8,16.9,0.0,8.2,28.1,46800.0
2004-05-25,25.7,8.3,18.6,0.0,6.0,24.8,46800.0
2004-05-26,25.0,16.5,20.2,0.0,10.4,28.8,46800.0
2004-05-27,23.4,15.1,18.9,0.0,15.5,42.1,46800.0
2004-05-28,21.4,12.4,16.6,0.0,17.3,46.1,46800.0
2004-05-29,22.7,12.1,17.4,0.0,14.3,38.5,46800.0
2004-05-30,27.0,15.2,21.6,0.1,13.9,44.3,46800.0
2004-05-31,23.7,13.4,19.0,0.0,14.0,40.0,46800.0
2004-06-01,20.6,9.2,14.6,0.0,12.4,35.6,46800.0
2004-06-02,21.9,9.1,15.4,0.0,9.4,29.5,46800.0
2004-06-03,22.6,8.2,16.8,0.0,7.6,26.3,46800.0
2004-06-04,24.6,10.3,18.5,0.0,6.8,25.2,46800.0
2004-06-05,28.5,12.3,21.7,0.0,7.2,26.6,46800.0
2004-06-06,29.9,18.7,24.1,0.0,7.9,27.7,46871.76
2004-06-07,29.8,18.4,24.3,0.0,14.2,40.7,46869.0
2004-06-08,26.1,14.1,21.7,0.0,17.9,51.5,46866.15
2004-06-09,22.2,12.4,17.0,0.0,12.8,34.9,46800.0
2004-06-10,22.8,9.9,17.0,0.0,9.3,32.0,46800.0
2004-06-11,24.6,12.5,18.6,0.0,9.9,34.2,46857.21
2004-06-12,26.2,14.7,20.4,0.0,11.0,32.0,46952.82
2004-06-13,28.5,17.3,22.6,0.0,9.3,28.4,46951.02
2004-06-14,29.1,17.7,22.9,0.0,12.6,37.4,47050.2
2004-06-15,27.6,17.6,22.5,0.0,15.8,43.2,46947.33
2004-06-16,27.4,17.5,22.3,0.0,16.2,41.4,46945.49
2004-06-17,27.1,17.5,22.1,0.0,16.9,44.6,47047.71
2004-06-18,28.9,18.3,23.3,0.0,9.6,33.8,47046.82
2004-06-19,31.1,20.4,25.4,0.5,15.1,45.4,47045.91
2004-06-20,25.6,16.7,21.6,0.0,15.3,45.0,47151.44
2004-06-21,25.6,12.3,19.2,0.0,10.6,31.7,47044.17
2004-06-22,26.7,11.8,19.8,0.0,10.4,32.4,47043.36
2004-06-23,26.3,12.5,20.0,0.0,12.2,34.6,47150.69
2004-06-24,24.9,13.5,19.1,0.0,13.4,38.5,46933.49
2004-06-25,24.6,13.5,19.0,0.0,12.2,33.1,47041.38
2004-06-26,25.5,13.2,19.6,0.0,11.0,31.7,47040.91
2004-06-27,28.2,13.4,21.5,0.0,11.3,33.5,47149.62
2004-06-28,27.6,17.5,22.2,0.0,14.5,41.0,47258.56
2004-06-29,28.9,18.6,23.4,0.0,9.7,30.6,47149.12
2004-06-30,30.6,18.8,24.8,0.0,7.6,28.1,47148.88
2004-07-01,29.8,19.6,24.3,0.0,10.7,31.0,47257.77
2004-07-02,30.3,19.1,24.3,0.0,8.7,28.1,47257.4
2004-07-03,29.1,18.7,23.2,0.0,11.6,32.4,47256.99
2004-07-04,28.8,17.1,22.7,0.0,11.0,32.4,47256.52
2004-07-05,31.6,18.9,25.6,0.0,5.2,27.4,47147.95
2004-07-06,34.2,23.5,28.8,0.0,7.0,27.0,47040.19
2004-07-07,34.9,22.4,28.6,0.0,8.4,31.0,47147.65
2004-07-08,33.0,22.2,27.3,0.0,9.2,33.1,47145.45
2004-07-09,27.9,18.3,23.3,0.0,13.9,41.0,47114.12
2004-07-10,29.1,17.5,22.9,0.0,15.3,45.4,46977.09
2004-07-11,29.7,13.8,22.8,0.0,13.4,37.4,47049.72
2004-07-12,30.6,18.1,24.2,0.0,11.3,32.4,47016.8
2004-07-13,32.2,21.1,26.4,0.0,13.9,37.4,46983.46
2004-07-14,32.2,22.7,27.1,0.0,17.1,46.4,46949.78
2004-07-15,30.9,22.6,26.0,0.0,17.6,50.8,46815.72
2004-07-16,29.4,20.5,24.7,0.0,11.3,34.2,46684.0
2004-07-17,28.0,18.9,23.4,0.0,9.2,31.7,46651.8
2004-07-18,27.9,14.9,21.6,0.0,10.1,30.2,46714.71
2004-07-19,30.0,15.8,22.8,0.0,9.4,30.2,46585.02
2004-07-20,30.4,18.6,24.0,0.0,9.0,28.8,46550.48
2004-07-21,28.1,16.5,21.8,0.0,11.5,32.8,46515.25
2004-07-22,27.8,14.1,20.9,0.0,13.0,38.2,46390.41
2004-07-23,28.8,17.7,22.7,0.0,12.0,35.6,46355.79
2004-07-24,28.8,17.7,22.7,0.0,11.9,33.1,46245.41
2004-07-25,28.2,17.9,22.5,0.0,10.9,33.1,46206.62
2004-07-26,28.6,17.7,22.8,0.0,10.8,31.0,46167.5
2004-07-27,29.2,17.3,22.9,0.0,10.3,32.0,46134.33
2004-07-28,30.4,18.6,23.9,0.0,11.4,33.8,46099.66
2004-07-29,32.0,18.9,25.2,0.0,12.6,36.0,46048.72
2004-07-30,31.7,21.7,26.0,0.0,14.8,43.2,46008.83
2004-07-31,31.0,19.2,24.6,0.0,9.0,29.5,45968.88
2004-08-01,30.5,18.9,23.8,0.0,9.7,30.6,45928.93
2004-08-02,28.2,15.6,21.2,0.0,11.2,32.0,45889.03
2004-08-03,25.4,14.2,19.2,0.0,15.5,42.5,45849.23
2004-08-04,27.0,15.0,20.5,0.0,10.8,32.4,44396.91
2004-08-05,29.0,15.9,22.5,0.0,9.0,31.3,45770.12
2004-08-06,29.0,16.5,22.7,0.0,12.5,36.7,45730.62
2004-08-07,30.2,18.3,23.6,0.0,10.2,32.0,45690.95
2004-08-08,29.4,18.3,23.0,0.0,14.8,41.4,45651.12
2004-08-09,28.7,16.5,22.1,0.0,10.4,31.3,45611.16
2004-08-10,28.9,16.5,22.1,0.0,10.8,32.0,45571.09
2004-08-11,27.0,13.6,20.3,0.0,15.5,43.6,45530.94
2004-08-12,27.3,15.9,20.8,0.0,11.2,32.4,45066.77
2004-08-13,28.2,15.4,22.3,0.0,8.4,29.2,45192.49
2004-08-14,29.4,18.3,23.6,0.0,8.0,28.4,45016.66
2004-08-15,29.0,17.2,22.6,0.0,9.4,28.8,45275.11
2004-08-16,28.3,15.7,21.7,0.0,11.0,29.5,45169.23
2004-08-17,28.7,17.0,22.3,0.0,14.1,36.7,45062.51
2004-08-18,26.0,15.0,20.1,0.0,14.8,40.7,44955.03
2004-08-19,27.6,13.7,20.0,0.0,9.8,29.9,44755.0
2004-08-20,28.4,13.8,21.6,0.0,8.8,30.2,44738.1
2004-08-21,28.8,13.0,22.0,0.0,9.7,29.5,44340.56
2004-08-22,29.4,15.0,22.7,0.0,8.7,28.4,44519.09
2004-08-23,29.8,18.0,23.6,0.0,8.9,27.4,44409.0
2004-08-24,31.4,19.6,24.9,0.0,7.3,26.6,44298.63
2004-08-25,30.2,20.3,24.7,0.0,9.4,29.9,44187.79
2004-08-26,30.0,14.8,23.2,0.0,7.2,27.0,44075.79
2004-08-27,30.4,16.4,23.6,0.0,7.9,27.4,43948.95
2004-08-28,30.3,18.3,23.9,0.0,9.0,28.4,43744.78
2004-08-29,30.1,19.4,24.2,0.0,8.4,28.4,43542.29
2004-08-30,29.2,18.9,23.4,0.0,8.7,30.6,43232.11
2004-08-31,30.1,16.6,23.1,0.0,9.0,28.4,43250.88
2004-09-01,29.7,17.6,23.1,0.0,9.9,30.2,43052.68
2004-09-02,29.3,16.7,22.5,0.0,7.3,26.6,42197.81
2004-09-03,29.9,15.5,23.0,0.0,8.0,27.4,42360.14
2004-09-04,29.0,16.9,22.5,0.0,9.9,31.0,41846.86
2004-09-05,27.7,15.8,21.3,0.0,14.2,38.2,42073.7
2004-09-06,28.1,17.5,22.1,0.0,9.8,31.3,41702.41
2004-09-07,29.3,11.5,21.8,0.0,4.2,25.6,41178.44
2004-09-08,31.5,17.3,24.7,0.0,5.5,25.9,41208.36
2004-09-09,27.4,14.9,21.8,0.0,13.4,38.5,41097.84
2004-09-10,23.2,12.6,17.3,0.0,11.9,36.0,40504.99
2004-09-11,23.8,10.0,17.2,0.0,11.2,32.8,40181.45
2004-09-12,23.8,11.1,17.6,0.0,10.2,29.9,40120.51
2004-09-13,24.2,11.7,17.9,0.0,6.6,25.2,40247.7
2004-09-14,26.7,14.3,20.2,0.0,5.2,25.2,40149.72
2004-09-15,28.2,17.4,22.1,0.0,6.9,26.3,39980.34
2004-09-16,26.7,15.6,20.6,0.0,9.3,29.9,39897.08
2004-09-17,27.0,9.7,19.3,0.0,5.4,25.6,39679.64
2004-09-18,28.0,13.9,21.6,0.0,4.3,26.6,39600.39
2004-09-19,29.7,15.7,23.1,0.0,6.4,27.7,39683.77
2004-09-20,30.0,16.6,23.5,0.0,6.8,27.7,39620.81
2004-09-21,29.5,17.4,23.3,0.0,10.2,31.3,39624.49
2004-09-22,28.8,17.6,22.5,0.0,9.4,28.4,39627.73
2004-09-23,28.1,18.7,22.3,0.0,6.5,27.0,39600.0
2004-09-24,28.1,17.5,22.2,0.0,6.6,30.2,39600.0
2004-09-25,27.4,19.4,22.7,0.0,6.6,27.7,39600.0
2004-09-26,28.0,16.2,22.1,0.0,5.4,28.1,39600.0
2004-09-27,30.8,16.3,23.9,0.0,7.1,27.4,39600.0
2004-09-28,32.4,21.7,26.4,0.0,10.1,29.5,39600.0
2004-09-29,32.3,23.4,27.0,0.0,13.4,35.3,39579.58
2004-09-30,30.3,20.6,25.1,0.0,13.3,37.4,39496.62
2004-10-01,29.4,19.7,23.7,0.0,13.9,41.4,39414.38
2004-10-02,27.2,18.4,22.4,0.0,16.9,47.5,39332.94
2004-10-03,25.1,15.0,19.4,0.0,11.6,35.6,39252.42
2004-10-04,25.1,14.0,18.9,0.0,7.5,27.4,39172.64
2004-10-05,26.6,11.3,19.5,0.0,8.1,29.5,39092.68
2004-10-06,24.0,15.0,19.5,0.2,15.1,44.3,39012.52
2004-10-07,22.4,12.9,17.0,0.0,9.8,31.7,38918.88
2004-10-08,21.4,11.4,15.9,0.0,9.1,27.7,38791.67
2004-10-09,20.8,10.9,15.6,0.0,10.5,29.5,38664.15
2004-10-10,22.5,11.2,16.7,0.0,5.8,25.2,38536.43
2004-10-11,26.2,10.6,18.5,0.0,9.0,28.1,38408.58
2004-10-12,26.5,14.6,19.7,1.3,7.8,34.6,37946.32
2004-10-13,22.6,14.2,18.1,3.4,6.2,25.9,38152.91
2004-10-14,24.1,12.0,18.0,0.0,5.2,26.6,37821.33
2004-10-15,24.5,15.1,19.5,0.0,4.2,23.4,37893.34
2004-10-16,25.0,12.0,18.9,0.0,4.9,22.0,36875.45
2004-10-17,26.1,13.8,19.9,0.0,5.2,25.6,37644.39
2004-10-18,27.2,14.1,20.5,0.0,6.3,23.8,37518.45
2004-10-19,27.3,15.2,20.9,0.0,5.6,25.2,37086.71
2004-10-20,25.6,16.3,20.3,0.0,8.7,26.3,37268.7
2004-10-21,22.3,14.8,17.7,0.0,15.3,40.7,36823.79
2004-10-22,22.4,7.8,15.8,0.0,6.4,25.2,36392.64
2004-10-23,22.8,12.8,17.2,0.0,6.3,23.0,36446.11
2004-10-24,23.5,12.5,17.4,0.0,7.0,25.2,36032.78
2004-10-25,26.1,12.4,18.9,0.0,6.5,24.1,35858.23
2004-10-26,27.2,13.4,19.9,0.0,14.2,40.7,36015.21
2004-10-27,28.0,14.2,19.9,0.3,9.9,35.6,35408.16
2004-10-28,27.3,14.3,19.7,0.7,6.9,28.1,33292.84
2004-10-29,21.8,12.8,16.0,5.8,7.8,30.2,25732.7
2004-10-30,19.1,8.9,14.4,0.0,7.6,24.1,33739.48
2004-10-31,19.1,9.0,13.9,0.7,5.4,21.6,34743.0
2004-11-01,19.8,8.6,13.5,0.0,9.0,27.0,34842.84
2004-11-02,20.4,7.5,13.9,0.0,7.6,23.8,34627.43
2004-11-03,21.0,8.4,14.5,0.0,5.1,22.0,34648.31
2004-11-04,21.6,10.1,15.4,0.0,4.8,24.8,34513.93
2004-11-05,22.4,9.7,15.7,0.0,5.8,30.2,34616.9
2004-11-06,21.7,10.8,16.0,0.1,9.0,32.4,34410.02
2004-11-07,20.9,11.7,15.9,0.0,7.9,28.1,32589.13
2004-11-08,19.0,9.9,14.1,0.2,6.4,32.4,33988.13
2004-11-09,17.1,10.9,13.6,0.0,9.3,27.0,32608.4
2004-11-10,19.4,9.8,14.2,0.0,5.9,28.8,34156.63
2004-11-11,19.9,8.5,13.8,0.5,6.8,29.9,34097.66
2004-11-12,20.3,9.7,14.4,0.0,5.7,25.6,34038.84
2004-11-13,19.7,8.9,13.7,0.0,6.5,24.1,26178.38
2004-11-14,20.1,9.1,14.2,0.0,7.1,23.4,33761.15
2004-11-15,19.0,6.4,12.4,0.0,6.8,22.3,25047.81
2004-11-16,17.9,10.2,13.7,3.1,17.4,47.2,27956.32
2004-11-17,13.7,9.3,11.0,28.4,17.7,71.3,26493.13
2004-11-18,13.2,6.8,9.5,5.8,12.3,59.4,32400.0
2004-11-19,13.4,3.2,8.5,0.0,5.9,22.0,32564.06
2004-11-20,13.1,6.6,9.3,0.0,10.8,30.2,32754.8
2004-11-21,13.5,6.0,9.2,5.7,23.2,59.0,31787.03
2004-11-22,9.2,-0.6,5.1,28.5,17.6,65.2,13549.24
2004-11-23,1.4,-4.4,-1.1,11.6,21.8,70.2,32085.23
2004-11-24,4.6,-9.5,-1.6,0.0,5.8,20.9,32415.04
2004-11-25,5.0,-1.6,2.0,3.7,12.0,36.7,24725.86
2004-11-26,6.2,-0.1,3.3,44.8,20.8,80.6,9941.67
2004-11-27,1.9,-4.6,-0.9,8.6,15.8,67.7,29550.99
2004-11-28,5.2,-9.0,-1.6,0.0,4.4,19.4,32625.21
2004-11-29,7.1,-4.2,1.1,0.0,5.5,14.4,29321.16
2004-11-30,8.3,-2.1,2.7,0.0,4.0,14.4,32400.0
2004-12-01,6.7,0.4,3.2,0.0,8.4,24.1,32492.14
2004-12-02,11.4,-0.9,4.3,0.0,3.6,17.6,32488.01
2004-12-03,11.3,-1.2,4.0,0.0,4.0,14.4,32400.0
2004-12-04,12.3,-1.0,4.7,0.0,4.1,14.4,32439.85
2004-12-05,13.5,0.5,6.9,0.0,3.3,15.8,32437.49
2004-12-06,12.0,6.8,8.9,0.0,7.0,22.0,32400.0
2004-12-07,10.8,0.1,6.1,0.0,6.9,19.4,32400.0
2004-12-08,6.7,1.5,4.0,8.6,9.0,40.0,26057.94
2004-12-09,8.5,-4.2,2.5,0.0,6.9,20.9,32400.0
2004-12-10,8.8,-2.6,3.2,0.0,4.8,18.0,28969.35
2004-12-11,10.4,0.8,5.5,3.3,6.6,43.9,29400.32
2004-12-12,8.5,1.0,4.5,0.0,6.6,23.4,28263.63
2004-12-13,7.5,-4.4,2.0,0.0,3.3,16.2,32333.08
2004-12-14,7.4,-1.5,2.2,0.0,5.5,18.4,32290.16
2004-12-15,6.3,-0.7,2.2,0.7,9.1,24.5,32248.69
2004-12-16,3.4,-3.8,-0.5,0.0,5.2,19.4,31633.88
2004-12-17,3.9,-7.2,-2.5,0.0,4.9,18.7,32170.52
2004-12-18,4.5,-6.2,-1.3,0.0,9.7,29.2,15389.94
2004-12-19,7.5,-2.7,1.6,0.5,9.4,25.6,29337.66
2004-12-20,8.3,-1.6,3.4,1.1,13.4,36.0,24815.99
2004-12-21,10.5,4.8,7.0,0.1,7.3,20.5,26861.71
2004-12-22,10.5,-0.5,4.8,0.0,7.4,23.0,32008.42
2004-12-23,10.0,0.6,5.2,0.0,8.9,25.6,30421.61
2004-12-24,6.6,2.0,4.4,5.2,12.0,31.7,0.0
2004-12-25,7.9,1.7,4.9,0.1,7.9,25.2,28800.0
2004-12-26,9.2,-1.6,3.1,0.0,7.2,24.5,31956.4
2004-12-27,13.0,-2.2,5.3,0.0,4.1,20.2,31936.96
2004-12-28,14.2,2.7,9.0,0.0,4.6,16.6,31571.21
2004-12-29,15.6,3.1,7.8,0.0,6.9,21.2,22833.0
2004-12-30,16.2,4.9,9.4,0.0,5.8,20.5,30703.68
2004-12-31,18.2,5.6,11.4,0.0,4.5,16.9,31830.62
2005-01-01,15.7,9.9,12.4,0.0,3.2,16.9,9385.83
2005-01-02,11.7,4.2,8.7,8.8,14.2,59.4,30108.6
2005-01-03,7.7,3.7,4.9,6.7,15.9,54.0,24646.32
2005-01-04,7.6,3.7,5.4,5.3,14.5,37.4,26864.22
2005-01-05,4.8,2.2,3.6,21.3,13.5,47.2,1333.24
2005-01-06,3.1,-2.8,0.5,0.0,11.0,33.8,32455.16
2005-01-07,5.8,-4.2,0.3,0.0,5.8,18.4,32220.61
2005-01-08,6.9,-4.4,0.4,0.0,6.6,21.2,32231.72
2005-01-09,5.6,-4.7,0.3,0.0,5.5,19.8,32426.68
2005-01-10,6.0,-1.3,1.5,0.0,10.6,30.2,32824.33
2005-01-11,8.8,-2.7,3.0,0.0,7.9,22.7,32857.26
2005-01-12,9.6,-2.9,2.7,0.0,3.9,17.3,33092.09
2005-01-13,11.9,-0.7,4.6,0.0,4.1,15.5,33162.57
2005-01-14,11.0,-1.0,4.1,0.0,7.3,24.1,30094.38
2005-01-15,9.1,1.4,4.6,1.4,10.6,29.9,24035.65
2005-01-16,9.0,1.4,4.9,0.6,11.7,29.2,29659.18
2005-01-17,7.1,-1.0,3.2,2.4,9.2,28.1,32844.1
2005-01-18,4.7,-1.8,1.5,2.1,13.5,34.9,31458.1
2005-01-19,5.2,0.2,2.3,1.6,15.8,41.8,10994.81
2005-01-20,8.7,0.2,4.2,0.0,6.6,20.2,32726.91
2005-01-21,8.6,-2.4,2.4,0.0,12.2,37.8,33817.75
2005-01-22,6.0,-1.2,2.6,4.1,11.3,43.6,19361.27
2005-01-23,5.0,-0.4,2.7,25.9,18.6,67.3,1289.86
2005-01-24,3.9,-3.0,0.9,6.0,20.7,74.2,31924.64
2005-01-25,5.8,-4.9,-0.3,0.0,6.1,17.3,34069.33
2005-01-26,9.4,-3.9,1.8,0.0,6.6,21.2,34298.34
2005-01-27,11.5,-1.6,4.4,0.0,4.4,18.0,34399.08
2005-01-28,14.7,0.8,6.5,0.0,5.9,19.8,34501.04
2005-01-29,16.0,1.1,7.7,0.0,9.0,31.0,34604.1
2005-01-30,15.8,6.2,11.2,1.8,13.8,41.8,34708.15
2005-01-31,7.4,2.3,5.3,2.0,22.0,51.1,29342.94
2005-02-01,5.8,2.1,4.0,18.9,19.8,71.6,18523.08
2005-02-02,6.0,-0.9,2.8,5.1,10.4,41.0,27559.9
2005-02-03,6.2,-3.6,1.2,4.5,9.5,40.0,33368.15
2005-02-04,2.2,-0.4,1.0,20.5,15.5,56.2,3108.36
2005-02-05,2.8,-1.2,0.7,14.6,15.5,56.2,28937.56
2005-02-06,2.2,-1.3,0.2,18.1,13.4,55.1,24113.32
2005-02-07,2.2,-4.0,-0.6,5.0,12.2,51.5,29494.35
2005-02-08,-0.1,-4.6,-2.5,6.5,12.6,46.1,35335.09
2005-02-09,-1.4,-12.0,-5.8,0.0,14.1,36.7,35396.24
2005-02-10,0.6,-14.9,-6.3,0.0,6.3,24.1,33343.57
2005-02-11,1.3,-9.4,-3.9,0.0,5.2,16.2,35658.85
2005-02-12,1.3,-8.8,-3.5,4.0,5.8,18.0,26655.9
2005-02-13,1.9,-9.6,-2.5,0.8,6.2,20.5,35638.11
2005-02-14,3.9,-7.4,-1.4,0.0,8.7,25.6,35722.76
2005-02-15,4.9,-6.5,-1.2,0.0,9.5,28.8,36126.08
2005-02-16,7.9,-2.5,2.7,0.0,8.2,25.2,23637.34
2005-02-17,14.5,2.3,7.9,0.0,5.6,20.9,36346.8
2005-02-18,16.3,3.1,9.0,0.0,8.0,25.2,36336.32
2005-02-19,17.7,9.5,13.1,0.0,14.3,42.8,35988.37
2005-02-20,11.5,4.8,7.8,5.8,15.0,59.0,26940.18
2005-02-21,7.9,1.3,4.6,0.0,12.8,36.0,36000.0
2005-02-22,9.4,-3.2,3.0,0.0,7.2,17.3,36817.7
2005-02-23,12.5,-2.2,5.4,0.0,6.3,23.8,37235.32
2005-02-24,12.6,5.8,8.5,0.1,5.3,20.2,35219.91
2005-02-25,11.5,3.7,7.4,0.7,5.2,18.4,36219.77
2005-02-26,13.7,0.7,7.0,0.0,7.9,22.0,36872.81
2005-02-27,13.6,3.2,8.2,0.0,14.6,43.2,29146.83
2005-02-28,10.5,3.9,7.4,0.0,14.3,40.0,36756.65
2005-03-01,15.9,3.3,10.8,0.0,19.5,53.6,37612.12
2005-03-02,18.5,5.5,12.8,0.0,15.0,39.2,36688.89
2005-03-03,16.3,5.3,11.6,6.4,18.0,60.8,32400.0
2005-03-04,9.3,2.1,5.8,1.9,16.9,46.1,35279.54
2005-03-05,14.0,0.8,7.0,0.0,6.4,21.6,38121.85
2005-03-06,15.3,4.9,10.7,0.7,9.5,29.5,26706.96
2005-03-07,16.6,9.7,12.9,1.3,14.9,42.8,37576.75
2005-03-08,15.5,7.7,10.6,7.4,21.2,68.8,32734.4
2005-03-09,9.7,3.8,7.0,1.1,17.8,51.1,35153.14
2005-03-10,7.4,2.4,4.6,6.6,14.1,55.4,25261.07
2005-03-11,7.0,1.0,3.6,2.7,14.1,36.7,36303.74
2005-03-12,6.4,-0.4,2.6,5.3,16.0,53.6,31366.21
2005-03-13,8.7,-5.5,2.1,0.0,4.9,22.0,38787.96
2005-03-14,11.4,-0.3,5.6,0.0,3.9,20.5,39226.38
2005-03-15,12.0,0.9,6.4,0.5,7.8,20.2,39215.03
2005-03-16,13.3,2.0,7.7,0.0,8.5,27.0,39680.17
2005-03-17,13.6,1.3,7.8,0.0,5.8,21.2,39769.49
2005-03-18,14.5,2.2,8.4,0.0,9.8,28.1,39959.14
2005-03-19,12.6,4.0,8.0,0.0,13.1,38.5,40152.67
2005-03-20,13.2,4.0,8.2,0.0,11.9,39.2,40454.68
2005-03-21,14.6,4.6,9.0,0.0,10.9,31.3,40123.09
2005-03-22,14.3,4.5,8.9,0.0,12.6,35.3,39557.62
2005-03-23,10.4,3.3,6.6,6.8,17.8,56.9,33047.75
2005-03-24,10.9,2.5,6.1,0.0,12.4,35.6,39423.89
2005-03-25,11.7,0.1,6.2,0.0,4.3,21.6,41039.4
2005-03-26,14.5,0.4,8.3,0.0,6.0,22.7,41168.17
2005-03-27,16.8,4.8,11.0,0.0,9.2,28.8,41299.67
2005-03-28,18.0,8.4,12.9,0.0,5.0,21.6,41314.32
2005-03-29,20.1,10.2,14.9,0.0,5.7,23.0,41207.15
2005-03-30,20.1,12.5,15.7,0.0,9.3,27.7,40973.37
2005-03-31,21.7,7.1,15.5,0.0,16.8,49.7,40266.42
2005-04-01,13.5,4.7,9.2,0.7,20.3,55.1,41366.07
2005-04-02,9.8,4.7,7.0,11.3,18.2,60.5,16108.96
2005-04-03,6.7,2.7,4.6,13.7,20.3,72.0,18021.6
2005-04-04,8.1,2.4,4.7,4.2,11.2,38.9,37407.61
2005-04-05,11.9,-2.6,5.6,0.0,6.7,20.9,41930.59
2005-04-06,11.4,0.5,6.0,0.0,12.9,38.5,42140.4
2005-04-07,17.3,-1.4,8.2,0.0,9.8,24.1,42454.52
2005-04-08,19.6,3.3,11.8,0.2,17.9,52.6,40933.01
2005-04-09,17.2,7.2,12.5,0.8,10.5,37.4,42470.37
2005-04-10,21.0,6.2,14.2,0.0,6.6,24.1,42922.29
2005-04-11,22.8,7.5,15.9,0.0,7.2,21.6,43088.39
2005-04-12,24.1,9.5,17.1,0.0,9.4,27.0,42919.71
2005-04-13,25.5,10.7,17.9,0.0,10.6,34.9,41755.33
2005-04-14,18.3,6.9,14.0,0.0,10.1,31.0,43499.2
2005-04-15,13.1,4.0,8.5,0.0,17.5,45.7,43323.97
2005-04-16,13.3,4.9,8.5,0.0,10.9,33.5,42426.23
2005-04-17,18.1,3.8,11.6,0.0,6.4,22.0,44194.79
2005-04-18,20.1,7.7,14.3,0.0,9.3,28.1,19406.41
2005-04-19,18.4,10.0,15.2,0.2,14.6,43.6,44421.88
2005-04-20,20.2,9.3,14.7,0.0,10.2,32.4,44499.55
2005-04-21,25.0,15.2,19.1,0.3,7.0,29.2,27140.2
2005-04-22,24.9,13.8,19.6,0.0,8.1,26.3,28201.94
2005-04-23,21.1,15.9,18.2,1.2,5.7,34.9,23908.93
2005-04-24,19.3,12.4,15.8,4.9,11.0,31.3,42605.74
2005-04-25,16.8,7.8,12.6,0.0,8.6,29.5,45076.7
2005-04-26,18.4,7.7,12.8,0.0,11.2,36.4,45183.52
2005-04-27,19.3,9.9,14.7,0.0,13.3,37.1,45289.7
2005-04-28,19.8,11.6,15.3,0.0,14.1,41.4,45395.13
2005-04-29,19.2,9.3,14.1,0.0,7.6,25.2,45499.73
2005-04-30,18.0,4.4,12.6,0.0,14.1,38.5,42335.33
2005-05-01,16.8,8.7,12.3,0.0,14.8,43.2,45706.11
2005-05-02,14.6,5.1,9.5,0.7,13.7,41.0,45807.71
2005-05-03,13.5,5.4,9.2,0.0,18.2,47.5,45908.14
2005-05-04,10.9,3.9,7.4,8.5,21.6,75.6,40325.5
2005-05-05,14.8,2.3,8.8,0.0,17.7,45.7,46105.12
2005-05-06,20.4,7.3,14.2,0.0,8.0,28.1,46201.48
2005-05-07,24.1,11.9,18.5,0.0,10.2,31.3,46296.31
2005-05-08,22.4,8.3,16.8,0.7,20.7,61.6,46375.52
2005-05-09,19.4,6.1,12.8,0.0,6.5,27.7,46424.67
2005-05-10,22.5,9.0,16.0,0.0,8.2,24.8,46472.31
2005-05-11,25.1,10.6,17.8,1.6,12.4,38.2,45689.31
2005-05-12,26.0,13.3,19.5,2.0,12.5,40.0,46562.77
2005-05-13,24.8,15.9,20.0,0.0,13.9,40.7,46605.76
2005-05-14,21.8,14.2,17.7,0.0,15.4,41.0,46647.51
2005-05-15,20.9,11.2,16.1,0.0,13.1,36.0,46687.98
2005-05-16,22.1,6.9,15.7,0.0,5.4,24.8,46727.18
2005-05-17,24.5,10.6,18.5,0.0,8.0,24.1,46765.07
2005-05-18,27.1,15.5,21.3,0.0,9.0,25.2,46800.0
2005-05-19,27.3,16.2,22.1,0.0,11.9,33.1,46800.0
2005-05-20,29.0,15.9,22.7,0.0,10.3,26.3,46800.0
2005-05-21,27.9,16.1,22.1,0.0,7.2,22.7,45897.06
2005-05-22,26.0,15.8,20.6,0.0,7.5,30.2,46800.0
2005-05-23,21.0,10.5,15.5,0.0,10.9,32.0,46800.0
2005-05-24,20.1,8.9,14.5,0.0,11.6,33.5,46800.0
2005-05-25,21.6,8.1,15.1,0.0,12.2,34.6,46800.0
2005-05-26,23.8,11.2,17.7,0.0,9.2,28.1,46800.0
2005-05-27,24.1,14.2,18.7,0.1,18.0,52.6,46800.0
2005-05-28,20.5,10.1,15.7,0.0,14.6,39.6,46800.0
2005-05-29,21.7,13.7,17.4,0.1,15.5,49.7,46800.0
2005-05-30,18.8,10.2,14.8,0.1,13.1,34.2,46800.0
2005-05-31,19.6,10.1,14.8,0.3,15.5,41.8,46800.0
2005-06-01,19.3,11.3,15.1,0.7,13.8,39.2,46800.0
2005-06-02,20.1,10.3,15.4,0.0,10.8,30.6,46800.0
2005-06-03,22.2,9.4,16.8,0.5,6.5,25.9,46800.0
2005-06-04,22.4,11.6,17.3,0.2,10.8,29.5,46800.0
2005-06-05,20.9,12.8,16.9,0.9,12.9,36.4,46800.0
2005-06-06,25.0,8.2,18.2,0.0,5.2,24.1,46800.0
2005-06-07,28.4,14.2,22.0,0.0,6.1,24.8,46800.0
2005-06-08,27.8,18.1,22.8,0.0,10.2,28.8,46800.0
2005-06-09,26.0,15.4,20.1,0.0,10.9,32.8,46863.71
2005-06-10,25.1,13.3,18.6,0.0,11.3,31.3,46860.61
2005-06-11,24.4,12.8,18.4,0.0,15.3,41.8,46954.73
2005-06-12,23.9,12.9,18.2,0.0,19.2,52.6,46952.94
2005-06-13,26.0,13.9,20.6,0.0,15.6,46.4,46851.32
2005-06-14,27.2,18.7,22.7,0.0,10.6,33.5,46949.27
2005-06-15,24.6,14.6,19.4,0.0,11.9,33.5,46947.43
2005-06-16,26.5,11.5,19.6,0.0,6.4,25.2,46945.64
2005-06-17,28.6,16.6,22.6,0.0,9.4,27.0,47047.82
2005-06-18,27.8,17.2,21.9,0.0,12.9,35.6,47046.98
2005-06-19,27.5,16.8,21.8,0.0,17.0,42.1,47046.16
2005-06-20,26.2,15.1,20.7,0.0,21.8,59.4,47045.37
2005-06-21,25.2,15.0,20.0,0.0,17.0,45.7,47151.36
2005-06-22,24.8,14.1,19.2,0.0,12.3,36.7,47043.89
2005-06-23,27.8,10.9,20.7,0.0,5.1,27.4,47043.18
2005-06-24,28.8,18.1,23.2,0.0,10.9,32.0,47258.73
2005-06-25,27.6,16.1,21.4,0.0,12.9,34.2,47258.79
2005-06-26,26.0,15.0,20.0,0.0,14.2,38.9,47150.03
2005-06-27,26.9,14.4,20.7,0.0,9.3,33.5,47149.73
2005-06-28,27.6,16.2,21.5,0.0,9.4,31.0,47149.44
2005-06-29,26.2,12.1,19.9,0.0,13.4,34.9,47258.37
2005-06-30,26.4,14.4,20.1,0.0,12.1,38.2,47148.89
2005-07-01,26.9,16.9,21.5,0.0,15.8,43.2,47148.65
2005-07-02,28.9,17.9,22.9,0.0,15.1,43.2,47257.5
2005-07-03,29.5,19.3,24.1,0.0,17.0,46.4,47257.11
2005-07-04,29.1,17.9,23.9,0.0,17.5,51.5,47148.05
2005-07-05,21.8,12.5,17.3,0.0,16.9,46.4,47039.6
2005-07-06,25.9,12.6,19.0,0.0,11.0,32.0,47039.88
2005-07-07,27.9,13.3,21.4,0.0,7.6,27.7,46932.85
2005-07-08,28.5,15.1,22.3,0.0,8.4,29.2,47040.69
2005-07-09,29.7,17.7,23.5,0.0,10.5,33.5,47121.03
2005-07-10,30.9,19.9,25.1,0.0,14.5,41.4,47090.81
2005-07-11,31.3,21.0,25.6,0.0,15.0,40.3,47060.31
2005-07-12,32.4,21.1,26.0,0.0,13.8,39.6,47028.99
2005-07-13,32.4,21.2,26.2,0.0,17.0,46.1,46996.62
2005-07-14,29.3,19.1,23.8,0.0,17.0,47.2,46963.23
2005-07-15,27.3,16.3,21.4,0.0,12.3,36.4,46828.59
2005-07-16,28.2,15.1,21.6,0.0,6.8,26.6,46596.59
2005-07-17,28.5,18.2,23.0,0.0,8.7,28.8,45530.39
2005-07-18,30.1,17.3,23.7,0.0,9.1,29.2,46628.02
2005-07-19,31.1,18.4,24.7,0.0,6.3,27.0,46593.28
2005-07-20,31.8,20.6,25.8,0.0,6.5,27.0,46557.93
2005-07-21,31.7,20.1,25.5,0.0,10.1,30.2,46522.02
2005-07-22,31.6,21.0,25.8,0.0,13.7,41.8,46485.56
2005-07-23,29.1,17.0,23.5,0.0,14.2,41.0,46448.6
2005-07-24,27.5,14.8,20.7,0.0,13.4,39.2,46325.96
2005-07-25,29.2,15.9,22.4,0.0,11.2,30.2,46212.74
2005-07-26,30.5,15.6,23.7,0.0,8.8,29.2,46173.84
2005-07-27,31.1,16.8,24.6,0.0,9.5,31.3,46139.66
2005-07-28,31.4,20.3,25.2,0.0,12.5,38.2,46105.59
2005-07-29,31.4,20.8,25.5,0.0,11.1,30.2,46056.9
2005-07-30,30.4,19.7,24.4,0.0,11.9,32.8,46018.05
2005-07-31,29.0,18.1,23.1,0.0,13.0,36.7,45979.34
2005-08-01,27.3,17.5,21.7,0.0,13.3,37.1,45940.5
2005-08-02,27.6,16.8,21.9,0.0,16.0,43.2,45901.35
2005-08-03,28.0,17.5,22.4,0.0,10.1,31.7,45861.95
2005-08-04,28.0,15.9,22.9,0.2,10.5,33.8,45725.03
2005-08-05,30.1,20.2,24.6,0.0,11.6,32.0,45782.42
2005-08-06,29.2,20.4,24.1,0.0,15.5,42.5,45742.38
2005-08-07,24.8,13.9,19.5,0.0,16.1,44.6,45702.18
2005-08-08,24.4,14.0,18.4,0.0,16.2,45.4,41101.3
2005-08-09,28.2,13.8,20.6,0.0,11.9,34.6,45621.45
2005-08-10,29.2,14.3,21.6,0.0,10.6,31.7,45580.97
2005-08-11,29.2,15.9,22.2,0.0,10.1,32.4,45540.45
2005-08-12,30.8,18.3,24.4,0.0,8.3,29.5,45499.91
2005-08-13,32.9,22.4,27.1,0.0,10.1,31.0,45459.37
2005-08-14,33.4,23.2,27.7,0.0,12.3,33.5,45401.5
2005-08-15,32.7,22.4,26.9,0.0,11.6,34.2,45297.59
2005-08-16,32.8,21.4,26.5,0.0,10.9,31.0,45193.02
2005-08-17,31.9,20.3,25.5,0.0,9.4,28.4,45087.85
2005-08-18,31.9,19.9,25.3,0.0,10.0,30.2,44982.18
2005-08-19,31.9,19.7,25.2,0.0,12.0,33.1,44876.08
2005-08-20,30.4,17.4,23.0,0.0,11.2,32.8,44769.4
2005-08-21,29.2,17.6,22.6,0.0,11.9,35.6,44661.42
2005-08-22,31.0,15.9,23.5,0.0,5.4,26.3,44552.14
2005-08-23,31.5,15.5,23.8,0.0,8.9,29.5,44441.62
2005-08-24,30.8,18.9,24.0,0.0,11.2,33.1,44329.98
2005-08-25,28.5,16.8,21.9,0.0,11.9,35.3,44217.28
2005-08-26,28.5,14.7,21.3,0.0,7.6,26.6,44103.61
2005-08-27,28.5,14.0,21.2,0.0,8.4,29.9,43853.88
2005-08-28,28.6,14.6,21.2,0.0,9.0,29.5,43873.68
2005-08-29,29.7,12.1,22.1,0.0,9.1,28.8,42889.57
2005-08-30,30.8,16.3,23.6,0.0,8.6,31.0,43358.5
2005-08-31,29.6,17.9,23.3,0.0,9.2,28.8,43159.45
2005-09-01,28.9,17.2,22.6,0.0,11.3,33.8,42962.9
2005-09-02,27.3,17.1,21.8,0.0,16.2,44.3,42768.93
2005-09-03,25.8,16.3,20.4,0.0,20.2,59.0,42063.04
2005-09-04,24.8,16.0,19.6,0.0,16.6,47.2,42288.42
2005-09-05,25.5,11.2,18.8,0.0,7.9,27.0,41432.78
2005-09-06,26.8,14.6,20.9,0.0,7.2,26.3,41610.84
2005-09-07,27.7,15.9,21.6,0.0,9.8,28.4,41802.92
2005-09-08,28.6,16.1,21.7,0.0,9.5,28.4,41539.55
2005-09-09,28.0,16.5,21.5,0.0,7.9,28.1,41081.28
2005-09-10,26.7,12.5,20.0,0.0,11.4,31.3,40864.04
2005-09-11,26.2,14.2,19.8,0.0,7.0,25.9,40422.55
2005-09-12,26.8,14.2,20.7,0.0,5.9,25.2,40121.84
2005-09-13,28.7,16.6,22.4,0.0,7.2,24.8,40248.44
2005-09-14,28.7,17.9,22.6,0.0,9.8,28.4,40149.92
2005-09-15,28.5,17.4,22.3,0.0,9.1,28.8,39979.51
2005-09-16,29.5,15.8,22.8,0.0,7.4,27.0,39895.82
2005-09-17,27.3,17.6,21.7,0.5,11.4,37.1,39679.0
2005-09-18,25.4,13.8,19.4,0.0,10.4,31.3,39600.0
2005-09-19,27.3,13.8,20.6,0.0,8.6,29.2,39615.57
2005-09-20,28.9,12.8,21.6,0.0,8.8,30.6,39619.77
2005-09-21,28.6,19.4,23.3,0.0,14.2,39.2,39623.55
2005-09-22,29.5,20.5,24.1,0.0,12.6,35.6,39600.0
2005-09-23,25.1,15.2,20.2,0.0,14.5,40.0,39600.0
2005-09-24,23.2,10.7,17.0,0.0,9.0,27.0,39600.0
2005-09-25,23.4,13.2,17.6,0.0,10.7,31.7,39600.0
2005-09-26,25.8,11.0,19.4,0.0,14.0,37.8,39600.0
2005-09-27,23.9,14.3,19.0,0.0,14.8,40.0,39600.0
2005-09-28,22.0,12.6,16.7,0.0,14.8,40.0,39600.0
2005-09-29,19.5,12.7,15.5,1.2,18.7,54.0,39600.0
2005-09-30,22.9,10.5,16.7,0.0,10.5,29.2,39524.04
2005-10-01,23.5,11.1,17.4,0.0,8.7,28.1,39442.16
2005-10-02,24.9,12.1,18.6,0.0,12.0,33.5,39360.01
2005-10-03,25.6,16.4,20.3,0.0,18.4,50.0,39277.69
2005-10-04,23.4,12.0,17.7,0.0,7.9,28.8,39195.31
2005-10-05,23.8,12.1,17.7,0.0,4.7,25.9,39112.96
2005-10-06,24.2,13.8,18.7,0.0,6.1,25.2,39030.74
2005-10-07,23.4,14.7,18.6,0.0,6.1,23.8,38946.42
2005-10-08,23.0,14.8,18.3,0.2,5.4,24.1,37695.75
2005-10-09,23.6,13.5,18.2,0.0,5.0,24.8,38689.83
2005-10-10,24.9,12.2,18.4,0.0,7.4,29.2,38522.74
2005-10-11,24.9,13.8,18.8,0.3,9.7,33.5,38433.77
2005-10-12,25.6,11.3,19.1,0.0,4.1,25.2,38306.18
2005-10-13,27.6,13.2,20.9,0.0,5.6,29.5,38179.02
2005-10-14,24.7,15.6,20.1,0.0,11.3,33.8,38052.36
2005-10-15,23.1,12.4,17.2,0.0,10.6,32.4,37926.32
2005-10-16,20.8,11.2,15.1,4.1,15.4,62.3,37801.0
2005-10-17,16.9,9.2,12.5,2.1,14.5,59.4,36200.22
2005-10-18,19.0,8.0,13.2,0.0,10.4,31.0,37040.72
2005-10-19,13.8,8.6,10.9,6.4,15.7,56.9,32100.56
2005-10-20,13.6,8.1,10.3,0.3,11.3,29.9,35869.17
2005-10-21,14.5,3.7,9.2,0.0,6.5,23.0,37183.91
2005-10-22,16.9,2.0,9.4,0.0,6.6,23.8,37060.55
2005-10-23,18.9,3.3,10.7,0.0,6.7,23.0,36820.0
2005-10-24,21.1,6.6,13.6,0.0,5.0,22.0,36511.04
2005-10-25,21.6,10.0,15.3,0.0,4.1,21.6,36323.96
2005-10-26,22.3,9.3,15.3,0.0,4.8,22.0,36140.51
2005-10-27,22.8,11.0,16.5,0.0,5.8,23.4,35960.89
2005-10-28,22.0,13.0,16.5,0.0,9.7,29.2,35889.3
2005-10-29,18.2,10.9,13.7,0.0,13.0,37.8,35412.41
2005-10-30,14.2,9.5,11.3,7.8,14.1,52.2,23843.73
2005-10-31,10.9,5.8,8.4,4.7,11.6,45.4,25993.93
2005-11-01,12.9,2.6,7.7,0.0,7.6,25.9,35037.42
2005-11-02,12.0,6.7,8.7,0.1,14.3,36.4,33637.85
2005-11-03,13.6,4.3,8.6,0.0,7.0,22.7,19470.61
2005-11-04,11.0,3.7,7.1,12.2,17.1,65.5,23875.83
2005-11-05,10.8,5.9,7.8,5.9,14.0,48.2,27609.22
2005-11-06,11.7,3.4,7.6,3.0,11.2,33.1,32166.23
2005-11-07,10.4,6.7,8.1,13.2,11.3,37.4,18584.94
2005-11-08,12.6,5.0,8.2,0.0,10.5,31.7,33197.82
2005-11-09,13.8,1.4,7.5,0.0,4.6,18.4,33822.86
2005-11-10,14.3,1.9,7.7,0.0,4.0,17.6,34208.98
2005-11-11,15.0,4.1,9.1,0.0,3.6,19.1,34151.96
2005-11-12,14.3,3.6,9.1,0.0,6.8,22.7,34093.86
2005-11-13,15.1,3.6,9.0,0.0,4.3,20.2,33995.39
2005-11-14,15.9,4.3,9.6,0.0,4.7,19.1,33934.68
2005-11-15,15.1,4.3,9.6,0.0,7.4,21.6,32400.0
2005-11-16,13.3,7.4,9.8,0.0,8.8,23.4,33185.82
2005-11-17,13.4,2.2,8.0,0.0,5.1,20.5,32400.0
2005-11-18,14.1,4.8,9.2,0.2,6.0,31.3,32960.53
2005-11-19,15.1,6.6,10.4,0.0,4.8,20.2,33049.9
2005-11-20,12.4,7.4,9.4,2.5,14.3,42.1,29418.8
2005-11-21,9.1,4.5,7.4,10.0,11.4,46.8,19625.37
2005-11-22,7.6,0.4,4.7,2.1,11.9,31.0,29631.66
2005-11-23,10.6,-2.4,3.4,0.0,9.4,29.2,32740.54
2005-11-24,14.4,0.2,6.1,0.0,6.2,20.5,32973.15
2005-11-25,16.6,2.1,8.4,0.0,5.5,18.4,32801.13
2005-11-26,19.8,6.0,12.5,0.0,3.6,14.4,31789.1
2005-11-27,20.7,10.5,15.0,0.0,4.1,14.4,22255.23
2005-11-28,21.8,10.3,15.5,0.0,4.3,18.0,32400.0
2005-11-29,21.9,12.4,16.9,0.0,5.7,21.6,31313.02
2005-11-30,17.6,10.0,14.1,0.0,9.9,27.0,32400.0
2005-12-01,18.1,9.5,13.0,0.0,4.6,15.8,32493.52
2005-12-02,21.7,8.7,15.0,0.0,5.1,13.0,29365.56
2005-12-03,21.2,12.5,16.5,0.0,4.3,18.7,19442.12
2005-12-04,20.1,13.2,15.9,0.0,8.0,24.1,32440.35
2005-12-05,16.1,7.6,12.3,0.0,5.8,20.2,32400.0
2005-12-06,16.5,4.1,9.3,0.0,6.7,16.2,32406.14
2005-12-07,19.3,4.3,10.5,0.0,6.6,17.6,32407.0
2005-12-08,20.4,6.3,12.2,0.0,6.3,20.5,32400.0
2005-12-09,19.1,7.4,12.3,0.0,6.3,21.6,32400.0
2005-12-10,18.3,6.3,11.3,0.0,5.9,18.4,30437.78
2005-12-11,18.4,7.2,11.9,0.0,5.4,16.6,28358.77
2005-12-12,18.0,9.5,13.0,0.0,4.4,13.0,23939.64
2005-12-13,18.2,8.3,12.2,0.0,5.2,15.1,28585.46
2005-12-14,18.9,8.1,12.6,0.0,5.6,19.8,32296.42
2005-12-15,16.2,7.8,11.5,1.6,12.9,43.6,32256.2
2005-12-16,8.0,4.8,6.3,7.9,16.9,54.4,7304.97
2005-12-17,10.6,5.3,7.0,0.8,14.5,40.3,25812.04
2005-12-18,11.5,2.9,6.8,0.0,13.0,32.0,31446.89
2005-12-19,10.8,2.4,6.1,0.0,14.7,39.6,29228.86
2005-12-20,8.2,4.1,5.8,2.2,9.4,27.4,18877.15
2005-12-21,6.5,1.8,3.9,0.0,12.6,35.6,28402.57
2005-12-22,8.5,-0.8,3.9,0.0,5.6,19.4,31606.83
2005-12-23,5.0,2.4,3.4,7.1,14.4,55.4,25888.68
2005-12-24,2.9,-0.3,1.7,25.8,9.1,37.8,0.0
2005-12-25,1.1,-2.6,-0.9,8.7,15.1,52.9,20748.75
2005-12-26,2.9,-3.3,-0.1,0.0,8.9,28.8,31920.73
2005-12-27,5.7,-8.1,-0.8,0.0,4.7,16.2,29846.9
2005-12-28,5.5,-6.9,-1.0,0.0,7.0,21.2,31878.8
2005-12-29,7.4,-3.9,1.0,0.6,6.5,19.8,16384.38
2005-12-30,10.6,-1.9,3.5,0.0,5.8,16.2,31843.99
2005-12-31,11.9,0.0,5.4,0.0,5.4,16.6,27980.86
2006-01-01,13.6,1.9,7.0,0.0,4.7,16.2,16090.97
2006-01-02,13.7,2.4,7.8,0.0,4.0,16.9,32041.92
2006-01-03,11.6,-0.7,4.3,0.0,8.1,23.4,31797.95
2006-01-04,11.2,-0.6,4.7,1.2,11.2,49.7,29990.23
2006-01-05,13.0,3.1,7.3,1.1,10.9,48.2,31354.47
2006-01-06,15.0,2.9,8.8,0.0,5.2,21.2,32205.0
2006-01-07,9.5,3.2,6.2,2.1,11.7,37.1,31797.55
2006-01-08,6.0,2.4,3.8,6.4,12.2,45.4,28575.07
2006-01-09,7.3,-1.2,3.1,0.0,10.1,29.2,31881.15
2006-01-10,6.0,1.1,3.1,3.1,9.7,28.8,26052.71
2006-01-11,5.2,0.9,2.6,2.7,7.7,22.0,11690.22
2006-01-12,5.8,0.6,2.9,0.4,16.9,43.6,27050.01
2006-01-13,6.2,-2.4,1.8,1.6,5.1,21.6,24504.8
2006-01-14,5.9,-1.8,2.0,0.4,8.1,29.2,30785.27
2006-01-15,5.1,-1.7,1.8,3.0,6.2,23.0,30963.4
2006-01-16,6.1,-5.4,0.6,0.0,8.0,23.0,33375.43
2006-01-17,4.4,-2.3,0.9,2.0,9.7,26.3,33183.27
2006-01-18,4.8,-0.6,1.5,7.2,16.9,54.4,27204.28
2006-01-19,6.0,0.6,3.0,2.4,8.7,27.7,30878.69
2006-01-20,6.1,1.4,3.5,9.1,22.6,77.4,22532.93
2006-01-21,7.0,-4.5,1.8,0.6,13.4,56.2,33800.72
2006-01-22,10.7,-1.8,4.3,0.8,6.0,32.8,30133.57
2006-01-23,11.7,3.6,6.5,3.1,17.4,54.4,32403.23
2006-01-24,10.4,2.5,6.1,0.0,11.2,30.6,29085.14
2006-01-25,9.7,1.8,4.9,8.2,14.5,58.7,28533.02
2006-01-26,5.6,1.4,3.3,8.7,12.0,47.9,28852.21
2006-01-27,4.6,1.3,2.4,4.9,15.2,39.2,30887.37
2006-01-28,4.3,-0.6,1.8,3.7,11.2,32.4,33023.25
2006-01-29,6.1,-6.7,-0.0,0.0,6.6,21.6,34569.08
2006-01-30,6.1,-4.7,0.8,0.0,5.9,22.0,34673.69
2006-01-31,7.3,-3.2,1.4,0.0,5.4,19.8,33061.61
2006-02-01,11.6,-2.7,4.1,0.0,7.6,22.7,28800.0
2006-02-02,10.9,2.6,6.2,1.3,9.1,37.8,5260.73
2006-02-03,8.2,3.1,5.3,4.8,10.8,36.0,31700.24
2006-02-04,8.1,2.1,4.9,0.0,15.8,43.6,30464.98
2006-02-05,10.4,-1.5,4.5,0.0,5.8,22.3,35135.85
2006-02-06,11.1,0.0,5.4,0.0,8.3,30.2,35198.15
2006-02-07,12.3,0.9,6.6,0.0,11.2,32.8,35260.23
2006-02-08,9.4,1.0,4.5,7.4,17.4,69.1,33617.96
2006-02-09,4.0,0.4,2.1,15.6,19.4,67.3,14193.41
2006-02-10,7.8,1.0,3.8,0.3,9.5,32.8,33301.46
2006-02-11,9.3,-2.0,3.6,0.0,8.4,24.1,31448.7
2006-02-12,8.7,0.4,4.4,0.0,8.5,27.7,32434.78
2006-02-13,6.2,2.4,4.3,4.3,15.7,48.6,22980.89
2006-02-14,6.7,1.1,3.7,1.4,13.4,38.5,34821.82
2006-02-15,3.8,-1.8,0.9,14.5,18.7,69.1,33408.12
2006-02-16,0.0,-6.4,-3.1,10.2,19.0,59.4,35800.45
2006-02-17,1.9,-4.1,-1.2,0.0,10.7,26.6,30913.09
2006-02-18,7.5,-6.9,0.4,0.0,7.0,17.6,36397.69
2006-02-19,8.6,-2.2,2.4,0.0,8.4,25.2,35253.55
2006-02-20,12.2,0.4,5.3,0.7,8.0,24.5,36241.27
2006-02-21,11.5,1.9,6.8,0.6,5.7,25.2,36424.69
2006-02-22,12.7,0.1,6.1,0.0,5.9,18.7,36045.2
2006-02-23,14.7,1.6,7.5,0.0,6.8,20.9,37326.05
2006-02-24,14.3,-1.7,6.5,0.0,8.1,25.9,37399.15
2006-02-25,17.6,4.3,11.7,1.0,14.5,63.4,36335.99
2006-02-26,14.7,8.1,11.1,0.0,12.6,37.8,36103.46
2006-02-27,13.6,4.0,9.1,0.0,8.0,27.4,37557.96
2006-02-28,16.6,5.8,10.2,0.0,7.7,22.3,37699.04
2006-03-01,14.0,4.4,10.0,0.0,15.5,47.2,37775.39
2006-03-02,12.3,0.9,6.8,0.0,9.8,30.2,37414.62
2006-03-03,14.8,5.1,9.3,0.0,11.9,35.3,37959.47
2006-03-04,14.6,5.6,9.6,0.0,9.0,27.0,38093.91
2006-03-05,12.8,3.8,7.7,0.0,14.0,39.2,37705.57
2006-03-06,14.9,-1.5,7.1,0.0,9.2,21.2,38313.65
2006-03-07,16.4,0.0,8.5,0.0,12.9,35.3,33769.17
2006-03-08,13.1,4.2,9.9,0.9,12.9,51.1,3060.97
2006-03-09,5.4,0.9,3.3,17.4,19.3,71.6,16473.76
2006-03-10,4.7,0.8,2.2,6.3,14.4,56.5,34005.23
2006-03-11,9.7,-6.2,2.0,0.0,7.9,20.5,38865.54
2006-03-12,13.5,-0.8,6.1,0.0,11.5,32.0,38003.38
2006-03-13,15.8,1.9,8.7,0.0,14.5,39.2,39119.43
2006-03-14,14.5,5.1,10.0,0.0,17.8,49.7,39295.4
2006-03-15,8.6,2.2,4.8,5.3,15.5,55.4,32027.84
2006-03-16,10.9,-0.7,4.9,0.0,9.8,28.4,39182.5
2006-03-17,10.4,0.5,5.7,0.0,9.1,25.9,39066.22
2006-03-18,10.6,0.8,6.0,0.0,12.7,33.8,38320.36
2006-03-19,13.7,3.5,7.8,1.0,23.0,66.6,38147.48
2006-03-20,12.6,4.3,8.1,0.0,12.5,48.6,36628.46
2006-03-21,17.1,7.3,11.6,0.0,22.9,64.4,40533.25
2006-03-22,15.5,4.2,10.0,0.0,6.1,27.7,40519.81
2006-03-23,20.3,5.4,13.2,0.0,5.4,20.9,40831.98
2006-03-24,22.3,8.5,14.5,0.0,16.6,51.1,39600.0
2006-03-25,9.7,4.6,7.1,3.0,18.6,49.0,37132.14
2006-03-26,10.8,4.8,7.4,1.0,12.5,34.9,38879.17
2006-03-27,12.7,2.1,7.7,0.1,5.9,24.5,39329.68
2006-03-28,13.1,4.7,8.3,5.1,6.9,25.2,36923.09
2006-03-29,13.1,4.6,8.7,0.0,12.4,33.8,41325.3
2006-03-30,14.9,3.0,9.0,0.0,9.4,28.8,41506.82
2006-03-31,18.3,7.7,12.7,0.0,8.7,25.9,40359.83
2006-04-01,15.3,6.8,10.1,30.3,8.9,33.5,21482.49
2006-04-02,11.9,6.5,8.7,10.5,14.5,49.0,28175.59
2006-04-03,12.2,5.6,8.3,4.0,15.8,52.2,39405.53
2006-04-04,11.5,0.7,6.5,9.5,13.9,59.4,34951.04
2006-04-05,8.9,4.9,6.7,7.9,14.7,46.4,35718.8
2006-04-06,12.0,4.3,7.8,0.6,8.5,23.0,38940.89
2006-04-07,16.3,2.1,9.8,0.0,6.2,23.8,42353.06
2006-04-08,19.5,5.5,13.2,0.0,7.6,24.8,41433.48
2006-04-09,20.9,8.6,14.8,0.0,9.1,34.2,41977.28
2006-04-10,15.3,8.4,11.6,0.0,9.8,28.8,42383.31
2006-04-11,14.7,5.9,10.1,0.0,7.5,27.7,42031.33
2006-04-12,17.6,4.5,11.8,0.0,8.4,28.8,42947.43
2006-04-13,22.9,12.4,18.1,0.0,10.2,31.0,40790.34
2006-04-14,25.3,11.1,19.2,0.0,16.3,48.6,43483.62
2006-04-15,23.7,10.2,15.8,0.0,13.4,41.8,36596.98
2006-04-16,13.5,4.3,9.7,1.3,8.2,27.0,41613.39
2006-04-17,17.0,4.8,10.9,0.0,15.0,40.0,42815.21
2006-04-18,19.6,8.4,13.8,0.0,8.4,27.4,43973.0
2006-04-19,23.2,6.3,16.6,0.0,4.7,20.5,44388.27
2006-04-20,24.3,13.1,19.3,0.0,10.3,30.6,43965.22
2006-04-21,19.6,11.2,16.1,0.0,13.8,39.2,41746.25
2006-04-22,22.3,9.5,16.1,0.0,11.6,37.8,44722.99
2006-04-23,20.1,8.0,14.5,0.1,18.2,51.5,43315.33
2006-04-24,12.5,7.1,9.2,7.6,16.6,51.5,32676.37
2006-04-25,11.7,6.4,8.8,7.0,15.5,46.8,37604.4
2006-04-26,14.7,3.0,9.1,0.0,12.3,34.2,44996.41
2006-04-27,16.4,1.4,10.2,0.0,8.0,27.7,45267.98
2006-04-28,21.0,7.0,14.5,0.0,9.5,31.3,44616.89
2006-04-29,23.3,13.3,18.1,0.0,19.1,54.4,45479.47
2006-04-30,18.7,9.9,14.9,0.0,12.3,36.0,45583.49
2006-05-01,20.3,7.7,14.4,0.0,6.5,24.1,39580.07
2006-05-02,20.1,11.2,15.5,0.3,10.7,36.4,45336.97
2006-05-03,18.1,4.8,12.4,0.0,12.3,34.6,45887.44
2006-05-04,20.7,2.4,13.4,0.0,8.9,30.2,45985.75
2006-05-05,18.6,10.9,14.8,0.0,12.2,34.2,46082.4
2006-05-06,21.2,7.8,15.5,0.0,10.6,31.0,46177.29
2006-05-07,24.1,11.1,18.2,2.9,16.5,52.2,46270.42
2006-05-08,18.0,9.1,13.5,0.0,12.4,35.3,46360.74
2006-05-09,17.3,6.2,11.8,0.0,9.8,31.7,46409.16
2006-05-10,19.9,4.0,13.0,0.0,6.6,23.8,46456.48
2006-05-11,22.3,7.8,15.8,0.0,6.9,23.4,46502.67
2006-05-12,24.7,10.8,18.0,0.0,7.6,23.8,46547.71
2006-05-13,24.4,14.7,19.1,0.0,14.0,40.3,46591.56
2006-05-14,22.3,14.0,18.1,0.0,13.0,38.2,46634.21
2006-05-15,22.3,9.4,16.1,0.0,8.0,25.2,46675.62
2006-05-16,19.2,8.0,13.9,0.0,12.6,35.6,46715.77
2006-05-17,16.9,7.7,12.2,0.0,15.0,41.8,46754.62
2006-05-18,19.2,8.1,13.7,0.0,12.6,32.8,46792.14
2006-05-19,21.4,4.9,14.6,0.0,5.9,27.7,45879.7
2006-05-20,21.1,11.3,15.8,4.0,6.7,31.0,37258.41
2006-05-21,22.8,9.4,16.8,0.0,10.2,34.2,46800.0
2006-05-22,23.7,14.2,18.5,0.0,13.2,36.4,46800.0
2006-05-23,26.3,14.7,20.3,0.0,6.0,27.4,46800.0
2006-05-24,28.7,15.6,22.9,0.0,7.1,24.1,46800.0
2006-05-25,29.5,15.6,23.5,0.0,8.5,28.8,46800.0
2006-05-26,28.7,20.1,23.8,0.0,13.3,40.0,46800.0
2006-05-27,25.9,18.1,21.7,0.0,13.2,36.0,46800.0
2006-05-28,27.1,16.8,21.5,0.0,6.9,27.0,46800.0
2006-05-29,28.3,14.5,22.1,0.0,6.4,25.9,46800.0
2006-05-30,29.9,15.2,23.5,0.0,6.2,27.4,46800.0
2006-05-31,30.2,19.6,24.8,1.1,6.6,29.2,46800.0
2006-06-01,30.2,17.7,24.2,0.0,6.2,29.9,46800.0
2006-06-02,30.6,20.0,25.2,0.0,6.2,30.6,46800.0
2006-06-03,31.6,21.7,26.1,0.0,9.5,28.1,46800.0
2006-06-04,31.8,22.7,26.9,0.0,13.4,37.8,46800.0
2006-06-05,32.6,22.3,26.9,0.0,14.5,43.6,46800.0
2006-06-06,32.2,19.7,25.8,0.0,16.2,46.8,46872.78
2006-06-07,27.5,17.7,23.1,0.0,17.5,50.4,46869.84
2006-06-08,24.8,13.6,19.3,0.0,13.4,40.3,46959.64
2006-06-09,23.7,12.4,17.5,0.0,10.1,33.1,46863.77
2006-06-10,24.3,10.4,17.7,0.0,7.6,27.4,46860.7
2006-06-11,24.3,13.7,18.4,0.0,9.1,29.2,46857.65
2006-06-12,26.5,9.7,19.0,0.0,9.0,28.4,46953.1
2006-06-13,28.0,15.3,21.8,0.0,12.2,33.5,46951.36
2006-06-14,26.9,17.9,22.1,0.0,14.4,41.8,46949.64
2006-06-15,25.3,12.7,19.3,0.0,8.7,28.4,47049.7
2006-06-16,26.2,12.6,19.6,0.0,8.5,28.4,46946.31
2006-06-17,27.1,10.1,20.2,0.0,7.4,27.7,47048.22
2006-06-18,28.1,14.9,22.0,0.0,6.8,28.1,47047.43
2006-06-19,29.6,18.7,23.9,0.0,8.4,27.7,47151.74
2006-06-20,30.2,18.4,24.0,0.0,8.1,28.1,47045.76
2006-06-21,29.4,18.7,23.3,0.0,9.6,31.3,47151.42
2006-06-22,27.5,16.0,21.4,0.0,12.2,32.8,47151.18
2006-06-23,27.6,16.6,21.8,0.0,12.2,36.7,47150.91
2006-06-24,30.0,19.1,24.2,0.0,12.3,35.6,47150.61
2006-06-25,30.0,19.4,24.2,0.0,11.2,33.1,47150.3
2006-06-26,29.1,18.3,23.3,0.0,12.4,33.1,47258.82
2006-06-27,27.6,17.6,22.0,0.0,14.1,38.9,47258.76
2006-06-28,26.6,15.0,21.1,0.0,12.6,36.7,47149.35
2006-06-29,27.6,17.4,22.2,0.0,13.4,36.4,47149.06
2006-06-30,27.1,17.4,21.7,0.0,13.4,37.4,47039.32
2006-07-01,26.9,17.1,21.6,0.0,13.9,40.0,47039.11
2006-07-02,27.7,17.6,22.2,0.0,17.3,46.1,47148.33
2006-07-03,28.7,18.6,23.3,0.0,17.1,48.2,47148.16
2006-07-04,27.3,18.7,22.5,0.0,15.7,47.2,47256.88
2006-07-05,25.6,14.7,20.2,0.0,12.3,34.6,47039.38
2006-07-06,25.6,14.6,19.7,0.0,13.3,34.9,47039.73
2006-07-07,24.8,14.5,19.5,0.0,12.4,35.6,46932.63
2006-07-08,26.3,11.5,20.1,0.0,13.7,41.0,47147.57
2006-07-09,27.5,15.9,21.3,0.0,9.5,31.0,47025.9
2006-07-10,27.5,13.0,20.6,0.0,10.6,32.4,47101.39
2006-07-11,27.9,10.7,20.4,0.0,12.3,37.1,47069.61
2006-07-12,28.7,17.5,22.6,0.0,14.4,41.0,47036.91
2006-07-13,26.2,15.4,20.3,0.0,14.5,40.3,46900.51
2006-07-14,24.9,13.1,18.6,0.0,15.9,42.5,46867.12
2006-07-15,27.5,13.9,20.7,0.0,9.7,31.3,46631.92
2006-07-16,29.2,17.1,23.6,0.0,6.1,27.7,44377.86
2006-07-17,30.0,18.6,24.1,0.0,10.4,32.0,46664.98
2006-07-18,30.4,18.9,24.2,0.0,11.0,32.8,46630.5
2006-07-19,30.6,19.4,24.6,0.0,9.1,30.2,46595.61
2006-07-20,29.9,18.8,24.3,0.0,12.2,32.4,46560.34
2006-07-21,29.0,18.1,23.1,0.0,14.2,35.3,46524.75
2006-07-22,29.1,17.6,22.8,0.0,10.5,29.9,46398.91
2006-07-23,29.8,18.0,23.4,0.0,8.2,27.7,46364.68
2006-07-24,29.5,17.8,23.3,0.0,9.7,29.9,46257.05
2006-07-25,29.5,16.7,23.4,0.0,8.3,27.7,46219.52
2006-07-26,30.1,15.9,23.5,0.0,10.9,31.7,46182.07
2006-07-27,29.7,19.1,23.8,0.0,15.5,40.0,46147.37
2006-07-28,28.0,17.1,22.6,0.0,16.2,45.0,46114.3
2006-07-29,27.0,16.8,21.3,0.0,17.7,46.4,46067.66
2006-07-30,28.9,17.7,22.7,0.0,13.0,37.4,46028.73
2006-07-31,29.2,18.6,23.1,0.0,14.0,38.2,45989.48
2006-08-01,29.0,17.7,22.9,0.0,12.6,34.2,45949.93
2006-08-02,29.9,18.9,23.9,0.0,9.4,31.0,45910.14
2006-08-03,31.3,19.7,24.9,0.0,8.4,28.8,45870.13
2006-08-04,31.2,19.3,25.0,0.0,9.0,29.9,45829.95
2006-08-05,32.1,20.4,25.6,0.0,11.8,33.1,45789.63
2006-08-06,31.4,19.8,25.1,0.0,10.7,31.0,45749.2
2006-08-07,31.8,20.2,25.2,0.0,12.0,34.6,45708.71
2006-08-08,28.9,17.7,23.2,0.0,13.7,37.4,45668.18
2006-08-09,27.8,14.7,20.8,0.0,9.7,29.5,45627.66
2006-08-10,29.2,11.4,21.2,0.0,8.5,28.4,45587.16
2006-08-11,31.6,16.3,24.0,0.0,13.8,42.1,45546.74
2006-08-12,31.1,20.3,25.0,0.0,14.1,40.3,45506.42
2006-08-13,29.4,16.3,22.3,0.0,9.3,28.4,45466.23
2006-08-14,29.5,15.9,22.3,0.0,8.6,27.0,45426.19
2006-08-15,30.7,12.9,23.2,0.0,7.3,27.4,45326.97
2006-08-16,31.9,19.7,25.5,0.0,9.8,31.0,45223.74
2006-08-17,32.0,21.0,25.9,0.0,11.0,32.4,45119.06
2006-08-18,31.5,21.5,25.8,0.0,13.9,36.7,45013.02
2006-08-19,28.2,19.0,23.2,1.6,9.7,32.0,42878.52
2006-08-20,29.0,19.2,23.9,2.2,5.9,25.6,44214.34
2006-08-21,31.1,19.8,25.4,0.8,7.2,27.7,44510.45
2006-08-22,32.7,22.5,26.8,0.0,13.6,35.3,44576.97
2006-08-23,32.1,21.4,26.2,0.0,8.6,28.1,44465.43
2006-08-24,32.7,21.6,26.6,0.0,8.3,26.6,44353.03
2006-08-25,31.7,22.6,26.7,0.0,7.2,27.4,43701.97
2006-08-26,31.1,21.1,25.3,0.3,9.7,31.7,44076.75
2006-08-27,28.9,17.7,22.9,0.0,9.7,28.4,43870.95
2006-08-28,29.8,13.6,23.0,0.0,11.2,31.3,43781.06
2006-08-29,31.3,20.9,25.1,0.0,16.2,44.6,43466.02
2006-08-30,29.1,16.6,22.7,0.0,11.2,31.0,43377.59
2006-08-31,30.2,17.6,23.0,0.0,8.8,26.3,43179.64
2006-09-01,27.6,15.8,21.3,0.0,10.0,29.2,42315.98
2006-09-02,26.6,15.1,20.4,0.0,9.9,29.5,42476.82
2006-09-03,27.5,12.5,20.7,0.0,8.3,28.1,42706.09
2006-09-04,28.1,15.1,21.0,0.0,10.6,33.1,42619.29
2006-09-05,28.4,11.2,20.3,0.0,9.0,28.4,41889.6
2006-09-06,29.2,16.5,22.6,0.0,7.6,27.0,41468.24
2006-09-07,29.1,16.9,22.5,0.0,7.8,27.4,40826.22
2006-09-08,30.0,13.5,22.3,0.0,9.3,29.5,41359.29
2006-09-09,32.3,17.6,25.0,0.0,8.7,27.0,41199.76
2006-09-10,34.5,21.2,28.3,0.0,7.3,25.9,40534.66
2006-09-11,30.1,18.8,25.8,0.0,11.9,36.4,40570.21
2006-09-12,27.4,15.6,21.0,0.0,11.4,31.0,40542.21
2006-09-13,28.9,16.8,22.2,0.0,10.0,31.3,40348.68
2006-09-14,28.7,17.7,22.2,0.0,10.3,31.0,40150.04
2006-09-15,27.2,15.4,20.8,0.0,10.7,32.8,39978.75
2006-09-16,28.1,13.1,21.1,0.0,9.0,30.2,39743.2
2006-09-17,29.3,17.6,23.4,0.0,6.6,27.7,39678.36
2006-09-18,29.4,16.5,23.4,0.0,10.2,32.8,39754.34
2006-09-19,30.3,18.7,24.2,0.0,12.9,39.2,39621.71
2006-09-20,27.4,17.7,22.7,0.0,15.4,43.6,39618.85
2006-09-21,23.3,13.6,17.8,0.0,14.0,39.6,39600.0
2006-09-22,23.2,13.7,17.7,0.0,11.7,34.2,39600.0
2006-09-23,23.2,13.1,17.7,0.5,9.1,30.6,39600.0
2006-09-24,24.3,11.6,18.3,0.0,8.3,26.6,39600.0
2006-09-25,21.9,11.6,16.7,0.6,17.2,47.5,39181.14
2006-09-26,22.4,10.6,16.7,0.0,9.0,27.4,39600.0
2006-09-27,26.1,13.0,19.4,0.0,4.7,23.8,39600.0
2006-09-28,30.2,15.7,22.8,0.0,7.2,30.2,39600.0
2006-09-29,30.5,16.7,23.7,0.0,8.2,32.4,39600.0
2006-09-30,28.8,16.5,21.6,0.0,16.9,49.0,39545.09
2006-10-01,23.1,13.6,18.0,0.0,11.9,34.6,39461.17
2006-10-02,23.2,13.0,17.6,0.0,8.9,29.5,39377.32
2006-10-03,22.2,14.0,17.2,1.5,12.7,31.7,36904.34
2006-10-04,24.4,13.0,18.2,0.0,10.0,28.8,39210.24
2006-10-05,26.9,14.1,20.2,0.0,4.9,24.5,39127.22
2006-10-06,28.3,16.5,22.0,0.0,8.0,25.2,39044.68
2006-10-07,27.6,16.8,21.5,0.0,7.6,24.8,38962.71
2006-10-08,24.4,15.6,19.2,0.9,7.6,25.2,37737.23
2006-10-09,22.1,14.6,17.3,0.0,12.6,34.9,36627.35
2006-10-10,24.4,12.6,18.2,0.0,4.5,25.6,38590.14
2006-10-11,26.7,15.3,20.1,0.1,12.3,43.6,38328.43
2006-10-12,24.7,14.1,19.2,0.0,13.2,37.1,38338.29
2006-10-13,26.1,17.2,20.8,0.0,7.9,35.6,38213.45
2006-10-14,21.7,14.0,17.5,0.3,13.2,37.1,37854.35
2006-10-15,18.5,11.0,13.7,0.2,17.6,48.6,36262.38
2006-10-16,16.4,10.5,13.1,2.3,14.0,39.2,35594.58
2006-10-17,18.7,10.0,14.0,0.1,11.8,33.5,35113.51
2006-10-18,23.6,8.9,16.4,0.0,8.5,27.4,37320.57
2006-10-19,22.5,12.5,16.6,0.7,15.3,54.0,37122.52
2006-10-20,15.8,10.2,12.6,0.9,12.5,33.8,35238.3
2006-10-21,18.9,9.6,14.1,0.0,8.6,24.1,36859.27
2006-10-22,20.4,8.4,14.6,0.0,3.8,22.3,36545.61
2006-10-23,21.1,11.2,15.8,0.1,5.0,22.3,36002.62
2006-10-24,20.4,11.6,14.7,4.5,6.6,26.6,35479.96
2006-10-25,17.0,10.8,13.1,1.4,7.6,19.8,25473.32
2006-10-26,18.7,7.5,13.0,0.0,5.2,23.0,33769.83
2006-10-27,15.4,10.0,11.8,8.8,15.4,54.7,34075.83
2006-10-28,13.0,7.3,9.8,12.9,7.4,32.4,30754.42
2006-10-29,11.7,6.8,8.8,1.8,12.7,37.8,31354.88
2006-10-30,15.8,4.1,10.2,0.5,11.3,33.8,35169.08
2006-10-31,19.1,6.2,12.3,0.0,9.8,31.0,35302.43
2006-11-01,18.1,8.1,11.9,7.4,18.5,54.0,31795.47
2006-11-02,14.9,10.3,11.7,4.9,11.1,46.8,28623.17
2006-11-03,15.9,8.8,12.0,0.0,12.4,33.1,30844.75
2006-11-04,16.1,8.3,12.1,0.6,16.0,42.8,27453.24
2006-11-05,11.1,3.5,7.2,9.2,17.2,50.0,12143.46
2006-11-06,7.5,2.2,5.1,0.1,8.8,25.9,17909.51
2006-11-07,10.9,1.9,6.2,0.0,8.0,25.6,32712.82
2006-11-08,12.0,-0.2,6.3,0.0,4.2,19.1,34401.79
2006-11-09,13.1,1.6,7.4,0.0,5.4,19.8,34342.77
2006-11-10,13.7,2.8,8.1,0.0,6.3,21.2,34282.68
2006-11-11,14.7,3.0,8.7,0.0,6.6,25.2,34127.62
2006-11-12,14.8,6.8,10.3,0.0,7.6,24.5,34045.15
2006-11-13,15.3,7.5,10.9,0.0,11.2,29.9,33559.37
2006-11-14,12.3,6.8,9.1,2.6,9.7,32.8,28800.0
2006-11-15,13.5,6.9,9.6,0.5,11.6,30.2,30857.18
2006-11-16,14.3,3.7,9.0,0.0,4.6,18.0,32759.27
2006-11-17,14.9,5.0,9.5,0.0,5.8,20.9,33764.94
2006-11-18,15.1,6.1,9.8,0.0,6.2,19.8,33703.88
2006-11-19,14.7,1.4,8.0,0.0,7.6,24.1,33542.95
2006-11-20,13.5,-1.4,6.1,0.0,5.5,20.9,33325.35
2006-11-21,14.5,1.3,7.2,0.0,5.4,20.2,32400.0
2006-11-22,14.7,2.5,8.0,0.0,5.4,21.6,32483.55
2006-11-23,15.0,4.3,9.2,0.0,5.8,20.9,32997.34
2006-11-24,15.0,4.4,9.0,0.0,5.1,20.9,32005.84
2006-11-25,14.5,4.9,9.1,0.0,3.4,20.9,32650.61
2006-11-26,14.4,3.4,8.3,0.0,4.0,18.7,32792.92
2006-11-27,14.8,3.3,8.3,0.0,2.6,18.0,32568.76
2006-11-28,14.8,4.0,8.8,0.0,4.3,18.4,32696.76
2006-11-29,15.3,3.8,9.2,0.0,4.0,18.7,32621.88
2006-11-30,15.1,3.4,8.5,0.0,4.7,20.2,32611.59
2006-12-01,13.0,1.2,7.0,0.0,5.1,21.6,32494.12
2006-12-02,13.4,1.5,7.1,0.0,4.5,20.2,32538.77
2006-12-03,11.3,-1.5,4.6,0.0,6.1,20.2,32485.52
2006-12-04,11.2,0.4,5.3,0.0,6.2,18.4,32400.0
2006-12-05,11.5,2.6,6.3,0.0,4.5,21.2,32404.17
2006-12-06,10.9,0.5,5.2,0.0,5.8,24.5,32400.0
2006-12-07,11.3,1.7,6.1,0.0,6.9,21.2,32400.0
2006-12-08,11.5,2.9,6.4,0.0,6.5,19.1,32400.0
2006-12-09,11.7,-0.8,4.4,0.0,9.5,29.2,32400.0
2006-12-10,12.5,-0.0,5.9,0.0,6.3,23.0,32400.0
2006-12-11,11.9,-2.7,5.5,0.0,6.0,21.2,32400.0
2006-12-12,9.4,-2.1,4.5,0.0,4.0,16.2,4636.05
2006-12-13,12.2,3.5,7.1,0.0,3.2,19.1,32354.99
2006-12-14,11.8,1.4,6.0,0.0,5.4,19.1,32314.76
2006-12-15,10.5,-1.2,4.9,0.0,7.1,26.6,32275.31
2006-12-16,8.0,-4.2,1.3,0.0,10.2,33.8,32236.76
2006-12-17,11.6,-2.7,4.1,0.0,7.9,27.7,32199.18
2006-12-18,13.0,1.0,6.4,0.0,4.2,18.7,32162.7
2006-12-19,14.4,-0.0,6.4,0.0,4.7,19.1,32127.39
2006-12-20,12.5,4.0,7.1,0.0,7.2,22.0,32093.37
2006-12-21,12.1,1.2,6.3,0.0,8.7,28.8,30369.06
2006-12-22,10.3,4.1,6.9,0.6,12.6,34.6,29308.0
2006-12-23,7.2,1.0,4.0,1.1,6.5,27.0,31999.91
2006-12-24,8.0,-3.7,2.2,0.0,5.3,19.1,31975.59
2006-12-25,8.8,0.2,3.6,0.0,7.2,23.8,31947.55
2006-12-26,6.1,-1.2,2.9,9.4,13.0,51.8,5504.36
2006-12-27,3.0,-6.0,-0.5,9.1,11.2,40.7,24397.25
2006-12-28,-1.0,-8.9,-5.2,0.1,15.1,40.3,31970.37
2006-12-29,1.4,-8.3,-3.8,0.0,4.3,19.1,31902.52
2006-12-30,4.6,-9.1,-1.5,0.0,4.3,16.2,31885.5
2006-12-31,3.4,-2.4,0.7,8.5,5.5,17.3,5076.48
2007-01-01,4.1,-8.7,-1.8,0.0,8.9,24.8,32044.1
2007-01-02,6.8,-4.9,0.4,0.0,5.5,19.4,32042.4
2007-01-03,9.0,-4.0,1.3,0.0,6.8,20.2,31904.1
2007-01-04,10.0,-2.4,3.3,0.0,7.2,24.5,31081.97
2007-01-05,5.4,1.1,3.1,5.0,14.5,46.4,21637.16
2007-01-06,6.2,2.3,3.9,3.8,12.1,45.0,26830.53
2007-01-07,6.4,2.2,3.5,6.8,9.2,35.6,28812.59
2007-01-08,6.5,-3.9,1.6,0.0,6.5,23.0,32143.99
2007-01-09,6.3,-4.8,0.7,0.0,4.4,15.8,32153.52
2007-01-10,6.4,-3.9,0.4,0.0,5.4,18.7,32719.42
2007-01-11,6.1,-4.1,0.5,0.0,5.4,18.4,32558.59
2007-01-12,6.7,-2.3,2.0,0.0,4.6,19.1,32088.4
2007-01-13,7.3,-4.3,1.9,0.0,4.5,17.3,32404.77
2007-01-14,9.1,-2.2,3.0,0.0,4.7,18.0,33209.24
2007-01-15,10.2,-1.8,3.8,0.0,4.2,17.3,33283.84
2007-01-16,10.1,1.2,5.0,0.0,4.1,18.4,33360.63
2007-01-17,9.9,-1.3,4.1,0.0,5.1,19.1,33439.51
2007-01-18,10.1,0.3,4.5,0.0,5.1,18.4,33520.35
2007-01-19,9.8,1.4,4.5,0.0,9.0,27.4,32297.22
2007-01-20,5.5,1.2,2.7,30.1,12.6,53.6,12886.23
2007-01-21,3.3,-1.3,1.4,1.6,11.0,31.0,31492.55
2007-01-22,6.0,-9.1,-0.5,0.0,4.1,16.9,33861.43
2007-01-23,12.1,-1.0,4.3,0.0,6.5,18.7,33951.98
2007-01-24,12.4,-2.1,3.6,0.0,7.2,22.0,34045.23
2007-01-25,12.9,-3.1,3.5,0.0,6.4,20.2,34141.02
2007-01-26,13.8,-0.9,6.0,0.0,5.6,15.8,34239.17
2007-01-27,14.2,3.2,8.1,0.0,7.0,22.3,34339.54
2007-01-28,12.4,3.6,7.8,7.9,17.7,74.9,33075.66
2007-01-29,4.0,-1.3,1.1,3.0,19.1,68.8,32867.75
2007-01-30,5.0,-0.8,2.0,15.7,14.6,60.8,13388.19
2007-01-31,2.6,-2.1,0.3,2.7,13.6,49.7,34760.12
2007-02-01,4.8,-12.2,-2.4,0.0,6.8,19.4,34869.3
2007-02-02,6.9,-5.1,1.2,0.1,6.9,23.0,27968.33
2007-02-03,4.7,-0.6,2.3,7.6,9.3,30.6,954.28
2007-02-04,5.7,1.2,3.0,9.4,14.8,51.8,23421.71
2007-02-05,5.6,1.5,3.0,9.0,23.7,61.6,24350.51
2007-02-06,2.4,-1.2,0.9,22.3,13.6,59.8,22296.68
2007-02-07,3.3,-2.1,0.3,2.3,7.8,34.9,33876.32
2007-02-08,7.7,-3.4,1.3,0.0,6.2,18.7,35346.67
2007-02-09,10.0,-0.6,4.6,0.9,5.0,22.3,35408.65
2007-02-10,7.6,2.5,5.1,2.6,8.2,24.5,28026.29
2007-02-11,9.8,-0.7,3.8,0.0,5.8,18.7,35489.75
2007-02-12,11.7,-1.8,4.8,1.3,6.9,29.5,33213.59
2007-02-13,8.4,3.3,5.8,2.5,10.1,35.3,31951.72
2007-02-14,10.0,1.0,5.3,0.0,13.9,37.4,32241.12
2007-02-15,6.8,2.4,4.3,5.1,17.2,50.8,21204.17
2007-02-16,8.7,0.5,4.2,0.0,11.7,30.2,35784.11
2007-02-17,10.2,-1.1,4.4,0.1,8.9,28.8,35842.18
2007-02-18,9.1,0.5,4.6,7.9,4.2,23.4,20068.16
2007-02-19,10.1,-1.0,4.7,0.1,6.2,20.9,35957.33
2007-02-20,12.0,-0.9,5.7,0.0,6.5,19.8,36593.31
2007-02-21,16.0,2.2,9.1,0.0,6.4,23.4,36332.05
2007-02-22,13.7,4.7,9.5,0.0,7.8,25.2,37001.48
2007-02-23,14.0,2.4,8.2,0.0,7.3,23.0,35938.27
2007-02-24,16.2,4.7,10.5,0.0,16.4,48.6,37151.2
2007-02-25,10.5,3.8,7.1,7.6,14.0,55.1,25900.29
2007-02-26,7.7,4.2,5.8,7.8,14.1,47.2,30210.96
2007-02-27,10.0,3.6,6.2,0.5,12.9,36.0,36000.0
2007-02-28,11.9,-2.2,5.3,0.0,13.6,36.7,37578.68
2007-03-01,8.9,3.3,5.7,2.6,10.7,36.4,35088.93
2007-03-02,10.8,2.5,5.9,0.0,11.9,33.8,35124.04
2007-03-03,12.8,0.7,6.9,0.0,9.8,28.4,37905.02
2007-03-04,13.5,0.8,7.6,0.0,11.2,32.4,38007.81
2007-03-05,10.6,6.2,7.8,6.5,19.1,58.7,32127.31
2007-03-06,9.4,1.9,5.6,0.7,16.3,45.0,36399.85
2007-03-07,11.9,-2.4,4.9,0.0,7.1,22.3,38212.27
2007-03-08,15.6,0.7,8.5,0.0,5.1,20.5,38445.46
2007-03-09,14.8,6.2,10.2,0.0,6.5,24.1,38448.14
2007-03-10,17.1,2.3,9.8,0.0,8.7,20.2,38763.19
2007-03-11,19.4,3.0,11.3,0.3,10.2,38.2,38847.92
2007-03-12,14.4,5.1,10.1,0.0,12.3,36.4,38847.12
2007-03-13,10.9,2.9,6.5,6.5,16.7,49.7,37251.55
2007-03-14,7.6,0.5,5.1,15.6,20.6,71.6,17249.62
2007-03-15,4.1,-0.8,1.2,4.8,11.4,34.9,29916.62
2007-03-16,6.9,-1.6,2.4,3.8,16.4,46.4,38942.55
2007-03-17,8.3,1.4,4.0,2.4,10.7,35.6,36797.42
2007-03-18,9.5,-4.2,3.1,0.0,13.0,36.0,39227.28
2007-03-19,10.2,0.7,5.6,0.0,11.9,31.7,38794.93
2007-03-20,13.3,-1.7,6.7,2.0,9.8,28.1,35598.8
2007-03-21,15.2,1.6,8.8,0.1,6.6,26.3,39557.41
2007-03-22,17.7,5.6,11.7,0.0,10.0,24.8,38494.74
2007-03-23,19.0,7.5,12.5,0.7,11.8,40.7,25187.46
2007-03-24,11.1,5.0,8.6,1.4,22.0,59.4,31512.24
2007-03-25,10.6,3.2,6.6,0.0,10.7,33.5,40352.39
2007-03-26,12.1,1.1,6.5,0.4,7.3,25.9,39450.08
2007-03-27,11.4,1.6,6.6,0.3,10.7,31.3,39600.0
2007-03-28,11.5,1.2,6.8,0.0,11.9,33.1,40476.91
2007-03-29,13.3,-0.0,7.4,0.0,10.5,32.8,41442.66
2007-03-30,15.9,-1.0,8.5,0.0,4.7,22.7,41496.91
2007-03-31,14.4,4.2,9.1,2.7,8.4,34.6,23692.41
2007-04-01,10.8,5.4,7.5,10.4,15.2,51.8,31324.31
2007-04-02,10.7,4.5,7.0,1.1,14.9,39.6,38417.81
2007-04-03,9.9,4.5,6.6,0.9,15.6,40.7,39566.73
2007-04-04,12.7,0.4,7.3,0.0,8.8,26.3,41716.22
2007-04-05,18.3,5.8,12.0,0.7,11.0,40.7,41989.24
2007-04-06,18.7,12.1,15.3,0.0,13.0,39.2,39997.26
2007-04-07,19.7,9.6,15.5,2.2,11.0,56.2,37019.6
2007-04-08,15.7,6.4,12.0,0.0,14.2,38.5,41701.2
2007-04-09,12.5,4.5,8.3,1.3,13.0,37.1,41937.98
2007-04-10,12.6,3.4,8.3,2.2,8.2,27.4,40137.39
2007-04-11,12.2,2.1,7.8,1.0,13.0,38.9,41744.27
2007-04-12,13.0,3.9,8.4,2.6,9.0,30.2,38402.56
2007-04-13,14.5,3.8,8.9,2.0,8.5,36.7,28365.05
2007-04-14,12.1,5.2,8.2,3.2,14.6,56.9,42962.8
2007-04-15,11.6,1.8,6.8,0.0,18.9,54.4,42194.74
2007-04-16,14.2,3.9,9.0,0.0,12.4,34.6,41812.13
2007-04-17,17.4,5.5,11.7,0.3,12.7,57.2,42565.2
2007-04-18,12.9,5.1,8.7,4.5,17.7,54.4,37664.45
2007-04-19,11.2,4.6,7.3,3.8,18.6,57.6,38769.17
2007-04-20,14.8,2.7,9.0,0.0,10.3,32.4,44474.93
2007-04-21,17.3,2.5,10.8,0.0,5.9,24.1,44587.88
2007-04-22,20.8,6.3,14.0,0.0,8.9,24.1,40816.82
2007-04-23,20.3,10.5,14.2,1.9,11.3,42.5,41279.92
2007-04-24,16.0,7.0,11.4,0.0,10.1,30.6,42587.05
2007-04-25,17.9,2.8,11.4,0.0,8.1,23.8,45031.02
2007-04-26,21.8,5.4,14.5,0.4,9.5,31.0,38465.24
2007-04-27,19.9,10.9,15.9,0.0,12.1,32.8,42128.85
2007-04-28,20.9,11.2,15.7,0.0,11.7,34.9,43490.49
2007-04-29,17.7,7.2,13.3,0.0,18.3,52.9,45456.05
2007-04-30,15.4,5.4,10.1,0.0,13.0,40.0,45064.14
2007-05-01,19.5,2.1,12.3,0.0,5.4,23.8,45659.95
2007-05-02,24.4,11.8,18.8,0.0,10.6,35.3,45759.49
2007-05-03,27.3,15.2,22.0,1.9,19.9,55.1,45858.09
2007-05-04,25.3,13.5,19.5,0.0,11.3,34.6,45955.95
2007-05-05,25.8,12.9,19.8,0.0,7.0,22.3,46052.97
2007-05-06,29.5,12.4,21.8,0.0,11.3,28.4,46149.09
2007-05-07,29.7,14.2,22.3,1.0,11.3,32.4,46244.24
2007-05-08,29.3,18.3,24.3,0.1,10.3,36.0,46338.31
2007-05-09,23.1,15.9,20.7,0.9,7.6,39.2,16707.73
2007-05-10,23.5,15.2,18.5,8.0,9.8,49.3,13507.37
2007-05-11,22.1,13.0,17.4,7.5,19.9,63.7,46490.93
2007-05-12,17.9,11.9,14.6,8.5,8.0,29.5,42662.15
2007-05-13,17.7,11.3,14.2,1.2,12.8,32.8,42866.67
2007-05-14,19.4,10.6,15.4,0.3,10.3,29.5,46625.4
2007-05-15,21.9,11.3,16.5,1.8,6.6,25.2,46139.01
2007-05-16,19.5,11.7,15.5,11.2,7.2,21.6,26727.22
2007-05-17,16.9,12.5,14.5,12.7,7.2,24.5,20475.17
2007-05-18,18.7,12.2,15.1,7.1,9.5,34.2,43977.34
2007-05-19,24.0,7.3,17.5,0.0,5.8,21.2,46800.0
2007-05-20,25.6,11.5,18.9,0.0,12.5,37.8,46800.0
2007-05-21,22.0,7.4,16.1,0.0,6.3,23.0,46800.0
2007-05-22,24.4,12.2,18.4,0.0,4.7,28.4,46800.0
2007-05-23,22.4,14.9,18.2,0.0,8.6,27.4,46800.0
2007-05-24,25.7,13.2,19.8,0.0,5.9,21.6,46800.0
2007-05-25,26.4,14.7,20.9,0.0,10.3,32.0,46800.0
2007-05-26,24.1,10.8,18.5,0.0,10.2,31.0,46800.0
2007-05-27,23.4,11.2,18.5,0.3,11.9,35.6,46800.0
2007-05-28,22.0,11.8,17.2,0.0,9.4,27.0,44014.17
2007-05-29,26.9,10.2,20.6,1.1,6.2,30.2,46800.0
2007-05-30,26.5,14.4,21.0,0.4,15.4,46.8,46800.0
2007-05-31,23.2,9.6,17.4,0.0,10.4,31.0,46800.0
2007-06-01,22.7,10.1,16.7,0.0,8.5,28.4,46800.0
2007-06-02,22.7,8.2,16.3,0.0,8.4,27.4,46800.0
2007-06-03,24.8,12.4,18.7,0.0,8.6,27.4,46800.0
2007-06-04,25.2,12.9,19.5,0.0,8.0,24.8,46800.0
2007-06-05,28.1,16.8,22.2,0.0,5.8,25.6,46800.0
2007-06-06,29.2,19.4,23.8,0.0,10.4,30.6,46800.0
2007-06-07,21.7,12.0,17.4,0.0,12.0,36.7,46870.34
2007-06-08,21.3,11.1,15.8,0.0,13.8,37.1,46800.0
2007-06-09,22.5,11.6,17.2,0.0,11.9,35.3,46864.59
2007-06-10,29.4,15.3,23.2,0.0,15.6,46.1,46800.0
2007-06-11,23.1,13.7,19.0,0.0,16.9,47.5,46955.54
2007-06-12,23.5,11.8,17.6,0.0,11.5,34.2,46953.93
2007-06-13,26.2,13.4,19.7,0.0,6.4,27.0,46800.0
2007-06-14,27.3,15.7,21.6,0.0,8.4,28.4,46950.52
2007-06-15,29.0,17.3,22.7,0.0,8.0,26.3,46948.75
2007-06-16,27.2,16.2,21.3,0.0,10.8,31.7,47049.28
2007-06-17,25.7,13.9,19.2,0.0,12.0,33.8,47048.46
2007-06-18,26.4,14.2,20.2,0.0,13.2,38.9,47047.6
2007-06-19,27.2,16.5,21.5,0.0,13.9,40.7,47046.71
2007-06-20,28.1,17.8,22.5,0.0,14.5,38.9,47045.81
2007-06-21,27.8,17.3,22.3,0.0,12.4,37.8,47151.4
2007-06-22,29.4,17.7,23.8,0.0,7.7,29.2,47151.18
2007-06-23,31.4,17.3,25.5,0.0,9.5,29.5,47150.9
2007-06-24,32.6,20.0,26.6,0.0,11.6,32.8,47258.77
2007-06-25,33.2,23.1,27.7,0.0,15.2,42.8,47258.89
2007-06-26,31.0,21.2,25.5,0.0,15.6,42.8,47258.9
2007-06-27,31.4,21.0,25.7,0.0,14.0,42.1,47258.86
2007-06-28,32.0,19.8,26.1,0.0,15.3,42.1,47258.75
2007-06-29,33.0,22.5,27.4,0.0,15.9,46.4,47258.58
2007-06-30,27.9,18.9,23.4,0.0,17.8,49.0,47258.36
2007-07-01,27.1,16.4,21.3,0.0,12.3,37.1,47148.69
2007-07-02,26.4,15.1,20.8,0.0,10.9,32.0,46930.02
2007-07-03,27.2,16.9,21.8,0.0,13.5,39.2,47257.37
2007-07-04,27.8,16.4,21.8,0.0,12.6,36.4,47148.18
2007-07-05,27.5,16.4,21.6,0.0,9.8,31.3,47148.04
2007-07-06,28.3,16.7,22.3,0.0,11.2,35.6,47147.9
2007-07-07,28.0,17.6,22.3,0.0,16.8,46.1,47255.27
2007-07-08,28.2,15.9,21.8,0.0,13.2,39.6,47254.58
2007-07-09,30.3,17.2,23.6,0.0,10.1,33.8,47244.81
2007-07-10,32.0,19.5,25.4,0.0,11.7,34.6,47212.43
2007-07-11,31.1,20.3,25.1,0.0,13.4,38.9,47179.17
2007-07-12,30.6,19.9,24.4,0.0,11.3,33.8,47145.12
2007-07-13,29.0,17.2,22.3,0.0,13.0,37.8,47007.27
2007-07-14,26.6,14.8,20.3,0.0,15.1,39.6,46870.76
2007-07-15,26.6,14.2,20.2,0.0,15.0,40.7,46735.93
2007-07-16,26.0,15.1,20.6,0.0,17.6,53.6,46902.3
2007-07-17,27.6,16.1,21.6,0.0,12.5,35.6,46767.92
2007-07-18,28.9,17.8,23.1,0.0,10.5,35.3,46635.9
2007-07-19,29.9,19.8,24.6,0.1,9.5,33.1,46451.11
2007-07-20,30.9,20.9,25.3,0.4,9.1,32.8,46568.39
2007-07-21,30.9,19.5,24.6,0.0,12.1,35.6,46534.53
2007-07-22,30.5,18.9,24.2,0.0,13.1,38.2,46500.15
2007-07-23,31.4,19.1,24.9,0.0,9.6,32.8,46376.42
2007-07-24,32.7,20.8,26.7,0.0,7.6,32.8,46270.1
2007-07-25,34.6,23.4,29.1,0.0,13.0,32.8,44950.79
2007-07-26,34.9,25.8,29.9,0.4,6.6,32.0,46194.2
2007-07-27,34.7,26.3,30.1,0.4,6.6,26.3,46155.58
2007-07-28,36.1,25.6,30.3,0.0,8.7,29.9,46116.59
2007-07-29,36.8,25.3,30.8,0.0,11.0,31.3,46077.27
2007-07-30,35.7,23.1,29.1,0.0,13.8,41.0,46037.67
2007-07-31,30.1,20.8,25.1,0.0,12.7,37.8,45997.84
2007-08-01,29.6,20.5,24.5,0.0,11.3,32.4,45957.82
2007-08-02,29.2,18.6,23.5,0.0,13.8,36.7,45902.75
2007-08-03,30.3,18.8,24.1,0.0,11.1,33.1,45877.43
2007-08-04,30.4,19.7,24.3,0.0,13.6,37.8,45837.12
2007-08-05,29.4,17.9,23.3,0.0,11.6,31.7,45796.82
2007-08-06,29.5,14.9,22.5,0.0,11.5,32.8,45756.55
2007-08-07,27.5,14.5,20.5,0.0,11.8,35.6,45716.36
2007-08-08,27.1,14.1,20.1,0.0,9.8,30.2,45676.3
2007-08-09,27.7,13.7,20.3,0.0,10.8,31.0,45636.4
2007-08-10,28.8,12.4,21.0,0.0,10.5,29.9,45596.7
2007-08-11,29.9,16.6,23.0,0.0,10.5,30.6,45557.03
2007-08-12,30.5,15.8,23.4,0.0,10.1,33.1,45517.27
2007-08-13,29.2,17.5,22.6,0.0,10.4,31.0,45477.44
2007-08-14,29.5,13.5,22.2,0.0,8.8,29.2,45437.55
2007-08-15,30.9,12.1,22.9,0.0,8.6,28.8,45354.04
2007-08-16,30.8,19.5,24.6,0.0,8.0,28.1,45249.24
2007-08-17,29.4,15.9,23.0,0.0,10.9,34.2,45143.28
2007-08-18,29.5,16.6,23.2,0.0,14.4,38.2,45036.26
2007-08-19,29.5,18.5,23.3,0.0,16.2,42.5,44928.26
2007-08-20,29.4,19.5,23.8,0.0,9.4,29.2,44819.36
2007-08-21,30.5,20.3,24.7,0.0,6.8,29.2,44709.64
2007-08-22,32.4,21.1,26.3,0.0,8.0,28.1,44599.19
2007-08-23,32.7,22.5,26.7,0.0,15.3,40.3,44488.09
2007-08-24,31.4,20.1,25.5,0.0,13.0,34.9,44376.42
2007-08-25,31.4,20.1,25.4,0.0,9.4,32.8,44264.26
2007-08-26,29.6,19.5,24.1,0.0,14.6,37.8,44151.68
2007-08-27,29.2,19.6,23.6,0.0,12.6,34.6,43776.47
2007-08-28,30.5,18.8,24.3,0.0,7.9,27.7,43690.2
2007-08-29,30.9,20.0,24.8,0.0,6.9,26.6,43490.7
2007-08-30,30.7,19.8,24.9,0.0,5.4,28.4,43182.84
2007-08-31,31.2,20.4,25.2,0.7,7.3,27.7,42880.18
2007-09-01,32.4,20.7,26.3,0.0,7.1,29.5,41970.55
2007-09-02,32.6,22.3,26.5,0.0,8.6,32.4,42031.48
2007-09-03,31.4,20.3,25.2,0.7,7.7,31.0,41512.37
2007-09-04,30.2,17.9,23.8,0.1,9.0,30.6,41482.21
2007-09-05,29.2,16.7,22.8,0.0,9.1,29.5,40906.88
2007-09-06,27.4,15.6,21.1,0.0,12.6,36.4,41870.25
2007-09-07,28.6,15.4,21.2,0.0,15.7,47.2,42034.91
2007-09-08,23.7,14.2,18.7,0.0,14.8,42.5,41174.84
2007-09-09,22.9,12.6,17.1,0.0,13.7,36.7,39895.16
2007-09-10,26.3,12.3,19.4,0.0,6.7,29.5,40689.62
2007-09-11,28.5,16.7,22.3,0.0,8.2,27.7,40355.55
2007-09-12,27.0,15.5,21.0,0.0,7.3,26.3,40123.18
2007-09-13,26.6,10.2,19.2,0.0,9.5,29.5,40119.09
2007-09-14,27.8,12.8,20.6,0.0,5.2,26.3,40328.04
2007-09-15,28.9,17.3,22.8,0.0,6.5,27.4,40056.8
2007-09-16,26.4,16.7,21.1,0.0,9.9,28.8,39653.67
2007-09-17,27.6,13.7,21.0,0.0,7.0,28.1,39600.0
2007-09-18,29.6,16.8,23.2,0.0,6.1,28.8,39751.73
2007-09-19,29.5,18.6,23.6,0.0,5.7,27.4,39686.31
2007-09-20,29.1,19.1,23.6,0.0,4.9,29.2,39617.93
2007-09-21,29.4,18.4,23.5,0.0,6.2,27.7,39621.94
2007-09-22,28.2,19.4,23.2,0.0,9.0,29.5,39600.0
2007-09-23,25.5,14.8,20.2,0.0,11.4,34.9,39600.0
2007-09-24,22.2,13.3,16.6,0.0,14.3,38.2,39600.0
2007-09-25,24.4,11.9,18.0,0.0,5.9,25.2,39600.0
2007-09-26,26.5,14.2,20.6,0.0,7.9,28.1,39600.0
2007-09-27,29.6,15.3,22.6,0.0,5.6,27.7,39600.0
2007-09-28,29.7,18.0,23.4,0.1,7.3,28.1,39600.0
2007-09-29,28.5,18.8,22.7,0.2,8.3,29.5,39600.0
2007-09-30,28.4,14.3,21.9,0.3,8.3,25.2,39559.29
2007-10-01,28.9,16.9,22.7,0.0,11.2,36.4,39475.16
2007-10-02,28.9,13.7,21.8,0.0,17.1,51.8,39391.45
2007-10-03,28.5,13.2,21.3,0.0,10.5,35.3,39308.28
2007-10-04,26.0,16.0,20.3,0.0,10.5,33.5,39225.74
2007-10-05,22.5,14.4,17.8,0.0,13.5,38.2,39143.93
2007-10-06,22.3,12.1,16.9,0.0,9.4,27.0,39062.97
2007-10-07,23.8,10.9,17.6,0.0,5.9,25.2,38111.7
2007-10-08,26.7,12.3,19.7,0.0,8.7,32.4,38878.83
2007-10-09,27.5,12.8,20.6,0.0,9.6,31.0,38753.83
2007-10-10,26.6,17.4,21.0,0.0,9.7,37.1,38628.32
2007-10-11,24.5,14.0,19.1,0.0,5.0,24.1,38502.34
2007-10-12,25.8,11.2,19.1,0.0,9.2,31.3,38375.95
2007-10-13,27.0,17.9,20.9,0.8,10.0,35.6,37212.22
2007-10-14,22.0,14.4,17.4,0.0,11.5,34.6,37282.27
2007-10-15,21.9,11.9,16.1,0.0,11.7,33.8,37995.33
2007-10-16,20.7,9.5,15.1,0.0,12.6,36.7,37868.3
2007-10-17,23.2,8.6,15.3,0.1,7.7,26.6,37741.34
2007-10-18,23.4,9.2,15.9,0.0,9.2,32.8,37614.57
2007-10-19,23.9,10.9,17.5,0.0,7.3,28.4,37488.07
2007-10-20,23.1,15.2,18.9,0.2,6.1,24.5,36687.02
2007-10-21,24.5,14.1,18.4,0.0,6.8,25.6,36999.33
2007-10-22,25.2,13.0,18.8,0.0,4.7,22.3,36805.04
2007-10-23,27.2,15.2,20.2,0.2,7.7,28.8,36375.14
2007-10-24,26.7,13.0,19.8,0.0,9.7,34.9,36426.58
2007-10-25,25.4,14.7,20.3,0.0,6.4,26.3,35901.13
2007-10-26,23.2,12.1,17.1,0.0,8.6,26.3,36173.91
2007-10-27,21.7,6.8,14.5,0.0,8.0,27.4,35995.15
2007-10-28,19.9,10.5,14.2,0.0,10.4,31.3,35820.58
2007-10-29,21.1,7.8,14.4,0.0,10.1,28.8,35650.35
2007-10-30,18.6,11.4,14.0,0.1,16.3,46.1,35384.89
2007-10-31,21.1,9.3,14.8,0.0,8.2,27.4,33837.15
2007-11-01,22.9,7.6,16.0,0.0,9.2,30.6,34885.44
2007-11-02,22.7,13.9,17.1,0.0,13.9,41.0,34673.53
2007-11-03,20.7,13.0,16.1,0.0,17.4,46.8,34863.59
2007-11-04,21.7,13.1,16.5,0.2,14.1,47.9,34803.92
2007-11-05,24.3,14.1,18.6,0.0,12.1,36.7,34742.86
2007-11-06,25.3,12.4,18.4,0.0,17.9,47.2,34439.01
2007-11-07,16.8,9.6,12.5,3.8,16.8,59.0,32971.29
2007-11-08,14.1,8.2,10.5,1.3,13.1,37.8,33743.0
2007-11-09,13.5,7.3,10.0,1.9,15.9,45.0,30295.11
2007-11-10,15.2,6.8,10.8,0.0,11.0,29.2,33753.53
2007-11-11,13.8,8.4,10.6,6.8,20.0,58.3,26399.87
2007-11-12,15.7,3.8,9.3,0.1,10.9,36.0,34024.44
2007-11-13,13.9,4.0,8.8,0.0,8.4,28.1,34019.92
2007-11-14,15.8,3.7,10.0,0.0,5.5,22.3,33661.5
2007-11-15,18.4,6.1,11.5,0.0,6.2,23.0,28824.81
2007-11-16,19.6,8.6,13.1,0.0,5.4,18.0,33190.77
2007-11-17,19.4,8.5,13.4,0.0,4.4,20.5,33391.23
2007-11-18,19.1,9.6,13.6,0.0,5.8,21.6,33679.78
2007-11-19,17.1,9.6,12.3,1.0,12.2,43.6,19513.09
2007-11-20,9.9,5.2,7.7,8.7,11.5,47.9,5071.64
2007-11-21,8.2,4.4,6.2,4.6,15.3,43.9,23340.43
2007-11-22,10.4,3.5,6.4,0.5,11.6,29.9,32351.14
2007-11-23,11.5,0.1,6.1,0.0,11.9,28.8,33001.96
2007-11-24,12.0,-1.9,5.6,0.0,5.1,19.4,32737.86
2007-11-25,11.9,2.0,6.3,0.0,3.4,20.2,32651.56
2007-11-26,12.7,1.2,6.8,0.0,3.8,18.0,32869.9
2007-11-27,15.0,3.2,8.6,0.0,4.7,18.0,32780.89
2007-11-28,16.0,6.3,10.4,0.0,6.8,23.4,31858.0
2007-11-29,15.1,6.8,10.2,0.0,6.0,23.4,25953.26
2007-11-30,15.1,4.9,9.0,0.0,8.2,24.1,11608.24
2007-12-01,16.4,5.5,10.3,0.0,12.8,36.7,32400.0
2007-12-02,11.3,5.4,8.0,0.1,17.0,44.6,29082.88
2007-12-03,11.8,2.1,7.0,0.7,9.8,28.1,25044.69
2007-12-04,13.0,5.5,8.9,0.9,7.8,22.7,30499.09
2007-12-05,14.6,4.6,8.9,0.6,7.2,25.6,31695.18
2007-12-06,10.6,4.4,6.5,10.2,16.9,61.2,30594.55
2007-12-07,7.8,3.1,5.2,7.7,11.4,46.1,8405.77
2007-12-08,10.0,5.2,7.1,0.8,9.0,24.5,30852.22
2007-12-09,11.4,2.3,7.0,0.6,9.0,25.9,32400.0
2007-12-10,10.7,2.1,6.5,0.4,15.2,41.4,32400.0
2007-12-11,12.3,6.8,9.0,1.7,10.0,27.4,25200.0
2007-12-12,14.2,3.3,8.0,0.0,3.9,17.6,31999.07
2007-12-13,13.0,4.3,8.1,0.0,13.0,38.5,32370.25
2007-12-14,8.4,4.4,6.6,15.8,14.5,58.0,4178.47
2007-12-15,11.3,4.7,7.6,0.6,5.7,27.7,25200.0
2007-12-16,9.3,2.1,5.4,1.6,8.7,32.4,29327.26
2007-12-17,10.0,-0.1,4.9,0.0,4.8,19.4,32205.07
2007-12-18,9.0,1.7,4.6,0.0,12.3,34.9,32166.95
2007-12-19,7.6,0.5,3.6,0.0,15.8,43.9,30007.95
2007-12-20,6.3,-4.5,1.4,3.9,5.6,18.7,21295.29
2007-12-21,8.2,0.7,3.8,0.0,6.6,22.7,32061.96
2007-12-22,7.8,-3.0,2.9,0.0,5.1,19.8,32030.44
2007-12-23,8.7,-3.4,3.1,0.0,3.7,16.2,32000.84
2007-12-24,8.9,-0.2,3.9,0.0,5.8,18.0,31973.25
2007-12-25,8.9,-4.0,3.1,0.0,6.7,19.1,31947.79
2007-12-26,10.1,-2.4,4.1,0.0,4.3,18.4,31924.54
2007-12-27,9.9,-1.6,3.7,0.0,4.4,16.6,31946.08
2007-12-28,12.2,-0.6,5.4,0.0,4.3,16.9,31885.1
2007-12-29,10.7,1.8,6.0,0.0,8.4,22.3,31961.92
2007-12-30,7.4,-3.6,2.1,0.0,4.5,18.4,32003.76
2007-12-31,9.5,-2.7,2.2,0.0,5.0,16.6,32053.53
2008-01-01,10.5,-2.8,3.8,0.0,6.8,21.6,32050.17
2008-01-02,8.5,2.2,5.3,1.2,12.0,35.6,24774.1
2008-01-03,9.4,-0.8,3.6,3.0,8.7,31.7,26584.31
2008-01-04,7.3,1.9,4.1,3.7,10.2,40.7,18571.74
2008-01-05,5.2,-1.7,2.2,0.6,16.9,49.7,30714.02
2008-01-06,5.8,-5.4,-0.2,0.0,6.4,31.3,32206.94
2008-01-07,6.2,-3.4,0.9,0.0,9.3,28.1,31970.36
2008-01-08,8.1,-1.1,3.4,0.9,15.3,43.2,29069.44
2008-01-09,6.2,-2.4,1.9,0.0,5.3,20.9,29980.93
2008-01-10,6.3,-1.7,1.5,0.5,6.6,23.8,28110.86
2008-01-11,2.9,-5.8,-1.3,0.1,5.4,19.1,32742.2
2008-01-12,3.3,-6.0,-1.6,0.0,5.0,19.1,33052.62
2008-01-13,3.5,-6.7,-1.8,0.0,4.5,20.9,33120.24
2008-01-14,4.5,-7.5,-1.9,0.0,3.9,19.4,33190.11
2008-01-15,6.5,-5.9,-0.4,0.0,3.6,18.7,33262.14
2008-01-16,8.3,-3.4,1.7,0.0,4.6,19.8,33336.23
2008-01-17,9.0,-3.5,1.7,0.0,6.7,19.8,33412.55
2008-01-18,8.4,-5.0,0.4,0.0,6.8,22.0,33491.93
2008-01-19,9.1,-4.5,1.3,0.0,6.3,19.8,33574.31
2008-01-20,10.4,-1.8,4.1,0.0,3.7,18.4,33659.54
2008-01-21,10.5,-1.1,3.9,0.0,5.8,17.3,33747.45
2008-01-22,6.9,-1.2,1.6,8.2,11.0,32.4,15091.32
2008-01-23,2.9,-2.7,0.6,4.9,5.0,16.9,18921.51
2008-01-24,8.6,-6.7,0.7,0.0,3.2,18.4,34025.73
2008-01-25,8.8,-3.7,2.0,0.0,4.9,18.4,34122.83
2008-01-26,6.5,-2.2,2.2,2.5,4.3,15.1,26179.62
2008-01-27,6.3,-0.6,2.6,0.2,10.4,29.5,34322.65
2008-01-28,5.8,-0.2,2.9,9.3,17.1,61.6,3375.48
2008-01-29,3.3,-0.2,1.7,27.9,19.1,77.4,1845.72
2008-01-30,0.1,-6.2,-2.3,18.8,14.3,58.3,26394.21
2008-01-31,-1.1,-8.6,-5.2,3.2,15.5,45.7,34165.12
2008-02-01,0.4,-12.5,-5.6,0.0,6.0,19.8,34848.34
2008-02-02,3.0,-8.3,-3.2,0.0,4.6,16.6,34925.18
2008-02-03,5.0,-9.1,-2.3,0.0,4.1,14.8,34987.56
2008-02-04,6.6,-4.6,-0.6,0.0,6.3,16.2,35049.43
2008-02-05,6.0,-5.7,-1.4,0.0,7.0,17.6,35117.27
2008-02-06,7.4,-5.4,-0.6,0.0,7.6,19.8,35177.77
2008-02-07,9.2,-5.4,1.3,0.0,6.3,19.1,35265.95
2008-02-08,7.8,-0.4,3.0,0.0,4.7,16.6,35292.82
2008-02-09,6.5,-5.1,0.2,0.0,8.0,21.2,35391.59
2008-02-10,7.3,-4.1,1.6,0.0,9.1,27.7,35496.04
2008-02-11,9.6,1.0,4.8,0.0,12.3,33.1,35560.5
2008-02-12,6.7,2.0,3.8,1.0,13.4,37.1,32063.96
2008-02-13,6.1,-0.5,2.7,4.2,14.4,47.5,33608.81
2008-02-14,3.8,0.5,2.0,9.5,8.1,40.3,2006.87
2008-02-15,5.1,-1.3,1.1,0.4,13.5,34.9,35736.48
2008-02-16,6.0,-1.4,2.1,1.3,11.1,32.4,29852.54
2008-02-17,9.3,-2.6,3.7,0.1,13.0,38.5,36065.45
2008-02-18,8.2,-1.4,3.9,12.5,18.7,60.8,31091.29
2008-02-19,0.1,-2.3,-1.4,11.6,22.0,75.6,35768.81
2008-02-20,1.5,-3.8,-1.2,2.1,13.5,41.4,33553.85
2008-02-21,6.0,-6.0,-0.9,0.0,5.1,13.7,36968.94
2008-02-22,9.8,-4.6,2.0,0.0,5.7,14.8,37185.22
2008-02-23,11.7,-0.6,4.9,0.0,6.2,16.9,33500.08
2008-02-24,13.3,2.5,8.1,0.0,4.3,17.6,18180.68
2008-02-25,8.6,4.1,6.6,0.4,4.4,17.3,23592.35
2008-02-26,7.0,0.6,3.8,0.6,15.9,43.6,35347.1
2008-02-27,11.2,-1.7,4.4,0.0,5.2,18.4,37582.07
2008-02-28,13.4,-1.3,6.1,0.0,6.6,21.6,32875.02
2008-02-29,14.9,3.0,8.9,0.0,6.3,24.8,37730.0
2008-03-01,13.8,3.4,8.6,0.1,6.1,20.5,36000.0
2008-03-02,10.8,4.3,6.8,0.2,13.0,35.6,37146.97
2008-03-03,10.3,3.2,6.1,8.4,23.1,70.6,34738.17
2008-03-04,13.8,1.3,7.4,0.0,5.9,26.3,38125.61
2008-03-05,16.6,1.8,9.2,0.0,9.3,28.1,38136.9
2008-03-06,19.2,4.0,11.9,0.0,5.2,19.8,38350.5
2008-03-07,20.9,8.0,14.3,0.0,7.1,19.8,38430.94
2008-03-08,22.0,6.9,14.3,0.0,8.6,28.1,34919.05
2008-03-09,23.2,8.3,16.0,0.0,8.0,26.3,32758.94
2008-03-10,20.2,10.1,16.4,0.2,14.0,53.3,32794.05
2008-03-11,14.8,5.3,9.6,0.0,9.0,30.6,38917.01
2008-03-12,14.7,2.4,8.7,0.0,5.6,24.1,38825.79
2008-03-13,11.3,3.3,7.8,2.8,11.9,42.5,36637.73
2008-03-14,10.2,4.5,6.9,15.9,21.6,75.6,23440.78
2008-03-15,10.2,3.8,6.3,2.9,18.1,56.2,38449.55
2008-03-16,15.1,3.3,8.9,0.0,6.5,20.5,39710.84
2008-03-17,18.0,2.9,10.6,0.0,6.6,23.8,39897.15
2008-03-18,18.3,4.1,11.4,0.0,7.7,28.8,39681.98
2008-03-19,16.5,4.5,11.8,0.0,13.3,39.2,40281.59
2008-03-20,18.8,9.0,13.9,0.0,9.3,30.6,40374.19
2008-03-21,22.1,13.7,17.5,0.0,14.2,38.9,40573.89
2008-03-22,24.0,16.7,19.6,0.0,18.8,49.3,40777.02
2008-03-23,26.9,15.1,21.0,0.0,11.1,32.8,40983.39
2008-03-24,26.6,14.1,21.6,0.0,13.0,36.0,41143.7
2008-03-25,21.8,12.3,18.1,0.0,15.2,49.3,41158.72
2008-03-26,11.7,4.8,8.6,0.0,13.7,42.1,40589.65
2008-03-27,12.4,4.1,7.9,0.0,7.9,23.8,40476.24
2008-03-28,16.1,3.2,10.1,0.2,7.8,27.4,39600.0
2008-03-29,19.9,6.1,12.7,0.0,17.8,54.7,41454.39
2008-03-30,13.6,5.6,9.1,7.7,12.1,41.4,37687.7
2008-03-31,11.6,5.1,7.5,2.0,16.5,43.2,38152.67
2008-04-01,10.5,3.6,6.5,0.4,16.9,47.2,41001.1
2008-04-02,14.6,1.5,8.2,0.0,7.2,24.8,41746.2
2008-04-03,18.5,2.4,10.5,0.0,14.4,47.9,41931.23
2008-04-04,12.1,3.6,7.7,0.3,18.3,50.4,40048.2
2008-04-05,17.1,3.5,10.8,0.0,6.8,26.3,39957.1
2008-04-06,22.0,8.7,15.2,0.2,13.5,46.1,36120.27
2008-04-07,13.0,6.1,9.3,0.4,16.6,46.8,41881.39
2008-04-08,12.9,4.3,7.8,0.0,12.6,35.6,42152.27
2008-04-09,16.1,2.7,9.7,0.0,8.6,28.1,39257.54
2008-04-10,16.5,7.9,11.8,1.1,9.2,32.4,27779.48
2008-04-11,19.5,9.1,14.2,0.0,8.9,26.6,43001.59
2008-04-12,22.5,8.5,16.1,0.0,4.7,23.0,43277.28
2008-04-13,26.0,13.0,19.6,0.0,5.8,25.2,43452.39
2008-04-14,27.4,13.2,20.7,0.0,9.6,28.8,43059.04
2008-04-15,27.3,13.3,20.8,0.0,15.7,43.6,43697.15
2008-04-16,21.1,6.5,16.8,0.0,16.1,48.6,43039.01
2008-04-17,17.1,2.7,10.2,0.0,8.4,32.0,43945.36
2008-04-18,22.1,6.4,15.0,0.0,8.1,26.3,44338.83
2008-04-19,19.6,11.0,15.9,0.0,15.1,43.6,44452.64
2008-04-20,22.5,9.8,16.2,0.0,5.5,26.6,44565.46
2008-04-21,25.7,15.6,20.4,0.0,15.0,42.1,44677.21
2008-04-22,28.3,17.2,22.5,0.0,9.7,35.6,44787.8
2008-04-23,30.1,17.5,24.3,0.0,11.7,33.8,44897.12
2008-04-24,30.1,13.6,23.1,0.0,12.2,38.2,43751.57
2008-04-25,27.3,18.0,24.1,0.0,7.8,24.1,28610.95
2008-04-26,28.1,14.7,21.4,0.7,10.2,34.6,45216.72
2008-04-27,19.8,11.0,15.3,0.0,10.9,36.4,45320.99
2008-04-28,18.7,3.5,12.1,0.0,9.4,31.3,45424.71
2008-04-29,15.8,7.5,11.0,0.0,14.3,41.4,45527.8
2008-04-30,15.8,4.7,10.2,0.0,12.5,34.9,45630.18
2008-05-01,17.0,3.8,10.8,0.0,10.2,32.0,45731.75
2008-05-02,18.9,6.2,12.6,0.0,10.0,29.9,45832.45
2008-05-03,20.5,4.7,13.6,0.0,11.6,34.6,45932.17
2008-05-04,20.5,9.3,14.6,0.0,10.8,31.3,46030.85
2008-05-05,20.5,10.7,15.4,0.0,16.7,47.5,46128.39
2008-05-06,18.0,9.5,13.4,0.0,16.8,46.8,46224.71
2008-05-07,18.0,7.5,12.3,0.7,12.4,37.4,46319.71
2008-05-08,15.0,7.2,11.0,1.2,16.1,43.6,46385.51
2008-05-09,13.7,6.4,9.7,3.3,17.7,47.5,44276.23
2008-05-10,16.7,5.9,11.4,0.0,12.3,37.4,46482.62
2008-05-11,19.0,7.9,13.2,0.0,6.6,27.4,36284.95
2008-05-12,21.8,10.0,16.7,0.0,14.6,42.1,46574.24
2008-05-13,21.6,13.4,17.2,0.0,14.9,41.4,46617.84
2008-05-14,24.3,11.3,18.3,0.0,11.9,35.3,46659.91
2008-05-15,24.6,10.3,18.4,0.4,24.0,76.0,46697.62
2008-05-16,19.0,9.2,13.7,0.0,12.6,36.7,46739.16
2008-05-17,20.7,7.6,14.5,0.0,7.0,28.4,46776.46
2008-05-18,22.4,8.7,16.1,0.0,10.2,32.0,46800.0
2008-05-19,25.2,13.2,19.2,0.0,9.1,27.7,46800.0
2008-05-20,27.2,11.9,20.6,0.0,6.2,25.9,46800.0
2008-05-21,29.1,14.3,22.7,0.0,7.6,27.4,46800.0
2008-05-22,28.5,18.6,23.2,0.0,10.4,29.5,46800.0
2008-05-23,25.3,15.1,20.0,0.0,11.5,35.3,46800.0
2008-05-24,24.0,12.4,17.6,0.0,13.0,34.2,46800.0
2008-05-25,21.4,11.0,16.0,0.0,15.1,43.9,46800.0
2008-05-26,20.6,10.1,15.3,0.0,15.5,42.1,46800.0
2008-05-27,23.4,7.4,16.5,0.0,7.6,27.0,46800.0
2008-05-28,25.5,13.2,19.5,0.0,6.3,27.0,46800.0
2008-05-29,28.0,15.6,21.6,0.0,10.1,31.3,46800.0
2008-05-30,28.5,17.5,22.6,0.0,9.3,30.2,46800.0
2008-05-31,29.1,17.6,23.2,0.0,8.0,28.4,46800.0
2008-06-01,28.3,18.0,22.7,0.0,9.0,29.9,46800.0
2008-06-02,26.4,16.9,21.4,0.0,17.3,44.3,46800.0
2008-06-03,25.4,14.6,19.8,0.0,13.5,37.8,46800.0
2008-06-04,27.8,15.7,21.7,0.0,10.8,31.3,46800.0
2008-06-05,30.6,19.1,24.7,0.0,15.5,46.4,46800.0
2008-06-06,25.2,13.2,20.6,0.0,15.5,45.4,46871.61
2008-06-07,22.0,10.8,16.1,0.0,17.8,53.6,46868.8
2008-06-08,26.6,11.6,19.7,0.0,16.8,46.1,46865.91
2008-06-09,29.8,19.0,24.0,0.0,17.8,48.2,46862.93
2008-06-10,21.0,12.2,17.4,0.0,24.1,63.0,46800.0
2008-06-11,21.8,11.9,16.6,0.0,18.3,56.9,46856.88
2008-06-12,23.6,12.8,18.1,0.0,14.5,43.2,46952.62
2008-06-13,26.7,13.0,20.2,0.0,7.6,28.4,46950.8
2008-06-14,28.1,15.8,21.8,0.0,14.7,41.0,47050.1
2008-06-15,28.5,18.7,23.1,0.0,15.9,42.1,47049.32
2008-06-16,26.4,13.8,20.1,0.0,12.0,37.4,47048.47
2008-06-17,28.4,15.9,21.7,0.0,10.0,32.0,47047.6
2008-06-18,29.4,16.4,22.9,0.0,11.9,36.0,47151.72
2008-06-19,31.0,17.3,24.3,0.0,9.4,30.2,47151.61
2008-06-20,31.6,20.0,25.5,0.0,11.8,37.1,47151.43
2008-06-21,31.8,21.3,26.3,0.0,14.5,40.7,47151.22
2008-06-22,29.8,20.7,24.8,0.0,11.9,35.3,47150.96
2008-06-23,29.3,18.1,23.7,0.0,7.3,29.2,47042.62
2008-06-24,30.7,19.3,25.0,0.0,8.6,29.9,47150.42
2008-06-25,32.3,20.6,26.6,0.0,11.8,33.1,47150.16
2008-06-26,34.2,23.7,28.6,0.0,9.0,30.2,46932.01
2008-06-27,34.5,23.8,28.4,0.0,8.9,32.4,47149.62
2008-06-28,31.5,19.0,25.3,0.0,12.3,33.5,47149.35
2008-06-29,27.1,15.9,21.7,0.0,14.1,41.0,47258.34
2008-06-30,29.3,18.5,23.6,0.0,18.3,49.0,47258.07
2008-07-01,29.6,17.8,23.4,0.0,12.0,34.9,47148.63
2008-07-02,30.0,17.2,23.3,0.0,12.0,35.6,47257.39
2008-07-03,28.9,18.3,23.0,0.0,12.0,33.8,47148.23
2008-07-04,29.0,17.8,23.1,0.0,10.1,33.8,47148.07
2008-07-05,29.5,18.4,23.4,0.0,15.5,42.1,47255.98
2008-07-06,28.5,17.4,22.6,0.0,11.5,35.3,47147.75
2008-07-07,30.1,18.1,23.8,0.3,15.9,42.5,47147.6
2008-07-08,30.4,17.2,23.6,0.0,11.5,38.5,47248.7
2008-07-09,30.5,17.7,24.0,0.0,10.8,33.1,47110.84
2008-07-10,32.2,19.4,25.8,0.0,8.0,29.9,47078.98
2008-07-11,31.8,21.6,26.1,0.0,11.3,33.5,47046.69
2008-07-12,29.4,18.9,23.7,0.0,12.3,33.5,47013.97
2008-07-13,29.5,16.8,22.9,0.0,10.9,33.5,46980.9
2008-07-14,30.3,17.2,23.6,0.0,10.7,32.4,46846.28
2008-07-15,30.8,18.9,24.3,0.0,18.3,47.9,46913.98
2008-07-16,31.9,18.5,25.1,0.0,9.5,32.4,46780.86
2008-07-17,32.9,20.8,26.5,0.0,13.7,36.7,46746.91
2008-07-18,31.3,19.1,24.8,0.0,10.5,31.3,46712.09
2008-07-19,31.3,17.1,24.2,0.0,12.0,33.1,46676.42
2008-07-20,30.6,17.8,23.9,0.0,12.3,35.6,46547.32
2008-07-21,31.5,18.2,24.5,0.0,11.2,31.3,46511.82
2008-07-22,32.0,20.8,25.8,0.0,14.2,37.4,46475.64
2008-07-23,32.1,20.6,26.1,0.0,12.6,36.7,46352.01
2008-07-24,32.5,21.2,25.9,0.0,9.1,34.6,46241.46
2008-07-25,30.3,19.8,24.3,0.0,10.7,32.8,46202.57
2008-07-26,27.1,15.5,20.6,0.0,12.6,33.8,46163.39
2008-07-27,25.6,12.3,18.5,0.0,13.4,38.2,46117.76
2008-07-28,26.6,13.2,19.6,0.0,12.6,35.6,46084.38
2008-07-29,28.6,15.0,21.5,0.0,10.7,32.4,46044.66
2008-07-30,30.1,13.8,22.8,0.0,9.9,30.6,46004.88
2008-07-31,31.3,15.7,24.2,0.0,12.7,35.3,45965.09
2008-08-01,30.9,19.0,24.6,0.0,11.3,33.8,45925.35
2008-08-02,30.3,18.8,24.0,0.0,13.6,37.4,45885.7
2008-08-03,29.9,17.7,23.1,0.0,13.6,36.7,45846.2
2008-08-04,29.5,16.5,22.3,0.0,12.8,34.2,45806.9
2008-08-05,29.1,17.0,22.3,0.0,13.5,36.7,45767.55
2008-08-06,29.5,17.5,22.8,0.0,11.6,34.6,45728.02
2008-08-07,29.6,18.4,23.3,0.0,15.4,40.0,45688.34
2008-08-08,29.9,19.0,23.9,0.0,14.1,40.3,45648.52
2008-08-09,30.5,20.4,24.6,0.0,12.2,37.1,45608.58
2008-08-10,30.0,19.1,24.1,0.0,12.3,35.6,45568.54
2008-08-11,30.9,20.0,24.8,0.0,12.0,35.6,45528.42
2008-08-12,29.7,19.5,24.1,0.0,14.1,37.4,45488.25
2008-08-13,28.0,15.2,21.3,0.0,11.9,32.8,45448.03
2008-08-14,29.3,16.9,22.7,0.0,10.4,32.8,45374.99
2008-08-15,30.5,18.7,24.0,0.0,14.1,39.2,45270.11
2008-08-16,29.7,19.3,24.1,0.4,9.8,29.9,45164.36
2008-08-17,31.1,20.4,25.4,0.0,6.6,27.0,45057.82
2008-08-18,32.9,19.9,26.5,0.0,10.2,32.0,44950.57
2008-08-19,34.2,22.9,27.8,0.0,5.7,28.4,44842.7
2008-08-20,35.8,23.8,29.2,0.1,8.3,31.7,44734.26
2008-08-21,33.6,23.6,27.9,0.6,7.6,29.2,43911.52
2008-08-22,30.8,18.7,24.4,0.4,13.3,33.8,43522.28
2008-08-23,29.2,18.9,23.5,0.4,9.3,28.1,43254.75
2008-08-24,29.0,17.4,23.7,1.3,10.4,30.2,42898.07
2008-08-25,29.7,19.2,24.5,0.0,6.9,25.2,43888.65
2008-08-26,30.4,19.9,25.3,0.0,12.0,35.3,43803.52
2008-08-27,35.1,19.4,27.4,0.0,13.6,39.2,43602.18
2008-08-28,34.6,25.0,29.1,0.0,8.0,31.0,42950.97
2008-08-29,33.4,23.9,28.3,0.0,8.8,32.8,42871.11
2008-08-30,32.1,21.4,25.9,0.0,9.0,30.2,43228.04
2008-08-31,32.2,20.8,25.8,0.0,6.4,28.1,43138.77
2008-09-01,32.2,17.9,25.4,0.0,6.4,29.2,42518.06
2008-09-02,30.9,20.5,25.0,0.0,8.9,31.7,42073.72
2008-09-03,31.3,16.4,24.2,0.0,8.7,31.3,42351.58
2008-09-04,33.8,20.4,27.3,0.0,7.7,31.0,42228.04
2008-09-05,34.3,24.3,29.0,0.8,6.5,29.5,41527.23
2008-09-06,33.4,20.9,27.5,0.2,7.4,27.0,41217.59
2008-09-07,32.5,22.1,26.7,0.3,7.9,27.0,41343.48
2008-09-08,30.4,19.5,24.3,0.0,10.1,30.2,41323.11
2008-09-09,28.2,11.4,20.8,0.0,9.3,28.8,40851.28
2008-09-10,28.3,18.0,22.6,0.0,15.9,43.6,40770.64
2008-09-11,28.4,18.1,22.7,0.0,10.5,31.3,40546.16
2008-09-12,28.9,17.5,22.7,0.0,8.9,30.2,40333.66
2008-09-13,25.3,16.6,20.8,0.0,7.6,25.6,39872.23
2008-09-14,25.6,13.6,19.9,0.0,11.8,32.8,39826.27
2008-09-15,29.7,14.8,22.5,0.0,8.1,28.1,39801.25
2008-09-16,29.8,19.7,24.1,0.0,10.2,30.6,39737.4
2008-09-17,30.0,14.4,23.0,0.0,10.3,30.6,39748.87
2008-09-18,28.1,18.3,22.6,0.0,13.4,38.9,39682.88
2008-09-19,24.5,14.0,18.8,0.0,13.4,34.9,39600.0
2008-09-20,24.2,13.0,18.1,0.0,10.4,28.8,39600.0
2008-09-21,25.0,13.6,19.1,0.0,10.1,31.3,39600.0
2008-09-22,25.5,17.2,21.2,0.0,16.2,45.4,39600.0
2008-09-23,24.8,14.7,20.0,0.0,16.2,45.4,39600.0
2008-09-24,22.1,12.5,16.4,0.0,12.5,35.6,39600.0
2008-09-25,25.4,11.6,18.6,0.0,10.0,30.6,39600.0
2008-09-26,24.7,15.8,19.5,4.3,21.4,56.9,39600.0
2008-09-27,19.4,13.6,16.5,6.0,16.3,56.2,36256.27
2008-09-28,19.2,12.8,15.5,0.3,13.7,37.1,39259.64
2008-09-29,22.1,12.9,16.9,0.0,14.4,40.3,37796.39
2008-09-30,17.9,11.5,15.0,2.9,17.7,50.0,37001.26
2008-10-01,19.8,9.2,14.4,0.0,7.6,24.8,39412.54
2008-10-02,21.0,10.7,15.5,0.0,5.1,22.3,39331.7
2008-10-03,24.1,7.8,16.4,0.0,6.6,24.8,39251.57
2008-10-04,26.8,16.2,21.2,0.0,11.8,34.6,39171.22
2008-10-05,26.4,19.1,21.9,0.0,16.2,45.0,39090.63
2008-10-06,24.7,16.0,19.8,0.0,12.8,37.1,39009.91
2008-10-07,22.3,13.7,17.3,0.0,10.1,30.6,38914.3
2008-10-08,23.0,10.0,16.5,0.0,6.9,25.2,38786.78
2008-10-09,23.0,11.5,16.9,0.0,4.6,25.9,38659.04
2008-10-10,21.4,13.1,17.0,0.0,5.9,23.8,38209.86
2008-10-11,20.9,14.0,16.9,0.6,6.9,24.8,38276.21
2008-10-12,21.9,10.5,16.5,0.0,10.0,33.5,37207.27
2008-10-13,26.5,11.3,19.0,0.0,10.2,32.4,38147.64
2008-10-14,31.0,15.1,23.4,0.0,15.7,45.4,37680.16
2008-10-15,23.5,12.7,17.3,7.2,11.4,42.8,33627.18
2008-10-16,17.6,11.1,13.6,0.6,14.0,37.8,34804.89
2008-10-17,20.0,10.0,14.8,0.0,5.0,22.3,37350.87
2008-10-18,22.7,9.7,16.2,0.0,5.5,22.3,37514.62
2008-10-19,25.2,11.2,17.9,0.0,5.5,23.4,36574.68
2008-10-20,25.5,14.3,19.5,0.0,4.9,22.0,37017.44
2008-10-21,21.5,13.9,17.1,2.6,6.6,23.0,36209.81
2008-10-22,18.9,11.8,14.8,2.0,5.8,22.0,36032.54
2008-10-23,18.5,10.5,14.7,0.0,4.6,23.0,35858.89
2008-10-24,19.8,9.2,14.8,0.2,6.3,26.3,35229.53
2008-10-25,20.1,12.0,15.6,0.0,5.1,20.9,35298.4
2008-10-26,17.8,10.1,13.3,4.1,9.4,28.4,35250.88
2008-10-27,14.7,8.4,11.4,2.8,14.0,39.2,32400.0
2008-10-28,15.0,9.1,11.2,2.6,9.5,29.9,30210.7
2008-10-29,14.6,6.0,9.8,0.5,8.7,24.1,33633.39
2008-10-30,16.5,4.9,10.8,0.0,8.7,24.5,34948.35
2008-10-31,18.1,6.5,12.1,0.0,8.2,25.2,32987.22
2008-11-01,19.1,9.3,13.5,0.0,5.6,23.0,35024.04
2008-11-02,18.8,8.2,13.1,0.0,5.4,24.5,34788.45
2008-11-03,17.6,6.1,11.7,0.0,5.2,23.8,34569.2
2008-11-04,17.9,7.1,12.1,0.0,4.6,22.3,34675.38
2008-11-05,18.1,4.9,11.6,0.0,5.4,20.9,34694.02
2008-11-06,17.9,5.9,11.9,0.0,4.0,20.2,34557.7
2008-11-07,18.3,6.8,12.3,0.0,5.1,21.6,34497.34
2008-11-08,18.4,5.8,11.7,0.0,5.9,21.2,29810.97
2008-11-09,19.6,7.7,13.2,0.0,4.6,22.0,33075.11
2008-11-10,19.7,8.9,13.8,0.0,6.1,23.8,34157.55
2008-11-11,18.5,7.1,12.3,0.0,6.1,24.1,33937.89
2008-11-12,17.8,6.9,11.9,0.3,8.9,28.8,32820.61
2008-11-13,14.9,9.1,11.5,0.2,12.1,32.0,33096.04
2008-11-14,15.4,5.3,10.5,0.0,9.3,25.2,32400.0
2008-11-15,16.5,3.4,10.1,0.0,4.4,20.5,32976.21
2008-11-16,15.9,5.9,10.4,0.0,6.9,22.3,32971.79
2008-11-17,16.4,6.4,10.7,0.0,5.8,22.0,33740.83
2008-11-18,17.9,5.0,10.9,0.0,5.6,20.9,23192.95
2008-11-19,20.2,8.1,13.9,0.0,7.9,25.2,25993.2
2008-11-20,15.4,9.4,12.7,1.0,13.4,44.6,32567.93
2008-11-21,13.8,8.5,10.3,0.0,13.1,36.7,32400.0
2008-11-22,12.3,7.3,9.2,1.4,13.4,40.7,30056.78
2008-11-23,15.2,6.2,10.4,0.0,13.8,38.2,31233.05
2008-11-24,16.7,9.4,12.3,0.0,9.6,31.7,32889.4
2008-11-25,18.3,7.4,12.1,0.0,6.8,22.0,32797.61
2008-11-26,19.8,9.9,14.0,0.0,8.3,25.9,32498.49
2008-11-27,17.7,9.7,12.8,0.0,10.9,31.7,32700.9
2008-11-28,11.3,5.9,8.5,5.2,13.7,56.2,23564.95
2008-11-29,10.8,3.9,6.6,1.0,10.8,32.8,32400.0
2008-11-30,15.1,2.9,8.6,0.0,5.0,20.2,32550.16
2008-12-01,16.5,4.5,10.6,0.0,4.3,19.4,32542.74
2008-12-02,15.6,2.5,8.8,0.0,3.9,18.7,32488.18
2008-12-03,16.9,2.8,8.6,0.0,6.5,20.2,32483.18
2008-12-04,17.8,1.4,8.0,0.0,7.2,22.0,32439.89
2008-12-05,18.5,3.4,9.6,0.0,6.6,20.5,27947.87
2008-12-06,19.7,6.2,12.2,0.0,5.6,16.6,28800.0
2008-12-07,17.9,6.1,11.8,0.0,7.4,22.7,27891.43
2008-12-08,13.6,7.4,10.3,0.4,12.1,32.8,29708.95
2008-12-09,10.5,6.5,8.5,9.8,11.7,45.0,12510.38
2008-12-10,9.7,1.8,6.2,0.5,8.4,27.7,31187.24
2008-12-11,11.2,-2.4,3.4,0.0,6.2,18.7,32400.0
2008-12-12,12.9,-1.8,5.2,0.0,4.9,17.3,32376.48
2008-12-13,13.2,4.2,8.1,0.0,8.4,23.8,32332.37
2008-12-14,12.6,4.6,8.3,0.0,9.7,25.2,28889.78
2008-12-15,12.0,3.1,7.1,0.0,8.2,25.6,29995.63
2008-12-16,11.9,-0.7,5.5,0.0,4.7,21.6,32208.89
2008-12-17,12.9,0.2,6.1,0.0,3.9,17.3,32171.07
2008-12-18,15.4,1.5,8.0,0.0,5.4,16.9,32135.12
2008-12-19,17.2,5.6,10.4,0.0,4.7,17.6,32101.13
2008-12-20,14.6,7.0,10.5,0.2,3.8,23.4,11726.52
2008-12-21,10.9,6.1,8.7,3.6,6.5,32.8,0.0
2008-12-22,11.0,5.1,7.4,2.7,7.3,23.0,11032.29
2008-12-23,8.7,3.1,5.3,0.2,19.0,50.8,30545.3
2008-12-24,6.2,4.1,4.8,18.9,21.1,74.5,18030.65
2008-12-25,4.9,2.2,3.2,6.3,15.8,53.6,31938.65
2008-12-26,6.8,-1.0,2.9,0.0,5.8,17.3,30980.41
2008-12-27,8.2,-1.4,2.3,0.0,5.1,18.4,31896.77
2008-12-28,9.9,-1.5,3.5,0.0,4.2,16.2,31920.77
2008-12-29,8.9,1.6,4.9,2.9,13.7,37.4,26624.77
2008-12-30,8.6,2.8,5.6,1.3,9.4,28.8,28819.07
2008-12-31,6.3,-1.5,3.1,5.0,12.3,41.8,16188.22
2009-01-01,0.1,-5.1,-3.0,0.0,11.7,35.3,32113.76
2009-01-02,3.8,-4.7,-1.1,0.0,6.5,25.6,32114.79
2009-01-03,6.8,-2.6,2.1,0.0,4.3,18.4,30314.16
2009-01-04,8.1,-2.3,2.7,0.0,5.4,18.0,31896.03
2009-01-05,10.4,2.3,5.6,0.0,5.8,22.7,31968.29
2009-01-06,11.1,-0.1,5.1,0.0,6.5,22.3,32374.79
2009-01-07,10.5,3.3,6.1,0.8,15.5,45.4,31882.3
2009-01-08,10.0,1.9,6.1,0.0,9.4,26.3,31270.52
2009-01-09,7.9,2.2,5.0,0.5,9.7,26.3,26576.93
2009-01-10,9.5,-0.3,4.2,0.0,9.1,27.0,32353.5
2009-01-11,7.9,1.0,4.1,3.9,11.7,44.3,27074.65
2009-01-12,5.9,-4.0,0.8,0.1,5.1,19.1,32993.55
2009-01-13,9.5,-4.7,1.6,0.0,4.3,16.6,33164.73
2009-01-14,10.6,-2.9,2.6,0.0,8.4,21.2,30096.98
2009-01-15,13.9,-0.7,6.1,0.0,6.2,18.7,33313.47
2009-01-16,16.5,4.0,8.9,0.0,6.7,22.3,21085.37
2009-01-17,11.8,3.3,7.2,0.1,15.2,41.4,33422.15
2009-01-18,10.7,0.1,5.6,0.0,8.9,24.5,32660.88
2009-01-19,9.3,0.8,5.2,0.1,8.4,25.6,22847.57
2009-01-20,9.8,0.9,5.4,0.0,6.4,20.9,33732.17
2009-01-21,12.0,-1.5,5.2,0.0,6.2,17.3,33610.84
2009-01-22,14.2,0.8,6.1,0.0,8.4,21.6,33915.33
2009-01-23,12.3,-1.4,4.8,0.0,9.6,28.8,18246.1
2009-01-24,10.9,3.6,6.9,2.3,10.9,31.3,28741.15
2009-01-25,12.0,1.4,6.5,0.0,8.4,25.6,34067.29
2009-01-26,12.7,2.5,7.6,0.6,16.4,49.0,34302.41
2009-01-27,11.7,3.5,7.4,0.0,7.4,25.9,33162.81
2009-01-28,14.7,1.4,7.3,0.0,7.9,25.6,32954.85
2009-01-29,11.1,3.0,6.8,1.5,18.2,52.6,34606.76
2009-01-30,7.3,3.2,5.0,3.7,15.1,45.7,28232.88
2009-01-31,6.9,0.8,3.6,2.4,17.4,52.9,28232.82
2009-02-01,7.5,1.7,4.0,2.0,14.0,48.6,33932.18
2009-02-02,8.5,2.3,4.7,3.0,9.2,33.8,28444.08
2009-02-03,12.2,-0.5,5.9,0.0,7.4,24.8,35029.14
2009-02-04,14.4,0.3,6.8,0.0,7.9,21.2,32592.18
2009-02-05,16.9,1.3,9.2,0.0,7.2,25.2,33670.36
2009-02-06,12.5,3.8,9.3,0.0,11.9,35.6,35219.71
2009-02-07,11.4,1.5,6.5,0.0,11.8,34.9,34193.33
2009-02-08,15.4,4.6,9.1,0.0,6.8,21.6,30509.28
2009-02-09,17.6,5.4,10.5,0.3,8.1,34.9,6636.35
2009-02-10,8.7,2.0,4.6,8.8,16.6,61.6,13518.41
2009-02-11,8.0,1.2,4.1,3.5,16.9,52.6,34585.06
2009-02-12,11.9,3.5,7.2,0.0,9.7,29.5,33980.74
2009-02-13,14.7,-0.0,7.3,0.0,6.9,24.1,35916.23
2009-02-14,14.1,5.0,9.1,0.0,10.6,28.4,35856.26
2009-02-15,11.3,4.9,7.6,1.8,23.1,63.4,36058.13
2009-02-16,7.2,3.0,4.4,8.3,23.4,67.7,21812.27
2009-02-17,5.5,0.8,2.6,5.4,13.8,47.5,35874.99
2009-02-18,5.9,-1.8,2.2,1.6,9.5,27.0,35536.62
2009-02-19,9.6,-0.6,4.1,0.4,10.6,36.0,18177.17
2009-02-20,8.1,3.3,5.6,10.3,17.8,61.2,23611.53
2009-02-21,2.9,0.1,1.4,39.2,20.2,76.7,29734.84
2009-02-22,3.3,-1.0,1.1,7.6,12.2,48.2,36000.0
2009-02-23,3.2,-3.1,1.1,4.5,9.3,36.4,32621.72
2009-02-24,5.4,1.4,3.1,1.3,16.5,42.8,36185.86
2009-02-25,6.9,-0.0,3.4,0.0,8.9,27.0,36647.95
2009-02-26,8.4,-0.3,4.6,1.1,15.0,41.0,37204.45
2009-02-27,5.7,0.9,3.5,6.1,11.0,36.4,18432.4
2009-02-28,3.0,0.2,1.5,11.4,16.8,64.8,24188.92
2009-03-01,4.6,-0.3,1.4,3.3,12.1,40.7,33098.25
2009-03-02,5.5,-2.9,1.6,0.0,14.5,38.2,22739.6
2009-03-03,7.0,1.9,3.9,7.8,13.0,44.3,24649.88
2009-03-04,10.1,1.5,5.4,0.0,12.1,36.0,33932.07
2009-03-05,16.0,3.1,9.3,0.0,6.8,24.8,36256.1
2009-03-06,17.1,4.7,10.4,0.0,9.8,32.4,38337.23
2009-03-07,21.4,4.1,12.8,0.0,9.3,31.7,38416.9
2009-03-08,18.4,8.8,14.2,0.6,15.0,44.3,38420.61
2009-03-09,8.5,3.3,5.7,2.6,15.9,46.1,36544.83
2009-03-10,10.0,1.6,5.6,0.0,13.8,41.0,36172.56
2009-03-11,12.6,1.9,7.2,0.0,7.1,26.3,38727.29
2009-03-12,16.7,3.2,10.3,0.0,6.3,23.8,39062.1
2009-03-13,13.7,4.1,10.0,0.0,10.2,29.9,39056.0
2009-03-14,7.9,2.5,4.9,6.8,22.3,70.2,29606.04
2009-03-15,7.1,1.8,4.4,7.1,18.2,63.4,27761.65
2009-03-16,8.1,-0.2,3.5,0.0,11.8,34.2,37915.74
2009-03-17,9.7,-5.2,3.5,0.0,5.9,23.4,39378.48
2009-03-18,10.1,1.8,5.5,0.0,10.2,32.0,39862.05
2009-03-19,11.3,-2.0,5.1,0.0,11.9,34.9,39222.19
2009-03-20,10.3,4.1,7.1,3.5,4.4,47.9,24227.88
2009-03-21,12.3,-0.0,6.5,0.0,9.4,27.0,40233.99
2009-03-22,12.8,-0.2,7.1,0.0,12.5,34.9,40758.67
2009-03-23,12.7,4.8,8.3,5.0,13.3,63.0,28794.67
2009-03-24,6.8,2.4,4.2,16.6,18.7,67.3,27878.18
2009-03-25,8.8,2.1,5.5,0.6,9.7,32.4,37960.96
2009-03-26,11.1,-2.2,5.3,0.0,12.7,34.2,41169.08
2009-03-27,11.5,2.2,6.1,11.1,25.3,69.8,32400.0
2009-03-28,7.8,2.6,4.9,9.7,19.4,68.4,34156.19
2009-03-29,10.2,1.0,5.1,0.7,10.8,32.4,40853.79
2009-03-30,11.6,-2.7,4.9,0.0,11.5,34.6,41519.49
2009-03-31,15.2,-0.3,8.2,0.0,6.4,24.1,41594.7
2009-04-01,18.3,5.8,12.3,0.0,7.1,23.0,38973.14
2009-04-02,19.9,8.0,14.2,0.0,5.9,20.5,39407.53
2009-04-03,18.9,10.3,14.8,0.0,7.6,26.3,41696.17
2009-04-04,17.0,7.4,12.2,0.0,11.2,29.2,41496.5
2009-04-05,17.9,4.9,12.6,0.0,9.0,29.5,41783.82
2009-04-06,21.1,6.8,13.0,0.0,22.3,66.6,41079.82
2009-04-07,13.9,4.7,9.1,0.0,13.1,40.0,42190.62
2009-04-08,11.0,3.3,6.9,3.3,15.9,45.0,38170.48
2009-04-09,13.7,3.0,8.3,0.2,7.7,27.0,40618.84
2009-04-10,14.5,3.6,9.0,1.2,5.4,23.4,42110.49
2009-04-11,17.0,2.9,10.6,0.2,7.0,23.0,37066.87
2009-04-12,18.2,8.4,13.4,0.1,15.1,42.8,42939.39
2009-04-13,19.9,6.0,14.4,0.0,5.1,21.2,43437.25
2009-04-14,21.9,8.4,15.2,1.2,9.4,49.7,29871.83
2009-04-15,13.2,7.0,9.5,9.7,20.6,65.2,36716.61
2009-04-16,10.1,5.9,7.7,12.1,17.6,61.6,30373.16
2009-04-17,11.9,5.4,8.2,0.7,18.7,48.2,40318.59
2009-04-18,12.3,4.3,8.1,0.0,17.5,49.0,41133.21
2009-04-19,17.3,1.8,10.3,0.0,7.1,22.3,44425.21
2009-04-20,20.3,5.1,13.6,0.0,6.4,22.7,44536.39
2009-04-21,21.8,11.6,16.5,0.0,11.3,30.2,44565.88
2009-04-22,23.0,11.0,17.5,0.0,9.3,27.0,44755.37
2009-04-23,18.4,6.7,14.5,0.0,14.2,46.8,42272.18
2009-04-24,14.9,5.7,9.9,0.0,12.3,39.6,34618.12
2009-04-25,15.7,6.7,10.9,0.0,13.0,39.6,42708.01
2009-04-26,16.1,5.6,11.0,0.0,9.1,29.2,45187.29
2009-04-27,18.7,3.8,12.0,0.0,6.4,25.9,43716.0
2009-04-28,18.0,7.9,12.8,0.0,10.0,31.0,45399.31
2009-04-29,20.6,8.1,14.8,0.2,13.0,38.9,45504.04
2009-04-30,15.5,6.6,12.0,0.0,14.5,43.6,45607.8
2009-05-01,15.8,5.2,10.2,0.0,12.6,34.9,45710.52
2009-05-02,19.3,6.0,13.0,0.0,10.0,32.4,45812.09
2009-05-03,21.3,11.1,16.0,0.9,7.6,33.1,32266.43
2009-05-04,26.4,10.7,17.1,0.3,20.7,74.5,46011.42
2009-05-05,13.8,6.9,10.6,3.0,22.0,60.5,44093.2
2009-05-06,14.5,5.9,10.1,0.1,13.6,37.8,42760.03
2009-05-07,15.7,6.0,10.6,0.0,12.7,37.4,46299.59
2009-05-08,17.4,4.3,11.4,0.0,8.3,26.3,46376.92
2009-05-09,18.1,7.3,12.9,0.0,7.2,26.6,46425.71
2009-05-10,17.7,7.4,13.1,1.6,5.6,24.8,46472.93
2009-05-11,17.7,9.8,13.8,0.0,7.5,27.4,46518.5
2009-05-12,20.0,7.2,14.6,0.0,5.4,25.6,46562.68
2009-05-13,23.3,8.6,16.9,0.0,8.7,30.2,46605.63
2009-05-14,24.1,10.4,18.2,1.8,9.0,34.2,45499.64
2009-05-15,23.5,15.4,19.3,1.3,6.1,23.0,38955.29
2009-05-16,25.8,15.9,20.7,0.0,12.4,32.0,46726.93
2009-05-17,27.3,15.9,21.8,0.0,10.5,30.2,46764.8
2009-05-18,29.4,16.8,23.7,0.0,12.2,35.3,46800.0
2009-05-19,27.9,17.4,23.0,0.0,9.6,34.2,46800.0
2009-05-20,23.4,10.1,17.5,0.0,13.9,37.4,46800.0
2009-05-21,21.0,13.6,16.9,0.0,16.8,48.6,46800.0
2009-05-22,22.3,13.8,18.0,0.0,12.4,41.4,46800.0
2009-05-23,22.1,14.1,17.6,0.0,12.2,35.6,46800.0
2009-05-24,20.8,10.1,15.5,0.0,11.2,33.8,46800.0
2009-05-25,22.1,10.8,16.4,0.0,12.5,35.3,46800.0
2009-05-26,22.2,10.1,17.0,0.0,13.3,36.0,46800.0
2009-05-27,22.8,7.1,16.2,0.0,9.4,28.1,46800.0
2009-05-28,22.4,11.9,17.0,0.0,9.9,29.2,46800.0
2009-05-29,23.9,9.7,17.5,0.0,5.6,24.8,46800.0
2009-05-30,27.3,12.5,20.8,0.0,6.6,27.0,46800.0
2009-05-31,27.3,17.1,21.9,0.0,10.8,31.3,46808.4
2009-06-01,27.4,16.7,21.9,0.0,10.8,32.4,46800.0
2009-06-02,28.6,17.2,22.8,0.0,7.6,26.6,46800.27
2009-06-03,29.8,18.5,24.0,0.0,8.6,29.5,46800.0
2009-06-04,28.9,19.5,23.8,0.0,14.9,41.8,46800.0
2009-06-05,24.0,15.6,19.5,0.0,19.5,54.7,46875.12
2009-06-06,23.1,14.5,18.6,0.0,17.2,46.8,46872.3
2009-06-07,25.3,13.6,19.6,0.0,8.1,28.8,46800.0
2009-06-08,27.4,16.7,22.4,0.0,9.6,27.0,46800.0
2009-06-09,30.3,15.8,24.2,0.0,8.6,28.4,46863.28
2009-06-10,30.8,16.8,24.6,0.0,7.6,28.1,46860.17
2009-06-11,28.2,18.9,23.4,0.0,10.6,34.2,46857.05
2009-06-12,27.5,18.0,22.3,0.0,11.2,32.4,46853.96
2009-06-13,27.3,17.1,22.0,0.0,15.1,41.4,46950.87
2009-06-14,28.1,19.0,22.9,0.0,13.5,36.0,47050.12
2009-06-15,28.0,17.9,22.6,0.0,9.5,27.7,47049.37
2009-06-16,26.9,15.4,20.8,0.0,11.6,33.1,46945.43
2009-06-17,25.0,11.7,19.3,0.0,13.0,36.0,46943.73
2009-06-18,27.7,15.7,21.8,0.0,12.9,39.2,47046.94
2009-06-19,28.9,17.7,23.0,0.0,10.2,31.3,47046.14
2009-06-20,28.6,18.3,23.0,0.0,14.0,38.9,47151.54
2009-06-21,28.2,17.6,22.4,0.0,11.7,34.9,47044.61
2009-06-22,28.4,17.7,22.5,0.0,11.4,35.6,47151.12
2009-06-23,28.8,17.3,22.8,0.0,8.5,29.2,47150.86
2009-06-24,31.9,18.3,25.2,0.0,8.9,29.9,47042.43
2009-06-25,32.4,21.2,26.6,0.0,8.6,31.3,47258.79
2009-06-26,30.7,20.2,25.0,0.0,11.3,35.6,47258.77
2009-06-27,25.5,14.7,20.5,0.1,15.6,42.5,47040.67
2009-06-28,26.0,12.5,19.1,0.0,9.0,30.6,47149.38
2009-06-29,28.3,12.8,21.5,0.0,7.9,28.1,47149.1
2009-06-30,31.6,18.5,25.1,0.0,9.0,27.7,47258.12
2009-07-01,32.3,19.7,25.7,0.0,10.7,32.4,47367.08
2009-07-02,30.5,19.0,24.2,0.0,14.1,39.2,47257.5
2009-07-03,27.6,15.3,21.5,0.0,14.7,40.7,47257.12
2009-07-04,25.2,13.3,18.7,0.0,16.7,44.3,47256.68
2009-07-05,23.4,13.4,18.2,0.0,18.4,50.0,47147.85
2009-07-06,26.5,14.7,20.2,0.0,14.3,41.4,47039.79
2009-07-07,27.5,16.2,21.3,0.0,13.0,35.6,47040.17
2009-07-08,28.5,15.7,21.9,0.0,9.8,29.9,47040.65
2009-07-09,30.7,16.9,24.3,0.0,8.0,28.8,47013.2
2009-07-10,32.0,21.4,26.1,0.0,11.3,36.4,47089.51
2009-07-11,31.8,20.2,25.6,0.0,11.2,34.9,47058.84
2009-07-12,29.9,21.0,24.7,0.0,16.5,48.6,47027.07
2009-07-13,28.4,17.6,23.0,0.0,19.8,54.0,46994.27
2009-07-14,23.3,14.0,18.6,0.0,18.4,49.7,46859.02
2009-07-15,24.9,14.8,19.5,0.0,21.3,55.1,46825.46
2009-07-16,26.8,15.4,21.0,0.0,14.1,40.0,46692.11
2009-07-17,28.0,16.2,21.8,0.0,13.1,36.0,46658.33
2009-07-18,28.2,17.8,22.5,0.0,15.5,41.0,46623.91
2009-07-19,29.3,18.0,23.3,0.0,15.0,41.8,46588.9
2009-07-20,29.8,19.5,24.0,0.0,17.6,47.9,46553.33
2009-07-21,30.6,19.5,24.5,0.0,15.6,42.5,46426.09
2009-07-22,30.6,19.4,24.5,0.3,14.8,39.6,46323.46
2009-07-23,30.0,19.2,24.3,0.0,16.0,42.8,46356.29
2009-07-24,29.0,19.5,23.9,0.0,16.2,46.1,46320.9
2009-07-25,29.0,19.0,23.5,0.0,15.7,42.8,46207.77
2009-07-26,30.5,17.1,24.0,0.0,12.9,38.2,46168.95
2009-07-27,31.7,19.5,25.1,0.0,12.3,36.4,46134.77
2009-07-28,32.6,20.9,26.3,0.0,15.8,42.1,46100.91
2009-07-29,31.0,20.5,25.4,0.0,14.3,40.0,46052.61
2009-07-30,30.2,17.9,23.4,0.0,14.1,36.0,46014.08
2009-07-31,29.0,17.0,22.8,0.0,15.4,41.4,45975.4
2009-08-01,30.1,19.1,24.0,0.0,10.9,33.5,45936.41
2009-08-02,30.4,18.7,24.2,0.0,10.0,31.0,45897.12
2009-08-03,31.5,18.2,24.7,0.0,10.1,30.2,45857.6
2009-08-04,31.6,18.9,25.2,0.0,9.0,29.9,45817.85
2009-08-05,32.0,20.0,25.7,0.0,8.4,31.7,45777.91
2009-08-06,30.0,18.7,23.9,0.0,13.7,37.8,45737.8
2009-08-07,29.5,17.9,23.0,0.0,11.2,33.1,45697.57
2009-08-08,27.5,16.6,21.2,0.0,11.2,34.6,45657.24
2009-08-09,27.3,14.6,20.6,0.0,12.0,32.8,45616.83
2009-08-10,28.0,15.1,22.0,0.0,14.8,40.0,44667.27
2009-08-11,28.4,16.2,22.3,0.0,14.2,42.1,45535.89
2009-08-12,29.4,13.8,22.4,0.0,8.3,28.8,45495.41
2009-08-13,29.4,16.3,22.9,0.0,10.9,32.8,45058.12
2009-08-14,29.9,15.3,23.2,0.0,7.2,27.4,45396.37
2009-08-15,31.6,19.4,25.2,0.0,7.2,28.1,45292.78
2009-08-16,32.2,18.7,25.6,0.0,6.9,28.1,45188.57
2009-08-17,31.7,19.0,25.4,0.0,9.4,32.4,45083.81
2009-08-18,31.6,20.1,25.3,0.0,8.6,31.3,44978.6
2009-08-19,31.4,19.3,25.1,0.0,6.7,29.2,43886.88
2009-08-20,32.7,20.0,26.1,0.0,6.8,27.4,44318.8
2009-08-21,32.2,21.3,26.4,0.0,6.5,27.4,44657.19
2009-08-22,31.1,19.6,24.8,0.0,9.4,30.2,44547.48
2009-08-23,29.5,13.8,22.4,0.0,10.1,31.7,44436.61
2009-08-24,29.8,14.1,22.6,0.0,9.2,28.8,44324.67
2009-08-25,27.6,16.0,21.4,0.0,11.5,33.8,44211.73
2009-08-26,29.0,15.0,22.0,0.0,5.2,26.3,44097.89
2009-08-27,28.9,17.8,22.9,0.0,8.9,30.2,43045.61
2009-08-28,27.1,17.5,21.8,0.7,8.4,27.4,42236.23
2009-08-29,26.4,16.5,21.2,0.0,10.7,33.1,42216.72
2009-08-30,27.3,16.4,21.3,0.0,12.8,39.2,43244.7
2009-08-31,27.7,16.6,21.4,0.0,10.2,30.2,43155.76
2009-09-01,28.5,17.3,22.4,0.0,6.9,27.4,42387.16
2009-09-02,29.7,16.5,23.3,0.0,4.3,27.7,41364.41
2009-09-03,30.5,18.9,24.6,0.0,5.4,29.5,42131.41
2009-09-04,30.9,20.3,25.1,0.0,6.5,32.4,42234.57
2009-09-05,29.6,19.0,23.5,0.0,7.9,31.0,41030.52
2009-09-06,26.7,16.9,21.0,1.0,8.8,31.0,40753.26
2009-09-07,27.6,15.9,21.2,0.0,12.7,37.4,41277.82
2009-09-08,27.8,17.4,21.7,0.0,13.4,37.8,40863.39
2009-09-09,24.2,15.2,19.3,0.0,13.4,35.6,40376.52
2009-09-10,25.0,12.2,18.6,0.0,9.0,29.5,40575.68
2009-09-11,26.1,13.0,19.5,0.0,6.7,25.9,40355.15
2009-09-12,30.2,16.7,23.3,0.0,16.5,42.5,40249.6
2009-09-13,22.2,15.1,18.4,0.0,16.6,46.4,39918.97
2009-09-14,25.3,14.0,18.8,0.0,9.8,30.2,39730.37
2009-09-15,27.0,11.9,19.6,0.0,12.6,37.8,39889.09
2009-09-16,25.6,15.8,20.2,0.0,15.9,43.2,39734.69
2009-09-17,25.1,14.2,19.1,0.0,14.7,38.9,39667.51
2009-09-18,24.6,13.0,18.9,0.5,13.7,38.5,39611.33
2009-09-19,23.0,15.7,18.9,0.6,14.4,40.7,39600.0
2009-09-20,21.6,14.1,17.0,0.8,15.4,40.3,39600.0
2009-09-21,20.8,12.9,16.5,1.9,15.6,42.5,38693.34
2009-09-22,23.4,13.1,17.9,0.0,10.2,29.2,39600.0
2009-09-23,23.1,11.5,17.0,0.0,10.7,31.7,39600.0
2009-09-24,24.8,11.0,18.0,0.0,5.6,25.9,39600.0
2009-09-25,26.1,13.0,19.7,0.0,7.1,27.7,39600.0
2009-09-26,28.0,14.1,21.2,0.0,8.9,29.2,39600.0
2009-09-27,25.9,17.2,20.6,0.0,15.4,42.5,39600.0
2009-09-28,22.1,11.4,17.4,0.0,14.6,36.7,39600.0
2009-09-29,22.9,10.6,16.9,0.0,9.4,29.2,39600.0
2009-09-30,23.6,12.4,17.7,0.0,5.8,25.2,39523.32
2009-10-01,25.6,13.6,19.4,0.0,6.3,27.0,39440.91
2009-10-02,27.3,12.6,20.3,0.0,8.1,29.2,39358.29
2009-10-03,28.2,14.4,21.5,0.0,8.8,31.0,39275.57
2009-10-04,27.1,17.5,21.6,0.0,11.3,31.3,39192.84
2009-10-05,25.6,14.8,19.4,0.0,14.7,39.2,39110.22
2009-10-06,19.5,12.2,15.7,0.0,15.9,41.0,36626.89
2009-10-07,22.7,9.4,16.9,0.4,5.4,24.8,38386.18
2009-10-08,24.4,13.1,19.2,0.0,4.8,27.4,36958.95
2009-10-09,25.5,14.8,20.2,0.0,11.3,33.1,38683.5
2009-10-10,25.4,16.3,20.1,0.0,12.3,36.7,38555.54
2009-10-11,27.3,15.7,21.2,0.0,5.9,28.8,38427.89
2009-10-12,26.2,16.1,20.7,0.0,10.8,32.0,38300.63
2009-10-13,24.2,13.8,18.4,0.0,12.1,33.5,38039.29
2009-10-14,25.2,14.5,19.5,0.0,9.9,32.0,38047.68
2009-10-15,27.9,13.6,21.4,0.0,4.9,31.0,31824.26
2009-10-16,29.8,18.4,23.0,1.7,7.8,32.4,37159.28
2009-10-17,29.9,18.3,23.8,0.0,6.8,30.6,37366.86
2009-10-18,29.9,16.6,23.4,0.0,7.5,26.3,36775.96
2009-10-19,29.7,16.0,22.7,0.0,10.3,32.8,35815.66
2009-10-20,28.8,17.4,22.6,0.4,8.5,24.1,35804.29
2009-10-21,25.1,16.9,20.8,0.0,10.1,29.2,26295.24
2009-10-22,21.2,14.1,17.1,1.1,6.2,30.2,34022.18
2009-10-23,24.8,13.2,18.2,0.0,10.5,33.5,35987.88
2009-10-24,24.2,12.0,17.5,0.0,13.7,36.4,35929.77
2009-10-25,21.9,10.2,16.2,0.1,13.5,37.1,35757.02
2009-10-26,23.7,11.1,16.3,1.5,7.1,27.4,33992.81
2009-10-27,21.6,12.0,15.9,3.5,6.8,33.5,35530.67
2009-10-28,20.9,12.5,16.2,0.0,8.7,24.5,35471.38
2009-10-29,19.5,11.1,14.8,0.4,12.9,34.6,33387.26
2009-10-30,14.6,10.1,12.1,11.3,15.8,49.7,4247.55
2009-10-31,14.6,10.2,11.9,1.1,14.5,36.7,21975.55
2009-11-01,13.8,9.2,11.1,3.0,17.1,54.0,28069.86
2009-11-02,10.5,7.7,9.0,19.7,18.5,66.6,11919.62
2009-11-03,10.6,7.0,8.5,13.7,15.6,59.4,22245.66
2009-11-04,15.0,7.6,10.7,0.0,16.3,41.8,32663.42
2009-11-05,16.7,7.7,11.7,0.0,4.9,23.8,34632.28
2009-11-06,18.1,4.3,10.6,0.0,6.6,22.0,34499.79
2009-11-07,20.9,6.5,12.8,0.0,7.2,22.7,34351.63
2009-11-08,22.2,9.2,15.5,0.0,7.3,23.8,34387.19
2009-11-09,19.2,8.9,15.4,0.0,9.8,29.9,34328.86
2009-11-10,17.5,8.4,12.2,0.0,4.6,16.2,34174.82
2009-11-11,19.3,5.2,11.9,0.0,7.0,22.3,33822.9
2009-11-12,16.9,10.2,12.9,0.0,11.8,29.5,34054.46
2009-11-13,12.8,6.2,9.2,2.7,10.9,38.5,33786.22
2009-11-14,13.1,4.5,8.7,0.0,11.2,27.7,33065.34
2009-11-15,13.7,5.1,9.2,0.0,6.6,21.2,32400.0
2009-11-16,12.2,3.9,8.1,0.6,8.3,22.3,7447.73
2009-11-17,11.0,4.7,7.2,0.4,14.7,42.1,30470.52
2009-11-18,11.1,3.4,6.4,0.0,17.8,50.4,32558.72
2009-11-19,12.6,2.4,7.0,0.0,4.2,18.7,33535.55
2009-11-20,13.7,2.0,7.8,0.0,3.2,19.8,33318.74
2009-11-21,14.4,4.9,9.0,0.0,4.8,20.9,33204.14
2009-11-22,14.7,3.0,8.9,0.0,5.0,20.2,33181.88
2009-11-23,16.0,3.1,8.6,0.0,5.3,16.2,33074.54
2009-11-24,16.1,2.1,8.3,3.9,7.3,27.7,29432.39
2009-11-25,13.9,6.4,9.7,5.9,8.0,24.1,32400.0
2009-11-26,13.4,2.1,8.2,0.0,3.6,18.0,32425.69
2009-11-27,13.4,2.5,7.5,0.0,3.9,19.1,32704.89
2009-11-28,13.0,4.1,7.7,0.0,6.1,19.4,32563.77
2009-11-29,12.5,-0.9,6.5,0.0,7.2,22.7,32619.37
2009-11-30,13.9,2.2,8.2,0.0,4.4,18.7,32400.0
2009-12-01,13.8,0.4,6.9,0.0,4.4,15.5,31916.99
2009-12-02,12.8,-1.1,4.9,0.0,10.6,31.3,32489.53
2009-12-03,13.6,0.6,7.2,0.0,8.0,27.7,32400.0
2009-12-04,12.4,5.8,9.1,0.7,6.6,18.4,32400.0
2009-12-05,11.9,5.0,7.9,0.9,5.9,22.7,31761.6
2009-12-06,10.8,4.7,7.3,2.3,10.8,30.6,28633.65
2009-12-07,9.3,3.2,6.3,2.2,4.9,18.7,27592.16
2009-12-08,10.4,4.3,6.5,0.3,10.5,31.0,28800.0
2009-12-09,11.2,3.7,7.1,0.5,10.6,29.9,29866.67
2009-12-10,11.4,3.2,6.9,0.2,6.9,24.1,30454.36
2009-12-11,11.4,1.9,6.1,0.0,10.0,28.8,32400.0
2009-12-12,6.9,3.1,5.3,3.8,16.4,48.2,1295.2
2009-12-13,9.5,5.4,7.2,7.4,18.1,51.8,23181.53
2009-12-14,9.7,3.8,7.2,3.5,14.8,49.3,28779.54
2009-12-15,10.3,-0.5,4.2,0.0,5.8,18.7,28371.89
2009-12-16,12.6,0.1,5.2,1.6,7.7,49.7,16506.49
2009-12-17,7.1,3.4,5.7,30.2,12.8,51.5,0.0
2009-12-18,9.2,4.5,7.0,11.4,12.6,56.2,27339.91
2009-12-19,11.2,5.9,8.3,1.7,20.4,59.4,29549.74
2009-12-20,13.8,4.3,8.0,0.0,5.9,26.3,20096.26
2009-12-21,15.5,5.2,11.2,0.2,9.8,35.6,30816.27
2009-12-22,11.9,5.1,8.9,1.2,4.9,23.0,30546.28
2009-12-23,14.4,0.3,7.5,0.0,3.7,16.2,31996.71
2009-12-24,14.5,5.5,9.4,0.0,4.0,16.6,31970.06
2009-12-25,14.9,6.2,9.7,0.0,5.9,19.4,31946.49
2009-12-26,13.2,5.8,9.0,0.0,9.1,28.4,22853.88
2009-12-27,14.2,3.2,8.3,0.0,5.1,20.9,31899.56
2009-12-28,16.7,5.9,11.3,0.0,5.2,19.8,22392.35
2009-12-29,14.3,7.4,10.4,1.8,17.6,47.5,30144.06
2009-12-30,8.6,6.1,7.1,7.0,12.6,43.2,22620.86
2009-12-31,9.3,2.2,5.5,0.0,12.7,34.6,31714.85
2010-01-01,12.5,1.3,6.4,0.0,9.8,29.9,31818.16
2010-01-02,15.3,4.9,9.7,0.0,13.7,45.4,31807.95
2010-01-03,10.0,3.8,6.3,0.2,19.8,56.2,31799.95
2010-01-04,9.9,6.2,7.6,3.8,16.9,48.6,28800.0
2010-01-05,10.4,4.7,7.3,0.2,10.9,31.0,29233.48
2010-01-06,13.8,-0.3,6.5,0.0,5.4,15.5,32368.38
2010-01-07,17.6,4.6,10.7,0.0,5.0,18.4,32469.62
2010-01-08,18.1,8.5,12.2,0.0,3.7,16.2,32578.51
2010-01-09,18.3,6.1,11.5,0.0,3.8,15.1,32605.0
2010-01-10,19.0,6.2,11.5,0.0,6.0,17.6,31886.68
2010-01-11,15.5,7.0,10.9,0.0,14.2,47.2,31985.76
2010-01-12,10.2,3.1,6.5,0.0,6.1,26.3,16250.3
2010-01-13,10.5,3.6,6.6,5.7,11.4,42.8,26554.17
2010-01-14,10.5,1.4,5.5,0.7,13.2,38.2,23299.67
2010-01-15,11.0,4.0,7.1,0.0,11.2,32.4,30564.59
2010-01-16,14.0,0.8,6.8,0.0,6.5,20.5,32476.27
2010-01-17,16.9,2.9,9.3,0.0,6.2,19.8,31193.43
2010-01-18,10.9,5.9,8.1,21.0,16.5,66.6,0.0
2010-01-19,8.4,6.3,7.2,20.0,23.2,81.0,11345.79
2010-01-20,6.8,3.9,5.4,11.2,15.7,48.2,10224.39
2010-01-21,7.5,3.2,4.7,2.4,11.0,41.0,30608.91
2010-01-22,10.0,-1.5,4.3,0.0,10.5,29.9,33008.14
2010-01-23,10.1,2.8,6.3,0.8,17.9,47.9,32912.6
2010-01-24,7.9,3.4,4.8,9.9,16.1,50.8,18803.94
2010-01-25,4.1,1.1,2.4,12.0,16.8,62.3,24272.54
2010-01-26,2.7,-4.3,0.3,0.1,12.8,39.6,33936.07
2010-01-27,5.3,-8.9,-2.0,0.0,6.6,18.0,34368.74
2010-01-28,10.5,-4.2,3.3,0.0,12.5,38.5,33225.15
2010-01-29,9.6,3.9,6.3,0.2,17.5,42.5,26342.06
2010-01-30,14.3,2.3,8.3,3.8,10.7,56.5,22555.44
2010-01-31,11.8,5.1,8.3,0.1,12.3,40.3,34785.09
2010-02-01,10.9,3.5,6.5,0.0,7.3,22.7,33571.95
2010-02-02,11.4,0.2,5.9,0.0,7.1,24.1,34949.96
2010-02-03,7.1,0.3,3.3,7.6,16.7,59.8,19288.63
2010-02-04,0.8,-5.1,-1.7,11.1,20.5,71.6,35075.42
2010-02-05,-0.4,-7.7,-4.0,0.9,13.9,46.4,35137.96
2010-02-06,1.4,-15.1,-5.7,0.0,3.8,21.6,35200.3
2010-02-07,2.4,-11.1,-4.0,0.0,6.9,23.0,35298.14
2010-02-08,5.3,-5.7,0.8,0.1,9.0,29.5,22548.55
2010-02-09,8.5,2.7,5.1,2.7,13.7,47.9,33301.66
2010-02-10,10.3,1.9,5.6,0.5,5.8,19.4,34608.38
2010-02-11,13.7,1.3,6.8,0.0,8.9,29.5,33543.26
2010-02-12,14.7,5.5,9.5,0.0,12.6,38.2,34032.7
2010-02-13,16.1,7.0,11.0,0.0,5.4,19.1,35626.34
2010-02-14,20.2,6.3,12.5,0.0,6.2,23.8,35840.91
2010-02-15,20.1,7.0,13.6,0.0,9.8,31.7,33414.4
2010-02-16,19.5,11.9,15.8,0.0,16.1,45.7,35887.92
2010-02-17,19.1,11.5,14.9,0.0,7.0,23.4,25090.38
2010-02-18,20.2,10.2,15.7,0.0,16.4,48.2,36074.61
2010-02-19,14.0,6.1,9.7,0.0,24.2,68.8,36639.04
2010-02-20,17.0,5.6,11.2,0.0,6.2,27.7,36863.17
2010-02-21,18.8,6.3,13.6,0.0,13.6,59.0,33000.16
2010-02-22,9.1,4.4,6.3,3.9,21.9,62.6,34536.43
2010-02-23,9.1,4.5,6.1,0.1,13.8,37.1,32981.8
2010-02-24,11.2,1.3,6.5,0.1,6.6,20.9,33719.39
2010-02-25,12.2,2.8,6.8,13.5,8.0,33.5,25829.97
2010-02-26,8.3,4.4,5.8,13.6,14.4,50.0,7403.65
2010-02-27,8.5,4.3,5.9,8.7,12.7,42.1,26292.71
2010-02-28,7.2,4.0,5.5,14.4,12.6,62.6,15807.86
2010-03-01,10.7,4.4,6.8,0.0,15.3,42.1,36000.0
2010-03-02,13.9,-0.0,7.6,0.0,9.5,27.4,37265.88
2010-03-03,12.4,5.9,9.1,6.5,25.5,70.6,37051.51
2010-03-04,12.2,2.0,7.3,0.0,12.8,43.6,37058.64
2010-03-05,19.3,6.5,12.9,0.0,20.4,77.0,30082.84
2010-03-06,12.3,5.8,8.6,0.0,12.2,40.0,38162.82
2010-03-07,15.9,4.5,10.0,0.0,7.2,26.3,38239.24
2010-03-08,22.2,7.7,14.4,0.0,8.7,31.7,38316.35
2010-03-09,22.0,9.1,15.6,0.0,11.8,47.9,28286.91
2010-03-10,20.9,14.0,17.5,0.0,9.3,31.3,38473.52
2010-03-11,25.5,17.3,21.3,0.0,12.7,34.6,38080.69
2010-03-12,23.8,18.9,21.0,0.0,12.5,38.9,38780.73
2010-03-13,21.5,16.3,18.3,0.0,10.6,34.9,37304.36
2010-03-14,23.6,15.5,19.0,0.0,15.8,43.6,38370.71
2010-03-15,23.0,9.9,17.1,0.0,20.1,62.3,39387.29
2010-03-16,9.2,3.8,7.0,0.3,20.2,55.8,39187.19
2010-03-17,13.0,0.7,7.3,0.0,6.8,25.2,39295.01
2010-03-18,8.5,1.6,5.2,5.1,13.8,48.6,38492.18
2010-03-19,10.4,-3.1,4.3,0.2,6.1,25.6,39490.47
2010-03-20,10.8,0.6,6.1,0.5,6.4,24.1,40128.73
2010-03-21,14.6,-1.5,7.3,0.0,6.0,20.2,40643.89
2010-03-22,16.6,1.9,9.3,0.0,5.8,20.2,40848.68
2010-03-23,18.1,3.5,11.0,0.0,6.5,21.2,40835.48
2010-03-24,18.7,8.4,13.3,0.0,5.4,21.6,40350.17
2010-03-25,16.4,10.2,12.9,0.3,8.5,31.3,34086.5
2010-03-26,10.6,6.4,8.7,13.4,8.4,29.2,27686.09
2010-03-27,13.4,4.9,8.9,1.1,11.5,33.8,26306.51
2010-03-28,15.3,5.0,10.1,0.0,14.2,38.5,41311.76
2010-03-29,14.8,6.2,10.5,0.0,19.5,52.6,41084.25
2010-03-30,12.1,2.4,7.1,0.0,15.5,42.8,40971.98
2010-03-31,14.4,1.1,8.2,0.0,6.6,20.9,41352.01
2010-04-01,19.2,5.8,12.7,0.0,13.7,39.2,41624.5
2010-04-02,20.6,10.7,15.6,0.0,11.4,35.3,41726.29
2010-04-03,22.6,15.2,18.5,0.0,19.4,54.0,41836.87
2010-04-04,19.8,11.0,15.6,0.0,10.2,30.6,41955.63
2010-04-05,20.7,6.2,14.3,0.0,6.1,24.1,42082.0
2010-04-06,20.4,9.2,14.5,0.0,9.5,30.2,41816.09
2010-04-07,12.5,5.3,9.0,0.0,21.3,60.1,42054.79
2010-04-08,11.6,5.5,8.0,0.4,17.5,47.2,41161.75
2010-04-09,11.6,5.0,7.8,0.0,14.6,41.8,41946.45
2010-04-10,16.4,2.0,9.7,0.5,12.6,36.4,40229.28
2010-04-11,22.2,7.7,14.9,0.1,13.4,49.7,17012.68
2010-04-12,11.6,5.0,8.5,0.8,22.2,61.9,41601.51
2010-04-13,14.8,2.8,9.0,0.0,7.6,25.9,42318.41
2010-04-14,17.8,4.7,12.1,0.0,6.5,26.3,43372.6
2010-04-15,21.6,11.3,16.3,0.0,8.9,28.4,43897.43
2010-04-16,23.1,9.9,15.9,0.3,10.2,35.3,41494.33
2010-04-17,21.4,10.8,15.5,0.0,6.2,25.6,44033.89
2010-04-18,21.7,6.5,15.1,0.0,8.7,27.0,44278.75
2010-04-19,23.5,14.1,18.5,0.0,8.7,25.9,44391.49
2010-04-20,24.6,15.0,19.4,0.0,9.7,28.8,41539.77
2010-04-21,18.6,10.0,14.7,0.4,15.8,45.4,40789.94
2010-04-22,13.3,6.8,9.6,4.2,14.0,42.1,44346.36
2010-04-23,15.6,5.3,10.3,0.0,13.2,35.6,43316.91
2010-04-24,19.3,5.0,12.6,0.0,6.0,25.2,44947.6
2010-04-25,22.3,7.0,15.6,0.0,6.1,24.5,45056.72
2010-04-26,23.6,12.4,17.9,0.2,6.9,29.5,40270.05
2010-04-27,22.8,12.4,18.2,0.0,14.0,38.9,45272.18
2010-04-28,18.0,10.0,14.7,0.0,16.7,49.0,45378.34
2010-04-29,18.5,7.6,12.8,0.0,12.6,34.9,45483.35
2010-04-30,16.3,8.8,11.8,1.7,14.2,38.9,43138.36
2010-05-01,16.3,6.9,11.4,0.3,14.6,43.9,45689.51
2010-05-02,15.0,7.0,11.0,0.2,15.1,39.6,45790.48
2010-05-03,19.1,6.5,12.9,0.0,13.1,37.8,45889.91
2010-05-04,21.3,10.0,15.6,0.0,6.6,26.3,45987.73
2010-05-05,23.2,12.6,17.7,0.0,6.8,25.6,46083.81
2010-05-06,24.0,13.7,18.4,0.0,8.3,27.7,46178.18
2010-05-07,26.2,14.9,20.0,0.0,8.8,31.7,46232.72
2010-05-08,26.8,17.4,21.5,0.0,12.4,35.6,46361.72
2010-05-09,26.5,15.7,21.5,0.0,12.4,47.2,46410.22
2010-05-10,30.1,15.0,23.0,0.7,12.9,44.6,40794.45
2010-05-11,25.6,14.9,20.3,0.0,9.0,30.2,46503.88
2010-05-12,25.4,14.6,19.4,0.0,8.6,29.2,46548.96
2010-05-13,25.9,15.2,20.3,0.0,8.5,27.0,46592.88
2010-05-14,26.5,14.7,20.8,0.0,12.2,37.4,46635.56
2010-05-15,27.7,17.7,22.3,0.0,11.5,36.7,46676.99
2010-05-16,30.8,19.8,25.2,0.0,14.7,41.8,46717.14
2010-05-17,26.6,16.7,21.9,0.0,20.9,77.4,45016.37
2010-05-18,22.0,11.1,16.8,0.2,16.2,58.3,44254.12
2010-05-19,18.7,8.9,13.5,0.0,12.8,36.0,46800.0
2010-05-20,19.3,9.0,13.6,0.0,12.8,34.6,46800.0
2010-05-21,21.4,8.7,15.4,0.0,11.3,33.1,46800.0
2010-05-22,26.2,13.8,19.9,0.0,15.3,46.8,46800.0
2010-05-23,16.2,9.5,12.6,0.4,19.1,52.2,46800.0
2010-05-24,19.2,8.6,13.7,0.0,12.8,38.5,46800.0
2010-05-25,23.9,8.5,16.9,0.0,6.0,27.4,46800.0
2010-05-26,27.1,13.5,21.0,0.0,10.7,30.6,46800.0
2010-05-27,29.8,15.2,23.1,0.7,10.6,45.0,46800.0
2010-05-28,23.2,14.1,19.2,0.0,15.2,40.7,46800.0
2010-05-29,24.8,12.6,18.6,0.0,13.4,38.2,46800.0
2010-05-30,27.6,14.9,21.5,0.0,8.4,29.5,46800.0
2010-05-31,30.0,18.2,24.3,0.0,7.9,31.7,46800.0
2010-06-01,32.5,16.9,25.8,0.0,12.5,35.3,46800.0
2010-06-02,28.0,19.0,24.3,0.0,14.5,42.8,46801.1
2010-06-03,27.7,17.4,22.2,0.0,10.5,33.5,46800.0
2010-06-04,30.3,16.4,23.7,0.0,6.2,29.5,46800.0
2010-06-05,28.6,17.3,22.6,0.0,9.9,29.9,46800.0
2010-06-06,27.6,16.4,21.9,0.0,19.3,51.1,46800.0
2010-06-07,25.0,15.8,20.6,0.3,22.5,81.0,46800.0
2010-06-08,23.5,12.9,17.8,0.0,13.2,41.0,46866.58
2010-06-09,23.2,12.5,17.4,0.0,11.5,34.2,46800.0
2010-06-10,23.1,12.9,17.3,0.0,12.9,37.8,46656.16
2010-06-11,26.6,13.4,20.9,0.0,11.3,37.4,46857.49
2010-06-12,32.4,16.0,24.6,0.0,10.8,40.0,46854.52
2010-06-13,31.1,19.9,25.2,0.0,9.4,36.4,46851.65
2010-06-14,28.0,16.0,21.7,0.0,11.1,33.8,46949.64
2010-06-15,26.2,14.6,20.4,0.0,11.9,34.9,47049.7
2010-06-16,28.2,16.6,22.3,0.0,17.1,44.6,47048.98
2010-06-17,30.1,18.5,24.3,0.0,17.2,47.9,47048.21
2010-06-18,30.4,19.1,24.6,0.4,12.1,39.2,47047.38
2010-06-19,29.0,20.5,24.1,1.1,12.2,34.2,46033.57
2010-06-20,29.2,20.2,24.4,0.0,14.8,43.9,47151.59
2010-06-21,31.1,21.4,26.1,0.0,16.9,48.2,47151.39
2010-06-22,33.0,16.9,25.6,0.0,19.7,58.0,47151.16
2010-06-23,23.0,13.5,17.8,0.5,18.1,52.9,45877.36
2010-06-24,19.8,12.6,16.2,2.6,21.3,58.0,45680.12
2010-06-25,23.3,12.2,17.1,0.0,13.4,37.4,46933.2
2010-06-26,23.0,12.5,17.2,0.0,15.3,40.7,47041.09
2010-06-27,23.5,12.6,17.7,0.0,12.4,36.4,47040.51
2010-06-28,26.6,11.7,19.8,0.0,14.8,39.6,47258.64
2010-06-29,30.3,18.1,24.4,0.0,17.3,48.2,47258.47
2010-06-30,27.2,16.8,22.2,0.0,11.5,33.5,47148.78
2010-07-01,26.4,14.2,20.2,0.0,10.1,32.0,47148.55
2010-07-02,28.2,13.0,21.0,0.0,7.2,27.7,47148.35
2010-07-03,30.5,17.4,23.9,0.0,8.4,29.2,47148.18
2010-07-04,31.9,19.4,25.2,0.0,10.4,32.4,47256.84
2010-07-05,31.6,19.9,25.3,0.0,12.2,34.6,47256.33
2010-07-06,30.7,19.2,24.5,0.0,13.2,34.9,47255.78
2010-07-07,31.0,18.0,24.2,0.0,11.2,31.0,47255.13
2010-07-08,30.3,18.0,23.5,0.0,11.9,32.4,47254.41
2010-07-09,30.8,17.0,23.7,0.0,7.2,29.2,47131.59
2010-07-10,32.8,18.7,26.0,0.0,6.0,29.9,46995.07
2010-07-11,34.7,24.0,29.1,0.0,6.6,30.6,46963.8
2010-07-12,35.8,24.7,29.9,0.0,11.6,32.8,47035.37
2010-07-13,34.1,20.3,27.6,0.0,14.6,41.8,47001.5
2010-07-14,31.6,18.3,24.2,0.0,14.2,40.7,46966.86
2010-07-15,29.7,17.5,23.3,0.0,12.7,36.0,46830.96
2010-07-16,29.9,17.7,23.5,0.0,11.7,34.6,46796.09
2010-07-17,29.9,19.3,23.9,0.0,13.0,40.0,46662.73
2010-07-18,29.4,18.9,23.9,0.0,14.6,40.0,46628.21
2010-07-19,30.1,18.4,23.9,0.0,12.0,35.6,46593.33
2010-07-20,29.4,18.6,23.6,0.0,16.3,45.4,46558.11
2010-07-21,29.0,17.1,22.6,0.0,12.3,35.6,46522.64
2010-07-22,31.3,18.1,24.2,0.0,9.7,32.4,46397.02
2010-07-23,31.0,19.5,24.5,0.0,12.6,35.3,46363.01
2010-07-24,29.5,18.4,23.4,0.0,17.6,46.1,46255.6
2010-07-25,29.8,19.8,24.2,0.0,16.2,43.9,46218.41
2010-07-26,30.6,17.7,24.2,0.0,14.5,41.8,46180.91
2010-07-27,30.4,18.2,24.1,0.0,17.7,47.2,46146.15
2010-07-28,29.2,14.9,21.9,0.0,10.9,31.3,46104.53
2010-07-29,32.9,17.0,25.2,0.0,7.7,28.8,46065.72
2010-07-30,35.3,22.0,29.2,0.0,9.4,29.2,46026.55
2010-07-31,37.5,27.3,32.0,0.0,16.8,49.7,45987.07
2010-08-01,37.5,26.8,31.8,0.0,8.4,32.8,45947.32
2010-08-02,36.9,27.4,31.7,0.0,8.3,33.1,45907.33
2010-08-03,36.3,27.6,31.6,0.0,7.9,28.4,45867.16
2010-08-04,34.4,26.5,30.0,0.0,6.9,29.9,45826.83
2010-08-05,34.0,22.7,27.9,0.0,10.2,32.8,45786.39
2010-08-06,33.5,22.4,27.9,0.0,13.7,36.7,45745.87
2010-08-07,35.0,25.1,29.5,0.0,16.2,41.8,45705.31
2010-08-08,32.4,21.8,26.8,0.0,12.1,35.3,45664.75
2010-08-09,32.2,20.1,25.6,0.0,10.8,33.1,45624.23
2010-08-10,33.2,19.6,26.3,0.0,7.5,32.0,45583.79
2010-08-11,32.7,21.2,26.4,0.0,9.0,31.7,45543.45
2010-08-12,32.8,18.2,25.8,0.0,10.3,31.3,45503.25
2010-08-13,31.7,17.7,25.1,0.0,7.6,29.5,44380.32
2010-08-14,32.5,20.9,26.5,0.0,6.0,29.5,45423.41
2010-08-15,35.0,22.7,28.6,0.0,9.1,31.7,45323.44
2010-08-16,35.3,24.7,29.2,0.0,9.8,32.0,45219.72
2010-08-17,33.7,22.4,27.7,0.0,14.2,39.2,45114.61
2010-08-18,34.2,22.1,27.7,0.0,12.6,36.7,45008.21
2010-08-19,36.3,23.0,29.5,0.0,9.5,30.6,44900.61
2010-08-20,38.4,26.6,32.1,0.0,10.7,30.6,44791.89
2010-08-21,36.4,26.6,31.0,0.0,8.6,31.7,44682.12
2010-08-22,34.4,24.8,28.8,0.0,6.6,34.9,43929.82
2010-08-23,32.7,22.4,27.2,0.0,8.9,30.2,43120.65
2010-08-24,32.4,16.8,25.2,0.0,11.6,36.7,44249.95
2010-08-25,30.5,19.3,24.5,0.0,15.5,41.8,44161.88
2010-08-26,29.9,18.4,23.4,0.0,13.3,38.2,44072.67
2010-08-27,32.2,19.2,25.7,0.0,6.4,29.5,43982.32
2010-08-28,32.7,23.1,27.1,0.0,9.5,30.2,43550.05
2010-08-29,31.8,21.1,25.7,0.0,9.5,32.0,43350.74
2010-08-30,30.7,18.5,24.3,0.0,9.9,31.0,43374.53
2010-08-31,29.6,18.8,23.5,0.0,10.2,29.9,42612.48
2010-09-01,28.2,17.1,21.9,0.0,13.0,35.6,41633.93
2010-09-02,27.3,16.3,21.3,0.0,10.6,31.0,42188.57
2010-09-03,28.4,16.6,22.2,0.0,7.3,28.1,42188.61
2010-09-04,30.2,17.2,23.6,0.0,10.4,31.3,42515.92
2010-09-05,31.0,17.8,23.9,0.0,11.5,34.2,42286.86
2010-09-06,31.3,16.9,23.6,0.0,12.2,35.3,42058.7
2010-09-07,29.5,18.8,23.4,0.1,11.7,36.4,41569.72
2010-09-08,28.7,17.5,22.6,0.0,8.5,30.6,40889.09
2010-09-09,29.2,17.6,22.9,0.0,7.3,26.3,41084.83
2010-09-10,29.8,16.9,23.3,0.0,11.5,31.7,40977.48
2010-09-11,29.7,16.9,22.6,0.0,9.4,29.2,40744.59
2010-09-12,28.4,15.3,21.3,0.0,10.1,30.6,40438.3
2010-09-13,24.5,14.9,18.8,0.0,12.3,36.0,40018.22
2010-09-14,25.1,14.1,18.9,0.0,9.4,28.8,39633.29
2010-09-15,27.2,13.0,20.2,0.0,5.6,25.9,39828.29
2010-09-16,28.5,16.7,22.1,0.0,9.2,30.6,39808.04
2010-09-17,26.8,16.6,21.1,0.0,10.9,31.7,39678.47
2010-09-18,25.0,13.9,19.0,0.0,8.5,28.8,39600.0
2010-09-19,29.7,14.5,22.5,0.0,4.3,27.4,39600.0
2010-09-20,31.7,20.7,25.8,0.0,5.8,28.8,39619.04
2010-09-21,32.6,17.9,25.4,0.1,10.2,34.9,39622.94
2010-09-22,30.4,21.2,25.2,1.3,18.4,45.7,29120.18
2010-09-23,29.7,19.1,24.2,0.0,11.6,38.9,39600.0
2010-09-24,31.4,20.6,25.4,0.8,10.2,38.5,39600.0
2010-09-25,30.5,21.3,25.2,1.9,12.0,36.4,39600.0
2010-09-26,29.0,19.1,23.7,0.0,9.4,29.9,39600.0
2010-09-27,29.2,17.1,22.9,0.0,12.3,33.1,39600.0
2010-09-28,27.6,18.8,22.6,0.0,17.5,47.2,39600.0
2010-09-29,27.7,15.1,21.2,0.0,12.1,34.6,39600.0
2010-09-30,30.2,19.1,23.6,0.0,17.3,46.1,39541.95
2010-10-01,28.6,19.5,23.4,0.0,16.5,46.8,39457.9
2010-10-02,29.7,19.7,24.3,0.0,6.1,31.0,39374.0
2010-10-03,29.2,18.3,23.3,0.0,11.9,43.9,39290.35
2010-10-04,26.3,17.5,21.7,0.0,14.4,41.0,39207.04
2010-10-05,23.1,13.1,17.4,0.0,13.4,38.2,39124.18
2010-10-06,23.6,12.0,17.3,0.0,9.1,31.0,39041.87
2010-10-07,23.6,10.4,17.4,0.0,8.2,28.4,38960.21
2010-10-08,21.6,12.6,16.1,2.1,15.1,46.4,34307.2
2010-10-09,18.1,11.3,14.2,1.0,19.0,50.0,36291.03
2010-10-10,20.7,9.9,15.2,0.0,10.4,33.8,37490.05
2010-10-11,21.1,13.1,16.3,1.0,13.6,38.2,38460.23
2010-10-12,22.7,8.5,16.0,0.0,12.4,35.3,38335.24
2010-10-13,25.8,13.9,19.7,0.0,13.4,38.2,38210.8
2010-10-14,28.2,18.9,23.1,0.0,14.6,38.9,38085.97
2010-10-15,29.1,16.5,23.3,0.0,11.9,40.0,37960.76
2010-10-16,26.6,19.8,22.4,0.1,17.0,48.6,35572.54
2010-10-17,25.5,17.1,20.5,0.0,12.0,37.8,37709.52
2010-10-18,28.1,16.2,21.6,0.0,5.6,26.3,37583.7
2010-10-19,29.9,15.8,22.6,0.0,9.8,31.0,37457.88
2010-10-20,31.7,16.2,23.7,0.0,17.1,47.9,37332.16
2010-10-21,27.3,18.7,22.8,0.3,7.2,27.0,35315.11
2010-10-22,25.9,19.6,21.8,0.6,5.8,26.6,33894.91
2010-10-23,22.6,14.6,18.4,0.0,11.6,34.9,36475.64
2010-10-24,22.3,10.7,16.3,0.0,8.8,29.5,36174.61
2010-10-25,20.6,11.4,15.4,0.0,9.0,28.1,35996.23
2010-10-26,22.7,7.9,15.4,0.0,7.3,25.9,36042.51
2010-10-27,25.4,11.8,19.1,0.0,11.1,34.2,34992.17
2010-10-28,26.8,15.1,20.8,0.0,12.9,34.9,28611.13
2010-10-29,16.7,11.0,13.8,5.3,18.6,53.6,29146.85
2010-10-30,14.8,10.5,12.1,2.7,14.5,41.4,33108.72
2010-10-31,18.4,7.2,12.7,0.0,4.9,22.3,35016.36
2010-11-01,17.4,9.5,13.4,0.3,3.3,20.9,33315.86
2010-11-02,19.5,8.2,13.6,0.0,6.2,21.2,35171.73
2010-11-03,19.8,5.9,12.3,0.0,6.6,20.9,35019.04
2010-11-04,21.0,5.9,12.9,0.0,5.5,20.5,34953.37
2010-11-05,23.8,10.5,16.8,0.0,5.0,22.7,34807.1
2010-11-06,22.7,12.8,17.2,0.0,8.2,24.8,34590.4
2010-11-07,20.1,11.5,15.6,0.0,8.8,25.9,34458.08
2010-11-08,18.7,4.3,12.0,0.0,5.8,19.1,34468.85
2010-11-09,21.5,6.3,13.4,0.0,6.6,20.5,34406.29
2010-11-10,25.1,9.6,17.1,0.0,5.4,24.1,34280.84
2010-11-11,25.2,13.6,18.8,0.0,6.2,24.1,34161.38
2010-11-12,24.2,14.3,18.1,0.0,6.5,26.3,34102.93
2010-11-13,23.5,11.6,17.6,0.0,5.8,25.2,26013.4
2010-11-14,25.5,12.7,18.9,0.0,7.3,25.2,33943.97
2010-11-15,24.6,12.4,17.8,0.0,9.2,30.2,32647.68
2010-11-16,23.3,10.9,16.5,0.0,6.9,24.1,33508.93
2010-11-17,22.4,12.4,16.1,0.5,7.0,22.0,33072.51
2010-11-18,24.4,10.1,16.5,0.0,6.2,22.7,33670.05
2010-11-19,24.9,13.2,18.4,0.0,3.3,22.7,33444.82
2010-11-20,23.5,15.3,18.3,0.0,9.7,28.4,33420.3
2010-11-21,21.1,12.5,16.2,0.0,10.5,28.8,33302.57
2010-11-22,17.5,9.1,12.6,0.0,7.2,24.1,33013.32
2010-11-23,17.6,6.0,11.4,0.0,5.8,20.2,31551.03
2010-11-24,19.0,8.0,12.8,0.0,6.0,22.3,32898.76
2010-11-25,19.4,8.5,13.5,0.0,6.8,23.4,32883.38
2010-11-26,20.3,10.5,14.3,0.0,7.3,21.2,32718.89
2010-11-27,21.5,9.2,14.7,0.0,4.0,21.6,32778.12
2010-11-28,21.8,10.8,15.5,0.0,3.2,20.9,32433.45
2010-11-29,22.2,10.3,15.1,0.0,4.5,20.2,32400.0
2010-11-30,22.0,9.1,14.6,0.0,4.6,20.2,32611.12
2010-12-01,21.9,10.5,15.2,0.0,5.1,20.9,32546.74
2010-12-02,22.7,10.7,15.3,0.0,4.3,18.7,32490.16
2010-12-03,22.3,8.2,14.2,0.0,4.8,18.4,32485.27
2010-12-04,22.8,7.3,14.0,0.0,4.9,18.4,32479.36
2010-12-05,22.1,8.8,14.7,0.0,5.4,22.0,32404.26
2010-12-06,13.5,7.0,9.2,8.4,12.7,46.8,26148.53
2010-12-07,13.1,7.3,9.5,0.3,6.3,19.4,22245.94
2010-12-08,14.3,5.0,9.7,0.0,3.4,18.4,32400.0
2010-12-09,15.2,5.6,10.0,0.0,3.9,20.2,32400.0
2010-12-10,14.5,6.1,9.9,0.2,11.6,37.4,30664.16
2010-12-11,9.4,4.2,7.4,18.3,21.5,82.8,0.0
2010-12-12,3.6,0.4,1.9,12.3,19.3,67.7,530.07
2010-12-13,3.8,-1.2,1.5,11.3,14.4,56.2,10011.16
2010-12-14,4.4,-1.0,2.4,0.4,9.1,28.4,32315.43
2010-12-15,8.7,-1.5,2.0,0.0,4.2,18.7,32275.56
2010-12-16,12.3,-0.3,5.0,0.0,6.6,24.8,32236.65
2010-12-17,12.3,2.8,7.9,0.0,15.4,47.5,32198.78
2010-12-18,9.1,3.6,6.2,6.6,12.6,41.8,28922.76
2010-12-19,10.1,2.5,6.2,0.0,3.9,15.8,26442.63
2010-12-20,12.7,1.0,6.0,0.0,4.9,16.9,32092.45
2010-12-21,14.4,1.9,7.2,0.0,5.9,19.8,32059.75
2010-12-22,15.0,3.8,8.7,0.0,4.0,15.5,32028.59
2010-12-23,14.4,5.7,9.4,0.0,6.2,18.0,32004.03
2010-12-24,12.7,1.8,7.5,0.0,6.7,19.4,31974.82
2010-12-25,13.1,1.8,6.6,0.0,2.8,16.2,31947.0
2010-12-26,15.4,3.8,8.8,0.0,2.7,13.3,31963.24
2010-12-27,17.7,4.1,9.7,0.0,6.2,22.7,31941.72
2010-12-28,16.4,2.7,7.9,0.0,8.2,27.0,31921.82
2010-12-29,14.9,1.0,7.0,0.0,7.7,25.6,31861.29
2010-12-30,10.7,4.1,6.8,2.5,7.1,22.0,11218.48
2010-12-31,9.7,4.0,6.3,0.6,8.8,28.4,30701.91
2011-01-01,9.8,4.6,6.5,0.9,10.5,29.5,28994.11
2011-01-02,10.1,1.1,5.3,0.0,5.4,19.4,29064.03
2011-01-03,10.0,3.4,6.1,0.9,9.1,27.7,22891.91
2011-01-04,9.3,4.7,6.5,4.7,7.3,28.4,27203.73
2011-01-05,9.2,3.0,5.7,0.0,12.0,32.0,26347.71
2011-01-06,10.0,1.9,5.7,0.0,10.6,29.2,31893.1
2011-01-07,9.2,0.1,4.4,2.6,11.7,33.1,31439.37
2011-01-08,6.1,0.1,2.8,1.0,12.4,31.7,28826.44
2011-01-09,8.6,-2.2,3.5,0.0,9.4,28.1,32156.22
2011-01-10,7.8,-0.8,3.9,1.2,9.0,25.6,31424.11
2011-01-11,10.0,-0.9,4.6,0.0,4.0,17.6,32465.44
2011-01-12,9.4,-0.4,3.7,0.0,6.8,20.9,32784.38
2011-01-13,9.1,-2.2,2.6,0.0,10.0,33.5,33140.67
2011-01-14,11.3,-1.4,4.7,0.0,7.0,24.5,33164.09
2011-01-15,6.5,2.4,4.1,1.6,8.8,22.7,31701.57
2011-01-16,8.6,-0.7,4.2,1.6,9.1,23.8,32528.26
2011-01-17,10.1,3.2,6.1,1.8,8.7,28.1,27642.61
2011-01-18,10.2,0.5,5.3,0.0,7.2,23.4,33214.61
2011-01-19,9.8,2.7,5.6,0.2,6.5,20.9,33015.59
2011-01-20,10.7,-1.0,5.1,0.0,4.9,19.4,33660.31
2011-01-21,10.9,-0.0,5.1,0.0,5.8,20.2,33774.62
2011-01-22,11.0,-1.2,4.8,0.0,5.2,20.9,32556.77
2011-01-23,11.8,2.9,6.7,0.0,4.6,20.5,33806.44
2011-01-24,11.2,1.1,5.9,0.0,8.0,25.6,33330.38
2011-01-25,11.7,1.3,6.8,0.0,5.1,21.2,32167.82
2011-01-26,8.6,3.4,5.7,3.4,12.1,40.7,26689.04
2011-01-27,11.8,3.1,6.9,0.0,17.2,61.6,27357.36
2011-01-28,10.1,1.5,5.9,2.9,10.5,45.7,34003.84
2011-01-29,11.5,5.1,7.2,21.0,13.8,58.3,16988.87
2011-01-30,8.3,4.9,6.2,16.0,14.9,53.6,18253.19
2011-01-31,6.4,1.9,3.8,9.1,18.6,56.9,19147.59
2011-02-01,5.2,-1.5,1.6,0.0,16.6,40.7,34874.74
2011-02-02,3.8,-2.9,-0.1,0.0,12.2,36.7,34938.11
2011-02-03,7.4,-4.2,1.3,2.4,6.1,20.9,25592.66
2011-02-04,8.5,1.0,5.3,24.4,12.3,43.2,0.0
2011-02-05,9.4,3.7,6.3,1.8,11.0,38.9,31559.21
2011-02-06,10.9,-2.5,4.4,0.0,5.2,16.6,35188.72
2011-02-07,11.3,0.4,6.1,10.0,3.4,29.2,25996.83
2011-02-08,10.3,4.3,7.1,2.1,5.8,21.6,31429.95
2011-02-09,9.7,3.8,6.0,0.0,11.2,26.6,35371.71
2011-02-10,9.2,0.9,5.0,0.2,10.9,29.2,35431.52
2011-02-11,8.6,1.1,4.4,0.4,13.7,36.4,35491.13
2011-02-12,8.4,-4.0,2.7,0.0,9.4,26.6,35550.55
2011-02-13,8.1,0.7,4.1,1.7,10.1,29.2,35579.13
2011-02-14,8.9,0.9,4.5,3.4,11.5,37.4,31309.67
2011-02-15,10.7,3.2,6.2,3.3,16.1,49.7,32127.4
2011-02-16,7.5,4.8,5.9,10.1,12.9,51.1,2410.14
2011-02-17,9.4,3.7,5.8,0.0,16.2,42.1,35034.02
2011-02-18,13.2,2.2,6.9,0.0,7.2,20.2,35901.62
2011-02-19,15.7,1.9,7.8,0.0,17.6,51.5,36621.77
2011-02-20,7.8,2.7,5.4,13.4,20.0,72.7,3861.99
2011-02-21,9.7,4.9,6.8,5.8,23.1,64.4,32609.48
2011-02-22,12.2,3.9,7.8,0.0,6.6,22.3,29466.69
2011-02-23,12.9,1.6,7.4,0.0,13.3,35.6,37226.01
2011-02-24,14.5,6.2,9.6,0.0,8.7,27.0,37357.88
2011-02-25,16.1,5.5,9.8,3.2,14.3,45.7,36964.02
2011-02-26,8.0,3.9,5.8,12.0,17.9,64.8,21665.25
2011-02-27,8.5,4.8,6.3,7.7,12.9,40.0,17946.93
2011-02-28,7.5,1.4,4.2,4.6,11.2,43.2,31738.65
2011-03-01,11.4,1.2,6.1,0.0,8.0,24.5,36000.0
2011-03-02,13.6,-0.7,7.4,0.0,5.2,19.8,37831.99
2011-03-03,15.3,2.1,8.8,0.0,9.7,31.7,37937.78
2011-03-04,15.3,7.0,10.5,0.0,11.0,34.6,38010.07
2011-03-05,14.8,5.5,9.6,0.0,10.8,32.0,38059.43
2011-03-06,17.0,1.8,10.2,0.1,12.8,44.6,37956.12
2011-03-07,11.6,5.1,8.1,0.9,17.6,49.0,38107.77
2011-03-08,8.0,4.5,5.9,6.6,17.8,48.2,31499.96
2011-03-09,4.9,0.6,3.0,14.1,16.3,67.3,27407.0
2011-03-10,1.7,-0.8,0.3,16.7,18.3,69.5,36086.11
2011-03-11,2.9,-1.0,1.3,5.2,11.4,47.2,31736.07
2011-03-12,6.0,-4.4,2.2,2.1,5.1,20.5,38766.78
2011-03-13,8.5,-3.7,1.9,0.0,8.7,26.6,39196.32
2011-03-14,11.7,-3.5,4.0,0.0,6.4,22.3,39284.62
2011-03-15,13.7,-1.4,6.3,0.0,4.1,18.7,39464.8
2011-03-16,15.6,1.2,8.6,0.0,4.0,19.1,39648.88
2011-03-17,17.6,5.0,11.3,0.0,4.7,19.1,39739.18
2011-03-18,18.9,6.1,12.8,0.0,6.5,23.0,39828.34
2011-03-19,17.6,10.5,13.7,0.4,5.5,22.7,37512.18
2011-03-20,18.5,8.7,13.0,0.0,9.5,28.1,18293.2
2011-03-21,15.4,7.9,11.8,1.0,11.7,49.7,39770.88
2011-03-22,10.7,4.1,6.9,3.7,13.5,44.3,37972.56
2011-03-23,10.3,3.0,6.2,1.1,14.6,41.4,38185.93
2011-03-24,8.8,3.3,5.4,2.3,13.6,41.8,37695.61
2011-03-25,9.6,-1.1,5.2,0.8,9.0,26.6,39898.22
2011-03-26,13.2,-0.2,7.0,0.0,6.6,23.0,40931.58
2011-03-27,14.0,2.8,8.8,0.0,9.8,29.2,40942.18
2011-03-28,12.7,2.6,7.8,0.0,10.9,31.0,40952.1
2011-03-29,14.6,-0.0,8.3,0.0,6.3,21.2,40238.74
2011-03-30,16.7,2.9,10.7,0.0,5.9,24.1,41458.28
2011-03-31,20.7,7.0,14.1,0.0,6.2,24.1,41575.59
2011-04-01,23.5,9.0,16.7,0.0,7.7,25.9,41139.24
2011-04-02,21.0,12.4,16.6,0.6,13.1,40.7,30050.91
2011-04-03,17.0,8.4,12.0,1.8,12.2,40.7,40697.19
2011-04-04,10.6,4.7,7.6,4.6,13.0,41.0,30760.03
2011-04-05,10.1,4.7,6.9,1.9,15.5,44.6,35097.17
2011-04-06,11.9,4.5,8.0,2.3,8.7,28.4,40062.55
2011-04-07,12.6,3.4,8.3,2.3,9.7,28.1,39946.63
2011-04-08,15.2,3.6,9.9,2.3,11.8,46.8,42396.76
2011-04-09,13.1,4.5,8.8,0.0,17.6,48.6,41606.13
2011-04-10,11.8,5.1,8.0,2.2,19.0,58.3,40164.75
2011-04-11,13.0,5.8,9.0,3.0,22.5,68.8,40709.13
2011-04-12,7.7,3.2,6.2,8.3,23.4,82.4,35042.93
2011-04-13,11.8,-1.1,5.9,0.0,10.1,32.4,42530.46
2011-04-14,16.3,1.0,9.3,0.0,7.8,28.4,43581.97
2011-04-15,17.0,8.3,12.8,0.0,12.2,37.1,43879.38
2011-04-16,22.2,11.5,16.9,0.7,10.7,37.1,42650.71
2011-04-17,24.3,15.2,19.9,0.0,16.5,52.6,43776.91
2011-04-18,25.6,9.9,19.8,0.0,18.4,47.5,43301.48
2011-04-19,18.6,8.0,15.4,0.2,13.0,37.1,27392.34
2011-04-20,13.5,5.4,9.0,0.0,14.2,38.9,44470.49
2011-04-21,13.4,2.4,8.5,0.3,7.0,22.7,41244.84
2011-04-22,11.1,5.6,8.2,5.0,13.3,36.0,39990.14
2011-04-23,11.7,4.1,7.9,3.7,11.5,35.6,39206.89
2011-04-24,16.2,1.1,9.7,0.0,8.5,27.4,44926.12
2011-04-25,15.5,2.3,9.4,0.0,12.0,36.4,45035.17
2011-04-26,17.2,3.2,11.1,0.0,7.9,27.4,45143.04
2011-04-27,21.3,5.1,14.8,0.0,7.4,25.9,42130.53
2011-04-28,22.1,15.2,17.6,2.8,9.9,38.2,29893.43
2011-04-29,17.5,10.3,13.9,7.2,10.4,40.7,43245.3
2011-04-30,14.8,8.4,11.0,7.1,13.3,46.1,42639.04
2011-05-01,14.9,7.6,11.1,0.1,15.2,43.2,43763.97
2011-05-02,21.1,9.2,15.0,0.6,21.1,54.4,45761.04
2011-05-03,19.7,10.2,15.1,0.0,9.7,30.2,45860.02
2011-05-04,23.7,12.8,17.4,0.6,14.2,46.4,29449.8
2011-05-05,22.0,13.7,18.0,0.0,18.0,49.7,46055.52
2011-05-06,17.8,10.1,14.6,0.0,14.8,42.1,46151.89
2011-05-07,15.9,8.0,11.7,0.0,13.1,36.7,43355.0
2011-05-08,17.2,6.9,12.3,0.1,6.8,24.5,45370.25
2011-05-09,19.4,6.8,13.9,0.0,6.3,27.7,43866.89
2011-05-10,20.7,10.4,15.4,0.0,8.3,27.4,46444.88
2011-05-11,19.7,7.3,14.3,0.0,9.8,32.0,46492.26
2011-05-12,16.6,8.0,12.8,3.4,21.1,71.6,46538.4
2011-05-13,13.3,6.8,9.5,2.2,14.3,42.5,45336.5
2011-05-14,12.8,5.8,9.3,2.9,11.7,33.1,40511.35
2011-05-15,16.5,2.7,10.5,1.9,6.0,27.0,46584.07
2011-05-16,21.2,6.2,14.4,0.1,10.1,33.8,46709.72
2011-05-17,24.1,9.4,17.2,0.4,15.5,44.6,46749.0
2011-05-18,21.8,11.4,16.4,4.4,10.1,38.2,35940.44
2011-05-19,21.0,11.1,16.3,0.1,13.1,36.0,46800.0
2011-05-20,23.5,13.6,17.8,0.0,20.3,58.3,46800.0
2011-05-21,19.8,9.4,15.0,0.0,12.3,34.9,46800.0
2011-05-22,21.9,11.4,16.3,0.0,11.5,33.5,46800.0
2011-05-23,22.6,12.1,17.5,0.0,7.3,27.4,46800.0
2011-05-24,24.6,14.1,18.9,0.0,7.3,25.6,46800.0
2011-05-25,24.7,14.6,19.2,0.0,12.6,36.0,46800.0
2011-05-26,24.4,16.3,20.1,0.0,16.2,40.3,46800.0
2011-05-27,26.0,16.8,21.3,0.6,15.1,45.4,44173.84
2011-05-28,21.0,14.9,17.5,10.3,8.5,51.1,23050.49
2011-05-29,20.3,14.0,16.9,1.2,13.2,43.9,46800.0
2011-05-30,21.6,10.0,16.5,0.0,6.8,23.4,46800.0
2011-05-31,24.7,12.1,19.0,0.0,6.8,26.3,46800.0
2011-06-01,21.5,12.3,17.1,0.4,12.6,32.8,46384.75
2011-06-02,22.0,9.5,16.0,0.0,11.9,33.8,46800.0
2011-06-03,24.6,12.0,18.3,0.0,7.6,26.6,46800.0
2011-06-04,25.9,11.5,19.3,0.0,6.5,25.2,46800.0
2011-06-05,25.4,14.3,19.8,0.0,9.5,28.8,46800.0
2011-06-06,25.7,12.0,19.4,0.0,7.8,26.6,46800.0
2011-06-07,27.5,16.0,21.8,0.0,7.3,24.8,46870.16
2011-06-08,26.9,17.2,21.6,0.0,13.0,38.5,46867.32
2011-06-09,27.5,18.3,22.3,0.0,16.6,43.9,46864.48
2011-06-10,28.0,19.1,23.3,0.0,18.4,51.1,46861.65
2011-06-11,22.3,13.0,18.0,0.0,18.8,55.8,46955.45
2011-06-12,22.5,12.5,17.0,0.0,17.7,49.3,46953.82
2011-06-13,20.1,12.0,15.6,0.1,18.0,49.7,46800.0
2011-06-14,19.7,11.7,15.8,0.3,14.0,39.6,43523.69
2011-06-15,25.3,10.2,18.7,0.0,6.8,26.3,46847.17
2011-06-16,26.6,13.7,20.6,0.0,9.9,28.8,46946.75
2011-06-17,26.5,12.8,19.6,0.0,10.8,32.4,47048.34
2011-06-18,24.9,12.5,18.6,0.0,10.1,30.2,46943.17
2011-06-19,26.1,12.8,19.3,0.0,9.0,29.2,47046.57
2011-06-20,27.5,10.3,20.3,0.0,9.6,30.6,47045.66
2011-06-21,29.8,17.9,23.7,0.0,8.0,29.5,47151.37
2011-06-22,30.2,18.2,24.2,0.0,9.7,32.8,47151.12
2011-06-23,29.6,18.1,23.5,0.0,11.3,36.0,47150.84
2011-06-24,30.0,18.3,23.8,0.0,9.0,30.6,47150.54
2011-06-25,30.0,19.0,24.0,0.0,11.2,34.6,47150.24
2011-06-26,28.3,17.8,22.4,0.0,12.3,35.3,47258.91
2011-06-27,26.3,15.3,20.6,0.0,15.4,43.9,47258.86
2011-06-28,24.1,14.1,18.8,0.0,14.8,41.8,47039.99
2011-06-29,23.0,12.9,17.7,0.0,13.5,38.5,47258.56
2011-06-30,23.6,10.2,16.7,0.0,13.1,37.4,47148.9
2011-07-01,25.7,12.4,18.7,0.0,10.8,33.8,46930.01
2011-07-02,27.0,11.4,19.9,0.0,9.3,32.0,47257.71
2011-07-03,28.3,16.3,21.9,0.0,11.8,34.2,47257.32
2011-07-04,27.9,16.2,21.6,0.0,12.5,38.9,47256.88
2011-07-05,29.1,14.2,21.6,0.0,9.0,29.5,47256.4
2011-07-06,30.4,17.0,23.4,0.0,12.2,35.3,47255.84
2011-07-07,30.4,18.4,24.3,0.0,11.9,33.8,47255.22
2011-07-08,32.7,20.4,26.5,0.0,8.1,28.8,47147.61
2011-07-09,35.7,24.7,29.7,0.0,8.0,29.9,47135.79
2011-07-10,33.7,23.9,28.4,0.0,12.7,36.4,47209.67
2011-07-11,31.1,20.4,25.7,0.0,14.7,40.3,47071.64
2011-07-12,31.0,19.9,25.2,0.0,10.5,34.6,46934.55
2011-07-13,31.1,20.1,25.2,0.0,8.2,31.7,46901.75
2011-07-14,31.0,19.5,24.8,0.0,9.7,30.6,46868.48
2011-07-15,30.9,19.6,24.6,0.0,12.9,37.4,46834.8
2011-07-16,30.1,19.5,24.1,0.0,16.8,46.1,46800.76
2011-07-17,28.6,19.1,23.4,0.0,18.9,50.8,46766.42
2011-07-18,29.9,18.3,23.8,0.0,12.0,37.4,46634.81
2011-07-19,31.3,20.7,25.3,0.0,13.1,39.2,46601.51
2011-07-20,30.7,20.4,25.2,0.0,15.3,41.0,46568.13
2011-07-21,31.2,20.9,25.6,0.0,15.7,44.6,46534.23
2011-07-22,31.4,21.5,25.8,0.0,16.5,44.3,46499.55
2011-07-23,28.2,15.9,21.9,0.0,11.9,36.0,46375.64
2011-07-24,30.1,17.5,23.7,0.0,10.9,34.6,46268.81
2011-07-25,32.6,20.6,26.6,0.0,12.6,35.6,46306.69
2011-07-26,33.1,23.2,27.6,0.0,12.1,35.3,46271.25
2011-07-27,33.7,20.7,26.4,0.0,13.4,38.5,46235.2
2011-07-28,33.1,18.7,25.7,0.0,9.4,27.7,46121.7
2011-07-29,34.8,20.7,27.7,0.0,7.4,29.5,46074.7
2011-07-30,35.8,23.8,29.4,0.0,9.0,30.6,46034.91
2011-07-31,35.6,24.6,29.6,0.0,7.7,30.2,45994.92
2011-08-01,34.8,24.6,29.0,0.0,7.3,30.6,45954.77
2011-08-02,33.1,21.2,26.5,0.0,10.5,30.6,45914.52
2011-08-03,31.1,19.2,24.2,0.0,12.6,36.4,45874.21
2011-08-04,30.7,17.5,23.4,0.0,10.5,32.0,45833.9
2011-08-05,30.5,17.0,23.1,0.0,10.2,31.7,45793.62
2011-08-06,30.0,18.1,23.4,0.0,14.6,41.4,45753.43
2011-08-07,30.7,18.3,23.9,0.0,10.7,37.1,45713.37
2011-08-08,31.8,19.3,24.8,0.0,11.0,31.7,45673.48
2011-08-09,31.6,18.3,24.3,0.0,9.7,31.7,45633.82
2011-08-10,31.5,19.2,24.6,0.0,11.9,36.7,45594.17
2011-08-11,31.1,19.8,24.7,0.0,11.6,35.3,45554.43
2011-08-12,28.7,18.1,22.9,0.0,15.6,42.8,45514.62
2011-08-13,26.1,15.1,20.3,0.0,12.4,36.4,45474.74
2011-08-14,28.1,16.0,21.5,0.0,9.7,31.0,45434.8
2011-08-15,28.7,16.1,22.6,0.0,9.5,31.0,42775.43
2011-08-16,28.4,17.0,22.2,0.0,11.2,33.8,45243.7
2011-08-17,29.8,15.2,22.6,0.0,9.5,32.4,45137.61
2011-08-18,29.7,14.6,22.7,0.0,12.8,34.6,45030.52
2011-08-19,29.1,17.6,22.7,0.0,14.5,40.3,44922.49
2011-08-20,29.5,18.1,23.5,0.0,9.1,31.7,44813.64
2011-08-21,31.0,20.1,25.0,0.0,7.2,28.1,44704.02
2011-08-22,32.2,20.7,25.8,0.0,7.4,32.8,44593.74
2011-08-23,31.7,18.5,25.4,0.0,10.1,33.1,43865.96
2011-08-24,31.5,17.8,24.4,0.0,11.3,31.3,44371.46
2011-08-25,29.8,18.1,23.5,0.0,11.7,33.1,44259.62
2011-08-26,31.2,18.6,24.4,0.0,6.3,27.0,44147.43
2011-08-27,30.9,18.6,24.4,0.0,9.0,30.2,43311.84
2011-08-28,29.7,16.7,22.8,0.0,9.5,31.0,43802.55
2011-08-29,29.2,13.8,22.0,0.0,6.8,31.0,42355.45
2011-08-30,28.0,17.7,21.4,0.0,10.8,34.2,42198.75
2011-08-31,26.3,14.3,20.0,0.0,11.6,34.6,42660.04
2011-09-01,27.1,15.3,20.5,0.0,12.6,37.4,42595.67
2011-09-02,27.1,15.0,20.4,0.0,11.5,32.4,42815.47
2011-09-03,28.4,11.7,21.2,0.0,7.5,29.2,41804.61
2011-09-04,29.4,18.6,23.4,0.7,7.1,31.0,42379.36
2011-09-05,29.9,18.2,23.8,1.9,6.4,31.3,41060.33
2011-09-06,29.8,19.4,24.2,0.2,7.9,27.7,41053.19
2011-09-07,28.8,19.5,23.4,0.0,13.6,35.6,41695.29
2011-09-08,27.9,16.9,21.7,0.0,10.4,30.2,41314.95
2011-09-09,26.7,11.3,20.0,0.0,10.9,33.1,40858.78
2011-09-10,27.6,14.1,21.3,0.0,5.0,26.6,40459.85
2011-09-11,29.4,17.1,22.9,0.0,9.8,30.2,40551.32
2011-09-12,29.2,14.8,22.5,0.0,15.0,39.6,40543.65
2011-09-13,28.9,18.0,22.7,0.0,13.5,37.4,40433.11
2011-09-14,28.5,17.1,22.0,0.0,10.6,32.0,40246.52
2011-09-15,28.6,16.6,21.8,0.0,10.2,29.5,40149.19
2011-09-16,29.5,16.9,22.5,0.0,6.3,27.7,39893.27
2011-09-17,29.1,17.6,22.8,0.0,10.9,30.2,39898.91
2011-09-18,29.6,17.7,22.8,0.0,10.5,31.0,39751.89
2011-09-19,27.8,17.3,22.2,0.0,11.9,34.2,39613.64
2011-09-20,27.5,12.4,20.3,0.0,5.2,27.4,39600.0
2011-09-21,28.4,15.8,21.8,0.0,7.6,28.8,39600.0
2011-09-22,27.5,13.9,20.8,0.0,9.1,31.3,39625.58
2011-09-23,22.0,14.2,18.0,1.6,15.2,46.4,39600.0
2011-09-24,20.4,13.2,16.4,1.4,12.8,37.8,39388.61
2011-09-25,23.1,13.5,17.6,1.3,8.5,26.3,39600.0
2011-09-26,22.9,13.8,18.6,0.6,7.1,24.8,39600.0
2011-09-27,25.8,14.1,20.2,0.0,6.5,27.0,39600.0
2011-09-28,25.7,14.0,20.3,0.0,6.4,29.9,39600.0
2011-09-29,25.0,16.5,20.3,0.0,12.4,37.4,39600.0
2011-09-30,21.3,12.8,17.0,0.6,15.9,41.8,39555.72
2011-10-01,21.1,13.1,16.2,0.3,18.1,48.6,38063.21
2011-10-02,22.1,7.4,15.4,0.0,10.5,32.0,39388.48
2011-10-03,23.6,13.0,17.7,0.0,9.0,28.1,39305.71
2011-10-04,23.8,12.0,17.9,0.0,5.8,25.2,39223.64
2011-10-05,24.4,12.3,18.1,0.0,9.6,28.4,39142.38
2011-10-06,23.0,11.5,17.0,0.0,11.2,31.7,39027.01
2011-10-07,22.4,12.0,16.4,0.0,11.2,34.2,38982.68
2011-10-08,23.1,11.6,17.0,0.0,13.6,38.2,38876.62
2011-10-09,26.7,13.9,19.7,0.0,6.5,25.2,38751.04
2011-10-10,28.9,13.8,21.4,0.0,7.7,26.6,38624.95
2011-10-11,29.7,14.7,21.8,0.0,11.5,37.8,38498.44
2011-10-12,21.1,12.0,16.7,0.6,14.9,43.2,36439.39
2011-10-13,20.3,9.4,14.6,0.0,8.3,27.7,38244.57
2011-10-14,21.9,10.6,16.2,0.0,8.4,27.7,38117.37
2011-10-15,23.4,11.7,17.4,0.0,10.5,32.4,37990.13
2011-10-16,20.7,11.4,15.5,0.0,12.4,34.6,37462.04
2011-10-17,21.0,11.7,15.5,0.0,8.4,26.3,35534.27
2011-10-18,21.7,12.2,16.4,0.0,11.9,35.3,36008.76
2011-10-19,17.4,9.4,13.1,1.2,15.0,43.6,35632.07
2011-10-20,19.9,6.8,12.6,0.0,5.2,23.8,37356.87
2011-10-21,21.7,6.3,13.6,0.0,5.8,22.0,37231.52
2011-10-22,23.7,9.8,16.3,0.0,4.1,25.9,36521.38
2011-10-23,22.7,12.4,17.2,0.0,5.9,24.1,35537.17
2011-10-24,21.4,11.3,16.2,0.0,8.2,25.6,32265.56
2011-10-25,19.5,11.3,14.6,0.3,8.7,27.0,31977.19
2011-10-26,17.8,12.2,14.1,0.5,9.0,29.5,32079.12
2011-10-27,18.7,7.0,13.3,0.0,10.6,27.7,35452.88
2011-10-28,18.1,7.6,12.8,0.0,7.6,23.8,32728.2
2011-10-29,17.7,7.4,12.1,0.0,7.3,27.4,35546.47
2011-10-30,15.7,7.9,11.3,0.0,13.0,32.0,35283.8
2011-10-31,15.4,6.3,10.6,0.0,10.0,28.8,35223.96
2011-11-01,16.8,6.2,11.3,0.0,4.2,25.9,35255.39
2011-11-02,16.8,4.9,10.8,0.0,7.9,29.2,34919.71
2011-11-03,12.0,6.8,9.7,10.8,14.4,56.2,28060.89
2011-11-04,11.1,4.5,7.8,6.1,11.8,48.2,26675.02
2011-11-05,10.3,3.0,6.1,1.4,12.1,44.6,33448.34
2011-11-06,13.2,4.0,7.9,0.0,11.8,32.0,34112.07
2011-11-07,14.4,2.2,8.2,0.0,11.3,31.3,34542.2
2011-11-08,15.9,0.8,8.8,0.0,4.8,23.8,34481.09
2011-11-09,15.0,2.3,8.8,0.0,6.1,23.4,34418.98
2011-11-10,15.7,4.5,10.1,0.0,6.9,23.0,30563.54
2011-11-11,18.2,6.9,12.2,0.0,8.6,28.4,34139.34
2011-11-12,16.5,10.0,12.7,0.1,13.2,44.3,34079.65
2011-11-13,14.1,3.1,8.0,0.0,8.2,26.6,32866.47
2011-11-14,13.9,3.0,8.1,0.9,8.4,31.7,32637.12
2011-11-15,11.6,5.9,8.1,2.6,18.3,48.6,29850.85
2011-11-16,10.0,3.6,6.6,4.2,14.5,48.6,13363.01
2011-11-17,10.7,6.3,7.7,9.3,11.2,34.6,24672.71
2011-11-18,11.3,6.0,7.8,2.7,12.1,30.2,32302.5
2011-11-19,8.3,4.2,6.0,3.9,15.0,42.8,30295.24
2011-11-20,10.5,3.2,6.3,0.0,12.1,32.0,32400.0
2011-11-21,11.8,0.6,6.3,0.0,4.1,19.4,33032.28
2011-11-22,12.9,2.2,7.3,0.0,5.6,19.4,33107.12
2011-11-23,12.2,-1.5,6.1,0.0,6.5,23.0,33173.3
2011-11-24,11.9,2.5,7.1,0.0,6.5,22.0,32400.0
2011-11-25,10.3,0.9,5.7,0.0,5.4,22.0,32416.44
2011-11-26,9.2,-0.9,4.1,0.0,5.7,19.8,32869.51
2011-11-27,10.1,-4.6,3.0,0.0,3.4,18.0,32428.25
2011-11-28,10.4,0.4,4.7,0.0,4.0,19.1,32631.89
2011-11-29,10.8,0.2,5.4,0.0,4.6,19.1,32622.93
2011-11-30,11.3,0.3,5.4,0.0,4.9,20.2,26448.07
2011-12-01,12.0,-2.3,5.2,0.0,3.3,19.8,32547.99
2011-12-02,12.1,1.4,6.1,0.0,5.8,20.5,32539.96
2011-12-03,12.2,0.8,5.8,0.0,3.6,16.9,32486.36
2011-12-04,13.7,1.5,6.8,0.0,3.5,15.1,32480.84
2011-12-05,14.0,1.8,7.5,0.0,3.3,14.4,30017.67
2011-12-06,12.4,4.0,7.1,0.0,3.7,15.5,32436.34
2011-12-07,11.9,2.3,6.4,0.0,3.8,17.3,32406.7
2011-12-08,8.1,2.5,5.2,9.8,16.0,54.0,11402.94
2011-12-09,9.0,1.0,5.6,11.5,23.4,86.8,23289.07
2011-12-10,6.4,-1.8,2.1,0.9,13.9,51.8,32041.01
2011-12-11,9.6,-3.0,2.4,0.0,3.1,14.8,32400.0
2011-12-12,11.6,-0.2,4.8,0.0,3.6,16.6,32400.0
2011-12-13,12.4,1.2,6.1,0.0,4.0,14.8,31154.33
2011-12-14,12.0,2.6,7.0,0.0,3.1,13.0,3714.67
2011-12-15,12.3,3.9,7.3,0.0,5.1,19.8,32284.34
2011-12-16,10.7,-2.9,5.1,0.0,6.5,18.7,32243.46
2011-12-17,10.3,3.8,6.3,0.9,10.8,33.1,24754.71
2011-12-18,12.4,-1.3,4.8,0.0,6.8,19.4,32165.84
2011-12-19,15.3,-0.6,5.9,0.0,8.3,25.6,32129.32
2011-12-20,16.6,3.3,8.6,0.0,8.0,26.3,32094.48
2011-12-21,13.7,5.4,9.6,0.0,6.2,21.6,32061.43
2011-12-22,12.2,2.7,7.7,0.0,8.2,25.9,30900.24
2011-12-23,10.5,2.5,6.6,0.6,14.3,39.6,28800.0
2011-12-24,6.6,2.6,4.7,10.4,16.3,54.7,15298.09
2011-12-25,5.9,3.3,4.5,15.0,17.3,63.4,7852.97
2011-12-26,5.8,1.6,3.4,0.2,11.9,37.4,28976.31
2011-12-27,8.1,-2.8,2.4,0.0,3.0,15.8,31948.87
2011-12-28,9.2,-2.2,2.9,0.0,4.2,15.8,31978.42
2011-12-29,9.6,-1.8,3.0,0.0,4.7,16.9,31964.7
2011-12-30,10.9,-2.7,3.2,0.0,6.6,27.0,30693.18
2011-12-31,8.6,3.5,5.8,1.1,13.1,32.0,29019.99
2012-01-01,7.3,0.8,4.2,7.3,19.7,51.1,20984.81
2012-01-02,8.0,3.1,4.8,4.2,10.4,36.7,23790.04
2012-01-03,9.8,-0.7,4.3,0.0,4.8,18.4,31544.0
2012-01-04,10.1,-1.3,4.4,0.0,3.5,16.9,32049.03
2012-01-05,10.2,-1.6,4.2,0.0,7.2,28.1,31974.57
2012-01-06,7.7,2.1,4.6,3.1,14.6,36.7,27244.92
2012-01-07,8.9,-2.0,3.2,0.0,8.0,28.1,32383.45
2012-01-08,6.4,0.4,3.2,2.1,19.1,48.2,32058.47
2012-01-09,6.3,2.7,4.2,11.2,14.5,49.3,13481.42
2012-01-10,9.0,-1.0,3.2,0.0,9.4,25.9,32622.71
2012-01-11,6.4,-1.3,3.1,1.8,15.8,41.8,31195.58
2012-01-12,4.9,-0.1,1.9,5.7,11.6,38.2,27019.68
2012-01-13,3.6,-0.0,1.4,2.3,13.9,38.9,7855.61
2012-01-14,5.6,-1.7,2.2,3.8,13.1,38.5,29983.18
2012-01-15,6.4,2.9,4.4,4.5,16.4,42.1,15904.79
2012-01-16,5.5,-0.3,2.7,4.0,17.6,48.2,27634.1
2012-01-17,4.0,0.7,2.6,7.1,7.8,33.8,10529.86
2012-01-18,5.5,-0.3,2.2,0.9,9.1,35.6,28498.54
2012-01-19,2.2,-4.3,-0.4,3.8,14.5,37.8,32284.83
2012-01-20,0.9,-5.4,-2.8,0.0,14.5,41.8,33662.97
2012-01-21,5.9,-6.1,-0.3,0.0,9.0,23.8,33450.27
2012-01-22,3.0,-0.8,1.0,11.5,20.6,54.4,15884.44
2012-01-23,3.4,-0.8,1.8,5.5,10.0,30.2,27161.81
2012-01-24,6.2,0.4,2.9,2.9,5.4,19.8,24555.8
2012-01-25,6.7,1.6,3.9,6.3,8.7,44.6,5489.21
2012-01-26,7.8,2.4,4.8,3.5,14.0,44.6,30959.28
2012-01-27,4.3,1.6,3.2,24.3,18.7,73.8,24521.83
2012-01-28,3.2,-1.9,0.9,6.2,13.9,49.7,31009.08
2012-01-29,4.6,-7.3,-0.6,1.6,6.6,22.7,31570.0
2012-01-30,5.8,-2.6,1.9,3.6,7.6,36.7,23355.12
2012-01-31,7.6,1.9,4.4,8.7,17.6,49.7,27634.64
2012-02-01,5.0,0.8,2.6,4.0,9.8,34.2,13060.37
2012-02-02,4.8,-4.3,0.4,0.0,8.7,30.2,34925.19
2012-02-03,8.4,-4.3,1.4,0.0,5.8,18.0,34987.24
2012-02-04,9.6,-3.0,2.2,0.0,6.3,20.2,35048.71
2012-02-05,9.6,-4.1,1.8,0.0,6.5,18.4,35116.23
2012-02-06,10.9,-3.3,3.2,1.4,8.1,24.8,31478.88
2012-02-07,9.3,3.0,5.5,4.4,13.5,46.8,8154.08
2012-02-08,5.8,2.0,3.3,4.5,16.7,47.2,29908.01
2012-02-09,5.9,1.3,3.0,4.2,17.8,52.2,31753.07
2012-02-10,5.4,2.0,3.2,15.1,14.4,58.0,24432.97
2012-02-11,6.9,-2.4,2.3,0.1,8.1,34.2,35474.07
2012-02-12,8.0,-4.7,1.3,0.0,10.8,32.8,35534.26
2012-02-13,11.7,-1.6,4.8,0.0,10.5,30.6,35801.46
2012-02-14,10.8,0.8,6.1,0.4,6.2,29.2,30168.88
2012-02-15,11.6,4.9,7.7,3.7,17.8,60.5,35870.59
2012-02-16,5.3,1.6,3.4,15.8,15.5,65.2,27000.79
2012-02-17,4.2,-0.2,2.1,31.6,21.9,74.9,997.13
2012-02-18,0.3,-3.3,-1.4,19.6,20.6,73.8,33335.96
2012-02-19,1.2,-5.6,-2.0,7.4,11.1,38.9,35946.49
2012-02-20,1.2,-14.3,-6.0,0.0,6.8,21.6,36766.48
2012-02-21,2.2,-10.9,-5.4,0.0,6.8,18.7,36970.42
2012-02-22,6.1,-7.8,-1.7,0.0,6.6,17.3,33586.75
2012-02-23,9.4,-1.7,3.5,0.2,5.8,18.7,35845.38
2012-02-24,7.1,2.0,4.3,0.1,9.4,27.7,36000.0
2012-02-25,4.9,-2.3,2.4,0.0,10.0,27.7,36014.27
2012-02-26,6.2,-0.4,3.1,0.1,10.3,31.3,37512.13
2012-02-27,7.5,0.6,4.1,0.0,15.4,41.8,36319.96
2012-02-28,10.4,2.6,5.2,8.2,23.5,78.5,37658.84
2012-02-29,4.6,-2.7,1.0,28.7,21.0,91.1,11651.9
2012-03-01,0.6,-3.2,-1.1,25.3,18.4,78.5,23095.12
2012-03-02,-1.0,-6.1,-3.7,7.7,12.4,45.7,37024.55
2012-03-03,1.7,-8.3,-2.4,3.2,11.6,45.0,37609.96
2012-03-04,2.8,-1.1,1.3,17.8,17.9,71.6,24299.35
2012-03-05,5.3,-4.5,0.2,0.0,4.7,24.5,38275.15
2012-03-06,6.6,-0.5,2.6,0.0,8.4,27.7,38356.07
2012-03-07,9.2,-2.1,3.4,0.0,5.5,17.3,38282.52
2012-03-08,9.4,0.8,4.3,0.0,5.5,16.6,38592.41
2012-03-09,12.4,1.1,6.1,0.0,4.1,13.7,38753.64
2012-03-10,14.4,3.4,8.4,0.0,4.7,18.4,38593.09
2012-03-11,11.0,5.6,7.8,0.0,9.4,31.7,29974.74
2012-03-12,10.4,4.2,7.3,1.1,14.8,64.1,29402.49
2012-03-13,13.6,5.8,8.9,0.0,13.6,37.1,39176.03
2012-03-14,7.6,2.2,4.8,8.3,18.4,61.2,35338.59
2012-03-15,7.1,3.3,4.7,16.7,17.3,58.0,26956.75
2012-03-16,5.2,-4.1,2.3,17.6,17.7,66.6,29563.29
2012-03-17,1.1,-7.9,-3.3,0.0,15.6,44.3,39998.46
2012-03-18,7.8,-6.7,0.2,0.0,7.3,21.2,40292.61
2012-03-19,12.0,-2.9,3.7,0.0,7.2,18.7,40388.19
2012-03-20,13.9,-0.4,6.6,0.0,4.8,17.3,40483.31
2012-03-21,14.7,2.2,8.2,0.0,5.3,18.7,40577.9
2012-03-22,13.2,2.9,7.7,0.0,9.2,26.6,40671.96
2012-03-23,13.8,1.1,7.5,0.0,6.3,22.7,40987.89
2012-03-24,15.8,2.0,8.8,0.0,5.1,19.1,41030.11
2012-03-25,17.2,2.7,10.1,0.2,6.4,25.6,36349.59
2012-03-26,14.2,4.1,9.2,0.2,12.3,36.4,40472.89
2012-03-27,10.3,3.0,6.1,3.1,13.6,39.6,36862.9
2012-03-28,10.3,2.4,5.7,4.2,17.5,51.1,38753.29
2012-03-29,8.6,2.5,5.1,6.4,12.9,42.8,36210.34
2012-03-30,9.5,-1.0,4.4,0.0,15.1,39.6,40729.46
2012-03-31,10.8,1.5,5.7,0.0,10.8,32.0,41357.86
2012-04-01,14.7,1.6,8.6,0.9,9.3,35.6,38418.97
2012-04-02,15.2,5.9,10.1,0.4,14.1,40.7,41662.18
2012-04-03,16.1,1.6,9.3,0.0,5.9,20.5,41931.06
2012-04-04,19.0,4.5,12.2,0.0,8.6,25.6,42056.36
2012-04-05,21.6,6.0,14.5,0.0,7.2,23.4,42024.74
2012-04-06,22.1,11.1,17.1,0.0,7.8,25.6,42241.31
2012-04-07,22.4,14.8,18.3,1.0,13.8,39.6,42382.27
2012-04-08,21.6,13.2,17.7,0.0,13.5,36.0,42340.78
2012-04-09,20.0,8.4,14.9,0.0,14.5,43.9,42681.8
2012-04-10,16.3,8.2,12.1,0.0,12.4,35.3,42738.12
2012-04-11,12.2,4.6,9.3,1.6,18.2,50.4,42546.21
2012-04-12,12.9,1.4,8.0,0.0,9.5,28.4,40786.5
2012-04-13,17.2,3.6,11.1,0.0,10.2,33.8,43453.79
2012-04-14,19.8,9.8,14.9,0.0,7.3,26.3,38377.08
2012-04-15,21.8,10.4,16.3,2.8,9.3,33.8,42229.99
2012-04-16,16.0,6.9,11.6,0.0,12.2,42.1,42437.57
2012-04-17,20.5,6.1,13.6,0.0,4.8,20.2,44227.98
2012-04-18,22.0,6.2,14.3,0.1,13.7,45.4,34900.96
2012-04-19,12.1,5.8,8.5,1.4,18.9,50.4,39569.06
2012-04-20,15.2,4.4,9.3,0.0,6.8,26.6,43361.73
2012-04-21,17.5,4.3,11.8,0.0,5.4,23.0,44680.17
2012-04-22,19.1,10.5,14.6,0.0,12.8,36.7,44790.35
2012-04-23,18.7,9.0,13.8,0.0,6.5,23.4,44899.21
2012-04-24,20.4,7.4,14.4,0.0,5.0,22.0,45006.66
2012-04-25,22.2,11.4,16.6,0.0,8.0,26.6,45112.66
2012-04-26,22.3,13.2,17.4,0.0,8.7,30.2,45217.88
2012-04-27,23.3,14.1,18.3,0.0,6.7,27.0,45322.58
2012-04-28,24.9,10.9,18.5,0.4,8.2,33.1,45426.66
2012-04-29,25.4,13.2,19.2,0.0,11.6,46.1,36419.27
2012-04-30,24.8,11.7,18.1,0.5,10.5,38.9,41417.15
2012-05-01,24.2,11.8,17.8,0.1,18.9,53.6,43274.14
2012-05-02,18.5,11.0,14.5,3.6,12.1,47.5,45559.07
2012-05-03,16.5,10.3,13.2,4.2,16.8,49.0,40222.56
2012-05-04,19.8,10.9,15.7,0.0,13.9,39.6,46033.89
2012-05-05,20.5,11.0,15.6,0.0,14.1,39.6,46131.43
2012-05-06,20.9,13.0,16.3,0.0,16.6,44.3,46227.68
2012-05-07,20.5,11.8,15.6,0.0,12.4,33.5,46322.55
2012-05-08,20.4,11.6,16.2,0.2,5.6,21.6,46388.06
2012-05-09,25.6,10.5,19.0,0.0,13.3,38.9,45000.48
2012-05-10,24.3,14.5,19.4,1.1,11.5,32.8,45821.67
2012-05-11,23.0,12.8,17.9,0.0,8.9,30.2,46531.45
2012-05-12,22.4,8.6,16.7,0.0,12.1,34.9,46576.36
2012-05-13,21.7,12.1,16.8,1.8,16.9,49.7,46619.71
2012-05-14,17.0,10.1,13.1,6.8,14.2,54.0,46375.42
2012-05-15,20.0,9.2,14.6,0.0,13.1,37.8,46701.52
2012-05-16,22.9,12.0,16.6,0.1,12.2,35.6,46740.11
2012-05-17,23.2,13.6,18.9,0.0,12.4,37.4,46777.32
2012-05-18,24.5,12.3,19.2,0.4,17.0,55.1,46800.0
2012-05-19,21.4,12.5,16.5,0.3,10.9,34.6,45293.25
2012-05-20,18.1,8.9,13.3,0.0,12.7,35.6,46800.0
2012-05-21,17.3,8.5,12.5,0.5,15.5,45.7,46800.0
2012-05-22,20.8,9.6,15.2,0.0,15.1,43.9,46800.0
2012-05-23,23.4,10.6,18.2,0.0,21.0,59.8,46800.0
2012-05-24,20.1,7.3,14.0,0.0,12.3,39.2,46800.0
2012-05-25,22.1,10.7,16.6,0.0,16.5,51.5,46800.0
2012-05-26,21.4,13.0,16.8,0.0,15.9,45.4,46800.0
2012-05-27,22.6,12.0,17.3,0.0,15.5,43.6,46800.0
2012-05-28,25.7,13.6,20.0,1.4,12.1,42.5,39647.7
2012-05-29,28.2,16.8,22.2,1.0,16.4,51.8,46800.0
2012-05-30,21.3,11.2,16.3,0.0,12.9,38.2,46800.0
2012-05-31,22.3,12.2,17.4,0.0,14.3,38.5,46800.0
2012-06-01,22.8,14.6,18.4,0.0,18.5,50.8,46802.73
2012-06-02,25.3,12.6,19.0,0.0,6.2,23.0,46800.0
2012-06-03,28.1,14.2,21.5,0.0,10.2,32.4,46800.0
2012-06-04,28.0,18.9,23.5,0.0,9.7,32.8,46800.0
2012-06-05,26.4,15.7,20.5,0.0,8.1,25.6,46874.38
2012-06-06,25.7,13.4,19.4,0.0,11.4,34.2,46871.63
2012-06-07,24.1,15.3,19.3,0.0,14.0,40.3,46960.57
2012-06-08,25.9,13.5,19.4,0.0,7.6,26.3,46865.85
2012-06-09,28.3,15.8,22.1,0.0,7.4,25.2,46862.84
2012-06-10,30.6,17.4,24.2,0.0,10.1,29.9,46956.01
2012-06-11,29.9,19.5,24.8,0.0,12.8,32.4,46954.29
2012-06-12,28.6,17.0,22.3,0.0,9.1,27.0,46952.5
2012-06-13,30.5,17.6,24.2,0.0,7.1,26.6,46950.65
2012-06-14,32.9,20.6,27.0,0.0,9.2,28.1,46948.8
2012-06-15,36.4,21.3,29.2,0.0,17.9,51.1,46800.0
2012-06-16,35.1,22.0,29.5,0.0,10.1,32.0,47048.4
2012-06-17,34.1,25.7,29.4,0.0,9.1,27.7,47047.51
2012-06-18,33.1,23.4,28.1,0.0,14.1,37.1,47151.7
2012-06-19,31.0,21.0,25.5,0.0,12.4,32.8,47045.74
2012-06-20,29.1,20.1,23.9,0.0,10.1,33.8,46938.36
2012-06-21,26.7,17.6,21.8,0.6,12.3,36.0,46936.94
2012-06-22,23.8,17.5,20.4,2.4,13.5,45.4,47043.3
2012-06-23,24.9,15.3,20.5,0.0,15.0,41.8,47150.68
2012-06-24,26.8,17.6,21.8,0.0,16.9,45.0,47150.42
2012-06-25,25.8,16.1,20.9,0.5,14.7,42.1,47150.16
2012-06-26,28.1,17.3,22.3,0.0,16.1,45.0,47149.87
2012-06-27,28.5,18.9,23.1,0.0,15.2,43.6,47149.6
2012-06-28,29.2,18.8,23.7,0.0,13.0,39.2,47258.51
2012-06-29,29.1,18.3,23.5,0.0,9.8,31.3,47258.3
2012-06-30,29.4,15.4,23.1,0.0,10.6,32.0,47258.03
2012-07-01,29.9,17.2,23.7,0.0,8.3,29.9,47148.6
2012-07-02,28.3,18.0,22.8,0.0,15.3,40.3,47257.36
2012-07-03,26.3,15.5,20.8,0.0,16.2,42.5,47256.95
2012-07-04,25.1,14.1,19.7,0.0,14.8,44.6,47148.03
2012-07-05,28.3,15.2,21.9,0.0,9.1,32.0,47147.87
2012-07-06,30.0,18.9,23.9,0.0,14.4,38.5,47255.38
2012-07-07,29.3,19.2,23.9,0.0,16.4,43.2,47254.71
2012-07-08,28.5,19.0,23.2,0.0,17.1,46.4,47139.78
2012-07-09,28.4,19.2,23.4,0.0,15.7,43.6,47108.74
2012-07-10,29.8,19.6,24.2,0.0,9.7,30.6,46972.12
2012-07-11,30.0,19.6,24.5,0.0,10.1,30.2,47045.3
2012-07-12,31.3,18.2,24.8,0.0,8.0,26.6,47012.98
2012-07-13,32.9,20.2,26.4,0.0,10.5,30.6,46980.37
2012-07-14,32.2,22.4,26.7,0.0,11.5,34.2,46947.5
2012-07-15,32.1,21.0,26.3,0.0,10.9,34.6,46813.87
2012-07-16,33.8,22.1,27.5,0.0,8.7,29.2,46780.51
2012-07-17,35.0,22.6,28.7,0.0,7.6,28.4,46746.26
2012-07-18,36.6,24.9,30.5,0.0,10.6,32.4,46615.38
2012-07-19,36.7,26.9,31.5,0.0,7.9,27.4,46581.03
2012-07-20,34.9,24.9,29.7,0.0,7.9,32.4,46391.48
2012-07-21,31.2,20.8,25.5,0.0,12.2,35.6,46354.13
2012-07-22,30.2,16.3,23.4,0.0,10.5,33.8,46316.29
2012-07-23,31.9,19.9,25.4,0.0,11.0,34.6,46350.22
2012-07-24,30.1,19.6,24.5,0.0,12.6,33.8,46314.75
2012-07-25,30.7,17.9,24.4,0.0,11.9,32.8,46200.37
2012-07-26,29.9,19.0,24.4,0.0,16.0,43.9,46162.52
2012-07-27,30.5,17.7,24.0,0.0,16.9,47.2,46121.7
2012-07-28,30.4,19.3,24.5,0.0,15.7,41.0,46082.13
2012-07-29,30.5,19.3,24.4,0.0,10.4,31.0,46042.48
2012-07-30,29.8,19.3,24.2,0.0,8.0,31.3,45928.1
2012-07-31,29.1,20.5,24.6,0.0,11.7,30.2,45764.78
2012-08-01,30.7,20.7,25.9,0.0,14.8,40.3,45923.59
2012-08-02,31.1,22.0,25.9,0.0,12.3,33.8,45884.17
2012-08-03,30.2,18.2,23.8,0.0,10.1,31.0,45844.95
2012-08-04,28.2,16.3,21.8,0.0,12.6,35.6,45805.65
2012-08-05,28.2,15.8,21.6,0.0,14.2,41.0,45766.14
2012-08-06,30.2,18.8,24.0,0.0,15.1,41.8,45726.45
2012-08-07,31.2,19.8,25.0,0.0,11.2,32.0,45686.58
2012-08-08,31.7,20.3,25.5,0.0,11.5,33.1,45646.57
2012-08-09,30.8,15.3,23.8,0.0,14.0,38.5,45606.46
2012-08-10,30.8,20.2,24.9,0.0,10.1,32.4,45566.24
2012-08-11,30.3,20.4,24.5,0.0,12.4,34.9,45525.96
2012-08-12,29.7,20.5,24.4,0.0,14.6,40.3,45485.62
2012-08-13,29.0,19.1,23.3,0.0,17.4,49.7,45445.25
2012-08-14,28.4,18.4,23.0,0.0,18.4,50.4,45369.54
2012-08-15,28.0,16.1,21.7,0.0,12.0,32.4,45264.71
2012-08-16,29.6,15.5,22.6,0.0,9.0,28.1,45159.07
2012-08-17,30.7,16.3,24.0,0.0,7.2,29.2,45052.69
2012-08-18,31.5,15.4,24.5,0.0,9.5,28.4,44945.66
2012-08-19,30.7,20.1,24.8,0.0,11.1,30.2,44838.04
2012-08-20,29.8,17.7,23.6,0.0,9.5,29.5,44729.95
2012-08-21,29.5,16.8,23.1,0.0,9.3,30.2,44621.43
2012-08-22,29.3,17.2,23.0,0.0,10.7,32.0,44512.59
2012-08-23,30.5,16.9,23.5,0.0,7.3,27.0,44403.24
2012-08-24,30.8,18.4,24.2,0.0,9.8,32.4,44292.68
2012-08-25,31.5,18.7,24.9,0.0,7.3,26.6,44180.89
2012-08-26,31.5,20.1,25.3,0.0,8.7,28.1,44033.03
2012-08-27,30.4,16.0,23.5,0.0,10.1,31.7,42912.75
2012-08-28,29.0,18.2,22.5,0.0,11.7,33.8,43512.16
2012-08-29,27.3,16.8,21.2,0.0,14.4,40.0,43534.71
2012-08-30,26.7,15.5,20.8,0.0,14.3,38.5,42786.66
2012-08-31,28.3,17.7,22.4,0.0,11.4,35.6,43027.17
2012-09-01,29.3,18.9,23.2,0.0,11.6,32.8,42938.29
2012-09-02,28.6,14.3,21.8,0.0,7.4,28.8,42640.01
2012-09-03,29.8,18.2,23.9,0.0,7.9,27.4,42654.96
2012-09-04,31.2,20.4,25.4,0.0,10.9,32.4,41972.2
2012-09-05,30.5,20.6,24.9,0.0,12.0,33.5,42195.58
2012-09-06,29.9,18.8,23.7,0.0,13.4,34.9,42040.09
2012-09-07,29.5,18.9,23.0,0.0,14.5,38.2,41792.97
2012-09-08,27.9,15.7,21.3,0.0,11.4,31.7,41299.69
2012-09-09,25.9,14.6,19.9,0.0,11.6,31.7,40376.38
2012-09-10,26.5,14.7,20.3,0.3,10.8,36.0,40335.4
2012-09-11,27.8,14.6,21.0,0.0,11.5,33.1,40162.88
2012-09-12,27.1,14.2,20.9,0.0,11.2,31.7,40333.56
2012-09-13,26.9,11.2,20.1,0.0,10.5,32.4,40036.09
2012-09-14,27.5,14.4,20.9,0.0,8.8,28.4,39990.64
2012-09-15,29.5,16.0,22.7,0.0,9.7,27.7,39980.53
2012-09-16,30.1,19.1,24.0,0.0,13.4,35.6,39897.43
2012-09-17,28.6,18.0,23.4,0.0,12.5,36.4,39679.83
2012-09-18,28.8,17.2,22.3,0.0,15.0,41.4,39758.62
2012-09-19,27.5,17.9,22.0,0.0,13.4,41.4,39628.92
2012-09-20,26.2,15.2,20.2,0.0,12.1,34.9,39621.07
2012-09-21,26.2,14.3,19.6,0.0,10.3,33.1,39624.72
2012-09-22,25.8,13.5,19.4,0.0,10.1,29.9,39600.0
2012-09-23,25.8,13.3,19.2,0.0,8.6,28.8,39600.0
2012-09-24,26.7,9.0,19.4,0.0,7.7,25.2,39600.0
2012-09-25,26.8,15.5,20.7,0.0,8.4,26.6,39600.0
2012-09-26,27.1,12.1,20.5,0.0,5.0,24.5,39600.0
2012-09-27,29.4,15.2,22.7,0.0,5.9,25.9,39600.0
2012-09-28,31.9,16.8,24.7,0.0,5.7,30.6,39600.0
2012-09-29,31.7,20.1,25.3,0.7,8.6,31.7,39574.97
2012-09-30,31.5,19.1,24.0,1.4,8.7,36.7,36606.82
2012-10-01,29.8,17.9,23.4,0.7,8.1,32.0,27326.25
2012-10-02,30.6,19.4,24.1,1.0,9.6,37.1,39331.66
2012-10-03,26.0,16.2,21.4,0.1,13.5,41.8,39251.04
2012-10-04,23.8,14.3,18.4,0.0,12.3,34.2,39170.16
2012-10-05,23.5,13.4,18.0,0.0,7.9,29.9,39089.12
2012-10-06,22.4,14.4,17.7,2.3,7.9,25.9,38959.92
2012-10-07,22.7,14.3,17.8,0.0,9.2,29.5,38909.91
2012-10-08,20.1,10.5,15.5,0.0,14.8,41.0,38053.37
2012-10-09,22.0,12.6,16.6,0.0,12.9,33.1,37963.87
2012-10-10,22.9,13.0,17.7,0.0,10.6,30.2,38526.05
2012-10-11,21.5,14.3,17.6,0.1,20.6,55.4,38398.02
2012-10-12,23.0,12.6,17.5,0.0,8.0,25.9,36546.14
2012-10-13,24.8,11.2,18.3,0.0,6.2,27.7,38142.43
2012-10-14,25.3,15.9,19.9,0.0,7.9,24.5,38015.06
2012-10-15,27.6,14.3,20.8,0.0,5.4,24.5,37888.1
2012-10-16,28.6,16.1,22.4,0.0,10.4,31.3,37761.66
2012-10-17,28.4,18.7,22.7,0.0,12.3,31.0,35711.36
2012-10-18,26.7,15.9,21.2,0.0,8.7,32.4,37510.73
2012-10-19,26.8,13.5,19.4,1.6,9.0,34.9,36955.38
2012-10-20,24.8,12.9,18.5,0.5,8.6,33.5,35509.91
2012-10-21,23.9,13.5,17.7,1.2,10.9,34.9,35289.82
2012-10-22,21.2,12.3,16.0,5.3,8.2,24.5,35789.09
2012-10-23,19.5,12.3,15.4,0.3,13.0,36.7,35184.07
2012-10-24,20.5,10.7,15.6,0.3,8.0,29.2,34022.01
2012-10-25,16.7,10.6,13.6,1.1,15.6,48.2,35743.0
2012-10-26,16.6,10.1,12.7,0.2,15.4,43.2,28768.96
2012-10-27,18.2,9.6,13.5,0.0,7.9,23.4,35091.98
2012-10-28,19.8,7.6,14.1,0.0,5.1,23.8,35560.19
2012-10-29,22.2,8.5,15.0,0.0,5.1,22.3,35195.49
2012-10-30,23.5,9.9,16.5,0.0,6.2,24.5,35417.38
2012-10-31,24.6,11.7,18.1,0.0,5.4,25.2,27853.66
2012-11-01,25.8,15.2,20.2,0.0,7.2,25.2,33703.54
2012-11-02,25.5,17.2,20.4,0.0,7.8,24.8,32098.85
2012-11-03,23.6,16.7,19.6,0.0,9.0,29.9,34564.3
2012-11-04,23.2,13.0,17.8,0.3,5.5,24.1,34039.84
2012-11-05,23.4,13.4,18.2,0.0,7.3,25.9,34449.66
2012-11-06,23.9,14.5,18.7,0.0,6.0,24.1,34555.55
2012-11-07,24.1,13.6,18.4,0.0,7.1,24.5,34495.48
2012-11-08,22.6,14.7,17.7,0.0,12.4,34.9,34301.55
2012-11-09,15.1,11.0,13.4,6.4,16.7,54.7,15399.28
2012-11-10,14.5,10.0,11.6,10.0,15.6,54.4,27637.97
2012-11-11,11.1,7.5,9.6,18.2,13.8,61.6,23918.0
2012-11-12,12.0,5.6,8.7,0.1,10.0,28.1,32515.31
2012-11-13,14.8,4.8,9.5,0.0,7.1,22.7,33667.38
2012-11-14,15.6,4.5,9.9,0.0,6.0,22.0,32421.32
2012-11-15,16.4,3.6,10.2,0.0,5.1,21.2,33302.54
2012-11-16,15.6,3.4,9.1,0.0,10.8,31.7,31791.71
2012-11-17,16.8,5.3,10.3,0.3,10.5,34.6,31640.5
2012-11-18,14.3,7.8,10.4,6.4,6.3,22.3,29277.39
2012-11-19,14.8,7.8,10.8,0.0,6.1,20.5,30412.52
2012-11-20,15.0,5.4,9.8,0.0,5.4,19.4,32400.0
2012-11-21,16.0,4.8,10.0,0.0,4.7,16.9,32570.84
2012-11-22,15.4,5.8,9.7,1.2,5.8,34.2,33004.05
2012-11-23,12.6,6.4,9.2,2.5,7.3,22.0,23294.88
2012-11-24,12.3,6.7,9.1,1.6,6.4,23.8,30212.73
2012-11-25,12.8,3.0,8.0,0.0,7.3,22.0,32496.91
2012-11-26,12.5,2.8,7.7,0.0,11.8,29.9,32198.9
2012-11-27,12.8,0.1,6.8,0.0,5.8,19.8,32400.0
2012-11-28,13.4,1.5,6.9,0.0,3.7,18.0,32688.22
2012-11-29,13.7,1.7,6.9,0.0,5.0,16.9,32615.59
2012-11-30,15.7,3.0,8.5,0.0,4.7,16.9,28659.84
2012-12-01,16.9,5.0,10.3,0.0,3.9,15.8,32400.0
2012-12-02,17.7,7.4,11.7,0.0,2.9,16.6,32400.0
2012-12-03,18.3,7.8,12.1,0.3,6.9,28.8,30513.71
2012-12-04,12.2,6.3,9.1,22.5,18.8,76.7,21491.72
2012-12-05,9.3,5.3,6.8,4.4,14.1,50.4,24926.27
2012-12-06,10.1,5.4,7.4,6.8,12.2,46.1,17838.52
2012-12-07,10.0,6.9,8.1,11.7,12.4,46.1,13803.27
2012-12-08,9.7,5.0,7.2,1.3,11.2,36.7,30211.26
2012-12-09,12.4,4.7,8.0,0.0,7.7,23.0,29564.27
2012-12-10,11.1,2.0,6.2,7.2,14.0,59.8,32400.0
2012-12-11,7.3,4.2,5.4,9.2,20.7,68.0,22883.72
2012-12-12,10.8,1.3,6.0,0.0,3.9,19.4,32373.74
2012-12-13,11.3,3.3,6.9,0.1,9.4,24.1,32329.67
2012-12-14,10.0,4.3,6.5,0.0,8.9,23.4,30174.19
2012-12-15,9.4,-1.2,4.4,0.0,7.2,21.2,32246.1
2012-12-16,7.7,-1.8,3.2,0.0,8.4,24.5,32206.82
2012-12-17,9.5,2.4,5.2,0.0,6.9,22.7,23401.02
2012-12-18,11.6,3.1,6.6,0.0,9.2,25.6,32133.91
2012-12-19,11.1,4.5,7.4,0.5,15.3,39.2,28162.3
2012-12-20,6.7,3.2,5.1,14.8,17.6,65.9,4798.12
2012-12-21,6.2,2.8,4.2,9.3,14.2,55.1,17616.37
2012-12-22,7.0,4.3,5.5,7.3,10.3,33.1,10560.91
2012-12-23,10.2,1.5,5.1,0.0,6.5,22.7,31986.74
2012-12-24,13.1,1.7,6.5,0.0,5.2,16.9,31961.96
2012-12-25,12.1,2.4,7.0,0.0,4.7,19.1,31938.57
2012-12-26,10.9,1.9,5.8,0.0,7.4,22.7,31798.46
2012-12-27,11.8,-0.9,5.1,0.0,3.3,15.1,31938.99
2012-12-28,12.0,1.0,5.8,0.0,3.3,16.6,29544.99
2012-12-29,11.1,2.5,6.5,0.0,5.6,18.4,31860.38
2012-12-30,11.3,2.1,6.5,0.0,3.9,18.0,31045.98
2012-12-31,11.7,1.4,5.6,0.0,4.7,17.6,31931.21
2013-01-01,12.1,-0.3,5.5,0.0,4.8,17.3,31920.43
2013-01-02,10.7,3.3,6.5,0.6,4.0,16.2,31809.48
2013-01-03,11.6,-1.7,5.1,0.0,5.1,16.2,32045.51
2013-01-04,11.1,1.6,6.2,0.0,5.4,21.2,31895.5
2013-01-05,7.1,2.2,4.4,3.0,10.8,42.5,26202.07
2013-01-06,6.2,2.0,3.5,18.5,16.6,55.4,19008.91
2013-01-07,3.2,1.6,2.3,23.7,24.5,82.1,18408.28
2013-01-08,1.5,-1.6,0.6,30.4,16.0,59.8,295.36
2013-01-09,-1.4,-6.9,-3.0,15.3,14.5,58.0,30156.05
2013-01-10,-1.6,-9.1,-6.0,6.4,11.3,49.0,32449.59
2013-01-11,0.8,-10.0,-4.5,0.0,5.8,16.9,29470.44
2013-01-12,0.9,-9.4,-3.9,0.0,6.6,20.9,30973.33
2013-01-13,4.9,-5.9,-1.4,0.0,4.7,17.3,33168.33
2013-01-14,6.0,-2.7,0.6,0.0,3.6,14.4,33241.72
2013-01-15,5.5,-5.7,-1.2,0.0,6.9,19.8,33317.97
2013-01-16,3.2,-8.9,-3.4,0.0,7.9,24.5,31919.71
2013-01-17,10.3,-0.4,5.4,0.0,6.9,31.0,33478.52
2013-01-18,7.4,-2.4,1.6,0.0,7.7,20.5,32058.44
2013-01-19,8.3,-1.0,3.5,0.0,6.4,30.2,33648.82
2013-01-20,6.7,0.5,3.6,0.0,7.5,30.2,23680.45
2013-01-21,11.3,-3.6,2.7,0.0,6.9,19.1,33827.75
2013-01-22,12.6,0.0,6.5,0.0,9.0,38.9,33920.1
2013-01-23,8.0,3.6,5.4,0.0,10.1,31.7,34014.21
2013-01-24,11.0,2.3,5.8,0.0,6.8,20.2,29922.88
2013-01-25,12.6,2.2,8.2,0.0,14.6,45.4,30871.41
2013-01-26,12.7,-0.3,7.3,0.5,8.7,41.8,34305.72
2013-01-27,10.2,3.4,7.2,3.7,14.0,40.0,34405.54
2013-01-28,9.5,-0.7,4.2,0.0,5.6,18.4,34427.77
2013-01-29,6.5,1.3,3.7,1.8,14.8,41.0,33078.3
2013-01-30,5.1,0.3,2.9,12.7,9.4,31.0,2246.14
2013-01-31,4.3,0.3,2.3,3.4,14.3,37.8,12996.75
2013-02-01,5.6,0.7,2.9,11.5,10.5,28.1,21600.0
2013-02-02,7.4,0.1,3.6,0.4,12.0,34.6,33222.55
2013-02-03,10.8,-2.5,3.9,0.0,5.2,19.8,35029.62
2013-02-04,14.5,-0.5,5.7,0.0,8.2,20.5,35098.13
2013-02-05,14.0,2.9,7.4,0.0,7.4,21.6,14037.1
2013-02-06,11.1,2.9,6.2,15.8,12.5,51.1,14607.31
2013-02-07,10.8,2.4,6.2,0.0,6.8,25.9,34029.69
2013-02-08,10.9,-1.5,4.3,0.0,11.2,32.4,35338.82
2013-02-09,13.3,2.6,8.2,0.0,4.9,19.1,35438.91
2013-02-10,13.1,1.0,7.5,0.0,7.2,27.7,35547.38
2013-02-11,7.5,2.9,5.0,3.9,14.3,46.8,30672.03
2013-02-12,8.2,2.0,4.5,2.7,13.0,47.5,35582.23
2013-02-13,12.1,-2.5,4.5,0.0,7.2,22.0,35918.99
2013-02-14,12.6,0.1,5.5,0.0,11.5,36.7,29958.93
2013-02-15,10.1,3.6,6.3,5.1,20.4,59.4,30290.48
2013-02-16,7.4,3.0,4.9,8.9,16.2,52.6,32173.03
2013-02-17,7.3,2.7,4.8,3.6,10.1,31.3,35876.74
2013-02-18,7.8,0.6,4.0,4.7,13.1,39.6,33514.5
2013-02-19,8.3,2.4,5.0,0.1,11.3,31.7,32116.97
2013-02-20,9.8,0.4,4.7,0.0,13.8,40.7,36870.45
2013-02-21,12.5,2.2,6.5,0.0,9.7,24.1,36145.68
2013-02-22,12.9,0.5,6.3,0.0,9.4,31.0,23778.67
2013-02-23,10.9,5.9,8.3,5.0,15.8,53.6,35724.83
2013-02-24,12.6,5.7,8.6,0.5,9.9,31.7,34621.5
2013-02-25,15.4,1.2,8.3,0.0,7.0,20.2,33451.71
2013-02-26,18.2,4.0,11.2,0.0,5.9,21.2,37567.98
2013-02-27,17.5,8.8,12.2,0.0,8.1,25.6,37643.5
2013-02-28,9.8,3.5,6.6,0.6,24.0,67.0,36890.86
2013-03-01,8.0,3.2,5.0,3.6,17.6,45.0,36000.0
2013-03-02,11.7,-1.2,5.2,0.0,8.6,20.2,37906.82
2013-03-03,17.5,0.7,9.2,0.0,15.0,48.6,31187.82
2013-03-04,9.4,4.7,6.8,1.7,22.0,61.2,37288.88
2013-03-05,8.7,2.1,5.4,5.8,14.5,50.0,36000.0
2013-03-06,8.7,-0.6,3.7,0.0,8.5,32.0,38409.88
2013-03-07,11.4,-2.9,4.0,0.0,8.4,22.7,38266.31
2013-03-08,12.8,0.8,6.7,0.0,11.3,34.6,38423.57
2013-03-09,15.0,4.8,10.0,0.0,14.3,38.5,38654.54
2013-03-10,11.4,3.6,7.3,0.6,12.7,35.3,38501.8
2013-03-11,16.1,2.8,10.0,0.0,11.6,41.8,38896.31
2013-03-12,21.4,11.9,16.9,0.0,17.9,49.7,38717.73
2013-03-13,20.1,11.0,15.5,0.0,17.8,52.9,39236.48
2013-03-14,21.0,11.7,16.2,0.0,11.4,34.2,39322.59
2013-03-15,24.3,8.3,16.9,0.0,16.5,49.0,37335.57
2013-03-16,18.8,4.2,11.4,0.0,13.3,40.7,37109.89
2013-03-17,7.3,3.4,5.0,11.5,17.6,65.2,25521.4
2013-03-18,9.5,1.8,5.2,0.5,13.1,38.9,37530.77
2013-03-19,11.3,0.6,6.0,0.0,7.3,23.0,30411.25
2013-03-20,16.0,4.6,10.4,0.0,7.8,26.3,40253.89
2013-03-21,18.1,6.1,12.2,0.0,7.8,22.7,39392.57
2013-03-22,19.4,6.7,11.3,2.6,29.5,82.1,32339.56
2013-03-23,9.8,3.6,6.3,7.4,20.9,66.2,32674.48
2013-03-24,11.0,2.2,6.3,0.0,11.3,38.2,41026.35
2013-03-25,16.8,1.0,9.3,0.0,8.1,23.4,41154.22
2013-03-26,20.2,4.1,12.1,0.0,14.6,42.5,39600.0
2013-03-27,11.6,3.4,7.9,0.8,18.4,51.8,37057.34
2013-03-28,14.7,4.3,9.6,0.0,13.2,38.9,41314.94
2013-03-29,16.8,7.9,12.1,0.0,7.2,24.8,41450.06
2013-03-30,20.5,5.2,13.1,0.0,9.3,26.3,41464.94
2013-03-31,21.4,6.2,14.1,0.1,12.9,39.6,39862.29
2013-04-01,22.9,8.8,15.2,0.0,13.1,45.7,41266.2
2013-04-02,16.3,7.4,12.1,0.0,11.2,33.5,40631.8
2013-04-03,19.4,5.0,13.3,0.0,5.4,23.8,40838.46
2013-04-04,16.1,6.7,9.7,9.9,20.5,60.5,34564.02
2013-04-05,13.6,6.1,9.2,11.2,17.8,58.3,37179.32
2013-04-06,19.8,4.1,12.4,0.0,8.2,25.9,42143.07
2013-04-07,25.5,10.6,19.3,0.0,14.3,40.3,42368.71
2013-04-08,20.9,7.4,15.8,0.0,17.7,51.1,42515.35
2013-04-09,12.3,6.1,8.6,5.3,14.4,52.9,39917.82
2013-04-10,11.5,6.0,8.4,1.2,15.5,43.9,40114.5
2013-04-11,13.2,1.2,8.6,0.0,4.2,19.8,20329.09
2013-04-12,17.7,5.4,12.0,0.0,3.9,23.0,43371.01
2013-04-13,19.7,7.1,13.5,0.0,8.6,26.3,43347.87
2013-04-14,19.1,5.0,12.9,0.0,7.6,24.8,43845.4
2013-04-15,19.0,5.6,12.8,0.1,12.7,38.2,43448.59
2013-04-16,11.0,7.0,8.4,9.9,21.3,63.4,28516.46
2013-04-17,11.4,6.6,8.3,6.6,13.3,40.3,34903.81
2013-04-18,12.5,5.3,8.7,1.2,12.0,35.3,40949.01
2013-04-19,11.5,4.6,7.9,4.7,16.9,50.0,43159.9
2013-04-20,9.3,3.9,6.0,3.9,14.5,43.6,35494.55
2013-04-21,12.3,3.0,7.3,4.3,13.7,40.0,42481.21
2013-04-22,11.5,5.2,7.8,3.5,13.7,43.2,40073.41
2013-04-23,16.2,0.2,9.5,0.0,6.2,23.4,44691.47
2013-04-24,19.2,6.0,13.2,0.0,5.6,23.8,44336.24
2013-04-25,19.9,6.3,14.1,0.0,8.8,24.1,45082.62
2013-04-26,20.5,6.6,14.4,0.0,7.5,23.0,45189.98
2013-04-27,22.6,7.1,15.8,0.0,9.2,27.7,45296.56
2013-04-28,24.1,8.1,17.2,0.0,11.5,32.4,45402.3
2013-04-29,24.9,11.6,18.8,0.0,5.7,26.3,45507.1
2013-04-30,26.3,11.5,20.1,0.0,5.9,23.8,45610.87
2013-05-01,25.9,13.9,20.6,1.2,8.4,25.2,43682.95
2013-05-02,25.7,17.2,21.0,1.2,8.7,32.4,39902.66
2013-05-03,23.9,18.0,20.1,0.7,10.2,27.0,27909.34
2013-05-04,24.6,16.4,20.2,0.1,11.5,31.0,46013.92
2013-05-05,23.9,16.3,19.5,0.5,7.8,27.7,46111.22
2013-05-06,24.2,14.4,19.2,1.2,9.5,26.3,46206.95
2013-05-07,24.8,15.6,19.9,0.5,9.4,31.7,46301.0
2013-05-08,24.7,15.4,19.9,0.0,7.2,24.8,46378.62
2013-05-09,23.1,15.2,18.8,0.6,7.1,34.6,41052.36
2013-05-10,23.2,13.1,17.9,2.0,11.2,36.7,46473.86
2013-05-11,17.4,11.3,14.6,4.3,17.0,59.4,42392.25
2013-05-12,17.1,8.9,12.8,0.4,12.9,36.4,46563.54
2013-05-13,17.7,9.1,13.4,0.0,17.9,48.2,46606.59
2013-05-14,16.7,9.2,12.0,4.9,17.0,49.7,42144.21
2013-05-15,14.3,6.7,10.8,2.2,13.2,35.6,44328.61
2013-05-16,17.4,7.2,12.7,0.0,12.8,32.0,46728.25
2013-05-17,22.6,5.6,15.3,0.0,7.2,26.3,46766.27
2013-05-18,25.3,13.9,19.9,0.1,12.1,34.6,46800.0
2013-05-19,25.3,17.2,21.0,0.0,12.3,33.8,41845.39
2013-05-20,22.9,15.8,19.1,1.1,9.2,34.2,46800.0
2013-05-21,23.7,13.7,18.7,0.0,11.2,31.0,46800.0
2013-05-22,25.7,14.6,20.1,0.0,7.6,26.6,46800.0
2013-05-23,27.8,13.6,21.8,0.0,6.4,24.1,46800.0
2013-05-24,30.5,16.6,24.4,0.0,7.1,23.4,43526.81
2013-05-25,26.2,14.7,22.0,0.0,15.8,46.1,46800.0
2013-05-26,22.4,11.9,16.6,0.0,12.4,34.9,46800.0
2013-05-27,23.0,12.5,17.4,0.2,14.9,42.1,46800.0
2013-05-28,22.2,13.8,17.5,0.0,16.8,46.1,46800.0
2013-05-29,26.6,13.0,20.3,0.0,6.1,27.0,46800.0
2013-05-30,29.8,16.5,22.6,0.0,21.1,56.9,46800.0
2013-05-31,27.7,14.1,21.1,0.0,12.7,37.8,46800.0
2013-06-01,26.7,16.6,21.9,0.0,18.4,51.1,46804.68
2013-06-02,30.7,16.8,24.7,0.0,10.1,36.4,46800.5
2013-06-03,27.7,15.5,23.1,0.0,19.7,55.4,46880.46
2013-06-04,23.3,11.5,17.3,0.0,12.9,37.8,46877.91
2013-06-05,24.1,12.0,17.7,0.0,12.2,36.4,46875.19
2013-06-06,23.6,12.8,18.6,0.0,19.4,53.6,46872.35
2013-06-07,23.3,15.3,19.1,0.0,15.5,43.6,46869.4
2013-06-08,27.1,13.5,21.0,0.0,14.1,43.2,46866.37
2013-06-09,24.1,14.6,20.8,0.0,17.1,48.2,46863.28
2013-06-10,23.4,13.0,18.0,0.0,14.2,38.5,46956.21
2013-06-11,25.6,14.0,19.7,0.0,14.0,41.0,46954.48
2013-06-12,28.0,16.4,22.1,0.0,13.0,35.6,46952.68
2013-06-13,23.5,13.4,18.6,0.0,11.9,34.6,46950.88
2013-06-14,24.1,11.3,17.5,0.0,10.1,30.6,46847.98
2013-06-15,22.7,11.7,16.8,0.0,11.6,33.8,46845.14
2013-06-16,23.7,10.6,17.0,0.0,10.4,32.4,46945.52
2013-06-17,25.6,13.4,19.6,0.0,15.2,42.1,47047.8
2013-06-18,25.7,14.9,20.3,0.0,16.4,45.4,47047.02
2013-06-19,26.9,15.4,21.3,0.0,11.6,36.0,47046.24
2013-06-20,29.5,19.4,23.8,0.1,13.6,37.1,47045.44
2013-06-21,28.9,18.3,23.4,0.0,13.6,39.2,47151.36
2013-06-22,29.1,18.1,23.2,0.0,11.3,33.8,47151.12
2013-06-23,28.6,17.9,23.0,0.0,9.2,32.4,47150.87
2013-06-24,28.6,17.4,22.6,0.0,11.8,35.3,47150.57
2013-06-25,29.5,18.6,23.5,0.0,12.2,38.2,47150.28
2013-06-26,30.6,19.5,24.6,0.0,11.6,37.4,47149.97
2013-06-27,30.4,18.8,24.4,0.0,12.2,35.6,47258.66
2013-06-28,30.3,19.1,24.3,0.0,13.3,37.8,47258.52
2013-06-29,30.7,19.7,24.7,0.0,14.3,40.7,47258.34
2013-06-30,29.8,18.5,23.5,0.0,11.6,34.9,47258.1
2013-07-01,26.7,14.7,20.1,0.0,13.7,38.9,47257.82
2013-07-02,26.8,12.7,19.6,0.0,9.3,30.6,47148.35
2013-07-03,28.4,11.9,21.1,0.0,9.7,31.0,47257.07
2013-07-04,29.2,16.5,22.6,0.0,10.3,31.0,47256.64
2013-07-05,30.0,17.1,23.3,0.0,9.5,29.5,47256.15
2013-07-06,29.8,17.0,23.3,0.0,7.3,28.1,47147.73
2013-07-07,31.2,13.8,24.0,0.0,7.9,29.5,47254.94
2013-07-08,31.9,17.9,24.6,0.0,9.4,28.8,47254.22
2013-07-09,30.7,16.9,23.5,0.0,10.3,31.7,47119.81
2013-07-10,29.7,13.9,22.3,0.0,12.4,35.3,47089.93
2013-07-11,29.0,16.7,22.2,0.0,13.0,38.2,47058.92
2013-07-12,29.7,16.6,23.0,0.0,7.9,29.5,46923.4
2013-07-13,31.8,18.8,25.3,0.0,7.2,30.6,46686.51
2013-07-14,31.7,19.8,25.9,0.0,7.3,30.2,46655.82
2013-07-15,31.5,20.0,25.7,0.0,7.4,29.9,46579.47
2013-07-16,30.5,17.5,24.0,0.0,11.1,34.2,46790.21
2013-07-17,28.8,17.4,22.5,0.0,13.7,36.7,46754.97
2013-07-18,26.1,15.0,20.1,0.0,12.7,36.4,46719.05
2013-07-19,26.9,13.8,20.0,0.0,13.1,37.8,46493.59
2013-07-20,29.1,16.0,22.2,0.0,12.8,36.7,46459.71
2013-07-21,28.1,16.7,21.8,0.0,14.7,41.0,46425.44
2013-07-22,28.6,16.3,21.9,0.0,14.8,41.4,46479.98
2013-07-23,29.4,17.3,22.9,0.0,12.4,36.0,46355.89
2013-07-24,30.0,18.5,23.4,0.0,12.8,36.0,46320.68
2013-07-25,29.1,18.0,23.0,0.0,15.5,44.3,46285.21
2013-07-26,30.1,17.5,23.1,0.0,13.8,39.6,46169.04
2013-07-27,28.6,17.5,22.5,0.0,17.1,45.7,46135.48
2013-07-28,29.1,18.1,23.0,0.0,12.7,38.2,46092.06
2013-07-29,29.5,17.7,23.1,0.0,12.3,37.4,46053.75
2013-07-30,29.4,16.8,22.7,0.0,14.7,40.7,46015.24
2013-07-31,29.1,17.1,22.5,0.0,13.6,39.2,45976.38
2013-08-01,29.4,17.8,23.0,0.0,14.7,41.0,45937.2
2013-08-02,30.8,19.7,24.5,0.0,16.0,43.9,45897.72
2013-08-03,30.1,19.3,24.0,0.0,16.7,45.7,45857.99
2013-08-04,29.1,16.7,22.5,0.0,14.5,39.6,45818.05
2013-08-05,30.2,17.4,23.5,0.0,11.0,34.2,45777.91
2013-08-06,30.8,19.0,24.4,0.0,9.4,30.6,45737.62
2013-08-07,29.8,17.6,23.3,0.0,12.3,35.3,45697.21
2013-08-08,29.1,17.3,22.5,0.0,14.5,41.0,45656.71
2013-08-09,29.4,17.4,22.9,0.0,13.6,40.0,45616.15
2013-08-10,29.9,18.2,23.5,0.0,10.8,32.8,45575.57
2013-08-11,29.9,18.4,23.8,0.0,10.6,32.8,45534.97
2013-08-12,29.7,18.2,23.6,0.0,8.3,31.0,44519.52
2013-08-13,30.7,19.3,24.7,0.0,7.3,29.2,43701.12
2013-08-14,32.3,22.0,26.8,0.0,9.2,30.6,45392.96
2013-08-15,33.6,22.4,27.6,0.0,7.2,27.4,45289.69
2013-08-16,32.8,22.1,26.8,0.0,11.1,32.8,45185.86
2013-08-17,32.0,19.8,25.4,0.0,10.6,33.1,45081.53
2013-08-18,30.1,19.3,23.8,0.0,12.6,36.4,44976.58
2013-08-19,30.1,16.2,23.0,0.0,7.2,27.7,44870.3
2013-08-20,30.2,18.5,23.9,0.0,12.1,36.0,44762.66
2013-08-21,30.1,19.0,23.9,0.0,14.3,38.9,44653.75
2013-08-22,29.4,18.7,23.4,0.0,11.6,33.1,44543.66
2013-08-23,28.7,17.5,22.3,0.0,12.4,35.6,44432.47
2013-08-24,25.6,16.1,20.1,0.0,13.4,40.0,44320.27
2013-08-25,28.4,14.7,21.5,0.0,7.9,27.4,43669.05
2013-08-26,29.1,17.1,22.8,0.0,8.4,30.2,43818.69
2013-08-27,30.0,18.0,23.8,0.0,8.3,30.2,43845.72
2013-08-28,31.3,19.7,24.9,0.0,9.0,31.0,43755.06
2013-08-29,31.1,19.9,25.0,0.0,12.3,39.6,43551.7
2013-08-30,31.6,21.2,25.7,0.0,11.5,32.8,43350.6
2013-08-31,30.9,20.0,24.8,0.0,9.2,30.6,43146.39
2013-09-01,29.9,17.4,23.3,0.0,10.4,30.2,42599.07
2013-09-02,30.6,17.3,23.8,0.0,11.3,33.5,42867.14
2013-09-03,30.0,20.3,24.4,0.0,10.2,31.7,42597.28
2013-09-04,27.1,17.6,21.6,0.0,11.9,34.2,41675.21
2013-09-05,26.6,15.3,20.7,0.0,11.4,31.3,41979.62
2013-09-06,26.7,15.2,20.8,0.0,8.1,29.2,41951.81
2013-09-07,26.6,14.4,20.2,0.0,7.9,28.4,41682.38
2013-09-08,26.4,12.9,19.7,0.0,9.7,30.6,40589.42
2013-09-09,27.0,14.6,20.6,0.0,7.6,27.7,41080.35
2013-09-10,28.7,16.9,22.6,0.0,7.2,27.7,40973.07
2013-09-11,29.8,18.9,24.1,0.0,7.8,28.1,40654.54
2013-09-12,31.5,20.4,25.6,0.0,8.6,28.8,40539.45
2013-09-13,33.7,18.7,26.9,0.0,6.5,26.6,40347.01
2013-09-14,32.6,21.7,26.4,0.0,12.5,35.6,40244.54
2013-09-15,28.6,16.4,23.0,0.0,17.0,47.5,39979.83
2013-09-16,25.9,13.4,19.0,0.0,12.3,34.9,39821.08
2013-09-17,24.5,13.7,18.7,0.0,16.5,44.6,39747.13
2013-09-18,24.5,15.7,19.3,0.0,14.9,41.0,39611.3
2013-09-19,26.0,14.9,20.1,0.0,14.0,42.5,35432.03
2013-09-20,26.8,16.4,21.9,0.0,14.1,38.5,39600.0
2013-09-21,23.0,14.5,17.7,0.1,17.0,47.2,39600.0
2013-09-22,22.9,13.4,17.2,0.0,16.6,46.8,39020.51
2013-09-23,21.0,13.0,16.4,0.0,18.6,51.8,39495.82
2013-09-24,18.4,12.0,14.5,5.7,16.2,49.3,33221.84
2013-09-25,22.0,11.4,15.8,0.0,12.0,33.5,37912.8
2013-09-26,25.1,9.2,17.7,0.0,4.8,25.2,39600.0
2013-09-27,25.3,15.4,19.4,0.0,11.0,32.0,39600.0
2013-09-28,23.0,12.3,17.1,0.0,9.4,29.9,39600.0
2013-09-29,24.0,10.0,17.4,0.0,5.5,25.6,39600.0
2013-09-30,25.5,14.7,19.8,0.0,4.9,27.4,39520.32
2013-10-01,27.0,15.4,21.3,0.0,7.3,29.9,39437.49
2013-10-02,25.8,14.6,19.8,0.0,9.5,29.9,39354.54
2013-10-03,20.6,13.0,16.7,0.0,18.7,50.8,38888.05
2013-10-04,19.1,11.0,14.3,0.0,15.9,42.1,38634.95
2013-10-05,17.4,9.5,12.8,0.0,13.7,37.4,37970.54
2013-10-06,15.0,7.2,10.7,0.0,15.9,41.0,39023.45
2013-10-07,17.0,4.7,11.0,0.0,9.2,27.4,38935.98
2013-10-08,20.9,4.1,12.4,0.0,5.6,24.5,38807.75
2013-10-09,22.4,4.9,13.8,0.0,5.5,24.5,38679.71
2013-10-10,25.2,10.5,17.7,0.0,4.4,24.8,38551.94
2013-10-11,26.0,13.8,19.5,0.0,6.2,24.1,38424.54
2013-10-12,25.1,14.0,18.9,0.0,6.8,24.1,38297.61
2013-10-13,24.1,13.4,18.0,0.0,7.6,26.3,38171.23
2013-10-14,22.9,10.7,16.9,0.0,6.0,24.5,38045.51
2013-10-15,23.8,12.6,18.1,0.0,4.3,25.2,37920.55
2013-10-16,24.4,11.8,18.4,0.0,6.5,27.0,37796.46
2013-10-17,24.8,12.4,18.7,0.0,9.3,34.6,37673.07
2013-10-18,19.8,11.3,15.4,8.1,19.9,68.4,35988.15
2013-10-19,15.1,9.9,12.2,3.6,14.9,41.0,35368.51
2013-10-20,18.4,5.0,12.0,0.0,5.8,22.3,37301.35
2013-10-21,18.5,3.7,11.1,0.0,7.4,24.5,37087.07
2013-10-22,21.7,6.5,14.0,0.0,4.7,21.2,37052.92
2013-10-23,22.7,11.3,16.4,0.0,7.7,25.9,36814.79
2013-10-24,21.6,11.7,15.8,0.0,9.8,30.6,36621.47
2013-10-25,20.1,7.9,13.8,0.0,7.1,23.4,36431.55
2013-10-26,19.8,9.4,14.3,0.0,10.7,28.1,36245.29
2013-10-27,19.8,10.2,14.2,0.0,10.4,31.0,35956.16
2013-10-28,20.5,6.9,13.5,0.0,5.4,23.4,35884.6
2013-10-29,21.6,7.3,14.3,0.0,6.2,22.3,35710.66
2013-10-30,22.8,8.0,15.0,0.0,9.6,26.6,35249.1
2013-10-31,21.1,8.5,14.5,0.0,11.4,32.4,34811.61
2013-11-01,18.3,7.9,13.3,0.1,7.6,28.1,34853.37
2013-11-02,18.8,7.4,13.0,0.0,7.4,28.4,34799.7
2013-11-03,20.6,8.6,14.4,0.1,4.9,28.1,34744.86
2013-11-04,20.4,8.6,13.9,0.0,7.0,23.0,33741.47
2013-11-05,19.9,6.4,12.3,0.6,10.2,32.4,33983.07
2013-11-06,21.4,8.3,14.5,0.0,7.9,27.0,34409.33
2013-11-07,20.2,9.3,14.4,0.0,4.9,22.7,17634.19
2013-11-08,18.3,10.1,14.0,0.8,8.8,35.3,33103.96
2013-11-09,18.9,10.0,13.6,1.1,6.6,22.7,34233.23
2013-11-10,18.6,9.0,13.3,0.0,5.1,23.0,34173.49
2013-11-11,18.4,8.0,12.7,0.0,6.8,20.5,33942.43
2013-11-12,18.3,8.4,12.8,0.0,5.2,20.5,33687.48
2013-11-13,18.6,8.0,13.2,0.0,5.1,23.0,33992.21
2013-11-14,18.8,8.5,13.4,0.0,7.6,28.4,32589.81
2013-11-15,18.4,8.9,13.2,0.3,8.0,29.2,33632.66
2013-11-16,17.0,9.3,12.6,0.2,4.8,22.0,33809.55
2013-11-17,16.3,7.0,10.9,1.8,6.6,23.4,32966.92
2013-11-18,14.5,5.0,9.3,0.0,14.9,39.6,33160.93
2013-11-19,16.3,3.9,9.7,0.0,7.9,30.6,32165.71
2013-11-20,16.6,7.2,11.1,0.0,7.3,25.2,33224.81
2013-11-21,16.9,2.1,10.2,0.0,9.7,27.0,32660.92
2013-11-22,18.3,7.7,12.3,0.5,9.4,25.2,22207.93
2013-11-23,20.0,9.3,14.2,0.0,9.8,33.5,29391.37
2013-11-24,16.5,8.7,12.6,0.0,8.3,25.9,29781.65
2013-11-25,19.0,6.9,12.7,0.0,8.1,27.7,32419.85
2013-11-26,22.3,9.3,15.3,0.0,10.7,33.8,32498.07
2013-11-27,22.2,13.4,17.5,0.8,15.0,65.9,24932.06
2013-11-28,18.1,10.8,13.8,0.0,12.0,36.7,32628.7
2013-11-29,12.3,5.5,8.8,0.0,18.1,49.7,29922.48
2013-11-30,16.2,3.7,8.9,0.0,7.2,21.6,32439.93
2013-12-01,16.9,2.7,9.6,0.0,9.4,28.4,28854.3
2013-12-02,20.8,8.6,14.6,0.0,6.9,25.6,15711.05
2013-12-03,17.7,12.2,14.3,6.6,11.8,59.4,8270.07
2013-12-04,13.4,7.8,11.0,8.1,7.2,42.8,12334.63
2013-12-05,10.1,4.6,7.1,3.7,12.0,36.7,24849.82
2013-12-06,11.8,2.3,6.8,0.0,8.6,23.8,31979.98
2013-12-07,9.9,4.9,7.1,3.8,11.6,45.7,28800.0
2013-12-08,9.5,4.6,7.3,9.2,16.2,60.1,24093.46
2013-12-09,7.0,0.8,4.4,0.0,16.1,37.8,30942.65
2013-12-10,7.0,-1.4,2.3,3.0,11.6,34.2,29168.43
2013-12-11,3.3,-0.4,2.1,17.5,12.3,45.4,14105.28
2013-12-12,-0.2,-5.7,-2.9,5.2,6.6,21.2,27014.72
2013-12-13,-0.1,-6.4,-3.1,5.2,15.1,52.6,18283.77
2013-12-14,0.6,-11.1,-2.1,1.9,13.0,40.0,28167.93
2013-12-15,1.6,-14.8,-6.0,0.0,5.6,16.6,32258.9
2013-12-16,4.4,-5.4,-1.1,0.0,3.6,15.1,32222.02
2013-12-17,5.9,-4.6,-0.1,0.0,4.1,15.5,32186.41
2013-12-18,5.9,-2.9,0.9,0.0,4.3,16.2,32151.78
2013-12-19,7.3,-5.5,1.0,0.0,4.4,15.5,32118.22
2013-12-20,9.5,-1.3,2.9,0.0,3.4,14.0,32085.83
2013-12-21,10.3,-2.2,2.7,0.0,5.6,16.6,32054.68
2013-12-22,11.1,-3.6,2.7,0.0,3.6,17.6,32030.77
2013-12-23,12.2,-1.3,3.8,0.0,4.1,14.8,32001.26
2013-12-24,11.3,-2.6,2.4,0.0,7.2,23.4,32009.5
2013-12-25,8.4,-2.9,2.0,0.1,9.5,28.4,28474.99
2013-12-26,9.7,-1.0,2.9,0.0,9.8,26.6,21916.18
2013-12-27,12.4,-1.3,4.0,0.0,7.2,24.1,31941.28
2013-12-28,12.2,0.4,5.5,0.4,11.0,36.7,31878.48
2013-12-29,9.7,3.5,5.7,14.4,6.1,40.0,18040.26
2013-12-30,6.4,2.0,3.9,2.0,10.7,27.4,24571.18
2013-12-31,7.4,0.6,4.0,0.5,4.3,15.5,28341.38
2014-01-01,8.6,-3.4,3.0,0.0,4.7,19.1,31817.73
2014-01-02,8.9,-1.1,3.5,0.0,4.2,16.9,29695.21
2014-01-03,9.7,-0.7,3.8,0.0,5.8,18.0,31800.27
2014-01-04,9.4,-1.0,3.7,0.0,6.2,19.8,31821.74
2014-01-05,9.2,-1.3,3.6,0.5,5.4,19.8,31792.2
2014-01-06,9.7,-2.6,4.3,0.0,5.3,18.4,32370.26
2014-01-07,10.9,-1.9,3.6,0.0,4.8,16.2,31792.55
2014-01-08,11.9,-2.8,2.6,0.0,8.3,24.8,32667.86
2014-01-09,10.5,-2.9,2.7,0.4,8.0,25.9,32157.04
2014-01-10,7.5,-0.0,3.7,0.3,4.3,19.1,30960.26
2014-01-11,9.0,-1.1,3.9,0.0,7.3,24.8,32952.95
2014-01-12,9.4,1.7,5.3,0.2,10.8,31.7,21436.51
2014-01-13,10.7,5.8,7.6,0.0,9.7,28.4,28963.54
2014-01-14,10.0,2.2,5.5,0.0,6.6,19.8,16484.26
2014-01-15,13.0,1.8,6.3,0.0,8.2,19.4,33306.07
2014-01-16,11.6,-0.1,4.6,0.0,9.1,28.4,33384.45
2014-01-17,12.9,1.5,7.0,0.1,10.2,30.6,33465.03
2014-01-18,12.3,-2.1,5.5,0.0,7.9,22.7,33547.71
2014-01-19,12.6,2.9,6.9,0.0,6.5,22.7,33632.36
2014-01-20,14.9,3.7,9.2,0.0,4.7,18.4,33718.86
2014-01-21,16.6,7.1,11.0,0.0,5.7,19.8,33807.1
2014-01-22,15.0,6.8,10.1,0.0,9.8,30.2,33775.86
2014-01-23,10.6,3.3,6.7,0.0,13.3,40.3,33988.3
2014-01-24,11.4,2.0,6.3,0.0,6.9,25.2,31913.82
2014-01-25,13.2,1.8,7.2,0.5,7.7,29.5,30205.66
2014-01-26,11.5,4.3,7.8,2.2,10.4,47.9,18486.71
2014-01-27,11.7,5.9,8.1,0.1,12.2,49.3,20961.19
2014-01-28,8.1,1.6,5.3,4.7,15.3,47.5,25036.53
2014-01-29,12.3,4.1,7.8,0.0,11.5,34.2,34576.36
2014-01-30,10.8,3.9,6.6,0.0,11.4,32.0,34682.09
2014-01-31,11.9,-1.6,5.5,0.0,4.6,19.1,30852.62
2014-02-01,14.4,3.3,8.0,0.0,8.0,20.9,34270.5
2014-02-02,9.6,-0.4,4.3,1.1,8.2,24.8,16509.26
2014-02-03,4.0,1.1,2.0,9.7,8.4,23.8,12775.67
2014-02-04,4.3,-4.4,1.6,0.0,15.5,38.5,33754.48
2014-02-05,5.5,-8.9,-1.9,0.0,6.5,16.6,35146.14
2014-02-06,6.4,-5.8,0.4,0.0,5.1,16.2,28268.65
2014-02-07,7.9,-3.7,1.8,0.0,3.4,18.0,35110.87
2014-02-08,9.5,-3.4,3.1,0.0,4.1,18.7,35363.83
2014-02-09,10.8,-2.2,4.1,0.0,5.7,22.0,35468.19
2014-02-10,11.2,2.0,6.0,0.0,9.7,29.5,35580.44
2014-02-11,12.3,0.9,6.0,0.0,5.8,22.0,35648.66
2014-02-12,14.0,-0.8,6.0,0.0,7.9,23.0,35771.04
2014-02-13,15.4,-0.6,6.6,0.0,7.9,25.9,35900.25
2014-02-14,16.3,1.2,8.0,0.2,7.2,30.2,35971.26
2014-02-15,8.7,2.2,5.6,2.9,13.8,43.6,35428.93
2014-02-16,8.8,1.1,4.6,2.6,6.3,25.6,30175.14
2014-02-17,11.5,-2.6,4.8,0.0,12.2,31.0,36251.37
2014-02-18,13.5,-1.4,6.4,0.0,4.7,19.1,36482.0
2014-02-19,17.0,5.2,10.6,0.0,4.7,20.5,36811.63
2014-02-20,18.6,6.6,12.3,0.0,9.7,30.6,36953.42
2014-02-21,20.0,8.9,13.8,0.0,7.5,26.6,37167.52
2014-02-22,18.2,7.9,13.4,0.4,14.7,40.7,37008.33
2014-02-23,17.2,6.2,11.6,0.0,8.7,24.1,36632.59
2014-02-24,17.0,3.6,10.7,0.0,14.8,43.2,37407.66
2014-02-25,9.7,5.4,7.2,5.0,16.1,50.8,30994.19
2014-02-26,9.8,4.5,6.5,4.7,13.9,42.1,36000.0
2014-02-27,9.1,1.2,5.2,0.9,12.4,37.1,32303.76
2014-02-28,12.2,-2.8,5.5,0.0,5.9,22.7,37706.66
2014-03-01,17.0,2.3,9.3,0.0,8.2,23.0,36180.01
2014-03-02,19.3,4.3,11.3,0.2,16.5,56.9,36363.32
2014-03-03,16.9,7.4,11.8,0.0,8.7,30.2,37934.61
2014-03-04,14.3,6.2,9.7,0.0,26.3,71.3,38037.26
2014-03-05,16.4,3.9,10.2,0.0,9.3,31.3,38173.68
2014-03-06,18.7,9.9,13.4,0.0,17.9,52.6,38316.08
2014-03-07,21.0,9.4,14.4,0.0,10.9,34.6,38239.64
2014-03-08,19.8,8.2,13.6,0.7,14.2,62.3,38317.42
2014-03-09,18.5,6.6,12.0,6.4,10.6,40.0,30009.17
2014-03-10,10.8,3.8,8.0,9.0,15.1,47.2,36249.21
2014-03-11,10.2,3.4,6.1,2.7,12.3,36.0,33314.2
2014-03-12,7.6,1.9,4.0,7.6,14.8,52.6,23754.11
2014-03-13,8.1,1.4,4.2,4.6,12.8,39.2,33508.25
2014-03-14,7.6,-1.8,2.9,3.2,9.7,36.7,36898.21
2014-03-15,10.5,0.8,5.2,0.0,9.7,29.5,39111.18
2014-03-16,13.6,-0.0,7.2,0.4,9.6,31.3,34204.38
2014-03-17,17.6,7.8,12.5,2.6,13.4,54.7,17251.98
2014-03-18,13.9,5.2,9.5,0.0,12.1,31.0,39130.36
2014-03-19,16.1,3.0,9.9,0.0,5.4,22.7,39837.55
2014-03-20,17.1,5.5,11.6,0.0,11.2,29.9,39923.77
2014-03-21,16.7,0.2,10.0,0.0,7.3,22.0,40328.26
2014-03-22,18.2,5.3,11.9,0.0,6.6,23.0,40418.46
2014-03-23,20.1,5.8,13.7,0.0,9.9,31.3,40066.36
2014-03-24,20.0,8.0,14.2,0.0,8.4,24.5,39901.64
2014-03-25,16.8,8.6,12.5,1.5,7.9,30.6,24857.49
2014-03-26,15.7,6.2,10.8,0.0,11.2,31.3,41049.75
2014-03-27,18.7,4.6,11.8,0.0,6.6,25.2,41374.91
2014-03-28,21.5,9.0,15.2,0.0,4.0,22.7,41419.69
2014-03-29,19.6,7.6,14.4,0.2,18.3,52.9,41464.28
2014-03-30,9.9,1.1,6.5,6.8,23.6,66.2,35415.48
2014-03-31,13.5,-2.0,6.4,0.0,9.0,25.2,41585.05
2014-04-01,15.4,1.1,9.0,0.1,7.2,23.8,39459.46
2014-04-02,15.3,7.4,10.7,0.0,12.7,33.5,41661.35
2014-04-03,15.9,6.2,10.2,0.0,11.6,35.3,41836.8
2014-04-04,16.6,5.0,10.5,0.0,9.4,30.2,41880.72
2014-04-05,20.0,6.9,13.6,0.0,8.0,28.4,42082.22
2014-04-06,23.5,6.8,16.2,0.0,9.9,33.5,41514.14
2014-04-07,23.1,12.8,18.1,0.0,14.5,44.6,42090.13
2014-04-08,16.2,7.1,11.8,0.4,19.1,54.4,42409.45
2014-04-09,15.8,7.1,11.3,0.1,17.0,57.2,42654.04
2014-04-10,14.6,5.7,9.7,0.0,14.5,41.4,42209.69
2014-04-11,18.9,3.4,11.6,0.0,6.7,27.4,42603.55
2014-04-12,20.0,10.6,15.0,0.0,5.8,24.1,37557.15
2014-04-13,17.5,5.9,12.1,0.0,8.1,28.4,41380.33
2014-04-14,18.7,7.9,13.2,0.0,8.2,29.9,43373.24
2014-04-15,20.0,5.9,13.5,1.4,16.7,50.0,26990.69
2014-04-16,21.8,8.3,16.0,0.5,12.0,42.8,42777.16
2014-04-17,22.7,10.5,16.6,0.0,10.8,33.5,43669.75
2014-04-18,20.5,8.0,15.3,0.0,18.4,50.8,43479.12
2014-04-19,25.5,10.7,18.0,0.6,14.2,59.4,31654.86
2014-04-20,23.9,13.1,18.0,0.9,14.2,52.6,36532.81
2014-04-21,19.8,9.9,14.8,0.0,12.7,40.0,42468.6
2014-04-22,21.1,9.6,15.1,0.0,9.6,30.2,43424.69
2014-04-23,25.0,12.7,18.8,0.0,8.0,27.7,44840.97
2014-04-24,28.1,11.9,21.1,0.0,7.9,26.6,43249.49
2014-04-25,29.2,15.8,22.1,0.0,15.9,49.7,39599.16
2014-04-26,22.5,11.9,17.4,0.0,13.0,41.4,45168.37
2014-04-27,23.9,8.9,16.8,0.0,11.1,33.8,45275.52
2014-04-28,23.6,14.0,18.4,0.0,16.4,46.8,45381.56
2014-04-29,21.3,10.4,16.1,0.0,14.3,40.7,45486.35
2014-04-30,22.1,12.6,16.5,0.2,14.2,42.8,45589.83
2014-05-01,21.0,13.6,17.1,0.0,19.9,61.9,45691.91
2014-05-02,19.6,10.8,15.1,0.0,15.7,45.7,45792.48
2014-05-03,23.8,10.6,17.4,0.0,20.3,60.8,45891.45
2014-05-04,28.3,15.4,22.4,0.0,13.2,42.1,45988.71
2014-05-05,28.4,13.8,22.0,0.0,18.4,51.1,28762.79
2014-05-06,21.3,16.5,20.1,0.5,9.4,27.0,11259.25
2014-05-07,24.6,13.8,19.1,2.7,7.9,27.4,35972.63
2014-05-08,15.1,10.8,13.7,29.5,9.2,49.7,7840.82
2014-05-09,16.0,9.3,12.5,0.7,18.1,47.2,45648.25
2014-05-10,19.0,9.4,14.0,0.0,13.0,35.6,46457.73
2014-05-11,17.8,11.2,14.3,0.3,11.2,33.8,46504.16
2014-05-12,17.2,9.9,13.3,0.6,8.9,29.9,46549.44
2014-05-13,18.3,7.9,12.9,0.0,16.5,43.9,46593.52
2014-05-14,20.7,9.7,15.0,0.0,10.4,35.3,46636.38
2014-05-15,24.3,12.4,18.4,0.0,8.1,28.1,46677.96
2014-05-16,26.1,14.6,20.1,0.0,10.5,32.8,46718.26
2014-05-17,24.8,14.8,19.8,0.0,13.7,40.3,46757.21
2014-05-18,20.6,9.2,15.0,0.0,11.6,35.6,46794.8
2014-05-19,20.2,8.3,14.2,0.0,9.6,30.2,46800.0
2014-05-20,21.8,9.9,16.0,0.5,13.6,38.2,46800.0
2014-05-21,23.1,12.3,17.3,2.6,10.3,38.2,46800.0
2014-05-22,21.8,12.9,17.5,0.4,7.7,28.4,46800.0
2014-05-23,23.4,12.7,18.0,0.0,9.4,32.0,46800.0
2014-05-24,22.8,10.2,17.2,0.0,13.7,38.2,46800.0
2014-05-25,23.4,12.1,17.7,0.0,10.8,33.5,46800.0
2014-05-26,23.9,8.5,17.4,0.0,11.2,34.2,46800.0
2014-05-27,25.3,14.3,20.0,0.0,15.9,46.1,46800.0
2014-05-28,28.5,18.1,22.6,0.2,13.6,43.9,46800.0
2014-05-29,25.9,15.3,20.4,0.0,9.5,31.7,43686.54
2014-05-30,30.4,16.1,23.7,0.0,8.0,29.5,46800.0
2014-05-31,29.3,14.1,23.1,0.0,19.9,58.3,46800.0
2014-06-01,20.5,10.6,15.1,0.0,14.2,42.5,46800.0
2014-06-02,18.6,9.1,13.7,0.9,17.3,47.5,45428.63
2014-06-03,23.2,10.4,16.8,0.0,17.2,46.8,46800.0
2014-06-04,31.1,15.5,24.1,0.2,8.1,32.0,46211.91
2014-06-05,25.0,13.6,21.2,0.9,17.0,61.2,36601.52
2014-06-06,20.7,11.9,15.8,0.0,14.3,42.5,46800.0
2014-06-07,21.0,11.3,15.9,0.0,12.2,37.8,46800.0
2014-06-08,24.0,10.8,17.8,0.0,10.1,32.4,46800.0
2014-06-09,26.7,10.3,19.8,0.0,9.2,33.5,46800.0
2014-06-10,25.9,14.4,20.4,0.0,12.3,37.8,46860.55
2014-06-11,22.2,12.3,16.8,0.0,18.4,48.2,46857.59
2014-06-12,22.3,11.6,16.6,0.2,15.8,45.0,46854.68
2014-06-13,24.7,11.4,18.6,0.0,9.8,33.5,46851.86
2014-06-14,26.6,13.4,20.6,0.0,7.8,30.6,46849.15
2014-06-15,26.4,13.5,20.1,0.0,11.8,36.0,47049.76
2014-06-16,28.3,14.0,20.9,0.0,15.8,43.6,47049.02
2014-06-17,27.2,16.7,21.4,0.0,16.5,43.6,47048.23
2014-06-18,29.1,16.8,22.5,0.0,16.3,45.4,47047.41
2014-06-19,30.5,18.8,24.6,0.0,16.2,45.7,47151.71
2014-06-20,30.7,19.2,24.8,0.0,19.1,52.6,47151.56
2014-06-21,24.2,12.6,18.4,0.0,13.7,40.7,47151.38
2014-06-22,27.1,12.9,20.0,0.0,7.3,29.9,47151.13
2014-06-23,28.3,15.7,22.1,0.0,8.7,31.0,47150.84
2014-06-24,28.6,17.2,22.6,0.0,11.2,35.3,47258.72
2014-06-25,28.3,15.6,21.8,0.0,14.4,40.7,47258.8
2014-06-26,31.2,16.9,24.1,0.0,8.0,28.4,47258.8
2014-06-27,34.8,20.9,28.1,0.0,11.3,32.4,47258.76
2014-06-28,34.8,23.5,29.2,0.0,11.9,38.9,47258.64
2014-06-29,33.9,24.7,28.8,0.0,15.2,43.6,47258.47
2014-06-30,32.0,22.4,26.7,0.0,13.5,37.8,47367.73
2014-07-01,29.7,19.1,24.1,0.0,11.6,35.3,47257.96
2014-07-02,31.4,19.5,25.0,0.0,13.1,40.0,47257.63
2014-07-03,32.1,20.4,25.8,0.0,12.4,36.7,47257.25
2014-07-04,31.9,19.3,25.5,0.0,11.9,38.5,47148.05
2014-07-05,30.3,19.7,24.6,0.0,14.3,40.7,47256.3
2014-07-06,28.3,16.1,22.1,0.0,10.8,32.0,47147.81
2014-07-07,29.1,16.9,22.6,0.0,10.7,35.3,47147.7
2014-07-08,30.5,18.0,24.0,0.0,11.1,34.2,47147.57
2014-07-09,31.0,19.3,24.9,0.0,14.3,44.6,47129.13
2014-07-10,31.0,21.4,25.7,0.0,16.4,43.6,47203.17
2014-07-11,31.7,19.4,25.5,0.0,8.9,30.6,47065.55
2014-07-12,34.2,22.4,27.4,0.0,17.7,47.9,47032.45
2014-07-13,26.3,14.5,20.9,0.0,18.2,51.5,46998.52
2014-07-14,27.4,12.8,19.7,0.0,15.1,41.0,46862.25
2014-07-15,29.4,16.0,22.2,0.0,11.3,33.8,46727.59
2014-07-16,29.0,16.6,22.2,0.0,12.0,34.9,46793.27
2014-07-17,28.2,14.7,20.9,0.0,10.4,32.4,46757.99
2014-07-18,28.5,14.0,20.8,0.0,11.1,33.8,46722.24
2014-07-19,27.0,14.1,19.8,0.0,14.5,39.6,46591.1
2014-07-20,25.6,13.0,19.0,0.0,18.0,47.9,46556.18
2014-07-21,24.6,15.4,19.8,0.7,12.0,40.3,46365.8
2014-07-22,28.0,16.4,22.0,0.8,12.3,35.6,46328.92
2014-07-23,29.9,18.0,23.7,0.0,12.3,39.6,46362.28
2014-07-24,29.4,18.9,23.5,0.0,14.3,42.1,46328.68
2014-07-25,28.8,16.2,21.9,0.0,12.6,37.1,46294.66
2014-07-26,27.4,15.1,20.7,0.0,13.6,38.5,46259.95
2014-07-27,27.1,14.6,20.8,0.0,14.0,40.7,46145.73
2014-07-28,30.1,17.4,23.4,0.0,12.9,39.6,46103.66
2014-07-29,31.4,19.1,24.6,0.0,14.2,39.2,46064.71
2014-07-30,31.3,20.0,25.2,0.0,11.4,35.6,46025.41
2014-07-31,32.1,19.2,25.5,0.0,9.8,32.0,45985.82
2014-08-01,32.6,20.7,26.3,0.0,11.2,34.6,45945.97
2014-08-02,30.7,19.3,24.5,0.0,14.6,38.9,45905.91
2014-08-03,26.6,14.0,20.1,0.0,14.5,41.4,45865.67
2014-08-04,27.1,14.6,20.2,0.0,15.1,42.1,45825.3
2014-08-05,26.6,16.3,21.3,0.0,15.9,45.7,45784.84
2014-08-06,29.1,17.6,22.8,0.0,13.4,38.9,45744.34
2014-08-07,30.3,18.4,23.5,0.0,11.5,36.0,45703.81
2014-08-08,28.4,16.8,22.0,0.0,12.8,37.8,45663.31
2014-08-09,27.2,13.5,20.1,0.0,12.8,37.8,45622.88
2014-08-10,29.0,15.2,21.7,0.0,8.6,29.5,45582.54
2014-08-11,31.1,15.6,23.8,0.0,9.4,31.0,45542.33
2014-08-12,31.4,19.0,24.6,0.0,12.9,35.6,45502.3
2014-08-13,32.1,19.5,25.5,0.0,8.7,29.5,45462.47
2014-08-14,33.9,20.7,27.1,0.0,7.1,27.4,45422.69
2014-08-15,32.9,21.3,26.4,0.0,12.3,36.0,45320.75
2014-08-16,31.2,18.8,24.6,0.0,8.5,32.8,45216.57
2014-08-17,33.0,19.6,26.2,0.0,8.9,32.8,44825.81
2014-08-18,33.3,20.7,26.5,0.0,11.6,33.5,45004.32
2014-08-19,29.9,19.6,24.1,0.0,14.4,38.9,44539.85
2014-08-20,29.3,17.9,23.3,0.0,13.2,38.5,44787.46
2014-08-21,30.5,18.1,23.9,0.0,10.6,32.4,44677.53
2014-08-22,31.9,17.0,24.8,0.0,5.4,28.1,44566.69
2014-08-23,33.4,19.1,26.6,0.0,9.1,30.2,44333.17
2014-08-24,33.6,23.0,27.6,0.1,8.4,30.6,44342.67
2014-08-25,34.4,21.3,27.4,0.0,7.2,33.5,44229.65
2014-08-26,32.1,20.7,26.0,0.0,11.3,32.8,43952.55
2014-08-27,31.2,19.6,25.1,0.0,10.2,31.7,43864.06
2014-08-28,31.2,18.7,24.4,0.0,8.7,29.9,43774.63
2014-08-29,29.7,16.4,23.1,0.0,10.6,31.0,42901.12
2014-08-30,32.4,19.4,25.6,0.0,5.0,28.8,43262.53
2014-08-31,33.3,24.2,27.7,0.0,6.9,30.6,43067.25
2014-09-01,29.8,21.4,24.7,1.8,11.2,31.3,41615.68
2014-09-02,27.5,17.0,21.8,0.4,10.1,29.5,41692.79
2014-09-03,27.9,14.1,21.1,0.0,8.7,29.2,42394.34
2014-09-04,29.7,14.7,22.6,0.0,10.6,34.2,42615.64
2014-09-05,28.1,17.3,22.2,0.0,12.2,34.9,41808.08
2014-09-06,24.7,14.3,19.1,0.0,12.0,31.3,41174.69
2014-09-07,25.7,14.3,19.4,0.0,10.5,29.2,41448.56
2014-09-08,25.8,13.0,19.4,0.0,11.2,34.6,41333.97
2014-09-09,26.3,14.4,20.0,0.0,9.9,30.2,40650.73
2014-09-10,26.6,13.5,20.1,0.0,10.5,32.4,40236.54
2014-09-11,26.6,14.4,20.2,0.0,9.5,27.7,40637.01
2014-09-12,27.2,14.3,20.8,0.0,9.4,30.2,40334.72
2014-09-13,27.3,14.5,20.8,0.0,9.2,28.8,39883.95
2014-09-14,25.9,14.0,19.7,0.0,9.0,29.5,40069.42
2014-09-15,25.8,13.0,19.4,0.0,11.7,35.6,39646.04
2014-09-16,25.6,12.7,19.3,0.0,12.6,37.4,39743.62
2014-09-17,27.3,15.8,22.0,0.0,17.0,45.4,39744.77
2014-09-18,24.7,16.4,20.2,0.0,13.8,37.4,39610.21
2014-09-19,24.7,13.1,18.6,0.0,10.0,29.9,39600.0
2014-09-20,24.4,13.2,18.4,0.0,10.8,31.0,39600.0
2014-09-21,24.3,10.4,17.6,0.0,10.7,33.1,39600.0
2014-09-22,24.0,11.5,17.8,0.0,13.4,38.2,39600.0
2014-09-23,26.5,10.2,19.3,0.0,8.3,28.1,39600.0
2014-09-24,29.8,15.6,22.6,0.0,15.5,43.2,39600.0
2014-09-25,25.0,14.6,19.5,0.0,20.2,55.1,39600.0
2014-09-26,25.1,13.8,18.7,0.0,13.7,37.4,39600.0
2014-09-27,28.1,15.2,21.3,0.0,15.0,43.2,39600.0
2014-09-28,18.9,12.0,16.1,9.5,17.8,68.0,37287.86
2014-09-29,18.8,11.9,15.0,0.4,8.7,25.9,39030.76
2014-09-30,22.1,9.6,16.0,0.0,4.2,24.1,38394.6
2014-10-01,22.7,11.6,16.7,9.2,7.4,30.2,37905.79
2014-10-02,20.1,11.7,16.2,7.0,9.8,26.6,39369.94
2014-10-03,22.2,12.2,16.7,0.0,7.1,23.0,39286.32
2014-10-04,21.8,12.3,16.8,0.0,7.9,24.8,39203.13
2014-10-05,23.0,6.3,16.2,0.0,6.6,23.0,39120.46
2014-10-06,24.9,14.7,19.2,0.0,6.2,23.0,39038.42
2014-10-07,26.1,14.8,19.7,0.0,7.7,25.6,38957.11
2014-10-08,26.7,14.7,20.5,0.2,9.9,31.0,38836.56
2014-10-09,25.1,17.4,20.7,0.0,8.3,27.7,38710.14
2014-10-10,25.7,15.4,19.6,0.8,13.8,48.6,38584.34
2014-10-11,21.8,13.4,17.4,3.8,8.5,47.9,38459.23
2014-10-12,21.6,13.7,17.0,0.0,7.9,28.1,38334.66
2014-10-13,21.2,10.1,15.9,0.1,6.9,27.7,37826.38
2014-10-14,19.4,10.9,15.2,0.0,8.6,24.8,37286.46
2014-10-15,19.4,10.2,14.6,0.0,11.8,33.1,34694.85
2014-10-16,18.3,9.6,13.8,0.5,11.3,33.1,37036.72
2014-10-17,21.5,6.8,14.0,0.0,15.1,41.0,37650.66
2014-10-18,19.9,12.3,15.7,1.4,17.1,44.6,35157.29
2014-10-19,17.1,10.5,14.0,10.8,9.0,40.0,28873.66
2014-10-20,15.0,6.8,10.7,0.4,15.0,39.2,37328.27
2014-10-21,16.9,3.5,10.2,0.0,4.4,21.2,37202.65
2014-10-22,19.8,4.3,11.8,0.0,6.1,22.7,35447.04
2014-10-23,20.2,8.4,14.1,0.0,11.5,37.8,35998.79
2014-10-24,20.7,5.5,14.4,0.0,6.1,23.8,36521.06
2014-10-25,21.2,10.3,15.6,0.0,5.8,27.7,36334.19
2014-10-26,22.5,10.8,16.3,0.0,5.6,28.4,36151.16
2014-10-27,22.6,11.9,17.0,0.0,4.8,24.1,35864.89
2014-10-28,21.5,12.3,16.6,0.4,3.4,22.3,31962.92
2014-10-29,21.2,9.3,15.5,0.0,9.6,30.6,35323.49
2014-10-30,18.3,11.1,13.8,0.5,10.6,28.1,33925.95
2014-10-31,15.6,8.4,11.4,0.5,12.6,38.2,33980.16
2014-11-01,14.9,8.5,10.7,1.9,13.0,44.3,31078.41
2014-11-02,14.7,8.2,11.2,3.7,11.7,40.0,13098.15
2014-11-03,13.9,8.5,10.8,8.1,13.0,40.7,28487.09
2014-11-04,14.2,6.4,9.9,0.0,12.5,32.8,33634.1
2014-11-05,15.4,3.0,9.5,0.0,5.1,22.0,34726.22
2014-11-06,16.7,5.3,10.5,0.0,4.1,22.0,34663.89
2014-11-07,17.2,2.1,9.0,0.0,8.0,20.9,34672.37
2014-11-08,17.2,1.2,8.2,0.0,8.4,26.6,34535.34
2014-11-09,20.1,3.1,10.9,0.0,6.5,20.5,34404.11
2014-11-10,21.4,8.6,14.4,0.0,4.1,19.8,34278.8
2014-11-11,21.4,10.5,15.2,0.0,4.6,21.6,34123.93
2014-11-12,20.6,9.9,14.5,0.0,4.0,22.7,34063.53
2014-11-13,19.0,9.3,13.5,0.0,3.9,19.4,32906.05
2014-11-14,18.4,9.3,13.1,0.0,7.1,19.1,25915.47
2014-11-15,17.6,8.3,12.5,0.1,11.3,30.6,33882.58
2014-11-16,12.7,8.0,10.0,1.5,12.0,33.8,15091.06
2014-11-17,14.8,5.0,9.8,0.0,6.8,19.8,32400.0
2014-11-18,16.1,4.3,9.7,0.0,4.0,20.5,32456.31
2014-11-19,16.9,4.3,10.2,0.0,5.4,19.8,33445.12
2014-11-20,17.8,5.2,10.7,0.0,6.0,21.2,32400.0
2014-11-21,14.8,7.9,10.2,9.3,15.7,55.1,33119.79
2014-11-22,9.5,5.4,7.6,14.1,18.4,72.4,28335.52
2014-11-23,10.6,1.5,6.0,1.2,10.1,24.8,32658.04
2014-11-24,9.6,2.8,6.1,0.7,5.5,20.9,30975.29
2014-11-25,10.8,3.7,6.6,4.1,13.0,49.3,29411.16
2014-11-26,7.1,4.7,5.6,16.2,15.2,60.5,23956.39
2014-11-27,10.1,4.0,6.5,1.9,9.4,39.6,28800.0
2014-11-28,10.7,1.3,6.3,0.0,8.7,24.5,32433.5
2014-11-29,11.7,1.0,6.7,0.0,4.7,18.0,29211.78
2014-11-30,12.5,1.6,7.6,0.0,6.9,21.6,29246.97
2014-12-01,11.1,3.6,7.8,0.9,9.4,29.2,32400.0
2014-12-02,15.7,7.3,10.7,0.0,4.3,19.8,30053.78
2014-12-03,18.1,8.0,12.3,0.0,6.2,17.3,19584.14
2014-12-04,17.9,6.8,11.7,0.0,6.9,22.3,32401.63
2014-12-05,17.5,8.3,12.5,0.0,6.9,19.8,32404.25
2014-12-06,16.2,5.7,10.5,0.0,4.7,18.4,32400.0
2014-12-07,17.0,5.1,10.3,0.0,4.7,19.1,32406.93
2014-12-08,17.9,6.0,10.9,0.0,7.6,23.4,31038.77
2014-12-09,14.1,7.7,10.1,5.4,10.3,43.6,24090.72
2014-12-10,13.1,5.4,8.7,0.0,7.8,24.1,29172.21
2014-12-11,13.6,0.5,6.9,0.0,7.9,25.9,32400.0
2014-12-12,16.0,4.8,9.7,2.5,8.5,46.4,29602.94
2014-12-13,12.4,6.8,9.3,1.6,9.0,24.1,31832.16
2014-12-14,10.1,4.7,7.2,3.2,5.2,26.6,32317.59
2014-12-15,12.0,1.8,6.5,0.0,3.4,21.2,32277.21
2014-12-16,11.7,-1.2,5.6,0.0,3.7,16.6,32237.84
2014-12-17,12.6,-0.5,5.4,0.0,5.8,18.7,28599.55
2014-12-18,13.3,2.1,7.4,0.0,7.2,23.4,19489.79
2014-12-19,11.7,5.7,8.0,0.3,9.7,29.9,32126.67
2014-12-20,11.0,1.7,6.2,0.0,8.3,24.8,32092.27
2014-12-21,10.6,-0.5,5.5,0.0,6.1,19.8,32059.38
2014-12-22,9.0,2.4,5.3,7.8,11.9,47.2,25783.91
2014-12-23,8.3,1.5,4.2,0.0,13.7,34.9,31953.5
2014-12-24,10.3,-3.0,3.3,0.0,3.8,17.6,31974.2
2014-12-25,11.7,-1.1,4.1,0.0,6.2,19.8,31946.48
2014-12-26,12.8,-1.0,4.9,0.0,6.4,22.0,31962.98
2014-12-27,11.9,2.4,6.9,0.0,12.3,29.9,31899.07
2014-12-28,9.0,5.2,6.5,2.3,9.8,33.5,25236.93
2014-12-29,11.8,2.6,6.5,0.0,8.4,26.6,28894.77
2014-12-30,11.3,2.1,6.2,0.0,5.9,21.6,31944.21
2014-12-31,10.9,0.9,5.2,0.0,5.5,21.2,31992.45
2015-01-01,13.5,3.5,8.2,2.3,11.8,37.8,29505.3
2015-01-02,8.7,4.3,5.8,3.2,13.0,38.5,28662.83
2015-01-03,7.0,1.8,4.3,3.6,9.4,39.2,30863.19
2015-01-04,8.0,1.2,3.9,0.6,14.4,37.1,30791.15
2015-01-05,7.2,3.7,5.3,4.1,17.7,53.6,19622.83
2015-01-06,6.0,0.5,3.6,7.6,21.5,80.6,25252.75
2015-01-07,0.5,-2.2,-0.5,34.6,22.0,85.7,0.0
2015-01-08,-1.1,-4.4,-2.7,9.9,14.1,66.6,31184.32
2015-01-09,-2.0,-7.4,-4.3,1.0,8.1,24.1,32068.05
2015-01-10,-2.7,-12.6,-6.8,5.3,6.2,28.8,29310.92
2015-01-11,2.0,-4.8,-1.9,14.0,6.2,26.6,32354.94
2015-01-12,0.4,-7.8,-3.9,0.0,7.6,21.2,32984.77
2015-01-13,-0.2,-9.2,-5.4,0.0,6.5,21.6,31834.41
2015-01-14,4.9,-6.2,-1.6,0.0,5.0,19.8,33215.81
2015-01-15,0.8,-0.7,-0.0,11.5,8.4,33.8,0.0
2015-01-16,5.1,-2.0,1.3,0.3,8.0,26.3,28624.82
2015-01-17,5.1,-1.6,1.3,0.0,4.6,14.4,31470.58
2015-01-18,3.4,-7.4,-1.6,0.0,6.2,19.8,33524.03
2015-01-19,5.0,-0.9,1.5,0.0,4.5,15.5,27178.24
2015-01-20,10.8,0.7,5.2,0.0,3.9,18.0,33689.57
2015-01-21,14.6,6.3,10.4,0.0,6.2,28.1,33776.15
2015-01-22,10.1,1.6,6.7,0.0,4.9,26.3,33865.54
2015-01-23,7.3,-2.4,2.1,0.0,8.3,18.4,33957.58
2015-01-24,11.3,-1.4,3.8,0.0,7.5,22.0,34052.12
2015-01-25,14.1,2.2,8.0,0.0,3.8,17.3,33508.93
2015-01-26,11.0,5.0,7.5,0.0,7.2,22.3,34248.02
2015-01-27,9.5,2.3,5.2,0.0,6.0,22.3,27944.5
2015-01-28,9.2,-0.1,5.1,0.4,12.2,35.6,34452.01
2015-01-29,9.0,-1.4,4.1,0.3,7.9,23.4,34556.68
2015-01-30,5.6,0.7,3.0,4.4,14.0,55.8,31330.88
2015-01-31,8.2,-1.2,3.4,0.0,9.7,32.4,34770.58
2015-02-01,12.3,-0.4,4.8,0.0,5.7,19.4,34875.8
2015-02-02,15.5,-0.1,7.5,0.0,6.5,22.0,34939.05
2015-02-03,12.7,4.1,8.4,0.4,12.9,40.3,35002.05
2015-02-04,8.2,-0.7,4.6,0.8,13.2,37.8,30912.33
2015-02-05,12.4,-3.1,3.9,0.0,5.8,17.3,35133.54
2015-02-06,16.6,0.6,7.9,0.0,7.6,22.7,33510.35
2015-02-07,18.3,7.9,12.9,0.0,13.9,40.3,35254.23
2015-02-08,8.8,4.0,6.0,0.9,17.7,47.9,31967.59
2015-02-09,7.5,4.1,5.3,8.4,17.5,57.2,29435.73
2015-02-10,10.0,1.6,5.4,4.9,26.3,72.4,35514.55
2015-02-11,3.2,-0.3,1.5,14.2,25.4,75.6,26861.78
2015-02-12,2.2,-0.2,0.9,7.7,13.4,45.7,27902.42
2015-02-13,2.1,-0.5,0.6,11.9,13.7,41.4,21972.69
2015-02-14,3.1,-1.6,1.0,0.7,5.7,22.7,32831.68
2015-02-15,5.7,-7.0,0.2,0.0,3.2,17.3,28509.59
2015-02-16,4.3,-0.2,2.1,1.0,7.6,25.2,35785.98
2015-02-17,6.1,0.6,2.8,2.3,9.3,39.2,35428.44
2015-02-18,6.2,1.6,3.1,5.4,14.7,50.4,29175.14
2015-02-19,1.9,-6.2,-0.8,10.5,21.5,69.5,35959.71
2015-02-20,-1.6,-6.8,-3.7,5.6,13.3,46.8,25576.08
2015-02-21,1.6,-6.3,-2.1,0.0,9.4,25.6,36240.08
2015-02-22,3.7,-9.9,-2.4,0.0,5.3,22.0,36974.51
2015-02-23,5.4,-5.6,0.3,0.0,6.9,19.1,23486.56
2015-02-24,9.6,2.4,5.6,1.6,8.4,36.7,25119.76
2015-02-25,9.1,3.3,5.9,1.6,9.7,28.1,31414.97
2015-02-26,11.9,-2.8,4.2,0.0,8.0,23.8,37539.18
2015-02-27,13.7,0.9,6.7,0.0,10.0,30.2,36992.03
2015-02-28,11.5,2.9,7.9,0.0,12.6,39.2,37685.24
2015-03-01,9.8,-1.2,4.4,0.1,8.3,25.6,37248.66
2015-03-02,8.8,2.9,5.3,0.1,13.7,36.4,36172.84
2015-03-03,9.2,3.1,5.8,1.8,15.6,40.7,35155.24
2015-03-04,9.6,3.5,6.3,1.4,12.1,33.5,31938.35
2015-03-05,12.6,-1.6,5.8,0.0,9.4,23.0,38148.76
2015-03-06,14.8,-0.1,7.0,0.0,8.0,25.6,38292.84
2015-03-07,17.2,1.4,8.9,0.0,8.7,27.7,38372.97
2015-03-08,20.0,4.7,12.7,0.0,6.9,22.7,38379.24
2015-03-09,20.1,11.1,15.7,0.0,5.1,18.4,37531.61
2015-03-10,21.6,9.0,16.1,0.0,8.0,23.8,38691.96
2015-03-11,19.5,8.1,14.1,1.1,10.6,59.0,33838.85
2015-03-12,11.9,3.8,7.8,16.4,18.8,55.8,26966.37
2015-03-13,11.2,3.6,7.1,0.0,9.1,26.6,36561.67
2015-03-14,13.5,0.9,7.6,0.3,8.2,33.8,39107.6
2015-03-15,12.0,1.0,6.9,0.0,11.5,33.5,39189.94
2015-03-16,11.3,1.3,6.3,0.0,11.6,33.5,39556.91
2015-03-17,13.3,-1.4,6.8,0.0,5.8,21.2,39547.1
2015-03-18,15.0,2.0,9.1,0.0,9.4,27.7,38335.82
2015-03-19,12.2,5.2,8.6,4.4,11.2,41.4,39192.67
2015-03-20,8.0,2.3,5.0,1.5,19.3,53.6,37361.11
2015-03-21,7.5,0.6,3.7,9.6,19.6,64.8,27705.99
2015-03-22,5.5,-0.2,2.2,6.7,18.9,60.1,38571.2
2015-03-23,11.9,-3.5,4.8,0.0,5.0,19.4,39928.45
2015-03-24,13.9,4.6,9.4,0.6,10.8,31.0,40789.29
2015-03-25,15.3,-0.3,8.3,0.0,6.8,24.5,39671.05
2015-03-26,16.7,1.0,9.3,0.0,8.1,20.9,41046.95
2015-03-27,18.8,3.2,11.1,0.2,9.7,29.5,29386.79
2015-03-28,18.4,9.1,13.4,2.1,12.2,38.5,22550.66
2015-03-29,16.1,7.2,11.5,12.0,9.3,47.2,32428.02
2015-03-30,10.8,4.9,8.0,1.2,21.7,55.8,40847.9
2015-03-31,12.9,5.0,8.6,0.2,13.0,34.9,40091.55
2015-04-01,13.3,6.4,9.0,2.5,11.7,35.3,35413.59
2015-04-02,14.6,4.6,9.1,0.0,10.8,33.1,39600.0
2015-04-03,15.4,7.6,10.7,0.0,13.9,40.3,40889.38
2015-04-04,12.0,4.4,7.9,0.0,17.1,47.5,40194.22
2015-04-05,16.0,2.3,9.9,0.0,5.0,22.3,41990.68
2015-04-06,19.0,9.0,14.0,0.0,8.8,26.6,42202.62
2015-04-07,21.7,12.8,16.9,0.0,17.5,51.8,42254.5
2015-04-08,23.7,14.4,18.3,0.4,17.6,60.1,42396.09
2015-04-09,16.5,5.7,11.7,0.4,16.9,51.5,39838.07
2015-04-10,9.5,2.9,5.8,4.7,12.8,40.0,40255.16
2015-04-11,9.6,1.5,4.7,6.6,15.0,41.8,32812.77
2015-04-12,7.6,2.4,4.3,3.3,12.4,33.1,22133.5
2015-04-13,9.4,1.4,5.2,6.8,18.9,61.2,39799.51
2015-04-14,12.5,1.2,7.4,0.0,6.8,22.3,42458.46
2015-04-15,15.9,1.5,9.0,2.1,14.3,49.7,40563.71
2015-04-16,15.4,5.2,10.3,2.5,11.0,43.6,38604.46
2015-04-17,15.6,7.5,11.5,0.3,8.0,26.6,44019.25
2015-04-18,16.7,5.0,11.0,0.0,8.6,28.4,44254.54
2015-04-19,19.3,6.2,13.3,0.0,8.8,28.8,44369.04
2015-04-20,21.1,11.6,16.0,0.0,18.8,52.6,44482.8
2015-04-21,15.6,7.0,11.2,0.0,18.8,55.8,44595.75
2015-04-22,12.3,5.9,8.7,0.6,22.5,61.6,42502.15
2015-04-23,7.8,2.4,5.4,14.3,22.8,84.6,22250.29
2015-04-24,9.8,1.9,5.2,4.9,17.9,50.0,42659.18
2015-04-25,15.7,-1.5,7.7,0.0,7.2,19.4,45037.64
2015-04-26,19.5,3.8,12.6,0.0,6.9,24.5,45145.2
2015-04-27,22.5,12.1,17.4,0.0,8.3,26.3,45251.39
2015-04-28,24.6,14.3,19.7,0.0,11.2,29.2,45356.16
2015-04-29,26.6,16.5,21.4,0.0,10.0,28.8,45459.38
2015-04-30,20.4,10.5,16.5,0.0,12.6,38.2,45561.05
2015-05-01,18.0,9.0,12.7,0.0,11.9,36.4,45661.81
2015-05-02,18.5,8.1,13.0,0.0,8.0,27.0,45761.9
2015-05-03,20.5,6.6,13.7,0.0,9.4,29.2,45861.25
2015-05-04,19.1,8.0,13.5,0.0,9.0,29.2,45806.26
2015-05-05,21.1,9.2,15.6,0.0,6.3,23.8,46057.34
2015-05-06,23.0,13.0,18.1,0.0,8.8,25.2,46153.94
2015-05-07,23.6,12.5,18.5,0.0,6.4,23.0,46249.45
2015-05-08,23.2,13.3,18.1,0.0,7.9,28.4,46343.79
2015-05-09,22.5,14.5,18.1,0.8,10.8,34.9,46397.85
2015-05-10,18.5,12.4,15.6,1.3,13.5,38.2,46446.5
2015-05-11,20.1,8.8,15.1,0.9,13.0,45.4,45039.09
2015-05-12,20.6,11.6,15.6,7.8,11.8,43.6,46540.12
2015-05-13,18.4,11.9,14.9,0.0,17.2,47.5,46584.98
2015-05-14,16.0,9.6,12.7,0.3,13.0,34.9,46628.49
2015-05-15,19.0,8.0,13.7,0.0,10.3,29.9,46670.6
2015-05-16,23.1,9.7,17.1,0.0,5.4,22.7,46711.24
2015-05-17,26.6,14.0,20.7,0.0,6.2,24.1,46750.39
2015-05-18,28.6,14.0,22.5,0.0,15.0,41.8,46787.97
2015-05-19,29.4,15.5,23.4,0.1,13.6,38.2,46800.0
2015-05-20,28.3,17.6,22.9,0.0,12.0,35.3,46800.0
2015-05-21,23.8,12.8,19.0,0.0,10.0,32.8,46800.0
2015-05-22,19.3,10.2,14.6,0.0,15.4,41.4,46800.0
2015-05-23,22.7,10.8,16.6,0.0,14.9,41.8,46800.0
2015-05-24,26.1,14.7,20.6,0.1,13.7,40.3,46800.0
2015-05-25,26.8,19.1,22.6,0.0,19.5,56.2,46800.0
2015-05-26,25.4,17.4,21.5,0.0,17.8,49.7,46800.0
2015-05-27,31.5,19.1,24.8,1.2,16.6,50.4,46800.0
2015-05-28,26.5,13.7,22.2,0.0,17.9,52.9,46800.0
2015-05-29,18.2,10.9,14.1,0.0,15.9,45.7,46767.61
2015-05-30,18.0,10.4,14.0,0.0,13.5,37.8,45327.05
2015-05-31,22.3,9.6,16.4,0.0,5.1,25.6,46800.0
2015-06-01,27.9,12.4,21.0,0.0,10.8,34.6,46800.0
2015-06-02,25.0,15.5,19.8,0.7,12.1,34.2,46800.0
2015-06-03,25.8,13.3,19.8,0.0,12.3,36.0,46800.0
2015-06-04,23.7,13.9,18.5,0.0,9.5,29.9,46800.0
2015-06-05,21.9,11.5,16.5,0.0,12.3,35.3,46800.0
2015-06-06,22.5,11.2,16.8,0.0,10.5,31.7,46873.2
2015-06-07,25.2,8.4,18.4,0.0,10.8,31.7,46870.43
2015-06-08,29.2,16.4,23.6,0.0,12.8,42.1,46867.66
2015-06-09,27.9,16.0,22.2,0.0,15.1,44.3,46958.68
2015-06-10,22.4,12.5,17.4,0.0,12.7,37.8,46862.01
2015-06-11,22.7,11.0,16.5,0.0,12.0,32.4,46800.0
2015-06-12,23.7,11.0,17.6,0.0,8.0,27.7,46856.16
2015-06-13,25.0,12.5,18.8,0.0,8.7,28.8,46800.0
2015-06-14,24.6,10.8,18.2,0.0,11.0,32.4,46950.47
2015-06-15,25.3,14.3,19.5,0.0,15.6,43.2,47049.98
2015-06-16,25.9,15.7,20.5,0.0,14.1,40.0,46946.84
2015-06-17,26.7,17.0,21.8,0.7,13.6,40.3,47048.38
2015-06-18,27.5,17.8,22.4,0.0,14.0,37.8,47151.75
2015-06-19,26.8,15.5,21.3,0.0,19.8,54.7,46941.5
2015-06-20,21.8,12.9,17.1,0.0,13.4,38.5,46939.8
2015-06-21,23.1,11.9,17.5,0.0,12.4,35.6,46938.21
2015-06-22,25.5,12.8,19.0,0.0,11.0,32.4,47043.91
2015-06-23,25.0,11.7,18.5,0.0,12.0,34.2,47150.85
2015-06-24,23.1,11.5,16.9,0.0,14.8,41.8,47150.55
2015-06-25,24.2,11.2,17.3,0.0,15.8,43.6,47150.25
2015-06-26,24.2,13.5,18.9,0.0,15.5,43.2,47149.96
2015-06-27,26.0,15.0,20.9,0.0,12.6,38.9,47258.83
2015-06-28,24.6,14.9,19.7,0.0,18.2,50.0,47040.11
2015-06-29,24.0,12.5,18.1,0.0,10.5,30.6,46821.13
2015-06-30,24.3,12.2,18.3,0.0,9.4,30.2,47148.95
2015-07-01,28.7,12.6,21.5,0.0,7.9,26.6,47258.0
2015-07-02,30.2,19.0,24.3,0.0,9.7,30.2,47148.54
2015-07-03,28.3,18.0,22.6,0.0,10.9,31.7,47039.43
2015-07-04,27.9,15.2,21.6,0.0,9.3,28.8,47256.84
2015-07-05,28.4,16.6,22.6,0.0,14.7,38.5,47364.68
2015-07-06,29.5,17.6,23.1,0.0,13.7,38.5,47255.79
2015-07-07,27.8,14.7,21.0,0.0,11.1,33.1,47255.18
2015-07-08,28.2,15.5,21.7,0.0,13.2,37.4,47254.49
2015-07-09,29.3,16.7,22.8,0.0,10.1,30.6,47133.77
2015-07-10,29.2,16.1,22.3,0.0,10.0,31.0,47102.01
2015-07-11,28.9,17.1,22.5,0.0,11.7,35.6,46964.75
2015-07-12,27.6,16.7,21.6,0.0,11.2,33.5,46932.53
2015-07-13,29.1,16.6,22.8,0.0,7.2,28.8,46796.82
2015-07-14,30.3,14.6,23.6,0.0,6.1,29.2,46381.16
2015-07-15,29.0,19.9,24.5,1.1,7.9,30.2,46631.52
2015-07-16,29.7,17.1,23.7,0.0,11.5,34.2,46699.84
2015-07-17,30.0,19.1,24.1,0.0,16.2,44.6,46765.49
2015-07-18,30.5,18.4,24.2,0.0,11.3,35.3,46634.33
2015-07-19,31.2,19.1,24.8,0.0,11.4,36.0,46601.48
2015-07-20,31.7,19.0,25.2,0.0,9.0,31.3,46568.12
2015-07-21,31.3,19.2,25.0,0.0,11.6,33.8,46533.97
2015-07-22,32.0,19.3,25.2,0.0,12.3,36.0,46499.08
2015-07-23,33.0,20.8,26.6,0.0,8.6,29.2,46375.11
2015-07-24,33.3,22.0,27.1,0.0,9.3,28.4,46340.8
2015-07-25,33.3,22.9,27.4,0.0,10.5,30.2,46305.88
2015-07-26,31.4,20.8,25.4,0.0,12.3,35.6,46191.25
2015-07-27,31.3,18.4,24.3,0.0,10.0,31.3,46154.99
2015-07-28,31.7,19.1,25.0,0.0,7.5,32.8,46113.08
2015-07-29,31.3,19.8,25.7,0.0,9.5,34.6,44552.94
2015-07-30,30.1,19.9,24.8,0.0,13.9,37.4,46033.81
2015-07-31,31.0,20.7,25.2,0.0,12.9,36.4,45993.89
2015-08-01,31.8,21.7,26.7,0.0,10.9,34.9,45953.84
2015-08-02,36.6,22.8,30.1,1.2,7.8,31.3,45913.71
2015-08-03,37.0,25.6,31.2,1.5,11.5,38.5,45418.38
2015-08-04,35.7,26.3,30.6,0.0,9.8,36.7,45833.43
2015-08-05,34.2,24.0,28.6,0.2,9.7,37.8,45793.36
2015-08-06,31.0,20.2,25.1,0.0,12.3,38.2,45753.4
2015-08-07,31.1,17.4,24.6,0.0,15.0,40.3,45713.6
2015-08-08,32.0,21.8,26.4,0.0,15.0,43.2,45674.01
2015-08-09,29.8,18.4,23.6,0.0,14.8,41.8,45634.41
2015-08-10,27.4,17.4,21.8,0.0,16.1,44.6,45594.67
2015-08-11,28.1,15.9,21.3,0.0,15.7,44.6,45554.84
2015-08-12,28.2,15.4,21.2,0.0,11.7,35.6,45514.91
2015-08-13,30.0,16.4,22.9,0.0,9.4,30.2,45474.91
2015-08-14,31.6,15.2,24.2,0.0,9.5,31.0,45434.85
2015-08-15,32.4,15.8,25.1,0.0,12.8,35.6,45345.07
2015-08-16,33.8,22.3,27.9,0.0,9.8,33.1,45239.92
2015-08-17,34.7,24.3,29.1,0.0,10.5,35.6,45133.73
2015-08-18,34.6,24.0,29.0,0.0,8.6,31.0,45026.59
2015-08-19,34.6,24.1,29.0,0.0,9.1,32.4,44918.58
2015-08-20,33.1,18.2,26.2,0.0,10.9,32.0,44809.79
2015-08-21,32.0,19.7,25.2,0.0,10.7,32.8,44700.3
2015-08-22,31.3,17.4,24.0,0.0,10.0,31.3,44590.18
2015-08-23,30.8,18.3,23.7,0.0,12.6,38.2,44479.54
2015-08-24,29.0,16.9,22.1,0.0,13.4,38.2,44368.42
2015-08-25,28.0,15.7,21.4,0.0,10.5,29.5,44179.69
2015-08-26,29.1,17.2,23.0,0.0,7.6,30.6,42686.08
2015-08-27,29.2,16.4,22.8,0.0,9.8,31.7,42318.74
2015-08-28,29.1,16.8,22.7,0.0,10.2,32.0,43915.75
2015-08-29,29.4,13.1,22.3,0.0,9.6,32.4,43151.22
2015-08-30,28.1,18.0,22.5,0.1,14.8,45.0,43400.69
2015-08-31,28.2,15.9,22.3,0.0,7.3,29.5,43202.72
2015-09-01,30.8,17.9,24.3,0.0,6.3,30.2,43006.69
2015-09-02,32.2,19.8,25.8,0.0,7.4,31.3,42285.69
2015-09-03,31.3,19.5,25.3,0.0,8.7,29.9,42621.02
2015-09-04,31.1,19.4,25.0,0.0,6.7,31.7,42017.7
2015-09-05,31.4,21.3,25.6,0.2,6.3,28.4,41120.52
2015-09-06,31.9,20.6,26.0,0.1,5.7,25.6,41372.74
2015-09-07,33.6,23.0,27.6,0.0,8.4,25.2,40994.0
2015-09-08,32.1,19.5,26.5,0.3,6.4,27.4,40513.54
2015-09-09,33.0,22.1,27.6,0.0,6.5,28.1,40674.27
2015-09-10,34.1,19.9,27.6,0.0,8.7,32.0,41091.34
2015-09-11,35.8,23.0,29.4,0.0,5.9,27.0,40746.72
2015-09-12,34.4,25.4,29.0,0.0,11.5,31.3,40543.4
2015-09-13,32.5,23.9,27.3,0.0,10.4,32.0,40249.09
2015-09-14,32.6,22.1,26.7,1.6,9.8,29.9,35417.37
2015-09-15,32.1,23.1,26.6,1.3,8.9,26.3,39735.29
2015-09-16,30.1,21.4,25.3,2.4,8.5,28.1,39751.36
2015-09-17,29.0,19.8,23.9,0.0,7.4,29.9,39667.4
2015-09-18,29.1,16.7,22.8,0.0,7.6,27.4,39671.53
2015-09-19,29.5,17.6,23.0,0.0,9.0,29.2,39682.65
2015-09-20,29.8,18.6,23.8,0.0,9.7,29.9,39618.24
2015-09-21,23.3,17.3,20.7,0.0,15.1,41.8,39600.0
2015-09-22,27.5,14.8,20.8,0.0,8.6,27.7,39600.0
2015-09-23,29.9,17.7,23.3,0.0,11.5,34.6,39600.0
2015-09-24,28.4,19.3,23.0,0.0,10.0,29.5,39600.0
2015-09-25,26.6,16.2,20.8,0.0,11.8,32.4,39600.0
2015-09-26,26.1,14.5,20.1,0.0,9.7,30.2,39600.0
2015-09-27,26.9,15.4,20.8,0.0,6.3,26.6,39600.0
2015-09-28,27.2,16.1,21.3,0.0,8.4,27.0,39600.0
2015-09-29,24.3,16.3,19.7,0.6,13.4,37.1,39600.0
2015-09-30,24.3,15.7,20.0,0.2,9.4,33.1,39552.57
2015-10-01,28.2,17.4,22.7,0.0,9.7,37.4,39468.93
2015-10-02,28.0,20.2,23.1,0.9,9.6,39.2,39385.86
2015-10-03,27.6,16.8,21.9,0.0,9.2,28.1,39303.47
2015-10-04,27.4,16.3,21.2,0.0,9.9,31.7,39221.86
2015-10-05,25.3,15.8,19.9,0.0,10.0,32.8,39141.13
2015-10-06,21.8,13.7,17.3,1.4,13.0,45.0,36214.57
2015-10-07,18.7,12.7,15.0,4.6,13.8,48.2,32538.73
2015-10-08,19.0,12.9,15.1,2.2,13.8,38.5,38875.14
2015-10-09,21.5,13.8,16.7,0.7,13.7,37.1,34535.55
2015-10-10,23.5,10.6,17.5,0.0,5.4,25.2,38622.39
2015-10-11,26.1,11.9,19.1,0.0,6.9,24.1,38495.45
2015-10-12,28.7,15.6,22.0,0.0,9.4,30.2,38368.26
2015-10-13,27.6,19.1,22.2,0.2,9.5,32.8,37352.39
2015-10-14,24.3,16.8,19.9,0.0,13.2,38.2,38113.48
2015-10-15,25.3,14.0,19.5,0.0,8.9,28.1,37986.09
2015-10-16,26.4,14.6,20.4,0.0,7.6,25.9,37858.83
2015-10-17,27.1,14.0,20.9,0.0,8.8,26.6,37731.8
2015-10-18,27.0,15.8,21.3,0.0,9.9,29.9,36272.65
2015-10-19,27.6,19.4,22.4,1.1,11.8,47.9,36873.07
2015-10-20,24.4,15.4,19.2,0.0,11.2,35.3,37353.13
2015-10-21,23.4,8.8,16.8,0.0,4.7,24.8,37228.07
2015-10-22,23.9,14.4,18.6,0.5,9.0,32.0,31715.56
2015-10-23,25.3,16.3,20.7,0.0,7.3,25.9,26351.28
2015-10-24,26.5,15.9,20.1,0.0,7.8,32.0,36189.91
2015-10-25,23.2,14.0,18.5,1.6,9.2,45.4,17546.41
2015-10-26,20.6,12.1,15.1,7.0,11.2,36.7,32481.45
2015-10-27,17.0,11.2,13.6,0.9,12.2,33.5,33638.19
2015-10-28,17.7,9.7,12.9,3.4,7.6,28.8,32770.73
2015-10-29,16.4,8.5,12.1,4.7,6.5,25.6,31592.32
2015-10-30,16.9,9.0,12.6,0.3,5.2,21.2,34667.89
2015-10-31,18.2,10.2,13.2,1.1,4.7,20.2,34933.5
2015-11-01,18.3,8.2,13.0,0.3,4.8,22.3,34974.19
2015-11-02,17.8,7.0,11.8,0.1,8.0,23.4,34584.5
2015-11-03,17.0,5.0,10.9,0.2,9.3,28.1,34610.89
2015-11-04,16.7,6.7,11.6,0.3,15.0,42.8,34552.41
2015-11-05,18.6,6.8,11.9,4.4,6.9,23.0,29572.17
2015-11-06,16.1,8.0,11.8,4.6,5.8,21.2,23422.75
2015-11-07,16.4,8.5,11.9,10.5,4.0,20.9,30170.63
2015-11-08,16.8,7.6,11.9,2.5,8.0,23.8,33486.79
2015-11-09,14.9,6.2,10.1,0.0,14.4,35.6,32505.08
2015-11-10,12.5,6.4,8.6,0.4,18.4,47.5,29619.64
2015-11-11,13.1,-1.0,6.7,0.0,9.1,26.3,33439.32
2015-11-12,16.3,3.3,9.5,0.0,5.4,17.6,34115.16
2015-11-13,18.2,5.8,11.7,0.0,3.7,18.0,34057.35
2015-11-14,19.1,5.4,11.7,0.0,6.1,19.1,33959.18
2015-11-15,19.3,6.6,12.3,0.0,6.2,21.2,28828.44
2015-11-16,19.9,10.1,14.1,2.9,4.7,25.6,23414.48
2015-11-17,14.0,8.7,11.0,8.4,4.7,21.2,19463.34
2015-11-18,14.7,6.4,10.1,0.0,12.2,32.4,31786.9
2015-11-19,15.2,6.2,10.2,0.0,7.7,25.9,32759.03
2015-11-20,15.4,2.6,9.1,0.0,4.7,20.5,33524.24
2015-11-21,14.8,2.8,8.3,0.3,7.6,22.7,33124.23
2015-11-22,15.6,5.0,9.2,0.3,8.6,28.1,32400.0
2015-11-23,17.1,5.0,10.1,0.0,5.8,20.2,33000.89
2015-11-24,18.8,4.7,10.3,0.0,7.2,19.1,33065.12
2015-11-25,17.6,2.4,8.8,0.1,9.7,29.5,32400.0
2015-11-26,15.7,3.7,8.8,0.0,8.4,28.1,32497.32
2015-11-27,17.7,7.2,12.0,0.0,10.8,30.2,32709.59
2015-11-28,17.0,6.8,11.5,0.0,9.7,28.8,32565.38
2015-11-29,14.0,8.1,10.4,0.6,11.7,33.5,32560.62
2015-11-30,13.0,3.9,8.1,2.7,12.0,33.8,32400.0
2015-12-01,11.5,5.6,8.1,0.1,11.4,32.8,30472.54
2015-12-02,11.3,1.5,6.4,0.5,14.4,40.3,32400.0
2015-12-03,8.9,1.3,6.2,10.1,19.0,52.9,29928.74
2015-12-04,7.1,-4.8,1.2,0.0,4.7,22.0,32480.91
2015-12-05,4.6,-4.4,-0.5,0.0,12.2,33.1,32439.08
2015-12-06,6.8,-3.0,1.5,0.0,10.1,29.9,32436.47
2015-12-07,11.9,0.6,5.7,0.0,5.2,24.8,32406.67
2015-12-08,12.7,-0.5,5.9,0.0,3.8,17.3,32407.09
2015-12-09,13.3,1.6,6.9,0.0,3.8,15.8,32400.0
2015-12-10,12.8,2.0,6.9,0.0,3.2,17.3,32400.0
2015-12-11,12.1,3.3,7.3,0.0,3.4,19.4,32400.0
2015-12-12,11.6,2.6,6.3,0.0,4.4,19.1,32400.0
2015-12-13,10.8,1.3,5.5,0.6,5.4,22.0,31879.17
2015-12-14,9.3,1.3,4.9,0.7,13.5,38.5,32325.35
2015-12-15,11.2,2.3,6.2,0.0,8.3,24.8,32283.07
2015-12-16,11.4,1.0,5.9,0.0,4.7,19.4,21068.59
2015-12-17,10.3,2.7,5.8,0.7,6.4,23.4,15021.58
2015-12-18,8.8,1.2,5.0,0.4,6.3,18.4,8832.82
2015-12-19,10.4,1.9,5.4,0.8,8.1,22.7,31623.65
2015-12-20,11.1,0.9,5.7,0.0,3.4,18.0,32093.41
2015-12-21,11.9,-0.9,5.5,0.0,3.9,17.3,32060.62
2015-12-22,11.2,1.3,5.7,0.0,3.1,16.6,32029.8
2015-12-23,11.1,0.7,5.3,0.0,3.8,19.4,32006.29
2015-12-24,10.8,-0.7,4.8,0.0,5.2,20.2,31978.5
2015-12-25,11.5,-0.1,5.4,0.0,5.5,18.0,31950.25
2015-12-26,12.2,3.6,7.2,0.0,6.2,20.9,31928.35
2015-12-27,13.1,2.4,6.9,0.0,8.6,24.1,31950.62
2015-12-28,14.5,-0.2,5.6,0.0,7.6,24.5,31979.95
2015-12-29,12.2,0.7,5.8,0.0,8.3,26.6,31612.33
2015-12-30,9.5,3.6,5.9,1.3,16.1,46.1,31856.81
2015-12-31,6.6,2.1,4.6,17.5,17.3,73.8,7740.43
2016-01-01,2.3,-5.0,-1.0,16.5,17.7,68.8,26025.9
2016-01-02,-1.1,-6.3,-4.3,1.9,14.0,38.5,31755.13
2016-01-03,2.7,-4.7,-0.1,11.6,3.6,27.4,0.0
2016-01-04,3.2,0.1,1.8,2.4,9.0,35.3,22264.5
2016-01-05,5.0,2.6,3.5,9.2,12.8,39.2,569.18
2016-01-06,9.7,2.6,5.4,0.0,6.5,29.9,32209.34
2016-01-07,10.5,0.2,6.0,0.6,13.5,47.5,17934.36
2016-01-08,6.4,3.9,5.0,20.4,17.3,67.0,8729.34
2016-01-09,7.1,0.0,4.0,2.8,14.1,54.4,29591.55
2016-01-10,8.8,-4.3,2.2,0.0,4.5,18.4,32715.31
2016-01-11,10.4,-0.8,4.9,0.7,5.5,19.8,28599.17
2016-01-12,11.1,-1.1,5.0,0.0,5.2,18.0,32577.3
2016-01-13,12.3,-1.6,5.5,0.0,6.6,22.7,33110.52
2016-01-14,8.8,4.7,6.5,2.0,16.2,46.1,31274.37
2016-01-15,9.5,1.0,5.2,0.0,6.6,26.6,33263.81
2016-01-16,11.1,-1.6,4.0,0.0,7.2,20.5,33338.56
2016-01-17,13.4,-0.6,5.4,0.0,8.0,28.4,32344.4
2016-01-18,7.8,1.9,4.3,4.1,18.1,66.2,30865.26
2016-01-19,5.1,2.0,2.9,14.3,20.7,68.4,18153.96
2016-01-20,6.1,0.8,3.2,1.4,10.6,37.1,29975.28
2016-01-21,8.6,-2.4,2.4,0.0,7.8,24.5,32957.61
2016-01-22,9.7,-0.7,4.2,0.0,3.9,16.6,30237.32
2016-01-23,7.3,3.0,4.5,3.4,11.2,40.0,30835.52
2016-01-24,3.5,-1.4,1.4,12.8,21.0,75.6,16968.06
2016-01-25,-1.7,-5.4,-3.4,3.9,17.2,56.9,34020.18
2016-01-26,-0.8,-13.6,-5.8,0.0,7.2,23.0,34231.51
2016-01-27,0.7,-10.6,-5.2,0.0,6.1,18.4,34332.05
2016-01-28,0.8,-10.7,-4.7,0.0,7.4,21.2,34434.07
2016-01-29,4.2,-5.7,-0.7,0.0,5.9,18.7,34537.43
2016-01-30,8.1,-2.4,2.5,0.0,3.9,15.8,34300.34
2016-01-31,10.1,-2.6,3.9,0.0,3.6,16.6,34747.65
2016-02-01,9.3,-1.6,3.8,0.0,4.2,18.0,31283.09
2016-02-02,9.9,0.6,4.7,0.0,12.4,32.4,34926.42
2016-02-03,11.2,-4.2,3.4,0.0,5.9,20.5,34987.96
2016-02-04,14.8,-0.5,5.7,0.0,8.5,23.8,35049.02
2016-02-05,14.8,0.1,7.0,0.0,9.7,33.1,35116.66
2016-02-06,7.1,1.2,4.2,12.4,17.3,63.0,15557.95
2016-02-07,5.7,1.0,2.7,7.9,13.1,49.0,32584.61
2016-02-08,7.4,-1.1,2.9,0.0,9.3,25.9,35293.27
2016-02-09,9.0,-5.0,2.2,0.0,5.8,19.1,35354.16
2016-02-10,8.5,-1.9,3.3,0.0,5.4,18.4,34603.56
2016-02-11,8.4,-1.4,3.9,0.0,11.6,31.7,35513.45
2016-02-12,11.8,-1.8,5.4,0.0,5.9,20.5,35535.75
2016-02-13,14.2,1.7,8.0,0.4,5.1,24.8,35745.3
2016-02-14,15.7,7.6,11.1,0.0,8.6,24.5,35872.6
2016-02-15,18.0,9.7,13.2,0.0,4.9,19.8,35939.75
2016-02-16,20.3,7.0,13.6,0.0,6.3,18.0,36148.15
2016-02-17,20.4,6.0,12.9,0.0,5.8,18.7,36295.64
2016-02-18,19.0,8.5,13.6,0.0,6.9,16.9,29113.58
2016-02-19,19.0,7.6,13.5,0.0,18.0,52.2,36440.68
2016-02-20,14.3,6.8,9.4,0.4,11.8,40.3,33421.33
2016-02-21,12.2,4.8,7.9,2.9,16.8,46.8,36240.5
2016-02-22,9.7,3.5,5.5,5.4,12.3,41.0,25072.2
2016-02-23,10.8,1.9,6.1,2.4,9.2,32.8,36000.0
2016-02-24,13.8,1.7,7.7,0.0,5.8,22.0,36000.0
2016-02-25,15.8,3.6,9.3,0.0,6.5,24.5,36958.84
2016-02-26,18.0,4.6,11.1,0.0,11.1,30.2,37512.91
2016-02-27,16.4,5.7,10.8,0.0,8.7,29.9,37210.22
2016-02-28,16.4,5.8,11.0,0.0,7.0,20.9,37660.61
2016-02-29,18.9,3.2,11.0,0.0,8.2,19.4,37736.1
2016-03-01,19.7,2.8,11.0,0.0,8.6,24.5,37846.97
2016-03-02,18.6,2.4,10.4,0.0,10.6,32.8,31802.77
2016-03-03,13.7,5.8,10.0,4.9,14.0,47.5,31560.82
2016-03-04,12.1,3.7,7.4,0.0,13.7,38.9,37752.36
2016-03-05,13.3,3.3,7.4,1.8,24.1,68.8,38125.61
2016-03-06,13.2,0.5,7.2,0.0,8.6,29.5,38205.21
2016-03-07,16.5,0.2,8.4,0.0,8.0,25.2,38439.14
2016-03-08,17.7,4.0,10.8,0.2,7.4,24.1,37726.55
2016-03-09,19.8,6.7,13.1,0.1,8.9,31.3,36337.14
2016-03-10,17.1,6.9,11.9,0.0,13.3,40.7,38921.92
2016-03-11,14.8,4.2,9.2,0.0,11.4,33.1,39092.45
2016-03-12,18.4,4.6,11.3,0.0,6.6,21.6,38686.0
2016-03-13,21.4,7.7,14.4,0.0,7.9,26.3,38817.3
2016-03-14,13.3,6.5,9.7,16.0,22.0,70.6,26100.81
2016-03-15,9.1,5.5,6.8,17.7,20.6,71.6,27167.01
2016-03-16,9.0,5.3,6.4,13.5,20.2,65.9,29514.64
2016-03-17,9.2,3.4,5.9,4.6,14.9,54.4,36419.48
2016-03-18,9.9,1.9,5.8,0.0,12.2,34.2,38002.88
2016-03-19,15.9,0.8,8.7,0.0,10.5,29.9,39245.54
2016-03-20,11.1,4.7,8.2,0.0,22.3,59.0,39535.65
2016-03-21,9.7,4.2,6.6,1.1,14.2,37.4,37270.01
2016-03-22,12.2,1.9,7.0,0.0,12.2,36.0,38843.54
2016-03-23,19.1,4.2,11.5,0.0,10.5,30.2,40879.68
2016-03-24,20.5,5.7,13.1,0.0,15.7,51.5,41030.72
2016-03-25,17.3,8.9,13.3,0.0,12.6,41.0,40354.34
2016-03-26,14.5,9.5,12.1,4.8,13.9,42.1,0.0
2016-03-27,12.6,3.8,8.6,0.4,15.3,43.9,38970.42
2016-03-28,7.3,3.4,4.9,11.3,19.5,67.3,17530.75
2016-03-29,9.3,3.2,5.7,0.4,15.5,41.0,40048.86
2016-03-30,12.4,-0.4,6.5,0.0,4.8,24.5,40483.1
2016-03-31,15.5,0.3,8.7,0.0,7.9,28.1,41604.75
2016-04-01,17.7,3.8,11.5,0.0,6.9,23.4,41705.26
2016-04-02,18.8,5.9,12.6,0.0,6.6,23.4,41814.73
2016-04-03,20.1,8.3,14.5,0.0,5.9,22.7,41932.44
2016-04-04,21.4,8.9,16.3,0.0,7.4,26.6,42057.71
2016-04-05,21.7,10.4,16.4,0.0,7.2,25.6,40848.89
2016-04-06,22.3,12.6,17.3,1.0,8.5,31.3,40974.96
2016-04-07,21.0,12.4,16.8,0.1,5.9,26.3,42293.28
2016-04-08,24.1,10.1,17.8,0.0,8.5,24.5,42530.64
2016-04-09,23.3,15.9,19.9,0.1,11.7,47.5,31884.12
2016-04-10,22.0,15.2,18.6,0.4,12.9,45.0,42434.44
2016-04-11,18.0,10.2,14.2,0.0,16.4,42.8,43004.15
2016-04-12,11.0,6.3,8.6,7.3,12.4,42.1,31361.89
2016-04-13,12.3,4.3,8.1,4.6,7.9,25.9,37656.54
2016-04-14,15.8,1.8,9.3,0.0,11.6,35.3,42716.77
2016-04-15,19.2,5.2,12.7,0.0,11.7,36.7,43817.98
2016-04-16,21.3,12.2,16.3,0.0,15.4,41.0,44116.16
2016-04-17,22.2,11.6,16.7,0.0,6.1,24.5,44231.49
2016-04-18,23.7,12.0,18.4,0.0,8.4,27.4,44345.87
2016-04-19,24.5,12.5,18.9,0.0,7.5,24.8,44459.21
2016-04-20,25.6,10.9,19.2,0.0,8.7,27.0,44571.44
2016-04-21,25.5,17.0,20.8,0.0,14.8,42.1,43245.45
2016-04-22,24.4,15.5,19.9,0.0,8.0,29.5,44792.19
2016-04-23,24.3,11.3,18.4,0.0,7.3,26.6,40198.92
2016-04-24,24.8,13.7,19.4,0.2,10.8,34.2,45007.44
2016-04-25,23.0,14.3,18.6,0.0,18.1,50.4,45113.6
2016-04-26,27.5,14.3,21.0,0.0,19.2,57.6,45219.26
2016-04-27,21.4,11.1,17.0,0.0,12.0,38.5,45324.36
2016-04-28,18.2,7.7,12.7,0.0,11.5,37.8,45428.81
2016-04-29,21.5,8.4,15.0,0.0,7.3,26.6,45532.52
2016-04-30,24.3,12.0,18.3,0.0,10.5,34.2,45635.41
2016-05-01,27.0,12.5,20.4,0.0,17.6,55.8,45737.4
2016-05-02,23.4,12.4,17.9,0.0,10.5,32.8,42468.62
2016-05-03,24.6,15.5,19.9,0.2,14.2,38.9,37560.47
2016-05-04,17.0,9.9,13.9,0.2,18.8,54.7,46037.11
2016-05-05,18.0,9.0,12.9,0.0,15.8,43.6,46134.63
2016-05-06,13.9,8.1,11.3,3.0,19.2,50.8,45017.07
2016-05-07,14.7,8.1,11.3,0.7,13.8,38.5,39586.88
2016-05-08,19.0,3.2,12.7,0.0,4.7,25.6,46389.03
2016-05-09,21.9,7.4,15.8,0.0,7.8,29.2,46438.05
2016-05-10,22.8,12.0,17.3,0.0,8.3,29.2,46485.65
2016-05-11,21.6,9.6,16.2,0.3,7.6,27.0,46531.79
2016-05-12,23.9,8.1,17.2,0.0,10.1,32.4,46576.39
2016-05-13,26.7,15.1,21.1,0.0,13.6,38.9,46619.39
2016-05-14,29.0,19.6,24.1,0.0,15.6,47.9,46660.74
2016-05-15,30.1,21.4,25.9,0.0,18.3,50.8,46700.64
2016-05-16,31.8,18.4,25.7,2.5,5.1,34.9,46739.2
2016-05-17,26.7,16.7,22.7,0.0,14.8,43.2,46776.43
2016-05-18,19.4,9.4,15.3,0.0,17.6,52.2,46800.0
2016-05-19,18.2,7.9,13.0,0.0,16.6,48.2,46800.0
2016-05-20,21.9,8.3,15.7,0.0,7.6,29.5,46800.0
2016-05-21,24.4,13.5,18.9,0.0,9.3,30.2,46204.93
2016-05-22,27.9,16.1,22.1,0.3,14.1,41.4,46800.0
2016-05-23,17.2,10.7,13.9,2.1,21.5,58.0,45648.69
2016-05-24,17.9,10.3,13.5,3.5,15.3,42.5,45616.52
2016-05-25,21.0,9.6,15.4,0.0,15.7,44.3,46800.0
2016-05-26,24.0,12.5,18.4,0.3,22.2,67.3,45078.99
2016-05-27,18.4,9.8,13.7,0.5,15.4,45.0,46800.0
2016-05-28,17.4,10.5,13.2,3.0,15.6,48.2,45035.4
2016-05-29,19.7,8.1,14.3,0.0,11.6,34.6,46116.8
2016-05-30,22.7,7.2,16.2,0.0,10.5,36.0,46800.0
2016-05-31,26.1,14.2,19.8,0.0,13.2,40.3,46800.0
2016-06-01,27.0,17.1,21.5,0.0,15.5,42.1,46802.83
2016-06-02,28.2,16.3,22.1,0.0,14.5,42.5,46800.0
2016-06-03,30.6,19.9,25.3,0.0,14.8,42.1,46800.0
2016-06-04,30.1,22.0,25.9,0.3,24.1,69.1,46800.0
2016-06-05,28.9,18.7,24.7,0.0,20.3,58.3,46874.44
2016-06-06,25.1,14.4,19.7,0.0,15.9,46.4,46871.68
2016-06-07,24.9,13.5,19.4,0.0,20.6,58.0,46868.81
2016-06-08,28.9,16.9,22.3,0.0,18.9,54.7,46959.17
2016-06-09,21.6,13.6,17.5,0.0,16.8,47.2,46957.64
2016-06-10,23.4,12.4,17.2,0.0,13.3,38.2,46800.0
2016-06-11,22.5,10.8,16.3,0.0,11.5,37.1,46954.26
2016-06-12,26.5,11.5,19.5,0.0,6.1,28.1,46952.46
2016-06-13,29.8,16.5,23.6,0.0,11.4,33.5,47050.73
2016-06-14,31.4,19.8,26.0,0.0,11.9,33.5,47050.02
2016-06-15,29.4,15.2,23.2,0.0,21.5,64.1,47049.23
2016-06-16,25.9,13.2,19.4,0.0,16.9,45.7,47048.4
2016-06-17,27.4,15.0,21.3,0.0,13.6,41.0,47151.75
2016-06-18,29.3,18.7,24.2,0.0,8.2,29.5,46836.55
2016-06-19,32.0,18.3,26.2,0.0,8.4,30.6,46834.19
2016-06-20,33.3,19.3,27.3,0.2,11.2,33.8,47151.43
2016-06-21,33.2,23.1,27.9,0.0,9.0,33.5,47151.22
2016-06-22,33.2,22.6,27.8,0.0,9.2,33.1,47043.45
2016-06-23,34.1,23.3,28.4,0.0,8.5,32.8,47150.73
2016-06-24,33.2,22.1,27.4,0.0,12.0,34.2,47258.79
2016-06-25,33.8,22.4,27.4,0.0,13.6,35.3,47258.79
2016-06-26,33.1,21.9,27.1,0.0,13.9,38.2,47258.75
2016-06-27,30.6,18.1,24.7,0.0,14.9,42.1,47258.64
2016-06-28,26.6,13.6,20.2,0.0,12.6,35.3,47149.35
2016-06-29,29.8,16.4,22.9,0.0,12.7,36.0,47149.09
2016-06-30,28.7,18.6,23.0,0.0,13.3,37.8,47258.01
2016-07-01,28.9,16.6,22.4,0.0,11.1,34.6,47257.69
2016-07-02,29.4,18.0,23.3,0.0,13.8,39.2,47148.39
2016-07-03,29.4,18.6,23.4,0.0,16.3,46.4,47256.92
2016-07-04,29.7,18.8,23.6,0.0,16.3,45.4,47256.46
2016-07-05,28.8,18.7,23.2,0.0,16.5,44.6,47147.86
2016-07-06,29.6,18.6,23.8,0.0,13.0,41.0,47040.07
2016-07-07,30.3,19.6,24.4,0.0,13.0,36.7,47147.57
2016-07-08,29.4,18.2,23.5,0.0,10.4,32.8,47138.29
2016-07-09,30.6,15.9,23.9,0.0,10.1,31.3,47107.44
2016-07-10,30.3,18.8,24.2,0.0,16.4,43.6,47076.18
2016-07-11,30.6,18.8,24.6,0.0,13.4,38.2,47044.53
2016-07-12,31.6,18.9,25.3,0.0,7.9,28.4,46909.28
2016-07-13,32.2,21.5,26.3,0.0,10.9,33.8,46878.12
2016-07-14,32.2,20.1,25.7,0.0,12.1,33.8,46846.29
2016-07-15,33.1,19.9,26.4,0.0,11.9,34.6,46813.54
2016-07-16,33.5,22.4,27.6,0.0,9.2,31.0,46779.88
2016-07-17,33.3,21.9,27.1,0.0,13.1,36.7,46745.37
2016-07-18,31.1,19.0,24.9,0.0,11.9,34.6,46710.03
2016-07-19,31.7,18.1,24.5,0.0,10.9,34.2,46579.82
2016-07-20,31.3,18.6,24.4,0.0,13.0,36.4,46544.62
2016-07-21,29.4,18.6,23.6,0.0,13.1,37.1,46418.23
2016-07-22,28.9,14.7,21.7,0.0,11.6,33.8,46472.34
2016-07-23,30.3,14.7,22.4,0.0,9.0,29.9,46348.71
2016-07-24,30.0,16.1,23.2,0.0,13.4,38.9,46237.7
2016-07-25,31.6,18.0,24.7,0.0,10.6,36.4,46198.78
2016-07-26,32.1,19.4,25.3,0.0,11.6,33.5,46161.21
2016-07-27,32.0,19.6,25.1,0.0,9.4,31.0,46126.99
2016-07-28,31.4,18.9,24.9,0.0,7.4,28.8,46080.95
2016-07-29,33.2,21.2,26.8,0.0,9.7,29.9,46041.51
2016-07-30,32.9,20.8,26.3,0.0,8.6,30.2,46002.09
2016-07-31,33.5,21.0,27.0,0.0,8.8,33.8,45962.74
2016-08-01,35.1,22.3,28.9,0.0,6.6,31.7,45923.52
2016-08-02,34.1,22.8,28.2,0.0,12.6,36.7,45884.49
2016-08-03,32.4,20.0,25.5,0.0,8.6,30.2,45845.37
2016-08-04,31.3,20.0,25.1,0.0,13.0,36.4,45806.0
2016-08-05,31.3,20.1,24.9,0.0,11.5,34.9,45766.44
2016-08-06,29.0,18.2,23.1,0.0,14.1,42.5,45726.7
2016-08-07,30.0,16.9,23.1,0.0,10.6,35.3,45686.79
2016-08-08,31.4,19.7,24.8,0.0,11.9,38.9,45646.75
2016-08-09,32.4,20.5,26.1,0.0,10.5,31.3,45606.61
2016-08-10,32.0,20.3,25.7,0.0,11.2,33.1,45566.38
2016-08-11,30.5,18.8,24.1,0.0,11.7,33.5,45526.07
2016-08-12,30.6,17.2,23.8,0.0,9.8,31.0,45485.73
2016-08-13,32.4,18.2,25.3,0.0,9.6,32.0,45445.37
2016-08-14,30.6,20.6,25.0,0.0,10.5,31.0,45366.3
2016-08-15,30.5,19.3,24.0,0.0,11.9,38.2,45261.63
2016-08-16,28.4,17.4,22.3,0.0,13.7,37.4,44855.55
2016-08-17,27.4,15.2,21.0,0.0,11.5,35.6,45050.11
2016-08-18,30.3,14.9,23.2,0.0,8.6,30.2,44699.97
2016-08-19,31.5,15.0,24.4,0.0,9.8,31.0,44836.18
2016-08-20,32.7,21.4,26.6,0.0,8.6,32.8,44728.5
2016-08-21,33.3,22.4,27.2,0.0,8.4,32.0,44620.46
2016-08-22,32.8,22.8,27.1,0.0,6.7,35.3,44499.16
2016-08-23,33.6,23.3,28.2,0.0,6.8,37.4,44292.76
2016-08-24,34.6,23.3,28.7,0.0,9.5,41.8,43968.4
2016-08-25,34.0,22.6,27.5,0.0,7.0,36.4,43648.68
2016-08-26,33.0,21.6,26.8,0.0,8.8,34.2,43914.03
2016-08-27,32.7,21.1,26.4,0.0,9.3,32.0,43710.45
2016-08-28,31.9,19.5,25.3,0.0,9.7,31.7,43508.66
2016-08-29,32.7,20.3,26.4,0.0,6.9,30.2,43308.87
2016-08-30,33.4,23.4,27.3,0.0,5.9,32.4,42654.21
2016-08-31,30.8,19.2,24.9,0.0,10.4,32.4,42269.59
2016-09-01,29.7,17.1,22.7,0.0,8.8,29.9,42616.81
2016-09-02,29.2,15.5,22.3,0.0,8.7,29.5,42015.3
2016-09-03,26.5,17.5,21.5,0.0,14.2,40.3,42446.94
2016-09-04,25.3,15.3,19.9,0.0,13.0,37.8,42051.56
2016-09-05,26.4,14.4,20.0,0.0,12.1,32.8,41251.42
2016-09-06,27.7,15.1,21.3,0.0,6.6,26.6,41335.38
2016-09-07,28.4,18.4,22.6,0.0,6.5,26.6,39338.9
2016-09-08,29.6,17.3,23.6,0.0,7.2,27.7,41021.43
2016-09-09,30.8,20.0,24.9,0.0,8.0,29.2,40984.3
2016-09-10,30.9,19.3,24.5,0.0,9.5,29.5,40858.7
2016-09-11,30.9,20.4,24.9,0.0,11.9,35.3,40651.16
2016-09-12,29.7,19.3,23.7,0.0,9.7,32.4,40333.48
2016-09-13,26.0,15.8,20.1,0.0,12.4,34.6,40165.78
2016-09-14,26.3,14.6,19.7,0.0,10.5,31.7,39976.52
2016-09-15,26.9,13.5,19.9,0.0,11.2,34.2,39980.61
2016-09-16,25.8,14.7,19.6,0.0,9.8,28.4,39677.22
2016-09-17,26.7,14.5,20.3,0.0,7.5,26.6,39749.57
2016-09-18,27.5,12.1,20.4,0.0,9.4,29.2,39758.88
2016-09-19,28.1,15.6,21.4,0.0,9.9,29.9,39696.2
2016-09-20,29.4,18.3,23.2,0.0,8.7,31.3,39621.15
2016-09-21,28.0,19.7,23.5,0.0,16.6,48.2,39600.0
2016-09-22,24.5,15.2,19.9,0.0,17.3,48.2,39600.0
2016-09-23,21.6,13.9,17.2,0.3,15.3,40.7,39233.68
2016-09-24,25.0,11.1,18.4,0.0,6.0,29.5,39600.0
2016-09-25,25.4,12.9,19.6,0.0,6.2,32.0,39600.0
2016-09-26,25.2,16.2,19.9,0.0,8.4,28.1,39600.0
2016-09-27,23.4,12.2,17.5,0.0,9.0,28.1,39600.0
2016-09-28,24.1,10.6,17.5,0.0,8.1,28.8,39600.0
2016-09-29,25.1,11.7,18.3,0.0,9.6,31.7,39573.79
2016-09-30,26.2,12.3,18.9,0.0,5.1,24.1,39492.48
2016-10-01,26.4,11.6,19.2,0.0,5.5,26.6,39411.83
2016-10-02,28.1,12.7,20.5,0.0,5.4,27.7,39330.89
2016-10-03,29.4,16.1,22.4,0.0,5.3,29.2,39249.65
2016-10-04,27.8,18.2,22.1,0.0,11.0,31.0,39168.22
2016-10-05,26.8,15.4,20.5,0.0,6.6,25.9,39086.7
2016-10-06,26.9,14.0,20.3,0.0,8.3,27.7,39005.17
2016-10-07,26.7,16.5,20.8,0.0,9.4,29.9,38906.45
2016-10-08,25.9,16.4,20.1,0.0,7.6,26.3,38778.44
2016-10-09,26.5,16.1,20.4,0.0,10.1,32.0,38650.34
2016-10-10,24.7,9.2,17.8,0.0,7.6,26.6,38522.25
2016-10-11,24.3,10.6,18.1,0.0,9.2,29.2,38394.26
2016-10-12,26.8,16.1,20.7,0.0,4.1,25.2,38266.45
2016-10-13,28.2,17.1,22.3,0.0,5.2,31.7,38138.93
2016-10-14,27.2,18.8,22.1,0.0,13.8,41.0,38011.8
2016-10-15,24.8,16.6,19.9,0.0,13.4,39.6,37885.16
2016-10-16,26.1,11.1,19.2,0.0,6.2,25.9,37759.1
2016-10-17,26.0,16.2,20.2,0.0,10.5,29.5,37633.73
2016-10-18,23.9,13.7,17.7,0.0,12.1,33.8,37509.15
2016-10-19,22.2,12.4,16.7,0.0,7.8,25.2,37211.45
2016-10-20,22.6,9.2,16.5,0.0,7.6,24.5,37262.8
2016-10-21,23.5,12.5,17.8,0.0,6.9,26.6,35961.97
2016-10-22,23.3,14.0,17.9,0.0,9.5,27.7,36390.77
2016-10-23,21.6,12.9,16.5,0.0,7.2,23.8,34709.25
2016-10-24,22.6,10.8,16.8,0.0,7.3,24.8,35915.14
2016-10-25,21.4,13.7,16.9,0.7,3.5,20.2,35854.79
2016-10-26,23.3,13.8,18.1,0.0,9.0,31.7,36119.66
2016-10-27,26.1,13.4,19.1,0.2,9.7,38.2,34965.34
2016-10-28,21.9,12.7,16.7,6.7,6.9,32.4,31539.73
2016-10-29,23.2,14.6,18.0,0.0,5.5,23.4,35394.75
2016-10-30,22.9,14.8,17.6,0.0,13.6,38.9,35428.26
2016-10-31,19.4,12.5,15.3,0.0,15.8,44.3,35266.66
2016-11-01,15.0,9.0,11.7,8.6,20.7,77.0,26096.59
2016-11-02,14.3,6.5,10.3,1.8,13.3,44.3,33506.59
2016-11-03,16.6,3.0,9.6,0.0,5.6,20.5,34896.06
2016-11-04,19.0,7.0,12.9,0.0,4.6,22.7,34752.18
2016-11-05,17.3,7.3,12.2,0.4,7.0,25.6,34537.27
2016-11-06,17.3,6.7,11.8,0.0,7.5,23.8,33134.94
2016-11-07,18.1,7.8,12.6,0.0,5.5,22.3,34425.08
2016-11-08,19.8,6.1,13.1,0.0,5.1,20.9,34367.7
2016-11-09,22.3,7.4,14.1,0.0,7.3,23.0,34215.01
2016-11-10,21.7,10.5,15.6,0.0,11.8,36.7,32654.97
2016-11-11,19.9,10.8,14.8,0.0,7.2,24.5,33460.24
2016-11-12,22.9,7.5,15.2,0.0,5.6,24.5,33677.07
2016-11-13,23.2,13.4,17.8,0.0,8.6,28.8,32290.54
2016-11-14,23.2,14.0,17.9,0.0,7.1,23.8,33918.32
2016-11-15,21.7,12.3,16.8,0.0,8.6,28.4,32649.73
2016-11-16,14.6,9.1,11.1,1.3,19.1,50.4,32442.26
2016-11-17,14.0,7.0,9.9,0.1,11.8,37.8,32400.0
2016-11-18,16.1,2.6,9.0,0.0,7.1,23.8,33656.44
2016-11-19,19.0,4.8,10.8,0.0,6.7,21.2,32468.02
2016-11-20,18.5,4.9,11.1,0.0,7.2,23.8,32754.44
2016-11-21,17.6,5.8,10.6,0.0,7.8,25.2,32481.22
2016-11-22,15.5,3.0,8.8,0.0,8.5,27.0,32745.04
2016-11-23,13.6,1.6,7.0,0.0,8.6,28.1,32738.55
2016-11-24,12.0,-3.0,4.3,0.0,10.0,31.0,33125.02
2016-11-25,13.2,-0.8,5.4,0.0,5.8,20.5,33022.1
2016-11-26,13.8,1.1,6.7,0.0,4.1,18.4,32854.22
2016-11-27,14.8,1.6,7.2,0.0,4.5,18.0,32835.08
2016-11-28,15.1,0.8,6.8,0.0,5.7,20.9,32751.52
2016-11-29,14.2,1.1,7.1,0.1,6.7,23.0,29954.76
2016-11-30,12.2,5.7,8.8,9.4,9.2,55.1,28034.12
2016-12-01,9.5,4.5,7.1,11.1,15.7,59.8,8862.49
2016-12-02,7.9,4.9,5.7,17.6,21.3,76.7,21422.72
2016-12-03,9.8,4.3,6.7,1.5,10.8,40.7,28518.92
2016-12-04,12.7,1.8,6.7,0.0,5.0,18.7,28800.0
2016-12-05,13.3,4.3,8.1,0.0,8.9,27.0,32400.0
2016-12-06,11.0,0.9,6.3,0.0,6.1,21.6,32400.0
2016-12-07,12.2,3.0,6.9,0.0,10.2,27.0,32400.0
2016-12-08,8.2,1.3,4.8,1.7,5.1,23.0,28128.01
2016-12-09,9.0,-3.8,2.9,0.0,4.5,18.4,32400.0
2016-12-10,8.7,0.5,3.8,0.0,9.0,25.2,32400.0
2016-12-11,10.8,1.0,5.6,0.0,10.5,28.8,32400.0
2016-12-12,11.9,0.8,6.1,0.0,8.4,25.6,30973.41
2016-12-13,8.8,5.3,7.0,10.3,16.1,50.0,20065.38
2016-12-14,7.2,-1.5,2.4,24.5,18.7,68.8,22661.38
2016-12-15,1.9,-2.4,-0.3,0.6,14.9,41.8,32185.16
2016-12-16,6.0,-0.6,3.4,5.2,8.7,32.0,8762.42
2016-12-17,7.3,0.5,4.1,0.5,5.9,22.3,29950.33
2016-12-18,3.9,0.1,2.8,14.1,7.0,37.1,18731.3
2016-12-19,3.7,-7.6,-1.0,0.0,5.1,24.8,32103.1
2016-12-20,3.1,-9.2,-2.3,0.0,5.5,19.8,32072.58
2016-12-21,5.0,-3.8,1.3,0.8,10.2,33.5,21212.86
2016-12-22,6.2,-0.5,2.2,2.2,13.0,45.0,30899.14
2016-12-23,9.2,-2.4,2.9,0.0,7.1,23.4,31989.19
2016-12-24,8.2,-0.3,3.5,3.2,6.1,23.0,27968.49
2016-12-25,5.2,1.0,2.9,1.4,14.5,45.0,28789.77
2016-12-26,7.2,0.5,3.6,1.7,13.6,38.2,29234.12
2016-12-27,3.9,-0.3,2.2,12.8,9.0,34.2,18803.28
2016-12-28,6.3,-6.0,-0.3,0.0,7.2,22.3,31878.18
2016-12-29,7.4,-2.4,2.3,1.0,10.0,37.4,31049.89
2016-12-30,7.5,-0.7,3.8,0.1,15.0,42.8,27087.86
2016-12-31,5.4,-1.3,1.5,3.8,12.6,39.6,29675.53
2017-01-01,5.7,-4.1,0.7,0.2,5.5,23.0,31920.27
2017-01-02,4.3,-1.2,1.3,7.2,11.1,38.9,25218.09
2017-01-03,3.8,-0.5,1.3,11.7,8.3,43.9,7200.0
2017-01-04,5.7,-1.0,1.8,1.3,7.6,29.5,25465.8
2017-01-05,8.9,-0.3,4.0,0.4,9.4,35.6,30243.93
2017-01-06,10.0,2.6,5.4,0.0,19.1,60.5,32293.97
2017-01-07,8.5,-0.3,3.6,0.0,13.4,45.0,32307.64
2017-01-08,5.8,0.7,3.0,0.4,15.9,52.6,24969.86
2017-01-09,1.5,-4.1,-0.3,32.2,8.2,54.4,0.0
2017-01-10,4.2,-5.7,-0.2,0.0,14.5,53.6,32733.87
2017-01-11,6.8,-4.3,0.7,0.0,13.0,40.3,32959.84
2017-01-12,8.5,-2.7,2.5,0.0,13.7,41.4,32997.98
2017-01-13,5.6,-0.2,2.9,11.1,19.0,60.8,17787.43
2017-01-14,7.9,-1.6,3.3,6.6,13.7,44.6,12097.97
2017-01-15,6.9,-0.2,3.6,5.1,13.8,44.3,28239.61
2017-01-16,9.8,-1.6,3.3,0.0,10.3,32.4,32819.82
2017-01-17,13.0,0.9,6.2,0.0,13.5,43.9,33482.39
2017-01-18,11.0,0.8,5.7,0.0,10.0,43.2,33566.47
2017-01-19,8.3,0.5,4.5,0.0,11.5,37.1,32797.87
2017-01-20,8.2,-0.2,3.5,0.1,10.8,35.3,31982.44
2017-01-21,5.5,-1.9,2.7,7.1,12.4,52.9,16905.28
2017-01-22,6.3,-1.9,1.4,0.0,11.1,36.0,32479.23
2017-01-23,8.5,-2.4,2.2,0.0,8.7,36.0,34017.38
2017-01-24,10.9,-0.7,4.9,0.0,18.3,58.0,33225.31
2017-01-25,11.9,5.9,8.0,8.6,16.6,66.2,29522.54
2017-01-26,6.4,2.3,4.5,11.7,14.8,51.1,10146.61
2017-01-27,3.2,-4.0,1.1,29.4,32.0,108.7,9382.8
2017-01-28,-2.8,-10.5,-4.9,22.6,21.7,76.3,17291.3
2017-01-29,-0.0,-12.5,-8.4,0.0,10.8,37.8,34608.7
2017-01-30,3.5,-11.1,-3.8,0.2,10.5,34.2,32881.53
2017-01-31,1.4,-5.5,-1.3,10.0,13.6,49.7,15831.31
2017-02-01,-0.7,-11.1,-5.9,0.0,19.5,70.2,34906.36
2017-02-02,2.2,-8.5,-3.7,0.0,13.3,46.4,34968.43
2017-02-03,4.6,-5.7,-0.7,0.0,7.9,27.4,35030.55
2017-02-04,8.3,-2.7,2.4,0.0,7.0,22.3,31232.28
2017-02-05,9.0,-1.0,3.0,0.0,9.4,31.0,35154.72
2017-02-06,9.0,-1.4,3.3,0.0,8.7,27.7,35216.67
2017-02-07,12.4,0.9,6.3,0.0,17.4,66.2,35281.46
2017-02-08,10.0,1.7,6.5,0.2,22.0,74.9,26947.45
2017-02-09,9.0,0.5,4.2,0.1,8.6,28.1,35440.08
2017-02-10,10.2,-0.5,4.1,0.0,10.1,31.7,35500.49
2017-02-11,9.9,0.3,4.4,0.9,10.4,32.8,31129.7
2017-02-12,6.7,0.1,3.2,2.2,10.4,33.1,27728.81
2017-02-13,5.5,-3.0,1.2,2.9,12.8,43.2,28827.29
2017-02-14,4.0,-3.0,0.9,5.9,6.9,33.5,24822.86
2017-02-15,2.8,-2.3,0.0,1.7,20.4,62.6,35760.94
2017-02-16,1.7,-8.0,-1.3,6.1,12.4,36.7,36053.85
2017-02-17,3.1,-10.2,-2.8,0.0,16.1,52.2,36350.95
2017-02-18,5.9,-6.4,-0.0,0.0,8.6,34.2,36504.24
2017-02-19,8.9,-2.5,2.4,0.0,11.4,37.4,36663.19
2017-02-20,9.7,-1.8,3.3,0.0,10.1,36.7,36781.04
2017-02-21,8.1,-2.6,2.8,0.0,11.2,35.6,36894.81
2017-02-22,11.0,-0.8,4.3,0.0,13.0,42.1,36916.7
2017-02-23,10.2,-0.7,4.5,0.0,11.2,36.4,37138.13
2017-02-24,11.6,-0.9,5.5,0.0,9.0,30.6,37371.27
2017-02-25,13.5,1.0,6.5,0.0,9.4,27.4,37400.67
2017-02-26,14.3,1.2,7.2,0.0,10.4,29.5,37571.57
2017-02-27,16.0,3.0,9.2,0.0,12.3,44.6,35391.26
2017-02-28,16.3,8.1,11.4,0.7,23.1,86.8,16652.73
2017-03-01,13.6,6.7,9.4,5.9,21.1,78.1,21264.57
2017-03-02,10.9,4.0,7.6,3.3,12.4,38.9,36886.94
2017-03-03,7.1,2.5,5.2,18.7,14.4,65.2,17476.78
2017-03-04,9.8,0.3,4.7,0.0,14.1,47.9,37504.81
2017-03-05,12.2,-0.7,6.1,0.0,10.3,51.5,38263.27
2017-03-06,14.0,1.5,7.0,0.0,12.2,41.0,38411.9
2017-03-07,13.5,3.1,7.6,0.4,10.9,32.4,38421.69
2017-03-08,12.7,2.8,7.9,0.2,9.6,31.3,38574.87
2017-03-09,18.0,4.8,11.6,0.0,16.8,61.2,38733.07
2017-03-10,14.8,7.0,11.0,2.1,13.2,61.2,37263.45
2017-03-11,8.2,3.2,6.1,9.0,14.6,61.6,18000.0
2017-03-12,13.3,2.8,6.9,3.0,24.5,88.9,37201.76
2017-03-13,8.5,3.8,6.1,17.9,17.9,65.9,12372.04
2017-03-14,8.0,3.3,5.4,3.5,16.7,51.5,28151.31
2017-03-15,7.0,3.7,5.0,16.2,11.4,44.6,6819.94
2017-03-16,7.3,0.4,4.2,3.6,14.6,47.2,38493.96
2017-03-17,8.4,3.3,6.0,2.3,16.6,54.4,24347.15
2017-03-18,14.4,5.5,9.7,0.4,9.4,36.4,39264.43
2017-03-19,10.7,1.8,7.3,0.2,17.6,50.8,37061.74
2017-03-20,9.2,2.1,5.7,4.3,19.1,58.7,33236.25
2017-03-21,11.7,3.6,7.9,3.2,13.4,41.4,30499.38
2017-03-22,12.6,3.3,8.4,1.3,10.5,33.5,27092.18
2017-03-23,11.3,4.0,7.8,8.2,13.5,40.0,34247.58
2017-03-24,11.7,1.3,6.5,0.3,14.7,43.6,40689.03
2017-03-25,12.9,1.3,7.1,0.0,13.4,40.3,41154.95
2017-03-26,13.6,3.2,8.6,0.0,10.2,32.4,41169.41
2017-03-27,12.4,3.0,7.9,0.0,11.1,34.6,32886.27
2017-03-28,12.3,2.5,7.8,0.0,10.6,37.8,39370.4
2017-03-29,15.7,3.0,9.4,0.0,9.2,30.2,41476.42
2017-03-30,13.5,6.8,10.1,1.6,16.5,59.8,11441.82
2017-03-31,13.8,3.5,8.8,3.0,10.1,52.9,41565.25
2017-04-01,11.7,3.0,7.6,2.5,11.4,41.8,40863.3
2017-04-02,9.2,3.3,6.3,7.2,14.4,46.8,34632.25
2017-04-03,12.5,3.7,7.5,0.2,15.7,47.9,41697.41
2017-04-04,18.2,3.3,11.3,0.0,14.1,56.5,41816.92
2017-04-05,19.2,9.1,13.8,0.0,23.9,73.8,42015.39
2017-04-06,19.5,6.8,13.4,0.1,13.4,41.4,42144.97
2017-04-07,12.2,5.2,8.6,0.6,18.1,56.2,37602.58
2017-04-08,11.9,1.5,7.8,0.0,15.9,52.6,35349.82
2017-04-09,10.4,3.7,7.6,4.6,21.3,67.3,37568.46
2017-04-10,13.7,1.1,8.6,0.0,9.2,32.0,42625.09
2017-04-11,18.6,6.1,13.1,0.0,15.5,56.9,39697.55
2017-04-12,21.4,12.0,15.9,2.4,21.3,78.8,36744.32
2017-04-13,18.0,9.2,13.8,21.5,15.1,73.8,32127.86
2017-04-14,11.6,6.5,9.3,6.6,16.8,55.1,37835.33
2017-04-15,11.9,4.6,8.3,4.7,13.0,43.9,40621.17
2017-04-16,13.5,4.1,9.2,0.4,11.3,34.6,42907.78
2017-04-17,15.9,5.6,10.9,0.1,10.5,34.9,43318.37
2017-04-18,15.2,5.6,10.6,0.2,18.2,69.1,44244.11
2017-04-19,15.8,4.9,11.6,0.0,9.5,33.8,44427.53
2017-04-20,16.9,7.1,13.3,0.0,11.5,40.7,44538.3
2017-04-21,23.0,7.7,17.5,0.0,11.7,36.4,44648.75
2017-04-22,26.2,10.6,18.8,0.0,16.5,53.6,44758.79
2017-04-23,21.7,5.6,12.3,0.1,17.7,63.4,43510.52
2017-04-24,12.5,3.5,8.1,0.4,13.6,42.8,43921.97
2017-04-25,15.5,4.1,10.4,0.0,10.7,33.8,45085.63
2017-04-26,20.5,7.5,14.3,0.1,14.8,46.1,45193.21
2017-04-27,21.3,11.7,15.8,0.0,15.3,54.0,45299.98
2017-04-28,18.9,10.4,14.8,0.0,9.7,41.4,45405.84
2017-04-29,20.3,8.8,15.0,0.0,12.3,40.0,45510.7
2017-04-30,24.3,10.7,18.2,0.0,11.5,49.7,39984.05
2017-05-01,20.2,11.1,16.6,0.0,11.7,37.8,45717.08
2017-05-02,15.8,9.5,13.2,5.5,8.6,42.5,44166.83
2017-05-03,15.7,8.3,11.8,1.0,13.7,41.8,42929.25
2017-05-04,16.2,9.2,13.0,0.7,13.4,41.4,46016.95
2017-05-05,16.7,10.0,13.8,0.6,13.8,48.2,46113.94
2017-05-06,16.9,10.5,14.0,0.1,12.2,38.9,46209.3
2017-05-07,18.2,9.0,14.1,0.0,16.6,54.7,46302.91
2017-05-08,22.0,10.1,17.1,0.0,11.4,38.5,46378.45
2017-05-09,26.1,11.5,19.6,0.0,11.7,35.3,46426.4
2017-05-10,26.2,14.4,21.4,0.0,15.8,49.3,46473.01
2017-05-11,21.8,13.1,17.4,0.0,13.5,43.9,46518.46
2017-05-12,20.4,9.2,15.3,0.0,15.5,47.9,46562.72
2017-05-13,23.2,12.7,18.7,0.0,13.1,40.0,46605.79
2017-05-14,26.4,15.3,22.0,0.0,12.1,42.1,46647.63
2017-05-15,22.8,15.1,20.0,0.0,17.1,57.2,46688.23
2017-05-16,21.6,11.2,17.8,0.0,14.8,45.0,46727.57
2017-05-17,23.1,11.5,18.0,0.0,13.8,44.6,46765.62
2017-05-18,24.2,13.5,19.3,0.6,18.5,60.8,46218.25
2017-05-19,22.0,11.2,16.1,1.0,16.8,55.4,46800.0
2017-05-20,13.9,8.8,11.2,22.0,15.5,68.4,25123.79
2017-05-21,14.7,8.2,11.1,4.6,16.9,52.2,42683.5
2017-05-22,19.3,5.1,13.4,0.0,15.3,47.5,46800.0
2017-05-23,16.4,9.6,13.2,4.1,18.9,62.6,46800.0
2017-05-24,16.5,7.9,12.4,0.0,13.0,41.0,46800.0
2017-05-25,19.7,6.9,14.2,0.0,10.8,34.6,46800.0
2017-05-26,17.2,9.1,14.0,0.4,15.1,47.5,46800.0
2017-05-27,21.3,12.9,17.4,0.0,13.8,45.0,46800.0
2017-05-28,20.4,11.3,16.0,0.0,12.6,42.1,46800.0
2017-05-29,22.7,9.3,17.6,0.0,11.3,38.2,46800.0
2017-05-30,20.9,13.0,16.9,0.0,14.8,50.4,46800.0
2017-05-31,19.3,11.3,15.2,0.0,16.0,51.8,46808.47
2017-06-01,17.5,10.0,13.6,0.0,16.2,51.1,46800.0
2017-06-02,19.8,10.5,15.9,0.0,18.4,57.2,46800.16
2017-06-03,23.4,10.8,18.6,0.0,13.3,40.7,46800.0
2017-06-04,25.1,14.2,20.2,0.0,10.6,35.6,46800.0
2017-06-05,23.2,14.9,19.2,0.0,13.1,42.5,46800.0
2017-06-06,22.5,15.4,19.1,0.0,13.9,44.3,46872.08
2017-06-07,24.7,14.1,20.2,0.0,13.9,43.9,46869.11
2017-06-08,28.3,15.9,23.3,0.0,12.4,39.6,46866.09
2017-06-09,29.3,19.6,24.6,0.0,12.6,40.3,46863.0
2017-06-10,23.4,14.6,19.2,0.0,14.2,45.4,46956.07
2017-06-11,23.0,14.0,19.0,0.0,12.4,40.3,46954.34
2017-06-12,23.7,15.6,19.6,0.0,10.8,35.6,46952.56
2017-06-13,22.2,13.1,18.4,0.0,14.6,45.7,46950.78
2017-06-14,21.7,13.3,16.8,3.3,15.4,56.9,43614.89
2017-06-15,22.2,13.2,18.1,0.0,14.7,46.8,46845.09
2017-06-16,24.5,14.8,20.0,0.0,15.1,46.8,47048.62
2017-06-17,24.5,17.4,20.5,0.0,13.7,42.8,47047.84
2017-06-18,24.1,16.7,20.3,0.0,14.5,47.5,47047.07
2017-06-19,23.6,15.9,19.8,0.0,15.3,50.4,47046.27
2017-06-20,21.1,13.1,16.7,0.0,17.3,56.5,47151.54
2017-06-21,19.9,10.7,15.4,1.9,17.6,56.2,46800.0
2017-06-22,20.2,9.9,15.5,0.0,18.4,56.5,47043.91
2017-06-23,22.1,11.3,17.9,0.0,16.3,49.7,47043.14
2017-06-24,25.3,14.8,20.6,0.0,13.6,43.9,47150.55
2017-06-25,26.0,15.1,21.9,0.0,12.2,38.2,47150.26
2017-06-26,28.0,18.3,24.1,0.0,10.6,34.2,47149.94
2017-06-27,29.3,22.0,25.3,0.0,10.9,36.4,47149.62
2017-06-28,26.4,19.6,22.8,0.0,12.4,39.6,47258.54
2017-06-29,25.4,19.5,22.3,0.0,16.3,49.3,47149.04
2017-06-30,26.4,18.1,23.2,0.0,17.4,57.6,47148.77
2017-07-01,29.2,18.5,24.8,0.0,11.3,35.6,47148.53
2017-07-02,33.2,20.2,26.7,0.0,14.8,46.8,47148.32
2017-07-03,32.8,20.3,27.4,0.0,11.3,39.6,47148.13
2017-07-04,30.8,24.2,27.5,0.0,12.0,40.3,47147.97
2017-07-05,28.5,20.5,24.6,0.0,10.6,36.0,47039.5
2017-07-06,25.7,18.7,22.1,0.0,12.1,40.0,45401.25
2017-07-07,24.4,16.1,20.4,0.0,14.2,45.7,46984.87
2017-07-08,25.2,16.9,20.8,0.0,14.2,44.6,47040.77
2017-07-09,26.7,16.5,21.6,0.0,13.0,40.3,47119.33
2017-07-10,28.8,17.3,23.8,0.0,11.1,38.5,46983.74
2017-07-11,29.8,22.6,26.2,0.0,10.6,37.4,47161.95
2017-07-12,29.2,20.2,25.4,0.0,15.0,49.3,47232.0
2017-07-13,28.5,20.3,24.2,0.0,15.3,49.0,47196.55
2017-07-14,27.8,17.0,24.2,0.0,14.9,47.2,47160.0
2017-07-15,27.5,17.4,24.1,0.0,14.3,43.6,47022.3
2017-07-16,29.0,17.3,24.8,0.0,13.0,40.7,47083.84
2017-07-17,31.2,17.0,25.2,0.0,12.1,38.5,46946.82
2017-07-18,27.7,18.8,24.3,0.0,11.5,36.4,46907.82
2017-07-19,27.0,18.6,22.7,0.0,16.0,50.0,46773.55
2017-07-20,25.5,16.6,21.4,0.0,12.0,39.6,46641.85
2017-07-21,27.6,18.8,22.8,0.0,10.0,33.5,46604.06
2017-07-22,25.5,18.3,21.6,0.0,11.9,39.2,46565.77
2017-07-23,25.6,17.4,21.6,0.0,11.8,39.2,46439.78
2017-07-24,28.1,19.1,23.3,0.0,11.9,39.6,46402.64
2017-07-25,28.8,20.1,24.1,0.0,13.9,44.3,46365.18
2017-07-26,29.2,21.5,24.9,0.0,14.0,43.2,46246.83
2017-07-27,30.6,21.8,26.3,0.0,14.8,48.2,46133.1
2017-07-28,27.0,17.6,22.5,0.0,15.0,48.2,46099.98
2017-07-29,23.4,14.7,18.9,0.0,15.2,46.1,46066.5
2017-07-30,25.0,14.1,20.2,0.0,11.2,36.7,46013.28
2017-07-31,28.6,17.9,24.2,0.0,9.2,31.7,45974.32
2017-08-01,29.2,20.0,24.5,0.0,10.6,35.3,45935.05
2017-08-02,26.4,18.0,22.3,0.0,13.9,42.8,45895.52
2017-08-03,25.0,15.6,20.4,0.0,14.1,44.6,45855.77
2017-08-04,25.0,14.4,19.9,0.0,12.7,40.7,45815.8
2017-08-05,25.3,16.5,20.3,0.0,12.4,40.0,45775.68
2017-08-06,25.6,14.8,20.8,0.0,10.7,35.3,45735.41
2017-08-07,28.3,15.2,22.5,0.0,9.8,32.4,45695.05
2017-08-08,30.3,19.8,24.5,0.0,11.7,36.7,45654.61
2017-08-09,29.0,19.1,24.7,0.0,9.3,32.8,45614.14
2017-08-10,26.4,17.5,22.2,0.0,11.6,38.9,45573.65
2017-08-11,25.5,16.0,21.0,0.0,12.0,38.2,45533.18
2017-08-12,25.5,17.4,21.3,0.0,13.7,41.8,45492.76
2017-08-13,27.4,19.0,23.0,0.0,12.6,40.7,45452.4
2017-08-14,26.5,18.2,22.0,0.0,13.9,44.6,45390.65
2017-08-15,25.5,18.6,21.6,0.0,13.0,43.6,45287.79
2017-08-16,25.6,18.3,21.6,0.0,12.1,39.2,45184.41
2017-08-17,24.7,16.6,20.8,0.0,14.3,42.1,45062.97
2017-08-18,24.2,14.1,19.0,0.0,12.0,38.2,44975.0
2017-08-19,25.7,14.3,20.4,0.0,10.7,37.1,44868.22
2017-08-20,27.3,16.8,22.1,0.0,10.4,33.5,44440.03
2017-08-21,23.4,15.4,19.9,0.0,13.1,42.5,44234.82
2017-08-22,23.7,14.6,18.9,0.0,16.4,51.5,44031.05
2017-08-23,24.3,14.7,19.4,0.0,12.9,39.2,44071.19
2017-08-24,25.5,15.5,20.3,0.0,10.7,34.9,43987.22
2017-08-25,27.4,17.1,22.3,0.0,10.9,36.0,43783.86
2017-08-26,27.0,19.6,22.9,0.0,14.5,45.4,43582.43
2017-08-27,25.9,18.1,21.6,0.0,14.6,46.1,43497.86
2017-08-28,24.6,16.6,19.9,0.0,12.8,41.0,43299.02
2017-08-29,23.8,12.4,18.5,0.0,10.3,35.6,43214.04
2017-08-30,23.6,14.4,18.7,0.0,10.8,34.9,43018.25
2017-08-31,22.6,13.0,18.1,0.0,13.0,40.7,42825.08
2017-09-01,23.3,13.7,18.2,0.0,14.5,44.3,42634.65
2017-09-02,25.3,12.8,20.4,0.0,11.7,37.1,42551.61
2017-09-03,29.1,16.7,23.1,0.0,9.7,32.0,42365.29
2017-09-04,30.3,19.6,23.8,0.0,11.6,41.4,42058.7
2017-09-05,26.5,17.6,22.4,0.0,10.9,36.4,42002.37
2017-09-06,24.6,15.3,20.6,0.0,15.2,49.0,41854.65
2017-09-07,22.8,13.8,18.5,0.0,12.9,40.0,41491.99
2017-09-08,27.5,14.7,20.8,0.0,10.1,32.0,41351.95
2017-09-09,29.9,18.1,23.5,0.0,10.4,32.8,41011.2
2017-09-10,27.0,19.0,23.0,0.0,9.2,30.2,40794.9
2017-09-11,27.5,18.2,23.4,0.0,8.6,29.5,40866.74
2017-09-12,28.0,14.8,22.0,0.0,11.9,37.1,40641.68
2017-09-13,28.9,17.0,23.9,0.0,11.1,34.9,40346.8
2017-09-14,29.3,16.9,23.7,0.0,9.9,32.0,40069.88
2017-09-15,27.8,18.4,22.4,0.6,13.7,40.3,37218.81
2017-09-16,23.2,18.0,20.0,0.7,12.4,38.5,38143.19
2017-09-17,23.4,16.1,19.2,0.0,10.6,35.6,39668.22
2017-09-18,26.4,14.0,19.6,0.0,9.5,31.3,39687.12
2017-09-19,26.1,15.2,19.5,0.0,14.1,41.4,39600.0
2017-09-20,22.3,13.9,18.2,0.0,13.8,43.6,39600.0
2017-09-21,23.3,15.3,19.9,0.0,13.9,45.0,39600.0
2017-09-22,23.8,16.1,20.4,0.0,12.9,43.2,39600.0
2017-09-23,21.2,13.6,16.9,0.0,11.6,38.9,39600.0
2017-09-24,23.8,12.9,17.9,0.0,12.3,40.0,39600.0
2017-09-25,23.2,13.0,18.3,0.0,9.6,33.1,39600.0
2017-09-26,21.0,14.8,17.5,0.0,15.0,46.4,39600.0
2017-09-27,20.5,12.8,16.2,0.0,12.8,40.3,39600.0
2017-09-28,20.3,10.6,15.9,0.0,11.2,35.3,39600.0
2017-09-29,20.2,12.4,15.7,0.0,12.7,38.2,39600.0
2017-09-30,18.3,11.2,14.7,0.6,13.8,41.4,39519.07
2017-10-01,19.3,11.3,15.9,0.3,14.2,44.3,35835.81
2017-10-02,24.1,12.1,18.5,0.0,13.2,43.2,39352.49
2017-10-03,21.4,13.5,17.4,0.0,13.9,43.2,39269.22
2017-10-04,19.9,11.5,15.4,0.0,16.0,49.3,39186.08
2017-10-05,19.3,11.8,14.9,0.0,13.6,42.5,39103.19
2017-10-06,19.8,9.2,14.0,0.0,15.4,46.1,39020.64
2017-10-07,20.0,9.7,14.7,0.0,12.2,38.9,38931.46
2017-10-08,21.7,11.9,16.2,2.2,11.9,38.2,38026.18
2017-10-09,16.2,11.8,14.1,7.2,11.3,44.3,28130.44
2017-10-10,16.5,10.9,13.3,1.1,14.0,43.2,36866.01
2017-10-11,18.0,10.1,13.2,0.3,12.9,40.3,36628.48
2017-10-12,18.5,8.4,13.5,0.0,10.2,32.8,37810.98
2017-10-13,19.0,8.4,14.1,0.0,10.9,33.8,38168.76
2017-10-14,17.6,10.1,13.3,0.3,12.4,39.6,37271.28
2017-10-15,17.9,8.7,12.9,0.5,13.1,42.1,36663.22
2017-10-16,18.0,10.0,13.5,1.9,9.5,37.8,36610.51
2017-10-17,19.8,8.4,13.8,0.0,12.0,38.9,37632.3
2017-10-18,20.6,9.4,14.4,0.0,10.6,33.8,37429.83
2017-10-19,22.3,10.5,15.7,0.0,12.3,35.3,37101.05
2017-10-20,22.1,10.2,15.9,0.0,10.3,31.7,36906.15
2017-10-21,20.1,10.7,15.0,0.0,11.2,34.9,36590.49
2017-10-22,17.6,10.1,14.0,0.0,11.4,35.3,35436.52
2017-10-23,20.4,8.5,13.8,0.0,8.3,26.6,35511.95
2017-10-24,18.7,9.4,14.2,0.0,10.5,34.6,36041.97
2017-10-25,18.6,8.7,13.1,0.0,10.8,34.9,35866.44
2017-10-26,20.1,7.9,13.4,0.0,12.1,36.4,35694.92
2017-10-27,21.9,10.4,15.1,0.0,12.5,43.2,35421.03
2017-10-28,16.9,10.0,12.8,6.2,15.3,51.8,29266.2
2017-10-29,16.8,9.9,12.9,2.9,12.6,40.0,25449.82
2017-10-30,13.3,8.8,11.1,22.1,15.8,59.8,5964.97
2017-10-31,13.5,8.8,11.6,11.1,13.7,47.2,10393.85
2017-11-01,13.3,8.7,11.0,3.6,14.1,45.4,29898.43
2017-11-02,14.4,7.6,10.3,1.1,8.8,28.1,34192.48
2017-11-03,15.2,7.3,10.1,1.0,8.7,37.4,33499.2
2017-11-04,15.5,6.0,10.0,0.8,9.4,32.0,34419.9
2017-11-05,17.1,6.6,10.7,0.6,12.2,54.4,34466.27
2017-11-06,13.9,6.1,10.1,0.6,11.1,32.8,34280.16
2017-11-07,16.0,5.7,10.1,0.0,8.4,27.0,34349.75
2017-11-08,15.8,7.8,11.3,0.2,7.6,25.9,33611.43
2017-11-09,13.6,7.8,10.6,0.4,12.0,35.3,32017.54
2017-11-10,14.3,5.8,9.8,0.0,12.7,38.5,33748.98
2017-11-11,13.7,4.4,9.2,0.0,9.6,30.2,33701.8
2017-11-12,17.2,5.5,11.0,0.0,14.2,50.0,30589.83
2017-11-13,18.7,11.7,14.4,0.0,18.7,63.4,28942.23
2017-11-14,16.4,6.5,11.4,0.0,11.3,36.7,33539.56
2017-11-15,17.2,5.6,10.7,0.0,8.5,27.7,33522.32
2017-11-16,18.5,6.4,11.4,0.0,10.1,29.2,33397.19
2017-11-17,20.1,8.4,13.1,0.0,11.6,46.4,32760.03
2017-11-18,21.1,9.5,14.2,0.0,13.7,46.1,28800.0
2017-11-19,16.5,8.6,12.4,3.5,10.5,42.5,32466.74
2017-11-20,13.2,5.8,9.5,1.2,12.7,40.7,31704.31
2017-11-21,9.6,4.9,7.4,18.7,21.6,81.7,18893.53
2017-11-22,7.7,3.2,4.9,4.3,19.5,62.6,29693.88
2017-11-23,8.1,1.2,4.3,0.8,12.0,37.8,30342.19
2017-11-24,9.2,1.9,5.2,0.3,12.8,39.6,27187.07
2017-11-25,12.2,2.9,6.9,0.0,8.9,40.0,28921.74
2017-11-26,13.0,4.9,8.5,0.1,11.2,40.0,32425.56
2017-11-27,12.8,3.5,7.7,0.7,10.1,30.6,32430.42
2017-11-28,13.1,5.4,8.5,1.0,10.1,33.1,32400.0
2017-11-29,10.3,3.9,7.3,2.0,11.8,44.6,24228.76
2017-11-30,11.4,3.2,6.5,0.0,7.4,29.2,32400.0
2017-12-01,13.6,3.4,7.2,0.0,13.4,41.8,32400.0
2017-12-02,15.1,3.7,8.3,0.0,8.7,33.1,32400.0
2017-12-03,18.0,4.5,10.2,0.0,8.6,27.0,32400.0
2017-12-04,19.4,6.3,12.2,0.0,8.3,23.8,31163.28
2017-12-05,15.7,7.2,11.4,1.6,12.8,47.9,32106.54
2017-12-06,8.6,0.5,4.4,34.9,22.7,88.6,2061.56
2017-12-07,5.6,-0.3,2.1,2.6,14.7,63.4,29200.04
2017-12-08,7.3,-2.7,1.9,0.0,7.1,24.1,32400.0
2017-12-09,10.7,-1.7,3.5,0.0,8.3,31.0,32400.0
2017-12-10,11.7,1.6,6.2,0.0,9.4,41.4,17097.97
2017-12-11,14.7,1.4,7.7,0.0,8.9,25.6,32400.0
2017-12-12,19.4,6.2,11.7,0.0,12.6,38.9,32380.68
2017-12-13,14.2,5.7,9.7,1.0,13.1,43.6,32203.87
2017-12-14,11.3,3.5,7.8,0.0,11.2,35.3,32298.41
2017-12-15,10.8,4.0,7.8,4.4,11.5,34.9,25405.41
2017-12-16,12.2,2.1,6.6,0.0,7.6,24.5,32223.24
2017-12-17,14.5,3.5,8.5,2.7,10.9,41.4,31601.66
2017-12-18,16.3,7.9,11.0,1.4,7.9,45.4,23486.59
2017-12-19,16.0,7.2,12.2,0.3,11.0,40.3,7443.46
2017-12-20,17.2,9.7,12.7,0.2,9.4,38.9,11910.78
2017-12-21,17.5,9.8,12.7,0.0,7.2,25.9,30718.78
2017-12-22,18.5,10.8,13.7,0.2,10.2,39.2,15250.54
2017-12-23,16.3,9.1,12.3,0.5,10.7,47.2,25200.0
2017-12-24,9.3,2.5,6.7,32.6,16.4,67.0,2321.53
2017-12-25,7.3,0.5,3.2,7.4,13.0,39.6,31216.61
2017-12-26,12.6,-0.5,5.6,0.0,8.6,33.8,31919.07
2017-12-27,14.0,3.6,8.1,0.0,17.9,63.4,31577.08
2017-12-28,13.4,6.0,8.9,0.0,12.7,58.3,26945.54
2017-12-29,14.6,5.3,9.7,0.3,9.2,40.3,16654.25
2017-12-30,9.9,4.2,7.8,2.4,9.5,35.3,23003.46
2017-12-31,9.9,0.6,4.6,1.5,10.1,37.8,20534.67
2018-01-01,5.8,3.2,4.4,7.3,14.4,51.1,405.13
2018-01-02,7.9,5.0,6.4,13.0,20.5,67.7,19495.13
2018-01-03,9.3,3.0,6.7,1.7,9.9,33.5,15633.72
2018-01-04,6.6,2.1,4.7,4.6,13.0,49.0,4731.37
2018-01-05,5.3,1.6,3.3,19.6,18.1,83.2,0.0
2018-01-06,7.9,-0.2,3.4,0.5,12.5,37.1,31809.29
2018-01-07,10.2,-0.7,3.6,0.0,6.7,21.6,32055.06
2018-01-08,11.0,-0.6,4.6,0.0,9.0,29.9,32060.95
2018-01-09,11.5,3.2,7.4,0.0,9.3,32.0,31887.4
2018-01-10,12.4,3.1,7.7,0.0,9.8,34.6,31807.89
2018-01-11,14.5,5.3,9.7,0.0,12.6,39.6,30381.85
2018-01-12,10.4,3.8,7.8,0.0,14.8,46.8,31826.51
2018-01-13,12.2,1.0,5.6,0.0,14.8,47.5,32516.8
2018-01-14,6.3,3.4,4.7,10.1,15.9,58.3,26110.88
2018-01-15,7.9,3.2,5.2,2.3,13.6,49.0,22445.09
2018-01-16,7.7,0.6,5.1,2.5,11.9,40.0,14484.69
2018-01-17,7.0,1.3,3.6,2.2,12.3,40.3,28081.21
2018-01-18,7.2,2.9,5.5,24.2,22.5,104.8,7418.91
2018-01-19,2.4,-3.3,-0.1,25.9,28.7,99.0,22199.85
2018-01-20,7.4,-1.5,2.9,0.0,8.9,34.2,33064.65
2018-01-21,11.2,-0.7,5.2,0.0,12.6,46.1,32222.92
2018-01-22,10.4,1.5,5.6,0.0,13.7,45.7,29792.24
2018-01-23,5.8,1.9,4.8,39.4,18.0,74.9,2015.05
2018-01-24,6.9,4.2,5.2,8.4,10.2,42.5,7343.92
2018-01-25,6.4,3.2,4.2,11.3,12.0,45.4,11154.33
2018-01-26,4.2,-0.3,2.0,5.9,16.2,51.5,21346.74
2018-01-27,5.1,-1.7,1.3,2.9,12.4,41.0,14966.31
2018-01-28,6.8,-1.6,2.6,0.4,12.3,38.9,32524.68
2018-01-29,6.9,-0.7,2.8,0.5,11.0,34.9,34411.16
2018-01-30,7.5,-0.5,3.6,0.0,13.1,42.5,34686.1
2018-01-31,8.9,-0.6,3.7,0.0,10.6,33.1,34793.99
2018-02-01,10.8,-0.7,4.5,0.0,9.4,37.1,34891.21
2018-02-02,13.3,0.5,5.8,0.0,10.2,35.3,34954.23
2018-02-03,13.6,1.7,7.8,0.0,9.9,38.2,35017.17
2018-02-04,16.9,5.5,11.4,0.0,7.6,33.1,32226.21
2018-02-05,15.5,6.6,12.0,0.0,10.4,34.2,26900.92
2018-02-06,16.6,8.3,12.9,0.2,13.7,44.6,31604.81
2018-02-07,15.4,4.7,10.3,0.0,8.7,29.2,35266.75
2018-02-08,17.7,4.9,11.5,0.0,13.0,41.4,29255.36
2018-02-09,17.9,11.9,14.3,0.0,12.9,46.4,34603.51
2018-02-10,17.9,10.3,13.6,0.0,11.2,42.1,3421.78
2018-02-11,16.6,10.3,13.0,0.3,12.3,46.4,0.0
2018-02-12,9.6,6.9,8.4,10.8,13.0,71.3,0.0
2018-02-13,6.8,3.1,4.9,29.8,15.7,59.8,5275.47
2018-02-14,9.6,2.4,5.7,1.0,13.4,50.4,29327.3
2018-02-15,11.5,2.3,7.0,0.0,18.2,61.2,10328.74
2018-02-16,13.0,3.5,8.1,0.0,17.5,55.4,35802.93
2018-02-17,6.7,1.9,4.4,34.5,14.1,48.6,8726.98
2018-02-18,8.5,1.5,5.9,19.1,26.1,94.7,28797.94
2018-02-19,11.2,1.5,6.5,0.0,10.8,35.3,28903.07
2018-02-20,12.4,1.2,6.8,0.0,8.8,26.6,27973.62
2018-02-21,10.7,3.7,6.8,1.5,10.5,39.6,36000.0
2018-02-22,9.4,3.5,6.3,5.6,8.0,27.4,30318.44
2018-02-23,11.0,2.0,6.0,0.9,10.1,34.9,36232.43
2018-02-24,10.0,1.3,6.2,0.7,13.1,43.9,36330.41
2018-02-25,10.8,0.8,5.4,5.4,18.6,80.3,11214.68
2018-02-26,8.2,3.9,6.1,1.9,10.7,38.5,10554.08
2018-02-27,8.6,1.0,5.8,17.5,13.2,59.4,16046.77
2018-02-28,11.4,-0.8,5.4,0.0,13.8,46.4,36889.96
2018-03-01,12.6,3.0,7.8,0.0,12.4,41.0,36895.99
2018-03-02,13.0,6.7,9.4,0.0,8.8,29.5,37022.44
2018-03-03,15.4,3.5,9.8,0.0,10.6,34.6,37277.54
2018-03-04,17.2,6.0,11.9,0.0,14.2,45.7,37286.8
2018-03-05,18.0,8.0,14.1,0.0,11.2,40.3,37684.04
2018-03-06,19.0,7.1,12.6,0.1,20.0,66.2,37829.85
2018-03-07,14.9,5.6,10.8,0.0,10.8,38.9,38113.63
2018-03-08,19.4,6.4,12.6,0.0,17.2,58.7,33896.39
2018-03-09,9.5,4.3,7.2,3.4,20.7,67.0,29409.53
2018-03-10,10.7,4.7,7.2,1.3,10.3,32.4,27431.31
2018-03-11,12.8,2.6,7.8,0.0,12.2,37.8,38082.85
2018-03-12,13.3,3.6,8.4,0.0,11.0,35.3,38639.95
2018-03-13,12.8,5.6,9.6,0.0,11.9,39.2,38488.45
2018-03-14,14.2,5.6,10.8,0.0,14.2,47.9,38851.97
2018-03-15,11.1,5.7,8.2,0.0,13.3,46.8,36622.29
2018-03-16,8.8,3.6,6.2,9.7,20.1,63.7,17232.01
2018-03-17,12.5,3.4,8.0,0.0,13.0,41.8,39273.48
2018-03-18,18.7,6.1,12.3,0.0,14.7,52.2,35830.05
2018-03-19,21.9,8.3,15.1,0.0,13.0,51.8,39532.93
2018-03-20,17.1,7.3,13.2,0.0,12.9,42.5,39612.54
2018-03-21,16.6,7.3,13.0,0.0,15.3,48.6,39797.82
2018-03-22,22.9,5.2,15.1,0.0,10.9,42.8,39986.12
2018-03-23,24.3,11.1,17.6,0.0,20.0,66.6,39540.64
2018-03-24,17.9,4.7,11.7,1.4,18.5,62.3,27327.52
2018-03-25,12.4,3.3,7.7,0.0,11.1,36.0,37222.62
2018-03-26,20.6,4.5,12.6,0.0,14.0,43.9,40239.62
2018-03-27,21.1,10.5,15.7,0.0,9.8,38.9,40357.22
2018-03-28,18.3,11.7,14.7,4.4,17.0,60.8,5338.71
2018-03-29,16.4,5.7,10.1,28.5,28.1,101.9,15565.47
2018-03-30,10.2,4.4,6.5,21.8,17.3,72.7,11561.24
2018-03-31,12.6,3.9,8.8,0.0,9.4,31.3,36213.47
2018-04-01,16.0,5.5,11.0,0.0,10.4,32.8,35972.8
2018-04-02,18.7,6.4,12.8,0.0,12.1,40.3,39600.0
2018-04-03,14.6,7.3,11.7,0.0,10.3,33.1,39074.23
2018-04-04,18.2,6.4,11.7,0.0,11.8,39.6,40876.69
2018-04-05,18.9,6.6,12.7,0.0,11.3,36.4,41012.26
2018-04-06,20.0,7.8,14.4,0.0,11.1,37.4,41150.27
2018-04-07,21.8,7.8,14.7,0.0,14.2,47.9,41021.96
2018-04-08,16.8,10.5,12.9,1.5,10.9,50.0,35580.91
2018-04-09,11.5,4.7,8.6,4.0,12.1,45.4,38894.54
2018-04-10,10.5,3.1,6.8,10.0,11.6,39.6,40618.55
2018-04-11,12.3,3.4,7.8,2.6,12.9,38.2,37935.08
2018-04-12,15.0,4.7,10.3,0.0,16.8,52.2,41280.04
2018-04-13,17.7,10.0,14.0,0.0,14.4,46.4,41667.6
2018-04-14,19.4,11.0,15.0,0.0,14.3,45.4,41921.76
2018-04-15,17.8,12.2,15.1,0.0,13.1,45.0,41922.07
2018-04-16,17.9,9.5,14.2,0.0,12.2,37.8,42305.33
2018-04-17,20.6,7.9,14.4,0.0,11.2,35.3,42726.19
2018-04-18,24.0,9.5,18.2,0.0,10.9,35.6,42859.02
2018-04-19,22.1,10.5,16.0,0.0,12.2,41.4,43151.45
2018-04-20,16.3,9.4,13.0,0.7,19.6,67.7,42554.01
2018-04-21,14.5,8.6,11.0,4.9,19.7,67.7,40828.38
2018-04-22,11.9,4.8,8.8,0.9,20.0,62.3,43545.96
2018-04-23,15.0,5.6,10.6,0.0,13.2,40.7,43999.38
2018-04-24,20.8,7.8,14.3,0.0,14.4,54.0,44188.2
2018-04-25,20.4,12.2,15.7,5.9,23.4,87.1,24457.33
2018-04-26,15.8,9.1,12.7,5.2,13.2,67.7,27719.53
2018-04-27,16.6,7.2,11.8,4.5,11.9,38.5,35677.02
2018-04-28,16.0,9.2,12.6,6.4,15.9,59.0,35174.84
2018-04-29,18.2,9.1,13.8,2.3,9.0,37.4,30063.75
2018-04-30,20.8,9.3,15.4,0.0,10.2,39.2,44740.94
2018-05-01,20.9,13.8,17.0,0.0,21.7,67.3,42812.79
2018-05-02,22.5,12.2,16.8,3.6,17.9,57.2,44236.0
2018-05-03,24.0,12.0,18.0,0.3,14.4,45.4,45083.73
2018-05-04,26.5,13.8,20.2,0.3,13.4,41.8,42556.87
2018-05-05,22.7,12.0,17.5,0.4,13.0,48.6,46085.26
2018-05-06,23.1,8.1,16.5,0.7,10.0,37.8,40499.48
2018-05-07,18.6,11.0,14.3,22.1,15.5,62.6,22821.14
2018-05-08,12.6,8.6,10.4,9.3,11.6,52.9,26124.42
2018-05-09,13.9,7.2,11.0,2.5,15.3,48.6,40536.3
2018-05-10,20.3,7.2,13.9,0.2,9.3,48.6,46458.71
2018-05-11,17.6,11.4,14.7,0.1,16.6,61.2,46505.21
2018-05-12,15.4,9.2,12.1,1.8,16.0,50.8,44162.03
2018-05-13,15.1,8.1,11.5,4.3,13.0,46.1,45702.34
2018-05-14,15.8,7.1,11.7,0.7,13.3,41.0,46637.49
2018-05-15,18.5,7.8,13.6,0.6,13.2,41.8,46679.06
2018-05-16,21.2,9.1,16.0,0.0,10.4,32.4,46719.32
2018-05-17,25.0,12.5,18.8,0.0,13.4,43.9,46758.21
2018-05-18,27.1,15.2,20.8,0.0,14.7,48.6,46795.72
2018-05-19,28.6,15.7,22.5,0.0,14.1,44.3,46800.0
2018-05-20,27.0,19.8,23.8,0.0,14.0,43.9,46800.0
2018-05-21,25.2,17.9,22.1,0.0,15.3,47.9,46800.0
2018-05-22,25.9,19.2,23.2,0.0,10.4,37.8,40337.21
2018-05-23,23.4,14.8,20.1,0.0,14.1,45.7,46800.0
2018-05-24,23.2,12.2,18.2,0.0,15.0,48.2,46800.0
2018-05-25,22.9,13.5,19.4,2.1,13.0,46.1,46800.0
2018-05-26,23.5,13.7,19.0,2.7,11.5,50.4,46530.38
2018-05-27,25.0,13.4,19.9,0.3,10.6,38.2,46800.0
2018-05-28,24.2,16.3,19.8,0.0,9.7,47.2,38696.73
2018-05-29,20.8,13.7,17.2,3.2,11.4,44.6,46800.0
2018-05-30,18.4,11.8,15.3,2.0,12.4,40.7,43011.5
2018-05-31,18.3,10.7,14.7,1.9,13.7,41.8,46800.0
2018-06-01,18.5,10.3,14.0,1.1,16.2,51.1,46800.0
2018-06-02,18.6,10.6,14.6,0.1,14.5,44.3,45355.73
2018-06-03,19.2,10.3,15.4,0.2,13.4,41.8,46800.0
2018-06-04,20.4,10.9,15.5,0.6,12.5,39.2,46800.0
2018-06-05,21.1,11.9,17.3,0.1,12.8,41.0,46800.0
2018-06-06,25.5,12.6,19.5,0.0,10.2,37.8,46800.0
2018-06-07,29.9,15.7,23.3,0.0,10.2,37.8,46869.37
2018-06-08,27.6,17.1,23.5,0.0,14.6,46.4,46866.41
2018-06-09,26.1,16.1,22.0,0.0,15.7,51.1,46957.94
2018-06-10,26.0,16.8,22.2,0.0,14.7,46.8,47052.28
2018-06-11,21.4,14.6,18.1,0.0,15.9,51.1,46800.0
2018-06-12,19.0,13.9,15.8,5.8,14.8,46.1,33483.91
2018-06-13,19.4,11.3,15.6,2.6,13.3,42.8,46800.0
2018-06-14,22.0,12.6,17.7,0.2,14.4,49.0,47050.45
2018-06-15,22.3,14.8,19.1,0.0,12.3,40.0,47151.42
2018-06-16,28.9,19.1,24.1,0.5,12.4,51.1,43200.0
2018-06-17,22.4,13.6,18.8,0.0,14.6,56.9,47255.29
2018-06-18,20.9,13.9,17.1,0.1,15.2,48.2,46942.99
2018-06-19,21.3,13.8,17.2,0.7,13.1,41.0,46836.14
2018-06-20,20.8,12.6,17.3,0.0,14.3,46.8,47257.48
2018-06-21,21.5,12.6,17.2,0.0,14.2,46.4,47257.95
2018-06-22,22.2,12.5,17.6,0.0,18.5,60.1,47365.51
2018-06-23,22.3,12.7,17.8,0.0,17.7,55.1,47366.3
2018-06-24,21.8,15.1,18.0,0.0,15.0,46.8,47366.95
2018-06-25,23.1,14.9,18.7,0.0,12.3,39.2,47476.03
2018-06-26,25.0,16.8,20.2,0.0,11.8,37.8,47476.69
2018-06-27,28.7,15.3,22.4,0.0,12.6,40.0,47477.14
2018-06-28,25.6,17.3,22.4,0.0,13.6,45.0,47149.28
2018-06-29,20.7,13.6,17.0,0.0,15.2,49.3,47149.02
2018-06-30,21.1,13.6,17.1,0.0,13.6,42.5,47367.7
2018-07-01,23.7,13.4,18.6,0.0,10.1,34.2,47476.75
2018-07-02,26.4,13.9,21.0,0.0,9.1,31.3,47585.32
2018-07-03,25.2,18.8,21.5,0.0,11.3,37.4,47475.2
2018-07-04,25.5,17.5,21.6,0.0,11.9,39.2,47474.14
2018-07-05,26.4,18.9,22.8,0.0,15.1,47.9,47472.87
2018-07-06,26.1,19.1,22.7,0.0,17.1,54.0,47471.39
2018-07-07,26.0,16.5,22.4,0.0,15.8,48.6,47469.7
2018-07-08,26.3,18.0,22.6,0.0,13.4,41.0,47467.8
2018-07-09,26.0,17.6,22.1,0.0,12.6,40.0,47446.73
2018-07-10,24.9,17.5,20.9,0.0,13.2,41.8,47518.2
2018-07-11,23.9,16.1,19.7,0.0,15.8,49.0,47273.39
2018-07-12,23.1,16.0,19.1,0.0,13.9,43.2,47238.26
2018-07-13,24.0,14.7,19.2,0.0,18.5,55.8,46996.92
2018-07-14,26.1,16.8,21.6,0.0,17.1,54.4,47063.7
2018-07-15,25.2,16.9,21.7,0.0,17.0,52.6,47027.12
2018-07-16,26.2,18.4,22.7,0.0,15.3,49.3,46989.84
2018-07-17,25.4,17.2,21.8,0.0,16.3,51.8,46951.95
2018-07-18,25.8,18.3,22.4,0.0,15.0,47.5,46913.45
2018-07-19,25.8,17.5,21.5,0.0,15.1,50.4,46779.43
2018-07-20,23.8,15.7,19.4,0.0,16.3,51.1,46401.18
2018-07-21,22.8,13.7,18.4,0.9,17.7,53.3,46364.62
2018-07-22,24.2,16.2,20.4,0.0,16.2,52.2,46484.81
2018-07-23,25.7,19.2,22.6,0.0,16.1,52.2,46449.68
2018-07-24,28.1,15.7,23.5,0.0,16.4,53.6,46414.02
2018-07-25,29.4,18.8,25.1,0.0,16.3,54.7,46377.57
2018-07-26,24.5,16.4,20.7,0.0,13.9,46.1,46259.04
2018-07-27,23.1,16.1,19.3,0.0,15.0,47.5,46223.46
2018-07-28,22.2,14.8,18.2,0.0,16.9,52.2,44531.48
2018-07-29,21.8,14.5,18.6,1.7,17.6,53.6,43715.9
2018-07-30,23.3,12.6,18.4,0.0,15.1,45.7,46023.79
2018-07-31,23.1,14.0,18.7,0.0,16.6,50.8,45984.08
2018-08-01,22.7,15.5,18.7,0.0,15.9,49.3,45944.16
2018-08-02,24.1,15.7,19.5,0.0,18.1,56.5,45904.04
2018-08-03,25.4,17.1,21.4,0.4,15.8,50.8,45863.78
2018-08-04,25.8,17.3,21.5,0.0,14.7,46.1,45823.41
2018-08-05,24.6,16.7,20.4,0.0,12.6,40.0,45782.99
2018-08-06,24.0,16.8,19.9,0.0,13.2,41.0,45742.55
2018-08-07,23.5,14.9,19.3,0.0,15.3,47.2,45702.13
2018-08-08,24.8,14.4,19.8,0.0,16.3,50.8,45661.76
2018-08-09,26.5,18.6,22.0,0.0,16.9,54.7,45621.49
2018-08-10,25.9,18.2,22.0,0.0,15.5,48.6,45581.36
2018-08-11,26.3,19.4,22.4,0.0,15.5,47.9,45541.39
2018-08-12,25.8,17.8,22.0,0.0,17.1,54.0,45501.64
2018-08-13,24.5,16.7,20.4,0.0,18.0,55.8,45461.93
2018-08-14,23.7,14.1,19.3,0.0,17.9,55.1,45421.72
2018-08-15,24.9,14.4,20.2,0.0,14.5,44.6,45318.52
2018-08-16,25.6,18.9,21.7,0.0,13.2,42.1,45213.98
2018-08-17,24.4,17.1,20.9,0.0,13.5,43.2,45108.18
2018-08-18,23.5,17.3,19.7,0.0,14.8,48.2,45001.2
2018-08-19,23.7,15.9,19.1,0.0,14.2,43.9,44409.18
2018-08-20,24.3,15.9,19.8,0.0,12.9,40.7,44456.56
2018-08-21,24.4,17.2,20.3,0.0,12.8,39.6,44250.48
2018-08-22,23.7,14.6,19.6,0.0,15.0,45.7,42518.51
2018-08-23,26.2,17.9,21.8,0.0,13.8,43.9,44086.73
2018-08-24,27.4,19.1,22.6,0.0,12.1,38.2,44003.12
2018-08-25,26.7,17.1,22.1,0.0,13.0,41.8,43800.07
2018-08-26,22.5,15.2,18.8,0.0,16.3,50.0,43482.34
2018-08-27,22.6,13.9,18.2,0.0,15.2,47.2,42824.56
2018-08-28,24.0,15.6,19.2,0.0,13.0,41.0,42220.08
2018-08-29,27.4,14.0,21.1,0.0,8.8,31.7,43122.8
2018-08-30,27.9,17.3,22.7,0.0,8.9,32.0,42930.31
2018-08-31,27.8,18.0,22.9,0.0,10.3,36.4,42849.12
2018-09-01,28.5,19.6,24.3,0.0,9.4,31.0,42660.43
2018-09-02,27.0,20.1,23.1,0.0,11.4,37.4,42473.72
2018-09-03,27.3,17.6,22.2,0.0,14.5,47.5,42495.34
2018-09-04,27.7,19.5,23.4,0.0,15.2,47.9,42309.3
2018-09-05,26.1,18.5,21.7,0.0,13.5,43.2,42125.61
2018-09-06,23.0,15.9,19.3,0.0,16.3,51.8,41246.0
2018-09-07,21.0,15.6,17.8,1.9,16.2,50.4,39717.83
2018-09-08,22.1,14.0,17.2,0.2,15.9,48.6,40006.06
2018-09-09,21.8,13.1,16.7,2.3,13.1,39.2,39320.98
2018-09-10,21.7,12.3,17.1,0.0,14.3,43.9,40597.45
2018-09-11,23.9,12.1,18.5,0.0,11.8,37.1,40462.15
2018-09-12,28.5,14.8,21.2,0.0,11.7,41.4,40370.83
2018-09-13,25.8,16.8,21.4,0.0,9.9,45.4,36767.29
2018-09-14,21.4,14.3,17.5,0.0,14.2,47.9,39920.07
2018-09-15,21.6,11.6,16.7,0.0,13.0,40.7,39900.93
2018-09-16,22.9,12.9,18.0,0.0,12.5,40.3,39675.71
2018-09-17,24.8,13.6,19.2,0.0,10.8,34.2,39605.27
2018-09-18,25.5,13.8,19.2,0.0,11.4,35.6,39610.31
2018-09-19,23.4,14.9,18.6,0.0,14.0,41.4,39600.0
2018-09-20,23.8,14.9,19.2,0.0,13.6,41.0,39600.0
2018-09-21,22.7,13.3,18.0,0.0,11.9,37.8,39600.0
2018-09-22,23.5,14.2,19.0,0.0,11.1,36.4,39600.0
2018-09-23,24.5,15.0,19.9,0.0,12.2,38.9,39600.0
2018-09-24,26.8,13.7,20.5,0.0,9.5,31.3,39600.0
2018-09-25,25.6,14.9,19.5,0.0,11.3,36.7,39600.0
2018-09-26,23.2,15.7,18.9,0.0,12.6,39.6,39600.0
2018-09-27,22.6,13.3,17.8,0.0,11.2,34.6,39600.0
2018-09-28,25.3,13.2,19.6,0.0,11.6,37.8,39600.0
2018-09-29,27.5,18.1,22.3,0.0,15.3,49.0,39600.0
2018-09-30,29.0,17.4,22.6,0.0,11.9,40.0,39534.74
2018-10-01,24.4,16.3,20.4,1.7,14.0,41.4,29372.3
2018-10-02,24.3,13.9,18.9,0.0,9.7,32.4,39366.66
2018-10-03,25.3,14.6,20.4,0.0,9.1,33.5,39283.16
2018-10-04,23.5,15.0,19.4,0.0,12.0,38.9,39200.16
2018-10-05,22.4,12.8,17.5,0.0,12.6,39.2,39117.75
2018-10-06,23.2,12.7,17.6,0.0,12.2,37.1,37927.25
2018-10-07,21.7,14.0,17.1,0.0,8.3,29.9,15325.9
2018-10-08,20.4,12.3,16.2,1.2,11.5,36.4,38834.09
2018-10-09,20.3,10.5,14.8,0.4,9.8,40.0,35005.97
2018-10-10,20.2,9.5,15.0,0.3,11.0,34.9,35997.32
2018-10-11,20.9,10.5,15.4,0.2,10.5,38.9,38029.65
2018-10-12,19.9,10.8,15.0,2.5,10.0,40.7,32925.03
2018-10-13,19.5,10.0,14.3,0.1,11.0,32.8,38207.52
2018-10-14,21.6,11.0,15.8,0.0,10.2,32.4,37567.23
2018-10-15,21.5,11.8,16.3,0.2,11.1,34.9,32890.33
2018-10-16,20.9,13.6,16.7,0.3,10.4,47.5,35570.97
2018-10-17,20.9,12.1,16.0,0.5,10.2,47.2,36844.05
2018-10-18,21.9,12.0,16.4,0.0,9.1,28.8,35733.28
2018-10-19,22.3,12.1,16.2,0.0,10.9,33.5,36340.57
2018-10-20,20.5,12.5,15.8,0.7,7.2,33.5,34796.51
2018-10-21,18.0,11.1,14.1,1.7,11.0,35.6,35537.29
2018-10-22,22.3,9.5,15.9,0.1,10.5,40.7,35447.3
2018-10-23,22.9,14.4,17.9,1.2,17.9,60.8,29533.87
2018-10-24,22.8,14.0,17.7,0.0,11.9,56.9,32516.64
2018-10-25,17.7,11.3,13.9,47.3,19.4,91.8,28656.72
2018-10-26,11.1,5.9,8.5,20.6,27.9,94.0,23378.34
2018-10-27,14.8,4.0,9.5,0.0,7.6,30.2,35650.52
2018-10-28,17.3,5.2,10.2,0.0,11.1,37.1,35589.16
2018-10-29,19.2,5.7,11.4,0.0,10.5,34.9,35425.18
2018-10-30,19.3,6.4,11.8,0.0,10.6,34.9,35363.9
2018-10-31,18.9,6.8,11.8,0.0,13.5,44.6,35206.25
2018-11-01,20.4,6.0,12.2,0.0,9.6,36.0,35053.13
2018-11-02,19.6,6.8,12.1,0.0,10.7,38.9,34904.62
2018-11-03,18.3,6.3,11.7,0.0,13.8,58.0,34846.39
2018-11-04,14.3,6.6,9.8,3.2,14.0,54.7,34176.3
2018-11-05,12.2,5.3,8.7,1.7,10.6,31.3,12650.68
2018-11-06,13.8,5.5,9.1,0.2,11.9,37.8,34020.62
2018-11-07,14.2,6.2,9.5,0.2,8.5,28.1,33879.03
2018-11-08,15.0,6.2,10.0,0.3,10.0,32.4,34249.66
2018-11-09,14.7,6.7,10.1,0.8,12.4,40.7,32479.07
2018-11-10,14.5,7.8,10.4,2.3,15.0,47.9,32158.81
2018-11-11,13.5,6.9,9.5,3.1,7.8,35.3,31686.33
2018-11-12,12.9,5.5,8.8,0.8,8.7,27.7,32982.9
2018-11-13,14.6,4.5,9.3,0.1,13.0,42.1,28219.66
2018-11-14,12.7,5.0,9.0,2.6,10.9,35.6,32867.71
2018-11-15,11.8,3.3,7.7,0.0,12.8,38.9,33416.75
2018-11-16,11.1,3.1,7.5,4.7,15.9,68.0,19353.58
2018-11-17,13.4,3.7,8.0,0.0,9.2,29.5,32551.85
2018-11-18,16.3,5.5,10.5,0.0,10.7,34.9,33063.16
2018-11-19,17.1,7.2,11.8,0.0,10.2,40.7,26721.99
2018-11-20,16.7,5.8,10.3,0.0,9.7,30.6,32946.1
2018-11-21,14.6,7.0,10.8,1.1,9.7,30.6,19630.55
2018-11-22,13.0,8.9,10.4,9.2,15.2,48.2,21652.26
2018-11-23,11.1,5.4,8.3,4.4,11.3,35.6,10734.19
2018-11-24,12.1,4.1,7.0,0.2,11.2,37.4,32255.95
2018-11-25,10.6,3.9,7.2,0.6,11.9,38.5,32400.0
2018-11-26,12.0,5.7,8.4,1.2,12.6,38.9,22407.11
2018-11-27,15.2,4.8,9.0,0.3,12.7,40.7,27953.02
2018-11-28,17.1,7.6,11.4,0.0,15.1,47.2,30565.17
2018-11-29,17.0,9.9,12.4,0.1,12.0,43.6,21895.87
2018-11-30,13.1,5.4,9.5,3.5,8.0,41.8,32400.0
2018-12-01,11.1,4.4,7.3,0.5,10.4,32.8,21704.98
2018-12-02,13.2,4.1,8.1,0.0,9.1,35.6,32400.0
2018-12-03,13.1,5.7,9.2,0.0,18.4,60.1,21594.8
2018-12-04,11.2,5.1,8.3,13.1,10.0,47.9,18347.57
2018-12-05,9.9,4.3,6.7,1.9,13.1,44.6,8138.38
2018-12-06,9.4,4.8,6.7,4.2,18.2,56.2,9249.32
2018-12-07,8.3,4.5,6.1,7.7,11.2,43.2,14551.92
2018-12-08,9.6,4.4,6.8,6.9,12.3,44.6,26154.05
2018-12-09,9.7,4.0,7.2,6.4,10.8,41.8,20723.48
2018-12-10,10.1,4.4,7.2,4.4,11.9,47.5,21154.13
2018-12-11,8.7,6.5,8.0,15.8,12.3,51.5,2681.06
2018-12-12,8.7,5.8,7.7,24.9,24.6,87.8,7021.1
2018-12-13,7.2,2.5,5.1,1.8,21.1,69.1,29498.7
2018-12-14,9.9,0.5,4.6,0.0,8.4,32.8,32316.2
2018-12-15,11.8,2.3,6.6,0.0,16.5,59.0,32275.48
2018-12-16,13.0,6.3,9.1,1.6,17.2,59.0,19302.34
2018-12-17,10.1,4.9,6.9,3.8,7.9,38.2,25733.19
2018-12-18,11.2,5.3,8.0,4.6,10.4,43.2,26523.39
2018-12-19,9.9,5.1,6.7,6.2,13.4,45.4,19065.75
2018-12-20,7.7,2.2,5.0,13.1,13.7,50.0,23031.21
2018-12-21,9.2,1.4,5.0,0.0,11.6,36.0,32056.97
2018-12-22,9.2,0.8,4.5,0.0,13.1,40.3,31430.04
2018-12-23,9.8,0.8,5.4,0.8,11.6,35.6,31996.4
2018-12-24,9.0,2.8,6.3,6.2,15.8,50.0,21052.04
2018-12-25,11.9,1.9,5.9,0.0,8.0,27.0,31943.3
2018-12-26,9.0,1.7,5.8,6.5,12.4,44.3,14315.42
2018-12-27,6.8,1.3,4.5,30.3,16.8,70.9,692.96
2018-12-28,4.8,1.7,2.8,12.9,17.2,64.4,21108.0
2018-12-29,6.4,1.0,3.6,3.3,8.4,29.2,17385.47
2018-12-30,6.2,2.2,4.0,6.4,10.0,49.0,20843.87
2018-12-31,6.4,2.7,4.0,6.9,14.2,51.8,24828.78
2019-01-01,9.7,2.1,5.5,0.1,20.0,64.1,31825.0
2019-01-02,8.1,0.0,3.8,2.4,13.0,55.8,23399.59
2019-01-03,7.1,2.3,4.7,9.5,16.5,55.8,22490.83
2019-01-04,9.3,1.0,5.2,0.1,11.4,39.2,31903.69
2019-01-05,8.8,-0.7,4.0,0.6,11.9,38.2,30568.59
2019-01-06,4.5,0.3,2.6,36.1,24.9,86.0,4468.65
2019-01-07,1.6,-0.1,0.9,48.1,19.2,87.8,0.0
2019-01-08,2.4,-0.6,1.1,42.5,17.3,83.2,0.0
2019-01-09,0.8,-1.7,-0.4,12.5,23.1,92.9,16630.15
2019-01-10,3.0,-2.3,0.0,0.5,9.8,42.8,30095.23
2019-01-11,3.9,-4.5,-0.8,0.0,16.2,47.2,32370.45
2019-01-12,7.1,-4.1,0.5,0.0,13.7,43.2,32388.49
2019-01-13,5.3,-1.2,2.8,22.7,14.1,63.4,25060.61
2019-01-14,5.3,1.5,3.0,9.7,9.5,47.9,25326.7
2019-01-15,7.0,0.8,3.7,1.0,15.5,54.4,32664.44
2019-01-16,3.8,-1.0,1.6,25.3,13.7,65.2,5997.06
2019-01-17,2.2,-3.4,-0.2,10.0,21.8,76.7,30902.99
2019-01-18,3.4,-3.7,-0.2,0.0,12.7,45.4,32397.35
2019-01-19,5.4,-6.5,-0.5,0.0,6.7,22.3,33016.07
2019-01-20,8.9,-1.4,3.2,0.0,11.7,46.8,31748.96
2019-01-21,9.9,0.7,4.9,0.0,12.0,47.9,33337.1
2019-01-22,10.4,0.8,5.0,1.1,8.2,26.6,33633.18
2019-01-23,9.8,-0.9,4.2,0.0,15.0,58.7,33939.52
2019-01-24,12.9,3.1,6.7,0.0,16.8,62.6,33992.41
2019-01-25,10.2,1.9,5.7,0.1,14.2,54.0,33340.33
2019-01-26,13.8,3.1,7.9,0.0,12.7,53.3,34252.23
2019-01-27,10.8,5.2,8.0,0.1,10.3,39.6,34353.54
2019-01-28,4.9,0.5,3.1,5.0,14.5,54.7,15750.53
2019-01-29,8.6,3.0,5.3,2.4,13.2,51.5,29844.13
2019-01-30,10.4,2.0,6.5,0.3,22.9,76.0,34667.57
2019-01-31,8.0,-0.0,4.3,1.3,12.4,39.2,25577.36
2019-02-01,7.0,-1.2,3.3,3.7,17.7,55.1,18698.13
2019-02-02,8.2,-0.0,4.0,0.3,9.9,37.1,32692.88
2019-02-03,11.6,-0.7,4.7,0.0,12.2,38.9,35006.41
2019-02-04,12.6,3.2,7.4,0.0,17.4,58.0,35068.89
2019-02-05,13.5,4.9,8.9,0.2,26.4,81.4,35130.89
2019-02-06,13.0,8.3,10.1,10.8,23.9,97.6,9425.55
2019-02-07,11.2,4.8,8.4,14.2,20.1,99.4,25986.12
2019-02-08,9.0,3.3,5.8,3.6,13.0,40.7,28199.52
2019-02-09,6.1,3.4,4.5,7.8,14.0,57.6,1929.81
2019-02-10,5.8,2.2,3.7,10.1,9.4,42.1,9173.15
2019-02-11,6.6,-0.9,3.2,0.6,14.8,45.7,33699.19
2019-02-12,8.4,-1.8,3.5,0.8,11.7,35.3,28202.97
2019-02-13,11.2,2.2,6.6,0.0,20.5,64.1,34850.77
2019-02-14,6.5,1.6,4.6,6.3,13.7,61.6,21204.06
2019-02-15,5.9,0.2,2.5,8.6,15.2,54.7,21142.27
2019-02-16,5.9,1.6,3.6,6.9,11.6,47.2,10845.97
2019-02-17,5.9,-0.6,2.8,3.2,10.5,35.3,32751.38
2019-02-18,6.0,-2.3,2.0,3.7,12.7,36.0,25858.93
2019-02-19,8.3,-0.7,3.9,0.0,13.9,42.8,35962.78
2019-02-20,8.0,1.0,4.3,1.5,10.7,32.4,33582.84
2019-02-21,7.7,0.8,3.7,0.9,9.9,29.2,36000.0
2019-02-22,8.8,-1.3,3.1,0.5,8.1,31.0,36141.43
2019-02-23,8.8,-0.1,3.6,0.5,7.7,33.5,36233.38
2019-02-24,10.2,0.9,4.8,0.4,10.6,37.4,36331.0
2019-02-25,15.1,2.3,8.7,0.0,13.6,54.0,36433.98
2019-02-26,12.3,4.1,8.6,8.2,20.6,77.4,32741.62
2019-02-27,6.4,3.7,4.8,18.3,22.1,82.4,16749.98
2019-02-28,3.8,-2.0,1.2,17.1,24.5,87.5,10573.3
2019-03-01,5.6,-1.5,2.0,1.0,20.1,64.1,35749.67
2019-03-02,7.2,3.3,4.8,9.3,13.8,44.6,25975.9
2019-03-03,6.8,1.1,4.5,11.4,10.3,50.0,14688.59
2019-03-04,8.7,1.3,4.9,2.1,14.3,44.6,33199.71
2019-03-05,9.0,1.5,4.6,0.7,8.9,28.1,33597.97
2019-03-06,9.3,-0.5,4.5,0.0,13.7,44.3,37825.61
2019-03-07,6.9,1.6,4.7,4.0,25.3,81.4,20938.61
2019-03-08,9.9,-0.7,4.5,0.0,15.5,51.1,38301.63
2019-03-09,12.2,-0.3,5.9,0.0,9.8,28.1,38382.13
2019-03-10,10.9,3.1,7.1,0.0,14.7,47.2,38463.02
2019-03-11,11.8,-0.4,6.1,0.0,11.3,37.1,38544.21
2019-03-12,15.6,2.3,9.9,0.0,12.7,50.0,35225.99
2019-03-13,15.9,5.7,10.7,1.8,13.1,51.1,35260.62
2019-03-14,7.5,1.7,4.5,4.6,15.6,52.2,35027.35
2019-03-15,8.6,1.8,5.3,5.5,13.8,56.5,28803.71
2019-03-16,5.5,2.8,3.9,12.4,13.4,48.2,5276.94
2019-03-17,8.4,3.2,5.3,5.2,23.7,73.1,36028.35
2019-03-18,11.1,3.0,7.9,0.2,14.5,46.4,39332.45
2019-03-19,15.1,5.2,10.0,0.0,11.4,35.6,39510.44
2019-03-20,15.3,5.7,10.0,0.2,9.8,36.4,39483.45
2019-03-21,14.8,5.9,9.9,1.3,12.0,40.7,39452.2
2019-03-22,13.9,5.2,9.4,1.7,8.3,32.4,39431.59
2019-03-23,13.5,5.2,8.9,3.2,10.2,33.1,34559.86
2019-03-24,11.1,4.7,8.1,0.6,15.5,49.3,33378.07
2019-03-25,7.3,1.8,4.4,2.5,20.4,62.3,31330.46
2019-03-26,8.1,0.7,4.6,1.8,15.6,47.9,33721.01
2019-03-27,8.6,4.3,6.0,5.8,17.0,52.9,33561.6
2019-03-28,10.9,3.1,7.2,0.7,12.3,38.9,36302.07
2019-03-29,10.4,5.2,7.5,8.5,13.7,64.8,4779.66
2019-03-30,10.3,5.1,7.2,12.1,14.9,59.0,26758.37
2019-03-31,8.2,1.4,5.1,34.6,14.2,58.0,1268.44
2019-04-01,8.3,1.2,5.4,17.8,13.2,46.1,26480.99
2019-04-02,8.4,2.4,5.9,4.5,12.0,45.4,32043.76
2019-04-03,10.3,1.2,5.8,0.8,9.4,31.0,40357.91
2019-04-04,12.9,2.2,7.9,1.8,10.5,34.2,39600.0
2019-04-05,10.9,4.4,7.7,3.4,12.6,38.9,38361.88
2019-04-06,14.4,3.6,8.9,2.0,10.4,34.6,27607.49
2019-04-07,16.1,7.5,12.1,9.2,10.4,48.6,40886.96
2019-04-08,16.4,6.3,12.0,0.4,12.8,39.6,41296.24
2019-04-09,16.0,3.2,10.2,0.0,11.9,38.2,40927.46
2019-04-10,11.1,5.3,8.2,1.6,14.8,46.8,38439.61
2019-04-11,11.4,1.9,7.0,0.0,11.6,37.4,39791.75
2019-04-12,15.9,3.4,9.9,0.0,8.6,28.1,41001.54
2019-04-13,19.5,7.1,13.6,0.0,17.7,55.8,41101.14
2019-04-14,18.6,7.6,13.9,0.0,16.1,59.0,40285.35
2019-04-15,14.6,6.8,10.5,1.1,12.3,42.1,21660.48
2019-04-16,11.1,4.5,7.6,10.9,17.3,66.2,29357.81
2019-04-17,9.5,4.4,7.0,11.7,13.3,55.4,18393.2
2019-04-18,10.1,3.4,6.6,1.1,14.8,47.2,37483.18
2019-04-19,7.4,3.4,5.3,10.1,16.0,58.3,15589.93
2019-04-20,8.6,3.9,6.0,7.8,17.0,57.2,32336.23
2019-04-21,4.9,-0.3,2.6,16.2,18.3,71.3,15173.24
2019-04-22,7.9,-1.0,3.9,3.6,25.9,79.6,30878.96
2019-04-23,10.6,-1.0,5.7,0.0,14.0,45.7,43745.98
2019-04-24,15.9,3.7,9.8,0.0,9.7,33.5,44039.52
2019-04-25,17.4,5.2,12.8,0.0,12.8,40.7,44368.65
2019-04-26,17.8,6.2,12.6,0.5,10.3,31.7,43425.98
2019-04-27,17.0,8.1,12.4,1.4,12.3,41.8,25008.79
2019-04-28,18.5,6.8,13.2,0.0,10.7,33.5,44959.17
2019-04-29,22.2,8.8,16.0,0.0,11.0,33.1,45013.86
2019-04-30,21.8,10.5,16.1,0.3,12.7,46.4,40276.64
2019-05-01,21.4,11.3,17.0,0.5,10.6,36.7,45664.04
2019-05-02,22.7,12.7,17.8,1.4,17.5,77.4,45021.93
2019-05-03,15.9,6.2,12.3,0.0,16.6,62.3,44458.1
2019-05-04,15.9,5.9,10.8,0.1,13.4,42.8,45743.11
2019-05-05,22.9,8.0,15.9,0.0,12.1,39.2,43068.2
2019-05-06,26.6,13.8,19.2,0.4,14.0,52.6,28006.85
2019-05-07,16.2,6.8,11.8,0.1,17.2,54.0,46253.35
2019-05-08,12.7,5.5,9.0,1.2,14.6,46.8,46347.8
2019-05-09,12.0,3.1,7.6,2.0,13.9,44.3,39534.63
2019-05-10,13.7,3.2,8.6,0.5,14.3,47.9,41626.12
2019-05-11,17.8,5.1,12.7,0.0,8.8,30.6,46495.06
2019-05-12,21.9,9.1,16.3,0.0,11.6,35.6,46541.2
2019-05-13,24.3,10.6,17.6,0.0,11.2,35.3,46585.99
2019-05-14,26.7,11.8,20.7,0.0,11.6,37.1,46629.38
2019-05-15,29.9,14.8,22.5,0.0,12.9,46.1,44526.28
2019-05-16,27.3,15.6,21.9,0.0,12.6,50.4,46711.75
2019-05-17,28.0,15.3,21.7,0.0,10.0,38.9,46750.64
2019-05-18,20.1,13.5,16.4,0.0,14.3,46.8,46787.91
2019-05-19,18.9,10.7,15.0,0.0,12.9,41.4,46800.0
2019-05-20,23.0,9.9,17.8,0.0,14.8,46.4,46800.0
2019-05-21,25.8,20.2,22.7,0.0,13.8,45.0,46800.0
2019-05-22,28.0,17.2,23.4,0.0,15.1,50.4,46800.0
2019-05-23,30.8,16.6,25.7,0.0,14.8,47.2,46800.0
2019-05-24,31.2,18.7,25.8,0.0,12.8,55.1,41323.53
2019-05-25,23.2,14.3,19.6,0.0,11.2,42.8,46800.0
2019-05-26,22.5,13.7,18.0,0.0,11.5,38.9,46800.0
2019-05-27,25.4,13.1,20.1,0.0,8.7,30.2,45233.85
2019-05-28,28.6,14.9,22.8,0.0,13.0,42.5,46800.0
2019-05-29,30.0,16.7,24.2,0.0,13.9,45.0,46800.0
2019-05-30,30.8,22.2,26.7,0.0,15.0,46.8,46800.0
2019-05-31,30.8,18.1,26.1,0.0,12.8,41.0,43677.57
2019-06-01,28.7,17.7,24.2,0.0,12.4,41.4,46800.0
2019-06-02,27.6,18.2,23.5,0.0,13.5,43.2,46800.0
2019-06-03,27.5,17.0,22.5,0.0,17.1,52.2,46800.0
2019-06-04,28.2,19.1,23.1,0.0,16.8,57.2,46342.94
2019-06-05,28.2,18.4,23.9,0.0,15.5,48.6,43164.04
2019-06-06,26.3,19.6,23.0,0.8,7.1,41.0,35646.61
2019-06-07,25.3,16.3,21.3,0.0,15.8,46.1,46800.0
2019-06-08,28.2,16.8,22.5,0.0,10.7,46.1,46867.43
2019-06-09,23.6,16.8,20.5,0.0,13.2,43.2,46958.54
2019-06-10,24.0,13.7,19.7,0.0,12.6,41.4,47052.39
2019-06-11,24.8,14.2,20.4,0.0,17.9,60.1,47148.82
2019-06-12,22.8,15.1,19.8,0.5,13.9,45.4,46953.74
2019-06-13,20.2,13.1,16.4,2.1,12.8,45.0,46951.98
2019-06-14,21.1,12.4,16.8,0.7,15.1,46.4,46950.17
2019-06-15,22.6,12.7,18.1,0.1,13.4,41.0,47354.34
2019-06-16,22.8,13.5,18.7,1.0,12.6,41.4,47356.67
2019-06-17,21.8,14.1,17.9,0.8,14.9,47.5,47048.2
2019-06-18,21.3,13.5,17.6,3.8,16.5,51.5,47047.31
2019-06-19,20.7,14.5,17.7,1.8,15.2,49.0,46941.14
2019-06-20,22.2,13.0,17.7,0.0,16.0,52.9,47575.62
2019-06-21,22.5,13.4,18.1,0.0,13.8,44.3,47578.17
2019-06-22,23.1,13.3,18.3,0.0,13.6,42.8,47365.73
2019-06-23,25.2,15.5,20.9,0.0,12.7,41.0,47582.24
2019-06-24,28.3,18.0,23.4,0.0,11.9,37.8,47800.4
2019-06-25,30.2,16.9,24.6,0.0,10.2,34.2,47693.66
2019-06-26,29.8,20.0,25.2,0.0,13.2,40.7,47694.8
2019-06-27,26.2,18.0,22.4,0.0,14.7,46.1,47804.71
2019-06-28,23.9,16.5,20.2,0.0,14.5,45.7,47805.17
2019-06-29,24.7,16.2,20.5,0.0,15.7,50.4,47586.57
2019-06-30,25.0,16.4,20.9,0.0,13.2,43.2,47695.66
2019-07-01,25.8,15.0,20.4,0.0,16.7,50.8,47695.09
2019-07-02,24.2,15.8,19.8,0.0,16.5,51.1,47912.52
2019-07-03,24.5,16.9,20.2,0.0,17.6,54.4,47802.0
2019-07-04,25.9,16.9,21.1,0.0,13.4,43.2,47800.25
2019-07-05,25.3,17.3,21.1,0.0,13.8,44.6,47798.1
2019-07-06,26.9,16.3,22.0,0.0,16.4,51.5,47795.54
2019-07-07,26.2,19.5,22.7,0.0,16.3,51.1,47685.09
2019-07-08,26.0,16.4,21.7,0.0,17.4,55.4,47682.22
2019-07-09,26.5,19.6,23.2,0.0,17.1,54.4,47769.16
2019-07-10,26.9,19.7,23.0,0.0,15.9,51.8,47627.63
2019-07-11,27.5,20.0,24.1,0.0,15.5,49.7,47591.37
2019-07-12,27.3,16.9,23.1,0.0,20.3,67.7,47450.16
2019-07-13,23.7,16.2,19.4,0.0,16.6,52.6,47412.91
2019-07-14,24.8,14.4,19.7,0.0,13.9,45.4,47374.9
2019-07-15,23.1,15.7,19.0,0.0,16.8,53.3,46730.65
2019-07-16,24.7,14.7,19.8,0.0,18.5,60.1,47196.91
2019-07-17,32.0,15.8,24.2,0.0,22.3,80.3,47158.06
2019-07-18,23.7,16.6,19.9,0.0,17.9,57.6,46633.73
2019-07-19,23.2,14.8,19.0,0.0,16.3,50.4,46696.29
2019-07-20,23.9,14.4,19.4,0.0,17.4,53.6,46942.5
2019-07-21,24.8,15.5,20.5,0.0,16.6,52.6,46809.0
2019-07-22,27.4,17.4,22.8,0.0,15.9,50.0,46858.52
2019-07-23,27.2,16.1,22.2,0.0,14.5,45.7,46726.44
2019-07-24,26.2,14.6,21.1,0.0,14.8,46.8,46683.54
2019-07-25,26.3,17.5,21.8,0.0,13.0,42.1,46555.54
2019-07-26,25.7,17.2,21.4,0.0,15.3,47.5,46431.11
2019-07-27,26.2,17.2,21.5,0.0,17.2,54.0,46389.86
2019-07-28,25.4,17.3,21.3,0.0,16.9,52.9,46347.76
2019-07-29,25.6,19.0,22.0,0.0,14.8,46.1,46157.0
2019-07-30,29.3,16.4,23.6,0.0,13.3,42.1,46118.93
2019-07-31,29.8,15.6,24.3,0.0,12.3,40.7,46080.27
2019-08-01,28.1,18.4,23.7,0.0,13.4,42.1,45976.2
2019-08-02,24.9,17.0,20.6,0.0,16.9,53.6,45910.42
2019-08-03,24.5,16.9,20.5,0.0,15.8,50.8,45870.35
2019-08-04,26.8,18.3,22.6,0.0,15.5,49.3,45830.34
2019-08-05,27.3,18.7,22.8,0.0,15.1,47.2,45790.46
2019-08-06,25.5,16.8,20.7,0.0,15.4,49.0,45750.75
2019-08-07,25.2,14.8,19.9,0.0,15.3,47.2,45711.25
2019-08-08,25.2,15.9,20.4,0.0,17.1,52.6,45671.74
2019-08-09,25.6,17.7,21.1,0.0,18.1,55.8,45632.1
2019-08-10,25.4,17.0,21.0,0.0,17.4,53.3,45592.36
2019-08-11,25.7,16.6,21.7,0.0,15.0,46.1,45552.52
2019-08-12,27.1,17.7,22.7,0.0,15.3,47.9,45512.61
2019-08-13,27.5,19.8,23.5,0.0,17.6,55.1,45472.64
2019-08-14,26.6,19.4,22.8,0.0,15.8,47.9,45432.62
2019-08-15,24.4,17.3,21.5,0.0,18.3,57.6,45341.23
2019-08-16,27.0,16.7,22.5,0.0,19.5,64.1,45236.02
2019-08-17,25.4,17.7,21.2,0.0,16.2,52.2,45129.82
2019-08-18,24.4,14.3,20.1,0.0,15.3,48.2,45022.73
2019-08-19,25.4,13.7,19.2,0.0,13.2,42.1,44914.84
2019-08-20,24.6,13.9,19.1,0.0,14.1,43.9,44806.23
2019-08-21,24.7,14.5,20.4,0.0,14.8,47.2,44696.96
2019-08-22,26.7,17.2,21.6,0.0,13.9,44.3,44587.12
2019-08-23,28.6,16.6,22.7,0.0,13.9,43.6,44476.8
2019-08-24,28.8,18.8,23.5,0.0,13.4,41.8,44366.08
2019-08-25,27.9,17.9,22.7,0.0,12.6,40.0,44178.52
2019-08-26,28.3,16.2,22.3,0.0,11.1,37.8,44091.8
2019-08-27,28.8,17.7,23.7,0.0,11.2,36.4,43888.5
2019-08-28,27.4,19.3,22.9,0.0,12.4,39.6,43572.77
2019-08-29,27.8,18.2,22.7,0.0,12.4,39.2,43486.42
2019-08-30,27.2,17.2,21.8,0.0,15.3,47.5,43398.47
2019-08-31,27.4,15.3,22.1,0.0,14.0,44.3,43200.11
2019-09-01,28.0,17.7,22.6,0.0,13.7,43.6,43110.88
2019-09-02,26.5,17.2,21.6,0.0,14.4,45.4,42914.86
2019-09-03,25.5,14.0,20.0,0.0,13.2,42.5,42824.73
2019-09-04,24.3,15.8,19.3,0.0,13.0,42.1,42349.65
2019-09-05,23.9,14.7,19.0,0.6,16.5,50.0,41259.6
2019-09-06,23.6,15.7,19.1,0.0,14.3,45.4,42155.27
2019-09-07,22.5,15.2,18.3,0.5,18.6,56.2,41476.65
2019-09-08,24.1,13.4,18.9,0.0,15.5,48.2,41337.22
2019-09-09,24.2,14.7,19.3,0.0,16.1,49.7,41452.63
2019-09-10,25.0,16.2,20.2,0.0,15.6,47.9,41312.82
2019-09-11,24.3,17.0,20.0,0.0,14.9,44.6,40443.32
2019-09-12,23.8,15.3,19.2,0.0,15.8,49.3,40751.14
2019-09-13,24.7,13.2,19.0,0.0,13.9,42.5,40532.98
2019-09-14,25.6,15.8,20.0,0.6,11.3,34.2,39830.16
2019-09-15,21.5,13.7,17.2,2.0,14.3,45.4,36713.16
2019-09-16,21.9,12.5,17.2,0.0,12.7,40.3,39600.0
2019-09-17,24.4,13.8,18.5,0.0,13.7,42.8,40149.53
2019-09-18,28.4,13.7,20.8,0.0,12.2,37.1,39981.15
2019-09-19,29.3,17.2,23.2,0.0,9.7,33.8,39834.63
2019-09-20,26.8,17.3,22.0,0.0,12.6,42.5,39701.2
2019-09-21,23.2,15.3,18.9,0.0,14.2,46.1,39645.08
2019-09-22,23.7,13.0,18.3,0.0,13.5,42.5,39625.76
2019-09-23,23.0,13.0,17.3,0.0,14.4,45.0,39600.0
2019-09-24,23.9,11.5,17.6,0.0,12.1,39.2,39600.0
2019-09-25,24.4,13.2,18.8,0.0,11.6,37.4,39600.0
2019-09-26,24.5,16.3,19.9,0.0,11.9,38.9,39600.0
2019-09-27,26.3,12.9,19.7,0.0,8.8,33.1,39600.0
2019-09-28,24.4,15.4,19.2,0.0,12.4,40.0,39600.0
2019-09-29,23.9,14.6,18.6,0.0,13.2,41.8,38534.72
2019-09-30,25.4,14.0,19.3,0.0,11.0,35.6,39549.57
2019-10-01,26.1,14.6,19.8,0.0,10.5,34.2,39466.3
2019-10-02,23.0,13.2,18.3,0.0,13.2,40.7,39383.66
2019-10-03,21.5,13.5,16.7,0.0,14.1,43.6,39301.77
2019-10-04,22.7,11.3,16.8,0.0,11.1,36.0,39220.73
2019-10-05,24.4,11.1,17.6,0.0,12.9,41.8,37130.29
2019-10-06,22.9,14.6,18.5,2.1,17.6,61.9,39061.31
2019-10-07,21.6,12.2,16.2,0.2,13.1,42.1,35765.52
2019-10-08,25.8,11.9,18.2,0.0,13.4,41.8,38872.58
2019-10-09,25.5,12.6,18.9,0.0,9.6,33.1,38745.92
2019-10-10,26.3,12.4,19.5,0.0,9.0,33.1,36751.35
2019-10-11,24.9,14.3,18.6,0.0,10.2,33.5,36310.23
2019-10-12,25.1,13.0,18.9,0.0,12.4,38.5,38364.14
2019-10-13,27.9,14.0,20.7,0.0,11.9,52.2,38236.59
2019-10-14,28.5,18.4,23.0,0.5,14.4,51.1,35883.57
2019-10-15,27.5,18.3,22.3,0.1,15.3,50.4,32845.75
2019-10-16,26.7,17.3,21.0,0.9,15.6,50.4,37854.4
2019-10-17,23.7,14.6,18.5,0.1,12.3,46.4,37727.47
2019-10-18,21.2,11.5,16.3,0.1,13.1,39.6,36008.34
2019-10-19,20.6,10.3,15.2,0.0,13.5,42.5,37474.96
2019-10-20,19.4,11.2,15.2,0.9,12.2,37.8,36809.74
2019-10-21,20.4,9.6,14.2,0.1,14.0,43.6,37224.92
2019-10-22,20.7,10.2,14.5,0.1,11.1,41.0,37044.16
2019-10-23,19.6,12.7,14.9,6.7,17.1,59.4,25809.62
2019-10-24,18.3,11.9,14.1,2.9,17.5,63.4,24521.85
2019-10-25,19.1,8.5,13.6,0.3,8.7,33.1,35116.18
2019-10-26,19.1,10.3,14.1,0.1,8.3,28.1,24326.92
2019-10-27,18.4,9.2,13.3,1.4,9.4,31.7,35884.96
2019-10-28,16.7,8.7,12.1,4.2,9.8,48.2,33499.64
2019-10-29,14.5,9.3,12.0,5.4,13.4,43.2,33888.69
2019-10-30,17.9,7.2,12.2,1.1,12.7,39.6,34885.61
2019-10-31,17.9,7.1,11.9,0.0,11.3,34.9,35413.66
2019-11-01,16.2,7.1,11.3,4.5,13.0,47.5,31126.74
2019-11-02,15.8,9.0,12.1,8.0,13.9,42.5,27149.12
2019-11-03,17.0,7.8,11.8,0.3,9.0,28.4,34772.76
2019-11-04,19.6,8.9,13.3,0.0,14.0,45.7,34881.95
2019-11-05,21.1,10.4,15.0,0.0,14.3,46.4,34738.08
2019-11-06,21.8,11.3,15.6,0.0,14.3,42.8,34599.84
2019-11-07,21.5,9.6,14.9,0.0,14.0,46.4,34612.34
2019-11-08,22.0,11.4,15.8,0.0,17.3,54.7,34409.93
2019-11-09,21.6,13.9,16.5,0.2,12.2,41.8,33826.93
2019-11-10,22.1,13.2,16.4,0.0,16.1,51.1,34292.29
2019-11-11,21.7,10.7,15.1,0.0,11.2,37.8,27641.24
2019-11-12,20.0,8.1,13.4,0.0,12.6,41.0,34226.86
2019-11-13,20.4,9.8,14.5,0.0,17.8,56.5,34020.04
2019-11-14,20.7,12.1,15.5,1.5,13.1,42.5,33661.94
2019-11-15,20.4,11.1,14.4,7.3,13.8,44.6,33754.36
2019-11-16,16.7,8.1,11.8,0.8,9.0,36.4,33191.21
2019-11-17,16.2,7.3,10.7,0.0,20.0,63.7,33823.52
2019-11-18,13.8,4.2,8.1,0.0,14.8,47.5,33682.64
2019-11-19,14.7,2.7,7.6,0.0,9.4,34.9,33556.2
2019-11-20,15.8,2.0,8.2,0.0,7.7,25.9,33433.65
2019-11-21,15.7,2.9,9.4,0.0,7.6,23.0,33309.2
2019-11-22,14.6,3.8,8.9,0.0,10.8,31.3,32082.15
2019-11-23,13.3,3.2,8.2,0.0,10.2,31.7,33086.14
2019-11-24,13.7,2.4,7.5,0.0,8.9,29.2,32982.81
2019-11-25,15.1,3.4,9.1,0.0,11.0,42.5,26754.85
2019-11-26,19.8,8.3,12.6,0.0,14.3,46.4,32794.1
2019-11-27,13.3,7.2,10.2,3.2,15.5,61.6,31275.73
2019-11-28,13.5,5.6,9.0,1.0,10.6,36.0,32400.0
2019-11-29,14.6,5.6,9.4,0.7,10.5,34.2,30942.54
2019-11-30,15.3,3.4,8.7,0.0,7.8,26.6,32554.68
2019-12-01,14.8,3.9,8.9,0.2,11.2,36.0,32547.78
2019-12-02,10.7,3.9,7.8,6.9,18.6,59.0,32400.0
2019-12-03,11.1,2.3,6.5,0.0,12.4,37.4,32400.0
2019-12-04,12.1,3.5,7.7,0.0,11.3,33.8,32440.9
2019-12-05,10.3,4.3,7.6,15.1,21.6,77.0,17434.8
2019-12-06,7.9,1.7,5.1,0.6,15.5,47.9,32400.0
2019-12-07,8.7,-1.4,3.4,0.0,18.1,53.3,32406.66
2019-12-08,9.1,0.8,5.1,5.5,9.4,39.6,15995.62
2019-12-09,9.2,3.6,6.5,9.7,12.1,54.0,26815.55
2019-12-10,9.8,3.5,6.2,0.8,9.7,31.7,25632.97
2019-12-11,13.0,3.6,7.8,0.1,11.6,36.7,29012.59
2019-12-12,11.5,4.9,7.8,4.6,12.4,47.5,8982.28
2019-12-13,9.4,4.7,7.0,19.4,11.4,49.7,11950.96
2019-12-14,9.0,3.8,6.7,5.0,12.8,46.1,24717.48
2019-12-15,9.6,1.1,4.6,0.0,10.5,28.8,11457.44
2019-12-16,10.3,-0.6,4.2,0.0,9.7,29.2,32240.2
2019-12-17,11.6,0.8,5.7,0.0,13.0,38.9,32200.76
2019-12-18,12.8,2.0,6.9,0.0,7.2,22.0,32162.93
2019-12-19,14.4,1.1,6.7,0.0,9.4,25.6,32126.82
2019-12-20,15.4,1.9,7.5,0.0,9.0,29.5,32099.62
2019-12-21,14.7,2.3,7.4,0.0,8.0,24.1,32066.96
2019-12-22,13.9,1.5,7.9,0.0,9.0,28.8,32036.08
2019-12-23,13.8,3.4,7.3,0.0,15.7,49.3,30272.54
2019-12-24,11.0,3.3,6.8,0.0,19.1,63.7,29844.01
2019-12-25,5.7,4.6,5.2,16.7,10.3,54.7,695.22
2019-12-26,5.2,2.8,4.2,44.9,21.5,81.0,2255.34
2019-12-27,5.3,2.4,3.5,11.6,14.3,72.4,14897.93
2019-12-28,6.7,2.4,4.2,3.5,14.2,56.5,23361.29
2019-12-29,6.2,3.0,4.7,14.3,11.4,43.9,10273.77
2019-12-30,7.3,2.1,4.0,3.0,13.8,63.0,25384.29
2019-12-31,5.4,2.9,4.2,8.0,8.4,31.3,6445.75
2020-01-01,6.6,1.5,4.3,5.4,10.3,34.6,25562.94
2020-01-02,7.2,1.5,3.7,4.8,12.1,39.6,15866.68
2020-01-03,5.8,1.5,3.5,5.0,13.4,51.8,30386.65
2020-01-04,4.1,0.9,2.4,4.9,14.5,50.4,546.28
2020-01-05,6.1,2.4,4.4,23.5,20.5,74.2,4385.39
2020-01-06,8.8,4.1,5.6,6.1,17.3,58.7,32288.68
2020-01-07,7.7,1.5,4.0,6.1,17.4,58.7,28279.81
2020-01-08,3.9,2.2,2.9,10.1,15.5,51.5,474.36
2020-01-09,4.8,0.9,3.0,4.6,8.9,33.8,5280.4
2020-01-10,5.9,-2.1,2.1,0.8,13.2,40.7,32623.0
2020-01-11,6.5,-2.4,2.6,0.0,15.5,49.3,32362.59
2020-01-12,7.3,-0.0,4.3,4.3,12.7,41.0,11279.47
2020-01-13,8.4,-0.3,4.8,5.8,17.1,53.6,27053.4
2020-01-14,9.9,-1.3,4.9,0.1,6.4,23.0,30925.25
2020-01-15,9.1,1.3,4.9,0.0,11.8,39.6,13955.44
2020-01-16,11.3,5.0,7.7,9.5,20.8,69.5,25815.97
2020-01-17,7.9,2.3,5.3,2.9,17.9,65.5,31892.21
2020-01-18,6.6,1.2,3.6,3.0,11.8,37.4,26516.51
2020-01-19,6.8,2.4,4.1,9.1,16.4,57.6,6176.0
2020-01-20,4.8,1.9,3.7,10.6,12.0,57.6,5392.52
2020-01-21,4.4,-2.2,1.1,2.9,14.0,42.8,31712.56
2020-01-22,5.9,-2.6,1.5,0.0,15.9,47.2,33373.61
2020-01-23,5.9,-1.8,2.4,5.1,17.7,57.2,27470.91
2020-01-24,3.6,-1.2,1.1,14.5,23.8,84.6,31181.86
2020-01-25,5.7,-4.9,0.0,0.0,6.2,26.3,34136.06
2020-01-26,6.7,-1.6,3.2,0.0,10.5,34.6,34234.88
2020-01-27,10.0,0.5,5.5,0.0,8.9,29.9,32184.25
2020-01-28,9.4,0.3,4.5,1.5,11.2,38.2,31816.63
2020-01-29,8.0,2.2,5.0,3.2,15.7,48.2,31469.78
2020-01-30,7.5,2.8,5.5,6.5,12.9,54.0,9548.47
2020-01-31,5.5,0.6,3.4,14.4,28.8,104.8,23243.37
2020-02-01,5.4,0.4,3.1,7.8,24.6,78.8,30309.62
2020-02-02,8.9,0.8,4.5,0.0,10.0,30.2,34927.85
2020-02-03,10.1,0.2,4.5,1.2,7.0,24.1,33383.45
2020-02-04,9.3,1.2,5.8,1.6,12.8,41.8,34057.62
2020-02-05,11.9,3.6,7.0,0.3,11.0,36.7,34904.38
2020-02-06,12.6,1.9,7.2,0.1,14.0,50.0,33920.82
2020-02-07,6.7,1.5,3.9,33.1,18.0,75.6,3525.03
2020-02-08,2.4,-1.4,0.7,16.9,29.7,108.0,9506.88
2020-02-09,-1.1,-6.6,-3.1,4.2,20.7,68.8,19397.8
2020-02-10,-0.8,-7.1,-4.1,2.2,24.2,77.4,24800.2
2020-02-11,3.3,-6.2,-0.9,6.9,12.3,43.9,24043.57
2020-02-12,7.4,2.9,5.4,16.8,13.7,55.8,580.62
2020-02-13,10.4,3.6,6.2,0.6,15.8,52.6,22561.92
2020-02-14,7.4,1.7,4.6,0.0,20.2,65.2,12586.03
2020-02-15,11.6,4.2,6.8,0.8,18.4,58.7,32117.54
2020-02-16,10.2,1.8,5.5,0.7,11.9,35.6,35792.7
2020-02-17,8.4,0.7,4.7,1.8,8.0,32.0,23372.55
2020-02-18,9.0,2.1,5.6,2.2,17.4,55.8,33657.93
2020-02-19,8.8,3.8,5.9,11.8,11.3,50.4,19265.59
2020-02-20,8.0,2.7,5.5,2.5,15.3,48.2,32016.79
2020-02-21,9.7,2.7,5.9,3.6,14.1,61.9,27954.98
2020-02-22,7.9,2.8,5.0,5.6,13.5,52.2,23766.04
2020-02-23,8.7,2.2,5.1,0.2,7.9,29.5,20887.07
2020-02-24,10.8,1.5,5.8,1.5,11.5,47.5,36738.47
2020-02-25,10.1,2.6,5.7,3.9,19.9,63.7,33736.16
2020-02-26,9.4,3.7,6.6,0.7,13.0,40.3,20139.78
2020-02-27,13.4,1.2,7.4,0.0,8.3,32.4,35909.49
2020-02-28,12.9,5.7,9.5,0.0,10.7,33.5,37343.1
2020-02-29,8.2,2.2,6.2,20.6,19.7,79.9,15686.45
2020-03-01,7.1,0.7,3.1,9.9,19.0,70.6,26101.77
2020-03-02,8.0,1.9,5.4,2.1,11.5,38.9,10433.24
2020-03-03,14.0,0.9,7.4,0.0,9.4,35.3,37971.05
2020-03-04,17.2,5.8,10.8,0.0,18.4,56.5,38073.96
2020-03-05,18.4,8.2,12.9,0.0,14.8,47.5,33596.42
2020-03-06,12.7,4.9,8.2,21.7,16.9,53.3,10340.07
2020-03-07,11.8,4.8,7.8,1.6,16.3,51.1,36000.0
2020-03-08,16.1,3.0,9.8,0.0,7.7,28.4,38445.64
2020-03-09,17.5,7.3,12.2,0.0,21.0,64.8,32975.88
2020-03-10,14.0,7.7,10.8,0.0,10.5,42.1,36303.55
2020-03-11,19.6,6.1,13.0,0.0,11.9,47.2,38840.54
2020-03-12,18.6,13.2,15.5,2.0,29.3,106.6,13916.19
2020-03-13,13.8,8.3,11.2,17.5,35.7,136.4,24109.79
2020-03-14,12.4,6.3,8.6,5.6,15.0,61.9,32400.0
2020-03-15,13.6,4.3,9.2,0.6,11.0,33.5,35851.39
2020-03-16,14.3,4.3,9.4,0.2,12.7,40.7,39004.36
2020-03-17,10.8,3.3,6.7,16.6,15.8,52.9,26944.84
2020-03-18,4.2,1.6,3.1,16.9,24.2,83.9,2784.98
2020-03-19,4.1,0.4,2.6,13.4,17.1,70.6,574.29
2020-03-20,3.2,-0.0,1.6,8.6,11.9,51.5,16952.06
2020-03-21,6.8,-0.7,2.7,5.6,10.2,40.0,35729.62
2020-03-22,8.6,-1.2,3.5,0.0,13.9,44.3,40240.07
2020-03-23,16.1,-0.2,8.4,0.3,10.1,38.2,39992.08
2020-03-24,15.6,4.9,9.7,0.0,15.1,49.7,40578.41
2020-03-25,11.9,2.8,7.4,0.0,13.5,41.8,40354.46
2020-03-26,15.5,3.0,9.3,0.0,13.1,42.5,33684.37
2020-03-27,15.6,7.7,11.0,2.1,16.4,63.4,40831.84
2020-03-28,11.0,5.3,8.0,9.9,17.3,61.6,20157.23
2020-03-29,10.1,5.0,7.1,12.8,21.7,83.5,31346.4
2020-03-30,13.2,6.5,8.8,6.6,21.6,100.4,16561.34
2020-03-31,16.2,6.8,11.1,3.4,20.5,71.3,30226.38
2020-04-01,11.2,5.4,8.0,12.9,21.2,73.8,13664.74
2020-04-02,11.1,4.1,7.7,2.5,13.5,43.6,37339.41
2020-04-03,12.1,2.5,7.7,0.5,18.8,63.4,37308.5
2020-04-04,18.1,2.8,11.7,0.0,12.5,50.0,40748.05
2020-04-05,20.8,12.7,15.9,0.1,22.2,77.0,37552.82
2020-04-06,13.6,7.3,10.6,0.0,13.7,42.5,40752.46
2020-04-07,11.7,5.9,8.8,1.2,14.2,43.6,33612.09
2020-04-08,10.8,3.6,7.0,1.5,14.4,43.6,37376.7
2020-04-09,10.3,1.6,6.0,6.9,13.0,46.4,36203.9
2020-04-10,9.5,3.7,6.4,9.7,12.3,42.1,31583.9
2020-04-11,10.7,4.9,7.4,5.0,14.9,47.5,36207.0
2020-04-12,12.0,3.2,7.6,0.4,12.0,37.1,42453.75
2020-04-13,14.6,3.2,9.2,0.4,10.1,32.8,41287.41
2020-04-14,17.9,6.1,11.9,0.0,13.1,42.8,42411.44
2020-04-15,16.6,6.7,12.8,0.1,12.6,41.4,40363.36
2020-04-16,16.9,8.0,12.7,5.5,9.5,39.2,38609.94
2020-04-17,15.2,7.1,11.3,3.5,9.7,47.9,41790.43
2020-04-18,18.9,6.5,13.0,0.2,10.7,33.5,42519.97
2020-04-19,19.9,8.7,14.3,0.1,9.4,32.0,42444.69
2020-04-20,20.9,9.8,15.8,0.7,9.8,37.4,43479.3
2020-04-21,21.2,10.5,16.1,0.0,9.4,28.8,39614.06
2020-04-22,20.3,11.5,16.5,0.0,14.3,47.5,44381.12
2020-04-23,16.5,9.9,13.5,0.0,15.1,50.0,43960.85
2020-04-24,17.6,6.7,12.7,0.9,14.8,55.4,35092.62
2020-04-25,11.8,6.6,9.1,21.6,15.3,58.7,8911.24
2020-04-26,11.1,5.0,8.1,8.8,15.0,46.8,23761.69
2020-04-27,13.8,3.3,8.7,0.2,11.8,40.0,45327.86
2020-04-28,15.9,3.7,10.1,0.2,9.5,32.0,45432.59
2020-04-29,14.9,6.8,11.1,1.2,12.7,42.5,39228.17
2020-04-30,16.2,7.0,11.7,0.5,10.4,33.1,44059.41
2020-05-01,15.0,7.8,11.4,1.6,16.0,51.8,45741.74
2020-05-02,14.1,5.0,10.1,0.3,13.6,43.6,45842.83
2020-05-03,17.3,5.2,12.1,0.0,10.8,39.2,45942.78
2020-05-04,16.5,6.7,12.2,0.0,13.7,45.7,46041.52
2020-05-05,14.0,6.8,10.1,15.6,11.2,53.6,20963.74
2020-05-06,12.8,6.9,9.9,11.7,19.4,77.0,6100.59
2020-05-07,16.4,6.0,11.7,0.0,11.5,37.1,46329.51
2020-05-08,22.1,9.3,15.8,0.0,8.8,34.2,46390.9
2020-05-09,13.7,9.7,12.0,7.9,15.2,58.3,30435.91
2020-05-10,15.5,7.3,11.8,0.0,13.7,42.1,46487.16
2020-05-11,19.8,9.5,15.4,0.0,11.1,36.0,46533.02
2020-05-12,22.6,9.6,17.8,0.0,10.7,33.8,46577.28
2020-05-13,25.6,11.2,20.5,0.0,10.9,35.6,46619.88
2020-05-14,27.9,18.1,24.2,0.0,11.8,38.9,46014.43
2020-05-15,28.0,13.2,21.2,0.0,13.5,45.0,46700.87
2020-05-16,29.2,15.6,22.7,0.0,11.9,42.5,46739.39
2020-05-17,29.6,16.1,23.2,0.0,10.5,36.4,46776.58
2020-05-18,30.2,16.5,24.4,0.0,14.8,50.0,46800.0
2020-05-19,30.0,15.9,23.3,0.0,12.5,45.7,46800.0
2020-05-20,28.4,17.2,24.5,0.0,13.8,42.5,46800.0
2020-05-21,28.2,17.0,23.4,0.0,16.2,48.6,46800.0
2020-05-22,26.5,13.0,20.7,0.0,12.8,45.7,46800.0
2020-05-23,17.8,11.3,14.4,2.2,19.7,60.8,46800.0
2020-05-24,11.1,7.9,9.6,12.3,23.8,73.1,37164.92
2020-05-25,16.6,7.8,11.9,0.0,15.9,52.6,46800.0
2020-05-26,22.0,8.5,15.9,0.0,12.8,45.4,46800.0
2020-05-27,24.7,12.1,17.6,0.0,10.1,33.5,46800.0
2020-05-28,17.4,10.3,13.9,0.0,14.2,44.6,45351.79
2020-05-29,14.5,8.3,11.1,0.7,17.2,54.0,46814.31
2020-05-30,16.9,7.7,12.2,0.0,12.2,40.7,46810.49
2020-05-31,19.9,8.1,14.0,0.0,8.5,33.1,46806.55
2020-06-01,20.1,10.4,16.2,0.0,13.0,41.8,46800.0
2020-06-02,23.9,12.0,17.7,1.9,16.4,74.2,46800.0
2020-06-03,17.2,10.1,13.1,1.1,14.0,44.3,46879.34
2020-06-04,19.1,7.1,14.7,0.0,12.6,44.3,46876.8
2020-06-05,23.4,9.4,17.6,0.0,8.7,32.4,46962.79
2020-06-06,28.4,15.2,21.9,0.0,13.9,50.4,46961.67
2020-06-07,29.4,16.3,22.7,0.0,12.2,42.1,46868.39
2020-06-08,26.2,19.1,22.6,0.0,12.9,41.4,47146.03
2020-06-09,24.6,14.5,20.8,0.0,11.4,40.3,47052.41
2020-06-10,23.3,13.6,18.9,0.0,13.0,44.6,47148.63
2020-06-11,21.5,12.4,18.4,0.0,15.5,50.4,47247.41
2020-06-12,21.1,11.6,16.4,0.0,21.5,70.2,47249.45
2020-06-13,23.2,12.4,18.5,0.1,17.4,56.9,47351.55
2020-06-14,19.9,10.8,16.1,0.0,13.1,43.2,47455.69
2020-06-15,21.3,10.5,16.4,0.0,14.7,44.6,47459.12
2020-06-16,22.6,12.6,18.0,0.0,16.7,52.6,47462.18
2020-06-17,25.3,14.8,21.1,0.0,17.0,55.8,47464.91
2020-06-18,24.1,13.4,20.2,0.0,16.2,52.6,47362.11
2020-06-19,20.4,12.7,16.0,1.7,19.8,61.2,46800.0
2020-06-20,21.3,13.0,16.9,2.4,18.3,57.6,47471.14
2020-06-21,24.4,12.3,20.1,0.0,16.0,51.5,47579.74
2020-06-22,23.6,14.5,20.2,0.0,15.9,51.8,47689.02
2020-06-23,22.2,13.3,18.5,0.0,12.6,41.8,47798.88
2020-06-24,20.7,12.4,16.8,0.0,15.7,49.7,47367.2
2020-06-25,22.7,12.9,18.3,0.0,11.5,38.9,47584.88
2020-06-26,25.1,15.8,20.8,0.0,13.8,44.6,47803.42
2020-06-27,26.4,17.7,22.1,0.0,15.9,50.8,47804.21
2020-06-28,26.1,17.1,21.7,0.0,16.6,51.8,47804.65
2020-06-29,25.1,16.5,21.1,0.0,16.6,53.3,47804.7
2020-06-30,24.1,16.8,20.3,0.0,16.8,54.0,47804.37
2020-07-01,23.3,16.8,20.4,0.0,16.4,51.5,47912.85
2020-07-02,27.4,16.3,22.4,0.0,13.5,42.8,47802.57
2020-07-03,30.2,17.5,23.9,0.0,10.3,36.4,47801.07
2020-07-04,28.8,17.8,24.2,0.0,13.8,42.8,47690.62
2020-07-05,26.9,18.2,22.9,0.0,12.7,41.4,47688.65
2020-07-06,26.4,18.4,22.5,0.0,13.6,43.2,47039.93
2020-07-07,25.2,17.2,21.3,0.0,15.3,47.5,47576.36
2020-07-08,24.3,16.3,20.3,0.0,15.0,46.8,47562.84
2020-07-09,23.5,14.4,18.9,0.0,16.0,47.9,46999.99
2020-07-10,24.7,15.5,20.1,0.0,12.1,38.5,47600.75
2020-07-11,25.5,18.1,21.4,0.0,17.0,52.2,47460.92
2020-07-12,26.4,17.9,21.9,0.0,16.8,52.6,47425.61
2020-07-13,25.5,17.2,21.2,0.0,16.5,51.5,47491.41
2020-07-14,26.9,17.1,22.2,0.0,13.2,42.5,47250.11
2020-07-15,28.2,18.6,23.5,0.0,14.5,47.2,47311.99
2020-07-16,26.4,17.5,21.9,0.0,14.2,45.0,47172.79
2020-07-17,25.3,14.3,20.2,0.0,12.9,41.4,47132.3
2020-07-18,25.6,15.2,20.5,0.0,11.8,38.9,47090.61
2020-07-19,29.3,16.4,24.2,0.0,9.3,34.2,46953.68
2020-07-20,31.7,19.8,25.4,0.0,11.4,37.4,46911.41
2020-07-21,27.5,17.9,22.5,0.0,15.9,51.8,46868.09
2020-07-22,26.9,17.0,22.4,0.0,15.1,48.6,46735.16
2020-07-23,28.2,17.4,23.0,0.0,13.7,42.1,46691.88
2020-07-24,27.4,19.8,23.0,0.0,18.1,55.4,46563.23
2020-07-25,27.6,18.5,22.8,0.0,14.0,44.3,46438.24
2020-07-26,31.3,15.9,25.4,0.0,8.4,32.0,46317.25
2020-07-27,35.3,22.1,28.2,0.0,7.7,30.2,42516.88
2020-07-28,33.3,23.7,28.3,0.0,8.7,32.4,46163.59
2020-07-29,32.4,22.3,27.8,0.0,10.0,34.9,46126.13
2020-07-30,31.6,20.6,26.7,0.0,12.7,42.1,46088.31
2020-07-31,29.4,19.7,24.5,0.0,17.3,56.2,46050.14
2020-08-01,28.6,20.5,24.1,0.0,16.5,51.8,45949.07
2020-08-02,27.0,18.1,23.1,0.0,15.0,46.4,45881.9
2020-08-03,26.0,18.6,22.5,0.0,15.6,50.4,45842.61
2020-08-04,26.5,18.8,22.1,0.0,16.5,52.2,45803.09
2020-08-05,25.6,17.3,21.1,0.0,17.8,55.4,45763.38
2020-08-06,27.0,17.3,22.3,0.0,16.9,52.9,45723.48
2020-08-07,28.1,18.6,23.4,0.0,16.3,51.8,45683.45
2020-08-08,28.3,17.6,23.3,0.0,17.4,57.2,45643.29
2020-08-09,23.2,16.6,19.2,0.2,18.7,58.3,44951.81
2020-08-10,22.6,15.7,18.7,2.3,17.9,55.4,45222.88
2020-08-11,23.5,16.2,19.0,0.9,17.8,54.4,44108.5
2020-08-12,25.0,16.3,20.1,0.0,16.4,49.7,45481.92
2020-08-13,26.1,17.8,21.7,0.0,17.2,53.6,45441.52
2020-08-14,26.1,18.6,21.9,0.0,16.6,53.3,45362.25
2020-08-15,26.0,18.5,21.9,0.0,17.9,55.4,45257.77
2020-08-16,26.5,16.8,21.8,0.0,15.6,49.0,45152.57
2020-08-17,26.7,18.4,22.4,0.0,16.8,52.9,45046.73
2020-08-18,26.2,17.7,21.7,0.0,16.4,50.4,44940.37
2020-08-19,26.1,17.9,21.4,0.0,15.6,48.6,44833.52
2020-08-20,25.5,17.6,21.1,0.0,13.2,42.1,44726.29
2020-08-21,24.6,16.8,20.3,0.0,15.0,47.5,44618.51
2020-08-22,23.6,14.4,19.5,0.0,16.9,55.4,44509.46
2020-08-23,25.4,15.6,21.0,0.0,18.4,56.5,44399.15
2020-08-24,27.3,15.3,22.1,0.0,14.3,45.0,44287.64
2020-08-25,27.1,18.1,22.1,0.0,15.9,48.2,44117.44
2020-08-26,26.2,16.6,21.2,0.0,15.0,46.8,43911.86
2020-08-27,24.2,15.6,19.6,0.0,14.5,45.4,43822.35
2020-08-28,27.0,14.8,21.3,0.0,11.9,38.5,43731.45
2020-08-29,32.2,17.4,25.5,0.0,10.8,36.7,43528.17
2020-08-30,34.2,20.9,27.6,0.0,13.7,41.0,43217.7
2020-08-31,34.0,21.6,27.9,0.0,11.0,37.1,43020.55
2020-09-01,33.6,20.6,26.2,0.0,9.2,36.4,42825.84
2020-09-02,32.7,20.7,26.4,0.0,8.9,31.3,42529.71
2020-09-03,36.9,21.6,29.7,0.0,15.0,52.9,40820.73
2020-09-04,36.0,22.8,29.8,0.0,15.1,47.2,42258.05
2020-09-05,34.2,20.8,29.0,0.0,11.2,38.5,42271.71
2020-09-06,31.9,21.6,27.4,0.0,10.6,37.4,42184.4
2020-09-07,34.3,20.7,27.3,0.0,10.5,35.3,41910.02
2020-09-08,33.0,21.0,27.1,0.0,10.0,34.2,41667.45
2020-09-09,31.9,20.4,26.5,0.0,12.8,40.0,41522.84
2020-09-10,33.9,20.2,26.9,0.0,9.7,34.9,40770.21
2020-09-11,31.1,20.9,25.2,0.0,12.1,39.6,40583.91
2020-09-12,28.2,19.2,23.3,0.0,14.7,44.6,40655.5
2020-09-13,26.3,14.7,20.6,0.0,12.1,39.2,40622.0
2020-09-14,27.0,14.0,20.8,0.0,10.5,36.4,40509.46
2020-09-15,29.9,15.9,23.5,0.0,10.1,34.9,40236.08
2020-09-16,31.1,19.5,25.3,0.0,9.7,34.2,40067.11
2020-09-17,29.9,21.1,25.6,0.0,11.8,40.0,39981.68
2020-09-18,29.2,21.8,24.9,0.0,14.2,47.9,39834.01
2020-09-19,28.4,18.4,23.8,0.0,15.9,49.7,39766.14
2020-09-20,28.5,19.6,23.7,0.0,12.2,39.2,39642.73
2020-09-21,25.9,16.2,20.8,0.0,11.8,40.0,39600.0
2020-09-22,24.9,15.9,19.7,0.0,13.7,43.2,39600.0
2020-09-23,24.2,15.9,19.3,0.0,13.9,43.6,39600.0
2020-09-24,23.8,14.3,18.9,0.1,12.9,40.7,39600.0
2020-09-25,23.4,16.2,18.8,0.0,15.0,46.1,37783.85
2020-09-26,22.1,14.0,17.8,0.0,14.6,45.7,39600.0
2020-09-27,27.1,13.4,20.7,0.0,14.6,46.8,39600.0
2020-09-28,28.1,18.2,23.5,0.0,17.1,54.4,39600.0
2020-09-29,29.7,15.6,23.4,0.0,17.6,55.4,39573.58
2020-09-30,27.1,18.6,21.9,0.0,18.9,59.4,39492.69
2020-10-01,23.5,13.8,19.0,0.2,14.9,49.3,39411.49
2020-10-02,22.7,13.7,17.9,0.0,12.1,38.9,39329.96
2020-10-03,22.6,12.0,17.3,0.0,15.0,45.7,39248.22
2020-10-04,22.0,12.4,16.9,0.2,14.8,44.3,39166.35
2020-10-05,24.2,10.9,17.5,0.0,14.1,43.2,39084.45
2020-10-06,26.8,13.6,19.7,0.0,14.2,42.8,39002.62
2020-10-07,27.9,13.7,20.8,0.0,12.7,40.7,38901.21
2020-10-08,29.2,15.1,21.8,0.0,12.0,41.8,38773.05
2020-10-09,28.7,18.0,22.6,0.0,19.7,61.2,38644.86
2020-10-10,27.2,17.7,21.2,0.0,13.2,49.3,38516.76
2020-10-11,23.8,14.2,18.0,0.0,10.3,34.2,38388.82
2020-10-12,25.5,12.6,18.4,0.0,10.0,33.1,38261.16
2020-10-13,21.1,12.4,16.7,0.0,11.4,37.1,38133.84
2020-10-14,21.3,12.5,16.8,0.0,17.7,55.4,38006.98
2020-10-15,22.8,12.4,17.5,0.0,14.0,43.6,37880.68
2020-10-16,21.4,11.9,16.0,0.0,11.0,35.3,37755.05
2020-10-17,23.2,12.5,17.0,0.0,10.0,32.8,37630.17
2020-10-18,25.5,11.0,18.2,0.0,10.4,34.2,37408.49
2020-10-19,25.7,11.4,19.5,0.0,15.5,47.5,37383.13
2020-10-20,26.4,13.3,19.3,0.0,11.6,40.7,37260.93
2020-10-21,23.5,11.7,16.8,0.0,13.0,41.8,36942.19
2020-10-22,24.1,10.4,17.5,0.0,9.7,41.0,36869.05
2020-10-23,26.8,15.7,20.0,0.0,17.7,56.9,36793.51
2020-10-24,26.0,15.9,20.0,0.0,17.4,56.5,35683.13
2020-10-25,23.9,14.6,19.0,0.0,17.4,56.9,31555.74
2020-10-26,25.9,12.4,18.8,0.0,16.1,50.4,36116.68
2020-10-27,26.9,16.6,21.2,0.0,17.6,58.7,35831.69
2020-10-28,24.6,15.1,19.6,0.0,8.7,31.0,35145.36
2020-10-29,24.8,14.1,18.8,0.0,9.7,33.8,35492.25
2020-10-30,24.9,14.0,18.3,0.0,9.0,28.1,35232.77
2020-10-31,23.1,14.6,18.1,0.0,9.6,30.6,33413.04
2020-11-01,20.7,14.3,16.5,2.0,9.0,41.4,35046.32
2020-11-02,17.2,10.9,13.9,10.2,10.9,38.5,29601.42
2020-11-03,17.5,9.4,12.8,2.3,9.8,35.3,34564.75
2020-11-04,12.8,9.4,11.3,33.2,18.1,69.8,7842.21
2020-11-05,11.5,8.6,10.0,29.5,19.1,72.7,26054.21
2020-11-06,14.3,9.4,11.4,2.4,11.6,36.0,33231.57
2020-11-07,15.4,8.5,11.7,3.0,8.7,35.6,33768.6
2020-11-08,17.5,10.0,12.9,0.1,18.0,59.8,33258.49
2020-11-09,17.1,9.6,13.0,0.1,17.6,58.7,32516.02
2020-11-10,16.1,7.3,11.4,0.9,8.1,26.3,34157.16
2020-11-11,15.1,8.0,11.2,1.9,8.4,31.0,31709.92
2020-11-12,15.9,6.6,10.6,0.0,11.8,36.0,33955.96
2020-11-13,17.0,5.7,10.4,0.0,8.3,29.2,34017.61
2020-11-14,16.0,7.9,11.3,5.0,10.5,33.1,32197.82
2020-11-15,11.4,4.8,9.0,11.0,9.2,37.1,32975.87
2020-11-16,12.9,4.5,8.2,0.5,9.3,28.8,33394.32
2020-11-17,14.0,5.4,9.0,0.0,8.0,27.7,33273.69
2020-11-18,14.6,5.4,9.0,0.0,13.5,44.3,33257.26
2020-11-19,15.4,6.6,10.1,0.0,15.6,50.4,33335.59
2020-11-20,12.9,6.5,9.4,2.1,11.6,46.4,32475.23
2020-11-21,11.5,5.0,8.1,2.9,8.4,27.4,20645.54
2020-11-22,13.2,4.1,8.3,0.0,11.2,33.8,32831.0
2020-11-23,14.2,5.4,9.3,0.0,10.9,33.1,32903.38
2020-11-24,15.2,5.7,9.5,0.0,12.0,40.3,32573.23
2020-11-25,14.6,6.2,9.6,0.4,11.2,32.8,32646.94
2020-11-26,9.4,5.7,7.9,8.1,8.4,33.5,4983.94
2020-11-27,11.4,5.3,8.1,0.5,13.7,42.5,32432.0
2020-11-28,11.8,4.8,7.7,0.1,11.4,43.9,26709.77
2020-11-29,12.6,2.9,7.2,0.6,8.7,28.8,32497.67
2020-11-30,12.6,4.8,8.0,0.2,14.2,44.3,32495.53
2020-12-01,13.2,4.1,7.7,0.3,12.4,40.7,32400.0
2020-12-02,12.6,3.6,7.3,0.5,12.2,37.1,32441.96
2020-12-03,12.6,3.8,7.4,0.2,11.9,40.0,32400.0
2020-12-04,12.9,4.7,8.4,0.8,12.8,44.3,32400.0
2020-12-05,11.7,5.7,8.1,0.7,11.5,44.3,24973.49
2020-12-06,11.0,3.8,6.7,0.2,11.7,35.3,32400.0
2020-12-07,12.2,3.3,7.2,0.5,8.3,29.2,30734.65
2020-12-08,15.2,3.9,9.1,11.5,15.3,63.4,32400.0
2020-12-09,11.0,4.9,8.3,8.3,17.3,61.9,32400.0
2020-12-10,12.5,3.1,7.0,0.0,10.0,37.1,32400.0
2020-12-11,13.8,3.7,7.9,0.0,9.9,36.4,32400.0
2020-12-12,14.9,5.2,9.1,2.7,12.0,53.6,30959.45
2020-12-13,14.0,7.7,10.8,0.3,10.4,44.3,14400.0
2020-12-14,15.6,7.9,11.5,6.3,16.5,69.1,28081.15
2020-12-15,10.0,5.5,7.7,4.0,13.6,50.8,20966.04
2020-12-16,9.4,7.3,8.0,16.6,14.4,53.3,2234.22
2020-12-17,9.8,5.6,7.8,9.8,14.1,50.0,18996.95
2020-12-18,11.4,3.8,7.2,0.0,10.5,31.3,32135.8
2020-12-19,11.3,1.6,5.8,0.0,9.2,27.4,32103.78
2020-12-20,12.0,1.5,5.9,0.0,9.4,29.9,32073.21
2020-12-21,13.7,3.3,7.2,0.0,10.7,32.8,32043.82
2020-12-22,11.0,3.0,6.3,1.6,13.5,42.8,32015.69
2020-12-23,9.5,4.1,6.7,3.9,14.0,44.6,28800.0
2020-12-24,8.6,0.4,5.1,0.6,12.4,39.2,32003.63
2020-12-25,10.1,-1.1,3.8,0.0,8.3,34.6,31980.95
2020-12-26,10.9,2.4,6.0,0.0,18.3,58.0,31959.36
2020-12-27,11.6,3.3,6.1,0.0,18.2,60.1,31938.92
2020-12-28,11.6,2.4,5.9,0.0,14.5,50.4,31877.04
2020-12-29,12.1,2.1,6.3,0.0,9.0,34.2,31859.59
2020-12-30,12.2,2.0,6.0,0.0,11.6,38.9,32057.58
2020-12-31,13.4,3.1,7.0,0.0,14.2,47.2,31991.31
2021-01-01,14.0,5.1,8.2,0.0,12.4,40.7,30613.99
2021-01-02,13.0,5.4,8.5,0.0,12.3,41.8,27556.12
2021-01-03,14.4,5.1,8.6,0.0,11.6,40.3,31973.22
2021-01-04,14.0,4.0,8.4,0.0,11.7,40.7,31794.88
2021-01-05,14.1,5.2,8.6,0.0,14.9,46.8,32124.65
2021-01-06,14.6,3.8,8.7,0.0,10.5,34.2,31165.66
2021-01-07,14.1,5.6,9.3,0.2,8.3,36.0,32223.22
2021-01-08,14.2,3.6,7.7,0.0,12.5,40.7,32323.44
2021-01-09,14.3,3.3,7.9,0.0,10.1,38.9,32157.92
2021-01-10,14.2,2.8,7.9,0.0,10.8,28.4,32546.57
2021-01-11,15.6,3.2,8.7,0.0,6.9,24.5,32376.93
2021-01-12,18.1,6.0,11.0,0.0,10.9,42.5,32497.28
2021-01-13,15.1,7.5,10.9,17.2,14.8,73.4,14870.3
2021-01-14,7.6,3.4,5.9,20.5,14.5,73.1,16070.11
2021-01-15,8.4,3.8,5.5,6.3,19.8,73.4,21909.16
2021-01-16,8.9,2.6,5.4,2.5,10.2,38.5,32709.27
2021-01-17,6.5,3.6,5.2,29.5,17.9,81.7,5.14
2021-01-18,6.0,2.3,3.6,6.9,19.8,78.1,21184.09
2021-01-19,4.9,1.8,3.8,43.6,15.5,77.4,0.0
2021-01-20,2.1,-3.9,-0.1,8.9,18.4,70.2,15805.61
2021-01-21,4.7,-7.0,-0.5,0.0,12.8,47.2,33833.84
2021-01-22,7.3,-2.8,1.2,0.0,11.9,38.2,33925.7
2021-01-23,9.2,-0.7,3.1,0.0,12.6,46.1,34019.18
2021-01-24,10.0,-0.0,3.9,0.0,11.2,46.8,34114.16
2021-01-25,9.9,-1.4,3.1,0.0,6.6,23.4,33805.02
2021-01-26,11.1,-1.1,4.5,0.0,9.4,36.4,30523.12
2021-01-27,13.6,4.0,8.8,0.0,17.2,55.8,26867.85
2021-01-28,7.0,2.4,4.4,11.2,19.1,68.0,7047.41
2021-01-29,3.3,1.0,1.8,36.4,18.5,70.2,2835.12
2021-01-30,6.5,1.3,3.9,5.9,17.2,64.1,12714.5
2021-01-31,9.6,3.6,6.0,28.8,19.9,95.4,20464.7
2021-02-01,12.6,1.7,6.9,0.0,14.3,54.0,34907.38
2021-02-02,15.6,7.4,10.7,0.0,19.5,60.1,34969.77
2021-02-03,15.9,7.8,11.1,0.0,14.6,53.3,35032.19
2021-02-04,14.6,6.8,9.8,2.9,10.7,45.4,25850.96
2021-02-05,12.5,4.5,8.1,1.1,11.2,39.6,33663.37
2021-02-06,12.0,1.5,6.6,0.0,10.5,33.5,35219.05
2021-02-07,12.5,3.8,8.5,0.0,9.5,31.7,35281.02
2021-02-08,18.5,2.7,10.2,0.0,8.7,28.1,33005.48
2021-02-09,16.9,5.8,11.7,0.0,10.4,31.3,35404.15
2021-02-10,14.8,5.2,10.4,0.0,14.2,46.8,35465.21
2021-02-11,14.4,4.0,8.9,0.0,8.3,31.7,35525.86
2021-02-12,13.2,2.7,7.5,0.0,10.9,35.3,35619.58
2021-02-13,11.7,1.2,7.0,0.0,9.7,32.0,35675.26
2021-02-14,15.5,3.6,9.0,0.0,12.6,40.0,35795.62
2021-02-15,10.8,1.2,7.0,0.0,10.0,32.8,35852.17
2021-02-16,11.5,1.7,6.4,15.5,14.2,63.7,35821.5
2021-02-17,1.6,-1.6,-0.2,33.1,18.1,70.2,15303.49
2021-02-18,0.7,-2.9,-1.2,12.4,15.2,55.8,15163.67
2021-02-19,1.8,-4.0,0.2,12.2,6.5,33.8,5238.74
2021-02-20,3.1,-6.9,-1.6,0.0,10.2,35.6,36330.98
2021-02-21,6.1,-7.7,-1.2,0.0,10.0,34.6,32468.13
2021-02-22,8.7,-0.3,3.8,0.4,15.0,49.3,36000.0
2021-02-23,11.0,2.0,5.6,0.0,16.1,51.8,36735.54
2021-02-24,10.3,-0.5,4.5,0.0,11.2,34.2,36851.02
2021-02-25,10.5,1.2,5.6,0.0,13.2,40.3,36971.39
2021-02-26,11.7,0.7,5.6,0.0,9.3,29.2,37096.4
2021-02-27,12.8,1.8,6.7,0.0,9.7,29.2,37339.73
2021-02-28,12.1,2.0,6.5,0.3,10.8,34.9,37710.25
2021-03-01,8.9,1.9,5.7,5.9,11.5,40.7,18597.04
2021-03-02,11.1,1.5,5.5,1.6,11.9,41.0,33363.5
2021-03-03,8.2,-0.4,3.8,4.6,10.2,34.9,35487.29
2021-03-04,5.6,0.6,2.9,3.9,13.1,45.7,30140.41
2021-03-05,9.7,1.2,5.7,0.7,15.1,47.9,32400.0
2021-03-06,13.6,1.3,7.3,0.0,7.7,28.1,38206.39
2021-03-07,11.7,3.1,7.4,0.0,10.1,38.5,38268.86
2021-03-08,9.6,2.8,6.5,3.6,19.5,59.8,25395.29
2021-03-09,12.8,2.8,8.3,0.0,13.4,46.8,38058.75
2021-03-10,20.4,7.9,12.8,2.5,13.6,53.3,30083.05
2021-03-11,15.0,6.9,10.5,4.7,23.0,87.1,28356.32
2021-03-12,8.1,1.8,5.0,12.5,35.5,115.2,32479.08
2021-03-13,11.7,1.5,6.8,0.0,11.5,39.6,38793.7
2021-03-14,14.4,1.8,8.9,0.0,8.0,31.7,33090.13
2021-03-15,14.9,7.6,11.4,0.0,10.7,36.7,37708.2
2021-03-16,12.1,6.3,9.5,2.3,18.0,58.7,39114.12
2021-03-17,11.2,2.1,6.8,2.6,17.7,68.4,39585.84
2021-03-18,7.7,4.7,5.8,12.1,20.6,69.5,32882.7
2021-03-19,10.7,2.8,6.6,1.4,12.6,45.7,39859.29
2021-03-20,16.5,2.2,9.2,0.0,7.4,29.5,23477.75
2021-03-21,19.0,6.5,13.8,0.0,9.8,34.6,40245.56
2021-03-22,16.7,9.6,12.9,18.4,18.3,100.1,1433.43
2021-03-23,17.2,8.8,12.9,8.4,25.2,90.0,12673.16
2021-03-24,8.0,3.4,5.4,24.8,23.7,87.5,10335.99
2021-03-25,5.6,1.8,3.8,9.1,19.7,75.6,24214.74
2021-03-26,5.0,0.7,3.1,11.6,16.1,69.5,3753.76
2021-03-27,5.9,-1.1,2.1,0.0,22.4,68.0,38560.99
2021-03-28,8.3,-1.6,2.9,0.0,12.0,38.5,40837.59
2021-03-29,11.0,-1.5,4.8,0.0,9.7,29.5,40966.27
2021-03-30,14.7,2.9,8.3,0.0,11.9,38.9,41097.61
2021-03-31,10.0,4.9,6.9,4.0,13.0,42.1,24825.1
2021-04-01,8.6,3.4,5.5,8.1,11.8,52.2,36563.08
2021-04-02,6.3,2.9,4.3,10.9,14.9,58.0,19738.36
2021-04-03,9.0,4.2,6.1,7.9,14.4,54.0,21604.08
2021-04-04,11.7,0.1,6.5,0.0,10.1,33.8,41530.67
2021-04-05,19.7,4.3,12.1,0.0,7.9,33.8,41409.77
2021-04-06,21.8,10.4,15.7,0.0,19.0,60.1,41819.12
2021-04-07,21.8,9.6,16.9,0.0,13.0,42.8,41292.88
2021-04-08,19.7,10.4,15.5,0.0,10.8,36.0,40072.38
2021-04-09,12.3,5.9,9.3,1.6,16.1,50.4,40705.0
2021-04-10,5.8,1.5,3.9,13.2,19.9,77.8,3971.73
2021-04-11,6.2,1.9,3.3,6.9,20.6,66.2,16950.6
2021-04-12,5.9,0.3,3.6,4.9,13.3,52.2,18921.33
2021-04-13,9.9,-2.0,4.2,0.0,13.7,43.6,42664.98
2021-04-14,14.0,0.5,8.2,0.0,10.0,33.5,42822.45
2021-04-15,18.9,6.6,13.1,0.0,8.9,29.9,42867.38
2021-04-16,21.7,9.2,15.0,0.0,10.6,33.5,42265.31
2021-04-17,23.6,9.5,17.1,0.0,8.7,34.6,42063.54
2021-04-18,26.0,12.2,19.6,0.0,15.1,50.8,43371.21
2021-04-19,28.2,14.5,21.8,0.0,15.9,42.8,37472.2
2021-04-20,26.2,16.1,21.2,0.5,11.5,39.6,40124.4
2021-04-21,18.9,11.0,15.1,0.0,9.5,34.2,43527.68
2021-04-22,18.3,11.0,14.3,0.0,10.3,35.3,44366.04
2021-04-23,23.0,7.2,15.7,0.0,11.2,35.6,44833.62
2021-04-24,26.3,13.3,19.9,0.1,19.1,69.1,44203.03
2021-04-25,23.6,14.1,18.9,0.0,10.0,40.7,45090.55
2021-04-26,18.6,9.2,14.4,0.0,16.6,54.0,45198.24
2021-04-27,16.0,8.7,12.2,0.1,15.7,49.7,44499.3
2021-04-28,21.0,11.5,16.8,0.0,10.5,35.6,45410.92
2021-04-29,25.4,12.5,19.9,0.0,13.1,42.1,45515.72
2021-04-30,26.4,16.1,21.6,0.0,19.8,58.7,45619.38
2021-05-01,22.2,14.0,19.0,0.0,14.5,49.0,45721.81
2021-05-02,23.3,14.4,19.1,0.0,17.3,55.1,45822.91
2021-05-03,24.6,18.7,21.8,0.0,13.2,45.0,45922.61
2021-05-04,26.1,16.3,22.0,0.0,13.5,47.5,46020.79
2021-05-05,23.3,14.7,19.3,0.0,17.1,57.2,46117.35
2021-05-06,22.3,13.4,17.5,0.0,16.6,57.6,46212.23
2021-05-07,20.0,10.6,15.9,0.0,14.5,49.3,46305.3
2021-05-08,24.8,9.9,19.1,0.0,12.2,38.5,46378.96
2021-05-09,29.1,18.7,23.2,0.0,22.4,80.3,33031.4
2021-05-10,23.2,16.6,20.0,0.0,14.0,44.3,46473.5
2021-05-11,22.9,15.2,18.7,0.0,11.5,38.2,46519.05
2021-05-12,22.2,10.8,18.1,0.0,10.0,33.5,46563.42
2021-05-13,21.3,12.6,16.8,0.0,10.8,34.9,46606.61
2021-05-14,22.3,11.0,17.8,0.0,10.1,34.9,46648.57
2021-05-15,22.0,14.8,18.6,0.0,9.9,34.2,46689.28
2021-05-16,22.4,12.9,18.8,0.0,12.4,41.4,42143.42
2021-05-17,22.4,12.9,17.8,0.0,13.6,45.7,46766.9
2021-05-18,21.3,11.5,16.8,0.0,10.7,36.4,46800.0
2021-05-19,25.5,15.2,21.0,0.0,9.0,31.7,46800.0
2021-05-20,28.3,14.7,22.4,0.0,9.4,31.0,46800.0
2021-05-21,25.0,15.3,20.9,0.0,12.4,41.0,46800.0
2021-05-22,18.1,10.9,14.8,0.0,15.6,52.9,46800.0
2021-05-23,18.4,10.8,14.0,0.0,17.9,56.5,46800.0
2021-05-24,19.6,10.3,15.6,0.0,16.6,50.8,46800.0
2021-05-25,23.7,14.0,19.3,0.0,18.6,60.1,46800.0
2021-05-26,25.1,15.0,20.5,0.0,12.6,40.7,46800.0
2021-05-27,25.0,18.9,21.5,0.0,13.7,42.8,46800.0
2021-05-28,23.4,15.7,19.7,0.0,14.2,46.1,46800.0
2021-05-29,21.4,11.7,16.8,0.0,16.5,52.2,46800.0
2021-05-30,22.0,11.3,17.7,0.0,12.0,38.9,46812.17
2021-05-31,29.0,14.0,21.2,0.0,19.2,75.2,46808.22
2021-06-01,22.2,12.9,17.9,0.0,14.7,48.6,46804.09
2021-06-02,19.8,11.2,15.2,0.0,14.8,49.3,46882.45
2021-06-03,20.6,10.6,15.8,0.0,13.7,43.9,46964.62
2021-06-04,20.5,11.2,16.1,0.0,12.9,41.8,46877.38
2021-06-05,20.3,11.4,16.1,0.0,16.7,50.0,46962.97
2021-06-06,21.6,12.4,17.4,0.0,14.5,46.4,47051.94
2021-06-07,22.7,13.0,17.5,0.0,12.6,40.0,47052.31
2021-06-08,22.3,12.8,18.0,0.0,14.3,46.1,47145.84
2021-06-09,24.3,15.1,20.5,0.0,16.4,53.6,47052.4
2021-06-10,23.9,13.5,19.5,0.0,18.6,62.3,47148.52
2021-06-11,20.8,11.2,16.2,0.0,15.1,50.4,47247.21
2021-06-12,23.5,12.9,18.4,0.7,14.8,52.9,45728.98
2021-06-13,26.1,18.3,22.0,0.0,12.9,43.2,47351.16
2021-06-14,21.9,12.5,17.9,0.0,14.7,48.2,47353.76
2021-06-15,20.9,11.5,16.3,0.0,15.6,48.6,47458.33
2021-06-16,20.3,12.9,16.0,0.3,19.2,60.1,46842.2
2021-06-17,19.4,12.0,15.6,0.1,15.5,49.0,47567.8
2021-06-18,21.2,12.9,17.2,0.0,15.8,48.6,47570.89
2021-06-19,22.1,14.1,17.8,0.0,15.7,49.3,47468.19
2021-06-20,22.7,12.8,17.9,0.0,13.3,43.2,47682.38
2021-06-21,22.6,11.5,17.2,0.0,14.6,46.1,47578.45
2021-06-22,22.5,13.1,17.7,0.0,15.0,47.5,47580.42
2021-06-23,22.9,14.2,18.5,0.0,13.6,42.5,47582.11
2021-06-24,24.2,16.1,20.0,0.0,13.7,43.9,47691.76
2021-06-25,26.2,16.0,21.5,0.0,14.5,44.3,47693.3
2021-06-26,26.3,16.7,21.6,0.0,15.7,48.6,47803.4
2021-06-27,27.3,18.8,23.0,0.0,14.2,46.4,47695.33
2021-06-28,28.2,20.8,24.1,0.0,16.2,49.0,47805.17
2021-06-29,28.7,18.6,24.4,0.0,15.1,47.5,47696.04
2021-06-30,29.0,19.5,24.4,0.0,15.6,49.0,47805.31
2021-07-01,28.4,21.0,24.6,0.0,16.6,52.6,47804.73
2021-07-02,29.9,22.4,25.6,0.0,16.9,52.6,47803.76
2021-07-03,28.1,17.6,23.5,0.0,17.5,54.7,47802.3
2021-07-04,25.4,17.6,21.0,0.0,17.1,54.7,47691.64
2021-07-05,25.1,15.1,20.0,0.0,14.7,45.7,47689.62
2021-07-06,24.2,13.2,19.5,0.0,14.9,48.2,47687.2
2021-07-07,26.3,15.7,21.6,0.0,14.2,45.0,47684.34
2021-07-08,27.6,16.9,22.6,0.0,13.7,42.1,47681.07
2021-07-09,27.5,18.1,22.8,0.0,16.1,49.7,47755.38
2021-07-10,27.0,19.2,22.7,0.0,16.3,50.0,47720.0
2021-07-11,27.4,19.6,23.3,0.0,15.6,48.2,47578.73
2021-07-12,27.3,19.1,23.2,0.0,16.4,51.1,47541.3
2021-07-13,27.5,18.5,23.0,0.0,19.4,60.1,47400.13
2021-07-14,26.6,18.0,22.5,0.0,16.3,51.5,47361.18
2021-07-15,27.9,19.5,23.1,0.0,17.4,55.8,47421.16
2021-07-16,28.2,19.8,23.9,0.0,16.8,52.2,47180.99
2021-07-17,28.8,18.4,24.5,0.0,14.7,45.7,47042.55
2021-07-18,31.6,18.8,25.2,0.0,11.3,37.4,47098.05
2021-07-19,31.6,20.1,26.6,0.0,11.9,38.9,46960.7
2021-07-20,28.6,18.9,23.9,0.0,13.9,43.9,46825.73
2021-07-21,25.4,17.5,21.1,0.0,15.5,49.7,46875.58
2021-07-22,24.4,16.3,20.1,0.0,16.1,49.7,46653.46
2021-07-23,25.9,16.2,20.3,1.3,17.1,52.9,36976.96
2021-07-24,25.6,16.0,20.5,1.8,16.6,49.3,43516.89
2021-07-25,27.5,17.9,22.1,0.8,14.2,51.1,46203.88
2021-07-26,27.7,17.1,22.8,0.0,13.5,41.4,46326.9
2021-07-27,26.9,18.5,22.8,0.0,18.2,56.2,46289.21
2021-07-28,26.9,17.8,22.6,0.0,20.6,64.8,46250.86
2021-07-29,28.1,18.8,23.3,0.0,17.6,54.7,46211.59
2021-07-30,27.7,18.7,23.0,0.0,16.8,51.8,46101.61
2021-07-31,27.9,20.5,23.8,0.0,15.7,48.2,45996.89
2021-08-01,29.4,20.0,24.7,0.0,16.1,50.4,45961.25
2021-08-02,29.7,21.8,25.1,0.0,15.0,47.5,45894.13
2021-08-03,30.9,18.8,25.4,0.0,14.7,46.1,45854.14
2021-08-04,30.7,20.4,26.1,0.0,15.3,48.2,45813.96
2021-08-05,30.1,19.5,25.9,0.0,14.7,49.0,45773.62
2021-08-06,29.3,24.0,26.1,0.0,15.3,47.9,40710.39
2021-08-07,31.1,19.9,26.2,0.0,16.6,53.6,45692.64
2021-08-08,26.0,16.6,21.4,0.1,18.0,56.9,45652.06
2021-08-09,26.1,17.9,21.4,0.0,17.1,52.9,45611.48
2021-08-10,26.7,18.7,22.3,0.0,17.5,55.1,45570.9
2021-08-11,27.5,16.5,22.3,0.0,15.4,48.2,45530.38
2021-08-12,26.9,17.2,21.9,0.0,15.5,47.5,45489.93
2021-08-13,26.5,16.0,22.1,0.1,14.8,46.8,45449.6
2021-08-14,26.8,17.8,22.4,0.0,17.6,55.1,45388.48
2021-08-15,26.8,18.3,22.1,0.0,18.2,56.5,45286.03
2021-08-16,25.8,17.9,21.8,0.0,18.0,56.5,45182.91
2021-08-17,26.0,17.3,21.2,0.0,17.1,53.3,45078.4
2021-08-18,25.5,16.7,20.4,0.0,15.8,49.3,44972.49
2021-08-19,25.3,16.9,20.7,0.0,15.6,48.6,44865.26
2021-08-20,28.6,15.2,22.7,0.0,13.5,42.5,44756.8
2021-08-21,31.2,17.3,24.7,0.0,12.5,40.3,44647.19
2021-08-22,30.2,18.6,23.9,0.0,13.5,43.6,44536.52
2021-08-23,25.8,17.2,21.1,0.0,15.4,47.5,44424.88
2021-08-24,27.0,17.4,22.0,0.0,12.1,39.6,44312.34
2021-08-25,29.6,16.1,22.9,0.0,11.1,37.4,44198.98
2021-08-26,31.3,22.4,26.3,0.0,10.4,36.7,44045.12
2021-08-27,32.2,20.9,26.3,0.0,11.4,37.8,43724.58
2021-08-28,31.2,21.4,25.8,0.0,11.8,38.9,43409.48
2021-08-29,27.2,18.2,22.4,0.0,13.7,43.9,43434.34
2021-08-30,27.0,17.8,21.8,0.0,13.6,42.8,43454.84
2021-08-31,27.3,16.8,21.3,0.0,10.5,36.7,43147.05
2021-09-01,28.6,18.8,22.9,0.0,11.0,38.5,42951.67
2021-09-02,26.1,17.1,21.4,0.0,14.0,45.7,42863.58
2021-09-03,25.6,14.8,20.6,0.0,14.7,46.1,42672.21
2021-09-04,25.9,15.6,20.2,0.0,15.5,48.2,42383.23
2021-09-05,26.6,16.1,20.1,0.0,13.6,43.2,41926.49
2021-09-06,24.7,13.9,18.7,0.0,13.9,44.3,41558.66
2021-09-07,24.2,13.7,18.8,0.0,13.7,44.3,41800.92
2021-09-08,24.7,15.3,19.9,0.0,14.2,45.0,41700.34
2021-09-09,27.2,17.4,22.2,0.0,18.6,59.4,41531.75
2021-09-10,23.1,15.8,19.4,0.6,16.3,51.5,40423.69
2021-09-11,20.9,14.0,17.1,1.4,16.8,51.5,39700.06
2021-09-12,22.5,12.0,17.0,0.5,14.8,46.8,39830.67
2021-09-13,23.7,14.2,19.2,0.0,13.3,42.8,40543.38
2021-09-14,23.3,13.0,18.3,0.5,15.5,48.6,40055.52
2021-09-15,21.7,13.5,17.4,1.4,14.4,46.4,39829.11
2021-09-16,20.8,12.2,16.3,1.7,14.8,46.1,39821.63
2021-09-17,21.8,11.1,16.5,0.0,14.6,45.4,39990.09
2021-09-18,23.6,11.5,17.6,0.0,13.6,42.8,39833.27
2021-09-19,24.9,13.7,19.1,0.0,14.3,45.4,39764.9
2021-09-20,25.9,15.6,21.5,0.0,15.4,46.8,39640.14
2021-09-21,27.5,14.3,21.2,0.0,15.7,48.2,39651.08
2021-09-22,24.8,13.5,20.0,0.0,15.0,49.3,39627.34
2021-09-23,20.6,14.2,16.9,8.5,21.4,67.7,39600.0
2021-09-24,17.6,12.9,14.6,7.9,18.7,62.3,39600.0
2021-09-25,19.9,8.6,14.4,0.0,12.1,37.8,39600.0
2021-09-26,24.6,11.5,17.6,0.0,12.0,40.3,39600.0
2021-09-27,25.2,13.1,17.9,0.0,13.7,42.1,39600.0
2021-09-28,20.7,11.2,15.8,0.0,13.6,41.0,39600.0
2021-09-29,21.5,11.6,16.6,0.0,13.7,42.1,39599.1
2021-09-30,21.4,11.6,16.4,0.2,12.3,39.2,39515.64
2021-10-01,23.1,10.9,17.2,0.0,9.8,32.4,39432.09
2021-10-02,23.6,13.2,17.8,0.2,12.6,37.8,39348.56
2021-10-03,20.2,12.5,15.8,0.0,15.6,48.6,36573.39
2021-10-04,20.8,10.2,15.2,0.0,14.3,43.9,39181.95
2021-10-05,20.8,10.1,15.1,0.0,15.1,46.1,39099.06
2021-10-06,20.3,9.8,14.8,0.0,14.4,44.3,39016.59
2021-10-07,23.0,9.6,15.8,0.0,10.4,32.8,38926.54
2021-10-08,25.9,12.7,18.4,0.0,12.3,37.4,38798.63
2021-10-09,26.0,13.1,18.3,0.0,11.2,37.1,38671.04
2021-10-10,24.2,12.4,18.2,0.0,11.1,34.9,38543.86
2021-10-11,24.3,12.3,18.0,0.0,10.8,33.8,38417.2
2021-10-12,25.3,12.1,18.4,3.5,11.2,56.2,37953.77
2021-10-13,22.4,13.5,17.5,1.2,15.8,44.6,38165.77
2021-10-14,22.6,11.0,17.1,0.0,12.8,36.4,38041.2
2021-10-15,24.2,11.8,17.6,0.0,9.7,32.4,36385.51
2021-10-16,21.5,14.0,17.2,0.0,14.8,45.0,27026.75
2021-10-17,16.6,10.8,13.7,4.5,17.3,51.1,32464.41
2021-10-18,17.9,11.6,14.1,1.6,15.2,45.0,31886.83
2021-10-19,16.0,9.1,12.6,3.7,13.6,40.0,34092.7
2021-10-20,18.2,7.6,11.9,0.0,13.5,38.9,37282.01
2021-10-21,19.6,6.9,13.0,0.0,13.9,38.9,37082.15
2021-10-22,20.0,8.9,13.4,0.0,12.0,37.1,36885.21
2021-10-23,18.0,8.1,13.3,0.9,14.3,41.0,34284.37
2021-10-24,19.3,7.8,12.9,0.0,11.0,31.3,35139.08
2021-10-25,18.8,8.1,12.7,0.0,12.4,36.4,36314.07
2021-10-26,18.4,9.5,13.6,0.0,12.5,35.6,36021.57
2021-10-27,19.2,8.4,13.3,0.0,13.3,38.5,35951.92
2021-10-28,19.7,8.6,13.9,0.1,13.7,41.0,32394.35
2021-10-29,20.2,10.3,14.3,0.3,13.3,45.0,30452.44
2021-10-30,19.3,9.5,14.0,0.8,9.9,36.0,32602.43
2021-10-31,18.0,8.6,13.9,0.3,14.7,45.4,7639.94
2021-11-01,17.9,12.6,14.5,8.8,19.4,64.1,16187.18
2021-11-02,17.5,8.9,13.1,2.0,13.0,39.6,32400.0
2021-11-03,17.0,8.6,12.3,0.0,14.0,40.3,34912.66
2021-11-04,19.3,7.1,13.0,0.0,7.6,23.4,34769.53
2021-11-05,20.9,8.9,14.1,0.0,10.1,28.1,34709.15
2021-11-06,21.2,8.5,13.9,0.0,11.3,32.0,34647.21
2021-11-07,21.1,7.7,13.7,0.0,10.9,34.2,34583.83
2021-11-08,19.7,8.2,13.0,0.0,14.1,43.2,34451.54
2021-11-09,20.5,8.1,13.2,0.0,13.3,35.6,34259.94
2021-11-10,18.5,7.2,12.6,0.0,22.2,68.0,34264.58
2021-11-11,16.2,4.5,9.5,0.0,12.1,34.9,34203.32
2021-11-12,17.1,4.9,10.3,0.0,14.3,43.9,34141.17
2021-11-13,18.6,8.3,12.7,0.0,18.5,56.2,34027.88
2021-11-14,17.7,9.5,13.3,0.4,15.2,47.9,27967.46
2021-11-15,17.2,9.5,13.2,0.0,13.5,41.0,24527.94
2021-11-16,17.3,8.3,12.8,0.0,14.1,40.3,33806.09
2021-11-17,18.4,8.6,12.6,0.0,11.5,36.7,32656.79
2021-11-18,17.6,7.5,11.7,0.0,12.0,36.0,33160.38
2021-11-19,14.3,7.1,10.7,7.3,9.6,29.2,28901.61
2021-11-20,11.5,6.6,8.8,4.5,10.2,34.6,17750.55
2021-11-21,13.5,5.3,8.6,0.5,15.9,50.4,32660.92
2021-11-22,13.6,3.8,7.7,0.0,10.2,28.8,32833.71
2021-11-23,14.8,3.6,8.5,0.0,7.9,24.8,32907.95
2021-11-24,15.8,6.0,9.6,0.0,10.5,31.3,32400.0
2021-11-25,14.7,5.5,9.8,1.1,11.2,38.5,28903.62
2021-11-26,14.5,6.3,9.6,0.0,11.9,34.2,32498.05
2021-11-27,18.5,4.8,10.9,0.0,10.5,28.1,32636.52
2021-11-28,21.3,7.9,13.5,0.0,14.1,45.4,32400.0
2021-11-29,22.4,9.5,15.2,0.0,13.2,43.2,30333.39
2021-11-30,23.6,10.8,15.5,0.7,15.9,49.7,32400.0
2021-12-01,12.2,5.8,8.2,29.5,18.8,70.2,0.0
2021-12-02,10.6,2.7,6.5,5.7,16.5,61.6,32400.0
2021-12-03,12.2,1.3,6.7,0.0,10.5,38.5,27248.24
2021-12-04,14.2,7.6,10.2,0.0,12.8,39.6,12742.92
2021-12-05,14.0,5.5,9.7,3.4,13.0,44.3,28800.0
2021-12-06,13.9,2.6,7.9,0.0,15.3,54.7,32400.0
2021-12-07,12.2,6.9,9.9,0.0,19.7,63.7,2804.16
2021-12-08,8.8,4.8,6.3,22.2,17.9,64.4,25200.0
2021-12-09,8.6,4.6,6.4,19.1,15.0,64.1,12969.04
2021-12-10,12.9,2.8,7.4,0.0,15.2,54.4,32400.0
2021-12-11,15.7,6.6,9.7,0.0,16.1,53.3,32400.0
2021-12-12,18.6,6.2,11.7,0.0,14.1,48.6,29533.5
2021-12-13,15.7,11.1,12.6,0.0,14.1,49.7,4780.98
2021-12-14,16.0,8.3,11.5,8.6,11.3,45.4,32300.44
2021-12-15,10.3,5.0,7.7,5.6,9.3,37.1,32262.07
2021-12-16,8.5,4.0,6.1,4.4,11.2,38.2,17170.22
2021-12-17,8.1,2.5,4.7,3.9,11.4,42.8,25258.21
2021-12-18,6.7,4.1,5.1,13.2,10.9,47.9,1258.85
2021-12-19,8.1,4.1,5.7,0.3,17.6,57.2,25512.79
2021-12-20,3.7,2.0,2.6,14.9,15.0,58.0,0.0
2021-12-21,5.1,1.4,3.9,26.9,17.8,66.6,231.95
2021-12-22,7.0,4.1,5.3,7.1,15.9,57.6,10506.59
2021-12-23,5.7,3.2,4.1,6.9,16.2,52.6,10352.46
2021-12-24,4.9,-0.9,2.9,3.4,9.7,34.2,11233.96
2021-12-25,7.1,-2.8,1.2,0.0,8.5,24.8,31943.14
2021-12-26,8.4,-1.9,2.2,0.0,9.0,27.0,31960.45
2021-12-27,10.1,-0.6,3.6,0.0,9.0,28.4,31939.07
2021-12-28,9.0,0.1,4.1,0.0,13.6,41.4,13402.53
2021-12-29,9.2,0.4,4.0,0.2,12.3,31.0,31858.67
2021-12-30,9.5,1.5,5.0,0.0,14.3,47.5,28875.83
2021-12-31,11.1,4.7,7.5,0.1,18.5,55.4,26091.15
2022-01-01,9.7,2.9,6.3,1.0,12.9,43.9,24762.54
2022-01-02,9.4,1.1,4.7,1.0,13.0,37.1,31809.29
2022-01-03,8.0,-0.2,4.5,0.2,14.2,41.0,32114.64
2022-01-04,9.3,2.9,6.0,5.2,16.9,51.5,17484.94
2022-01-05,9.2,4.7,7.7,7.1,11.6,41.4,8694.85
2022-01-06,12.6,3.0,7.1,0.0,10.1,31.0,32212.78
2022-01-07,12.6,3.4,7.4,0.0,8.0,31.3,32307.87
2022-01-08,13.4,1.8,7.1,0.0,12.4,45.7,32410.63
2022-01-09,13.7,3.8,8.6,0.1,13.0,43.6,32160.21
2022-01-10,8.7,2.0,4.8,0.1,13.2,45.0,31890.95
2022-01-11,10.6,0.3,4.5,0.0,10.8,32.0,32666.64
2022-01-12,11.7,0.8,6.0,0.0,10.1,32.4,28709.04
2022-01-13,9.9,3.1,6.6,12.6,18.6,54.0,11942.45
2022-01-14,5.4,0.8,3.7,8.5,13.1,45.0,12939.13
2022-01-15,5.3,-1.2,2.4,6.2,16.0,52.9,10294.65
2022-01-16,4.3,-4.4,1.1,5.3,17.0,53.6,26687.84
2022-01-17,2.1,-6.5,-2.8,0.0,11.7,34.2,33468.84
2022-01-18,5.5,-5.9,-0.8,0.0,12.1,42.5,33348.3
2022-01-19,2.0,-5.8,-0.9,42.1,20.0,76.7,0.0
2022-01-20,-0.5,-6.7,-4.3,1.4,16.6,50.0,30006.82
2022-01-21,4.6,-8.2,-0.1,0.5,6.3,19.1,20227.72
2022-01-22,7.2,-2.2,1.7,0.0,10.0,32.8,33896.86
2022-01-23,3.0,-1.0,1.6,35.5,10.7,49.0,0.0
2022-01-24,0.6,-7.5,-1.2,13.0,14.5,49.3,9740.5
2022-01-25,3.1,-9.7,-3.5,0.0,14.2,38.9,34176.39
2022-01-26,1.3,-4.6,-0.2,31.1,11.7,47.5,1332.78
2022-01-27,-0.4,-3.6,-1.6,13.2,10.8,46.1,950.93
2022-01-28,1.8,-0.7,0.4,12.7,9.5,45.4,257.05
2022-01-29,3.5,-3.1,0.5,4.1,8.3,29.2,19436.53
2022-01-30,4.3,-4.4,-0.1,0.0,10.9,38.9,34036.36
2022-01-31,3.7,-2.8,-0.0,0.1,9.7,35.3,23343.83
2022-02-01,4.7,-2.3,0.8,0.7,10.6,29.2,16287.97
2022-02-02,7.4,-2.4,3.3,0.0,14.8,51.8,34876.43
2022-02-03,7.2,0.6,4.6,2.9,13.0,51.8,34583.55
2022-02-04,3.0,0.7,1.7,11.1,9.9,44.6,5604.76
2022-02-05,5.0,0.4,3.0,4.4,10.2,33.5,21771.57
2022-02-06,5.8,2.5,4.2,7.5,15.9,45.7,15065.59
2022-02-07,7.3,4.6,5.9,14.8,13.7,45.0,14400.0
2022-02-08,11.7,0.4,5.5,0.0,12.2,38.2,34754.38
2022-02-09,11.6,0.3,5.4,9.5,18.1,55.1,28059.14
2022-02-10,3.5,0.5,1.6,9.5,13.1,47.2,5798.94
2022-02-11,7.0,-1.3,2.4,0.2,12.3,36.4,35510.21
2022-02-12,10.4,-1.5,4.0,0.0,6.9,21.6,35569.39
2022-02-13,13.3,0.7,6.4,0.0,7.4,23.4,35659.3
2022-02-14,7.4,2.4,5.1,4.7,15.6,44.3,13540.54
2022-02-15,8.2,0.7,4.9,1.7,11.2,32.8,34116.57
2022-02-16,8.5,-0.2,3.6,0.5,11.7,36.4,35086.38
2022-02-17,9.7,-0.6,3.9,0.0,8.2,23.8,26514.33
2022-02-18,11.2,-0.7,5.7,0.0,8.7,27.0,36158.96
2022-02-19,9.3,1.5,5.3,2.3,8.8,33.5,29563.9
2022-02-20,9.8,0.2,5.5,0.0,18.2,55.1,36241.14
2022-02-21,10.9,3.4,6.5,0.0,11.3,35.6,31144.17
2022-02-22,11.8,2.7,6.8,0.1,9.1,34.6,19698.24
2022-02-23,16.8,3.7,10.3,0.0,16.9,64.8,36533.14
2022-02-24,15.4,3.7,10.2,6.3,18.1,70.2,33145.26
2022-02-25,5.7,3.8,4.6,14.6,15.3,51.1,2157.56
2022-02-26,7.7,4.1,5.7,15.4,15.6,54.4,31462.54
2022-02-27,9.9,2.6,6.0,1.7,10.5,31.7,20047.46
2022-02-28,10.8,0.7,6.0,0.0,9.6,31.7,37122.93
2022-03-01,11.5,4.1,8.0,0.4,12.6,40.7,22324.28
2022-03-02,12.9,5.6,9.3,5.3,16.5,52.6,0.0
2022-03-03,10.2,0.9,4.7,32.3,29.5,98.6,4090.63
2022-03-04,5.8,0.4,3.0,8.4,24.1,93.6,14365.57
2022-03-05,9.1,0.9,4.6,0.6,7.9,30.2,36406.97
2022-03-06,12.5,3.8,7.6,4.0,19.6,59.4,22275.95
2022-03-07,10.8,1.5,6.9,0.9,15.2,44.3,36654.5
2022-03-08,11.6,0.3,6.7,0.8,11.7,37.8,36000.0
2022-03-09,8.1,4.9,6.4,10.3,13.9,51.5,2046.12
2022-03-10,5.9,1.5,4.1,21.4,16.1,60.1,7849.61
2022-03-11,1.5,-1.8,-0.3,20.4,26.3,91.8,812.45
2022-03-12,0.3,-1.7,-0.8,13.8,19.2,65.5,1087.44
2022-03-13,0.5,-2.0,-0.8,15.6,17.9,61.6,0.0
2022-03-14,0.0,-6.2,-2.1,2.3,9.8,35.6,22450.88
2022-03-15,-1.2,-10.1,-4.6,1.9,17.9,52.6,38931.27
2022-03-16,3.5,-5.2,-0.8,0.0,15.6,47.9,39389.62
2022-03-17,5.8,-5.1,0.6,4.9,16.9,49.7,25511.3
2022-03-18,6.7,2.3,3.7,15.1,15.5,52.6,31043.64
2022-03-19,3.4,-1.3,1.7,5.2,20.0,60.1,17746.09
2022-03-20,3.3,-3.3,-0.5,0.2,13.7,48.2,39928.99
2022-03-21,4.3,-2.1,1.6,0.9,14.3,44.6,23851.26
2022-03-22,4.3,-2.5,1.8,3.0,10.2,31.3,32298.46
2022-03-23,5.2,-3.9,0.6,4.4,8.8,34.9,29319.86
2022-03-24,3.2,-0.0,1.4,10.4,13.2,46.8,12408.64
2022-03-25,1.7,0.2,0.8,21.4,16.6,55.1,14784.0
2022-03-26,7.4,-1.9,3.2,2.9,15.2,49.3,39600.0
2022-03-27,8.9,-1.0,4.3,2.1,14.7,46.1,40827.68
2022-03-28,13.2,-2.2,5.7,0.0,9.7,38.5,40835.73
2022-03-29,14.6,4.4,9.5,0.0,20.4,61.2,36843.74
2022-03-30,14.6,5.6,11.2,0.0,12.5,50.4,41095.18
2022-03-31,17.3,1.5,10.4,0.0,10.2,38.5,40856.39
2022-04-01,22.5,8.3,14.9,0.0,17.9,52.9,41113.6
2022-04-02,22.9,10.3,17.4,0.0,16.3,41.8,41249.19
2022-04-03,20.7,13.0,17.5,0.0,12.1,36.7,37462.82
2022-04-04,20.2,9.1,15.0,0.0,15.9,46.8,41527.71
2022-04-05,22.7,6.6,17.0,0.0,13.0,40.0,40880.89
2022-04-06,23.5,8.8,15.6,0.0,19.2,67.3,41682.65
2022-04-07,19.3,8.0,14.4,0.0,15.1,50.8,41612.59
2022-04-08,19.9,6.1,13.8,0.1,16.3,58.0,9763.46
2022-04-09,17.6,5.6,11.9,0.0,10.0,32.0,40157.77
2022-04-10,20.7,8.3,15.6,0.0,12.3,40.3,38006.43
2022-04-11,17.3,6.1,13.6,1.2,21.0,62.3,42250.88
2022-04-12,9.7,4.6,6.8,3.6,20.9,63.0,23264.74
2022-04-13,12.0,4.4,7.6,0.0,13.9,41.8,42124.47
2022-04-14,14.7,3.9,9.4,0.0,11.3,35.3,42697.69
2022-04-15,16.3,5.0,10.6,0.0,11.4,34.2,42215.01
2022-04-16,18.2,3.2,12.6,0.0,10.2,32.0,42782.01
2022-04-17,23.9,8.9,16.8,0.0,14.2,42.8,40613.06
2022-04-18,26.6,15.1,20.7,0.0,15.9,51.8,13095.84
2022-04-19,16.5,6.5,12.3,0.1,15.3,48.2,29426.03
2022-04-20,13.0,5.9,8.9,0.0,14.0,42.5,43457.11
2022-04-21,15.7,5.7,10.6,0.0,10.6,33.1,44030.88
2022-04-22,21.9,6.3,15.1,0.0,12.2,35.3,41570.61
2022-04-23,25.6,14.6,19.6,0.0,14.0,46.4,43195.53
2022-04-24,24.1,11.6,18.5,0.5,12.7,43.9,41811.73
2022-04-25,23.1,10.4,18.2,0.5,7.6,27.0,44945.59
2022-04-26,22.8,10.6,18.8,1.6,7.6,27.4,45148.23
2022-04-27,22.5,11.1,17.0,0.1,10.9,36.0,43601.37
2022-04-28,22.3,10.1,16.7,0.7,11.3,37.8,45389.85
2022-04-29,24.0,12.6,18.4,0.0,13.7,43.9,45494.05
2022-04-30,26.9,12.4,19.3,0.0,19.3,60.5,45596.81
2022-05-01,18.6,11.3,14.4,0.1,15.9,48.2,45698.03
2022-05-02,20.6,8.0,14.9,0.5,10.5,36.7,32753.03
2022-05-03,25.0,10.9,18.1,4.4,9.0,41.0,45895.56
2022-05-04,17.2,10.0,14.2,1.7,17.8,55.1,39650.72
2022-05-05,13.1,7.7,9.9,3.7,19.6,58.7,40751.62
2022-05-06,12.6,5.4,9.4,4.1,19.4,56.2,45075.25
2022-05-07,14.4,5.1,9.7,0.6,18.8,54.7,45845.92
2022-05-08,15.5,4.3,10.5,0.0,12.4,36.7,46362.42
2022-05-09,18.7,7.3,13.3,6.5,13.7,41.4,40870.32
2022-05-10,17.1,8.5,13.3,0.0,16.4,47.2,46459.18
2022-05-11,17.7,10.8,14.0,0.0,15.9,47.5,46505.85
2022-05-12,16.1,10.4,12.9,0.0,13.6,40.0,43570.8
2022-05-13,22.0,7.2,15.8,0.1,8.4,30.2,45339.09
2022-05-14,24.6,13.4,19.3,0.0,18.1,52.2,43038.54
2022-05-15,20.1,9.5,16.2,1.2,20.9,74.2,44498.46
2022-05-16,17.3,8.4,13.1,0.0,15.0,44.3,42861.89
2022-05-17,19.8,9.8,15.2,0.0,14.0,41.0,46759.43
2022-05-18,20.9,11.8,17.1,0.0,13.5,38.9,46796.91
2022-05-19,20.9,13.6,17.2,0.0,13.2,41.0,46800.0
2022-05-20,23.1,10.9,18.9,0.0,16.8,48.2,46800.0
2022-05-21,26.1,12.5,19.4,0.0,17.3,51.5,46660.75
2022-05-22,19.4,10.2,16.1,0.2,13.7,47.5,46800.0
2022-05-23,18.4,9.7,13.8,5.7,21.3,71.6,43200.0
2022-05-24,19.9,12.7,16.3,0.0,16.0,49.0,46800.0
2022-05-25,22.0,10.3,17.2,0.0,16.8,48.6,46800.0
2022-05-26,24.1,12.3,19.3,0.0,13.3,38.2,46800.0
2022-05-27,26.3,12.9,20.8,0.0,11.9,40.3,46800.0
2022-05-28,26.7,16.0,22.3,0.1,10.2,37.1,46800.0
2022-05-29,28.0,16.5,23.4,0.1,8.4,32.8,46800.0
2022-05-30,29.0,15.2,23.5,0.0,14.3,41.4,46800.0
2022-05-31,27.1,19.6,23.2,0.0,10.9,34.9,46808.68
2022-06-01,25.8,15.0,20.5,0.0,11.6,35.6,46804.44
2022-06-02,26.1,15.7,20.9,0.0,11.3,36.0,46882.58
2022-06-03,24.5,12.9,19.3,0.0,9.9,31.7,46880.12
2022-06-04,24.1,12.2,19.8,0.0,11.9,36.0,46963.93
2022-06-05,24.7,16.0,20.9,0.0,13.4,40.7,47051.26
2022-06-06,23.0,15.5,19.2,0.0,13.2,41.0,46961.89
2022-06-07,22.4,13.4,18.3,0.3,14.8,45.4,46800.0
2022-06-08,23.6,13.8,18.9,0.0,14.0,43.2,47052.44
2022-06-09,24.5,16.5,20.6,0.0,15.5,49.0,47147.12
2022-06-10,24.8,17.4,21.0,0.0,15.3,45.0,47148.3
2022-06-11,27.7,16.8,23.2,0.0,15.0,46.8,47149.27
2022-06-12,25.5,14.5,20.3,0.9,15.7,51.5,47150.04
2022-06-13,18.6,13.9,15.8,9.4,16.0,47.2,42290.82
2022-06-14,19.6,12.0,16.2,2.5,12.3,38.9,45914.71
2022-06-15,21.0,11.1,16.8,0.4,13.9,41.8,47049.62
2022-06-16,25.2,12.1,19.8,0.0,10.6,34.6,47460.07
2022-06-17,28.7,15.8,22.8,0.0,10.8,34.2,47462.94
2022-06-18,26.6,18.3,22.5,0.0,11.9,37.1,47570.14
2022-06-19,24.6,17.1,20.6,0.0,11.5,37.1,47678.68
2022-06-20,23.8,15.8,19.6,0.0,12.1,38.5,47576.07
2022-06-21,21.5,13.7,17.4,0.2,18.9,56.9,47471.75
2022-06-22,22.0,13.2,17.3,1.3,18.7,53.6,47473.28
2022-06-23,26.1,13.2,20.4,0.0,16.4,48.2,47690.54
2022-06-24,26.6,17.1,22.4,0.0,16.1,46.4,47584.12
2022-06-25,21.0,13.6,17.8,18.5,21.4,64.1,40066.97
2022-06-26,22.9,13.4,18.4,0.0,20.3,61.6,47695.46
2022-06-27,22.8,15.2,18.7,0.0,16.1,47.5,47696.36
2022-06-28,23.7,14.1,19.3,0.0,15.3,45.7,47696.87
2022-06-29,24.4,14.4,19.6,0.0,13.9,41.8,47258.54
2022-06-30,24.1,13.7,19.2,0.0,16.1,45.7,47696.73
2022-07-01,22.8,15.5,19.2,0.0,16.1,47.2,47805.6
2022-07-02,24.2,16.4,20.1,0.0,17.9,52.9,47695.04
2022-07-03,24.7,14.4,20.6,0.0,15.9,45.7,47475.46
2022-07-04,26.0,18.6,21.9,0.0,15.7,45.4,47691.97
2022-07-05,25.7,18.4,21.5,0.0,17.7,51.1,47798.32
2022-07-06,24.6,17.4,21.0,0.0,17.6,51.1,47795.5
2022-07-07,25.2,17.0,21.5,0.0,15.6,46.8,47792.25
2022-07-08,25.3,18.6,21.6,0.0,13.9,42.5,47788.57
2022-07-09,25.6,18.8,21.6,0.0,15.8,47.2,47761.88
2022-07-10,24.7,16.4,20.4,0.0,16.4,49.7,47198.53
2022-07-11,22.7,14.7,18.7,0.0,15.3,44.6,47583.63
2022-07-12,24.8,15.1,20.1,0.0,15.8,46.4,47442.08
2022-07-13,25.6,17.3,21.3,0.0,16.4,47.5,47404.16
2022-07-14,24.4,18.0,20.7,0.0,17.2,50.4,47263.53
2022-07-15,25.2,16.3,21.0,0.0,16.8,49.0,47325.35
2022-07-16,24.1,16.3,20.1,0.0,16.6,48.2,47185.27
2022-07-17,26.1,18.3,21.9,0.0,15.5,45.7,47046.98
2022-07-18,28.0,20.5,23.7,0.0,12.6,39.2,47007.35
2022-07-19,29.0,18.8,24.1,0.0,14.0,42.5,46967.12
2022-07-20,28.7,18.7,23.4,0.0,13.7,40.7,46926.31
2022-07-21,26.1,16.2,21.3,0.0,15.9,46.4,46793.22
2022-07-22,26.7,18.3,21.8,0.0,15.3,45.0,46753.14
2022-07-23,26.1,18.4,21.8,0.0,17.0,49.0,46624.22
2022-07-24,26.9,17.6,22.4,0.0,17.4,50.8,46669.97
2022-07-25,27.2,18.1,22.5,0.0,14.7,45.7,46459.39
2022-07-26,26.6,18.6,22.4,0.0,15.8,46.1,46419.53
2022-07-27,28.0,15.4,22.8,0.0,13.4,40.7,46299.97
2022-07-28,30.3,17.8,24.4,0.0,13.2,40.3,46260.83
2022-07-29,31.3,17.8,24.9,0.0,13.0,38.9,46220.84
2022-07-30,28.8,18.5,24.2,0.0,12.7,40.0,46109.61
2022-07-31,26.0,18.5,22.2,0.0,12.9,38.9,46070.96
2022-08-01,26.3,16.3,21.7,0.0,13.6,41.8,45967.57
2022-08-02,27.0,18.3,22.8,0.0,13.9,41.4,45930.82
2022-08-03,27.8,18.4,24.1,0.0,11.5,36.7,45860.36
2022-08-04,31.5,19.8,26.7,0.0,9.2,32.8,45819.93
2022-08-05,32.2,23.4,27.3,0.0,10.5,34.6,45779.46
2022-08-06,29.1,20.8,24.8,0.0,11.4,39.2,45739.01
2022-08-07,26.3,18.1,22.4,0.0,13.5,42.8,45698.62
2022-08-08,25.1,17.4,21.0,0.0,14.0,43.9,45658.32
2022-08-09,24.6,16.7,20.4,0.0,14.3,44.6,45618.16
2022-08-10,24.3,16.3,20.1,0.0,15.8,48.6,45578.18
2022-08-11,25.1,16.2,20.4,0.0,16.5,50.4,45538.41
2022-08-12,25.1,17.9,21.0,0.0,15.1,44.6,45498.68
2022-08-13,24.7,14.2,19.8,0.0,14.8,45.0,45458.9
2022-08-14,24.5,14.2,19.8,0.0,16.2,48.6,45418.45
2022-08-15,25.0,15.4,20.3,0.0,15.1,44.3,45314.82
2022-08-16,27.7,16.0,21.7,0.0,12.6,39.2,45209.92
2022-08-17,28.4,16.0,22.1,0.0,11.9,38.2,45103.81
2022-08-18,28.5,17.8,22.6,0.0,11.0,35.3,44996.58
2022-08-19,25.5,15.6,20.7,0.0,14.0,42.5,44888.33
2022-08-20,24.9,15.1,21.0,0.0,16.4,47.5,44779.14
2022-08-21,26.6,17.9,22.0,0.0,16.6,48.6,44669.08
2022-08-22,25.1,17.4,21.1,0.0,15.9,47.5,44558.24
2022-08-23,24.4,16.4,20.1,1.7,17.1,47.5,36703.9
2022-08-24,25.7,15.6,20.5,0.0,13.8,41.8,43402.01
2022-08-25,27.2,18.4,22.6,0.0,16.7,46.8,44221.89
2022-08-26,26.9,15.2,21.8,0.0,11.6,36.4,43947.88
2022-08-27,29.4,16.7,23.0,0.0,13.6,40.0,43744.86
2022-08-28,31.9,19.5,25.6,0.0,11.4,37.1,43657.65
2022-08-29,33.2,20.7,27.1,0.0,12.8,40.0,43457.95
2022-08-30,33.8,21.0,27.0,0.0,11.3,38.5,43150.86
2022-08-31,33.3,21.9,27.2,0.0,10.5,34.9,38334.44
2022-09-01,31.1,20.2,25.8,0.0,10.3,36.4,42873.7
2022-09-02,32.0,21.0,26.5,0.0,9.0,32.8,42787.71
2022-09-03,32.5,21.1,25.7,0.0,10.7,35.6,42597.23
2022-09-04,28.1,19.9,23.7,0.0,10.6,35.6,42206.75
2022-09-05,26.5,18.5,22.1,0.0,12.4,40.0,42322.39
2022-09-06,24.6,16.1,19.9,0.5,17.1,48.6,40309.82
2022-09-07,24.5,12.8,18.8,0.0,15.1,43.6,41592.04
2022-09-08,26.2,15.4,20.4,0.0,12.9,39.6,41683.45
2022-09-09,28.3,14.2,21.4,0.0,11.5,35.6,41742.96
2022-09-10,27.9,15.6,21.9,0.0,11.6,35.6,41616.41
2022-09-11,27.2,16.9,21.2,0.0,11.2,35.6,41257.38
2022-09-12,26.2,17.0,21.2,0.0,12.4,39.6,40934.89
2022-09-13,24.5,16.5,19.9,0.0,16.1,48.2,39934.54
2022-09-14,23.7,14.9,18.4,0.2,15.3,45.4,36510.37
2022-09-15,23.1,12.8,18.1,0.0,12.6,37.1,40252.05
2022-09-16,27.2,13.1,20.0,0.0,12.6,38.2,40317.21
2022-09-17,27.8,14.2,21.7,0.0,12.4,38.2,40064.2
2022-09-18,26.9,16.1,21.3,0.0,11.7,36.7,39681.2
2022-09-19,24.1,17.4,19.5,1.3,14.3,43.6,29213.28
2022-09-20,22.7,14.5,18.2,0.8,14.5,43.6,30391.55
2022-09-21,21.4,14.3,17.3,0.2,15.8,46.8,36000.0
2022-09-22,21.7,13.3,16.9,0.0,17.5,51.5,37913.09
2022-09-23,22.6,14.1,17.5,0.0,18.7,55.4,39600.0
2022-09-24,23.8,13.4,18.1,0.0,16.2,50.8,39600.0
2022-09-25,25.0,14.0,18.8,0.0,12.9,39.6,39600.0
2022-09-26,25.6,13.4,19.9,0.0,12.6,38.9,39600.0
2022-09-27,24.0,13.7,19.5,0.0,16.3,48.2,39600.0
2022-09-28,22.6,15.3,17.9,0.0,16.3,47.9,39600.0
2022-09-29,26.4,15.1,20.0,0.0,17.8,57.2,39600.0
2022-09-30,26.8,17.0,22.0,0.0,13.8,42.1,39531.0
2022-10-01,27.7,17.7,22.1,0.0,17.8,51.5,39446.86
2022-10-02,25.9,14.7,20.7,0.0,14.7,42.5,39363.09
2022-10-03,27.2,14.8,20.5,0.0,14.6,43.6,39279.77
2022-10-04,25.4,14.0,19.5,0.0,12.2,38.5,39197.04
2022-10-05,23.8,14.3,18.8,0.0,12.2,36.4,39114.97
2022-10-06,23.3,12.1,18.2,0.0,11.0,34.2,39033.68
2022-10-07,21.6,13.6,17.2,0.3,11.1,35.6,38953.26
2022-10-08,20.3,9.9,14.7,0.6,14.8,44.3,36053.96
2022-10-09,18.6,11.8,14.6,0.7,14.8,43.6,37382.37
2022-10-10,21.3,8.7,14.3,0.0,13.8,40.7,37188.43
2022-10-11,22.4,10.2,15.7,0.0,13.8,39.6,38455.14
2022-10-12,23.0,11.3,16.2,0.0,13.6,39.2,34112.22
2022-10-13,19.7,12.7,15.3,0.5,13.6,38.2,32400.0
2022-10-14,20.1,9.4,14.4,0.3,12.9,38.5,34658.9
2022-10-15,20.0,11.1,15.2,0.2,11.7,35.6,37950.16
2022-10-16,22.2,12.2,16.7,0.4,13.8,49.3,37823.47
2022-10-17,23.7,11.9,16.4,1.2,12.2,42.5,37645.38
2022-10-18,20.0,9.6,14.3,1.5,10.5,33.5,37570.24
2022-10-19,21.1,9.8,14.9,0.0,8.7,30.2,37241.66
2022-10-20,19.8,10.0,15.0,0.0,16.4,49.7,36369.02
2022-10-21,19.3,12.3,15.0,2.6,12.8,38.2,31596.86
2022-10-22,19.6,8.6,13.6,0.1,12.6,36.0,36657.67
2022-10-23,21.6,9.8,14.9,2.6,10.8,34.2,35204.93
2022-10-24,21.0,9.8,14.8,0.2,8.5,27.7,36284.97
2022-10-25,22.3,11.0,16.4,0.0,15.8,51.8,33155.98
2022-10-26,20.1,11.7,15.3,6.8,13.5,52.2,28503.04
2022-10-27,20.2,9.6,14.6,0.6,10.2,31.3,35112.42
2022-10-28,21.0,10.0,14.7,0.1,11.8,34.9,35586.46
2022-10-29,21.9,10.7,15.3,0.0,11.1,33.5,35624.83
2022-10-30,22.0,11.8,16.0,0.1,10.8,36.4,35361.5
2022-10-31,17.8,11.9,14.2,4.3,10.9,33.5,34918.68
2022-11-01,17.1,8.4,12.2,1.2,11.6,34.2,34710.55
2022-11-02,16.4,6.7,11.9,0.7,10.8,32.8,34724.33
2022-11-03,16.9,6.2,11.4,0.0,14.2,40.7,34928.57
2022-11-04,16.6,5.8,10.6,0.2,9.8,30.2,34783.36
2022-11-05,18.7,6.5,12.0,0.0,9.4,35.3,34722.08
2022-11-06,20.9,10.6,14.4,0.0,14.9,46.8,34659.48
2022-11-07,15.0,8.4,11.8,3.2,14.0,42.1,31785.9
2022-11-08,13.5,7.3,10.2,3.2,11.8,36.0,30616.08
2022-11-09,13.7,6.0,9.0,8.6,11.0,34.2,32902.4
2022-11-10,13.9,4.2,9.0,0.3,9.7,30.2,34180.41
2022-11-11,15.9,6.0,10.1,0.4,11.8,37.1,34156.3
2022-11-12,16.9,6.4,10.8,0.4,14.1,44.3,34060.25
2022-11-13,17.6,7.7,11.8,0.8,14.5,44.6,34000.25
2022-11-14,16.9,8.4,11.7,4.9,11.5,33.5,29830.44
2022-11-15,14.5,6.9,10.3,2.2,8.4,29.9,30074.31
2022-11-16,12.2,8.3,9.8,6.8,12.9,38.2,33187.43
2022-11-17,13.1,7.7,10.1,3.2,13.7,40.3,28800.0
2022-11-18,14.1,6.1,9.6,0.4,8.3,25.9,32400.0
2022-11-19,16.1,5.8,10.3,0.0,10.1,27.4,33347.33
2022-11-20,18.1,5.6,10.8,0.0,10.8,41.4,33231.19
2022-11-21,18.3,8.9,12.3,0.0,16.6,49.3,32400.0
2022-11-22,16.7,6.8,11.4,0.6,15.5,50.0,27000.19
2022-11-23,16.5,4.4,10.5,0.0,10.1,40.3,32997.06
2022-11-24,12.6,7.7,9.7,14.2,14.3,48.2,17539.82
2022-11-25,10.9,6.5,8.3,19.6,16.6,62.6,24399.54
2022-11-26,9.2,4.2,6.5,18.4,18.0,68.8,15321.1
2022-11-27,12.1,2.6,7.2,0.0,14.5,51.5,18375.18
2022-11-28,14.6,7.6,10.6,0.9,19.3,56.9,28833.84
2022-11-29,14.0,8.6,10.3,7.7,13.3,47.5,10702.15
2022-11-30,12.3,6.1,9.3,3.7,14.3,41.8,22398.71
2022-12-01,14.0,4.4,8.2,0.1,7.9,25.2,32400.0
2022-12-02,13.5,3.0,7.6,0.0,10.2,28.1,32441.96
2022-12-03,13.7,3.9,7.8,0.0,8.7,23.8,32400.0
2022-12-04,13.3,3.5,7.7,0.0,8.9,26.3,31195.79
2022-12-05,12.8,2.3,7.0,0.4,10.8,31.3,32404.36
2022-12-06,11.3,2.2,6.8,1.0,9.0,27.4,32400.0
2022-12-07,11.8,2.6,6.6,0.4,7.8,24.1,29756.27
2022-12-08,13.0,4.0,7.9,0.2,8.7,24.5,32400.0
2022-12-09,12.7,3.5,7.2,0.3,11.0,31.0,32400.0
2022-12-10,13.4,2.4,7.3,0.0,7.6,22.7,32400.0
2022-12-11,14.7,3.0,8.0,0.0,8.8,27.0,32400.0
2022-12-12,14.1,5.9,9.4,0.4,11.5,38.9,32400.0
2022-12-13,13.5,5.2,9.3,1.0,9.8,31.0,21849.98
2022-12-14,11.7,4.7,8.3,6.6,9.5,29.5,4457.83
2022-12-15,12.5,6.6,9.5,4.5,7.9,26.6,14528.17
2022-12-16,14.6,5.5,9.5,0.0,6.8,26.6,32235.03
2022-12-17,15.7,5.5,9.6,0.0,8.6,27.0,32196.25
2022-12-18,15.6,4.3,8.9,0.0,9.8,27.7,32158.81
2022-12-19,14.4,3.0,8.0,0.0,10.4,27.0,32122.79
2022-12-20,12.9,2.1,6.7,0.0,8.1,25.2,32088.31
2022-12-21,10.4,1.1,5.8,7.0,9.0,29.9,20713.31
2022-12-22,10.9,-0.1,5.1,0.0,11.6,43.6,32024.38
2022-12-23,10.2,1.4,5.2,0.2,15.7,48.6,20676.59
2022-12-24,9.4,2.2,5.4,0.5,12.9,37.4,31967.85
2022-12-25,10.5,1.7,5.6,0.9,8.4,30.6,23614.53
2022-12-26,6.4,2.7,4.8,10.4,12.4,39.2,0.0
2022-12-27,9.6,-0.1,4.2,0.0,8.0,28.1,31898.68
2022-12-28,9.1,-0.7,4.0,0.0,12.6,36.0,31880.2
2022-12-29,10.3,0.2,4.8,0.0,7.6,22.3,31864.12
2022-12-30,9.6,1.2,4.4,0.0,13.0,41.0,31946.88
2022-12-31,9.6,0.7,4.4,0.0,12.5,43.6,31936.3
2023-01-01,10.5,1.9,5.5,0.0,19.2,60.1,31709.62
2023-01-02,12.2,3.3,6.4,0.0,14.7,55.1,31852.85
2023-01-03,12.4,2.5,6.3,0.5,13.4,47.5,32049.35
2023-01-04,9.6,1.2,5.6,6.2,11.6,37.8,30690.26
2023-01-05,9.6,4.5,6.5,0.9,15.1,43.2,31342.56
2023-01-06,8.8,4.0,6.6,7.8,11.9,40.0,6908.82
2023-01-07,9.7,1.4,6.2,8.7,12.3,49.3,29924.6
2023-01-08,10.0,0.4,4.6,0.1,7.4,23.8,32062.89
2023-01-09,9.9,0.5,4.3,0.0,13.0,35.6,31584.93
2023-01-10,8.3,1.3,4.4,0.8,11.7,33.8,25732.31
2023-01-11,10.0,-0.6,3.8,0.0,12.8,46.8,32563.89
2023-01-12,7.1,2.0,4.1,0.4,16.1,47.5,21608.01
2023-01-13,6.9,2.0,4.2,7.9,13.8,44.3,5548.77
2023-01-14,7.6,2.7,4.9,1.4,19.4,56.9,9318.39
2023-01-15,7.7,2.2,4.7,1.5,16.1,46.1,5488.18
2023-01-16,9.1,1.8,5.0,0.8,12.8,41.4,22192.7
2023-01-17,9.9,-0.1,4.3,0.6,11.8,33.1,30255.87
2023-01-18,10.7,0.9,5.9,0.6,8.9,26.3,32738.31
2023-01-19,12.6,0.3,5.6,0.0,8.6,33.8,33604.77
2023-01-20,13.1,2.2,6.4,0.0,15.2,47.2,33690.12
2023-01-21,13.2,0.4,6.2,0.0,11.5,29.9,33778.23
2023-01-22,13.9,1.4,7.2,0.0,10.1,30.6,33868.95
2023-01-23,13.2,2.0,7.1,0.0,9.4,31.3,33962.11
2023-01-24,12.3,2.0,6.5,0.0,12.1,29.9,34057.58
2023-01-25,10.8,0.9,5.1,0.3,10.5,30.2,34155.18
2023-01-26,10.3,-0.9,4.4,0.0,9.2,28.8,34254.77
2023-01-27,12.2,2.5,7.4,0.0,18.5,54.4,34356.2
2023-01-28,14.1,6.6,9.4,4.0,15.8,52.6,23674.94
2023-01-29,7.7,4.1,6.0,4.4,13.0,40.3,14400.0
2023-01-30,6.9,2.8,4.7,6.0,12.0,43.2,11625.97
2023-01-31,3.3,2.0,2.7,19.3,18.0,65.9,0.0
2023-02-01,4.7,-0.6,2.3,27.9,21.2,73.4,0.0
2023-02-02,2.9,-2.1,0.5,18.0,18.0,68.4,31996.07
2023-02-03,5.2,-3.1,1.5,1.2,12.6,45.7,29779.68
2023-02-04,2.4,-1.6,1.2,26.8,11.6,46.8,98.47
2023-02-05,4.6,0.6,2.8,26.0,11.5,58.0,0.0
2023-02-06,4.3,-0.4,1.8,29.1,20.5,81.0,0.0
2023-02-07,0.4,-1.6,-0.7,23.6,20.2,80.6,0.0
2023-02-08,-1.2,-5.2,-2.7,11.5,11.2,47.9,12522.37
2023-02-09,0.6,-6.0,-3.0,0.1,6.9,30.6,23716.35
2023-02-10,2.7,-6.1,-1.5,0.1,10.5,37.4,35431.28
2023-02-11,3.6,-7.6,-1.6,0.0,13.4,43.2,27201.82
2023-02-12,3.5,-6.2,-0.0,0.2,10.6,29.5,28351.23
2023-02-13,4.7,-6.8,-1.4,0.0,9.6,26.6,35610.88
2023-02-14,6.5,-7.1,-0.8,0.0,11.3,35.6,33289.67
2023-02-15,4.3,-1.9,0.3,0.4,16.9,47.2,35003.83
2023-02-16,5.3,-4.1,-0.0,0.0,12.0,34.9,35802.53
2023-02-17,7.1,-3.4,1.0,0.0,10.0,29.5,36006.53
2023-02-18,8.9,-1.9,2.9,0.0,6.8,23.0,36144.37
2023-02-19,11.5,-1.3,4.2,0.0,7.0,24.1,36288.39
2023-02-20,12.6,-0.3,5.5,0.0,9.1,25.2,36418.85
2023-02-21,9.2,1.4,5.0,0.0,11.8,35.3,36000.0
2023-02-22,11.2,0.0,5.6,0.0,7.2,23.8,36525.57
2023-02-23,8.5,2.4,5.8,1.0,10.5,31.0,25369.59
2023-02-24,10.8,-0.5,4.8,0.3,7.1,25.2,35821.76
2023-02-25,11.5,1.6,5.8,0.4,10.5,30.6,34835.14
2023-02-26,16.2,2.6,8.5,0.0,12.8,40.3,36979.61
2023-02-27,17.3,5.9,10.8,0.0,15.9,48.2,37104.6
2023-02-28,17.7,5.1,10.8,0.0,14.4,39.6,37233.87
2023-03-01,18.6,5.7,11.4,0.0,11.4,37.8,37603.88
2023-03-02,19.5,5.6,12.6,0.0,11.4,34.9,37504.72
2023-03-03,14.7,6.8,11.4,0.2,18.7,59.0,35680.38
2023-03-04,14.2,5.0,9.4,0.0,9.4,33.1,37989.48
2023-03-05,22.3,6.2,14.2,0.0,13.9,47.9,36775.61
2023-03-06,10.5,5.1,8.0,6.5,18.7,58.3,29105.11
2023-03-07,11.4,4.2,7.3,1.3,13.9,44.6,36875.96
2023-03-08,11.1,2.8,6.6,1.1,13.0,39.6,34017.2
2023-03-09,10.3,0.2,5.8,0.2,13.8,40.3,38387.12
2023-03-10,13.6,1.3,8.2,0.0,11.7,34.2,38620.07
2023-03-11,17.1,4.7,10.2,0.0,14.9,45.4,38616.68
2023-03-12,16.6,4.1,10.6,0.0,11.2,33.1,38777.85
2023-03-13,14.3,8.1,10.9,4.4,16.1,49.0,34887.07
2023-03-14,10.1,6.5,8.3,9.5,13.8,45.0,0.0
2023-03-15,8.7,5.4,6.5,7.1,15.9,51.5,24775.74
2023-03-16,11.6,3.4,7.3,3.4,16.0,46.4,39181.28
2023-03-17,14.2,3.1,8.4,2.8,14.0,45.4,36694.52
2023-03-18,11.9,3.0,6.6,9.2,12.2,40.7,30376.87
2023-03-19,8.3,4.0,5.5,13.6,17.2,58.7,18000.0
2023-03-20,7.9,3.2,5.5,3.8,14.8,44.3,32892.27
2023-03-21,10.1,1.9,6.1,5.0,17.0,50.4,39773.39
2023-03-22,12.1,0.8,7.8,0.0,12.6,37.1,37791.52
2023-03-23,13.0,5.8,10.0,6.9,7.2,32.4,0.0
2023-03-24,17.5,7.0,12.1,6.0,10.3,34.2,38530.61
2023-03-25,14.8,8.1,11.0,7.2,10.9,37.4,6866.08
2023-03-26,12.2,5.8,8.8,0.4,16.8,49.0,39893.29
2023-03-27,12.5,2.6,7.6,1.2,15.5,42.8,33302.55
2023-03-28,14.4,3.2,9.8,0.0,13.0,40.3,40833.62
2023-03-29,11.8,3.6,6.8,7.3,27.1,80.3,28269.54
2023-03-30,4.4,0.9,3.0,11.6,17.3,57.6,532.61
2023-03-31,5.6,-0.7,1.9,0.2,25.6,73.1,41225.8
2023-04-01,9.7,-1.6,4.8,0.0,13.9,42.5,40985.9
2023-04-02,12.6,1.6,7.8,0.0,11.3,35.3,40105.37
2023-04-03,18.4,4.3,12.0,0.0,10.1,41.4,41384.27
2023-04-04,21.6,9.8,15.6,0.0,18.0,58.0,41394.7
2023-04-05,12.7,6.4,9.1,2.0,18.7,56.2,35723.14
2023-04-06,11.3,4.6,8.2,0.1,15.9,48.6,41546.72
2023-04-07,18.8,4.3,12.0,1.6,20.1,64.1,41691.12
2023-04-08,18.8,9.4,13.7,1.0,7.6,32.0,14203.04
2023-04-09,22.7,11.9,17.2,0.0,11.5,41.0,30382.66
2023-04-10,20.6,12.4,15.7,15.3,14.6,51.5,37379.42
2023-04-11,12.5,4.9,9.2,12.1,13.4,41.4,7438.59
2023-04-12,7.2,3.8,5.2,12.5,15.9,54.7,2283.63
2023-04-13,7.4,3.8,5.0,16.6,16.6,57.2,9228.71
2023-04-14,13.9,4.2,8.7,0.0,9.0,33.5,42157.31
2023-04-15,18.5,6.0,12.1,0.0,14.5,44.3,39666.84
2023-04-16,20.3,9.4,14.6,0.2,11.6,40.0,42541.41
2023-04-17,22.2,9.4,15.6,0.0,10.2,33.8,42231.96
2023-04-18,22.1,12.7,17.1,0.7,13.0,41.8,42728.53
2023-04-19,22.8,9.7,15.9,2.7,14.6,45.4,36199.71
2023-04-20,15.0,5.9,11.2,4.8,15.1,47.5,43574.26
2023-04-21,13.1,3.9,9.0,0.1,12.0,35.6,43581.01
2023-04-22,17.8,4.9,11.7,0.0,9.8,34.9,44339.8
2023-04-23,16.7,9.1,12.8,0.0,11.6,38.2,44126.28
2023-04-24,14.4,8.0,11.5,0.0,13.3,40.0,44868.44
2023-04-25,15.6,5.6,11.1,0.2,13.1,39.2,44929.98
2023-04-26,15.6,6.2,11.5,0.0,11.8,36.4,44785.61
2023-04-27,16.2,5.9,12.2,0.0,13.2,39.6,42892.44
2023-04-28,13.8,5.4,9.7,6.8,15.1,54.7,42136.9
2023-04-29,11.4,4.8,7.5,14.8,15.0,54.4,27150.79
2023-04-30,9.8,5.3,7.2,9.8,14.6,46.8,22526.98
2023-05-01,13.0,2.6,8.2,0.5,12.1,37.4,45294.0
2023-05-02,16.7,5.4,11.1,0.1,11.7,36.7,45768.26
2023-05-03,20.1,7.2,13.9,0.0,9.4,32.8,45868.24
2023-05-04,22.4,9.6,15.8,0.0,17.1,49.7,45967.29
2023-05-05,25.2,14.8,18.9,0.5,19.3,64.4,40903.57
2023-05-06,17.1,8.6,13.5,1.2,14.0,42.5,46162.24
2023-05-07,13.2,7.1,10.6,8.9,13.5,45.7,28950.26
2023-05-08,14.8,6.7,10.3,3.3,13.2,38.5,37320.04
2023-05-09,17.0,5.1,11.5,0.2,10.6,33.1,46401.63
2023-05-10,21.1,8.4,15.3,0.0,11.0,36.4,46450.36
2023-05-11,25.8,12.4,19.2,0.0,14.5,49.3,44239.46
2023-05-12,22.1,11.4,16.9,1.0,14.9,58.7,45664.88
2023-05-13,15.9,8.3,12.7,0.6,18.7,55.4,42908.78
2023-05-14,18.9,8.0,15.0,0.0,11.8,37.1,46631.9
2023-05-15,22.1,9.7,17.0,0.0,8.8,32.4,46673.67
2023-05-16,25.6,13.4,19.2,0.0,16.3,48.2,46713.88
2023-05-17,26.1,15.3,20.8,0.0,11.7,40.0,46752.48
2023-05-18,19.6,11.0,16.0,0.0,15.5,47.5,45888.64
2023-05-19,15.4,9.0,11.8,0.7,15.4,45.0,45889.41
2023-05-20,14.8,6.9,11.3,2.5,13.8,40.7,42867.02
2023-05-21,18.6,6.1,13.2,0.0,11.6,35.6,46800.0
2023-05-22,23.8,12.7,17.6,0.1,17.2,59.0,46800.0
2023-05-23,18.4,11.1,15.3,0.7,13.9,41.8,46800.0
2023-05-24,22.4,9.5,16.8,0.0,10.9,38.9,46800.0
2023-05-25,19.6,10.5,15.9,0.0,13.9,40.7,46800.0
2023-05-26,19.3,8.6,15.8,0.0,12.2,38.9,46800.0
2023-05-27,26.0,12.8,19.5,0.4,14.6,49.7,36000.0
2023-05-28,22.9,14.4,18.3,7.1,19.6,61.2,46800.0
2023-05-29,18.2,12.1,15.2,8.0,12.4,45.0,42945.47
2023-05-30,18.6,10.8,14.8,0.5,12.4,39.2,46800.0
2023-05-31,18.8,9.2,15.0,0.1,12.1,37.1,46800.0
2023-06-01,24.0,10.3,18.2,4.5,15.8,49.0,39600.0
2023-06-02,28.7,13.6,21.1,0.6,16.4,52.9,36591.58
2023-06-03,23.7,13.1,20.0,0.0,12.6,45.0,46880.66
2023-06-04,19.9,11.2,16.0,0.0,11.4,38.2,46800.0
2023-06-05,20.2,12.2,16.3,0.0,11.0,33.5,46800.0
2023-06-06,20.7,13.5,16.6,0.0,12.1,36.7,46962.34
2023-06-07,22.0,14.1,18.2,0.0,13.7,41.0,47052.18
2023-06-08,24.6,13.4,20.2,0.0,10.4,32.8,36159.94
2023-06-09,26.4,17.1,21.6,3.9,13.2,42.1,46976.21
2023-06-10,23.7,15.7,19.5,0.0,13.1,40.0,47147.79
2023-06-11,21.2,11.9,16.9,0.0,13.3,40.3,46955.34
2023-06-12,20.2,11.8,16.3,0.0,13.3,39.2,46953.61
2023-06-13,21.1,11.5,16.7,0.1,14.0,42.5,46800.0
2023-06-14,21.5,13.7,17.6,0.0,14.5,42.1,47352.02
2023-06-15,20.7,14.2,16.7,0.4,16.6,49.3,46543.76
2023-06-16,23.5,14.4,18.9,0.0,15.6,47.9,47356.96
2023-06-17,28.8,14.4,21.7,0.0,18.5,56.9,47462.7
2023-06-18,19.9,13.6,16.4,1.1,18.2,52.9,47256.31
2023-06-19,19.6,11.1,15.3,1.4,17.0,49.3,42914.76
2023-06-20,20.4,12.2,16.2,0.0,14.7,43.9,47576.17
2023-06-21,22.6,13.1,18.3,0.0,14.4,41.0,47578.7
2023-06-22,22.9,15.7,19.0,0.0,14.7,43.2,47580.88
2023-06-23,23.7,14.7,19.9,0.0,15.5,46.4,47690.68
2023-06-24,25.9,14.1,21.4,0.0,12.6,36.7,47692.6
2023-06-25,25.1,17.5,21.0,0.0,13.7,40.3,47802.86
2023-06-26,23.3,17.0,19.8,0.0,15.3,43.9,47804.2
2023-06-27,23.0,15.3,19.3,0.0,14.3,41.8,47805.05
2023-06-28,23.5,13.9,19.8,0.0,12.0,34.9,47805.52
2023-06-29,23.0,14.7,19.3,0.0,14.0,40.7,47805.65
2023-06-30,23.2,14.2,19.5,0.0,13.4,38.5,47805.41
2023-07-01,25.1,15.8,21.0,0.0,12.4,36.0,47804.81
2023-07-02,24.0,16.2,20.1,0.0,12.1,35.6,47803.83
2023-07-03,25.6,16.6,21.5,0.0,14.7,42.1,47802.48
2023-07-04,27.0,19.2,23.2,0.0,14.7,42.5,47800.74
2023-07-05,26.1,18.6,22.1,0.0,13.4,38.2,47798.62
2023-07-06,24.0,14.4,19.8,0.0,13.0,37.4,47796.07
2023-07-07,23.3,15.0,19.3,0.0,14.0,41.0,47793.11
2023-07-08,25.1,13.3,20.5,0.0,13.4,38.5,47682.67
2023-07-09,25.1,15.9,21.3,0.1,15.1,43.6,47553.75
2023-07-10,24.0,14.9,19.6,0.0,16.7,46.4,47625.04
2023-07-11,25.1,14.5,20.6,0.0,14.8,43.6,47588.93
2023-07-12,29.2,16.3,23.0,0.0,12.1,37.1,47551.89
2023-07-13,30.4,17.4,24.6,0.0,12.3,36.4,47617.1
2023-07-14,29.5,21.7,26.0,0.0,13.9,40.0,47373.09
2023-07-15,30.0,21.5,26.0,0.0,14.2,41.4,47334.63
2023-07-16,30.0,22.3,26.3,0.0,13.2,40.3,47295.53
2023-07-17,28.8,19.5,24.7,0.0,15.3,43.9,47157.33
2023-07-18,28.2,19.7,24.1,0.0,14.5,41.8,47117.84
2023-07-19,28.3,19.6,24.2,0.0,12.8,37.4,47077.03
2023-07-20,27.7,17.3,23.9,0.0,13.6,38.9,47034.93
2023-07-21,28.3,20.1,23.9,0.0,12.6,37.1,46899.45
2023-07-22,27.7,17.6,23.8,0.0,13.9,39.6,46676.14
2023-07-23,29.9,21.2,25.9,0.0,14.7,43.6,46724.38
2023-07-24,29.8,21.3,25.8,0.0,18.3,51.1,46595.14
2023-07-25,28.2,20.8,24.7,0.0,16.4,45.0,46553.25
2023-07-26,28.9,19.4,24.5,0.0,14.2,39.6,46428.77
2023-07-27,30.3,19.5,25.1,0.0,14.5,41.0,46387.46
2023-07-28,29.7,21.6,25.7,0.0,13.4,39.2,46268.76
2023-07-29,28.1,18.6,24.0,0.0,13.7,40.3,46228.54
2023-07-30,25.3,15.9,20.7,0.0,14.1,40.7,46116.65
2023-07-31,26.5,15.3,22.0,0.0,14.2,40.0,46078.05
2023-08-01,28.5,17.9,23.5,0.0,12.1,36.4,46038.86
2023-08-02,27.0,16.6,22.6,0.0,13.7,40.0,45937.71
2023-08-03,26.3,16.3,21.5,0.0,13.4,38.5,45868.55
2023-08-04,26.4,15.9,22.0,0.0,14.2,41.0,45828.76
2023-08-05,27.3,19.9,23.6,0.0,15.9,46.4,45789.11
2023-08-06,27.0,17.9,22.8,0.0,14.2,43.2,45749.66
2023-08-07,27.5,18.1,23.0,0.0,15.0,43.9,45710.19
2023-08-08,25.6,17.7,21.2,0.0,13.5,38.9,45670.54
2023-08-09,26.1,16.6,21.4,0.0,11.6,34.9,45630.76
2023-08-10,25.7,17.1,21.5,0.0,12.2,36.0,45590.85
2023-08-11,28.2,17.4,22.5,0.0,10.0,31.7,45550.83
2023-08-12,35.5,18.9,27.3,0.0,9.0,27.7,45510.74
2023-08-13,37.7,24.0,30.4,1.3,14.1,42.8,36979.61
2023-08-14,35.5,25.5,30.3,0.0,13.8,42.8,33866.04
2023-08-15,30.8,22.4,26.9,0.0,11.3,35.6,40595.0
2023-08-16,29.6,20.4,25.3,0.0,11.9,36.0,45231.51
2023-08-17,31.3,22.3,26.8,0.0,10.3,33.1,45125.28
2023-08-18,31.6,21.2,27.4,0.0,12.6,38.5,45018.2
2023-08-19,31.0,22.4,26.7,0.0,10.5,33.5,44910.38
2023-08-20,29.3,19.3,24.5,0.0,11.4,34.6,44801.89
2023-08-21,27.1,17.9,22.7,0.0,10.8,33.8,44692.81
2023-08-22,28.6,18.0,23.5,0.0,10.2,33.1,44583.22
2023-08-23,30.8,19.9,25.2,0.0,9.8,32.8,44473.2
2023-08-24,27.1,17.9,22.2,0.0,12.7,37.1,44362.82
2023-08-25,26.2,15.9,21.6,0.0,13.7,40.3,44252.18
2023-08-26,25.9,16.9,21.6,0.0,14.4,41.0,43974.34
2023-08-27,24.5,16.8,20.3,0.0,15.0,43.2,43534.86
2023-08-28,23.0,16.3,19.0,7.1,19.1,51.8,43165.32
2023-08-29,22.7,15.7,19.1,6.7,16.3,48.6,43036.12
2023-08-30,25.7,14.7,20.8,0.0,15.9,43.6,43285.8
2023-08-31,27.2,16.3,22.6,0.0,14.3,41.4,43088.89
2023-09-01,26.4,18.2,22.6,0.0,13.3,38.2,43001.05
2023-09-02,24.3,16.2,20.2,0.0,13.0,38.5,42911.93
2023-09-03,24.6,15.1,19.5,0.0,12.6,37.8,42718.14
2023-09-04,26.0,12.8,20.0,0.0,9.0,29.2,42628.48
2023-09-05,27.7,16.5,21.4,0.0,10.8,33.5,42338.25
2023-09-06,28.2,14.8,21.5,0.0,13.0,36.7,42348.21
2023-09-07,27.4,17.6,22.8,0.0,12.3,35.6,42161.61
2023-09-08,30.7,23.0,26.9,0.0,15.9,45.0,41978.16
2023-09-09,28.0,16.6,22.2,0.0,14.8,43.2,41429.41
2023-09-10,23.1,14.4,18.8,0.0,17.1,45.7,41090.08
2023-09-11,23.5,13.8,19.2,0.0,16.5,44.3,41088.43
2023-09-12,27.7,16.6,21.2,0.5,13.2,41.8,40665.3
2023-09-13,24.3,15.9,20.1,0.0,14.7,41.4,40466.33
2023-09-14,24.4,14.7,19.1,0.0,16.3,43.6,40454.26
2023-09-15,24.7,11.8,18.6,0.0,11.8,34.6,40333.53
2023-09-16,24.6,12.4,18.6,0.0,11.8,35.3,40233.64
2023-09-17,24.7,14.7,19.5,0.0,13.7,38.9,40065.96
2023-09-18,24.9,15.9,20.2,0.0,15.3,42.5,39981.09
2023-09-19,24.7,15.5,20.1,0.0,12.3,36.4,39761.14
2023-09-20,23.4,12.8,18.2,0.0,11.4,32.8,39701.57
2023-09-21,24.5,13.0,19.1,0.0,11.4,34.2,39622.44
2023-09-22,27.6,14.7,20.9,0.0,11.7,34.6,39625.93
2023-09-23,28.8,15.9,22.9,0.0,10.1,31.7,39600.0
2023-09-24,26.8,16.7,21.9,0.0,11.8,34.2,39600.0
2023-09-25,26.6,15.5,21.9,0.0,12.7,37.1,39600.0
2023-09-26,26.1,16.0,21.1,0.0,12.4,35.6,39600.0
2023-09-27,24.5,13.0,19.1,0.0,10.5,31.7,39600.0
2023-09-28,26.9,15.8,21.5,0.0,17.8,48.6,39600.0
2023-09-29,26.1,16.7,21.4,0.0,16.6,46.1,39600.0
2023-09-30,22.2,13.9,17.8,0.0,21.0,58.3,39546.74
2023-10-01,19.1,13.7,16.4,12.0,16.2,44.3,29535.02
2023-10-02,18.1,13.5,15.1,8.1,16.2,45.0,27589.86
2023-10-03,18.9,12.3,15.3,4.9,13.5,38.2,39300.3
2023-10-04,19.9,10.8,15.3,0.5,11.3,32.4,39219.86
2023-10-05,22.9,13.3,17.8,0.2,13.8,40.3,32106.3
2023-10-06,22.2,14.0,17.4,0.0,12.4,34.9,39060.34
2023-10-07,21.9,11.0,16.6,0.1,10.2,30.6,34583.28
2023-10-08,22.8,14.0,17.6,0.4,11.3,33.8,35268.44
2023-10-09,23.8,13.8,18.5,0.1,12.0,35.6,37148.27
2023-10-10,20.4,14.4,17.0,8.9,12.6,38.9,35163.62
2023-10-11,20.1,10.6,14.8,1.1,9.7,30.2,38188.61
2023-10-12,20.4,11.3,15.3,0.0,11.5,31.7,38358.48
2023-10-13,20.5,10.5,15.2,0.0,9.2,28.1,38066.28
2023-10-14,22.5,9.8,15.5,0.0,8.1,28.4,38103.04
2023-10-15,16.5,11.9,13.5,17.0,16.3,46.8,26701.46
2023-10-16,16.2,11.1,12.9,11.3,14.4,43.6,27447.78
2023-10-17,17.9,9.9,13.4,1.3,11.3,31.0,37526.5
2023-10-18,18.4,8.8,13.2,2.5,12.3,33.8,36665.87
2023-10-19,16.1,10.6,13.1,4.6,14.3,44.6,27171.09
2023-10-20,18.4,10.4,13.4,0.9,9.9,28.4,36425.3
2023-10-21,21.3,9.8,15.0,0.0,10.6,31.7,37115.05
2023-10-22,24.4,12.0,17.5,0.0,12.3,35.6,36059.89
2023-10-23,24.7,13.7,18.7,0.0,10.1,34.2,36606.69
2023-10-24,23.4,12.8,17.5,0.1,9.2,24.5,36303.49
2023-10-25,24.0,12.4,17.3,0.0,10.6,32.4,36464.43
2023-10-26,25.2,13.8,18.5,0.0,14.9,41.0,35946.31
2023-10-27,23.8,14.2,17.9,3.7,11.9,39.2,30063.23
2023-10-28,24.6,12.8,18.6,0.6,8.7,24.8,35708.93
2023-10-29,24.1,14.5,18.8,0.0,6.8,21.6,33787.59
2023-10-30,22.0,13.9,17.5,0.1,9.4,30.6,21652.03
2023-10-31,22.0,13.5,16.9,1.7,15.3,45.4,34178.75
2023-11-01,21.6,12.6,16.0,3.5,14.5,43.9,34877.34
2023-11-02,20.4,11.0,15.0,0.0,8.1,23.8,35002.36
2023-11-03,19.0,10.9,14.5,0.1,11.7,34.9,34682.48
2023-11-04,20.7,9.8,14.8,0.0,8.0,23.8,34960.14
2023-11-05,21.8,10.4,15.2,0.0,7.4,22.3,34813.05
2023-11-06,20.4,9.5,14.9,0.0,10.3,28.8,34671.61
2023-11-07,20.7,11.2,16.3,0.0,10.8,30.6,34608.3
2023-11-08,20.9,10.0,15.0,0.0,7.6,22.0,34475.17
2023-11-09,21.6,10.1,14.9,0.0,9.3,31.7,34413.47
2023-11-10,19.0,10.6,14.8,0.0,9.4,27.4,34289.14
2023-11-11,21.1,10.2,14.7,0.0,7.6,25.9,31233.71
2023-11-12,18.4,11.9,13.8,0.4,13.7,41.0,11401.73
2023-11-13,21.3,11.1,15.5,3.6,16.9,45.4,33562.26
2023-11-14,17.1,10.3,12.7,6.2,8.7,36.0,17534.04
2023-11-15,15.4,7.4,11.2,0.7,9.5,27.0,31957.61
2023-11-16,17.0,7.1,11.8,1.5,13.0,36.4,33730.45
2023-11-17,16.1,10.3,13.1,5.9,10.9,31.3,25768.13
2023-11-18,17.2,8.0,12.4,0.3,11.5,32.0,33168.15
2023-11-19,11.9,4.4,9.7,73.5,24.1,62.3,0.0
2023-11-20,8.4,4.7,6.1,9.0,21.7,61.9,31118.96
2023-11-21,11.5,4.6,7.8,0.3,17.7,54.4,33030.65
2023-11-22,13.8,3.5,8.7,0.0,20.1,58.0,32571.44
2023-11-23,16.4,6.6,11.2,0.0,20.1,58.7,32828.92
2023-11-24,15.8,4.3,9.6,0.0,7.2,25.2,32900.07
2023-11-25,16.3,6.8,10.7,0.0,10.8,31.3,23750.61
2023-11-26,13.7,8.5,10.9,8.6,19.9,71.6,32571.45
2023-11-27,9.6,4.7,6.9,48.4,23.9,73.4,1140.27
2023-11-28,8.3,2.7,5.7,4.7,12.4,44.3,16194.8
2023-11-29,13.0,2.5,6.9,0.0,10.1,25.2,32560.35
2023-11-30,14.5,5.1,8.8,0.0,7.9,23.8,32400.0
2023-12-01,14.8,4.6,9.0,0.0,6.3,19.4,32494.37
2023-12-02,16.0,5.2,9.8,0.0,7.0,20.2,32490.86
2023-12-03,17.7,6.6,11.0,0.0,10.8,35.6,32441.84
2023-12-04,19.8,9.1,13.0,0.0,15.1,42.5,32400.0
2023-12-05,18.7,10.6,13.5,6.5,10.9,35.6,28759.94
2023-12-06,12.3,8.2,9.9,11.9,11.4,42.1,26438.15
2023-12-07,11.6,8.8,10.0,6.6,9.8,35.3,1268.55
2023-12-08,14.2,5.9,9.9,0.4,10.2,42.1,24933.82
2023-12-09,10.0,6.2,8.0,8.3,13.4,49.3,15870.59
2023-12-10,14.1,6.5,9.1,0.0,10.1,37.1,32400.0
2023-12-11,15.5,6.3,9.5,1.2,13.0,37.8,32400.0
2023-12-12,11.5,4.6,8.5,0.2,10.9,29.2,32400.0
2023-12-13,9.8,4.0,6.7,4.3,13.9,38.9,23211.3
2023-12-14,11.8,3.6,8.5,0.0,13.2,37.4,32320.66
2023-12-15,14.9,3.5,9.4,0.0,8.0,25.2,32278.3
2023-12-16,16.6,6.7,10.4,0.0,9.9,28.4,30543.59
2023-12-17,13.8,4.7,9.5,0.0,8.7,25.6,32198.06
2023-12-18,12.5,2.7,6.8,0.0,8.0,24.5,32160.41
2023-12-19,11.6,1.6,6.0,0.0,6.5,19.8,32124.57
2023-12-20,12.7,2.4,6.3,0.0,11.2,36.0,32097.72
2023-12-21,12.6,4.5,7.9,0.0,18.7,51.8,13216.63
2023-12-22,8.7,5.4,7.0,43.3,16.2,59.0,2234.39
2023-12-23,9.2,6.4,7.6,42.3,22.2,67.7,3620.55
2023-12-24,10.1,4.2,7.6,6.4,18.4,51.1,29502.45
2023-12-25,12.4,3.3,7.2,0.5,10.7,29.5,31545.22
2023-12-26,13.7,3.5,7.3,0.0,10.4,36.4,31972.29
2023-12-27,14.5,6.2,9.4,0.4,15.9,46.1,31909.94
2023-12-28,13.9,5.2,8.8,0.8,6.8,24.8,31890.76
2023-12-29,12.4,2.8,6.8,0.0,8.0,28.4,31966.83
2023-12-30,12.4,2.3,6.6,0.0,8.4,23.8,31857.12
2023-12-31,11.5,2.4,6.4,0.0,7.2,19.8,31842.76
