Country,Date,Temp_Max,Temp_Min,Temp_Mean,Precipitation_Sum,Windspeed_Max,Windgusts_Max,Sunshine_Duration
Pakistan,01-01-2000,16.3,1.4,9.3,0,10.2,19.8,33018.6
Pakistan,02-01-2000,15.7,1,9.1,0,9,15.5,32944.72
Pakistan,03-01-2000,15.6,1,9,0,9,16.6,32990.78
Pakistan,04-01-2000,15.3,0.6,8.7,0,8.7,13.7,32994.82
Pakistan,05-01-2000,15.4,-0.2,8.4,0,9,14.4,33051.64
Pakistan,06-01-2000,17.4,3.5,10.5,0,10.9,21.6,32851.34
Pakistan,07-01-2000,17.1,5.5,11.2,0,14,27.4,32636.48
Pakistan,08-01-2000,14.3,5.3,9.9,0,8.2,19.4,21878.06
Pakistan,09-01-2000,16.5,7.5,11.3,0,17.7,37.4,32776.77
Pakistan,10-01-2000,11,3.3,7.4,1.3,9.3,20.2,8926.44
Pakistan,11-01-2000,7.5,3.8,5.8,9.4,9.7,35.3,12930.27
Pakistan,12-01-2000,9.8,0.9,5.9,1.8,19.3,38.2,27330.89
Pakistan,13-01-2000,3.8,-3.8,-0.4,0,35.3,68.8,33739.68
Pakistan,14-01-2000,7.3,-2.8,1,0,26,54,33851.29
Pakistan,15-01-2000,6.9,-4.8,0,0,21.7,43.2,33968.21
Pakistan,16-01-2000,7.6,-6.3,1.1,0,8.5,21.2,33999.23
Pakistan,17-01-2000,10.7,-3.3,4.1,0,8,14.4,32849.27
Pakistan,18-01-2000,13.4,1.3,7.8,0,11.5,24.8,33693.08
Pakistan,19-01-2000,16.1,4.1,10,0,18.4,37.8,33512.6
Pakistan,20-01-2000,16.2,0.7,9.1,0,11,23.4,33155.54
Pakistan,21-01-2000,15,5,10,0,12.9,26.3,33823.84
Pakistan,22-01-2000,14,1.9,8.4,0,11.1,20.2,34417.69
Pakistan,23-01-2000,14.1,3.1,8.7,0,16.4,31.7,34479.85
Pakistan,24-01-2000,14.4,4.1,9.4,0.8,18.1,35.3,34542.57
Pakistan,25-01-2000,12.7,0.9,7.6,1.6,16.6,32.4,34689.54
Pakistan,26-01-2000,10.5,-2,5.3,0,9.2,20.2,34498.23
Pakistan,27-01-2000,12.1,-0.3,6.1,0,8.9,21.2,34994.11
Pakistan,28-01-2000,16,-0.3,8.3,0,11,21.6,35151.75
Pakistan,29-01-2000,19.7,3.4,11.9,0,11.9,24.8,35222.29
Pakistan,30-01-2000,21.2,6,13.6,0,18.2,35.6,35385.17
Pakistan,31-01-2000,17.2,5.2,10.9,0,24.7,49,35457.12
Pakistan,01-02-2000,17.3,1,8.8,0,28.1,54.7,35674.39
Pakistan,02-02-2000,12.5,2.2,6.8,0,16.4,32.4,24754.92
Pakistan,03-02-2000,12.1,-0.1,6.1,0,12.4,28.8,33799.72
Pakistan,04-02-2000,9.3,2.3,5.3,6,16.7,34.2,31306.68
Pakistan,05-02-2000,12.9,0,6.1,0,15.5,32.8,36059.08
Pakistan,06-02-2000,11.5,-3.4,5.1,0,9.1,21.6,36156.89
Pakistan,07-02-2000,11.5,-0.3,6.3,0,14.8,30.2,36255.12
Pakistan,08-02-2000,10.1,0.7,6.2,1.4,19.3,37.8,28148.06
Pakistan,09-02-2000,11.2,4.4,7.3,4,16.4,38.9,24058.1
Pakistan,10-02-2000,10.2,-1.2,4.3,0,19.4,39.2,36555.15
Pakistan,11-02-2000,10,-3.3,2.9,0,21.7,43.6,36658
Pakistan,12-02-2000,9,-6.9,2,0,9.1,23.4,36762.12
Pakistan,13-02-2000,10.7,-5.9,3,0,9.4,18.4,36867.4
Pakistan,14-02-2000,13.2,-4.9,5.2,0,9.7,19.1,36973.72
Pakistan,15-02-2000,14.7,3.1,8.9,0,19.7,39.6,37080.97
Pakistan,16-02-2000,14.6,2,7.7,0,25.8,51.1,37189.03
Pakistan,17-02-2000,15.7,-0.3,7.5,0,17.8,37.4,37297.8
Pakistan,18-02-2000,14.1,0.1,7.8,0,15.9,28.4,37407.17
Pakistan,19-02-2000,13.8,-0.4,7.2,0.5,20.2,38.5,37517.03
Pakistan,20-02-2000,13.7,-0.6,7.1,0,16.1,35.3,37627.27
Pakistan,21-02-2000,12.5,-0.9,6.3,0,14.3,29.5,37737.81
Pakistan,22-02-2000,13.9,1.1,7.5,0,23.4,46.4,37848.53
Pakistan,23-02-2000,14.5,1.2,8.8,0,13,28.8,37959.35
Pakistan,24-02-2000,16.7,-0.8,8.5,0,14.1,30.6,38070.16
Pakistan,25-02-2000,18,4.1,10.8,0,17.3,36.4,38180.88
Pakistan,26-02-2000,18.2,1.4,11,0,17.1,32.4,38291.4
Pakistan,27-02-2000,20.9,5.3,14,0,19.5,34.9,38401.64
Pakistan,28-02-2000,22.6,6.5,15.2,0,23.6,45.4,38511.54
Pakistan,29-02-2000,23.1,9.6,16.2,0,28.2,59,38621.8
Pakistan,01-03-2000,21.2,9.5,15,0,26.4,53.6,38732.82
Pakistan,02-03-2000,20.3,6,13.3,0,20.6,44.3,38844.51
Pakistan,03-03-2000,20.6,3.8,13.2,0.2,22.1,45,38956.77
Pakistan,04-03-2000,15.7,5.5,10.7,0,31.3,61.6,39051.83
Pakistan,05-03-2000,17,2.3,9.7,0,21.9,45,39122.15
Pakistan,06-03-2000,15.6,0.8,9,0,22.6,44.3,39193.19
Pakistan,07-03-2000,16.3,2.2,10.4,0,12.1,28.1,39264.83
Pakistan,08-03-2000,20,3.6,11.7,0,16.9,32.8,39337.01
Pakistan,09-03-2000,22.1,5.8,14.4,0,19.2,36.4,39409.59
Pakistan,10-03-2000,23,6.1,16,0,17.5,35.3,39364.61
Pakistan,11-03-2000,20.1,7.1,13.5,0,16.5,33.5,39555.64
Pakistan,12-03-2000,18.1,3.6,12.1,0,14,32.4,39600
Pakistan,13-03-2000,19.4,3.1,12.4,0,15.8,31.7,39600
Pakistan,14-03-2000,19.8,5.4,13.7,0,19.3,38.5,39600
Pakistan,15-03-2000,20.9,6.1,14.7,0,24.5,48.6,39600
Pakistan,16-03-2000,23,10.3,16.3,0,23.8,48.6,39600
Pakistan,17-03-2000,21.2,7.7,14.1,0,27.2,55.4,39631.25
Pakistan,18-03-2000,20.7,5.8,13.3,0,17.6,34.9,39629.06
Pakistan,19-03-2000,21,4.6,14,0,15.7,28.4,39626.43
Pakistan,20-03-2000,16.8,8.2,13,0.7,11.9,33.1,25808.76
Pakistan,21-03-2000,18.2,5.9,12.1,0.7,18.1,38.5,38971.64
Pakistan,22-03-2000,17,4.9,11.1,0.8,9.5,29.5,39615.23
Pakistan,23-03-2000,21.1,6.3,14.1,0,17.9,32.4,39825.43
Pakistan,24-03-2000,23.8,9.4,17,0,14.5,28.4,39817.57
Pakistan,25-03-2000,25.9,12,19.2,0,11.8,27.4,39896.34
Pakistan,26-03-2000,26.3,9.8,19.3,0,17.2,33.5,38534.99
Pakistan,27-03-2000,27.1,13.8,20.8,0,18,36,38316.8
Pakistan,28-03-2000,26.4,10.7,20.1,0,22.4,44.3,36582.22
Pakistan,29-03-2000,26.1,11.8,19.4,0,26.3,50.4,37976.29
Pakistan,30-03-2000,24.7,9.8,18.4,0,24.1,47.5,40322.99
Pakistan,31-03-2000,23.5,11.9,17.9,0,19.8,40.3,40309.26
Pakistan,01-04-2000,24.2,9.1,18,0,12.8,26.3,41210.61
Pakistan,02-04-2000,26,9.9,19.1,0,16.3,35.6,40950.81
Pakistan,03-04-2000,27.3,11.5,20.3,0,24.8,48.2,41675.47
Pakistan,04-04-2000,27.5,12.3,20.2,0,19.4,40.7,41979.04
Pakistan,05-04-2000,25.9,8.2,18.9,0,15.9,32,42149.97
Pakistan,06-04-2000,27.4,12.9,20.9,0,24.8,45.4,41443.4
Pakistan,07-04-2000,27.8,13,21.4,0,16.6,32,41485.39
Pakistan,08-04-2000,27.8,12.1,20.9,0,15.6,34.6,42379.32
Pakistan,09-04-2000,31,15.5,23.5,0,19.3,40.7,42654.09
Pakistan,10-04-2000,32.1,14.8,24.6,0,13,29.5,42629.05
Pakistan,11-04-2000,32.6,14.2,25.1,0,17.6,32.8,42703.81
Pakistan,12-04-2000,33.2,16.6,26.4,0,20.2,38.5,41847.7
Pakistan,13-04-2000,32.6,16.5,25.6,0,20.6,46.8,43171.69
Pakistan,14-04-2000,30,14.8,23.4,0,17.5,38.9,43249.08
Pakistan,15-04-2000,30.7,16.3,24.3,0,18.2,33.5,43435.43
Pakistan,16-04-2000,31.5,14.4,24.9,0,16.3,30.6,43512.61
Pakistan,17-04-2000,32.7,17,26.2,0,19.9,36.4,43025.04
Pakistan,18-04-2000,33.9,18.4,27.1,0,16.5,32,42240.62
Pakistan,19-04-2000,34.3,16.4,26.9,0,18.6,38.2,42928.53
Pakistan,20-04-2000,33.2,16.7,26.5,0,24.5,40,39363.53
Pakistan,21-04-2000,28.3,21,24.7,0,11.8,29.5,25251.48
Pakistan,22-04-2000,30.8,17.3,24.8,0.3,18.4,36.7,43593.34
Pakistan,23-04-2000,33.9,15.7,25.4,0,24.5,47.5,43779.38
Pakistan,24-04-2000,35.7,15.4,26.7,0,29,58.7,44546.32
Pakistan,25-04-2000,35.6,21.3,28.6,0,23.6,47.9,44640.16
Pakistan,26-04-2000,34.5,18.7,27.9,0,23.3,49.7,44732.77
Pakistan,27-04-2000,33.6,19.4,27.1,0,31.4,64.1,44824.07
Pakistan,28-04-2000,32,15.7,25,0,25.3,54.7,44914.03
Pakistan,29-04-2000,32.5,16,25.3,0,21.3,41,45003.16
Pakistan,30-04-2000,33.8,18,26.4,0,22.7,45,44461.95
Pakistan,01-05-2000,34.7,18.1,27.9,0,16,35.6,45179.69
Pakistan,02-05-2000,36.1,20.1,29.2,0,18.8,34.6,45107.5
Pakistan,03-05-2000,36.8,24.8,30.7,0,21.3,39.6,44229.55
Pakistan,04-05-2000,36.3,23.6,29.7,0,14.7,37.4,43133.33
Pakistan,05-05-2000,33.6,20.3,27.1,0.1,18.3,42.5,45274.13
Pakistan,06-05-2000,36.1,22.3,28.4,0,20,42.8,45580.42
Pakistan,07-05-2000,35.8,22.1,28.7,0,19,37.4,45617.69
Pakistan,08-05-2000,34.9,19.6,28.1,0,13.6,29.2,43200
Pakistan,09-05-2000,35.6,21.4,29.4,0,17,32,44778.27
Pakistan,10-05-2000,36.3,24.5,30.2,0.2,16.1,33.5,41918.63
Pakistan,11-05-2000,37,23.8,30.4,0,26.2,41.4,43782.33
Pakistan,12-05-2000,37.3,23.5,30.4,0,28.8,50.8,45802.32
Pakistan,13-05-2000,35.7,22.9,28.8,0,21.7,50.8,38744.45
Pakistan,14-05-2000,35.6,22,28.5,0,26.4,50.8,45874.72
Pakistan,15-05-2000,35.7,20.1,28.7,0,24.2,37.1,45910.46
Pakistan,16-05-2000,35.6,22,29,0,18.8,36.4,45945.84
Pakistan,17-05-2000,35.6,21.9,29,0,20.8,40,45980.82
Pakistan,18-05-2000,37.1,21.3,29.6,0,24.4,55.4,46015.49
Pakistan,19-05-2000,36.4,23.2,30,0,17.9,33.8,46050.25
Pakistan,20-05-2000,37.6,18.7,29.9,0,19.9,36.7,46085.09
Pakistan,21-05-2000,39.3,23.1,31.6,0,23.2,38.9,46119.96
Pakistan,22-05-2000,40.4,23.4,32.4,0,25.6,53.3,46154.77
Pakistan,23-05-2000,39.3,22.8,32.2,0,26.8,53.3,46189.46
Pakistan,24-05-2000,38.7,21.9,31,0,26,51.5,46223.97
Pakistan,25-05-2000,38.8,23.7,31.8,0,25,50,46258.23
Pakistan,26-05-2000,38.8,22.7,31.8,0,20,38.9,46292.15
Pakistan,27-05-2000,38.2,24.1,31.5,0,12,29.5,46325.69
Pakistan,28-05-2000,38.3,24.3,31.4,0,17.4,34.2,46358.77
Pakistan,29-05-2000,39,24,30.7,0,36.1,69.8,46391.31
Pakistan,30-05-2000,39,21.7,30.2,0.1,28.8,60.1,46423.25
Pakistan,31-05-2000,37,22.3,29.5,1.1,27.8,53.3,46454.52
Pakistan,01-06-2000,37.8,21.8,29.7,0,26.7,53.3,46485.05
Pakistan,02-06-2000,37,23.7,30,2.8,27.4,54.7,46514.77
Pakistan,03-06-2000,36.8,22.7,30,0,30.3,56.9,46543.6
Pakistan,04-06-2000,34.6,17.6,26.4,0,20.2,43.2,46571.5
Pakistan,05-06-2000,32.7,19.3,25.2,1.2,21.2,42.1,45152.44
Pakistan,06-06-2000,32.3,19.2,25.5,1.8,16.2,42.1,46485.74
Pakistan,07-06-2000,33,19.3,26.8,0,18.2,36.7,46648.92
Pakistan,08-06-2000,33.7,21.4,28.2,0,23.2,42.1,46673.27
Pakistan,09-06-2000,32.8,19.1,26.2,0.1,22.2,43.9,46697.2
Pakistan,10-06-2000,32.6,19.3,25.3,0.3,19.9,42.5,46720.65
Pakistan,11-06-2000,34,19.6,27.1,0,23.4,43.2,46743.53
Pakistan,12-06-2000,37.4,22.2,29.9,0,14.6,37.1,46765.78
Pakistan,13-06-2000,38.8,23.9,31.2,0,20.7,43.9,46787.32
Pakistan,14-06-2000,39.1,23.3,32.2,0,19.4,39.6,46800
Pakistan,15-06-2000,37.6,23.3,31.5,0,19.9,40,46800
Pakistan,16-06-2000,36.9,22.1,30.8,0,18.7,40.7,46800
Pakistan,17-06-2000,35.8,21.6,29.6,0,15.9,37.4,46800
Pakistan,18-06-2000,35.8,20,29.3,0,14.1,32.4,46800
Pakistan,19-06-2000,35.4,22.7,29.8,0,15.7,31,46800
Pakistan,20-06-2000,35.3,22.8,29.6,0,14.7,29.5,46800
Pakistan,21-06-2000,36.6,24.3,30.2,0,26.7,51.5,46800
Pakistan,22-06-2000,37.2,21.8,30.7,0,20.5,43.9,46800
Pakistan,23-06-2000,36.6,23,30,0,21.9,44.3,45872.09
Pakistan,24-06-2000,36.7,22,30,0,24,43.6,46800
Pakistan,25-06-2000,39.2,23.2,31.6,0,22,44.3,46800
Pakistan,26-06-2000,39.3,24.3,32.2,0,22,41,46800
Pakistan,27-06-2000,38.8,25.3,31.8,0,20.7,41,46800
Pakistan,28-06-2000,36.9,24.3,30.5,0,16.9,41,46392.61
Pakistan,29-06-2000,36.3,24.3,30.4,0,19.1,36.4,46800
Pakistan,30-06-2000,35.3,24.3,29.9,0,22.3,42.8,46800
Pakistan,01-07-2000,35.2,24.3,29.4,0,23.9,50,46800
Pakistan,02-07-2000,34.6,22.6,27.9,0.2,25.1,54,46800
Pakistan,03-07-2000,33.8,22,26.5,2.5,24.6,48.6,46221.44
Pakistan,04-07-2000,32.5,21.3,26.4,0.2,19.4,40,43812.09
Pakistan,05-07-2000,34,21.9,27.9,0,20.7,37.4,46800
Pakistan,06-07-2000,37.4,22.9,30.6,0,26.4,48.6,46800
Pakistan,07-07-2000,38.5,24,31.8,0,23.9,46.1,46800
Pakistan,08-07-2000,37.8,24.4,31.3,0,22.1,42.5,46800
Pakistan,09-07-2000,37.7,23.8,31.1,0,21.2,43.2,46800
Pakistan,10-07-2000,36.6,24.6,30.7,0,24.5,45.7,46800
Pakistan,11-07-2000,36.4,23.5,29.3,0,22.7,46.4,46800
Pakistan,12-07-2000,33.8,23.8,27.8,2.9,16.8,37.4,42196.76
Pakistan,13-07-2000,29.9,22.6,25.6,2.3,12.7,31.3,39692.8
Pakistan,14-07-2000,29,21.9,25.4,1.1,15.8,33.5,43088.24
Pakistan,15-07-2000,30.7,22.4,25.8,1.1,16.3,31.7,41960.16
Pakistan,16-07-2000,31.5,21.8,26.1,0.2,18.8,41.8,42657.87
Pakistan,17-07-2000,31.8,21.9,25.7,0.7,25.3,46.1,46107.78
Pakistan,18-07-2000,31.7,20.7,25.2,0,24,49,45772.27
Pakistan,19-07-2000,32,20,25.6,0.4,17.6,36.7,42165.75
Pakistan,20-07-2000,29.7,20.8,25.6,0.1,13.8,31.7,45278.07
Pakistan,21-07-2000,30.2,21.2,25.6,0.1,14.3,31.7,44256.17
Pakistan,22-07-2000,30.7,21.3,25.5,0.7,16.1,35.3,37734.04
Pakistan,23-07-2000,31.7,21,25.4,0.2,21.3,45,44561.25
Pakistan,24-07-2000,33.1,19.7,26.3,0,25,48.2,46549.4
Pakistan,25-07-2000,34.3,20.4,27.4,0,26.9,51.8,46482.98
Pakistan,26-07-2000,34.9,20.5,27.8,0,23.4,46.4,46415.04
Pakistan,27-07-2000,36.7,21.8,29.7,0,19.4,42.1,46345.63
Pakistan,28-07-2000,36.5,23.2,30.1,0,21.3,42.1,46180.78
Pakistan,29-07-2000,36.4,23.9,29.5,0,23.6,45.7,44253.97
Pakistan,30-07-2000,36.2,22.7,28.9,0,25,47.5,46129.45
Pakistan,31-07-2000,37,22.8,29.3,0,27.1,50,46054.98
Pakistan,01-08-2000,36.2,21.9,29,0,25.4,51.8,45846.89
Pakistan,02-08-2000,33.7,21.5,27.5,1,27.2,55.1,45902.84
Pakistan,03-08-2000,31.3,21.4,25.2,2.9,22.9,46.8,41883
Pakistan,04-08-2000,29.4,19.7,23.8,1.5,20.1,41.8,42122.3
Pakistan,05-08-2000,32.4,19.6,25.3,0.9,20.7,43.2,45667.7
Pakistan,06-08-2000,34.5,21.5,27.9,0,18.4,37.1,45319.57
Pakistan,07-08-2000,34.2,21.9,28.3,0,18.7,38.5,44525.3
Pakistan,08-08-2000,35.5,22.8,29.1,0,19.8,40.3,45050.95
Pakistan,09-08-2000,36.1,23.2,29.1,0,21.4,41.8,45186.15
Pakistan,10-08-2000,32,22.8,26.6,2.6,19.6,42.8,42534.37
Pakistan,11-08-2000,30.2,20.9,25.1,0.1,15.3,32.8,41128.05
Pakistan,12-08-2000,28.3,20.9,23.9,14.5,14.7,31.7,32459.21
Pakistan,13-08-2000,29,20.7,24.1,3.1,12.6,25.9,42633.73
Pakistan,14-08-2000,31.2,21.2,25.6,0.2,17.9,32.4,44179.58
Pakistan,15-08-2000,32.4,21.5,26.3,0,19.4,39.6,44206.21
Pakistan,16-08-2000,33.2,21,26.8,0,22.9,42.1,44299.39
Pakistan,17-08-2000,35,20.5,27.7,0,16.7,32.8,44253.66
Pakistan,18-08-2000,33.8,19.8,27.5,0,19.6,39.6,43677.06
Pakistan,19-08-2000,31.5,21.4,26.4,0,22.5,42.1,43282.48
Pakistan,20-08-2000,34.3,21.4,27.4,0,22.5,44.3,43098.41
Pakistan,21-08-2000,35.5,20.8,28.5,0,21.3,42.8,43428.37
Pakistan,22-08-2000,33.6,23.2,27.6,0,24.1,45.7,42992.99
Pakistan,23-08-2000,33.4,20.1,26.4,0,19.2,36.4,41722.38
Pakistan,24-08-2000,33.2,20.6,26.7,0,16.3,33.5,42552.3
Pakistan,25-08-2000,32.2,21,26.2,2.3,15.3,31,40145.09
Pakistan,26-08-2000,31.7,21.3,26.4,0.4,9.9,24.1,41267.01
Pakistan,27-08-2000,34.4,23,28.3,0.3,15.3,35.6,41534.66
Pakistan,28-08-2000,36.3,22.2,29.3,0.3,24.1,45.7,41819.27
Pakistan,29-08-2000,37.1,22,29.6,0,24.2,43.9,41470.82
Pakistan,30-08-2000,36.3,22.1,29.1,0,21.5,39.6,41712.35
Pakistan,31-08-2000,35.5,21,28.2,0,24.2,44.6,41448.09
Pakistan,01-09-2000,34.1,20.8,27.5,0,24,47.2,41123.17
Pakistan,02-09-2000,33.6,20.2,27,0,22.1,41.4,41000.51
Pakistan,03-09-2000,34,20.6,27.6,0,18.4,36.4,40969.21
Pakistan,04-09-2000,34.5,22,28.1,0,19.7,38.2,40965.48
Pakistan,05-09-2000,35.4,21.4,28.1,0,19,37.4,40961.53
Pakistan,06-09-2000,35.2,21.3,28,0,21.4,41,40957.41
Pakistan,07-09-2000,34.6,20.5,27.3,0,23.2,49,40703.52
Pakistan,08-09-2000,33.2,21.3,26.4,0,24.6,46.8,40577.41
Pakistan,09-09-2000,32.6,19.4,25.6,0,24.9,46.8,40575.89
Pakistan,10-09-2000,31.6,19.2,24.4,0,23.3,47.2,40088.27
Pakistan,11-09-2000,31.1,18,24.3,0,21.4,40.3,38307.68
Pakistan,12-09-2000,32,19.2,25.3,0,20.9,39.2,40450.89
Pakistan,13-09-2000,32.1,20,25.6,0,20.3,40,40331.62
Pakistan,14-09-2000,33.1,19.6,26.2,0,15.8,32.8,40331.34
Pakistan,15-09-2000,32.8,20.3,26.6,0,12.2,25.6,40215.22
Pakistan,16-09-2000,33.4,20.5,27.1,0,17.1,34.2,40215.72
Pakistan,17-09-2000,34.1,19.2,27.1,0,17.4,34.6,40215.98
Pakistan,18-09-2000,33.3,19.5,26.5,0,18.7,34.6,40216
Pakistan,19-09-2000,31,18.7,24.9,0,21.3,37.8,40105.23
Pakistan,20-09-2000,28.8,19.1,23.8,0.2,15.2,32.8,39326.38
Pakistan,21-09-2000,27.2,18.3,22.9,0.1,19.6,38.9,39110.09
Pakistan,22-09-2000,27.1,18.2,22.4,0,17.6,37.1,39429.13
Pakistan,23-09-2000,29.6,17.5,23.3,0,17.3,33.8,39700.25
Pakistan,24-09-2000,30.2,18.6,24,0,19.5,38.2,39624.39
Pakistan,25-09-2000,29.7,18.3,23.9,0.6,24.9,52.6,39446.09
Pakistan,26-09-2000,29.5,18.2,22.9,0,18.1,38.5,39371.37
Pakistan,27-09-2000,27.6,14.5,20.9,0,16.1,30.6,37545.97
Pakistan,28-09-2000,29.7,15.9,22.6,0,10.8,26.3,39124.31
Pakistan,29-09-2000,30.7,16.8,23.8,0,13.5,28.1,39147.27
Pakistan,30-09-2000,31.6,17,24.7,0,17.6,32.8,39072.85
Pakistan,01-10-2000,29.8,14.7,23.6,0,18.5,38.9,38906.21
Pakistan,02-10-2000,30.3,19.2,24.2,0,17.6,33.8,38743.49
Pakistan,03-10-2000,30.9,19.5,24.6,0,16.6,33.1,38673.8
Pakistan,04-10-2000,32,18.6,25.3,0,15.3,29.2,38604.71
Pakistan,05-10-2000,30.8,19.4,24.9,0,15.9,33.1,38451.16
Pakistan,06-10-2000,29.6,18.7,24.4,0,15.3,32,38384.19
Pakistan,07-10-2000,28.2,19.1,23.8,0,18,32.4,37128.73
Pakistan,08-10-2000,27.7,16.4,22.7,0,18.2,38.5,37519.91
Pakistan,09-10-2000,27.6,12.5,21.1,0,16.5,33.5,38180.84
Pakistan,10-10-2000,27.1,10,20.1,0,15.6,32.4,38038.54
Pakistan,11-10-2000,26.5,12.9,20.7,0,13.2,27.7,37972.44
Pakistan,12-10-2000,26.3,11,20,0,13.8,28.8,37906.31
Pakistan,13-10-2000,26.9,10.1,19.9,0,14.6,29.9,37835.27
Pakistan,14-10-2000,28,11.8,20.6,0,12.3,27.7,37562.96
Pakistan,15-10-2000,28.9,13,21.4,0,13.5,27,37428.78
Pakistan,16-10-2000,31.1,14.3,23.1,0,13.7,30.2,37298.18
Pakistan,17-10-2000,31.1,15.3,23.5,0,15.1,29.2,37171.36
Pakistan,18-10-2000,30.3,14.5,23.2,0,16.2,29.2,37048.56
Pakistan,19-10-2000,31,12.3,22.6,0,18,37.1,36929.95
Pakistan,20-10-2000,29.7,15,22.4,0,13,28.4,36815.69
Pakistan,21-10-2000,30.8,12.9,22,0,13.5,29.9,36706.04
Pakistan,22-10-2000,29.3,11.6,21.9,0,13,29.5,36601.14
Pakistan,23-10-2000,27.1,10.4,20.4,0,10.8,24.8,36501.18
Pakistan,24-10-2000,26.3,10.7,19.5,0,12.6,24.8,36493.27
Pakistan,25-10-2000,26.9,9.6,19.7,0,10.9,20.5,36400.45
Pakistan,26-10-2000,27.6,9,19.6,0,10.4,19.8,36312.89
Pakistan,27-10-2000,28.2,10.4,20.9,0,9.8,16.6,36230.82
Pakistan,28-10-2000,28.9,10.8,20.7,0,10.6,20.2,36228.18
Pakistan,29-10-2000,28.8,11.9,21,0,12.9,25.6,36154.26
Pakistan,30-10-2000,26.8,10.3,19.1,0,12.6,24.8,36152.93
Pakistan,31-10-2000,27.3,9.8,19.3,0,12.6,25.2,36038.26
Pakistan,01-11-2000,25.1,9.4,18.7,0,13.6,27,35929.58
Pakistan,02-11-2000,23.6,10,17.7,0,10,23.8,35882.53
Pakistan,03-11-2000,23.7,10.7,17.6,0,10.1,23,35799.23
Pakistan,04-11-2000,24.6,12.3,18.5,0,11.1,22,35748.1
Pakistan,05-11-2000,24.8,12.7,18.8,0,11.8,23,35696.67
Pakistan,06-11-2000,24.5,10.7,18.2,0,13.7,25.9,35644.98
Pakistan,07-11-2000,23.4,9.2,17,0,18.4,36.7,35593.05
Pakistan,08-11-2000,21.3,10.7,16.2,0,14.3,30.6,35540.95
Pakistan,09-11-2000,20.5,7.2,14.6,0,12.4,25.9,35488.71
Pakistan,10-11-2000,20.8,10.3,15.5,0,13.7,28.8,33191.92
Pakistan,11-11-2000,22.5,11.1,17.1,0,9.9,23,35384.04
Pakistan,12-11-2000,20.6,9.2,14.7,0,17.9,36.4,35331.68
Pakistan,13-11-2000,19,3.8,11.6,0,20.2,40.7,35279.4
Pakistan,14-11-2000,19.3,2.1,11.4,0,10.1,19.1,35227.21
Pakistan,15-11-2000,21.2,4.8,13.6,0,12.2,24.1,35174.7
Pakistan,16-11-2000,21.1,5.9,14.1,0,10.4,19.4,35121.59
Pakistan,17-11-2000,20.3,9.3,14.2,0,23.9,49,35058.27
Pakistan,18-11-2000,15.8,4.6,10.3,0,24.5,47.5,34976.42
Pakistan,19-11-2000,19.1,-0.3,10.4,0,10.5,19.8,34895.81
Pakistan,20-11-2000,20.7,6.5,13.6,0,12.9,29.2,34816.56
Pakistan,21-11-2000,19.3,5.9,13,0,10.1,21.2,34738.78
Pakistan,22-11-2000,17.5,5.3,11.7,0,12.7,24.8,34662.59
Pakistan,23-11-2000,15.9,4.7,10.7,0.7,10.1,16.9,34588.08
Pakistan,24-11-2000,17.3,5.3,11.5,0,13.3,24.5,34515.39
Pakistan,25-11-2000,18.2,5.9,11.9,0,13.7,29.5,34444.63
Pakistan,26-11-2000,17.1,4.5,11.2,0,9.2,22.7,33720.12
Pakistan,27-11-2000,16.2,2.8,10.1,0,13.7,30.2,34309.37
Pakistan,28-11-2000,15.1,0,8.6,0,9.1,18,34245.11
Pakistan,29-11-2000,16.8,4.1,10.1,0,14,29.9,34183.25
Pakistan,30-11-2000,16.9,2.4,9.4,0,19.5,39.2,34123.93
Pakistan,01-12-2000,17.4,-0.3,9.9,0,9.7,22.7,34067.27
Pakistan,02-12-2000,18.9,5.2,12.1,0,13.4,25.9,34013.39
Pakistan,03-12-2000,20,6.4,13,0,11.7,21.2,33962.41
Pakistan,04-12-2000,19.8,6.3,12.9,0,15.2,31.7,33914.5
Pakistan,05-12-2000,18.9,6.8,12,0,16,34.2,33869.25
Pakistan,06-12-2000,17.9,6.1,11.9,0,12.2,26.6,33826.3
Pakistan,07-12-2000,17.8,8.1,12.9,0,20.1,40,33785.66
Pakistan,08-12-2000,15.4,1.7,8.9,0,11.8,24.8,33747.43
Pakistan,09-12-2000,17,3.9,10.7,0,13.8,29.5,33711.61
Pakistan,10-12-2000,18.3,3.8,11.3,0,13.8,29.5,33678.29
Pakistan,11-12-2000,17,3.4,11,0,9.7,21.2,33647.48
Pakistan,12-12-2000,17.7,6.1,11.9,0,13.7,24.5,33619.28
Pakistan,13-12-2000,18.9,4.7,12.3,0,11.4,21.6,33521.57
Pakistan,14-12-2000,18.1,5.4,12.5,0,8.8,17.6,33520.68
Pakistan,15-12-2000,16.5,6.7,12.1,0,10.6,22.7,29981.85
Pakistan,16-12-2000,15.1,7.1,11.3,0.9,18,33.8,15148.77
Pakistan,17-12-2000,14.6,6.8,10.9,0.9,15.9,32,32302.62
Pakistan,18-12-2000,14.1,1.3,7.1,0,16.9,34.9,33435.89
Pakistan,19-12-2000,15.5,-2.6,7.1,0,9.7,17.3,33351.33
Pakistan,20-12-2000,16.8,-1.7,7.9,0,10.5,17.3,33362.6
Pakistan,21-12-2000,18.1,0.1,9.1,0,10.1,15.1,33279.38
Pakistan,22-12-2000,18.6,1.4,10.2,0,9.7,15.5,33092.23
Pakistan,23-12-2000,19,2,11,0,9.7,18.7,33168.32
Pakistan,24-12-2000,17.8,0.7,9.8,0,9.7,16.9,33157.89
Pakistan,25-12-2000,19.3,2.7,11.4,0,10.8,24.1,32982.89
Pakistan,26-12-2000,18.1,3,11,0,14,27.4,32975.82
Pakistan,27-12-2000,16.3,3.1,10.1,0,17.8,34.2,32889.18
Pakistan,28-12-2000,13.4,1.7,7.9,0,12,26.6,32497.95
Pakistan,29-12-2000,13.8,-0.6,7,0,10.5,18.7,32574.96
Pakistan,30-12-2000,14.2,-0.8,7.3,0,10.8,21.2,32873.53
Pakistan,31-12-2000,10.5,2.4,6.1,1.8,23.7,46.4,28437.93
Pakistan,01-01-2001,14.7,1.4,8.3,0.1,16.9,37.1,32871.29
Pakistan,02-01-2001,13.5,-0.3,7.3,0,9,20.9,32530.22
Pakistan,03-01-2001,14,-0.4,7.2,0,13,28.8,32994.47
Pakistan,04-01-2001,13.3,-1.6,6.3,0,8.9,18,33050.56
Pakistan,05-01-2001,13.5,1.7,7.5,0,10.9,22,33057.43
Pakistan,06-01-2001,13.8,0.8,7.6,0,8.4,17.6,33053.18
Pakistan,07-01-2001,12.5,0.8,6.4,0,17.4,37.4,31329.81
Pakistan,08-01-2001,12.1,-2.7,5.6,0,9.7,22.7,33277.66
Pakistan,09-01-2001,12.4,-2.6,6,0,9,18,33293.45
Pakistan,10-01-2001,13.7,-1.8,7,0,9,18.7,33164.11
Pakistan,11-01-2001,13.3,-0.6,7.4,0,9,14.8,32788.26
Pakistan,12-01-2001,14.5,-1.3,7.6,0,9.3,19.1,33508.09
Pakistan,13-01-2001,14.7,0.5,8.2,0,9.2,21.2,33840.63
Pakistan,14-01-2001,15.5,-1.5,7.9,0,9.5,22.3,33956.34
Pakistan,15-01-2001,15,-2.7,7.6,0,10.2,18,34039.9
Pakistan,16-01-2001,15.5,0.8,8.6,0,11.3,22.3,34097.92
Pakistan,17-01-2001,15.3,-0.1,8.2,0,11.8,22.7,33845.82
Pakistan,18-01-2001,15,-0.2,8.6,0,9.7,16.2,33706.44
Pakistan,19-01-2001,14.3,-0.4,7.8,0,10.1,20.5,33971.95
Pakistan,20-01-2001,13.8,-0.1,7.5,0,17,33.5,34340.97
Pakistan,21-01-2001,15.5,2,8.6,0,20.8,43.2,33627.75
Pakistan,22-01-2001,13,-1,6.1,0,28,55.8,34628.2
Pakistan,23-01-2001,14.3,-0.1,6.6,0,21.1,44.6,34776.74
Pakistan,24-01-2001,13.6,-0.8,7.1,0,11.5,25.6,34845.05
Pakistan,25-01-2001,16.5,1.7,9.5,0,13.2,27.4,34828.35
Pakistan,26-01-2001,15.3,2.4,9.4,0,11.1,25.6,34982.11
Pakistan,27-01-2001,15.6,3.1,10.1,0,11.4,23.8,35139.09
Pakistan,28-01-2001,15.4,1.9,9.3,0,17.4,33.5,35209.02
Pakistan,29-01-2001,15,3.5,9,0,24.3,46.4,34726.59
Pakistan,30-01-2001,9.1,-2.8,2.7,0,25.4,47.9,35558.43
Pakistan,31-01-2001,11.5,-3.7,3.4,0,21.4,42.8,35650.05
Pakistan,01-02-2001,12.3,-5.7,3.7,0,17.1,35.6,35742.39
Pakistan,02-02-2001,13.5,-6.2,4.5,0,10,19.1,35835.45
Pakistan,03-02-2001,15,-2,7.3,0,10.2,24.1,35930.08
Pakistan,04-02-2001,15.4,-1.3,7.6,0,15,27.7,36026.5
Pakistan,05-02-2001,14.7,-1.3,7.1,0,17.3,34.9,36124.56
Pakistan,06-02-2001,14.8,0.5,8.2,0,16.6,33.5,36224.14
Pakistan,07-02-2001,16.4,4.4,10.4,0,10.5,24.5,36325.12
Pakistan,08-02-2001,16.5,-0.4,9,0,12.8,27.4,36427.36
Pakistan,09-02-2001,20.1,-0.4,10.8,0,18.5,39.2,36530.74
Pakistan,10-02-2001,19.9,-0.2,10.8,0,15.8,34.2,36635.16
Pakistan,11-02-2001,17.9,3.2,10.5,0,17.7,33.5,36740.48
Pakistan,12-02-2001,15.6,-1,8.8,0,13.8,31,36846.59
Pakistan,13-02-2001,13.5,4.8,9.1,0.8,15.3,34.6,29756.61
Pakistan,14-02-2001,15.4,0.8,8.7,0,19.8,36.4,37060.74
Pakistan,15-02-2001,17.6,-0.3,9.8,0,9.5,24.1,37168.57
Pakistan,16-02-2001,17,6.7,11.9,0.1,15.9,33.5,28245.49
Pakistan,17-02-2001,18.4,3.4,12.1,0,13.3,27,37385.19
Pakistan,18-02-2001,18.5,3.4,12.5,0,14.2,28.8,37493.77
Pakistan,19-02-2001,15.8,8.4,12.4,0.3,22.2,42.8,32792.09
Pakistan,20-02-2001,20.1,6.2,12.8,0.9,23.2,43.9,37711
Pakistan,21-02-2001,19.2,2.9,11.8,0,20.9,41,37819.46
Pakistan,22-02-2001,20.4,8.5,14.3,0,23.5,44.3,35804.27
Pakistan,23-02-2001,20.9,10.4,15.4,0.2,22.2,43.2,38036.52
Pakistan,24-02-2001,19.9,7.3,14.3,0.1,18.4,40.3,38146.24
Pakistan,25-02-2001,17.8,7,12,0,25.5,51.1,38256.79
Pakistan,26-02-2001,16.2,0.4,9.3,0,15.1,31.7,38368.07
Pakistan,27-02-2001,16.3,1.1,9.5,0,16.9,33.1,38479.97
Pakistan,28-02-2001,17.2,0.7,10.7,0,11,22,38592.42
Pakistan,01-03-2001,17.4,1.3,10.6,0,9.7,18.4,38705.31
Pakistan,02-03-2001,17.9,3.5,11.8,0,10.7,23.4,36985.5
Pakistan,03-03-2001,19.1,4.5,13.1,0,9,20.5,38932.06
Pakistan,04-03-2001,20.2,3.2,13.1,0,8.7,20.9,39039.98
Pakistan,05-03-2001,21.3,4.6,14.3,0,15.6,29.9,39110.8
Pakistan,06-03-2001,22.8,4.9,15.5,0,18.4,35.3,38105.12
Pakistan,07-03-2001,21.8,5.3,15.2,0,14.3,29.5,39253.46
Pakistan,08-03-2001,22.2,6.8,16.3,0,15,29.5,39325.11
Pakistan,09-03-2001,22.9,6.2,16.1,0,18.4,33.1,39396.85
Pakistan,10-03-2001,23.5,8.7,17.2,0,16.3,33.8,39468.58
Pakistan,11-03-2001,24.2,10.6,18.2,0,24.2,46.4,39540.21
Pakistan,12-03-2001,23.4,10.2,16.5,0.7,28.9,56.5,32400
Pakistan,13-03-2001,19.2,4.4,12.9,0,16.3,33.8,39600
Pakistan,14-03-2001,19.8,0.8,12.3,0,10.8,23.4,39600
Pakistan,15-03-2001,21.1,3.6,13.9,0,13.7,29.2,39600
Pakistan,16-03-2001,22.3,9.8,16.1,0,18.4,38.2,39600
Pakistan,17-03-2001,24.7,10.6,17.9,0,16.9,32.8,39600
Pakistan,18-03-2001,24.2,8.7,17.9,0,20.3,40,39600
Pakistan,19-03-2001,16.5,8.9,13.3,9.6,14,26.6,4787.41
Pakistan,20-03-2001,20.7,4.9,13.2,0,12.6,26.6,39624.24
Pakistan,21-03-2001,20.2,4,13.9,0,14.5,28.1,39706.01
Pakistan,22-03-2001,21.4,4.5,14.8,0,12.6,24.1,39762.07
Pakistan,23-03-2001,22.5,5.3,15.6,0,19.1,35.6,39746.34
Pakistan,24-03-2001,16.4,11.3,14,2.8,11,31,28222.4
Pakistan,25-03-2001,21.9,7.7,15.5,0,11.9,27,39889.93
Pakistan,26-03-2001,25.3,10.3,18.9,0,17.3,36.4,40050.02
Pakistan,27-03-2001,26.3,12.8,20.3,0,29,54.7,40213.57
Pakistan,28-03-2001,20.6,10.7,15.9,0.2,24.5,43.9,39818.28
Pakistan,29-03-2001,18.9,6.3,13.1,5.5,10.4,28.8,40094.93
Pakistan,30-03-2001,19.8,6.6,13.9,0,11.9,32.8,40337.57
Pakistan,31-03-2001,22.3,7.8,16,0,7.9,19.1,40894.17
Pakistan,01-04-2001,25.4,9,17.7,0,12.3,29.2,41015.67
Pakistan,02-04-2001,27,12.1,20.1,0,22.4,41,40897.1
Pakistan,03-04-2001,27.1,9.4,19.4,0,16.3,34.9,41378.72
Pakistan,04-04-2001,26.4,9.2,19,0,10.8,24.8,41808.07
Pakistan,05-04-2001,29.1,11.1,20.6,0,15.7,38.9,42031.57
Pakistan,06-04-2001,28.4,15.3,22.2,0,16.9,33.1,42107.8
Pakistan,07-04-2001,29.5,16.2,23.3,0,18.9,34.9,42280.11
Pakistan,08-04-2001,31.5,16.5,24.6,0,13.2,28.4,41570.86
Pakistan,09-04-2001,32.4,16.6,25.1,0,18.6,41,39247.93
Pakistan,10-04-2001,29.4,15.7,22.8,1.3,22,49,34017.44
Pakistan,11-04-2001,25.1,14,18.8,3.4,16.5,41.4,34287.89
Pakistan,12-04-2001,24,11.6,17.7,2.3,13.4,27,38580.16
Pakistan,13-04-2001,23.8,11.9,18.1,0.4,16.3,38.5,39539.94
Pakistan,14-04-2001,23.7,11.4,17.3,1.1,16,34.2,40175.48
Pakistan,15-04-2001,24.3,11.2,17.9,1.4,21.5,44.3,40368.68
Pakistan,16-04-2001,24.1,13.1,17.9,3.1,20,38.5,40928.12
Pakistan,17-04-2001,23.4,10.4,17.4,0.8,19.4,42.8,42789.04
Pakistan,18-04-2001,19.6,12.4,15.5,7.4,17.7,37.8,39600
Pakistan,19-04-2001,18.9,11.4,14.4,3.4,18.7,36.4,30429.45
Pakistan,20-04-2001,22.3,12,16.5,0,16.6,32.8,37557.83
Pakistan,21-04-2001,26.6,10.8,18.9,0,16.9,33.1,44220.97
Pakistan,22-04-2001,29,11.9,21.3,0,17.7,37.1,43935.91
Pakistan,23-04-2001,30.5,14.8,23.6,0,22.4,42.5,43882.46
Pakistan,24-04-2001,30.7,19.3,24.7,0,20.1,40.7,32358.34
Pakistan,25-04-2001,30.7,14.1,23.6,0,25.9,47.2,44611.79
Pakistan,26-04-2001,33.2,15.6,25.7,0,21.7,41,44074.3
Pakistan,27-04-2001,34.7,16.5,27.4,0,22.9,42.5,43884.14
Pakistan,28-04-2001,34.4,17.1,27.3,0,20.3,39.6,42923.09
Pakistan,29-04-2001,35,15.8,27.5,0.3,19.1,38.9,43742.69
Pakistan,30-04-2001,35.1,17.4,27.7,0,23.2,45.4,35730.94
Pakistan,01-05-2001,32.1,20.8,26.6,1.8,20.5,42.1,37711.67
Pakistan,02-05-2001,32.6,14.8,24.8,0.5,23.2,38.2,40975.82
Pakistan,03-05-2001,33.4,16,25.8,0,16.2,35.6,45335.27
Pakistan,04-05-2001,36.6,20.2,28.8,0,20.9,38.5,45421.74
Pakistan,05-05-2001,38.2,17.9,30.1,0,18,34.9,43912.62
Pakistan,06-05-2001,37.7,21.2,30.9,0,20.5,39.2,38845.9
Pakistan,07-05-2001,38.4,21.4,31.4,0,25,47.5,44351.91
Pakistan,08-05-2001,35,21.7,29.1,0,21.7,43.6,44925.61
Pakistan,09-05-2001,36,20,29.2,0,23.2,42.8,45681.15
Pakistan,10-05-2001,37.9,20.6,30.5,0,17.7,37.8,45717.47
Pakistan,11-05-2001,38.4,20.9,31.2,0,14.5,33.5,45753.57
Pakistan,12-05-2001,39.3,20.6,31.6,0,14,32,45789.44
Pakistan,13-05-2001,39.1,21.6,31.5,0,28,49.3,45825.12
Pakistan,14-05-2001,38.1,21.7,30.7,0,18.8,41.8,45860.98
Pakistan,15-05-2001,34.3,21.9,26.5,4.7,22.7,58.3,37886.62
Pakistan,16-05-2001,32.3,17.2,25.5,0.2,20.7,37.1,43200
Pakistan,17-05-2001,34.1,21.5,26.8,0.4,16.9,41,44207.25
Pakistan,18-05-2001,32.9,18.9,26.6,2.6,17.4,38.2,42694.23
Pakistan,19-05-2001,33.8,19.9,26.5,1.1,21.6,44.6,46041.44
Pakistan,20-05-2001,33.8,19.5,26.3,1.7,23.3,41.4,46077.34
Pakistan,21-05-2001,34.9,18.7,26.8,0,25.1,52.2,46113.03
Pakistan,22-05-2001,34.5,19.8,26.5,0,29.2,63,46148.45
Pakistan,23-05-2001,34.3,20.9,27.7,0.7,28,51.8,46183.53
Pakistan,24-05-2001,36.1,21.7,29.5,0,23.8,44.6,46218.22
Pakistan,25-05-2001,37.1,21,29.3,0,17.8,32,46252.45
Pakistan,26-05-2001,36.7,18.2,29,0,21.5,40.7,46286.16
Pakistan,27-05-2001,36,22.4,29.7,0,26.7,49.7,46319.29
Pakistan,28-05-2001,35.2,22.4,28.8,1,28.7,55.1,46351.76
Pakistan,29-05-2001,34.9,21.3,27.7,0.3,24.7,49.7,45391.02
Pakistan,30-05-2001,33.4,20.4,27.7,0.1,23.8,46.4,46414.52
Pakistan,31-05-2001,36.4,21,29.4,0,21.8,41,46444.66
Pakistan,01-06-2001,38.7,22.8,31.1,0,23.8,45,46473.9
Pakistan,02-06-2001,38.1,24.7,31.4,0.6,19.1,36.7,46502.32
Pakistan,03-06-2001,36.4,25,29.5,0.8,21.1,49,46530.49
Pakistan,04-06-2001,36,22.9,29.2,0,23.5,49.3,45481.75
Pakistan,05-06-2001,33.7,22.4,27.1,0,26.1,52.2,46585.98
Pakistan,06-06-2001,32.8,19.9,26.4,0,26.5,49.7,46613.16
Pakistan,07-06-2001,33.5,21.4,27.4,0,25.6,50,46639.86
Pakistan,08-06-2001,35,22,28.6,0,25.3,47.2,46666
Pakistan,09-06-2001,35.9,23,29.8,0,21.1,40.3,46691.52
Pakistan,10-06-2001,35.7,24.8,30.4,0,19.5,37.4,46716.34
Pakistan,11-06-2001,35.9,24.7,30.4,0,16.6,33.5,46740.37
Pakistan,12-06-2001,35.4,24,30.7,0,13.7,30.2,44134.39
Pakistan,13-06-2001,34.9,23.2,29.1,1.4,16.2,37.8,45833.47
Pakistan,14-06-2001,33.1,22,27.3,1.3,17.7,36,46164.82
Pakistan,15-06-2001,31.1,22,25.8,2.9,22.5,47.5,45024.65
Pakistan,16-06-2001,30.5,20.2,24.7,2.7,27.5,50.8,44358.98
Pakistan,17-06-2001,31.3,19.7,24.9,0.8,27.5,51.5,46800
Pakistan,18-06-2001,31.1,19.5,25,0.1,24,43.9,43696.87
Pakistan,19-06-2001,36.3,20.6,28.7,0,24,46.4,46800
Pakistan,20-06-2001,39.7,23.8,31.9,0,20.3,42.8,46800
Pakistan,21-06-2001,38.1,22.7,31,0,28.2,49.7,46800
Pakistan,22-06-2001,35.7,22.3,28.7,0,27.7,51.5,45981.27
Pakistan,23-06-2001,33.1,21.7,26.3,1.5,17.3,39.2,43610.44
Pakistan,24-06-2001,31,20.9,25.9,0.4,18,37.8,46441.64
Pakistan,25-06-2001,34.2,21.6,27.6,0.2,24.2,43.9,46800
Pakistan,26-06-2001,36.3,22.4,29.3,0,25.2,46.4,46800
Pakistan,27-06-2001,35.4,21.7,29.3,0,25.2,45.7,46800
Pakistan,28-06-2001,36.3,22.4,30,0,18.3,34.9,44946.7
Pakistan,29-06-2001,36.3,24.3,30,1.2,17.5,37.1,45037.95
Pakistan,30-06-2001,34.3,23.7,28.7,3.9,18.9,38.9,46800
Pakistan,01-07-2001,31,23.4,25.9,7.3,16.2,36.4,33161.66
Pakistan,02-07-2001,28.4,22.8,25.4,1.8,15.2,32,46800
Pakistan,03-07-2001,29,22.4,25.1,6.2,13.2,29.9,43527.03
Pakistan,04-07-2001,29.1,21.9,25.1,0.6,11.4,27,42598.97
Pakistan,05-07-2001,30.7,21.2,25.5,0.1,14.8,30.6,39903.23
Pakistan,06-07-2001,31.7,21.2,26.6,0.2,17,34.6,45815.18
Pakistan,07-07-2001,34.1,22.5,28.2,0.4,16.3,33.5,44010.01
Pakistan,08-07-2001,33.2,24,27.4,4,16.3,33.5,40349.12
Pakistan,09-07-2001,29.8,22.4,26.2,1,15.4,33.5,43911.44
Pakistan,10-07-2001,31.3,21.8,26.5,0.6,14.7,31,46020.65
Pakistan,11-07-2001,31.8,22.7,26.2,3.2,16.5,34.2,33787.25
Pakistan,12-07-2001,29,21.2,24.7,7.1,10.5,34.9,32428.56
Pakistan,13-07-2001,28.7,21.4,24.7,0.4,16.4,33.1,40572.04
Pakistan,14-07-2001,31.9,21.6,25.8,0,20.7,40,41111.6
Pakistan,15-07-2001,36.9,22.5,28.7,0,23,49.7,45181.42
Pakistan,16-07-2001,36.6,22.8,28.3,1.4,24.8,48.6,45585.58
Pakistan,17-07-2001,31.3,21.8,25.9,1.8,19.7,41,45768.21
Pakistan,18-07-2001,31.3,21.8,26.1,0.5,19,40,42991.91
Pakistan,19-07-2001,35.3,21.4,27.9,2.2,18.2,36,46768.9
Pakistan,20-07-2001,35.3,24.4,29.7,0.1,17.4,31.3,46743.44
Pakistan,21-07-2001,35.5,23.7,29.4,0,19.6,34.9,44443.02
Pakistan,22-07-2001,32.2,23,26.6,3,21,42.5,34265.82
Pakistan,23-07-2001,29.3,22.8,25.6,4.9,14.3,36,37840.68
Pakistan,24-07-2001,29.2,22.1,24.9,0.7,17.7,35.6,36877.97
Pakistan,25-07-2001,27.1,21.4,23.1,10.3,11.8,27.7,12729.01
Pakistan,26-07-2001,27.5,21,23.3,15,11.6,28.4,27521.78
Pakistan,27-07-2001,28.9,20.9,24.2,0.1,14.8,31.3,37787.44
Pakistan,28-07-2001,30.2,22.2,25.4,0,17.6,31,39695.97
Pakistan,29-07-2001,29.6,21.5,24.8,1.7,24.1,41.4,39534.19
Pakistan,30-07-2001,26.9,20.8,23.6,2,16.2,33.1,37224.95
Pakistan,31-07-2001,27.6,18.3,22.6,0.6,15.3,31.3,38054.36
Pakistan,01-08-2001,30.8,18.1,24,0,20,38.5,37489.03
Pakistan,02-08-2001,33.4,19.4,26.2,0,19.4,37.1,45926.38
Pakistan,03-08-2001,32.9,19.8,26.4,0,19.7,37.8,44529
Pakistan,04-08-2001,30.9,21.5,26.3,0.2,17.2,34.6,45110.17
Pakistan,05-08-2001,32,21.2,26.4,0.6,14.3,34.2,44763.81
Pakistan,06-08-2001,30.3,21.3,25.7,2.2,14.9,33.8,42188.11
Pakistan,07-08-2001,29.2,22,24.6,2.6,17.1,36,34175.1
Pakistan,08-08-2001,29.4,19.8,24.3,0.8,18.4,37.1,41675.41
Pakistan,09-08-2001,30.8,21,24.7,4.3,18.4,34.9,37213.55
Pakistan,10-08-2001,28.8,21.7,24.6,2.6,17.1,37.8,39465.07
Pakistan,11-08-2001,29.2,20.3,24.6,0.2,15.8,36,40922.11
Pakistan,12-08-2001,29.4,20.1,24.6,1.9,14.2,31.3,37880.3
Pakistan,13-08-2001,32.3,20.3,25.5,0.9,18.3,39.2,41355.8
Pakistan,14-08-2001,33.8,21.9,26.5,0.2,20.9,42.1,41114
Pakistan,15-08-2001,30.6,21.2,25.1,0.8,20.2,41.8,41740.14
Pakistan,16-08-2001,28.7,20.5,24.3,0.1,17.5,32.8,41203.16
Pakistan,17-08-2001,34.5,19,26.4,0,23,46.4,43711.43
Pakistan,18-08-2001,35.9,21.3,28,0,26.2,49,43817.16
Pakistan,19-08-2001,35.8,22,28.5,0,22.7,43.2,43120.27
Pakistan,20-08-2001,34.3,20.7,28,0,20.2,38.5,43216.96
Pakistan,21-08-2001,33.4,21.3,27.4,0,19.4,38.2,41958.73
Pakistan,22-08-2001,35.1,21,27.5,0,24.5,48.2,43104.21
Pakistan,23-08-2001,34.1,20.5,27.2,0,25.6,51.1,42721.42
Pakistan,24-08-2001,32.8,20.2,26.4,0,26.1,48.6,42212.09
Pakistan,25-08-2001,34.3,20.4,27,0,23.3,45.7,42446.52
Pakistan,26-08-2001,35.2,20.9,27.8,0,20.7,42.5,42323.44
Pakistan,27-08-2001,37.9,21.5,29.2,0,18.7,40.7,42317.37
Pakistan,28-08-2001,38.1,22.6,30,0,22.4,43.6,41869.55
Pakistan,29-08-2001,40.6,22.2,30.9,0,16.4,39.6,42060.16
Pakistan,30-08-2001,35,20.6,28.2,0,19.2,40.3,41474.92
Pakistan,31-08-2001,34,20.7,27.2,0,19.6,45.7,40981.15
Pakistan,01-09-2001,32.9,22.1,27,0,17.8,34.2,40189.34
Pakistan,02-09-2001,33.7,21.2,27.3,0.1,19.2,40.7,40582.82
Pakistan,03-09-2001,34.5,20.8,27.1,2,23.1,42.5,39651.71
Pakistan,04-09-2001,32.2,20.3,25.9,0.4,22.2,41.8,40581.79
Pakistan,05-09-2001,31.3,19.7,25.4,0,21.1,39.2,40708.16
Pakistan,06-09-2001,30.6,19.6,24.6,0,21.6,41.4,39823.71
Pakistan,07-09-2001,31.3,19.2,24.6,0,20.3,42.5,40204.03
Pakistan,08-09-2001,31.7,19.6,25.2,0.3,20.7,40,40082.11
Pakistan,09-09-2001,32.6,19.4,25.6,0.3,21.2,39.6,40453.42
Pakistan,10-09-2001,32.9,18.5,26.1,0.2,15,32,40452.84
Pakistan,11-09-2001,30.9,19.9,24.9,1.7,20.1,41.4,40331.52
Pakistan,12-09-2001,29.7,19.2,23.3,1.7,21.9,48.6,40092.92
Pakistan,13-09-2001,25.7,18.8,20.9,4.1,17.7,39.2,32436.91
Pakistan,14-09-2001,24,17.3,19.7,8.3,16.3,39.2,34816.11
Pakistan,15-09-2001,22.9,16.5,19.1,0.9,11,24.8,36000
Pakistan,16-09-2001,25.2,15.1,20.2,0.1,12.4,23.8,39986.37
Pakistan,17-09-2001,27.2,14.9,21,0,16.4,31,40215.95
Pakistan,18-09-2001,28.7,14.2,21.7,0,15.3,28.4,40328.16
Pakistan,19-09-2001,28.1,16.9,22.3,0,22.9,43.2,40105.01
Pakistan,20-09-2001,28.7,16.4,22.3,0,22.2,40,40158.6
Pakistan,21-09-2001,28.8,14.4,22.2,0,15.2,27,39972.62
Pakistan,22-09-2001,29.7,15.1,23.2,0,16.3,33.8,39896.05
Pakistan,23-09-2001,30.1,15.5,23.4,0,12.7,27.4,39819.38
Pakistan,24-09-2001,29.6,13.3,22.5,0,15.3,31,39638.68
Pakistan,25-09-2001,29.2,15.4,23.2,0,15.2,30.6,39563.52
Pakistan,26-09-2001,29.4,16.4,23.5,0,16.8,33.5,39488.54
Pakistan,27-09-2001,30.3,16.2,23.7,0,15.1,31.3,39413.81
Pakistan,28-09-2001,31,16.2,24.2,0,12.1,25.9,39241.5
Pakistan,29-09-2001,30.1,12.9,22.3,0,11.6,24.1,39169.12
Pakistan,30-09-2001,29.4,14.3,22.8,0,12.5,24.1,39002.5
Pakistan,01-10-2001,28.5,14.2,22.3,0,8.9,18,38931.61
Pakistan,02-10-2001,29.3,15.1,22.8,0,11.4,22.7,38769.07
Pakistan,03-10-2001,29.9,17.4,23.6,0,15.1,27.7,38698.85
Pakistan,04-10-2001,30.4,16.8,23.6,0,17.8,35.6,38628.23
Pakistan,05-10-2001,28.4,12.7,21.6,0,11.2,25.2,38418.36
Pakistan,06-10-2001,29.2,15.9,22.9,0,14.3,29.2,38486.02
Pakistan,07-10-2001,28.9,16.8,22.9,0,13.7,28.4,38333.41
Pakistan,08-10-2001,29.8,16.5,23.4,0,11.6,25.6,38263.99
Pakistan,09-10-2001,29.8,14.7,22.9,0,15.3,27.7,38194.6
Pakistan,10-10-2001,29.5,15.5,22.7,0,15.5,28.1,38125.28
Pakistan,11-10-2001,28.1,12.5,21.5,0,13.1,27.4,37984.07
Pakistan,12-10-2001,26.7,11.4,19.6,0,9.7,24.8,37855.22
Pakistan,13-10-2001,25.6,13.8,19.5,0,14.3,31.3,37704.07
Pakistan,14-10-2001,25.7,9.8,19.1,0,10.1,24.5,37785.9
Pakistan,15-10-2001,26.3,10.3,18.8,0,13.7,27.4,37546.36
Pakistan,16-10-2001,27.6,12.6,20.3,0,13.7,25.9,37301.8
Pakistan,17-10-2001,28.8,11.7,20.7,0,17,30.6,37175.13
Pakistan,18-10-2001,29.7,13.6,21.6,0,18,33.8,37052.48
Pakistan,19-10-2001,28.9,13.3,21.7,0,16.6,30.6,36933.99
Pakistan,20-10-2001,28.5,15.2,21.6,0,17.6,33.5,36819.8
Pakistan,21-10-2001,27.5,12.2,20.8,0,17.2,33.5,36612.53
Pakistan,22-10-2001,27.1,12.5,20.6,0,15.6,31.3,36604.53
Pakistan,23-10-2001,27.1,13.6,20.6,0,15.2,29.9,36503.89
Pakistan,24-10-2001,29.5,13.8,21.5,0,17.7,34.2,36408.22
Pakistan,25-10-2001,29.4,15.3,22.7,0,15.3,32,36402.57
Pakistan,26-10-2001,30.3,13.4,22.6,0,13.2,28.8,36314.18
Pakistan,27-10-2001,28.6,11.7,21.6,0,13.4,24.5,36231.38
Pakistan,28-10-2001,27.9,13.7,21.2,0,16.9,31,36154.4
Pakistan,29-10-2001,28,14.1,21.2,0,12,23.8,36154.41
Pakistan,30-10-2001,26.7,11.3,19.8,0,16.5,29.5,36086.06
Pakistan,31-10-2001,27.4,13.8,20.7,0,20.5,39.2,36046.95
Pakistan,01-11-2001,27,15.3,20.6,0,23.9,46.4,35938.28
Pakistan,02-11-2001,26.8,15.2,20.5,0,21.4,39.2,35859.92
Pakistan,03-11-2001,23.9,11,17.2,0,21.1,41.4,35844.44
Pakistan,04-11-2001,20.7,5,14,0,11.5,23,35795.79
Pakistan,05-11-2001,20.7,8.5,14.9,0,10.6,25.2,35708.75
Pakistan,06-11-2001,20,5.1,13.1,0,11.8,22.3,35657.9
Pakistan,07-11-2001,19.5,6.4,13.6,0,8.4,20.2,35606.88
Pakistan,08-11-2001,20.8,8.5,14.5,0,13.2,26.3,35555.73
Pakistan,09-11-2001,21.9,9.1,15.2,0,15.8,29.2,35504.46
Pakistan,10-11-2001,21.3,6.3,14.7,0,11.3,20.9,35452.73
Pakistan,11-11-2001,19.6,5.8,13.3,0,13.3,27.7,35400.34
Pakistan,12-11-2001,20.1,6.1,13.6,0,9.7,19.1,35347.39
Pakistan,13-11-2001,23.9,7,16,0,9,18,35293.95
Pakistan,14-11-2001,25.6,6.7,17.1,0,10.2,17.6,35240.09
Pakistan,15-11-2001,24.2,8.2,17,0,10.8,19.8,35185.91
Pakistan,16-11-2001,21.2,7.6,15,0,10,19.4,35131.48
Pakistan,17-11-2001,20.9,5.6,14.1,0,9,18,35076.7
Pakistan,18-11-2001,21.3,6.4,14.4,0,10.2,20.2,34992.9
Pakistan,19-11-2001,21.9,6,14.5,0,8.7,15.5,34910.64
Pakistan,20-11-2001,21.8,6.9,14.9,0,11.6,25.2,34830.03
Pakistan,21-11-2001,21.3,8,15.2,0,10.2,20.2,34751.2
Pakistan,22-11-2001,20.7,6.1,14.4,0,9.1,21.2,34674.27
Pakistan,23-11-2001,21.1,4.8,13.3,0,9.4,16.6,34599.38
Pakistan,24-11-2001,21.7,5.1,13.8,0,9.4,18.7,34526.65
Pakistan,25-11-2001,18.4,5.5,12.6,0,13.4,27,34456.21
Pakistan,26-11-2001,18.9,7.7,13.2,0,9.8,23.4,34388.19
Pakistan,27-11-2001,17.6,2.7,11.4,0,9.4,17.3,34322.73
Pakistan,28-11-2001,16.8,6.3,11.5,0,12.7,27.4,32201.66
Pakistan,29-11-2001,17.7,4.4,11.5,0,11.5,23.8,34200.04
Pakistan,30-11-2001,16.8,3.9,10.5,0,16.9,34.6,34142.41
Pakistan,01-12-2001,18.3,6.2,12.2,0,12.6,27.7,34086.71
Pakistan,02-12-2001,19,4.6,12.2,0,12.3,23.8,34033.02
Pakistan,03-12-2001,20.3,8.5,14.2,0,12.2,24.1,33981.4
Pakistan,04-12-2001,19.4,7.7,13.6,0,16.4,34.6,33931.91
Pakistan,05-12-2001,17.9,4,11.9,0,9.1,20.5,33884.66
Pakistan,06-12-2001,20.4,6.3,13.4,0,13,22.7,33839.69
Pakistan,07-12-2001,21.7,8.8,14.9,0,16.6,34.9,33797.09
Pakistan,08-12-2001,20.5,8.1,13.8,0,17.3,35.3,32857.35
Pakistan,09-12-2001,20.9,6.5,13.6,0,22.2,44.3,33719.28
Pakistan,10-12-2001,18.5,6.9,12.1,0,13.9,30.6,33684.21
Pakistan,11-12-2001,16.5,5.3,10.7,0,11.2,25.9,33651.8
Pakistan,12-12-2001,15.7,2.4,9.8,0,8.4,15.8,32776.38
Pakistan,13-12-2001,16.8,6.1,11.3,0,11.5,25.6,33521.26
Pakistan,14-12-2001,17.1,6.9,12.1,1.4,13.3,27.4,29004.11
Pakistan,15-12-2001,14.7,5.8,10.7,0.3,8,19.4,33417.62
Pakistan,16-12-2001,13.9,2.3,8.6,0,14,27.7,30476.94
Pakistan,17-12-2001,14.8,6.8,10.5,0,11.3,23.4,32359.61
Pakistan,18-12-2001,16.5,5.6,10.6,0,24.3,52.6,33144.96
Pakistan,19-12-2001,15.1,-1.9,7.8,0,9.5,24.8,33436.91
Pakistan,20-12-2001,15.3,0.4,8.4,0,8.3,17.6,33355
Pakistan,21-12-2001,17,-0.1,8.9,0,9.7,15.1,33278.59
Pakistan,22-12-2001,17.8,2.9,10.7,0,9.1,18,33184.9
Pakistan,23-12-2001,18.8,3.7,11.7,0,8.3,19.4,33087.56
Pakistan,24-12-2001,17.1,3,10.5,0,9,17.6,32993.54
Pakistan,25-12-2001,16,2.2,9.8,0,11.1,21.2,32985.79
Pakistan,26-12-2001,15.5,2.4,9.5,0,8.9,15.5,32896.65
Pakistan,27-12-2001,15.8,3.1,9.7,0,9.3,20.9,32890.63
Pakistan,28-12-2001,16.9,3,10.7,0,8.4,20.9,32891.17
Pakistan,29-12-2001,16.6,5.9,11.2,0,9.4,20.9,32575.12
Pakistan,30-12-2001,16.8,3.5,10.7,0,9.9,18,32910.64
Pakistan,31-12-2001,17,3.2,10.7,0,8.6,19.4,32870.52
Pakistan,01-01-2002,17.8,4.9,11.6,0,10.2,20.9,32903.82
Pakistan,02-01-2002,16.7,5.5,11,0,11.5,20.9,32871.46
Pakistan,03-01-2002,16.4,4.5,10.8,0,9,19.1,32462.21
Pakistan,04-01-2002,15.2,2.7,9.8,0,9.1,18,32729.05
Pakistan,05-01-2002,14.9,3.1,8.6,0,9.5,20.2,32197.47
Pakistan,06-01-2002,16,1.1,9.3,0,9.4,14.8,32990.39
Pakistan,07-01-2002,17.1,0.7,9.6,0,9.7,16.2,33059.5
Pakistan,08-01-2002,16.6,2.9,10.4,0,10.1,22,32705.45
Pakistan,09-01-2002,16.1,2.4,10,0.2,13.2,26.3,29485.99
Pakistan,10-01-2002,17.4,3.5,10.9,0,9.9,21.6,33162.09
Pakistan,11-01-2002,17.8,5.1,11.9,0.2,12.7,28.1,33247.69
Pakistan,12-01-2002,20.2,6.2,13.2,0,17.2,35.3,33341.57
Pakistan,13-01-2002,19.2,8.3,13.7,0,15.4,29.9,33193.48
Pakistan,14-01-2002,14.7,3.9,9.8,0,19.3,39.2,26905.06
Pakistan,15-01-2002,11.7,-0.7,5.8,0,20,41.8,34026.39
Pakistan,16-01-2002,11.6,-1.7,4.7,0,16.6,36,34159.27
Pakistan,17-01-2002,10.2,-3,4.2,0,10.5,19.4,33996.74
Pakistan,18-01-2002,11.1,-3.9,4.8,0,9.4,16.6,34282.35
Pakistan,19-01-2002,11.1,-2.8,4.6,0,8.9,16.6,34345.07
Pakistan,20-01-2002,11.3,-2,5,0,8.3,15.1,34408.43
Pakistan,21-01-2002,11.5,-2,5.2,0,9.2,17.3,34472.22
Pakistan,22-01-2002,11.5,-1.6,5.5,0,11.5,23.8,34616.62
Pakistan,23-01-2002,12.4,1.2,7.4,0,11.1,22.3,34518.93
Pakistan,24-01-2002,13.4,1.5,8.2,0,13,27.4,34664.86
Pakistan,25-01-2002,12.6,0.5,7.5,0,16.9,35.3,33716.25
Pakistan,26-01-2002,10.7,-2.2,5.1,0,14.6,27.4,34965.23
Pakistan,27-01-2002,12.2,-2.8,4.9,0,15,32.4,35119.71
Pakistan,28-01-2002,11.9,-3.9,4.8,0,9.3,16.9,35277.23
Pakistan,29-01-2002,12.2,-3,5.2,0,9.9,20.5,35347.2
Pakistan,30-01-2002,12.5,-0.5,6.6,0,14.7,31,35510.7
Pakistan,31-01-2002,13.6,-0.6,7.5,0,17.4,33.8,35488.05
Pakistan,01-02-2002,12.9,4.3,8.3,0,19,36.4,35267.7
Pakistan,02-02-2002,14,0.3,7,0,25.9,50.4,35808.48
Pakistan,03-02-2002,14.1,-2,6.8,0,11.8,22.3,35905.4
Pakistan,04-02-2002,13.4,0.2,7.2,0,14.3,29.2,34842.45
Pakistan,05-02-2002,13.6,2.5,7.9,0,16.6,34.6,36103.29
Pakistan,06-02-2002,10.4,-1.2,4.5,0,23.7,49.7,36204.01
Pakistan,07-02-2002,7.6,-3.4,2.1,0,26.9,52.9,36305.74
Pakistan,08-02-2002,8.9,-1.5,3,0,13.3,33.8,36408.36
Pakistan,09-02-2002,12,-3.4,4.5,0,8.5,21.6,36511.77
Pakistan,10-02-2002,13,-2.5,5.8,0,8.9,15.1,35708.84
Pakistan,11-02-2002,15.6,-2.5,7.5,0,12.1,23.4,36720.45
Pakistan,12-02-2002,16.7,1.8,9.6,0,9.7,22,36825.51
Pakistan,13-02-2002,15.5,0.9,8.4,0,15.6,31.7,36930.91
Pakistan,14-02-2002,18.4,2.5,11,0,12.9,25.6,37036.54
Pakistan,15-02-2002,18.4,6,12.5,0,16.8,32.8,27931.61
Pakistan,16-02-2002,18.5,6.4,12.6,0,16.6,33.1,35387.53
Pakistan,17-02-2002,17.4,2.8,11.3,0,16.5,28.8,37353.88
Pakistan,18-02-2002,17.7,3.9,11.7,0,9.5,21.2,37460.42
Pakistan,19-02-2002,18.5,4.1,12.3,0,14.2,25.2,37568.08
Pakistan,20-02-2002,19.2,8.7,14.5,0.4,14.6,27.7,37676.73
Pakistan,21-02-2002,19.9,8,14.3,0.7,23,42.8,37379.12
Pakistan,22-02-2002,14.7,7.3,10.9,6,22.3,48.2,31941.02
Pakistan,23-02-2002,14.8,5,9.2,0,13.2,28.8,38007.7
Pakistan,24-02-2002,14.7,1,9.3,0.2,13.9,26.3,38119.34
Pakistan,25-02-2002,15.6,5.1,10.6,0,17.4,31.3,32876.51
Pakistan,26-02-2002,13.7,8,10.7,6.9,18.4,34.9,14903.27
Pakistan,27-02-2002,17.2,7.1,11.5,0,13.5,27.7,37622.63
Pakistan,28-02-2002,16.7,7.5,12.4,8.2,15.1,38.5,30742.39
Pakistan,01-03-2002,12.9,8.5,10.7,7.9,15.5,28.8,2951.92
Pakistan,02-03-2002,15.7,3.9,9.5,0,22.4,46.4,38796.32
Pakistan,03-03-2002,16.3,4,10,0,11,24.1,38909.49
Pakistan,04-03-2002,17.1,5.6,11.2,0,13,27.7,39022.51
Pakistan,05-03-2002,18.5,2.4,11.6,0,9.5,18.4,39096.8
Pakistan,06-03-2002,19.3,5.2,13.2,0,10.9,23.4,39166.41
Pakistan,07-03-2002,19,8,13.8,0,18.8,34.6,28860.85
Pakistan,08-03-2002,16.7,7.6,12,9.1,15.5,33.1,34833.54
Pakistan,09-03-2002,15.2,7.1,10.9,0.7,16.6,34.6,38317.08
Pakistan,10-03-2002,16.8,0.4,10.4,0,12.2,25.6,37689.91
Pakistan,11-03-2002,16.8,8.1,12.2,0,16.7,34.9,37172.9
Pakistan,12-03-2002,19.4,4,13.1,0,13.9,29.5,39586.72
Pakistan,13-03-2002,20.6,3.4,13.6,0,9.6,22.7,39600
Pakistan,14-03-2002,22.5,7.3,15.9,0,11.8,23.4,39600
Pakistan,15-03-2002,24.2,9.8,17.3,0,14.8,29.9,39600
Pakistan,16-03-2002,25.9,9,18.5,0,16.8,32,39600
Pakistan,17-03-2002,26.6,11.4,19.8,0,17.4,32.8,39600
Pakistan,18-03-2002,26.8,10.5,20.1,0,16.3,32.8,39600
Pakistan,19-03-2002,25.1,13.6,19.8,0,22.7,44.3,38693.31
Pakistan,20-03-2002,24.7,12,19.3,0.3,24.8,49.7,39625.09
Pakistan,21-03-2002,23.9,8.8,18,0,12.4,25.2,39600
Pakistan,22-03-2002,25.1,9.7,18.1,0,22,43.9,32400
Pakistan,23-03-2002,26.1,13.8,20.1,0,24.1,42.1,38385.5
Pakistan,24-03-2002,25,12.8,19,0,26.4,55.1,39892.24
Pakistan,25-03-2002,24.6,8.5,17.3,0,18,37.4,40044.73
Pakistan,26-03-2002,24.1,8.5,17.8,0,14.8,27.7,40121.98
Pakistan,27-03-2002,24.9,8.1,17.6,0,15.9,29.9,40211.86
Pakistan,28-03-2002,26.8,12.4,20.1,0,16.5,31,40307.15
Pakistan,29-03-2002,28.5,13.3,21.5,0,18.7,38.9,40000.6
Pakistan,30-03-2002,28.9,12.8,22,0.3,19.8,41,40224.83
Pakistan,31-03-2002,28.4,13.8,21.8,0.3,24.2,49.7,39905.21
Pakistan,01-04-2002,27.7,10.7,19.9,0,34,65.9,41196.74
Pakistan,02-04-2002,28.4,10.9,20.5,0,20.5,43.9,40950.35
Pakistan,03-04-2002,27.7,14.4,21.5,0,17.8,36,41460.53
Pakistan,04-04-2002,30.1,16.9,23.4,0,27.1,53.6,41102.36
Pakistan,05-04-2002,26.4,14.9,21.7,0,20,37.1,33929.63
Pakistan,06-04-2002,22,14,17.8,5.3,17.2,38.9,38899.14
Pakistan,07-04-2002,21.9,11.3,16.7,0.9,14,33.5,40572.13
Pakistan,08-04-2002,22.9,9.8,16.6,0.4,16.3,30.2,41950.73
Pakistan,09-04-2002,25.6,11,18.9,0,17,31.7,42518.83
Pakistan,10-04-2002,28,11.1,20.8,0,15,30.2,42596.74
Pakistan,11-04-2002,29.9,12.3,22.8,0,13.1,25.9,42776.34
Pakistan,12-04-2002,31.4,16.3,24.9,0,18.4,37.4,42227.56
Pakistan,13-04-2002,30.8,19.3,24.9,0,20.8,41,42400.2
Pakistan,14-04-2002,29.9,15,23.7,0,22,43.6,40218
Pakistan,15-04-2002,26.5,15.1,21.5,4.7,17.5,38.2,43295.94
Pakistan,16-04-2002,26.7,13,20.7,0,14.1,31.3,42308.8
Pakistan,17-04-2002,28.9,13,22.4,0,13.4,31.3,43556.35
Pakistan,18-04-2002,30.6,13.3,23.6,0,14.3,31.7,43743.05
Pakistan,19-04-2002,31.8,17.3,25.6,0,15.8,32.8,43701.81
Pakistan,20-04-2002,33,19.4,27,0,14.4,29.5,42493.95
Pakistan,21-04-2002,32.2,21.4,26.8,0,19.8,41.4,43726.2
Pakistan,22-04-2002,32.7,18.8,26.8,0,23.8,49.3,44032.86
Pakistan,23-04-2002,32.1,17.7,25.6,0,24.4,52.9,44344.18
Pakistan,24-04-2002,29.9,15.4,24.2,0,24.4,47.9,44494.32
Pakistan,25-04-2002,29.1,13.2,22.4,0,32.3,62.3,44589.28
Pakistan,26-04-2002,30.7,15.4,23.6,0,27.2,51.1,44681.81
Pakistan,27-04-2002,33.3,17.2,25.9,0,40.3,78.8,44777.07
Pakistan,28-04-2002,31.7,18,24.8,0,35.6,70.2,44869.74
Pakistan,29-04-2002,33.3,17.2,26,0,33.6,67,44888.4
Pakistan,30-04-2002,34.4,19.5,27.4,0,27.8,54.7,40136.86
Pakistan,01-05-2002,32.4,16.8,25.7,0,23.4,49,35140.18
Pakistan,02-05-2002,31.4,17.8,25.3,0.1,22.4,42.8,44686.07
Pakistan,03-05-2002,32.8,16.5,26,0.1,23.9,49.7,43943.32
Pakistan,04-05-2002,34.2,18.5,27.6,0,22.5,46.1,45339.61
Pakistan,05-05-2002,34.9,18.6,28.3,0,20.5,41,45488.46
Pakistan,06-05-2002,35,16.4,27.8,0,17.5,33.8,44761.11
Pakistan,07-05-2002,35.3,18.4,28.3,0,20.7,41,45596.93
Pakistan,08-05-2002,34.4,18.3,28.5,0,22.7,41,45633.15
Pakistan,09-05-2002,36,20.2,29.4,0,19.6,39.2,44916.26
Pakistan,10-05-2002,36.1,21.3,29.6,0,19.2,38.5,45706.2
Pakistan,11-05-2002,37.7,20.6,29.8,0,19.5,39.6,45742.95
Pakistan,12-05-2002,38.6,24.3,31.7,0,20.4,41.8,43493.11
Pakistan,13-05-2002,37,24.5,31.7,0,17.6,36.4,43016.25
Pakistan,14-05-2002,37.9,22.9,31.5,0,24.6,47.2,45818.36
Pakistan,15-05-2002,35.3,21.7,29.7,0,16.4,37.1,45890.37
Pakistan,16-05-2002,35.8,21.6,29.3,0,15,31.3,45927.07
Pakistan,17-05-2002,37.2,21.6,30,0,20.3,40.3,45963.6
Pakistan,18-05-2002,37.6,21.6,30.3,0,27.7,56.5,45999.91
Pakistan,19-05-2002,35,19.9,28.1,0,26,52.2,46035.95
Pakistan,20-05-2002,34.3,18,27.3,0,23.9,48.6,46071.66
Pakistan,21-05-2002,36,20.2,29.2,0,20.7,44.3,44967.08
Pakistan,22-05-2002,37.1,23.7,30.9,0,19.9,38.9,43200
Pakistan,23-05-2002,37.3,20.6,30.4,0,23.4,49.3,46176.3
Pakistan,24-05-2002,36.9,22.8,30.5,0,19.8,38.2,46210.17
Pakistan,25-05-2002,38.3,22.4,31.3,0,13.5,30.6,46243.45
Pakistan,26-05-2002,38,18.3,30.6,0,20.6,40.7,46276.06
Pakistan,27-05-2002,38.3,24.7,31.6,0,29.9,58.7,46307.98
Pakistan,28-05-2002,34.9,18.3,28,0,27.9,48.2,44343.13
Pakistan,29-05-2002,33.8,19.2,27.1,0,21.4,43.9,46370.44
Pakistan,30-05-2002,34,18.6,25.9,0,22.8,43.9,42737.66
Pakistan,31-05-2002,34.6,20.1,27,0.3,21,42.5,44822.69
Pakistan,01-06-2002,35.1,21.1,28.4,0.2,25.4,49,46463.07
Pakistan,02-06-2002,35,22.5,28.5,0.6,24.1,48.2,46493.39
Pakistan,03-06-2002,35.3,21.9,28.3,0,18.1,38.5,46523.3
Pakistan,04-06-2002,36.3,23.1,29.7,0,24.3,45.7,46552.73
Pakistan,05-06-2002,38.1,24.9,31.3,0,24.5,42.5,46581.59
Pakistan,06-06-2002,38.7,20.9,31.1,0,15.7,34.2,46609.82
Pakistan,07-06-2002,38,22.8,31.3,0,23.7,40.7,46637.34
Pakistan,08-06-2002,40.6,22.9,32.2,0,19.9,41,46664.07
Pakistan,09-06-2002,40.1,23.3,32.6,0,23.8,44.6,46689.93
Pakistan,10-06-2002,38.1,20.5,31.2,0,21.7,40,46714.85
Pakistan,11-06-2002,38,23.2,31.2,0,18,34.6,46738.76
Pakistan,12-06-2002,37.7,20.5,30.2,0,17.9,39.2,46761.58
Pakistan,13-06-2002,37.6,24.3,31,0,19.1,38.9,46783.23
Pakistan,14-06-2002,37.5,22.6,31,0,21.4,45,46800
Pakistan,15-06-2002,37.8,24.1,31.3,0,25.3,49,46800
Pakistan,16-06-2002,36.1,23.5,30.3,0,26.7,52.6,46800
Pakistan,17-06-2002,32.9,24.2,28.7,0,26.6,51.8,43745.68
Pakistan,18-06-2002,30.2,21.8,25.8,1.3,26.6,51.1,46800
Pakistan,19-06-2002,33.3,21.7,27.7,0,24.6,47.5,46800
Pakistan,20-06-2002,35.5,22.2,29.2,0,29.5,54.7,46800
Pakistan,21-06-2002,38,24.3,31.1,0,26.9,50.8,46800
Pakistan,22-06-2002,40.5,24.4,32.5,0,24.6,48.2,46800
Pakistan,23-06-2002,40.2,25.9,33,0,26,49.3,46800
Pakistan,24-06-2002,37.7,24.6,31.6,0,21.6,46.8,46800
Pakistan,25-06-2002,34.9,23.1,29,0.7,18.9,41,46800
Pakistan,26-06-2002,33.4,21,27.5,0.3,17.1,36.7,46800
Pakistan,27-06-2002,32.9,22.5,27.9,0.8,13.1,33.1,46800
Pakistan,28-06-2002,35.5,23.2,29.7,0,20.9,41.4,46800
Pakistan,29-06-2002,35.7,22.7,29.8,0,20,41.8,46800
Pakistan,30-06-2002,36,21.5,29.3,0,22.9,46.4,46800
Pakistan,01-07-2002,37.8,24.4,31,0,19.5,34.9,46800
Pakistan,02-07-2002,42.4,24.6,33.6,0,21.7,39.2,46800
Pakistan,03-07-2002,40.5,24.9,32.7,0,19.5,45.4,46800
Pakistan,04-07-2002,36.6,25.2,31.1,0,21.9,42.1,46535.81
Pakistan,05-07-2002,36.3,24.5,30.2,0,26.6,50.4,46800
Pakistan,06-07-2002,36.6,22.8,30,0,26.4,52.2,46800
Pakistan,07-07-2002,35.7,23,29.7,0,24,45.7,46800
Pakistan,08-07-2002,36.1,22.8,29.9,0,21.8,43.6,46800
Pakistan,09-07-2002,35.9,22.9,30,0,23.2,45,46800
Pakistan,10-07-2002,34.5,22.6,29,0,20.2,40.7,46800
Pakistan,11-07-2002,35.4,21.9,29.2,0,20.6,39.2,46800
Pakistan,12-07-2002,36.4,22.7,30.3,0,23.1,43.6,46800
Pakistan,13-07-2002,35.4,23.5,29.7,0,22.1,40,46800
Pakistan,14-07-2002,35.9,23.5,29.5,0,24,45,46800
Pakistan,15-07-2002,36.5,23.5,30.1,0,21,45.4,46800
Pakistan,16-07-2002,37.9,24.3,30.8,0,20.1,42.8,46800
Pakistan,17-07-2002,38,23.8,31,0,20.5,43.6,46800
Pakistan,18-07-2002,35.5,24.2,30.1,0,17,33.1,46125.7
Pakistan,19-07-2002,36.6,24,30.2,0,20.8,38.2,46774.86
Pakistan,20-07-2002,37.6,24.5,31,0,19.7,38.9,46451.6
Pakistan,21-07-2002,38.5,24.1,31.1,0.6,18.2,41.4,46724.3
Pakistan,22-07-2002,35.1,23.4,29.1,0,22.2,49,46004.94
Pakistan,23-07-2002,31.9,22.5,26.5,5.5,20.2,44.6,46640.74
Pakistan,24-07-2002,32.9,21.2,26.8,0,18.7,33.8,46577.68
Pakistan,25-07-2002,37.2,21.6,29.1,0,24.9,46.4,46513.35
Pakistan,26-07-2002,35.8,21.7,28.9,1.2,19.8,44.6,46283.52
Pakistan,27-07-2002,35.4,21.3,28.6,0,20.1,43.2,44618.52
Pakistan,28-07-2002,35.6,22.5,28.8,0,22.7,42.5,43939.77
Pakistan,29-07-2002,35.1,22.6,28.6,0,20.2,37.8,45195.7
Pakistan,30-07-2002,33.4,22.7,27.8,0,20.6,40.3,45318.39
Pakistan,31-07-2002,33.1,22.3,26.7,0,25.8,50,45279.88
Pakistan,01-08-2002,31.1,22.2,25.5,3.9,15.3,33.5,38854.84
Pakistan,02-08-2002,31.9,21.8,26.9,0,13.7,28.1,45671.14
Pakistan,03-08-2002,35.6,22.7,29,0,19.9,40.3,45867.39
Pakistan,04-08-2002,35.6,21.5,29.1,0,18.1,36,45788.07
Pakistan,05-08-2002,34.2,21.9,28.9,0,18.7,35.3,44314.05
Pakistan,06-08-2002,34.6,22.5,29.3,0,15,30.6,45038.21
Pakistan,07-08-2002,34.9,23.6,29.2,0,18.1,36.4,43941.74
Pakistan,08-08-2002,35,23.4,29.6,0,16.2,32.8,42569.27
Pakistan,09-08-2002,35.9,24,29.9,0,17.9,34.9,44614.59
Pakistan,10-08-2002,35.9,23.5,29.9,0,20.4,43.2,44427.21
Pakistan,11-08-2002,38,23.2,30.1,0,21.3,41,44822.72
Pakistan,12-08-2002,35.8,23.5,29.3,0.9,17,34.2,44490.74
Pakistan,13-08-2002,34.8,22.9,28.1,0,21.6,45.7,44164.32
Pakistan,14-08-2002,30.9,22.6,26,0.5,21.6,43.9,43030.03
Pakistan,15-08-2002,29.6,20.7,24.7,0.7,20.3,33.5,41705.77
Pakistan,16-08-2002,33.4,19.9,26.4,0,19,36.4,44563.4
Pakistan,17-08-2002,34.8,20.6,27.7,0,17.5,33.5,44409.4
Pakistan,18-08-2002,34.7,21.1,28.3,0,19.3,35.6,43961.09
Pakistan,19-08-2002,34.5,22.1,28.3,0,20.2,41,43786.52
Pakistan,20-08-2002,35.5,21.3,28.2,0,14.5,35.3,43225.76
Pakistan,21-08-2002,33.5,22.4,27.4,1.1,16.1,37.1,41999.68
Pakistan,22-08-2002,31.9,21.9,25.9,2,18.6,41.8,38269.82
Pakistan,23-08-2002,30.9,21,25.1,2.5,14.4,31.7,39912.54
Pakistan,24-08-2002,31.4,21.5,25.6,1.3,16.8,33.8,41153.08
Pakistan,25-08-2002,30,20.7,25.2,2.6,14.4,32.4,39728.21
Pakistan,26-08-2002,30.8,21.4,25.2,3.3,14.4,33.1,34885.43
Pakistan,27-08-2002,30.1,21.4,24.8,0.7,19.7,41.8,39899.93
Pakistan,28-08-2002,31.8,21.8,25.7,0,18.4,34.9,35663.61
Pakistan,29-08-2002,33.7,20,26.5,1.6,14.4,32.4,38329.88
Pakistan,30-08-2002,32.2,22.7,26.6,0.6,19.7,41.4,39537.74
Pakistan,31-08-2002,32.7,21.8,26.4,2.7,21,42.1,41080.98
Pakistan,01-09-2002,31,20.8,25.3,0.8,22,47.2,40846.13
Pakistan,02-09-2002,31.8,21.4,25.3,0.2,21.2,43.2,39800.12
Pakistan,03-09-2002,32,19.8,25.1,0.4,24.6,47.2,36007.09
Pakistan,04-09-2002,31.9,20.3,25.3,0,23.4,43.9,39811.62
Pakistan,05-09-2002,29.8,20.4,24,1,19.9,37.1,32400
Pakistan,06-09-2002,31.2,19.6,24.4,0,21.8,40,38809.82
Pakistan,07-09-2002,32.3,18.8,24.9,0,20.5,37.8,40704.45
Pakistan,08-09-2002,32,19.9,25.7,0,26.1,47.2,40453.89
Pakistan,09-09-2002,31.1,19.7,25.3,0,21.8,43.6,40699.56
Pakistan,10-09-2002,31.4,19,25,0,24.8,44.3,40696.82
Pakistan,11-09-2002,31.6,19.3,25.3,0,18.8,38.5,40573.05
Pakistan,12-09-2002,31.7,18,25.1,0,11.9,28.8,40092.34
Pakistan,13-09-2002,31.8,17.4,25,0,15.8,34.6,39857.61
Pakistan,14-09-2002,31.9,17.8,25.1,0,20.8,39.2,39979.44
Pakistan,15-09-2002,32.1,19,25.4,0,23.2,43.6,40214.93
Pakistan,16-09-2002,33.2,19.4,26,0,22.4,42.8,40330.48
Pakistan,17-09-2002,31.9,17,24.5,0,22.1,44.3,40215.88
Pakistan,18-09-2002,27,18.6,21.6,4.7,19.8,38.5,34202.17
Pakistan,19-09-2002,25.6,16.9,21,1.4,17.3,32.8,39771.07
Pakistan,20-09-2002,28.4,17.6,22.3,0,16.1,35.3,39624.07
Pakistan,21-09-2002,30.3,17.9,24.1,0,14.5,30.6,39880
Pakistan,22-09-2002,30.6,19,24.9,0,12.1,24.1,39806.38
Pakistan,23-09-2002,31.6,19.2,25.3,0.2,20.3,37.8,39733.01
Pakistan,24-09-2002,31.2,18.7,24.7,0,22.6,39.2,39659.98
Pakistan,25-09-2002,28.2,16.3,22,2.5,20.4,42.8,36882.55
Pakistan,26-09-2002,25.4,14.9,20.3,0,23.5,44.6,38049.11
Pakistan,27-09-2002,28,15.9,22,0,14,29.5,39339.57
Pakistan,28-09-2002,28.4,12.3,20.4,0,21.3,40.3,39266.22
Pakistan,29-09-2002,27.9,13.2,21.3,0,16.3,32.8,39095.7
Pakistan,30-09-2002,28.1,16.1,22.4,0.3,15.6,31.3,38488.49
Pakistan,01-10-2002,28.2,15.2,22.5,0,13.7,29.5,38949.89
Pakistan,02-10-2002,29.1,16.5,23.3,0,11.9,25.2,38876.5
Pakistan,03-10-2002,29.5,13.2,23,0,10.5,22.7,38802.91
Pakistan,04-10-2002,29.9,12.3,22.7,0,10.6,23,38729.16
Pakistan,05-10-2002,29.4,13.9,23,0,11.7,27,38569.56
Pakistan,06-10-2002,28.9,12.9,22.3,0,10,20.9,38497.77
Pakistan,07-10-2002,29.4,12.8,22.2,0,12.4,25.2,38344.37
Pakistan,08-10-2002,29.1,13.4,22.6,0,10.6,23,38275.06
Pakistan,09-10-2002,29.1,14.7,22.5,0,11.8,25.2,38206.09
Pakistan,10-10-2002,28.6,14.6,22.5,0,15.8,28.8,38064.34
Pakistan,11-10-2002,29.3,16.7,23.2,0,16,31.7,37996.84
Pakistan,12-10-2002,29.3,14.2,22.7,0,14.9,31,37931.87
Pakistan,13-10-2002,28.4,12.7,20.8,0,15,35.3,37589.14
Pakistan,14-10-2002,26.8,13.3,19.8,0,17.7,32.4,37571.75
Pakistan,15-10-2002,26.1,14.8,20.7,0,16.1,32,36748.74
Pakistan,16-10-2002,25.9,15.7,20.1,0.8,17.1,40.7,35485.52
Pakistan,17-10-2002,26.5,13.1,20,0,13.4,27,37180.77
Pakistan,18-10-2002,27.5,14.1,20.4,0,17.1,32.8,37057.64
Pakistan,19-10-2002,27.5,13.5,20.4,0,17.9,33.1,36938.45
Pakistan,20-10-2002,26.4,10.5,18.6,0,23.7,45.7,36115.05
Pakistan,21-10-2002,18.7,10.9,15.1,2.8,11.6,28.4,36516.32
Pakistan,22-10-2002,21.6,9.3,15.4,0,12.6,23.4,36606.64
Pakistan,23-10-2002,23,8.2,16.1,0,13.2,24.5,36505.38
Pakistan,24-10-2002,24.7,10.3,17.8,0,15.3,31,36409.18
Pakistan,25-10-2002,24.4,10.9,18.1,0,15.9,28.8,36403.67
Pakistan,26-10-2002,26,11.7,19.1,0,11.3,27.7,36314.84
Pakistan,27-10-2002,25.9,11.5,18.9,0,14.7,29.9,36231.64
Pakistan,28-10-2002,25,11.5,18.3,0,14.5,28.8,36229.37
Pakistan,29-10-2002,23.9,10.8,18.1,0,11,21.2,36154.46
Pakistan,30-10-2002,23.3,7.8,16.6,0,12.2,24.1,36153.59
Pakistan,31-10-2002,24.1,11.1,17.8,0,15.5,27.4,36059.3
Pakistan,01-11-2002,23.1,10.3,17.5,0,8.3,18.4,35950.68
Pakistan,02-11-2002,23.8,9.8,17.5,0,13.2,25.9,35873.72
Pakistan,03-11-2002,23.7,12.8,18.1,0,17,34.2,33465.02
Pakistan,04-11-2002,23.8,11.9,18.3,0,14.5,28.1,35774.47
Pakistan,05-11-2002,21,11.1,15.4,2.8,12.9,31,25117.74
Pakistan,06-11-2002,17.1,8.8,13.2,0.2,12.2,29.9,35673.22
Pakistan,07-11-2002,18.4,7.2,12.5,1,11.6,24.8,35621.66
Pakistan,08-11-2002,17.5,7.9,12.2,3.3,8.4,26.6,24778.54
Pakistan,09-11-2002,16.4,7.9,11.5,2.4,13.3,25.6,31557.85
Pakistan,10-11-2002,14.2,6.2,10.5,1.6,11.9,22,21892.13
Pakistan,11-11-2002,15.1,6.4,11,1.6,10.3,23.4,34876.54
Pakistan,12-11-2002,16.7,5.6,11.5,0,7.1,19.1,35356.95
Pakistan,13-11-2002,17.7,6.2,12.4,0,7.1,17.3,35303.07
Pakistan,14-11-2002,19.9,8.2,13.7,0,9.8,22.7,35249.05
Pakistan,15-11-2002,22,7,14.9,0,10.9,20.9,35194.95
Pakistan,16-11-2002,22.2,6.8,15.3,0,9.7,23.4,35140.82
Pakistan,17-11-2002,21.4,8.3,15.6,0,12.3,27,35086.77
Pakistan,18-11-2002,21.2,7,14.4,0,17.6,35.3,35006.65
Pakistan,19-11-2002,19.5,5,12.3,0,19.6,39.2,34924.59
Pakistan,20-11-2002,20,2,12.1,0,9.9,20.2,34844.56
Pakistan,21-11-2002,21,4.2,13.8,0,10.1,18.4,34766.7
Pakistan,22-11-2002,19.8,6.5,13.7,0,11.6,24.1,34691.13
Pakistan,23-11-2002,20.9,4.5,13.9,0,14.3,30.2,34618
Pakistan,24-11-2002,20.7,3.2,13.1,0,10.5,18.4,34547.43
Pakistan,25-11-2002,20.2,2.6,12.3,0,10.1,16.9,34478.77
Pakistan,26-11-2002,19.8,3.5,12.4,0,9.7,17.3,34411.67
Pakistan,27-11-2002,18.5,4.3,11.7,0,9.2,20.5,33844.36
Pakistan,28-11-2002,19.7,4.9,12.9,0,8.3,18.7,34282.51
Pakistan,29-11-2002,19.1,3.6,11.8,0,10.2,21.6,34220.62
Pakistan,30-11-2002,19.1,4.8,12.3,0,19.6,41,34160.66
Pakistan,01-12-2002,17.5,-0.4,9.9,0,11.3,24.5,34102.7
Pakistan,02-12-2002,17.4,6.4,11.9,0,13,27.7,34046.85
Pakistan,03-12-2002,17.3,2.3,10.7,0,11.6,24.1,33993.2
Pakistan,04-12-2002,14.8,5,9.6,0,19.1,39.2,33941.84
Pakistan,05-12-2002,12.9,-2.4,5.5,0,14.3,31,33892.87
Pakistan,06-12-2002,12.1,-4.9,4.1,0,10.4,18.4,33846.36
Pakistan,07-12-2002,12.8,-4,5.2,0,10.1,16.6,33802.45
Pakistan,08-12-2002,14.1,-2.1,6.7,0,10.1,16.2,33761.18
Pakistan,09-12-2002,15.6,-1.6,7.8,0,10.5,17.3,33722.69
Pakistan,10-12-2002,18,2.6,11,0,9.4,15.5,33687.04
Pakistan,11-12-2002,17.9,3.4,11.3,0,11.7,22.3,33654.34
Pakistan,12-12-2002,15.1,4.3,10,0,9.7,17.3,17102.1
Pakistan,13-12-2002,19.3,8.1,13.6,0,6.9,15.8,30378.24
Pakistan,14-12-2002,18.8,9.2,13.5,0,14,29.2,32224.28
Pakistan,15-12-2002,19.2,6.5,13.3,0,8.4,20.2,32499.13
Pakistan,16-12-2002,19.1,8.1,14.1,0.5,9.4,26.6,32918.27
Pakistan,17-12-2002,18.2,5.3,12.3,0,10.4,21.2,33226.02
Pakistan,18-12-2002,17.5,5.8,12.2,0,16.7,34.9,33236.56
Pakistan,19-12-2002,17.1,6.9,11.9,0,11.7,26.3,33154.91
Pakistan,20-12-2002,15.8,4,10.3,0,12.3,26.3,32710.71
Pakistan,21-12-2002,15.7,3.1,10.5,0,13.6,28.1,32827.49
Pakistan,22-12-2002,15.3,5.4,10.6,0,15.1,29.5,32922.62
Pakistan,23-12-2002,11.4,5.5,8.8,2.9,19.1,35.6,7533.62
Pakistan,24-12-2002,10.9,-0.3,5.8,0,16,33.5,33248.89
Pakistan,25-12-2002,10.6,-2.4,4.4,0,13.1,26.6,33069.49
Pakistan,26-12-2002,11.7,3.8,7.2,0,10.5,25.6,27271.17
Pakistan,27-12-2002,13,0,6.9,0,10.4,24.5,32970.64
Pakistan,28-12-2002,14.1,-0.9,7.3,0,9.7,22.7,32969.67
Pakistan,29-12-2002,13,-1.1,6.8,0,12.6,24.1,32961.77
Pakistan,30-12-2002,11.2,-0.3,5.4,0.6,12.1,27.4,32573.43
Pakistan,31-12-2002,13.2,-3.3,5.3,0,14.6,31.3,33017.84
Pakistan,01-01-2003,13.5,-3.6,5.6,0,12,25.2,33017.31
Pakistan,02-01-2003,10.2,-1.8,4.7,0,10.5,24.5,32943.64
Pakistan,03-01-2003,11.4,-2.5,5,0,8.7,16.2,32871.46
Pakistan,04-01-2003,14,-1.3,7.2,0,8.7,15.1,32994.65
Pakistan,05-01-2003,14.8,1.4,8.5,0,12.2,25.6,32695.18
Pakistan,06-01-2003,15.5,0.5,8.4,0,13.5,29.5,32988.37
Pakistan,07-01-2003,15.1,0.1,8.6,0,16,33.8,33127.56
Pakistan,08-01-2003,14.7,0.7,8.3,0,11.2,25.9,33202.51
Pakistan,09-01-2003,14.3,0.3,8,0,11.2,25.9,33284.18
Pakistan,10-01-2003,13.4,0.9,7,0,8.9,18.7,32853
Pakistan,11-01-2003,15.7,0.2,8.6,0,11,19.4,33240.76
Pakistan,12-01-2003,16.1,1.4,9.3,0,15.1,31.7,33567.52
Pakistan,13-01-2003,14.9,0,8.3,0,8.6,20.2,33745.56
Pakistan,14-01-2003,16.7,1.9,9.7,0,8.9,20.2,33786.04
Pakistan,15-01-2003,16.8,2,9.9,0,13.9,26.6,33742.24
Pakistan,16-01-2003,14.9,-0.8,8.4,0,9.5,21.2,32742.96
Pakistan,17-01-2003,15.8,2.2,9.9,0,8.3,15.8,27304.02
Pakistan,18-01-2003,15.9,2.4,9.5,0,9.3,22,33624.46
Pakistan,19-01-2003,13.6,-1.7,6.9,0.3,9.5,20.2,33766.23
Pakistan,20-01-2003,15.6,0.7,9,0,11.3,24.8,32718.7
Pakistan,21-01-2003,16.8,5.5,11.1,0,12.1,25.6,34142.77
Pakistan,22-01-2003,16.9,2.3,10.5,0,11.5,26.6,34438.8
Pakistan,23-01-2003,18.4,4.5,10.9,0,20.2,41.4,34661.68
Pakistan,24-01-2003,16.4,1.8,10.2,0,13.6,29.2,34725.92
Pakistan,25-01-2003,16.4,3.2,10.8,0,9.1,21.2,34551.41
Pakistan,26-01-2003,14.7,5.1,9.9,0.7,12.9,34.9,32602.54
Pakistan,27-01-2003,13,4.3,8.8,0.3,13.7,30.6,33679.96
Pakistan,28-01-2003,13.4,2.9,8.6,0,11.7,26.3,34988.91
Pakistan,29-01-2003,9.8,4.1,7.6,4.6,16.6,46.1,5925.07
Pakistan,30-01-2003,14.5,7.3,10,2.5,17.4,37.4,26317.34
Pakistan,31-01-2003,12.3,4.8,8.4,0,15.9,33.8,34377.66
Pakistan,01-02-2003,11.6,-0.4,5.7,0,14.8,31,35694.94
Pakistan,02-02-2003,10.9,2.3,6,0,10.9,22,31146.15
Pakistan,03-02-2003,14.2,-0.7,7.4,0,8.4,21.2,35886.95
Pakistan,04-02-2003,15.6,-0.7,8.2,0,9.4,16.9,35986.38
Pakistan,05-02-2003,18,1.9,10.5,0,13.5,25.2,36085.47
Pakistan,06-02-2003,16.7,7.3,11.6,0,15.6,31,28187.99
Pakistan,07-02-2003,16.6,2.5,9.7,0,26.5,52.2,36285.89
Pakistan,08-02-2003,14.5,-2.2,7.7,0,16.4,32.4,36387
Pakistan,09-02-2003,13.7,2.5,8.6,0,12,27,36488.55
Pakistan,10-02-2003,14.2,-0.6,7.9,0,12.2,27,36590.45
Pakistan,11-02-2003,16.2,1.1,9.5,0,13.4,28.4,36692.57
Pakistan,12-02-2003,17.1,6,11.5,0,18.4,37.8,36794.91
Pakistan,13-02-2003,19.4,6.6,12.3,0,19.6,40.3,36898.27
Pakistan,14-02-2003,17.8,3.7,11.3,0,16.7,32.4,37002.96
Pakistan,15-02-2003,17.1,4.1,11.3,2,24.2,44.3,23523.79
Pakistan,16-02-2003,15.4,7.6,11,6,23.4,46.8,23365.11
Pakistan,17-02-2003,9.5,7.5,8.5,12.1,15.3,41.4,0
Pakistan,18-02-2003,9,3.6,6.8,2.6,19.9,37.8,35668.21
Pakistan,19-02-2003,11.3,1.4,5.8,0,25.8,50.4,37542.34
Pakistan,20-02-2003,13,-0.6,6.2,0,13.3,28.1,37652.62
Pakistan,21-02-2003,13.6,3.3,8.4,0,16.3,33.5,37763.46
Pakistan,22-02-2003,17.7,4.7,11.1,0,20.1,36,37874.77
Pakistan,23-02-2003,17.1,5.9,12.3,0,14.3,37.8,37298.65
Pakistan,24-02-2003,17.3,8,11.8,0,15.2,30.6,27864.46
Pakistan,25-02-2003,18.9,8,13.4,0.9,17.1,36.4,34228.59
Pakistan,26-02-2003,20.2,8.6,14.4,0,14.8,32,32656.74
Pakistan,27-02-2003,18.9,8.7,14.2,0.6,22.3,44.3,36028.44
Pakistan,28-02-2003,20.1,11,15,0,25,50.4,38546.7
Pakistan,01-03-2003,15.5,9,12.1,4.1,21.7,54.4,35058.52
Pakistan,02-03-2003,13.6,3,7.9,0,27.2,56.5,38770.04
Pakistan,03-03-2003,10.7,-0.6,4.4,0,39.5,77,38881.18
Pakistan,04-03-2003,15.3,-2,6.5,0,28.8,60.5,38991.87
Pakistan,05-03-2003,19.9,1.9,10.8,0,22.4,49,39071.98
Pakistan,06-03-2003,20,5.5,12.2,0,17.7,37.1,39140.7
Pakistan,07-03-2003,21.3,6.5,13.6,0,16.1,32,39210.41
Pakistan,08-03-2003,20.9,9.1,14.7,0,20.5,41.4,36271.87
Pakistan,09-03-2003,22.6,10.9,16,0.4,21.8,51.5,39352.41
Pakistan,10-03-2003,19.5,0.3,12,0,16.3,36,39424.52
Pakistan,11-03-2003,19.7,4.8,13.3,0,15.7,29.9,39497.21
Pakistan,12-03-2003,20.7,4,14.1,0,14.2,30.2,35970.41
Pakistan,13-03-2003,21.9,11,16.3,0,21.9,44.6,39600
Pakistan,14-03-2003,22.1,10.7,16.4,0,22.4,43.6,37310.66
Pakistan,15-03-2003,22.6,6.4,15.3,0,18.4,40.3,39600
Pakistan,16-03-2003,20.8,7.1,14.4,0,13,29.2,39600
Pakistan,17-03-2003,21.2,4.9,14.5,0,13.8,29.9,39600
Pakistan,18-03-2003,20.5,7.2,14.5,0.4,23.3,47.2,39600
Pakistan,19-03-2003,22.2,7.3,15.4,0,22.9,45.7,39600
Pakistan,20-03-2003,24.6,11.6,18.2,0,17,34.9,39600
Pakistan,21-03-2003,26.1,10.8,19.7,0,18.9,34.6,39600
Pakistan,22-03-2003,26.6,14.6,20.7,0.3,22.9,43.6,39600
Pakistan,23-03-2003,22.5,13,17.8,0,17.1,36,39144.42
Pakistan,24-03-2003,24.1,12.3,18.3,0.3,24.7,41,36011.64
Pakistan,25-03-2003,25.9,10.9,19.3,0,16.6,35.6,39821.38
Pakistan,26-03-2003,25.7,11.8,19.6,0,15.3,32,39821.99
Pakistan,27-03-2003,26.9,15.9,21.4,0.2,17.4,34.9,35504.07
Pakistan,28-03-2003,25.5,15.4,20.3,2.3,27.8,58,39600
Pakistan,29-03-2003,22.7,11.5,17.1,1.1,18.9,42.5,40142.63
Pakistan,30-03-2003,22.4,10.6,16.4,0.8,21.4,41.8,39741.27
Pakistan,31-03-2003,24.4,12.9,18.5,0.2,22.7,36,40437.66
Pakistan,01-04-2003,27.7,12.1,20.1,0,21.4,41.8,40834.62
Pakistan,02-04-2003,27.9,15.1,21.3,0,27.8,60.5,41006.62
Pakistan,03-04-2003,26,10.4,18.7,0,25.5,48.2,41651.48
Pakistan,04-04-2003,23.4,8.1,17.2,0,17.4,39.2,41918.77
Pakistan,05-04-2003,24.3,6.9,17.4,0,17.4,31.3,41998
Pakistan,06-04-2003,26.5,9.7,18.8,0,14.9,29.5,42063.89
Pakistan,07-04-2003,29.3,11.3,21.3,0,12.3,26.3,42249.24
Pakistan,08-04-2003,31.5,14.4,23.8,0,15.9,34.9,42327.06
Pakistan,09-04-2003,32.2,15.1,24.7,0,15.5,33.1,42502.84
Pakistan,10-04-2003,32,14.3,24.7,0,18.5,36.7,42277.42
Pakistan,11-04-2003,31.6,17,25.3,0,18.3,37.1,42040.85
Pakistan,12-04-2003,31.8,18.8,25.2,0,19.8,43.9,42105.38
Pakistan,13-04-2003,31,19.1,25.1,0,17.4,34.6,41869.93
Pakistan,14-04-2003,29.1,15.9,23.2,0.3,20.7,41.8,39312.29
Pakistan,15-04-2003,23.1,16,20.3,2.8,24.6,57.2,32314.12
Pakistan,16-04-2003,26.9,13.8,21.1,0,12.8,32,43235.82
Pakistan,17-04-2003,28.1,14,22.2,0,14.9,31.7,43532.06
Pakistan,18-04-2003,25.9,17.3,21.7,0.2,39.6,76.7,33320.84
Pakistan,19-04-2003,23.1,11.9,17.6,0.9,30.9,64.8,43987.09
Pakistan,20-04-2003,24.4,8.5,17.4,0,17.3,36,43986.53
Pakistan,21-04-2003,27.3,10.7,20.2,0,16.5,30.6,44179.07
Pakistan,22-04-2003,30.4,14.2,23.3,0,17.7,34.9,44254.47
Pakistan,23-04-2003,33.1,16.5,26,0,17.1,35.3,42765.2
Pakistan,24-04-2003,33.7,19.8,26.9,0,22.4,45.7,44280.14
Pakistan,25-04-2003,30.3,17.7,24.7,0,20.4,38.9,44104.59
Pakistan,26-04-2003,30.6,13.9,23.2,0,18.8,43.6,44665.84
Pakistan,27-04-2003,30,14.9,23.5,0,13,28.4,44759.35
Pakistan,28-04-2003,31.4,15.5,24.5,0,16.9,33.8,44851.77
Pakistan,29-04-2003,32.3,17.9,25.4,0,20.1,41,44943.02
Pakistan,30-04-2003,33.8,18.6,27.3,0,21.9,43.2,45033.01
Pakistan,01-05-2003,34.4,19.5,27.6,0,22,48.2,45121.67
Pakistan,02-05-2003,27.3,17,22.2,0,38.2,73.8,45208.91
Pakistan,03-05-2003,26.3,12.9,19.8,0,36.4,71.3,45294.7
Pakistan,04-05-2003,27.6,12.3,20.7,0,24.5,47.9,45379.56
Pakistan,05-05-2003,26.5,11.2,20.9,0,16.5,34.2,43888.41
Pakistan,06-05-2003,26.4,12.1,21.3,0,15.5,37.8,45547.15
Pakistan,07-05-2003,28.6,14.3,22.6,0,13.9,32,45589.98
Pakistan,08-05-2003,29.7,17.1,24.2,0,14.2,31.7,45627.14
Pakistan,09-05-2003,31.5,15.8,25.4,0,18.1,32.4,45664.32
Pakistan,10-05-2003,33.1,20.4,26.9,0,22.4,49.3,45701.5
Pakistan,11-05-2003,32.1,17.4,25.3,0,17.9,39.6,45738.63
Pakistan,12-05-2003,31.5,19.6,25.5,0,22.7,50.4,38284.71
Pakistan,13-05-2003,30,13.9,23.7,0,13.2,29.9,45812.59
Pakistan,14-05-2003,31.2,15.9,24.6,0,30.4,64.4,45849.34
Pakistan,15-05-2003,31.6,17.4,25.6,0,17.2,37.4,45885.88
Pakistan,16-05-2003,32.9,19.5,26.8,0,20.5,42.1,40989.81
Pakistan,17-05-2003,33.9,19.2,27.5,0,20.1,37.4,44207.54
Pakistan,18-05-2003,34.6,20.6,28.3,0,21,42.5,45993.78
Pakistan,19-05-2003,35.6,20.4,28.7,0,18.5,41.4,45262.75
Pakistan,20-05-2003,35.5,19.2,28.7,0,20.3,44.3,40231.83
Pakistan,21-05-2003,34.6,22.3,29.1,0,20.5,46.8,46098.21
Pakistan,22-05-2003,33.4,21.4,28.2,0,20.1,37.1,46132.04
Pakistan,23-05-2003,33.4,19.2,27.7,0,22,42.8,46165.42
Pakistan,24-05-2003,32.5,17.2,26.2,0.1,25.8,52.2,44662.11
Pakistan,25-05-2003,31.6,17.7,24.3,2.5,26.3,52.2,38993.49
Pakistan,26-05-2003,32.4,17.3,25.6,0,25.6,53.3,45135.45
Pakistan,27-05-2003,32.2,16.9,25.4,0,29.3,59,46298.88
Pakistan,28-05-2003,32.9,15.5,25,0,24.6,54,45140.34
Pakistan,29-05-2003,33.1,19.4,27.3,0,16.6,36,46364.69
Pakistan,30-05-2003,34.1,17.2,27.5,0,21.8,41,45305.44
Pakistan,31-05-2003,33.3,21.4,28.5,0,15.4,34.2,46036.4
Pakistan,01-06-2003,35.5,20.8,29.2,0,13.6,31.3,46460.59
Pakistan,02-06-2003,37.8,21.3,30.6,0,20,40.3,46491.52
Pakistan,03-06-2003,39,23.7,32,0,19.7,43.9,46521.8
Pakistan,04-06-2003,39.1,22.9,32.4,0,15.3,32.8,46551.36
Pakistan,05-06-2003,40.2,24,33.1,0,17.1,36.7,46580.13
Pakistan,06-06-2003,40.1,24.4,33.1,0,18.7,38.9,46608.04
Pakistan,07-06-2003,40.7,23.4,33.2,0,24.8,55.4,46635
Pakistan,08-06-2003,39.4,25.2,32.8,0,28.2,58.3,46660.95
Pakistan,09-06-2003,37.2,21.7,30.2,0,21,43.2,46685.82
Pakistan,10-06-2003,37.4,20.2,29.9,0,23,51.8,46709.52
Pakistan,11-06-2003,36.8,21.5,29.7,0,20.8,43.9,46732
Pakistan,12-06-2003,35.8,21.6,29.4,0,16.8,32.8,46753.32
Pakistan,13-06-2003,35.6,22.3,29.6,0,15.3,31,46774.07
Pakistan,14-06-2003,36.4,21.6,29.9,0,15.1,31.3,46794.27
Pakistan,15-06-2003,37.2,22.1,30.4,0,22,41,46800
Pakistan,16-06-2003,37.5,22.8,30.6,0,26.1,50,46800
Pakistan,17-06-2003,36.1,22.7,30.1,0,19.7,44.3,42786.07
Pakistan,18-06-2003,32.7,23.1,27,2.3,15.7,40.7,45740.71
Pakistan,19-06-2003,31.2,20.1,25.9,0,17.3,33.5,46800
Pakistan,20-06-2003,34.4,20.5,27.4,0,15.1,41,46800
Pakistan,21-06-2003,36.1,22.4,29.2,0,23.1,48.6,46800
Pakistan,22-06-2003,35.5,22.4,29.4,0,22.6,47.9,46417.91
Pakistan,23-06-2003,33.2,23.3,27.7,0.4,17,39.6,46800
Pakistan,24-06-2003,32.3,21.9,26.9,1.5,18.2,37.4,45628.62
Pakistan,25-06-2003,34.3,22.1,27.7,0,15.2,32.8,46263.8
Pakistan,26-06-2003,35.7,23,29.4,0,20.5,40.3,46800
Pakistan,27-06-2003,36.9,24.1,30.3,0,20.9,46.1,46800
Pakistan,28-06-2003,35,23.4,29.6,0,20.1,41.8,46800
Pakistan,29-06-2003,35,22.6,28.3,0.6,18.5,42.5,46800
Pakistan,30-06-2003,32.9,22.1,26.2,6.2,16,41,44611.37
Pakistan,01-07-2003,31.8,21.2,26.1,0.3,20.2,43.2,44769.96
Pakistan,02-07-2003,33.8,22.2,27.2,1.5,19.8,32.4,44769.54
Pakistan,03-07-2003,34.4,22.2,29,0.2,16.9,33.1,46800
Pakistan,04-07-2003,36.1,24.5,30,0.4,12.7,36.4,46800
Pakistan,05-07-2003,34.2,25,28.5,2.5,19,42.5,42725.47
Pakistan,06-07-2003,27.1,21.3,23.9,9.7,19.2,37.8,28312
Pakistan,07-07-2003,26.3,20.5,22.9,2.5,13.9,30.6,38808.81
Pakistan,08-07-2003,28.6,19.6,23.9,1.9,13.2,30.2,44791.32
Pakistan,09-07-2003,28.9,20.5,24.1,4.5,12.2,29.5,40834.36
Pakistan,10-07-2003,27.9,21.2,24.2,1.9,14.6,29.9,43209.21
Pakistan,11-07-2003,29.5,21.9,24.7,0.9,17.7,35.3,41228.88
Pakistan,12-07-2003,30.4,22.3,25.2,2.1,19.1,40,41432.78
Pakistan,13-07-2003,28.6,22.1,24.9,1.9,17.8,37.8,37350.93
Pakistan,14-07-2003,30.2,22,25.8,0.3,16.2,33.8,40908.36
Pakistan,15-07-2003,31.9,22.4,26.7,3.7,13.4,31.3,43904.02
Pakistan,16-07-2003,29.7,20.8,25,8.4,16.1,32.8,42895.05
Pakistan,17-07-2003,27.9,21.5,24.6,0.2,20.2,40.7,43900.64
Pakistan,18-07-2003,29.5,20.5,24.8,0,14.8,30.6,45712.69
Pakistan,19-07-2003,31.6,20.2,25.7,0,17.9,37.8,44804.38
Pakistan,20-07-2003,34.5,22.3,28.1,0,13.4,35.6,43170.78
Pakistan,21-07-2003,35.1,23.2,28,4.1,18.4,39.2,42109.21
Pakistan,22-07-2003,26,22.3,23.9,4.5,12.8,30.6,2264.8
Pakistan,23-07-2003,28.8,22.2,25.1,0.8,10.6,24.5,36654.97
Pakistan,24-07-2003,28.7,21.6,24.9,5.7,16,34.2,37940.19
Pakistan,25-07-2003,30,20.8,25.1,2.1,12.6,28.1,46050.04
Pakistan,26-07-2003,30.9,21.2,25.9,0.7,17.7,36,43409.33
Pakistan,27-07-2003,31.8,21.8,25.9,2.6,14.5,31,43725.9
Pakistan,28-07-2003,30.9,21.7,26.2,0.3,22.1,45.7,44646.36
Pakistan,29-07-2003,31.6,21.3,26.3,0.2,17.7,37.4,45187.48
Pakistan,30-07-2003,33.4,21.2,26.4,0.7,21.5,45.4,44523.38
Pakistan,31-07-2003,36.7,22.8,28.4,0.1,22.8,44.3,42172.6
Pakistan,01-08-2003,31.5,23.8,27.1,2.2,16.1,32.8,43237.93
Pakistan,02-08-2003,30,23.1,25.7,6,13.4,30.2,35186.97
Pakistan,03-08-2003,28.7,22.4,24.6,5.1,14.8,32.4,38318.6
Pakistan,04-08-2003,27.6,21,23.1,5,13.2,31,20027.95
Pakistan,05-08-2003,26.8,20.5,23,4.5,10.5,22.7,34107.2
Pakistan,06-08-2003,28.5,20.4,23.7,1.4,13.4,28.4,39891.82
Pakistan,07-08-2003,29.5,19.3,24.3,0.3,10.4,25.6,41466.26
Pakistan,08-08-2003,30.4,21.7,25.6,0.6,16.9,32.8,44213.98
Pakistan,09-08-2003,31.9,20.3,25.6,0.2,16.3,38.2,36028.2
Pakistan,10-08-2003,32.2,21.9,26,0,20.7,46.1,44257.41
Pakistan,11-08-2003,31.8,20.9,25.7,0,22.5,47.2,43491.62
Pakistan,12-08-2003,32.1,20.7,25.9,0,22.7,47.5,44203.38
Pakistan,13-08-2003,31.3,20.3,24.7,1.3,18.2,40,43465.93
Pakistan,14-08-2003,30.9,18.5,24.8,0.2,17.8,34.9,43995.14
Pakistan,15-08-2003,32.5,20.5,26.6,0,15.8,33.1,42820.99
Pakistan,16-08-2003,32.4,21.7,26.9,0.6,15.8,35.6,44055.94
Pakistan,17-08-2003,33.5,22,27.6,0,19,37.8,43743.02
Pakistan,18-08-2003,35.4,21.5,28.3,0,21.4,41.8,43704.64
Pakistan,19-08-2003,34.8,22.1,27.7,1.8,18,43.2,42762.8
Pakistan,20-08-2003,31.2,22.3,25.5,2.5,23.8,49,41207.64
Pakistan,21-08-2003,28.5,20.7,23.2,1.6,17.8,37.8,35420.84
Pakistan,22-08-2003,30.2,19.7,24,1.3,16.6,31,36779.98
Pakistan,23-08-2003,31.2,18.7,25.3,0.2,13.6,27,41949.84
Pakistan,24-08-2003,31,19.5,25.9,0.1,12.3,23,41952.48
Pakistan,25-08-2003,32.1,20.1,26.2,0.5,13.9,29.2,38174.06
Pakistan,26-08-2003,32.5,21.3,25.9,1.7,17.1,36.7,41680.25
Pakistan,27-08-2003,28.7,21.1,24.5,1.5,16.8,33.8,38317.82
Pakistan,28-08-2003,28.8,20.9,24.1,0.9,14.5,28.4,34269.64
Pakistan,29-08-2003,29.4,20.9,24.5,0.4,16,34.2,40068.22
Pakistan,30-08-2003,29.5,20.6,24.5,3.7,14.2,30.6,39129.59
Pakistan,31-08-2003,30.7,21.2,25,0.1,19.4,36.4,39884.04
Pakistan,01-09-2003,32.3,21.5,26.1,0,20.8,40.3,39924.75
Pakistan,02-09-2003,34.4,19.2,27,0,19.8,40.3,41124.65
Pakistan,03-09-2003,32.6,19.9,26.4,0,19.6,37.8,41101.29
Pakistan,04-09-2003,31.8,20.2,25.2,0,24.1,47.5,40710.75
Pakistan,05-09-2003,29.9,19.5,23.3,1.1,18.2,35.3,40581.43
Pakistan,06-09-2003,26.4,19.3,21.8,2.5,16.1,34.9,38937.76
Pakistan,07-09-2003,26.5,17.1,21.5,0,10.5,29.2,33941.63
Pakistan,08-09-2003,29.2,17,23.1,0,19.2,35.3,40578.35
Pakistan,09-09-2003,29.9,18.9,24.1,0.1,14.9,31.7,40576.96
Pakistan,10-09-2003,30,18.8,23.9,0.6,15.3,30.2,40453.15
Pakistan,11-09-2003,30.7,17.9,24.5,0,17.6,34.9,40331.36
Pakistan,12-09-2003,31.9,19.6,25.5,0,19.8,37.8,40331.62
Pakistan,13-09-2003,30.4,19.6,24.5,0.5,19.7,38.9,40093.98
Pakistan,14-09-2003,30.2,19.1,24.1,0,18.5,40,39860.81
Pakistan,15-09-2003,30.4,17.9,24.4,0,19.5,35.6,40214.71
Pakistan,16-09-2003,31.6,19.5,25.3,0,20.5,40,40215.38
Pakistan,17-09-2003,31.9,19.9,25.4,0,20.6,40.7,40101.74
Pakistan,18-09-2003,32.4,19.8,25.9,0,17,34.9,40216.01
Pakistan,19-09-2003,33.3,20,26.5,0,17,34.6,40104.45
Pakistan,20-09-2003,34.1,18.8,26.7,0,13.6,27.4,40197.31
Pakistan,21-09-2003,32.6,19.4,26.3,0,14.2,29.2,40013.41
Pakistan,22-09-2003,32.9,18.9,26.3,0,17.7,35.3,39831.34
Pakistan,23-09-2003,32.5,17.1,25.9,0,17.2,33.1,39863.54
Pakistan,24-09-2003,31,18.8,24.8,0,20.2,38.2,39682.84
Pakistan,25-09-2003,28.6,19.2,23.7,0.1,20,40,39204.2
Pakistan,26-09-2003,26.6,18.3,22,1.6,20.9,37.4,39127.68
Pakistan,27-09-2003,28.1,15.3,21.6,0,18.2,34.6,39455.94
Pakistan,28-09-2003,26.4,10.5,19.8,0,14.5,28.8,39182.19
Pakistan,29-09-2003,25,12,18.9,0,13.8,27.7,39011.66
Pakistan,30-09-2003,25.5,11.7,19.4,0,15.4,29.9,39035.14
Pakistan,01-10-2003,26.1,14.5,20.8,0,12.2,28.1,38961.53
Pakistan,02-10-2003,28.4,12.8,21.4,0,15.3,32,38887.96
Pakistan,03-10-2003,29.3,12.7,22.1,0,11.2,22.7,38814.55
Pakistan,04-10-2003,30.2,13.3,22.3,0,13.9,27.4,38653.02
Pakistan,05-10-2003,31.3,15.4,23.8,0,17.9,32.4,38581.99
Pakistan,06-10-2003,29.5,14.2,23.1,0,16.5,34.9,38511.38
Pakistan,07-10-2003,28.9,14.8,22.3,0,17.7,36,38260.53
Pakistan,08-10-2003,28,17.5,22.1,0.3,21.9,42.1,38226.77
Pakistan,09-10-2003,26.4,12.7,20.2,0,11.9,24.8,38224.74
Pakistan,10-10-2003,25.8,10.7,19.3,0,16.1,28.8,38158.59
Pakistan,11-10-2003,25.6,8.5,18.4,0,11,24.1,38018.82
Pakistan,12-10-2003,24.9,11.3,18.6,0,19,37.1,37954.43
Pakistan,13-10-2003,25.5,12.4,19.4,0,15.3,28.8,37848.61
Pakistan,14-10-2003,26,13,19.9,0,13,24.1,37712.91
Pakistan,15-10-2003,25.8,10.7,19.3,0,9.7,20.9,37558.63
Pakistan,16-10-2003,25.1,9.6,18.2,0,12.9,26.6,37311.83
Pakistan,17-10-2003,24.9,10.8,19.1,0,12,27,36302.04
Pakistan,18-10-2003,25,13.2,19.5,0,12.4,24.1,36953.05
Pakistan,19-10-2003,24.4,9,18.2,0,8.9,22.3,37045.46
Pakistan,20-10-2003,25,8.4,17.6,0,10.4,22,36927.02
Pakistan,21-10-2003,26,11.5,19.3,0,13.4,24.1,36812.96
Pakistan,22-10-2003,26.2,10.9,19.7,0,12.6,23.4,36703.5
Pakistan,23-10-2003,25.5,12.2,19.7,0,11.3,21.6,36506.35
Pakistan,24-10-2003,25.5,9.7,19.1,0,10.2,20.9,36409.88
Pakistan,25-10-2003,24.7,9.8,18.5,0.1,11.1,24.5,36404.61
Pakistan,26-10-2003,25,12.4,19,0,12.2,24.8,36315.5
Pakistan,27-10-2003,25.3,11.7,19,0,14.3,28.4,36000
Pakistan,28-10-2003,24.3,9.5,18.4,0,10.1,22.3,36229.95
Pakistan,29-10-2003,24.8,10.2,18.6,0,9.2,16.9,36154.51
Pakistan,30-10-2003,26.1,10.7,19.3,0,8.6,16.6,36153.96
Pakistan,31-10-2003,26.6,10.4,19.1,0,14.2,25.2,36073.16
Pakistan,01-11-2003,25.9,10,18.8,0,13.9,27,36025.21
Pakistan,02-11-2003,24.8,12.6,18.9,0,15.9,32,35917.59
Pakistan,03-11-2003,24.3,11.4,18.5,0,11.9,24.8,35837.19
Pakistan,04-11-2003,23.8,11,17.8,0,15.8,29.2,35786.44
Pakistan,05-11-2003,22.9,11.5,17,0,11.2,26.6,35735.21
Pakistan,06-11-2003,21.4,7.5,15,0,11.9,25.6,35683.57
Pakistan,07-11-2003,20.5,4.4,13.6,0,13.5,24.8,35631.55
Pakistan,08-11-2003,19,7.5,13.7,0,15,33.1,35579.21
Pakistan,09-11-2003,19,3.1,12.3,0,9.7,18.7,35526.61
Pakistan,10-11-2003,21.8,5,14,0,10.3,24.5,35473.78
Pakistan,11-11-2003,24.7,4.9,15.7,0,13.7,29.2,35420.79
Pakistan,12-11-2003,22.3,7,14.9,0,17.3,34.2,35367.68
Pakistan,13-11-2003,19.5,6.5,13.9,0,14.1,29.2,26931.03
Pakistan,14-11-2003,19.3,8.1,13.7,0,16.4,32,33938.63
Pakistan,15-11-2003,16.7,6.6,11.8,3.1,13.6,32,30061.46
Pakistan,16-11-2003,16.2,6.6,11.8,2.2,20.3,39.2,35155.28
Pakistan,17-11-2003,15.1,2.2,8.2,0,16.1,38.2,35102.48
Pakistan,18-11-2003,12.9,1.3,7,0,13.2,28.4,35028.25
Pakistan,19-11-2003,14,-1,7.4,0,9.4,16.2,34948.49
Pakistan,20-11-2003,16.2,-1.5,8.6,0,10.2,18.7,34870.25
Pakistan,21-11-2003,16.9,1,9.5,0,9,20.5,34793.21
Pakistan,22-11-2003,18.3,1.4,10.6,0,10.1,16.9,34717.49
Pakistan,23-11-2003,18.6,5.3,12.2,0,14.5,25.2,34643.16
Pakistan,24-11-2003,17.2,-0.6,9.5,0,10.8,25.2,34570.34
Pakistan,25-11-2003,17.9,-0.3,9.6,0,10.1,20.5,34499.12
Pakistan,26-11-2003,19.4,-1.7,10,0,15.6,32.4,34429.62
Pakistan,27-11-2003,16.9,-2.2,8.6,0,11.2,19.1,34361.95
Pakistan,28-11-2003,16.7,0.5,9.4,0,9.7,17.3,34296.2
Pakistan,29-11-2003,17.1,1.5,10,0,9.7,14.8,34232.47
Pakistan,30-11-2003,18,3.6,11,0,8.2,15.8,33921.97
Pakistan,01-12-2003,19.5,4.6,12.2,0,10.2,18.7,32991.81
Pakistan,02-12-2003,19.6,3.8,12.9,0,11.8,25.6,34054.61
Pakistan,03-12-2003,17.7,7.7,12.5,0,15.4,32.8,28543.3
Pakistan,04-12-2003,17.4,3.8,11.6,0,9.7,18.4,33948.24
Pakistan,05-12-2003,18.9,6.6,13.1,0,9.8,20.9,33899.04
Pakistan,06-12-2003,20,5.4,13.4,0,11.1,23,33852.65
Pakistan,07-12-2003,22.2,8.4,15.4,0,13.2,25.6,33809.18
Pakistan,08-12-2003,22.7,9.3,16.1,0,17.8,32.4,33768.75
Pakistan,09-12-2003,18.1,6,12.9,0,17.1,34.9,33731.52
Pakistan,10-12-2003,16.6,1.1,9.9,0,9.8,16.6,33697.23
Pakistan,11-12-2003,15.4,2.3,9.4,0,9.3,20.5,32864.05
Pakistan,12-12-2003,14.6,2.3,9.1,0,9.5,20.9,33636.31
Pakistan,13-12-2003,12.4,0.9,7.7,0,13.7,28.8,33519.11
Pakistan,14-12-2003,11.5,-0.9,6,0,9.4,17.6,33517.71
Pakistan,15-12-2003,11.1,-3.8,4.6,0,13.1,28.8,33564.5
Pakistan,16-12-2003,12.6,-4.4,4.9,0,10.2,19.1,33545.9
Pakistan,17-12-2003,13.5,-1.4,6.6,0,10.8,18,33423.83
Pakistan,18-12-2003,14,-1.1,7.2,0,9,14.8,33333.98
Pakistan,19-12-2003,14.2,-0.9,7.2,0,9,15.1,33343.69
Pakistan,20-12-2003,14.6,0.4,7.9,0,9,18.7,33262.66
Pakistan,21-12-2003,15.6,0.8,8.6,0,9.4,18.7,33277.16
Pakistan,22-12-2003,14.8,1.7,8.2,0,15.4,28.4,33188.09
Pakistan,23-12-2003,12.6,2.5,7.8,0,11.2,25.9,33262.79
Pakistan,24-12-2003,10.7,-3.3,4.1,0,9,18.4,32909.95
Pakistan,25-12-2003,11.8,0.1,5.8,0,9.3,17.3,33070.02
Pakistan,26-12-2003,11.2,-0.9,5.4,0,10.4,19.8,29512.12
Pakistan,27-12-2003,10.9,-2.6,5.1,0,11.6,25.9,33051.9
Pakistan,28-12-2003,11.6,-1.3,5.5,0,12.5,26.6,32649.15
Pakistan,29-12-2003,14.4,1.6,7.9,0,10.2,23,32886.69
Pakistan,30-12-2003,15.8,2,9.2,0,12.6,24.1,32880.73
Pakistan,31-12-2003,14.1,3.4,9.2,0,13.8,28.8,32795.66
Pakistan,01-01-2004,10.8,-0.1,5.9,0,16.8,37.1,33018.68
Pakistan,02-01-2004,9.3,-4.4,3.4,0,9.2,20.9,33018.56
Pakistan,03-01-2004,11.5,0.6,5.8,0,12.1,25.2,32945.25
Pakistan,04-01-2004,11.2,-0.8,5.4,0,14.8,29.5,32489.26
Pakistan,05-01-2004,11.9,-1,6.4,0.4,13.2,26.3,32533.19
Pakistan,06-01-2004,11.5,1.4,6.7,0,11.2,23,29149.67
Pakistan,07-01-2004,13.3,1.6,7.6,0,12.2,25.6,32923.73
Pakistan,08-01-2004,14.9,3.5,9.1,0,17.4,35.6,32688.34
Pakistan,09-01-2004,15.8,2.7,9.3,0,10.5,24.1,33004.69
Pakistan,10-01-2004,19,5.2,12.1,0,13.3,26.3,25579.48
Pakistan,11-01-2004,19.7,6.2,13.3,0,12.2,24.1,33242.66
Pakistan,12-01-2004,20.4,8.1,14.1,0,13.7,27.7,33257.25
Pakistan,13-01-2004,19,7.7,12.8,0,12.3,26.6,33587.04
Pakistan,14-01-2004,19.6,5.8,13,0,14.2,28.8,32779.38
Pakistan,15-01-2004,19.6,7.1,13.6,0,14.4,30.6,20747.17
Pakistan,16-01-2004,18,6.3,12.1,7.3,18.3,37.8,33108.08
Pakistan,17-01-2004,14.6,2.3,8.5,0,20.1,41,34028.59
Pakistan,18-01-2004,13.3,-1.1,7,0,9.9,20.9,34153.75
Pakistan,19-01-2004,13,4.2,8.5,0,11.2,25.6,34083.54
Pakistan,20-01-2004,11.5,1.4,6.5,0.6,11.2,22.7,20622.41
Pakistan,21-01-2004,8.2,5.1,6.5,5.2,13.4,26.6,19377.43
Pakistan,22-01-2004,7.8,3.1,5.1,2.9,7,19.8,32958.82
Pakistan,23-01-2004,9.8,-1.5,4,0,17.1,34.2,34561.18
Pakistan,24-01-2004,8.7,-3.3,3.4,0,9.2,21.2,29210.62
Pakistan,25-01-2004,11.6,1.6,6.3,0,13.4,29.2,32272.04
Pakistan,26-01-2004,12.4,0.3,6.3,0,11.7,24.1,34927.06
Pakistan,27-01-2004,12.4,1.2,7.1,0,11.6,24.8,34652.7
Pakistan,28-01-2004,9.2,4.6,6.7,4.4,20.9,38.5,3863.68
Pakistan,29-01-2004,6.4,3.4,5,16.9,15.2,31,1601.75
Pakistan,30-01-2004,7.9,-2,3.2,0.1,17.7,37.1,34924.11
Pakistan,31-01-2004,7.9,-2.4,2.3,0,15.5,32.4,35081.18
Pakistan,01-02-2004,8.1,-4.8,1.4,0,10.9,25.2,35677.04
Pakistan,02-02-2004,10.5,-5.5,2.2,0,9.5,18.7,35771.73
Pakistan,03-02-2004,12.2,-3.9,4.4,0,9.1,19.8,35867.23
Pakistan,04-02-2004,13,-2.1,5.6,0,22.7,44.6,35963.43
Pakistan,05-02-2004,12.9,-4,5.3,0,19.6,39.6,36060.22
Pakistan,06-02-2004,14.8,-4.4,5.9,0,12.7,26.6,36157.5
Pakistan,07-02-2004,16.5,-0.5,8.5,0,14.5,31.7,36255.26
Pakistan,08-02-2004,17.2,4.5,11.2,0.5,23.6,46.8,36354.34
Pakistan,09-02-2004,12.3,4.7,7.7,6.9,24.5,48.2,35959.55
Pakistan,10-02-2004,14.6,0.2,7.6,0,15.2,32,36557.09
Pakistan,11-02-2004,16.9,-0.1,8.8,0,9.1,16.6,36660.5
Pakistan,12-02-2004,17.2,1.8,9.8,0,9,16.2,36765.13
Pakistan,13-02-2004,17.7,3.2,11,0,10.5,23.4,36870.84
Pakistan,14-02-2004,18.9,2.1,11,0,12.5,26.3,36977.51
Pakistan,15-02-2004,21.9,5.2,13.8,0,11,23.8,37085.03
Pakistan,16-02-2004,21.8,6.8,14.5,0,19.4,39.6,37193.29
Pakistan,17-02-2004,19.4,7.5,14.4,0,17.3,36,36192.6
Pakistan,18-02-2004,19.6,5.5,12.6,0,20.1,39.6,37411.61
Pakistan,19-02-2004,18.9,3,11.4,0,15.6,31.7,37521.43
Pakistan,20-02-2004,19.4,7.7,13.7,0,19.7,38.2,37631.59
Pakistan,21-02-2004,19.1,7.7,13.9,0.2,18.1,36,37741.95
Pakistan,22-02-2004,20.4,5.6,13.4,0,10.5,25.2,37852.43
Pakistan,23-02-2004,23.1,5.2,14.9,0,13.4,29.9,37962.93
Pakistan,24-02-2004,24.1,5.8,15.9,0,14,27,38073.36
Pakistan,25-02-2004,24.6,11.9,18,0,18.7,38.2,38183.61
Pakistan,26-02-2004,23.3,7.4,16.3,2.4,21.1,41,38293.61
Pakistan,27-02-2004,20.1,5.2,13.6,0.4,15.5,33.1,38403.27
Pakistan,28-02-2004,19.3,3.6,12.5,0,16.1,33.8,38513.32
Pakistan,29-02-2004,19.8,5.1,12.8,0,12.2,26.3,38624.14
Pakistan,01-03-2004,20.1,2.8,13,0,12.7,27.4,38735.67
Pakistan,02-03-2004,22,5.1,14.6,0,12.9,27.4,38847.8
Pakistan,03-03-2004,22.3,4.8,14.9,0,14.5,28.8,38960.44
Pakistan,04-03-2004,23.2,8,16.4,0,18.9,39.2,39054.02
Pakistan,05-03-2004,24,7.6,16.6,0,15,29.9,39124.67
Pakistan,06-03-2004,27,11.1,18.3,0,16.6,30.6,39195.96
Pakistan,07-03-2004,28.6,7.5,19.6,0,10.6,26.3,39267.79
Pakistan,08-03-2004,29.4,12.5,21.8,0,14.1,31.3,39340.08
Pakistan,09-03-2004,26.6,9.6,19.1,0,16.3,33.5,39412.71
Pakistan,10-03-2004,24.7,8.7,17.5,0,15.7,29.5,39485.61
Pakistan,11-03-2004,25.9,12.4,19.3,0,16.8,32.4,39558.65
Pakistan,12-03-2004,25.6,11.4,18.5,1.5,18.6,41.8,38343.5
Pakistan,13-03-2004,25.3,10.2,18.2,0.2,16.5,40.7,32400
Pakistan,14-03-2004,26.9,14.7,20.6,0.6,20.5,42.1,39600
Pakistan,15-03-2004,29.3,15.2,22,0,22.4,44.3,39600
Pakistan,16-03-2004,29.4,14.1,22.5,0,21.4,42.8,39600
Pakistan,17-03-2004,29,14.5,22.3,0,17.7,39.2,39600
Pakistan,18-03-2004,28,15.8,21.9,0,20.9,44.6,39600
Pakistan,19-03-2004,27.1,12.5,20.7,0,15.6,34.6,39626.35
Pakistan,20-03-2004,28.8,14.6,21.8,0,17.8,44.6,39600
Pakistan,21-03-2004,28.9,13.3,21.9,0,24.7,51.1,39642.04
Pakistan,22-03-2004,23.7,12.2,18.9,0,20,40.3,39600
Pakistan,23-03-2004,21.6,9.8,16.1,0,25.1,50.4,39892.41
Pakistan,24-03-2004,21.4,7,15.6,0,17.8,37.8,40040.82
Pakistan,25-03-2004,23.8,7.1,17.1,0,10.1,19.8,40118.49
Pakistan,26-03-2004,24.3,7.8,17.6,0,11.3,24.8,40207.4
Pakistan,27-03-2004,25.7,10.5,19.3,0,11,24.8,40302.03
Pakistan,28-03-2004,26.3,12.2,20.3,0,13.4,27.4,40480.19
Pakistan,29-03-2004,27.6,10.2,20.8,0,16.5,32.4,40284.91
Pakistan,30-03-2004,28.1,12.3,21.5,0,12.7,27.7,40698.91
Pakistan,31-03-2004,28.4,13.5,22.3,0,18.1,37.1,38216.52
Pakistan,01-04-2004,27,19.3,22.8,0,18,38.5,32400
Pakistan,02-04-2004,27.7,13.5,21.4,0,20,41,39714.82
Pakistan,03-04-2004,28.6,15.2,22.2,0,16.1,37.4,35564.13
Pakistan,04-04-2004,28.9,13.8,23,0,13.1,27.7,41246.47
Pakistan,05-04-2004,30.8,16.8,24.3,0,16.6,33.5,41682.21
Pakistan,06-04-2004,30.9,17.7,24.9,0,16.9,31.3,41778.11
Pakistan,07-04-2004,29.8,15.7,24,0,14.9,33.1,42111.32
Pakistan,08-04-2004,29.6,15,23.5,0,15.9,34.6,41985.42
Pakistan,09-04-2004,29.1,17.3,23.7,0,19.3,38.5,42655.71
Pakistan,10-04-2004,29.2,14.9,22.8,0,18.5,38.5,42733.01
Pakistan,11-04-2004,29.6,13.8,23.1,0,18.7,33.8,41782.8
Pakistan,12-04-2004,30.5,16.7,23.9,0,24.9,52.2,42885.72
Pakistan,13-04-2004,30.2,18.1,24.2,0,20.9,44.6,40852.56
Pakistan,14-04-2004,31,17.5,24.9,0,21.1,44.6,42060.43
Pakistan,15-04-2004,31.2,18.3,25.3,0,20.7,42.8,40303.48
Pakistan,16-04-2004,32.1,19.2,25.9,0,31.7,59.8,39299.51
Pakistan,17-04-2004,30.5,14.2,22.9,0,17.8,36.4,43705.04
Pakistan,18-04-2004,31.5,15.8,24.8,0,20.3,38.5,43895.88
Pakistan,19-04-2004,32.2,17.9,25.9,0,20,42.8,43856.95
Pakistan,20-04-2004,31.2,18.1,24.3,1.6,24.4,54.4,39378.54
Pakistan,21-04-2004,29,16.2,21.6,1.9,17.3,50.4,35627.8
Pakistan,22-04-2004,27.2,15.1,20.9,0,21.9,45,37922.96
Pakistan,23-04-2004,29.7,14.6,22.1,0,19.6,34.2,44455.45
Pakistan,24-04-2004,31.9,15.9,23.8,0,18.9,37.1,44550.11
Pakistan,25-04-2004,31.3,14,24.1,0,17.1,38.5,44280.75
Pakistan,26-04-2004,32.4,18,26,0,22.2,46.4,44220.72
Pakistan,27-04-2004,33.6,19.2,27.2,0,22.3,42.1,44826.57
Pakistan,28-04-2004,32.2,14.5,25.2,0,24.2,45,41011.84
Pakistan,29-04-2004,28.7,17.4,23,0,34,65.2,45006.1
Pakistan,30-04-2004,25.6,11,19.2,0,26.5,54.7,45095
Pakistan,01-05-2004,27.1,13.7,19.8,0,27.1,53.3,45183.24
Pakistan,02-05-2004,26.3,10.8,19.4,0,22.7,45.4,41358.61
Pakistan,03-05-2004,29.1,15.9,23,0,23.4,46.8,43085.96
Pakistan,04-05-2004,30.8,14.1,24,0,22.1,38.9,45443.26
Pakistan,05-05-2004,32.5,16.9,25.6,0,17.2,37.4,45528.13
Pakistan,06-05-2004,32.4,21,26.9,0,22.2,45,45583.09
Pakistan,07-05-2004,31.8,19.7,26.3,0.1,19.3,42.1,42270.6
Pakistan,08-05-2004,31.4,16.9,25.2,0,14.1,32.8,45194.35
Pakistan,09-05-2004,30.9,15.9,25,0,17.1,36.4,45694.16
Pakistan,10-05-2004,33.1,20.8,27.6,0,16.6,36,45730.92
Pakistan,11-05-2004,33.7,17.3,27.2,0,18.3,35.3,45767.5
Pakistan,12-05-2004,35.2,20.2,28.3,0,16.4,31.7,45803.85
Pakistan,13-05-2004,35.5,21.7,28.7,0,20,37.8,45839.95
Pakistan,14-05-2004,35.9,21.7,29,0,22.5,45.4,45875.77
Pakistan,15-05-2004,34.8,23.1,28.6,0,19.3,39.6,39841.24
Pakistan,16-05-2004,33.4,20.9,28.4,0,19,40,45946.4
Pakistan,17-05-2004,34.4,18.4,28.2,0,14.3,32.4,45981.25
Pakistan,18-05-2004,37.8,19.1,30.1,0,14.8,40,46016.21
Pakistan,19-05-2004,38.9,21.4,30.8,0,32.8,64.4,46051.27
Pakistan,20-05-2004,39.2,23.2,31.4,0,19.7,44.6,46086.36
Pakistan,21-05-2004,39,23,31.7,0,19.5,42.5,46121.42
Pakistan,22-05-2004,38.2,23.4,31,0,32.1,64.1,46156.38
Pakistan,23-05-2004,36,21.4,29.2,0,32.5,63.7,46191.17
Pakistan,24-05-2004,35.3,18,27.9,0,24.6,50.4,46225.73
Pakistan,25-05-2004,35.6,20.6,29.1,0,27,46.8,43559.91
Pakistan,26-05-2004,34.1,20.4,27.6,0.8,25.3,53.6,46293.89
Pakistan,27-05-2004,32.4,19.2,25.6,2.8,26.2,55.4,46327.36
Pakistan,28-05-2004,32.5,18.6,25.5,0,19,38.9,46360.31
Pakistan,29-05-2004,33.6,20.2,27.2,0,18.2,36.4,46392.7
Pakistan,30-05-2004,36.2,22.1,29.8,0,18.8,37.8,44822.36
Pakistan,31-05-2004,34.3,23.7,28.6,0.4,21.4,41.8,45797.43
Pakistan,01-06-2004,34.9,21.6,28.5,0,27.6,54,46485.77
Pakistan,02-06-2004,36.2,22.2,29.5,0,19.3,40.3,46133.87
Pakistan,03-06-2004,36,21.3,30,0,12.5,27.7,46543.71
Pakistan,04-06-2004,37.7,22.4,30.6,0,13.6,33.5,46571.25
Pakistan,05-06-2004,38.7,19.8,30.7,0,15.8,33.8,46597.74
Pakistan,06-06-2004,39.2,21.3,31.1,0.2,19.1,45.7,44486.78
Pakistan,07-06-2004,32.4,22.1,26.3,3.9,19.5,43.6,44896.59
Pakistan,08-06-2004,30.9,18.4,24.3,1.8,17.9,36.4,45153.67
Pakistan,09-06-2004,30,17.7,24.1,0.9,17.5,33.5,46697.52
Pakistan,10-06-2004,31.2,20,25.9,0,14.8,31.7,46721.32
Pakistan,11-06-2004,33.4,21,27.9,0,16.1,35.6,46744.53
Pakistan,12-06-2004,34.3,20.8,28.9,0,14.1,31.7,46767.08
Pakistan,13-06-2004,33.1,22.7,28.9,0,11.4,27.7,46788.88
Pakistan,14-06-2004,34.4,24.3,29.8,0.8,10.7,24.5,45140.57
Pakistan,15-06-2004,34.1,24.8,29.3,0.2,17.8,37.1,46800
Pakistan,16-06-2004,35,24,29.4,0,20,40,46800
Pakistan,17-06-2004,37,23.1,30.5,0,20.1,44.6,46800
Pakistan,18-06-2004,37.2,24.1,31,0,15.1,33.1,46800
Pakistan,19-06-2004,37.4,24.2,30.8,0,21.1,46.1,46800
Pakistan,20-06-2004,38.2,23.2,31.2,0,19.2,49.3,46800
Pakistan,21-06-2004,37.6,22,30.3,0,24.9,50.8,46800
Pakistan,22-06-2004,36.1,22.5,28.8,1.1,23.2,44.3,46800
Pakistan,23-06-2004,35,21.1,27.4,1,25.1,51.8,46800
Pakistan,24-06-2004,34.2,19.9,26.8,0.2,22.7,56.2,46591.2
Pakistan,25-06-2004,29.6,20.4,24.4,4,20.8,41.4,46664.17
Pakistan,26-06-2004,30.3,20.5,24.4,2.1,18,37.8,46406.96
Pakistan,27-06-2004,30.7,19.4,24.6,0.2,20.5,38.5,46800
Pakistan,28-06-2004,32.8,20.2,26.4,0,19.7,43.9,46800
Pakistan,29-06-2004,34.2,21.1,28.2,0,20.5,40.3,46800
Pakistan,30-06-2004,36.7,21.5,29.8,0,18.2,34.6,46800
Pakistan,01-07-2004,37.5,23.8,30.8,0,17.9,38.9,46800
Pakistan,02-07-2004,37.6,23.6,30.8,0,21.6,49.7,46800
Pakistan,03-07-2004,36.6,23.8,29.4,0.5,20.6,45,45416.37
Pakistan,04-07-2004,34.9,23.9,29,0.5,15.3,36.7,44614.86
Pakistan,05-07-2004,34,23.3,28.5,2.9,15.5,35.6,46709.36
Pakistan,06-07-2004,35.1,24,29.5,0,17.6,34.6,44783.02
Pakistan,07-07-2004,37.8,23.4,30.8,0,21.9,42.5,46800
Pakistan,08-07-2004,38.8,23.6,31.4,0,25.2,53.6,46800
Pakistan,09-07-2004,35.5,24,29.2,0,19.7,47.9,46800
Pakistan,10-07-2004,34.1,22.1,27.8,0,24.5,48.6,46800
Pakistan,11-07-2004,35.7,22.6,29.2,0,21.3,43.9,46800
Pakistan,12-07-2004,36.8,23.4,30,0,21.3,45,46800
Pakistan,13-07-2004,36.6,22.7,29.4,1,24.5,48.2,46169.15
Pakistan,14-07-2004,34.2,22.9,27.5,3.2,19.3,45.4,46192.09
Pakistan,15-07-2004,31.4,22.1,26.5,1.7,23.8,46.1,46217.63
Pakistan,16-07-2004,32.6,22.9,26.9,0.3,22,44.6,46800
Pakistan,17-07-2004,32.7,21.4,27,0,22.2,44.3,46800
Pakistan,18-07-2004,32.6,20.9,26.8,0,27.7,51.1,46789.12
Pakistan,19-07-2004,33.7,21.3,27.1,0,26.2,51.5,46764.44
Pakistan,20-07-2004,33.3,21.4,26.6,0,24,48.6,46738.34
Pakistan,21-07-2004,32.6,21.3,26.6,0,24.7,53.3,46710.86
Pakistan,22-07-2004,34.1,21.3,27.3,0,24.3,47.2,46675.54
Pakistan,23-07-2004,32.7,20.8,26.6,0,18.2,43.6,46612.24
Pakistan,24-07-2004,34.1,22,28.2,0,16.6,34.2,46547.3
Pakistan,25-07-2004,35.7,23.6,29.8,0,14.6,32.8,46480.79
Pakistan,26-07-2004,36.6,23.9,30.5,0,17.4,32.4,46412.8
Pakistan,27-07-2004,36.6,24.3,30.5,0,19.1,34.2,46343.41
Pakistan,28-07-2004,35.6,24.6,29.9,0,20.5,38.9,45511.84
Pakistan,29-07-2004,35.1,24.3,29.6,0.3,15.5,33.8,44197.87
Pakistan,30-07-2004,34.5,25.2,28.6,2.4,17.3,40,44183.05
Pakistan,31-07-2004,33,23.8,27.1,2.1,20.4,42.1,43676.39
Pakistan,01-08-2004,32,21.5,25.6,6.2,17.3,42.8,43018.89
Pakistan,02-08-2004,28.2,21,23.9,2,16.8,36.7,42341.71
Pakistan,03-08-2004,27.3,20.1,23.1,3.1,17.6,33.5,39353.53
Pakistan,04-08-2004,30.1,19.7,25,0,10.3,26.3,45581.46
Pakistan,05-08-2004,32.7,19.2,26.4,0,12.1,25.6,45667.11
Pakistan,06-08-2004,34,20.8,27.6,0,14.4,32.4,44260.04
Pakistan,07-08-2004,33.1,22.4,27.6,3.1,15.1,36.4,43174.58
Pakistan,08-08-2004,29.7,22.1,25.9,3.9,19.1,38.9,40771.46
Pakistan,09-08-2004,31.6,22.1,25.9,0.5,22.1,49.7,41853.43
Pakistan,10-08-2004,32.8,21.9,26.1,0.2,22.7,45.4,38443.54
Pakistan,11-08-2004,33.5,21.6,26.4,0,20.8,46.4,43602.88
Pakistan,12-08-2004,31.6,21.2,25.6,1.3,17.3,34.6,37418.59
Pakistan,13-08-2004,32.6,21.5,26.6,0.3,18.4,37.1,42436.46
Pakistan,14-08-2004,31.8,21.9,26.6,1.7,13.1,29.2,42634.23
Pakistan,15-08-2004,31.3,22.3,26.3,2.8,13,30.2,42348.89
Pakistan,16-08-2004,32.1,22.9,26.8,2,16.9,33.8,42633.83
Pakistan,17-08-2004,31.1,22.5,25.6,4.6,17.6,39.6,40716.08
Pakistan,18-08-2004,28.4,22.6,25.1,2,20.9,43.9,41342.13
Pakistan,19-08-2004,30.7,20.4,25.4,0,20.5,42.8,42680.74
Pakistan,20-08-2004,32.1,20.6,25.6,0,20.7,43.2,42184.55
Pakistan,21-08-2004,31.1,21.1,25.3,0.1,22.2,41.8,41945.73
Pakistan,22-08-2004,32.1,19.8,25.9,0,19.6,40.7,42586.56
Pakistan,23-08-2004,32.8,19.8,26.3,0,18,36.4,42579.27
Pakistan,24-08-2004,32.7,21.1,26.6,0.2,16.4,37.4,41915.06
Pakistan,25-08-2004,32.6,21.2,26,0.1,24.6,50,41658.3
Pakistan,26-08-2004,32.4,20.1,26.2,0,23.1,42.8,41089.46
Pakistan,27-08-2004,33.1,21,26.6,0,22,44.6,42067.2
Pakistan,28-08-2004,34.8,20.4,27.2,0,20.7,47.5,42063.34
Pakistan,29-08-2004,35,21.1,28,0,21.9,42.5,41817.84
Pakistan,30-08-2004,33.9,20.7,27.4,0,19.9,41.4,41712.06
Pakistan,31-08-2004,32.1,21.1,26.4,0,19.5,41.8,41347.46
Pakistan,01-09-2004,31.8,20.6,26.1,0,19.4,39.6,41254.21
Pakistan,02-09-2004,30.6,20.3,25.1,0.2,14.8,33.1,40972.57
Pakistan,03-09-2004,32,19.9,25.7,0,17.9,34.6,40968.99
Pakistan,04-09-2004,33.9,18.4,26.6,0,14.7,30.2,41220.98
Pakistan,05-09-2004,32.8,18.8,26.3,0,16.3,33.1,41088.11
Pakistan,06-09-2004,33.3,20.1,26.5,0,16.2,36,40831.36
Pakistan,07-09-2004,35.2,20.3,27.4,0,14.5,30.6,40703.36
Pakistan,08-09-2004,37,20.6,28.8,0,13.3,28.8,40824.56
Pakistan,09-09-2004,37.3,19.7,29.2,0,12.4,28.8,40820.83
Pakistan,10-09-2004,34.8,19.6,27.8,0,17.7,33.5,40695.46
Pakistan,11-09-2004,33.7,20.3,27.3,0,16.3,32.8,40451.84
Pakistan,12-09-2004,29.8,21.1,24.9,3.2,18.4,38.2,40093.46
Pakistan,13-09-2004,28.2,21.5,23.8,2.8,13.3,31,38085.32
Pakistan,14-09-2004,28.8,20.7,24.1,0.9,8.9,23,37620.54
Pakistan,15-09-2004,30.6,20.2,24.8,0,16.1,31,39868.67
Pakistan,16-09-2004,27.9,19.7,22.5,1.4,18.8,42.1,27650.74
Pakistan,17-09-2004,28.1,19.4,22.7,0,19.9,38.5,36145.2
Pakistan,18-09-2004,30.3,16.4,23.2,0,14.7,30.6,34049.39
Pakistan,19-09-2004,31.5,19.1,25.1,0,17.8,37.4,40105.29
Pakistan,20-09-2004,31.1,19.8,25.1,0.7,19.2,39.6,37244.28
Pakistan,21-09-2004,29.6,20.3,24,0.9,22.2,47.9,38844.64
Pakistan,22-09-2004,29.3,16.9,22.7,0,19.4,40.3,39772.7
Pakistan,23-09-2004,28.1,14.6,22.2,0,14.8,28.8,39696.99
Pakistan,24-09-2004,28.4,16.7,22.8,0,13.5,27.7,39621.04
Pakistan,25-09-2004,28,15.3,22.5,0,13.3,25.2,39544.95
Pakistan,26-09-2004,28.1,15.1,22.3,0,11.5,25.6,39368.12
Pakistan,27-09-2004,30.8,18.2,24.5,0,11.9,26.3,39293.49
Pakistan,28-09-2004,30.9,17.2,24.4,0,10.9,20.5,39121.46
Pakistan,29-09-2004,29.4,18.2,24.1,0,17.3,34.9,36000
Pakistan,30-09-2004,29.2,18.2,23.1,1,15.7,36.7,37247.69
Pakistan,01-10-2004,28.1,18.5,22.6,0,19,38.9,38118.06
Pakistan,02-10-2004,26.5,18,21.7,0,15.2,29.5,35856.94
Pakistan,03-10-2004,23.8,16.4,19.6,0.7,10.7,23.8,35843.72
Pakistan,04-10-2004,27,13.9,20.9,0,10.2,24.1,38517.68
Pakistan,05-10-2004,30.2,14.8,22.4,0,11.5,24.8,38535.46
Pakistan,06-10-2004,30.1,15.3,22.9,0,14.2,27.4,38465.88
Pakistan,07-10-2004,29.5,16.1,22.8,0,15.3,29.5,38315.2
Pakistan,08-10-2004,28.7,15.2,22.2,0,18.2,36,38247
Pakistan,09-10-2004,23,13.5,17.9,0,24.2,46.8,38178.54
Pakistan,10-10-2004,23.9,9.5,16.7,0,22,45.7,38109.93
Pakistan,11-10-2004,22.8,9.1,16.9,0,15.4,28.8,37969.82
Pakistan,12-10-2004,22.7,11.3,17,0,17.5,33.5,37367.42
Pakistan,13-10-2004,22.3,8.6,16,0,20.2,40.7,37225.09
Pakistan,14-10-2004,24,8.5,16.7,0,11.8,22.7,37446.04
Pakistan,15-10-2004,25.3,12.3,18.8,0,15,27.7,37314.54
Pakistan,16-10-2004,25.9,13.3,19.5,0,17.9,32,37186.73
Pakistan,17-10-2004,24.9,9.6,18.4,0,13.3,25.6,37062.79
Pakistan,18-10-2004,24.4,13.2,18.9,0,14.6,27,36942.93
Pakistan,19-10-2004,24.5,10.3,18.3,0,13,28.4,36827.32
Pakistan,20-10-2004,23,9.2,16.8,0,15,30.2,36716.16
Pakistan,21-10-2004,22.7,7.6,16.4,0,10.2,22.7,36609.63
Pakistan,22-10-2004,23.4,11.5,17.5,0,10.6,24.8,36601.09
Pakistan,23-10-2004,25.2,10.8,18.4,0,12,27.4,36501.22
Pakistan,24-10-2004,24.8,9.2,18,0,14.5,28.1,36319.42
Pakistan,25-10-2004,23.9,10.3,16.7,1.2,20.4,46.1,32720.12
Pakistan,26-10-2004,21.7,11.1,16.5,0,15,29.5,36232.43
Pakistan,27-10-2004,20.5,5.3,13.9,0,12.8,26.3,36230.84
Pakistan,28-10-2004,20.9,8.9,14.8,0,14.5,34.9,36080.85
Pakistan,29-10-2004,20,5.2,13.3,0,7.7,18,36154.27
Pakistan,30-10-2004,20.1,7.4,14.1,0,10.5,21.2,36082.2
Pakistan,31-10-2004,20.7,9,14.9,0,11.7,23.4,36034.07
Pakistan,01-11-2004,20.3,5.8,13.9,0,10.5,21.6,35984.57
Pakistan,02-11-2004,21.2,6,14.7,0,8.8,19.8,35878.45
Pakistan,03-11-2004,21.6,6.2,14.7,0,11.3,24.5,35830.2
Pakistan,04-11-2004,22.4,6.3,15.2,0,11.3,22.3,35744.11
Pakistan,05-11-2004,22.2,6.1,15.3,0,9.4,19.8,35692.79
Pakistan,06-11-2004,21.3,6.6,14.4,0,10.2,19.8,35641.24
Pakistan,07-11-2004,22.6,7.6,15.6,0,10.9,23,35589.49
Pakistan,08-11-2004,22.9,6.2,15.6,0,10,19.8,35537.58
Pakistan,09-11-2004,22.5,7.2,15.6,0,12.1,24.5,35485.55
Pakistan,10-11-2004,22.6,9.3,16.1,0,12.7,24.1,35433.46
Pakistan,11-11-2004,22,8.3,15.9,0,12.9,23.8,35381.34
Pakistan,12-11-2004,21.9,9.9,15.9,0,13.8,26.6,35329.24
Pakistan,13-11-2004,22.3,7.7,15.7,0,14.8,30.2,35277.21
Pakistan,14-11-2004,22.3,9.2,15.9,0,13.1,26.6,35224.81
Pakistan,15-11-2004,22.4,7.6,15.6,0,12,26.6,35171.84
Pakistan,16-11-2004,22.4,7.8,15.9,0,11.7,23,35118.37
Pakistan,17-11-2004,22.7,9,16.5,0,10.5,25.2,35054.94
Pakistan,18-11-2004,21.9,8,15.3,0,10.9,23.8,34972.74
Pakistan,19-11-2004,22.4,8.5,16,0,10.1,23,34891.84
Pakistan,20-11-2004,23.6,9.8,16.9,0,12,24.8,34066.89
Pakistan,21-11-2004,23.1,11.7,17,0,15.2,32,34734.39
Pakistan,22-11-2004,22.4,10.5,16.2,0,15.4,28.4,34658.09
Pakistan,23-11-2004,20.4,5.6,13.7,0,10.5,21.6,34583.54
Pakistan,24-11-2004,20.1,9.4,14.8,0,12.2,27,34510.86
Pakistan,25-11-2004,17.6,8.8,13.2,2.1,8.3,22.7,30644.36
Pakistan,26-11-2004,18.3,10.2,13.7,0.3,10.9,24.8,32893.7
Pakistan,27-11-2004,18,8.4,13.2,0,11.4,22,25622.78
Pakistan,28-11-2004,16.6,8,12.5,0,16.4,31,17554.25
Pakistan,29-11-2004,17.7,10,13.2,2.3,16.1,34.6,23287.76
Pakistan,30-11-2004,16.1,2.4,10.2,0,15.8,32,34121.06
Pakistan,01-12-2004,14.4,-0.8,7.5,0,10.5,23.8,34064.95
Pakistan,02-12-2004,14.4,-0.1,7.8,0,10.3,18.7,34011.71
Pakistan,03-12-2004,15.7,1.7,8.9,0,12.6,24.8,33961.5
Pakistan,04-12-2004,15.5,3.3,9.9,0,19.1,38.2,33913.89
Pakistan,05-12-2004,14.7,-1.9,7.6,0,9.3,20.2,33868.49
Pakistan,06-12-2004,16.2,-0.2,9,0,10.1,16.6,29624.05
Pakistan,07-12-2004,18.3,2.4,11.1,0,9.7,15.8,33784.56
Pakistan,08-12-2004,17.5,3.2,10.7,0,9.1,19.1,33746.14
Pakistan,09-12-2004,19.7,4.1,12.6,0,9.1,17.6,33198.73
Pakistan,10-12-2004,20.1,4.4,12.9,0,9.7,18,33676.66
Pakistan,11-12-2004,19.4,7.5,13.5,0,11.9,25.6,32657.69
Pakistan,12-12-2004,18.4,4.2,11.9,0,11.6,24.5,33417.09
Pakistan,13-12-2004,18.3,4.3,11.8,0,9.3,21.6,32894.71
Pakistan,14-12-2004,19.1,4.8,12.3,0,10.9,24.8,33520.44
Pakistan,15-12-2004,20.8,4.9,13.6,0,9.2,20.2,33420.42
Pakistan,16-12-2004,20.7,8.1,14.5,0,8.2,19.8,32736.51
Pakistan,17-12-2004,20.6,7.4,14.3,0,11.8,25.6,32755.6
Pakistan,18-12-2004,18.4,6.9,12.8,0,18.5,37.8,33341.07
Pakistan,19-12-2004,14.8,4.2,9.9,0.2,31.8,62.3,32520.1
Pakistan,20-12-2004,13.9,1.9,7.6,0,10.8,29.5,32819.29
Pakistan,21-12-2004,12.2,0.2,6.2,0,11.9,26.6,32835.25
Pakistan,22-12-2004,11.9,0.4,6.8,0,10.7,24.5,33091.79
Pakistan,23-12-2004,12.3,0.2,7,0,8.7,19.1,33082.69
Pakistan,24-12-2004,11.4,-1.3,6,0,9.1,21.2,33073.8
Pakistan,25-12-2004,11.6,-1.1,5.9,0,9.4,22.3,33064.98
Pakistan,26-12-2004,13.4,-0.8,7.1,0,8,16.6,33056.38
Pakistan,27-12-2004,14.6,5.4,9.9,0,12.9,24.1,25200
Pakistan,28-12-2004,14,2.9,8.2,0,14.3,31.3,32413.42
Pakistan,29-12-2004,9.7,0.7,5.7,0,8.4,15.8,17037.27
Pakistan,30-12-2004,12.9,5.4,8.4,8.4,15.5,41,28800
Pakistan,31-12-2004,8,4.7,6.4,17.1,35.6,66.6,0
Pakistan,01-01-2005,9.8,3.2,6.1,1.5,17.7,38.9,28055.85
Pakistan,02-01-2005,8.9,2,4.8,0,11.8,23.4,32440.24
Pakistan,03-01-2005,9.4,-1.8,4,0,11,23,32945
Pakistan,04-01-2005,9.6,0.9,5.1,0,10.4,23,32438.81
Pakistan,05-01-2005,12.1,-1.5,4.8,0,10.1,23.4,32493.71
Pakistan,06-01-2005,11,-1.5,4.8,0,8.4,19.1,32911.88
Pakistan,07-01-2005,12.1,-0.7,5.8,0,8.5,19.8,33063.21
Pakistan,08-01-2005,13.8,0.9,6.6,0,20.9,41.4,29103.51
Pakistan,09-01-2005,11.4,-0.4,4.9,0,16.3,34.6,33010.58
Pakistan,10-01-2005,11.2,-1,4.3,0,26.1,51.5,33386.65
Pakistan,11-01-2005,11.8,-4.3,4.1,0,11.8,24.1,32892.96
Pakistan,12-01-2005,11.1,0.6,6.2,0,8.8,17.6,30382.25
Pakistan,13-01-2005,12.1,4.2,7.7,0.2,17.3,34.6,32742.62
Pakistan,14-01-2005,10.6,-1.1,4.6,0,15.7,32.4,33696.48
Pakistan,15-01-2005,10.4,-5.1,3.2,0,8.6,16.9,34041.33
Pakistan,16-01-2005,10.4,-3.7,4,0,8.7,14.4,34099.77
Pakistan,17-01-2005,10.4,-4,3.6,0,16,32,34159.36
Pakistan,18-01-2005,10.6,-4.9,3.2,0,14.3,31,34295.61
Pakistan,19-01-2005,10.6,-4.3,3.9,0,9.8,21.2,33473.59
Pakistan,20-01-2005,10.5,1.7,6.2,0,11.5,25.9,26368.65
Pakistan,21-01-2005,8.3,2.6,5.6,9.6,23,43.6,9158.22
Pakistan,22-01-2005,9.7,0,4.1,0,25,50.8,34550.37
Pakistan,23-01-2005,7.7,-4.3,2.1,0,9.9,23.8,13042.61
Pakistan,24-01-2005,6.3,2.2,4.3,2.8,13,27.4,0
Pakistan,25-01-2005,8.3,1.8,4.9,0,10.5,20.5,14400
Pakistan,26-01-2005,9.3,2.5,5.5,1.7,18.3,35.6,26356.58
Pakistan,27-01-2005,8,-1.6,3.4,0.1,23.5,47.5,35052.64
Pakistan,28-01-2005,8.1,-2.7,2.3,0,11,27.7,35210.77
Pakistan,29-01-2005,9.2,-4.6,1.9,0,9.2,18.7,35371.96
Pakistan,30-01-2005,9.4,-5.3,2.5,0,9,15.8,35536.2
Pakistan,31-01-2005,10.1,-4.9,3.1,0,9.4,16.9,35512.12
Pakistan,01-02-2005,12.1,-3.1,5.2,0,8.3,18.7,35742.52
Pakistan,02-02-2005,13.4,-1.3,6.3,0,17.1,35.3,35053.7
Pakistan,03-02-2005,13.3,0.5,7.5,0,21,40,35921.34
Pakistan,04-02-2005,14,1.5,7.5,1.2,17.7,31.7,35993.73
Pakistan,05-02-2005,10.5,2.1,6.9,7.8,12.5,28.1,14464.33
Pakistan,06-02-2005,7.3,4.9,6.1,8.9,10.8,31.7,0
Pakistan,07-02-2005,9.3,6.1,7.3,9.6,12.6,36.4,21692.23
Pakistan,08-02-2005,9.3,4.9,6.9,7,23.1,45.4,8560.57
Pakistan,09-02-2005,10.5,4.8,7,13.3,17.3,36.7,13297.74
Pakistan,10-02-2005,10.4,6.9,8.3,9.7,23.8,45.4,1623
Pakistan,11-02-2005,12,6.9,8.8,4.3,22.4,41.4,22835.97
Pakistan,12-02-2005,13.4,4.8,8.3,0.4,23.1,56.2,25348.22
Pakistan,13-02-2005,12.5,3.6,8.3,0.8,7.4,16.6,23918.78
Pakistan,14-02-2005,11.4,7.2,9.1,3.9,16.6,31.7,8239.18
Pakistan,15-02-2005,12,3.4,7.2,0.7,34.5,66.2,37172.88
Pakistan,16-02-2005,10.6,0.1,5.3,0,31.6,66.2,37280.81
Pakistan,17-02-2005,6.8,-0.9,2.5,0,18.8,37.1,36467.45
Pakistan,18-02-2005,4.3,-4.6,-0.4,0,21.6,39.2,37497.12
Pakistan,19-02-2005,8.2,-4.6,1,0,15.5,32,37605.3
Pakistan,20-02-2005,9.1,-4.6,2.8,0,8.8,20.5,37713.38
Pakistan,21-02-2005,12.5,-0.4,5.9,0,10,23.8,37821.27
Pakistan,22-02-2005,14.1,-2.2,6.4,0,11.2,23,37929.74
Pakistan,23-02-2005,12.2,3.8,8.1,0.1,12.3,26.3,18982.76
Pakistan,24-02-2005,13.7,6,9.6,0,11.5,24.5,38041.39
Pakistan,25-02-2005,12.6,3.9,9,1.8,12.3,26.6,35324.18
Pakistan,26-02-2005,15.2,4.3,9.6,5.8,13.2,28.4,25473.53
Pakistan,27-02-2005,13.2,7.5,10.5,7.8,11.1,36,24497.67
Pakistan,28-02-2005,13.8,4.5,9.2,4.7,9,19.4,31315.51
Pakistan,01-03-2005,13.3,7.7,9.9,9.3,9.2,21.2,6507.07
Pakistan,02-03-2005,13.9,7.8,10.2,5.5,13.1,34.2,9288.4
Pakistan,03-03-2005,14.1,7.7,10.4,9.6,11.9,31,35606.43
Pakistan,04-03-2005,14.9,5.1,9.5,2.8,9.5,20.5,35620.09
Pakistan,05-03-2005,15.5,3,10,0,9.7,19.8,39113.27
Pakistan,06-03-2005,14.7,6.4,9.7,0.3,12.1,22,19359.88
Pakistan,07-03-2005,15.1,5.6,10.2,0.6,15.8,30.6,39255.55
Pakistan,08-03-2005,15.7,4.3,9.5,2.1,17,34.2,29098.71
Pakistan,09-03-2005,14,7.1,10.5,8.7,11.3,24.5,36000
Pakistan,10-03-2005,16.5,3,10.3,0.1,8.4,21.6,39469.62
Pakistan,11-03-2005,19,4.3,12.4,0,8.7,16.9,39540.79
Pakistan,12-03-2005,21.8,8.1,15.3,0,10.1,22.7,39600
Pakistan,13-03-2005,22.4,9.5,16.2,0,13.8,27.7,39600
Pakistan,14-03-2005,22,10.4,16.6,0,12.7,28.1,37937.62
Pakistan,15-03-2005,22,10.6,16.1,3.2,16.1,37.1,32730.41
Pakistan,16-03-2005,22.3,11.8,16.6,0.7,15,35.6,38367.58
Pakistan,17-03-2005,19.3,11.6,15.5,6.8,14.2,37.8,30616.58
Pakistan,18-03-2005,18.7,11.3,14.2,15.4,17.6,34.6,38191.55
Pakistan,19-03-2005,19.2,10.1,14.1,3.6,16.9,41.4,39600
Pakistan,20-03-2005,18.5,9.1,13.7,15.5,20.5,48.2,37420.84
Pakistan,21-03-2005,17.4,10.1,13.2,3.3,27.3,51.8,36628.44
Pakistan,22-03-2005,18.3,6.4,12.4,0,17.5,37.8,39761.89
Pakistan,23-03-2005,18.5,5.2,12.3,0,14.3,29.5,39756.71
Pakistan,24-03-2005,18.4,6,12.9,0,15.6,33.5,39823.32
Pakistan,25-03-2005,19.1,9.1,14.3,2.3,21.6,41.8,39669.57
Pakistan,26-03-2005,18.6,10.8,14.1,1,20,49.3,36000
Pakistan,27-03-2005,21,7.7,14.2,0,26.1,51.8,40127.58
Pakistan,28-03-2005,19,4.4,12.4,0,14.2,30.6,40399.81
Pakistan,29-03-2005,19.3,4.1,12.3,0,19.6,42.5,40677.84
Pakistan,30-03-2005,19.5,5.2,12.9,0,15.9,31.3,40874.3
Pakistan,31-03-2005,21.8,6.2,14.6,0,13.5,27.4,40894.7
Pakistan,01-04-2005,23.8,6.7,16.2,0,9.2,22.7,40809.06
Pakistan,02-04-2005,25.8,8.6,18.4,0,9.6,25.2,41335.23
Pakistan,03-04-2005,26.6,9.4,19.1,0,12.2,27.7,41577.9
Pakistan,04-04-2005,28.5,12.8,21,0,18.6,35.6,41696.57
Pakistan,05-04-2005,29.4,15.5,22.2,0,25.9,51.5,41940.3
Pakistan,06-04-2005,29.2,13.3,22.1,0,26.3,52.2,42015.13
Pakistan,07-04-2005,20.5,9.3,14.4,0,35.5,69.5,42379.4
Pakistan,08-04-2005,18.9,6,12.2,0,32.5,63.4,42458.27
Pakistan,09-04-2005,18.7,4.8,11.8,0,21.7,46.1,42536.43
Pakistan,10-04-2005,19.9,5,12.9,0,17.5,38.5,42715.47
Pakistan,11-04-2005,21.1,5.1,14.3,0,15.8,33.8,42793.65
Pakistan,12-04-2005,23.8,10.2,17.2,0,18.6,37.8,42346.69
Pakistan,13-04-2005,24.7,11.3,18.6,0,29.3,59.4,42521.57
Pakistan,14-04-2005,24.2,11,17.9,0,16.8,37.1,43238.28
Pakistan,15-04-2005,24.2,9.5,17.8,0,12.3,28.4,43424.87
Pakistan,16-04-2005,26,9.4,19.1,0,14.8,32,43280.39
Pakistan,17-04-2005,27.2,12.3,20.9,0,10.9,24.5,43578.36
Pakistan,18-04-2005,28.9,12,21.6,0,13,28.4,43653.06
Pakistan,19-04-2005,30.4,13.8,23.1,0,16.3,33.1,42009.18
Pakistan,20-04-2005,30.4,16.3,24.1,0,20.5,38.5,39207.86
Pakistan,21-04-2005,28.2,14,21.9,0,23.9,42.5,38726.03
Pakistan,22-04-2005,29.5,14.7,22.9,0,15.7,32,43458.53
Pakistan,23-04-2005,27.9,14,21.2,1.2,17.2,37.1,42778.17
Pakistan,24-04-2005,26.9,15.5,21,0.5,21.2,40.7,40462.85
Pakistan,25-04-2005,22.5,13.6,17.5,5.6,25.5,56.2,42828.1
Pakistan,26-04-2005,23.2,9.9,17,0.3,23.4,45.4,44575.23
Pakistan,27-04-2005,24.7,11.1,18.1,0,15.5,41.8,44769.07
Pakistan,28-04-2005,24.6,13.3,18.2,3.1,20,37.4,36609.08
Pakistan,29-04-2005,23.1,14.7,18.8,1.6,15.3,28.4,43796.71
Pakistan,30-04-2005,26.5,12.9,19.4,0.3,18,41,43048.02
Pakistan,01-05-2005,24.3,14.1,18,16.8,17.9,40.3,33881.22
Pakistan,02-05-2005,21.4,11.9,17,3.3,14.2,32,44035.12
Pakistan,03-05-2005,21.3,13.8,17,4.3,17.7,38.2,35691.26
Pakistan,04-05-2005,20.9,12.8,16.8,2.3,14.6,31.3,40020.6
Pakistan,05-05-2005,25.1,13.6,19.4,0.2,16.7,37.8,45511.76
Pakistan,06-05-2005,27.4,15.3,21.5,0.1,16.6,37.8,45574.38
Pakistan,07-05-2005,27,15.4,21,2.1,16.2,39.6,42974.63
Pakistan,08-05-2005,24.7,14,19,1.5,16.8,36,45647.61
Pakistan,09-05-2005,26.2,12,19.4,0,20.2,41.8,45683.99
Pakistan,10-05-2005,29.7,14.3,21.7,0,16.4,34.6,45720.16
Pakistan,11-05-2005,31,13.9,23.2,0,13,30.6,45756.11
Pakistan,12-05-2005,31.9,12.4,23.8,0,19.2,38.9,45791.9
Pakistan,13-05-2005,31.9,17.1,24.8,0,21.2,46.4,45827.86
Pakistan,14-05-2005,31.3,16.9,24.6,0,15.8,33.5,45863.96
Pakistan,15-05-2005,32.7,17.9,26,0,25.1,53.6,45038.41
Pakistan,16-05-2005,33.1,18.9,26.9,0,19.8,44.6,45936.39
Pakistan,17-05-2005,32.6,15.9,26,0,14.4,31.7,45972.61
Pakistan,18-05-2005,33.4,17.5,26.7,0,18.7,36.7,45711.54
Pakistan,19-05-2005,33.7,17.4,26.5,0,22.3,53.3,46044.75
Pakistan,20-05-2005,33.1,17.6,26.3,0,24.7,52.9,39619.61
Pakistan,21-05-2005,28.1,19.9,23.5,0.6,21.7,40.3,29398.58
Pakistan,22-05-2005,27,17.8,22,0.9,19.9,41.4,38831.39
Pakistan,23-05-2005,29.1,17.9,23.5,0,18.7,38.5,46186.24
Pakistan,24-05-2005,29.9,13.8,23.4,0,17,32.8,46220.68
Pakistan,25-05-2005,29.9,16.4,23.8,0.2,25.5,51.1,42338.86
Pakistan,26-05-2005,29.1,13.7,23.3,0,12.9,31,46288.04
Pakistan,27-05-2005,30.5,14,23.6,0,20.1,40.7,40395.5
Pakistan,28-05-2005,25.2,17.7,22.3,0.6,16.7,29.5,45621.44
Pakistan,29-05-2005,27.7,15.2,22.3,1.5,18.8,39.2,45790.74
Pakistan,30-05-2005,28.1,14.6,21.8,0.8,22.4,48.6,46414.93
Pakistan,31-05-2005,30.1,14.4,22.8,0.3,21.4,43.2,46444.67
Pakistan,01-06-2005,31.6,18.2,25.7,0,21.5,43.2,46473.64
Pakistan,02-06-2005,33.8,18.9,27.4,0,19.6,39.2,45477.13
Pakistan,03-06-2005,35,16.9,27.6,0,13.8,31,46530.93
Pakistan,04-06-2005,37,19.9,29.6,0,15.5,34.9,46559.18
Pakistan,05-06-2005,36,18.5,28.9,0,11.2,28.4,46587.06
Pakistan,06-06-2005,34.6,20.4,28.9,0,14.1,31.3,46614.5
Pakistan,07-06-2005,35.2,20.7,28.8,0,14.3,32.4,46641.41
Pakistan,08-06-2005,35.5,21.9,28.9,0,19.4,41.8,46667.74
Pakistan,09-06-2005,35.5,20.1,28.4,1.8,22.6,44.3,43093.38
Pakistan,10-06-2005,33.1,18.9,26.8,0.1,25.1,48.2,46718.28
Pakistan,11-06-2005,30,19.4,25.6,0,21.4,38.2,38686.17
Pakistan,12-06-2005,30.9,18.3,25.4,0,16.3,35.6,46765.54
Pakistan,13-06-2005,30.2,18,24.1,1.7,17,42.5,42436.84
Pakistan,14-06-2005,30.2,17.2,24.4,0,8.3,28.1,46800
Pakistan,15-06-2005,32.7,20.5,27.3,0,10.8,27.7,46800
Pakistan,16-06-2005,35.4,21.4,28.8,0,11.7,23.4,44841.72
Pakistan,17-06-2005,35.9,23.4,29.8,0,14.7,29.2,45076.17
Pakistan,18-06-2005,35.2,23.7,29.8,0,12.9,31.7,46800
Pakistan,19-06-2005,33.9,25,28.9,0.6,16.6,33.8,45040.79
Pakistan,20-06-2005,34.9,21.3,28.4,0,9.4,24.5,43707.25
Pakistan,21-06-2005,35.4,23.5,29.6,0,14.5,30.6,45967.92
Pakistan,22-06-2005,37.3,22.1,30.3,0,15.3,38.5,46800
Pakistan,23-06-2005,39.2,24.2,31.7,0,17.9,33.5,46800
Pakistan,24-06-2005,40.1,24.7,32.8,0,17.6,33.1,46800
Pakistan,25-06-2005,39,26,32.5,0,18.5,37.4,44967.8
Pakistan,26-06-2005,38.4,25.1,32,0,16.4,34.9,45444.55
Pakistan,27-06-2005,37,25.8,30.3,1.6,18.8,32.8,44628.82
Pakistan,28-06-2005,35.8,25.4,29.9,0.6,13.4,40.7,46556.78
Pakistan,29-06-2005,32.8,25,27.9,4.2,19,36,44995.82
Pakistan,30-06-2005,30.9,24,26.7,3.8,16.9,39.2,42450.05
Pakistan,01-07-2005,30.4,23.5,26.8,1.5,20.8,43.6,46539.12
Pakistan,02-07-2005,30.6,22.6,26.2,0.8,23.7,49,45990.06
Pakistan,03-07-2005,28.2,22.2,24.6,3.8,23,46.4,38807.84
Pakistan,04-07-2005,27.8,21.7,23.9,10,16.6,33.8,31703.11
Pakistan,05-07-2005,26.5,18.8,22.8,5.2,15.3,34.2,41220.96
Pakistan,06-07-2005,26.2,18.7,22.5,5.3,15.5,29.9,40593.78
Pakistan,07-07-2005,27.6,20.1,23.7,1.7,12.2,27.4,43761.04
Pakistan,08-07-2005,28.6,21.8,24,5.9,11.3,24.5,40747.8
Pakistan,09-07-2005,29.4,20.3,24.8,0.1,8.8,21.2,46800
Pakistan,10-07-2005,31.1,22,26.3,0.2,10.9,24.8,46800
Pakistan,11-07-2005,31.4,23,27.2,0.5,15.6,33.8,46614.51
Pakistan,12-07-2005,31.2,21.9,26.5,0.3,21.3,45.4,45675.78
Pakistan,13-07-2005,28.9,21.7,25.2,3.8,22.8,47.2,42174.45
Pakistan,14-07-2005,29.1,22.3,25.6,1.8,18.9,42.8,40396.35
Pakistan,15-07-2005,30.4,21.9,25.7,1.8,18.7,40,44754.5
Pakistan,16-07-2005,29.8,21.9,25.8,1.6,19.9,42.8,42153.9
Pakistan,17-07-2005,30.3,22.8,26.7,0.2,20.8,44.6,45692.59
Pakistan,18-07-2005,30.6,23.1,27,0.7,22.9,46.8,46792.43
Pakistan,19-07-2005,33.9,22.2,28.1,0.6,22,42.1,46768.23
Pakistan,20-07-2005,35.3,22.9,29.2,0,20.9,41.4,46742.73
Pakistan,21-07-2005,35,22.1,28.4,0.6,17.7,47.9,46028.13
Pakistan,22-07-2005,35.5,22.7,29.1,1.2,16.9,38.9,45934.72
Pakistan,23-07-2005,34.6,23.3,28.2,0.5,24.2,48.6,45238.81
Pakistan,24-07-2005,33,22.3,27.3,1.7,20.2,44.3,46559.94
Pakistan,25-07-2005,33.6,22.7,28.1,0,13.5,28.4,46494.26
Pakistan,26-07-2005,33.9,23.1,27.7,0.2,20.5,45.4,46427.28
Pakistan,27-07-2005,32.9,21.9,27.2,1.3,16.2,41,45581.79
Pakistan,28-07-2005,30.1,22.8,26.1,2.2,10.5,29.2,45022.39
Pakistan,29-07-2005,29.6,22.8,25.8,2.5,12.7,31.3,36104.08
Pakistan,30-07-2005,29.1,20.9,24.4,3.1,16.6,32.4,25482.23
Pakistan,31-07-2005,30.2,22.1,25.5,0.2,15.7,34.9,41844.05
Pakistan,01-08-2005,32,21.2,25.9,0.5,13,36.7,43551.43
Pakistan,02-08-2005,30.8,21.9,25.2,4.5,17.8,37.8,30588.25
Pakistan,03-08-2005,31.7,20.8,26.2,1,12,26.6,45771.56
Pakistan,04-08-2005,33.2,23.2,28.2,0.1,14.4,29.5,43088.82
Pakistan,05-08-2005,34.9,23.3,28.9,0.3,24.5,45.4,45681.4
Pakistan,06-08-2005,34.8,23.1,28.5,0.7,24.1,47.9,45180.33
Pakistan,07-08-2005,32,22.2,26,0.2,23.3,45.7,44288.79
Pakistan,08-08-2005,26.4,20.5,22.9,6.3,17.9,40.7,34138.77
Pakistan,09-08-2005,26.5,19.8,22.8,0.3,14.3,32.4,38651.55
Pakistan,10-08-2005,30.1,19.7,24.4,0.8,15.3,36.4,43666.45
Pakistan,11-08-2005,30.8,20,25.2,0.9,15.5,39.6,44379.27
Pakistan,12-08-2005,31.3,21.4,25.8,0,19.7,34.2,42907.15
Pakistan,13-08-2005,31.6,21.9,26.4,0,17.9,36,44297.69
Pakistan,14-08-2005,34.3,21.3,27.7,0,19.1,40.3,44256.01
Pakistan,15-08-2005,36.4,21.5,28.8,0,19.9,43.9,43937.14
Pakistan,16-08-2005,31.8,22.8,26.4,1.3,18.5,40.3,42036.86
Pakistan,17-08-2005,32,22.2,26.3,1,20.6,43.6,41384.64
Pakistan,18-08-2005,32.5,20.5,26.5,0,19.7,39.6,43429.16
Pakistan,19-08-2005,34.6,21.1,27.7,0,23.9,46.1,43403.02
Pakistan,20-08-2005,34.1,21.6,27.7,0,20.3,42.8,43272.59
Pakistan,21-08-2005,33.7,21.3,27.3,0,20,40,43244.42
Pakistan,22-08-2005,33.6,21.7,26.9,0,20.1,41.8,43245.06
Pakistan,23-08-2005,34.3,21.7,27.7,0,18.2,41.4,42721.39
Pakistan,24-08-2005,35.4,21.6,27.9,0,20.1,45.4,42592.17
Pakistan,25-08-2005,34.1,21.3,27.5,0,20.1,43.9,42446.48
Pakistan,26-08-2005,33.3,20.7,26.6,0.1,22,42.8,42049.09
Pakistan,27-08-2005,32.6,21,26,0,20.6,45.7,41842.83
Pakistan,28-08-2005,31,21.1,25.1,0.3,23.4,43.6,41008.16
Pakistan,29-08-2005,29.5,19.9,24.7,0.2,18.3,36.7,40262.02
Pakistan,30-08-2005,32.6,19.2,25.6,0,18.9,37.8,41312.95
Pakistan,31-08-2005,33.5,20.2,26.5,0,16.6,34.6,41347.18
Pakistan,01-09-2005,34.3,20.9,27.4,0,20.3,40,41239.27
Pakistan,02-09-2005,35.3,21.5,28.2,0,17.6,33.1,41103.65
Pakistan,03-09-2005,34.4,21.7,28.1,0,20.5,39.2,40969.9
Pakistan,04-09-2005,33.5,22.1,27.6,0,16.3,35.6,40966.18
Pakistan,05-09-2005,32.7,22.1,28.1,0,12.6,26.6,40835.18
Pakistan,06-09-2005,33.6,23.3,28.3,0.2,13.6,27.7,40706.08
Pakistan,07-09-2005,33.7,22.6,27.4,0,21,39.6,40578.94
Pakistan,08-09-2005,29.2,20.9,24.4,2.8,15.4,37.4,37599.84
Pakistan,09-09-2005,28.9,20.5,23.9,2.2,16.2,33.1,39493.65
Pakistan,10-09-2005,29.4,21,24.1,1,15.9,32.4,39601.49
Pakistan,11-09-2005,28.6,20,23.2,2.6,15.2,34.2,38932.14
Pakistan,12-09-2005,26.9,20,23.1,1.1,10.2,24.5,36000
Pakistan,13-09-2005,29.2,19,23.6,0,15.5,33.5,39740.75
Pakistan,14-09-2005,27.7,17.1,22.5,0,19.7,41.8,39980.38
Pakistan,15-09-2005,27.6,18.6,22.6,0,20,41,39751.87
Pakistan,16-09-2005,29.3,17.3,23.1,0.4,16.3,29.9,39642.62
Pakistan,17-09-2005,31.4,19,24.9,1,18.2,36,39989.2
Pakistan,18-09-2005,31.3,19.7,24.5,0,22.4,44.6,39991.78
Pakistan,19-09-2005,29.8,19.4,24,0,15.4,29.2,39600
Pakistan,20-09-2005,30.7,18.7,24.7,0,15.1,26.3,39825.96
Pakistan,21-09-2005,31.1,20.2,25.3,0.1,13.5,28.1,39860.48
Pakistan,22-09-2005,31,17.7,24.6,0,12.7,28.4,39785.38
Pakistan,23-09-2005,29.9,18,24.2,0,16,32,39499.38
Pakistan,24-09-2005,31.2,18.5,24.5,0,19.2,38.2,39531.27
Pakistan,25-09-2005,31.7,18.2,24.7,0,19.2,38.5,39560.48
Pakistan,26-09-2005,30.3,18,24,0,12.9,27,39485.89
Pakistan,27-09-2005,29.2,18,23.3,0,18.7,34.6,39312.13
Pakistan,28-09-2005,29.1,17.9,23.1,0,17.4,34.2,39141.97
Pakistan,29-09-2005,30.7,17.1,23.4,0,14.8,29.5,39071.65
Pakistan,30-09-2005,31,17.2,23.8,0,14.8,30.6,39000.81
Pakistan,01-10-2005,31.2,18,24.1,0,15.6,31,38929.32
Pakistan,02-10-2005,31.2,17.8,24.2,0,14.2,31,38766.29
Pakistan,03-10-2005,31.5,18.1,24.1,0,20,38.5,38695.63
Pakistan,04-10-2005,30.4,17.4,23.7,0,13.7,28.1,38624.62
Pakistan,05-10-2005,29.4,16.1,22.9,0,14.9,29.2,38468.04
Pakistan,06-10-2005,30.6,17.1,23.8,0,14.3,28.1,38398.58
Pakistan,07-10-2005,31.8,17.2,24.4,0,14.8,28.8,38329.06
Pakistan,08-10-2005,30.9,18,24.3,0,14.6,28.1,38259.54
Pakistan,09-10-2005,29.4,16.1,23.4,0,15.4,31.3,38119.43
Pakistan,10-10-2005,29.9,17.8,23.3,0,18,33.5,38046.73
Pakistan,11-10-2005,28.1,18,22.3,0,19,33.5,37615.89
Pakistan,12-10-2005,26.4,17.5,21.6,0,17.8,35.3,37479.15
Pakistan,13-10-2005,26.8,15.8,21,0,15,30.2,37583.86
Pakistan,14-10-2005,26.2,15,20.8,0,15.6,31.7,37448.9
Pakistan,15-10-2005,26,15.8,20.8,0,16.5,34.2,37317.51
Pakistan,16-10-2005,25.8,11.7,19.3,0,11.1,23.4,37301.09
Pakistan,17-10-2005,24.5,9.6,17.2,0,12.5,24.1,34284.82
Pakistan,18-10-2005,24.3,9.4,18.1,0,8.9,18,37052.13
Pakistan,19-10-2005,24.1,10.3,17.6,0,11.5,23.4,36830.68
Pakistan,20-10-2005,24.4,9.8,18,0,8.7,18,36719.3
Pakistan,21-10-2005,24.9,10.8,18.5,0,10.8,22.3,36709.64
Pakistan,22-10-2005,26.3,12.1,19.2,0,12.2,24.8,36604.24
Pakistan,23-10-2005,27.1,11,19.4,0,14.3,26.6,36503.62
Pakistan,24-10-2005,26.9,13.6,19.9,0,17.4,36,36407.99
Pakistan,25-10-2005,25.5,13.5,19.4,0,13.9,27,36317.61
Pakistan,26-10-2005,23.6,8.4,17.3,0,10.7,23.4,36313.98
Pakistan,27-10-2005,23.2,8.5,17,0,9.4,22.7,36309.14
Pakistan,28-10-2005,23.6,9.6,17.1,0,11.4,22,36228.78
Pakistan,29-10-2005,25.9,9.6,18.1,0,17.7,36.4,36154.39
Pakistan,30-10-2005,26.3,8,17.8,0,15.8,33.1,36153.29
Pakistan,31-10-2005,23.4,6.4,16.2,0,10.5,22,36044.81
Pakistan,01-11-2005,22.6,7.3,15.5,0,12.1,23.8,35936.26
Pakistan,02-11-2005,20.5,7.9,14.8,0,15.4,29.9,35857.68
Pakistan,03-11-2005,20.2,7.3,14.3,0,10.5,22,35842.32
Pakistan,04-11-2005,20,7.8,14.3,0,13.2,26.3,35757.19
Pakistan,05-11-2005,19.9,8,14.6,0,11,23,35706.6
Pakistan,06-11-2005,20.2,9.2,15,0,10.1,23,35655.82
Pakistan,07-11-2005,22,9.4,15.5,0,15.1,30.2,35604.89
Pakistan,08-11-2005,22.5,7.9,16,0,14.1,28.4,35553.84
Pakistan,09-11-2005,21.1,8.4,15.1,0,18.7,37.4,35502.31
Pakistan,10-11-2005,21.1,12,16.3,0,16.8,34.2,35450.15
Pakistan,11-11-2005,20.2,8.6,14.9,0,15.8,32.4,35397.42
Pakistan,12-11-2005,19.2,9.2,14.7,0,10.7,24.1,35344.2
Pakistan,13-11-2005,20.2,10.6,15.2,0,10,23.8,35290.56
Pakistan,14-11-2005,20.7,7.8,14.6,0,13.5,29.9,35236.59
Pakistan,15-11-2005,20.7,10.1,14.6,0,17.7,36.7,35182.35
Pakistan,16-11-2005,19.5,7.7,13.3,0,20.9,42.1,35127.92
Pakistan,17-11-2005,20.7,7.3,14.1,0,11.5,26.6,35071.82
Pakistan,18-11-2005,22.3,7.6,15.1,0,12.6,27.4,34987.99
Pakistan,19-11-2005,21.7,7.1,15.1,0,11.8,24.1,34905.77
Pakistan,20-11-2005,20.7,8.2,14.7,0,14.4,26.3,34825.28
Pakistan,21-11-2005,20.6,9.1,15.1,0,11.3,20.9,34746.64
Pakistan,22-11-2005,20.3,7.2,13.9,0,12.4,27.7,34669.98
Pakistan,23-11-2005,20,5.3,13.2,0,11.8,26.6,34595.44
Pakistan,24-11-2005,19,3.6,12.4,0,9.7,21.6,34523.14
Pakistan,25-11-2005,18.5,6.4,12.6,0,10.5,24.8,34453.23
Pakistan,26-11-2005,17.6,5.7,12,0.4,16.5,28.1,34385.81
Pakistan,27-11-2005,15,3.5,9.5,0,13.4,28.1,34321.05
Pakistan,28-11-2005,12.6,1.5,7.3,0,9.8,22.7,34218.94
Pakistan,29-11-2005,13.6,0.1,7.4,0,13.3,28.8,34199.3
Pakistan,30-11-2005,12.7,-2.7,6.1,0,13.8,29.9,34141.41
Pakistan,01-12-2005,13,-3.3,5.9,0,9.2,18.7,34085.44
Pakistan,02-12-2005,13.8,-1.1,6.9,0,9,14.8,34031.49
Pakistan,03-12-2005,15.9,-0.4,8.6,0,15,31.3,33979.62
Pakistan,04-12-2005,16.4,2.9,9.9,0,10.1,23.4,33929.92
Pakistan,05-12-2005,17.3,3.4,10.7,0,10.2,23,33882.47
Pakistan,06-12-2005,18.5,2.9,11.4,0,11.1,24.8,33837.33
Pakistan,07-12-2005,18.2,1.8,10.5,0,11.1,25.2,33794.59
Pakistan,08-12-2005,20.2,2.4,11.3,0,17.6,34.9,33754.33
Pakistan,09-12-2005,16.8,4,10.1,0,15.8,32.8,33716.62
Pakistan,10-12-2005,15.1,-1.7,7.6,0,10.2,20.2,33681.54
Pakistan,11-12-2005,14.9,-1.3,7.1,0,9.8,15.5,33649.15
Pakistan,12-12-2005,14.5,-1.3,6.9,0,10.1,14.8,33619.55
Pakistan,13-12-2005,15,-0.5,7.5,0,9.4,15.1,33592.8
Pakistan,14-12-2005,15.1,-1.3,7.3,0,10,22,33568.97
Pakistan,15-12-2005,14.2,-2.1,6.6,0,10.1,16.9,33516.8
Pakistan,16-12-2005,14.7,-1.1,6.8,0,9.4,18.7,33418.7
Pakistan,17-12-2005,15.2,-1.5,7.2,0,9.8,17.3,33515.77
Pakistan,18-12-2005,15,-0.4,7.6,0,9.4,15.8,33428.55
Pakistan,19-12-2005,14.7,0.3,7.7,0,9.4,14.8,33250.11
Pakistan,20-12-2005,14,1.6,7.6,0,8.2,16.2,32898.09
Pakistan,21-12-2005,14,0.2,7.5,0,8.7,15.1,33189.37
Pakistan,22-12-2005,13.6,-0.8,7.2,0,9,17.6,33184.72
Pakistan,23-12-2005,13.5,-1.4,6.7,0,9.1,20.9,33087.25
Pakistan,24-12-2005,14.1,-0.4,7.4,0,9.2,18.4,33162.22
Pakistan,25-12-2005,16.7,2.5,9.6,0,8.9,20.5,32985.3
Pakistan,26-12-2005,18.9,4.8,11.8,0,12.6,24.8,32896.16
Pakistan,27-12-2005,17.2,4.7,11.5,0,9.4,18.7,32570.43
Pakistan,28-12-2005,16.4,4.5,10.3,0,13.2,28.4,33047.5
Pakistan,29-12-2005,14.2,-1.3,7.2,0,9.8,18.4,32955.62
Pakistan,30-12-2005,12.7,-3.4,5.6,0,11.9,26.6,32949
Pakistan,31-12-2005,10.8,0.8,5.7,2.2,11,24.1,18120.86
Pakistan,01-01-2006,7.8,1.3,4.9,3.8,18.2,40,32715.61
Pakistan,02-01-2006,7.5,-2.5,2.1,0,18,36.7,32988.74
Pakistan,03-01-2006,6.5,-4.9,-0.1,0,21.3,41,33015.98
Pakistan,04-01-2006,7.7,-7,0.1,0,13.2,28.4,33047.68
Pakistan,05-01-2006,8.4,-6,0.9,0,16.4,33.8,33181.07
Pakistan,06-01-2006,8.6,-6.7,0.7,0,16.1,32.8,33249.89
Pakistan,07-01-2006,10.8,-8.7,0.6,0,10.2,18.4,33262.83
Pakistan,08-01-2006,12.2,-6.2,3.2,0,10.4,16.9,32916.31
Pakistan,09-01-2006,12.4,-0.4,5.8,0,8.6,17.6,28707.28
Pakistan,10-01-2006,13.9,-1.1,6.4,0,9,14.4,33230.69
Pakistan,11-01-2006,15,-0.6,7.1,0,9.4,15.5,33471.41
Pakistan,12-01-2006,15.5,-1,7.7,0,9.7,19.4,33492.93
Pakistan,13-01-2006,16.3,3.1,9.7,0,13.2,27.7,33525.01
Pakistan,14-01-2006,16.5,2.8,10,0.1,19.8,40,33245.32
Pakistan,15-01-2006,13.4,5.4,9.4,2.4,18.1,51.1,12717.13
Pakistan,16-01-2006,13.7,5.7,9.6,0.5,16.3,40.3,32945.63
Pakistan,17-01-2006,11.4,3.6,7.4,0,22.4,45.4,29587.14
Pakistan,18-01-2006,11.1,-1.2,5.5,0,8.2,23,32449.04
Pakistan,19-01-2006,9,-0.7,4.5,1.8,14.5,32.4,33113.63
Pakistan,20-01-2006,9.3,0,5,0.1,10.6,25.2,33636.75
Pakistan,21-01-2006,9.3,-0.5,4.4,0,10.7,22.7,33037.48
Pakistan,22-01-2006,10.1,2.2,6,0.3,18.1,36.4,33748.91
Pakistan,23-01-2006,11.1,-1.5,5.3,0,15,32,34602.68
Pakistan,24-01-2006,11.8,-2,5.4,0,9.5,23.4,34192.8
Pakistan,25-01-2006,16.2,0.1,8.7,0,12,27,34814.78
Pakistan,26-01-2006,16.4,0.7,9,0,12.7,25.9,34534.73
Pakistan,27-01-2006,16.5,5.6,10.8,0,15.8,33.5,34171.75
Pakistan,28-01-2006,16.5,5.9,11,0,18.2,36.7,34226.67
Pakistan,29-01-2006,15.5,3.4,9.6,0,12.1,25.6,28092.48
Pakistan,30-01-2006,17.2,4,10.9,0,15,33.1,33606.98
Pakistan,31-01-2006,17.5,4.1,11.5,0,15.6,31.7,35457.33
Pakistan,01-02-2006,17.5,4.3,11.7,0,10.6,21.2,34978.29
Pakistan,02-02-2006,18.3,4.2,11.5,0,10.1,21.6,35730.08
Pakistan,03-02-2006,19.5,2.4,11.9,0,10.8,24.8,35909.22
Pakistan,04-02-2006,21.7,4.1,13.6,0,10.5,23,36007.77
Pakistan,05-02-2006,21.9,6.1,14.4,0,9.1,18.7,32638.21
Pakistan,06-02-2006,20.6,7.1,14.2,0,9,19.1,32021.03
Pakistan,07-02-2006,20.4,6.1,13.4,0,8,15.5,35212.04
Pakistan,08-02-2006,20.3,5.7,13.6,0,8.7,18.7,36412.57
Pakistan,09-02-2006,19.9,5,13.1,0,11,24.5,36515.84
Pakistan,10-02-2006,21.4,7.6,14.8,0,12.6,25.9,36619.69
Pakistan,11-02-2006,24.7,8.8,16.8,0,14.3,26.6,34131.12
Pakistan,12-02-2006,23.4,9.5,16.9,0,14.4,29.9,36828.75
Pakistan,13-02-2006,21,10.3,16,0,11,24.5,24618.34
Pakistan,14-02-2006,20.5,9.9,15.3,0,14.9,32.4,36339.31
Pakistan,15-02-2006,22.6,9.9,16.1,0,18.7,37.1,37144.13
Pakistan,16-02-2006,20.5,8.7,15.7,0,18.2,35.6,34948.96
Pakistan,17-02-2006,19.9,9.4,14.8,0,18.2,36.4,25137.95
Pakistan,18-02-2006,21.3,10.1,15.8,0,12.4,27,35882.31
Pakistan,19-02-2006,22.3,12.7,17.1,0.2,21.8,49.3,29165.26
Pakistan,20-02-2006,21.4,7.3,15.4,0,11.7,24.5,37680.14
Pakistan,21-02-2006,20.1,10.8,15.6,0.5,15.3,34.2,32303.75
Pakistan,22-02-2006,18.1,10.4,13.6,4.8,14.3,42.8,21463.38
Pakistan,23-02-2006,17.7,7.2,12.5,0,15,34.9,27960.8
Pakistan,24-02-2006,15.9,10.1,12.3,7,19.5,52.6,23665.16
Pakistan,25-02-2006,14.4,7.9,11.3,8.1,10.1,32,15267.29
Pakistan,26-02-2006,16.8,3.5,10.3,0,16,32,38349.27
Pakistan,27-02-2006,17.4,2.5,10.5,0,8.9,20.2,38462.18
Pakistan,28-02-2006,18.8,3.6,12.2,0,9.2,20.5,38575.24
Pakistan,01-03-2006,19.7,5.1,13,0,10.5,24.5,38688.36
Pakistan,02-03-2006,20.1,5.4,13.7,0,10.1,24.8,38801.43
Pakistan,03-03-2006,19.9,4.4,12.9,0,17.6,37.4,38914.38
Pakistan,04-03-2006,19.9,7.1,13.2,0,18.8,38.5,37859.3
Pakistan,05-03-2006,19,6.9,12.8,0.2,13.7,30.6,39097.88
Pakistan,06-03-2006,19.5,6,12.7,0.8,20,46.8,39166.98
Pakistan,07-03-2006,17.6,5.8,11.1,3.6,15.6,36,32472.15
Pakistan,08-03-2006,16.8,7.1,11.4,1.6,12,31.7,30654.46
Pakistan,09-03-2006,18,6.3,12.2,0.4,17.5,38.5,39374.3
Pakistan,10-03-2006,19.6,5.1,12.9,0,10.1,24.1,39444.7
Pakistan,11-03-2006,21.1,7.7,14.7,0,13.2,25.6,39515.96
Pakistan,12-03-2006,20.9,10.9,15.5,0.6,16.9,35.6,33082.49
Pakistan,13-03-2006,20.3,9.7,15.2,0,16.5,32.8,39600
Pakistan,14-03-2006,18.6,4.6,12.3,0,15.3,29.2,39600
Pakistan,15-03-2006,18.7,4.3,12,0,15.8,31,39600
Pakistan,16-03-2006,18.7,4.6,12.8,0,17.3,32.8,39600
Pakistan,17-03-2006,19.6,4.7,13.5,0,20,40.7,39600
Pakistan,18-03-2006,20.6,10.7,15.4,0.5,25.6,50.4,38338.7
Pakistan,19-03-2006,18.5,10.9,14.9,2.7,9.4,36.4,29682.62
Pakistan,20-03-2006,20,10.7,14.6,9.4,18.4,37.8,36803.98
Pakistan,21-03-2006,20.7,8.5,14.5,0,13.8,27,39646.24
Pakistan,22-03-2006,22.1,10.7,16.3,0,15.9,38.2,39617.82
Pakistan,23-03-2006,21.6,9.2,14.9,1.3,17,31,27204.85
Pakistan,24-03-2006,19.7,9.6,14.1,0.6,10.8,28.8,34988.75
Pakistan,25-03-2006,14.9,9,11.5,5.5,15.9,39.6,34276.09
Pakistan,26-03-2006,19.3,7.1,12.7,0,18.4,38.2,40122.15
Pakistan,27-03-2006,20.2,7.1,13.5,0,16,34.2,40062
Pakistan,28-03-2006,21.6,6.1,14.5,0,11.5,24.5,40307.21
Pakistan,29-03-2006,24.7,9.1,17.3,0,14.9,29.2,40486.82
Pakistan,30-03-2006,27.2,11.1,19.8,0,20.3,38.9,40002.73
Pakistan,31-03-2006,26.8,13.5,21,0.1,25.4,50.8,40408.03
Pakistan,01-04-2006,25.3,11.5,19.1,0,20.4,39.6,40907.26
Pakistan,02-04-2006,25.6,10.3,19,0,15.1,30.6,41134.95
Pakistan,03-04-2006,26.5,13.9,20.5,0,19.7,34.9,39493.05
Pakistan,04-04-2006,28.6,12.9,21.8,0,22,43.6,39999.74
Pakistan,05-04-2006,29.3,14.4,22.9,0,17.1,36,41738.97
Pakistan,06-04-2006,29.8,14.3,23.1,0,12.3,28.4,42093.95
Pakistan,07-04-2006,31.2,14.9,24.2,0,23,42.8,37509.21
Pakistan,08-04-2006,31.1,17.6,24.7,0,29,53.3,30022.07
Pakistan,09-04-2006,24.2,15.8,19.6,0.9,32.8,64.1,41732.09
Pakistan,10-04-2006,27.2,11.3,19.3,0,25.9,51.5,39600.43
Pakistan,11-04-2006,23.6,8.5,17.1,0,17.7,36.7,42882.47
Pakistan,12-04-2006,23.7,8.5,17.5,0,19.4,34.9,42961.11
Pakistan,13-04-2006,24.1,8,17.3,0,20.2,41,29138.42
Pakistan,14-04-2006,24.8,10.5,18.2,0,20.8,42.5,32552.04
Pakistan,15-04-2006,25,9.1,18.2,0,12.6,33.8,42023.71
Pakistan,16-04-2006,24.8,10.4,18.3,0,21.6,43.6,40739.79
Pakistan,17-04-2006,24.5,9.5,18,0,18.2,36.4,43445.27
Pakistan,18-04-2006,27.2,12.8,20.5,0,19,36.7,43857.56
Pakistan,19-04-2006,28.3,12.4,21.6,0,12.3,25.9,42858.54
Pakistan,20-04-2006,27.5,13.7,21.2,0.8,20.5,37.4,35001.33
Pakistan,21-04-2006,28.8,15.5,22.6,0,18.4,40.7,42269.86
Pakistan,22-04-2006,30.2,16.2,23.5,0,18.8,36.4,44306.71
Pakistan,23-04-2006,31.4,15.3,24.1,0,12,27,44346.63
Pakistan,24-04-2006,32,14.2,24.5,0,16.6,36,43808.95
Pakistan,25-04-2006,33,18.9,26.2,0,17.8,34.2,43503.3
Pakistan,26-04-2006,33.5,21,27.4,0.1,13.1,34.6,42854.24
Pakistan,27-04-2006,34.3,20.3,27.9,0,10.7,30.6,42747.92
Pakistan,28-04-2006,34.2,21.9,28.3,0,18.9,35.6,44441.63
Pakistan,29-04-2006,31.5,19.9,25.7,0.4,20.7,49.7,37817.65
Pakistan,30-04-2006,31.9,17.3,25,0,23.7,49.3,39312.55
Pakistan,01-05-2006,31.9,20,25.2,0.3,19.7,46.8,39584.74
Pakistan,02-05-2006,30.2,16.6,24.8,0.2,16.9,37.1,44952.44
Pakistan,03-05-2006,32.9,18.4,26.3,0,15.3,30.6,45322.16
Pakistan,04-05-2006,35.1,18.9,27.8,0,21.6,43.2,45407.86
Pakistan,05-05-2006,36.7,20.8,29.5,0,12.2,27.7,45492.09
Pakistan,06-05-2006,37.4,19.2,30.1,0,19,33.8,44075.59
Pakistan,07-05-2006,37.1,23.4,30.8,0.1,17.2,32,45458.32
Pakistan,08-05-2006,37.6,21.7,30.5,0,21.8,38.2,44631.95
Pakistan,09-05-2006,35.4,20.5,28,0,25,45,39568.11
Pakistan,10-05-2006,35,22.3,28.5,0.1,15.6,39.6,45064.09
Pakistan,11-05-2006,37.4,22.2,30.1,0,16.8,43.2,45747.59
Pakistan,12-05-2006,37.2,20.5,30.6,0,17.4,29.5,45784.56
Pakistan,13-05-2006,37.9,23.3,31.3,0,21.4,42.8,45518.1
Pakistan,14-05-2006,37.5,23.4,30.6,0,25.8,50.8,39767.34
Pakistan,15-05-2006,36.7,23.6,29.9,0,26.1,43.6,43619.29
Pakistan,16-05-2006,35.8,23.2,29.1,0,24.6,44.3,41518.27
Pakistan,17-05-2006,31.6,21.5,26,2.1,18.7,43.6,34718.26
Pakistan,18-05-2006,31.9,19.7,25.6,1.8,20.1,41.8,44639.94
Pakistan,19-05-2006,33,21.1,27,0,16.1,37.1,46040.36
Pakistan,20-05-2006,33.8,19.8,27.6,0,17.9,38.2,46075.88
Pakistan,21-05-2006,34.2,20.3,27.4,0,21.5,45.4,46110.99
Pakistan,22-05-2006,36.1,22.1,28.3,0,25.3,48.6,46145.64
Pakistan,23-05-2006,35.6,20.5,27.3,1.9,25,51.5,46059.79
Pakistan,24-05-2006,34,20.7,27,2.8,27.2,47.5,41843.95
Pakistan,25-05-2006,35.6,21.4,28.1,0,28.4,59.8,46246.29
Pakistan,26-05-2006,38.2,19.7,30.1,0,21.7,41.8,46278.57
Pakistan,27-05-2006,38.8,22.8,31.7,0,20.9,45.7,46310.25
Pakistan,28-05-2006,37.8,22.6,31.1,0,30.8,59,46341.86
Pakistan,29-05-2006,35.7,22.4,29.7,0,16.2,36.7,46373.38
Pakistan,30-05-2006,35.9,19.4,29.3,0,19.8,36.7,46404.75
Pakistan,31-05-2006,35.9,23.6,30,0,15.6,31.7,46435.87
Pakistan,01-06-2006,33.8,20.9,27.3,0.2,22.8,55.8,44659.7
Pakistan,02-06-2006,33.9,22,27.7,0,17.9,41.8,46497.11
Pakistan,03-06-2006,33.2,22,26.4,0.2,27.6,54.4,40729.07
Pakistan,04-06-2006,32,18,24.5,0.9,21.6,42.1,45646.28
Pakistan,05-06-2006,30.9,16.9,24,1,14.3,33.8,44132.31
Pakistan,06-06-2006,31.1,19,25,0,21.3,43.6,46613.48
Pakistan,07-06-2006,32.1,20,26.1,0,14,38.5,46640.86
Pakistan,08-06-2006,32.9,19.7,27,0,20.9,40.7,46667.4
Pakistan,09-06-2006,33.8,20,27.7,0,18.5,36.4,46693.04
Pakistan,10-06-2006,35.4,20.5,28.4,0,15.3,35.3,46717.69
Pakistan,11-06-2006,35.7,21.3,29,0,20.1,41,46741.28
Pakistan,12-06-2006,35.2,21.2,28.8,0,19.8,40.7,46763.74
Pakistan,13-06-2006,33.8,20.2,28.1,0,15.6,32.8,46785
Pakistan,14-06-2006,34.6,22,28.1,0,17,41.4,46800
Pakistan,15-06-2006,35.4,21.4,28.6,0,20.4,42.1,46800
Pakistan,16-06-2006,34.9,22.7,28.2,0.2,26.5,53.3,46800
Pakistan,17-06-2006,30.7,21,24.1,13.2,19.2,42.1,37322.37
Pakistan,18-06-2006,29.1,20.3,24,0.4,19.7,44.6,46154.86
Pakistan,19-06-2006,29,17.7,23.3,1.2,12.2,30.2,44385.93
Pakistan,20-06-2006,30.6,20.2,25,0.1,14.1,30.6,46800
Pakistan,21-06-2006,32.1,20.8,26.6,0,12.5,23.8,46800
Pakistan,22-06-2006,34.1,21.2,28,0.3,13.2,27,44839.48
Pakistan,23-06-2006,34.8,21.6,28.9,0.1,14.2,30.2,46295.44
Pakistan,24-06-2006,35.4,22.3,30.2,0.1,10.5,20.9,46800
Pakistan,25-06-2006,35.5,23.6,30.5,0.1,11.2,28.4,45291.14
Pakistan,26-06-2006,35.5,24.6,29.3,0.4,17.7,42.1,44957.11
Pakistan,27-06-2006,35,23.8,29.2,0.3,16.9,40.7,46800
Pakistan,28-06-2006,32.7,23.6,28.1,0.7,24.3,49,46800
Pakistan,29-06-2006,35.8,23.4,29,0,22.6,50,46800
Pakistan,30-06-2006,33.1,24.1,27.7,1.7,21.8,47.2,46800
Pakistan,01-07-2006,34.7,22.8,28.3,0.5,19.8,35.6,46692.21
Pakistan,02-07-2006,37.3,23.4,29.3,1.4,23.8,45.4,46800
Pakistan,03-07-2006,34.6,23.8,28.8,0.6,17.8,42.8,43975.2
Pakistan,04-07-2006,35.2,23.5,28.3,3.5,17.4,40.3,45890.77
Pakistan,05-07-2006,31.3,23.4,26.8,4.2,15,31.7,35571.43
Pakistan,06-07-2006,31.6,22.7,26.8,2.6,10.4,23.4,39406.72
Pakistan,07-07-2006,34.4,23.8,29.1,0,19.1,37.1,46232.07
Pakistan,08-07-2006,37,23.8,30.5,0.1,20.3,41.8,46800
Pakistan,09-07-2006,39.7,25.1,31.9,0,19.4,41.8,46800
Pakistan,10-07-2006,36.7,25.4,30.1,0.7,22.9,42.1,46269.89
Pakistan,11-07-2006,35.9,23.6,29.5,1.1,18.9,34.6,44820.49
Pakistan,12-07-2006,36.3,24.2,29.2,0.1,27.3,51.5,46800
Pakistan,13-07-2006,36,23.6,29.5,0,23.3,53.6,46800
Pakistan,14-07-2006,30.6,22.6,25.4,0.9,17.1,35.6,38359.2
Pakistan,15-07-2006,32.5,21.1,26.6,0,16.7,32.4,46800
Pakistan,16-07-2006,34.8,21.8,28.5,0,18.7,36.7,46800
Pakistan,17-07-2006,35.1,22.7,29.1,0,21.4,41.4,46800
Pakistan,18-07-2006,36.9,21.8,29.6,0,20.6,43.2,46799.71
Pakistan,19-07-2006,36.5,23.4,30.1,0,17.3,36.7,46776.39
Pakistan,20-07-2006,35.4,23.9,30,0,18.5,35.6,46751.74
Pakistan,21-07-2006,34.3,23.3,28.3,1.7,17.6,39.2,45944.58
Pakistan,22-07-2006,31.9,23.2,27.6,0,13.4,29.9,46698.41
Pakistan,23-07-2006,32.4,23.4,28,1.3,12.1,29.2,43892.86
Pakistan,24-07-2006,32.2,24.1,27.8,1,15.8,30.6,45042.98
Pakistan,25-07-2006,31,22.9,26.6,2.3,19.6,42.8,40277.11
Pakistan,26-07-2006,33.3,23.2,27.8,0.5,18.3,38.5,43573.71
Pakistan,27-07-2006,33.4,24,27.8,1,20.4,42.1,44218.47
Pakistan,28-07-2006,32.6,23.5,27.1,0.9,18.3,37.8,43860.49
Pakistan,29-07-2006,29.1,22.4,24.9,3.3,15.1,28.4,31183.44
Pakistan,30-07-2006,29.4,21.2,25,0.8,18.4,37.8,43072.11
Pakistan,31-07-2006,30.3,21.2,25.8,0,17.1,34.9,43858.87
Pakistan,01-08-2006,31,22.2,26.9,0,13,30.6,43031.56
Pakistan,02-08-2006,31.7,23,27.1,0.5,21.5,41.8,45122.44
Pakistan,03-08-2006,32.1,22.6,26.5,0,16,31.3,43834.88
Pakistan,04-08-2006,31.1,22.4,25.7,6.4,16.9,38.2,34356.16
Pakistan,05-08-2006,26.9,22.2,24,4.9,12.6,27.4,6140.77
Pakistan,06-08-2006,24.1,20.7,22.1,46.2,6.6,14,10271.03
Pakistan,07-08-2006,25.6,20.4,22.3,15.6,13.3,32,25808.24
Pakistan,08-08-2006,26,19.8,22.4,3.7,9.7,23,40075.95
Pakistan,09-08-2006,27,19.7,22.9,2.4,10.7,24.5,35610.32
Pakistan,10-08-2006,27.9,19.6,23.1,3,14.3,28.8,39263.77
Pakistan,11-08-2006,28.1,19.3,23.8,0.2,11.2,25.6,43943.36
Pakistan,12-08-2006,29.1,19.8,24.5,0.1,12.4,24.1,42505.62
Pakistan,13-08-2006,27.7,20.9,24.3,1.4,12.4,31.7,43918.97
Pakistan,14-08-2006,28.7,21,24.7,0,12.8,27.4,43561.65
Pakistan,15-08-2006,28.6,21.4,24.4,0.5,13.4,30.2,42127
Pakistan,16-08-2006,28.4,20.6,23.7,5,12.9,32,36867.79
Pakistan,17-08-2006,28.5,20.1,24,0,10.6,24.5,41005.4
Pakistan,18-08-2006,27.7,20.9,24,0.7,13.4,26.6,23707.95
Pakistan,19-08-2006,29.4,19.9,24.9,0.1,12,23.4,43012.09
Pakistan,20-08-2006,29.9,20.7,24.8,2.4,11.9,28.4,38291.04
Pakistan,21-08-2006,28.2,21.4,23.9,8.6,14.9,35.3,35424.77
Pakistan,22-08-2006,27.8,20.4,23.6,1.3,15,32,39871.99
Pakistan,23-08-2006,27.5,20.5,23.2,5,16.3,32.8,31980.82
Pakistan,24-08-2006,28,19.2,23.1,0.4,12.7,32.4,41135.07
Pakistan,25-08-2006,29,21,24,1.9,13.3,32,38058.39
Pakistan,26-08-2006,30.7,21.3,25,0,15.1,35.3,40263.59
Pakistan,27-08-2006,31.8,20.8,25.3,0,18.9,38.9,40318.69
Pakistan,28-08-2006,29.4,21.2,24.2,0.9,19.1,38.9,39330.69
Pakistan,29-08-2006,28.4,20.4,23.2,0,21.1,42.1,39180.46
Pakistan,30-08-2006,28.2,19.5,22.5,2.9,17.4,38.2,38895.84
Pakistan,31-08-2006,28,19.2,22,4.4,11.9,31.3,36257.09
Pakistan,01-09-2006,27.8,19.2,22.4,0,15.1,31.7,39278.66
Pakistan,02-09-2006,27.5,19,22.6,0.5,18.1,42.1,38551.33
Pakistan,03-09-2006,25.6,19.9,22,0.5,18.9,38.5,30306.04
Pakistan,04-09-2006,27.3,19.2,22.1,0.5,14.6,32.8,35910.54
Pakistan,05-09-2006,28.1,16.4,22.7,0,12.5,23.8,40835.7
Pakistan,06-09-2006,30.2,17,23.8,0,12,22,40832.68
Pakistan,07-09-2006,30.3,16.7,23.9,0,15.9,29.2,40704.32
Pakistan,08-09-2006,29.9,18.2,24,0.6,16.8,35.3,39992.43
Pakistan,09-09-2006,29.2,18.9,24.3,0.5,12.6,25.9,39961.7
Pakistan,10-09-2006,30.9,20.5,25.2,0,14.4,28.8,39600
Pakistan,11-09-2006,32.9,19.8,25.5,0,18.8,37.8,39098.08
Pakistan,12-09-2006,32.3,20.1,25.6,0,17.9,33.8,39972.87
Pakistan,13-09-2006,30.7,19.3,24.7,0,16.5,34.6,40213.23
Pakistan,14-09-2006,28.8,18.9,22.9,1.6,15.9,37.1,39214.46
Pakistan,15-09-2006,28.2,18.9,22.6,1.3,14.7,28.8,38409.3
Pakistan,16-09-2006,28.3,17.4,23.2,0,12.3,24.1,39870.82
Pakistan,17-09-2006,31.2,18.1,24.7,0,12.6,26.6,40102.21
Pakistan,18-09-2006,31.6,18.1,25.5,0,14.3,28.4,40216.04
Pakistan,19-09-2006,31.5,20.2,25.8,0,19.1,36,40104.78
Pakistan,20-09-2006,31.5,18.5,25.2,0,17.6,39.2,40061.52
Pakistan,21-09-2006,30,20,24.4,0,19,36.4,39878.25
Pakistan,22-09-2006,28.7,14.3,22.5,0,12,23.8,40019.35
Pakistan,23-09-2006,28.3,13.6,21.4,0,14.1,31,39837.95
Pakistan,24-09-2006,29,16.8,23,0,15,29.5,39763.85
Pakistan,25-09-2006,29.1,16.5,23,0,16.6,32.4,39586.21
Pakistan,26-09-2006,29,18,22.8,0,20.2,36,39410.77
Pakistan,27-09-2006,28.9,15.7,22.6,0,16.9,32.8,39337.48
Pakistan,28-09-2006,28.6,16.3,22.9,0,16.4,31.7,37739.88
Pakistan,29-09-2006,29.3,17.2,23.5,0.1,14.1,25.6,38342.23
Pakistan,30-09-2006,29,16.8,23.2,1.1,14.4,28.8,39019.61
Pakistan,01-10-2006,29.3,16.1,22.9,0,13.6,28.1,38853.03
Pakistan,02-10-2006,31.2,16.2,24.2,0,16.2,29.9,38781.17
Pakistan,03-10-2006,31.7,14.6,24.2,0,14,24.8,38798.8
Pakistan,04-10-2006,32.1,15.2,24.4,0,14.5,27,38637.25
Pakistan,05-10-2006,33,14.1,24.3,0,15.5,31.3,38565.35
Pakistan,06-10-2006,32.2,14.5,24.1,0,13.4,26.3,38493.57
Pakistan,07-10-2006,31.3,14.7,24.2,0,16.1,31.3,38340.31
Pakistan,08-10-2006,30.8,17.6,24.1,0,15.5,28.1,38271.18
Pakistan,09-10-2006,29.1,16.4,23.1,0,14.7,29.2,38132.75
Pakistan,10-10-2006,28.9,16.3,22.9,0,13.8,27.4,38061.06
Pakistan,11-10-2006,29.9,17.3,23.3,0,15.1,29.5,37994.01
Pakistan,12-10-2006,30.4,15.4,23.1,0,18.4,31.3,37929.52
Pakistan,13-10-2006,28.3,16.4,21.8,0,23.3,38.2,37362.93
Pakistan,14-10-2006,25.8,14.8,19.8,0,17.4,37.8,36632.83
Pakistan,15-10-2006,27.3,15,20.8,0.9,20.5,38.9,37093.12
Pakistan,16-10-2006,27.4,15.7,21.3,0,18.7,35.6,37082.64
Pakistan,17-10-2006,29.9,14.8,22.1,0.3,20.9,38.5,36303.73
Pakistan,18-10-2006,29.4,16.6,22.4,0,18.7,34.9,36950.19
Pakistan,19-10-2006,27.2,11.5,20.2,0,14.5,27.7,36729.88
Pakistan,20-10-2006,24.2,12.4,18.3,0,17.2,28.4,36418.62
Pakistan,21-10-2006,22.8,15.7,18.3,0.3,15.8,32.8,34442.31
Pakistan,22-10-2006,23,12.5,17.6,0,15,28.8,30816.9
Pakistan,23-10-2006,23,13.4,18,0,15,28.8,36046.1
Pakistan,24-10-2006,23.5,14.6,18.3,0,19.7,40.7,36000
Pakistan,25-10-2006,23.9,13.1,18.5,0.5,17.9,38.2,36000
Pakistan,26-10-2006,24.7,13.9,18.7,0.1,20.8,39.2,36069.11
Pakistan,27-10-2006,25,12,17.8,0,18.8,40.3,36153.16
Pakistan,28-10-2006,24,9.7,17.5,0,16,29.2,36004.59
Pakistan,29-10-2006,23.8,11.4,18.1,0,13.3,27.4,36011.82
Pakistan,30-10-2006,25.8,13.2,19.2,0,15.6,31,36018.09
Pakistan,31-10-2006,26,12,19.4,0,11.7,20.9,36058.22
Pakistan,01-11-2006,23.6,10.9,17.9,0,9.7,20.5,35921.8
Pakistan,02-11-2006,22.1,11,17,0,11.3,22,35872.6
Pakistan,03-11-2006,22.3,10.1,16.8,0.2,8.1,16.2,35823.12
Pakistan,04-11-2006,23.8,12.1,18,0,13.2,23.8,35773.09
Pakistan,05-11-2006,24.5,11.3,18.1,0,13.1,24.8,35722.42
Pakistan,06-11-2006,25.2,12.3,18.7,0,11.6,27,35671.12
Pakistan,07-11-2006,23.7,11,17.8,0,10.1,19.1,35619.28
Pakistan,08-11-2006,23.3,11.8,17.4,0,12.6,24.8,35566.95
Pakistan,09-11-2006,22.3,11.2,17.2,0,15.9,32,35514.18
Pakistan,10-11-2006,21.6,13.8,17.3,0,19.7,37.1,35461.06
Pakistan,11-11-2006,21.4,14.1,17.1,0.2,19.1,42.8,30554.61
Pakistan,12-11-2006,18.9,12.9,14.8,3.1,13.2,33.5,35353.95
Pakistan,13-11-2006,19.5,8.9,14.3,0,12.2,24.5,35300.1
Pakistan,14-11-2006,18.9,10.9,14.6,0.2,16.6,29.5,33895.93
Pakistan,15-11-2006,16.1,11,13.1,1.4,14.2,34.2,18678.01
Pakistan,16-11-2006,15.6,11.2,12.7,8,16.6,35.6,22960.62
Pakistan,17-11-2006,15.3,10.9,12.6,5.7,10.5,29.2,28230.57
Pakistan,18-11-2006,15.2,10.6,12.4,0,11.5,21.6,23718.27
Pakistan,19-11-2006,14.1,9.3,11.4,10.1,11.7,25.9,29734.6
Pakistan,20-11-2006,16.6,9.4,12.3,0,11.4,24.1,33273.58
Pakistan,21-11-2006,16.5,8.7,11.9,2.4,10.6,29.9,28718.15
Pakistan,22-11-2006,15.7,5.8,10.2,0,18.1,36.4,34689.29
Pakistan,23-11-2006,13.9,1.5,8.1,0,14.2,29.5,34616.92
Pakistan,24-11-2006,13.2,-0.8,7.1,0,8.6,16.6,34546.38
Pakistan,25-11-2006,13.8,2.2,8.1,0,8.5,20.5,34477.34
Pakistan,26-11-2006,14.6,1.9,8.4,0,15.1,31.3,34409.89
Pakistan,27-11-2006,13.7,5.1,9,0,11.2,21.6,32111.63
Pakistan,28-11-2006,13,0.7,7.4,0,11.6,24.8,34280.11
Pakistan,29-11-2006,13.1,3.8,8.9,0,10.5,18.4,34217.98
Pakistan,30-11-2006,12.6,3.3,7.8,1,11.8,27.7,33522.02
Pakistan,01-12-2006,13.6,3.6,8.8,0,15.5,31.3,34099.68
Pakistan,02-12-2006,12.6,5.4,9,0,18.1,36,9847.19
Pakistan,03-12-2006,10.8,7.1,8.6,10.3,18.6,36,3600
Pakistan,04-12-2006,9.4,6.1,7.3,18.4,16.2,34.6,0
Pakistan,05-12-2006,9.1,1,5,0.4,21.5,42.8,33889.67
Pakistan,06-12-2006,9.8,-3.7,3.4,0,9.1,22.7,33843.28
Pakistan,07-12-2006,11.4,-3.3,4,0,9.2,20.5,33799.51
Pakistan,08-12-2006,12.3,-4.1,4.8,0,9.9,18.7,33758.47
Pakistan,09-12-2006,12.7,-0.5,6.2,0,9.4,16.6,33720.28
Pakistan,10-12-2006,11.5,1.3,6.2,0,23.7,46.8,33684.99
Pakistan,11-12-2006,10.6,0.7,5.2,0,13.6,29.2,33652.73
Pakistan,12-12-2006,11.2,0.9,6,0,9.2,20.9,33623.58
Pakistan,13-12-2006,13.9,4.2,8.6,0,6.5,15.8,31011.79
Pakistan,14-12-2006,14.7,2.4,8.8,0,8.8,17.6,33307.25
Pakistan,15-12-2006,14.8,4.9,9.7,0,7.8,18.7,32802.95
Pakistan,16-12-2006,14.8,1.6,8.3,0,12.5,26.6,33316.66
Pakistan,17-12-2006,16.3,0.9,8.6,0,10.2,22,33421.58
Pakistan,18-12-2006,17.1,0.5,9.1,0,9.8,16.6,33332.74
Pakistan,19-12-2006,17.3,2.6,9.8,0,13.7,25.9,33343.2
Pakistan,20-12-2006,13.2,2.5,7.3,2,15.3,28.8,31803.06
Pakistan,21-12-2006,12.6,-1.2,5.9,0,10.3,22,32828.59
Pakistan,22-12-2006,13,-1,6.3,0,9.6,17.6,33187.02
Pakistan,23-12-2006,12.6,0.7,6.8,0,7.7,16.2,32915.84
Pakistan,24-12-2006,11.9,1.3,6.7,0,13.4,24.8,32485.79
Pakistan,25-12-2006,10.9,4,7.1,2.3,16.1,33.8,23694.66
Pakistan,26-12-2006,12.3,3.6,7.8,0,15.4,32,32733.54
Pakistan,27-12-2006,11.6,-1.3,5.2,0,9,21.2,33056.87
Pakistan,28-12-2006,13.7,-1.1,6.5,0,9,18,32962.77
Pakistan,29-12-2006,14.5,1.6,8.1,0,9,19.4,32884.16
Pakistan,30-12-2006,14,3.8,8.4,0,8.7,19.4,32801.5
Pakistan,31-12-2006,12.7,2.9,7.7,0,13.8,29.2,32795.84
Pakistan,01-01-2007,11.1,-1.4,5.4,0,11.7,26.3,32903.68
Pakistan,02-01-2007,9.9,-3.2,3.8,0,8.8,19.8,33017.02
Pakistan,03-01-2007,9.8,-3.4,4,0,12.2,27,32991.04
Pakistan,04-01-2007,9.3,-4,2.8,0,18.1,37.1,32994.95
Pakistan,05-01-2007,9.1,-5.8,1.8,0,13.1,28.1,33124.27
Pakistan,06-01-2007,10,-7.4,2,0,9.4,20.5,33188.79
Pakistan,07-01-2007,10.3,-3.5,3.6,0,9,19.1,32848.73
Pakistan,08-01-2007,11.7,-1,5.7,0,10.5,24.1,32943.05
Pakistan,09-01-2007,12,-1.2,5.7,0,11.6,20.9,33145.8
Pakistan,10-01-2007,12,-0.8,6.3,0,9.9,23.4,33302.72
Pakistan,11-01-2007,12.4,0.6,6,0,13.7,29.2,33392.5
Pakistan,12-01-2007,11.5,-1.4,5.4,0,15.3,32.8,33489.86
Pakistan,13-01-2007,11.4,-0.6,5.2,0,10.9,23.8,33263.92
Pakistan,14-01-2007,13.8,2.9,8,0,13.5,27.7,33373.36
Pakistan,15-01-2007,13.8,1.9,8.1,0,13.5,28.1,33638.83
Pakistan,16-01-2007,14.2,3.4,8.2,0,17,34.9,33935.5
Pakistan,17-01-2007,14,-0.9,6.8,0.2,19.2,37.8,33503.71
Pakistan,18-01-2007,13.7,4.7,8.5,0,19.1,36.4,32537.58
Pakistan,19-01-2007,11.9,-0.9,5.5,0,14,29.9,33842.95
Pakistan,20-01-2007,12.2,-3.2,5.2,0,12,27.7,34395.84
Pakistan,21-01-2007,12.9,-4.3,5.3,0,9.1,19.1,34535.75
Pakistan,22-01-2007,15.6,-0.9,7.8,0,9,18,34518.98
Pakistan,23-01-2007,18,2,10.3,0,9.4,19.8,34581.4
Pakistan,24-01-2007,17.4,4.8,11.2,0,14.1,28.1,34479.43
Pakistan,25-01-2007,14,3.9,8.9,0.2,10.4,27.7,34624.25
Pakistan,26-01-2007,14.8,1.7,8.7,0,11,25.6,34601.06
Pakistan,27-01-2007,16,1.6,9.1,0,8.9,19.1,34924.79
Pakistan,28-01-2007,16.3,2,9.7,0,9.5,19.4,35080.57
Pakistan,29-01-2007,16.6,1.7,10.1,0,10.9,25.2,33589.55
Pakistan,30-01-2007,17.7,2.8,10.8,0,8.7,22,35310.2
Pakistan,31-01-2007,18.3,3.1,11,0,9.4,18,35475.04
Pakistan,01-02-2007,20.1,3.9,12.7,0,8.7,20.5,35643.42
Pakistan,02-02-2007,20.3,5.1,13.1,0,11.3,22.7,35420.26
Pakistan,03-02-2007,17.7,5.3,12,0,13.4,27.7,33379.33
Pakistan,04-02-2007,18.5,8.9,13.2,0,15.2,31.7,34585.43
Pakistan,05-02-2007,18,8.7,12.8,0.7,16.8,40.7,28326.04
Pakistan,06-02-2007,18.4,6.1,12.3,0,14.1,30.6,36108.34
Pakistan,07-02-2007,18.6,5.3,11.7,0,12.3,27.7,36288.68
Pakistan,08-02-2007,15.2,5.5,11,2,19.3,40,15856.34
Pakistan,09-02-2007,12.4,8,10.1,20.3,19.9,45,12662.34
Pakistan,10-02-2007,7.9,5.3,6.9,23.6,16,35.3,5741.18
Pakistan,11-02-2007,12.7,4.6,8.2,0,23.2,44.6,36693.3
Pakistan,12-02-2007,11.4,1.6,6.7,0,11.4,26.6,36795.96
Pakistan,13-02-2007,11.4,1.2,5.8,0,19.4,40.3,36900
Pakistan,14-02-2007,11.3,1.5,6.2,0,9.4,22.7,37005.31
Pakistan,15-02-2007,9.5,0.9,5.8,3.2,13,26.3,36996.52
Pakistan,16-02-2007,11.8,0.3,6.5,0,12.1,25.2,37219.22
Pakistan,17-02-2007,12.4,2,7.6,0.7,16.4,35.3,37327.6
Pakistan,18-02-2007,12,5.8,8.4,13.6,11.9,28.8,30005.35
Pakistan,19-02-2007,13.1,5.2,9,0.7,14.9,27.7,24032.27
Pakistan,20-02-2007,13.4,7.6,9.8,1.9,19.9,39.2,17419.32
Pakistan,21-02-2007,13.8,6.7,9.5,2.8,13.4,34.9,26484.91
Pakistan,22-02-2007,13.6,0.6,7.8,0,10.4,22,37879.45
Pakistan,23-02-2007,14.6,0.6,8.6,0,8.6,19.4,37991.07
Pakistan,24-02-2007,12.8,2.6,8.3,1.1,16.1,37.1,27858.35
Pakistan,25-02-2007,14.5,3,9.2,0,10.2,25.2,38214.82
Pakistan,26-02-2007,13.4,5.1,10.2,1.5,24.5,44.6,15902.25
Pakistan,27-02-2007,14.2,8,10.5,12.3,15,42.1,29677.62
Pakistan,28-02-2007,13.9,3.8,8.7,0,14.6,28.8,38550.19
Pakistan,01-03-2007,15.1,2.1,8.2,0,17.7,37.4,38661.55
Pakistan,02-03-2007,14.7,1.4,8.2,0,12.4,26.3,32937.22
Pakistan,03-03-2007,15.7,6.7,11,0.5,19.6,39.6,38883.14
Pakistan,04-03-2007,16,4.7,10.3,0,16.8,33.5,38993.97
Pakistan,05-03-2007,15.6,3.2,9.3,0,11.1,21.6,39073.52
Pakistan,06-03-2007,18.8,3.2,11.1,0,20.3,40.3,39142.77
Pakistan,07-03-2007,18.5,3.7,11.7,0,12.6,23.8,39212.94
Pakistan,08-03-2007,18.9,6.6,13.1,1.2,23.5,48.2,39283.93
Pakistan,09-03-2007,16.5,3.9,10.9,4.2,12.4,27.7,39355.66
Pakistan,10-03-2007,15.6,4.8,9.9,1.7,17.6,32,32365.54
Pakistan,11-03-2007,11.4,6.5,9,26.5,16.9,39.6,4499.17
Pakistan,12-03-2007,11.8,4.6,7.9,0.9,13,31.3,39574.16
Pakistan,13-03-2007,12.9,1.5,7.1,0,14,31.3,39600
Pakistan,14-03-2007,14.3,2.6,8.5,0,15.9,34.2,39600
Pakistan,15-03-2007,15.8,4.6,10.9,0,18.5,36.7,37868.11
Pakistan,16-03-2007,18.7,7.9,13.3,0,19.2,39.2,36231.16
Pakistan,17-03-2007,20.7,9.1,14.8,0,17.9,36,38314.02
Pakistan,18-03-2007,19.7,10.6,15,0.5,12.2,34.9,20144.95
Pakistan,19-03-2007,16.6,11.1,13.1,20.4,21.6,41.8,13698.8
Pakistan,20-03-2007,17.6,6.6,12.9,0.3,11.9,25.2,39600
Pakistan,21-03-2007,17.2,6.5,12.5,0,13.7,28.4,39622.43
Pakistan,22-03-2007,17.7,5.3,11.7,0,12.3,20.9,39600
Pakistan,23-03-2007,20.3,5.3,12.9,0,14.5,31,39692.54
Pakistan,24-03-2007,21.2,7.8,14.2,0,18.8,41.8,37332.59
Pakistan,25-03-2007,21.5,7.3,15,0,14.5,29.5,39896.96
Pakistan,26-03-2007,22.8,9,16.6,0,14.5,30.6,39903.28
Pakistan,27-03-2007,24.8,9.5,17.7,0,14.1,27.7,40051.06
Pakistan,28-03-2007,26.3,11.8,19.7,0,12.8,24.5,40128.83
Pakistan,29-03-2007,26.3,12.2,20,0,17.3,35.6,39946.98
Pakistan,30-03-2007,26.2,11,19.4,0,18,37.1,40143.53
Pakistan,31-03-2007,25.2,12.1,17.8,6.5,27.1,55.8,38979.72
Pakistan,01-04-2007,19.9,9.3,14.5,1.2,23.9,47.2,40699.82
Pakistan,02-04-2007,21.5,6.6,14,0,13.7,28.8,40902.45
Pakistan,03-04-2007,23.1,7.5,16,0,20.7,41,41456.34
Pakistan,04-04-2007,23.6,13.1,18.4,0.1,15.1,31.3,35275.03
Pakistan,05-04-2007,25.4,12.6,19.4,0,12.5,27,41251.04
Pakistan,06-04-2007,24.9,13.2,19,0,22,45,33410.5
Pakistan,07-04-2007,25.9,10.6,18.8,0,21.2,41.8,40567.32
Pakistan,08-04-2007,26.3,12.6,20.2,0,12.8,30.2,41102.21
Pakistan,09-04-2007,28,13.4,21,0,14.5,31.3,42406.67
Pakistan,10-04-2007,29.7,12.4,22.1,0,12.6,26.3,42582.38
Pakistan,11-04-2007,31,12.9,23.5,0,12.5,24.5,42657.48
Pakistan,12-04-2007,31.3,15,24.4,0,12.9,28.1,42626.98
Pakistan,13-04-2007,31.6,18.1,25.1,0,18.3,32,42592.37
Pakistan,14-04-2007,31.6,18.1,25.2,0,16.2,31,42554.12
Pakistan,15-04-2007,32.5,17.5,25.9,0,16,36,38853.87
Pakistan,16-04-2007,32.4,19.3,25.8,0.9,16.7,40.3,39617.59
Pakistan,17-04-2007,31.6,17,24.2,0,18.5,42.5,40918.75
Pakistan,18-04-2007,31.6,14.6,24.5,0,14.3,33.5,43157.41
Pakistan,19-04-2007,30.4,16.3,23.7,0,17,38.2,40671.78
Pakistan,20-04-2007,30.1,18,23.9,0,18.9,38.9,43757.91
Pakistan,21-04-2007,32.1,17.1,25.1,0,20.7,34.9,43477.69
Pakistan,22-04-2007,32.4,15.2,25.1,0,21.1,44.6,44258.26
Pakistan,23-04-2007,31.2,19.1,25.2,0,23.2,46.8,44383.72
Pakistan,24-04-2007,31.9,18.5,25.4,0,22,45.4,44480.02
Pakistan,25-04-2007,31.7,17.2,24.9,0,15.2,33.5,44575.38
Pakistan,26-04-2007,33.2,15.2,25.8,0,12.4,27.4,44669.77
Pakistan,27-04-2007,33.9,19.1,27,0,14.3,31.3,44763.08
Pakistan,28-04-2007,34.1,17.6,27.3,0,9,22.3,44302.62
Pakistan,29-04-2007,34.5,20.3,28,0,16.6,38.5,42848.45
Pakistan,30-04-2007,34.2,19.3,27.3,0.2,17.6,40.3,40450.8
Pakistan,01-05-2007,34.3,19.4,27.3,0,12.7,40.7,44352.52
Pakistan,02-05-2007,36,21.4,29,0,13.3,32.8,44276.09
Pakistan,03-05-2007,35.6,21.7,29,0,16.1,37.1,43864.99
Pakistan,04-05-2007,33.2,19.1,26,0.7,24.7,56.2,42600.28
Pakistan,05-05-2007,32.3,16.5,25.8,0,18.7,33.8,45466.46
Pakistan,06-05-2007,34.9,18.6,27.7,0,14.3,32.4,45550.17
Pakistan,07-05-2007,35.9,20.6,29.1,0,18.8,34.6,45592.3
Pakistan,08-05-2007,34.4,18.7,28.1,0,21.1,41.8,45629.61
Pakistan,09-05-2007,32.9,18.7,26.7,0,16.6,32.8,45666.92
Pakistan,10-05-2007,33.2,19,26.5,0,19.4,38.9,45704.2
Pakistan,11-05-2007,35.7,19.1,27.5,0,17.7,38.2,45741.4
Pakistan,12-05-2007,35.9,17,28.3,0,17.9,37.1,45778.48
Pakistan,13-05-2007,35.7,17.3,28,0,19.5,36.4,45815.41
Pakistan,14-05-2007,36.5,21.8,29.4,0,21.7,46.1,44795.2
Pakistan,15-05-2007,37.4,21.8,30.4,0,19.1,37.1,45387.04
Pakistan,16-05-2007,36.6,22.5,29.6,0.3,20.1,45,45924.84
Pakistan,17-05-2007,36.2,17.9,28.6,0,19.7,40.3,45960.72
Pakistan,18-05-2007,36.1,22,29.8,0,20.3,42.1,45708.44
Pakistan,19-05-2007,33.4,22.2,28.2,0,20.9,46.1,46031.33
Pakistan,20-05-2007,32.2,21.3,27,0,21.9,42.8,46065.97
Pakistan,21-05-2007,31.7,17.4,25.4,0,16.6,36.4,46038.75
Pakistan,22-05-2007,31.3,17.1,25.3,0,14.8,29.5,46133.83
Pakistan,23-05-2007,31.8,18,25.8,0,14.5,30.6,46167.57
Pakistan,24-05-2007,31.7,19.1,25.7,0,24,45.7,46201.33
Pakistan,25-05-2007,29.1,16.9,24,0,15.3,37.8,46235.04
Pakistan,26-05-2007,28.9,15.1,23.2,0,19.7,33.1,44189.23
Pakistan,27-05-2007,29.6,14.9,23.3,0,20.5,45,46302.02
Pakistan,28-05-2007,29.5,15.9,23.2,2,18,40.3,39445.76
Pakistan,29-05-2007,29,15.2,23.1,0,18.4,36,44501.37
Pakistan,30-05-2007,30.7,18.4,24.7,1.9,22.2,40.3,43321.93
Pakistan,31-05-2007,32.3,20.2,26.4,0,16.5,38.2,46432.28
Pakistan,01-06-2007,34.8,21,28.1,0,23,43.6,46463.65
Pakistan,02-06-2007,34.9,22.6,29.1,0,18.7,38.2,44495.16
Pakistan,03-06-2007,33.3,19.9,27.4,0.3,23.4,43.6,46524.47
Pakistan,04-06-2007,31.9,19.8,26.4,0.2,21.4,45,46553.77
Pakistan,05-06-2007,33.1,20.4,26.7,0,25.8,53.6,46582.24
Pakistan,06-06-2007,35.3,22.4,28.5,0,28,51.5,39940.14
Pakistan,07-06-2007,34.1,25.2,29.3,0,18.4,36,26702.11
Pakistan,08-06-2007,38.3,23,31.5,0,18.4,34.2,46661.94
Pakistan,09-06-2007,40,24.3,33.1,0,18.4,37.8,46686.36
Pakistan,10-06-2007,41,25.8,34.1,0,18.1,41.4,46709.6
Pakistan,11-06-2007,41,25.3,33.8,0,18.6,36.7,46731.73
Pakistan,12-06-2007,39.3,24.5,32.8,0,24.5,44.6,46753.33
Pakistan,13-06-2007,38.4,27,32.3,0,22.3,43.6,46774.42
Pakistan,14-06-2007,39.4,25.3,32.3,0,20.9,38.2,46794.92
Pakistan,15-06-2007,37.8,25.5,30.2,0,25,50,46778.2
Pakistan,16-06-2007,33.2,24.3,28.5,0,27.3,51.5,46800
Pakistan,17-06-2007,34.4,23.4,28.8,0.4,28,48.2,46800
Pakistan,18-06-2007,29,23.3,25.9,5.7,23,47.2,41810.95
Pakistan,19-06-2007,31.8,22.5,26.7,0.1,23.4,49,46380.16
Pakistan,20-06-2007,31.3,22.5,26.1,4,21.7,39.6,46221.91
Pakistan,21-06-2007,29.5,21.4,25.2,0.9,13.7,33.5,43537.8
Pakistan,22-06-2007,31,21.8,26.2,1.2,13.9,31.3,44838.82
Pakistan,23-06-2007,31.5,20.3,26.3,0.4,18.7,40,46800
Pakistan,24-06-2007,31.1,21.4,26.3,0.2,20.5,40.7,46800
Pakistan,25-06-2007,31.4,22,26.7,2.3,21.7,45.4,45775.23
Pakistan,26-06-2007,27.1,22.1,24,11,12.8,37.4,32819.3
Pakistan,27-06-2007,27.3,21.7,23.8,1.8,14.4,33.1,28396.81
Pakistan,28-06-2007,28.4,20.5,23.6,5.4,17.4,37.4,35212.47
Pakistan,29-06-2007,27.3,21.4,23.5,14.5,14.5,31.3,35277.77
Pakistan,30-06-2007,24.5,20.9,22.4,15.1,11.9,24.5,2475.88
Pakistan,01-07-2007,28.2,20.5,24,6.4,13,26.6,41669.04
Pakistan,02-07-2007,28.9,21,24.5,2.8,11.9,25.9,46374.11
Pakistan,03-07-2007,27.7,21,23.9,14.9,11.6,29.5,41621.41
Pakistan,04-07-2007,29.1,19.9,24.4,0.8,9,21.2,46800
Pakistan,05-07-2007,30.9,22.2,26,0,13.9,26.3,43200
Pakistan,06-07-2007,32.4,21.9,26.7,0,10.8,18.7,40436.81
Pakistan,07-07-2007,32.1,23.7,27.3,1.3,13.4,34.9,46800
Pakistan,08-07-2007,29.3,22.6,25,8.8,18.3,35.6,43655.32
Pakistan,09-07-2007,28.4,20.5,23.8,7.2,7.8,20.2,41927.04
Pakistan,10-07-2007,29.5,20.6,25,0,11.2,21.2,46800
Pakistan,11-07-2007,30.4,21.4,25.7,0,10.7,25.2,46800
Pakistan,12-07-2007,31.3,22,26.2,0,18.3,34.2,45693.39
Pakistan,13-07-2007,31.6,22.2,26.8,0,21.4,43.6,46800
Pakistan,14-07-2007,30.5,22.5,26.1,0.9,18.6,40,45591.88
Pakistan,15-07-2007,29.1,20.6,24.1,3.8,17.8,38.2,45212.35
Pakistan,16-07-2007,28.1,20.5,23.9,0.5,15.1,33.8,43347.48
Pakistan,17-07-2007,29.9,19.9,24.4,0.3,19.6,35.6,41648.12
Pakistan,18-07-2007,30.9,21.2,25.4,0.4,19.5,43.2,38179.93
Pakistan,19-07-2007,31.3,21.4,26.1,0,18,42.1,46276.25
Pakistan,20-07-2007,32.5,22.2,26.7,0.3,14.2,32.8,45278.9
Pakistan,21-07-2007,29.9,21.9,25,11.3,15.8,34.6,36969.42
Pakistan,22-07-2007,27.6,21.9,24.1,0.6,15.5,30.6,33297.62
Pakistan,23-07-2007,27.9,21.5,23.9,1.7,17,36.4,40513.46
Pakistan,24-07-2007,29.8,21.2,24.7,0.2,14.2,31.7,45951.78
Pakistan,25-07-2007,31.3,21.5,25.7,0,15.5,32,39415.59
Pakistan,26-07-2007,32,21.5,26.2,0,17.8,36.7,42982.26
Pakistan,27-07-2007,32.9,21.7,26.5,2.1,16.4,34.6,46396.09
Pakistan,28-07-2007,30.4,21.2,25.2,4.2,14.9,38.5,43395.89
Pakistan,29-07-2007,30.8,20.6,25.3,1.5,16.7,37.4,44357.71
Pakistan,30-07-2007,32,21.3,26,0,17.4,35.6,43914.29
Pakistan,31-07-2007,32.8,21.5,26.8,0,19.6,41.4,45635.3
Pakistan,01-08-2007,33.2,21.4,27.2,0,18.8,39.6,46033.21
Pakistan,02-08-2007,32.6,22,26.7,0.6,19.2,37.1,45363.32
Pakistan,03-08-2007,31.8,21.3,26.3,0.5,16.2,40.7,44462.04
Pakistan,04-08-2007,30.8,21.5,25.2,2.5,13.8,33.1,41969.75
Pakistan,05-08-2007,31.3,21.1,25.7,2,13,27.7,44464.66
Pakistan,06-08-2007,30.2,21.2,24.8,2.5,14.6,34.6,43839.8
Pakistan,07-08-2007,30.3,20.7,25.2,0,15.5,28.4,39888.25
Pakistan,08-08-2007,31.9,20.1,26.7,0,9.5,24.1,43912.69
Pakistan,09-08-2007,31,22.1,26.2,3.4,20.6,46.1,44417.96
Pakistan,10-08-2007,30.5,22.5,26,0.5,18.2,37.1,43019.26
Pakistan,11-08-2007,33.6,22.2,27,0,18.9,38.5,43661.6
Pakistan,12-08-2007,35.8,22.9,28.2,0.4,18.3,37.1,39874.52
Pakistan,13-08-2007,35.9,22.5,28.6,0.4,23.4,47.9,43888.8
Pakistan,14-08-2007,34.6,22.2,28.2,0,21.8,43.9,44698.51
Pakistan,15-08-2007,34.7,22,27.5,0,25.1,49.3,44652.07
Pakistan,16-08-2007,35.2,21.8,27.8,0,26.5,53.6,44008.97
Pakistan,17-08-2007,35.3,20.2,27.8,0,25.6,49.3,44284.68
Pakistan,18-08-2007,35.7,20.3,28.3,0,18.6,38.9,44238.8
Pakistan,19-08-2007,34.4,21.5,28.4,0,19.1,36,43663.98
Pakistan,20-08-2007,31.8,22.4,26.1,2.7,16.8,35.6,38666.62
Pakistan,21-08-2007,29.8,21.3,25.1,4.9,13.6,28.8,41017.83
Pakistan,22-08-2007,29.2,21.4,24.8,3.2,16.4,32,40684.75
Pakistan,23-08-2007,29.6,21.5,24.6,1.4,12.6,30.2,34624.66
Pakistan,24-08-2007,31.1,21.2,25.2,0,15.8,31.3,41934.23
Pakistan,25-08-2007,31.9,22.3,26,0.1,17.7,36.7,40528.8
Pakistan,26-08-2007,32.6,22.2,26.2,0.4,17.7,34.2,36505.65
Pakistan,27-08-2007,33.1,21.5,26.6,0,20.6,41,40748.66
Pakistan,28-08-2007,33.5,22.3,26.8,0,20.8,44.6,40758.59
Pakistan,29-08-2007,31.7,21.4,26.2,0.2,20.2,37.1,41037.03
Pakistan,30-08-2007,32.3,21.2,26.1,0,19.8,38.2,39781.2
Pakistan,31-08-2007,32.5,21.7,26.8,0,18.1,37.8,41114.05
Pakistan,01-09-2007,33.4,22.4,27.3,0,20.4,38.9,40978.26
Pakistan,02-09-2007,32.6,22,27,0,17.2,36.4,40974.96
Pakistan,03-09-2007,32,21.4,26.4,0,16,37.1,40712.27
Pakistan,04-09-2007,34,22,27.7,0,23.5,42.8,40839.27
Pakistan,05-09-2007,34.7,22.1,28,0,23,45.7,40964.04
Pakistan,06-09-2007,33.1,21.5,26.3,0,25.2,52.9,40707.04
Pakistan,07-09-2007,27.3,19.4,22.7,3.6,18.5,37.1,37133.3
Pakistan,08-09-2007,28.3,18.9,22.2,1.2,19.6,38.9,38690.62
Pakistan,09-09-2007,29.9,17.6,23.2,0.2,20.9,38.5,40330.34
Pakistan,10-09-2007,31.5,18.7,24.7,0,17.9,37.4,40575.3
Pakistan,11-09-2007,31,19.3,24.2,0,20.6,42.1,40452.44
Pakistan,12-09-2007,31,19.2,24.3,0,18.4,34.6,40331.63
Pakistan,13-09-2007,31.7,20.1,25.4,0,18.2,33.8,40331.7
Pakistan,14-09-2007,32,20,25.6,0,18.1,37.4,40213.94
Pakistan,15-09-2007,32.1,20.7,25.7,0,16.7,34.2,40098.35
Pakistan,16-09-2007,30.2,20.1,23.9,2.8,16.7,37.8,34082.11
Pakistan,17-09-2007,29.1,19.6,23.5,0.2,14.5,32.4,38901.92
Pakistan,18-09-2007,30.5,19.6,24.7,0,14.8,27.7,39990.58
Pakistan,19-09-2007,32.7,19.6,26,0,13.4,27.7,40104.54
Pakistan,20-09-2007,32.5,20,26.3,0,13.8,25.6,40086.47
Pakistan,21-09-2007,29.3,18.7,23.7,0.6,16.8,32.8,39649.35
Pakistan,22-09-2007,29.9,18.8,23.3,0,19.5,38.2,39829.64
Pakistan,23-09-2007,24.2,18.4,20.6,10.8,10.8,29.2,37019.26
Pakistan,24-09-2007,25.7,14.7,20.6,0,10.4,21.6,39575.62
Pakistan,25-09-2007,27.9,16,22.1,0,10.1,20.5,39501.55
Pakistan,26-09-2007,28.5,16.2,22.4,0,10.5,20.5,39528.75
Pakistan,27-09-2007,28.1,14.8,22.3,0,11.9,25.2,39452.44
Pakistan,28-09-2007,27.6,12.8,21.5,0,14.7,28.8,39375.86
Pakistan,29-09-2007,27.2,14.8,21.1,0,16,34.9,39202.09
Pakistan,30-09-2007,27.1,12.7,21.1,0,12.3,25.9,39126.84
Pakistan,01-10-2007,29.7,12.4,21.9,0,11.7,33.5,39051.57
Pakistan,02-10-2007,27.9,15.9,21.8,0,19,38.2,38884.49
Pakistan,03-10-2007,26,10.9,19.5,0,13,28.4,37053.15
Pakistan,04-10-2007,24.9,12.1,19.6,0,9.3,21.6,38650.02
Pakistan,05-10-2007,24.4,13.6,19.6,0,13.2,27.4,38417.07
Pakistan,06-10-2007,25.8,12.1,19.8,0,12.6,28.4,38509.11
Pakistan,07-10-2007,25.5,11.8,18.7,0,13.6,28.8,38439.46
Pakistan,08-10-2007,26.1,8.2,18.7,0,10.9,24.5,38370.43
Pakistan,09-10-2007,25.8,10.3,19.6,0,10,23,38224
Pakistan,10-10-2007,26,9.3,19,0,10,22.7,38157.39
Pakistan,11-10-2007,25.6,11.2,19.6,0,11.5,24.5,38017.12
Pakistan,12-10-2007,25.7,11.2,19.7,0,9.7,18.7,37952.22
Pakistan,13-10-2007,26.5,10.7,19.9,0,8.7,21.2,37887.12
Pakistan,14-10-2007,26.2,9.5,19,0,9.4,22,37712.05
Pakistan,15-10-2007,26,10.2,18.9,0,9.1,18.4,37557.6
Pakistan,16-10-2007,26.5,10.7,19.6,0,14.8,29.2,37423.76
Pakistan,17-10-2007,26,10.9,19.3,0,13.8,29.2,37293.5
Pakistan,18-10-2007,25.5,10,18.1,0,13.5,27.7,37059.66
Pakistan,19-10-2007,27,12.4,20,0,13.7,24.8,37044.45
Pakistan,20-10-2007,28.7,12.1,20.5,0,14,31.3,36824.57
Pakistan,21-10-2007,26.9,15.1,20.8,0,9.7,22.7,36713.64
Pakistan,22-10-2007,24.6,11.1,18.4,0,13,28.1,36416.56
Pakistan,23-10-2007,25.2,14,19.5,0,11.8,25.6,36505.95
Pakistan,24-10-2007,26.4,12.4,20,0,13.7,25.6,36231.51
Pakistan,25-10-2007,26.3,12,19.8,0,13,27.4,36318.52
Pakistan,26-10-2007,25.5,11.9,19.2,0,13.1,27.4,36150.36
Pakistan,27-10-2007,24.8,11.8,18.6,0,15.2,31.7,36231.88
Pakistan,28-10-2007,25.2,10.2,17.8,0,14.3,30.6,36229.88
Pakistan,29-10-2007,24.5,9.2,17.6,0,12.9,27,36226.88
Pakistan,30-10-2007,24.9,7.4,17.8,0,9.8,17.3,36153.93
Pakistan,31-10-2007,25.9,9.9,18.5,0,9.4,18,36137.86
Pakistan,01-11-2007,26.3,9.5,18.9,0,9.7,18.7,36024.25
Pakistan,02-11-2007,26,9.9,18.7,0,10.5,21.2,35916.46
Pakistan,03-11-2007,25.7,13.1,19.1,0,12.9,24.8,35835.71
Pakistan,04-11-2007,24.8,11.6,18.9,0,8.6,18.7,35784.76
Pakistan,05-11-2007,27.8,13.2,20.7,0,11,24.8,35733.38
Pakistan,06-11-2007,26.5,8.6,18.9,0,10,23.4,35681.59
Pakistan,07-11-2007,25.5,10.2,18.2,0,14.7,30.6,35629.46
Pakistan,08-11-2007,24.3,7.5,16.5,0,10,19.8,35577.05
Pakistan,09-11-2007,23.2,8.4,16.8,0,10.5,21.2,35524.4
Pakistan,10-11-2007,22.3,6.7,15.4,0,10,19.8,35471.55
Pakistan,11-11-2007,21.7,6.7,14.7,0,15.1,28.4,35418.58
Pakistan,12-11-2007,21.5,7.6,15.4,0,14.5,27,35365.52
Pakistan,13-11-2007,22.1,8.4,15.8,0,12,23,35021.61
Pakistan,14-11-2007,22.6,7.7,15.6,0,11.6,23.4,35259.41
Pakistan,15-11-2007,22.7,7.8,15.3,0,16.9,33.5,35206.45
Pakistan,16-11-2007,21.6,4.8,13.8,0,10.8,24.5,35153.66
Pakistan,17-11-2007,20.5,2.9,12.9,0,10.2,18.4,35101.07
Pakistan,18-11-2007,20,3.4,12.9,0,10.5,16.6,35027.17
Pakistan,19-11-2007,20.1,4.2,13,0,9.7,16.9,34947.32
Pakistan,20-11-2007,21.3,8.1,14.6,0,14,25.2,34868.61
Pakistan,21-11-2007,22.9,7.7,15.2,0,15.8,32.4,34791.14
Pakistan,22-11-2007,22.5,6.5,15,0,9.3,18.7,34715.03
Pakistan,23-11-2007,23.1,6.7,15.4,0,10,22,34640.36
Pakistan,24-11-2007,23.8,7,15.5,0,10.3,22,34567.25
Pakistan,25-11-2007,22.9,7.3,15.4,0,9.5,18,34495.8
Pakistan,26-11-2007,21.8,7.5,14.8,0,11.2,23.8,34426.13
Pakistan,27-11-2007,19.6,5.7,13.1,0,12.4,24.1,34358.32
Pakistan,28-11-2007,17.5,7.2,12.6,0,14.8,32,34292.5
Pakistan,29-11-2007,15.9,7.4,12,0.1,11.7,24.5,34228.79
Pakistan,30-11-2007,15.8,3.8,10.8,0,10.7,22.7,34167.27
Pakistan,01-12-2007,12.9,7.6,9.7,2.4,14.5,30.2,29796.96
Pakistan,02-12-2007,13.1,1.7,8.2,0,9.9,23.4,34051.34
Pakistan,03-12-2007,14.1,1,8.1,0,8.1,14.4,33997.13
Pakistan,04-12-2007,16.5,3.7,10.1,0,7.2,18,33945.59
Pakistan,05-12-2007,17.7,3.5,10.9,0,9,14.4,31678.58
Pakistan,06-12-2007,15.8,5.5,11,0,8.4,18,29068.63
Pakistan,07-12-2007,18.3,3.9,11.1,0,14.3,29.9,33808.09
Pakistan,08-12-2007,16.6,3.3,11.1,0,9,21.2,33768.4
Pakistan,09-12-2007,13.3,7.4,10.4,1.2,14.7,29.2,33538.65
Pakistan,10-12-2007,9.8,4.1,7.4,8.2,7.1,16.6,0
Pakistan,11-12-2007,10.5,0.6,5,0,8.3,17.6,30141.61
Pakistan,12-12-2007,10.2,-0.8,5.1,0,8.3,20.2,33197.47
Pakistan,13-12-2007,10.7,-0.9,5.2,0,11,24.8,33609.52
Pakistan,14-12-2007,11.1,-0.9,5.7,0,9.7,22,33585.48
Pakistan,15-12-2007,12.3,-0.6,6.1,0,8.8,21.2,33564.09
Pakistan,16-12-2007,14.1,0.1,7.3,0,10.9,24.1,33519.65
Pakistan,17-12-2007,14.1,1,7.6,0,9.5,19.8,33424.38
Pakistan,18-12-2007,14,4.4,8.7,0,11.5,25.9,31417.08
Pakistan,19-12-2007,14,1.6,7.5,0,14.6,29.2,33250.12
Pakistan,20-12-2007,14.3,0.9,8.3,0,16.3,33.1,32986.9
Pakistan,21-12-2007,17.7,5.2,11.1,0,9.3,19.8,33097.11
Pakistan,22-12-2007,17.4,4.5,10.9,0,15.3,32.8,33099.16
Pakistan,23-12-2007,18.5,6.8,12,0,14.8,31,33089.15
Pakistan,24-12-2007,16.1,5.4,9.8,0,19.7,40,33079.34
Pakistan,25-12-2007,14,-1.2,6.6,0,17.4,36,33153.02
Pakistan,26-12-2007,13.1,-3.8,5.8,0,9.2,21.2,33142.4
Pakistan,27-12-2007,12.9,-3.9,5.4,0,10.8,25.6,33058.91
Pakistan,28-12-2007,11.8,-2.2,5.6,0,15.2,32.4,32971.81
Pakistan,29-12-2007,10.4,-3.5,3.8,0,11.9,27.4,33042.67
Pakistan,30-12-2007,11,-4.3,3.8,0,9.4,16.2,32988.32
Pakistan,31-12-2007,11.8,-3.6,4.9,0,9.1,18.4,32984.7
Pakistan,01-01-2008,12.7,-3.2,5,0,11.7,25.9,33019.03
Pakistan,02-01-2008,12.7,-2.3,5.9,0,10.5,23.8,32945.08
Pakistan,03-01-2008,11.4,-0.6,5.7,0,10.6,20.2,31790.36
Pakistan,04-01-2008,12.2,1.5,7.1,0,11.3,24.1,29878.93
Pakistan,05-01-2008,9.8,5.1,7.3,1.4,11.6,23,2249.79
Pakistan,06-01-2008,10.8,4.7,7.7,1.7,11.9,24.5,13474.23
Pakistan,07-01-2008,10.5,4.3,7.2,1.7,16.2,50,3978.35
Pakistan,08-01-2008,11.3,4.3,7.2,0.3,16.2,31.7,28752.57
Pakistan,09-01-2008,8.6,2.7,5.8,3.4,15.8,40.3,20472.58
Pakistan,10-01-2008,8.3,-1.8,2.9,0,17.9,36.7,33229.41
Pakistan,11-01-2008,8.2,-3.4,2.2,0,16.9,34.2,33163.57
Pakistan,12-01-2008,9.5,1,5,0,7.6,18.7,28411.35
Pakistan,13-01-2008,12.4,-1,6.2,0,15.1,32.8,33353.3
Pakistan,14-01-2008,12.7,0.3,6.7,0,8.4,15.8,29475.32
Pakistan,15-01-2008,12.6,4.3,8,6.2,9,21.2,12379.59
Pakistan,16-01-2008,12.2,7.2,9.2,12.5,15.6,28.8,6097.54
Pakistan,17-01-2008,11.5,0.9,7.2,5.4,25.5,49.3,30485.16
Pakistan,18-01-2008,10.6,-1.7,3.2,0,22.9,47.2,34252.73
Pakistan,19-01-2008,8.3,-3.3,1.6,0,16,34.6,34313.19
Pakistan,20-01-2008,7.9,-4.5,1.2,0,15.8,33.1,34374.84
Pakistan,21-01-2008,6.4,-5.6,1,0,10,21.6,34437.48
Pakistan,22-01-2008,6.9,-3,2.1,0,11.9,27.4,34501
Pakistan,23-01-2008,6.2,-4.5,0.2,0,19.1,40,34646.09
Pakistan,24-01-2008,5.7,-4.5,0.5,0,10.1,20.2,34794.75
Pakistan,25-01-2008,5.8,-4.1,0.9,0,11.4,25.2,28823.82
Pakistan,26-01-2008,6,-3.9,1.2,0,13.5,26.3,34931.6
Pakistan,27-01-2008,7.3,-4.4,1.8,0,14.4,30.2,35087.68
Pakistan,28-01-2008,8.5,-0.1,3.9,0,9.2,22.7,28034.58
Pakistan,29-01-2008,10.8,-1.3,4.6,0,22.7,47.9,35137.88
Pakistan,30-01-2008,12.1,-2.1,4,0,18.4,38.5,35484.12
Pakistan,31-01-2008,10.9,-5.2,3.6,0,15.5,31.7,35587.63
Pakistan,01-02-2008,11.6,0.5,6.2,0.9,17,34.6,35630.62
Pakistan,02-02-2008,5.2,1.5,3.4,9,15.5,35.6,5019.09
Pakistan,03-02-2008,7.2,-2.2,2.4,0,14.9,31,35574.35
Pakistan,04-02-2008,5.4,-4.7,-0.1,0,14.3,31.3,35641.19
Pakistan,05-02-2008,3.9,-6.2,-0.6,1.2,13.4,28.4,33773.56
Pakistan,06-02-2008,5,-4.9,-0.2,1.2,16.3,32,34467
Pakistan,07-02-2008,6.3,-4,0.3,0,21.7,43.6,36257.29
Pakistan,08-02-2008,7.3,-5.8,-0.2,0,17.4,35.3,36357.05
Pakistan,09-02-2008,9.8,-8.1,0.2,0,18.7,38.9,36458.3
Pakistan,10-02-2008,11.6,-5.1,2.6,0,20.8,42.1,36560.92
Pakistan,11-02-2008,10.4,-2.1,3,0,19.5,40.3,36664.77
Pakistan,12-02-2008,13,-6.5,3.3,0,13.8,30.6,36769.76
Pakistan,13-02-2008,15.1,-4.6,5.4,0,10.7,25.2,36875.75
Pakistan,14-02-2008,17.5,1.1,9.5,0,20.2,39.6,36982.62
Pakistan,15-02-2008,18.7,2.8,11.5,0,15.4,32.8,37090.28
Pakistan,16-02-2008,18.8,8.3,12.5,0,19.2,38.5,37198.6
Pakistan,17-02-2008,21.4,8.5,13.8,0,25.4,50,37307.47
Pakistan,18-02-2008,21.9,3.3,12.1,0,22.2,44.3,37416.8
Pakistan,19-02-2008,22.1,-1.1,12.3,0,13.5,29.2,37526.48
Pakistan,20-02-2008,22.6,6.8,14.9,0,19.1,37.4,37636.41
Pakistan,21-02-2008,22.4,10.7,15.8,0,23.1,45.7,37746.49
Pakistan,22-02-2008,16.8,3.8,11,0,21.2,41,37856.62
Pakistan,23-02-2008,16.5,0.5,8.7,0,18.7,38.2,37966.7
Pakistan,24-02-2008,17.8,0.5,9.2,0,17.1,35.6,38076.64
Pakistan,25-02-2008,18.9,2.2,10.5,0,20.8,42.1,38186.36
Pakistan,26-02-2008,23.1,1.3,13,0,17.6,36.4,38295.77
Pakistan,27-02-2008,25.7,4.6,16.3,0,13.1,23.8,38405.61
Pakistan,28-02-2008,26.3,9.7,18.4,0,15.1,27,38516.27
Pakistan,29-02-2008,26.3,9.2,18.5,0,19.3,37.4,38627.66
Pakistan,01-03-2008,22.2,9.3,16.6,0,21.5,40,38739.68
Pakistan,02-03-2008,22.6,4.4,14.6,0,14.1,30.2,38852.23
Pakistan,03-03-2008,24.1,6,16,0,21,41.8,38965.25
Pakistan,04-03-2008,25,9,17.8,0,17.5,33.5,39057
Pakistan,05-03-2008,23.8,7.7,16.3,0,18.5,38.5,39127.79
Pakistan,06-03-2008,22.3,8.8,15.5,1.7,26.1,49.3,39199.16
Pakistan,07-03-2008,20.5,5.6,13.8,0,12.5,27.7,39271
Pakistan,08-03-2008,20.6,5.3,13.7,0,17.7,35.6,39343.21
Pakistan,09-03-2008,21,8.7,15.6,0,13.5,28.8,39415.71
Pakistan,10-03-2008,21.4,5.2,14.7,0,18.2,37.1,39488.39
Pakistan,11-03-2008,20.9,7.5,15.6,0,11.8,26.3,39561.16
Pakistan,12-03-2008,22.4,8.3,16.5,0,9.4,18.4,39600
Pakistan,13-03-2008,23.4,8.5,17,0,14.4,28.1,39600
Pakistan,14-03-2008,24.7,12.6,18.8,0,17.6,35.6,39600
Pakistan,15-03-2008,26.4,13,19.6,0,19.7,39.6,39600
Pakistan,16-03-2008,27.1,13.1,20.3,0,16.5,34.2,39600
Pakistan,17-03-2008,26.8,12.6,20.5,0,14.4,32,39600
Pakistan,18-03-2008,25,10.1,18.7,0,17.6,37.4,39628.75
Pakistan,19-03-2008,23.7,7.9,17.5,0,11.3,28.1,39626.09
Pakistan,20-03-2008,24.3,8.2,17.8,0,14.8,28.1,39650.78
Pakistan,21-03-2008,23.7,8.2,17.3,0.6,19.2,34.2,39600
Pakistan,22-03-2008,23.9,8.8,17.5,0,12.5,27,39680.2
Pakistan,23-03-2008,25.4,8.5,18.3,0,10,24.1,39825.23
Pakistan,24-03-2008,25.6,9.5,18.1,0,17.7,34.6,39745.44
Pakistan,25-03-2008,24.8,10.8,19.2,0.4,18.3,37.1,35999.92
Pakistan,26-03-2008,26.2,10.5,19.3,0,20.9,38.5,35123.4
Pakistan,27-03-2008,26.4,9.9,19,0,20.1,41.8,39994.51
Pakistan,28-03-2008,28.1,10.9,20.3,0,19.8,40.7,40402.46
Pakistan,29-03-2008,27.9,14.2,21.7,0,13.5,26.3,40285.39
Pakistan,30-03-2008,27.9,12,20.8,0,17.2,33.8,39962.59
Pakistan,31-03-2008,28.3,11.8,20.8,0,22.2,40,39195.51
Pakistan,01-04-2008,26.1,12.3,18.8,1.9,17.1,40.7,34502.06
Pakistan,02-04-2008,22.9,11.8,16.2,2.5,15.9,37.1,30350.24
Pakistan,03-04-2008,20.2,11.6,14.8,6.1,17,39.6,27892.47
Pakistan,04-04-2008,15.1,11.4,13,12.7,11.8,28.4,14577.12
Pakistan,05-04-2008,21.1,10.3,15,0,21.7,47.9,40293.57
Pakistan,06-04-2008,17.8,8.9,13,6.3,18.1,44.6,31005.65
Pakistan,07-04-2008,20.7,9.9,14.8,0,22.6,41.4,32804.46
Pakistan,08-04-2008,22.7,10.1,16.2,0.8,21.2,41.8,41647.28
Pakistan,09-04-2008,22.9,10.9,17,0,24.5,53.3,42291.06
Pakistan,10-04-2008,23.8,13.1,18.2,0,25.1,50.4,37585.66
Pakistan,11-04-2008,25.8,15,19.3,3.3,20,45.4,42500.74
Pakistan,12-04-2008,25.8,13.5,19.5,0,15,29.5,42677.63
Pakistan,13-04-2008,27.3,11.2,20.2,0,22.9,40.7,42643.14
Pakistan,14-04-2008,22.6,12.5,17.6,7.3,14,43.6,41988.14
Pakistan,15-04-2008,22.3,11.7,16.6,0.4,24,46.8,43442.14
Pakistan,16-04-2008,23.8,10,16.6,0,14.4,29.2,43630.86
Pakistan,17-04-2008,25.2,10.7,18.5,0,19.4,33.8,43708.54
Pakistan,18-04-2008,26.7,11.5,20.2,0,14.4,29.5,43899.37
Pakistan,19-04-2008,28.5,11.4,21.3,0,17.8,36.4,43165.69
Pakistan,20-04-2008,29.3,11.7,21.8,0,20.9,39.6,43582.73
Pakistan,21-04-2008,29.2,15.1,23.3,0,21.7,43.2,43532.58
Pakistan,22-04-2008,28.7,14,22.6,0,13.7,30.2,43238.38
Pakistan,23-04-2008,29.4,14.1,22.9,0,18.1,36.4,44026.39
Pakistan,24-04-2008,30.5,13.4,23.5,0,15.7,33.5,44552.94
Pakistan,25-04-2008,30.4,13,23.8,0,15.1,32.8,44034.19
Pakistan,26-04-2008,31.7,13.3,24.3,0,9.7,24.8,44737.61
Pakistan,27-04-2008,32.9,16.6,25.1,0,17.2,38.5,44030.45
Pakistan,28-04-2008,32.3,13.3,24.2,0,17.1,32.8,44918.92
Pakistan,29-04-2008,32.2,16.5,25.5,0,17.4,36.4,44921.75
Pakistan,30-04-2008,32.1,18.4,26.6,0,13.8,27.7,44594.59
Pakistan,01-05-2008,32.9,19.1,26.4,0,13.9,30.6,44126.96
Pakistan,02-05-2008,34.6,19,27.3,0,15.6,28.8,45274.22
Pakistan,03-05-2008,35.2,18.6,27.7,0,20.9,38.2,45037.51
Pakistan,04-05-2008,33.8,19.9,28.1,0,24.8,52.2,43135.95
Pakistan,05-05-2008,32.2,21,26.7,0,15.4,35.6,45532.04
Pakistan,06-05-2008,32,17.4,25.4,0,13.8,29.2,45585.64
Pakistan,07-05-2008,31.1,15.5,24.5,0,21.5,41.4,35429.87
Pakistan,08-05-2008,24.3,17.5,21.1,1.3,20.4,40,32852.58
Pakistan,09-05-2008,30.6,13.2,22.4,0,18.7,40.7,45696.75
Pakistan,10-05-2008,32.8,15.9,24.9,0,14.2,32.8,45733.49
Pakistan,11-05-2008,34.6,18.6,26.9,0,16.9,35.3,45648.72
Pakistan,12-05-2008,34.8,17.8,27.5,0,19.3,39.6,45659.06
Pakistan,13-05-2008,34.9,17.7,27.5,0,22.2,40,45842.34
Pakistan,14-05-2008,34.7,18.4,26.7,0.5,21.4,54,42404.32
Pakistan,15-05-2008,34.9,19.3,27.8,0,22.7,45.4,43178.41
Pakistan,16-05-2008,36.2,17,27.9,0,16.6,35.6,43612.42
Pakistan,17-05-2008,36.7,22.4,29.7,0,27.4,55.4,45983.74
Pakistan,18-05-2008,37.2,21.5,29.9,0,18.3,35.6,46019.07
Pakistan,19-05-2008,36.6,17.9,28.5,0,17.6,38.9,46054.43
Pakistan,20-05-2008,36.9,19.8,29.4,0,22.7,38.2,46089.78
Pakistan,21-05-2008,37.9,20.7,29.9,0,24.6,46.8,46125.04
Pakistan,22-05-2008,34.4,21.9,28,2.9,24.3,51.5,45745.06
Pakistan,23-05-2008,32,21.3,26.3,3,23.2,54.7,44973.34
Pakistan,24-05-2008,29.8,19.1,24.8,2.9,29.3,54.4,43565.35
Pakistan,25-05-2008,32.9,19.9,25.9,0,24.5,45.7,46263.9
Pakistan,26-05-2008,31.4,16.3,24.6,0,26.1,46.4,46297.75
Pakistan,27-05-2008,33.7,19.7,26.4,0,23.5,53.3,46331.11
Pakistan,28-05-2008,34.3,15.5,24.9,0,21.7,49.3,46363.93
Pakistan,29-05-2008,34.2,17,26.3,0,16.6,35.6,46396.13
Pakistan,30-05-2008,35.4,17.5,27.7,0,18.9,38.9,46427.66
Pakistan,31-05-2008,37.7,23.3,29.9,0,20.1,38.2,46458.43
Pakistan,01-06-2008,36,21.2,27.8,0.6,30.2,56.9,46488.39
Pakistan,02-06-2008,33.7,21.9,26.8,1.2,20.9,42.5,44630.59
Pakistan,03-06-2008,32.6,20.4,25.7,0.8,19.6,40.7,46304.04
Pakistan,04-06-2008,33.6,21.6,27.3,0,16.4,41.8,45317.23
Pakistan,05-06-2008,37.3,21.6,29.8,0,19.7,43.6,46598.89
Pakistan,06-06-2008,37.3,24.3,30.4,0,24.5,46.1,46624.71
Pakistan,07-06-2008,35.8,23.1,28.9,0.6,20.9,44.3,46650.18
Pakistan,08-06-2008,33.6,22.7,27.5,6.5,20.3,39.6,42201.98
Pakistan,09-06-2008,32.7,21.6,26.1,2.7,15.4,39.6,45321.97
Pakistan,10-06-2008,31.3,21.6,26.3,1.9,14.3,28.8,45829.05
Pakistan,11-06-2008,31.4,22.4,26.4,3.4,12.6,30.6,42141.55
Pakistan,12-06-2008,31.9,23.2,27.2,0.3,9.5,20.9,44983
Pakistan,13-06-2008,32.5,23.1,27.5,0.2,11.9,28.8,44811.65
Pakistan,14-06-2008,33.3,23.3,28.5,0.2,11.2,26.6,46800
Pakistan,15-06-2008,37,24.7,30.2,1.4,14.5,33.1,45789.34
Pakistan,16-06-2008,34.5,24.5,28.8,1.7,21.2,41.8,43357.03
Pakistan,17-06-2008,34.6,22.8,28.9,0,19.2,38.9,46800
Pakistan,18-06-2008,34.7,24.3,29,0,19.8,41.8,46800
Pakistan,19-06-2008,35.3,23.7,28.3,0.7,19.2,46.8,44049.89
Pakistan,20-06-2008,32.5,22.7,26.3,5.1,20.6,43.2,46800
Pakistan,21-06-2008,33.5,23.4,27.3,2.6,17.5,37.4,46313.91
Pakistan,22-06-2008,32.8,23.2,27.1,2.5,19.1,37.8,45969.7
Pakistan,23-06-2008,34.1,23.8,28.5,0.1,20.1,40.7,45792.45
Pakistan,24-06-2008,36,22.7,29.2,1.2,14.1,27.4,44158.06
Pakistan,25-06-2008,35.8,24.4,29.4,1.9,14.1,31.3,44151.74
Pakistan,26-06-2008,34.6,24,29.6,0,13.6,27.7,46800
Pakistan,27-06-2008,35.9,23.9,30,0.1,15.2,39.6,46721.63
Pakistan,28-06-2008,34.1,22.6,27,6.8,21.9,40.7,40373.61
Pakistan,29-06-2008,30.3,22.8,25.9,0.6,21.1,42.5,46188.18
Pakistan,30-06-2008,30.5,21.8,26.1,1.1,21.9,44.6,46800
Pakistan,01-07-2008,32.8,22.1,26.9,2.6,19.6,42.1,46800
Pakistan,02-07-2008,34.9,23.1,28.4,0.2,16.1,38.2,46800
Pakistan,03-07-2008,36,24.1,29.6,0.5,14.3,24.1,45254.77
Pakistan,04-07-2008,36.6,24,30.3,1.1,12.5,25.9,46060.18
Pakistan,05-07-2008,35.8,23.4,29.3,1.4,13.9,28.1,44616.71
Pakistan,06-07-2008,34.2,24.1,28.2,9.1,18.4,33.8,43493.48
Pakistan,07-07-2008,28.9,22.9,25.7,3.4,15.8,34.6,38557.43
Pakistan,08-07-2008,28,23.5,25.6,2.2,15.7,35.3,36336.74
Pakistan,09-07-2008,28.6,21.1,24.2,3.8,16.2,32.4,35991.8
Pakistan,10-07-2008,28.5,20.9,24.1,2.1,11.5,24.1,37717.86
Pakistan,11-07-2008,30,21.6,25.1,1.1,15.9,28.1,35200.27
Pakistan,12-07-2008,26.7,22.5,24,10,15.2,30.6,37310.14
Pakistan,13-07-2008,27.8,20.6,23.7,8.2,18.7,35.3,35955.77
Pakistan,14-07-2008,30.1,21.4,25.4,0,16.9,35.3,44381.39
Pakistan,15-07-2008,31,22.3,26.3,0,17,36.7,46462.97
Pakistan,16-07-2008,32,22,26.8,0,13,31,46800
Pakistan,17-07-2008,32.9,22.3,27.4,0.2,16.7,39.2,46800
Pakistan,18-07-2008,33.9,22.9,27.9,1,15.4,34.6,46292.17
Pakistan,19-07-2008,34.5,22.2,28.1,0.3,18.8,37.8,46764.31
Pakistan,20-07-2008,31,22.2,26.6,2,20,39.2,39780.32
Pakistan,21-07-2008,28.2,22.4,24.9,1.7,18.3,37.4,41964.45
Pakistan,22-07-2008,30.1,21.3,24.9,0.8,16.9,32.8,41738.86
Pakistan,23-07-2008,31.5,21.5,25.8,0.4,15.6,33.5,42905.17
Pakistan,24-07-2008,33.8,21.8,27.4,0.2,15.5,30.6,46015.78
Pakistan,25-07-2008,34.1,22.1,27.6,0,19.2,38.5,43417.07
Pakistan,26-07-2008,32,22.7,26.3,2.9,17.3,39.6,44308.07
Pakistan,27-07-2008,31.6,21.5,26,0.8,12.2,29.2,42849.18
Pakistan,28-07-2008,31.7,21.1,26.4,0.8,17.9,42.8,45370.61
Pakistan,29-07-2008,31.9,21.7,27,0.5,14.6,32,44539.12
Pakistan,30-07-2008,32,22.4,27.6,0.2,13.9,28.4,44338.3
Pakistan,31-07-2008,34,24,28.5,0.7,18.3,35.6,44463.17
Pakistan,01-08-2008,26.9,22.8,24.6,25.7,12.3,38.5,6770.98
Pakistan,02-08-2008,25,21.4,22.9,4.9,20.5,44.3,29505.72
Pakistan,03-08-2008,27.8,19.7,23.4,3.1,14.1,30.6,41029.52
Pakistan,04-08-2008,28.5,19.6,23.7,0.6,17.4,33.1,41210.95
Pakistan,05-08-2008,26.8,21.6,23.2,6,11.5,28.1,27494.21
Pakistan,06-08-2008,27.9,21.1,24,1.8,11.6,28.1,42589.9
Pakistan,07-08-2008,30.3,22,25.3,0,13.3,28.1,38774.66
Pakistan,08-08-2008,31.6,22.3,26.2,0,13.7,29.5,40472.11
Pakistan,09-08-2008,30.4,23.5,26,0.6,17,33.5,37275.83
Pakistan,10-08-2008,29.4,23.2,25.7,4.6,13.6,29.9,39335.95
Pakistan,11-08-2008,30.3,22.9,25.6,1.3,12.8,29.2,38312.86
Pakistan,12-08-2008,28.3,21.6,24.4,6.1,18.9,37.1,41973.62
Pakistan,13-08-2008,29.5,21.2,24.7,0.4,14,23.4,41298.4
Pakistan,14-08-2008,30.8,22,25.3,0.2,21.4,44.3,37833.73
Pakistan,15-08-2008,31.9,21.5,25.6,0,24.6,49.3,38799.85
Pakistan,16-08-2008,32.1,21.5,26,0,24.5,46.8,41549.06
Pakistan,17-08-2008,31.6,19.7,25.4,0,24.6,48.6,40451.55
Pakistan,18-08-2008,33.8,20.3,26,0,25,47.9,40573.76
Pakistan,19-08-2008,33.3,20.4,26.2,0,23.6,44.3,43281.36
Pakistan,20-08-2008,34.6,20.8,26.8,0,23,46.4,43397.05
Pakistan,21-08-2008,33.3,20.3,26.5,0,21.8,41.8,42971.55
Pakistan,22-08-2008,32.1,20.1,25.7,0,22.6,43.9,42213.86
Pakistan,23-08-2008,31.1,20.2,24.7,4.9,16.4,34.9,40691.23
Pakistan,24-08-2008,30.3,20,24.6,0,13.4,34.6,42152.91
Pakistan,25-08-2008,31,20.5,25.5,0,11.2,27,42051.31
Pakistan,26-08-2008,32,20.9,26.1,0.2,18,33.8,41681.48
Pakistan,27-08-2008,33.2,20.2,26.4,0.1,22.4,43.2,41819.14
Pakistan,28-08-2008,34.6,20.5,26.7,0,23.7,47.2,41819.04
Pakistan,29-08-2008,35.2,20.4,27.1,0,24.5,45.4,41386.92
Pakistan,30-08-2008,32.8,19.7,26.1,0,21.2,45.4,41248.07
Pakistan,31-08-2008,30.2,19.9,23.9,1.6,19.1,39.6,38647.56
Pakistan,01-09-2008,29,19.2,23.1,0.5,18.1,38.5,40452.13
Pakistan,02-09-2008,30.4,18.6,24.3,0.5,17.8,37.1,40582.73
Pakistan,03-09-2008,32.8,18.9,25.2,0.1,19.6,39.2,40840.02
Pakistan,04-09-2008,33.1,20.4,26,0.2,18.6,40,40837.27
Pakistan,05-09-2008,33.5,20.5,25.6,1.5,30.8,50.8,39916.37
Pakistan,06-09-2008,24.5,18.7,21,3.7,16,32.8,37168.67
Pakistan,07-09-2008,23.9,16.8,19.6,4,12.6,24.5,29035.85
Pakistan,08-09-2008,26.4,16.1,20.9,0,10.9,22.7,40453.7
Pakistan,09-09-2008,28.9,16.9,22.3,0,14.1,27.4,40453.26
Pakistan,10-09-2008,29.4,16.3,23.1,0,13.7,27,40573.98
Pakistan,11-09-2008,29.7,16.3,23.7,0,11.8,24.1,40451.8
Pakistan,12-09-2008,31.6,17.1,25,0,14.2,27.7,40331.69
Pakistan,13-09-2008,31.6,19.7,25.9,0,15,30.2,40331.6
Pakistan,14-09-2008,31.8,20.6,26,0,14.8,35.6,40214.61
Pakistan,15-09-2008,32.4,21.3,26.5,0,16.7,33.8,40099.82
Pakistan,16-09-2008,32.5,21,26.4,0,19.9,41.4,40101.51
Pakistan,17-09-2008,30.1,21.1,23.9,4.4,16.3,37.8,39556.08
Pakistan,18-09-2008,27.5,18.5,21.9,2.3,15.9,30.6,37063.21
Pakistan,19-09-2008,29,15.9,22.1,0,14.4,25.2,39994.31
Pakistan,20-09-2008,30.8,17.5,23.8,0,16,33.5,40028.69
Pakistan,21-09-2008,29.8,15.1,22.7,0,19.6,40,39844.43
Pakistan,22-09-2008,29.9,18,23.3,0,22.9,45.4,39768.95
Pakistan,23-09-2008,28.1,17,21.7,0,22.6,42.8,39588.2
Pakistan,24-09-2008,28.2,17.2,21.9,0,22.7,43.9,39513.73
Pakistan,25-09-2008,29.6,17.9,23.3,0,17.8,34.9,39439.21
Pakistan,26-09-2008,33,16.1,24.5,0,12.1,26.6,39364.7
Pakistan,27-09-2008,33.1,16.8,25.1,0,18.1,38.2,39290.3
Pakistan,28-09-2008,34.1,18.8,25.7,0,21.9,41.8,39118.62
Pakistan,29-09-2008,33.7,16.3,25.9,0,17,32.8,39046.29
Pakistan,30-09-2008,34.8,17,26.6,0,15.6,30.6,38974.33
Pakistan,01-10-2008,32.8,16.6,25.7,0,14.2,32.4,38902.83
Pakistan,02-10-2008,32.6,19.4,25.8,0,13.4,27.4,38741.31
Pakistan,03-10-2008,32.2,17.4,25.5,0,14.4,25.2,38672.62
Pakistan,04-10-2008,33.5,18.6,26,0,14.2,29.9,38603.48
Pakistan,05-10-2008,32.3,17.8,25.4,0,15.6,31.3,38533.8
Pakistan,06-10-2008,31,18.6,24.8,0,14.2,29.9,38380.95
Pakistan,07-10-2008,29.9,18.5,24.3,0,20.4,37.4,38312.55
Pakistan,08-10-2008,28.3,17.6,22.7,0,21.1,36.4,38175.92
Pakistan,09-10-2008,28.4,15.1,22.2,0,17.7,31,38103.38
Pakistan,10-10-2008,28.5,17,22.4,0,15,28.4,38032.31
Pakistan,11-10-2008,29.8,15.3,22.7,0,16.1,30.2,37965.75
Pakistan,12-10-2008,31.5,16.4,23.8,0,12.7,23.8,37839.18
Pakistan,13-10-2008,31.6,15.9,24,0,11.2,25.9,37698.35
Pakistan,14-10-2008,30.8,17.8,23.5,0,15.2,32.4,37444.88
Pakistan,15-10-2008,27.1,14,20.4,0,18,36.7,36747.15
Pakistan,16-10-2008,24.9,12.4,18.9,0,13.5,28.1,36522.44
Pakistan,17-10-2008,26.1,14.6,19.9,0,16.6,30.2,37061.88
Pakistan,18-10-2008,26.8,13.4,20.2,0,13,27.4,36942.12
Pakistan,19-10-2008,26.7,14.9,20.8,0,15.3,28.4,36826.65
Pakistan,20-10-2008,26.9,14.8,20.7,0,21.6,35.6,36517.43
Pakistan,21-10-2008,24.6,12.7,18.8,0.2,20.3,34.9,36320.9
Pakistan,22-10-2008,25.9,11.1,19.1,0,14.2,27.7,36507.65
Pakistan,23-10-2008,26.6,10.9,19.5,0,10.7,22.3,36501
Pakistan,24-10-2008,27.5,11.1,19.8,0,10.2,23.4,36406.21
Pakistan,25-10-2008,27,13,20,0,8.9,22,36316.58
Pakistan,26-10-2008,25.4,9.9,18,0,11.1,21.6,36312.68
Pakistan,27-10-2008,25.1,12.5,19,0,16.3,32.8,36000
Pakistan,28-10-2008,27.1,12.5,20,0,13.8,29.5,36154.5
Pakistan,29-10-2008,25,9.9,18.5,0.2,18.2,35.3,36084.32
Pakistan,30-10-2008,24.5,11.5,18.7,0,13.3,28.4,36082.61
Pakistan,31-10-2008,24.8,11.1,18,0,14.3,28.4,35971.86
Pakistan,01-11-2008,25.9,11.2,18.7,0,15.2,31.7,35926.04
Pakistan,02-11-2008,25.8,12.1,18.8,0,20.9,41.4,35878.96
Pakistan,03-11-2008,25.4,10.7,17.8,0,20,40,35795.45
Pakistan,04-11-2008,25.4,7.9,17.5,0,11.8,27.4,35744.48
Pakistan,05-11-2008,27.2,10,19.3,0,12.1,27,35693.23
Pakistan,06-11-2008,27.1,10.6,19.7,0,10.5,19.4,35641.77
Pakistan,07-11-2008,26.2,12.1,19.4,0,12.2,25.2,35590.12
Pakistan,08-11-2008,26.9,11.2,19.2,0,11.6,24.1,35538.33
Pakistan,09-11-2008,26.8,10.1,19.1,0,10.1,21.6,35486.43
Pakistan,10-11-2008,25.1,8.2,17.8,0,10.4,23.8,35434.48
Pakistan,11-11-2008,23,7.8,16.5,0,13,27.7,35382.52
Pakistan,12-11-2008,20.8,6.6,14.7,0,18.3,36.4,35330.59
Pakistan,13-11-2008,17,5.4,11.4,0,18.2,36,35278.29
Pakistan,14-11-2008,15.8,-0.8,8.9,0,11.4,25.6,35225.36
Pakistan,15-11-2008,15.6,0,9.2,0,9.5,17.3,35171.93
Pakistan,16-11-2008,16.8,-0.2,9.5,0,9.8,17.3,35118.07
Pakistan,17-11-2008,17.4,3.4,10.8,0,12,26.6,35052.8
Pakistan,18-11-2008,17.8,2.3,10.6,0,14.1,29.5,34970.27
Pakistan,19-11-2008,17.2,3.2,10.9,0,23.5,50,34889.09
Pakistan,20-11-2008,17.2,4,10.5,0,15.6,32.8,34809.4
Pakistan,21-11-2008,17,3.3,10.8,0,11.4,22,34731.29
Pakistan,22-11-2008,19.5,6,12.6,0,10.7,23,34654.89
Pakistan,23-11-2008,21.8,6.2,14.1,0,11.2,20.5,34580.32
Pakistan,24-11-2008,22,7.3,14.9,0,10.2,20.5,34507.7
Pakistan,25-11-2008,21.5,8.9,15.2,0,11.3,20.5,34437.14
Pakistan,26-11-2008,19.1,5.3,12.5,0,11.2,23,34368.79
Pakistan,27-11-2008,19.1,4.6,12,0,8.7,18,34302.75
Pakistan,28-11-2008,19.8,3.6,12.4,0,9.7,15.5,34239.16
Pakistan,29-11-2008,21.8,4.6,13.7,0,9.1,17.3,34178.14
Pakistan,30-11-2008,22.3,5.1,14.3,0,10.1,15.8,34119.83
Pakistan,01-12-2008,21.6,5.5,14,0,9.4,15.1,34064.35
Pakistan,02-12-2008,20.5,5.5,13.4,0,9.4,19.1,34011.85
Pakistan,03-12-2008,20.7,5.2,13.6,0,9,14,33961.89
Pakistan,04-12-2008,20.2,5.1,13.2,0,9.4,19.1,33914.08
Pakistan,05-12-2008,20,6.1,13.6,0,13.8,27.4,33868.48
Pakistan,06-12-2008,19.9,7.8,14.2,0,9.1,18,33825.15
Pakistan,07-12-2008,14,10.3,12,27.9,8.7,28.4,978.94
Pakistan,08-12-2008,13.4,7.6,10.5,13.4,12.1,36,32394.89
Pakistan,09-12-2008,13.7,3.8,8.5,0,8.7,20.5,32295.9
Pakistan,10-12-2008,13.7,1.7,7.6,0,17.4,34.9,33675.75
Pakistan,11-12-2008,14.9,0.3,7.4,0,15.2,30.6,33644.67
Pakistan,12-12-2008,14.3,0.8,7.6,0,9,14.4,33616.21
Pakistan,13-12-2008,15,1.7,8.5,0,9,14,33590.45
Pakistan,14-12-2008,15,2.5,8.8,0,8.7,17.3,33110.08
Pakistan,15-12-2008,14.5,3.3,9,0,8.8,16.2,32617.12
Pakistan,16-12-2008,13.7,2.6,8.2,0,9.1,19.4,32279.66
Pakistan,17-12-2008,13.7,2.7,7.9,0,9.7,21.2,33138.85
Pakistan,18-12-2008,13.5,6.3,9.8,3.8,13.1,31,24209.91
Pakistan,19-12-2008,12.8,7.8,10,15.5,10.1,26.6,739.43
Pakistan,20-12-2008,11.5,2.7,7.9,0.2,15.9,32,32726.2
Pakistan,21-12-2008,11.2,-2.2,4.4,0,12.6,27,33368.7
Pakistan,22-12-2008,14.3,-3.6,5.6,0,10.7,22.3,33267.38
Pakistan,23-12-2008,17.7,-0.3,8.7,0,14.3,29.2,32655.95
Pakistan,24-12-2008,17.7,2.6,10.4,0,10,22.7,33074.99
Pakistan,25-12-2008,17.5,4.2,10.6,0,9.4,15.1,32983.54
Pakistan,26-12-2008,17.5,3.3,10.4,0,9,19.4,32976.27
Pakistan,27-12-2008,16.3,2.2,9.5,0,9.4,16.9,32969.16
Pakistan,28-12-2008,15.8,2.9,9.8,0,8.6,16.2,32968.52
Pakistan,29-12-2008,14.1,5.1,9.1,0,8.9,18.7,27436.49
Pakistan,30-12-2008,15.2,3.3,8.1,0,8.8,21.2,32454.25
Pakistan,31-12-2008,15.2,1.6,8.7,0,13,27.7,32907.4
Pakistan,01-01-2009,14.9,1.4,8.6,0,8.7,16.6,32864.01
Pakistan,02-01-2009,15.5,3.9,9.7,0,13,26.6,32680.76
Pakistan,03-01-2009,12,6.6,9.2,2.4,16.3,45,4706.44
Pakistan,04-01-2009,12.3,2.7,8.4,0.4,16.4,33.5,32597.74
Pakistan,05-01-2009,9.8,-3,4.2,0,8.9,21.2,33128.73
Pakistan,06-01-2009,9.9,-2.2,4.4,0,8.3,18.4,33124.31
Pakistan,07-01-2009,10.3,-3.1,3.9,0,8.6,15.1,33133.93
Pakistan,08-01-2009,11,-2.6,4.2,0,9,17.6,33140.23
Pakistan,09-01-2009,10.8,-1.6,5,0,10,18.4,32799.45
Pakistan,10-01-2009,11.4,-1.1,5.4,0,9,14.8,33238.27
Pakistan,11-01-2009,11,0.1,6,0,12.2,25.6,32943.27
Pakistan,12-01-2009,13.1,0.4,7.1,0,9.1,19.1,32863.91
Pakistan,13-01-2009,12,2.1,7.1,0.4,14.3,28.4,32311.86
Pakistan,14-01-2009,13.5,3.4,8,0,12.6,25.9,19563.29
Pakistan,15-01-2009,10.5,2.9,7.1,9.7,9.2,19.4,11377.3
Pakistan,16-01-2009,11.3,6.1,7.9,3.3,18.9,36.7,26148.74
Pakistan,17-01-2009,11,2.5,6.5,1,13,22.3,30735.77
Pakistan,18-01-2009,10.3,0,5.3,1.3,17.1,34.2,34146.56
Pakistan,19-01-2009,11.2,-3.1,4.3,0,9.4,20.5,34361
Pakistan,20-01-2009,13.2,-1.4,6.3,0,8.7,16.6,32954.72
Pakistan,21-01-2009,14.9,1.7,8.8,0,11,23.8,32372.28
Pakistan,22-01-2009,15.3,1,8.5,0,10.5,21.2,34553.5
Pakistan,23-01-2009,15.1,2.6,8.8,0.2,10.1,19.1,25267.23
Pakistan,24-01-2009,12.7,6.8,9.6,8.8,9.8,32.4,13300.91
Pakistan,25-01-2009,11.8,6.1,9.2,7.8,15.4,41,13301.45
Pakistan,26-01-2009,12.5,4.5,8.2,0,14.3,32.4,34552.8
Pakistan,27-01-2009,14,2.1,7.5,0,20.5,40.7,35055.27
Pakistan,28-01-2009,13.2,2,7.5,0,10.2,22.7,35122.82
Pakistan,29-01-2009,14.4,1.7,7.8,0,12.7,27.4,35189.86
Pakistan,30-01-2009,14.1,2.6,7.9,0,13.1,28.4,35443.89
Pakistan,31-01-2009,14.2,0.2,7.7,0,9.7,21.2,34443.24
Pakistan,01-02-2009,17.6,2.3,10.3,0,10.5,23.8,35680
Pakistan,02-02-2009,16.6,3.4,10.1,0,17.6,35.6,35751.14
Pakistan,03-02-2009,17.1,5.1,10.8,0,12.4,23.4,35619.3
Pakistan,04-02-2009,14,3.8,8.7,1,20.4,46.1,35479.18
Pakistan,05-02-2009,13.5,2.4,8.4,1.5,18.9,36,36131.28
Pakistan,06-02-2009,12.3,-1.1,5.5,0,19.7,39.6,36231.72
Pakistan,07-02-2009,14.3,-1.5,6.7,0,9.3,16.9,36333.39
Pakistan,08-02-2009,16.2,0.6,9,0,12.3,24.1,34317.77
Pakistan,09-02-2009,14.8,4.9,10,0.4,11.9,25.2,34420.77
Pakistan,10-02-2009,12.7,5.1,8.3,8.8,20,38.9,31352.71
Pakistan,11-02-2009,13.7,3.7,8.5,0,11.7,25.9,36749.98
Pakistan,12-02-2009,13.7,4.9,9.7,0,22.4,41.8,23971.31
Pakistan,13-02-2009,13.1,4.6,8.8,9.9,23.7,50.4,35110.18
Pakistan,14-02-2009,13.4,3.3,7.7,0,16.3,33.8,37069.62
Pakistan,15-02-2009,13.6,-0.1,7.7,0,10,23.4,37176.95
Pakistan,16-02-2009,15.1,0.8,8.8,0,10.7,22,37179.12
Pakistan,17-02-2009,16.8,4.4,10.6,0,11.6,25.6,37392.16
Pakistan,18-02-2009,16.9,2.8,10.8,0,12.8,26.3,37499.85
Pakistan,19-02-2009,15.9,8,11.7,2.2,23,51.8,30988.43
Pakistan,20-02-2009,17.9,6.7,12.6,0,11.3,26.3,37714.92
Pakistan,21-02-2009,18.3,7.3,12.9,0.1,19.1,36.7,37823.02
Pakistan,22-02-2009,17.1,7.3,12.2,0,23.1,48.2,30492.2
Pakistan,23-02-2009,18.7,7.1,12.8,0,17.5,34.2,36477.28
Pakistan,24-02-2009,22.3,9,14.7,0,28.5,62.3,38152.86
Pakistan,25-02-2009,21.1,8.2,14.1,0,26.7,53.3,38264.32
Pakistan,26-02-2009,21.2,9.1,14.3,0,23.8,49.3,38376.38
Pakistan,27-02-2009,21.2,7.4,14.6,0,17.1,36.4,38488.92
Pakistan,28-02-2009,22.1,6.3,14.6,0,17.8,36.7,38601.89
Pakistan,01-03-2009,25.3,10.8,17.9,0,18.2,38.9,38715.15
Pakistan,02-03-2009,23.9,12.9,18.2,0,23.9,46.8,33771.16
Pakistan,03-03-2009,20.9,10.9,15.6,0.8,25.1,51.8,38942.28
Pakistan,04-03-2009,20.2,6.9,13.8,0,16,32.4,39046.55
Pakistan,05-03-2009,20.4,6,14,0,15.5,32.4,39117.09
Pakistan,06-03-2009,21.1,7.3,14.2,1.7,19.8,50.8,37931.42
Pakistan,07-03-2009,19.1,5.5,12.4,0,16.9,36.4,39258.79
Pakistan,08-03-2009,19.7,4.1,12.5,0,15.1,32,39329.77
Pakistan,09-03-2009,20.8,4.8,13.8,0,11.4,27.4,39400.7
Pakistan,10-03-2009,21,5.7,14.5,0,9.4,22,39471.51
Pakistan,11-03-2009,22.6,8.4,16,0,17,34.9,39542.09
Pakistan,12-03-2009,24.9,6.6,17,0,13.2,26.3,39600
Pakistan,13-03-2009,24.7,7.2,17.1,0,10.4,24.5,39600
Pakistan,14-03-2009,23.8,9,17.3,0,10.7,19.4,39600
Pakistan,15-03-2009,24.6,12.5,18.5,0,18.6,34.6,39600
Pakistan,16-03-2009,24.7,11.2,18.7,0,21.4,38.9,39600
Pakistan,17-03-2009,24.4,9.2,17.9,0,13.7,27.7,39600
Pakistan,18-03-2009,23.1,10.7,17.3,0.9,18.2,33.8,31627.28
Pakistan,19-03-2009,21.3,10.6,16,0.3,17.7,36.4,39600
Pakistan,20-03-2009,22.8,11,16.5,1.3,23.6,50,39623.93
Pakistan,21-03-2009,20.9,7.5,14.3,4.2,19,38.2,39600
Pakistan,22-03-2009,18.3,8.4,13,7.4,12.8,28.4,35749.44
Pakistan,23-03-2009,17.2,8.8,12.8,7.4,20.8,43.2,36874.64
Pakistan,24-03-2009,17.5,10.8,13.4,8.4,11.5,31,31291.59
Pakistan,25-03-2009,20.3,8.5,14.2,0,18,30.6,39896.75
Pakistan,26-03-2009,18.5,7.7,13.7,3.1,17.9,36.7,39170.59
Pakistan,27-03-2009,21.1,12.2,15.7,0.4,17.3,33.8,32544.96
Pakistan,28-03-2009,16,11.2,13.3,22.8,15.4,37.1,7632.92
Pakistan,29-03-2009,18.3,10.3,14,0,13,26.6,38225.11
Pakistan,30-03-2009,19.6,8.6,14.5,0,16,32.8,36335.52
Pakistan,31-03-2009,21.1,9.7,16.3,0,14.2,26.3,35942.22
Pakistan,01-04-2009,22.5,12.6,17.4,0,19.9,39.6,39821.21
Pakistan,02-04-2009,20.8,12.7,16.6,0,15.8,29.9,39732.43
Pakistan,03-04-2009,20.7,10.7,15.6,0,14.9,32.4,41140.89
Pakistan,04-04-2009,22.4,7.3,15.4,0,13.7,29.2,40371.98
Pakistan,05-04-2009,21.7,12.7,16.9,0.5,27.2,55.1,41537.62
Pakistan,06-04-2009,20.9,8.9,15.6,0.3,23.9,46.1,40012.21
Pakistan,07-04-2009,17.3,8.4,12.8,3.3,14.7,38.5,33025.9
Pakistan,08-04-2009,17.9,5.2,11.6,0.3,17.4,35.3,42165.72
Pakistan,09-04-2009,19.9,8,14.2,0,13.8,29.9,42239.08
Pakistan,10-04-2009,22.7,10.7,16.6,0,20.5,39.6,42311.7
Pakistan,11-04-2009,24.7,11.8,18.5,0.7,19.3,40.7,35816.21
Pakistan,12-04-2009,26.2,10.7,18.9,0.1,17.8,34.2,42454.49
Pakistan,13-04-2009,26.4,11.8,20.1,0.6,21.9,48.6,42418.02
Pakistan,14-04-2009,23.5,13,17.6,2.4,23.9,46.4,39164.51
Pakistan,15-04-2009,22,10.4,15.6,2.5,22.3,49,36727.95
Pakistan,16-04-2009,23.7,9.2,16.4,0,9.7,22.3,43616.27
Pakistan,17-04-2009,25.7,11.5,19.2,0,14,29.9,43581.05
Pakistan,18-04-2009,29.2,13.2,21.9,0,17.9,33.8,43427.52
Pakistan,19-04-2009,30.4,14.2,23.5,0.2,22.9,39.2,42343.79
Pakistan,20-04-2009,29.5,15.3,23.2,0,24.8,52.6,43449.06
Pakistan,21-04-2009,26.3,13.1,20.2,0,26.6,55.1,44239.9
Pakistan,22-04-2009,25.5,11.2,18.6,0,18,38.5,43339.47
Pakistan,23-04-2009,25.3,10.2,18.7,0,11.9,35.6,37299.9
Pakistan,24-04-2009,26.1,10,19.3,0,14.8,32.4,44524.41
Pakistan,25-04-2009,27.9,11.8,21.4,0,15.3,33.5,43519.11
Pakistan,26-04-2009,30.7,18.2,24.2,0,20.2,39.6,43827.25
Pakistan,27-04-2009,32.9,19.2,26.1,0,19.9,41.8,44518.7
Pakistan,28-04-2009,33.4,17.6,26.5,0,30.5,62.3,44896.63
Pakistan,29-04-2009,33,17.9,26.2,0,19.1,40.7,42141.28
Pakistan,30-04-2009,31.3,16.6,24.9,0,19.3,39.2,39418.72
Pakistan,01-05-2009,31.7,16.6,25.1,0,18.6,31.3,41963.71
Pakistan,02-05-2009,31.4,17.4,24.7,0,23.5,53.3,44231.34
Pakistan,03-05-2009,30.7,17.2,23.4,2.2,24,55.8,42623.05
Pakistan,04-05-2009,25.8,14.1,20.4,0.1,23.7,47.2,45430.13
Pakistan,05-05-2009,25.9,13.3,20,0.2,20.3,44.6,45515.17
Pakistan,06-05-2009,27.3,11,20.5,0,22.5,44.3,44763.12
Pakistan,07-05-2009,30.9,15.9,23.7,0,20.7,45,41418.69
Pakistan,08-05-2009,31.6,17.3,24.6,0.2,25.6,55.4,40235.48
Pakistan,09-05-2009,32.9,17.4,26.1,0,25,52.9,40094
Pakistan,10-05-2009,33.1,19.1,26.2,0,26.1,55.8,45721.31
Pakistan,11-05-2009,33.3,19.3,26.8,0,19,42.8,45757.27
Pakistan,12-05-2009,36.6,21,28.6,0,18.2,43.2,45655.56
Pakistan,13-05-2009,37.2,20.6,29.6,0,22.5,51.1,44357.04
Pakistan,14-05-2009,36.9,20.2,29.5,0,19.4,45.4,45866.16
Pakistan,15-05-2009,36.9,23.3,30.4,0,17,34.2,45902.64
Pakistan,16-05-2009,37,19.8,29.7,0,17.6,34.2,45939.13
Pakistan,17-05-2009,36.4,19.6,29.6,0,14,28.4,45975.55
Pakistan,18-05-2009,36.7,24.2,30.3,0,23.2,43.2,46011.87
Pakistan,19-05-2009,36.4,23.6,30,0,17.9,43.2,46044.41
Pakistan,20-05-2009,34.4,19.6,27.2,0,29,59,45640.79
Pakistan,21-05-2009,33.9,19.4,27.5,0,22.9,38.2,46119.53
Pakistan,22-05-2009,33.9,19.6,27.5,0,14.7,32,46154.79
Pakistan,23-05-2009,34.4,18,28,0,11,25.2,46189.65
Pakistan,24-05-2009,35.2,19.9,28.8,0,15,30.6,45757.73
Pakistan,25-05-2009,34.1,18.5,27.8,0,12.6,29.9,46257.88
Pakistan,26-05-2009,37.4,20.8,29.1,0,23.4,50.8,46291.14
Pakistan,27-05-2009,37.4,20.8,30.1,0,17.6,36.4,46323.75
Pakistan,28-05-2009,37.3,20.6,30.1,0,17,37.4,46355.65
Pakistan,29-05-2009,36,19.6,29.1,0,20.2,36.7,46386.77
Pakistan,30-05-2009,36.1,20.3,29.2,0,11.4,26.6,46417.06
Pakistan,31-05-2009,34.4,23.1,27.6,2.4,21.9,45.4,46446.59
Pakistan,01-06-2009,31.1,21.7,25.9,1,26.8,54.4,45637.58
Pakistan,02-06-2009,32.7,21.5,26.2,3.2,26,49,46505.06
Pakistan,03-06-2009,32.9,19.8,26.2,0.1,22.6,42.1,46533.91
Pakistan,04-06-2009,33,18.8,27.1,0,23.2,47.2,46562.41
Pakistan,05-06-2009,31.3,18.3,25.8,0,22.2,46.1,46590.48
Pakistan,06-06-2009,31.3,17.9,25.1,0,21.4,41,46618.05
Pakistan,07-06-2009,32.2,17.4,25.7,0,19.9,39.6,46645.05
Pakistan,08-06-2009,33.5,18.5,26.8,0,16.8,33.5,46671.38
Pakistan,09-06-2009,35.7,18.5,28,0,23.6,49,46697
Pakistan,10-06-2009,34.7,18.9,28.1,0,19.3,40.3,46721.81
Pakistan,11-06-2009,34.3,19.2,28,0,13.6,28.1,45573.7
Pakistan,12-06-2009,34.3,19.7,28.3,0,15.9,30.6,46768.74
Pakistan,13-06-2009,34.7,22.7,29.2,0,15.5,34.9,46790.7
Pakistan,14-06-2009,33.1,19.3,26.7,0.1,16.9,41,45723.07
Pakistan,15-06-2009,27.6,18.7,23.6,0.6,14,32,45560.13
Pakistan,16-06-2009,29.5,16.6,23.4,0.1,19.8,43.9,46800
Pakistan,17-06-2009,30.5,16.2,23.8,0.9,22.8,46.4,44740.36
Pakistan,18-06-2009,31.4,19.7,24.2,0.6,18.6,37.8,45192.49
Pakistan,19-06-2009,31.3,17.3,24.7,0,16.4,33.8,46800
Pakistan,20-06-2009,33.3,18.5,26.5,0,17.7,33.5,46800
Pakistan,21-06-2009,34.5,18.3,27.9,0,15.6,30.6,46800
Pakistan,22-06-2009,34.9,22.6,29,0,20.2,37.1,46800
Pakistan,23-06-2009,34.6,22.6,28.9,0,20.5,36,43845.82
Pakistan,24-06-2009,34.7,22,28.1,0.4,16.3,45.4,41460.55
Pakistan,25-06-2009,33.7,21.2,27.6,0,19.5,38.5,42183.19
Pakistan,26-06-2009,35.5,23.2,29.3,0,13.5,33.8,37179.39
Pakistan,27-06-2009,37.2,24.4,30.6,0,19.3,39.2,45071.24
Pakistan,28-06-2009,38.1,25.2,31.6,0,17.6,40.3,46800
Pakistan,29-06-2009,39,23.9,31.6,0,20.5,46.8,46224.99
Pakistan,30-06-2009,38.1,23.2,30.6,0,21.9,45.7,46800
Pakistan,01-07-2009,35.5,23.3,29.4,0,23.5,46.4,46800
Pakistan,02-07-2009,34.6,22.8,28.2,0,25.8,50.4,46800
Pakistan,03-07-2009,31.8,22.6,26.2,2,22,45.7,46800
Pakistan,04-07-2009,31.7,21,25.8,2.1,25.2,50,46800
Pakistan,05-07-2009,32,19.5,25.5,2,19.5,40.7,45937
Pakistan,06-07-2009,35.2,22.1,28.7,0.1,13.5,29.5,46800
Pakistan,07-07-2009,37.5,23.1,30.8,0.2,12.3,27,46555.03
Pakistan,08-07-2009,38.6,25,31.6,0,21.3,47.2,46800
Pakistan,09-07-2009,36,24.5,30.4,0,13.8,38.2,45932.32
Pakistan,10-07-2009,33.2,24.1,28.4,2.6,18.3,35.6,46800
Pakistan,11-07-2009,32,23.3,26.6,4.6,10.8,30.2,42809.23
Pakistan,12-07-2009,32.8,22.6,27.2,0.2,18.7,39.2,45981.11
Pakistan,13-07-2009,33.6,23.1,27.7,0,19.1,39.2,46800
Pakistan,14-07-2009,30.4,21.9,26.2,0.8,16.6,34.9,46684.43
Pakistan,15-07-2009,33,22,27.1,0,16.3,29.2,46800
Pakistan,16-07-2009,32.6,22.8,28.3,0,13,29.9,46800
Pakistan,17-07-2009,33.9,23.2,29.3,0,12,26.3,46608.67
Pakistan,18-07-2009,35.2,24.5,28.5,5.4,17.7,36.7,43764.08
Pakistan,19-07-2009,31.1,23,27,0.8,12.2,28.1,46768.55
Pakistan,20-07-2009,34.3,23.3,28.3,0.1,13.3,30.2,46743.18
Pakistan,21-07-2009,34.6,24,28.5,3.6,14.6,35.3,45943.35
Pakistan,22-07-2009,32.7,24,27.2,5.6,18.9,43.2,42441.55
Pakistan,23-07-2009,30.3,22.8,25.8,6.6,15.2,34.6,44242
Pakistan,24-07-2009,30.2,21.6,25.4,0.3,15.6,32.4,43730.85
Pakistan,25-07-2009,31.4,21,26.2,0,12.4,26.3,45395.13
Pakistan,26-07-2009,35.2,22.1,28.4,0,23.5,45.4,46104.58
Pakistan,27-07-2009,38.5,22.1,30.4,0,23.5,46.1,46355.79
Pakistan,28-07-2009,38,23.3,30.2,0,25,52.2,46286.62
Pakistan,29-07-2009,36.2,22.7,29,2.3,18.1,47.5,45499.95
Pakistan,30-07-2009,33.7,22.5,27.7,1.1,17.1,37.1,46145.09
Pakistan,31-07-2009,34.6,22.7,27.8,1.3,16.6,38.9,44991.06
Pakistan,01-08-2009,35.2,23.2,28.7,0,14.5,33.1,45540.02
Pakistan,02-08-2009,36.1,23.4,29.4,0,17.7,36.7,45186.12
Pakistan,03-08-2009,38.8,23.9,30.7,0,15,31.7,45843.69
Pakistan,04-08-2009,38,23.8,30.7,0,15.5,39.2,45722.48
Pakistan,05-08-2009,36.6,24,29.7,0,19.3,42.1,44302.48
Pakistan,06-08-2009,36.3,24.5,29.7,0.3,22.7,39.6,42237.13
Pakistan,07-08-2009,34.6,23.9,28.2,0.2,23.4,49.3,43499.78
Pakistan,08-08-2009,32.4,23.2,27.4,0,18.6,36,44717.66
Pakistan,09-08-2009,33.9,22.9,28,0,20.2,40.3,44541.89
Pakistan,10-08-2009,35.4,22.2,28.8,0,14.4,34.9,44980.7
Pakistan,11-08-2009,34.8,23.7,28.6,2.8,12.9,29.9,43940.9
Pakistan,12-08-2009,33.4,24.2,28.6,0,14.3,28.8,44334.45
Pakistan,13-08-2009,34.9,22.8,28.9,0,17.3,36.4,44293.46
Pakistan,14-08-2009,36.1,23.2,29.6,0.3,14.3,33.5,43692.11
Pakistan,15-08-2009,33.2,24.3,27.8,3.6,15.2,33.1,40580.4
Pakistan,16-08-2009,30.8,23.7,26.7,1.5,15,29.2,41626.91
Pakistan,17-08-2009,31.4,22.5,26.4,0.2,21.3,41,37948.02
Pakistan,18-08-2009,32.7,22.9,27.2,0.3,22.3,45,41836.23
Pakistan,19-08-2009,32.2,22.8,26.5,1.1,19.1,39.6,40315.85
Pakistan,20-08-2009,32,22.9,26.6,0.1,26.1,49.3,37685.55
Pakistan,21-08-2009,33.4,22.4,26.1,0.4,23,51.5,40733.85
Pakistan,22-08-2009,31.5,21.4,25.9,0.7,21.6,44.6,39042.81
Pakistan,23-08-2009,32.4,21.3,26.1,1,18.4,36.7,39867.37
Pakistan,24-08-2009,32.1,21.9,25.6,0.1,19.3,43.6,33504.6
Pakistan,25-08-2009,32,22.2,25.6,2.8,20.2,44.6,37372.8
Pakistan,26-08-2009,30.1,22.1,25.3,0.7,19.2,40.3,41154.3
Pakistan,27-08-2009,30.9,21.1,25.3,0.1,18.2,35.3,41025.79
Pakistan,28-08-2009,31.1,21.9,25.7,1.9,12.3,26.3,38310.9
Pakistan,29-08-2009,30.3,21.4,25.7,0.4,12.2,29.5,37235.21
Pakistan,30-08-2009,30.4,22,25.9,1.2,12.2,28.8,40450.12
Pakistan,31-08-2009,30.9,21.1,25.8,0.7,17,32,39328.75
Pakistan,01-09-2009,30.5,21.1,25.4,0.5,19.1,42.1,39927.33
Pakistan,02-09-2009,32.2,21.6,26,0.3,26.6,47.9,39600
Pakistan,03-09-2009,30.7,20.4,25.5,0,20.9,42.1,39600
Pakistan,04-09-2009,29.9,18.1,23.7,0,13.3,27.7,40197.55
Pakistan,05-09-2009,31.3,18.7,24.6,0,19.8,39.2,40326.94
Pakistan,06-09-2009,30.3,19.4,24.6,0,22.9,41.8,40831.87
Pakistan,07-09-2009,29.5,19.8,24.1,0,21,37.1,40703.73
Pakistan,08-09-2009,32,17.8,25.2,0,14.9,28.8,40825.05
Pakistan,09-09-2009,32.4,17,25.7,0,12.7,27.4,40821.33
Pakistan,10-09-2009,32,16,24.5,0,18.5,37.4,40574.3
Pakistan,11-09-2009,31.9,19.4,25.6,0,16.3,33.5,40572.36
Pakistan,12-09-2009,32.2,19.7,25.8,0,16.5,31.3,40570.21
Pakistan,13-09-2009,33.7,18.9,26.1,0,20.2,38.5,40449.74
Pakistan,14-09-2009,34.3,19.5,26.7,0,17.7,38.2,40331.37
Pakistan,15-09-2009,33.7,20.3,26.6,0,21.6,41.8,39086.26
Pakistan,16-09-2009,30.6,18.4,24.2,1.7,22.6,49.7,35772.83
Pakistan,17-09-2009,30,18.8,23.9,1.2,16.4,36.7,39876.12
Pakistan,18-09-2009,32.9,18.9,25.8,0,16.8,36.7,40103.99
Pakistan,19-09-2009,35.3,18.4,27.3,0,14.4,32,40105.1
Pakistan,20-09-2009,35.8,19.5,28.1,0,14.4,29.5,40042.5
Pakistan,21-09-2009,36,21.1,28.3,0,18.4,38.9,39966.33
Pakistan,22-09-2009,35.1,19.5,28,0,13.8,31.7,39783.41
Pakistan,23-09-2009,36.1,21.2,28.4,0,16,33.8,39708.66
Pakistan,24-09-2009,35.5,19.1,27.7,0,16.8,32,39634.05
Pakistan,25-09-2009,35.4,20.3,27.5,0,15.4,33.5,39457.26
Pakistan,26-09-2009,34.8,20.3,27.3,0,18.5,34.6,39384.69
Pakistan,27-09-2009,32.8,19.1,26.3,0,17.6,37.1,39213.21
Pakistan,28-09-2009,31.9,20.4,25.9,0,17.7,32.8,39142.97
Pakistan,29-09-2009,33.5,19.5,26.4,0,10.1,24.8,39072.14
Pakistan,30-09-2009,33.9,19.3,27,0,13,25.6,39000.68
Pakistan,01-10-2009,32.4,17.4,26.1,0,13.8,26.6,38928.65
Pakistan,02-10-2009,30.9,17.6,24.8,0,14.1,25.6,38765.3
Pakistan,03-10-2009,30.5,18.4,24.8,0,17,28.8,38605.23
Pakistan,04-10-2009,29.4,19,23.8,0,13.2,27.4,38622.84
Pakistan,05-10-2009,26.3,15.5,20.3,0,16.1,26.6,34812.1
Pakistan,06-10-2009,27.7,12.6,21.1,0,10.2,22.3,38396.42
Pakistan,07-10-2009,28.7,13.7,21.8,0,14.5,30.6,38326.72
Pakistan,08-10-2009,30.1,15.1,22.4,0,15.5,34.2,38257.09
Pakistan,09-10-2009,28.6,15,22,0,13,28.8,38187.61
Pakistan,10-10-2009,27.3,12.4,21,0,13.1,27.7,38044.07
Pakistan,11-10-2009,26.6,12,20.4,0,9.6,23.8,37977.51
Pakistan,12-10-2009,26.3,12.2,20.5,0,13.2,26.6,37853.58
Pakistan,13-10-2009,26.2,14.3,21,0,11.9,24.5,37702.35
Pakistan,14-10-2009,26.2,11.9,20.2,0,12.6,25.6,37564.96
Pakistan,15-10-2009,25.4,10.3,19.1,0,12.2,25.9,37431.09
Pakistan,16-10-2009,24.7,9.7,18.3,0,16.3,33.8,37078.39
Pakistan,17-10-2009,23.7,13.6,18.8,0.3,13.7,31.7,36848.78
Pakistan,18-10-2009,24,9.4,18,0,11.3,22,37052.2
Pakistan,19-10-2009,23.7,7.7,16.7,0,14.8,31.7,36933.76
Pakistan,20-10-2009,22.5,7.7,16.1,0,11.3,24.5,36819.44
Pakistan,21-10-2009,22.4,7.7,16,0,11.8,23.4,36709.45
Pakistan,22-10-2009,22.3,8.6,15.8,0,16,32.8,36698.23
Pakistan,23-10-2009,24.6,8.4,16.8,0,20,43.6,36503.41
Pakistan,24-10-2009,22.7,11.5,16.9,0,19,39.2,36495.65
Pakistan,25-10-2009,22.3,6.5,15.7,0,9.1,20.5,36402
Pakistan,26-10-2009,23.5,6.8,16.1,0,13.7,26.6,35840.39
Pakistan,27-10-2009,24.2,11.2,18,0,13.8,28.8,36000
Pakistan,28-10-2009,24.7,12.1,19,0,14.2,31.3,36006.14
Pakistan,29-10-2009,24.5,9.3,17.7,0,16.6,33.8,36000
Pakistan,30-10-2009,25.3,12.8,19.2,0,17.1,34.2,34018.77
Pakistan,31-10-2009,25.9,12.7,19.4,0,17.7,37.1,36043.9
Pakistan,01-11-2009,25.8,9.2,18.4,0,12,23.8,35906.77
Pakistan,02-11-2009,24.7,12.7,18.8,0.2,12.9,23,35368.82
Pakistan,03-11-2009,23.3,10.6,17.1,0,15.1,29.5,35807.2
Pakistan,04-11-2009,23,9.8,17.1,0,8.6,18,35381.47
Pakistan,05-11-2009,23.4,11.3,17.6,0,12.6,23.8,35706.63
Pakistan,06-11-2009,22.5,10.8,16.9,0,10.5,23,35656.03
Pakistan,07-11-2009,22.5,12.2,17.2,0,15.2,32.4,35605.26
Pakistan,08-11-2009,22.2,11.8,16.8,0,18,36,35553.99
Pakistan,09-11-2009,20.6,7.2,13.8,0,21.9,43.9,35502.06
Pakistan,10-11-2009,20.6,4.5,12.5,0,18.7,38.5,35449.55
Pakistan,11-11-2009,20.3,3.6,12.2,0,9.2,17.3,35396.5
Pakistan,12-11-2009,21.7,2.6,12.5,0,11.4,24.5,35343.03
Pakistan,13-11-2009,20.2,2.2,11.9,0,10.3,23.8,35289.18
Pakistan,14-11-2009,20.3,4.7,12.8,0,10.6,21.2,35235.04
Pakistan,15-11-2009,19.3,8,13.3,0,12.7,28.4,35180.68
Pakistan,16-11-2009,17.9,4.3,11.8,0,10.4,23.4,35126.18
Pakistan,17-11-2009,17,2.2,10.5,0,9.4,20.2,35068.48
Pakistan,18-11-2009,17,1.2,10.2,0,9.5,18.4,34984.66
Pakistan,19-11-2009,18.6,4.3,11.6,0,9.2,18.7,34902.51
Pakistan,20-11-2009,20,6.8,13,0,13.1,25.6,34822.17
Pakistan,21-11-2009,20.6,6.8,14.1,0,12.1,24.5,34743.76
Pakistan,22-11-2009,18.8,6.8,13.2,0,19.4,37.1,34667.41
Pakistan,23-11-2009,18.9,7.7,13.2,0,14.6,27.7,34593.27
Pakistan,24-11-2009,16.8,7,11.9,0,19.3,38.9,34521.45
Pakistan,25-11-2009,17.3,8.3,12.4,0,15.3,29.9,34452.11
Pakistan,26-11-2009,16.9,3.8,10.3,0,13.4,28.8,34385.36
Pakistan,27-11-2009,17.8,6.4,11.8,0,9.8,20.9,33972.02
Pakistan,28-11-2009,19.9,5.9,13,0,8.2,15.8,33949.95
Pakistan,29-11-2009,20.3,7.5,14.1,0,9.8,17.3,31446.85
Pakistan,30-11-2009,19.8,7.4,13.8,0,13.9,25.9,34141.25
Pakistan,01-12-2009,18.9,5.8,13.1,0,10,19.4,34085.03
Pakistan,02-12-2009,19.1,5.8,13,0,9.4,18.4,34030.82
Pakistan,03-12-2009,18.1,6.5,12.4,0,13.5,28.1,33101.48
Pakistan,04-12-2009,17.3,5.5,12.2,0,11,20.2,33928.84
Pakistan,05-12-2009,14.6,3.3,8.6,0,19.1,39.6,33881.22
Pakistan,06-12-2009,13.3,-0.8,6.9,0,12.3,27,33835.96
Pakistan,07-12-2009,14.7,-0.1,7.9,0,8.6,18.7,33793.12
Pakistan,08-12-2009,16.7,1.7,9.6,0,9.3,19.1,33752.81
Pakistan,09-12-2009,15.1,6,10.4,0.8,16.7,32,25789.93
Pakistan,10-12-2009,14.1,5.2,9.6,0,10.9,24.8,33533.06
Pakistan,11-12-2009,14.5,2,8.9,0,10,23.8,32547.73
Pakistan,12-12-2009,12.5,5.6,8.8,0.4,9.5,19.1,24309.62
Pakistan,13-12-2009,14.4,0.9,8.3,0,9.8,23,33591.79
Pakistan,14-12-2009,12.5,4.6,8.4,4.3,9.1,22,12001.34
Pakistan,15-12-2009,14,6,9.8,0,10.1,23,33113.08
Pakistan,16-12-2009,14,2.7,8.4,0,10.8,24.8,32923.91
Pakistan,17-12-2009,14.1,-1.2,7.7,0,8.9,19.1,33422.14
Pakistan,18-12-2009,14.1,0.4,7.8,0,8.4,14,33333.4
Pakistan,19-12-2009,14.4,1.6,8.2,0.3,11.9,23.8,32504.05
Pakistan,20-12-2009,13.8,3.4,8.7,0.5,9,23.4,32898.18
Pakistan,21-12-2009,13.8,2.1,8.1,0,11.5,24.1,33100.35
Pakistan,22-12-2009,14.9,2.5,8.9,0,11.2,24.5,33097.22
Pakistan,23-12-2009,15.6,1.2,8.6,0,12.6,27.7,33087.55
Pakistan,24-12-2009,15.1,-2.8,7,0,10.2,18.7,33162.52
Pakistan,25-12-2009,15.4,2.5,9.2,0,8.4,17.6,32985.48
Pakistan,26-12-2009,15.2,0.1,8.7,0,9.4,15.5,32977.71
Pakistan,27-12-2009,13.9,3,9,0,12.1,25.2,32400
Pakistan,28-12-2009,13.9,1,8.2,0,12.5,23.8,32884.28
Pakistan,29-12-2009,12.3,3.4,8.1,3.2,12.3,26.3,32492.41
Pakistan,30-12-2009,13.6,0.3,7.4,0.1,9.9,23.4,32572.9
Pakistan,31-12-2009,14.8,1.2,8.6,0,8.4,18.4,32906.96
Pakistan,01-01-2010,14.8,0.6,8.4,0,9.5,17.6,32903.44
Pakistan,02-01-2010,13.2,-0.4,7.3,0,12.7,24.8,32859.53
Pakistan,03-01-2010,13.4,5,9.4,1.7,12.7,26.3,27998.48
Pakistan,04-01-2010,14.5,0.2,7.9,0,11.5,25.6,32924.36
Pakistan,05-01-2010,19.9,-1.6,10.1,0,13.6,28.1,33054.77
Pakistan,06-01-2010,18.2,0.5,9.6,0,12.5,24.1,33120.38
Pakistan,07-01-2010,15,1.3,9,0,11.2,22,33130.37
Pakistan,08-01-2010,15.2,-0.7,8.7,0,9.5,21.6,33206.09
Pakistan,09-01-2010,14.5,-1.6,7.8,0,10.5,24.1,33288.42
Pakistan,10-01-2010,14.5,-1.7,7.9,0,9.8,17.6,33377.22
Pakistan,11-01-2010,14.4,0.5,8.3,0,8.6,19.4,33396.11
Pakistan,12-01-2010,10.1,3.6,7.1,1.6,13.8,29.2,25037.02
Pakistan,13-01-2010,15,-2.1,7,0,11.5,25.9,33680.52
Pakistan,14-01-2010,14.6,-0.2,8.2,0,10.4,22.7,33707.14
Pakistan,15-01-2010,17.8,2.2,10.6,0,8.7,16.6,33911.14
Pakistan,16-01-2010,18.1,1.4,10.4,0,10.1,18.4,34015.7
Pakistan,17-01-2010,19.8,1.7,12,0,9.5,22,34151.39
Pakistan,18-01-2010,17.9,1.4,10.8,0,11.6,25.6,34212.36
Pakistan,19-01-2010,17.6,2.5,10.7,0,10.6,20.9,33726.07
Pakistan,20-01-2010,17.4,3.3,11.2,0,10.5,19.4,34335.78
Pakistan,21-01-2010,17.9,2.5,11.1,0,9.9,19.4,32695.91
Pakistan,22-01-2010,19.2,7.2,13.1,0,11.3,22.7,34460.18
Pakistan,23-01-2010,16.1,6.4,10.9,1.9,15.6,32.8,28234.08
Pakistan,24-01-2010,15.1,4.1,9.5,4.7,19.3,37.8,31354.37
Pakistan,25-01-2010,15.9,2.7,9.7,0,9,18.7,34815.43
Pakistan,26-01-2010,15.3,3.9,10.1,1.5,16.2,31.7,34534.64
Pakistan,27-01-2010,14.7,4,10.1,0.2,13.7,33.8,34768.77
Pakistan,28-01-2010,13.7,5.5,8.8,10.1,21.9,47.5,30739.56
Pakistan,29-01-2010,13.9,2.1,8.3,0,16.6,33.8,35349.92
Pakistan,30-01-2010,13.8,0.7,7.7,0,13.6,27.7,35140.87
Pakistan,31-01-2010,14.8,2.7,8.8,0,11.9,32.4,35587.34
Pakistan,01-02-2010,13.8,0.4,7.9,0,8.4,19.4,35660.25
Pakistan,02-02-2010,13.9,0,7.5,0,11.5,24.5,35732.92
Pakistan,03-02-2010,15.5,3,10,0.3,16.6,32.8,34842.61
Pakistan,04-02-2010,15.9,3.9,10.9,0.1,18.7,40.7,35876.84
Pakistan,05-02-2010,17.5,8,12.5,0.5,23.5,44.6,32098.15
Pakistan,06-02-2010,16.7,8,12.5,0,22.5,45.4,28574.48
Pakistan,07-02-2010,15.1,8.5,11.7,2.5,23,45.4,21095.1
Pakistan,08-02-2010,12.9,2.9,8.9,0.7,24.9,54.4,19837.58
Pakistan,09-02-2010,10.5,-0.1,4.4,0,34.8,68.4,36520.39
Pakistan,10-02-2010,11.1,-4.7,3.8,0,10.3,26.3,35712.58
Pakistan,11-02-2010,12.6,-0.9,6.4,0,11.2,23.4,36727.87
Pakistan,12-02-2010,14.4,1,8.4,0,11.2,25.9,35365.59
Pakistan,13-02-2010,14.8,0,8.4,0,15.8,30.6,36936.59
Pakistan,14-02-2010,15.7,2.1,9.2,0,22.9,46.4,37041.16
Pakistan,15-02-2010,12.8,0.9,7.1,0,18.1,32,37145.79
Pakistan,16-02-2010,13.2,-2.7,5.9,0,17.2,36.7,37251.28
Pakistan,17-02-2010,16,-1.8,8,0,9,20.9,37357.96
Pakistan,18-02-2010,21,5.1,13,0,17.8,37.4,37465.71
Pakistan,19-02-2010,21.3,5.1,13.7,0,14.7,25.6,37574.43
Pakistan,20-02-2010,21.5,7.7,14.5,0,18.3,36.4,37684.02
Pakistan,21-02-2010,21.5,7.1,15.1,0,19.4,39.6,37794.36
Pakistan,22-02-2010,20.5,6.2,14.5,0,17.2,35.6,37905.38
Pakistan,23-02-2010,19.2,4.9,12.9,0,15.1,26.3,35647.23
Pakistan,24-02-2010,20.5,9.9,14.8,0,15.5,29.9,38128.94
Pakistan,25-02-2010,20.4,9.5,15.1,0.9,25.8,51.8,32083.83
Pakistan,26-02-2010,22.3,7.3,15.6,0,22.3,44.3,38353.95
Pakistan,27-02-2010,22.9,12,17.4,0,22.7,43.6,38466.77
Pakistan,28-02-2010,21.2,12.1,16.5,0.1,22.5,55.1,33342.91
Pakistan,01-03-2010,23,10.8,16.6,0,20.1,42.5,38692.54
Pakistan,02-03-2010,22.6,5.8,15.1,0,15.6,30.6,38805.32
Pakistan,03-03-2010,18.5,11.6,14.8,7.9,19.7,39.6,36601.58
Pakistan,04-03-2010,17.2,9.3,13,6.7,15,30.6,35998.3
Pakistan,05-03-2010,16.8,6,11.6,4.2,15.5,35.6,39100.59
Pakistan,06-03-2010,16.7,9.5,12.2,1.3,15.3,34.6,30806.67
Pakistan,07-03-2010,17.4,2.8,10.8,0,13.6,29.5,39237.62
Pakistan,08-03-2010,20.9,7.6,13.9,0,14.8,31,39306.65
Pakistan,09-03-2010,21.3,6.1,14.7,0,11.3,25.6,39376.67
Pakistan,10-03-2010,23,6.2,15.9,0,11.3,21.2,39447.59
Pakistan,11-03-2010,23.8,8.6,17.1,0,15.9,29.2,37563.74
Pakistan,12-03-2010,26.2,10.7,19,0,21.6,48.2,39591.7
Pakistan,13-03-2010,27.5,12,20.2,0,23.4,50,39600
Pakistan,14-03-2010,28.7,12.8,21,0,17.9,40,39600
Pakistan,15-03-2010,29.9,15.3,22.2,0,14,31.7,39600
Pakistan,16-03-2010,28.7,10.7,21.1,0,14.9,27.7,39600
Pakistan,17-03-2010,28.2,11.7,21,0,15.8,31,39600
Pakistan,18-03-2010,29.2,13.2,22.3,0,15.9,29.9,39600
Pakistan,19-03-2010,31.1,15.7,23.7,0,16.8,34.2,39600
Pakistan,20-03-2010,32.1,13.9,24.2,0,15.8,33.1,39624.85
Pakistan,21-03-2010,31.6,16.3,24.8,0,15.6,30.6,39621.62
Pakistan,22-03-2010,31,13.3,23.4,0,18,32.4,39762.55
Pakistan,23-03-2010,29.4,15.8,23,0,21.4,43.2,39823.53
Pakistan,24-03-2010,28.2,9.8,20.2,0,19.5,38.5,39965.22
Pakistan,25-03-2010,28,11.7,21.2,0,15,32,37359.54
Pakistan,26-03-2010,28.2,15.1,22.4,0,15.5,29.2,40122.3
Pakistan,27-03-2010,28.2,12.2,21.6,0,17,32.4,40212.11
Pakistan,28-03-2010,29.4,13.9,22.6,0,18.6,34.2,40230.05
Pakistan,29-03-2010,29.1,15.5,23.3,0,23.6,41.4,40407.68
Pakistan,30-03-2010,28.9,14.5,21.7,0,26.2,57.6,40771.87
Pakistan,31-03-2010,27.2,11.8,20.4,0,17.1,36.7,40805.62
Pakistan,01-04-2010,27.6,14.3,21.4,0,18.9,39.2,40618.22
Pakistan,02-04-2010,26.5,12.5,20.5,0,16.6,35.6,40202.96
Pakistan,03-04-2010,27.2,12.4,19.8,0.5,22.4,54.4,41264.73
Pakistan,04-04-2010,27.1,11.7,20.8,0,15.8,33.8,41579.25
Pakistan,05-04-2010,27.5,12.1,20.9,0,15.9,31.7,42019.29
Pakistan,06-04-2010,28.3,10.3,21,0,16.4,34.9,42191.99
Pakistan,07-04-2010,29.9,15,23.3,0,16.9,35.3,41982.07
Pakistan,08-04-2010,31,18.5,25,0,16.8,36.7,41568.13
Pakistan,09-04-2010,30.8,15.2,24.9,0,19.1,36.7,42226.72
Pakistan,10-04-2010,31.7,17.1,25.3,0,17.1,33.5,41691.45
Pakistan,11-04-2010,30.2,18.8,24.6,0,25.5,46.4,33254.65
Pakistan,12-04-2010,31.2,14.1,24,0,21.2,45.7,42754.8
Pakistan,13-04-2010,31.3,14.1,24.6,0,15.6,28.4,43146.79
Pakistan,14-04-2010,32.4,14.9,25.5,0,16.3,31.7,43223.82
Pakistan,15-04-2010,34.2,21.3,27.9,0,21.5,43.6,43081.07
Pakistan,16-04-2010,34.4,18,27.8,0,16.8,33.1,42087.96
Pakistan,17-04-2010,34.6,18.6,28.2,0,21.9,43.6,35717.87
Pakistan,18-04-2010,34.3,20.3,28.2,0,22.2,45,43240.75
Pakistan,19-04-2010,32,18.9,26.4,0,17.8,37.4,43819.57
Pakistan,20-04-2010,29.9,18.9,25,0,20.1,40.7,43194.26
Pakistan,21-04-2010,27.9,16.1,22.7,0,19.7,40.7,44201.41
Pakistan,22-04-2010,28.4,13.5,22,0,20.1,44.3,44310.2
Pakistan,23-04-2010,30.8,16.2,24.4,0,24.1,45,43384.05
Pakistan,24-04-2010,30.9,15.9,24.9,0,16.1,36.4,43201.45
Pakistan,25-04-2010,31.5,18,25.6,0.9,15.8,36,38407.18
Pakistan,26-04-2010,31.7,17,24.8,0.7,18.7,41.4,25542.59
Pakistan,27-04-2010,27.8,15.5,21.3,5.1,20,47.9,43353.87
Pakistan,28-04-2010,29.4,14.6,22.4,2.2,17,35.3,37515.2
Pakistan,29-04-2010,28.7,15.4,21.7,1.9,17,38.5,39261.5
Pakistan,30-04-2010,26.6,16.2,21.3,0.3,18.2,40.3,37018.48
Pakistan,01-05-2010,29.7,15.6,22.8,0,12.3,30.6,40650.09
Pakistan,02-05-2010,33.5,17.8,26.6,0,12.8,28.4,45237.66
Pakistan,03-05-2010,35.7,19.1,28.4,0,20.4,36.7,43069.55
Pakistan,04-05-2010,35.3,22.8,29,0.1,25.4,49.7,36859.98
Pakistan,05-05-2010,29.6,21.1,25.2,0.4,29.6,63.4,45493.38
Pakistan,06-05-2010,23.4,17.3,20.7,5.4,14.5,33.8,34647.39
Pakistan,07-05-2010,27.6,15.4,21.6,0,18.1,46.1,44663.07
Pakistan,08-05-2010,26.9,14.8,21.1,3,17.6,42.1,43424.33
Pakistan,09-05-2010,28.6,13.2,21.4,0,17.6,37.4,40613.5
Pakistan,10-05-2010,29.8,16.1,23.6,0,18.9,38.5,45711.4
Pakistan,11-05-2010,32.2,17.4,25.4,0,21,43.2,45748.5
Pakistan,12-05-2010,33.4,18.8,26.8,0,24.9,50.8,45785.61
Pakistan,13-05-2010,32.3,18.8,26.5,0,16.4,38.2,45822.68
Pakistan,14-05-2010,33.6,19,27.1,0,16.3,34.9,45859.67
Pakistan,15-05-2010,34.1,16.6,27.1,0,18.8,35.6,45896.52
Pakistan,16-05-2010,35.2,23.5,29.2,0,28.3,54,38183.32
Pakistan,17-05-2010,31.2,22.9,27.6,0,19.4,35.6,41754.22
Pakistan,18-05-2010,30.8,21.2,26.7,0.1,18.9,39.6,42405.76
Pakistan,19-05-2010,33.7,19.1,27.2,0,17.7,39.2,46041.57
Pakistan,20-05-2010,35.7,19.4,28.6,0,15.8,36.7,46077
Pakistan,21-05-2010,36.8,22.1,30.1,0,19.2,39.6,46111.99
Pakistan,22-05-2010,38.1,24.8,31.8,0.1,19,39.6,43425.6
Pakistan,23-05-2010,38.7,21.1,31.9,0,26.2,59.4,46180.45
Pakistan,24-05-2010,39.4,23.7,32.1,0,25.9,54.7,46213.81
Pakistan,25-05-2010,39.5,24.6,32.3,0,21.8,44.6,46246.52
Pakistan,26-05-2010,40.2,23,32.9,0,26.7,52.2,46278.67
Pakistan,27-05-2010,38.6,23.4,31.9,0,35.4,70.9,46310.77
Pakistan,28-05-2010,34.9,21.4,28.9,0,21.3,47.5,46342.79
Pakistan,29-05-2010,33.8,18.9,27.5,0,17.2,39.2,46374.68
Pakistan,30-05-2010,34.3,18.1,27.5,0,15.5,33.5,46406.36
Pakistan,31-05-2010,36.1,23,29.6,0,23.5,45.7,46437.75
Pakistan,01-06-2010,37.2,22.1,30.6,0,17.8,33.8,45310.89
Pakistan,02-06-2010,34.5,22.5,28.9,0.7,21.8,50,38528.77
Pakistan,03-06-2010,34.2,23.5,28.2,0,23.4,49.7,42227.81
Pakistan,04-06-2010,34.1,20.4,27.9,0,23.7,46.4,46558.93
Pakistan,05-06-2010,32,16.3,25.8,0,26.3,49.3,46587.75
Pakistan,06-06-2010,28.7,18,24.3,0,16.8,37.8,46483.65
Pakistan,07-06-2010,28.7,18.3,23.9,0,20.6,42.8,46643.12
Pakistan,08-06-2010,30.9,17.4,24.6,0,20.6,41.4,46669.51
Pakistan,09-06-2010,32.7,18.3,25.5,0,19.3,38.9,46694.94
Pakistan,10-06-2010,34,18.2,26.3,0,20,42.5,46719.33
Pakistan,11-06-2010,34.6,20.1,27.5,0.2,19.7,40.7,45864.04
Pakistan,12-06-2010,34.5,20.4,28.6,0,21.1,41.8,46764.72
Pakistan,13-06-2010,35.4,20.5,29.2,0,17.4,35.3,46785.56
Pakistan,14-06-2010,32.5,21.7,27.5,1.1,20.3,40.7,45146.21
Pakistan,15-06-2010,29.6,19.1,23.8,1.8,18.2,43.9,41645.56
Pakistan,16-06-2010,30,17.4,23.3,1.5,21.1,45.4,46114.73
Pakistan,17-06-2010,31.6,17.5,25.7,0.1,17.8,36.4,46800
Pakistan,18-06-2010,34.1,22.1,28.2,0.2,17.7,37.1,46800
Pakistan,19-06-2010,37.5,22.2,30.4,0,16,31.7,46800
Pakistan,20-06-2010,39.4,24,32.2,0,17.2,37.1,46800
Pakistan,21-06-2010,39.4,24.5,32.8,0,16.1,38.5,46800
Pakistan,22-06-2010,39.4,25.8,32.8,0,17.6,38.2,46800
Pakistan,23-06-2010,39.2,23.8,31.8,0,26.6,47.2,46800
Pakistan,24-06-2010,35.7,23.5,28.2,3.5,27,46.8,46800
Pakistan,25-06-2010,32.4,21.7,26.3,7.4,23.9,47.9,46800
Pakistan,26-06-2010,32.1,23.2,27.4,0.8,20.4,43.6,46800
Pakistan,27-06-2010,35.9,23.3,29.3,0.2,15.7,39.2,46800
Pakistan,28-06-2010,37.3,22.6,30.5,0,19.1,43.2,46800
Pakistan,29-06-2010,36.6,22.1,29.8,0,20.6,41.4,46800
Pakistan,30-06-2010,32.4,23.1,27.4,0.2,19.1,38.5,46800
Pakistan,01-07-2010,33.4,22.2,27.5,0,19.1,41.4,46391.09
Pakistan,02-07-2010,31.5,22.5,26.7,2.2,20,37.1,46530.68
Pakistan,03-07-2010,33.8,20.8,27.4,0,16.2,36.7,46371.05
Pakistan,04-07-2010,34.1,22.4,26.8,12.5,17.7,41.4,43941.63
Pakistan,05-07-2010,28.2,19.9,23.8,16.6,14.4,29.5,38405.77
Pakistan,06-07-2010,27.3,20.1,23.5,4.3,10,23.8,45367.09
Pakistan,07-07-2010,28.9,20,24.6,0.5,12.4,26.3,45751.3
Pakistan,08-07-2010,30.5,19.5,25.3,0,10.9,24.5,46800
Pakistan,09-07-2010,32.7,21,27.2,0,17.5,32.4,46800
Pakistan,10-07-2010,35.5,21.2,28.4,0,14.3,35.3,46800
Pakistan,11-07-2010,38.4,23.4,30.6,0,21.5,41.4,46125.71
Pakistan,12-07-2010,38.2,23.4,29.8,1.1,23.2,51.5,46800
Pakistan,13-07-2010,27,21.6,23.9,10.2,15.9,36.7,22772.45
Pakistan,14-07-2010,28.2,20.1,23.7,0.5,11,23.8,41276.47
Pakistan,15-07-2010,30.7,19.2,25.5,0,9,20.5,46800
Pakistan,16-07-2010,32.7,20.6,27.5,0.1,11.5,23.8,46402.6
Pakistan,17-07-2010,34,22.7,29.1,0,13.5,26.6,46800
Pakistan,18-07-2010,36,24.8,30.4,0.2,18.6,39.2,46798.89
Pakistan,19-07-2010,36.8,24.2,31,0.1,20.8,41.4,46625.38
Pakistan,20-07-2010,36.4,24.3,30.3,0.4,22.4,46.8,44313.02
Pakistan,21-07-2010,28.3,23.2,25.6,9,19.5,36.7,20377.05
Pakistan,22-07-2010,25,21.2,22.8,5.6,10.5,30.6,18473.31
Pakistan,23-07-2010,28,19.8,23.6,2.6,9.7,19.8,42710.68
Pakistan,24-07-2010,30.5,20.4,25.1,0.2,11.8,20.2,42328.21
Pakistan,25-07-2010,31.5,19.7,26.1,0.2,12.8,27,46510.12
Pakistan,26-07-2010,32.2,21.3,27.5,0,12.7,28.4,46196.48
Pakistan,27-07-2010,31,22.2,26.6,1,16.4,36.4,43391.88
Pakistan,28-07-2010,25,22.2,23.2,12.3,14.6,29.5,1888.11
Pakistan,29-07-2010,26.2,20.3,22.8,8.8,7.6,18,10311.71
Pakistan,30-07-2010,27.6,20.6,23.6,3.9,10.6,26.3,44832.7
Pakistan,31-07-2010,29.7,21.1,24.6,0.5,9.4,24.5,40518.55
Pakistan,01-08-2010,28.6,21.2,24.3,2.3,15.1,28.4,35710.45
Pakistan,02-08-2010,27.8,20.4,24.1,0.9,14.3,32,36002.29
Pakistan,03-08-2010,23.9,21.1,22.3,21.3,13.7,32.4,6310.31
Pakistan,04-08-2010,25,19.7,21.9,7.4,18,34.6,19291.18
Pakistan,05-08-2010,25.8,20.8,22.8,11.4,17,34.2,29424.67
Pakistan,06-08-2010,27.6,20.6,23.4,6.6,12.9,26.3,31257.5
Pakistan,07-08-2010,25.7,21.5,23.4,5.4,14,29.2,23448.21
Pakistan,08-08-2010,25,20.9,22.5,15,11.2,20.9,380.26
Pakistan,09-08-2010,26.3,19.7,22.8,0.9,9,20.9,25399.14
Pakistan,10-08-2010,27.5,20.9,23.8,2.3,11.6,24.8,37628.28
Pakistan,11-08-2010,29.9,22,25,0.6,9,22.7,37711.28
Pakistan,12-08-2010,30.2,22.6,25.4,0.1,10.9,25.6,37706.57
Pakistan,13-08-2010,28.5,22.4,24.7,2.2,16.5,30.6,38716.59
Pakistan,14-08-2010,29.4,22.4,24.8,0.3,10.9,23.8,36856.63
Pakistan,15-08-2010,26.8,21.7,23.4,5.8,10.5,27.4,16590.89
Pakistan,16-08-2010,26.9,19.6,23,7,13.3,28.1,36131.21
Pakistan,17-08-2010,28,19.8,23.7,0.3,10.1,22,37091.44
Pakistan,18-08-2010,28.9,21.9,24.5,2,9,21.2,28800
Pakistan,19-08-2010,30.8,22.2,25.8,0,10.6,23,38941.13
Pakistan,20-08-2010,30.4,23,25.8,1.2,13.7,27.7,35767.62
Pakistan,21-08-2010,30.4,22.7,25.7,0,14.7,29.5,34945.97
Pakistan,22-08-2010,31.2,21.5,25.6,0,15.3,28.8,39254.41
Pakistan,23-08-2010,32.1,22,26.1,0,19.1,34.9,37751.46
Pakistan,24-08-2010,31.7,22.5,26,0.1,22.6,43.9,40340.75
Pakistan,25-08-2010,26.4,20.5,22.8,12.8,16.9,36.7,34955.04
Pakistan,26-08-2010,24.3,19.3,21.4,1,12.5,25.2,35047.94
Pakistan,27-08-2010,27.6,16.9,22.3,0,7.9,18.4,40841.5
Pakistan,28-08-2010,30.6,18.8,24.3,0,13.2,24.5,41684.29
Pakistan,29-08-2010,31.1,18.7,24.8,0,14.3,30.2,41684.53
Pakistan,30-08-2010,31.8,18.8,25.1,0,17.4,33.1,40850.07
Pakistan,31-08-2010,30.6,18.7,25,0.3,15.7,31.3,40980.48
Pakistan,01-09-2010,30.5,19.9,24.8,1.5,13.5,31.3,39779.85
Pakistan,02-09-2010,31,21.6,25.6,0,15.5,35.6,39625.48
Pakistan,03-09-2010,31.4,21.8,25.3,1.1,16.8,37.8,40582.49
Pakistan,04-09-2010,30.2,21.6,24.5,0.9,17.3,37.1,36000
Pakistan,05-09-2010,29.1,20.8,23.8,3.1,16.8,37.4,36220.86
Pakistan,06-09-2010,29.6,19.3,24.1,0.1,15.6,29.5,39600
Pakistan,07-09-2010,31.1,20.4,25.2,0,15.5,28.8,40203.88
Pakistan,08-09-2010,29.7,18.8,24.8,0,14.6,27,40577.88
Pakistan,09-09-2010,29.9,19.8,24.4,0,16.2,27,39600
Pakistan,10-09-2010,30.8,20.4,24.8,3.5,12,26.3,39722.01
Pakistan,11-09-2010,27.8,20.7,23.8,5.2,13,35.6,39969.37
Pakistan,12-09-2010,28.8,19.9,23.3,0.6,16.7,31.7,39121.92
Pakistan,13-09-2010,29.9,19.7,23.9,0,21.8,40.3,39600
Pakistan,14-09-2010,28.9,17.1,23,0,13.7,27,40214.22
Pakistan,15-09-2010,29.6,17.8,22.9,0,17.9,35.3,38923.76
Pakistan,16-09-2010,30.3,17.3,23.4,0,19.5,36,40215.55
Pakistan,17-09-2010,30.4,18.3,23.7,0,26.8,48.6,40102.27
Pakistan,18-09-2010,26.9,14.4,20.7,0,14.2,28.4,40328.39
Pakistan,19-09-2010,28,13.8,21.1,0,11.5,23.8,40104.83
Pakistan,20-09-2010,29.4,16.2,23.1,0,11.6,22.3,40059.8
Pakistan,21-09-2010,29.8,15,23.3,0,11.3,25.2,39985.56
Pakistan,22-09-2010,31.3,15.8,23.8,0,16.2,30.6,39911.59
Pakistan,23-09-2010,30.6,14.8,23.1,0,18,35.3,39837.77
Pakistan,24-09-2010,28.6,16.8,22.4,0,19.3,37.1,39658.98
Pakistan,25-09-2010,28.6,16.8,22.3,0,16.3,32.4,39585.07
Pakistan,26-09-2010,29.1,16.7,22.5,0,19.2,33.8,39510.46
Pakistan,27-09-2010,28.3,17.1,22.3,0,17.7,31.7,39335.56
Pakistan,28-09-2010,28.6,17.1,22.4,0,21.1,36,39163.29
Pakistan,29-09-2010,29.5,17.4,23,0,20.4,40.7,39090.29
Pakistan,30-09-2010,29.3,18.2,23.3,0.6,18.8,38.2,37768.14
Pakistan,01-10-2010,29.8,17.7,23.6,0,15.8,34.6,38850.37
Pakistan,02-10-2010,30.6,17.7,24,0,12.3,28.4,38778.45
Pakistan,03-10-2010,30.3,16.8,23.7,0,9.2,23,38706.5
Pakistan,04-10-2010,30,17.7,23.9,0,12.8,24.8,38634.6
Pakistan,05-10-2010,30.2,17.1,23.7,0,16.1,32,38562.83
Pakistan,06-10-2010,29.5,13.6,22.8,0,13.6,25.9,38407.61
Pakistan,07-10-2010,29.8,16.9,23.4,0,12.9,26.3,38338.39
Pakistan,08-10-2010,30.3,16,23.2,0,16.6,31.3,38269.6
Pakistan,09-10-2010,30.9,14.3,22.8,0,16.9,34.6,38201.3
Pakistan,10-10-2010,29.4,15.7,22.2,0,17.5,32,38133.57
Pakistan,11-10-2010,27.7,13.7,21.7,0,15.7,30.2,37993.96
Pakistan,12-10-2010,26.8,16.6,21.2,0,17.4,34.6,37848.92
Pakistan,13-10-2010,28.2,15,21.5,0,17.4,28.8,37708.71
Pakistan,14-10-2010,30.6,14.9,22.9,0,13.7,28.8,37571.53
Pakistan,15-10-2010,31.3,15.8,24.1,0,9.8,21.6,37437.55
Pakistan,16-10-2010,31.3,14.9,24.1,0,9,19.4,37306.94
Pakistan,17-10-2010,29.9,14,23.3,0,11.2,21.6,37070.42
Pakistan,18-10-2010,27.6,15.3,22.2,0,9.4,22.7,36736.48
Pakistan,19-10-2010,28.3,17.1,22.6,0,12.7,25.2,36833.55
Pakistan,20-10-2010,28.3,15.4,22,0,13,24.1,36822.37
Pakistan,21-10-2010,28.2,13.9,21.3,0,16.2,32.4,36711.75
Pakistan,22-10-2010,26.4,12.7,19.6,0,23.3,45.7,36795.39
Pakistan,23-10-2010,24.4,10.2,18,0,12.4,23,36504.66
Pakistan,24-10-2010,22.7,11.5,17.2,0,13.8,29.2,36408.64
Pakistan,25-10-2010,23,11,17.3,0,13.2,26.3,36317.93
Pakistan,26-10-2010,22.8,10.9,17.6,0,14.5,27.4,36232.73
Pakistan,27-10-2010,22.4,12.6,17.7,0,13.4,27.4,36153.22
Pakistan,28-10-2010,22.4,10.3,17.1,0,15.8,33.1,35619.27
Pakistan,29-10-2010,20.6,12.3,16.9,0.5,15.8,33.5,29929.97
Pakistan,30-10-2010,19,9,14.8,0,7.2,17.6,36000
Pakistan,31-10-2010,21.5,8.7,15.6,0,10.1,18.4,35993.57
Pakistan,01-11-2010,23.6,9.1,17.5,0,8.1,16.9,35949.18
Pakistan,02-11-2010,24,10.4,17.7,0,9.8,22,35903.61
Pakistan,03-11-2010,25.8,11.5,18.8,0,13.8,25.6,35822.56
Pakistan,04-11-2010,26.1,10.9,18.9,0,11.3,22.3,35772.25
Pakistan,05-11-2010,23.8,11.5,17.8,0,11.4,23,35721.33
Pakistan,06-11-2010,22,9.2,16.2,0,10.1,23.8,35669.85
Pakistan,07-11-2010,21.8,7.6,15.2,0,8.6,18.4,35617.86
Pakistan,08-11-2010,22.2,7,15.3,0,9,20.9,35565.43
Pakistan,09-11-2010,22.5,5.7,14.6,0,9.4,23,35512.62
Pakistan,10-11-2010,23,5.4,15.2,0,9.4,16.2,35459.47
Pakistan,11-11-2010,23.5,6.8,16.1,0,11,21.6,35406.07
Pakistan,12-11-2010,21,5.2,14,0,10.5,23,35352.45
Pakistan,13-11-2010,20,4.6,13.7,0,9.5,20.5,35298.7
Pakistan,14-11-2010,19.6,5.4,13.1,0,10.5,20.2,35244.88
Pakistan,15-11-2010,19.7,7.1,13.8,0,7.6,15.8,35191.05
Pakistan,16-11-2010,19.3,4.5,12.9,0,8.7,16.2,35137.28
Pakistan,17-11-2010,18.4,4.6,12.3,0,8.7,14.8,35083.63
Pakistan,18-11-2010,19.2,4.8,12.6,0,8.7,19.1,35000.56
Pakistan,19-11-2010,19.6,4.5,12.6,0,9.4,22.3,34919.45
Pakistan,20-11-2010,19.4,3.3,12.3,0,10.9,22,34840.55
Pakistan,21-11-2010,19,5.6,12.5,0,10.5,21.6,34570.84
Pakistan,22-11-2010,18,5.6,12.4,0,9.9,19.4,34689.87
Pakistan,23-11-2010,17.7,4.3,11.6,0,9.5,20.2,34617.52
Pakistan,24-11-2010,18.3,4.8,12.2,0,8.3,15.1,34546.61
Pakistan,25-11-2010,19.1,5.5,13,0,9.2,22,34477.2
Pakistan,26-11-2010,18.1,0.2,10.4,0,13,28.1,34409.43
Pakistan,27-11-2010,16.8,-0.6,9.4,0,10.3,18.7,34343.34
Pakistan,28-11-2010,16.8,0,9.3,0,10.1,16.9,34279.09
Pakistan,29-11-2010,17.7,2.1,10.5,0,9.4,14.8,34216.72
Pakistan,30-11-2010,18.1,1.7,10.2,0,9.5,18.7,34156.37
Pakistan,01-12-2010,17.5,-0.7,9.5,0,11.9,26.3,34098.11
Pakistan,02-12-2010,17.6,-0.9,9.5,0,10.9,19.1,34042.05
Pakistan,03-12-2010,18.5,4.3,11.5,0,8.5,16.2,33988.3
Pakistan,04-12-2010,17.7,3,11.1,0,8.7,14.4,33936.93
Pakistan,05-12-2010,17,3.4,10.7,0,11.3,21.2,33888.07
Pakistan,06-12-2010,15.2,1.5,9.3,0,15.1,27.4,33841.82
Pakistan,07-12-2010,14,0.8,8.4,0,8.4,20.5,33798.26
Pakistan,08-12-2010,13,-3.3,5.4,0,17.9,36.4,33757.5
Pakistan,09-12-2010,14.8,-3.4,6.2,0,13,26.3,33719.65
Pakistan,10-12-2010,16,-0.9,7.6,0,10,17.3,33684.79
Pakistan,11-12-2010,15.5,-0.2,8.3,0,9.8,20.5,33653.04
Pakistan,12-12-2010,16.6,0.9,8.9,0,9.1,19.1,33624.57
Pakistan,13-12-2010,17.8,0.8,9.9,0,12.2,26.6,33599.2
Pakistan,14-12-2010,16.9,1.5,9.8,0,12.1,23.8,33576.55
Pakistan,15-12-2010,18.5,3.2,10.4,0,13.9,29.5,33515.77
Pakistan,16-12-2010,17.2,2.7,9.6,0,15.6,32.4,33539.46
Pakistan,17-12-2010,16.4,1.6,9,0,12.8,26.3,33423.28
Pakistan,18-12-2010,16,1.6,9,0,11.8,26.3,33430.22
Pakistan,19-12-2010,15.9,0.5,8.7,0,9.8,20.5,33344.96
Pakistan,20-12-2010,17.4,1.4,9.6,0,9.4,17.6,33081.37
Pakistan,21-12-2010,19.6,0.8,10.2,0,16,33.5,33280.61
Pakistan,22-12-2010,17.5,4.1,10.2,0,17.4,36,33274.77
Pakistan,23-12-2010,13.8,1.9,7.2,0,16.9,35.3,33261.14
Pakistan,24-12-2010,13.1,-3.2,5.6,0,9.8,16.9,33078.43
Pakistan,25-12-2010,13.9,-0.3,7,0,8.4,16.6,32404.66
Pakistan,26-12-2010,13.7,-0.7,6.8,0,9,15.1,33059.22
Pakistan,27-12-2010,12.6,-0.8,6,0,8.5,13.7,32970.17
Pakistan,28-12-2010,12.7,0.8,6.9,0.3,10.9,22.3,31881.21
Pakistan,29-12-2010,11.2,0.3,6.3,0.1,10.5,22.7,25906.35
Pakistan,30-12-2010,12,0,5.7,0,18,36,32497.35
Pakistan,31-12-2010,13.3,-0.2,6.4,0,10.3,24.1,32982.43
Pakistan,01-01-2011,13.5,-3,5.9,0,9.7,20.5,33018.12
Pakistan,02-01-2011,14.3,-0.8,6.9,0,8.4,18,33018
Pakistan,03-01-2011,13.3,-0.6,6.8,0,9.8,20.9,32858.14
Pakistan,04-01-2011,15.2,0.8,7.8,0,10.4,20.9,32995.78
Pakistan,05-01-2011,13.9,-1.3,6.5,0,10,20.2,33125.34
Pakistan,06-01-2011,15.1,-0.2,7.8,0,9,18.4,33060.79
Pakistan,07-01-2011,16.1,1.1,8.7,0,11.8,25.2,33129.08
Pakistan,08-01-2011,14.8,3.4,8.5,0,19.6,40.3,33204.25
Pakistan,09-01-2011,13.5,-3,5.7,0,10.2,24.1,33356.94
Pakistan,10-01-2011,15,0,7.7,0,11.9,24.1,33231.5
Pakistan,11-01-2011,16.6,2.4,9.5,0,16,32.4,33322.59
Pakistan,12-01-2011,14.9,2.2,9,0,10.7,25.6,33261.56
Pakistan,13-01-2011,13.5,2.8,8.6,0,9.3,21.6,33594.21
Pakistan,14-01-2011,9.3,0.6,4.4,0,30.2,60.5,33874.27
Pakistan,15-01-2011,12.9,-1.6,4.9,0,28.3,55.8,34051.42
Pakistan,16-01-2011,11.9,-1.8,5.5,0,8.8,17.6,29969.17
Pakistan,17-01-2011,14.8,2.4,8.5,0,17.6,36.7,33870.71
Pakistan,18-01-2011,14.6,2.1,7.7,0,21.3,42.8,33385.01
Pakistan,19-01-2011,14.1,-1.6,7.2,0,11.1,24.5,32211.48
Pakistan,20-01-2011,14.8,6.3,10.5,0,8.2,21.2,33400.7
Pakistan,21-01-2011,14.8,2,9.3,0,13.7,28.4,32878.1
Pakistan,22-01-2011,14.5,2.7,8.9,0,11,25.9,34438.98
Pakistan,23-01-2011,13.5,-1.5,7.3,0,11.3,25.6,34581.76
Pakistan,24-01-2011,12.7,-1.8,6.5,0,9.3,21.6,34728.18
Pakistan,25-01-2011,12.4,-2.9,5.7,0,15.2,32.4,34878.34
Pakistan,26-01-2011,13.2,-3.5,6,0,9.1,20.2,35032.26
Pakistan,27-01-2011,14.1,0,7.7,0,10.4,24.5,34225
Pakistan,28-01-2011,16.7,1.8,9.7,0,12.4,22,35083.04
Pakistan,29-01-2011,8.3,4.7,6.9,4.7,9.4,23.4,6144.18
Pakistan,30-01-2011,12.1,-0.4,6.9,0,8,18.7,34264.24
Pakistan,31-01-2011,14.7,1.9,8.6,0,7.4,16.6,35383.23
Pakistan,01-02-2011,17.6,5.1,11.5,0,11.9,22.3,35452.93
Pakistan,02-02-2011,19.2,5.6,12.6,0,20.9,42.5,34128.59
Pakistan,03-02-2011,19.1,6.2,12.6,1.3,21.2,43.2,32661.68
Pakistan,04-02-2011,16.9,3.9,10.7,0.7,20.3,40.3,32450.84
Pakistan,05-02-2011,15.9,2.5,10,0.1,20.3,44.3,35042.29
Pakistan,06-02-2011,14.4,7.2,10.5,4.3,27.2,51.8,17261.72
Pakistan,07-02-2011,12.8,1.3,7,1,27.4,54.4,36292.23
Pakistan,08-02-2011,13.7,-2.1,6.6,0,9.4,22.7,36392.38
Pakistan,09-02-2011,14.3,2.4,8.6,0,14.7,31,36353.63
Pakistan,10-02-2011,14.9,5.1,9.7,0.1,21.9,43.6,26710.21
Pakistan,11-02-2011,16.1,5.5,10.8,0.6,22.3,43.9,30323.94
Pakistan,12-02-2011,14.9,7.1,10.3,4.2,22,40,14948.24
Pakistan,13-02-2011,12.2,5.4,8.7,2.7,20.8,41,24284.3
Pakistan,14-02-2011,12.4,1.3,6.6,0,15,31.3,37009.22
Pakistan,15-02-2011,11,2.3,6.2,0,13.3,25.2,32631.77
Pakistan,16-02-2011,11.9,-1.1,6.1,0,11.2,25.6,36260.89
Pakistan,17-02-2011,13.1,-1.7,6.7,0,10.7,20.2,37332.5
Pakistan,18-02-2011,6.3,4.2,5.3,13.4,10.3,26.3,0
Pakistan,19-02-2011,11.3,-0.6,5.5,0.3,12.3,29.5,29271.4
Pakistan,20-02-2011,13.2,2.8,7.6,0.4,16.4,38.2,37662.34
Pakistan,21-02-2011,13.9,-1.3,6.9,0,10.9,24.5,37773.26
Pakistan,22-02-2011,12.9,3,8.3,1.6,17.6,39.2,30953.46
Pakistan,23-02-2011,13.4,3.9,8.3,0.1,18.2,41.4,36270.67
Pakistan,24-02-2011,14.3,2.3,8.8,0,19.8,42.1,38107.52
Pakistan,25-02-2011,13.2,2.7,8.2,1.5,18,41.4,38218.38
Pakistan,26-02-2011,13.9,2.9,7.7,0,17.8,41.8,38330.64
Pakistan,27-02-2011,13,0,7.4,0.3,20.8,36,29444.49
Pakistan,28-02-2011,11.4,5.8,8.6,2.8,25.2,49.7,3333.18
Pakistan,01-03-2011,12.6,7.2,9.4,2.6,12.6,24.5,13922.57
Pakistan,02-03-2011,10.6,7.2,8.4,12.1,16.6,32.4,608.97
Pakistan,03-03-2011,9.2,4.7,7.2,19.6,8.8,35.3,0
Pakistan,04-03-2011,13.6,6.2,9,1.1,14.2,27.4,35989.02
Pakistan,05-03-2011,13.6,6.7,9.7,1,8,24.1,36564.09
Pakistan,06-03-2011,14.6,7,10.3,2.6,19.8,43.2,36608.3
Pakistan,07-03-2011,15.3,8.6,11.4,4,13,33.8,38635.91
Pakistan,08-03-2011,16.4,6.6,10.5,0,17,34.6,39287.8
Pakistan,09-03-2011,17.8,3.5,10.8,0,15.5,34.2,39359.78
Pakistan,10-03-2011,18.9,1.6,11.7,0,9.5,19.4,39432.31
Pakistan,11-03-2011,21.1,5,13.5,0,9.9,22.7,39505.29
Pakistan,12-03-2011,23.8,7.5,16.1,0,17.9,37.4,39578.62
Pakistan,13-03-2011,24.9,8.2,16.7,0,14.5,31,39600
Pakistan,14-03-2011,27.5,7.7,18.6,0,9.3,22.3,39600
Pakistan,15-03-2011,28.5,10.2,20.4,0,13.6,27.4,39600
Pakistan,16-03-2011,28.9,14.5,21.5,0,15,28.1,39600
Pakistan,17-03-2011,27.8,10.2,19.8,0,20.5,43.9,36153.61
Pakistan,18-03-2011,27,12.5,19.6,0,19.2,40.3,39600
Pakistan,19-03-2011,22.9,9.9,16.6,0,36.1,70.6,39628.29
Pakistan,20-03-2011,24.7,7.9,16.6,0,19.9,40.7,39656.02
Pakistan,21-03-2011,24.4,9.8,17.8,0,17.4,34.6,38806.43
Pakistan,22-03-2011,24.1,9.1,17.7,0,8.3,18,39638.48
Pakistan,23-03-2011,24.9,8.9,18.4,0,12.4,25.9,39694.01
Pakistan,24-03-2011,25.2,11.2,19,0,17.7,33.1,39756.94
Pakistan,25-03-2011,26.4,12.6,20.2,0,18.7,34.9,39820.73
Pakistan,26-03-2011,27.8,15,21.5,0,20.2,37.1,40048.12
Pakistan,27-03-2011,27.8,13.5,21.5,0,25.6,46.1,39989.83
Pakistan,28-03-2011,23.9,12.5,18.8,0,20.9,41,40304.82
Pakistan,29-03-2011,23.5,8.5,16.8,0,18.8,43.9,40575.62
Pakistan,30-03-2011,24.3,8.7,17.5,0,17.6,37.1,40443.57
Pakistan,31-03-2011,23.3,10.6,18.5,0,20.4,41,40256.83
Pakistan,01-04-2011,22.9,9.6,17,0,19.5,42.8,41091.16
Pakistan,02-04-2011,22,8.8,15.8,0,15,33.1,41341.85
Pakistan,03-04-2011,22.4,6.8,15.5,0,20.4,33.5,41654.4
Pakistan,04-04-2011,24.6,10.5,17.8,0,21,46.4,41615.2
Pakistan,05-04-2011,24.9,10.2,18.4,0,26.4,50.8,36762.01
Pakistan,06-04-2011,23.8,9.7,17.7,0,23.2,47.5,37664.78
Pakistan,07-04-2011,23.5,11.1,17.9,0.4,17.8,36,39943.37
Pakistan,08-04-2011,24.1,13,18.4,2.3,20.8,40.3,38845.23
Pakistan,09-04-2011,24.4,13.7,18.3,1.7,23.1,47.5,41207.98
Pakistan,10-04-2011,21.8,13.2,16.6,4,17.9,40.7,28801.59
Pakistan,11-04-2011,16.8,11.5,14.2,11.4,8.8,26.6,24673.79
Pakistan,12-04-2011,20.5,9.1,15.1,1.6,15.5,28.4,42106.07
Pakistan,13-04-2011,22.5,9.9,17.1,0,10.7,25.6,42592.59
Pakistan,14-04-2011,24.5,11.8,17.9,1.5,14.9,35.3,35399.59
Pakistan,15-04-2011,24.1,12.4,18,2.1,20,30.6,42621.74
Pakistan,16-04-2011,16.7,12.3,14.5,7.9,11.4,23.4,2558.12
Pakistan,17-04-2011,22.3,10.3,16,0.2,16.9,34.9,43425.22
Pakistan,18-04-2011,22.2,10.4,16.6,0,16.8,33.5,43725.8
Pakistan,19-04-2011,22.9,6.7,15.2,0,14.2,30.6,43916.47
Pakistan,20-04-2011,25.1,9.4,18.2,0,15.2,32,43876.59
Pakistan,21-04-2011,26.3,9.7,19.3,0,8.8,24.5,44067.97
Pakistan,22-04-2011,29.6,13.1,21.7,0,14,28.4,44261.03
Pakistan,23-04-2011,31.2,14.2,23.8,0,8.6,22,43853.71
Pakistan,24-04-2011,32.1,14.8,24.8,0,9.1,24.1,44042.87
Pakistan,25-04-2011,33,17,26.2,0,11.1,26.6,43987.26
Pakistan,26-04-2011,33.3,20.1,27,0,12.9,29.9,44549.64
Pakistan,27-04-2011,32.9,20.9,27.2,0,12.7,29.9,43738.16
Pakistan,28-04-2011,31.9,20.5,26.3,0,21.6,39.2,38819.21
Pakistan,29-04-2011,31,17.5,24.3,1.2,17.2,36.4,41928.85
Pakistan,30-04-2011,28.8,15.3,22.1,1.6,17.4,40.7,40606.29
Pakistan,01-05-2011,30,15.3,23.8,0,10,20.2,44352.62
Pakistan,02-05-2011,33.6,18.7,26.8,0,15.5,25.6,44936.29
Pakistan,03-05-2011,33.9,16.5,27.2,0,14.7,29.9,44195.91
Pakistan,04-05-2011,34.2,21.5,27.6,0,26.1,47.9,44246.77
Pakistan,05-05-2011,31.3,20.3,26.1,0.1,20,38.5,45382.39
Pakistan,06-05-2011,30.1,16.5,24.5,0,19.2,38.5,45552.58
Pakistan,07-05-2011,31.5,16.3,24.8,0,18.2,39.6,45179.97
Pakistan,08-05-2011,33.8,18.1,26.8,0,15,33.8,44770.57
Pakistan,09-05-2011,34.2,19.8,28,0,22.8,45,45668.81
Pakistan,10-05-2011,34.9,18.9,28.2,0,17.4,37.8,44921.47
Pakistan,11-05-2011,34.1,21.1,28.4,0,17.9,37.1,45743.12
Pakistan,12-05-2011,34.9,22,28.5,0,17.3,37.8,45780.1
Pakistan,13-05-2011,33.5,17.3,27.5,0,14.7,28.4,45816.89
Pakistan,14-05-2011,34.5,21.7,28,0.4,17.1,37.8,45853.47
Pakistan,15-05-2011,35.5,19.6,28.2,0,20,43.6,45092.93
Pakistan,16-05-2011,36.2,21.8,29.5,0.4,17.8,43.9,44152.92
Pakistan,17-05-2011,36.7,21.5,30.1,0,10.5,40,44804.4
Pakistan,18-05-2011,37.3,24.4,30.8,0,22,41.4,45996.82
Pakistan,19-05-2011,38.6,23.2,31.3,0,13.8,30.2,46031.71
Pakistan,20-05-2011,38.5,21.4,31.1,0,15.1,33.5,46066.14
Pakistan,21-05-2011,37.7,21,30.5,0,20.5,36,46100.18
Pakistan,22-05-2011,35.3,19.1,27.8,0,20.6,35.6,46134.28
Pakistan,23-05-2011,34.1,20.6,27.3,0,22.6,42.1,46168.43
Pakistan,24-05-2011,34.9,22.8,28.3,1.3,20.9,43.6,39814.3
Pakistan,25-05-2011,33.8,21.3,27,2.2,21.6,42.1,35717.89
Pakistan,26-05-2011,32,19.9,25.6,4,23,47.2,39080.42
Pakistan,27-05-2011,31,18.5,25.4,0.4,15.7,31.3,44920.49
Pakistan,28-05-2011,33.7,20.3,27.1,0.1,20.7,42.1,44183.42
Pakistan,29-05-2011,36.4,20.7,29,0,16.8,41,46370.43
Pakistan,30-05-2011,37.3,20.9,30,0,12.9,28.8,46402.93
Pakistan,31-05-2011,37.7,21.6,30.7,0,15.5,30.6,46434.92
Pakistan,01-06-2011,32.8,19.7,27.3,0.3,24.6,44.3,46466.32
Pakistan,02-06-2011,31.8,17.9,24.7,0.2,18.1,43.6,46497.04
Pakistan,03-06-2011,32.6,18.2,25.9,0,17.9,43.2,45807.14
Pakistan,04-06-2011,34.9,20.6,28.2,0,21.9,41.4,46556.2
Pakistan,05-06-2011,36.3,23.7,30.1,0,10.2,28.4,46584.49
Pakistan,06-06-2011,37.3,24.2,31.3,0,10.6,24.1,46611.83
Pakistan,07-06-2011,38.6,23.8,31.9,0,13,27.7,46638.14
Pakistan,08-06-2011,38.4,19.9,31.5,0,14.9,34.2,46663.34
Pakistan,09-06-2011,37.3,22.2,30.8,0,19.2,34.9,46687.38
Pakistan,10-06-2011,37.3,22.7,30.8,0,17.5,37.1,46710.32
Pakistan,11-06-2011,35.9,23.5,29.8,2.5,19.7,38.9,46732.75
Pakistan,12-06-2011,33.6,24,28.1,2.5,19.5,49,44820.97
Pakistan,13-06-2011,33.1,20.6,26.6,2.4,17.4,37.4,43416.38
Pakistan,14-06-2011,36.5,23,29.3,0,22.7,47.5,46796.82
Pakistan,15-06-2011,38.2,21.1,30.9,0,21,40.7,46800
Pakistan,16-06-2011,38.8,23.5,31.4,0,15.3,38.5,46800
Pakistan,17-06-2011,38,23.9,31.1,0,18.6,38.2,46800
Pakistan,18-06-2011,36.3,23.9,29.7,0,19.8,42.8,46800
Pakistan,19-06-2011,35.7,24.1,29.6,0.2,23.2,45.4,46800
Pakistan,20-06-2011,37.3,23.7,29.8,0,18.6,37.8,46800
Pakistan,21-06-2011,37.2,23.6,30.2,0,23.2,46.1,46800
Pakistan,22-06-2011,37.4,24.7,31.2,0,17,37.8,46800
Pakistan,23-06-2011,37,25.2,30.6,0,18.9,42.1,46800
Pakistan,24-06-2011,37.8,24.8,31.4,0,17.1,35.6,46800
Pakistan,25-06-2011,38.5,24,32.2,0,18.4,33.8,46800
Pakistan,26-06-2011,37,26.4,30.9,1.6,16.9,39.6,45438.84
Pakistan,27-06-2011,34.9,24.7,29.5,0.1,19.4,35.6,44780
Pakistan,28-06-2011,36,23.7,29,0,21.7,46.1,46800
Pakistan,29-06-2011,32,24,27.4,1.4,20.4,42.1,45739.46
Pakistan,30-06-2011,32.1,22.9,26.5,0.2,21.1,47.2,41753.34
Pakistan,01-07-2011,33.2,22.6,27.2,0,22.7,43.6,46800
Pakistan,02-07-2011,31.1,23.1,26.4,3,21.3,45.7,44770.17
Pakistan,03-07-2011,31.6,22.3,25.5,1.9,21.6,43.9,39625.86
Pakistan,04-07-2011,29.2,20.2,24,1.3,18.3,38.9,44788.91
Pakistan,05-07-2011,31.9,19.1,25.5,0.1,16,31,45281.25
Pakistan,06-07-2011,32.9,20.1,26.6,0.9,15.2,29.9,42906.31
Pakistan,07-07-2011,34.2,21.3,28.3,0,17.6,36,46717.97
Pakistan,08-07-2011,33,22.9,27.5,0.4,23.4,48.2,45759.35
Pakistan,09-07-2011,29.8,20.4,24.4,4.3,18.4,37.4,36000
Pakistan,10-07-2011,30.6,21.9,24.7,4.7,15.8,34.2,41581.45
Pakistan,11-07-2011,31.8,21.6,25.9,0.4,18.2,35.3,43358.52
Pakistan,12-07-2011,33.8,22.3,27.3,0,16.2,38.2,46310
Pakistan,13-07-2011,35,21.4,28.5,0,16.3,33.5,45663.33
Pakistan,14-07-2011,35.2,23.5,29,0,19.9,41,46800
Pakistan,15-07-2011,32.3,23.9,27.8,3.3,24,49.3,45702.83
Pakistan,16-07-2011,30.8,22.4,26.3,0.6,20.9,42.8,46724.04
Pakistan,17-07-2011,31.3,21.4,25.9,0.2,15.5,27.7,43496.83
Pakistan,18-07-2011,32.6,21.5,26.8,0,18.2,41,46283.96
Pakistan,19-07-2011,35.8,21.7,28.5,0,21,42.8,46783.83
Pakistan,20-07-2011,37.6,22.1,30.3,0,22.7,45.7,46759.14
Pakistan,21-07-2011,36.8,23.9,30,0,19.9,41.4,46732.93
Pakistan,22-07-2011,35.5,22.1,29.3,0,19.5,38.5,46274.28
Pakistan,23-07-2011,35.3,22.9,28.8,0,22.5,43.6,45087.66
Pakistan,24-07-2011,32.1,23.9,27,7.6,17.3,37.8,36629.03
Pakistan,25-07-2011,30.6,23.5,26.2,4.5,16.6,38.2,36960.98
Pakistan,26-07-2011,29.7,22.7,25.8,4.6,16,31.3,37859.32
Pakistan,27-07-2011,30.8,22.9,26.6,0.5,21.5,41.4,43071.15
Pakistan,28-07-2011,31.7,22.2,26.8,0.5,19.5,43.2,46006.37
Pakistan,29-07-2011,31,22.4,25.7,1.6,16.7,36.4,42978.64
Pakistan,30-07-2011,30.6,21.4,25.4,0.2,16.6,36,39969.83
Pakistan,31-07-2011,30.5,22.1,25.7,1.2,16.1,35.3,38311.88
Pakistan,01-08-2011,32.3,20.9,26.2,0.9,16.6,35.3,44138.88
Pakistan,02-08-2011,34.2,22,27.7,0,18.8,37.1,41028.29
Pakistan,03-08-2011,34.9,22.1,28.3,0.5,15.3,31.7,43347.56
Pakistan,04-08-2011,33.1,22.9,27.6,0.2,11.9,34.6,44195.51
Pakistan,05-08-2011,30,23.7,26.1,5.7,21.1,42.8,34470.77
Pakistan,06-08-2011,31.8,23,27.2,0,14.2,31.7,43195.21
Pakistan,07-08-2011,33.3,23,27.4,3.9,14.4,28.8,42309.15
Pakistan,08-08-2011,29.4,21.2,24.8,6,14.5,35.3,28056.95
Pakistan,09-08-2011,29.4,22.4,25.1,0.3,15.1,29.9,38261.69
Pakistan,10-08-2011,29.7,20.7,25.2,0.2,15.4,29.5,40098.89
Pakistan,11-08-2011,30,21.7,24.6,6.9,13.6,34.2,34517.5
Pakistan,12-08-2011,29.2,21.4,24.4,2.4,14.8,27,38498.62
Pakistan,13-08-2011,27.1,21,23,7.1,13.1,27.7,36987.24
Pakistan,14-08-2011,27.7,20.3,23.7,0.2,12.3,25.9,41715.11
Pakistan,15-08-2011,28.1,20.1,23.7,0.2,15.9,34.2,42109.93
Pakistan,16-08-2011,30,21.4,24.5,0.6,16.7,37.4,36697.54
Pakistan,17-08-2011,30.8,21.4,25.1,0.9,18.5,40.7,41275.35
Pakistan,18-08-2011,31.4,21.1,25.3,1,19.1,37.1,39041.7
Pakistan,19-08-2011,31.4,19.6,25,0,17.3,42.8,41607.97
Pakistan,20-08-2011,31.1,21.4,25.2,0.9,18.5,33.1,40491.62
Pakistan,21-08-2011,29.9,20.3,25.5,0.1,13.5,31,41614.37
Pakistan,22-08-2011,31.1,21.5,25.9,0,16,31.3,40657.89
Pakistan,23-08-2011,33.3,21.4,27,0,20.9,40.7,42022.31
Pakistan,24-08-2011,33.8,21.6,26.6,3.3,17.3,36,36291
Pakistan,25-08-2011,26.7,21.5,24,11.1,10.3,27,35122.16
Pakistan,26-08-2011,27.8,21.5,24,3.9,13.1,29.2,37388.43
Pakistan,27-08-2011,29.6,20.8,24.3,2.1,11.2,31.7,40172.52
Pakistan,28-08-2011,27.4,20.7,24,3.5,17.2,33.8,35493.84
Pakistan,29-08-2011,26.8,20.8,23.3,3.1,13.8,28.4,31464.39
Pakistan,30-08-2011,27.2,20.1,23.2,0.2,14.3,31,26808.9
Pakistan,31-08-2011,26.2,20.2,22.7,4,14.8,33.5,17863.44
Pakistan,01-09-2011,23.5,19.5,21.2,8.8,11.6,25.9,13424.1
Pakistan,02-09-2011,25.8,19.6,21.8,8.8,12.6,25.2,24165.04
Pakistan,03-09-2011,26.5,17.7,22,0.6,8.7,19.8,39427.04
Pakistan,04-09-2011,26.9,19,22.7,0.2,17.5,35.6,40582.08
Pakistan,05-09-2011,25.3,19.3,22.1,0.9,25.2,54.4,39943.83
Pakistan,06-09-2011,26.8,18.6,22.4,0,18.2,42.5,40327.58
Pakistan,07-09-2011,28.4,18.8,23.3,0.1,15,36.4,39600
Pakistan,08-09-2011,29.5,18.7,23.7,0.1,14.7,30.2,36453.42
Pakistan,09-09-2011,29.9,21.2,24.3,1.8,12.9,34.2,36758.46
Pakistan,10-09-2011,28.6,20.8,23.9,2.4,14,28.4,36358.27
Pakistan,11-09-2011,29.1,20.8,24,0.4,13.8,29.2,37193.64
Pakistan,12-09-2011,30,19.2,24.5,0,12,27,39852
Pakistan,13-09-2011,29.2,19.8,24.1,0.2,16.5,34.6,38251.86
Pakistan,14-09-2011,30.2,19.5,23.8,4.8,17.1,38.2,34906.88
Pakistan,15-09-2011,28.8,20.5,23.7,0.5,16.9,33.8,38936.2
Pakistan,16-09-2011,29.2,19.6,23.3,0,21.7,40.7,36000
Pakistan,17-09-2011,27.8,19.5,22.4,0.5,20.1,39.2,31277.08
Pakistan,18-09-2011,30.6,18.4,23.5,0,18,35.3,39600
Pakistan,19-09-2011,30.7,16.9,23.1,0,19,38.2,40104.57
Pakistan,20-09-2011,30.2,18.1,23.3,0,17.4,35.3,39579.03
Pakistan,21-09-2011,31.1,16.5,23.4,0,16.9,35.6,39901.07
Pakistan,22-09-2011,29.7,16.3,23.2,0,16.6,36,39934.32
Pakistan,23-09-2011,30.3,17.3,23,0,19.9,39.2,39646.2
Pakistan,24-09-2011,32,16.9,23.9,0,17.5,38.2,39676.95
Pakistan,25-09-2011,31.2,17.7,24,0,16.6,34.9,39498.13
Pakistan,26-09-2011,31.1,15.8,23.4,0,17.7,34.9,39423.56
Pakistan,27-09-2011,31.3,14.5,23.7,0,15.7,34.2,39348.74
Pakistan,28-09-2011,31.5,16.9,23.9,0,14.4,32.4,39175.21
Pakistan,29-09-2011,31.4,15.4,23.7,0,15.1,33.5,39004.8
Pakistan,30-09-2011,31.2,17,23.8,0,15,31,39028.32
Pakistan,01-10-2011,32.3,16.4,24,0,11.3,25.6,38954.99
Pakistan,02-10-2011,33.1,14.3,24.2,0,15.2,31.3,38881.85
Pakistan,03-10-2011,33.4,15.5,24.6,0,18.1,36,38718.96
Pakistan,04-10-2011,31.5,15.2,23.6,0,18.1,36.7,38648.29
Pakistan,05-10-2011,29.5,15.9,22.7,0,17.6,39.6,36428.74
Pakistan,06-10-2011,26.9,17.9,21.7,1,17.4,34.6,34075.71
Pakistan,07-10-2011,27.5,16,20.1,5.2,21.4,38.2,37348.53
Pakistan,08-10-2011,26.2,14.3,19.8,0,19.7,37.8,36733.12
Pakistan,09-10-2011,26.9,14.3,20,0,17.6,32.4,33097.34
Pakistan,10-10-2011,26.2,14.7,20.1,0,21.9,44.3,37125.83
Pakistan,11-10-2011,24.8,14.1,19.6,0,19.7,37.1,37373.02
Pakistan,12-10-2011,25.9,14.3,20.2,0,14.7,30.2,37732.38
Pakistan,13-10-2011,25.9,12.7,19.8,0,13.1,28.1,37593.72
Pakistan,14-10-2011,26.1,10.7,19.6,0,12.1,28.1,37694.21
Pakistan,15-10-2011,27.2,11.1,20.3,0,10.9,23.8,37556.96
Pakistan,16-10-2011,27.3,12.2,20.6,0,11.7,23.4,37310.34
Pakistan,17-10-2011,26.5,12.9,20.4,0,15.3,29.5,37182.78
Pakistan,18-10-2011,26.3,14.8,20.7,0,14.3,25.9,37059.1
Pakistan,19-10-2011,25.9,13.9,20.2,0,13,28.1,36939.49
Pakistan,20-10-2011,26.2,13.6,19.9,0,16.4,32.4,36824.13
Pakistan,21-10-2011,25.6,11.2,19.1,0.2,16.9,36.7,36319.77
Pakistan,22-10-2011,24.5,13.1,18.9,0,25.5,47.5,36416.48
Pakistan,23-10-2011,23.7,15.4,19,0,17.5,32.8,36505.75
Pakistan,24-10-2011,21.2,8.2,15.2,0,9.3,19.4,36498.45
Pakistan,25-10-2011,22.1,7.5,15.9,0,11.2,25.2,36404.19
Pakistan,26-10-2011,22.1,7.1,15.2,0,11.4,25.2,36315.29
Pakistan,27-10-2011,23.7,9.1,16.9,0,9.8,20.5,36311.03
Pakistan,28-10-2011,25,9,17.5,0,12.1,26.6,36229.91
Pakistan,29-10-2011,24.1,8.9,17.3,0,12.7,25.2,36154.52
Pakistan,30-10-2011,23.9,11.4,17.8,0,14.9,31,36085.06
Pakistan,31-10-2011,24,10.1,17.5,0,15,29.5,36070.73
Pakistan,01-11-2011,23.8,12.2,17.9,0,15.1,30.2,35960.73
Pakistan,02-11-2011,23.8,12.3,17.7,0,15.1,30.6,35914.67
Pakistan,03-11-2011,23,12.9,17.7,0,16.1,29.9,35833.86
Pakistan,04-11-2011,22.8,13.3,17.7,0.2,15,30.2,35782.98
Pakistan,05-11-2011,23.2,10.7,17.5,0,13.9,27.4,35731.7
Pakistan,06-11-2011,23.9,10.7,17.6,0,11.2,25.9,35680.08
Pakistan,07-11-2011,23.1,12.5,17.8,0,16.3,31.7,35628.14
Pakistan,08-11-2011,23.6,13.9,18.7,0.2,21.3,47.2,35575.94
Pakistan,09-11-2011,21.8,14.2,17.6,0.3,18.9,45.7,35523.52
Pakistan,10-11-2011,18.5,14.5,16.3,10.7,10,36,8071.04
Pakistan,11-11-2011,19.9,9.8,14.8,0,14.4,32,30727.89
Pakistan,12-11-2011,20.9,7.1,14.6,0,15.6,31.7,35365.48
Pakistan,13-11-2011,20.9,6.7,14.6,0,10,20.2,35312.72
Pakistan,14-11-2011,20.5,11,15.4,0,14.6,29.5,35259.99
Pakistan,15-11-2011,21.8,9.8,15.6,0,12.7,24.8,35207.37
Pakistan,16-11-2011,22,7.9,15.1,0,11.9,23.4,35154.89
Pakistan,17-11-2011,22.8,9.7,16.3,0,12,23,35102.63
Pakistan,18-11-2011,24.1,9.4,16.9,0,10.5,20.5,35027.84
Pakistan,19-11-2011,24.4,10.3,17.6,0,10.2,22.7,34947.54
Pakistan,20-11-2011,23.5,8.6,16.2,0,11.7,22.3,34868.43
Pakistan,21-11-2011,23.6,9.6,16.8,0,8.7,18.7,34790.59
Pakistan,22-11-2011,23,8.9,16,0,9,18,34714.14
Pakistan,23-11-2011,20.7,7.1,14.3,0,12.9,26.6,34639.19
Pakistan,24-11-2011,18.2,7.4,13.6,0,10.2,22,32238.75
Pakistan,25-11-2011,17.6,7.2,12.9,0,8,17.6,34494.2
Pakistan,26-11-2011,17.5,7.3,12.9,0,10.2,22,34424.38
Pakistan,27-11-2011,17.5,6,12.1,0,12.4,25.9,34356.49
Pakistan,28-11-2011,18,6.8,12.9,0,12.8,28.1,34290.66
Pakistan,29-11-2011,18.4,4.7,11.7,0,12.6,28.1,34226.98
Pakistan,30-11-2011,21,3.7,12.5,0,9.8,16.2,32340.21
Pakistan,01-12-2011,20.7,11.2,15.3,1,10.4,23.4,28551.44
Pakistan,02-12-2011,19.7,10.1,14.6,0,11.7,25.2,34050.07
Pakistan,03-12-2011,20.6,5.8,13.4,0,13.4,28.8,33996.2
Pakistan,04-12-2011,20.2,8.7,13.6,0,14.8,31.3,33945.07
Pakistan,05-12-2011,17.9,3.8,11.6,0,16.6,32,33896.8
Pakistan,06-12-2011,15,0.2,8.8,0,15.6,31.3,33851.51
Pakistan,07-12-2011,15.1,-0.3,8,0,10.1,17.3,33809.38
Pakistan,08-12-2011,14.5,0,7.7,0,10,16.9,33770.06
Pakistan,09-12-2011,14.7,-2.8,7.1,0,13.7,29.2,33733.16
Pakistan,10-12-2011,17.8,-1.5,8,0,18.8,37.4,33698.73
Pakistan,11-12-2011,18.3,-1.7,9.1,0,12,26.3,33666.82
Pakistan,12-12-2011,17.1,2.7,9.9,0,10.5,19.8,33637.45
Pakistan,13-12-2011,15.2,3.3,9.1,0,15.6,32,33610.65
Pakistan,14-12-2011,15.3,-0.9,7.6,0,9.5,22,33586.48
Pakistan,15-12-2011,16.6,-0.2,8.2,0,18.2,36.7,33564.98
Pakistan,16-12-2011,15.2,-1.1,8.1,0,9.5,20.2,33520.96
Pakistan,17-12-2011,15.1,2.1,9.2,0,14.8,27.4,33131.78
Pakistan,18-12-2011,16,0.6,8.9,0,9.5,18.7,33239.82
Pakistan,19-12-2011,13.2,1.8,7.2,0,15.6,42.5,33063.35
Pakistan,20-12-2011,12.7,0.7,6.4,0,19.6,38.9,33264.02
Pakistan,21-12-2011,9.5,-5.1,3,0,10,22,33458.41
Pakistan,22-12-2011,11.2,-5.3,3.9,0,10.1,22.3,33363.9
Pakistan,23-12-2011,12.1,-2.9,4.8,0,9,16.6,33262.21
Pakistan,24-12-2011,14.6,0.5,7.7,0,8.6,14.4,32485.64
Pakistan,25-12-2011,15.1,-0.1,7.6,0,9.4,15.1,33070.27
Pakistan,26-12-2011,15.6,0.4,8.4,0,9.4,18,32979.64
Pakistan,27-12-2011,14.6,1,8,0,10,16.6,32972.71
Pakistan,28-12-2011,14.3,0.1,7.9,0,10.5,20.5,32966.09
Pakistan,29-12-2011,14.5,0.2,7.9,0,8.6,19.4,32887.8
Pakistan,30-12-2011,13.3,-0.3,6.8,0,7.9,18.4,32881.71
Pakistan,31-12-2011,12.6,-3.1,6,0,9.8,16.9,32985.5
Pakistan,01-01-2012,12.2,-3.3,5.1,0,10.3,23.4,33019.91
Pakistan,02-01-2012,13.5,-1.3,6.7,0,10.3,19.8,32863.66
Pakistan,03-01-2012,12.9,0.2,7,0,12.3,27,32786.81
Pakistan,04-01-2012,9.2,1.8,6.1,1.1,7.8,17.6,18315.81
Pakistan,05-01-2012,11.2,1.8,6.5,0.7,14.8,29.9,32874.09
Pakistan,06-01-2012,7.7,-2.6,2.7,0,29.9,59,33188.84
Pakistan,07-01-2012,8.5,-3.1,2.9,0,17.5,39.2,32849.56
Pakistan,08-01-2012,8.8,-3.5,2.9,0,11.6,23.4,33066.77
Pakistan,09-01-2012,10.6,-1.6,4.6,0,10.1,21.2,33283.43
Pakistan,10-01-2012,10.5,-2.4,4.2,0,13,25.6,33156.93
Pakistan,11-01-2012,12.9,1.4,7,0,12.6,26.3,33173.09
Pakistan,12-01-2012,14.1,-1.3,7,0,13.8,29.5,33557.05
Pakistan,13-01-2012,15,3.4,9,0,15.5,34.9,32955.31
Pakistan,14-01-2012,10.6,6.2,8.4,2.2,18.6,37.1,3453.14
Pakistan,15-01-2012,11.9,3.9,7.1,1.5,21,48.2,17690.51
Pakistan,16-01-2012,12,-1.1,5.5,0,17.9,37.4,34061.16
Pakistan,17-01-2012,9.5,-4.2,3.5,0,8.9,22,34192.44
Pakistan,18-01-2012,9.7,-0.8,4,0,11.3,25.6,34252.08
Pakistan,19-01-2012,8,-2.2,2.8,0,10.4,27,33665.81
Pakistan,20-01-2012,8.5,-4,2.9,0,11.4,25.9,34375
Pakistan,21-01-2012,7.9,-2.5,3.4,1.3,19.2,37.8,23819.9
Pakistan,22-01-2012,8.5,1.2,4.7,0.2,24.1,46.1,27709.53
Pakistan,23-01-2012,10.2,1.4,5.9,0,8.2,20.5,33176.63
Pakistan,24-01-2012,10.1,1.5,5.6,1.9,16.5,31.3,29292.78
Pakistan,25-01-2012,10.7,0.4,5.7,0,10.1,23,33537.32
Pakistan,26-01-2012,11,-3.7,4.5,0,11.8,27,34160.59
Pakistan,27-01-2012,11.9,-1.3,5.5,0,11.8,26.6,34652.11
Pakistan,28-01-2012,12.3,-3.3,5.3,0,11.5,25.9,35160.19
Pakistan,29-01-2012,12.1,-3.3,5.2,0,12.9,27.4,35321.5
Pakistan,30-01-2012,12.2,1,7.1,0,21,41.4,35300.54
Pakistan,31-01-2012,12,-1.2,5.4,0,17.7,36.4,35559.36
Pakistan,01-02-2012,12,-3.3,5.5,0,9.6,21.6,29329.36
Pakistan,02-02-2012,14,1.4,8.6,0.3,14.2,28.1,31578.96
Pakistan,03-02-2012,13.5,4.7,8.9,1,24.1,49,34537.96
Pakistan,04-02-2012,11.3,1.9,6.7,1.7,21.1,40,35130.42
Pakistan,05-02-2012,9.4,-3.3,3.2,0,17.1,34.2,36063.35
Pakistan,06-02-2012,8.6,-5.1,1.4,0,21.2,40.7,36160.53
Pakistan,07-02-2012,6.4,-5.6,-0.3,0,22.8,45.7,36259.35
Pakistan,08-02-2012,11.1,-5.3,2.5,0,19.1,40,36359.71
Pakistan,09-02-2012,12.1,-4.8,4.7,0,14.1,29.2,36461.5
Pakistan,10-02-2012,15.3,1.8,8.6,0,12.2,28.1,36564.57
Pakistan,11-02-2012,12.1,3.8,8.3,1.2,18,46.1,35505.73
Pakistan,12-02-2012,12.4,0,6.3,1.4,17.3,32.4,35083.95
Pakistan,13-02-2012,11.6,-0.4,4.9,0,30.1,61.2,36880.27
Pakistan,14-02-2012,11.1,-1.6,4.2,0,21.5,43.6,36987.29
Pakistan,15-02-2012,10.7,-6.7,3.1,0,11.7,19.8,37095
Pakistan,16-02-2012,11.1,-3.3,5.6,0,8.9,24.5,37203.32
Pakistan,17-02-2012,10.2,0.3,5.5,0,21.3,42.1,19514.3
Pakistan,18-02-2012,13,3.3,7.8,0,17.9,36,36480.98
Pakistan,19-02-2012,16.1,4.9,10.1,0.9,21.7,43.6,37530.74
Pakistan,20-02-2012,17.1,6.4,11.5,0,24.2,48.2,34657.83
Pakistan,21-02-2012,15.5,6.2,10.8,0,17.9,36.4,37750.07
Pakistan,22-02-2012,10.8,-0.6,5.4,0,19.4,39.6,37859.75
Pakistan,23-02-2012,9.8,-4,3.2,0,18.9,36.4,37969.32
Pakistan,24-02-2012,10.7,-4.2,3.8,0,16.1,33.8,38078.68
Pakistan,25-02-2012,12.9,-2.4,6.1,0,11.7,25.6,38187.76
Pakistan,26-02-2012,16.1,-1.1,8.4,0,19.6,37.4,38297.3
Pakistan,27-02-2012,18.3,5.3,12,0,18.4,36,38407.69
Pakistan,28-02-2012,21,3.8,12.3,0,20.9,42.1,38518.81
Pakistan,29-02-2012,19.7,0.4,11.6,0,12.5,27.7,38630.61
Pakistan,01-03-2012,20,1.6,12.1,0,16.5,32.4,38742.95
Pakistan,02-03-2012,19.5,4.8,13.3,0,23.2,48.2,38855.79
Pakistan,03-03-2012,20.9,7.1,14.7,0,25.7,50,38969
Pakistan,04-03-2012,22.6,9.2,15.5,2.9,35.3,72.7,39062.04
Pakistan,05-03-2012,19.1,4,12.5,0,18.9,39.2,39132.99
Pakistan,06-03-2012,18.5,0.9,11.3,0,21.7,41.8,39204.45
Pakistan,07-03-2012,16.5,1.9,9.1,0,29.9,58,39276.32
Pakistan,08-03-2012,15.8,-0.1,8.4,0,29,56.5,39348.49
Pakistan,09-03-2012,16.6,1,9.1,0,17.2,35.6,39420.88
Pakistan,10-03-2012,17.2,0.1,10.5,0,17.7,34.6,35534.06
Pakistan,11-03-2012,16.2,8.1,11.7,0.2,23.7,48.2,23083.01
Pakistan,12-03-2012,14,6,9.1,4.2,22.3,49.7,21600
Pakistan,13-03-2012,16.7,2.1,9.3,0,17.7,36.7,39600
Pakistan,14-03-2012,20.9,7,13.9,0,21.5,38.2,39600
Pakistan,15-03-2012,23.3,7.1,15.9,0,21.7,42.8,39600
Pakistan,16-03-2012,23.6,11.2,17,0,21.6,43.6,39600
Pakistan,17-03-2012,26,12.1,19.2,0,24.8,47.9,39600
Pakistan,18-03-2012,27,14,20.4,0,23.4,47.2,39600
Pakistan,19-03-2012,25,7.4,18.2,0,26,55.1,39626.21
Pakistan,20-03-2012,17.9,1.9,9.4,0,42,81.7,39710.24
Pakistan,21-03-2012,19.3,-0.6,10.4,0,17.8,31.7,39764.31
Pakistan,22-03-2012,21.5,1.7,13.4,0,14,26.3,39680
Pakistan,23-03-2012,23.8,8.2,17.2,0,21.1,40.3,39746.37
Pakistan,24-03-2012,25.6,7.7,18.4,0,23.2,45,39670.39
Pakistan,25-03-2012,23.8,11.4,17.4,0.8,19.1,41.8,27782.12
Pakistan,26-03-2012,23.1,8.5,17.2,0,16,34.6,37107.75
Pakistan,27-03-2012,21.4,12.9,16.8,2.2,23,42.1,37638.04
Pakistan,28-03-2012,22.8,10,17.1,0.5,15.9,34.2,39908.24
Pakistan,29-03-2012,27.1,14.1,20.1,0,23.7,46.8,40143.83
Pakistan,30-03-2012,29.2,14.1,21.9,0,24.9,49.3,40700.32
Pakistan,31-03-2012,30.2,12.7,22.9,0,18.5,34.9,40461.85
Pakistan,01-04-2012,27.9,15.4,20.6,2.6,17.6,40.3,36152.59
Pakistan,02-04-2012,24.6,12.8,18.3,3.6,17.5,34.6,36000
Pakistan,03-04-2012,23.8,10.8,17.9,0.6,13.3,25.2,40254.56
Pakistan,04-04-2012,27.4,12.3,19.4,0,24.6,44.6,40504.32
Pakistan,05-04-2012,28.4,10.6,21.1,0,19.6,31.7,41377.55
Pakistan,06-04-2012,28.7,15.8,22.9,0,21.5,38.5,41445.95
Pakistan,07-04-2012,28,11.9,21.4,0,23.2,44.3,37658.49
Pakistan,08-04-2012,28.8,12.9,22.2,0,29.3,52.9,40229.39
Pakistan,09-04-2012,27.6,17.2,22.1,0.8,22,45.4,41459.43
Pakistan,10-04-2012,27.2,16,21.9,0,23,46.4,42124.65
Pakistan,11-04-2012,28.4,12.8,21.3,0,16.6,33.5,42918.63
Pakistan,12-04-2012,27.1,10.9,20.2,0,23.1,47.5,41854.92
Pakistan,13-04-2012,26.4,12.9,18.8,2.5,27.7,55.4,40343.35
Pakistan,14-04-2012,19.3,12.4,15.8,3.8,14.4,29.2,38075.81
Pakistan,15-04-2012,24.8,10.6,17.9,0,24.4,43.2,43005.64
Pakistan,16-04-2012,24.9,12.6,18.1,4.3,15.9,39.2,37158.69
Pakistan,17-04-2012,24.4,9.7,16.7,0.7,21.3,39.2,41200.75
Pakistan,18-04-2012,23.3,11.5,16.6,3.1,22.6,40.3,38543.68
Pakistan,19-04-2012,20.8,11.5,15.7,10,18.6,38.9,33402.19
Pakistan,20-04-2012,17.9,11.1,13.8,12.5,22.9,41.4,26020.71
Pakistan,21-04-2012,19.6,8.2,14.3,0.2,18.5,37.8,43060.48
Pakistan,22-04-2012,20.6,10,15.6,0.6,16.6,31.7,40856.5
Pakistan,23-04-2012,21.5,10.1,16.1,0.2,20.6,41.4,43663.93
Pakistan,24-04-2012,21.9,10.1,16.3,3.7,13.8,30.2,43358.09
Pakistan,25-04-2012,22.4,9.4,16.9,0,16.9,29.5,43166.62
Pakistan,26-04-2012,23,10.7,17.3,2.1,18.3,38.9,41707.29
Pakistan,27-04-2012,23.8,10.3,17.3,0.3,22,45.4,44829.86
Pakistan,28-04-2012,26.2,11.8,19.1,0,25.5,52.6,44920.59
Pakistan,29-04-2012,27.5,13.1,20.3,0,26.1,50.8,45010.71
Pakistan,30-04-2012,27.7,12.3,20.4,0,25.8,51.1,45100.15
Pakistan,01-05-2012,27.6,11.7,20.4,0,26.3,45.7,45188.85
Pakistan,02-05-2012,28,11.1,21.3,0,18.9,41.4,43039.35
Pakistan,03-05-2012,29.5,12.4,22.9,0,14.9,31,45363.7
Pakistan,04-05-2012,30.4,14.7,24.1,0,10.1,25.6,45449.71
Pakistan,05-05-2012,32,14.8,24.9,0,21.6,42.5,45534.67
Pakistan,06-05-2012,31.8,15.7,25.7,0.1,20.1,41.8,43200
Pakistan,07-05-2012,31.7,20.7,25.9,0.3,23.5,47.2,43172.76
Pakistan,08-05-2012,32.5,17.9,25.2,0.1,28,45.4,36345.95
Pakistan,09-05-2012,33.5,16.7,26.2,0.2,21.9,48.2,43200
Pakistan,10-05-2012,32.6,20.2,26,0.6,23.9,53.6,38007.94
Pakistan,11-05-2012,31.5,16.6,25.7,0,20.4,39.2,45769.38
Pakistan,12-05-2012,30.9,18.2,24.8,0.4,24.1,51.8,45805.48
Pakistan,13-05-2012,29.5,14.7,22.5,0.2,21,44.6,45841.3
Pakistan,14-05-2012,30.4,17.8,24.2,0,21.7,42.1,45876.82
Pakistan,15-05-2012,34,19,26.8,0,22,45,37603.3
Pakistan,16-05-2012,33.8,23.1,27.9,0,24.7,47.5,33081.89
Pakistan,17-05-2012,31.6,16.1,24.9,0.4,22.7,40,40918.63
Pakistan,18-05-2012,32.3,19.2,26.4,0,25.5,50.8,46018.73
Pakistan,19-05-2012,32.5,18.7,26.9,0,19.9,40,46054.36
Pakistan,20-05-2012,32.7,20.7,26.8,0,20.9,45.4,46089.93
Pakistan,21-05-2012,30.8,15.4,24.6,0,16.7,34.2,46125.36
Pakistan,22-05-2012,31.4,16.2,25.5,0,20,37.8,46160.61
Pakistan,23-05-2012,32.7,19.1,26.4,0,17.4,33.5,46195.6
Pakistan,24-05-2012,34.4,20.7,28.4,0.2,24,49.3,46072.41
Pakistan,25-05-2012,31.7,20.3,27.2,0.6,23,45,46264.55
Pakistan,26-05-2012,31.3,20.1,26.2,0,20.1,43.6,46298.37
Pakistan,27-05-2012,33.4,16,26.2,0,18.6,37.1,44821.32
Pakistan,28-05-2012,34.9,17.2,28,0,11,26.3,46364.4
Pakistan,29-05-2012,37.1,18.7,29.6,0,11.7,28.8,46396.47
Pakistan,30-05-2012,38.3,20,30.7,0,27.2,52.9,46427.82
Pakistan,31-05-2012,36.3,22.4,30.7,0,14.4,36,46458.38
Pakistan,01-06-2012,36.2,19.5,29.5,0,15.5,30.6,46488.09
Pakistan,02-06-2012,36.1,19.9,29.7,0,13.2,28.8,46516.88
Pakistan,03-06-2012,37.1,21.3,30.2,0,14.2,31,46544.69
Pakistan,04-06-2012,36.3,19.4,29.6,0,19.2,44.6,46571.59
Pakistan,05-06-2012,35.3,21.1,28.6,0,24.6,54,46314.39
Pakistan,06-06-2012,29.6,19.7,23.7,13.9,21.7,44.6,41787.71
Pakistan,07-06-2012,27.2,16.7,22.2,0,11.2,26.6,45989.38
Pakistan,08-06-2012,28.6,17.2,22.8,1.2,17,45,46675.7
Pakistan,09-06-2012,31.4,18.5,25.1,0.3,18.8,33.8,46700.56
Pakistan,10-06-2012,33.5,20.4,26.9,0,19,37.1,46724.8
Pakistan,11-06-2012,33.5,18.9,25.7,2.1,18.9,46.8,45073.85
Pakistan,12-06-2012,30.3,18.8,24,3.7,22.4,42.5,46248.88
Pakistan,13-06-2012,29.7,16.7,23.6,1.1,14.5,28.8,46685.84
Pakistan,14-06-2012,31.7,18.6,26.6,0,8.6,19.1,46800
Pakistan,15-06-2012,35.4,23.3,29.5,0,16.3,29.5,46800
Pakistan,16-06-2012,35.7,21.1,29.2,0,15.8,31.3,46800
Pakistan,17-06-2012,34.8,22.1,28.7,0,13.1,33.5,46800
Pakistan,18-06-2012,34.5,20.6,28.6,0,17.7,39.6,46800
Pakistan,19-06-2012,34.1,19.4,28.2,0,19.3,37.4,45693.52
Pakistan,20-06-2012,36.7,21.6,30.1,0,19.6,34.2,46800
Pakistan,21-06-2012,38.4,20.4,31.2,0,17.7,33.8,46800
Pakistan,22-06-2012,38.1,23.1,31.6,0,20,36.4,44010.98
Pakistan,23-06-2012,36.2,22.2,30.4,0,21,37.4,46800
Pakistan,24-06-2012,37,22.3,30.4,0,20.5,43.9,46800
Pakistan,25-06-2012,35.7,24.8,30,0,19.9,48.2,46800
Pakistan,26-06-2012,35.6,22.3,29.2,0,23.4,45.7,46800
Pakistan,27-06-2012,35.3,22.5,28.7,0,19.2,34.9,46800
Pakistan,28-06-2012,34.5,20.8,28.2,0,24.8,51.5,46552.71
Pakistan,29-06-2012,34.7,22.9,28.4,0,25.5,50.4,46800
Pakistan,30-06-2012,37.4,21.3,29.3,0,24.1,50,46800
Pakistan,01-07-2012,37.7,22.8,30.9,0,15,32,46800
Pakistan,02-07-2012,36.9,24.5,31.5,0,13.7,29.5,46217.16
Pakistan,03-07-2012,38.3,25.9,32.1,0,18,36.4,46800
Pakistan,04-07-2012,37.2,25.9,31.7,0,19.7,42.1,46800
Pakistan,05-07-2012,36.8,25.5,30.7,0.2,17.4,40.7,45259.68
Pakistan,06-07-2012,36.4,23.5,29.9,0.7,19,37.8,46800
Pakistan,07-07-2012,37.2,23.3,30.1,0,15.8,37.4,46800
Pakistan,08-07-2012,34.4,23.8,28.3,0.6,21.2,44.6,45602.54
Pakistan,09-07-2012,32.6,22.4,26.9,0.9,17.2,37.1,46679.87
Pakistan,10-07-2012,32.8,22.6,27.7,0.1,12.1,25.9,45950.89
Pakistan,11-07-2012,33.5,23.6,28.6,0,13.7,31.7,45815.05
Pakistan,12-07-2012,32.9,24.1,28.8,2.4,13.7,31.3,46475.91
Pakistan,13-07-2012,35.2,23.3,28.2,2.2,21.7,47.9,46800
Pakistan,14-07-2012,28.9,21,24.3,6.7,18,33.5,41093.12
Pakistan,15-07-2012,26.3,21.5,23.5,7.6,14.4,34.2,41881.41
Pakistan,16-07-2012,26.4,20.6,23,4.3,13.8,30.6,38683.45
Pakistan,17-07-2012,28.6,21.4,24.3,0.6,14.3,31.7,43331.73
Pakistan,18-07-2012,30.9,20.9,25.9,0,19.1,36,44960.74
Pakistan,19-07-2012,32.3,20.4,26.8,0.1,14.4,31,46762.18
Pakistan,20-07-2012,31.3,21.2,25.2,7.5,13.4,34.9,45946.67
Pakistan,21-07-2012,28.6,20.9,24.9,1,18.8,39.2,45290.54
Pakistan,22-07-2012,31.1,19.8,25.9,0.1,10,26.6,46668.39
Pakistan,23-07-2012,33.4,21.8,27.8,0,14.3,29.9,46604.86
Pakistan,24-07-2012,35.5,23.1,29.1,0,21.9,47.5,45520.62
Pakistan,25-07-2012,34,23.1,28.4,0.1,15.9,32,43684.17
Pakistan,26-07-2012,33.2,22.8,27.2,0.2,19.1,43.2,43633.25
Pakistan,27-07-2012,31.8,22.3,26.5,1,20.9,41.4,44597.7
Pakistan,28-07-2012,33.7,21.4,27.7,0,16.3,32.8,44241.8
Pakistan,29-07-2012,36,23.9,29.6,0,18.2,38.2,45329.71
Pakistan,30-07-2012,36.4,23.4,29.8,0,19.5,40.3,44336.45
Pakistan,31-07-2012,35.1,23.1,29.2,0,18.7,35.6,45884
Pakistan,01-08-2012,34.9,23,29.2,0,18,36.4,45972.25
Pakistan,02-08-2012,36.9,23.1,29.7,0,22.1,46.4,45896.47
Pakistan,03-08-2012,38.2,22.5,30.3,0,18.1,42.1,45819.77
Pakistan,04-08-2012,33,23.4,28.1,0.5,19.4,40.7,44017.89
Pakistan,05-08-2012,28.5,21.2,23.8,7.5,14.6,28.8,41241.7
Pakistan,06-08-2012,26.8,20.8,23.1,4,12.7,26.3,42140.23
Pakistan,07-08-2012,28.9,19.4,24.2,0.2,13,28.4,43771.11
Pakistan,08-08-2012,30.6,20,25.5,0.2,13.5,26.6,44482.84
Pakistan,09-08-2012,32.8,22.6,26.6,0.3,18.3,39.2,42928.02
Pakistan,10-08-2012,32.1,20.6,26.3,0.1,18.3,38.5,43238.43
Pakistan,11-08-2012,30.2,20.3,24.9,4.2,14.8,35.3,42508.66
Pakistan,12-08-2012,29.6,20.2,24.2,0.8,13.9,28.1,42266.53
Pakistan,13-08-2012,29.9,19.9,24.7,0.8,11,26.6,42476.34
Pakistan,14-08-2012,31.2,21.2,24.9,1.2,13.6,36.4,38449.36
Pakistan,15-08-2012,29.6,19.8,24.4,2.6,15.5,38.2,39884.99
Pakistan,16-08-2012,28.9,20.4,24.2,1.4,14,28.4,36176.08
Pakistan,17-08-2012,29.8,21.2,24.9,0.2,7.7,22.7,27954.48
Pakistan,18-08-2012,32.7,22,26.7,0.9,10.9,23.4,41874.34
Pakistan,19-08-2012,33.3,22.9,27.6,0.9,15.4,29.9,41897.82
Pakistan,20-08-2012,32.3,22.6,27.1,0,20.3,41,40861.88
Pakistan,21-08-2012,32.9,21.7,27.2,0.3,19.7,35.6,41394.11
Pakistan,22-08-2012,33.7,21.5,27,0.4,18.9,34.2,42039.49
Pakistan,23-08-2012,28.6,21.8,24.4,3,14.8,33.1,28876.89
Pakistan,24-08-2012,30.2,22.7,25.7,0,15.1,34.6,32781.54
Pakistan,25-08-2012,31.9,22.3,26,1.2,14.2,34.2,35684.4
Pakistan,26-08-2012,28.4,20.9,24.6,0.4,14.7,32,33851.5
Pakistan,27-08-2012,30.3,20.8,24.2,3.5,12.4,34.9,35739.22
Pakistan,28-08-2012,28.5,20.2,23.5,5.9,14.2,27.4,37706.54
Pakistan,29-08-2012,28.6,19.6,24,0.2,10.5,23.4,39395.39
Pakistan,30-08-2012,29.6,19,24.6,0.2,11.6,20.9,39786.05
Pakistan,31-08-2012,31.5,21.4,25.3,0.3,16.6,34.2,39660.11
Pakistan,01-09-2012,31.1,21.4,25,0.8,18.4,36.7,38728.46
Pakistan,02-09-2012,31.2,19.9,25.6,0.2,17,33.1,38090.27
Pakistan,03-09-2012,32.8,21,26.2,0,17.2,39.2,40711.04
Pakistan,04-09-2012,28.9,21.7,24.5,6.5,16.3,33.8,39600
Pakistan,05-09-2012,27.7,20.3,23.5,1.8,13.7,30.2,37966.38
Pakistan,06-09-2012,26.6,19.5,22.8,2.9,20.4,40,38503.25
Pakistan,07-09-2012,25.5,20.3,22.3,1.3,19.6,36.7,33839.41
Pakistan,08-09-2012,26.2,20.1,22.3,0.6,28.7,51.8,39600
Pakistan,09-09-2012,21.6,19.1,20.4,27.9,21.4,47.9,2455.63
Pakistan,10-09-2012,23.4,19,21,9.3,16.9,36,17245.38
Pakistan,11-09-2012,26.6,16.9,21.8,0,8.7,17.3,33111.76
Pakistan,12-09-2012,28.3,19,23.2,3.7,10.8,29.2,36493.71
Pakistan,13-09-2012,28.3,19.1,23.3,1.7,12,28.1,39612.49
Pakistan,14-09-2012,29.3,20.9,24.2,0,12.2,21.6,36758.93
Pakistan,15-09-2012,28.9,20.2,23.3,1.4,16,25.9,34066.04
Pakistan,16-09-2012,27.3,19.7,22.6,0.6,12.3,22.3,39600
Pakistan,17-09-2012,26.6,18.1,21.4,0,16.4,32.4,39651.23
Pakistan,18-09-2012,26.5,15.7,20.6,0,11,22.3,39880.93
Pakistan,19-09-2012,26.8,16.5,20.8,0,13.6,26.6,36954.43
Pakistan,20-09-2012,28.7,15.1,21.6,0,16,29.5,39588.88
Pakistan,21-09-2012,29.1,14.9,22,0,15.3,31,39948.65
Pakistan,22-09-2012,29.2,15.1,22.2,0,18.1,33.1,39871.79
Pakistan,23-09-2012,28.7,13.3,22.1,0,14.8,28.8,39689.76
Pakistan,24-09-2012,29.2,14.9,22,0,17,33.1,39613.99
Pakistan,25-09-2012,29.2,14,21.7,0,18.9,36.4,39436.13
Pakistan,26-09-2012,27.2,14.3,20.6,2.5,18.9,39.2,34890.94
Pakistan,27-09-2012,27.3,17,21.2,1.3,20.2,34.6,35350.75
Pakistan,28-09-2012,28.6,15,22,0,15,27,39116.64
Pakistan,29-09-2012,29.1,14.3,22.2,0,15.7,26.6,39044.79
Pakistan,30-09-2012,29.5,14.5,22.6,0,8.6,19.1,38973.39
Pakistan,01-10-2012,29.9,14.5,23.1,0,10.6,24.8,38902.5
Pakistan,02-10-2012,29.5,15.2,23.1,0,9.7,22,38741.57
Pakistan,03-10-2012,29.3,13.7,22.8,0,13.5,26.3,38672.45
Pakistan,04-10-2012,28.9,14.3,22.3,0,11.4,26.6,38602.79
Pakistan,05-10-2012,28.9,12,21.6,0,14.4,27.7,38532.68
Pakistan,06-10-2012,27.5,13.5,21.3,0,15.1,28.8,38462.16
Pakistan,07-10-2012,26.4,12,20.3,0,11.5,20.5,38310.86
Pakistan,08-10-2012,27.1,14.5,21,0,11.9,23.8,38241.95
Pakistan,09-10-2012,27.4,14.4,20.9,0,16.1,29.9,38172.95
Pakistan,10-10-2012,27.3,12.3,20.4,0,15,28.8,38030.23
Pakistan,11-10-2012,26.5,14.8,20.4,0,15.9,31,37865.86
Pakistan,12-10-2012,27,13.8,20.6,0,18.4,34.6,37596.65
Pakistan,13-10-2012,26,12.5,19.8,0,14.4,28.8,36868.85
Pakistan,14-10-2012,26.2,14.1,19.7,0,18.4,38.9,37096.9
Pakistan,15-10-2012,26,14.3,19.7,0,22.1,37.8,37426.21
Pakistan,16-10-2012,23,10.2,16.9,0,14.3,30.2,36522.48
Pakistan,17-10-2012,22.8,14.2,17.5,0,14.8,33.5,36846.2
Pakistan,18-10-2012,23.4,14.6,17.8,0,15.5,33.8,32502.78
Pakistan,19-10-2012,20.4,13.7,16.7,1.4,15.3,32,36214.44
Pakistan,20-10-2012,22.1,11.1,16.6,0,17,33.1,36616.6
Pakistan,21-10-2012,21.5,8.4,15.4,0,16.4,33.1,36417.08
Pakistan,22-10-2012,21.5,10.4,16.2,0,16.8,27.7,36507.83
Pakistan,23-10-2012,21,8.1,15.4,0,13.8,30.6,36501.17
Pakistan,24-10-2012,22,6.9,14.9,0,16.2,31.7,36406.3
Pakistan,25-10-2012,22.2,9.5,16,0,14.7,30.6,36232.96
Pakistan,26-10-2012,22.8,9.7,16.6,0,13.5,25.2,36232.38
Pakistan,27-10-2012,23.1,11.3,17.1,0,16.2,32,36153.8
Pakistan,28-10-2012,23.2,11.3,17.3,0,14,28.1,36154.51
Pakistan,29-10-2012,23.4,10,17.2,0,12.6,24.5,36084.37
Pakistan,30-10-2012,23.9,10.1,17.8,0,11.5,24.1,36079.4
Pakistan,31-10-2012,23.1,10.5,17.7,0,11.7,23,35968.82
Pakistan,01-11-2012,23.2,9.8,17.4,0,13.7,24.5,35893.49
Pakistan,02-11-2012,22.3,10.3,16.9,0,10,22,35876.23
Pakistan,03-11-2012,22.1,6.3,15.2,0,12.5,26.6,35828.13
Pakistan,04-11-2012,22.2,7.4,16.1,0,9.8,23.4,35742.09
Pakistan,05-11-2012,21.9,8.4,15.4,0,11.3,23,35691.08
Pakistan,06-11-2012,21.4,7.1,14.6,0,11.8,21.6,35639.85
Pakistan,07-11-2012,20.8,9.8,15.2,0,12.9,27.4,35588.46
Pakistan,08-11-2012,21.4,7.7,15,0,9.4,23.4,35536.92
Pakistan,09-11-2012,22.1,8.2,15.3,0,13.6,29.9,35485.29
Pakistan,10-11-2012,21.2,6,14.4,0,9.4,15.8,35433.59
Pakistan,11-11-2012,21.7,8.2,14.9,0,11.2,21.2,35381.88
Pakistan,12-11-2012,20.6,6.5,14.4,0,11.1,20.9,35329.76
Pakistan,13-11-2012,20.1,7.3,14.1,0,9.8,19.4,35277.02
Pakistan,14-11-2012,21.5,7.5,14.7,0,12,26.6,35223.73
Pakistan,15-11-2012,21.2,6,13.8,0,13.2,25.6,35170.01
Pakistan,16-11-2012,21.2,9.1,15.1,0,13.9,27.4,35115.93
Pakistan,17-11-2012,20.3,8,14.4,0.4,17.1,36.4,35050.72
Pakistan,18-11-2012,18.7,8.7,13,0,15.3,32,34967.95
Pakistan,19-11-2012,18.2,3.3,11.5,0,9.2,20.2,34886.61
Pakistan,20-11-2012,18.2,5.9,12.6,0,10.9,21.2,34806.8
Pakistan,21-11-2012,17.9,8.1,13,0,10,22.3,34704.37
Pakistan,22-11-2012,17.6,3.7,11.1,0,11.8,21.2,34652.28
Pakistan,23-11-2012,17.2,6,11.4,0,19.4,40,34577.79
Pakistan,24-11-2012,16.6,5.2,10.4,0,16.3,35.3,34505.34
Pakistan,25-11-2012,15.8,3.5,9.6,0,14,28.1,34435.04
Pakistan,26-11-2012,17.6,4.4,11.4,0,10.7,24.1,34367
Pakistan,27-11-2012,17.2,4.5,11.2,0,13.9,28.8,34301.38
Pakistan,28-11-2012,17.4,8,12.2,0,20.4,43.6,34238.28
Pakistan,29-11-2012,16.2,3.7,9.9,0,23.4,46.1,34177.84
Pakistan,30-11-2012,15.9,-0.8,8.4,0,9.9,24.1,34120.18
Pakistan,01-12-2012,15.6,-0.8,8.6,0,9.8,17.6,34065.49
Pakistan,02-12-2012,16,0.9,9.1,0,9.4,14.8,34013.25
Pakistan,03-12-2012,16.6,0.6,9,0,9.4,15.8,33963.11
Pakistan,04-12-2012,17,0.5,9.4,0,9.7,16.2,33915.11
Pakistan,05-12-2012,18.7,5.1,11.7,0,8.7,17.6,32139.97
Pakistan,06-12-2012,19.4,5.2,12.8,0,8.7,16.6,33825.81
Pakistan,07-12-2012,19.6,9.2,14.1,0,11.7,23.8,33553.54
Pakistan,08-12-2012,18.1,7.6,12.5,0,15.9,33.1,33745.89
Pakistan,09-12-2012,17,1.5,9.9,0,10.6,23,33709.59
Pakistan,10-12-2012,16.1,4.1,10.7,0,13,28.4,33675.83
Pakistan,11-12-2012,14.4,1.8,8.8,0,12.1,25.9,33644.66
Pakistan,12-12-2012,11.1,2.8,7.3,3.5,15.6,34.2,14388.22
Pakistan,13-12-2012,9.7,4.3,6.9,13.5,7.9,32.4,20597.58
Pakistan,14-12-2012,10.2,2.3,6,0,9.9,20.9,33520.65
Pakistan,15-12-2012,8.7,5.5,6.8,1,9.7,19.1,6184.48
Pakistan,16-12-2012,10.6,2.5,6.3,0,7.8,16.6,18972.11
Pakistan,17-12-2012,10.8,2.7,6.8,3,12.8,25.9,18735.87
Pakistan,18-12-2012,13.3,3.9,7.6,0,19.6,39.6,28727.42
Pakistan,19-12-2012,14.1,-1.6,6.2,0,14.9,29.9,33350.13
Pakistan,20-12-2012,15,-2.6,6.1,0,11.1,24.1,33270.65
Pakistan,21-12-2012,15.5,-0.7,7.2,0,9.6,18.4,33280.07
Pakistan,22-12-2012,15.9,0.9,8.3,0,9.7,15.1,33180.43
Pakistan,23-12-2012,16.4,2.3,9.4,0,9,14,33084.07
Pakistan,24-12-2012,16.1,2.6,9.3,0,12.9,24.1,33074.98
Pakistan,25-12-2012,14.6,1,8.7,0,9.9,22.3,33066.01
Pakistan,26-12-2012,15.4,0.6,8.6,0,9,16.6,32895
Pakistan,27-12-2012,14.8,6.6,10.2,1.1,22.5,43.9,32400
Pakistan,28-12-2012,8.3,-2.3,3,0,28.7,56.9,33046.52
Pakistan,29-12-2012,9,-4.7,2.9,0,13,35.6,32990.49
Pakistan,30-12-2012,12.8,-3.2,4.8,0,8.7,20.2,32986.42
Pakistan,31-12-2012,13.4,-2.4,5.7,0,10.1,20.5,32943.07
Pakistan,01-01-2013,13.6,2.2,6.9,0,27,53.6,32481.78
Pakistan,02-01-2013,11.8,-4.2,4.4,0,13,29.2,33018.56
Pakistan,03-01-2013,12.7,-1.9,5.6,0,10.6,21.6,32994.75
Pakistan,04-01-2013,10.9,0.5,5.3,0,17.2,35.6,33122.88
Pakistan,05-01-2013,10.1,-2,4,0,13,28.4,33057.89
Pakistan,06-01-2013,10.3,-2.4,4.2,0,7.9,18.7,33053.97
Pakistan,07-01-2013,11.6,0,5.8,0,9.4,20.5,33063.78
Pakistan,08-01-2013,11.9,2.3,6.7,0,16.5,33.8,32935.3
Pakistan,09-01-2013,13.5,-0.1,7.3,0,9.5,17.6,26304.59
Pakistan,10-01-2013,15.7,3.8,9.7,0,8.7,22,32952.87
Pakistan,11-01-2013,17.7,6,11.9,0.2,16.1,33.1,32950.24
Pakistan,12-01-2013,16.3,4.5,10.4,0,25.7,51.5,33375.52
Pakistan,13-01-2013,15.4,0.4,7.4,0,15,33.1,33758.82
Pakistan,14-01-2013,13.5,-2.4,6.6,0,12.6,26.3,33510.36
Pakistan,15-01-2013,12.4,-0.9,6.7,0,11.8,23,33917.98
Pakistan,16-01-2013,11.2,-0.4,5.9,1.5,12.2,27.4,33057
Pakistan,17-01-2013,9.4,0,4.9,0,10.8,24.8,30061.6
Pakistan,18-01-2013,11.2,-2.4,3.8,0,21.7,43.6,34301.02
Pakistan,19-01-2013,11.5,-1.7,5,0,10.9,24.5,34363.94
Pakistan,20-01-2013,12.2,-2.2,5.6,0,8.9,22,34427.55
Pakistan,21-01-2013,12.8,-0.2,6.8,0,9.6,23,34412.15
Pakistan,22-01-2013,13.6,0.1,7.2,0,15.8,30.6,34556.24
Pakistan,23-01-2013,15.2,2.6,8.7,0,12.5,27.7,34620.98
Pakistan,24-01-2013,13.5,0.9,7.2,0,10.3,23.4,34685.84
Pakistan,25-01-2013,16.7,2.5,9.6,0,12.1,26.6,34835.98
Pakistan,26-01-2013,16.7,1.8,9.7,0,11.3,25.2,34989.16
Pakistan,27-01-2013,16.6,4.7,10.9,0,10.2,22,33336.07
Pakistan,28-01-2013,17.5,3,10.7,0,9.5,19.1,35123.74
Pakistan,29-01-2013,17.8,6.9,12.4,0,13.4,26.3,35282.38
Pakistan,30-01-2013,17.4,7.5,12.4,0.1,18.2,34.2,29094.72
Pakistan,31-01-2013,17.3,5.2,11.4,0,15,28.1,34939
Pakistan,01-02-2013,15.6,4.8,10.8,2.6,18.2,36,32736.16
Pakistan,02-02-2013,14.8,7.4,11,0.9,18.8,37.1,21405.42
Pakistan,03-02-2013,10,7.5,8.8,13.7,21.6,41.8,0
Pakistan,04-02-2013,11,5.3,7.8,4,14.3,35.3,34416.65
Pakistan,05-02-2013,10.5,2.6,5.8,0.2,22.1,45.4,35542.59
Pakistan,06-02-2013,11.3,-1.2,5,0,11,24.5,36236.28
Pakistan,07-02-2013,13.9,-1.4,7.2,0,8.7,17.6,36338.18
Pakistan,08-02-2013,15.5,0,8.6,0,9,16.9,36441.12
Pakistan,09-02-2013,16.1,4,10.1,0,10.5,21.6,36544.98
Pakistan,10-02-2013,15.2,-0.1,8.3,0,9.4,18,36649.62
Pakistan,11-02-2013,14.5,1.9,8.5,0,9.7,19.8,34664.55
Pakistan,12-02-2013,16.3,3.9,10.7,0.5,13.8,30.6,36490.8
Pakistan,13-02-2013,15.8,3.7,10.1,0.7,14,29.9,34806.48
Pakistan,14-02-2013,10,4.8,8.3,18.2,10.6,38.5,7289.37
Pakistan,15-02-2013,10.7,3.4,6.7,3.1,10.8,28.1,17466.54
Pakistan,16-02-2013,13.7,1.8,7.8,0,17.6,35.3,37288
Pakistan,17-02-2013,14.2,2.2,7.9,0,12.2,24.8,37395.16
Pakistan,18-02-2013,14.4,1.7,8.8,0.2,14.3,30.2,35467.71
Pakistan,19-02-2013,14,7.4,10.5,1.8,15.3,31.7,34606.33
Pakistan,20-02-2013,13.9,6.5,10,3.4,14.2,25.9,24001.89
Pakistan,21-02-2013,11.9,7,9.3,30.7,12.3,37.8,23972.25
Pakistan,22-02-2013,12.1,1.8,7,1.9,10.8,26.3,37935.2
Pakistan,23-02-2013,14,2.2,7.6,0,20.3,40.3,38045.62
Pakistan,24-02-2013,14.2,0,7.8,0,14.8,28.8,38156.75
Pakistan,25-02-2013,12.5,2.9,8.4,0.2,12.6,24.8,21434.54
Pakistan,26-02-2013,11.4,5,8.1,16.3,22.1,49.7,6758.63
Pakistan,27-02-2013,12.6,1.5,6.5,0,24.5,49,38493.52
Pakistan,28-02-2013,14.8,0.7,7.9,0,13.5,29.2,38606.57
Pakistan,01-03-2013,16,2,9.8,0,9.5,21.6,35241.4
Pakistan,02-03-2013,19.8,2.5,11.7,0,9.8,21.6,38833.32
Pakistan,03-03-2013,20.5,4.4,13.3,0,11.5,22,38946.85
Pakistan,04-03-2013,21.5,5.6,14.2,0,15.2,31.3,39050.48
Pakistan,05-03-2013,20.9,4.9,13.4,0,10.4,22,39120.84
Pakistan,06-03-2013,21.2,7,14.3,0,9.5,19.8,39191.37
Pakistan,07-03-2013,22.1,7,15.1,0,11.7,22,39261.98
Pakistan,08-03-2013,22.8,9.7,16.3,0,19,38.5,39332.58
Pakistan,09-03-2013,20.6,9.2,15.5,0,22.4,43.2,39403.07
Pakistan,10-03-2013,20.4,3.5,12.3,0,17.2,37.8,39473.37
Pakistan,11-03-2013,20.6,7.5,14.5,0,17.7,36.4,39543.38
Pakistan,12-03-2013,21,8.2,15.1,0.8,23.8,45.4,33382.7
Pakistan,13-03-2013,16.1,9.1,12.6,3.3,11.4,31.3,33649.5
Pakistan,14-03-2013,18.4,6.9,12.3,0,15.8,31.7,39600
Pakistan,15-03-2013,17.6,6.9,12,0.2,12.3,28.1,39600
Pakistan,16-03-2013,19.6,6.6,13.2,0,18.8,33.1,39600
Pakistan,17-03-2013,21.3,9.3,15.1,0.1,22.5,46.1,39600
Pakistan,18-03-2013,22.9,11,16.9,0,23.2,45.4,39600
Pakistan,19-03-2013,23.7,12.3,18.1,0.1,19.4,41,39600
Pakistan,20-03-2013,23.4,13,17.8,0.2,22.9,46.1,39600
Pakistan,21-03-2013,24.1,8.9,16.7,0,16.3,32,39620.72
Pakistan,22-03-2013,21.7,12.9,16.8,1.4,24.2,52.9,36320.61
Pakistan,23-03-2013,14.4,9.4,11.3,13.3,18.5,40.3,27882.3
Pakistan,24-03-2013,16.8,5,11.6,0,13.2,26.6,39754.3
Pakistan,25-03-2013,18.6,5.8,12.9,0,15.5,32.4,39675.16
Pakistan,26-03-2013,20.3,9.7,14.2,0.9,13.6,25.9,24866.38
Pakistan,27-03-2013,19.5,9,13.7,4.8,13.1,30.2,38997.95
Pakistan,28-03-2013,16.1,9.2,12.2,18.4,15,32,30065.86
Pakistan,29-03-2013,18.8,6.9,13.1,0,11.9,25.9,39719.98
Pakistan,30-03-2013,21.4,8.6,15.1,0,11.7,22.7,40598.96
Pakistan,31-03-2013,22.5,8.6,16.1,0,12.8,25.6,40643.77
Pakistan,01-04-2013,23.1,10.6,17,0.4,15.8,29.9,40000
Pakistan,02-04-2013,20.6,8.9,14.3,3.4,12.8,28.8,38975.53
Pakistan,03-04-2013,20.3,8.2,14.3,1.1,12.8,28.1,40762.9
Pakistan,04-04-2013,22,10.2,16.3,0,16.9,35.3,41810.37
Pakistan,05-04-2013,23.8,9,16.7,0,20.9,41.4,41851.8
Pakistan,06-04-2013,24.9,11.2,18.6,0.5,22.8,43.2,40921.17
Pakistan,07-04-2013,24.7,10.5,18,0,13.6,29.5,38793.62
Pakistan,08-04-2013,24.1,11.7,17.7,2.1,23.1,47.2,41398.98
Pakistan,09-04-2013,20.6,10.7,14.6,11.3,22.2,43.9,31517.97
Pakistan,10-04-2013,18.5,7.8,13.4,5.5,10.3,22.7,41238.05
Pakistan,11-04-2013,21.6,8.1,15.4,0,8.8,17.6,42387.25
Pakistan,12-04-2013,24,12,18.1,0.2,13,25.9,42353.2
Pakistan,13-04-2013,24.8,11,18.4,0,14.1,32.4,42421.48
Pakistan,14-04-2013,26.4,9.8,18.8,0,10.3,25.2,43244.74
Pakistan,15-04-2013,28,13.3,21.3,0,23,42.8,42773.83
Pakistan,16-04-2013,27.6,11.6,20.2,0,26,51.8,43618.79
Pakistan,17-04-2013,27,13.8,20.6,0,15.1,32.8,43695.64
Pakistan,18-04-2013,27.7,11.2,21.1,0,8.7,20.2,43201.3
Pakistan,19-04-2013,28.4,14.1,22,0,19.2,36,43037.09
Pakistan,20-04-2013,25.9,16.9,21.1,1.3,22.6,43.6,43099.2
Pakistan,21-04-2013,25.6,11.4,18.9,0.7,20.5,40.7,43751.27
Pakistan,22-04-2013,22.6,12.7,16.9,5.6,14.5,35.3,36286.46
Pakistan,23-04-2013,22,13.4,17.8,0,14.4,36.4,41952.22
Pakistan,24-04-2013,22.1,12.3,17.1,5.6,18.9,41,39138.58
Pakistan,25-04-2013,23,13.2,16.6,13.3,11.7,29.5,36425.75
Pakistan,26-04-2013,23.1,11.3,16.9,0,19.7,37.8,37906.14
Pakistan,27-04-2013,22.2,14.1,17.9,3.1,18.8,38.5,40230.11
Pakistan,28-04-2013,21.7,14.3,17.2,0.6,17.1,33.8,32922.39
Pakistan,29-04-2013,23.8,11.8,17.8,0,16,30.6,44990.57
Pakistan,30-04-2013,24,8.3,17.1,0,12.3,27,45081.04
Pakistan,01-05-2013,25.4,12.1,18.8,0,17.2,35.3,45170.01
Pakistan,02-05-2013,27.3,12.8,20.3,0,14.5,31.7,45258.94
Pakistan,03-05-2013,30,13.9,22.6,0,20.9,41.8,45346.23
Pakistan,04-05-2013,29.7,16.3,23.6,0,19.8,38.5,45432.31
Pakistan,05-05-2013,29.1,15,23,0,14.6,30.6,45517.1
Pakistan,06-05-2013,29.7,15,23.6,0,14,29.5,45575.35
Pakistan,07-05-2013,31.1,14.6,24,0,24.2,44.3,44703.35
Pakistan,08-05-2013,31.1,15.2,23.6,0.7,21.6,46.8,44912.82
Pakistan,09-05-2013,30.6,20.1,24.9,0.8,22.3,39.6,37096.14
Pakistan,10-05-2013,26.7,17.4,21.9,0.3,16,36.7,40874.54
Pakistan,11-05-2013,26.2,14.4,20.4,1.4,13.3,28.1,44069.79
Pakistan,12-05-2013,27.8,14.5,21.4,0.2,19.9,38.5,45792.86
Pakistan,13-05-2013,29.8,13,22.7,0,22.8,43.6,45829.36
Pakistan,14-05-2013,31.8,15.8,24.8,0.3,23.8,45.7,43056.57
Pakistan,15-05-2013,33.7,16.1,25.7,0,22.2,44.3,45902.48
Pakistan,16-05-2013,35.9,15.9,27.1,0,22,45,45939.01
Pakistan,17-05-2013,36.1,18.3,28.7,0,16.1,28.8,45975.43
Pakistan,18-05-2013,36.4,22,29.8,0,20.7,38.2,46011.7
Pakistan,19-05-2013,36.3,23.6,30,0,17.3,31,46047.75
Pakistan,20-05-2013,35.9,20.2,29.1,0,16,33.1,46083.53
Pakistan,21-05-2013,36.2,20.6,30,0,13.8,26.3,46118.99
Pakistan,22-05-2013,37.2,19.6,30.4,0,14.5,28.8,46154.07
Pakistan,23-05-2013,37.3,20.5,30.3,0,15.5,32,46188.71
Pakistan,24-05-2013,37.6,22.8,30.8,0,21.3,38.5,46222.85
Pakistan,25-05-2013,37.1,24,30.9,0,24,41.4,46256.44
Pakistan,26-05-2013,33.9,21.2,28.2,0,24.3,49.3,46289.41
Pakistan,27-05-2013,33.3,19.1,26.7,0,19.9,38.2,46321.72
Pakistan,28-05-2013,33.2,16.7,26.5,0,17.7,33.8,46353.29
Pakistan,29-05-2013,34.1,15.8,26.2,0,16.9,40.3,46384.08
Pakistan,30-05-2013,34.5,17.7,26.9,0,23.7,44.6,46414.16
Pakistan,31-05-2013,36,21.9,29.5,0,12.6,27,46444.09
Pakistan,01-06-2013,35.9,21,30.1,0,14.4,31.3,46473.86
Pakistan,02-06-2013,35.1,24.1,29.7,0,16.3,34.6,46503.39
Pakistan,03-06-2013,34.5,24.2,29.4,0,16.3,37.8,46137.25
Pakistan,04-06-2013,34.8,24.4,29.8,0,16.8,34.9,44160.99
Pakistan,05-06-2013,38,23.1,31.2,0,19.1,41,46589.78
Pakistan,06-06-2013,37,22.6,30.6,0,19.3,40,46617.59
Pakistan,07-06-2013,36.4,20.6,29.9,0,14.3,31.3,46644.78
Pakistan,08-06-2013,36.7,24.5,31,0,18.1,36.4,46671.27
Pakistan,09-06-2013,37,24.2,31.1,0,13.3,30.6,46696.99
Pakistan,10-06-2013,35.9,24.4,30,0,18,33.1,43313.17
Pakistan,11-06-2013,35.6,24.8,29.2,7.6,12.9,29.9,40345.39
Pakistan,12-06-2013,30.2,22.9,25.3,10.9,14.3,32.4,33301.27
Pakistan,13-06-2013,30.2,21.8,25.1,1.3,8.2,27.7,45833.67
Pakistan,14-06-2013,28.8,22.1,24.7,4.1,19.9,40,44873.46
Pakistan,15-06-2013,28.3,21,23.9,6,18.4,37.4,37912.29
Pakistan,16-06-2013,26.5,19.8,22,6.4,14.7,27.7,30683.24
Pakistan,17-06-2013,24.8,18.5,21,11.7,11.5,27.4,29891.71
Pakistan,18-06-2013,27,17.8,22.7,0.7,16.3,27,46388.29
Pakistan,19-06-2013,30.4,19.7,24.8,0,15.6,31,46800
Pakistan,20-06-2013,33.9,21.3,26.9,0,15.7,28.1,46800
Pakistan,21-06-2013,37.2,21.6,29,0,11.5,22,46800
Pakistan,22-06-2013,37.4,21.8,30,0,14.8,26.3,46800
Pakistan,23-06-2013,37,25.2,30.7,0,12.7,31,46800
Pakistan,24-06-2013,37.2,24.6,30.8,0,13.3,34.9,46800
Pakistan,25-06-2013,35.5,25.4,29.1,2,14.8,32,44156.27
Pakistan,26-06-2013,34.4,24.9,29.6,0.2,11,25.9,46800
Pakistan,27-06-2013,35.7,23.9,29.7,0.4,19.5,33.8,46622.38
Pakistan,28-06-2013,35,23.8,29.4,0.7,19.5,45,46393.38
Pakistan,29-06-2013,37.5,23.6,29.5,0.3,21,43.2,46707.48
Pakistan,30-06-2013,34.4,23.8,28.3,1.1,23.4,45,46800
Pakistan,01-07-2013,31.9,21.9,26.1,9.4,18.6,38.2,45455.54
Pakistan,02-07-2013,31.3,21.6,25.7,0,17.4,34.9,46800
Pakistan,03-07-2013,32.5,19.5,26.6,0,15.8,32,46800
Pakistan,04-07-2013,32.9,20.2,28,0,11.2,25.2,46800
Pakistan,05-07-2013,33.8,22.6,29.3,0,12.6,27,46800
Pakistan,06-07-2013,34.2,23.9,29.1,1.8,15.9,32.8,44939.15
Pakistan,07-07-2013,33.6,24.4,29,0.1,17.3,34.2,46800
Pakistan,08-07-2013,35.9,23,29.5,0,23.1,46.1,46800
Pakistan,09-07-2013,35.5,23.4,29.3,0,26.2,53.6,46800
Pakistan,10-07-2013,31.8,23,26.9,0.5,21,43.6,45949.52
Pakistan,11-07-2013,30.2,21.9,25,4.4,15.7,37.8,42978.42
Pakistan,12-07-2013,29.7,21.1,24.7,1.7,17.9,36,44510.75
Pakistan,13-07-2013,30.7,20.7,25.7,0.1,12.9,26.3,46800
Pakistan,14-07-2013,32.4,22.8,27.3,0.2,16.3,34.9,46800
Pakistan,15-07-2013,34,23,28.3,0.3,15.9,34.9,46218.02
Pakistan,16-07-2013,32.1,23.6,27.3,2.4,18.1,37.8,39299.71
Pakistan,17-07-2013,32.8,22.7,27.9,0.1,17.3,33.8,46276.21
Pakistan,18-07-2013,34.7,22.7,29,0,19.5,39.6,46790.24
Pakistan,19-07-2013,36.7,22.8,29.8,0,17.1,33.5,45279.8
Pakistan,20-07-2013,33.9,24.1,28.5,0.7,19.1,39.6,44274.16
Pakistan,21-07-2013,33.9,24,28.2,0.3,19.9,42.8,45048.61
Pakistan,22-07-2013,34.5,22.8,28.7,0,13.6,30.2,46553.96
Pakistan,23-07-2013,33.9,23.9,29,0,17.1,37.4,46225.1
Pakistan,24-07-2013,34.6,25,28.7,0.2,18.4,39.6,43324.71
Pakistan,25-07-2013,32.2,23.4,27.4,1.9,20.4,40.7,42908.36
Pakistan,26-07-2013,29.7,22.1,25.7,1.1,15.2,32.4,43073.62
Pakistan,27-07-2013,31.5,21.7,26.5,0,13,26.3,40401.5
Pakistan,28-07-2013,33,23.3,27.5,0.4,17.5,34.6,40743.92
Pakistan,29-07-2013,31.6,24.4,27.6,0.1,19.2,33.8,38081.2
Pakistan,30-07-2013,30.9,24.5,26.6,4.5,15.1,36.4,18348.12
Pakistan,31-07-2013,30.1,21.7,25.1,2.9,13.4,32.8,33167
Pakistan,01-08-2013,27.2,21.1,24.1,25,9.5,24.1,34120.68
Pakistan,02-08-2013,27.1,22.2,24.1,5.1,15.3,28.1,31854.41
Pakistan,03-08-2013,26,21.4,23,15.4,16.9,32,15074.04
Pakistan,04-08-2013,26.8,20.4,23,0.6,12.2,27.7,42895.59
Pakistan,05-08-2013,28.5,19.9,24.1,0.2,10.8,20.5,38315.54
Pakistan,06-08-2013,28.9,22,24.5,3.1,15.3,25.6,33745.94
Pakistan,07-08-2013,28.2,21.8,24.3,7.6,14.2,29.9,33356.78
Pakistan,08-08-2013,29.3,21.8,25,0,12.7,25.9,39460.36
Pakistan,09-08-2013,30.2,22.2,25.4,0.4,12.1,24.8,37338.98
Pakistan,10-08-2013,28.2,21.7,24.2,5.7,13.7,32,31270.31
Pakistan,11-08-2013,26.8,22.7,24.2,2.1,13.8,28.1,32645.38
Pakistan,12-08-2013,27.7,22,23.7,3,15.8,37.4,33252.5
Pakistan,13-08-2013,28.1,22.3,24.6,2.3,16.9,36.7,36907.07
Pakistan,14-08-2013,26.1,21,23,1,14.6,24.1,39555.95
Pakistan,15-08-2013,26,20.4,22.5,1.3,13.7,28.8,31866.81
Pakistan,16-08-2013,27,20,23,0,12,22.3,36030.59
Pakistan,17-08-2013,27.9,20.4,23.3,0.1,15.9,32.4,37777.41
Pakistan,18-08-2013,30,20.3,24,0,19.6,39.6,40235.63
Pakistan,19-08-2013,31.2,19.2,24.2,0,21.2,42.5,41114.3
Pakistan,20-08-2013,31.1,18.6,24.6,0,19.6,40.7,41557.41
Pakistan,21-08-2013,32.1,19.4,25.2,0,17.1,41,41600.29
Pakistan,22-08-2013,31.5,20.2,25.4,0.5,19.1,38.9,41915.1
Pakistan,23-08-2013,31.6,20.2,25.4,0.6,16.4,32.4,40299.28
Pakistan,24-08-2013,32.3,20.2,25.8,0.2,16.3,34.6,41896.24
Pakistan,25-08-2013,32.7,21.8,26.7,0,17.9,36.7,41678.36
Pakistan,26-08-2013,35.1,20.4,27.5,0,21.5,45,41933.49
Pakistan,27-08-2013,34.8,21.4,27.5,0,19.8,46.4,41819.38
Pakistan,28-08-2013,32.9,21.5,26.4,0.4,16.9,40.3,39906.95
Pakistan,29-08-2013,32.2,21.3,25.6,0.5,19.9,39.2,38823.65
Pakistan,30-08-2013,32.2,20.5,26,0,19.1,43.2,40847.91
Pakistan,31-08-2013,32,20,26,0,19.8,37.1,40982.42
Pakistan,01-09-2013,32.1,20.4,25.7,0,19.5,39.6,40991.7
Pakistan,02-09-2013,33,20.1,26.2,0,21.9,40,40999.97
Pakistan,03-09-2013,32.8,18.8,25.9,0,18.3,36.7,41227.7
Pakistan,04-09-2013,32.5,19.6,25.7,0,20,41,40965.8
Pakistan,05-09-2013,34.1,19.3,26,0,24.8,46.4,40961.85
Pakistan,06-09-2013,32.8,18.5,25.7,0,18.7,38.2,40831.78
Pakistan,07-09-2013,31.7,20.2,25.6,0,15.5,32,40578.84
Pakistan,08-09-2013,31.6,19.2,25,0.2,17.3,34.2,40453.78
Pakistan,09-09-2013,30.8,19.9,24.7,0,18.2,37.8,40330.74
Pakistan,10-09-2013,31.8,19,24.8,0,18.3,37.4,40452.75
Pakistan,11-09-2013,31,20,24.9,0,18.1,34.2,40331.56
Pakistan,12-09-2013,30.6,19.5,24,3.3,14.8,32,40212.45
Pakistan,13-09-2013,29.6,18.9,23.9,2.1,14.4,33.5,36196.59
Pakistan,14-09-2013,30.9,18.8,24.8,0,19.8,36.4,40214.45
Pakistan,15-09-2013,32.1,20.1,25.5,0,20.8,38.2,40215.16
Pakistan,16-09-2013,29.7,17.4,24.4,0.1,16,38.5,40215.67
Pakistan,17-09-2013,29.3,18.9,23.8,0,15.4,32,40102.66
Pakistan,18-09-2013,30.6,19.2,24.6,0,13.8,28.1,40103.98
Pakistan,19-09-2013,32.4,19.1,26,0,12.5,27,40105.09
Pakistan,20-09-2013,32.3,18.1,26,0,12.1,23,40038.38
Pakistan,21-09-2013,29.6,17.3,24.2,0,9.9,23.8,39854.3
Pakistan,22-09-2013,29.1,18.3,24.4,0,8.2,23.4,38262.75
Pakistan,23-09-2013,29.4,19.8,24.6,0.5,10.2,25.2,39494.65
Pakistan,24-09-2013,29.4,18.2,24.6,0,10.8,21.6,39423.34
Pakistan,25-09-2013,29.8,18.2,24.6,0,11.8,22.3,39352.42
Pakistan,26-09-2013,29.7,18.8,24.7,0,11.6,25.6,39181.03
Pakistan,27-09-2013,29.1,18.9,24.2,0,12.4,24.1,39112.46
Pakistan,28-09-2013,30.6,20.1,24.3,0,16.8,30.2,39043.36
Pakistan,29-09-2013,30.4,19,24.5,0,13.3,28.8,38877.57
Pakistan,30-09-2013,28.3,16.7,23.1,0,13.1,23.8,38782.4
Pakistan,01-10-2013,27.5,17.3,22.4,0.4,15.2,23.8,38554.12
Pakistan,02-10-2013,27.3,18.2,22.6,0.5,9.3,18.7,37827.51
Pakistan,03-10-2013,28.1,18,23.2,0,12.4,24.5,38601.36
Pakistan,04-10-2013,29.4,18.9,23.7,0,9.5,20.9,38531.72
Pakistan,05-10-2013,30,19.3,24.1,0,13.6,27.4,38461.99
Pakistan,06-10-2013,30.6,18.7,24.5,0,11.5,25.6,38392.26
Pakistan,07-10-2013,29.9,18.8,24.8,0,11.8,24.8,38259.54
Pakistan,08-10-2013,29.9,19.5,24.9,0,10.8,25.2,37389.68
Pakistan,09-10-2013,28,17.7,23.3,1.3,10.6,22.7,36998.32
Pakistan,10-10-2013,29,18,23,2.9,13.4,31.3,36493.23
Pakistan,11-10-2013,28.9,16.4,22.4,0.2,17.2,27.7,37119.62
Pakistan,12-10-2013,26.4,15.5,20.6,1.1,14.2,30.6,36871.34
Pakistan,13-10-2013,25.7,14.6,19.8,0.3,8.8,19.8,34164.82
Pakistan,14-10-2013,27.7,14.7,21.1,0,20.2,34.9,37331.64
Pakistan,15-10-2013,29.1,15.1,22,0,11,25.2,37430.73
Pakistan,16-10-2013,28.7,12.6,21.9,0,19.9,36.7,36410.88
Pakistan,17-10-2013,27.4,15,21.5,0,15.9,33.5,37065.97
Pakistan,18-10-2013,26.2,12.1,20.1,0,8.7,21.6,37157.98
Pakistan,19-10-2013,26.7,10.7,19.7,0,11.5,24.5,37036.66
Pakistan,20-10-2013,26.4,9.6,19.5,0,9.8,18,36819.21
Pakistan,21-10-2013,27.2,11.6,20.2,0,12.1,23.4,36806.38
Pakistan,22-10-2013,26.3,13.2,20,0,13.2,26.3,36603.78
Pakistan,23-10-2013,25,11.7,19.2,0,15.6,28.1,36321.25
Pakistan,24-10-2013,25,10.9,19.3,0,10.5,20.5,36407.62
Pakistan,25-10-2013,24.7,13.4,19.4,0,9.4,23.4,36401.75
Pakistan,26-10-2013,25.2,9.5,18.3,0,13.8,27.4,36232.58
Pakistan,27-10-2013,24.4,12.7,18.3,0,15.1,32.8,36308.63
Pakistan,28-10-2013,24.3,9.5,17.3,0,14.7,30.2,36228.45
Pakistan,29-10-2013,24.6,11.8,18.3,0,17.1,33.8,36154.31
Pakistan,30-10-2013,23.5,10.2,17.1,0,20.5,40.3,36086.37
Pakistan,31-10-2013,20.9,9.4,15.1,0,14.5,29.9,36043.1
Pakistan,01-11-2013,20.3,7.1,14.1,0,12.6,24.1,35994.36
Pakistan,02-11-2013,20.8,5.7,14.1,0,11.7,22,35856.46
Pakistan,03-11-2013,21.9,7.8,15.5,0,12.5,23.8,35806.65
Pakistan,04-11-2013,21.2,8.6,15.2,0,14,28.8,31368.63
Pakistan,05-11-2013,17.9,11.7,14.7,2.1,12.3,23.8,26582.91
Pakistan,06-11-2013,15.6,9,11.7,7.2,10.1,23.8,34058.34
Pakistan,07-11-2013,14.7,6.7,10.7,0,9.4,20.9,35604.89
Pakistan,08-11-2013,15.1,5.1,10.4,0,8.4,20.5,35434.12
Pakistan,09-11-2013,16.4,6.8,11.4,0,7.1,18.7,35501.07
Pakistan,10-11-2013,17.1,4.5,10.9,0,10,21.6,35448.34
Pakistan,11-11-2013,18.9,6.1,12.7,0,10.5,24.1,35395.18
Pakistan,12-11-2013,18.9,5.5,12.6,0,9.5,21.2,35341.63
Pakistan,13-11-2013,18,5.7,12.6,0,9.2,19.4,35287.78
Pakistan,14-11-2013,17.5,4.2,11.4,0,9.3,20.9,35233.69
Pakistan,15-11-2013,18.1,5.9,12.9,0,10.2,24.8,35179.44
Pakistan,16-11-2013,18.5,6.3,12.9,0,12.3,24.5,35125.1
Pakistan,17-11-2013,18.9,5.6,13.1,0,8,19.8,35065.82
Pakistan,18-11-2013,19.9,5.8,13.4,0,9.4,22.7,34982.12
Pakistan,19-11-2013,22.4,6.2,14.6,0,17.1,35.3,34900.17
Pakistan,20-11-2013,22.3,5.9,14.6,0,14.8,31.3,34820.11
Pakistan,21-11-2013,21.1,5.5,14.2,0,12.3,27.4,34742.06
Pakistan,22-11-2013,19.4,6.4,13.1,0,10.9,21.2,34666.15
Pakistan,23-11-2013,16.9,7.9,12.6,1.1,13.8,36.4,32243.71
Pakistan,24-11-2013,18.3,6.7,12.9,0,9.7,23,34521.32
Pakistan,25-11-2013,18.6,9.8,14.3,0,12.1,27.4,34452.67
Pakistan,26-11-2013,19.1,6,13.4,0,11.5,26.3,34386.7
Pakistan,27-11-2013,18.6,5.5,12.8,0,10.5,23,34322.81
Pakistan,28-11-2013,18.9,4.6,12.7,0,10.7,19.4,34260.64
Pakistan,29-11-2013,19.1,6.1,13,0,10.2,22.7,34200.28
Pakistan,30-11-2013,20.2,3.6,12.7,0,9.7,21.2,34141.8
Pakistan,01-12-2013,19.9,4.7,12.6,0,9.2,18.7,34085.3
Pakistan,02-12-2013,17.9,6.4,12.3,0,15.8,33.1,34030.86
Pakistan,03-12-2013,16.4,2.8,9.9,0,8.4,17.6,33978.55
Pakistan,04-12-2013,16.8,4.2,10.6,0,9.2,19.8,33928.46
Pakistan,05-12-2013,18.3,4.7,11.7,0,8.7,19.8,33880.69
Pakistan,06-12-2013,19.8,4.7,12.9,0,9,19.4,33835.3
Pakistan,07-12-2013,18.3,6.5,12.7,0,14.8,28.8,33792.4
Pakistan,08-12-2013,16.9,3.7,11,0,9.4,18,33317.8
Pakistan,09-12-2013,17,6.7,11.9,0,10,22,33714.37
Pakistan,10-12-2013,16.6,3.8,10.3,0,18.7,37.4,33679.41
Pakistan,11-12-2013,16.3,8.1,11.8,0.2,11.5,24.8,32547.53
Pakistan,12-12-2013,17.7,3.8,10.9,0,11.3,24.5,32988.33
Pakistan,13-12-2013,21.3,3.4,12.8,0,14.3,30.2,33591.75
Pakistan,14-12-2013,21.7,2.8,12.8,0,10.6,19.1,33568.54
Pakistan,15-12-2013,20.7,4.4,12.8,0,10.4,18,33548.48
Pakistan,16-12-2013,17.8,5.9,12,0,13.9,28.1,33418
Pakistan,17-12-2013,17.2,5.8,11.3,0,17.8,36,33422.91
Pakistan,18-12-2013,15.8,2,8.2,0,20.8,41.8,33429.73
Pakistan,19-12-2013,15,1.4,7.2,0,20.9,42.1,33438.41
Pakistan,20-12-2013,12.1,-1.2,5.6,0,13.8,27,33357.41
Pakistan,21-12-2013,10.5,1.6,6.3,0,9.7,22.7,32653.92
Pakistan,22-12-2013,9.7,-1.1,4.8,0,8.8,20.9,33273.03
Pakistan,23-12-2013,9.4,-1.2,3.7,0,8.5,16.2,32483.93
Pakistan,24-12-2013,10.8,-2.7,4.7,0,9.4,22,33077.7
Pakistan,25-12-2013,10.6,-3.7,3.8,0,13.8,29.9,33151.02
Pakistan,26-12-2013,10.4,-5.1,3.3,0,9.1,16.2,33146.77
Pakistan,27-12-2013,10.1,-3.9,3.8,0,8.8,20.9,33056.38
Pakistan,28-12-2013,9.5,-1,3.9,0,15,31.7,33047.18
Pakistan,29-12-2013,8.3,-3.8,2.6,0,14.7,27.4,32960.69
Pakistan,30-12-2013,3.8,-5.6,-0.8,0,22.7,44.6,33062
Pakistan,31-12-2013,8.5,-4.2,1.8,0,14.7,31.3,33018.94
Pakistan,01-01-2014,8.8,-5.9,1.9,0,9.4,16.2,33018.22
Pakistan,02-01-2014,11.1,-4,3.6,0,9.4,14.4,32944.44
Pakistan,03-01-2014,12.8,-1.8,5.4,0,9,19.1,32944.41
Pakistan,04-01-2014,12.7,-2.2,6,0,13,27.7,32996.27
Pakistan,05-01-2014,11.6,-1.8,4.8,0,16.3,34.6,33055.16
Pakistan,06-01-2014,10.9,-3.4,4.6,0,13.5,28.4,32849.35
Pakistan,07-01-2014,11.3,1.9,6.3,0,15.6,30.2,26136.34
Pakistan,08-01-2014,7,1.7,4.6,0.3,18.1,36,9479.46
Pakistan,09-01-2014,8.6,-2.4,3.5,0,14.5,28.4,33218.77
Pakistan,10-01-2014,8.6,-3.3,2.4,0,21.8,43.2,33307.6
Pakistan,11-01-2014,10.5,-6.9,2.3,0,9.5,18.7,33544.75
Pakistan,12-01-2014,11.8,-0.1,5.8,0,10.5,20.5,29658.21
Pakistan,13-01-2014,13.1,3.4,8.3,0,10.2,24.1,33383.52
Pakistan,14-01-2014,13,-1.4,6.5,0,9.3,15.8,33708.69
Pakistan,15-01-2014,13.6,-1.5,7.4,0,9,21.6,33912.88
Pakistan,16-01-2014,13.6,-0.5,6.9,0,10.3,22,29051.65
Pakistan,17-01-2014,11.8,3.5,7.6,0,11.6,25.6,19638.17
Pakistan,18-01-2014,14.3,-1,7.3,0,8.5,18.7,34214.96
Pakistan,19-01-2014,13.3,-0.6,6.9,0,10.6,21.2,34199.41
Pakistan,20-01-2014,13.9,-0.9,6.5,0,12.5,26.3,34026.14
Pakistan,21-01-2014,12.8,0.1,7,0,10.8,24.8,33757.69
Pakistan,22-01-2014,12.9,-0.2,7,0,11.2,23,34461.26
Pakistan,23-01-2014,12.9,-0.5,7.5,0,12.3,26.3,33950.29
Pakistan,24-01-2014,13.4,0.7,7.2,0,9,18,32728.16
Pakistan,25-01-2014,14.8,3.1,9.4,0,11.2,22,29991.86
Pakistan,26-01-2014,15.6,3.2,10.2,0,10.7,21.6,34706.99
Pakistan,27-01-2014,17.4,2.5,11.1,0,9.4,18.4,34945.08
Pakistan,28-01-2014,17.3,5.1,11.6,0,9.5,22.7,34920.76
Pakistan,29-01-2014,17.9,1.8,11.1,0,10.2,20.9,35259.73
Pakistan,30-01-2014,17.1,3.9,11.2,0,14.5,30.6,35329.2
Pakistan,31-01-2014,16.1,4.6,11,0,11,25.6,34921.39
Pakistan,01-02-2014,14.7,4.6,10.3,0.1,20.8,40.3,33603.79
Pakistan,02-02-2014,11.9,3.5,8.2,5.9,19.3,54.4,20324.46
Pakistan,03-02-2014,13.1,4.6,8.2,0.7,18,36,30979.37
Pakistan,04-02-2014,11.2,2.3,6.6,0,15.8,31.7,34949.56
Pakistan,05-02-2014,12.6,2.6,7.6,0.5,14,30.2,36117.23
Pakistan,06-02-2014,9.3,4.4,7,28.4,12.5,41,1283.09
Pakistan,07-02-2014,9.3,-0.7,3.4,0,20.8,42.1,36319.34
Pakistan,08-02-2014,9.4,-3.1,2.1,0,15.8,33.8,36421.47
Pakistan,09-02-2014,10.8,-7,2.2,0,11,24.8,36524.17
Pakistan,10-02-2014,9.7,-0.5,3.9,0,17.3,34.6,34942.92
Pakistan,11-02-2014,9.6,-2.9,3.3,0,10.5,24.5,36730.83
Pakistan,12-02-2014,10.5,-2.9,4.3,0,9.8,22,36834.58
Pakistan,13-02-2014,11.3,-1.5,5.6,0,8.8,16.9,36938.47
Pakistan,14-02-2014,11.7,-0.1,6.3,0,13,29.2,37042.46
Pakistan,15-02-2014,12.1,-0.2,5.2,0,17.8,37.4,37147.36
Pakistan,16-02-2014,12.4,-3.9,5.1,0,10.3,25.6,37253.5
Pakistan,17-02-2014,15.2,1.6,8.7,0,12.9,27.4,37360.75
Pakistan,18-02-2014,16.6,3.1,9.8,0,15.7,32.8,37027.71
Pakistan,19-02-2014,16,3.3,10.4,0,11.6,23.4,37578.18
Pakistan,20-02-2014,15.2,2.2,9,0.2,14.5,28.1,37688.14
Pakistan,21-02-2014,13.7,2.7,8.7,0.4,15.9,32.8,37798.78
Pakistan,22-02-2014,14.2,1.2,8.3,0,9.4,22.7,37910.01
Pakistan,23-02-2014,14.8,1.3,8.6,0,10.7,22.7,38021.72
Pakistan,24-02-2014,16.6,3.7,10.9,0,10,23.4,38133.82
Pakistan,25-02-2014,17.1,4,11.3,0,13.3,26.3,38246.21
Pakistan,26-02-2014,15.7,4.1,10.8,0.1,17.3,34.6,38358.8
Pakistan,27-02-2014,14.5,2.8,9.3,0,14.1,29.9,38471.48
Pakistan,28-02-2014,14.8,1.4,8.7,0,10.6,26.3,38584.18
Pakistan,01-03-2014,15.2,1.5,9.2,0,12,27.7,38696.8
Pakistan,02-03-2014,16,2.1,9.9,0.2,21.3,45.4,38622.76
Pakistan,03-03-2014,14.6,4.8,10.1,3,18.8,36.7,38921.44
Pakistan,04-03-2014,12.4,4.8,8.4,2.4,13.2,32.8,14396.99
Pakistan,05-03-2014,15.3,1.4,9.2,0,15.1,28.4,39101.14
Pakistan,06-03-2014,16.9,2.4,10.2,2.7,17.5,33.5,39169.16
Pakistan,07-03-2014,16.7,7.9,12.1,1.2,20.2,41.4,39237.8
Pakistan,08-03-2014,17.1,6.9,11.6,1.5,17.9,37.1,38427.83
Pakistan,09-03-2014,19.4,9.2,13.5,1.3,21,40,39378.09
Pakistan,10-03-2014,17,5.5,11.6,0,32.6,64.4,39449.53
Pakistan,11-03-2014,15,3,8.5,0,14.6,29.9,39521.7
Pakistan,12-03-2014,16.1,2.4,10.2,0,12.9,23,35994.49
Pakistan,13-03-2014,19.8,6.4,13.5,0,13.9,27.4,39600
Pakistan,14-03-2014,22.9,9.2,15.9,0,20.1,39.2,36000
Pakistan,15-03-2014,22.3,10.1,16.7,0,21.5,42.1,39600
Pakistan,16-03-2014,23.2,9.4,16.6,0,25.3,50,37014.98
Pakistan,17-03-2014,19.5,10.8,15.3,1.1,21.1,45.7,39600
Pakistan,18-03-2014,23.2,6.2,14.8,0,19.4,40.7,39600
Pakistan,19-03-2014,23.3,7.4,15.7,0,18.9,35.3,39600
Pakistan,20-03-2014,23.6,11.7,17.2,0,23.8,47.2,33901.39
Pakistan,21-03-2014,23.8,8,17.2,0,21.5,43.2,39600
Pakistan,22-03-2014,22,6.6,15.3,5.2,22.4,45,39600
Pakistan,23-03-2014,17.9,10.3,13.6,16.3,24,61.2,34536.42
Pakistan,24-03-2014,16.8,8,12.7,1.8,15.5,28.4,39750.8
Pakistan,25-03-2014,16.2,4.7,11.4,0,8.7,20.5,39812.89
Pakistan,26-03-2014,17,4.4,11.3,0,13,24.1,39659.17
Pakistan,27-03-2014,16.7,7.9,11.7,6.1,15.1,29.9,20096.41
Pakistan,28-03-2014,16.5,7.1,12,0,16.6,33.1,39908.06
Pakistan,29-03-2014,17.6,8.6,12.7,0,15,30.2,39742.54
Pakistan,30-03-2014,20.2,7.6,14.3,0,14.3,25.9,40513.34
Pakistan,31-03-2014,21.9,8.6,15.7,0,17.4,35.6,40456.45
Pakistan,01-04-2014,22.2,10.7,16.7,0.3,22.6,47.2,39371.38
Pakistan,02-04-2014,24.1,8.6,16.6,0,27.3,56.2,41223.89
Pakistan,03-04-2014,23.1,8.3,17,0,27.7,55.1,40978.48
Pakistan,04-04-2014,24.6,13,18.8,3.5,19.1,42.5,37367.07
Pakistan,05-04-2014,24.2,14.4,19.1,0.1,24,47.5,40389.34
Pakistan,06-04-2014,20.1,12.1,15.6,11,16.4,40.3,36089.75
Pakistan,07-04-2014,23.8,7.6,15.2,0,18.5,38.5,42274.51
Pakistan,08-04-2014,23.5,8.7,16,0,15.3,31.7,42352.39
Pakistan,09-04-2014,24,9.1,17.2,0,14.2,27,41625.38
Pakistan,10-04-2014,25.7,12.4,19.1,0,21.2,40.7,42606.16
Pakistan,11-04-2014,28,12.3,20.7,0,19.9,36.4,42270.59
Pakistan,12-04-2014,28.6,16,21.8,0.4,22.5,52.6,39932.96
Pakistan,13-04-2014,27.5,13.9,21,0,15.5,31.3,43042.41
Pakistan,14-04-2014,25.8,11.6,19.4,0,19.6,36,43009.74
Pakistan,15-04-2014,26.1,13.2,19.8,0.1,26.9,48.6,36639.37
Pakistan,16-04-2014,29,16.6,22.6,0,27.3,53.6,42709.78
Pakistan,17-04-2014,27.4,16.2,21.4,0.4,26.7,55.1,41152.78
Pakistan,18-04-2014,18.7,12.8,15.6,9.6,26.1,51.1,43201.83
Pakistan,19-04-2014,21.5,9.9,15.8,0,23.1,39.2,43706.01
Pakistan,20-04-2014,21.4,10.6,15.7,1.3,24,41.8,40848.84
Pakistan,21-04-2014,20.6,11.9,15.4,3.4,16.1,37.4,30322.7
Pakistan,22-04-2014,22.8,10.1,16.6,0.4,10.2,24.1,42726.95
Pakistan,23-04-2014,25.7,11.4,18.8,0,14.8,35.6,41099.8
Pakistan,24-04-2014,27.9,15.1,20.8,1,21.1,48.2,38979.57
Pakistan,25-04-2014,27.6,13.6,20.6,0.7,24.5,49,42767.5
Pakistan,26-04-2014,28.7,14.7,21.8,0,19.3,41,44695.19
Pakistan,27-04-2014,29.1,13.5,22.3,0,14.2,30.2,44788.65
Pakistan,28-04-2014,31.6,14.7,24.4,0,13.3,26.6,44881.12
Pakistan,29-04-2014,33.2,18,26.6,0,13,32,43738.16
Pakistan,30-04-2014,33.6,16.9,26.6,0,18.1,37.1,43662.55
Pakistan,01-05-2014,33.1,16.4,26,0,21.7,41,43845.35
Pakistan,02-05-2014,33.2,18,26.4,0.2,19.2,43.6,41338.08
Pakistan,03-05-2014,27.9,16.8,23.2,0,18.3,37.1,37334.64
Pakistan,04-05-2014,27.5,16.3,22.4,0,21.3,44.6,40819.58
Pakistan,05-05-2014,29.5,15.1,22.3,0.4,22.6,48.6,43080.54
Pakistan,06-05-2014,28.9,14.6,21.9,0.4,20,45.4,43252.31
Pakistan,07-05-2014,29.4,17,22.9,0.8,25.3,50,42682.11
Pakistan,08-05-2014,28.5,15.9,22.6,0,20.2,42.1,45608.98
Pakistan,09-05-2014,27.8,15.3,22,0.4,13.1,31,44213.46
Pakistan,10-05-2014,26.3,13.7,20.7,0,15.3,32,44922.59
Pakistan,11-05-2014,27.6,14.8,21.4,1.1,20.6,38.2,41915.71
Pakistan,12-05-2014,28.3,16.2,22,0.3,27.9,52.6,39747.64
Pakistan,13-05-2014,25.7,14.8,19.1,3,22.3,47.5,42034.4
Pakistan,14-05-2014,25.4,13.4,19.2,0.2,21.6,41.4,44368.79
Pakistan,15-05-2014,26.2,16.6,20.9,1.7,21.2,39.2,43914.82
Pakistan,16-05-2014,24.5,15.1,18.4,9.9,21.7,40.7,36074.04
Pakistan,17-05-2014,23,14,17.9,11,17.5,43.6,44517.67
Pakistan,18-05-2014,22.5,12,17.6,0.2,16.3,32.8,44958.11
Pakistan,19-05-2014,23.2,13.4,18.5,0.4,14.5,27.7,44658.36
Pakistan,20-05-2014,26,14.5,20.3,0,20.2,32.8,46077
Pakistan,21-05-2014,30.3,16.6,23.1,0,17.6,40.3,46111.69
Pakistan,22-05-2014,32.8,17.9,25.8,0,29.2,59.8,46145.88
Pakistan,23-05-2014,32,20.4,26.1,0,18.3,37.8,45593.8
Pakistan,24-05-2014,31.2,16,23.6,1.3,19,38.2,46212.57
Pakistan,25-05-2014,31.1,14.8,23.9,0,16.5,33.8,46245.09
Pakistan,26-05-2014,31.8,15.8,25.2,0,20.3,42.5,46277.58
Pakistan,27-05-2014,33.2,17.4,26.5,0,17.6,37.4,46310.04
Pakistan,28-05-2014,35.5,21.9,28.5,0,20.4,44.6,42443.52
Pakistan,29-05-2014,36.9,22.7,30.1,0.3,19.7,40.7,46374.55
Pakistan,30-05-2014,36,18.6,29.1,0.4,19,43.6,42563.87
Pakistan,31-05-2014,35.1,22.1,28.8,0,26.3,51.8,46438.02
Pakistan,01-06-2014,34.6,21.1,27.9,0,20.4,41,46469.18
Pakistan,02-06-2014,34.4,17.8,27,0,26.6,49.7,46499.86
Pakistan,03-06-2014,34.2,17.7,27.2,0,20.5,46.1,44328.72
Pakistan,04-06-2014,36.2,21.1,29.5,0,23.6,39.2,43335.78
Pakistan,05-06-2014,36,19.8,29.5,0,19.7,32.4,46312.14
Pakistan,06-06-2014,36.3,20.8,30.2,0,16.3,36,46616.25
Pakistan,07-06-2014,36.8,20.6,30,0,18.1,40.7,46643.39
Pakistan,08-06-2014,35.8,21.1,29.8,0,14.4,33.8,46669.6
Pakistan,09-06-2014,37,20.5,30.1,0,10,23.4,46694.8
Pakistan,10-06-2014,37.2,24,31,0,17.6,37.8,46718.93
Pakistan,11-06-2014,36.9,20.7,30,0,13.5,33.5,46741.89
Pakistan,12-06-2014,35.4,21.3,29.3,0,21.5,43.2,46763.64
Pakistan,13-06-2014,34.9,21.3,28.4,0,20.8,42.5,46784.08
Pakistan,14-06-2014,37.4,22,30,0,18.7,34.9,46800
Pakistan,15-06-2014,37.5,25.2,31.3,0,16.2,33.1,46800
Pakistan,16-06-2014,39.7,24.4,32.2,0,22.3,39.2,46800
Pakistan,17-06-2014,36.2,22.7,30.4,0,14.5,29.9,46800
Pakistan,18-06-2014,37,22.6,30.4,0,19,38.2,46800
Pakistan,19-06-2014,36.5,23.8,30.3,0,22.6,45.4,46800
Pakistan,20-06-2014,36.6,22.9,30.5,0,21.6,42.8,46800
Pakistan,21-06-2014,37.3,23.2,30.2,0,22,42.8,46800
Pakistan,22-06-2014,35.1,22.8,27.7,0.6,23.9,47.2,45645.16
Pakistan,23-06-2014,35.4,20.7,28.2,0,22.6,46.8,46800
Pakistan,24-06-2014,37.3,21.1,29.7,0,16.5,41,46800
Pakistan,25-06-2014,37.3,21.5,29.2,0,18.9,42.1,46800
Pakistan,26-06-2014,34.1,21.4,28.2,0,22.1,42.8,46800
Pakistan,27-06-2014,35.8,23.6,29.5,0,18.7,40.3,46800
Pakistan,28-06-2014,37.5,24.4,31.2,0,17.1,33.5,46800
Pakistan,29-06-2014,38.3,25.3,31.5,0,18.8,42.1,46800
Pakistan,30-06-2014,37.9,24.3,30.7,0,20.3,45.4,46534.98
Pakistan,01-07-2014,35.2,24,29.2,1.2,18.3,42.8,40936.05
Pakistan,02-07-2014,32.1,22.8,26.1,4.3,19.6,43.2,44853.18
Pakistan,03-07-2014,29.8,22.3,25.6,1.1,20.7,46.4,46800
Pakistan,04-07-2014,31.6,21.6,25.3,1.2,23.4,40.7,45251.51
Pakistan,05-07-2014,31.7,22.2,25.7,0.8,23.1,45.4,46800
Pakistan,06-07-2014,31.3,21.8,25.7,1.9,20.9,42.5,44778.64
Pakistan,07-07-2014,32.8,21.3,26.9,0,20.6,43.9,46800
Pakistan,08-07-2014,35.2,21.5,28.7,0,20.8,44.6,46800
Pakistan,09-07-2014,35.8,22.7,29.5,0,22.7,43.6,46800
Pakistan,10-07-2014,35.4,22.3,29.3,0,20.5,41.4,46800
Pakistan,11-07-2014,36.7,24.2,30.3,0,16.9,36,46800
Pakistan,12-07-2014,36.3,24,30.2,0,14.4,29.5,46800
Pakistan,13-07-2014,35.7,24.2,29.7,1.3,13.6,33.1,45506.63
Pakistan,14-07-2014,35.2,24.1,30.1,0,14.8,29.2,45690.57
Pakistan,15-07-2014,37.1,24.1,30.8,0,13.3,31.7,46800
Pakistan,16-07-2014,36.3,26.1,30.7,0,20.4,44.3,46800
Pakistan,17-07-2014,33.7,24.3,28.1,0.4,22.9,45.7,45929.63
Pakistan,18-07-2014,32.7,23.2,27.2,0.4,22.7,43.6,46798.41
Pakistan,19-07-2014,34.2,22.1,27.4,0,22.5,46.4,46775.1
Pakistan,20-07-2014,35.3,22.6,28.7,0,24.5,48.2,46750.42
Pakistan,21-07-2014,36.4,22.6,29.7,0,17.4,34.9,46724.36
Pakistan,22-07-2014,34.5,23.4,29.2,0,14.5,31,46105.22
Pakistan,23-07-2014,33.7,24.9,29.5,0,11.8,25.2,44908.96
Pakistan,24-07-2014,33.6,25,29,0.2,13.9,30.6,37670.38
Pakistan,25-07-2014,31.9,24.3,27.5,0.7,18.6,36,40813.4
Pakistan,26-07-2014,33.2,24,27.6,0.4,16.9,34.2,40354.72
Pakistan,27-07-2014,33.2,23.5,27.8,1.1,16.2,36,38678.86
Pakistan,28-07-2014,35.2,23.7,28.5,0.4,19.8,39.6,45944.89
Pakistan,29-07-2014,31.7,23.9,27.2,3.5,15.7,34.2,42928.63
Pakistan,30-07-2014,30.2,23.5,25.7,2.9,12.7,29.2,33946.27
Pakistan,31-07-2014,30.1,23.5,26.2,1.4,10.4,27.7,39045.07
Pakistan,01-08-2014,33.1,22.9,26.9,0.6,18.8,39.2,42886.21
Pakistan,02-08-2014,30.4,23,25.7,1.1,22.3,41,39243.37
Pakistan,03-08-2014,32.4,22,26.5,0,18.4,36.7,42452.35
Pakistan,04-08-2014,34.9,22.3,28,0,20.1,39.6,45730.51
Pakistan,05-08-2014,34,22.6,28.3,0,14.2,31.3,45531.6
Pakistan,06-08-2014,34.1,23.3,28.7,0,18.8,37.8,45031
Pakistan,07-08-2014,33.6,22.3,28.1,0,15.5,30.2,44838.48
Pakistan,08-08-2014,32.6,23.9,27.6,1.2,14.8,32,43512.12
Pakistan,09-08-2014,32.9,22.3,26.9,0.2,17.9,40.7,43783.12
Pakistan,10-08-2014,33.2,22,27.4,0,17.1,34.9,42381.02
Pakistan,11-08-2014,33.8,21.9,28,0,16.3,31,43507.3
Pakistan,12-08-2014,33.9,22.4,28.3,0,17.5,34.2,43767.38
Pakistan,13-08-2014,35.2,22,28.7,0,18.4,40.3,44585.43
Pakistan,14-08-2014,37.7,22.6,29.7,0,18.9,43.2,44541.5
Pakistan,15-08-2014,36.5,22.3,29.2,0,26.1,52.9,44080.33
Pakistan,16-08-2014,31.3,21.7,25.3,4.1,18.1,39.6,43034.1
Pakistan,17-08-2014,27.4,20.1,23.1,0.8,16.3,31,39701.46
Pakistan,18-08-2014,31.5,19,24.9,0,16.3,32.4,43274.95
Pakistan,19-08-2014,33.5,21.1,26.9,0,18.1,31.7,43781.56
Pakistan,20-08-2014,36.1,20.8,28.1,0,16.9,36.4,43739.39
Pakistan,21-08-2014,35.9,21.3,28.2,0,19.6,38.5,43441.46
Pakistan,22-08-2014,33.5,21.5,27.3,0.2,18.7,37.4,42730.25
Pakistan,23-08-2014,32.3,21.8,27,0,18.4,40,42459.31
Pakistan,24-08-2014,32.4,20.6,26.7,0,13.9,30.2,42193.94
Pakistan,25-08-2014,32.7,21.6,26.5,0.1,15.5,33.1,41698.03
Pakistan,26-08-2014,31.9,21.6,25.5,3.4,21.3,37.8,41543.05
Pakistan,27-08-2014,29.2,20.8,23.8,2.7,14.4,38.5,36374.09
Pakistan,28-08-2014,27.8,18.5,22.1,2.3,16.6,36,39914.34
Pakistan,29-08-2014,28,18.4,22.3,2.6,13.3,31.7,40986.17
Pakistan,30-08-2014,28.6,17.8,23.2,0.9,11.1,22.3,40983.32
Pakistan,31-08-2014,29.2,17.6,23.3,3.4,14.5,29.5,40980.3
Pakistan,01-09-2014,28.7,18.2,23.8,1.1,16,38.9,40977.12
Pakistan,02-09-2014,28.1,18.2,22.9,0.2,18.7,38.2,40452.63
Pakistan,03-09-2014,29.7,18.8,23.6,0.2,19.2,40.3,40324
Pakistan,04-09-2014,30.5,19.7,25.1,0.1,13.9,28.4,40197.27
Pakistan,05-09-2014,31.7,20,25.8,0,19.4,42.8,40453.98
Pakistan,06-09-2014,31.4,19.9,25.4,0,21.4,40,40201.91
Pakistan,07-09-2014,29.4,18.9,23.3,5.5,13.9,32.4,39658.52
Pakistan,08-09-2014,29,19.5,23.8,0,15.2,27,40081.99
Pakistan,09-09-2014,30.5,18.3,24.4,0,17.9,36.7,40453.47
Pakistan,10-09-2014,29.4,19.6,24.3,0,15.5,32,40331.14
Pakistan,11-09-2014,29.4,18.2,23.6,0.4,17.3,33.5,39776.29
Pakistan,12-09-2014,30.1,18.6,23.7,0.1,21,42.1,39347.23
Pakistan,13-09-2014,29.3,19.5,23.7,0,21.7,42.8,38962.51
Pakistan,14-09-2014,30.3,19.2,24.1,0,20.4,41,40097.03
Pakistan,15-09-2014,31,19.6,24.6,0,20.4,42.8,40098.98
Pakistan,16-09-2014,32.5,18.5,25,0,19.5,38.5,40100.74
Pakistan,17-09-2014,33.8,18.5,25.6,0,18.5,38.5,40102.33
Pakistan,18-09-2014,33.9,18.2,26.1,0,15.3,31.7,40216.03
Pakistan,19-09-2014,33.1,18.9,26.4,0,14.1,30.2,40104.86
Pakistan,20-09-2014,34,20.1,26.7,0,15.9,34.6,40058.55
Pakistan,21-09-2014,33,19,26.1,0,15.3,31.3,39984.83
Pakistan,22-09-2014,33.4,19.5,26,0,17.6,34.2,39804.22
Pakistan,23-09-2014,33.4,18,25.4,0,16.1,33.8,39836.87
Pakistan,24-09-2014,32.9,18.5,25.3,0,17.9,37.4,39657.53
Pakistan,25-09-2014,31,17.3,24.5,0,18.7,39.6,39480.4
Pakistan,26-09-2014,30.3,19.4,24.3,0,17.6,38.2,38749.25
Pakistan,27-09-2014,31.2,18.3,24.6,0,14.4,32,39233.09
Pakistan,28-09-2014,31.5,19.4,24.9,0.2,19.6,36.7,37492.02
Pakistan,29-09-2014,31.7,19.4,25.1,0,15.8,34.9,39086.88
Pakistan,30-09-2014,31.7,18.6,24.7,0,13.8,31.7,38918.58
Pakistan,01-10-2014,30.4,18.7,24.7,0,15.7,30.6,38846.64
Pakistan,02-10-2014,31.7,19.2,25,0,13.6,27.4,38774.66
Pakistan,03-10-2014,32.1,18.8,25.2,0,12.7,26.3,38702.72
Pakistan,04-10-2014,32.1,19.4,25.8,0,12,25.6,38630.92
Pakistan,05-10-2014,31.7,20.1,25.4,0,14.3,32.8,38473.65
Pakistan,06-10-2014,31,17.8,24.6,0,18.7,38.9,37861.68
Pakistan,07-10-2014,29.4,19.2,23.3,2.8,20.6,40.7,38194.61
Pakistan,08-10-2014,27.3,16.5,21.7,0,16.3,34.9,38046.29
Pakistan,09-10-2014,27.6,12.5,20.2,0,18.6,33.1,38129.23
Pakistan,10-10-2014,28.5,16.3,22,0,20.6,42.5,38058.56
Pakistan,11-10-2014,28.8,14.9,21.7,0,17.7,37.1,37993.04
Pakistan,12-10-2014,27,12.3,21,0,15.3,31,37929.66
Pakistan,13-10-2014,21.2,13.3,17.4,2,15.5,34.9,36198.3
Pakistan,14-10-2014,21.7,8.4,15.6,0,12.6,26.6,37571.18
Pakistan,15-10-2014,21.8,10.7,16.5,0,10.8,25.2,37437.11
Pakistan,16-10-2014,23,10.9,17.3,0,12.9,22.3,37306.44
Pakistan,17-10-2014,23.7,10.9,17.7,0,12.3,24.5,37179.37
Pakistan,18-10-2014,24.5,13,18.7,0,15.5,31.7,36949.48
Pakistan,19-10-2014,24.7,14.6,19.5,0.2,20.5,40.7,35923.76
Pakistan,20-10-2014,25.4,14.9,20.3,0,15.3,32.8,36620.23
Pakistan,21-10-2014,26.7,13.8,20.6,0,15.4,31,36613.5
Pakistan,22-10-2014,26.4,14.1,21,0,16.1,32,36226.68
Pakistan,23-10-2014,25.1,16.5,20.6,0,13.9,27.7,36000
Pakistan,24-10-2014,25.9,15.2,20.2,0,13.8,30.2,36143.69
Pakistan,25-10-2014,24.3,12.8,18.7,0,15.1,28.8,36317.81
Pakistan,26-10-2014,24.2,12.5,18.6,0.4,16.5,35.6,36232.7
Pakistan,27-10-2014,24.5,13.3,18.8,0,19.1,37.4,36231.4
Pakistan,28-10-2014,24.9,13.7,18.9,0,22,43.9,36079.72
Pakistan,29-10-2014,22.9,12.6,17.7,0,16,31.7,36154.41
Pakistan,30-10-2014,22.4,9.8,16.7,0,14.7,28.4,36085.89
Pakistan,31-10-2014,20.7,9.1,15.6,0,15,34.2,35969.12
Pakistan,01-11-2014,22,10.1,16.2,0,15.9,30.6,35948.25
Pakistan,02-11-2014,21.8,11.6,16.7,0,20.5,40,35871.12
Pakistan,03-11-2014,18.7,12,15,14.1,16.7,41.4,35821.19
Pakistan,04-11-2014,18.6,10.8,14.7,3.4,13.3,29.2,35770.65
Pakistan,05-11-2014,18.3,10.8,14.3,0,16.2,33.5,26303.62
Pakistan,06-11-2014,18,12.8,14.9,0.9,17.9,39.6,24968.48
Pakistan,07-11-2014,17.2,9.1,13.5,0,15.8,30.2,35615.93
Pakistan,08-11-2014,16.1,3.6,10.2,0,16.5,34.9,35563.5
Pakistan,09-11-2014,17.1,1.6,10.4,0,9.1,16.9,35510.72
Pakistan,10-11-2014,18.4,5.2,12.1,0,8.3,17.6,35457.67
Pakistan,11-11-2014,19.2,3.6,12.4,0,9.1,15.8,35404.4
Pakistan,12-11-2014,18.6,4.7,12.2,0,10.8,19.4,35350.97
Pakistan,13-11-2014,19,6.4,12.7,0,9.5,16.9,35297.44
Pakistan,14-11-2014,19.3,4.4,12.6,0,10.3,23,35243.87
Pakistan,15-11-2014,19.2,2.1,11.5,0,12.9,28.1,35190.32
Pakistan,16-11-2014,19.4,1.8,11.6,0,10.2,18,35136.87
Pakistan,17-11-2014,20.1,4.5,12.9,0,9,14.8,35082.18
Pakistan,18-11-2014,20.5,6.2,13.4,0,9,16.6,34999.54
Pakistan,19-11-2014,19.7,6,13,0,10,20.2,34919.06
Pakistan,20-11-2014,20.2,6.6,13.1,0,10.2,19.8,34840.86
Pakistan,21-11-2014,18.6,6.5,12.4,0,13.8,29.2,34765.05
Pakistan,22-11-2014,18.5,5.8,11.6,0,15.5,32.4,34690.93
Pakistan,23-11-2014,17.9,2.2,10.9,0,10.7,20.5,34618.18
Pakistan,24-11-2014,18.6,5.3,12.1,0,10.2,22,34546.86
Pakistan,25-11-2014,20.7,6.5,13.6,0,12,22.3,34477.11
Pakistan,26-11-2014,21.6,8.6,14.9,0,14,27,34409.01
Pakistan,27-11-2014,21.3,10.6,15.2,0,15.5,33.5,34342.66
Pakistan,28-11-2014,19.3,5.4,12.6,0,9.7,21.2,34278.15
Pakistan,29-11-2014,18.2,7,12.6,0,8.2,19.8,34215.58
Pakistan,30-11-2014,18.1,9.3,13.5,0,12.3,26.6,34155.08
Pakistan,01-12-2014,17.9,8.2,13.3,0,11.1,22.7,34096.71
Pakistan,02-12-2014,18.8,8,13.4,0,8.9,19.8,34040.62
Pakistan,03-12-2014,19.4,7.1,13.6,0,11.2,24.5,33986.86
Pakistan,04-12-2014,19.3,4,12.2,0,13.7,29.2,33935.58
Pakistan,05-12-2014,18.1,4.3,12,0,11.7,25.6,33886.86
Pakistan,06-12-2014,17.7,3.4,10.9,0,10.2,23.8,33840.81
Pakistan,07-12-2014,19,3.3,10.7,0,13.8,27.4,33797.54
Pakistan,08-12-2014,16.7,5.8,10.5,0,20.8,41.4,33757.13
Pakistan,09-12-2014,14.2,-2.2,7,0,11.6,25.9,33719.72
Pakistan,10-12-2014,13.7,-3.8,6,0,10,19.1,33685.38
Pakistan,11-12-2014,13.6,0.6,7.4,0,10.5,20.2,32179.03
Pakistan,12-12-2014,13.2,0.3,7.1,0,8.3,14.8,31490.79
Pakistan,13-12-2014,14,0.8,7.7,0,8.3,21.2,33411.52
Pakistan,14-12-2014,13.8,-0.1,6.8,0,11.2,25.2,33578.29
Pakistan,15-12-2014,13.2,-1.9,6,0,9.7,21.2,33558.32
Pakistan,16-12-2014,15,0,7.8,0,9,18,33541.09
Pakistan,17-12-2014,16.6,3.6,9.5,0,7.6,15.5,33424.43
Pakistan,18-12-2014,16.2,2.8,9.6,0,11.8,25.2,33144.23
Pakistan,19-12-2014,15.4,1.6,9.1,0,14.3,29.5,33346.3
Pakistan,20-12-2014,14.6,0.1,7.7,0,9.4,18,33266.48
Pakistan,21-12-2014,15.7,2.9,9.1,0,9.6,19.4,31882.9
Pakistan,22-12-2014,11.6,4.3,7.6,0,12.1,23.8,30829.25
Pakistan,23-12-2014,13.3,2.3,7.6,0,7.9,20.5,32829.12
Pakistan,24-12-2014,12,0.8,6.7,0,11.5,24.5,32824.35
Pakistan,25-12-2014,14.9,3.7,8.6,0,13.8,29.2,32819.56
Pakistan,26-12-2014,16.2,1.2,8.4,0,15,31.7,33140.47
Pakistan,27-12-2014,15.9,-2.5,7.4,0,10,21.2,33136.75
Pakistan,28-12-2014,14.7,-0.4,7.4,0,10.1,17.3,32969.42
Pakistan,29-12-2014,13.6,-0.5,7.3,0,8.7,15.1,32956.33
Pakistan,30-12-2014,13.2,0.8,7.1,0,7.9,15.5,32421.12
Pakistan,31-12-2014,13.5,-2.2,5.8,0,12,25.9,32907.82
Pakistan,01-01-2015,14.8,-1,6.4,0,19.4,38.5,32905.03
Pakistan,02-01-2015,14.2,-3,6.1,0,10.1,18.4,32945.13
Pakistan,03-01-2015,14.2,1.2,8.4,0,8.2,19.8,32992.45
Pakistan,04-01-2015,14.7,2.1,8.5,0,17.7,36,32801.34
Pakistan,05-01-2015,13.7,3.9,8.5,0,13.5,30.2,32928.34
Pakistan,06-01-2015,19,2.8,10.4,0,18.4,36.7,32990.11
Pakistan,07-01-2015,17.2,-0.4,9.8,0,10.6,21.6,33129.92
Pakistan,08-01-2015,17.6,1.8,10.1,0,13.4,26.3,33205.21
Pakistan,09-01-2015,15.8,3.4,10.1,0,10.2,22.3,33005.81
Pakistan,10-01-2015,17.1,1,9.9,0,8.6,16.9,32876.48
Pakistan,11-01-2015,19.4,4,11.9,0,8.9,18,33323.62
Pakistan,12-01-2015,19,4.7,12,0,17.4,37.4,33341.54
Pakistan,13-01-2015,15.5,6.7,10.8,0,22,44.6,33144.08
Pakistan,14-01-2015,15.6,1.6,8.2,0,15.2,34.2,33704.12
Pakistan,15-01-2015,14,-0.2,6.8,0,9.1,16.9,33615.93
Pakistan,16-01-2015,14.6,-0.3,8,0,9,18,33551.26
Pakistan,17-01-2015,14.8,0.7,8.4,0,9.8,19.4,34135.19
Pakistan,18-01-2015,15.2,0.9,8.8,0,12.4,26.6,34124.44
Pakistan,19-01-2015,16,1.2,9.4,0,13.4,26.6,34019.9
Pakistan,20-01-2015,13.9,2.6,8.3,0.1,17.2,36,30985.25
Pakistan,21-01-2015,10,4.6,6.8,5.1,11.9,31.7,27967.28
Pakistan,22-01-2015,10.1,0.4,5.2,0,11.6,22.3,31893.96
Pakistan,23-01-2015,9.6,-2.3,4.4,0,11.6,27.7,34582.55
Pakistan,24-01-2015,10.1,-2.6,4.7,0,10,23,34314.68
Pakistan,25-01-2015,10.6,-2.6,4.5,0,15.8,34.6,34795.45
Pakistan,26-01-2015,8.6,-2.9,3.1,0,13.9,31.7,34948.08
Pakistan,27-01-2015,9.2,-3.9,2.9,0,17.6,37.1,35104.39
Pakistan,28-01-2015,10.4,-2.8,4,0,13.1,26.3,33684.25
Pakistan,29-01-2015,13.1,0.9,6.7,0,14,30.2,35336.55
Pakistan,30-01-2015,14.3,3.2,8.7,0,15.2,32,35315.3
Pakistan,31-01-2015,17,4.4,10.3,0,15.8,32,35385.25
Pakistan,01-02-2015,16.6,3.4,10.7,0.6,15,31.7,35551.9
Pakistan,02-02-2015,10.4,4.7,7.5,3,9.2,21.6,5741.87
Pakistan,03-02-2015,13.4,3.7,7.7,0,15.9,32.8,30391.91
Pakistan,04-02-2015,14.2,-1.4,7.4,0,13.6,26.3,35997.77
Pakistan,05-02-2015,15.8,2.9,9.4,0,11.5,21.2,36095.89
Pakistan,06-02-2015,13.6,2.7,8.4,3.2,13.3,28.1,25087.31
Pakistan,07-02-2015,11.7,6.5,8.5,2.9,10.1,25.2,21350.61
Pakistan,08-02-2015,12.8,4.2,8.4,0,10.3,24.8,35144.21
Pakistan,09-02-2015,13.6,1.2,8.3,0,8.4,14.8,36493.27
Pakistan,10-02-2015,15.5,1.7,9.3,0,8.3,16.6,36499.92
Pakistan,11-02-2015,19,2.7,11.5,0,13,28.4,36322.43
Pakistan,12-02-2015,20.4,6.2,13.5,0,13.8,27.7,35450.48
Pakistan,13-02-2015,23.5,9,15.8,0,19.7,36,36906
Pakistan,14-02-2015,24.5,9.2,17,0,13,27,37012.25
Pakistan,15-02-2015,22.2,11.1,16.6,0,17.1,32.4,29177.78
Pakistan,16-02-2015,22.9,6.7,15.5,0,13.8,30.6,37227.58
Pakistan,17-02-2015,20,8.3,13.6,1.1,19.6,40,37336.45
Pakistan,18-02-2015,19.5,7.4,13,0,19.3,34.2,35337.08
Pakistan,19-02-2015,19.9,11.2,15.2,0,25.8,48.2,33785.43
Pakistan,20-02-2015,18.5,8.4,13.4,8.4,16.3,29.9,34975.16
Pakistan,21-02-2015,18.1,11.6,14.2,0.6,18.5,33.1,14689.61
Pakistan,22-02-2015,18.6,10.3,13.8,0,10.7,23,18406.66
Pakistan,23-02-2015,19.9,9.5,14.5,0.2,29.2,55.8,29270.42
Pakistan,24-02-2015,14.4,5.2,11.1,10.2,27.4,49.3,28790.02
Pakistan,25-02-2015,10.8,0.4,5.4,0,27.1,54,38222.41
Pakistan,26-02-2015,11.3,-0.8,5.3,0,15.1,30.6,38333.53
Pakistan,27-02-2015,13,0.8,7.7,0,11.7,23.8,38444.44
Pakistan,28-02-2015,11.8,2.6,7.3,1,15.5,29.2,25260.84
Pakistan,01-03-2015,9.6,4.5,6.9,2,20,36.4,3997.11
Pakistan,02-03-2015,13.4,3.1,7.5,0,16.1,33.1,38775.73
Pakistan,03-03-2015,13.7,1.3,7.8,0,12.8,27.7,38886.95
Pakistan,04-03-2015,14.2,3.3,8.7,1.5,26.5,56.5,38998.8
Pakistan,05-03-2015,13.6,6.4,9.7,6.1,12.8,25.2,39078.16
Pakistan,06-03-2015,13.4,7.6,9.8,1.5,17.8,36,17331.95
Pakistan,07-03-2015,12.2,4.8,8.9,8.5,26.1,52.2,32400
Pakistan,08-03-2015,11.6,0.1,5.8,0,31.9,63.7,39290.84
Pakistan,09-03-2015,14.9,1.8,8,0,12.6,24.8,39363.03
Pakistan,10-03-2015,15.5,0.5,8.7,0,11.4,23.8,39435.7
Pakistan,11-03-2015,17,2.9,10.3,0,8.7,20.5,36512.25
Pakistan,12-03-2015,18.5,3,11.5,0,10.6,22,39582.09
Pakistan,13-03-2015,17.3,5.4,12.1,0.8,13.9,23,34978.98
Pakistan,14-03-2015,14.2,7.2,9.9,15.1,18.8,43.2,20731.32
Pakistan,15-03-2015,11.7,7.7,9.7,8.7,17.1,33.5,21794.64
Pakistan,16-03-2015,15.7,5.9,10.7,0,15.2,32.8,39600
Pakistan,17-03-2015,16.6,4.9,10.6,0,12.7,26.3,34928.93
Pakistan,18-03-2015,20,4.2,13,0,12.4,25.6,39600
Pakistan,19-03-2015,20.7,7.6,14.3,4.3,15.8,27.7,32060.65
Pakistan,20-03-2015,19.8,9.6,14.7,3.4,14,31.7,39600
Pakistan,21-03-2015,21.4,9.7,15.8,5.6,16,32.4,39600
Pakistan,22-03-2015,22.6,9.7,16,0.2,14.5,33.8,39618.76
Pakistan,23-03-2015,24.8,11.5,18.6,0,16.4,33.1,39612.04
Pakistan,24-03-2015,25.8,14.2,20.1,0,19.4,37.1,39674.68
Pakistan,25-03-2015,24.8,7.7,17.8,0,10.7,23.8,39668.84
Pakistan,26-03-2015,25.6,12.1,19.3,0,14.1,29.2,39143.23
Pakistan,27-03-2015,26.4,12.2,19.9,0,19.6,39.2,36305.88
Pakistan,28-03-2015,24.6,15.1,19,4.9,25.6,56.2,32443.46
Pakistan,29-03-2015,21.1,11.4,16.5,0,18.4,37.1,40051.12
Pakistan,30-03-2015,22,9.5,15.7,0,18.7,35.3,40048.25
Pakistan,31-03-2015,23.3,11.9,17.6,0,19.9,40.7,40102.29
Pakistan,01-04-2015,23.1,13.9,18.3,4.5,23.7,58.7,36051.79
Pakistan,02-04-2015,21.6,12.5,16.2,21.4,11,47.2,25592.56
Pakistan,03-04-2015,20.2,9.2,15.1,0,14.6,30.2,41064.64
Pakistan,04-04-2015,21,9.3,14.8,0,13.3,26.3,40817.36
Pakistan,05-04-2015,22.1,10.2,16.4,0,16.2,30.6,41622.11
Pakistan,06-04-2015,21.3,12.6,16.5,1.1,23.1,42.8,41013.69
Pakistan,07-04-2015,21.8,7.7,14.8,0.1,18.4,32,41690.73
Pakistan,08-04-2015,22.4,10.5,16.5,0,20.3,39.2,41944.24
Pakistan,09-04-2015,24.5,12.7,18,0,20.5,40,42211.18
Pakistan,10-04-2015,25.2,12.5,18.1,1.7,20.8,47.5,36487.68
Pakistan,11-04-2015,23.9,11.7,17.9,1.3,16.9,37.4,38011.52
Pakistan,12-04-2015,24.3,9.5,17.6,0.2,13.4,29.5,42420.22
Pakistan,13-04-2015,27.1,12.3,20,0,15.3,27.7,42383.13
Pakistan,14-04-2015,27.8,15.4,21.9,0.1,17.3,34.9,42878.73
Pakistan,15-04-2015,28.5,16.8,22.8,0,21.6,43.9,40919.87
Pakistan,16-04-2015,32.1,18.6,24.6,0,18.9,43.2,42801.48
Pakistan,17-04-2015,32.7,14,24.1,0,34.8,73.8,43092.65
Pakistan,18-04-2015,31.6,18.8,25.3,0,22.9,48.2,42709.15
Pakistan,19-04-2015,32.3,16.8,25.6,0,34.8,67.7,41715.84
Pakistan,20-04-2015,27.9,15.9,22.6,0,18.7,36.7,44096.99
Pakistan,21-04-2015,28.6,14.7,22.3,0,13.6,28.8,44195.58
Pakistan,22-04-2015,29.7,15.2,23.3,0,15.1,33.5,44293.36
Pakistan,23-04-2015,31.8,13,24.5,0,12.8,27.4,44390.29
Pakistan,24-04-2015,34.3,15.9,25.9,0,19.8,40.3,44486.27
Pakistan,25-04-2015,34.7,15.7,26.1,0,16.3,33.8,43497.46
Pakistan,26-04-2015,34.5,16.6,26.6,0.2,27.2,51.1,42510.42
Pakistan,27-04-2015,33.7,18.1,26.3,0,22.5,49.3,44767.73
Pakistan,28-04-2015,32,15.4,24,0,20.6,40.7,44859.12
Pakistan,29-04-2015,32.4,18.5,25.5,0,23.5,47.2,44366.47
Pakistan,30-04-2015,30.9,17.4,24.9,0.1,24.2,47.9,45037.85
Pakistan,01-05-2015,30.1,13.3,23.3,0,21.5,43.2,45125.66
Pakistan,02-05-2015,31.2,13.7,24,0,14,30.6,45212.86
Pakistan,03-05-2015,31.7,15,24.8,0,16.3,33.1,45299.41
Pakistan,04-05-2015,32.7,16,25.6,0,21.5,41.8,39785.18
Pakistan,05-05-2015,33.4,21.1,27.4,0,23.1,40.7,45470.21
Pakistan,06-05-2015,34.4,21.5,27.8,0,23.6,44.3,45554.35
Pakistan,07-05-2015,33.9,21.5,27.8,0,20.2,40.3,44126.34
Pakistan,08-05-2015,32.9,17.8,26.9,0,19.1,36.7,45188.71
Pakistan,09-05-2015,29.9,19,24.8,0.1,20.9,46.4,44634.93
Pakistan,10-05-2015,30.3,18.4,24.1,1.3,11.9,39.6,42209.7
Pakistan,11-05-2015,25.2,17.7,21.1,7.4,17.5,34.6,35616.55
Pakistan,12-05-2015,24.6,14.8,19.9,3.4,17.9,40,42434.54
Pakistan,13-05-2015,26.4,14.7,20.6,0.8,15,34.6,44791.88
Pakistan,14-05-2015,28.8,16.1,22,1.2,17.2,33.1,44152.1
Pakistan,15-05-2015,31.9,17.2,24.9,0,14.5,33.5,45889.74
Pakistan,16-05-2015,35.5,21.2,28.2,0,16.6,37.1,45925.57
Pakistan,17-05-2015,36.4,18.2,27.7,0.4,22.5,56.2,45264.39
Pakistan,18-05-2015,34.9,18.3,28.7,0,22.9,46.4,45558.24
Pakistan,19-05-2015,34.1,18.8,27.1,0,23.4,44.3,46030.75
Pakistan,20-05-2015,34.1,15.8,26.8,0,17.7,35.6,46065.03
Pakistan,21-05-2015,33.9,19.7,27.6,0,14.1,33.8,46099.38
Pakistan,22-05-2015,35.5,20.3,28.6,0,20.8,47.9,46133.77
Pakistan,23-05-2015,35.7,23,29.6,0,26.6,52.9,46168.16
Pakistan,24-05-2015,35.8,20.2,28.5,0,24.1,52.2,46202.48
Pakistan,25-05-2015,35,20.3,27.9,0,28.7,59.4,46236.64
Pakistan,26-05-2015,34.7,19.5,27.5,0,25.7,48.6,46270.58
Pakistan,27-05-2015,35.2,20.9,28.3,0,22.2,37.8,35897.55
Pakistan,28-05-2015,32,22.4,26.5,1.7,17.2,49.3,44183.43
Pakistan,29-05-2015,31,17.6,24.4,0.3,22.7,39.6,46104.76
Pakistan,30-05-2015,32.5,17.7,25.5,0,23.7,49,46402.8
Pakistan,31-05-2015,34.3,16.7,26.7,0,20,41.8,46434.61
Pakistan,01-06-2015,32.9,16.7,26,0,25,48.2,46465.79
Pakistan,02-06-2015,30.4,18.5,25.7,0,12.5,30.6,46496.27
Pakistan,03-06-2015,29.1,18.2,23.8,0.1,18.7,42.1,44657.49
Pakistan,04-06-2015,28.1,16.4,21.9,2.3,18.4,43.9,41523.39
Pakistan,05-06-2015,29.7,16.3,23,1.2,16.9,42.1,42984.21
Pakistan,06-06-2015,32.8,19.2,25.6,0.6,17.2,40.3,45729.98
Pakistan,07-06-2015,34.1,22.2,27.7,0,16.6,41.8,46635.61
Pakistan,08-06-2015,35,22.6,29,0,19.4,36.7,46660.39
Pakistan,09-06-2015,34.9,23.4,28.9,0,30.2,52.9,46684.12
Pakistan,10-06-2015,34.9,21,28.1,0,27.5,48.6,46707.4
Pakistan,11-06-2015,32.8,21.5,26.9,1.4,16.4,41,46730.23
Pakistan,12-06-2015,34.2,21.5,28,0,23.4,41.8,46752.54
Pakistan,13-06-2015,35.9,21.5,29.1,0,17.7,39.2,46774.26
Pakistan,14-06-2015,34.5,21.7,28.2,0,20.9,45.7,46795.32
Pakistan,15-06-2015,31.6,22.1,26.4,0.4,18.5,38.9,45303.48
Pakistan,16-06-2015,29.6,21.3,24.7,1.3,15.1,36.7,43169.17
Pakistan,17-06-2015,31.6,20,25.8,0,17.1,34.2,46800
Pakistan,18-06-2015,34.4,22,28.4,0,14.4,29.5,46800
Pakistan,19-06-2015,36.6,23.7,29.6,1.1,19.1,40.3,44054.4
Pakistan,20-06-2015,35.6,25.6,29.9,0.5,18.9,39.2,45032.01
Pakistan,21-06-2015,32.9,22.5,27.2,4.7,16.8,40,45220.5
Pakistan,22-06-2015,30.9,21.5,26.2,0.9,15.5,32.4,44673.21
Pakistan,23-06-2015,30.8,22.3,26.3,0.9,20.8,44.6,46800
Pakistan,24-06-2015,26.7,19.8,22.9,7.7,15.5,42.1,22649.94
Pakistan,25-06-2015,29,17.4,23,0.3,15.7,30.6,46800
Pakistan,26-06-2015,32.2,20.2,25.9,0,21.7,42.5,46800
Pakistan,27-06-2015,34.6,22.6,28.2,0,19.6,42.5,46800
Pakistan,28-06-2015,35,22.7,28.8,0.6,20.5,45,45586.02
Pakistan,29-06-2015,36.1,23.1,28.5,1.6,17.3,42.1,44004.87
Pakistan,30-06-2015,29.5,20.2,24.5,6.8,18.4,44.3,41647.27
Pakistan,01-07-2015,28.4,21.5,24.3,2.3,14.8,32,46217.65
Pakistan,02-07-2015,29.8,20.2,24.9,0.6,14.3,34.6,44382.88
Pakistan,03-07-2015,32.7,20.6,26.5,0.2,12,31.3,44611.33
Pakistan,04-07-2015,36.3,24.1,29.8,0.3,15.8,36.4,45255.23
Pakistan,05-07-2015,38.1,24.8,31.4,0,18,37.1,46800
Pakistan,06-07-2015,37.7,24.9,30,5.4,17.4,38.2,43954.81
Pakistan,07-07-2015,30.7,22.5,25.9,9.4,13.5,32.8,38267.18
Pakistan,08-07-2015,30.4,22.6,25.8,0.5,16.1,36.4,42742.44
Pakistan,09-07-2015,33.8,22.2,27.3,1,21.9,47.2,46417.16
Pakistan,10-07-2015,33.3,22.4,27,2.4,21.3,45.4,46800
Pakistan,11-07-2015,28.8,21.3,24.1,5.3,14.1,32.4,37625.5
Pakistan,12-07-2015,29.1,21.1,24.5,1,12.8,30.2,41962.97
Pakistan,13-07-2015,30.3,20.4,25,1.7,17.9,33.5,42534.94
Pakistan,14-07-2015,33.2,22.5,27.4,0,17.9,37.8,46800
Pakistan,15-07-2015,36.5,22.6,29.2,0,20.2,41.8,46800
Pakistan,16-07-2015,38,22.2,30.4,0,19.8,42.1,46800
Pakistan,17-07-2015,34.6,23.2,28.5,0.1,17.8,43.6,43856.77
Pakistan,18-07-2015,31.4,23.2,27,0,20.5,42.1,38633.91
Pakistan,19-07-2015,31.7,22.9,26.2,5.2,17.4,37.4,42556.89
Pakistan,20-07-2015,30.7,22.6,26,2.1,15.7,35.3,43670.18
Pakistan,21-07-2015,30.8,22.3,25.5,6.2,12.8,34.9,40956.11
Pakistan,22-07-2015,29.4,21.9,24.7,4.5,16.4,38.2,35133.41
Pakistan,23-07-2015,28.9,22.6,24.8,6.2,14.5,40,32515.2
Pakistan,24-07-2015,26.9,21.3,24,5.5,11.1,25.2,31185.14
Pakistan,25-07-2015,28,21.8,24.2,7.4,11.8,31,29869.73
Pakistan,26-07-2015,28.2,21.4,24.1,8.6,13,31.7,36476.98
Pakistan,27-07-2015,26.8,21.1,23.5,2.6,22.7,46.4,42249.99
Pakistan,28-07-2015,25.9,20.3,22.9,1.4,22.7,45.7,43891.73
Pakistan,29-07-2015,25.7,20,22.4,6.2,15,32,29996
Pakistan,30-07-2015,24.3,19.1,21.7,8.4,8.2,24.1,12730.3
Pakistan,31-07-2015,25.5,20.5,22.7,1.4,4.8,25.9,12456.67
Pakistan,01-08-2015,28.5,20.8,23.8,4.9,12.3,31.7,25749.29
Pakistan,02-08-2015,28.2,19.9,23.7,2.2,13,20.9,39179.14
Pakistan,03-08-2015,29.5,21.6,24.7,0.4,18.1,37.1,41336.78
Pakistan,04-08-2015,30.5,21.7,25.1,0,15.2,32,38504.93
Pakistan,05-08-2015,31.5,20.4,25.5,0,15.1,31.3,36979.9
Pakistan,06-08-2015,33,21.8,26.5,0,16.6,32.8,41499.53
Pakistan,07-08-2015,35,20.6,27.4,0,17.1,36.7,38735.45
Pakistan,08-08-2015,35.2,22.4,28.2,0,14.1,34.2,43364.5
Pakistan,09-08-2015,33.5,22.7,27.5,0,19.1,39.6,40013.45
Pakistan,10-08-2015,32.1,23.1,26.5,1.1,18.5,39.2,37902.88
Pakistan,11-08-2015,30.9,22.8,26,1.6,15.9,34.9,39067.24
Pakistan,12-08-2015,31.6,21.7,25.7,1.3,18.2,39.2,41732.96
Pakistan,13-08-2015,31.5,21.9,25.7,0,16.8,37.1,38589.36
Pakistan,14-08-2015,31.9,21.5,25.8,1.3,19.1,35.6,39427.54
Pakistan,15-08-2015,31.9,21.5,25.7,0.7,17.4,37.8,42154.01
Pakistan,16-08-2015,32.1,22.2,26.2,0,21.3,38.9,39185.81
Pakistan,17-08-2015,33.9,21.1,26.8,0,22.3,44.6,43842.78
Pakistan,18-08-2015,33.9,21.7,27.3,0,23.8,44.3,43289.23
Pakistan,19-08-2015,36.2,21,28.1,0,20.7,43.2,43133.35
Pakistan,20-08-2015,36.5,21.9,28.5,0,22,46.1,43407.34
Pakistan,21-08-2015,35.1,21.9,27.7,0.2,24,50,43122.12
Pakistan,22-08-2015,33.6,21.3,27,0.4,22,42.1,42040.83
Pakistan,23-08-2015,33.1,21.6,26.3,1.1,24.9,48.2,41669.03
Pakistan,24-08-2015,31.7,21.6,24.9,0.4,20.9,42.8,36520.48
Pakistan,25-08-2015,32.4,20.3,26,1.8,17.3,39.6,38974.48
Pakistan,26-08-2015,33.8,21.6,27.1,0.9,15,41,40696.06
Pakistan,27-08-2015,33.6,21.7,26.8,0.1,21.2,44.6,40840.09
Pakistan,28-08-2015,32.4,22.8,26.7,0,20.3,38.5,36398.43
Pakistan,29-08-2015,32.9,20.7,26.5,0,23,46.1,40876.39
Pakistan,30-08-2015,32.6,20.1,26.4,0,24.3,45.7,41444.12
Pakistan,31-08-2015,31.4,19.5,25.3,0,20.5,42.1,41476.51
Pakistan,01-09-2015,33.2,19,25.8,0,22.2,42.1,41348.45
Pakistan,02-09-2015,33.8,19.1,26.2,0,19.2,37.8,41352.01
Pakistan,03-09-2015,32.6,19.5,25.3,0,20.2,42.8,41100.76
Pakistan,04-09-2015,30.8,19.6,24.8,0.3,22.3,43.9,40839.08
Pakistan,05-09-2015,31,19.3,24.8,0,18.4,38.9,40695.02
Pakistan,06-09-2015,31.8,18.3,25,0,19.4,37.1,40833.29
Pakistan,07-09-2015,31.2,19.2,24.9,0,21.3,40,40704.77
Pakistan,08-09-2015,30,18.6,23.5,0.2,20.6,40.3,38843.96
Pakistan,09-09-2015,31.3,17.6,23.6,1.9,22.1,39.2,39434.5
Pakistan,10-09-2015,31.7,19.8,25.1,0.5,18.7,38.5,38601.02
Pakistan,11-09-2015,32.4,19.9,25.7,0,17,32,40452.39
Pakistan,12-09-2015,33.4,19.5,26.3,0,13.2,27.4,40451.48
Pakistan,13-09-2015,33.9,20.8,27.3,0,15,28.4,40450.38
Pakistan,14-09-2015,33.5,19.8,26.8,0,16.2,29.5,40331.53
Pakistan,15-09-2015,32.6,19.1,26.1,0,17.7,35.6,40331.16
Pakistan,16-09-2015,31,21,25.5,0,20.5,37.8,40215.45
Pakistan,17-09-2015,30.7,20,25,0.2,18.7,31,40101.98
Pakistan,18-09-2015,30.6,19.1,25.6,0,10,24.8,40103.41
Pakistan,19-09-2015,31.1,17.8,24.7,0.2,18.4,36,39993.32
Pakistan,20-09-2015,29.6,17.5,23.6,0.1,18.2,37.1,39973.5
Pakistan,21-09-2015,25.3,18.3,21.3,1.4,15.5,33.1,32798.55
Pakistan,22-09-2015,25.9,16.8,21.6,0,14.3,25.6,39425.48
Pakistan,23-09-2015,28.2,15.8,22,0,12.4,28.8,39749.9
Pakistan,24-09-2015,29,15.3,21.9,0,17.9,35.3,39271.86
Pakistan,25-09-2015,30.6,17,23.6,0,17.7,38.2,39495.35
Pakistan,26-09-2015,29.7,16.2,23.2,0,16.6,34.9,39420.62
Pakistan,27-09-2015,28.9,16.3,22.8,0,15.4,31.3,39345.71
Pakistan,28-09-2015,28.2,17.5,22.6,0,19.9,38.9,39270.7
Pakistan,29-09-2015,28,17.2,22.4,0,20,37.4,39098.76
Pakistan,30-09-2015,29.4,16.8,22.9,0,17.4,33.8,39025.45
Pakistan,01-10-2015,30.8,15.3,23.7,0,13.8,31,38952.32
Pakistan,02-10-2015,31.6,14,23.4,0,15.4,29.9,38879.45
Pakistan,03-10-2015,32.2,18,24.8,0,13.1,29.9,38716.91
Pakistan,04-10-2015,30,14.1,22.6,0,12.8,29.9,38646.66
Pakistan,05-10-2015,29,16.5,23,0,17,31,38141.1
Pakistan,06-10-2015,28.6,18.5,23.2,0,15.1,29.2,38406.54
Pakistan,07-10-2015,28.8,17.2,23.1,0,13.9,25.2,38357.2
Pakistan,08-10-2015,30.5,17.1,23.7,0,16.9,29.2,38290.36
Pakistan,09-10-2015,32.4,16.9,24.3,0,12.9,25.6,38223.12
Pakistan,10-10-2015,33.2,17.5,25.2,0,16.8,32.4,38082.84
Pakistan,11-10-2015,31.8,14.8,24.5,0,16.1,29.2,38014.55
Pakistan,12-10-2015,31.2,16.4,24.4,0,11.9,22.7,37948.89
Pakistan,13-10-2015,31,16.5,24.1,0,15.5,30.6,37846.89
Pakistan,14-10-2015,30.2,17.4,23.2,0,21.5,38.2,37575.5
Pakistan,15-10-2015,27.5,15.3,21.7,0,15.5,34.2,37210.23
Pakistan,16-10-2015,27.7,16.9,21.8,0.8,16.9,33.1,34934.38
Pakistan,17-10-2015,28,16.3,21.9,0,21.2,39.2,36742.52
Pakistan,18-10-2015,26.4,17,21.3,0.2,20.6,37.4,36094.66
Pakistan,19-10-2015,25.4,16.2,20.2,0,23.5,45.4,36313.64
Pakistan,20-10-2015,24.1,12,18,0,11.1,24.5,36924.93
Pakistan,21-10-2015,23.5,10,17.7,0,9.4,22.3,36811.15
Pakistan,22-10-2015,25,10.9,18.4,0,13.7,28.8,36606.81
Pakistan,23-10-2015,25.4,12.6,19.1,0,15,31,32545.05
Pakistan,24-10-2015,24,15.7,19.1,0.3,20.5,47.5,34474.46
Pakistan,25-10-2015,19.7,10.7,15.6,3.5,12.2,26.3,36000
Pakistan,26-10-2015,19.6,11.3,15,0,13,24.5,36232.85
Pakistan,27-10-2015,19.3,11.1,14.4,0,11,22.7,33520.7
Pakistan,28-10-2015,21.4,5.1,13.8,0,11.8,26.3,36229.95
Pakistan,29-10-2015,23,7.2,15.2,0,9.7,19.4,36000
Pakistan,30-10-2015,22.9,12,17.2,0,10.6,20.9,36085.07
Pakistan,31-10-2015,22.7,10.1,16.8,0,11.3,23,36068.84
Pakistan,01-11-2015,21.6,8.9,16.1,0,13.4,28.4,35932.17
Pakistan,02-11-2015,21.6,10.5,16.4,0,10.1,24.8,35882.09
Pakistan,03-11-2015,21.4,11.8,16.5,0,16.4,33.8,35831.55
Pakistan,04-11-2015,22.2,11.4,16.2,0,24.6,49.3,35780.6
Pakistan,05-11-2015,20.2,6.8,13.7,0,19.7,40.3,35729.29
Pakistan,06-11-2015,19.5,3.9,13,0,10.2,20.2,35677.66
Pakistan,07-11-2015,19.7,8.5,14.4,0,9.8,18,35625.74
Pakistan,08-11-2015,19.8,6.7,14.2,0,11.8,24.5,35573.59
Pakistan,09-11-2015,19.3,9.9,14.5,2.1,16.9,33.5,35521.27
Pakistan,10-11-2015,18.2,9.9,13.7,2.9,16.9,34.2,35468.8
Pakistan,11-11-2015,18.1,8.5,13.3,0,22.7,42.8,24504.03
Pakistan,12-11-2015,19.9,10.7,14.7,0,23.7,45.4,35363.66
Pakistan,13-11-2015,20.8,12.2,16.1,0,10.9,22.3,35311.09
Pakistan,14-11-2015,19.1,6.6,14.1,0,8.2,19.4,35258.59
Pakistan,15-11-2015,20,10.3,14.8,0,12.3,26.6,35206.21
Pakistan,16-11-2015,19.3,3,12.2,0,8.9,22,35154
Pakistan,17-11-2015,21,3.6,13.5,0,9.9,23.8,35101.5
Pakistan,18-11-2015,22.1,6.6,15,0,9.3,19.8,35027.6
Pakistan,19-11-2015,21.8,7.2,15.2,0,11.9,23.8,34946.86
Pakistan,20-11-2015,20.2,6.6,13.8,0,9.3,22,34867.35
Pakistan,21-11-2015,19,5.3,12.6,0,10.7,22.7,34789.16
Pakistan,22-11-2015,19.1,6.8,13.5,0,11.3,22.7,34712.42
Pakistan,23-11-2015,18.3,6.8,13.3,0,12.5,22.3,34637.23
Pakistan,24-11-2015,17.1,3.3,11.5,0,8.7,20.2,34563.7
Pakistan,25-11-2015,17.1,4.8,11.4,0,17.9,34.9,34491.93
Pakistan,26-11-2015,16.1,4.1,9.9,0,27.9,55.1,34422.05
Pakistan,27-11-2015,17.6,-0.6,9.7,0,9.6,19.8,34354.16
Pakistan,28-11-2015,17.5,1.8,10.5,0,11,21.6,34288.39
Pakistan,29-11-2015,17.9,1.3,10.3,0,10.1,18.7,34224.86
Pakistan,30-11-2015,18,4,11.6,0,9,16.6,34163.66
Pakistan,01-12-2015,18.4,4.8,11.9,0,12.2,27,34104.94
Pakistan,02-12-2015,19,1.4,11.3,0,10,22.3,34048.8
Pakistan,03-12-2015,20.9,5.7,13.3,0,9.5,20.2,33995.37
Pakistan,04-12-2015,22.9,6.6,14.8,0,9.1,18,33944.76
Pakistan,05-12-2015,21.5,6.1,14.2,0,11.8,23,33897.1
Pakistan,06-12-2015,20.8,5.4,13.4,0,9,16.6,33852.55
Pakistan,07-12-2015,19.4,5.6,12.7,0,10.9,20.9,33810.76
Pakistan,08-12-2015,17.4,5.3,11.2,0,12.9,27,32148.27
Pakistan,09-12-2015,12.4,5.1,9.2,4.4,18.7,36.4,27912.39
Pakistan,10-12-2015,14.1,-0.3,6.5,0,24,47.9,33699.72
Pakistan,11-12-2015,15.2,0.8,7.1,0,21.4,44.6,33667.64
Pakistan,12-12-2015,11.9,-4.5,4.5,0,9.5,20.9,33638.11
Pakistan,13-12-2015,13,-3,5.4,0,13,28.4,33611.16
Pakistan,14-12-2015,13.5,-2.5,6,0,9.9,23,33586.83
Pakistan,15-12-2015,13.9,-0.7,7.1,0,9,15.8,33565.18
Pakistan,16-12-2015,12.6,0.1,6.9,0,11.4,24.1,33521.7
Pakistan,17-12-2015,13.5,1.1,7.1,0,17.7,36,33426.33
Pakistan,18-12-2015,13.1,0.1,6.6,0,9.7,21.2,33432.25
Pakistan,19-12-2015,13.7,-0.3,7.1,0,10.3,20.9,33345.66
Pakistan,20-12-2015,13.7,1.2,7.2,0,19.3,38.5,33264.41
Pakistan,21-12-2015,11.6,-0.7,5.9,0,10.8,22.3,33278.4
Pakistan,22-12-2015,13.1,1,7.4,0,14.4,29.2,33010.66
Pakistan,23-12-2015,11.5,1.1,5.5,0,21.9,44.6,33175.67
Pakistan,24-12-2015,12.6,-2,5.5,0,8,19.1,33164.56
Pakistan,25-12-2015,15.5,1.1,8.5,0,9.5,18.7,32903.98
Pakistan,26-12-2015,15.7,7,10.9,0.2,12.4,23.8,22224.29
Pakistan,27-12-2015,17.4,6.4,11.9,0,10.4,22.3,32400
Pakistan,28-12-2015,16.8,3.7,10.7,0,14.2,30.6,32887.28
Pakistan,29-12-2015,16.9,0.3,9.5,0,9.8,22.7,32966.11
Pakistan,30-12-2015,16.9,-1.3,8.4,0,12.1,27,32989.51
Pakistan,31-12-2015,15.6,-0.6,8.2,0,10.3,18.4,30486.77
Pakistan,01-01-2016,17.1,3.8,10.5,0.5,10.7,22.7,32832.12
Pakistan,02-01-2016,17.6,4.4,11.5,0,13.6,26.6,32681.86
Pakistan,03-01-2016,16.8,6.9,11.8,0.7,12.3,23,28753.05
Pakistan,04-01-2016,17,8.4,12.7,0,14.3,28.4,32711.62
Pakistan,05-01-2016,15.2,1.5,9.3,0,10.9,21.2,32856.08
Pakistan,06-01-2016,13.5,5.3,9.3,1.7,13.2,32.4,28537.8
Pakistan,07-01-2016,12.7,4.5,8.4,0,9.4,23.4,32556.38
Pakistan,08-01-2016,14.7,1.8,8.8,0,9.5,21.2,32996.52
Pakistan,09-01-2016,16.7,3.4,10.2,0,13.2,28.4,32802.59
Pakistan,10-01-2016,17.2,3.7,10.4,0,15.6,31.3,33157.35
Pakistan,11-01-2016,15.3,3.5,10.1,0,15.6,33.1,32415.86
Pakistan,12-01-2016,13.1,2.6,8,0,16.9,35.6,33486.71
Pakistan,13-01-2016,13.7,0.1,7.5,0,8.9,18.7,33425.12
Pakistan,14-01-2016,14.6,3.9,9.1,0,9.6,20.5,33409.3
Pakistan,15-01-2016,14.6,-0.7,8,0,10.1,18.7,33881.25
Pakistan,16-01-2016,16,2.2,9.3,0,10.2,24.5,33999.94
Pakistan,17-01-2016,15.2,-0.8,8.4,0,9.4,17.6,34120.23
Pakistan,18-01-2016,13.3,4.9,8.6,0,8.2,22.3,33631.23
Pakistan,19-01-2016,14.3,-2.3,7.4,0,10.3,24.8,34315.56
Pakistan,20-01-2016,15,0.1,7.8,0,13.8,27.7,34455.1
Pakistan,21-01-2016,16.3,0,8.5,0,10.6,22.7,34441.09
Pakistan,22-01-2016,16.5,0.6,9,0,9.7,21.6,34584.85
Pakistan,23-01-2016,15.3,0.7,8.8,0,12.4,22.7,34569.55
Pakistan,24-01-2016,16.8,0.6,9.1,0,11.6,22,34634.49
Pakistan,25-01-2016,15.9,2.2,9.2,0,17.3,34.6,34128.07
Pakistan,26-01-2016,14.5,6.2,9.5,0,17.3,34.9,33466.48
Pakistan,27-01-2016,14.9,7.6,10.3,0,16.9,31.7,30547.07
Pakistan,28-01-2016,15.4,5.9,9.8,1.1,21.1,44.6,21244.05
Pakistan,29-01-2016,15.3,7.3,11,0.7,19.6,49.3,26859.86
Pakistan,30-01-2016,14.2,0.9,7.8,0,14.8,31.7,35395.93
Pakistan,31-01-2016,13.9,1.5,7.3,0,19.1,39.2,35561.64
Pakistan,01-02-2016,13.2,-3.5,6,0,9.7,23,35686.29
Pakistan,02-02-2016,14.4,-2.3,7.1,0,10.7,24.1,35779.65
Pakistan,03-02-2016,15.2,-1.4,7.9,0,10.2,21.6,35776.07
Pakistan,04-02-2016,16.7,2,10.3,0,10.5,20.2,35968.29
Pakistan,05-02-2016,16.4,0.4,9.4,0,10.7,20.2,36064.41
Pakistan,06-02-2016,16.7,0.2,10,0,12,27,36162.27
Pakistan,07-02-2016,17.4,0.8,9.8,0,8.9,18.7,36261.7
Pakistan,08-02-2016,17.2,5.9,11.5,0,18.4,36.7,36362.59
Pakistan,09-02-2016,16.4,3.1,10.2,0,17.4,37.4,36464.81
Pakistan,10-02-2016,16.7,5.1,10.3,0,24.6,49.3,36568.23
Pakistan,11-02-2016,15,1.2,7.5,0,29.1,57.2,36672.75
Pakistan,12-02-2016,11.8,-1.8,5.6,0,13.9,27.7,36778.23
Pakistan,13-02-2016,12.6,-0.3,7.2,0,7.4,20.2,36884.57
Pakistan,14-02-2016,13.3,-0.2,7.4,0,9.4,23.4,36991.63
Pakistan,15-02-2016,13.7,-2.1,7.5,0,9.8,17.6,37099.34
Pakistan,16-02-2016,15.1,-1.4,8.1,0,9.4,17.6,37207.57
Pakistan,17-02-2016,16.5,-0.5,9,0,9.8,20.5,37316.21
Pakistan,18-02-2016,18.1,0.4,10.1,0,11.6,25.6,37425.16
Pakistan,19-02-2016,17,3.1,10.8,0,10.1,19.8,37534.31
Pakistan,20-02-2016,19.9,5,12.8,0,17.6,36.4,37643.58
Pakistan,21-02-2016,19.9,3.5,13,0,10.9,24.8,37752.86
Pakistan,22-02-2016,22.5,3.1,14.5,0,11.9,26.6,37862.05
Pakistan,23-02-2016,23.8,3.4,15,0,12.6,28.4,37971.06
Pakistan,24-02-2016,24.3,4.3,15.5,0,11.3,25.6,38079.82
Pakistan,25-02-2016,23.3,5.8,16,0,16.5,31.3,38189.09
Pakistan,26-02-2016,22.4,5.1,15.2,0,11.5,22.7,38299.23
Pakistan,27-02-2016,25.2,8.4,17.4,0,15.1,29.5,38410.16
Pakistan,28-02-2016,24,7.7,16.9,0,18.6,33.8,31519.79
Pakistan,29-02-2016,23.3,10.5,17.2,0.4,16,33.5,38633.98
Pakistan,01-03-2016,22.2,8.6,15.9,0,19.1,40,35464.92
Pakistan,02-03-2016,18.6,10.9,14.4,2.1,20.5,49.7,25581.35
Pakistan,03-03-2016,17.7,8.1,12.4,4.1,19.1,34.6,35424.76
Pakistan,04-03-2016,14.7,7.6,11.6,6.4,13.4,25.6,37668.33
Pakistan,05-03-2016,15,7.7,10.9,5,9.1,24.8,38638.89
Pakistan,06-03-2016,16.2,5.6,10.8,0,9.4,22.7,37829.8
Pakistan,07-03-2016,17.3,4.6,11,0,8.8,17.3,39270.71
Pakistan,08-03-2016,19.4,7.1,13.5,1,13.7,29.2,36891.58
Pakistan,09-03-2016,18.7,8.5,13.7,1,11.2,26.6,39120.23
Pakistan,10-03-2016,16.2,6.6,11.7,11.1,14.2,34.9,14582.19
Pakistan,11-03-2016,15.2,10.4,12.2,4.1,15,35.6,24799.23
Pakistan,12-03-2016,16.4,5.8,11.1,2.3,19.7,33.8,39600
Pakistan,13-03-2016,16.3,7.1,11.5,0,16.3,32,39600
Pakistan,14-03-2016,17.5,5.5,11.4,0,19.6,42.1,39600
Pakistan,15-03-2016,18.4,3.6,11.6,1,19.5,37.8,39600
Pakistan,16-03-2016,16.7,9.3,13,1.6,26.8,49.3,34662.62
Pakistan,17-03-2016,17,10.8,13.7,4.3,14.7,40,32441.7
Pakistan,18-03-2016,16.8,11.3,13.7,0.6,24.3,45.4,28722.26
Pakistan,19-03-2016,19.7,8.8,14.1,0.1,11.5,22.3,39600
Pakistan,20-03-2016,20.7,7.9,14.1,0.2,18.2,39.2,39622.97
Pakistan,21-03-2016,20.3,5.6,13.5,0,11.2,24.1,39764.22
Pakistan,22-03-2016,24.4,6.4,16.4,0,12,27,39679.92
Pakistan,23-03-2016,24.7,13.9,19.2,0,19.3,38.9,39600
Pakistan,24-03-2016,22.6,13.7,18.3,0.2,30.3,61.9,28164.06
Pakistan,25-03-2016,19.3,9.8,14.3,3.6,13,25.6,39600
Pakistan,26-03-2016,20.9,5.3,14,0,10.1,25.2,40125.01
Pakistan,27-03-2016,23.3,8,16.2,0,13.6,26.6,40215.93
Pakistan,28-03-2016,24.5,9.4,17.8,0,18.5,36,39725.83
Pakistan,29-03-2016,26.1,13.4,19.6,0,22.5,44.6,39939.86
Pakistan,30-03-2016,27.2,13,20.8,0,22.1,42.1,40199.81
Pakistan,31-03-2016,26.2,15.8,20.8,0,21.3,43.6,17024.25
Pakistan,01-04-2016,26.6,14.3,20.2,0.6,26.3,52.6,37789.61
Pakistan,02-04-2016,26,15.6,20.6,2.1,26.9,50.8,23604.61
Pakistan,03-04-2016,19.8,13.5,15.8,9.4,18.4,42.8,12369.98
Pakistan,04-04-2016,21.2,9.7,16.3,0,12.9,28.1,41727.95
Pakistan,05-04-2016,22.3,10.7,16.9,0,15.9,29.2,25939.26
Pakistan,06-04-2016,23.4,10.3,17.7,0,15.5,31.7,41849.99
Pakistan,07-04-2016,24.2,9.3,17.3,0,19.8,38.2,42211.45
Pakistan,08-04-2016,23,13.5,17.7,1.5,19.9,43.2,40332.34
Pakistan,09-04-2016,22.5,10.6,16.8,0,22.1,44.3,42091.22
Pakistan,10-04-2016,17.3,11,14.1,7.6,19.3,47.2,23962.99
Pakistan,11-04-2016,21.8,8.3,15.4,0,12.3,27.7,42313.43
Pakistan,12-04-2016,25.4,11.1,18.4,0,15.9,35.3,41945.48
Pakistan,13-04-2016,28.9,13.4,21.1,0,20.2,42.8,43076.67
Pakistan,14-04-2016,31.1,15,23.5,0,21.7,41.4,42068.34
Pakistan,15-04-2016,32.3,16.9,25.6,0,18.2,38.5,41348.89
Pakistan,16-04-2016,30.7,15.8,23.3,3.1,19.3,43.9,42386.48
Pakistan,17-04-2016,26.3,14.4,20.1,4.7,13.7,37.4,43149.86
Pakistan,18-04-2016,24.7,11.7,17.9,7.3,11.5,27.4,41870.11
Pakistan,19-04-2016,22.6,12.6,17.2,4.8,14.7,32,42157.91
Pakistan,20-04-2016,23.6,12.5,18.4,0,17.7,38.5,43587.34
Pakistan,21-04-2016,25.3,14.8,20,0,21.6,46.1,44248.13
Pakistan,22-04-2016,24.3,11.5,17.4,0,23.3,46.1,44321.28
Pakistan,23-04-2016,25.9,11,18.5,0,17.8,35.6,44461.78
Pakistan,24-04-2016,26.3,8.7,18.8,0,20.9,38.9,44555.08
Pakistan,25-04-2016,27.2,10,20.3,0,17.3,34.9,43166.48
Pakistan,26-04-2016,28,12.5,21.5,0,19.2,40.7,44347.69
Pakistan,27-04-2016,29.2,15.4,23.2,0,18.6,38.5,43778.21
Pakistan,28-04-2016,30.2,14.2,22.9,0,15.9,35.3,44858.45
Pakistan,29-04-2016,31.4,13.3,23.8,0,17.4,31,44924.2
Pakistan,30-04-2016,32.7,19.9,26.6,0,16.7,35.3,45102.5
Pakistan,01-05-2016,33,20,27.3,0,18.4,37.4,44656.8
Pakistan,02-05-2016,30.3,20.2,25.3,0,22,39.2,42703.35
Pakistan,03-05-2016,29.8,15.6,22.4,0.8,16.7,39.6,44638.14
Pakistan,04-05-2016,27.2,13.9,20.7,0.6,21.5,43.9,38514.89
Pakistan,05-05-2016,27.4,14.6,21.6,0.1,10.2,21.2,45008.84
Pakistan,06-05-2016,31.1,16.2,23.9,0,16.3,32,45587.68
Pakistan,07-05-2016,33.8,20.1,26.8,0,14.8,36,42841.96
Pakistan,08-05-2016,35.2,22.1,28.2,0,21.9,43.9,45335.52
Pakistan,09-05-2016,35.9,22.2,29.2,0,8.9,29.9,45698.09
Pakistan,10-05-2016,34.8,21.4,28.4,0.5,20.1,41.4,41351.98
Pakistan,11-05-2016,32.1,19.7,26,0.9,21.7,51.1,42308
Pakistan,12-05-2016,31.3,19.9,25.3,0.6,25.6,48.6,45806.73
Pakistan,13-05-2016,32.7,18.7,26,0,18,37.1,45842.41
Pakistan,14-05-2016,33.2,16.3,26.1,0,21.2,43.2,45877.87
Pakistan,15-05-2016,33.3,18.7,27,0,21.6,38.5,45913.46
Pakistan,16-05-2016,35.2,19.3,28.4,0,16.1,35.6,45949.18
Pakistan,17-05-2016,37.3,20.7,29.8,0,14.7,32.8,45984.96
Pakistan,18-05-2016,38.2,21.5,31,0,18.8,36,46020.75
Pakistan,19-05-2016,37.5,22.5,30.8,0,15.1,29.9,46056.48
Pakistan,20-05-2016,37.6,20.3,30.4,0,14.9,28.8,46092.09
Pakistan,21-05-2016,38.3,22.7,31.3,0,17.1,33.5,46127.52
Pakistan,22-05-2016,38.2,20.9,31.3,0,21.4,41.4,43267.43
Pakistan,23-05-2016,35.6,24.1,30.6,0,23.8,48.2,46197.6
Pakistan,24-05-2016,35.9,20.5,28.8,0,35.5,72,46232.12
Pakistan,25-05-2016,36.3,22.1,29.3,0,30.8,61.2,46266.21
Pakistan,26-05-2016,36.5,23.2,30,0,21.4,42.1,42553.42
Pakistan,27-05-2016,36,20.8,29.5,0,22.5,47.2,46332.84
Pakistan,28-05-2016,36.9,20.9,29.5,0,18.2,41.4,46365.25
Pakistan,29-05-2016,36.9,20.1,29.7,0,15.6,31.7,46396.99
Pakistan,30-05-2016,35.6,18.4,28.4,0,18.8,41,46427.97
Pakistan,31-05-2016,34.5,20.1,28.2,0,21,41.4,46458.14
Pakistan,01-06-2016,34.4,22.7,28.4,2.9,26,42.8,45148.87
Pakistan,02-06-2016,32.4,20.8,25.8,4,19.5,42.8,42359.02
Pakistan,03-06-2016,30.5,20,24.7,3,14.6,32,46543.28
Pakistan,04-06-2016,32.3,20.2,26.4,0,10.9,28.1,44325.25
Pakistan,05-06-2016,34.9,21.2,28.6,0,17.6,30.2,46597.41
Pakistan,06-06-2016,37.1,23.6,30.6,0,15.7,32,46623.96
Pakistan,07-06-2016,38.4,23.6,31.3,0,16,35.6,46650.08
Pakistan,08-06-2016,37.9,20.6,30.6,0,19.3,40,46675.68
Pakistan,09-06-2016,37.6,23,30.7,0,21.6,41,46700.7
Pakistan,10-06-2016,36.6,23.1,29.6,0.7,18.8,53.6,43783.61
Pakistan,11-06-2016,36.4,22.6,28.8,0.9,20.7,46.4,43727.14
Pakistan,12-06-2016,35.6,21.6,28.3,0.2,23.5,52.9,46771.48
Pakistan,13-06-2016,34.8,21,28.4,0,20.5,42.8,46793.4
Pakistan,14-06-2016,37.7,23.6,30.5,0,23.2,46.1,46800
Pakistan,15-06-2016,38.4,22.5,31.2,0,23.9,48.2,46800
Pakistan,16-06-2016,35.4,20.1,28.8,0,15.4,34.9,46800
Pakistan,17-06-2016,35.3,19,28.2,0,16.1,35.3,46800
Pakistan,18-06-2016,36.4,23.5,30.2,0,14.6,32,46800
Pakistan,19-06-2016,36.6,24.4,30.7,0,14.8,27.7,46800
Pakistan,20-06-2016,37.6,25.3,31.4,0,19.4,38.2,46800
Pakistan,21-06-2016,38.2,25.5,31.8,0,25.9,49,46800
Pakistan,22-06-2016,34.9,24.9,29,0,28,58.7,44992.26
Pakistan,23-06-2016,31.9,22.3,26.7,0.6,20.4,41,46609.7
Pakistan,24-06-2016,34.1,22.7,28.2,0,21.8,43.6,46595.75
Pakistan,25-06-2016,35.5,23.7,29.1,0,20.5,45.7,46800
Pakistan,26-06-2016,33.7,24.5,27.8,6.2,17.3,41.8,44632.56
Pakistan,27-06-2016,31.9,22.9,26.6,5,16.4,43.6,38286.35
Pakistan,28-06-2016,29.4,22.1,24.6,6,19.1,41.8,31172.85
Pakistan,29-06-2016,29.6,21.4,25.3,1.2,12,28.4,40926.57
Pakistan,30-06-2016,31.6,21.7,26.9,0,12.5,24.8,46800
Pakistan,01-07-2016,34,23.5,28.5,0.1,21.3,42.1,46800
Pakistan,02-07-2016,34.7,23.3,28.6,3,15.6,33.1,46800
Pakistan,03-07-2016,31.4,22.8,27.2,3.9,22.4,44.3,45093.81
Pakistan,04-07-2016,32.3,21.9,27,0,20.2,42.8,43963.36
Pakistan,05-07-2016,35.1,22.8,28.9,0,20.2,48.6,46800
Pakistan,06-07-2016,36.6,23.9,30.1,0.9,21.9,49.3,46800
Pakistan,07-07-2016,34.4,22.4,28.3,0,21.2,41.8,46800
Pakistan,08-07-2016,34.3,23.6,28.9,0.5,20.7,42.5,46800
Pakistan,09-07-2016,34.9,22.8,27,26.8,18.5,40,40596.77
Pakistan,10-07-2016,28.5,22,24.8,2.5,12,24.1,41043.91
Pakistan,11-07-2016,30.4,21.2,25.7,0.2,13,23.4,43686.08
Pakistan,12-07-2016,30.3,22.3,26.1,0.8,11.2,30.2,45672.48
Pakistan,13-07-2016,29.9,23.4,26.3,1.8,14,30.2,42489.23
Pakistan,14-07-2016,29.9,23.2,26.4,0.7,14.2,30.2,39078.04
Pakistan,15-07-2016,32.5,23.3,27.5,0.2,16.5,38.5,46146.61
Pakistan,16-07-2016,33.3,22.5,27.5,0,19.8,40.7,46800
Pakistan,17-07-2016,31.1,22,25.9,0.5,22,45,40497.55
Pakistan,18-07-2016,30.2,21.8,25.7,1.6,21.9,47.5,45401.68
Pakistan,19-07-2016,31.5,21.6,25.6,0.9,18.4,37.4,43985.16
Pakistan,20-07-2016,34.4,21.8,27.5,0,21.4,40.7,46734.67
Pakistan,21-07-2016,36.2,23.1,29.3,0,21,43.9,46707.18
Pakistan,22-07-2016,35.5,23.7,29.4,0,18.5,38.9,45758.85
Pakistan,23-07-2016,32.6,23.3,26.9,9.4,18.1,40,38925.17
Pakistan,24-07-2016,30.3,22.7,25.8,0.9,10.9,28.8,43666.61
Pakistan,25-07-2016,32.7,22.3,27,0.2,13.4,28.8,44827.5
Pakistan,26-07-2016,33.3,22.3,28,1.1,16.5,34.2,46402.72
Pakistan,27-07-2016,34,22.7,27.2,1.8,17.7,39.6,44434.71
Pakistan,28-07-2016,28,21.5,24,6,15.3,33.1,35697.21
Pakistan,29-07-2016,29.7,22.1,25.5,0.3,16.8,31.7,42494.54
Pakistan,30-07-2016,29.7,22,25.7,1.3,18.4,40,42957.23
Pakistan,31-07-2016,30.8,22.7,26.5,2.5,22.9,45.7,42412.54
Pakistan,01-08-2016,33.4,21.9,27.3,0,18.7,36.7,45732.47
Pakistan,02-08-2016,32.7,21.6,26.5,0.2,20.2,40.3,44705.6
Pakistan,03-08-2016,28.2,21.9,24.2,11.5,17.9,40.3,30795.36
Pakistan,04-08-2016,27.2,19.9,24.1,0,17.2,34.6,41365.36
Pakistan,05-08-2016,29.3,20.4,25,0.5,16.1,31.7,43235.73
Pakistan,06-08-2016,29.3,20.4,24.8,4.5,17.3,32.8,42114.68
Pakistan,07-08-2016,30,21.3,24.7,3,17,34.9,36408.14
Pakistan,08-08-2016,28.9,21.6,24.3,2,16.1,38.2,25082.74
Pakistan,09-08-2016,31.2,22.3,25.8,0.2,16.7,32.8,37423.09
Pakistan,10-08-2016,32.1,22.1,25.9,0.5,20.9,40.7,36908.92
Pakistan,11-08-2016,30.9,22,25.4,0.2,22.3,44.3,39354.37
Pakistan,12-08-2016,31.7,19.3,25,0.2,20.9,40.7,40950.44
Pakistan,13-08-2016,32,20.8,25.9,0.2,16.3,36.7,39128.31
Pakistan,14-08-2016,33,21.1,26.6,0.1,19.2,36.7,38094.86
Pakistan,15-08-2016,32.4,20.5,26.4,0,19.2,39.2,43726.12
Pakistan,16-08-2016,34.2,19.9,26.8,0,23.5,46.8,44155.8
Pakistan,17-08-2016,32.6,21.2,26.2,0,21.7,45.7,43035.04
Pakistan,18-08-2016,30.4,20.8,25,0.2,18.4,36.7,42293.04
Pakistan,19-08-2016,32.2,19.4,26.1,0,16.2,31.7,42863.13
Pakistan,20-08-2016,32.6,20.6,26.9,0,16.9,37.4,42369.84
Pakistan,21-08-2016,32.4,20.5,25.9,1.8,16.4,40.3,41945.63
Pakistan,22-08-2016,31.6,20.4,26.1,0.4,12.2,25.2,42428.53
Pakistan,23-08-2016,31.6,20.6,25.4,1.9,11.3,27.4,39957.39
Pakistan,24-08-2016,31.5,20,25.8,0.1,10.7,26.3,41179.83
Pakistan,25-08-2016,30.2,19.6,25.3,0.3,10.8,24.1,41286.32
Pakistan,26-08-2016,30.5,20.5,25.6,0,15.9,26.6,40719.05
Pakistan,27-08-2016,30.4,21.5,25.6,0.1,15.2,33.8,39758.5
Pakistan,28-08-2016,28.5,19.8,24.5,0,11.2,25.6,39221.31
Pakistan,29-08-2016,31.4,21,25.2,0.1,20.9,39.2,41042.3
Pakistan,30-08-2016,32.2,21.2,25.5,0,22.9,44.3,38493.32
Pakistan,31-08-2016,29,20.3,23.2,4.3,20.2,42.8,39461.43
Pakistan,01-09-2016,28.1,17.3,21.9,1.8,14.2,33.5,38702.72
Pakistan,02-09-2016,28.1,18.1,22.7,0,15.6,30.2,39751.94
Pakistan,03-09-2016,32.4,17.8,24.4,0,17.4,37.4,40839.84
Pakistan,04-09-2016,33,18.5,25.6,0,18.4,35.6,40837.08
Pakistan,05-09-2016,32.5,18.5,25.6,0,19.1,38.5,40707.43
Pakistan,06-09-2016,33.1,19.7,26.1,0,19.7,39.2,40579.7
Pakistan,07-09-2016,32.1,19.7,25.7,0,19.2,36.7,40453.95
Pakistan,08-09-2016,32,19.9,25.9,0.7,17.3,33.5,40453.68
Pakistan,09-09-2016,32.2,21.1,26.3,0.2,17.6,31.3,40330.84
Pakistan,10-09-2016,33.6,20.8,26.6,0,20,40,40331.32
Pakistan,11-09-2016,32.6,20,26.1,0,20.2,38.5,40331.61
Pakistan,12-09-2016,30.1,19.6,24.4,0,18.3,38.5,39974.84
Pakistan,13-09-2016,29.8,19.7,23.6,0.2,17.7,31.3,39422.62
Pakistan,14-09-2016,28.6,19.2,22.8,0.3,15.3,31.7,39218.94
Pakistan,15-09-2016,30.6,18.9,24,0,18.3,37.1,39984.55
Pakistan,16-09-2016,32.3,19.4,25.4,0,17.3,33.5,40101.61
Pakistan,17-09-2016,33.7,19.9,26.4,0,14.9,31,40103.07
Pakistan,18-09-2016,32,19.4,26.3,0,14.1,29.2,39992.66
Pakistan,19-09-2016,33.3,21.5,27.1,0,15.5,31.3,39988.07
Pakistan,20-09-2016,34.6,20.7,27.3,0,16.3,33.8,40022.14
Pakistan,21-09-2016,34.3,21,27.3,0,19.3,39.2,39837.8
Pakistan,22-09-2016,32.2,18.4,25.9,0,17.9,40,39655.97
Pakistan,23-09-2016,31.8,20.2,25.6,0,17.7,41,39476.85
Pakistan,24-09-2016,31.2,19.4,25.2,0,17.1,36,39404.09
Pakistan,25-09-2016,31.4,19.4,25.2,0,16.9,33.1,39331.46
Pakistan,26-09-2016,33,20,25.9,0,19.7,37.8,39259.03
Pakistan,27-09-2016,33,19.2,26.1,0,13.6,27.7,39285.85
Pakistan,28-09-2016,33.3,20.2,26.7,0,15,32,39115.08
Pakistan,29-09-2016,32.2,18.5,25.8,0,18.1,33.5,39043.71
Pakistan,30-09-2016,31.4,19.8,25.4,0,13.1,24.8,38878.85
Pakistan,01-10-2016,31.3,19.6,25.7,0,12.8,27,38810.16
Pakistan,02-10-2016,30,19.7,25.7,0,10.4,21.2,36039.59
Pakistan,03-10-2016,30.7,20,25.6,0,15.8,29.2,38582.71
Pakistan,04-10-2016,31.3,20.2,25.5,0,11.2,23.8,38514.45
Pakistan,05-10-2016,30.9,16.6,24.6,0,12.2,22.3,38445.84
Pakistan,06-10-2016,30.2,16.9,24.3,0,15.8,33.5,38376.96
Pakistan,07-10-2016,29.7,15.8,23.4,0,16.9,31,38307.89
Pakistan,08-10-2016,29.3,16.7,23.8,0,14.5,29.2,38170.54
Pakistan,09-10-2016,27.6,12.3,21.3,0,11.9,26.6,38169.47
Pakistan,10-10-2016,27.7,11.5,20.9,0,11.6,24.5,38026.56
Pakistan,11-10-2016,27.4,14,21.3,0,12.4,25.6,37959.86
Pakistan,12-10-2016,28,11.2,20.7,0,14.8,32.4,37893.39
Pakistan,13-10-2016,27.8,9.9,20.4,0,11.6,25.2,37712.94
Pakistan,14-10-2016,27.4,13.5,21.3,0,10.4,19.8,37559.16
Pakistan,15-10-2016,27,11.8,20.6,0,11.5,22,37425.25
Pakistan,16-10-2016,27.3,14,21.1,0,13,24.8,37295.02
Pakistan,17-10-2016,27.6,11.8,20.7,0,13.4,24.1,37168.65
Pakistan,18-10-2016,29,12.7,21.3,0,16.3,30.6,36941.55
Pakistan,19-10-2016,29.3,16.4,22.4,0,12.7,28.4,36928.27
Pakistan,20-10-2016,28.4,12.8,21.2,0,17.7,38.2,36814.6
Pakistan,21-10-2016,27,15.3,20.8,0,13.8,32,36705.45
Pakistan,22-10-2016,27.2,13.6,20.2,0,13.8,31.3,36600.86
Pakistan,23-10-2016,26.8,11.8,19.8,0,14.3,27.4,36500.99
Pakistan,24-10-2016,26.2,13.6,20.1,0,16.8,36.7,36319.31
Pakistan,25-10-2016,24.8,12.2,18.5,0,14,31.7,36400.07
Pakistan,26-10-2016,25.4,11.8,18.4,0,13.9,30.2,36312.53
Pakistan,27-10-2016,25.8,7.3,17.7,0,12.7,24.5,36230.6
Pakistan,28-10-2016,27.2,9.2,19.1,0,13.5,29.5,36227.78
Pakistan,29-10-2016,26,8.9,18.3,0,12.5,25.9,36000
Pakistan,30-10-2016,24.2,9.8,17.8,0,14.7,29.2,36079.06
Pakistan,31-10-2016,24.2,10.3,18.3,0,13.6,25.9,35968.58
Pakistan,01-11-2016,25.4,12.4,18.9,0,13.9,25.2,35922.81
Pakistan,02-11-2016,25,10.4,18.6,0,11.6,22,35875.84
Pakistan,03-11-2016,24,11.1,18.1,0,16.4,33.1,35792.3
Pakistan,04-11-2016,24.9,12,18.4,0,14.9,31.7,35741.56
Pakistan,05-11-2016,23.6,7.6,16.2,0,16,29.9,35690.58
Pakistan,06-11-2016,22.9,9.9,16.4,0,14.7,31,35639.41
Pakistan,07-11-2016,23.4,4.3,15,0,10.6,24.5,35588.08
Pakistan,08-11-2016,25,6.5,16.6,0,11.5,22,35536.64
Pakistan,09-11-2016,24.5,7.9,17.3,0,15.9,33.1,35485.12
Pakistan,10-11-2016,23.1,9,16.1,0,13.3,29.2,35433.56
Pakistan,11-11-2016,19.7,6.9,13.5,0,18.5,38.5,35381.57
Pakistan,12-11-2016,19.6,3.9,12.7,0,11.4,27.4,35328.97
Pakistan,13-11-2016,20.2,5.6,13.6,0,8.6,14.8,35275.83
Pakistan,14-11-2016,20.4,4.8,13.7,0,9.5,20.9,35222.23
Pakistan,15-11-2016,20.9,6,14.2,0,9.6,20.5,35168.25
Pakistan,16-11-2016,20.9,7,14.4,0,12.4,23.8,35113.98
Pakistan,17-11-2016,22,7.7,14.9,0,11,20.9,35048.38
Pakistan,18-11-2016,24.6,6.4,16.1,0,11.1,25.2,34965.43
Pakistan,19-11-2016,24.6,6.7,16.4,0,11.1,19.4,34883.95
Pakistan,20-11-2016,23.9,8.5,16.2,0,14.5,27.4,34804.08
Pakistan,21-11-2016,20.9,10.2,15.2,0,11.2,22,34725.94
Pakistan,22-11-2016,19.3,7,13.6,0,15,31.3,34649.65
Pakistan,23-11-2016,18.2,3.6,11.7,0,9.8,20.9,34575.33
Pakistan,24-11-2016,18.8,3.7,12.4,0,10.2,20.9,34503.11
Pakistan,25-11-2016,19.8,7.9,13.6,0,13.2,28.1,34433.12
Pakistan,26-11-2016,20.8,9.4,14.5,0,15.4,32.4,34365.48
Pakistan,27-11-2016,21.4,6.1,14.4,0,11.9,27,34300.32
Pakistan,28-11-2016,22.4,7.3,15.3,0,9.3,21.2,34237.77
Pakistan,29-11-2016,22.4,8.5,15.8,0,9.6,18.7,34177.98
Pakistan,30-11-2016,21,8.2,15.2,0,8.3,18.7,34121.09
Pakistan,01-12-2016,19.7,5.5,13.5,0,9.4,19.8,34066.59
Pakistan,02-12-2016,20.1,5.8,13.3,0,8.6,18.7,34014.09
Pakistan,03-12-2016,22,5.6,14.2,0,9,16.2,33963.7
Pakistan,04-12-2016,23.8,8.2,16,0,10,17.6,33915.45
Pakistan,05-12-2016,24.3,7.6,16.5,0,11.5,25.2,33869.42
Pakistan,06-12-2016,23.5,6.7,15.8,0,10.1,17.3,33825.69
Pakistan,07-12-2016,22.6,8.1,15.4,0,10.5,21.2,33784.31
Pakistan,08-12-2016,21.9,6.9,14.6,0,9.7,21.2,33745.36
Pakistan,09-12-2016,19,7.1,13.3,0,14.2,30.6,33708.9
Pakistan,10-12-2016,16.4,6.5,11.8,0.2,15.6,39.2,33643.09
Pakistan,11-12-2016,15.2,-0.3,8.7,0,10.7,22,33643.73
Pakistan,12-12-2016,14.3,6.4,10,0.1,10.2,23,33098.33
Pakistan,13-12-2016,15,2.7,9.5,0,12,26.3,33416.85
Pakistan,14-12-2016,16.1,1.2,9,0,8.7,14.8,33566.3
Pakistan,15-12-2016,18.2,3.2,10.9,0,8.9,18.7,32401.66
Pakistan,16-12-2016,18,3.6,11.1,0,12.9,26.6,33030.07
Pakistan,17-12-2016,18.9,4,11.8,0,11.2,20.5,33331.14
Pakistan,18-12-2016,18.3,4.4,11.8,0,14.3,29.2,33244.87
Pakistan,19-12-2016,19,6.3,12.6,0,8.8,19.1,33163.75
Pakistan,20-12-2016,19.4,3,12.3,0,9.8,19.4,33269.23
Pakistan,21-12-2016,20.5,5.1,13.2,0,9,18.7,33192.45
Pakistan,22-12-2016,21.9,6,13.9,0,13.7,29.5,33181.54
Pakistan,23-12-2016,20.9,3.7,13,0,16.8,37.1,33084.88
Pakistan,24-12-2016,17.2,5.8,10.9,0,26.7,51.8,33075.66
Pakistan,25-12-2016,16.4,3.2,9.5,0,15.8,33.5,33149.23
Pakistan,26-12-2016,20.2,3.2,11.9,0,11.4,24.1,32976.46
Pakistan,27-12-2016,24.3,6,15.4,0,13,27.4,32969.18
Pakistan,28-12-2016,24.9,10.1,17.4,0,12.4,26.6,32648.45
Pakistan,29-12-2016,24.4,8.6,16.7,0,10.8,24.1,32806.11
Pakistan,30-12-2016,21.9,6.4,14.9,0,14.4,30.2,32758.54
Pakistan,31-12-2016,20.2,5.2,12.8,0,10.2,24.1,32907.17
Pakistan,01-01-2017,19,4.8,12,0,13.4,27,32829.64
Pakistan,02-01-2017,16.2,4.5,11,0,14.9,30.6,32713.41
Pakistan,03-01-2017,14,7.6,10.1,0,16.4,32.4,21252.71
Pakistan,04-01-2017,15.3,8,10.7,0,15.9,33.1,29829.26
Pakistan,05-01-2017,14.6,4.2,9.7,0,15.8,33.8,32801.79
Pakistan,06-01-2017,13.1,4.9,9,0,28,56.9,32710.55
Pakistan,07-01-2017,11.9,1.5,5.9,0,22,43.9,33198.36
Pakistan,08-01-2017,10.5,-3.1,3.8,0,13.6,26.3,33210.96
Pakistan,09-01-2017,9.6,-2.4,3.8,0,12.9,24.8,33082.33
Pakistan,10-01-2017,10.6,-4.2,3.7,0,10.4,21.6,33383.33
Pakistan,11-01-2017,13.7,-2.1,5.2,0,13.3,29.9,33401.57
Pakistan,12-01-2017,13.4,-1.3,5.9,0,15.3,29.9,33499.92
Pakistan,13-01-2017,11.5,-0.4,5.9,0.8,18.4,35.3,32779.98
Pakistan,14-01-2017,6.2,1.6,3.3,15.9,18.3,36.4,886.35
Pakistan,15-01-2017,4.4,0.5,2.8,8.6,18.1,34.9,0
Pakistan,16-01-2017,6.6,-1.7,1.7,0,15.9,33.1,33317.36
Pakistan,17-01-2017,7.6,-1.7,2.8,0,13.7,29.9,33540.88
Pakistan,18-01-2017,6.6,-1.3,2.2,0,15.9,32.8,34105.7
Pakistan,19-01-2017,8.7,-3.3,1.9,0,12.6,24.8,33826.97
Pakistan,20-01-2017,11.3,-3.1,3.5,0,12,20.9,34273.73
Pakistan,21-01-2017,12.2,0.5,5.9,0,10.5,19.1,29429.01
Pakistan,22-01-2017,13.3,0,6.6,0,11.2,19.4,34477.88
Pakistan,23-01-2017,10.9,3,6.9,2.6,11.2,28.1,15025.89
Pakistan,24-01-2017,9.7,4.9,7.4,13.7,11.2,25.2,7677.81
Pakistan,25-01-2017,9.4,4,7.1,11.2,15.6,31.7,18626.28
Pakistan,26-01-2017,9.6,1,4.2,0,18.7,37.1,34555.55
Pakistan,27-01-2017,12,-1.2,5.3,0,14.4,27.7,35057.71
Pakistan,28-01-2017,11.8,1.6,7.8,0,11.5,25.9,34762.72
Pakistan,29-01-2017,11.8,4,7.6,0,12,27,30004.6
Pakistan,30-01-2017,14,4.4,9.1,0.9,14.8,31,35256.49
Pakistan,31-01-2017,14,0.7,7.5,0,16.5,33.8,35654.88
Pakistan,01-02-2017,13.9,1.3,8.3,0,15.3,31,34940.49
Pakistan,02-02-2017,14.5,3.4,8.8,0,12.3,27.4,34557.58
Pakistan,03-02-2017,13.9,4.9,9.1,0,15.8,32.4,24452.82
Pakistan,04-02-2017,10.8,-0.1,6.3,14.8,28.7,65.9,18545.88
Pakistan,05-02-2017,8.1,-1.1,2.7,0,24.7,48.6,36139.05
Pakistan,06-02-2017,10.7,-2.7,3.9,0,15,29.2,36239.98
Pakistan,07-02-2017,12,0.2,6,0,10.9,18.4,30853.13
Pakistan,08-02-2017,11.8,1.2,6.1,0,18.1,36.4,36444.95
Pakistan,09-02-2017,13.1,0.2,6.2,0,13.5,29.9,36548.75
Pakistan,10-02-2017,13.4,-0.9,6.3,0,11.7,22.7,36653.27
Pakistan,11-02-2017,14.6,-0.5,7.7,0,10.2,17.6,36758.41
Pakistan,12-02-2017,15.6,2.4,9,0,11.9,25.9,36864.05
Pakistan,13-02-2017,17.2,3.7,10.5,0,11,24.1,36970.07
Pakistan,14-02-2017,17.6,6.2,12,0,16.2,33.5,36555.89
Pakistan,15-02-2017,20.2,6,13.9,0.1,22.8,44.3,30767.84
Pakistan,16-02-2017,19.8,8.1,13.6,0,16.9,34.6,15902.09
Pakistan,17-02-2017,19.4,7.9,14.2,0,14.9,31.3,26385.69
Pakistan,18-02-2017,19.4,11.5,14.5,0,20.6,42.1,22604.79
Pakistan,19-02-2017,18.2,7.8,13.1,0.1,32.3,61.9,37609.81
Pakistan,20-02-2017,16.6,3.3,9.1,0,28.5,61.6,37718.1
Pakistan,21-02-2017,16.8,1.9,9.4,0,22.8,46.4,37827.35
Pakistan,22-02-2017,17.1,1.3,9.1,0,14.2,33.1,37937.45
Pakistan,23-02-2017,17.2,1.7,10.5,0,16.8,35.3,38048.31
Pakistan,24-02-2017,19.1,2.3,11.1,0,23.3,46.4,38159.82
Pakistan,25-02-2017,20.2,7.5,13.2,0,22.1,45.7,38271.88
Pakistan,26-02-2017,19.9,4.2,12.2,0,15.3,29.5,37895.79
Pakistan,27-02-2017,19.6,5.4,11.6,1.9,22.7,51.8,24833.78
Pakistan,28-02-2017,17,6.2,11.3,0.6,25,51.8,38610.45
Pakistan,01-03-2017,17.2,4.3,10.6,0,15.6,32.8,38723.79
Pakistan,02-03-2017,17.8,3.6,10.5,0,16.3,31,38837.22
Pakistan,03-03-2017,16.9,2.7,9.9,0,18.8,38.5,38832.21
Pakistan,04-03-2017,18.9,2.5,11.3,0,17.2,35.3,39052.98
Pakistan,05-03-2017,19.9,5.2,13,0.4,23.4,47.9,39122.97
Pakistan,06-03-2017,19.3,6.8,13,1.8,23.2,45.7,37274.62
Pakistan,07-03-2017,17.4,6.3,11.8,2.7,19.8,41.4,39263.2
Pakistan,08-03-2017,16.5,6.5,11.6,1.1,21.4,42.5,39333.26
Pakistan,09-03-2017,16.8,8,11.7,0,23.6,47.5,39403.16
Pakistan,10-03-2017,16,4.2,9.8,0,26.3,51.8,39472.82
Pakistan,11-03-2017,16.2,2.2,9.2,0,25.5,50,39542.97
Pakistan,12-03-2017,16.8,3.1,9.7,0,19.8,40.7,39600
Pakistan,13-03-2017,20.3,4.8,11.9,0,24,48.6,39600
Pakistan,14-03-2017,20.1,4.9,12.8,0.5,22.7,45.7,36439.57
Pakistan,15-03-2017,18.6,8.5,13,4.4,16.3,36,34638.55
Pakistan,16-03-2017,18.5,7.7,13.1,0.5,14.4,38.5,39600
Pakistan,17-03-2017,20.8,7.5,14.4,0,19.8,38.5,39600
Pakistan,18-03-2017,22,8.2,15.6,0,16.8,34.2,39600
Pakistan,19-03-2017,22.6,8.1,15.9,0,18,37.1,39600
Pakistan,20-03-2017,23.2,7.8,16.5,0,27.3,51.5,39430.2
Pakistan,21-03-2017,26.4,11.3,19.3,0,25.2,50.4,39600
Pakistan,22-03-2017,24.4,12.2,17.9,0.6,29.8,56.5,28192.63
Pakistan,23-03-2017,23.7,9.9,17,0.1,17.5,36,35092.8
Pakistan,24-03-2017,25.7,9,18.6,0,19.5,37.4,39671.25
Pakistan,25-03-2017,25.9,16.2,20.7,0,20.9,42.8,39603.8
Pakistan,26-03-2017,27.3,14,21,0.3,26.6,54,39811.55
Pakistan,27-03-2017,29.4,14.4,23,0,21.7,43.6,40052.2
Pakistan,28-03-2017,29.9,15.9,23.3,0.6,26.6,51.5,39817.89
Pakistan,29-03-2017,28.7,15.5,22.5,0.1,22.3,47.2,39626.13
Pakistan,30-03-2017,28.3,15.7,21.7,2.1,27.6,53.6,37076.15
Pakistan,31-03-2017,28.7,15.3,22.4,0,18.6,38.9,40442.55
Pakistan,01-04-2017,28.3,14.4,21.9,0,19.6,40,39907.13
Pakistan,02-04-2017,29.3,13.7,22.9,0.2,20.8,41,40859.71
Pakistan,03-04-2017,30.1,16.5,23.8,0.1,24.6,55.1,40872.58
Pakistan,04-04-2017,28.3,16.5,22.4,3.4,27.3,52.2,41382.52
Pakistan,05-04-2017,26.3,13.4,20,0.2,31.9,62.3,41840.74
Pakistan,06-04-2017,21.5,9.8,15.3,0,34.1,65.5,42117.53
Pakistan,07-04-2017,21.8,8.6,15.5,0,22.5,46.8,42194.28
Pakistan,08-04-2017,21.5,7.6,15.4,0,15.9,30.6,42368.78
Pakistan,09-04-2017,26,8.7,17.8,0,24.8,47.5,42445.61
Pakistan,10-04-2017,29.9,10.7,21,0,21.4,44.6,42521.58
Pakistan,11-04-2017,31.9,12.4,23,0,24.3,47.2,42699.93
Pakistan,12-04-2017,32.9,15.5,24.9,0,18.4,39.2,42880.39
Pakistan,13-04-2017,33.9,17,26.1,0.1,29.9,58,42104.29
Pakistan,14-04-2017,32.8,17.7,26.1,0,18.9,38.9,41980.14
Pakistan,15-04-2017,33.5,18,26.6,0,17.4,33.1,43213.94
Pakistan,16-04-2017,34.8,18.8,27.7,0,14.7,32.4,43398.47
Pakistan,17-04-2017,35.4,18.6,28.2,0,17.5,36,43584.5
Pakistan,18-04-2017,35.6,20.5,28.4,0,16.1,33.8,43657.86
Pakistan,19-04-2017,36.3,20.1,29.2,0,20.6,40.3,43498.8
Pakistan,20-04-2017,36.2,20.9,29.1,0.3,20.6,43.6,42357.65
Pakistan,21-04-2017,34.3,21.8,28.1,0.1,28.6,55.8,39182.56
Pakistan,22-04-2017,31,20.1,25.1,1.4,24.5,48.2,41642.71
Pakistan,23-04-2017,29.2,15.6,22.6,0,23.3,50.4,44007.15
Pakistan,24-04-2017,28.6,14.1,21.7,0,24,47.5,44319.13
Pakistan,25-04-2017,28.4,14.7,22.4,0.2,22.9,43.9,44623.08
Pakistan,26-04-2017,31,17.4,24.4,0,15.3,32.4,44716.9
Pakistan,27-04-2017,31.2,17.2,24.7,0.3,23.5,48.2,40782.87
Pakistan,28-04-2017,30.9,17.2,25.1,0,20.9,49.7,44902.3
Pakistan,29-04-2017,29.5,17.2,23.8,0,25.9,49.7,44652.65
Pakistan,30-04-2017,30,15.9,24,0,17.9,36.7,45084.18
Pakistan,01-05-2017,30.7,16.2,25,0,19.6,40.3,42769.1
Pakistan,02-05-2017,29.1,19.7,24.3,0.7,22.7,47.9,26604.49
Pakistan,03-05-2017,27.4,17.5,23.7,0.5,24.2,47.9,44762.75
Pakistan,04-05-2017,30.6,16.2,24.4,0,20.9,43.2,45359.78
Pakistan,05-05-2017,33.5,18.3,26.8,0,19.3,41.4,45519.51
Pakistan,06-05-2017,35.1,19.7,28.4,0,21.5,42.8,45576.91
Pakistan,07-05-2017,34.3,19.1,28.1,0,20.6,38.5,45613.34
Pakistan,08-05-2017,35.3,19.4,27.1,4.1,23.9,51.5,38512.99
Pakistan,09-05-2017,34.7,18.9,28.1,0,19.4,39.6,45482.71
Pakistan,10-05-2017,32.2,21.9,28,0.5,19.3,38.5,44497.59
Pakistan,11-05-2017,31.2,20.1,25.5,0.1,29,55.8,43210.04
Pakistan,12-05-2017,32,19.8,25.6,0.1,22.5,46.1,38593.56
Pakistan,13-05-2017,32.2,21,27,0,20.5,41.8,45832.05
Pakistan,14-05-2017,33.3,19.1,26.9,0.2,23.9,51.5,44503.67
Pakistan,15-05-2017,30.6,20.2,25.9,0.6,24.2,45.7,43200
Pakistan,16-05-2017,29.8,17.6,24.9,0.6,22.2,45.4,45397.69
Pakistan,17-05-2017,31.6,18.8,26.1,0.2,18,39.2,45978.64
Pakistan,18-05-2017,35.6,20.3,28.1,0,22.6,45.7,46014.93
Pakistan,19-05-2017,35.9,19.9,28.8,0.3,22.8,46.8,46050.96
Pakistan,20-05-2017,34.6,20.9,27,2.1,24.2,50.4,42402.36
Pakistan,21-05-2017,29.9,20,25,0.8,20.7,45.7,46122.07
Pakistan,22-05-2017,31.2,17,24.7,0,19.8,40.3,46157.02
Pakistan,23-05-2017,33.8,17.8,26.2,1.3,21.8,45.7,45906.96
Pakistan,24-05-2017,35.9,20.6,28.5,0,20.6,39.2,46225.43
Pakistan,25-05-2017,38.4,21.2,30.3,0,21.2,42.8,46258.79
Pakistan,26-05-2017,39.4,22.3,31.6,0,23.3,46.4,46291.5
Pakistan,27-05-2017,39.2,21.8,31.6,0,22.5,45,46323.5
Pakistan,28-05-2017,40.2,22.3,31.7,0,27.9,55.1,46354.74
Pakistan,29-05-2017,38,24.2,31,0,19.2,39.6,46385.3
Pakistan,30-05-2017,38.2,22.9,30.5,0,24.2,48.2,46415.72
Pakistan,31-05-2017,35.9,22.9,29.5,0.3,24.3,46.8,46445.98
Pakistan,01-06-2017,34.8,20.9,27.9,0,23.7,45,46476.03
Pakistan,02-06-2017,36.7,22.4,29.8,0,21.9,42.8,46505.77
Pakistan,03-06-2017,38.8,23.1,31.6,0,19.4,37.1,46535.14
Pakistan,04-06-2017,40.2,24,33.2,0,22.9,44.3,46564.05
Pakistan,05-06-2017,41,25.2,33.6,0,26.3,50.8,44671.28
Pakistan,06-06-2017,38.8,24,31.9,0,27.3,53.3,46620.24
Pakistan,07-06-2017,35,24.1,28.9,0.7,28.7,52.9,46322.96
Pakistan,08-06-2017,31.6,23.1,25.9,3.9,30.8,60.5,46673.73
Pakistan,09-06-2017,34.5,20.7,26.8,0,31.7,59,46699.28
Pakistan,10-06-2017,35.8,21.4,28.4,0,27.2,53.3,46723.93
Pakistan,11-06-2017,33.2,21.9,27.2,0,30.3,63,46747.61
Pakistan,12-06-2017,33,21.5,27.3,0,27.3,54.7,46770.25
Pakistan,13-06-2017,36.3,21.4,29.1,0,24.8,47.9,46791.77
Pakistan,14-06-2017,37.7,22.8,30.4,0,22.1,43.2,46800
Pakistan,15-06-2017,39,23.9,31.5,0.1,21.2,47.2,46800
Pakistan,16-06-2017,37.9,24.7,31,0,24.5,49.7,46800
Pakistan,17-06-2017,37.6,24.8,29.6,0.1,22.1,50.4,46413.2
Pakistan,18-06-2017,36,24.8,28.5,3.8,22.8,47.9,46800
Pakistan,19-06-2017,39.1,23.9,29.9,0,20.7,42.1,46800
Pakistan,20-06-2017,33.9,23.1,26.4,3.4,23.9,47.2,39943.68
Pakistan,21-06-2017,26.3,21.2,23.7,3.1,20.7,43.6,38403.33
Pakistan,22-06-2017,31.2,21.9,25.6,3.8,18.5,39.2,41417.17
Pakistan,23-06-2017,32.6,21.2,26.7,0,19.2,36.7,46800
Pakistan,24-06-2017,35.1,22.6,28.6,0.5,17.2,33.8,46800
Pakistan,25-06-2017,35.9,24.2,28.2,0.2,22.8,47.5,41834.97
Pakistan,26-06-2017,32.6,24,27.1,1.7,22.4,47.5,42797.52
Pakistan,27-06-2017,28.5,23.1,25.5,7.2,16.9,39.2,37204.33
Pakistan,28-06-2017,27.9,21.1,23.9,8.4,22.7,46.1,41198.71
Pakistan,29-06-2017,28.2,21.1,24.3,3.7,15,29.9,43811.61
Pakistan,30-06-2017,30.1,20.8,25.2,0,18.1,41.8,46796.21
Pakistan,01-07-2017,32.5,21.2,26.4,0,17.8,34.2,46800
Pakistan,02-07-2017,34.9,22.6,28.2,0,23.6,50,46800
Pakistan,03-07-2017,36.5,22.8,29.6,0,24.6,50,46800
Pakistan,04-07-2017,38.1,24.4,31.2,0,22.9,42.8,46800
Pakistan,05-07-2017,36.8,23.4,29.9,0.5,24,59.4,46800
Pakistan,06-07-2017,35.4,23.7,28.5,0,22.4,45.4,35214.44
Pakistan,07-07-2017,31.1,22.4,26.3,3.9,21,51.1,43932.71
Pakistan,08-07-2017,34.2,22.2,27.6,0.1,19.1,44.3,46568.84
Pakistan,09-07-2017,36.6,23.4,29.1,0.6,17.3,33.8,46421.19
Pakistan,10-07-2017,35.5,24.7,29.5,0.4,14.7,35.3,45462.19
Pakistan,11-07-2017,35.6,24.2,29.1,0,23.4,43.9,42028.3
Pakistan,12-07-2017,35,25.1,28.5,4.6,26.8,53.3,35422.75
Pakistan,13-07-2017,30.7,23.5,27.1,1.7,16.7,44.6,40949.75
Pakistan,14-07-2017,32.6,23.5,27.1,2.8,13.4,40.7,31067.48
Pakistan,15-07-2017,32,23.9,27.5,0.9,15.3,45.4,35748.38
Pakistan,16-07-2017,32.9,24,27.5,0.4,14.4,37.4,37422.69
Pakistan,17-07-2017,31,23.8,26.7,0.6,18.6,39.2,33371.48
Pakistan,18-07-2017,29.1,23.7,26.4,1,16.9,41.8,22173.56
Pakistan,19-07-2017,29.1,22.4,25.7,6.2,16.2,38.5,30102.1
Pakistan,20-07-2017,32,22.2,26.8,2.5,15.5,37.1,35722.82
Pakistan,21-07-2017,33.9,22.8,27.3,0,24.2,47.2,41383.24
Pakistan,22-07-2017,33.7,23.7,27.5,1.3,20.5,41,39850.12
Pakistan,23-07-2017,33.7,24.1,27.3,0.6,20.5,44.3,38151.19
Pakistan,24-07-2017,33.3,23.1,27.3,2.2,17.4,36,35781.04
Pakistan,25-07-2017,34.6,24,28,0.1,16.9,33.5,39325.21
Pakistan,26-07-2017,34.5,24.2,27.9,1.4,17.5,45.7,38186.59
Pakistan,27-07-2017,34.6,24.2,28.2,0,20.2,40,32700.25
Pakistan,28-07-2017,33.8,24.8,28.4,0.6,18.8,40.7,33799.07
Pakistan,29-07-2017,29,21.4,25.5,10.6,15.3,33.5,20227.48
Pakistan,30-07-2017,30.4,22.4,25.9,0.5,15.6,31,39426.93
Pakistan,31-07-2017,32.4,22.7,27,0,18.7,36.4,39904.25
Pakistan,01-08-2017,33.9,23.1,27.6,0,20.1,38.2,39920.48
Pakistan,02-08-2017,35.2,22.1,28.2,0,25.1,47.5,41332.43
Pakistan,03-08-2017,36.3,22.4,29.1,0,25.6,48.6,41499.21
Pakistan,04-08-2017,37.3,23.1,29.5,0,24.4,49.7,40698.5
Pakistan,05-08-2017,34.2,24.2,28.9,1.3,19.9,39.2,40430.15
Pakistan,06-08-2017,34.8,24,28.9,0,21.7,43.9,40755.46
Pakistan,07-08-2017,35.6,24.4,29.4,0,17,41,40617.98
Pakistan,08-08-2017,34.5,24,28.6,0.4,19.4,39.2,40169.23
Pakistan,09-08-2017,34.6,23.5,28.6,0.3,21,43.6,40402.06
Pakistan,10-08-2017,35.1,23.3,28.9,0,24.5,47.2,40507.42
Pakistan,11-08-2017,36.6,23.3,29.3,0,24.6,50,40817.67
Pakistan,12-08-2017,36.5,23,29.3,0,22,45,41122.84
Pakistan,13-08-2017,35.3,23.4,28.5,0.1,30.5,59.4,39242.26
Pakistan,14-08-2017,28.4,22.8,25.1,2.5,19.6,38.9,39824.4
Pakistan,15-08-2017,31.9,21.1,26,0.1,21.4,40.7,38219.99
Pakistan,16-08-2017,35.3,20.7,28.3,0,21.8,45.7,41303.73
Pakistan,17-08-2017,36.7,21.3,29.2,0,18.9,38.2,41310.32
Pakistan,18-08-2017,36.7,22,29.6,0,25.9,50.4,40773.11
Pakistan,19-08-2017,34.9,22.4,28.9,0,19.5,38.9,40510.71
Pakistan,20-08-2017,32.9,23.7,28.2,0,18.1,34.2,39803.18
Pakistan,21-08-2017,34,23.1,28.1,0,19.5,38.9,40293.9
Pakistan,22-08-2017,34.1,23.9,28.1,0,23,47.9,38712.36
Pakistan,23-08-2017,33.7,23.7,27.5,0.2,25.6,50.4,36781.16
Pakistan,24-08-2017,34.8,22.2,27.7,0,23.1,46.8,40322.75
Pakistan,25-08-2017,34.5,22.1,27.5,0.7,27,52.2,40305.3
Pakistan,26-08-2017,31.4,22.7,25.6,2.6,20.9,48.2,40170.79
Pakistan,27-08-2017,31.8,21.5,25.7,0,30.2,59.4,39902.03
Pakistan,28-08-2017,32.2,22.1,26.4,0,25.8,52.9,36538.02
Pakistan,29-08-2017,29.4,21.3,25.3,1.2,19.6,41.4,39162.58
Pakistan,30-08-2017,30.3,21.1,24.9,0.6,24.8,47.5,39150.43
Pakistan,31-08-2017,29.4,21.5,24.8,0.3,21.8,44.3,37935.3
Pakistan,01-09-2017,32.7,20.7,25.6,0.1,20.6,43.6,39796.5
Pakistan,02-09-2017,32.3,21.8,25.9,1,23.3,46.8,39600
Pakistan,03-09-2017,32.3,21.7,26,0.2,25.5,51.8,38639.92
Pakistan,04-09-2017,33,21.2,26.2,0,24.5,49.3,38250.23
Pakistan,05-09-2017,33.6,20.4,26.6,0,20.8,40,39692.4
Pakistan,06-09-2017,32.6,21.3,25.9,0,28.7,53.3,39950.66
Pakistan,07-09-2017,32,20.6,25.5,0.1,21.5,54.7,39705.38
Pakistan,08-09-2017,31.8,19.4,25.4,0,19.9,38.5,39959.04
Pakistan,09-09-2017,33,20.2,26.4,0,17.2,34.2,39963.02
Pakistan,10-09-2017,33.5,20.8,26.9,0,24.7,46.8,39845.39
Pakistan,11-09-2017,31.7,20.9,25.5,0.4,22.6,45.7,36670.68
Pakistan,12-09-2017,31.9,20,25.7,0,22.7,48.2,39854.9
Pakistan,13-09-2017,33,20.7,26.3,0,24.8,47.9,39859.45
Pakistan,14-09-2017,28.5,20,24.1,0.7,27.7,54.4,39747
Pakistan,15-09-2017,28.4,18,23,1.5,15.5,33.5,39868.14
Pakistan,16-09-2017,29.5,17.7,23.8,0,15.2,33.1,39757.81
Pakistan,17-09-2017,31.3,18.6,24.6,0,15,30.6,39763.02
Pakistan,18-09-2017,32.2,18.8,25.6,0,12.8,29.2,39880.09
Pakistan,19-09-2017,32.3,16.7,25.3,0,16,30.6,39883.75
Pakistan,20-09-2017,31.8,17.3,25.2,0,16.5,33.5,39818.02
Pakistan,21-09-2017,31.2,16.9,24.7,0,15.3,31.7,39637.05
Pakistan,22-09-2017,30.6,18,25.1,0,19.1,37.8,39458.97
Pakistan,23-09-2017,31.3,17.5,25.1,0,13.6,28.8,39494.51
Pakistan,24-09-2017,31.5,17.1,25.3,0,17.7,35.3,39319.91
Pakistan,25-09-2017,31.8,18.2,25.5,0,16.1,33.8,39251.03
Pakistan,26-09-2017,32.2,17.1,25,0,13.6,29.5,39182.52
Pakistan,27-09-2017,32.1,17,25.1,0,13.9,28.8,39113.43
Pakistan,28-09-2017,32.4,17.5,25.1,0,15.6,31.3,39043.72
Pakistan,29-09-2017,32.3,18,25.3,0,16,32,38877.47
Pakistan,30-09-2017,32.8,18.2,25.5,0,15.1,30.2,38808.43
Pakistan,01-10-2017,32.8,18.6,25.9,0,20.1,40.3,38739.05
Pakistan,02-10-2017,32.2,16.8,24.8,0,15.3,31.3,38669.41
Pakistan,03-10-2017,31.2,18.2,24.6,0,17.4,35.6,38555.59
Pakistan,04-10-2017,30.1,17.8,24,0,13.8,26.6,38373.64
Pakistan,05-10-2017,30.9,18.1,24.5,0,16,32,38084.69
Pakistan,06-10-2017,30.3,17.6,24.4,0,14.1,29.5,37802.39
Pakistan,07-10-2017,31.4,19,25.2,0,14.2,28.8,37659.8
Pakistan,08-10-2017,30.2,16.9,23.8,0,13.2,29.2,37781.26
Pakistan,09-10-2017,29.7,16.7,23.5,0,12.3,28.1,37383.37
Pakistan,10-10-2017,29.7,16,23,0,14.4,29.2,37375.84
Pakistan,11-10-2017,29.6,14.6,22.6,0,14,27.7,37366.9
Pakistan,12-10-2017,29.5,15.7,23.3,0,17.3,33.5,37113.92
Pakistan,13-10-2017,29.2,16.2,23.4,0,14.9,31.7,36988.17
Pakistan,14-10-2017,29.8,14.6,22.7,0,15.6,31.7,36866.07
Pakistan,15-10-2017,29.7,13.9,22.3,0,18.4,37.4,36747.75
Pakistan,16-10-2017,29.4,15,21.9,0,12.6,26.6,36744.6
Pakistan,17-10-2017,30.6,12.3,22.1,0,15.7,31.3,36631.61
Pakistan,18-10-2017,30.6,13.8,23.1,0,15,28.1,36522.77
Pakistan,19-10-2017,30,14.9,22.7,0,20.1,40.7,36418.33
Pakistan,20-10-2017,27.8,14.3,20.9,0,15.6,32,36318.48
Pakistan,21-10-2017,26.8,13.2,20,0,17.1,34.9,36223.44
Pakistan,22-10-2017,26,11.6,19.1,0,23.6,48.2,36227.45
Pakistan,23-10-2017,26.4,11.8,18.9,0,16.3,34.9,36139.55
Pakistan,24-10-2017,27.2,11.3,19.7,0,15.6,32.4,36057.05
Pakistan,25-10-2017,26.8,10.5,18.9,0,13.6,27,36064.43
Pakistan,26-10-2017,26.2,10.3,18.4,0,16.3,33.5,36000
Pakistan,27-10-2017,25.2,11.2,18.3,0,14.3,26.6,36000
Pakistan,28-10-2017,26.2,10.9,18.6,0,14.9,29.5,36000
Pakistan,29-10-2017,25.7,10.6,18.4,0,13.1,25.9,36000
Pakistan,30-10-2017,24.9,11.4,18.8,0,15.1,31.3,36000
Pakistan,31-10-2017,26,11.1,18.9,0,15.5,31.3,35954.29
Pakistan,01-11-2017,24.9,10.9,18.2,0,15.8,32,35905.1
Pakistan,02-11-2017,25.3,11.6,18.6,0,14.2,28.8,35855.63
Pakistan,03-11-2017,25.9,10.4,18.6,0,13.7,27,35805.88
Pakistan,04-11-2017,23.9,9.5,17.4,0,12.3,26.6,35755.89
Pakistan,05-11-2017,24.3,10.4,17.8,0,11.7,25.6,35705.67
Pakistan,06-11-2017,25.9,10,18.1,0,12.9,25.2,35654.93
Pakistan,07-11-2017,25.9,9.3,17.9,0,12.1,27,35603.53
Pakistan,08-11-2017,23.7,9.4,17.3,0,13.8,27.4,35551.53
Pakistan,09-11-2017,23.4,9.4,16.8,0,12.5,25.2,35498.99
Pakistan,10-11-2017,21.9,9.2,16.4,0,14.3,30.6,35445.98
Pakistan,11-11-2017,21.3,10.2,16.2,0,12.9,24.8,33290.82
Pakistan,12-11-2017,21,8.9,15.3,0,12.7,25.9,35338.84
Pakistan,13-11-2017,15.6,9.8,12.3,17.1,15.5,41.8,13106.16
Pakistan,14-11-2017,15.6,7.4,11,0.9,16.4,31.3,35230.66
Pakistan,15-11-2017,14.4,6.1,10,0,14.3,27.4,35176.37
Pakistan,16-11-2017,13.4,5.4,9.1,0.1,10.9,22,35016.6
Pakistan,17-11-2017,13.3,4.4,8.4,0.5,17.7,32.8,35062.32
Pakistan,18-11-2017,14.7,3.5,8.4,0,16.5,33.5,34978.78
Pakistan,19-11-2017,15.4,3.3,8.9,0,12.4,26.6,34897.06
Pakistan,20-11-2017,15.5,2.7,9.1,0,11.7,23,34817.3
Pakistan,21-11-2017,16.1,2.9,9.3,0,10.9,23.4,34739.65
Pakistan,22-11-2017,16.5,1.9,9.8,0,12.6,22.7,31199.5
Pakistan,23-11-2017,17.7,4.1,11.2,0,9.2,20.9,34591.18
Pakistan,24-11-2017,18.6,4.4,11.7,0,13.8,28.4,34520.63
Pakistan,25-11-2017,18.1,4.9,11.7,0,12.2,24.5,34452.72
Pakistan,26-11-2017,18.9,5.4,12.2,0,12.9,27.4,34386.82
Pakistan,27-11-2017,19.3,4.2,11.3,0,13.8,27,34245.46
Pakistan,28-11-2017,19.1,4.3,11.6,0,11,22.7,34220.09
Pakistan,29-11-2017,18,5.9,11.6,0,13.9,28.8,34062.7
Pakistan,30-11-2017,17.1,4.7,11.2,0,11.7,23.4,34040.64
Pakistan,01-12-2017,18.3,3.7,11.3,0,11.8,22.7,33890.3
Pakistan,02-12-2017,18.6,3.5,11.7,0,9.7,19.1,33744.59
Pakistan,03-12-2017,17.1,3.3,9.9,0,16,32.8,33603.6
Pakistan,04-12-2017,12.1,1.7,6.8,0,15.7,31.7,33713.73
Pakistan,05-12-2017,12.1,-1.3,4.8,0,15.4,31.7,33699.59
Pakistan,06-12-2017,14.3,-0.8,6.6,0,14.1,25.9,33448.19
Pakistan,07-12-2017,16.7,0.4,8.2,0,10.9,22,33439.97
Pakistan,08-12-2017,17.8,-0.1,9.3,0,12.1,20.2,33202.87
Pakistan,09-12-2017,18.5,2.3,9.9,0,11.3,18.7,31694.15
Pakistan,10-12-2017,14.6,0.9,8.1,0.9,12.1,22.7,31833.82
Pakistan,11-12-2017,11.8,4.7,8,0.2,12.1,23.8,32221.26
Pakistan,12-12-2017,11.6,-0.2,5.5,0,10.9,23,32987.86
Pakistan,13-12-2017,9.8,1.1,5.6,0,10.9,21.2,32784.95
Pakistan,14-12-2017,9.5,-1.4,4,0,12.9,28.1,32488.33
Pakistan,15-12-2017,9.8,-1.9,4.4,0,8.8,18.7,32809.57
Pakistan,16-12-2017,13.5,-0.8,6.1,0,11.6,20.9,32824.36
Pakistan,17-12-2017,15.7,0.7,8.7,0,11.3,18.7,32355.58
Pakistan,18-12-2017,16.4,2.7,9.3,0,11.6,20.2,32383.38
Pakistan,19-12-2017,16,3.4,9.9,0,13.7,27.7,28117.91
Pakistan,20-12-2017,16.8,3.2,10.5,0.2,10.5,21.6,32626.81
Pakistan,21-12-2017,17.6,4.1,10.2,0,14.7,31,32655.64
Pakistan,22-12-2017,17.5,2.8,10.2,0,12.2,23.8,32657.44
Pakistan,23-12-2017,18.3,4.3,11,0,15.8,33.8,32570.15
Pakistan,24-12-2017,17.8,3.5,10.1,0,18.8,38.2,32570.51
Pakistan,25-12-2017,18,2.7,10.1,0,14.5,29.2,32570.64
Pakistan,26-12-2017,18.8,3.4,11.5,0,13.5,28.1,32489.34
Pakistan,27-12-2017,20.6,5,12.4,0,12.1,26.3,31084.18
Pakistan,28-12-2017,17.1,3.9,9.7,0,20.5,40.7,32570.04
Pakistan,29-12-2017,15.7,0.5,7.7,0,11.9,21.6,32569.59
Pakistan,30-12-2017,15.9,0.7,7.8,0,12.6,23,32334.48
Pakistan,31-12-2017,15.3,0.5,8,0,12,21.2,32493.71
Pakistan,01-01-2018,15.4,-0.3,7.8,0,11.9,22,32494.08
Pakistan,02-01-2018,15.3,-0.7,7.5,0,17.4,34.9,32494.34
Pakistan,03-01-2018,13.3,0.4,8,0,15,32.4,32422.18
Pakistan,04-01-2018,12.7,1,7.3,0.5,11.1,34.2,32400
Pakistan,05-01-2018,12.7,-0.1,6.4,0,12.2,25.6,32423.22
Pakistan,06-01-2018,12.2,-1.2,5.9,0,11.2,23.4,32423.48
Pakistan,07-01-2018,15.1,-0.1,7.5,0,12.8,26.3,32423.57
Pakistan,08-01-2018,15.7,0.1,8.7,0,12.7,25.2,32452.56
Pakistan,09-01-2018,15.4,1,8.8,0,11.7,24.1,32448.02
Pakistan,10-01-2018,15.8,1.9,9.6,0,10.5,19.1,32442.54
Pakistan,11-01-2018,15.3,1.8,9.3,0,12.4,25.6,31070.91
Pakistan,12-01-2018,17,4.1,10.1,0,16.5,35.3,32566.92
Pakistan,13-01-2018,17.8,0.4,9.5,0,11.2,22.3,32658.87
Pakistan,14-01-2018,19.4,1.4,10.3,0,15.8,33.1,32743.16
Pakistan,15-01-2018,17.4,-0.2,8.9,0,18.4,36.7,32832.8
Pakistan,16-01-2018,17,1.9,10.6,0,16.1,33.1,32835
Pakistan,17-01-2018,14.8,3.4,9.3,0,17.3,36,32836.08
Pakistan,18-01-2018,15.3,1.2,8.5,0,13.6,25.2,32845.66
Pakistan,19-01-2018,16.8,0.4,9,0,17.7,36.4,33037.56
Pakistan,20-01-2018,16.6,0.7,8.6,0,13.3,23,33144.82
Pakistan,21-01-2018,17.4,0,9.3,0,12,22,33335.11
Pakistan,22-01-2018,15,1.2,8.8,2.5,14.6,27.4,32482.9
Pakistan,23-01-2018,15.2,2,8.1,0,18.8,38.9,33377.89
Pakistan,24-01-2018,15,0.2,7.5,0,20.6,41.4,33269.38
Pakistan,25-01-2018,17.1,-0.6,9.2,0,19.6,39.6,33588.27
Pakistan,26-01-2018,17.4,1.9,9.3,0,16.1,33.1,33594.74
Pakistan,27-01-2018,16.3,0.4,8.6,0,12.5,23.4,33238.07
Pakistan,28-01-2018,16.3,2.2,10.1,0,17.1,35.6,33080.6
Pakistan,29-01-2018,16.3,5.6,10.2,0,22,44.3,31183.66
Pakistan,30-01-2018,17.1,4.9,11.1,0,14.2,29.2,33457.43
Pakistan,31-01-2018,15,5,10.1,0,22.1,45.4,24944.5
Pakistan,01-02-2018,14.7,3.9,9.1,0,18.7,37.4,34788.79
Pakistan,02-02-2018,15.5,-0.3,7.3,0,16.9,33.5,34943.34
Pakistan,03-02-2018,15.8,0.3,7.7,0,17.1,36.4,34999.8
Pakistan,04-02-2018,14.4,-0.2,7.3,0,13.8,29.2,33216.73
Pakistan,05-02-2018,15.4,-0.6,7.9,0,15.6,32,35110.41
Pakistan,06-02-2018,14.8,-0.1,7.8,0,14.5,31.3,35379.14
Pakistan,07-02-2018,15.7,0,8,0,22.3,42.8,35373.42
Pakistan,08-02-2018,14.5,1.9,8.5,0,11.8,29.2,35158.08
Pakistan,09-02-2018,14.1,1.4,8.5,0.1,13.7,25.9,28946.02
Pakistan,10-02-2018,14.4,4.5,8.8,1,25.1,50,27672.68
Pakistan,11-02-2018,9.8,4.9,6.7,7.4,23.8,48.2,7818.19
Pakistan,12-02-2018,11.8,2.9,7.1,0.4,27.2,53.6,35465.7
Pakistan,13-02-2018,14.5,1.2,7.8,0,17.1,33.5,33986.38
Pakistan,14-02-2018,14.3,3.2,8.4,0,20.9,41.4,33402.82
Pakistan,15-02-2018,17.4,5.8,11.1,0,15,31,36099.38
Pakistan,16-02-2018,21.5,5.7,13.5,0,24.9,47.9,36402.88
Pakistan,17-02-2018,21.2,5.6,13.4,0,25,49.7,36841.21
Pakistan,18-02-2018,22.8,5.9,14.3,0,22,43.6,34639.02
Pakistan,19-02-2018,22,6.8,15.1,0,15.5,32.4,34590.78
Pakistan,20-02-2018,22.5,11.5,16.3,1.1,25.5,50.8,35506.86
Pakistan,21-02-2018,21.2,8,15.3,0,13.6,28.1,37197.54
Pakistan,22-02-2018,21.4,6.6,15,0,19,38.5,35687.84
Pakistan,23-02-2018,14.2,9.7,11.9,17.4,13.4,38.5,0
Pakistan,24-02-2018,16.3,7.6,11.8,1.2,15.5,30.2,37494.66
Pakistan,25-02-2018,18.4,6.2,11.8,0,15.3,31.3,33789.39
Pakistan,26-02-2018,18.3,8.8,12.9,0,19.3,37.4,29298.38
Pakistan,27-02-2018,19.8,7.3,13.7,0,12.4,25.6,35348.89
Pakistan,28-02-2018,19.4,8.8,14.5,6.1,27.4,52.2,34609.41
Pakistan,01-03-2018,17.5,9.6,12.8,6.5,26.5,54.7,20526.87
Pakistan,02-03-2018,18.6,9.5,14,0,19.3,38.2,37211.29
Pakistan,03-03-2018,18.4,10.4,13.8,0,19.1,37.1,30237.77
Pakistan,04-03-2018,18.8,5.7,12.4,0,17.1,33.8,39033.67
Pakistan,05-03-2018,21,5.7,13.5,0,17.1,32.8,39101.21
Pakistan,06-03-2018,21.8,5.8,14.3,0,18.9,36,39169.41
Pakistan,07-03-2018,22.8,7.6,16.1,0.3,19.8,39.6,36393.81
Pakistan,08-03-2018,21.7,8.8,15.3,3.5,19.2,39.6,30520
Pakistan,09-03-2018,21.9,8.9,15.6,0.7,25,49.3,33621.95
Pakistan,10-03-2018,22.5,9.2,16.3,0,16.1,35.6,39451.7
Pakistan,11-03-2018,23.3,11.6,18,0.7,21.9,43.6,39524.15
Pakistan,12-03-2018,26.1,14.3,19.7,0,23.7,46.4,39597.16
Pakistan,13-03-2018,25.4,15,19.6,0.6,25.6,51.5,39600
Pakistan,14-03-2018,22.2,11.3,17.4,1.6,23,46.8,38811.33
Pakistan,15-03-2018,22.4,7.9,15.6,0,19,38.5,39600
Pakistan,16-03-2018,22.6,8.4,16,0,17.4,36,39600
Pakistan,17-03-2018,23.7,8.1,16.6,0,19.8,40.7,39600
Pakistan,18-03-2018,23.4,11.5,17.5,1.2,27.8,58,37466.46
Pakistan,19-03-2018,22.3,13,16.3,1.2,28.1,58,39600
Pakistan,20-03-2018,18,9.7,12.5,15.2,14.4,36.4,33338.9
Pakistan,21-03-2018,18.9,9.3,13.9,0,19.1,37.1,38183.3
Pakistan,22-03-2018,21,8.1,14.8,0,13.1,28.8,39600
Pakistan,23-03-2018,22.6,8.3,16.4,0,13.8,30.6,39600
Pakistan,24-03-2018,25.5,9.3,18.1,0,14.7,33.8,39600
Pakistan,25-03-2018,27.4,9.9,19.3,0,13.3,29.5,39600
Pakistan,26-03-2018,29.4,11.4,21,0,13.6,29.2,39600
Pakistan,27-03-2018,30.4,12.6,21.8,0,24.7,49,39600
Pakistan,28-03-2018,29.6,13.4,22.2,0,17.8,37.1,39600
Pakistan,29-03-2018,30.4,13,22.5,0,26.9,54,39629.96
Pakistan,30-03-2018,31.1,16.1,24.3,0,17.7,37.4,39618.06
Pakistan,31-03-2018,31.7,14.7,23.9,0,14.5,31.7,39704.77
Pakistan,01-04-2018,32.4,16.3,24.5,0,18,36.7,39694.29
Pakistan,02-04-2018,29.3,16.9,22.7,0.6,18.4,35.3,20829.63
Pakistan,03-04-2018,29.1,16.3,22.9,0,23.9,44.6,39779.53
Pakistan,04-04-2018,27.1,16.1,21.2,1.8,14.3,40.3,29628.21
Pakistan,05-04-2018,25.4,14,20.1,4.1,17.3,37.1,39548.54
Pakistan,06-04-2018,26.1,13.3,20.6,0.4,16.8,34.2,39981.21
Pakistan,07-04-2018,29,14.3,22.2,0.1,15.8,32,40093.8
Pakistan,08-04-2018,30.1,15.8,23.4,0.2,25.5,49.3,39888.54
Pakistan,09-04-2018,28.2,16.6,21.6,3.1,19.6,44.6,28415.17
Pakistan,10-04-2018,26.7,16.9,21.3,1.3,24,47.2,39600
Pakistan,11-04-2018,27.5,14,20.7,0,18.3,37.8,40583.68
Pakistan,12-04-2018,26.7,12.8,20.2,0,20.4,38.9,37485.19
Pakistan,13-04-2018,25.6,15.7,20.2,0,22,43.6,25783.31
Pakistan,14-04-2018,25.9,13.3,20.1,0.2,26.7,53.3,39703.22
Pakistan,15-04-2018,26.5,13.6,19.9,2,20.7,43.6,24584.08
Pakistan,16-04-2018,24,13.1,18.8,0.9,23.5,50,41061.66
Pakistan,17-04-2018,25.5,12,18.9,2.2,18.8,40.7,41310.3
Pakistan,18-04-2018,25.8,12.9,19.4,1.3,23.2,47.2,41308.43
Pakistan,19-04-2018,23.6,11.3,17.9,1.9,30.1,62.6,41737.8
Pakistan,20-04-2018,22.4,10.5,15.7,1.3,33,64.1,42117.87
Pakistan,21-04-2018,23.8,7.9,16.3,0,13.8,32.8,42564.53
Pakistan,22-04-2018,26.7,9.4,19,0,15,29.2,42692.44
Pakistan,23-04-2018,30.3,12.4,22.4,0,14.5,31,42730.98
Pakistan,24-04-2018,32.1,15,24.9,0,24.3,46.8,42739.03
Pakistan,25-04-2018,32.8,17.3,25.8,0,32.6,63.4,43022.79
Pakistan,26-04-2018,33.7,16.4,25.8,0,24.3,52.6,39360.32
Pakistan,27-04-2018,32.5,19.3,26.8,0,19.4,40.3,43039.69
Pakistan,28-04-2018,32.8,19.5,27.3,0,18,38.2,43302.89
Pakistan,29-04-2018,34.9,18.5,27.4,0,19.8,41.4,43354.55
Pakistan,30-04-2018,35.2,19.4,28.2,0,23,46.4,42308.27
Pakistan,01-05-2018,34.6,19.5,28.3,0,15.8,33.8,42970.95
Pakistan,02-05-2018,34.6,20.2,28.2,0,26.2,52.9,41933.45
Pakistan,03-05-2018,31.8,18.3,25.8,0,18.1,38.9,43071.12
Pakistan,04-05-2018,31.3,19.2,25.3,0,19.1,40,42194.51
Pakistan,05-05-2018,29.8,18,24.7,3.2,23.4,55.1,43905.82
Pakistan,06-05-2018,30,19.2,23.9,0.9,22.8,49.3,43225.07
Pakistan,07-05-2018,28,16.3,22.3,0.8,20.9,51.8,38060.02
Pakistan,08-05-2018,28.4,15.7,22.5,0,20,39.6,43934.25
Pakistan,09-05-2018,31.1,14.7,24,0,15.5,31,44354.19
Pakistan,10-05-2018,33.8,16.7,26.4,0,21.8,41.4,39505.15
Pakistan,11-05-2018,34.6,23.9,28.5,0,21.8,42.5,40209.55
Pakistan,12-05-2018,31.5,19.5,26.5,0.7,28.3,53.3,38478.29
Pakistan,13-05-2018,29.4,18.7,24.6,5.2,20.7,50,43530.59
Pakistan,14-05-2018,31.8,18.9,25.4,0.1,28.1,57.6,43050.8
Pakistan,15-05-2018,31.5,19.8,25.8,0,28.3,55.1,43281.93
Pakistan,16-05-2018,29.9,17.2,24.1,0.4,24.6,50.4,44208.29
Pakistan,17-05-2018,27.9,18.4,23.4,5.1,16.7,40,41148.65
Pakistan,18-05-2018,29.5,15.9,23.4,0,25.3,47.5,42263.85
Pakistan,19-05-2018,29.4,15.8,23.2,0,29.3,55.4,44809.97
Pakistan,20-05-2018,29.4,15.5,23.3,0,23.7,47.2,44812.06
Pakistan,21-05-2018,29.9,16.6,23.8,0,22.1,44.6,44967.46
Pakistan,22-05-2018,30.6,16.2,24.4,0,21.4,42.1,45279
Pakistan,23-05-2018,31.9,15.9,25,0,17.6,36.4,45127.84
Pakistan,24-05-2018,32.6,17.4,26.4,0,16.8,36,44974.64
Pakistan,25-05-2018,33.8,18.9,27.8,0,19.5,40.3,44819.48
Pakistan,26-05-2018,33,17.8,26.8,0,21,45.4,45136.41
Pakistan,27-05-2018,34,18,27.4,0,16.2,33.1,45138.86
Pakistan,28-05-2018,35.7,18.6,28.8,0,20.3,42.8,45141.11
Pakistan,29-05-2018,35.5,21.8,29.7,0,22.2,45,45143.15
Pakistan,30-05-2018,36.3,22.5,30.2,0,22,43.9,45144.98
Pakistan,31-05-2018,37.5,23.1,30.6,0,21.7,41.8,45308.77
Pakistan,01-06-2018,38,22.5,31.3,0,17.4,36.4,45310.98
Pakistan,02-06-2018,39.3,22.5,31.7,0,21.2,42.5,45312.99
Pakistan,03-06-2018,39.2,23.9,32.3,0,21.2,42.5,45150.39
Pakistan,04-06-2018,39.3,24.8,32.6,0,25.3,51.8,45151.28
Pakistan,05-06-2018,38.8,25.8,32.4,0,27,54.4,44354.51
Pakistan,06-06-2018,37.6,25.1,31.9,0,20.8,41,44470.79
Pakistan,07-06-2018,39.6,25.8,32.4,0,18.8,39.6,45267.23
Pakistan,08-06-2018,37.5,26.7,31.7,0,27.3,55.8,43622.78
Pakistan,09-06-2018,37.8,26.7,31.3,0.7,31.1,60.8,44829.45
Pakistan,10-06-2018,34,21.8,28.6,0,22.3,44.6,44295.19
Pakistan,11-06-2018,38.9,23,31.2,0,34.8,67.7,45436.55
Pakistan,12-06-2018,39.5,22.7,31.8,0,25.8,52.2,41726.92
Pakistan,13-06-2018,39.3,22.4,31.9,0,20.4,40,44642.03
Pakistan,14-06-2018,40.8,24.9,33.6,0,31.4,59.8,45660.04
Pakistan,15-06-2018,39.8,27.4,33.2,0,19.6,44.6,45768.95
Pakistan,16-06-2018,36.8,24.7,30.8,0,24.4,49,44845.11
Pakistan,17-06-2018,38.7,24,29.9,3.6,29.3,57.6,39141.77
Pakistan,18-06-2018,31.4,21.5,26.1,3.8,27.4,52.9,40355.46
Pakistan,19-06-2018,33.9,21.4,27.2,0,28.5,53.6,43136.56
Pakistan,20-06-2018,36.4,22.5,29.4,0,26.1,50,44246.96
Pakistan,21-06-2018,35.3,22.9,29.4,0,24.5,48.6,43809.85
Pakistan,22-06-2018,33.9,23.8,29.7,0.1,24,49.3,43457.4
Pakistan,23-06-2018,33.5,23.2,28.9,0.1,24.4,48.2,43652.79
Pakistan,24-06-2018,36.3,23.1,29.6,0,23.2,44.6,44285.15
Pakistan,25-06-2018,34.3,20.6,27.9,1.8,32.4,60.5,43392.38
Pakistan,26-06-2018,35.6,22.8,28.4,1.7,27.3,55.4,35556.23
Pakistan,27-06-2018,31.8,23.1,27.6,0,23.7,47.2,37745.86
Pakistan,28-06-2018,31.4,21.6,26.4,0,20.2,38.2,41786.68
Pakistan,29-06-2018,31.7,22,26.7,0,21.5,43.9,42059.61
Pakistan,30-06-2018,34.5,21.7,27.3,0,24.2,46.4,40643.74
Pakistan,01-07-2018,36.9,23.8,29.6,0,26.7,51.5,40327.83
Pakistan,02-07-2018,38.5,24.1,31.2,0,28.2,55.4,43704.95
Pakistan,03-07-2018,38.5,24,30.7,2.6,25.1,50.4,43103.47
Pakistan,04-07-2018,34.9,21.6,27.9,6.7,26.2,54.7,40673.36
Pakistan,05-07-2018,28.1,19.4,23.4,14.6,18.7,43.6,40599.08
Pakistan,06-07-2018,31.6,21,25.9,0,20.8,38.2,38626.86
Pakistan,07-07-2018,36,22,29,0,19.2,37.8,42117.46
Pakistan,08-07-2018,38.5,23.2,31.1,0,20.1,45.4,42472.12
Pakistan,09-07-2018,39.7,24.7,32.3,0,26.7,50.8,41552.83
Pakistan,10-07-2018,37.1,26.2,31.9,0,19.4,37.4,41764.64
Pakistan,11-07-2018,37.9,25.9,31.8,0,20,38.9,41962.02
Pakistan,12-07-2018,37.6,25.2,31,0,22.7,43.2,42162.66
Pakistan,13-07-2018,36.5,26.2,30.1,0.2,35.2,66.2,40384.25
Pakistan,14-07-2018,35.9,25.8,30.2,0.1,21.9,43.2,41125.92
Pakistan,15-07-2018,35.7,25.6,30.1,0.3,24.5,48.2,41318.24
Pakistan,16-07-2018,34.1,25.7,29.2,1.1,19.9,45,39118.47
Pakistan,17-07-2018,34.1,24.5,28.4,3.2,23.1,51.8,37552.51
Pakistan,18-07-2018,31.1,24.7,27.7,2.1,17.2,34.9,35826.03
Pakistan,19-07-2018,33.8,24.1,27.5,2.8,22.9,45.4,34867.73
Pakistan,20-07-2018,34,23.7,28,0,19.8,38.5,27743.28
Pakistan,21-07-2018,35.1,24.2,29.6,0,19.5,37.8,39524.04
Pakistan,22-07-2018,36.2,25.3,30.1,0,20,38.9,40233.14
Pakistan,23-07-2018,35.8,24.4,29.1,0,25.8,49.3,38046.4
Pakistan,24-07-2018,36,25.5,30.1,0,23.6,48.6,40922.57
Pakistan,25-07-2018,36.3,24.7,30.3,0,21.2,41,37438.44
Pakistan,26-07-2018,37.1,25,29.6,0,28.7,54.7,39759.53
Pakistan,27-07-2018,35.7,23.9,28.4,4.5,23.9,46.8,37279.12
Pakistan,28-07-2018,35.7,23.5,28.6,0,22.3,43.9,41128.45
Pakistan,29-07-2018,34.1,23.1,27.7,0,29.3,61.2,41131.27
Pakistan,30-07-2018,34.8,22.5,28.1,0,25.4,50,41626.43
Pakistan,31-07-2018,36.4,22.7,29.4,0,23.7,44.6,42111.39
Pakistan,01-08-2018,37.5,22.9,30.3,0,23.3,44.6,41957.66
Pakistan,02-08-2018,37,23.5,30,0,24.6,49.7,41962.34
Pakistan,03-08-2018,37.8,24,30.3,0,23.2,45,41966.85
Pakistan,04-08-2018,39.2,22.3,30.9,0,23.1,44.3,41662.86
Pakistan,05-08-2018,39.9,23.2,31.3,0,26,49.7,41822.29
Pakistan,06-08-2018,38.6,23,30.5,0,23.2,46.1,37212.18
Pakistan,07-08-2018,35.9,24.4,29.3,0,23.5,57.2,39494.5
Pakistan,08-08-2018,33.2,24.4,27.3,5,22.4,45.4,36287.88
Pakistan,09-08-2018,28.4,22.5,24.9,3.7,15.3,36.7,33729.75
Pakistan,10-08-2018,31.5,22.8,26.5,0,17.4,33.8,38635.23
Pakistan,11-08-2018,35.4,21.9,28,0,24.6,47.5,40807.95
Pakistan,12-08-2018,36.1,23,29.3,0,23.6,44.6,40498.16
Pakistan,13-08-2018,36.7,23.2,29.5,0,25,47.9,40987.2
Pakistan,14-08-2018,36.8,24.3,29.5,0,23.1,45,40560
Pakistan,15-08-2018,36.1,24.6,29.1,0.5,25.7,52.6,39829.41
Pakistan,16-08-2018,30.5,22.5,25.9,4.1,21.3,41.4,36681.77
Pakistan,17-08-2018,29.8,21.9,25.7,0.2,11.2,24.5,40173.59
Pakistan,18-08-2018,30.6,22.7,25.9,0.4,20,40,37195.65
Pakistan,19-08-2018,32.9,21.5,27,0,20.9,45,40219.27
Pakistan,20-08-2018,34.7,22.7,28.6,0,17,34.6,40379.46
Pakistan,21-08-2018,35.1,23.2,28.8,0,19.7,39.2,40239.63
Pakistan,22-08-2018,36,23.9,29.2,0,22.3,43.2,40269.51
Pakistan,23-08-2018,36.4,22.9,29.6,0,20.6,41,40565.84
Pakistan,24-08-2018,36.8,22.6,29.4,0,21.5,41.8,40440.06
Pakistan,25-08-2018,36.4,22,29.1,0,21.4,41,40474.11
Pakistan,26-08-2018,34.6,22.2,27.4,0,25.2,54.7,40285.21
Pakistan,27-08-2018,32.2,21.1,26.1,0.8,24.8,49.7,39605.19
Pakistan,28-08-2018,31.5,22,26.6,0.1,24.5,50,38792.57
Pakistan,29-08-2018,34.7,22.4,28.6,0,22,42.1,40180.05
Pakistan,30-08-2018,36.8,21.5,29,0,25,47.5,40316.58
Pakistan,31-08-2018,36.4,22.1,29.2,0,17.8,33.5,40318.62
Pakistan,01-09-2018,34.6,22.1,28,0,25,49,36298.43
Pakistan,02-09-2018,33.3,21.7,26.9,0,23,58.3,40061.74
Pakistan,03-09-2018,31.2,20.4,26.3,0.1,24.5,47.2,40065.43
Pakistan,04-09-2018,30.9,21.6,25.7,0.1,21.9,46.1,39384.48
Pakistan,05-09-2018,32.7,18.9,26.4,0,23.8,45.7,39945.25
Pakistan,06-09-2018,32.1,19.4,26.4,0,17,34.9,33685.59
Pakistan,07-09-2018,31.5,19.4,26.7,0,17.3,33.8,39661.5
Pakistan,08-09-2018,32.1,20.6,27.2,0,13.4,26.3,39957.93
Pakistan,09-09-2018,31.9,20.7,26.9,0,14.1,26.6,39867.17
Pakistan,10-09-2018,33.6,22.6,27.9,0,19.4,37.4,39843.98
Pakistan,11-09-2018,36.1,21.1,28.2,0,22.4,43.9,39969.49
Pakistan,12-09-2018,36.5,19.1,28.4,0,18.9,37.4,39973.07
Pakistan,13-09-2018,35.8,19.9,28.2,0,19.3,43.9,39976.52
Pakistan,14-09-2018,33.4,20.9,26.5,0.4,24.5,47.2,39862.6
Pakistan,15-09-2018,31.4,19.3,24.6,4.3,25.2,48.6,39750.92
Pakistan,16-09-2018,25.7,17.9,21.8,3.2,18.7,43.6,39641.52
Pakistan,17-09-2018,29.7,18.1,23.7,0,15.6,33.1,39600
Pakistan,18-09-2018,32.2,17.5,25.1,0,17.6,33.8,39766.79
Pakistan,19-09-2018,33.3,18.3,25.9,0,12.4,28.1,39771.82
Pakistan,20-09-2018,33.1,18,26.5,0,18.8,38.2,39729.08
Pakistan,21-09-2018,31.4,19.7,25.8,0,19.1,40,39551.49
Pakistan,22-09-2018,29.8,19.3,24.8,0,17.1,40.3,39482.81
Pakistan,23-09-2018,30.5,18.5,24.4,0,17.8,34.2,39413.65
Pakistan,24-09-2018,30.2,16.5,24.1,0,16.1,33.1,39343.73
Pakistan,25-09-2018,30.5,17.8,24.5,0,15.9,31.7,39273.26
Pakistan,26-09-2018,31,19.3,25,0,17.7,34.6,39202.32
Pakistan,27-09-2018,29,17.8,23.7,0.3,22.7,43.2,36462.9
Pakistan,28-09-2018,29.7,18.3,23.7,0,18,40.7,38583.54
Pakistan,29-09-2018,29.8,17.5,23.6,0,20.9,38.5,38743.57
Pakistan,30-09-2018,29.1,17.1,23.6,0,19.2,40,36804.59
Pakistan,01-10-2018,29.2,14.5,23,0,14.8,28.1,38750.63
Pakistan,02-10-2018,28.9,14.4,23,0,14.2,31.7,38643.42
Pakistan,03-10-2018,28.7,14.9,22.8,0,12.1,24.8,38567.91
Pakistan,04-10-2018,28.7,14.6,22.9,0,27.3,51.5,37121.99
Pakistan,05-10-2018,26.5,16,21.6,0,18.1,38.2,37262.64
Pakistan,06-10-2018,27.2,14.6,21.5,0,14.9,32.4,37939.24
Pakistan,07-10-2018,28.9,14.4,22.4,0,17.4,33.8,37794.59
Pakistan,08-10-2018,29.3,14.8,22.5,0,23.8,46.8,36735.25
Pakistan,09-10-2018,25.8,12.9,19.7,0,16.3,35.3,37642.79
Pakistan,10-10-2018,24.4,10.6,18.3,0,13.5,28.1,37504.77
Pakistan,11-10-2018,24.8,11.1,18.3,0,12,24.8,37369.89
Pakistan,12-10-2018,24.8,11.3,18.7,0,14.7,29.5,37116
Pakistan,13-10-2018,24.7,11,18.7,0,18.8,37.8,36989.93
Pakistan,14-10-2018,25.5,10.7,19.1,0,15,29.5,36867.4
Pakistan,15-10-2018,25.3,12.7,19.4,0,13.5,29.2,36748.58
Pakistan,16-10-2018,26,12.3,19.5,0,25.3,49.7,36000
Pakistan,17-10-2018,24.1,11.5,18.3,0,13.8,30.6,36632.21
Pakistan,18-10-2018,23.6,10.9,17.8,0,11.6,27,36522.95
Pakistan,19-10-2018,23.1,11.1,17.6,0,12,23,36418.13
Pakistan,20-10-2018,22.7,11.6,17.7,0.2,12,25.6,36015.98
Pakistan,21-10-2018,23.6,10.1,17.6,0,15.8,32.4,36125.02
Pakistan,22-10-2018,25.2,9.4,18,0,19.5,39.6,36037.86
Pakistan,23-10-2018,24.6,10.3,17.8,0,16.2,32,36000
Pakistan,24-10-2018,24.5,11.9,18.3,0,15.1,31.3,36000
Pakistan,25-10-2018,24,12.6,18.7,0.1,18.1,37.1,36000
Pakistan,26-10-2018,23.7,12.8,18.6,0.8,18.8,40.7,36000
Pakistan,27-10-2018,25.9,11.9,19.7,0,13.8,28.4,36000
Pakistan,28-10-2018,26.2,12,19.9,0,13.6,27.7,36000
Pakistan,29-10-2018,26.5,12.7,20.5,0,12.6,25.9,36000
Pakistan,30-10-2018,26.4,12.4,20.3,0,13.3,25.9,36000
Pakistan,31-10-2018,25.2,12.4,20.2,0,16.3,33.8,35969.96
Pakistan,01-11-2018,23.9,12.8,18.6,0,22.2,45,35921.02
Pakistan,02-11-2018,21.6,8.8,15.7,0,17.7,36.4,35871.41
Pakistan,03-11-2018,19.7,7.9,13.7,0,22.9,45.7,35821.18
Pakistan,04-11-2018,19.7,4.8,12.7,0,13.9,29.5,35770.38
Pakistan,05-11-2018,20.1,4.1,13.2,0,12.1,25.6,35719.06
Pakistan,06-11-2018,20.7,5.4,13.1,0,13.9,27.7,35667.27
Pakistan,07-11-2018,24.6,6.3,16.1,0,12.2,25.6,35615.05
Pakistan,08-11-2018,24.4,7.2,16.7,0,13.8,27,35562.5
Pakistan,09-11-2018,23.3,8.8,16.9,0,17.2,33.8,35509.62
Pakistan,10-11-2018,23.4,8,16.5,0,16.1,32,35456.5
Pakistan,11-11-2018,22.5,10.6,16.9,0,17.7,34.2,33129.55
Pakistan,12-11-2018,21.9,9.9,16.8,0,14.3,30.2,35349.77
Pakistan,13-11-2018,20.4,9.1,15.6,0,15.1,31.7,35296.27
Pakistan,14-11-2018,20,6.8,13.8,0,20.8,42.1,35242.77
Pakistan,15-11-2018,19.8,5.6,13.3,0,12.3,23.8,35189.32
Pakistan,16-11-2018,23.9,6.1,15.1,0,18.7,37.4,35135.99
Pakistan,17-11-2018,23.9,9.1,16.6,0,19.4,37.4,35080.11
Pakistan,18-11-2018,21.7,10.3,16.3,0,11.2,24.8,34998.03
Pakistan,19-11-2018,20.4,7.8,14.5,0,12,22.3,34918.19
Pakistan,20-11-2018,20.2,5.4,13.3,0,12.2,23.8,34840.68
Pakistan,21-11-2018,20.1,5,13.7,0,14,29.2,34764.81
Pakistan,22-11-2018,18.7,8.5,13.7,0.3,15.8,30.2,32654.76
Pakistan,23-11-2018,19.3,7.6,13.6,0,17.6,34.9,34617.05
Pakistan,24-11-2018,22,5.6,14,0,12.2,25.6,34545.37
Pakistan,25-11-2018,23.8,6.1,15.4,0,13.6,28.8,34475.27
Pakistan,26-11-2018,22.5,6.8,15.1,0,13.5,28.4,34406.87
Pakistan,27-11-2018,20.5,7.5,15,0,10.8,22.3,26429.79
Pakistan,28-11-2018,19.1,9.8,14.7,0,12.2,27,33958.41
Pakistan,29-11-2018,19.2,7.9,13.8,0,12,24.1,33803.47
Pakistan,30-11-2018,20.8,4.4,13,0,14.4,30.2,34152.23
Pakistan,01-12-2018,21.5,3.9,12.3,0,13.3,28.4,34024.21
Pakistan,02-12-2018,20,3.9,12,0,10.6,21.6,33747.91
Pakistan,03-12-2018,17.7,4.7,11.5,0,13.5,27.4,32978.58
Pakistan,04-12-2018,18.2,4.4,12.2,0,10.4,20.5,32850.97
Pakistan,05-12-2018,18.9,3.2,11.8,0,13.8,29.2,33335.6
Pakistan,06-12-2018,17.3,3.2,10.4,0,12.8,24.1,32491.31
Pakistan,07-12-2018,15.7,5.5,10.8,0,16.3,34.2,33203.04
Pakistan,08-12-2018,16,3.7,10.5,0,14.1,29.5,32968.19
Pakistan,09-12-2018,15,5.1,10.8,0.4,16,36.7,32742.42
Pakistan,10-12-2018,15.3,4.5,10,0.7,14.5,26.6,32860.46
Pakistan,11-12-2018,12.6,5.5,8.6,0,10.8,20.2,32208.96
Pakistan,12-12-2018,12.9,-0.3,6.9,0,10,23.4,32192.33
Pakistan,13-12-2018,13.1,-0.3,7,0,10.3,21.2,32884.1
Pakistan,14-12-2018,13.6,-1.2,7.2,0,9.9,18.7,32895.19
Pakistan,15-12-2018,14.4,-0.7,6.8,0,9.4,16.2,32806.17
Pakistan,16-12-2018,15.2,-1.3,7.4,0,11.2,18.7,32822.27
Pakistan,17-12-2018,17,-0.4,8.5,0,13.1,22,32839.79
Pakistan,18-12-2018,17.3,-0.1,9.1,0,11.9,19.4,32763.07
Pakistan,19-12-2018,17.8,0.6,9.7,0,12.1,20.9,32785.29
Pakistan,20-12-2018,16.7,1.9,8.3,0,14.8,31.3,32808.8
Pakistan,21-12-2018,15,-0.4,8,0,12.3,22.7,32743.72
Pakistan,22-12-2018,14.3,-0.6,7.4,0,12.8,26.3,32745.52
Pakistan,23-12-2018,13.1,-0.2,7.2,0,10.8,18.4,32656.37
Pakistan,24-12-2018,13.2,-0.7,6.4,0,10.5,20.9,32570.52
Pakistan,25-12-2018,12.9,-1.4,5.7,0,10.6,23.4,32653.56
Pakistan,26-12-2018,13.6,-1.8,6.6,0,27.4,54,32407.97
Pakistan,27-12-2018,15.6,0.2,7.1,0,13.8,29.5,32570.44
Pakistan,28-12-2018,14.9,-0.8,8,0,11.7,21.2,32570.13
Pakistan,29-12-2018,15.2,-0.2,8.3,0,12.5,26.3,32400
Pakistan,30-12-2018,15.5,1,9.2,0,9.7,17.3,32492.99
Pakistan,31-12-2018,16,0.7,8.9,0,10.6,19.4,32493.46
Pakistan,01-01-2019,14.9,6.7,10.5,0,17,34.9,31867.03
Pakistan,02-01-2019,15.1,0.7,8.1,0,13.6,28.4,32494.11
Pakistan,03-01-2019,14.1,0.1,8.4,0,15.8,33.1,29843.34
Pakistan,04-01-2019,13.6,4.6,9.2,0.1,24.4,48.2,31458.51
Pakistan,05-01-2019,13.1,1.7,7.6,0.1,14.4,32.4,32400
Pakistan,06-01-2019,12.9,-0.2,6.5,0,12.2,26.6,32423.04
Pakistan,07-01-2019,11.3,0.5,6.5,0,14.6,31,32053.71
Pakistan,08-01-2019,10.9,3.2,7.1,0,11.5,26.3,27373.32
Pakistan,09-01-2019,15.4,0.5,8.1,0,11.2,23,32448.69
Pakistan,10-01-2019,14.8,5.1,9.6,0,18.5,38.5,32423.02
Pakistan,11-01-2019,13,3.8,8.1,0,15.4,29.2,29166.75
Pakistan,12-01-2019,13,4.4,8.2,1.4,14.3,29.9,32487.55
Pakistan,13-01-2019,12.1,-1.8,4.9,0,15,30.2,32741.94
Pakistan,14-01-2019,13.9,-1.6,5.7,0,11.5,23.4,32657.32
Pakistan,15-01-2019,17.9,2.7,10.1,0,9.9,21.2,32400
Pakistan,16-01-2019,19.9,3.6,11.9,0,14.8,29.9,32669.49
Pakistan,17-01-2019,16.2,1,9.3,0.1,13.5,27.7,32836.15
Pakistan,18-01-2019,14.5,4.9,10.5,0.1,15.8,41,23185.75
Pakistan,19-01-2019,14.9,4.4,9.7,0,15,30.2,22178.09
Pakistan,20-01-2019,10.8,5.6,8.1,7.7,16.6,45.4,11882.19
Pakistan,21-01-2019,10.8,1.5,6.5,0.3,17.2,34.2,33147.91
Pakistan,22-01-2019,9.4,-1.9,3.7,0,14.3,30.2,33259.78
Pakistan,23-01-2019,9.2,-2.2,3.8,0,12.4,26.3,33456.78
Pakistan,24-01-2019,9.5,-2.6,3.4,0,12.5,24.5,33302.39
Pakistan,25-01-2019,9.1,-3.3,3.1,0,12.6,27,33701.39
Pakistan,26-01-2019,9.9,-3.1,4,0.7,13,24.8,30954.06
Pakistan,27-01-2019,10.4,-2.9,5,0.3,11.3,25.2,33561.15
Pakistan,28-01-2019,13.5,-1.7,6.2,0,13.7,27.7,33936.64
Pakistan,29-01-2019,14.3,1.3,8.2,0,16.3,33.8,33480.81
Pakistan,30-01-2019,8,4.6,7,17.3,16.1,40,0
Pakistan,31-01-2019,10.8,3,5.8,3.4,14.7,37.8,23562.05
Pakistan,01-02-2019,10.5,-0.2,5.1,0,9.2,20.5,34092.01
Pakistan,02-02-2019,11.6,-0.4,5.7,0,7.3,18.4,34162.4
Pakistan,03-02-2019,14.1,-0.1,7.2,0,10.2,18,34467.52
Pakistan,04-02-2019,13.8,3.3,8.4,0.1,12.5,27,25200
Pakistan,05-02-2019,13.1,4.3,8.3,2.1,16.4,34.6,34478.85
Pakistan,06-02-2019,9.2,0,4.4,0,22.7,44.6,35260.92
Pakistan,07-02-2019,9.8,-1.6,3.4,0,19.3,39.6,34880.54
Pakistan,08-02-2019,11.3,-1.7,4.5,0,22.5,43.2,35368.3
Pakistan,09-02-2019,13,-1.9,5.7,0,14.3,30.2,35533.09
Pakistan,10-02-2019,14.8,2.7,9.2,0,12.5,27.4,25200
Pakistan,11-02-2019,15.8,3.7,10.3,0,15.8,32.4,28429.87
Pakistan,12-02-2019,13.6,7.5,10,2.9,15.9,31.3,13441.45
Pakistan,13-02-2019,14.7,5.2,9.8,2.8,16.2,35.3,28974.31
Pakistan,14-02-2019,13.1,3.7,8.4,3,19.2,38.5,36279.43
Pakistan,15-02-2019,12.7,-0.4,6.4,0,15.5,32,36459.74
Pakistan,16-02-2019,14.6,-1.1,7.2,0,11.2,24.1,36642.67
Pakistan,17-02-2019,14.9,4,9.8,0.3,22.6,45.7,36384.48
Pakistan,18-02-2019,12.6,4,9,1.7,17.1,35.6,29781.5
Pakistan,19-02-2019,12.2,-0.4,6.9,1.2,18.6,36.4,26618.26
Pakistan,20-02-2019,11.1,5.8,8,20.3,23.2,45,1523.66
Pakistan,21-02-2019,10.5,2.3,6.9,0.2,23.2,46.1,37322.09
Pakistan,22-02-2019,12.5,-0.9,5.4,0,15.9,32,37892.5
Pakistan,23-02-2019,13.4,-0.4,6.5,0,12.6,23.4,37988
Pakistan,24-02-2019,14,0.4,7.4,0,20.4,43.2,38114.43
Pakistan,25-02-2019,12.5,0.3,6.4,0,20,39.2,38225.27
Pakistan,26-02-2019,11.5,-0.8,5.5,0,13.7,28.8,36655.49
Pakistan,27-02-2019,13.3,-0.3,6.4,0.1,21.4,41.8,38446.28
Pakistan,28-02-2019,14.8,-0.3,7.5,0.8,26.7,52.9,33844.5
Pakistan,01-03-2019,13.2,5.6,8.7,11.5,19.5,40,2560.81
Pakistan,02-03-2019,9.2,5.2,7,17.5,23,52.6,4011.16
Pakistan,03-03-2019,12.1,4.9,7.9,0.8,13.7,25.9,29370.01
Pakistan,04-03-2019,12.9,2.5,7.3,0,16.8,33.8,39001.78
Pakistan,05-03-2019,14.8,0.6,7.3,0,13.5,26.6,39079.78
Pakistan,06-03-2019,15.1,0.7,8.1,0,17.4,34.9,39150.26
Pakistan,07-03-2019,14.9,3.3,9.3,2,13.8,25.9,36992.95
Pakistan,08-03-2019,14.4,6.5,9.7,0.9,20.4,38.9,38161.23
Pakistan,09-03-2019,15.6,3.1,9.5,0,11,24.5,39365.49
Pakistan,10-03-2019,12.4,4.1,8.4,13.8,23.1,60.5,17074.73
Pakistan,11-03-2019,12.5,2.2,7.4,0.2,15.5,31,37047.79
Pakistan,12-03-2019,13.4,2.5,7.8,0,13.5,29.2,36851.69
Pakistan,13-03-2019,11.6,3.5,7.9,0.1,13,27,13843.26
Pakistan,14-03-2019,14.4,2.7,8.6,0.2,13.8,28.8,39600
Pakistan,15-03-2019,15.6,2.7,9.2,0,12,27.4,39600
Pakistan,16-03-2019,17.1,5.6,10.9,0.2,16.1,32.8,37049.14
Pakistan,17-03-2019,19.4,5.5,12.8,0,11.7,26.6,39600
Pakistan,18-03-2019,17.4,9.5,13.1,1.4,24.3,50,19358.73
Pakistan,19-03-2019,19,9.6,13.9,0.3,16.9,35.3,39600
Pakistan,20-03-2019,20,5.3,13.1,0,21.7,43.9,39600
Pakistan,21-03-2019,19.7,7,13.3,0,19,36.4,39600
Pakistan,22-03-2019,19.3,8.1,14.4,1.1,28.3,56.2,39600
Pakistan,23-03-2019,20.5,9.8,14.9,3.1,22.6,50.4,39600
Pakistan,24-03-2019,18.5,10,14.2,1.2,16.8,32.8,22965.13
Pakistan,25-03-2019,22.1,10.4,16.5,0.8,13.3,29.5,39600
Pakistan,26-03-2019,25.4,9.3,17.9,0,17.4,33.1,39600
Pakistan,27-03-2019,28.6,13.3,21.2,0,23.8,45,39600
Pakistan,28-03-2019,27.6,14.5,21.5,0,19.9,39.6,36889.7
Pakistan,29-03-2019,27.3,15.5,21.4,0,23.8,48.2,36034.65
Pakistan,30-03-2019,24.9,12.6,18.9,0,15.7,34.9,39620.53
Pakistan,31-03-2019,26.5,11.2,19.2,0,20.8,41.8,39706.66
Pakistan,01-04-2019,28.8,11.8,20.8,0,19.9,43.6,39696.29
Pakistan,02-04-2019,30.4,13.5,22.5,0,18.4,35.3,39511.42
Pakistan,03-04-2019,31.2,14.8,23.6,0,20.3,39.6,39781.32
Pakistan,04-04-2019,31.3,16.2,24.7,0,21.4,43.6,39771.41
Pakistan,05-04-2019,30.6,17.8,24.6,0,21.1,43.2,39874.75
Pakistan,06-04-2019,29.9,16.5,23.8,0,16.9,36.4,40099.35
Pakistan,07-04-2019,28.8,16,22.9,0.1,19.6,40.7,33321.09
Pakistan,08-04-2019,29.5,14.9,22.5,0,20.7,40.3,40211.48
Pakistan,09-04-2019,27.4,17.8,22.4,0,23.2,54.4,36484
Pakistan,10-04-2019,28.7,14.2,22,0,20.6,54.4,38823.15
Pakistan,11-04-2019,24.6,17.1,20.5,5.6,16.3,42.5,30215.47
Pakistan,12-04-2019,23.4,13.2,18.5,3.6,24.8,48.6,34602.48
Pakistan,13-04-2019,24.3,14.1,18.2,7.2,22.5,47.5,30765.31
Pakistan,14-04-2019,24.2,14.1,18.3,0.6,20.7,47.9,33277.26
Pakistan,15-04-2019,18.8,13.3,15.7,13.7,13.7,40.7,4079.98
Pakistan,16-04-2019,15.4,9.5,13,5.8,18.4,39.2,26007.53
Pakistan,17-04-2019,18.3,9.5,14,3,12.2,28.1,38189.03
Pakistan,18-04-2019,20.4,11.3,15.6,0.4,11.9,23.4,40201.59
Pakistan,19-04-2019,24,11.5,17.5,0,15,29.2,41572.38
Pakistan,20-04-2019,26,12.1,19.5,0.1,18.9,40,41579.3
Pakistan,21-04-2019,28.4,13.6,21.1,0,16.8,33.5,41768.79
Pakistan,22-04-2019,30.3,14.7,23.4,0,20.6,41,42006.89
Pakistan,23-04-2019,32.5,17.1,25.7,0,26.1,50.4,42038.33
Pakistan,24-04-2019,27.5,18.5,23.4,0.6,24.7,46.8,40675.75
Pakistan,25-04-2019,26,15.8,21.6,1.5,23.1,46.4,42591.9
Pakistan,26-04-2019,29.2,14,22.4,0,24.3,47.5,43029.89
Pakistan,27-04-2019,30.1,14.7,23.2,0,23.6,47.5,42816.24
Pakistan,28-04-2019,30.6,16,23.8,0,19.8,39.6,43416.42
Pakistan,29-04-2019,31.2,16.5,24.5,0,24.9,49,41213.09
Pakistan,30-04-2019,29.1,17.6,23.5,0,19.1,37.8,43186.47
Pakistan,01-05-2019,28.7,16.1,23,0,22,45,43567.54
Pakistan,02-05-2019,28.4,15.6,22.5,0,20,41.8,43880.14
Pakistan,03-05-2019,28,16.2,22.6,0,17.6,50.4,43796.55
Pakistan,04-05-2019,29.3,15.7,23.3,0,16.2,33.1,43978.64
Pakistan,05-05-2019,31.3,18.6,25.3,0,15.3,32.8,44162.07
Pakistan,06-05-2019,31.9,16.3,25.2,0,13.6,25.9,44209.74
Pakistan,07-05-2019,32.4,17.9,26.1,0,15.8,34.9,44351.27
Pakistan,08-05-2019,32.8,18,26.4,0,15.7,31.7,44352.71
Pakistan,09-05-2019,31.9,20.6,26.9,0,21,41,43932.16
Pakistan,10-05-2019,32.4,20.4,26.9,0,21.2,44.3,43102.14
Pakistan,11-05-2019,32.5,19.9,26.4,0,25.2,58.3,43200
Pakistan,12-05-2019,29.9,18.6,24.2,0.7,19.3,53.6,33605.59
Pakistan,13-05-2019,31.9,18,25.4,0,24.5,47.2,39670.92
Pakistan,14-05-2019,30.8,19.1,25.1,0.2,27.9,60.5,40047.91
Pakistan,15-05-2019,25.6,18.4,22.1,2.3,17.1,44.6,33063.93
Pakistan,16-05-2019,24.8,17.1,20.6,2.3,16.8,44.3,33225.74
Pakistan,17-05-2019,26.2,17.5,21.7,1.6,18.9,41.8,37014.11
Pakistan,18-05-2019,29.6,17.1,23.6,0,16.2,35.6,36817.07
Pakistan,19-05-2019,30.7,18.6,25,0,22.7,44.6,37709.76
Pakistan,20-05-2019,30,18.3,24.5,0.1,24,57.6,43441.18
Pakistan,21-05-2019,30.1,19,24.2,1.4,25.6,52.6,41368.73
Pakistan,22-05-2019,29.9,18.5,24,0.1,19.9,42.5,43014.09
Pakistan,23-05-2019,29.9,17.3,23.6,0.5,26.2,50.4,43411.21
Pakistan,24-05-2019,29.7,16.8,23.8,0,23.9,46.8,43200
Pakistan,25-05-2019,32.3,16.8,25.1,0,23.2,45.7,44819.09
Pakistan,26-05-2019,32.9,19,26.9,0,18.4,36.7,43872.85
Pakistan,27-05-2019,34.1,19.2,27.6,0,17.6,34.6,44979.55
Pakistan,28-05-2019,34.9,20.1,28.6,0,18.2,35.6,45140.61
Pakistan,29-05-2019,36.1,22,29.5,0,17.6,34.9,45303.16
Pakistan,30-05-2019,35.5,22.2,29.6,0,18.5,38.2,45144.6
Pakistan,31-05-2019,35.7,21.3,29.7,0,19.1,38.9,44984.21
Pakistan,01-06-2019,36.3,22,30.4,0,21.6,43.9,44659.22
Pakistan,02-06-2019,37.1,23.8,31,0,19.6,41.4,40076.7
Pakistan,03-06-2019,36.9,23,30.2,0,27.8,54.7,44985.87
Pakistan,04-06-2019,35.2,22.3,29.1,0,18.9,42.5,45045.7
Pakistan,05-06-2019,33.3,19,27.4,0,19.2,40,45483.24
Pakistan,06-06-2019,33.3,20.4,27.4,0,21.3,40.7,45318.81
Pakistan,07-06-2019,34.8,20.7,28.6,0,20.9,42.8,45486.79
Pakistan,08-06-2019,35.7,23.6,30,0,17.3,35.3,45320.78
Pakistan,09-06-2019,37.3,23.3,30.8,0,19.5,38.9,45489.53
Pakistan,10-06-2019,37.3,24.6,31.5,0,21.9,43.9,45490.61
Pakistan,11-06-2019,36.8,24,30.9,0,26.5,50.4,46167.86
Pakistan,12-06-2019,35.1,21.9,28.7,0,15.9,32.4,46679.35
Pakistan,13-06-2019,34.6,21.1,28.3,0,19.5,38.5,43200
Pakistan,14-06-2019,34.6,22.8,29.1,0,23.8,46.4,45834.22
Pakistan,15-06-2019,32.9,23.7,28.8,0.1,22.5,45,45638.19
Pakistan,16-06-2019,33.7,22.6,28.7,0.1,21.9,42.1,42141.03
Pakistan,17-06-2019,34.6,22.9,28.7,0,26.7,52.6,45755.35
Pakistan,18-06-2019,33.4,22.3,26.8,0,29,55.4,44162.88
Pakistan,19-06-2019,33,21.6,26.2,0.4,25.6,52.2,43723.73
Pakistan,20-06-2019,32.5,21.8,26.8,2.1,24.3,49.3,41144.44
Pakistan,21-06-2019,32.7,22.5,26.6,0.8,28.3,56.5,42471.29
Pakistan,22-06-2019,33.1,22.2,27.3,2.2,24.7,58.3,43936.17
Pakistan,23-06-2019,34.2,23.1,26.9,2.6,31.9,68,39845.21
Pakistan,24-06-2019,28.3,20.7,23.8,12.9,14.5,35.3,36731.38
Pakistan,25-06-2019,30.2,20.7,25.5,0.3,13.6,31,42579.34
Pakistan,26-06-2019,34.7,22,27.9,0,20.2,38.2,44762.08
Pakistan,27-06-2019,35,23.2,29.4,0,21.1,40.3,45097.18
Pakistan,28-06-2019,36.6,23.5,30,0,23.8,46.1,45392.13
Pakistan,29-06-2019,37.3,24.9,31.1,0,26.7,52.2,45249.96
Pakistan,30-06-2019,35.3,24.5,30,0,20.2,41.8,44487.66
Pakistan,01-07-2019,34.7,24.2,29.4,0.1,16.9,49.7,43424.81
Pakistan,02-07-2019,36.3,24.9,30.6,0,26.3,49,44305.77
Pakistan,03-07-2019,38.2,25.2,32,0,21.7,42.5,44475.66
Pakistan,04-07-2019,37.9,26.6,32.2,0,16.3,32.4,42417.44
Pakistan,05-07-2019,38,26.4,31.8,0,30.8,61.6,43879.84
Pakistan,06-07-2019,37.6,23.3,30.6,5,25.6,51.5,44104.24
Pakistan,07-07-2019,36.2,23.2,29.8,0.1,21.7,44.6,43858.42
Pakistan,08-07-2019,39.7,25.6,32.2,0,22.7,46.1,44515.33
Pakistan,09-07-2019,40.8,25.7,32.7,0,26,50,44545.43
Pakistan,10-07-2019,39.7,26.3,32.7,0,23.2,45.4,44601.92
Pakistan,11-07-2019,40.3,26.3,33.1,0,24.5,48.6,44171.75
Pakistan,12-07-2019,39,26.9,32.5,0,28.8,57.2,42923.37
Pakistan,13-07-2019,37.4,26,31.1,0,26.3,55.8,42986.65
Pakistan,14-07-2019,37.6,25.4,31.5,0,26.7,52.2,42538.97
Pakistan,15-07-2019,36.6,25.3,29.8,2.6,29.4,63.4,39065.5
Pakistan,16-07-2019,34.6,24.7,28.5,2.1,22.2,55.1,36744.68
Pakistan,17-07-2019,36,24.7,28.9,0.4,25,49.3,40046.39
Pakistan,18-07-2019,33.9,24,27.7,1.5,23.4,49.7,36361.87
Pakistan,19-07-2019,31,21.9,26.3,8.5,22.5,47.9,38258.74
Pakistan,20-07-2019,29,21.3,24.8,6.7,20.7,41.4,32314.96
Pakistan,21-07-2019,29.9,21.5,25.3,1.2,18.3,36.7,41864.9
Pakistan,22-07-2019,30.5,22.1,25.9,1.2,14.1,27.7,41396.78
Pakistan,23-07-2019,32.7,22.6,27.4,1.9,22.8,45.4,41243.9
Pakistan,24-07-2019,36.8,24,29.9,0,19.9,40.3,42579.84
Pakistan,25-07-2019,39.9,24.9,31.4,0.1,22.3,43.9,42586.01
Pakistan,26-07-2019,35.6,22.9,28.3,6.3,22.3,49.7,42255.16
Pakistan,27-07-2019,34.6,21.9,27.5,0,22.9,45.7,39006.16
Pakistan,28-07-2019,30.2,20.8,25.4,2.5,16.3,34.9,30478.66
Pakistan,29-07-2019,28.8,21.8,25.2,0.1,23.4,49.3,35589.57
Pakistan,30-07-2019,33.1,21.3,27.2,0,18.3,34.9,41627.45
Pakistan,31-07-2019,35.4,23.4,29.1,0.2,19.3,36.4,41475.58
Pakistan,01-08-2019,35.2,25.8,30.1,0.4,20.2,40.3,41638.56
Pakistan,02-08-2019,35.3,25.4,29.3,2.9,26.8,50.8,40952.88
Pakistan,03-08-2019,35.7,25.3,28.6,1,28.7,54.7,39708.05
Pakistan,04-08-2019,34.9,23.9,28.6,0.6,19,36.7,36853.65
Pakistan,05-08-2019,36.2,25.4,30.1,0.1,19.6,37.4,37322.09
Pakistan,06-08-2019,36.6,25.9,30.9,0.1,17.6,34.9,41525.57
Pakistan,07-08-2019,36.2,25.7,28.9,2.1,19.8,51.8,37259.24
Pakistan,08-08-2019,26.4,23.2,24.6,11.7,15.6,38.9,16551.37
Pakistan,09-08-2019,28.4,22.2,25,0.8,13.2,28.1,35840.03
Pakistan,10-08-2019,27.3,21.8,24,0.4,22.6,43.6,30269.74
Pakistan,11-08-2019,27,21.2,23.8,0.4,25.9,51.8,39603.8
Pakistan,12-08-2019,29.1,20,24.4,0.3,13.8,26.3,40829.71
Pakistan,13-08-2019,31.1,21.9,25.6,0.2,14.8,31.3,40021.14
Pakistan,14-08-2019,32.5,21.7,26.1,0.5,16.3,35.3,38769.03
Pakistan,15-08-2019,32.3,22.4,26.6,0,22.9,41.8,38992.43
Pakistan,16-08-2019,34.5,23.1,27.5,0.2,25.8,47.9,39781.06
Pakistan,17-08-2019,34.2,21.6,26.9,0.1,25.2,49.3,41161.21
Pakistan,18-08-2019,33.3,21.5,27.2,0.8,23.9,46.4,41302.33
Pakistan,19-08-2019,33.7,21.8,26.8,0,29.6,61.6,40912.07
Pakistan,20-08-2019,33.9,21.5,27.2,0,23,46.1,40792.61
Pakistan,21-08-2019,34,21.4,27.9,0,22.1,43.6,41202.15
Pakistan,22-08-2019,34.2,22.1,28,0,20.5,45,39831.04
Pakistan,23-08-2019,34.1,22.1,27.9,0,22.3,42.8,40703.15
Pakistan,24-08-2019,35,22.4,28.6,0,22.9,44.3,40715.55
Pakistan,25-08-2019,34.4,21.5,28.1,0,20.8,44.3,40581.05
Pakistan,26-08-2019,32.7,22.3,27.9,0,21.5,42.8,40444.26
Pakistan,27-08-2019,32.4,23.4,27.3,1.5,15.9,34.6,40172.76
Pakistan,28-08-2019,32.6,22.6,27.4,1,18.8,37.1,31138.93
Pakistan,29-08-2019,31.9,23.3,26.7,0.2,17.4,35.6,22971.22
Pakistan,30-08-2019,32.9,23.5,27.2,1.9,8.9,36.7,34625.39
Pakistan,31-08-2019,31.8,23.3,25.4,8.8,18.2,47.9,28050.19
Pakistan,01-09-2019,29.1,21.7,25.1,1.2,16.4,44.6,26851.03
Pakistan,02-09-2019,29.6,21.7,25.5,0.9,15.6,29.9,35728.73
Pakistan,03-09-2019,31.7,21.3,26.6,0,17.5,34.2,39675.83
Pakistan,04-09-2019,34,22,27.7,0,21.6,41.8,39810.99
Pakistan,05-09-2019,35.5,22.4,28.8,0,17.1,34.9,39943.98
Pakistan,06-09-2019,36.7,22.8,29.6,1.2,24,46.1,40201.19
Pakistan,07-09-2019,35.6,24.2,29.5,0.2,20.2,41.8,40077.97
Pakistan,08-09-2019,34.1,22.5,28.7,0,17.6,37.4,40081.04
Pakistan,09-09-2019,36.6,23,29.8,0,19.9,38.9,40083.97
Pakistan,10-09-2019,37.3,22.8,30.2,0,20.3,40,40208.88
Pakistan,11-09-2019,37.6,22,30.5,0,17.7,34.9,40210.41
Pakistan,12-09-2019,37,21.2,29.9,0,17.8,34.2,40211.79
Pakistan,13-09-2019,36,21.3,29.3,0,19.9,40,40213
Pakistan,14-09-2019,35.7,21.2,28.9,0,20.7,42.1,40096.51
Pakistan,15-09-2019,36,22.6,29.4,0,18.2,35.3,39865.89
Pakistan,16-09-2019,35.3,20.3,28.6,0,16.1,31,40100.37
Pakistan,17-09-2019,34.4,17.8,27.2,0,18.9,37.1,40102
Pakistan,18-09-2019,34.3,20.1,27.9,0,16.7,36,39878.26
Pakistan,19-09-2019,34.2,20.3,27.7,0,16.1,30.6,39882.03
Pakistan,20-09-2019,31.6,21.1,26.6,0,16.9,33.5,39750.94
Pakistan,21-09-2019,30.9,19.6,25.6,0,15,29.5,39679.32
Pakistan,22-09-2019,31.4,20.4,25.9,0,21.5,41.4,39607.2
Pakistan,23-09-2019,30,20.2,25.7,0,13,25.2,39428.75
Pakistan,24-09-2019,29.9,20.7,25.9,0,10.7,20.2,39357.33
Pakistan,25-09-2019,29.8,20.4,25.3,1.2,16.6,31.3,37046.24
Pakistan,26-09-2019,29.6,20,25.5,0.1,15.9,29.5,39057.72
Pakistan,27-09-2019,31.2,19.9,26.1,0,15.9,33.1,39042.11
Pakistan,28-09-2019,31.4,21.2,26.2,0,15.3,31.7,38971.95
Pakistan,29-09-2019,30.8,20.4,24.8,1.9,20.9,41.8,35224.02
Pakistan,30-09-2019,29.1,18.2,23.2,0,19.1,38.9,36916.24
Pakistan,01-10-2019,29.8,19,23.9,0,18.8,39.2,38762.86
Pakistan,02-10-2019,29.2,18.1,23.5,0.1,23.9,49,37541.48
Pakistan,03-10-2019,27.4,18,22.5,0.9,24.6,50,37399.81
Pakistan,04-10-2019,25.3,15.7,20.9,0.3,21.1,44.3,37820
Pakistan,05-10-2019,24.7,13.7,19,3.4,26.1,51.5,30066.35
Pakistan,06-10-2019,19.5,14.4,16.4,1.2,9.9,27,15407.54
Pakistan,07-10-2019,24.7,11.1,18.3,0,11.8,24.8,38065.73
Pakistan,08-10-2019,29,12.6,21.2,0,11.2,28.8,38051.39
Pakistan,09-10-2019,28.2,13.6,21.4,0.3,15.3,31,37646.42
Pakistan,10-10-2019,27.1,15.3,21.5,0,16,33.5,37507.93
Pakistan,11-10-2019,27.2,15.4,21.1,0,21.6,46.1,36371.58
Pakistan,12-10-2019,26.9,15.1,21.4,0.1,19.1,44.6,36749.25
Pakistan,13-10-2019,28.2,15,22.2,0,14,28.8,37231.52
Pakistan,14-10-2019,29.4,13.8,22.5,0,14.4,29.9,37221.32
Pakistan,15-10-2019,29,14.4,22.5,0,15.7,31,36979.26
Pakistan,16-10-2019,28.5,14.2,22.4,0,14,27,36858.75
Pakistan,17-10-2019,27.1,13.5,21.3,0,14.3,27.4,36851.98
Pakistan,18-10-2019,25.5,13.5,19.1,0.1,22.1,43.9,36309.11
Pakistan,19-10-2019,24.1,10.7,17.9,0,15.3,32.4,36521.96
Pakistan,20-10-2019,24.2,14.1,19,0,16.1,31.7,36216.34
Pakistan,21-10-2019,25.1,11.8,19,0,12.8,26.3,36418.02
Pakistan,22-10-2019,25.7,12.5,19.7,0,20.1,41.4,36131.11
Pakistan,23-10-2019,24.8,11.4,19.1,0,15.5,29.5,36229.44
Pakistan,24-10-2019,24.1,11.1,18.3,0,12.7,26.6,36142.84
Pakistan,25-10-2019,24.2,11,18.2,0,12.3,27,36061.53
Pakistan,26-10-2019,24.3,11.4,18.9,0,12.2,27.7,36000
Pakistan,27-10-2019,25,12.8,19.7,0,16.9,33.8,36000
Pakistan,28-10-2019,26.4,12.3,20.4,0,15.8,31.3,36002.73
Pakistan,29-10-2019,26,15.5,20.5,0,14,30.6,36000
Pakistan,30-10-2019,26.2,15.4,20.4,0,13.4,28.1,36000
Pakistan,31-10-2019,26.2,11.4,19.9,0.1,19.2,38.5,35982.06
Pakistan,01-11-2019,22.1,11.8,17.4,1,11.3,33.1,35932.44
Pakistan,02-11-2019,19.4,11.4,15.4,5.8,11.1,25.9,32360.63
Pakistan,03-11-2019,21.9,10,16.3,0,10.2,23.8,35831.87
Pakistan,04-11-2019,22.6,8.7,15.9,0,9.7,22.3,35780.99
Pakistan,05-11-2019,22.7,8.3,15.9,0,19.1,50.8,35729.76
Pakistan,06-11-2019,20.2,9.7,14.8,0,24.2,47.2,35678.23
Pakistan,07-11-2019,17.6,6.8,12,0,17.3,35.3,35626.45
Pakistan,08-11-2019,17.9,3.4,11.2,0,12.2,23.4,35574.45
Pakistan,09-11-2019,19.2,5,12.7,0,10.9,23,35522.29
Pakistan,10-11-2019,20.6,5.6,13.7,0,11.9,22.3,35470
Pakistan,11-11-2019,20.9,7.5,15.1,0,13.4,27.7,32148.66
Pakistan,12-11-2019,19.8,10.1,14.9,0,13.3,27.7,33771.84
Pakistan,13-11-2019,17.3,7.7,12.5,0,12.7,29.2,6844.21
Pakistan,14-11-2019,17.5,8,12.1,6,18.3,36.4,22645.56
Pakistan,15-11-2019,15.1,9,11.5,10.1,15.5,36,26781.61
Pakistan,16-11-2019,16,7.2,12,1.2,12.3,23,35155.92
Pakistan,17-11-2019,17.2,8.1,12.5,0,12.7,26.6,35102.84
Pakistan,18-11-2019,18.8,5.1,11.8,0,13.3,27.7,35026.55
Pakistan,19-11-2019,18.8,4.9,11.9,0,11.6,22,34945.36
Pakistan,20-11-2019,18.4,5.1,12.1,0,11.2,23.8,34865.44
Pakistan,21-11-2019,17.3,7.5,12.4,0.6,17.9,34.2,21681.14
Pakistan,22-11-2019,12.7,9.5,11.3,6.4,13,26.6,0
Pakistan,23-11-2019,15.1,7.3,11,0,13.8,28.1,34229.84
Pakistan,24-11-2019,14.6,3.3,9.1,0,10.4,20.5,34560.66
Pakistan,25-11-2019,15.1,2.1,9,0,11,19.4,34488.77
Pakistan,26-11-2019,14.5,3.1,8.7,0,9.9,15.5,31922.67
Pakistan,27-11-2019,14.1,2.3,8.2,0,13.7,29.2,34350.93
Pakistan,28-11-2019,13.6,-0.1,7.3,0,11.5,25.2,34285.23
Pakistan,29-11-2019,14.3,0.4,7.5,0,10.2,23.4,34221.83
Pakistan,30-11-2019,15.8,0,8.6,0,11.5,22.3,34160.86
Pakistan,01-12-2019,17.1,1.2,9.8,0,10.8,21.6,34025.36
Pakistan,02-12-2019,17.5,2.1,10.3,0,11.9,22.3,34046.68
Pakistan,03-12-2019,17.7,1.7,10.3,0,12,22,33982.59
Pakistan,04-12-2019,18.2,1.6,10.9,0,12.6,22,33943.68
Pakistan,05-12-2019,17.8,1.1,9.8,0,11.9,19.4,33822.22
Pakistan,06-12-2019,17.7,1.4,9.9,0,11.6,19.1,33566.41
Pakistan,07-12-2019,17.5,1.1,10,0,11.7,19.8,33556.34
Pakistan,08-12-2019,17,0.7,10.1,0,12.4,21.2,26612.3
Pakistan,09-12-2019,17.4,6.2,12.9,0,8.9,21.2,32510.73
Pakistan,10-12-2019,17.6,6.8,12.8,0,14.5,29.5,33084.32
Pakistan,11-12-2019,14.4,4.1,9.9,0,11,21.2,13943.27
Pakistan,12-12-2019,9.6,5,7.1,11,12.3,23.4,2204.18
Pakistan,13-12-2019,11.3,1.7,6,0,17.4,35.6,32779.14
Pakistan,14-12-2019,10.3,-0.4,5.1,0,9.5,17.3,32083.12
Pakistan,15-12-2019,10.5,-0.6,5,0,10.2,21.6,32908.49
Pakistan,16-12-2019,11.7,-1.1,5.5,0,12.2,26.3,32921.91
Pakistan,17-12-2019,12.8,-0.3,6.1,0,11.2,20.5,32740.94
Pakistan,18-12-2019,15.6,0.7,8.4,0,10.8,17.3,32377.62
Pakistan,19-12-2019,16.3,4,9.7,0,10.8,23.8,31506.79
Pakistan,20-12-2019,12.7,4.2,8.1,0,20.6,40.3,32528.02
Pakistan,21-12-2019,12.7,-0.2,6.1,0,14.1,28.1,32826.8
Pakistan,22-12-2019,14.6,-1.1,6.6,0,10.8,19.8,32834.2
Pakistan,23-12-2019,13.5,-1.3,6.8,0,10.3,17.3,32743.2
Pakistan,24-12-2019,13.7,-1.3,6.4,0,12.5,27,32740.38
Pakistan,25-12-2019,14.1,-0.9,6,0,13.9,29.2,32737.57
Pakistan,26-12-2019,14.8,-0.6,6.5,0,10.8,21.2,32734.74
Pakistan,27-12-2019,15,-0.6,7.7,0,10.5,22,32731.88
Pakistan,28-12-2019,15.4,0.8,8.5,0,8,16.2,32649.66
Pakistan,29-12-2019,13.8,-0.8,6.6,0,10.1,16.2,32648.07
Pakistan,30-12-2019,14.2,-1.9,6.6,0,11.3,22,32646.46
Pakistan,31-12-2019,13.1,-0.8,6.3,0,11,22,32493.14
Pakistan,01-01-2020,11.6,0.6,5.4,0,16,31,32400
Pakistan,02-01-2020,9.9,0,4.9,3.4,12.4,25.2,25219.99
Pakistan,03-01-2020,11.5,-0.2,6,0,14.3,28.4,32421.05
Pakistan,04-01-2020,14.5,1.2,7.9,0,17.1,34.9,32494.36
Pakistan,05-01-2020,9.1,4.3,6.7,9.2,14.8,41,2478.91
Pakistan,06-01-2020,7.9,3.9,5.3,14.2,16.4,34.9,0
Pakistan,07-01-2020,10,2,5.5,0,17.6,35.3,31753.47
Pakistan,08-01-2020,8.7,-2.2,2.6,0,26.3,51.5,32589.61
Pakistan,09-01-2020,9.6,-3.7,2.8,0,11,21.2,32659.43
Pakistan,10-01-2020,8.3,-2.5,3.6,0,9.5,19.8,28865.01
Pakistan,11-01-2020,9.6,-0.5,4.6,2,12.2,20.2,14176.28
Pakistan,12-01-2020,5.6,1.6,3.5,7.2,10.1,21.2,0
Pakistan,13-01-2020,5.5,-1.6,2.1,2.5,25.7,51.1,24773.38
Pakistan,14-01-2020,6.9,-3,0.7,0,13.9,27.4,32671.08
Pakistan,15-01-2020,7.5,-4.4,0.7,0,15.6,33.5,32583.19
Pakistan,16-01-2020,8,-3.5,0.9,0,18.1,36,33088.81
Pakistan,17-01-2020,6.7,-3.1,0.4,0,20.7,40.3,32948.96
Pakistan,18-01-2020,8.8,-5.3,0.7,0,12,23.8,33104.51
Pakistan,19-01-2020,9.5,-3.3,3.1,0.2,11.5,23.4,32412.19
Pakistan,20-01-2020,6.7,-1.2,3,1.2,11.1,21.6,2725.18
Pakistan,21-01-2020,9.8,0.4,4.8,0.2,10.9,19.1,32850.87
Pakistan,22-01-2020,10.2,2.4,5.8,0,12.4,26.6,33066.69
Pakistan,23-01-2020,12.3,-1.3,5.2,0,13.8,29.5,33234.43
Pakistan,24-01-2020,12.4,-0.4,6.2,0,18.9,37.8,33300.65
Pakistan,25-01-2020,15.1,2.7,8.9,0,15.4,29.5,32924.56
Pakistan,26-01-2020,13.4,0.9,7.6,0.1,14.8,31,33591.62
Pakistan,27-01-2020,11.3,3.3,7.3,4,16.8,33.8,32961.22
Pakistan,28-01-2020,10.7,-0.1,4.7,0,19.4,39.2,33878.23
Pakistan,29-01-2020,9.1,-1.1,3.6,0,16.9,34.9,34191.82
Pakistan,30-01-2020,9.9,-3.3,3.2,0,12.7,27.4,34548.05
Pakistan,31-01-2020,11.1,-1,5.3,0.2,21.5,43.9,34435.54
Pakistan,01-02-2020,12.4,-2.4,5.3,0,13.4,28.1,34863.55
Pakistan,02-02-2020,12.2,-1.1,6.6,0,15.1,31.7,34919.8
Pakistan,03-02-2020,12.6,-0.3,7.4,0.9,17.9,37.1,34565.91
Pakistan,04-02-2020,11.3,1.9,6.4,1.6,17.6,35.6,34927.65
Pakistan,05-02-2020,10.6,-2.6,4.3,0,13.5,28.8,35188
Pakistan,06-02-2020,14.5,-0.7,6.2,0,25.1,49.3,35455.6
Pakistan,07-02-2020,13.9,-1.6,7,0,16.4,33.1,35514.39
Pakistan,08-02-2020,16,-1.6,8.5,0,11.5,22.3,35572.42
Pakistan,09-02-2020,15,2.6,9.6,0,12.8,27.7,33166.7
Pakistan,10-02-2020,15.6,2.1,10,0,14,30.2,34792.47
Pakistan,11-02-2020,15.4,4.7,11,2.8,17.8,37.8,32599.94
Pakistan,12-02-2020,14.9,6.1,9.8,4.9,12.7,26.6,17918.83
Pakistan,13-02-2020,15.7,5.9,10.2,0,26.8,53.6,33545.62
Pakistan,14-02-2020,18.6,1.4,9.5,0,17.7,39.2,36510.8
Pakistan,15-02-2020,21.3,2.2,11.5,0,22.5,44.3,36695.3
Pakistan,16-02-2020,20.4,1.5,11.4,0,19.6,39.6,36882.27
Pakistan,17-02-2020,20.8,3.1,12.1,0,13.5,29.5,37071.62
Pakistan,18-02-2020,23,4.9,13.9,0,16.9,33.5,35526.68
Pakistan,19-02-2020,17.7,8.3,13.2,0,38.7,76.3,37456.82
Pakistan,20-02-2020,16,2.9,9.6,0,24.2,45.7,37646.12
Pakistan,21-02-2020,18.3,3.7,11.3,0,13.6,28.8,37039.41
Pakistan,22-02-2020,19.3,5.7,13,0,13.6,29.5,37638.68
Pakistan,23-02-2020,19.9,7.7,14,0,16.8,32.8,37971.96
Pakistan,24-02-2020,20.7,7.4,14.7,0,15.1,32,38080.91
Pakistan,25-02-2020,22.5,6.7,14.7,0,21.2,40.7,38190.78
Pakistan,26-02-2020,23.9,7.8,16.5,0,19,35.3,37658.59
Pakistan,27-02-2020,24.6,11.1,18,0.1,26.1,50.8,38412.83
Pakistan,28-02-2020,19.8,9.3,14.1,1.5,23.8,43.6,38524.84
Pakistan,29-02-2020,17.9,5.8,12.2,0.1,19.5,41.8,38637.38
Pakistan,01-03-2020,18.9,6.2,12.6,0,12.8,29.9,38750.35
Pakistan,02-03-2020,20.4,6.7,14,0,14.2,29.2,38863.68
Pakistan,03-03-2020,19.8,6.7,14.2,0,19,37.1,38977.25
Pakistan,04-03-2020,18.3,8.5,12.7,1,19,36.4,36000
Pakistan,05-03-2020,12,4.2,7.8,28.1,26.4,54.7,4131.8
Pakistan,06-03-2020,13.3,3.2,8.6,20.7,24.1,46.1,39107.11
Pakistan,07-03-2020,14.3,3.9,8.8,0,20,39.6,39281.5
Pakistan,08-03-2020,15.7,4.3,10.1,0,15.6,31,39353.27
Pakistan,09-03-2020,14.9,5.7,10.1,0,16.4,34.2,39425.1
Pakistan,10-03-2020,15.7,4.9,10,7.1,17.3,42.5,37208.42
Pakistan,11-03-2020,9.4,5.1,6.6,32.8,21.1,46.4,7166.27
Pakistan,12-03-2020,9.7,2.8,5.6,8.4,19.9,38.2,1628.86
Pakistan,13-03-2020,13.8,3.2,8.1,0,17.6,34.2,39600
Pakistan,14-03-2020,16.3,2.8,9.6,0,19.4,39.2,39600
Pakistan,15-03-2020,17.3,4.2,11.1,0,10.7,23.4,39600
Pakistan,16-03-2020,18.6,6.8,12.9,0,10.2,23.8,39600
Pakistan,17-03-2020,19.3,8.1,13.2,1.4,15.2,33.1,39600
Pakistan,18-03-2020,20.9,8.2,14.5,0,14,29.2,39600
Pakistan,19-03-2020,22.2,7.6,15.1,0,19.4,38.9,39334.14
Pakistan,20-03-2020,20.9,10.1,15.2,5.3,18.7,40,36573.7
Pakistan,21-03-2020,21.7,8.4,15.1,0,17.1,35.6,39600
Pakistan,22-03-2020,18.7,10,13.9,7.9,13.9,31,16738.58
Pakistan,23-03-2020,17.9,11.5,13.7,16.4,21.1,49.3,13173.09
Pakistan,24-03-2020,18.3,10.9,14.3,1.9,16.6,41,39600
Pakistan,25-03-2020,15.4,9.3,12,16.7,14.2,34.9,35927.99
Pakistan,26-03-2020,16.4,9.7,12.2,6.6,12,27,4489.34
Pakistan,27-03-2020,16.8,8.9,12,6.1,16.2,38.2,31913.6
Pakistan,28-03-2020,18.5,6.4,13,0.1,14,29.2,39634.31
Pakistan,29-03-2020,18.9,6.5,12.9,0,18,34.9,39622.71
Pakistan,30-03-2020,19.1,11.4,14.7,18.2,21.7,51.5,35892.81
Pakistan,31-03-2020,17.3,10.6,13.2,20.9,12.8,40.3,25200
Pakistan,01-04-2020,17.3,8.2,13.1,2.4,17.6,41.4,38833.4
Pakistan,02-04-2020,19.8,5.9,13.4,0,12.3,27,40106.53
Pakistan,03-04-2020,21.5,7.7,14.8,0,18.1,34.6,39995.23
Pakistan,04-04-2020,21.4,9.3,15.1,3.3,17.8,43.9,39990.52
Pakistan,05-04-2020,22.1,9.3,16.1,0,16.6,31,40216.41
Pakistan,06-04-2020,21.2,10.1,15.8,1.5,15.3,43.6,40214.95
Pakistan,07-04-2020,22,9.7,15.9,0.2,17.2,41.4,40445.75
Pakistan,08-04-2020,23.3,8.5,16.3,0,13.8,29.2,40464.39
Pakistan,09-04-2020,24.8,13.4,19.1,0.9,23.7,49.7,40455.95
Pakistan,10-04-2020,25.4,11.7,18.6,0,13.7,28.4,40327.62
Pakistan,11-04-2020,27.9,12.8,20.4,0,13.1,27.7,37967.71
Pakistan,12-04-2020,29.7,14.1,21.9,0,25.4,53.6,40732.13
Pakistan,13-04-2020,29.6,14.4,22.9,0,22,44.6,35299.02
Pakistan,14-04-2020,29.9,16.3,23.4,0,26.9,55.1,40955.36
Pakistan,15-04-2020,27.2,15.6,21.5,0,20.3,41.4,41835.2
Pakistan,16-04-2020,25.3,13.5,19.9,0,21.2,46.1,26934.38
Pakistan,17-04-2020,23.9,14.9,18.7,1.2,29.9,59.8,39570.34
Pakistan,18-04-2020,24.4,11.9,18.5,0,16.6,37.1,42167.29
Pakistan,19-04-2020,24.7,12,19.2,0,21.5,40.7,38255.71
Pakistan,20-04-2020,24.8,13.3,19.2,0.8,23.9,46.4,40987.59
Pakistan,21-04-2020,27.8,12.2,20.4,0,24.2,47.9,42184.23
Pakistan,22-04-2020,27.3,13.4,21.1,0,26.2,54,28297.54
Pakistan,23-04-2020,26.6,18.1,22.4,0.1,17.1,36,41900.82
Pakistan,24-04-2020,28.4,14.9,22.1,0.1,22,55.1,42212.24
Pakistan,25-04-2020,28.6,14.9,22.1,0,20.3,44.6,40329.78
Pakistan,26-04-2020,31,14.8,23.5,0,23.6,45,43470.07
Pakistan,27-04-2020,31.3,17.3,25,0,26.8,50,43398.28
Pakistan,28-04-2020,28.9,18,24,0.9,26.6,57.6,43206.87
Pakistan,29-04-2020,27.6,18.8,23.4,0.2,25.1,55.1,40334.5
Pakistan,30-04-2020,31.3,16.8,25.1,0,20.9,42.8,43814.86
Pakistan,01-05-2020,32.9,22.2,27.4,0,27.7,57.2,41522.8
Pakistan,02-05-2020,30.7,19.8,26.1,0,20.5,41.8,43252.45
Pakistan,03-05-2020,31.2,19.1,24,0,19.4,35.6,43340.82
Pakistan,04-05-2020,28.1,16.1,21.1,2.3,22.5,45.7,34128.85
Pakistan,05-05-2020,31.1,14.6,23.6,0,21.9,42.8,44337.8
Pakistan,06-05-2020,32.5,16.5,24.8,0,23.1,46.4,44488.95
Pakistan,07-05-2020,32.5,15.8,25.4,0,19.2,40,42655.2
Pakistan,08-05-2020,33.6,17.1,26.2,0,26,51.1,44494.05
Pakistan,09-05-2020,32.6,19.9,27.1,0,24.9,49.7,43364.69
Pakistan,10-05-2020,34.2,17.7,27.5,0,24,48.2,44783.36
Pakistan,11-05-2020,33.2,19.3,26.8,0,27.2,52.6,43568.55
Pakistan,12-05-2020,30.6,18.7,23.1,9.4,24.3,52.2,34312.34
Pakistan,13-05-2020,24.5,16.5,19.1,12.2,25.1,50.8,33215.5
Pakistan,14-05-2020,25,16.2,19.9,5.5,17.1,38.2,40463.42
Pakistan,15-05-2020,26,14,20.5,0,20.9,39.2,44800.82
Pakistan,16-05-2020,27.7,15,21.3,0,14.1,29.2,44952.62
Pakistan,17-05-2020,29.4,12.1,22.1,0,20,40,45256.27
Pakistan,18-05-2020,31,12.8,23.2,0,24.2,47.5,45261.75
Pakistan,19-05-2020,31.2,16.2,24.9,0,21.9,42.8,45266.98
Pakistan,20-05-2020,32.4,15.4,25.3,0,19.9,38.9,45271.96
Pakistan,21-05-2020,33.8,18.8,27.5,0,26.4,50.8,41638.09
Pakistan,22-05-2020,33.1,19.7,27.8,0,25.2,50.4,44661.3
Pakistan,23-05-2020,33.3,19.5,28,0,21.9,48.6,45285.37
Pakistan,24-05-2020,34.2,21.7,28.6,0,15.8,41.8,45446.15
Pakistan,25-05-2020,36.2,20.9,29.7,0,16.1,35.3,45608.48
Pakistan,26-05-2020,36.7,20.9,30.3,0,16.1,36.4,45613.71
Pakistan,27-05-2020,36.4,20.7,30.4,0,22.9,44.3,39600
Pakistan,28-05-2020,34.4,23.1,29.2,0,23.2,52.9,32400
Pakistan,29-05-2020,30.4,23.1,26.7,1.1,25.6,55.1,39600
Pakistan,30-05-2020,29.4,19.5,24.9,6.1,22.5,46.4,38836.83
Pakistan,31-05-2020,31.3,17.8,24.6,0,25.7,49.3,40269.34
Pakistan,01-06-2020,31.6,19,26,0.2,23.7,50.4,45475.6
Pakistan,02-06-2020,31.9,20.9,25.4,0,27.7,56.5,44404.24
Pakistan,03-06-2020,30.4,19.2,24.5,2.7,21.7,58.3,41255.64
Pakistan,04-06-2020,26.3,18.5,22.5,8,15.9,51.8,44303.75
Pakistan,05-06-2020,32,19.6,24.3,4.7,24.4,63,41394.32
Pakistan,06-06-2020,32.5,19.6,25.6,0,25.7,58.3,45486.25
Pakistan,07-06-2020,32.6,20.9,26.5,0.2,24.8,50.4,44316.84
Pakistan,08-06-2020,34,21.2,28.4,0,18.2,42.5,45824.86
Pakistan,09-06-2020,36.1,23.5,30.1,0,28.5,54,45827.15
Pakistan,10-06-2020,36,24,30.6,0,22.8,43.6,45998.19
Pakistan,11-06-2020,36,23.5,30.2,0,21,39.2,46000.54
Pakistan,12-06-2020,34.3,23.4,29.3,0,25.5,49,45832.62
Pakistan,13-06-2020,34.9,23.2,28.9,0,28.4,58,45429.01
Pakistan,14-06-2020,35.5,21.6,29.1,0,20.5,39.2,45978.09
Pakistan,15-06-2020,37.6,24.2,31,0,15.3,31.3,46455.37
Pakistan,16-06-2020,38.3,22.6,31.3,0,23.4,47.2,46593.6
Pakistan,17-06-2020,39.3,23.6,32,0,27.4,59.4,43732.81
Pakistan,18-06-2020,38.6,24.8,32.2,0,21.2,44.6,40950.14
Pakistan,19-06-2020,37.5,24.5,31.1,0,28.8,58,44700.76
Pakistan,20-06-2020,36.8,24.7,30.6,0,27.4,55.4,43862.83
Pakistan,21-06-2020,37.8,24.4,31.1,0,19.2,36.7,42989.01
Pakistan,22-06-2020,37.6,24.4,31,0,19.2,42.1,45749.44
Pakistan,23-06-2020,35.8,25.6,31.4,0,14.3,30.2,45017.02
Pakistan,24-06-2020,35.9,25.7,31.2,0,22.5,45.4,42160.64
Pakistan,25-06-2020,35.3,25.6,30.6,0,27.6,52.2,44573.23
Pakistan,26-06-2020,36.7,25.8,30.9,0,26.2,49.7,44330.83
Pakistan,27-06-2020,38.7,25.1,31.4,0.2,26.7,50.8,45387.98
Pakistan,28-06-2020,39.3,24.9,31.9,0,24,45,45406.74
Pakistan,29-06-2020,37.7,25.7,30.3,0.1,28.3,57.2,44341.95
Pakistan,30-06-2020,29.7,24.1,26.6,10.9,14.4,39.6,27534.12
Pakistan,01-07-2020,34.1,22.8,27.7,0.9,19.5,39.6,41844.14
Pakistan,02-07-2020,38.8,23.7,31.2,0,10.9,32.8,44935.81
Pakistan,03-07-2020,39.4,26.6,33.1,0,15,30.6,45094.67
Pakistan,04-07-2020,39.5,26.8,32.7,0,28,52.9,44195.43
Pakistan,05-07-2020,33.5,22.4,28.5,1.5,22.4,47.9,42986.55
Pakistan,06-07-2020,29.7,22,25.1,2.1,18.9,37.8,36356.48
Pakistan,07-07-2020,31.7,21.2,26.7,0,15.8,33.5,42757.44
Pakistan,08-07-2020,33.2,22.7,27.9,0.1,17.3,36.7,42492.93
Pakistan,09-07-2020,34.6,24.3,29.1,0,28.1,52.6,31188
Pakistan,10-07-2020,36.4,23.7,29.9,0,26.4,50,42706.65
Pakistan,11-07-2020,37.2,24.6,30.7,0,20.9,41,44051.95
Pakistan,12-07-2020,34,24.5,28.9,3.3,26.8,52.6,41262.3
Pakistan,13-07-2020,33.8,22.4,26.9,3.8,18.2,48.2,42385.61
Pakistan,14-07-2020,35.4,23.4,29.4,0,20,38.5,42916.21
Pakistan,15-07-2020,36.1,25.8,30.8,0,23.7,47.5,41440.18
Pakistan,16-07-2020,34.2,25.1,28.8,1,20.8,40,37819.86
Pakistan,17-07-2020,32.8,23.6,28.2,0.3,15.9,39.6,37592.79
Pakistan,18-07-2020,34.3,24.4,29,2.1,18.5,37.4,35473.09
Pakistan,19-07-2020,35.7,26,30.6,0,24.9,47.2,42155.07
Pakistan,20-07-2020,37.5,24.1,30.5,0,21.8,44.6,43522.37
Pakistan,21-07-2020,29.3,23.3,26.1,4.5,16.1,41,40388.56
Pakistan,22-07-2020,29,20.8,24.5,0.3,18.8,37.4,41571.82
Pakistan,23-07-2020,34.2,21.1,26.7,0,16.8,32.8,41411.35
Pakistan,24-07-2020,34,22.7,27.9,0,21.9,52.2,40968.66
Pakistan,25-07-2020,34.3,23.5,28.4,1.1,19.5,40,38823.61
Pakistan,26-07-2020,33.3,23.3,28,0.9,24.6,56.2,39145.91
Pakistan,27-07-2020,35.6,24,29,1.3,21.4,40.7,41284.2
Pakistan,28-07-2020,37.4,23.8,30.4,0,23,47.2,42910.66
Pakistan,29-07-2020,38.3,23.5,31,0,22.9,46.4,42434.68
Pakistan,30-07-2020,34,26.3,29.1,3.7,21.3,46.4,41952.95
Pakistan,31-07-2020,34.6,24.4,29.1,0.6,19.8,55.1,40836.34
Pakistan,01-08-2020,34.7,24.1,29.6,0,23.3,46.4,41962.68
Pakistan,02-08-2020,35.7,24.5,30.2,0,24.6,47.5,41967.43
Pakistan,03-08-2020,36.8,24.4,30.6,0,21.4,42.1,42442.99
Pakistan,04-08-2020,35.6,25.1,30.1,0,26.3,49.7,41518.97
Pakistan,05-08-2020,35.1,24.9,29.8,0.2,26.4,51.8,40943.85
Pakistan,06-08-2020,33.4,24.8,29.1,0,26.7,52.9,41678.3
Pakistan,07-08-2020,31.2,24.3,27.4,0.6,36.3,77.4,40396.15
Pakistan,08-08-2020,30.8,23.6,26.2,7.2,19.4,39.6,30731.79
Pakistan,09-08-2020,33,21.7,26.6,4.2,11.6,33.8,36136.87
Pakistan,10-08-2020,29.9,22.6,26.4,0.6,16.3,32.4,32590.83
Pakistan,11-08-2020,31.3,22.9,27.1,0.3,16.2,31.3,40669.63
Pakistan,12-08-2020,35.7,22.7,28.8,0,18.7,38.2,41125.17
Pakistan,13-08-2020,40.2,24.2,30.9,0.3,21.4,44.3,39600
Pakistan,14-08-2020,34.6,25.7,29.1,3.1,21.8,44.6,39220.71
Pakistan,15-08-2020,36.5,24.4,29.4,0.8,22.3,43.2,41023.42
Pakistan,16-08-2020,35.9,25.2,29.8,0.3,22.9,46.8,40751.74
Pakistan,17-08-2020,37.1,25.2,30.6,0.2,22.3,42.8,41044.13
Pakistan,18-08-2020,35.6,25.5,29.8,0.3,21.9,43.9,40304.02
Pakistan,19-08-2020,36.9,24.7,29.9,0,26.1,50.4,40645.9
Pakistan,20-08-2020,34.6,24.2,28.2,0.8,21.1,54.7,40434.33
Pakistan,21-08-2020,31.1,22.2,25.9,6,16,32.4,36208.53
Pakistan,22-08-2020,31.3,22.3,25.9,5.9,15.3,37.1,33212.76
Pakistan,23-08-2020,32,21.3,26.6,0,18.5,45.7,40300.82
Pakistan,24-08-2020,31.4,23,27.4,0.1,15.9,34.6,40026.17
Pakistan,25-08-2020,32.1,23.4,27,1.5,24,46.4,39966.3
Pakistan,26-08-2020,30.2,22.4,25.6,1.6,22.7,45,31919.96
Pakistan,27-08-2020,28.3,21.6,24.2,7.4,13.8,31.7,33034.65
Pakistan,28-08-2020,29.4,20.7,24.4,0.4,16.3,31.7,38076.38
Pakistan,29-08-2020,29.2,20,24.4,0.4,14.1,31,39720.72
Pakistan,30-08-2020,31.3,20.2,25.5,0,17.7,34.6,40184.84
Pakistan,31-08-2020,29.4,21.6,24.4,0.7,27.2,52.6,11507.52
Pakistan,01-09-2020,31.2,19.6,24.6,0,19.5,42.8,36269.67
Pakistan,02-09-2020,33.2,19.2,25.4,0.9,25.6,47.9,40193.28
Pakistan,03-09-2020,31.5,20,25.3,0.5,17.1,34.6,40067.09
Pakistan,04-09-2020,31.2,20.4,25.5,0.1,19.5,37.8,39942.86
Pakistan,05-09-2020,32.1,20.9,26.1,0.1,19.2,36.7,39600
Pakistan,06-09-2020,33.9,17.9,26.2,0,20.4,39.2,39600
Pakistan,07-09-2020,33.6,18,26.1,0.1,23.2,46.8,40329.41
Pakistan,08-09-2020,33.8,20.6,27.3,0,24.7,48.6,40206.79
Pakistan,09-09-2020,33.7,21.1,27.5,0,22,41.8,40086.21
Pakistan,10-09-2020,33.9,19.7,27.4,0,16.6,32.8,40210.14
Pakistan,11-09-2020,33.5,18.2,26.8,0,20.5,42.5,40211.57
Pakistan,12-09-2020,32.6,21.3,27.2,0.1,17.8,38.9,34132.57
Pakistan,13-09-2020,33.6,20.8,27.5,0,19.8,41.4,39978.38
Pakistan,14-09-2020,32,21,27,0,22.6,43.2,38077.71
Pakistan,15-09-2020,33.1,23.6,27.3,0,20.4,40.3,26741.36
Pakistan,16-09-2020,31.2,22,26,0,17.1,32,24829.28
Pakistan,17-09-2020,32.8,18,26.6,0,16.5,33.1,39877.34
Pakistan,18-09-2020,33,17.6,26.4,0,17.9,36.4,39992.75
Pakistan,19-09-2020,33.6,17.8,26.8,0,16.5,34.6,39985.08
Pakistan,20-09-2020,33.5,19.2,27.1,0,14.1,27.7,39801.05
Pakistan,21-09-2020,34.7,17.7,27.1,0,12.4,28.4,39834.86
Pakistan,22-09-2020,33.5,17.9,26.7,0,17.7,33.8,39653.22
Pakistan,23-09-2020,32.5,18.4,25.9,0,14.3,30.6,39579.24
Pakistan,24-09-2020,31.8,15.6,24.8,0,16.7,34.9,39505.31
Pakistan,25-09-2020,31.3,16.6,25.1,0,14,28.4,39329.56
Pakistan,26-09-2020,31.4,17.5,24.9,0,18.9,37.1,39257.54
Pakistan,27-09-2020,29.9,15.2,23.5,0,19.6,37.4,39185.83
Pakistan,28-09-2020,29,17.3,23.4,0,16.3,35.3,39017.28
Pakistan,29-09-2020,29.1,18,23.6,0,20.3,41.8,38948.16
Pakistan,30-09-2020,28.9,16.2,23.5,0,16.5,33.8,38785.57
Pakistan,01-10-2020,28.3,15.4,22.5,0,20,41,38718.16
Pakistan,02-10-2020,29.6,12.6,21.9,0,18.9,39.2,38740.55
Pakistan,03-10-2020,29.6,14.9,22.9,0,12.9,29.5,38581.88
Pakistan,04-10-2020,29.9,13.9,22.7,0,15.8,33.1,38513.18
Pakistan,05-10-2020,30,12.9,22.4,0,15.1,28.8,38444.19
Pakistan,06-10-2020,30.1,14.4,23.2,0,14.1,28.4,38314.94
Pakistan,07-10-2020,30.3,13.6,22.9,0,15.1,29.9,38187.3
Pakistan,08-10-2020,30,15.6,23.5,0,14.3,30.2,38038.97
Pakistan,09-10-2020,28.9,14.4,22.6,0,14.1,29.5,37893.36
Pakistan,10-10-2020,29.6,13,22.4,0,12.8,25.2,37625.1
Pakistan,11-10-2020,28.8,14.2,22.7,0,20,39.2,37364.64
Pakistan,12-10-2020,26.1,14.7,20.8,0,19,38.5,37474.45
Pakistan,13-10-2020,26.5,12,19.5,0,16.5,32.8,37223.12
Pakistan,14-10-2020,26.4,13.2,20.6,0,11.3,22,36980.47
Pakistan,15-10-2020,26.4,12.9,20.9,0,10.2,23.8,36972.79
Pakistan,16-10-2020,26.7,11.5,20.6,0,11,22,36853.44
Pakistan,17-10-2020,26.5,10.5,20,0,13.2,24.8,36845.71
Pakistan,18-10-2020,26.5,10.3,18.9,0,15.2,28.1,36731.89
Pakistan,19-10-2020,25.7,9.1,18.1,0,11.4,25.6,36622.43
Pakistan,20-10-2020,26,8.2,18.1,0,10.9,22.3,36517.45
Pakistan,21-10-2020,25.9,9.8,18.9,0,11.7,21.6,36417.07
Pakistan,22-10-2020,26,8.1,18.5,0,11.5,25.6,36414.6
Pakistan,23-10-2020,24.4,7.5,17.2,0,12.3,25.6,36320.96
Pakistan,24-10-2020,23.9,8.5,16.6,0,15.3,28.4,36232.51
Pakistan,25-10-2020,23.1,9,16.7,0,15.9,33.5,36149.49
Pakistan,26-10-2020,23.8,7,16.1,0,16,32.8,36072.12
Pakistan,27-10-2020,24.5,7.4,17.1,0,13.9,28.8,36077.27
Pakistan,28-10-2020,24,8.2,17.4,0,10.9,23.8,36008.36
Pakistan,29-10-2020,23.5,8.9,16.6,0,11.7,25.6,36000
Pakistan,30-10-2020,22.6,8.9,16.4,0,10.8,24.5,35990.85
Pakistan,31-10-2020,22.5,7,16.1,0,12.1,20.9,35941.57
Pakistan,01-11-2020,23,6.3,15.3,0,13.2,27.7,35891.95
Pakistan,02-11-2020,23.7,5.2,15.3,0,11.9,23.8,35842
Pakistan,03-11-2020,24.4,6.6,16.1,0,13.7,27.4,35791.76
Pakistan,04-11-2020,24.6,7.3,17,0,15.5,30.2,35741.26
Pakistan,05-11-2020,23,6.6,15.8,0,13,27.4,35690.52
Pakistan,06-11-2020,22.3,6.9,15.7,0,11.8,25.9,35639.6
Pakistan,07-11-2020,23.8,6.8,16.2,0,11.5,22.7,35588.51
Pakistan,08-11-2020,24.7,6.4,16.5,0,11.2,21.2,35537.29
Pakistan,09-11-2020,23.6,6.8,16.3,0,11.6,23,35485.98
Pakistan,10-11-2020,22.6,6.4,16,0,10.8,19.8,35434.21
Pakistan,11-11-2020,20.9,7.2,14.8,0,11.5,22.7,35381.79
Pakistan,12-11-2020,21.2,7.6,15.5,0,12.5,24.5,35328.81
Pakistan,13-11-2020,20.9,10.2,15.9,0,16.8,34.6,35275.34
Pakistan,14-11-2020,19.7,10.3,14.5,1.5,24,50.8,20658.58
Pakistan,15-11-2020,17,7.2,11.9,0.5,17.2,34.9,35167.27
Pakistan,16-11-2020,16,1.6,9.1,0,13.2,28.1,35112.84
Pakistan,17-11-2020,16.1,1.8,9,0,11.3,24.5,35044.86
Pakistan,18-11-2020,17.1,1.2,9.3,0,13,27.7,34961.72
Pakistan,19-11-2020,16.6,3.5,10.6,0,20.5,41.8,34880.13
Pakistan,20-11-2020,15.1,2.6,9.1,0,14.7,30.2,34800.23
Pakistan,21-11-2020,17,1.5,9.4,0,13.7,29.9,34722.11
Pakistan,22-11-2020,14.9,1.8,8.8,0,9.2,19.8,17011.74
Pakistan,23-11-2020,15.3,3.7,10.6,0.3,13.8,28.8,31488.9
Pakistan,24-11-2020,11,6.8,8.6,4.4,11.3,23,12449.38
Pakistan,25-11-2020,13,6.1,9.1,2.8,10.3,22.7,30961.37
Pakistan,26-11-2020,14.6,1.1,8.2,0,13,26.6,34362.96
Pakistan,27-11-2020,17.3,0.4,9.2,0,10.7,18,34298.32
Pakistan,28-11-2020,20.7,1.7,11.5,0,11.9,23.4,34236.4
Pakistan,29-11-2020,22.5,5.9,14.2,0,12.5,25.6,34177.32
Pakistan,30-11-2020,22.3,6.4,15.2,0,14.3,28.4,33508.5
Pakistan,01-12-2020,22.8,5.4,15.5,0,11,22.7,34065.8
Pakistan,02-12-2020,23.4,5.2,15,0,13.3,25.6,33989.43
Pakistan,03-12-2020,23.6,6.5,15,0,13.2,27.4,33845.62
Pakistan,04-12-2020,22.6,6.5,14.9,0,18.6,38.2,32846.87
Pakistan,05-12-2020,19,6.7,13.5,0,20.5,40.7,31074.55
Pakistan,06-12-2020,19.3,6.3,13.5,0,14.3,28.4,33324.84
Pakistan,07-12-2020,18.2,8.8,13.2,0,20.8,41.4,33203.02
Pakistan,08-12-2020,16.7,8.2,12.7,1.8,16.8,40.3,31033.27
Pakistan,09-12-2020,15.5,6.6,11.1,0.7,11.3,24.5,32637.43
Pakistan,10-12-2020,13.9,3.8,9.2,0.3,13.2,27,32758.55
Pakistan,11-12-2020,11.5,4.9,7.8,6.8,16.6,35.6,28800
Pakistan,12-12-2020,11.9,0.4,5.8,0,17.6,36.7,33203.87
Pakistan,13-12-2020,11.1,-0.9,4.5,0,13.9,27,33103.2
Pakistan,14-12-2020,9.8,-0.8,4.1,0,12.3,23.8,33007.82
Pakistan,15-12-2020,8.6,-2.4,2.6,0,16.7,33.8,33117.82
Pakistan,16-12-2020,10,-4.2,2.4,0,11.2,23.4,33028.84
Pakistan,17-12-2020,11.2,-2.6,4.3,0,10.8,18.4,32944.99
Pakistan,18-12-2020,15.4,-0.2,7.8,0,10.5,18.7,32866.14
Pakistan,19-12-2020,16.8,0.1,9.6,0,10.4,16.6,32792.21
Pakistan,20-12-2020,17.5,2.5,10.8,0,12.6,24.8,32040.88
Pakistan,21-12-2020,16,2.3,10.1,0,18.8,38.5,32747.19
Pakistan,22-12-2020,14.9,0.8,8.3,0,11.5,22,32831.97
Pakistan,23-12-2020,13.8,-0.3,7.4,0,10.9,23.8,32741.79
Pakistan,24-12-2020,14.2,-1,7.2,0,11.8,19.4,32738.87
Pakistan,25-12-2020,14.6,0.7,7.9,0,11,24.8,32735.87
Pakistan,26-12-2020,13.5,2.5,8.7,0,17.1,34.6,32651.7
Pakistan,27-12-2020,10,-0.3,4.7,0,35.2,69.1,32729.75
Pakistan,28-12-2020,11.2,-2.9,3.7,0,20.1,45,32726.71
Pakistan,29-12-2020,11.4,-3.6,3.2,0,10.9,24.5,32646.65
Pakistan,30-12-2020,12.9,-3.2,5,0,11.2,19.1,32644.95
Pakistan,31-12-2020,13.3,-2.8,5.2,0,12.1,19.8,32493.65
Pakistan,01-01-2021,13.9,-2.8,5.1,0,11.8,22.3,32641.74
Pakistan,02-01-2021,14.6,-2.5,5.4,0,18.7,36.7,32640.27
Pakistan,03-01-2021,14,-1.6,6.2,0,13.2,28.4,32566.72
Pakistan,04-01-2021,12.6,-0.6,6.4,0.4,12.3,24.1,32400
Pakistan,05-01-2021,12.7,1.1,7,0,12.6,26.6,32400
Pakistan,06-01-2021,13.1,-0.6,6.7,0,16.4,33.8,32599.82
Pakistan,07-01-2021,11.5,-1.6,5.2,0,10.7,20.9,32660.31
Pakistan,08-01-2021,10.7,-1.6,4.1,0,19.1,37.8,32659.78
Pakistan,09-01-2021,13.6,-1.8,5.1,0,12.1,25.2,32729.18
Pakistan,10-01-2021,14.4,-2.9,5,0,13.6,28.4,32804.6
Pakistan,11-01-2021,15.5,-2,6.4,0,13,22.7,32885.89
Pakistan,12-01-2021,18.3,-0.6,8,0,15.8,32.8,32892.39
Pakistan,13-01-2021,19.1,0,8.9,0,12.6,26.6,32981.76
Pakistan,14-01-2021,18.9,0.5,10,0,12.6,20.9,32268.24
Pakistan,15-01-2021,19.4,0.7,11,0,10.4,20.9,33086.51
Pakistan,16-01-2021,19.9,1.1,11.1,0,11.6,22,33095.37
Pakistan,17-01-2021,19.2,1.6,11.8,0,11.6,24.5,33274.19
Pakistan,18-01-2021,16.2,1.5,9.1,0,12.7,25.9,33208.6
Pakistan,19-01-2021,17.6,2.4,10.2,0,13.3,24.5,33318.59
Pakistan,20-01-2021,18.8,2.7,11.2,0,12.9,28.1,33432.8
Pakistan,21-01-2021,18,2.3,10.9,0,20.7,42.1,33523.44
Pakistan,22-01-2021,20.1,3.5,12.5,0,21.1,42.1,33124.16
Pakistan,23-01-2021,14.1,3.1,7.8,0,31,61.6,33828.04
Pakistan,24-01-2021,14.8,-0.8,6.9,0,17,34.2,34209.13
Pakistan,25-01-2021,14.8,-2.1,7.2,0,14.5,27,34346.03
Pakistan,26-01-2021,14.2,-1.5,6.7,0,11.6,25.9,34468.97
Pakistan,27-01-2021,13.9,-1.7,6.5,0,11.9,23,34506.47
Pakistan,28-01-2021,14.8,-0.8,7.3,0,11.5,24.8,34671.98
Pakistan,29-01-2021,15.2,-1.1,7.7,0,13,24.5,34729.54
Pakistan,30-01-2021,16.5,-0.8,8.2,0,14.6,29.2,34591.86
Pakistan,31-01-2021,17.6,2.1,10.8,0,19.1,38.9,34748.32
Pakistan,01-02-2021,18.5,3.7,11.4,0,17.6,32.8,34901.06
Pakistan,02-02-2021,16.7,3.5,10.5,0,14.5,28.4,34695.56
Pakistan,03-02-2021,15.2,1.2,9.2,0,15.3,31,34001.21
Pakistan,04-02-2021,14.5,1.2,8.6,0.1,16.8,32.8,35172.28
Pakistan,05-02-2021,15.9,2.2,9.4,0,10.1,22.3,35440.31
Pakistan,06-02-2021,17,-0.4,9.3,0,14.3,30.2,35500.07
Pakistan,07-02-2021,21.2,2.1,11.9,0,13.1,26.6,35558.93
Pakistan,08-02-2021,21.6,3,13,0,14.5,27.7,35728.68
Pakistan,09-02-2021,21,3.9,13.6,0,20.1,39.6,35673.75
Pakistan,10-02-2021,21.4,5.5,13.6,0,16.7,34.2,36076.99
Pakistan,11-02-2021,22.2,4.9,13.7,0,15.5,32,36137.53
Pakistan,12-02-2021,20.7,4.5,14.1,0,14,30.6,33790.17
Pakistan,13-02-2021,21.1,11.1,15.5,0,13.6,29.5,35159.66
Pakistan,14-02-2021,21.6,4.6,14,0,12.7,24.8,36681.99
Pakistan,15-02-2021,20.4,4.3,13.6,0,11.6,24.5,36868.16
Pakistan,16-02-2021,21.2,4.9,13.8,0,12.3,24.5,37056.46
Pakistan,17-02-2021,21.2,4.1,13.4,0,16,31.3,37375.87
Pakistan,18-02-2021,21.2,4,14.1,0,14.8,29.2,37439.37
Pakistan,19-02-2021,20.3,10.1,14.8,0,19.1,39.2,37501.6
Pakistan,20-02-2021,21.3,7.5,15.2,0,17.1,33.1,34390.36
Pakistan,21-02-2021,22,9.7,16.2,0,16.1,31.7,37830.22
Pakistan,22-02-2021,22.6,10.7,16.6,0,19.4,39.2,37940.73
Pakistan,23-02-2021,22.6,10,17.3,0,17.1,36.4,38051.93
Pakistan,24-02-2021,23.2,8.6,16.7,0,18.6,37.4,38163.7
Pakistan,25-02-2021,24,12.6,18,0,25.7,50.8,38275.95
Pakistan,26-02-2021,22.4,11,16.5,0,27,53.3,36434.03
Pakistan,27-02-2021,19,6.2,12.5,0,28.5,55.8,38501.55
Pakistan,28-02-2021,19.8,4,12.4,0,14.5,28.8,38614.7
Pakistan,01-03-2021,20.7,4.3,13.6,0,13.9,28.1,38727.97
Pakistan,02-03-2021,21.7,7.9,15.5,0,19.6,37.4,38841.25
Pakistan,03-03-2021,24.1,9.4,17.7,0,21.3,41.4,38954.49
Pakistan,04-03-2021,24.4,8.9,17,0,23.4,46.1,39055.09
Pakistan,05-03-2021,24.7,8.1,17.5,0,16.8,35.3,39124.79
Pakistan,06-03-2021,26.6,14.4,20.2,0,29.3,59,39194.53
Pakistan,07-03-2021,24.6,11.7,18.6,0,25.6,50,39264.24
Pakistan,08-03-2021,23.3,8.5,16.6,0,20.5,42.8,39333.81
Pakistan,09-03-2021,22.8,10.1,16.8,0,21,43.2,39403.16
Pakistan,10-03-2021,24.1,11.4,17.9,0,25,50.4,39473.02
Pakistan,11-03-2021,24.2,12.7,17.2,1,24.5,53.3,35923.79
Pakistan,12-03-2021,21.3,10,15.8,1.1,18.5,37.4,39600
Pakistan,13-03-2021,22.3,10.4,15.9,0,26,50.8,38503.14
Pakistan,14-03-2021,23.3,10,16.9,0.1,15.1,36.7,39600
Pakistan,15-03-2021,23.5,10.5,17.6,0,21.1,40.3,39600
Pakistan,16-03-2021,23.7,10.8,18.5,0,15.6,33.5,39600
Pakistan,17-03-2021,25,10.6,18.8,0,16,34.9,39600
Pakistan,18-03-2021,25.5,11.2,18.8,0.1,22.5,45.4,39600
Pakistan,19-03-2021,23.7,11.5,18.5,0.1,19.6,48.2,36775.08
Pakistan,20-03-2021,24.8,14.4,19.7,0.1,22.3,48.2,37417.58
Pakistan,21-03-2021,22.9,13.1,18.1,0.9,25.1,49.7,38597.45
Pakistan,22-03-2021,20.1,10.4,13.6,3.8,26.4,64.8,27262.14
Pakistan,23-03-2021,18.5,7.2,12.9,1.6,21,43.9,39600
Pakistan,24-03-2021,21.5,6.4,14.4,0,23.3,45,39600
Pakistan,25-03-2021,23,8.7,16.1,0,20,39.6,39600
Pakistan,26-03-2021,28.2,10.5,20,0,20.2,40.3,39600
Pakistan,27-03-2021,31.3,12.5,22.8,0,23.8,45.7,39600
Pakistan,28-03-2021,32.3,17.5,24.4,0,35,67.3,39637.1
Pakistan,29-03-2021,31.2,17.6,24.4,0,35.3,69.1,39720
Pakistan,30-03-2021,28.1,14.7,21.2,0,35.7,70.6,39905.94
Pakistan,31-03-2021,28.7,9.7,19.8,0,28,53.6,39956.48
Pakistan,01-04-2021,29.1,13.4,21.3,0,30.5,59.4,40002.26
Pakistan,02-04-2021,29.3,13.8,22.1,0,24.9,49.7,39999.94
Pakistan,03-04-2021,29.3,13.3,22.3,0,26.6,49,40106.03
Pakistan,04-04-2021,30.1,17.2,23.3,0,26.2,52.2,39600
Pakistan,05-04-2021,28.4,16.6,22.3,0.1,27.2,54.7,37658.78
Pakistan,06-04-2021,19.2,14,16.5,6.9,16.4,43.9,25371.02
Pakistan,07-04-2021,23.8,7.7,16.7,0,17.8,37.4,40687.61
Pakistan,08-04-2021,25.1,9.1,18.4,0,22,43.6,40687.29
Pakistan,09-04-2021,26.7,10.7,20.3,0,18.4,38.5,40810.7
Pakistan,10-04-2021,27.3,12.8,21.2,0,22.4,42.8,40837.75
Pakistan,11-04-2021,28.7,14.1,23.1,0,26.5,52.9,36162.93
Pakistan,12-04-2021,29.9,15.1,23.1,0,17.8,44.3,40979
Pakistan,13-04-2021,28.3,15.3,22.6,0,23.4,54.4,32955.85
Pakistan,14-04-2021,28.6,15.2,23.6,0.2,30,58,38735.77
Pakistan,15-04-2021,26.7,17.2,21.3,3.3,25.8,50,35084.2
Pakistan,16-04-2021,18.9,13.2,15.3,11,17.9,37.8,34492.88
Pakistan,17-04-2021,23.8,10.7,17.5,0.1,21.5,43.2,41987.45
Pakistan,18-04-2021,27,13,20.6,0,18.1,38.9,42279.25
Pakistan,19-04-2021,27.7,12.2,19.7,0,29,54.7,34182.67
Pakistan,20-04-2021,21.9,13.7,17,6.1,19.1,40.7,22635.53
Pakistan,21-04-2021,26.8,10.4,18.7,0,21.4,41.4,42923.89
Pakistan,22-04-2021,28.9,14,22.3,0,19.2,37.8,42862.27
Pakistan,23-04-2021,27.5,13.3,21,0,23.3,50.8,43039.4
Pakistan,24-04-2021,28.7,14.2,21.9,0,19.3,39.6,43218.44
Pakistan,25-04-2021,31.4,17.4,24.2,0,18.3,35.3,43399.29
Pakistan,26-04-2021,32.4,17.4,25.7,0,18.1,35.3,43456.66
Pakistan,27-04-2021,32.8,19.2,27.5,0.1,20.7,47.2,42766.23
Pakistan,28-04-2021,31.8,20.2,26.9,0,26,51.1,39769.74
Pakistan,29-04-2021,31.6,20.7,26.2,0,16.5,42.5,39876
Pakistan,30-04-2021,30.8,17.8,24.8,0,29.1,59.8,40783.45
Pakistan,01-05-2021,29.8,18.5,25.1,0.2,19.7,45,43085.14
Pakistan,02-05-2021,29.6,18.9,24.1,0.1,26.5,57.2,39844.45
Pakistan,03-05-2021,27.3,17,22.2,1.8,24,56.5,41957.23
Pakistan,04-05-2021,26.5,17.4,22.5,2,20.5,44.6,42329.05
Pakistan,05-05-2021,28.2,16.1,22.5,1,23.9,54,43783.55
Pakistan,06-05-2021,26.7,16.6,22,2.4,20.2,39.6,38535.05
Pakistan,07-05-2021,29.4,15.4,23.6,0,23.2,43.9,44352.12
Pakistan,08-05-2021,31.1,16.5,25.3,0,18.4,35.3,44213.49
Pakistan,09-05-2021,32.8,20.1,26.9,0,20.1,37.8,43649.19
Pakistan,10-05-2021,33,20.4,27.7,0,20,41,43502.25
Pakistan,11-05-2021,30.9,20.4,26.8,0,26,51.5,42904.54
Pakistan,12-05-2021,32.3,19.7,26.5,0,23.6,47.9,44356.66
Pakistan,13-05-2021,32.2,18.6,25.3,0,28.3,53.3,43200
Pakistan,14-05-2021,30.6,18.4,24.1,0,23.2,49.3,44357.08
Pakistan,15-05-2021,29.7,17.9,23.6,0.2,34,65.5,43766.19
Pakistan,16-05-2021,28.7,16.3,23.4,1.5,19.4,57.6,44059.21
Pakistan,17-05-2021,30,18.1,24.5,0,24.9,49.3,44356.3
Pakistan,18-05-2021,31.2,17.3,25.5,0,19.9,40.7,44959.07
Pakistan,19-05-2021,32,19.4,26.2,0,20.9,41.4,45417.91
Pakistan,20-05-2021,35.1,21.1,27.8,0,26,52.6,44812.54
Pakistan,21-05-2021,32.7,20.3,26.9,0,24.8,48.6,44045.27
Pakistan,22-05-2021,28.1,19.6,23.9,0.7,28,56.2,44506.47
Pakistan,23-05-2021,28.6,15.2,22.1,0.1,25.5,50,44817.45
Pakistan,24-05-2021,31,16,24.2,0,24,47.2,45131.9
Pakistan,25-05-2021,34.7,19.1,27.2,0,20.6,45.4,43717.33
Pakistan,26-05-2021,35.4,20.2,28.5,0,20.8,43.6,45137.32
Pakistan,27-05-2021,36.2,20.8,30,0,17.4,34.9,45458.02
Pakistan,28-05-2021,37.1,24.7,31,0,29.8,60.8,40154.85
Pakistan,29-05-2021,36.6,24.1,30.8,0,24.7,50,45304.56
Pakistan,30-05-2021,36.5,23.2,30.5,0,18.4,43.2,45468.66
Pakistan,31-05-2021,37.2,22.8,30.6,0,22.2,45,43200
Pakistan,01-06-2021,36.9,22.3,28.9,0,28.1,55.4,45637.73
Pakistan,02-06-2021,35.1,21.3,27.6,0,36.4,68.8,45641.15
Pakistan,03-06-2021,31.9,22.3,27,1.8,19.8,47.9,44555.06
Pakistan,04-06-2021,33.4,21.4,27.1,0.1,26.3,57.6,45151.55
Pakistan,05-06-2021,33.8,22.8,27.1,0.1,26.8,57.6,42975.46
Pakistan,06-06-2021,34.4,21.4,28.2,0,20.6,41.4,44153.29
Pakistan,07-06-2021,37.7,23.2,30.5,0,20.4,40.3,45821.84
Pakistan,08-06-2021,40,24.8,32.3,0,25,47.9,45992.25
Pakistan,09-06-2021,40.9,25.4,33.7,0,27.8,55.4,44984.85
Pakistan,10-06-2021,39.9,26.8,33.1,0,24.8,49.3,45153.14
Pakistan,11-06-2021,40,25.8,32.8,0,24.7,50,44644.51
Pakistan,12-06-2021,36.2,26.2,30.5,0,21.6,56.9,46002.43
Pakistan,13-06-2021,37,22.8,29.2,0,25.4,49.3,45833.88
Pakistan,14-06-2021,35.8,22.3,29.1,0.1,17.6,37.4,45644.14
Pakistan,15-06-2021,36.7,23.7,28.7,0,31.1,60.8,46125.73
Pakistan,16-06-2021,33.7,21.1,26.7,2.1,25.3,47.9,45041.25
Pakistan,17-06-2021,26.8,20,23,3.3,20.3,40.7,41202
Pakistan,18-06-2021,28.9,19.1,24,0,20.2,39.6,43378.43
Pakistan,19-06-2021,32.3,20.5,26.6,0,22.5,48.2,45450.43
Pakistan,20-06-2021,34.4,21.8,28.1,0,27.4,54,43275.77
Pakistan,21-06-2021,32.9,20.8,26.6,1.7,23.6,51.1,33996.81
Pakistan,22-06-2021,34.5,20.5,28.1,0,21.6,43.9,45749.11
Pakistan,23-06-2021,36.8,22.8,30.1,0,27.8,53.3,46125.48
Pakistan,24-06-2021,36.6,23.4,30.3,0,21.3,41.4,46111.99
Pakistan,25-06-2021,36.4,23.4,30.2,0,24.7,49,45473.34
Pakistan,26-06-2021,32.9,23.8,27.4,0.6,30.3,58.7,43270.38
Pakistan,27-06-2021,32.5,20.9,27.7,0.2,19.9,40.7,43977.63
Pakistan,28-06-2021,35.1,22.4,29.2,0,19.6,37.4,44821.03
Pakistan,29-06-2021,37.2,23.5,30.9,0,21.7,41,45584.95
Pakistan,30-06-2021,37.5,24.2,31.7,0,23.5,45,45929.32
Pakistan,01-07-2021,38.9,23.7,32,0,28.4,55.8,43041.42
Pakistan,02-07-2021,37.6,24.9,31.2,0,30.3,59.8,44878.97
Pakistan,03-07-2021,35.3,24.2,29.6,0.1,35.5,67.7,42815.84
Pakistan,04-07-2021,33.4,23.3,27.7,8,24.9,54,37889.9
Pakistan,05-07-2021,32.5,22.7,26.8,0.2,15.3,46.1,41537.82
Pakistan,06-07-2021,34.4,21.2,28.4,0,17.1,32.8,41112.69
Pakistan,07-07-2021,37.1,24.4,30.8,0,25.9,51.1,42364.71
Pakistan,08-07-2021,37.8,25,31.3,0,21.6,41.8,43898.52
Pakistan,09-07-2021,36.3,25.5,31.4,0,21,41.8,42654.29
Pakistan,10-07-2021,36.2,25.3,30.5,0,17.3,32.8,42551.96
Pakistan,11-07-2021,35.6,25.9,31,0,18.4,35.3,42275.2
Pakistan,12-07-2021,36.4,26.9,30.3,1.6,20.8,42.1,40115.86
Pakistan,13-07-2021,32.1,22.3,27,5.1,21.1,40.7,39823.73
Pakistan,14-07-2021,32.6,22.6,26.2,9.6,18.6,38.5,33332.11
Pakistan,15-07-2021,29.9,22.4,25.9,2.5,24.2,47.2,37583.25
Pakistan,16-07-2021,32.9,22.6,28,0,17.3,36,41860.14
Pakistan,17-07-2021,35,23.6,29.7,0,21.2,40.3,41730.67
Pakistan,18-07-2021,38,24.9,30.9,0,18.8,36.4,42116.44
Pakistan,19-07-2021,38.9,25.1,31,9.5,22.4,53.6,41977.53
Pakistan,20-07-2021,34.7,23.2,28,2.7,26,51.1,41356.28
Pakistan,21-07-2021,32.8,22.8,26.7,3.3,20.9,41,39070.41
Pakistan,22-07-2021,31.1,20.9,25.8,2.3,27.1,52.9,37530.07
Pakistan,23-07-2021,30.5,22.4,26.6,3.8,19.6,40,36274.48
Pakistan,24-07-2021,34.3,23,29.4,0,15.1,31.7,42416.43
Pakistan,25-07-2021,36.5,24.9,30.9,0,19.8,42.1,42089.73
Pakistan,26-07-2021,38.6,26.1,32,0,22.4,42.8,42586.84
Pakistan,27-07-2021,36.6,25.8,30.4,0,21.7,42.1,37268.38
Pakistan,28-07-2021,37.7,23.8,29.7,0,21.4,46.1,39920.01
Pakistan,29-07-2021,36.6,25.1,30.1,0,23.8,45.7,42269.23
Pakistan,30-07-2021,36.8,25.2,30.2,0.5,21.9,42.5,41468.75
Pakistan,31-07-2021,36,23.8,28.8,1.3,23.9,47.2,41234.43
Pakistan,01-08-2021,35.2,22.8,28.5,0.8,31,60.8,41958.76
Pakistan,02-08-2021,34.8,23.1,29,0,26.8,51.8,41813.14
Pakistan,03-08-2021,35.1,23.9,29.7,0,20.4,43.6,39658.58
Pakistan,04-08-2021,36,23.6,29.8,0,27.8,52.6,42133.09
Pakistan,05-08-2021,35.3,24.1,29.8,0,21.7,42.8,41220.48
Pakistan,06-08-2021,34.5,23.1,28.8,0,24.2,56.2,41988.43
Pakistan,07-08-2021,34.3,23.3,29.2,0,21.8,42.5,42133.65
Pakistan,08-08-2021,34.6,23.8,29.4,0,20.9,50.4,41837.9
Pakistan,09-08-2021,34.4,23.2,29.3,0,19.4,55.4,39476.08
Pakistan,10-08-2021,35.8,22.8,29.1,0,22.8,47.5,41998.02
Pakistan,11-08-2021,37,22.9,29.4,0,21.3,40.7,42000.59
Pakistan,12-08-2021,36.3,22.6,29.5,0,22.7,42.8,42002.72
Pakistan,13-08-2021,37.9,21.7,29.5,0,24,46.4,42004.4
Pakistan,14-08-2021,37.4,22.1,29.3,0,24.6,47.9,42153.94
Pakistan,15-08-2021,34.5,22.5,27.2,0.9,27.5,52.6,38357.07
Pakistan,16-08-2021,28,22,24.1,5,21.5,43.9,35178.47
Pakistan,17-08-2021,29.7,20.1,24.5,0.4,21.5,40,41175.63
Pakistan,18-08-2021,30.6,20.8,25.6,0,17.1,33.1,41183.66
Pakistan,19-08-2021,33.6,21.6,27.3,0,22.7,42.5,41465.92
Pakistan,20-08-2021,34.3,21.4,27.6,0,22.3,45.4,41069.4
Pakistan,21-08-2021,32.6,21.1,27,0.1,21.6,41.4,40577.78
Pakistan,22-08-2021,34.2,21.3,27.5,0,26.2,50.4,40820.54
Pakistan,23-08-2021,35.6,21.7,28.7,0,19.9,40,40953.56
Pakistan,24-08-2021,36.5,22.5,30,0,19.5,37.8,41119.16
Pakistan,25-08-2021,36.6,22.3,29.8,0,17.5,34.2,41126.62
Pakistan,26-08-2021,36.7,20.9,29.6,0,23.8,47.5,40856.13
Pakistan,27-08-2021,35.8,23.6,29.1,0,23.1,43.9,37252.73
Pakistan,28-08-2021,34.4,22.5,27.9,0.3,23.8,45.4,35386.22
Pakistan,29-08-2021,31.8,22.5,26.6,0.3,18.3,42.5,38407.38
Pakistan,30-08-2021,31.4,22.4,26.6,0,19.8,43.9,39784.85
Pakistan,31-08-2021,31.3,21.3,25.9,1.7,30.2,58,37052.88
Pakistan,01-09-2021,30,21.7,25.2,0.2,15.3,33.1,39519.95
Pakistan,02-09-2021,31.3,19.7,25.9,0,14.4,28.1,40192.7
Pakistan,03-09-2021,31.5,20.9,26.4,0.2,14.9,31.7,39703.38
Pakistan,04-09-2021,32.1,21.9,27.6,0,15.8,31.3,39787.24
Pakistan,05-09-2021,33.2,22.4,28.1,0,14,28.8,40200.22
Pakistan,06-09-2021,33.2,22.3,28.5,0,13.9,26.6,40202.46
Pakistan,07-09-2021,34.8,23.5,28.9,0,16.1,31.3,40079.8
Pakistan,08-09-2021,34,23.7,28.2,0,26.5,53.3,39959.16
Pakistan,09-09-2021,30.6,21.9,25.9,1.7,15.7,32,38697.29
Pakistan,10-09-2021,29.5,20.8,25.4,0.9,20.2,49.3,39724.05
Pakistan,11-09-2021,29.7,20.7,24.5,0.1,18.7,37.1,39351.32
Pakistan,12-09-2021,29.9,20.3,24.6,0.3,15.3,33.5,39600
Pakistan,13-09-2021,32.2,20.4,26.2,0,14.5,31.7,39600
Pakistan,14-09-2021,29.1,19.8,25.6,1,15.3,32.8,39084.39
Pakistan,15-09-2021,31.2,20.4,26.1,0,18.5,38.5,39868.17
Pakistan,16-09-2021,33.7,20.8,27.1,0,20.6,38.9,39986.76
Pakistan,17-09-2021,34.7,20.2,28,0,18.8,36.7,39989.51
Pakistan,18-09-2021,33.7,22.3,28,0,22.1,46.8,39880.1
Pakistan,19-09-2021,33,21.5,27.7,0,16.9,32.4,39534.17
Pakistan,20-09-2021,31.8,23,26.8,0.5,21.3,54.4,38390.38
Pakistan,21-09-2021,32.1,22.1,26.2,0.8,23.8,51.1,39451.87
Pakistan,22-09-2021,28.6,20.6,24,2.8,17.6,52.9,38919.74
Pakistan,23-09-2021,28.9,20,24.6,0.6,19.2,39.6,38919.35
Pakistan,24-09-2021,29.2,20,23.9,2.3,15.3,32.8,36259.96
Pakistan,25-09-2021,30,18.2,24.8,0,16.2,31.3,39153.12
Pakistan,26-09-2021,31.2,18.6,25.4,0.1,16.3,33.5,39181.24
Pakistan,27-09-2021,31.2,20,25.4,0,19.1,38.5,38596.74
Pakistan,28-09-2021,30.3,19.7,25.5,0,18.4,38.5,37847.1
Pakistan,29-09-2021,29.8,19.9,25.4,0,18.8,38.9,38446.45
Pakistan,30-09-2021,31.2,19.4,25.5,0,18.4,34.9,38417.8
Pakistan,01-10-2021,29.1,21.5,24.9,0,20.4,38.9,27123.9
Pakistan,02-10-2021,30.9,20.1,25,0,17.4,36,31260.46
Pakistan,03-10-2021,32.6,19.6,25.8,0,19.1,36.7,37259.52
Pakistan,04-10-2021,31.2,16.8,24.4,0,16.3,33.1,38525.95
Pakistan,05-10-2021,30.1,17.3,23.8,0,18.8,38.9,38220.95
Pakistan,06-10-2021,30.3,17.9,24.4,0,16.5,33.8,38327.35
Pakistan,07-10-2021,31.7,17.2,24.8,0,14.3,28.8,38253.39
Pakistan,08-10-2021,32.7,15,24.7,0,13.7,28.8,38172.15
Pakistan,09-10-2021,31.7,16.3,24.9,0,15.5,33.5,37896.05
Pakistan,10-10-2021,30.6,14.5,23.1,0,27.4,53.3,37753.4
Pakistan,11-10-2021,26.6,13.1,20.4,0,18.4,39.6,37737.44
Pakistan,12-10-2021,26.6,11,19.2,0,12,24.8,37477.47
Pakistan,13-10-2021,27,9.9,19.4,0,11.1,24.5,37463.3
Pakistan,14-10-2021,28.3,10.7,20.2,0,13,24.8,37215.04
Pakistan,15-10-2021,28.2,9.2,20.3,0,11.7,20.5,37089.2
Pakistan,16-10-2021,26.9,10.7,20.2,0,16.2,31.3,36855.8
Pakistan,17-10-2021,26,11.8,20,0,11.9,21.6,36740.12
Pakistan,18-10-2021,25.9,12.5,19.8,0,15.5,31,36628.54
Pakistan,19-10-2021,26.5,10.6,19.4,0,15.3,27.7,36624.2
Pakistan,20-10-2021,29.9,10.7,20.9,0,15.9,29.2,36418.56
Pakistan,21-10-2021,29.5,11.8,21.3,0,18.5,34.2,36320.6
Pakistan,22-10-2021,28.3,17.3,21.8,0,25.9,48.6,36227.61
Pakistan,23-10-2021,23.4,10.7,17.4,0,14.4,29.9,36230.5
Pakistan,24-10-2021,22.3,9.6,16,0,20.6,39.6,36144.89
Pakistan,25-10-2021,19.9,9.3,14.6,0,16.8,34.2,36064.82
Pakistan,26-10-2021,21.3,10.7,15.7,0,19.7,36.7,36000
Pakistan,27-10-2021,22.8,8.7,16.2,0,14,27.4,36000
Pakistan,28-10-2021,22.7,8,16.5,0,10.8,22.7,36007.24
Pakistan,29-10-2021,25.1,7.7,17.2,0,13.2,26.3,36000
Pakistan,30-10-2021,25.3,8.6,17.6,0,15,31,36000
Pakistan,31-10-2021,26.9,10.3,18.2,0,22.7,43.2,35954.1
Pakistan,01-11-2021,23.6,11.3,17.5,0,19.4,36.4,35905.09
Pakistan,02-11-2021,22.9,10.4,16.7,0,19.4,33.8,35855.79
Pakistan,03-11-2021,21.6,8.7,15.7,0,15.6,30.2,35806.2
Pakistan,04-11-2021,21.3,7.3,15.5,0,18.1,35.3,35756.37
Pakistan,05-11-2021,23.3,9.1,17,0,17.1,30.2,35706.01
Pakistan,06-11-2021,22.9,8.4,16.3,0,17.1,32.8,35654.98
Pakistan,07-11-2021,22.7,8.7,16.4,0,19.4,36.4,35603.34
Pakistan,08-11-2021,23.4,8.6,16.8,0,14.8,29.5,35551.17
Pakistan,09-11-2021,23.2,9,16.7,0,14.5,28.4,35498.52
Pakistan,10-11-2021,21.6,8,15.8,0,16.7,33.5,35445.46
Pakistan,11-11-2021,21.4,8,15.3,0,11.7,22.7,35392.05
Pakistan,12-11-2021,21.3,6.3,14.8,0,11.2,23.8,35338.36
Pakistan,13-11-2021,22.1,5.5,14.1,0,13,22,35284.46
Pakistan,14-11-2021,21.7,4,14.4,0,27.6,52.6,35230.42
Pakistan,15-11-2021,20.8,6.6,14.2,0,13.6,29.2,35176.3
Pakistan,16-11-2021,20.3,3.7,12.9,0,14.1,28.4,35122.18
Pakistan,17-11-2021,19.7,4.9,14.4,0,12.2,25.9,35058.63
Pakistan,18-11-2021,20.1,5.1,13.9,0,10.3,23,34975.32
Pakistan,19-11-2021,19,5.3,12.8,0,13.4,25.2,34893.92
Pakistan,20-11-2021,18.9,4.3,12.7,0,10.9,23,34814.57
Pakistan,21-11-2021,19.4,4.1,12.8,0,11.5,20.9,34737.42
Pakistan,22-11-2021,22,3.8,13,0,13.2,25.6,34662.57
Pakistan,23-11-2021,24.5,6.8,15.3,0,17.1,33.5,34590.18
Pakistan,24-11-2021,23,8.8,16.2,0,17.2,32,34520.37
Pakistan,25-11-2021,20.5,6.5,14.9,0,10.8,20.9,34452.5
Pakistan,26-11-2021,19.7,4.8,12.7,0,11.2,20.9,34386.21
Pakistan,27-11-2021,19.8,4.8,12.6,0,13.4,27.7,34321.59
Pakistan,28-11-2021,18.9,4.8,12.1,0,12.4,25.2,34258.75
Pakistan,29-11-2021,18.6,4.1,12.4,0,10.5,22.3,34197.74
Pakistan,30-11-2021,19.1,4.8,13.1,0,9.7,21.6,34138.68
Pakistan,01-12-2021,18.7,3.1,11.8,0,10.9,19.8,34081.66
Pakistan,02-12-2021,18.9,3.9,11.8,0,10.8,18,33996.7
Pakistan,03-12-2021,18.2,1.9,11.1,0,11,18.7,33106.91
Pakistan,04-12-2021,16.8,2.6,10.3,0,14.1,24.5,33711.5
Pakistan,05-12-2021,17.1,2.6,10.7,0,10.4,22.3,33455.11
Pakistan,06-12-2021,15.3,2.5,9.8,0,11,24.1,33564.88
Pakistan,07-12-2021,15.2,2.1,9.5,0,14.3,27.7,33437.53
Pakistan,08-12-2021,18.3,1,9.6,0,10.5,19.8,33430.24
Pakistan,09-12-2021,17.8,1.4,10.1,0,11.5,20.9,33423.97
Pakistan,10-12-2021,17.1,-0.1,9.3,0,11.3,20.5,33308.04
Pakistan,11-12-2021,17.3,0.5,9.8,0,11.4,21.2,29340.17
Pakistan,12-12-2021,16.2,1.3,9.5,0,10.4,18,33091.89
Pakistan,13-12-2021,14.3,0.5,7.4,0,11.9,22,32677.26
Pakistan,14-12-2021,12.6,-1.7,5.9,0,13.7,28.4,33102.38
Pakistan,15-12-2021,10.6,-2.3,4.2,0,14.7,28.4,33110.19
Pakistan,16-12-2021,11.2,-2,4.1,0,18,34.2,33020.76
Pakistan,17-12-2021,11.5,-2.8,4.3,0,11.7,24.1,33034.02
Pakistan,18-12-2021,13.7,-3.9,5.5,0,10.9,18.4,32953.75
Pakistan,19-12-2021,16.2,-0.7,8,0,10.6,22.3,32878.91
Pakistan,20-12-2021,18.3,3.1,11.5,0,13.5,27,32717.94
Pakistan,21-12-2021,19.2,2.5,11.1,0,15,28.1,32834.75
Pakistan,22-12-2021,17,2.8,11.2,0,11.4,23.4,31731.61
Pakistan,23-12-2021,17.1,2.8,10.9,0,11.7,22.7,32400
Pakistan,24-12-2021,16.7,2.1,9.7,0,13.6,24.1,32654.92
Pakistan,25-12-2021,13,1.8,8.2,2.2,13.2,26.6,16814.6
Pakistan,26-12-2021,14.9,4.7,9.5,9.4,15,27.7,31345.2
Pakistan,27-12-2021,13.3,1.5,7.4,0,11.1,22.7,32410.92
Pakistan,28-12-2021,12,3.2,7.2,0,10.8,22.7,29971.39
Pakistan,29-12-2021,12.1,-2.4,5.8,0,10.8,21.2,32646.65
Pakistan,30-12-2021,11.8,1.2,7.3,0,10.3,22.7,32493.19
Pakistan,31-12-2021,12.7,-0.6,6.7,0.3,12.6,23.8,32493.69
Pakistan,01-01-2022,14.1,1.3,8.3,0,12.6,25.2,32420.14
Pakistan,02-01-2022,13.4,1.9,8.3,0,12.5,26.3,32421.19
Pakistan,03-01-2022,12.6,4.9,8.9,0.5,14.2,29.2,10800
Pakistan,04-01-2022,13.1,4.4,8.5,1.9,19.7,41.8,28822.57
Pakistan,05-01-2022,12.8,5.2,8.2,0,13.1,25.6,31835.36
Pakistan,06-01-2022,11.4,5,7.2,0.6,20.3,37.4,23782.74
Pakistan,07-01-2022,6.9,4.5,5.5,5,14.9,27.4,0
Pakistan,08-01-2022,9.8,1.2,5.2,0,16,31.3,32429.15
Pakistan,09-01-2022,9.6,-1.4,3.6,0,14.5,28.8,32423.09
Pakistan,10-01-2022,10.7,-1.8,4.1,0,11.2,19.8,32586.45
Pakistan,11-01-2022,10.6,-0.4,4.4,0,11.3,23,29212.67
Pakistan,12-01-2022,11.7,-1.7,4.8,0,12.7,22.7,32811.35
Pakistan,13-01-2022,12.7,-1.5,5.4,0,12.5,23.8,32741.94
Pakistan,14-01-2022,12.5,-1.7,5.8,0,11.2,20.5,32829.43
Pakistan,15-01-2022,13.3,-0.6,6.6,0.1,10.6,22,30012.36
Pakistan,16-01-2022,13.5,1.3,7.8,0,10,18.7,28806.88
Pakistan,17-01-2022,14.8,6.8,10.2,0.4,14.6,30.2,28955.06
Pakistan,18-01-2022,15.1,2.8,9.6,0,17.3,34.9,32413.07
Pakistan,19-01-2022,16.5,5.3,10.8,0,15.6,30.6,32859.3
Pakistan,20-01-2022,15.2,2,8.5,0,14.6,30.6,33430.17
Pakistan,21-01-2022,8.7,0.8,5.5,4.9,20.6,37.8,5751.6
Pakistan,22-01-2022,9.5,0.9,5.5,1.9,21.3,41.4,32878.32
Pakistan,23-01-2022,9.2,-0.9,3.2,0,22.9,43.9,33763.76
Pakistan,24-01-2022,10.9,-2.5,3.5,0,17.2,33.5,33890.67
Pakistan,25-01-2022,10.9,-2.7,3.8,0,10.8,22,34020.83
Pakistan,26-01-2022,12.9,-1.6,4.9,0,16.1,30.6,34240.67
Pakistan,27-01-2022,13.3,-2.6,5.2,0,10.4,21.6,34378.46
Pakistan,28-01-2022,14.8,-0.4,7.4,0,19.4,38.5,34183.62
Pakistan,29-01-2022,18.1,1.3,10.2,0,13.1,24.5,33789.08
Pakistan,30-01-2022,16.7,1.8,10.3,0,18,35.3,34582.29
Pakistan,31-01-2022,18.4,6.3,11.9,0,25.6,49,34732.51
Pakistan,01-02-2022,18.1,3,10.2,0,19.8,37.8,34886.07
Pakistan,02-02-2022,17.6,4.8,11.1,0,33.5,64.4,34249.63
Pakistan,03-02-2022,16.6,4.1,9.9,0,31.6,60.1,35203.06
Pakistan,04-02-2022,19.9,3.8,11.2,0,26.5,52.2,35366.38
Pakistan,05-02-2022,17.3,1.3,10.1,0,22.4,42.1,35321.83
Pakistan,06-02-2022,15.7,3.8,9.6,0,20.6,37.4,35057.47
Pakistan,07-02-2022,16.2,2.5,10,0,14.4,28.8,35436.85
Pakistan,08-02-2022,13.1,1.3,7.6,0.4,19.7,41,33853.58
Pakistan,09-02-2022,15.1,0.7,8.3,0,20.7,40,35887.52
Pakistan,10-02-2022,16.2,-0.4,8.4,0,11.2,24.5,36062.1
Pakistan,11-02-2022,17.1,0.1,9.3,0,15.1,30.6,36121.94
Pakistan,12-02-2022,18.7,0.3,10.6,0,12.5,24.5,36299.48
Pakistan,13-02-2022,18.5,1.5,11.2,0,14.4,29.5,34954.38
Pakistan,14-02-2022,17.5,5.4,11.9,0,13.9,27.4,36048.31
Pakistan,15-02-2022,17.5,3.8,12,0,12.5,24.1,36599
Pakistan,16-02-2022,17.2,3,11,0,16.2,32.4,36910.29
Pakistan,17-02-2022,17,3.2,10.8,0,15.1,31,37227.89
Pakistan,18-02-2022,16.7,4.2,10.8,0,17,31,37290.71
Pakistan,19-02-2022,18.2,3.1,11.6,0,21.4,43.6,37484.47
Pakistan,20-02-2022,22.3,5.4,14.3,0,24.1,47.2,37695.36
Pakistan,21-02-2022,23.9,6.8,15.4,0,18,36.7,32526.87
Pakistan,22-02-2022,16.9,9.4,13.5,1.2,21.7,43.9,37917.83
Pakistan,23-02-2022,17.8,5.2,11.7,0,19.3,34.6,38029.63
Pakistan,24-02-2022,18.9,5.7,12.6,0,20.9,39.6,37072.5
Pakistan,25-02-2022,20.3,5.5,13.2,0,22.3,51.8,36069.84
Pakistan,26-02-2022,18,3.1,10.7,0,12.5,26.6,38366.14
Pakistan,27-02-2022,16.8,4.3,11,0,16.8,34.6,38478.37
Pakistan,28-02-2022,17.7,6.1,12.3,1.3,21.4,41.8,32976.18
Pakistan,01-03-2022,19.9,4.7,12.9,0.2,14.7,30.6,38702.38
Pakistan,02-03-2022,13.7,7.7,10.5,6.8,12.9,28.8,2610.44
Pakistan,03-03-2022,18.5,3.8,11.4,0,19.5,36.7,38925.18
Pakistan,04-03-2022,19.7,4.5,13.1,0,16.6,31.3,39033.66
Pakistan,05-03-2022,20.3,9.6,14.5,0,23.6,45,37931.12
Pakistan,06-03-2022,17.9,10.6,13.5,9.2,23,43.6,32832.57
Pakistan,07-03-2022,20.1,7.1,13.5,0.1,17.6,34.9,39240.1
Pakistan,08-03-2022,19.7,7.6,13.7,0.3,21.3,41.4,35256.28
Pakistan,09-03-2022,19.2,10.3,14.4,1.7,17.3,40.3,35782.31
Pakistan,10-03-2022,22.6,8.1,15.7,0,17.6,33.5,39454.5
Pakistan,11-03-2022,25.7,9.3,18.4,0,14.8,28.8,39527.27
Pakistan,12-03-2022,28.1,11.6,20.9,0,13.8,27.7,39600
Pakistan,13-03-2022,30.2,13.6,23,0,20.4,39.2,39600
Pakistan,14-03-2022,31.5,14.4,24,0,19.5,38.5,39600
Pakistan,15-03-2022,31.2,14.9,24,0,19.9,37.4,39600
Pakistan,16-03-2022,32.3,15.4,24.8,0,18.7,34.6,39600
Pakistan,17-03-2022,33.2,16,25.5,0,21.4,41.4,39600
Pakistan,18-03-2022,32.5,17.2,25.4,0,26.6,50,39600
Pakistan,19-03-2022,30,16.4,23.3,0,19.4,35.6,39600
Pakistan,20-03-2022,28.1,14.7,22,0,17.1,34.9,39600
Pakistan,21-03-2022,28.3,11.2,20.7,0,16.3,32.8,39600
Pakistan,22-03-2022,27.9,12.6,21.9,0,19.3,38.5,39600
Pakistan,23-03-2022,29,13.3,22.3,0,25.7,50.8,39600
Pakistan,24-03-2022,28.3,12.9,21.2,0,19.3,36.4,39600
Pakistan,25-03-2022,27.7,13.6,21.5,0,15,31.7,39600
Pakistan,26-03-2022,28.8,12,21.9,0,20.9,41.4,39600
Pakistan,27-03-2022,30.7,17.8,24.3,0,24.8,48.2,39600
Pakistan,28-03-2022,30.5,14.4,23.4,0,18.5,35.3,39640.52
Pakistan,29-03-2022,30.2,13.6,23.1,0,17.3,34.2,39722.38
Pakistan,30-03-2022,28.5,14.6,21.9,0,21.3,42.1,39810.23
Pakistan,31-03-2022,28.8,11.5,21.4,0,15.4,31,39804.05
Pakistan,01-04-2022,30.7,11.2,21.7,0,18.8,34.6,39899.68
Pakistan,02-04-2022,30.3,12.8,22.6,0,24.5,47.9,40045.99
Pakistan,03-04-2022,29.3,13.9,22.5,0,18.7,39.2,40146.75
Pakistan,04-04-2022,29.4,11.8,22,0,15.5,29.5,40251.92
Pakistan,05-04-2022,30.7,12.9,23.3,0,14.5,29.9,40246.58
Pakistan,06-04-2022,32,13.8,24.9,0,20.8,38.2,40357.2
Pakistan,07-04-2022,33,15.8,25.4,0,20.2,38.2,40471.66
Pakistan,08-04-2022,32.9,17.1,26.4,0,17.5,35.6,40565.55
Pakistan,09-04-2022,33.4,16.7,26.7,0,15.3,32.4,40811.09
Pakistan,10-04-2022,33.5,15.9,26.4,0,18.1,33.8,41038.98
Pakistan,11-04-2022,33.2,22.3,27.7,0,16.8,34.2,36593.79
Pakistan,12-04-2022,32,22.2,27.2,0,15.8,27.4,41108.73
Pakistan,13-04-2022,29.6,18.7,24.9,0,24.9,45.4,41440.63
Pakistan,14-04-2022,31.1,13.8,23.9,0,20.8,40.7,41822.87
Pakistan,15-04-2022,31.9,15.7,24.6,0,24.7,45.4,41968.18
Pakistan,16-04-2022,32,15.6,25.2,0,17.4,33.8,41826.85
Pakistan,17-04-2022,33.5,19.2,27.4,0,26.2,47.2,39576.51
Pakistan,18-04-2022,30.9,19,25.3,0,20.1,41.4,36813.77
Pakistan,19-04-2022,30.5,18.3,25,0,25,49.3,40565.64
Pakistan,20-04-2022,29.4,17.4,23.8,0,20.5,43.2,41726.48
Pakistan,21-04-2022,28.3,14.8,22.7,0,14.8,30.2,42909.56
Pakistan,22-04-2022,28.9,15.3,22.7,0,20.8,41,42969.07
Pakistan,23-04-2022,30,17,24.1,0,23.3,46.8,42580.64
Pakistan,24-04-2022,30.9,16.7,25.3,0,26.4,50.4,42056.06
Pakistan,25-04-2022,33.2,18.4,26.5,0,26,51.1,43265.14
Pakistan,26-04-2022,33.1,17.4,26.2,0,15.1,31.7,43446.63
Pakistan,27-04-2022,34.6,21.1,28.2,0,19.5,37.1,43503.31
Pakistan,28-04-2022,35.9,22.3,29.3,0,18,38.2,43046.82
Pakistan,29-04-2022,34.5,20.2,28.4,0.2,33.2,61.9,38876.89
Pakistan,30-04-2022,35.2,19.7,29.1,0,19.9,39.2,43535.11
Pakistan,01-05-2022,36.5,20.2,29.7,0,20.3,37.8,43716.11
Pakistan,02-05-2022,35,22.3,29.3,0,33.4,59.8,42330.74
Pakistan,03-05-2022,31.3,19.6,25.7,0.5,19.6,39.6,43070.42
Pakistan,04-05-2022,30.8,18,24.7,0.5,22.9,43.9,40341.41
Pakistan,05-05-2022,31.5,17.8,25.4,0,26.7,50,44041.01
Pakistan,06-05-2022,33.1,17.4,26.4,0,19.7,38.2,44487.43
Pakistan,07-05-2022,34.3,18.1,28,0,15.9,33.5,43659.02
Pakistan,08-05-2022,37,20,29.7,0,17.7,37.8,43933.93
Pakistan,09-05-2022,36.6,20.2,30,0,22.5,41,44635.93
Pakistan,10-05-2022,35.2,23.6,29.8,0,18.5,39.6,42802.31
Pakistan,11-05-2022,36.2,24.2,30.4,0,21.6,40.7,40380.56
Pakistan,12-05-2022,36.8,20.1,29.9,0,25.1,49.3,45077.84
Pakistan,13-05-2022,36.8,20,30,0,19.7,38.9,43920.64
Pakistan,14-05-2022,37.2,23.3,31,0,26.8,48.2,44796.39
Pakistan,15-05-2022,37,22.5,30.5,0,21.6,49,43914.29
Pakistan,16-05-2022,35.8,22.2,29,0,23.9,44.6,36131.13
Pakistan,17-05-2022,35.1,20.3,29.4,0,19.2,37.1,40767.5
Pakistan,18-05-2022,35.7,21.6,29.9,0,22.7,41.8,45109.1
Pakistan,19-05-2022,38,23,30.8,0,26.6,52.6,45113.37
Pakistan,20-05-2022,34.5,23,29.3,0,35.7,66.6,45270.02
Pakistan,21-05-2022,34.6,19,28,0,24.3,45.7,45428.3
Pakistan,22-05-2022,36.1,19,28.3,0,36.6,69.1,37646.53
Pakistan,23-05-2022,33.1,19.8,26.6,0,23.4,47.9,45749.56
Pakistan,24-05-2022,32.5,17.2,25.5,0,21.2,40.7,45287.3
Pakistan,25-05-2022,33,18.6,26.8,0,21.8,43.2,45291.04
Pakistan,26-05-2022,38,21.2,30.1,0,17.4,36.4,41930.5
Pakistan,27-05-2022,38.3,24.7,31.7,0,31.2,57.2,44821.1
Pakistan,28-05-2022,36.4,22,29.8,0,31.4,60.8,45940.08
Pakistan,29-05-2022,34.7,20.2,28.1,0,28.3,50,45946.28
Pakistan,30-05-2022,33.3,19.1,27.4,0,26,47.5,45952.18
Pakistan,31-05-2022,34.7,19.1,27.7,0,28.5,56.2,45957.8
Pakistan,01-06-2022,33.3,19,27.7,0,25,49.7,46126.11
Pakistan,02-06-2022,33.9,19.3,27.7,0,21,40.7,46131.87
Pakistan,03-06-2022,35.1,19,28.8,0,21.3,38.9,45314.88
Pakistan,04-06-2022,35.6,22.1,29.9,0,24.1,42.5,46307.63
Pakistan,05-06-2022,37,22.4,30,0,23.4,46.1,45815.47
Pakistan,06-06-2022,36.5,24.3,30.4,0,21.1,41.4,45319.05
Pakistan,07-06-2022,37.3,22.7,30.7,0,20.7,42.1,45487.2
Pakistan,08-06-2022,37.5,22.2,31,0,18.7,36.7,45656.38
Pakistan,09-06-2022,38.3,23.9,31.4,0,21.4,43.6,46331.42
Pakistan,10-06-2022,38.2,23.8,31.6,0,27.3,50.4,45828.61
Pakistan,11-06-2022,37.7,24.2,30.8,0,21.7,42.1,43459.74
Pakistan,12-06-2022,34.9,24.5,29.5,1,22.3,56.5,37748.54
Pakistan,13-06-2022,35.2,22.9,29.5,0,25.5,54.4,44471.51
Pakistan,14-06-2022,37.7,22.7,30.5,0,23.9,45,46166.71
Pakistan,15-06-2022,38.1,24.5,31.4,0,25.3,47.9,46138.07
Pakistan,16-06-2022,38.3,25.7,31.7,0.4,23.1,43.6,45942.45
Pakistan,17-06-2022,34.8,24.8,28.7,0.3,29,60.1,40996.07
Pakistan,18-06-2022,30.1,19.6,24.6,4.6,17.9,46.4,35805.5
Pakistan,19-06-2022,31.4,19,24.1,4.3,19.5,44.6,40615.11
Pakistan,20-06-2022,28.4,16,22.4,13.4,26.3,54.7,39457.7
Pakistan,21-06-2022,23.5,15.2,18,16.7,26.9,50,24276.11
Pakistan,22-06-2022,24,14,18.8,9.8,17,40.7,42140.75
Pakistan,23-06-2022,26.8,15.5,21.4,0,12.4,26.6,45016.24
Pakistan,24-06-2022,33.1,18.6,24.6,0,12.7,24.8,45485.43
Pakistan,25-06-2022,33.9,21.2,27.5,0,18.4,36.4,44546.98
Pakistan,26-06-2022,35.1,21.1,28.7,0,19.7,36,43775.75
Pakistan,27-06-2022,36.2,21.9,30,0,15.5,30.2,45080.32
Pakistan,28-06-2022,39.2,25.2,32,0,22.4,42.8,45096.8
Pakistan,29-06-2022,41.5,25.9,33.3,0,33,58.3,45116
Pakistan,30-06-2022,39.7,27,33,0,19.7,36.7,44052.29
Pakistan,01-07-2022,33.8,27,30.3,0.7,19.4,38.2,41630.48
Pakistan,02-07-2022,34.5,25.8,29.6,0.2,20.2,37.1,40201.99
Pakistan,03-07-2022,30.9,24.1,26.9,7.9,14.6,34.9,30857.37
Pakistan,04-07-2022,33.1,23.5,27.9,0.2,22.3,42.1,40318.57
Pakistan,05-07-2022,32.2,21.5,27.1,5.4,18.6,37.4,40172.26
Pakistan,06-07-2022,30.3,22.8,26,8.6,24.2,50,24649.07
Pakistan,07-07-2022,29.8,21.3,25.1,4.7,19.1,36.7,38621.13
Pakistan,08-07-2022,31.7,21.5,25.7,4.9,15.6,35.6,41102.51
Pakistan,09-07-2022,31.8,21.8,26.3,4.7,15.5,33.5,42519.95
Pakistan,10-07-2022,30.1,21.2,24.8,9.4,18.5,36,22605.59
Pakistan,11-07-2022,30.6,21.3,26,0.9,17.9,40.3,37846.95
Pakistan,12-07-2022,33,22.1,26.9,2.1,16.6,32.8,40569.55
Pakistan,13-07-2022,34.3,22.7,27.5,0.2,23.3,44.3,37333.63
Pakistan,14-07-2022,32.9,23,25.8,5.1,24.9,47.9,37838.55
Pakistan,15-07-2022,27.2,20.6,24,3,26.3,49.3,27077.1
Pakistan,16-07-2022,30.3,20.9,25.2,0.2,21.8,41.4,42018.56
Pakistan,17-07-2022,28.6,20.6,24.5,1.3,30.4,56.5,38672.02
Pakistan,18-07-2022,31.2,21.1,25.8,0.5,20.1,37.4,36202.57
Pakistan,19-07-2022,35,21.6,27.8,0,19.9,38.2,39392.29
Pakistan,20-07-2022,35.1,23.4,28.4,0.9,21.5,40,38121.76
Pakistan,21-07-2022,32.9,23.3,27.3,2.4,16.1,42.1,37965.86
Pakistan,22-07-2022,28.3,21.6,23.9,18.9,19.4,44.3,8249.35
Pakistan,23-07-2022,28.1,21.7,24.1,4.2,27.9,52.9,21600
Pakistan,24-07-2022,26.4,21.1,22.9,4.4,26.2,47.9,17502.93
Pakistan,25-07-2022,25.8,21.2,23.1,2.6,27.3,51.5,26631.49
Pakistan,26-07-2022,26.9,21.1,23.7,4.4,21.2,40,34206.07
Pakistan,27-07-2022,28.7,20,24.1,3.3,11.6,27,40690.87
Pakistan,28-07-2022,29.3,20.8,24,12.8,17.9,37.8,27372.25
Pakistan,29-07-2022,27.6,20.6,23.7,1.7,11.8,27.4,31448.05
Pakistan,30-07-2022,27.2,21.1,23.8,6.2,9.7,23,27763.71
Pakistan,31-07-2022,27.5,21.2,24.3,8.9,17,35.3,35769.56
Pakistan,01-08-2022,28.9,20.1,23.7,4.3,17,36.4,33591.01
Pakistan,02-08-2022,29.6,20.7,24.6,0.2,15.6,32.8,40065.3
Pakistan,03-08-2022,27.6,21.6,24.2,3.1,18.8,51.5,37315.5
Pakistan,04-08-2022,29.8,20,24.5,0.4,13.1,48.6,41193.75
Pakistan,05-08-2022,31.2,20.1,25.4,0.7,24.1,43.6,36237.59
Pakistan,06-08-2022,31.3,21,25.4,0,18.4,44.6,32663.22
Pakistan,07-08-2022,33,21,26.7,0,18.4,38.9,41221.54
Pakistan,08-08-2022,34,22,27.6,1.1,14.7,26.6,35748.83
Pakistan,09-08-2022,33,23.1,28,0,19.1,37.8,40637.28
Pakistan,10-08-2022,33.9,22.7,28.2,0,18,32.8,41394.09
Pakistan,11-08-2022,34.4,22.8,27.9,0.8,26,52.9,37017.49
Pakistan,12-08-2022,30.5,22.5,26.1,0.2,26.8,51.5,40381.87
Pakistan,13-08-2022,32.4,20.9,26.3,0,24.3,46.4,33852.59
Pakistan,14-08-2022,26.5,21.8,24.2,8.3,32.3,60.1,10489.6
Pakistan,15-08-2022,28.6,20.6,24.1,1.7,13.9,29.2,39762.43
Pakistan,16-08-2022,26.6,19.7,23.2,5.7,14.9,29.2,31106.35
Pakistan,17-08-2022,27.3,20.3,23.1,46,34.1,59.8,32234.85
Pakistan,18-08-2022,24.5,20.1,21.9,14.4,34.6,66.6,25205.32
Pakistan,19-08-2022,23.9,19.1,21.5,13.3,27.1,49.7,17484.52
Pakistan,20-08-2022,23.2,18.3,20.4,50.8,20,38.2,5208.63
Pakistan,21-08-2022,23.9,19.5,20.9,16.2,14.8,31.3,1706.3
Pakistan,22-08-2022,25.7,17.9,21.3,1.9,11.4,21.2,27194.57
Pakistan,23-08-2022,26.5,18.4,22.6,1.4,18.5,36.4,40299.42
Pakistan,24-08-2022,25.2,19.8,22.2,4.4,30.7,59,30243.99
Pakistan,25-08-2022,24.4,19.3,21.3,1.5,29.2,53.3,31374.8
Pakistan,26-08-2022,25,18.8,21.3,2.1,15.2,29.5,30529.08
Pakistan,27-08-2022,25.9,19.1,21.7,5.5,11.3,24.1,37063.02
Pakistan,28-08-2022,28.5,18,22.8,0,13.8,24.5,40042.02
Pakistan,29-08-2022,27.9,19.1,22.6,3.4,10.1,22.3,30463.64
Pakistan,30-08-2022,28.3,18.4,23,0.1,13.5,25.2,40183.66
Pakistan,31-08-2022,30.5,18.4,23.7,0,13.8,28.1,40318.91
Pakistan,01-09-2022,31.7,18,24.3,0,16.1,30.2,39600
Pakistan,02-09-2022,32.4,18.2,24.8,0,16.2,32.8,40062.18
Pakistan,03-09-2022,33.5,19.5,24.9,0,15.2,32,38105.83
Pakistan,04-09-2022,33.3,17.1,25.1,0,20.6,36.7,40197.49
Pakistan,05-09-2022,32.5,20.6,25.6,0,23.1,46.4,36000
Pakistan,06-09-2022,29.2,21.1,24.6,0,16.5,31.3,39600
Pakistan,07-09-2022,30.2,19.4,24.8,0,17.5,32.8,39704.27
Pakistan,08-09-2022,31.9,19.6,25.7,0,15.5,29.2,39958.28
Pakistan,09-09-2022,32.5,20.5,26.8,0,10.9,24.1,40085.03
Pakistan,10-09-2022,32.4,21.3,27.2,0,15.6,29.5,39966.05
Pakistan,11-09-2022,33.1,20.9,26.7,0.1,18.1,33.8,39969.75
Pakistan,12-09-2022,31.6,20.7,25.5,0.1,21.2,46.1,39853.86
Pakistan,13-09-2022,30.8,19.6,25.3,0,19.6,38.2,39920.95
Pakistan,14-09-2022,31,19.3,25.5,0,14.2,28.8,39980.02
Pakistan,15-09-2022,33.9,18.8,26.1,0,19.9,36,39983.15
Pakistan,16-09-2022,34.6,16.9,26.1,0,23.2,41.8,40100.86
Pakistan,17-09-2022,33.3,18.5,25.9,0,18.4,34.2,40102.43
Pakistan,18-09-2022,31.7,19.3,25.2,0,18.3,36.4,39879.32
Pakistan,19-09-2022,33.1,17.3,25.5,0,18.9,33.8,39883.05
Pakistan,20-09-2022,32.7,18.7,26.1,0,18.3,35.3,39839
Pakistan,21-09-2022,32.5,19.1,26,0,15.3,31.3,39659.57
Pakistan,22-09-2022,32.4,18,25.8,0,14,28.8,39589.01
Pakistan,23-09-2022,32.2,17.4,25.5,0,17.9,32.4,39517.75
Pakistan,24-09-2022,32,18.5,25.4,0,20.1,38.9,39445.9
Pakistan,25-09-2022,31.8,18.4,25,0,22,41.8,39373.56
Pakistan,26-09-2022,29.2,19.1,24.1,0,21.8,41.8,38595.62
Pakistan,27-09-2022,30.6,17.5,23.9,0,18.1,31.7,39128.12
Pakistan,28-09-2022,30.9,17.1,23.8,0,16.8,33.1,39056.33
Pakistan,29-09-2022,31.7,17.2,24.4,0,16.6,33.5,38984.4
Pakistan,30-09-2022,31.5,17.5,24.5,0,18.5,34.9,38817.73
Pakistan,01-10-2022,31.7,18,24.5,0,18.6,34.2,38747.49
Pakistan,02-10-2022,30,18.1,24.2,0,16.3,30.2,38677.41
Pakistan,03-10-2022,29.4,18.2,23.7,0,13.2,28.4,38564.84
Pakistan,04-10-2022,30.6,15.8,23.5,0,13.5,24.8,38538.05
Pakistan,05-10-2022,30.4,16.3,23.4,0,15.6,31.7,38415.93
Pakistan,06-10-2022,29.8,16.2,23.3,0,17.1,32,38342.54
Pakistan,07-10-2022,28.5,16.1,22.4,0,13.4,26.6,38193.84
Pakistan,08-10-2022,28,14.7,21.9,0,16.2,30.6,37914.72
Pakistan,09-10-2022,28.7,15,21.7,0,13.9,28.1,38029.4
Pakistan,10-10-2022,28,13.3,20.9,0,15.1,27.4,37884.88
Pakistan,11-10-2022,26.6,11.7,19.6,0,17.3,33.8,37743.15
Pakistan,12-10-2022,26.1,11.5,19.2,0,14.8,29.2,37482.22
Pakistan,13-10-2022,26.6,12.1,19.9,0,14.2,28.8,37348.87
Pakistan,14-10-2022,27.1,11,19.8,0,13.4,26.6,37218.83
Pakistan,15-10-2022,28.2,11,20.3,0,13.4,25.9,37092.31
Pakistan,16-10-2022,28.4,10.9,20.6,0,14.6,27.4,36857.54
Pakistan,17-10-2022,28.6,12.3,20.8,0,17.8,31.7,36850.55
Pakistan,18-10-2022,28.3,11.8,20.6,0,14.8,31,36629.31
Pakistan,19-10-2022,27.7,11.7,20.2,0,20.1,38.5,36521.66
Pakistan,20-10-2022,26.8,12.9,19.7,0,20.7,38.5,36519.12
Pakistan,21-10-2022,25,11.7,18.4,0,18.1,35.3,36320.31
Pakistan,22-10-2022,25.3,11.2,18.7,0,13.5,28.1,36321.39
Pakistan,23-10-2022,25.9,10.9,18.7,0,15.2,28.1,36230.11
Pakistan,24-10-2022,25.2,11.1,18.3,0,16.3,31.3,36144.12
Pakistan,25-10-2022,27.5,11.2,19.7,0,16.1,32.4,36148.26
Pakistan,26-10-2022,28,10.6,19.8,0,13.4,28.1,36070.06
Pakistan,27-10-2022,26.8,11.8,19.5,0,11.7,25.9,36075.5
Pakistan,28-10-2022,25.9,9.7,18.4,0,17.9,33.1,36005.48
Pakistan,29-10-2022,26.7,10.1,19,0,15.1,29.2,36012.41
Pakistan,30-10-2022,27.3,10.6,19.1,0,16.4,31.7,36000
Pakistan,31-10-2022,26.5,14.9,20.1,0,20.4,38.2,35967.55
Pakistan,01-11-2022,27,12.1,19.7,0,19.4,41,35918.39
Pakistan,02-11-2022,26.4,12.9,19.6,0,21.1,40.7,35868.63
Pakistan,03-11-2022,27.1,12.1,19.9,0,15.3,29.2,35818.31
Pakistan,04-11-2022,26.1,12.1,19.5,0,17.6,34.6,35767.47
Pakistan,05-11-2022,25.5,11.9,19.2,0.6,21,41.8,35716.17
Pakistan,06-11-2022,18.1,10.6,13.8,20,18.4,36,25865.53
Pakistan,07-11-2022,18,8.4,13.2,1.8,8.5,18.7,35612.38
Pakistan,08-11-2022,16.7,9,12.7,3.6,11.2,22.7,35559.97
Pakistan,09-11-2022,18.1,8.1,13.2,0,10.3,22,35507.31
Pakistan,10-11-2022,18.6,7.6,13,0,12,24.1,35454.43
Pakistan,11-11-2022,19.1,6.6,12.2,0,13.7,26.3,35401.4
Pakistan,12-11-2022,20.3,8.4,13.8,0,13,23,35348.27
Pakistan,13-11-2022,18.7,7.3,13,2.4,17.6,34.2,25550.48
Pakistan,14-11-2022,16.7,8.2,11.8,0,17.1,32.8,35241.95
Pakistan,15-11-2022,14.9,4.4,10,0,13.8,24.8,35188.86
Pakistan,16-11-2022,17.4,4.7,11,0,14.6,26.3,35135.92
Pakistan,17-11-2022,19.5,4.1,11.5,0,11.7,24.1,35077.91
Pakistan,18-11-2022,19.1,3.7,11.5,0,11.4,19.4,33835.86
Pakistan,19-11-2022,18.2,9.9,13.7,0,14.6,27.4,34634.19
Pakistan,20-11-2022,17.7,3.8,11.3,0,11.8,24.1,34839.91
Pakistan,21-11-2022,18.9,4.9,11.7,0,13.2,26.6,34763.59
Pakistan,22-11-2022,20,3.6,11.9,0,14.2,28.8,34688.59
Pakistan,23-11-2022,20.9,3,12,0,11.7,21.2,34615.03
Pakistan,24-11-2022,21.8,4.7,13.7,0,11.9,20.2,34543
Pakistan,25-11-2022,20.5,4.4,13.4,0,11.1,21.6,34472.6
Pakistan,26-11-2022,21,3.1,11.7,0,11.5,20.5,34403.93
Pakistan,27-11-2022,21.1,4.3,12.9,0,11.9,20.9,34337.11
Pakistan,28-11-2022,21,3.4,12.7,0,11.4,17.6,34272.22
Pakistan,29-11-2022,20.6,3.5,12.9,0,11.2,17.6,34209.39
Pakistan,30-11-2022,21,4.2,13.2,0,11.3,22,34148.73
Pakistan,01-12-2022,21,4.6,13.1,0,12.2,23.4,32793.04
Pakistan,02-12-2022,20,5.6,13.4,0,10.6,19.1,26661.37
Pakistan,03-12-2022,18.2,4.3,11.9,0,9.1,20.2,33978.99
Pakistan,04-12-2022,17.1,3.4,10.5,0,11.5,22.7,33835.61
Pakistan,05-12-2022,18.1,3.2,11,0,13.2,27,33697.13
Pakistan,06-12-2022,17.8,3.5,10.9,0,10.7,22.3,33444.14
Pakistan,07-12-2022,18,4.3,11.4,0,10.6,20.2,33435.25
Pakistan,08-12-2022,19.1,5.7,12.6,0,13.8,27,32965.29
Pakistan,09-12-2022,16.9,4.6,11.4,0,15.9,28.1,33080.34
Pakistan,10-12-2022,16.1,4.8,10.6,0,12.5,20.9,33081.52
Pakistan,11-12-2022,15.5,5.3,10.5,0,13,22.7,22177.91
Pakistan,12-12-2022,15.4,7,11.1,0,16.6,31.3,32873.22
Pakistan,13-12-2022,14.5,2.9,8.8,0,12.2,23.4,33094.45
Pakistan,14-12-2022,18,1.6,8.9,0,12.9,27,33101.75
Pakistan,15-12-2022,19.4,3,10.9,0,11.5,23,33008.89
Pakistan,16-12-2022,19.8,3.7,11.6,0,11.5,22,32921.49
Pakistan,17-12-2022,19.9,4.8,12.3,0,11.8,21.2,32937.09
Pakistan,18-12-2022,17.7,2.8,11.2,0,9.6,19.1,32954.02
Pakistan,19-12-2022,16.7,2.6,9.9,0,14.3,29.2,32878.69
Pakistan,20-12-2022,15.2,2.7,8.9,0,12.6,26.3,32808.54
Pakistan,21-12-2022,15,1.4,8.3,0,10.9,20.2,32833.18
Pakistan,22-12-2022,14.7,0.3,8.2,0,11.8,18.7,32833.32
Pakistan,23-12-2022,13.2,0.1,7.2,0,14.5,29.5,32742.47
Pakistan,24-12-2022,14,-0.4,7.1,0,11.5,21.2,32739.45
Pakistan,25-12-2022,12.8,4.7,8.5,0.2,10.2,20.5,25880.92
Pakistan,26-12-2022,14.9,0.6,7.9,0,10.8,17.3,32651.98
Pakistan,27-12-2022,14.6,2.6,8.5,0,13,26.6,28800
Pakistan,28-12-2022,16,2.4,10.2,0,13.5,24.8,32412.9
Pakistan,29-12-2022,13.4,6.6,10.2,1.2,12.4,26.3,18000
Pakistan,30-12-2022,14.3,2.4,7.9,0,20,38.9,32569.31
Pakistan,31-12-2022,16.6,0.1,7.9,0,17.4,34.9,32400
Pakistan,01-01-2023,14.8,1.7,7.7,0,15.3,31.7,32419.26
Pakistan,02-01-2023,12.5,0.6,6.1,0,14.5,29.9,32567.77
Pakistan,03-01-2023,13.1,-0.8,5.7,0,14.6,29.9,32567.24
Pakistan,04-01-2023,14.3,-1.6,6.2,0,12.6,22.3,32566.74
Pakistan,05-01-2023,15.6,-1.2,7.3,0,12.3,20.2,32566.26
Pakistan,06-01-2023,15.1,0.3,8.2,0,11.7,22.3,27431.66
Pakistan,07-01-2023,14.4,2.1,9.2,0.5,9.7,20.5,32400
Pakistan,08-01-2023,14.4,2.6,8.6,0,13,27.4,31488.52
Pakistan,09-01-2023,15.5,1.6,8.8,0,13.1,23.4,32448.61
Pakistan,10-01-2023,16,2.1,9.5,0,14,28.8,32443.34
Pakistan,11-01-2023,14.3,5.3,9.1,0.9,27.6,52.6,28966.69
Pakistan,12-01-2023,12,1,5.6,0,23.4,44.6,32739.54
Pakistan,13-01-2023,7.7,-2.8,1.3,0,28.2,53.6,32896.13
Pakistan,14-01-2023,10.5,-5,1.5,0,14.6,30.2,33059.05
Pakistan,15-01-2023,12.2,-3.8,3.3,0,17.1,33.5,33082.84
Pakistan,16-01-2023,11.9,-1.9,4.2,0,15.6,29.9,33165.36
Pakistan,17-01-2023,14.1,-2.3,5.1,0,17.8,35.3,33005
Pakistan,18-01-2023,6.9,-0.3,3.7,3,11.7,24.8,0
Pakistan,19-01-2023,6.9,0,4,0.9,14.6,28.4,10143.77
Pakistan,20-01-2023,8.4,2,4.4,3.1,9.4,18.4,14849.76
Pakistan,21-01-2023,8.8,-1.7,3.6,0,13.8,26.3,32830.64
Pakistan,22-01-2023,7.7,-3,2.1,0,14.4,28.1,33555.45
Pakistan,23-01-2023,8.1,-3.2,1.9,0,13.4,24.8,33759.09
Pakistan,24-01-2023,7.4,-4.4,0.8,0,17.7,34.2,33886.05
Pakistan,25-01-2023,8,-4,1,0,19.2,37.8,34016.33
Pakistan,26-01-2023,9.5,-4.5,2,0,11.4,20.5,34236.15
Pakistan,27-01-2023,12.6,-2.8,4.8,0,11.5,20.5,34254.12
Pakistan,28-01-2023,13.7,1.9,7.7,0.1,11.2,19.8,33235.53
Pakistan,29-01-2023,10.7,4,7.1,0,18.3,34.2,3600
Pakistan,30-01-2023,11.2,-1.1,5.3,0,11,23.4,34457.1
Pakistan,31-01-2023,13.9,-1.1,6.3,0,13.6,27.7,34437.57
Pakistan,01-02-2023,16.2,0,8,0,16.3,32,34874.97
Pakistan,02-02-2023,16.8,1.6,10.2,0,12.6,27,34932.23
Pakistan,03-02-2023,17,4.6,10.5,0.2,17.6,33.8,34431.37
Pakistan,04-02-2023,18.6,3.5,11.3,0,13.1,26.6,34847.39
Pakistan,05-02-2023,18,3.8,11.3,0,25.9,48.6,34857.38
Pakistan,06-02-2023,19.2,3.3,11.3,0,27.1,50.8,35365.24
Pakistan,07-02-2023,17.9,1.9,10.3,0,14.8,28.1,34778.15
Pakistan,08-02-2023,18.7,4.2,12.4,0,17.9,36.4,33855.27
Pakistan,09-02-2023,18.4,6.6,12.4,0,32,59.4,35192.6
Pakistan,10-02-2023,17.5,4.7,11.4,0,22.2,43.2,35928
Pakistan,11-02-2023,15.4,2.6,8.8,0,29.1,56.5,36103.11
Pakistan,12-02-2023,14.7,1.3,8,0,18.9,38.5,36281.18
Pakistan,13-02-2023,19.8,5.9,12.1,0,13.3,27.4,36221
Pakistan,14-02-2023,23.8,6.9,15.6,0,16.3,33.1,35420.47
Pakistan,15-02-2023,25.7,7.3,17.2,0,19.4,38.2,36583.36
Pakistan,16-02-2023,26.4,7.8,17.9,0,15.8,31.3,36389.2
Pakistan,17-02-2023,26.6,7.8,18.3,0,15.8,31,36442.77
Pakistan,18-02-2023,25.7,8,17.6,0,24.2,43.2,36234.6
Pakistan,19-02-2023,24.5,8.7,17.6,0,21.2,40.7,36085.62
Pakistan,20-02-2023,22.8,10,16.7,0,19.8,40,37398.78
Pakistan,21-02-2023,21.4,6.6,14.5,0,14.8,28.8,37784.72
Pakistan,22-02-2023,21.2,6.9,15.5,0,16.1,32.8,36415.74
Pakistan,23-02-2023,21.3,8.4,15.2,0,16.9,31.3,38006
Pakistan,24-02-2023,22.7,9.1,16.9,0.3,15.3,29.9,37484.24
Pakistan,25-02-2023,21.9,10.6,16.9,0,25.4,48.6,38226.95
Pakistan,26-02-2023,23.9,8,16.5,0,20.9,39.6,38337.06
Pakistan,27-02-2023,23.1,8.6,16.6,0.1,21.3,41.4,38446.83
Pakistan,28-02-2023,19.6,9.5,14.6,3.8,20.1,42.8,27722.71
Pakistan,01-03-2023,15.4,6.9,11.4,6.6,19.2,41.8,25773.72
Pakistan,02-03-2023,17.1,7.8,12.4,8.3,17.7,35.6,38218.95
Pakistan,03-03-2023,17,7.4,11.7,6.3,24.7,47.9,33110.57
Pakistan,04-03-2023,16.6,5.6,11.4,11.4,22.2,47.2,34473.47
Pakistan,05-03-2023,18.5,6.9,12.8,0.3,10.2,22.3,39083.68
Pakistan,06-03-2023,19.8,7,13.3,0,18.8,37.4,39154.46
Pakistan,07-03-2023,20.8,6.9,13.4,0.6,20.1,39.2,39225.88
Pakistan,08-03-2023,21.6,6.6,14.8,0,10.9,18,39297.83
Pakistan,09-03-2023,23.1,7.2,16.3,0,11.2,23.8,39370.22
Pakistan,10-03-2023,24.5,12.8,18.6,0,16.3,33.5,39442.95
Pakistan,11-03-2023,25.8,9.4,19,0,15.5,29.5,39515.92
Pakistan,12-03-2023,25.4,11,19.4,0.1,21.1,40.7,29246.73
Pakistan,13-03-2023,25,10.7,18.6,0,18.2,37.1,39600
Pakistan,14-03-2023,25.9,9.9,19.1,0,15.3,29.5,39600
Pakistan,15-03-2023,25.6,10.6,19.4,0,17.4,30.2,37725.04
Pakistan,16-03-2023,24.2,13.8,18.1,2.4,23.3,55.8,34268.7
Pakistan,17-03-2023,19.6,10.5,14.4,7.5,20.6,36,29371.99
Pakistan,18-03-2023,19,8.3,13.2,2.4,15.5,37.8,34345.03
Pakistan,19-03-2023,19.9,8.5,14.3,0.3,11.2,31.7,39600
Pakistan,20-03-2023,22.7,8.3,15.7,0.2,15.1,29.5,39600
Pakistan,21-03-2023,23.5,11.1,16.8,0.1,24,47.9,39600
Pakistan,22-03-2023,19.2,8.7,14.2,2.5,24.9,47.9,36641.31
Pakistan,23-03-2023,18.1,8.9,13.1,16.4,22.7,47.5,28800
Pakistan,24-03-2023,15.5,8.3,11.5,17.3,18.9,37.1,35252.8
Pakistan,25-03-2023,15.9,5.7,10.9,0,14.1,28.1,39600
Pakistan,26-03-2023,17.9,6.3,11.8,0.4,14.8,28.1,39600
Pakistan,27-03-2023,19.8,7,13.6,0,16.4,32.4,37964.66
Pakistan,28-03-2023,20,10.1,15.4,1.1,19.1,36.7,38426.38
Pakistan,29-03-2023,18.5,10.8,13.1,19.7,24.9,48.6,17211.97
Pakistan,30-03-2023,16.9,8.8,12.1,10.7,13.6,27.7,24855.42
Pakistan,31-03-2023,18.1,7.8,12.2,1.6,12.2,25.2,38190.88
Pakistan,01-04-2023,18.8,7.8,13.1,1.5,20.8,40,39600
Pakistan,02-04-2023,19.4,10.1,14.1,11.1,18.7,40,39684.25
Pakistan,03-04-2023,18.8,9.4,13.5,0.8,23.2,43.9,39672.17
Pakistan,04-04-2023,20.2,8.1,13.9,0,16.5,32.4,39993.62
Pakistan,05-04-2023,16,8.7,12.9,4.8,17.4,40.3,37380.98
Pakistan,06-04-2023,20.5,8.1,14.7,0.1,18.6,36.4,40241.82
Pakistan,07-04-2023,21.2,9.4,15.4,0.2,15.6,31,40214.11
Pakistan,08-04-2023,23.6,10,17.1,0,9.2,21.2,40346.99
Pakistan,09-04-2023,24.8,10.6,17.8,0,12.5,23,40579.75
Pakistan,10-04-2023,26.1,10.9,18.9,0,14.1,25.2,40810.53
Pakistan,11-04-2023,27.2,11.8,19.7,0,23.8,43.9,40840.3
Pakistan,12-04-2023,28.1,12.5,21,0,13.8,24.8,41067.48
Pakistan,13-04-2023,30.5,14.5,23.3,0,15.3,28.8,41306.3
Pakistan,14-04-2023,31,14.6,24.1,0,14.8,27.7,41551.07
Pakistan,15-04-2023,31.6,18.4,25.2,0,21.4,41.8,41399.79
Pakistan,16-04-2023,30.2,19,24.5,0.2,22.4,43.9,40162.47
Pakistan,17-04-2023,26.6,16.7,20.3,1.6,27.9,52.2,28218.03
Pakistan,18-04-2023,24.3,14.6,19.4,2.4,20.1,38.5,26881.01
Pakistan,19-04-2023,24,14.1,19.2,0,19.5,37.4,41679.7
Pakistan,20-04-2023,25.4,10.5,18,0,22.5,47.5,42722.98
Pakistan,21-04-2023,26.1,10.1,18.7,0,23.8,47.9,42900.2
Pakistan,22-04-2023,27.5,10.9,18.9,0,24.5,49.7,42721.76
Pakistan,23-04-2023,28.5,10.9,20.5,0,17.1,35.3,43138.97
Pakistan,24-04-2023,28.9,15.3,22.7,0,18.6,37.1,43075.73
Pakistan,25-04-2023,28.9,17.1,23.1,0,21.4,40,38234.93
Pakistan,26-04-2023,27.7,15.9,22.9,0,21.4,38.9,39055.95
Pakistan,27-04-2023,29.1,15.7,22.8,0.3,24.8,45,38663.35
Pakistan,28-04-2023,25.6,15.4,20.4,2.3,27.4,51.1,42414.02
Pakistan,29-04-2023,22.5,15.2,18.9,2.2,25.9,49.7,24246.32
Pakistan,30-04-2023,25.2,13.6,19.5,0,23.5,46.4,41574.16
Pakistan,01-05-2023,26.5,13.4,19.7,5.5,18.8,43.9,40769.54
Pakistan,02-05-2023,22.5,13.5,17.2,8.4,17.9,35.3,33294.71
Pakistan,03-05-2023,24.5,12.5,18.6,0,15.9,31.3,43664.59
Pakistan,04-05-2023,24.4,14.4,19.3,3.3,23,44.3,40380.36
Pakistan,05-05-2023,25.3,14.8,19.9,0.8,21.1,43.9,40197.6
Pakistan,06-05-2023,29.1,14.7,21.9,0.1,26.4,50.4,44486.03
Pakistan,07-05-2023,29.8,12.8,21.6,0,30.3,56.5,44627.95
Pakistan,08-05-2023,30.4,14.8,22.2,0,28.2,53.3,44771.22
Pakistan,09-05-2023,30.9,13.4,22.8,0,18.2,35.3,44635.28
Pakistan,10-05-2023,32.9,14.7,24.5,0,22.7,44.3,43200
Pakistan,11-05-2023,34.3,17.3,27.3,0,23.4,45,39600
Pakistan,12-05-2023,35.1,18.7,27.8,0,21.5,41.8,44644.48
Pakistan,13-05-2023,34.9,18.6,27.6,0,30.3,55.4,43340.93
Pakistan,14-05-2023,32.3,19.4,26.5,0,24.5,45.4,44649.45
Pakistan,15-05-2023,33.4,18.2,26.1,0.5,23.1,47.9,43915.31
Pakistan,16-05-2023,33.7,19.3,27,0,21,37.8,44950.13
Pakistan,17-05-2023,31.4,21.3,25.3,0.7,19.9,49.7,33470.58
Pakistan,18-05-2023,31.3,17.7,25,0,19.1,34.9,44957.4
Pakistan,19-05-2023,35.8,17.5,26.5,0,30.8,55.4,44052.93
Pakistan,20-05-2023,36.9,18.3,28.6,0,33.5,65.5,43200
Pakistan,21-05-2023,37.5,20.5,30.2,0,20.5,40,43200
Pakistan,22-05-2023,37.8,24.7,30.9,0,33.5,60.8,43889.36
Pakistan,23-05-2023,34.8,24.3,29.3,0,27.9,52.9,37616.69
Pakistan,24-05-2023,34.6,22.4,28.5,0,20.8,38.9,44505.82
Pakistan,25-05-2023,34.4,20.8,27.5,0,25.9,51.5,45604.2
Pakistan,26-05-2023,35.1,20.3,27.1,0,29.6,54,44978
Pakistan,27-05-2023,32,18.4,25.1,0,26,45.7,43385.78
Pakistan,28-05-2023,26,18,22.6,1,30.3,54.4,29552.43
Pakistan,29-05-2023,25.1,17,19.9,3.9,17.5,47.9,30571.03
Pakistan,30-05-2023,21.7,14.5,17.5,9.1,22.4,47.5,20871.8
Pakistan,31-05-2023,23.3,14.3,18.3,7.8,17.9,45,42175.16
Pakistan,01-06-2023,24.8,13.8,17.9,2.7,27.4,50.4,42299.19
Pakistan,02-06-2023,26.8,14.1,20.4,0,18.2,32.8,43818.47
Pakistan,03-06-2023,27.5,16.7,21.9,0.2,17.7,42.8,39702.68
Pakistan,04-06-2023,28.2,16.7,21.9,0,14.5,31.7,36594.57
Pakistan,05-06-2023,31.4,18,24.5,0,20.5,40.7,43992.23
Pakistan,06-06-2023,33.8,19.7,26.4,0,33.4,59.8,45485.21
Pakistan,07-06-2023,34.7,19.6,27.5,0,16.8,34.6,43817.87
Pakistan,08-06-2023,36.1,22,29.1,0,26.6,47.2,45153.35
Pakistan,09-06-2023,37.9,22.8,30.5,0,23.1,45,44985.45
Pakistan,10-06-2023,38.4,23.2,31,0,25.7,46.4,43636.21
Pakistan,11-06-2023,36.5,23,30.3,0,21.4,39.6,45998.89
Pakistan,12-06-2023,35.4,24.5,30.2,0,23.1,43.9,46001.12
Pakistan,13-06-2023,34.9,24.3,29.2,0,22,43.6,45492.8
Pakistan,14-06-2023,34.6,24,28.8,0,20.1,40,45492.09
Pakistan,15-06-2023,33.2,22.6,27,0,19.9,37.8,42864.36
Pakistan,16-06-2023,32.5,22.4,27,2,22.3,44.6,42665.32
Pakistan,17-06-2023,33.8,22.4,28.3,0,10.4,23.8,44804.04
Pakistan,18-06-2023,35.5,23.7,30,0,19,35.6,44266.05
Pakistan,19-06-2023,36,25.4,30.1,0,28.9,52.2,43271.68
Pakistan,20-06-2023,37.2,25.2,31.1,0,22.9,46.4,45090.78
Pakistan,21-06-2023,38.9,25.9,32.2,0,23.7,42.5,43970.39
Pakistan,22-06-2023,38.7,26.8,32.8,0,19.8,35.6,44983.92
Pakistan,23-06-2023,39.7,27.2,33.1,0,25.5,55.1,40590.34
Pakistan,24-06-2023,38.1,27.7,32.4,0,24.5,48.6,43548.76
Pakistan,25-06-2023,37.5,27.5,31.7,0,18.6,35.3,42922.77
Pakistan,26-06-2023,33,25.6,27.8,5.7,18.5,38.2,30980.55
Pakistan,27-06-2023,30.9,21.9,26.7,1.4,16.9,32.8,43732.25
Pakistan,28-06-2023,34.2,22.8,27.7,0.4,28.3,53.3,44186.94
Pakistan,29-06-2023,35,23.5,28.8,0,23.6,41.8,42997.72
Pakistan,30-06-2023,35.5,24,29.4,0,24.3,47.5,44384.45
Pakistan,01-07-2023,36,24.3,28.7,0,29.5,60.5,43058.32
Pakistan,02-07-2023,37.6,24,30.3,0,21.7,39.2,43343.48
Pakistan,03-07-2023,38.4,25.4,31.4,0,26.5,49.3,44476.27
Pakistan,04-07-2023,38.1,26.2,31.6,0,32.9,59,44506.05
Pakistan,05-07-2023,33.7,24.6,28.2,0.8,21.6,50,39249.16
Pakistan,06-07-2023,29,20.6,24.1,21.3,13,31,33504.5
Pakistan,07-07-2023,27.6,20.3,23.8,0.9,17,31.3,42005.37
Pakistan,08-07-2023,26.7,19.5,22.4,5.8,15.1,29.2,15664.93
Pakistan,09-07-2023,29.6,18.7,23.7,0.2,13.5,24.5,43299.26
Pakistan,10-07-2023,29.3,20.5,24.8,0.2,18.9,40.3,43024.96
Pakistan,11-07-2023,33.3,21.3,26.9,0,18.8,32,43705.14
Pakistan,12-07-2023,35.5,22,28.5,0,16.9,30.6,43433.34
Pakistan,13-07-2023,35.3,22.1,28.9,0,25.3,48.6,37271
Pakistan,14-07-2023,34.5,23.7,28.4,10.3,19.5,55.4,30813.11
Pakistan,15-07-2023,35.7,24.1,29.6,0,27.7,49.7,41947.97
Pakistan,16-07-2023,36.7,25.4,30.1,0,27,51.1,41998.49
Pakistan,17-07-2023,35.8,25.2,30.1,0,23.3,41.4,42057.23
Pakistan,18-07-2023,36.4,25,30.8,0,17.4,34.2,42763.94
Pakistan,19-07-2023,36.9,25.8,29.9,0,26,47.9,39020.59
Pakistan,20-07-2023,34.8,23.7,27.6,12.1,28.9,54.4,28937.05
Pakistan,21-07-2023,33.9,24.1,27.2,4.9,19.5,45.4,30074.57
Pakistan,22-07-2023,31.9,22.6,25.7,5.2,16.9,50.4,33560.47
Pakistan,23-07-2023,28.9,22.5,25.1,0.6,22.1,40.3,38310.76
Pakistan,24-07-2023,29.8,21.2,24.7,2.5,16.7,32.8,37233.94
Pakistan,25-07-2023,29,21.1,24,15.7,17.7,41.4,28196.06
Pakistan,26-07-2023,27.9,20.3,23.6,4.7,12.2,27.4,31125.87
Pakistan,27-07-2023,28.5,21.1,24.1,2.9,10,18.7,39950.12
Pakistan,28-07-2023,28.4,20.8,24.4,2.1,14.5,28.1,42098.57
Pakistan,29-07-2023,28.5,20.8,24.2,7.5,17.1,32.8,29395.07
Pakistan,30-07-2023,27.8,21.2,23.3,2.5,20.9,42.1,28787.79
Pakistan,31-07-2023,28.7,21.1,23.8,5.9,11.2,38.9,34291.5
Pakistan,01-08-2023,31.4,20.2,25.4,0,13.7,24.1,42117.15
Pakistan,02-08-2023,33.7,20.7,26.6,0,16.6,29.9,42437.1
Pakistan,03-08-2023,35.1,21.6,27.5,0,21.3,37.4,41648.74
Pakistan,04-08-2023,35.6,22.7,28.8,0,21.7,38.5,40714.46
Pakistan,05-08-2023,36,23.4,29.2,0,22.9,41.4,38708.49
Pakistan,06-08-2023,37.5,22.9,28.7,0,31.1,55.4,40872.04
Pakistan,07-08-2023,38.1,22.1,29,0,27.6,49.7,38955.36
Pakistan,08-08-2023,36.7,23.1,29.2,0,22.7,42.1,42134.66
Pakistan,09-08-2023,36.3,23.7,29.5,0,22.5,51.8,39976.58
Pakistan,10-08-2023,37.3,23.4,29.5,0,24.4,43.9,41239.59
Pakistan,11-08-2023,35.1,22.9,28.4,0.4,22.3,43.6,41111.68
Pakistan,12-08-2023,37.2,23,29.1,0,24.1,45,41556.36
Pakistan,13-08-2023,39.2,22.1,30.2,0,26.1,48.6,42003.58
Pakistan,14-08-2023,39.1,23.3,30.4,0.1,29.9,53.3,41442.25
Pakistan,15-08-2023,35.1,24,28.2,0,21.6,46.8,40858.3
Pakistan,16-08-2023,34.8,21.8,27.4,0,22.3,39.2,40428.4
Pakistan,17-08-2023,36.7,20.9,28.5,0,23.5,41.8,41589.09
Pakistan,18-08-2023,36.1,21.3,29.3,0,23.9,48.6,41325.53
Pakistan,19-08-2023,35.1,23.1,29,0,31.3,58,41056.56
Pakistan,20-08-2023,34.7,23.8,29.2,0,21,37.4,39108.74
Pakistan,21-08-2023,36.2,25.1,30.4,0,21.6,40.3,39600
Pakistan,22-08-2023,38.1,24,30.5,0,23.5,41,40941.52
Pakistan,23-08-2023,38.2,22.4,30.5,0,17.9,33.5,41090.36
Pakistan,24-08-2023,37.4,22.3,29,0,32.3,57.2,40441.03
Pakistan,25-08-2023,34.3,22.5,27.4,0,25.3,47.9,40608.6
Pakistan,26-08-2023,32.5,22,25.9,0,27.8,51.8,39507.66
Pakistan,27-08-2023,34.1,21.2,26.7,0,30.4,57.2,40173.17
Pakistan,28-08-2023,37.4,21.7,28.3,0,28.3,53.3,40582.94
Pakistan,29-08-2023,32.7,21.8,27.2,0,20.6,37.1,40448.75
Pakistan,30-08-2023,34.8,21.4,27.6,0,18.8,34.9,40316.41
Pakistan,31-08-2023,34.7,21.8,28,0,23.2,41,40318.43
Pakistan,01-09-2023,34.5,22.1,27.6,0,20.5,37.1,40320.3
Pakistan,02-09-2023,35.2,22.3,27.7,0,22.9,40.7,40322.06
Pakistan,03-09-2023,35,21.1,27.9,0,17.9,37.1,40194.24
Pakistan,04-09-2023,35,22.1,28.3,0,19.7,36.7,40325.18
Pakistan,05-09-2023,33.3,21.6,27.5,0,27,47.9,40072.57
Pakistan,06-09-2023,33.1,22.1,27.8,0,18.4,34.2,40201.39
Pakistan,07-09-2023,33.4,22.4,28.1,0,13.3,25.6,40203.52
Pakistan,08-09-2023,35.4,23.2,29.2,0,16.6,33.5,40205.49
Pakistan,09-09-2023,35.6,23.2,29.5,0,18.9,36.7,40207.34
Pakistan,10-09-2023,36.4,22.6,29.5,0,17,37.4,40209.03
Pakistan,11-09-2023,37,22.6,29.7,0,18,31.7,40210.55
Pakistan,12-09-2023,36.3,23.4,29.4,0,20.2,36.4,40092.17
Pakistan,13-09-2023,35.8,23,28.9,0,28.5,50.4,40094.52
Pakistan,14-09-2023,34.6,22.5,28.4,0,18.8,34.2,39979.29
Pakistan,15-09-2023,34.2,23.5,28.3,0.2,18.8,34.6,36802.26
Pakistan,16-09-2023,33.4,22.6,27.9,0,15.4,29.5,39870.54
Pakistan,17-09-2023,32,22.3,26.7,0,17.7,35.3,39760.88
Pakistan,18-09-2023,30.9,21.4,25.1,0,26,46.4,38748.84
Pakistan,19-09-2023,31.2,20.4,24.9,0,25.4,45.7,39771.07
Pakistan,20-09-2023,32.1,19.3,25.7,0,15.8,29.2,39749.13
Pakistan,21-09-2023,33.4,21.5,27.2,0,21.3,38.2,39677.12
Pakistan,22-09-2023,33.5,21.6,27.4,0,22.4,40.3,39604.7
Pakistan,23-09-2023,31.9,21.5,26.6,0,21.1,38.2,39531.93
Pakistan,24-09-2023,30.9,21.8,25.9,0,25.8,47.9,39354.47
Pakistan,25-09-2023,29.9,17.3,24.2,0,17.6,34.9,39385.74
Pakistan,26-09-2023,28.5,17,23.5,0,19.3,34.2,39210.95
Pakistan,27-09-2023,30.3,17.4,24.3,0,15.5,31,39139.21
Pakistan,28-09-2023,30.2,15.7,23.9,0,21.6,41,39166.03
Pakistan,29-09-2023,28.1,16,22.8,0,19.7,37.8,38996.19
Pakistan,30-09-2023,27.4,13.5,21.1,0,14.8,31,38925.07
Pakistan,01-10-2023,28.1,13.9,21.8,0,14.6,28.8,38854.34
Pakistan,02-10-2023,27.9,13.2,21.6,0,16,32.4,38784.04
Pakistan,03-10-2023,30,13.5,22.2,0,23.2,40.7,38624.39
Pakistan,04-10-2023,32.2,14.9,24.8,0,11.5,25.6,38557.12
Pakistan,05-10-2023,33.7,16,25.1,0,17.6,32.8,38438.67
Pakistan,06-10-2023,34.3,18.5,26.3,0,25,47.2,37670.66
Pakistan,07-10-2023,33,18.5,26.3,0,16.7,33.1,38199.39
Pakistan,08-10-2023,30.2,14.9,23.5,0,17.2,33.5,38182.82
Pakistan,09-10-2023,30.4,14.5,22.5,0,23.4,41,38034.88
Pakistan,10-10-2023,29.8,15.4,22.3,0,16.6,31.3,37889.64
Pakistan,11-10-2023,29.1,14.3,21.6,0,16.5,31.7,37622.19
Pakistan,12-10-2023,30.3,14.1,23.1,0,17.6,33.1,37362.49
Pakistan,13-10-2023,30.7,17.7,23.8,0,23.6,46.4,37110.95
Pakistan,14-10-2023,29,17.5,23,0,21,40.3,36867.92
Pakistan,15-10-2023,26,14.1,20,0.1,25.3,47.2,33065.29
Pakistan,16-10-2023,24.8,14,19.1,0,26.9,49.7,36409.02
Pakistan,17-10-2023,22.9,12.2,16.9,0.6,22,40,36522.79
Pakistan,18-10-2023,22.8,13.1,17.3,0.1,21.7,38.9,34813.95
Pakistan,19-10-2023,25,11.8,18.3,0.5,20.7,39.2,35540.55
Pakistan,20-10-2023,25.9,16.4,20.7,0,27.2,48.6,36317.55
Pakistan,21-10-2023,23.4,14.3,19,1.4,20.5,42.1,36123.89
Pakistan,22-10-2023,24.5,13.3,19.1,0,17.5,34.2,36226.25
Pakistan,23-10-2023,23.2,11.7,17.7,0.1,21.3,40.7,36045.64
Pakistan,24-10-2023,24.4,11.3,18.3,0,21.3,38.2,36142.84
Pakistan,25-10-2023,24.7,10.6,18.3,0,15.5,31.7,36061.48
Pakistan,26-10-2023,25.8,10.9,19.2,0,14.1,24.1,36068.03
Pakistan,27-10-2023,26.6,12.4,20.7,0,16.2,30.2,36000
Pakistan,28-10-2023,24.8,14.6,19.5,4.1,10.9,39.2,32063.13
Pakistan,29-10-2023,24.8,12.2,19,0,10.9,24.5,36000
Pakistan,30-10-2023,23.9,13.2,19.2,1,16.3,29.5,36000
Pakistan,31-10-2023,24.8,14.1,19.9,0,14.6,30.2,35978.1
Pakistan,01-11-2023,24.1,12.9,19.5,0,17.9,34.9,35928.45
Pakistan,02-11-2023,24.4,15.2,19.2,0,20.6,36.7,35878.39
Pakistan,03-11-2023,23.6,11,17.8,0,10.4,20.2,35827.94
Pakistan,04-11-2023,23.1,9.4,17.8,0,11.2,22.3,32632.33
Pakistan,05-11-2023,24,11.3,18.6,0,17.1,31.7,35726.02
Pakistan,06-11-2023,22,13.3,17.7,2.2,20.1,40,34962.84
Pakistan,07-11-2023,19.1,12,15.2,8.2,14.8,28.4,32400
Pakistan,08-11-2023,21.2,9.8,15.6,0.3,13.3,24.8,35571.18
Pakistan,09-11-2023,20.9,9.6,15.8,0.1,17.1,31.7,35519.21
Pakistan,10-11-2023,21.8,8.5,14.8,0,16.9,34.6,35467.15
Pakistan,11-11-2023,21.5,6.6,14.2,0,11.3,23.8,35415.03
Pakistan,12-11-2023,22.6,5,14.3,0,12.1,25.6,35362.89
Pakistan,13-11-2023,22,5.8,14.4,0,11.5,20.2,35310.79
Pakistan,14-11-2023,21.1,5.9,13.9,0,11.2,20.2,35258.77
Pakistan,15-11-2023,21,7.4,14.4,0,10.6,18.7,35206.41
Pakistan,16-11-2023,22.1,7.2,14.7,0,14.5,26.3,35153.46
Pakistan,17-11-2023,20.4,5.8,13.6,0,11.6,22.3,32667.58
Pakistan,18-11-2023,19.8,6.6,13.3,0,14.4,25.9,30210.62
Pakistan,19-11-2023,19.8,6.9,13.4,0,13.8,25.9,34941.85
Pakistan,20-11-2023,20.1,7.1,13.5,0,11.3,22.3,34861.64
Pakistan,21-11-2023,20.6,7.6,14,0,10.7,23.4,32378.78
Pakistan,22-11-2023,22.7,6.7,15.1,0,12.4,22.3,34705.64
Pakistan,23-11-2023,21.5,8.8,15.3,0,22.7,42.5,34630.08
Pakistan,24-11-2023,20.4,8.4,14.1,0,16.7,32.4,34556.3
Pakistan,25-11-2023,19.2,8.8,14.2,0,9,18.4,27921.01
Pakistan,26-11-2023,17.4,9.6,13.3,0,20.2,36.7,20673.34
Pakistan,27-11-2023,17.7,4,11.1,0,14.2,27,34346.83
Pakistan,28-11-2023,18.5,3.9,11.4,0,17.4,31.3,34281.36
Pakistan,29-11-2023,18.4,4.5,12,0,12.9,22.3,34218.27
Pakistan,30-11-2023,18.1,5.8,12.4,0,13,25.9,34157.7
Pakistan,01-12-2023,17.3,5.7,11.8,0,13.3,26.6,33893.54
Pakistan,02-12-2023,17.6,5.6,11.3,0,12,22.3,34001.52
Pakistan,03-12-2023,17.7,5,11.3,0,17.2,33.8,33728.95
Pakistan,04-12-2023,18.3,3.9,11.2,0,12.4,22.3,33713.32
Pakistan,05-12-2023,18.9,2.7,11.3,0,10.7,18.4,33821.34
Pakistan,06-12-2023,18.7,3.9,11.8,0,10.8,15.8,33686.04
Pakistan,07-12-2023,18.6,3.7,11.2,0,11.6,21.2,33555.86
Pakistan,08-12-2023,18.2,5.1,12,0,12,22.3,33547.2
Pakistan,09-12-2023,18.5,2.3,10.6,0,12.6,25.9,33425.42
Pakistan,10-12-2023,18.5,1.7,10.4,0,11.5,21.2,33308.94
Pakistan,11-12-2023,19,2.5,11,0,17.1,33.5,33307.93
Pakistan,12-12-2023,17.9,3.1,11.6,0,18.5,35.3,33092
Pakistan,13-12-2023,16,2.7,9.9,0,16.6,31.7,33076.8
Pakistan,14-12-2023,15.3,4.7,10.5,0,13.5,27.4,30128.51
Pakistan,15-12-2023,14.8,3.5,10,0,20.1,37.8,32705.25
Pakistan,16-12-2023,15.2,3.4,9.7,0,24.9,46.1,32722.7
Pakistan,17-12-2023,14.1,2.6,8.2,0,15,30.2,32838.92
Pakistan,18-12-2023,15.2,-0.6,7.7,0,10.3,16.6,32952.19
Pakistan,19-12-2023,17.8,0.9,9.9,0,11.5,18.7,32875.31
Pakistan,20-12-2023,19.8,2.7,12.2,0,12.6,18,32895.18
Pakistan,21-12-2023,20.1,1.8,12.1,0,12.6,19.1,32736.27
Pakistan,22-12-2023,14.2,6.5,10.5,1.9,11.5,23.4,6229.9
Pakistan,23-12-2023,17.6,3.2,10.2,0,14.2,25.6,32743.18
Pakistan,24-12-2023,17.2,4.7,10.4,0,11.9,22.3,32485.49
Pakistan,25-12-2023,18.1,3.8,11,0,11.2,19.8,32654.15
Pakistan,26-12-2023,19.9,5.3,12.4,0,9.8,18,32400
Pakistan,27-12-2023,19.1,4.2,11.5,0,11.1,22,32651.21
Pakistan,28-12-2023,18.6,2.4,10.9,0,11.7,18,32649.62
Pakistan,29-12-2023,17.5,2.1,10.9,0,13,25.9,32569.94
Pakistan,30-12-2023,17.1,2.7,10.9,0,9.9,16.9,32569.49
Pakistan,31-12-2023,17.3,3.3,9.9,0,10.2,22.7,32568.98
