Country,Date,Temp_Max,Temp_Min,Temp_Mean,Precipitation_Sum,Windspeed_Max,Windgusts_Max,Sunshine_Duration
Philippines,01-01-2000,26.8,23.6,24.8,0.6,16.7,30.6,36192.74
Philippines,02-01-2000,27.4,23.8,25.2,0,16.5,30.2,36309.45
Philippines,03-01-2000,25.8,23.3,24.3,1.1,23.7,39.6,36393.46
Philippines,04-01-2000,25.7,23.4,24.3,0.9,22.4,39.6,37004.63
Philippines,05-01-2000,27.1,23.1,24.6,1.3,15,28.4,36696.6
Philippines,06-01-2000,26.6,23.4,24.5,0.8,14.8,29.2,36794.09
Philippines,07-01-2000,26.2,23.3,24.5,1.2,15.5,27.7,36492.84
Philippines,08-01-2000,26.8,23.3,24.7,0.5,13,23,36114.54
Philippines,09-01-2000,27.9,23.4,25.2,0,14.7,27.4,36783.75
Philippines,10-01-2000,27.2,23.4,24.9,0.5,15.4,31.3,36452.54
Philippines,11-01-2000,27.2,23.6,24.9,0.2,19.7,37.8,37441.21
Philippines,12-01-2000,27.1,22.9,24.7,0.4,15.2,31,37043.07
Philippines,13-01-2000,26.2,23.4,24.5,2.3,12.3,23.4,36581.02
Philippines,14-01-2000,27.4,23.4,24.8,0.5,12.3,24.5,36431.57
Philippines,15-01-2000,27.7,23.6,25.2,0,16,30.6,37137.2
Philippines,16-01-2000,27.1,23.3,24.8,0.3,14.3,27,36962.32
Philippines,17-01-2000,27.5,23.3,24.8,0,17.5,31.3,36749.34
Philippines,18-01-2000,25.9,22.8,24,1.5,18,35.6,36387.81
Philippines,19-01-2000,26.2,22.9,24.2,0,16.7,31.3,36960.63
Philippines,20-01-2000,25.7,22.4,23.7,2,15,28.4,36770.7
Philippines,21-01-2000,26.6,23.1,24.2,4.2,20.2,47.5,36398.9
Philippines,22-01-2000,25.5,23.3,24.1,2.3,26.6,54.7,36390.38
Philippines,23-01-2000,26.1,23.3,24.3,0.7,28,52.9,37150.97
Philippines,24-01-2000,26.4,23,24.1,1.4,25.5,49,37159.66
Philippines,25-01-2000,25.9,22.8,24.1,0.6,21.9,41.4,37262.64
Philippines,26-01-2000,25.5,22.8,23.8,0.5,27.9,52.9,37151.12
Philippines,27-01-2000,25.3,22.1,23.5,1.6,29.8,54.4,37856.34
Philippines,28-01-2000,24.2,21.6,22.6,1.9,34.1,63.4,37967.04
Philippines,29-01-2000,23.6,21,22.1,0,31.7,61.6,36752.85
Philippines,30-01-2000,25,21.5,22.8,0.6,33.7,58,37993.27
Philippines,31-01-2000,24.3,21.2,22.5,4.2,34.5,63.4,33415.98
Philippines,01-02-2000,21.8,21.1,21.5,34.7,27.2,47.5,0
Philippines,02-02-2000,24.4,21.6,23,28,29,52.2,15045.05
Philippines,03-02-2000,23.9,22.2,23,31.3,21.8,42.5,0
Philippines,04-02-2000,24.5,22.8,23.5,10.7,17.3,32.4,10076.17
Philippines,05-02-2000,26.1,22.7,23.9,10.1,10,31.7,29444.34
Philippines,06-02-2000,25.5,22.5,24,4.7,10.5,23,36566.87
Philippines,07-02-2000,25.7,22.9,24.1,5.4,8.7,20.2,36972.78
Philippines,08-02-2000,25.3,22.4,23.5,3.3,31.5,57.2,20181.84
Philippines,09-02-2000,23.6,21.8,22.6,3.8,33.2,60.1,29658.12
Philippines,10-02-2000,24.1,21.6,22.7,25.6,24,41.8,1236.78
Philippines,11-02-2000,25.7,22.3,23.6,34.8,15.5,29.9,28772.53
Philippines,12-02-2000,26.7,23.1,24.3,3.6,9.5,19.1,26050.61
Philippines,13-02-2000,27.1,22.7,24.5,0.2,13.4,22.7,38820.62
Philippines,14-02-2000,27.1,22.8,24.6,1.4,11.2,21.2,38129.38
Philippines,15-02-2000,25.7,23,24,5.6,17.8,33.1,37137.52
Philippines,16-02-2000,24.1,22.4,23.2,6.2,24.9,48.6,10692.94
Philippines,17-02-2000,23.3,22,22.5,54,21.6,40,0
Philippines,18-02-2000,25.4,22.2,23.7,10.4,24.5,41.4,36530.2
Philippines,19-02-2000,26.4,22.8,24.3,1.6,18.6,33.5,37621.68
Philippines,20-02-2000,27,23,24.3,3.5,10.7,20.5,28130.82
Philippines,21-02-2000,26.7,23,24.6,1.2,13.3,27.7,38771.36
Philippines,22-02-2000,27.2,23.4,24.8,0,18.9,34.2,38919.82
Philippines,23-02-2000,27.6,23.1,25,0,16,28.4,39931.49
Philippines,24-02-2000,27.7,23.1,25,0.1,16,30.6,39984.32
Philippines,25-02-2000,27.3,23.6,25.1,0,19.6,36,40029.89
Philippines,26-02-2000,27,23.7,25,0.8,22.2,40,37946.72
Philippines,27-02-2000,25.6,23.1,24.1,1.3,29.6,48.6,29198.77
Philippines,28-02-2000,26.4,23.1,24.4,0.8,24.5,42.1,39460.29
Philippines,29-02-2000,26.9,23.4,24.6,1.2,24.2,43.2,39321.13
Philippines,01-03-2000,26.5,23,24.6,0.7,23.5,42.5,40051.88
Philippines,02-03-2000,27.4,23.3,24.8,3.2,22.9,42.8,38534.41
Philippines,03-03-2000,25.1,23.5,24,15.8,24.8,41.8,8047.81
Philippines,04-03-2000,26.9,23.4,24.9,1.5,14.5,38.9,39070.01
Philippines,05-03-2000,26.7,23.4,25,2.2,9.1,29.2,40381.98
Philippines,06-03-2000,26.4,23.5,24.6,16.1,5.5,17.6,34046.22
Philippines,07-03-2000,27,23.5,25.1,18,7.3,17.6,31901.82
Philippines,08-03-2000,27.2,23,24.8,5,13.2,24.5,36686.25
Philippines,09-03-2000,26.8,23.6,24.7,4.1,18.6,33.1,34805.08
Philippines,10-03-2000,27.8,24.1,25.5,0.8,13.7,22,40672.86
Philippines,11-03-2000,27.7,22.6,25.2,1,9.4,21.2,40719.33
Philippines,12-03-2000,27.4,23.3,24.9,9.1,8.8,22,38414.02
Philippines,13-03-2000,28,24,25.5,0.8,14.1,29.2,40811.98
Philippines,14-03-2000,28.5,24,25.9,1.1,19.6,36,40609.61
Philippines,15-03-2000,27.3,24,25.4,1.3,24.2,41.4,40903.4
Philippines,16-03-2000,26.7,23.9,25.1,1.6,16.8,28.4,27759.34
Philippines,17-03-2000,24.7,23.7,24.3,15.6,26.7,48.6,0
Philippines,18-03-2000,25,23.5,24.1,19.9,25.3,45.7,3289.07
Philippines,19-03-2000,26.3,23.6,24.5,7.2,19.9,33.1,22993.12
Philippines,20-03-2000,25.5,23.2,24.1,1.3,23.4,48.6,4291.21
Philippines,21-03-2000,26.1,23.4,24.3,59.3,23.3,41,19913.72
Philippines,22-03-2000,25.9,23.2,24.3,24.2,18.8,33.5,18643.51
Philippines,23-03-2000,27.1,23.7,25,2.6,9.6,22.7,35384.77
Philippines,24-03-2000,27.6,22.9,24.9,1.7,14.7,27.4,40240.11
Philippines,25-03-2000,26.3,23.9,24.8,3,24.9,45.4,38929.42
Philippines,26-03-2000,26.6,23.6,24.5,4.7,21.9,41.8,37870.88
Philippines,27-03-2000,26.2,23.5,24.4,11,19.1,36.7,15269.21
Philippines,28-03-2000,27.7,23.5,25.3,0.5,13.7,28.4,41486.92
Philippines,29-03-2000,26.9,23.4,24.9,8.5,17.1,30.6,37378.69
Philippines,30-03-2000,27.9,23.9,25.5,1.3,14.8,31.3,41129.53
Philippines,31-03-2000,27.8,24,25.5,0.8,10.8,25.9,41619.44
Philippines,01-04-2000,28.4,23.7,25.8,0.9,12.9,24.5,41598.95
Philippines,02-04-2000,27.6,23.4,25.3,3,15.1,29.2,39576.62
Philippines,03-04-2000,27.3,24.4,25.4,11,10.3,22,31066.08
Philippines,04-04-2000,28.5,24.1,26,0.6,12.3,24.1,41792.92
Philippines,05-04-2000,27.6,24,25.3,3.9,14.2,25.9,35382.54
Philippines,06-04-2000,26.8,23.8,24.8,11.6,14,28.1,27110.45
Philippines,07-04-2000,25.6,23.7,24.5,16.6,11.7,32,8714.5
Philippines,08-04-2000,27.9,23.6,25.4,5.2,13.9,32.4,40192.35
Philippines,09-04-2000,28.3,24.4,25.9,2.4,13.8,29.5,41788.49
Philippines,10-04-2000,28.8,24.4,26.3,0,11.5,22.7,42042.93
Philippines,11-04-2000,28,24.3,26.1,0.3,15.5,34.2,42083.77
Philippines,12-04-2000,28.7,24.2,26.1,0.2,10.7,24.1,42097.32
Philippines,13-04-2000,28.3,24.1,25.9,1.6,6.8,18,42102.35
Philippines,14-04-2000,28.5,24.2,26.3,0,9.7,19.1,42107.46
Philippines,15-04-2000,29.1,24.1,26.8,0.4,7.2,18,42112.67
Philippines,16-04-2000,28,24.3,25.9,5.1,12.1,23,40461.86
Philippines,17-04-2000,28.4,24.4,26.3,1.6,13.8,27.4,42123.54
Philippines,18-04-2000,29,24,26.4,1,14.2,27.7,42129.23
Philippines,19-04-2000,27,24.5,25.4,13.1,9.7,18.7,29944.42
Philippines,20-04-2000,27.1,24.1,25.8,4.2,7.6,22.3,33680.56
Philippines,21-04-2000,28.1,24.7,26.4,3.3,7.4,20.2,39600
Philippines,22-04-2000,28.8,25.7,26.9,1,5.4,18,42036.32
Philippines,23-04-2000,28.5,24.9,26.7,2,6.1,19.8,42161.46
Philippines,24-04-2000,28.8,24.9,26.9,0,6.8,14.8,42168.83
Philippines,25-04-2000,29,25.7,27.2,0,7.4,16.2,42176.57
Philippines,26-04-2000,28.5,25.4,27,0.7,7.6,18.7,42184.71
Philippines,27-04-2000,28.6,25.5,26.9,1.8,5.5,19.8,42193.27
Philippines,28-04-2000,28.8,24.3,26.5,0.8,10.6,22,42228.75
Philippines,29-04-2000,29.6,24.6,27.2,0,13.9,27.4,42211.64
Philippines,30-04-2000,29.1,25.9,27.1,1.3,9.2,24.1,42221.35
Philippines,01-05-2000,29.8,24.9,27.2,0.7,9.7,21.2,42252.73
Philippines,02-05-2000,29,24.8,27,0.6,7.4,18,42241.77
Philippines,03-05-2000,29.1,25.8,27.1,0.9,9.9,23.4,42327.33
Philippines,04-05-2000,29.7,25.4,27.3,0,10.5,22,42337.72
Philippines,05-05-2000,29,24.9,26.6,1.9,14.5,23,42274.76
Philippines,06-05-2000,28.8,24.2,26.2,1.9,17.1,32.8,41134.65
Philippines,07-05-2000,28.7,25.5,26.7,0,20.2,37.1,42298.23
Philippines,08-05-2000,28.8,25.4,26.6,0,21.2,39.6,42103.2
Philippines,09-05-2000,28.2,25.1,26.4,0,17.3,32.8,40608.15
Philippines,10-05-2000,29.4,23.9,26.8,0,8.2,16.6,42470.86
Philippines,11-05-2000,28.5,25.2,26.7,2.9,8.2,20.9,42416.02
Philippines,12-05-2000,27.9,24.6,26.2,9.1,6,17.6,40934.11
Philippines,13-05-2000,27.8,24.4,25.9,8.6,11.2,24.5,40309.38
Philippines,14-05-2000,27.7,24.6,25.9,12.1,13.1,26.3,22218.46
Philippines,15-05-2000,27.6,24.4,26,25.7,18.8,36.4,21873.83
Philippines,16-05-2000,27.2,25.2,26.2,11.9,21.6,46.8,31428.24
Philippines,17-05-2000,27.4,25.6,26.4,9,24.5,46.8,39737.79
Philippines,18-05-2000,27.5,25.8,26.4,13.8,24.2,45.4,34389.7
Philippines,19-05-2000,27.7,24.4,26.3,10.8,21.6,38.9,34828.37
Philippines,20-05-2000,27.5,24.7,26.2,8.4,17.9,35.3,41471.88
Philippines,21-05-2000,27.9,24.6,26.3,4.2,21.6,43.2,41590.37
Philippines,22-05-2000,28.6,25.1,26.8,1.6,16.5,31.3,42506.51
Philippines,23-05-2000,28.8,25.3,26.9,3.3,7.9,19.8,42522.93
Philippines,24-05-2000,28.4,24.8,26.3,5.6,7.1,19.1,41020.14
Philippines,25-05-2000,28.5,24.4,26.4,2.7,7.3,18,42325.35
Philippines,26-05-2000,29,25.4,26.8,1.5,7.1,14,42540.14
Philippines,27-05-2000,27.7,25.3,26.1,6.9,12.2,25.2,36369.41
Philippines,28-05-2000,27,24.8,25.8,19.4,12,32,34247.55
Philippines,29-05-2000,27,24.3,25.8,4.4,9.6,29.2,27669.21
Philippines,30-05-2000,27.8,24.3,26.1,3.9,9.5,27.7,40498.65
Philippines,31-05-2000,28.8,25,26.5,0.5,8.1,21.2,40789.07
Philippines,01-06-2000,29.1,25.4,27,0,14.6,26.6,42811.82
Philippines,02-06-2000,28.1,25.3,26.3,3.3,15,34.6,41674.09
Philippines,03-06-2000,28.2,24.6,25.9,7.8,11.9,23.8,42711.41
Philippines,04-06-2000,28.4,24.3,26.2,4.8,5.9,20.5,40709.54
Philippines,05-06-2000,28.7,24.4,26.8,1.8,7.1,19.1,42744.19
Philippines,06-06-2000,28.3,24.8,26.5,2.1,9.3,19.1,42358.24
Philippines,07-06-2000,28.5,24.4,26.5,4.3,7.9,20.2,40419.54
Philippines,08-06-2000,28.8,24.5,26.6,3.3,6.6,19.4,42791.27
Philippines,09-06-2000,28.4,24.6,26.6,0.8,9.6,21.2,42807.18
Philippines,10-06-2000,27.5,24.5,26.1,2.2,10.3,19.1,31153.38
Philippines,11-06-2000,27.9,24.2,25.9,3.6,9.2,22.7,42839.4
Philippines,12-06-2000,28.3,24.4,26.1,4.6,12.8,25.6,42692.25
Philippines,13-06-2000,28.4,24.5,26.3,1.9,15.6,31,42936.11
Philippines,14-06-2000,28.2,24.8,26.4,6,20.3,40,42238.57
Philippines,15-06-2000,27.5,24.5,25.6,11.8,22,42.1,42299.28
Philippines,16-06-2000,27.4,24.4,25.6,5.9,23.8,42.8,42919.24
Philippines,17-06-2000,27.5,24.3,25.9,7.1,17.3,33.5,42934.56
Philippines,18-06-2000,27.6,24.5,25.9,2.6,8.7,18.7,33303.88
Philippines,19-06-2000,27.8,23.5,25.3,9.6,9.4,20.9,43034.41
Philippines,20-06-2000,27.9,23.7,25.5,3.3,6.6,22,38984.36
Philippines,21-06-2000,27.7,23.8,25.7,4.2,6.3,20.5,41934.12
Philippines,22-06-2000,28.9,24,26,6.7,7.4,18.4,40536.71
Philippines,23-06-2000,27,24.3,25.6,4.7,7.6,18.7,34345.15
Philippines,24-06-2000,27.6,23.7,25.4,8.7,6.5,23.8,38773.36
Philippines,25-06-2000,27.7,23.9,25.6,2.7,9.7,19.8,34627.09
Philippines,26-06-2000,28.5,23.6,25.8,6.4,13.3,28.4,36011.91
Philippines,27-06-2000,28.3,23.9,25.5,6.8,11.3,25.9,33879.51
Philippines,28-06-2000,27.3,24.5,25.8,2.7,11.2,24.1,38363.84
Philippines,29-06-2000,26.7,23.8,25.1,12.8,7.9,22,32118.4
Philippines,30-06-2000,27.2,23.9,25.2,12.2,7.2,18.4,31439.23
Philippines,01-07-2000,26.7,23.7,25,15.1,8.2,20.2,25800.33
Philippines,02-07-2000,25.9,23.8,25,7.9,10.4,21.6,9254.06
Philippines,03-07-2000,26.9,25.2,25.9,14.5,14.4,34.9,32601.64
Philippines,04-07-2000,26.4,25,25.7,5.1,29,59.8,2111.92
Philippines,05-07-2000,27.6,25.1,26,10.5,33,68,37583
Philippines,06-07-2000,27.8,25.6,26.4,0.4,27.3,64.4,39722.13
Philippines,07-07-2000,27.9,25.6,26.5,7.1,23.5,53.3,42080.5
Philippines,08-07-2000,27.7,25.4,26.3,4.1,28.2,55.1,43123.71
Philippines,09-07-2000,27.2,25.3,25.9,16.4,23.2,45.4,36392.87
Philippines,10-07-2000,26.6,23.9,25.2,12.4,18,33.1,34112.78
Philippines,11-07-2000,27.2,23.6,25.1,4.1,11.9,23.4,39600
Philippines,12-07-2000,24.6,23.7,24.1,47.7,17.6,33.1,0
Philippines,13-07-2000,24.8,23.7,24.2,189.2,21,42.8,0
Philippines,14-07-2000,25.8,24.4,25,7.5,27.6,52.2,25789.53
Philippines,15-07-2000,26.4,24,25.2,14.7,28.6,59.4,36804.78
Philippines,16-07-2000,28,24.8,26.3,0,18.7,33.5,42204.98
Philippines,17-07-2000,28.3,25,26.6,0.5,12.2,21.6,42669.18
Philippines,18-07-2000,28.3,24.4,26.4,0,12.7,26.6,36420.36
Philippines,19-07-2000,27,24,25.4,9.7,11.3,24.5,37027.23
Philippines,20-07-2000,27.1,23.2,24.8,7.6,8.3,17.6,37748.6
Philippines,21-07-2000,26.6,23.6,25,9.1,11.2,20.5,17587.76
Philippines,22-07-2000,27,24.1,25.2,7.5,10.6,25.2,14384.43
Philippines,23-07-2000,26.5,23.6,24.7,12.7,13.3,27,20266.43
Philippines,24-07-2000,26.4,24,25.2,14.5,23.4,43.9,25998.38
Philippines,25-07-2000,27.1,24.6,25.5,7,20.9,39.2,38194.83
Philippines,26-07-2000,27.4,24.7,25.9,1.7,21.8,41.8,43027.62
Philippines,27-07-2000,27.4,24,25.5,7.5,15.3,32,42017.87
Philippines,28-07-2000,27.9,24.8,26.2,0,14.4,29.5,42999.62
Philippines,29-07-2000,28,24.8,26.3,0.8,15.8,31.3,42984.39
Philippines,30-07-2000,28,24.7,26.1,0.5,13.8,25.9,42968.36
Philippines,31-07-2000,27.7,24.4,26,0.2,10.4,22.7,41401
Philippines,01-08-2000,27.3,24.2,25.7,2.9,5.8,14.4,34363.25
Philippines,02-08-2000,27.3,23.4,25.4,15.9,7.4,20.2,39895.74
Philippines,03-08-2000,26.8,23.1,25,5.5,6.7,15.1,35035.37
Philippines,04-08-2000,26.5,23.4,24.6,10.4,9.7,17.6,18509.17
Philippines,05-08-2000,26,23.8,24.6,14.6,7.9,16.9,22207.98
Philippines,06-08-2000,27.3,23.6,25.2,5,9.1,20.5,40362.99
Philippines,07-08-2000,28.2,24.5,26.1,0.3,11.3,20.9,42810.77
Philippines,08-08-2000,28.6,24.4,26.4,0,10.5,20.5,42787
Philippines,09-08-2000,28.4,24.7,26.5,1,7.9,18.4,42762.24
Philippines,10-08-2000,28.8,24.6,26.3,3.4,9.8,21.2,42736.52
Philippines,11-08-2000,29,24.4,26.5,2.8,10.8,25.6,42709.91
Philippines,12-08-2000,28.4,25.1,26.4,0.9,12,23,42682.42
Philippines,13-08-2000,28.4,24.7,26.4,2.4,10.4,20.9,42654.12
Philippines,14-08-2000,27.5,25.3,26.3,5.7,10.2,22.3,41528.37
Philippines,15-08-2000,28.7,24.6,26.3,4.8,9.7,20.5,39082.29
Philippines,16-08-2000,27.9,24.3,25.7,9.7,7.2,18.7,40814.75
Philippines,17-08-2000,27.2,23.6,25.3,6.5,9.5,20.5,41240.03
Philippines,18-08-2000,27.1,23.9,25.1,13.1,7,21.2,30481.79
Philippines,19-08-2000,26.5,23.7,25.1,10.3,12.4,23.4,42469.54
Philippines,20-08-2000,27.1,24.2,25.4,6.2,19.4,43.2,40265.44
Philippines,21-08-2000,26.9,24.7,25.5,14.6,20.3,51.8,28405.23
Philippines,22-08-2000,26.5,24.7,25.5,7.8,24.7,50,82.02
Philippines,23-08-2000,26.3,24,25.3,6.2,24.1,46.1,8208.59
Philippines,24-08-2000,27.6,25,26.2,1.8,10.5,21.2,40142.18
Philippines,25-08-2000,28.4,24,26.1,0.5,9.4,22.3,42266.4
Philippines,26-08-2000,28,24.7,26.2,2.8,13.7,27.4,42231.33
Philippines,27-08-2000,28.4,24.9,26.5,0.3,16.3,32.4,42195.43
Philippines,28-08-2000,28.1,24.7,26.3,1.4,20.9,44.6,41623.36
Philippines,29-08-2000,27.1,25,26,6.2,30.4,55.1,41749.51
Philippines,30-08-2000,27.4,25.2,26,1.7,28.5,54.4,35543.89
Philippines,31-08-2000,27.7,25,26.2,2,29.6,51.8,38908.05
Philippines,01-09-2000,27.9,24.3,26,12,16.6,36.7,35546.34
Philippines,02-09-2000,26.8,24.5,25.5,13.6,15.5,30.2,12714.58
Philippines,03-09-2000,27.7,24.4,26,4.9,13,32.8,8994.33
Philippines,04-09-2000,28.1,25.4,26.4,0.4,21.2,39.2,33256.75
Philippines,05-09-2000,26.7,24.8,25.7,7,21.2,49.7,32648.58
Philippines,06-09-2000,27.5,25,26.1,0.2,24.6,45.7,41798.83
Philippines,07-09-2000,28.1,25,26.3,0.4,18,41.4,41756.84
Philippines,08-09-2000,28.2,24.1,25.9,3.8,14.1,29.9,37327.64
Philippines,09-09-2000,27.2,24.4,25.4,4.3,15.5,34.2,32574.16
Philippines,10-09-2000,27.6,24.9,26,3.7,24.8,50.4,40191.97
Philippines,11-09-2000,27.3,25,25.8,5.8,26,61.2,41587.91
Philippines,12-09-2000,27.1,24.9,25.7,13.2,19.8,47.9,24673.32
Philippines,13-09-2000,27.1,24.3,25.5,6.9,16.8,41.4,40013.29
Philippines,14-09-2000,27.2,24.5,25.6,12,23,48.6,38262.68
Philippines,15-09-2000,26.9,24.8,25.7,12.4,20.3,41.4,40244.88
Philippines,16-09-2000,28.1,25,26.1,0.4,16.6,32.4,39917.33
Philippines,17-09-2000,28.7,24,26.4,3.7,6.8,15.8,39706.27
Philippines,18-09-2000,27,24.9,25.7,14.5,8.4,20.2,20054.61
Philippines,19-09-2000,26.5,24.5,25.3,9,13.5,26.6,36698.59
Philippines,20-09-2000,27.4,24.4,25.4,12.5,13.7,29.5,36000
Philippines,21-09-2000,27.3,24.4,25.5,7.5,9.7,23,25611.26
Philippines,22-09-2000,27.6,24.4,25.7,3.9,12.6,25.6,29791.33
Philippines,23-09-2000,26.9,24.1,25.3,10.8,12.2,22,34473.53
Philippines,24-09-2000,26.2,24.1,25,7.1,11.5,21.6,25797.26
Philippines,25-09-2000,25.9,23.3,24.4,19.4,7.1,14.4,18433.75
Philippines,26-09-2000,26.1,23.1,24.3,33,8.3,21.2,29819.36
Philippines,27-09-2000,26.5,23.5,24.7,5.4,7.6,17.3,36399.33
Philippines,28-09-2000,26.8,22.9,24.8,2.4,8.3,18.4,39600
Philippines,29-09-2000,27,23.3,25.1,5,9.7,20.9,39783.07
Philippines,30-09-2000,27.5,23.9,25.3,4.6,13.3,28.4,30932.66
Philippines,01-10-2000,28.3,24.6,26,1.8,10,21.2,39274.31
Philippines,02-10-2000,28.6,24.7,26.3,0.7,11.2,26.6,39710.83
Philippines,03-10-2000,28.7,25,26.5,0.8,16.1,29.2,39874.51
Philippines,04-10-2000,28,24.4,25.6,4.2,17.5,36.7,39600
Philippines,05-10-2000,27.4,23.9,25.3,4.5,9.8,23,39600
Philippines,06-10-2000,27.9,24.3,25.7,4.9,14.6,28.4,39600
Philippines,07-10-2000,26.2,23.7,24.9,11.9,10.8,22,23485.24
Philippines,08-10-2000,26.6,23.6,24.7,17.6,7.7,15.5,17290.09
Philippines,09-10-2000,26.1,23.6,24.8,15.2,8.4,20.9,26717.59
Philippines,10-10-2000,25.8,23.6,24.7,7.4,6,19.8,8197.47
Philippines,11-10-2000,27.7,23.9,25.8,4.5,5,16.9,34954.66
Philippines,12-10-2000,27.9,24,25.7,8.8,7.6,17.6,32414.89
Philippines,13-10-2000,27.1,23.6,25.3,7.3,9.7,22.3,38509.86
Philippines,14-10-2000,27.4,24.1,25.3,9.5,11.2,22.3,27371.84
Philippines,15-10-2000,27.2,23.8,25.3,10.1,13.4,29.9,34660.28
Philippines,16-10-2000,26.8,24.1,25.1,9.7,13.6,27,22088.61
Philippines,17-10-2000,26.4,24.1,24.9,10.9,15,27.7,22220.1
Philippines,18-10-2000,27,24.2,25.3,6.9,7.1,16.2,37935.11
Philippines,19-10-2000,27,23.6,25.3,9.3,6.7,17.6,29014.63
Philippines,20-10-2000,28,24.2,25.5,9.6,13.4,29.2,31818.92
Philippines,21-10-2000,28.2,24,25.9,3.2,14.9,30.2,39471.59
Philippines,22-10-2000,27.9,24.7,25.9,1.4,13.2,29.5,39458.68
Philippines,23-10-2000,27.9,24.5,25.8,1.2,13.1,24.8,39445.04
Philippines,24-10-2000,27.6,24.1,25.7,1,12.2,24.5,39430.68
Philippines,25-10-2000,27.9,24.4,25.7,3,13.7,27.4,35070.54
Philippines,26-10-2000,27,24.2,25.2,10.3,12.7,31,29756.26
Philippines,27-10-2000,26.2,24.3,24.9,29.9,40.9,73.8,926.8
Philippines,28-10-2000,25.5,24.4,25,101.1,46.3,89.6,0
Philippines,29-10-2000,26.5,24.1,24.8,16.3,24.2,48.2,27145.56
Philippines,30-10-2000,25.8,24.1,25,13.1,26.5,49.7,17447.52
Philippines,31-10-2000,26.3,24.1,25.3,10.7,24.9,49.7,23969.05
Philippines,01-11-2000,28.3,24.1,25.9,1.5,11.8,20.5,29567.93
Philippines,02-11-2000,25.7,24.1,25.1,23.9,30.8,50,1025.83
Philippines,03-11-2000,26.1,24,25.1,5.8,20.7,37.4,21337.67
Philippines,04-11-2000,27,24.1,25.4,1,12.8,23.8,39229.36
Philippines,05-11-2000,26.8,24.1,25.3,1.5,9.3,20.5,39204.94
Philippines,06-11-2000,27.8,24.4,25.7,1.9,7.4,16.9,35828.21
Philippines,07-11-2000,26.7,24,25.3,7.3,8.4,18.7,35119.12
Philippines,08-11-2000,26.6,23.7,24.8,8.4,5.4,18,37887.44
Philippines,09-11-2000,27.9,24,25.6,0.9,8.2,24.8,39044.41
Philippines,10-11-2000,28,23.8,25.5,2.1,18.3,34.2,39005.75
Philippines,11-11-2000,27.7,24.4,25.5,1.8,20.3,37.4,38967.77
Philippines,12-11-2000,27.5,24.1,25.3,1,18,29.5,38930.55
Philippines,13-11-2000,27,24.2,25.1,5.3,18.6,35.6,34404.1
Philippines,14-11-2000,26.8,24.2,25,1,15.2,42.1,18226.24
Philippines,15-11-2000,27.1,24.4,25.4,1.6,19.7,39.2,38823.6
Philippines,16-11-2000,28.4,24.2,25.8,0.8,21.3,38.5,38789
Philippines,17-11-2000,26.9,24.3,25.2,3.5,20.8,42.1,38754.82
Philippines,18-11-2000,27,24.2,25.2,2.4,20.2,39.2,38721.1
Philippines,19-11-2000,27.5,24.4,25.6,0.3,15.5,34.2,38687.89
Philippines,20-11-2000,28.4,24.6,26.1,1.3,16.8,31.3,38655.22
Philippines,21-11-2000,26.8,24.3,25.3,3.8,16.8,28.8,38623.15
Philippines,22-11-2000,27.5,23.8,25.5,0.9,13.8,29.2,38591.72
Philippines,23-11-2000,27.7,24.4,25.5,2.6,19.1,35.6,38560.98
Philippines,24-11-2000,27.7,24.3,25.4,2.1,15.3,29.5,37770.21
Philippines,25-11-2000,27,24.2,25.3,1.7,16.3,27.4,38166.11
Philippines,26-11-2000,28.3,24.2,25.6,0.2,18.1,36,38473.39
Philippines,27-11-2000,27,24,25,0.7,19.4,33.5,36879.38
Philippines,28-11-2000,27,24.1,25.3,1.8,26.1,46.1,38419.32
Philippines,29-11-2000,26.8,24,25.2,2.9,32.5,58,33722.63
Philippines,30-11-2000,25,23.6,24,39.2,29.3,58,11290.63
Philippines,01-12-2000,25.4,23.3,24.5,53.7,26,54.4,817.46
Philippines,02-12-2000,26.3,24.2,25.1,9.6,20.6,41.8,34747.83
Philippines,03-12-2000,27.2,23.8,24.9,3.7,17.5,34.9,38302.25
Philippines,04-12-2000,26.8,23.5,24.8,1.3,20.9,37.4,35862.2
Philippines,05-12-2000,25.8,23.5,24.3,7.1,23.5,41.4,21210.26
Philippines,06-12-2000,25.9,23.8,24.5,10.2,24.5,47.9,29140.68
Philippines,07-12-2000,23.9,22.3,23,203.6,31.3,60.1,0
Philippines,08-12-2000,26.1,23,24.4,35.5,13.2,41.8,18430.6
Philippines,09-12-2000,27.3,23.1,25,3,10.7,24.5,38180.92
Philippines,10-12-2000,27.7,23.3,25.2,2.3,12.3,27,37979.24
Philippines,11-12-2000,27.4,23.9,25,3.3,12.1,29.5,37340.94
Philippines,12-12-2000,27.7,23.7,25,1.7,19.3,34.9,37713.38
Philippines,13-12-2000,27,23.6,25,0.3,11,21.6,37582.96
Philippines,14-12-2000,27.6,23.6,25.2,0.9,12,23.8,37208.41
Philippines,15-12-2000,27.4,24.1,25.3,0.7,20.1,35.6,37083.75
Philippines,16-12-2000,25.7,24,24.6,3.8,15.9,34.2,15547.57
Philippines,17-12-2000,27.1,23.6,24.7,4.3,17,35.3,36092.04
Philippines,18-12-2000,27,23.7,24.8,2.1,11.8,29.9,36076.28
Philippines,19-12-2000,27,23.5,25.2,2.2,18.9,39.2,37660.23
Philippines,20-12-2000,27.5,24.4,25.7,0.3,18.6,35.6,37812.28
Philippines,21-12-2000,26.7,23.9,24.9,3.1,19.9,35.3,36044.53
Philippines,22-12-2000,27.2,23.7,25.1,0.3,15.3,30.6,36948.82
Philippines,23-12-2000,27,23.7,25.1,0.3,15,27,37511.14
Philippines,24-12-2000,26.8,23.7,24.9,2,18.1,31,37279.04
Philippines,25-12-2000,26.3,23.8,24.7,8.3,26.7,49.7,29735.58
Philippines,26-12-2000,26.5,23.4,24.5,12.5,28.5,50,17391.28
Philippines,27-12-2000,26.7,23.4,24.6,2.9,14.3,29.2,34412.5
Philippines,28-12-2000,27,23.6,24.7,1.4,9.2,19.8,36713.2
Philippines,29-12-2000,27.3,23.6,25,1.1,13.1,23.8,37245.8
Philippines,30-12-2000,27.2,23.5,24.9,1.4,12.2,23.8,36497.41
Philippines,31-12-2000,26.3,23.8,24.7,1.1,23.7,43.6,27009.45
Philippines,01-01-2001,25.3,22.8,23.8,0,33.4,59.8,36020.62
Philippines,02-01-2001,24.8,22.3,23.2,0.1,23.8,42.8,36599.19
Philippines,03-01-2001,25.2,21.9,23.3,0,19.3,37.1,36597.55
Philippines,04-01-2001,25.3,21.8,23.3,1.1,23.1,41.8,37110.09
Philippines,05-01-2001,25.6,22.8,23.9,0.6,21.7,40.3,36794.34
Philippines,06-01-2001,26.4,23.1,24.4,1.8,15.3,32.8,36492.92
Philippines,07-01-2001,26.9,23.5,24.8,1.7,7.2,22.7,36590.34
Philippines,08-01-2001,27.6,22.1,24.9,0.1,11,20.5,36979.18
Philippines,09-01-2001,27.5,22.6,25.2,0.4,9.5,22.3,36627.79
Philippines,10-01-2001,27.7,22.5,25,0,9.7,19.1,37009.6
Philippines,11-01-2001,26.7,23.5,24.8,2.6,6.4,18,29403.94
Philippines,12-01-2001,27,23.2,24.8,1.1,11.9,21.6,36105.91
Philippines,13-01-2001,27.3,23.7,25,1.5,12.4,23.4,36811.8
Philippines,14-01-2001,25.7,23.3,24.2,8.3,26.4,50.4,32595.59
Philippines,15-01-2001,23.3,22.2,22.8,22.5,29.7,54,333.75
Philippines,16-01-2001,23.1,22,22.5,5.9,32.6,59.8,0
Philippines,17-01-2001,23.1,22.5,22.8,3.1,31.1,55.1,0
Philippines,18-01-2001,25.3,22.6,23.7,4.7,26.5,46.4,36108.12
Philippines,19-01-2001,25.5,22.9,23.9,4.2,24.5,43.6,36683.13
Philippines,20-01-2001,26.2,23.1,24.2,1.1,19.4,34.2,36386.16
Philippines,21-01-2001,26.8,23,24.3,1.1,22.4,39.6,37622.23
Philippines,22-01-2001,26.5,22.8,24.3,0,19.9,37.4,37539.82
Philippines,23-01-2001,26.8,23.3,24.6,0.7,18.1,33.1,36858.8
Philippines,24-01-2001,27,23.3,24.7,0.5,19.2,35.3,36883.98
Philippines,25-01-2001,27.3,23,24.9,0.6,7.2,19.4,36647.95
Philippines,26-01-2001,27.4,22.5,25,0.6,6.6,16.2,36942.85
Philippines,27-01-2001,27.7,22,24.9,0,16.1,29.5,37528.01
Philippines,28-01-2001,27.3,22.7,24.7,0,15.9,28.8,37852.46
Philippines,29-01-2001,26.9,23.4,24.6,2.3,14.3,25.2,36094.37
Philippines,30-01-2001,26.4,23.3,24.6,2,16.8,27.4,36959.86
Philippines,31-01-2001,27.1,23.6,25.1,0.5,12.5,24.8,37504.16
Philippines,01-02-2001,26.8,22.8,24.9,2,5.2,14.4,36907.26
Philippines,02-02-2001,26.9,23.1,24.7,2.7,15.3,26.6,36074.82
Philippines,03-02-2001,26.6,23.4,24.8,0.6,14,26.3,37699.42
Philippines,04-02-2001,27.5,23.2,24.7,2.3,15.6,33.8,37571.39
Philippines,05-02-2001,26.6,23,24.5,1,21.4,40,36454.11
Philippines,06-02-2001,26.8,23.5,24.8,0.1,20.5,35.6,37365.21
Philippines,07-02-2001,27.9,23.3,25.1,0.7,19.3,34.2,38130.16
Philippines,08-02-2001,27.3,23.3,25,0.3,23,41.8,37653.26
Philippines,09-02-2001,26.5,23.1,24.5,2.3,22.4,41,37874.41
Philippines,10-02-2001,25.8,23.5,24.4,8.3,19.7,35.6,35676.38
Philippines,11-02-2001,26.6,23.4,24.7,2.2,22.7,46.8,37688.43
Philippines,12-02-2001,27.3,23.6,25,0.3,23,41,38075.96
Philippines,13-02-2001,27.8,23.3,25.1,1,23.2,40.7,39075.82
Philippines,14-02-2001,26.8,22.6,24.2,5.7,28.6,50,38234.02
Philippines,15-02-2001,25,22.3,23.4,3,30.9,54.7,37804.61
Philippines,16-02-2001,25.2,22.1,23.2,0.3,31.1,57.2,37353.25
Philippines,17-02-2001,25.5,22,23.4,1.4,28.9,54,36610.25
Philippines,18-02-2001,23.6,22.9,23.2,98,30.1,61.2,0
Philippines,19-02-2001,24.5,23.1,23.7,34,24.9,46.4,2293.46
Philippines,20-02-2001,26.3,23.3,24.4,16.4,21.9,42.5,22353.21
Philippines,21-02-2001,26.2,23.2,24.6,3.4,17.1,37.8,38540.34
Philippines,22-02-2001,26.3,23.9,24.9,0.3,19.3,34.6,39706.09
Philippines,23-02-2001,27,23.6,25,0,14.4,26.6,39970.66
Philippines,24-02-2001,27.1,22.6,24.6,0,10.1,20.5,40015.62
Philippines,25-02-2001,27.8,21.4,24.8,0.5,12.1,23,39086.77
Philippines,26-02-2001,27.6,23.4,24.8,1.2,15.1,30.6,39899.07
Philippines,27-02-2001,26.7,23.4,24.7,2.3,14.5,30.2,39439.43
Philippines,28-02-2001,27.6,23.3,24.8,0.9,13.3,27,38308.19
Philippines,01-03-2001,26.8,23.4,24.9,0.9,14.5,26.6,39248.89
Philippines,02-03-2001,26.5,23.6,24.7,2.7,20.6,35.6,38966.82
Philippines,03-03-2001,26.5,23.5,24.6,2.8,20,39.2,39087.49
Philippines,04-03-2001,25.9,23.4,24.2,5.3,24.8,46.1,38557.24
Philippines,05-03-2001,26.3,23.1,24.3,5.6,24.3,46.4,38735.86
Philippines,06-03-2001,26.7,23.3,24.6,1.1,19,34.6,40477.45
Philippines,07-03-2001,27.5,23.4,25,0.5,16.8,30.2,39914.68
Philippines,08-03-2001,27.4,23.6,25.1,0.2,16.8,31.7,40570.48
Philippines,09-03-2001,26.7,23.4,24.7,2,22.1,42.8,40616.84
Philippines,10-03-2001,26.7,23.2,24.5,1.7,27.9,49.3,40663.06
Philippines,11-03-2001,25.3,23.4,24.1,4.5,23.3,43.9,14215.85
Philippines,12-03-2001,26.8,23.3,24.6,0,21.5,40.3,34113.95
Philippines,13-03-2001,26.5,23,24.4,0.2,29.8,51.8,40800.53
Philippines,14-03-2001,24.3,22.9,23.6,9.1,21.1,40.3,0
Philippines,15-03-2001,27.1,23.4,24.7,9.9,15.5,27.4,37764.62
Philippines,16-03-2001,27.1,23.3,24.7,3.1,12.2,31,38272.34
Philippines,17-03-2001,27.8,23.2,25.3,1.8,11.1,22,40981.2
Philippines,18-03-2001,28.9,22.7,25.5,0,15.3,27.4,41026.54
Philippines,19-03-2001,27.8,23.5,25.5,1.1,17.7,36,38406.98
Philippines,20-03-2001,27.4,24.1,25.4,0.4,14.1,26.6,41117.36
Philippines,21-03-2001,28.2,22.8,25.7,0.1,9.9,20.5,40749.43
Philippines,22-03-2001,27.9,23.1,25.7,0,13.1,24.5,41208.13
Philippines,23-03-2001,27.8,24.1,25.5,1.5,9.1,25.2,40569.46
Philippines,24-03-2001,27.9,23.8,25.7,1.8,7.1,23.8,41001.96
Philippines,25-03-2001,26.9,24.2,25.3,0,13.1,23.4,41343.69
Philippines,26-03-2001,27.2,22.7,25.1,0,10.7,19.4,40060.34
Philippines,27-03-2001,27.5,23.4,25.5,1.7,15.3,28.4,41152.03
Philippines,28-03-2001,27.6,23.6,25.6,5.1,9.7,20.5,41477.83
Philippines,29-03-2001,28.3,24.1,26,4.4,9.8,19.1,41522.08
Philippines,30-03-2001,27.1,24.2,25.1,11.5,13,24.1,32359.7
Philippines,31-03-2001,27.7,23.9,25.3,4.3,14.1,25.2,39167.38
Philippines,01-04-2001,27.8,24,25.4,0.8,15.6,28.8,41653.11
Philippines,02-04-2001,28.3,24.1,26,0,12.4,24.5,41696.09
Philippines,03-04-2001,27.8,24.7,25.9,3.6,11,24.1,38621.42
Philippines,04-04-2001,28.3,24.2,26.3,0.2,8,19.1,41780.82
Philippines,05-04-2001,29.3,24.6,26.7,0.4,7.7,19.1,41822.96
Philippines,06-04-2001,29.5,24.6,27,0.5,10.4,20.2,41788.42
Philippines,07-04-2001,29.9,24.8,27,0,8.9,19.8,41907.09
Philippines,08-04-2001,28.9,24.5,26.5,0,6.4,14.4,41949.01
Philippines,09-04-2001,28.8,24.8,26.7,0,7.9,15.5,41990.82
Philippines,10-04-2001,29.5,24,27,0,9.8,20.2,42032.46
Philippines,11-04-2001,28.7,23.7,26.5,2.5,11.2,19.8,42073.93
Philippines,12-04-2001,27.8,24.2,25.9,3.6,17.1,32.4,41676.54
Philippines,13-04-2001,28.5,24.7,26.4,0,18.5,34.6,42099.28
Philippines,14-04-2001,29.3,24.7,26.7,0.3,15.1,29.2,42104
Philippines,15-04-2001,28.9,24.9,26.3,2.1,15.3,32,41227.27
Philippines,16-04-2001,29.1,24.7,26.3,1.9,12.2,25.6,42114.05
Philippines,17-04-2001,28.6,25.3,26.6,1.5,9.2,22,42119.45
Philippines,18-04-2001,29.5,24.6,26.8,0.6,11.3,23.8,42125.13
Philippines,19-04-2001,29.1,24.8,27,0,6.2,18.4,42131.14
Philippines,20-04-2001,29.4,24.6,27,0,10.3,19.4,42137.5
Philippines,21-04-2001,29.9,24.5,27.3,0,9.2,14.8,42144.25
Philippines,22-04-2001,30.2,24.8,27.3,0,15.4,27.7,42151.42
Philippines,23-04-2001,29,24.9,26.5,3.8,18.9,34.2,42159.02
Philippines,24-04-2001,27.5,23.8,25.8,10.6,10.9,28.1,36255.01
Philippines,25-04-2001,29.1,25.2,27,0.2,10.5,27.7,41646.2
Philippines,26-04-2001,29.2,24.9,27.1,1.3,14.4,28.8,38137.18
Philippines,27-04-2001,29.4,25.6,27.2,0.2,15,32.8,42192.11
Philippines,28-04-2001,29,25.4,27.1,0,14.8,29.5,42201.04
Philippines,29-04-2001,30,25.8,27.3,1.1,12.2,29.5,42210.23
Philippines,30-04-2001,29.7,25.7,27.4,0.8,12.4,23,42219.7
Philippines,01-05-2001,29.4,25.4,27.5,0,8.1,18.4,42229.43
Philippines,02-05-2001,28.6,25.8,27.1,0.5,7.2,15.8,42259.28
Philippines,03-05-2001,29.4,25.7,27.4,0.8,9.6,20.2,42267.47
Philippines,04-05-2001,29.8,25.8,27.4,0.6,12.6,25.2,42260.27
Philippines,05-05-2001,29.6,26,27.6,0.8,10,22.3,41951.68
Philippines,06-05-2001,28.9,25.9,27.3,0.6,8,19.8,40860.45
Philippines,07-05-2001,29.4,25.8,26.9,2.3,14.5,30.6,35773.9
Philippines,08-05-2001,26.3,24.9,25.5,20.6,14.4,27,4072.25
Philippines,09-05-2001,26.3,24.4,25.2,27.9,15,31.3,9860.42
Philippines,10-05-2001,26.1,24.5,25.4,21,23.4,49.3,18802.82
Philippines,11-05-2001,28.2,24.9,26.4,10.7,15.5,33.8,41976.88
Philippines,12-05-2001,27.4,25.2,26.3,8.5,19.1,36,41841.89
Philippines,13-05-2001,27.7,24.6,26.1,7.4,15.6,31.7,41426.89
Philippines,14-05-2001,28.3,24.5,26.4,1.2,14.8,31,42381.52
Philippines,15-05-2001,28.3,26,27,1.4,12.3,27.7,42530.41
Philippines,16-05-2001,29.3,25.3,27.2,0.2,6.8,16.9,42616.75
Philippines,17-05-2001,29.3,24.6,27,0.4,7,19.1,42632.17
Philippines,18-05-2001,29.1,25.4,27.2,0.8,6.6,18.4,42647.89
Philippines,19-05-2001,28.3,25.4,26.6,1.5,9.8,22.7,42663.89
Philippines,20-05-2001,28.7,25.2,26.7,1.4,11.9,26.3,42531.21
Philippines,21-05-2001,28.7,25.4,26.8,2.9,12.8,27,42696.59
Philippines,22-05-2001,28.2,25.4,26.9,0.6,16,30.2,42504.26
Philippines,23-05-2001,28.7,25.1,26.5,3.5,14.8,31,42578.44
Philippines,24-05-2001,29,25.3,27,1.7,12.4,26.3,41886.52
Philippines,25-05-2001,28.6,24.8,26.5,7.1,12.6,24.8,39171.86
Philippines,26-05-2001,27.3,24.5,25.8,7.7,10.5,22,30709.89
Philippines,27-05-2001,27,24,25.4,14,12.6,28.8,28992.39
Philippines,28-05-2001,28.1,24.7,26.4,2.7,15.9,29.5,37465.93
Philippines,29-05-2001,28.2,25.7,26.9,2.3,12.5,24.8,42677.1
Philippines,30-05-2001,28.5,25.7,26.8,1.9,8.2,21.6,43003
Philippines,31-05-2001,28.6,24.5,26.4,4.9,8,18.4,41760.5
Philippines,01-06-2001,28.7,24.6,26.3,6.3,9.5,24.8,42881.15
Philippines,02-06-2001,27.3,24.4,26,5,7.9,22.7,42357.92
Philippines,03-06-2001,28.9,24.4,26.6,1.7,9.8,23.8,42758.89
Philippines,04-06-2001,28.7,24,26.4,1.4,10.1,19.4,42514
Philippines,05-06-2001,28.3,24.4,26,3.7,9,22,42870.23
Philippines,06-06-2001,28.2,24.6,26.1,4.2,7,19.8,37727.81
Philippines,07-06-2001,28.4,23.9,26.4,5.4,10.3,19.4,40238.36
Philippines,08-06-2001,28.8,25.3,26.8,0.5,10.7,22.7,43075.31
Philippines,09-06-2001,28.2,24.3,26,8.4,9,18,42682.34
Philippines,10-06-2001,26.8,23.8,25.5,9.8,11.5,24.5,38678.81
Philippines,11-06-2001,27.9,24.3,26.3,1.9,16.8,35.3,39361.69
Philippines,12-06-2001,28.6,24.6,26.7,1.8,16.9,34.9,42854.69
Philippines,13-06-2001,29.2,26.1,27.5,0,14.8,28.4,43009.71
Philippines,14-06-2001,29,25.7,27.3,0.4,14,29.2,43173.24
Philippines,15-06-2001,28.4,24.8,26.4,0.6,8,21.2,43188.27
Philippines,16-06-2001,28.7,24.4,26.1,6.6,13,33.8,33382.23
Philippines,17-06-2001,26.5,23.8,24.7,36.3,16.2,32.4,23453.83
Philippines,18-06-2001,26.9,23.8,25.5,16.9,22,42.5,41056.96
Philippines,19-06-2001,26.9,24.3,25.4,4.2,24,44.6,42088.99
Philippines,20-06-2001,27.7,24.8,26.1,1,18.5,36,42974.48
Philippines,21-06-2001,27.3,24.8,26.1,2.1,20,37.8,32166.77
Philippines,22-06-2001,26.4,25,25.8,9.1,29.5,55.4,15929.73
Philippines,23-06-2001,27.7,25.2,26.3,6.6,26.1,50,43009.13
Philippines,24-06-2001,28.1,25,26.3,6.6,13.6,25.9,43020.07
Philippines,25-06-2001,28,24,25.9,5.6,7.7,17.6,36368.75
Philippines,26-06-2001,26.6,23.9,25.1,12.5,7.9,21.6,34120.36
Philippines,27-06-2001,28,23.9,25.2,7.7,10.8,22.7,41194.02
Philippines,28-06-2001,26.3,23.6,24.9,25,9.4,22,23899.11
Philippines,29-06-2001,26.5,24.1,25.4,8.6,18.3,35.3,25672.24
Philippines,30-06-2001,27.2,25.1,26,5.2,19.3,34.9,38795.8
Philippines,01-07-2001,27.9,23.9,26,4,6.8,15.8,40690
Philippines,02-07-2001,27.9,25.1,26.2,7.2,14.3,27,43095.14
Philippines,03-07-2001,27,23.8,25.6,1.8,24.5,42.8,15148.12
Philippines,04-07-2001,26.6,25.5,26,2.5,30.5,66.6,0
Philippines,05-07-2001,25.9,25.3,25.6,6.6,33.5,61.2,15468.11
Philippines,06-07-2001,26.9,24.5,25.7,3.3,28.3,51.5,41271.13
Philippines,07-07-2001,27.9,24.9,26.3,3.3,12.8,26.6,41757.55
Philippines,08-07-2001,27,23.9,25.3,8.8,9.3,23.4,41126.77
Philippines,09-07-2001,26.1,23.7,24.8,8.7,10.4,20.2,11023.53
Philippines,10-07-2001,27.8,24.2,25.9,0.3,15.1,29.2,43129.01
Philippines,11-07-2001,27.4,24.4,25.7,4.8,14.5,29.5,43129.02
Philippines,12-07-2001,27.9,24.5,25.8,4.2,14.5,31.7,43127.96
Philippines,13-07-2001,27.1,24,25.4,5.7,14.5,30.6,28536.42
Philippines,14-07-2001,26.9,23.5,25.4,5.7,9.7,24.8,19229.4
Philippines,15-07-2001,28.1,24.3,26.1,1.2,10.5,27.4,41534.33
Philippines,16-07-2001,28.6,25.1,26.6,0.7,13.7,27,43116.12
Philippines,17-07-2001,28.6,25.2,26.7,1.6,14,28.1,43111.29
Philippines,18-07-2001,27.7,24.8,26,6.6,14.8,28.8,31776.87
Philippines,19-07-2001,25.9,23.9,24.8,35.7,11.8,25.2,2583.39
Philippines,20-07-2001,26.5,24.1,25,12.5,15.8,30.2,17700.73
Philippines,21-07-2001,27.9,24,26,3.5,13.9,28.4,43084.19
Philippines,22-07-2001,28.4,24.7,26,5.3,10.6,24.8,36000
Philippines,23-07-2001,26.9,23.8,25.2,3.8,10.2,18.7,28420.89
Philippines,24-07-2001,27.5,24.7,25.8,3.1,11.2,23.4,41455.69
Philippines,25-07-2001,27.9,24.3,25.9,11.1,7.3,19.8,41717.25
Philippines,26-07-2001,28.3,24.3,26.2,10.8,10.6,21.6,39600
Philippines,27-07-2001,26.5,24.2,25.4,14.3,13.8,26.6,25331.96
Philippines,28-07-2001,27.6,24.7,25.9,10.5,15.9,36.4,31940.17
Philippines,29-07-2001,27.8,24.4,26.2,0.5,17.5,33.8,42990.54
Philippines,30-07-2001,28.2,24.6,26.5,0.5,13.3,28.4,42974.93
Philippines,31-07-2001,28.4,25.2,26.7,0.7,8.8,21.2,42958.42
Philippines,01-08-2001,28.6,24.8,26.5,3.4,12,26.3,42940.98
Philippines,02-08-2001,28.4,24.5,25.8,6.8,11.3,23.4,42922.52
Philippines,03-08-2001,26.9,24.1,25.2,13.2,8,19.4,33190.09
Philippines,04-08-2001,27,24,25.3,9.5,12.1,21.6,23357.49
Philippines,05-08-2001,26.2,23.6,24.9,7.8,10,24.8,25636.83
Philippines,06-08-2001,28.3,24.6,26.2,3.4,10.8,24.8,42284.49
Philippines,07-08-2001,27.5,24.7,25.7,9,15.5,37.1,33857.53
Philippines,08-08-2001,28.2,24.6,26.4,3.9,9.8,19.4,38070.15
Philippines,09-08-2001,28.1,24.4,26,7.9,7.4,17.6,38616.24
Philippines,10-08-2001,28,23.8,25.3,15.2,7.6,22,39931.64
Philippines,11-08-2001,27.5,23.7,25.3,10.6,12.9,29.2,40429.48
Philippines,12-08-2001,27.4,23.8,25.2,10.6,12,28.8,34550.49
Philippines,13-08-2001,27.7,24,25.5,11,7.4,18.4,31083.45
Philippines,14-08-2001,27.3,24.2,25.7,3.7,12,25.2,40380.66
Philippines,15-08-2001,27.1,24.9,25.9,17.3,17.7,42.1,25137.74
Philippines,16-08-2001,26.8,24.5,25.6,18.1,21.9,45,26535.46
Philippines,17-08-2001,26.2,24.6,25.3,32.9,16,48.2,10996.04
Philippines,18-08-2001,26.1,24.5,25,33.8,13.2,43.9,2441.85
Philippines,19-08-2001,26.7,24.6,25.4,16.2,26.4,45,33009.52
Philippines,20-08-2001,27.2,25.1,26,2.4,30.2,54,42448.48
Philippines,21-08-2001,27.3,25.3,26.1,1.2,29,53.3,42416.38
Philippines,22-08-2001,27.3,25.3,26,11.1,18.5,38.5,28810.71
Philippines,23-08-2001,26,24.6,25.3,29.6,11.8,41,0
Philippines,24-08-2001,26.2,24.9,25.3,21.4,15.3,38.9,11895.08
Philippines,25-08-2001,26.3,24.5,25.2,18.4,18.4,37.8,9085.89
Philippines,26-08-2001,26.8,24.6,25.7,15.5,23.6,42.8,28728.15
Philippines,27-08-2001,26.6,25.1,25.6,18.2,20.1,45.4,25164.75
Philippines,28-08-2001,27.1,25,25.9,7.5,23,46.4,29129.99
Philippines,29-08-2001,27.6,25.2,26.2,1.4,20.3,41,39600
Philippines,30-08-2001,28.1,25.5,26.6,0.9,18.3,36,39600
Philippines,31-08-2001,28.9,25.2,26.7,0.7,11.2,22.7,41349.68
Philippines,01-09-2001,28.3,24.9,26.4,9.9,10.9,22.3,21720.67
Philippines,02-09-2001,27.4,24.7,25.9,11,12.8,31.7,32500.72
Philippines,03-09-2001,27.7,24.7,25.9,9.8,11.9,25.2,21212.08
Philippines,04-09-2001,28.1,25,26.3,1.5,12.3,25.9,40307.7
Philippines,05-09-2001,28.4,25,26.6,1.1,12.8,25.6,41698.33
Philippines,06-09-2001,28.6,25.4,26.7,1.8,13.4,27.4,40583.79
Philippines,07-09-2001,28.4,25.1,26.5,3,13.9,26.3,41767.53
Philippines,08-09-2001,28.6,25.4,26.6,0.3,15.5,29.5,41726.71
Philippines,09-09-2001,28.3,24.6,26.5,0,15.7,30.6,41685.98
Philippines,10-09-2001,28.7,24.4,26.7,0.3,11.2,22.7,41645.33
Philippines,11-09-2001,28.9,25,26.7,2.4,8.2,19.1,40467.85
Philippines,12-09-2001,28.4,24.8,26.5,2.5,10.2,21.2,36281.25
Philippines,13-09-2001,27.9,25.1,26.1,6.9,11.9,27,37248.24
Philippines,14-09-2001,27.7,24.1,25.9,4.7,12.5,28.1,37869.11
Philippines,15-09-2001,28.1,25.2,26.5,3.1,10.7,23,39686.73
Philippines,16-09-2001,28.2,25.3,26.4,2,15.3,35.6,40796.41
Philippines,17-09-2001,28.5,24.6,26.5,0,14,29.9,41224.76
Philippines,18-09-2001,28.8,25.3,26.9,0.3,13.9,28.4,40462.34
Philippines,19-09-2001,28.7,25,26.4,3.6,13.2,27.7,39600
Philippines,20-09-2001,28.1,25,26.1,4,10.9,23.8,39936.57
Philippines,21-09-2001,27.6,24.6,25.8,8.8,12.6,25.6,39581.84
Philippines,22-09-2001,28,24.7,26,5.7,15.9,32.8,39600
Philippines,23-09-2001,28.1,24.8,26.2,12.2,21.7,46.4,35726.93
Philippines,24-09-2001,27.5,25.3,26.2,8.6,21.2,43.9,33461.78
Philippines,25-09-2001,27.3,25.4,26.2,3.4,27.8,52.2,39600
Philippines,26-09-2001,27.6,25.5,26.4,1.6,22.1,40.3,39600
Philippines,27-09-2001,27.9,25.4,26.4,2.5,17.5,34.9,39600
Philippines,28-09-2001,28.2,25.1,26.4,5.4,10.8,24.8,36311.02
Philippines,29-09-2001,28.4,24.8,26.2,5.1,9.1,18.4,39693.52
Philippines,30-09-2001,28.5,24.3,26.2,3.5,5,16.2,39048.54
Philippines,01-10-2001,28.3,24.2,25.6,10.9,12.1,22,36675.11
Philippines,02-10-2001,27.4,24.1,25.6,10.8,11.7,25.6,23066.81
Philippines,03-10-2001,27.2,24.2,25.8,5.5,14.3,25.9,34859.17
Philippines,04-10-2001,28.2,23.9,26.1,4.6,15.5,29.5,36927.82
Philippines,05-10-2001,28.6,25.4,26.5,0.7,13.4,27.7,39720.87
Philippines,06-10-2001,28.3,24.7,26,6.2,15.9,28.1,39224.89
Philippines,07-10-2001,28.5,24.7,26.1,1.6,15.7,28.4,39594.32
Philippines,08-10-2001,27.3,24.5,25.7,9,13.8,27.7,32596.08
Philippines,09-10-2001,26.7,24.1,25.1,15.9,14.7,33.8,4725.85
Philippines,10-10-2001,26.6,23.9,24.9,13.9,14.2,29.9,21543.64
Philippines,11-10-2001,27.7,23.9,25.2,9.3,14,28.1,29563.18
Philippines,12-10-2001,26.4,24,24.9,10.7,6.6,19.1,18538.64
Philippines,13-10-2001,26.7,24.1,24.9,10.6,10.6,22,17551.24
Philippines,14-10-2001,26,23.3,24.8,4.2,5.1,16.9,26793.86
Philippines,15-10-2001,26.2,23.6,25,5.1,11.9,22.3,29654.44
Philippines,16-10-2001,27.8,24.1,26.1,2.9,16.3,36.4,39529.37
Philippines,17-10-2001,28.1,25,26.5,1.9,10.4,24.8,37197.59
Philippines,18-10-2001,29,25.1,26.7,2.7,13.7,27.4,39508.67
Philippines,19-10-2001,27.5,25,25.8,5.4,17.4,36.7,32780.96
Philippines,20-10-2001,27.5,24.9,25.9,4.7,22.7,44.6,30320.85
Philippines,21-10-2001,27.5,24.2,25.8,2.9,15.7,31.3,27271.41
Philippines,22-10-2001,27.4,24.4,25.6,2.4,16.3,32,39458.9
Philippines,23-10-2001,27.7,24.6,25.7,3.4,20.3,34.9,39445.04
Philippines,24-10-2001,27.8,24.6,25.6,2.5,17.3,31,39430.64
Philippines,25-10-2001,27,24.6,25.5,1.7,16.4,31,38970.65
Philippines,26-10-2001,27.6,24.5,25.7,0.7,17.6,32.4,39400.21
Philippines,27-10-2001,27.7,24.5,25.6,1.7,17.3,36,39384.17
Philippines,28-10-2001,27.4,24.5,25.6,3.8,14,26.6,38489.41
Philippines,29-10-2001,28.3,24.8,26.2,0.3,17.6,35.6,39350.38
Philippines,30-10-2001,27.7,24.7,26,0,16.6,30.2,39332.62
Philippines,31-10-2001,27.4,24.6,25.8,0.3,15.5,33.5,39314.28
Philippines,01-11-2001,28.1,24.9,26.1,0.2,17.9,32.8,39295.34
Philippines,02-11-2001,28.2,24.7,26.1,0,15.3,32.4,39275.81
Philippines,03-11-2001,28.3,24.5,26.1,0.2,14.8,31.7,39255.68
Philippines,04-11-2001,27.9,24.5,25.8,1.9,16.9,34.6,39234.95
Philippines,05-11-2001,27.4,24.3,25.9,3.7,21.8,43.6,39213.14
Philippines,06-11-2001,26.4,24.4,25.1,9.6,32.9,64.4,36574.96
Philippines,07-11-2001,24.7,24,24.3,62.6,32.7,73.4,0
Philippines,08-11-2001,25.6,24.4,24.9,27,32.2,75.2,1152.57
Philippines,09-11-2001,27.5,24.4,25.9,5.7,23.7,41,37337.05
Philippines,10-11-2001,27.4,24.7,25.7,4.5,12.4,23.8,39018.03
Philippines,11-11-2001,26.8,24,25.4,9.4,8,21.2,36894.42
Philippines,12-11-2001,27.8,24,25.4,5.1,17.1,32,38943.11
Philippines,13-11-2001,25.8,24.2,24.8,13.2,20,37.8,23308.84
Philippines,14-11-2001,25.5,24.2,24.7,12.4,23.4,44.6,12420.95
Philippines,15-11-2001,25.4,23.2,24.2,1.8,25.6,50.4,29366
Philippines,16-11-2001,27.4,23.8,25.1,1.5,14.6,33.5,38797.68
Philippines,17-11-2001,27.1,23.9,25,1.8,18.6,33.5,38762.53
Philippines,18-11-2001,25.5,23.8,24.4,8.7,29.6,54.4,38727.94
Philippines,19-11-2001,25.6,23.5,24.2,7.7,31.3,55.4,28055.16
Philippines,20-11-2001,25.2,23.5,24.2,4.1,28.3,54.4,20227.92
Philippines,21-11-2001,25.7,23.4,24.3,1.3,29.3,56.5,36450.37
Philippines,22-11-2001,25.9,23.2,24.4,0,31,55.1,35164.21
Philippines,23-11-2001,25.9,23.6,24.4,3.7,23.8,44.3,25793.4
Philippines,24-11-2001,26.1,23.3,24.3,0,28.9,53.3,37740.06
Philippines,25-11-2001,26.6,22.8,24,0.2,21,38.5,38506.24
Philippines,26-11-2001,25.5,22.7,23.9,0.1,25.7,49.7,38478.12
Philippines,27-11-2001,25.7,23,24.2,0.5,29.5,53.6,38451.04
Philippines,28-11-2001,25.8,23.5,24.3,1,27.6,49.3,38425.06
Philippines,29-11-2001,26.5,23.8,24.7,1.3,26,46.8,38222.9
Philippines,30-11-2001,25.6,23.6,24.5,1.1,25.5,43.6,25204.24
Philippines,01-12-2001,27.2,23.4,24.6,1.8,18.6,37.1,38353.8
Philippines,02-12-2001,26.9,23.5,24.9,0.2,18.4,33.5,37250.9
Philippines,03-12-2001,27.9,23.9,25.2,1.3,21.6,38.9,38310.54
Philippines,04-12-2001,26.9,23.8,24.8,2.8,20.4,41.4,35233.12
Philippines,05-12-2001,24.5,23.7,24,26.5,24.8,52.9,1165.58
Philippines,06-12-2001,24.4,23.2,23.8,65.5,31.4,62.3,0
Philippines,07-12-2001,25.4,23.2,24,9.7,16.3,41,27096.26
Philippines,08-12-2001,27,23.4,24.8,0.3,17.3,36.4,38218.05
Philippines,09-12-2001,27,23.6,24.8,1.2,20.9,38.5,37986.7
Philippines,10-12-2001,26.2,23.6,24.5,5.5,20.5,38.9,38148.8
Philippines,11-12-2001,24.8,23.3,23.9,2.2,18.4,36.7,18345.95
Philippines,12-12-2001,25.8,23.4,24.4,1.6,23.8,43.6,37338.29
Philippines,13-12-2001,26.2,23.6,24.5,2.2,20.6,41.8,37335.18
Philippines,14-12-2001,26.8,23.8,24.9,1.1,27.1,48.6,37208.71
Philippines,15-12-2001,25.2,23.4,24.1,5.6,26.4,49,25097.73
Philippines,16-12-2001,27.3,23.8,25,1.3,22.4,42.8,37946.23
Philippines,17-12-2001,27,23.5,24.9,2.3,24.5,43.2,37914.73
Philippines,18-12-2001,25.9,23.1,24.2,1.6,21.5,41.4,37314.94
Philippines,19-12-2001,27,23.1,24.8,0.6,23.6,43.2,37854.5
Philippines,20-12-2001,26.1,23.7,24.6,1.9,27.3,48.2,37825.43
Philippines,21-12-2001,27,23.2,24.7,1,23.1,42.8,37796.36
Philippines,22-12-2001,26.7,23,24.5,1,24.5,44.3,37767.36
Philippines,23-12-2001,25.3,22.8,23.7,2.8,21.6,40.7,37738.53
Philippines,24-12-2001,25.3,22.6,23.4,6.9,22.6,40.7,33769.83
Philippines,25-12-2001,23,22.5,22.7,13,27.8,51.5,1327.04
Philippines,26-12-2001,24,21.8,22.9,0,31.6,58.3,37488.76
Philippines,27-12-2001,24.6,21.5,22.7,0,27.1,49.3,37152.02
Philippines,28-12-2001,24.1,21.7,22.7,0.7,23.4,42.1,37578.28
Philippines,29-12-2001,25.3,22,23.3,0,22.5,40.3,37573.7
Philippines,30-12-2001,25.2,21.8,23.2,0.5,24,44.3,37027.29
Philippines,31-12-2001,26.1,22.4,23.9,0.9,18.6,34.9,36707.1
Philippines,01-01-2002,26,22.9,24.1,0.3,14.3,25.6,37016.44
Philippines,02-01-2002,25.9,22.8,23.8,1.1,22.7,42.1,31750.41
Philippines,03-01-2002,24.3,21.9,22.8,1.8,32,58.3,31802.66
Philippines,04-01-2002,24,21.6,22.4,0,26.4,49.3,32116.03
Philippines,05-01-2002,24.7,21.6,22.8,0.6,24.5,44.6,37295.57
Philippines,06-01-2002,24.6,21.4,22.8,1.1,26.8,48.2,35230.2
Philippines,07-01-2002,24.6,22.2,23,0,26.1,47.2,18198.91
Philippines,08-01-2002,24.4,22.1,23,0,28.7,53.6,26936.87
Philippines,09-01-2002,25.2,21.6,22.8,0.1,27,50.8,37013.22
Philippines,10-01-2002,24.4,21.2,22.4,0,22.5,43.9,36889.01
Philippines,11-01-2002,24.4,20.9,22.3,0,21.9,40,36430.61
Philippines,12-01-2002,24.7,21.4,22.9,2,27.4,47.5,20935.5
Philippines,13-01-2002,25.3,22,23.4,6.9,21.3,53.6,16067.82
Philippines,14-01-2002,27.8,22.1,24.5,0.3,14,25.9,36868.38
Philippines,15-01-2002,27.5,22.9,24.8,0.3,20,34.2,36599.28
Philippines,16-01-2002,26.9,22.9,24.6,0.8,12.7,24.8,35398.67
Philippines,17-01-2002,27,23,24.5,0.4,14.9,26.6,36497.64
Philippines,18-01-2002,27.4,22.5,24.5,0.6,12.9,24.1,36960.26
Philippines,19-01-2002,27,22.7,24.3,0,14.3,26.6,37612.82
Philippines,20-01-2002,26.7,22.3,24,0,18.8,34.2,37248.36
Philippines,21-01-2002,27.1,21.9,24,0,17.3,34.2,37616.66
Philippines,22-01-2002,26,22.6,23.8,1.7,24.2,43.2,36569.37
Philippines,23-01-2002,25,22.6,23.5,3.1,26.7,47.9,32345.85
Philippines,24-01-2002,25.4,22.5,23.7,3.9,22.7,42.8,36865.77
Philippines,25-01-2002,26.3,23.1,24.3,0.2,18.7,36.4,36700.67
Philippines,26-01-2002,26.6,22.4,24,0.4,13.2,24.8,37438.97
Philippines,27-01-2002,27,22.5,24.3,0,18,34.6,38173.93
Philippines,28-01-2002,27,22.4,24.2,1.4,20.1,34.2,37970.24
Philippines,29-01-2002,26,22.3,23.7,0.6,22,38.9,37604.37
Philippines,30-01-2002,25.7,22,23.4,0.3,19.9,37.4,37284.54
Philippines,31-01-2002,25,21.7,23.1,0.7,17.9,34.9,37285.3
Philippines,01-02-2002,26.2,22,23.7,0.2,22.6,44.6,37583.67
Philippines,02-02-2002,25.8,21.5,23.3,0,15,30.6,37824.82
Philippines,03-02-2002,26.2,21.7,23.5,0,19.1,34.6,38223.79
Philippines,04-02-2002,26.5,21.7,23.7,0,20.9,39.6,38828.63
Philippines,05-02-2002,26.8,21.6,23.9,0,16.1,31.3,38953.7
Philippines,06-02-2002,25.6,22.9,24,0.2,20.9,36.7,18927.96
Philippines,07-02-2002,24,22.5,23.3,19.6,17.3,30.2,0
Philippines,08-02-2002,26.3,22.5,24,1.8,9.2,22,37936.5
Philippines,09-02-2002,26.5,21.7,24.1,1.1,12.6,22.7,37421.72
Philippines,10-02-2002,27,22.4,24.5,0,11.2,22,38795.86
Philippines,11-02-2002,26.7,22.2,24,0.6,17.1,30.6,37721.02
Philippines,12-02-2002,25.3,22,23.3,1,19.6,37.1,38042.23
Philippines,13-02-2002,25.2,22.2,23.4,1.1,23.7,42.5,38194.95
Philippines,14-02-2002,25.8,22.4,23.6,0,25.5,46.1,39403.94
Philippines,15-02-2002,25.4,21.9,23.2,0.1,26.6,47.9,38288.74
Philippines,16-02-2002,25.1,22.4,23.4,0.4,28.4,51.8,35037.65
Philippines,17-02-2002,25.8,22.5,23.9,0,23.2,43.6,36719.03
Philippines,18-02-2002,25.8,22.7,24,0,24.9,47.2,37771.52
Philippines,19-02-2002,25.6,22.7,23.8,0.8,29.5,53.6,36476.81
Philippines,20-02-2002,24.9,22.1,23.2,1.1,34.6,65.9,39096.5
Philippines,21-02-2002,26.1,21.6,23.5,1.5,26.3,47.2,39401.02
Philippines,22-02-2002,25.9,22.5,23.8,1.5,17.4,34.6,37656.63
Philippines,23-02-2002,26.7,22.6,24.3,3.1,12,23.4,38923.18
Philippines,24-02-2002,27.1,21.9,24.3,2,12.3,23.4,39404.93
Philippines,25-02-2002,26.7,22.8,24.4,0,18.4,33.8,39406.53
Philippines,26-02-2002,27.2,22.3,24.3,0,17.6,33.8,40096.46
Philippines,27-02-2002,26.6,21.8,24,0.2,14.7,29.2,40142.8
Philippines,28-02-2002,26.1,21.9,23.5,0.2,19.5,35.3,40189.21
Philippines,01-03-2002,26.2,21.4,23.2,0,19.1,34.2,38859.7
Philippines,02-03-2002,26.4,21.4,23.6,2,19.6,37.4,38329.48
Philippines,03-03-2002,26,22.9,24.1,0.4,22.1,41,30043.7
Philippines,04-03-2002,26.5,22.3,23.9,0,22.1,39.6,40350.75
Philippines,05-03-2002,26.8,21.9,24,0,20,36.4,21987.55
Philippines,06-03-2002,27.1,22.8,24.5,0.3,21.3,38.9,40266.57
Philippines,07-03-2002,25.9,22.3,23.8,1.6,29,57.6,40513.33
Philippines,08-03-2002,24.5,21.4,22.6,0.4,31.3,60.1,34904.45
Philippines,09-03-2002,25.5,21.4,23.1,0.2,26.7,49.7,38363.4
Philippines,10-03-2002,26.3,21.9,23.7,0.6,24.9,45.7,40178.16
Philippines,11-03-2002,26.7,22.6,24.3,1,19.6,37.1,39855.25
Philippines,12-03-2002,27.1,23.1,24.6,4.4,12.8,27.7,36101.15
Philippines,13-03-2002,28.4,22.7,25.4,0.8,13.5,24.1,40545.62
Philippines,14-03-2002,28.4,22.1,25.3,0.7,10.1,20.2,40832.51
Philippines,15-03-2002,28.8,21.8,25.4,0,9.3,18,40878.43
Philippines,16-03-2002,28.8,22.7,25.8,0.8,11.6,22.3,39013.11
Philippines,17-03-2002,29.4,22.9,25.8,0,20.1,35.3,40970.33
Philippines,18-03-2002,27.5,23.4,25.1,1.6,24.2,46.1,40619.77
Philippines,19-03-2002,27.9,23.2,24.9,0.7,26.1,47.2,41062.11
Philippines,20-03-2002,27.3,23.5,25,1,21.8,41.8,41107.87
Philippines,21-03-2002,28.9,23.5,25.6,1.1,21.9,39.2,41153.51
Philippines,22-03-2002,27.6,23.5,25.4,2.5,15,30.2,40401.91
Philippines,23-03-2002,27.9,23.9,25.4,6,10,27,38644.98
Philippines,24-03-2002,28.7,23.9,26,0.5,12.9,25.2,41289.38
Philippines,25-03-2002,29,24.1,26.3,0.5,10.5,20.2,41334.24
Philippines,26-03-2002,29,24.2,26.3,0,10.5,21.2,41378.81
Philippines,27-03-2002,29.2,22.7,26,0,11.6,21.2,41423.09
Philippines,28-03-2002,29.1,23.4,26,0.3,14.1,26.3,41467.03
Philippines,29-03-2002,28.8,23.5,26,0.7,9.7,17.3,41510.58
Philippines,30-03-2002,29.5,22.5,26.1,0,13.9,23.8,41553.74
Philippines,31-03-2002,29.8,23.3,26.2,0,17.3,31.3,41596.93
Philippines,01-04-2002,30.2,23.8,26.6,0,19.2,35.3,41640.11
Philippines,02-04-2002,29.8,23.7,26.4,0,11.3,23,41683.28
Philippines,03-04-2002,29.2,23.5,26.2,0,8.1,19.8,41726.37
Philippines,04-04-2002,29.2,23.9,26.6,0,8.7,16.9,41769.38
Philippines,05-04-2002,30.1,24.2,26.8,0,12.2,24.1,41812.27
Philippines,06-04-2002,29.6,24.1,26.6,0,9.4,19.8,41855.02
Philippines,07-04-2002,29.6,24.1,26.7,0.3,11.3,20.9,41897.59
Philippines,08-04-2002,29.2,24.1,26.5,0.7,12.2,24.5,41939.97
Philippines,09-04-2002,30.4,24.4,26.6,0,18.1,31.3,41982.13
Philippines,10-04-2002,28.3,24.1,25.8,0.7,17.9,32,42024.02
Philippines,11-04-2002,29.5,24.1,26.5,0.6,16.6,31.3,42065.63
Philippines,12-04-2002,30.3,24.1,26.6,0,19.2,34.2,42091.55
Philippines,13-04-2002,28.7,23.8,26,0.1,21.9,41.8,42096.23
Philippines,14-04-2002,28.9,24.3,26.3,0.5,13.5,29.5,41878.88
Philippines,15-04-2002,28.7,24.6,26.2,5.8,10.2,28.1,41024.93
Philippines,16-04-2002,29.8,24.4,26.7,0,16.3,30.6,42112.1
Philippines,17-04-2002,28.9,24.4,26.3,1.4,13.9,28.1,42118.12
Philippines,18-04-2002,28.2,24.6,25.9,4.8,11.5,25.9,39600
Philippines,19-04-2002,29.4,24.3,26.7,2.3,16.5,30.6,42131.15
Philippines,20-04-2002,29.6,24.6,26.9,0.1,16.9,31.3,42137.92
Philippines,21-04-2002,28.8,24.8,26.7,0.3,13.7,29.2,41898.88
Philippines,22-04-2002,29.1,24.5,26.1,2.4,18.7,33.8,40841.93
Philippines,23-04-2002,30.4,24.5,26.9,0.4,18.8,33.1,41905.41
Philippines,24-04-2002,29.7,24.1,26.7,0.5,13.6,25.6,40977.47
Philippines,25-04-2002,29.2,24.8,26.8,0.9,18.3,35.3,42174.6
Philippines,26-04-2002,30.2,24.3,26.6,1.2,22.2,38.9,42182.59
Philippines,27-04-2002,29.2,24.7,26.4,1.7,17,31.3,41785.54
Philippines,28-04-2002,29.1,24.7,26.3,2.4,14.8,29.5,41923.1
Philippines,29-04-2002,28.8,24.3,26.3,0.2,19.2,34.2,42208.05
Philippines,30-04-2002,29.4,24.5,26.7,0.1,17.8,32,42241.09
Philippines,01-05-2002,29.7,24.5,26.8,0.7,14.9,29.2,42226.41
Philippines,02-05-2002,31.3,24.8,27.5,0,20.1,34.6,42311.5
Philippines,03-05-2002,31.3,24.7,27.4,0,21.1,37.8,42321.02
Philippines,04-05-2002,30.6,25,27.2,0.5,21.2,40.3,42330.68
Philippines,05-05-2002,30.5,24.7,26.9,0,20.6,38.5,42280.53
Philippines,06-05-2002,30.9,24.4,27.2,0,18.6,32.8,42350.71
Philippines,07-05-2002,31,24.8,27.4,0,16.9,31,42423.9
Philippines,08-05-2002,30.2,25.1,27.2,0.4,17.3,33.5,42307.85
Philippines,09-05-2002,29.6,24.6,26.6,3.3,13.8,28.1,40588
Philippines,10-05-2002,28.6,24.4,26.1,7.6,9.7,22.3,37272.07
Philippines,11-05-2002,29.2,25,26.8,1.1,8.4,22.7,42406.6
Philippines,12-05-2002,29.8,25.3,27.3,0,11.9,23.4,42487.29
Philippines,13-05-2002,28.4,25,26.5,4.4,13.4,26.6,40079.91
Philippines,14-05-2002,28.9,24.6,26.7,0.8,7.4,18,42379.81
Philippines,15-05-2002,28.6,24.7,26.7,0.5,9.7,20.2,42458.2
Philippines,16-05-2002,29.4,24.8,26.9,0.8,7.2,18.4,42471.92
Philippines,17-05-2002,29.1,24.2,26.5,1.9,6.9,15.8,42630.83
Philippines,18-05-2002,29.4,24.5,27,0.6,10,20.5,42646.46
Philippines,19-05-2002,29.9,25.4,27.6,2.7,8,21.2,42588.47
Philippines,20-05-2002,28.7,25.2,26.8,7.4,11.6,25.9,35597.17
Philippines,21-05-2002,28.8,25.5,26.8,3.9,13.2,25.2,21321.08
Philippines,22-05-2002,28.9,25.8,26.9,7.1,11.4,24.1,33767.38
Philippines,23-05-2002,28.5,25.7,26.6,2.5,14,26.6,42314.01
Philippines,24-05-2002,29.5,25.5,27.3,0.6,13,25.2,42666.21
Philippines,25-05-2002,29.5,24.9,26.9,7.7,13,26.6,42476.25
Philippines,26-05-2002,28.8,24.9,26.6,5.3,15.1,32,39600
Philippines,27-05-2002,28.7,25.3,26.8,0.9,8,23,19314.06
Philippines,28-05-2002,29.1,25.1,26.6,5,8,22,38139.84
Philippines,29-05-2002,28.4,24.6,26.8,5,8.5,18.7,42822.95
Philippines,30-05-2002,29,24.6,26.7,3.6,7.2,18,42491.75
Philippines,31-05-2002,28.6,24.9,26.7,3.5,13.7,25.6,41907.03
Philippines,01-06-2002,28.9,25.5,26.8,5.6,14,33.1,38854.68
Philippines,02-06-2002,28.9,25.4,26.8,7.4,16.9,31,42680.35
Philippines,03-06-2002,28.5,25.7,26.8,3.6,18.7,33.5,36687.9
Philippines,04-06-2002,28.9,25.1,26.7,2.4,14.3,31.7,41359.91
Philippines,05-06-2002,29.1,24.7,26.9,1.1,14.3,28.8,42868.49
Philippines,06-06-2002,29.5,25,27.3,1.7,11.8,25.6,43040.14
Philippines,07-06-2002,29.4,25.7,27.2,2.9,14.2,27.7,41772.88
Philippines,08-06-2002,29.5,25.8,27.5,0.8,13.4,25.2,42786.25
Philippines,09-06-2002,29.2,26.2,27.4,2,12.7,24.8,42803.53
Philippines,10-06-2002,29.6,25.5,27.5,0.2,9.8,19.8,42957.71
Philippines,11-06-2002,30,26.5,28,0,9.4,21.2,43124.78
Philippines,12-06-2002,29.9,25.4,27.1,2.1,15.5,32,39558.36
Philippines,13-06-2002,29.1,25,26.7,3.5,9.4,22.7,40711.23
Philippines,14-06-2002,29.4,24.8,26.9,2.9,9.5,21.2,42949.83
Philippines,15-06-2002,28.9,24.9,26.4,5.8,8.9,21.2,41080.23
Philippines,16-06-2002,27.6,25,26.2,3.3,8.7,21.2,40231.52
Philippines,17-06-2002,28.5,24.6,26.5,1.9,10,22.7,42395.48
Philippines,18-06-2002,27.7,24.6,26.1,3.1,7.9,20.5,39600
Philippines,19-06-2002,27.1,23.9,25.6,15.2,11.2,26.3,37727.01
Philippines,20-06-2002,26.5,24.1,25.5,9.9,14,28.1,9772.23
Philippines,21-06-2002,27.2,24.2,25.8,4.9,13.5,29.2,39218.09
Philippines,22-06-2002,28.3,24.3,26.4,1.5,12.5,24.8,42992.5
Philippines,23-06-2002,28.4,24.6,26.3,2.6,8.6,19.8,43010.73
Philippines,24-06-2002,28.7,24.8,26.7,1.3,6.7,14.4,43024.76
Philippines,25-06-2002,28.8,25.2,27,0.9,6.9,18.7,43038.41
Philippines,26-06-2002,28.6,24.6,26.3,1.5,6.4,18,43040.76
Philippines,27-06-2002,28.4,24.8,26.2,2.9,14.3,27.7,28800
Philippines,28-06-2002,28.3,24.6,26.1,5.2,9.2,22.3,37612.57
Philippines,29-06-2002,29.2,24.9,26.8,3.4,10.9,19.4,43087.79
Philippines,30-06-2002,29.1,24.5,26.6,3.4,8.5,19.1,38536.18
Philippines,01-07-2002,29.6,25,27,1.8,9.7,19.8,43089.43
Philippines,02-07-2002,28.7,25.7,26.9,1.5,17.4,34.6,41190.33
Philippines,03-07-2002,26.7,25.1,25.9,21.4,17.8,38.2,15273.9
Philippines,04-07-2002,28.4,25.3,26.6,3.6,17.8,45.7,36107.21
Philippines,05-07-2002,28.2,25.4,26.6,5.1,19.4,47.9,41291.68
Philippines,06-07-2002,27.8,25.6,26.4,4.1,22.2,46.8,20473.24
Philippines,07-07-2002,26.8,25.3,26,13,21.2,49,15018.63
Philippines,08-07-2002,27.6,25.7,26.4,5.7,28.3,59,42304.15
Philippines,09-07-2002,28.2,25.8,26.9,0.6,32.1,63.4,43124.66
Philippines,10-07-2002,28.5,26.2,27.2,0.2,30.1,54,43125.55
Philippines,11-07-2002,28.8,26,27.2,0.7,24.5,48.6,40967.51
Philippines,12-07-2002,28.2,25.9,26.7,7.9,17.6,44.6,35365.29
Philippines,13-07-2002,27.4,25.5,26.4,6.2,21.8,53.6,12109.74
Philippines,14-07-2002,26.5,25.4,25.9,7.6,28,52.2,6720.01
Philippines,15-07-2002,26.8,25.3,26,3.3,23.3,43.2,13590.07
Philippines,16-07-2002,28.9,25.6,27,0,13.5,27.4,43116.54
Philippines,17-07-2002,29.5,25.3,27.5,0.2,9,18,43112.45
Philippines,18-07-2002,29.4,24.6,26.8,0.7,5,19.8,43107.56
Philippines,19-07-2002,27.7,24.6,26.1,3.9,18,38.5,37333.67
Philippines,20-07-2002,25.5,24,24.7,51.8,31.2,55.8,5887.54
Philippines,21-07-2002,27.2,25.2,26,6.1,30.3,63.7,43087.87
Philippines,22-07-2002,28.2,24.9,26.4,0.2,17.4,33.8,43079.56
Philippines,23-07-2002,28,25.2,26.5,0.7,21.3,49.7,43070.34
Philippines,24-07-2002,27.7,25.1,26.1,2.2,16.6,46.8,43060.19
Philippines,25-07-2002,27.1,25.1,26,4.7,16.3,46.4,38191.43
Philippines,26-07-2002,27.5,25.1,26,7.1,16,42.1,32400
Philippines,27-07-2002,27.1,25,25.9,14.8,21.3,37.1,40151.46
Philippines,28-07-2002,27.6,24.7,26,8,23.1,37.8,43009.82
Philippines,29-07-2002,28.6,24.9,26.6,2.9,12.8,26.3,42994.76
Philippines,30-07-2002,28.6,25.3,26.5,11.4,16.7,34.6,34415.27
Philippines,31-07-2002,27.8,25.1,26.2,13.8,22.9,40.7,8136.1
Philippines,01-08-2002,27,25,25.6,10.1,22.5,52.6,16520.46
Philippines,02-08-2002,27.5,25.1,26.3,2.1,20.5,40.3,42001.18
Philippines,03-08-2002,27.8,25,26.4,2.7,24.5,46.4,37853.25
Philippines,04-08-2002,27.6,25.2,26.3,0.8,21.7,40,42885.16
Philippines,05-08-2002,28.1,24.7,26.3,0.3,19.3,36.7,42863.92
Philippines,06-08-2002,27.8,24.6,26,4.7,13.1,27.7,40948.89
Philippines,07-08-2002,28,24,25.9,7.4,8.3,18,40357.59
Philippines,08-08-2002,27.7,24.1,25.7,6.3,8.7,21.6,37333.8
Philippines,09-08-2002,27.7,24.1,25.6,12.7,10.6,22,33886.25
Philippines,10-08-2002,27.6,23.9,25.6,15.4,9.3,22.3,30543.79
Philippines,11-08-2002,27.5,24.4,25.5,10,12.2,23,34553.38
Philippines,12-08-2002,26,24.2,24.9,12.6,14.1,25.9,14309.7
Philippines,13-08-2002,25.9,23.9,24.9,37.3,20.7,42.8,0
Philippines,14-08-2002,26.9,24.7,25.7,4.6,23.6,52.6,34106.2
Philippines,15-08-2002,26.1,24,25.2,17.2,24.4,44.6,8095.07
Philippines,16-08-2002,25.9,24.9,25.3,11.2,24.2,40.3,13778.77
Philippines,17-08-2002,26.9,25.1,25.9,0.9,25.7,48.2,41958.07
Philippines,18-08-2002,27.2,24.9,26,3.6,26,54,41098.58
Philippines,19-08-2002,28,25.2,26.3,0.7,17.7,34.2,42491.27
Philippines,20-08-2002,28.1,24,26,4,12.1,24.1,41377.59
Philippines,21-08-2002,26.4,23.9,25.1,8.2,13.5,26.3,19617.8
Philippines,22-08-2002,28.8,24.5,26.2,1.4,8.3,17.6,41098.62
Philippines,23-08-2002,28.3,24.2,26.5,1.1,4.7,13.7,40687.48
Philippines,24-08-2002,28.2,24.4,26.1,9.8,7.1,19.8,37133.56
Philippines,25-08-2002,27.8,24,25.6,11.9,7.4,21.6,39063.1
Philippines,26-08-2002,27.6,24.3,25.6,6.8,9.2,22,40694.07
Philippines,27-08-2002,28.2,24.3,25.8,6.2,7.8,20.2,35781.23
Philippines,28-08-2002,27.6,24.3,25.5,6.5,9.5,20.9,40697.95
Philippines,29-08-2002,27.7,24.2,25.6,3.7,9.5,20.9,40573.59
Philippines,30-08-2002,26.9,24.4,25.7,6.6,12.7,25.2,38712.35
Philippines,31-08-2002,27.8,23.9,25.9,4.7,9.9,25.2,40502.26
Philippines,01-09-2002,28.1,24.3,26.1,0.7,11.1,24.5,42019.74
Philippines,02-09-2002,28.6,24.8,26.4,0,9.8,20.5,41980.78
Philippines,03-09-2002,28.3,24.6,26.3,1.2,9.8,21.2,41941.72
Philippines,04-09-2002,28.1,24.6,26.3,4,13.3,26.6,41902.62
Philippines,05-09-2002,28.1,24.5,26,7.2,15.8,30.6,41863.44
Philippines,06-09-2002,26.8,24.2,25.4,6.4,17.1,35.3,38824.87
Philippines,07-09-2002,26,24.4,25.2,25.1,21.2,38.2,11368.22
Philippines,08-09-2002,27,25.2,25.9,10.2,22.2,39.6,18410.03
Philippines,09-09-2002,27.6,25.3,26.2,11,24.3,46.8,41700.04
Philippines,10-09-2002,26.9,24.6,25.7,11.8,22.3,40,33461.74
Philippines,11-09-2002,28,24.2,25.9,4.6,13.7,27.4,22387.7
Philippines,12-09-2002,27.7,24.2,25.6,3.2,8.8,19.4,18607.33
Philippines,13-09-2002,28.1,24.3,26,3.2,14.1,28.1,36953.39
Philippines,14-09-2002,27.6,23.6,25,12,15.5,36,23711.33
Philippines,15-09-2002,27.2,23.1,25,7.9,11.8,31.3,28800
Philippines,16-09-2002,26.4,24,25,18,16.5,34.9,21582.13
Philippines,17-09-2002,25.3,23.7,24.3,29.8,14.6,28.4,785.67
Philippines,18-09-2002,24.9,23.2,24.2,26.3,10.6,29.5,508.04
Philippines,19-09-2002,27,23.7,25.1,4.1,12.3,24.8,25129.69
Philippines,20-09-2002,25.7,23.7,24.6,20.4,12.9,25.9,9935.26
Philippines,21-09-2002,27.2,23.9,25.2,25.2,7.6,18.7,36014.8
Philippines,22-09-2002,26.9,24.1,25.6,11.1,7.9,19.8,35855.16
Philippines,23-09-2002,27.4,24.4,25.5,8.1,6.4,18,39649.02
Philippines,24-09-2002,28.7,23.6,25.9,3,10.8,21.2,39852.47
Philippines,25-09-2002,27.5,24.1,25.8,5.1,12.6,24.1,38904.45
Philippines,26-09-2002,27.5,25,26,2.6,14.1,28.1,39766.04
Philippines,27-09-2002,28.3,24.8,26,3.6,10.7,21.6,39678.58
Philippines,28-09-2002,28,24.7,26,5.8,11.3,22.7,39600
Philippines,29-09-2002,26.7,24.1,25.2,15.6,10.8,23,21489.08
Philippines,30-09-2002,27.8,24.1,25.5,10.2,10.7,26.3,39610.35
Philippines,01-10-2002,27.6,24.2,25.4,7.3,11.9,23.8,38134.13
Philippines,02-10-2002,28.2,23.6,25.5,12,9.1,24.5,37931.95
Philippines,03-10-2002,27.7,23.8,25.7,3.7,10.3,23.8,37718.77
Philippines,04-10-2002,27.3,25,25.7,3.5,14,26.6,27259.13
Philippines,05-10-2002,28,24.7,25.9,4.1,13.3,26.6,32482.57
Philippines,06-10-2002,27.4,24.7,25.9,2.5,6.6,14.8,32220.11
Philippines,07-10-2002,27.6,24,25.8,8.2,6.9,17.3,39597.8
Philippines,08-10-2002,27.2,24,25.6,7.2,7,18.4,39124.1
Philippines,09-10-2002,27.4,24.2,25.7,6.3,6.9,18.7,39586.86
Philippines,10-10-2002,27.9,24.1,25.8,2.7,7,15.8,39580.61
Philippines,11-10-2002,27.5,24.1,25.7,1.5,6.7,18,39275.22
Philippines,12-10-2002,27.3,24.1,25.3,22.3,10.2,23.4,35833.66
Philippines,13-10-2002,26.8,24,25.2,11.5,11,27,30273.78
Philippines,14-10-2002,27,23.9,25.2,7,8.6,22.7,33377.61
Philippines,15-10-2002,26.9,24.5,25.4,5.4,10.5,24.5,36569.49
Philippines,16-10-2002,26.3,23.8,24.9,10.8,10.5,22.7,28103.89
Philippines,17-10-2002,27.7,23.5,25.5,3.6,6.9,17.6,39519.62
Philippines,18-10-2002,28.3,24.2,26.3,1.7,7.4,17.3,39508.75
Philippines,19-10-2002,28.1,24.9,26.3,1.5,7.9,21.6,39497.43
Philippines,20-10-2002,29.2,25.2,26.8,0.6,14,29.9,39485.66
Philippines,21-10-2002,27,24.8,25.8,6.1,11.2,25.9,39473.4
Philippines,22-10-2002,28.5,25.1,26.4,0.7,16,30.2,39460.64
Philippines,23-10-2002,28.5,24.1,26.1,1.4,11,25.6,39447.37
Philippines,24-10-2002,28.8,24.4,26.4,0.3,13.9,26.3,39433.56
Philippines,25-10-2002,28.2,24.8,26.3,0.4,19.4,34.2,39419.2
Philippines,26-10-2002,28.3,24.9,26.2,1.4,18.6,34.6,39404.26
Philippines,27-10-2002,27.2,24.6,25.7,1.3,17,32.4,39388.74
Philippines,28-10-2002,27.3,24.6,25.4,7.5,14.5,33.1,23922.47
Philippines,29-10-2002,27.1,24.1,25.3,7.3,13.6,34.6,33578.54
Philippines,30-10-2002,27,24.3,25.2,10.2,10.5,24.8,22163.39
Philippines,31-10-2002,28.5,24.1,26.3,0.3,8.7,16.6,39320.46
Philippines,01-11-2002,28.2,24.6,26.3,1.3,9.7,19.8,39301.77
Philippines,02-11-2002,27.5,24.4,25.9,3.6,14.5,27,34717.88
Philippines,03-11-2002,26.4,24.3,25.2,13.2,21.3,32,22396.64
Philippines,04-11-2002,25.6,23.4,24.5,56.9,26.9,50.8,4638.12
Philippines,05-11-2002,26.3,23.1,24.6,76.8,33.3,61.9,35030.49
Philippines,06-11-2002,27,23.7,24.9,4.5,16.4,32,23380.74
Philippines,07-11-2002,27.4,24.2,25.2,11.4,14,29.9,31388.76
Philippines,08-11-2002,28.3,24.4,25.8,2.3,11.5,23,39106.6
Philippines,09-11-2002,26.9,24.3,25.3,2.4,19.8,34.9,38676.81
Philippines,10-11-2002,26,24.3,24.8,12.8,14.2,33.8,12503.21
Philippines,11-11-2002,27.5,24.4,25.7,0.6,18.4,31,32534.45
Philippines,12-11-2002,28,24.5,25.7,2.6,16.8,28.4,38951.31
Philippines,13-11-2002,28.6,24.4,26,0,14.9,27.4,38913.53
Philippines,14-11-2002,28.2,24.1,25.9,0.4,10.5,22.3,38876.27
Philippines,15-11-2002,28.2,23.9,26.1,1.4,11,22,38839.57
Philippines,16-11-2002,28.2,25,26.1,2,12.6,24.1,38803.49
Philippines,17-11-2002,27.7,24.7,26,1,17.1,32,38768.09
Philippines,18-11-2002,26.4,24.2,25.2,8.4,21.2,43.9,28956.64
Philippines,19-11-2002,28.3,24.7,25.9,3.2,18,34.6,38306.94
Philippines,20-11-2002,28,24.6,25.6,2.1,19.7,37.1,38666.44
Philippines,21-11-2002,27.2,24.5,25.6,2.4,16.5,29.5,38634.26
Philippines,22-11-2002,27.2,24.3,25.4,0.7,17.4,34.2,38603.04
Philippines,23-11-2002,27,24,25.1,1.5,16.9,34.6,37449.71
Philippines,24-11-2002,27.3,23.8,25,0.3,17.9,34.9,38299.59
Philippines,25-11-2002,25.4,23,24.2,1.6,18.9,36,38515.47
Philippines,26-11-2002,25.8,23.2,24.4,2.1,18.3,36.4,38487.91
Philippines,27-11-2002,25.8,22.7,24.1,1.4,25.8,47.5,35507.44
Philippines,28-11-2002,26.3,23.8,24.7,1.6,22.2,45.7,38434.81
Philippines,29-11-2002,27,23.2,24.8,0.5,19.1,38.2,38409.35
Philippines,30-11-2002,27.3,22.9,24.8,0.6,20.4,38.2,38384.66
Philippines,01-12-2002,26.1,23.7,24.7,3.6,22.4,37.1,38360.79
Philippines,02-12-2002,27.2,23.8,25.4,0.6,19.2,34.2,38337.77
Philippines,03-12-2002,27.4,24.3,25.4,2.1,12.9,32.4,38315.63
Philippines,04-12-2002,27.6,24.1,25.4,0.8,17.4,31.3,38294.43
Philippines,05-12-2002,27.2,24.3,25.3,2,13.5,27.7,36641.5
Philippines,06-12-2002,27.4,24.3,25.7,0.7,15.9,31.3,38254.94
Philippines,07-12-2002,27.8,23.9,25.5,0,18.6,33.1,38236.74
Philippines,08-12-2002,26.8,24.1,25,1.6,16,30.2,38219.62
Philippines,09-12-2002,26.4,23.5,24.6,1,18.3,35.3,30076.24
Philippines,10-12-2002,25.2,23.1,24,6.1,24.2,49.3,38108.39
Philippines,11-12-2002,26.2,23.4,24.5,1.9,27.4,50.4,36962.34
Philippines,12-12-2002,27.1,23.7,25,0.1,15.8,32,38088.35
Philippines,13-12-2002,26.3,23.6,24.6,2.1,27,49,38056.04
Philippines,14-12-2002,26.6,22.9,24.3,3.7,27.2,47.2,38024.5
Philippines,15-12-2002,26.9,23.4,24.8,0.7,21.7,38.2,37993.28
Philippines,16-12-2002,26.8,23.5,24.6,2.4,19.7,34.2,37811.65
Philippines,17-12-2002,26.9,23.4,24.7,1.5,19.2,34.9,37442.14
Philippines,18-12-2002,27.6,23.6,25.2,0.9,15.6,29.5,37898.61
Philippines,19-12-2002,28.1,23.5,25.4,0,14,25.6,37867.04
Philippines,20-12-2002,27.8,23.9,25.4,0.5,11.6,24.5,37835.59
Philippines,21-12-2002,27.5,23.7,25.4,1.3,5,16.2,37804.4
Philippines,22-12-2002,28.4,23.9,25.7,0,12.5,24.1,37773.53
Philippines,23-12-2002,28.1,23.9,25.3,0.4,20.7,36.4,37061.46
Philippines,24-12-2002,26.8,24,25,4.6,18.2,31.7,37507.46
Philippines,25-12-2002,28.2,24,25.7,0.2,17.7,29.5,37386.99
Philippines,26-12-2002,27.3,24.2,25.2,1.1,14.8,28.1,36937.61
Philippines,27-12-2002,27.6,23.8,25.4,0.7,10.8,20.5,37152.25
Philippines,28-12-2002,27.7,23.1,25.3,1.8,7.9,16.6,37470.51
Philippines,29-12-2002,27.7,23.6,25.5,0.2,10,19.8,37032.84
Philippines,30-12-2002,27.6,23.6,25.5,0.7,8.7,16.9,37451.73
Philippines,31-12-2002,27.5,23.7,25.2,1.9,20.6,39.6,34866.96
Philippines,01-01-2003,26.3,23.4,24.6,2.1,27.3,49.7,36705.1
Philippines,02-01-2003,25.3,23.1,24,0.8,32.5,60.1,36576.37
Philippines,03-01-2003,24.9,23.3,23.9,0.3,24.1,44.6,23533.95
Philippines,04-01-2003,25.3,22.4,23.5,3.6,28.7,51.1,36799.48
Philippines,05-01-2003,25.1,22.3,23.4,12.5,30.8,56.5,25895.63
Philippines,06-01-2003,24.2,22.1,22.8,13.2,30,54,7200
Philippines,07-01-2003,24.9,22.9,23.7,8.7,15.3,27,13741.94
Philippines,08-01-2003,26.1,23,24.3,1.8,15.1,28.8,36000
Philippines,09-01-2003,27.3,23.1,24.7,0.6,21.4,37.4,36943.95
Philippines,10-01-2003,27,23.1,24.6,0.4,13.4,23.8,37014.36
Philippines,11-01-2003,26.5,23,24.3,0.4,18.5,34.6,36623.47
Philippines,12-01-2003,24.9,23,23.7,5.1,22.9,42.1,20704.07
Philippines,13-01-2003,25.5,22.9,23.8,7.8,21.3,38.9,34094.18
Philippines,14-01-2003,25.5,22.6,23.8,1.1,22.3,40.7,36885.73
Philippines,15-01-2003,26,22.6,23.9,1.1,25.3,44.6,37338.85
Philippines,16-01-2003,25.3,22.3,23.2,0.3,28.7,50.4,36783.85
Philippines,17-01-2003,24.7,21.8,23.1,0.1,26.8,50,36864.02
Philippines,18-01-2003,25.5,22.2,23.4,0.7,25.4,46.1,36960.33
Philippines,19-01-2003,25.8,22,23.5,0.4,22.4,41.8,37426.68
Philippines,20-01-2003,25.6,21.8,23.2,0,24.1,43.2,34736.69
Philippines,21-01-2003,25.8,22.1,23.5,0.3,19.9,38.5,37048
Philippines,22-01-2003,26.5,22.4,24,0.5,11.5,24.8,36187.86
Philippines,23-01-2003,27.4,22.2,24.2,0,14.5,27,37641.67
Philippines,24-01-2003,25.8,22.1,23.5,0.1,20.2,39.2,36598.94
Philippines,25-01-2003,25.6,21.9,23.5,0.4,21.8,40.7,36782.66
Philippines,26-01-2003,26.7,22.1,23.9,0,17.8,33.5,37781.86
Philippines,27-01-2003,26.8,22.3,24.3,0.8,17.1,29.5,36145.13
Philippines,28-01-2003,26.2,22.8,24,0,25,45,37386.61
Philippines,29-01-2003,24.5,22.6,23.2,1.2,31.6,59.8,34764.4
Philippines,30-01-2003,24.2,21.9,22.8,0.4,32.4,57.6,34118.62
Philippines,31-01-2003,25,21.8,23.1,0,26.5,47.9,28339.78
Philippines,01-02-2003,26.4,22.1,23.8,0,19.2,36.7,35124.11
Philippines,02-02-2003,25.3,22.3,23.4,0.2,25,45,38325.18
Philippines,03-02-2003,25.5,21.6,23.1,0.2,25,48.6,37586.79
Philippines,04-02-2003,25.3,21.3,22.9,1.6,23.8,44.3,37189.11
Philippines,05-02-2003,25.2,21.4,22.9,0.3,27.1,49,38103.64
Philippines,06-02-2003,25.6,21.7,23.3,0,28.8,54,38238.84
Philippines,07-02-2003,25.5,22,23.6,1,25.9,45.7,38048.79
Philippines,08-02-2003,26.9,22.7,24.3,0.1,22.2,40,33873.61
Philippines,09-02-2003,27.2,23,24.7,1.1,21.4,39.2,38350.24
Philippines,10-02-2003,28.2,23.1,25,0,20.3,36.4,38891.6
Philippines,11-02-2003,28.1,22.9,25,2.3,15.2,29.5,38175.37
Philippines,12-02-2003,28,23.2,25.1,0.8,20,35.6,38234.96
Philippines,13-02-2003,27.2,22.8,24.5,0,27.9,50.4,38670.09
Philippines,14-02-2003,27.4,22.9,24.6,0.5,24.4,43.6,38811.16
Philippines,15-02-2003,27.3,22.6,24.4,0.8,23.8,43.2,38473.96
Philippines,16-02-2003,28.1,22.4,24.6,0,18.8,33.5,39632.81
Philippines,17-02-2003,28,22.2,24.3,0,19.4,33.1,39578.18
Philippines,18-02-2003,27.6,22.2,24.3,0,19.3,33.1,38406.25
Philippines,19-02-2003,27.6,22.3,24.3,0,18.4,35.3,39198.8
Philippines,20-02-2003,27.4,22.1,24.2,0,23.5,41,39812.36
Philippines,21-02-2003,27.6,22.1,24.4,0.1,20.9,38.5,39857.94
Philippines,22-02-2003,26.7,21.9,23.8,0.8,20.9,38.5,39394.3
Philippines,23-02-2003,27.3,21.9,24,0,17,31,37055.74
Philippines,24-02-2003,26.8,21.8,23.7,0,16.9,29.5,39995.64
Philippines,25-02-2003,25.6,21.6,23.3,0,20.9,38.9,38231.4
Philippines,26-02-2003,26.4,21.6,23.6,0.7,19.1,38.2,39208.91
Philippines,27-02-2003,28,22.6,24.5,0,22.2,37.4,40133.95
Philippines,28-02-2003,27.7,22.1,24.4,0,20.4,38.2,40180
Philippines,01-03-2003,28.1,21.9,24.7,0,11.7,22,39845.39
Philippines,02-03-2003,28.2,22.7,25.1,0,9.1,19.1,40197.4
Philippines,03-03-2003,28.8,22.2,25.5,0.1,6.5,16.2,40038.46
Philippines,04-03-2003,29.4,23.1,26.1,0.2,12.5,21.2,39822.39
Philippines,05-03-2003,29,23.9,26.2,1.1,14.1,25.6,39731.31
Philippines,06-03-2003,28.3,23.5,25.6,0.9,12.1,23.8,40394.63
Philippines,07-03-2003,28.8,23.7,25.8,0.3,13.5,25.2,40499.46
Philippines,08-03-2003,27.8,23.3,24.8,3,20.4,38.2,39208.76
Philippines,09-03-2003,25.9,22.1,23.7,2.7,31.1,55.4,40591.48
Philippines,10-03-2003,25.6,21.5,23.2,0.4,26.5,48.2,40637.68
Philippines,11-03-2003,24.6,22,23.1,1.1,27.2,51.5,40683.96
Philippines,12-03-2003,25.6,21.8,23.4,0.6,26.5,49.3,40726.16
Philippines,13-03-2003,26.3,21.4,23.5,2.6,25.1,44.6,40776.62
Philippines,14-03-2003,26.9,22.2,24.3,0.3,22,40.7,40822.94
Philippines,15-03-2003,27.9,22.3,24.7,0.9,18.4,34.6,40744.93
Philippines,16-03-2003,29,22.8,25.4,0,18.2,32,39792.05
Philippines,17-03-2003,29.1,22.5,25.4,0.5,19.9,34.6,38574.81
Philippines,18-03-2003,28.9,23.5,25.7,0.5,14,25.9,40994.55
Philippines,19-03-2003,28.1,23.4,25.3,2.3,13.2,25.9,41035.52
Philippines,20-03-2003,28.3,23.5,25.6,1.3,8.3,17.6,39291.77
Philippines,21-03-2003,29,23,25.8,0.5,14.7,28.4,41143.87
Philippines,22-03-2003,28.6,23.4,25.6,0.5,21.7,38.9,41188.88
Philippines,23-03-2003,29.4,23.5,25.9,0,21.9,39.2,41233.59
Philippines,24-03-2003,29.7,23.1,25.8,0,22.3,40,41277.93
Philippines,25-03-2003,28.9,23.3,25.6,0,23.2,40.3,41321.92
Philippines,26-03-2003,27.1,23.6,24.9,2.5,23.2,44.3,36595.96
Philippines,27-03-2003,29.6,23.2,25.7,0.7,19.3,32.8,41226.7
Philippines,28-03-2003,29.7,22.8,25.9,0,16,31,41271.44
Philippines,29-03-2003,29.5,23.3,26.1,0,14.1,25.9,41498.25
Philippines,30-03-2003,30.1,23.3,26.3,0,16.4,28.1,41542.29
Philippines,31-03-2003,29.8,23.9,26.6,0,13.8,23.4,41586.24
Philippines,01-04-2003,29.2,23.4,25.9,0,8.4,22.3,41630.09
Philippines,02-04-2003,29,22.9,25.9,0,6.5,18.4,41673.8
Philippines,03-04-2003,29.4,24.6,26.6,0,7.3,14.8,41717.34
Philippines,04-04-2003,30,23.4,26.9,0,3.8,15.8,41735.76
Philippines,05-04-2003,30.4,24.6,27.3,0.3,12,22.7,41803.84
Philippines,06-04-2003,30.4,24.6,27,0,16.5,30.6,41772.27
Philippines,07-04-2003,29.6,24.4,26.8,0.8,9.4,18.7,41812.92
Philippines,08-04-2003,29.9,24.4,26.8,0,8.4,17.6,41931.63
Philippines,09-04-2003,29.7,24.2,26.8,0.2,14.7,28.8,41973.61
Philippines,10-04-2003,30.7,24.8,27.3,0,18.8,33.1,42015.22
Philippines,11-04-2003,30.6,24.8,27.4,0.6,17.6,32.4,42056.44
Philippines,12-04-2003,29.8,24.9,27.1,0,10.6,26.6,42092.23
Philippines,13-04-2003,30.1,24.7,27.1,0,11.8,23.4,42097.74
Philippines,14-04-2003,30.3,24.9,27.3,0,11.9,24.5,42103.36
Philippines,15-04-2003,30.6,24.6,27,0.8,17.5,32.8,42109.03
Philippines,16-04-2003,29.3,24.9,26.9,1.2,18.8,35.3,42114.79
Philippines,17-04-2003,30.7,24.7,27.1,0,21.9,38.9,42120.65
Philippines,18-04-2003,30.7,24.8,27.2,0.1,21.6,38.5,42126.63
Philippines,19-04-2003,30.6,24.7,27,1,18.1,36,41892.41
Philippines,20-04-2003,31,24.6,27.2,1.6,16.6,35.3,42139.05
Philippines,21-04-2003,29.9,25.5,27.4,0,13,23,42145.52
Philippines,22-04-2003,29.6,25.6,27.2,1.7,8.4,22,41901.66
Philippines,23-04-2003,29.9,25,27.2,1.5,8.5,17.6,41506.65
Philippines,24-04-2003,29.3,24.9,26.7,5.1,9.4,19.4,38940.52
Philippines,25-04-2003,29.2,25,26.9,2.3,10.8,22,42173.63
Philippines,26-04-2003,28.9,24.8,26.7,0.3,18,34.6,42181.31
Philippines,27-04-2003,30,24.3,26.6,0,21.5,38.5,42189.3
Philippines,28-04-2003,29,24.6,26.5,1.7,19.9,35.3,42197.61
Philippines,29-04-2003,29.8,24.9,26.9,0.8,19.7,33.8,42206.25
Philippines,30-04-2003,30.9,25,27.4,0,19.4,34.2,42215.25
Philippines,01-05-2003,30.2,24.9,27.1,1.8,16.4,29.5,42068.73
Philippines,02-05-2003,29.8,25,27.1,1.1,14.2,27,42234.41
Philippines,03-05-2003,29.3,24.9,27,0.3,9.8,20.2,42244.6
Philippines,04-05-2003,29.7,25.3,27.4,0.1,12.2,20.5,42271.85
Philippines,05-05-2003,30.3,25.1,27.5,0,10.5,22.3,42266.18
Philippines,06-05-2003,30.1,25.3,27.6,0,9.8,19.1,42350.82
Philippines,07-05-2003,30.4,25.9,27.9,0,10.6,19.4,42361.71
Philippines,08-05-2003,30.7,25.5,27.9,0.1,16.1,29.9,42372.85
Philippines,09-05-2003,30,25.6,27.1,5.4,19.7,38.9,40449.56
Philippines,10-05-2003,29.1,25.4,26.9,3.5,16.1,30.6,40311.23
Philippines,11-05-2003,28.7,25.3,26.9,0.7,15.5,31.7,39485.08
Philippines,12-05-2003,29.8,25.1,27.2,0.2,15.8,33.8,42352.58
Philippines,13-05-2003,30.3,25.4,27.3,0.4,15.4,36,42432.53
Philippines,14-05-2003,30,25.4,27.5,0.5,11.4,24.8,42515.02
Philippines,15-05-2003,29.7,25.3,27.5,0.7,10.5,21.2,42393.77
Philippines,16-05-2003,29.5,25.2,27.1,0.8,8.3,18.4,42471.29
Philippines,17-05-2003,29,25.5,27,0,8.3,22.3,42422.27
Philippines,18-05-2003,29.3,25.2,27.1,0.8,10.3,21.2,42436.78
Philippines,19-05-2003,29.4,24.9,27,0.4,8.3,19.8,42451.44
Philippines,20-05-2003,29.2,25.2,27,1.3,7.4,20.2,40161.32
Philippines,21-05-2003,29.6,25.2,27,0.1,9.8,21.6,33677.55
Philippines,22-05-2003,30.5,26.2,27.8,0.2,6.6,20.5,40162.62
Philippines,23-05-2003,29.9,25.7,27.7,0,8.7,16.6,42644.68
Philippines,24-05-2003,29.4,25.5,27.1,6.3,14.5,31,41163.93
Philippines,25-05-2003,28,25.6,26.6,11.4,25.3,45.4,39284.36
Philippines,26-05-2003,28,25.6,26.4,11.8,27.8,55.4,31818.44
Philippines,27-05-2003,26.9,25.3,26,7,34.2,65.9,19958.75
Philippines,28-05-2003,25.8,24.8,25.3,17.2,31.5,63,468.05
Philippines,29-05-2003,25.9,24.7,25.2,11.2,27.1,51.8,2629.86
Philippines,30-05-2003,26.5,24.8,25.6,4.7,26.3,58,32890.5
Philippines,31-05-2003,27.7,24.3,25.9,3.4,30.1,56.9,42645.58
Philippines,01-06-2003,27.7,25.1,26,0.5,28.9,51.5,42056.96
Philippines,02-06-2003,28,24.9,26.4,0.5,28.1,51.5,42681.02
Philippines,03-06-2003,28.5,25.1,26.6,0.5,21.1,41,42698.7
Philippines,04-06-2003,29.2,25.3,27,0.1,13,25.9,42851.17
Philippines,05-06-2003,29.6,24.6,27.1,0.4,7.1,15.8,43022.66
Philippines,06-06-2003,30.2,25,27.5,0,8.5,16.6,42750.95
Philippines,07-06-2003,30.1,25.4,27.6,0,13,25.2,43056.68
Philippines,08-06-2003,30.1,25.7,27.7,0,13.2,27,42844.72
Philippines,09-06-2003,30.3,25.6,27.8,0,13.3,27.7,42937.5
Philippines,10-06-2003,30.2,25.2,27.8,0,11.2,22.3,43180.23
Philippines,11-06-2003,30.9,24.5,27.9,0,10.4,20.5,43194.87
Philippines,12-06-2003,30.6,24.8,28,0,10.4,20.9,43208.96
Philippines,13-06-2003,30.9,25.7,28,0,7.6,17.6,41077.2
Philippines,14-06-2003,29.9,24.9,27,8.6,20.2,37.1,34101.84
Philippines,15-06-2003,25.5,24.2,24.9,53.9,26.1,51.1,0
Philippines,16-06-2003,26.5,24.9,25.8,16.7,25,50,0
Philippines,17-06-2003,27.3,25.1,26,1.7,25.6,47.9,23859.86
Philippines,18-06-2003,27,24.4,26,7,17.5,35.6,27949.07
Philippines,19-06-2003,28.3,23.7,26.1,5,14.8,27,41122.78
Philippines,20-06-2003,28.1,24.1,26.1,0.9,7.1,17.6,42508.68
Philippines,21-06-2003,28.3,24.4,26.1,5.3,18.6,32.4,42982.1
Philippines,22-06-2003,27.6,24.2,26,3.9,10.8,27.7,37385.91
Philippines,23-06-2003,26.7,23.9,25,12.5,13.8,25.6,24769.47
Philippines,24-06-2003,26.6,24.2,25.6,0.7,11.6,24.5,36804.88
Philippines,25-06-2003,28.8,24.4,26.2,11.1,13.1,18.7,41626.48
Philippines,26-06-2003,28.3,24.2,26.1,3.6,13.1,29.9,41770.69
Philippines,27-06-2003,28.1,23.9,25.8,5.7,10.6,27.7,42219.55
Philippines,28-06-2003,28.5,24.1,26.3,1.3,9.8,24.8,41992.38
Philippines,29-06-2003,28.7,25,26.2,3.3,14.9,27.7,43072.86
Philippines,30-06-2003,27.9,24.6,26,9.8,9.8,25.9,41223.03
Philippines,01-07-2003,29.1,25.2,26.6,3.1,12.3,23,38078.43
Philippines,02-07-2003,28.9,23.7,26.1,9.8,11.3,28.1,43094.55
Philippines,03-07-2003,27.8,24.1,25.6,7.2,10.1,26.6,37319.93
Philippines,04-07-2003,27.4,23.8,25.3,5.8,8,19.1,42547.96
Philippines,05-07-2003,28.4,23.9,26.1,1.3,7.3,16.2,43016.43
Philippines,06-07-2003,29.2,24.8,26.6,0.7,11.1,23.4,43139.25
Philippines,07-07-2003,27.6,24.7,25.9,6.8,11.4,21.2,26291.05
Philippines,08-07-2003,25.7,23.9,24.9,20.4,9.9,20.9,20637.61
Philippines,09-07-2003,27.1,23.7,25.3,7.4,11.3,28.8,32217.26
Philippines,10-07-2003,28.5,24.1,26.4,3.3,9.2,17.6,35726.95
Philippines,11-07-2003,28.4,24,26.3,6.8,7.2,15.8,43126.54
Philippines,12-07-2003,28.4,24,25.9,3.3,10,24.5,43126.9
Philippines,13-07-2003,28.3,24,26,3,9.3,20.9,40651.35
Philippines,14-07-2003,28.2,25.3,26.5,2.7,6.2,16.6,42524.88
Philippines,15-07-2003,28.4,24.7,26.5,3.2,7.2,17.6,43123.26
Philippines,16-07-2003,29.3,24.6,27.1,0.3,10.4,19.1,43120.36
Philippines,17-07-2003,26.4,25.2,25.5,14.3,22.7,49.3,12547.12
Philippines,18-07-2003,27.3,25.2,26,7.8,22.3,43.9,43111.86
Philippines,19-07-2003,27,24.8,25.8,7.5,17,32,33929.58
Philippines,20-07-2003,28.1,25.2,26.5,4.3,13,27.7,43099.5
Philippines,21-07-2003,27.3,25.2,26.1,19.7,31.7,60.1,0
Philippines,22-07-2003,26.5,25,25.9,39.8,38,73.4,0
Philippines,23-07-2003,27.7,24.6,26.2,5.5,30.3,62.3,34059.89
Philippines,24-07-2003,28.3,25.3,26.7,3.5,11.4,21.6,42441.52
Philippines,25-07-2003,28.5,24.5,25.9,8.8,13,31.7,42026.1
Philippines,26-07-2003,27,23.9,25.2,11.7,8.4,23,32867.87
Philippines,27-07-2003,26.9,23.9,25.5,9.7,15.9,29.5,41524.35
Philippines,28-07-2003,28.9,24.9,26.9,2.6,7.2,18,43011.4
Philippines,29-07-2003,28.6,25.3,26.8,2.2,11.9,22.7,42996.41
Philippines,30-07-2003,27.5,24,25.6,21,9.2,20.9,29573.4
Philippines,31-07-2003,28.2,24.4,26,12,8.3,17.3,38000.75
Philippines,01-08-2003,27.8,24.6,26,10.7,8.6,22.7,31090.13
Philippines,02-08-2003,27.1,23.9,25.3,7.4,21.4,37.1,23750.99
Philippines,03-08-2003,27.3,25.1,25.9,1.6,24.7,46.4,33137.61
Philippines,04-08-2003,27.7,25.2,26.1,5.4,20.8,43.6,40948.01
Philippines,05-08-2003,27.8,25.3,26.4,0.5,17.2,35.3,39438.93
Philippines,06-08-2003,27.7,25.5,26.4,2.1,20.2,38.2,31242.61
Philippines,07-08-2003,27.8,25.5,26.4,2.1,22,43.9,42133.84
Philippines,08-08-2003,27.7,25.7,26.5,0.4,15,33.5,34930.01
Philippines,09-08-2003,28.4,25.3,26.8,1,16.9,33.5,42779.11
Philippines,10-08-2003,28.8,25.6,27,0,14.4,29.2,42754.88
Philippines,11-08-2003,28.7,25.7,27,0.4,13.7,29.2,42729.93
Philippines,12-08-2003,28.5,25.3,26.9,0.5,13.3,25.2,42703.98
Philippines,13-08-2003,28.3,25,26.6,3.5,5.7,15.5,42677
Philippines,14-08-2003,28.6,24.3,26.2,11.5,7,16.2,39600
Philippines,15-08-2003,27.3,24.3,25.7,13.5,9.2,19.1,35919.46
Philippines,16-08-2003,27.5,24.2,25.6,7.7,11.1,25.2,21232.9
Philippines,17-08-2003,26.5,24.4,25.4,5.8,13.3,26.6,28006.48
Philippines,18-08-2003,26.7,24.9,25.7,19.2,14.9,31,10888.53
Philippines,19-08-2003,26.2,24.7,25.5,12.1,18.1,40.3,605.7
Philippines,20-08-2003,28,24.6,26.4,0.8,18.9,34.9,40927.19
Philippines,21-08-2003,28.6,25.5,26.9,2,15,28.4,40405.06
Philippines,22-08-2003,27.1,24.7,25.7,16.8,14.8,34.9,10912
Philippines,23-08-2003,26.9,24.9,25.8,5.5,23.8,42.8,33391.01
Philippines,24-08-2003,27.6,24.3,26.1,6.7,16.6,30.6,41643.3
Philippines,25-08-2003,28.2,24.9,26.2,4.7,6.8,18,42045.62
Philippines,26-08-2003,26.9,24.3,25.5,10.4,13.5,26.3,24098.5
Philippines,27-08-2003,28.4,24.3,25.7,5.5,13.2,28.8,36382.98
Philippines,28-08-2003,26.5,23.9,25,12,10.9,20.9,36629.65
Philippines,29-08-2003,27.5,24.1,25.8,4.2,15.4,33.8,39954.97
Philippines,30-08-2003,28.2,24.7,26.4,6.3,16.7,35.6,38790.27
Philippines,31-08-2003,27.9,24.6,26,8.8,19.1,33.1,41871.2
Philippines,01-09-2003,27,24.6,25.5,15.8,24.6,46.8,33610.01
Philippines,02-09-2003,25.8,24.7,25.2,40.1,25.3,49.3,1037.51
Philippines,03-09-2003,26.8,23.9,25.4,11.6,21.1,39.2,23581.47
Philippines,04-09-2003,27.1,23.8,25.5,4,10.8,33.5,13859.81
Philippines,05-09-2003,27.9,24.2,26,0,12,25.6,41874.86
Philippines,06-09-2003,28,24.6,26.1,6.7,14.4,24.5,39813.23
Philippines,07-09-2003,28,24.3,25.8,6.4,8.2,19.4,41440.58
Philippines,08-09-2003,27.1,24.2,25.8,2.9,9.5,21.2,28453.51
Philippines,09-09-2003,28.1,24.6,26.2,0.7,14.6,29.5,40705.15
Philippines,10-09-2003,28,24.7,26.2,1.7,19.8,39.6,41664.11
Philippines,11-09-2003,27.4,24.1,25.7,4.6,14.8,33.1,41524.03
Philippines,12-09-2003,26.8,24.1,25.4,9.2,9.6,22,36979.76
Philippines,13-09-2003,26.3,24.1,25.1,8.1,12.4,21.6,25986.65
Philippines,14-09-2003,28,24.5,26.1,0.7,7.9,16.2,39901.39
Philippines,15-09-2003,28.7,24.6,26.3,0.8,11.3,24.8,41139.58
Philippines,16-09-2003,27.9,24.3,25.6,9.9,13.7,27,33442.44
Philippines,17-09-2003,26.6,23.7,25.2,11.1,13.6,26.6,4539.96
Philippines,18-09-2003,27,24.5,25.5,7.3,15,31.7,21649.89
Philippines,19-09-2003,27.8,24.8,26.2,2.9,16.7,32.4,40354.66
Philippines,20-09-2003,28.1,24.8,26.2,2.5,14.3,27.4,39724.83
Philippines,21-09-2003,27.9,24.8,25.8,5,12.1,26.6,39600
Philippines,22-09-2003,27.7,24.1,25.7,3.7,12.9,26.6,38184.93
Philippines,23-09-2003,28,24.2,26,2.8,6.6,17.3,39600
Philippines,24-09-2003,28.3,23.9,26,1.5,7.2,16.2,39600
Philippines,25-09-2003,27.6,24.2,25.7,5.2,10.5,22,32400
Philippines,26-09-2003,28.1,24.5,25.9,6.3,10.9,25.6,32958.71
Philippines,27-09-2003,27,24.4,25.6,6.7,8.4,20.2,28836.45
Philippines,28-09-2003,27.3,24,25.3,13.1,7.6,20.2,29074.1
Philippines,29-09-2003,28,24.3,25.5,7.1,11.4,22.7,34871.25
Philippines,30-09-2003,27.2,24,25.6,1.7,16,29.9,28939.54
Philippines,01-10-2003,27.6,24.1,25.7,0.7,17.8,33.8,39958.14
Philippines,02-10-2003,28.4,24.8,26,1.3,14.4,30.6,39624.03
Philippines,03-10-2003,27.9,24.5,25.9,1.4,15.3,28.1,39630.77
Philippines,04-10-2003,28.6,24.8,26.3,1.4,11.6,24.1,39600
Philippines,05-10-2003,28.5,24.3,26.4,1.1,9.1,18.7,37032.69
Philippines,06-10-2003,28.1,24.5,26.4,2.4,12.7,23,39600
Philippines,07-10-2003,28.4,25.1,26.5,1.5,10,20.5,39600
Philippines,08-10-2003,28.6,24.6,26.8,3.3,6,20.2,39595.41
Philippines,09-10-2003,28,24.6,26.1,9.6,8.2,23.4,39589.03
Philippines,10-10-2003,27.9,24.1,25.8,9.5,10.2,25.9,39581.98
Philippines,11-10-2003,27.6,23.9,25.4,11.4,10,21.6,37078.26
Philippines,12-10-2003,27.7,24.3,25.8,5.2,9.5,21.6,36083.66
Philippines,13-10-2003,28,24.1,26,1,13.5,25.2,39558.38
Philippines,14-10-2003,28.4,24.4,25.7,9.3,13.6,28.4,39549.83
Philippines,15-10-2003,26.8,23.8,25.4,11.3,17.1,30.2,21179.3
Philippines,16-10-2003,26.8,23.8,25,9.8,16.4,32.4,16077.35
Philippines,17-10-2003,25.5,24.1,24.6,13.3,19,33.8,10002.7
Philippines,18-10-2003,27.2,24,25.2,1.1,22.8,43.2,39511.61
Philippines,19-10-2003,26.6,23.4,25,1.7,23,43.9,37804.59
Philippines,20-10-2003,27.1,24.1,25.3,0.9,17.4,33.5,36549.09
Philippines,21-10-2003,27.4,24,25.4,0,14.5,27.7,37212.41
Philippines,22-10-2003,26.8,23.9,24.9,5.7,11.3,24.5,30472.57
Philippines,23-10-2003,25.9,24.1,24.8,2.6,22.9,41.8,32252.69
Philippines,24-10-2003,26.3,23.8,24.7,0,25.2,46.4,38894.23
Philippines,25-10-2003,26.6,23.6,24.4,0.2,20.9,39.2,39425.03
Philippines,26-10-2003,26.8,23.2,24.4,0,19.1,35.3,39410.21
Philippines,27-10-2003,27.1,23.2,24.7,0.4,15.9,31,39394.73
Philippines,28-10-2003,26.7,23.1,24.5,2,17.8,33.8,39378.54
Philippines,29-10-2003,26.6,23.7,24.9,6.9,23,47.2,39361.62
Philippines,30-10-2003,26.4,23.8,24.9,5.8,22.5,40.3,39343.96
Philippines,31-10-2003,26.7,23.7,24.6,3.9,19.6,33.5,25318.53
Philippines,01-11-2003,27.2,23.9,25.7,2.1,21,35.6,25487.27
Philippines,02-11-2003,27.9,24.4,26.1,0,12.3,24.1,39286.72
Philippines,03-11-2003,27.8,23.6,25.8,1.4,7.6,23.8,39266.31
Philippines,04-11-2003,28.6,24.5,26,0,14.4,27.4,39245.24
Philippines,05-11-2003,27.8,24.3,25.8,0,15.9,30.6,39223.55
Philippines,06-11-2003,27.7,24.1,25.5,5,11.8,22.7,39195.57
Philippines,07-11-2003,27.6,24.1,25.3,9.7,12,28.8,38392.39
Philippines,08-11-2003,27.6,23.9,25.5,2.2,12.5,33.5,39114.48
Philippines,09-11-2003,26.6,24.3,25.2,0.7,14.8,31.3,15447.38
Philippines,10-11-2003,28.2,24.3,25.9,1.1,14.3,30.6,39035.05
Philippines,11-11-2003,27.2,24.7,25.8,2.3,18.3,35.6,38996.08
Philippines,12-11-2003,27.7,24.3,25.5,3.4,23.1,42.8,32302.21
Philippines,13-11-2003,26.7,23.9,25.2,4.2,26.3,55.1,38919.88
Philippines,14-11-2003,25.2,23.8,24.5,75.7,35.6,76.7,0
Philippines,15-11-2003,26.9,24.4,25.6,8.8,18.6,38.9,38846.38
Philippines,16-11-2003,27.4,24.4,25.6,4.2,7.2,21.2,38804.52
Philippines,17-11-2003,27.9,23.5,25.7,1.5,12.4,23.4,38775.99
Philippines,18-11-2003,27,24.2,25.2,2,15,28.8,38742.12
Philippines,19-11-2003,27.2,24.3,25.3,3.8,17.3,31,30059.85
Philippines,20-11-2003,27.6,24.3,25.5,1.9,13.3,24.5,32211.95
Philippines,21-11-2003,28.4,24.4,26.1,0.8,9.5,20.9,38645.34
Philippines,22-11-2003,27.2,24.6,25.3,3,13.2,23.8,30201.23
Philippines,23-11-2003,27.6,24.5,25.6,1.3,20.2,34.6,38583.59
Philippines,24-11-2003,28,24.5,25.8,1,20.2,36.7,38553.61
Philippines,25-11-2003,28.1,24,25.5,2.5,23.3,43.2,38524.27
Philippines,26-11-2003,27.8,24.1,25.6,1.1,22.3,40.7,38495.62
Philippines,27-11-2003,25.7,23.1,24.6,3.6,20.7,41.8,38467.72
Philippines,28-11-2003,26.9,23.6,24.9,1.4,24.3,44.3,37619.38
Philippines,29-11-2003,26.4,23.6,24.6,0.8,19.8,38.5,35388.54
Philippines,30-11-2003,26.2,23.1,24.2,0,23.5,42.8,38388.88
Philippines,01-12-2003,25.8,22.6,23.7,0.1,20.8,38.2,37902.23
Philippines,02-12-2003,24.8,22.4,23.4,0,21.5,38.9,38340.82
Philippines,03-12-2003,25.5,21.9,23.4,0.1,23.7,44.3,38318.27
Philippines,04-12-2003,25.5,22.6,23.8,0.3,22.9,39.6,38296.77
Philippines,05-12-2003,27,22.8,24.4,0,22.1,39.6,38276.39
Philippines,06-12-2003,27,22.4,24.4,0.3,13.6,28.1,38257.13
Philippines,07-12-2003,26.4,23.1,24.3,0.3,26.5,46.8,38239.07
Philippines,08-12-2003,26.2,22.9,24.3,1.5,26,45,38222.24
Philippines,09-12-2003,27.4,23.7,25,2.5,26,45.7,38203.04
Philippines,10-12-2003,27.2,23.2,25,0.8,19.8,36.4,37216.94
Philippines,11-12-2003,26.8,23.6,24.7,3.4,19.5,34.2,37524.32
Philippines,12-12-2003,26.2,23.6,24.5,4,17.6,33.1,30542.45
Philippines,13-12-2003,26.2,23.8,24.6,1.5,15,29.2,28178.25
Philippines,14-12-2003,26.5,23.2,24.6,1.1,13.2,25.6,36231.95
Philippines,15-12-2003,23.7,22.1,22.9,13.4,29.7,55.1,1691.69
Philippines,16-12-2003,24.9,22.5,23.4,0.2,30.4,56.9,31456.72
Philippines,17-12-2003,25.2,22.7,23.7,1.9,26.5,47.9,36292.36
Philippines,18-12-2003,25.7,22.9,23.9,0,24.7,46.8,36601.1
Philippines,19-12-2003,25.3,22.4,23.5,0,27.3,49.7,34709.05
Philippines,20-12-2003,24.2,22.1,22.8,1.9,34,60.8,34511.34
Philippines,21-12-2003,23.6,21.5,22.3,0.1,35.8,64.4,37417.57
Philippines,22-12-2003,25,21.7,23.3,0.2,24.5,48.6,37410.43
Philippines,23-12-2003,25.3,22.2,23.3,0,23.4,46.1,34799.27
Philippines,24-12-2003,25.6,21.9,23.3,0,21.4,41.4,37620.83
Philippines,25-12-2003,25.6,21.7,23.1,0.7,19.1,36.4,37610.96
Philippines,26-12-2003,25.2,21.6,23.1,0,24.4,42.8,33282.52
Philippines,27-12-2003,23.2,22.3,22.6,2.5,32.9,62.6,5144.27
Philippines,28-12-2003,23.4,21.5,22.5,0.3,34.4,58.7,19872.83
Philippines,29-12-2003,24.8,22.3,23.2,0.2,26.8,52.2,26103.99
Philippines,30-12-2003,23.6,22.4,22.9,8.1,21.1,42.8,6273.64
Philippines,31-12-2003,26,22.6,23.9,0.5,21.7,39.2,37236
Philippines,01-01-2004,26.3,22.7,24,0,22.2,42.1,36000
Philippines,02-01-2004,26.1,22.2,23.7,0.5,17.3,32.8,37325.74
Philippines,03-01-2004,25.6,22.1,23.5,0.6,19.1,35.3,36701.57
Philippines,04-01-2004,26.7,22,23.9,0.4,20.4,36.7,37082.05
Philippines,05-01-2004,25.4,22.2,23.7,17.7,18.5,34.6,22502.81
Philippines,06-01-2004,26,22.8,23.9,1.5,15.3,27.4,36297.44
Philippines,07-01-2004,26.2,22.7,24,1.5,17.9,32,36592.01
Philippines,08-01-2004,25.8,22.7,23.9,0.1,20.3,36.7,36829.66
Philippines,09-01-2004,25.2,21.9,23.2,0.8,23,40,36847.3
Philippines,10-01-2004,26.4,21.5,23.6,0.5,16.4,35.3,37170.85
Philippines,11-01-2004,26.1,22,23.7,0.7,15.7,29.5,37065.68
Philippines,12-01-2004,26.3,22.5,24,0,18.5,34.9,37084.26
Philippines,13-01-2004,26.5,22.6,24,0,15.6,29.9,37079.63
Philippines,14-01-2004,26.4,22.3,23.9,0,17.7,33.1,37340.38
Philippines,15-01-2004,26.6,21.9,24,0,12.2,25.9,37432.43
Philippines,16-01-2004,27,22.6,24.5,0.2,8.4,16.2,36513.02
Philippines,17-01-2004,26.8,22.8,24.5,0,11.7,23.8,36777.99
Philippines,18-01-2004,26.8,22.8,24.3,0.7,13.8,24.5,37053.69
Philippines,19-01-2004,27.1,22.7,24.4,0.3,10.8,20.2,36681.83
Philippines,20-01-2004,26,22.8,24.1,0.8,14.9,27,37150.93
Philippines,21-01-2004,26,22.7,23.9,0.5,15.3,28.1,36964.96
Philippines,22-01-2004,25.6,22.1,23.6,0.1,23.9,42.1,36476.96
Philippines,23-01-2004,26.4,22.6,24.2,0.9,20,37.8,36563.09
Philippines,24-01-2004,25.3,22.8,23.8,2.4,21.9,42.5,36573.41
Philippines,25-01-2004,23.3,22.1,22.6,5.8,29.5,52.9,13174.18
Philippines,26-01-2004,23.9,21.9,22.7,0.1,31.4,55.1,18763.53
Philippines,27-01-2004,24.6,22.6,23.4,0.3,20.1,37.4,6355.25
Philippines,28-01-2004,25.3,22.8,23.7,0.3,23.7,42.5,34453.86
Philippines,29-01-2004,26.6,22.6,24.2,0,19.3,35.3,37355.86
Philippines,30-01-2004,27.6,22.5,24.5,0.5,16.3,29.9,36517.36
Philippines,31-01-2004,26.6,23,24.4,0.1,18.8,35.6,32651.64
Philippines,01-02-2004,26.8,22.8,24.5,0.2,20.1,37.1,37211.91
Philippines,02-02-2004,27.4,22.4,24.4,0,16.4,32.4,38309.7
Philippines,03-02-2004,27.6,21.6,24.2,0,12,22.7,38787.79
Philippines,04-02-2004,27.1,21.6,23.9,0,17.6,31,37604.67
Philippines,05-02-2004,27.2,22.4,24.5,0.2,15.5,27.7,36569.38
Philippines,06-02-2004,27.3,22.7,24.6,0.6,18.3,33.8,36000
Philippines,07-02-2004,25.6,22.8,23.9,1.2,21,36,32159.45
Philippines,08-02-2004,27.6,22.7,24.7,0.9,16.3,31.7,37642.73
Philippines,09-02-2004,28.1,22.7,25,0,17.3,30.2,38643.95
Philippines,10-02-2004,27.5,22.9,24.6,3,28.8,49,36610.11
Philippines,11-02-2004,26.4,22.5,23.9,2,24.8,44.6,37757.77
Philippines,12-02-2004,26.7,22.4,24,0.5,26.2,46.8,36730.81
Philippines,13-02-2004,26.5,22.7,24.1,0.3,23.6,44.3,38855.44
Philippines,14-02-2004,27,22.2,24,0,19.4,35.6,39031.01
Philippines,15-02-2004,25.8,22.1,23.7,0.1,24.8,49.7,39518.96
Philippines,16-02-2004,24.9,21.9,23.1,0,27.3,50.8,37933.73
Philippines,17-02-2004,24.7,21.5,22.8,0,25.3,45,36010.11
Philippines,18-02-2004,26.7,21.3,23.4,0.1,18.1,32.4,38891.38
Philippines,19-02-2004,26.5,22,23.9,0.4,22.5,41.4,35087.96
Philippines,20-02-2004,26.5,23.1,24.5,0.3,22.9,42.1,28305.9
Philippines,21-02-2004,27.9,23.3,24.8,4.5,10,26.6,27005.06
Philippines,22-02-2004,26.9,23.2,24.5,8,10.4,24.8,29798.68
Philippines,23-02-2004,26.6,23.3,24.5,5,10.2,28.4,35567.36
Philippines,24-02-2004,27.2,23.1,24.9,1.6,10.5,18.4,30155.38
Philippines,25-02-2004,28.3,23.4,25.5,1,8.1,16.2,38748.83
Philippines,26-02-2004,26.9,23.5,24.9,1.4,18.4,34.6,38461.16
Philippines,27-02-2004,26.9,23.1,24.6,0.1,25.8,47.2,37422.21
Philippines,28-02-2004,26.6,23.3,24.6,1.5,22.4,39.6,35196.26
Philippines,29-02-2004,27.5,23.4,25,8.8,11.7,21.2,38083.82
Philippines,01-03-2004,28.2,22.8,25.3,0,5.9,17.3,40257.49
Philippines,02-03-2004,28.9,23.1,25.9,0,4.6,14,40066
Philippines,03-03-2004,29.2,24,26.4,0.3,10.4,18,40349.45
Philippines,04-03-2004,27.1,23.7,25.1,0.9,18.7,33.8,40395.7
Philippines,05-03-2004,27.2,23.4,25.2,0.2,16.4,28.4,40442.07
Philippines,06-03-2004,28.7,23.7,25.5,2.2,18.4,34.9,40208.14
Philippines,07-03-2004,27.1,23.7,24.9,6.9,28.2,49.3,39958.59
Philippines,08-03-2004,26.2,23.2,24.3,14.4,32.4,59.8,38810.73
Philippines,09-03-2004,26.8,22.9,24.4,2,26.1,43.6,40628.19
Philippines,10-03-2004,28.4,22.7,25.1,0,20.9,37.1,40674.7
Philippines,11-03-2004,29,22.5,25.3,0,18.7,34.2,40721.12
Philippines,12-03-2004,28.9,23.5,25.5,1.1,17.1,31.3,40405.08
Philippines,13-03-2004,27.9,23.4,25.3,0.1,20.2,37.1,40813.6
Philippines,14-03-2004,27.6,23.3,25,0.9,16.4,31.7,40230.31
Philippines,15-03-2004,27.6,23.3,25.1,1.5,18.9,32.8,40905.38
Philippines,16-03-2004,28.3,23.3,25.2,0.5,18.5,34.2,40950.94
Philippines,17-03-2004,28.2,23.2,25.3,0.6,18.9,34.6,40996.21
Philippines,18-03-2004,26.8,23.5,24.9,3.6,23.9,43.2,39009.78
Philippines,19-03-2004,26.4,23.7,24.5,8.2,24.2,49.3,21207.89
Philippines,20-03-2004,25.8,24,24.5,9.4,25.7,46.4,4949.88
Philippines,21-03-2004,26.4,23.8,25.1,3.9,22.3,42.1,10372.7
Philippines,22-03-2004,28.4,23.5,25.8,0.8,9,17.6,41220.17
Philippines,23-03-2004,29.6,23.8,26.5,0.6,11.5,20.2,41265.05
Philippines,24-03-2004,28.3,24.3,26,1.3,11.8,19.1,38053.23
Philippines,25-03-2004,28.4,24.3,26.2,1.2,4.9,15.5,40667.34
Philippines,26-03-2004,28.6,24,26.3,1.9,5.6,15.8,38208.02
Philippines,27-03-2004,29.1,24.2,26.7,1.4,8,18.7,41444.14
Philippines,28-03-2004,29.4,24.5,26.7,0,12.4,22.7,41488.66
Philippines,29-03-2004,29.7,24.5,26.8,0,13.4,24.8,41533.04
Philippines,30-03-2004,29.9,23.4,26.7,0,6.8,16.9,41577.21
Philippines,31-03-2004,29.9,24,26.8,0,10.5,23,41621.19
Philippines,01-04-2004,30.2,24.3,26.9,0,10.1,20.5,41664.91
Philippines,02-04-2004,29.8,24.3,26.8,0,13,25.6,41708.37
Philippines,03-04-2004,29.3,24.7,26.7,0.4,10,23,41751.53
Philippines,04-04-2004,28.9,24.7,26.6,1.4,14,27,41794.36
Philippines,05-04-2004,28.1,24.1,26,1,15.4,27.7,41836.84
Philippines,06-04-2004,28.3,24.1,26,1.3,12.7,24.5,41071.61
Philippines,07-04-2004,28.7,24.4,26.3,1.2,10.2,21.2,41920.57
Philippines,08-04-2004,29.3,24.3,26.7,0.7,13,25.9,41961.8
Philippines,09-04-2004,30.1,24.7,26.9,0,16.1,29.2,42002.98
Philippines,10-04-2004,29.6,24.5,26.6,1,18.2,33.1,42044.07
Philippines,11-04-2004,30.6,24.6,27,0,17.5,30.2,42085.08
Philippines,12-04-2004,30.5,24.6,27.1,0.2,13.4,25.6,42097.73
Philippines,13-04-2004,30.8,25.1,27.6,0,12.5,23.8,42008.91
Philippines,14-04-2004,29.7,24.3,27.1,0.8,9.3,19.1,42107.84
Philippines,15-04-2004,28.7,24.2,26.4,3.4,8.2,22,42113.06
Philippines,16-04-2004,28,24.8,26.2,3.6,5.6,23.4,40748.51
Philippines,17-04-2004,27.9,24.3,26.1,2,6.7,18.7,41231.18
Philippines,18-04-2004,28.3,24.4,26.3,2,7.5,17.6,42129.75
Philippines,19-04-2004,29,24.8,26.7,0,11.7,24.8,42135.74
Philippines,20-04-2004,29.8,25,27.1,0,16.2,30.6,42141.99
Philippines,21-04-2004,30.2,24.9,27.2,0.4,13.5,26.6,42148.51
Philippines,22-04-2004,29.6,25.2,27.2,0,10.1,20.9,42155.34
Philippines,23-04-2004,30.1,25.1,27.4,0,6.7,18.4,42162.51
Philippines,24-04-2004,30.6,25.4,27.7,0,13.9,28.1,42170.04
Philippines,25-04-2004,30.8,25.1,27.5,0,17.6,33.5,42177.94
Philippines,26-04-2004,30.4,25.4,27.7,0.7,17.3,33.8,42186.26
Philippines,27-04-2004,29.8,25.5,27.7,0.5,11.7,23.8,39483.7
Philippines,28-04-2004,31.1,25.9,27.9,0.2,18.1,34.2,42204.08
Philippines,29-04-2004,30.1,25,27.4,0.2,24.7,45.4,41255.58
Philippines,30-04-2004,30.2,25.6,27.4,0.8,22.6,42.1,42223.2
Philippines,01-05-2004,30.3,25.2,27.2,1.2,17.1,37.4,42233.21
Philippines,02-05-2004,30.4,24.7,27.5,0.4,17.4,34.6,42243.54
Philippines,03-05-2004,30.7,25.6,27.8,1.4,18,33.5,42271.53
Philippines,04-05-2004,31.1,25.7,27.9,0,12.4,25.9,42280.3
Philippines,05-05-2004,30.7,25.7,27.9,0.2,14.2,28.1,42349.78
Philippines,06-05-2004,30.8,25.9,27.9,0.8,15.6,29.5,42298.59
Philippines,07-05-2004,30,24.9,27.2,3.1,13.8,35.3,40246.37
Philippines,08-05-2004,29.9,25.2,27.3,2,8.9,22.7,40036.05
Philippines,09-05-2004,28.6,24.9,26.8,5.2,8.9,22,41140.64
Philippines,10-05-2004,28.9,25.2,26.4,17.7,9.5,24.1,30413.53
Philippines,11-05-2004,28.3,24.8,26.2,7.6,12.4,33.1,27629.17
Philippines,12-05-2004,28.9,25.6,27,0.4,9.7,25.6,42361.94
Philippines,13-05-2004,29.5,25.1,27.2,0.1,11.5,28.1,42510.36
Philippines,14-05-2004,29.8,25.1,27.2,1.2,17.7,33.5,42523.62
Philippines,15-05-2004,29.7,25.2,27.1,0.7,18.5,35.6,42537.07
Philippines,16-05-2004,26.2,24.4,25.1,33,23.6,40.3,6287.95
Philippines,17-05-2004,25.6,24.2,24.9,147.9,42.7,88.9,0
Philippines,18-05-2004,27.4,25.2,26.3,19.1,29.6,65.2,5796.42
Philippines,19-05-2004,27.8,25.3,26.5,4.1,20.1,40.7,38099.12
Philippines,20-05-2004,27.8,25.4,26.3,1.9,25.7,50.4,39732.33
Philippines,21-05-2004,27.4,24.6,26,17,18.2,45.4,28843.47
Philippines,22-05-2004,28.6,25.7,26.9,0,20,38.2,40290.46
Philippines,23-05-2004,27.6,25.6,26.4,5,19.7,38.5,39477.6
Philippines,24-05-2004,28.3,25.7,26.8,0,18.9,30.2,42540.57
Philippines,25-05-2004,28.6,25.1,26.8,1.1,12.7,23.8,42767.38
Philippines,26-05-2004,28.7,24.8,26.6,2.1,6.8,20.9,41199.81
Philippines,27-05-2004,29.7,25,27.1,0,15.6,27,42802.14
Philippines,28-05-2004,29.6,25.1,27.1,0,13.7,23.4,42973.85
Philippines,29-05-2004,28.2,24.8,26.3,2.2,15.8,30.6,42682.66
Philippines,30-05-2004,28,24.4,25.8,11.2,14.5,28.8,40350.45
Philippines,31-05-2004,28.3,24.6,26.1,1.7,12.7,30.6,41761.14
Philippines,01-06-2004,27.4,24.1,25.2,13.2,11,28.1,26042.3
Philippines,02-06-2004,27,23.8,24.9,20.5,10.5,29.2,22484.33
Philippines,03-06-2004,27.2,23.9,25.4,8.1,14.3,28.4,30253.42
Philippines,04-06-2004,27.7,23.8,25.3,21.9,14.7,32.4,22804.71
Philippines,05-06-2004,27.6,24.8,25.9,7.6,18.5,41.8,28800
Philippines,06-06-2004,26.8,24.8,25.8,7.6,21.7,46.1,26629.85
Philippines,07-06-2004,27.9,24.5,26,12,22.9,43.2,36189.32
Philippines,08-06-2004,28.1,25.1,26.3,4.3,15.5,30.2,34664.32
Philippines,09-06-2004,27.8,24.6,26.1,3.1,8.1,19.8,31268.53
Philippines,10-06-2004,26.8,24.3,25.6,8.3,13,31.3,38173.7
Philippines,11-06-2004,27.3,24.1,25.8,4.1,12.4,25.2,42233.77
Philippines,12-06-2004,28.3,23.9,26,4.7,7.9,20.5,42856.51
Philippines,13-06-2004,28.1,24.2,25.8,7.9,14.7,27,42872.9
Philippines,14-06-2004,27.5,24,25.5,11.3,11.4,25.6,41779.77
Philippines,15-06-2004,26.9,24.3,25.4,15.9,12,23.4,35846.75
Philippines,16-06-2004,27.4,24,25.7,8.1,10.2,25.2,42920.91
Philippines,17-06-2004,28.4,24.8,26.4,1.1,11.4,22.7,39600
Philippines,18-06-2004,29.1,25.3,26.8,1,15.2,27.7,42951.29
Philippines,19-06-2004,28.6,25.3,26.7,4.2,21.8,41.4,42966.29
Philippines,20-06-2004,28.1,25.4,26.6,2.4,19.1,37.8,40135.64
Philippines,21-06-2004,28,25,26.5,1.6,18.9,37.1,42868.26
Philippines,22-06-2004,27.4,24.8,25.9,12.8,19.6,37.4,42554.82
Philippines,23-06-2004,27.6,25,26,1.3,21.5,47.5,43017.59
Philippines,24-06-2004,27.1,24.9,25.8,3.2,22.7,45.7,43037.54
Philippines,25-06-2004,27.8,25,26.3,2.1,16.8,31.7,42555.24
Philippines,26-06-2004,26.7,24.4,25.6,11.8,15.6,36,23045.71
Philippines,27-06-2004,27.4,25.2,26.1,6.1,22.5,49,18234.31
Philippines,28-06-2004,27.9,25.4,26.2,3.3,31.9,64.8,29039.85
Philippines,29-06-2004,27.5,25.5,26.3,0.7,32.1,63,22191.75
Philippines,30-06-2004,27.5,25.7,26.3,1.8,28.1,72.4,27930.02
Philippines,01-07-2004,27.3,25.4,26.1,1.9,29.8,56.2,39206.2
Philippines,02-07-2004,27.9,25.4,26.5,2.2,26.4,47.5,43096.15
Philippines,03-07-2004,27.7,25.4,26.5,0.1,24.2,43.9,39174.81
Philippines,04-07-2004,28.6,25.8,27,0,17,32,43108.39
Philippines,05-07-2004,28.7,25.4,26.8,0.1,9.8,19.8,43113.61
Philippines,06-07-2004,28.4,24.6,26.5,1.3,9.5,21.2,39600
Philippines,07-07-2004,28.5,24.5,26.4,0.7,9.4,20.2,41443.66
Philippines,08-07-2004,28.7,25,26.4,2.9,7.3,18,43125.11
Philippines,09-07-2004,28.5,24.7,26.1,3,9,22.3,43127.41
Philippines,10-07-2004,28.8,24.3,26.1,1.6,8.4,21.6,41907.32
Philippines,11-07-2004,27.7,24.5,25.8,5.3,8.2,18.4,42531.17
Philippines,12-07-2004,28.7,24.2,26.1,2.6,11.3,21.2,42684.91
Philippines,13-07-2004,27.7,24,25.8,3.4,9,20.5,42682.02
Philippines,14-07-2004,27.2,23.6,25.5,6.2,7.5,19.1,40804.77
Philippines,15-07-2004,27,23.7,25,11.4,6.9,19.4,31226.56
Philippines,16-07-2004,27.1,24.2,25.4,3,6.3,18,33051.2
Philippines,17-07-2004,27.7,23.9,25.7,5.5,8.4,19.4,42248.88
Philippines,18-07-2004,26.5,23.9,25.2,13.8,10.6,23.4,36562.66
Philippines,19-07-2004,26.9,23,24.8,10.8,7.6,18.4,23702.73
Philippines,20-07-2004,27.1,23.6,25.3,4.6,8.9,20.9,32328.86
Philippines,21-07-2004,26.9,23.6,25,16.8,8.1,20.2,34955.07
Philippines,22-07-2004,27,23.6,25,10.3,6.2,18.7,30077.12
Philippines,23-07-2004,26.4,24,24.9,14.5,4.4,15.5,28291.37
Philippines,24-07-2004,26.7,23.3,24.7,28.4,9.2,18.7,27762.6
Philippines,25-07-2004,26.8,24,25,15.3,15.8,29.9,28459.52
Philippines,26-07-2004,26.9,23.9,25.3,13.7,23.1,38.5,37679
Philippines,27-07-2004,27.9,24.4,26.1,8.7,11.4,25.2,42731.52
Philippines,28-07-2004,28.5,24,26.1,1.7,9.4,21.2,42999.05
Philippines,29-07-2004,26.5,24,24.9,22.6,12.6,28.4,12105.24
Philippines,30-07-2004,27.5,23.6,25.6,4.4,6.8,15.1,38604.13
Philippines,31-07-2004,27.8,24.3,25.7,10.1,8.7,18,38590.6
Philippines,01-08-2004,27.9,24.2,25.3,14.1,13.1,25.2,22284.63
Philippines,02-08-2004,27,23.9,25.3,28.2,14.6,25.9,31790.98
Philippines,03-08-2004,26.4,23.9,25,10.5,14.8,34.6,26711.37
Philippines,04-08-2004,26.2,23.8,24.8,21.2,12.1,31.3,26293.7
Philippines,05-08-2004,27.2,24,25.3,12,12.6,32.4,39254.71
Philippines,06-08-2004,26.6,23.6,24.8,34.2,15,32.8,12834.33
Philippines,07-08-2004,25.2,24.2,24.7,27.8,15.2,31.7,0
Philippines,08-08-2004,26.1,24.3,25.2,11.4,13.7,31.7,690.43
Philippines,09-08-2004,26.8,24.9,25.8,5.3,22.1,52.2,27823.81
Philippines,10-08-2004,27.5,24.7,25.5,3.4,20.3,41.8,23220.19
Philippines,11-08-2004,27.5,24.9,26,2.4,22.4,42.5,41824.34
Philippines,12-08-2004,27.3,24.8,25.7,9.2,21.4,48.2,42681.09
Philippines,13-08-2004,27.4,24.5,25.6,15.2,17.6,45,34607.02
Philippines,14-08-2004,26.2,24.1,25,22.9,15.6,36.4,26953.42
Philippines,15-08-2004,25.4,23.5,24.2,23.9,10.6,24.1,0
Philippines,16-08-2004,26.2,23.4,24.8,21.1,14,25.9,1623.65
Philippines,17-08-2004,27.6,24.8,25.9,6.8,19.9,36.7,28550.15
Philippines,18-08-2004,27.1,25,25.9,3.8,28.2,47.9,40256.16
Philippines,19-08-2004,27.7,24.8,26.1,2.1,13.2,27.4,36372.56
Philippines,20-08-2004,27.1,23.7,25.5,7.8,15.2,31.7,26969.27
Philippines,21-08-2004,28.6,24.2,26,9.2,13.9,26.3,33908.25
Philippines,22-08-2004,28.2,24.5,26.3,0.9,18.5,33.5,30040.13
Philippines,23-08-2004,28.3,25,26.5,0,19.5,37.1,42336.29
Philippines,24-08-2004,28.4,25.4,26.6,0.3,19.4,40,42183.21
Philippines,25-08-2004,27.9,25.2,26.2,3,25.3,50.4,40445.94
Philippines,26-08-2004,27.1,25,25.9,0.4,31.3,60.8,35241.66
Philippines,27-08-2004,27.6,25.4,26.3,1.4,28.5,59,37362.84
Philippines,28-08-2004,28.2,25.4,26.6,0,25.3,46.1,42158.8
Philippines,29-08-2004,28.4,25.2,26.7,0,16.6,32.4,42120.91
Philippines,30-08-2004,29,25.4,27.1,0.1,13.9,30.6,36999.41
Philippines,31-08-2004,27.1,24.7,25.8,18.2,13.4,30.2,0
Philippines,01-09-2004,25.4,23.9,24.5,26,13.1,28.4,623.79
Philippines,02-09-2004,28,23.2,25.8,0.2,15.5,29.2,41962.95
Philippines,03-09-2004,28.8,24.4,26.5,0.3,14.2,28.4,41922.18
Philippines,04-09-2004,28.1,25.4,26.5,5.1,19.4,34.6,31669.99
Philippines,05-09-2004,28.3,24.9,26.4,2.2,18.4,41.8,41839.57
Philippines,06-09-2004,28,25.3,26.5,0,19,36.7,38353.07
Philippines,07-09-2004,27.5,25.4,26.3,0,17.9,36.4,41755.96
Philippines,08-09-2004,27.8,24.8,26.3,2.4,13.2,28.4,40465.08
Philippines,09-09-2004,27.9,24.9,26.2,0.2,11.7,21.2,40704.2
Philippines,10-09-2004,27.5,24.5,25.7,3.1,10.1,20.9,38254.77
Philippines,11-09-2004,27.4,24.1,25.7,2.9,11.6,22,40002.59
Philippines,12-09-2004,27.4,24.1,25.6,1.9,12.2,22,32192.37
Philippines,13-09-2004,27.4,23.7,25.2,5.1,8.7,19.8,28472.45
Philippines,14-09-2004,27.1,23.5,25.3,4.1,7.9,16.6,40365.84
Philippines,15-09-2004,28.3,24.3,25.8,1.7,12.6,26.6,40800.34
Philippines,16-09-2004,26.5,24.5,25.2,12.9,15.4,36,28800
Philippines,17-09-2004,27.5,23.9,25.3,12.7,14.6,27.7,36208.26
Philippines,18-09-2004,27.5,23.5,25.3,3.3,10.9,22.3,40568.52
Philippines,19-09-2004,28.7,24.4,26.1,0.3,16.9,31.3,40879.82
Philippines,20-09-2004,28.7,24.2,26.3,0.2,11.8,21.2,40455.64
Philippines,21-09-2004,28.1,24.2,25.9,0,12.3,24.5,40553.7
Philippines,22-09-2004,28.3,24.8,26.3,0.2,11,22.7,40447.14
Philippines,23-09-2004,28.3,24.5,26.2,1.5,8.1,19.4,40146.05
Philippines,24-09-2004,28.8,24.8,26.6,0,11.8,23.4,40339.23
Philippines,25-09-2004,28.8,24.6,26.5,0.6,8.1,17.6,40049.16
Philippines,26-09-2004,28.3,24.2,26.3,1.3,5.4,14.4,39862.65
Philippines,27-09-2004,28.3,24.9,26.6,0.5,6.1,13,39957.33
Philippines,28-09-2004,28.6,24.1,26.4,1.2,7.1,16.9,39868.62
Philippines,29-09-2004,27.7,24.7,25.9,7.6,12.8,25.6,29173.83
Philippines,30-09-2004,26.7,24.4,25.7,7,14.7,31.3,30573.54
Philippines,01-10-2004,26.6,24.2,25.2,11.3,15.9,29.9,15451
Philippines,02-10-2004,26.4,23.7,24.7,19,12,28.1,22507.24
Philippines,03-10-2004,25.1,23.3,24,24.6,11.7,22.7,0
Philippines,04-10-2004,24.7,23.2,24,32.4,18.3,34.6,634.54
Philippines,05-10-2004,25,23.4,24.2,23.8,17.9,36.7,1823.88
Philippines,06-10-2004,24.4,23.1,23.9,21.8,11.5,30.6,0
Philippines,07-10-2004,25.4,23.6,24.4,16.6,18.2,23,6794.42
Philippines,08-10-2004,25.3,23.6,24.2,16.1,20.1,38.2,306.5
Philippines,09-10-2004,27.6,23.2,25.4,1.5,11.2,24.8,32452.96
Philippines,10-10-2004,28,23.8,25.6,2,10.4,21.6,39576.56
Philippines,11-10-2004,26.8,23.9,24.9,7.5,14.2,25.9,37827.31
Philippines,12-10-2004,26.5,23.8,24.8,6.6,14.4,29.2,38263.55
Philippines,13-10-2004,26.8,24,25.2,0,15.8,31.7,33562.74
Philippines,14-10-2004,26.6,23.7,25,1.4,23.7,43.6,39543.77
Philippines,15-10-2004,26.2,23.7,24.7,1.7,26.9,49.3,39534.93
Philippines,16-10-2004,26.3,23.4,24.7,0,23.8,45,38190.76
Philippines,17-10-2004,26.7,23,24.7,0.1,15.5,28.8,39410.92
Philippines,18-10-2004,27,22.4,25.1,0,13.7,25.6,39505.16
Philippines,19-10-2004,27.4,22.9,25.3,0.3,16.9,30.6,39494.05
Philippines,20-10-2004,27.8,23.1,25.5,0,10.5,20.9,39482.3
Philippines,21-10-2004,28,24,25.8,0.8,13.5,25.9,39469.88
Philippines,22-10-2004,26.1,23.8,24.9,3,19.3,36.4,39456.75
Philippines,23-10-2004,26.7,23.3,24.7,0,23.1,42.8,39442.88
Philippines,24-10-2004,27.7,23.2,25.1,1,10.1,22.3,39428.26
Philippines,25-10-2004,27.6,23.9,25.5,0.1,6.9,15.8,39412.93
Philippines,26-10-2004,28,24.1,25.5,0.5,16,30.6,39397.01
Philippines,27-10-2004,27,23.9,24.9,4.5,20.5,42.1,35863.4
Philippines,28-10-2004,26.9,24,24.8,5.2,20.5,39.2,32639.63
Philippines,29-10-2004,26.9,24.1,25.2,0.1,24.6,41.8,39345.66
Philippines,30-10-2004,26.7,23.9,24.9,2.7,15.7,31,39327.36
Philippines,31-10-2004,27.2,24,25.3,1.1,18.4,35.3,39308.46
Philippines,01-11-2004,27.7,23.9,25.4,0.6,15.1,31.7,39288.98
Philippines,02-11-2004,27.3,23.8,25.1,1.2,17.8,32,39268.91
Philippines,03-11-2004,27.5,23.7,25.3,1.5,18.6,34.2,39248.26
Philippines,04-11-2004,27.5,23.9,25.2,0.5,19.2,34.9,39227.03
Philippines,05-11-2004,27.2,24.1,25.1,0.6,16.4,30.2,32664.1
Philippines,06-11-2004,26.9,24.1,25,2.1,15.6,31,39161.75
Philippines,07-11-2004,27.9,23.8,25.4,1.3,17.1,33.1,39121.45
Philippines,08-11-2004,27.4,23.8,24.9,4.5,16,31,35763.52
Philippines,09-11-2004,27.6,24,25.4,0.1,15,32,39042.59
Philippines,10-11-2004,27.1,24,25.1,1.3,17.9,34.6,37629.4
Philippines,11-11-2004,26.9,24.4,25.3,2.1,18.3,32,24858.71
Philippines,12-11-2004,28.1,24.6,25.8,2,14,33.1,38929.49
Philippines,13-11-2004,28.2,24.3,25.7,2,21.1,39.6,38893.38
Philippines,14-11-2004,26.7,23.8,24.8,4,20.9,41,38012.8
Philippines,15-11-2004,26,23.8,24.8,4.1,25.6,53.6,9257.36
Philippines,16-11-2004,24.5,23.3,24,25.5,31.8,62.3,0
Philippines,17-11-2004,25.8,23.8,24.8,50.2,32.8,68.4,0
Philippines,18-11-2004,27.9,24.3,25.8,7.4,15.2,40.3,23595.66
Philippines,19-11-2004,26.5,23.9,25,31.5,32.7,61.2,28840.52
Philippines,20-11-2004,26.3,23.8,24.6,60.8,34.9,67.7,30586.89
Philippines,21-11-2004,26.1,23.5,24.5,3,19.3,36.4,19428.45
Philippines,22-11-2004,26.7,23.5,24.6,9,12.8,24.1,30175.46
Philippines,23-11-2004,27.1,23.1,24.8,1.5,13.5,25.2,38303.72
Philippines,24-11-2004,27.4,23.9,25.2,2.9,17.1,32,38529.05
Philippines,25-11-2004,27.6,24.1,25.5,1.7,22.7,40,38499.87
Philippines,26-11-2004,26.7,23.9,24.8,2.5,21.3,38.5,37108
Philippines,27-11-2004,26.2,23.6,24.6,4.8,26,46.4,38444.13
Philippines,28-11-2004,25.6,23.8,24.5,12.4,25.8,49.3,7377.36
Philippines,29-11-2004,25.1,23.3,24.2,99.5,23,47.2,8655.27
Philippines,30-11-2004,27.2,23.9,25,4.5,14.3,26.3,38367.91
Philippines,01-12-2004,25.3,23.9,24.5,5.1,23.7,44.6,7340.41
Philippines,02-12-2004,25,23.9,24.4,111.1,47.8,99.4,0
Philippines,03-12-2004,26.3,24.5,25.2,4.7,26,49.7,33616.04
Philippines,04-12-2004,26.7,23.7,25,1.5,11,25.6,38282.3
Philippines,05-12-2004,26.9,22.6,24.7,1.4,15.2,28.1,37296.5
Philippines,06-12-2004,26.5,23.3,24.3,1.1,21.2,37.4,38246
Philippines,07-12-2004,25.4,22.9,23.8,7.3,26,44.6,26079.77
Philippines,08-12-2004,25.6,23,24,0.5,29.9,51.1,38213.43
Philippines,09-12-2004,25.9,23.2,24.1,0.1,27,50,32071.78
Philippines,10-12-2004,25.8,23.2,24.2,3.2,27.5,46.8,36000
Philippines,11-12-2004,26.6,23.2,24.5,1.3,21.9,41,37971.05
Philippines,12-12-2004,26.1,23.1,24.2,1.1,19.9,37.8,37087.88
Philippines,13-12-2004,25.7,23.1,24,1.2,22.7,39.2,37086.8
Philippines,14-12-2004,26,23.1,24.2,1.3,24.5,43.6,37208.19
Philippines,15-12-2004,26.1,23,24.3,0.5,18.4,30.6,37813.89
Philippines,16-12-2004,27.1,23.1,24.6,0.6,14.6,27.4,37805.1
Philippines,17-12-2004,26.6,23.2,24.4,1.1,17.7,31.7,37795.99
Philippines,18-12-2004,26.8,23.2,24.5,1.6,19.6,36.4,37076.27
Philippines,19-12-2004,27.2,22.6,24.4,0,15.9,29.2,37659.63
Philippines,20-12-2004,27.1,22.2,24.2,0,17.2,31,37186.16
Philippines,21-12-2004,26,22.8,24,0.8,23.3,40.3,37642.02
Philippines,22-12-2004,26,22.4,23.8,0,20.9,39.6,37752.08
Philippines,23-12-2004,27,22.1,23.9,0,13.8,26.3,37724.62
Philippines,24-12-2004,27,22.3,24.2,1.1,20.1,36.4,37502.95
Philippines,25-12-2004,25.5,23.2,24,0,21.9,39.6,17614.93
Philippines,26-12-2004,26.1,23,24.2,0,22.7,42.8,37046.23
Philippines,27-12-2004,25.6,23.1,23.9,3.2,19.8,36.7,14348.38
Philippines,28-12-2004,26.6,23.1,24.2,1.5,12.7,24.8,36389.54
Philippines,29-12-2004,25.6,23,23.9,2.7,19.9,35.3,35043.82
Philippines,30-12-2004,26,22.8,24,0.7,20.9,37.1,36603.22
Philippines,31-12-2004,25.7,22.8,24,0.8,14.9,26.6,36601.95
Philippines,01-01-2005,23.4,22.2,22.8,6.8,27.7,50.4,182.52
Philippines,02-01-2005,23.6,21.9,22.8,0.4,24.9,43.9,11244.53
Philippines,03-01-2005,26,22.4,23.9,0.9,19,34.2,36801.05
Philippines,04-01-2005,26.3,22.8,24.2,1.1,16.3,31.7,34431.88
Philippines,05-01-2005,26.7,22.8,24.5,0.2,17,34.6,36793.85
Philippines,06-01-2005,26.9,22.8,24.3,0.1,16.7,32.8,36662.6
Philippines,07-01-2005,26.2,22.5,23.9,1.4,21.5,40.3,37050.98
Philippines,08-01-2005,26.1,22.2,23.7,0.7,20.4,38.9,36901.33
Philippines,09-01-2005,25.8,22.4,23.8,0,19.7,36.7,37364.1
Philippines,10-01-2005,26.9,22,24,0,16.1,28.4,36975.98
Philippines,11-01-2005,26.3,22.6,24.1,0.5,13.4,26.3,36678.44
Philippines,12-01-2005,26.5,22.8,24.3,0.2,14.3,29.9,36985.38
Philippines,13-01-2005,26.4,21.7,24,0,9.7,20.5,37246.04
Philippines,14-01-2005,26.5,21.7,23.7,0,16.2,30.2,37425.74
Philippines,15-01-2005,25.2,21.9,23.2,0.9,21,38.2,37149.96
Philippines,16-01-2005,24.3,21,22.3,0.4,19.1,34.2,36868.71
Philippines,17-01-2005,23.8,21,22.1,3.9,24,42.5,25492.42
Philippines,18-01-2005,23.7,21.6,22.6,0.7,21.8,40.7,16016.72
Philippines,19-01-2005,25.2,22.3,23.4,0.2,17.9,34.9,36771.67
Philippines,20-01-2005,25.6,22.2,23.6,0,22.4,41,37337.95
Philippines,21-01-2005,25.5,22.1,23.5,0,26.8,50,36939.61
Philippines,22-01-2005,24.7,21.9,23.1,1,21.9,40,37045.44
Philippines,23-01-2005,25.4,21.4,23.2,0,22.7,40.3,37636.56
Philippines,24-01-2005,25.7,21.6,23.2,0,23,40.3,36477.88
Philippines,25-01-2005,26.3,21.7,23.5,0,12.9,26.3,35663.99
Philippines,26-01-2005,25.6,21.1,23.3,0.5,13.6,25.2,36861.87
Philippines,27-01-2005,26.1,22.7,23.8,0.1,11.9,23.8,18334.16
Philippines,28-01-2005,26.3,21.6,23.7,0,9.3,18.7,37746.25
Philippines,29-01-2005,27,20.6,23.7,0,14.5,26.3,38285.76
Philippines,30-01-2005,27.2,22.8,24.4,0,16.9,29.9,29691.3
Philippines,31-01-2005,27,22.5,24.2,0,17.4,33.1,37877.54
Philippines,01-02-2005,26.9,21.6,23.7,0.2,18.2,31.3,37458.01
Philippines,02-02-2005,25.7,22,23.5,0,19.7,33.5,37219.28
Philippines,03-02-2005,26.2,22.1,23.7,2.2,22.4,39.2,37621.2
Philippines,04-02-2005,26,22.2,23.8,0.3,20.9,38.9,38118.21
Philippines,05-02-2005,25.9,22,23.6,0,20.1,35.3,38201.47
Philippines,06-02-2005,26.4,22.3,24,0,23.3,41.4,37333.99
Philippines,07-02-2005,26.2,22.1,23.9,0.7,21.5,39.6,38457.89
Philippines,08-02-2005,26.3,21.8,23.5,1.6,21.2,40.3,37821.36
Philippines,09-02-2005,25.9,22,23.7,1.8,20.2,43.2,37839.61
Philippines,10-02-2005,27,22.4,24.3,0.7,17,28.8,38005.27
Philippines,11-02-2005,27.4,22.5,24.5,0.3,21.1,37.8,38624.95
Philippines,12-02-2005,27.5,22.7,24.6,0.3,22.2,38.9,39022.43
Philippines,13-02-2005,27.7,22.3,24.5,0,18.8,33.8,39179.23
Philippines,14-02-2005,27.4,22.7,24.7,0.1,22.7,40.3,38885.24
Philippines,15-02-2005,28.1,23.3,25.3,0,14.8,29.5,38395.77
Philippines,16-02-2005,27.7,22.3,24.8,0,15.2,28.8,39169.8
Philippines,17-02-2005,28.1,22.8,25.1,0.2,12.1,24.8,38663.44
Philippines,18-02-2005,26.7,22.9,24.7,4.7,7.9,16.9,38648.47
Philippines,19-02-2005,26.5,23.2,24.5,3.7,8.9,18.7,22155.93
Philippines,20-02-2005,27,23.2,24.6,1.5,14.2,24.5,34608.54
Philippines,21-02-2005,26.6,22.8,24.3,1,14.4,26.6,38830.35
Philippines,22-02-2005,28,22.7,25.1,0,10.2,18,38993.36
Philippines,23-02-2005,27.5,21.7,24.9,0,5.9,12.6,39971.63
Philippines,24-02-2005,28,22.1,25,0,9.7,18,40016.85
Philippines,25-02-2005,27.9,22.7,25.1,0,7.4,16.6,40062.38
Philippines,26-02-2005,27.5,22.9,24.9,0.1,8.1,17.3,40108.17
Philippines,27-02-2005,27.3,22.9,24.8,0,10,20.5,40154.21
Philippines,28-02-2005,27,22.3,24.5,0,8,19.4,40200.43
Philippines,01-03-2005,28.1,22.1,24.8,0,15.9,31.7,40246.8
Philippines,02-03-2005,28.3,22.6,25.1,0,11.5,24.5,40293.29
Philippines,03-03-2005,27.3,22.1,24.9,0,6.8,15.5,40339.84
Philippines,04-03-2005,26.8,23.3,24.6,1.4,13,29.5,39638.91
Philippines,05-03-2005,25.4,22.5,23.6,1.2,29.7,53.3,37343.16
Philippines,06-03-2005,24.5,22,22.9,1.7,31.6,56.9,27188.36
Philippines,07-03-2005,24.7,21.6,23.2,0,30.5,57.6,35756.59
Philippines,08-03-2005,26.1,22.5,24.2,0,23.4,44.3,35776.72
Philippines,09-03-2005,27.2,23,24.7,0.1,19.9,35.3,40532.61
Philippines,10-03-2005,28.5,22.6,25.1,0,17.4,31.7,38339.5
Philippines,11-03-2005,29.2,21.7,25.4,0,8.3,17.6,40710.69
Philippines,12-03-2005,28,23.1,25.3,0,8.6,19.1,39709.24
Philippines,13-03-2005,28.7,23,25.2,0.4,19.8,37.8,40801.65
Philippines,14-03-2005,26.2,22.6,24,3.7,24.7,43.9,40723.67
Philippines,15-03-2005,27.1,22.7,24.5,0,23.7,42.8,40891.92
Philippines,16-03-2005,28,22.8,24.8,0,24.8,45,40937.25
Philippines,17-03-2005,27.5,23.9,25.2,5.9,21.2,41.8,15627.25
Philippines,18-03-2005,28.2,23.6,25.4,1.7,12.6,25.2,34266.12
Philippines,19-03-2005,28.7,23.4,25.4,1.6,24,43.9,41073.66
Philippines,20-03-2005,29.3,23,25.6,0,19.8,36.7,41119.18
Philippines,21-03-2005,29,23.3,25.6,0.3,19.7,34.9,41164.65
Philippines,22-03-2005,28.7,23.2,25.6,0.2,16.7,31.3,41210.06
Philippines,23-03-2005,29.3,23,25.6,0,17.3,31.3,41255.39
Philippines,24-03-2005,28.4,22.9,25.3,0.4,20.2,35.3,41300.58
Philippines,25-03-2005,27.5,23.5,25,1.4,24,43.2,41345.62
Philippines,26-03-2005,28.2,23.6,25.4,0.7,20.7,38.5,41390.5
Philippines,27-03-2005,29.2,23.8,25.9,2.4,17.7,40,41385.62
Philippines,28-03-2005,28.5,24.1,26.1,3.9,9.9,23.4,40272.06
Philippines,29-03-2005,29,24.3,26.3,0.7,8.6,19.4,41523.73
Philippines,30-03-2005,29.6,23.6,26.4,0,11.8,22.7,41567.6
Philippines,31-03-2005,29.9,23.9,26.4,0,15.5,28.1,41611.13
Philippines,01-04-2005,30.2,23.4,26.4,0,10.2,22.7,41654.32
Philippines,02-04-2005,29.6,24,26.3,0,9.5,19.4,41697.08
Philippines,03-04-2005,30.3,23.3,26.3,0,16.6,30.2,41739.45
Philippines,04-04-2005,27.3,24,25.2,5.7,27.5,50,39327.51
Philippines,05-04-2005,27.3,23.5,24.9,0.7,27.7,49.3,37166.23
Philippines,06-04-2005,28,23.6,25.4,0,19.9,37.4,38186.36
Philippines,07-04-2005,29.7,23.3,26,0,17.3,31,41908.57
Philippines,08-04-2005,30,23.2,25.9,0,19.9,36,41950.62
Philippines,09-04-2005,28.3,24,25.7,0.8,11.7,24.5,41088
Philippines,10-04-2005,29.1,23.5,26.1,0,16.9,29.9,42034.27
Philippines,11-04-2005,29.3,23.6,26,0.1,15.1,30.2,42075.8
Philippines,12-04-2005,30.2,23.8,26.6,0,13.6,27.4,42095.03
Philippines,13-04-2005,29.8,23.7,26.2,0,16.7,28.4,42099.64
Philippines,14-04-2005,27.8,23.7,25.4,0.7,16.6,31,42104.44
Philippines,15-04-2005,28.6,23.7,25.8,0.3,18.9,32.8,42109.45
Philippines,16-04-2005,28.7,23.9,25.9,1.1,15.8,34.6,42114.72
Philippines,17-04-2005,30,23.7,26.2,0,19.1,34.2,42120.26
Philippines,18-04-2005,28.9,23.8,26.1,0.3,18.8,34.2,42126.12
Philippines,19-04-2005,29,24,26.3,0.1,16.7,33.8,42132.32
Philippines,20-04-2005,29.9,23.8,26.5,0,15.3,28.8,42138.9
Philippines,21-04-2005,29.6,23.7,26.4,0.7,13.1,24.1,42145.88
Philippines,22-04-2005,30.5,24.3,27,0,16.5,32.4,42153.29
Philippines,23-04-2005,28.9,24.6,26.8,0.9,12,24.8,42039.18
Philippines,24-04-2005,31.2,25.1,27.7,0,14.8,28.4,42168.89
Philippines,25-04-2005,31.3,24.6,27.6,0.1,14.5,26.3,42177.05
Philippines,26-04-2005,29.1,24.9,27,0,7.9,17.3,42185.46
Philippines,27-04-2005,29.4,24.7,27.2,1.2,8,20.9,42194.12
Philippines,28-04-2005,30,25.4,27.5,1.3,7.2,16.2,42203.05
Philippines,29-04-2005,30.3,24.5,27.4,1.1,10.5,20.9,42212.23
Philippines,30-04-2005,30.1,25.1,27.2,0,8.5,19.4,42221.67
Philippines,01-05-2005,30.2,24.6,27.6,0.7,10.9,20.2,42231.38
Philippines,02-05-2005,30.2,25.9,27.8,2,10.8,22.7,40990.8
Philippines,03-05-2005,30.9,25.8,27.9,0,13.5,25.2,42251.61
Philippines,04-05-2005,30.6,25.4,27.8,0,10.7,21.2,42336.5
Philippines,05-05-2005,30.2,25.7,27.7,0,8.6,20.2,42286.34
Philippines,06-05-2005,29.4,25.7,27.5,0,10.9,19.4,42356.82
Philippines,07-05-2005,30.2,25.7,27.7,0,7.2,15.8,42304.29
Philippines,08-05-2005,29.8,25.8,27.5,0.3,8.7,18,42442.2
Philippines,09-05-2005,29.9,25.7,27.5,0.6,12.3,22.3,42323.4
Philippines,10-05-2005,29.4,25.1,27.2,0.2,11.9,24.5,42466.62
Philippines,11-05-2005,29.6,25.6,27.2,4.7,11.8,21.2,41001.73
Philippines,12-05-2005,28.7,25.5,27,3.5,8.6,22,40449.65
Philippines,13-05-2005,29.4,25.3,27.2,0.9,10.9,21.6,42369.88
Philippines,14-05-2005,29.5,24.9,27.2,0.2,14.7,25.9,42383.64
Philippines,15-05-2005,29.6,26.3,27.8,0,10.4,22.3,40654.87
Philippines,16-05-2005,30.3,25.1,27.8,0,6.1,16.9,42547.08
Philippines,17-05-2005,31.3,25.2,28.2,0,9.3,20.5,42707.14
Philippines,18-05-2005,29.9,26,27.4,7.5,12,27.4,37875.76
Philippines,19-05-2005,29.8,25.1,27,5.6,8.7,23.8,40730.99
Philippines,20-05-2005,28.5,25.2,26.7,3.3,13.3,24.8,42443.19
Philippines,21-05-2005,29,24.6,26.7,4.5,7.6,20.9,39600
Philippines,22-05-2005,28.5,25.1,26.8,6.4,12.6,24.1,33723.38
Philippines,23-05-2005,27.6,24.6,26.1,6.6,10.2,21.6,24679.87
Philippines,24-05-2005,28.9,24.9,26.9,2.6,7.5,19.8,40731.02
Philippines,25-05-2005,29.1,25.1,27.3,1.7,10.4,19.8,40585.9
Philippines,26-05-2005,28.9,24.7,26.8,2.1,7.7,18,42705.1
Philippines,27-05-2005,28.6,25,26.6,4.8,13,27.7,40292.82
Philippines,28-05-2005,29.2,24.7,27,1.4,9.8,19.8,42471.73
Philippines,29-05-2005,28.3,24.1,26.3,2.2,11.1,21.6,39304.07
Philippines,30-05-2005,28.3,24.8,26.6,0.8,10.1,20.2,41758.28
Philippines,31-05-2005,28.4,25.2,26.6,3.1,10.4,25.6,36000
Philippines,01-06-2005,27.7,25.1,26.4,3.7,12.6,28.1,40395.41
Philippines,02-06-2005,29,25.1,26.9,5.6,11.2,26.6,39022.2
Philippines,03-06-2005,28.8,24.9,26.8,0.5,12.3,24.1,42836.27
Philippines,04-06-2005,28.9,25.5,27.1,10.9,13.7,25.9,36970.16
Philippines,05-06-2005,28.4,25,26.6,8.7,13.9,29.2,40125.45
Philippines,06-06-2005,28,25.3,26.5,11.5,20.4,41,39382.64
Philippines,07-06-2005,27.2,24.8,26.3,13,22.7,41.8,38054.63
Philippines,08-06-2005,27.8,25.1,26.4,11.2,21.1,42.5,41925.33
Philippines,09-06-2005,28.2,26,27,6.7,16.3,32,42865.97
Philippines,10-06-2005,29,25.3,27.2,0.7,16.2,31.3,37815.75
Philippines,11-06-2005,29.2,26.4,27.7,0.5,15.3,29.2,34561.73
Philippines,12-06-2005,29.6,26.9,28,0.4,15.1,30.6,40963.92
Philippines,13-06-2005,29,26,27.2,1.5,14.9,26.6,42872.69
Philippines,14-06-2005,28.6,24.8,26.7,3.6,15.3,27.4,42888.84
Philippines,15-06-2005,29,24.7,27,1.5,17.4,31.3,42904.56
Philippines,16-06-2005,28.7,25.1,27,0.3,11.1,22.7,42615.72
Philippines,17-06-2005,27.8,25,26.1,6.4,8.7,19.8,36921.29
Philippines,18-06-2005,28.4,25.1,26.6,2.6,7.4,20.5,43088.65
Philippines,19-06-2005,29,25.5,27,2.7,12.9,22.7,43031.98
Philippines,20-06-2005,28.8,25,26.9,5.1,13.1,27,43114.94
Philippines,21-06-2005,28.4,24.9,26.6,6.4,14.3,27.4,43058.05
Philippines,22-06-2005,28.8,24.8,26.8,3.3,12.9,23,43070.44
Philippines,23-06-2005,28.9,25,26.8,1.7,11.6,20.2,43009.21
Philippines,24-06-2005,28.3,24.3,26.2,5.5,5.9,18.4,38503.76
Philippines,25-06-2005,28.6,24.2,26.2,9.3,7,18,29917.32
Philippines,26-06-2005,27,24.1,25.6,17.1,12.1,23.4,35952.86
Philippines,27-06-2005,28.2,24,25.8,11,14.4,29.2,32554.54
Philippines,28-06-2005,28.3,24.3,26.3,3,16.6,28.1,39898.98
Philippines,29-06-2005,27.6,24.4,25.8,3.3,9.4,18.7,29085.32
Philippines,30-06-2005,27.7,23.7,25.3,8.5,9.7,26.3,25454.04
Philippines,01-07-2005,28.1,23.9,25.6,8.2,10.6,28.8,36254.86
Philippines,02-07-2005,27.5,24.3,25.7,6.1,8.2,21.2,40415.34
Philippines,03-07-2005,27.6,24.2,25.8,7.4,6.4,23,43103.99
Philippines,04-07-2005,27.3,24,25.3,12.8,11.7,21.2,32400
Philippines,05-07-2005,25.3,23.7,24.3,51.4,17.9,39.2,244.71
Philippines,06-07-2005,26.7,24.4,25.6,2.4,20.3,38.2,18388.04
Philippines,07-07-2005,27.8,25.2,26.5,3.3,13.4,24.1,39587.01
Philippines,08-07-2005,28.6,24.3,26.3,4.8,10.2,23.4,43127.01
Philippines,09-07-2005,28.1,24.2,25.6,13.3,14,29.9,38469.17
Philippines,10-07-2005,28,24,26,2.6,13.9,29.5,43129.52
Philippines,11-07-2005,28.9,26,27.2,0.8,7.1,16.9,43129.16
Philippines,12-07-2005,29.1,24.7,26.6,6,10.7,24.5,43128.01
Philippines,13-07-2005,27.7,24.6,25.7,10.9,9.5,19.4,37978.32
Philippines,14-07-2005,28.8,25.4,26.7,0.9,9.9,20.9,43123.56
Philippines,15-07-2005,29.1,25.2,26.8,4,10.8,21.2,43120.22
Philippines,16-07-2005,28.5,24.8,26.2,5.6,12.6,26.6,32959.58
Philippines,17-07-2005,28.2,25.2,26.6,4.8,21.4,40.3,39712.29
Philippines,18-07-2005,28,25.8,26.6,7.6,23.6,44.3,40258.06
Philippines,19-07-2005,28.3,25.7,26.9,0.8,18.4,36,43099.27
Philippines,20-07-2005,28.5,25.8,26.8,4.9,15.8,32.8,42616.28
Philippines,21-07-2005,28.1,24.6,26.4,13.7,18.4,35.3,38303.82
Philippines,22-07-2005,28.2,24.5,26,13.6,13.2,25.6,35264.81
Philippines,23-07-2005,28,24.9,26.1,6.3,9.8,21.6,38287.64
Philippines,24-07-2005,27.9,24.5,25.9,2.3,8.4,18,30118.46
Philippines,25-07-2005,27.1,24.7,25.8,5.6,12.7,24.5,34467.14
Philippines,26-07-2005,26.3,24.7,25.5,14.6,12.6,22.7,3392.43
Philippines,27-07-2005,26.5,24.5,25.7,7.1,23.7,42.5,31438.08
Philippines,28-07-2005,26.9,25.2,26.2,1.7,22.3,47.9,19284.6
Philippines,29-07-2005,28.3,25,26.6,1.3,18.3,34.6,38623.43
Philippines,30-07-2005,28.6,24.1,26.3,1.7,9.7,21.6,41554.3
Philippines,31-07-2005,28.1,24.5,26.3,2.3,13.5,27,42957.32
Philippines,01-08-2005,28.2,24.1,25.9,6.6,14.8,31.7,42305.16
Philippines,02-08-2005,28.4,25.4,26.5,2.6,19.6,36,29868.09
Philippines,03-08-2005,28.1,25.4,26.6,0.7,22.2,41.8,35031.93
Philippines,04-08-2005,27.8,25.5,26.4,10,21.9,48.2,38695.45
Philippines,05-08-2005,27.6,25.5,26.2,8.9,21.7,42.8,38700.54
Philippines,06-08-2005,27.8,24.8,26.1,13.6,18.9,39.2,35164.52
Philippines,07-08-2005,26.5,24.4,25.6,13.9,18.8,36.4,30848.74
Philippines,08-08-2005,26.9,24.9,25.9,11.7,19.7,34.2,24827.65
Philippines,09-08-2005,27.8,25.4,26.4,1.9,13.5,33.1,32627.07
Philippines,10-08-2005,27.4,24.1,25.7,12.7,11.7,29.2,28336.06
Philippines,11-08-2005,25.4,24.3,25,25.8,31.6,55.8,0
Philippines,12-08-2005,27,25,25.9,6.3,34.8,63,25118.35
Philippines,13-08-2005,28.1,25.4,26.6,1.7,16.6,37.1,42657.58
Philippines,14-08-2005,27.7,24.5,25.9,4.4,8.6,19.8,37356.36
Philippines,15-08-2005,27.7,23.8,25.8,2.3,7.2,17.6,38020.64
Philippines,16-08-2005,27.4,24,25.8,7.7,10.6,22,36267
Philippines,17-08-2005,28,24.9,26.4,2.2,12.9,21.6,42540.81
Philippines,18-08-2005,28.6,25.2,26.6,0.5,7.2,14.4,42510.29
Philippines,19-08-2005,28.9,25,26.6,2.3,6.2,14,40818.96
Philippines,20-08-2005,28.2,23.9,26.3,0.5,5.6,14.8,41019.23
Philippines,21-08-2005,28.6,24.9,26.8,1.4,7.7,16.6,42415.4
Philippines,22-08-2005,29.2,24.7,26.6,1.7,6.4,18.7,40823.38
Philippines,23-08-2005,28.8,24.7,26.5,4.6,8.2,21.2,41371.9
Philippines,24-08-2005,27.9,24.4,25.9,3.1,8.2,18.7,39600
Philippines,25-08-2005,27.3,23.5,25.2,17.4,5.5,18,28867.41
Philippines,26-08-2005,25.4,23.6,24.5,42.2,10.2,19.4,7529.51
Philippines,27-08-2005,26.5,23.8,24.9,15.9,15.9,26.6,32028.39
Philippines,28-08-2005,27.1,24.1,25.4,16.5,12.6,27.4,38882.13
Philippines,29-08-2005,27.8,24.1,25.7,6.7,12.3,25.2,37977.82
Philippines,30-08-2005,28.1,25.2,26.2,7.6,17.3,32.4,42004.72
Philippines,31-08-2005,27.6,24.8,26.1,4.2,18.8,38.2,39386.41
Philippines,01-09-2005,27.9,25.2,26.2,7.2,14.3,28.8,40832.47
Philippines,02-09-2005,27.6,24.4,25.9,4.9,10.8,27.7,41086.81
Philippines,03-09-2005,27.6,24.7,25.7,15.1,11.4,29.5,37978.29
Philippines,04-09-2005,27.5,24.7,25.7,13,12.4,25.6,30415.59
Philippines,05-09-2005,28.1,24.4,25.9,11.8,11.4,23,37058.84
Philippines,06-09-2005,27.8,24.4,25.8,18.4,8.9,17.6,36852.17
Philippines,07-09-2005,28.2,24,25.9,4.3,6.6,21.6,41071.21
Philippines,08-09-2005,28.3,24.1,26.1,3.6,7.1,18.4,39600
Philippines,09-09-2005,28.3,24.1,26,4.5,8,17.6,40943.24
Philippines,10-09-2005,27.6,24.3,25.9,4.8,21.9,39.2,39888.32
Philippines,11-09-2005,26.9,24.6,25.8,1.6,18.4,39.2,39883.6
Philippines,12-09-2005,27.9,24.2,25.8,5.6,13.8,28.4,40468.31
Philippines,13-09-2005,26,23.5,25,9,12.1,23.4,12005.64
Philippines,14-09-2005,25.5,23.9,24.6,28,12.3,23,3314.13
Philippines,15-09-2005,25.6,23.7,24.6,31.6,22.6,33.5,5200.64
Philippines,16-09-2005,25.6,23.9,24.4,55.4,25.2,44.3,0
Philippines,17-09-2005,28.1,24.7,25.9,5.9,9.9,25.2,35681.12
Philippines,18-09-2005,27,23.7,25.4,13.4,13.4,26.3,35355.66
Philippines,19-09-2005,25.6,23.7,24.4,19.2,22.5,40,9420.38
Philippines,20-09-2005,25.7,23.9,24.6,21,21,35.3,8137.4
Philippines,21-09-2005,27.3,25.1,25.9,0,21.7,40.3,23188.35
Philippines,22-09-2005,27.8,25.3,26.1,0.9,18.7,45.7,39600
Philippines,23-09-2005,27,25.1,25.9,3.5,22.9,43.6,33446.91
Philippines,24-09-2005,27.6,24.7,25.5,6.5,16.6,34.6,28178.77
Philippines,25-09-2005,28.3,24.6,26.2,2.3,7.7,17.6,39762.73
Philippines,26-09-2005,28.6,24.1,26,5.1,13.5,27.4,39061.91
Philippines,27-09-2005,27.8,24.2,25.8,4.6,17,33.1,39923.99
Philippines,28-09-2005,28.3,24.3,25.8,5.2,17.4,31,39687.7
Philippines,29-09-2005,27.9,24.4,26,1.2,13.2,24.8,39781.91
Philippines,30-09-2005,27.9,24.8,26.3,3.8,7.5,19.4,39600
Philippines,01-10-2005,28.6,24.2,26.4,0.9,11.2,22.3,39600
Philippines,02-10-2005,27.4,24.7,25.9,4.1,8.8,23,39600
Philippines,03-10-2005,27.6,24.1,26,2.2,9,17.6,39600
Philippines,04-10-2005,26.8,24.5,25.4,10,10.1,19.4,26492.55
Philippines,05-10-2005,27.5,24.3,25.5,10.1,8,20.9,34029.55
Philippines,06-10-2005,26.8,23.8,25.1,11.7,8.8,20.5,29694.26
Philippines,07-10-2005,26.5,23.5,25,10.3,6.2,19.1,20282.92
Philippines,08-10-2005,26.8,23.7,24.9,7.4,9.8,19.4,33991
Philippines,09-10-2005,26.7,23.9,25.4,12,10.3,21.2,32811.01
Philippines,10-10-2005,27.8,24.3,26.2,2.8,10.1,19.1,35978.25
Philippines,11-10-2005,27.3,24.5,25.7,19,9.5,20.5,32967.73
Philippines,12-10-2005,26.4,24.3,25.1,21.3,11.8,22,11799.2
Philippines,13-10-2005,27.7,24.9,25.9,12.5,8.7,22.7,39556.75
Philippines,14-10-2005,28.4,24.3,26.2,2.1,10.3,20.2,39548.48
Philippines,15-10-2005,28.5,24.3,26.3,0.6,8.6,17.6,39539.59
Philippines,16-10-2005,28,24.4,25.9,2.8,12.5,23.4,39530.05
Philippines,17-10-2005,27.5,24.3,25.6,1.8,14.3,28.4,39519.83
Philippines,18-10-2005,26.9,24.6,25.4,2,19.9,34.6,39261.74
Philippines,19-10-2005,27.6,24.4,25.5,2.3,15.9,29.9,37956.63
Philippines,20-10-2005,27.8,24.1,25.5,4.2,14.5,25.6,39484.83
Philippines,21-10-2005,28.2,24.2,25.5,5.1,13.4,25.9,37333.58
Philippines,22-10-2005,26.8,24.3,25.4,4.1,19.6,36,39458.61
Philippines,23-10-2005,26.3,24.5,25.3,6.3,19.1,33.8,39444.71
Philippines,24-10-2005,28,23.8,25.8,0.5,13.2,25.6,39430.29
Philippines,25-10-2005,27.6,24.6,25.9,0.4,18.1,32.8,39415.32
Philippines,26-10-2005,28.3,24.5,25.7,6.3,18.7,38.9,32200.52
Philippines,27-10-2005,26.2,24.2,24.8,19.9,17.2,35.6,11239.26
Philippines,28-10-2005,26.8,24,25.1,9,13.3,28.8,18613.47
Philippines,29-10-2005,26.1,23.9,25.1,5.1,11,21.2,24487.82
Philippines,30-10-2005,27.8,23.6,25.6,6.5,11.4,24.5,39332.02
Philippines,31-10-2005,27.4,23.7,25.6,2.4,11,27,39313.61
Philippines,01-11-2005,27.6,24.6,25.7,3.8,15.8,31.7,38998.52
Philippines,02-11-2005,27.5,24.8,25.9,1.3,20.7,37.8,39275.03
Philippines,03-11-2005,27.4,24.8,25.6,9.7,16.6,34.2,27710.29
Philippines,04-11-2005,28.4,24.9,26.3,0.4,17.1,34.6,39234.02
Philippines,05-11-2005,28.2,24.8,26,3,16.1,30.2,39211.65
Philippines,06-11-2005,28.4,24.7,26.2,0.8,13.4,27.4,39171.55
Philippines,07-11-2005,28.2,24.2,26,1.6,10.5,20.9,38100.78
Philippines,08-11-2005,28.4,24.9,26.2,0.3,13.8,28.1,39093.41
Philippines,09-11-2005,28.4,24.7,26.1,0.6,19.9,35.6,39055.07
Philippines,10-11-2005,25.5,24.5,25,31.9,17.7,46.8,0
Philippines,11-11-2005,27.3,24.7,26.1,2.6,7.8,23.8,37042.4
Philippines,12-11-2005,28.1,24.3,25.9,4.7,7.6,20.9,37470.3
Philippines,13-11-2005,28.4,24.2,26.1,1.3,14.6,28.1,38904.48
Philippines,14-11-2005,27.9,24.5,25.5,1.6,16.6,31.3,32227.6
Philippines,15-11-2005,26.3,24,25.1,4.8,17.6,34.9,32064.4
Philippines,16-11-2005,26.9,24.2,25.3,1.4,19.2,35.3,13258.74
Philippines,17-11-2005,26.7,23.9,25.2,1.7,27.9,50.4,34735.16
Philippines,18-11-2005,24.6,23.2,24.2,7.4,30.7,62.3,1039.83
Philippines,19-11-2005,23.7,22.8,23.2,74.5,28.9,70.2,8466.54
Philippines,20-11-2005,27.2,22.6,25.1,0.5,6.9,19.4,34850.45
Philippines,21-11-2005,27.8,23.4,25.5,1,9,20.5,38626.19
Philippines,22-11-2005,27.5,24.5,25.8,1.2,13.2,29.2,38594.52
Philippines,23-11-2005,27,24.7,25.6,1.3,16.3,31.3,38563.72
Philippines,24-11-2005,27.3,24.4,25.4,2,16,29.5,37469.89
Philippines,25-11-2005,27.2,24.1,25.4,1,20.7,33.8,38504.93
Philippines,26-11-2005,26.9,24.2,25.1,7.2,15.7,34.2,35023.99
Philippines,27-11-2005,26.3,24.1,24.9,14.1,15.1,29.9,33025.22
Philippines,28-11-2005,27,23.9,25,9.7,13.6,26.6,27240.86
Philippines,29-11-2005,27.4,23.7,25.2,2.8,12.3,24.1,38400.13
Philippines,30-11-2005,26.7,23.6,25.1,2.3,13.6,26.6,37499.21
Philippines,01-12-2005,28.3,24.2,26,0.9,14.2,27.4,38353.39
Philippines,02-12-2005,26.7,24.4,25.2,9.9,15.6,33.1,27634.49
Philippines,03-12-2005,26.8,24.2,24.9,5,11.7,27,24914.54
Philippines,04-12-2005,26.9,23.3,24.9,8.3,10.2,23,23257.78
Philippines,05-12-2005,26.9,23.5,24.8,9.6,15,26.6,36087.17
Philippines,06-12-2005,25.7,23.4,24.4,15.8,22.4,40.7,28322.29
Philippines,07-12-2005,25.2,23.2,24,30.2,22.3,41.8,23281.39
Philippines,08-12-2005,24.7,23.4,23.9,35.8,22.5,45.7,458.57
Philippines,09-12-2005,26.6,23.2,24.7,7.1,14.5,29.2,16883.05
Philippines,10-12-2005,26.3,23.8,24.7,6.5,14.6,32,33667.92
Philippines,11-12-2005,25.8,23.9,24.8,0,13.6,24.8,15115.46
Philippines,12-12-2005,27.5,23.8,25.4,0.8,19.5,34.2,38077.95
Philippines,13-12-2005,25.9,23.6,24.4,3.2,23.1,46.1,37459.19
Philippines,14-12-2005,26,23.7,24.6,7.1,25.9,47.5,37454.7
Philippines,15-12-2005,25.6,23.5,24.2,11.3,26.5,49.7,30439.79
Philippines,16-12-2005,25.2,23.5,24,35.4,30.5,58,21568.07
Philippines,17-12-2005,24.3,23.4,23.8,58.5,26.5,52.6,0
Philippines,18-12-2005,23.7,22.5,23.1,16.3,38.5,68.4,710.51
Philippines,19-12-2005,25.3,22.5,23.8,13.1,28.4,52.6,22754.69
Philippines,20-12-2005,26.3,23.4,24.5,2.9,19.8,38.2,34512.8
Philippines,21-12-2005,25.8,23.7,24.4,4.4,20.7,40,36000
Philippines,22-12-2005,24.9,22.4,23.7,1.3,29.6,51.8,36950.09
Philippines,23-12-2005,23.6,21.9,22.6,0,30.4,58.3,34271.77
Philippines,24-12-2005,24.2,21.9,23,0.1,23.7,41.8,33571.79
Philippines,25-12-2005,25.7,22.2,23.6,0,23.7,46.1,26134.47
Philippines,26-12-2005,23.2,22.4,22.8,104.6,22.6,43.9,128.39
Philippines,27-12-2005,26.2,22.8,24,36.3,23.4,43.2,28148.97
Philippines,28-12-2005,25.9,23,24.2,4.7,11.5,28.1,31796.01
Philippines,29-12-2005,26.4,23.3,24.5,3.8,13.1,29.9,36176.73
Philippines,30-12-2005,26,23.4,24.4,1.7,15.3,28.4,36920.87
Philippines,31-12-2005,25.1,23.3,24,4.1,13,28.8,9551.68
Philippines,01-01-2006,25.9,23.3,24.4,4,13.1,27.4,33744.57
Philippines,02-01-2006,25.9,23.1,24.2,0.3,16.7,32,36907.6
Philippines,03-01-2006,25.8,22.9,24.1,1.2,21.9,39.2,37005
Philippines,04-01-2006,25.8,23.1,24.2,1.9,19.6,36.4,36494.88
Philippines,05-01-2006,26,23.1,24.3,4.7,21.7,38.5,36694.24
Philippines,06-01-2006,25.8,22.9,24.1,0,25.5,47.5,37032.68
Philippines,07-01-2006,25.8,22.4,23.7,0,25.6,46.4,36590.66
Philippines,08-01-2006,25.2,22,23.3,1.9,24,45,36001.78
Philippines,09-01-2006,25.2,22.6,23.5,1.9,18.1,38.2,36587.22
Philippines,10-01-2006,25.5,22.7,23.7,0.6,21.8,43.9,36450.52
Philippines,11-01-2006,26.1,22.4,23.8,0,20,36,36967.63
Philippines,12-01-2006,26.7,22.2,24.2,1.1,16.4,33.1,37000.2
Philippines,13-01-2006,26.9,23.2,24.7,3.4,13.5,32.4,36983.42
Philippines,14-01-2006,27.4,23.2,25,0.1,16.6,30.2,36696.12
Philippines,15-01-2006,27.1,23.3,24.8,1.1,16,35.3,37056.71
Philippines,16-01-2006,27.2,23.5,24.9,0.7,19.6,37.8,37051.95
Philippines,17-01-2006,27,23.4,24.8,0.4,19.1,38.9,36108.65
Philippines,18-01-2006,27,23.4,24.8,0.4,20.3,41.4,36573.25
Philippines,19-01-2006,27.1,23.3,24.7,1.5,11,22.3,36772.12
Philippines,20-01-2006,27.5,22.5,24.7,0,11.2,20.9,34342.19
Philippines,21-01-2006,26.9,22.9,24.5,0,13.1,23,36774.85
Philippines,22-01-2006,25.4,22.8,23.8,0.4,17.3,31.3,5607.98
Philippines,23-01-2006,23.8,23.1,23.3,26.5,20.1,47.5,0
Philippines,24-01-2006,25.3,23.1,24.2,32.2,24.9,46.1,3981.24
Philippines,25-01-2006,26.9,23.8,25.1,4,15.3,33.5,36793.01
Philippines,26-01-2006,26.5,23.2,24.4,8.9,12.5,27,30535.25
Philippines,27-01-2006,26.9,23.1,24.5,1.2,10.8,23.4,36822.88
Philippines,28-01-2006,27,22.6,24.5,4,7.6,21.6,36900.38
Philippines,29-01-2006,26.3,23.1,24.6,0.7,8.4,22.3,37362.21
Philippines,30-01-2006,26.9,23.3,24.8,0,16.3,33.1,37795.05
Philippines,31-01-2006,26.6,23.2,24.8,1.2,14.6,31.7,37426.59
Philippines,01-02-2006,27.1,23.4,24.8,1,19.6,33.8,37081.66
Philippines,02-02-2006,27.2,23.5,24.8,0.7,20.7,36,37285.61
Philippines,03-02-2006,26.3,23.2,24.3,4.2,24,43.9,37095.06
Philippines,04-02-2006,25.8,22.9,24,0.6,29.8,54.4,38246.46
Philippines,05-02-2006,24.1,22.2,23.1,6.8,28.5,51.5,35763.01
Philippines,06-02-2006,25.3,22.7,24,17.5,20.2,40.3,36793.82
Philippines,07-02-2006,26.7,23,24.5,0.5,18.2,38.5,38066.55
Philippines,08-02-2006,25.8,23.5,24.3,0.1,27.1,52.2,37659.07
Philippines,09-02-2006,23.4,22.3,22.9,5.4,31.9,58,6655.15
Philippines,10-02-2006,25.1,22.1,23.4,0.5,31.7,56.2,36966.38
Philippines,11-02-2006,25.9,22.7,23.8,0,23.4,43.6,25521.5
Philippines,12-02-2006,25.5,23.1,23.9,0.7,23.5,43.2,24260.13
Philippines,13-02-2006,25.1,22.6,23.6,13.6,22.9,41.4,9464.29
Philippines,14-02-2006,27.2,22.8,24.4,3.9,16.5,34.2,36898.79
Philippines,15-02-2006,27,23.2,24.8,0.1,14.5,31.3,38315.55
Philippines,16-02-2006,27.7,23.2,25.1,0.3,14.5,29.5,39455.62
Philippines,17-02-2006,27.2,23.2,24.6,1.2,22.7,42.1,38781.95
Philippines,18-02-2006,27.4,23.1,24.8,1.4,20.6,38.5,38710.65
Philippines,19-02-2006,28.1,23.2,25.1,1.3,18,31.7,39400.4
Philippines,20-02-2006,27.8,23.5,25,0.7,21.4,39.2,38257.08
Philippines,21-02-2006,27.8,23.3,25.2,0.2,19.9,38.2,38720.07
Philippines,22-02-2006,27.7,23.8,25.3,0.5,18.8,35.3,38747.45
Philippines,23-02-2006,27.4,23.7,25.2,0.3,21.9,39.2,39960.27
Philippines,24-02-2006,27.8,23.1,25,0.8,22.4,41.4,40006.24
Philippines,25-02-2006,27.2,23.2,25,0.4,20.3,39.2,39718.69
Philippines,26-02-2006,27.2,23,24.8,0.9,9.7,21.2,39628.27
Philippines,27-02-2006,27.3,23.1,25,0,17.6,31,40145.03
Philippines,28-02-2006,27.6,22.9,24.9,0.7,11.7,23.4,39571.65
Philippines,01-03-2006,27.9,23,25.1,1.2,10.6,19.8,39979.57
Philippines,02-03-2006,26.6,22.8,24.5,0.7,18.5,33.1,40284.32
Philippines,03-03-2006,26.6,22.6,24.1,0.8,16.7,30.6,40219.14
Philippines,04-03-2006,26,22.8,24.1,1.2,17.1,36,40195.98
Philippines,05-03-2006,26.3,23,24.1,13.8,17.8,32.8,27621.4
Philippines,06-03-2006,26.4,23.4,24.7,3,16.8,33.1,38363.83
Philippines,07-03-2006,27.8,23.8,25.4,0.9,20.9,37.1,40514.82
Philippines,08-03-2006,27.5,23.8,25.3,1,17.4,36.4,40356.33
Philippines,09-03-2006,27.9,23.9,25.5,0.3,15.4,27.4,35017.55
Philippines,10-03-2006,25.6,23.7,24.4,10.2,11.9,23,15131.89
Philippines,11-03-2006,26.3,23.1,24.4,8.7,9.1,24.1,28377.63
Philippines,12-03-2006,27.3,22.7,24.9,3.2,9.2,19.4,40348.05
Philippines,13-03-2006,27.7,23.5,25.2,3.5,7.2,27,39658.66
Philippines,14-03-2006,28.1,23.5,25.5,1.4,19,34.2,40834.44
Philippines,15-03-2006,28.1,23.8,25.6,0,19.1,37.8,40880.45
Philippines,16-03-2006,27.9,23.2,25.4,0.3,15.8,29.5,40030.91
Philippines,17-03-2006,28.8,23.7,25.9,0,19.2,34.6,40972.49
Philippines,18-03-2006,28.6,23.9,25.9,0,17.2,32.8,41018.44
Philippines,19-03-2006,29,23.7,25.9,0,19.9,35.6,41064.3
Philippines,20-03-2006,27.6,23.9,25.5,0.5,22.7,40.7,41110.05
Philippines,21-03-2006,28.5,23.8,25.8,0,13.6,28.8,41155.64
Philippines,22-03-2006,28.6,23.2,25.9,0,12.4,24.1,41201.07
Philippines,23-03-2006,28.6,23.9,26,0,11.8,23.8,40316.15
Philippines,24-03-2006,29.6,23.2,26.2,0,12.4,25.9,41291.26
Philippines,25-03-2006,29.5,24.5,26.7,0,17.6,31.7,41335.98
Philippines,26-03-2006,28.3,24.5,26.2,1.4,6.9,16.9,40821.63
Philippines,27-03-2006,28.4,23.9,26.2,0.8,6,15.1,41424.5
Philippines,28-03-2006,28.6,23.8,26.5,0.6,7.3,22,41468.2
Philippines,29-03-2006,28.8,24.9,26.2,1.4,17.1,32.4,41511.54
Philippines,30-03-2006,27.2,24.1,25.3,20,12,23,38158.57
Philippines,31-03-2006,26.5,23.6,24.7,12.1,13.4,28.8,35990.98
Philippines,01-04-2006,27.8,23.9,25.5,0.4,14.2,26.6,41641.59
Philippines,02-04-2006,28.1,24.4,26,0.8,12.8,26.3,41684.88
Philippines,03-04-2006,27.8,24.2,25.7,0,17.1,31.3,39979.64
Philippines,04-04-2006,28.2,24.1,25.8,0.5,13,27,40536.03
Philippines,05-04-2006,28.6,24.4,26.2,1.4,9.4,22,41814.14
Philippines,06-04-2006,29.5,24,26.6,0,12.9,24.5,41856.94
Philippines,07-04-2006,29.1,25,26.5,1.2,13.1,25.9,41692.22
Philippines,08-04-2006,27.7,24.8,25.8,1.8,18.1,33.1,41213.61
Philippines,09-04-2006,27.6,24.1,25.7,2,18.2,31.7,41984.07
Philippines,10-04-2006,28.5,24.4,26.3,0.1,9.6,23,42025.93
Philippines,11-04-2006,28.9,25.1,26.8,0.2,9,19.1,42067.48
Philippines,12-04-2006,29.1,24.9,26.8,0,8.8,18.7,42092.05
Philippines,13-04-2006,29.9,24.8,27.1,0,12,22.3,42096.86
Philippines,14-04-2006,28.6,25.1,26.4,1.2,16.9,32,42101.97
Philippines,15-04-2006,29.1,24.4,26.5,0.4,16.2,33.5,42107.45
Philippines,16-04-2006,29.4,24,26.4,0,13.2,25.6,42113.31
Philippines,17-04-2006,29.5,24.1,26.3,0,16.7,31.7,42119.58
Philippines,18-04-2006,30.1,24.6,26.8,0,17.8,33.8,42126.04
Philippines,19-04-2006,29.5,24.7,26.8,0.8,13,27.7,42132.65
Philippines,20-04-2006,28.8,24.8,26.5,0.5,12.5,28.4,42139.43
Philippines,21-04-2006,28.6,24.5,26.4,0,15,29.2,42146.39
Philippines,22-04-2006,28.9,24.8,26.7,0,10.1,22,42153.54
Philippines,23-04-2006,30.1,24.7,27.1,0,11.3,22.3,42160.9
Philippines,24-04-2006,29.7,24.9,27.2,0,14.8,27.4,42168.47
Philippines,25-04-2006,30.4,25,27.4,0,15.6,28.8,42176.27
Philippines,26-04-2006,30.1,24.7,27.1,0.5,11.7,24.1,42184.31
Philippines,27-04-2006,28.3,25.1,26.3,4.9,8.7,24.5,40569.06
Philippines,28-04-2006,29.2,25,26.9,0.3,8.9,19.8,42201.16
Philippines,29-04-2006,29.8,25.3,27.2,0,7.8,16.9,42209.99
Philippines,30-04-2006,30.3,23.8,27.3,0.2,9.2,19.1,42294.91
Philippines,01-05-2006,28.5,25.2,26.7,6.9,10.9,28.1,41934.97
Philippines,02-05-2006,29.3,25.2,26.9,0.8,7.2,18.4,41688.09
Philippines,03-05-2006,30.1,24.9,27.1,0.1,12.7,24.8,42266.41
Philippines,04-05-2006,29.2,25,26.8,0.4,13.5,26.6,42235.19
Philippines,05-05-2006,29.6,25.3,27.1,0.3,13.1,31.3,42283.23
Philippines,06-05-2006,29.5,25.4,27.1,1.2,8.9,22.7,41282.36
Philippines,07-05-2006,30.4,25.5,27.8,0,14.6,26.6,42364.07
Philippines,08-05-2006,29.5,25.9,27.6,1.1,16.3,29.9,42375.05
Philippines,09-05-2006,29.9,25.4,27.4,0.4,15.5,29.5,42386.4
Philippines,10-05-2006,30.8,25.5,27.7,0.1,17.4,32.4,42331.96
Philippines,11-05-2006,27.3,24.8,25.8,17.1,25.2,65.5,18927.09
Philippines,12-05-2006,25.7,24.3,24.9,71.6,39.3,84.2,5621.81
Philippines,13-05-2006,26.6,24.3,25.3,28.7,35.2,63.4,1702.35
Philippines,14-05-2006,26.8,24.9,25.7,10.6,19.1,36.4,5942.82
Philippines,15-05-2006,27.9,24.5,26.1,3.3,17.4,36,30936.95
Philippines,16-05-2006,28,24.6,26.2,3.3,14.7,31,38412.24
Philippines,17-05-2006,26.6,23.9,25.2,6.7,13.6,27,1109.56
Philippines,18-05-2006,27.7,24.4,26.1,1.6,13.5,26.3,31271.52
Philippines,19-05-2006,28.3,25.4,26.6,1.2,7.6,17.3,42591.71
Philippines,20-05-2006,28.8,24.8,26.5,0.9,10,23,42472.82
Philippines,21-05-2006,27.3,24.8,26,6.9,10.8,24.8,35574
Philippines,22-05-2006,28,24.6,26.1,2.6,11.8,25.6,34052.35
Philippines,23-05-2006,27.5,24.1,25.7,6.3,7.9,24.5,37186.93
Philippines,24-05-2006,27.4,23.9,25.7,6.1,8.4,23.8,41638.37
Philippines,25-05-2006,27.8,23.7,25.8,4.9,6,24.5,42550.8
Philippines,26-05-2006,28.4,24.6,26.3,2.7,9,22.3,42566.44
Philippines,27-05-2006,28.5,24.7,26.6,0.5,8.6,16.2,42792.37
Philippines,28-05-2006,28.4,24,26.2,2.6,7.2,18.4,42731.45
Philippines,29-05-2006,27.7,24.9,26.4,0.9,14.2,25.9,42543.65
Philippines,30-05-2006,27.9,24.8,26.1,5.9,7.3,22,39498.25
Philippines,31-05-2006,28,24.3,26.3,1.9,5.2,24.8,42648.51
Philippines,01-06-2006,28.3,24.6,26.5,1,6.5,23,43032.11
Philippines,02-06-2006,28.1,24.6,26.3,3,7.3,18,40570.79
Philippines,03-06-2006,28.4,24.1,25.9,13.8,9.6,22,39600
Philippines,04-06-2006,28,24.2,26,4.1,16.2,32,41960.61
Philippines,05-06-2006,28.7,24.3,26.7,1.3,16.1,31.7,42736.46
Philippines,06-06-2006,28.5,26,27.2,0,15.4,28.4,43043.02
Philippines,07-06-2006,28.8,25.9,27.2,0.1,15.7,28.8,42984
Philippines,08-06-2006,28.4,25.3,26.9,0.4,17.4,31.3,42849.32
Philippines,09-06-2006,28.8,26.1,27.3,0,17.3,31.7,43018.57
Philippines,10-06-2006,28.7,26,27.3,0.7,12.8,26.6,42884.74
Philippines,11-06-2006,28.3,25.6,26.8,1.4,10.9,28.8,42976.88
Philippines,12-06-2006,28.8,24.7,26.4,3.7,9.1,21.2,42451.02
Philippines,13-06-2006,27.6,24.2,25.6,8,8,18.4,34688.21
Philippines,14-06-2006,28.3,23.9,26.1,5.5,12.3,23.8,41473.86
Philippines,15-06-2006,28.5,24.4,26.4,3.8,13,23.8,42899.94
Philippines,16-06-2006,27.4,24.7,26,5.1,9.4,22.7,41012.9
Philippines,17-06-2006,28.2,24.4,26.1,4.7,10.2,22.7,43067.11
Philippines,18-06-2006,28.5,24.4,25.9,6.3,9.1,25.2,37662.8
Philippines,19-06-2006,28.5,24.8,26.3,2.2,11.9,24.1,36770.71
Philippines,20-06-2006,28.8,25.1,26.7,4.8,10.5,21.6,41077.8
Philippines,21-06-2006,28.1,24.6,26,8.5,11.1,24.5,37721.78
Philippines,22-06-2006,28.4,24.3,26.3,4.7,9,24.5,34968.4
Philippines,23-06-2006,28.5,24.6,26.3,4.1,9.7,22.3,40231.46
Philippines,24-06-2006,28.9,24.3,26.2,3.3,12.8,27,39830.2
Philippines,25-06-2006,26.1,24.4,25.4,15.7,13.4,30.6,3865.57
Philippines,26-06-2006,26.6,24.3,25.1,36.7,15.4,31.3,15505.95
Philippines,27-06-2006,25.6,24,24.8,20.5,12.2,26.3,24147.96
Philippines,28-06-2006,26.3,24.5,25.5,10.4,13.8,25.9,39269.41
Philippines,29-06-2006,27.5,24.6,25.8,4.9,11,25.6,40989.79
Philippines,30-06-2006,27.4,23.9,25.2,13.9,9,26.6,34581.88
Philippines,01-07-2006,26.9,24.3,25.5,4.2,12.7,24.1,39967.51
Philippines,02-07-2006,27.9,24.2,25.9,6.8,12.9,24.1,42384.32
Philippines,03-07-2006,28.9,24.2,26.4,8.3,4.8,19.1,38423.99
Philippines,04-07-2006,28.7,25,26.8,3.3,11.8,23,43111.89
Philippines,05-07-2006,29,25.8,27,3.9,15.2,30.6,37775.66
Philippines,06-07-2006,28.8,26,27.2,0.3,20,47.9,34003.32
Philippines,07-07-2006,28.2,26,26.8,2.2,19.3,52.6,32481.92
Philippines,08-07-2006,27.9,25.8,26.6,16.6,17.1,45,36964.91
Philippines,09-07-2006,28,25.5,26.6,3.1,18.4,45.4,29230.49
Philippines,10-07-2006,26.6,24.7,25.7,10.8,17.2,36,12923.9
Philippines,11-07-2006,27.6,25.4,26.2,5.1,20.2,50.4,18559.39
Philippines,12-07-2006,26.9,25.5,26.2,2.9,22.2,56.9,0
Philippines,13-07-2006,27.5,25.6,26.5,1.7,28.8,61.2,31002.66
Philippines,14-07-2006,27.8,25.3,26.5,2.7,27.6,54,40028.5
Philippines,15-07-2006,28,25,26.6,4.9,18.3,36,36247.51
Philippines,16-07-2006,28.1,24.9,26.3,11.3,9.9,19.8,39395.71
Philippines,17-07-2006,27.8,24.2,25.7,5.2,9.9,23,37523.27
Philippines,18-07-2006,25.7,23.8,24.5,27.9,12.8,24.1,9974.17
Philippines,19-07-2006,26.8,24,25.2,11.3,9.1,20.5,9019.71
Philippines,20-07-2006,26.6,24.4,25.2,16.7,11,22.3,24202.53
Philippines,21-07-2006,27.4,24.6,26,12.5,16.4,29.5,37434.41
Philippines,22-07-2006,27,25.2,25.9,1.9,16.3,31,25717.19
Philippines,23-07-2006,26.7,25.1,25.7,7.1,24.8,50,0
Philippines,24-07-2006,27,24.9,25.9,4,28.2,54,23224.68
Philippines,25-07-2006,26.8,24.9,25.8,5.3,26,48.2,36030.29
Philippines,26-07-2006,27.8,24.7,25.9,5.9,17.7,35.6,33720.03
Philippines,27-07-2006,27.2,23.9,25.5,5.2,13.6,27.4,28295.55
Philippines,28-07-2006,26.8,23.8,25.2,10.1,5.9,19.4,30559.18
Philippines,29-07-2006,27,24,25,24.2,12.6,28.1,24561.23
Philippines,30-07-2006,24.4,23.6,24,62.3,16,30.2,2942.4
Philippines,31-07-2006,26.4,24,25.1,104.2,21.9,55.1,165.62
Philippines,01-08-2006,26.2,24.3,25.2,11,23.8,48.2,17752.96
Philippines,02-08-2006,27.7,24.8,26.1,3.7,17.3,32,38698.14
Philippines,03-08-2006,27.9,24.8,26.3,4.4,12.8,24.8,40347.65
Philippines,04-08-2006,27.3,24.5,25.9,8,13.6,28.8,42418.97
Philippines,05-08-2006,27.4,24.6,25.7,6.3,10.3,24.5,41693.44
Philippines,06-08-2006,28.1,24.7,25.9,6.6,14.1,29.9,37604.32
Philippines,07-08-2006,27.7,24.2,25.7,5.5,15.2,32.8,41556.44
Philippines,08-08-2006,27.2,24.1,25.5,7,17.9,36,42795.13
Philippines,09-08-2006,26.7,24.5,25.5,13.1,16,31.7,41097.34
Philippines,10-08-2006,26.7,24.6,25.5,11.5,14.2,28.8,37922.54
Philippines,11-08-2006,26.5,24.4,25.4,13.8,17.2,29.5,21167.16
Philippines,12-08-2006,25.8,24,25,28.1,20.6,34.2,444.14
Philippines,13-08-2006,26.6,24.9,25.5,23.1,19.5,44.3,15989.07
Philippines,14-08-2006,26.5,24.6,25.3,18.4,20.7,39.6,24246.9
Philippines,15-08-2006,26.6,24.4,25.5,5.3,15,34.6,16330.18
Philippines,16-08-2006,28.1,25.1,26.3,0.8,15,33.8,42582.76
Philippines,17-08-2006,28.2,25.3,26.5,0.9,17.6,34.9,42159.28
Philippines,18-08-2006,28.2,25.2,26.4,8.3,17.9,34.6,40388.6
Philippines,19-08-2006,28.4,24.7,26.5,0.3,16.5,33.5,42489.91
Philippines,20-08-2006,28.2,25,26.4,2.1,16.3,45,37619.57
Philippines,21-08-2006,27.8,24.7,26,3.9,19.2,50.8,30918.02
Philippines,22-08-2006,27.4,24.7,25.8,9.7,14.8,40.7,37636.42
Philippines,23-08-2006,27.6,24.8,26.1,11.2,13.8,32.4,37224.07
Philippines,24-08-2006,28.6,24.7,26.4,2.2,10.5,24.8,38528.99
Philippines,25-08-2006,27.6,24.4,25.9,13.7,12.6,25.9,30755.68
Philippines,26-08-2006,24.9,23.5,24.2,26.1,13.3,31.7,0
Philippines,27-08-2006,26.6,23.6,24.9,10,7.9,20.5,31279.38
Philippines,28-08-2006,27.6,24.3,25.8,3.1,11.5,24.5,42154.93
Philippines,29-08-2006,28.7,24.4,26.2,0.9,11,22.7,42134.3
Philippines,30-08-2006,27.9,24.1,26.2,0.1,6.6,14.8,40048.68
Philippines,31-08-2006,28.5,24.9,26.4,0.3,11.6,22,42057.91
Philippines,01-09-2006,27.8,24.6,26,2.8,12.4,24.8,42019.4
Philippines,02-09-2006,27.7,24.7,26,4.4,11.4,23.8,41214.93
Philippines,03-09-2006,27.4,24,25.8,1.6,10.8,23.8,40705.66
Philippines,04-09-2006,27.1,24.2,25.7,0.9,10.9,22.3,41584.24
Philippines,05-09-2006,27.1,24.4,25.6,2.1,10.7,24.8,41452.64
Philippines,06-09-2006,26.4,23.9,25.3,7.1,11.8,25.9,41076.3
Philippines,07-09-2006,27.7,24.4,25.9,5.7,7.9,19.1,38356.14
Philippines,08-09-2006,27.5,23.7,25.6,4.1,9.4,19.1,41310.33
Philippines,09-09-2006,27.1,24,25.3,9.4,9.5,21.6,25629.04
Philippines,10-09-2006,27,24,25.3,13.6,11.6,24.5,37268.18
Philippines,11-09-2006,26.9,23.8,25.5,4.3,12.4,27,14369.89
Philippines,12-09-2006,28.2,25.1,26.6,0.9,13.4,25.6,41394.88
Philippines,13-09-2006,28.7,24.2,26.2,5.9,6.7,16.9,36568.77
Philippines,14-09-2006,28.7,24.3,26.6,2.3,12.3,22.7,39569.73
Philippines,15-09-2006,28.3,25.5,26.6,2.7,13.8,29.5,39797.36
Philippines,16-09-2006,28.6,24.8,26.7,0.7,13.9,28.4,39804.88
Philippines,17-09-2006,27.9,25.1,26.3,12.7,12,24.1,38778.78
Philippines,18-09-2006,27.6,24.4,25.8,12.3,9.8,19.8,36783.71
Philippines,19-09-2006,27.7,24.1,25.6,10.1,7.8,20.5,38724.79
Philippines,20-09-2006,27,24.3,25.6,4.6,10.9,21.2,40248.5
Philippines,21-09-2006,27.8,24.5,25.8,10.9,9.1,19.1,39632.25
Philippines,22-09-2006,27.3,24.2,25.4,11.3,7.9,20.5,38361.05
Philippines,23-09-2006,27.4,23.9,25.2,9.4,10.1,22,21261.15
Philippines,24-09-2006,27,23.8,25,22.8,7.1,19.8,27394.03
Philippines,25-09-2006,27,23.5,24.9,16.8,12.7,25.2,37334.26
Philippines,26-09-2006,26.8,23.8,25,11.1,16.7,35.6,29242.47
Philippines,27-09-2006,25.1,23.6,24.4,55.6,27.2,51.8,0
Philippines,28-09-2006,26.5,24,24.9,44.2,33.8,61.6,10499.51
Philippines,29-09-2006,27.3,24.1,25.5,3.5,18.8,33.8,39600
Philippines,30-09-2006,27.4,24.3,25.6,6.3,14,27.4,38605.7
Philippines,01-10-2006,28,24.2,25.8,3.4,15.4,32.8,39353.64
Philippines,02-10-2006,27.5,24.5,25.8,2.7,19.9,36.4,26877.46
Philippines,03-10-2006,26.7,24.5,25.7,6.8,21.1,36.4,0
Philippines,04-10-2006,27.6,25.1,26,3.6,14.2,31,21978.71
Philippines,05-10-2006,28.1,24.5,25.9,4.3,9.5,21.6,32396.61
Philippines,06-10-2006,27.6,24.2,25.8,7.6,10.1,24.1,38105.73
Philippines,07-10-2006,28,24.3,25.6,11.3,12.1,29.2,34386.4
Philippines,08-10-2006,25.6,23.9,24.9,12,13.9,25.9,19281.99
Philippines,09-10-2006,26.9,24.2,25.2,1.2,12.3,22.7,39587.89
Philippines,10-10-2006,26.8,23.8,25.1,2.7,11.5,24.5,39581.59
Philippines,11-10-2006,26.5,23.6,24.8,7.9,14.3,27,34066.93
Philippines,12-10-2006,26,23.5,24.6,9.3,15.9,28.1,19480.01
Philippines,13-10-2006,26.4,23.9,25,14.6,13.5,25.9,18844.44
Philippines,14-10-2006,26.1,23.6,24.7,9.5,10.2,20.5,12791.82
Philippines,15-10-2006,27.5,24,25.5,0.6,13,24.8,39540.32
Philippines,16-10-2006,27.1,23.9,25.3,1.9,12.3,27.7,39530.36
Philippines,17-10-2006,26.7,24.1,25.3,0.6,14.5,30.6,39519.99
Philippines,18-10-2006,27.3,23.6,25.3,0.5,19.5,36.4,39509.18
Philippines,19-10-2006,27.6,24.1,25.5,0.5,16.8,32,39497.91
Philippines,20-10-2006,27.8,24,25.6,0.9,12.7,25.2,39486.17
Philippines,21-10-2006,28.8,23.7,26,0,11.6,21.6,39473.94
Philippines,22-10-2006,28.3,23.8,25.9,0,12.2,22.7,39461.18
Philippines,23-10-2006,27.8,24.2,25.5,2.2,15.8,28.4,39447.9
Philippines,24-10-2006,26.9,23.8,25.1,0.8,17.9,31,39434.06
Philippines,25-10-2006,27.2,24.4,25.2,5.9,17.2,32.4,34380.06
Philippines,26-10-2006,26.4,23.9,24.9,13.9,14.8,28.1,21504.65
Philippines,27-10-2006,26.8,23.6,25,8.9,13,24.5,36963.4
Philippines,28-10-2006,26.9,23.7,25.2,7.1,18.5,33.5,33218.62
Philippines,29-10-2006,25.4,24.1,24.9,16.8,19.9,36.7,0
Philippines,30-10-2006,27.2,24.4,25.9,2.9,21.8,40.3,35788.84
Philippines,31-10-2006,27.7,24.8,26,4,13.3,27.4,39320.38
Philippines,01-11-2006,27.9,24.1,25.8,6.3,5.2,13.7,38439.89
Philippines,02-11-2006,27.1,23.4,25.5,2.8,6.7,17.3,39282.01
Philippines,03-11-2006,27.2,23.6,25.4,3.5,5,17.3,39261.78
Philippines,04-11-2006,27.1,23.2,25.2,0.9,4.9,15.5,39240.8
Philippines,05-11-2006,27.7,23.8,25.9,0,8.1,15.5,39219.07
Philippines,06-11-2006,27.7,24.6,25.7,2.5,10.2,21.2,39184.86
Philippines,07-11-2006,27.4,23.7,25.5,1.7,16.7,34.2,39144.8
Philippines,08-11-2006,27.7,24.2,25.4,1.3,14.5,33.1,39105
Philippines,09-11-2006,28,24.7,26,1.1,20.7,35.6,39065.49
Philippines,10-11-2006,26.8,24.3,25.3,7.9,20.8,40.3,25453.96
Philippines,11-11-2006,26.9,24.6,25.5,6.4,13.5,27.7,30513.67
Philippines,12-11-2006,26.9,24.2,25.4,5.7,10.8,25.2,38938.34
Philippines,13-11-2006,27.6,24.2,25.8,1.4,11.5,27.7,38911.48
Philippines,14-11-2006,27.9,23.9,25.5,4.2,13.1,26.6,38874.21
Philippines,15-11-2006,27.6,24.4,25.7,1.8,16.1,32,38837.55
Philippines,16-11-2006,27.5,24.2,25.6,0.2,15.8,27.7,38801.54
Philippines,17-11-2006,28.2,24.4,26.1,0.3,17.6,33.8,38766.23
Philippines,18-11-2006,28.4,24.7,26.3,0.9,10.8,28.4,38731.69
Philippines,19-11-2006,27.9,24.9,26,1.2,15.3,31,38697.96
Philippines,20-11-2006,28.4,24.6,26.1,0.5,14,25.2,38665.1
Philippines,21-11-2006,28.4,24.6,26.2,0.4,13.9,27.7,38633.17
Philippines,22-11-2006,28,23.7,26,0.3,7.4,15.1,38602.22
Philippines,23-11-2006,28.5,24,25.9,0.9,12.9,26.3,38572.33
Philippines,24-11-2006,28.6,24.6,26.2,0.5,16,29.9,38543.36
Philippines,25-11-2006,28.5,24.8,26.3,0.1,16.4,29.5,38514.98
Philippines,26-11-2006,28.4,24.3,26,0,11.2,24.1,38487.26
Philippines,27-11-2006,28.4,24.5,26,0.7,14.8,28.1,38460.21
Philippines,28-11-2006,27.7,24.3,25.9,0,20,36.4,38433.87
Philippines,29-11-2006,26.9,24.8,25.5,3.1,25.2,52.2,29724.93
Philippines,30-11-2006,25,24.1,24.4,160.6,61.4,128.9,0
Philippines,01-12-2006,27,24.2,25.6,36.7,42.5,108.4,28769.21
Philippines,02-12-2006,28.2,24.2,25.9,2.7,8.8,19.4,38336.44
Philippines,03-12-2006,27.5,23.8,25.1,4.9,10.6,25.2,38314.26
Philippines,04-12-2006,26.9,24.1,25.3,2.1,15,31.3,38293.03
Philippines,05-12-2006,26.9,23.8,25,2.7,15.8,34.2,38272.8
Philippines,06-12-2006,27.2,23.9,25.1,1.5,17.8,33.1,38253.58
Philippines,07-12-2006,27.4,24.1,25.4,2.5,17.4,32,38235.44
Philippines,08-12-2006,28,24.1,25.5,0.9,22.7,42.1,37213.09
Philippines,09-12-2006,25.6,24.1,24.6,39.8,33.6,70.9,8297.27
Philippines,10-12-2006,25.1,24,24.5,45.5,36.2,75.2,0
Philippines,11-12-2006,25.8,23.6,24.7,8.7,20.6,40,36835.91
Philippines,12-12-2006,27.3,24.1,25.2,4.2,12.6,24.5,38089.71
Philippines,13-12-2006,28.2,23.8,25.7,1.3,13.6,25.9,36465.05
Philippines,14-12-2006,27.7,23.8,25.5,0.3,10.1,20.5,38026.43
Philippines,15-12-2006,27.5,23.7,25.4,1.5,15.6,30.6,37994.64
Philippines,16-12-2006,28,23.5,25.5,0.7,15.6,28.8,37690.45
Philippines,17-12-2006,25.6,23.8,24.5,5.9,25,46.4,23737.81
Philippines,18-12-2006,25.1,23.2,24.1,15.8,31.6,56.9,26597.12
Philippines,19-12-2006,25.6,23.6,24.4,10,27.6,50.4,36054.75
Philippines,20-12-2006,26.6,23.8,24.7,9.9,27.4,47.9,24606.07
Philippines,21-12-2006,27,23.6,24.8,5.1,13,24.5,34731.12
Philippines,22-12-2006,24.8,23.3,24.1,45.3,21.6,42.8,10096.56
Philippines,23-12-2006,25.8,23.5,24.4,0.4,18.2,34.2,36265.7
Philippines,24-12-2006,25.8,23.3,24.2,1.1,16.3,28.8,14601.16
Philippines,25-12-2006,26.7,23.1,24.4,0.5,15.8,28.8,37163.8
Philippines,26-12-2006,26.1,23.4,24.5,0.7,20,36.4,37378.49
Philippines,27-12-2006,26.1,23.6,24.5,2.1,21.6,39.6,26853.81
Philippines,28-12-2006,24.5,23,23.8,38.8,22.1,41.4,118.68
Philippines,29-12-2006,23.7,23,23.3,69.2,28.8,54.4,0
Philippines,30-12-2006,25.3,23.5,24.2,5.3,32.7,56.2,29854.31
Philippines,31-12-2006,25.5,23.7,24.4,2.8,28.3,48.2,35058.88
Philippines,01-01-2007,25.9,23.7,24.5,3,24.8,46.8,34171.39
Philippines,02-01-2007,26.9,23.8,24.6,23.7,21.2,34.2,29230.26
Philippines,03-01-2007,27.3,23.3,24.9,0.7,14.3,26.6,35906.95
Philippines,04-01-2007,27.7,23.6,25.2,1.1,15.9,28.8,36799.56
Philippines,05-01-2007,27.1,23.6,25.1,0.3,19.7,34.2,36595.05
Philippines,06-01-2007,26.5,23.5,24.6,2.4,21.9,39.6,36593.33
Philippines,07-01-2007,26.4,23.4,24.4,6.9,26.8,47.5,36069.8
Philippines,08-01-2007,25.6,23.3,24.1,5.8,30.1,53.6,33553.23
Philippines,09-01-2007,25.2,23,23.8,1.3,30.6,58.3,36100.32
Philippines,10-01-2007,24.9,23.2,23.9,3.9,30.8,52.2,20137.11
Philippines,11-01-2007,26.2,23.2,24.3,14.9,22.9,42.5,36142.39
Philippines,12-01-2007,26.4,23.6,24.9,1.4,25.4,43.6,36678.08
Philippines,13-01-2007,26.2,23.7,24.7,4.4,19.9,38.9,36580.78
Philippines,14-01-2007,26.8,23.5,24.8,2.3,24.3,43.6,36390.22
Philippines,15-01-2007,25.9,23.4,24.3,6.9,25.6,47.2,28513.81
Philippines,16-01-2007,26.8,23.1,24.7,1,15.3,33.5,36864.72
Philippines,17-01-2007,27.2,23.3,24.8,1.1,16.9,31,37245.03
Philippines,18-01-2007,27.5,23.1,24.9,0.2,14.2,30.2,37238.39
Philippines,19-01-2007,26.4,23.3,24.4,0.9,18.8,36.4,37144.14
Philippines,20-01-2007,27.7,22.8,24.9,0,16.9,30.2,37152.17
Philippines,21-01-2007,27.6,23.2,25.1,0,11.3,24.5,37343.91
Philippines,22-01-2007,26.6,23.2,24.8,0.6,19.7,35.3,36769.66
Philippines,23-01-2007,27.6,23.8,25.1,1.7,19.7,35.6,37273.63
Philippines,24-01-2007,27.4,23.4,24.9,0,15.1,28.4,37664.76
Philippines,25-01-2007,26.9,22.8,24.4,0,18.6,34.9,37641.91
Philippines,26-01-2007,25.2,22.6,23.7,1.3,18.2,32.8,36863.01
Philippines,27-01-2007,26.4,22.8,24.2,1.2,16.6,29.2,36897.07
Philippines,28-01-2007,26,22.4,23.6,1.3,30.3,56.2,36288.92
Philippines,29-01-2007,23.5,21.5,22.3,1.5,36.1,64.8,36976.45
Philippines,30-01-2007,24.2,21.6,22.6,0,29.3,55.1,37118.77
Philippines,31-01-2007,25.1,21.2,23,0,27,51.1,37448.77
Philippines,01-02-2007,25.1,21.7,22.9,0,29.6,54,37269.84
Philippines,02-02-2007,24.5,21.2,22.7,0.1,31.9,56.5,38295.21
Philippines,03-02-2007,23.8,21.2,22.4,0,30.8,55.1,37294.06
Philippines,04-02-2007,25.3,21.6,23,0,27.6,49,35385.62
Philippines,05-02-2007,24.2,22.4,23.1,10.2,25.8,43.9,16628.64
Philippines,06-02-2007,25.6,22.6,23.7,8.3,26.2,44.6,26415.41
Philippines,07-02-2007,26.5,22.7,24.2,0.9,19.8,34.9,37916.79
Philippines,08-02-2007,26.7,23,24.5,0.1,19.4,37.4,38265.17
Philippines,09-02-2007,26.8,22.6,24.2,0,20.1,36.4,38865.84
Philippines,10-02-2007,27.1,22,23.9,0,17.6,31.7,38344.32
Philippines,11-02-2007,26.6,22.3,24.2,0,17.6,34.6,38615.98
Philippines,12-02-2007,27.1,22.4,24.4,0,16.5,30.2,38917.62
Philippines,13-02-2007,27.8,22.5,24.7,0,14.2,27.7,39371.19
Philippines,14-02-2007,27.6,22.2,24.8,0,10.7,20.5,37977.84
Philippines,15-02-2007,27.7,22.7,24.6,0,17.4,32,39216.32
Philippines,16-02-2007,26.9,22.2,24,0,19.3,34.2,39239.61
Philippines,17-02-2007,26.6,22.6,24.4,0,20.1,34.2,24135.33
Philippines,18-02-2007,28.1,22.8,25.3,2.2,9.5,17.6,38709.75
Philippines,19-02-2007,27,23.2,25,4.1,13,24.8,38555.51
Philippines,20-02-2007,27.7,23.2,25.1,2.1,10,20.5,38119.5
Philippines,21-02-2007,28.3,22.3,25.3,0,12.5,20.9,39672.84
Philippines,22-02-2007,27.8,23.4,25.4,0.5,9.8,19.8,39862.98
Philippines,23-02-2007,28.6,22.4,25.6,0,14,23.4,39951.59
Philippines,24-02-2007,28.5,23.6,25.5,0,17.9,32,39736.55
Philippines,25-02-2007,27.6,22.7,25,0.5,11.2,22,38849.95
Philippines,26-02-2007,27.3,22.4,24.5,0.9,16.4,29.2,39622.92
Philippines,27-02-2007,26,22.7,23.9,0.8,26.5,46.8,38758.91
Philippines,28-02-2007,27,22.4,24.2,0,20.9,38.2,39812.9
Philippines,01-03-2007,27.7,22.6,24.6,0,18.6,32.4,40227.31
Philippines,02-03-2007,28.2,22.9,24.9,0,17.8,32.8,40272.93
Philippines,03-03-2007,27,23.2,24.7,2.9,14.3,27.7,39503.57
Philippines,04-03-2007,28.2,23.3,25.3,0,14.8,29.5,40363.6
Philippines,05-03-2007,28,23.1,25.3,0,11,20.2,40409.14
Philippines,06-03-2007,26.8,23,24.5,1.3,14.5,27,40018.7
Philippines,07-03-2007,25.9,22.7,24,2.3,18.1,33.8,40306.91
Philippines,08-03-2007,26.5,22.6,24.2,1,17.7,36,39712.38
Philippines,09-03-2007,26.2,23.2,24.7,1.3,15.8,31.3,40593.24
Philippines,10-03-2007,28.1,23.5,25.4,0,18.6,33.8,40639.57
Philippines,11-03-2007,28.1,22.5,25,0,19.1,33.8,40685.95
Philippines,12-03-2007,28,22.8,24.9,0,20.5,38.2,40726.37
Philippines,13-03-2007,28.5,22.1,24.9,0,17.5,32.4,40778.74
Philippines,14-03-2007,28.8,22.8,25.3,0,17.5,31.7,39311.62
Philippines,15-03-2007,28.5,23.7,25.5,0.6,11.5,27,40112.38
Philippines,16-03-2007,28.4,23.9,26,0.5,11.6,24.8,40917.48
Philippines,17-03-2007,29.2,23.6,26,0,19.8,35.6,40963.49
Philippines,18-03-2007,28.4,23.5,25.5,0.1,19.7,36.4,41009.33
Philippines,19-03-2007,28.9,23.5,25.8,0,15.4,28.4,41036.91
Philippines,20-03-2007,28.7,23.7,25.9,0.1,16.6,30.2,41100.34
Philippines,21-03-2007,28.1,24.1,25.9,0.6,20.1,36,40224.68
Philippines,22-03-2007,28.3,23.8,25.7,1,18.2,37.4,40902.67
Philippines,23-03-2007,28,23.8,25.5,8.3,21,34.6,40302.99
Philippines,24-03-2007,28.1,23.7,25.3,3.1,9.8,21.2,40853.93
Philippines,25-03-2007,28.3,23.5,25.8,0.1,5.4,15.5,41323.05
Philippines,26-03-2007,29.1,23.4,26.2,0,12.4,24.5,41367.28
Philippines,27-03-2007,28.3,23.6,25.7,0,9,18,41411.52
Philippines,28-03-2007,28.6,23,25.6,0,14.3,26.3,41455.74
Philippines,29-03-2007,28.7,23.4,25.8,0,11.4,25.9,41499.92
Philippines,30-03-2007,29.4,23.9,26.3,0,13.8,26.3,41544.03
Philippines,31-03-2007,29.2,24.4,26.6,0,7.8,16.9,41588.04
Philippines,01-04-2007,29.4,24.6,26.6,0.2,9,16.2,41631.92
Philippines,02-04-2007,29.3,23.2,26.6,0,7.4,16.2,41675.64
Philippines,03-04-2007,29.9,23.2,26.5,0,16.8,29.2,41719.19
Philippines,04-04-2007,27.4,24.2,25.3,1.6,22.5,38.5,41762.51
Philippines,05-04-2007,27.4,23.3,25.3,1.5,23.2,44.3,41805.6
Philippines,06-04-2007,27.9,23.7,25.4,1.1,23.4,42.8,41848.41
Philippines,07-04-2007,28.8,23.8,25.9,1,16.8,31.3,41890.94
Philippines,08-04-2007,28.3,24,25.6,1.4,12.7,24.8,40169.29
Philippines,09-04-2007,28.4,24.1,25.9,0.5,16.3,28.8,41974.98
Philippines,10-04-2007,28.3,24.4,26.3,0.2,11.4,22,42016.44
Philippines,11-04-2007,29.4,24.5,26.7,0,13,22.3,42057.5
Philippines,12-04-2007,30.1,24.7,26.9,0,16.9,31.3,42092.19
Philippines,13-04-2007,30.1,24.8,27.2,0,12.9,24.8,41223.46
Philippines,14-04-2007,30.9,25.1,27.7,0,11.7,23.4,42103.16
Philippines,15-04-2007,29.3,25.4,27.3,0.3,7.9,18.4,42108.74
Philippines,16-04-2007,28.7,25.3,26.8,1.9,7.9,16.2,41561.66
Philippines,17-04-2007,29.8,25.4,27.3,0.8,9.2,23,42120.21
Philippines,18-04-2007,29.4,24.9,27,0,10.6,21.2,42126.14
Philippines,19-04-2007,30.4,24.5,27.3,0,12.9,25.6,41365.23
Philippines,20-04-2007,29.9,25.3,27.3,1.2,14.5,27.4,41078.99
Philippines,21-04-2007,29.7,25.4,27.4,0,16.1,31,42144.96
Philippines,22-04-2007,30.6,25.6,27.7,0.3,15.3,28.8,42151.64
Philippines,23-04-2007,30,25.3,27.5,0.1,9.1,18.4,42158.56
Philippines,24-04-2007,30.1,25.7,27.6,0.1,11.6,23.4,42165.74
Philippines,25-04-2007,30.5,25.5,27.5,0.3,14.2,28.1,42173.2
Philippines,26-04-2007,30.7,25.6,27.7,0.2,22.7,40.3,42180.96
Philippines,27-04-2007,29.5,25.4,27.1,2,16,38.9,42189.04
Philippines,28-04-2007,30.9,25.2,27.7,0,20,35.6,42197.46
Philippines,29-04-2007,30.6,25.3,27.7,0.3,17.7,33.1,42206.24
Philippines,30-04-2007,30.4,25.2,27.5,0,17.2,33.1,42215.4
Philippines,01-05-2007,30.2,24.9,27.5,0.1,12.3,24.1,42247.48
Philippines,02-05-2007,30.4,25.1,27.5,0,16.5,33.1,42310.49
Philippines,03-05-2007,30.6,25.9,27.9,0.1,15.6,29.2,42263.99
Philippines,04-05-2007,29.9,25.2,27.2,0.6,13.1,25.9,42330.75
Philippines,05-05-2007,30.1,25.3,27.6,0,7.7,17.6,42100.85
Philippines,06-05-2007,30,25.5,27.6,4.7,8.4,20.2,42291.14
Philippines,07-05-2007,30.1,24.9,27.1,1.8,9,20.2,41557.01
Philippines,08-05-2007,29.5,24.7,26.6,7.2,9.8,19.8,35321.71
Philippines,09-05-2007,29.5,25,26.9,3.4,8.4,20.5,32898.34
Philippines,10-05-2007,29.5,25.1,26.9,4.3,12.7,25.9,39302.74
Philippines,11-05-2007,28.4,24.9,26.6,2.2,12,22.3,29763.6
Philippines,12-05-2007,30.1,26,27.5,0.5,12.2,24.8,42254.29
Philippines,13-05-2007,29.1,25.7,26.9,1.5,11.1,27.7,42258.95
Philippines,14-05-2007,29.8,25.3,27.4,0,13.2,27.7,42586.43
Philippines,15-05-2007,30.6,25.5,27.8,0,12.7,23.8,42671.74
Philippines,16-05-2007,30.3,26.3,27.9,0,8.5,16.6,42409.49
Philippines,17-05-2007,29.5,25.6,27.5,0.6,9.7,20.2,42486.22
Philippines,18-05-2007,30.5,25.9,28.1,0,6.4,16.6,42645.66
Philippines,19-05-2007,30.4,25.5,28,1.2,6.6,16.2,42587.11
Philippines,20-05-2007,29.7,25.2,27.5,2,10,18.4,42527.43
Philippines,21-05-2007,30.5,26,28,3,10.6,21.2,42691.01
Philippines,22-05-2007,28.3,25.6,27.1,4.2,11.3,27.7,41018.05
Philippines,23-05-2007,28.6,25.7,27.2,2,12.6,24.5,26934.91
Philippines,24-05-2007,27.9,24.9,26.4,13.4,12.1,25.9,32784.49
Philippines,25-05-2007,28,25,26.4,5.9,9.1,24.1,25125.43
Philippines,26-05-2007,28.1,24.8,26.6,8.2,10.4,19.8,38146.45
Philippines,27-05-2007,28.2,24.6,26.4,6.5,8.3,17.3,32545.33
Philippines,28-05-2007,27.5,24.6,25.9,15,7,17.3,17787.24
Philippines,29-05-2007,28.5,24.1,26.1,13.6,8.4,15.5,37568.74
Philippines,30-05-2007,28.7,24,26.2,10.1,7,18.7,40435
Philippines,31-05-2007,27.3,24.4,25.7,8.9,6.9,15.8,24305.62
Philippines,01-06-2007,27.1,23.8,25.9,10.1,13.5,26.3,34791.68
Philippines,02-06-2007,28.9,25.4,27,3.4,12.5,26.6,38895.07
Philippines,03-06-2007,29.3,25,27.3,1.3,8.3,18.7,42049.14
Philippines,04-06-2007,29.5,25.3,27.5,1,7.8,15.8,41681.56
Philippines,05-06-2007,29.4,25.9,27.7,0,9.8,20.5,43100.93
Philippines,06-06-2007,29.7,26,27.9,0.4,7.2,14.4,43117.62
Philippines,07-06-2007,29.8,26.2,27.9,0.2,9.2,16.9,43057.55
Philippines,08-06-2007,29.2,25.3,27.3,0.9,12.6,23.8,42785.09
Philippines,09-06-2007,29.1,25.7,27.5,1.7,10.2,23.8,43089.42
Philippines,10-06-2007,29,25.2,27.4,4.1,7.2,18.7,42816.45
Philippines,11-06-2007,29.4,26,27.3,3.8,9.2,22,43044.12
Philippines,12-06-2007,28.5,24.8,26.5,8.4,12.2,29.5,42846.58
Philippines,13-06-2007,28.7,24.6,26.6,3.7,10.5,26.3,42861.84
Philippines,14-06-2007,29.5,24.5,27.3,0.4,9.8,21.2,42941.89
Philippines,15-06-2007,29.1,25.3,27.1,3,10.9,25.6,38540.87
Philippines,16-06-2007,28.3,25.5,26.8,1.6,9.5,25.9,37714.35
Philippines,17-06-2007,29.2,25.7,27.3,0.4,14.1,29.2,42923.13
Philippines,18-06-2007,29.7,26,27.4,0.3,13,28.8,42242.27
Philippines,19-06-2007,29.1,24.6,26.6,7.6,12.7,24.8,38102.26
Philippines,20-06-2007,29.1,25,26.5,4.5,9.2,21.2,38543.25
Philippines,21-06-2007,27.6,24.8,25.8,19.9,7.9,21.2,25648.29
Philippines,22-06-2007,27.6,24.4,25.4,32.7,11.9,28.8,16847.65
Philippines,23-06-2007,27.5,25.1,25.8,15.9,8.4,22.7,10185.55
Philippines,24-06-2007,28.5,24.8,26.5,4.8,8.3,19.8,26159.72
Philippines,25-06-2007,27.6,24.1,25.8,13.2,7.1,18,27625.41
Philippines,26-06-2007,27.6,24.6,25.9,7,7.4,22,38434.21
Philippines,27-06-2007,27.3,24.4,25.7,10.4,7.6,20.9,28614.17
Philippines,28-06-2007,28.5,24.4,26,4.4,8.2,20.5,36909.44
Philippines,29-06-2007,28.9,23.9,26.2,1.3,11.6,26.3,41631.57
Philippines,30-06-2007,27.5,24.5,25.8,9.9,8.6,24.5,29634.54
Philippines,01-07-2007,27.6,24.3,25.7,7.8,9.1,24.1,30438.31
Philippines,02-07-2007,28.1,24.3,26,9,10.7,19.8,40796.04
Philippines,03-07-2007,28.8,24.8,26.8,2.2,8.6,18.4,43100.6
Philippines,04-07-2007,28.9,25.1,26.9,5.3,7.4,18,43128.57
Philippines,05-07-2007,28.3,24.7,26.2,8.3,6.5,21.2,30140.72
Philippines,06-07-2007,27.1,23.9,25.4,12.9,10.6,21.6,19592.16
Philippines,07-07-2007,26.7,23.9,25.1,14.3,11.5,24.1,15509.39
Philippines,08-07-2007,27.2,23.9,25.6,3.7,17.1,32.4,29432.28
Philippines,09-07-2007,28.2,25.9,26.8,1.3,23.3,41,43125.32
Philippines,10-07-2007,28.5,24.8,26.4,11.1,15.9,30.2,38786.18
Philippines,11-07-2007,27.9,24.9,26.1,8.8,17.1,38.5,27899.64
Philippines,12-07-2007,26.9,25.6,26.1,7.9,28.4,53.3,25036.88
Philippines,13-07-2007,26.9,24.7,25.8,12.1,34.4,66.6,37580.62
Philippines,14-07-2007,27.3,24.8,26.3,7.8,31.7,51.8,43127.47
Philippines,15-07-2007,28.4,25.4,27,1.1,18.9,36.7,43125.46
Philippines,16-07-2007,28.3,25.1,26.8,1.4,12,26.3,43122.54
Philippines,17-07-2007,27.2,24.7,25.6,4.5,9.2,20.2,42639.2
Philippines,18-07-2007,28.2,23.7,26.1,1.5,10.1,20.9,40955.94
Philippines,19-07-2007,28.8,25.3,26.9,0,9.7,21.6,42271.87
Philippines,20-07-2007,29,25.6,27.1,3,7.2,18.4,43101.1
Philippines,21-07-2007,28.8,25.8,27.1,0.6,7.6,16.9,43093.14
Philippines,22-07-2007,29.2,26,27.3,1.3,8,19.8,43084.22
Philippines,23-07-2007,28.7,24.7,26.5,2.9,8.4,20.9,40964.12
Philippines,24-07-2007,29.6,25.6,27,1.9,8.8,20.9,43063.67
Philippines,25-07-2007,29.1,25.8,27.1,1.1,10.5,26.3,43052.05
Philippines,26-07-2007,28.5,25,26.2,4.2,13,23.8,35395.06
Philippines,27-07-2007,27.1,23.9,25.5,14.4,7.6,22,33155.02
Philippines,28-07-2007,28.2,24,26.2,2.2,9.9,20.2,43012.02
Philippines,29-07-2007,28,24.2,26.1,11.9,8.1,21.2,41252.41
Philippines,30-07-2007,28.4,23.9,26,6.7,6.3,16.6,42981.11
Philippines,31-07-2007,28.1,23.9,25.9,6.4,7.6,20.5,38313.95
Philippines,01-08-2007,28,25,26.1,5.5,10.9,19.8,42946.94
Philippines,02-08-2007,27.5,24.2,25.8,4.4,15.7,31,42928.66
Philippines,03-08-2007,27.3,24.1,25.4,10,14.8,30.2,34474.36
Philippines,04-08-2007,27.2,24.2,25.2,15.1,13.4,27.7,31583.09
Philippines,05-08-2007,27.7,24.5,26.1,6,9.5,23,32619.89
Philippines,06-08-2007,27.2,24.8,25.7,45.1,13,38.9,1665.88
Philippines,07-08-2007,27,24.5,25.8,28.5,17.7,45.4,0
Philippines,08-08-2007,27.1,25.7,26.2,7.2,31.1,56.2,0
Philippines,09-08-2007,27.8,24.5,26.3,6.5,31.9,59,28596.68
Philippines,10-08-2007,28,25.2,26.7,2.5,25.8,54.4,33968.31
Philippines,11-08-2007,28.6,26.1,27.2,0,24.3,43.9,42729.83
Philippines,12-08-2007,28.6,26,27.1,0,20.8,41,42703.52
Philippines,13-08-2007,28.2,25.8,26.8,0.6,21.3,42.1,41820.51
Philippines,14-08-2007,28.6,25.5,26.8,1.4,14.6,31.7,41961.31
Philippines,15-08-2007,27,24.9,25.8,15.4,17.4,39.2,9507.13
Philippines,16-08-2007,26.8,24.9,25.8,12.6,19.1,44.6,0
Philippines,17-08-2007,27,25.2,25.7,13.1,23.2,45.4,18486.09
Philippines,18-08-2007,27.8,25.2,26.3,1.5,22.3,42.1,40836.2
Philippines,19-08-2007,27.8,25.3,26.3,3.8,19.8,39.6,33812.98
Philippines,20-08-2007,28,25.1,26.3,2.3,12,27.4,36222.77
Philippines,21-08-2007,27.9,24.9,26.2,3.8,9.7,20.9,42428.46
Philippines,22-08-2007,28.5,23.8,26,7.7,9,20.2,40960.85
Philippines,23-08-2007,27.9,24.3,25.7,8,6.9,20.9,42360.09
Philippines,24-08-2007,27.8,24.7,25.8,5.9,5.9,19.8,39999.3
Philippines,25-08-2007,27.1,24.1,25.5,6.7,7.9,21.6,38899.16
Philippines,26-08-2007,26.2,24,25,12.2,11.7,22,36218.44
Philippines,27-08-2007,25.1,23.8,24.4,19.2,10.1,26.3,3342.87
Philippines,28-08-2007,27.6,23.8,25.8,4.5,13.2,26.3,34691.35
Philippines,29-08-2007,26.5,23.7,25.1,13.3,7.2,17.3,19516.21
Philippines,30-08-2007,27.6,23.6,25.3,26.6,8.4,18.7,37482.88
Philippines,31-08-2007,27.6,24,25.7,3.3,10.8,25.6,36795.71
Philippines,01-09-2007,28.1,23.6,25.9,1.1,12.7,30.6,30686.53
Philippines,02-09-2007,28.4,25.3,26.6,1.4,12.1,28.8,41994.11
Philippines,03-09-2007,29.2,24.9,27.1,0,9.4,19.1,41954.36
Philippines,04-09-2007,29.6,25.2,27.5,0.3,8.7,18.7,41837.61
Philippines,05-09-2007,28.5,25.3,26.7,4.2,6.9,18.7,40504.87
Philippines,06-09-2007,28.6,25.2,26.8,4.7,9.3,23,40953.56
Philippines,07-09-2007,28.8,25.1,26.7,3.2,8.7,19.8,40584.16
Philippines,08-09-2007,29.1,25,26.9,6.5,7.7,17.6,37864.11
Philippines,09-09-2007,28.5,24.8,26.1,10.1,6.8,19.4,40824.97
Philippines,10-09-2007,27.9,24.5,26.1,6.5,7.2,18,39620.91
Philippines,11-09-2007,27.7,24.1,25.6,10.2,7.4,18.7,29032.06
Philippines,12-09-2007,26.8,23.9,25.1,16.7,7.2,15.8,17325.91
Philippines,13-09-2007,26.3,24,25.2,13.1,12.3,22.3,34459.26
Philippines,14-09-2007,27.5,24.5,25.9,9.1,14.1,29.2,35181.76
Philippines,15-09-2007,27.4,24.5,25.9,9.5,15.8,29.2,36237.39
Philippines,16-09-2007,27.4,24.4,25.5,11.4,16.2,35.3,34338.64
Philippines,17-09-2007,27.5,24.7,25.8,9,16.5,39.2,34533.98
Philippines,18-09-2007,27.5,24.8,25.8,11.3,18.3,39.2,32207.28
Philippines,19-09-2007,26,24.8,25.2,18.9,20.6,42.5,8074.15
Philippines,20-09-2007,26.5,24,25.3,9.3,15.3,32,23567.7
Philippines,21-09-2007,26.4,24.4,25.4,5.8,27.4,55.8,26995.13
Philippines,22-09-2007,27.1,24.7,25.6,11.4,21.9,47.2,27188.34
Philippines,23-09-2007,26.5,24.6,25.3,5,24.9,51.5,34615.23
Philippines,24-09-2007,27.4,24.8,25.9,2.1,25.9,47.9,37713.59
Philippines,25-09-2007,27.3,24.7,26,5.6,7.8,18.4,27350.82
Philippines,26-09-2007,27.1,23.8,25.2,12.1,12.6,22.3,26325.92
Philippines,27-09-2007,27.9,23.5,25.4,5.8,7.6,19.4,32511.48
Philippines,28-09-2007,27,24.2,25.2,11.9,9.7,23,21446.63
Philippines,29-09-2007,26.2,23.8,25,65.1,22.1,45.4,7951.87
Philippines,30-09-2007,26.7,24.4,25.4,9.5,28.4,54.7,35990.21
Philippines,01-10-2007,26.9,24.8,25.9,3.9,22.6,51.8,20575.16
Philippines,02-10-2007,28.1,23.8,25.9,3.9,17.1,39.2,31216.85
Philippines,03-10-2007,26.8,23.8,25.2,7.2,22.3,42.1,33959.16
Philippines,04-10-2007,27,24.4,25.7,1.3,25.6,46.4,28951.65
Philippines,05-10-2007,27.2,25.2,25.9,3.8,27.1,50,23009.48
Philippines,06-10-2007,26.7,25.3,26,5,22.3,45.7,35788.69
Philippines,07-10-2007,27.4,25,26.1,5.2,21.2,40,39653.06
Philippines,08-10-2007,27.9,24.3,26.2,4.4,6.5,16.9,39595.14
Philippines,09-10-2007,27.4,23.5,25.1,7.6,10.3,21.6,36675.2
Philippines,10-10-2007,27.6,23,25.3,3.6,10.7,20.9,39581.46
Philippines,11-10-2007,28.5,24.1,25.9,2.6,10.7,24.1,37441.79
Philippines,12-10-2007,26.5,23.8,25.2,7.2,12.4,25.2,21267.14
Philippines,13-10-2007,27.2,24.6,25.7,1.6,14.1,28.8,39558.41
Philippines,14-10-2007,28.2,24.3,25.7,2.3,16.3,30.2,39550.03
Philippines,15-10-2007,26.9,24.3,25.3,1.6,19.6,34.2,39541.27
Philippines,16-10-2007,28.5,24.1,25.8,2.7,20.8,38.2,39532.08
Philippines,17-10-2007,27,24.3,25.4,5.6,21.7,40,39522.44
Philippines,18-10-2007,26.4,24.1,25.1,5.6,23,41.8,38039.7
Philippines,19-10-2007,26.9,24.3,25.2,4,18.1,33.5,36096.74
Philippines,20-10-2007,26,24.3,25,11.2,17.4,31.7,23875.17
Philippines,21-10-2007,28,24.2,25.7,2.1,18.4,35.3,38663.88
Philippines,22-10-2007,27.2,24,25.3,2.7,24.5,40,38719.12
Philippines,23-10-2007,27.1,24.3,25.2,7.6,16.8,31.7,22650.23
Philippines,24-10-2007,27,24.4,25.3,9.9,16.8,45,37104.23
Philippines,25-10-2007,27.3,24.2,25.4,4,12.1,25.2,37274.55
Philippines,26-10-2007,27.5,24.3,25.5,13.4,16.2,33.5,26870.67
Philippines,27-10-2007,26.2,23.9,24.9,10.7,24.5,46.8,6024.57
Philippines,28-10-2007,25.7,23.3,24.3,83.7,26.1,51.1,1169.97
Philippines,29-10-2007,27.5,24.2,25.7,1.1,13.5,34.2,37273.77
Philippines,30-10-2007,28.1,23.6,25.6,1.7,15.5,28.4,39344.02
Philippines,31-10-2007,26.5,24.7,25.4,2.8,22.4,40.7,34320.33
Philippines,01-11-2007,27.5,24.4,25.6,2.3,17.6,31.7,39306.27
Philippines,02-11-2007,27.7,24.1,25.4,3.9,17.9,31.7,39286.39
Philippines,03-11-2007,26,23.8,24.7,7.4,22.5,39.6,10230.94
Philippines,04-11-2007,25.6,24.3,24.9,6,19.1,37.8,1435.53
Philippines,05-11-2007,26.5,24.6,25.6,2,19.7,39.2,39171.98
Philippines,06-11-2007,26.7,24.4,25.6,0.4,12,26.3,39193.77
Philippines,07-11-2007,26.8,23.3,25.1,3.4,9.2,18.4,36760.52
Philippines,08-11-2007,27.1,23.5,25.2,4.8,8,18.4,38988.78
Philippines,09-11-2007,27.2,23.8,25.3,0.9,7.4,20.2,38286.68
Philippines,10-11-2007,27.2,24.3,25.4,1.4,16.2,29.2,39033.16
Philippines,11-11-2007,28.3,24.5,25.9,0,19.2,34.6,38994.25
Philippines,12-11-2007,27.5,24.1,25,5.4,21.8,42.5,34912.17
Philippines,13-11-2007,26.1,23.8,24.7,5.7,27.9,54,36801.75
Philippines,14-11-2007,25,23.4,23.9,62.8,23.8,54.4,7688.71
Philippines,15-11-2007,26,23.9,24.7,16.7,20.6,47.2,8654.45
Philippines,16-11-2007,27.9,23.6,25.6,3.5,20.6,36.7,37591.11
Philippines,17-11-2007,27.9,24,25.4,2.6,20.6,35.6,35553.11
Philippines,18-11-2007,26.4,23.6,24.9,4.7,26.3,47.5,34328.83
Philippines,19-11-2007,24.7,24,24.4,12.7,26.6,55.1,1897.43
Philippines,20-11-2007,24.5,23.9,24.2,18.6,26.9,51.8,0
Philippines,21-11-2007,25.7,23.8,24.5,10.4,17.5,38.9,20475.27
Philippines,22-11-2007,26.2,23.9,24.6,12.1,25,45.4,33482.12
Philippines,23-11-2007,24.7,23.6,24.1,17.7,36.4,65.5,0
Philippines,24-11-2007,25.3,23.6,24.5,17.8,28.6,63.4,0
Philippines,25-11-2007,25.6,24.4,25,55,30.3,57.6,408.67
Philippines,26-11-2007,27,24.3,25.5,1,26.1,49.3,38342.64
Philippines,27-11-2007,26.2,23.8,24.9,33.4,24.5,43.9,33578.85
Philippines,28-11-2007,26.5,23.6,24.7,34.7,15.5,37.1,32761.88
Philippines,29-11-2007,24.7,22.4,23.3,4.1,21.9,41,36840.43
Philippines,30-11-2007,24.5,22.7,23.3,0.1,28.1,52.6,37909.82
Philippines,01-12-2007,25.1,22.8,23.7,1.9,29.1,50.8,37974.48
Philippines,02-12-2007,25.9,23.3,24.2,1.9,25.1,44.6,38339.38
Philippines,03-12-2007,26.6,23.3,24.5,0.6,20.1,33.1,35225.75
Philippines,04-12-2007,26.8,23.5,24.7,2.8,26.3,45,37275.59
Philippines,05-12-2007,25.7,23,24.2,7.9,24.9,47.9,31314.77
Philippines,06-12-2007,26,23,24.2,10.2,22.5,40.3,33514.73
Philippines,07-12-2007,26.1,23,24.1,0.9,17.8,34.2,33445.6
Philippines,08-12-2007,25.7,23.2,24.2,3.5,26.6,44.3,37722.78
Philippines,09-12-2007,26.5,23.3,24.5,0.9,21.9,37.1,36444.45
Philippines,10-12-2007,26.6,23.4,24.7,4.2,17.3,29.9,32113.99
Philippines,11-12-2007,28.1,23.5,25.3,0.4,18.5,33.8,38137.29
Philippines,12-12-2007,27.6,23.6,25.1,0.6,14.8,27.7,38103.64
Philippines,13-12-2007,27.8,23.3,25.1,0,10.8,20.5,38069.82
Philippines,14-12-2007,27.5,23.1,24.8,0,17.2,31.3,38035.91
Philippines,15-12-2007,27.4,23.1,24.8,0.8,22.7,41,36410.39
Philippines,16-12-2007,26.4,24.1,24.9,5.5,25.2,47.2,37205.09
Philippines,17-12-2007,26.6,23.8,24.8,4.8,26.9,49.7,37442.83
Philippines,18-12-2007,26,23.4,24.4,2.5,24.2,41.8,36601.21
Philippines,19-12-2007,26.2,23.5,24.5,1.8,17.9,32.8,36957.65
Philippines,20-12-2007,26.7,23.5,24.7,0.4,23.8,41,37836.46
Philippines,21-12-2007,27,23.4,24.9,0.9,19.3,34.6,36721.34
Philippines,22-12-2007,27.6,23.6,25.2,0.2,15.4,27,37410.09
Philippines,23-12-2007,27.6,23.5,25,0.3,16.4,32,37402.79
Philippines,24-12-2007,26.9,23.5,24.8,1.5,15.6,27,33103.7
Philippines,25-12-2007,26.4,23.7,24.8,1.7,20.7,37.8,35292.02
Philippines,26-12-2007,26.2,23.9,24.7,8.2,18.3,34.2,17799.34
Philippines,27-12-2007,26.8,23.5,24.8,5.1,11.3,29.9,34816.04
Philippines,28-12-2007,27,23.5,24.9,4.6,11.3,21.2,35989.87
Philippines,29-12-2007,26.2,23.6,24.6,5.4,15.1,24.1,18534.14
Philippines,30-12-2007,26.3,23.7,24.6,4.3,15.1,26.6,25289.76
Philippines,31-12-2007,26.2,23.5,24.5,13,26.7,50,36075.3
Philippines,01-01-2008,23.6,22.7,23.2,23.4,26.9,49.3,291.26
Philippines,02-01-2008,24,22.5,23.1,7.8,33.8,64.1,25280.26
Philippines,03-01-2008,24.2,22.1,23.1,0.1,30.8,57.2,32807.72
Philippines,04-01-2008,25.4,22.4,23.6,0,22.4,43.9,36813.06
Philippines,05-01-2008,26,22.1,23.7,0,17.1,32.4,37376.94
Philippines,06-01-2008,26.3,21.9,24,0.3,15.5,27,37093.6
Philippines,07-01-2008,26.5,23.3,24.6,0.2,20.6,38.2,33921.95
Philippines,08-01-2008,26.4,23.2,24.6,0.1,18.7,37.8,36196.66
Philippines,09-01-2008,26.4,23.1,24.4,0,21.4,38.2,37041.68
Philippines,10-01-2008,26.4,23.2,24.5,0.5,19.2,34.2,36064.77
Philippines,11-01-2008,26.7,23.1,24.4,3.2,19,34.6,33212.03
Philippines,12-01-2008,25.3,22.4,23.7,39.3,16.6,39.2,6200.71
Philippines,13-01-2008,25.4,22.9,23.9,5.6,13.4,36,32611.23
Philippines,14-01-2008,27.4,23.1,24.7,0.4,15.5,31,36696.8
Philippines,15-01-2008,27.3,23.2,24.8,1,16.6,30.6,37150.27
Philippines,16-01-2008,26.6,23.4,24.6,1.7,21.7,39.6,36592.8
Philippines,17-01-2008,25.6,23.2,24.1,2.7,21.2,38.2,34104.4
Philippines,18-01-2008,25,23.1,23.6,7.6,19.9,33.8,29531.08
Philippines,19-01-2008,24.9,23,23.6,6.5,20.2,41.8,16178.37
Philippines,20-01-2008,24.7,23.2,23.8,2.9,20.7,42.5,3668.69
Philippines,21-01-2008,25.4,22.5,23.5,19.9,11.7,29.2,8462.39
Philippines,22-01-2008,26.7,23.2,24.5,10.5,13.4,34.9,26195.92
Philippines,23-01-2008,27.9,23.2,25.1,1,19.2,31.7,37640.27
Philippines,24-01-2008,26.8,23.5,24.8,0.2,20.2,39.2,37444.65
Philippines,25-01-2008,27,23.1,24.7,1.3,23.8,42.1,37660.57
Philippines,26-01-2008,27.2,23.1,24.7,1,16.3,32.8,37748.05
Philippines,27-01-2008,26.5,22.9,24.7,0.4,17.4,37.1,37382.68
Philippines,28-01-2008,26.1,23,24.5,0.6,15.9,34.2,37584.18
Philippines,29-01-2008,27.8,22.2,24.4,0,16.5,30.2,38479.14
Philippines,30-01-2008,27.8,23.1,25.1,0,17.4,32,37750.07
Philippines,31-01-2008,27.6,23.7,25.3,0.9,21,37.4,37861.32
Philippines,01-02-2008,27,23.6,24.9,0.7,21.8,38.9,37896.05
Philippines,02-02-2008,27.1,23.2,24.9,0,14.2,26.3,38137.48
Philippines,03-02-2008,27.3,23.1,24.8,1.4,15.3,28.1,37413.59
Philippines,04-02-2008,26.9,23.1,24.6,1.2,17.6,33.5,38547.38
Philippines,05-02-2008,27,23.2,24.7,1,9.9,25.9,38102.56
Philippines,06-02-2008,27.2,23.1,24.8,0.3,10.5,19.8,38010.11
Philippines,07-02-2008,26.2,22.9,24.1,0.8,14.9,31.7,38013.21
Philippines,08-02-2008,26.3,23,24.2,1.8,15.7,27.4,37900.75
Philippines,09-02-2008,25.7,23.1,24,2.2,26.2,46.1,36523.67
Philippines,10-02-2008,25.5,23.1,23.9,0,25.3,47.2,30322.32
Philippines,11-02-2008,25.6,22.8,23.8,0.3,28.1,49.3,37723.19
Philippines,12-02-2008,25.4,22.4,23.6,0.6,26.2,46.8,37536.28
Philippines,13-02-2008,25,22.9,23.9,0.1,26.2,47.2,17067.95
Philippines,14-02-2008,23.6,22.2,22.8,18.6,27.6,53.3,0
Philippines,15-02-2008,23.3,22.2,22.7,4.8,29.5,56.9,10505.21
Philippines,16-02-2008,23.3,22,22.7,15.9,29.1,60.1,9555.25
Philippines,17-02-2008,23.1,22,22.6,21.3,31,59.4,634.9
Philippines,18-02-2008,23.2,22.5,22.8,19.1,33.2,55.4,0
Philippines,19-02-2008,23.6,22.4,23,32,28.8,56.2,18.48
Philippines,20-02-2008,23.7,23,23.3,48.4,30,51.5,653.18
Philippines,21-02-2008,25.3,22.6,23.4,63.1,24.4,47.9,10957.91
Philippines,22-02-2008,26.6,22.9,24.2,9.3,24.3,38.5,34835.6
Philippines,23-02-2008,27,23,24.2,5.9,11.9,28.1,33797.5
Philippines,24-02-2008,24.9,22.9,23.6,37.4,26,45,19976.23
Philippines,25-02-2008,25.3,22.8,23.5,17.4,17.9,33.1,4974.58
Philippines,26-02-2008,25.5,22.7,23.6,15.7,12.6,29.2,20526.29
Philippines,27-02-2008,26.3,23,24.2,2.1,22.2,39.6,36377.59
Philippines,28-02-2008,24.4,22.7,23.3,58.7,22.2,39.6,15260.72
Philippines,29-02-2008,25.6,22.6,23.6,20.9,15.9,32.8,28410.58
Philippines,01-03-2008,26.4,22.6,23.9,3.5,20.6,38.2,31281.58
Philippines,02-03-2008,26.3,22.9,24.1,7.2,15.5,27.4,34766.88
Philippines,03-03-2008,26.8,23,24.4,0.3,23.7,41.8,38012.8
Philippines,04-03-2008,24.6,22.4,23.3,18,30.1,56.2,18389.33
Philippines,05-03-2008,23.6,22.2,22.7,0,34.2,62.3,38383.58
Philippines,06-03-2008,24.2,22.2,23,0.3,32.6,59.8,31783.26
Philippines,07-03-2008,25.3,22.3,23.4,0.3,26.5,50,38721.32
Philippines,08-03-2008,24.1,22.5,23.2,0.4,26.2,46.4,14305.55
Philippines,09-03-2008,26.2,22.5,23.9,2.2,17.1,35.6,38586.24
Philippines,10-03-2008,26.1,23,24.1,1.4,18.4,33.8,38339.12
Philippines,11-03-2008,26.7,23,24.4,1.4,14.1,25.2,33547.75
Philippines,12-03-2008,27,23,24.5,1,16.1,27.7,40769.69
Philippines,13-03-2008,26.9,22.9,24.7,1.1,14.5,25.6,40815.77
Philippines,14-03-2008,27.3,23.2,24.7,0.8,12.3,25.2,40861.63
Philippines,15-03-2008,27.5,23.2,25,0.4,16.3,27.7,40777.49
Philippines,16-03-2008,27.5,23.6,25,1.2,15.2,28.8,40307.94
Philippines,17-03-2008,27.6,23.5,24.7,6.8,10.4,25.2,38543.19
Philippines,18-03-2008,28,22.5,25,0.9,12,24.8,40257.55
Philippines,19-03-2008,27.7,23,25.2,0.3,12.5,24.8,41087.2
Philippines,20-03-2008,28,23.6,25.3,0.4,14,28.4,41132.12
Philippines,21-03-2008,27.1,23.6,24.8,0.9,13.3,27.4,40289.73
Philippines,22-03-2008,27.9,23.4,25.2,0.8,11,21.6,40928.43
Philippines,23-03-2008,27.8,23.9,25.6,1.2,6.4,16.2,41267.08
Philippines,24-03-2008,27.1,23.6,25.2,1.6,13.5,25.9,41312.04
Philippines,25-03-2008,27.7,23.9,25.4,0.8,10.7,22.3,41356.93
Philippines,26-03-2008,27.4,22.8,25.2,2.9,6.4,16.6,41401.73
Philippines,27-03-2008,27.4,23.6,25.6,1.3,8.4,15.5,41446.41
Philippines,28-03-2008,27.8,23.5,25.4,2,7.8,17.6,40865.3
Philippines,29-03-2008,28,24,25.8,0.2,7.2,18,41535.29
Philippines,30-03-2008,27.9,23.9,25.9,0.3,5.8,15.8,41133.11
Philippines,31-03-2008,28.4,23.3,26,0,8.9,19.8,41623.32
Philippines,01-04-2008,27.9,24,25.6,1.7,14.3,28.1,41666.96
Philippines,02-04-2008,27.5,24.2,25.5,1.1,14.4,28.8,41710.3
Philippines,03-04-2008,27.3,24.2,25.3,1.2,17.7,36,37771.49
Philippines,04-04-2008,27.9,24.1,25.8,0.3,18.3,37.8,41796.01
Philippines,05-04-2008,28.1,24.4,26.1,0.6,15,30.2,41838.3
Philippines,06-04-2008,28.7,24.6,26.4,1,14,28.8,41880.16
Philippines,07-04-2008,29,23.8,26.4,0,11.7,23,41063.05
Philippines,08-04-2008,28.5,24.8,26.3,1.7,7.9,19.4,41962.99
Philippines,09-04-2008,28.6,23.9,26.3,0.3,7.1,20.9,42004.32
Philippines,10-04-2008,28.7,24.2,26.3,0.7,6.6,18,41958
Philippines,11-04-2008,28.7,24.9,26.4,1,10.3,24.8,42086.66
Philippines,12-04-2008,29.2,24.7,26.5,2.1,18.3,35.6,42098.73
Philippines,13-04-2008,27.9,24.1,25.7,3.1,24.5,44.6,38469.21
Philippines,14-04-2008,26.5,24.1,25.2,13.2,15.5,37.4,25390.85
Philippines,15-04-2008,28.4,23.7,25.9,2.6,17.3,38.5,37526.2
Philippines,16-04-2008,28.5,24.8,26.2,1.4,10.8,31,41754.79
Philippines,17-04-2008,28.6,24.1,26.2,0.6,13,27,42124.34
Philippines,18-04-2008,28.4,24.7,26.3,1.1,14.3,32.4,42023.43
Philippines,19-04-2008,28.9,24.4,26.4,1.1,18.1,33.8,42135.96
Philippines,20-04-2008,28.3,24.6,26.1,1.4,14.2,30.6,41104.62
Philippines,21-04-2008,29,24.8,26.7,0.4,13,27.4,42148.72
Philippines,22-04-2008,29.4,24.8,26.8,0.2,12.4,25.2,42155.6
Philippines,23-04-2008,29,24.9,26.5,2.5,11.3,24.5,41836.17
Philippines,24-04-2008,28.7,25,26.3,3,15.2,28.1,41244.84
Philippines,25-04-2008,27.8,24.4,25.8,12.9,11.7,25.9,39600
Philippines,26-04-2008,26.4,24.5,25.4,8.1,14.1,25.6,11596.22
Philippines,27-04-2008,27.1,23.8,25.1,20.1,10.8,23.8,24323.65
Philippines,28-04-2008,25.8,23.8,24.6,27.9,8.8,28.1,4097.04
Philippines,29-04-2008,27.8,24.4,25.8,4.3,7.2,24.5,35066.54
Philippines,30-04-2008,27.7,24,26,6.8,5,24.8,33028.01
Philippines,01-05-2008,27.8,24.1,25.9,11,7.3,18.4,31588.36
Philippines,02-05-2008,28,24.1,25.9,2.5,9.7,18.4,37127.66
Philippines,03-05-2008,28.5,24.1,26,9.1,7.8,18.4,36150.08
Philippines,04-05-2008,27.6,24.2,25.6,8.3,6.4,18.4,41124.7
Philippines,05-05-2008,28.6,24,25.8,19.3,8.7,18,42140.65
Philippines,06-05-2008,28.9,24,25.8,10.9,6.9,16.9,39600
Philippines,07-05-2008,27.9,24.4,25.9,8.5,6.9,17.6,40449.37
Philippines,08-05-2008,28.1,24.7,26.1,7.3,6.9,16.9,39760.11
Philippines,09-05-2008,27.9,24.2,25.8,12.6,10,21.6,40172.95
Philippines,10-05-2008,27.5,24.1,25.6,14.9,10.8,22.3,40588.07
Philippines,11-05-2008,28.4,24.3,26,17.4,10.5,21.6,40588.39
Philippines,12-05-2008,27.4,24,25.2,26.7,11.6,25.9,26782.84
Philippines,13-05-2008,25.4,23.9,24.5,71.2,15.1,25.6,0
Philippines,14-05-2008,26.1,23.6,24.6,48.1,22.5,47.5,17955.35
Philippines,15-05-2008,27,24.2,25.5,15.8,29,61.6,18842.33
Philippines,16-05-2008,26.1,24.2,25.1,12.3,32.6,63.4,26893.14
Philippines,17-05-2008,27.4,24.5,26,1.9,31,54.7,41437.98
Philippines,18-05-2008,28.1,25.3,26.4,0,24.2,43.9,42507.74
Philippines,19-05-2008,26.9,24.2,25.4,5,13,33.8,30095.52
Philippines,20-05-2008,25.9,23.9,24.9,12.5,9.9,20.9,33335.97
Philippines,21-05-2008,27.9,23.8,25.8,7.8,6.2,17.6,42010.8
Philippines,22-05-2008,28.1,23.9,25.7,4.6,7.2,19.1,38076.75
Philippines,23-05-2008,28.3,24.8,26.1,2.3,11.6,23,42017.67
Philippines,24-05-2008,27.6,24.4,25.7,7.7,8.8,19.4,24053.3
Philippines,25-05-2008,26.8,24.3,25.4,5.7,10,21.6,30066.22
Philippines,26-05-2008,26.1,23,24.8,7.8,7.2,16.6,14129.48
Philippines,27-05-2008,25.4,23.1,24.3,27.8,7.8,16.2,883.43
Philippines,28-05-2008,27.5,24.2,25.7,4.8,12.3,27,42668.39
Philippines,29-05-2008,28.1,24.6,26.3,2.4,11.5,23.8,40344.79
Philippines,30-05-2008,28.5,24.7,26.6,2.2,7.8,20.2,42702.61
Philippines,31-05-2008,28.6,25.1,26.7,8.9,9,20.9,40431.9
Philippines,01-06-2008,28,24.2,26.4,5.5,10.7,21.6,41897.71
Philippines,02-06-2008,27.6,25.3,26.3,3.5,14.3,26.6,42907.84
Philippines,03-06-2008,28.4,24.5,26.4,0.9,10.9,21.2,42847.21
Philippines,04-06-2008,29.5,25.4,26.9,4,13.3,28.1,41246.6
Philippines,05-06-2008,28.3,24.6,25.9,6.6,7.7,23.8,42577.89
Philippines,06-06-2008,28.3,24.8,26.1,3.3,9.4,29.2,42895.74
Philippines,07-06-2008,27.9,24.6,25.9,2.3,10.1,26.6,42912.28
Philippines,08-06-2008,28.6,25.1,26.5,1,10.2,28.8,42852.93
Philippines,09-06-2008,28.7,25.2,26.6,0.7,11.3,26.6,42744.56
Philippines,10-06-2008,28,24.2,26,3.5,7.2,25.9,42383.54
Philippines,11-06-2008,27.7,24.1,25.8,6.4,5.8,16.9,40866.19
Philippines,12-06-2008,27.6,24.4,25.9,5.1,6.9,17.3,42235.7
Philippines,13-06-2008,27.7,24.1,25.9,2.2,11.5,25.2,42875.33
Philippines,14-06-2008,28.3,24.8,26.4,2,7.9,20.2,43030.5
Philippines,15-06-2008,28.4,24.6,26.4,3.5,7.6,17.6,41166.64
Philippines,16-06-2008,27.4,24.3,25.9,2.6,10,20.5,42923.12
Philippines,17-06-2008,28.1,24.2,26.1,1.6,5.9,18.4,43007.02
Philippines,18-06-2008,28.3,24.5,26.2,3.1,7.6,19.4,40769.92
Philippines,19-06-2008,28,24.4,25.9,8.5,14.7,25.6,35043.73
Philippines,20-06-2008,27.1,24.2,25.4,13.4,23,50.4,33309.88
Philippines,21-06-2008,26.4,24.5,25.3,28.5,41.4,88.6,12935.73
Philippines,22-06-2008,26.3,25,25.6,19.7,40.9,81.4,5144.2
Philippines,23-06-2008,26.9,24.8,25.6,2.6,33.9,61.2,40500.07
Philippines,24-06-2008,27.4,24.2,25.8,1.9,27.1,52.2,43037.36
Philippines,25-06-2008,27.8,25.1,26.4,0.3,18.7,34.2,41308.71
Philippines,26-06-2008,27.8,25.1,26.3,4.6,11.4,29.2,38848.1
Philippines,27-06-2008,28,24.8,26.2,3.7,9.6,23,43056.91
Philippines,28-06-2008,27.6,24.5,25.9,6.5,10.4,23.8,36042.84
Philippines,29-06-2008,26.3,23.9,25,15.9,7.8,18.4,32873.7
Philippines,30-06-2008,28,23.8,25.9,0,10.2,19.8,43100.3
Philippines,01-07-2008,28.3,24.2,26.1,3.3,12.1,22.3,37727.19
Philippines,02-07-2008,25.9,23.9,25.1,11.5,13.6,23.8,1237.36
Philippines,03-07-2008,26.6,23.6,24.8,19.3,9.7,20.2,17730.1
Philippines,04-07-2008,26.6,23.7,24.7,6.8,10.9,25.9,20309.76
Philippines,05-07-2008,26.8,23.3,24.8,5.8,20.4,35.6,33103.06
Philippines,06-07-2008,27.6,24.9,26,2.3,17.8,33.8,33510.75
Philippines,07-07-2008,27.7,24.5,25.9,3.3,15.5,30.2,43123.78
Philippines,08-07-2008,27.7,25,26.1,2.4,7.8,18.4,34358.52
Philippines,09-07-2008,28,24.3,26.1,3.7,6,15.5,40185.76
Philippines,10-07-2008,28.2,24.2,26.1,6,4.7,18,41437.25
Philippines,11-07-2008,27.6,24.9,26.4,6.2,11.2,24.5,35847.04
Philippines,12-07-2008,27.8,25.4,26.4,0.4,12,23,23226.98
Philippines,13-07-2008,28,24.3,26.2,4.8,12.1,28.8,26469.35
Philippines,14-07-2008,28.1,25.2,26.2,6.6,15.3,34.9,35407.51
Philippines,15-07-2008,27.8,24.4,26,4.7,16.3,43.2,25441.3
Philippines,16-07-2008,26.9,25.1,25.8,2.4,20.6,42.1,22736.23
Philippines,17-07-2008,27.5,24.9,26,0.1,18.9,36.7,40326.04
Philippines,18-07-2008,28.1,25,26.4,3.1,10.8,24.1,39600
Philippines,19-07-2008,29.1,24.5,26.5,0.9,14.1,28.1,38326.54
Philippines,20-07-2008,27.8,24.4,25.7,5.2,12,26.3,41861.78
Philippines,21-07-2008,28.3,23.9,25.7,8.2,8.2,22.3,40399.73
Philippines,22-07-2008,27.7,23.9,25.5,7.1,9.4,19.1,36000
Philippines,23-07-2008,26.4,23.8,25.3,5.9,14.9,28.4,18225.86
Philippines,24-07-2008,28.1,24.8,26.2,4.7,12.7,23.8,40642.23
Philippines,25-07-2008,27.9,24.8,26.2,8.2,12.6,26.6,42730.25
Philippines,26-07-2008,27.9,24.8,26.1,5.7,17.9,42.5,37180.24
Philippines,27-07-2008,27.5,25.3,26.1,3.4,26.3,49,29746.13
Philippines,28-07-2008,26.9,24.7,25.8,2,27,54,19531.44
Philippines,29-07-2008,27.8,24.9,26,1,20.2,37.1,42985.12
Philippines,30-07-2008,27.9,23.7,26,1.1,11.2,24.1,42969.12
Philippines,31-07-2008,26.1,23.5,24.6,18.1,14.4,20.5,10193.76
Philippines,01-08-2008,24.2,23.5,23.8,57.3,15.6,29.5,0
Philippines,02-08-2008,26.2,24,25,11.2,14,35.6,21544.61
Philippines,03-08-2008,26.4,24.6,25.3,5.7,22.8,45.7,31756.95
Philippines,04-08-2008,27.3,24.5,25.8,5.2,26.6,51.1,29925.23
Philippines,05-08-2008,27.6,24.8,26.2,0.4,25.5,46.4,42855.44
Philippines,06-08-2008,27.4,24.9,26.1,0.9,19,40.3,29917.6
Philippines,07-08-2008,27.4,25.2,26,2.5,17.2,33.5,28487.98
Philippines,08-08-2008,27.8,24.9,26.2,0.2,15.6,34.2,39600
Philippines,09-08-2008,28,25.3,26.4,1.3,19,40.3,40071.41
Philippines,10-08-2008,27.6,25.3,26.2,0.2,21.3,38.9,41892.57
Philippines,11-08-2008,27.7,24.9,26.2,0.6,14.4,28.1,42707.81
Philippines,12-08-2008,27.7,23.7,25.3,16.8,7.6,23,35052.07
Philippines,13-08-2008,26.3,24.2,25,7.8,10,26.6,16874.64
Philippines,14-08-2008,26.9,23.9,25.3,5.3,10.5,20.9,36000
Philippines,15-08-2008,27.1,24,25.4,8.4,12.9,25.6,39890.89
Philippines,16-08-2008,26.4,23.5,24.9,15,15.2,31,33962.17
Philippines,17-08-2008,27.3,23.9,25.6,2.7,16.6,37.1,39652.37
Philippines,18-08-2008,27.9,24.6,26.2,1.2,9.4,22.3,39600
Philippines,19-08-2008,27.6,25.1,26.2,0,14.4,26.6,8634.9
Philippines,20-08-2008,27.7,25.3,26.5,4.8,22.2,40.3,28080.17
Philippines,21-08-2008,28,25.5,26.6,0.1,18.6,33.8,42209.09
Philippines,22-08-2008,28.2,25,26.4,1,9,23,42369.43
Philippines,23-08-2008,28.8,24.3,26.3,2.8,11.2,24.8,40688.83
Philippines,24-08-2008,27.1,23.8,25.1,10.2,11.7,22.3,16626.99
Philippines,25-08-2008,26.8,23.5,25.2,15.4,7.9,16.6,28265.89
Philippines,26-08-2008,27.3,23.8,25.3,6.7,7.8,19.1,27773.23
Philippines,27-08-2008,27.1,24.3,25.7,2.3,10,26.3,20926.12
Philippines,28-08-2008,28.3,24.7,26.3,1.1,9,21.2,42156.98
Philippines,29-08-2008,28.8,25.3,27,0,8.1,15.5,42118.86
Philippines,30-08-2008,27.7,24.5,26.1,3.2,7,21.2,41092.18
Philippines,31-08-2008,28.2,23.5,25.8,12.7,6,17.6,37644.02
Philippines,01-09-2008,28.2,24.2,26,5.1,5.8,16.2,40568.81
Philippines,02-09-2008,28.5,23.9,25.9,3.8,9.3,22.7,41086.27
Philippines,03-09-2008,28.8,25.1,26.5,4.4,9.7,21.2,37764.37
Philippines,04-09-2008,29,24.7,26.4,3.6,9.2,20.5,40581.73
Philippines,05-09-2008,27.9,24.6,26.3,1.1,11.7,27.7,39600
Philippines,06-09-2008,26.5,24.2,25.6,11.1,17.4,39.6,21600
Philippines,07-09-2008,27.7,24.4,25.6,12.3,11.3,29.2,39600
Philippines,08-09-2008,28.3,24.4,25.8,9.2,13.3,26.6,36206.75
Philippines,09-09-2008,26.9,24.6,25.7,13.7,18.4,38.2,9716.06
Philippines,10-09-2008,26.9,24.1,25.6,19.3,19.9,45.7,29265.42
Philippines,11-09-2008,27.4,25.2,26,10.1,16.3,42.1,36000
Philippines,12-09-2008,27.7,24.6,25.9,4.9,19.5,46.4,39600
Philippines,13-09-2008,28.3,24.9,26.3,1.5,17.3,34.2,39107.88
Philippines,14-09-2008,27.7,25.1,26.2,4.3,18.4,36.4,40580.34
Philippines,15-09-2008,27.6,25.2,26.2,0.2,18.1,36.4,40578.11
Philippines,16-09-2008,27.5,24.8,26,0.5,17,33.5,40356.07
Philippines,17-09-2008,27.2,23.8,25.3,17.5,11.9,25.6,37708.58
Philippines,18-09-2008,26.2,23.9,24.9,12.6,11.3,20.9,25501.37
Philippines,19-09-2008,27.7,23.9,25.7,6.3,8,18.4,39600
Philippines,20-09-2008,27.5,24.4,25.6,4.3,11.7,25.6,33288.5
Philippines,21-09-2008,26.8,24.9,25.7,7.5,22.7,42.5,0
Philippines,22-09-2008,27.2,25.3,26,2.9,25.2,53.6,11889.8
Philippines,23-09-2008,27,25.2,25.9,1.3,27.4,51.8,34811.12
Philippines,24-09-2008,27.4,25,25.9,1.3,18.1,36.7,19295
Philippines,25-09-2008,26.3,23.9,25.2,12.6,14,29.2,18806.31
Philippines,26-09-2008,27.3,23.8,25,11.2,14.3,36.7,33472.04
Philippines,27-09-2008,26.9,24,25.3,11.8,20.1,43.6,25381.71
Philippines,28-09-2008,27.1,24.9,25.7,1.7,26.3,50.4,39779.24
Philippines,29-09-2008,27.8,25,26.1,1.2,15.8,31.3,39958.49
Philippines,30-09-2008,27.4,24,25.4,17,14,25.9,28800
Philippines,01-10-2008,26.6,23.7,25,26.6,18.3,36,3856.2
Philippines,02-10-2008,27.6,24.5,25.9,0.8,19.5,35.6,39600
Philippines,03-10-2008,27.4,24.2,25.6,2.5,9,22.3,39600
Philippines,04-10-2008,27.7,24,25.7,10.6,10.3,23.4,35046.98
Philippines,05-10-2008,27.9,23.9,25.4,4.6,12.5,25.2,38651.31
Philippines,06-10-2008,27,23.6,25,9.1,9.6,19.8,27093.66
Philippines,07-10-2008,28.1,23.6,25.7,2.4,7.6,18.4,39593.63
Philippines,08-10-2008,28.3,24.2,26,4.2,14,27,39587.77
Philippines,09-10-2008,27.9,24,25.5,4.4,14.1,23.8,39581.62
Philippines,10-10-2008,26.6,24.3,25.3,10.4,16.6,32.4,17863.09
Philippines,11-10-2008,27.7,24.4,26,3.5,9.8,21.2,37378.33
Philippines,12-10-2008,28.6,24.4,25.9,6.3,14.3,27,36349.86
Philippines,13-10-2008,27.2,23.7,25.3,6.8,12.7,25.6,33985.96
Philippines,14-10-2008,26.7,23.5,25.1,8.2,9,21.2,34636.99
Philippines,15-10-2008,27.4,23.6,25.4,5.4,8.9,19.1,32476.93
Philippines,16-10-2008,28.4,24,25.7,4.8,11.1,26.6,39527.1
Philippines,17-10-2008,28,24.6,25.7,3.8,14.7,31,39517.25
Philippines,18-10-2008,28.5,24.5,26.2,0.5,14,25.9,39506.8
Philippines,19-10-2008,28.1,24.6,25.9,3.2,13,27.7,29810.22
Philippines,20-10-2008,27.3,24.3,25.5,6.8,10.3,23,32589.53
Philippines,21-10-2008,28.3,24.5,26,6.4,14.1,28.8,37484.79
Philippines,22-10-2008,28,24.4,26.1,2.5,12.6,26.6,34707.42
Philippines,23-10-2008,28.7,24.5,26.5,1.3,13,27,39444.16
Philippines,24-10-2008,28.4,24.7,26.1,1.8,17.8,38.5,39429.43
Philippines,25-10-2008,28.1,24.1,25.8,7.4,18.9,37.4,38847.18
Philippines,26-10-2008,28.2,24.6,26.3,1.5,16.7,32,39398.21
Philippines,27-10-2008,28.2,24.6,26.2,3.3,23,42.8,39381.71
Philippines,28-10-2008,27.7,24.1,25.4,13.5,11.1,27.7,33120.38
Philippines,29-10-2008,27.5,24,25.6,2.3,9.1,19.8,33779.48
Philippines,30-10-2008,27.4,24.7,25.8,4.4,10.9,32,35379.19
Philippines,31-10-2008,27.1,25,25.8,7,15.8,32,21836.4
Philippines,01-11-2008,27,24.5,25.5,6.5,10.6,25.2,32330.96
Philippines,02-11-2008,28.2,24.7,26.3,0.4,12,32.8,39270.31
Philippines,03-11-2008,27.3,24.1,25.7,7.5,11,27.4,38869.24
Philippines,04-11-2008,27.6,24.7,25.6,2.9,16.9,37.4,39228.49
Philippines,05-11-2008,28,24.7,25.8,2.1,19.6,41.4,39201.1
Philippines,06-11-2008,26.7,24.2,25.1,9.7,22.7,41.8,28187.83
Philippines,07-11-2008,27.3,24.1,25.2,7.4,12.6,34.9,34267.96
Philippines,08-11-2008,27.5,23.7,25.3,4.5,11.9,32.4,39080.66
Philippines,09-11-2008,25.7,23.7,24.5,17.7,15.3,34.2,29782.65
Philippines,10-11-2008,26.6,23.9,25.7,8.9,16.1,30.2,23344.69
Philippines,11-11-2008,25.9,24,24.8,24.1,11.4,24.8,14002.24
Philippines,12-11-2008,26.7,24.2,25.1,9.5,18.5,33.1,38929.47
Philippines,13-11-2008,27.8,24.6,25.9,2.2,24.9,42.5,38893.36
Philippines,14-11-2008,26.6,24.4,25.2,6.5,22.2,38.2,37592.81
Philippines,15-11-2008,26.4,24.1,25.4,4.7,12.9,32.8,18047.35
Philippines,16-11-2008,28,24.3,25.9,0.2,9.5,24.8,38787.18
Philippines,17-11-2008,28.1,24.5,26.2,1.2,11,21.2,38752.64
Philippines,18-11-2008,28,24.3,26,1.9,15.3,30.2,38718.61
Philippines,19-11-2008,28.5,24.6,26.1,1.5,21.6,40.3,38685.14
Philippines,20-11-2008,26.7,24.6,25.3,5,25.8,41.8,27941.77
Philippines,21-11-2008,27.2,24.1,25.3,3.5,18.3,31.7,38620.03
Philippines,22-11-2008,27.4,24.3,25.4,2.2,22.5,40,38588.5
Philippines,23-11-2008,27.9,24.2,25.6,0.7,14.6,27.7,38557.71
Philippines,24-11-2008,27.7,24.5,25.7,0.9,14.3,32.4,38527.71
Philippines,25-11-2008,27.1,24.6,25.4,6.9,17.4,31,38354.06
Philippines,26-11-2008,27.5,24.2,25.5,1.6,14.1,27,38470.32
Philippines,27-11-2008,28.1,24.4,25.7,0.8,12.1,24.1,38443.02
Philippines,28-11-2008,26.7,23.8,25,6.7,13.1,27.4,37745.04
Philippines,29-11-2008,27.2,23.9,25.1,5.5,18.4,23.8,35856.9
Philippines,30-11-2008,26.3,23.7,24.6,7.6,18.6,31.3,34884.02
Philippines,01-12-2008,25.8,23.7,24.7,2.1,23.3,40,37050.01
Philippines,02-12-2008,26.3,24,24.8,4.7,24.1,47.2,35064.18
Philippines,03-12-2008,26.4,24.1,24.9,28.9,25.9,45.4,29261.85
Philippines,04-12-2008,26.9,24,25.1,11.8,18.1,40,21579.8
Philippines,05-12-2008,25.6,23.8,24.5,19.2,27.8,50,15924.65
Philippines,06-12-2008,24,22.9,23.7,31.4,33.5,59.8,0
Philippines,07-12-2008,23.9,22.9,23.4,11.6,35.4,62.6,2665.94
Philippines,08-12-2008,24.3,23.1,23.6,26.1,25,45,0
Philippines,09-12-2008,27,23.4,24.7,3.4,15.5,29.5,38178.46
Philippines,10-12-2008,26.9,24,25.1,2.1,17.2,31,37978.62
Philippines,11-12-2008,26.2,23.8,24.7,6.2,17.4,30.2,31076.63
Philippines,12-12-2008,26.8,23.5,24.9,3.2,17.8,32.4,30855.53
Philippines,13-12-2008,27,24,25.2,0,18.5,34.2,38039.27
Philippines,14-12-2008,26.4,23.1,24.6,1.7,24.2,43.6,38005.09
Philippines,15-12-2008,25.9,22.7,23.9,0.3,29.1,54.7,37935.68
Philippines,16-12-2008,25.1,22.4,23.6,0,28.7,53.3,37938.16
Philippines,17-12-2008,24.9,22.2,23.4,1.1,24.6,45,37557.21
Philippines,18-12-2008,25.1,22.6,23.6,0.9,26.7,47.5,37873.75
Philippines,19-12-2008,25.1,22.7,23.7,0.5,30.4,54.7,37308.12
Philippines,20-12-2008,23.9,22.3,23.2,35.4,23,46.8,11204.46
Philippines,21-12-2008,26.9,22.4,24.4,1.1,14.6,30.6,32505.53
Philippines,22-12-2008,26.5,23.3,24.7,2.5,15.3,28.4,33617.56
Philippines,23-12-2008,26.4,24,24.8,3.7,18.4,33.5,37398.95
Philippines,24-12-2008,26.8,23.7,25,0.7,19.1,34.9,36158.51
Philippines,25-12-2008,26.2,23.6,24.5,1.5,22.2,41.4,36051.51
Philippines,26-12-2008,25.6,23.4,24.2,0.3,28.8,52.9,36606.53
Philippines,27-12-2008,26,23.3,24.2,0,25.8,51.5,31120.13
Philippines,28-12-2008,25,23.1,23.7,3.1,25.7,50.8,21091.3
Philippines,29-12-2008,26.1,23.4,24.3,0.8,21.9,38.2,31906.65
Philippines,30-12-2008,25.8,23.2,24.2,2.5,23.7,37.4,25125.14
Philippines,31-12-2008,23.9,23,23.4,40.5,22,36.4,0
Philippines,01-01-2009,24.3,22.6,23.4,15.7,32.1,60.8,20894.83
Philippines,02-01-2009,22.8,21.6,22.3,4.2,36.4,67.7,19649.21
Philippines,03-01-2009,23.9,21.8,22.6,0.2,32.5,60.5,34614.96
Philippines,04-01-2009,24,21.9,22.9,0.1,28,51.8,19256.35
Philippines,05-01-2009,24.8,22.6,23.5,0.2,30.1,57.2,26761.58
Philippines,06-01-2009,25.7,23.1,24,2.1,22.9,42.5,36096.12
Philippines,07-01-2009,24.8,23.2,23.7,42.4,20.6,39.6,555.31
Philippines,08-01-2009,26.1,23.2,24.2,2.3,14.7,27,35894
Philippines,09-01-2009,25.1,23.1,23.7,5.3,26.1,46.4,22199.45
Philippines,10-01-2009,23.4,21.2,22.6,1,33.8,61.9,13051.34
Philippines,11-01-2009,22,21,21.5,2.1,29.4,58.3,17040.51
Philippines,12-01-2009,23.5,21.4,22.3,0.1,29.7,58.3,27967.16
Philippines,13-01-2009,23.2,21.5,22.2,0.8,34.8,63.4,33177.83
Philippines,14-01-2009,23.1,21.1,21.9,0,38,73.1,23485.27
Philippines,15-01-2009,22.8,20.7,21.5,0.5,35.3,65.9,34523.12
Philippines,16-01-2009,23.6,20.9,22.2,0.3,31.4,63,36295.24
Philippines,17-01-2009,24.2,22.1,22.9,2.4,26.8,51.1,31786.96
Philippines,18-01-2009,25.7,22.4,23.6,1.7,25,44.6,29797.81
Philippines,19-01-2009,25.9,22.7,23.9,1,19.9,39.2,33516.33
Philippines,20-01-2009,26.5,22.9,24.2,0.6,18.1,31,33750.55
Philippines,21-01-2009,26.7,23.2,24.3,0.9,15.1,29.2,34195.34
Philippines,22-01-2009,26.2,22.8,24,4,7.9,16.6,29722.33
Philippines,23-01-2009,27.3,22.6,24.2,16.7,10.1,18.7,35930.64
Philippines,24-01-2009,25.1,22.6,23.4,11.5,26.7,46.1,25246.82
Philippines,25-01-2009,23.3,22.4,22.8,11.2,30.7,54.7,905.87
Philippines,26-01-2009,23.4,22,22.6,30.6,28.7,55.1,2074.53
Philippines,27-01-2009,25.9,22,23.7,25.6,14.5,26.3,35390.25
Philippines,28-01-2009,26.4,22.8,24.2,1.5,14.7,27.4,36963.4
Philippines,29-01-2009,27.2,22.9,24.6,1.2,15.9,28.4,37563
Philippines,30-01-2009,26.9,23,24.3,0.4,12.8,25.9,37580.02
Philippines,31-01-2009,25.5,23.2,24,1.1,21.8,38.9,37176.23
Philippines,01-02-2009,25,22.8,23.6,1.4,29.2,50.8,36640.45
Philippines,02-02-2009,24.9,22.1,23.3,0.8,28,49,37524.52
Philippines,03-02-2009,25.4,22.3,23.6,0,23.9,45,36281.8
Philippines,04-02-2009,25.9,21.5,23.5,9.5,25.6,46.1,36529.08
Philippines,05-02-2009,24,21,22.8,19.2,26.9,46.1,12536.8
Philippines,06-02-2009,26.1,22.3,23.9,4.1,20.7,35.3,36268.49
Philippines,07-02-2009,24.5,22.9,23.6,4.6,18.6,35.3,0
Philippines,08-02-2009,26.5,23.1,24.4,0.6,22.6,42.8,35000.95
Philippines,09-02-2009,25.3,22.9,23.8,3.5,17.1,29.9,12647.06
Philippines,10-02-2009,26.5,23,24.3,0,19.5,34.6,38590.44
Philippines,11-02-2009,26.3,22.9,24.2,0.1,20.9,37.8,38725.99
Philippines,12-02-2009,26.7,22.7,24.4,0,19.8,36.4,36133.38
Philippines,13-02-2009,26.8,22.8,24.4,0,19.8,34.6,31886.73
Philippines,14-02-2009,24.4,23,23.5,13.5,20,34.6,68.66
Philippines,15-02-2009,26.5,23,24.1,7.1,16.6,26.6,22073.59
Philippines,16-02-2009,26.5,23.2,24.4,11.2,7.4,20.9,32169.95
Philippines,17-02-2009,27.8,23,24.9,3,11.7,23.4,35029.72
Philippines,18-02-2009,27.1,23.5,25.1,3,13.3,28.8,38362.89
Philippines,19-02-2009,27.1,23.6,25.1,0.5,12.2,26.3,34619.57
Philippines,20-02-2009,28,23.3,25.4,0.7,15.6,29.2,39555.07
Philippines,21-02-2009,27.9,23.7,25.3,0.3,18.9,33.8,39882.89
Philippines,22-02-2009,27.8,23.9,25.4,0,21.6,38.9,39707.52
Philippines,23-02-2009,27.8,23.7,25.4,0,18.5,35.6,39616.91
Philippines,24-02-2009,28,23.9,25.5,0.9,22.3,40,39693.02
Philippines,25-02-2009,27.5,23.9,25.2,0.7,21.4,37.1,38634.03
Philippines,26-02-2009,27,23.5,24.9,0,20.3,39.6,28254.13
Philippines,27-02-2009,28,23.3,25.3,0,21.1,37.4,39226.59
Philippines,28-02-2009,27.6,23.3,25,0.1,23.7,44.3,40202.33
Philippines,01-03-2009,26.7,23.3,24.7,1.2,21.5,40.3,39718.63
Philippines,02-03-2009,27,23.6,25,4.7,22,37.8,38904.18
Philippines,03-03-2009,27.1,24.1,25.2,0.6,14.3,29.5,39507.46
Philippines,04-03-2009,27.3,23.4,25.4,0.3,12.3,25.6,40388.5
Philippines,05-03-2009,27.7,22.5,25.4,0.4,9.3,25.6,40132.11
Philippines,06-03-2009,28.2,23.7,25.8,0,11,20.9,40481.58
Philippines,07-03-2009,28.2,22.3,25.3,0.2,11.4,22,40527.99
Philippines,08-03-2009,27.8,24.2,25.5,6.2,11.8,23,40051.5
Philippines,09-03-2009,28.6,23.6,26,0,10.6,20.9,40620.39
Philippines,10-03-2009,29,24.4,26.2,0.1,19.1,34.2,40666.31
Philippines,11-03-2009,28.6,23.8,25.8,0,16.4,30.2,40712
Philippines,12-03-2009,28.4,23.9,25.8,0,18.2,33.5,40757.38
Philippines,13-03-2009,28.5,23.8,25.8,0.5,18,35.6,40360.97
Philippines,14-03-2009,28.1,24,25.7,0.7,19.1,35.6,40343.38
Philippines,15-03-2009,27.7,24.4,25.7,0,22.9,42.8,40893.23
Philippines,16-03-2009,27.1,23.6,25,0.9,17.7,34.6,40294.46
Philippines,17-03-2009,26.6,23.9,24.9,12.4,11.6,28.1,25746.02
Philippines,18-03-2009,28.9,23.7,26,0.1,15.8,29.2,41029.97
Philippines,19-03-2009,29.1,23.9,26.1,0,15.9,28.8,41075.61
Philippines,20-03-2009,28.4,23.8,25.8,0,11.6,22.7,41121.22
Philippines,21-03-2009,28.2,23.5,25.5,0.2,16.5,28.4,41166.77
Philippines,22-03-2009,28.1,23.1,25.5,0,7.9,16.6,40027.43
Philippines,23-03-2009,28.6,23.4,26,0,5.8,13.3,41257.59
Philippines,24-03-2009,28.5,24.1,26,0,8.2,16.9,41302.79
Philippines,25-03-2009,28,24.3,26,3.3,9.9,18.7,40278.69
Philippines,26-03-2009,28.1,23.9,25.7,1.9,15.9,29.2,41392.64
Philippines,27-03-2009,27.9,24,25.8,4,10.9,21.6,40873.66
Philippines,28-03-2009,28.4,24.7,26.2,0.3,10.7,20.2,41481.56
Philippines,29-03-2009,28.9,24.4,26.4,0.4,11,22,41525.59
Philippines,30-03-2009,28.4,24.4,26.1,6.4,16.3,34.9,35489.11
Philippines,31-03-2009,26.2,24.2,24.7,11,19.1,33.5,19377.19
Philippines,01-04-2009,27.5,23.6,25.3,3.7,22.2,41.8,40007.78
Philippines,02-04-2009,27.5,23.8,25.2,2.1,24.5,45,41698.17
Philippines,03-04-2009,27.1,24,25.3,3.3,23.5,40.7,41740.71
Philippines,04-04-2009,27.4,24.4,25.4,8.2,19.1,37.4,37061.09
Philippines,05-04-2009,28,24.4,25.9,0.9,10.8,23,41825.7
Philippines,06-04-2009,28.6,24.4,26.3,0.2,13.6,26.6,41868.07
Philippines,07-04-2009,29.3,24.6,26.7,0.4,14.3,27.7,41910.34
Philippines,08-04-2009,28.7,23.8,26.4,0.4,12.5,25.6,41952.46
Philippines,09-04-2009,28.5,24.9,26.2,4.6,14.1,27,40870.23
Philippines,10-04-2009,28.6,24.4,26.1,1.5,15.5,28.4,41502.84
Philippines,11-04-2009,29.2,24.8,26.7,1,15.5,30.2,42077.72
Philippines,12-04-2009,29.3,25.1,27,0.6,14.9,28.1,42095.61
Philippines,13-04-2009,29.3,24.3,26.8,0,5.6,14.4,42100.14
Philippines,14-04-2009,28.9,25.1,26.9,1.1,6.1,14.4,42104.88
Philippines,15-04-2009,29.1,25.1,26.9,2,7.5,15.1,41620.47
Philippines,16-04-2009,29,25,27.1,0.7,13.7,24.8,42115.14
Philippines,17-04-2009,28.8,25,26.7,5.5,15.9,31,40179.47
Philippines,18-04-2009,27.8,24.8,26.1,8.8,11.6,23.8,39963.31
Philippines,19-04-2009,28.2,24.6,26.3,2.4,7.7,20.2,37509.98
Philippines,20-04-2009,27.7,24.9,26.1,7.1,12.2,22.7,35389.08
Philippines,21-04-2009,26.8,24.7,25.5,10.3,13.1,24.5,28395.72
Philippines,22-04-2009,26.1,24.4,25.4,13.9,16.6,31,18290.58
Philippines,23-04-2009,27,24.7,25.9,12.3,14.5,29.2,25517.92
Philippines,24-04-2009,27.5,24.2,25.6,9.4,15.5,29.2,35108.37
Philippines,25-04-2009,27.6,24.5,25.8,7.7,13.3,25.9,42177.91
Philippines,26-04-2009,27.3,24.1,25.3,21.8,8.9,18.7,28093.86
Philippines,27-04-2009,26.9,24.1,25.4,18.8,10.1,20.9,23506.95
Philippines,28-04-2009,26.9,24.2,25.3,11.7,11.7,20.2,27072.19
Philippines,29-04-2009,26.8,24.3,25.1,15.2,18.4,32.4,7618.69
Philippines,30-04-2009,25.8,23.9,24.6,57.9,27.9,43.9,0
Philippines,01-05-2009,25,23.8,24.3,45.3,26.2,47.9,0
Philippines,02-05-2009,25.2,23.5,24.1,47.1,23.1,48.2,2685.32
Philippines,03-05-2009,27,24.1,25.3,5.2,25.4,49,28283.02
Philippines,04-05-2009,27.5,24.1,25.5,5.2,11.6,24.5,41681.04
Philippines,05-05-2009,26.1,24.2,24.8,18.6,14.7,28.8,20308.45
Philippines,06-05-2009,27.4,23.7,25.2,2.6,14.5,28.8,39232.32
Philippines,07-05-2009,26.6,23.8,25.2,13.6,20.7,48.2,28824.49
Philippines,08-05-2009,27.1,23.9,25.2,20.4,23,46.1,37556.11
Philippines,09-05-2009,27.8,23.9,25.8,1.1,8,15.1,41140.3
Philippines,10-05-2009,27.8,24.4,25.8,6.5,7.7,18.7,36255.55
Philippines,11-05-2009,27.8,23.8,25.8,4.4,10.3,22,38800.38
Philippines,12-05-2009,28.5,24.6,26.1,3.2,12,23,40516.27
Philippines,13-05-2009,28.2,24.3,25.7,8.2,10.7,21.2,33625.64
Philippines,14-05-2009,28.1,24.7,26.3,2.2,10.3,24.5,42449.93
Philippines,15-05-2009,29,25.2,26.8,1.4,13.4,30.6,42463.38
Philippines,16-05-2009,29.3,25.3,26.7,5.6,15.5,29.2,42487.14
Philippines,17-05-2009,28.5,25.1,26.7,0.2,10.5,22.3,39243.05
Philippines,18-05-2009,28.8,24.6,26.3,3.3,13.8,26.3,41581.62
Philippines,19-05-2009,26.9,24,25.3,9,13.4,26.3,30328.88
Philippines,20-05-2009,27.9,24.2,25.8,1.7,12.1,24.1,36439.5
Philippines,21-05-2009,28.3,24.2,26,3.8,7.3,23.8,40158.29
Philippines,22-05-2009,28.5,23.7,26,2.7,9.2,22,42508.64
Philippines,23-05-2009,27.9,24.1,26,3.1,7.6,22.7,41988.62
Philippines,24-05-2009,28.6,24.7,26.7,0.5,9.8,21.6,42826.95
Philippines,25-05-2009,28.7,24.8,26.5,1.8,9.7,22.3,42767.57
Philippines,26-05-2009,28.6,24.3,26.2,3.9,6.9,20.5,40641.76
Philippines,27-05-2009,28.1,24.6,26.3,5.2,6.5,20.2,38050.82
Philippines,28-05-2009,27.5,24.3,26.1,14.9,7.8,20.9,36972.49
Philippines,29-05-2009,28.8,24.9,26.5,8.5,11.5,28.8,40059.71
Philippines,30-05-2009,26.2,24.6,25.4,19.4,13.7,31.3,500.5
Philippines,31-05-2009,25.7,24.4,25.1,19.1,13.5,32,5642.41
Philippines,01-06-2009,27.3,24.5,25.6,21.7,17.2,33.1,20086.32
Philippines,02-06-2009,27,24.8,25.9,8.2,23.7,49.7,35930.88
Philippines,03-06-2009,28.3,25.4,26.7,1,23.5,52.2,42761.82
Philippines,04-06-2009,27.9,25.5,26.6,1.1,19.9,53.3,41470.21
Philippines,05-06-2009,28.2,25.4,26.6,6.9,23,59,40395.46
Philippines,06-06-2009,27.7,24.9,26.1,12.8,17.1,45,28800
Philippines,07-06-2009,27.3,24.2,25.6,12.1,10.7,26.3,36563.73
Philippines,08-06-2009,26.4,23.9,24.9,68,13.9,28.4,859.77
Philippines,09-06-2009,26.3,24.1,25.3,8.8,17.1,33.8,14505.85
Philippines,10-06-2009,28.1,25.1,26.5,0.8,15.8,29.5,40474.64
Philippines,11-06-2009,28.5,25,26.5,4.5,13.7,27.4,34752.34
Philippines,12-06-2009,28.2,24.9,26.3,8.4,12.8,24.8,40186.59
Philippines,13-06-2009,28.2,24.6,26.1,5.3,11.5,22,42940.21
Philippines,14-06-2009,27.8,24,25.6,20.2,7.7,19.1,31866.92
Philippines,15-06-2009,26.6,23.7,25.1,20.3,7.8,19.8,8572.05
Philippines,16-06-2009,26.1,24,25.2,25.5,16,31.7,18292.78
Philippines,17-06-2009,25.8,25,25.4,23.1,19.8,38.5,18303.25
Philippines,18-06-2009,27,24.8,26,3,23.8,46.1,30809
Philippines,19-06-2009,27.9,25.3,26.6,3.7,22.1,40.3,40402.52
Philippines,20-06-2009,28.3,25.6,26.9,0.9,20,40.7,43045.71
Philippines,21-06-2009,28.4,25.8,26.9,0.4,15.1,29.9,42986.61
Philippines,22-06-2009,28.5,24.8,26.4,5.1,7.9,17.3,43003.17
Philippines,23-06-2009,28.3,24.2,25.5,24.1,18.6,46.8,24068.77
Philippines,24-06-2009,25.9,24,25.1,17.6,33.9,50,27433.91
Philippines,25-06-2009,26.7,24.4,25.6,3.4,24.7,47.2,43032.91
Philippines,26-06-2009,27.6,24.5,26,3.2,15,29.2,42554.79
Philippines,27-06-2009,28,24.4,25.9,1.9,8.2,20.2,39313.55
Philippines,28-06-2009,28.8,23.8,26.3,1.1,8.9,18.4,43078.95
Philippines,29-06-2009,28.6,24.3,26.5,1.3,6.3,15.5,43073.87
Philippines,30-06-2009,28.2,24.3,25.9,5.1,6.6,20.9,38259.05
Philippines,01-07-2009,26.9,24,25.6,7.8,10.8,20.5,30027.51
Philippines,02-07-2009,28,24.4,26.4,2.7,11.5,21.6,43098.93
Philippines,03-07-2009,28.3,24.6,26.4,0.1,11.3,25.2,43105.91
Philippines,04-07-2009,28.6,24.7,26.3,4,8.8,19.1,43112.11
Philippines,05-07-2009,28.1,23.8,25.9,7.3,9.4,18.7,35500.5
Philippines,06-07-2009,27.7,24.7,25.9,5.5,14,28.1,42929.32
Philippines,07-07-2009,28.5,24.7,25.8,5.8,9.8,21.6,33830.76
Philippines,08-07-2009,28.7,24.6,26.3,19.3,7.9,18.7,41598.54
Philippines,09-07-2009,27.9,24,25.9,5.2,15.6,29.2,37741.52
Philippines,10-07-2009,27.9,24.3,25.9,12.9,15.6,36,31849.77
Philippines,11-07-2009,26.7,24.2,25.4,9.4,13.3,27,24935.99
Philippines,12-07-2009,26.1,24.1,25.2,11.5,15.9,31.7,21419.98
Philippines,13-07-2009,25.8,24.3,24.9,38.1,14.3,28.4,5617.51
Philippines,14-07-2009,27.7,24.9,25.9,2.6,15.2,28.8,38724.21
Philippines,15-07-2009,27.6,24.7,25.9,15.8,9.3,22,30554.52
Philippines,16-07-2009,26,24.4,25.3,32.6,18.4,42.8,0
Philippines,17-07-2009,26,25,25.5,16.9,29.6,63,0
Philippines,18-07-2009,26.6,24.7,25.9,8.2,25.2,46.4,23096.97
Philippines,19-07-2009,28.2,24.8,26.3,9.4,14,27.4,40954.68
Philippines,20-07-2009,26,23.8,25,16.9,6.9,19.4,15817.29
Philippines,21-07-2009,26.5,23.6,25.3,8.6,10,22,23947.15
Philippines,22-07-2009,27.8,24,26,4.1,9,21.2,43077.17
Philippines,23-07-2009,28.9,25,26.6,3.3,15.6,29.2,43067.64
Philippines,24-07-2009,28.4,25.6,26.6,5.3,11.2,23.8,42027.04
Philippines,25-07-2009,28.8,24.1,26.3,6.9,12.7,26.6,40386.55
Philippines,26-07-2009,26.6,23.8,25.2,26.2,11.5,26.3,19627.89
Philippines,27-07-2009,25.9,24.1,25,23.2,19.4,42.8,7134.54
Philippines,28-07-2009,27.3,24.8,25.9,7.2,25.9,47.9,43006.78
Philippines,29-07-2009,27.4,24.1,25.7,7,16.9,40.3,40642.88
Philippines,30-07-2009,28.2,24.9,26.2,3.5,18.5,40.3,37798.24
Philippines,31-07-2009,26.6,24.9,25.6,10.3,15.4,33.1,10380.22
Philippines,01-08-2009,26,24.3,25,18.5,24.5,47.9,1618.83
Philippines,02-08-2009,27.1,25.1,25.9,1.9,36.7,68.4,41572.23
Philippines,03-08-2009,27.3,25.4,26.1,0.5,32.5,63.4,42902.4
Philippines,04-08-2009,27.9,25.4,26.3,3.4,21.9,49,36169.68
Philippines,05-08-2009,27.6,25.3,26.3,2.9,19.6,47.9,37943.19
Philippines,06-08-2009,27.7,25.7,26.4,1.3,26.9,59.8,40206.89
Philippines,07-08-2009,27.7,25.7,26.5,0.4,28.5,54.4,24881.2
Philippines,08-08-2009,28,25.5,26.4,0,31,58.3,41783.88
Philippines,09-08-2009,28.2,25.5,26.5,0,28.4,54,42765.02
Philippines,10-08-2009,28.3,25.6,26.8,0.1,24.2,43.6,40805.32
Philippines,11-08-2009,28.6,25.5,26.8,2.1,14,30.6,40515.85
Philippines,12-08-2009,28.6,25.3,26.6,4.4,11.8,22.3,16780.75
Philippines,13-08-2009,27.2,24.1,25.5,15.7,13.1,28.4,23207.05
Philippines,14-08-2009,28.6,24.7,26.5,4.6,6.4,16.9,40954.62
Philippines,15-08-2009,28.8,25.1,26.7,1.9,7.1,16.9,42601.24
Philippines,16-08-2009,27.6,24.8,26,12,7.7,22.7,42571.84
Philippines,17-08-2009,27.8,24.3,25.6,25.2,7.2,22,36180.63
Philippines,18-08-2009,28.2,23.9,26,1.9,6.4,16.2,42364.8
Philippines,19-08-2009,28.7,24.7,26.7,0.7,6.6,14.4,42480.58
Philippines,20-08-2009,29.1,25.5,27.1,2.7,10.1,19.4,42448.73
Philippines,21-08-2009,29.1,25.2,27.1,1.5,11.9,23.8,42415.92
Philippines,22-08-2009,29.1,25.5,27,3.5,11.9,23.8,42199.3
Philippines,23-08-2009,27.9,24.4,26.1,11.3,10.7,22.3,40443.54
Philippines,24-08-2009,27.9,24.5,26.2,5.8,8.5,20.5,42312.25
Philippines,25-08-2009,28.1,24.6,26.4,2.9,10.8,20.9,42276.16
Philippines,26-08-2009,28.4,25.1,26.4,4.8,10.5,22.3,40560.37
Philippines,27-08-2009,28.1,24.6,26,10.1,10.8,23,38237.75
Philippines,28-08-2009,27.1,24.5,25.7,11.3,12.3,22.3,35913.87
Philippines,29-08-2009,28.4,24.4,25.9,11.5,13.2,25.2,35698.17
Philippines,30-08-2009,27.5,24,25.8,10.9,11.1,23.8,33155.13
Philippines,31-08-2009,28,25,26.4,4,11,24.5,39500.18
Philippines,01-09-2009,27.8,25.2,26.4,17.6,10.1,22,36633.7
Philippines,02-09-2009,28,24.9,26.3,5.2,17.4,34.6,39453.9
Philippines,03-09-2009,26.9,24.5,25.7,11.4,16.3,46.1,5750.69
Philippines,04-09-2009,27,24.7,25.8,6.7,19.4,52.9,10359.24
Philippines,05-09-2009,27,24.5,25.4,25.2,18.5,51.8,22642.88
Philippines,06-09-2009,26.4,24.2,25.1,20.3,14.6,46.1,27189.15
Philippines,07-09-2009,25.9,24.7,25.2,22.9,13.3,39.2,2766.32
Philippines,08-09-2009,26.7,24.7,25.6,4.8,20.6,38.2,20195.74
Philippines,09-09-2009,27.3,25.1,26,5.2,24,47.2,38108.84
Philippines,10-09-2009,27.4,25,26,1.8,19.2,36.7,33799.9
Philippines,11-09-2009,25.5,24.3,24.9,39.1,13.4,34.9,0
Philippines,12-09-2009,26.8,24,25.3,17,18,42.5,8659.74
Philippines,13-09-2009,27.7,25.3,26.3,0.2,27.5,49.3,36297.38
Philippines,14-09-2009,28,25.2,26.4,0,15.6,29.5,41032.17
Philippines,15-09-2009,29.2,24.8,26.9,0.2,5.9,14.8,40355.87
Philippines,16-09-2009,28.3,24.9,26.4,4.3,10.5,24.8,40685.98
Philippines,17-09-2009,28.6,24.9,26.5,1.8,13,25.6,39813.46
Philippines,18-09-2009,27.7,25,26.2,10.7,8.7,24.5,32602.35
Philippines,19-09-2009,27.9,24.6,26,9.4,6.4,24.5,39216.58
Philippines,20-09-2009,27.6,24.6,26.1,5.6,8.9,19.4,35639.2
Philippines,21-09-2009,27.8,24.6,25.8,12.9,9.3,19.4,29795.03
Philippines,22-09-2009,26.2,23.9,25.1,18.3,15.5,25.2,1448.48
Philippines,23-09-2009,26.6,24.4,25.6,19.8,16,28.1,12119.27
Philippines,24-09-2009,26.6,24,25.1,7.7,11.7,24.5,12894.96
Philippines,25-09-2009,26.2,24.4,25.2,22,29.6,42.1,0
Philippines,26-09-2009,25.7,24.4,25,67,32,59.8,12350.19
Philippines,27-09-2009,25.5,24.6,25,6.6,30.6,59,11608.8
Philippines,28-09-2009,25.2,24.4,24.8,23.1,25.1,57.6,198.65
Philippines,29-09-2009,27.4,24.5,25.7,1.8,15.6,40.7,36767.87
Philippines,30-09-2009,27.6,24.3,25.8,4.5,9.5,23,37709.61
Philippines,01-10-2009,27,24.4,25.5,14,15.3,25.6,21447.62
Philippines,02-10-2009,25.4,23.7,24.9,68,27.7,51.8,0
Philippines,03-10-2009,27.5,24.8,26,4.4,26.1,55.4,25009.38
Philippines,04-10-2009,27.6,25.4,26.3,2,25.5,44.3,38814.03
Philippines,05-10-2009,27.6,25.1,26.2,4.9,14,34.9,39600
Philippines,06-10-2009,27.6,25.1,26,1.4,20.9,51.5,39599.1
Philippines,07-10-2009,27.8,25,26,1.8,26,52.2,39594.21
Philippines,08-10-2009,26,24.5,25.2,16.3,20.9,48.2,0
Philippines,09-10-2009,26.7,24.2,25.2,5.5,18.8,40.7,39230.67
Philippines,10-10-2009,27.1,24.2,25.6,0.3,20.8,35.6,39577.14
Philippines,11-10-2009,27.8,24.5,25.9,1.5,11.4,22.7,39570.53
Philippines,12-10-2009,28.7,23.9,26.3,0.2,15.2,28.1,39563.39
Philippines,13-10-2009,27.6,24.5,25.8,7.9,15.3,28.8,35648.81
Philippines,14-10-2009,26.1,24.1,24.8,18.3,18.2,46.1,5045.82
Philippines,15-10-2009,26.6,23.5,25,12.2,17.4,34.9,29901.43
Philippines,16-10-2009,27.1,24.1,25.5,3.1,8.4,18.4,39528.77
Philippines,17-10-2009,27,23.8,25.4,15.8,9.2,24.5,39518.41
Philippines,18-10-2009,28,24.2,25.7,4,12.2,28.4,33826.52
Philippines,19-10-2009,26.9,24.5,25.7,15.5,12.2,25.6,35158.18
Philippines,20-10-2009,26.7,23.9,25.2,8.1,13.1,26.6,33464.77
Philippines,21-10-2009,27.4,23.6,25.5,3,10.5,22,36214.4
Philippines,22-10-2009,27.5,25,26.1,0,15.9,29.2,23505.14
Philippines,23-10-2009,27.9,25.2,26.2,0.2,21.3,39.2,33650.61
Philippines,24-10-2009,28,24.9,26.2,0,20,36,39429.41
Philippines,25-10-2009,27.9,24.5,26,0,9.7,20.2,39414.61
Philippines,26-10-2009,27.6,23.4,25.4,0.6,15.7,28.8,39399.25
Philippines,27-10-2009,27.7,24.4,25.6,1.5,22.3,41.4,39383.34
Philippines,28-10-2009,26.9,23.9,25.1,0.2,20,36.7,39366.84
Philippines,29-10-2009,27.4,23.9,25.2,1.9,22.5,40.3,39349.77
Philippines,30-10-2009,27.2,24.1,25,40.8,41.1,90,26239.99
Philippines,31-10-2009,25.3,24.2,24.9,28.7,37.3,88.9,16710
Philippines,01-11-2009,28.5,23.1,25.8,0,10.4,16.9,39294.95
Philippines,02-11-2009,27.1,24.1,25.4,2.9,22.4,40.7,35675.45
Philippines,03-11-2009,27.2,24.3,25.5,3,27.6,48.2,30171.89
Philippines,04-11-2009,27.3,24.4,25.7,4.8,20.6,41,39234.55
Philippines,05-11-2009,27.4,24.8,25.7,2.2,22.4,46.1,31900.28
Philippines,06-11-2009,28.4,24.6,26.1,1.6,19.7,34.2,39171.14
Philippines,07-11-2009,27.5,24.7,25.9,0.8,17.3,34.9,39132.03
Philippines,08-11-2009,28.1,24.4,26,0.2,16.2,30.2,39093.26
Philippines,09-11-2009,28.3,24,25.8,0.2,14.5,27,39054.7
Philippines,10-11-2009,27.7,24,25.8,0.9,8.5,17.3,39016.38
Philippines,11-11-2009,27.9,24.3,25.8,0.2,15.9,29.9,38978.36
Philippines,12-11-2009,27.8,24.6,25.7,1,17.6,31,38940.68
Philippines,13-11-2009,28,23.9,25.9,0.5,12.2,23,38903.4
Philippines,14-11-2009,27.8,24.3,25.8,0.4,11.5,22.3,38866.54
Philippines,15-11-2009,28.3,24.5,26.1,0,13.6,26.6,38830.18
Philippines,16-11-2009,28.4,24.4,26,0.1,17,31.3,38794.34
Philippines,17-11-2009,26.8,24.6,25.6,0.7,15,32.4,38759.09
Philippines,18-11-2009,27.8,24.3,25.7,1.6,22,40,38724.47
Philippines,19-11-2009,27.2,24.1,25.4,1,23.1,41.8,38690.55
Philippines,20-11-2009,26.7,24.2,25,3.4,24.6,47.9,37398.13
Philippines,21-11-2009,27.3,23.9,25.1,2.1,21.5,40.7,35352.62
Philippines,22-11-2009,28,23.8,25.5,1.8,22.3,39.6,37875.95
Philippines,23-11-2009,27.2,24,25.3,1.7,22.1,38.9,37735.89
Philippines,24-11-2009,27.4,24.1,25.3,1.5,19.1,33.8,35147.12
Philippines,25-11-2009,28,24,25.2,1.8,18.9,33.8,36226.04
Philippines,26-11-2009,26.4,23.8,24.9,1.4,15.5,29.9,38476.8
Philippines,27-11-2009,27.5,23.9,25.3,0.2,17,31.7,38450.35
Philippines,28-11-2009,27.2,24.2,25.2,1.5,17.4,32,38424.97
Philippines,29-11-2009,27.4,24,25.2,0.6,20.7,36.4,38313.61
Philippines,30-11-2009,26.6,23.4,24.5,2.5,21.9,40.3,37499.84
Philippines,01-12-2009,24.7,22.7,23.7,2.9,25,43.9,38188.66
Philippines,02-12-2009,25.4,22.5,23.7,0.1,23.4,43.6,38331.01
Philippines,03-12-2009,25,22.3,23.4,1.3,22.4,43.9,38309.57
Philippines,04-12-2009,24.5,22.1,23.3,2.6,19.7,36,36673.01
Philippines,05-12-2009,25,22.5,23.6,0.5,24.9,43.9,38269.38
Philippines,06-12-2009,25.9,22.6,23.7,0,21.8,41.4,38250.7
Philippines,07-12-2009,25.6,22.2,23.7,0.2,20.4,38.2,38232.99
Philippines,08-12-2009,25.6,23,24.1,0.6,23.2,40.7,36597.07
Philippines,09-12-2009,25.3,23.3,24,5.5,24.3,45,23214.19
Philippines,10-12-2009,26.3,23.2,24.1,16.7,15.5,32,25794.22
Philippines,11-12-2009,27.4,23.2,24.8,0.6,15.3,27.4,36457.92
Philippines,12-12-2009,27.9,23.1,25.2,0.1,21.4,36.4,38077.48
Philippines,13-12-2009,27.3,23.5,24.9,2.8,18.7,33.5,38044.02
Philippines,14-12-2009,26.8,23.3,24.6,0,23.7,41.8,37946.86
Philippines,15-12-2009,27.2,23.4,24.8,0,19.4,36,37979.1
Philippines,16-12-2009,27.3,23.2,24.9,0.1,18.4,36.7,37947.81
Philippines,17-12-2009,27.5,23.5,24.9,0,19.4,33.8,37917.41
Philippines,18-12-2009,26.8,23.1,24.5,0.8,18.5,34.2,37887.47
Philippines,19-12-2009,26,22.8,23.9,2.9,22.8,41,37664.23
Philippines,20-12-2009,25.9,22.8,24,2.2,23.8,43.6,36604.66
Philippines,21-12-2009,25.8,22.3,23.6,0.9,22.6,44.6,37184.17
Philippines,22-12-2009,26.2,22.6,24.1,0.1,22.4,42.8,37408.64
Philippines,23-12-2009,26.3,22.8,24.3,0,23.6,41.8,37060.8
Philippines,24-12-2009,26.8,23.3,24.6,0,19.5,38.9,37708.97
Philippines,25-12-2009,27.1,23,24.6,0,17.3,32,37497.27
Philippines,26-12-2009,27.2,22.8,24.5,0,15.5,28.1,37652
Philippines,27-12-2009,27.1,22.5,24.4,0,16.2,33.5,37624.39
Philippines,28-12-2009,27.2,22.3,24.3,0,17.5,31.7,37597.47
Philippines,29-12-2009,26.7,23.4,24.7,1,21.3,38.2,36000
Philippines,30-12-2009,27.3,23.2,24.9,0.3,17.6,33.5,36920.93
Philippines,31-12-2009,26.6,23.3,24.5,0.3,24.6,44.6,36916.59
Philippines,01-01-2010,26.5,23.2,24.4,0.3,24.9,42.8,33417.91
Philippines,02-01-2010,25.4,23.6,24.4,1,25.7,40.3,18765.96
Philippines,03-01-2010,24.3,23.1,23.6,59.6,9.4,22,318.87
Philippines,04-01-2010,26.2,23.1,24.1,20,11.3,22,32549.77
Philippines,05-01-2010,27,23.2,24.6,0.6,12.3,24.8,36193.4
Philippines,06-01-2010,26.2,22.9,24.2,0.3,12.5,24.5,35806.84
Philippines,07-01-2010,25.7,22.8,23.8,0.8,17.9,33.5,36294.8
Philippines,08-01-2010,25.6,22.6,23.7,1.5,13,25.9,34310.02
Philippines,09-01-2010,26.5,23.2,24.3,1.9,16.7,29.5,36684.82
Philippines,10-01-2010,25.7,23.1,24.1,0.6,14.5,27,36567.45
Philippines,11-01-2010,26.4,23,24.4,0.7,12.3,23.4,36007.55
Philippines,12-01-2010,26.5,23.1,24.3,1.9,19.1,34.9,36104.81
Philippines,13-01-2010,25.4,22.5,23.8,2,30.7,54,36424.65
Philippines,14-01-2010,23.3,22,22.7,1.4,33.7,62.3,22875.46
Philippines,15-01-2010,24.6,22,23.1,0.2,34.5,64.4,30348.94
Philippines,16-01-2010,25.7,22.6,23.7,7.8,28.2,51.8,22771.02
Philippines,17-01-2010,26,22.6,24,16.7,25.2,43.6,32550.52
Philippines,18-01-2010,26.3,23.3,24.4,4,22.4,38.2,36201.66
Philippines,19-01-2010,27.1,23.2,24.7,0,24.7,45.4,37146.22
Philippines,20-01-2010,27,23,24.5,0.2,20.7,37.1,37152.8
Philippines,21-01-2010,26.1,22.4,23.9,0.9,22.9,39.2,37247.64
Philippines,22-01-2010,26.4,22.1,23.6,0,24.2,43.6,37427.38
Philippines,23-01-2010,26.1,22.3,23.7,0.7,20.6,40.3,36674.71
Philippines,24-01-2010,25.5,22.6,23.8,0.2,20.9,40.3,36377.38
Philippines,25-01-2010,26.9,22.7,24.2,0,21.6,40.7,37643.18
Philippines,26-01-2010,26.3,22.6,24,1.1,27.6,49,37381.09
Philippines,27-01-2010,26,22.5,23.8,2,25.6,40,37674.41
Philippines,28-01-2010,27,22,24,0,20.2,34.9,37877.66
Philippines,29-01-2010,27,22.5,24.2,0.1,21,39.2,37441.29
Philippines,30-01-2010,26.8,22.5,24.3,0.1,21.9,38.9,37117.81
Philippines,31-01-2010,27.6,22.7,24.7,0,16.2,29.2,37472.61
Philippines,01-02-2010,27.7,22.6,24.8,1.2,10.2,19.8,37929.2
Philippines,02-02-2010,26.8,22.6,24.5,0.1,10,23,37758.73
Philippines,03-02-2010,27.8,21,24.4,0,11.5,20.5,38800.77
Philippines,04-02-2010,27.7,22.2,24.5,0,15.8,28.8,38638.59
Philippines,05-02-2010,28.2,22.1,24.7,0,14.1,25.2,38859.02
Philippines,06-02-2010,27.1,22.7,24.7,0.9,11.2,22.3,38222.88
Philippines,07-02-2010,27.2,22.2,24.5,0,10.5,19.1,38915.67
Philippines,08-02-2010,27.8,22.2,24.5,0,17.8,32,39086.84
Philippines,09-02-2010,27.7,22.8,25,0.8,16.3,29.9,38673.26
Philippines,10-02-2010,28.9,23.2,25.5,0,15.6,28.1,39096.61
Philippines,11-02-2010,28.7,23.2,25.4,0,15.1,28.8,39123.28
Philippines,12-02-2010,28.2,22.7,25.1,0.5,14.7,28.1,39122.45
Philippines,13-02-2010,27.6,22.9,24.9,0.3,21.3,37.4,39174.68
Philippines,14-02-2010,28.6,22.7,25.3,0,15,30.6,39002.76
Philippines,15-02-2010,27.7,23.3,25.2,0.5,14.7,26.6,38028.29
Philippines,16-02-2010,28.6,22.9,25.1,0,18.6,32.8,39455.68
Philippines,17-02-2010,28.6,22.7,24.9,0,17.3,34.2,39691.46
Philippines,18-02-2010,27.2,22.9,24.6,0.8,19.9,36,38376.9
Philippines,19-02-2010,28.3,22.8,25,0,15.3,31.7,39311.6
Philippines,20-02-2010,28.2,22,24.8,0,15.7,27.7,39825.36
Philippines,21-02-2010,28.3,22.7,25.1,0,14.6,28.4,39870.69
Philippines,22-02-2010,28,22.8,25.2,0,8.4,21.6,39916.3
Philippines,23-02-2010,28,22.6,25.5,0,10,20.9,39902.03
Philippines,24-02-2010,27.9,23.5,25.4,0,10.8,23.4,38456.66
Philippines,25-02-2010,28.4,23.5,25.6,0,13.4,25.2,39987.22
Philippines,26-02-2010,28.2,23.1,25.4,0,13.7,24.5,40100.59
Philippines,27-02-2010,29,22.9,25.4,0,15.8,29.5,40146.93
Philippines,28-02-2010,29,23.3,25.5,0,18.7,33.5,40193.3
Philippines,01-03-2010,28.8,23.3,25.7,0,14.1,29.9,40239.67
Philippines,02-03-2010,28.3,23,25.4,0,8.9,19.1,40285.98
Philippines,03-03-2010,28,23.7,25.7,0.9,9.4,19.1,40332.21
Philippines,04-03-2010,29.4,23.5,26,0.1,13.1,23.4,40378.31
Philippines,05-03-2010,29.4,23.6,26.1,0,15.3,27,40424.27
Philippines,06-03-2010,28.6,23.9,26,0.5,11.2,19.4,40268.23
Philippines,07-03-2010,28.6,24,26.3,0,9.8,19.4,40515.53
Philippines,08-03-2010,29.3,24,26.3,0.8,13,24.1,40193.84
Philippines,09-03-2010,30.1,23.4,26.5,0,13.6,27,40520.55
Philippines,10-03-2010,28.7,24.3,26.1,1.1,20,34.6,35063.61
Philippines,11-03-2010,27.4,23.9,25.2,5.8,24,42.8,38588.46
Philippines,12-03-2010,27.6,23.8,25.5,3.7,16,33.8,39162.14
Philippines,13-03-2010,28.5,23.6,25.8,1.4,13.7,29.2,39788.21
Philippines,14-03-2010,29.8,23.7,26.1,0.4,20.2,34.9,40836.09
Philippines,15-03-2010,29,23.9,26.2,0.6,18.2,33.5,40882.21
Philippines,16-03-2010,29,23.7,25.7,2.2,21.6,37.8,40928.32
Philippines,17-03-2010,29.7,23.7,25.9,0.4,22.5,40,40974.38
Philippines,18-03-2010,29.3,24.1,26,0.1,21,37.4,41020.36
Philippines,19-03-2010,29.3,23.7,26,0,22.1,39.2,41066.23
Philippines,20-03-2010,28.3,24.3,26,1.6,17.9,31.3,40141.64
Philippines,21-03-2010,28.7,24.6,26.3,1.1,16.8,31.7,41157.52
Philippines,22-03-2010,30.1,24.1,26.8,0,18.1,32.4,41202.88
Philippines,23-03-2010,30.2,24.2,26.7,0,16.9,33.1,41248
Philippines,24-03-2010,28.9,24.1,26,1.7,13.2,27.7,41292.87
Philippines,25-03-2010,29.1,24.3,26.4,1.5,16,29.2,41337.43
Philippines,26-03-2010,27.6,24.2,25.6,4,25.1,46.1,41381.68
Philippines,27-03-2010,27.3,23.5,25.2,1.6,26.5,46.8,41118.29
Philippines,28-03-2010,27.4,23.6,25.3,0.2,25.3,47.2,41414.81
Philippines,29-03-2010,26.9,23.6,24.9,1,28,50,33172.63
Philippines,30-03-2010,27.3,23.3,24.9,0.2,27.8,51.1,37294.66
Philippines,31-03-2010,28.9,23.5,25.8,0.1,18.8,35.6,41599.62
Philippines,01-04-2010,29.1,24,26.2,0.2,15.1,28.1,41643.11
Philippines,02-04-2010,30,24.4,26.8,0,15.5,28.1,41686.5
Philippines,03-04-2010,30.2,24.4,26.8,0,20.9,39.2,41729.8
Philippines,04-04-2010,30,24.2,26.5,0,18.1,33.5,40020.71
Philippines,05-04-2010,30.6,24.2,27.1,0.1,13.2,25.2,41815.98
Philippines,06-04-2010,30.7,24.3,27.1,0,15.2,27.7,41135.45
Philippines,07-04-2010,31.3,24.1,27,0,17.9,33.1,41901.42
Philippines,08-04-2010,30.6,24.2,26.8,0,17.1,31.3,41085.62
Philippines,09-04-2010,30.5,24.2,26.7,0,9.5,20.2,41985.88
Philippines,10-04-2010,31,24.5,27.2,0,19.4,33.8,42027.68
Philippines,11-04-2010,30.9,24.5,27.3,0,19.4,33.8,42069.16
Philippines,12-04-2010,29.9,24.3,26.5,2.9,13.9,25.2,33770.01
Philippines,13-04-2010,29.3,24.5,26.6,2.4,12.1,26.3,41475.7
Philippines,14-04-2010,29.6,24.6,27.1,0.3,18.4,42.5,42102.73
Philippines,15-04-2010,31.2,24.3,27.5,0,16.9,30.2,42108.4
Philippines,16-04-2010,30.5,25.1,27.3,0,18.8,36.7,42114.46
Philippines,17-04-2010,29.7,24.7,26.7,1.6,22.1,39.6,42120.69
Philippines,18-04-2010,30.5,24.6,27.1,0.5,19.5,37.1,42127.04
Philippines,19-04-2010,30.7,24.6,27.1,0,12.7,24.8,39561.19
Philippines,20-04-2010,30,24.2,27,0,12.4,24.1,42140.18
Philippines,21-04-2010,29.7,24.8,27.2,0.2,12.2,24.1,42147
Philippines,22-04-2010,31,25.6,27.7,0,8.3,19.1,42154
Philippines,23-04-2010,30,25.7,27.5,1.4,9,23,40444.71
Philippines,24-04-2010,31,25.6,27.8,0,17.7,33.1,42168.63
Philippines,25-04-2010,31.4,24.8,27.5,0,20.1,34.9,42176.29
Philippines,26-04-2010,30.3,25.3,27.5,0.7,19.3,34.9,42184.2
Philippines,27-04-2010,30.6,25.4,27.3,1.8,12.5,25.6,42192.36
Philippines,28-04-2010,30.1,25.6,27.5,9.9,9.6,21.2,40983.99
Philippines,29-04-2010,29.3,24.7,27,4.4,10.7,22,38966.16
Philippines,30-04-2010,30.3,25.5,27.6,0.6,7.4,16.2,42218.59
Philippines,01-05-2010,29.7,25.6,27.5,0.1,7.9,18,42227.95
Philippines,02-05-2010,29.9,25.7,27.6,0,7.4,16.6,42257.66
Philippines,03-05-2010,29.6,25.4,27.3,1.2,7.4,16.9,41882.07
Philippines,04-05-2010,30.2,25.4,27.5,1.2,10.2,18.7,41145.85
Philippines,05-05-2010,30.1,25.4,27.8,0.1,8.9,20.2,42268.88
Philippines,06-05-2010,30.3,25.8,28,0.1,11,23,42353
Philippines,07-05-2010,31.6,26.2,28.5,0,13.9,24.8,42363.77
Philippines,08-05-2010,30.5,26.1,28,1.3,11.2,19.8,42438.85
Philippines,09-05-2010,30.7,26.2,28.1,0,7.6,18.7,42386.41
Philippines,10-05-2010,31.1,26.1,28.3,0,10.8,21.6,42464.48
Philippines,11-05-2010,30.9,26.5,28.3,1,9.7,21.2,41556.49
Philippines,12-05-2010,31.7,25.6,28.2,0.4,15.9,28.8,42355.85
Philippines,13-05-2010,30.1,26.2,28,0.3,11.8,26.3,42435.84
Philippines,14-05-2010,29.9,25.9,27.9,0,10.4,21.2,42589.07
Philippines,15-05-2010,31.5,25.3,28.2,0,12.2,26.6,42675.01
Philippines,16-05-2010,32.2,25.9,28.7,0,15.4,27.4,42547.73
Philippines,17-05-2010,31.6,26.2,28.6,0,10.5,21.2,42634.75
Philippines,18-05-2010,31.1,26.3,28.3,0,9.8,19.4,42442.79
Philippines,19-05-2010,31.1,26.1,28.5,0,6.6,19.1,42665.87
Philippines,20-05-2010,31.6,25.8,28.7,0.1,9,17.6,42607.33
Philippines,21-05-2010,31.5,26.1,28.6,0,10,18.4,42772.11
Philippines,22-05-2010,30.5,26.4,28.3,0,8.3,17.3,42713.16
Philippines,23-05-2010,30.9,27,28.6,0,16.9,31.3,42804.7
Philippines,24-05-2010,30.7,26.2,28.4,0,17,30.2,42668.77
Philippines,25-05-2010,30.9,26.7,28.5,0,13,28.4,42550.9
Philippines,26-05-2010,29.5,25.3,27.6,2.2,12.1,26.3,42566.49
Philippines,27-05-2010,29.8,26.2,27.7,1,10.2,23,42582.48
Philippines,28-05-2010,30.4,25.4,27.9,2.3,10.7,22.3,42032.05
Philippines,29-05-2010,29.8,25.3,27.6,0.5,12.8,25.2,42671.86
Philippines,30-05-2010,30.3,27.1,28.4,4,16.1,31.7,42843.74
Philippines,31-05-2010,31.1,26.7,28.6,0.7,14.6,28.4,42783.92
Philippines,01-06-2010,30.4,26.8,28.2,2.4,14.7,34.6,35770.45
Philippines,02-06-2010,29.5,25.4,27.2,9.5,12.8,27,35485.36
Philippines,03-06-2010,29.4,25.7,27.4,8.8,14.6,31.7,36035.07
Philippines,04-06-2010,30,26.7,28.2,4.6,15.2,34.2,42720.87
Philippines,05-06-2010,30.3,26.6,28,3,13.4,28.8,41470.75
Philippines,06-06-2010,30,26.2,27.9,2.8,14.8,32.4,42756.18
Philippines,07-06-2010,30.1,26.3,27.8,1.4,14.1,27,42773.61
Philippines,08-06-2010,29.7,25.8,27.7,3.4,7.5,19.1,42790.81
Philippines,09-06-2010,29.1,25.6,27.3,2.6,9.3,21.2,39659.1
Philippines,10-06-2010,29.1,24.9,27,9,7.4,18.4,36837.16
Philippines,11-06-2010,28.6,25.2,26.8,6,7.8,15.8,42537.2
Philippines,12-06-2010,29.3,25.2,27.3,2.4,7.6,19.4,42856.12
Philippines,13-06-2010,29.7,25.9,27.7,2.7,7.9,17.6,41002.06
Philippines,14-06-2010,29.5,25.9,27.1,7.5,9.7,25.6,42544.15
Philippines,15-06-2010,29.3,24.6,27.2,10.4,12.6,21.2,40028.8
Philippines,16-06-2010,29.8,25.5,27.5,1.3,7.4,19.4,43053.27
Philippines,17-06-2010,29.7,24.7,27,10.7,7.5,19.4,41530.76
Philippines,18-06-2010,28.5,25.1,26.9,3.5,8.9,25.2,41418.77
Philippines,19-06-2010,27.9,24.7,26.2,10.2,9.3,21.6,36600.53
Philippines,20-06-2010,28.8,24.7,26.8,9.1,10.6,23.4,42969.27
Philippines,21-06-2010,27.8,24.8,26.4,4.7,10.3,23.8,42982.77
Philippines,22-06-2010,27.2,24.3,26.1,8.3,10.9,23.4,12820.19
Philippines,23-06-2010,29.4,26,27.7,1.8,7.5,18.7,41933.48
Philippines,24-06-2010,29.3,25.8,27.6,5,9.4,19.8,38210.43
Philippines,25-06-2010,28.1,25.7,26.5,15.4,14.1,28.4,33305.79
Philippines,26-06-2010,28.1,24.6,26.4,7.9,9.3,23.8,43044.86
Philippines,27-06-2010,28.8,24.6,26.5,5.4,6.9,15.5,40213.34
Philippines,28-06-2010,29.3,24.8,26.7,4,9.2,19.8,43080.77
Philippines,29-06-2010,28.5,24.7,26.2,7.1,12.7,23.8,33922.91
Philippines,30-06-2010,28.5,24.5,26.6,3.4,13,24.8,41281.68
Philippines,01-07-2010,29.1,26.1,27.1,9.2,12.3,25.9,40339.82
Philippines,02-07-2010,28.9,25.5,27.1,2.7,9,17.6,43099.48
Philippines,03-07-2010,28.5,25.5,27,1.6,8.3,19.1,43127.57
Philippines,04-07-2010,29.5,25.3,27.4,0.5,8.6,20.9,43110.75
Philippines,05-07-2010,29.3,25.4,27.3,2,13,25.2,43114.87
Philippines,06-07-2010,28.7,25,26.8,6.6,9.8,21.6,43118.36
Philippines,07-07-2010,28.7,24,26.2,13.1,7.5,18,38279.06
Philippines,08-07-2010,28.6,24.4,26.1,5.7,8.4,18.7,31455.63
Philippines,09-07-2010,27.7,23.9,25.8,7,7.5,15.8,31535.76
Philippines,10-07-2010,27.2,24.5,26,8.6,7.9,19.8,34107.56
Philippines,11-07-2010,28.4,25.2,26.5,3.4,9.1,18.7,41492.48
Philippines,12-07-2010,29.4,25.4,26.9,2.5,8.1,20.9,41278.23
Philippines,13-07-2010,25.7,23.8,24.8,86.7,25.8,47.9,0
Philippines,14-07-2010,26.6,24.2,25.3,28,24.1,45.4,23574.69
Philippines,15-07-2010,28.1,24,25.7,9.4,9.6,21.2,34127.78
Philippines,16-07-2010,28.2,23.9,26.3,4.2,8.9,16.2,7231.88
Philippines,17-07-2010,28.2,25.2,26.2,9.6,10.5,20.5,20786.94
Philippines,18-07-2010,27.1,24.2,25.4,12.8,15,29.5,1792.42
Philippines,19-07-2010,27.1,24.7,25.7,9.1,15.6,28.8,40036.22
Philippines,20-07-2010,28.5,25.1,26.7,4.5,15.5,28.1,33495.17
Philippines,21-07-2010,27.7,23.8,25.6,11.5,6.6,18.7,28377
Philippines,22-07-2010,27.5,24.2,25.4,17.4,6.8,18,28806.26
Philippines,23-07-2010,27.1,23.8,25.4,7.6,8.2,21.6,27611.72
Philippines,24-07-2010,26.2,24,24.9,20.6,13.7,25.2,15167.86
Philippines,25-07-2010,26.2,24,25.3,16.9,15.2,33.1,0
Philippines,26-07-2010,28.5,24.9,26.4,5.9,9.8,26.3,43037.73
Philippines,27-07-2010,27.5,23.8,25.7,6.6,10.2,25.2,43024.29
Philippines,28-07-2010,28,24.1,25.8,12.9,8.7,24.8,37165.21
Philippines,29-07-2010,28.5,23.5,25.9,10.7,8.4,18,40040.05
Philippines,30-07-2010,27.6,24.1,25.6,11.3,8.2,17.6,42595.92
Philippines,31-07-2010,26.2,24,25.1,20.8,17.7,30.2,21316.54
Philippines,01-08-2010,28.4,25.6,26.6,3.6,11.2,25.6,42943.32
Philippines,02-08-2010,29,24.4,26.2,13.8,9.9,23.8,42924.53
Philippines,03-08-2010,27.4,24.4,25.7,10.1,14.2,29.9,23472.37
Philippines,04-08-2010,27.5,24.1,25.5,30.9,7.6,18.7,27820.64
Philippines,05-08-2010,26.9,24.1,25.4,10.9,17.9,31,26826.4
Philippines,06-08-2010,26.6,24.4,25.5,7.9,26.9,47.2,39589.21
Philippines,07-08-2010,27.3,24.7,25.8,1.8,33.3,62.6,39410.83
Philippines,08-08-2010,27.1,24.9,25.8,2.7,28.5,55.4,25062.91
Philippines,09-08-2010,27.6,25.1,26.3,0.4,21.5,41.4,33437.82
Philippines,10-08-2010,28,25.3,26.5,2.1,13,27,42746.32
Philippines,11-08-2010,27.1,24.2,25.5,9.7,9.4,20.2,20316.91
Philippines,12-08-2010,26.7,23.3,25.2,7.4,5.6,16.9,11530.43
Philippines,13-08-2010,27.9,24.8,26.4,1.8,8.1,24.8,42667.99
Philippines,14-08-2010,28.1,24.8,26.6,2.2,7.9,19.8,39950.87
Philippines,15-08-2010,28.9,25.2,26.5,6.9,7.5,19.8,38729.19
Philippines,16-08-2010,28.9,24.7,26.2,5.3,10.8,22.7,36981.6
Philippines,17-08-2010,26.2,24.1,24.9,16.8,11.3,28.8,14356.94
Philippines,18-08-2010,25.7,24.4,24.9,16.8,9.1,28.8,12542.87
Philippines,19-08-2010,27.8,23.9,25.8,13.9,8.2,19.8,38183.37
Philippines,20-08-2010,28.1,24.5,26.1,14.7,5.2,16.6,28455.52
Philippines,21-08-2010,26.8,24,25.3,8.3,9.3,21.6,28059.64
Philippines,22-08-2010,27.4,24,25.5,6,10.9,25.2,35571.86
Philippines,23-08-2010,28,24.1,26.1,1.3,12.6,23.4,40230.34
Philippines,24-08-2010,28.6,23.9,25.8,18.3,9.3,23,25337.65
Philippines,25-08-2010,27.7,24.1,25.4,28.8,11.8,27.7,25684.35
Philippines,26-08-2010,25.7,23.9,24.5,20,13,26.3,212.64
Philippines,27-08-2010,28,24.1,26,5.1,21,40.7,42208
Philippines,28-08-2010,28,24.4,26.2,2.3,25.3,44.3,42170.66
Philippines,29-08-2010,28.2,25.4,26.3,4.4,16.9,35.3,39600
Philippines,30-08-2010,28.5,25,26.7,0.1,16.6,34.6,42095.08
Philippines,31-08-2010,28.1,25.6,26.6,2.2,22.3,41.4,41868.3
Philippines,01-09-2010,28.1,25.3,26.4,4.2,18.1,36,41860.52
Philippines,02-09-2010,27.2,24.8,25.9,17,12.8,27.4,20425.51
Philippines,03-09-2010,26.8,24.6,25.7,4,14.5,30.2,0
Philippines,04-09-2010,28.3,25.5,26.7,1.1,16.2,29.5,41278.81
Philippines,05-09-2010,28.7,24.6,26.8,1,11.8,21.2,39298.66
Philippines,06-09-2010,27.9,24.8,26.3,3,10,21.6,40829.79
Philippines,07-09-2010,27.7,24.4,26,5.3,9.4,20.9,27387.87
Philippines,08-09-2010,27.1,24.5,25.6,11.5,12.6,25.6,32148.63
Philippines,09-09-2010,28.2,24.8,26.5,0.7,15.1,27,40106.75
Philippines,10-09-2010,28.3,24.1,25.9,12.9,8.3,24.1,38999.77
Philippines,11-09-2010,27.8,24,25.6,8.9,15.3,31,35874.85
Philippines,12-09-2010,27.6,23.5,25.5,7.5,10.5,20.5,36094.96
Philippines,13-09-2010,27.8,24.7,25.8,7.6,9,21.6,35351.51
Philippines,14-09-2010,28.1,23.7,25.6,6.1,11.5,23.8,38671.07
Philippines,15-09-2010,27.1,23.8,25,13.7,6.5,16.2,30403.37
Philippines,16-09-2010,28.2,23.6,25.9,5.9,5.1,14.8,38882.75
Philippines,17-09-2010,28.5,24.6,26.3,4.9,12.6,24.1,39600
Philippines,18-09-2010,27.6,23.7,25.8,11.4,13.6,28.1,29101.85
Philippines,19-09-2010,28.4,24.2,26.3,3.4,14.9,28.8,40459.93
Philippines,20-09-2010,27.8,24.7,26.1,6.8,11.2,23.4,35818.29
Philippines,21-09-2010,27.5,24.3,25.6,6.8,14.6,26.6,30058.27
Philippines,22-09-2010,28.4,24.4,25.8,13.7,10.9,24.5,33841.52
Philippines,23-09-2010,28.5,23.6,25.8,12.4,7.1,18,28326.49
Philippines,24-09-2010,27.9,24.3,25.8,9.3,8.4,18,33441.05
Philippines,25-09-2010,27.8,24.2,25.9,11.5,9,19.8,30854.17
Philippines,26-09-2010,28.6,24.8,26.2,3.9,11.5,24.8,39671.82
Philippines,27-09-2010,28.3,25.1,26.3,1.1,14.3,26.6,33209.41
Philippines,28-09-2010,27.4,24.7,25.7,10.2,17.1,32,29867.44
Philippines,29-09-2010,27.5,24.7,25.7,7.3,17.3,36,36114.1
Philippines,30-09-2010,27.2,24.7,25.5,5.2,17,38.2,28800
Philippines,01-10-2010,26.2,23.9,24.8,13.6,15.8,30.2,12620.43
Philippines,02-10-2010,26.7,23.5,24.9,18.3,13.8,28.1,1972.75
Philippines,03-10-2010,27.6,24.7,25.9,3.4,14.6,28.1,36088.77
Philippines,04-10-2010,28.3,24.9,26,4.9,15.9,28.1,39600
Philippines,05-10-2010,28.2,24.8,26.1,5.7,14.2,23.4,39600
Philippines,06-10-2010,28.8,25.1,26.5,0.1,12.6,25.9,39256.01
Philippines,07-10-2010,28.9,24.2,26.3,2.7,14,27.4,39597.83
Philippines,08-10-2010,27.4,24.3,25.8,4.1,8.9,20.5,33464.89
Philippines,09-10-2010,27.2,24.1,25.4,11.8,5.5,15.5,32650.57
Philippines,10-10-2010,27.7,24.3,25.8,6.3,8.6,21.2,35980.04
Philippines,11-10-2010,27.8,23.9,25.9,5.3,11,22.3,35233.79
Philippines,12-10-2010,27.5,24.2,25.6,11.5,9.8,30.6,28591.73
Philippines,13-10-2010,26.7,24.4,25.4,12.8,8.7,25.6,28303.73
Philippines,14-10-2010,27.5,24.2,25.6,5.9,9.9,24.1,36305.07
Philippines,15-10-2010,27.3,23.8,25.4,8.9,16.3,30.6,28755.27
Philippines,16-10-2010,27.5,24.2,25.2,9,12.7,24.5,32861
Philippines,17-10-2010,28.6,24.2,26.1,2.5,12.2,25.6,39518.16
Philippines,18-10-2010,27.9,25.5,26.5,0.8,30.5,52.2,9567.49
Philippines,19-10-2010,27.1,25.2,26,5.2,30.2,53.6,20070.22
Philippines,20-10-2010,26.8,24.3,25.7,8.8,26.8,47.9,38427.58
Philippines,21-10-2010,27,24.3,25.7,14.4,27.8,48.2,31768.22
Philippines,22-10-2010,27.1,24.8,25.8,12.6,21.4,37.4,21231.59
Philippines,23-10-2010,27.5,24.5,25.9,3.7,14.5,27.7,26026.7
Philippines,24-10-2010,27.6,25,26.1,1,6.8,20.5,27539.23
Philippines,25-10-2010,27,24.2,25.4,21.6,5.9,16.9,24712.24
Philippines,26-10-2010,26.7,23.8,25,9.7,6.4,17.6,31351.73
Philippines,27-10-2010,24.9,23.7,24.3,97.3,19.5,41.8,0
Philippines,28-10-2010,27.6,24,25.4,4.8,18.9,37.4,39372.72
Philippines,29-10-2010,25.7,23.9,24.6,8.1,19.9,34.2,37116.7
Philippines,30-10-2010,26.1,23.8,24.8,2.8,25.6,42.8,39338.47
Philippines,31-10-2010,26.6,24,24.9,5.1,23.7,44.3,35655.84
Philippines,01-11-2010,26.4,23.9,24.9,4.5,24.4,40.3,29688.8
Philippines,02-11-2010,25.4,23.7,24.6,5.7,11.4,25.9,9993.92
Philippines,03-11-2010,28.5,23.6,25.6,2.6,15.5,28.8,37090.86
Philippines,04-11-2010,27.9,24.2,25.7,0.9,14.3,29.2,36412.09
Philippines,05-11-2010,26.9,24.5,25.2,9.8,16.8,29.5,22238.34
Philippines,06-11-2010,27.1,24,25.5,1.9,8.2,18.4,27887.29
Philippines,07-11-2010,26.5,24.2,25.4,5,7.8,17.3,30131.44
Philippines,08-11-2010,28.3,24,25.8,2.9,8.4,23.8,39103.75
Philippines,09-11-2010,27.6,24.2,25.4,9.1,12,24.8,35524.42
Philippines,10-11-2010,26.1,23.5,24.7,11.2,8.3,22,15312.03
Philippines,11-11-2010,26.6,23.5,25.1,2.3,6.1,16.2,27203.41
Philippines,12-11-2010,27.8,23.9,25.3,5.6,11.4,25.2,35724.83
Philippines,13-11-2010,28.3,23.9,25.7,2.8,8.4,22,34869.54
Philippines,14-11-2010,27.7,24.3,25.5,4.1,16.4,34.9,28972.49
Philippines,15-11-2010,27.6,24.5,25.4,3.8,17.8,34.2,34845.55
Philippines,16-11-2010,27.2,24.2,25.2,2.2,16.3,32,33367.98
Philippines,17-11-2010,27.5,24.3,25.3,4.4,14.5,29.9,35309.39
Philippines,18-11-2010,26.4,23.9,25,3.8,11,23,4560.78
Philippines,19-11-2010,27.7,24.3,25.6,1.4,12,20.2,38697.29
Philippines,20-11-2010,27.4,24.2,25.3,2.2,12.5,24.5,38664.69
Philippines,21-11-2010,27.2,24,25.2,3.5,15.4,27.4,31592.23
Philippines,22-11-2010,26.7,23.6,24.8,7.7,7.6,19.4,31735.75
Philippines,23-11-2010,27,23.5,25.2,9.9,5.9,16.6,36347.2
Philippines,24-11-2010,27.3,24,25.7,5.2,12.3,25.9,33275.86
Philippines,25-11-2010,26.9,24.3,25.4,3,13,24.1,26759.72
Philippines,26-11-2010,25.5,23.9,24.6,12.6,24,43.6,22033.87
Philippines,27-11-2010,26.6,24.4,25.2,2.6,18.3,36.4,35717.48
Philippines,28-11-2010,27,24.3,25.1,2.8,22.1,42.5,29405.42
Philippines,29-11-2010,27.1,24.2,25.5,0.8,20.5,33.5,37765.74
Philippines,30-11-2010,29,24.2,26.2,0.4,18.8,34.2,38382.93
Philippines,01-12-2010,27.4,24.7,25.9,0.9,21.5,38.2,38358.9
Philippines,02-12-2010,28.5,24.5,25.9,2.3,19.8,38.5,38335.76
Philippines,03-12-2010,26.6,24.5,25.2,3,21.2,39.6,36596.66
Philippines,04-12-2010,27.8,23.8,25.7,2.3,20.9,37.4,37014.69
Philippines,05-12-2010,28.3,24.4,25.9,3.3,19.3,37.4,37163.49
Philippines,06-12-2010,28.1,24.8,26.1,0.8,19.2,31.3,38252.92
Philippines,07-12-2010,27.1,24.2,25.2,1.7,18.5,33.1,38234.84
Philippines,08-12-2010,26,23.6,24.4,4.7,19.6,35.6,32657.36
Philippines,09-12-2010,25.1,23.5,24.1,2.8,25.7,45.7,18392.11
Philippines,10-12-2010,25.1,23.1,24.2,7,24.5,46.4,20165.49
Philippines,11-12-2010,25.9,23.9,24.7,1.8,23.4,44.3,13088
Philippines,12-12-2010,26.8,22.8,24.9,10.8,15.5,32.8,34953.73
Philippines,13-12-2010,26.5,23.5,24.9,8.3,8.4,22.7,28885.16
Philippines,14-12-2010,28.1,23.5,25.6,0.3,10.7,18,38026.74
Philippines,15-12-2010,27,24.3,25.2,3.3,14.3,25.9,34751.45
Philippines,16-12-2010,27.8,24.1,25.6,1.9,8.2,16.6,37690.27
Philippines,17-12-2010,26.1,23.9,24.8,5.4,23,41.8,28351.61
Philippines,18-12-2010,26.3,24,24.9,4.9,20.6,40,34969.28
Philippines,19-12-2010,27.2,24,25.1,1,22.2,40.3,37865.32
Philippines,20-12-2010,26.5,23.7,25,1.9,21.6,40,31866.64
Philippines,21-12-2010,27.1,23.8,25.1,0,21.8,35.3,37764.16
Philippines,22-12-2010,26.3,23.4,24.5,0.4,19.2,34.6,36720.91
Philippines,23-12-2010,26,23.4,24.3,0.2,24.2,41.4,35947.78
Philippines,24-12-2010,25.5,23.6,24.1,6.1,22.7,36.7,25469.48
Philippines,25-12-2010,25.3,23.1,23.8,7,17.1,32.4,14935.27
Philippines,26-12-2010,25.7,23.1,24.1,4.1,23.5,43.6,35431.24
Philippines,27-12-2010,26.5,23.4,24.6,0,23.2,44.3,37151.88
Philippines,28-12-2010,26.6,23.7,24.6,4.1,18.2,34.9,37145.88
Philippines,29-12-2010,25.8,23.3,24.1,12.1,16.3,38.2,27914.61
Philippines,30-12-2010,25.7,23.3,24,17.9,16.1,32,24201.44
Philippines,31-12-2010,25.4,22.9,23.7,30.3,22.3,40.7,22639.94
Philippines,01-01-2011,24,22.7,23.2,5.8,26.8,51.5,9403.1
Philippines,02-01-2011,24,22.9,23.4,1.1,31.5,54.4,27948.3
Philippines,03-01-2011,24.5,22.9,23.5,0,29.5,54.4,36306.52
Philippines,04-01-2011,25.3,22.3,23.4,0.3,26,50,36393.72
Philippines,05-01-2011,25.9,22.3,24,0.1,26.5,48.2,35911.46
Philippines,06-01-2011,25.1,23.2,23.9,4.1,18.6,40,8035.5
Philippines,07-01-2011,24.9,23.2,23.7,6.3,23.1,42.8,17874.89
Philippines,08-01-2011,25.2,22.7,23.7,18.9,27.7,49.3,20079.22
Philippines,09-01-2011,26,23.1,24.2,4,19.7,36.7,36588.04
Philippines,10-01-2011,25.6,23.2,24.2,4.8,25.8,46.1,35469.7
Philippines,11-01-2011,24.3,22.7,23.4,19.1,24.6,46.1,1601.61
Philippines,12-01-2011,26.3,22.1,24.1,5,18.4,33.5,31956.99
Philippines,13-01-2011,25.7,23.1,24.2,5.5,17.7,33.5,23114.26
Philippines,14-01-2011,25.3,23,24,9.3,9,22,15832.08
Philippines,15-01-2011,26.6,23,24.4,2.4,16.6,36,31618.6
Philippines,16-01-2011,23.8,22.3,23.1,5.6,29.2,55.8,2651.88
Philippines,17-01-2011,22.9,21.6,22.1,6.2,33.5,66.6,16201.58
Philippines,18-01-2011,24.2,21.2,22.7,7,29.5,51.8,15724.08
Philippines,19-01-2011,25.7,23,24,1.7,16.1,33.8,31733.58
Philippines,20-01-2011,25.1,22.2,23.7,4.1,5.4,20.2,23847.64
Philippines,21-01-2011,26.7,22.5,24.2,3.8,7.6,15.5,30819.45
Philippines,22-01-2011,26.5,23,24.4,2.1,14.7,25.2,35021.82
Philippines,23-01-2011,27.4,23.3,24.8,1.5,18.2,33.1,36476.3
Philippines,24-01-2011,26.1,23.3,24.3,3.6,20.6,39.6,36295.75
Philippines,25-01-2011,25.6,23.2,24,0.5,30.3,55.4,36660.5
Philippines,26-01-2011,25.8,23,24,0.5,32.4,54.7,36830.21
Philippines,27-01-2011,25.5,22.8,23.8,0.4,30.3,56.5,36567.33
Philippines,28-01-2011,25.3,22.5,23.6,0.4,25.9,49,37412.1
Philippines,29-01-2011,25.3,22.4,23.5,0,25.7,47.5,38188.27
Philippines,30-01-2011,25.4,22.4,23.5,0,26.5,51.1,37952.03
Philippines,31-01-2011,24.7,21.9,22.9,1.6,33.9,60.8,36677.43
Philippines,01-02-2011,23.7,21.6,22.3,0.3,34.1,61.2,29075.38
Philippines,02-02-2011,23.3,21.8,22.5,0,29.8,50.8,6588.86
Philippines,03-02-2011,24.7,22.2,23.1,9.9,27.2,50.8,18535.16
Philippines,04-02-2011,24.7,22.2,23,89.3,19.9,35.6,8157.49
Philippines,05-02-2011,25.6,22.8,23.9,6.4,25.8,45.7,36089.46
Philippines,06-02-2011,26.4,23.1,24.3,0.5,20.3,37.1,34396.14
Philippines,07-02-2011,25.7,23,23.9,6,14.4,24.1,36295.95
Philippines,08-02-2011,26.5,22.6,24.4,0.7,9.9,21.6,38154.15
Philippines,09-02-2011,27.4,22.9,24.9,0.7,7,13,38669.22
Philippines,10-02-2011,27.6,22.5,25.2,0.1,4.4,13.3,38991.58
Philippines,11-02-2011,27.9,23.1,25.2,7.3,11.8,15.5,37871.65
Philippines,12-02-2011,25,22.6,23.5,6.5,29.1,51.1,30594.1
Philippines,13-02-2011,25.3,22.2,23.5,0.7,26,49.7,34214.99
Philippines,14-02-2011,25.8,22.7,23.9,1.2,10.6,27,33712.54
Philippines,15-02-2011,26.2,22.9,24.2,0.6,21.1,38.5,38028.09
Philippines,16-02-2011,27,23,24.5,0,19.1,34.6,33134.51
Philippines,17-02-2011,27.1,23.3,24.8,0.9,20.6,34.2,38074.16
Philippines,18-02-2011,27.3,22.8,24.6,0.3,17.9,31.3,38221.86
Philippines,19-02-2011,26.8,22.8,24.4,0,19.5,36.7,38555.11
Philippines,20-02-2011,27.1,22.4,24.3,0,16,30.2,39758.69
Philippines,21-02-2011,26.1,22.4,23.9,0,21.8,41,39673.15
Philippines,22-02-2011,25.8,22.6,23.8,1.1,25.2,43.6,38153.27
Philippines,23-02-2011,25.3,22.3,23.5,0,21.6,41,38326.63
Philippines,24-02-2011,25.2,21.7,23,0.8,21.6,39.2,36979.06
Philippines,25-02-2011,25.3,21.9,23.3,0.2,26.2,47.9,39304.16
Philippines,26-02-2011,25.4,22.1,23.4,0,27,48.6,38357.82
Philippines,27-02-2011,26.6,22.2,24,2.5,23.3,42.5,34359.61
Philippines,28-02-2011,26.8,23.2,24.5,2.7,24.8,43.6,36212.05
Philippines,01-03-2011,27.2,23.4,24.7,4.2,17.1,30.2,30318.84
Philippines,02-03-2011,26.6,23,24.1,18.4,21.2,38.2,27021.79
Philippines,03-03-2011,24.9,22.7,23.5,21.1,18.8,34.6,1538.92
Philippines,04-03-2011,26.1,22.3,23.8,9.7,15.6,27.4,32073.53
Philippines,05-03-2011,26.5,23,24.2,2.5,15.7,33.8,38235.9
Philippines,06-03-2011,27,22.9,24.4,3.2,11.5,27.4,39202.14
Philippines,07-03-2011,27.1,22.4,24.7,4.5,6.2,19.8,40057.47
Philippines,08-03-2011,27.1,22.9,24.6,3.8,13.7,25.9,39591.01
Philippines,09-03-2011,26.4,23.1,24.3,1.9,22.7,38.5,39466.02
Philippines,10-03-2011,25.6,23,24,1.8,27.5,49,40320.29
Philippines,11-03-2011,25.5,22.7,23.9,0,31.3,54.7,40687.75
Philippines,12-03-2011,25.7,22.8,24.1,0.6,29.4,54,39769.89
Philippines,13-03-2011,25.4,23.1,24,21.5,19.6,35.6,16805.47
Philippines,14-03-2011,26.5,23.3,24.4,7.4,24.5,42.5,26669.01
Philippines,15-03-2011,26.3,23.5,24.5,0.7,24.3,45.4,33693.18
Philippines,16-03-2011,25.8,23.3,24.3,0.8,29.2,50,40919.23
Philippines,17-03-2011,25.5,23,23.9,1.2,30.3,55.4,36905.14
Philippines,18-03-2011,24.2,22.7,23.4,4.8,28.8,46.8,1575.34
Philippines,19-03-2011,26.3,23.1,24.3,1.1,26.6,47.9,23665.47
Philippines,20-03-2011,25.8,23.2,24.1,10.7,20.2,33.5,12665.94
Philippines,21-03-2011,26.8,23.6,24.6,7.3,17.1,30.6,32543.65
Philippines,22-03-2011,27.5,23.6,25.1,1.7,21.7,38.5,34630.84
Philippines,23-03-2011,24.9,23.8,24.2,6.7,26.7,49.3,10314.49
Philippines,24-03-2011,26.2,23.3,24.3,1.5,28.1,50.4,41279.71
Philippines,25-03-2011,25.6,23.2,24,5.1,30.1,53.6,36501.8
Philippines,26-03-2011,24.2,22.8,23.4,4.1,30,52.2,14588.94
Philippines,27-03-2011,23.9,23,23.4,6,25.9,47.9,608.93
Philippines,28-03-2011,26.5,23,24.2,8.3,19.6,32.8,40196.68
Philippines,29-03-2011,26.5,22.9,24.5,1,20.2,36,41501.55
Philippines,30-03-2011,26.4,23.2,24.4,3.7,27.5,47.2,41357.63
Philippines,31-03-2011,26,22.8,23.9,2.1,30.7,54,41589.84
Philippines,01-04-2011,25.7,22.7,23.8,0,24.5,44.3,41633.77
Philippines,02-04-2011,26.3,22.4,24,0,20.7,40.7,41677.52
Philippines,03-04-2011,26.7,22.5,24.3,0,19.8,38.5,41277.38
Philippines,04-04-2011,27.1,22.5,24.4,0,20.3,34.6,41435.81
Philippines,05-04-2011,25.7,22.4,23.7,0,25,44.3,41807.41
Philippines,06-04-2011,26.7,22.4,24.1,0,20.9,36.4,41850.16
Philippines,07-04-2011,25.9,21.8,23.8,0.4,19.4,36,41892.59
Philippines,08-04-2011,27,22.2,24.3,0,18.1,33.1,41934.67
Philippines,09-04-2011,25.8,22.4,24,5.5,22.3,42.5,40466.39
Philippines,10-04-2011,26.6,23.1,24.4,1.4,22.2,42.1,42017.68
Philippines,11-04-2011,27,22.7,24.4,0.3,21.4,37.1,31994.18
Philippines,12-04-2011,25.3,22.5,23.4,12.7,26.9,45,2133.53
Philippines,13-04-2011,25.7,22.9,24.1,1,22.5,41.4,40771.53
Philippines,14-04-2011,27,22.5,24.4,0,18.1,32.4,42104.95
Philippines,15-04-2011,27.9,22.7,24.9,0,14.8,27.7,42110.41
Philippines,16-04-2011,28.8,21.9,25.3,0,11,22,42115.97
Philippines,17-04-2011,27.9,22.2,25.2,0,6.4,13.3,42121.64
Philippines,18-04-2011,27.4,23,25.4,0.8,7.2,14.4,42127.45
Philippines,19-04-2011,28.6,22.5,25.7,0.3,11.8,23,42133.41
Philippines,20-04-2011,28.8,23.6,25.5,1.1,20.8,37.8,42139.57
Philippines,21-04-2011,27.4,23.5,25.1,1,21.9,40,41713.18
Philippines,22-04-2011,28.1,23.7,25.6,0.6,14.2,27,42152.52
Philippines,23-04-2011,28.6,23.7,25.9,0,13,26.6,42159.36
Philippines,24-04-2011,28.7,23.8,25.9,0,18.6,32.8,42166.48
Philippines,25-04-2011,27.8,24.3,25.4,8.8,14,26.6,30655.54
Philippines,26-04-2011,28.4,23.9,25.9,1.8,10.1,24.1,42181.64
Philippines,27-04-2011,28.7,24.1,26.4,0.4,6,11.5,42186.66
Philippines,28-04-2011,29.6,24,26.7,0.7,14.5,25.2,42198.18
Philippines,29-04-2011,28.8,24.8,26.3,4.1,18.7,38.9,40716.39
Philippines,30-04-2011,29.3,24.8,26.7,0.3,16.2,33.8,42216.27
Philippines,01-05-2011,29.3,24.8,26.8,1,15.4,27.7,42225.95
Philippines,02-05-2011,29.7,25.1,27,0,16.9,32.4,42236.01
Philippines,03-05-2011,29,24.7,26.6,2.8,12,25.2,41689.12
Philippines,04-05-2011,28.7,24,26,4.7,13.1,27.7,42257.25
Philippines,05-05-2011,29.6,23.9,26.4,0,13,23.4,39956.1
Philippines,06-05-2011,27.3,24.8,26,1.2,14.6,27.4,19189.22
Philippines,07-05-2011,26.1,24,24.8,32.3,24.9,49.3,5367.4
Philippines,08-05-2011,24.9,22.7,23.9,196.1,41.3,82.8,0
Philippines,09-05-2011,26.4,24.2,25,9.9,31.6,64.1,3924.23
Philippines,10-05-2011,27.3,24.1,25.5,11.8,19.8,41,39600
Philippines,11-05-2011,26.4,23.7,25.1,6,13.3,28.4,21071.23
Philippines,12-05-2011,27.8,24.3,26.1,2.6,9.8,22.7,42354.92
Philippines,13-05-2011,28.9,24.5,26.5,2,7.6,19.8,42368.34
Philippines,14-05-2011,28.3,24.1,26.2,3.4,8.4,22,41708.55
Philippines,15-05-2011,29.2,24.8,26.8,0.3,10.2,22.7,42601.57
Philippines,16-05-2011,28.3,24.5,26.5,1.9,8.5,20.5,42616.22
Philippines,17-05-2011,28.2,25.3,26.6,2,4.7,14.4,42558.72
Philippines,18-05-2011,28.9,24.4,26.7,0.7,6.6,16.6,42645.86
Philippines,19-05-2011,28.8,24.3,26.2,5.5,8.4,20.2,37033.29
Philippines,20-05-2011,28.5,24.3,26.2,3.4,6.4,19.4,40161.1
Philippines,21-05-2011,28.4,24.9,26.5,3.1,7.8,22,42482.47
Philippines,22-05-2011,28.4,24.8,26.2,8,6.8,17.3,34850.01
Philippines,23-05-2011,27.8,24.9,25.8,18.1,7.6,19.1,6314.9
Philippines,24-05-2011,28.5,23.9,26,9.8,11.8,22,36747.05
Philippines,25-05-2011,27.9,24.9,26.2,6.8,15,30.2,32318.5
Philippines,26-05-2011,26.2,24.1,25.1,40.8,19.5,42.1,0
Philippines,27-05-2011,27.4,24.9,26.3,6.4,25.5,45.4,14856.13
Philippines,28-05-2011,27.1,25.1,26,12.4,23.2,40.7,36000
Philippines,29-05-2011,26.9,24.3,25.6,10.6,21.7,40,24554.58
Philippines,30-05-2011,27.7,24.2,26,2.6,17.3,32.8,36126.69
Philippines,31-05-2011,28.2,25.4,26.7,0,12,24.8,41759.46
Philippines,01-06-2011,28.3,24.6,26.4,2.6,11.9,22.3,42410.07
Philippines,02-06-2011,28.8,25.2,26.6,1.3,7.9,16.6,41827.18
Philippines,03-06-2011,27.8,25,26,9.6,7.6,20.9,30735.81
Philippines,04-06-2011,28.8,25.1,26.7,1.8,9.3,22.3,39822.46
Philippines,05-06-2011,29.2,25.2,27,1.2,8.9,19.1,42949.31
Philippines,06-06-2011,29.1,25.2,27,2,9.8,22.3,41380.63
Philippines,07-06-2011,28.4,24.3,26,11.1,10,25.6,36716.38
Philippines,08-06-2011,25,24.1,24.6,65.4,28.3,53.3,0
Philippines,09-06-2011,26.4,24.4,25.4,20.6,19.9,39.2,1162.44
Philippines,10-06-2011,27.8,24.2,26,3.1,11.8,25.6,36000
Philippines,11-06-2011,28.4,24.6,26,6.3,8.2,22.3,42232.67
Philippines,12-06-2011,28.9,23.8,25.9,3.1,11.3,27,42911.3
Philippines,13-06-2011,28.2,24.3,26,8.5,10.5,29.2,36138.27
Philippines,14-06-2011,27.5,24,25.5,14,9.2,25.2,23054.65
Philippines,15-06-2011,27.4,24,25.6,9.7,13.2,26.3,42894.92
Philippines,16-06-2011,27.6,24.2,25.6,11.8,12.7,26.6,41780.12
Philippines,17-06-2011,27.5,24.1,25.3,29.1,8.4,20.9,30177.76
Philippines,18-06-2011,25.5,23.8,24.7,20.9,11.9,23,645.95
Philippines,19-06-2011,26.6,24.5,25.4,12.3,19.7,41.4,14400
Philippines,20-06-2011,26.8,24.6,25.5,12.1,20.4,38.9,5746.92
Philippines,21-06-2011,27.6,24.8,26.2,3,18.3,35.6,42984.18
Philippines,22-06-2011,26.5,24.8,25.7,12.2,9.6,27,15731.72
Philippines,23-06-2011,25.5,24,24.9,55.1,25.9,58.7,0
Philippines,24-06-2011,26.1,25,25.5,14.7,29.9,62.6,0
Philippines,25-06-2011,27.3,24.5,26.1,3.6,26.6,54,40841.93
Philippines,26-06-2011,28.1,25.5,26.6,1.2,18.7,32.4,41818.85
Philippines,27-06-2011,27.7,25.4,26.3,0.4,11.2,23.8,29541.28
Philippines,28-06-2011,28.6,25.5,26.8,0.1,8.6,17.6,43065.3
Philippines,29-06-2011,28.6,25.2,26.4,3.3,10.2,21.6,39634.26
Philippines,30-06-2011,27.4,24.3,25.5,5.8,9.3,22.7,34426.51
Philippines,01-07-2011,27.4,23.3,25.4,2.3,11,20.5,43053.01
Philippines,02-07-2011,27.2,23.8,25.3,6.1,5.9,22,37163.82
Philippines,03-07-2011,27.4,23.9,25.4,3.8,8.7,24.1,43058.27
Philippines,04-07-2011,27.3,23.7,25.2,13.4,7.9,22.3,32400
Philippines,05-07-2011,25.9,23.6,24.7,20.5,11.4,27,20304.22
Philippines,06-07-2011,25.7,24,24.9,11.6,21.4,42.1,2807.32
Philippines,07-07-2011,27.1,24.6,25.5,6.9,26.1,49,32732.91
Philippines,08-07-2011,26.6,24.5,25.5,5.2,20.7,39.2,28209.86
Philippines,09-07-2011,27.3,24.8,25.8,9.7,17.7,35.3,34730.13
Philippines,10-07-2011,26.6,24.3,25.4,7,18.3,36,22668.89
Philippines,11-07-2011,26.6,24.2,25.4,5.7,19.4,35.6,38789.25
Philippines,12-07-2011,27.6,25,26.2,0.7,19.8,34.9,42978.1
Philippines,13-07-2011,28.1,25.4,26.6,0.9,15.9,32.8,43129.04
Philippines,14-07-2011,28.3,25.1,26.5,0.1,11.6,22.7,42612.57
Philippines,15-07-2011,29.2,25,26.9,0,13.1,25.9,43125.66
Philippines,16-07-2011,28.8,25.3,26.9,4.4,8.9,23,43122.59
Philippines,17-07-2011,29,25.5,27,0.2,17.7,35.6,42515.49
Philippines,18-07-2011,28.7,25.5,26.8,0.1,17.4,37.4,43113.5
Philippines,19-07-2011,28.4,25.2,26.5,1.2,17.5,35.6,43107.4
Philippines,20-07-2011,28.4,25.1,26.6,0.7,11.8,26.6,40953.66
Philippines,21-07-2011,28.2,24.2,25.8,11.4,9.1,18.7,40797.74
Philippines,22-07-2011,28,24.1,25.6,5.2,11.8,28.1,34396.06
Philippines,23-07-2011,27,24,25.3,10.9,8.6,25.9,37815.01
Philippines,24-07-2011,26.2,23.9,25,5.8,7.6,15.8,16533.66
Philippines,25-07-2011,25,23.9,24.5,38.6,28.7,37.4,0
Philippines,26-07-2011,24.8,24,24.3,97.2,34.7,76.3,0
Philippines,27-07-2011,26.3,24.2,25,30,32.5,64.4,10239.41
Philippines,28-07-2011,26,24.3,25.2,8.4,25.3,56.2,24154.51
Philippines,29-07-2011,27,24.3,25.4,7.8,17.9,37.8,40431.54
Philippines,30-07-2011,26.5,24.3,25.4,1.4,14.4,38.9,36480.13
Philippines,31-07-2011,25.4,24.2,24.8,6.5,13.5,40.7,14400
Philippines,01-08-2011,27,24.2,25.5,11.2,13.9,36,26436.01
Philippines,02-08-2011,27.4,25.1,25.9,6.4,16.9,43.6,28800
Philippines,03-08-2011,27.6,24.8,25.9,11.2,20.2,47.5,31137.02
Philippines,04-08-2011,27.9,24.7,26.1,2.6,19.6,36.7,42890
Philippines,05-08-2011,27.8,24.6,25.8,10.4,16.3,40.7,41991.96
Philippines,06-08-2011,27.3,24.8,25.8,4.1,17.1,43.9,42848.29
Philippines,07-08-2011,27.1,24.9,25.9,1.8,17,42.1,42826.29
Philippines,08-08-2011,28.2,25.1,26.4,1.1,11.8,30.6,41982.27
Philippines,09-08-2011,28.3,24.2,26.2,11.9,15.2,27,36062.88
Philippines,10-08-2011,27.1,23.5,25.2,8.9,9.4,20.2,38642.03
Philippines,11-08-2011,28,23.7,25.4,1.5,11.3,23.8,41826.31
Philippines,12-08-2011,28.9,23.9,25.9,2.7,16.9,31.3,42113.77
Philippines,13-08-2011,27.2,23.9,25.4,7.1,8.2,31.3,42543.11
Philippines,14-08-2011,26.5,24,25.2,6.3,13.2,32,32463.11
Philippines,15-08-2011,28.2,23.5,25.7,4.4,8.4,19.4,37013.08
Philippines,16-08-2011,27.1,23.9,25.2,12,13.2,25.9,37405.92
Philippines,17-08-2011,27.9,24.3,25.6,5.3,11.9,25.2,40956.73
Philippines,18-08-2011,27.4,23.8,25.1,7.1,13.4,21.2,36657.89
Philippines,19-08-2011,27.6,23.9,25.3,9.6,7.9,18.4,40818.24
Philippines,20-08-2011,27.3,24.3,25.4,11.6,9.5,20.9,31992.88
Philippines,21-08-2011,27.7,24.1,25.5,7,9.8,22.3,35657.85
Philippines,22-08-2011,26.7,24,24.9,24.2,9.7,22,15573.92
Philippines,23-08-2011,27.2,24.3,25.4,9,11.2,26.6,18326.46
Philippines,24-08-2011,27.5,24.7,25.6,5.4,14.8,29.5,5964.12
Philippines,25-08-2011,26.7,24.6,25.7,11,20.6,38.5,0
Philippines,26-08-2011,27.1,25.5,26.1,5.2,27.6,57.2,1767.07
Philippines,27-08-2011,26,24.9,25.4,8.3,32.1,63.7,11458.11
Philippines,28-08-2011,27.8,25.3,26.2,0.3,28.6,57.6,42182.17
Philippines,29-08-2011,28.4,25.3,26.6,0.4,21.3,44.3,42145.9
Philippines,30-08-2011,28.8,25.5,26.9,0,17.4,36,42108.84
Philippines,31-08-2011,28.2,25.1,26.4,0.6,19.1,39.2,40702.16
Philippines,01-09-2011,28,25,26.2,0.8,16.4,43.2,39449.44
Philippines,02-09-2011,28.1,25,26.2,0.7,16.9,33.5,31630.09
Philippines,03-09-2011,28.3,25,26.1,8.7,10.8,25.6,38628.31
Philippines,04-09-2011,28.1,24.4,25.7,20,10.9,25.9,30884.88
Philippines,05-09-2011,27.5,24.2,25.5,10.3,13.5,29.9,33856.38
Philippines,06-09-2011,28.1,24.3,25.9,5.4,13.2,28.4,38861.07
Philippines,07-09-2011,27.4,24,25.7,12.4,9.4,22.3,39089.7
Philippines,08-09-2011,26.2,23.8,25,9.2,12.3,25.6,27238.98
Philippines,09-09-2011,25.9,23.6,24.7,19.8,10.1,24.1,18344.17
Philippines,10-09-2011,26.3,23.6,24.7,7.2,7.4,20.5,27688.86
Philippines,11-09-2011,27.8,23.7,25.7,4.7,11,19.1,39058.31
Philippines,12-09-2011,28.5,23.8,26.3,5,14,24.8,36636.96
Philippines,13-09-2011,28.6,25.2,26.8,2.9,16.2,31.7,40926.95
Philippines,14-09-2011,28.2,24.9,26.5,3.6,17.2,38.9,40468.23
Philippines,15-09-2011,28,25,26.3,3.5,17.6,42.1,40803.36
Philippines,16-09-2011,28.3,24.8,26.5,2,11.8,28.1,38370.45
Philippines,17-09-2011,28.4,25.3,26.5,1.5,15.1,29.2,40279.71
Philippines,18-09-2011,27.9,24.7,26.3,0.9,16.1,31.3,38035.66
Philippines,19-09-2011,27.6,24.1,25.7,5.6,12.8,27.4,39152.59
Philippines,20-09-2011,27.6,24.5,25.9,3.7,10,19.8,40039.12
Philippines,21-09-2011,27.8,23.9,25.9,5.8,9.9,23.8,38379.45
Philippines,22-09-2011,27.7,24.1,25.7,11.2,6.6,18,37288.45
Philippines,23-09-2011,27.3,24,25.6,7.5,8.5,21.2,36774.73
Philippines,24-09-2011,27.7,24.5,26,5.9,12,34.2,37189.96
Philippines,25-09-2011,28.5,24.6,26.4,2.8,19.7,39.2,33693.95
Philippines,26-09-2011,25.8,24.5,25.2,52.9,35.5,76.3,616.42
Philippines,27-09-2011,25.6,24.5,25.2,24,39.5,76.3,0
Philippines,28-09-2011,27,24.3,25.7,11.2,34.6,65.2,36084.65
Philippines,29-09-2011,28.1,24.8,26.2,0.3,15.7,29.2,40047.38
Philippines,30-09-2011,28.1,25.2,26.3,1.3,17.1,36.4,39567.19
Philippines,01-10-2011,28.1,24.9,26.2,0.5,29.1,56.5,23920.39
Philippines,02-10-2011,27,24.8,25.5,1.7,27,50.4,39790.87
Philippines,03-10-2011,26.3,24.6,25.3,4.8,22.7,41.8,38175.05
Philippines,04-10-2011,27,24.4,25.6,7.2,13.2,33.1,39600
Philippines,05-10-2011,27.9,24.1,25.6,5.8,12,23.8,39600
Philippines,06-10-2011,26.3,23.9,25,13.6,16.5,33.5,5954.52
Philippines,07-10-2011,26.5,23.5,24.8,19.2,17.4,32,9889.39
Philippines,08-10-2011,26.5,23.6,24.6,31.9,18.6,41.4,18823.99
Philippines,09-10-2011,26.5,23.2,24.9,8.4,19.7,44.6,34841.25
Philippines,10-10-2011,27.4,23.9,25.7,6.3,11.6,24.8,39579.89
Philippines,11-10-2011,27.4,23.6,25.5,6.3,13,27.4,39572.66
Philippines,12-10-2011,26.1,24,25,16.7,21.7,47.9,25746.04
Philippines,13-10-2011,26,24.2,25,12.5,15,33.5,14185.77
Philippines,14-10-2011,27,24.8,25.8,1.4,14.8,29.9,38941.03
Philippines,15-10-2011,27.2,24.4,25.8,5,10.9,24.8,39540.31
Philippines,16-10-2011,27.8,24.4,25.9,0.8,9,17.3,39531.22
Philippines,17-10-2011,28.6,23.9,26.1,0.6,10.3,19.8,39521.66
Philippines,18-10-2011,27.9,24.6,25.8,2.2,12,23.8,39511.62
Philippines,19-10-2011,28,24.5,25.9,1.8,12.3,25.2,39501.04
Philippines,20-10-2011,27.6,24.1,25.5,4.4,9.1,21.2,35964.88
Philippines,21-10-2011,27.2,24.3,25.6,3.6,8,18.7,39478.23
Philippines,22-10-2011,27.7,23.9,25.5,3.4,13.2,24.5,39465.93
Philippines,23-10-2011,27.7,24.1,25.6,1.9,11.7,25.6,39453
Philippines,24-10-2011,27.2,23.9,25.5,2,12.5,28.1,38298.47
Philippines,25-10-2011,28.1,23.8,26,1,17,34.6,39425.12
Philippines,26-10-2011,28,24.5,26.1,1,21.8,38.2,39410.14
Philippines,27-10-2011,27.3,24.5,25.4,2.5,20.9,37.8,39394.41
Philippines,28-10-2011,27.9,24.5,25.9,1.4,22.3,39.6,39377.93
Philippines,29-10-2011,27.3,24.5,25.5,1.8,19.3,34.6,39245.36
Philippines,30-10-2011,27.6,24.2,25.3,8,16.7,29.9,39342.84
Philippines,31-10-2011,28.2,24.2,25.6,4,21,38.5,39324.32
Philippines,01-11-2011,27.6,24.2,25.4,4.2,22.5,37.8,39031.76
Philippines,02-11-2011,27,23.7,25,10.7,16.2,37.8,26449.29
Philippines,03-11-2011,26.3,24.2,24.8,12.3,16.5,35.6,14602.83
Philippines,04-11-2011,26.8,23.7,25.1,8.1,9.2,20.5,19909.19
Philippines,05-11-2011,26.6,23.8,24.9,6.5,14,25.2,21933.12
Philippines,06-11-2011,26,23.8,24.9,5.6,13.7,28.8,21665.04
Philippines,07-11-2011,27.2,23.7,25.3,6,5.9,17.3,32937.71
Philippines,08-11-2011,26.8,23.3,25.1,5.4,4.5,14.4,38666.04
Philippines,09-11-2011,27.3,23.6,25.5,0.8,7.9,17.6,39071.15
Philippines,10-11-2011,27.2,24.9,26,1.6,13.6,26.6,39031.8
Philippines,11-11-2011,27.4,24.3,25.7,1.3,10,22,38993.02
Philippines,12-11-2011,28.2,24.4,26.2,0.8,13.1,25.9,38954.87
Philippines,13-11-2011,28.3,24.6,26,2.7,19.8,38.2,38917.41
Philippines,14-11-2011,27.2,24.5,25.3,5.9,21,42.5,32250.57
Philippines,15-11-2011,25.4,24.3,24.7,17.6,17.8,42.8,1634.37
Philippines,16-11-2011,27.1,24.3,25.4,2.8,12,35.6,29685.18
Philippines,17-11-2011,27.6,23.9,25.3,2.3,9.3,28.4,38694.82
Philippines,18-11-2011,27.9,24.2,25.8,1.4,11,31.7,38742.07
Philippines,19-11-2011,28.5,24.6,26.4,0,12.9,27.4,38709.03
Philippines,20-11-2011,27,24.6,25.6,2.3,18.1,38.5,38676.46
Philippines,21-11-2011,26.8,24.6,25.5,4.1,30,54.4,35827.04
Philippines,22-11-2011,27,24.4,25.1,4,28.8,51.1,35997.54
Philippines,23-11-2011,27.7,24.1,25.5,1.4,25.8,45.7,38582.04
Philippines,24-11-2011,27,24,25.2,2.2,27,47.2,38551.8
Philippines,25-11-2011,27.8,24.1,25.6,1,24.9,46.1,38522.27
Philippines,26-11-2011,26.7,24.5,25.3,5.1,23.2,46.8,38493.46
Philippines,27-11-2011,27.7,24.1,25.3,3.5,15.8,28.4,36722.79
Philippines,28-11-2011,27.2,24.3,25.5,0.6,13.7,23,38438.27
Philippines,29-11-2011,27.3,24.3,25.5,5.6,15.4,29.2,37738.88
Philippines,30-11-2011,27.9,24.3,25.5,4.9,14.6,26.6,37917.51
Philippines,01-12-2011,27,23.8,25.3,13.9,8.6,16.2,35625.82
Philippines,02-12-2011,26.8,23.4,24.9,9.4,6.6,15.8,31562.89
Philippines,03-12-2011,26.6,23.7,25,5.3,15.2,27.4,22272.43
Philippines,04-12-2011,26.9,24.1,25.2,5.8,12.1,26.3,26921.31
Philippines,05-12-2011,26.9,23.9,25,4.9,15.3,32.8,38275.26
Philippines,06-12-2011,27.1,24.3,25.1,6.7,20.5,36.7,27812.51
Philippines,07-12-2011,26.9,24.2,25,4.8,23.8,44.6,28067.21
Philippines,08-12-2011,26.2,23.5,24.4,23.4,15.8,35.6,21417.57
Philippines,09-12-2011,24.5,23.5,23.8,26.8,13.3,33.5,0
Philippines,10-12-2011,25.6,23.4,24.3,7.7,8.6,26.3,16606.22
Philippines,11-12-2011,26.7,23.4,24.9,1.2,8.2,22.3,36252.48
Philippines,12-12-2011,27.8,23.3,25.4,0.7,8.1,20.5,38103.09
Philippines,13-12-2011,27.5,23.8,25.2,4.2,15.2,29.5,38068.95
Philippines,14-12-2011,26.9,24.3,25.1,3.6,16.6,31.7,36741.96
Philippines,15-12-2011,27.6,24,25.4,1.5,20.4,37.1,38000.77
Philippines,16-12-2011,26.6,24.2,25,4.1,23.2,41.8,37569.65
Philippines,17-12-2011,25,23.7,24.1,39.8,26.2,50,1965.85
Philippines,18-12-2011,27.1,24.1,25,1.6,19.1,40.7,30665.46
Philippines,19-12-2011,27.3,24.2,25.5,0,12.6,29.2,29322.04
Philippines,20-12-2011,27,24.3,25.4,0.7,16.6,32.8,37657.98
Philippines,21-12-2011,28,24.5,25.9,0,14.5,26.3,37532.97
Philippines,22-12-2011,28.1,24,25.7,0,14.1,24.8,37754.47
Philippines,23-12-2011,26.8,24.1,25.1,1.7,19.4,33.5,37289.03
Philippines,24-12-2011,25.6,23.9,24.5,7.1,28.4,50.8,26370.13
Philippines,25-12-2011,24.1,23.2,23.6,8.3,31.5,57.2,3692.48
Philippines,26-12-2011,25.2,23.1,24,5.1,33.2,61.6,36000
Philippines,27-12-2011,25.2,23,23.8,14.3,32.5,61.2,17658.31
Philippines,28-12-2011,27.7,23.5,25.2,0,13.9,25.6,36931.4
Philippines,29-12-2011,26.9,23.6,24.8,5.8,14.2,30.2,35401.21
Philippines,30-12-2011,26.9,23.6,24.9,0.1,22.7,41.4,37562.71
Philippines,31-12-2011,26.6,23.8,24.9,0.5,23.7,45,37025.34
Philippines,01-01-2012,27.1,23.5,24.8,0.7,19.4,34.9,36915.59
Philippines,02-01-2012,26.4,23.2,24.3,1,17.6,32,36807.66
Philippines,03-01-2012,26.6,23,24.3,1.1,18.5,31.7,37009.7
Philippines,04-01-2012,25.8,23.4,24.2,4.5,23,40.7,36495.42
Philippines,05-01-2012,25.1,23.4,24.1,2.9,27.2,47.5,31331.12
Philippines,06-01-2012,25.9,23.4,24,18.4,22.9,39.6,23698.02
Philippines,07-01-2012,27.1,23.3,24.8,0.6,23.1,41.4,36294.35
Philippines,08-01-2012,25.8,23.1,24.1,6.6,18.9,39.2,15780.04
Philippines,09-01-2012,27.2,23.4,24.7,1.7,23.3,42.5,35889.71
Philippines,10-01-2012,25.5,23.7,24.3,6.5,17.6,35.6,13529.2
Philippines,11-01-2012,26.6,23.7,24.7,1,24.4,43.9,36103.47
Philippines,12-01-2012,26.5,23.3,24.5,1.1,25.8,45.4,36537.87
Philippines,13-01-2012,26,23.4,24.5,2.5,21.3,36,36200.98
Philippines,14-01-2012,26.7,23.3,24.8,0.6,18.3,36,36295.88
Philippines,15-01-2012,26.5,22.4,24.1,16.6,7.1,22,36218.48
Philippines,16-01-2012,26.7,23.1,24.8,4.1,6.9,19.1,36321.34
Philippines,17-01-2012,26.8,23.2,24.7,0.6,14,25.9,36690.52
Philippines,18-01-2012,26.3,23,24.7,5.2,7.6,23,35238.72
Philippines,19-01-2012,27.1,22.8,25,1.7,10.4,20.5,36772.15
Philippines,20-01-2012,26.4,23.3,24.5,2.7,16.6,32.4,36398.27
Philippines,21-01-2012,25.9,23.3,24.2,2.3,20.4,37.1,29646.15
Philippines,22-01-2012,25.8,23.5,24.4,1.2,22.7,36,36498.77
Philippines,23-01-2012,25.8,22.9,24.1,4,25.5,46.4,29628.08
Philippines,24-01-2012,25.7,23,24.2,4.3,22.3,40,37083.82
Philippines,25-01-2012,26.7,23.1,24.5,0.6,21.3,37.8,37059.21
Philippines,26-01-2012,25.1,23.2,23.9,0,28.5,52.6,37140.76
Philippines,27-01-2012,25.6,23.2,24.1,3.2,23.8,43.2,33798.89
Philippines,28-01-2012,26.2,23.5,24.5,6.8,12.1,27.7,36103.3
Philippines,29-01-2012,26.8,23.1,24.4,4.8,8,23.4,30834.01
Philippines,30-01-2012,26.7,22.7,24.3,3.7,13.3,23,35623.32
Philippines,31-01-2012,27,22.8,24.8,0.8,12,22,36850.57
Philippines,01-02-2012,25,22.7,23.4,31.4,23.2,44.3,20138.99
Philippines,02-02-2012,24.2,23.1,23.5,11,17.8,33.1,16319.44
Philippines,03-02-2012,25.1,22.6,23.7,1,22.2,45.7,34103.37
Philippines,04-02-2012,25.6,22.3,23.7,1,23.9,46.4,38036.75
Philippines,05-02-2012,25.6,22.4,23.8,0.3,23.9,45,38181.46
Philippines,06-02-2012,26.3,22.6,24.2,0,19.8,34.6,37406.55
Philippines,07-02-2012,27.4,22.6,24.6,1,11.9,23,37572.55
Philippines,08-02-2012,25.8,23.4,24.5,0.6,23.2,43.6,37013.87
Philippines,09-02-2012,24.3,23.3,23.8,2.5,24.7,43.9,14041.85
Philippines,10-02-2012,25.9,23.1,24.2,1.6,22.9,41.8,37822.48
Philippines,11-02-2012,25.8,22.8,24.1,2.7,26.4,47.2,24856.17
Philippines,12-02-2012,23.9,22,23,89,30.3,54.7,0
Philippines,13-02-2012,26.3,22.9,24.4,3.8,15,37.4,30033.96
Philippines,14-02-2012,27,23.3,24.6,0.5,16.3,29.2,37432.87
Philippines,15-02-2012,26.4,23.2,24.4,0.7,11.5,25.2,22742.21
Philippines,16-02-2012,26.5,23.6,24.3,11.9,11.6,30.6,25555.46
Philippines,17-02-2012,26.7,23.4,24.6,4,13.5,27.4,31570.31
Philippines,18-02-2012,27.5,23.4,24.8,0.7,17.8,29.9,38526.23
Philippines,19-02-2012,26.5,23.1,24.3,3,17.3,30.2,34484.75
Philippines,20-02-2012,25.9,23.2,24.2,6.2,15.9,32.4,26415.24
Philippines,21-02-2012,27.9,23.1,24.9,6,10.8,21.2,36819.18
Philippines,22-02-2012,27.9,23,25.2,1.3,6.6,21.2,37363.05
Philippines,23-02-2012,27.7,22.5,25.1,0.1,7.3,17.3,38981.34
Philippines,24-02-2012,27.7,22.6,25,0.2,7.1,16.6,39304.89
Philippines,25-02-2012,27.4,22.3,24.9,1.4,8.9,20.9,38964.44
Philippines,26-02-2012,28.3,23.6,25.2,3.1,14.1,27.4,38499.39
Philippines,27-02-2012,26.6,23.3,25,4.2,18.3,33.8,38119.07
Philippines,28-02-2012,27.6,23.9,25.3,4,10.4,24.8,38931.57
Philippines,29-02-2012,27.9,24.1,25.8,0.2,14.2,31.7,40214.3
Philippines,01-03-2012,28.2,24,25.7,3.1,20.9,34.9,39620.41
Philippines,02-03-2012,27.6,24.1,25.7,0.2,19.2,38.5,40306.51
Philippines,03-03-2012,28.1,24.2,25.6,0.1,22.9,42.8,40352.85
Philippines,04-03-2012,27,23.7,25.1,0,22.7,43.6,40399.31
Philippines,05-03-2012,27.2,23.6,25.3,0.2,19.2,30.6,40140.13
Philippines,06-03-2012,27.5,23.8,25.6,0.8,17,29.2,40492.44
Philippines,07-03-2012,27.7,23.6,25.5,2.2,6.8,22,40341.6
Philippines,08-03-2012,27.7,23.6,25.6,0.1,13.6,27,40585.59
Philippines,09-03-2012,28,23.4,25.4,0,13.8,25.6,40632.09
Philippines,10-03-2012,28.3,23.7,25.5,1.1,22.5,41,40457.66
Philippines,11-03-2012,28,24.2,25.7,0,23.1,42.5,40724.77
Philippines,12-03-2012,26.9,23.6,25,0.9,19.2,39.6,39396.47
Philippines,13-03-2012,27.8,23.6,25.1,0,17.4,32.4,28402.39
Philippines,14-03-2012,27.9,23.9,25.4,0,16.7,31.7,27851.65
Philippines,15-03-2012,27.6,24.4,25.7,0.4,20.4,36,38287.36
Philippines,16-03-2012,27.7,23.9,25.4,0.4,20.2,36.4,40953.04
Philippines,17-03-2012,27.8,23.6,25.3,0,17.9,35.6,40997.85
Philippines,18-03-2012,28.1,23.6,25.4,0.2,20,36.7,38652.38
Philippines,19-03-2012,25.1,23.8,24.2,20.7,15.5,31,1726.68
Philippines,20-03-2012,25.6,24,24.6,4.5,20.4,37.4,14822.27
Philippines,21-03-2012,25.3,23.5,24.2,22.9,24.5,44.3,8807.04
Philippines,22-03-2012,27.3,23.5,25.2,6.5,17.9,37.4,38061.68
Philippines,23-03-2012,27.5,24.1,25.3,1.8,9.6,22.3,38229.21
Philippines,24-03-2012,28.2,23.7,25.5,5,11.3,22,39990.52
Philippines,25-03-2012,26.3,23.8,24.6,9.1,15.5,28.1,32825.94
Philippines,26-03-2012,26.3,23.5,24.4,24.3,27.2,48.6,38383.11
Philippines,27-03-2012,24,22.4,23.1,39.3,30.8,54.7,16545.73
Philippines,28-03-2012,25.4,22.4,23.6,31.6,26.6,48.6,23954.21
Philippines,29-03-2012,26.5,23.1,24.3,44.4,19,39.2,23272.05
Philippines,30-03-2012,27.1,23.3,25,3.4,13.5,25.2,33535.19
Philippines,31-03-2012,26.5,23.2,24.5,10.6,10.1,25.9,27072.87
Philippines,01-04-2012,26.7,23.8,24.9,5,16.3,31.3,41475.78
Philippines,02-04-2012,27.5,23.4,25.4,2.3,13,24.8,41711.38
Philippines,03-04-2012,28,24.1,25.8,1.9,11.3,22,40781.84
Philippines,04-04-2012,28.3,24.1,26.1,0.3,13.3,24.5,41796.78
Philippines,05-04-2012,28.9,24.1,26.2,0,11.8,21.6,41838.85
Philippines,06-04-2012,28.3,24.4,26.2,0,12.1,23.8,41880.51
Philippines,07-04-2012,28.1,24.1,25.8,0,16.4,30.2,41922.14
Philippines,08-04-2012,27.9,23.8,25.7,0,14,31,41963.71
Philippines,09-04-2012,28.1,24.2,25.8,0.5,17,36,42005.2
Philippines,10-04-2012,28.6,24.6,26,1.3,16.4,32.8,37774.43
Philippines,11-04-2012,28.5,24.2,25.9,1,11.5,22,42087.78
Philippines,12-04-2012,28.6,24.1,26.2,1.1,9.5,21.6,41484.27
Philippines,13-04-2012,28.6,24.9,26.6,0.2,9.9,21.6,42102.74
Philippines,14-04-2012,28.5,23.5,25.9,0,11.1,21.6,42107.7
Philippines,15-04-2012,29,23.2,26.2,0,10.5,20.5,42112.8
Philippines,16-04-2012,29.4,25.2,27,0,7.4,15.5,42118.1
Philippines,17-04-2012,29.2,25.1,26.9,0,12,21.6,42123.61
Philippines,18-04-2012,28.7,23.9,26.2,0,8.2,17.3,42129.37
Philippines,19-04-2012,28.4,23.8,26.2,0,9.7,20.5,42135.39
Philippines,20-04-2012,28.9,24.6,26.6,1,9.7,19.8,42141.71
Philippines,21-04-2012,28.5,24.7,26.2,7.2,8.5,24.1,42148.37
Philippines,22-04-2012,28.1,25,26.3,3.5,6.6,23.4,38940.14
Philippines,23-04-2012,27.5,24.7,25.9,2.3,8.3,28.1,29540.36
Philippines,24-04-2012,29.1,25.6,26.9,0,9.9,19.4,42170.59
Philippines,25-04-2012,28.7,25.4,26.9,0.5,5.9,15.1,42178.82
Philippines,26-04-2012,29.1,24.6,26.7,1.2,8.7,16.6,42187.38
Philippines,27-04-2012,28.5,25.3,26.7,0.6,7.3,19.1,42196.23
Philippines,28-04-2012,28.1,24.8,26.4,0.6,9.9,22.7,41925.32
Philippines,29-04-2012,28.9,25.6,26.9,0.6,11.1,26.3,42239.7
Philippines,30-04-2012,29.2,25.2,26.9,0.5,9.6,19.4,42224.48
Philippines,01-05-2012,27.9,25.2,26.4,3.1,10.6,26.6,42207.67
Philippines,02-05-2012,27.7,24.7,26.3,2.5,9.8,22.3,41126.92
Philippines,03-05-2012,28.5,24.9,26.6,1.8,8.6,22.7,42255.28
Philippines,04-05-2012,28.5,25.3,26.9,3.7,7.5,19.1,41267.29
Philippines,05-05-2012,28.9,25,26.8,1.7,6.5,16.2,42350.68
Philippines,06-05-2012,29.4,24.5,27,0.9,6.7,13.7,42288.56
Philippines,07-05-2012,29.1,25.4,27.1,1.7,7.1,16.9,42300.2
Philippines,08-05-2012,29.8,25,27.4,0,6.2,14.4,42447.3
Philippines,09-05-2012,29.4,25.7,27.5,0.2,6.4,16.2,42459.62
Philippines,10-05-2012,29.5,25.4,27.2,0.4,7.9,19.8,42472.1
Philippines,11-05-2012,28.6,24.4,26.2,8.2,7.2,18.4,39600
Philippines,12-05-2012,27,24.6,25.7,10.8,9.9,25.9,30848.53
Philippines,13-05-2012,27.4,24.2,25.8,11.1,13.2,29.9,40169.61
Philippines,14-05-2012,28.1,24.5,26.1,7.7,13.6,30.2,42131.55
Philippines,15-05-2012,28.2,23.9,26.5,1.5,13.5,27,40679.62
Philippines,16-05-2012,27.6,24.5,26.4,6.2,12.8,27.4,34857.87
Philippines,17-05-2012,28.6,24.9,26.9,2.1,7.8,23,42047.98
Philippines,18-05-2012,28.3,24.2,26.4,10.8,6.8,18.4,41440.41
Philippines,19-05-2012,28.8,24.4,26.4,8.4,7.6,17.6,40320.89
Philippines,20-05-2012,28.7,24.7,26.5,3.5,9.4,19.4,39600
Philippines,21-05-2012,28,24.8,26.2,14.3,8.7,25.6,39079.17
Philippines,22-05-2012,27.8,24.7,26.1,8.7,9.9,21.2,32381.64
Philippines,23-05-2012,28.2,24.9,26.4,3.3,8.4,19.4,34400.41
Philippines,24-05-2012,28.3,24.6,26.5,4.5,11.3,23.4,39718.67
Philippines,25-05-2012,28.4,24.6,26.6,4.6,11.6,25.2,40743.62
Philippines,26-05-2012,28.8,25,26.8,3.2,7.9,19.1,42711.27
Philippines,27-05-2012,29.3,25.3,27.2,3.2,7.1,19.1,42805.25
Philippines,28-05-2012,28.1,25,26.4,6.6,8.3,17.6,37262.06
Philippines,29-05-2012,27.8,24.6,26.3,10.6,12.1,22.7,30144.86
Philippines,30-05-2012,28.3,25.1,26.3,7.8,13,20.9,34914.59
Philippines,31-05-2012,27.7,24.5,25.7,17.9,8.5,19.8,28071.39
Philippines,01-06-2012,26.6,24.5,25.4,21.6,15.8,26.6,10319.41
Philippines,02-06-2012,26.7,24.7,25.8,39.1,23,50,0
Philippines,03-06-2012,27.3,25.6,26.2,16.6,21.9,43.2,1550.85
Philippines,04-06-2012,27.7,25.7,26.4,11.3,16.7,33.8,29445.68
Philippines,05-06-2012,27.5,25.1,26.3,6.7,20.5,38.5,42352.37
Philippines,06-06-2012,27.9,25.5,26.6,3.2,19,41.4,41322.02
Philippines,07-06-2012,27.7,25.6,26.2,14.2,12.8,35.3,8664.74
Philippines,08-06-2012,28.5,25.5,26.9,7.4,10.9,24.5,38154.21
Philippines,09-06-2012,29.2,25.7,27.4,0.6,12.5,23.8,42947.04
Philippines,10-06-2012,29,25.9,27.1,1.4,14.8,29.2,42686.81
Philippines,11-06-2012,28.9,25.6,27.1,1,14.8,29.9,42843.84
Philippines,12-06-2012,28.1,24.6,26.3,9.2,15.1,37.1,42083.36
Philippines,13-06-2012,28.1,24.9,26.4,7,15.3,37.1,42695.49
Philippines,14-06-2012,28.3,25.4,26.6,3.5,16.7,30.2,38332.32
Philippines,15-06-2012,27.2,25.2,26,18.2,18.8,36,41971.98
Philippines,16-06-2012,28.3,23.8,26,3.2,16.3,35.6,40464.75
Philippines,17-06-2012,27.5,25,26.2,2.9,24.8,56.2,36173.94
Philippines,18-06-2012,28.2,25.4,26.8,0.2,26.6,49.7,41623.04
Philippines,19-06-2012,28.6,25.9,27.3,0.3,27.8,51.5,42968.88
Philippines,20-06-2012,28.9,26.5,27.5,0,24.3,45.4,43122.98
Philippines,21-06-2012,28.3,25.9,27,0.9,16.8,32.4,43135.8
Philippines,22-06-2012,28.1,25.1,26.5,6.3,10.2,21.6,43007
Philippines,23-06-2012,28.3,24.3,26.3,7.1,5.8,14,40852.35
Philippines,24-06-2012,28.4,24.8,26.6,2.1,9.2,19.8,43103.2
Philippines,25-06-2012,27.5,24.4,25.7,11.4,11.4,29.2,30103.37
Philippines,26-06-2012,25.7,23.8,24.9,7.7,8.7,17.6,401.61
Philippines,27-06-2012,26.7,24.3,25.4,8.1,16.3,28.8,15561.57
Philippines,28-06-2012,27.2,24.8,25.6,6.4,25.3,43.6,28987.78
Philippines,29-06-2012,26.4,24.5,25.3,3.2,27.3,46.4,26169.82
Philippines,30-06-2012,27.5,24.9,26.1,0.7,15,32,32315.6
Philippines,01-07-2012,28.8,23.9,26,2.3,17.6,32.4,35741.03
Philippines,02-07-2012,26.1,24,24.7,16.6,13.9,29.5,18650.8
Philippines,03-07-2012,25.8,23.7,24.6,22.8,13.6,31.3,2479.04
Philippines,04-07-2012,26,24.1,25,14.1,15.1,31,15669.47
Philippines,05-07-2012,27.4,24.7,25.8,3.7,13.6,29.2,32551.66
Philippines,06-07-2012,28,23.5,25.4,10.4,8.4,19.8,30532.1
Philippines,07-07-2012,27.4,23.8,25.5,5.5,8.8,29.5,33678.31
Philippines,08-07-2012,27.4,24.1,25.3,10.9,6.9,21.2,27437.29
Philippines,09-07-2012,27.5,24,25.5,12.7,8.3,20.2,26105.69
Philippines,10-07-2012,27.4,24,25.4,7.7,8.8,20.2,35599.67
Philippines,11-07-2012,27.9,24.2,25.9,5.1,14.5,27,37123.45
Philippines,12-07-2012,28.5,24.8,26.3,3.8,10.6,22,42215.41
Philippines,13-07-2012,28.6,24.3,26.4,3.9,6.5,18,40024.35
Philippines,14-07-2012,28,24,25.8,12.7,6.2,19.8,39600
Philippines,15-07-2012,27.9,24.8,26.2,4.7,6.6,21.2,31949.14
Philippines,16-07-2012,28.5,24.4,26.6,2.8,14.1,28.4,42512.83
Philippines,17-07-2012,28.6,25.4,26.7,4.6,10.3,23,43111.75
Philippines,18-07-2012,27.1,24.3,25.5,19.1,11,20.2,30655.5
Philippines,19-07-2012,27.2,24.2,25.7,21,13.3,28.4,27057.44
Philippines,20-07-2012,27.1,24.3,25.5,16.6,18.6,42.5,23706.17
Philippines,21-07-2012,26.2,24.6,25.4,11.3,22.1,47.2,18839.68
Philippines,22-07-2012,26.9,24.2,25.2,8.4,23.1,50.4,30330.43
Philippines,23-07-2012,27.4,24.6,25.8,2.5,24.8,44.3,31798.25
Philippines,24-07-2012,27.5,24.9,26,3.3,20.6,36.7,39158.91
Philippines,25-07-2012,28.1,25.1,26.2,5.6,8.2,21.6,32916.04
Philippines,26-07-2012,27.7,24.5,25.7,9.3,12.7,20.5,29919.37
Philippines,27-07-2012,26.2,24.1,25.1,35.9,10.6,24.5,19483.72
Philippines,28-07-2012,26.3,23.7,24.9,17.7,11,32,0
Philippines,29-07-2012,25.5,24.7,25,33.3,22,52.6,0
Philippines,30-07-2012,26.1,24.8,25.4,20.4,30.8,76,1705.52
Philippines,31-07-2012,27.4,24.6,25.8,7.7,26.1,64.8,31614.27
Philippines,01-08-2012,27.7,25.2,26.2,3.6,28.4,67.7,40538.6
Philippines,02-08-2012,27.6,25.1,26.2,2.1,26.7,62.6,42915.96
Philippines,03-08-2012,27.6,24.9,26.2,0.3,25.3,49,41696.5
Philippines,04-08-2012,27.3,25.4,26,5.9,21.4,48.2,35067.72
Philippines,05-08-2012,27,24.9,25.7,8.1,21.7,49,31470.87
Philippines,06-08-2012,26.5,24.7,25.4,6.1,24.3,52.2,21927.89
Philippines,07-08-2012,27.3,24.6,25.7,6.1,23.6,47.9,33874.6
Philippines,08-08-2012,27.4,24.8,26,1.6,23.2,46.4,39436.68
Philippines,09-08-2012,28.1,25.1,26.5,0.2,19.8,36.4,42759.57
Philippines,10-08-2012,27.8,24.6,26,6.5,14.2,32,41826.99
Philippines,11-08-2012,28.5,24.4,26.3,3.1,13.5,28.1,41242.89
Philippines,12-08-2012,28.2,25.1,26.5,0.2,14.1,30.6,30265.38
Philippines,13-08-2012,27,24.9,25.7,3,18.8,36,0
Philippines,14-08-2012,26.4,25.1,25.6,9.1,23.6,57.2,26.59
Philippines,15-08-2012,26.2,24.4,25.3,7.9,30.3,63,21799.63
Philippines,16-08-2012,27,24.5,25.7,8,26.6,50.4,37828.76
Philippines,17-08-2012,28.4,24.6,26.2,1.5,14.3,28.1,42531.46
Philippines,18-08-2012,28.1,24.7,26.5,6.5,7.7,20.9,42500.14
Philippines,19-08-2012,27.5,25.3,26.1,3.1,21.5,39.2,18623.67
Philippines,20-08-2012,27.1,24.4,25.5,8.9,18.7,43.2,37975.7
Philippines,21-08-2012,27.2,24.8,25.7,6,14.5,35.3,42403.36
Philippines,22-08-2012,28,24.9,26.2,2.4,15.7,35.3,42370.27
Philippines,23-08-2012,27.3,24.9,25.8,7.6,18.1,36.7,39660.59
Philippines,24-08-2012,27.6,24.7,25.8,5.7,15.8,46.8,36005.47
Philippines,25-08-2012,27.9,24.5,26.1,2.5,16.4,41,42267.1
Philippines,26-08-2012,27.7,24.9,26.2,1,21.2,40,42230.93
Philippines,27-08-2012,27.6,25.3,26.4,2.4,25.2,45.4,39898.89
Philippines,28-08-2012,28.4,25.1,26.6,3.4,19.4,36,39906.39
Philippines,29-08-2012,27.3,24.1,25.7,11.6,9.7,22.7,26617.12
Philippines,30-08-2012,28.3,24.2,26,6.8,6,15.8,35861.69
Philippines,31-08-2012,27.8,23.9,25.6,20.2,6,16.9,33170.76
Philippines,01-09-2012,27.2,23.3,24.9,28.5,7.7,15.8,29386.43
Philippines,02-09-2012,26.9,23.5,24.8,15.1,10,22,10828.42
Philippines,03-09-2012,27.3,23.5,25.1,15.4,7.7,17.6,30668.2
Philippines,04-09-2012,27.2,23.9,25.2,20.6,5.8,18.7,31182.39
Philippines,05-09-2012,26.9,23.5,25.2,4.6,6.2,17.6,37827.37
Philippines,06-09-2012,28.4,24.2,26.4,0.6,10,21.6,41794.41
Philippines,07-09-2012,27.8,24.5,25.8,7,16.3,28.8,38531.94
Philippines,08-09-2012,28.3,24.6,26.2,0.8,13.1,25.6,41665.68
Philippines,09-09-2012,27.9,23.8,25.6,5.4,9.4,22.7,35736.39
Philippines,10-09-2012,27,24.1,25.2,11.3,12.2,23,37996.09
Philippines,11-09-2012,26.7,23.7,24.9,11.7,11.9,20.2,22559.27
Philippines,12-09-2012,27.4,22.8,25.1,19.3,8.8,20.2,35499.95
Philippines,13-09-2012,26.9,23.7,25.1,5.7,12.5,25.6,36120.29
Philippines,14-09-2012,25.4,24.1,24.5,58.2,20.4,44.6,0
Philippines,15-09-2012,26.3,24.1,25.2,15.4,24.5,43.2,29499.85
Philippines,16-09-2012,27,25,25.9,8.7,23.5,41.8,25189.6
Philippines,17-09-2012,27.4,24.1,25.4,11.6,8.3,20.2,14462.91
Philippines,18-09-2012,25.9,23.7,24.7,22.2,10.3,19.4,8690.22
Philippines,19-09-2012,26.3,23.6,24.7,20.7,8.5,20.2,21289.26
Philippines,20-09-2012,25.9,23.5,24.6,17.3,10.2,21.2,4324.74
Philippines,21-09-2012,26.9,23.9,25.3,8,9.7,18.4,24968.28
Philippines,22-09-2012,27.8,24.2,25.3,9,11.8,23.4,29553.81
Philippines,23-09-2012,28.1,24.1,25.9,1.6,15.8,31.3,39427.61
Philippines,24-09-2012,28.1,24.3,25.8,0.9,14,32.8,30500.39
Philippines,25-09-2012,27.1,24.9,25.9,0.4,14.9,27.4,7184.34
Philippines,26-09-2012,27.5,25.3,26.2,0.5,16.6,37.8,7276.35
Philippines,27-09-2012,27.5,25.3,26.1,3.1,24,48.6,33548.75
Philippines,28-09-2012,27.8,25.1,26,1.3,19.8,41.4,38862.86
Philippines,29-09-2012,28.2,24.2,26,1.4,17,42.1,36008.33
Philippines,30-09-2012,27.6,24.2,25.7,9.4,11.3,24.1,34599.3
Philippines,01-10-2012,27.2,23.9,25.7,2.2,12.1,27.4,16258.42
Philippines,02-10-2012,27,23.9,25.2,11.7,8.2,25.2,15043.74
Philippines,03-10-2012,26.3,23.9,24.9,25.4,14.5,41.4,27750.17
Philippines,04-10-2012,26.4,23.5,24.9,10.7,7.7,25.9,28598.66
Philippines,05-10-2012,26.8,23.9,25,14.3,8,17.6,38765.86
Philippines,06-10-2012,26.8,23.8,24.9,19.8,13.3,25.6,10800
Philippines,07-10-2012,26.7,23.5,25.1,0.4,14.8,28.8,39719.91
Philippines,08-10-2012,27.5,23.4,25.4,1.6,14.4,28.1,39586.98
Philippines,09-10-2012,26.6,23.7,25.2,6,13.8,29.9,37059.98
Philippines,10-10-2012,27.2,24.3,25.5,1.9,8.9,24.8,39538.88
Philippines,11-10-2012,27,24.5,25.7,0,6.6,19.4,26376.01
Philippines,12-10-2012,27.9,24.4,26.1,0.2,9,17.3,39560.12
Philippines,13-10-2012,27.8,23.7,25.8,0.9,9.3,22,39552.33
Philippines,14-10-2012,27.9,23.9,25.8,0.6,11.4,24.5,39544.04
Philippines,15-10-2012,28,23.8,25.9,1.4,8.6,19.4,39535.21
Philippines,16-10-2012,27.8,24.2,25.8,0.1,4.8,13.7,39525.82
Philippines,17-10-2012,27.3,24,25.4,0.6,10.2,19.8,39515.82
Philippines,18-10-2012,27.4,23.6,25.1,7.6,10.7,23.8,39505.2
Philippines,19-10-2012,28.6,24.4,26.1,0.2,21.1,38.5,39493.91
Philippines,20-10-2012,26.7,24.6,25.3,5.1,26.9,47.2,39481.91
Philippines,21-10-2012,27.6,24.3,25.8,3,21.7,41.8,38667.12
Philippines,22-10-2012,28,24.8,26.1,0,24.7,45.7,39455.72
Philippines,23-10-2012,26.8,24.1,25.4,1.9,24.7,43.9,39441.56
Philippines,24-10-2012,25.9,23.9,24.6,15.3,27.1,62.6,23129.63
Philippines,25-10-2012,24.9,23.7,24.4,42.7,29,70.6,0
Philippines,26-10-2012,26.5,24.2,25.2,7.6,13.4,26.3,31146.58
Philippines,27-10-2012,27.8,23.6,25.5,0.6,20.1,36,39379.31
Philippines,28-10-2012,26.7,23.9,25.3,4.1,12.5,30.6,39362.33
Philippines,29-10-2012,28.2,24.3,25.8,0.4,20.3,37.4,39344.76
Philippines,30-10-2012,27.3,23.9,25.5,0.1,13,28.4,39326.62
Philippines,31-10-2012,28.1,23.9,25.6,0,10,21.6,39307.9
Philippines,01-11-2012,28.3,24.3,25.8,0,14.4,27,39288.6
Philippines,02-11-2012,27.5,24.5,25.4,3.5,15.9,26.3,39268.71
Philippines,03-11-2012,28,24.3,25.8,0.5,12.8,24.1,39248.24
Philippines,04-11-2012,28.2,24,26,2.1,12.3,20.5,39227.2
Philippines,05-11-2012,28.6,23.6,26,0,10.1,20.5,39199.63
Philippines,06-11-2012,27.9,24.5,25.9,0.5,13.1,25.2,39159.09
Philippines,07-11-2012,27.6,24.1,25.6,0.9,20.6,35.3,39119.12
Philippines,08-11-2012,27.4,24.5,25.4,1.8,20.8,37.8,35951.37
Philippines,09-11-2012,28.2,24.6,26,0.9,16.2,33.5,39041.15
Philippines,10-11-2012,28.6,24.9,26.4,1.2,18.4,31.7,39003.27
Philippines,11-11-2012,27.8,24.5,25.8,1.6,21.6,39.6,32500.44
Philippines,12-11-2012,27.8,24.7,25.8,2.3,22.7,44.3,30423.53
Philippines,13-11-2012,26.4,24.2,25,10.5,15.1,28.1,16359.28
Philippines,14-11-2012,27.5,24,25.5,0.9,13.6,27.7,34677.48
Philippines,15-11-2012,27.5,24.5,25.5,11.5,13,30.6,35119.74
Philippines,16-11-2012,28.3,24.3,25.8,0.2,15.7,28.4,38108.58
Philippines,17-11-2012,28,24.2,25.9,0,12.7,21.2,38751.8
Philippines,18-11-2012,28.5,24.7,26.2,0.7,13.2,24.5,38717.65
Philippines,19-11-2012,27.9,24.7,25.8,5.2,14.5,33.1,38684.1
Philippines,20-11-2012,27.2,23.5,25.5,4.3,17.4,34.6,38304.83
Philippines,21-11-2012,27.8,23.8,25.7,0.7,13.6,29.9,38618.91
Philippines,22-11-2012,28.2,24.4,26,0,12.5,24.1,38587.38
Philippines,23-11-2012,28,24.5,26,0,9.2,18.7,38556.62
Philippines,24-11-2012,28.5,24.5,25.9,1.1,17.1,31,38526.69
Philippines,25-11-2012,28,24.7,25.9,0,22.9,41.4,38497.64
Philippines,26-11-2012,27.7,24.7,25.8,0.4,15,26.6,38469.51
Philippines,27-11-2012,27.6,24.6,25.7,0.7,19.9,34.2,38442.37
Philippines,28-11-2012,27.4,24,25.5,0.2,19.3,34.2,38416.27
Philippines,29-11-2012,27.4,23.8,25.4,0,17.7,31,38391.25
Philippines,30-11-2012,27.3,24.1,25.5,1,14.8,28.4,38367.38
Philippines,01-12-2012,28.5,23.9,25.6,0.1,16.8,30.6,38344.73
Philippines,02-12-2012,28.4,24.3,26.2,0,6.6,17.3,38323.33
Philippines,03-12-2012,29,23.8,26.2,0,14.8,27.7,38302.78
Philippines,04-12-2012,28.4,24.5,26.1,1.8,24,41.8,38262.61
Philippines,05-12-2012,26.2,24.5,25.3,9.1,13.5,37.8,24612.35
Philippines,06-12-2012,27.4,24.1,25.5,3.2,9.1,23.4,36265.7
Philippines,07-12-2012,27.2,23.8,25.1,4.8,9.5,16.2,32724.48
Philippines,08-12-2012,27,23.4,25.4,1.8,6.2,19.4,38211.21
Philippines,09-12-2012,27.7,23.8,25.8,0,9,18.7,38176.04
Philippines,10-12-2012,27.6,24.1,25.8,0.3,17.7,33.8,38140.89
Philippines,11-12-2012,27.4,24.3,25.4,0.5,20.5,38.2,38105.87
Philippines,12-12-2012,26.2,23.7,24.5,38.7,25.4,48.2,27271.06
Philippines,13-12-2012,26.3,23.6,24.8,9.8,28.3,51.5,36591.39
Philippines,14-12-2012,26.5,24.1,25.1,5.3,22.6,42.1,33159.87
Philippines,15-12-2012,27.5,24.2,25.6,2.2,18.9,32.8,37934.95
Philippines,16-12-2012,27.7,24.4,25.7,0.4,13,24.8,37935.95
Philippines,17-12-2012,28.2,24.6,25.9,1.6,20.7,36.7,37903.69
Philippines,18-12-2012,27.8,24.3,25.5,1.1,23.6,41.4,37872.23
Philippines,19-12-2012,27,24.1,25.3,0.6,28.3,50,37841.65
Philippines,20-12-2012,26.6,24.2,25.1,2,24.3,42.5,37418.89
Philippines,21-12-2012,27.9,24.2,25.6,0.3,22.4,39.2,37527.66
Philippines,22-12-2012,27.7,24.1,25.4,0,21.9,43.9,37755.73
Philippines,23-12-2012,26.5,23.5,24.6,0.3,26,46.1,36041.14
Philippines,24-12-2012,26.2,22.6,24.3,2,28.6,53.3,37279.47
Philippines,25-12-2012,26.1,23.5,24.5,8.1,29.3,53.3,30712.29
Philippines,26-12-2012,24.6,23.5,24,46.2,29.6,57.6,0
Philippines,27-12-2012,25.4,23.3,24.1,29,22.2,46.1,5277.32
Philippines,28-12-2012,27.5,23.6,25.1,1,14.7,30.2,36928.72
Philippines,29-12-2012,27.4,24,25.3,0.5,13.8,31.3,37138.18
Philippines,30-12-2012,27.1,23.5,25,0.2,13,23.8,37449.1
Philippines,31-12-2012,25.7,23.5,24.4,3.7,23,36.4,36706.57
Philippines,01-01-2013,27.1,23.4,24.9,1.2,20.9,38.5,37119.03
Philippines,02-01-2013,27.4,23.7,25.1,2.7,24.5,42.1,37318.03
Philippines,03-01-2013,26.6,24.3,25.1,7.2,26.8,46.1,30115.73
Philippines,04-01-2013,27,24,25.1,0.7,19.6,40,36696.38
Philippines,05-01-2013,26.8,24,25,2.5,19.9,32.4,36993.66
Philippines,06-01-2013,27.3,23.5,25,1.4,22.1,36,36860.71
Philippines,07-01-2013,27.6,23.9,25.1,1.1,17.6,33.8,35452.79
Philippines,08-01-2013,26.3,21.5,24,21.5,22.3,47.5,20321.84
Philippines,09-01-2013,26.7,22.1,24.5,1.8,17.9,32.8,36004.96
Philippines,10-01-2013,26.7,23.6,24.8,0.2,24.6,44.3,36777.45
Philippines,11-01-2013,24.2,23.4,23.8,88.5,21,43.6,0
Philippines,12-01-2013,25.8,23.4,24.3,30.7,18.9,34.9,9925.36
Philippines,13-01-2013,27.5,23.4,25.1,0.3,12.5,19.4,34829.38
Philippines,14-01-2013,26.1,23.4,24.4,1.9,28.4,49,24103.59
Philippines,15-01-2013,24.1,22.3,23.2,0.1,29.6,55.1,34218.22
Philippines,16-01-2013,24.4,22.4,23.1,0,26.7,50.4,31563.17
Philippines,17-01-2013,25,22.6,23.4,0.4,27.1,48.6,35478.39
Philippines,18-01-2013,24.2,22.1,23.2,0.1,33.6,61.2,36402.94
Philippines,19-01-2013,24.4,22.4,23.1,0.3,30.5,58.7,36676.95
Philippines,20-01-2013,24.8,22.4,23.3,0,26.3,47.9,37623.12
Philippines,21-01-2013,25.8,21.7,23.4,0.5,19.3,34.2,36950.12
Philippines,22-01-2013,26.2,22.4,23.8,0,21.3,38.2,37058.88
Philippines,23-01-2013,25.4,21.9,23.2,0,21.3,38.2,35274.16
Philippines,24-01-2013,25.5,21.8,23.2,1,16.8,31.7,32518.99
Philippines,25-01-2013,24.6,22.4,23.4,2.8,15.3,27.4,29994.14
Philippines,26-01-2013,26.6,22.9,24.3,0,17.8,31.7,34325.37
Philippines,27-01-2013,26.8,22.8,24.3,0.1,19.6,35.3,37293
Philippines,28-01-2013,25.4,22.6,23.6,2.1,28.8,50.4,36963.37
Philippines,29-01-2013,25.3,22.5,23.5,1.5,30.6,51.5,36897.12
Philippines,30-01-2013,24.9,22.4,23.4,1,32.8,57.2,37875.16
Philippines,31-01-2013,24.9,22.1,23.1,28.5,20.5,38.9,11159.67
Philippines,01-02-2013,26.3,21.7,24,5.1,14.5,35.3,37662.57
Philippines,02-02-2013,26.8,23.3,24.6,0.3,19.1,36.7,34935.62
Philippines,03-02-2013,26.4,23.2,24.3,0.1,25.2,47.2,37570.76
Philippines,04-02-2013,27,23.1,24.5,0.1,22.1,40.7,36782.3
Philippines,05-02-2013,26.7,22.7,24.3,0.1,22.3,37.8,37895.72
Philippines,06-02-2013,27.4,23,24.6,0.8,18.6,32.8,38012.53
Philippines,07-02-2013,27.1,23.2,24.7,0.3,13.7,26.6,38395.12
Philippines,08-02-2013,27.6,23.1,24.9,0,16.2,29.2,38562.21
Philippines,09-02-2013,27.3,23.2,24.7,0,20.5,35.3,39075.82
Philippines,10-02-2013,27.1,23.1,24.6,0,20.7,38.2,38802.96
Philippines,11-02-2013,26.7,23.3,24.5,6.3,28.3,48.2,30441.43
Philippines,12-02-2013,27.8,23.3,25.2,1.2,20.9,36,38850.56
Philippines,13-02-2013,27.2,23.5,24.9,1.3,23.3,43.2,38361.34
Philippines,14-02-2013,26,23.4,24.5,2.5,28.8,48.2,28166.39
Philippines,15-02-2013,27.7,22.9,24.8,0,21.4,39.6,39356.16
Philippines,16-02-2013,26.3,23.3,24.4,0,26,46.8,37274.67
Philippines,17-02-2013,26,22.9,24.2,0,25.6,48.2,39358.45
Philippines,18-02-2013,27.6,23.2,24.9,0,22.8,38.9,39403.87
Philippines,19-02-2013,27,23.2,24.6,5.8,28.6,50,33720.84
Philippines,20-02-2013,25.2,23.1,23.8,17.3,29.8,48.6,12398.15
Philippines,21-02-2013,26.1,23.4,24.4,14.6,26.8,48.6,18804.22
Philippines,22-02-2013,27,23.8,24.6,6.3,18.5,40.3,32029.05
Philippines,23-02-2013,27.2,23.6,24.9,0.8,24.4,42.8,39728.49
Philippines,24-02-2013,27.5,23.6,25,0.8,28.3,49,39748.34
Philippines,25-02-2013,27.2,23.6,25,0.3,24.3,44.3,39202.47
Philippines,26-02-2013,27,23.7,25,0.7,16.6,33.5,40014.45
Philippines,27-02-2013,28.2,23.3,25.4,0,14.8,24.8,40157.85
Philippines,28-02-2013,27.9,23.1,25,0,14.9,27.4,40204.23
Philippines,01-03-2013,28.4,22.8,25.2,0,12.8,23,40250.71
Philippines,02-03-2013,28.8,23.5,25.5,0.4,19.8,35.3,40297.24
Philippines,03-03-2013,26.6,22.8,24.4,2.9,22.2,38.5,39560.93
Philippines,04-03-2013,25.3,22.4,23.6,3.3,23.7,43.2,38718.92
Philippines,05-03-2013,25.8,22.1,23.6,0.4,25.5,46.1,39758.12
Philippines,06-03-2013,26.7,22.5,24.2,1,21.7,39.6,40483.21
Philippines,07-03-2013,26.7,22.3,24.1,1.7,21.3,37.8,38958.49
Philippines,08-03-2013,25.3,22.5,23.6,5.7,24,43.6,19924.65
Philippines,09-03-2013,26.7,22.7,24.5,2.6,18.9,36.4,37753.09
Philippines,10-03-2013,27.2,23.5,25.2,3.1,6.9,17.6,39562.57
Philippines,11-03-2013,28.2,22.9,25.5,0.1,7.9,14,40712.65
Philippines,12-03-2013,27.8,23.6,25.5,1.1,9.7,22,40648.41
Philippines,13-03-2013,28,23.6,25.8,1.1,7.7,16.2,40803.15
Philippines,14-03-2013,28.2,24,25.7,0.7,17.2,32.4,40848.62
Philippines,15-03-2013,27.7,24,25.6,0.9,18.3,33.8,40894.21
Philippines,16-03-2013,27.6,23.6,25.2,0.5,16.6,32,40939.87
Philippines,17-03-2013,27.4,23.8,25.1,1.2,16.2,31.3,40209.86
Philippines,18-03-2013,28,23.3,25.6,0.3,6.6,15.1,41031.3
Philippines,19-03-2013,28.5,24.4,26.1,0,11.3,22.7,41076.99
Philippines,20-03-2013,29.1,23.8,26,0,15.8,29.2,41122.64
Philippines,21-03-2013,28.1,24,25.5,1.1,20.7,35.3,36645.5
Philippines,22-03-2013,29,24.1,25.6,7.1,13.2,29.5,33365.58
Philippines,23-03-2013,28.3,24.3,25.7,7.1,12.4,23.4,35942.21
Philippines,24-03-2013,28.4,24.2,26.1,6.3,7.1,18.7,40369.15
Philippines,25-03-2013,27.2,24.3,25.6,7.8,10.2,23,40197.16
Philippines,26-03-2013,28.4,24.5,26.2,1.3,15.6,29.9,41393.85
Philippines,27-03-2013,28.3,24.8,26.1,0.3,14.9,27,41389.53
Philippines,28-03-2013,28.1,24.9,26.3,2.6,11.3,25.9,41482.52
Philippines,29-03-2013,29.2,24.6,26.6,1.3,11.8,22.7,41526.39
Philippines,30-03-2013,29.2,24.4,26.5,0.2,15.5,29.2,41569.93
Philippines,31-03-2013,29.1,24.5,26.5,0.6,14.3,27,40650.64
Philippines,01-04-2013,29,24.7,26.4,2,14.2,26.6,41333.7
Philippines,02-04-2013,29.1,24.9,26.8,0,12.2,24.8,41698.55
Philippines,03-04-2013,29.3,24.6,26.6,0.1,10.9,20.2,41741.28
Philippines,04-04-2013,29.4,24.7,26.8,0.4,10,17.6,41783.96
Philippines,05-04-2013,28.5,25,26.7,1,10.4,20.5,41826.55
Philippines,06-04-2013,29.5,25.3,27.3,0.4,13.6,25.2,41869.05
Philippines,07-04-2013,28.5,24.8,26.8,2.8,10,19.1,41703.02
Philippines,08-04-2013,28.5,25,26.7,2.3,9.9,21.2,40315.05
Philippines,09-04-2013,28.2,25.3,26.7,0.4,10.4,22,39381.7
Philippines,10-04-2013,29.4,25,27,0,13.3,25.9,41461.05
Philippines,11-04-2013,29.9,25,26.9,0,17.2,32,42078.99
Philippines,12-04-2013,30,24.9,27,0,18.4,32.4,42094.16
Philippines,13-04-2013,28.8,24.9,26.6,0.5,18.6,33.8,42098.82
Philippines,14-04-2013,29.8,24.7,27,0,11,20.9,42103.71
Philippines,15-04-2013,29.7,25.2,27.4,0,9,16.9,42108.87
Philippines,16-04-2013,29.2,25.5,27.1,0.1,9.7,21.2,42114.32
Philippines,17-04-2013,29.7,25.7,27.5,0.2,10.5,19.8,42120.11
Philippines,18-04-2013,30,25.7,27.5,0,6.8,18,42126.26
Philippines,19-04-2013,30.1,25.7,27.6,0,6.7,17.6,42132.81
Philippines,20-04-2013,29.1,24.9,26.5,7.5,6.6,19.8,40047.4
Philippines,21-04-2013,29.6,24.8,26.9,0.6,12,24.1,42146.96
Philippines,22-04-2013,30.6,25.4,27.5,0,18.4,33.1,42154.36
Philippines,23-04-2013,30.4,25.7,27.7,0.1,14.3,27,42161.98
Philippines,24-04-2013,30,25.6,27.7,0,8.5,17.3,42169.8
Philippines,25-04-2013,29.8,26,27.7,0,6.8,16.9,42177.86
Philippines,26-04-2013,29.1,25.6,27.3,0.9,4.7,22.7,42186.15
Philippines,27-04-2013,29.1,25.6,27.1,0.2,7.4,19.1,41384.74
Philippines,28-04-2013,29.6,25.5,27.5,0,6.8,17.3,42203.46
Philippines,29-04-2013,30.3,26,27.9,0,7.1,22.7,42212.5
Philippines,30-04-2013,30,25.9,27.8,0,7,19.4,41955.68
Philippines,01-05-2013,30,25.9,27.9,0.2,6,15.8,42253.03
Philippines,02-05-2013,29.9,25.6,27.7,1.1,7.2,18.4,42241.23
Philippines,03-05-2013,29.7,25.4,27.2,1.6,7.9,20.2,42251.37
Philippines,04-05-2013,31.2,25.6,28.2,0.2,17.6,30.6,42277.16
Philippines,05-05-2013,30.9,25.5,27.9,0.3,16.8,31.3,42272.54
Philippines,06-05-2013,30.6,25.8,27.7,1.6,19.2,36.4,42093.28
Philippines,07-05-2013,29.5,24.8,27,7,14,25.9,38588.54
Philippines,08-05-2013,29.2,25,26.3,9.9,13.5,27.7,35845.52
Philippines,09-05-2013,28.4,25,26.4,2.7,7.1,23,37134.02
Philippines,10-05-2013,28.7,24.7,26.8,2.6,7.3,19.4,39468.22
Philippines,11-05-2013,29.2,25.4,27.2,1.6,6.3,19.1,40588.66
Philippines,12-05-2013,29.3,25.7,27.2,1.4,8.8,17.6,42356.96
Philippines,13-05-2013,27.1,24.9,26.2,8.8,9.9,20.9,23150.93
Philippines,14-05-2013,28.3,24.8,26.2,19.8,7.3,20.2,31824.7
Philippines,15-05-2013,28.5,24.8,26.2,6.8,10,23.4,31127.4
Philippines,16-05-2013,28.6,24.9,26.7,2.1,17.3,33.1,40100.69
Philippines,17-05-2013,29.1,25.4,27.3,0.1,14.4,29.5,42428.98
Philippines,18-05-2013,29.4,25.5,27.4,0.3,10.6,19.4,42444.3
Philippines,19-05-2013,29.8,26.4,27.9,0.2,11.2,22.7,41726.8
Philippines,20-05-2013,28.4,26.2,27.2,4.6,12.2,27.4,42609.54
Philippines,21-05-2013,28.8,25.7,27.3,2.5,9.8,21.6,41723.9
Philippines,22-05-2013,29.2,25.8,27.3,2,10.6,22.3,42641.18
Philippines,23-05-2013,29.6,25.5,27.4,1.5,7.1,20.9,42581.4
Philippines,24-05-2013,28.9,25.4,26.8,5.7,6.1,19.8,42514.54
Philippines,25-05-2013,29.2,24.7,26.6,9.6,5.1,15.8,41600.43
Philippines,26-05-2013,28.9,25.1,26.9,6.5,8.3,17.3,39656.61
Philippines,27-05-2013,29.1,25.3,27.1,0.8,6.4,16.6,38681.05
Philippines,28-05-2013,28.1,24.9,26.5,2.3,8.2,25.6,39085.82
Philippines,29-05-2013,29.9,25.6,27.2,1.3,18.7,34.9,42620.5
Philippines,30-05-2013,27.6,24.5,25.8,12.5,13.5,31,5505.55
Philippines,31-05-2013,27.3,25.1,26.2,7.1,12.3,20.9,37617.04
Philippines,01-06-2013,28.5,25.3,26.8,2.4,6.6,16.9,37719.16
Philippines,02-06-2013,28.6,25,26.9,1.5,6.9,17.3,39421.07
Philippines,03-06-2013,28.8,24.8,26.8,3.2,6.5,22.3,42703.41
Philippines,04-06-2013,29.3,25.9,27.3,0.9,6.8,21.6,42932.82
Philippines,05-06-2013,28.7,25.3,26.8,2.3,13.2,28.8,40631.84
Philippines,06-06-2013,29.8,25.8,27.2,1.2,15.3,28.8,32612.3
Philippines,07-06-2013,28.4,25.4,26.6,10.7,9.7,20.2,39600
Philippines,08-06-2013,27.9,24.7,26.2,9.1,15.3,27.7,26918.49
Philippines,09-06-2013,28.9,25.4,26.7,10.9,12.3,24.5,32185.76
Philippines,10-06-2013,28.1,24.8,26.5,11.4,11.7,23.4,39045.11
Philippines,11-06-2013,28.1,25,26.2,6.7,10.5,22,30709.02
Philippines,12-06-2013,27.3,24.6,25.8,12.8,12,25.6,10573.64
Philippines,13-06-2013,25.9,24.4,25.2,15.9,17.3,34.2,14175.03
Philippines,14-06-2013,28.3,25.7,26.5,5.7,15.6,31.7,30663.1
Philippines,15-06-2013,27.4,24.5,25.6,13,10.8,20.2,33883.52
Philippines,16-06-2013,27.7,24,25.8,6.1,10.2,21.2,30582.73
Philippines,17-06-2013,26.7,24.3,25.3,16.8,18.6,31,18752.45
Philippines,18-06-2013,27.3,24.4,25.7,16.2,19.7,43.2,33563.92
Philippines,19-06-2013,26.8,25.1,25.9,28.3,22.1,40.3,24028.17
Philippines,20-06-2013,27.1,24.6,25.7,20.5,24.6,47.9,32684.97
Philippines,21-06-2013,26.8,24.3,25.5,11.2,20.5,37.4,31292.75
Philippines,22-06-2013,26.5,24,25.3,9.8,16.7,36,25956.97
Philippines,23-06-2013,28.7,24.8,26.5,7.1,6.6,19.1,34445.51
Philippines,24-06-2013,29.2,24.6,26.8,0.7,10,21.2,40688.6
Philippines,25-06-2013,29,25.2,27,1.9,9.2,21.2,43108.25
Philippines,26-06-2013,28.2,25.4,26.8,1,6.6,17.3,43044.11
Philippines,27-06-2013,29,24.7,26.7,1,7.9,15.1,43054.72
Philippines,28-06-2013,28.9,24.8,26.5,0.6,8.4,15.1,43079.6
Philippines,29-06-2013,25.5,24.1,24.7,54.9,29.6,53.3,37.12
Philippines,30-06-2013,25.7,24.1,24.9,29.1,31,55.1,22049.57
Philippines,01-07-2013,28.3,23.8,26.1,2.4,13.1,32,43091.71
Philippines,02-07-2013,28.7,24.5,26.2,7.6,14.7,24.1,37495.98
Philippines,03-07-2013,27,24,25.5,14.2,9.8,25.6,34456.45
Philippines,04-07-2013,28,24.1,26,11.5,11.5,27,35472.07
Philippines,05-07-2013,28,23.6,25.6,10.9,8.6,22,35275.27
Philippines,06-07-2013,28.1,23.9,25.7,4.7,12.4,27.4,30819.61
Philippines,07-07-2013,27.2,24.3,25.5,15.1,8.9,23.8,35215.16
Philippines,08-07-2013,28.3,24.8,25.9,7.5,15.9,28.8,30576.5
Philippines,09-07-2013,28.7,24.9,26.2,6.6,9,20.5,40947.18
Philippines,10-07-2013,27.9,24.5,26,8,11.2,23.4,35533.64
Philippines,11-07-2013,28,24.9,26.1,7.8,7.6,20.9,39600
Philippines,12-07-2013,27.6,24.4,25.6,11.7,14.5,29.2,36344.08
Philippines,13-07-2013,26.6,24.5,25.6,8,18.8,33.8,16590.66
Philippines,14-07-2013,27.7,24,25.7,2.6,9.7,24.5,37549.07
Philippines,15-07-2013,27.1,24.6,25.6,10.1,13.4,24.8,28038.38
Philippines,16-07-2013,26.7,24.2,25.2,23.3,12.6,21.2,8447.89
Philippines,17-07-2013,26.8,24.2,25.4,9.4,14.5,28.1,23523.51
Philippines,18-07-2013,28.2,24.9,26.4,0.9,13.3,26.3,43105.62
Philippines,19-07-2013,27.9,24.3,25.9,7.6,8.1,19.4,42037.93
Philippines,20-07-2013,28,24.1,25.4,8.2,7.8,18.4,27767.82
Philippines,21-07-2013,27.5,23.9,25.4,8.5,10.5,21.2,34613.98
Philippines,22-07-2013,25.5,23.7,24.7,18.3,11,32,14372.7
Philippines,23-07-2013,24.6,23.6,24.2,24.7,14.1,29.2,99.08
Philippines,24-07-2013,27.9,24.1,25.9,7.3,9,20.2,25107.48
Philippines,25-07-2013,29,24.3,26.2,12.2,6.4,17.3,41256.21
Philippines,26-07-2013,28,23.6,25.5,11.8,10.6,23.4,26366.05
Philippines,27-07-2013,27.2,24.3,25.4,14.2,10.8,23.8,25745.76
Philippines,28-07-2013,27.2,23.9,25.1,12.6,13.3,27,22895.13
Philippines,29-07-2013,25.6,23.6,24.6,22.8,9.4,25.9,5963
Philippines,30-07-2013,26.3,23.6,25,13.7,19.9,31.3,27350.56
Philippines,31-07-2013,26.5,23.8,24.8,17.9,15.5,36.4,26384.96
Philippines,01-08-2013,26.5,24.7,25.6,11.3,22.8,41,20580.08
Philippines,02-08-2013,28.3,24.9,26.5,2.5,14.5,27.7,39151.94
Philippines,03-08-2013,27.5,23.5,25.3,7.7,14.7,28.4,41991.72
Philippines,04-08-2013,27.1,24.5,25.6,6,16.3,32.4,20764.25
Philippines,05-08-2013,26.8,24.1,25.6,11.1,12.7,32,21565.64
Philippines,06-08-2013,27.2,23.9,25.4,8.9,12.1,26.6,14034.61
Philippines,07-08-2013,28.5,23.9,26,3.4,8.2,22.3,42574.98
Philippines,08-08-2013,27.5,24,25.2,10.3,15.5,31.7,23617.97
Philippines,09-08-2013,27.7,24.1,25.3,13.2,12,25.9,32167.14
Philippines,10-08-2013,27.2,23.6,25.2,12.8,6.8,23,39867.22
Philippines,11-08-2013,25.7,24,24.9,33.5,26.2,49.7,0
Philippines,12-08-2013,26.3,24.8,25.4,12.9,29.8,50.8,23337.15
Philippines,13-08-2013,26.3,24.1,25.4,18.2,26.4,48.2,12803.3
Philippines,14-08-2013,26.8,25,26,1.2,15.1,29.9,1499.64
Philippines,15-08-2013,28.6,25.2,26.8,0.3,11.6,22.7,42526.08
Philippines,16-08-2013,28.2,25.2,26.6,1.2,14.9,31,42571.02
Philippines,17-08-2013,28,25.6,26.6,2,19.1,42.5,41522.7
Philippines,18-08-2013,27.1,25.3,26.1,7.4,21.1,50,21596.95
Philippines,19-08-2013,27.3,25,25.8,6.6,18.7,50.8,6809.78
Philippines,20-08-2013,27.2,25,25.9,2,22.2,54.4,27506.87
Philippines,21-08-2013,27.1,25,25.8,2.1,25.4,57.6,35034.11
Philippines,22-08-2013,27.5,24.9,25.8,11.5,23.6,46.4,38522.01
Philippines,23-08-2013,26.9,24.3,25.6,7.2,15.7,29.5,36822.29
Philippines,24-08-2013,26.4,23.8,24.9,28.2,11.3,23,32383.7
Philippines,25-08-2013,25.7,23.6,24.3,15.5,10.1,21.2,7350.93
Philippines,26-08-2013,25.3,23.4,24.5,21.8,18.8,36.7,0
Philippines,27-08-2013,27.5,25.2,26.1,0.5,26.3,50.4,12143.94
Philippines,28-08-2013,27.9,25.7,26.6,0,22.8,40.7,35619.29
Philippines,29-08-2013,28.2,25.6,26.6,0.5,15.6,30.6,42123.48
Philippines,30-08-2013,28.6,25.4,26.9,1.6,10.5,25.6,42084.71
Philippines,31-08-2013,28.2,25.4,26.9,4.2,10.8,22.3,40315.46
Philippines,01-09-2013,29.2,24.6,26.9,0.2,7.6,16.6,42006.21
Philippines,02-09-2013,29,24.9,26.9,1.8,7.9,17.6,41213.79
Philippines,03-09-2013,28.5,24.7,26.3,4.4,5.8,18,38724.91
Philippines,04-09-2013,27.7,24.5,25.7,10.6,6.8,23,36372.4
Philippines,05-09-2013,28,23.8,25.3,10.8,6,18,37611.44
Philippines,06-09-2013,27.7,24.1,25.6,9.8,10.5,24.5,37267.03
Philippines,07-09-2013,28.7,24.3,26.1,4.9,14.8,28.1,33779.2
Philippines,08-09-2013,27.1,23.8,25.2,13.4,10.3,23.4,25478.85
Philippines,09-09-2013,27,24.2,25.2,12.8,13.4,24.8,33286.94
Philippines,10-09-2013,27.5,24,25.5,8.5,9.8,22.7,39600
Philippines,11-09-2013,27.2,24.3,25.4,15.5,9.2,18.7,25629.04
Philippines,12-09-2013,26,23.8,24.7,26.7,9.8,23.8,18958.83
Philippines,13-09-2013,27.4,24.2,25.5,7.6,13.5,28.8,30564.04
Philippines,14-09-2013,28.5,24.9,26.3,2.8,14.1,34.2,39012.98
Philippines,15-09-2013,27,24.2,25.5,14.5,16.8,38.5,18232.62
Philippines,16-09-2013,27.2,24.6,25.6,27.9,11.8,27.4,21253.15
Philippines,17-09-2013,27.4,24.8,25.9,3.2,9.7,25.9,26142.22
Philippines,18-09-2013,27.6,24.3,26,9.5,19,36.7,35153.09
Philippines,19-09-2013,27.5,25.1,26.1,9.1,25.7,51.1,30039.92
Philippines,20-09-2013,27.1,25.3,26.1,4.8,31.9,66.2,11250.68
Philippines,21-09-2013,27.4,25.5,26.2,7.4,24.3,65.2,33533.04
Philippines,22-09-2013,26.6,24.8,25.5,27.6,27.4,51.8,15069.56
Philippines,23-09-2013,27,24.8,25.8,6.8,16.2,39.6,17340.08
Philippines,24-09-2013,26.5,24.3,25.1,22.2,13.7,31,27757.63
Philippines,25-09-2013,25.9,24,24.7,38.5,11,35.6,9732
Philippines,26-09-2013,26.1,24.6,25,24.8,15.5,37.4,9306.21
Philippines,27-09-2013,26.2,24.1,25,27.5,16.6,28.4,4033.06
Philippines,28-09-2013,26.9,24.6,25.4,11.3,11.8,26.6,31041.88
Philippines,29-09-2013,27.5,23.9,25.5,5.9,10.7,20.9,31336.23
Philippines,30-09-2013,27.8,23.8,25.3,9,8,22.7,39600
Philippines,01-10-2013,26.1,23.8,24.7,11.3,12.7,27.4,27901.17
Philippines,02-10-2013,28.1,24.5,26,2.5,14.4,29.9,36917.36
Philippines,03-10-2013,28.4,24.9,26.3,5.7,14.8,29.9,37980.75
Philippines,04-10-2013,27.4,23.8,25.3,8.1,10.9,27.4,39493.32
Philippines,05-10-2013,27.8,24.1,25.8,1.6,12.6,23.8,39600
Philippines,06-10-2013,28,24.6,26,0.8,13.1,23.8,39724.34
Philippines,07-10-2013,28,23.4,25.9,0,12.9,25.2,39651.07
Philippines,08-10-2013,27.3,23.9,25.4,5.6,10.3,20.5,39590.52
Philippines,09-10-2013,26.9,23.7,25.4,1.5,10.2,20.5,17698.97
Philippines,10-10-2013,26.3,24,24.8,22,15.2,36.4,0
Philippines,11-10-2013,26.6,24.4,25.6,11.4,28.8,58.7,0
Philippines,12-10-2013,26.9,25.1,25.8,1.3,28.3,48.6,39564.45
Philippines,13-10-2013,27.6,24.8,25.9,0.7,17,36,39556.54
Philippines,14-10-2013,27.7,24.8,26,2.8,12.4,31.7,39548.01
Philippines,15-10-2013,27.4,24.3,25.9,3.5,11.9,29.9,39538.8
Philippines,16-10-2013,25.7,23.7,24.6,31,14.2,27,16847.61
Philippines,17-10-2013,26.4,23.9,25.1,3.6,24.3,44.3,39518.25
Philippines,18-10-2013,27.5,24.1,25.4,1.5,20.1,34.6,39506.99
Philippines,19-10-2013,26.3,24.2,25,5,15.6,32.4,39495.27
Philippines,20-10-2013,26.8,24.3,25.2,1,21,37.4,38925.27
Philippines,21-10-2013,26.9,23.7,25.2,1.4,20.3,39.2,39470.39
Philippines,22-10-2013,27,23.8,25.3,1.5,21,37.4,39457.21
Philippines,23-10-2013,26.8,23.4,24.8,0,13.9,24.5,35869.8
Philippines,24-10-2013,26.3,22.6,24.5,1.1,4.7,14.4,39429.29
Philippines,25-10-2013,26.7,23.4,25,1.4,9.2,18.7,37937.04
Philippines,26-10-2013,26.2,23.4,24.5,6.4,16.9,31.7,36720.49
Philippines,27-10-2013,26.4,23.8,25,1.1,21.8,44.3,38325.96
Philippines,28-10-2013,27.5,24,25.4,0,22.5,41,38544.24
Philippines,29-10-2013,27,24.1,25.1,0,23.5,43.2,39349.79
Philippines,30-10-2013,26.7,23.5,24.7,3.1,19.6,34.6,38216.7
Philippines,31-10-2013,27,24,25.4,0.1,17.7,32.8,29053.36
Philippines,01-11-2013,27,24.3,25.6,0.5,16,30.6,38444.89
Philippines,02-11-2013,26.9,23.4,24.7,7.1,10.9,22.7,30497.5
Philippines,03-11-2013,27.6,24,25.1,10.2,14.7,27,37557.17
Philippines,04-11-2013,27.1,24,25.2,4.4,18.1,35.6,39171.32
Philippines,05-11-2013,27.7,24.2,25.3,6.3,15.9,36,27488.07
Philippines,06-11-2013,28.3,24.7,25.9,1.8,20.3,34.9,39171.27
Philippines,07-11-2013,27,24.4,25.3,5.4,28.9,52.6,35804.84
Philippines,08-11-2013,25.7,24.6,25,25.3,41.4,93.6,2890.61
Philippines,09-11-2013,27.3,24.3,25.7,2.3,25.9,49,29767.12
Philippines,10-11-2013,28.6,24.5,26,0,19.2,33.5,39015.77
Philippines,11-11-2013,27.8,24.2,25.6,1.4,21.8,40,38977.58
Philippines,12-11-2013,27.8,24.2,25.6,3,26,46.4,38939.77
Philippines,13-11-2013,26.6,24,25.1,17.4,18.8,34.6,25033.96
Philippines,14-11-2013,27.1,24.4,25.5,0.7,8.6,22,38865.44
Philippines,15-11-2013,27.7,23.8,25.7,0.5,13.1,31.7,38829.02
Philippines,16-11-2013,28.3,24.1,25.7,0,18.9,34.2,38793.17
Philippines,17-11-2013,27.7,24.3,25.7,0.9,16.2,30.2,38757.93
Philippines,18-11-2013,27.6,23.8,25.1,1.5,19,36.4,38723.36
Philippines,19-11-2013,25.8,23.3,24.3,3.7,26.3,46.8,38689.51
Philippines,20-11-2013,26.2,23.3,24.5,1.7,26.3,47.5,38656.44
Philippines,21-11-2013,26.8,23.5,24.8,2.5,20.6,38.5,37059.5
Philippines,22-11-2013,27.1,23.8,24.8,2.5,17.4,33.8,38592.83
Philippines,23-11-2013,25.5,23.6,24.1,7.6,13.2,28.8,6684.98
Philippines,24-11-2013,26.1,23.4,24.7,5.4,8.2,19.4,16604.62
Philippines,25-11-2013,28,24,25.6,0.8,10.9,20.5,38504.57
Philippines,26-11-2013,27.2,24.3,25.3,2,13.5,25.9,37082.96
Philippines,27-11-2013,27.4,24.2,25.7,0.6,10.3,24.5,38451.1
Philippines,28-11-2013,27.5,24.4,25.5,1.7,15.5,27.7,38425.58
Philippines,29-11-2013,26.3,24.1,24.8,4.1,25.7,47.5,37764.2
Philippines,30-11-2013,26.2,23.7,24.6,5.2,21.7,43.9,26652.32
Philippines,01-12-2013,27.4,23.7,25.2,1.4,18.8,32,38353.51
Philippines,02-12-2013,27.2,23.5,24.9,1.1,18.3,32,38331.1
Philippines,03-12-2013,27,23.7,24.9,5,12.9,23.8,38309.55
Philippines,04-12-2013,24.1,23.3,23.7,52.4,21.7,38.9,152.86
Philippines,05-12-2013,24.6,23.5,24,6.5,24.2,42.1,5563.27
Philippines,06-12-2013,25.6,23.1,23.9,32.5,22.1,34.9,11429.91
Philippines,07-12-2013,26.7,23.8,24.7,0.7,17.6,32,28837.41
Philippines,08-12-2013,27.5,23.5,25.1,0.6,13.2,25.6,36957.36
Philippines,09-12-2013,27.5,23,25.2,3.4,10,15.8,38180.11
Philippines,10-12-2013,27.4,23.5,25.3,0.7,14.4,26.3,37978.96
Philippines,11-12-2013,26.6,24.2,25.1,4.7,14,27.7,34161.3
Philippines,12-12-2013,26.9,23.8,25,0.9,14.3,34.2,35234.84
Philippines,13-12-2013,27.6,24.2,25.6,0.2,15.8,33.1,38044.43
Philippines,14-12-2013,27.1,24.3,25.3,1.2,22.9,39.6,38012
Philippines,15-12-2013,27.3,24.1,25.1,1.5,17.8,35.3,29221.29
Philippines,16-12-2013,27.7,23.9,25.4,1,14.6,31,37808.42
Philippines,17-12-2013,27.4,23.4,25.2,0.4,8.8,20.2,36960.24
Philippines,18-12-2013,27.2,23.9,25.4,2.9,9.1,15.8,36839.86
Philippines,19-12-2013,27,23.8,25,4.2,11.7,21.2,37192.84
Philippines,20-12-2013,27.7,24.1,25.5,1,11.4,22.3,36020.63
Philippines,21-12-2013,26.9,23.8,25.1,1.1,11.4,24.8,36000
Philippines,22-12-2013,26.5,23.6,24.7,4.9,13.8,27,33422.3
Philippines,23-12-2013,27.6,23.9,25.4,0.5,10.1,26.6,37628.03
Philippines,24-12-2013,27.2,23.9,25.1,6.6,11.9,27.4,35607.2
Philippines,25-12-2013,26.6,23.7,25.1,1.6,5.4,23.8,37051.78
Philippines,26-12-2013,27.8,23.8,25.5,4.5,6.8,18.7,36476.9
Philippines,27-12-2013,26.2,24.1,24.8,2.9,21.8,40.7,33531.46
Philippines,28-12-2013,25.3,23.8,24.3,0.4,28.2,50,15115.08
Philippines,29-12-2013,25.2,23.8,24.3,0.2,26.5,49,19422.35
Philippines,30-12-2013,26.3,23.8,24.8,0.2,28.6,49.3,36814.86
Philippines,31-12-2013,26.7,23.6,24.8,0,23.7,43.6,34845.7
Philippines,01-01-2014,25.8,23.7,24.6,0,20.4,37.4,28710.13
Philippines,02-01-2014,26.7,23.6,24.8,0,23,38.5,36924.87
Philippines,03-01-2014,26.8,23.6,24.8,0.1,14.3,28.1,33916.7
Philippines,04-01-2014,26.6,23.3,24.5,1.6,12.3,24.1,36000
Philippines,05-01-2014,25.9,23.1,24.2,1.1,20.1,36,36494.07
Philippines,06-01-2014,26.5,23.6,24.5,0.1,23.3,42.1,36195.69
Philippines,07-01-2014,26.3,23.3,24.5,0.7,24.1,43.9,36393.47
Philippines,08-01-2014,25.5,23.3,24.1,0.4,24.5,41.8,29618.59
Philippines,09-01-2014,25.7,23,24,0,24.9,43.2,36629.03
Philippines,10-01-2014,25.1,22.4,23.4,0,31.9,57.6,36994.83
Philippines,11-01-2014,24.2,22.1,22.9,0.1,34.2,60.1,30452.05
Philippines,12-01-2014,24.2,22.3,23,1.4,31.2,54.7,12712.75
Philippines,13-01-2014,23.1,22.1,22.5,14.8,27.8,51.1,781.1
Philippines,14-01-2014,24.9,22.1,23.3,2.8,27.7,51.8,19881.35
Philippines,15-01-2014,24.1,22.1,23,2.3,34.7,64.8,32914.55
Philippines,16-01-2014,22.6,21.3,21.9,0.2,37.7,67,17165.39
Philippines,17-01-2014,22.9,21.4,22,0.5,32.8,59,9859.99
Philippines,18-01-2014,22.2,21.7,22,0,32.2,58.7,0
Philippines,19-01-2014,22.4,21.2,21.7,0,37.5,66.6,26194
Philippines,20-01-2014,23.4,20.9,22.1,0.3,28.3,50.8,32937.31
Philippines,21-01-2014,24.7,21.4,22.8,0,23.8,43.9,32848.03
Philippines,22-01-2014,24.7,21.6,22.7,0.3,27.1,51.5,36670.27
Philippines,23-01-2014,22.6,20.8,21.5,1.4,32.6,59,36292.2
Philippines,24-01-2014,23.1,20.2,21.2,0,27.7,52.9,35083.02
Philippines,25-01-2014,23.9,19.6,21.5,0,17.2,34.6,37448.49
Philippines,26-01-2014,24.6,20.1,21.9,0.4,19.8,36,37220.55
Philippines,27-01-2014,24.2,21,22.2,0,23,41.4,36989.63
Philippines,28-01-2014,24.1,20.5,22,1.4,27.9,45,36738.96
Philippines,29-01-2014,25,21.2,22.8,1.1,20.4,37.8,37055.36
Philippines,30-01-2014,25.1,21.6,22.8,0,23.1,42.8,38213.52
Philippines,31-01-2014,24.7,21.4,22.8,1.5,29.7,52.2,31746.02
Philippines,01-02-2014,26.4,22.6,24.1,7.1,30.5,54.7,25839.75
Philippines,02-02-2014,26.4,22.3,24.1,0,8,19.4,37633.74
Philippines,03-02-2014,27,21.9,24.2,0.9,6.5,11.9,37587.14
Philippines,04-02-2014,26.9,22,24.5,0.7,6.7,16.6,37846.69
Philippines,05-02-2014,27.4,21.8,24.5,1.6,13.8,24.5,38121.93
Philippines,06-02-2014,27.7,22.5,24.8,0,13.6,23.8,38694.06
Philippines,07-02-2014,27.9,22.5,24.9,0,11.3,19.1,38589.15
Philippines,08-02-2014,27.8,23,25,0,15,27,38452.07
Philippines,09-02-2014,27,23.1,24.8,0,13.8,25.6,31012.21
Philippines,10-02-2014,26.8,23.1,25.1,0,9.8,17.3,37341.56
Philippines,11-02-2014,24.7,22.9,23.8,2.8,21.8,40,31257.39
Philippines,12-02-2014,24.9,22.3,23.3,0,27.1,45.7,37603.48
Philippines,13-02-2014,25.9,21.9,23.4,0.1,22,35.6,39073.06
Philippines,14-02-2014,25.7,21.3,23.1,0,17.8,32.4,39302.68
Philippines,15-02-2014,25.8,21.4,23.2,0,18.7,34.6,38922.13
Philippines,16-02-2014,26.3,21.5,23.6,0.4,20.7,37.4,38253.42
Philippines,17-02-2014,26.3,22.4,23.9,0,20.8,40.7,39374.66
Philippines,18-02-2014,26.4,21.8,23.6,0,16.5,32,39737
Philippines,19-02-2014,26.6,21.3,23.7,0,14.1,27.7,39781.84
Philippines,20-02-2014,26,21.7,23.6,0,17.3,31.7,38105.86
Philippines,21-02-2014,24.6,21.5,22.7,3.5,21.1,38.2,38344.64
Philippines,22-02-2014,23.3,21.4,22.2,4.3,24.1,45,6299.78
Philippines,23-02-2014,23.9,21.8,22.7,0.6,24.5,43.9,29603.34
Philippines,24-02-2014,25.7,22.2,23.4,0,22.1,40.7,33596.38
Philippines,25-02-2014,25.8,21.4,23.2,0.8,15.9,28.1,39846.83
Philippines,26-02-2014,26.9,21.8,24.2,0,16.1,33.5,40102.63
Philippines,27-02-2014,27.2,22.7,24.5,0,20.9,38.2,40148.93
Philippines,28-02-2014,27,22.3,24.1,0,19.6,36.4,40195.23
Philippines,01-03-2014,28.3,21.6,24.3,0,18.4,32.8,40241.5
Philippines,02-03-2014,28.2,22.3,24.8,0,15.6,28.8,40287.68
Philippines,03-03-2014,27.9,22.1,24.5,0,16.6,31,39861.99
Philippines,04-03-2014,27.7,22,24.4,0,14.5,27.7,40339.11
Philippines,05-03-2014,27.2,22.1,24.3,0,17.6,31,40425.41
Philippines,06-03-2014,26.6,22.4,24.1,0.5,17.6,33.5,40470.89
Philippines,07-03-2014,26.5,22.2,24,1.2,20.5,37.1,40161.48
Philippines,08-03-2014,27.3,22.4,24.5,0.1,20.5,39.6,40561.71
Philippines,09-03-2014,28.2,21.8,24.7,0,17.1,30.6,40607.43
Philippines,10-03-2014,28.1,22.8,25,0,21,38.5,40653.3
Philippines,11-03-2014,27,22.7,24.6,1.8,23.3,45.7,40699.3
Philippines,12-03-2014,28.7,23.1,25.1,0,26.3,46.4,37145.39
Philippines,13-03-2014,28.7,23.4,25.5,0.4,18.4,32.4,38218.77
Philippines,14-03-2014,27.8,23.6,25.2,1.2,20.7,35.6,40837.71
Philippines,15-03-2014,27.9,23.5,25.1,1.4,26.3,45,39592.41
Philippines,16-03-2014,27.5,23.4,24.9,0.2,25.7,48.2,40290.43
Philippines,17-03-2014,27.3,23,24.6,0.1,24.1,43.6,40976.04
Philippines,18-03-2014,28.4,22.8,25,0,22.5,38.9,41022
Philippines,19-03-2014,28.7,22.8,25.2,0.5,18.8,34.9,40667.36
Philippines,20-03-2014,29.1,23.1,25.4,0.1,18.7,31.7,40963.36
Philippines,21-03-2014,27.9,23,25,0.2,24.3,43.9,41158.92
Philippines,22-03-2014,27.7,23.3,24.8,2.7,30.1,54.7,39881.59
Philippines,23-03-2014,24.2,22.8,23.5,25.6,27.3,52.9,815.56
Philippines,24-03-2014,26.5,23.4,24.5,9.4,22.5,44.3,28975.78
Philippines,25-03-2014,27.5,23.3,25.2,2.8,18.1,34.9,41295.48
Philippines,26-03-2014,28.3,23.8,25.5,2.7,18.7,33.1,39797.63
Philippines,27-03-2014,28.7,23.9,25.9,0.9,12.9,29.5,41425.86
Philippines,28-03-2014,28.5,23.8,25.9,0.7,15,27.7,41415.78
Philippines,29-03-2014,28.6,24.2,26.1,0,8,17.6,41513.25
Philippines,30-03-2014,28.6,23.9,26.1,0.3,8.6,18,41556.95
Philippines,31-03-2014,28.2,24.1,25.9,0,11.4,21.6,41600.6
Philippines,01-04-2014,28.7,23.3,26,1.1,6.8,15.1,41192.96
Philippines,02-04-2014,29,24.7,26.5,0.1,10.4,22.3,41687.68
Philippines,03-04-2014,29.4,24.2,26.5,0,10.6,21.2,41731.06
Philippines,04-04-2014,29.7,24.5,26.5,0,15.3,27.7,41774.27
Philippines,05-04-2014,29.4,24.2,26.3,1.3,14.5,28.4,41817.32
Philippines,06-04-2014,29.3,24.3,26.3,0.5,19.3,35.6,41860.15
Philippines,07-04-2014,29.8,23.9,26.4,0,17.3,34.6,41902.75
Philippines,08-04-2014,28.8,24,26.3,0.6,14.9,31.3,41945.09
Philippines,09-04-2014,29.5,24.2,26.4,0.5,15.7,30.2,41987.13
Philippines,10-04-2014,30.3,24,26.4,0,20.7,37.1,42028.85
Philippines,11-04-2014,29.8,24.5,26.6,0,18.6,33.8,42070.23
Philippines,12-04-2014,29.4,24.5,26.5,0.2,17.7,32,42091.93
Philippines,13-04-2014,28.5,24.7,26.2,0.7,17.5,32,30443.68
Philippines,14-04-2014,27.4,24.5,25.4,5.4,18.2,38.5,17847.93
Philippines,15-04-2014,25.8,24.2,25.1,3.9,25,42.5,12946.18
Philippines,16-04-2014,27.4,24.2,25.5,0.6,19.2,37.4,33954.28
Philippines,17-04-2014,29.2,24,26.1,0,17.7,31,41297.2
Philippines,18-04-2014,28.6,24.7,26.2,0.5,12.9,23.8,40402.01
Philippines,19-04-2014,28.5,24.7,26.3,0.8,16.4,30.2,42133.65
Philippines,20-04-2014,29.7,24.2,26.4,0,16.3,30.2,39782.85
Philippines,21-04-2014,29.6,24.7,26.5,0.8,17.1,31.3,42147.09
Philippines,22-04-2014,29.9,23.9,26.5,0,18.8,33.5,42154.09
Philippines,23-04-2014,27.6,22.1,25.2,12.4,16.5,32.8,20796.1
Philippines,24-04-2014,28.7,22.2,25.7,1.1,8.1,22,42168.73
Philippines,25-04-2014,29.5,24.8,26.8,3.1,7.6,19.1,40586.7
Philippines,26-04-2014,29.3,24.7,27,0.4,8.2,19.8,42184.33
Philippines,27-04-2014,29.5,25.6,27.3,0.5,9.2,21.6,42192.53
Philippines,28-04-2014,28.8,24.8,27,0,7.1,17.6,42201.01
Philippines,29-04-2014,29.4,25.1,27.2,0,8.6,16.9,42209.8
Philippines,30-04-2014,28.8,24.9,26.7,2,7.8,19.4,42200.88
Philippines,01-05-2014,29.4,24.5,26.9,2,7.9,16.6,41799.93
Philippines,02-05-2014,29.8,25.6,27.3,0.9,11.9,24.8,42238.1
Philippines,03-05-2014,29.1,25.9,27.2,1.7,12.2,26.6,42266.18
Philippines,04-05-2014,30.2,25.5,27.5,1.6,15.6,30.6,42274.59
Philippines,05-05-2014,30.3,25.7,27.7,0.4,12.5,26.3,42283.38
Philippines,06-05-2014,31.1,25.7,27.9,0,16,29.5,42353.94
Philippines,07-05-2014,30.1,25.4,27.4,2.5,15.2,27.4,42302.15
Philippines,08-05-2014,30.3,25.4,27.4,1.9,10.3,19.1,41457.75
Philippines,09-05-2014,29.2,24.6,26.7,13,7.6,18.7,28892.72
Philippines,10-05-2014,29,25.3,27.1,1.6,10.2,18.4,40226.76
Philippines,11-05-2014,29.5,25.4,27.4,0,8.2,17.6,42343.33
Philippines,12-05-2014,29.5,25.8,27.4,0.1,11.7,24.1,42356.8
Philippines,13-05-2014,30,24.9,27.3,0.2,9.7,18.7,42436.71
Philippines,14-05-2014,29.7,26.1,27.6,0,9.4,21.2,42519.74
Philippines,15-05-2014,29.6,26.3,27.8,0.1,8.4,20.9,42604.71
Philippines,16-05-2014,30,26.3,27.9,0.1,7.9,17.6,42619.78
Philippines,17-05-2014,30.3,26.5,27.9,1.2,9.1,22,42707.37
Philippines,18-05-2014,30,25.3,27.7,0.6,6.4,18,42504.14
Philippines,19-05-2014,30,26,27.9,1,8.3,19.4,42665.7
Philippines,20-05-2014,30.1,25.3,27.7,0.2,6.1,16.2,42606.91
Philippines,21-05-2014,29.3,24.8,27.2,2.7,9.2,17.6,42513.57
Philippines,22-05-2014,29.3,24.9,27,2,9.7,20.2,40929.27
Philippines,23-05-2014,29.8,25.4,27.7,0.5,10.4,24.8,42576.53
Philippines,24-05-2014,30,25.8,27.8,1.2,14.8,26.3,42743.71
Philippines,25-05-2014,29.1,24.9,26.4,21.8,7.9,23.4,33089.1
Philippines,26-05-2014,29.6,25.3,27.4,3.7,7.7,18.4,42621.98
Philippines,27-05-2014,29.9,25.5,27.7,1.5,7.9,16.2,42715.07
Philippines,28-05-2014,29.7,25.4,27.5,5.1,6.4,16.2,42470.23
Philippines,29-05-2014,29.5,25.2,26.9,7.4,7.9,18.7,41022.55
Philippines,30-05-2014,29.6,25.5,27.2,1.1,7.4,17.6,42766.42
Philippines,31-05-2014,28.5,25,26.5,12,7,23,38961.18
Philippines,01-06-2014,29.5,25.9,27.7,0.9,9.4,20.2,42879.37
Philippines,02-06-2014,29.6,25.8,27.7,1.5,8.5,16.6,42491.73
Philippines,03-06-2014,29.2,25.6,27.3,2.6,11.3,25.6,42760.99
Philippines,04-06-2014,29.2,25.6,27.3,3.8,12.7,25.6,42721.27
Philippines,05-06-2014,29.2,26,27.5,3,11.6,22.3,42738.93
Philippines,06-06-2014,29.7,25.7,27.4,5.6,10.8,20.2,37186.77
Philippines,07-06-2014,29.4,25.9,27.4,6.4,10.8,22.3,37411.66
Philippines,08-06-2014,29.4,25.6,27.4,7.7,12.4,25.6,38974.89
Philippines,09-06-2014,28.7,25.7,27,8.3,16.9,32.4,37722.09
Philippines,10-06-2014,28.6,25.5,27,6.7,22.5,38.9,26743.62
Philippines,11-06-2014,28.8,25.6,27.2,10.4,22.2,43.2,33993.66
Philippines,12-06-2014,28.9,25.6,27.1,12,24.1,45.7,41321.71
Philippines,13-06-2014,28,25.8,27,5.4,19.5,36.7,28384.26
Philippines,14-06-2014,28.7,26.3,27.3,1.5,15.9,32.4,42884.35
Philippines,15-06-2014,29.2,25.1,27.3,2.3,14.8,29.5,42898.64
Philippines,16-06-2014,29.3,25.2,27,5,12,26.3,42913
Philippines,17-06-2014,28.1,25.1,26.6,6.1,10.3,28.8,39627.7
Philippines,18-06-2014,28.1,25.1,26.4,12.4,14.3,32.4,38974.8
Philippines,19-06-2014,27.9,25.8,26.7,8,14.2,28.4,41362.8
Philippines,20-06-2014,27.8,24.7,26.3,10.5,18.7,37.1,42969.86
Philippines,21-06-2014,27,25.1,26,13.8,15.2,29.5,25943.67
Philippines,22-06-2014,27.9,25.5,26.7,7.8,17.2,32.8,42997.04
Philippines,23-06-2014,28.7,24.6,26.9,2.1,14.9,28.8,43016.44
Philippines,24-06-2014,29.3,25.9,27.5,1.4,10.5,23.8,43097.14
Philippines,25-06-2014,29,25.6,27.2,7.7,7.3,19.4,35397.36
Philippines,26-06-2014,26.7,24.3,25.3,25.9,13.7,24.8,0
Philippines,27-06-2014,28,24.9,26.3,5.8,17,33.5,41848.67
Philippines,28-06-2014,28.2,25.3,26.6,3.5,20.6,38.5,43067.46
Philippines,29-06-2014,28.6,25.6,26.7,8,11.3,24.8,38403.38
Philippines,30-06-2014,28,24.1,25.9,12.1,10.9,21.2,16490.44
Philippines,01-07-2014,28.7,24.2,26,7,10.4,20.9,36018.89
Philippines,02-07-2014,27.7,24.8,26.1,4.5,9.2,20.9,33724.48
Philippines,03-07-2014,27.2,24.9,25.9,24.7,11.7,22.7,20964.76
Philippines,04-07-2014,27,24.6,25.7,20,16.4,31.3,5744.77
Philippines,05-07-2014,28,25.5,26.5,7,18.3,38.5,43114.81
Philippines,06-07-2014,28.2,25.3,26.6,8.3,18.4,40.7,33130.02
Philippines,07-07-2014,27.3,25.6,26.3,20.7,22.3,47.2,30068.49
Philippines,08-07-2014,27.3,24.8,25.7,16.4,29.9,52.2,34058.11
Philippines,09-07-2014,27,25.3,26,8,20.9,36.4,28098
Philippines,10-07-2014,28.1,25.1,26.4,4.4,17.2,34.2,42593.87
Philippines,11-07-2014,27.7,24.5,26.1,4.4,12.1,26.6,42673.16
Philippines,12-07-2014,28.7,24.9,26.1,6.1,8.3,20.2,43127.48
Philippines,13-07-2014,28.6,24.7,26.2,2.3,7.4,20.2,37824.39
Philippines,14-07-2014,29,24.6,26.3,6.5,12.1,25.9,40766.78
Philippines,15-07-2014,25.3,24.4,24.8,85.2,43.3,95.4,0
Philippines,16-07-2014,26.2,25,25.5,45.3,56.3,106.2,23386.74
Philippines,17-07-2014,27.8,24.7,25.8,6,21.3,39.2,37445.79
Philippines,18-07-2014,28.3,25.1,26.4,5.1,9.7,28.8,37238.06
Philippines,19-07-2014,26.4,24.9,25.5,18.1,12.8,35.3,2652
Philippines,20-07-2014,26.2,24.2,25.1,27.7,14.4,30.2,12195.1
Philippines,21-07-2014,27.1,24.7,25.7,11.8,23.8,50.8,517.37
Philippines,22-07-2014,26.9,25.2,25.9,0.5,34.9,63.4,36044.44
Philippines,23-07-2014,27.5,25,26,0.8,24.9,50.4,39663.73
Philippines,24-07-2014,27,25,25.7,2.4,12.3,26.3,32565.79
Philippines,25-07-2014,28.1,25,26.1,7.1,14.4,29.5,33349.51
Philippines,26-07-2014,27,24,25.4,12.9,10.5,23.4,25428.99
Philippines,27-07-2014,27.1,24.4,25.3,8.1,12.4,27.7,21251.18
Philippines,28-07-2014,26.5,24.5,25.2,7.2,16.4,38.2,12272.21
Philippines,29-07-2014,26.5,24.7,25.2,11.9,15.9,37.8,28405.29
Philippines,30-07-2014,26.6,24.6,25.4,5,19.6,43.2,25639.55
Philippines,31-07-2014,27.5,24.8,25.9,0.1,25.8,51.5,37166.59
Philippines,01-08-2014,27.2,25,25.9,2,23.2,44.6,38015.91
Philippines,02-08-2014,27.5,24.9,26,2.2,19.6,35.6,29909.16
Philippines,03-08-2014,27.8,25,26,3.8,15.6,37.8,32244.65
Philippines,04-08-2014,27.3,25.1,25.9,2.5,18.1,33.1,13573.99
Philippines,05-08-2014,26.6,25,25.7,3.7,17.7,40.3,21953.49
Philippines,06-08-2014,28.1,25.4,26.6,0.3,19.4,40.7,41377.64
Philippines,07-08-2014,28.8,25.6,26.9,0,16.7,31.7,42817.64
Philippines,08-08-2014,28.9,25.6,27,0,17.7,33.5,42794.33
Philippines,09-08-2014,29.5,25.6,27.3,0,14.4,27.4,42770.32
Philippines,10-08-2014,29.4,24.7,26.9,0,17.7,31.7,42745.63
Philippines,11-08-2014,29.3,25,27,0,16.3,30.6,42720.27
Philippines,12-08-2014,29.4,25.3,27,0,15.6,29.5,42603.45
Philippines,13-08-2014,29.4,24.5,27.1,0,10.7,23.4,42667.6
Philippines,14-08-2014,29.3,25.5,27.4,0.3,6.6,17.6,42639.94
Philippines,15-08-2014,29.4,25.2,27.2,0.4,12.4,26.3,40245.47
Philippines,16-08-2014,27.3,24.5,25.9,28.3,10.3,25.6,32699.86
Philippines,17-08-2014,27.6,24.4,25.8,6.7,17.7,32.8,39600
Philippines,18-08-2014,27.4,24.3,25.9,4.8,14.4,32.8,39777.76
Philippines,19-08-2014,29,24.7,26.6,3,8.5,18.7,42487.52
Philippines,20-08-2014,29.3,25,26.7,2.3,14.6,28.8,42454.58
Philippines,21-08-2014,27.1,24.3,25.3,13.4,11.7,23.4,22069.19
Philippines,22-08-2014,27.5,23.7,25.4,11.5,10.9,18.4,30673.05
Philippines,23-08-2014,28,24.1,26,2.8,11.3,20.9,39548.8
Philippines,24-08-2014,27.5,25.1,26.2,9.6,9,20.2,39119.12
Philippines,25-08-2014,26.8,23.7,25.1,33.8,8.7,22.7,16388.27
Philippines,26-08-2014,25.8,23.6,24.6,29.4,19.8,42.5,2824.7
Philippines,27-08-2014,28.2,24.8,26.1,1.6,12.9,26.3,42207.25
Philippines,28-08-2014,27.8,24.2,25.5,7.5,14,27.4,31120.63
Philippines,29-08-2014,27,23.8,24.8,17.4,9.7,23,28942.83
Philippines,30-08-2014,27.5,24,25.7,4.7,8.8,20.2,31357.24
Philippines,31-08-2014,27.8,23.8,25.3,16,9.2,19.4,32540.14
Philippines,01-09-2014,27,24,25.1,16.3,10,22.3,24572.07
Philippines,02-09-2014,26.7,23.5,24.9,15.3,12.1,29.5,18675.67
Philippines,03-09-2014,27.1,23.3,24.9,38.5,15,33.1,16677.79
Philippines,04-09-2014,26,23.1,24.3,36.6,9.8,24.8,13969.4
Philippines,05-09-2014,26.2,23.6,24.7,14.4,20.4,36,28800
Philippines,06-09-2014,27.6,24.7,26,1.4,22.7,46.8,37577.61
Philippines,07-09-2014,27.8,25.2,26.3,0.2,19,35.6,41779.96
Philippines,08-09-2014,26.7,24.7,25.5,19.7,12.2,22.7,20023.48
Philippines,09-09-2014,25.4,23.5,24.6,23.1,14.2,29.9,11712.91
Philippines,10-09-2014,27.2,24,25.4,1.2,13.2,31.3,38845.47
Philippines,11-09-2014,28.5,24.6,26.4,0.2,9.9,21.6,41609.38
Philippines,12-09-2014,28.6,24.6,26.6,1.9,10.9,25.6,39293.39
Philippines,13-09-2014,26.1,24.5,25.5,38.1,29.7,54.4,2536.02
Philippines,14-09-2014,25.8,24.5,25,58.1,31.2,63.4,0
Philippines,15-09-2014,26.8,24.3,25.5,2.4,32.1,58.3,27868.72
Philippines,16-09-2014,28.3,24.9,26.3,2,17.3,31,40351.77
Philippines,17-09-2014,29,25.3,26.6,0.9,19.3,36,39600
Philippines,18-09-2014,26.7,24.2,25.2,37.2,27,45.4,9621.75
Philippines,19-09-2014,26.7,24.8,25.7,44.7,37.2,70.2,5233.53
Philippines,20-09-2014,27.8,25.6,26.4,0,26.4,51.1,28523.9
Philippines,21-09-2014,28.3,25.3,26.6,0,17.7,33.8,39837.58
Philippines,22-09-2014,28.8,24.4,26.6,0.5,14.4,27.7,40449.11
Philippines,23-09-2014,28.9,24.4,26.4,1.1,9.3,19.1,39947.28
Philippines,24-09-2014,28.4,25.1,26.5,2.5,10.1,21.2,39607.55
Philippines,25-09-2014,27.5,24.8,25.9,8.6,10,19.8,38707.71
Philippines,26-09-2014,28.3,24.9,26.1,2.2,11.4,24.1,39954.97
Philippines,27-09-2014,29,24.7,26.7,0,10.1,16.6,39956.62
Philippines,28-09-2014,28.1,24.3,26.2,3.7,9,21.2,36936.94
Philippines,29-09-2014,27.9,24.4,25.8,2.6,9.7,24.1,39603.52
Philippines,30-09-2014,28.4,24.7,26.1,1.6,8.2,22.3,39600
Philippines,01-10-2014,27.8,24.6,26,2.2,16.4,29.2,39957.95
Philippines,02-10-2014,27.8,24.4,25.8,6,10.6,24.8,39708.7
Philippines,03-10-2014,27.4,24.4,25.6,9.1,7.9,21.2,38202.52
Philippines,04-10-2014,27.6,24.1,25.5,5.9,8.6,24.1,34682.35
Philippines,05-10-2014,26.5,23.9,25.1,11.8,12.2,23.8,26774.02
Philippines,06-10-2014,27.7,24.3,25.7,3.9,13.4,27.4,39600
Philippines,07-10-2014,27.6,23.9,25.2,2.8,16.5,29.2,38850.09
Philippines,08-10-2014,25.1,23.9,24.5,30.6,17.6,33.8,2795.38
Philippines,09-10-2014,27.7,24.6,25.9,1.9,13.1,24.1,39587.36
Philippines,10-10-2014,26.4,24.2,25,4.7,15.4,28.4,22801.55
Philippines,11-10-2014,25.9,23.9,24.7,23.6,6.2,16.2,21308.71
Philippines,12-10-2014,26.9,23.7,25.3,4.6,6.5,19.1,33351.75
Philippines,13-10-2014,27.5,24.1,25.7,6,9.2,18.4,39556.66
Philippines,14-10-2014,27.7,24.4,25.4,10.2,15.1,32.4,35778.13
Philippines,15-10-2014,26.7,24.3,25.2,2.9,22.3,41.4,39538.37
Philippines,16-10-2014,25.9,23.5,24.5,25.7,21.1,38.5,20147.23
Philippines,17-10-2014,25.9,24,24.7,15.3,18.8,32.8,7277.5
Philippines,18-10-2014,26.8,24.1,25.2,4.9,14.6,24.1,26204.24
Philippines,19-10-2014,28,24,25.7,2.2,18.1,31.3,39496.79
Philippines,20-10-2014,27.9,24.6,26,1.4,9,22,39485.23
Philippines,21-10-2014,27.6,24.2,25.8,4.1,8.1,20.9,39473.16
Philippines,22-10-2014,28.3,24.2,25.7,3.9,13.4,24.8,38883.08
Philippines,23-10-2014,28.4,24.7,26.1,0.5,18.9,34.9,39447.38
Philippines,24-10-2014,28.5,24.1,26,0,12.5,23,39433.64
Philippines,25-10-2014,28.4,24.7,26.2,0.3,17.1,29.2,39419.3
Philippines,26-10-2014,27.5,24.3,25.5,3.6,14.5,27.4,34177.29
Philippines,27-10-2014,26.1,23.6,24.8,10.1,15.7,31.3,18083.16
Philippines,28-10-2014,27.5,24.1,25.3,2.5,20.4,31.7,36277.48
Philippines,29-10-2014,27,24.3,25.4,4,17.1,34.9,35728.16
Philippines,30-10-2014,28.1,24.3,25.8,2.5,18.7,35.3,39338
Philippines,31-10-2014,27.4,24.2,25.3,7,20.9,36.4,31346.28
Philippines,01-11-2014,28.1,24.2,26.1,0.7,17.3,32.4,37657.73
Philippines,02-11-2014,28.6,24.7,26.2,0,20.6,36,39280.88
Philippines,03-11-2014,27.9,24.2,25.8,0.8,19.8,37.4,39260.39
Philippines,04-11-2014,26.6,23.8,25.1,2,19.9,37.1,39239.18
Philippines,05-11-2014,26.5,23.8,24.9,0,22.2,39.2,39217.3
Philippines,06-11-2014,26.6,23.5,24.7,0,20.1,36,39182.95
Philippines,07-11-2014,26.6,23.1,24.5,0,22.2,38.9,39142.6
Philippines,08-11-2014,27.2,22.9,24.6,0.9,14.4,27.4,39102.57
Philippines,09-11-2014,27,23.6,24.9,0.6,18.4,32.4,39062.89
Philippines,10-11-2014,26.9,23.7,25,0.1,17.1,33.8,39023.62
Philippines,11-11-2014,27.5,23.7,25.2,0.8,19,34.9,38984.82
Philippines,12-11-2014,26.1,23.2,24.5,1.6,22.4,41.4,38946.52
Philippines,13-11-2014,26.4,23.6,24.7,2.6,24.5,44.6,35133.18
Philippines,14-11-2014,26.3,23.6,24.3,13.9,20.2,35.6,27724.76
Philippines,15-11-2014,26.4,23.2,24.7,3.4,10.5,24.1,22815.58
Philippines,16-11-2014,27.3,24,25.1,4.8,10.7,27.4,32535.13
Philippines,17-11-2014,27.8,23.9,25.3,1.9,13,23.8,33457.64
Philippines,18-11-2014,27.7,24.1,25.6,1,14,24.5,38730.33
Philippines,19-11-2014,26.9,24.1,25,4.6,15.5,27.7,34814.75
Philippines,20-11-2014,26.8,24.1,25,3.3,15.2,28.1,33918.55
Philippines,21-11-2014,26.9,23.7,25,5.9,16.3,28.4,38633.46
Philippines,22-11-2014,27.7,23.3,25.4,0.8,11.6,21.6,38603
Philippines,23-11-2014,27.7,24.4,25.7,1,16.6,28.1,38573.09
Philippines,24-11-2014,27.6,24.5,25.8,0.8,14.6,27.4,38543.77
Philippines,25-11-2014,27.9,24.6,25.6,4.7,13.8,28.4,38515.07
Philippines,26-11-2014,27.9,24.4,25.7,2.2,21.6,35.3,38030.27
Philippines,27-11-2014,27.1,24.7,25.4,6.1,17.6,38.5,23022.67
Philippines,28-11-2014,28,24.4,25.7,1.2,17.7,36,38433.12
Philippines,29-11-2014,27.2,24.4,25.6,3.5,16.6,36.4,34674.79
Philippines,30-11-2014,26.2,24.2,25,4,9.9,25.9,10833.07
Philippines,01-12-2014,27.3,23.8,25.3,2.2,10.9,25.9,36968.36
Philippines,02-12-2014,26.8,24.3,25.3,0.4,19.4,33.5,38335.12
Philippines,03-12-2014,27.4,23.9,25,17.6,23,40,32307.84
Philippines,04-12-2014,28,23.9,25.5,6.2,15.5,31.3,38291.69
Philippines,05-12-2014,26.6,24,25,2.5,26.9,50.4,30591.05
Philippines,06-12-2014,24.9,22.6,23.9,2.9,36.1,69.5,20828.52
Philippines,07-12-2014,23.8,22.4,22.9,85.8,37.7,89.3,0
Philippines,08-12-2014,24.3,23.7,24,100.4,40.4,85.3,703.63
Philippines,09-12-2014,25.6,23.3,24.2,30.3,21.5,39.2,5728.27
Philippines,10-12-2014,28,22.6,25.1,0,16.1,27.7,38157.56
Philippines,11-12-2014,27.7,22.5,25.1,0.1,12.7,24.5,38125.41
Philippines,12-12-2014,27.8,23.8,25.1,1,13.6,26.6,38093.43
Philippines,13-12-2014,26.8,23.6,24.9,1.8,18.7,36.4,33428.48
Philippines,14-12-2014,25,23.7,24.1,39.1,27.7,60.1,5965.91
Philippines,15-12-2014,27.6,23.8,25.1,0.4,16.5,26.3,36717.46
Philippines,16-12-2014,27.3,23.8,25.3,0.7,15.5,27,34991.62
Philippines,17-12-2014,26,23.6,24.6,8.8,29,53.6,34075.25
Philippines,18-12-2014,23.9,23,23.4,8.5,30.3,55.1,5.23
Philippines,19-12-2014,25.1,23,23.7,4.5,27.7,49.7,22289.44
Philippines,20-12-2014,27.6,23.3,24.9,0.3,14.7,29.2,37306.29
Philippines,21-12-2014,26.8,23.5,24.8,0.7,20.6,36.7,36952.96
Philippines,22-12-2014,26.6,23.9,24.8,3.6,28.8,54.4,34606.01
Philippines,23-12-2014,26.6,23.9,24.9,7.9,28.9,52.2,36152.38
Philippines,24-12-2014,27.1,24.1,25,3.8,20.9,40,33057.77
Philippines,25-12-2014,27,23.8,24.9,2.7,24.5,42.8,36829.48
Philippines,26-12-2014,25,23.7,24.3,6.4,25,45,22235
Philippines,27-12-2014,26.1,23.4,24.4,6.2,29.6,51.1,36606.1
Philippines,28-12-2014,25.9,23.1,24.1,1.4,28.8,51.5,36281.18
Philippines,29-12-2014,24.8,23.1,23.7,1.3,29.8,54.4,12666.92
Philippines,30-12-2014,23.6,22.3,22.9,58,30.1,56.9,0
Philippines,31-12-2014,24,22.7,23.4,20.5,29.4,53.6,0
Philippines,01-01-2015,23.6,21.7,22.6,92.1,31.8,69.1,0
Philippines,02-01-2015,23.8,22,22.7,1.1,35.1,58.7,18866.13
Philippines,03-01-2015,25,22.4,23.4,2.2,28.4,49.7,36700.84
Philippines,04-01-2015,26,22.5,23.9,0.2,21.4,38.5,36698.39
Philippines,05-01-2015,26.3,22.6,24.1,0.5,18.6,32.8,36803.79
Philippines,06-01-2015,26.5,22.7,24.1,0,16.7,28.8,37205.55
Philippines,07-01-2015,26,22.3,23.7,0,21.3,38.2,37186.18
Philippines,08-01-2015,25.6,22.3,23.5,1,30.6,54.4,36239
Philippines,09-01-2015,24.1,21.8,22.9,1.8,31.6,59.4,36587.98
Philippines,10-01-2015,24.1,21.6,22.5,0.1,26.8,47.9,36548.15
Philippines,11-01-2015,24.7,21.6,22.7,1.1,23.7,45,36638.86
Philippines,12-01-2015,25.1,21.8,23.2,1.2,27.4,48.2,36582.52
Philippines,13-01-2015,25.5,22.4,23.6,0.1,22.5,41,36424.96
Philippines,14-01-2015,26.4,22.5,24.2,0.1,16.6,31.3,36610.41
Philippines,15-01-2015,25.9,22.6,23.9,1.3,21.4,38.5,36599.36
Philippines,16-01-2015,25.7,22.3,23.6,2,28.4,50.4,36014.72
Philippines,17-01-2015,22.8,21.6,22.3,16.7,37.4,72.4,2081.33
Philippines,18-01-2015,23.5,21.7,22.3,98.6,40.5,87.8,0
Philippines,19-01-2015,26.7,22.2,24.2,0,14.6,33.8,37054.93
Philippines,20-01-2015,26.7,22.4,24.2,0.1,9.9,16.6,36100
Philippines,21-01-2015,26.9,22,24.3,0.1,6.9,15.1,37145.34
Philippines,22-01-2015,25.7,22.4,23.7,3.1,17.3,34.2,36200.7
Philippines,23-01-2015,23.7,22.2,22.8,3.7,29.8,53.3,36088.64
Philippines,24-01-2015,24.6,22.2,23.1,0,29.8,52.9,32668.87
Philippines,25-01-2015,25.7,22.6,23.8,0,26.3,46.1,37170.96
Philippines,26-01-2015,25.6,22.7,23.8,0.5,25.5,44.3,37172.81
Philippines,27-01-2015,25.7,22.3,23.6,0.1,21.6,37.4,24395.39
Philippines,28-01-2015,26.1,22.8,24.1,0.8,17.5,31,36964.14
Philippines,29-01-2015,25.8,22.4,23.8,0.2,19.9,36.4,36762.8
Philippines,30-01-2015,25.8,22.4,23.9,0,23,40.7,37635.3
Philippines,31-01-2015,24.4,22.2,23,0.7,27.8,51.5,38421
Philippines,01-02-2015,24.6,22,23,1.7,30.6,55.8,36567.35
Philippines,02-02-2015,24.2,21.7,22.6,0,33.4,60.5,36905.84
Philippines,03-02-2015,24.5,21.5,22.6,0.2,25.2,46.1,38223.21
Philippines,04-02-2015,24.3,21.2,22.5,0.1,21.1,41,38324.64
Philippines,05-02-2015,24.6,21.4,22.7,0.5,17.1,30.6,36943.9
Philippines,06-02-2015,25.5,21.9,23.3,0.1,16.3,29.9,37213.59
Philippines,07-02-2015,26.5,20.7,23.4,0.1,8.9,19.8,38421.38
Philippines,08-02-2015,26.4,21.6,23.5,0.4,12.4,20.9,37953.57
Philippines,09-02-2015,25.3,21.5,23.1,0.4,21.8,37.1,38152.89
Philippines,10-02-2015,25.4,21.6,23.1,0.5,22.6,40,38237.85
Philippines,11-02-2015,25.6,21.7,23.3,0.4,15.8,30.2,37622.54
Philippines,12-02-2015,26.5,22,23.9,0.8,13.6,24.8,38143.02
Philippines,13-02-2015,26.1,22.5,23.7,11.2,22.6,42.1,27145.06
Philippines,14-02-2015,24.4,22.8,23.4,17.2,20.2,42.1,9913.52
Philippines,15-02-2015,25.8,22.7,23.7,13.1,11,23.4,18065.37
Philippines,16-02-2015,26.3,22.2,23.9,0,18,31.3,39343.8
Philippines,17-02-2015,26,21.9,23.7,0,15.5,28.4,39367.35
Philippines,18-02-2015,25.6,22.1,23.5,0,19.3,34.9,39390.24
Philippines,19-02-2015,25.6,22.2,23.5,1.1,20,34.9,38848.96
Philippines,20-02-2015,24.8,21.8,23,1.1,26.9,46.1,38730.31
Philippines,21-02-2015,25.1,22.1,23.2,0.4,21.4,38.2,36587.06
Philippines,22-02-2015,25.7,21.6,23.3,0,17.1,32.4,39909.51
Philippines,23-02-2015,26.3,21.6,23.7,0,16.3,30.2,39955.3
Philippines,24-02-2015,26.9,21.9,24,0,13.2,25.2,33785.38
Philippines,25-02-2015,27.4,22.7,24.6,0,14,26.6,39961.34
Philippines,26-02-2015,27.9,22.4,24.8,0.3,15,28.8,39501.95
Philippines,27-02-2015,27.7,22.8,24.7,0,19.7,35.6,40138.22
Philippines,28-02-2015,27.3,23.2,24.8,0.5,23.1,41.8,40160.08
Philippines,01-03-2015,26.8,22.6,24.3,0,21.8,38.5,40179.88
Philippines,02-03-2015,26.2,22.7,24.1,0,23.1,41.8,40274.16
Philippines,03-03-2015,27.6,22.3,24.5,0,16.1,28.8,40319.63
Philippines,04-03-2015,26.9,22.5,24.5,1.4,13,26.3,39949.81
Philippines,05-03-2015,26.7,22.9,24.5,0.4,18.7,33.8,40129.61
Philippines,06-03-2015,27.7,22.3,24.6,0,18.9,33.8,38761.08
Philippines,07-03-2015,27.7,23,24.9,0.3,16.3,29.5,40503.66
Philippines,08-03-2015,27.6,22.2,24.4,0,20.8,37.4,40550.04
Philippines,09-03-2015,27.2,22.3,24.4,0,14.8,27,40596.47
Philippines,10-03-2015,26.4,21.9,23.9,0,17.9,34.6,40642.94
Philippines,11-03-2015,25.6,22.2,23.7,1.5,19.5,37.8,40689.41
Philippines,12-03-2015,26.9,22.6,24.4,0,20.4,37.8,40735.86
Philippines,13-03-2015,27.6,22.5,24.6,0.2,17.8,34.6,40782.25
Philippines,14-03-2015,27.2,22.6,24.6,0.6,16.7,31.7,40828.53
Philippines,15-03-2015,27,22.8,24.7,1.2,14.5,30.2,40874.68
Philippines,16-03-2015,26.5,22.4,24.2,0,17.2,33.5,40920.68
Philippines,17-03-2015,27.1,21,23.8,0,15.9,29.9,40966.48
Philippines,18-03-2015,27.3,22,24.3,0,14.6,27.7,41012.06
Philippines,19-03-2015,27.1,22,24.6,0.6,11.3,23.4,33694.16
Philippines,20-03-2015,26,22.4,24,12.3,17.4,29.5,264.05
Philippines,21-03-2015,25.6,22.9,24.4,10.3,14.3,32,10243.1
Philippines,22-03-2015,27.1,23.9,25.1,3,8.9,21.2,33776.17
Philippines,23-03-2015,27.6,23.6,25.1,1.1,15.3,29.2,41199.07
Philippines,24-03-2015,24.2,21.7,23.2,30.7,15.6,31.3,4475.02
Philippines,25-03-2015,26.9,23.3,24.7,0.5,20.3,38.5,41324.94
Philippines,26-03-2015,26.9,23.2,24.7,3,23.2,41.4,41369.46
Philippines,27-03-2015,27.8,23.3,25.1,0.8,20,36.4,41413.96
Philippines,28-03-2015,28.2,22.9,25.2,0,15.5,28.1,41458.41
Philippines,29-03-2015,28.3,23.2,25.3,0,17.6,31.3,41502.77
Philippines,30-03-2015,28.2,23.4,25.3,0,19.4,34.9,41547
Philippines,31-03-2015,28.6,23.8,26,0.9,14.2,25.6,41144.62
Philippines,01-04-2015,28.9,23.9,25.8,0.3,17.5,31.7,41635.02
Philippines,02-04-2015,28.7,23.1,25.4,0,16.1,28.1,41678.74
Philippines,03-04-2015,28.8,22.9,25.5,0,16.3,29.9,41722.24
Philippines,04-04-2015,28.4,23.9,25.3,11.6,18.3,31,34402.12
Philippines,05-04-2015,26.7,24,25.4,1.2,17.7,37.1,13532.86
Philippines,06-04-2015,28.8,23.4,25.9,0.4,12.1,23,41851.08
Philippines,07-04-2015,28.2,23.7,25.5,0,19.1,37.1,41893.38
Philippines,08-04-2015,27.4,23.7,25.3,0.2,18.9,33.8,41935.32
Philippines,09-04-2015,26.8,23.1,24.8,0.4,17.2,34.2,41976.85
Philippines,10-04-2015,28.3,23.5,25.5,0,18.1,32,42017.92
Philippines,11-04-2015,27.7,23.8,25.3,0.2,15,27.7,42058.57
Philippines,12-04-2015,28.9,23.9,26,0,14.8,28.4,42093.05
Philippines,13-04-2015,29,23.8,26.1,0.5,13,24.5,42098.32
Philippines,14-04-2015,27.4,24,25.4,2.8,21.3,38.5,42103.64
Philippines,15-04-2015,28.1,24.2,25.8,0.8,18.4,32.8,42012.4
Philippines,16-04-2015,29.7,24.2,26.5,0.9,14,25.9,42114.58
Philippines,17-04-2015,29.5,24.8,26.8,0,15.5,27.4,42120.23
Philippines,18-04-2015,28.4,25,26.1,6.3,14.6,27.7,40442.25
Philippines,19-04-2015,28.6,24.8,26.6,2.4,8.7,23.4,42132.02
Philippines,20-04-2015,28.5,25.4,26.8,0.7,9.4,20.2,42138.21
Philippines,21-04-2015,28.4,25.3,26.7,0.5,9.2,24.8,42144.62
Philippines,22-04-2015,28.3,24.9,26.5,1.4,16.2,31,42151.28
Philippines,23-04-2015,29.4,25,26.5,0.3,20.3,36.4,42158.2
Philippines,24-04-2015,28.1,24.4,26.1,1.2,17,31.3,42165.42
Philippines,25-04-2015,29.3,24.7,26.5,0.1,18.8,34.6,42172.96
Philippines,26-04-2015,28.9,24.6,26.6,0.3,17.1,31.3,42180.83
Philippines,27-04-2015,29.7,24.6,26.7,0,15.7,29.2,42189.05
Philippines,28-04-2015,28.8,24.5,26.6,0.5,12.2,20.5,42197.67
Philippines,29-04-2015,30.2,23.6,27.1,0,10.8,20.2,42232.6
Philippines,30-04-2015,30.6,24.3,27.4,0,14.3,25.9,42216.12
Philippines,01-05-2015,28.9,24.8,26.6,1.5,12,22,41258.61
Philippines,02-05-2015,28.1,24.7,26.5,6.3,9.4,21.2,40019.29
Philippines,03-05-2015,26,24.9,25.5,8.7,11.2,24.8,14732.33
Philippines,04-05-2015,28.1,24.9,26.4,1.2,6.6,23,42274.09
Philippines,05-05-2015,29.5,24.7,26.8,0,10,20.5,42268.59
Philippines,06-05-2015,29.6,24.5,27.1,0,6.5,15.1,42353.35
Philippines,07-05-2015,30,24.9,27.4,0,13.3,22.7,42364.28
Philippines,08-05-2015,30.4,25.1,27.4,0,13.8,27.4,42303.89
Philippines,09-05-2015,29.2,25.5,27.1,4.4,21.3,40.7,27240.34
Philippines,10-05-2015,28.6,26.3,27.3,0.3,20.7,38.2,16112.39
Philippines,11-05-2015,28.9,25.5,27,1.8,16.2,31.3,40588.07
Philippines,12-05-2015,29.2,25.6,27.2,1.2,8.4,19.1,42422.2
Philippines,13-05-2015,29.9,25.2,27.4,0,12.9,23.8,42641.32
Philippines,14-05-2015,29.9,25.5,27.5,0.4,17.2,29.2,42516.8
Philippines,15-05-2015,29.3,25.5,27.2,0.2,15.3,28.4,42459.61
Philippines,16-05-2015,29.9,24.5,27.2,0.5,12.5,24.5,42687.22
Philippines,17-05-2015,29.7,25.4,27.3,0,10,20.9,42557.98
Philippines,18-05-2015,29.2,24.8,27.1,0,6.3,15.1,42718.08
Philippines,19-05-2015,29.7,26.2,27.7,0.2,10.2,22,42659.91
Philippines,20-05-2015,29.4,26,27.6,0.3,13.4,25.6,42466.68
Philippines,21-05-2015,28.9,25.8,27.3,0.1,11.6,24.5,42690.29
Philippines,22-05-2015,29.2,25.5,27.2,1.1,9.5,21.6,42164.72
Philippines,23-05-2015,29,25.5,27.2,2.3,7.2,18,42571
Philippines,24-05-2015,29.5,25,27.4,0.1,10.2,22.7,42738.94
Philippines,25-05-2015,29.6,25.4,27.4,0.2,13.3,23,42546.11
Philippines,26-05-2015,29.8,25.4,27.5,0.6,10.2,20.5,42563
Philippines,27-05-2015,29.5,25.5,27.5,0.8,9.2,19.8,42790.32
Philippines,28-05-2015,29.9,26,28,0.1,11.8,24.5,42807.83
Philippines,29-05-2015,29.7,26.2,28.1,0,11.2,25.6,42825.46
Philippines,30-05-2015,29.9,25.8,28,0,10.1,23,42920.31
Philippines,31-05-2015,30,25.5,28.1,0.2,6.6,16.9,42938.03
Philippines,01-06-2015,29.6,26.2,27.7,1.9,10,23.8,42198.13
Philippines,02-06-2015,30.6,25.7,28.1,0.1,12.8,21.2,42973.18
Philippines,03-06-2015,29.6,25.3,27.3,4,10.7,24.8,42572.39
Philippines,04-06-2015,28.4,25,26.7,2.9,8.5,23.8,42718.67
Philippines,05-06-2015,28.1,26,26.7,5.1,8.4,25.9,42735.44
Philippines,06-06-2015,28.7,24.1,26.7,3,10.9,22,37018.94
Philippines,07-06-2015,29.4,24.9,27,5.1,7.8,19.4,35600.76
Philippines,08-06-2015,29.3,25.5,27.3,4,7.7,16.6,42527.34
Philippines,09-06-2015,28.9,24.9,26.9,8.5,8.4,20.9,40416.38
Philippines,10-06-2015,29.3,25.3,27.1,3.8,7,21.6,39661.39
Philippines,11-06-2015,29.1,25.3,26.8,1.9,7.7,22.3,42687.62
Philippines,12-06-2015,29.6,26.2,27.6,0.8,8.8,25.6,43058.84
Philippines,13-06-2015,28.8,25.2,27.1,2.5,10,26.6,42926.01
Philippines,14-06-2015,29.4,25.5,27.4,2.2,11.2,26.6,42878.07
Philippines,15-06-2015,29.5,24.8,26.8,2.6,11.3,25.9,43106.18
Philippines,16-06-2015,29,24.4,26.4,5,9.7,22.7,42086.88
Philippines,17-06-2015,27.7,24.5,25.8,16.5,8.4,22.3,30677.64
Philippines,18-06-2015,27.5,24.3,25.7,16.8,11.3,20.5,18953.39
Philippines,19-06-2015,28.2,24.7,26,8.3,10.1,22,37133.09
Philippines,20-06-2015,27.3,24.7,26.1,18.4,7,20.5,17981.32
Philippines,21-06-2015,27.1,24.8,25.9,17.7,9.5,23,1169.49
Philippines,22-06-2015,28.3,24.7,26.7,3,15.9,32,38471.75
Philippines,23-06-2015,28.2,25.4,26.8,7.1,11,23.4,42250.5
Philippines,24-06-2015,28.7,24.8,26.1,31.6,8.4,16.9,36798.82
Philippines,25-06-2015,29,24.7,26.7,2.9,7.6,14.4,42866.69
Philippines,26-06-2015,28.6,24.8,26.6,1.7,8.4,20.5,43056.47
Philippines,27-06-2015,28.3,24.9,26.6,3.4,5,19.4,42567.73
Philippines,28-06-2015,28.9,24.5,26.6,0.8,5.7,13.7,43141.1
Philippines,29-06-2015,29.1,24.4,26.6,1.1,6.5,15.1,43072
Philippines,30-06-2015,28,24.3,26.2,4.4,9.8,22.3,43079.57
Philippines,01-07-2015,28.3,24.7,26.2,2.5,12,25.2,43021.25
Philippines,02-07-2015,27.7,25.2,26.2,3.8,17.8,32.4,41767.64
Philippines,03-07-2015,27.4,25.3,26.1,2,19.7,35.3,25909.6
Philippines,04-07-2015,26.9,25.3,25.9,20.6,24.8,48.2,0
Philippines,05-07-2015,27.5,25.5,26.2,6.8,29.4,55.8,17179.85
Philippines,06-07-2015,27.9,25.4,26.6,1.3,25.6,50.4,43115.75
Philippines,07-07-2015,28.6,25.7,26.9,1.5,21.5,40,43119.86
Philippines,08-07-2015,28.1,25.7,26.6,16.4,24.8,45.7,34287.56
Philippines,09-07-2015,27.3,25.4,26.1,23.8,26.4,52.6,17970.51
Philippines,10-07-2015,27.2,25.2,25.9,3.5,34.7,64.1,35793.02
Philippines,11-07-2015,26.9,25.4,26,2.8,31.1,55.1,18744.13
Philippines,12-07-2015,28.1,25.3,26.5,1.2,24.1,52.6,43129.79
Philippines,13-07-2015,28.3,25.5,26.7,0,18.9,34.6,39154.53
Philippines,14-07-2015,28.1,25.6,26.7,0,23.5,41.4,32770.81
Philippines,15-07-2015,28.6,25.9,26.9,0.1,22.9,43.6,43125.8
Philippines,16-07-2015,28.1,25.8,26.7,1,25.9,48.6,37531.66
Philippines,17-07-2015,28.4,25.8,26.9,0.1,28,52.2,37080.88
Philippines,18-07-2015,28.4,25.6,26.7,0,23.6,44.3,31907.8
Philippines,19-07-2015,28.2,25.3,26.6,0,17.7,32.4,43106.64
Philippines,20-07-2015,29.4,25.1,27.1,0,8.2,22.7,43099.34
Philippines,21-07-2015,28.1,25.4,26.2,13,11.2,19.8,27809.53
Philippines,22-07-2015,27,24,25.6,18.6,9.2,18.4,1091.85
Philippines,23-07-2015,28,23.8,26.1,7.5,15,29.2,43072.21
Philippines,24-07-2015,27.6,24.8,26,10.3,13.6,31,41412.41
Philippines,25-07-2015,28.4,24.4,26.3,11.4,8.4,20.2,36885.27
Philippines,26-07-2015,27.8,23.9,25.5,13.1,7,17.3,33710.52
Philippines,27-07-2015,27,23.4,25.1,14.3,6,18.7,35827.01
Philippines,28-07-2015,27.7,24.1,25.6,2.7,6.7,20.5,37912.47
Philippines,29-07-2015,28.4,23.8,26,5.6,11.8,24.1,42995.09
Philippines,30-07-2015,27.5,24.8,25.9,5.7,12.5,24.8,42979.35
Philippines,31-07-2015,28.4,24.2,26.2,2.5,16.3,28.8,42962.81
Philippines,01-08-2015,28.1,24.8,25.9,6.7,14.8,28.1,42945.48
Philippines,02-08-2015,27.5,23.9,25.6,5.3,9.2,21.2,39377.42
Philippines,03-08-2015,27.6,24.3,25.7,6.1,5.1,21.2,42298.39
Philippines,04-08-2015,28,24.4,26,2,8.2,17.3,42888.76
Philippines,05-08-2015,28,24.2,26,2.3,10.9,23.4,42868.3
Philippines,06-08-2015,27.9,24.4,25.9,4.8,15.5,31.7,38834.52
Philippines,07-08-2015,27.4,24.8,25.9,4,20.4,38.5,35275.62
Philippines,08-08-2015,27.2,25.2,26,5.3,24,44.3,35650.03
Philippines,09-08-2015,26.9,25.3,25.9,7.7,23.8,47.9,38781.75
Philippines,10-08-2015,27.6,25.4,26.4,1.8,17,35.3,26451.24
Philippines,11-08-2015,28.4,25.1,26.7,6,9.7,24.5,24881.58
Philippines,12-08-2015,28,24.4,26.2,10.1,9.2,17.6,38458.99
Philippines,13-08-2015,28.8,24.1,26.2,10.3,5.9,17.3,41531.26
Philippines,14-08-2015,28.1,23.9,26.1,5.5,9.8,22.3,39045.12
Philippines,15-08-2015,28.7,24.4,26.8,2,5.2,15.8,42615.85
Philippines,16-08-2015,28.9,24.3,26.3,9.4,4.5,15.8,42585.82
Philippines,17-08-2015,29.3,24.8,26.7,2,7.8,18,42555.09
Philippines,18-08-2015,29.4,24.6,26.4,2.3,10.4,22.3,42523.68
Philippines,19-08-2015,29.2,25.1,26.9,2.8,18.6,37.1,36096.61
Philippines,20-08-2015,28.2,25.5,26.5,7.4,28.6,63.7,37385.75
Philippines,21-08-2015,27.4,25.7,26.2,7.4,31.4,65.2,9980.77
Philippines,22-08-2015,27.1,25.2,26.1,2.3,29.6,68.8,35097.7
Philippines,23-08-2015,27.2,25,26,2.4,33,59.8,33126.4
Philippines,24-08-2015,27.4,25,26.1,2,28.7,52.2,32903.83
Philippines,25-08-2015,28.2,25.1,26.4,0.2,22,41,34690.18
Philippines,26-08-2015,28.5,25.2,26.7,0.4,11.8,25.2,42253.61
Philippines,27-08-2015,29.4,24.5,26.8,2.9,7.4,18,41363.61
Philippines,28-08-2015,27.9,23.9,25.6,3.7,8.5,20.9,39135.65
Philippines,29-08-2015,26.2,24.5,25.2,14.6,10,17.6,10601.41
Philippines,30-08-2015,28.4,24.5,26.5,0.5,11.8,24.5,42108.45
Philippines,31-08-2015,27.9,24.8,26.1,8.3,12.3,22,37747.48
Philippines,01-09-2015,26.8,24.6,25.7,7.4,11.1,20.9,30866.1
Philippines,02-09-2015,28.3,24.1,26,7.8,6.6,18.4,40448.97
Philippines,03-09-2015,28.3,24.6,26.1,7.2,8.2,19.8,36311.98
Philippines,04-09-2015,28.7,23.5,25.7,15.8,8.3,17.6,34367.44
Philippines,05-09-2015,28,24.3,25.8,7.1,7.6,14.4,37077.29
Philippines,06-09-2015,27.9,24.2,26,5.7,9.6,20.2,40336.52
Philippines,07-09-2015,27.8,24.8,26.1,3,15.7,29.2,41683.92
Philippines,08-09-2015,27.9,24.4,25.8,3.7,13.6,25.2,40342.93
Philippines,09-09-2015,27.9,24.6,26.1,4.9,11.6,28.1,41423.58
Philippines,10-09-2015,28,24.3,25.7,11.4,10.7,23,38381.66
Philippines,11-09-2015,27.4,24.2,25.5,22.4,8.7,17.3,22609.28
Philippines,12-09-2015,27.8,24,25.8,8.9,12,22.7,33006.75
Philippines,13-09-2015,27.3,24.2,25.6,23.5,7.8,19.4,33891.47
Philippines,14-09-2015,27.8,23.8,25.6,11.9,7.6,17.3,37103.15
Philippines,15-09-2015,28.6,24.3,26,1.6,10.9,23.8,40580.66
Philippines,16-09-2015,28.3,24,25.8,4.9,11.9,25.9,37283.46
Philippines,17-09-2015,27.6,24.5,25.8,7.8,14.8,28.1,34423.85
Philippines,18-09-2015,27.3,24.6,25.9,12,11.3,27.7,27655.84
Philippines,19-09-2015,28,25.3,26.3,3,10.6,22.7,40142.18
Philippines,20-09-2015,28.7,24.7,26.4,2.8,11.1,21.6,40248.56
Philippines,21-09-2015,27.9,24.6,25.9,7,8.7,19.8,38128.35
Philippines,22-09-2015,27.5,24.4,25.7,7.7,11.2,25.9,40145.86
Philippines,23-09-2015,27.9,23.8,25.8,2.8,10.6,22.7,40445.73
Philippines,24-09-2015,28.4,24.6,26.3,1.4,12.9,24.1,39600
Philippines,25-09-2015,28.4,24.8,26.2,8.8,11.2,22.3,36542.12
Philippines,26-09-2015,28.6,24.9,26.4,3.5,16.5,30.6,38091.88
Philippines,27-09-2015,27.8,25,26.3,7.6,17.3,36.7,37215.72
Philippines,28-09-2015,27.7,24.9,26.1,10.7,21.7,39.6,31732.15
Philippines,29-09-2015,27.4,24.6,25.9,4.3,20.3,37.1,36499.96
Philippines,30-09-2015,28.1,24.9,26.2,5.2,10.8,23,39697.37
Philippines,01-10-2015,25,24,24.4,44.5,20.3,37.8,0
Philippines,02-10-2015,26.7,24.6,25.5,12.2,22.1,45,23776.54
Philippines,03-10-2015,28,24.8,26.3,0,13.3,25.2,39600
Philippines,04-10-2015,27.2,24.4,25.5,3.9,15.3,33.1,39600
Philippines,05-10-2015,28.3,24.8,26,4.5,17.2,32.4,37942.11
Philippines,06-10-2015,29.2,24.4,26.5,4.7,17.3,28.4,39409.5
Philippines,07-10-2015,29.4,25.1,26.8,0.2,12.7,21.6,39797.72
Philippines,08-10-2015,28.5,23.9,26.3,0.9,5.4,13.3,39650.36
Philippines,09-10-2015,28,24.6,26.4,2.8,8.4,19.4,39586.59
Philippines,10-10-2015,28,24.7,26.4,2.7,7.3,16.9,39579.8
Philippines,11-10-2015,28.4,23.9,26,2.5,7.2,17.3,39572.71
Philippines,12-10-2015,27.8,24.8,26,4.7,12.8,27,39552.45
Philippines,13-10-2015,27.7,24.2,25.8,2.2,15.1,30.6,39557.49
Philippines,14-10-2015,26.8,24.4,25.4,4.1,18.5,30.6,20818.48
Philippines,15-10-2015,27.6,24.6,26,0.5,21.8,42.8,36511.15
Philippines,16-10-2015,25.8,23.9,25.2,17.3,20.8,41.8,1011.32
Philippines,17-10-2015,27.4,25.5,26.3,21,32.4,66.2,0
Philippines,18-10-2015,27.6,25.9,26.6,14.2,37.2,80.6,28314.03
Philippines,19-10-2015,28.4,25.5,26.6,1.7,27.5,56.2,39501.39
Philippines,20-10-2015,28.1,25.4,26.5,2.7,23,46.4,39490.21
Philippines,21-10-2015,28.3,25,26.4,0,22.5,40.7,39478.43
Philippines,22-10-2015,28.5,25,26.5,0,16.9,33.5,39466.02
Philippines,23-10-2015,27.9,24,26.3,0,14.3,31.3,39452.96
Philippines,24-10-2015,27.7,24.3,25.9,0.5,10.7,24.1,39439.21
Philippines,25-10-2015,28.4,24.4,26.1,1.3,8.7,21.6,39424.76
Philippines,26-10-2015,28.8,25,26.5,1.3,10.4,20.2,39409.56
Philippines,27-10-2015,27.9,24.1,26.2,0.5,12.5,25.6,39393.61
Philippines,28-10-2015,27.6,24.7,25.8,0,19.4,36.7,39376.94
Philippines,29-10-2015,27.6,24.4,25.7,0.5,21.1,39.6,39359.61
Philippines,30-10-2015,28.2,24.3,25.7,3.2,19.1,36,39341.65
Philippines,31-10-2015,27.2,24.7,25.5,3.1,22.9,44.6,31787.2
Philippines,01-11-2015,27.4,24.6,25.6,2.8,19.6,41.4,36603.77
Philippines,02-11-2015,28.4,24.5,26.1,1,17.8,32.8,39284
Philippines,03-11-2015,27.8,24.5,25.8,1.4,15.8,35.3,39077.73
Philippines,04-11-2015,28.7,24.9,26.4,2.4,17.2,34.2,39242.51
Philippines,05-11-2015,28.2,24.6,26.2,0.5,17.9,31.3,39220.88
Philippines,06-11-2015,28.3,24.8,26.2,0.7,16.8,32.8,39190.71
Philippines,07-11-2015,28.3,25,26.3,0.3,17.9,36,39149.94
Philippines,08-11-2015,28.3,24.8,26.3,0.2,19.1,35.3,39109.63
Philippines,09-11-2015,27,24.5,25.4,4.8,15.5,31,39069.82
Philippines,10-11-2015,27.4,24.4,25.9,0.2,18.4,34.9,39030.57
Philippines,11-11-2015,28.6,24.7,26.1,1.5,20.5,35.6,38991.94
Philippines,12-11-2015,28.1,24.6,26,0.3,15.5,29.2,38953.97
Philippines,13-11-2015,28.7,24.5,26.3,0,14.3,28.8,38916.72
Philippines,14-11-2015,28.5,24.5,26.1,0,14.4,27.7,38880.25
Philippines,15-11-2015,27.8,24.9,25.9,1.7,16.1,33.5,38844.61
Philippines,16-11-2015,28.5,24.6,26.3,0.6,16.4,33.5,38809.86
Philippines,17-11-2015,29.3,24.9,26.6,0,17.2,32,38775.75
Philippines,18-11-2015,28.5,24.8,26.3,0.9,19.1,39.2,38742.06
Philippines,19-11-2015,28.2,24.7,26,0.7,23.3,42.1,38708.82
Philippines,20-11-2015,28.8,24.8,26.2,1.1,21.7,38.2,38676.06
Philippines,21-11-2015,27.6,24.5,25.7,2.4,21.8,40.3,38643.85
Philippines,22-11-2015,28.3,24.8,26.1,0.7,18.8,33.8,38612.23
Philippines,23-11-2015,28.3,24.6,26,2.3,18.2,33.1,38581.23
Philippines,24-11-2015,27.6,24.5,25.6,2.4,23.3,39.2,37738.66
Philippines,25-11-2015,28,24.4,25.9,0.6,17,29.9,38521.29
Philippines,26-11-2015,27.6,24.8,25.9,0.6,19,33.8,38492.46
Philippines,27-11-2015,27.8,24.2,25.8,1.5,20.5,36.7,38464.43
Philippines,28-11-2015,27.7,24.5,25.7,3.2,23.1,40.7,38437.26
Philippines,29-11-2015,27.6,24.5,25.6,3.6,21.8,38.9,37903.01
Philippines,30-11-2015,27,24.3,25.3,2.3,19.9,36.4,36966.09
Philippines,01-12-2015,28.1,24.1,25.6,0.3,17.7,32,38361.4
Philippines,02-12-2015,28.3,24.2,25.8,0,16.6,29.2,38194.23
Philippines,03-12-2015,28.3,24.3,25.8,0,18,32.8,38316.03
Philippines,04-12-2015,28.4,24.3,25.8,0.6,22.9,42.8,38295.05
Philippines,05-12-2015,27.6,24.4,25.6,2.4,17.3,41.8,37738.42
Philippines,06-12-2015,28.1,24.3,25.6,6.4,11.5,26.6,35816.73
Philippines,07-12-2015,28.1,24.5,26,1.7,17.2,29.9,37578.04
Philippines,08-12-2015,28.1,24.4,25.9,1.2,19.4,39.2,38223.5
Philippines,09-12-2015,28.5,24.4,26,0.3,17.5,32.4,38204.95
Philippines,10-12-2015,28.3,23.2,26,0.8,8.1,13.7,38170.96
Philippines,11-12-2015,28.2,24.3,26,0.2,10.5,20.9,38136.75
Philippines,12-12-2015,27.7,24.2,25.8,1.2,15.3,26.3,38102.38
Philippines,13-12-2015,27.9,23.8,25.6,1.5,19.7,36,38067.98
Philippines,14-12-2015,27.2,24.3,25.3,23.2,31.3,74.9,21662.15
Philippines,15-12-2015,25.1,24.1,24.5,125.6,35.3,70.2,270.1
Philippines,16-12-2015,25.3,24,24.5,30.5,24,43.6,11927.95
Philippines,17-12-2015,25.3,23.6,24.3,19.2,21.1,35.6,7473.76
Philippines,18-12-2015,26.5,23.8,24.6,9.6,24.3,45.4,32104.11
Philippines,19-12-2015,26.6,24.1,24.9,6.6,25.2,50.4,36403.36
Philippines,20-12-2015,26.6,23.7,25,2.6,24.6,45.4,36136.18
Philippines,21-12-2015,27.8,23.7,25.3,8.6,16.3,24.1,33760.77
Philippines,22-12-2015,26.9,24.1,25.1,0.9,24,43.6,37754.28
Philippines,23-12-2015,27.1,23.6,25,0,18.1,29.5,26943.38
Philippines,24-12-2015,26.9,23.7,25.1,0,19.5,37.4,37395.46
Philippines,25-12-2015,27.4,23.1,24.9,0,19.4,33.8,37053.36
Philippines,26-12-2015,27.3,23.4,24.9,1.9,14.2,29.9,36385.57
Philippines,27-12-2015,27.4,23.2,24.8,0.2,20.7,36.7,37263.87
Philippines,28-12-2015,26.8,23.6,24.7,1.8,21.4,38.5,33657.58
Philippines,29-12-2015,26.5,23.4,24.5,0.3,19.6,37.4,36820.14
Philippines,30-12-2015,26.9,23.4,24.8,0.1,22.4,40,37136.94
Philippines,31-12-2015,25.7,23.7,24.5,12.3,19.5,39.2,25122.64
Philippines,01-01-2016,26.9,23.6,24.8,3,21.6,39.6,36183.27
Philippines,02-01-2016,27.1,23.7,25.1,0.5,17.1,35.3,36911.15
Philippines,03-01-2016,27.7,23.2,25.1,0,16.7,29.9,37420.11
Philippines,04-01-2016,27.5,23.1,25,0.1,14.9,27.7,37207.51
Philippines,05-01-2016,26.9,22.9,24.7,0,10.8,21.6,37409.66
Philippines,06-01-2016,27.1,22.9,24.7,2.8,8.9,18.7,36393.68
Philippines,07-01-2016,27.1,23.9,25.1,1,14.3,27,36000
Philippines,08-01-2016,27,23.4,25,0.3,9.2,18.4,36688.12
Philippines,09-01-2016,27.1,23.7,25,0.5,14.4,27,36782.98
Philippines,10-01-2016,27.6,23.3,25.1,0.4,20.6,32.8,36433.19
Philippines,11-01-2016,27.6,24,25.4,2.6,8.4,19.1,36295.91
Philippines,12-01-2016,27,24,25,2.5,13,24.8,36346.55
Philippines,13-01-2016,27.4,23.8,25.2,0.5,12.3,19.4,36425.72
Philippines,14-01-2016,26.5,23.7,24.8,1.1,13.6,26.3,36525.67
Philippines,15-01-2016,26.6,23.7,24.8,0.4,12.7,25.6,36437.51
Philippines,16-01-2016,26.1,23.5,24.7,0.6,8.8,22.3,36654.92
Philippines,17-01-2016,26.6,23.4,24.7,0,8.8,16.6,37513.2
Philippines,18-01-2016,26.5,21.4,24.6,0,10,18.4,31997.66
Philippines,19-01-2016,27.7,23.5,25.2,0,18.2,32.4,37332.55
Philippines,20-01-2016,26.4,23.4,24.7,1.8,25.3,44.3,36395.61
Philippines,21-01-2016,26.6,23.7,25,1.1,19.8,34.9,36776.03
Philippines,22-01-2016,27.6,23.5,25.1,0,15.3,28.1,37634.64
Philippines,23-01-2016,27.9,22.8,25.1,0,12,24.8,37832.19
Philippines,24-01-2016,26,23.1,24.2,12,25.2,49,34444.79
Philippines,25-01-2016,23.4,22.3,22.9,12.5,33.7,60.5,1547.26
Philippines,26-01-2016,24.4,22.1,23.2,0.4,36.7,65.5,33343.83
Philippines,27-01-2016,26.5,23,24.3,1.3,27.4,53.3,36942.19
Philippines,28-01-2016,26.5,23.5,24.8,1.2,27.9,46.1,36858.95
Philippines,29-01-2016,26.8,23.4,24.8,2,17.6,35.6,36736.36
Philippines,30-01-2016,27.4,23.1,24.9,9.5,14.3,38.2,36688.3
Philippines,31-01-2016,26.7,23.6,24.7,1.5,22,41.8,36098.79
Philippines,01-02-2016,27.5,23.4,25,0,21,39.2,38224.9
Philippines,02-02-2016,26.3,23.7,24.7,0,21.4,37.8,32442.91
Philippines,03-02-2016,25.3,23.6,24.1,4.8,13.8,27.4,811.44
Philippines,04-02-2016,27.5,23.1,24.9,0.2,15.5,27,37621.56
Philippines,05-02-2016,27.3,23.3,25.2,1.2,6.1,17.3,37379.92
Philippines,06-02-2016,24.2,23.1,23.6,34.8,22.7,40.3,1803.55
Philippines,07-02-2016,24.1,22.7,23.2,3.4,30.5,55.4,15976.83
Philippines,08-02-2016,22.7,22.2,22.4,6.7,30.9,55.1,1391.21
Philippines,09-02-2016,25.3,22.1,23.3,4.5,25.8,45.7,25080.46
Philippines,10-02-2016,25.8,22.5,23.9,0,24.7,44.6,37671.41
Philippines,11-02-2016,26.4,22.7,24.2,0.1,21.7,41,38608.86
Philippines,12-02-2016,26.7,22.6,24.3,0,16.1,29.5,38714.44
Philippines,13-02-2016,27.5,22,24.4,0,12,20.5,39262.76
Philippines,14-02-2016,26,22,24,4.8,11.4,22.7,26381.55
Philippines,15-02-2016,26.1,23.4,24.3,4.3,17.8,34.6,24884.75
Philippines,16-02-2016,25,23.1,23.9,0.6,26.8,47.9,29587.41
Philippines,17-02-2016,25.8,22.8,24,0,25.7,46.4,38269.3
Philippines,18-02-2016,26.1,22.9,24.3,0,19,36.7,39279.46
Philippines,19-02-2016,27.3,22.6,24.7,0,16.5,32,39763.97
Philippines,20-02-2016,27.2,22.5,24.6,0.4,14.2,26.6,39538.18
Philippines,21-02-2016,26.9,22.4,24.4,0.6,19.3,35.6,39451.34
Philippines,22-02-2016,27.4,22.8,24.8,1.9,15.4,29.2,39858.41
Philippines,23-02-2016,27.9,22.4,24.6,0.4,16.6,29.9,39152.52
Philippines,24-02-2016,27.2,23,24.6,0.1,25.5,45,39845.81
Philippines,25-02-2016,25.6,23.8,24.4,3.8,25.3,43.9,34080.96
Philippines,26-02-2016,26.2,22.8,24.3,4.7,27.5,49,38728.75
Philippines,27-02-2016,24.7,22.9,23.6,27.2,25,45.7,8988.91
Philippines,28-02-2016,26.3,22.9,24.3,20,23.2,46.4,34973.55
Philippines,29-02-2016,26.9,23,24.5,1,16.3,29.5,39825.53
Philippines,01-03-2016,25.8,22.8,24,1.8,18.8,35.3,38481.03
Philippines,02-03-2016,26.1,23.1,24.2,5.4,21.5,38.9,37114.55
Philippines,03-03-2016,27,23.3,24.7,0.7,23.6,37.4,32225.84
Philippines,04-03-2016,27.4,22.9,25,0.1,7.4,16.9,39712.29
Philippines,05-03-2016,27.7,22.8,25.3,0,6,14.4,40447.72
Philippines,06-03-2016,28.1,24.1,26,0.3,6.3,14.4,40053.23
Philippines,07-03-2016,28.3,23.8,25.9,0.2,8.9,19.1,40540.93
Philippines,08-03-2016,28.6,23.9,25.8,0.3,14,25.2,37896.52
Philippines,09-03-2016,27.8,24.2,25.8,0.4,7.2,16.6,40633.91
Philippines,10-03-2016,27.7,24.1,25.6,0,8.2,18,40680.23
Philippines,11-03-2016,28.5,22.4,25.4,0,13.3,22.7,40726.39
Philippines,12-03-2016,28.1,23.7,25.6,0.5,18.1,32.4,40772.37
Philippines,13-03-2016,28.3,23.5,25.7,0,13.1,25.9,40818.12
Philippines,14-03-2016,28.6,22.3,25.8,0,10.9,18.4,40863.62
Philippines,15-03-2016,28.5,23.6,25.8,0,12.2,23.8,40908.79
Philippines,16-03-2016,28.2,24,26,0,10.4,18.4,40953.67
Philippines,17-03-2016,27.9,24.2,25.8,0.3,12.2,24.8,40998.68
Philippines,18-03-2016,28.4,24.3,26.1,0.6,13,25.2,41043.8
Philippines,19-03-2016,28.8,23.9,26.1,0.4,13.5,24.8,41088.98
Philippines,20-03-2016,29.4,23.9,26.1,0,16.5,29.2,41134.21
Philippines,21-03-2016,28.6,23.5,25.7,0,13.9,25.6,41179.45
Philippines,22-03-2016,28.3,23.7,25.8,0,14.7,29.5,41224.66
Philippines,23-03-2016,28.9,23.8,26.1,0,9.1,19.4,41269.82
Philippines,24-03-2016,29.2,24,26.5,0,5.4,16.2,41314.91
Philippines,25-03-2016,29.1,24.4,26.3,0.3,6.8,18,41359.89
Philippines,26-03-2016,27.6,23.5,25.4,1.1,14.7,28.8,40714.89
Philippines,27-03-2016,27.6,23.4,25,4.5,15.2,27.4,40628.13
Philippines,28-03-2016,26.2,23.5,24.4,12.1,28.1,51.1,25519.29
Philippines,29-03-2016,27.1,23.4,25,1.6,22.5,40.7,40598.39
Philippines,30-03-2016,28.3,24,25.9,0.3,14.7,31.7,41582.13
Philippines,31-03-2016,28.1,24.3,25.8,0.4,13,26.3,41625.86
Philippines,01-04-2016,28.9,24.5,26.5,0.5,9.7,22,41669.28
Philippines,02-04-2016,28.6,24.5,26.5,1.2,12,26.6,41712.35
Philippines,03-04-2016,29.1,24.3,26.5,0,15,27.4,41755.06
Philippines,04-04-2016,28.5,24.6,26.5,0.2,10.5,25.2,41797.34
Philippines,05-04-2016,28.9,25.2,26.6,1.3,11.6,23,41634.86
Philippines,06-04-2016,29.3,24.9,26.8,0,13,23.4,41881.05
Philippines,07-04-2016,29.7,24.9,27,0,12.1,22.3,41713.12
Philippines,08-04-2016,29.7,25.2,27.2,1.1,14.5,27.4,41964.55
Philippines,09-04-2016,30.1,24.6,27,0,14,25.2,42006.16
Philippines,10-04-2016,29.5,24.7,26.7,0,8.2,15.8,42047.62
Philippines,11-04-2016,30.2,23.8,27.1,0,8.4,17.6,42088.92
Philippines,12-04-2016,29.1,25.8,27.3,1.9,9.4,19.4,42097.69
Philippines,13-04-2016,29.5,25.8,27.5,0,13.1,26.3,42102.44
Philippines,14-04-2016,30,26.1,27.7,0.9,9.7,19.1,42107.34
Philippines,15-04-2016,30.2,25.9,27.8,2.7,8.9,21.6,42014.48
Philippines,16-04-2016,29.9,26.1,27.7,0.5,8,19.1,42117.71
Philippines,17-04-2016,30.6,25.7,27.7,0,14.7,27,42123.23
Philippines,18-04-2016,30,25.9,27.8,0,14.7,26.6,42129.02
Philippines,19-04-2016,29.7,25.6,27.4,0.6,17.3,38.2,42135.12
Philippines,20-04-2016,30.5,25.5,27.7,0.4,19.2,34.6,42141.54
Philippines,21-04-2016,29.8,25.1,27.3,0.1,12.7,23.4,42148.31
Philippines,22-04-2016,30.2,25.4,27.5,0,9.5,19.8,42036.78
Philippines,23-04-2016,30.3,25.6,27.7,0,10,19.1,42163.06
Philippines,24-04-2016,30,25.8,27.8,0.4,8.9,17.6,42171.07
Philippines,25-04-2016,30.3,25.6,27.8,0.2,15.2,28.8,42179.39
Philippines,26-04-2016,31.2,25.5,27.8,0.1,20.2,37.1,42185.56
Philippines,27-04-2016,30.2,25.6,27.6,0.3,8.9,20.5,42196.9
Philippines,28-04-2016,29.4,25.4,27.4,2.4,6.5,16.6,42206.07
Philippines,29-04-2016,30.5,25.1,28.1,0.5,9.7,19.4,42215.53
Philippines,30-04-2016,29.9,25.7,27.7,0.6,9.2,22.7,42225.27
Philippines,01-05-2016,29.9,25.9,27.8,3.1,7.9,17.6,42235.28
Philippines,02-05-2016,30.3,26.2,27.8,1.4,8.3,23.8,42264.9
Philippines,03-05-2016,31.1,25.5,28.2,0,9.8,18.7,42256.14
Philippines,04-05-2016,31.4,26.1,28.5,0,17.6,30.6,42282.08
Philippines,05-05-2016,29.5,26.5,27.9,1,12.1,29.2,42291
Philippines,06-05-2016,30.6,26.2,28.3,0.1,11.7,29.2,42289.46
Philippines,07-05-2016,30.2,26.4,28.2,0,12.8,24.8,42436.07
Philippines,08-05-2016,30.6,25.9,28.2,0.7,12.3,26.6,42383.73
Philippines,09-05-2016,30.6,26.3,28.1,0.8,10.2,22.3,42460.55
Philippines,10-05-2016,30.5,26.2,28.1,0,7.3,16.9,42473.02
Philippines,11-05-2016,30.9,26.5,28.4,0,6.9,17.6,42417.84
Philippines,12-05-2016,30.5,26.7,28.4,0.6,9.7,23.8,42498.54
Philippines,13-05-2016,30.5,26.4,28.4,0,15,25.6,42581.35
Philippines,14-05-2016,31,26.3,28.2,0.6,14.8,30.2,42524.87
Philippines,15-05-2016,30.6,26.4,28.4,0,14.8,26.6,42467.18
Philippines,16-05-2016,30.6,26,28,0.6,9.6,19.1,40441.62
Philippines,17-05-2016,30.2,25.4,27.6,2.3,10.5,19.4,42207.13
Philippines,18-05-2016,29.2,24.6,26.8,6.1,6.9,19.4,41304.99
Philippines,19-05-2016,29.2,25,27.2,1.1,8,17.3,40446.2
Philippines,20-05-2016,28.2,25,26.5,9.4,8.2,21.2,30674.15
Philippines,21-05-2016,29.2,25.1,27,5.8,9.5,21.6,39284.63
Philippines,22-05-2016,28.5,24.6,26.5,11.3,6.9,19.4,32689.73
Philippines,23-05-2016,26.8,24.9,26,21.9,12.4,25.9,2365.93
Philippines,24-05-2016,28.9,25.2,27.1,6.5,14.4,27.7,28679.21
Philippines,25-05-2016,28.1,25.3,26.5,11,14.6,27.4,30087.46
Philippines,26-05-2016,29.3,24.9,27.2,4.1,15,28.4,38978.77
Philippines,27-05-2016,29,26.7,27.7,1.1,12.8,24.8,42595.61
Philippines,28-05-2016,29,25,27,5.3,8.4,21.6,34282.7
Philippines,29-05-2016,28.3,25.4,26.9,7.1,7.6,17.3,40547.86
Philippines,30-05-2016,29,25.6,27.1,7,7.2,17.3,36133.87
Philippines,31-05-2016,27.9,24.6,26.5,11.4,7.2,14,21435.69
Philippines,01-06-2016,28.8,25.2,26.8,13,11.7,22.7,36841.97
Philippines,02-06-2016,29.3,25.6,27.5,2.4,13.5,25.6,40189.04
Philippines,03-06-2016,29.7,25.8,27.6,4.1,10.7,20.2,42710.45
Philippines,04-06-2016,29.7,25.9,27.6,3,12.1,25.2,42861.5
Philippines,05-06-2016,28.4,25.6,26.9,8.6,8,22,32085.2
Philippines,06-06-2016,29,24.6,26.5,25.1,7.2,16.9,37763.23
Philippines,07-06-2016,28.7,24.6,26.7,7.8,9.4,19.8,33865.57
Philippines,08-06-2016,28.6,24.8,26.8,10.5,13.1,25.2,36860.29
Philippines,09-06-2016,28.5,25.6,27.1,6,11.3,23.8,31660.77
Philippines,10-06-2016,29.2,26,27.4,5.7,11.1,23.8,42827.31
Philippines,11-06-2016,29.1,25.5,27,4.2,13.1,25.9,43056.79
Philippines,12-06-2016,28.4,25,26.7,7.3,14,26.6,41931
Philippines,13-06-2016,29,25.7,27,2.7,12.7,26.6,43089.81
Philippines,14-06-2016,29.3,25.6,27.2,6.6,12.2,25.2,42304.7
Philippines,15-06-2016,28.6,25.7,26.9,7.2,12.6,24.8,43121.47
Philippines,16-06-2016,29.4,25.2,27.3,1.7,7.9,16.2,41472.73
Philippines,17-06-2016,28.9,26.6,27.5,5.2,9.9,27,42939.92
Philippines,18-06-2016,29.7,24.9,27.2,2.8,21.7,37.1,34996.97
Philippines,19-06-2016,28.7,25.5,26.6,16.5,13.2,32.4,37344.77
Philippines,20-06-2016,28.3,24.1,26.3,10.8,10.1,24.8,39708.41
Philippines,21-06-2016,28.7,24.4,25.8,11.9,11.2,22.3,40440.57
Philippines,22-06-2016,28.3,24.8,26,12.5,10.5,23.4,24122.71
Philippines,23-06-2016,27.9,24.3,26,9.6,11.3,27,32531.35
Philippines,24-06-2016,27.7,24.5,26,13.5,12.1,26.3,34729.07
Philippines,25-06-2016,28.2,24.7,26.1,12.2,9.8,22.7,40841.42
Philippines,26-06-2016,26.4,24.5,25.3,18.5,7.2,13.7,2630.02
Philippines,27-06-2016,26.9,25.2,25.9,8.2,12.3,29.2,15744.94
Philippines,28-06-2016,28.2,24.4,25.9,12.3,13.2,24.5,33823.5
Philippines,29-06-2016,27.6,24.6,26.1,4.7,8.2,24.8,28016.87
Philippines,30-06-2016,27.9,24.8,25.8,13.9,13.5,24.8,33875.33
Philippines,01-07-2016,28.9,24.4,26.1,6,10.8,22.3,41611.41
Philippines,02-07-2016,27.9,24,25.6,13.3,7.3,20.2,37815.74
Philippines,03-07-2016,27.4,24.2,25.5,17.1,8,16.9,29963.1
Philippines,04-07-2016,26.5,23.7,25,24.4,7.7,18.4,131.74
Philippines,05-07-2016,27.2,23.9,25.6,15,10.4,23,43116.66
Philippines,06-07-2016,28,24.3,25.9,11.2,10.8,21.6,40661.27
Philippines,07-07-2016,27,24.8,25.8,31.8,18.6,44.6,26196.19
Philippines,08-07-2016,26.5,25,25.9,19.3,26.3,49.3,19104.76
Philippines,09-07-2016,27.2,24.6,25.7,25.7,25.5,46.4,8181.91
Philippines,10-07-2016,26.8,25.2,25.9,13.5,23,42.8,303.58
Philippines,11-07-2016,28.1,25.6,26.8,2.6,14.8,29.2,36801.75
Philippines,12-07-2016,29,25.6,27.1,1.6,9.4,19.8,43129.95
Philippines,13-07-2016,28.3,25.3,26.7,5,5.8,15.8,43127.79
Philippines,14-07-2016,28.2,24.2,26.1,8.2,6,15.8,41311.61
Philippines,15-07-2016,28.7,25,26.8,1.3,9.4,15.5,43121.02
Philippines,16-07-2016,28.8,25.1,26.8,1.4,6.6,13.3,43116.48
Philippines,17-07-2016,28.9,25,26.9,1,6.8,14.8,43111.15
Philippines,18-07-2016,28.7,24.5,26.6,2.8,6.6,16.9,37341.71
Philippines,19-07-2016,27.7,24.9,25.9,16.2,9.1,25.6,34519.68
Philippines,20-07-2016,28.5,24.9,26.4,5.4,11.7,25.2,38980.02
Philippines,21-07-2016,29.8,24.9,27.4,0,8.1,18.7,43081.91
Philippines,22-07-2016,29.1,24.4,26.4,5.9,9.6,21.6,42005.15
Philippines,23-07-2016,28,24.7,26.4,6.2,7.6,20.5,40895.79
Philippines,24-07-2016,29,24.5,26.7,1.9,7.1,16.9,40642.24
Philippines,25-07-2016,28.1,25,26.4,4.9,13.7,27.4,43039.71
Philippines,26-07-2016,28.9,24.6,26.6,2.5,10.2,23.4,43027.1
Philippines,27-07-2016,29.1,24.9,26.6,2.5,7.9,20.9,39674.27
Philippines,28-07-2016,27.9,24.7,26.3,6.8,6.6,25.6,39054.01
Philippines,29-07-2016,26.9,24.7,26.1,9.6,11.8,25.9,22627.44
Philippines,30-07-2016,26.3,24.2,25.3,40.3,14.5,34.6,0
Philippines,31-07-2016,27.1,25.3,26.2,9.1,22.3,38.9,5614.02
Philippines,01-08-2016,26.4,25,25.5,12.7,21.9,40,5523.69
Philippines,02-08-2016,27.3,24.7,25.8,5.2,20.6,35.6,25478.96
Philippines,03-08-2016,28.4,24.8,26.7,0.1,11.3,24.5,42895.37
Philippines,04-08-2016,29.2,25,27,1.5,6.2,14.4,42874.7
Philippines,05-08-2016,29.1,24.9,26.4,4.9,11.3,20.9,36121.64
Philippines,06-08-2016,27.7,25.1,26.1,4.9,15.9,32.4,32932.05
Philippines,07-08-2016,27.5,24.6,26,15.3,18.4,41,39862.76
Philippines,08-08-2016,27.5,25.3,26.2,14,20.9,53.3,42071.31
Philippines,09-08-2016,26.6,25.1,25.7,17.9,18,50,8184.19
Philippines,10-08-2016,27.7,25.2,26.3,11,22.3,44.6,32834.18
Philippines,11-08-2016,27.5,25.6,26.5,4.1,28.7,50.4,40178.83
Philippines,12-08-2016,28,25.8,26.6,8.6,16.6,45,33014.94
Philippines,13-08-2016,27.4,25.7,26.4,12.7,16.1,47.9,26770.71
Philippines,14-08-2016,27.5,25.4,26.5,6.5,16.6,50.8,32146.88
Philippines,15-08-2016,27.8,25.7,26.6,8,18.6,48.2,23739.11
Philippines,16-08-2016,27.6,26.1,26.7,9.4,13.3,45.7,21122.81
Philippines,17-08-2016,28.2,26.2,27,2.6,19.7,46.1,41663.25
Philippines,18-08-2016,28.8,26.1,27.2,0.2,16.3,38.9,38396.97
Philippines,19-08-2016,29.3,25.9,27.3,0.2,15.9,32.4,40121.48
Philippines,20-08-2016,27.9,25,26.2,19.3,19.3,40,9106
Philippines,21-08-2016,26.2,24.4,25.1,38.7,13.5,25.9,0
Philippines,22-08-2016,27.4,24.4,25.6,10.1,20.9,43.9,22919.12
Philippines,23-08-2016,28.1,25.5,26.6,4.4,17.2,37.4,40415.88
Philippines,24-08-2016,28.7,25.6,27,1.4,15.6,30.6,41911.6
Philippines,25-08-2016,28.8,25.5,27.1,2.1,16.5,34.2,38997.79
Philippines,26-08-2016,28.4,25.8,26.6,6.7,15.3,33.8,37362.79
Philippines,27-08-2016,27.7,25.6,26.5,10.8,14.8,37.4,37003.35
Philippines,28-08-2016,28.4,25.3,26.8,4.6,15.5,36.7,36139.6
Philippines,29-08-2016,28.6,25.9,27,0.3,17.8,37.8,36254.38
Philippines,30-08-2016,28.9,26,27.2,0.5,16.1,32.4,42076.32
Philippines,31-08-2016,29.1,25.9,27.3,0,16.5,33.1,40445.39
Philippines,01-09-2016,29.5,25.7,27.3,0,13.8,31.7,41996.92
Philippines,02-09-2016,29.2,25.2,27.1,0,15.5,30.6,41956.64
Philippines,03-09-2016,29.4,25.6,27.4,0,16.8,33.1,41586.6
Philippines,04-09-2016,28.3,26,27,0.2,13,28.8,27867.87
Philippines,05-09-2016,28.4,25.5,26.7,1.8,18.2,36.7,41834.17
Philippines,06-09-2016,27.7,25.3,26.5,2.2,10.5,22.7,40828.9
Philippines,07-09-2016,28.9,24.6,26.4,8.2,7.9,16.2,38475.79
Philippines,08-09-2016,28.5,24.3,25.9,6.8,6.5,20.9,39476.21
Philippines,09-09-2016,28,24.4,25.8,14.9,9.2,21.6,38223.01
Philippines,10-09-2016,28,24.1,25.9,9.7,8.2,27,38374.95
Philippines,11-09-2016,28.1,23.8,26,8.5,7.6,22,37478.88
Philippines,12-09-2016,28.6,24.6,26.1,3.9,8.4,22,38791.12
Philippines,13-09-2016,28.6,25.3,26.8,3.3,20.8,36,37473.56
Philippines,14-09-2016,28.4,25.6,26.7,2.9,14.8,36.4,38754.09
Philippines,15-09-2016,28.3,24.5,26.3,8.7,15,28.1,38375.14
Philippines,16-09-2016,27.5,24.7,26.1,8.3,22.2,40.7,29924.54
Philippines,17-09-2016,27.4,25.1,26.2,13.6,25.3,45,36192.72
Philippines,18-09-2016,27.9,25,26.2,7.5,18.3,37.4,32315.23
Philippines,19-09-2016,27.7,24.8,26,7.6,11.6,27,33645.2
Philippines,20-09-2016,27.4,24.3,25.6,12.4,9.6,22.7,34832.73
Philippines,21-09-2016,26.9,24.4,25.8,4.4,9,25.9,37664.45
Philippines,22-09-2016,28.1,24.3,25.6,19,9.2,19.1,21415.09
Philippines,23-09-2016,27.4,24.7,25.9,8.1,11.4,21.6,27082.71
Philippines,24-09-2016,28.2,24.4,25.9,10.2,12.6,25.2,36843.8
Philippines,25-09-2016,27.4,24.3,25.5,14.1,13.4,24.8,16716.88
Philippines,26-09-2016,27.8,24.6,26.1,4.8,19.7,35.3,37054.63
Philippines,27-09-2016,27.2,25.4,26.1,8.4,26.1,54,21204.68
Philippines,28-09-2016,26.2,24.8,25.6,27.5,23.2,45,12642.9
Philippines,29-09-2016,26.1,24.3,25.3,9.3,15,31.3,13651.83
Philippines,30-09-2016,28.1,24.7,25.9,8.3,8.4,22,39600
Philippines,01-10-2016,28.5,24.8,26.1,3.8,11.1,20.5,39600
Philippines,02-10-2016,27.1,24.6,25.8,9.7,10,19.8,22277.62
Philippines,03-10-2016,27.9,24.2,25.8,8.6,11.6,23,23197.85
Philippines,04-10-2016,26.5,24.2,25,19.3,9.1,19.4,15975.33
Philippines,05-10-2016,26.1,23.9,24.8,26.2,8.7,20.2,18668.08
Philippines,06-10-2016,25.9,24,24.9,24.1,22.3,38.2,0
Philippines,07-10-2016,27.4,24.1,25.7,6.6,22,39.6,29099.44
Philippines,08-10-2016,27.9,25,26.3,4.9,11.7,25.2,31464.57
Philippines,09-10-2016,27.6,24.6,26.1,3.3,8.8,22,17176.72
Philippines,10-10-2016,27.9,24.4,26,3.6,8.4,15.5,39575.59
Philippines,11-10-2016,27.6,24.2,25.5,11.6,9.2,20.9,25239.36
Philippines,12-10-2016,26.7,23.7,25,15.1,11.3,23,14009.49
Philippines,13-10-2016,27.6,24.2,25.3,8.6,13.7,25.6,27780.7
Philippines,14-10-2016,27.2,24.4,25.4,25.5,27.7,50.4,9270.08
Philippines,15-10-2016,25.7,24.7,25.1,86.7,36.9,73.8,0
Philippines,16-10-2016,27.2,25.1,25.9,4,29.4,52.2,27727.22
Philippines,17-10-2016,27.3,24.5,25.7,4.2,16.4,28.8,37352.46
Philippines,18-10-2016,28.4,24.1,26.2,1.4,15.1,30.6,39506.55
Philippines,19-10-2016,27.3,25.2,26.2,0.6,25.7,51.5,312.1
Philippines,20-10-2016,26.9,25.7,26.2,1.4,29,51.8,30782.6
Philippines,21-10-2016,27.3,24.9,26.1,7.2,16.2,31,39470.02
Philippines,22-10-2016,28.1,24.8,26,3.3,10.2,21.6,39429.7
Philippines,23-10-2016,28.6,24.7,26.5,1.1,6.1,15.8,39442.23
Philippines,24-10-2016,29.2,24.8,26.7,0,13.6,25.9,39427.5
Philippines,25-10-2016,28.2,25,26.1,1.9,17.3,32.4,38561.25
Philippines,26-10-2016,28.2,24.9,26.3,1.4,18.1,32.8,39396.33
Philippines,27-10-2016,28.3,24.8,26,4.3,18.9,35.6,39379.89
Philippines,28-10-2016,28.3,24.5,26.3,2.6,20.8,39.6,39362.88
Philippines,29-10-2016,27.4,24.5,25.9,4.7,17.8,34.6,39345.29
Philippines,30-10-2016,27.9,24.2,25.7,2.9,18.7,36,39327.11
Philippines,31-10-2016,28,24.5,25.8,3.2,20.9,39.6,36919.46
Philippines,01-11-2016,26.9,24.3,25.3,4.5,21.9,41,22299.02
Philippines,02-11-2016,27,24.8,25.6,4.9,21,45,39269.09
Philippines,03-11-2016,26.7,24.6,25.3,4,22.3,43.6,26960.81
Philippines,04-11-2016,25.6,24.1,24.7,10.1,16.3,32,1016.11
Philippines,05-11-2016,27.7,24,25.6,1,13.3,24.5,39198.66
Philippines,06-11-2016,26.9,24.5,25.6,2.7,13,27,39158.27
Philippines,07-11-2016,27,24.3,25.3,1.5,20.2,37.4,39118.51
Philippines,08-11-2016,27.3,24,25.3,0,20.8,40.7,39079.41
Philippines,09-11-2016,26.9,23.7,24.9,0,22.1,41.8,39041.04
Philippines,10-11-2016,26.4,23.4,24.7,1.6,16.5,32.4,38566.12
Philippines,11-11-2016,26.9,24.1,25.4,0.7,16.6,34.2,38966.27
Philippines,12-11-2016,28.1,24.2,25.7,1.6,20.3,37.1,38929.4
Philippines,13-11-2016,26.7,24,25.2,4.5,23.5,40.7,37455.34
Philippines,14-11-2016,27.9,24.3,25.6,6.2,20.4,34.9,38856.68
Philippines,15-11-2016,26.7,24,25.1,16.1,14.6,29.9,26781.93
Philippines,16-11-2016,28.4,24.2,25.7,2.2,12.2,28.1,38275.64
Philippines,17-11-2016,27.6,24.6,25.5,6.7,19.2,39.2,36721.2
Philippines,18-11-2016,28.2,24.7,25.9,2,17.7,37.4,26073.43
Philippines,19-11-2016,26.4,24.4,25.4,12.8,11.1,37.1,31647.92
Philippines,20-11-2016,28,24.6,25.8,0.2,16,31,38650.02
Philippines,21-11-2016,28.7,24.7,26.1,0,16.9,33.5,38617.75
Philippines,22-11-2016,27.2,24.6,25.6,2,16.1,31.3,38586.24
Philippines,23-11-2016,27.9,24.4,25.8,0,18.1,33.5,38555.54
Philippines,24-11-2016,27.5,24.3,25.4,3.3,24,47.5,35677.44
Philippines,25-11-2016,24.7,24,24.4,64.4,28,57.6,0
Philippines,26-11-2016,26.5,24.2,25.1,9.6,14.8,41.4,26794.14
Philippines,27-11-2016,27.2,24.5,25.7,2.3,13,26.6,38441.85
Philippines,28-11-2016,28.4,24.3,26.2,0.3,11.5,22.3,38415.97
Philippines,29-11-2016,27.6,24.5,25.8,1.5,20.8,36.7,38391.22
Philippines,30-11-2016,28,24.5,25.9,0.3,21.7,42.5,38319.45
Philippines,01-12-2016,27.8,24.6,25.8,1.6,19.9,35.6,38345.34
Philippines,02-12-2016,27.3,24.5,25.7,1.2,21.1,42.5,38323.81
Philippines,03-12-2016,28.1,24.3,25.7,2.2,23.8,43.6,38303.12
Philippines,04-12-2016,27.6,24.7,25.7,4.2,18.2,34.6,36822.81
Philippines,05-12-2016,27.5,24.4,25.5,2.5,17.2,27.7,38264.37
Philippines,06-12-2016,26.9,24.1,25,10.1,22,41.4,38231.38
Philippines,07-12-2016,26.8,23.8,25.2,48.1,17.7,35.3,14195.99
Philippines,08-12-2016,26.7,23.5,24.8,12.9,8.9,20.9,25772.32
Philippines,09-12-2016,26.5,23.7,24.9,4.7,7.4,18,16806.38
Philippines,10-12-2016,26.4,23.6,24.7,17.3,9.1,18.7,26735.84
Philippines,11-12-2016,26.3,23.7,24.9,18,15.9,27.4,25642.98
Philippines,12-12-2016,27.2,23.9,24.9,18.5,14.3,29.9,27270.63
Philippines,13-12-2016,25.3,23.7,24.4,17.5,9.7,28.4,0
Philippines,14-12-2016,26.3,23.6,24.7,11.9,7.9,18.4,18009.75
Philippines,15-12-2016,26,23.3,24.6,8.3,17.8,32,33569.08
Philippines,16-12-2016,25.4,23.7,24.1,65.8,22.1,48.2,12334.85
Philippines,17-12-2016,24.8,23.4,24.1,17.9,28.5,58,7857.1
Philippines,18-12-2016,26.3,23.8,24.7,3.2,23.7,48.2,30231.76
Philippines,19-12-2016,26.4,23.9,25,1.3,21.4,43.6,37844.05
Philippines,20-12-2016,28,24.1,25.6,0.8,20,36,37815.06
Philippines,21-12-2016,28,24.1,25.5,0.6,19.3,35.6,37413.15
Philippines,22-12-2016,27.4,23.9,25.3,0.8,18.3,34.9,37758.3
Philippines,23-12-2016,26.4,24,25,3.3,25.1,46.4,36148.28
Philippines,24-12-2016,26.8,24.2,25,3.9,27.6,51.8,35348.51
Philippines,25-12-2016,26.6,24.3,25.1,17.3,40.7,66.6,22234.76
Philippines,26-12-2016,26.2,24.3,25,54.6,40.4,76,20656.9
Philippines,27-12-2016,27,23.9,25.2,5.7,7.7,16.6,34724.26
Philippines,28-12-2016,27.8,24,25.4,2.9,15.1,26.6,37360.07
Philippines,29-12-2016,27.3,23.9,25.1,1.5,15.3,28.1,37138.12
Philippines,30-12-2016,27.7,23.9,25.4,0.7,23.1,45.4,37131.75
Philippines,31-12-2016,26.6,23.9,24.8,4.4,27.4,49.3,36183
Philippines,01-01-2017,27,23.8,24.9,1.4,28.3,65.5,36888
Philippines,02-01-2017,26.1,23.1,24.3,1.6,26.7,62.6,34937.86
Philippines,03-01-2017,26.4,23.7,24.5,1.8,24.5,58,34554.24
Philippines,04-01-2017,27,23.4,24.7,4.1,22.9,55.4,36805.37
Philippines,05-01-2017,26.8,23.3,24.7,0.2,23.8,55.4,37105.75
Philippines,06-01-2017,26.8,22.1,24.2,0,20.8,49.7,36889.3
Philippines,07-01-2017,26.7,22.1,23.8,0.6,20.4,47.5,36288.54
Philippines,08-01-2017,25.4,22,23.6,0.3,19.5,45.7,23468.99
Philippines,09-01-2017,24.9,22.7,23.3,23.3,24,55.4,803.62
Philippines,10-01-2017,25.2,22.8,23.5,20.3,21.1,51.8,7250.62
Philippines,11-01-2017,25.2,22.9,23.9,31.2,23,55.1,33651.89
Philippines,12-01-2017,27.2,22.6,24.4,0.7,15.7,39.2,31051.34
Philippines,13-01-2017,26.3,22.5,24,0.2,19.9,46.8,28326.89
Philippines,14-01-2017,25.6,22.8,23.9,4.1,21.4,47.9,12992.74
Philippines,15-01-2017,27.2,22.9,24.3,2.2,23.1,52.6,29194.3
Philippines,16-01-2017,24.4,21.8,23,12.5,25.7,60.8,1878.71
Philippines,17-01-2017,26.2,22.7,23.9,0.1,26.2,61.2,35635.49
Philippines,18-01-2017,25.7,22.8,23.7,0.3,26.3,61.6,34481.75
Philippines,19-01-2017,27,22.7,24.3,0,21.9,50.4,37428.52
Philippines,20-01-2017,26.5,22.2,23.7,2.7,22.8,55.1,25956.04
Philippines,21-01-2017,25.9,22.7,23.6,2.1,24.9,56.5,17179.37
Philippines,22-01-2017,25,22.3,23.4,8.7,20.8,48.6,7964.32
Philippines,23-01-2017,26.7,22.6,24.4,0.3,20.9,50,37745.69
Philippines,24-01-2017,27,21.6,24,1.2,23.9,56.2,37428.18
Philippines,25-01-2017,25.7,21.8,23.3,0.3,18.6,44.6,37644.58
Philippines,26-01-2017,25.3,20.5,22.9,1,20.6,48.6,38052.62
Philippines,27-01-2017,25.9,22.1,23.6,0,20.9,49,37440.38
Philippines,28-01-2017,26.1,21.6,23.6,1.6,22.7,53.3,36352.39
Philippines,29-01-2017,26.7,22.6,24.2,1.5,22.7,54,33708.25
Philippines,30-01-2017,28.4,22.6,24.7,8.4,12.1,29.2,28554.7
Philippines,31-01-2017,26.5,22.9,24.3,10.9,15.8,37.1,29709.64
Philippines,01-02-2017,26.4,22.8,24.3,22.6,12.7,31.3,36135.67
Philippines,02-02-2017,26.4,21.9,23.9,3.9,22.5,51.5,37902.99
Philippines,03-02-2017,25.5,22.3,23.5,1.6,28.8,65.5,37334.96
Philippines,04-02-2017,25.9,21.6,23.1,0,25.1,57.2,30950.47
Philippines,05-02-2017,26.9,20.9,23.6,0.2,18.5,44.3,38480.91
Philippines,06-02-2017,25.9,21.7,23.4,0.2,21.9,51.8,38797.86
Philippines,07-02-2017,26.4,21.7,23.6,0.2,23.2,54.7,38629.3
Philippines,08-02-2017,27.3,21.9,23.9,0,19.6,46.4,38752.97
Philippines,09-02-2017,26.6,21.6,23.6,0.2,19.3,45.4,38071.95
Philippines,10-02-2017,25.8,21.2,22.8,0.1,21.5,49.7,37837.91
Philippines,11-02-2017,23.8,20.8,22,1.1,27,61.6,37906.7
Philippines,12-02-2017,24.2,20.3,21.9,0.7,23.7,58,39358.7
Philippines,13-02-2017,24.8,20.6,22.1,0.4,28.9,67.7,38668.39
Philippines,14-02-2017,24.4,20.6,21.9,0.2,30,69.5,39515.22
Philippines,15-02-2017,24.4,20.2,22,0.4,29.5,68.8,36763.5
Philippines,16-02-2017,25.3,20.5,22.6,1.3,26,58.7,34461.48
Philippines,17-02-2017,25.4,21.9,23.4,1.2,19.4,45.4,10446.74
Philippines,18-02-2017,28.3,22.3,24.1,16.1,12.6,37.4,37907.05
Philippines,19-02-2017,26.1,22.1,23.7,19.5,17.4,45.7,39210.14
Philippines,20-02-2017,27.6,21.7,24,7.8,12.3,35.6,39017.32
Philippines,21-02-2017,27.6,22.2,24.4,1.3,20.7,47.2,39685.95
Philippines,22-02-2017,27.5,22.6,24.7,0.9,16.4,39.6,37250.67
Philippines,23-02-2017,28.5,22.4,24.9,1.8,14.3,36.4,39951
Philippines,24-02-2017,26.5,22.9,24.1,25.6,12.8,29.2,24627.11
Philippines,25-02-2017,27.3,22.5,24.4,1.8,17.7,42.5,40066.91
Philippines,26-02-2017,28.3,22.1,24.7,0.2,16.3,38.5,40014.22
Philippines,27-02-2017,27.3,22.1,24.2,0.2,21.1,50,40159.42
Philippines,28-02-2017,27.7,22.1,24.4,0.3,22.8,52.9,40205.85
Philippines,01-03-2017,26.5,22.7,24.2,3.2,16.3,40,40133.59
Philippines,02-03-2017,28.1,22.3,24.4,0.2,18.5,43.6,40298.89
Philippines,03-03-2017,25.8,21.8,23.6,3.7,19.4,46.8,40345.43
Philippines,04-03-2017,27,22,24,1.7,17,43.9,40391.91
Philippines,05-03-2017,27.6,21.3,23.9,0.1,17.5,41.4,40438.31
Philippines,06-03-2017,27.8,20.6,23.8,0,18.1,43.2,40484.6
Philippines,07-03-2017,27.2,21,23.8,0,23.6,54.7,38559.12
Philippines,08-03-2017,27.4,22.6,24.5,0,20.7,49.3,39841.58
Philippines,09-03-2017,26.8,22.3,24.1,0,22.6,54,39562.71
Philippines,10-03-2017,28.2,22.1,24.5,0,19.7,47.5,39688.07
Philippines,11-03-2017,28,22.1,24.6,0.2,21,48.2,38972.25
Philippines,12-03-2017,27.8,23,24.6,4,23.2,52.6,30888.03
Philippines,13-03-2017,28.1,22.6,24.6,38.7,10.4,29.2,32031.76
Philippines,14-03-2017,28.8,22.7,25.5,4.8,10,24.8,39837.75
Philippines,15-03-2017,27.1,22.8,24.2,9.7,21.3,50.8,29721.08
Philippines,16-03-2017,26.3,22.3,24,0.2,19.5,47.5,37900.03
Philippines,17-03-2017,26.3,21.8,23.8,0.4,18.7,44.6,40987.03
Philippines,18-03-2017,26.9,21.3,23.9,0,17.3,42.5,41032.83
Philippines,19-03-2017,27.6,21.6,24,0.2,17.1,41.4,41078.59
Philippines,20-03-2017,27.2,21.8,23.9,2,21.6,51.5,38802.37
Philippines,21-03-2017,27.3,21.7,24.2,21.3,19.7,49,38493.25
Philippines,22-03-2017,29.6,22.9,25.7,3.5,11.8,34.2,41215.34
Philippines,23-03-2017,30.1,22.4,26.1,0.3,8.4,24.1,41260.62
Philippines,24-03-2017,30,22.5,25.8,0,11,29.5,41305.73
Philippines,25-03-2017,30.3,22.8,25.8,0.3,11.6,29.5,41350.61
Philippines,26-03-2017,29.3,22.7,25.8,0.3,14,35.3,41395.24
Philippines,27-03-2017,28,23.5,25.3,0.9,24.2,56.9,41439.59
Philippines,28-03-2017,27.5,23.2,24.8,3.2,25.3,58,40146.76
Philippines,29-03-2017,27.7,23,25,1.6,20.6,47.9,41527.34
Philippines,30-03-2017,28.3,23.4,25.3,0.1,20.4,49.7,41125.07
Philippines,31-03-2017,29.8,22.8,25.7,0,13.3,31.7,41613.55
Philippines,01-04-2017,27.9,22.6,25.2,0,13.9,32,11793.74
Philippines,02-04-2017,26.8,22,24.3,10.4,26.8,61.6,40469.86
Philippines,03-04-2017,25.6,21.8,23.2,3.4,30.3,69.8,26046.28
Philippines,04-04-2017,26.8,22.4,24.2,0.2,27.2,63,41535.98
Philippines,05-04-2017,27.1,22.7,24.6,0.8,21.4,49.7,41827.75
Philippines,06-04-2017,29.2,22.3,25.2,1.1,14.8,35.3,41534.17
Philippines,07-04-2017,28.9,23.3,25.7,1.3,18.9,48.6,41912.74
Philippines,08-04-2017,29.2,23.5,26,10,14.1,37.4,41744.3
Philippines,09-04-2017,30.6,23.2,26.4,0,13.5,33.5,41997.02
Philippines,10-04-2017,30.6,22.4,25.9,0,6.5,17.6,42038.81
Philippines,11-04-2017,30.7,21.1,26,0,8,20.9,42080.34
Philippines,12-04-2017,31.4,21.9,26.5,0,11.5,28.8,42094.05
Philippines,13-04-2017,30.4,23.6,26.4,0.4,16.4,39.2,42098.7
Philippines,14-04-2017,29.9,23.5,26.2,0.3,16.3,40.3,42103.61
Philippines,15-04-2017,28.5,23.9,25.6,16.5,19.1,46.1,42108.83
Philippines,16-04-2017,27.2,23.9,24.9,25,19.3,56.2,24022.75
Philippines,17-04-2017,30.4,23.7,26.5,0.1,12.4,32,42120.29
Philippines,18-04-2017,29.7,23.8,26.6,4.5,12.1,29.5,42126.62
Philippines,19-04-2017,31,24.1,27.1,0.4,9.6,25.6,42133.37
Philippines,20-04-2017,30.3,23.7,27,1,8.7,24.1,42140.35
Philippines,21-04-2017,29.4,23.6,26.5,4,9.9,28.1,42147.53
Philippines,22-04-2017,30.5,23.5,27.1,0.8,8.1,21.6,42154.91
Philippines,23-04-2017,30.5,23.6,26.6,4.6,10.5,27.7,42162.51
Philippines,24-04-2017,31.1,24,27.1,0.7,8.8,23.8,42170.34
Philippines,25-04-2017,31,24.2,27,1,9.8,26.3,42178.39
Philippines,26-04-2017,31.5,23.5,27.1,0.3,8.4,23.4,42186.68
Philippines,27-04-2017,31.9,23.9,27.3,0,9.7,25.2,42195.22
Philippines,28-04-2017,30,23.9,27,2,4.9,15.1,42204.02
Philippines,29-04-2017,30.7,24.3,26.9,3.2,7.9,20.2,41107.46
Philippines,30-04-2017,30.3,24.7,26.6,5.7,6.2,18.7,37237.29
Philippines,01-05-2017,30.5,24.6,26.9,1.6,6.9,16.6,33313.59
Philippines,02-05-2017,31.5,24.5,27.8,0.7,8.4,24.1,42261.51
Philippines,03-05-2017,30.2,24.6,27.1,4.6,9.2,25.9,42327.01
Philippines,04-05-2017,31.2,24.3,27.3,2.2,12,32,42277.94
Philippines,05-05-2017,30.7,24.8,27.4,2.4,13,32.8,42346.95
Philippines,06-05-2017,30.4,24.4,26.8,12.7,12.6,40,41344.25
Philippines,07-05-2017,31,24.6,27.6,0.9,14.2,35.6,42304.66
Philippines,08-05-2017,30.6,24.7,27,2.2,14.2,36,42314.24
Philippines,09-05-2017,30.5,24,26.8,1.2,11.2,31,42389.7
Philippines,10-05-2017,31.3,24.3,27.4,1.3,16.2,40.3,42332.43
Philippines,11-05-2017,28.5,24.5,26.3,49.6,16.7,46.4,34507.76
Philippines,12-05-2017,31.5,24.5,27.7,3.9,14.2,41.8,42562.83
Philippines,13-05-2017,30.5,23.9,27.2,2.5,12.1,31.7,42577.49
Philippines,14-05-2017,32.2,24.9,28,1.2,11.4,30.2,39735.1
Philippines,15-05-2017,32.1,24.5,27.6,1.2,10.8,28.1,42607.56
Philippines,16-05-2017,29.9,24.5,26.9,3.5,11.6,32.4,42416.34
Philippines,17-05-2017,29.7,25.1,27.1,9.8,12,31.7,42431.44
Philippines,18-05-2017,30.7,24.9,27.5,2.4,10.3,26.6,42446.77
Philippines,19-05-2017,31.8,25.3,28,0.7,9.4,27.7,42462.3
Philippines,20-05-2017,30.6,24.4,27.4,3.8,9.8,26.6,42612.02
Philippines,21-05-2017,29.9,24.6,26.7,10.2,14.3,35.6,36662.21
Philippines,22-05-2017,28.1,24.8,26.2,16.7,13.3,32,24551.82
Philippines,23-05-2017,29.3,24.3,26.6,8.7,9.7,25.2,20398.73
Philippines,24-05-2017,29.1,24.5,26.5,2.9,17.1,41.4,26092.98
Philippines,25-05-2017,29.1,24.5,26.3,27.2,10.4,26.3,23364.98
Philippines,26-05-2017,29.1,24.1,26.2,9.4,8.2,22.3,28243.52
Philippines,27-05-2017,29.9,24,26.9,3.3,14.5,35.3,35383.14
Philippines,28-05-2017,30.2,24.4,27,4.8,11.1,28.4,42605.84
Philippines,29-05-2017,30.2,24.3,27.2,7.3,10.2,28.1,41721.6
Philippines,30-05-2017,31.2,24.8,27.5,2.4,10.5,28.8,42771.48
Philippines,31-05-2017,30,24.5,27,3.6,8.7,24.1,42259.59
Philippines,01-06-2017,30.4,25.4,27.4,3.5,13.7,33.8,42861.8
Philippines,02-06-2017,30,25,27.2,4.8,18.1,43.9,42900.05
Philippines,03-06-2017,28.5,24.3,26.5,20.4,17.5,41.8,42705.75
Philippines,04-06-2017,30.3,24.9,27.2,8.9,12.8,31,43012.29
Philippines,05-06-2017,29.9,24.2,26.8,8.2,11.3,28.8,42726.5
Philippines,06-06-2017,29.6,24.5,26.7,6.8,8.7,28.4,37083.3
Philippines,07-06-2017,29,24.1,25.8,21.8,12.7,32.8,37617.73
Philippines,08-06-2017,28.6,24.4,26,18.1,12.8,37.4,37876.79
Philippines,09-06-2017,28,23.7,25.5,37.1,16.2,41.8,33546.73
Philippines,10-06-2017,27.3,23.7,25.2,32.1,17.9,43.2,2022.73
Philippines,11-06-2017,29.2,24.1,26.3,2.4,13.5,34.9,42233.73
Philippines,12-06-2017,29.1,24.4,26.5,4.1,11.9,31.7,42391.08
Philippines,13-06-2017,30.7,25.2,27.3,4.8,12,30.6,43162.55
Philippines,14-06-2017,30.3,24.1,27.1,3.4,11.1,28.8,42891.86
Philippines,15-06-2017,29.7,24.2,27,1.8,13.6,34.2,43046.08
Philippines,16-06-2017,30.5,24.7,27.5,0.5,7.9,23.8,43132.75
Philippines,17-06-2017,29.9,24.8,27.3,1.1,12.9,32.4,43074.52
Philippines,18-06-2017,29.4,24.4,26.6,2.5,7.3,23,42947.51
Philippines,19-06-2017,29.8,24.5,27.1,5.1,11.6,31.3,43100.7
Philippines,20-06-2017,29.7,24,26.5,9.8,10.5,29.2,42973.06
Philippines,21-06-2017,28.3,23.6,25.9,16.6,10.1,26.3,41386.56
Philippines,22-06-2017,28.3,24.1,25.9,12.9,9.2,27.4,40417.36
Philippines,23-06-2017,28.6,23.3,26,5.9,8.5,23.4,38942.39
Philippines,24-06-2017,29.7,23.9,26.8,4.6,10.5,27.7,43022.39
Philippines,25-06-2017,30.3,24.4,27.4,5.4,8.4,26.3,43109.24
Philippines,26-06-2017,30.1,23.5,26.6,15.9,8.2,24.1,39991.88
Philippines,27-06-2017,28.3,23.6,25.7,29.4,10.2,28.4,31398.82
Philippines,28-06-2017,28.3,23.3,25.2,23,6,20.2,37842.52
Philippines,29-06-2017,28.1,23.4,25.6,16.2,9.2,27.7,38370.24
Philippines,30-06-2017,29.2,23.3,26.4,5.1,10.2,25.6,37201.37
Philippines,01-07-2017,28.7,23.9,26,9,7.6,22.7,35905.98
Philippines,02-07-2017,28.4,23.2,25.2,28.6,8.4,25.6,32453.82
Philippines,03-07-2017,27.9,23.5,25.5,10.3,11.3,28.8,34823.56
Philippines,04-07-2017,27.1,23.6,25.1,10.7,11.7,34.6,29713.61
Philippines,05-07-2017,29.4,23.1,25.9,7.1,11.1,31,38803.18
Philippines,06-07-2017,29.1,23.6,26.3,7.3,11.3,29.9,43122.16
Philippines,07-07-2017,28.7,23.3,26,7.4,14.4,37.1,41130.07
Philippines,08-07-2017,27.5,23,25,19.3,8.7,27.4,15877.56
Philippines,09-07-2017,28.9,23.1,25.7,5.5,12.1,28.4,33024.5
Philippines,10-07-2017,27.4,22.8,25.2,25.1,11,27.7,26850.51
Philippines,11-07-2017,27.9,23.7,25.2,27.3,12.7,33.5,32922.07
Philippines,12-07-2017,27.8,23.3,25,18.6,10.8,31.3,23493.74
Philippines,13-07-2017,27.7,23.2,24.8,21.9,5.2,15.1,19432.82
Philippines,14-07-2017,26.8,22.3,24.7,14.5,8.1,20.9,7123.54
Philippines,15-07-2017,27.5,23,24.7,18,8.4,23.4,13785.74
Philippines,16-07-2017,27.9,23.4,25,30.1,9.4,26.6,9714.92
Philippines,17-07-2017,29.3,23,25.5,12.7,11.4,32.8,41777.04
Philippines,18-07-2017,28.1,23.4,25.4,5.9,11.8,29.9,24355.05
Philippines,19-07-2017,27,23.3,25,16.2,14,38.2,3270.38
Philippines,20-07-2017,26.1,23.2,24.7,14.5,14,37.1,0
Philippines,21-07-2017,28.2,23.7,25.5,9.3,15.8,36.4,25546.27
Philippines,22-07-2017,27.6,23.6,25.7,2.8,12.8,29.2,18844.62
Philippines,23-07-2017,29.1,23.2,25,25.2,9.4,28.4,24285.84
Philippines,24-07-2017,27.4,22.9,24.7,34.7,10.3,25.6,17604.79
Philippines,25-07-2017,27.5,23.5,25,12.5,22.8,52.9,22006.46
Philippines,26-07-2017,27.5,24,25.5,6.2,23.8,59,3600
Philippines,27-07-2017,27.8,24.6,26.3,2.3,24,54.7,85.82
Philippines,28-07-2017,27.9,25.1,26.3,5.7,26.2,60.1,15796.04
Philippines,29-07-2017,28.6,26,27,0.8,34.4,78.8,40795.14
Philippines,30-07-2017,29,25.9,27.2,5.7,30.3,69.1,42974.37
Philippines,31-07-2017,29.8,25.6,27.3,3.4,20.2,47.9,42957.09
Philippines,01-08-2017,30,24.9,27,6.4,11.3,39.2,42938.86
Philippines,02-08-2017,28.3,24.2,25.9,10.9,15.3,45.7,24978.74
Philippines,03-08-2017,27.6,23.5,25.1,28.3,11.9,32.4,17175.48
Philippines,04-08-2017,28.5,23.9,25.4,10.4,13.2,40.3,25133.48
Philippines,05-08-2017,28.8,24.5,26,10.6,16.2,38.9,42857.08
Philippines,06-08-2017,29.5,24.4,26.8,0.8,11.7,27.7,40504
Philippines,07-08-2017,28.8,24.2,26.5,14.2,9.3,25.6,40070.82
Philippines,08-08-2017,29.3,23.8,26.4,3.3,11.1,28.8,42787.19
Philippines,09-08-2017,29.1,24,26.5,0.8,13.3,33.5,42762.4
Philippines,10-08-2017,29.4,24.1,26.7,2.7,9.9,25.9,42736.93
Philippines,11-08-2017,30.6,24.3,26.9,4.6,5.8,19.4,42710.77
Philippines,12-08-2017,29.6,24.3,26.6,11.8,7.5,25.2,38676.66
Philippines,13-08-2017,28.7,23.7,25.8,14.2,7.9,25.2,28675.83
Philippines,14-08-2017,28.8,23.5,25.7,11.8,9.2,24.8,38583.95
Philippines,15-08-2017,29.4,23.4,26.2,7.3,6.2,21.6,37323.48
Philippines,16-08-2017,29.5,24,26.3,3.7,9.3,28.8,42570.93
Philippines,17-08-2017,29.2,24.3,26.4,9.3,12.4,34.2,39008.28
Philippines,18-08-2017,29.4,23.5,25.8,11.5,7.2,23.4,32546.78
Philippines,19-08-2017,27.9,23.7,25.2,32.7,8.5,23,26194.2
Philippines,20-08-2017,28.6,23.3,25.3,8.7,14.9,39.2,25066.78
Philippines,21-08-2017,27.8,23.9,25.4,22.7,18.8,45.4,29149.94
Philippines,22-08-2017,27.7,24.4,25.7,5.8,28.7,68.8,31997.45
Philippines,23-08-2017,26.9,23.9,25.2,8.1,19.2,49.3,17648.32
Philippines,24-08-2017,27.7,23.9,25.3,6.8,11.6,28.4,10501.1
Philippines,25-08-2017,24.8,23.2,24.1,30.3,16.6,38.2,0
Philippines,26-08-2017,28.7,23.3,25.7,4.7,16.8,39.6,37040.61
Philippines,27-08-2017,29,22.7,25.9,7.3,6.3,18.7,41868.36
Philippines,28-08-2017,28.6,24,25.7,5.1,16.3,42.8,30036.38
Philippines,29-08-2017,29,23.3,25.7,0.8,13.4,36.7,36456.68
Philippines,30-08-2017,28.4,23.5,25.9,3.2,30.1,68.8,39941.67
Philippines,31-08-2017,28.4,25.4,26.6,1.2,32,73.1,42044.38
Philippines,01-09-2017,29,25.6,27,0.1,27.2,63.7,42005.22
Philippines,02-09-2017,29.2,25.4,26.9,1,20.7,48.6,41965.89
Philippines,03-09-2017,29.3,24.7,26.7,0.3,16.1,39.2,41926.42
Philippines,04-09-2017,29.9,24.4,26.3,7.3,11.1,28.4,26931.95
Philippines,05-09-2017,28.1,23.2,25.5,10.2,13.8,37.1,20032.96
Philippines,06-09-2017,29.7,24.1,26.6,1.3,12,30.6,41807.72
Philippines,07-09-2017,29.6,24.3,26.7,2.8,7.7,18.4,41767.5
Philippines,08-09-2017,29.9,24.9,27.2,3.5,12,30.2,41548.99
Philippines,09-09-2017,29.3,24.2,26.2,11.7,10.6,28.8,34888.77
Philippines,10-09-2017,28.5,23.6,25.8,6,15.3,39.2,36394.96
Philippines,11-09-2017,25,23.3,24,61.6,22.6,58.7,0
Philippines,12-09-2017,25.2,23.8,24.6,136.9,42.1,97.2,0
Philippines,13-09-2017,28.8,24.3,26.1,6.1,19.7,52.2,37577.22
Philippines,14-09-2017,28.3,24.4,26.2,5.9,15.5,39.2,36795.67
Philippines,15-09-2017,28.8,23.4,25.9,9.6,12.3,29.5,33734.5
Philippines,16-09-2017,30.1,23,26.3,8.2,7.3,31.3,40795.38
Philippines,17-09-2017,29.4,23.8,26.1,17.4,8.7,22.3,30833.89
Philippines,18-09-2017,29.1,23.8,25.7,21.9,6.7,21.6,33049.29
Philippines,19-09-2017,27.8,23.7,25.1,15.5,10,26.6,25033.39
Philippines,20-09-2017,27.3,23.3,24.9,17.6,10,26.3,19167.61
Philippines,21-09-2017,28.2,23.2,25.2,21.8,6.1,17.6,30067.21
Philippines,22-09-2017,28.1,23.2,25,23.5,11,24.5,21991.33
Philippines,23-09-2017,27.1,23.4,25,24.6,21.7,50,12115.21
Philippines,24-09-2017,30.1,23.2,26.5,2,11.6,33.5,40242.68
Philippines,25-09-2017,27.6,23.1,25,34.1,18.6,44.3,18714.17
Philippines,26-09-2017,26.9,22.8,24.7,14.5,13.2,34.9,15827.34
Philippines,27-09-2017,28.6,23.4,26,3.3,11.5,28.4,39600
Philippines,28-09-2017,28.4,24.4,26,9.7,10.7,29.5,35233.04
Philippines,29-09-2017,28.1,23,25.4,10.2,5.7,21.6,27213.31
Philippines,30-09-2017,27.2,23.2,24.7,10.8,10.5,33.5,15314.19
Philippines,01-10-2017,29.1,23.8,25.7,6.7,12.9,34.6,35228.93
Philippines,02-10-2017,28.7,22.9,25.6,9.2,8.6,25.2,39627.25
Philippines,03-10-2017,28.7,23.4,25.3,5,9.7,28.4,37852.14
Philippines,04-10-2017,29.7,23.4,25.9,3.2,10.5,25.9,39600
Philippines,05-10-2017,29,23.5,25.8,8.8,9.2,26.3,38911.09
Philippines,06-10-2017,28.4,23,25.2,8.9,11.4,31,38233.05
Philippines,07-10-2017,29,23.6,25.3,10.4,16.2,37.8,35587.73
Philippines,08-10-2017,27.6,23.9,25.1,7.1,12.6,32.4,17201.86
Philippines,09-10-2017,26.6,23.3,24.5,24.7,14,32.8,2207.41
Philippines,10-10-2017,27.7,23,25.1,11.3,10.6,22.7,15774.12
Philippines,11-10-2017,27.6,22.9,24.8,8.5,15.8,37.4,39272.34
Philippines,12-10-2017,28,23.3,25.1,12.6,18.2,40.7,13505.44
Philippines,13-10-2017,27.3,25,26,9.8,29.5,67.7,28559.73
Philippines,14-10-2017,27.2,24.3,25.5,13.9,29.1,70.9,20683.22
Philippines,15-10-2017,25.8,23.4,24.4,29.4,22.8,54.7,0
Philippines,16-10-2017,28.1,23.1,24.8,18.2,9.8,32,34894.16
Philippines,17-10-2017,28.6,23.4,25.6,4.8,14,36.7,39517.42
Philippines,18-10-2017,27.1,23.2,24.8,15.9,17.4,46.4,30032.52
Philippines,19-10-2017,25.1,23.6,24.4,8.7,11.7,32,0
Philippines,20-10-2017,27.6,23.7,25.5,0.8,16,36.7,15173.92
Philippines,21-10-2017,27.2,24.3,25.9,4.8,24.5,56.9,32692.58
Philippines,22-10-2017,27.4,24.1,25.5,10.3,15,33.5,33614.84
Philippines,23-10-2017,27.2,23.3,24.6,63.2,13.2,31,25043.22
Philippines,24-10-2017,27.6,23.7,25.2,0.7,25,58.3,39429.06
Philippines,25-10-2017,27.8,23.2,25.2,1.5,15,40,38127.55
Philippines,26-10-2017,27.3,23.1,24.5,4.9,12.7,34.9,35415.48
Philippines,27-10-2017,27.9,22.6,25.2,0.8,8.3,24.5,39383.23
Philippines,28-10-2017,27.4,22.7,24.8,2,6.8,16.9,33524.94
Philippines,29-10-2017,28.2,23.2,25.2,0.9,13.6,32.8,39349.74
Philippines,30-10-2017,27.7,23.2,25.1,6.1,18.2,45,38427.27
Philippines,31-10-2017,26.1,23.1,24.2,30.7,26,61.2,21984.46
Philippines,01-11-2017,26.5,23.1,24.4,20.1,17.4,46.8,1534.07
Philippines,02-11-2017,26.2,23.5,24.7,11.9,11.4,33.8,17211.7
Philippines,03-11-2017,29,23.6,25.6,3.6,12,37.4,39255.02
Philippines,04-11-2017,26.9,23.3,24.6,15.4,16.3,38.2,25622.07
Philippines,05-11-2017,27.6,23.4,25.3,19.1,15,45,32398.22
Philippines,06-11-2017,28.1,24,25.6,16.5,16.8,46.1,39171.12
Philippines,07-11-2017,28.7,24.2,25.9,3.7,15.6,43.2,39131.68
Philippines,08-11-2017,28.8,24.2,25.9,0.1,19.4,45.7,39092.44
Philippines,09-11-2017,24.9,23.5,24,40.3,25.5,61.6,0
Philippines,10-11-2017,28.5,23.7,25.5,10,15.3,36.7,33976.8
Philippines,11-11-2017,28.7,23,25.4,3.2,10.2,34.9,38976.43
Philippines,12-11-2017,28.8,23.9,25.6,3.6,16.4,42.1,37434.89
Philippines,13-11-2017,28.3,24.2,25.4,13.1,13.9,38.9,28495.39
Philippines,14-11-2017,27.6,24,25.2,13.9,12.1,34.6,35788.63
Philippines,15-11-2017,28.3,23.5,25.5,2.4,17.7,46.8,38827.55
Philippines,16-11-2017,28.8,24.2,25.9,1.6,20,53.6,33677.91
Philippines,17-11-2017,26.5,23.8,24.8,6.9,17.1,53.6,5886.44
Philippines,18-11-2017,27.5,23.8,25.4,1,10.8,29.5,20537.12
Philippines,19-11-2017,28.4,24.2,25.7,4.9,13.8,36,38635.99
Philippines,20-11-2017,28.8,23.7,25.7,1.4,14.8,37.1,38655.25
Philippines,21-11-2017,28.6,24,25.8,2.5,16.6,40.7,38623.16
Philippines,22-11-2017,28.8,23.8,25.6,1.1,15.5,40,38591.98
Philippines,23-11-2017,26.3,23.9,24.9,3.2,23,53.3,33162.78
Philippines,24-11-2017,26.8,23.9,25.1,20.1,24.1,55.8,37289.97
Philippines,25-11-2017,28.2,23.9,25.5,2,22.5,52.9,38504.56
Philippines,26-11-2017,28.1,24.2,25.7,1.5,18.6,48.6,38477.52
Philippines,27-11-2017,27.6,23.9,25.5,1,23.3,62.3,38451.13
Philippines,28-11-2017,28.6,24,25.7,0.6,20.5,48.2,38425.45
Philippines,29-11-2017,27.6,24.1,25.4,2.6,24.5,57.2,37145.34
Philippines,30-11-2017,27.8,23.9,25.2,14.8,12,34.2,35910.43
Philippines,01-12-2017,28.3,23.8,25.2,22.5,14.3,42.5,29368.41
Philippines,02-12-2017,28.5,23.9,25.9,4.5,14,36,38330.45
Philippines,03-12-2017,28.9,24,25.8,2.5,13.3,32,38308.81
Philippines,04-12-2017,28,23.3,25.5,3.6,16.3,37.4,38288.09
Philippines,05-12-2017,28.7,23.8,25.4,0.3,21.8,49,38268.32
Philippines,06-12-2017,26.6,23.6,24.7,12.5,21,49,34010.67
Philippines,07-12-2017,26.7,23.7,25,3.1,18.4,45.7,36184.26
Philippines,08-12-2017,28.4,22.6,25.2,1.4,9.4,25.9,38212.85
Philippines,09-12-2017,28.3,23.3,25.2,8.3,8.7,21.2,30323.39
Philippines,10-12-2017,26.3,23.2,24.7,9.7,16.1,37.1,20227.84
Philippines,11-12-2017,26.9,23.6,24.8,13,20.5,48.2,31780.09
Philippines,12-12-2017,25.9,23.2,24.1,16.8,20.7,49.3,6668.38
Philippines,13-12-2017,26,23.4,24.3,4.7,25,60.5,22436.86
Philippines,14-12-2017,26.6,23,24.2,1.9,28.8,67,19698.12
Philippines,15-12-2017,24.4,22.2,23.3,6.1,25.8,61.9,7200
Philippines,16-12-2017,23.4,20.5,22.1,67.3,26.3,72,0
Philippines,17-12-2017,25.6,22.6,23.8,34.5,30.4,72.7,21430.61
Philippines,18-12-2017,26.7,22.9,24.2,14.2,17.7,42.1,28866.44
Philippines,19-12-2017,27.7,23.2,24.6,26.3,13.1,35.3,36870.21
Philippines,20-12-2017,26.9,23.2,24.6,2.5,23.7,55.8,37538.85
Philippines,21-12-2017,25.6,23.2,24.1,4.2,31.6,72.4,36605.59
Philippines,22-12-2017,26.2,23,24.1,6.1,29.9,74.9,35804.87
Philippines,23-12-2017,27.4,23.6,24.8,6.2,25.3,64.4,31748.35
Philippines,24-12-2017,27.1,23.4,24.9,6.4,16.8,42.5,37280.69
Philippines,25-12-2017,27.1,23.3,24.7,1.1,22.5,52.2,36495.62
Philippines,26-12-2017,26.6,23.5,24.8,7.6,21.5,49,36496.42
Philippines,27-12-2017,26.6,23.3,24.2,26.4,20.4,45.7,30769.53
Philippines,28-12-2017,25.9,22.7,23.8,17.3,25,59,25913.09
Philippines,29-12-2017,25.4,23,23.8,1.1,25.1,57.2,8911.45
Philippines,30-12-2017,26.4,22.9,24.1,0,27.4,64.8,35367.16
Philippines,31-12-2017,25.4,22,23.4,6.5,23.5,55.8,23412.77
Philippines,01-01-2018,23.9,22.1,23,19.3,26,59.8,0
Philippines,02-01-2018,24.2,23,23.6,10,33.1,80.3,688.39
Philippines,03-01-2018,24.6,22.6,23.3,42.2,23.1,52.2,3600
Philippines,04-01-2018,27,22.6,24.4,2.3,19.1,53.3,19858.38
Philippines,05-01-2018,27.9,23.1,24.9,8.2,16.8,38.5,33560.28
Philippines,06-01-2018,27.2,23.2,24.8,0,21.9,51.8,36436.55
Philippines,07-01-2018,26.9,22.9,24.6,2.6,13.5,34.9,36689.8
Philippines,08-01-2018,28.5,22.8,25.1,1.9,13.1,32.8,36295.09
Philippines,09-01-2018,27.9,23.1,24.9,0.2,18.1,42.1,36215.66
Philippines,10-01-2018,27.5,22.9,24.7,0.5,18.3,42.5,36063.54
Philippines,11-01-2018,25.2,22.5,23.4,13.7,17.7,41.4,34938.07
Philippines,12-01-2018,23.8,21.4,22.4,7.8,30.9,72.7,34305.36
Philippines,13-01-2018,23.6,21.2,22.3,3.2,34.7,79.9,32801.75
Philippines,14-01-2018,24.1,21.5,22.5,10.3,27.3,62.3,8730.39
Philippines,15-01-2018,25.5,21.9,23.4,12.6,29.1,65.9,14789.16
Philippines,16-01-2018,27,22.1,23.9,9.5,19.2,45.7,28812.29
Philippines,17-01-2018,24.4,22.4,23.3,19.7,15,34.9,4036.38
Philippines,18-01-2018,28.4,22.4,24.7,4.3,14.8,44.6,36495.55
Philippines,19-01-2018,26.4,22.9,24.2,1,23.1,53.6,23801.52
Philippines,20-01-2018,25.8,23.1,24.1,1.2,21.8,51.8,22372.29
Philippines,21-01-2018,27.5,22.6,24.3,1.4,13.4,34.2,37432.18
Philippines,22-01-2018,27.8,22.7,24.6,1.4,12.8,31,37065.48
Philippines,23-01-2018,27.4,22.4,24.6,1,14.8,36.7,37443.56
Philippines,24-01-2018,28,22.4,24.5,2.8,12.3,31.3,36856.39
Philippines,25-01-2018,26.7,23.2,24.5,0.1,19.7,46.1,35518.29
Philippines,26-01-2018,27.8,22.7,24.7,3.5,15.3,36,36573.93
Philippines,27-01-2018,25,22,23.2,34,21.9,51.8,17291.03
Philippines,28-01-2018,23.7,22,22.7,24.1,17.1,40.7,0
Philippines,29-01-2018,27.8,21.8,24.2,1.9,11,27.4,36902.4
Philippines,30-01-2018,26.2,21.7,23.8,0,14.6,34.6,37517.43
Philippines,31-01-2018,26.9,22.4,24.2,0.4,12.2,30.6,37269.92
Philippines,01-02-2018,27.3,22.1,24.3,1.1,15.8,37.8,37894.42
Philippines,02-02-2018,26.6,22.4,23.9,1.1,21.6,51.1,37507.04
Philippines,03-02-2018,25.6,22.1,23.5,2.1,20.8,49.3,36726.41
Philippines,04-02-2018,25,22.1,23.2,10.6,21.6,50.8,21494.06
Philippines,05-02-2018,24.5,21.9,23,2.4,22.3,55.1,27589.62
Philippines,06-02-2018,24.8,21.4,22.9,0.2,22.5,52.6,38177.5
Philippines,07-02-2018,26,21,23,2.5,16.3,43.9,35253.24
Philippines,08-02-2018,26.6,20.5,23.2,1.1,9.4,24.8,37241.09
Philippines,09-02-2018,27.5,19.1,23.5,0,8.2,21.2,38567.13
Philippines,10-02-2018,28,20.8,23.9,0,7,20.2,37823.18
Philippines,11-02-2018,28.4,22.2,24.9,0,17.7,42.1,37839.96
Philippines,12-02-2018,25.7,22.7,23.8,6.6,28.2,66.2,27145.28
Philippines,13-02-2018,23.8,21.9,23,6.6,31.7,72.7,5529.21
Philippines,14-02-2018,24.9,22,23.2,18.1,25.6,57.2,0
Philippines,15-02-2018,27.8,22.9,24.8,5.4,16.1,36.7,38610.86
Philippines,16-02-2018,29.1,21.9,25.2,0.1,9.7,26.3,39560.85
Philippines,17-02-2018,28,22.5,24.9,0.1,14.3,35.3,39058.1
Philippines,18-02-2018,28.5,22.5,24.9,0.1,17.3,41.8,39290.85
Philippines,19-02-2018,28,22.3,24.8,0.5,18.2,43.9,39526.62
Philippines,20-02-2018,26.3,23.5,24.4,10.6,15.3,38.5,36906.75
Philippines,21-02-2018,28.3,23.2,25.1,4.4,15.5,40,39460.66
Philippines,22-02-2018,28.5,22.7,25,0.3,12.8,32,39811.39
Philippines,23-02-2018,27.4,22.3,24.6,0,20.6,47.9,39944.58
Philippines,24-02-2018,26.7,22.4,24.4,0.5,21.7,52.9,38565.12
Philippines,25-02-2018,24.8,23.1,23.9,5.3,17.3,39.6,0
Philippines,26-02-2018,27.3,22.7,24.5,10.5,17.3,41.8,39173.76
Philippines,27-02-2018,27.1,22.6,24.2,15.2,16.6,39.2,34025.73
Philippines,28-02-2018,29,22,25,2.7,13,33.5,39825.91
Philippines,01-03-2018,28.1,23,25.1,3.6,14.4,36.4,40057.07
Philippines,02-03-2018,28.5,23,25.4,2.1,13.2,33.1,39965.52
Philippines,03-03-2018,28.7,23.4,25.6,0.3,14.1,35.3,40054.08
Philippines,04-03-2018,28.3,23,25.1,1.8,15.4,40,39713.25
Philippines,05-03-2018,29.6,22.2,25.5,0,14.6,36.4,40425.84
Philippines,06-03-2018,28.3,23.4,25.6,1.3,19.6,48.6,40471.15
Philippines,07-03-2018,28.8,23.4,25.6,0.3,18.9,47.5,40516.7
Philippines,08-03-2018,26.8,22.7,24.5,4.7,12.1,34.6,40562.45
Philippines,09-03-2018,26.1,22.7,23.8,7.3,16.9,41.8,30034.35
Philippines,10-03-2018,25.6,22.1,23.4,5.1,22.8,54,38602.28
Philippines,11-03-2018,24.4,21.7,22.7,6.2,25.3,60.5,14920.51
Philippines,12-03-2018,26.8,22.3,24.1,0,25.2,58,40746.8
Philippines,13-03-2018,27,22.4,24.2,1.6,21,50,40793.05
Philippines,14-03-2018,28.2,22.2,24.5,0,16.8,40.7,40839.3
Philippines,15-03-2018,26.7,21.8,24.2,4.2,18,43.6,39231.84
Philippines,16-03-2018,28.5,22.4,24.7,3.8,15.3,35.6,39989.57
Philippines,17-03-2018,27.9,22.9,25,4.8,18.4,42.8,40977.73
Philippines,18-03-2018,28.7,23.3,25.4,0.3,20.1,47.5,41023.66
Philippines,19-03-2018,29.2,22.7,25.4,1.2,17.3,39.2,40668.47
Philippines,20-03-2018,29.8,22.5,25.7,0.1,11.2,28.8,41115.02
Philippines,21-03-2018,29.2,22.6,25.3,0,13.8,32.8,41160.38
Philippines,22-03-2018,27.5,22.3,24.1,2.9,18.7,45,40151.91
Philippines,23-03-2018,23.8,21.8,22.6,8,22.6,53.3,3896.75
Philippines,24-03-2018,26.8,21.7,23.6,1.6,28.4,65.2,36462.38
Philippines,25-03-2018,27.5,22.3,24.1,0.1,24.9,58.3,41338.97
Philippines,26-03-2018,27.1,21.8,24,0,20.8,49.3,41382.76
Philippines,27-03-2018,27.9,21.4,24,0,19.5,46.8,40497.33
Philippines,28-03-2018,26.7,21.8,23.9,2.3,16.1,39.6,41470.44
Philippines,29-03-2018,28.4,21.6,24.5,0,16.5,39.6,40171
Philippines,30-03-2018,27.4,21.8,23.9,2.9,17.3,42.8,41497.64
Philippines,31-03-2018,26.7,21.5,23.9,0.4,19.1,44.6,41601.89
Philippines,01-04-2018,27.4,22.4,24.3,1.9,17.7,41.4,41645.56
Philippines,02-04-2018,28.4,22.4,24.7,7.1,14,34.9,41689.12
Philippines,03-04-2018,28.3,22.3,24.7,1.3,11.5,27.4,41054.82
Philippines,04-04-2018,28.2,22.9,25.2,3.1,11.6,29.5,41775.77
Philippines,05-04-2018,28.7,22,25.1,1.5,11.8,27.7,41818.81
Philippines,06-04-2018,27.5,21.3,24.5,2.2,15.9,38.5,41861.62
Philippines,07-04-2018,28.2,22.9,25.2,0,22.3,51.5,41904.18
Philippines,08-04-2018,27.7,23.5,25,2.8,26.6,61.6,41867.8
Philippines,09-04-2018,28.3,23,25,15.9,19.9,46.4,40478.94
Philippines,10-04-2018,29.8,23.3,25.5,16.2,13.4,33.5,42030.03
Philippines,11-04-2018,28.5,23.5,25.5,18.7,14.3,37.4,42071.28
Philippines,12-04-2018,30,23.8,26.3,3.1,13.2,34.2,42092.4
Philippines,13-04-2018,30.1,24,26.3,3.3,16.1,43.9,42097.75
Philippines,14-04-2018,29.7,23.6,26.2,3.5,12.2,32,42103.47
Philippines,15-04-2018,30,23.5,26.3,1.2,12.2,29.9,42109.33
Philippines,16-04-2018,30,23.4,26.1,0.9,14.6,35.6,42115.28
Philippines,17-04-2018,29,23.1,25.8,1.6,15.8,35.6,42121.34
Philippines,18-04-2018,29.3,23,25.6,0,16.9,41,42127.54
Philippines,19-04-2018,29.7,22.7,26,0,13.8,33.8,42133.88
Philippines,20-04-2018,30,23.9,26.4,2.9,16.3,38.9,42140.38
Philippines,21-04-2018,29.4,24.1,26.4,2.3,16.9,39.6,42147.07
Philippines,22-04-2018,31.3,24.1,26.5,3.7,12.9,30.6,42153.95
Philippines,23-04-2018,30.5,24.2,26.8,3.4,13.9,33.1,42161.06
Philippines,24-04-2018,30.6,23.4,26.8,0.4,10.6,29.2,42168.4
Philippines,25-04-2018,30.4,23.7,26.8,1.7,11.5,26.3,42176
Philippines,26-04-2018,31,23.4,26.7,1.1,11,27.7,42183.87
Philippines,27-04-2018,30.9,24.2,27.1,1,12,28.4,42192.02
Philippines,28-04-2018,31.4,24.3,27.3,0,15.1,35.3,42200.48
Philippines,29-04-2018,31.3,23.8,27,0,15.5,36.7,42209.27
Philippines,30-04-2018,31.2,24.5,27.1,0.3,16.6,40.3,42218.39
Philippines,01-05-2018,29,24.5,26.3,8,14.1,38.5,42227.87
Philippines,02-05-2018,30.6,24.3,26.9,4.2,13.5,34.6,42074.48
Philippines,03-05-2018,29.5,24,26.3,5.5,10.9,34.2,27428.71
Philippines,04-05-2018,30.8,24.8,27.2,4,15.6,38.2,42258.61
Philippines,05-05-2018,29.4,24,26.2,35.5,13.7,33.5,36342.35
Philippines,06-05-2018,31.6,24.2,27.5,0.2,10,25.2,42292.76
Philippines,07-05-2018,30.3,24.2,27.1,1.3,5.8,19.4,42302.5
Philippines,08-05-2018,30.2,24.1,27,1.6,6.3,18.7,42312.63
Philippines,09-05-2018,30.9,24.3,27.2,1.4,11.5,29.2,42317.95
Philippines,10-05-2018,31,24.7,27,1.2,14.3,34.2,41695.4
Philippines,11-05-2018,30.5,24.2,26.9,1.9,11.4,30.2,41699.91
Philippines,12-05-2018,31.3,24.4,27.2,1.7,9.2,25.9,42357.71
Philippines,13-05-2018,32.1,23.9,27.4,1.3,10.9,28.8,42371.53
Philippines,14-05-2018,29.2,24.9,26.8,14.6,12.8,32.4,41149.07
Philippines,15-05-2018,29.7,24,26.7,7.6,10.5,27,42399.87
Philippines,16-05-2018,31.1,23.9,27.2,2.6,9.5,29.9,42477.52
Philippines,17-05-2018,32,24.9,27.7,0.6,9.2,25.9,42429.02
Philippines,18-05-2018,31.6,23.4,27.4,0.4,7.7,22,42282.9
Philippines,19-05-2018,30.7,24.2,27.3,1.3,9,25.6,40506.79
Philippines,20-05-2018,30.9,24.4,27.3,1.4,8.9,23.4,41076.01
Philippines,21-05-2018,29.9,24.4,26.9,2.4,7,22.7,42548.05
Philippines,22-05-2018,30.8,24.3,27.3,2.6,6.6,21.2,42637.95
Philippines,23-05-2018,31,24.9,27.4,2.2,9.2,28.4,41625.61
Philippines,24-05-2018,32.4,24.8,28,0.6,11.3,29.2,42534.9
Philippines,25-05-2018,30.9,24.7,27.2,12.6,9,28.8,42550.66
Philippines,26-05-2018,31.5,24.5,27.7,1.9,12,31.3,42623.45
Philippines,27-05-2018,32.6,24.9,28.3,0,8.4,23.8,42716.79
Philippines,28-05-2018,31.4,25.3,28.1,1.7,11.9,31.3,42733.77
Philippines,29-05-2018,31.4,25.1,27.7,1.5,11.9,30.2,42673.87
Philippines,30-05-2018,30.4,25,27.1,13.6,11.8,34.6,38577.18
Philippines,31-05-2018,31.2,25.2,27.3,4,9.2,35.6,42202.37
Philippines,01-06-2018,29.8,24.1,26.5,12.1,8.9,28.1,36231.24
Philippines,02-06-2018,29.4,23.9,25.5,14.6,9.9,28.4,26258.95
Philippines,03-06-2018,31.2,23.7,26.9,1,13.2,38.5,42763.27
Philippines,04-06-2018,30.8,25,27.7,1.2,9.7,27.7,41969.36
Philippines,05-06-2018,29.7,24.7,26.6,10,12.7,33.5,42876.15
Philippines,06-06-2018,27.6,24.5,25.5,9.1,11.9,29.5,3423.92
Philippines,07-06-2018,28.4,24,25.5,24.8,16.2,44.6,6138.98
Philippines,08-06-2018,27,23.5,25.1,15.5,23.7,56.5,3093.43
Philippines,09-06-2018,27.5,24.2,25.6,15.3,30.1,69.5,2081.57
Philippines,10-06-2018,27.6,24.6,26,14.2,33,77.4,34779.3
Philippines,11-06-2018,28.7,25.2,26.8,2,31.2,77.4,42233.37
Philippines,12-06-2018,28.8,25.5,26.9,0.2,26,59.8,41335.54
Philippines,13-06-2018,28.9,25.3,26.7,4.3,26.6,63,42869.4
Philippines,14-06-2018,28.3,25.3,26.6,4.8,27.3,62.6,41540.12
Philippines,15-06-2018,29.5,25.5,27.2,1.2,24,56.9,42964.6
Philippines,16-06-2018,28.9,23.8,26.6,3.9,24.9,59.4,42913.16
Philippines,17-06-2018,28.3,25.1,26.5,8.3,19.7,46.4,42549.18
Philippines,18-06-2018,28.9,24.7,26.8,0.9,19.4,46.4,42827.55
Philippines,19-06-2018,29.5,24.8,26.7,1.7,11.8,28.1,42612.55
Philippines,20-06-2018,29.6,23.9,26.5,6.6,12.8,32.8,33124.49
Philippines,21-06-2018,28.4,23.4,25.4,22,9.7,27.4,25109.72
Philippines,22-06-2018,28.2,22.8,25.2,10.8,10.5,28.8,43002.65
Philippines,23-06-2018,29.5,23.5,26.1,1.5,11.7,29.9,41001.3
Philippines,24-06-2018,29.1,23.6,25.8,7.4,7.9,22,38681.12
Philippines,25-06-2018,28.5,22.4,25.1,10.8,8,21.2,38331.98
Philippines,26-06-2018,28.3,23.4,25.1,11.4,5,18.7,27625.68
Philippines,27-06-2018,27.7,23.2,25.3,7.7,9.4,24.5,33840.66
Philippines,28-06-2018,29.1,23.7,26.2,1.9,13.2,33.8,43067.63
Philippines,29-06-2018,29,23.7,26.5,0.5,16.6,40.7,43076.82
Philippines,30-06-2018,28.7,23.8,26,3,14.8,39.6,40550
Philippines,01-07-2018,27.8,23.6,25.4,1.4,17.6,40.3,24925.94
Philippines,02-07-2018,28.8,24,26,0.7,16.3,40.3,41713.36
Philippines,03-07-2018,29,24,26,6.2,15,36.7,43104.35
Philippines,04-07-2018,28.8,23.8,25.9,11.6,12.1,33.1,43109.2
Philippines,05-07-2018,28.7,23.8,25.9,2.2,13.8,33.5,41379.93
Philippines,06-07-2018,28,23.6,25.6,6.9,17.8,42.8,38604.47
Philippines,07-07-2018,27.8,23.4,25.5,4.9,20.8,48.6,40817.55
Philippines,08-07-2018,27.5,23.5,25.3,12.1,19.2,44.6,24765.44
Philippines,09-07-2018,27.6,23.7,25.2,8.4,23.5,54.7,33674.72
Philippines,10-07-2018,26.7,23.8,25.1,6.8,24.3,55.1,30112.89
Philippines,11-07-2018,27.4,24.1,25.6,16.5,23.1,53.3,34719.7
Philippines,12-07-2018,27,23.5,25,19.9,19.3,46.1,16199.55
Philippines,13-07-2018,28.4,23.6,25.6,3.8,16.6,38.5,32906.23
Philippines,14-07-2018,26.9,23.8,25.1,5,22.5,51.8,14428.96
Philippines,15-07-2018,27.1,23.6,25,14.5,21.9,51.1,20735.39
Philippines,16-07-2018,26.5,23.4,24.6,28.5,19.1,56.5,14152.7
Philippines,17-07-2018,25.2,23.5,24.4,39.9,25.4,59.4,0
Philippines,18-07-2018,28.6,24.8,26.4,1,26.3,60.8,30188.83
Philippines,19-07-2018,28.7,25,26.5,11.2,21.5,62.3,32578.67
Philippines,20-07-2018,29.2,24.4,26.5,6.5,17.7,51.8,42504.3
Philippines,21-07-2018,28.6,25,26.6,2.1,31,72,43090.62
Philippines,22-07-2018,27.2,24,25.4,7.4,25.6,58,15588.38
Philippines,23-07-2018,26.5,23.5,24.7,19.7,14.4,48.6,0
Philippines,24-07-2018,26.6,24.1,25,26,12.6,32.8,2100.73
Philippines,25-07-2018,27,23.6,25.1,11.4,13.8,33.1,34373.29
Philippines,26-07-2018,27.4,22.9,24.7,11.6,13.8,33.5,12687.88
Philippines,27-07-2018,26.9,23.2,24.3,12.9,17.6,44.6,18991.19
Philippines,28-07-2018,27.2,23.1,25,12.8,19.4,47.2,33968.36
Philippines,29-07-2018,28.4,22.9,25.4,3.6,10.4,39.6,42012.95
Philippines,30-07-2018,28.6,23.6,25.9,3.4,13.8,41.8,38128.95
Philippines,31-07-2018,28.6,23.7,25.7,7.8,12.5,31.7,41855.47
Philippines,01-08-2018,28.5,23.5,25.6,14.1,12.5,32.8,41038.18
Philippines,02-08-2018,27.3,23.3,24.8,15.8,20.2,45.7,34500.09
Philippines,03-08-2018,26.6,23.1,24.8,5.4,25,59,17779.52
Philippines,04-08-2018,26.7,23.7,24.8,11.8,23.4,52.9,35756.15
Philippines,05-08-2018,27.1,24,25.2,3.4,24.1,57.6,37929.85
Philippines,06-08-2018,26.9,24.1,25.3,12.1,25.4,59.8,34242.11
Philippines,07-08-2018,26.9,23.7,25.1,6.3,28.2,64.1,19734.09
Philippines,08-08-2018,26.6,24.1,25.2,3.2,24.8,56.5,9317.82
Philippines,09-08-2018,26.2,24.9,25.3,4.1,22.9,52.2,0
Philippines,10-08-2018,27,25,25.9,5,25,59,5424.7
Philippines,11-08-2018,27.5,24.8,26,1.9,28.6,66.6,18751.67
Philippines,12-08-2018,27.6,24.5,25.8,7.7,29,72,32724.04
Philippines,13-08-2018,28.1,25,26.4,0.3,31.4,72.7,30562.05
Philippines,14-08-2018,28.4,25.1,26.5,0.4,29.1,68,40105.53
Philippines,15-08-2018,28.6,25.4,26.7,0,23.1,54.7,41527.11
Philippines,16-08-2018,28.9,24.6,26.6,0,19.4,46.4,39600
Philippines,17-08-2018,28.8,23.8,25.6,8.4,15.1,34.9,27982.02
Philippines,18-08-2018,27.2,24.5,25.5,3.2,20.9,49,29964.87
Philippines,19-08-2018,27.1,24.4,25.6,2.1,21.7,51.5,41840.93
Philippines,20-08-2018,28.6,25,26.5,1,21.4,50.4,41655.95
Philippines,21-08-2018,28.6,25.2,26.6,0.1,26.5,62.3,42418.81
Philippines,22-08-2018,28.8,25.4,26.8,0,25,58.3,42384.46
Philippines,23-08-2018,28.9,25.3,26.7,0.1,24.2,56.9,42349.55
Philippines,24-08-2018,28.7,25.1,26.4,7.4,18.8,45.4,39405.65
Philippines,25-08-2018,27.7,24.8,26.1,0.3,21.4,50,20931.86
Philippines,26-08-2018,27.4,24.5,25.8,1,22.4,51.8,17774.07
Philippines,27-08-2018,28.2,24,25.7,1.7,17.5,41.8,35858.36
Philippines,28-08-2018,28.3,23.8,25.8,1.3,15.3,36.4,41241.38
Philippines,29-08-2018,29.2,23.7,26,15,6.5,20.9,36279.97
Philippines,30-08-2018,28.6,23.3,25.5,12,9.8,27.7,38322.33
Philippines,31-08-2018,27.6,23.1,24.7,17.9,10.9,34.2,30280.87
Philippines,01-09-2018,28.6,22.6,24.6,15,8.9,29.5,21543.98
Philippines,02-09-2018,27.4,22.7,24.7,15,15.1,35.6,29472.02
Philippines,03-09-2018,28,23.1,24.8,25.4,14.6,36.4,26282.76
Philippines,04-09-2018,26.9,22.9,24.2,16,14.6,41.8,17519.04
Philippines,05-09-2018,27.1,22.5,24.4,15.2,10.2,26.3,16491.35
Philippines,06-09-2018,25.8,22.9,24.2,19.2,17.1,38.9,11752.29
Philippines,07-09-2018,27.4,23.3,25.2,5.6,22.6,54.7,28586.06
Philippines,08-09-2018,28.4,23.6,25.9,1.7,13.5,33.1,37663.86
Philippines,09-09-2018,30.1,24.3,26.7,1.9,8.2,22.3,36000
Philippines,10-09-2018,28.6,23.5,25.6,15,9.8,25.9,35297.16
Philippines,11-09-2018,28.6,23.1,25.9,2.6,10.2,27.7,40000.02
Philippines,12-09-2018,28.2,22.7,25,20.9,10.7,29.2,37004.51
Philippines,13-09-2018,28.5,22.6,25,17.6,16.3,36.7,25867.2
Philippines,14-09-2018,26,24.1,24.9,21.3,30.1,69.1,0
Philippines,15-09-2018,26.8,24.3,25.4,5.3,37.2,83.5,12688.52
Philippines,16-09-2018,27.7,23.3,25.1,17.1,23.2,55.8,26849.49
Philippines,17-09-2018,28.7,23.7,25.8,4.7,11.2,32.4,41007.64
Philippines,18-09-2018,27.9,23.5,25.3,7.1,18.2,45.4,39926.68
Philippines,19-09-2018,29.2,23.5,25.7,9.4,12.8,32,39600
Philippines,20-09-2018,28.5,22.8,25.2,29.1,7.6,22,25200
Philippines,21-09-2018,28.2,21.9,24.6,10.9,8.8,24.5,39292.05
Philippines,22-09-2018,28.3,23.5,25.3,17.9,12.8,32,39691.52
Philippines,23-09-2018,29.5,21.7,25.4,2.1,11.5,29.5,40444.41
Philippines,24-09-2018,29.1,22.9,25.7,1.4,12.3,32,40536.78
Philippines,25-09-2018,28.5,24.3,26.3,1.3,17.2,46.4,39952.9
Philippines,26-09-2018,28.8,24.5,26.3,3.1,16.5,48.2,39252.65
Philippines,27-09-2018,28.7,24.5,26,2.1,16.1,40.3,38593.39
Philippines,28-09-2018,28.4,24.5,26.1,3.1,15,38.2,37051.61
Philippines,29-09-2018,28.4,24.4,26.2,2.1,16.8,40.7,39600
Philippines,30-09-2018,29.4,23.7,26.4,1.8,10.4,27,39698.43
Philippines,01-10-2018,29.3,23.9,25.8,8.2,11.3,25.6,37965.41
Philippines,02-10-2018,27.7,23.1,24.8,23.9,15.3,36.4,27088.86
Philippines,03-10-2018,27.9,22.9,25.4,3.1,11,33.1,39713.45
Philippines,04-10-2018,27.3,22.9,25.1,6.3,15.8,37.1,39717.48
Philippines,05-10-2018,27.6,23.1,24.8,14.5,12.3,31.7,37953.64
Philippines,06-10-2018,27.1,22.9,24.7,13.4,6.8,19.8,18357.25
Philippines,07-10-2018,28.7,23.2,25.5,1.5,8.3,23.8,39599
Philippines,08-10-2018,28.8,23.6,25.7,2,10.2,26.6,39593.36
Philippines,09-10-2018,29.6,23.7,26.1,0.5,11,28.4,39649.57
Philippines,10-10-2018,29.2,23.9,26.2,1.6,10.9,28.1,39580.23
Philippines,11-10-2018,30.2,24,26.6,0.1,10.4,25.2,39578.05
Philippines,12-10-2018,30.3,24.1,26.8,0.1,11.7,27.7,39635.06
Philippines,13-10-2018,28.4,24.1,25.9,5.4,18.1,43.2,39556.1
Philippines,14-10-2018,28,23.9,25.6,16.5,9.7,32.8,37268.75
Philippines,15-10-2018,28.4,23.4,25.1,11,10.2,32.8,30800.88
Philippines,16-10-2018,28.2,23.3,25.2,9.8,10.2,28.4,37641.56
Philippines,17-10-2018,28.8,23.3,25.3,3.1,8.2,24.5,39518.64
Philippines,18-10-2018,29.8,23.2,26,0.9,9.4,25.2,39508.21
Philippines,19-10-2018,28,23.9,25.6,2.7,15.5,38.9,39497.31
Philippines,20-10-2018,28.8,24,25.9,0.8,19.9,49.3,39485.91
Philippines,21-10-2018,27.2,23.9,25.1,5.8,23.3,52.9,29866.99
Philippines,22-10-2018,27.5,23.4,25,7.5,21.8,50.8,39124.48
Philippines,23-10-2018,28.8,23.4,25.5,0.3,13.8,33.1,39448.43
Philippines,24-10-2018,28.1,23.3,25.2,1.5,16.8,40.7,39434.78
Philippines,25-10-2018,28.5,23.2,25.5,0.2,18.9,44.3,39420.5
Philippines,26-10-2018,28.6,23.2,25.5,0.3,17.7,41.8,39405.58
Philippines,27-10-2018,28.2,23.4,25.4,0.3,18.5,43.2,39390
Philippines,28-10-2018,27.6,23.1,24.8,1.5,26,62.3,39373.73
Philippines,29-10-2018,27.5,22.5,24.6,0,12.8,31.3,27848.57
Philippines,30-10-2018,27.8,24.7,25.9,2,30.3,69.5,37334.08
Philippines,31-10-2018,29,24.5,26.2,1,18.7,45.4,39320.59
Philippines,01-11-2018,30.1,23.8,26.5,0.4,11.1,28.4,39301.38
Philippines,02-11-2018,29.9,24,26.5,0,12.1,30.6,39281.45
Philippines,03-11-2018,28.5,24.3,25.9,6.6,15.5,39.2,39260.81
Philippines,04-11-2018,28,24.1,25.6,2,21.1,50.4,39239.48
Philippines,05-11-2018,28,23.8,25.2,15.4,21.8,54.7,36300.84
Philippines,06-11-2018,28.8,23.9,25.7,0.9,20,46.8,39181.83
Philippines,07-11-2018,28.5,23.7,25.7,1,20.8,50.8,39141.35
Philippines,08-11-2018,28.2,23.9,25.5,3.3,23.1,54.4,39101.22
Philippines,09-11-2018,27.8,23.2,25.2,4.3,20.4,47.9,39061.46
Philippines,10-11-2018,27.7,23.7,25.2,2.8,24.5,57.2,39022.15
Philippines,11-11-2018,27.5,23.7,25.1,1.3,23.2,52.9,38983.34
Philippines,12-11-2018,27.7,23.7,25.1,3.5,19.2,47.2,38945.05
Philippines,13-11-2018,28.9,22.4,25.5,0,14.4,33.1,37604.96
Philippines,14-11-2018,28.5,23.4,25.4,1.6,19.5,46.1,38870.31
Philippines,15-11-2018,27.5,23.6,25,9.5,18.7,44.3,35825.49
Philippines,16-11-2018,28.8,23.6,25.5,1.2,12.6,31,38798.38
Philippines,17-11-2018,28.5,23,25.3,0,15.1,36.7,38763.6
Philippines,18-11-2018,27.6,23.4,25.2,1,18.1,43.2,38729.68
Philippines,19-11-2018,28.7,22.7,25.3,0.1,20.4,47.9,37236.91
Philippines,20-11-2018,25.4,23.5,24.2,5.1,21.5,50.4,0
Philippines,21-11-2018,27.4,23.4,24.9,12.1,27.8,67,32781.12
Philippines,22-11-2018,28.5,23.5,25.2,13.8,15.9,40.7,38372.49
Philippines,23-11-2018,27.5,22.8,24.8,1.7,12.5,33.5,38572.74
Philippines,24-11-2018,28.1,23.1,25.2,0.5,13.8,33.8,38543.24
Philippines,25-11-2018,27.4,23.1,24.9,1,18.1,44.6,38514.38
Philippines,26-11-2018,28.3,22.8,25.1,0,16.1,38.5,38486.21
Philippines,27-11-2018,27.9,22.9,25,0,19.5,44.3,38458.76
Philippines,28-11-2018,27.2,23,24.8,2.3,15.5,37.4,38432.08
Philippines,29-11-2018,27.5,23,24.9,1.5,18.1,42.5,38406.21
Philippines,30-11-2018,27.1,23,24.6,1.2,23.5,55.4,38381.2
Philippines,01-12-2018,27.3,23.8,25,2.5,21.7,51.5,38357.08
Philippines,02-12-2018,28.6,23.3,25.2,2.6,19.1,43.9,38333.9
Philippines,03-12-2018,28.6,23.2,25.4,0.4,21.4,50.4,38311.71
Philippines,04-12-2018,29.4,23.7,26,0.8,14.2,40,37547.1
Philippines,05-12-2018,28.8,24.1,26,1,18.6,45,38270.44
Philippines,06-12-2018,29.1,24.1,26,0.1,19.9,46.4,38251.45
Philippines,07-12-2018,28.6,23.8,25.5,0.6,22.4,52.6,38233.62
Philippines,08-12-2018,27.7,24,25.4,1.7,21.7,52.6,38217
Philippines,09-12-2018,28.9,23.6,25.5,1,18.4,44.3,38190.02
Philippines,10-12-2018,28.1,23.4,25.4,1,19.7,46.4,38157.72
Philippines,11-12-2018,28.8,23.3,25.4,0.3,17,40.7,38125.55
Philippines,12-12-2018,27.4,22.6,24.9,1.1,23,53.3,38093.01
Philippines,13-12-2018,27.3,23.6,25.1,2.5,26.7,62.3,37461.33
Philippines,14-12-2018,26.9,23.6,24.7,2.2,26.2,61.2,37951.16
Philippines,15-12-2018,27.5,23.2,25.1,2,29.9,68.8,37697.24
Philippines,16-12-2018,26.3,23.2,24.4,14.3,23.5,53.6,37325.8
Philippines,17-12-2018,27.5,23.4,24.8,0.6,21.4,49.7,37321.37
Philippines,18-12-2018,26.2,22.7,24.2,1.6,26,60.5,37554.88
Philippines,19-12-2018,27,22.5,24.2,2.4,24.9,57.2,37547.43
Philippines,20-12-2018,25.8,22.6,23.7,8.2,25.9,58.7,6786.66
Philippines,21-12-2018,27.6,22.4,24.6,2.5,17.3,44.3,29535.45
Philippines,22-12-2018,26.8,23,24.7,2.2,19.9,46.4,28935.37
Philippines,23-12-2018,24.6,23.1,23.7,31.2,17.1,50.4,0
Philippines,24-12-2018,27.2,23.2,24.7,2.2,15.4,38.2,21798.03
Philippines,25-12-2018,28.7,23.1,25.2,2.2,10.6,27.7,37497.02
Philippines,26-12-2018,28.3,22.6,25,1.1,12.3,29.2,37488.02
Philippines,27-12-2018,27.4,22.5,24.3,1.1,18,42.8,26460.81
Philippines,28-12-2018,23.6,22.6,23.1,54.6,30.5,78.1,0
Philippines,29-12-2018,23.2,21.7,22.7,166.5,36.2,85.7,0
Philippines,30-12-2018,26.7,22.9,24.3,7.4,24.8,65.5,36000
Philippines,31-12-2018,26,23,24.1,22.1,17.6,40.7,36812.9
Philippines,01-01-2019,26.5,22.7,24.2,2.7,18.1,51.8,36705.53
Philippines,02-01-2019,26.6,22.6,24.3,1.5,20.7,53.3,37220.02
Philippines,03-01-2019,27.5,22.7,24.4,0.7,17.8,42.1,36921.07
Philippines,04-01-2019,26.8,22.7,24.4,0,25.8,59.4,36775.38
Philippines,05-01-2019,27.2,22.2,24.2,0.1,17.4,42.1,36737.93
Philippines,06-01-2019,26.4,22.4,24.1,0.2,17.7,42.1,37235.21
Philippines,07-01-2019,26.4,21.4,23.8,0.2,21.5,50.8,36888.7
Philippines,08-01-2019,26.4,22,24,0.2,18.8,44.3,37319.97
Philippines,09-01-2019,26,21.9,23.9,1.3,22.2,58.7,36998.48
Philippines,10-01-2019,26.8,22.4,24.2,0.8,25.7,58.7,37092.04
Philippines,11-01-2019,27.5,22.1,24.2,0.3,15.6,38.9,37056.59
Philippines,12-01-2019,26.2,22.1,23.9,1.7,21.8,51.5,36618.85
Philippines,13-01-2019,25.8,22.3,23.7,2.2,20,48.2,36677.75
Philippines,14-01-2019,26.3,22,23.7,0.2,20.7,47.9,37048.89
Philippines,15-01-2019,26.8,21.8,23.7,0.3,15.8,38.9,37156.48
Philippines,16-01-2019,26.5,21.3,23.5,0,24.1,56.9,37511.25
Philippines,17-01-2019,26.4,21.3,23.5,0.2,20.9,49.7,36667.5
Philippines,18-01-2019,26.3,21.8,23.6,0,25.5,61.9,36867.21
Philippines,19-01-2019,27.1,21.3,23.8,0.2,20.7,49.3,37337.41
Philippines,20-01-2019,26.9,22.3,24.2,2.9,25.3,59.8,33881.5
Philippines,21-01-2019,25.4,22.7,23.7,3.5,26.6,62.6,26235.39
Philippines,22-01-2019,25.8,22.3,23.9,0.9,24.3,59.8,34154.1
Philippines,23-01-2019,25.1,22.7,23.6,1.8,27.3,64.4,32883.56
Philippines,24-01-2019,25.7,22.5,23.6,2.4,28.5,66.2,35354.84
Philippines,25-01-2019,26.1,22.3,23.6,0.7,27,62.6,36106.46
Philippines,26-01-2019,25.9,21.4,23.3,0.1,26.6,61.2,37203.71
Philippines,27-01-2019,24.9,21.1,22.5,0,25.7,59.4,36905.67
Philippines,28-01-2019,25.1,20.5,22.3,0,23.5,55.8,38149.48
Philippines,29-01-2019,26.1,20.1,22.3,0,22.2,53.3,38179.47
Philippines,30-01-2019,26.3,20.7,23,0.2,18.9,45.4,37995.55
Philippines,31-01-2019,26.7,20.8,23.4,0.7,13.9,34.2,36447.22
Philippines,01-02-2019,26.1,21,23,0,23.6,55.1,38195.43
Philippines,02-02-2019,25.3,20.8,23,1.7,19.9,46.4,37790.79
Philippines,03-02-2019,27.5,20.7,23.6,0,14.7,35.3,37521.13
Philippines,04-02-2019,28.1,21.3,23.9,0,18.1,42.1,38636.31
Philippines,05-02-2019,27.8,20.8,23.6,0,15.5,37.8,38471.86
Philippines,06-02-2019,27.4,20.7,23.5,0,14.7,35.6,38691.43
Philippines,07-02-2019,28.7,19.3,23.9,0.1,11.6,30.6,39075.14
Philippines,08-02-2019,29.4,21.1,24.5,0.3,11.5,30.6,38657.57
Philippines,09-02-2019,28.4,21.5,24.5,0,14.6,36.7,38966.43
Philippines,10-02-2019,26.9,22.4,24.3,0.8,17.1,45.7,38197.09
Philippines,11-02-2019,27.9,21.4,24.1,0,24,55.8,39218.38
Philippines,12-02-2019,26.4,21.5,23.6,0.6,17.7,45,39042.95
Philippines,13-02-2019,27.8,21,23.8,0.8,18.2,42.8,38907.92
Philippines,14-02-2019,28,22,24.2,0,21.7,53.6,39296.37
Philippines,15-02-2019,27.2,20.6,23.9,0,22.4,52.9,35158.78
Philippines,16-02-2019,28.1,20.8,24.2,0,14.4,36,39554.36
Philippines,17-02-2019,27.2,20.2,23.8,1,14.4,36,39579.76
Philippines,18-02-2019,28.3,20.8,24.3,0,17.5,43.2,39729.22
Philippines,19-02-2019,28.7,21.3,24.5,0,16.2,38.9,39774.52
Philippines,20-02-2019,27.6,21,24,0,19.3,46.1,37657.18
Philippines,21-02-2019,28.7,20.4,24.4,0.1,14.2,37.1,39783.86
Philippines,22-02-2019,28.1,21,23.9,0.9,13.9,35.3,39622.71
Philippines,23-02-2019,28.8,21.5,24.6,0.7,13.8,32,39717.88
Philippines,24-02-2019,28.1,20.8,24.1,1,14,34.9,40002.52
Philippines,25-02-2019,28.7,19.7,24.1,0,14.8,37.1,40048.12
Philippines,26-02-2019,26.9,19.7,23.4,0,19.4,46.8,40093.66
Philippines,27-02-2019,27.7,19.3,23.6,0,17.8,42.5,40139.06
Philippines,28-02-2019,29.3,19.9,24.1,0,13.3,33.8,40184.28
Philippines,01-03-2019,28.9,21.3,24.5,0,16.8,41.8,40229.41
Philippines,02-03-2019,29.2,20.2,24.6,0,14.8,36,40274.85
Philippines,03-03-2019,29.6,21.5,25.1,0.1,9.7,26.3,40320.55
Philippines,04-03-2019,29.2,21.9,25,4,13.5,32,40366.48
Philippines,05-03-2019,29.3,22.3,25.2,1.3,14.5,37.1,40412.61
Philippines,06-03-2019,30.5,21.9,25.5,0,11.9,32.4,40458.87
Philippines,07-03-2019,30.4,22.3,25.7,0,15,38.2,40158.59
Philippines,08-03-2019,30.7,20.3,25.2,0.2,13.9,35.6,40097.84
Philippines,09-03-2019,30.8,21,25.5,0,10.5,28.8,40598.26
Philippines,10-03-2019,29.9,20.6,25.3,0,10.9,30.2,40644.79
Philippines,11-03-2019,30.3,21.2,25.2,0.3,7.7,24.5,40691.3
Philippines,12-03-2019,30.5,21,25.2,1,9.4,23.4,40737.75
Philippines,13-03-2019,30.3,21.1,25.3,0,11,31,40784.11
Philippines,14-03-2019,30.8,21.4,25.7,0,10.9,30.2,40830.34
Philippines,15-03-2019,30.2,22.3,25.9,0.3,13.2,30.6,40876.43
Philippines,16-03-2019,29.9,20.7,25.4,0,16.8,40.7,40922.33
Philippines,17-03-2019,29.5,22.8,25.8,0.3,17.8,43.9,40968.01
Philippines,18-03-2019,30.4,22.5,25.9,0.1,19.4,46.4,41013.43
Philippines,19-03-2019,30.6,22.5,25.9,0.2,19.7,49,39255.02
Philippines,20-03-2019,29.9,23.3,26,0.2,20.9,49.7,41103.38
Philippines,21-03-2019,31.4,22,26.3,0,15.3,39.6,41147.86
Philippines,22-03-2019,31.7,21.7,26.4,0.2,12.2,33.1,41192.43
Philippines,23-03-2019,28.9,22.9,25.6,1.5,13.4,33.1,41237.06
Philippines,24-03-2019,29.9,22,25.6,0,18.7,46.4,41281.73
Philippines,25-03-2019,29.6,21.8,25.5,0.5,14.6,37.4,41024.35
Philippines,26-03-2019,28.8,22.7,25.5,1.6,18.5,45,37337.05
Philippines,27-03-2019,28.8,24,25.7,0.9,21.4,50.4,40465.46
Philippines,28-03-2019,31.7,21.8,26.6,0.2,9.5,28.4,40635.02
Philippines,29-03-2019,31.6,23,26.5,0.7,12.2,33.1,41504.62
Philippines,30-03-2019,31.5,22.7,26.3,0,13.3,35.6,41548.91
Philippines,31-03-2019,31.6,21.2,25.8,2.1,15.6,38.5,41593.02
Philippines,01-04-2019,30.8,22,25.9,0,17.7,43.6,41636.94
Philippines,02-04-2019,31.5,22.2,26.2,0,14.8,35.3,41680.64
Philippines,03-04-2019,31.5,21.5,26,0,10.5,30.2,41724.08
Philippines,04-04-2019,31.5,21.7,26.3,0.4,15.7,40.3,41767.24
Philippines,05-04-2019,31.9,22.8,26.8,0,14.8,38.5,41810.1
Philippines,06-04-2019,32.2,23.4,27.4,0.9,9.2,27,41852.62
Philippines,07-04-2019,32.6,23.9,27.6,0,12.4,28.1,41894.77
Philippines,08-04-2019,32.5,23.3,27,0.2,15.4,36.7,41229.08
Philippines,09-04-2019,32.1,24.4,27.8,0,18,50.8,41977.85
Philippines,10-04-2019,31.7,24.3,27.4,4,14.1,38.2,41672.94
Philippines,11-04-2019,31.8,24.6,27.7,1,11,31.3,39886.59
Philippines,12-04-2019,31.8,24.4,27.5,1.8,11.4,33.1,39917.61
Philippines,13-04-2019,31.9,24.7,27.7,1.5,15,38.5,42100.87
Philippines,14-04-2019,32.4,23.5,27.5,0.1,13.6,36.4,42106.01
Philippines,15-04-2019,31.5,23.2,27.4,0.6,10.6,31,42111.25
Philippines,16-04-2019,32.8,24.2,28.1,0,13.8,36.7,42116.59
Philippines,17-04-2019,31.5,24.1,27.4,0.8,13.5,35.3,42122.08
Philippines,18-04-2019,32.6,23.7,28,0,11.3,32,42127.73
Philippines,19-04-2019,32.8,24.4,28,0,15.1,37.8,42133.57
Philippines,20-04-2019,33.7,23.1,28.2,0,9.6,29.5,42139.62
Philippines,21-04-2019,33.5,24.1,28.5,0,13.2,34.2,42145.93
Philippines,22-04-2019,33.1,24.3,28.1,0,17.2,42.8,42152.5
Philippines,23-04-2019,33.4,24.6,28.2,0,18.1,43.2,42159.36
Philippines,24-04-2019,33.1,24.3,28.1,0,17.3,43.6,42166.54
Philippines,25-04-2019,33.7,23.4,28,0.2,13.8,36,42174.06
Philippines,26-04-2019,33.2,23.5,28,0,13.9,36.7,42181.96
Philippines,27-04-2019,32.4,23.1,27.4,0.7,18.9,43.6,42190.25
Philippines,28-04-2019,33.4,22.7,26.7,3.1,13.7,36.7,32257.66
Philippines,29-04-2019,33.4,23.9,27.9,0,14.5,39.2,42208.1
Philippines,30-04-2019,33,23.4,27.8,0,11.6,32,42217.62
Philippines,01-05-2019,31.5,24,27.5,0.9,7.4,21.6,42227.48
Philippines,02-05-2019,32.1,24.2,27.9,0.5,10.6,30.6,42237.7
Philippines,03-05-2019,32.1,24.5,27.8,1.1,10.3,29.5,42248.23
Philippines,04-05-2019,31.4,25,27.5,3,10.8,32.4,42259.09
Philippines,05-05-2019,31.7,24.7,27.7,1.3,12.8,36,41677.45
Philippines,06-05-2019,30.8,24.7,27.3,2.1,17,42.8,41133.41
Philippines,07-05-2019,29.8,24.6,26.5,20.6,16.1,39.6,34858.4
Philippines,08-05-2019,29.6,24.7,26.5,5.3,9.2,26.3,25880.63
Philippines,09-05-2019,29.9,23.6,26.6,4.5,12.1,33.8,38079.07
Philippines,10-05-2019,30.3,24.3,26.9,2,9.3,26.6,41002.85
Philippines,11-05-2019,30.1,24.6,27,9.5,10.9,28.4,39118.35
Philippines,12-05-2019,31.2,24.4,27.6,1.8,10.8,29.2,42356.29
Philippines,13-05-2019,31.3,24.6,27.7,1.6,8.9,25.9,42369.58
Philippines,14-05-2019,31.9,25.2,28.4,0.7,12.4,30.6,42383.08
Philippines,15-05-2019,32,24.8,28.3,0.7,9.2,24.1,42531.83
Philippines,16-05-2019,31.7,24.8,28.2,2.2,6,19.1,42545.54
Philippines,17-05-2019,30.6,24.9,27.8,6.2,12.1,32.4,42559.42
Philippines,18-05-2019,30.8,25.4,27.8,1.7,12.9,34.2,42147.21
Philippines,19-05-2019,31.6,25.6,28.3,1.4,9.2,24.5,42453.49
Philippines,20-05-2019,31.1,25.5,27.8,3.9,15.4,36.7,42602.42
Philippines,21-05-2019,30.9,25.3,27.9,1.6,12,31.7,39864.35
Philippines,22-05-2019,30.7,24.9,27.1,4.3,6.8,23,30201.94
Philippines,23-05-2019,29.6,24.6,26.8,5.9,9,25.6,34146.62
Philippines,24-05-2019,29.7,24.4,26.4,6.7,8.2,17.6,35579.79
Philippines,25-05-2019,29,24.1,26.2,10.6,10.6,28.8,32540.16
Philippines,26-05-2019,28.5,23.7,25.7,15.7,9.4,27,22950.27
Philippines,27-05-2019,30.2,23.6,26.7,1.1,9.8,26.6,39723.39
Philippines,28-05-2019,29.6,24.1,26.9,2.8,10.6,28.1,40163.11
Philippines,29-05-2019,31,24.8,27.5,1.4,10.1,26.3,42618.16
Philippines,30-05-2019,31.9,24.3,28.1,0.7,11.4,32.4,42635.61
Philippines,31-05-2019,32.2,25.4,28,2.1,11,31.7,41287.81
Philippines,01-06-2019,32.1,24,28.1,6.2,13,37.4,40714.57
Philippines,02-06-2019,32.2,25.3,28.3,2.1,12.7,33.5,42899.17
Philippines,03-06-2019,31.7,24.8,27.8,4.2,10.8,33.1,42839.44
Philippines,04-06-2019,31.5,24.7,27.6,4.2,11.5,30.2,42721.48
Philippines,05-06-2019,30.6,24.6,27.4,3.7,10.1,33.5,42950.12
Philippines,06-06-2019,31.8,24.6,27.7,1.6,14.5,42.5,42754.25
Philippines,07-06-2019,31,25.4,27.5,4.1,11.2,35.3,42524.39
Philippines,08-06-2019,31.7,25.1,28.1,1.3,11.3,30.6,42845.84
Philippines,09-06-2019,31.9,24.2,27.8,7.2,12.3,33.8,42862.11
Philippines,10-06-2019,29.5,24.1,26.3,12.6,12.9,33.1,28614.34
Philippines,11-06-2019,29.8,24.8,27.3,1.4,20.6,48.2,41169.97
Philippines,12-06-2019,30.5,25.2,27.7,1.8,14,35.3,42849.14
Philippines,13-06-2019,30.8,25.3,27.6,3.6,17.6,42.8,40536.55
Philippines,14-06-2019,30.3,25.3,27.2,7,17.5,44.6,42881.27
Philippines,15-06-2019,30.2,25.3,27.7,1,18.2,43.6,42963.25
Philippines,16-06-2019,30.1,25.3,27.4,4.9,15.7,37.8,42912.94
Philippines,17-06-2019,31.6,24.6,27.6,4.4,12.6,34.6,42928.43
Philippines,18-06-2019,30.8,24.5,27.4,3.2,13.2,33.5,42943.62
Philippines,19-06-2019,31.5,24.8,27.7,4.1,10.4,29.9,43028.46
Philippines,20-06-2019,31.1,24.7,27.5,3.1,9.5,25.6,42974.24
Philippines,21-06-2019,30.6,25.1,27.6,3.2,11.9,31,43058.58
Philippines,22-06-2019,30.6,25.1,27.6,3.2,8.2,23.4,43004.83
Philippines,23-06-2019,29,24.5,26.8,7.6,16,37.4,43086.25
Philippines,24-06-2019,28.1,24,25.6,8.2,11.7,29.2,9958.16
Philippines,25-06-2019,28.6,24.5,25.7,17.5,11.5,27.7,7609.62
Philippines,26-06-2019,29.2,24.3,26.2,5.4,10.7,25.6,33306.11
Philippines,27-06-2019,27,23.7,25.1,14.6,21.4,50.4,17533.39
Philippines,28-06-2019,27.6,24.4,26,6.6,22.6,54,30086.37
Philippines,29-06-2019,28.2,24.4,26,12.5,22.4,53.3,23212.61
Philippines,30-06-2019,28.4,24.6,26.1,8.2,27.9,67,32268.01
Philippines,01-07-2019,26.4,23.9,25,21.4,24.5,59,6213.14
Philippines,02-07-2019,26.7,24,25.2,6.8,17.4,41.8,2090.45
Philippines,03-07-2019,29.7,23.2,26.5,2.4,12.3,31.3,43122.07
Philippines,04-07-2019,29.7,23.7,26,10,10.1,25.9,43129.38
Philippines,05-07-2019,28.9,23.3,25.8,20.2,8,22,40990.01
Philippines,06-07-2019,29.2,23.4,26.2,1.3,12.6,31,41290.02
Philippines,07-07-2019,29.6,24.1,26.6,1,12.2,35.6,43121.22
Philippines,08-07-2019,29.3,24,26.4,1.2,16.5,40.7,42069.67
Philippines,09-07-2019,29,24.1,26.2,10.8,15.3,38.2,43127.57
Philippines,10-07-2019,29.5,24.3,26.8,1.2,12.8,32.4,43129.62
Philippines,11-07-2019,30.1,24.3,27,1,6.9,22.3,43130.86
Philippines,12-07-2019,30.8,24.1,27.1,2,8.3,23.4,40625.02
Philippines,13-07-2019,28.9,23.3,26,9.1,8.4,22.7,40156.27
Philippines,14-07-2019,27.7,23.8,25.3,2.8,11.2,26.3,2253.22
Philippines,15-07-2019,25.4,23,24.2,15.6,9.7,24.1,0
Philippines,16-07-2019,25.7,22.5,24.1,11.6,22,55.4,0
Philippines,17-07-2019,26.7,24.1,25.2,12.3,37.2,86.4,9380.8
Philippines,18-07-2019,27.5,24.7,26.1,3.4,31.1,76.3,31551.47
Philippines,19-07-2019,29.4,25.8,27.2,0.6,20.6,49.3,43106.97
Philippines,20-07-2019,29.5,25.2,27.1,2.4,12.3,31.3,43099.65
Philippines,21-07-2019,29.7,24.2,26.4,13.6,7.8,22.3,37310.4
Philippines,22-07-2019,28.1,23,25,15.5,6.7,23,18722.98
Philippines,23-07-2019,28.9,22.7,25.3,16.4,9.2,23.4,38102.46
Philippines,24-07-2019,28.6,23.1,25.2,15.3,13.8,31,26718.99
Philippines,25-07-2019,27.9,23.4,25.4,18.9,14.8,35.6,40562.6
Philippines,26-07-2019,29.4,23.4,26.2,5.7,12.7,34.2,43038.09
Philippines,27-07-2019,27.3,23.1,25.1,8.5,11.1,25.9,7396.77
Philippines,28-07-2019,26.3,22.7,24.4,24,16.6,46.1,14456.23
Philippines,29-07-2019,26.7,23.9,25.1,10.3,18.4,42.1,15308.32
Philippines,30-07-2019,28.8,24.8,26,1.9,17.6,42.8,38380.95
Philippines,31-07-2019,28.1,24.9,26.2,0.4,20.2,47.9,18037.81
Philippines,01-08-2019,28.2,25.2,26.3,2.7,24.3,56.2,21745.06
Philippines,02-08-2019,28.3,24.7,25.8,17.2,12.6,38.2,17419.36
Philippines,03-08-2019,25,23.6,24.2,29.4,25.4,65.2,0
Philippines,04-08-2019,25.6,24.1,24.8,23.6,28,65.9,2717.6
Philippines,05-08-2019,26.6,23.9,25,21.5,26.1,62.6,2158.74
Philippines,06-08-2019,26.4,24.2,24.9,12.4,30.3,70.9,3468.72
Philippines,07-08-2019,27.2,24.6,25.7,3.8,33.7,81.4,23951.56
Philippines,08-08-2019,27.6,25.1,26,1.5,40.5,97.9,37850.23
Philippines,09-08-2019,27.7,25.1,26.1,1.5,35.6,88.2,38445.13
Philippines,10-08-2019,28.1,25.3,26.5,1,29.7,68.8,41205.02
Philippines,11-08-2019,29.1,25.6,27,1.4,24.5,56.5,40514.12
Philippines,12-08-2019,29.6,25.5,27.2,0.7,19.9,47.9,42701.36
Philippines,13-08-2019,29,25.6,26.9,6.9,25.2,58,41386.67
Philippines,14-08-2019,29.2,25.5,26.9,3.9,21.1,50,39569.06
Philippines,15-08-2019,28.9,25.2,26.8,0.6,24.5,57.2,39953.04
Philippines,16-08-2019,28.9,25.1,26.8,1,22.2,52.2,42585.34
Philippines,17-08-2019,29.7,25.2,26.9,0.5,12.9,35.3,42554.52
Philippines,18-08-2019,29.2,24.7,26.6,4,14.9,38.2,42523.05
Philippines,19-08-2019,29.5,24.7,26.9,1.5,14,34.9,42491
Philippines,20-08-2019,28.8,24.7,26,7.9,13,31,23807.12
Philippines,21-08-2019,27.2,23.5,25.1,9.2,17.9,43.6,4488.22
Philippines,22-08-2019,26.3,23.6,25,7.6,18.6,42.8,0
Philippines,23-08-2019,26.3,24,25.2,10.1,20,54.4,407.19
Philippines,24-08-2019,27.6,23.7,25.5,8.6,25,59.4,37537.13
Philippines,25-08-2019,28.4,24.7,26.1,5.3,15.3,36.7,41066.48
Philippines,26-08-2019,28.1,23.6,25.5,17.4,13.4,32.8,36141.3
Philippines,27-08-2019,24.5,23.2,23.9,70,17.5,41.8,0
Philippines,28-08-2019,25.5,23.9,24.5,19.9,23,61.2,7719.3
Philippines,29-08-2019,26.4,23.8,24.7,14.1,18.9,42.8,15569.25
Philippines,30-08-2019,28.9,23.8,25.7,2.5,15,35.6,25744.66
Philippines,31-08-2019,27.3,23.6,24.7,14.6,10.7,31.7,8016.7
Philippines,01-09-2019,28.3,23.1,25.2,11.5,5.3,19.1,31106.44
Philippines,02-09-2019,27,22.7,24.9,8.2,24.9,57.2,35810.39
Philippines,03-09-2019,27.8,24.3,25.8,2.4,23.3,54.7,23918.82
Philippines,04-09-2019,28.8,24.8,26.5,0.5,18.9,45.4,35295.08
Philippines,05-09-2019,28.9,25,26.8,0,20.9,49,41867.07
Philippines,06-09-2019,28.8,25.4,26.9,0.8,22.5,53.3,41825.42
Philippines,07-09-2019,28.8,25,26.7,0.5,23.2,54,41783.49
Philippines,08-09-2019,28.9,25.3,26.9,1.6,23.1,53.6,40222.2
Philippines,09-09-2019,29.3,24.7,26.7,1.1,16.8,51.8,40704.98
Philippines,10-09-2019,30.1,23.1,26.5,0.6,15.5,48.2,41656.64
Philippines,11-09-2019,27.1,24.3,25,19.5,18.8,45,3340.91
Philippines,12-09-2019,24.6,23.2,24.1,64.3,16.1,37.8,0
Philippines,13-09-2019,27.9,23,25.1,14,16,37.8,37176.23
Philippines,14-09-2019,27.3,23.5,25.1,8.1,19.6,48.2,37036.89
Philippines,15-09-2019,26.1,24.1,24.9,12.5,22.2,53.3,14182.6
Philippines,16-09-2019,26.8,23.7,25.3,3.2,27.8,63.7,10306.99
Philippines,17-09-2019,27.1,24.1,25.4,4.6,27.3,62.6,29407.64
Philippines,18-09-2019,27,24.1,25,18.8,27.2,65.2,21663.76
Philippines,19-09-2019,27.7,23.7,25,11.5,21.4,57.2,18253.55
Philippines,20-09-2019,28,23.5,25.2,7.3,20.4,53.3,17478.41
Philippines,21-09-2019,27.8,23.7,25.5,5.4,24.3,56.2,32400
Philippines,22-09-2019,28.3,22.7,25.5,0.6,16.3,39.2,40348.77
Philippines,23-09-2019,29.4,23.1,26.3,3.1,9.5,21.6,40545.23
Philippines,24-09-2019,29,24.2,26.3,1.7,11.5,29.5,40440.06
Philippines,25-09-2019,29,24.1,26.1,0.2,14.8,37.1,40434.01
Philippines,26-09-2019,29.2,23.8,26.1,1,9.4,25.6,40049.24
Philippines,27-09-2019,29.7,23.8,26.4,2.1,5.9,18.4,40141.81
Philippines,28-09-2019,30.1,24.1,26.5,1.8,5.5,17.6,38196.1
Philippines,29-09-2019,28.8,24.2,26.5,2,17.9,42.1,38983.17
Philippines,30-09-2019,28.7,25,26.5,1.9,18.9,45,39191.69
Philippines,01-10-2019,28.6,24.5,26.2,3.8,11.3,27.4,31132.37
Philippines,02-10-2019,29.1,23.3,25.5,8.5,8,20.9,34835.85
Philippines,03-10-2019,29.1,22.2,25.2,4.8,12.7,29.2,36756.38
Philippines,04-10-2019,28.6,23.1,25.2,6.2,7.9,26.6,39600
Philippines,05-10-2019,28.8,22.8,25.6,2.8,6.2,16.6,39796.94
Philippines,06-10-2019,29.6,23.3,26,2,12.5,31,39648.3
Philippines,07-10-2019,29.3,23.8,25.9,0.6,18.4,42.1,39724.21
Philippines,08-10-2019,28.1,24,25.8,4.2,18.1,45.7,39649.75
Philippines,09-10-2019,26.6,23.5,25,12.3,16.7,42.8,15795.07
Philippines,10-10-2019,29,23.5,26,0.5,13.6,34.2,39644.14
Philippines,11-10-2019,28.5,23.1,25.4,1.4,7.5,24.8,38278.16
Philippines,12-10-2019,28.4,23,25.4,2,10.2,24.5,39565.46
Philippines,13-10-2019,28.5,23.1,25.7,0.2,15,36.7,39571.02
Philippines,14-10-2019,29,22.5,25.2,2.6,14.8,33.8,39549.85
Philippines,15-10-2019,28.9,23.7,25.7,0.5,17.3,41.4,39561.99
Philippines,16-10-2019,28.3,23.6,25.6,1.4,18.1,45.4,39532.48
Philippines,17-10-2019,29.1,23.8,26.2,0.6,14.7,36.4,39523.05
Philippines,18-10-2019,28.7,23.9,26,1.3,15.7,39.2,39513.09
Philippines,19-10-2019,28.3,23.8,25.8,1.7,13.5,33.5,39502.57
Philippines,20-10-2019,28.1,23.8,25.7,8.1,13.5,33.5,39491.45
Philippines,21-10-2019,28.9,23.8,25.9,2,12.5,30.6,39479.7
Philippines,22-10-2019,29.2,23.9,25.8,2.5,12.1,31.3,39467.3
Philippines,23-10-2019,29.1,23.8,25.9,1,11,29.2,39454.21
Philippines,24-10-2019,29.1,23.6,26,3.8,13.4,32.4,39440.41
Philippines,25-10-2019,29.2,23.8,26.2,0.7,17.3,43.6,39425.86
Philippines,26-10-2019,27.8,24,25.8,1,22.7,54,39410.54
Philippines,27-10-2019,28.1,23.4,25.3,19.2,23,53.6,37619.8
Philippines,28-10-2019,27.5,23.5,24.8,20.1,17.7,45,23338.93
Philippines,29-10-2019,28.3,23.4,25.3,13.9,13,33.1,26721.73
Philippines,30-10-2019,28.2,23.6,25.2,4,15.7,42.5,39002.85
Philippines,31-10-2019,27.8,23.4,24.9,11.4,16.8,40.3,38560.4
Philippines,01-11-2019,27.5,23.4,24.9,27.1,12.7,30.6,25784.84
Philippines,02-11-2019,28,22.9,24.9,11.1,11.6,29.5,32894.02
Philippines,03-11-2019,27.4,22.8,24.9,20.7,9.6,25.6,32602.5
Philippines,04-11-2019,28.2,23.3,25.4,4.7,19.7,45,39243.88
Philippines,05-11-2019,28.2,23.9,25.7,6.6,21.1,50,39222.36
Philippines,06-11-2019,27,23.6,25,20.1,22.8,55.4,34547.25
Philippines,07-11-2019,27.4,24.2,25.1,7,23.3,55.4,25175.25
Philippines,08-11-2019,28.3,23.6,25.7,3.5,18.1,49.7,39108.26
Philippines,09-11-2019,28.2,23.3,25.4,5.2,13,32.4,39068.56
Philippines,10-11-2019,28.7,23.3,25.6,4.7,11.7,33.5,39029.45
Philippines,11-11-2019,27.5,23.3,24.4,20.4,15.6,38.2,19344.8
Philippines,12-11-2019,26.4,23.3,24.7,1.4,19.7,47.5,11585.78
Philippines,13-11-2019,24.9,22.6,23.7,13,20,46.8,0
Philippines,14-11-2019,24.8,22.8,23.8,26.7,23.4,58.7,0
Philippines,15-11-2019,26.9,22.7,24.9,12.1,18.8,41.4,35396.52
Philippines,16-11-2019,26.7,23.4,24.7,4.6,17.1,43.2,23630.01
Philippines,17-11-2019,27.4,23.5,24.9,3.7,15.2,36.7,15613.98
Philippines,18-11-2019,28,23.7,25.7,1.3,18.6,43.6,38741.71
Philippines,19-11-2019,28.5,22.8,25.6,1.4,9.1,24.5,38708.27
Philippines,20-11-2019,28.1,22.7,25.4,2.1,12.3,30.6,38675.34
Philippines,21-11-2019,28.3,23.6,25.5,9,11.2,28.8,38206.87
Philippines,22-11-2019,27.4,23.8,25.2,4.9,11.2,29.9,34140.16
Philippines,23-11-2019,28,23.6,25.2,15.1,13.8,35.3,38580.08
Philippines,24-11-2019,28.1,23.7,25.4,8.9,18.9,46.8,38245.91
Philippines,25-11-2019,26.9,23.4,24.9,9.2,20.2,50,31802.3
Philippines,26-11-2019,27.5,23.6,25.2,2.8,19.6,46.8,31427.81
Philippines,27-11-2019,28,23.7,25.6,2.4,21.5,49.7,38463.07
Philippines,28-11-2019,27.7,23.8,25,1.7,26.8,61.9,38435.92
Philippines,29-11-2019,26.7,23.5,24.6,2.7,30.2,69.8,33253.12
Philippines,30-11-2019,27.1,22.5,24.3,0.6,24.8,57.2,38384.5
Philippines,01-12-2019,27.5,22.4,24.4,0.6,20.6,50.8,36468.05
Philippines,02-12-2019,26.7,23.5,24.7,14.8,38.4,96.5,25341.78
Philippines,03-12-2019,24.4,23.4,23.9,168.8,92.9,210.2,0
Philippines,04-12-2019,28,23.9,25.4,2.1,15.3,34.9,34474.41
Philippines,05-12-2019,28.5,23.4,25.4,2.1,9.4,22.3,38275.04
Philippines,06-12-2019,28.1,22.9,25.1,4.6,6.7,18.4,38256.91
Philippines,07-12-2019,27.3,22.7,24.8,1.6,18.8,44.3,38239.71
Philippines,08-12-2019,26.1,23.3,24.3,2.1,26.6,62.3,38223.45
Philippines,09-12-2019,24.4,22.4,23.4,8.6,24,56.2,19901.2
Philippines,10-12-2019,24.9,22.5,23.4,3.1,23,54.7,18548.62
Philippines,11-12-2019,26.4,22.4,24.3,8.7,18.6,43.6,36253.01
Philippines,12-12-2019,27.2,22.9,24.6,0.8,21.2,53.6,38101.21
Philippines,13-12-2019,27.2,23.2,24.7,1.5,20.6,47.9,38066.66
Philippines,14-12-2019,27.5,23.3,24.8,2,22.1,51.8,36962.88
Philippines,15-12-2019,27.4,23.4,24.9,2.2,23.3,56.5,37998.06
Philippines,16-12-2019,28.2,23.3,25.3,0,24.1,56.2,37964.2
Philippines,17-12-2019,28.1,23.5,25.1,0.3,20.2,47.2,35114.11
Philippines,18-12-2019,27,23.2,24.5,2.3,22.7,54.4,37436.2
Philippines,19-12-2019,27.8,22.6,24.6,1.5,16.6,41.4,37865.51
Philippines,20-12-2019,27.6,22.3,24.5,1.4,15.3,46.4,37833.91
Philippines,21-12-2019,28,23.2,25.1,0,16.8,40.3,37416.86
Philippines,22-12-2019,28.1,22.4,24.8,0,17.1,41,37773.23
Philippines,23-12-2019,27.3,23.2,24.7,2.7,17.3,39.6,36834.2
Philippines,24-12-2019,27.1,22.3,24.5,0.7,24,58,35762.68
Philippines,25-12-2019,25.6,23.4,24.3,15.3,25.9,71.6,2099
Philippines,26-12-2019,27,23.2,24.7,28.7,15.1,38.9,33305.95
Philippines,27-12-2019,27.1,22.9,24.7,4.2,10,29.5,36606.36
Philippines,28-12-2019,28.4,23.1,25.3,0.5,14.6,35.3,37613.21
Philippines,29-12-2019,28,22.4,24.9,0.1,17.5,43.6,37546.75
Philippines,30-12-2019,27.2,22.8,24.8,0.7,15.1,36.7,36923.92
Philippines,31-12-2019,27.1,23,24.7,0.8,22,52.9,37539.96
Philippines,01-01-2020,27.5,23.2,25,0.9,26.8,61.9,36949.97
Philippines,02-01-2020,26.4,23.1,24.4,2.5,30.1,68,36703.89
Philippines,03-01-2020,26.3,22.5,24.1,20.1,26,59.4,36574.97
Philippines,04-01-2020,25.7,22.3,23.6,2.3,23.2,55.8,36267.42
Philippines,05-01-2020,25.1,22.5,23.6,6.6,25.7,62.6,19073.86
Philippines,06-01-2020,26.4,22.6,24.1,6.2,26,61.6,31954.8
Philippines,07-01-2020,26.3,22.7,23.8,29.6,20.6,48.2,28938.16
Philippines,08-01-2020,27.3,22.6,24.4,3.2,15.9,40,37147.93
Philippines,09-01-2020,27,22.5,24.2,0.1,18.3,43.9,31316.03
Philippines,10-01-2020,27.3,22.1,24.2,0,15.9,38.9,37248.69
Philippines,11-01-2020,27.7,21.8,24.3,0.5,15.8,38.9,37616.98
Philippines,12-01-2020,28.1,22,24.5,0.2,10.3,27.4,36964.65
Philippines,13-01-2020,27.4,22.2,24.5,0.5,14.1,37.1,36046.05
Philippines,14-01-2020,26.4,22.8,24.3,1.3,20.7,47.2,36782.61
Philippines,15-01-2020,26.6,22.8,24.4,0.2,26.4,60.5,36234.02
Philippines,16-01-2020,26.2,23.4,24.5,7,16.7,45,25928.09
Philippines,17-01-2020,27.9,23.1,24.8,9.8,10.9,26.6,35741.13
Philippines,18-01-2020,26.9,23,24.5,2.4,19.8,45.4,36776.09
Philippines,19-01-2020,25.7,23.2,24.1,3,19.6,45,8957.36
Philippines,20-01-2020,26.8,23,24.5,0,21.5,50,37333.92
Philippines,21-01-2020,27.1,21.9,23.9,0,22.9,53.3,38195.31
Philippines,22-01-2020,27.1,21.8,23.8,0,20.9,50.4,38303.61
Philippines,23-01-2020,27.5,22.1,24.3,0,16.6,40.3,37917.77
Philippines,24-01-2020,26.4,23,24.3,7.9,16.1,44.6,27203.98
Philippines,25-01-2020,26.8,22.9,24.2,18.5,13,34.6,37087.81
Philippines,26-01-2020,28.6,21.8,25.1,0.5,7.9,24.5,38068.81
Philippines,27-01-2020,28.6,21.9,25,0.7,6.4,16.2,36831.31
Philippines,28-01-2020,28.5,22.1,24.9,1,8.4,22.7,38422.74
Philippines,29-01-2020,28.4,22.2,24.8,0.4,7.4,21.2,38294.16
Philippines,30-01-2020,27.1,21.2,23.7,0.5,13,32,38209.72
Philippines,31-01-2020,24.8,21.4,22.7,0.8,19.9,47.5,38015.46
Philippines,01-02-2020,24.9,20.9,22.6,1.1,21.7,51.1,38005.95
Philippines,02-02-2020,24.7,21.4,22.7,0.5,24.3,58,38342.67
Philippines,03-02-2020,26,20.7,22.8,0,22.9,54.4,38885.39
Philippines,04-02-2020,25.4,19.7,22.6,0.6,17.8,42.5,38819.38
Philippines,05-02-2020,26.8,21.3,23.8,0.3,21,50.4,37719.1
Philippines,06-02-2020,26.7,22.9,24.2,1.6,26.2,63,23187.97
Philippines,07-02-2020,27.2,23,24.7,19.5,17,40.7,36907.72
Philippines,08-02-2020,28.1,23,25,1.1,16.7,41.8,38735.52
Philippines,09-02-2020,25.8,22.6,23.8,3.3,25.8,59.8,35780.42
Philippines,10-02-2020,25.8,21.8,23.3,0,27.3,63,37705.9
Philippines,11-02-2020,26.3,21.2,23.3,0.3,21.9,52.6,39310.77
Philippines,12-02-2020,26.8,20.9,23.6,0,15.5,38.2,39454.24
Philippines,13-02-2020,27.2,21.5,24.2,0.4,16.6,40.7,38856.96
Philippines,14-02-2020,29.5,21.7,25.2,0,17.1,42.1,39495.11
Philippines,15-02-2020,28.6,21.9,25.1,0,18.1,43.9,39586.48
Philippines,16-02-2020,29,21.8,24.8,0.2,13,33.1,39631
Philippines,17-02-2020,28.3,22.3,24.6,0,24.6,57.6,39468.93
Philippines,18-02-2020,25,21.6,23,5.9,29,68.4,38962.11
Philippines,19-02-2020,25,21.4,22.8,2.3,30.9,70.9,38873.92
Philippines,20-02-2020,26.1,21.8,23.3,0.2,31.4,70.9,39810.09
Philippines,21-02-2020,26.2,21.7,23.5,2,29.5,69.5,37814.56
Philippines,22-02-2020,26.7,21.9,23.8,1.1,28.6,66.6,39899.66
Philippines,23-02-2020,26.7,21.4,23.8,1.8,23,54.4,39825.07
Philippines,24-02-2020,27.6,22.2,24.3,2.6,18.4,52.9,39919.43
Philippines,25-02-2020,28.3,22,24.6,0.1,17.2,42.5,40033.93
Philippines,26-02-2020,27.7,22,24.1,1.6,14.6,41.8,39193.52
Philippines,27-02-2020,27.7,21.7,24.2,0.4,22.6,54,39645.28
Philippines,28-02-2020,27.7,22.7,24.7,0,24.3,57.2,29259.53
Philippines,29-02-2020,28.2,23,25,1.2,17.4,42.1,39942.49
Philippines,01-03-2020,29,21.3,24.7,0,14.5,36.7,40263.25
Philippines,02-03-2020,28.4,21.5,24.5,0.1,18.2,43.9,40309.67
Philippines,03-03-2020,28.1,21.8,24.4,0.7,18.6,45,40356.2
Philippines,04-03-2020,29.3,21.3,25.1,0.8,14.2,36,40402.79
Philippines,05-03-2020,29.2,22.3,25.1,0.5,20.1,49,33226.41
Philippines,06-03-2020,28.4,23.2,24.6,27,24.8,56.9,23195.93
Philippines,07-03-2020,28.7,23,25,9.7,14,33.5,37855.68
Philippines,08-03-2020,29.9,22.3,25.7,0.4,8.4,25.2,40589.04
Philippines,09-03-2020,30.2,23.4,26.1,0.3,12.8,33.8,40635.4
Philippines,10-03-2020,29.9,21.3,25.8,0.4,8.6,25.2,40681.61
Philippines,11-03-2020,29.3,22.1,25.8,0.7,14.7,35.3,40727.64
Philippines,12-03-2020,29.6,22.6,25.6,0,18.6,45,40773.46
Philippines,13-03-2020,30,22.8,25.9,0,12.5,32.8,40819.03
Philippines,14-03-2020,30.7,22,25.9,0.3,10.4,28.4,40864.29
Philippines,15-03-2020,29.3,22.4,25.4,1.9,12.5,30.6,40909.25
Philippines,16-03-2020,26.8,22.7,24.2,8,19.6,46.1,40381.64
Philippines,17-03-2020,26.7,22.3,23.9,15,18.2,41.4,40999.61
Philippines,18-03-2020,28.3,22.1,24.9,0.3,17.7,42.8,41044.92
Philippines,19-03-2020,29.4,22.3,25.4,2.1,14.1,33.8,41090.29
Philippines,20-03-2020,30.4,22.4,25.9,1.3,11.5,30.6,41135.66
Philippines,21-03-2020,29.7,22.9,25.9,2.3,14,35.6,41181.02
Philippines,22-03-2020,30.1,23,26.2,3.1,12.5,33.1,41226.34
Philippines,23-03-2020,30.5,22.7,26.2,0.2,13.8,35.6,41271.59
Philippines,24-03-2020,30.4,23,26.1,0.1,15,37.8,41316.73
Philippines,25-03-2020,30,22,25.7,0,20.7,49.7,41361.75
Philippines,26-03-2020,30.9,22.6,26.2,0,16.9,42.8,41406.61
Philippines,27-03-2020,31.7,22.9,26.7,0,15.9,40.3,41451.27
Philippines,28-03-2020,31.4,23.3,26.9,0,13.7,35.6,41495.71
Philippines,29-03-2020,29.5,22.8,25.9,1.9,13.6,35.6,41539.91
Philippines,30-03-2020,31.9,23,27,0,15,38.5,41523.82
Philippines,31-03-2020,32.3,22.6,27,1.1,11.8,32.8,41627.43
Philippines,01-04-2020,32.2,23.5,27.3,0.8,14.3,36.7,41670.71
Philippines,02-04-2020,30.3,23.8,26.8,0.7,16.6,42.1,41713.62
Philippines,03-04-2020,30,24.1,26.3,1.7,17.8,43.9,40780.41
Philippines,04-04-2020,31.4,24,26.9,0,16.4,40,41798.18
Philippines,05-04-2020,31.9,22.1,26.5,0,15.3,36.4,41840.25
Philippines,06-04-2020,30.5,23.7,26.5,0.8,12.6,34.2,41882.26
Philippines,07-04-2020,30.9,22,26.4,0,9.2,27.4,41924.2
Philippines,08-04-2020,31.9,22.7,27.1,0.1,10.2,23.8,41966.04
Philippines,09-04-2020,32.4,23,27.4,0,9.1,25.6,42007.74
Philippines,10-04-2020,32.4,23.3,27.3,0,17.6,42.5,42049.29
Philippines,11-04-2020,30.5,23.7,26.9,3,11,30.6,41739.54
Philippines,12-04-2020,30.3,23.9,26.6,2.1,6.6,22.3,40439.79
Philippines,13-04-2020,30.3,23.5,26.2,4.1,13.8,32,40440.25
Philippines,14-04-2020,27.7,23.4,25.3,6.1,14,33.1,42108.75
Philippines,15-04-2020,30.5,23.3,26.5,3.4,8,24.1,42113.79
Philippines,16-04-2020,31.8,23.3,27.1,0.8,11.2,26.3,42119.06
Philippines,17-04-2020,31.5,24.1,27.2,2,12.2,33.1,42124.6
Philippines,18-04-2020,31.9,24.3,27.3,1.6,13.6,35.3,41813.39
Philippines,19-04-2020,32.7,24.5,28,0.5,13.9,35.3,42136.57
Philippines,20-04-2020,33.9,24.5,28.5,0,13,34.2,42143.08
Philippines,21-04-2020,32.4,24.5,27.9,0.9,13.6,35.6,42149.97
Philippines,22-04-2020,33.9,25,28.7,0,10,29.2,42157.27
Philippines,23-04-2020,33,24.7,28.3,0,16.1,41.8,42165.01
Philippines,24-04-2020,32.6,24.4,28.1,0.3,15.3,42.5,42173.04
Philippines,25-04-2020,32.2,25.1,27.8,1.7,18.2,43.6,42181.34
Philippines,26-04-2020,32.4,24.7,27.9,0.8,14.3,35.6,42189.89
Philippines,27-04-2020,33.1,24.5,28.2,0.1,17.3,41.8,42198.71
Philippines,28-04-2020,32.7,24.6,27.8,0.7,18.6,46.1,41656.92
Philippines,29-04-2020,32.5,24.6,27.6,2.7,14.8,36.4,42217.15
Philippines,30-04-2020,32.3,24.4,27.7,0.5,16.5,42.1,41258.16
Philippines,01-05-2020,33,24.3,27.9,1.8,14,35.3,42236.68
Philippines,02-05-2020,31.6,23.6,27,3.2,15.8,42.1,41398.52
Philippines,03-05-2020,32.3,24.9,27.8,2.1,12.8,37.4,42015.21
Philippines,04-05-2020,32.7,25.2,28.6,2.9,14.8,37.8,42268.01
Philippines,05-05-2020,32.9,25.5,28.7,1.5,15.6,40,42279
Philippines,06-05-2020,32.6,25.6,28.6,4.6,13.2,31.7,42290.27
Philippines,07-05-2020,32.7,24.9,28.7,1.1,11.5,26.3,42310.21
Philippines,08-05-2020,33.9,24.9,29,0.1,9.3,27.7,42319.8
Philippines,09-05-2020,34.2,24.6,28.8,0,10.2,29.9,42461.13
Philippines,10-05-2020,33.7,25,28.8,1.1,11,30.6,42406.73
Philippines,11-05-2020,33,25.3,28.5,2.8,9.5,28.4,42350.79
Philippines,12-05-2020,32.2,24.5,28.1,1.5,9.9,27.7,42430.19
Philippines,13-05-2020,32.4,24.8,27.9,6.5,14.6,38.5,42376.96
Philippines,14-05-2020,30.6,25.3,27,18.9,20.3,48.2,32946.04
Philippines,15-05-2020,25.4,24.5,24.8,96.8,56.1,144.7,0
Philippines,16-05-2020,28.7,24.1,26.1,16.9,16.9,42.1,38694.8
Philippines,17-05-2020,29.5,24.9,26.9,12.6,13.5,33.5,41934.23
Philippines,18-05-2020,30.2,25.1,27.5,1.5,11.1,28.4,42449.93
Philippines,19-05-2020,31,25.2,27.6,1.7,9.4,26.3,40873.25
Philippines,20-05-2020,30.6,25,27.8,1.6,10.5,28.1,42615.61
Philippines,21-05-2020,30.5,25.4,27.6,1.3,11.4,30.6,42497.88
Philippines,22-05-2020,29.7,25.2,27.2,17.2,11.9,31,42514.3
Philippines,23-05-2020,29.7,24.9,26.7,16.2,14.4,37.8,39848.6
Philippines,24-05-2020,31.3,24.7,27.8,3.9,10.2,25.9,42547.58
Philippines,25-05-2020,31.2,24.1,27.7,5,8.8,24.8,42564.35
Philippines,26-05-2020,30.6,25,27.6,2.5,9.7,25.9,42714.73
Philippines,27-05-2020,31.6,24.8,27.9,0,11.3,29.5,42885.16
Philippines,28-05-2020,30.3,25,27.2,4,13,31.7,42671.41
Philippines,29-05-2020,31.3,24.1,27.5,2.1,11.1,29.5,42842.21
Philippines,30-05-2020,32.2,25.3,28.1,0,10.1,27.4,42936.09
Philippines,31-05-2020,31.7,24.5,27.8,1,10.5,28.1,42415.97
Philippines,01-06-2020,30.4,24.5,27.3,1.2,7.6,26.6,42969.01
Philippines,02-06-2020,31.7,24.6,27.7,0.5,7.1,23.4,42753.5
Philippines,03-06-2020,31.2,24.8,28.2,1.7,5.6,18.7,42847.13
Philippines,04-06-2020,30.7,25.4,28.1,4.2,6.6,19.4,42940.93
Philippines,05-06-2020,32.2,24.7,28.4,1.7,7.6,23.8,42957.84
Philippines,06-06-2020,32.5,24.9,28.4,0.8,9.4,26.6,43051.5
Philippines,07-06-2020,31.6,25.4,27.8,6.3,9.8,28.8,41909.91
Philippines,08-06-2020,30.2,24.3,26.9,3.6,11.8,29.9,38879.57
Philippines,09-06-2020,31.5,24.3,27.2,4.2,11.1,34.6,42875.42
Philippines,10-06-2020,28.8,24,25.7,38.1,15.4,38.9,22165.62
Philippines,11-06-2020,25.2,23.7,24.3,40.8,18.1,55.1,0
Philippines,12-06-2020,25,23.5,24.3,33.2,18.1,46.1,23.17
Philippines,13-06-2020,29,23.9,26.2,2.3,15,37.1,30964.23
Philippines,14-06-2020,29.2,24.3,26.2,10.5,14,40,35638.02
Philippines,15-06-2020,29.5,23.7,26.2,9.3,9.8,27.7,30694.42
Philippines,16-06-2020,30.5,24.2,26.9,2.3,8.7,29.9,40113.88
Philippines,17-06-2020,30.4,24.3,27.1,2.2,10.5,27.4,43083.02
Philippines,18-06-2020,29.8,24.2,26.2,13,13.3,33.1,36936.16
Philippines,19-06-2020,27.2,23.4,25,44.9,11.8,29.5,20191.43
Philippines,20-06-2020,29.8,23.4,26.3,6.6,11,28.8,42920.78
Philippines,21-06-2020,30.1,24.4,27,1.9,9.3,24.8,43067.77
Philippines,22-06-2020,30.5,24.2,27.3,3.8,12.1,30.6,43012.21
Philippines,23-06-2020,30.2,25.1,27.5,0.7,11.4,27.7,43024.62
Philippines,24-06-2020,30.5,24,27.3,5.9,16.2,39.2,43102.81
Philippines,25-06-2020,30.8,23.8,26.5,8.8,14.4,36.4,38273.39
Philippines,26-06-2020,28.4,23.9,26,14.9,11.9,35.3,26413.92
Philippines,27-06-2020,29.5,23.7,26.1,13.3,13.2,34.2,42085.93
Philippines,28-06-2020,26.7,23.3,24.5,48.9,10.1,29.2,7120.64
Philippines,29-06-2020,28.6,23.4,26,2.7,14,34.2,32719.24
Philippines,30-06-2020,29.2,23.9,26.4,3.6,13.2,32.8,43085.51
Philippines,01-07-2020,30.1,24.7,27.1,7.4,8.9,24.8,43093.48
Philippines,02-07-2020,30.3,24.2,26.8,5.8,9.1,28.4,43100.84
Philippines,03-07-2020,29.6,23.1,26.2,8.4,10.5,28.4,41875.52
Philippines,04-07-2020,27.5,23.4,25.1,30.6,10.5,27.7,29645.18
Philippines,05-07-2020,29.1,23.6,25.7,10.1,9.5,26.3,33163.22
Philippines,06-07-2020,29.9,24.2,26.8,5,11.1,29.2,42735.37
Philippines,07-07-2020,30.9,24.1,27.1,2.1,11.3,29.5,43126.88
Philippines,08-07-2020,30.2,24.7,26.8,3.2,11.1,30.2,39576.47
Philippines,09-07-2020,30,24.4,26.9,1.5,10.9,28.8,39583.57
Philippines,10-07-2020,29.8,23.4,26.7,5.2,10.5,28.1,39338.9
Philippines,11-07-2020,29,22.9,25.8,15.7,7.6,19.8,40960.73
Philippines,12-07-2020,29.5,23.6,26.4,2.7,6.9,20.5,34146.58
Philippines,13-07-2020,28,24.2,25.5,8.6,9.6,25.6,1405.91
Philippines,14-07-2020,30.1,24.3,26.9,2.5,10.1,26.6,43125.13
Philippines,15-07-2020,30.4,24.5,26.8,7.1,8.3,24.5,42138.06
Philippines,16-07-2020,29.7,23.2,26.5,5.2,15.5,46.1,43116.98
Philippines,17-07-2020,29.9,24.3,26.8,11.1,9.7,29.5,39867.3
Philippines,18-07-2020,30.4,24.1,27,0.5,12.8,36.7,43105.77
Philippines,19-07-2020,29.1,23.7,25.9,20.3,10.6,33.1,33329.24
Philippines,20-07-2020,29.9,22.9,26,15.3,10,28.4,34388.19
Philippines,21-07-2020,28.5,24.5,25.9,28.1,14.8,39.6,32578.93
Philippines,22-07-2020,29.7,24,26.5,2.8,8.8,27,42361.82
Philippines,23-07-2020,31,24.5,27.2,2.8,10.8,28.1,43063.89
Philippines,24-07-2020,28.8,23.9,26.1,4.8,7.7,24.8,28440.17
Philippines,25-07-2020,29.8,23.8,26.4,5.8,8.9,20.5,37642.48
Philippines,26-07-2020,30.5,23.9,26.6,12.1,9.2,24.8,42173.28
Philippines,27-07-2020,29.6,23.9,26.2,9.2,4.7,20.5,41175.29
Philippines,28-07-2020,26.7,23.6,24.7,22.4,8.6,21.6,6539.29
Philippines,29-07-2020,26.1,23.5,24.3,24.8,10.2,25.2,0
Philippines,30-07-2020,27.5,23.5,25,21,21.1,49.3,28339.2
Philippines,31-07-2020,25.9,23.9,24.5,28.4,16.8,42.8,0
Philippines,01-08-2020,25.9,23.9,24.8,29.5,10.7,31.7,0
Philippines,02-08-2020,28.7,24.2,26,2.1,9.2,20.9,9976.4
Philippines,03-08-2020,29.6,23.4,26.2,6,8.5,25.6,31712.06
Philippines,04-08-2020,29.3,24.3,26,11.1,10.1,32.4,35125.23
Philippines,05-08-2020,28.1,23.3,25.6,27.8,16.9,40.3,38640.94
Philippines,06-08-2020,29.3,23.8,25.6,21.6,11.3,29.9,29358.5
Philippines,07-08-2020,26.7,23.5,24.8,17.2,17.3,41,10364.17
Philippines,08-08-2020,27.1,23.7,25.1,14,21.3,58,22068.31
Philippines,09-08-2020,28.2,24.7,26,15.9,26.4,60.5,21712.65
Philippines,10-08-2020,29.6,25.4,26.9,1,18,43.6,41861.73
Philippines,11-08-2020,28.8,23.6,26.5,9.3,11.6,31,42314.13
Philippines,12-08-2020,28.2,22.4,25.1,16.7,13.3,34.2,24096.76
Philippines,13-08-2020,27.4,23.8,24.7,19.7,8.4,23.8,11619.34
Philippines,14-08-2020,27.7,22.9,24.7,17.7,10.7,26.6,19631.43
Philippines,15-08-2020,25.9,22.8,24.5,13.1,4.7,13.3,938.21
Philippines,16-08-2020,27.8,23.8,25.6,16.2,5.8,19.4,28345.43
Philippines,17-08-2020,28.3,23.4,25.6,12.1,9.2,25.6,34627.44
Philippines,18-08-2020,27.4,22.9,24.9,25.8,9.8,25.9,19657.62
Philippines,19-08-2020,27.9,23,24.9,23.8,7.6,20.9,26752.51
Philippines,20-08-2020,25.7,22.5,24.2,49.7,11.5,29.5,188.08
Philippines,21-08-2020,29.3,23.5,26.3,2,18.1,43.2,42404.11
Philippines,22-08-2020,29.8,24.9,27,1.5,12.2,31,42370.82
Philippines,23-08-2020,29.4,25,26.8,1.4,11.3,28.1,41156.6
Philippines,24-08-2020,30.4,24.8,27.3,0.2,11.6,30.2,42301.47
Philippines,25-08-2020,30.2,24.6,27.3,0,15,36.7,42265.53
Philippines,26-08-2020,29.9,24.1,27.1,0.2,15.6,38.5,40962.73
Philippines,27-08-2020,30.7,24.6,27.2,0.1,11.5,27.7,42191.41
Philippines,28-08-2020,29.7,24.5,26.9,0.9,11.8,31,27456.27
Philippines,29-08-2020,28.9,25.2,27,0.1,16.2,37.8,3637.66
Philippines,30-08-2020,27.9,24.9,25.9,11.2,17.4,46.4,8656.97
Philippines,31-08-2020,29.3,24.4,26.4,6.1,14.5,43.6,37332.66
Philippines,01-09-2020,29.4,24.8,26.9,0.2,17.1,41.4,41996.05
Philippines,02-09-2020,30,24.1,26.9,2.9,13.4,33.5,41955.75
Philippines,03-09-2020,29.7,24.7,27.2,3.7,6.9,21.2,35348.86
Philippines,04-09-2020,31.1,24.7,27.8,1,8.7,18.7,41579.09
Philippines,05-09-2020,31,24.5,27.6,0.8,12,30.6,41833.5
Philippines,06-09-2020,29.9,25,27,8.6,12.2,31,36005.12
Philippines,07-09-2020,30.5,24.5,27,8.2,8.9,23.4,39615.14
Philippines,08-09-2020,30.4,23.4,26.5,11,7.9,24.8,38948.6
Philippines,09-09-2020,28.4,23.9,26,15.4,11.8,33.1,31642.1
Philippines,10-09-2020,29.3,23.2,26,5.7,7.5,24.5,39808.31
Philippines,11-09-2020,28.5,23.9,25.9,6.8,6.8,25.9,31065.79
Philippines,12-09-2020,27.2,23,25.1,22.6,6.5,17.6,1294.27
Philippines,13-09-2020,30.5,24,27,1.9,8.4,25.2,40240.83
Philippines,14-09-2020,29.5,24.7,26.4,10,13.1,35.6,37986.99
Philippines,15-09-2020,28.2,23.8,25.3,23.9,15.6,44.6,30087.79
Philippines,16-09-2020,26.7,23.7,24.8,15.8,18.4,42.8,2452.89
Philippines,17-09-2020,25.3,23.3,24.4,24.7,18.8,46.4,0
Philippines,18-09-2020,28.1,22.9,25,13,10.9,26.6,18328.02
Philippines,19-09-2020,29.4,23.3,26.2,1.7,12.2,31.3,40563.37
Philippines,20-09-2020,30,24.2,26.6,4.5,12.5,31.7,39834.96
Philippines,21-09-2020,29.4,24.1,26.1,3.5,11.9,32,35845.38
Philippines,22-09-2020,28.8,23.5,26.3,2,7.9,22.3,40546.25
Philippines,23-09-2020,29.6,23.8,25.9,9.5,9.2,28.4,33041.75
Philippines,24-09-2020,28.1,23.7,25.3,14.7,12.8,30.2,18749.1
Philippines,25-09-2020,28.4,23.6,25.2,15.2,8.7,23.4,14484.17
Philippines,26-09-2020,28.6,23.9,26,1.7,14.1,36.4,37343
Philippines,27-09-2020,30,23.9,26.8,1.3,8.7,26.6,40322.34
Philippines,28-09-2020,29.6,24.5,26.3,15.6,8,22.7,39288.74
Philippines,29-09-2020,28.6,23.4,25.9,9.5,11.1,28.1,39600
Philippines,30-09-2020,30.2,23.5,26.5,3.2,9.9,25.9,39872.59
Philippines,01-10-2020,29.6,24.1,26.5,1.8,7.8,22.3,38549.86
Philippines,02-10-2020,27.8,23.8,25.7,2.9,6.4,17.3,15489.73
Philippines,03-10-2020,30,23.8,25.8,14.3,10.7,29.5,28730.64
Philippines,04-10-2020,29.7,23.2,25.9,2.5,6.7,23,38425.14
Philippines,05-10-2020,29.3,23.7,25.9,7.4,8,28.1,36000
Philippines,06-10-2020,29.1,24,25.9,16.9,11.5,30.2,39048.89
Philippines,07-10-2020,28,23.7,25.3,28.2,11.6,28.1,28864.2
Philippines,08-10-2020,25.1,23.5,24.2,48.8,21.1,50,945.75
Philippines,09-10-2020,27,23.6,24.6,25.2,9.8,21.6,3322.74
Philippines,10-10-2020,27.9,22.7,24.6,18.5,8.8,26.6,20829.59
Philippines,11-10-2020,25.8,23.3,24.5,18.8,14.2,38.5,5245
Philippines,12-10-2020,27.8,23.6,25.1,15.7,9.4,22.3,11651.89
Philippines,13-10-2020,29.3,23.6,25.9,3.6,14.3,35.3,37263.25
Philippines,14-10-2020,24.5,23.3,24.1,56.7,23.5,58.7,0
Philippines,15-10-2020,28.1,23.9,25.3,11.2,17.6,41.4,25665.88
Philippines,16-10-2020,29,23.3,25.4,15.8,10.2,28.1,36974.41
Philippines,17-10-2020,28.3,23.1,25.2,9.8,7.4,22.7,39516.24
Philippines,18-10-2020,27.8,23.5,25.2,16.4,15.2,38.5,38205.41
Philippines,19-10-2020,28.4,23.8,25.2,7.4,18.7,49.7,30927.91
Philippines,20-10-2020,25.3,23.5,24.1,27,21.1,49,0
Philippines,21-10-2020,28.1,24.3,25.8,6.4,26.7,62.6,38845.16
Philippines,22-10-2020,27.9,24,25.8,3.7,23.3,55.4,39454.88
Philippines,23-10-2020,28.4,23.8,25.8,14.5,18.1,42.5,35840.83
Philippines,24-10-2020,28.4,23.5,25.2,28.3,11.2,24.8,35827.33
Philippines,25-10-2020,26.2,23.4,24.2,57.5,69.7,158.4,1575.94
Philippines,26-10-2020,25.6,23.8,24.4,53.9,65,157,1965.21
Philippines,27-10-2020,27.2,23.4,24.9,26.9,16.5,45,29946.06
Philippines,28-10-2020,29,23,25.1,11.5,6.9,20.2,38503
Philippines,29-10-2020,29.2,22.9,25.6,0.7,14.7,38.9,39344.91
Philippines,30-10-2020,28.8,23.8,25.8,2.2,18.4,44.3,39326.93
Philippines,31-10-2020,28.5,23.7,25.8,2.1,25.5,59,39308.36
Philippines,01-11-2020,24.6,22.5,23.7,280.8,85.3,192.2,0
Philippines,02-11-2020,27,23.6,25,6.2,22.2,51.5,21649.56
Philippines,03-11-2020,27.6,23.6,25.5,12.4,15.6,37.1,39249.12
Philippines,04-11-2020,26,22.8,24.3,14.2,11.5,26.6,1664.07
Philippines,05-11-2020,27.1,22.9,24.5,21.2,11.5,31,31855.63
Philippines,06-11-2020,28.4,22.4,25.4,0.6,14.3,35.3,39157.26
Philippines,07-11-2020,26,22.4,24.2,20.1,26.9,72.7,4250.45
Philippines,08-11-2020,28,23.9,25.7,2.4,29.9,72.4,32612.18
Philippines,09-11-2020,28.4,23.1,25.1,4.2,11.2,25.9,21465.96
Philippines,10-11-2020,28.7,23.4,25,11.8,15.5,40.3,35489.57
Philippines,11-11-2020,25,23.3,24,144.1,39.2,97.9,0
Philippines,12-11-2020,26.6,23.9,25.1,23.2,33.6,79.9,7592.78
Philippines,13-11-2020,29.1,23.8,26,3.5,15.8,37.8,38891.98
Philippines,14-11-2020,29,24.1,26.2,1.5,14.4,41,38855.63
Philippines,15-11-2020,28.6,23.9,25.8,0.4,18.5,44.3,38819.72
Philippines,16-11-2020,28.3,24.1,25.6,10.3,17.6,41.4,38784.29
Philippines,17-11-2020,28.9,23.5,25.8,0.7,16.1,38.5,38749.39
Philippines,18-11-2020,28.5,23.8,25.7,2.6,15.1,38.5,38715.08
Philippines,19-11-2020,28.3,23.8,25.5,2,17.3,41.4,38681.4
Philippines,20-11-2020,29.1,23.7,25.6,4.3,14.8,34.6,38648.4
Philippines,21-11-2020,28.6,23.6,25.8,1.3,20.3,48.2,38616.14
Philippines,22-11-2020,27.5,23.6,25,1.4,21.9,52.2,38584.66
Philippines,23-11-2020,27.4,23.4,24.9,2.1,27.4,64.1,38554.03
Philippines,24-11-2020,28.2,23.4,25.1,1.4,24.3,57.2,38524.29
Philippines,25-11-2020,27.9,23.5,25.2,0.4,24.6,56.9,38495.5
Philippines,26-11-2020,28,23.2,25.2,0.8,18.6,45.7,38467.71
Philippines,27-11-2020,27,23.9,24.9,31,16,39.6,23358.32
Philippines,28-11-2020,27.9,23.9,25.4,5.4,17.3,46.8,38034.72
Philippines,29-11-2020,26.9,23.3,24.6,9.2,23.2,52.9,38390.9
Philippines,30-11-2020,26.4,23.4,24.6,2.6,28.9,66.2,38367.65
Philippines,01-12-2020,26.8,23,24.5,3,30.1,69.8,36337.42
Philippines,02-12-2020,27.5,23.2,24.5,25.2,19.8,47.5,25740.71
Philippines,03-12-2020,27.6,23.4,24.8,12.6,12.1,31,20166.59
Philippines,04-12-2020,28,22.8,24.8,12.5,10.9,27,37681.29
Philippines,05-12-2020,28.2,23.3,25,6.3,12.7,31.3,36243.33
Philippines,06-12-2020,27.5,23.5,25.1,10.1,16.3,38.9,34514.96
Philippines,07-12-2020,27.4,23.6,24.9,6,18.7,42.5,18472.84
Philippines,08-12-2020,28.8,23,25.3,12.1,14.4,39.2,36185.61
Philippines,09-12-2020,27,23.1,24.4,62.6,16.5,37.8,23830.49
Philippines,10-12-2020,28.3,23.1,25.2,2,17.2,39.2,36366.39
Philippines,11-12-2020,29,23.1,25.6,1.2,8.7,23.4,37969.73
Philippines,12-12-2020,28.7,23.2,25.4,2.9,11.2,26.3,37961.57
Philippines,13-12-2020,28.3,22.9,25.3,2.8,12,27.7,38034.77
Philippines,14-12-2020,29.1,23.6,25.7,0,13.2,33.1,35236.2
Philippines,15-12-2020,27.8,23.7,25.5,1,16.8,42.1,37691.62
Philippines,16-12-2020,27.9,23.4,25.3,1,20.2,50.8,37116.91
Philippines,17-12-2020,26.7,23.3,24.4,12.7,20.1,52.2,37505.12
Philippines,18-12-2020,26.2,23.3,24.2,19.8,25.5,61.6,14400
Philippines,19-12-2020,25.3,23.2,24,43.1,19.1,58.3,2788.44
Philippines,20-12-2020,27.1,23.1,24.5,28.9,17.1,43.6,36000
Philippines,21-12-2020,28.3,23.4,25.2,1.1,13.4,37.8,36675.09
Philippines,22-12-2020,27.6,22.7,24.8,11.3,12.5,32.4,37520.71
Philippines,23-12-2020,28.5,23.4,25.4,0.7,13.7,33.8,37729.84
Philippines,24-12-2020,29,22.2,25.3,0,11.7,29.5,37701.51
Philippines,25-12-2020,28.1,23.4,25.3,0.4,21.3,48.6,35526.58
Philippines,26-12-2020,26.6,23.6,24.6,19.3,21.1,52.9,25121.9
Philippines,27-12-2020,26.3,23.2,24.2,42.2,19,52.6,15281.87
Philippines,28-12-2020,26.6,22.9,24.4,11.6,12.9,29.9,27442.5
Philippines,29-12-2020,28.8,23.4,25.8,1.4,7,20.5,37031.1
Philippines,30-12-2020,28.8,23.5,25.2,12.3,16.6,39.6,36920.1
Philippines,31-12-2020,24.1,22.3,23.3,21.9,28.3,65.5,2530.54
Philippines,01-01-2021,24.7,21.9,22.7,17.5,31.5,72,8788.58
Philippines,02-01-2021,24.9,22,23.4,14.3,26.5,63.7,22198.05
Philippines,03-01-2021,26.3,23.4,24.3,9,20.5,51.1,24492.53
Philippines,04-01-2021,27,23.4,24.6,10.7,20.1,50,35496.88
Philippines,05-01-2021,28.4,23.2,25.2,0.1,15.8,37.1,37275.23
Philippines,06-01-2021,26.7,23,24.5,1.2,21.6,50.8,37059.2
Philippines,07-01-2021,27.1,22.9,24.4,1.6,20.5,48.2,36928.25
Philippines,08-01-2021,25.5,22.5,23.7,11.4,23.2,54.4,11330.2
Philippines,09-01-2021,23,21.5,22.2,30.6,25.1,59,0
Philippines,10-01-2021,23.7,21.6,22.3,2.2,31.6,72.4,31969.87
Philippines,11-01-2021,22,20.9,21.4,13.1,21.4,54,2813.24
Philippines,12-01-2021,24.7,21.1,22.5,3.6,24.9,57.6,21487.14
Philippines,13-01-2021,25.9,21.9,23.4,0,23.6,54.4,36603.36
Philippines,14-01-2021,24.6,22.3,23.3,7.9,19.8,47.5,2467.7
Philippines,15-01-2021,24.8,22.4,23.2,76,21.9,49.3,4354.43
Philippines,16-01-2021,25.2,21.7,23,9,23.3,54,11700.03
Philippines,17-01-2021,26,21.7,23.2,7.8,22.6,52.9,17092.49
Philippines,18-01-2021,26.3,22.2,23.9,3.2,25.6,58.7,33233.68
Philippines,19-01-2021,24.2,22.5,23.1,34.5,21.7,52.2,0
Philippines,20-01-2021,26,22.6,23.9,12.4,20.2,48.6,6259.51
Philippines,21-01-2021,27.5,22.9,24.5,15.3,11,28.8,23645.64
Philippines,22-01-2021,27.5,21.9,24.4,20.7,10.8,32.8,36590.75
Philippines,23-01-2021,28.1,22.9,25,2.1,9.5,25.6,36582.81
Philippines,24-01-2021,28.1,21.9,24.8,1.7,10.8,26.6,37650.54
Philippines,25-01-2021,28.5,22.9,25.1,0,13.8,34.9,38169.52
Philippines,26-01-2021,28.3,22.6,24.8,0,14.3,36,38087.77
Philippines,27-01-2021,27.4,22.3,24.2,3.2,16.9,38.9,37440.35
Philippines,28-01-2021,25.6,22.8,23.8,3.9,23.1,52.6,30256.59
Philippines,29-01-2021,26,21.9,23.5,1,29.6,67.7,37899.32
Philippines,30-01-2021,24.1,21.8,22.8,0.5,32.1,73.1,37703.2
Philippines,31-01-2021,24.8,20.7,22.3,2.2,27,61.9,37737.96
Philippines,01-02-2021,26.3,21.1,23.4,0.2,20.1,47.5,38197.88
Philippines,02-02-2021,26.3,21.8,23.8,0.3,22.5,53.3,37870.45
Philippines,03-02-2021,26.5,22.5,23.9,2,24.6,57.2,37906.71
Philippines,04-02-2021,24.2,22.2,22.9,12.5,22,51.5,13878.48
Philippines,05-02-2021,25.6,22.2,23.6,16.1,25.2,61.6,35710.8
Philippines,06-02-2021,27.2,22.3,24.3,0.6,18.8,45.4,37869.94
Philippines,07-02-2021,27.9,22.6,24.7,0.9,21.9,51.8,38590.92
Philippines,08-02-2021,26.9,23.1,24.4,2.6,23.4,54.7,16923.54
Philippines,09-02-2021,23.8,22.1,22.9,13.4,21.8,53.3,90.51
Philippines,10-02-2021,25.7,19.9,22.9,7.1,24.7,59.8,22990.12
Philippines,11-02-2021,27.7,21.8,24.7,1.4,10.1,26.6,38727.86
Philippines,12-02-2021,28.4,22.2,24.9,4.7,11.8,26.6,37806.11
Philippines,13-02-2021,27.4,22.6,24.4,0.8,16.1,38.9,38281.03
Philippines,14-02-2021,27.2,22.4,24.4,0.2,15.2,36.4,35105.12
Philippines,15-02-2021,27,21.7,24.1,0.6,14.3,34.2,39439.16
Philippines,16-02-2021,27.5,22.2,24.3,0,18.6,45,38939.21
Philippines,17-02-2021,27.1,21.3,24,0,21.6,50.4,39707.8
Philippines,18-02-2021,26.6,21.4,23.6,0.1,26.7,61.9,38657.89
Philippines,19-02-2021,24.5,20.6,22.1,3.3,30.2,72.4,38149.2
Philippines,20-02-2021,24,20.9,22.1,0,25,57.2,15769.88
Philippines,21-02-2021,24.1,21.7,22.6,9.5,21.5,50.4,9327.93
Philippines,22-02-2021,25.5,22.2,23.3,71.4,32.4,78.5,7338.82
Philippines,23-02-2021,28.3,22.9,25,2.9,11.8,34.9,39840.46
Philippines,24-02-2021,28.9,23,25.3,0.9,11.2,29.2,39748.73
Philippines,25-02-2021,29.5,21.5,25.1,0,10.5,28.1,40068.54
Philippines,26-02-2021,29.2,22.1,25.1,1.1,8.7,24.1,40114.79
Philippines,27-02-2021,28.7,22.5,25,7,10.4,24.8,36742.93
Philippines,28-02-2021,27.7,23.2,24.8,15.8,11.4,34.2,39703.57
Philippines,01-03-2021,29.5,22.6,25.5,0,12.1,31,40254.09
Philippines,02-03-2021,29.7,22.5,25.4,1,12.8,29.5,40300.58
Philippines,03-03-2021,27.8,21.7,24.6,3.4,19.1,46.1,40347.04
Philippines,04-03-2021,28.5,22.8,25.1,0.7,17.3,41.8,40393.42
Philippines,05-03-2021,27.9,22.3,25,0.7,18.8,44.6,40439.71
Philippines,06-03-2021,28.2,22.5,25,0.1,17.4,41.8,40485.85
Philippines,07-03-2021,28,22.6,24.8,0.3,19.4,47.2,40531.82
Philippines,08-03-2021,27.3,22.6,24.4,1.2,20.2,47.9,40577.58
Philippines,09-03-2021,27.3,22.4,24.5,1.1,20.4,50.4,40315.17
Philippines,10-03-2021,27.7,22.5,24.7,1.1,23.8,57.6,40668.3
Philippines,11-03-2021,26.9,22.7,24.2,7.7,25.2,60.8,32618.62
Philippines,12-03-2021,25.4,22.6,23.5,10.4,20.7,49,0
Philippines,13-03-2021,24.3,22.6,23.2,22.8,20.5,51.1,7907.14
Philippines,14-03-2021,26.4,22.2,23.9,14.3,15.7,36.7,36265.61
Philippines,15-03-2021,27.6,22.3,24.6,7.4,10.9,28.1,27113.98
Philippines,16-03-2021,28.4,22.3,25.2,6.6,9.1,25.2,38087.41
Philippines,17-03-2021,29.7,22.9,25.8,1.9,9.8,25.9,40988.66
Philippines,18-03-2021,30.1,23,26.3,1.3,10.3,27.7,41034.54
Philippines,19-03-2021,29.3,23.5,25.6,6.8,10.1,27.4,39656.82
Philippines,20-03-2021,29,23.6,25.5,7,11.5,28.8,39952.47
Philippines,21-03-2021,28.7,23.3,25.5,3.2,11.3,35.6,39737.96
Philippines,22-03-2021,27.5,23.7,25.1,11.5,18.9,42.5,40928.38
Philippines,23-03-2021,27,23,24.6,8.8,23.2,54.4,39659.4
Philippines,24-03-2021,27.9,23.2,25.3,1.7,14.6,40.3,41307.42
Philippines,25-03-2021,29.3,23.5,25.8,0,17.3,41.4,41352.21
Philippines,26-03-2021,28.2,23.2,25.3,6.3,19.4,47.5,41349.56
Philippines,27-03-2021,29.7,23,25.7,2.9,10.3,27.7,41440.94
Philippines,28-03-2021,29.9,22.3,26,0.3,10.4,27.4,41484.83
Philippines,29-03-2021,30,22.5,26.3,0.2,10.4,28.8,41528.3
Philippines,30-03-2021,30.1,23.2,26.1,3.4,10.9,29.2,41571.41
Philippines,31-03-2021,30.2,23.7,26.3,0.8,14.5,36.4,41614.53
Philippines,01-04-2021,30,23.7,26.3,0,16.4,40.3,41657.64
Philippines,02-04-2021,29.5,22.7,26,0,15,37.1,41700.73
Philippines,03-04-2021,30.6,23.2,26.5,0,14.9,35.3,41743.74
Philippines,04-04-2021,29,23.3,25.9,1.2,15.3,37.8,41786.67
Philippines,05-04-2021,28.7,22.4,25.4,1.2,17.8,43.2,41829.48
Philippines,06-04-2021,28.5,23,25.1,2,20.6,50.4,41872.14
Philippines,07-04-2021,28.8,23.1,25.2,0.2,19.7,47.5,41914.63
Philippines,08-04-2021,29.2,22.6,25.4,0,15.5,38.2,41956.91
Philippines,09-04-2021,29.4,22.5,25.5,0.1,15.1,37.8,41998.97
Philippines,10-04-2021,29,23.4,25.7,0.7,18.6,45,42040.76
Philippines,11-04-2021,29.4,23,25.6,0.3,17.7,43.9,41994.78
Philippines,12-04-2021,29.8,22.7,25.8,0,17.1,41.8,42095.44
Philippines,13-04-2021,30,23.4,26,2.9,14.3,36.4,40701.77
Philippines,14-04-2021,28.8,23.2,25.7,2.3,13.7,34.2,42105.31
Philippines,15-04-2021,28,23.5,25.5,10,13,33.8,41358.62
Philippines,16-04-2021,29.3,23.2,26,0.6,18.6,45,42116.46
Philippines,17-04-2021,29.5,23.6,25.8,0.3,21.9,52.2,42122.6
Philippines,18-04-2021,28.1,23.6,25.2,7.2,28.4,67.3,16943.12
Philippines,19-04-2021,27.2,22.4,24.3,32,24.5,63.7,4182.6
Philippines,20-04-2021,28.1,23.9,25.6,0.3,16.3,41.4,6381.42
Philippines,21-04-2021,29.7,24.4,26.5,0.5,12.4,33.5,35761.66
Philippines,22-04-2021,29.9,24.6,26.9,0.2,13,36,42157.16
Philippines,23-04-2021,29.8,24.3,26.6,1.4,14.5,38.9,42164.64
Philippines,24-04-2021,29.9,23.9,26.4,1.8,10.3,32,42172.33
Philippines,25-04-2021,28.7,23,25.2,2.7,13,31,42018.98
Philippines,26-04-2021,27.6,23.1,25.1,2.2,15.1,37.1,42188.39
Philippines,27-04-2021,28,22.8,24.9,2.8,15.9,39.2,42196.79
Philippines,28-04-2021,28.6,22.3,25.2,1.6,15.8,38.9,39823.53
Philippines,29-04-2021,30.4,21.8,25.5,0,8,24.1,42214.36
Philippines,30-04-2021,30.5,21.7,26.4,0,8.2,24.1,42223.57
Philippines,01-05-2021,31.2,23,26.7,0,8.8,25.2,42254.62
Philippines,02-05-2021,31.5,23.8,27.1,0,13.7,32.4,42242.85
Philippines,03-05-2021,30.5,24.3,26.7,0.8,21.2,51.1,42252.95
Philippines,04-05-2021,29.6,24.2,26.6,7.8,18.4,48.2,42263.38
Philippines,05-05-2021,31.1,24.4,27.3,0.2,18.9,51.5,42274.14
Philippines,06-05-2021,30.2,24.9,27.2,0.4,20.2,49,42285.23
Philippines,07-05-2021,31.7,24.4,27.5,0.2,15.3,39.2,42296.68
Philippines,08-05-2021,29.5,24.4,26.8,22.4,12.5,36.7,42308.5
Philippines,09-05-2021,30.9,23.7,27.2,1.7,13,35.3,42325.16
Philippines,10-05-2021,30.4,23.9,26.4,12.8,11,34.9,38014.66
Philippines,11-05-2021,30.5,23.7,26.3,6.7,11.6,37.1,31186.56
Philippines,12-05-2021,30.7,24.2,26.9,2.4,14.8,39.6,42360.21
Philippines,13-05-2021,31,24.2,27.2,0,16,40,42439.91
Philippines,14-05-2021,30.4,24.8,27,1.9,17.7,45.4,42453.16
Philippines,15-05-2021,30.1,24.7,27.2,11.4,15.3,41.4,42537.84
Philippines,16-05-2021,31.1,24.8,27.6,1.8,13.6,36.4,42480.63
Philippines,17-05-2021,31.2,24.4,27.1,6.3,15.9,42.1,42567.36
Philippines,18-05-2021,29.9,24.4,26.9,16.4,15.5,44.6,42448.05
Philippines,19-05-2021,30.3,24.6,27.2,0.7,15.5,37.8,39172.32
Philippines,20-05-2021,30.3,24.7,27,8.1,10.3,31.7,40588.05
Philippines,21-05-2021,30.2,23.8,26.7,7,7.4,22.3,42494.86
Philippines,22-05-2021,30.1,24.2,26.9,4.1,8.5,24.8,42510.69
Philippines,23-05-2021,31.2,24.2,27.4,0.9,7.8,26.6,42660.19
Philippines,24-05-2021,30.3,24.1,26.8,3.7,4.7,21.6,42752.12
Philippines,25-05-2021,31.7,23.9,27.6,1,8.5,27.4,42768.3
Philippines,26-05-2021,29.5,24.5,26.8,6,10.2,27,41293.14
Philippines,27-05-2021,31.4,24.3,27.9,0.7,9.3,26.3,42800.52
Philippines,28-05-2021,31.6,25.2,27.9,3.1,8.7,30.6,42605.96
Philippines,29-05-2021,31.3,24.4,27.9,3.9,6.6,19.4,42622.13
Philippines,30-05-2021,29.9,24.1,27,6.3,10.6,28.1,41409.53
Philippines,31-05-2021,30.4,24.2,27.6,4.5,8.9,20.9,42789.5
Philippines,01-06-2021,31.5,24.1,27.6,5.4,16,37.8,41234.44
Philippines,02-06-2021,26.9,24.3,25.1,32.8,34.1,89.3,5762.68
Philippines,03-06-2021,29.2,25.4,27,2.3,19,46.1,40400.18
Philippines,04-06-2021,29.9,25.4,27.4,2.8,17.7,42.1,42783.63
Philippines,05-06-2021,28.9,25.2,26.8,8.6,12.4,31.3,37113.79
Philippines,06-06-2021,29.2,24.1,26.5,4.4,10.4,25.6,36476.93
Philippines,07-06-2021,28.7,23.6,25.8,20.7,10.7,27,32936.13
Philippines,08-06-2021,27.7,23.5,25.3,17.9,12,29.9,28559.15
Philippines,09-06-2021,27,23.6,25.1,23.8,12.8,32.4,22780.74
Philippines,10-06-2021,26.6,23.7,25,15.5,10.9,26.6,4411.08
Philippines,11-06-2021,27.8,24,25.4,14.6,11.6,28.4,26269.75
Philippines,12-06-2021,27,23.3,25.1,21.2,10.9,27.4,12809.79
Philippines,13-06-2021,26.6,23.3,24.8,28.1,9.6,30.6,12712.75
Philippines,14-06-2021,29.2,23.6,26.4,0.4,13.2,33.5,41999.43
Philippines,15-06-2021,29.6,24.1,26.8,0,15.4,38.2,43120.45
Philippines,16-06-2021,29.9,24.9,27.1,0.1,14.3,35.3,42990.04
Philippines,17-06-2021,29.9,24.6,27.1,1.1,12.6,32,43004.15
Philippines,18-06-2021,30.8,24.8,27.7,0.5,11.9,29.5,43018.15
Philippines,19-06-2021,28.9,25,26.7,5.7,18.6,45,43032.15
Philippines,20-06-2021,28.8,24.2,26.3,4.7,20.9,50,31039.31
Philippines,21-06-2021,28.4,23.9,25.7,10.5,23.1,52.2,33372.61
Philippines,22-06-2021,28.5,23.9,26.1,3.3,19.6,45,38563.97
Philippines,23-06-2021,29.5,24.6,26.9,1.3,15.1,37.4,43012.87
Philippines,24-06-2021,29.9,23.5,26.5,1.1,8.9,25.2,38251.32
Philippines,25-06-2021,29.8,24,26.6,3.8,11.5,30.2,43097.68
Philippines,26-06-2021,30.2,23.6,26.5,9.2,6.3,19.8,37465.48
Philippines,27-06-2021,29.8,24.1,26.6,4.7,5.5,23.8,43058.54
Philippines,28-06-2021,30.2,24,26.8,2.4,12,32,43083.87
Philippines,29-06-2021,29.9,23.1,26.3,4.4,11.9,30.6,42931.16
Philippines,30-06-2021,30.3,24.1,27.3,3.4,9.4,25.9,43105.36
Philippines,01-07-2021,30.2,24.7,26.8,7.6,7.3,24.8,36106.27
Philippines,02-07-2021,30,23.7,26.2,8.2,10,28.8,41772.14
Philippines,03-07-2021,26.4,23.5,24.6,33.2,14.1,31.7,9662.25
Philippines,04-07-2021,28,23.5,25.3,9.2,14,34.6,37704.7
Philippines,05-07-2021,27.8,23.7,25.4,9.1,21.3,49.3,36834.77
Philippines,06-07-2021,28.5,24.2,25.8,3.2,11.4,28.4,14280.52
Philippines,07-07-2021,29.6,23.2,26,6.6,13,36.4,43124.95
Philippines,08-07-2021,30.1,24,26.4,3.1,13.5,36.7,43126.73
Philippines,09-07-2021,29,23.8,26.1,6.2,10.8,33.1,43127.91
Philippines,10-07-2021,27.7,24.2,25.5,21,11.8,34.9,23789.93
Philippines,11-07-2021,29.9,24.2,26.4,4.8,12.6,38.5,43128.33
Philippines,12-07-2021,29.1,23.9,26.2,6.6,12,37.8,33915.31
Philippines,13-07-2021,28.1,24.1,25.3,17.6,11.2,28.4,16527.3
Philippines,14-07-2021,29.7,23.7,26,7.2,9.2,24.8,33506.97
Philippines,15-07-2021,28.8,23.8,25.9,14,7.8,22.7,39035.64
Philippines,16-07-2021,28.4,23.5,25.9,5.7,11,27.4,35453.62
Philippines,17-07-2021,27.8,24.1,25.6,13.9,17.3,40.3,36045.96
Philippines,18-07-2021,27.9,24.4,26.1,3.7,24.6,57.2,39454.07
Philippines,19-07-2021,28.4,25.4,26.5,4,26.9,64.8,34248.43
Philippines,20-07-2021,28.9,24.5,26.2,8.7,22.6,58.7,26264.02
Philippines,21-07-2021,26.4,24,25.2,15,22.3,63,6594.28
Philippines,22-07-2021,26.5,24.1,25,16.5,28.4,73.1,3283.57
Philippines,23-07-2021,27.5,24,25.9,15.4,31,69.8,25786.02
Philippines,24-07-2021,27.8,24.8,26.1,6,31.3,74.5,32178.89
Philippines,25-07-2021,27.8,25.2,26.4,4.9,29.2,66.6,25423.26
Philippines,26-07-2021,29.4,26.3,27.4,0,26.8,62.6,37027.03
Philippines,27-07-2021,29.1,25.8,27.1,3.2,29,72.4,43020.28
Philippines,28-07-2021,28,25.2,26.2,9.4,31.6,72.7,30458.73
Philippines,29-07-2021,28.2,25.5,26.7,0.4,27.7,65.2,30199.04
Philippines,30-07-2021,29.3,25.8,27.2,0.2,25.9,60.1,42973.98
Philippines,31-07-2021,28.9,25.6,27,1.1,24.7,57.2,42956.65
Philippines,01-08-2021,29.2,25.7,27.2,1.2,25,59,42938.41
Philippines,02-08-2021,29.1,26,27.2,0.3,28,65.2,38293.84
Philippines,03-08-2021,28.7,25.8,26.9,0.9,29.1,66.6,35685.4
Philippines,04-08-2021,29.1,25.5,27,0.2,28.7,66.6,33051.48
Philippines,05-08-2021,29.2,25.6,27.2,1.6,29.5,69.5,42856.89
Philippines,06-08-2021,29.4,25.9,27.3,0,28.4,67,42834.48
Philippines,07-08-2021,30,25.6,27.4,0.1,24.5,58.3,42811.31
Philippines,08-08-2021,29.7,25.5,27.3,0,19.1,47.2,42787.41
Philippines,09-08-2021,29.5,24.4,26.5,6.7,10.9,25.9,37545.64
Philippines,10-08-2021,26.5,23.2,24.9,13.8,12.9,29.9,10536.78
Philippines,11-08-2021,29.4,23.6,26.2,3.3,13.7,34.2,39111.5
Philippines,12-08-2021,30.4,24.2,27.1,0.9,5.9,18.7,36000
Philippines,13-08-2021,29.8,24.4,26.9,9.3,6,22.7,39468.71
Philippines,14-08-2021,28.3,23.6,26.1,8.3,8,23.4,29825.51
Philippines,15-08-2021,29.3,22.8,24.9,20.6,8.5,23.4,30793.51
Philippines,16-08-2021,29.7,23.4,26.7,1.3,8.4,20.9,42572.4
Philippines,17-08-2021,28.9,24.2,26.2,2,7.3,24.5,34222.02
Philippines,18-08-2021,28.6,23.5,25.5,14.7,6.6,20.2,31843.55
Philippines,19-08-2021,29.6,23.1,25.8,11.4,7.4,17.6,34881.34
Philippines,20-08-2021,29.2,22.9,25.4,17.2,6.6,18.4,26616.33
Philippines,21-08-2021,28.1,23.8,25.7,18,7.4,22,28283.74
Philippines,22-08-2021,29.1,23.3,26,8.4,9.8,24.8,41448.59
Philippines,23-08-2021,28.8,23.6,25.9,8.4,8,27.4,30006.18
Philippines,24-08-2021,27.9,23.1,25.1,17.3,9.4,24.8,23674.37
Philippines,25-08-2021,28.7,23.2,25.1,18.2,9.6,32,35035.12
Philippines,26-08-2021,25.6,23.2,24.3,11.2,12.3,36.7,3391.43
Philippines,27-08-2021,29.2,22.8,25.3,17,10.7,35.3,35118.62
Philippines,28-08-2021,29.5,23.5,25.7,26.6,12.2,32.4,36070.11
Philippines,29-08-2021,29.1,22.8,25.5,18.4,8.4,28.4,37365.76
Philippines,30-08-2021,28.9,22.8,25.8,7.4,6.9,20.5,32610.77
Philippines,31-08-2021,27.8,23.9,25.7,12.1,7.9,25.2,21529.34
Philippines,01-09-2021,27.2,23.6,25.2,7.8,9,22.3,745.24
Philippines,02-09-2021,28.5,23.7,25.8,5.3,4.7,16.9,34625.67
Philippines,03-09-2021,29.9,23.4,26.1,2.7,8.9,26.6,41926.35
Philippines,04-09-2021,29.2,23.2,25.7,9.7,11.6,30.2,39831.42
Philippines,05-09-2021,29.9,23.5,26.1,6.4,8.3,22,35956.09
Philippines,06-09-2021,29.6,23.7,25.6,12.8,12.3,33.8,32400
Philippines,07-09-2021,26.7,23.8,24.7,76.5,45.5,105.5,6189.57
Philippines,08-09-2021,26.6,23.7,24.8,53.5,41.4,95.4,6092.17
Philippines,09-09-2021,28.6,23.7,25.9,3.7,21,49.3,38617.21
Philippines,10-09-2021,26.9,24.2,25,25.3,26.2,60.5,17040.59
Philippines,11-09-2021,27.2,23.8,25.5,11.5,25.3,59.4,5609.63
Philippines,12-09-2021,28.7,24.9,26.5,1.3,16.6,38.9,35320.04
Philippines,13-09-2021,29.2,25,26.6,3.8,10.7,28.8,28644.19
Philippines,14-09-2021,29.8,23.3,26.1,5.1,8.3,25.2,37620.05
Philippines,15-09-2021,29.8,24,26.2,7.3,10.9,28.8,40022.36
Philippines,16-09-2021,27.3,23.5,25,28.1,10.2,32.4,32190.75
Philippines,17-09-2021,28.6,23.5,25.5,20.1,13,41,34349.88
Philippines,18-09-2021,29.7,23.2,26.1,5.6,10.1,32.8,40461.75
Philippines,19-09-2021,25.2,23.7,24.5,14,10.2,24.8,3411.76
Philippines,20-09-2021,28.4,23.1,25.1,17,10.2,31,27879.48
Philippines,21-09-2021,28.8,23.2,25.6,8.7,12.6,38.9,34782.17
Philippines,22-09-2021,28.5,23.4,25.5,9.7,12.7,34.9,26473.81
Philippines,23-09-2021,29.7,23.4,26.1,9.4,12,36.7,40022.27
Philippines,24-09-2021,28.1,23.4,25.7,2.9,18.1,43.2,38723.98
Philippines,25-09-2021,28.7,23.8,26,12.3,13,34.6,39626.71
Philippines,26-09-2021,30.1,24.1,26.5,1.9,9.3,25.2,39955.59
Philippines,27-09-2021,28.8,23.9,25.9,5.7,9.2,21.2,36000
Philippines,28-09-2021,30,23.5,25.6,32.3,7.2,24.8,25381.53
Philippines,29-09-2021,29.8,23.8,26.4,2.3,10.1,24.5,39237.05
Philippines,30-09-2021,27.7,24.3,25.7,15.8,12.9,29.9,39600
Philippines,01-10-2021,29.1,23.5,26.1,2.3,8.8,23.8,24017.07
Philippines,02-10-2021,28.7,23.9,25.7,20.7,8.4,21.6,20363.43
Philippines,03-10-2021,28,23.9,25.5,31.1,12.7,30.6,25599.89
Philippines,04-10-2021,27.3,23.9,25.1,21,19.6,50.4,6143.99
Philippines,05-10-2021,26.7,23.7,24.5,19,15.5,44.6,2449.2
Philippines,06-10-2021,26.8,23.9,25.2,8.4,16.6,38.2,3600
Philippines,07-10-2021,28.8,23.6,26.2,1,6.5,19.8,22305.79
Philippines,08-10-2021,27.6,23.4,25.4,2.4,9.2,28.4,5942.4
Philippines,09-10-2021,30.1,22.8,26,3.4,14.8,46.8,39078.84
Philippines,10-10-2021,29.1,24.6,26.6,3.6,17.8,42.8,39578.59
Philippines,11-10-2021,29,25.4,26.6,2.4,26.2,67.3,34498.23
Philippines,12-10-2021,27.3,24.1,25.4,26.6,27.8,65.5,19683.98
Philippines,13-10-2021,27.1,23.7,25.1,13.9,22.3,51.8,24556.44
Philippines,14-10-2021,28,23.5,25.4,12.1,8.3,18,5620.18
Philippines,15-10-2021,28,22.3,24.3,22.5,6.6,19.1,17397.31
Philippines,16-10-2021,29.2,22.4,25.2,6,8.8,23.8,39527.14
Philippines,17-10-2021,28.6,22.9,25.1,16.5,14.8,34.9,33890.54
Philippines,18-10-2021,27.8,23,25.3,7.7,16.6,39.6,34190.36
Philippines,19-10-2021,28.9,24.3,26.3,5.3,16.4,38.5,39493.97
Philippines,20-10-2021,26.4,23.5,24.8,12.5,14.6,32.8,4560.83
Philippines,21-10-2021,28.5,23.8,25.3,11.9,13.1,32.8,29549.27
Philippines,22-10-2021,29.5,23.7,26,0.4,18.1,41,39456.59
Philippines,23-10-2021,26.8,24,24.9,12.4,20.7,47.9,19595.34
Philippines,24-10-2021,26.4,23,24.6,24.2,13,29.9,9913.99
Philippines,25-10-2021,26.9,23.2,24.6,17.2,10.5,24.5,19731.08
Philippines,26-10-2021,28.1,23.4,25.6,5.7,16.5,40,34389.29
Philippines,27-10-2021,27.7,23.7,25.5,7.4,19.1,45.4,39383.66
Philippines,28-10-2021,28.9,23.3,25.3,2.1,19.6,45,39367.32
Philippines,29-10-2021,27.7,22.7,25.4,1.2,21.9,51.8,39350.37
Philippines,30-10-2021,29,23.7,25.7,1,19.9,43.9,39332.78
Philippines,31-10-2021,28.7,23.6,25.7,0.2,21.1,47.9,39314.55
Philippines,01-11-2021,28.9,23.2,25.6,0.4,22.9,50.4,39295.65
Philippines,02-11-2021,28.6,23.6,25.9,0.3,21,47.5,39276.08
Philippines,03-11-2021,27.7,24.2,25.5,5.6,23.8,52.9,39255.83
Philippines,04-11-2021,28.4,23.9,25.6,1.4,22.5,51.5,39234.88
Philippines,05-11-2021,27.7,23.9,25.3,8,18.5,45.4,34394.41
Philippines,06-11-2021,29.4,23.2,26.2,2.2,10.9,27.4,39170.46
Philippines,07-11-2021,27.4,24.2,25.7,19.6,17.7,41,25805.19
Philippines,08-11-2021,28.7,24.5,26,2.6,16.3,37.4,39091.36
Philippines,09-11-2021,28.6,23.5,25.9,1.1,22.2,51.1,37485.24
Philippines,10-11-2021,28.9,24.5,26.3,0.8,18.9,42.8,39013.37
Philippines,11-11-2021,29.1,24.8,26.2,2.3,16.9,37.1,38974.92
Philippines,12-11-2021,27.9,24.1,25.4,14.2,18.9,45.7,33133.67
Philippines,13-11-2021,27.6,23.7,25.4,13.6,16.8,38.5,35299.34
Philippines,14-11-2021,27.9,23.8,25.6,7.1,13.8,32,38475.73
Philippines,15-11-2021,29.3,24,26,1.8,18.4,41.4,38825.86
Philippines,16-11-2021,28,23.7,25.6,16.1,17,39.6,38790.04
Philippines,17-11-2021,28.9,24.2,25.6,11.4,17.8,40.7,38731.86
Philippines,18-11-2021,28.9,23.4,25.6,0.1,14.8,36,32811.88
Philippines,19-11-2021,27,23.4,24.5,12.3,18.5,43.6,22162.32
Philippines,20-11-2021,27.3,23,24.9,9.1,15,33.8,35943.86
Philippines,21-11-2021,29.7,23.2,25.9,3.4,9.1,23.4,38622.17
Philippines,22-11-2021,29,23.4,25.7,4.1,11.2,25.6,37660.12
Philippines,23-11-2021,27.9,23.7,25.2,7.3,20.4,45,35752.72
Philippines,24-11-2021,28.1,23.4,25.4,5.9,19.9,46.1,31065.37
Philippines,25-11-2021,28.2,23.4,24.9,23.6,19.6,42.8,27925.29
Philippines,26-11-2021,27.5,23.5,25,27.5,16.1,37.1,28509.76
Philippines,27-11-2021,28.8,23,25.7,5.1,15.5,37.8,29542.19
Philippines,28-11-2021,27.4,23.5,25.2,9.9,13.8,34.9,35863.46
Philippines,29-11-2021,29.5,23.3,26,1,9.5,22,38399.9
Philippines,30-11-2021,29.8,22.4,25.9,3.4,9,23.8,38375.59
Philippines,01-12-2021,27.1,22.9,25,4.1,22,52.9,34752.09
Philippines,02-12-2021,27.5,23.3,24.6,1,25.9,55.8,38196.8
Philippines,03-12-2021,26.5,22.6,24.1,0.3,23.7,52.6,38307.72
Philippines,04-12-2021,25.8,21.8,23.6,1.7,22.5,52.9,38286.92
Philippines,05-12-2021,26.7,21.3,23.8,0.5,23.7,52.9,38267.09
Philippines,06-12-2021,26.8,22,24,0.4,16.5,38.9,38248.27
Philippines,07-12-2021,26.4,22,24.2,1.7,27.5,61.9,38230.49
Philippines,08-12-2021,26.5,23.2,24.7,0,31,67,33163.59
Philippines,09-12-2021,27,23.5,24.7,0.1,26.7,59,27613.35
Philippines,10-12-2021,27.4,22.5,24.6,0.2,25.8,56.2,38144.7
Philippines,11-12-2021,25.8,22.7,24,15.7,22.7,53.3,20532.03
Philippines,12-12-2021,27.1,23.2,24.5,7.1,23.4,52.2,34617.81
Philippines,13-12-2021,25.3,22.5,23.5,13.4,21.1,50,22365.93
Philippines,14-12-2021,26.7,22.5,24,1.5,26.1,57.6,38014.77
Philippines,15-12-2021,26.7,22.3,24.1,0.7,24.7,54.7,37939.42
Philippines,16-12-2021,27.8,23,24.9,4.6,31.3,68.4,25883
Philippines,17-12-2021,27.7,23.6,25.2,3.2,27.5,62.3,31766.05
Philippines,18-12-2021,28.5,23.3,25.3,6,14.6,34.2,36720.89
Philippines,19-12-2021,27.8,22.3,24.2,23.9,12.8,30.2,33162.99
Philippines,20-12-2021,29.2,22.5,24.6,6.4,11.2,30.2,35541.72
Philippines,21-12-2021,28.6,22,24.7,1.9,10.1,27,37796.05
Philippines,22-12-2021,29.4,22.8,24.7,3.5,10.5,25.9,36949.89
Philippines,23-12-2021,27.7,22.5,24.8,0.3,15.1,35.3,36379.89
Philippines,24-12-2021,28,22.4,25,1.5,16.9,38.5,37705.58
Philippines,25-12-2021,26.9,22.9,24.6,0.8,19.1,44.3,31707.32
Philippines,26-12-2021,26.5,22.3,23.9,3.9,24,54.4,34946.39
Philippines,27-12-2021,24.3,21.6,22.8,16.2,27.9,59.8,26283.3
Philippines,28-12-2021,24.7,21.8,23.2,11.7,26,58.3,8653.05
Philippines,29-12-2021,25.7,22.7,23.9,1,25.5,56.5,27614.1
Philippines,30-12-2021,26.8,22.4,23.8,1.4,28.8,64.4,36180.13
Philippines,31-12-2021,26.4,22.6,24,0.1,32.6,71.3,32627.49
Philippines,01-01-2022,26.3,22.5,24,0.2,28.5,63.4,33099.86
Philippines,02-01-2022,26.4,21.5,23.5,0.6,26.3,57.6,32331.09
Philippines,03-01-2022,25.8,21.9,23.6,0.3,24.5,55.8,32021.06
Philippines,04-01-2022,26.6,21.5,23.9,0.1,20.7,46.8,37108.94
Philippines,05-01-2022,26.7,21.7,23.9,0.2,18.4,43.2,37197.1
Philippines,06-01-2022,27.1,21.9,24.2,0,14.9,35.3,37091.09
Philippines,07-01-2022,27.2,21.6,24.2,0.2,17.3,39.2,37253.46
Philippines,08-01-2022,27.7,22,24,1,12.7,28.8,36589.41
Philippines,09-01-2022,27.9,21.6,24.2,2.6,13.8,32.4,36587.65
Philippines,10-01-2022,28.2,22,24.7,1.3,12.5,29.9,37091.82
Philippines,11-01-2022,28.7,21.2,24.6,1.1,14.6,32.4,37022.47
Philippines,12-01-2022,27.5,21.9,23.8,0,17.4,40.7,37248.59
Philippines,13-01-2022,26.2,21.3,23.3,1.2,20.1,46.1,36772.7
Philippines,14-01-2022,26.3,20.9,23.2,0.2,24.3,53.6,37505.31
Philippines,15-01-2022,26.2,20.9,23.1,0,22,49,35182.8
Philippines,16-01-2022,26.6,20.9,23.2,0.1,26,58.3,37500.95
Philippines,17-01-2022,26.8,21.4,23.4,0,23.8,53.3,36201.64
Philippines,18-01-2022,26.4,21.5,23.5,0,23.1,52.9,34933.93
Philippines,19-01-2022,26,22.6,23.9,4.2,20.5,45.4,32975.99
Philippines,20-01-2022,24.1,21.9,22.9,7.7,15,37.4,7309.17
Philippines,21-01-2022,26.3,21.7,23.4,8.4,13.7,33.5,34647
Philippines,22-01-2022,27.3,21.8,24,1.9,13.4,34.6,37447.16
Philippines,23-01-2022,28.5,22.2,24.8,0.4,12.2,30.2,37743.59
Philippines,24-01-2022,27.8,22.7,24.8,3.8,18.1,41.4,34351.02
Philippines,25-01-2022,27.3,23,24.5,1.8,24.1,54.4,31461.3
Philippines,26-01-2022,26.6,22.9,24.1,30.9,18.9,42.5,25009.63
Philippines,27-01-2022,28.4,22.8,24.8,5.4,16.3,38.5,37138.3
Philippines,28-01-2022,28.9,21.8,25,3.5,13.8,33.1,38247.91
Philippines,29-01-2022,29.1,21.9,25.1,0.3,10.9,26.3,37924.46
Philippines,30-01-2022,28.6,23.4,25.5,0.4,14,34.9,38494.16
Philippines,31-01-2022,27.5,22.6,24.4,2.4,22.9,51.1,37559.03
Philippines,01-02-2022,26.7,23,24.4,3.3,21.7,48.6,37473.99
Philippines,02-02-2022,24.9,22,23.5,3.8,23.4,54,10244.85
Philippines,03-02-2022,26.5,22.5,24,10.8,19.4,45.7,31114.56
Philippines,04-02-2022,26,22.6,23.7,5.3,21.7,48.6,23745.02
Philippines,05-02-2022,26.8,22.2,24,1,25.9,59.4,37837.88
Philippines,06-02-2022,27.1,22.9,24.5,0.9,25.4,55.8,38695.45
Philippines,07-02-2022,27.2,22.2,24.2,2.2,19,44.6,38722.32
Philippines,08-02-2022,28.4,22.8,25.2,1.3,16.9,40.7,37685.85
Philippines,09-02-2022,27.6,22.6,24.7,0,20.6,47.9,39071.47
Philippines,10-02-2022,27.8,22.1,24.3,0.1,22.9,51.1,38998.7
Philippines,11-02-2022,28.1,22.8,24.8,0,22.7,50.4,38923.79
Philippines,12-02-2022,26.4,22.6,23.6,17.8,20.9,46.8,16259.43
Philippines,13-02-2022,27.7,22.7,24.5,9.7,13.7,36.4,32186.67
Philippines,14-02-2022,28.1,22.5,24.8,3.2,11,27.4,38788.23
Philippines,15-02-2022,27.9,21.7,24.5,0,16.8,38.5,39606.04
Philippines,16-02-2022,29.1,21.6,24.7,0.7,13.7,32.8,39650.09
Philippines,17-02-2022,27.6,22.4,24.6,1.7,14.5,36,39691.61
Philippines,18-02-2022,28.7,22,25.2,0.3,14.7,34.6,39739.38
Philippines,19-02-2022,29.4,22.4,24.8,2.1,13,32.4,35588.09
Philippines,20-02-2022,28,22.7,24.9,1.6,18.8,42.5,38148.59
Philippines,21-02-2022,27.3,22.9,24.8,1.4,20.8,46.8,20962.95
Philippines,22-02-2022,26.2,22.7,23.9,4.8,16.9,45.4,19526.38
Philippines,23-02-2022,27.1,22.4,24.5,2.5,14.7,36.4,22184.79
Philippines,24-02-2022,28,22.5,25,1.4,21.6,49.7,38842.91
Philippines,25-02-2022,26.9,23,24.7,0.3,23.1,51.5,33323.37
Philippines,26-02-2022,26.9,22.7,24.3,4.3,23.6,55.4,37383.92
Philippines,27-02-2022,28.7,22.1,25.1,0,21.9,51.1,40151.88
Philippines,28-02-2022,28.3,23,25.5,0,24.2,54.4,36975.16
Philippines,01-03-2022,28.5,23.6,25.3,0.1,23.8,53.6,31098.08
Philippines,02-03-2022,28.5,22.5,25.4,2.9,18.4,42.5,38260.02
Philippines,03-03-2022,29.7,23.5,25.9,0.3,16.6,42.8,39679.14
Philippines,04-03-2022,29.1,22.7,25.6,2,12.6,30.6,40380.94
Philippines,05-03-2022,29.6,23.4,25.7,2,14,32.4,38367.05
Philippines,06-03-2022,28.3,22.9,25,0.1,20.4,45,26552.48
Philippines,07-03-2022,26.5,23.6,24.5,8.6,15.8,34.9,2611.15
Philippines,08-03-2022,29.2,22.4,25.1,0.1,24.2,52.9,39450.52
Philippines,09-03-2022,26.6,23.1,24.5,1.7,27.3,59.8,38592.89
Philippines,10-03-2022,26.5,22.7,24.4,6.1,22,49.7,27931.53
Philippines,11-03-2022,29.4,22.6,25.1,4.2,12.3,30.2,38704.45
Philippines,12-03-2022,29.2,22.4,25.1,4.5,9.7,23,40474.5
Philippines,13-03-2022,27.7,21.8,24.4,14.6,8.7,20.5,26514.64
Philippines,14-03-2022,28.9,22.4,25.4,1.1,9.1,23.8,40840.95
Philippines,15-03-2022,29.7,22.6,25.5,1.7,11.2,27,40887.18
Philippines,16-03-2022,29.8,23.1,25.6,19.7,9.4,26.6,36299.1
Philippines,17-03-2022,29.7,22.9,26,2.1,9.8,25.2,37651.67
Philippines,18-03-2022,30.2,23.3,26.5,0.1,12.8,31,41025.23
Philippines,19-03-2022,31.1,23.1,26.4,4.5,7.6,22,38681.08
Philippines,20-03-2022,30.7,23.6,26.6,2.5,14,33.8,41116.42
Philippines,21-03-2022,29.5,23.8,26.2,3.4,13.4,34.2,40146.4
Philippines,22-03-2022,30.7,23.3,26.5,6.3,11.8,30.6,41206.63
Philippines,23-03-2022,30.7,23.2,26.7,0.6,9.4,24.5,41251.3
Philippines,24-03-2022,30.3,23.6,26.7,0,14.5,34.2,41295.59
Philippines,25-03-2022,29.9,24.1,26.8,0.8,14.7,36,41339.53
Philippines,26-03-2022,31.1,23.6,27.1,0.7,13,32.4,41383.54
Philippines,27-03-2022,30.5,23.6,26.8,0,18.1,41.4,41427.58
Philippines,28-03-2022,28,23.6,25.1,15.3,20.2,45,37514.59
Philippines,29-03-2022,28.5,23.2,25.8,10.4,16.8,42.1,41515.64
Philippines,30-03-2022,29.3,23.3,26.2,12.9,17.7,40.7,41559.62
Philippines,31-03-2022,29.7,23.1,26,4,17.8,41.4,41603.5
Philippines,01-04-2022,29.1,23.9,25.7,4.5,18.7,43.6,39383.25
Philippines,02-04-2022,29.5,23.9,26.1,0.3,22.4,51.1,41690.92
Philippines,03-04-2022,30,23.3,25.9,0.1,18.3,42.1,40503.21
Philippines,04-04-2022,29,23.6,26,0.8,23,52.2,41777.67
Philippines,05-04-2022,27.1,23.3,24.9,14.2,20.9,48.2,31025.13
Philippines,06-04-2022,28.2,23.7,25.4,3.2,20.4,52.2,40333.22
Philippines,07-04-2022,26.5,23.2,24.2,37.9,17.8,44.6,15203
Philippines,08-04-2022,27.8,23.1,24.9,5.8,18.1,43.9,33582.82
Philippines,09-04-2022,28.5,23.5,25.7,0,15.3,34.9,33984.01
Philippines,10-04-2022,26.3,23.9,24.9,1.3,17.1,38.2,2457.7
Philippines,11-04-2022,25.4,23,24,15.1,18.6,44.6,2230.11
Philippines,12-04-2022,26.9,22.6,24.1,25.3,14.6,34.2,5940.24
Philippines,13-04-2022,28.5,22.5,24.3,21.8,9.7,23.8,13397.49
Philippines,14-04-2022,29.7,21.8,25.2,1.9,9.9,25.9,42105.75
Philippines,15-04-2022,28.5,22.1,25.1,2.7,6,17.3,42111.57
Philippines,16-04-2022,29,22.7,25.6,3.4,10,22.7,42117.48
Philippines,17-04-2022,27.3,22.9,25,9.4,12.8,29.5,40798.68
Philippines,18-04-2022,29,24,26,0,16,37.1,42129.66
Philippines,19-04-2022,29.1,22.5,25.7,0.1,14.5,33.8,42135.96
Philippines,20-04-2022,29.7,24.1,26.5,0.5,15.3,36,42142.43
Philippines,21-04-2022,30.6,23.6,26.4,7.7,12.3,30.2,42149.08
Philippines,22-04-2022,29.5,23.7,26.6,4,15,37.8,42155.95
Philippines,23-04-2022,29.1,23.7,25.9,5.5,16.3,38.2,42163.03
Philippines,24-04-2022,29.3,23.3,25.6,5.4,17.1,38.5,39428.35
Philippines,25-04-2022,28.2,24.1,25.8,11.5,11.9,31.7,17498.04
Philippines,26-04-2022,29.2,24.3,25.9,4.3,13.2,33.1,42185.84
Philippines,27-04-2022,29.3,23.6,26.1,19.4,17.1,42.8,39798.12
Philippines,28-04-2022,29.3,23.7,26.1,8.7,15.3,41,40169.13
Philippines,29-04-2022,30.3,24,26.3,2,13.8,33.8,41003.59
Philippines,30-04-2022,30.5,22.7,26.6,1.3,12,28.1,42220.54
Philippines,01-05-2022,29.3,24,26.5,3.9,13.8,33.8,42230.11
Philippines,02-05-2022,29.8,23.8,26.5,0.8,11.7,28.8,42260.07
Philippines,03-05-2022,30.6,23.5,26.9,0,13.6,32.4,42268.43
Philippines,04-05-2022,29.9,23.6,26.5,1.1,13.4,32.4,42277.18
Philippines,05-05-2022,31,23.7,27.1,0.3,12.8,31.3,42346.18
Philippines,06-05-2022,30.7,23.4,26.8,3.3,12.1,31,41811.04
Philippines,07-05-2022,30.7,24.9,27.4,1.1,14.9,35.6,42305.44
Philippines,08-05-2022,30.8,24.2,27.2,2.5,17.7,43.6,42379.35
Philippines,09-05-2022,30.9,24.5,27.3,0.2,15.1,33.5,42390.95
Philippines,10-05-2022,31.2,24.4,27.5,0.1,11.7,29.9,42468.93
Philippines,11-05-2022,31.1,24.4,27.5,1.6,11.5,27,42346.68
Philippines,12-05-2022,31.5,24.7,28,0,12.2,30.6,42495.54
Philippines,13-05-2022,31,24.8,27.5,3.7,11.8,28.8,42509.14
Philippines,14-05-2022,30.8,24.1,26.7,9.5,9.1,22.3,30735.92
Philippines,15-05-2022,28,23.7,25.4,23.8,11.1,27.7,37427.77
Philippines,16-05-2022,29.1,23.5,26.1,8.8,13.3,33.5,35080.88
Philippines,17-05-2022,29.7,23.6,26.5,2.3,14.1,36,39104.34
Philippines,18-05-2022,29.4,22.6,25.6,10.8,14.3,36,31522.4
Philippines,19-05-2022,30.2,22.9,26.2,2.1,13.8,33.1,35657.6
Philippines,20-05-2022,30.3,22.9,26.3,2.7,11,31.3,33626.09
Philippines,21-05-2022,28.8,22.8,25.3,0.9,11.3,29.5,14901.86
Philippines,22-05-2022,27.9,23.4,25.2,12,11.5,28.1,24777.3
Philippines,23-05-2022,29,22.9,26.1,10.1,14.8,35.3,42520.45
Philippines,24-05-2022,31,23.8,26.7,4.4,9.7,25.9,42669.54
Philippines,25-05-2022,31,24.6,27.4,0.1,10.8,27.7,42762.02
Philippines,26-05-2022,31,24.4,27.1,2.1,11.8,29.9,42702.13
Philippines,27-05-2022,29.2,23.4,26,15.3,10.4,27,29572.93
Philippines,28-05-2022,26.9,22.6,24.7,15.4,15.2,33.8,16796.35
Philippines,29-05-2022,30.1,23.5,26.5,4,13,31.3,42830.95
Philippines,30-05-2022,30.7,23.4,26.8,4.2,9.3,24.8,39600
Philippines,31-05-2022,27.1,21.7,24.8,31.2,13.1,30.6,11093.44
Philippines,01-06-2022,28.9,24.1,25.9,5.8,12.2,32,32786.87
Philippines,02-06-2022,30.1,24.1,26.8,1,9.7,27.7,42748.52
Philippines,03-06-2022,30.6,23.8,27.1,0.5,12,29.9,42843.62
Philippines,04-06-2022,31,24,27.3,1.8,6.7,20.5,42861.58
Philippines,05-06-2022,30.1,23.3,26.8,4.2,8.7,23,39735.52
Philippines,06-06-2022,29.9,23.6,26.8,6.6,9.4,24.8,42820.62
Philippines,07-06-2022,29.8,23.5,26.6,7.3,9.7,25.6,42409.37
Philippines,08-06-2022,29.5,23.2,26.2,9.6,6.2,17.6,35379.91
Philippines,09-06-2022,30.4,23.5,26.8,7,11.9,31,42810.9
Philippines,10-06-2022,31,23.7,27,10.8,10.9,27,43114.39
Philippines,11-06-2022,29.4,22.3,25.9,9.3,7.6,20.2,31670.26
Philippines,12-06-2022,29.8,23.8,26.5,3.2,8.7,22.3,41086.88
Philippines,13-06-2022,30.8,24.5,27.5,1.9,10.2,27.4,43010.04
Philippines,14-06-2022,30.1,23,26,15.3,12.6,31.3,39579.63
Philippines,15-06-2022,30.5,23.6,26.6,1.5,10.5,28.1,42901.46
Philippines,16-06-2022,30.9,23.4,26.8,4.8,9.7,25.6,42916.43
Philippines,17-06-2022,31.6,25.2,28,1.1,9.5,22,43142.84
Philippines,18-06-2022,31.1,23.3,26.9,7.1,10.4,25.2,34643.06
Philippines,19-06-2022,31.1,22.4,26.7,3.5,10.5,26.3,36448.76
Philippines,20-06-2022,30.2,23.6,26.4,4.9,8.7,27,36000
Philippines,21-06-2022,28.1,23.1,25.6,2.9,12.3,32,34608.07
Philippines,22-06-2022,27.8,22.3,24.9,21.5,11.7,28.1,19697.33
Philippines,23-06-2022,29.2,23.1,25.7,4,10.7,26.6,37160.57
Philippines,24-06-2022,30,23.8,26.6,5.4,12,28.4,43027.82
Philippines,25-06-2022,30.3,24.6,27.1,2.4,11,24.8,42384.14
Philippines,26-06-2022,29.2,23.6,25.8,17.7,14.5,37.4,30562.95
Philippines,27-06-2022,28.4,23.4,24.9,19,10.5,27.7,10906.07
Philippines,28-06-2022,26.5,22.8,24.5,24.6,14.8,36,5523.3
Philippines,29-06-2022,27.8,23.1,25,13.3,20,45,17965.99
Philippines,30-06-2022,28.9,23.3,25.6,14.9,21.9,49.7,31199.06
Philippines,01-07-2022,28.3,23.9,26.1,5,23.8,52.6,35194.96
Philippines,02-07-2022,28.9,24.8,26.7,4.5,14.9,34.6,34098
Philippines,03-07-2022,29.9,24.4,26.7,4.2,8.6,23,31590.23
Philippines,04-07-2022,29.5,23.7,26.4,3.3,9.4,24.5,31539.21
Philippines,05-07-2022,28.4,22.7,25.5,12.1,10,27,27879.26
Philippines,06-07-2022,29.6,23.3,25.6,17.5,7.1,24.1,37219.96
Philippines,07-07-2022,28.4,23,25.2,18.3,8.1,21.6,30089
Philippines,08-07-2022,28.7,22.8,25.2,29.1,10.5,28.1,25808.67
Philippines,09-07-2022,29.8,23.3,25.7,8.6,9.1,24.5,36558.79
Philippines,10-07-2022,28.7,23.1,25.5,7.7,10.5,25.6,25868.94
Philippines,11-07-2022,29,23.2,25.6,10.3,10.8,27,35580.2
Philippines,12-07-2022,28.5,23.2,25.4,21,18.8,42.1,22925.96
Philippines,13-07-2022,28.3,23.4,25.9,17.1,18,40.7,41431.96
Philippines,14-07-2022,30.1,24.7,27,1.1,13.6,33.1,43127.95
Philippines,15-07-2022,30,23.7,26.5,5.2,10.4,25.9,43125.55
Philippines,16-07-2022,30.6,22.6,25.8,13.9,9.7,24.1,33169.24
Philippines,17-07-2022,29.3,22.4,25,36.4,6.3,19.4,26847.25
Philippines,18-07-2022,27.5,22.9,24.6,25.1,6.5,21.2,14565.97
Philippines,19-07-2022,29,22.9,25.8,9.5,12.6,30.6,38110.75
Philippines,20-07-2022,29.4,22.9,26.2,7.8,12.8,34.9,33887.35
Philippines,21-07-2022,27.9,22.6,25,27,13.8,32,12304.53
Philippines,22-07-2022,30.3,24.3,26.9,3.4,11.6,29.5,43082.8
Philippines,23-07-2022,30,24.3,26.7,5.6,9.2,24.5,40178.57
Philippines,24-07-2022,29.5,23.6,26.1,9.1,9,24.8,30630.77
Philippines,25-07-2022,29.9,23.1,25.9,6.2,8.2,22.3,31532.15
Philippines,26-07-2022,29.2,24.2,26.3,2.5,6.9,20.9,35506.59
Philippines,27-07-2022,29.3,23.6,26.4,1.3,18.2,41,43023.41
Philippines,28-07-2022,29.4,23.9,26.5,13.8,14.2,33.1,25809.77
Philippines,29-07-2022,28,23.6,25.2,15.7,16,36,5252.18
Philippines,30-07-2022,26.3,23.3,24.7,30.9,20.7,46.4,10769.63
Philippines,31-07-2022,29,23.7,25.7,12.6,19.2,42.1,35999.38
Philippines,01-08-2022,28,23.7,25.5,3.7,11.7,27.4,12713.48
Philippines,02-08-2022,29.2,23.2,25.9,5.6,10.3,26.6,42923.78
Philippines,03-08-2022,30.5,23.2,26.2,4.2,12.1,27,39747.59
Philippines,04-08-2022,28.4,23.4,25,16.6,8.4,21.2,22106.42
Philippines,05-08-2022,24.8,21.9,23.2,51.1,13.8,33.8,0
Philippines,06-08-2022,26.6,22.6,24.1,24,18.4,40.3,12767.55
Philippines,07-08-2022,24.9,22.2,23.5,54.9,15.6,34.6,0
Philippines,08-08-2022,28.1,23,25,14.5,10.1,27,23987.41
Philippines,09-08-2022,29.8,23.4,26.1,1.9,11.2,28.4,36020.63
Philippines,10-08-2022,29.5,24,26.3,4.4,8.7,23.8,32349.22
Philippines,11-08-2022,29.7,23,26.1,2.5,6,20.9,33168.98
Philippines,12-08-2022,29.7,23.5,26.6,1.1,7.9,21.2,42695.92
Philippines,13-08-2022,29.1,23.1,25.4,11.4,9.9,23,24532.13
Philippines,14-08-2022,27.7,22.4,24.4,21.6,10.3,23.4,20926.59
Philippines,15-08-2022,27.3,23,24.6,14.3,19.2,45.7,12168.27
Philippines,16-08-2022,28.9,23.8,26.3,1.4,19.7,43.6,42581.04
Philippines,17-08-2022,28.4,24.5,25.9,2.5,18.9,41.4,24183.13
Philippines,18-08-2022,27.5,23.5,25.5,9.7,13.7,32.4,28124.12
Philippines,19-08-2022,28.7,23.2,25.4,12.3,9.4,26.6,38191.14
Philippines,20-08-2022,29.7,23,25.9,4.1,6.5,19.4,39600
Philippines,21-08-2022,29.1,22.9,25.4,13.4,9.4,24.8,20877.61
Philippines,22-08-2022,24.7,23.2,24.1,55.3,16.9,37.8,0
Philippines,23-08-2022,27,23.8,25.2,10.9,25.8,60.5,23750.86
Philippines,24-08-2022,27.9,23.7,25.8,8.4,21.6,48.6,38797.45
Philippines,25-08-2022,30.1,23.3,26.4,4.2,12.4,30.2,42279.12
Philippines,26-08-2022,28.3,23.6,25.7,8.6,14.5,37.8,29826.25
Philippines,27-08-2022,27.9,23.4,25.1,16.1,14.9,36,26466.38
Philippines,28-08-2022,29.7,22.9,26,5.8,7.3,21.6,42169.87
Philippines,29-08-2022,30.1,22.9,26.3,4,6.8,20.9,42132.92
Philippines,30-08-2022,29.7,23.4,26.3,5.1,7.6,19.4,40974.25
Philippines,31-08-2022,28.3,23.8,25.8,7.4,11.8,28.8,27142.25
Philippines,01-09-2022,28.9,23.1,26,6.9,19.9,47.5,41989.26
Philippines,02-09-2022,28.3,24.9,26.4,4.1,25.5,57.2,23357.63
Philippines,03-09-2022,28.2,24.6,26.5,3.1,25,55.8,26541.29
Philippines,04-09-2022,29.4,25.2,27,1.4,22.5,49.7,40831.57
Philippines,05-09-2022,29.2,23.7,26,12.3,15.9,36.7,29792.88
Philippines,06-09-2022,28.6,23.2,25.5,6.6,10.8,28.4,39547.56
Philippines,07-09-2022,30.1,23.1,26.1,6.8,12.2,28.1,37796.26
Philippines,08-09-2022,31,24.3,26.8,1.3,8.7,24.8,41430.05
Philippines,09-09-2022,28.3,22.7,25.3,9.2,11.9,28.4,9655.37
Philippines,10-09-2022,28.6,23.5,25.5,2.1,19.2,45,18000
Philippines,11-09-2022,29.7,23.7,26.5,2.4,12.9,29.5,41403.19
Philippines,12-09-2022,29.7,23.6,26.5,1.5,13.4,33.1,41562.5
Philippines,13-09-2022,29.4,23.9,26.4,2.1,16.4,38.2,35196.11
Philippines,14-09-2022,28.5,24.2,25.9,8.3,18.7,43.9,40129.45
Philippines,15-09-2022,27.7,23.5,25.4,18.3,21.4,46.1,29631.54
Philippines,16-09-2022,27.9,23.5,25.2,8.2,22.5,52.9,35252.2
Philippines,17-09-2022,28.6,23.6,25.7,7.3,18,42.1,41116.18
Philippines,18-09-2022,28.1,24.4,26,7,22.2,49,39926.68
Philippines,19-09-2022,28.2,23.4,25.6,6.7,20.5,47.2,26727.01
Philippines,20-09-2022,27.2,23.5,24.6,24.9,9,27.7,3600
Philippines,21-09-2022,28.1,23.5,25.1,11.3,8.9,25.9,28552.01
Philippines,22-09-2022,28.8,22.6,25.4,0.2,7.2,23,33141.17
Philippines,23-09-2022,28,23.3,25.1,13.6,10.9,28.1,33894.48
Philippines,24-09-2022,29,22.2,24.9,14.8,9.4,29.5,32361.84
Philippines,25-09-2022,26.1,21.9,24.4,22,21.5,49.3,0
Philippines,26-09-2022,27.9,23.1,25.1,14.8,21.5,48.2,33347.39
Philippines,27-09-2022,27.6,23.4,25,15.3,19.5,43.6,36439.88
Philippines,28-09-2022,27.5,23.5,24.8,11.7,12.6,31,13388.53
Philippines,29-09-2022,29.3,22.5,25.1,4.4,12.1,29.2,38075.78
Philippines,30-09-2022,28.2,21.8,24.7,7.8,8.7,25.2,31374.44
Philippines,01-10-2022,28.5,22,25.4,4.6,12.7,31,39788.72
Philippines,02-10-2022,27.9,23.9,25.3,19.5,17.7,40.7,32462.46
Philippines,03-10-2022,29,23.5,25.6,9.1,12,30.6,30677.97
Philippines,04-10-2022,29.3,23,25.9,11.2,12,26.3,32400
Philippines,05-10-2022,28.5,22.9,25.3,5.9,17.1,39.6,33147.37
Philippines,06-10-2022,29.3,23.4,25.6,8.2,14.3,38.2,37651.77
Philippines,07-10-2022,28.5,23.1,25.2,12,12.5,37.1,39598.33
Philippines,08-10-2022,29.1,23.5,26,2.1,16.9,40,39720.91
Philippines,09-10-2022,28.5,24.2,25.8,4.4,13.3,31.7,39585.99
Philippines,10-10-2022,29.5,23.1,25.9,2.9,14.7,35.6,39644.38
Philippines,11-10-2022,30.1,22.6,26.3,0.5,13.1,31.7,39571.13
Philippines,12-10-2022,29.2,23.5,26.2,2.5,8.5,23.8,39563.14
Philippines,13-10-2022,29,23.9,26,7.7,9.9,25.2,34134.62
Philippines,14-10-2022,27.5,22.7,24.7,10.9,11.8,31.3,6854.2
Philippines,15-10-2022,28.8,23.5,26.1,1.9,17.4,41.8,39537.05
Philippines,16-10-2022,28.5,23.8,25.8,11.5,22.5,50.4,37446.53
Philippines,17-10-2022,28.4,24.1,25.6,7.5,18.8,42.8,37273.81
Philippines,18-10-2022,28.8,23.5,25.4,13.1,13.5,32,34610.42
Philippines,19-10-2022,27.9,23,25,16.5,7,18.4,22146.08
Philippines,20-10-2022,26.9,23.2,24.5,23.9,5.9,17.6,9270.86
Philippines,21-10-2022,28.8,23.2,25.6,2.5,7.1,18.4,33150.71
Philippines,22-10-2022,30.1,23.9,26.6,0.9,12.5,27.4,39460.54
Philippines,23-10-2022,27.9,24,25.4,17.6,13.4,33.5,32714.83
Philippines,24-10-2022,29.3,23.8,26.1,0.5,16.2,37.8,39433.75
Philippines,25-10-2022,27.9,23.2,25.2,5.8,15,37.1,37167.71
Philippines,26-10-2022,27.2,23.1,24.8,8.6,28.8,63,28369.68
Philippines,27-10-2022,26.5,23.4,24.8,9.1,21.9,53.6,18061.51
Philippines,28-10-2022,26.8,23.5,24.6,17.2,24.8,57.6,10534.15
Philippines,29-10-2022,25.6,23.3,24.2,70.1,45.6,102.6,0
Philippines,30-10-2022,27.4,23.4,24.9,23.2,31.9,72.7,22893.56
Philippines,31-10-2022,27.8,23.9,25.4,14.7,28,64.1,35235.16
Philippines,01-11-2022,28.2,23.4,25.3,13.3,19.9,47.9,39299.6
Philippines,02-11-2022,28.6,22.6,24.8,16.2,10.6,25.6,25763.23
Philippines,03-11-2022,30.1,22.9,25.8,7.5,11.2,29.2,37396.43
Philippines,04-11-2022,28.9,23.9,25.4,14.6,14.5,33.1,35637.78
Philippines,05-11-2022,27.1,23.5,24.9,13.9,16.8,37.8,32624.9
Philippines,06-11-2022,28.6,23.4,25.6,4.3,15,36,39179.8
Philippines,07-11-2022,27.7,23.7,25.2,16.7,14.5,32.8,29192.17
Philippines,08-11-2022,28.5,23.4,25.4,4.1,14.4,33.1,33138.01
Philippines,09-11-2022,28.5,23.7,25.8,3.7,17,40.7,39059.34
Philippines,10-11-2022,27.7,23.8,25.7,15,15,37.1,39020.05
Philippines,11-11-2022,29.1,23.7,25.8,1.4,16,37.4,38981.29
Philippines,12-11-2022,29.2,24.2,26.5,0.8,14,35.6,38943.11
Philippines,13-11-2022,29,24.5,26.4,10.9,16.1,41.8,38905.54
Philippines,14-11-2022,29.2,24.7,26.5,1.8,21.3,47.5,38868.66
Philippines,15-11-2022,27.9,23.9,25.9,0.6,17.7,40,22029.95
Philippines,16-11-2022,27.7,24.2,25.4,4.4,20.9,46.8,31738.63
Philippines,17-11-2022,29,23.4,25.2,11.7,17,37.8,30910.03
Philippines,18-11-2022,27,22.8,24.8,12.9,18.8,48.2,28082.25
Philippines,19-11-2022,26,23.3,24.3,26.1,14.7,39.2,4720.98
Philippines,20-11-2022,28.1,22.9,24.7,40,14.5,36,20202.59
Philippines,21-11-2022,28.5,23,24.8,25.6,13,35.3,27659.93
Philippines,22-11-2022,28.4,23.2,25.3,3.2,13.2,32.8,38602.24
Philippines,23-11-2022,28.7,23.4,25.6,4.3,13.5,32.4,38571.97
Philippines,24-11-2022,29,23.8,26.1,2.2,14.1,36,38542.31
Philippines,25-11-2022,28.5,23.2,25.3,5.2,14.3,37.8,38513.31
Philippines,26-11-2022,29.5,22.8,26,0.7,11.1,28.1,38485.01
Philippines,27-11-2022,28.5,23.9,25.8,0,15.8,36.7,38457.46
Philippines,28-11-2022,28.7,23.6,26,0.3,19.9,46.4,34965.48
Philippines,29-11-2022,29.2,24.1,26.3,0.2,16.7,40,38404.77
Philippines,30-11-2022,29.2,24.2,26.3,0.5,20.5,45.7,38379.71
Philippines,01-12-2022,28,24.2,25.5,3,23.6,56.2,37511.14
Philippines,02-12-2022,28,23.4,25.9,2.2,23.7,54.7,38332.43
Philippines,03-12-2022,27.8,23.6,25.7,0.6,20,47.9,27883.97
Philippines,04-12-2022,28.3,23.7,25.1,3.6,17.6,40.7,34689.18
Philippines,05-12-2022,27.3,23.5,25.1,1.7,19.1,43.2,26531.61
Philippines,06-12-2022,28.3,23.4,25.6,0,13.3,31.7,38250.34
Philippines,07-12-2022,28.9,22.9,25.5,0,15.5,36.4,38232.69
Philippines,08-12-2022,27.9,22.4,24.6,3.9,15,34.2,29359.86
Philippines,09-12-2022,26.2,23.2,24.2,14.4,12.3,31,8166.23
Philippines,10-12-2022,25.3,22.6,23.7,26.3,11.9,26.3,817.79
Philippines,11-12-2022,26.3,22.7,24,27,6.1,20.2,18214.57
Philippines,12-12-2022,27.9,22.8,24.9,3.4,11.5,26.6,34943.34
Philippines,13-12-2022,28.3,23.1,25.3,3.2,12.6,29.5,33903.42
Philippines,14-12-2022,27.6,23.8,25,4.7,16.6,38.5,29931.38
Philippines,15-12-2022,28.1,23.4,25.4,1.8,18.9,43.2,37994.05
Philippines,16-12-2022,28.9,23.9,25.7,1.5,18.3,44.6,37960.64
Philippines,17-12-2022,27.2,23.1,24.8,8.3,21.8,48.2,32345.88
Philippines,18-12-2022,25.7,22.6,23.8,3.1,31.1,69.1,37078.17
Philippines,19-12-2022,23.8,22.5,23,25.1,24.5,56.2,2127.66
Philippines,20-12-2022,25.5,22.1,23.6,8,17.9,42.8,12735.76
Philippines,21-12-2022,28,22.8,24.9,1.6,12.3,29.9,36605.53
Philippines,22-12-2022,24.6,22.8,23.6,9.7,18.4,42.5,6408.73
Philippines,23-12-2022,24.8,22.5,23.3,9.9,28.2,63.7,25573.59
Philippines,24-12-2022,23.9,21.5,22.3,2.6,30.3,65.9,17770.62
Philippines,25-12-2022,24.5,21.2,22.3,0.6,31.6,68,18687.98
Philippines,26-12-2022,25.2,22.1,23.3,0,26.8,60.5,32676.04
Philippines,27-12-2022,25.7,21.9,23.4,0,25.2,55.4,33803.92
Philippines,28-12-2022,25.3,22.5,23.7,3.6,22.4,50,20876.31
Philippines,29-12-2022,25.8,22.2,23.9,5.6,20.2,45.7,32555.73
Philippines,30-12-2022,28.8,23.1,24.8,2.6,14.8,32.8,37134.77
Philippines,31-12-2022,26.6,22.7,24.3,1.8,17.1,38.9,25305.19
Philippines,01-01-2023,28,22.7,24.4,8.2,17.3,40,32479.68
Philippines,02-01-2023,26.1,22.8,24.1,1.2,23.7,52.2,30423.7
Philippines,03-01-2023,25,22.8,23.8,1.9,22.8,51.1,1947.5
Philippines,04-01-2023,25.3,22.1,23.3,13.6,26.9,59.4,16441.39
Philippines,05-01-2023,27,22.3,24.5,4.6,17.4,43.6,28807.08
Philippines,06-01-2023,26.3,22.2,23.6,36.2,15.1,35.6,22095.88
Philippines,07-01-2023,26.8,22.5,24.2,0.6,23,51.8,36393.43
Philippines,08-01-2023,26.3,21.9,24,0,26.2,58.3,37001.43
Philippines,09-01-2023,25.2,22.8,23.7,9.3,21.2,46.4,20563.52
Philippines,10-01-2023,25.8,22.4,23.8,0.3,21.4,47.2,19784.2
Philippines,11-01-2023,25.5,22.5,23.9,0.6,19.3,43.6,18453.7
Philippines,12-01-2023,27,22.2,24.2,0.3,21.9,49,28236.21
Philippines,13-01-2023,23.3,21.7,22.6,39.1,19.6,44.3,0
Philippines,14-01-2023,25.4,21.6,22.9,38.8,18.1,40,10977.29
Philippines,15-01-2023,26.9,22.2,23.6,13.1,17.6,38.9,18394.8
Philippines,16-01-2023,26.2,22.4,23.9,6.1,22.6,49,25386.58
Philippines,17-01-2023,25,22.5,23.6,10.4,21.1,47.2,1457.91
Philippines,18-01-2023,25.6,22,23.3,25.6,22.4,49.7,16043.11
Philippines,19-01-2023,24.8,22.3,23.3,6.4,24.5,54.4,2681.91
Philippines,20-01-2023,25.1,22.3,23.5,8.1,24.7,56.2,11203.26
Philippines,21-01-2023,25.8,22.1,23.6,11.5,26,59.4,33897.62
Philippines,22-01-2023,26.6,22.6,24.2,1.9,20.1,46.1,36856.32
Philippines,23-01-2023,27.3,22.4,24.2,0.9,21.4,48.6,36000
Philippines,24-01-2023,26,21.8,23.9,0.9,25.3,56.2,31151.95
Philippines,25-01-2023,24.8,21.3,22.6,2.3,32.6,72.4,22710.82
Philippines,26-01-2023,25.4,21.2,23,2.9,27.4,61.2,25873.57
Philippines,27-01-2023,25.7,22.1,23.2,18.9,18.8,43.9,10800
Philippines,28-01-2023,24.3,21.1,22.3,20.2,29.4,65.2,18000
Philippines,29-01-2023,23.2,21,22.1,1.9,26.4,59,4650.94
Philippines,30-01-2023,24,21.8,22.5,10.4,25.1,55.8,5306.6
Philippines,31-01-2023,25.5,21.6,23.1,9.1,26,58.3,27152.68
Philippines,01-02-2023,27,22.3,24.2,1.5,18.1,39.6,34154.74
Philippines,02-02-2023,27.2,22.4,24.5,0.6,18.1,42.1,37571.07
Philippines,03-02-2023,27.5,23.1,24.7,0.3,21.3,49,38701.5
Philippines,04-02-2023,26,22.6,24,4.2,23.5,52.9,32073.94
Philippines,05-02-2023,25.5,22.7,23.5,17.2,20,46.1,29160.44
Philippines,06-02-2023,27.1,22.3,24.2,9,14.6,36.4,38273.5
Philippines,07-02-2023,26.3,22.3,24,2.4,14.7,35.6,38715.75
Philippines,08-02-2023,27,22.2,24.2,1.6,19.2,46.8,36273.46
Philippines,09-02-2023,27.2,21.7,24,0.5,21.9,49.7,38354.66
Philippines,10-02-2023,27.2,22.8,24.6,0.7,19.6,45,38492.68
Philippines,11-02-2023,27.9,22.6,24.7,0,18.1,42.1,39015.99
Philippines,12-02-2023,27.1,22.5,24.4,1.9,19.5,44.3,39040.97
Philippines,13-02-2023,27.8,21.5,24.4,0,18.6,41,39371.3
Philippines,14-02-2023,25.7,22.1,23.6,1.4,21.4,47.2,12467.4
Philippines,15-02-2023,27.1,21.8,23.8,2.3,26,59,32511.34
Philippines,16-02-2023,25.6,21.9,23.6,1.3,28.9,65.5,35704.82
Philippines,17-02-2023,26.6,20.5,23.4,0.8,28.1,61.6,37395.27
Philippines,18-02-2023,25.5,22.3,23.2,37.5,23.7,51.1,6393.76
Philippines,19-02-2023,23.8,22.1,23,72,17,39.6,0
Philippines,20-02-2023,25.2,21.5,23.4,3.3,13.8,32,7775.92
Philippines,21-02-2023,25.9,22.4,23.7,1.3,24.8,55.4,30540.12
Philippines,22-02-2023,26.1,21.7,23.6,0.5,22,49,31419
Philippines,23-02-2023,28.8,21.5,24.6,0.5,14.7,32.8,39957.98
Philippines,24-02-2023,29.4,22,25,2.1,12.4,27.7,39440.91
Philippines,25-02-2023,27.8,22.9,24.6,6.8,20.6,45,32714.01
Philippines,26-02-2023,26.9,22.8,24.3,0.8,27.5,62.3,38729.04
Philippines,27-02-2023,25.8,22.8,23.8,4.6,31.7,69.8,38414.65
Philippines,28-02-2023,24.9,21.4,23.2,6.6,28.7,64.1,7514.66
Philippines,01-03-2023,27.5,22.6,24.5,1.5,20.9,46.8,39361.58
Philippines,02-03-2023,26.7,22.3,24,0.1,24.8,55.8,39727.23
Philippines,03-03-2023,26.4,21.7,23.3,1.1,28.2,63.4,26704.85
Philippines,04-03-2023,27.3,21.7,23.9,0,23.3,52.2,39993.97
Philippines,05-03-2023,26.9,21.4,23.3,0,26,58,37963.4
Philippines,06-03-2023,26.4,21.1,23.3,0,21.4,48.6,38811.2
Philippines,07-03-2023,26.3,21.2,23.4,0.3,24,54.4,38682.61
Philippines,08-03-2023,27.2,21.4,23.9,0.2,17.3,40,40553.12
Philippines,09-03-2023,27.8,21.7,24.1,0.1,14.6,34.6,40599.67
Philippines,10-03-2023,27.7,21.4,24,0.2,20.7,46.4,40646.21
Philippines,11-03-2023,27.5,21.4,23.9,0,18.8,42.8,40692.7
Philippines,12-03-2023,28.2,20.1,24,0,17.6,40.7,40739.11
Philippines,13-03-2023,27.5,21.2,23.8,0.6,21.9,49.7,40785.41
Philippines,14-03-2023,28.3,21.4,24.3,0,16.7,38.5,40831.56
Philippines,15-03-2023,28.3,22.3,24.7,0.2,20.3,46.8,37028.13
Philippines,16-03-2023,28,22.7,24.9,1,22.7,51.1,40923.29
Philippines,17-03-2023,27.9,22.5,24.7,1.4,19.6,45.4,39375.17
Philippines,18-03-2023,28.5,22.1,24.9,0.6,14.9,36.7,41014.07
Philippines,19-03-2023,28.7,22.1,24.7,0.1,16.4,38.2,41058.97
Philippines,20-03-2023,28.4,21.1,24.4,0,15.4,36.4,41103.56
Philippines,21-03-2023,29.7,19.9,24.7,0,10.7,28.4,41148.25
Philippines,22-03-2023,31.3,20.6,25.6,0.1,10,26.3,41193.02
Philippines,23-03-2023,31.2,22.2,26.5,0,12.2,30.6,41237.83
Philippines,24-03-2023,30,24,26.5,3.1,14.3,37.4,41282.66
Philippines,25-03-2023,30.7,23.6,26.6,1.1,14.2,34.2,41327.48
Philippines,26-03-2023,29.8,23.1,26.2,1.6,13.5,32.8,41372.25
Philippines,27-03-2023,30.3,23,26.2,0.2,16.9,40,41416.95
Philippines,28-03-2023,29.7,23.8,26.1,0.8,18.9,43.2,41461.55
Philippines,29-03-2023,29.5,23.1,25.7,1.6,17.7,41.8,40038.09
Philippines,30-03-2023,30.2,23,26,1.1,14.8,34.6,41364.46
Philippines,31-03-2023,31.3,23,26.7,0.5,10.5,28.4,41594.43
Philippines,01-04-2023,31.4,22.9,26.7,0,12.5,29.5,41638.33
Philippines,02-04-2023,29.7,22.8,26.2,3.3,10.9,25.9,41681.99
Philippines,03-04-2023,30.1,23.2,26.1,2.6,16.1,35.3,41725.38
Philippines,04-04-2023,29.3,23.1,25.6,2,18.1,41.4,41768.46
Philippines,05-04-2023,29.6,22.4,25.7,0,17.4,40.3,41811.21
Philippines,06-04-2023,28.8,22.6,25.2,1.8,18.1,42.1,41853.61
Philippines,07-04-2023,30.9,22.7,26,0.3,18.4,40.7,39875.86
Philippines,08-04-2023,30.3,22.6,26,0.5,22.1,50.4,41937.18
Philippines,09-04-2023,29.8,23.4,25.9,0.3,24.8,56.2,41978.32
Philippines,10-04-2023,29.9,22.7,25.6,0.1,20.7,49,41392.69
Philippines,11-04-2023,29.3,23.1,25.6,0.6,18.1,40.7,27344.86
Philippines,12-04-2023,24.5,22.5,23.4,37.5,18.2,41.4,3796.12
Philippines,13-04-2023,26.4,22.8,24.3,16.5,15.9,35.3,11116.93
Philippines,14-04-2023,29.4,23.3,26,0,11.7,30.2,42104.75
Philippines,15-04-2023,29.7,22.9,26.1,1.1,8.6,23,42110.01
Philippines,16-04-2023,30,23.2,26.4,0.5,7.9,21.6,42115.4
Philippines,17-04-2023,30.3,23.4,26.1,2.5,10.5,24.1,42120.95
Philippines,18-04-2023,29.4,23.4,26.3,3.5,11.2,28.4,41889.89
Philippines,19-04-2023,30.9,23,26.8,0,11.3,29.5,42132.61
Philippines,20-04-2023,30.1,23.7,26.8,1.2,13.4,32.8,42138.78
Philippines,21-04-2023,30.9,23.7,26.9,1.9,5.4,18.4,42145.2
Philippines,22-04-2023,31.4,24.1,27.4,1.2,10.8,25.2,42151.91
Philippines,23-04-2023,30.6,24.7,27.2,0.8,12.5,30.6,42158.93
Philippines,24-04-2023,29.1,24.6,26.5,2.4,14.8,35.6,42166.28
Philippines,25-04-2023,30.1,24.1,26.6,0.2,15.4,36.7,42173.99
Philippines,26-04-2023,29.3,23.9,26.5,1,14.3,33.8,42182.08
Philippines,27-04-2023,29.7,24.1,26.6,3.8,17.8,41,41116.02
Philippines,28-04-2023,30,24.8,27.2,0.6,16.1,38.5,42199.51
Philippines,29-04-2023,30.4,24.5,26.6,4.4,15.8,40.3,35940.86
Philippines,30-04-2023,30.8,24.3,26.8,1.5,12,28.8,42218.38
Philippines,01-05-2023,31.3,24.3,27.2,2.4,11.4,28.4,42228.29
Philippines,02-05-2023,30.7,24.5,27.4,0.8,23.2,52.6,41552.71
Philippines,03-05-2023,26.1,23.6,24.7,28.7,19.9,43.9,8276.13
Philippines,04-05-2023,28.2,24.1,25.9,2.4,16.6,39.6,34509.59
Philippines,05-05-2023,30.4,24.2,26.8,3.1,12,31.3,42271
Philippines,06-05-2023,30.9,24.3,27,0,13.4,32,42282.4
Philippines,07-05-2023,30.7,23.9,27,1.4,8.8,23.8,42304.27
Philippines,08-05-2023,30.7,23.6,27.4,3.3,6.8,19.8,42310.1
Philippines,09-05-2023,31.1,23.8,27.1,0.4,7.1,22,37493.91
Philippines,10-05-2023,29.8,24.5,26.6,3.8,11.8,28.4,38760.74
Philippines,11-05-2023,29.9,23.2,26.3,10.9,14.3,32,29332.2
Philippines,12-05-2023,29.9,23.9,26.6,1.6,9.7,23,42356.37
Philippines,13-05-2023,31,24.2,27.4,1.4,10.5,24.8,42435.86
Philippines,14-05-2023,30.5,24.3,27,3.3,5.6,18,42038.24
Philippines,15-05-2023,29.8,24.8,26.8,4.9,8.6,24.5,42166.93
Philippines,16-05-2023,31.2,24.5,27.6,3.6,11.3,28.4,42410.41
Philippines,17-05-2023,31.2,24.6,27.6,0.8,11.2,27.7,36760.35
Philippines,18-05-2023,30.9,24.8,27.3,6.1,7.6,20.9,37212.43
Philippines,19-05-2023,30.9,23.9,27.2,0.6,8.1,21.2,37677.34
Philippines,20-05-2023,29,24.1,26.4,3.1,8.7,24.1,37509.21
Philippines,21-05-2023,30.4,24.6,26.5,8.4,5,17.6,32469.94
Philippines,22-05-2023,30.4,24.2,27.1,2.6,10.5,25.2,42633.9
Philippines,23-05-2023,31.2,24.6,27.9,3,10.4,27,42801.3
Philippines,24-05-2023,30.8,24.3,27.2,9.3,7.7,22,42098.3
Philippines,25-05-2023,31.1,23.2,26.3,14.8,8.6,22.3,37130.7
Philippines,26-05-2023,30.1,22.4,26.1,7.4,10.8,29.2,42404.61
Philippines,27-05-2023,30.7,23.5,26.9,0.7,13.8,33.5,42584.3
Philippines,28-05-2023,30.7,24.1,27.4,0.9,20.8,47.9,42044.61
Philippines,29-05-2023,31.3,26.1,28.4,0.2,26.8,61.2,40142.6
Philippines,30-05-2023,29.1,25.6,27.3,4,25.6,63,38665.44
Philippines,31-05-2023,27.3,24.7,26.1,8.7,27.8,63,9749.37
Philippines,01-06-2023,28.9,25.3,26.8,6.2,25.8,57.6,42783.71
Philippines,02-06-2023,28.9,25.1,26.6,4.3,21.9,51.1,39745.07
Philippines,03-06-2023,30.1,24.3,26.4,3.2,14,35.6,33866.5
Philippines,04-06-2023,29.9,23.7,26.7,16.3,8.7,21.6,37449.82
Philippines,05-06-2023,29.2,23.4,26.1,8.8,9.8,25.6,37868.38
Philippines,06-06-2023,28.2,23.2,25.6,30.4,7.6,24.5,21515.89
Philippines,07-06-2023,30.2,23.3,26.2,18.2,9.4,24.5,41384.05
Philippines,08-06-2023,30.6,22.9,26.2,3.3,14.3,36,42785.09
Philippines,09-06-2023,29.9,23.7,26.3,3.4,17.4,39.2,42801.18
Philippines,10-06-2023,28.9,24.1,26.2,4,25.6,56.2,42879.04
Philippines,11-06-2023,28.3,25.5,26.3,21.6,22,51.1,28608.92
Philippines,12-06-2023,29.5,25.5,27.2,1,25.2,59,42405.26
Philippines,13-06-2023,29.9,25.8,27.6,0.2,19.4,45.7,42866.68
Philippines,14-06-2023,30.6,25.2,27.7,0,12.3,31,42883
Philippines,15-06-2023,29.6,25,26.9,9.1,10.1,28.1,39417.38
Philippines,16-06-2023,29.6,24.2,26.6,8,14.8,39.6,42915.1
Philippines,17-06-2023,30.3,23.4,26.3,8.1,13.1,32,42998.95
Philippines,18-06-2023,30.5,23.4,27,1,8.4,22.3,42946.02
Philippines,19-06-2023,30,24.4,27,6.7,4.6,16.6,43031.09
Philippines,20-06-2023,30.2,23.9,26.6,8,5.2,15.5,32631.58
Philippines,21-06-2023,30.4,22.8,26.7,5.8,12.9,27,43061.14
Philippines,22-06-2023,30.6,23.1,26.7,9.3,8.6,22.7,43143.02
Philippines,23-06-2023,31.3,24.4,26.9,8.9,10.6,26.3,37198.17
Philippines,24-06-2023,29.5,23.9,26.2,15.5,9.8,27.7,34830.19
Philippines,25-06-2023,28.9,22.1,24.9,33.8,7.6,19.8,23641.69
Philippines,26-06-2023,28.7,23.6,25.1,12,8.4,23,24344.31
Philippines,27-06-2023,28.8,23.9,25.9,15.2,7.1,17.3,24387.7
Philippines,28-06-2023,28.7,23.5,26,9.5,15.7,35.6,36372.29
Philippines,29-06-2023,28.4,23.3,25.4,19.1,10.8,28.8,31248.32
Philippines,30-06-2023,29.8,23.3,26,3.5,6.2,19.4,33776.95
Philippines,01-07-2023,30.4,23.1,26.8,13,9.2,22,39489.1
Philippines,02-07-2023,29.5,22.9,26.2,4,11.3,30.6,36000
Philippines,03-07-2023,30.1,24.2,27,2.6,13.3,33.5,37212.09
Philippines,04-07-2023,30.8,25,27.6,1.4,7.8,21.2,36131.12
Philippines,05-07-2023,29.4,24.2,27,1.2,15.5,37.8,41911.48
Philippines,06-07-2023,30.6,24.1,27.1,3.8,13.5,33.5,42239.45
Philippines,07-07-2023,29.7,23.8,26.9,1.8,8.8,27.7,43123.71
Philippines,08-07-2023,31.3,24.1,27.7,0.1,7.9,21.6,43154.71
Philippines,09-07-2023,31.1,24,27.6,0.2,12,28.8,40029.56
Philippines,10-07-2023,30.6,23.5,26.9,5.8,14,32.8,43131.98
Philippines,11-07-2023,30.7,24.6,26.9,14.5,13.7,32.4,38479.32
Philippines,12-07-2023,28.8,23.6,25.2,34.7,13.8,29.5,16831.44
Philippines,13-07-2023,27.3,23.5,25.2,20.8,17.2,38.2,14590.92
Philippines,14-07-2023,26.8,24,25.6,7.8,30.3,65.2,16352.7
Philippines,15-07-2023,28.6,24.7,26.3,2.2,34.8,74.5,41896.82
Philippines,16-07-2023,27.5,24.4,25.9,7.9,30.1,65.9,35924.58
Philippines,17-07-2023,28.9,25,26.7,0.5,25.4,56.2,43119.76
Philippines,18-07-2023,29.3,23.7,26.3,29.3,16,39.2,38756.53
Philippines,19-07-2023,29.4,22.6,25.3,5.4,11.3,29.9,32304.4
Philippines,20-07-2023,29.7,22.3,25.4,15.3,8.9,27.4,33881.17
Philippines,21-07-2023,30.3,22.2,25.6,8,6.9,19.4,43091.91
Philippines,22-07-2023,28.9,22.5,25.4,10.2,14.1,34.9,36888.39
Philippines,23-07-2023,28.4,24.2,25.8,5.2,19.7,41.8,20482.45
Philippines,24-07-2023,27.6,24.7,26,3.9,22.3,49.3,2204.91
Philippines,25-07-2023,27,24.7,25.8,10.1,29.3,63.4,10529.9
Philippines,26-07-2023,28.2,25.2,26.3,6.2,37,78.8,34402.59
Philippines,27-07-2023,28.5,25.2,26.6,1.3,33.3,76.3,43025.29
Philippines,28-07-2023,28.5,25.1,26.5,0.8,31,67.3,43011.31
Philippines,29-07-2023,28,25.4,26.4,8.2,24.9,55.1,37773.92
Philippines,30-07-2023,28.6,24.9,26.5,4.9,22.4,47.9,35370.9
Philippines,31-07-2023,28.9,25.2,26.9,0.9,24.5,53.3,42964.51
Philippines,01-08-2023,28.9,25.6,27.1,2.1,27.6,58.7,42910.41
Philippines,02-08-2023,28.8,25.2,26.6,3.2,32.2,69.1,42603.46
Philippines,03-08-2023,28.8,25.3,26.7,0.7,32.8,72,42873.14
Philippines,04-08-2023,29.2,25.7,27.3,0,25,55.1,42890.79
Philippines,05-08-2023,29.8,25.3,27.3,0,25.3,55.1,42870.35
Philippines,06-08-2023,29.5,25.4,27.3,0,20.3,45,42849.08
Philippines,07-08-2023,29.7,25.7,27.5,0.3,21.1,46.4,42826.79
Philippines,08-08-2023,30.1,25.7,27.5,1.6,16.8,42.8,42803.48
Philippines,09-08-2023,30.6,24.8,27.2,8.3,16.6,42.5,42779.17
Philippines,10-08-2023,30.8,23.3,26.9,8,14.4,37.8,42268.11
Philippines,11-08-2023,29.6,23.3,26.5,6.3,13.7,33.8,41625.34
Philippines,12-08-2023,29.2,24.5,26.8,2.8,16.7,38.2,31137.16
Philippines,13-08-2023,30,24.4,26.8,2.1,12.7,31.7,34309.92
Philippines,14-08-2023,29.9,25,26.7,9.1,11.2,30.2,35485.31
Philippines,15-08-2023,30.4,24.5,27,4.8,12.1,29.9,42614.98
Philippines,16-08-2023,29.9,24.1,26.9,5.1,15.1,31.7,42584.94
Philippines,17-08-2023,29.4,23.8,26.5,1.2,16.6,35.3,42554.25
Philippines,18-08-2023,29.1,24.6,26.6,2.8,19.5,44.3,42522.95
Philippines,19-08-2023,29,24.3,26.6,3,18.7,41.4,42491.07
Philippines,20-08-2023,29.3,24.4,26.8,2.1,14.9,35.3,42458.66
Philippines,21-08-2023,30,23.7,26.4,11.7,13.8,33.1,41237.36
Philippines,22-08-2023,28.8,23.5,25.9,18.4,16.5,41,31592.97
Philippines,23-08-2023,28.5,23.2,25.8,3.2,16,34.6,25086.72
Philippines,24-08-2023,28.5,23.4,25.8,1.7,14.8,35.3,30298.04
Philippines,25-08-2023,29.7,24.4,26.6,8.7,13.2,31.3,35285.38
Philippines,26-08-2023,29.2,24.8,26.6,8.5,19.9,43.6,26656.53
Philippines,27-08-2023,27.3,23.7,25.5,15.4,20.3,47.9,15862.39
Philippines,28-08-2023,28,24,25.8,19.1,21.8,55.1,32400
Philippines,29-08-2023,27.4,24.6,25.8,5.8,30.9,67.3,31772.77
Philippines,30-08-2023,28.1,24.9,26.3,5.2,31.1,68.4,37834.81
Philippines,31-08-2023,29.1,24.7,26.8,3.9,30.6,65.9,41598.55
Philippines,01-09-2023,28.6,25.4,27,5,29.5,63.7,41733.81
Philippines,02-09-2023,29,25.8,27.2,2.1,30.9,66.6,35541.3
Philippines,03-09-2023,27.1,25.6,26.3,7.4,29.2,61.2,12620.64
Philippines,04-09-2023,28,25.3,26.6,3.9,27.8,59,24165.72
Philippines,05-09-2023,29,24.6,26.2,15.7,19.7,45.4,36000
Philippines,06-09-2023,29.8,24.6,27,2.4,12.1,29.5,39856.05
Philippines,07-09-2023,30.2,23.5,26.8,0.5,10.8,27,41782.95
Philippines,08-09-2023,30.1,23.3,26.1,4.6,11.7,24.1,40266.22
Philippines,09-09-2023,29.5,23.6,26.5,3.8,8.1,21.6,39867.16
Philippines,10-09-2023,30.3,24.2,26.8,4.5,12.1,28.1,41656.48
Philippines,11-09-2023,29.8,23.3,26.2,9.4,12.1,27.7,37928.36
Philippines,12-09-2023,28.5,23.7,25.4,11.9,14.8,35.3,17892.68
Philippines,13-09-2023,28.6,24.3,26.1,11.1,13.4,32,41155.97
Philippines,14-09-2023,29.5,23.5,25.9,4.8,12.6,32,39739.44
Philippines,15-09-2023,29.1,23.7,25.9,10.6,10.7,27.7,36422.88
Philippines,16-09-2023,29.9,23.1,26.2,1.5,5.7,18.4,36000
Philippines,17-09-2023,30.4,23,26,12.3,9.3,21.6,39600
Philippines,18-09-2023,30.1,23.3,26.1,9.4,11.8,28.8,33971.81
Philippines,19-09-2023,30.1,23.6,26.7,10.7,5.9,15.5,40779.31
Philippines,20-09-2023,29.8,23.9,26.5,10.9,7.1,22.3,30332.54
Philippines,21-09-2023,29.5,23.7,25.8,11.3,8.8,23,25007.3
Philippines,22-09-2023,28.4,23.4,24.7,44.7,13.9,31.3,15556.04
Philippines,23-09-2023,28.2,23.3,25.1,23.1,14.8,32,16771.93
Philippines,24-09-2023,27.8,23.3,25.4,10.5,14.3,33.1,27489.58
Philippines,25-09-2023,28.8,22.8,25.3,18,11.2,28.8,37056.48
Philippines,26-09-2023,29.1,22.8,25.7,3.7,13.7,33.8,39954.83
Philippines,27-09-2023,29.4,23.3,25.6,6.7,11.2,28.4,36296.7
Philippines,28-09-2023,28.6,23,25.4,3.7,9.3,24.8,36619.72
Philippines,29-09-2023,29.7,22.6,25.7,7.7,9,21.2,38586.23
Philippines,30-09-2023,28.9,23.8,26.1,2.1,13.3,31.7,32379.48
Philippines,01-10-2023,28.9,25.1,26.8,2.7,20.2,45.7,38111.16
Philippines,02-10-2023,27.9,25.4,26.4,4.7,21.9,48.2,21790.37
Philippines,03-10-2023,28.3,24.8,26.4,4.6,25.7,55.8,25490.22
Philippines,04-10-2023,28.7,25.2,26.6,7.1,16.1,35.3,39231.28
Philippines,05-10-2023,28.6,25.1,26.5,0.6,17.8,39.2,36182.54
Philippines,06-10-2023,29.2,24.7,26.6,6,13.9,33.1,39600
Philippines,07-10-2023,30.1,24.8,26.8,1.8,9.2,23.4,37789.52
Philippines,08-10-2023,30.7,23.5,26.6,2.1,9.3,23.4,39591.6
Philippines,09-10-2023,30.2,23.8,26.6,1.4,14.1,33.1,39646.61
Philippines,10-10-2023,28.5,23.6,25.2,7.5,14.3,36,24215.77
Philippines,11-10-2023,27.4,23.4,24.8,26.8,13.5,37.4,18967.12
Philippines,12-10-2023,29.2,23.3,25.7,3.5,12,27.4,39552.05
Philippines,13-10-2023,29.6,23.9,26,9.6,10.2,25.9,36000
Philippines,14-10-2023,27.6,22.8,24.7,14.5,9.4,25.6,21135.87
Philippines,15-10-2023,28.9,22.6,25.4,9.3,9.4,24.1,35393.87
Philippines,16-10-2023,28.7,23,24.9,10.6,9.5,24.5,30864.78
Philippines,17-10-2023,29.5,22.4,25.9,1.7,13.5,33.1,39522.22
Philippines,18-10-2023,28.2,23.7,25.8,6.7,14.4,34.9,39512.16
Philippines,19-10-2023,29.9,23.5,26.2,1.1,13.3,29.2,39501.5
Philippines,20-10-2023,28.5,23.9,25.8,6.3,10.2,22.7,37309.41
Philippines,21-10-2023,28.3,22.8,24.8,13.5,13,30.6,19082.96
Philippines,22-10-2023,27.6,23.6,25.3,11.9,11.2,29.2,37639.06
Philippines,23-10-2023,27.6,23.5,25.3,0.8,16.3,34.2,16982.67
Philippines,24-10-2023,29.1,23.2,25.5,8,12.5,29.2,38585.29
Philippines,25-10-2023,30.5,22.6,26.2,2.2,10.9,27.4,39423.6
Philippines,26-10-2023,29.6,24.1,26.3,1.5,10.4,24.1,39408.11
Philippines,27-10-2023,29.3,23.5,25.8,4.8,9.3,25.2,39392.01
Philippines,28-10-2023,29,23.6,25.9,4.1,16.1,34.6,39375.31
Philippines,29-10-2023,29.8,24.1,26.6,0.1,17.7,39.2,39358
Philippines,30-10-2023,29.8,23.5,26.1,1.7,21.4,47.9,36014.82
Philippines,31-10-2023,28.3,23,25,9.1,23.8,51.1,21897.53
Philippines,01-11-2023,27.5,23.3,25,5.1,13.9,31.3,18823.48
Philippines,02-11-2023,29.4,23.2,25.8,1.6,9.2,22.3,39282.8
Philippines,03-11-2023,30.1,23.5,26,3.1,10.7,27.4,37817.35
Philippines,04-11-2023,29.9,24.4,26.7,0.9,14.3,32.8,39241.67
Philippines,05-11-2023,29.4,24,26.5,0.6,14.3,31.7,39220.25
Philippines,06-11-2023,29.4,24.6,26.5,2.7,15.1,34.9,39186.91
Philippines,07-11-2023,27.8,24.1,25.3,17.5,18.4,42.8,16678.38
Philippines,08-11-2023,27.8,24.5,25.7,2.9,18.9,45.4,39106.14
Philippines,09-11-2023,29.6,23.8,26.4,0.9,16.1,35.3,39066.6
Philippines,10-11-2023,29.1,23.9,26.3,0.5,14.7,34.9,39027.67
Philippines,11-11-2023,28.8,23.8,25.6,2.4,18.3,39.6,36855.75
Philippines,12-11-2023,29.7,23.9,26.4,0.9,14.5,32,38951.93
Philippines,13-11-2023,27.5,23.6,25.2,27.9,21.3,50.8,37426.49
Philippines,14-11-2023,29.7,23.8,25.5,3.9,22.9,52.2,29621.04
Philippines,15-11-2023,27.3,24,25,14.5,23.5,53.3,38161.92
Philippines,16-11-2023,28.3,23.9,25.7,1.2,25.5,55.4,38809.08
Philippines,17-11-2023,27.3,23.9,25.2,1.9,23.7,56.5,35470.16
Philippines,18-11-2023,27.9,23.3,25.2,0.1,25.1,53.6,21016.66
Philippines,19-11-2023,26.1,22.7,24.2,7.1,27.5,60.5,19794.88
Philippines,20-11-2023,26.8,23.2,24.8,2.3,24.4,53.3,18618.84
Philippines,21-11-2023,25.5,23.7,24.4,3.1,24.1,51.8,6418.81
Philippines,22-11-2023,26.8,23.3,24.9,0.7,19.9,43.9,19658.58
Philippines,23-11-2023,28.2,23.6,25.5,0.9,17.6,39.2,34135.34
Philippines,24-11-2023,28.1,22.6,25.2,5.3,25.5,55.1,38083.61
Philippines,25-11-2023,25.6,22.6,23.7,15.5,22.2,48.2,13469.66
Philippines,26-11-2023,28.4,23.4,25.4,0.7,23,51.5,38489.28
Philippines,27-11-2023,27.7,23.6,25.3,0.7,20.1,44.3,38461.3
Philippines,28-11-2023,28.7,23.5,25.6,4.4,19.4,45.4,38434.24
Philippines,29-11-2023,28.6,23.6,25.3,19.6,18.9,48.6,31404.13
Philippines,30-11-2023,28.5,24,25.8,0.1,26.2,56.5,38383.09
Philippines,01-12-2023,27.9,23.3,25.5,1.8,24.7,54.7,37778.3
Philippines,02-12-2023,28.8,24.1,26,0.3,22.6,49.7,38336.23
Philippines,03-12-2023,28.3,23,25.2,2.5,22.4,46.4,37055.73
Philippines,04-12-2023,28.9,23.5,25.6,3.1,19,44.6,38294.13
Philippines,05-12-2023,29.2,23.4,25.5,3.5,11.7,27,38093.6
Philippines,06-12-2023,29,23.3,25.7,2.3,11.7,27.7,35950.56
Philippines,07-12-2023,29.2,23.8,25.9,0.7,16.4,37.1,38239.54
Philippines,08-12-2023,29.7,22.4,25.9,0,13.6,29.2,38223.2
Philippines,09-12-2023,29,23.7,25.9,0,16.8,36,38203.75
Philippines,10-12-2023,29.1,23.7,25.9,0.5,16.3,37.1,38169.05
Philippines,11-12-2023,28.7,23.4,25.7,1.5,17.3,37.8,38134.23
Philippines,12-12-2023,29.4,23.4,26,0,18.1,40.7,38099.42
Philippines,13-12-2023,29.5,24.3,26.2,0.5,23,50,38064.7
Philippines,14-12-2023,27.8,22.8,25,3.6,24.5,54,36839.24
Philippines,15-12-2023,28.8,23.7,25.5,3.4,21,43.9,37820.09
Philippines,16-12-2023,28.2,23.4,25.2,3,16.3,37.8,37962.1
Philippines,17-12-2023,26.7,22.7,24.6,1,29.9,65.9,37441.78
Philippines,18-12-2023,27.1,23.6,25,2,23.5,51.5,21054.08
Philippines,19-12-2023,28.5,23.4,25.6,2.6,15.5,42.1,33329.86
Philippines,20-12-2023,28.5,23.8,25.7,17.9,13.5,32.4,35503.76
Philippines,21-12-2023,28.7,23.3,25.1,4.1,14.1,36,35167.83
Philippines,22-12-2023,27.3,22.7,24.4,8.4,15.9,35.3,32599.94
Philippines,23-12-2023,27.5,22.7,24.4,2.4,24.2,51.5,37175.48
Philippines,24-12-2023,28.2,23.4,25.2,2.3,18.9,39.6,37170.59
Philippines,25-12-2023,26.8,23,24.6,1.5,24.2,54,37053.8
Philippines,26-12-2023,28.5,23.3,25.5,0.6,22.9,47.5,37270.91
Philippines,27-12-2023,28.1,23.2,25.2,4.5,20.1,46.1,37044.99
Philippines,28-12-2023,28.8,23,25.4,0.4,19,42.1,37148.9
Philippines,29-12-2023,26.8,23.2,24.9,11.2,21.1,48.2,36820.18
Philippines,30-12-2023,28.7,23.6,25.7,9,17.1,36.7,37030.3
Philippines,31-12-2023,28.5,22.9,25.3,7.3,15.8,36.4,36602.88
