Date,Temp_Max,Temp_Min,Temp_Mean,Precipitation_Sum,Windspeed_Max,Windgusts_Max,Sunshine_Duration
2000-01-01,-1.2,-4.0,-2.6,1.7,16.3,36.0,2104.36
2000-01-02,-0.9,-4.2,-2.6,0.0,7.2,16.9,19470.7
2000-01-03,-0.0,-5.1,-2.0,0.0,8.3,20.5,18731.88
2000-01-04,2.6,-1.9,-0.0,0.0,8.4,21.2,27243.21
2000-01-05,1.0,-3.9,-1.3,0.0,7.2,17.6,20679.97
2000-01-06,2.0,-3.4,-1.1,0.0,11.0,28.1,27811.35
2000-01-07,2.4,-2.3,-0.3,0.0,5.1,13.7,26037.66
2000-01-08,1.8,-2.8,-1.1,0.0,7.1,12.6,28039.41
2000-01-09,1.3,-5.7,-2.4,0.0,5.3,9.4,28024.38
2000-01-10,-0.6,-7.0,-4.3,0.0,7.3,19.1,26052.23
2000-01-11,-1.5,-4.2,-2.8,0.0,7.3,18.0,0.0
2000-01-12,-0.1,-2.9,-1.6,0.0,7.1,15.8,12279.7
2000-01-13,1.5,-6.6,-2.8,0.0,15.2,34.6,28427.27
2000-01-14,2.2,-6.8,-3.3,0.0,14.4,33.8,28801.61
2000-01-15,2.1,-3.9,-2.1,0.0,8.5,21.2,28591.07
2000-01-16,-0.9,-3.9,-2.6,0.0,13.0,32.4,0.0
2000-01-17,0.5,-4.3,-2.1,2.3,18.7,42.8,19831.93
2000-01-18,3.6,-1.5,1.3,11.3,29.6,86.0,14563.13
2000-01-19,0.2,-4.1,-1.7,3.7,24.2,61.9,20179.31
2000-01-20,-1.2,-8.9,-4.6,2.1,21.2,47.9,28573.39
2000-01-21,3.1,-10.7,-2.9,2.8,29.1,75.6,8891.88
2000-01-22,-1.4,-7.4,-4.5,0.0,30.4,63.4,30204.09
2000-01-23,-1.7,-7.5,-5.1,6.1,18.5,44.6,13971.89
2000-01-24,-5.8,-8.6,-7.0,4.4,21.5,45.4,559.89
2000-01-25,-8.1,-17.1,-11.9,0.0,17.1,36.4,30431.68
2000-01-26,-4.8,-15.6,-10.3,0.0,13.5,28.4,30500.05
2000-01-27,2.4,-12.1,-3.7,0.0,13.1,31.7,24538.57
2000-01-28,4.3,-12.3,-3.9,0.0,9.4,17.6,30714.48
2000-01-29,2.7,-9.6,-4.0,0.0,10.3,23.4,30844.51
2000-01-30,3.5,-6.1,-1.3,3.5,11.8,40.3,7137.27
2000-01-31,10.2,-1.8,2.3,0.3,9.8,25.2,25184.86
2000-02-01,11.8,-0.9,4.1,0.0,10.7,26.3,31238.03
2000-02-02,12.7,-2.8,4.0,0.0,7.6,16.9,31165.23
2000-02-03,6.0,-0.4,2.6,4.0,16.3,42.5,1839.34
2000-02-04,3.9,-1.5,1.2,0.0,18.8,43.6,29462.23
2000-02-05,7.6,-3.3,1.9,0.0,13.1,31.3,18629.46
2000-02-06,12.4,4.5,7.6,0.0,10.5,30.6,24813.19
2000-02-07,13.1,-1.4,4.8,0.0,9.9,20.5,32530.3
2000-02-08,11.9,-1.7,4.8,0.0,7.7,13.7,32760.62
2000-02-09,5.4,-0.9,2.3,13.2,13.6,32.8,0.0
2000-02-10,6.4,-0.3,2.8,0.0,15.5,35.3,27624.4
2000-02-11,8.5,-0.4,3.6,0.0,7.7,20.2,22938.12
2000-02-12,7.8,1.6,4.4,0.0,5.2,15.8,17259.37
2000-02-13,6.5,0.9,4.2,0.3,10.5,23.8,13302.58
2000-02-14,5.3,-2.9,0.7,1.4,18.0,41.4,13818.8
2000-02-15,4.1,-3.1,-0.1,0.6,14.8,35.3,34125.76
2000-02-16,10.1,-3.7,2.3,0.0,13.2,28.8,34308.17
2000-02-17,4.4,-0.3,1.9,14.3,16.6,37.4,0.0
2000-02-18,2.6,-1.5,0.2,1.5,26.3,56.2,14041.91
2000-02-19,4.9,-4.0,0.7,0.0,11.5,24.8,22626.56
2000-02-20,3.1,-0.0,1.4,3.8,9.2,20.9,0.0
2000-02-21,2.6,-1.5,1.0,4.0,19.9,45.0,23966.58
2000-02-22,1.7,-3.0,-1.2,0.1,16.1,39.2,28480.35
2000-02-23,0.3,-2.3,-1.4,0.0,6.2,17.6,8454.84
2000-02-24,2.0,-1.6,-0.3,0.0,10.3,26.3,23766.38
2000-02-25,8.6,-4.9,1.0,0.5,10.8,24.5,32441.74
2000-02-26,7.1,0.6,3.4,1.2,22.1,46.1,34178.18
2000-02-27,7.2,-1.5,2.2,0.0,16.6,36.0,31862.94
2000-02-28,7.9,-2.3,1.9,0.0,11.4,28.1,35846.04
2000-02-29,9.5,-3.3,1.9,0.0,10.7,26.3,36110.55
2000-03-01,12.5,-3.9,3.5,0.0,12.4,29.9,36396.67
2000-03-02,10.1,1.4,5.1,3.6,20.7,43.2,12978.23
2000-03-03,7.2,-1.0,3.1,0.8,19.9,48.6,36605.39
2000-03-04,13.7,-3.3,4.6,2.0,10.8,27.4,36925.97
2000-03-05,4.8,-0.5,2.4,4.1,22.9,55.1,28499.33
2000-03-06,4.3,-2.7,0.3,0.4,18.2,43.2,32040.82
2000-03-07,10.7,-4.5,2.1,0.0,8.7,22.7,37784.55
2000-03-08,13.8,-3.2,4.6,0.0,11.7,30.2,37894.18
2000-03-09,16.9,1.5,8.7,0.1,16.3,43.6,36000.0
2000-03-10,11.1,4.4,7.1,6.7,20.5,65.2,18662.62
2000-03-11,14.2,-1.1,6.2,0.0,16.6,40.7,36606.21
2000-03-12,11.3,3.4,7.4,3.8,20.9,48.2,34170.21
2000-03-13,9.0,1.2,4.6,0.0,7.9,15.8,38610.18
2000-03-14,13.8,-1.5,6.5,0.0,8.5,16.2,38726.05
2000-03-15,14.4,-1.0,4.4,4.6,24.6,56.9,24265.6
2000-03-16,8.1,-1.2,2.9,2.5,19.5,44.3,35174.95
2000-03-17,4.6,-1.7,1.1,3.6,21.3,47.2,27605.79
2000-03-18,1.8,-2.3,-0.6,7.1,15.6,38.5,15458.58
2000-03-19,2.6,-3.0,-0.6,2.8,14.5,40.3,27633.15
2000-03-20,3.0,-2.7,0.0,1.8,15.5,41.0,33675.23
2000-03-21,4.1,-0.7,1.0,2.7,17.9,40.7,30238.42
2000-03-22,8.9,-2.2,3.2,0.0,9.1,22.7,40217.53
2000-03-23,14.6,-2.2,6.5,0.0,7.9,21.2,40780.16
2000-03-24,17.2,-1.7,8.4,0.0,6.7,16.9,39600.0
2000-03-25,16.1,1.9,9.1,0.0,11.3,22.7,40286.65
2000-03-26,16.1,3.8,10.2,0.0,10.7,27.0,18583.62
2000-03-27,15.6,4.6,10.3,1.0,15.3,43.6,38447.83
2000-03-28,16.7,1.8,9.3,0.0,12.9,35.6,40712.14
2000-03-29,19.9,2.0,11.3,0.0,16.6,34.6,40853.27
2000-03-30,15.7,6.8,11.0,2.2,11.0,31.3,38525.76
2000-03-31,16.8,0.6,9.6,0.0,8.1,23.0,41728.46
2000-04-01,14.1,1.7,9.0,0.6,19.0,45.4,28946.59
2000-04-02,14.1,3.2,8.8,0.2,15.4,42.1,41947.84
2000-04-03,19.8,1.9,11.4,0.9,15.0,34.6,28545.88
2000-04-04,22.4,8.2,15.2,0.9,15.6,40.7,42181.09
2000-04-05,16.8,11.7,14.1,6.1,25.0,63.0,14434.16
2000-04-06,14.0,6.0,11.1,3.3,23.2,56.5,42018.79
2000-04-07,7.8,1.8,5.0,0.1,21.1,49.7,23131.47
2000-04-08,9.2,-0.9,4.2,5.5,17.1,47.5,41117.85
2000-04-09,10.5,-1.2,5.1,0.0,11.2,29.2,43616.41
2000-04-10,15.5,0.9,8.7,0.0,14.8,31.3,33252.63
2000-04-11,13.8,6.1,9.7,0.4,11.4,28.8,29770.62
2000-04-12,19.0,2.6,11.1,0.0,13.2,31.0,44444.88
2000-04-13,19.4,4.5,12.8,0.0,8.7,21.6,44699.91
2000-04-14,20.7,6.5,13.6,0.0,8.7,21.6,43356.39
2000-04-15,21.7,6.8,14.5,0.3,16.7,42.5,40257.04
2000-04-16,23.2,8.6,16.4,0.0,9.8,19.1,43185.32
2000-04-17,24.8,7.2,16.5,0.0,11.8,27.0,41890.32
2000-04-18,21.9,10.2,15.8,0.0,18.1,43.2,45541.69
2000-04-19,20.8,10.8,15.7,1.0,14.0,39.2,45707.31
2000-04-20,18.5,10.7,13.8,5.0,16.8,36.4,27108.2
2000-04-21,21.9,7.5,15.0,0.0,16.1,37.8,46034.88
2000-04-22,21.5,8.0,15.2,0.0,22.2,51.1,46127.32
2000-04-23,22.7,8.1,16.2,0.0,16.1,40.7,46319.63
2000-04-24,23.7,7.8,15.9,3.9,10.0,22.3,39210.1
2000-04-25,17.9,10.7,13.9,8.1,12.8,32.8,46122.05
2000-04-26,19.0,10.0,14.4,3.3,9.3,22.7,31987.54
2000-04-27,21.0,8.6,14.6,2.2,9.6,25.2,45273.52
2000-04-28,21.6,11.1,16.2,0.0,17.6,44.3,46755.69
2000-04-29,23.3,10.9,17.0,0.0,17.0,38.5,45442.5
2000-04-30,21.7,13.3,16.8,4.0,17.0,38.5,41470.61
2000-05-01,20.1,10.9,16.1,1.4,12.3,37.1,42007.18
2000-05-02,21.6,9.5,15.9,6.2,10.5,27.4,40637.9
2000-05-03,17.0,9.5,13.1,0.0,18.4,43.6,46800.0
2000-05-04,17.9,5.8,11.9,0.0,14.0,34.9,46800.0
2000-05-05,19.8,8.0,13.9,0.0,9.1,24.5,42121.15
2000-05-06,22.1,6.9,16.1,0.0,8.1,16.9,46903.09
2000-05-07,24.1,8.6,17.8,0.0,9.7,16.9,46900.82
2000-05-08,25.2,10.8,19.3,0.0,10.2,25.2,39166.58
2000-05-09,25.5,12.0,19.5,0.0,8.9,16.6,46801.36
2000-05-10,27.4,12.1,20.6,0.0,7.4,20.5,46888.84
2000-05-11,27.1,12.5,20.6,0.2,9.4,24.8,47083.21
2000-05-12,26.4,13.5,20.0,3.4,11.5,33.5,43200.0
2000-05-13,18.3,13.5,16.0,3.9,12.7,33.5,20576.14
2000-05-14,19.6,13.2,16.0,0.0,9.0,19.8,15856.71
2000-05-15,22.4,9.6,16.8,0.0,13.0,30.6,46274.46
2000-05-16,23.4,11.8,18.6,0.0,7.8,19.8,47514.43
2000-05-17,25.3,10.9,19.4,0.0,7.5,17.3,47500.34
2000-05-18,26.6,11.4,20.2,0.0,7.3,15.5,47377.8
2000-05-19,27.1,12.0,20.2,0.0,11.7,28.4,45815.01
2000-05-20,22.2,14.1,17.9,0.2,10.7,29.2,42909.65
2000-05-21,19.0,11.0,14.5,0.8,20.6,39.6,39741.6
2000-05-22,25.2,10.4,17.6,2.5,20.0,44.6,43954.78
2000-05-23,19.9,9.5,14.6,0.0,15.9,38.2,47508.86
2000-05-24,20.0,11.7,15.6,0.3,16.6,40.0,37146.84
2000-05-25,24.1,10.8,17.7,0.0,10.5,24.1,49099.68
2000-05-26,26.7,12.2,20.2,0.0,9.9,20.9,49389.29
2000-05-27,28.3,15.7,22.5,0.0,12.5,29.5,49411.77
2000-05-28,28.6,15.5,22.5,0.0,14.0,34.9,48289.29
2000-05-29,26.4,14.8,20.1,12.4,12.0,37.8,30914.08
2000-05-30,17.9,13.6,15.5,3.9,18.9,42.1,41046.72
2000-05-31,23.9,10.0,17.1,12.6,10.2,27.4,43868.66
2000-06-01,18.1,12.7,15.3,5.6,20.9,48.2,35866.96
2000-06-02,20.4,8.6,15.5,0.0,13.2,32.8,50322.7
2000-06-03,23.5,10.4,17.9,0.0,7.4,19.1,50508.7
2000-06-04,26.5,12.0,20.6,0.0,8.4,16.6,50554.74
2000-06-05,28.4,13.7,22.4,0.0,8.7,21.2,50739.2
2000-06-06,29.9,15.3,24.0,1.2,6.5,16.2,49317.82
2000-06-07,26.0,15.9,21.2,5.0,17.1,37.1,38653.29
2000-06-08,23.5,16.1,19.5,0.0,16.9,41.0,45938.78
2000-06-09,27.7,15.8,21.7,0.0,8.2,20.2,50895.71
2000-06-10,28.5,16.5,22.0,2.7,16.0,36.7,42136.59
2000-06-11,28.4,15.1,22.3,0.0,17.0,42.1,50530.11
2000-06-12,29.9,16.5,23.8,0.0,13.0,32.0,49364.87
2000-06-13,32.4,20.5,26.1,0.0,12.7,21.6,46354.51
2000-06-14,33.4,17.0,25.7,2.3,10.1,24.8,45027.9
2000-06-15,32.7,18.1,25.1,0.7,12.7,40.7,48107.73
2000-06-16,22.8,17.2,20.5,4.0,17.6,42.5,23888.4
2000-06-17,19.0,12.4,16.1,0.0,23.7,54.4,47625.75
2000-06-18,20.6,8.5,15.3,0.0,14.1,34.6,50991.62
2000-06-19,21.2,10.7,16.6,0.0,15.7,38.5,51007.71
2000-06-20,24.8,10.1,18.4,0.0,8.4,23.0,51308.41
2000-06-21,29.2,12.3,22.1,0.0,7.1,19.8,51175.69
2000-06-22,31.1,15.0,24.7,0.0,7.9,22.7,51183.85
2000-06-23,32.8,16.1,26.0,0.0,5.9,14.8,51047.59
2000-06-24,30.2,17.9,24.2,1.1,13.8,34.6,49212.42
2000-06-25,31.2,16.3,23.9,0.0,23.3,52.6,48506.11
2000-06-26,20.5,14.6,17.1,0.0,17.1,42.1,20637.79
2000-06-27,22.4,14.3,18.0,0.0,18.4,45.4,50214.54
2000-06-28,25.2,12.6,19.7,0.0,10.7,25.9,51037.39
2000-06-29,21.6,14.9,18.1,3.8,9.5,27.0,24810.99
2000-06-30,23.3,13.1,18.8,0.2,8.2,24.5,44264.12
2000-07-01,28.9,12.2,21.9,0.0,9.4,24.1,48870.1
2000-07-02,32.1,14.8,24.6,0.0,9.8,25.6,50585.53
2000-07-03,35.4,17.4,27.9,0.0,9.8,22.7,50439.12
2000-07-04,39.9,17.8,29.5,0.0,11.2,31.3,50551.27
2000-07-05,35.9,19.3,28.1,0.0,17.7,36.7,50403.4
2000-07-06,29.8,19.7,25.1,0.0,13.3,31.0,50256.71
2000-07-07,32.3,18.5,25.8,0.0,10.4,23.4,50234.7
2000-07-08,38.2,17.6,27.9,0.0,16.5,46.4,50331.4
2000-07-09,24.0,15.4,19.3,0.3,22.1,60.1,23944.38
2000-07-10,25.9,11.3,19.0,0.0,10.1,24.8,50037.31
2000-07-11,33.7,14.4,24.4,1.1,16.7,43.9,50007.71
2000-07-12,29.5,16.8,23.0,0.5,13.4,33.8,48102.44
2000-07-13,18.7,12.8,16.0,24.1,24.8,63.0,27536.27
2000-07-14,22.3,11.5,17.0,0.0,16.1,35.3,49690.37
2000-07-15,19.4,11.6,15.8,5.9,14.8,39.2,10581.6
2000-07-16,19.7,13.0,16.0,0.2,9.4,29.9,26614.69
2000-07-17,21.6,11.0,16.8,0.2,10.4,30.6,49387.66
2000-07-18,22.6,11.7,17.7,1.7,10.2,26.6,47753.85
2000-07-19,21.0,11.1,16.8,1.8,10.8,29.5,47279.36
2000-07-20,20.7,12.0,16.7,2.4,15.1,36.4,47231.95
2000-07-21,21.3,12.1,17.0,0.0,10.9,29.5,43106.63
2000-07-22,23.3,11.9,18.2,0.2,6.6,19.4,48353.13
2000-07-23,28.3,13.2,21.8,0.0,9.5,25.2,49100.1
2000-07-24,33.0,14.4,24.2,0.0,9.9,26.6,48920.79
2000-07-25,36.4,16.2,26.7,0.0,15.7,39.2,48988.69
2000-07-26,36.3,16.7,27.2,0.0,13.8,34.6,48930.34
2000-07-27,28.7,19.0,24.3,0.0,14.2,35.6,48570.66
2000-07-28,31.1,18.2,24.6,0.0,11.5,25.6,48136.29
2000-07-29,25.1,18.1,21.2,0.0,26.4,58.7,36457.68
2000-07-30,25.1,13.7,20.0,0.5,13.9,32.8,47180.68
2000-07-31,22.2,15.5,18.5,8.2,16.0,39.6,39705.21
2000-08-01,23.8,13.6,19.0,0.2,15.3,38.2,46836.04
2000-08-02,27.0,14.1,21.6,0.0,6.6,20.5,47924.71
2000-08-03,30.9,13.7,23.9,0.0,8.3,16.9,47785.94
2000-08-04,33.0,16.4,25.8,0.0,11.2,22.3,47652.4
2000-08-05,32.3,21.4,26.5,0.0,10.5,24.5,47524.47
2000-08-06,33.5,19.7,26.8,0.0,12.9,29.9,44424.57
2000-08-07,29.5,18.9,23.8,8.3,15.1,30.6,46774.77
2000-08-08,24.3,17.3,20.4,9.6,14.5,34.2,40588.69
2000-08-09,25.9,15.1,20.9,0.0,9.8,25.9,46927.0
2000-08-10,27.1,15.3,22.0,0.0,7.6,21.2,46680.93
2000-08-11,28.2,18.8,23.5,0.0,6.5,20.9,46538.19
2000-08-12,29.8,18.4,24.6,0.0,10.0,27.4,46483.78
2000-08-13,30.9,17.6,25.1,0.0,8.9,18.7,46397.79
2000-08-14,32.2,19.8,26.3,0.0,8.6,19.4,46333.82
2000-08-15,29.0,18.0,23.7,1.2,12.1,29.2,43161.5
2000-08-16,30.1,17.9,24.0,4.2,9.5,26.3,45962.24
2000-08-17,30.5,18.4,25.5,0.0,6.0,21.2,45390.99
2000-08-18,32.6,17.5,26.3,0.0,7.6,23.4,46075.94
2000-08-19,34.0,19.4,27.7,0.0,10.3,25.6,46011.13
2000-08-20,35.1,20.0,28.1,0.0,11.5,29.9,45946.25
2000-08-21,35.9,19.5,28.6,0.0,11.9,29.2,45881.31
2000-08-22,36.5,19.7,29.0,0.0,10.2,26.3,45810.65
2000-08-23,35.1,19.2,28.0,0.7,8.4,22.0,44715.78
2000-08-24,29.7,21.0,25.3,0.2,15.5,38.2,44798.04
2000-08-25,28.6,16.3,22.7,0.0,17.1,41.8,45327.79
2000-08-26,21.6,15.8,19.2,0.0,17.8,43.2,40285.64
2000-08-27,22.8,11.5,17.4,0.0,13.2,34.6,44902.34
2000-08-28,25.7,13.9,19.8,1.6,8.8,22.3,44780.22
2000-08-29,24.4,14.4,19.4,2.3,7.6,24.5,42969.96
2000-08-30,25.3,14.2,20.1,0.0,7.6,19.8,43701.32
2000-08-31,31.1,14.4,22.3,0.0,10.0,40.7,36854.36
2000-09-01,24.6,16.8,19.6,2.1,11.8,36.0,13243.44
2000-09-02,26.2,14.6,20.2,0.0,9.5,25.9,42442.3
2000-09-03,22.4,13.9,18.3,1.3,15.7,31.7,36891.63
2000-09-04,20.3,14.0,16.8,2.0,12.7,30.2,30133.53
2000-09-05,13.7,11.4,12.8,14.4,16.4,37.8,0.0
2000-09-06,15.5,10.9,12.8,0.7,24.4,52.9,22584.86
2000-09-07,18.8,8.3,13.7,0.1,8.9,21.6,25085.11
2000-09-08,18.5,11.2,14.8,0.3,9.9,25.9,24111.82
2000-09-09,22.4,8.8,15.8,0.0,9.2,21.6,41422.36
2000-09-10,23.8,13.4,18.3,0.0,12.8,29.2,40320.02
2000-09-11,21.7,15.1,18.4,0.0,6.5,18.0,18018.76
2000-09-12,23.9,11.8,18.2,0.0,11.0,27.7,40343.71
2000-09-13,25.8,12.1,18.9,0.0,10.2,20.9,40342.99
2000-09-14,27.1,11.5,19.5,0.0,8.9,24.5,39758.26
2000-09-15,25.0,13.6,19.3,0.2,11.0,29.9,39687.54
2000-09-16,26.6,16.1,20.7,0.0,14.0,32.8,39600.0
2000-09-17,23.2,12.5,17.7,1.9,12.7,36.0,33893.7
2000-09-18,22.4,13.2,17.2,3.7,9.4,27.4,33188.7
2000-09-19,24.3,12.6,17.9,8.4,7.3,30.6,32378.46
2000-09-20,30.9,12.7,20.5,0.0,15.8,39.6,39600.0
2000-09-21,29.8,13.8,20.9,0.3,12.9,30.6,29085.34
2000-09-22,16.8,13.0,14.7,12.4,12.9,33.8,1277.44
2000-09-23,14.3,11.4,13.1,10.1,10.8,26.3,0.0
2000-09-24,15.9,9.5,12.4,0.6,9.0,23.8,22359.12
2000-09-25,16.7,8.9,12.7,0.0,7.1,20.2,34648.11
2000-09-26,16.3,9.5,13.1,0.6,7.2,18.7,28493.37
2000-09-27,18.0,7.5,12.8,0.0,9.8,18.0,39345.56
2000-09-28,19.0,6.4,12.5,0.0,12.7,29.5,39232.89
2000-09-29,19.6,7.3,13.2,0.0,16.0,34.6,33939.54
2000-09-30,18.8,8.9,13.9,0.0,16.0,32.8,24707.77
2000-10-01,21.7,11.3,16.3,0.4,23.3,50.8,35297.95
2000-10-02,21.4,14.6,16.9,3.3,18.6,44.6,8520.69
2000-10-03,22.1,13.6,17.0,0.6,17.4,36.7,29329.98
2000-10-04,19.6,13.1,15.8,0.4,15.9,38.9,37734.63
2000-10-05,18.5,11.3,14.5,0.1,16.9,36.7,24085.34
2000-10-06,20.0,10.4,14.6,0.0,14.3,32.0,34805.74
2000-10-07,18.2,10.6,14.2,0.2,18.7,40.7,22233.16
2000-10-08,15.8,11.8,13.4,0.4,19.7,43.9,15177.88
2000-10-09,12.9,10.4,11.4,0.1,16.7,36.4,0.0
2000-10-10,17.4,8.7,11.9,1.8,13.0,30.6,30953.26
2000-10-11,22.3,6.6,14.3,0.0,18.9,41.0,36942.49
2000-10-12,23.6,11.5,17.2,0.0,13.4,33.1,34319.21
2000-10-13,24.4,9.8,16.6,0.0,13.6,32.4,36454.84
2000-10-14,21.9,10.2,15.3,0.0,15.5,37.1,36105.02
2000-10-15,21.1,8.7,14.3,0.0,17.7,41.8,35771.56
2000-10-16,21.9,8.6,14.8,0.0,9.5,23.8,34766.68
2000-10-17,20.9,10.5,15.0,0.0,7.3,18.7,31524.52
2000-10-18,18.5,10.6,13.5,0.0,9.6,21.6,33689.78
2000-10-19,12.3,9.1,10.4,2.3,16.4,37.8,28692.19
2000-10-20,11.4,6.9,8.9,0.0,18.2,40.3,32360.37
2000-10-21,12.1,3.0,7.3,0.0,14.8,35.3,34540.67
2000-10-22,12.8,3.3,7.8,0.0,7.5,18.4,34387.75
2000-10-23,14.2,1.6,8.4,0.0,4.3,14.8,34301.31
2000-10-24,16.9,0.8,9.0,0.0,5.9,14.4,34101.29
2000-10-25,17.4,1.1,9.0,0.0,6.9,13.0,32289.48
2000-10-26,17.6,1.6,9.0,0.0,8.9,14.0,33630.2
2000-10-27,17.2,4.6,9.0,2.7,20.1,43.2,27761.8
2000-10-28,11.8,1.8,6.8,0.0,7.7,21.2,32595.9
2000-10-29,15.1,0.7,7.3,0.0,10.0,26.6,32903.19
2000-10-30,17.9,2.5,9.4,0.0,9.2,20.9,32810.9
2000-10-31,19.9,3.9,11.4,0.0,15.0,33.5,32612.85
2000-11-01,20.9,8.2,13.9,0.0,16.6,37.8,28815.12
2000-11-02,15.0,8.8,11.9,0.9,5.4,16.6,18734.11
2000-11-03,17.6,5.9,10.7,0.0,12.8,28.4,31964.76
2000-11-04,15.4,5.4,10.9,1.7,12.8,28.1,2721.84
2000-11-05,15.6,6.2,11.4,1.0,5.9,20.5,27230.06
2000-11-06,16.5,5.8,10.7,0.2,11.8,25.6,31713.58
2000-11-07,19.9,10.8,14.5,1.0,25.8,57.2,27687.24
2000-11-08,19.2,7.9,12.6,0.0,11.9,35.3,31554.49
2000-11-09,18.3,6.1,11.9,0.0,9.2,42.5,31477.82
2000-11-10,17.4,5.8,10.5,0.0,7.7,20.5,31403.25
2000-11-11,11.6,5.7,8.3,0.6,7.3,22.7,29835.79
2000-11-12,12.3,1.1,6.1,0.0,10.2,23.4,23704.44
2000-11-13,16.5,1.2,7.5,0.0,11.3,25.6,31193.41
2000-11-14,18.0,2.5,8.9,0.0,9.3,20.9,31055.34
2000-11-15,18.9,2.9,9.5,0.0,8.8,17.3,30908.33
2000-11-16,19.4,3.3,10.0,0.0,10.3,20.2,30762.75
2000-11-17,18.6,3.5,9.7,0.0,12.5,27.0,30618.8
2000-11-18,15.3,4.1,9.0,0.0,12.8,30.6,14428.31
2000-11-19,13.9,5.7,9.3,2.3,19.2,41.8,22829.9
2000-11-20,15.6,5.5,10.3,0.0,13.0,33.5,28821.49
2000-11-21,14.9,2.3,7.7,0.0,12.7,28.8,29436.89
2000-11-22,14.7,2.6,7.6,0.0,9.0,17.6,29929.99
2000-11-23,13.3,2.2,6.7,0.0,11.2,23.8,28839.76
2000-11-24,12.9,4.2,7.7,0.0,14.5,32.4,28214.24
2000-11-25,15.9,6.2,9.7,0.0,18.5,40.3,24489.01
2000-11-26,13.2,5.3,8.5,2.8,14.1,28.8,17093.84
2000-11-27,6.8,2.9,5.3,2.7,20.7,44.6,0.0
2000-11-28,7.7,4.7,5.8,0.7,21.1,47.5,0.0
2000-11-29,8.4,1.3,4.2,0.0,8.5,22.0,29090.07
2000-11-30,12.0,-1.6,3.9,0.0,9.5,20.5,28985.75
2000-12-01,12.5,-0.4,4.7,0.0,8.2,13.7,28426.85
2000-12-02,13.2,-1.1,5.2,0.0,6.4,12.6,28791.17
2000-12-03,12.8,-1.1,4.9,0.0,8.4,13.3,28701.39
2000-12-04,11.1,-1.5,4.2,0.0,6.9,11.2,27136.56
2000-12-05,8.4,-2.0,2.2,0.0,6.6,11.9,27268.65
2000-12-06,6.9,-1.9,1.2,0.0,8.4,19.4,27907.61
2000-12-07,7.2,-2.8,0.6,0.0,9.0,20.5,28356.03
2000-12-08,6.8,-2.5,1.8,0.0,14.8,32.4,10114.03
2000-12-09,11.8,0.3,4.5,0.0,9.7,22.3,26235.41
2000-12-10,8.8,-0.7,3.8,4.8,6.9,15.8,578.21
2000-12-11,9.9,-0.0,4.5,1.1,13.2,29.5,18098.78
2000-12-12,11.4,-0.2,4.8,0.0,8.3,20.9,23237.31
2000-12-13,11.6,-0.6,5.4,0.0,6.5,14.0,19555.54
2000-12-14,11.5,0.5,4.9,0.0,9.3,16.2,22284.44
2000-12-15,12.4,0.8,5.3,0.0,9.1,26.3,25317.04
2000-12-16,4.8,-1.2,2.5,6.5,16.8,44.3,8308.39
2000-12-17,7.2,-5.2,0.2,0.2,7.7,15.8,27391.6
2000-12-18,6.3,-0.9,2.5,4.0,11.2,27.0,20032.16
2000-12-19,5.5,-0.7,2.1,0.2,7.6,14.4,25426.79
2000-12-20,1.5,-2.0,0.0,2.4,17.1,37.1,24038.35
2000-12-21,-1.9,-3.8,-2.5,0.0,8.7,19.8,2665.99
2000-12-22,-2.1,-5.2,-3.5,0.2,9.8,25.6,3955.34
2000-12-23,-1.5,-7.4,-4.5,0.0,8.6,20.9,27244.2
2000-12-24,4.2,-7.8,-3.2,0.0,9.1,14.8,27546.98
2000-12-25,5.6,-5.5,-0.4,0.0,12.7,28.1,14721.5
2000-12-26,8.6,-0.8,3.6,1.4,16.4,41.4,0.0
2000-12-27,9.9,-0.2,4.9,2.2,19.3,47.2,0.0
2000-12-28,12.3,6.5,9.5,5.4,17.9,53.3,2956.21
2000-12-29,12.2,2.2,6.9,0.0,9.0,23.8,27090.93
2000-12-30,9.4,1.5,4.3,5.0,17.3,41.8,6623.39
2000-12-31,3.7,-2.1,0.8,0.0,11.7,23.4,27546.2
2001-01-01,1.9,-1.1,0.3,0.0,11.0,27.0,5265.6
2001-01-02,7.4,-4.0,0.4,0.0,11.5,28.4,27695.73
2001-01-03,10.9,-1.9,3.2,0.0,9.4,20.5,27375.45
2001-01-04,9.9,0.5,4.0,0.0,8.3,16.9,27438.64
2001-01-05,9.5,-1.1,2.8,0.0,9.9,20.9,24802.22
2001-01-06,11.3,-1.5,3.9,0.0,10.3,25.6,27869.89
2001-01-07,14.6,0.8,6.2,0.0,8.9,20.9,28026.98
2001-01-08,11.7,1.4,5.8,0.0,9.5,22.7,17566.04
2001-01-09,8.4,2.3,4.2,4.3,20.0,47.5,1356.1
2001-01-10,7.5,-1.5,2.6,0.0,15.3,40.3,27345.57
2001-01-11,11.7,-2.8,3.7,0.0,9.5,24.1,28417.56
2001-01-12,4.6,0.5,3.3,5.1,9.6,21.6,0.0
2001-01-13,0.3,-1.4,-0.4,2.5,10.6,25.6,0.0
2001-01-14,-0.5,-3.0,-1.9,0.0,18.1,39.6,16751.1
2001-01-15,-1.0,-3.7,-2.6,0.0,14.8,34.2,17316.38
2001-01-16,2.1,-3.0,-1.2,0.0,13.9,34.2,25866.0
2001-01-17,3.7,-3.5,-0.7,0.0,8.9,24.8,28645.31
2001-01-18,4.8,-3.6,-0.5,0.0,9.4,23.0,29223.82
2001-01-19,4.0,-3.9,-1.1,0.0,11.9,30.2,29652.91
2001-01-20,3.5,-5.0,-1.8,0.0,12.1,31.7,29871.2
2001-01-21,3.6,-4.3,-1.2,0.0,10.4,25.9,28721.44
2001-01-22,2.2,-3.0,-0.8,3.3,12.4,31.0,10417.43
2001-01-23,1.9,-3.0,-1.0,1.9,15.7,33.5,14085.66
2001-01-24,3.3,-2.9,-0.7,0.0,18.7,40.3,27358.45
2001-01-25,5.9,-1.6,1.3,0.0,18.3,41.4,28800.0
2001-01-26,12.5,1.1,5.8,0.6,15.3,36.4,23779.81
2001-01-27,12.0,4.2,7.0,1.2,14.3,25.9,18315.6
2001-01-28,8.7,3.3,5.6,4.8,9.0,21.2,2551.79
2001-01-29,10.9,-0.5,5.2,0.9,11.2,24.1,12580.72
2001-01-30,10.4,4.0,6.9,13.1,13.5,29.5,675.99
2001-01-31,3.9,0.6,1.7,3.2,15.3,32.8,0.0
2001-02-01,1.8,-2.2,0.1,0.3,17.5,37.8,21229.38
2001-02-02,-0.7,-3.5,-2.1,0.0,18.5,41.8,121.79
2001-02-03,1.8,-4.0,-1.7,0.0,9.2,26.6,31845.31
2001-02-04,10.4,-4.5,1.7,0.0,12.4,30.6,31857.06
2001-02-05,14.2,-1.7,4.6,0.0,11.9,31.0,31109.0
2001-02-06,13.7,-0.1,5.9,0.0,8.3,21.6,31630.64
2001-02-07,14.9,-0.6,6.0,0.0,10.5,21.2,32726.83
2001-02-08,16.1,-0.4,7.0,0.0,11.2,24.1,33017.43
2001-02-09,14.9,-0.7,6.4,0.0,10.8,26.3,33193.41
2001-02-10,13.2,-0.1,6.2,0.0,11.4,23.4,32246.34
2001-02-11,6.6,4.7,5.6,3.0,15.9,33.5,0.0
2001-02-12,8.3,4.1,6.0,0.0,6.8,15.8,4231.54
2001-02-13,9.8,-2.2,4.1,0.0,9.2,19.8,31694.83
2001-02-14,6.3,2.5,4.0,0.8,20.5,47.9,2704.37
2001-02-15,5.3,0.1,2.6,0.0,13.8,32.4,28996.3
2001-02-16,9.0,-2.0,3.1,0.0,6.1,16.2,34455.7
2001-02-17,10.6,-2.1,3.6,0.0,9.0,19.8,34638.19
2001-02-18,6.1,-1.6,2.2,0.7,25.7,61.2,32234.84
2001-02-19,3.7,-1.8,0.7,3.8,26.9,63.4,34890.23
2001-02-20,4.7,-0.6,1.7,4.0,22.4,50.4,31402.94
2001-02-21,5.0,-0.4,2.2,0.9,20.6,45.0,21815.89
2001-02-22,8.7,1.3,4.1,2.5,26.7,64.4,25928.73
2001-02-23,7.9,-2.4,2.4,3.6,14.8,42.8,19754.83
2001-02-24,2.6,-0.9,0.8,4.0,12.8,33.5,2968.65
2001-02-25,1.3,-1.7,-0.5,5.7,8.4,20.9,512.74
2001-02-26,-0.2,-4.8,-2.2,6.9,11.9,27.4,6263.71
2001-02-27,1.1,-7.4,-2.5,1.1,16.1,36.7,35105.21
2001-02-28,4.2,-4.9,-0.7,0.4,20.7,47.9,28186.27
2001-03-01,4.9,-0.5,2.0,6.2,16.5,42.1,1537.69
2001-03-02,12.1,-5.9,2.6,0.4,17.8,53.3,32581.89
2001-03-03,18.4,3.5,9.8,2.0,20.9,58.0,36267.84
2001-03-04,15.5,5.0,8.9,0.8,15.0,28.4,14368.89
2001-03-05,19.2,4.3,10.3,1.5,19.5,41.0,19396.43
2001-03-06,7.3,3.3,5.2,3.6,13.6,30.6,2159.82
2001-03-07,8.4,-0.4,4.0,0.0,16.1,36.7,36000.0
2001-03-08,12.7,-2.2,5.0,0.0,20.9,47.2,35378.92
2001-03-09,13.8,3.3,8.5,1.2,12.7,26.6,28660.74
2001-03-10,16.5,2.8,9.4,0.3,8.7,22.3,37032.14
2001-03-11,16.5,1.8,9.7,0.0,7.4,18.0,37079.76
2001-03-12,17.6,2.0,10.9,0.0,8.2,14.8,38349.2
2001-03-13,19.6,2.7,10.9,0.0,9.7,24.8,34682.59
2001-03-14,12.6,4.8,8.3,9.2,17.9,40.7,24285.94
2001-03-15,14.3,1.9,7.7,0.4,8.0,26.6,37751.76
2001-03-16,17.4,1.6,9.8,0.0,9.1,23.0,38993.55
2001-03-17,20.7,1.9,11.3,0.0,13.0,33.1,38848.12
2001-03-18,18.7,5.5,12.5,0.0,19.7,47.5,38886.12
2001-03-19,19.0,6.3,12.2,0.2,12.3,39.6,38601.04
2001-03-20,8.9,4.1,6.9,1.1,13.7,29.5,27359.91
2001-03-21,17.1,1.9,9.4,0.0,10.8,25.9,16963.67
2001-03-22,13.5,8.7,10.7,23.0,22.4,52.2,95.68
2001-03-23,15.4,6.1,10.2,1.5,18.6,51.5,36479.18
2001-03-24,20.1,4.3,11.8,0.0,10.2,24.8,40755.3
2001-03-25,26.5,6.6,15.6,0.0,20.6,47.5,27215.03
2001-03-26,18.6,9.2,14.3,0.9,15.6,38.9,40507.3
2001-03-27,14.0,3.7,9.4,7.3,18.4,46.4,23829.88
2001-03-28,10.1,2.6,5.0,0.3,14.9,34.6,20861.11
2001-03-29,8.9,2.4,5.2,5.0,18.0,40.0,6343.77
2001-03-30,10.8,1.8,5.4,0.0,21.6,47.9,35512.22
2001-03-31,9.3,2.2,5.5,0.0,20.2,45.0,38691.51
2001-04-01,9.9,-0.9,4.5,0.0,14.9,36.4,41297.49
2001-04-02,12.6,-0.1,6.8,0.0,7.3,17.3,41753.45
2001-04-03,15.9,0.1,9.0,0.0,9.9,19.4,41998.62
2001-04-04,17.1,1.6,9.9,0.0,16.1,37.8,42451.56
2001-04-05,17.1,3.3,10.3,1.3,14.8,32.8,35687.54
2001-04-06,12.6,6.4,8.9,1.8,14.6,36.0,23125.56
2001-04-07,17.3,1.8,9.8,0.0,11.5,24.5,41367.9
2001-04-08,17.4,3.9,11.1,5.3,17.2,43.2,14752.1
2001-04-09,10.6,5.4,8.0,27.7,15.7,36.7,0.0
2001-04-10,7.6,4.7,6.0,10.2,14.3,32.4,0.0
2001-04-11,14.2,6.0,9.1,0.0,9.1,27.4,13719.07
2001-04-12,13.4,5.4,9.6,3.8,9.5,24.8,27323.14
2001-04-13,10.9,3.7,7.6,12.3,26.9,58.0,25049.07
2001-04-14,6.4,-0.7,3.2,0.9,16.0,36.4,23368.21
2001-04-15,7.9,0.1,3.4,7.0,17.7,41.8,28704.87
2001-04-16,13.4,-2.9,5.8,0.0,8.1,21.2,43879.63
2001-04-17,14.0,2.5,7.5,5.3,16.5,46.8,22051.53
2001-04-18,12.7,5.1,8.2,2.0,16.1,37.8,34899.57
2001-04-19,15.4,1.7,9.4,2.7,9.0,26.6,44059.43
2001-04-20,19.2,3.7,12.2,2.3,18.5,39.2,37960.75
2001-04-21,16.3,9.2,12.9,4.3,9.2,32.8,17751.87
2001-04-22,14.2,7.4,10.1,17.4,14.5,40.3,24770.88
2001-04-23,7.1,2.4,5.2,33.5,21.5,58.7,0.0
2001-04-24,14.6,6.4,10.3,0.0,34.0,72.0,27960.34
2001-04-25,19.6,3.6,12.7,0.0,12.9,32.0,46471.18
2001-04-26,21.2,6.4,14.4,0.1,12.2,37.8,46487.77
2001-04-27,15.5,9.5,12.5,4.5,15.6,33.8,28824.49
2001-04-28,18.7,8.8,14.0,1.0,5.9,22.7,34265.19
2001-04-29,20.9,10.2,15.7,0.0,10.2,24.5,46800.0
2001-04-30,21.2,10.0,15.9,0.0,20.8,47.5,46800.0
2001-05-01,20.7,9.0,15.3,0.0,18.5,42.1,46800.0
2001-05-02,23.2,9.6,16.6,0.0,11.0,27.4,46800.0
2001-05-03,23.2,11.9,17.8,0.2,7.7,20.9,44590.51
2001-05-04,23.2,9.4,16.8,1.0,8.3,24.1,43643.68
2001-05-05,23.3,9.1,16.9,0.0,16.9,36.4,46800.0
2001-05-06,19.9,12.0,16.1,6.7,11.9,35.6,31144.82
2001-05-07,19.5,12.0,15.3,4.5,9.0,28.1,41684.39
2001-05-08,17.1,11.8,14.3,14.2,13.3,30.2,2579.36
2001-05-09,17.8,11.8,14.7,15.9,10.9,28.1,13623.11
2001-05-10,17.5,9.0,12.9,3.7,11.1,30.6,45788.08
2001-05-11,19.4,7.0,13.1,2.1,12.7,34.6,46800.0
2001-05-12,15.1,9.1,11.8,13.6,20.9,51.8,32400.0
2001-05-13,14.1,6.0,10.2,0.1,15.9,36.7,38498.63
2001-05-14,15.6,6.2,11.2,0.0,9.0,18.7,47302.79
2001-05-15,21.3,4.7,14.2,0.0,8.7,17.6,46889.88
2001-05-16,22.6,11.6,17.5,0.0,9.2,20.2,43501.79
2001-05-17,25.2,10.3,18.3,0.0,10.0,20.2,47515.08
2001-05-18,28.9,12.5,20.6,0.0,14.9,33.8,47336.27
2001-05-19,17.3,9.6,13.3,0.6,20.4,39.2,3116.13
2001-05-20,19.1,6.4,13.5,0.0,7.4,19.4,42372.56
2001-05-21,18.5,11.1,15.0,3.4,7.5,19.4,14304.72
2001-05-22,20.1,12.1,15.8,27.6,11.4,31.3,11816.78
2001-05-23,19.5,12.8,15.6,1.0,12.9,30.2,45384.31
2001-05-24,21.6,10.3,16.0,0.0,14.7,36.0,47589.34
2001-05-25,20.0,12.1,15.9,10.7,8.8,23.4,18634.43
2001-05-26,21.9,12.7,17.0,4.4,15.9,42.1,45372.58
2001-05-27,22.2,10.6,16.9,0.0,8.9,19.4,49150.76
2001-05-28,24.6,9.4,17.8,0.0,17.5,42.8,44690.02
2001-05-29,25.3,14.4,19.7,3.4,20.2,55.1,46811.27
2001-05-30,25.2,14.7,20.3,5.9,15.4,43.2,47994.93
2001-05-31,24.9,14.1,20.1,5.6,7.3,24.8,32737.36
2001-06-01,16.8,10.8,14.3,17.8,18.2,40.7,8412.89
2001-06-02,17.6,8.3,13.3,0.0,12.8,29.2,41064.46
2001-06-03,23.1,8.1,15.7,2.1,8.9,38.2,44889.14
2001-06-04,14.1,7.2,9.8,10.2,33.4,69.5,3306.56
2001-06-05,14.6,9.3,11.9,0.5,28.3,63.4,46430.27
2001-06-06,20.1,7.4,14.6,0.0,11.9,30.2,50165.02
2001-06-07,19.2,10.7,14.9,5.0,10.5,29.9,40270.13
2001-06-08,22.1,9.4,16.6,0.1,8.5,16.6,49848.34
2001-06-09,26.8,10.7,19.5,0.0,9.9,17.6,49563.28
2001-06-10,29.8,11.8,21.4,0.0,12.6,29.2,51066.46
2001-06-11,33.0,14.2,23.6,0.0,19.4,28.1,50957.07
2001-06-12,18.9,13.2,15.4,0.0,23.7,53.6,37032.18
2001-06-13,21.6,11.6,17.1,0.2,8.4,19.4,43119.49
2001-06-14,22.6,14.3,17.0,11.3,20.7,47.2,39377.82
2001-06-15,20.3,12.2,16.0,3.3,21.9,55.4,42527.74
2001-06-16,24.1,10.1,17.9,0.0,8.5,16.9,50951.53
2001-06-17,28.7,12.2,20.9,0.5,13.2,31.0,49686.75
2001-06-18,18.8,14.2,17.1,8.2,17.9,40.3,29995.3
2001-06-19,19.2,13.0,15.3,12.5,23.0,47.5,33542.3
2001-06-20,13.4,11.5,12.6,27.9,22.6,50.0,0.0
2001-06-21,15.7,12.6,14.0,20.5,17.8,44.6,1001.99
2001-06-22,24.4,11.8,18.7,0.4,10.5,30.2,50509.64
2001-06-23,19.1,12.2,16.1,0.4,15.3,29.5,49141.18
2001-06-24,21.6,8.8,16.2,0.0,17.3,43.2,42686.93
2001-06-25,22.6,11.4,17.5,0.0,18.1,41.0,50626.2
2001-06-26,22.5,12.0,17.9,0.0,14.9,36.7,50767.29
2001-06-27,25.5,11.1,19.3,0.0,9.2,27.0,50904.24
2001-06-28,29.2,12.9,22.3,0.0,8.6,21.2,50426.29
2001-06-29,24.0,15.1,20.2,7.4,10.2,21.6,32216.18
2001-06-30,22.3,16.8,19.2,14.4,11.5,30.2,27703.88
2001-07-01,24.6,13.9,19.2,6.2,15.2,29.5,49343.99
2001-07-02,20.5,15.5,17.4,4.2,15.1,34.2,28511.35
2001-07-03,20.4,14.8,17.2,2.6,14.0,31.0,30841.97
2001-07-04,22.5,12.0,18.4,0.0,5.6,16.6,50028.74
2001-07-05,25.3,13.0,19.1,2.3,13.0,28.8,48855.99
2001-07-06,24.4,14.2,19.3,1.4,9.1,27.7,46849.88
2001-07-07,29.0,13.8,22.1,0.0,15.2,34.2,50243.25
2001-07-08,27.3,16.1,22.6,0.0,11.5,28.1,49703.5
2001-07-09,26.5,17.3,21.9,0.0,7.7,22.3,49576.19
2001-07-10,25.3,16.5,21.0,0.3,8.4,26.3,46719.26
2001-07-11,26.4,16.9,22.6,0.4,5.5,16.6,46693.25
2001-07-12,28.0,16.3,23.0,0.0,7.7,16.9,48214.54
2001-07-13,29.5,17.9,23.4,0.0,7.8,23.8,49248.38
2001-07-14,31.0,18.1,25.1,0.0,8.2,27.0,47007.46
2001-07-15,31.9,21.2,26.1,0.7,14.5,32.4,48734.71
2001-07-16,32.7,17.6,25.5,0.0,14.2,31.0,49626.59
2001-07-17,23.9,16.9,20.9,7.0,11.1,43.2,32099.07
2001-07-18,24.1,15.2,19.7,0.0,8.2,20.5,47472.8
2001-07-19,29.1,14.8,22.6,0.0,10.1,19.8,49314.66
2001-07-20,33.2,16.0,24.7,0.0,20.9,47.5,49363.82
2001-07-21,21.3,16.2,18.4,5.6,22.1,53.6,38950.83
2001-07-22,17.7,14.0,15.6,4.3,18.1,38.2,722.64
2001-07-23,20.3,14.9,16.7,10.8,10.5,26.3,5476.09
2001-07-24,22.5,15.8,18.5,12.9,8.7,32.8,23833.67
2001-07-25,23.9,16.5,19.8,4.0,9.3,32.4,38860.29
2001-07-26,25.1,15.3,20.1,3.2,9.3,32.4,46142.81
2001-07-27,24.6,16.0,20.3,4.5,14.8,39.2,44388.47
2001-07-28,25.7,15.4,21.0,0.0,15.6,37.8,47448.0
2001-07-29,26.1,16.1,21.4,0.7,10.9,29.9,47854.28
2001-07-30,27.2,16.0,21.7,0.6,17.2,38.5,46444.14
2001-07-31,27.1,16.7,22.3,0.1,12.5,28.4,47383.9
2001-08-01,27.7,15.7,22.3,0.0,13.8,33.5,47566.8
2001-08-02,28.2,17.5,23.1,0.0,11.5,28.8,47806.89
2001-08-03,31.4,17.8,25.2,0.0,7.6,20.9,47791.24
2001-08-04,32.8,19.1,26.0,0.0,11.0,26.3,47656.9
2001-08-05,34.1,19.4,26.4,1.3,13.6,31.3,46962.86
2001-08-06,24.9,19.4,22.1,0.8,13.8,32.8,42050.81
2001-08-07,27.2,17.0,22.2,0.0,11.0,25.9,46908.25
2001-08-08,29.3,16.8,23.6,0.0,8.1,17.6,47007.22
2001-08-09,32.5,19.5,26.7,0.4,7.7,20.5,46846.63
2001-08-10,34.2,20.2,27.7,0.2,9.5,24.5,46602.09
2001-08-11,26.3,16.4,20.8,2.0,23.2,46.1,7548.01
2001-08-12,19.6,14.4,16.8,11.5,19.1,47.2,11722.82
2001-08-13,21.5,15.5,18.3,0.0,13.9,33.1,21566.31
2001-08-14,24.0,11.6,18.7,0.0,7.7,22.7,46346.2
2001-08-15,26.8,13.7,20.8,0.0,8.9,20.2,46281.86
2001-08-16,28.4,18.5,23.1,0.0,14.5,34.2,46217.45
2001-08-17,28.8,18.4,22.9,0.0,14.1,31.7,46153.02
2001-08-18,28.1,19.0,23.3,0.0,11.4,28.1,46088.59
2001-08-19,29.2,17.7,23.9,0.0,10.2,26.6,46024.23
2001-08-20,30.7,16.2,24.4,0.0,8.2,15.1,45959.94
2001-08-21,28.0,17.2,22.5,3.5,13.2,28.4,36247.73
2001-08-22,25.5,17.3,21.0,14.8,11.9,22.3,37996.44
2001-08-23,24.6,17.0,20.7,4.1,9.1,19.8,31776.58
2001-08-24,23.7,16.8,20.0,5.3,8.3,19.4,13284.66
2001-08-25,25.5,16.7,20.9,2.7,8.4,18.4,34967.48
2001-08-26,26.8,16.7,21.8,6.0,10.1,27.7,42849.55
2001-08-27,27.8,17.3,22.8,0.8,5.8,16.9,44057.98
2001-08-28,25.8,16.7,21.1,3.7,15.8,38.5,44378.44
2001-08-29,20.0,14.8,17.5,13.9,10.3,42.8,35186.79
2001-08-30,20.9,9.5,15.5,0.0,7.9,22.3,44416.11
2001-08-31,26.8,11.5,19.4,0.0,15.0,34.6,42517.85
2001-09-01,26.7,14.0,20.3,0.0,8.0,19.4,41076.64
2001-09-02,22.1,15.0,17.4,5.3,13.1,38.9,29680.47
2001-09-03,19.7,13.6,16.6,0.1,12.7,36.0,42616.35
2001-09-04,25.0,10.4,17.8,0.0,9.3,19.1,43008.97
2001-09-05,24.6,12.2,17.1,23.0,16.2,39.6,19330.66
2001-09-06,13.8,11.6,12.4,29.6,28.6,59.4,0.0
2001-09-07,17.2,11.8,13.5,9.4,22.3,51.5,11672.3
2001-09-08,20.7,10.8,15.7,0.0,12.2,31.0,40376.18
2001-09-09,25.1,9.7,15.0,0.0,23.8,56.2,36479.54
2001-09-10,11.4,9.0,9.8,4.3,9.4,33.1,9438.48
2001-09-11,12.1,8.5,9.9,13.3,18.8,47.9,15860.86
2001-09-12,17.4,7.3,12.6,0.0,9.8,27.0,39860.56
2001-09-13,20.0,7.5,13.5,0.0,9.0,19.1,40251.84
2001-09-14,22.8,7.4,15.0,0.0,10.2,22.3,40235.65
2001-09-15,23.6,7.9,16.1,1.3,11.7,31.0,39687.93
2001-09-16,15.5,11.6,13.5,3.9,14.9,35.6,4743.18
2001-09-17,20.5,9.4,15.0,3.3,16.6,43.2,23879.49
2001-09-18,19.1,10.4,13.7,8.8,12.5,31.3,15556.04
2001-09-19,19.2,8.8,13.7,0.4,6.7,15.5,34989.3
2001-09-20,20.0,9.0,14.6,0.0,7.5,15.5,33857.01
2001-09-21,22.1,10.8,16.7,0.0,8.1,18.4,39600.0
2001-09-22,21.3,13.2,17.1,0.0,9.9,22.3,38779.07
2001-09-23,25.2,10.3,17.8,0.0,11.7,28.1,38804.13
2001-09-24,27.2,12.3,19.4,0.0,12.9,29.5,25020.42
2001-09-25,22.1,13.6,17.8,5.8,9.2,36.7,37321.54
2001-09-26,18.8,12.8,15.4,16.9,17.0,40.0,17382.6
2001-09-27,13.4,9.0,11.9,9.0,21.6,47.9,2049.04
2001-09-28,17.9,6.6,12.1,0.0,7.9,15.1,39262.09
2001-09-29,22.2,6.4,14.2,0.0,8.5,14.4,39152.67
2001-09-30,21.8,7.3,14.7,0.0,8.5,16.2,35994.93
2001-10-01,19.9,11.1,15.3,1.2,7.8,22.7,35334.49
2001-10-02,23.5,9.0,16.2,0.0,9.0,15.1,38674.49
2001-10-03,25.2,9.9,17.7,0.0,8.3,17.6,38491.01
2001-10-04,24.1,10.7,17.7,0.0,6.7,13.3,38306.79
2001-10-05,19.2,12.0,15.5,0.0,12.3,26.6,4579.12
2001-10-06,21.2,12.9,16.8,0.0,5.6,22.3,29473.03
2001-10-07,22.7,9.2,16.2,0.0,10.0,23.4,37587.97
2001-10-08,23.3,10.2,16.2,0.0,14.9,32.4,37564.93
2001-10-09,24.6,11.8,17.6,0.0,9.5,23.4,37378.84
2001-10-10,24.4,11.7,17.9,4.1,7.6,19.1,36015.21
2001-10-11,20.3,12.8,16.3,1.0,16.9,37.4,26872.68
2001-10-12,19.3,9.8,14.3,0.0,13.4,34.9,34906.27
2001-10-13,18.5,9.0,13.2,0.0,8.2,18.0,36359.44
2001-10-14,17.9,7.5,12.7,0.0,6.9,14.0,35900.03
2001-10-15,18.8,7.5,13.6,0.0,7.9,21.2,35903.44
2001-10-16,19.6,5.8,12.8,0.0,8.4,16.9,35478.15
2001-10-17,18.7,8.2,12.9,0.0,10.6,23.4,34201.71
2001-10-18,19.4,7.6,13.4,0.0,6.5,16.6,34814.82
2001-10-19,19.9,6.1,12.7,0.0,7.6,13.3,34404.02
2001-10-20,18.5,8.4,12.7,0.0,8.3,18.7,32342.58
2001-10-21,19.7,5.9,12.6,0.2,8.9,27.4,22240.13
2001-10-22,17.5,9.8,12.8,9.8,17.9,47.5,30943.13
2001-10-23,17.2,7.8,11.6,0.2,15.1,39.6,33573.91
2001-10-24,14.9,7.2,10.5,0.0,7.0,18.4,26289.1
2001-10-25,9.0,4.2,7.0,0.1,13.0,29.2,22199.81
2001-10-26,8.6,1.4,4.4,0.0,14.2,31.7,32446.07
2001-10-27,11.1,-0.1,5.3,0.0,11.4,28.4,33492.34
2001-10-28,12.1,0.5,6.1,0.0,7.7,12.2,33133.52
2001-10-29,15.9,1.6,8.3,0.0,11.5,28.1,28177.45
2001-10-30,15.7,7.4,10.7,0.0,9.7,25.2,14093.31
2001-10-31,20.0,7.6,12.5,0.0,10.3,24.8,32630.61
2001-11-01,14.8,6.4,9.6,0.0,22.5,49.0,29174.13
2001-11-02,8.1,3.3,5.9,1.5,22.5,48.6,30882.48
2001-11-03,5.2,-0.3,2.4,0.0,13.6,30.6,28055.2
2001-11-04,6.4,-2.0,1.9,0.0,6.2,14.4,32079.44
2001-11-05,9.8,-1.9,2.9,0.0,9.2,18.4,31921.44
2001-11-06,11.0,-0.0,5.1,0.3,9.8,24.5,21723.99
2001-11-07,11.2,3.7,7.3,5.7,7.6,20.5,18591.08
2001-11-08,14.8,1.1,7.0,0.0,10.2,23.4,30545.39
2001-11-09,17.6,5.1,9.7,0.0,16.6,37.1,31185.45
2001-11-10,5.8,4.3,5.3,0.4,12.8,27.0,0.0
2001-11-11,12.1,3.3,6.1,3.2,7.5,21.6,20555.72
2001-11-12,17.2,4.5,10.4,2.4,13.2,32.0,22123.31
2001-11-13,16.5,5.3,10.4,0.6,12.8,39.2,16088.67
2001-11-14,5.3,2.8,3.7,1.8,16.1,36.4,0.0
2001-11-15,3.4,1.3,2.3,0.0,16.1,36.7,4789.61
2001-11-16,6.8,-1.1,3.0,0.0,16.4,37.1,30797.93
2001-11-17,5.1,1.5,3.3,0.0,15.7,36.7,11472.3
2001-11-18,7.1,-1.9,1.9,0.0,6.6,14.8,30504.96
2001-11-19,4.3,-3.1,0.6,7.7,11.2,25.6,1687.45
2001-11-20,2.5,-1.0,0.3,3.5,17.7,40.7,158.27
2001-11-21,5.2,-1.0,1.6,0.0,16.1,35.3,26794.01
2001-11-22,9.1,-3.4,1.5,0.0,9.5,22.7,29950.57
2001-11-23,6.8,-3.2,0.1,10.9,23.2,55.8,7014.27
2001-11-24,0.0,-2.1,-0.7,4.5,24.4,54.4,592.56
2001-11-25,0.2,-1.9,-0.8,4.7,24.2,53.3,12220.31
2001-11-26,4.5,-0.8,1.4,0.0,19.2,47.2,24904.8
2001-11-27,6.4,0.6,3.1,1.5,7.1,29.2,23779.48
2001-11-28,7.8,2.2,4.2,9.0,11.2,28.1,1758.24
2001-11-29,4.2,0.2,1.5,9.8,17.6,40.0,0.0
2001-11-30,3.8,-0.4,1.6,5.6,12.9,27.7,8139.19
2001-12-01,-0.2,-1.5,-0.8,0.3,13.1,30.2,0.0
2001-12-02,0.4,-1.4,-0.6,0.0,10.5,24.1,1027.94
2001-12-03,0.1,-0.9,-0.4,0.0,8.7,19.4,0.0
2001-12-04,2.9,-1.0,0.4,0.0,5.0,14.8,18516.12
2001-12-05,1.7,-2.4,-0.7,0.0,8.1,18.4,19398.39
2001-12-06,1.7,-2.5,-0.6,0.0,9.7,22.7,5209.67
2001-12-07,-0.8,-5.3,-3.0,0.0,9.5,23.4,26487.99
2001-12-08,-2.1,-5.7,-3.5,0.0,11.8,23.8,14497.07
2001-12-09,-2.7,-8.1,-4.6,0.0,10.0,23.0,499.92
2001-12-10,-1.8,-8.0,-5.1,0.0,7.9,16.9,27317.82
2001-12-11,-2.1,-6.1,-4.5,0.0,8.0,20.2,27439.98
2001-12-12,-2.1,-8.0,-4.4,0.0,9.7,22.7,1303.25
2001-12-13,-1.9,-6.1,-4.2,0.4,10.7,24.8,4777.25
2001-12-14,-1.8,-8.5,-4.8,0.3,11.1,24.5,23004.37
2001-12-15,-5.1,-10.6,-8.4,0.0,7.7,18.0,26256.43
2001-12-16,-6.2,-9.2,-7.4,0.1,13.3,33.5,7136.62
2001-12-17,-6.6,-9.0,-7.5,0.0,16.4,34.6,2784.49
2001-12-18,-7.1,-11.6,-9.1,0.0,15.5,37.4,25737.7
2001-12-19,0.1,-7.3,-3.4,0.5,13.6,31.7,3160.92
2001-12-20,1.5,-9.1,-4.3,0.4,8.8,18.0,27139.24
2001-12-21,-1.6,-8.9,-3.2,1.8,9.4,23.4,18572.77
2001-12-22,2.5,-11.7,-5.2,0.0,9.7,20.9,25364.21
2001-12-23,4.7,-8.5,-2.8,2.6,18.9,46.1,22533.9
2001-12-24,-2.1,-9.3,-5.5,2.3,14.8,31.0,452.56
2001-12-25,-3.8,-13.4,-8.8,0.3,11.9,20.5,25600.26
2001-12-26,-0.0,-14.4,-8.9,0.0,10.0,20.2,27517.82
2001-12-27,-0.8,-10.5,-4.5,5.6,11.9,25.9,0.0
2001-12-28,-0.0,-11.4,-3.9,0.9,14.2,32.0,27036.41
2001-12-29,2.0,-15.1,-7.7,0.0,11.3,24.5,26298.87
2001-12-30,3.5,-5.4,-0.3,3.0,25.8,58.0,10867.81
2001-12-31,-1.0,-3.5,-2.4,13.0,14.5,33.1,0.0
2002-01-01,-2.6,-10.7,-6.2,1.2,22.9,49.0,3092.81
2002-01-02,-1.3,-15.7,-8.1,0.6,19.9,45.7,25580.46
2002-01-03,-1.8,-13.7,-7.0,2.2,23.5,51.8,21763.46
2002-01-04,-9.1,-18.1,-13.3,0.0,14.3,29.5,17726.07
2002-01-05,-5.5,-12.6,-9.6,0.0,14.5,33.8,19916.48
2002-01-06,-2.6,-13.4,-8.6,0.0,11.5,28.4,16564.13
2002-01-07,-0.8,-13.0,-6.2,0.0,12.3,25.6,18492.97
2002-01-08,0.6,-1.7,-0.7,0.0,10.5,25.2,0.0
2002-01-09,0.8,-2.8,-0.7,0.0,7.7,18.4,2603.36
2002-01-10,0.3,-6.4,-3.1,0.0,6.4,10.1,28036.67
2002-01-11,-0.3,-7.7,-4.6,0.0,6.5,13.3,26113.24
2002-01-12,-2.4,-5.2,-4.2,0.0,5.7,14.8,6218.26
2002-01-13,-3.0,-5.8,-4.3,0.0,5.0,10.1,1574.43
2002-01-14,-0.8,-8.3,-5.6,0.0,8.4,20.5,25639.63
2002-01-15,0.1,-10.4,-6.0,0.0,10.1,23.0,28139.27
2002-01-16,-1.2,-8.2,-5.6,1.4,8.0,20.5,17485.36
2002-01-17,-0.9,-9.7,-5.8,0.2,7.3,13.7,0.0
2002-01-18,-0.3,-5.0,-2.7,2.0,6.6,16.2,0.0
2002-01-19,0.4,-5.7,-2.3,0.1,6.4,13.7,14609.33
2002-01-20,3.2,-12.5,-5.2,0.0,8.3,14.4,27267.31
2002-01-21,4.8,-10.7,-3.2,0.4,10.2,24.5,8948.16
2002-01-22,8.5,-3.6,2.6,0.3,8.0,23.4,25431.77
2002-01-23,8.2,-7.2,-0.6,0.0,9.5,15.5,30216.73
2002-01-24,6.5,-5.4,-0.5,0.0,11.3,19.8,30407.27
2002-01-25,5.4,-3.0,1.0,3.8,11.4,18.4,1291.16
2002-01-26,7.5,-1.6,2.7,0.0,8.9,23.4,29631.8
2002-01-27,11.3,-3.1,2.8,0.0,10.1,21.6,30585.54
2002-01-28,7.4,-0.7,2.9,0.0,8.1,19.1,0.0
2002-01-29,14.5,-1.2,4.5,0.0,10.0,16.9,30937.4
2002-01-30,13.3,-2.0,4.7,0.0,8.7,17.3,31024.08
2002-01-31,14.5,-1.9,4.7,0.0,10.0,20.2,30997.14
2002-02-01,10.4,-0.6,4.2,0.0,8.9,18.4,18098.75
2002-02-02,11.1,-1.4,4.2,0.0,9.2,25.6,30774.56
2002-02-03,11.2,-2.8,3.3,0.0,9.9,23.0,30153.49
2002-02-04,11.9,-2.5,3.9,0.0,9.0,16.9,31834.92
2002-02-05,8.7,-1.5,2.5,0.0,9.1,15.1,31838.59
2002-02-06,12.5,-2.4,4.0,0.0,11.2,28.8,31937.14
2002-02-07,13.0,-1.0,5.8,0.0,8.6,19.1,28921.24
2002-02-08,12.4,1.3,5.9,0.0,7.6,19.8,31484.34
2002-02-09,11.7,2.1,6.5,0.0,10.0,18.4,33160.95
2002-02-10,11.6,-2.1,4.1,3.8,16.9,38.2,17920.53
2002-02-11,8.7,1.0,4.5,0.2,19.2,45.4,32140.1
2002-02-12,15.1,-1.7,5.3,0.0,8.9,18.0,32420.66
2002-02-13,16.0,-0.9,6.8,0.0,10.1,15.1,33871.5
2002-02-14,12.0,-0.0,5.9,0.0,11.9,25.6,27440.31
2002-02-15,6.4,-0.8,3.4,0.0,9.4,22.0,26442.1
2002-02-16,7.1,1.6,4.2,0.0,11.6,28.4,18110.24
2002-02-17,13.0,-2.0,5.0,0.1,15.8,35.6,34584.78
2002-02-18,12.3,1.9,6.9,0.6,12.2,29.9,13231.0
2002-02-19,7.8,1.0,4.8,4.9,20.0,54.0,13796.31
2002-02-20,12.6,-2.9,4.3,0.0,12.3,27.0,32710.56
2002-02-21,9.0,-2.1,3.9,0.3,13.2,27.7,853.39
2002-02-22,4.9,-0.5,2.6,3.3,19.4,42.8,30863.5
2002-02-23,10.2,-3.1,2.8,0.0,7.7,17.3,33125.78
2002-02-24,7.4,-2.9,1.0,6.5,20.6,48.6,8980.62
2002-02-25,7.1,-1.5,1.6,0.3,15.8,41.8,35374.51
2002-02-26,13.7,-3.1,4.0,0.0,9.7,24.8,35562.37
2002-02-27,16.2,-1.2,6.8,0.0,11.6,32.0,35541.31
2002-02-28,17.5,0.5,8.5,0.0,12.3,30.6,35891.75
2002-03-01,16.9,1.6,9.0,0.0,8.2,20.9,32987.0
2002-03-02,19.7,3.1,10.7,0.0,14.0,30.6,35788.29
2002-03-03,18.4,4.0,10.2,0.0,16.9,40.7,35869.68
2002-03-04,9.5,4.2,6.3,0.0,12.1,30.6,34597.52
2002-03-05,17.9,1.0,9.4,0.0,17.7,39.2,37182.12
2002-03-06,17.2,2.9,9.8,0.0,14.8,46.1,15086.82
2002-03-07,20.2,4.4,11.7,0.0,17.8,43.9,30572.54
2002-03-08,11.0,5.0,8.1,0.0,16.9,37.1,25933.21
2002-03-09,11.0,2.2,7.5,0.0,20.4,46.4,15242.28
2002-03-10,10.1,5.2,7.5,8.0,13.4,37.8,0.0
2002-03-11,10.7,0.2,5.6,0.0,14.8,32.8,18146.97
2002-03-12,9.5,3.2,6.1,0.0,13.0,31.0,30693.93
2002-03-13,14.3,-1.1,7.3,0.0,9.0,20.5,38542.79
2002-03-14,18.0,-0.1,9.1,0.0,11.1,19.4,38726.36
2002-03-15,18.8,1.2,10.9,0.0,8.8,15.1,38846.96
2002-03-16,16.0,2.6,10.2,0.0,18.2,37.8,36190.49
2002-03-17,11.4,3.0,6.9,0.0,20.8,47.2,39165.67
2002-03-18,13.9,0.8,7.2,0.0,14.0,34.6,39373.2
2002-03-19,18.3,1.4,10.0,0.3,14.1,29.9,37729.77
2002-03-20,14.1,7.5,10.5,8.0,20.1,51.5,26990.62
2002-03-21,15.9,5.9,10.6,1.8,14.7,31.0,37389.54
2002-03-22,11.2,6.3,8.5,11.2,15.6,39.6,72.66
2002-03-23,7.1,1.5,4.5,5.6,21.7,54.4,36941.03
2002-03-24,6.3,-0.2,2.7,1.0,23.9,52.6,12449.76
2002-03-25,3.0,0.9,1.8,6.9,28.0,60.8,0.0
2002-03-26,7.6,1.3,4.0,0.8,25.2,54.0,15830.33
2002-03-27,8.0,-0.5,3.9,0.0,16.6,38.9,32307.33
2002-03-28,8.9,-1.9,3.8,0.0,13.4,33.5,35965.34
2002-03-29,11.2,-2.3,5.1,0.0,19.5,49.0,36170.59
2002-03-30,12.1,1.7,7.0,0.0,10.7,29.5,41520.55
2002-03-31,14.5,-0.4,8.2,0.0,6.8,18.4,41624.17
2002-04-01,16.2,0.3,9.9,0.0,6.9,20.2,41837.08
2002-04-02,17.7,0.8,10.8,0.0,5.9,16.9,41993.14
2002-04-03,18.3,1.4,10.9,0.0,10.2,25.6,41113.63
2002-04-04,11.3,4.0,8.2,0.4,23.2,51.1,30779.62
2002-04-05,4.7,1.1,3.0,8.7,16.2,36.0,0.0
2002-04-06,7.6,1.7,4.2,0.9,15.3,37.8,36024.38
2002-04-07,6.3,-1.3,2.1,0.0,22.1,48.6,30412.17
2002-04-08,9.2,-2.8,3.5,0.0,10.4,21.2,42997.22
2002-04-09,5.7,0.8,3.5,8.5,11.5,28.4,0.0
2002-04-10,13.0,2.5,6.4,2.6,22.5,49.3,38095.24
2002-04-11,14.3,3.1,8.2,0.0,20.6,46.1,30364.23
2002-04-12,11.9,5.9,8.3,6.8,26.3,62.3,14726.32
2002-04-13,20.7,5.7,11.7,0.0,19.9,44.6,41594.42
2002-04-14,19.1,7.4,12.5,5.9,12.7,39.6,38702.27
2002-04-15,18.3,4.5,11.5,3.2,9.5,25.9,38934.82
2002-04-16,17.4,5.8,11.8,0.2,9.2,24.1,43155.72
2002-04-17,17.5,7.0,12.3,0.6,13.7,31.0,36780.28
2002-04-18,16.4,8.6,11.7,9.4,6.9,32.0,20696.14
2002-04-19,18.0,5.3,11.8,1.7,8.9,25.2,45383.38
2002-04-20,18.6,6.2,12.6,0.7,14.9,26.3,45785.66
2002-04-21,18.1,7.5,13.4,0.4,12.1,35.3,45947.33
2002-04-22,19.0,6.0,13.3,3.4,13.2,31.3,45152.27
2002-04-23,17.1,8.7,12.4,1.6,19.2,44.6,45226.29
2002-04-24,16.4,5.6,10.9,4.2,10.8,31.7,45073.11
2002-04-25,15.5,5.0,10.6,1.5,8.0,26.3,44193.08
2002-04-26,16.8,5.2,11.4,0.5,8.8,20.9,46537.7
2002-04-27,19.5,4.5,12.7,0.6,12.0,30.2,33938.64
2002-04-28,14.6,7.1,10.7,5.6,16.4,37.1,16350.43
2002-04-29,21.1,3.7,13.2,0.0,9.4,24.5,43085.17
2002-04-30,18.3,7.7,13.5,0.0,15.4,37.8,46800.0
2002-05-01,21.9,5.9,14.5,0.0,11.3,23.8,46800.0
2002-05-02,25.0,8.2,17.2,0.0,11.0,24.5,46800.0
2002-05-03,26.4,9.2,18.4,0.0,9.6,23.0,44297.16
2002-05-04,25.7,10.7,19.2,0.0,17.6,42.5,46654.77
2002-05-05,21.6,12.4,16.7,5.5,19.0,39.2,36730.42
2002-05-06,18.4,10.8,14.6,2.7,6.5,22.3,45341.52
2002-05-07,21.8,8.4,15.6,0.0,12.7,31.0,45116.75
2002-05-08,21.9,11.4,16.9,0.0,22.6,52.6,43950.41
2002-05-09,19.5,12.9,15.8,1.8,19.9,45.4,26758.78
2002-05-10,23.1,10.8,16.7,4.1,9.7,25.9,40282.36
2002-05-11,22.8,10.8,16.9,2.0,5.8,19.4,42158.0
2002-05-12,21.7,12.0,16.6,8.1,6.9,23.8,30426.88
2002-05-13,20.3,11.3,15.3,5.6,10.5,28.8,34702.2
2002-05-14,23.1,9.3,16.8,0.0,7.3,21.6,44967.29
2002-05-15,21.0,10.4,16.8,3.6,16.2,38.9,38288.28
2002-05-16,21.0,9.2,15.9,0.0,12.9,29.5,42145.82
2002-05-17,23.7,10.5,17.7,0.0,8.5,18.0,47633.51
2002-05-18,27.2,10.1,19.4,0.3,13.8,32.0,47379.47
2002-05-19,25.9,13.6,19.6,5.3,13.3,21.6,46894.39
2002-05-20,19.2,14.1,16.3,16.2,9.4,23.8,9483.03
2002-05-21,19.2,13.5,15.7,2.1,18.1,34.9,28479.93
2002-05-22,21.8,10.4,16.3,0.0,16.0,37.8,47457.34
2002-05-23,24.7,9.9,18.0,0.0,10.2,26.6,48027.22
2002-05-24,27.1,12.3,20.1,0.0,6.6,19.1,41147.34
2002-05-25,25.5,15.3,20.6,0.4,8.8,26.3,31129.54
2002-05-26,24.8,15.9,20.4,0.2,16.3,37.4,41690.07
2002-05-27,23.1,15.3,18.8,0.8,6.8,20.2,44963.05
2002-05-28,24.7,12.6,17.4,7.5,12.2,32.0,29353.03
2002-05-29,16.8,11.3,14.0,18.3,22.0,51.1,23089.72
2002-05-30,16.3,13.4,14.7,11.3,23.6,55.1,2488.35
2002-05-31,20.0,12.4,16.3,0.5,17.6,47.5,47387.83
2002-06-01,20.8,10.4,16.2,0.0,16.8,41.0,48760.62
2002-06-02,18.2,10.8,14.2,4.3,15.0,37.4,36722.54
2002-06-03,13.9,9.0,12.0,8.0,15.8,37.4,9693.95
2002-06-04,21.5,8.9,15.7,0.0,10.5,36.7,48362.02
2002-06-05,23.0,11.7,18.4,1.7,7.2,24.1,40415.42
2002-06-06,25.8,13.8,20.3,0.1,20.9,47.9,39978.1
2002-06-07,27.2,13.6,21.1,0.0,17.1,37.1,44838.84
2002-06-08,23.7,15.1,19.2,10.0,8.3,28.1,45432.52
2002-06-09,26.9,13.6,20.9,0.4,7.3,19.1,40277.44
2002-06-10,20.3,14.4,16.9,12.3,16.2,38.9,30616.94
2002-06-11,16.7,13.6,14.6,10.3,26.1,58.3,0.0
2002-06-12,20.7,15.0,17.5,0.0,17.7,40.3,11357.63
2002-06-13,23.8,14.1,19.4,0.0,7.9,19.4,48748.1
2002-06-14,26.4,12.3,20.7,0.0,8.3,18.7,50175.05
2002-06-15,27.7,14.9,22.5,0.0,8.4,24.5,50923.65
2002-06-16,29.7,15.3,24.2,0.0,6.0,13.3,51090.65
2002-06-17,26.9,16.8,22.5,0.0,16.9,42.1,47582.53
2002-06-18,26.2,16.0,21.7,0.3,15.6,34.2,50549.35
2002-06-19,27.0,16.2,21.6,0.0,7.9,20.9,50854.56
2002-06-20,28.9,16.3,23.5,0.0,9.6,25.2,51156.52
2002-06-21,29.9,17.4,24.6,0.0,8.3,20.5,51167.55
2002-06-22,29.9,18.7,25.2,0.0,8.9,21.6,51033.34
2002-06-23,31.5,17.6,25.6,0.0,7.3,17.3,50898.08
2002-06-24,34.4,19.4,28.2,0.0,7.3,20.2,50408.6
2002-06-25,26.2,17.1,23.1,8.1,19.3,47.5,44361.39
2002-06-26,23.1,16.2,19.4,0.4,12.8,30.6,32587.76
2002-06-27,23.8,16.7,19.9,0.0,12.7,26.3,46329.05
2002-06-28,31.7,13.8,22.9,0.0,10.9,25.9,50902.32
2002-06-29,20.7,15.9,18.5,0.0,19.0,41.4,25084.03
2002-06-30,23.6,12.9,18.6,0.0,9.4,21.2,43201.38
2002-07-01,25.4,14.8,20.3,1.3,8.2,19.1,49804.12
2002-07-02,31.2,15.2,23.3,1.0,12.5,30.6,42658.57
2002-07-03,35.4,17.1,26.6,0.1,13.8,36.0,49692.23
2002-07-04,33.0,18.8,25.5,4.3,20.6,44.6,43999.15
2002-07-05,24.4,17.2,20.3,0.1,19.4,45.7,44149.58
2002-07-06,29.1,17.7,23.8,1.0,11.4,26.6,48970.44
2002-07-07,26.9,18.8,22.8,6.8,14.9,34.2,42708.87
2002-07-08,24.4,17.9,20.9,7.9,11.0,26.3,30720.21
2002-07-09,28.7,16.9,23.2,0.9,8.0,22.3,48604.58
2002-07-10,29.7,18.2,25.1,0.0,6.4,20.5,48044.98
2002-07-11,32.4,19.8,26.8,1.4,7.3,18.4,48046.25
2002-07-12,31.1,19.9,25.4,3.3,15.1,29.2,46867.25
2002-07-13,31.8,19.3,25.6,1.1,8.8,26.3,44770.51
2002-07-14,31.6,19.4,25.9,0.0,8.0,20.2,48656.57
2002-07-15,32.6,20.0,26.8,0.0,9.4,19.1,49563.98
2002-07-16,34.4,20.8,27.6,1.2,17.2,32.8,48652.64
2002-07-17,30.0,19.4,24.3,0.4,12.2,31.0,46449.7
2002-07-18,26.7,17.4,21.9,6.4,7.1,25.2,45142.46
2002-07-19,25.5,17.2,20.9,4.2,8.7,24.5,40034.29
2002-07-20,25.6,17.5,21.4,0.6,10.0,26.3,47979.85
2002-07-21,27.4,15.9,22.3,0.3,15.1,36.4,49225.11
2002-07-22,27.1,15.4,22.1,2.1,16.8,50.4,48967.58
2002-07-23,25.5,17.3,21.3,0.0,13.8,35.6,42187.48
2002-07-24,29.4,17.1,23.5,0.1,7.9,22.7,48039.73
2002-07-25,21.0,17.7,19.4,4.0,14.2,35.3,18330.99
2002-07-26,22.0,15.4,18.7,0.9,16.9,38.2,37994.78
2002-07-27,20.7,15.9,18.1,11.6,12.7,31.0,4443.85
2002-07-28,25.8,17.5,20.8,6.2,17.4,49.3,39512.89
2002-07-29,23.7,17.6,19.9,2.4,7.1,23.0,23606.45
2002-07-30,22.3,17.3,19.3,20.0,6.0,16.9,13759.43
2002-07-31,26.5,15.5,21.3,2.7,7.0,20.2,40973.95
2002-08-01,26.9,16.5,21.5,4.7,7.1,25.2,43063.96
2002-08-02,27.9,16.8,22.6,0.3,12.7,30.6,47436.54
2002-08-03,28.8,18.0,23.8,0.1,15.7,34.6,47673.41
2002-08-04,29.3,18.4,24.7,1.3,6.5,23.0,43200.0
2002-08-05,28.1,18.1,22.3,5.6,9.8,31.7,36480.13
2002-08-06,27.6,17.0,22.1,4.4,5.7,27.0,41093.96
2002-08-07,23.3,16.8,20.1,11.3,12.5,30.2,25690.46
2002-08-08,22.3,17.1,18.9,4.5,12.2,33.1,32353.61
2002-08-09,25.3,17.1,20.1,2.4,9.4,24.8,39494.58
2002-08-10,27.2,14.7,20.9,0.0,11.2,31.7,46705.3
2002-08-11,28.3,16.7,21.9,7.3,24.6,56.2,18070.57
2002-08-12,25.5,14.7,20.6,0.0,15.6,38.9,46506.02
2002-08-13,20.9,15.5,18.8,0.7,18.8,49.7,31657.36
2002-08-14,19.8,17.2,18.6,0.5,20.5,49.0,6040.87
2002-08-15,21.1,17.0,18.6,3.0,19.3,47.5,13950.06
2002-08-16,22.3,16.2,18.1,22.2,17.2,46.4,13863.32
2002-08-17,22.5,16.9,18.8,17.7,17.3,41.8,20522.54
2002-08-18,23.8,15.8,19.1,10.9,8.2,22.3,33564.24
2002-08-19,24.9,14.3,19.4,8.1,8.3,19.1,40887.59
2002-08-20,23.9,15.4,19.2,0.2,13.7,31.0,37364.62
2002-08-21,24.5,14.4,19.5,0.0,9.7,25.6,44268.41
2002-08-22,24.3,14.1,19.5,3.4,5.8,17.3,40287.22
2002-08-23,24.6,14.4,19.7,1.9,6.4,17.6,40970.36
2002-08-24,26.0,14.9,21.1,1.6,6.0,16.9,41844.24
2002-08-25,26.1,14.6,21.2,0.1,7.4,18.0,43688.27
2002-08-26,26.0,17.1,21.8,0.6,10.9,25.9,43618.98
2002-08-27,25.2,15.7,20.6,0.8,16.0,37.8,37460.55
2002-08-28,25.4,15.5,20.6,0.1,15.9,33.1,40131.61
2002-08-29,24.4,16.0,19.5,5.0,18.7,43.6,27112.91
2002-08-30,22.5,15.7,18.5,0.3,10.8,28.8,40781.61
2002-08-31,22.3,14.8,18.2,0.1,14.9,31.0,40403.03
2002-09-01,23.7,13.2,18.3,0.1,12.3,29.5,42302.28
2002-09-02,23.2,14.9,19.9,0.0,8.0,21.6,35714.73
2002-09-03,24.4,13.6,19.2,1.0,13.0,29.5,42347.27
2002-09-04,23.5,14.3,18.8,2.8,13.7,32.0,33946.32
2002-09-05,24.8,13.7,19.6,0.0,12.1,27.0,41805.14
2002-09-06,24.9,12.3,19.5,0.0,6.9,20.5,40704.46
2002-09-07,24.8,13.3,18.9,0.0,7.3,19.8,38897.4
2002-09-08,24.6,13.2,19.5,0.0,8.4,22.7,40333.05
2002-09-09,25.2,13.0,19.6,0.3,6.9,17.6,40703.08
2002-09-10,25.1,13.2,18.8,4.1,6.5,14.8,39862.89
2002-09-11,22.6,12.8,17.9,0.3,16.9,39.2,39620.12
2002-09-12,18.0,11.0,15.1,3.4,17.9,41.4,36701.36
2002-09-13,16.2,8.8,12.2,0.0,12.2,28.4,35171.69
2002-09-14,15.0,9.1,12.1,0.0,8.4,21.2,16649.39
2002-09-15,19.8,5.9,12.9,0.9,17.2,38.9,39766.95
2002-09-16,16.2,9.7,12.3,2.9,15.3,41.8,37396.82
2002-09-17,18.3,7.2,12.8,0.0,10.1,24.1,37561.6
2002-09-18,20.5,8.3,14.7,0.0,9.4,25.9,39600.0
2002-09-19,23.3,10.4,16.4,0.0,7.3,16.2,39290.15
2002-09-20,24.9,12.4,18.3,0.0,7.6,19.4,36000.0
2002-09-21,22.1,13.7,17.6,4.4,7.0,29.9,30229.75
2002-09-22,25.5,14.9,19.1,1.3,12.9,39.2,23768.33
2002-09-23,24.3,14.9,18.7,0.9,12.6,32.0,29909.0
2002-09-24,21.9,13.5,17.4,0.8,16.2,37.1,1278.71
2002-09-25,23.1,12.5,16.8,3.1,11.6,32.8,36519.66
2002-09-26,14.4,9.0,10.8,12.6,16.2,35.6,0.0
2002-09-27,12.3,8.0,9.9,2.3,15.9,34.6,8093.51
2002-09-28,13.0,7.4,10.0,4.4,12.8,32.0,11906.32
2002-09-29,11.6,8.2,9.8,25.2,10.7,37.8,0.0
2002-09-30,10.6,9.0,9.9,38.0,13.7,43.9,0.0
2002-10-01,12.5,8.7,10.1,6.3,12.1,25.2,2321.28
2002-10-02,15.6,6.2,11.3,0.0,11.7,30.2,28966.76
2002-10-03,17.8,5.5,12.2,0.0,7.9,22.0,38531.2
2002-10-04,18.5,8.2,13.1,0.0,9.4,25.6,35025.43
2002-10-05,15.7,8.4,11.6,0.0,12.5,32.0,28169.41
2002-10-06,15.5,8.2,11.3,0.0,12.5,28.1,20957.12
2002-10-07,14.8,8.0,10.8,2.8,17.7,39.2,26448.3
2002-10-08,14.5,7.1,10.1,0.0,8.8,24.8,36416.91
2002-10-09,18.3,7.6,11.9,0.0,8.9,20.9,37416.94
2002-10-10,19.2,8.2,13.3,7.7,14.5,33.5,17262.1
2002-10-11,22.5,13.2,17.1,6.7,14.5,38.9,15280.24
2002-10-12,16.0,11.0,14.2,2.4,17.3,36.4,9312.59
2002-10-13,12.3,8.8,10.3,8.6,11.7,27.4,0.0
2002-10-14,10.3,7.4,8.7,0.4,11.0,24.8,0.0
2002-10-15,17.4,8.2,12.3,0.0,11.5,23.0,32455.81
2002-10-16,21.1,7.0,13.4,0.0,9.1,15.8,35716.64
2002-10-17,22.6,6.3,13.6,0.0,9.9,23.4,35504.71
2002-10-18,22.1,9.4,14.1,0.2,18.2,42.8,28984.8
2002-10-19,16.9,5.7,10.7,5.7,9.5,23.8,34536.21
2002-10-20,12.4,5.2,8.9,1.9,13.6,30.2,32745.88
2002-10-21,17.2,3.3,9.8,0.0,12.1,27.0,34584.09
2002-10-22,20.7,7.3,13.1,0.3,14.0,32.4,27255.75
2002-10-23,20.0,10.3,14.4,1.5,9.7,37.4,32790.66
2002-10-24,16.4,6.4,10.9,3.5,15.6,43.2,22575.91
2002-10-25,13.3,5.1,8.7,0.0,8.3,20.9,15423.79
2002-10-26,18.8,4.3,10.4,0.0,8.9,23.0,26436.14
2002-10-27,16.2,6.8,11.8,0.8,12.1,28.1,29690.95
2002-10-28,13.1,5.1,8.6,2.6,18.6,42.5,6535.63
2002-10-29,11.5,1.9,6.4,0.0,16.8,41.8,33120.54
2002-10-30,14.8,-0.3,6.2,0.0,8.7,19.8,32951.27
2002-10-31,13.5,3.7,8.1,0.0,7.2,16.9,29838.45
2002-11-01,15.1,6.5,10.4,0.0,7.1,16.6,32183.41
2002-11-02,17.9,3.3,10.6,0.2,10.6,27.4,29308.54
2002-11-03,11.5,6.3,10.0,12.4,11.5,29.5,14401.7
2002-11-04,12.2,4.6,7.8,11.3,17.7,43.6,12385.33
2002-11-05,5.0,2.5,3.9,3.4,13.8,31.7,0.0
2002-11-06,3.8,1.2,2.8,0.1,9.0,22.3,4470.06
2002-11-07,5.4,-0.1,1.9,0.3,11.5,28.8,27465.11
2002-11-08,4.6,0.0,2.2,0.0,11.8,25.6,15559.0
2002-11-09,5.5,-0.5,2.3,0.0,8.2,21.6,19446.02
2002-11-10,6.3,-1.9,2.2,2.8,13.4,32.0,13344.84
2002-11-11,9.2,-3.9,2.9,0.0,12.8,28.1,28800.0
2002-11-12,12.8,2.5,6.8,0.7,9.9,23.4,31302.7
2002-11-13,12.6,1.1,6.1,0.4,14.2,29.9,25349.61
2002-11-14,17.6,3.2,9.4,0.0,13.7,30.6,29961.53
2002-11-15,18.8,6.4,11.7,0.0,16.3,38.2,30974.0
2002-11-16,18.6,4.8,10.9,0.0,12.0,28.1,30822.99
2002-11-17,18.3,6.2,10.9,0.0,10.6,27.4,28521.48
2002-11-18,18.2,3.3,9.5,0.0,10.5,25.6,30529.14
2002-11-19,16.6,3.8,9.1,0.0,13.9,30.2,30386.76
2002-11-20,15.7,3.5,8.5,0.0,7.7,19.8,30247.72
2002-11-21,13.6,2.3,7.2,0.0,9.2,22.0,25883.84
2002-11-22,13.3,3.7,8.7,2.1,14.1,33.5,25284.64
2002-11-23,13.3,2.0,7.6,0.5,12.8,41.0,29853.23
2002-11-24,13.0,0.2,5.8,0.0,8.7,20.5,27932.93
2002-11-25,14.4,2.6,7.5,0.0,12.3,26.3,24861.07
2002-11-26,13.0,3.0,7.3,0.0,15.1,33.1,26705.17
2002-11-27,11.5,4.3,7.5,0.0,15.5,34.2,27499.84
2002-11-28,12.1,3.3,6.4,0.0,8.6,20.2,29237.01
2002-11-29,12.4,2.4,5.9,0.0,10.8,23.0,29146.32
2002-11-30,9.7,2.9,6.1,11.7,9.0,20.9,0.0
2002-12-01,6.8,4.9,5.9,11.8,15.8,37.8,0.0
2002-12-02,4.4,2.0,2.9,6.8,18.4,45.4,0.0
2002-12-03,6.4,2.6,4.7,0.0,18.4,40.7,1478.38
2002-12-04,6.1,3.4,4.5,0.0,16.0,36.4,641.82
2002-12-05,7.1,3.8,5.1,2.2,13.6,32.4,0.0
2002-12-06,6.2,2.4,4.5,0.3,13.0,29.9,2598.72
2002-12-07,2.3,-2.5,0.4,0.0,14.6,37.8,24879.45
2002-12-08,-2.4,-5.2,-3.5,0.0,15.4,36.7,6308.2
2002-12-09,-4.3,-8.2,-6.4,0.0,16.7,40.3,27717.91
2002-12-10,-4.0,-9.6,-7.5,0.0,9.8,25.2,28103.94
2002-12-11,-2.8,-8.7,-5.8,0.0,5.1,13.0,17181.78
2002-12-12,0.6,-5.9,-3.7,0.0,12.1,27.7,27542.91
2002-12-13,4.1,-6.0,-2.2,0.0,8.7,18.4,10976.13
2002-12-14,0.5,-4.0,-2.1,0.5,6.6,15.1,0.0
2002-12-15,0.4,-4.4,-2.4,0.1,15.8,37.1,26588.12
2002-12-16,-0.5,-3.6,-2.1,14.5,15.5,35.3,0.0
2002-12-17,0.7,-4.5,-2.1,1.9,11.5,24.8,0.0
2002-12-18,0.6,-1.1,-0.2,4.3,9.8,23.0,0.0
2002-12-19,-0.7,-3.5,-1.5,3.2,16.1,38.2,0.0
2002-12-20,-1.5,-12.6,-6.3,0.0,11.0,27.0,25097.04
2002-12-21,0.1,-16.9,-9.3,0.0,9.5,15.8,26652.31
2002-12-22,4.5,-9.1,-2.5,0.0,9.2,15.8,21048.53
2002-12-23,3.3,-5.9,-0.4,11.5,14.0,32.8,10069.16
2002-12-24,1.1,-1.3,-0.3,0.1,11.2,29.2,0.0
2002-12-25,-0.8,-4.4,-2.3,0.0,9.1,21.2,591.76
2002-12-26,-1.5,-6.2,-4.5,0.0,10.7,24.8,26940.44
2002-12-27,3.5,-3.9,-0.9,0.0,8.0,18.4,27375.43
2002-12-28,5.3,-2.3,1.4,0.0,11.7,27.4,15063.59
2002-12-29,7.2,2.6,4.5,9.3,14.1,31.7,0.0
2002-12-30,11.2,-1.5,4.0,0.0,13.1,28.4,26416.28
2002-12-31,9.2,-1.1,3.3,2.9,7.5,16.9,5472.88
2003-01-01,5.5,-6.3,-0.0,10.8,14.0,38.2,0.0
2003-01-02,4.3,-8.5,-3.2,0.0,9.6,22.0,26454.15
2003-01-03,10.5,-1.6,3.9,6.8,14.0,44.6,20959.35
2003-01-04,9.1,-1.7,2.4,4.0,9.1,31.3,27442.98
2003-01-05,7.0,-1.2,2.3,1.1,6.6,22.3,3785.61
2003-01-06,1.1,-2.7,-0.9,2.2,15.3,43.2,19852.7
2003-01-07,5.1,-4.2,0.8,5.4,19.6,60.5,6105.65
2003-01-08,-2.3,-5.4,-3.8,0.4,13.3,34.2,27875.83
2003-01-09,0.7,-3.5,-1.5,6.5,11.2,43.2,667.85
2003-01-10,-2.6,-8.4,-6.1,8.1,11.0,46.1,6693.87
2003-01-11,-5.1,-7.7,-6.5,1.7,15.2,33.8,6002.61
2003-01-12,-7.7,-15.8,-10.1,4.4,14.6,31.3,8710.82
2003-01-13,-7.7,-24.5,-16.1,0.0,7.7,14.4,28539.63
2003-01-14,-0.2,-22.8,-11.2,0.0,8.2,16.2,28112.26
2003-01-15,7.6,-4.6,1.2,0.0,7.9,16.9,24592.13
2003-01-16,6.5,-10.3,-3.4,0.0,10.2,26.3,29106.44
2003-01-17,2.8,-4.2,-0.9,0.0,11.3,25.6,27203.88
2003-01-18,3.7,-7.2,-1.8,0.9,11.5,25.6,18025.95
2003-01-19,1.1,-3.3,-1.1,1.1,6.5,14.0,0.0
2003-01-20,2.7,-3.0,-0.3,0.0,6.9,16.6,26073.08
2003-01-21,4.6,-3.2,-0.4,0.0,13.3,27.4,29586.06
2003-01-22,5.1,-3.4,0.7,1.3,15.3,34.2,0.0
2003-01-23,8.6,-3.4,2.0,0.0,9.1,21.6,29119.04
2003-01-24,2.1,0.5,1.4,0.0,10.1,21.2,0.0
2003-01-25,5.0,-0.2,1.6,2.8,12.7,28.4,3794.57
2003-01-26,3.6,-1.0,1.0,0.2,13.2,27.0,6864.21
2003-01-27,2.8,-1.9,0.5,0.0,9.7,21.6,11119.81
2003-01-28,4.1,-1.4,1.0,0.3,6.9,16.9,894.84
2003-01-29,1.5,-1.7,0.2,9.5,16.4,36.0,2815.89
2003-01-30,5.2,-3.3,0.2,1.8,9.8,42.5,21646.85
2003-01-31,5.6,-2.3,1.1,3.8,13.8,31.7,11072.72
2003-02-01,0.9,-2.5,-0.5,2.6,16.6,36.4,1623.38
2003-02-02,-2.8,-7.8,-4.9,0.8,17.9,35.6,7408.21
2003-02-03,-1.9,-13.2,-7.1,0.0,10.5,21.6,31709.85
2003-02-04,3.8,-9.2,-1.5,0.2,22.7,49.7,4070.59
2003-02-05,2.9,-1.6,0.6,6.7,18.8,47.5,4600.9
2003-02-06,0.2,-2.6,-1.5,3.0,22.2,51.8,23849.84
2003-02-07,-2.5,-7.7,-4.2,2.8,22.2,49.7,13605.89
2003-02-08,-2.4,-12.5,-7.7,0.0,18.5,41.8,27269.15
2003-02-09,-2.9,-12.0,-7.3,0.7,13.0,27.7,0.0
2003-02-10,-2.0,-7.1,-4.5,0.0,6.1,14.0,6387.69
2003-02-11,-0.5,-6.5,-3.8,0.0,13.3,24.1,6734.44
2003-02-12,-3.6,-10.3,-7.0,0.0,14.8,31.0,28449.21
2003-02-13,-4.9,-10.2,-7.9,0.3,10.6,23.8,16403.27
2003-02-14,-2.7,-11.2,-7.2,0.0,7.1,14.8,33993.32
2003-02-15,-1.9,-11.5,-6.9,0.0,9.0,19.1,32074.54
2003-02-16,-0.6,-6.9,-4.1,0.0,11.0,22.7,8049.86
2003-02-17,-1.6,-9.1,-5.9,0.0,14.3,28.1,32713.17
2003-02-18,-2.2,-9.3,-5.2,0.0,11.7,27.0,23715.97
2003-02-19,-3.5,-8.8,-5.8,0.6,15.8,36.4,11538.91
2003-02-20,-0.5,-4.1,-2.7,4.2,15.9,36.4,101.08
2003-02-21,0.6,-4.3,-2.1,0.0,7.1,18.4,12071.54
2003-02-22,1.6,-4.8,-1.8,0.0,13.0,24.5,33293.44
2003-02-23,1.8,-7.0,-3.5,0.0,9.7,22.3,35188.61
2003-02-24,1.8,-7.4,-2.6,0.0,12.8,32.0,35273.39
2003-02-25,3.2,-2.9,-0.2,0.0,7.1,17.3,35398.38
2003-02-26,4.2,-2.7,0.3,0.0,9.2,19.4,35615.18
2003-02-27,9.9,-3.2,2.0,0.0,9.7,20.5,35781.12
2003-02-28,10.3,-4.1,2.9,0.0,7.0,13.7,35956.99
2003-03-01,11.3,-3.9,3.6,0.0,8.4,19.4,36141.89
2003-03-02,12.5,-3.4,3.8,0.0,11.8,20.5,36335.01
2003-03-03,10.8,-2.1,2.9,0.0,14.1,31.3,31864.77
2003-03-04,7.9,-1.3,2.7,0.0,11.6,25.9,36206.05
2003-03-05,5.3,-1.0,2.0,0.2,7.8,22.3,12230.65
2003-03-06,4.7,-3.3,0.5,0.0,10.1,23.4,16297.54
2003-03-07,6.1,-2.3,1.0,0.0,8.3,17.6,36374.9
2003-03-08,6.6,-2.7,0.9,0.0,9.9,24.1,37513.5
2003-03-09,8.1,-2.9,2.2,0.1,13.0,31.0,36094.95
2003-03-10,6.3,-2.4,2.4,5.4,14.8,25.6,0.0
2003-03-11,10.8,2.4,5.9,0.0,7.5,14.8,26234.89
2003-03-12,18.4,-2.1,7.5,0.0,9.2,22.3,37030.84
2003-03-13,7.5,-1.1,4.8,7.2,22.2,58.0,31451.13
2003-03-14,3.8,-4.5,-0.6,1.9,13.2,32.8,36526.87
2003-03-15,4.8,-4.2,0.0,0.7,15.0,33.1,37796.72
2003-03-16,6.9,-3.9,1.2,2.0,13.2,37.8,38692.84
2003-03-17,6.9,-3.2,1.8,0.0,11.9,27.4,30314.45
2003-03-18,8.4,-3.2,2.2,0.0,19.7,43.6,38549.67
2003-03-19,8.4,-1.9,3.4,1.1,16.6,38.9,35514.01
2003-03-20,10.4,0.5,5.4,0.8,23.2,52.2,39307.77
2003-03-21,4.3,-2.7,2.2,0.7,21.1,48.2,24711.25
2003-03-22,1.9,-5.9,-2.4,0.0,15.5,36.7,39619.82
2003-03-23,3.0,-6.3,-1.6,0.0,19.5,42.5,40579.94
2003-03-24,9.2,-4.0,2.3,0.0,15.6,36.0,40823.23
2003-03-25,14.6,-2.4,5.3,0.0,11.6,26.3,41142.11
2003-03-26,15.0,-1.9,7.2,0.0,9.8,15.8,36895.4
2003-03-27,16.1,2.6,9.1,0.0,15.0,32.0,41287.85
2003-03-28,17.3,0.1,9.3,0.0,10.3,17.6,40950.28
2003-03-29,17.9,2.2,10.5,0.4,8.6,15.8,40334.52
2003-03-30,18.0,2.5,10.9,1.1,8.6,27.0,34518.52
2003-03-31,19.4,2.8,11.2,2.1,17.5,40.3,40770.91
2003-04-01,10.9,3.4,7.5,0.0,18.0,42.1,41747.62
2003-04-02,16.6,-1.8,8.1,0.0,13.9,31.0,41976.6
2003-04-03,16.5,0.9,9.5,0.0,9.0,19.1,42054.85
2003-04-04,10.9,4.3,7.7,0.0,19.2,38.9,16927.15
2003-04-05,10.5,2.5,6.1,0.1,24.2,51.8,36703.25
2003-04-06,4.2,-2.0,2.2,2.1,30.3,74.9,42005.48
2003-04-07,2.2,-3.8,-1.0,2.2,17.6,40.3,37595.51
2003-04-08,3.0,-3.3,-0.4,1.5,20.8,61.6,39064.52
2003-04-09,9.5,-4.6,2.8,0.0,10.5,27.7,41736.78
2003-04-10,15.5,-1.2,7.1,1.2,22.3,47.9,39600.0
2003-04-11,19.5,5.7,11.9,1.3,17.6,42.1,43485.13
2003-04-12,17.7,6.2,11.2,6.3,6.4,21.2,30679.38
2003-04-13,9.3,6.1,8.0,12.5,22.0,50.8,658.02
2003-04-14,13.0,4.3,8.6,0.2,15.5,37.1,29125.67
2003-04-15,15.9,5.6,11.0,0.0,17.5,40.0,27111.96
2003-04-16,15.8,5.0,10.9,2.5,9.2,22.7,42770.98
2003-04-17,15.7,6.5,10.6,0.4,13.6,34.6,44426.38
2003-04-18,13.3,4.2,9.1,3.4,9.0,25.2,42541.39
2003-04-19,11.0,4.3,7.8,1.3,8.1,22.3,19413.9
2003-04-20,13.7,3.1,8.6,0.0,14.2,38.5,42796.24
2003-04-21,16.8,2.7,10.2,0.2,14.3,35.3,33423.38
2003-04-22,13.7,7.0,10.0,3.0,10.0,27.0,26337.54
2003-04-23,15.4,4.4,10.0,2.9,6.4,19.1,39103.93
2003-04-24,15.0,4.2,8.9,12.1,14.4,41.8,32623.07
2003-04-25,15.6,6.2,10.1,1.8,12.2,28.8,38223.21
2003-04-26,18.7,4.5,12.0,0.0,8.7,21.6,46520.79
2003-04-27,19.6,5.8,13.0,0.4,11.3,27.4,23787.71
2003-04-28,19.4,8.0,13.7,1.4,8.5,23.8,46696.24
2003-04-29,24.5,6.6,16.3,0.0,7.6,20.5,46781.75
2003-04-30,27.2,9.0,18.2,0.0,10.8,23.0,46800.0
2003-05-01,28.1,10.8,20.1,0.0,10.8,24.5,46800.0
2003-05-02,30.1,12.1,22.4,0.0,6.9,15.1,46800.0
2003-05-03,29.3,11.0,20.8,0.0,19.6,43.2,46800.0
2003-05-04,21.7,12.8,17.3,0.0,18.6,40.0,46837.11
2003-05-05,26.1,12.5,19.5,0.0,9.2,22.0,46832.91
2003-05-06,28.4,13.6,21.6,0.0,14.2,31.0,46827.79
2003-05-07,28.8,14.6,21.8,0.0,10.7,27.4,46800.0
2003-05-08,30.0,14.1,22.9,0.0,8.0,14.4,46900.11
2003-05-09,30.9,14.3,23.4,0.2,8.8,18.4,43641.8
2003-05-10,29.2,14.5,23.0,0.2,10.1,27.0,40544.46
2003-05-11,29.1,15.2,22.4,2.7,11.9,32.4,38521.29
2003-05-12,29.4,14.8,22.4,0.0,12.8,29.9,43200.0
2003-05-13,29.5,14.9,22.8,0.1,11.6,28.1,43659.59
2003-05-14,25.7,14.0,19.9,2.7,17.1,33.5,44200.23
2003-05-15,18.5,11.9,15.0,0.0,17.3,38.2,15476.14
2003-05-16,18.3,9.9,14.5,0.0,11.3,28.1,47426.0
2003-05-17,22.3,10.5,16.6,0.0,11.2,26.3,47433.24
2003-05-18,22.2,11.4,16.7,4.3,10.7,27.4,37480.28
2003-05-19,23.7,10.8,17.8,0.0,8.4,23.4,47762.46
2003-05-20,27.5,11.0,20.1,0.0,12.8,24.8,46990.29
2003-05-21,20.0,11.9,15.7,7.0,16.9,34.9,16491.98
2003-05-22,15.0,10.9,12.5,6.2,17.8,40.3,2556.05
2003-05-23,18.7,11.5,14.1,14.1,15.0,33.8,12420.19
2003-05-24,21.3,12.2,16.6,5.1,8.0,33.1,30343.73
2003-05-25,23.3,12.6,18.1,5.3,6.8,22.7,40998.0
2003-05-26,22.7,13.0,17.7,29.3,8.5,30.6,35545.23
2003-05-27,23.4,12.8,18.4,0.1,12.1,24.1,40781.82
2003-05-28,24.7,13.8,19.9,3.9,10.7,32.4,47201.66
2003-05-29,23.8,12.9,18.8,5.6,11.1,22.3,40235.23
2003-05-30,22.7,13.7,17.9,8.8,8.8,22.0,41213.8
2003-05-31,24.5,13.4,19.0,0.0,10.6,28.8,49776.58
2003-06-01,25.8,12.3,19.5,4.3,7.6,17.6,48399.93
2003-06-02,25.1,12.8,18.9,6.2,6.5,20.9,40133.82
2003-06-03,24.3,14.6,19.0,7.1,5.8,16.2,40477.4
2003-06-04,25.5,14.2,20.6,2.5,6.5,17.3,43753.07
2003-06-05,27.7,14.6,21.9,0.0,8.4,18.7,48965.35
2003-06-06,29.0,16.2,23.2,0.9,6.8,15.5,48869.42
2003-06-07,29.5,15.6,22.9,1.1,9.4,18.7,49381.94
2003-06-08,28.7,16.8,23.0,0.4,10.9,22.0,44967.55
2003-06-09,29.0,17.5,23.7,1.1,9.9,23.0,50056.68
2003-06-10,29.7,17.3,24.1,3.2,9.5,22.3,47271.95
2003-06-11,30.8,17.9,25.1,0.0,8.9,21.6,50657.21
2003-06-12,31.2,16.4,25.3,0.0,11.8,32.8,49844.47
2003-06-13,31.8,18.8,25.9,0.0,8.0,17.6,50720.34
2003-06-14,31.3,19.4,25.7,1.2,14.4,37.8,47927.02
2003-06-15,30.0,20.2,24.6,4.5,14.2,30.2,38899.85
2003-06-16,27.3,17.8,22.6,0.3,10.6,25.9,49922.3
2003-06-17,25.8,16.4,21.1,0.0,9.4,25.6,50523.82
2003-06-18,28.2,16.8,22.8,0.0,8.1,20.9,49630.39
2003-06-19,21.0,16.5,18.1,10.1,14.4,31.3,13348.39
2003-06-20,24.8,14.4,19.5,0.4,12.2,33.1,47881.32
2003-06-21,24.0,15.7,19.2,0.6,14.7,40.0,37296.62
2003-06-22,25.3,13.5,19.9,0.0,5.3,23.4,49394.68
2003-06-23,31.8,14.2,23.6,0.7,11.2,27.4,50761.59
2003-06-24,32.9,17.1,25.1,2.0,11.3,29.9,49983.66
2003-06-25,29.3,17.5,24.0,0.3,16.6,38.5,50770.02
2003-06-26,27.3,17.8,22.6,1.1,15.6,37.8,50353.1
2003-06-27,26.7,18.3,22.2,0.0,8.1,21.6,49702.75
2003-06-28,27.4,18.3,22.9,0.0,10.8,21.6,49412.45
2003-06-29,28.4,19.3,23.1,1.5,11.9,26.3,36815.79
2003-06-30,27.3,17.1,22.0,2.3,8.2,17.6,39071.12
2003-07-01,33.8,16.1,25.7,0.0,11.0,26.3,50746.66
2003-07-02,29.2,17.8,24.6,0.0,14.9,36.0,50733.35
2003-07-03,30.7,19.9,25.0,0.6,12.7,31.3,47332.45
2003-07-04,29.8,17.9,22.6,4.8,13.3,29.9,48394.36
2003-07-05,21.7,15.5,18.2,13.5,16.5,38.2,31601.91
2003-07-06,22.9,13.3,18.4,0.9,17.3,40.7,50274.2
2003-07-07,23.0,14.0,18.9,0.2,19.4,49.0,49716.55
2003-07-08,21.6,14.4,18.2,0.0,21.7,50.4,29432.93
2003-07-09,24.2,13.0,18.8,0.0,21.7,47.5,42552.56
2003-07-10,24.4,13.9,19.7,0.0,14.9,42.8,45021.53
2003-07-11,21.9,14.4,17.7,4.3,14.3,36.7,34180.57
2003-07-12,25.2,12.2,19.4,0.0,11.2,27.4,49884.73
2003-07-13,26.1,14.5,19.3,8.3,13.0,37.8,39137.73
2003-07-14,21.1,12.2,16.7,0.0,11.3,33.5,45087.05
2003-07-15,25.1,11.4,19.2,0.0,9.7,25.6,49679.46
2003-07-16,28.6,13.8,22.4,0.0,6.0,19.1,49644.32
2003-07-17,31.2,18.5,25.7,0.1,8.7,25.2,47752.58
2003-07-18,25.4,18.7,21.8,7.7,20.0,42.8,28905.52
2003-07-19,22.1,17.0,19.3,12.7,14.1,34.9,22201.01
2003-07-20,27.5,16.1,21.9,0.5,7.4,20.9,43844.04
2003-07-21,29.5,17.7,24.7,0.0,5.5,16.6,48524.4
2003-07-22,31.6,19.7,26.4,0.0,5.5,13.3,48819.97
2003-07-23,32.5,19.2,26.3,1.3,10.9,33.8,46212.46
2003-07-24,27.1,18.2,22.3,4.6,12.3,31.7,43848.71
2003-07-25,29.0,17.0,23.2,2.0,13.7,31.3,46076.09
2003-07-26,25.1,17.4,21.1,3.5,9.9,24.5,33758.75
2003-07-27,27.3,17.1,23.1,0.5,7.2,15.1,48444.12
2003-07-28,31.1,18.5,25.7,0.0,6.4,18.4,48146.96
2003-07-29,25.4,19.1,22.8,4.2,14.8,33.5,39505.72
2003-07-30,23.1,17.8,20.2,0.1,15.6,36.0,43131.85
2003-07-31,23.8,16.5,20.0,0.7,8.6,21.6,46007.17
2003-08-01,25.5,15.5,20.0,4.8,11.4,28.1,32961.83
2003-08-02,26.6,16.4,21.8,4.8,7.0,20.9,45426.93
2003-08-03,28.6,17.1,23.3,0.0,10.1,24.8,47432.35
2003-08-04,30.0,17.0,24.0,0.0,15.5,36.4,47662.57
2003-08-05,30.0,16.1,23.6,0.0,15.3,38.9,47303.91
2003-08-06,30.7,16.9,24.4,0.0,10.5,27.7,47077.28
2003-08-07,28.3,17.5,23.3,0.0,15.2,37.1,47185.39
2003-08-08,27.3,15.8,22.2,0.0,10.7,28.1,47238.58
2003-08-09,28.4,15.4,22.8,0.0,10.2,26.3,43092.33
2003-08-10,28.8,15.5,22.8,0.0,13.1,34.2,46812.0
2003-08-11,27.9,15.2,22.3,0.2,20.8,54.4,46838.86
2003-08-12,27.5,16.9,22.1,0.0,10.6,26.6,46687.12
2003-08-13,30.8,14.9,24.0,0.0,7.5,23.8,46442.18
2003-08-14,34.0,17.6,26.3,1.1,11.9,37.8,46378.89
2003-08-15,33.5,18.4,25.9,1.3,14.3,35.3,45907.14
2003-08-16,27.7,20.3,23.9,0.0,13.0,25.9,38970.22
2003-08-17,30.1,17.9,24.2,0.0,6.8,16.9,45734.07
2003-08-18,34.6,16.5,27.0,0.0,8.0,19.4,46122.8
2003-08-19,33.4,18.9,26.6,0.5,13.3,21.6,44613.65
2003-08-20,26.1,19.2,22.2,5.9,12.8,34.6,42431.32
2003-08-21,27.6,16.2,22.6,0.1,6.2,19.1,45928.46
2003-08-22,29.6,17.9,24.3,0.0,6.6,18.7,45863.39
2003-08-23,31.7,17.2,25.8,0.0,6.4,13.7,45767.62
2003-08-24,31.0,17.7,24.9,0.0,13.1,31.3,45336.19
2003-08-25,29.4,17.5,23.4,0.4,12.4,26.3,42067.65
2003-08-26,25.0,16.1,20.6,3.4,7.9,23.0,23524.67
2003-08-27,27.3,16.5,22.5,0.0,7.5,22.3,44102.45
2003-08-28,30.2,15.0,23.6,0.0,8.3,14.4,44948.55
2003-08-29,34.0,15.3,25.4,0.0,10.7,25.2,44783.47
2003-08-30,32.5,19.7,26.3,0.0,11.4,26.6,44616.0
2003-08-31,29.7,19.1,23.8,0.7,22.2,46.4,43237.65
2003-09-01,22.0,14.0,17.4,0.1,21.1,54.4,42614.44
2003-09-02,21.0,13.0,16.8,2.9,13.2,37.1,36132.03
2003-09-03,17.4,12.0,14.2,0.2,16.1,38.2,41450.74
2003-09-04,17.6,7.2,12.9,0.0,15.5,36.7,40584.79
2003-09-05,19.3,8.9,14.5,0.2,15.8,39.6,37428.99
2003-09-06,21.5,9.3,16.2,0.0,8.8,20.9,42440.45
2003-09-07,24.2,12.3,18.5,0.0,9.6,26.3,40282.85
2003-09-08,25.8,12.1,19.6,0.5,20.3,42.1,33518.66
2003-09-09,20.8,14.7,16.8,8.4,15.9,40.0,14305.1
2003-09-10,20.6,12.6,16.6,6.2,10.9,25.6,0.0
2003-09-11,16.9,14.8,15.6,6.2,17.6,40.3,9187.41
2003-09-12,14.7,11.3,13.1,9.4,15.3,40.3,2583.76
2003-09-13,12.4,11.5,11.9,21.3,12.4,22.7,0.0
2003-09-14,16.5,9.2,12.3,1.7,6.6,23.8,15790.54
2003-09-15,16.9,7.5,12.6,0.0,11.8,28.8,20382.53
2003-09-16,19.3,11.6,15.4,0.2,6.4,21.6,37194.79
2003-09-17,21.1,9.1,15.2,0.0,9.8,24.1,39152.63
2003-09-18,22.7,9.4,16.4,0.0,7.7,22.7,39625.42
2003-09-19,23.4,10.1,17.6,0.0,5.7,15.5,39633.95
2003-09-20,24.3,11.9,18.8,0.0,6.5,16.6,39600.0
2003-09-21,25.6,10.5,18.3,0.0,11.6,25.2,39600.0
2003-09-22,27.4,10.8,18.7,0.0,12.6,26.6,39600.0
2003-09-23,26.8,10.3,18.7,0.0,9.4,19.4,39600.0
2003-09-24,24.3,11.2,18.2,0.9,18.9,41.8,38481.53
2003-09-25,15.3,11.5,13.3,2.6,14.7,33.1,0.0
2003-09-26,16.5,10.6,13.3,0.0,8.3,18.4,20619.39
2003-09-27,19.9,7.6,13.9,0.0,6.6,16.6,39433.53
2003-09-28,22.7,8.6,15.6,0.0,9.8,18.0,39320.45
2003-09-29,21.0,10.0,15.4,0.0,14.3,35.3,7589.83
2003-09-30,16.8,10.9,13.9,4.0,12.8,25.9,2865.25
2003-10-01,20.0,8.7,14.4,0.0,8.8,16.2,37976.11
2003-10-02,24.3,10.4,17.0,0.0,7.2,14.0,38754.33
2003-10-03,25.6,12.5,18.7,0.0,10.2,16.9,38343.36
2003-10-04,26.7,11.9,18.8,0.0,14.7,35.3,38384.38
2003-10-05,22.8,13.2,18.0,2.4,16.6,43.9,7094.16
2003-10-06,17.8,8.4,12.9,11.4,24.6,56.2,14430.99
2003-10-07,18.5,4.4,11.1,0.0,11.4,24.8,37111.1
2003-10-08,14.0,4.4,8.8,16.1,26.7,73.4,7062.31
2003-10-09,14.2,5.6,8.8,4.4,22.2,61.6,22091.28
2003-10-10,13.4,6.2,9.3,0.3,16.6,38.9,31876.5
2003-10-11,19.2,5.2,12.0,0.0,9.7,23.0,36633.55
2003-10-12,19.8,7.4,13.6,0.3,8.7,22.7,35867.24
2003-10-13,14.3,8.7,11.6,0.1,7.9,19.8,34351.15
2003-10-14,14.2,6.8,10.3,0.0,8.0,19.8,34982.18
2003-10-15,8.9,5.0,7.3,6.2,10.6,24.5,0.0
2003-10-16,9.6,2.2,6.3,0.8,9.3,24.5,21280.09
2003-10-17,7.1,4.5,5.7,2.2,15.3,35.6,11216.06
2003-10-18,7.8,3.7,5.6,0.0,13.5,30.6,10942.72
2003-10-19,5.4,3.2,4.4,4.0,13.0,31.7,0.0
2003-10-20,17.8,2.3,10.0,0.0,12.7,27.0,22418.88
2003-10-21,20.8,12.4,15.5,0.0,12.6,44.3,30469.95
2003-10-22,12.1,8.9,10.4,11.3,8.9,42.1,3883.93
2003-10-23,9.5,7.2,8.3,20.4,17.1,56.2,0.0
2003-10-24,9.9,5.1,7.7,4.8,11.9,26.6,2689.71
2003-10-25,4.4,0.7,2.6,5.6,13.9,32.0,5217.47
2003-10-26,7.4,-0.5,3.2,0.0,8.5,17.6,31212.21
2003-10-27,3.6,0.1,1.4,14.9,9.4,19.1,0.0
2003-10-28,4.8,-0.9,1.3,0.0,9.9,20.9,23493.75
2003-10-29,10.4,-2.6,3.6,2.0,15.5,34.9,28800.0
2003-10-30,14.0,4.4,8.4,9.0,19.3,39.6,30243.02
2003-10-31,15.4,1.6,8.3,1.7,9.7,33.5,32681.1
2003-11-01,18.3,3.6,11.0,0.0,18.6,42.1,27146.96
2003-11-02,20.4,10.4,15.8,7.0,18.8,43.6,25976.31
2003-11-03,14.0,9.4,11.0,4.9,9.9,28.1,20102.73
2003-11-04,12.9,6.6,9.4,0.0,11.9,30.6,29640.74
2003-11-05,10.5,5.4,8.1,0.0,17.0,37.8,23604.41
2003-11-06,6.5,3.5,5.2,0.2,9.7,22.3,0.0
2003-11-07,9.2,3.5,6.0,0.0,13.7,30.6,8908.79
2003-11-08,10.6,5.2,7.1,0.0,9.8,24.8,23991.34
2003-11-09,7.8,1.9,4.9,0.0,12.1,28.8,5798.86
2003-11-10,8.3,2.0,5.5,0.0,10.4,22.7,29691.62
2003-11-11,5.6,-1.3,2.1,0.0,10.9,28.8,29522.58
2003-11-12,5.6,-1.6,1.3,0.0,8.2,21.6,31313.43
2003-11-13,8.5,-2.0,3.0,0.0,7.1,18.4,31242.33
2003-11-14,9.3,-0.5,3.9,0.0,9.1,21.2,31155.72
2003-11-15,11.0,-0.6,4.6,0.0,8.4,15.8,24331.88
2003-11-16,13.3,-0.7,5.5,0.0,10.2,17.6,30854.88
2003-11-17,13.2,1.2,6.7,0.3,18.5,42.1,16977.28
2003-11-18,10.2,3.5,6.3,5.3,14.3,34.6,29141.4
2003-11-19,15.2,2.0,7.3,0.0,9.4,16.9,23664.54
2003-11-20,14.9,1.5,8.1,0.0,7.2,19.4,30292.72
2003-11-21,15.5,1.8,8.1,0.0,8.6,14.4,30158.45
2003-11-22,13.5,1.0,6.6,0.0,5.9,13.0,24070.45
2003-11-23,13.9,-0.2,5.7,0.0,8.8,14.4,29896.44
2003-11-24,14.9,1.0,6.8,0.0,8.4,18.4,28548.98
2003-11-25,15.7,4.5,8.7,1.2,11.2,24.8,29644.37
2003-11-26,12.5,5.2,9.0,0.1,16.8,40.0,0.0
2003-11-27,14.4,9.1,11.0,0.0,17.1,37.4,24218.12
2003-11-28,13.9,7.5,10.0,3.1,23.0,52.2,24162.74
2003-11-29,11.9,4.9,7.7,0.3,12.9,29.5,28272.48
2003-11-30,9.3,5.6,7.5,0.2,8.7,21.2,0.0
2003-12-01,9.1,6.7,7.6,0.0,14.0,32.4,1130.07
2003-12-02,9.8,2.7,6.3,0.0,13.8,33.1,24510.45
2003-12-03,8.9,0.9,3.8,0.0,11.5,28.1,27288.76
2003-12-04,9.3,-2.4,2.8,0.0,7.6,16.6,28252.78
2003-12-05,7.7,-3.0,1.7,0.0,9.1,24.1,26345.83
2003-12-06,11.1,1.8,5.3,4.3,24.3,55.4,27663.57
2003-12-07,2.2,-3.2,-0.2,2.7,23.1,53.3,23532.92
2003-12-08,1.6,-4.5,-2.6,0.0,8.7,20.5,28095.55
2003-12-09,2.1,-4.1,-1.8,0.0,8.5,20.9,28293.13
2003-12-10,3.6,-3.9,-0.9,0.0,18.0,40.3,23038.04
2003-12-11,6.8,-1.1,1.5,0.0,14.9,34.6,27086.5
2003-12-12,9.2,-1.7,3.1,2.5,10.0,23.0,11948.76
2003-12-13,4.8,0.3,3.4,0.0,9.0,21.6,8065.23
2003-12-14,9.3,-2.3,3.0,0.0,16.1,38.2,18459.91
2003-12-15,6.7,-0.8,3.2,0.5,16.2,38.2,24471.12
2003-12-16,0.7,-3.4,-1.6,3.2,18.1,46.4,25871.84
2003-12-17,0.0,-3.7,-1.9,4.2,20.2,46.1,12672.24
2003-12-18,1.7,-7.1,-2.7,0.0,8.5,22.7,7675.45
2003-12-19,5.4,-3.7,-0.3,0.0,7.2,13.7,27447.05
2003-12-20,6.4,-3.7,0.2,0.0,7.6,15.1,27166.44
2003-12-21,6.7,-4.0,-0.1,0.0,8.7,23.4,27472.63
2003-12-22,7.1,-0.2,2.8,8.3,15.5,33.1,4861.01
2003-12-23,0.4,-1.9,-0.4,11.3,21.5,46.1,0.0
2003-12-24,-1.9,-4.8,-3.1,8.8,14.5,34.9,0.0
2003-12-25,-2.6,-5.7,-4.2,2.2,9.6,18.4,6022.49
2003-12-26,-1.3,-8.1,-4.5,0.0,6.4,14.8,21193.41
2003-12-27,0.6,-13.6,-7.3,0.0,10.5,17.6,27097.82
2003-12-28,2.3,-11.7,-5.4,0.0,9.5,20.5,27399.81
2003-12-29,4.2,-7.4,-2.0,0.0,12.0,27.7,27442.01
2003-12-30,6.1,-1.1,2.1,0.0,13.0,30.2,18445.82
2003-12-31,4.8,-2.1,0.9,0.0,10.8,25.6,27154.9
2004-01-01,4.5,-0.5,1.9,0.0,7.6,15.5,3926.05
2004-01-02,2.1,0.5,1.3,0.9,9.7,21.6,0.0
2004-01-03,0.2,-3.2,-1.3,1.9,15.0,34.6,3756.12
2004-01-04,-3.3,-6.0,-4.3,0.5,12.5,25.9,3093.67
2004-01-05,-3.2,-9.0,-6.0,1.2,11.6,22.3,27463.23
2004-01-06,-5.2,-8.2,-7.1,2.5,20.6,45.4,14154.85
2004-01-07,-4.4,-16.2,-8.9,0.0,14.5,34.9,25885.2
2004-01-08,-2.7,-8.8,-6.1,1.9,6.9,18.4,5286.42
2004-01-09,0.7,-12.2,-5.9,0.0,10.1,16.9,28026.44
2004-01-10,0.4,-5.6,-2.4,8.5,9.8,22.0,0.0
2004-01-11,0.8,-2.9,-0.8,1.2,10.7,25.2,0.0
2004-01-12,2.1,-8.6,-2.9,0.0,9.4,18.4,15329.75
2004-01-13,8.4,-3.3,1.2,5.5,9.9,37.4,26625.95
2004-01-14,8.5,0.6,3.2,4.8,15.7,34.9,10743.31
2004-01-15,6.2,0.2,1.7,14.2,22.2,60.8,16217.09
2004-01-16,3.7,-3.7,0.7,1.1,21.2,45.0,28469.1
2004-01-17,7.9,-5.0,1.1,0.0,15.9,37.1,26145.93
2004-01-18,6.9,2.1,4.1,0.6,9.4,36.7,4945.06
2004-01-19,3.2,0.1,1.6,6.1,9.7,28.1,0.0
2004-01-20,10.3,-2.4,2.7,10.1,13.7,54.0,25927.17
2004-01-21,1.1,-3.6,-1.2,1.3,19.2,44.6,4113.35
2004-01-22,-3.0,-6.7,-4.6,0.2,27.5,62.6,29063.78
2004-01-23,-5.8,-8.4,-6.9,0.0,24.5,56.2,4126.48
2004-01-24,-6.1,-7.9,-6.6,2.3,24.0,55.8,1233.44
2004-01-25,-2.7,-6.2,-4.5,1.3,10.2,26.6,2489.21
2004-01-26,-1.1,-5.8,-3.8,0.0,8.0,16.2,26465.16
2004-01-27,-0.3,-7.1,-3.5,3.2,16.5,36.7,7215.42
2004-01-28,1.8,-5.9,-1.7,15.5,18.4,40.0,5284.7
2004-01-29,-2.2,-9.0,-4.2,0.2,11.7,31.0,15433.75
2004-01-30,-1.3,-18.9,-9.7,0.0,14.0,34.2,8382.97
2004-01-31,1.4,-15.4,-7.7,0.0,11.2,19.1,31148.35
2004-02-01,6.1,-13.1,-4.4,0.0,9.9,15.8,30898.81
2004-02-02,10.2,-7.3,0.2,0.0,10.3,22.7,30971.66
2004-02-03,4.5,0.1,2.7,2.6,17.3,39.6,0.0
2004-02-04,6.7,1.5,3.7,1.8,8.5,20.5,0.0
2004-02-05,16.7,-1.4,6.2,0.0,9.1,20.5,31232.94
2004-02-06,16.7,-0.2,7.5,0.0,8.6,19.1,32307.63
2004-02-07,13.9,-2.5,5.0,0.0,8.7,22.0,32530.59
2004-02-08,6.0,0.3,3.5,6.5,9.1,27.4,13168.53
2004-02-09,6.5,-0.4,2.8,6.6,17.7,44.3,25613.69
2004-02-10,2.9,-3.9,-0.2,0.0,21.4,49.3,33237.8
2004-02-11,6.0,-5.4,-0.6,6.1,22.9,49.0,7890.16
2004-02-12,-0.6,-7.7,-5.1,1.2,23.5,57.2,31780.93
2004-02-13,-4.7,-10.6,-7.6,0.0,21.6,48.6,33770.38
2004-02-14,-0.2,-6.0,-3.4,1.5,18.1,40.0,21416.67
2004-02-15,4.3,-1.2,1.0,7.4,19.4,50.8,21495.58
2004-02-16,2.1,-3.9,-1.3,1.9,14.5,33.1,25431.72
2004-02-17,2.5,-5.0,-1.1,0.4,11.2,29.9,26418.26
2004-02-18,7.8,-2.6,1.3,0.0,8.8,15.1,34683.04
2004-02-19,5.3,-2.8,0.9,0.5,7.1,16.2,16358.6
2004-02-20,4.4,-3.6,0.1,0.6,13.3,27.7,30886.41
2004-02-21,4.6,-4.0,-0.5,0.0,20.8,45.7,34999.2
2004-02-22,3.7,-2.6,-0.1,4.7,20.2,45.7,4307.08
2004-02-23,9.7,0.7,4.0,5.3,19.4,44.3,26561.92
2004-02-24,9.1,-1.4,3.0,3.1,11.2,30.2,19570.13
2004-02-25,3.9,-1.4,0.6,3.3,16.3,33.5,29586.08
2004-02-26,9.8,-1.9,3.9,12.0,13.2,37.1,7624.03
2004-02-27,14.3,3.4,7.2,2.9,10.6,37.8,21330.73
2004-02-28,12.3,0.7,5.8,1.8,13.0,41.0,20592.95
2004-02-29,10.8,0.5,5.4,0.7,14.5,41.4,31135.95
2004-03-01,1.7,-1.3,0.0,5.4,12.7,40.0,3719.44
2004-03-02,1.7,-2.6,-0.8,1.1,13.4,31.7,6539.86
2004-03-03,5.1,-3.3,0.5,0.0,10.2,24.1,29658.65
2004-03-04,3.6,-2.3,0.5,0.0,17.9,42.8,31303.71
2004-03-05,2.1,-5.1,-1.6,2.1,12.9,35.3,35686.13
2004-03-06,0.9,-6.3,-3.1,0.0,8.7,24.8,37227.25
2004-03-07,8.5,-5.6,0.7,0.0,14.3,33.8,34973.85
2004-03-08,7.5,0.8,3.1,9.9,20.7,44.6,2585.28
2004-03-09,5.0,-1.5,1.8,3.5,13.9,32.8,13666.69
2004-03-10,5.2,-1.1,1.4,0.2,14.4,32.4,16005.43
2004-03-11,8.6,-2.3,2.8,0.0,17.6,40.0,30405.89
2004-03-12,7.5,0.6,3.4,0.0,19.5,46.8,21054.42
2004-03-13,10.5,-1.3,4.2,0.0,16.8,38.2,31976.21
2004-03-14,13.9,-1.0,5.8,0.0,14.4,33.1,38559.23
2004-03-15,14.6,0.7,7.9,0.0,10.5,25.2,28579.42
2004-03-16,15.0,0.5,8.0,0.0,13.7,34.2,36533.68
2004-03-17,17.5,2.0,9.5,0.0,13.9,36.0,36459.19
2004-03-18,18.7,3.6,11.8,0.0,9.0,23.0,39526.24
2004-03-19,22.0,2.2,12.6,0.0,8.6,22.0,38823.3
2004-03-20,20.3,3.3,12.4,0.0,10.0,27.7,39378.41
2004-03-21,21.0,3.5,12.2,0.0,13.0,33.8,40196.68
2004-03-22,18.7,4.2,12.0,0.0,13.2,33.1,39903.68
2004-03-23,19.0,6.6,13.1,0.2,22.8,51.8,36691.71
2004-03-24,14.2,6.9,10.9,0.9,23.5,56.2,25682.84
2004-03-25,14.5,0.5,7.7,0.1,22.8,59.4,40667.27
2004-03-26,10.0,1.5,5.7,3.1,9.0,23.0,14414.48
2004-03-27,7.1,1.4,4.0,5.0,9.0,23.0,5254.77
2004-03-28,8.9,1.7,5.0,0.0,13.1,31.0,26207.4
2004-03-29,8.3,-0.4,4.1,0.0,7.7,21.2,34073.29
2004-03-30,12.1,-0.2,6.2,0.0,9.0,23.0,41034.09
2004-03-31,14.8,1.7,8.5,0.0,16.4,38.2,40426.79
2004-04-01,16.6,1.7,9.6,0.0,10.9,28.4,40296.62
2004-04-02,15.8,5.8,10.8,0.0,13.0,32.0,40948.09
2004-04-03,16.2,1.4,8.9,0.0,15.3,36.7,42203.66
2004-04-04,17.2,2.2,9.9,0.0,10.1,26.6,42380.13
2004-04-05,19.3,3.7,11.5,1.9,9.2,25.9,41807.36
2004-04-06,17.4,7.1,11.5,1.9,11.8,38.5,39705.32
2004-04-07,18.7,7.2,12.5,1.0,20.4,48.6,42824.41
2004-04-08,10.9,4.6,7.7,5.9,15.1,34.9,15824.18
2004-04-09,14.1,4.8,8.9,4.4,15.0,41.0,9424.32
2004-04-10,18.6,6.4,11.9,4.4,10.9,44.6,15221.08
2004-04-11,20.6,8.2,12.5,1.8,19.9,37.1,24091.98
2004-04-12,13.2,8.3,10.1,2.0,10.4,26.3,414.39
2004-04-13,15.2,5.4,10.3,5.2,11.5,38.5,39289.58
2004-04-14,13.0,6.7,9.0,1.7,16.7,36.7,29255.5
2004-04-15,13.7,6.3,9.5,1.7,12.0,28.4,31832.23
2004-04-16,18.4,2.1,10.7,0.0,14.4,34.2,40331.63
2004-04-17,16.8,8.4,12.3,3.3,12.1,29.2,42018.52
2004-04-18,16.1,7.3,11.4,0.0,18.5,38.9,44570.96
2004-04-19,15.7,7.4,11.1,1.5,22.6,52.2,34225.01
2004-04-20,14.6,7.5,10.9,5.5,18.3,46.8,29793.24
2004-04-21,16.2,6.9,11.4,2.4,14.1,33.5,39493.85
2004-04-22,18.8,5.6,13.0,2.9,10.1,28.8,45700.86
2004-04-23,19.7,6.7,14.1,0.0,9.8,25.6,46322.77
2004-04-24,20.2,7.8,14.5,2.3,13.8,31.0,41248.04
2004-04-25,12.6,9.3,10.5,11.8,14.8,31.7,0.0
2004-04-26,15.6,8.6,11.6,2.1,12.7,28.8,4102.65
2004-04-27,16.2,6.5,11.1,0.4,16.4,33.1,46672.72
2004-04-28,17.6,5.8,11.5,0.0,10.2,27.0,46756.5
2004-04-29,20.7,5.2,13.8,0.0,10.6,26.6,46800.0
2004-04-30,20.4,7.9,14.6,0.0,9.8,28.1,40188.97
2004-05-01,21.8,8.2,15.7,0.0,12.1,33.8,44523.92
2004-05-02,20.0,9.3,15.2,4.3,6.6,19.1,39518.0
2004-05-03,21.4,8.7,15.0,0.0,10.5,20.9,43200.0
2004-05-04,20.6,8.4,15.2,2.1,19.4,47.2,33496.3
2004-05-05,22.2,10.6,15.6,1.7,14.0,37.8,41256.73
2004-05-06,20.0,8.6,14.2,2.9,19.3,52.6,28800.0
2004-05-07,18.1,9.2,13.2,1.6,23.4,59.4,42713.47
2004-05-08,17.9,5.0,12.0,1.0,19.7,50.4,46808.96
2004-05-09,16.2,7.4,11.8,1.5,11.2,24.5,46247.07
2004-05-10,15.8,4.5,10.4,6.1,14.0,32.4,33174.03
2004-05-11,17.2,5.2,12.0,0.0,15.1,38.5,47083.29
2004-05-12,19.8,7.1,13.8,0.0,8.7,20.2,46334.69
2004-05-13,18.9,10.8,13.9,15.3,9.8,23.8,29231.56
2004-05-14,15.3,10.1,12.1,6.9,22.5,49.7,10812.91
2004-05-15,14.8,5.7,10.8,0.6,13.9,37.4,45406.91
2004-05-16,12.0,6.5,9.7,7.6,12.6,28.8,1678.08
2004-05-17,13.8,8.1,10.5,10.4,15.5,43.6,36086.11
2004-05-18,16.9,5.4,11.4,0.1,13.4,36.0,46952.83
2004-05-19,19.9,6.0,13.5,0.0,10.6,25.6,47071.87
2004-05-20,21.9,8.3,16.5,0.0,12.2,34.2,47995.03
2004-05-21,25.1,8.4,17.8,0.0,10.5,26.3,48118.64
2004-05-22,23.7,10.5,16.7,8.3,9.2,28.4,39300.53
2004-05-23,13.3,7.3,11.3,10.4,13.7,32.0,0.0
2004-05-24,12.6,6.3,9.0,0.9,19.3,46.1,37694.45
2004-05-25,15.1,3.6,10.3,0.0,8.2,22.7,46506.41
2004-05-26,17.9,5.1,13.0,0.0,8.6,19.4,49533.45
2004-05-27,22.3,7.2,15.9,0.0,10.2,22.3,46150.3
2004-05-28,22.7,12.0,17.5,0.0,14.3,34.2,46492.37
2004-05-29,20.3,11.1,15.8,0.0,15.0,34.2,43624.39
2004-05-30,20.7,10.5,15.5,3.0,12.0,32.0,37245.63
2004-05-31,21.1,11.1,15.9,5.1,12.7,31.3,46354.44
2004-06-01,22.5,10.8,16.7,5.5,8.4,16.2,41778.8
2004-06-02,21.7,10.0,16.6,1.6,8.2,24.5,36890.22
2004-06-03,19.2,12.9,15.7,14.9,6.9,22.3,9164.78
2004-06-04,14.9,12.1,13.8,14.6,18.3,46.8,7238.63
2004-06-05,15.0,10.9,12.9,9.4,7.5,20.5,2303.22
2004-06-06,18.3,11.4,14.5,9.0,8.5,24.5,16255.14
2004-06-07,19.5,13.3,15.5,11.9,12.3,33.5,20968.7
2004-06-08,22.5,12.7,17.5,1.7,12.4,33.8,48862.37
2004-06-09,25.7,11.4,18.9,0.9,14.1,34.9,47404.24
2004-06-10,25.4,14.2,20.0,0.0,13.7,46.1,48255.46
2004-06-11,28.9,13.7,22.2,0.0,9.6,25.2,50394.06
2004-06-12,28.9,15.5,22.7,0.0,8.9,24.1,50523.59
2004-06-13,23.5,14.5,19.7,1.9,13.6,30.6,37066.47
2004-06-14,21.8,15.5,18.2,0.6,13.2,31.7,32410.72
2004-06-15,23.4,12.8,19.0,0.0,6.3,15.8,41651.48
2004-06-16,25.4,15.1,20.1,5.9,10.8,34.6,49362.89
2004-06-17,21.2,13.9,17.3,0.5,11.5,28.4,50253.27
2004-06-18,20.3,13.2,17.1,1.3,6.8,18.4,38303.8
2004-06-19,24.6,12.1,19.0,0.0,9.7,18.0,49601.7
2004-06-20,27.1,13.9,21.1,0.0,13.4,27.4,48949.56
2004-06-21,24.3,13.1,19.3,3.5,7.3,27.0,47510.92
2004-06-22,22.7,14.2,18.9,2.0,7.7,19.4,43149.27
2004-06-23,24.8,13.9,20.3,0.0,6.0,23.0,50624.25
2004-06-24,25.5,14.3,20.8,0.7,9.8,28.1,47885.61
2004-06-25,26.9,16.4,21.3,8.3,17.4,42.1,45012.5
2004-06-26,22.1,13.9,17.9,0.3,18.1,42.8,50214.31
2004-06-27,23.9,12.7,19.3,0.0,6.7,22.0,50076.79
2004-06-28,29.4,12.3,21.9,0.0,8.9,23.8,50900.77
2004-06-29,23.7,14.2,18.7,7.2,17.1,47.5,28075.01
2004-06-30,22.7,11.4,17.6,0.1,9.5,24.5,50476.01
2004-07-01,26.5,13.1,20.4,0.0,9.4,21.6,50733.25
2004-07-02,27.9,14.2,21.5,0.0,11.5,23.8,49260.31
2004-07-03,22.6,15.5,19.1,0.9,15.6,32.4,34951.41
2004-07-04,25.6,13.9,20.7,0.0,5.6,19.1,50294.59
2004-07-05,28.0,16.2,23.3,0.0,7.4,16.9,49939.12
2004-07-06,30.8,18.5,25.1,0.0,10.4,26.3,50257.64
2004-07-07,28.5,16.8,23.6,0.2,12.5,28.4,48973.45
2004-07-08,33.1,18.1,26.0,2.9,10.8,27.4,43611.61
2004-07-09,35.5,18.3,26.8,1.2,13.9,28.4,50184.17
2004-07-10,29.9,18.3,24.6,0.0,13.7,32.0,49281.44
2004-07-11,24.6,18.0,21.1,1.7,13.5,32.4,46579.16
2004-07-12,21.7,15.1,17.6,7.6,10.1,22.7,18021.41
2004-07-13,20.1,13.5,16.4,3.8,14.8,41.8,29255.38
2004-07-14,20.1,13.9,16.5,1.1,17.1,43.9,41415.88
2004-07-15,20.2,12.9,16.0,0.3,19.5,44.3,37563.65
2004-07-16,22.6,14.5,18.5,0.0,11.4,34.9,48182.59
2004-07-17,26.4,14.0,21.3,0.0,6.8,16.6,49386.94
2004-07-18,29.6,14.4,23.5,0.0,8.2,22.7,49437.41
2004-07-19,30.7,16.6,25.1,0.0,7.7,21.6,49173.89
2004-07-20,30.9,17.9,25.3,0.0,8.7,18.0,49148.45
2004-07-21,31.4,19.2,25.9,0.0,9.4,23.4,48669.59
2004-07-22,31.7,19.2,26.4,1.0,9.5,20.5,48201.21
2004-07-23,31.5,18.5,25.4,0.6,13.6,33.5,48940.22
2004-07-24,27.4,18.8,23.5,0.4,15.8,38.5,48035.93
2004-07-25,27.7,19.0,23.0,6.5,10.9,24.8,45771.57
2004-07-26,25.9,17.8,21.2,10.6,7.9,28.8,29785.33
2004-07-27,19.3,15.4,17.6,51.8,19.7,49.0,0.0
2004-07-28,18.8,14.1,15.7,6.9,16.7,37.4,15929.73
2004-07-29,15.8,13.2,14.5,8.4,9.4,22.3,534.6
2004-07-30,20.9,13.8,16.3,7.5,12.0,25.9,26032.37
2004-07-31,21.2,14.6,17.2,10.4,12.8,33.1,26671.57
2004-08-01,24.4,16.2,20.3,0.9,16.4,43.2,47678.11
2004-08-02,25.7,14.7,20.6,0.0,11.2,31.7,47311.11
2004-08-03,25.8,15.2,20.8,0.1,10.1,25.9,46950.96
2004-08-04,25.6,15.7,21.3,0.0,12.6,29.5,47420.87
2004-08-05,25.5,14.8,20.9,0.6,8.6,23.8,46964.67
2004-08-06,25.3,16.3,20.9,3.1,6.2,18.0,40972.74
2004-08-07,25.5,15.5,20.7,1.7,5.4,23.0,43139.55
2004-08-08,24.5,16.0,20.8,6.5,7.2,19.1,46570.39
2004-08-09,23.6,16.2,19.6,7.5,9.9,25.2,30552.1
2004-08-10,23.3,14.8,18.7,13.7,14.0,37.1,28837.75
2004-08-11,25.8,14.3,20.7,0.0,8.2,23.8,46621.3
2004-08-12,28.3,15.1,22.6,0.0,8.2,16.9,46459.61
2004-08-13,29.1,16.5,23.2,2.6,8.9,21.6,43926.81
2004-08-14,21.2,15.2,19.0,6.6,14.0,30.6,21435.49
2004-08-15,20.6,13.6,17.3,7.7,15.2,41.0,44500.85
2004-08-16,22.1,13.6,18.3,0.0,9.1,24.1,46073.68
2004-08-17,24.8,12.8,19.2,0.0,11.2,28.1,46137.65
2004-08-18,28.5,11.9,20.9,0.0,8.9,15.8,46072.8
2004-08-19,30.2,15.0,22.9,0.0,8.4,13.7,46007.88
2004-08-20,32.1,15.6,24.4,0.0,7.6,15.1,45942.91
2004-08-21,30.1,18.1,24.8,0.7,20.5,46.1,45817.66
2004-08-22,20.1,16.6,18.2,1.5,22.1,55.4,38971.27
2004-08-23,21.3,14.4,17.8,0.0,16.3,37.4,41622.5
2004-08-24,24.5,12.2,18.4,0.0,8.6,15.8,45485.52
2004-08-25,30.1,13.5,21.9,0.1,11.5,25.9,45137.7
2004-08-26,31.4,14.4,22.2,4.7,22.1,42.5,44430.75
2004-08-27,19.7,14.3,16.6,12.4,18.0,51.5,38009.82
2004-08-28,21.0,13.6,16.9,1.0,16.5,41.4,43636.05
2004-08-29,23.8,11.9,18.3,0.0,6.7,14.8,44231.19
2004-08-30,26.5,12.6,20.7,0.0,6.0,17.6,44110.89
2004-08-31,27.6,14.5,21.8,0.0,6.2,16.2,43988.36
2004-09-01,23.6,15.1,18.9,0.0,11.5,24.5,43333.67
2004-09-02,24.1,14.6,19.1,0.0,9.4,18.4,41149.09
2004-09-03,24.5,14.5,19.4,0.0,9.7,24.5,42972.66
2004-09-04,23.1,12.1,18.2,0.0,14.1,31.7,37324.01
2004-09-05,22.2,12.6,17.5,2.9,10.2,26.6,40058.21
2004-09-06,21.8,13.2,17.6,0.0,16.3,37.8,42380.7
2004-09-07,21.1,10.7,15.5,0.0,11.5,29.2,42380.22
2004-09-08,23.0,8.0,16.4,0.3,13.7,33.1,41167.94
2004-09-09,17.6,11.0,14.9,0.0,22.5,52.2,40574.43
2004-09-10,15.8,5.6,11.3,0.0,11.4,32.0,41042.71
2004-09-11,19.5,6.2,13.1,0.0,10.2,24.1,41227.66
2004-09-12,24.4,6.0,15.5,0.0,10.8,18.4,40871.25
2004-09-13,23.1,9.3,17.1,0.0,8.9,22.0,39739.83
2004-09-14,25.8,11.5,19.3,0.0,8.4,15.8,39866.38
2004-09-15,28.6,12.0,20.6,0.0,7.6,20.5,39953.38
2004-09-16,23.2,14.7,18.2,0.8,19.3,42.1,32295.14
2004-09-17,20.2,14.4,16.8,0.7,13.0,31.3,35587.11
2004-09-18,14.7,12.0,13.4,5.7,10.9,28.1,11394.49
2004-09-19,20.7,10.6,15.1,0.0,13.5,30.6,34591.2
2004-09-20,22.5,11.6,17.2,0.0,6.8,16.2,39600.0
2004-09-21,25.9,11.7,18.8,0.0,7.5,17.6,39600.0
2004-09-22,16.3,12.1,14.9,0.4,16.6,33.8,15512.82
2004-09-23,24.0,7.8,15.6,0.0,12.4,31.7,38069.23
2004-09-24,20.5,10.5,14.2,1.5,19.5,38.5,31261.71
2004-09-25,11.1,10.3,10.7,12.0,10.5,20.9,0.0
2004-09-26,11.7,10.6,11.1,15.0,9.0,19.4,0.0
2004-09-27,15.5,10.6,12.5,2.9,9.8,21.6,5143.33
2004-09-28,16.9,9.4,12.8,0.0,6.4,14.0,15392.46
2004-09-29,17.2,8.4,13.6,0.0,9.2,21.6,25194.44
2004-09-30,20.1,6.8,13.4,0.0,7.2,18.0,37579.99
2004-10-01,19.5,9.6,14.7,0.0,6.6,22.0,38798.18
2004-10-02,16.4,10.2,13.1,9.2,7.6,23.0,15800.29
2004-10-03,18.6,9.4,13.4,0.3,8.2,23.4,30480.98
2004-10-04,17.5,8.4,13.1,0.9,7.1,13.3,37785.33
2004-10-05,19.4,6.7,13.0,0.0,10.8,27.7,38070.62
2004-10-06,19.0,6.8,12.6,0.0,15.1,37.1,37887.54
2004-10-07,19.0,6.6,12.5,0.0,10.2,25.2,37703.67
2004-10-08,19.1,10.2,14.3,0.0,6.2,15.1,30207.08
2004-10-09,22.9,7.9,14.9,1.2,8.8,23.0,36620.94
2004-10-10,23.8,11.5,17.0,0.0,7.5,16.6,33342.1
2004-10-11,14.8,9.0,10.7,2.9,17.1,48.6,1485.03
2004-10-12,8.6,3.9,7.2,2.7,17.5,40.3,0.0
2004-10-13,7.4,3.2,5.1,4.1,23.8,56.2,19189.71
2004-10-14,7.9,5.3,6.7,7.9,20.1,46.4,920.5
2004-10-15,16.8,6.6,10.8,0.0,20.6,45.7,18709.19
2004-10-16,16.0,8.5,12.2,2.4,18.3,42.1,841.0
2004-10-17,20.9,8.0,13.1,0.3,20.1,55.4,27556.47
2004-10-18,18.1,5.3,11.9,0.0,8.0,21.2,34602.61
2004-10-19,19.0,6.2,12.6,1.0,6.1,16.2,26422.03
2004-10-20,18.5,11.2,14.2,3.6,7.2,21.2,20621.68
2004-10-21,18.3,10.3,14.3,1.2,8.7,24.8,15738.48
2004-10-22,19.4,12.8,15.8,0.0,9.2,20.9,24770.37
2004-10-23,18.6,10.5,14.2,6.6,7.9,26.6,29721.88
2004-10-24,19.4,11.8,14.6,0.0,6.6,14.8,26931.51
2004-10-25,21.0,7.6,13.8,0.0,7.3,15.1,32557.87
2004-10-26,20.9,7.3,13.5,0.0,12.0,26.6,33392.73
2004-10-27,20.6,7.1,13.1,0.0,8.9,20.9,33144.44
2004-10-28,20.2,6.6,12.9,0.0,9.7,22.3,33020.17
2004-10-29,20.5,7.7,13.4,0.0,10.0,24.8,32797.81
2004-10-30,22.0,8.1,14.3,0.0,10.7,25.2,32807.05
2004-10-31,22.5,9.0,15.0,0.0,9.7,23.0,30970.2
2004-11-01,22.5,8.8,15.3,0.0,9.4,16.9,29002.62
2004-11-02,21.5,8.7,14.3,0.0,8.6,19.4,32240.74
2004-11-03,17.0,9.5,12.3,0.2,15.4,35.3,31960.98
2004-11-04,14.1,6.5,10.2,0.0,18.8,44.6,30047.33
2004-11-05,13.7,3.4,7.9,0.0,12.9,30.6,31901.5
2004-11-06,10.4,3.0,7.0,0.0,11.3,21.6,767.09
2004-11-07,6.0,2.9,4.3,14.0,8.2,19.8,0.0
2004-11-08,3.3,1.7,2.5,23.4,8.7,58.7,0.0
2004-11-09,11.9,1.7,5.1,5.6,9.5,56.9,31475.17
2004-11-10,12.8,1.3,6.3,0.0,15.5,31.7,31401.1
2004-11-11,14.8,3.8,9.1,0.0,17.6,38.9,29014.27
2004-11-12,13.7,9.0,10.9,2.5,11.7,32.4,4548.79
2004-11-13,17.4,5.1,12.2,5.6,21.2,50.0,10159.05
2004-11-14,4.8,1.2,2.8,37.4,19.5,43.2,0.0
2004-11-15,3.2,1.2,2.0,2.4,17.4,39.6,0.0
2004-11-16,2.3,1.3,1.8,1.4,17.3,40.0,0.0
2004-11-17,6.7,0.5,3.8,0.0,14.2,33.1,274.47
2004-11-18,12.8,-1.3,4.4,0.0,8.9,18.7,30470.17
2004-11-19,11.7,-1.7,4.1,8.3,27.7,73.8,25860.4
2004-11-20,3.2,-2.7,0.4,1.1,21.3,50.8,29085.37
2004-11-21,2.8,-4.4,-0.9,0.8,22.6,57.6,29572.16
2004-11-22,5.9,-3.7,0.4,0.0,10.9,25.6,26093.05
2004-11-23,9.7,-0.2,3.6,1.0,10.7,35.3,21488.78
2004-11-24,5.3,-0.6,1.8,4.5,27.1,63.0,28748.13
2004-11-25,0.8,-2.1,-0.6,0.3,24.2,55.1,13067.53
2004-11-26,5.8,-3.1,-0.0,0.0,6.6,15.8,29420.94
2004-11-27,8.9,-2.9,2.0,0.1,6.6,18.0,21533.54
2004-11-28,9.4,-0.9,3.7,0.2,9.5,16.2,28566.9
2004-11-29,10.8,-2.5,2.7,0.0,9.8,19.4,28584.44
2004-11-30,11.0,0.7,5.4,0.0,8.0,18.7,8373.15
2004-12-01,11.5,5.6,7.9,2.7,15.7,34.6,25355.32
2004-12-02,12.5,6.2,8.6,3.1,10.3,43.9,16175.01
2004-12-03,16.2,4.0,8.9,0.8,16.6,43.6,25200.0
2004-12-04,9.8,5.7,7.4,3.0,6.9,32.0,951.12
2004-12-05,10.0,3.7,6.1,0.0,7.3,16.6,22130.33
2004-12-06,6.5,2.9,4.0,5.9,13.3,33.8,629.75
2004-12-07,5.6,0.5,3.1,0.0,10.8,25.9,26583.56
2004-12-08,6.5,-1.4,1.6,0.0,7.9,15.5,27044.82
2004-12-09,0.5,-2.0,-0.8,0.0,8.2,18.0,12827.27
2004-12-10,1.5,-2.4,-1.2,0.0,5.2,15.1,26129.98
2004-12-11,0.6,-2.3,-1.0,0.0,5.8,13.0,17546.76
2004-12-12,4.4,-3.0,-0.2,0.0,7.2,14.0,27900.83
2004-12-13,-0.3,-3.3,-1.9,0.0,6.6,20.2,16433.73
2004-12-14,-1.1,-2.9,-2.2,0.0,7.4,16.6,5649.1
2004-12-15,2.8,-2.9,-0.7,0.0,6.9,18.0,27321.26
2004-12-16,3.9,-2.7,0.0,0.0,6.2,13.0,27541.43
2004-12-17,6.5,-4.2,0.5,1.3,12.1,25.6,18342.24
2004-12-18,9.1,1.7,4.8,13.1,18.2,41.0,0.0
2004-12-19,3.9,-0.4,1.4,0.7,18.1,43.9,25923.77
2004-12-20,3.0,-2.1,0.1,0.0,14.8,34.9,14953.23
2004-12-21,0.4,-2.1,-0.9,1.6,10.8,23.4,498.85
2004-12-22,0.5,-2.9,-1.2,0.1,8.7,18.7,26061.67
2004-12-23,1.8,-3.4,-2.0,0.0,9.1,18.4,27335.85
2004-12-24,6.9,-2.9,0.6,0.2,10.1,17.3,27001.53
2004-12-25,7.6,-3.5,0.4,0.0,9.9,20.9,27398.01
2004-12-26,7.9,-2.6,3.0,0.0,20.6,47.9,1784.76
2004-12-27,13.1,5.1,8.7,0.0,20.3,52.9,27038.73
2004-12-28,8.7,-0.0,3.6,2.4,13.8,27.7,10612.26
2004-12-29,3.3,-1.8,1.4,2.5,18.7,38.9,472.44
2004-12-30,2.0,0.7,1.4,2.4,19.5,41.8,0.0
2004-12-31,3.2,0.3,1.5,0.0,6.3,15.5,11001.58
2005-01-01,3.8,-0.8,1.4,0.5,8.8,20.9,10854.62
2005-01-02,7.8,-0.1,3.4,1.0,10.6,28.8,20617.79
2005-01-03,4.6,-1.9,1.7,3.3,18.8,47.9,23168.4
2005-01-04,5.3,-2.0,2.3,2.9,14.2,37.8,10927.09
2005-01-05,11.9,-2.5,3.9,0.0,9.4,24.1,27976.73
2005-01-06,8.2,-3.1,2.1,2.0,16.6,40.7,20829.27
2005-01-07,6.7,-0.6,3.2,0.0,16.9,42.1,27942.06
2005-01-08,11.6,-2.8,2.2,0.0,8.7,18.0,28189.79
2005-01-09,10.0,-3.0,2.1,0.0,9.0,15.8,28354.25
2005-01-10,9.7,-2.4,2.8,0.0,7.4,14.0,28340.49
2005-01-11,8.8,-2.8,1.3,0.0,9.0,16.2,28603.84
2005-01-12,5.2,-2.9,0.2,0.0,8.5,12.6,28022.37
2005-01-13,3.2,-2.5,-0.5,0.0,7.6,15.5,27777.18
2005-01-14,4.0,-0.6,0.9,2.8,17.9,43.9,28561.81
2005-01-15,1.7,-1.4,-0.3,2.5,14.3,36.4,441.15
2005-01-16,0.7,-2.9,-1.2,0.0,12.2,28.4,12236.38
2005-01-17,1.4,-3.4,-1.2,0.0,7.4,20.5,23160.59
2005-01-18,3.7,-5.0,-1.6,0.0,11.2,26.6,29662.33
2005-01-19,4.9,-5.1,-1.3,0.0,9.7,21.2,28070.4
2005-01-20,3.4,-2.1,-0.5,0.0,8.7,20.9,24693.86
2005-01-21,8.5,-2.5,2.2,2.8,13.3,34.2,11205.38
2005-01-22,6.0,-4.8,0.3,1.2,11.0,29.9,30311.35
2005-01-23,3.7,-3.7,-0.5,0.4,15.8,38.9,30345.79
2005-01-24,2.4,-4.2,-1.5,3.6,17.7,41.4,0.0
2005-01-25,2.4,-2.3,-0.4,4.4,8.5,34.2,7755.73
2005-01-26,1.7,-2.1,-0.3,6.0,11.0,36.0,10962.09
2005-01-27,-1.6,-7.4,-3.6,2.6,15.0,33.8,2899.68
2005-01-28,-3.0,-9.6,-6.6,0.1,6.9,15.1,20698.72
2005-01-29,-6.1,-7.8,-7.0,7.6,13.1,31.3,0.0
2005-01-30,-6.2,-7.7,-6.8,4.3,17.4,37.4,0.0
2005-01-31,-3.3,-12.5,-7.4,0.3,10.5,24.1,27074.1
2005-02-01,0.8,-5.6,-1.8,4.6,14.2,31.3,540.12
2005-02-02,-0.7,-6.5,-3.1,0.0,13.6,30.6,25913.05
2005-02-03,-1.7,-8.4,-5.4,0.0,15.0,32.8,23443.78
2005-02-04,-3.1,-6.5,-5.0,0.0,18.9,41.0,7019.81
2005-02-05,-2.6,-9.8,-6.2,0.0,9.7,20.2,27134.31
2005-02-06,-3.7,-14.6,-9.5,0.0,6.9,15.8,32676.16
2005-02-07,-4.0,-17.3,-10.8,0.0,11.7,25.9,32056.59
2005-02-08,-3.3,-16.2,-10.3,0.0,9.6,25.6,33024.18
2005-02-09,-1.2,-16.7,-9.6,0.0,6.6,15.8,33200.59
2005-02-10,-2.2,-16.4,-9.5,0.0,6.9,10.8,33378.34
2005-02-11,2.3,-18.2,-7.3,0.0,10.2,16.9,32172.36
2005-02-12,4.9,-5.7,-0.3,0.0,10.1,21.2,30407.53
2005-02-13,4.9,-2.8,0.5,8.8,12.8,59.4,13347.98
2005-02-14,1.3,-1.2,-0.1,17.0,12.3,30.6,520.25
2005-02-15,-0.0,-1.7,-0.9,12.1,11.8,36.0,6784.31
2005-02-16,0.3,-7.3,-2.4,1.5,8.9,20.5,96.96
2005-02-17,1.3,-2.3,-0.5,0.0,12.5,23.8,0.0
2005-02-18,0.5,-2.3,-0.6,0.4,14.3,31.3,471.65
2005-02-19,1.4,-5.6,-1.8,0.0,5.8,13.7,26109.92
2005-02-20,2.6,-14.3,-4.1,0.0,9.4,15.5,34140.67
2005-02-21,3.9,-8.4,-2.1,0.3,13.6,29.9,16797.59
2005-02-22,7.3,-1.3,3.0,0.2,17.8,45.7,7037.27
2005-02-23,5.4,-0.1,2.4,4.3,14.7,33.5,29132.56
2005-02-24,7.6,-3.3,1.6,0.8,10.4,33.8,34383.81
2005-02-25,7.6,-3.3,1.8,1.2,14.3,33.8,17672.43
2005-02-26,2.5,-1.1,0.9,4.3,10.1,24.8,0.0
2005-02-27,0.3,-2.8,-1.1,11.2,23.0,46.4,1963.4
2005-02-28,-3.3,-15.3,-7.5,0.0,16.9,38.2,35222.8
2005-03-01,-5.7,-21.0,-12.4,0.0,10.0,20.2,36281.92
2005-03-02,-3.3,-14.6,-8.7,0.0,11.9,27.0,20684.96
2005-03-03,2.3,-10.3,-4.3,0.0,10.5,19.8,36691.55
2005-03-04,5.9,-9.3,-1.5,2.4,17.1,36.0,6904.75
2005-03-05,1.5,-2.2,-0.4,13.2,15.0,42.5,0.0
2005-03-06,-0.3,-9.5,-3.3,0.0,17.2,37.4,11663.31
2005-03-07,-1.5,-14.8,-7.7,1.2,12.1,28.1,7048.92
2005-03-08,0.0,-13.1,-6.3,1.0,17.0,36.0,20321.81
2005-03-09,3.0,-5.6,-0.7,5.3,19.4,46.4,32963.87
2005-03-10,0.1,-11.3,-4.0,2.1,23.6,56.2,37586.8
2005-03-11,1.2,-12.1,-6.1,0.0,12.3,22.3,38295.71
2005-03-12,7.9,-8.8,-1.3,0.0,17.2,36.4,38407.34
2005-03-13,3.7,-4.9,-0.0,4.6,14.4,33.1,20664.56
2005-03-14,12.4,-3.0,3.6,0.0,9.0,26.3,38624.45
2005-03-15,13.4,-2.1,5.4,0.0,10.2,23.8,35167.47
2005-03-16,15.5,-1.0,6.9,0.0,10.7,25.2,38996.01
2005-03-17,19.5,-1.3,9.1,0.0,10.0,24.5,39362.69
2005-03-18,16.2,1.2,8.8,0.0,17.3,38.9,33156.64
2005-03-19,15.3,3.4,8.5,5.7,24.7,61.6,23558.41
2005-03-20,6.7,-0.9,2.9,0.9,12.7,28.4,36034.55
2005-03-21,6.8,-2.3,1.5,0.0,9.7,19.8,40268.47
2005-03-22,8.0,-2.7,2.7,0.0,7.2,15.8,40510.12
2005-03-23,12.6,-2.2,5.6,0.0,6.1,15.8,40104.6
2005-03-24,14.8,-1.4,7.2,1.7,8.1,16.2,29303.88
2005-03-25,17.7,3.5,10.8,0.1,7.6,14.8,34601.62
2005-03-26,16.9,7.6,11.9,1.0,8.0,21.2,37231.35
2005-03-27,17.4,6.6,11.7,5.9,10.0,38.9,22828.98
2005-03-28,16.8,6.1,11.2,7.7,14.3,38.5,36425.05
2005-03-29,13.7,6.7,10.4,6.8,15.8,34.9,38279.62
2005-03-30,15.7,3.3,8.8,0.0,13.4,29.2,37689.2
2005-03-31,10.2,3.7,7.2,0.9,16.3,40.0,35289.21
2005-04-01,8.1,0.4,4.2,0.0,14.8,36.0,38826.9
2005-04-02,9.1,-1.0,5.0,0.0,8.7,23.4,37179.23
2005-04-03,11.9,-2.0,5.9,0.0,6.9,13.7,42182.22
2005-04-04,13.1,-1.5,6.2,0.0,9.4,22.3,42357.84
2005-04-05,15.0,-0.9,7.3,0.0,10.3,25.9,42644.2
2005-04-06,16.7,2.0,9.9,0.0,8.0,20.2,42039.59
2005-04-07,18.6,1.5,10.8,0.0,11.5,27.0,43271.59
2005-04-08,19.3,3.5,11.2,0.0,11.8,25.2,41004.78
2005-04-09,18.5,3.8,11.0,0.4,12.8,31.7,15278.06
2005-04-10,21.2,6.6,13.5,0.0,20.8,47.5,39600.0
2005-04-11,12.8,7.8,9.6,0.9,13.7,32.4,926.76
2005-04-12,17.4,7.1,11.7,5.2,13.2,27.7,23905.78
2005-04-13,15.3,7.9,11.5,2.9,7.9,25.6,24512.72
2005-04-14,14.9,8.5,11.0,16.0,12.4,30.2,10896.23
2005-04-15,18.9,9.7,13.3,2.5,17.7,52.6,38853.75
2005-04-16,19.2,5.3,13.0,0.3,11.1,26.3,45180.85
2005-04-17,20.7,7.8,13.7,9.9,15.5,42.1,26742.66
2005-04-18,14.8,8.1,11.2,5.7,13.8,33.5,11223.02
2005-04-19,13.8,7.4,10.4,1.1,17.8,47.5,12010.6
2005-04-20,19.1,3.5,11.2,1.3,16.8,46.8,44528.8
2005-04-21,13.0,3.5,8.9,14.8,22.4,47.2,1206.93
2005-04-22,8.6,2.5,5.5,0.8,22.7,51.8,39987.77
2005-04-23,13.6,-0.2,6.9,0.0,9.4,18.0,46295.48
2005-04-24,17.2,0.5,10.0,0.0,9.4,21.2,44271.35
2005-04-25,21.8,6.5,12.9,4.5,11.3,33.1,32400.0
2005-04-26,17.7,6.4,11.9,7.6,15.6,49.0,39937.98
2005-04-27,18.2,8.3,13.5,0.7,20.1,45.7,46647.28
2005-04-28,16.3,5.6,12.4,0.4,19.9,50.0,41755.18
2005-04-29,14.4,4.3,10.3,0.0,26.2,60.8,45273.17
2005-04-30,14.7,4.0,10.2,0.0,19.0,43.9,31289.27
2005-05-01,18.5,4.1,12.3,0.0,7.2,19.4,46728.87
2005-05-02,22.7,6.5,16.4,0.0,7.9,19.4,46800.0
2005-05-03,26.0,8.0,18.5,0.0,9.4,14.4,46800.0
2005-05-04,22.5,11.7,16.5,5.7,11.2,33.1,43846.8
2005-05-05,16.9,9.7,13.5,5.9,8.2,28.8,22239.52
2005-05-06,16.6,9.0,12.3,12.3,14.2,31.0,11081.5
2005-05-07,15.0,7.6,11.1,6.0,29.6,65.9,29938.31
2005-05-08,16.8,3.5,9.3,2.6,22.4,46.4,35081.98
2005-05-09,14.0,2.1,8.8,4.6,14.3,31.3,35611.54
2005-05-10,16.7,7.6,11.7,2.8,11.7,28.4,6387.46
2005-05-11,17.4,9.0,12.6,5.6,16.0,34.9,16310.01
2005-05-12,16.4,8.7,12.0,0.4,8.8,22.0,42454.75
2005-05-13,18.1,7.5,12.9,0.0,7.3,18.4,42932.63
2005-05-14,21.7,8.4,15.6,0.0,14.5,35.3,42501.65
2005-05-15,21.4,10.3,16.0,7.9,7.9,28.1,39282.93
2005-05-16,22.1,10.4,16.2,0.1,10.0,24.8,42963.49
2005-05-17,24.9,10.7,18.3,0.0,9.4,25.2,47123.69
2005-05-18,26.4,11.9,19.3,1.5,22.2,50.8,37807.76
2005-05-19,16.2,10.8,13.5,5.7,18.1,39.6,0.0
2005-05-20,13.6,9.3,11.4,0.1,19.9,44.6,423.62
2005-05-21,17.2,11.2,14.2,0.0,14.9,34.2,14776.74
2005-05-22,19.9,8.3,15.5,0.0,8.4,19.8,39418.57
2005-05-23,24.2,9.6,18.4,0.0,7.3,14.0,47847.86
2005-05-24,22.9,12.4,18.0,10.9,16.4,34.6,35670.7
2005-05-25,18.0,13.9,15.9,5.6,21.2,43.2,178.82
2005-05-26,23.2,14.4,18.3,2.8,11.7,26.6,34403.43
2005-05-27,24.5,11.8,18.9,3.6,9.7,27.0,45189.04
2005-05-28,25.1,14.4,20.6,0.1,8.7,28.8,48875.49
2005-05-29,26.6,15.8,21.8,1.2,11.5,26.6,48887.45
2005-05-30,26.8,15.6,22.2,0.0,8.4,23.8,49015.04
2005-05-31,26.5,14.2,20.2,6.5,20.1,42.5,37771.14
2005-06-01,18.4,14.2,16.5,0.0,17.3,39.6,23564.17
2005-06-02,20.0,9.3,15.5,0.0,10.1,26.6,49083.23
2005-06-03,21.8,11.7,17.2,0.0,8.8,16.6,50214.41
2005-06-04,25.7,11.2,19.3,0.0,10.0,22.7,50115.59
2005-06-05,23.1,14.1,18.6,1.8,13.2,28.8,31181.11
2005-06-06,16.0,13.4,14.9,13.3,7.1,18.7,0.0
2005-06-07,19.7,12.8,15.7,9.5,10.7,26.6,41408.69
2005-06-08,13.7,9.4,10.7,17.2,18.6,40.7,0.0
2005-06-09,10.6,7.4,9.1,9.4,24.9,59.0,27690.2
2005-06-10,12.7,6.0,9.6,4.1,17.3,42.8,8100.58
2005-06-11,17.8,9.0,12.9,2.5,14.2,46.4,35160.23
2005-06-12,21.6,6.5,15.4,0.0,7.2,19.1,49846.21
2005-06-13,22.3,9.7,17.6,0.0,7.1,15.8,50240.71
2005-06-14,24.9,11.0,18.9,0.0,10.7,22.3,51049.9
2005-06-15,25.8,13.1,20.0,2.1,10.0,18.7,38559.06
2005-06-16,25.0,14.3,19.7,3.5,8.0,19.4,41380.33
2005-06-17,24.9,14.4,19.9,1.7,12.4,28.8,45369.08
2005-06-18,25.2,14.8,20.5,0.6,16.9,39.2,48300.09
2005-06-19,20.5,14.5,17.9,0.6,15.8,36.7,46676.38
2005-06-20,21.9,11.0,17.2,0.2,14.1,37.4,49633.23
2005-06-21,22.6,11.4,17.9,0.2,13.4,33.1,50508.04
2005-06-22,25.5,12.4,20.1,0.0,7.1,21.2,50324.46
2005-06-23,24.6,13.6,19.8,2.9,19.6,50.0,48364.71
2005-06-24,23.9,12.1,19.0,0.0,12.2,30.2,51047.61
2005-06-25,26.9,12.6,20.8,0.0,13.0,31.3,51189.32
2005-06-26,29.3,14.8,22.9,0.1,12.3,29.2,49206.82
2005-06-27,24.4,17.7,21.1,4.5,14.8,33.1,32814.51
2005-06-28,26.4,15.3,21.3,0.2,14.8,33.1,50487.29
2005-06-29,27.2,14.4,21.6,0.3,7.6,23.4,50756.09
2005-06-30,27.8,15.5,21.6,4.8,9.0,34.2,48547.67
2005-07-01,25.9,16.9,21.2,11.1,7.0,20.5,33025.17
2005-07-02,18.9,15.6,16.6,5.8,20.4,42.1,1417.96
2005-07-03,19.5,14.8,16.5,12.7,16.7,31.3,1102.59
2005-07-04,21.4,13.5,17.5,0.0,12.5,25.9,43612.76
2005-07-05,25.7,12.3,19.5,0.2,7.9,22.0,40776.46
2005-07-06,17.8,12.9,15.4,1.8,16.3,36.7,14130.41
2005-07-07,22.5,11.3,17.1,0.0,8.1,17.6,49750.7
2005-07-08,27.4,13.8,21.1,0.0,9.9,24.5,50220.57
2005-07-09,26.8,15.2,21.0,5.2,12.8,36.4,48775.93
2005-07-10,23.3,16.7,19.7,0.3,8.6,20.2,20211.85
2005-07-11,22.5,15.2,19.1,6.9,11.7,33.1,42707.55
2005-07-12,22.4,15.5,18.1,4.5,10.8,21.2,43126.71
2005-07-13,21.1,13.7,17.1,7.3,11.9,28.4,34894.2
2005-07-14,20.1,15.3,17.1,14.3,9.9,25.9,21519.58
2005-07-15,23.4,14.1,18.6,2.1,11.2,32.0,43452.49
2005-07-16,26.6,13.9,21.2,0.0,8.7,22.3,49463.0
2005-07-17,27.7,15.1,21.9,0.7,10.7,35.6,48395.29
2005-07-18,30.2,15.8,23.1,0.0,9.1,18.4,49184.41
2005-07-19,32.1,16.3,22.7,4.3,17.1,51.8,43935.97
2005-07-20,25.1,17.1,20.9,0.3,15.9,35.6,49259.88
2005-07-21,24.1,14.2,19.5,0.0,15.4,31.0,48845.02
2005-07-22,25.5,14.6,20.1,0.0,8.7,22.7,44344.34
2005-07-23,25.8,15.4,20.4,4.0,13.6,36.4,44900.07
2005-07-24,22.4,16.4,19.0,1.6,8.0,27.7,25936.57
2005-07-25,26.2,12.9,20.5,0.0,7.9,15.8,48004.62
2005-07-26,30.5,14.7,23.5,1.1,7.7,15.8,46481.05
2005-07-27,30.8,18.3,25.1,0.1,7.4,19.4,48575.23
2005-07-28,31.1,19.9,26.0,0.0,8.8,19.4,48001.32
2005-07-29,31.1,21.4,25.8,0.0,10.5,25.6,48668.19
2005-07-30,32.1,17.7,25.6,0.0,10.2,23.8,48375.79
2005-07-31,33.8,18.5,26.6,0.7,12.5,29.5,47053.04
2005-08-01,28.4,19.8,24.6,0.6,12.9,32.4,39220.47
2005-08-02,29.2,18.8,24.2,0.0,8.7,16.6,47682.71
2005-08-03,32.5,19.7,25.3,5.8,10.9,27.4,30364.75
2005-08-04,25.0,15.9,20.4,14.4,18.9,49.0,23123.59
2005-08-05,19.0,15.1,16.9,1.1,13.1,34.6,11717.16
2005-08-06,19.7,14.0,16.7,3.0,17.8,37.4,0.0
2005-08-07,21.9,13.4,17.9,2.1,12.2,29.9,36712.4
2005-08-08,18.7,12.2,15.0,19.2,18.7,44.3,36278.62
2005-08-09,20.0,9.2,15.0,0.0,6.7,18.0,47036.87
2005-08-10,24.7,9.0,17.7,0.0,10.0,19.1,46874.36
2005-08-11,27.0,12.2,20.0,0.0,9.1,16.2,46537.38
2005-08-12,27.6,15.2,21.6,2.7,7.5,29.9,42873.41
2005-08-13,23.1,16.1,19.9,2.7,10.8,20.9,30147.98
2005-08-14,23.8,16.7,20.2,0.2,10.7,28.1,45075.71
2005-08-15,27.0,13.7,20.5,4.8,16.1,38.9,46094.16
2005-08-16,17.1,14.7,15.7,2.3,9.4,29.5,0.0
2005-08-17,20.5,11.9,16.1,0.3,10.5,25.6,37701.7
2005-08-18,18.9,13.3,15.8,31.9,14.8,34.2,2691.92
2005-08-19,23.2,16.2,18.9,7.9,10.5,31.0,42656.22
2005-08-20,23.7,15.0,19.1,1.3,9.7,31.3,42787.01
2005-08-21,25.5,15.4,20.4,0.0,18.6,41.8,43440.62
2005-08-22,25.2,16.6,20.2,3.1,18.8,51.5,45489.67
2005-08-23,21.7,14.4,17.9,8.9,7.7,26.3,34788.37
2005-08-24,22.3,12.4,17.0,1.3,13.6,32.0,44828.09
2005-08-25,23.3,13.2,18.7,0.0,10.3,28.8,44417.04
2005-08-26,25.3,11.8,19.5,0.0,7.7,20.5,45202.48
2005-08-27,25.6,14.9,20.6,0.2,7.7,15.5,44003.27
2005-08-28,26.9,16.7,21.4,1.8,8.0,20.5,37887.89
2005-08-29,24.6,16.2,20.1,2.8,8.1,20.9,33252.25
2005-08-30,25.7,16.2,20.7,0.5,8.9,20.9,41130.55
2005-08-31,25.5,16.4,20.4,1.0,9.2,27.4,42023.82
2005-09-01,25.1,16.4,20.5,0.9,9.7,20.5,38778.47
2005-09-02,23.6,15.0,19.4,1.2,11.3,33.1,42196.3
2005-09-03,22.1,12.4,17.7,0.0,10.0,27.0,43250.68
2005-09-04,21.1,14.5,17.5,0.4,7.1,17.3,39988.99
2005-09-05,22.3,13.2,17.6,0.0,11.8,29.2,41184.34
2005-09-06,22.8,14.2,18.1,0.0,13.1,33.5,38088.94
2005-09-07,23.6,12.4,18.2,0.4,8.7,24.5,40973.39
2005-09-08,25.0,12.0,18.6,0.0,9.7,19.8,41832.22
2005-09-09,26.9,12.7,19.7,0.0,10.9,27.0,40079.42
2005-09-10,27.0,13.8,20.6,0.0,7.5,20.2,38396.69
2005-09-11,24.9,15.0,20.5,0.1,5.9,19.4,39968.48
2005-09-12,26.0,15.2,21.0,0.0,5.4,14.8,39929.46
2005-09-13,22.2,15.2,18.7,4.9,8.5,18.4,19954.5
2005-09-14,21.3,14.9,17.4,22.8,7.0,26.3,19733.09
2005-09-15,21.1,14.1,17.2,1.5,18.2,40.3,26481.71
2005-09-16,21.7,12.3,16.6,0.0,8.7,18.0,39775.62
2005-09-17,25.2,11.9,18.8,0.0,8.0,16.9,39600.0
2005-09-18,19.4,14.5,16.8,0.9,10.0,23.0,919.65
2005-09-19,14.5,11.6,13.4,12.0,11.3,26.3,0.0
2005-09-20,14.5,11.2,12.5,0.3,9.3,20.9,0.0
2005-09-21,13.2,11.9,12.6,4.7,10.8,22.0,0.0
2005-09-22,14.9,12.1,13.3,1.8,6.4,12.2,0.0
2005-09-23,15.4,12.4,13.6,2.5,5.6,12.2,0.0
2005-09-24,17.1,12.4,14.2,8.2,7.5,18.0,7357.35
2005-09-25,19.2,11.1,14.7,2.0,7.4,18.4,35427.84
2005-09-26,20.1,10.2,15.1,0.3,6.5,18.7,34787.9
2005-09-27,20.4,9.9,15.0,1.3,5.5,16.9,32215.94
2005-09-28,20.3,10.7,14.7,5.4,6.3,21.2,34269.33
2005-09-29,20.0,11.5,15.2,0.0,8.2,20.9,37695.7
2005-09-30,13.4,10.4,12.0,13.9,17.8,37.4,0.0
2005-10-01,10.3,8.9,9.7,16.3,16.1,33.8,0.0
2005-10-02,12.6,10.0,11.1,2.3,14.3,31.0,0.0
2005-10-03,19.4,10.3,14.4,0.0,11.6,30.2,32137.75
2005-10-04,21.2,10.2,15.5,0.0,15.4,35.3,37411.11
2005-10-05,19.6,11.0,15.1,0.0,17.1,38.2,34827.94
2005-10-06,18.5,10.8,14.4,0.0,16.5,38.5,31004.48
2005-10-07,17.3,9.9,13.2,0.0,21.9,49.7,37403.2
2005-10-08,15.1,9.3,12.1,0.3,21.3,51.8,30300.63
2005-10-09,16.7,10.8,13.3,0.5,19.7,42.8,23008.41
2005-10-10,16.2,7.4,11.7,0.0,14.5,34.6,36946.12
2005-10-11,13.9,6.3,10.3,0.0,17.0,38.9,33342.01
2005-10-12,15.4,8.2,11.6,0.0,9.0,26.3,35476.36
2005-10-13,16.7,4.6,10.6,0.6,5.4,20.2,33819.47
2005-10-14,14.3,5.4,10.1,3.8,13.3,38.2,32490.13
2005-10-15,13.5,5.6,9.1,0.6,12.2,29.2,31659.87
2005-10-16,12.6,6.3,9.1,1.0,21.5,46.1,23346.83
2005-10-17,9.0,4.5,6.6,1.5,15.3,39.6,32970.14
2005-10-18,9.0,5.4,6.7,0.0,17.1,37.8,1310.98
2005-10-19,10.0,3.7,6.7,0.0,11.8,28.1,27927.66
2005-10-20,14.7,-0.0,6.9,0.0,8.7,20.2,32676.71
2005-10-21,13.5,4.8,9.2,1.1,12.5,26.6,21080.12
2005-10-22,17.8,6.1,11.8,1.6,10.9,25.2,8171.31
2005-10-23,19.4,7.2,13.2,0.0,8.0,18.0,27475.16
2005-10-24,18.3,8.7,12.7,2.2,12.3,32.4,32797.27
2005-10-25,18.5,6.9,12.0,0.0,10.8,22.7,29993.19
2005-10-26,20.3,5.8,13.0,0.0,7.3,14.0,33515.85
2005-10-27,19.4,6.6,12.3,0.0,9.7,23.8,33147.34
2005-10-28,17.8,6.7,11.5,0.0,11.6,24.5,33022.57
2005-10-29,11.0,2.8,6.6,0.0,16.6,37.4,33221.45
2005-10-30,9.2,-0.1,3.8,0.0,14.7,36.7,32925.9
2005-10-31,9.6,-1.7,3.4,0.0,9.5,25.9,32721.32
2005-11-01,10.0,-0.9,4.8,0.0,6.5,14.0,32525.96
2005-11-02,10.0,-1.7,4.4,0.6,6.8,16.9,16889.87
2005-11-03,10.1,0.8,6.0,0.0,6.5,20.9,30637.3
2005-11-04,11.0,-2.1,3.7,0.0,7.1,13.7,30754.86
2005-11-05,11.0,-1.5,4.0,0.0,9.4,21.2,28574.71
2005-11-06,11.0,-0.6,4.5,0.0,9.2,16.9,31728.04
2005-11-07,11.2,-0.8,4.8,0.0,9.0,21.6,25023.69
2005-11-08,10.2,1.7,5.9,0.0,6.0,10.1,16013.67
2005-11-09,11.1,0.0,5.4,0.0,9.7,23.4,29861.68
2005-11-10,11.3,0.4,5.0,0.0,8.4,13.7,31426.06
2005-11-11,8.4,2.8,6.2,0.1,14.3,28.4,0.0
2005-11-12,9.0,4.6,6.4,0.0,6.4,16.9,18714.63
2005-11-13,8.2,-0.1,3.7,0.0,11.6,28.8,22828.78
2005-11-14,9.5,2.4,5.5,0.0,10.9,28.8,20215.6
2005-11-15,11.9,-0.3,5.1,0.6,8.7,20.9,30939.63
2005-11-16,11.8,4.8,7.9,10.1,10.7,40.0,16725.94
2005-11-17,8.0,4.0,6.5,4.1,17.6,37.8,2103.5
2005-11-18,3.6,0.0,1.4,6.8,7.2,17.6,0.0
2005-11-19,2.8,-0.9,0.6,0.2,18.6,43.6,22918.75
2005-11-20,1.1,-2.4,-1.2,2.1,19.9,51.5,24355.07
2005-11-21,0.2,-2.6,-1.2,6.5,10.4,26.3,0.0
2005-11-22,0.5,-6.9,-2.1,0.1,11.9,28.1,27055.37
2005-11-23,0.4,-5.0,-1.2,7.5,20.5,47.2,0.0
2005-11-24,3.9,-2.5,0.5,1.1,18.5,45.0,25250.11
2005-11-25,6.0,-2.4,0.4,2.7,11.3,25.9,26940.37
2005-11-26,9.3,-3.8,2.9,0.0,21.4,43.9,27222.72
2005-11-27,14.3,7.2,9.9,0.0,24.3,55.8,27070.62
2005-11-28,11.3,1.7,6.5,0.3,10.8,25.6,27597.54
2005-11-29,10.2,-1.6,3.8,0.0,10.2,21.2,28865.09
2005-11-30,11.0,1.1,6.5,4.2,14.4,30.2,4911.05
2005-12-01,7.1,2.4,4.1,10.9,12.6,25.6,0.0
2005-12-02,5.5,-0.5,2.7,0.6,8.0,17.3,6072.84
2005-12-03,9.9,-2.9,2.6,0.2,11.2,25.2,28100.73
2005-12-04,9.3,2.1,4.8,10.5,13.8,32.4,5230.23
2005-12-05,10.5,-0.3,4.6,0.9,13.6,32.8,24117.68
2005-12-06,11.5,3.3,6.9,1.1,23.0,54.7,25674.84
2005-12-07,5.7,-0.8,3.0,4.1,10.8,28.4,12892.68
2005-12-08,5.1,-0.5,2.7,0.0,10.1,24.1,20291.29
2005-12-09,6.0,-2.1,0.9,0.0,7.6,17.6,23295.98
2005-12-10,3.0,-1.2,0.9,1.8,10.8,24.5,0.0
2005-12-11,1.9,-2.0,0.1,0.4,11.9,25.6,0.0
2005-12-12,4.3,-1.3,0.7,0.0,4.3,14.4,18408.05
2005-12-13,1.0,-2.8,-0.9,0.0,6.8,17.3,0.0
2005-12-14,1.8,-2.1,-0.4,0.0,9.4,20.9,16135.98
2005-12-15,1.0,-1.3,-0.5,0.0,10.5,22.7,0.0
2005-12-16,7.3,-1.9,1.8,0.9,13.0,32.0,25537.39
2005-12-17,3.2,-1.3,0.6,11.9,16.2,29.2,0.0
2005-12-18,-0.9,-3.2,-2.0,3.4,20.0,44.6,12488.22
2005-12-19,0.2,-6.9,-3.3,1.1,17.7,39.2,18344.28
2005-12-20,1.0,-5.7,-2.6,0.0,8.2,16.9,5186.15
2005-12-21,1.0,-3.8,-1.5,4.1,18.1,41.0,11268.05
2005-12-22,0.2,-4.3,-1.9,0.9,12.9,31.3,20543.93
2005-12-23,1.1,-2.2,0.0,4.8,17.3,40.7,919.63
2005-12-24,4.5,-0.7,0.8,0.0,11.3,29.5,18136.99
2005-12-25,5.0,-1.9,0.9,0.0,7.1,16.6,5026.96
2005-12-26,3.8,-0.3,1.8,7.1,9.3,22.7,4530.67
2005-12-27,8.1,0.3,3.6,0.3,14.3,32.0,26452.74
2005-12-28,11.1,5.8,8.1,1.6,18.6,50.8,12110.39
2005-12-29,7.0,1.4,4.1,0.0,12.0,29.2,27217.72
2005-12-30,6.5,-2.3,2.3,5.9,16.9,57.2,14927.64
2005-12-31,5.9,-4.9,-0.0,0.0,9.5,20.2,25665.85
2006-01-01,8.6,-1.0,4.0,1.4,17.7,34.9,13526.79
2006-01-02,7.7,1.9,5.4,2.6,16.0,38.2,296.1
2006-01-03,4.6,1.4,2.8,0.0,6.9,16.9,0.0
2006-01-04,2.4,1.1,1.8,6.4,9.4,22.0,0.0
2006-01-05,5.4,1.2,2.6,5.4,10.2,27.7,12534.37
2006-01-06,2.2,-0.8,0.5,1.5,13.8,32.8,6722.56
2006-01-07,2.0,-2.7,-0.5,0.0,8.0,18.7,11887.08
2006-01-08,1.3,-3.2,-1.7,0.0,11.5,25.2,27897.02
2006-01-09,1.8,-4.5,-2.3,0.0,6.5,15.8,28325.09
2006-01-10,2.3,-5.1,-2.2,0.0,6.5,18.7,28312.42
2006-01-11,1.4,-3.4,-1.3,0.0,5.5,13.7,9125.44
2006-01-12,0.5,-3.6,-2.2,0.0,8.1,18.7,27625.3
2006-01-13,-0.4,-3.8,-2.4,0.0,8.0,19.8,5400.54
2006-01-14,0.2,-4.4,-2.1,0.0,8.6,19.1,20050.77
2006-01-15,0.9,-4.3,-2.3,0.0,6.0,17.6,28930.86
2006-01-16,0.0,-8.0,-4.6,0.0,5.2,14.4,29023.52
2006-01-17,4.5,-8.1,-3.2,0.0,9.7,18.4,29328.92
2006-01-18,3.9,-3.4,0.2,8.5,12.0,29.9,0.0
2006-01-19,0.9,-1.9,-0.3,2.3,25.3,53.6,10879.54
2006-01-20,3.5,-3.2,-0.8,0.0,13.1,31.3,20765.11
2006-01-21,7.3,-3.4,0.9,0.0,6.3,23.0,29731.66
2006-01-22,3.7,-2.0,0.8,1.0,10.7,23.8,17129.37
2006-01-23,-1.4,-17.2,-8.1,2.9,17.5,39.2,16865.44
2006-01-24,-9.6,-19.3,-13.9,0.0,14.5,22.3,29117.94
2006-01-25,-7.4,-16.7,-12.6,0.0,6.2,13.7,30500.58
2006-01-26,-3.8,-15.5,-10.9,0.0,11.4,24.1,30602.29
2006-01-27,0.7,-13.5,-7.7,0.0,10.7,21.2,30585.54
2006-01-28,5.4,-8.9,-2.8,0.0,8.3,15.1,30423.56
2006-01-29,8.3,-5.5,0.4,0.0,8.4,14.8,30880.62
2006-01-30,5.9,-5.2,-0.8,0.0,8.4,16.9,30219.45
2006-01-31,5.4,-1.8,0.8,0.0,11.4,29.5,28986.22
2006-02-01,2.2,-2.9,-0.8,0.0,8.5,22.3,22063.33
2006-02-02,6.2,-3.0,0.1,0.0,7.2,16.9,31539.42
2006-02-03,3.5,-4.1,-1.1,0.0,7.4,17.3,28641.16
2006-02-04,-0.5,-5.9,-3.4,0.0,12.1,27.4,19168.22
2006-02-05,-2.1,-5.1,-4.0,1.8,15.6,34.2,0.0
2006-02-06,-3.7,-8.3,-6.1,0.3,13.8,27.4,14727.61
2006-02-07,-2.7,-8.9,-6.3,0.0,9.7,20.2,32817.39
2006-02-08,2.5,-7.6,-3.6,0.3,9.4,16.2,10108.97
2006-02-09,0.7,-4.2,-1.5,7.1,8.7,19.8,977.89
2006-02-10,4.5,-5.7,-1.1,0.0,7.9,14.4,32573.07
2006-02-11,3.0,-6.1,-2.4,3.2,15.8,40.0,32414.56
2006-02-12,0.3,-5.6,-2.3,1.8,17.3,39.6,26547.16
2006-02-13,-0.1,-5.9,-3.6,1.8,14.8,36.0,29016.45
2006-02-14,0.1,-6.7,-3.5,2.2,10.1,23.4,19671.68
2006-02-15,1.8,-6.4,-2.8,0.0,11.1,22.3,34231.27
2006-02-16,3.5,-6.4,-0.3,1.9,9.8,24.5,0.0
2006-02-17,9.3,1.1,4.2,2.6,14.1,36.0,31071.91
2006-02-18,13.7,-2.2,4.2,0.2,11.6,27.0,34768.31
2006-02-19,14.2,-1.5,5.5,0.0,11.2,21.6,34868.43
2006-02-20,14.6,-2.1,5.4,0.0,14.4,34.9,34954.11
2006-02-21,11.9,0.1,5.9,2.2,10.1,33.1,19579.24
2006-02-22,10.9,-0.7,4.7,5.5,8.8,29.9,28676.69
2006-02-23,8.7,1.2,4.5,0.3,13.0,29.9,0.0
2006-02-24,5.6,0.8,3.6,9.2,19.9,47.5,0.0
2006-02-25,4.6,-0.8,1.0,3.7,18.1,39.6,17269.83
2006-02-26,4.2,-2.8,0.7,0.0,8.0,20.2,1775.67
2006-02-27,3.8,-2.0,0.6,0.2,14.3,31.3,19743.4
2006-02-28,-1.5,-3.6,-2.4,7.3,11.5,23.8,0.0
2006-03-01,1.6,-6.7,-2.5,2.3,8.6,19.1,35577.96
2006-03-02,6.5,-5.3,0.5,2.9,17.5,40.7,31753.86
2006-03-03,7.3,-2.8,1.1,0.1,16.0,36.4,36253.51
2006-03-04,14.6,-3.6,5.0,0.0,23.3,50.4,35955.11
2006-03-05,15.6,0.5,7.7,0.0,21.4,52.9,29939.36
2006-03-06,5.7,-2.5,-0.1,17.3,22.7,50.4,0.0
2006-03-07,-0.1,-4.1,-2.2,3.0,21.4,45.7,4388.05
2006-03-08,1.2,-5.2,-2.3,1.0,19.1,40.7,36000.0
2006-03-09,2.8,-12.7,-3.4,0.1,11.3,23.4,20196.51
2006-03-10,7.9,-4.9,2.0,1.5,15.3,44.3,26829.99
2006-03-11,8.3,0.3,4.3,5.7,8.4,42.5,17447.26
2006-03-12,5.2,-0.8,2.9,11.8,16.6,37.4,3360.02
2006-03-13,3.0,-2.4,-0.6,26.3,20.2,43.2,0.0
2006-03-14,0.4,-2.8,-1.4,1.4,14.6,32.0,648.82
2006-03-15,1.6,-2.9,-0.9,0.0,7.3,18.4,7419.01
2006-03-16,3.6,-5.8,-0.7,0.0,7.6,12.2,34745.03
2006-03-17,3.7,-3.7,0.6,4.0,10.0,20.9,8873.02
2006-03-18,6.0,0.3,2.5,2.9,10.2,22.0,5989.86
2006-03-19,8.2,-1.2,3.4,0.0,6.5,16.2,35971.88
2006-03-20,12.4,-3.2,5.2,0.0,7.5,16.2,39910.89
2006-03-21,15.7,-2.5,6.6,0.0,12.5,27.7,35674.4
2006-03-22,16.7,0.6,8.6,4.0,12.2,33.8,32182.2
2006-03-23,11.1,1.7,7.1,8.9,20.7,49.7,5657.14
2006-03-24,7.1,0.5,2.9,0.8,16.3,36.0,32259.37
2006-03-25,13.0,-3.0,4.9,0.0,12.5,32.4,40428.68
2006-03-26,15.9,0.6,8.8,0.0,8.6,21.6,40912.96
2006-03-27,19.8,5.5,12.3,0.0,7.9,19.8,41178.49
2006-03-28,21.5,4.3,12.8,0.0,9.5,25.9,33924.27
2006-03-29,18.9,5.1,11.1,0.5,23.8,60.5,41102.13
2006-03-30,14.0,1.6,8.1,0.2,20.6,47.2,40860.63
2006-03-31,18.8,3.2,10.3,3.5,19.7,35.3,30671.68
2006-04-01,17.3,4.0,11.0,0.9,11.5,29.9,41667.59
2006-04-02,15.1,6.3,11.0,3.2,9.8,25.6,19086.4
2006-04-03,14.8,4.9,9.4,10.8,11.6,32.8,36378.09
2006-04-04,11.5,4.4,8.1,4.0,16.0,41.0,35093.44
2006-04-05,17.4,1.2,9.7,0.0,12.9,33.1,42073.84
2006-04-06,14.2,3.8,10.0,5.4,16.0,43.9,21977.0
2006-04-07,7.3,2.6,4.8,6.3,13.0,30.6,0.0
2006-04-08,10.0,2.3,6.5,0.0,7.8,21.6,30681.05
2006-04-09,17.2,-0.2,8.8,0.0,10.1,23.0,43451.6
2006-04-10,20.0,2.0,11.2,0.0,14.0,27.7,36410.95
2006-04-11,19.9,7.8,13.6,0.6,16.3,39.6,38790.98
2006-04-12,10.5,3.6,5.3,21.5,24.9,54.4,0.0
2006-04-13,9.0,5.1,6.5,1.0,22.6,49.3,25941.34
2006-04-14,13.8,3.0,8.3,0.0,14.8,36.4,34194.07
2006-04-15,18.1,2.1,10.7,0.0,9.5,25.6,44971.71
2006-04-16,17.2,7.9,11.4,2.8,10.2,27.7,8186.79
2006-04-17,17.5,6.4,12.3,2.9,7.4,24.5,42538.66
2006-04-18,17.9,7.9,13.5,0.1,10.5,25.6,29153.94
2006-04-19,17.3,9.1,12.7,24.8,10.7,23.8,16314.85
2006-04-20,15.3,9.8,12.0,7.1,9.7,15.8,13111.05
2006-04-21,17.1,8.9,12.3,7.1,9.1,25.2,41263.84
2006-04-22,17.1,7.1,12.0,7.7,10.1,22.7,38304.5
2006-04-23,19.0,7.2,13.7,1.4,6.6,18.4,44506.97
2006-04-24,20.6,7.1,14.7,0.2,9.1,23.8,46361.5
2006-04-25,21.4,7.9,15.5,0.0,10.7,27.4,46451.74
2006-04-26,21.9,11.0,16.7,0.5,6.9,16.6,42776.88
2006-04-27,19.4,11.5,15.0,4.1,8.0,24.5,10278.48
2006-04-28,18.7,9.5,14.1,0.1,20.0,44.3,46716.33
2006-04-29,15.9,8.0,11.9,0.1,21.2,47.5,42204.91
2006-04-30,13.8,8.5,10.9,1.5,20.6,47.5,16926.84
2006-05-01,16.9,7.1,12.4,0.7,17.2,41.0,41735.43
2006-05-02,17.3,9.1,12.9,1.0,14.2,33.1,35409.67
2006-05-03,14.5,7.7,10.8,2.1,15.7,42.5,33886.01
2006-05-04,15.1,3.9,10.2,0.0,18.4,43.2,46835.8
2006-05-05,17.7,6.8,11.8,0.7,11.1,26.6,46800.0
2006-05-06,16.8,4.3,10.4,3.3,15.0,34.9,42877.77
2006-05-07,14.6,4.8,9.9,7.4,8.3,25.2,43901.73
2006-05-08,16.5,5.2,10.9,7.4,9.7,25.9,44138.35
2006-05-09,18.2,4.7,12.0,0.8,8.0,18.4,45444.58
2006-05-10,14.5,7.8,11.2,6.8,8.7,26.6,11220.47
2006-05-11,15.8,7.0,11.3,7.5,16.6,38.9,46565.52
2006-05-12,18.1,6.8,12.6,1.3,8.8,35.6,47083.87
2006-05-13,21.2,5.6,14.2,0.0,10.8,21.6,47306.23
2006-05-14,21.1,7.2,15.0,0.0,10.0,23.4,33216.02
2006-05-15,17.8,9.6,14.0,7.0,14.0,37.1,41099.51
2006-05-16,21.2,9.1,15.5,0.0,8.3,15.8,47427.94
2006-05-17,23.9,9.2,16.3,7.2,14.7,29.2,42534.18
2006-05-18,21.5,12.1,16.6,0.0,16.5,38.9,47562.65
2006-05-19,25.8,8.9,18.2,1.4,9.5,25.6,45890.95
2006-05-20,26.0,11.8,19.5,0.3,8.2,25.2,47513.58
2006-05-21,24.1,11.9,19.0,0.1,8.2,23.8,46001.99
2006-05-22,25.5,14.2,20.6,0.0,10.0,19.4,48037.33
2006-05-23,29.2,12.9,21.7,0.0,10.7,20.2,47322.54
2006-05-24,26.8,13.6,20.9,0.0,16.1,35.3,47589.82
2006-05-25,17.6,12.8,15.3,0.1,18.4,41.8,1479.23
2006-05-26,20.8,9.1,16.2,0.0,10.7,27.4,47636.33
2006-05-27,23.7,9.3,17.5,0.2,19.6,55.1,48538.65
2006-05-28,27.5,11.1,20.1,0.6,12.7,31.7,47755.8
2006-05-29,19.4,14.3,16.5,3.7,15.5,33.1,37465.86
2006-05-30,24.7,10.5,17.0,1.0,22.7,48.2,49461.16
2006-05-31,14.1,7.7,10.8,2.4,20.3,49.3,12491.07
2006-06-01,16.1,7.4,12.1,4.6,8.3,20.5,23755.43
2006-06-02,15.9,8.4,11.6,9.7,18.3,44.6,22346.2
2006-06-03,15.4,7.9,11.3,3.8,9.9,24.8,23102.6
2006-06-04,14.6,7.9,11.4,2.7,20.6,46.8,36904.54
2006-06-05,17.3,9.0,12.9,0.2,19.7,45.7,48985.89
2006-06-06,18.0,8.4,14.0,0.0,8.5,21.2,47477.35
2006-06-07,15.4,8.5,12.2,11.7,13.3,31.7,2600.38
2006-06-08,15.6,10.2,12.2,22.1,16.3,33.8,3182.67
2006-06-09,17.9,9.7,13.3,3.1,13.3,29.9,40932.82
2006-06-10,19.1,9.3,13.5,10.3,19.3,36.0,39086.15
2006-06-11,15.0,10.1,12.3,9.9,8.5,20.5,2181.62
2006-06-12,20.5,11.2,15.3,2.5,10.9,28.1,33338.97
2006-06-13,20.2,11.0,15.9,0.3,14.5,37.4,48786.86
2006-06-14,21.7,9.8,16.0,4.2,10.0,27.4,48073.59
2006-06-15,20.7,10.7,16.2,0.8,17.1,50.0,50055.61
2006-06-16,25.5,10.7,19.3,0.0,6.8,19.8,51091.47
2006-06-17,28.0,13.8,22.3,0.0,5.5,17.3,50966.45
2006-06-18,26.4,15.5,21.5,7.5,9.8,34.2,44441.11
2006-06-19,31.2,16.1,24.5,0.0,12.0,28.4,50134.34
2006-06-20,27.0,16.6,22.8,2.3,19.2,47.9,49715.82
2006-06-21,28.1,16.4,22.9,3.5,9.6,33.8,50595.32
2006-06-22,30.4,17.8,24.5,0.4,6.6,22.7,49362.55
2006-06-23,25.8,17.6,21.7,8.7,9.3,25.2,44826.38
2006-06-24,24.2,17.0,20.8,7.6,8.0,22.7,36670.52
2006-06-25,27.1,17.5,22.4,0.2,7.4,18.4,50065.54
2006-06-26,29.7,17.0,24.4,0.0,8.1,20.9,50491.09
2006-06-27,32.3,18.9,26.5,0.0,8.7,16.6,50908.64
2006-06-28,30.8,19.5,25.5,2.6,11.0,27.0,45177.82
2006-06-29,31.3,19.0,25.6,0.0,8.2,20.5,49797.16
2006-06-30,30.6,20.0,24.7,9.2,17.8,29.5,36812.52
2006-07-01,22.9,18.6,20.5,1.1,11.2,29.5,24238.85
2006-07-02,21.4,16.4,19.0,2.8,14.3,28.1,32173.55
2006-07-03,21.1,14.9,17.7,4.8,18.0,40.7,39531.29
2006-07-04,22.4,11.4,17.5,0.0,15.2,33.8,48470.71
2006-07-05,24.0,12.8,19.0,0.0,10.4,26.6,50547.15
2006-07-06,25.9,14.1,21.1,0.0,10.3,20.9,50398.68
2006-07-07,27.8,14.1,21.7,0.0,10.9,24.1,49100.4
2006-07-08,27.2,17.6,22.2,0.1,11.5,25.6,50048.38
2006-07-09,26.9,17.9,22.3,0.2,8.2,20.5,48895.84
2006-07-10,26.3,15.6,21.3,8.1,12.3,27.0,44120.01
2006-07-11,25.8,14.9,20.7,1.2,9.5,22.7,48804.3
2006-07-12,26.9,17.5,22.0,0.2,8.2,23.4,49052.12
2006-07-13,25.8,16.1,21.1,12.3,7.3,23.4,42139.32
2006-07-14,25.5,15.3,20.4,11.0,8.2,20.5,47514.14
2006-07-15,23.0,16.0,19.9,9.8,18.2,41.4,49082.02
2006-07-16,22.2,14.6,18.5,0.0,16.0,34.9,39825.98
2006-07-17,21.6,11.8,17.3,0.0,15.6,37.8,27854.69
2006-07-18,23.9,12.0,18.5,0.0,12.7,31.0,49458.19
2006-07-19,26.9,12.4,20.4,0.0,9.9,25.6,49417.97
2006-07-20,29.6,14.8,22.8,0.0,6.8,18.7,49285.71
2006-07-21,28.9,18.1,24.7,0.0,10.1,23.4,49244.3
2006-07-22,29.8,19.7,24.8,0.0,9.6,23.8,48510.04
2006-07-23,30.1,19.5,25.1,0.9,9.7,26.6,48196.98
2006-07-24,31.1,18.8,25.2,0.0,8.9,22.3,48485.32
2006-07-25,30.3,18.8,24.5,1.5,10.1,23.0,46861.46
2006-07-26,29.9,18.0,24.1,3.0,10.5,23.4,46871.41
2006-07-27,29.7,18.9,24.5,3.0,9.0,23.4,47306.54
2006-07-28,30.2,18.5,24.8,0.0,7.4,24.1,48004.83
2006-07-29,31.3,18.9,25.9,0.2,6.6,18.4,46800.0
2006-07-30,27.9,18.6,23.6,5.4,12.2,28.1,35401.73
2006-07-31,27.2,18.1,22.9,0.0,12.9,35.3,46619.82
2006-08-01,29.4,17.3,23.8,0.0,9.4,18.4,47440.55
2006-08-02,27.9,17.2,23.2,0.0,9.5,25.2,46800.0
2006-08-03,30.2,18.0,23.9,0.0,11.7,31.7,47525.2
2006-08-04,29.9,17.7,23.5,0.2,13.6,36.4,44280.7
2006-08-05,19.6,16.5,18.2,16.7,13.2,29.5,9779.93
2006-08-06,23.4,15.0,19.2,0.0,5.7,15.5,46800.0
2006-08-07,23.5,14.5,19.0,5.9,11.2,28.4,44909.9
2006-08-08,19.7,15.6,17.6,3.9,21.6,51.8,21531.06
2006-08-09,22.8,14.0,18.7,0.7,14.0,30.6,43607.86
2006-08-10,20.0,15.0,17.8,6.2,8.0,19.4,978.91
2006-08-11,23.7,15.4,19.3,3.3,16.1,37.4,44736.25
2006-08-12,26.5,13.3,20.1,0.7,12.6,37.1,45008.34
2006-08-13,27.8,13.9,20.7,1.7,11.9,35.6,42821.83
2006-08-14,25.1,13.5,19.6,0.0,8.3,23.0,46391.93
2006-08-15,25.2,13.2,19.9,0.0,8.3,18.0,46295.3
2006-08-16,27.9,15.8,22.0,0.0,10.1,25.6,46231.91
2006-08-17,30.7,14.5,23.0,0.0,10.2,23.8,46168.2
2006-08-18,32.6,16.6,25.0,0.0,10.5,24.1,46104.21
2006-08-19,31.7,17.7,25.3,0.0,7.6,19.4,46039.97
2006-08-20,34.1,18.6,26.8,0.0,10.0,23.8,45975.48
2006-08-21,23.2,18.6,21.1,5.4,13.6,37.8,9868.4
2006-08-22,23.3,15.5,19.4,0.8,11.7,28.4,45650.65
2006-08-23,23.5,13.8,19.2,0.0,9.4,25.6,45728.06
2006-08-24,25.3,16.0,20.5,0.0,8.0,20.5,43425.96
2006-08-25,27.9,14.5,20.9,8.5,10.0,35.3,38450.31
2006-08-26,22.8,15.5,18.6,13.9,9.9,23.8,30646.01
2006-08-27,22.7,15.6,18.8,5.4,7.8,17.6,39605.19
2006-08-28,18.6,14.1,16.2,12.2,15.3,38.2,18001.98
2006-08-29,21.6,10.1,14.7,4.5,19.3,43.2,29289.76
2006-08-30,13.1,9.3,11.7,12.8,19.8,42.5,1425.36
2006-08-31,17.3,8.2,12.5,2.3,19.8,51.5,30629.71
2006-09-01,18.4,11.5,14.8,0.0,19.9,43.6,34067.53
2006-09-02,21.1,8.7,15.4,0.0,8.9,23.4,38323.73
2006-09-03,25.1,10.5,18.5,0.0,5.9,15.8,43284.44
2006-09-04,28.6,11.5,20.3,0.0,9.8,24.5,43040.95
2006-09-05,25.3,15.1,20.6,0.1,11.8,30.6,42489.72
2006-09-06,24.1,14.6,19.4,0.0,13.7,33.1,42205.01
2006-09-07,24.3,13.3,19.0,0.0,9.2,15.5,42330.64
2006-09-08,28.1,12.3,19.7,0.8,22.1,49.3,36776.89
2006-09-09,19.2,12.1,15.7,0.0,17.4,38.5,37930.71
2006-09-10,21.2,10.5,15.4,0.0,11.7,28.8,41071.04
2006-09-11,21.6,12.6,16.7,0.0,11.9,29.5,41029.98
2006-09-12,21.6,11.9,16.2,0.0,12.1,30.2,40887.2
2006-09-13,22.8,12.4,17.3,0.0,13.8,32.4,39834.2
2006-09-14,24.0,11.6,17.8,0.0,15.9,34.9,39773.23
2006-09-15,23.1,11.9,17.2,3.2,15.3,33.1,22152.86
2006-09-16,23.3,14.0,18.6,0.5,23.6,50.4,38651.21
2006-09-17,22.4,15.6,18.3,2.0,22.7,49.0,17580.71
2006-09-18,22.6,14.3,17.9,3.3,16.1,37.1,27456.74
2006-09-19,21.4,14.4,17.4,10.6,7.9,24.1,30928.82
2006-09-20,17.0,14.7,15.6,7.7,10.9,29.5,4047.85
2006-09-21,20.4,14.6,16.7,4.1,12.5,27.4,20209.55
2006-09-22,19.8,11.9,15.5,0.5,15.8,38.9,39600.0
2006-09-23,17.1,9.4,13.2,0.0,10.5,22.3,38985.96
2006-09-24,19.2,8.1,14.7,0.0,6.3,16.9,39600.0
2006-09-25,22.6,9.2,16.1,0.0,12.2,28.4,39600.0
2006-09-26,22.2,11.8,17.0,0.6,20.9,47.2,36183.18
2006-09-27,18.7,14.4,16.2,3.3,14.1,33.8,13696.67
2006-09-28,17.7,13.5,15.2,1.3,8.0,21.2,6067.82
2006-09-29,20.6,11.0,15.6,0.9,9.7,28.1,38994.63
2006-09-30,22.5,10.4,16.7,0.0,5.5,14.0,39069.05
2006-10-01,24.0,9.4,17.0,0.0,8.2,16.2,38894.14
2006-10-02,24.5,12.0,17.7,0.0,9.0,14.0,38708.86
2006-10-03,26.1,10.6,18.0,0.0,9.4,23.0,38523.3
2006-10-04,26.2,10.7,18.4,0.0,11.6,35.6,37866.42
2006-10-05,18.3,13.4,15.9,1.6,10.5,38.2,961.09
2006-10-06,16.3,10.4,13.6,4.6,9.8,23.0,12527.02
2006-10-07,17.7,7.3,12.4,0.0,10.4,25.2,36870.96
2006-10-08,16.2,10.0,12.9,0.9,13.2,31.0,4581.25
2006-10-09,17.9,9.0,13.2,0.0,9.4,24.1,32473.17
2006-10-10,18.3,8.9,13.4,0.0,10.5,25.2,36166.75
2006-10-11,18.2,8.7,13.2,0.0,15.5,37.1,36601.6
2006-10-12,18.1,7.6,12.6,0.0,15.1,36.7,36746.42
2006-10-13,17.7,9.3,12.8,0.0,7.6,17.6,35663.6
2006-10-14,15.6,7.8,11.4,0.0,15.3,37.4,35694.8
2006-10-15,16.2,6.0,11.1,0.0,12.3,26.6,27682.93
2006-10-16,12.5,7.8,10.4,1.3,17.6,42.5,24181.93
2006-10-17,11.6,3.3,7.7,0.0,7.9,19.4,33197.29
2006-10-18,13.5,2.6,7.8,0.0,12.2,31.3,35296.7
2006-10-19,13.9,0.1,6.6,0.0,15.9,36.7,35098.78
2006-10-20,16.4,0.5,8.0,0.0,10.2,23.0,34483.61
2006-10-21,19.0,3.7,11.0,0.0,9.8,21.6,32432.57
2006-10-22,20.9,7.7,13.9,0.2,6.6,16.2,33993.71
2006-10-23,22.0,8.2,14.5,0.0,8.4,19.8,33969.54
2006-10-24,23.5,8.2,15.1,0.0,9.7,24.5,33815.25
2006-10-25,20.5,10.9,15.6,0.0,8.4,26.3,33418.34
2006-10-26,21.3,8.7,14.8,0.0,8.3,15.1,33401.11
2006-10-27,22.6,7.9,14.7,0.0,8.6,18.4,33381.34
2006-10-28,20.6,9.7,14.4,0.0,13.7,33.5,32802.58
2006-10-29,20.1,9.7,13.8,0.9,10.4,31.3,25317.07
2006-10-30,12.6,3.0,8.3,10.8,26.8,58.7,22804.91
2006-10-31,7.7,-0.7,3.0,0.0,11.2,27.4,32840.57
2006-11-01,11.1,-2.1,4.3,0.1,11.2,26.3,28810.81
2006-11-02,5.8,0.6,4.0,5.8,21.5,46.4,18641.96
2006-11-03,2.4,-2.5,-0.4,3.0,23.2,52.2,30514.71
2006-11-04,1.8,-3.1,-1.0,1.8,19.4,47.2,31275.83
2006-11-05,8.4,-1.1,3.8,1.0,14.7,41.0,17827.69
2006-11-06,8.1,4.9,6.8,11.0,20.6,56.2,0.0
2006-11-07,11.7,2.9,8.0,0.0,11.6,28.8,18333.69
2006-11-08,15.8,0.0,6.6,0.0,8.7,14.4,31597.74
2006-11-09,15.8,1.3,7.2,0.1,9.2,28.1,31520.81
2006-11-10,9.2,3.3,6.9,3.5,21.7,47.5,31007.43
2006-11-11,7.9,-0.9,2.9,0.0,9.5,22.3,31371.36
2006-11-12,11.7,0.4,5.1,3.7,11.9,22.3,22810.1
2006-11-13,7.4,0.1,4.5,4.1,19.4,55.8,31228.42
2006-11-14,12.7,-1.2,5.3,0.0,8.4,19.1,28847.33
2006-11-15,15.2,1.0,7.2,0.0,7.3,13.0,30965.71
2006-11-16,15.6,1.1,7.0,0.0,8.0,13.7,30815.02
2006-11-17,15.3,0.2,6.5,0.0,8.3,16.2,30667.11
2006-11-18,14.3,0.8,6.7,0.0,10.0,18.4,29150.53
2006-11-19,12.6,3.5,7.0,0.0,8.8,20.2,27307.26
2006-11-20,12.5,3.2,6.6,0.0,8.9,14.8,30242.43
2006-11-21,13.7,2.2,7.3,0.0,11.5,24.1,29044.46
2006-11-22,14.2,5.3,9.3,1.7,19.9,43.6,28427.82
2006-11-23,12.9,3.8,8.5,1.5,14.6,38.2,29015.47
2006-11-24,12.8,5.0,7.9,0.0,10.1,21.2,29727.87
2006-11-25,13.2,1.1,6.2,0.0,10.2,22.7,29606.83
2006-11-26,13.5,1.4,6.1,0.0,9.4,22.3,29419.07
2006-11-27,14.2,0.0,6.5,0.0,7.3,14.4,29372.9
2006-11-28,12.4,-0.3,5.4,0.0,4.6,11.9,27909.57
2006-11-29,9.0,1.4,5.0,0.0,5.5,17.3,27097.71
2006-11-30,6.1,2.1,4.2,0.0,5.5,13.3,0.0
2006-12-01,7.2,4.7,5.7,0.0,7.4,19.1,3007.72
2006-12-02,9.1,-1.3,3.1,0.0,7.1,17.6,27492.94
2006-12-03,8.1,-2.3,1.5,0.0,6.7,12.2,27766.65
2006-12-04,10.5,-2.0,3.1,0.0,9.0,18.4,26690.12
2006-12-05,11.2,0.5,5.3,1.7,6.5,19.1,26633.0
2006-12-06,12.1,-0.0,4.8,0.0,9.7,20.9,27380.22
2006-12-07,11.8,-0.6,4.3,0.0,10.4,16.6,28141.79
2006-12-08,12.1,-0.5,4.8,0.0,8.4,19.4,28152.84
2006-12-09,12.1,0.9,5.8,0.0,16.3,36.0,27338.98
2006-12-10,12.9,3.9,7.0,1.7,10.1,25.9,26406.39
2006-12-11,6.4,3.8,5.0,3.3,7.8,16.6,0.0
2006-12-12,4.1,2.1,3.1,0.5,12.5,27.4,0.0
2006-12-13,5.5,-2.1,1.8,0.0,6.2,11.2,10347.13
2006-12-14,8.0,-2.6,1.8,0.0,6.6,12.6,27517.88
2006-12-15,8.3,-2.6,1.2,0.0,5.4,13.3,27623.51
2006-12-16,8.4,-3.1,0.5,0.0,7.1,13.0,27645.4
2006-12-17,5.4,-3.3,-0.0,0.0,7.6,16.9,1130.87
2006-12-18,4.3,-0.9,1.7,16.2,10.1,26.6,0.0
2006-12-19,1.4,-0.3,0.6,16.9,8.4,19.8,0.0
2006-12-20,0.5,-0.8,-0.3,6.2,11.0,25.9,0.0
2006-12-21,0.5,-4.1,-1.4,0.1,6.7,18.7,12548.15
2006-12-22,0.8,-3.9,-2.0,0.0,6.2,13.7,19272.59
2006-12-23,1.3,-1.7,-0.4,0.0,7.9,18.7,294.66
2006-12-24,0.7,-0.9,-0.2,0.0,8.2,16.9,0.0
2006-12-25,1.0,-1.0,0.0,0.3,15.1,34.9,0.0
2006-12-26,1.9,-4.8,-0.3,0.7,15.1,36.0,24593.7
2006-12-27,1.0,-3.4,-1.5,0.0,8.3,15.1,27288.68
2006-12-28,4.1,-4.1,-0.9,0.0,6.5,11.5,27504.16
2006-12-29,3.4,-4.5,-0.9,0.2,13.1,31.0,25328.63
2006-12-30,1.4,-2.5,-1.1,0.0,8.9,23.4,23478.17
2006-12-31,5.8,-3.1,-0.6,0.0,8.1,16.2,26364.81
2007-01-01,8.0,-3.4,0.9,0.0,10.8,23.8,22744.67
2007-01-02,4.2,0.3,2.5,15.9,13.8,33.8,0.0
2007-01-03,2.9,0.1,1.1,6.7,26.7,59.8,2794.28
2007-01-04,4.8,-1.7,1.2,0.3,11.8,32.4,22596.43
2007-01-05,5.0,-1.3,1.1,0.4,7.1,16.2,3618.58
2007-01-06,7.4,-1.9,1.2,1.5,8.6,21.2,16941.35
2007-01-07,8.7,-3.1,1.7,0.0,7.1,16.2,25325.62
2007-01-08,9.9,-1.7,2.4,0.0,8.8,16.6,28055.72
2007-01-09,10.9,-2.6,3.0,0.0,7.0,15.5,28040.78
2007-01-10,11.4,-2.0,3.0,0.0,8.7,16.2,28207.12
2007-01-11,11.6,-1.5,3.7,0.4,8.9,16.2,28285.76
2007-01-12,9.0,-0.5,3.3,5.9,22.2,56.5,10699.71
2007-01-13,10.6,-2.9,2.8,0.0,10.6,26.6,28447.79
2007-01-14,12.7,-2.2,3.8,0.0,11.0,29.2,28825.86
2007-01-15,9.1,-0.5,4.0,0.0,11.7,25.2,28815.7
2007-01-16,9.0,-4.0,0.6,0.0,9.2,18.7,29315.91
2007-01-17,9.4,-3.2,1.6,0.0,7.2,15.1,23579.69
2007-01-18,12.4,-1.6,4.0,0.0,8.9,24.1,29085.11
2007-01-19,10.7,1.4,6.1,12.7,17.4,43.6,14260.76
2007-01-20,13.3,5.6,8.6,0.0,17.5,40.7,28928.3
2007-01-21,15.1,1.6,7.2,0.0,9.8,22.7,29817.91
2007-01-22,12.6,5.0,8.3,0.3,11.3,24.1,27464.55
2007-01-23,11.8,2.9,7.3,0.0,14.0,32.4,0.0
2007-01-24,11.7,6.8,9.1,1.4,19.5,48.2,18151.52
2007-01-25,8.7,-0.4,4.0,0.0,18.0,41.0,30128.39
2007-01-26,2.5,-2.0,-0.0,0.0,8.8,18.7,21902.73
2007-01-27,0.6,-3.1,-1.2,3.0,17.6,38.5,8481.12
2007-01-28,3.7,-3.2,-0.5,0.0,25.5,50.4,24624.3
2007-01-29,7.9,-3.4,2.5,1.4,25.9,74.5,26601.44
2007-01-30,6.5,1.1,3.7,1.1,20.7,47.2,27088.41
2007-01-31,9.0,-0.2,4.3,0.0,14.3,36.0,29547.33
2007-02-01,5.6,-3.3,1.5,1.1,19.2,46.4,20266.77
2007-02-02,5.0,-0.5,2.4,0.2,21.1,45.4,30150.03
2007-02-03,4.2,-2.8,0.7,4.7,21.4,55.4,5705.26
2007-02-04,3.1,-0.4,0.9,3.2,20.5,49.0,24227.99
2007-02-05,5.1,-2.5,0.8,0.0,15.0,36.7,17467.51
2007-02-06,9.0,-4.1,0.9,0.0,9.5,19.8,32451.57
2007-02-07,10.7,-2.8,3.2,1.6,12.4,28.4,26026.59
2007-02-08,13.6,-1.2,5.1,0.0,11.9,32.0,31555.13
2007-02-09,13.8,-1.2,6.2,0.0,12.7,28.8,31550.5
2007-02-10,11.1,3.6,7.1,1.8,9.7,21.2,0.0
2007-02-11,13.9,3.2,7.6,2.4,9.5,19.4,28723.65
2007-02-12,13.1,3.3,7.1,2.6,8.7,28.1,32342.57
2007-02-13,11.5,1.6,5.6,12.7,21.9,53.6,8855.2
2007-02-14,9.1,2.0,6.1,5.6,27.7,61.6,25259.79
2007-02-15,10.1,-1.1,4.5,0.0,7.2,16.9,10972.01
2007-02-16,7.5,4.3,5.6,1.5,12.6,28.8,12538.78
2007-02-17,6.7,-0.1,3.9,1.3,15.1,33.5,12857.77
2007-02-18,6.4,-1.7,1.3,0.0,19.3,44.3,34725.44
2007-02-19,10.5,-1.6,3.7,2.7,8.3,24.1,26337.91
2007-02-20,12.2,1.7,6.2,0.0,6.6,15.1,27733.85
2007-02-21,14.9,0.0,8.0,0.0,9.0,14.0,35019.97
2007-02-22,15.4,2.4,8.4,0.4,8.9,20.5,32778.13
2007-02-23,10.4,3.3,7.2,1.3,11.3,28.1,28798.96
2007-02-24,3.1,-2.4,0.3,0.0,22.4,50.4,35275.83
2007-02-25,5.7,-3.1,0.3,0.0,20.4,46.1,35400.62
2007-02-26,5.9,-1.6,1.9,4.3,18.0,41.4,2980.22
2007-02-27,4.8,0.3,2.1,11.4,11.3,29.5,0.0
2007-02-28,13.0,-0.6,5.6,0.5,11.8,27.4,33796.62
2007-03-01,15.1,2.1,7.8,2.2,9.5,25.2,31663.46
2007-03-02,14.2,2.8,8.2,5.8,21.1,49.3,6182.32
2007-03-03,14.5,-0.5,7.5,1.6,12.4,40.7,26049.12
2007-03-04,10.7,3.8,7.5,8.2,24.7,58.7,36530.4
2007-03-05,10.8,1.5,5.7,0.0,8.7,22.0,37058.32
2007-03-06,15.5,0.5,7.4,0.0,10.3,21.2,36615.19
2007-03-07,16.4,0.9,8.5,0.0,17.1,40.7,36988.59
2007-03-08,12.2,4.0,7.4,0.0,16.6,38.9,31669.08
2007-03-09,12.9,2.4,7.3,0.0,8.5,19.4,28782.58
2007-03-10,9.6,2.1,5.7,0.0,9.2,24.1,20645.1
2007-03-11,10.3,2.0,6.0,0.0,12.1,29.2,33854.51
2007-03-12,12.3,3.6,7.5,0.0,14.2,26.6,32252.45
2007-03-13,12.7,3.5,8.3,0.0,10.6,29.2,26694.92
2007-03-14,14.2,4.8,8.5,0.0,12.0,26.6,37444.11
2007-03-15,14.2,3.6,8.4,0.4,17.9,41.8,38687.11
2007-03-16,13.2,2.7,7.7,0.0,9.1,24.5,38384.38
2007-03-17,15.0,0.9,7.9,0.0,10.0,25.9,39229.86
2007-03-18,15.8,4.3,9.8,0.0,11.0,31.0,35356.38
2007-03-19,18.0,1.5,9.7,0.0,18.0,40.0,39567.38
2007-03-20,14.4,4.0,9.9,12.9,28.1,64.4,14164.23
2007-03-21,11.9,2.3,5.7,5.5,9.7,31.3,26910.11
2007-03-22,11.6,0.5,5.7,4.6,13.3,33.8,19921.44
2007-03-23,5.1,1.4,2.8,27.1,22.1,47.5,0.0
2007-03-24,12.9,2.0,6.3,5.1,14.0,36.7,32402.06
2007-03-25,13.4,1.6,7.4,0.0,17.2,41.0,40540.05
2007-03-26,11.8,2.9,7.4,0.3,22.1,49.7,39785.21
2007-03-27,10.9,3.5,6.9,0.0,18.5,43.9,41290.82
2007-03-28,10.9,3.0,6.9,0.4,25.2,56.9,20034.4
2007-03-29,11.2,1.6,6.6,0.5,16.2,40.7,29858.35
2007-03-30,14.3,2.6,8.4,0.0,20.9,47.9,41247.84
2007-03-31,12.5,3.9,8.0,0.2,13.3,35.3,39816.27
2007-04-01,14.6,2.7,8.4,0.0,7.9,22.7,41484.03
2007-04-02,14.5,2.7,9.2,0.0,7.7,17.6,41898.38
2007-04-03,15.5,1.5,9.5,0.0,7.4,14.4,42057.3
2007-04-04,15.8,2.4,9.8,0.0,14.1,31.7,32608.71
2007-04-05,12.1,3.7,8.0,0.7,19.5,42.1,42303.13
2007-04-06,15.1,0.5,7.9,0.0,8.9,23.0,42800.05
2007-04-07,16.8,3.3,10.3,0.0,19.0,42.8,42797.54
2007-04-08,15.9,3.1,10.1,0.2,14.1,34.2,42798.6
2007-04-09,16.2,2.8,10.3,0.0,7.6,16.6,43670.59
2007-04-10,19.1,3.6,11.9,0.5,14.5,35.3,43775.08
2007-04-11,16.2,6.0,11.1,0.0,20.1,45.7,41417.29
2007-04-12,18.1,4.8,11.9,0.0,7.7,20.2,44417.29
2007-04-13,20.8,5.0,13.6,0.0,10.8,24.5,44585.74
2007-04-14,20.6,6.5,13.7,0.0,14.2,31.0,44754.06
2007-04-15,19.4,5.5,12.8,0.0,18.0,41.8,44922.14
2007-04-16,15.0,5.9,10.5,0.0,15.0,36.0,45089.85
2007-04-17,15.6,5.9,11.1,0.0,7.5,23.8,44308.34
2007-04-18,20.7,3.2,12.5,0.5,13.5,42.1,44547.27
2007-04-19,14.3,7.4,10.8,2.4,17.1,40.7,41510.98
2007-04-20,18.8,3.0,11.8,0.0,7.0,18.4,45754.8
2007-04-21,20.1,4.7,13.3,0.0,13.7,33.1,45918.99
2007-04-22,19.5,7.0,13.6,0.0,13.8,29.5,46082.11
2007-04-23,19.5,6.6,13.3,0.0,8.3,16.6,46244.05
2007-04-24,20.6,5.7,14.1,0.0,14.5,26.6,34315.19
2007-04-25,15.4,7.8,11.6,14.7,8.8,21.6,28154.47
2007-04-26,18.6,6.1,12.1,0.0,17.3,40.3,45067.86
2007-04-27,19.2,6.4,12.9,0.0,14.1,34.6,46613.3
2007-04-28,20.0,5.6,14.3,0.1,9.3,25.6,46699.94
2007-04-29,22.6,7.2,15.1,0.0,13.0,31.0,46784.98
2007-04-30,18.2,7.9,13.6,0.1,12.4,30.2,41585.0
2007-05-01,18.2,8.7,13.4,0.1,13.4,29.5,43860.04
2007-05-02,16.8,5.4,11.4,0.0,8.3,22.7,46530.54
2007-05-03,20.0,5.8,13.6,4.3,9.2,23.8,26220.78
2007-05-04,18.2,9.8,14.1,4.6,12.5,32.8,15525.56
2007-05-05,25.8,9.8,17.7,0.8,19.4,37.1,45440.41
2007-05-06,25.9,15.1,19.9,1.7,21.1,51.8,38638.41
2007-05-07,16.7,12.1,14.4,13.5,14.0,40.3,5051.53
2007-05-08,21.3,9.5,15.8,0.0,13.1,42.8,46899.93
2007-05-09,23.0,8.9,15.4,3.2,12.6,28.4,42633.82
2007-05-10,22.2,10.4,16.5,0.2,8.0,23.8,46985.71
2007-05-11,26.6,10.3,19.2,0.0,11.9,29.5,47081.91
2007-05-12,24.9,12.1,19.0,0.0,9.0,21.6,46901.13
2007-05-13,26.2,15.0,20.8,0.0,9.1,19.1,47084.47
2007-05-14,28.9,13.1,22.1,0.0,9.0,16.9,47305.75
2007-05-15,29.3,15.1,22.8,0.0,14.7,33.5,47064.18
2007-05-16,22.1,14.0,17.7,4.2,13.0,32.8,36364.12
2007-05-17,19.2,10.8,15.2,8.3,9.8,26.3,27151.48
2007-05-18,14.0,11.1,12.8,12.9,18.5,43.2,0.0
2007-05-19,14.9,10.5,12.4,4.2,10.7,28.8,675.31
2007-05-20,19.4,11.6,14.4,4.2,9.1,27.7,1509.13
2007-05-21,22.9,10.5,16.3,25.9,16.5,41.0,9565.54
2007-05-22,22.3,14.3,18.0,40.1,10.2,35.3,38412.54
2007-05-23,23.2,12.3,17.2,10.9,13.8,35.3,36103.67
2007-05-24,24.3,15.0,19.1,15.8,11.3,28.8,45197.88
2007-05-25,24.8,12.0,18.8,0.4,6.7,20.9,46449.73
2007-05-26,26.3,14.0,20.2,0.2,8.3,23.4,47709.42
2007-05-27,27.1,13.2,20.3,0.8,9.7,29.5,42866.49
2007-05-28,26.3,13.5,19.5,2.6,19.9,46.1,42403.38
2007-05-29,23.2,13.4,18.4,0.0,11.8,29.5,48651.98
2007-05-30,20.0,12.4,15.8,5.5,10.2,23.4,47462.4
2007-05-31,18.2,11.7,14.6,3.2,12.7,29.5,43118.57
2007-06-01,21.5,9.9,16.4,0.0,9.0,24.1,49780.26
2007-06-02,23.7,11.1,18.5,1.3,7.3,20.2,46805.89
2007-06-03,25.2,12.0,19.3,0.4,10.1,24.1,41312.1
2007-06-04,23.0,13.0,18.2,4.8,9.4,29.9,36128.52
2007-06-05,24.4,14.0,18.3,3.4,17.1,45.4,21482.47
2007-06-06,18.4,15.1,17.0,9.6,14.4,43.9,12236.44
2007-06-07,24.0,14.1,19.0,0.0,11.7,29.2,45636.75
2007-06-08,24.6,15.8,20.1,1.3,14.1,35.3,47115.52
2007-06-09,25.0,12.2,20.0,0.1,7.2,23.0,49157.01
2007-06-10,25.2,15.1,20.8,0.5,6.3,19.4,48056.16
2007-06-11,27.1,13.7,20.8,1.2,10.8,19.8,48007.48
2007-06-12,25.7,14.5,20.0,8.9,9.0,25.2,45023.91
2007-06-13,24.6,14.0,19.6,3.8,4.4,16.9,46107.1
2007-06-14,25.3,15.2,20.1,4.0,5.8,19.1,45109.82
2007-06-15,28.2,14.9,21.7,0.3,6.5,16.6,48451.07
2007-06-16,28.0,16.4,21.5,2.4,10.6,23.4,36081.03
2007-06-17,25.2,16.1,20.7,4.1,9.4,25.9,44808.96
2007-06-18,27.8,14.8,22.1,0.0,10.1,23.0,50581.12
2007-06-19,27.4,16.5,22.6,0.1,10.0,31.7,43644.77
2007-06-20,29.5,16.9,23.8,0.0,8.3,16.6,51011.84
2007-06-21,32.0,18.3,25.9,0.0,14.4,34.6,50555.96
2007-06-22,30.3,19.2,25.1,0.0,9.2,27.4,50892.69
2007-06-23,28.5,18.6,23.7,0.0,17.6,37.1,49951.43
2007-06-24,27.9,18.5,23.3,0.0,9.6,20.9,49843.19
2007-06-25,35.9,18.1,27.1,1.7,8.9,26.6,50722.3
2007-06-26,36.4,17.2,26.3,2.8,18.4,54.7,45667.84
2007-06-27,25.6,16.9,21.5,2.7,11.6,36.0,47284.59
2007-06-28,22.2,16.5,19.2,1.0,14.8,36.7,46195.09
2007-06-29,23.9,14.0,19.1,0.0,8.7,23.4,50628.84
2007-06-30,26.8,16.1,21.5,0.0,8.7,23.4,47682.28
2007-07-01,26.8,15.0,21.6,0.0,8.0,20.2,50343.52
2007-07-02,30.9,16.5,25.1,0.0,7.9,21.2,50091.93
2007-07-03,29.4,17.6,24.5,0.0,11.1,22.3,50190.98
2007-07-04,32.1,17.2,25.6,0.0,16.6,36.0,50698.48
2007-07-05,23.6,12.8,17.7,8.2,26.4,60.8,35625.53
2007-07-06,23.0,13.2,18.6,0.0,14.9,42.5,50400.51
2007-07-07,26.6,12.8,20.7,0.0,8.0,24.5,50377.8
2007-07-08,30.0,16.3,24.3,0.0,8.9,20.2,50229.97
2007-07-09,32.4,19.6,26.3,0.7,10.4,28.4,49649.01
2007-07-10,33.0,16.8,24.3,2.4,20.4,46.1,49106.14
2007-07-11,18.1,13.2,16.4,8.7,12.4,32.4,9493.97
2007-07-12,20.8,12.6,16.6,0.4,15.0,43.2,49262.29
2007-07-13,22.7,11.7,17.9,0.2,13.2,34.2,46859.65
2007-07-14,25.6,12.5,20.1,0.0,9.7,25.6,45556.19
2007-07-15,29.6,14.6,23.1,0.0,7.5,21.6,49680.44
2007-07-16,33.0,16.8,26.5,0.0,9.4,22.3,49645.3
2007-07-17,34.7,19.3,28.2,0.0,7.2,16.2,49607.75
2007-07-18,35.6,19.4,29.1,0.0,8.9,18.7,49567.73
2007-07-19,35.8,20.2,29.2,0.0,10.0,26.3,49525.23
2007-07-20,35.9,21.9,29.9,0.0,11.6,29.2,49389.68
2007-07-21,36.4,20.5,30.1,0.0,10.4,27.0,49345.34
2007-07-22,37.4,20.1,30.1,0.0,9.5,23.8,49214.49
2007-07-23,34.5,22.1,28.7,0.0,13.8,31.7,49168.3
2007-07-24,40.1,20.0,31.0,0.0,20.9,43.9,49119.58
2007-07-25,28.5,21.1,24.2,0.0,19.1,43.9,49032.57
2007-07-26,27.1,15.8,22.0,0.0,10.2,27.7,48975.37
2007-07-27,30.8,16.3,24.4,0.0,9.1,21.2,48916.29
2007-07-28,31.7,17.1,25.5,0.0,6.4,20.5,48855.39
2007-07-29,31.3,18.3,26.1,0.0,14.2,33.8,48269.63
2007-07-30,33.3,16.9,24.8,0.2,30.4,55.8,47043.68
2007-07-31,21.8,13.6,17.1,4.3,17.1,40.7,43314.71
2007-08-01,22.1,12.3,17.6,6.1,11.9,32.4,33654.75
2007-08-02,25.8,13.3,20.0,0.0,9.5,25.9,48062.36
2007-08-03,30.1,15.1,22.9,0.0,8.3,21.6,46800.0
2007-08-04,20.7,13.8,17.7,15.3,18.1,43.2,10813.59
2007-08-05,17.8,12.8,15.1,2.4,13.6,31.0,12448.18
2007-08-06,23.6,13.6,17.8,9.6,10.8,41.0,28573.71
2007-08-07,24.0,15.4,19.4,12.7,8.8,25.9,28560.71
2007-08-08,28.1,13.9,21.9,0.1,7.4,25.9,47031.04
2007-08-09,29.7,16.7,23.9,0.7,8.7,18.0,45938.25
2007-08-10,29.3,16.7,23.1,0.7,13.2,30.2,46716.87
2007-08-11,24.2,17.4,20.1,8.5,7.8,26.3,41300.61
2007-08-12,23.6,14.9,18.8,3.5,13.2,33.8,37744.25
2007-08-13,25.5,15.8,21.0,0.1,12.3,41.0,46440.08
2007-08-14,26.1,15.8,21.4,0.1,12.5,33.5,46376.68
2007-08-15,28.2,15.5,22.5,0.0,7.4,22.0,46312.97
2007-08-16,31.2,17.1,24.8,0.0,10.2,22.7,46248.98
2007-08-17,32.0,19.1,26.1,0.0,9.8,19.1,46184.73
2007-08-18,25.4,19.3,22.5,0.4,13.4,31.0,41217.52
2007-08-19,28.1,18.7,23.0,3.5,7.6,27.4,43093.44
2007-08-20,31.6,17.1,24.7,0.9,10.4,29.2,43746.7
2007-08-21,31.7,17.4,24.9,0.0,8.9,24.5,45925.82
2007-08-22,35.5,16.4,26.2,0.0,11.5,28.4,45860.74
2007-08-23,37.2,18.7,28.4,0.0,13.5,29.5,45760.96
2007-08-24,36.8,21.8,29.6,0.0,9.8,23.8,45598.62
2007-08-25,34.0,20.7,28.0,0.0,11.4,29.9,45435.65
2007-08-26,27.9,20.1,24.4,2.4,17.4,43.9,39671.61
2007-08-27,27.9,16.3,22.7,0.0,12.5,33.5,44832.75
2007-08-28,28.9,16.7,23.7,0.0,6.9,14.8,44944.01
2007-08-29,30.7,16.0,24.1,0.0,11.2,25.2,44737.27
2007-08-30,32.1,16.6,24.3,0.0,10.4,21.6,40777.66
2007-08-31,23.0,17.6,19.9,0.6,12.7,34.2,26170.31
2007-09-01,21.1,15.8,18.1,0.0,10.9,29.5,3315.17
2007-09-02,22.4,14.0,18.1,0.0,13.3,32.8,38677.72
2007-09-03,22.4,13.5,18.4,0.0,7.1,20.9,40720.2
2007-09-04,26.6,11.6,19.0,1.7,18.5,41.4,39394.04
2007-09-05,11.6,8.6,10.3,18.8,18.5,41.0,1986.68
2007-09-06,15.9,6.0,11.1,1.0,11.2,28.1,40084.86
2007-09-07,13.7,8.2,10.8,0.4,13.0,26.3,13656.82
2007-09-08,15.0,8.6,11.6,3.2,18.9,47.5,14467.53
2007-09-09,18.6,11.4,14.0,4.7,12.5,40.7,20962.62
2007-09-10,19.1,9.9,14.3,1.8,14.2,33.5,40290.67
2007-09-11,19.0,8.7,12.5,15.2,17.3,43.2,16449.1
2007-09-12,16.2,9.3,12.8,0.8,24.7,51.5,36228.21
2007-09-13,17.2,11.4,14.2,0.0,20.3,43.9,24162.37
2007-09-14,19.8,9.7,14.8,0.0,7.9,14.0,39966.14
2007-09-15,22.6,9.2,16.0,0.2,15.8,39.6,39685.63
2007-09-16,21.4,9.7,15.5,0.0,8.6,20.5,40040.45
2007-09-17,26.5,8.8,17.6,0.0,10.2,19.4,39789.46
2007-09-18,28.5,11.6,20.0,0.0,11.2,28.1,39720.14
2007-09-19,17.1,12.3,14.7,1.8,21.4,50.8,2800.12
2007-09-20,15.5,11.5,13.2,0.0,12.8,30.6,19497.62
2007-09-21,16.0,11.7,13.4,0.3,8.5,22.0,19862.15
2007-09-22,18.5,9.5,13.9,0.0,6.1,20.5,39600.0
2007-09-23,19.9,6.9,14.1,0.0,7.1,16.2,39600.0
2007-09-24,21.8,6.8,15.0,0.0,9.4,21.2,39600.0
2007-09-25,22.7,8.8,16.2,0.0,7.9,16.2,39600.0
2007-09-26,21.0,10.6,15.0,4.5,9.2,25.2,7665.43
2007-09-27,24.5,10.5,17.3,2.1,19.0,48.6,39428.32
2007-09-28,25.7,14.5,19.2,2.6,21.9,50.0,17916.47
2007-09-29,21.9,10.0,15.8,0.0,8.0,14.8,38238.27
2007-09-30,19.6,12.6,16.1,0.7,9.1,24.1,29529.48
2007-10-01,21.4,13.9,17.2,0.4,7.7,21.2,31434.03
2007-10-02,21.5,10.4,16.2,0.0,12.6,30.6,38746.53
2007-10-03,22.7,8.7,16.1,0.0,9.2,16.6,38561.88
2007-10-04,23.9,8.9,16.7,0.0,7.9,13.0,38377.53
2007-10-05,23.6,14.4,18.4,0.6,7.6,19.1,32910.88
2007-10-06,15.9,13.3,15.0,18.3,10.0,22.7,0.0
2007-10-07,14.9,12.1,13.4,5.1,6.8,18.7,5455.34
2007-10-08,16.8,9.6,13.2,0.0,6.1,16.2,29891.63
2007-10-09,15.0,12.3,13.7,0.0,6.4,16.6,1097.99
2007-10-10,14.7,10.5,13.2,7.6,7.9,23.4,0.0
2007-10-11,15.4,9.7,12.5,4.2,5.5,15.8,0.0
2007-10-12,15.3,10.9,12.9,0.6,6.4,14.8,1626.7
2007-10-13,13.1,7.0,11.0,4.3,21.4,50.4,27722.79
2007-10-14,9.4,3.2,6.2,0.0,19.7,42.8,31462.18
2007-10-15,11.2,1.8,6.0,0.0,8.4,15.8,36183.27
2007-10-16,16.8,0.5,8.2,0.0,7.3,15.5,35846.08
2007-10-17,18.9,1.9,9.7,0.0,10.2,16.2,35626.83
2007-10-18,18.3,3.3,10.2,0.0,9.1,17.3,33773.98
2007-10-19,8.2,4.5,6.6,2.8,21.5,49.0,5400.73
2007-10-20,5.8,2.1,4.2,0.6,16.1,35.6,9478.26
2007-10-21,5.8,1.9,3.9,5.5,11.9,28.1,0.0
2007-10-22,7.1,4.5,5.8,29.7,10.6,58.3,0.0
2007-10-23,7.3,3.2,5.5,9.6,9.0,19.8,1351.46
2007-10-24,9.0,1.8,5.5,0.0,5.5,14.4,1342.26
2007-10-25,12.6,6.3,8.5,0.0,7.1,17.6,19453.45
2007-10-26,16.3,3.2,9.3,0.0,11.0,27.7,30185.28
2007-10-27,12.2,6.3,9.3,6.5,8.4,22.0,1708.46
2007-10-28,12.5,8.4,10.3,11.4,5.6,16.2,0.0
2007-10-29,10.5,8.6,9.6,2.5,8.0,18.7,0.0
2007-10-30,15.0,7.2,10.5,0.0,12.8,31.0,32087.25
2007-10-31,13.5,8.3,10.5,6.0,7.9,20.5,6510.05
2007-11-01,9.8,7.7,8.9,6.7,11.5,27.0,0.0
2007-11-02,11.1,4.3,8.1,0.0,11.5,26.6,31545.07
2007-11-03,10.3,3.6,7.6,0.0,9.5,21.2,0.0
2007-11-04,11.0,6.1,8.3,3.0,18.8,41.8,10800.0
2007-11-05,7.1,4.5,5.7,6.3,14.8,38.5,3273.97
2007-11-06,6.7,2.8,4.4,0.2,10.4,23.8,16999.53
2007-11-07,6.9,0.4,3.3,1.9,13.2,44.6,31692.52
2007-11-08,8.9,0.8,4.7,3.0,18.8,54.4,25085.0
2007-11-09,11.1,-0.3,5.5,5.0,21.6,48.6,20441.76
2007-11-10,5.7,0.3,3.5,2.8,27.8,60.8,14839.11
2007-11-11,8.4,-0.4,5.0,0.8,18.9,46.8,26806.0
2007-11-12,7.8,-1.9,3.2,9.9,14.6,44.6,0.0
2007-11-13,8.1,-5.4,0.3,0.0,12.4,28.1,31239.17
2007-11-14,7.4,-3.6,1.5,3.2,17.4,38.2,27333.37
2007-11-15,4.0,1.0,2.7,2.0,15.6,33.5,5643.82
2007-11-16,3.0,-0.2,1.3,0.5,9.5,22.3,16207.63
2007-11-17,1.0,-1.0,-0.2,15.4,9.4,34.2,1922.21
2007-11-18,0.0,-1.5,-0.4,22.4,10.6,46.1,0.0
2007-11-19,2.0,-1.1,0.0,1.4,6.9,19.4,3997.93
2007-11-20,4.7,-2.2,0.4,0.0,8.2,17.6,25932.89
2007-11-21,5.9,-7.3,-1.4,0.0,12.1,19.8,30154.65
2007-11-22,6.7,-6.1,0.1,0.0,11.8,18.4,23524.43
2007-11-23,7.5,-2.5,1.9,0.0,11.9,19.4,29179.26
2007-11-24,10.9,-1.0,3.8,0.0,9.4,16.6,29225.61
2007-11-25,12.4,-0.4,4.3,0.0,9.8,21.6,28999.78
2007-11-26,5.5,0.6,2.8,19.3,15.7,40.3,0.0
2007-11-27,5.3,-4.6,-0.1,0.0,19.1,41.4,29397.42
2007-11-28,2.6,-3.5,-0.7,0.0,11.2,27.0,29281.85
2007-11-29,5.1,-4.1,-0.2,0.0,12.0,28.4,28269.34
2007-11-30,7.0,-1.1,1.8,3.8,11.5,25.2,22629.24
2007-12-01,7.4,-1.8,2.1,0.0,8.8,16.6,28957.44
2007-12-02,9.2,-2.3,2.1,0.0,8.3,14.4,27547.09
2007-12-03,7.4,-1.9,3.0,2.4,11.8,39.2,8718.58
2007-12-04,6.3,3.0,4.4,10.4,18.9,41.0,19126.65
2007-12-05,4.6,1.5,2.7,0.1,24.4,54.4,21210.76
2007-12-06,5.1,-1.5,1.6,0.0,15.1,37.1,27381.38
2007-12-07,8.2,-2.7,1.5,0.0,8.5,19.8,27565.84
2007-12-08,7.3,-2.0,2.6,2.9,9.9,23.4,3463.87
2007-12-09,7.4,-2.1,2.7,0.0,9.7,24.5,15828.22
2007-12-10,9.7,1.9,4.6,2.2,8.4,21.2,17590.35
2007-12-11,6.5,0.9,4.1,2.4,8.0,24.5,20565.0
2007-12-12,6.1,1.3,3.3,0.9,6.0,14.4,24202.29
2007-12-13,2.4,-1.4,1.5,0.9,21.7,53.6,7518.53
2007-12-14,-1.5,-4.3,-2.8,3.9,16.4,41.4,12043.65
2007-12-15,-1.1,-6.5,-3.9,1.3,11.0,24.1,17962.64
2007-12-16,-0.8,-4.9,-3.3,2.2,5.5,13.7,17904.6
2007-12-17,-1.3,-6.1,-4.3,0.0,9.3,17.6,1512.49
2007-12-18,-2.2,-12.3,-6.0,0.0,5.5,12.6,16862.24
2007-12-19,-1.9,-4.4,-3.1,0.0,9.4,22.0,0.0
2007-12-20,-1.8,-5.3,-3.1,0.0,9.8,21.6,3691.77
2007-12-21,-1.9,-5.8,-3.9,0.0,7.4,13.3,20295.19
2007-12-22,0.1,-6.1,-3.6,0.0,6.2,8.3,27011.1
2007-12-23,2.4,-8.4,-4.0,0.0,5.9,10.4,26818.83
2007-12-24,2.5,-6.6,-3.2,0.0,6.2,10.8,25253.21
2007-12-25,-0.1,-5.5,-3.3,1.2,5.9,19.1,9152.1
2007-12-26,-1.8,-5.2,-2.9,2.8,5.1,12.2,0.0
2007-12-27,-1.5,-5.6,-3.6,0.0,5.1,13.3,1180.16
2007-12-28,-2.7,-6.2,-4.5,0.0,5.0,10.8,1150.19
2007-12-29,-0.6,-11.2,-6.2,0.0,4.8,9.7,26134.14
2007-12-30,-0.3,-12.0,-6.6,0.0,7.9,13.3,25126.42
2007-12-31,-3.2,-8.7,-6.0,0.0,6.1,11.9,23483.07
2008-01-01,-3.9,-7.6,-5.7,5.5,11.8,25.9,524.64
2008-01-02,-3.6,-6.6,-5.6,3.2,12.2,26.6,0.0
2008-01-03,-3.5,-13.8,-8.9,0.0,10.3,17.3,27327.49
2008-01-04,-5.2,-15.8,-10.5,0.0,15.8,36.4,26427.61
2008-01-05,-5.3,-13.9,-9.2,1.5,15.8,33.8,1605.66
2008-01-06,1.6,-6.3,-2.0,6.5,14.5,33.5,9871.09
2008-01-07,4.2,-3.4,0.9,1.7,8.0,20.9,18453.66
2008-01-08,3.3,-5.0,0.1,0.6,9.9,22.0,24056.57
2008-01-09,2.6,-6.7,-2.8,0.0,9.5,19.1,27853.03
2008-01-10,3.2,-5.3,-1.3,0.0,10.5,15.1,22861.91
2008-01-11,4.3,-3.7,-0.7,0.0,9.3,18.7,28457.99
2008-01-12,5.3,-4.5,-0.3,0.0,10.8,24.1,25966.88
2008-01-13,8.1,-2.3,1.2,0.0,12.5,28.4,27588.55
2008-01-14,4.9,-2.7,0.1,0.0,10.3,25.2,18548.95
2008-01-15,6.6,-3.4,0.3,0.0,9.7,22.3,28793.13
2008-01-16,8.7,-2.3,1.9,0.0,15.3,33.5,28675.45
2008-01-17,10.2,-0.8,3.4,0.0,14.8,32.8,28861.73
2008-01-18,10.2,-0.8,4.2,0.6,8.4,20.5,28412.45
2008-01-19,10.0,1.1,5.3,2.3,6.9,13.0,23716.61
2008-01-20,12.9,2.8,7.5,0.4,8.4,16.2,23482.89
2008-01-21,13.6,-1.0,5.3,0.0,8.3,14.8,29786.56
2008-01-22,9.2,-1.2,3.3,0.7,7.7,17.6,22960.93
2008-01-23,4.8,-1.3,1.5,6.7,25.6,53.6,23303.57
2008-01-24,3.4,-3.7,-0.6,0.0,8.0,18.7,30378.63
2008-01-25,5.2,-2.9,0.3,0.0,13.8,32.4,30437.29
2008-01-26,6.6,-2.8,1.4,0.0,9.1,23.4,30152.66
2008-01-27,5.9,-3.5,1.0,2.8,24.0,54.0,0.0
2008-01-28,4.6,-2.8,1.9,2.0,31.9,85.3,25454.1
2008-01-29,4.4,-4.2,-0.6,0.0,8.6,24.8,30851.11
2008-01-30,5.9,-2.6,0.4,0.0,10.5,23.0,30994.98
2008-01-31,7.0,-2.2,2.0,0.0,11.5,26.3,15594.35
2008-02-01,10.7,-2.5,2.9,0.0,9.7,20.2,29769.99
2008-02-02,11.8,-3.1,3.2,0.0,13.4,29.2,31251.47
2008-02-03,8.5,-0.7,3.4,0.0,8.7,18.4,20436.78
2008-02-04,12.1,0.1,5.0,0.5,14.3,34.6,22467.07
2008-02-05,10.8,1.4,5.2,0.1,11.1,28.4,25741.18
2008-02-06,8.6,2.2,4.6,0.3,8.7,16.2,3735.91
2008-02-07,6.4,1.6,4.1,7.8,17.6,37.4,0.0
2008-02-08,3.3,0.2,1.9,7.1,18.1,39.2,2979.06
2008-02-09,4.2,-0.5,1.4,0.9,9.2,17.3,10145.0
2008-02-10,2.9,-3.2,-0.2,0.0,13.3,28.1,16970.58
2008-02-11,1.5,-4.0,-1.8,0.0,9.7,24.1,19801.46
2008-02-12,3.6,-3.6,-0.8,0.0,8.9,23.4,33599.16
2008-02-13,2.6,-4.2,-1.3,0.0,10.9,28.8,33778.75
2008-02-14,5.2,-3.7,-0.1,0.0,17.4,43.2,33959.59
2008-02-15,2.3,-1.8,-0.1,0.7,22.2,47.9,7736.26
2008-02-16,-0.8,-5.5,-3.4,3.2,20.6,47.2,32436.43
2008-02-17,-2.9,-9.1,-5.9,0.0,18.4,39.2,33556.42
2008-02-18,4.9,-7.2,-2.0,0.1,19.1,43.6,29939.14
2008-02-19,9.6,-0.8,3.4,0.0,16.8,37.8,32736.92
2008-02-20,12.1,-3.0,3.3,0.0,6.8,15.8,34917.06
2008-02-21,11.2,-3.3,3.6,0.0,7.1,18.0,35003.07
2008-02-22,13.3,-2.9,5.2,0.0,7.1,14.8,35088.51
2008-02-23,13.5,-2.1,5.2,0.0,15.0,36.7,35173.33
2008-02-24,14.7,2.5,7.6,0.0,10.2,22.7,35257.5
2008-02-25,18.6,-0.7,8.4,0.0,9.2,18.4,35382.61
2008-02-26,17.5,1.7,9.1,0.0,10.9,20.2,35460.5
2008-02-27,16.6,1.7,8.8,0.0,8.5,19.8,35610.12
2008-02-28,11.7,4.4,7.4,0.2,11.8,29.2,33112.69
2008-02-29,14.8,-0.4,7.3,0.0,10.3,21.6,36029.42
2008-03-01,15.7,1.5,8.1,7.6,23.2,49.7,23857.04
2008-03-02,15.3,2.7,8.5,1.7,16.6,42.8,19362.2
2008-03-03,16.6,4.0,9.8,0.0,9.8,26.3,35977.3
2008-03-04,12.8,1.9,6.8,0.0,18.3,38.2,25925.21
2008-03-05,5.7,1.4,3.5,5.9,11.6,28.8,749.68
2008-03-06,6.4,0.8,3.3,2.2,8.4,21.2,0.0
2008-03-07,11.3,2.6,6.0,2.6,15.8,42.5,21164.8
2008-03-08,13.1,2.1,6.9,2.9,8.0,27.4,31440.58
2008-03-09,11.7,-1.1,5.4,0.2,8.2,18.7,36619.78
2008-03-10,14.9,-1.3,7.2,0.0,10.7,29.2,36063.84
2008-03-11,14.5,1.3,7.5,1.3,15.0,35.3,23767.73
2008-03-12,15.5,2.4,8.6,0.0,9.4,22.3,38343.34
2008-03-13,10.2,2.7,7.1,5.7,20.0,45.4,27425.01
2008-03-14,12.7,-0.8,6.0,0.0,10.3,26.6,38561.98
2008-03-15,13.7,2.7,8.1,0.0,13.1,32.0,36966.95
2008-03-16,18.6,1.8,9.6,0.0,11.6,28.8,33459.18
2008-03-17,14.0,3.1,8.3,3.3,8.7,36.0,34675.57
2008-03-18,6.7,0.8,3.7,4.6,14.3,33.5,1508.31
2008-03-19,7.1,0.3,3.2,0.3,9.8,22.0,34124.73
2008-03-20,7.1,-2.3,2.5,1.1,11.2,23.8,26872.11
2008-03-21,8.8,-3.4,3.0,0.4,10.9,28.4,40012.34
2008-03-22,14.5,1.1,7.8,0.1,22.1,51.5,35089.43
2008-03-23,14.6,6.6,9.9,0.7,13.4,33.5,35399.89
2008-03-24,12.7,3.0,7.8,11.2,18.3,52.9,10800.0
2008-03-25,7.1,-1.4,2.8,6.7,22.5,48.2,23662.24
2008-03-26,9.2,-3.0,2.8,0.3,11.5,27.7,41274.98
2008-03-27,13.2,-2.9,5.5,0.0,14.3,34.9,26917.3
2008-03-28,12.4,2.2,7.2,0.0,19.4,43.2,41345.58
2008-03-29,13.2,1.0,7.2,0.0,13.7,32.4,41492.18
2008-03-30,13.8,1.9,8.4,0.0,11.7,28.1,40322.25
2008-03-31,14.5,0.8,8.4,0.0,10.0,23.0,41734.72
2008-04-01,14.0,1.0,7.9,0.1,18.7,46.1,34605.7
2008-04-02,12.6,5.8,8.7,0.8,10.2,34.6,30788.79
2008-04-03,13.0,3.7,8.5,0.6,14.8,33.1,39664.18
2008-04-04,12.4,2.6,7.7,0.6,18.1,44.3,40332.27
2008-04-05,9.9,5.9,7.5,2.9,14.7,31.0,17772.38
2008-04-06,11.7,5.8,8.0,0.6,11.4,26.3,25726.88
2008-04-07,19.7,0.1,10.1,0.0,16.9,39.2,43188.18
2008-04-08,20.7,3.2,12.1,0.0,12.6,29.2,29720.76
2008-04-09,16.7,8.3,12.0,3.7,10.1,29.5,16139.78
2008-04-10,16.9,6.4,11.5,5.7,12.2,31.0,20362.6
2008-04-11,22.1,6.4,14.0,0.5,10.1,41.4,41093.17
2008-04-12,22.8,8.6,14.8,2.3,11.5,35.3,40801.66
2008-04-13,15.2,8.7,11.3,0.0,9.6,23.0,21477.31
2008-04-14,17.1,7.0,11.9,0.2,8.0,20.5,40429.95
2008-04-15,13.6,7.0,9.7,14.9,12.7,29.9,26324.85
2008-04-16,12.9,6.4,9.2,4.1,20.8,58.0,28361.51
2008-04-17,17.8,2.2,10.5,0.2,12.9,33.8,40972.95
2008-04-18,14.8,7.5,11.1,4.9,13.2,32.4,11988.64
2008-04-19,21.5,4.5,12.7,0.4,18.7,51.1,31495.72
2008-04-20,20.5,7.3,14.4,1.2,9.4,19.4,45530.24
2008-04-21,24.0,8.0,16.8,0.0,16.1,33.8,44294.62
2008-04-22,18.4,8.4,13.5,0.3,16.6,42.1,45439.5
2008-04-23,17.3,5.6,11.2,7.1,16.3,29.9,35525.78
2008-04-24,14.4,7.4,10.7,6.0,11.8,35.6,35778.38
2008-04-25,14.5,4.4,9.8,0.2,7.3,26.6,45031.34
2008-04-26,14.6,5.7,10.0,5.6,13.3,37.1,43076.77
2008-04-27,15.6,3.3,9.8,0.1,14.4,36.7,46673.84
2008-04-28,16.7,4.2,10.9,0.1,15.9,39.2,46757.94
2008-04-29,17.6,4.4,11.9,0.3,8.8,22.3,46242.55
2008-04-30,18.0,9.8,13.9,0.0,9.5,25.9,45117.83
2008-05-01,19.8,6.2,14.1,0.0,9.1,19.4,46800.0
2008-05-02,17.7,7.9,13.4,1.0,17.9,43.9,46800.0
2008-05-03,17.4,6.5,12.3,2.8,17.1,43.9,46800.0
2008-05-04,16.3,6.8,11.4,2.7,10.9,38.2,46800.0
2008-05-05,15.9,7.6,11.9,6.1,6.8,25.6,41332.21
2008-05-06,15.8,7.8,11.6,5.3,8.3,27.7,12462.71
2008-05-07,15.8,6.4,11.2,8.2,10.8,28.4,32828.6
2008-05-08,18.1,4.1,12.0,0.0,13.0,31.3,45714.68
2008-05-09,17.1,6.8,12.1,0.1,15.0,42.8,46893.11
2008-05-10,16.5,5.2,11.9,0.2,10.1,27.4,46800.0
2008-05-11,16.7,8.2,12.9,0.7,9.0,22.7,46296.79
2008-05-12,18.1,5.7,13.6,0.0,4.8,16.9,47188.27
2008-05-13,19.9,6.8,14.8,0.0,7.6,20.5,47305.62
2008-05-14,20.7,11.4,16.8,0.0,6.3,19.8,46578.36
2008-05-15,21.9,7.6,15.9,0.0,8.4,16.9,47398.65
2008-05-16,24.0,8.2,16.8,0.2,8.5,24.1,46984.71
2008-05-17,26.0,10.9,18.5,1.0,8.9,28.1,42748.19
2008-05-18,27.5,11.4,19.5,0.2,14.8,35.6,41922.58
2008-05-19,27.4,14.0,20.7,0.9,14.5,34.2,44653.88
2008-05-20,26.0,13.8,20.1,0.1,16.2,42.1,47867.34
2008-05-21,23.7,12.1,18.5,0.0,9.4,27.0,47741.23
2008-05-22,19.7,12.6,15.5,10.2,10.9,28.8,23912.06
2008-05-23,20.3,11.0,15.4,4.7,6.8,25.2,44234.64
2008-05-24,21.2,11.2,16.3,3.4,6.2,28.4,47785.27
2008-05-25,24.1,10.6,18.1,0.0,9.7,25.6,48132.07
2008-05-26,25.8,14.5,20.4,0.0,12.0,31.3,46977.33
2008-05-27,30.0,13.1,22.7,0.0,7.9,18.4,49156.62
2008-05-28,32.3,14.7,24.1,0.0,11.4,25.2,49860.54
2008-05-29,25.5,15.3,20.6,0.0,16.2,36.0,48690.75
2008-05-30,28.2,12.0,19.8,0.0,13.1,34.6,43089.39
2008-05-31,25.7,13.6,20.4,1.6,12.8,30.2,47922.34
2008-06-01,25.8,14.2,20.8,0.0,9.7,24.1,49949.9
2008-06-02,24.5,16.6,20.9,0.5,13.8,31.0,49029.64
2008-06-03,25.0,14.3,19.5,0.0,18.4,42.8,43995.31
2008-06-04,25.5,13.4,19.1,5.0,6.9,21.2,44013.97
2008-06-05,22.6,14.1,18.0,7.9,4.9,18.0,40836.55
2008-06-06,22.7,13.5,17.6,9.0,8.3,21.2,31409.79
2008-06-07,19.9,13.3,16.7,5.2,14.4,36.4,36367.95
2008-06-08,20.1,13.3,16.4,3.0,10.5,27.4,36116.57
2008-06-09,22.3,12.1,17.9,0.0,11.4,31.0,50108.36
2008-06-10,24.9,13.1,20.3,0.0,6.5,17.3,49837.02
2008-06-11,27.0,12.6,20.5,0.4,8.8,20.9,44600.35
2008-06-12,24.7,14.8,19.0,9.1,7.3,21.6,33405.46
2008-06-13,23.1,13.9,17.5,8.3,13.3,29.2,32319.04
2008-06-14,18.9,13.7,15.8,0.3,13.5,29.2,7438.84
2008-06-15,19.4,12.9,16.0,0.3,9.6,25.6,36842.6
2008-06-16,22.2,13.5,17.9,0.0,7.4,24.5,48582.77
2008-06-17,28.7,11.7,20.9,0.0,11.0,29.2,50032.63
2008-06-18,27.9,16.4,21.3,1.5,12.8,36.7,46676.22
2008-06-19,23.1,15.0,19.4,1.1,13.0,30.2,48806.36
2008-06-20,25.0,13.1,20.0,0.3,10.9,27.4,51022.7
2008-06-21,27.3,13.4,21.6,0.0,10.8,26.6,51036.05
2008-06-22,29.1,14.8,23.2,0.0,7.1,21.2,51186.56
2008-06-23,31.6,15.8,25.4,0.0,6.6,19.8,51333.06
2008-06-24,31.3,16.9,25.5,0.0,6.8,20.5,51075.57
2008-06-25,30.1,18.8,25.2,0.9,11.5,24.5,50263.67
2008-06-26,31.0,18.0,25.2,0.0,9.2,21.6,50647.79
2008-06-27,30.8,19.7,25.0,6.2,10.3,28.4,46291.82
2008-06-28,26.5,19.0,22.0,2.2,14.2,32.0,32419.5
2008-06-29,27.0,15.0,21.8,0.0,10.5,27.0,50891.13
2008-06-30,28.5,16.4,23.2,0.0,6.3,18.0,50879.84
2008-07-01,26.7,17.3,22.8,0.3,12.7,29.9,49651.66
2008-07-02,28.8,16.2,22.9,0.0,9.7,23.8,50717.73
2008-07-03,28.8,17.1,23.5,0.0,6.3,17.6,50700.3
2008-07-04,26.9,16.8,22.6,3.9,13.6,39.6,36783.81
2008-07-05,24.1,17.6,20.6,2.5,13.7,31.7,28926.83
2008-07-06,26.0,14.2,20.4,0.0,13.3,29.2,50382.73
2008-07-07,33.2,13.8,24.2,0.0,15.0,34.2,50076.97
2008-07-08,26.3,17.1,22.1,7.6,15.0,34.9,45289.21
2008-07-09,25.0,15.7,20.1,2.3,13.8,35.3,49828.51
2008-07-10,25.3,15.9,20.7,0.0,12.3,25.6,46521.47
2008-07-11,27.7,15.5,22.2,0.0,7.6,18.7,50008.75
2008-07-12,31.2,16.0,24.5,0.0,11.2,28.8,49494.74
2008-07-13,33.1,18.5,26.3,0.0,15.3,36.4,49151.52
2008-07-14,35.4,19.7,27.4,1.7,22.9,51.5,49503.14
2008-07-15,21.3,15.9,18.7,6.2,23.9,57.2,43104.09
2008-07-16,22.6,14.7,18.4,1.7,19.3,48.6,37974.64
2008-07-17,26.2,14.5,20.8,0.0,8.6,21.2,49386.15
2008-07-18,27.6,15.3,22.3,0.2,12.3,32.0,46330.76
2008-07-19,24.9,17.3,20.8,0.5,10.5,27.0,29766.13
2008-07-20,29.3,15.8,23.2,0.0,8.8,19.8,49265.06
2008-07-21,29.1,17.0,23.4,0.3,18.2,33.5,47836.05
2008-07-22,19.5,13.0,16.3,12.6,17.1,37.1,6687.05
2008-07-23,18.6,12.2,14.4,5.8,13.9,37.1,33774.04
2008-07-24,19.7,11.7,15.3,3.2,8.2,28.1,35974.25
2008-07-25,21.7,11.6,16.5,11.9,12.0,31.3,39276.27
2008-07-26,22.0,15.6,18.2,12.1,15.0,33.8,18821.69
2008-07-27,23.8,16.8,19.4,5.4,12.3,31.7,20425.67
2008-07-28,25.1,15.4,20.3,3.9,8.9,23.8,47035.16
2008-07-29,26.2,14.8,21.2,0.4,6.5,18.7,46317.52
2008-07-30,26.9,15.4,22.3,0.0,6.6,17.6,48236.57
2008-07-31,28.4,16.8,23.5,0.2,7.4,19.4,47442.02
2008-08-01,28.5,18.9,23.7,0.0,11.5,28.8,47564.24
2008-08-02,29.4,18.3,23.7,0.0,12.5,30.2,47556.32
2008-08-03,29.5,18.5,24.0,0.0,8.0,18.4,47308.66
2008-08-04,29.4,18.4,24.0,0.0,7.7,15.1,47652.12
2008-08-05,29.1,16.6,23.8,0.1,11.4,27.7,46964.75
2008-08-06,26.1,18.2,22.5,0.0,10.5,25.6,47186.28
2008-08-07,28.1,18.0,23.5,0.0,6.9,20.5,47049.88
2008-08-08,30.4,17.9,24.7,0.4,10.0,25.6,46121.8
2008-08-09,24.0,17.0,20.6,0.9,16.3,38.5,35942.53
2008-08-10,22.8,15.4,18.9,0.1,13.8,34.9,46167.41
2008-08-11,25.5,13.0,19.7,0.0,7.6,19.4,46701.96
2008-08-12,30.6,14.1,23.2,0.0,10.1,22.3,46635.97
2008-08-13,32.8,15.9,25.2,0.0,9.8,18.0,46495.14
2008-08-14,33.5,19.1,26.9,0.0,10.9,24.5,46364.44
2008-08-15,35.0,18.9,27.6,0.0,18.8,38.9,46263.62
2008-08-16,29.6,19.8,25.3,0.0,17.3,34.6,46199.14
2008-08-17,24.4,17.9,21.0,0.0,14.8,29.5,41654.72
2008-08-18,25.4,15.3,20.7,0.0,13.1,32.8,45378.12
2008-08-19,26.7,13.4,21.1,0.0,7.0,19.1,46005.11
2008-08-20,32.0,14.0,24.1,0.0,11.3,28.4,45940.35
2008-08-21,29.7,16.9,23.7,0.0,10.7,27.4,45875.59
2008-08-22,32.2,18.0,25.7,0.0,11.2,28.8,45801.58
2008-08-23,32.0,18.2,25.8,0.0,8.5,20.5,45642.23
2008-08-24,25.1,18.0,21.1,0.1,21.3,46.1,43561.02
2008-08-25,23.8,14.7,19.4,0.0,10.6,23.4,44536.64
2008-08-26,25.4,13.3,19.6,0.0,11.2,28.1,45157.33
2008-08-27,27.0,14.6,21.2,0.1,7.6,21.2,44025.95
2008-08-28,27.0,17.4,21.5,9.4,8.1,33.5,37643.27
2008-08-29,21.5,16.8,19.0,16.5,12.3,31.3,34844.43
2008-08-30,21.6,15.2,18.3,0.4,18.7,45.0,40876.05
2008-08-31,21.1,11.2,16.3,0.0,8.3,21.6,42768.73
2008-09-01,25.2,12.7,19.2,0.0,11.1,27.7,43551.27
2008-09-02,25.6,15.4,20.6,0.0,9.1,24.5,41986.27
2008-09-03,27.1,13.9,20.9,0.0,7.6,18.4,42586.29
2008-09-04,29.1,14.9,22.2,0.0,10.2,19.4,42974.25
2008-09-05,30.2,14.6,23.0,0.0,9.2,16.6,42610.66
2008-09-06,31.7,14.6,23.2,0.0,10.8,19.4,42520.18
2008-09-07,33.5,15.7,24.9,0.0,10.4,27.7,41298.76
2008-09-08,30.7,16.9,23.5,0.0,17.5,43.2,41039.98
2008-09-09,24.7,17.2,20.5,0.0,13.1,31.0,41109.09
2008-09-10,25.3,13.1,19.5,0.0,7.8,18.4,41382.39
2008-09-11,26.7,13.2,20.8,0.0,8.0,18.0,40899.86
2008-09-12,30.3,13.2,21.6,1.3,11.2,34.9,38765.01
2008-09-13,23.2,13.7,18.9,6.7,15.3,32.0,31941.96
2008-09-14,13.0,9.9,11.8,18.9,11.2,25.2,0.0
2008-09-15,12.2,9.5,10.8,27.7,11.2,28.4,0.0
2008-09-16,11.5,9.7,10.6,2.9,11.9,28.4,0.0
2008-09-17,11.0,8.2,9.3,0.4,17.8,41.8,3913.76
2008-09-18,12.0,8.1,9.8,0.0,17.7,38.5,22326.42
2008-09-19,13.3,8.1,10.3,0.0,15.0,34.2,32023.12
2008-09-20,11.4,7.9,8.9,5.6,15.3,35.6,6588.76
2008-09-21,10.0,7.8,8.9,3.8,12.5,27.7,0.0
2008-09-22,12.6,8.7,10.2,1.2,6.1,16.2,10482.41
2008-09-23,14.5,7.6,11.0,2.3,6.4,20.2,38358.84
2008-09-24,16.0,5.9,11.0,0.0,8.1,16.9,39600.0
2008-09-25,13.2,7.3,10.2,8.6,10.1,25.9,3195.66
2008-09-26,10.9,9.2,10.2,18.3,11.2,28.1,0.0
2008-09-27,13.1,8.5,10.3,2.5,8.9,23.4,21412.41
2008-09-28,13.9,6.2,10.2,0.6,7.9,19.8,29075.64
2008-09-29,14.0,5.0,9.9,0.1,7.2,19.4,36700.09
2008-09-30,17.9,3.6,10.6,0.0,8.3,17.3,38975.15
2008-10-01,20.3,4.5,12.1,0.0,9.0,25.9,38792.97
2008-10-02,21.3,7.4,13.9,0.0,9.4,25.2,31304.37
2008-10-03,21.6,8.2,14.7,0.0,8.8,20.9,38430.25
2008-10-04,20.7,8.3,12.0,19.4,21.6,45.0,15951.22
2008-10-05,9.8,7.3,8.3,5.4,25.9,56.9,1052.82
2008-10-06,16.7,3.2,10.6,0.0,18.3,43.2,26202.33
2008-10-07,19.1,6.6,13.1,0.0,10.4,28.8,37697.07
2008-10-08,19.1,6.9,13.4,0.0,6.9,18.0,36991.28
2008-10-09,19.5,6.4,13.5,0.3,7.9,16.6,36807.23
2008-10-10,18.5,8.3,12.9,0.8,8.7,21.2,34668.77
2008-10-11,18.6,7.6,12.6,0.0,9.2,23.0,36291.6
2008-10-12,19.0,7.2,13.3,0.0,6.5,16.9,36563.51
2008-10-13,19.4,6.5,13.6,0.0,6.1,17.3,36209.0
2008-10-14,18.1,7.0,13.1,0.0,6.8,11.2,35675.76
2008-10-15,19.0,7.2,13.1,0.0,7.4,21.2,35548.53
2008-10-16,22.1,6.5,13.6,0.0,8.7,22.7,35448.19
2008-10-17,18.6,7.7,11.1,0.2,21.7,45.0,20861.37
2008-10-18,12.7,7.2,9.6,0.0,8.9,17.6,34367.17
2008-10-19,17.7,4.2,11.0,0.0,7.6,15.5,34790.07
2008-10-20,18.6,5.8,12.3,0.0,7.9,14.8,34345.93
2008-10-21,19.1,7.5,12.9,0.0,6.9,17.6,33360.96
2008-10-22,18.5,7.0,12.1,0.0,11.9,27.4,34219.07
2008-10-23,18.2,5.9,11.8,0.0,9.4,21.6,33957.38
2008-10-24,12.4,9.3,10.8,0.0,9.2,20.2,415.62
2008-10-25,12.3,6.8,9.6,2.0,9.0,22.0,7145.11
2008-10-26,11.7,7.5,9.5,0.0,8.0,15.8,10660.06
2008-10-27,13.8,4.4,8.5,0.0,9.0,23.8,32400.0
2008-10-28,17.2,2.9,9.4,0.0,12.3,27.4,33020.12
2008-10-29,19.8,6.6,12.6,0.4,16.6,36.7,32693.13
2008-10-30,21.0,10.6,15.3,4.1,21.0,45.4,32310.07
2008-10-31,19.5,6.0,12.7,0.0,10.7,26.6,32603.52
2008-11-01,22.6,10.9,16.4,0.8,20.6,44.6,28534.45
2008-11-02,20.5,10.3,15.4,0.0,7.1,19.4,32067.7
2008-11-03,20.6,8.4,14.2,0.0,10.0,22.7,32066.87
2008-11-04,19.6,8.6,13.1,0.0,11.4,27.4,31910.08
2008-11-05,19.9,10.9,14.1,0.0,9.5,22.3,23638.5
2008-11-06,20.2,8.1,13.2,0.1,9.3,20.9,31705.08
2008-11-07,15.9,9.4,12.0,0.0,22.7,47.2,31625.21
2008-11-08,15.3,9.2,11.2,0.0,17.8,40.7,23568.57
2008-11-09,12.8,5.9,9.1,0.0,12.7,28.4,31471.63
2008-11-10,11.8,3.9,7.4,0.0,9.7,21.6,30665.79
2008-11-11,11.7,3.1,6.5,0.0,12.0,29.2,31327.21
2008-11-12,12.8,1.8,6.4,0.0,7.5,15.5,31258.57
2008-11-13,13.3,2.3,7.0,0.0,8.4,21.6,31191.56
2008-11-14,9.6,2.5,5.6,0.0,6.3,15.5,13190.63
2008-11-15,10.5,4.4,6.9,0.0,5.0,16.6,26644.91
2008-11-16,10.5,2.9,6.3,0.0,5.2,12.2,29064.41
2008-11-17,7.1,2.9,5.0,2.2,17.8,37.8,886.88
2008-11-18,5.6,-1.1,2.3,0.0,10.0,23.0,10642.46
2008-11-19,7.4,0.1,3.2,0.0,9.2,21.6,29615.44
2008-11-20,10.5,-2.3,2.9,0.0,9.7,23.4,30185.96
2008-11-21,12.0,-0.2,5.5,0.0,10.3,27.7,26081.66
2008-11-22,7.4,-2.6,1.4,17.3,25.2,65.9,18908.95
2008-11-23,2.9,-5.4,-1.6,0.0,15.8,42.1,29786.31
2008-11-24,3.5,-7.3,-1.6,0.0,17.8,39.6,29119.18
2008-11-25,11.1,1.0,5.0,5.9,19.4,43.2,21561.82
2008-11-26,1.8,-2.6,0.1,9.9,16.1,35.6,19978.5
2008-11-27,1.6,-3.1,-1.0,0.0,9.4,16.9,25732.79
2008-11-28,4.2,-4.1,-0.8,0.5,16.7,39.6,29188.61
2008-11-29,8.5,0.7,3.7,3.5,20.0,45.7,28355.4
2008-11-30,12.2,-0.0,5.6,0.0,14.5,34.6,24255.03
2008-12-01,13.4,3.5,8.3,0.0,24.0,54.7,28791.96
2008-12-02,13.1,1.8,7.6,0.0,8.4,21.6,25805.54
2008-12-03,9.3,4.3,6.5,13.7,10.8,26.3,0.0
2008-12-04,10.8,6.3,8.0,7.4,13.0,37.8,4943.65
2008-12-05,13.2,4.9,9.8,0.0,19.7,43.9,22562.42
2008-12-06,13.6,5.1,10.0,0.0,17.6,41.4,26177.79
2008-12-07,6.0,1.7,3.9,5.2,20.0,44.6,9415.13
2008-12-08,3.4,1.3,2.4,2.6,20.5,45.0,11929.79
2008-12-09,5.8,-2.2,1.2,0.9,8.4,24.8,25608.35
2008-12-10,5.8,-3.7,0.1,0.0,11.0,25.9,23410.38
2008-12-11,8.7,-0.1,3.9,0.5,19.5,43.2,20690.06
2008-12-12,6.0,2.1,4.1,2.6,21.6,49.0,847.65
2008-12-13,5.9,3.7,4.8,7.3,18.7,40.7,170.08
2008-12-14,7.1,1.0,3.8,0.0,16.0,37.8,13272.29
2008-12-15,7.4,3.8,5.3,0.0,20.1,46.1,1482.19
2008-12-16,7.8,3.9,5.2,0.4,17.6,37.1,8335.71
2008-12-17,10.9,4.4,6.6,6.5,20.2,44.3,18000.0
2008-12-18,7.6,2.4,5.7,3.1,13.9,49.0,372.82
2008-12-19,5.1,0.3,3.3,2.0,8.9,19.4,0.0
2008-12-20,2.8,1.8,2.4,5.6,20.8,46.1,0.0
2008-12-21,3.9,0.7,2.0,8.2,20.7,52.6,6871.02
2008-12-22,4.0,0.4,1.8,0.4,14.6,34.2,25293.92
2008-12-23,4.6,1.1,3.6,5.8,23.8,58.3,20942.86
2008-12-24,1.7,-2.8,-0.7,4.4,21.4,50.4,27364.43
2008-12-25,0.5,-3.2,-1.6,7.0,13.8,31.3,0.0
2008-12-26,-1.8,-6.0,-3.6,0.1,9.0,19.8,10047.87
2008-12-27,-1.8,-7.0,-4.6,0.0,9.4,22.3,22175.76
2008-12-28,-3.1,-8.4,-5.9,0.0,10.5,27.0,27260.12
2008-12-29,-4.2,-7.9,-6.0,0.0,8.7,20.5,23413.74
2008-12-30,-2.5,-6.9,-5.1,0.0,4.1,14.4,27361.5
2008-12-31,-1.4,-6.8,-4.6,0.0,4.4,14.8,27500.79
2009-01-01,2.0,-8.1,-3.7,0.6,6.6,14.4,14519.56
2009-01-02,-1.8,-5.0,-3.7,0.3,13.3,31.0,11519.32
2009-01-03,-3.6,-7.3,-5.1,0.0,13.6,31.7,12325.83
2009-01-04,-2.9,-7.6,-5.4,0.9,8.6,22.3,11769.3
2009-01-05,-1.2,-6.6,-4.6,0.0,6.9,18.4,27978.13
2009-01-06,-2.3,-9.0,-5.9,0.0,8.6,24.1,27787.25
2009-01-07,0.7,-8.2,-4.5,0.0,8.4,22.3,28205.04
2009-01-08,-3.7,-6.9,-5.1,3.7,15.1,32.8,0.0
2009-01-09,-1.6,-7.3,-5.1,0.0,11.0,29.2,28174.24
2009-01-10,-3.5,-10.6,-7.6,0.0,7.4,19.4,25405.56
2009-01-11,-2.3,-9.1,-6.4,0.0,7.1,18.4,28137.31
2009-01-12,0.7,-10.5,-5.8,0.0,7.6,23.0,28591.42
2009-01-13,2.7,-8.2,-3.1,1.4,8.9,23.8,19076.85
2009-01-14,7.0,-1.1,2.1,4.5,12.4,30.6,20139.08
2009-01-15,2.2,-2.2,-0.3,1.5,7.2,19.8,20251.0
2009-01-16,3.1,-1.5,0.3,0.1,15.1,35.6,23592.84
2009-01-17,2.3,-1.3,0.2,0.0,11.9,28.4,27149.03
2009-01-18,6.5,-4.0,-0.2,0.0,10.2,20.2,28686.88
2009-01-19,7.2,-2.8,1.3,1.8,8.6,19.8,18244.69
2009-01-20,11.6,-1.9,3.4,0.0,14.3,34.9,29766.76
2009-01-21,8.2,-0.1,4.0,3.9,16.0,35.3,2460.79
2009-01-22,13.7,3.1,7.3,3.1,12.5,34.6,27596.34
2009-01-23,7.2,2.8,4.7,2.7,9.0,23.4,0.0
2009-01-24,4.6,1.4,3.3,7.3,9.5,20.9,0.0
2009-01-25,3.3,-0.4,1.7,10.0,11.0,28.1,0.0
2009-01-26,8.0,-0.1,3.8,0.0,8.0,17.6,30165.39
2009-01-27,7.8,-1.6,3.3,4.7,15.6,35.3,0.0
2009-01-28,3.8,0.8,2.1,13.1,18.5,34.9,0.0
2009-01-29,3.4,-0.3,1.3,4.5,12.0,29.9,661.77
2009-01-30,2.5,-0.6,0.6,2.1,12.0,27.4,84.38
2009-01-31,1.2,-1.3,-0.1,1.6,9.7,22.3,8116.03
2009-02-01,7.7,-2.5,0.9,0.0,16.8,34.9,28479.74
2009-02-02,7.3,-1.1,2.1,0.0,18.9,43.6,31021.57
2009-02-03,7.4,1.7,4.1,1.4,17.6,40.3,3501.82
2009-02-04,11.2,3.3,6.4,3.9,15.5,42.1,7020.31
2009-02-05,14.0,-1.2,5.8,0.0,9.7,24.5,31864.96
2009-02-06,13.6,-2.0,5.3,0.0,11.8,26.6,32070.94
2009-02-07,12.5,-0.2,6.5,0.0,15.1,35.3,14156.77
2009-02-08,13.3,3.3,8.6,2.9,15.5,41.4,25966.56
2009-02-09,3.7,0.8,2.5,1.8,21.8,46.4,1167.48
2009-02-10,8.9,-2.4,3.0,0.0,14.6,32.4,24754.13
2009-02-11,8.1,-0.5,3.6,10.2,20.3,42.8,21792.88
2009-02-12,0.5,-1.6,-0.8,19.1,25.8,52.2,0.0
2009-02-13,-1.2,-8.9,-3.1,1.4,22.8,47.5,15165.35
2009-02-14,-0.3,-10.0,-4.6,1.0,13.8,28.4,16626.96
2009-02-15,0.1,-4.3,-2.1,4.5,20.9,45.7,8592.12
2009-02-16,-1.3,-6.8,-3.6,1.0,16.6,37.8,23524.31
2009-02-17,4.4,-7.6,-1.7,0.3,11.7,25.2,25195.54
2009-02-18,-0.4,-4.6,-2.5,10.1,16.5,35.3,0.0
2009-02-19,-2.7,-5.3,-4.2,20.2,24.0,51.5,0.0
2009-02-20,-2.4,-7.1,-4.7,1.1,23.4,50.0,26293.71
2009-02-21,0.5,-7.5,-3.8,1.8,9.7,20.2,13845.76
2009-02-22,-1.5,-6.4,-4.3,1.4,14.0,31.7,18971.2
2009-02-23,-0.8,-17.7,-8.0,0.0,7.1,15.5,32295.42
2009-02-24,2.6,-7.6,-3.1,0.0,8.3,12.6,34061.7
2009-02-25,1.4,-11.5,-4.6,0.0,11.8,21.6,35438.95
2009-02-26,2.3,-6.1,-1.9,0.0,8.4,20.2,21130.81
2009-02-27,5.0,-5.2,-0.2,2.4,11.6,32.8,25758.06
2009-02-28,6.3,-3.7,0.8,0.1,13.7,28.8,13076.42
2009-03-01,14.3,-3.2,4.3,0.0,9.0,21.2,36099.2
2009-03-02,12.0,-1.4,4.2,0.0,8.7,19.1,22722.42
2009-03-03,11.3,0.4,5.5,2.1,6.8,18.0,28892.3
2009-03-04,9.8,-0.8,4.7,2.4,16.8,35.6,7997.4
2009-03-05,12.0,5.9,8.0,2.8,28.4,70.2,19061.37
2009-03-06,13.4,3.3,8.6,3.5,13.5,32.8,26423.55
2009-03-07,6.7,3.9,5.2,11.0,17.4,39.6,2160.27
2009-03-08,4.8,2.1,3.6,5.3,23.5,52.6,0.0
2009-03-09,13.9,-2.1,5.3,2.3,18.2,39.6,36485.95
2009-03-10,7.9,0.0,3.7,6.0,27.2,62.6,29567.48
2009-03-11,9.7,-3.1,3.0,1.8,10.5,28.4,12592.83
2009-03-12,7.0,-0.1,3.2,2.7,17.8,40.3,21640.23
2009-03-13,7.9,-2.4,2.6,3.0,22.1,49.7,21134.02
2009-03-14,7.5,0.6,4.1,3.2,20.5,51.5,34315.58
2009-03-15,10.6,-2.1,4.6,0.0,7.9,15.5,37752.7
2009-03-16,8.3,3.5,5.3,3.3,17.7,40.7,9431.32
2009-03-17,7.2,2.0,4.5,2.4,17.3,37.8,25954.05
2009-03-18,6.1,0.8,3.0,9.6,23.7,57.6,31718.2
2009-03-19,6.6,-2.2,1.8,0.6,15.8,48.6,39343.33
2009-03-20,5.0,-2.9,1.0,0.5,11.0,29.2,22443.36
2009-03-21,1.8,-0.0,0.7,13.9,23.4,50.8,0.0
2009-03-22,7.3,-1.0,2.5,0.3,18.0,42.1,34586.97
2009-03-23,8.7,1.0,4.5,2.8,23.4,52.9,23535.4
2009-03-24,13.7,-0.7,4.8,2.7,17.7,44.6,22798.51
2009-03-25,5.0,-2.6,1.6,3.9,20.5,53.3,38333.1
2009-03-26,8.1,-3.1,2.6,0.0,6.8,20.5,39600.0
2009-03-27,13.0,-2.8,5.0,0.0,9.0,24.1,37643.74
2009-03-28,16.5,-1.9,7.7,0.0,13.7,32.4,39955.96
2009-03-29,13.0,3.8,9.2,2.1,17.1,38.5,7678.8
2009-03-30,20.2,8.3,13.8,0.3,13.7,32.4,37029.88
2009-03-31,14.8,10.1,11.9,3.5,9.2,19.1,199.8
2009-04-01,19.1,7.6,12.8,0.8,10.0,26.3,33313.2
2009-04-02,17.3,8.7,12.1,0.0,17.0,36.0,19910.38
2009-04-03,17.0,8.9,12.3,0.0,18.3,41.4,39671.08
2009-04-04,19.3,6.5,13.3,0.0,9.4,25.6,42168.87
2009-04-05,20.2,5.5,13.6,0.0,11.2,23.4,42649.03
2009-04-06,19.3,9.2,14.6,0.0,12.6,32.4,42954.32
2009-04-07,18.7,6.0,13.0,0.1,11.2,19.8,42937.39
2009-04-08,19.6,4.9,13.5,0.0,9.9,23.4,43497.51
2009-04-09,20.7,3.8,13.6,0.0,7.1,14.4,43846.41
2009-04-10,20.6,5.8,13.5,0.0,11.3,22.3,44082.07
2009-04-11,20.2,5.8,13.5,0.0,13.5,33.1,44335.64
2009-04-12,18.6,6.1,12.6,0.0,21.1,45.7,44508.19
2009-04-13,11.7,7.2,9.3,0.9,21.6,58.3,28978.83
2009-04-14,12.8,5.9,9.2,0.9,10.8,27.4,26034.93
2009-04-15,16.2,5.9,10.8,0.0,11.3,26.3,42971.73
2009-04-16,20.3,5.2,13.3,0.0,9.4,20.9,45187.55
2009-04-17,21.9,6.9,14.1,3.1,12.0,32.4,42483.37
2009-04-18,19.5,5.8,13.9,0.0,8.2,21.2,41273.05
2009-04-19,20.3,7.4,13.9,3.9,11.4,29.9,33238.46
2009-04-20,18.8,8.0,13.4,4.5,10.2,28.1,31923.84
2009-04-21,20.9,8.6,14.6,3.3,16.1,39.6,31614.57
2009-04-22,13.6,7.6,11.4,6.2,22.7,51.1,29715.39
2009-04-23,14.7,3.7,9.4,0.0,13.4,34.6,46296.98
2009-04-24,17.9,6.0,11.7,0.0,9.2,23.0,46386.39
2009-04-25,17.2,4.5,11.4,0.0,11.5,31.7,46475.1
2009-04-26,14.1,5.7,9.8,0.0,20.2,43.6,46563.03
2009-04-27,17.6,4.5,11.6,0.0,22.6,52.6,46650.09
2009-04-28,14.7,7.5,11.2,3.8,27.0,57.2,26461.78
2009-04-29,17.8,5.5,12.1,0.5,9.9,30.6,45729.13
2009-04-30,15.5,8.1,11.4,11.5,8.4,20.5,26878.48
2009-05-01,17.6,6.5,11.7,8.1,14.4,40.7,31754.34
2009-05-02,16.0,5.5,10.8,0.0,14.2,37.4,46800.0
2009-05-03,17.2,4.1,11.3,0.0,7.4,18.7,46800.0
2009-05-04,18.1,6.1,12.8,6.9,11.9,27.4,45600.56
2009-05-05,17.3,7.2,12.0,4.6,18.3,39.2,40285.87
2009-05-06,16.1,8.1,12.2,0.0,15.0,36.0,28153.42
2009-05-07,18.7,8.4,13.3,0.3,21.9,47.9,39994.32
2009-05-08,21.4,6.8,15.3,0.0,7.6,21.6,46800.0
2009-05-09,23.6,8.4,18.1,0.0,6.2,13.7,46802.79
2009-05-10,24.9,9.7,18.9,0.0,6.7,17.3,46985.27
2009-05-11,25.8,10.2,19.0,0.8,6.6,15.1,46800.0
2009-05-12,25.4,12.2,19.1,0.7,13.9,32.4,46878.74
2009-05-13,19.4,12.4,16.1,6.6,12.5,34.6,39972.72
2009-05-14,24.6,11.3,17.8,0.8,8.8,28.1,46532.73
2009-05-15,26.6,11.1,19.7,0.0,8.8,32.0,45101.7
2009-05-16,26.5,11.7,20.2,0.0,8.3,18.4,46849.26
2009-05-17,26.5,13.1,20.3,0.0,11.6,25.6,47158.35
2009-05-18,26.4,15.7,20.8,1.1,14.3,37.1,47012.17
2009-05-19,26.8,14.3,20.7,0.0,11.9,30.6,44945.0
2009-05-20,25.4,15.1,20.1,12.6,11.5,31.3,37500.75
2009-05-21,24.0,14.1,19.4,0.1,7.9,22.7,47332.22
2009-05-22,29.0,12.2,21.4,0.0,8.8,23.0,46973.92
2009-05-23,26.2,15.9,21.1,0.0,9.7,25.2,48421.25
2009-05-24,23.7,15.4,19.5,0.6,13.5,37.1,44303.38
2009-05-25,25.4,14.7,20.4,2.7,11.6,32.4,45779.49
2009-05-26,26.5,14.5,21.0,0.1,10.8,18.4,48975.7
2009-05-27,27.4,14.2,20.4,5.1,11.7,27.7,40658.32
2009-05-28,17.8,13.5,15.6,4.7,15.3,38.2,1533.55
2009-05-29,15.9,10.0,12.7,0.7,20.8,44.3,35742.69
2009-05-30,14.1,8.6,11.2,5.9,6.9,20.2,38862.18
2009-05-31,20.3,7.4,13.9,0.4,9.4,19.1,45998.69
2009-06-01,23.5,11.2,17.2,4.1,8.7,24.8,32110.9
2009-06-02,16.3,12.6,14.4,15.1,13.1,30.6,327.17
2009-06-03,20.2,11.7,15.6,3.6,14.8,36.0,45134.89
2009-06-04,21.7,8.5,15.1,3.9,11.1,35.3,43871.39
2009-06-05,25.1,7.8,16.8,0.0,9.5,36.4,47316.93
2009-06-06,29.5,12.0,20.9,0.0,16.0,33.1,50347.07
2009-06-07,30.5,14.4,22.3,0.0,15.5,27.7,46607.83
2009-06-08,26.6,15.4,21.4,0.0,9.0,18.7,46639.66
2009-06-09,30.1,15.4,23.8,0.0,8.4,19.8,50892.36
2009-06-10,28.6,16.5,23.6,0.0,9.7,24.8,49830.82
2009-06-11,26.2,17.1,21.7,3.8,14.2,40.0,49563.93
2009-06-12,22.0,15.0,18.4,2.1,17.3,40.7,49594.11
2009-06-13,20.4,12.8,17.2,0.5,11.7,34.6,50591.39
2009-06-14,24.5,10.4,19.2,0.0,10.3,26.3,50884.73
2009-06-15,29.5,12.4,21.9,0.0,9.1,24.1,48944.72
2009-06-16,32.5,14.2,24.5,0.0,7.9,18.7,51389.49
2009-06-17,22.6,18.3,20.4,0.4,17.4,40.0,28970.5
2009-06-18,26.1,16.5,21.5,0.0,8.2,23.0,49324.73
2009-06-19,29.7,16.2,24.0,0.0,12.7,32.4,51152.07
2009-06-20,30.0,17.7,24.0,0.5,17.5,37.1,48206.84
2009-06-21,18.7,13.8,16.2,4.1,18.4,38.5,0.0
2009-06-22,19.0,13.3,15.5,7.2,10.9,25.6,11657.21
2009-06-23,21.8,13.7,17.3,0.3,9.5,24.1,28800.0
2009-06-24,20.5,13.2,17.0,16.5,10.5,27.7,26290.63
2009-06-25,19.6,14.4,16.1,22.7,10.5,28.1,15375.94
2009-06-26,21.3,13.0,17.2,4.9,6.0,22.0,41956.79
2009-06-27,22.1,12.6,17.7,6.2,6.6,19.8,40743.42
2009-06-28,23.6,12.7,18.4,4.2,5.6,16.9,38066.39
2009-06-29,23.8,14.5,19.0,3.7,8.0,21.6,38736.32
2009-06-30,23.5,15.4,19.2,13.9,8.9,22.7,36331.68
2009-07-01,24.7,14.5,19.9,9.8,8.5,23.0,40171.69
2009-07-02,25.5,15.8,20.6,6.6,8.4,23.4,41827.27
2009-07-03,24.9,15.8,20.1,10.2,9.5,24.8,40357.19
2009-07-04,23.8,16.1,19.5,26.3,11.5,32.0,42158.31
2009-07-05,26.2,16.1,21.4,2.7,10.0,27.0,48617.49
2009-07-06,26.1,16.7,21.5,4.4,6.6,19.8,48901.3
2009-07-07,25.3,16.2,20.8,6.7,5.8,25.6,44656.27
2009-07-08,28.4,15.4,21.9,2.3,13.3,31.0,48897.85
2009-07-09,23.2,17.0,19.8,0.0,10.0,24.8,48133.67
2009-07-10,25.1,15.6,20.5,0.0,8.7,17.6,49686.57
2009-07-11,17.9,14.6,15.7,10.6,14.8,35.6,0.0
2009-07-12,21.8,14.0,17.5,0.0,22.4,55.1,48421.82
2009-07-13,24.5,11.9,19.3,0.0,13.4,32.0,46676.98
2009-07-14,28.7,13.9,22.3,0.0,6.7,15.5,49804.17
2009-07-15,30.8,18.3,25.6,0.0,4.7,14.8,49661.81
2009-07-16,30.8,18.3,25.2,1.8,14.0,29.2,48267.61
2009-07-17,28.9,19.6,24.4,0.8,7.2,17.6,49393.02
2009-07-18,32.7,18.4,25.7,0.3,24.0,52.6,49280.21
2009-07-19,21.1,15.4,18.8,0.8,17.1,39.6,36600.24
2009-07-20,24.0,12.7,19.1,0.0,10.9,27.7,49272.89
2009-07-21,26.9,13.2,21.3,0.0,6.2,16.6,48845.27
2009-07-22,29.9,14.6,23.4,0.0,10.7,20.9,49185.61
2009-07-23,33.9,15.6,25.3,0.0,9.0,16.2,49138.59
2009-07-24,33.7,18.2,26.5,0.0,8.9,20.2,49054.98
2009-07-25,29.9,18.4,24.9,0.0,20.9,47.9,48612.05
2009-07-26,24.3,17.5,20.6,0.0,16.6,38.9,48942.8
2009-07-27,25.0,13.3,19.6,0.0,6.2,18.7,48856.89
2009-07-28,29.1,14.9,22.6,0.0,8.8,21.2,48824.16
2009-07-29,28.2,16.4,22.9,0.0,12.4,29.2,47989.77
2009-07-30,28.0,17.3,23.6,0.1,6.8,16.6,48109.97
2009-07-31,29.5,16.4,24.0,0.0,12.3,32.8,47442.97
2009-08-01,30.7,18.2,24.7,0.1,9.1,22.7,44892.49
2009-08-02,32.3,18.9,26.3,0.0,13.0,31.0,47064.33
2009-08-03,32.6,18.8,26.7,0.0,9.9,18.7,47910.36
2009-08-04,31.4,18.2,24.2,2.1,8.6,37.8,41571.92
2009-08-05,24.4,17.8,20.5,6.6,10.7,29.5,31689.9
2009-08-06,22.9,16.8,19.6,6.2,8.8,22.0,29003.41
2009-08-07,23.9,17.3,20.1,10.5,7.7,24.1,28446.59
2009-08-08,23.7,17.0,20.1,2.0,7.1,15.1,33343.92
2009-08-09,25.7,17.5,21.4,1.0,7.6,23.0,45997.74
2009-08-10,26.7,17.2,21.9,0.0,7.8,20.2,46597.14
2009-08-11,23.3,15.8,19.8,16.2,7.5,18.4,30038.22
2009-08-12,23.5,16.4,19.3,2.6,13.4,31.7,29857.88
2009-08-13,25.6,14.7,20.8,0.0,6.0,18.7,46432.66
2009-08-14,27.6,15.3,21.8,2.4,13.7,30.6,43175.7
2009-08-15,24.6,17.3,20.7,0.7,10.4,26.6,44218.44
2009-08-16,26.1,15.1,21.3,0.0,6.9,14.4,46211.29
2009-08-17,27.2,18.1,22.8,0.0,6.8,15.8,46147.21
2009-08-18,28.4,17.8,23.5,0.0,10.0,24.1,46083.2
2009-08-19,28.2,16.9,22.6,0.0,14.8,32.4,46019.31
2009-08-20,27.3,14.5,21.5,0.0,9.0,21.2,45955.29
2009-08-21,28.5,18.1,23.3,0.0,8.6,21.6,45891.04
2009-08-22,28.9,17.7,23.8,0.0,8.7,20.5,45826.57
2009-08-23,26.3,15.6,21.2,2.9,15.4,34.9,42513.8
2009-08-24,21.9,16.8,18.7,3.4,10.3,20.5,28727.9
2009-08-25,26.8,13.6,20.4,0.0,12.0,30.6,43362.25
2009-08-26,29.5,15.2,22.6,0.0,11.8,28.4,45194.19
2009-08-27,30.2,16.9,24.4,0.0,9.0,16.6,45027.78
2009-08-28,30.5,17.4,24.7,4.2,6.0,18.0,44638.74
2009-08-29,30.3,17.3,24.6,0.0,16.5,37.1,44671.15
2009-08-30,22.1,14.7,17.8,3.1,21.3,45.0,0.0
2009-08-31,24.4,14.7,19.6,0.0,9.7,25.6,39009.26
2009-09-01,25.6,15.3,20.4,0.0,9.5,22.3,43749.25
2009-09-02,28.4,14.8,21.9,0.0,10.3,25.6,43626.14
2009-09-03,29.4,15.7,23.4,0.0,7.4,16.2,43246.47
2009-09-04,31.8,16.0,24.6,0.0,8.9,23.8,41751.03
2009-09-05,21.7,13.9,18.8,4.5,22.9,52.2,26083.64
2009-09-06,19.9,13.8,16.7,0.4,17.0,40.3,25360.16
2009-09-07,19.1,13.6,16.2,0.4,11.4,28.1,35624.6
2009-09-08,20.1,10.4,15.3,0.0,11.6,31.3,32673.25
2009-09-09,21.8,14.3,17.7,0.0,10.5,31.7,38543.75
2009-09-10,23.4,15.7,19.7,0.7,8.6,23.0,39778.11
2009-09-11,24.0,14.1,19.5,0.3,13.9,29.5,34313.97
2009-09-12,24.3,13.9,18.6,0.1,10.0,27.7,28341.03
2009-09-13,22.6,14.4,18.2,0.0,6.6,19.4,36186.42
2009-09-14,24.1,13.1,18.7,0.0,11.6,28.4,39471.65
2009-09-15,25.5,12.4,19.0,0.2,10.0,26.6,39601.5
2009-09-16,26.5,14.5,20.7,0.0,13.2,33.1,39610.21
2009-09-17,21.6,15.9,18.7,1.7,8.8,22.3,15196.39
2009-09-18,19.9,14.4,17.1,8.9,8.2,26.6,17937.54
2009-09-19,22.6,12.9,17.6,0.0,9.1,20.9,37142.09
2009-09-20,21.6,12.9,16.8,0.0,11.9,29.2,39600.0
2009-09-21,21.8,11.0,16.3,0.0,10.3,26.3,39600.0
2009-09-22,22.7,11.5,17.6,0.0,6.4,17.6,39600.0
2009-09-23,24.1,10.2,18.5,0.0,5.2,15.1,39600.0
2009-09-24,24.9,10.1,18.7,0.0,6.3,15.8,39600.0
2009-09-25,24.3,11.0,18.1,0.0,9.6,24.5,39588.73
2009-09-26,22.8,11.3,16.9,0.6,11.5,31.3,39478.3
2009-09-27,22.9,13.1,17.5,0.0,13.6,34.6,39368.65
2009-09-28,22.4,12.3,17.0,0.0,8.7,23.8,38074.64
2009-09-29,23.4,9.2,16.4,0.0,11.5,29.2,39149.82
2009-09-30,22.6,10.6,16.5,0.0,7.8,25.6,39028.5
2009-10-01,25.9,10.0,18.3,0.0,8.8,23.0,38845.34
2009-10-02,20.0,11.2,15.3,8.4,9.8,24.5,16058.23
2009-10-03,12.9,10.1,11.6,14.1,13.0,30.2,2954.1
2009-10-04,15.5,10.8,13.1,0.0,7.2,20.2,9224.31
2009-10-05,21.1,7.4,14.4,0.0,7.3,19.4,35720.04
2009-10-06,23.1,7.4,15.1,0.0,7.1,16.2,37920.34
2009-10-07,23.9,9.0,16.3,0.0,8.9,14.4,37734.33
2009-10-08,25.1,9.7,17.2,0.0,10.2,23.0,37548.25
2009-10-09,25.1,10.9,17.8,0.0,7.7,19.4,37362.26
2009-10-10,25.0,12.0,17.9,0.0,14.8,35.6,36142.05
2009-10-11,22.6,11.0,15.6,7.2,12.8,33.1,24746.93
2009-10-12,21.7,12.0,15.7,7.2,20.4,42.8,31398.15
2009-10-13,9.4,3.3,5.6,29.4,33.5,69.8,0.0
2009-10-14,6.7,2.5,4.5,2.7,20.9,52.2,24823.04
2009-10-15,8.5,-0.7,3.9,0.0,9.7,23.4,33393.45
2009-10-16,7.7,0.2,4.2,0.0,8.0,21.6,24103.13
2009-10-17,8.8,1.1,4.8,0.0,7.4,18.0,32228.88
2009-10-18,6.3,2.8,4.7,9.8,10.5,23.8,0.0
2009-10-19,5.3,4.4,5.0,6.8,10.3,22.7,0.0
2009-10-20,10.2,3.8,6.3,0.0,7.3,13.0,23800.59
2009-10-21,15.0,0.2,7.2,0.0,10.0,19.8,34318.04
2009-10-22,18.7,2.1,10.4,2.4,15.3,40.0,27054.78
2009-10-23,20.1,11.0,15.1,4.4,16.3,37.8,9377.88
2009-10-24,18.6,11.6,14.4,0.6,12.5,33.8,25200.0
2009-10-25,15.5,11.1,12.8,0.1,9.2,18.7,2053.62
2009-10-26,16.3,9.9,12.8,0.0,17.8,38.2,11585.02
2009-10-27,12.9,8.7,11.0,7.1,14.0,31.3,0.0
2009-10-28,13.2,7.9,10.0,0.2,14.2,32.4,20832.04
2009-10-29,13.2,6.8,10.1,0.3,12.6,30.6,22490.28
2009-10-30,9.0,5.6,7.4,2.8,14.6,35.3,17185.94
2009-10-31,8.1,2.6,5.7,0.4,11.9,24.5,26701.04
2009-11-01,6.0,1.5,3.5,0.0,10.2,24.8,11840.09
2009-11-02,7.4,-1.5,2.5,0.0,16.7,38.9,32057.99
2009-11-03,1.4,0.4,0.9,12.9,21.1,46.1,0.0
2009-11-04,5.2,-0.4,1.8,0.1,13.0,29.5,31888.11
2009-11-05,11.8,2.6,6.9,4.0,14.0,31.7,26557.15
2009-11-06,12.2,3.5,8.0,7.0,12.8,40.0,0.0
2009-11-07,15.8,9.4,11.8,9.3,11.5,28.8,9526.13
2009-11-08,13.4,8.3,10.8,16.7,11.6,25.6,1126.91
2009-11-09,14.5,6.5,10.1,0.9,12.1,28.1,28015.65
2009-11-10,13.2,7.6,10.0,8.2,9.0,22.7,5460.48
2009-11-11,8.2,4.7,6.9,0.0,14.0,28.8,0.0
2009-11-12,9.9,3.1,6.3,3.6,20.0,47.5,21120.68
2009-11-13,12.8,0.1,6.0,0.0,6.9,18.0,31212.62
2009-11-14,14.0,1.0,6.3,0.0,8.0,14.8,31086.4
2009-11-15,11.5,2.3,6.5,0.0,10.4,25.9,586.49
2009-11-16,14.2,3.7,8.5,0.0,7.0,16.2,17449.87
2009-11-17,16.8,6.2,10.6,0.0,9.5,15.1,30636.1
2009-11-18,16.3,3.9,9.7,0.0,6.9,13.3,30490.72
2009-11-19,15.8,5.4,9.6,0.0,7.2,18.7,30348.07
2009-11-20,14.9,2.5,7.4,0.0,6.5,13.3,30208.38
2009-11-21,16.5,1.1,7.6,0.0,7.4,13.7,30071.89
2009-11-22,15.0,2.9,7.5,0.0,7.4,12.6,29428.11
2009-11-23,13.7,1.3,6.2,0.0,8.6,14.8,28711.18
2009-11-24,13.1,1.6,6.5,0.0,7.5,14.8,25009.78
2009-11-25,14.1,1.1,6.0,0.0,9.7,16.9,29243.89
2009-11-26,14.8,-0.1,6.6,0.0,8.2,18.0,29445.99
2009-11-27,13.4,1.1,5.9,0.0,9.4,19.4,27291.11
2009-11-28,13.5,1.7,7.0,5.8,15.6,36.7,16487.49
2009-11-29,10.7,3.4,6.5,0.0,8.8,21.6,23883.38
2009-11-30,13.8,1.1,7.2,0.7,18.1,38.2,24367.28
2009-12-01,14.6,9.9,11.8,0.0,25.2,54.0,24839.52
2009-12-02,10.8,6.0,8.9,8.5,13.8,29.9,0.0
2009-12-03,6.4,5.1,5.9,1.8,12.3,26.6,0.0
2009-12-04,10.6,3.9,7.0,0.0,7.6,17.3,26834.16
2009-12-05,8.1,2.9,5.9,0.2,8.6,19.1,1692.1
2009-12-06,7.3,4.6,5.8,0.3,5.1,13.3,2462.5
2009-12-07,9.5,0.1,5.3,0.0,6.4,11.9,25744.75
2009-12-08,7.7,1.3,4.4,5.2,8.7,20.9,6564.01
2009-12-09,4.6,3.7,4.3,25.9,11.1,26.3,0.0
2009-12-10,6.5,3.1,4.7,1.3,10.8,24.1,1152.51
2009-12-11,5.9,-0.4,3.6,1.2,7.6,18.4,14210.17
2009-12-12,2.1,-1.4,0.1,0.0,13.1,29.9,812.96
2009-12-13,2.0,-2.1,-0.2,0.0,5.2,11.5,18327.7
2009-12-14,2.5,-1.7,-0.1,2.4,13.2,25.2,356.74
2009-12-15,-0.6,-2.2,-1.2,10.4,6.6,13.3,0.0
2009-12-16,-1.7,-4.3,-2.6,6.5,6.4,13.7,191.87
2009-12-17,-3.2,-7.6,-4.8,3.5,9.3,20.5,7756.24
2009-12-18,-5.9,-8.0,-7.0,3.5,11.4,23.8,1396.58
2009-12-19,-2.2,-18.0,-9.3,2.3,21.3,47.2,14602.74
2009-12-20,-5.3,-14.1,-9.1,1.0,15.3,34.6,4210.26
2009-12-21,-5.5,-22.7,-14.1,0.0,10.2,21.2,27377.53
2009-12-22,3.2,-11.2,-2.3,0.6,15.0,32.8,9102.91
2009-12-23,8.7,1.5,4.4,0.6,19.9,46.8,26829.15
2009-12-24,9.0,1.6,4.8,0.0,14.0,33.1,24706.37
2009-12-25,15.2,5.9,10.4,2.3,18.6,43.2,18000.0
2009-12-26,9.8,4.6,7.0,3.9,15.3,38.9,20347.8
2009-12-27,5.2,2.2,4.3,16.3,9.4,24.8,0.0
2009-12-28,6.9,-1.3,2.0,2.9,15.5,35.3,27342.56
2009-12-29,7.0,-2.3,2.1,0.0,7.1,14.4,25684.43
2009-12-30,10.0,0.3,5.1,0.0,10.8,28.8,5409.02
2009-12-31,15.9,4.6,8.7,2.6,13.5,45.7,25651.85
2010-01-01,14.0,2.1,6.7,5.9,9.6,43.2,19643.86
2010-01-02,5.7,2.9,4.9,10.4,17.1,35.6,835.91
2010-01-03,1.9,-2.9,-1.3,2.7,25.5,54.7,8018.54
2010-01-04,1.4,-4.8,-2.0,0.0,15.4,35.3,25666.3
2010-01-05,2.6,-4.1,-0.5,7.5,18.4,40.7,9674.57
2010-01-06,9.6,0.2,4.1,3.4,16.8,36.4,18604.56
2010-01-07,11.7,0.4,4.5,0.0,7.4,19.4,23827.94
2010-01-08,9.7,2.5,6.1,0.0,22.8,52.6,5988.88
2010-01-09,13.2,6.4,9.1,0.3,19.3,47.2,28056.68
2010-01-10,10.4,-0.6,4.5,2.2,10.3,23.4,27948.33
2010-01-11,5.4,1.6,3.5,0.5,10.6,24.1,1860.06
2010-01-12,3.4,-1.7,0.8,0.0,8.5,26.3,16865.82
2010-01-13,3.7,-2.4,0.2,0.0,7.0,20.2,28365.87
2010-01-14,1.7,-2.3,-0.7,0.0,6.3,17.3,7289.74
2010-01-15,3.0,-1.8,0.2,0.0,5.9,15.1,15124.17
2010-01-16,3.7,-2.4,0.1,0.0,12.2,29.5,17105.01
2010-01-17,2.6,-2.2,-0.3,0.0,18.9,42.8,19597.65
2010-01-18,2.0,-1.7,-0.3,1.4,7.2,16.2,1936.81
2010-01-19,1.6,-1.5,-0.3,0.2,13.6,32.8,3300.33
2010-01-20,2.0,-2.0,-0.4,0.1,10.5,24.1,17196.32
2010-01-21,1.6,-5.0,-1.4,0.3,8.1,20.2,23964.44
2010-01-22,-1.7,-6.0,-4.3,0.0,10.5,25.9,28798.87
2010-01-23,-2.3,-6.5,-4.4,0.0,6.6,17.3,20569.29
2010-01-24,-1.3,-6.5,-4.3,0.0,6.5,16.6,30240.51
2010-01-25,-1.9,-7.8,-5.1,0.0,14.0,33.5,30466.93
2010-01-26,-1.0,-9.4,-5.9,0.0,8.5,25.6,23257.36
2010-01-27,-5.5,-9.2,-6.5,9.1,7.6,18.7,0.0
2010-01-28,-3.5,-13.6,-8.5,3.8,6.3,15.1,15546.38
2010-01-29,-0.5,-13.1,-6.8,0.1,9.4,19.4,30483.32
2010-01-30,3.8,-12.9,-4.2,2.0,13.8,29.2,22452.29
2010-01-31,1.2,-4.3,-0.3,5.8,12.6,25.9,217.0
2010-02-01,-1.8,-9.9,-5.0,3.5,19.2,41.8,15815.7
2010-02-02,-1.3,-13.6,-7.6,0.4,11.6,24.8,29420.37
2010-02-03,2.1,-14.4,-6.9,0.0,10.6,21.2,31739.0
2010-02-04,4.7,-7.2,-1.7,0.0,8.2,18.0,22961.34
2010-02-05,5.5,-3.6,-0.1,0.0,14.3,30.6,27643.77
2010-02-06,-0.3,-5.6,-2.4,2.7,21.8,48.6,6476.63
2010-02-07,1.0,-5.6,-1.9,3.2,11.1,25.9,7183.14
2010-02-08,0.2,-4.7,-2.2,1.0,10.2,23.4,287.54
2010-02-09,1.9,-4.7,-1.9,0.0,10.0,19.8,30637.04
2010-02-10,-0.4,-6.6,-3.4,3.7,20.2,58.0,6796.55
2010-02-11,4.9,-3.4,0.1,0.9,17.1,42.5,32418.29
2010-02-12,5.4,-2.7,0.6,2.6,11.2,22.3,17754.86
2010-02-13,0.3,-1.3,-0.5,23.7,19.6,41.4,0.0
2010-02-14,2.1,-10.0,-2.4,0.0,8.6,18.4,22300.11
2010-02-15,0.8,-3.5,-2.0,3.6,13.8,32.0,19020.9
2010-02-16,4.1,-13.1,-3.2,0.0,8.9,19.4,21654.27
2010-02-17,2.4,-0.9,0.8,10.0,9.3,21.2,1053.95
2010-02-18,9.4,-1.0,2.7,4.3,9.8,28.8,27229.1
2010-02-19,9.5,-4.6,3.1,1.1,17.9,42.1,21338.88
2010-02-20,13.0,1.2,7.2,4.0,20.2,49.7,31166.29
2010-02-21,4.2,-1.0,1.4,5.3,26.6,57.2,17245.2
2010-02-22,7.8,-4.3,1.9,0.0,14.7,31.0,25048.98
2010-02-23,13.2,0.3,6.3,3.0,14.2,30.2,25200.0
2010-02-24,12.8,1.6,7.1,1.5,6.8,18.0,27661.36
2010-02-25,7.0,4.1,5.6,12.3,10.8,24.5,0.0
2010-02-26,12.3,0.3,6.3,0.6,12.6,33.1,16107.5
2010-02-27,7.2,3.0,5.2,7.5,25.3,55.8,5385.29
2010-02-28,11.4,-1.7,4.8,0.1,15.0,34.6,22742.84
2010-03-01,11.4,2.6,7.1,5.6,8.4,19.8,4480.02
2010-03-02,11.4,3.3,6.8,2.7,14.6,35.3,22762.96
2010-03-03,9.9,0.9,5.1,0.0,10.3,21.2,30317.58
2010-03-04,5.4,1.9,3.6,11.2,14.3,35.6,4302.5
2010-03-05,2.3,-1.2,0.7,8.3,21.9,45.4,9288.6
2010-03-06,0.5,-3.9,-1.9,0.0,21.4,45.7,36000.0
2010-03-07,3.0,-4.5,-1.4,0.0,9.4,27.0,37741.91
2010-03-08,1.8,-5.0,-1.9,1.0,18.2,44.3,10887.96
2010-03-09,-0.1,-5.1,-2.7,0.3,15.5,38.5,14865.06
2010-03-10,-1.0,-4.9,-3.2,8.1,26.0,56.5,2873.1
2010-03-11,4.1,-2.9,-0.0,5.9,22.7,49.7,32400.0
2010-03-12,2.8,-4.7,-1.0,2.0,16.3,34.9,16172.93
2010-03-13,4.6,-2.8,0.8,0.6,18.2,41.4,38428.4
2010-03-14,5.6,-3.3,1.0,0.7,18.2,43.2,36921.02
2010-03-15,8.5,-3.1,2.3,0.9,21.9,58.0,37876.52
2010-03-16,12.1,-4.4,3.3,0.7,17.5,45.7,35123.37
2010-03-17,7.6,-1.0,3.5,1.9,18.3,44.3,33547.49
2010-03-18,13.8,-2.1,5.7,0.0,12.4,31.3,37616.41
2010-03-19,15.4,-1.9,7.3,0.0,8.1,24.1,39599.47
2010-03-20,17.5,-1.2,7.9,0.0,9.5,23.4,39168.62
2010-03-21,17.4,4.0,10.5,0.0,9.8,22.3,23618.86
2010-03-22,17.9,8.1,12.4,1.6,10.6,29.9,26724.92
2010-03-23,14.1,7.9,10.5,1.2,12.2,25.6,1293.63
2010-03-24,14.0,7.2,10.0,0.3,5.9,15.5,0.0
2010-03-25,17.7,4.1,11.6,0.0,15.1,38.9,39756.86
2010-03-26,19.3,5.2,12.2,0.0,15.3,34.2,40913.75
2010-03-27,20.7,4.2,12.0,2.0,18.7,45.0,39600.0
2010-03-28,13.1,6.2,9.2,6.5,24.8,69.5,30354.5
2010-03-29,16.5,2.8,9.9,0.0,12.1,30.2,41454.86
2010-03-30,19.5,2.6,11.1,0.0,13.4,32.4,41384.58
2010-03-31,18.2,5.6,11.5,2.2,11.5,46.8,41542.32
2010-04-01,15.7,3.3,10.2,0.0,13.6,33.8,41567.39
2010-04-02,16.2,2.9,10.3,0.3,14.2,25.6,40380.23
2010-04-03,13.8,5.8,9.4,2.2,9.4,24.5,41709.32
2010-04-04,19.0,2.6,11.5,0.0,10.8,23.4,40057.44
2010-04-05,16.9,7.4,11.2,5.4,13.9,37.4,29508.83
2010-04-06,7.1,6.4,6.6,7.9,26.1,57.2,0.0
2010-04-07,9.7,5.5,7.3,0.6,17.2,38.9,0.0
2010-04-08,14.9,3.7,9.5,0.0,9.2,16.2,42067.19
2010-04-09,16.4,3.7,11.0,0.7,8.6,21.2,43456.0
2010-04-10,14.9,4.7,9.5,1.3,21.1,46.1,43298.11
2010-04-11,11.0,3.6,7.1,1.5,14.1,29.9,23567.29
2010-04-12,15.1,2.8,8.7,3.6,17.9,42.5,30123.93
2010-04-13,15.6,3.7,10.0,4.6,19.4,40.0,27643.27
2010-04-14,15.8,7.5,11.1,6.6,12.4,31.0,36756.97
2010-04-15,14.3,6.5,10.0,6.2,7.6,19.8,27073.98
2010-04-16,15.1,5.1,10.6,0.2,7.3,16.2,24434.59
2010-04-17,15.3,5.7,10.8,0.1,9.6,24.5,32001.16
2010-04-18,18.0,7.4,13.1,0.0,18.8,43.2,42867.1
2010-04-19,15.5,10.1,12.3,17.0,14.1,33.8,15800.1
2010-04-20,14.8,9.2,11.2,16.4,21.7,58.3,24973.82
2010-04-21,17.9,4.5,12.5,0.3,15.3,40.7,45959.32
2010-04-22,14.5,4.5,10.3,0.1,17.4,42.1,46121.24
2010-04-23,19.4,6.8,13.1,0.0,13.2,28.1,32753.65
2010-04-24,16.5,11.4,14.0,2.3,5.2,13.7,1306.22
2010-04-25,19.1,10.7,14.3,4.5,9.3,32.8,36904.12
2010-04-26,18.8,8.5,13.7,0.0,19.6,43.6,46545.03
2010-04-27,17.9,6.5,12.5,0.0,16.9,40.0,46633.31
2010-04-28,17.7,7.7,12.8,0.0,14.4,29.2,46720.38
2010-04-29,17.6,6.6,13.0,0.0,7.0,21.2,46800.0
2010-04-30,21.9,5.8,15.0,0.0,9.3,17.3,46800.0
2010-05-01,23.7,7.8,17.3,0.0,8.2,14.4,46800.0
2010-05-02,24.3,10.1,18.1,0.0,8.9,16.9,46800.0
2010-05-03,24.7,9.5,18.0,0.0,7.4,23.0,46800.0
2010-05-04,24.7,10.7,18.3,0.0,9.8,22.3,36000.0
2010-05-05,24.6,12.5,18.5,0.9,17.1,34.6,17688.78
2010-05-06,23.9,13.6,18.1,4.3,17.7,50.0,41730.32
2010-05-07,19.0,9.5,14.5,0.0,12.6,28.1,46901.95
2010-05-08,20.3,9.8,14.7,0.2,9.9,26.6,25329.54
2010-05-09,17.2,8.9,13.4,4.0,14.8,38.9,45838.31
2010-05-10,21.7,7.4,15.5,0.0,7.3,19.8,46800.0
2010-05-11,23.6,10.0,17.3,0.4,8.8,23.0,38149.63
2010-05-12,25.4,13.7,19.1,1.5,13.2,39.2,46765.78
2010-05-13,23.2,12.5,17.6,1.0,12.3,39.6,44189.55
2010-05-14,22.1,9.5,16.1,0.0,10.0,32.8,47302.2
2010-05-15,22.5,11.5,16.5,8.3,19.4,72.0,36156.58
2010-05-16,12.3,7.3,10.2,3.2,21.3,47.5,10464.23
2010-05-17,8.2,6.5,7.3,16.0,26.9,68.4,0.0
2010-05-18,10.3,6.8,8.5,8.4,24.4,59.0,247.82
2010-05-19,11.1,7.3,9.0,1.6,20.0,41.4,3425.83
2010-05-20,13.5,8.2,10.7,1.3,10.8,31.0,18836.12
2010-05-21,15.7,8.9,11.9,0.8,11.3,27.7,7402.97
2010-05-22,17.9,10.8,13.4,24.2,10.7,30.2,17786.29
2010-05-23,17.5,10.4,14.0,14.9,12.6,30.2,25117.89
2010-05-24,20.4,10.5,15.6,2.3,10.7,27.4,43249.14
2010-05-25,25.2,8.8,17.9,0.0,11.5,35.3,48952.75
2010-05-26,27.1,10.9,20.1,0.0,6.9,22.3,49522.34
2010-05-27,26.3,12.3,19.7,0.0,9.4,23.0,47978.37
2010-05-28,23.8,12.2,18.8,0.5,12.5,24.8,47946.75
2010-05-29,22.7,13.6,18.3,12.9,6.9,19.1,34416.21
2010-05-30,23.0,13.2,18.1,1.3,9.4,28.4,42145.57
2010-05-31,21.2,10.3,16.2,13.9,24.2,56.9,28505.18
2010-06-01,13.2,8.6,11.0,6.4,21.3,46.1,6905.34
2010-06-02,14.5,10.0,12.4,3.6,15.5,36.7,12652.9
2010-06-03,18.8,10.3,14.3,1.2,10.5,19.1,33341.32
2010-06-04,20.2,8.9,15.2,0.4,11.0,24.5,47943.15
2010-06-05,18.1,13.8,15.5,7.0,11.2,24.5,5300.62
2010-06-06,22.2,13.0,17.8,1.0,7.6,20.2,47318.04
2010-06-07,25.5,11.7,19.7,0.0,8.9,23.8,49531.68
2010-06-08,26.6,12.4,21.3,0.0,5.6,13.7,51134.02
2010-06-09,27.4,13.7,21.8,0.0,10.6,18.0,51030.89
2010-06-10,28.6,15.3,22.9,0.0,9.7,23.8,51067.81
2010-06-11,31.3,15.3,24.1,0.0,10.5,22.3,50814.28
2010-06-12,33.2,16.7,26.0,0.0,9.4,15.1,51278.49
2010-06-13,30.1,18.9,25.8,2.0,9.0,22.7,50359.29
2010-06-14,33.0,18.5,25.9,1.1,10.1,31.3,51189.98
2010-06-15,27.6,18.0,23.5,0.6,9.3,24.1,48538.96
2010-06-16,30.7,19.6,24.8,1.4,12.2,26.3,47571.3
2010-06-17,25.5,19.4,21.9,0.2,9.0,25.2,40318.22
2010-06-18,27.8,17.0,23.0,2.4,15.9,40.0,49399.17
2010-06-19,25.4,16.4,20.9,1.8,7.0,27.4,46095.84
2010-06-20,24.3,16.2,19.7,3.8,6.9,18.4,44489.73
2010-06-21,23.0,13.4,17.7,1.0,9.7,35.3,29923.95
2010-06-22,16.7,12.3,14.8,12.2,22.2,46.4,12166.17
2010-06-23,17.2,12.0,14.0,17.9,22.6,51.5,1597.74
2010-06-24,18.3,13.2,15.9,0.6,18.1,41.0,33397.96
2010-06-25,20.6,11.4,16.2,2.3,18.4,48.2,49034.57
2010-06-26,20.1,13.5,16.4,0.5,16.2,36.7,43154.33
2010-06-27,16.2,14.5,15.4,14.7,14.7,33.1,0.0
2010-06-28,21.6,15.1,17.7,9.3,11.1,25.2,22197.77
2010-06-29,23.7,16.5,19.1,13.9,16.7,43.2,18184.18
2010-06-30,24.4,15.6,19.4,17.5,15.8,33.5,32095.83
2010-07-01,24.4,16.6,19.9,16.9,11.3,27.0,26359.39
2010-07-02,26.0,15.5,20.5,5.3,9.5,29.5,43114.61
2010-07-03,26.8,15.5,21.3,0.0,8.6,26.3,50059.23
2010-07-04,23.7,15.8,19.7,8.3,12.6,36.0,47451.58
2010-07-05,25.2,13.0,19.8,0.9,8.3,20.9,49586.28
2010-07-06,24.3,15.2,20.4,1.1,13.6,38.9,49764.93
2010-07-07,20.7,14.5,18.1,0.7,21.4,45.7,47336.35
2010-07-08,19.3,13.6,16.3,0.4,18.7,39.6,2795.26
2010-07-09,22.8,12.8,18.5,0.1,17.1,38.5,46282.62
2010-07-10,24.2,13.4,19.5,0.0,14.5,34.9,49739.8
2010-07-11,26.2,15.1,21.1,0.3,11.3,28.8,49225.68
2010-07-12,27.9,16.9,22.5,1.5,10.5,28.1,47820.92
2010-07-13,29.2,17.2,24.1,0.1,6.6,21.6,49733.79
2010-07-14,28.5,18.1,24.3,1.5,9.5,30.6,48929.9
2010-07-15,30.6,18.4,24.9,0.0,10.1,23.0,49668.38
2010-07-16,30.1,20.0,25.6,0.3,6.1,18.0,48430.37
2010-07-17,30.8,22.3,26.2,0.1,11.5,25.6,48879.21
2010-07-18,31.7,19.7,25.4,3.3,13.3,37.1,47369.8
2010-07-19,24.8,19.2,21.6,11.0,17.6,36.7,18026.99
2010-07-20,27.5,19.6,23.5,0.3,5.5,19.1,41643.2
2010-07-21,30.1,18.3,25.5,0.0,6.6,16.6,46583.69
2010-07-22,29.8,19.2,25.3,0.0,7.1,19.1,48509.69
2010-07-23,30.8,20.0,26.2,0.0,8.2,15.8,49124.47
2010-07-24,29.3,18.5,23.7,36.4,19.1,42.5,44642.84
2010-07-25,19.9,15.4,17.7,5.3,20.0,42.5,15773.3
2010-07-26,18.6,14.4,16.1,0.3,14.6,33.8,2062.82
2010-07-27,20.9,13.8,17.2,0.8,9.5,24.5,31068.91
2010-07-28,23.0,13.2,18.2,1.6,13.0,40.0,47865.29
2010-07-29,26.0,13.1,20.2,0.0,9.7,20.2,48538.39
2010-07-30,29.0,14.6,22.1,0.0,13.0,31.7,47579.43
2010-07-31,26.3,16.2,21.0,17.6,14.9,34.9,37769.65
2010-08-01,23.8,16.8,19.5,4.0,13.5,30.6,29208.22
2010-08-02,26.9,16.7,22.3,0.0,6.1,18.0,47365.1
2010-08-03,30.1,16.5,23.8,0.0,7.0,18.7,46826.68
2010-08-04,21.9,18.7,20.3,4.6,15.6,40.0,1492.9
2010-08-05,25.7,16.2,21.1,0.0,9.9,23.0,39422.79
2010-08-06,28.2,17.4,22.1,7.8,10.5,33.1,47077.84
2010-08-07,24.4,18.0,20.6,0.2,9.4,24.8,35752.46
2010-08-08,24.4,15.5,20.0,0.1,12.2,29.9,46911.62
2010-08-09,24.2,14.3,19.6,0.6,9.9,23.8,44737.65
2010-08-10,25.5,13.9,20.2,0.0,9.4,24.8,46607.54
2010-08-11,26.5,15.3,21.3,0.0,7.2,18.4,46640.52
2010-08-12,29.9,17.6,23.8,0.0,8.8,24.8,46481.14
2010-08-13,32.3,19.3,26.0,1.1,9.4,28.1,46031.2
2010-08-14,30.8,17.9,25.2,0.0,8.2,19.8,46355.03
2010-08-15,33.4,19.9,26.3,0.7,11.9,24.1,44955.73
2010-08-16,32.9,18.8,26.1,0.0,20.0,50.4,46228.37
2010-08-17,26.5,19.1,22.9,0.0,12.1,33.8,46164.59
2010-08-18,25.0,17.9,21.7,0.0,11.4,26.3,46100.56
2010-08-19,26.8,17.3,22.0,0.0,10.3,23.4,46036.29
2010-08-20,26.0,16.4,21.6,0.0,9.9,24.1,45625.8
2010-08-21,25.9,15.5,20.9,0.0,12.6,28.1,45907.14
2010-08-22,26.7,15.0,20.8,0.0,9.8,25.9,45842.3
2010-08-23,28.0,17.3,22.2,0.0,11.9,29.2,45719.94
2010-08-24,31.3,14.7,23.6,0.0,8.6,19.8,45556.62
2010-08-25,27.1,17.5,22.9,0.0,12.1,29.2,45392.34
2010-08-26,26.9,15.2,21.5,0.0,7.0,18.7,45227.23
2010-08-27,34.7,14.4,24.8,0.0,13.4,30.2,45061.39
2010-08-28,30.9,18.4,23.8,0.3,19.8,42.1,44192.48
2010-08-29,19.6,14.8,17.1,0.0,18.1,41.0,28209.42
2010-08-30,24.3,12.7,18.3,0.0,11.0,27.7,44432.98
2010-08-31,16.5,10.9,13.8,5.9,20.4,44.3,27952.76
2010-09-01,15.2,10.8,12.7,6.2,24.4,65.2,11583.25
2010-09-02,19.2,10.4,14.8,0.0,19.7,44.6,42846.31
2010-09-03,21.5,9.1,15.5,0.0,7.2,19.4,38174.01
2010-09-04,20.5,11.1,15.7,0.0,14.3,28.1,40513.42
2010-09-05,20.1,9.2,14.8,0.5,12.1,33.5,41332.49
2010-09-06,20.4,10.8,15.2,0.8,13.1,29.9,41496.89
2010-09-07,22.8,10.8,16.4,0.3,8.3,21.2,39967.83
2010-09-08,27.3,12.1,20.0,0.0,10.5,29.9,40856.66
2010-09-09,27.0,15.9,21.1,0.3,10.6,26.6,39685.51
2010-09-10,23.9,16.1,19.2,4.9,13.0,34.2,8630.88
2010-09-11,20.3,13.8,17.0,1.9,18.3,40.3,35813.06
2010-09-12,19.5,11.1,15.2,0.3,7.6,18.7,18790.7
2010-09-13,20.6,10.9,15.9,0.0,8.0,16.6,38019.58
2010-09-14,19.5,11.3,15.5,1.1,10.6,24.5,25613.05
2010-09-15,22.4,12.7,17.1,0.0,8.4,19.4,37296.32
2010-09-16,25.6,10.9,18.7,0.0,8.9,16.9,39952.82
2010-09-17,26.9,12.1,19.9,0.0,9.4,22.3,36106.75
2010-09-18,24.9,12.8,18.5,0.0,14.4,35.6,39600.0
2010-09-19,26.8,12.6,17.7,1.1,21.7,48.2,38999.82
2010-09-20,17.0,11.5,14.0,0.0,14.4,35.3,33581.92
2010-09-21,18.7,9.6,14.0,0.0,7.1,18.4,39600.0
2010-09-22,21.0,8.3,14.9,0.0,7.9,19.4,39600.0
2010-09-23,22.6,9.7,16.3,0.0,12.2,28.4,39600.0
2010-09-24,22.7,9.8,16.4,0.0,19.2,41.4,39600.0
2010-09-25,20.9,12.2,16.4,2.9,22.2,54.7,11679.11
2010-09-26,23.9,12.5,18.9,1.5,18.0,49.7,39513.69
2010-09-27,22.1,10.0,15.6,0.0,10.4,32.8,38446.38
2010-09-28,22.4,10.9,16.1,0.1,9.2,19.4,39289.68
2010-09-29,13.6,10.9,12.4,3.6,16.4,37.4,3854.56
2010-09-30,15.1,9.6,11.7,0.1,18.3,38.9,31296.84
2010-10-01,15.9,8.7,11.4,0.0,6.1,19.4,28238.01
2010-10-02,17.5,8.0,12.4,0.1,6.2,17.6,38700.37
2010-10-03,15.0,9.5,11.8,0.2,9.4,21.6,16975.33
2010-10-04,15.4,8.8,11.7,0.2,17.2,39.6,37076.41
2010-10-05,12.9,8.2,10.4,15.3,18.0,35.3,7518.6
2010-10-06,10.6,7.7,9.1,13.2,15.8,34.9,417.17
2010-10-07,11.1,5.5,8.3,0.2,11.9,27.4,18912.94
2010-10-08,10.0,5.2,7.0,0.0,10.6,24.5,11996.51
2010-10-09,10.9,0.4,6.4,0.0,13.4,32.4,22294.91
2010-10-10,10.9,4.2,7.8,0.0,15.1,33.8,21385.84
2010-10-11,12.9,3.0,8.4,0.2,8.4,17.3,35300.46
2010-10-12,13.4,6.9,9.9,0.0,8.0,22.3,22498.08
2010-10-13,16.8,8.0,12.2,0.0,6.8,19.8,23422.63
2010-10-14,11.5,8.6,9.9,13.6,7.6,19.4,0.0
2010-10-15,9.5,8.2,8.8,4.0,8.2,18.0,0.0
2010-10-16,12.2,8.3,10.0,8.4,7.6,21.6,2395.31
2010-10-17,14.1,9.1,10.8,0.1,7.6,18.7,0.0
2010-10-18,14.4,9.3,11.5,2.6,11.3,31.3,7157.33
2010-10-19,12.2,8.9,11.1,17.0,14.3,28.4,0.0
2010-10-20,12.7,7.2,9.5,2.6,12.0,32.0,5199.19
2010-10-21,10.8,6.1,8.0,0.0,11.5,28.1,33051.46
2010-10-22,11.8,2.1,6.6,0.0,13.0,31.3,34248.55
2010-10-23,15.0,0.2,7.1,0.0,9.7,22.7,34277.39
2010-10-24,16.2,2.2,8.8,0.0,10.1,22.0,33686.99
2010-10-25,13.3,4.6,9.2,3.1,11.7,27.4,139.92
2010-10-26,10.0,5.3,8.0,1.8,15.3,33.1,0.0
2010-10-27,6.7,4.0,5.1,3.5,14.6,34.6,3185.43
2010-10-28,6.7,3.8,4.9,0.0,8.2,20.5,6007.32
2010-10-29,7.8,0.9,4.0,0.0,7.9,15.5,32400.0
2010-10-30,11.9,-1.9,3.9,0.0,10.9,21.6,33046.23
2010-10-31,14.0,-1.6,5.2,0.0,11.4,25.2,32838.49
2010-11-01,15.3,0.8,7.2,0.0,12.5,29.5,27241.3
2010-11-02,16.6,2.7,8.6,0.0,12.4,27.0,32084.24
2010-11-03,17.2,3.8,9.6,0.0,9.0,22.0,29083.77
2010-11-04,17.1,5.1,10.9,0.0,5.7,11.9,31916.85
2010-11-05,19.5,3.6,10.9,0.0,6.8,14.8,31834.66
2010-11-06,18.7,4.9,10.9,0.0,7.2,14.4,31799.17
2010-11-07,17.0,4.3,9.6,0.0,10.8,20.9,31673.72
2010-11-08,17.2,8.1,13.0,2.4,19.5,47.2,13459.13
2010-11-09,16.2,13.0,14.1,3.9,20.3,49.7,10438.93
2010-11-10,19.7,10.2,13.9,2.0,21.3,49.0,30670.88
2010-11-11,16.9,7.8,11.6,0.2,8.7,19.8,18957.65
2010-11-12,15.0,3.8,9.0,0.0,7.4,20.5,27631.29
2010-11-13,17.5,3.5,9.3,0.0,9.3,19.4,31225.16
2010-11-14,18.4,3.5,9.7,0.0,10.8,18.7,31113.27
2010-11-15,18.8,4.2,10.3,0.0,10.2,17.6,30960.39
2010-11-16,18.5,4.5,10.5,0.0,11.2,18.4,30810.2
2010-11-17,16.1,7.0,10.5,9.1,12.2,29.9,18552.99
2010-11-18,14.0,5.1,8.6,0.0,12.0,28.8,28932.87
2010-11-19,15.6,4.1,9.1,0.5,13.9,31.3,26667.67
2010-11-20,12.5,2.0,7.3,0.0,7.1,14.8,26475.88
2010-11-21,14.4,2.1,7.6,0.0,12.5,27.4,28518.46
2010-11-22,11.4,6.7,9.3,5.2,20.4,54.0,0.0
2010-11-23,12.9,3.7,7.7,2.7,16.3,32.8,24415.67
2010-11-24,6.2,1.2,3.6,2.5,16.2,36.7,0.0
2010-11-25,5.3,-0.7,2.3,1.6,10.8,22.7,25391.35
2010-11-26,10.4,0.6,5.1,1.5,15.1,39.2,26128.99
2010-11-27,6.6,-0.8,3.4,1.1,8.1,26.3,23678.66
2010-11-28,8.5,-1.7,4.0,1.2,17.6,42.5,11212.65
2010-11-29,13.7,4.0,9.3,0.9,16.2,38.9,28887.04
2010-11-30,6.5,0.7,3.8,13.2,11.2,28.1,0.0
2010-12-01,7.1,1.2,4.6,13.6,16.8,43.2,6460.48
2010-12-02,12.5,2.4,6.3,0.5,10.7,28.4,28754.82
2010-12-03,12.6,1.5,6.4,0.0,11.7,29.5,15803.84
2010-12-04,5.2,-0.2,2.5,6.5,18.3,37.1,0.0
2010-12-05,2.5,-1.8,0.1,0.1,14.2,30.6,16598.82
2010-12-06,8.9,-3.1,2.7,0.0,13.5,30.6,27627.75
2010-12-07,12.6,4.8,7.5,2.0,11.2,26.3,18222.95
2010-12-08,15.0,3.0,8.2,0.0,10.4,29.9,26849.68
2010-12-09,16.4,0.1,7.7,7.5,29.8,68.4,26455.89
2010-12-10,0.9,-2.4,-0.6,0.5,24.7,54.7,27729.59
2010-12-11,-0.6,-4.1,-2.7,0.8,20.9,43.6,26601.29
2010-12-12,5.1,-2.3,0.7,4.4,8.5,22.3,20582.71
2010-12-13,1.1,-2.6,-0.7,1.2,19.6,43.9,24371.11
2010-12-14,-2.7,-5.8,-4.1,0.0,19.6,37.8,20724.4
2010-12-15,-2.2,-6.7,-4.2,0.0,14.2,29.5,18160.09
2010-12-16,-3.8,-7.5,-5.3,2.3,11.3,27.0,0.0
2010-12-17,-3.6,-7.9,-6.1,0.0,9.1,16.9,26679.21
2010-12-18,1.5,-7.7,-3.2,5.3,15.9,62.3,262.93
2010-12-19,1.0,-6.0,-3.3,0.0,11.0,27.7,27448.24
2010-12-20,3.0,-3.2,0.6,5.3,10.6,29.5,0.0
2010-12-21,9.7,-2.2,2.9,0.0,9.8,18.0,27183.85
2010-12-22,8.6,0.5,3.7,0.0,11.1,28.4,26057.25
2010-12-23,12.5,0.9,5.9,0.0,10.8,34.9,26770.4
2010-12-24,13.4,6.6,9.7,0.0,17.6,43.9,25861.98
2010-12-25,12.1,1.2,7.3,2.2,15.4,38.2,25682.01
2010-12-26,1.1,-2.4,-0.3,0.2,14.8,33.1,0.0
2010-12-27,-2.6,-4.5,-3.5,1.5,13.4,25.9,4327.18
2010-12-28,-2.5,-5.6,-4.4,0.1,10.9,24.1,27072.8
2010-12-29,-0.8,-6.9,-4.3,0.0,7.3,15.8,27547.68
2010-12-30,0.3,-8.2,-4.7,0.0,5.9,14.0,27508.59
2010-12-31,3.3,-8.0,-4.1,0.0,8.4,14.0,27557.44
2011-01-01,2.3,-7.1,-3.6,0.0,7.0,13.3,27228.09
2011-01-02,0.1,-6.2,-3.1,0.0,7.7,15.5,7182.77
2011-01-03,0.4,-3.4,-2.2,0.3,14.5,33.8,9638.69
2011-01-04,-1.7,-4.2,-3.1,0.0,8.4,22.0,12362.88
2011-01-05,0.6,-5.5,-3.5,0.0,8.7,19.8,21992.79
2011-01-06,4.3,-6.1,-2.1,0.0,12.3,26.6,28002.44
2011-01-07,6.2,-3.7,0.5,0.0,9.4,20.9,10249.69
2011-01-08,9.5,-2.6,1.8,0.0,9.8,18.7,27793.23
2011-01-09,11.1,-2.8,2.4,0.0,9.0,16.2,28223.43
2011-01-10,9.8,-2.8,2.3,0.0,8.9,14.4,25526.99
2011-01-11,8.5,-1.3,2.3,0.0,9.7,21.6,19324.53
2011-01-12,7.6,-1.5,2.8,0.3,10.4,24.8,21911.55
2011-01-13,8.3,3.1,4.8,0.0,9.7,23.4,12905.8
2011-01-14,11.5,4.1,6.7,0.2,8.3,17.6,19939.17
2011-01-15,10.1,0.4,5.2,2.3,18.4,43.2,23026.06
2011-01-16,7.6,1.5,5.0,0.0,18.9,42.8,25429.43
2011-01-17,10.0,-0.9,3.2,0.0,9.0,14.0,29101.93
2011-01-18,10.9,-1.8,3.0,0.0,8.7,16.6,29086.45
2011-01-19,4.9,1.4,3.1,0.0,5.1,14.8,6890.52
2011-01-20,3.5,0.4,1.7,2.4,5.4,14.0,0.0
2011-01-21,1.0,-1.3,0.1,10.7,11.4,23.8,0.0
2011-01-22,-1.1,-2.7,-1.8,3.9,11.8,24.1,58.81
2011-01-23,-1.6,-4.5,-2.9,5.7,12.5,29.2,0.0
2011-01-24,-1.0,-7.7,-4.3,1.5,15.8,29.2,6054.41
2011-01-25,-2.9,-14.2,-7.4,0.0,10.7,17.6,9449.52
2011-01-26,-1.1,-19.1,-10.5,0.1,10.6,15.8,25122.6
2011-01-27,3.2,-13.2,-5.9,0.0,9.2,17.3,30575.59
2011-01-28,0.0,-8.7,-5.0,0.0,10.7,22.0,22050.51
2011-01-29,-1.2,-7.0,-4.4,0.0,11.0,24.5,30308.18
2011-01-30,0.6,-8.0,-4.8,0.0,8.7,15.5,31016.72
2011-01-31,-3.3,-8.4,-6.4,0.0,6.2,18.7,24341.29
2011-02-01,-1.1,-8.8,-5.8,0.0,6.4,15.1,30158.4
2011-02-02,-4.3,-10.9,-8.3,0.0,10.3,23.0,27816.09
2011-02-03,-3.9,-11.2,-7.7,0.0,9.0,23.4,16952.57
2011-02-04,-0.2,-7.5,-3.9,0.0,8.9,23.8,17183.43
2011-02-05,9.6,-4.4,1.0,0.0,7.1,18.4,32232.89
2011-02-06,10.9,-2.8,3.0,0.0,8.8,16.2,32456.35
2011-02-07,14.4,-2.4,4.6,0.0,9.2,16.6,32786.34
2011-02-08,14.1,-3.1,3.0,0.0,13.0,23.0,32956.96
2011-02-09,8.6,-2.9,1.7,0.0,11.3,28.8,33127.88
2011-02-10,6.9,-3.7,1.0,0.0,10.5,25.6,33299.21
2011-02-11,10.5,-4.2,1.5,0.0,9.4,19.8,33472.47
2011-02-12,9.0,-3.1,1.6,0.3,21.8,52.6,21009.28
2011-02-13,6.0,-2.1,1.4,0.5,7.0,15.5,27502.12
2011-02-14,6.3,-1.0,2.0,2.3,8.5,18.7,29468.12
2011-02-15,4.2,-1.9,1.2,0.0,11.1,23.8,6804.57
2011-02-16,5.2,-3.2,0.3,0.0,19.4,43.2,29150.89
2011-02-17,12.1,-1.4,3.2,2.1,16.8,38.5,31076.62
2011-02-18,4.9,-1.4,1.5,6.3,9.7,28.1,12864.95
2011-02-19,3.8,-0.2,1.5,6.9,11.0,23.8,0.0
2011-02-20,4.3,0.3,1.7,5.6,11.4,27.0,266.59
2011-02-21,3.1,-1.9,0.1,5.2,13.7,29.9,0.0
2011-02-22,0.1,-2.6,-1.4,7.2,8.2,17.3,517.85
2011-02-23,-1.2,-4.4,-3.0,3.0,13.0,28.1,690.25
2011-02-24,-1.8,-5.0,-3.7,6.7,13.0,29.5,0.0
2011-02-25,-2.4,-5.7,-4.4,4.8,10.9,22.3,0.0
2011-02-26,0.5,-7.3,-3.9,0.0,6.4,13.3,28603.69
2011-02-27,1.4,-12.2,-5.0,0.0,11.8,24.8,35529.09
2011-02-28,1.2,-12.0,-5.2,0.0,8.7,14.4,35877.95
2011-03-01,0.4,-7.5,-4.3,0.0,9.1,17.6,34680.49
2011-03-02,-2.3,-7.4,-4.7,5.4,20.0,46.1,12098.94
2011-03-03,-0.3,-8.2,-3.9,0.6,15.8,34.6,17867.87
2011-03-04,2.9,-7.8,-1.7,0.0,5.8,13.3,35276.07
2011-03-05,3.1,-6.4,-1.6,0.0,6.5,15.5,29068.62
2011-03-06,2.2,-2.5,-0.6,0.1,21.6,43.9,1548.99
2011-03-07,0.9,-7.5,-3.0,1.4,20.3,51.1,35113.86
2011-03-08,1.1,-6.4,-3.2,0.0,13.2,29.5,37819.68
2011-03-09,2.4,-4.4,-1.0,0.0,7.2,16.2,37933.29
2011-03-10,6.3,-3.7,1.1,0.0,7.9,21.2,38080.51
2011-03-11,14.1,-2.3,5.4,0.0,7.4,18.7,38191.67
2011-03-12,15.1,-3.1,5.4,0.0,12.9,20.9,38355.72
2011-03-13,17.1,-2.5,6.8,0.0,12.1,29.5,38370.71
2011-03-14,16.6,-0.5,7.8,0.0,8.8,24.5,29631.34
2011-03-15,17.5,1.6,9.1,0.1,12.2,28.1,38021.42
2011-03-16,17.8,1.2,9.7,0.5,13.7,39.2,30237.21
2011-03-17,18.4,7.9,12.6,6.3,21.8,60.5,38010.28
2011-03-18,15.3,4.7,9.2,4.4,9.0,24.8,29866.74
2011-03-19,7.0,3.6,5.5,4.0,18.1,37.1,660.51
2011-03-20,5.4,1.5,3.2,9.8,12.4,29.9,0.0
2011-03-21,8.1,1.6,4.4,3.1,12.1,29.9,10737.47
2011-03-22,10.0,2.2,5.4,1.3,11.9,29.2,26561.56
2011-03-23,12.9,-0.5,6.5,0.0,16.4,37.1,35864.61
2011-03-24,14.8,2.3,9.1,0.0,16.0,40.3,40828.95
2011-03-25,19.3,2.1,10.2,0.0,10.5,25.9,41146.95
2011-03-26,18.0,1.1,10.0,0.0,13.6,33.8,39966.68
2011-03-27,14.9,3.7,9.7,0.8,8.1,32.8,40688.9
2011-03-28,16.0,2.2,9.3,3.9,8.7,30.2,29399.0
2011-03-29,11.6,5.3,8.9,9.7,10.9,25.9,96.17
2011-03-30,14.3,3.4,8.6,0.4,9.7,21.6,41008.76
2011-03-31,16.0,5.2,10.6,0.2,10.5,28.4,41615.48
2011-04-01,16.8,5.1,11.3,0.0,9.3,23.0,37861.94
2011-04-02,16.1,4.2,10.4,2.7,13.8,33.5,41402.61
2011-04-03,15.7,2.9,10.0,0.0,8.5,24.1,41076.88
2011-04-04,18.6,3.9,11.8,0.0,9.2,19.1,42323.64
2011-04-05,12.1,5.7,8.6,3.2,17.7,38.5,0.0
2011-04-06,14.4,6.2,9.9,0.1,21.6,52.2,37720.64
2011-04-07,18.5,3.6,11.4,0.0,15.9,38.5,33028.04
2011-04-08,16.3,7.5,12.4,0.0,28.0,65.2,42151.55
2011-04-09,16.4,5.7,11.5,0.0,30.6,67.0,42465.41
2011-04-10,11.9,6.1,9.4,0.0,24.2,54.4,36767.32
2011-04-11,11.5,4.5,8.1,0.0,18.9,44.3,42983.92
2011-04-12,19.6,1.7,10.9,0.3,19.7,53.6,43939.4
2011-04-13,10.6,2.9,5.8,13.1,23.4,50.0,0.0
2011-04-14,9.3,2.0,5.1,4.4,19.7,54.4,34302.46
2011-04-15,11.1,3.2,6.5,3.2,14.6,38.2,42606.93
2011-04-16,11.9,2.5,6.9,0.0,7.9,19.8,24468.27
2011-04-17,14.1,3.2,8.5,0.1,15.8,36.4,45026.5
2011-04-18,14.6,3.1,9.2,0.1,13.6,34.6,45430.5
2011-04-19,15.5,3.7,9.9,0.0,16.2,41.8,45181.09
2011-04-20,17.8,4.4,12.0,0.2,9.7,25.9,45761.82
2011-04-21,20.1,5.7,13.5,0.0,11.4,26.6,45925.99
2011-04-22,20.5,8.0,14.4,0.0,10.0,25.6,46089.02
2011-04-23,18.3,6.3,12.3,0.0,15.9,37.8,46250.76
2011-04-24,19.9,6.0,13.0,0.0,14.3,33.1,42472.59
2011-04-25,19.0,7.3,13.3,0.0,19.7,43.2,46438.73
2011-04-26,17.5,8.4,13.2,0.0,22.9,49.7,41259.19
2011-04-27,15.6,10.1,12.8,0.0,19.8,43.6,27480.81
2011-04-28,15.0,8.3,11.1,1.7,13.4,34.9,23720.78
2011-04-29,17.3,6.2,12.0,0.6,12.7,34.2,41002.02
2011-04-30,19.3,7.6,14.2,0.1,13.0,30.6,40753.21
2011-05-01,19.7,10.8,14.5,5.2,11.7,31.0,24546.83
2011-05-02,17.1,10.8,13.5,5.9,15.8,34.6,35795.98
2011-05-03,17.7,8.8,13.2,5.7,11.8,29.5,22079.23
2011-05-04,11.0,6.5,9.0,4.2,22.2,52.2,1133.35
2011-05-05,12.7,6.1,9.6,0.0,18.3,41.0,40310.41
2011-05-06,15.8,2.2,9.7,0.0,9.7,25.6,46904.03
2011-05-07,18.7,4.7,12.5,0.0,18.4,43.2,46821.17
2011-05-08,9.3,6.2,8.3,11.9,13.0,27.7,1422.01
2011-05-09,14.1,5.7,9.6,0.5,17.9,41.4,20656.55
2011-05-10,19.8,4.9,13.2,2.2,14.4,36.0,46800.0
2011-05-11,19.0,8.5,13.7,2.5,11.4,31.3,43381.39
2011-05-12,20.4,6.8,14.6,0.0,12.6,36.0,47083.7
2011-05-13,23.0,7.0,15.3,0.0,13.2,31.0,46058.24
2011-05-14,21.9,9.0,16.0,0.0,9.4,19.1,47305.71
2011-05-15,25.4,8.8,17.7,0.0,11.0,25.9,47175.54
2011-05-16,14.3,9.7,11.1,5.5,14.6,32.0,0.0
2011-05-17,16.5,9.4,12.4,3.4,10.6,24.1,1688.85
2011-05-18,22.1,11.0,15.7,0.2,12.0,32.4,33699.59
2011-05-19,22.8,10.5,17.3,0.0,12.6,31.7,47871.59
2011-05-20,23.8,13.2,18.8,0.0,8.9,27.7,47878.27
2011-05-21,24.6,12.4,19.3,0.6,7.7,23.0,44922.47
2011-05-22,24.7,12.2,19.1,0.0,7.0,19.4,35580.82
2011-05-23,23.6,13.3,18.4,7.4,7.6,27.4,32902.88
2011-05-24,24.6,11.9,18.4,1.0,10.5,28.1,42661.77
2011-05-25,24.1,13.4,18.3,9.8,12.1,30.6,38448.86
2011-05-26,23.4,14.3,18.5,3.3,11.3,24.1,40667.72
2011-05-27,25.1,12.8,19.4,0.0,18.1,40.3,48727.33
2011-05-28,26.2,13.3,19.9,3.6,17.8,31.3,43601.75
2011-05-29,19.2,13.9,16.2,3.7,14.8,31.3,7006.59
2011-05-30,23.5,11.0,17.7,0.2,6.9,23.8,49175.84
2011-05-31,25.0,14.6,20.0,0.2,9.0,23.8,48297.68
2011-06-01,24.5,12.9,18.9,8.7,8.1,19.1,43598.19
2011-06-02,23.4,13.8,18.4,17.2,11.1,27.7,34840.47
2011-06-03,23.7,15.8,19.0,9.2,8.0,31.7,26443.41
2011-06-04,25.7,13.2,20.3,0.0,9.2,28.4,47548.39
2011-06-05,27.1,14.4,21.6,0.9,9.2,23.4,47819.55
2011-06-06,27.4,15.6,21.6,2.3,13.3,29.9,45139.46
2011-06-07,28.0,16.2,22.3,0.9,15.3,39.6,43805.13
2011-06-08,29.3,16.5,23.1,1.6,12.0,45.0,49838.56
2011-06-09,24.7,16.4,19.7,4.7,13.6,34.9,36538.92
2011-06-10,18.6,15.1,16.8,0.3,22.8,54.4,6120.42
2011-06-11,20.8,14.4,17.1,5.0,18.4,41.0,41714.86
2011-06-12,19.6,14.1,16.9,5.0,17.2,38.9,31708.33
2011-06-13,22.9,11.8,18.0,0.8,15.0,39.2,49947.88
2011-06-14,25.1,11.4,18.9,0.0,12.9,36.4,51179.41
2011-06-15,24.1,12.5,18.9,4.1,11.2,28.8,48486.96
2011-06-16,25.6,13.4,20.8,0.2,5.7,14.4,50794.55
2011-06-17,27.5,15.0,23.0,0.0,5.9,13.7,51211.12
2011-06-18,29.4,14.8,23.3,0.0,7.6,21.2,51269.36
2011-06-19,29.5,14.8,21.9,1.5,24.3,47.2,50494.9
2011-06-20,21.6,12.8,17.2,0.3,13.8,31.7,50438.4
2011-06-21,25.8,12.6,19.9,0.0,7.1,19.8,51455.76
2011-06-22,30.2,13.5,23.2,0.0,11.4,22.7,51464.64
2011-06-23,31.6,15.9,25.2,0.0,9.9,18.7,51470.83
2011-06-24,28.7,17.8,23.9,0.4,16.6,40.0,45572.02
2011-06-25,22.4,16.2,18.6,0.0,23.3,54.4,45082.54
2011-06-26,20.5,13.6,17.4,0.1,19.1,44.6,39358.75
2011-06-27,22.0,13.6,17.9,0.8,20.0,46.8,44928.33
2011-06-28,21.1,13.4,17.2,3.2,21.1,47.5,31391.01
2011-06-29,21.1,13.9,17.0,3.8,15.3,40.0,22051.56
2011-06-30,23.2,16.0,18.8,15.9,16.5,45.7,33267.16
2011-07-01,18.6,13.9,16.6,2.7,23.3,49.7,5017.95
2011-07-02,17.3,10.3,14.1,0.6,10.7,27.0,16293.78
2011-07-03,20.7,11.3,16.0,2.6,6.8,14.8,49190.45
2011-07-04,23.7,11.6,18.3,0.0,14.3,39.6,49317.34
2011-07-05,25.8,16.3,19.9,10.4,11.1,35.3,32771.21
2011-07-06,23.5,15.3,19.5,1.1,15.5,43.6,49767.01
2011-07-07,27.4,13.5,21.4,0.0,7.4,22.7,50376.02
2011-07-08,31.1,15.3,24.2,0.0,7.7,18.0,50350.81
2011-07-09,32.9,17.2,26.1,0.0,11.2,18.7,50323.06
2011-07-10,33.5,18.2,26.8,0.0,11.0,26.3,50292.75
2011-07-11,33.2,21.2,27.1,1.7,10.9,26.3,48889.61
2011-07-12,30.0,19.0,24.8,0.0,13.4,33.8,49884.05
2011-07-13,32.1,21.1,26.4,0.0,10.7,24.8,49964.25
2011-07-14,33.1,18.9,26.5,0.0,13.4,32.8,49928.53
2011-07-15,34.7,19.7,27.9,0.2,13.1,27.0,44312.14
2011-07-16,27.2,19.8,23.5,0.0,17.9,33.8,48892.53
2011-07-17,29.2,19.0,24.3,0.1,6.1,16.9,48075.31
2011-07-18,31.1,18.5,25.4,0.0,9.4,16.6,49469.32
2011-07-19,33.2,19.5,27.2,0.0,10.7,27.4,49275.38
2011-07-20,30.8,18.1,24.5,4.0,20.5,52.6,46893.54
2011-07-21,23.6,15.5,19.6,3.5,21.0,48.2,44539.13
2011-07-22,24.5,15.3,20.0,0.0,5.0,25.6,44557.92
2011-07-23,27.9,16.9,22.0,2.4,10.9,28.1,39053.95
2011-07-24,27.5,13.8,20.8,0.6,12.1,29.2,45412.54
2011-07-25,22.2,15.6,19.0,4.2,15.0,33.8,33079.54
2011-07-26,22.5,14.5,17.9,1.0,8.0,22.3,27731.53
2011-07-27,25.2,14.6,20.0,0.0,8.3,24.1,48868.81
2011-07-28,30.5,16.6,23.9,0.0,9.6,25.2,47866.76
2011-07-29,24.1,17.2,19.0,12.6,11.8,30.6,8205.56
2011-07-30,23.7,14.7,18.7,2.3,20.9,45.4,34624.54
2011-07-31,23.1,14.3,19.1,0.0,10.1,31.3,47312.92
2011-08-01,23.0,14.3,18.9,0.5,13.7,35.3,47184.86
2011-08-02,23.5,14.8,19.4,4.3,12.4,31.7,43276.24
2011-08-03,25.4,15.6,20.7,0.3,8.4,26.3,45422.66
2011-08-04,26.9,15.5,21.1,2.2,7.2,20.5,33316.05
2011-08-05,24.6,15.2,19.6,8.9,9.4,22.0,26437.61
2011-08-06,27.4,15.7,21.8,0.0,10.0,27.0,47298.42
2011-08-07,31.8,16.1,24.4,0.0,9.5,22.7,47078.74
2011-08-08,34.1,17.7,26.6,0.0,8.0,22.7,47232.04
2011-08-09,25.2,16.7,20.9,0.3,19.7,44.3,46390.75
2011-08-10,21.8,15.9,18.2,0.0,22.1,47.2,38154.25
2011-08-11,21.0,14.0,17.4,0.0,17.6,40.0,37190.52
2011-08-12,25.3,11.6,18.7,0.0,8.4,20.9,46681.41
2011-08-13,27.9,13.7,21.6,0.0,9.1,21.6,46538.29
2011-08-14,28.7,14.9,22.8,0.0,7.9,24.1,46404.75
2011-08-15,31.2,19.3,25.2,0.0,8.9,20.2,46346.53
2011-08-16,29.5,17.2,24.1,0.7,14.0,35.6,46244.91
2011-08-17,28.4,16.8,23.1,0.0,10.1,28.8,46180.6
2011-08-18,29.9,17.8,24.4,0.0,11.0,24.1,46116.11
2011-08-19,32.7,18.8,26.2,0.0,6.6,20.9,46051.43
2011-08-20,30.5,18.4,25.5,0.2,16.3,42.8,45986.62
2011-08-21,29.5,16.1,23.4,0.0,9.8,26.6,45921.7
2011-08-22,30.7,16.2,24.1,0.0,8.7,20.5,45856.68
2011-08-23,33.4,18.5,26.6,0.0,8.6,20.9,45753.34
2011-08-24,36.4,19.0,28.7,0.0,9.8,25.6,45591.41
2011-08-25,36.1,21.2,29.2,0.0,10.8,22.7,45428.93
2011-08-26,33.2,20.4,27.0,0.0,19.9,42.1,45265.99
2011-08-27,30.9,20.7,25.3,0.0,21.8,50.8,45102.72
2011-08-28,28.9,18.5,23.5,0.0,16.6,38.2,44939.22
2011-08-29,29.2,16.9,22.7,0.0,12.6,32.4,44775.23
2011-08-30,30.5,17.4,23.9,0.0,9.0,18.4,44541.96
2011-08-31,28.1,17.3,23.1,0.0,9.4,25.6,43662.69
2011-09-01,29.4,18.3,24.3,0.1,6.9,20.5,43682.73
2011-09-02,28.3,16.7,23.2,0.1,16.5,47.5,42247.57
2011-09-03,28.4,17.4,23.2,0.0,10.6,25.2,42059.3
2011-09-04,31.3,17.3,25.1,0.0,8.9,25.2,43192.52
2011-09-05,33.8,17.1,26.1,0.0,7.7,28.8,42171.71
2011-09-06,25.3,18.2,21.9,3.2,17.0,38.9,32692.13
2011-09-07,26.0,14.4,20.3,0.0,7.5,20.2,41868.39
2011-09-08,26.7,14.8,20.9,0.0,13.1,27.7,40559.82
2011-09-09,25.1,15.2,19.7,0.0,14.1,37.8,41112.45
2011-09-10,28.4,15.5,22.3,0.0,9.0,18.0,41410.53
2011-09-11,32.3,15.3,24.5,0.0,9.7,17.3,41138.09
2011-09-12,31.8,16.6,25.4,0.0,9.1,24.1,40447.32
2011-09-13,29.4,17.2,23.8,0.0,7.8,24.5,40552.33
2011-09-14,32.7,17.8,25.9,0.0,8.5,22.7,39772.72
2011-09-15,27.7,18.3,22.8,0.0,13.5,31.3,39858.09
2011-09-16,27.4,15.6,21.6,0.0,8.5,23.8,39781.25
2011-09-17,29.2,15.3,22.3,0.0,8.5,20.9,39789.44
2011-09-18,31.7,16.8,24.3,0.0,14.6,38.5,39600.0
2011-09-19,30.5,14.9,23.3,0.0,22.8,46.4,36754.83
2011-09-20,21.8,15.5,18.8,10.4,9.9,41.0,934.77
2011-09-21,20.4,14.6,17.1,6.6,10.4,28.4,10510.09
2011-09-22,21.9,12.4,16.9,0.4,10.3,23.4,32715.26
2011-09-23,22.4,12.1,17.1,0.1,10.5,26.6,39600.0
2011-09-24,22.5,10.9,16.6,0.0,9.8,26.3,39600.0
2011-09-25,23.7,10.2,16.9,0.0,9.0,22.3,39600.0
2011-09-26,24.6,13.9,18.9,0.0,11.2,24.5,36655.94
2011-09-27,24.2,13.7,18.9,0.0,11.3,28.4,39423.24
2011-09-28,24.1,11.2,18.3,0.0,11.9,27.7,39310.06
2011-09-29,22.1,10.2,16.3,0.0,17.4,40.0,39197.03
2011-09-30,22.9,10.2,16.8,0.0,13.5,32.8,39084.29
2011-10-01,23.9,11.1,17.5,0.0,14.7,33.8,38924.26
2011-10-02,23.7,10.5,17.2,0.0,16.3,40.0,38739.73
2011-10-03,22.7,9.5,16.5,0.0,7.2,20.9,38555.5
2011-10-04,23.3,9.2,16.8,0.0,8.7,22.7,38371.65
2011-10-05,23.7,9.1,16.8,0.0,7.6,22.0,38188.33
2011-10-06,24.2,9.9,17.0,0.0,9.8,16.2,38005.65
2011-10-07,24.9,8.4,17.0,0.0,18.5,41.8,37823.73
2011-10-08,10.7,6.2,7.9,10.9,20.9,49.0,0.0
2011-10-09,9.7,6.5,7.6,2.9,19.7,43.2,1838.22
2011-10-10,9.9,5.8,7.6,1.2,19.8,45.4,9938.15
2011-10-11,11.6,2.2,8.0,0.0,12.6,25.9,11967.53
2011-10-12,19.2,10.9,14.3,1.4,16.4,47.9,26527.93
2011-10-13,11.7,7.8,10.1,5.6,14.3,30.6,431.93
2011-10-14,11.5,5.0,8.1,0.3,13.2,29.9,33479.25
2011-10-15,10.3,0.5,5.8,0.0,14.0,32.8,35508.52
2011-10-16,9.0,2.8,5.8,0.5,13.7,33.8,33046.43
2011-10-17,8.6,-1.0,3.6,0.0,10.9,26.3,34739.21
2011-10-18,9.6,-2.1,3.1,0.0,8.8,18.0,35409.43
2011-10-19,15.2,-2.3,5.4,0.0,8.4,18.0,35116.71
2011-10-20,18.7,0.4,9.2,0.0,8.7,24.5,34601.53
2011-10-21,8.1,6.2,7.1,2.5,9.7,23.0,0.0
2011-10-22,8.4,6.1,7.0,0.1,6.2,16.2,0.0
2011-10-23,13.0,4.4,8.9,1.4,16.3,30.6,11361.63
2011-10-24,12.8,7.9,9.6,3.0,18.4,45.0,17214.31
2011-10-25,16.1,6.1,9.7,0.0,19.3,44.6,32799.61
2011-10-26,14.1,5.5,9.1,0.0,20.5,44.6,32571.39
2011-10-27,13.1,6.5,9.0,0.0,20.1,46.4,30123.89
2011-10-28,14.0,3.0,7.7,0.0,13.0,32.0,32578.17
2011-10-29,13.3,2.5,6.6,0.0,8.3,24.1,33016.8
2011-10-30,12.8,0.7,5.9,0.0,10.5,27.4,32876.38
2011-10-31,13.2,0.7,6.8,0.0,6.7,13.7,32775.64
2011-11-01,12.5,0.4,6.5,0.0,5.9,13.3,32077.89
2011-11-02,12.6,0.3,5.6,0.0,9.5,24.8,30468.72
2011-11-03,12.7,-1.0,4.8,0.0,9.0,23.4,32298.34
2011-11-04,14.1,-1.1,5.3,0.0,11.5,28.4,32125.95
2011-11-05,15.8,-0.1,6.9,0.0,11.5,27.4,31964.67
2011-11-06,12.0,0.7,6.1,0.0,17.1,37.8,26974.39
2011-11-07,10.2,4.5,7.1,2.2,20.5,45.4,14715.03
2011-11-08,14.0,1.5,6.9,0.0,12.0,28.4,30164.92
2011-11-09,16.0,2.5,8.1,0.0,9.0,22.7,31530.46
2011-11-10,11.2,2.1,6.9,0.4,7.1,18.0,15212.66
2011-11-11,6.9,-0.5,4.1,2.3,12.9,31.0,19892.59
2011-11-12,5.9,-2.0,1.4,0.0,9.1,22.3,31306.72
2011-11-13,5.2,-1.8,0.7,0.0,6.4,17.3,31236.33
2011-11-14,5.6,-2.0,1.1,0.0,5.7,14.8,31147.54
2011-11-15,6.5,-1.8,1.2,0.0,7.0,13.0,27730.91
2011-11-16,6.5,-2.8,0.6,0.0,8.4,18.7,30850.94
2011-11-17,6.0,-2.7,1.0,0.0,5.6,15.8,30707.71
2011-11-18,7.0,-3.8,0.5,0.0,7.2,15.1,30566.43
2011-11-19,5.2,-3.8,-0.7,0.0,7.3,14.8,30426.85
2011-11-20,3.0,-3.9,-1.5,0.0,6.1,15.5,30289.16
2011-11-21,4.1,-5.2,-1.6,0.0,6.7,15.8,24937.27
2011-11-22,6.4,-4.3,-0.6,0.0,6.4,11.9,29217.77
2011-11-23,4.0,-3.6,-0.6,0.8,5.5,16.9,9782.04
2011-11-24,3.4,-2.1,0.3,0.1,4.8,15.5,15847.76
2011-11-25,5.2,-0.6,1.3,0.0,5.8,15.5,29635.61
2011-11-26,2.2,-3.2,-0.4,0.0,14.3,30.2,28337.77
2011-11-27,7.3,-1.0,2.1,0.0,9.4,19.4,29394.2
2011-11-28,8.2,-2.5,1.3,0.0,14.0,31.3,29278.6
2011-11-29,6.8,-2.5,0.7,0.0,9.0,21.6,29166.71
2011-11-30,7.6,-3.0,0.3,0.0,8.8,16.6,29058.72
2011-12-01,2.4,-3.1,-0.5,0.0,6.5,14.0,22405.59
2011-12-02,8.1,-3.9,0.7,0.0,9.0,14.4,27801.14
2011-12-03,12.4,-2.4,3.2,0.0,9.8,19.8,28686.87
2011-12-04,13.0,-1.4,4.6,0.2,9.8,24.5,27463.97
2011-12-05,13.5,3.0,7.8,3.1,12.7,36.7,11493.64
2011-12-06,7.7,2.5,4.3,6.9,20.0,44.6,20707.04
2011-12-07,7.9,-2.3,2.0,0.1,8.8,20.9,27520.35
2011-12-08,6.9,-2.7,1.3,6.0,17.4,45.4,18304.5
2011-12-09,7.9,-3.5,0.7,0.0,10.0,23.0,26714.85
2011-12-10,10.8,-2.3,3.0,0.0,9.0,23.4,25525.11
2011-12-11,10.3,0.8,5.2,0.0,7.6,18.0,26298.25
2011-12-12,11.3,0.9,5.7,0.2,11.5,27.0,14688.19
2011-12-13,11.8,2.3,6.0,0.0,9.5,22.0,26830.65
2011-12-14,10.9,-0.0,4.3,0.0,8.6,19.1,26483.67
2011-12-15,12.3,0.3,5.6,1.5,13.9,29.2,22168.42
2011-12-16,10.4,3.6,6.4,3.1,14.5,34.9,27058.1
2011-12-17,11.9,1.9,6.4,2.2,24.7,64.4,24849.7
2011-12-18,6.0,-3.9,1.0,0.2,9.7,21.2,27545.83
2011-12-19,5.7,-1.9,1.3,0.0,16.0,34.6,2386.48
2011-12-20,1.6,-1.1,0.1,2.8,16.6,32.0,483.47
2011-12-21,1.6,-4.5,-1.6,0.0,8.9,18.7,27277.93
2011-12-22,1.6,-3.7,-1.4,0.0,15.6,34.2,8610.83
2011-12-23,0.7,-2.0,-0.9,0.0,12.2,28.1,4873.0
2011-12-24,2.8,-3.1,-0.7,0.0,5.9,17.3,27222.16
2011-12-25,2.3,-1.9,0.2,2.9,14.2,34.2,0.0
2011-12-26,2.5,-1.8,0.4,0.0,10.4,24.1,12773.31
2011-12-27,2.7,-2.7,-0.7,0.0,5.8,15.5,27095.98
2011-12-28,2.4,-2.2,-0.4,0.0,6.6,15.5,1301.76
2011-12-29,4.4,-4.0,-0.7,0.0,7.1,15.1,25060.8
2011-12-30,3.4,-1.8,0.0,1.0,8.4,18.4,20674.43
2011-12-31,2.3,-1.6,0.1,1.9,12.6,32.8,11890.29
2012-01-01,4.5,-3.1,-0.4,0.0,6.8,15.5,27340.96
2012-01-02,8.3,-2.7,1.1,0.0,10.1,20.2,27567.51
2012-01-03,9.3,-3.1,2.0,0.0,6.6,15.1,27712.04
2012-01-04,9.4,-3.3,1.8,1.4,9.3,20.9,27774.61
2012-01-05,8.4,-0.6,4.2,0.9,12.4,30.2,21632.3
2012-01-06,3.8,2.5,3.2,16.4,25.8,57.6,0.0
2012-01-07,3.1,-2.9,1.5,0.2,28.0,64.8,22389.11
2012-01-08,2.6,-3.3,-0.4,7.0,17.6,39.2,0.0
2012-01-09,2.3,-0.2,0.8,7.3,14.8,36.7,7852.41
2012-01-10,3.1,-0.4,1.0,3.1,14.1,33.5,6390.5
2012-01-11,2.9,-0.6,1.1,1.3,12.4,31.0,0.0
2012-01-12,4.9,-1.3,1.8,0.4,12.8,30.2,0.0
2012-01-13,4.4,-4.1,-0.2,1.6,10.4,28.4,11400.28
2012-01-14,3.0,-3.1,-0.2,1.8,17.8,54.7,28804.93
2012-01-15,0.0,-3.3,-2.0,3.6,19.1,50.8,28292.39
2012-01-16,-1.7,-7.6,-3.5,1.4,18.1,38.5,22510.98
2012-01-17,-0.2,-8.3,-3.9,2.2,14.5,35.3,20051.72
2012-01-18,1.2,-2.4,-0.8,3.0,12.2,32.4,17657.65
2012-01-19,4.2,-5.7,-0.9,0.2,10.6,24.8,27499.04
2012-01-20,2.8,-0.4,1.3,8.9,23.7,45.4,1468.99
2012-01-21,3.0,-1.0,0.6,1.5,23.3,52.2,29444.15
2012-01-22,4.3,-4.5,-0.7,2.4,10.4,27.7,10011.54
2012-01-23,8.2,-3.2,1.8,1.6,8.2,20.2,23410.79
2012-01-24,3.2,-1.2,1.0,13.2,11.3,25.2,2294.46
2012-01-25,-0.3,-0.7,-0.5,21.4,24.9,49.7,0.0
2012-01-26,-0.9,-2.3,-1.6,8.5,18.0,39.2,0.0
2012-01-27,-0.9,-3.3,-2.1,0.0,11.3,25.2,3417.83
2012-01-28,-3.3,-11.6,-7.0,0.0,12.9,28.1,29825.55
2012-01-29,-5.6,-13.8,-10.3,0.0,11.9,24.8,29647.44
2012-01-30,-7.4,-18.0,-13.3,0.0,13.8,26.3,30999.97
2012-01-31,-5.9,-24.1,-14.1,0.0,10.2,19.1,31156.18
2012-02-01,-8.1,-19.0,-13.5,0.0,16.7,38.2,30821.92
2012-02-02,-9.8,-14.3,-12.7,3.0,10.8,26.3,21600.0
2012-02-03,-9.1,-13.7,-11.7,6.3,4.3,11.5,0.0
2012-02-04,-9.6,-12.9,-11.5,4.2,10.7,20.5,0.0
2012-02-05,-8.9,-13.6,-11.4,0.0,10.4,23.0,14920.16
2012-02-06,-10.0,-13.3,-12.0,5.8,12.3,23.8,3887.78
2012-02-07,-8.1,-13.3,-10.9,7.7,13.4,26.6,0.0
2012-02-08,-10.1,-16.8,-12.7,0.0,13.9,30.2,31256.37
2012-02-09,-9.7,-21.5,-14.8,0.0,6.8,12.2,28032.06
2012-02-10,-9.5,-16.2,-12.7,0.0,8.3,16.9,28881.38
2012-02-11,-9.6,-13.3,-11.7,3.7,10.5,26.3,16421.1
2012-02-12,-8.7,-12.4,-10.5,7.1,5.1,23.0,0.0
2012-02-13,-6.3,-10.7,-9.1,4.2,9.7,21.2,14736.84
2012-02-14,-5.6,-16.6,-10.2,0.0,9.7,19.8,33967.48
2012-02-15,-3.6,-17.5,-9.6,0.9,11.4,30.2,26550.04
2012-02-16,-0.4,-5.1,-2.8,3.6,26.6,54.0,21530.41
2012-02-17,0.3,-6.2,-2.7,2.0,18.2,42.5,27559.46
2012-02-18,3.4,-2.4,0.9,3.9,16.2,38.2,34218.43
2012-02-19,4.6,-8.8,-2.3,0.0,11.2,16.9,34832.18
2012-02-20,7.5,-5.0,0.0,1.6,9.5,18.4,28889.33
2012-02-21,3.8,-3.3,0.3,0.2,6.0,12.6,22204.88
2012-02-22,1.4,-7.5,-2.6,0.0,5.0,13.7,4490.13
2012-02-23,5.8,-3.9,-0.1,0.0,7.6,13.0,29431.86
2012-02-24,5.2,-4.2,1.3,0.4,13.0,27.7,10696.09
2012-02-25,8.9,-1.2,3.0,0.0,19.0,43.9,31555.23
2012-02-26,4.4,-2.5,0.6,2.8,14.9,34.2,552.62
2012-02-27,1.3,-2.9,-1.1,0.5,22.9,53.6,29048.92
2012-02-28,1.3,-7.7,-2.5,0.4,18.7,44.6,33276.5
2012-02-29,5.9,-1.8,2.4,13.0,25.9,62.6,19874.55
2012-03-01,6.6,-1.3,2.1,0.0,16.5,40.3,36122.39
2012-03-02,8.8,-0.6,3.7,0.1,20.5,43.2,16911.25
2012-03-03,6.6,2.4,4.3,0.0,20.5,47.5,33686.3
2012-03-04,7.2,-0.9,2.8,0.0,9.4,23.8,37048.6
2012-03-05,6.0,-1.6,2.4,0.0,9.3,23.0,34252.14
2012-03-06,5.0,-3.8,0.2,0.0,10.2,25.6,37691.31
2012-03-07,2.4,-4.1,-1.3,0.0,8.6,18.4,37800.68
2012-03-08,6.7,-3.8,0.8,0.0,10.0,22.3,37910.27
2012-03-09,6.1,-2.8,1.2,0.0,11.2,28.1,37877.89
2012-03-10,6.9,-1.7,2.4,0.0,7.1,20.9,33430.63
2012-03-11,8.7,-1.6,3.2,3.3,23.7,56.5,38239.23
2012-03-12,5.6,-0.8,2.5,0.1,22.6,56.9,30609.61
2012-03-13,7.9,-3.6,2.5,0.0,16.8,38.9,38457.51
2012-03-14,8.0,-0.1,4.5,0.4,20.6,43.9,5623.99
2012-03-15,8.0,2.0,5.4,0.0,19.6,42.8,10195.0
2012-03-16,13.5,-1.4,5.9,0.0,7.2,16.9,39198.54
2012-03-17,18.4,-2.1,7.4,0.0,9.4,17.3,39405.94
2012-03-18,19.9,-1.4,8.8,0.0,10.7,25.6,39531.43
2012-03-19,19.6,2.8,10.8,0.0,8.3,22.3,38317.86
2012-03-20,17.3,4.0,10.6,0.0,9.8,22.7,39876.25
2012-03-21,16.7,3.7,10.4,0.0,11.3,28.1,40205.86
2012-03-22,17.5,1.8,10.7,0.0,7.5,17.3,40549.32
2012-03-23,20.1,1.9,12.6,0.2,7.0,15.5,39917.57
2012-03-24,19.2,3.9,12.3,0.0,10.7,27.4,39629.45
2012-03-25,18.5,4.2,11.2,0.3,14.5,33.5,40668.31
2012-03-26,13.3,5.0,8.8,0.0,24.8,54.4,41274.55
2012-03-27,13.1,0.4,7.4,0.0,15.6,38.9,41193.3
2012-03-28,14.4,5.8,9.7,0.0,20.8,48.6,41345.48
2012-03-29,19.4,2.6,10.9,1.4,21.1,53.3,40336.75
2012-03-30,11.4,6.5,8.6,10.6,28.6,61.9,19271.94
2012-03-31,17.6,5.1,10.5,1.3,11.4,34.2,40305.42
2012-04-01,9.4,0.8,5.7,8.0,21.7,50.0,23913.75
2012-04-02,12.8,-2.2,5.1,0.0,10.6,21.6,42127.23
2012-04-03,18.0,-0.2,9.3,0.0,13.6,31.0,35933.67
2012-04-04,22.0,4.3,12.4,2.3,9.2,30.2,41280.11
2012-04-05,22.2,5.7,13.9,0.0,13.3,28.4,36473.73
2012-04-06,16.6,9.8,12.5,7.5,7.0,20.9,18656.87
2012-04-07,18.0,6.3,12.4,1.4,12.4,23.0,36907.57
2012-04-08,10.6,3.6,7.4,14.4,22.0,48.2,24352.82
2012-04-09,6.5,1.1,3.9,0.6,21.7,48.6,24819.03
2012-04-10,11.3,-1.6,4.8,0.0,10.2,23.4,44204.41
2012-04-11,17.4,0.1,9.4,0.1,13.3,28.8,37963.26
2012-04-12,18.4,4.1,11.3,0.5,13.0,33.1,42680.71
2012-04-13,18.2,5.3,12.1,1.5,16.0,35.3,26502.57
2012-04-14,15.6,7.4,11.0,12.8,7.1,21.2,20291.37
2012-04-15,15.4,8.8,11.4,4.5,8.9,30.6,15732.97
2012-04-16,17.3,3.4,11.0,2.0,8.9,28.4,33450.11
2012-04-17,9.9,6.2,8.5,3.5,14.3,31.7,5439.19
2012-04-18,8.3,5.7,6.8,8.0,15.5,31.3,0.0
2012-04-19,16.9,2.4,9.0,3.4,11.0,34.9,37233.13
2012-04-20,16.2,5.6,10.2,3.1,10.4,32.8,30897.21
2012-04-21,17.1,2.5,10.0,2.2,10.0,23.8,44398.0
2012-04-22,18.4,2.3,11.1,0.2,10.7,36.7,45946.16
2012-04-23,19.4,5.3,12.9,0.6,11.8,33.8,46327.74
2012-04-24,21.9,7.6,14.6,0.1,15.6,41.4,46416.53
2012-04-25,18.0,7.5,11.5,5.4,24.0,60.1,36800.04
2012-04-26,20.2,3.8,13.2,0.0,9.0,14.4,46589.57
2012-04-27,23.4,7.4,16.4,0.0,10.7,22.0,46674.84
2012-04-28,23.7,11.7,18.2,0.0,16.3,38.2,46759.31
2012-04-29,24.1,13.3,18.6,0.0,15.7,37.4,46800.0
2012-04-30,26.1,10.7,19.1,0.0,10.0,20.9,46800.0
2012-05-01,26.5,13.2,20.7,0.0,9.6,23.8,46800.0
2012-05-02,27.5,11.7,21.2,0.0,7.6,20.5,45083.65
2012-05-03,26.2,11.3,19.0,2.5,7.7,18.4,45025.64
2012-05-04,23.0,12.9,17.4,5.3,9.4,25.6,46800.0
2012-05-05,23.1,10.3,16.8,0.1,9.4,24.5,46800.0
2012-05-06,23.7,10.8,17.8,0.0,6.3,18.7,46308.78
2012-05-07,23.2,12.3,17.6,0.7,16.2,45.4,36639.38
2012-05-08,19.2,11.2,14.8,0.0,14.8,35.3,46725.25
2012-05-09,20.3,9.5,15.5,0.0,10.1,28.1,46985.84
2012-05-10,22.6,11.3,17.0,0.0,10.8,27.0,47081.47
2012-05-11,24.6,11.5,18.9,0.0,9.2,25.9,46983.07
2012-05-12,26.4,12.7,20.7,0.0,9.7,22.0,46890.29
2012-05-13,17.6,8.3,11.8,4.5,23.1,52.6,0.0
2012-05-14,9.0,7.2,8.1,17.5,10.2,24.1,0.0
2012-05-15,10.1,6.9,8.5,20.4,17.1,33.5,0.0
2012-05-16,15.3,9.3,12.1,1.2,15.0,32.0,23541.79
2012-05-17,11.1,8.4,9.7,3.4,27.9,56.5,5505.8
2012-05-18,13.4,6.7,10.3,0.5,15.5,35.6,8083.58
2012-05-19,19.4,9.0,14.4,0.0,8.3,19.8,39429.17
2012-05-20,22.4,8.0,16.1,0.0,8.6,18.7,48124.12
2012-05-21,23.8,10.0,17.8,0.0,19.6,42.1,42719.45
2012-05-22,20.7,12.3,16.5,10.6,15.7,47.2,34550.47
2012-05-23,17.6,11.1,13.8,9.8,12.1,30.6,13944.64
2012-05-24,19.1,11.6,15.3,22.8,14.1,29.5,8578.14
2012-05-25,19.0,13.4,15.9,7.2,16.9,39.6,6061.74
2012-05-26,18.8,10.9,14.9,0.3,12.2,28.1,37770.52
2012-05-27,17.8,8.1,13.1,6.6,9.7,29.5,43648.08
2012-05-28,19.4,7.1,13.9,0.6,15.0,38.9,47366.3
2012-05-29,17.0,8.3,13.1,9.9,12.1,35.6,41784.49
2012-05-30,21.3,8.7,15.2,4.2,12.8,32.4,47461.38
2012-05-31,22.9,10.2,17.4,8.4,10.8,32.8,48435.0
2012-06-01,24.2,11.3,17.7,6.2,12.0,33.1,46032.02
2012-06-02,21.6,13.4,17.0,7.8,7.0,17.6,22684.84
2012-06-03,27.8,11.8,20.8,0.0,8.3,23.0,50420.92
2012-06-04,27.4,12.5,20.9,0.0,10.4,28.1,50401.0
2012-06-05,22.2,13.7,17.1,6.9,19.4,51.5,29470.62
2012-06-06,18.4,10.4,14.6,0.0,19.7,43.9,50052.39
2012-06-07,25.0,9.4,18.0,0.0,9.2,23.4,49977.73
2012-06-08,29.5,12.5,21.7,0.0,9.4,18.7,50861.98
2012-06-09,32.3,15.3,24.4,0.1,9.7,20.2,50637.36
2012-06-10,31.9,16.6,23.7,1.5,8.2,24.5,50071.11
2012-06-11,26.8,16.7,22.0,3.3,7.3,29.2,46936.12
2012-06-12,29.7,15.4,23.0,0.0,20.7,43.9,50999.12
2012-06-13,25.2,16.2,20.8,0.0,9.7,27.7,49102.63
2012-06-14,22.4,14.4,18.8,0.4,10.8,28.4,49814.62
2012-06-15,25.1,14.2,20.0,0.0,8.7,23.4,51225.05
2012-06-16,27.2,15.0,21.6,0.0,9.9,23.8,51536.62
2012-06-17,29.7,16.9,23.5,0.0,14.2,31.3,51411.97
2012-06-18,30.2,19.0,24.5,0.0,15.8,36.0,51573.32
2012-06-19,31.2,19.7,25.0,0.0,13.8,33.1,51443.8
2012-06-20,32.4,20.2,26.2,0.0,12.9,30.6,51455.6
2012-06-21,33.2,18.4,26.1,0.0,11.2,29.2,51464.56
2012-06-22,32.6,19.1,26.0,1.0,15.4,47.2,49433.74
2012-06-23,28.8,19.1,24.3,0.0,12.3,28.8,49141.15
2012-06-24,29.2,18.5,24.1,0.0,10.0,27.7,50346.06
2012-06-25,31.4,17.8,25.1,0.1,15.3,33.1,49349.04
2012-06-26,24.0,16.2,19.8,2.5,17.1,41.0,31464.4
2012-06-27,24.2,12.9,19.3,0.0,14.7,37.1,51181.48
2012-06-28,27.1,13.8,21.1,0.0,7.2,19.8,51172.88
2012-06-29,30.6,15.9,24.0,0.0,8.1,20.9,51025.7
2012-06-30,32.5,19.4,26.7,0.0,9.7,22.3,51013.09
2012-07-01,33.5,20.8,27.9,0.0,10.9,27.4,50864.59
2012-07-02,32.8,20.7,27.2,0.0,17.7,41.8,50848.16
2012-07-03,32.5,18.4,26.2,0.0,17.6,41.0,50959.18
2012-07-04,33.6,19.5,27.2,0.0,8.8,24.1,48458.09
2012-07-05,34.2,19.8,28.3,0.0,7.3,22.0,49534.57
2012-07-06,34.4,21.2,28.3,0.6,8.3,26.6,43986.15
2012-07-07,32.3,20.4,27.0,0.0,7.5,18.0,50296.54
2012-07-08,33.7,21.1,28.6,0.0,6.4,18.4,50042.23
2012-07-09,34.7,22.4,28.8,0.0,9.1,18.7,49827.66
2012-07-10,32.9,21.0,27.5,1.1,9.0,30.6,49109.39
2012-07-11,33.1,22.6,28.1,0.0,9.3,25.2,49672.7
2012-07-12,31.5,19.4,26.0,0.0,16.7,40.7,46132.69
2012-07-13,31.0,19.0,25.4,0.0,9.7,26.3,49240.01
2012-07-14,34.3,20.9,28.2,0.0,9.8,19.8,49795.13
2012-07-15,37.1,20.7,28.4,0.0,23.4,40.7,49757.12
2012-07-16,24.2,19.1,21.1,0.0,20.6,49.0,41291.71
2012-07-17,25.1,14.5,20.3,0.0,13.4,33.8,49575.07
2012-07-18,25.9,14.1,20.8,0.0,14.1,35.3,48960.07
2012-07-19,30.2,15.2,23.4,0.0,10.0,21.2,49394.9
2012-07-20,33.9,16.1,26.2,0.0,10.5,23.0,49350.18
2012-07-21,34.5,18.1,28.2,0.0,16.5,32.4,49303.0
2012-07-22,25.4,19.8,22.5,0.0,20.2,39.2,27806.53
2012-07-23,29.6,16.9,22.6,2.9,17.1,38.9,44209.45
2012-07-24,27.1,19.9,23.8,4.3,20.5,50.8,28307.07
2012-07-25,27.0,18.7,22.8,10.9,6.3,25.2,46370.59
2012-07-26,26.0,19.9,22.5,11.2,13.1,34.2,37100.82
2012-07-27,25.9,19.2,22.4,1.8,12.3,28.8,42880.04
2012-07-28,28.9,18.2,24.3,0.0,5.8,18.7,48547.19
2012-07-29,34.5,18.1,26.8,1.2,11.2,27.7,47716.0
2012-07-30,27.7,19.3,23.9,0.6,14.5,36.4,48104.02
2012-07-31,28.2,17.8,23.2,0.6,14.6,34.9,47313.0
2012-08-01,27.9,17.9,23.2,0.1,14.4,37.1,46935.05
2012-08-02,30.3,17.8,24.7,0.9,7.9,18.7,46299.09
2012-08-03,32.2,20.4,26.8,0.0,7.0,14.4,47666.04
2012-08-04,32.5,22.1,27.7,0.1,8.1,21.6,46958.39
2012-08-05,35.1,22.7,29.1,0.0,11.5,24.1,47076.71
2012-08-06,37.0,20.1,29.8,0.0,9.8,19.8,47509.28
2012-08-07,34.1,21.2,28.4,0.1,14.5,37.1,47150.62
2012-08-08,30.2,19.1,25.2,0.0,14.1,32.4,46983.94
2012-08-09,29.8,17.6,24.3,0.0,14.1,33.5,47012.95
2012-08-10,26.7,17.9,22.5,0.9,12.7,34.2,44377.91
2012-08-11,25.2,15.2,20.9,0.0,13.7,29.9,43820.89
2012-08-12,22.0,15.4,18.5,0.0,15.5,37.4,46553.69
2012-08-13,25.5,12.1,19.1,0.0,11.5,30.6,46418.85
2012-08-14,27.8,14.2,21.8,0.0,12.4,33.8,46323.75
2012-08-15,28.2,14.6,21.9,0.0,9.7,28.1,46259.3
2012-08-16,31.1,16.2,24.5,0.0,11.8,31.7,46194.73
2012-08-17,28.8,15.8,23.2,0.0,12.7,32.4,46130.09
2012-08-18,28.1,16.4,23.2,0.0,14.9,35.6,44164.6
2012-08-19,28.4,14.9,22.5,0.0,11.7,29.9,46000.68
2012-08-20,31.3,15.3,24.3,0.0,7.4,21.2,45935.98
2012-08-21,34.8,17.0,27.3,0.0,8.9,19.1,45871.35
2012-08-22,36.1,18.7,28.6,0.0,8.7,17.3,45796.51
2012-08-23,37.0,20.2,29.9,0.0,8.4,19.8,45637.56
2012-08-24,37.4,20.6,29.7,0.0,9.1,24.1,45476.94
2012-08-25,36.8,18.5,28.8,0.0,10.2,22.7,45314.61
2012-08-26,36.3,19.3,29.1,0.0,25.4,56.2,45150.71
2012-08-27,23.7,15.7,19.8,5.4,22.9,56.2,32441.55
2012-08-28,24.8,16.1,20.4,0.0,13.3,35.3,44818.61
2012-08-29,27.0,14.7,21.3,0.0,8.9,23.0,44650.65
2012-08-30,29.1,13.5,22.2,0.0,7.7,19.4,44481.58
2012-08-31,32.7,14.9,24.7,0.0,19.1,38.5,44311.5
2012-09-01,31.8,16.5,24.7,0.0,20.5,43.6,43984.26
2012-09-02,30.3,17.4,23.9,0.0,15.1,33.8,43595.34
2012-09-03,29.7,17.3,23.1,0.0,15.0,32.8,42122.07
2012-09-04,30.5,17.3,23.7,0.0,11.6,28.4,42845.2
2012-09-05,30.3,18.2,24.1,0.0,10.3,27.0,42565.95
2012-09-06,28.0,16.9,21.8,0.8,16.6,38.5,39443.01
2012-09-07,23.2,16.1,19.4,1.1,15.6,36.7,38715.62
2012-09-08,25.7,11.5,19.0,0.0,10.5,29.2,42056.35
2012-09-09,27.7,13.2,21.1,0.0,11.4,29.9,41649.91
2012-09-10,28.5,16.5,22.7,0.0,14.8,36.0,40309.86
2012-09-11,27.3,15.5,21.5,0.0,17.0,41.8,40572.94
2012-09-12,27.3,13.8,20.8,0.0,11.8,27.4,40012.02
2012-09-13,28.8,13.3,20.2,0.2,16.3,38.9,32530.64
2012-09-14,25.5,13.2,18.0,0.1,12.4,26.6,22299.83
2012-09-15,16.1,13.1,14.7,3.0,13.4,34.2,1737.56
2012-09-16,18.2,12.5,15.6,0.0,13.3,31.0,8586.84
2012-09-17,21.6,14.6,17.7,0.0,12.1,28.8,3903.4
2012-09-18,25.3,13.6,19.2,0.0,10.6,30.6,39600.0
2012-09-19,26.5,13.1,20.2,0.0,12.3,31.7,38150.98
2012-09-20,18.3,9.4,12.2,13.5,19.2,45.4,0.0
2012-09-21,16.6,8.5,11.9,0.0,21.9,53.3,39600.0
2012-09-22,22.4,5.6,14.0,0.0,7.7,19.1,39600.0
2012-09-23,24.2,8.6,16.9,0.0,9.0,15.5,39600.0
2012-09-24,29.5,10.3,19.9,0.0,9.1,22.7,39600.0
2012-09-25,25.9,13.9,20.3,0.0,12.9,31.3,39557.16
2012-09-26,28.3,12.3,20.7,0.0,9.1,23.0,39444.66
2012-09-27,31.5,12.4,21.6,0.0,11.4,32.0,39332.63
2012-09-28,27.3,13.7,20.8,0.0,11.9,27.0,39221.18
2012-09-29,31.5,14.3,22.8,0.0,10.3,25.2,39110.42
2012-09-30,33.0,15.2,23.6,0.0,9.5,21.2,38971.04
2012-10-01,31.5,15.9,23.2,0.0,12.3,29.9,37258.34
2012-10-02,29.3,15.4,22.1,0.1,14.2,34.6,38608.61
2012-10-03,21.7,15.7,17.8,0.0,10.8,28.1,34629.89
2012-10-04,22.2,10.1,16.4,0.0,7.8,19.1,38243.78
2012-10-05,22.7,11.1,17.0,0.0,12.7,28.4,36968.23
2012-10-06,25.4,8.8,17.8,0.0,10.1,19.1,37875.67
2012-10-07,25.1,9.8,17.7,0.0,9.7,25.6,31868.13
2012-10-08,17.1,8.3,12.0,1.0,23.5,52.6,27701.55
2012-10-09,17.6,4.8,11.1,0.0,9.2,26.3,36340.87
2012-10-10,19.2,9.9,14.0,0.0,7.4,19.8,32802.02
2012-10-11,13.0,8.5,10.7,1.1,9.4,24.5,1505.09
2012-10-12,17.3,7.1,12.5,12.1,13.4,22.0,16986.95
2012-10-13,14.1,11.0,12.8,3.6,10.2,29.2,0.0
2012-10-14,19.0,11.5,14.6,6.7,7.1,26.3,27728.19
2012-10-15,23.2,11.6,16.3,0.0,12.4,37.8,25787.67
2012-10-16,21.8,12.2,16.6,0.6,18.7,41.4,0.0
2012-10-17,18.6,9.0,13.1,0.0,7.3,20.5,33009.98
2012-10-18,21.7,7.2,13.9,0.0,10.9,25.9,35141.2
2012-10-19,23.6,6.8,14.6,0.0,8.9,22.0,34951.82
2012-10-20,23.4,7.5,14.3,0.0,9.8,19.4,34619.43
2012-10-21,19.1,8.5,13.2,0.0,12.8,33.1,34601.66
2012-10-22,18.8,8.4,12.8,0.0,8.1,20.2,34380.29
2012-10-23,18.5,6.7,11.9,0.0,8.8,21.6,34000.64
2012-10-24,16.4,6.7,11.0,0.0,7.2,18.7,32400.0
2012-10-25,16.6,6.6,11.0,0.0,6.8,15.5,29850.74
2012-10-26,16.7,5.1,10.1,0.0,7.3,19.1,33273.96
2012-10-27,17.7,6.9,12.6,1.8,21.9,48.6,555.75
2012-10-28,14.4,3.8,9.2,5.3,16.6,38.2,11244.45
2012-10-29,5.1,3.3,4.0,5.0,11.0,34.2,0.0
2012-10-30,5.9,1.5,3.2,1.9,15.3,34.2,15519.6
2012-10-31,11.3,-1.4,4.5,0.0,10.5,24.8,32789.19
2012-11-01,12.6,5.1,8.9,8.6,24.6,56.9,0.0
2012-11-02,18.7,5.4,10.9,0.0,10.0,25.2,32148.76
2012-11-03,18.5,4.6,11.2,0.0,9.8,18.7,30803.04
2012-11-04,19.2,6.6,12.0,0.0,9.5,22.7,31867.68
2012-11-05,20.2,8.6,14.1,3.3,19.3,51.8,15850.32
2012-11-06,12.2,6.6,9.2,5.2,16.4,42.8,31702.94
2012-11-07,10.0,3.6,7.0,1.1,13.8,31.7,29323.63
2012-11-08,10.9,3.9,6.6,0.0,7.6,18.4,13310.6
2012-11-09,12.6,1.9,6.2,0.0,12.0,28.1,19419.0
2012-11-10,11.1,3.4,6.8,0.0,15.1,34.2,28475.0
2012-11-11,14.9,4.0,8.5,0.0,17.6,37.8,30000.15
2012-11-12,16.2,4.7,10.0,0.0,9.9,22.0,25395.44
2012-11-13,15.0,5.6,10.0,0.1,14.3,31.0,23541.08
2012-11-14,9.2,6.6,7.6,0.0,10.8,22.7,0.0
2012-11-15,6.7,4.8,5.8,0.7,15.1,31.0,6564.75
2012-11-16,11.4,3.6,6.5,0.0,5.9,20.2,27981.34
2012-11-17,11.7,2.6,5.9,0.0,11.7,31.3,30041.32
2012-11-18,12.0,2.5,6.1,0.0,13.6,33.1,30461.71
2012-11-19,11.6,3.1,6.3,0.0,12.2,30.2,26516.38
2012-11-20,11.3,4.8,7.9,0.0,15.1,35.3,637.81
2012-11-21,10.9,4.2,7.7,0.0,14.7,35.3,17493.89
2012-11-22,10.5,3.2,6.4,0.0,7.9,19.4,23202.11
2012-11-23,11.3,5.4,7.8,0.1,7.1,19.8,21220.23
2012-11-24,10.7,6.3,8.1,0.0,5.2,10.1,113.21
2012-11-25,11.8,3.1,7.4,0.0,7.1,13.3,20740.54
2012-11-26,12.5,1.5,5.6,0.0,9.3,16.2,26890.31
2012-11-27,13.5,0.3,5.8,0.0,9.0,19.8,27977.39
2012-11-28,14.1,2.9,8.8,0.3,20.5,46.4,25737.41
2012-11-29,15.6,8.3,12.6,0.0,23.2,52.6,26915.67
2012-11-30,14.8,6.6,10.4,0.0,18.0,41.0,26084.35
2012-12-01,6.4,3.7,4.7,5.2,9.0,20.5,0.0
2012-12-02,8.3,2.2,4.9,1.8,13.2,25.6,8040.45
2012-12-03,3.7,0.4,1.5,5.6,22.0,51.8,0.0
2012-12-04,6.2,-2.7,1.6,0.2,17.8,47.5,28324.55
2012-12-05,2.4,0.6,1.5,10.9,15.6,35.6,0.0
2012-12-06,2.9,-1.2,0.8,0.0,10.5,23.8,2416.59
2012-12-07,1.6,-4.3,-0.9,0.0,8.8,20.5,24483.31
2012-12-08,2.2,-4.3,-0.1,7.5,21.1,50.0,0.0
2012-12-09,-0.6,-5.0,-3.6,9.0,23.7,49.0,0.0
2012-12-10,-0.8,-16.3,-7.6,0.2,12.1,31.0,27935.93
2012-12-11,-4.3,-11.4,-7.0,10.5,12.9,29.9,0.0
2012-12-12,-2.9,-9.0,-4.4,1.5,22.7,47.5,16914.85
2012-12-13,-4.4,-16.7,-10.8,0.0,10.7,19.1,27905.25
2012-12-14,-3.1,-16.6,-10.6,0.0,11.0,23.8,25995.57
2012-12-15,2.8,-8.3,-2.7,1.3,13.5,28.8,17664.03
2012-12-16,6.4,0.5,2.5,5.3,12.4,51.1,25282.97
2012-12-17,3.1,-1.5,0.6,4.7,11.6,26.6,18748.23
2012-12-18,1.3,-1.5,0.3,5.6,13.8,34.2,0.0
2012-12-19,1.4,-1.3,0.0,3.5,10.8,27.0,10959.62
2012-12-20,1.7,-1.0,0.2,0.1,13.5,26.6,3684.49
2012-12-21,1.3,-1.9,-0.2,0.0,6.4,17.6,10769.83
2012-12-22,0.0,-2.6,-1.2,0.0,7.3,20.5,10889.22
2012-12-23,2.6,-4.7,-0.9,0.0,9.1,22.3,24792.1
2012-12-24,7.1,-0.5,2.3,0.0,9.5,16.9,21786.76
2012-12-25,8.3,-1.7,1.8,0.0,10.3,19.8,25950.27
2012-12-26,9.6,-2.0,2.4,0.0,8.7,22.0,2499.57
2012-12-27,6.6,1.1,3.5,2.5,13.0,32.8,5295.43
2012-12-28,6.5,-0.9,2.8,7.6,15.0,34.6,3600.0
2012-12-29,3.6,-0.2,1.6,3.0,14.7,32.8,2098.66
2012-12-30,4.6,-3.9,-0.2,0.0,13.0,30.6,27622.21
2012-12-31,3.4,-2.9,-0.3,0.0,8.0,19.8,27336.21
2013-01-01,6.5,-4.0,-0.3,0.0,8.4,21.6,27731.5
2013-01-02,6.8,-4.7,-0.3,0.0,8.4,14.4,27790.29
2013-01-03,5.1,-3.2,0.5,0.0,7.1,20.2,23283.12
2013-01-04,7.6,-0.9,3.9,0.0,22.9,54.4,7226.71
2013-01-05,6.3,2.5,4.6,14.6,24.4,57.2,0.0
2013-01-06,2.7,-0.6,0.8,1.0,20.2,53.6,15851.57
2013-01-07,0.3,-3.1,-1.0,5.4,19.9,46.8,25252.46
2013-01-08,-1.1,-4.7,-3.2,0.0,15.7,37.4,25355.92
2013-01-09,0.3,-5.1,-2.4,4.1,9.7,25.6,5665.52
2013-01-10,2.0,-5.4,-1.1,2.1,8.0,23.8,6300.42
2013-01-11,5.1,-2.2,1.0,3.4,14.2,29.2,21527.1
2013-01-12,0.5,-2.8,-1.4,2.2,17.0,36.4,24043.41
2013-01-13,4.3,-5.5,-1.3,0.0,14.3,30.6,27485.54
2013-01-14,8.6,-2.5,3.3,1.7,21.9,49.3,10149.81
2013-01-15,10.9,5.0,7.3,0.2,19.6,45.7,3704.2
2013-01-16,10.8,2.7,6.2,1.3,21.7,43.9,28631.11
2013-01-17,8.7,-1.5,3.6,4.7,13.5,32.4,22348.56
2013-01-18,4.7,-0.5,2.7,7.7,16.5,39.2,0.0
2013-01-19,2.0,-4.4,-1.1,0.4,15.6,32.0,24961.06
2013-01-20,9.5,-4.2,3.4,0.2,10.4,26.3,25046.61
2013-01-21,13.2,5.6,8.8,0.0,16.1,37.1,19350.41
2013-01-22,10.5,2.7,6.1,3.5,12.5,29.9,26588.03
2013-01-23,6.7,-0.0,2.7,0.1,8.4,16.9,25831.38
2013-01-24,6.9,-1.4,2.3,1.5,19.2,44.3,14170.4
2013-01-25,2.1,-1.9,0.5,3.7,16.6,38.2,0.0
2013-01-26,-1.9,-5.0,-2.8,6.1,12.6,26.3,0.0
2013-01-27,-0.9,-6.4,-4.2,0.0,9.7,14.4,14907.72
2013-01-28,3.7,-10.7,-3.1,0.0,9.1,16.2,15554.25
2013-01-29,2.0,-2.9,-0.7,0.4,12.1,27.0,10511.91
2013-01-30,3.7,-2.5,0.2,0.0,6.8,18.0,0.0
2013-01-31,9.2,-1.2,3.2,2.0,25.5,57.2,21937.45
2013-02-01,9.2,-3.4,1.9,0.0,8.6,20.9,25503.52
2013-02-02,13.6,-0.5,5.7,0.0,17.6,37.8,21033.74
2013-02-03,6.2,0.4,3.0,3.9,20.8,46.1,0.0
2013-02-04,5.5,-2.4,1.2,0.0,11.3,27.0,31261.85
2013-02-05,11.2,-3.5,2.6,0.0,12.6,31.0,31354.3
2013-02-06,10.9,-1.9,4.0,0.0,12.4,25.9,26560.29
2013-02-07,4.1,0.5,2.4,5.3,12.8,28.8,9353.88
2013-02-08,1.7,-0.9,0.3,0.6,19.2,40.0,0.0
2013-02-09,2.5,-2.2,-0.1,0.5,9.0,20.5,7743.56
2013-02-10,3.0,-3.1,-0.6,4.3,11.3,25.2,30794.46
2013-02-11,4.0,-4.1,-1.2,0.0,10.2,22.7,33573.94
2013-02-12,7.9,-3.3,2.8,1.2,20.5,48.2,11848.05
2013-02-13,7.1,0.6,3.6,0.0,21.1,45.0,13161.34
2013-02-14,6.3,1.2,3.6,0.7,7.7,20.5,4852.8
2013-02-15,6.6,0.8,3.7,0.3,7.0,19.1,22736.13
2013-02-16,6.0,-0.2,2.8,3.4,7.3,20.5,16816.78
2013-02-17,6.9,0.5,3.4,3.2,7.4,20.9,25522.53
2013-02-18,5.0,-1.3,1.5,1.9,10.9,21.6,16611.58
2013-02-19,4.2,-1.2,1.4,1.0,9.2,21.2,11783.91
2013-02-20,6.8,-3.3,1.6,0.9,6.3,13.3,25811.92
2013-02-21,4.3,-1.2,1.4,5.9,9.6,19.4,0.0
2013-02-22,2.5,-0.2,1.0,7.0,7.9,14.0,2878.62
2013-02-23,9.4,-0.0,4.4,1.3,19.4,48.2,18419.13
2013-02-24,10.8,4.8,6.8,0.8,23.1,57.6,18896.89
2013-02-25,10.1,4.0,6.5,2.5,14.7,41.4,6482.97
2013-02-26,6.0,4.1,5.1,13.7,9.9,24.1,0.0
2013-02-27,4.8,0.7,2.9,3.8,8.5,20.2,2814.3
2013-02-28,8.6,-0.5,3.5,0.0,6.2,20.9,35651.74
2013-03-01,10.8,-2.4,4.1,0.0,9.7,21.6,36288.8
2013-03-02,4.4,0.4,2.7,0.0,16.1,38.2,1359.26
2013-03-03,6.8,-2.0,1.7,0.0,9.3,18.4,36804.14
2013-03-04,6.5,-3.2,1.0,0.0,17.8,42.5,36914.16
2013-03-05,10.1,-2.7,2.6,0.0,16.3,38.5,37426.12
2013-03-06,13.8,-1.2,5.7,0.0,17.4,38.9,34067.2
2013-03-07,11.0,5.1,7.7,0.9,12.5,29.9,730.33
2013-03-08,15.8,3.1,8.9,1.0,10.6,31.0,37013.9
2013-03-09,14.5,3.0,8.8,1.6,10.5,29.9,12252.46
2013-03-10,16.3,4.1,9.4,3.6,7.7,36.7,37310.26
2013-03-11,13.7,4.5,8.2,11.7,14.2,35.6,25516.23
2013-03-12,13.5,4.2,8.3,1.9,10.0,27.0,27482.95
2013-03-13,13.9,-0.7,6.3,1.4,14.5,40.3,21949.12
2013-03-14,12.7,-0.3,7.5,23.3,20.9,46.1,5804.79
2013-03-15,-0.3,-3.3,-1.8,1.3,23.0,52.2,12373.46
2013-03-16,0.9,-4.7,-2.1,1.4,17.8,43.9,30984.63
2013-03-17,4.2,-5.0,-1.0,0.0,9.7,22.0,39372.7
2013-03-18,7.6,-3.0,2.4,1.6,25.4,56.9,15537.24
2013-03-19,14.4,3.3,7.8,0.2,27.2,64.1,39628.01
2013-03-20,14.6,-2.1,6.6,0.0,11.5,29.2,39752.79
2013-03-21,12.1,2.9,6.7,16.9,22.7,51.8,15189.82
2013-03-22,5.1,0.8,3.0,1.1,34.2,74.9,29792.86
2013-03-23,7.7,-1.0,2.9,0.0,16.3,40.7,40660.36
2013-03-24,8.3,-2.0,2.6,0.0,9.5,23.8,31690.86
2013-03-25,4.5,-1.3,1.1,1.9,21.1,72.0,23697.78
2013-03-26,2.3,-0.5,0.7,7.7,9.8,24.8,0.0
2013-03-27,1.2,-0.7,0.1,8.2,6.1,15.5,0.0
2013-03-28,9.2,-2.1,2.5,0.0,12.4,25.6,40961.31
2013-03-29,11.2,-0.8,5.1,1.0,19.5,46.4,40057.65
2013-03-30,20.5,4.3,11.5,1.1,14.3,42.8,26162.5
2013-03-31,18.2,7.7,12.7,1.7,19.6,62.6,35212.47
2013-04-01,8.9,3.0,5.3,0.0,10.8,25.2,18404.1
2013-04-02,16.4,2.9,8.5,6.3,16.7,40.7,11302.03
2013-04-03,6.2,3.7,5.0,0.0,13.4,24.8,0.0
2013-04-04,11.7,2.6,6.4,0.0,10.4,23.4,29332.87
2013-04-05,17.5,1.1,9.5,1.8,20.5,57.6,34610.01
2013-04-06,13.0,4.2,8.4,0.0,14.1,30.6,35986.28
2013-04-07,8.3,5.8,7.1,8.5,16.6,37.8,0.0
2013-04-08,7.9,3.1,5.4,6.6,14.3,29.5,644.79
2013-04-09,14.8,1.8,7.8,2.7,10.9,25.2,37797.23
2013-04-10,16.5,1.6,8.8,5.7,12.5,35.6,41960.83
2013-04-11,16.4,2.5,10.0,0.8,10.1,22.0,43533.55
2013-04-12,20.4,3.8,12.1,0.7,8.6,28.4,38099.34
2013-04-13,17.7,6.4,11.6,5.2,13.2,36.0,42477.64
2013-04-14,16.0,3.7,10.5,0.0,19.2,43.2,44854.96
2013-04-15,14.5,2.8,9.5,0.9,14.4,37.8,45023.9
2013-04-16,15.8,3.6,10.9,0.0,8.2,24.5,44061.96
2013-04-17,17.5,5.7,12.0,0.0,11.2,22.7,43882.25
2013-04-18,18.2,6.1,12.4,0.1,11.3,27.7,45521.71
2013-04-19,18.4,7.2,13.0,0.0,9.8,27.0,45684.21
2013-04-20,18.8,6.5,13.6,0.0,9.7,25.9,45702.32
2013-04-21,20.7,6.1,14.3,0.0,10.7,21.6,46004.85
2013-04-22,21.1,7.8,14.4,1.5,13.3,36.4,46164.34
2013-04-23,20.2,9.8,15.6,0.2,6.6,15.8,41570.54
2013-04-24,21.4,8.0,16.0,0.0,6.5,17.3,46388.3
2013-04-25,24.4,8.4,18.2,0.0,9.3,15.5,46477.35
2013-04-26,26.1,10.9,19.7,0.0,11.0,21.6,46565.57
2013-04-27,27.1,9.9,19.0,0.0,14.5,35.3,46652.89
2013-04-28,24.9,10.7,19.3,0.0,11.0,28.8,45064.5
2013-04-29,26.9,10.3,20.1,0.0,7.1,17.6,46800.0
2013-04-30,28.8,12.2,21.4,0.0,11.0,24.8,46800.0
2013-05-01,27.9,12.7,21.6,1.6,9.1,20.2,43200.0
2013-05-02,28.2,15.3,22.3,0.0,18.5,42.8,46483.38
2013-05-03,27.5,15.4,20.3,2.1,10.3,27.4,34766.65
2013-05-04,25.9,13.2,19.9,0.1,11.2,27.4,46800.0
2013-05-05,27.0,13.4,20.6,0.0,10.4,29.5,46800.0
2013-05-06,25.0,15.8,20.5,3.4,17.0,46.4,39985.75
2013-05-07,22.6,15.0,18.6,4.1,19.1,46.4,20900.9
2013-05-08,22.9,13.0,18.1,0.0,17.2,42.8,39608.23
2013-05-09,20.4,13.8,16.7,0.0,13.9,36.0,25455.92
2013-05-10,24.2,12.4,18.7,0.0,14.1,34.6,47080.66
2013-05-11,25.1,13.6,19.2,0.0,15.3,37.1,46800.0
2013-05-12,15.8,12.4,14.3,13.6,17.8,36.4,47.88
2013-05-13,12.3,11.1,11.8,3.2,25.8,53.6,0.0
2013-05-14,16.7,10.5,13.7,0.0,19.4,44.6,39136.31
2013-05-15,20.8,7.2,14.5,0.0,10.6,27.7,47511.5
2013-05-16,24.7,9.2,18.2,0.4,13.6,31.7,45282.87
2013-05-17,24.5,13.5,18.8,1.2,16.9,40.3,45406.04
2013-05-18,24.7,11.1,18.8,0.0,8.7,24.8,47974.21
2013-05-19,28.6,12.2,21.2,0.5,16.6,42.5,48110.01
2013-05-20,22.3,13.3,18.2,0.0,10.8,24.1,47707.49
2013-05-21,25.2,11.1,18.9,0.0,9.7,28.1,48117.55
2013-05-22,24.0,12.5,17.2,18.3,15.5,36.4,36968.26
2013-05-23,14.7,11.8,13.5,25.3,17.0,35.6,0.0
2013-05-24,18.0,11.1,13.9,0.2,8.6,23.0,30558.49
2013-05-25,19.2,8.8,14.3,0.0,11.4,31.0,47881.55
2013-05-26,17.6,8.7,12.6,1.7,18.2,43.6,47184.74
2013-05-27,18.5,6.6,13.0,0.0,12.3,35.6,49249.04
2013-05-28,21.1,7.4,14.9,0.0,10.4,23.8,46599.43
2013-05-29,27.3,11.0,19.5,0.8,17.4,37.4,47392.95
2013-05-30,21.9,11.5,16.9,3.6,14.2,46.8,46293.19
2013-05-31,19.6,9.3,14.9,0.0,17.6,38.2,46800.0
2013-06-01,19.2,8.7,14.2,2.7,12.1,39.2,40411.79
2013-06-02,19.4,9.1,14.4,2.4,8.9,25.6,46965.68
2013-06-03,18.1,10.1,13.9,4.6,14.5,35.6,36268.71
2013-06-04,15.7,11.6,13.7,0.6,14.5,33.8,30828.14
2013-06-05,17.7,12.0,14.6,0.9,10.2,28.1,27298.66
2013-06-06,19.4,11.1,15.2,10.0,9.7,27.7,40140.41
2013-06-07,19.9,11.3,15.5,12.2,12.0,29.5,41878.61
2013-06-08,20.7,14.1,16.9,9.9,10.5,23.4,18723.91
2013-06-09,25.1,12.1,19.1,1.6,9.0,17.3,50462.49
2013-06-10,26.9,13.3,20.2,1.6,13.4,37.1,47834.87
2013-06-11,22.9,13.9,18.2,8.5,12.0,29.5,37694.03
2013-06-12,17.1,13.8,15.4,13.4,17.8,36.7,912.1
2013-06-13,22.2,14.8,17.7,3.7,15.6,34.2,25696.25
2013-06-14,24.9,13.1,19.4,0.3,10.9,25.2,50010.85
2013-06-15,25.9,13.7,20.5,0.1,9.8,26.3,51076.88
2013-06-16,28.1,14.2,22.4,0.0,7.8,20.2,51388.44
2013-06-17,29.8,16.3,24.3,0.0,6.5,15.1,51263.27
2013-06-18,32.1,17.4,26.3,0.0,5.5,14.4,51424.26
2013-06-19,32.4,19.2,27.0,0.0,7.1,20.5,51437.99
2013-06-20,32.4,21.8,26.8,0.0,13.2,29.9,51305.6
2013-06-21,32.9,19.1,26.1,2.2,7.6,20.9,48048.31
2013-06-22,33.3,21.1,28.0,1.3,9.1,18.7,48015.72
2013-06-23,29.3,19.0,24.0,9.2,11.3,28.4,37534.2
2013-06-24,28.5,16.7,22.5,4.7,22.7,43.9,49686.87
2013-06-25,18.5,14.7,16.3,0.1,15.5,33.1,717.94
2013-06-26,18.3,13.4,15.7,0.0,15.8,37.4,24911.3
2013-06-27,17.3,12.0,14.8,0.2,12.5,31.0,23207.82
2013-06-28,21.6,10.0,16.2,0.0,7.8,19.8,47580.55
2013-06-29,21.0,11.1,16.8,1.7,11.1,29.5,26017.88
2013-06-30,21.0,13.4,16.6,3.4,20.7,54.0,40743.32
2013-07-01,21.6,14.3,17.4,0.0,19.9,45.0,48559.05
2013-07-02,23.7,10.7,18.3,0.0,10.1,25.9,50985.31
2013-07-03,25.8,13.1,20.6,0.0,8.1,17.6,50835.51
2013-07-04,27.6,15.0,22.2,0.0,11.0,25.6,49674.65
2013-07-05,27.6,14.7,21.5,0.9,14.8,34.2,49583.01
2013-07-06,27.0,16.5,22.2,6.8,13.1,31.7,49727.22
2013-07-07,27.4,16.0,21.8,1.1,13.6,29.5,47961.16
2013-07-08,27.8,16.4,22.0,3.8,14.5,27.0,49681.24
2013-07-09,26.6,16.5,21.6,4.6,13.2,24.8,42751.69
2013-07-10,26.5,16.1,21.5,9.2,8.9,25.2,45144.78
2013-07-11,28.0,15.6,21.3,7.0,11.2,31.0,43885.1
2013-07-12,24.6,17.0,20.4,0.0,14.6,38.2,48270.73
2013-07-13,23.3,13.8,18.9,0.0,13.0,33.1,48000.27
2013-07-14,24.4,13.8,20.0,0.0,15.1,36.7,48491.64
2013-07-15,25.0,14.1,20.4,0.0,13.9,37.1,44422.53
2013-07-16,21.5,15.2,18.2,4.0,15.8,38.9,47717.36
2013-07-17,24.9,13.4,19.6,0.0,9.8,22.3,49348.09
2013-07-18,27.4,14.2,21.6,0.0,7.0,20.5,47963.06
2013-07-19,28.7,17.9,23.9,0.5,8.1,17.6,48859.98
2013-07-20,28.3,16.2,23.2,0.0,14.1,31.3,48541.84
2013-07-21,25.5,18.2,21.7,0.0,16.8,38.2,49207.24
2013-07-22,26.7,13.9,20.9,0.0,11.2,29.5,49182.47
2013-07-23,28.9,14.1,22.5,0.0,9.9,26.3,49135.49
2013-07-24,30.8,16.0,24.5,0.0,6.9,20.2,48775.41
2013-07-25,31.1,17.6,25.4,0.2,11.3,25.2,47592.84
2013-07-26,28.8,18.2,24.6,0.0,13.6,37.1,48736.55
2013-07-27,31.2,18.1,25.5,0.0,8.3,24.5,48433.51
2013-07-28,34.2,18.5,27.8,0.0,7.8,15.5,48821.4
2013-07-29,36.7,19.5,29.6,0.7,8.7,21.6,47718.13
2013-07-30,30.2,21.8,24.6,1.1,17.7,41.8,42951.36
2013-07-31,26.8,18.7,22.5,0.1,20.3,45.7,47313.04
2013-08-01,28.6,15.8,23.1,0.0,13.8,34.2,47692.8
2013-08-02,30.1,16.5,24.1,0.0,10.6,28.1,48051.97
2013-08-03,33.1,17.4,26.1,0.0,8.2,20.5,48029.02
2013-08-04,33.2,19.1,27.2,0.0,10.8,30.6,47422.23
2013-08-05,33.2,19.6,26.9,0.0,11.5,29.2,47638.71
2013-08-06,33.0,19.9,27.0,0.0,8.0,24.1,47512.08
2013-08-07,34.3,22.3,28.8,0.0,10.0,24.5,47479.33
2013-08-08,35.2,20.8,28.6,0.0,12.7,31.3,47298.1
2013-08-09,35.2,21.0,28.7,0.0,16.2,36.7,47028.52
2013-08-10,32.6,22.2,27.1,1.8,22.9,42.1,46437.68
2013-08-11,27.8,19.3,23.0,5.7,16.4,37.1,46157.28
2013-08-12,27.9,17.6,23.4,0.0,6.8,23.0,46566.73
2013-08-13,32.7,20.6,27.1,0.1,9.7,23.0,46401.66
2013-08-14,28.4,19.9,24.0,0.0,16.0,38.5,46337.62
2013-08-15,25.1,16.3,20.7,5.0,10.7,29.9,46262.84
2013-08-16,24.9,16.5,20.6,0.0,8.2,16.6,21877.32
2013-08-17,28.4,18.5,23.5,0.0,6.7,22.0,46145.67
2013-08-18,29.6,18.5,24.8,0.0,6.8,17.6,46081.89
2013-08-19,32.5,18.9,26.3,0.0,10.7,23.8,46017.98
2013-08-20,32.2,20.2,26.3,0.1,13.4,31.7,45953.84
2013-08-21,26.4,18.8,22.3,0.1,15.8,31.7,34673.98
2013-08-22,27.2,16.9,22.1,0.0,9.8,23.8,44261.42
2013-08-23,28.6,16.9,23.2,0.0,7.9,19.1,45680.16
2013-08-24,29.9,19.2,23.6,1.5,9.4,26.6,40179.23
2013-08-25,28.9,16.3,22.7,0.0,7.4,23.0,44257.78
2013-08-26,30.3,16.7,23.2,0.6,13.2,36.0,44446.86
2013-08-27,21.8,17.6,19.7,5.3,9.1,19.8,7428.32
2013-08-28,25.4,16.4,20.3,5.7,10.6,31.0,37754.09
2013-08-29,21.0,16.0,18.2,2.1,17.2,40.0,39609.59
2013-08-30,21.5,14.3,17.5,1.1,14.2,36.0,34875.24
2013-08-31,22.1,12.1,17.7,0.0,9.5,26.6,42209.62
2013-09-01,24.2,11.9,18.6,0.0,8.7,19.8,44010.22
2013-09-02,22.5,12.0,17.3,0.0,13.6,34.9,43101.02
2013-09-03,19.9,12.2,16.6,0.8,18.8,39.6,15432.29
2013-09-04,22.4,12.9,17.9,0.0,15.3,36.4,42748.77
2013-09-05,23.0,11.3,17.5,0.0,8.7,19.8,42879.39
2013-09-06,23.2,10.4,17.4,0.0,10.4,27.4,42759.64
2013-09-07,23.3,10.9,17.6,0.0,10.0,28.8,42522.75
2013-09-08,24.3,9.4,17.8,0.0,7.3,14.4,42401.97
2013-09-09,26.3,10.2,18.9,0.2,11.7,32.0,23677.32
2013-09-10,25.2,13.5,19.3,1.0,6.6,16.9,39898.0
2013-09-11,24.4,15.0,19.2,4.4,10.7,35.3,34529.92
2013-09-12,23.4,14.1,17.7,7.2,10.6,29.5,26620.42
2013-09-13,18.4,12.1,15.1,0.3,13.5,34.2,35197.35
2013-09-14,20.1,9.4,14.7,0.0,15.4,38.2,39374.05
2013-09-15,23.5,10.9,17.1,0.0,12.2,32.4,40043.68
2013-09-16,23.4,12.1,17.3,0.0,10.8,23.8,28469.42
2013-09-17,25.0,10.5,16.0,2.6,24.0,54.4,30134.79
2013-09-18,19.0,7.3,13.1,0.2,14.0,33.8,39624.93
2013-09-19,14.8,8.6,11.8,14.3,16.8,35.3,5211.02
2013-09-20,16.7,5.7,11.8,0.2,15.0,35.6,39600.0
2013-09-21,18.0,6.8,12.5,1.3,18.7,45.0,39600.0
2013-09-22,16.8,10.3,13.1,0.2,15.8,38.5,31915.94
2013-09-23,16.7,8.2,13.4,0.0,19.8,41.0,14400.0
2013-09-24,20.4,12.4,16.3,0.0,22.7,50.0,39600.0
2013-09-25,23.8,9.5,16.7,0.0,9.1,15.1,39585.91
2013-09-26,25.0,9.0,17.3,0.0,12.0,25.9,37853.33
2013-09-27,19.5,12.0,15.5,2.1,10.5,29.2,29535.29
2013-09-28,17.8,10.6,13.8,1.5,6.1,20.5,19020.86
2013-09-29,19.0,11.0,14.3,5.9,11.3,23.0,16644.09
2013-09-30,12.0,9.1,10.9,20.9,14.4,36.0,1329.14
2013-10-01,10.3,9.2,9.7,6.4,11.5,23.4,0.0
2013-10-02,10.2,6.5,8.7,6.5,18.1,42.5,6413.31
2013-10-03,7.8,3.2,5.9,0.0,15.3,35.6,22506.25
2013-10-04,9.8,3.1,6.2,0.0,7.2,21.6,38284.73
2013-10-05,14.6,0.6,7.6,0.0,11.5,29.5,38100.58
2013-10-06,17.4,2.6,9.4,0.0,12.2,27.4,37692.71
2013-10-07,18.3,3.8,10.8,0.0,10.9,29.2,30637.47
2013-10-08,19.6,7.6,12.8,0.4,15.5,36.0,34430.09
2013-10-09,20.2,10.1,13.9,3.2,13.9,31.7,32214.52
2013-10-10,20.8,8.8,14.6,0.6,10.0,28.4,36273.88
2013-10-11,23.5,8.4,15.5,0.0,17.4,40.0,36986.1
2013-10-12,24.5,10.8,17.1,0.0,10.6,28.8,36337.52
2013-10-13,22.8,11.7,16.4,0.0,8.2,23.0,28646.77
2013-10-14,19.0,11.6,15.0,1.7,7.4,16.6,10618.23
2013-10-15,21.5,10.8,15.5,0.0,6.6,24.1,32402.4
2013-10-16,15.7,8.5,11.6,18.8,28.0,69.8,929.14
2013-10-17,10.6,7.0,9.3,6.3,21.3,45.4,0.0
2013-10-18,16.3,7.0,11.3,0.1,16.5,40.0,34958.84
2013-10-19,16.5,5.6,10.3,0.0,9.3,18.4,34981.73
2013-10-20,19.8,4.0,11.1,0.0,9.5,20.2,34800.17
2013-10-21,21.5,5.0,13.3,0.0,8.0,15.1,34556.45
2013-10-22,21.8,7.8,14.6,0.0,9.4,14.8,34225.49
2013-10-23,23.1,8.5,15.0,0.0,12.5,27.7,34136.39
2013-10-24,22.3,8.7,14.5,0.0,12.2,28.4,33979.4
2013-10-25,21.6,8.6,14.9,0.0,8.9,14.8,32558.95
2013-10-26,22.1,7.6,14.7,0.0,8.9,17.3,33632.81
2013-10-27,21.9,7.2,14.0,0.0,8.2,15.1,33375.18
2013-10-28,20.8,8.5,13.8,0.0,8.9,16.2,32169.88
2013-10-29,22.1,6.8,14.2,0.0,6.7,14.4,33114.71
2013-10-30,22.5,7.5,13.9,0.0,13.8,29.5,32917.08
2013-10-31,15.0,10.9,13.1,0.0,10.6,22.7,8691.16
2013-11-01,17.5,9.4,13.4,0.0,13.8,32.0,21427.21
2013-11-02,19.6,7.2,12.2,0.0,7.4,18.7,32055.83
2013-11-03,19.6,7.2,12.8,0.0,9.5,28.1,24422.55
2013-11-04,20.9,9.8,14.1,0.0,14.5,33.8,29881.14
2013-11-05,19.9,12.3,15.8,0.3,20.8,41.4,7774.76
2013-11-06,15.1,6.0,9.6,10.1,14.5,33.5,12209.96
2013-11-07,16.7,3.9,9.1,0.0,9.3,17.3,31649.35
2013-11-08,19.0,4.2,10.6,0.0,10.1,15.8,31573.06
2013-11-09,19.0,4.2,10.5,0.0,10.5,18.7,31497.48
2013-11-10,17.7,6.6,11.6,0.0,11.5,26.3,21110.09
2013-11-11,17.2,11.1,13.1,0.4,11.7,32.0,20429.4
2013-11-12,13.2,9.7,11.1,0.8,8.2,20.2,0.0
2013-11-13,13.2,8.9,10.7,0.0,10.3,23.4,1931.9
2013-11-14,10.0,8.6,9.4,0.9,10.3,24.1,0.0
2013-11-15,9.6,5.2,7.7,0.0,22.4,48.2,16888.93
2013-11-16,10.2,3.7,6.2,0.0,8.2,18.0,30779.35
2013-11-17,9.7,1.7,5.5,0.0,6.6,13.7,28401.41
2013-11-18,12.2,1.9,6.0,0.0,13.6,31.0,25042.16
2013-11-19,12.0,4.4,7.4,0.7,18.9,45.0,28755.22
2013-11-20,15.5,6.5,10.5,0.0,20.3,47.2,24709.2
2013-11-21,14.7,4.7,9.5,0.6,13.9,31.3,13871.72
2013-11-22,13.9,1.9,7.5,0.0,12.1,25.6,29936.8
2013-11-23,13.1,4.8,8.4,3.6,18.3,39.6,11401.56
2013-11-24,9.4,1.2,6.1,3.0,10.5,24.8,16076.54
2013-11-25,6.1,1.0,3.3,4.2,25.1,55.8,0.0
2013-11-26,1.4,-0.5,0.6,5.2,16.9,35.6,0.0
2013-11-27,-0.1,-4.6,-1.2,12.9,9.8,29.2,72.91
2013-11-28,0.5,-5.5,-2.6,0.0,6.2,13.3,25287.56
2013-11-29,2.7,-5.1,-1.4,0.0,13.6,27.0,28111.56
2013-11-30,4.7,-4.5,-0.2,0.0,10.9,18.4,28284.7
2013-12-01,2.4,-0.3,0.9,0.0,6.8,14.8,9043.64
2013-12-02,3.1,0.0,1.6,0.0,14.4,31.3,1169.18
2013-12-03,2.0,-1.8,0.1,0.0,8.8,24.8,18997.16
2013-12-04,3.8,-3.7,-0.2,0.0,4.4,14.0,28603.69
2013-12-05,2.7,-4.9,-1.9,0.0,17.4,38.2,14869.48
2013-12-06,6.3,-3.2,-0.4,2.4,18.4,40.7,23329.23
2013-12-07,3.0,-2.2,-0.1,0.2,26.3,62.6,28129.38
2013-12-08,5.9,-3.5,-0.2,0.0,10.0,21.2,15325.93
2013-12-09,7.6,-3.2,1.2,0.9,10.5,28.1,26690.1
2013-12-10,5.0,-3.6,2.8,4.5,19.2,44.3,12804.59
2013-12-11,2.0,-4.3,-1.6,0.0,6.6,15.1,27813.88
2013-12-12,3.2,-4.5,-1.7,0.0,9.4,23.0,27550.77
2013-12-13,3.4,-2.8,-0.6,0.0,8.0,17.6,26707.81
2013-12-14,2.8,-3.2,-0.9,0.0,8.1,14.8,27285.46
2013-12-15,0.1,-2.8,-1.1,0.3,10.5,26.6,0.0
2013-12-16,2.2,-0.1,0.6,0.0,7.4,17.3,1467.1
2013-12-17,3.7,-1.6,0.5,0.0,6.0,13.7,21546.69
2013-12-18,5.0,-3.5,-0.4,0.0,8.4,19.8,27436.84
2013-12-19,6.1,-4.0,-0.3,0.0,7.2,13.7,26753.98
2013-12-20,6.2,-5.6,-1.2,0.0,6.4,12.6,27361.49
2013-12-21,5.5,-4.5,-0.0,0.0,8.9,22.3,25012.17
2013-12-22,6.8,-3.8,-0.2,0.0,8.4,15.8,27117.16
2013-12-23,7.3,-3.3,0.3,0.0,6.3,13.0,25548.69
2013-12-24,7.4,-3.8,-0.4,0.0,10.7,22.3,27458.14
2013-12-25,8.2,-3.3,1.5,0.0,10.6,24.5,26949.1
2013-12-26,9.3,-0.6,4.2,0.0,19.4,46.1,15126.33
2013-12-27,7.8,2.2,4.9,0.1,16.0,36.4,7114.17
2013-12-28,9.8,1.1,4.5,0.0,11.2,29.5,20656.75
2013-12-29,9.0,1.1,4.3,0.0,8.4,19.1,27222.21
2013-12-30,4.8,-0.5,2.5,0.0,7.2,18.0,0.0
2013-12-31,4.9,0.8,2.5,0.0,11.6,26.6,16598.85
2014-01-01,7.0,-1.0,2.1,0.0,12.1,28.1,26778.9
2014-01-02,8.6,-2.6,1.8,0.0,10.0,22.0,27605.11
2014-01-03,10.5,-2.0,2.9,0.0,9.6,15.1,25730.74
2014-01-04,10.9,-2.3,3.0,0.0,8.7,20.2,27807.94
2014-01-05,9.0,0.7,4.9,1.5,14.0,31.0,411.63
2014-01-06,12.0,0.9,6.2,0.5,8.0,18.7,27676.97
2014-01-07,11.4,2.8,6.5,0.0,7.3,14.4,21908.2
2014-01-08,11.7,-0.3,4.8,0.0,5.1,12.2,27684.57
2014-01-09,8.4,0.9,3.4,0.0,7.3,15.8,26858.2
2014-01-10,10.1,-1.1,3.7,0.0,13.5,33.5,25152.28
2014-01-11,10.3,1.8,4.9,0.0,9.1,17.6,27901.99
2014-01-12,7.8,-0.2,3.8,1.0,7.6,19.1,6891.33
2014-01-13,8.6,-1.5,2.7,0.0,7.9,15.5,28176.09
2014-01-14,9.1,-2.9,2.0,0.0,12.5,28.8,28550.89
2014-01-15,7.8,1.0,4.3,4.3,10.3,23.0,0.0
2014-01-16,7.8,0.3,4.2,0.0,9.3,21.2,18111.93
2014-01-17,11.1,-2.2,3.5,0.0,10.4,20.5,29125.89
2014-01-18,12.6,2.0,6.1,0.0,10.1,22.7,18385.02
2014-01-19,10.0,2.3,6.6,2.3,16.4,40.0,2080.93
2014-01-20,12.9,6.1,9.1,0.2,13.3,38.9,9693.95
2014-01-21,10.9,4.6,7.1,1.9,11.1,31.0,17463.3
2014-01-22,8.0,3.8,5.9,2.9,13.4,29.9,14400.0
2014-01-23,10.3,0.2,5.0,0.0,7.3,15.8,28876.2
2014-01-24,6.3,-1.6,2.1,2.7,15.7,37.8,5122.6
2014-01-25,-1.6,-3.7,-2.5,12.6,11.9,33.1,0.0
2014-01-26,-3.9,-8.0,-5.2,1.3,9.8,23.4,4610.34
2014-01-27,-2.3,-12.4,-6.7,0.0,6.1,14.0,29772.32
2014-01-28,-0.3,-7.7,-4.2,0.1,11.9,24.1,24381.98
2014-01-29,-1.0,-6.6,-3.9,1.6,10.0,24.8,23771.16
2014-01-30,2.4,-6.8,-3.3,0.0,17.6,36.7,29652.58
2014-01-31,-4.7,-8.8,-6.8,0.0,21.4,50.4,31075.3
2014-02-01,-3.4,-9.1,-6.7,0.6,21.8,49.0,24437.98
2014-02-02,-0.9,-6.1,-3.5,0.0,24.7,56.5,24281.91
2014-02-03,1.5,-2.7,-1.3,0.0,21.3,51.1,31653.89
2014-02-04,3.0,-5.2,-2.0,0.0,16.7,41.4,32045.15
2014-02-05,5.7,-6.2,-1.3,0.0,15.4,33.5,30763.32
2014-02-06,7.8,-4.4,1.0,1.0,13.9,28.1,18359.38
2014-02-07,11.1,-2.4,3.5,0.0,9.0,24.5,32721.96
2014-02-08,12.0,-1.3,4.7,0.0,10.2,21.2,13698.72
2014-02-09,13.6,0.1,6.4,1.1,15.8,34.2,17803.19
2014-02-10,11.1,-0.5,5.8,0.0,10.7,24.1,28773.67
2014-02-11,16.7,5.4,10.1,0.0,18.1,39.2,27294.04
2014-02-12,16.3,4.4,10.6,1.3,20.1,47.5,26156.48
2014-02-13,9.8,2.0,5.2,0.8,12.9,33.8,33883.79
2014-02-14,10.5,-1.4,4.1,1.0,17.4,34.2,21193.88
2014-02-15,10.9,1.4,5.6,0.0,13.2,28.4,34236.95
2014-02-16,17.0,-0.7,7.0,0.0,11.0,22.7,34416.16
2014-02-17,18.6,1.0,8.7,0.0,8.7,27.0,34597.02
2014-02-18,13.6,3.3,8.1,0.0,8.0,15.8,26336.63
2014-02-19,19.0,1.9,9.6,0.0,11.4,25.6,32400.0
2014-02-20,15.5,4.4,9.1,0.0,10.9,21.2,19358.92
2014-02-21,13.8,5.0,8.6,0.0,12.6,29.5,28516.9
2014-02-22,13.7,3.8,7.8,1.0,8.0,21.6,30078.17
2014-02-23,7.4,4.0,6.0,3.0,12.8,30.2,0.0
2014-02-24,9.3,2.5,6.1,2.0,7.6,21.6,21261.48
2014-02-25,9.2,-0.1,3.9,0.0,8.0,24.5,35383.36
2014-02-26,11.6,-1.6,4.5,0.0,7.7,14.0,35571.32
2014-02-27,12.9,-2.0,5.7,0.0,7.2,14.4,32581.04
2014-02-28,12.7,-1.2,5.2,0.3,10.5,32.8,22035.13
2014-03-01,13.5,-2.6,4.8,0.0,15.3,36.7,35989.4
2014-03-02,6.4,3.6,4.8,9.9,17.1,38.2,0.0
2014-03-03,8.4,3.7,5.7,0.5,14.4,31.7,15520.92
2014-03-04,10.6,2.8,5.9,0.0,16.2,34.9,29886.99
2014-03-05,6.4,4.2,5.3,14.9,8.2,22.3,0.0
2014-03-06,6.9,3.8,5.5,12.1,12.9,27.4,0.0
2014-03-07,10.1,5.3,7.3,4.3,11.0,27.7,23448.67
2014-03-08,10.8,5.8,7.9,4.4,16.3,38.2,22323.69
2014-03-09,10.5,2.7,6.5,2.3,13.2,32.8,35098.44
2014-03-10,6.6,1.4,3.8,2.5,16.6,38.5,9488.88
2014-03-11,9.6,0.2,4.3,0.3,8.9,24.8,34660.68
2014-03-12,14.0,-0.6,6.4,0.0,18.2,41.0,38381.49
2014-03-13,14.0,0.2,7.2,0.0,7.6,19.4,38556.61
2014-03-14,15.6,-0.4,8.4,0.0,7.0,16.6,38741.57
2014-03-15,18.9,-1.0,9.2,0.3,22.3,49.0,38862.71
2014-03-16,15.0,4.5,9.6,1.6,26.6,54.7,27983.26
2014-03-17,17.6,7.1,13.0,0.0,19.6,50.0,37363.93
2014-03-18,18.6,3.3,11.1,0.0,10.3,17.3,39477.5
2014-03-19,18.7,4.0,9.3,3.4,26.8,49.0,31722.47
2014-03-20,14.4,1.2,8.3,0.0,11.7,29.9,32319.25
2014-03-21,19.2,1.4,10.5,0.0,13.2,33.8,40152.75
2014-03-22,19.3,2.4,11.2,0.0,9.3,23.8,40388.85
2014-03-23,19.4,3.5,11.9,0.0,15.6,42.1,35902.94
2014-03-24,17.6,4.8,9.0,7.1,18.8,48.2,19093.71
2014-03-25,10.9,3.9,6.6,0.4,12.4,29.2,29859.42
2014-03-26,13.8,4.2,8.2,2.1,12.4,32.8,32400.0
2014-03-27,14.7,0.9,8.4,2.0,21.1,48.6,28958.0
2014-03-28,14.1,7.5,10.1,4.7,11.8,26.6,36357.36
2014-03-29,16.5,4.0,10.2,0.2,14.0,33.1,41455.42
2014-03-30,17.5,6.1,11.8,0.0,7.0,18.4,41527.5
2014-03-31,19.3,3.7,12.3,0.0,9.7,27.0,41630.59
2014-04-01,18.5,5.5,12.0,0.1,17.8,44.3,41671.2
2014-04-02,18.9,5.4,12.1,0.0,10.0,19.1,40235.41
2014-04-03,20.9,4.8,12.8,0.0,9.1,27.0,41026.0
2014-04-04,22.0,5.6,14.4,0.0,10.1,24.1,40058.03
2014-04-05,19.7,8.6,13.9,4.7,16.9,40.3,32885.19
2014-04-06,12.2,5.9,8.6,0.0,14.6,33.5,26559.38
2014-04-07,16.2,4.8,10.6,0.0,13.1,29.9,39680.76
2014-04-08,19.7,6.6,13.1,0.1,8.5,18.7,43006.49
2014-04-09,13.5,5.8,9.1,3.5,22.2,47.2,10555.74
2014-04-10,12.7,4.5,8.2,1.5,17.7,48.6,43806.26
2014-04-11,11.1,5.1,7.2,11.6,15.0,39.2,22121.91
2014-04-12,14.0,4.0,9.3,0.4,10.2,32.8,43867.5
2014-04-13,14.9,6.4,11.0,0.5,7.2,24.1,40848.27
2014-04-14,17.3,3.8,10.8,0.1,9.7,26.6,44810.96
2014-04-15,9.1,5.0,7.2,9.0,19.4,42.5,9583.92
2014-04-16,7.0,3.7,5.3,11.5,18.3,47.2,2112.74
2014-04-17,9.3,4.5,6.5,9.9,12.3,26.6,7660.45
2014-04-18,12.1,7.0,9.7,19.7,14.2,38.2,1002.97
2014-04-19,12.4,8.4,10.1,22.4,18.7,39.2,1616.07
2014-04-20,16.5,5.0,11.0,2.4,11.6,32.0,42110.91
2014-04-21,20.3,4.3,12.6,3.9,12.3,33.5,32305.52
2014-04-22,20.5,9.5,15.1,7.5,6.6,24.1,45828.47
2014-04-23,20.0,8.6,14.8,4.2,8.5,23.0,14001.94
2014-04-24,18.3,12.3,14.7,24.3,7.1,24.8,10067.72
2014-04-25,15.8,11.6,13.5,1.9,17.7,39.2,18044.69
2014-04-26,18.2,11.3,13.8,0.0,20.0,43.6,41413.86
2014-04-27,17.9,9.4,13.3,0.0,16.5,40.3,42534.94
2014-04-28,18.6,8.3,13.6,4.5,12.6,29.5,40808.77
2014-04-29,18.5,7.6,13.0,5.8,6.8,20.5,38011.53
2014-04-30,16.8,9.3,13.1,7.2,11.0,28.1,40642.05
2014-05-01,16.6,7.9,12.3,9.2,6.3,19.1,28052.11
2014-05-02,17.9,7.6,13.0,3.7,7.0,16.2,38684.66
2014-05-03,19.0,9.0,13.9,10.2,15.3,39.6,35229.64
2014-05-04,12.4,6.1,9.2,24.2,21.4,46.8,0.0
2014-05-05,14.2,7.0,10.1,5.7,25.2,56.5,32274.21
2014-05-06,16.7,5.6,11.2,0.0,8.5,21.2,46903.73
2014-05-07,21.0,5.2,13.6,0.0,16.9,31.3,46901.89
2014-05-08,15.4,10.3,12.9,0.1,11.6,26.3,6796.83
2014-05-09,19.3,7.5,13.7,0.4,9.8,25.2,46800.0
2014-05-10,21.0,7.8,15.1,0.1,15.7,42.8,46891.02
2014-05-11,25.0,7.9,17.3,0.0,10.3,25.6,46800.0
2014-05-12,14.3,8.1,11.6,10.4,17.6,38.9,7661.25
2014-05-13,17.9,7.6,12.7,10.8,9.9,37.8,43286.64
2014-05-14,13.0,9.7,11.0,46.0,21.9,50.4,49.35
2014-05-15,9.4,6.8,7.5,40.8,32.4,67.7,0.0
2014-05-16,11.9,7.0,9.2,9.9,14.1,42.5,7882.85
2014-05-17,14.5,8.2,11.3,4.9,8.0,25.6,28192.94
2014-05-18,18.2,5.5,12.5,0.1,6.5,23.0,43371.64
2014-05-19,20.8,7.0,15.3,0.0,9.4,22.7,47983.21
2014-05-20,22.4,10.3,17.5,0.0,6.1,21.6,47833.02
2014-05-21,23.9,10.0,17.7,0.0,8.0,20.2,45791.72
2014-05-22,24.7,12.4,19.4,0.0,10.8,27.0,48640.02
2014-05-23,25.5,12.7,19.5,0.0,11.8,28.4,49047.74
2014-05-24,24.8,13.8,19.0,10.4,9.5,19.1,40688.37
2014-05-25,23.4,12.3,18.2,5.9,6.9,19.8,44225.58
2014-05-26,24.9,13.1,18.6,2.1,6.1,22.7,36875.29
2014-05-27,24.4,13.3,18.7,0.6,12.2,29.2,43405.9
2014-05-28,22.4,13.0,17.8,0.7,6.0,21.2,47329.08
2014-05-29,20.2,11.1,16.1,3.6,9.3,23.8,40707.85
2014-05-30,17.7,12.4,14.8,0.9,22.5,51.5,40163.51
2014-05-31,13.0,10.7,12.0,0.0,19.9,44.3,0.0
2014-06-01,16.9,10.9,13.2,5.4,15.0,37.8,41976.95
2014-06-02,18.1,11.1,14.1,2.5,13.9,34.9,37460.06
2014-06-03,19.5,9.0,14.9,3.7,8.0,20.9,48184.77
2014-06-04,20.9,9.5,15.5,3.7,9.7,19.1,48583.46
2014-06-05,22.6,9.7,16.7,0.0,9.7,22.7,50580.16
2014-06-06,23.5,10.3,17.8,0.0,13.1,32.8,50102.05
2014-06-07,25.3,12.2,19.5,0.0,14.6,33.1,50808.52
2014-06-08,27.5,13.8,21.2,0.0,9.7,23.0,50991.79
2014-06-09,27.2,15.6,22.2,0.2,8.9,20.2,49969.82
2014-06-10,28.6,16.4,23.7,0.0,6.9,16.6,49143.73
2014-06-11,28.8,16.5,22.2,5.6,15.6,37.1,46628.74
2014-06-12,27.8,15.3,22.1,0.0,14.1,32.4,50699.94
2014-06-13,26.9,16.3,21.8,0.8,14.8,36.0,49755.58
2014-06-14,19.8,14.8,17.7,8.2,9.9,24.5,7289.04
2014-06-15,17.9,13.8,15.9,3.7,5.2,23.8,6590.4
2014-06-16,21.1,14.4,17.3,6.2,5.1,22.0,25081.54
2014-06-17,20.7,13.6,16.7,8.3,10.5,29.2,20630.53
2014-06-18,20.0,14.8,16.6,5.0,6.6,19.1,18158.51
2014-06-19,19.0,13.4,15.9,14.4,9.3,25.6,19024.17
2014-06-20,21.6,11.2,16.7,4.9,18.3,46.8,50072.05
2014-06-21,19.2,12.9,16.1,2.0,17.3,41.8,48458.48
2014-06-22,24.3,9.7,17.4,0.0,9.2,18.0,51189.36
2014-06-23,27.6,12.8,20.9,0.3,8.3,19.1,45240.86
2014-06-24,27.1,14.5,20.8,10.3,10.1,40.0,46288.44
2014-06-25,27.9,15.7,21.2,2.3,20.5,52.6,41490.04
2014-06-26,21.8,15.8,18.3,2.9,14.8,40.3,39088.5
2014-06-27,22.0,13.4,17.6,1.9,10.7,23.8,45159.84
2014-06-28,24.3,12.2,18.9,0.0,8.5,20.2,50629.73
2014-06-29,27.5,12.9,20.9,0.0,15.0,24.8,51033.77
2014-06-30,27.6,14.1,20.4,2.9,13.8,46.4,37930.16
2014-07-01,21.2,13.7,17.6,0.0,16.9,37.4,44980.16
2014-07-02,25.7,13.7,20.1,0.0,10.8,25.9,50702.37
2014-07-03,20.9,14.7,18.5,2.5,20.4,53.3,48588.28
2014-07-04,23.6,11.1,18.3,0.0,10.5,26.6,50692.97
2014-07-05,28.3,12.1,20.8,0.0,17.3,40.7,50798.62
2014-07-06,27.5,17.8,23.1,0.9,6.8,20.5,49670.89
2014-07-07,28.9,17.1,24.1,1.3,6.2,15.8,48095.84
2014-07-08,29.5,18.3,24.6,1.3,10.3,32.0,49826.51
2014-07-09,26.5,16.2,22.2,0.0,11.2,34.6,50195.99
2014-07-10,26.1,18.1,21.2,1.3,11.8,31.7,48892.27
2014-07-11,21.1,14.5,17.2,8.1,13.4,30.6,44130.21
2014-07-12,24.0,14.8,18.8,6.7,18.0,43.6,36651.27
2014-07-13,25.6,13.8,20.1,0.0,7.8,20.5,43752.89
2014-07-14,24.5,15.3,19.9,1.1,8.7,16.2,47422.97
2014-07-15,25.6,15.4,20.3,5.6,11.9,28.1,42121.95
2014-07-16,24.8,16.0,19.9,16.3,9.3,25.9,31628.05
2014-07-17,24.2,16.0,19.8,11.3,13.7,34.9,41187.59
2014-07-18,24.8,17.1,19.8,23.2,15.3,34.2,18600.23
2014-07-19,25.6,17.0,21.2,2.5,13.2,36.4,39565.36
2014-07-20,27.6,17.0,22.8,0.0,7.4,22.0,49270.02
2014-07-21,31.1,15.6,22.8,4.0,18.0,26.6,45430.3
2014-07-22,26.6,18.4,21.7,12.1,12.2,22.7,34840.15
2014-07-23,22.9,17.0,19.1,13.1,9.3,20.9,21282.42
2014-07-24,24.7,17.2,20.8,1.3,9.0,21.6,45470.11
2014-07-25,25.7,16.6,21.9,0.0,5.2,17.3,47447.01
2014-07-26,27.6,16.9,22.7,0.0,7.4,17.6,47303.97
2014-07-27,26.4,17.8,22.0,1.9,11.0,26.3,42298.93
2014-07-28,25.0,16.8,20.6,9.9,9.2,29.5,39537.39
2014-07-29,26.3,16.6,21.3,0.0,7.4,18.4,40044.53
2014-07-30,30.2,16.6,23.2,2.2,15.1,36.4,46834.31
2014-07-31,24.8,18.5,20.6,27.7,9.7,26.6,22975.25
2014-08-01,21.3,17.6,18.8,14.4,6.4,22.7,11438.93
2014-08-02,26.1,15.4,21.1,1.1,6.6,24.8,47559.91
2014-08-03,28.4,16.6,23.0,0.4,6.2,18.7,46800.0
2014-08-04,26.2,18.1,21.7,9.7,8.4,17.3,38705.66
2014-08-05,25.4,17.4,21.3,11.1,8.4,25.9,36540.08
2014-08-06,23.4,18.0,19.9,17.6,7.2,21.6,17833.4
2014-08-07,22.2,17.3,19.5,7.3,6.9,16.6,13031.21
2014-08-08,22.5,16.5,19.3,4.5,6.9,15.8,29794.27
2014-08-09,26.4,14.9,20.8,0.0,5.8,14.4,45828.79
2014-08-10,27.8,16.6,23.5,0.0,5.2,19.8,43542.3
2014-08-11,30.4,17.3,24.0,0.7,7.6,22.7,45895.76
2014-08-12,31.0,17.6,24.7,0.0,7.3,13.7,46579.86
2014-08-13,32.3,19.1,25.7,0.0,11.5,21.6,46519.38
2014-08-14,32.7,16.8,24.7,0.0,22.1,48.2,46353.87
2014-08-15,22.6,17.2,19.4,0.0,10.9,27.4,9743.43
2014-08-16,22.1,16.3,19.3,0.6,14.7,32.0,39344.77
2014-08-17,20.9,14.4,17.5,0.2,15.4,40.3,46162.84
2014-08-18,22.8,12.1,17.8,0.0,8.0,16.2,46098.61
2014-08-19,26.6,12.4,20.5,0.0,7.9,16.9,46034.14
2014-08-20,27.6,15.1,22.5,0.0,6.4,15.8,44877.65
2014-08-21,27.6,14.9,21.3,1.4,15.6,36.4,41084.83
2014-08-22,24.6,17.1,20.2,0.0,7.3,20.9,31410.43
2014-08-23,26.5,16.1,21.1,1.3,7.4,20.5,43565.04
2014-08-24,22.2,16.4,19.2,0.5,17.1,45.0,43341.01
2014-08-25,20.9,13.4,17.1,0.0,7.6,20.2,44277.86
2014-08-26,27.4,12.0,20.2,0.0,8.9,23.4,45220.49
2014-08-27,28.8,14.4,21.1,1.4,14.9,30.6,40559.18
2014-08-28,20.2,14.0,16.8,0.0,12.8,31.0,37276.6
2014-08-29,23.4,10.9,17.4,0.0,6.5,19.4,44722.24
2014-08-30,25.8,14.5,20.3,0.0,7.6,21.2,44429.98
2014-08-31,26.0,17.1,21.3,0.0,8.9,23.4,43355.98
2014-09-01,26.6,14.4,21.0,0.0,13.8,32.0,28959.18
2014-09-02,25.5,16.7,21.0,1.2,13.6,37.8,36863.96
2014-09-03,21.9,16.4,18.5,33.9,12.1,37.4,10388.99
2014-09-04,21.8,17.1,18.7,13.0,12.7,28.8,12025.75
2014-09-05,18.9,16.0,17.3,5.8,12.6,24.8,1608.43
2014-09-06,20.2,15.0,17.3,2.1,14.8,31.0,20635.76
2014-09-07,23.2,14.4,18.3,0.0,7.4,24.5,37738.89
2014-09-08,21.3,14.2,17.6,12.2,5.8,16.6,31601.48
2014-09-09,22.5,13.1,17.9,2.9,5.7,20.9,35041.57
2014-09-10,24.9,13.9,18.7,0.0,9.2,21.6,37122.9
2014-09-11,25.7,14.5,20.1,0.0,15.1,37.8,38659.14
2014-09-12,25.0,17.0,20.4,2.9,11.9,28.1,37488.6
2014-09-13,25.0,15.9,19.7,3.1,13.2,30.2,29385.3
2014-09-14,21.5,14.1,16.9,5.9,6.6,19.1,23656.25
2014-09-15,19.1,14.6,16.1,8.1,9.4,22.0,25738.74
2014-09-16,18.6,14.3,15.7,2.3,10.2,22.7,24638.73
2014-09-17,17.8,13.1,15.1,0.0,14.8,33.1,36018.39
2014-09-18,20.6,12.1,15.9,0.0,12.2,32.0,39628.85
2014-09-19,23.6,9.9,16.8,0.0,10.5,26.6,39600.0
2014-09-20,24.0,12.8,18.3,2.5,12.7,29.5,19214.83
2014-09-21,23.1,13.3,17.5,7.5,8.7,27.0,35736.82
2014-09-22,20.9,11.6,15.6,5.8,20.1,41.8,22845.93
2014-09-23,14.1,9.6,11.5,7.1,22.4,55.8,27503.86
2014-09-24,15.3,7.3,11.5,0.0,10.8,23.4,39600.0
2014-09-25,19.0,5.5,12.6,0.0,7.2,14.4,36877.54
2014-09-26,14.5,10.6,12.2,14.5,16.9,40.0,17175.83
2014-09-27,15.6,9.6,12.0,3.8,18.4,42.1,25215.36
2014-09-28,17.9,8.2,12.5,0.0,12.9,30.2,24536.56
2014-09-29,19.1,6.9,13.0,0.0,8.0,20.5,39172.59
2014-09-30,21.8,5.9,14.1,0.0,7.4,16.6,39059.79
2014-10-01,20.9,7.2,14.6,0.0,6.4,12.6,38879.61
2014-10-02,19.9,8.9,14.5,0.0,8.5,17.3,33438.04
2014-10-03,17.0,10.1,13.2,0.0,16.2,33.5,33892.16
2014-10-04,16.5,7.2,11.6,0.0,15.8,36.4,38323.33
2014-10-05,17.1,6.8,11.4,0.0,15.3,36.0,38138.05
2014-10-06,15.6,6.4,11.0,2.1,19.4,42.5,23759.55
2014-10-07,15.5,9.9,12.4,0.0,12.6,26.6,14193.56
2014-10-08,19.2,9.3,13.6,0.0,15.1,33.5,30136.78
2014-10-09,21.4,11.2,15.1,0.0,11.5,27.7,35509.08
2014-10-10,22.1,9.8,15.0,0.0,10.3,22.3,37218.19
2014-10-11,22.1,8.9,14.8,0.0,10.9,26.6,37036.42
2014-10-12,22.5,8.8,15.5,0.0,7.4,15.8,36741.88
2014-10-13,23.1,9.7,15.7,0.0,9.3,18.0,34290.33
2014-10-14,24.5,10.0,17.0,0.0,8.8,14.0,36036.27
2014-10-15,25.7,10.9,17.4,0.0,11.6,43.2,26433.55
2014-10-16,19.4,13.2,15.9,24.4,7.4,31.7,17912.26
2014-10-17,23.2,11.0,16.8,2.8,19.4,47.2,27426.98
2014-10-18,17.4,11.0,14.2,0.0,18.9,42.8,33494.91
2014-10-19,16.2,8.2,11.7,0.0,9.1,19.8,35004.41
2014-10-20,21.1,5.6,12.9,0.0,7.5,16.6,34741.5
2014-10-21,19.7,7.1,13.7,0.0,8.4,21.6,34119.89
2014-10-22,17.4,2.8,8.5,13.1,26.4,66.2,16260.43
2014-10-23,7.2,4.2,6.1,12.2,14.3,33.5,1173.21
2014-10-24,11.7,2.4,7.2,0.0,10.8,25.6,26188.15
2014-10-25,7.6,3.7,5.4,2.3,12.8,26.6,10514.51
2014-10-26,7.2,1.4,4.1,0.0,9.8,20.2,20702.31
2014-10-27,8.2,1.4,4.4,0.0,8.3,22.0,33264.87
2014-10-28,8.6,1.6,4.2,0.3,11.2,24.8,32400.0
2014-10-29,10.1,0.4,4.7,0.0,12.0,31.0,32255.82
2014-10-30,9.2,3.3,6.1,0.0,9.8,21.2,13472.31
2014-10-31,8.6,6.8,7.6,0.0,12.9,28.1,0.0
2014-11-01,9.9,6.4,8.1,0.0,7.3,18.4,7643.9
2014-11-02,10.9,2.6,7.0,0.0,8.5,14.8,30450.75
2014-11-03,13.2,2.0,6.5,0.0,12.2,30.2,32110.56
2014-11-04,14.7,0.6,7.1,0.0,12.7,27.7,32102.96
2014-11-05,16.7,3.4,9.5,0.0,16.9,36.7,31875.82
2014-11-06,18.2,7.7,12.2,0.0,15.9,37.4,31666.9
2014-11-07,19.7,8.7,13.8,0.0,15.3,33.8,31672.1
2014-11-08,18.3,8.6,12.6,0.0,13.7,31.0,26720.07
2014-11-09,15.7,9.0,11.8,0.0,9.4,20.5,20389.26
2014-11-10,16.6,7.2,10.8,0.0,9.7,21.2,31343.03
2014-11-11,15.3,5.5,9.7,0.0,10.5,22.3,18900.35
2014-11-12,14.1,7.6,9.9,0.0,19.4,41.0,22327.99
2014-11-13,12.0,8.4,10.0,2.4,13.5,31.3,5242.94
2014-11-14,11.8,9.4,10.4,0.0,8.1,19.4,0.0
2014-11-15,12.4,6.0,9.2,0.0,17.1,38.9,27421.67
2014-11-16,9.6,5.6,7.2,2.4,16.6,36.0,12143.34
2014-11-17,13.5,5.4,8.1,0.0,11.4,27.7,29922.34
2014-11-18,12.0,3.8,8.0,1.3,13.3,32.8,2565.2
2014-11-19,13.4,4.3,8.2,6.4,15.3,35.6,24373.01
2014-11-20,8.2,6.7,7.4,1.5,20.3,49.3,13886.29
2014-11-21,7.5,5.5,6.7,0.8,15.5,37.1,19773.19
2014-11-22,6.4,4.3,5.3,0.0,7.1,15.8,7362.54
2014-11-23,6.3,1.2,4.4,0.0,5.7,13.0,23267.52
2014-11-24,6.3,1.2,3.9,0.0,10.3,22.7,24444.17
2014-11-25,4.5,-1.4,1.6,0.0,13.0,29.9,15048.57
2014-11-26,4.0,-2.4,0.9,0.0,10.3,23.8,29154.06
2014-11-27,3.1,-2.7,0.3,2.0,10.8,24.5,2578.11
2014-11-28,10.9,0.8,4.5,1.6,11.7,24.5,26519.18
2014-11-29,11.0,2.9,5.9,3.0,11.9,27.7,16509.35
2014-11-30,8.0,2.9,4.6,5.0,8.9,21.6,11670.74
2014-12-01,3.1,-1.2,1.3,0.8,19.8,44.6,42.79
2014-12-02,3.4,-1.7,0.7,6.1,17.6,43.2,2295.38
2014-12-03,5.9,1.7,3.5,0.0,17.9,45.0,20759.76
2014-12-04,6.3,2.5,3.8,0.0,13.2,33.8,20934.65
2014-12-05,7.0,2.3,4.1,0.1,14.6,34.6,8894.09
2014-12-06,4.8,2.5,3.5,5.5,11.8,30.2,0.0
2014-12-07,5.0,3.2,4.0,3.5,3.6,13.0,0.0
2014-12-08,4.8,3.6,4.1,1.3,9.3,21.6,0.0
2014-12-09,4.3,2.0,3.6,16.7,14.0,28.4,0.0
2014-12-10,3.0,0.5,1.9,2.4,12.7,27.7,0.0
2014-12-11,5.5,-0.5,2.1,0.0,5.1,12.6,26003.78
2014-12-12,6.6,-2.1,1.3,0.0,8.4,19.1,27805.66
2014-12-13,8.6,-3.0,1.1,0.0,9.9,19.1,27908.44
2014-12-14,9.0,-3.2,1.3,0.0,8.4,14.4,27545.29
2014-12-15,8.3,-2.7,1.7,0.0,8.4,14.0,22901.01
2014-12-16,10.9,-0.7,4.5,3.8,9.4,22.7,22379.59
2014-12-17,10.1,0.9,5.4,1.3,9.8,23.0,23211.4
2014-12-18,7.5,3.5,6.1,1.0,7.4,20.5,0.0
2014-12-19,9.7,1.4,4.3,0.0,8.7,19.1,24030.38
2014-12-20,10.0,-0.5,3.5,0.0,9.8,26.3,23995.66
2014-12-21,6.4,-1.1,2.6,2.8,20.6,47.9,22598.79
2014-12-22,8.6,-3.7,1.2,0.0,9.5,22.3,26283.32
2014-12-23,10.6,-2.3,2.8,0.0,7.4,16.9,27426.58
2014-12-24,10.6,-2.6,2.6,0.0,8.3,14.8,27453.64
2014-12-25,8.9,-2.5,1.8,0.0,7.3,13.7,27105.63
2014-12-26,2.5,-1.1,0.7,8.1,15.3,34.2,0.0
2014-12-27,0.8,-4.9,-1.8,0.1,18.0,43.2,22445.26
2014-12-28,0.7,-4.0,-1.2,8.5,22.1,45.4,0.0
2014-12-29,-2.0,-10.3,-5.1,7.7,26.5,56.9,7135.5
2014-12-30,-6.8,-15.4,-10.3,0.0,14.4,32.8,13068.92
2014-12-31,-7.0,-18.5,-13.7,0.0,14.0,26.6,20593.43
2015-01-01,-7.8,-22.2,-15.6,0.0,9.5,16.2,27228.47
2015-01-02,0.1,-16.4,-8.0,0.0,8.4,14.8,23446.18
2015-01-03,3.1,-6.0,-0.7,0.7,13.4,32.0,21257.87
2015-01-04,2.1,-3.9,-0.5,4.0,23.5,55.1,16603.73
2015-01-05,0.0,-4.5,-1.7,3.5,21.1,51.1,26416.39
2015-01-06,-1.1,-5.7,-2.6,8.9,20.5,46.8,27533.51
2015-01-07,-4.8,-12.2,-8.5,0.0,10.3,25.6,26366.01
2015-01-08,-4.1,-15.6,-9.0,0.7,10.2,16.9,2379.81
2015-01-09,2.7,-9.6,-3.4,0.3,9.7,25.9,16209.79
2015-01-10,4.9,-1.1,1.6,5.2,11.0,28.1,0.0
2015-01-11,10.6,-4.1,1.7,2.3,24.4,52.9,28479.34
2015-01-12,3.1,-1.8,0.8,1.3,20.0,49.3,22960.97
2015-01-13,7.4,-4.5,0.0,0.0,8.9,16.2,28841.16
2015-01-14,8.4,-2.5,1.4,0.0,7.1,14.4,29030.17
2015-01-15,8.4,-2.1,1.9,0.0,11.0,26.3,28821.54
2015-01-16,6.1,-2.0,0.8,0.0,10.8,19.1,29115.77
2015-01-17,7.8,-3.0,1.3,0.0,9.9,22.7,26487.19
2015-01-18,7.9,-1.1,2.8,0.3,9.5,22.0,9779.42
2015-01-19,10.2,0.3,4.6,1.6,9.9,26.3,14162.55
2015-01-20,11.4,2.4,6.4,0.8,9.7,20.2,16949.27
2015-01-21,11.4,2.1,5.6,0.7,8.8,24.8,23908.12
2015-01-22,11.6,0.0,5.2,0.3,15.0,31.3,30039.74
2015-01-23,7.4,3.7,5.0,6.4,13.2,39.2,3883.02
2015-01-24,5.8,1.4,4.1,3.2,14.3,30.6,0.0
2015-01-25,1.5,-0.0,0.7,3.6,13.0,29.9,0.0
2015-01-26,2.5,-0.7,0.8,0.0,8.9,21.6,1035.57
2015-01-27,3.1,-0.7,0.9,1.1,8.4,22.0,2182.82
2015-01-28,1.6,-0.4,0.3,2.3,11.0,27.7,0.0
2015-01-29,8.3,-3.9,1.5,0.0,10.5,27.4,26807.64
2015-01-30,8.9,-0.1,5.5,3.1,27.6,70.2,18547.62
2015-01-31,6.9,0.3,4.2,0.0,21.1,43.9,31109.48
2015-02-01,5.5,0.6,2.0,5.8,12.1,31.3,11249.11
2015-02-02,5.2,-3.7,0.6,0.6,11.9,23.4,26588.03
2015-02-03,6.7,-4.2,0.6,0.0,8.7,22.3,31094.93
2015-02-04,8.0,-1.7,3.0,1.9,18.2,42.8,9583.85
2015-02-05,9.8,0.5,3.5,0.3,8.7,23.4,3153.97
2015-02-06,3.8,-0.7,1.7,14.5,19.1,45.4,3134.85
2015-02-07,1.4,-2.0,-0.4,4.7,7.0,15.8,11784.38
2015-02-08,0.4,-3.0,-1.2,2.5,22.7,49.7,3893.46
2015-02-09,-1.3,-7.1,-3.4,3.3,24.5,54.7,28468.5
2015-02-10,1.1,-7.0,-1.8,1.3,16.4,40.3,25364.84
2015-02-11,1.6,-1.6,-0.4,0.3,15.5,34.9,9087.06
2015-02-12,3.6,-3.0,-0.3,0.0,7.2,19.4,33651.48
2015-02-13,6.5,-2.5,1.2,0.0,8.7,22.0,33829.67
2015-02-14,5.7,-1.8,1.3,0.0,9.7,24.1,34009.46
2015-02-15,8.2,-1.9,1.4,0.0,10.1,26.6,34190.67
2015-02-16,6.4,-2.8,0.6,0.0,13.1,29.2,34373.1
2015-02-17,2.0,-5.7,-1.6,0.0,15.9,34.9,34556.58
2015-02-18,2.3,-5.9,-2.4,0.0,12.6,30.6,34740.91
2015-02-19,4.8,-4.7,-1.0,0.0,8.6,21.2,34852.27
2015-02-20,7.5,-2.6,1.7,0.0,7.2,17.3,34938.84
2015-02-21,11.8,-3.3,3.0,0.1,10.3,20.2,34465.91
2015-02-22,10.8,-0.7,4.6,4.8,20.3,44.6,8368.45
2015-02-23,13.8,2.2,7.5,2.9,13.7,32.0,35195.9
2015-02-24,13.7,0.8,6.3,0.0,11.4,27.4,34546.02
2015-02-25,8.6,4.3,6.3,4.9,7.2,14.4,1572.25
2015-02-26,7.8,3.9,5.7,5.9,12.4,23.8,10117.03
2015-02-27,8.6,2.6,5.4,0.1,9.0,22.7,0.0
2015-02-28,8.7,3.9,6.1,0.0,8.2,19.1,0.0
2015-03-01,11.2,4.4,6.9,0.0,10.1,22.7,11007.36
2015-03-02,14.9,-1.0,7.0,2.7,14.4,31.3,28780.64
2015-03-03,8.8,1.0,6.0,4.3,21.1,47.2,35856.72
2015-03-04,10.6,-2.8,4.0,0.0,13.1,33.1,36965.1
2015-03-05,4.4,-0.1,1.3,33.2,13.9,35.6,0.0
2015-03-06,3.0,-0.4,1.0,15.5,14.9,36.4,9885.73
2015-03-07,2.4,-1.0,0.6,6.7,20.3,43.2,471.01
2015-03-08,3.8,-2.9,0.3,0.6,16.8,38.9,20300.29
2015-03-09,5.3,-1.3,2.1,1.5,12.7,39.2,35225.61
2015-03-10,6.7,-1.2,2.5,0.1,6.2,21.2,22489.49
2015-03-11,8.5,-0.9,3.0,0.9,8.3,24.5,28758.49
2015-03-12,4.5,1.3,2.9,6.6,21.2,43.9,0.0
2015-03-13,6.2,0.8,3.1,4.4,13.1,28.4,18978.81
2015-03-14,8.7,1.5,4.5,0.4,8.0,18.7,35067.97
2015-03-15,10.1,0.3,5.0,0.0,15.7,36.4,30957.06
2015-03-16,12.1,0.0,5.6,0.0,19.3,44.3,39035.64
2015-03-17,12.0,0.1,6.0,0.0,17.8,41.8,39238.68
2015-03-18,9.8,0.2,4.8,0.0,9.6,24.8,38929.95
2015-03-19,7.9,-0.5,3.1,1.9,19.0,51.5,36262.9
2015-03-20,7.6,-2.8,2.2,0.0,9.6,28.8,39982.0
2015-03-21,11.6,-3.4,3.3,0.0,9.9,16.6,40213.39
2015-03-22,13.5,-3.7,5.2,0.0,7.9,15.8,35758.23
2015-03-23,13.3,-0.3,6.6,0.0,13.2,27.0,38109.43
2015-03-24,15.9,0.1,7.9,0.0,16.9,38.9,40277.97
2015-03-25,13.7,3.1,8.5,1.7,20.9,48.2,18227.63
2015-03-26,17.8,2.8,10.6,0.0,14.6,36.7,41026.02
2015-03-27,14.5,6.6,10.2,8.2,8.7,27.4,6299.13
2015-03-28,9.0,5.3,6.4,22.0,24.5,51.8,0.0
2015-03-29,10.7,2.3,7.2,0.3,18.3,42.8,39277.35
2015-03-30,11.5,-0.8,6.0,1.7,11.8,26.3,6696.61
2015-03-31,16.5,4.1,10.0,2.7,20.0,46.4,37934.21
2015-04-01,10.4,4.2,7.7,13.5,21.7,53.3,18242.87
2015-04-02,11.9,-1.1,5.7,0.0,16.8,40.0,41983.08
2015-04-03,7.8,1.3,4.8,1.8,26.0,54.0,41042.96
2015-04-04,10.9,-2.4,4.8,0.0,12.3,31.3,40150.13
2015-04-05,6.5,1.5,4.0,9.9,9.8,31.0,873.53
2015-04-06,5.9,2.5,3.9,5.6,20.8,45.4,708.99
2015-04-07,9.5,0.7,4.9,5.9,23.5,56.9,25897.51
2015-04-08,8.8,0.9,5.3,0.6,21.0,47.5,24574.43
2015-04-09,11.8,2.6,7.2,0.0,21.7,48.6,29798.96
2015-04-10,15.7,0.6,8.5,0.0,10.9,19.4,43903.86
2015-04-11,19.9,1.1,11.8,0.0,10.7,19.1,44252.76
2015-04-12,18.6,5.7,12.1,0.8,16.1,35.6,36624.59
2015-04-13,19.4,5.6,12.9,0.0,9.2,24.5,44592.52
2015-04-14,14.3,6.4,10.3,0.9,20.9,48.6,38339.7
2015-04-15,18.3,2.6,11.1,0.0,8.7,25.9,44931.09
2015-04-16,23.0,3.7,13.8,0.0,8.9,23.0,45099.65
2015-04-17,22.6,5.9,14.6,0.0,12.0,30.2,36024.04
2015-04-18,14.2,5.9,10.7,4.7,20.6,46.4,18000.0
2015-04-19,11.0,4.4,7.3,0.4,13.7,31.7,37999.83
2015-04-20,12.7,0.8,8.3,0.0,20.4,45.0,37245.44
2015-04-21,13.4,6.2,9.8,0.2,17.2,40.7,38903.82
2015-04-22,15.4,3.6,10.0,0.9,20.1,46.8,46093.38
2015-04-23,18.6,6.0,12.8,0.0,9.7,20.2,46254.94
2015-04-24,20.6,5.8,13.4,0.3,12.0,32.8,42774.99
2015-04-25,19.3,6.8,13.9,0.0,9.0,17.3,46441.9
2015-04-26,21.5,6.4,15.4,0.0,7.8,19.8,45211.54
2015-04-27,22.9,8.5,17.0,0.0,16.1,36.7,39857.76
2015-04-28,21.2,10.8,15.5,2.0,12.0,33.5,34828.61
2015-04-29,10.5,7.1,9.0,2.8,21.9,50.4,0.0
2015-04-30,17.7,7.3,12.5,1.5,6.9,16.2,46800.0
2015-05-01,21.1,7.7,15.0,1.5,12.3,29.2,43453.15
2015-05-02,16.2,10.8,13.3,6.0,11.3,31.7,10800.0
2015-05-03,20.9,8.2,15.0,0.0,7.9,20.9,46800.0
2015-05-04,22.5,12.5,18.5,0.0,7.1,15.1,46800.0
2015-05-05,27.6,12.9,20.7,0.0,9.4,19.4,45105.38
2015-05-06,30.6,13.1,22.6,0.0,10.1,16.6,46800.0
2015-05-07,22.2,15.0,18.3,2.7,15.4,36.4,42395.46
2015-05-08,21.7,10.4,16.6,0.0,9.9,26.3,46985.34
2015-05-09,21.9,10.5,16.9,0.0,12.1,26.6,46985.98
2015-05-10,19.5,9.7,15.0,8.7,21.3,40.7,31950.38
2015-05-11,16.3,10.6,13.4,0.8,22.6,57.6,38292.85
2015-05-12,19.2,7.4,14.1,0.0,7.1,18.4,46226.29
2015-05-13,24.7,7.9,17.0,0.0,8.1,18.7,44795.77
2015-05-14,24.8,10.3,17.7,2.7,13.8,35.6,44091.22
2015-05-15,23.1,13.5,18.0,0.1,9.9,21.6,36982.94
2015-05-16,23.8,12.7,17.9,0.2,10.0,22.7,39218.65
2015-05-17,22.1,11.5,17.2,0.0,13.3,22.0,29904.6
2015-05-18,24.0,10.6,18.2,0.0,8.7,23.4,47258.92
2015-05-19,27.1,12.9,20.3,1.1,15.5,33.5,43204.87
2015-05-20,26.5,14.0,20.5,0.5,14.7,32.8,45887.62
2015-05-21,26.7,13.9,19.8,2.0,13.6,29.5,40578.85
2015-05-22,22.5,15.4,18.6,2.8,18.4,49.0,9707.86
2015-05-23,21.3,14.4,17.7,9.8,13.5,41.4,41443.94
2015-05-24,19.7,13.3,15.8,23.4,14.2,31.0,20560.31
2015-05-25,17.7,11.7,14.8,15.6,9.1,27.7,33424.95
2015-05-26,18.4,9.5,13.8,6.2,11.3,42.5,32721.1
2015-05-27,13.3,10.9,12.1,3.2,18.8,42.8,0.0
2015-05-28,14.4,9.5,11.7,1.0,17.1,40.3,29785.41
2015-05-29,16.5,7.8,12.8,0.0,11.3,27.7,40812.7
2015-05-30,22.7,6.8,15.8,0.0,8.3,16.2,50265.52
2015-05-31,23.9,11.2,18.8,0.0,6.3,18.7,48939.3
2015-06-01,25.0,12.8,19.7,0.0,10.5,22.3,50375.82
2015-06-02,25.9,14.0,20.9,0.0,9.5,23.4,50564.8
2015-06-03,26.6,15.0,21.8,0.0,7.9,20.2,49269.71
2015-06-04,27.4,13.4,21.5,0.1,13.7,35.3,48980.82
2015-06-05,25.2,16.6,20.9,4.6,10.0,24.8,39605.66
2015-06-06,26.3,16.1,21.2,0.0,13.3,28.4,50333.16
2015-06-07,25.7,15.6,20.5,0.0,15.9,37.1,51081.55
2015-06-08,25.3,13.6,20.2,0.0,13.3,32.8,51122.36
2015-06-09,25.8,14.8,21.3,0.0,9.0,22.0,50584.9
2015-06-10,24.8,15.4,20.1,15.5,14.3,33.5,34385.34
2015-06-11,26.4,15.7,21.1,1.8,9.0,26.3,47603.2
2015-06-12,29.1,15.7,23.2,0.0,10.2,25.2,51263.89
2015-06-13,30.5,16.1,24.1,0.7,7.9,18.4,51294.24
2015-06-14,31.3,16.4,23.7,1.6,11.1,39.2,40502.03
2015-06-15,29.5,16.2,23.3,3.8,7.8,23.4,50196.06
2015-06-16,23.8,17.4,20.4,11.4,16.3,49.0,45805.12
2015-06-17,21.0,15.5,17.8,3.8,15.1,36.0,11731.92
2015-06-18,17.1,12.9,14.6,2.6,16.5,34.9,2174.15
2015-06-19,22.1,12.7,17.6,0.0,9.9,28.1,47875.27
2015-06-20,19.5,13.5,16.0,2.4,15.0,31.7,20804.04
2015-06-21,19.2,12.1,15.2,1.4,16.3,36.4,47706.78
2015-06-22,20.8,10.2,16.1,0.1,9.0,24.8,47879.45
2015-06-23,26.6,9.4,19.0,0.0,10.2,27.4,51186.05
2015-06-24,20.5,12.5,15.8,4.7,17.3,41.4,38302.55
2015-06-25,19.0,10.2,14.6,1.3,16.6,40.7,50328.1
2015-06-26,16.4,11.4,14.0,5.3,20.4,43.9,6378.62
2015-06-27,22.3,13.6,17.8,1.1,13.7,33.5,43848.82
2015-06-28,21.3,13.8,17.4,10.1,14.3,37.4,37780.17
2015-06-29,22.8,15.2,18.7,0.0,13.6,33.1,38533.59
2015-06-30,22.4,15.0,18.6,10.9,11.7,31.3,41510.47
2015-07-01,24.3,14.1,19.9,0.0,9.7,25.2,50474.28
2015-07-02,26.1,13.2,20.9,0.0,10.1,27.0,50880.74
2015-07-03,25.6,16.1,21.6,0.0,12.2,31.0,50187.71
2015-07-04,26.6,17.2,22.8,0.0,6.6,15.5,46070.44
2015-07-05,28.4,16.1,23.2,0.0,10.8,28.8,50417.18
2015-07-06,30.6,16.8,24.7,0.0,7.7,14.8,50523.22
2015-07-07,31.8,17.6,26.1,0.0,7.6,14.4,50498.64
2015-07-08,34.0,18.0,27.0,0.0,10.7,25.9,50471.46
2015-07-09,26.5,19.5,22.5,0.0,20.9,43.6,45747.12
2015-07-10,23.7,16.6,19.7,0.1,14.9,34.2,37034.33
2015-07-11,25.1,12.4,19.5,0.0,6.5,20.9,50258.31
2015-07-12,28.0,14.1,22.4,0.0,9.8,29.2,49996.27
2015-07-13,28.2,15.8,23.1,0.2,14.0,28.1,49823.58
2015-07-14,25.8,17.9,22.2,0.6,16.9,38.9,47920.46
2015-07-15,28.4,16.3,23.5,0.0,11.9,32.4,49678.16
2015-07-16,31.0,19.3,25.2,0.0,8.8,18.4,49642.86
2015-07-17,33.1,21.9,27.7,0.2,8.0,22.3,47782.52
2015-07-18,33.6,20.5,28.3,0.0,7.2,14.4,43392.23
2015-07-19,35.2,20.7,28.7,0.0,10.5,24.1,48577.08
2015-07-20,34.2,20.8,28.1,0.3,14.7,41.4,49385.77
2015-07-21,32.5,20.1,26.9,0.0,11.8,28.1,49253.56
2015-07-22,34.3,23.3,29.0,0.0,11.7,26.6,48993.76
2015-07-23,34.2,21.7,28.5,0.0,17.3,40.7,49135.21
2015-07-24,32.5,23.0,27.4,0.0,14.0,30.6,49113.59
2015-07-25,33.3,21.4,27.6,0.0,7.9,23.0,48949.41
2015-07-26,29.0,21.7,24.9,0.0,17.5,41.4,48313.87
2015-07-27,30.5,19.4,24.9,0.3,15.7,37.4,46800.0
2015-07-28,28.2,19.2,23.5,0.0,10.0,31.7,47169.46
2015-07-29,33.2,19.2,27.1,0.0,12.3,33.1,48541.23
2015-07-30,29.4,20.1,24.8,0.0,14.2,33.8,48115.74
2015-07-31,26.5,17.6,21.3,5.7,17.3,44.6,46716.79
2015-08-01,27.8,16.1,21.7,0.0,12.4,28.8,48208.61
2015-08-02,32.4,18.9,25.4,1.3,17.5,39.2,46800.0
2015-08-03,31.2,19.8,25.4,0.8,9.1,24.5,43200.0
2015-08-04,30.8,18.5,25.2,0.1,9.8,27.7,45992.88
2015-08-05,31.5,22.4,27.0,0.0,10.5,27.7,47189.26
2015-08-06,30.9,22.0,27.0,2.2,12.2,34.9,46800.0
2015-08-07,32.5,22.3,27.3,0.0,18.3,34.9,47291.58
2015-08-08,30.4,19.7,25.7,0.0,17.2,41.4,47436.53
2015-08-09,29.9,18.4,24.5,0.0,15.2,37.4,47160.3
2015-08-10,30.4,20.2,25.3,0.0,10.5,29.2,46807.02
2015-08-11,31.9,20.9,26.4,0.0,8.5,25.6,46832.95
2015-08-12,33.2,18.8,27.7,0.0,8.2,23.8,46680.99
2015-08-13,33.6,19.8,27.4,0.0,11.2,24.5,46435.77
2015-08-14,32.7,19.7,27.1,0.0,6.9,22.3,46372.05
2015-08-15,34.0,20.4,28.1,0.0,7.7,30.6,46308.04
2015-08-16,33.0,20.2,26.2,1.0,8.5,28.8,40612.45
2015-08-17,28.4,22.1,24.4,1.1,12.0,31.3,40191.95
2015-08-18,25.8,18.1,22.1,0.1,11.4,36.4,45055.57
2015-08-19,27.2,18.0,22.4,0.4,10.5,21.6,44949.77
2015-08-20,24.3,16.9,19.6,7.2,8.7,25.2,38767.89
2015-08-21,21.9,15.8,18.2,0.5,8.5,27.0,17739.56
2015-08-22,19.6,14.9,17.0,1.5,9.3,24.1,25174.84
2015-08-23,22.1,14.0,17.8,0.0,7.6,18.0,32882.77
2015-08-24,27.2,14.1,21.0,0.0,8.6,24.1,45586.97
2015-08-25,29.0,14.9,22.5,0.0,8.2,21.6,45317.02
2015-08-26,28.2,16.8,22.8,0.0,10.2,22.7,44535.29
2015-08-27,30.8,18.8,24.2,0.0,9.9,28.8,45100.0
2015-08-28,32.8,17.2,25.4,0.0,9.4,25.2,44936.88
2015-08-29,32.9,17.9,26.1,0.0,8.8,22.3,44772.2
2015-08-30,33.2,19.1,27.1,0.0,12.8,33.1,44605.94
2015-08-31,34.9,19.0,27.5,0.0,9.7,25.6,44438.22
2015-09-01,34.8,19.8,27.8,0.0,8.1,19.8,44081.84
2015-09-02,32.3,19.1,26.3,0.8,11.6,29.5,41101.07
2015-09-03,31.0,20.3,25.6,0.0,7.7,19.1,42974.11
2015-09-04,31.2,19.5,25.3,0.0,13.5,34.6,43188.15
2015-09-05,31.0,19.2,25.1,2.0,11.3,36.7,21117.94
2015-09-06,21.0,16.7,18.6,1.8,13.0,38.2,23911.6
2015-09-07,19.4,14.8,16.8,0.0,12.6,27.0,17952.21
2015-09-08,18.6,13.0,15.9,0.0,13.5,33.8,35946.71
2015-09-09,20.2,9.6,15.3,0.0,10.2,25.2,26366.62
2015-09-10,15.9,13.2,14.5,24.1,8.1,27.4,0.0
2015-09-11,17.8,13.2,15.4,0.3,7.6,14.4,297.48
2015-09-12,20.4,13.4,16.8,0.2,7.7,16.6,35806.25
2015-09-13,23.6,11.9,17.9,0.0,9.8,24.8,40657.34
2015-09-14,27.1,12.0,19.6,0.0,14.3,34.2,40032.24
2015-09-15,28.6,13.9,21.3,0.0,16.1,31.7,39951.87
2015-09-16,30.2,14.7,22.3,0.0,14.1,33.8,39953.33
2015-09-17,33.6,16.2,24.3,0.0,10.5,23.8,39870.09
2015-09-18,34.7,16.6,25.1,0.0,8.9,21.6,39647.58
2015-09-19,32.9,17.3,24.9,0.0,8.4,19.1,39662.37
2015-09-20,21.6,16.8,19.4,0.9,17.3,37.4,3600.0
2015-09-21,18.1,13.3,16.1,0.8,18.6,42.5,299.08
2015-09-22,23.1,12.5,17.3,0.0,14.3,32.4,36073.71
2015-09-23,26.2,13.4,20.0,0.0,12.4,28.4,39600.0
2015-09-24,25.7,14.5,19.6,5.8,8.0,22.0,39582.75
2015-09-25,20.4,14.8,16.9,9.6,8.7,29.2,20984.19
2015-09-26,18.7,13.5,15.8,0.3,10.1,22.7,22288.05
2015-09-27,14.4,13.1,13.8,8.4,12.2,27.7,0.0
2015-09-28,13.0,11.4,12.0,0.1,18.3,40.7,0.0
2015-09-29,13.0,11.1,11.9,0.1,11.9,24.1,0.0
2015-09-30,13.4,10.5,12.0,0.3,9.3,21.2,0.0
2015-10-01,16.5,10.1,13.2,0.0,6.0,18.7,18621.86
2015-10-02,19.4,10.7,14.3,0.0,13.6,32.4,38734.89
2015-10-03,22.0,7.4,14.5,0.0,8.0,22.0,38294.94
2015-10-04,23.1,10.6,16.6,0.2,8.9,20.2,38158.41
2015-10-05,22.1,10.3,16.0,7.6,7.9,24.8,37635.73
2015-10-06,18.9,11.8,15.2,1.7,10.3,25.9,32424.78
2015-10-07,18.1,12.9,15.1,9.3,7.6,17.3,17130.14
2015-10-08,14.3,8.9,11.4,0.2,14.9,34.2,2003.52
2015-10-09,12.9,8.9,10.7,2.9,5.8,15.5,0.0
2015-10-10,12.3,8.4,10.8,21.6,18.9,42.8,0.0
2015-10-11,15.7,10.7,12.5,10.1,20.3,40.7,11721.7
2015-10-12,11.8,7.5,9.1,3.9,15.5,34.9,0.0
2015-10-13,15.9,5.6,10.5,0.0,13.8,27.4,36652.6
2015-10-14,17.4,7.9,11.7,2.4,17.5,40.0,20857.53
2015-10-15,18.8,8.8,12.8,3.4,22.5,47.2,28679.18
2015-10-16,16.2,10.5,12.5,0.6,22.8,49.0,25234.05
2015-10-17,19.0,9.9,13.2,2.8,13.3,29.5,32836.71
2015-10-18,18.1,9.4,13.1,0.0,8.4,18.0,30119.59
2015-10-19,20.2,8.6,13.3,2.2,14.6,35.3,27561.7
2015-10-20,12.2,8.3,10.5,1.4,14.3,30.6,0.0
2015-10-21,9.5,6.8,8.3,0.0,12.5,28.1,9677.67
2015-10-22,8.3,5.0,7.2,7.5,9.8,24.1,399.4
2015-10-23,10.2,6.5,8.1,1.1,11.4,27.7,12612.63
2015-10-24,12.1,5.9,8.9,0.0,12.5,30.2,13915.71
2015-10-25,14.5,1.9,7.8,0.0,7.4,16.2,30121.92
2015-10-26,14.2,3.5,8.6,0.0,9.0,21.6,32762.85
2015-10-27,15.0,3.7,8.4,0.0,9.1,21.2,27810.64
2015-10-28,14.1,4.2,8.1,0.0,14.4,33.8,28907.2
2015-10-29,14.0,3.2,7.8,0.0,17.7,38.9,32400.0
2015-10-30,12.8,4.8,7.7,0.0,10.9,24.1,32978.6
2015-10-31,10.8,3.6,7.1,0.0,18.4,41.0,29194.06
2015-11-01,9.8,1.6,5.3,0.0,15.8,38.5,32764.45
2015-11-02,10.1,-0.8,4.3,0.0,5.5,15.1,32566.62
2015-11-03,12.0,-2.3,3.6,0.0,5.5,11.2,32378.12
2015-11-04,13.1,-2.5,3.5,0.0,5.9,13.7,32199.73
2015-11-05,11.9,-1.8,3.5,0.0,6.7,14.0,32032.25
2015-11-06,12.0,-2.1,4.0,0.0,8.4,13.0,31813.24
2015-11-07,10.2,-1.0,3.1,0.0,7.3,16.6,29671.67
2015-11-08,12.3,0.1,6.9,0.0,7.9,19.8,3358.85
2015-11-09,19.1,1.6,10.0,0.0,11.3,41.0,31528.43
2015-11-10,16.6,8.0,12.0,0.0,9.5,25.6,7542.32
2015-11-11,19.0,7.7,12.1,0.0,12.3,30.6,31377.86
2015-11-12,18.0,6.1,11.4,0.0,8.0,14.8,31305.72
2015-11-13,16.9,3.6,9.2,0.0,10.5,18.7,26849.79
2015-11-14,13.9,2.9,8.1,0.0,15.0,32.0,19634.36
2015-11-15,13.9,4.0,8.3,0.0,10.0,24.8,30681.49
2015-11-16,13.8,4.1,9.1,0.0,9.7,22.3,4734.65
2015-11-17,17.3,2.3,8.9,0.0,11.0,18.0,30707.91
2015-11-18,16.8,2.8,8.4,0.0,8.4,22.7,29881.3
2015-11-19,17.2,2.1,8.4,0.0,8.9,16.9,30425.52
2015-11-20,16.5,0.9,7.4,0.0,8.1,22.0,30287.16
2015-11-21,16.3,3.9,9.4,1.7,13.7,39.6,9616.52
2015-11-22,8.8,2.2,4.3,7.2,18.8,40.7,21198.17
2015-11-23,6.4,2.0,4.0,0.8,8.2,18.7,1665.93
2015-11-24,3.8,0.6,2.2,10.0,8.7,19.1,0.0
2015-11-25,3.9,0.4,2.0,5.9,6.6,15.5,0.0
2015-11-26,3.5,0.5,2.2,6.5,9.4,22.3,0.0
2015-11-27,3.7,0.6,2.2,15.1,10.8,24.5,0.0
2015-11-28,3.6,0.3,1.6,2.7,13.2,30.6,3600.0
2015-11-29,5.7,-1.7,2.2,0.2,22.5,51.5,21153.44
2015-11-30,11.2,-2.5,2.9,0.0,7.3,17.6,28436.22
2015-12-01,10.7,-0.9,4.2,0.0,8.8,24.1,19347.0
2015-12-02,7.9,5.7,6.9,1.2,11.5,29.5,142.48
2015-12-03,11.6,1.4,6.6,0.0,7.2,14.4,28565.35
2015-12-04,10.4,2.1,5.1,0.0,6.8,14.4,24285.27
2015-12-05,6.1,0.9,4.1,0.0,6.6,13.7,371.84
2015-12-06,9.4,1.7,4.8,0.0,5.0,12.6,26643.33
2015-12-07,9.1,-1.8,2.6,0.0,7.2,16.2,27250.87
2015-12-08,4.6,2.8,3.6,0.0,5.6,12.2,0.0
2015-12-09,5.8,2.9,4.1,0.0,7.5,16.6,2364.4
2015-12-10,3.0,1.1,2.4,0.4,9.7,22.7,0.0
2015-12-11,4.8,2.6,3.4,0.3,6.8,18.0,8237.75
2015-12-12,7.2,-1.3,2.8,0.0,5.7,12.2,26499.93
2015-12-13,8.2,-2.6,1.0,0.0,6.9,17.6,28038.39
2015-12-14,6.3,-2.6,0.7,0.0,7.2,16.9,27176.75
2015-12-15,4.7,-2.1,0.0,0.0,7.6,11.2,26487.01
2015-12-16,1.4,-2.4,-0.6,0.4,5.9,15.1,0.0
2015-12-17,2.4,-1.4,0.4,0.0,6.6,16.2,356.96
2015-12-18,5.2,-3.3,0.6,0.0,6.8,11.9,25953.69
2015-12-19,4.5,0.0,2.1,2.7,6.6,15.5,0.0
2015-12-20,7.5,-0.8,2.5,0.0,7.4,13.3,20240.86
2015-12-21,9.9,-2.9,2.3,0.0,7.0,13.7,26759.49
2015-12-22,9.8,-1.3,2.7,0.0,7.2,14.4,27012.21
2015-12-23,11.2,-1.6,2.9,0.0,9.1,16.6,27323.03
2015-12-24,9.8,-1.9,2.9,0.0,7.6,13.7,27257.65
2015-12-25,9.3,-2.0,2.7,0.0,8.9,20.2,26648.25
2015-12-26,8.4,0.6,3.9,0.0,6.9,12.6,26926.0
2015-12-27,11.0,-0.9,3.3,0.0,7.2,14.4,27184.08
2015-12-28,8.6,-1.8,2.3,0.0,8.1,14.0,27314.12
2015-12-29,2.5,-1.8,0.3,0.1,7.3,16.2,2652.51
2015-12-30,0.3,-3.5,-0.8,0.1,8.0,15.8,1247.74
2015-12-31,-1.3,-6.9,-3.9,0.0,11.2,27.0,27629.94
2016-01-01,0.2,-9.2,-4.9,0.7,7.2,15.1,26979.11
2016-01-02,-0.2,-3.9,-2.6,0.7,11.2,24.5,12241.47
2016-01-03,-4.1,-12.4,-8.6,27.4,16.0,36.4,0.0
2016-01-04,-6.6,-16.4,-11.0,10.0,12.8,28.4,4664.44
2016-01-05,1.6,-6.8,-3.3,4.4,7.6,16.9,27460.35
2016-01-06,2.7,-1.9,0.7,9.0,9.1,20.2,7367.65
2016-01-07,1.5,-1.0,0.3,1.4,20.2,43.6,0.0
2016-01-08,5.1,-9.9,-2.1,0.0,9.8,19.8,27700.53
2016-01-09,4.8,-3.4,1.2,0.5,8.4,20.2,27769.21
2016-01-10,5.6,-0.3,1.9,7.1,8.7,38.2,1503.41
2016-01-11,7.2,-2.2,2.6,0.0,9.9,32.0,23381.89
2016-01-12,12.1,0.3,5.4,4.6,11.5,46.1,24500.96
2016-01-13,7.5,-2.0,1.9,2.8,8.8,24.1,22647.05
2016-01-14,5.9,-3.0,0.5,0.0,9.4,23.0,28394.55
2016-01-15,6.3,-1.1,2.5,4.7,15.1,48.2,13346.51
2016-01-16,1.2,-1.0,0.2,3.2,16.5,36.7,0.0
2016-01-17,-1.2,-5.0,-3.3,9.4,19.7,42.1,0.0
2016-01-18,-4.1,-7.0,-5.5,1.2,21.4,46.4,9548.76
2016-01-19,-4.2,-13.6,-9.0,0.0,10.0,25.9,27907.97
2016-01-20,-3.0,-19.5,-12.1,0.0,9.0,14.0,29914.69
2016-01-21,0.2,-13.9,-7.2,0.4,10.2,24.5,21051.55
2016-01-22,-2.4,-8.7,-6.0,0.0,10.9,22.3,14569.7
2016-01-23,-4.1,-15.6,-9.6,0.0,8.6,17.3,30208.06
2016-01-24,-1.8,-12.9,-6.8,2.3,6.9,17.3,0.0
2016-01-25,2.9,-5.1,-1.6,0.0,8.5,16.2,19546.27
2016-01-26,4.2,-1.0,1.8,1.4,10.7,26.6,0.0
2016-01-27,11.4,-2.0,2.7,0.0,8.7,16.9,29111.74
2016-01-28,10.8,-3.3,2.5,0.0,8.1,16.6,28948.84
2016-01-29,12.0,-0.7,4.5,0.0,9.1,20.2,30200.47
2016-01-30,9.8,-0.5,3.4,0.0,10.6,19.1,23556.46
2016-01-31,10.0,-2.3,3.6,0.8,8.6,23.0,15348.85
2016-02-01,11.6,1.1,5.5,1.2,10.1,29.9,9019.48
2016-02-02,15.7,0.7,7.8,0.0,8.2,18.4,28255.25
2016-02-03,13.9,1.5,7.0,0.0,8.0,18.0,29220.07
2016-02-04,6.1,0.9,3.0,6.1,22.7,54.0,6327.09
2016-02-05,4.4,-3.2,0.9,2.3,15.8,42.8,26613.43
2016-02-06,6.6,-4.4,1.5,0.0,9.2,23.8,32314.17
2016-02-07,9.9,-2.8,2.5,0.0,12.7,28.1,31362.4
2016-02-08,11.6,-2.5,3.7,0.0,12.9,28.4,31114.1
2016-02-09,13.8,0.0,6.3,0.0,13.7,32.0,33014.15
2016-02-10,12.4,3.3,7.9,5.0,22.9,56.5,22203.62
2016-02-11,8.9,-1.7,3.4,3.6,7.9,33.8,31987.58
2016-02-12,10.6,-1.5,4.3,0.0,13.8,30.2,33613.57
2016-02-13,10.9,1.2,5.6,2.6,15.5,38.9,12707.46
2016-02-14,16.7,-0.7,7.9,1.1,16.4,42.5,33063.56
2016-02-15,19.8,9.7,13.5,2.1,18.7,56.2,23684.82
2016-02-16,11.9,6.3,8.8,0.0,11.3,34.9,23253.31
2016-02-17,15.6,5.9,9.7,0.0,19.8,45.0,31578.34
2016-02-18,8.2,6.1,7.1,1.8,17.2,37.8,0.0
2016-02-19,8.4,4.7,6.6,2.4,15.1,35.6,524.27
2016-02-20,7.5,1.5,4.8,1.9,14.8,33.1,16296.79
2016-02-21,9.6,0.3,4.7,0.2,6.5,17.3,7873.05
2016-02-22,19.1,0.4,9.2,0.0,8.9,20.9,32400.0
2016-02-23,17.7,3.8,10.1,0.2,8.7,25.6,20186.81
2016-02-24,11.0,3.6,6.2,1.0,21.3,48.6,14742.86
2016-02-25,12.4,-1.7,5.5,0.0,13.3,32.8,29914.56
2016-02-26,6.9,1.8,4.0,5.3,17.3,36.7,31.59
2016-02-27,11.2,1.0,4.7,0.0,11.4,24.5,32505.96
2016-02-28,13.2,1.2,6.5,0.5,19.0,42.8,24953.39
2016-02-29,16.2,6.7,10.6,3.3,26.8,57.2,27420.7
2016-03-01,13.4,2.1,8.2,5.3,11.7,35.6,29002.57
2016-03-02,8.4,2.3,4.9,1.5,12.1,25.6,20348.78
2016-03-03,13.8,-1.6,6.4,1.2,15.8,40.0,33252.7
2016-03-04,8.3,2.8,5.5,0.6,14.8,31.3,4352.48
2016-03-05,14.5,1.6,7.3,0.0,10.2,26.3,37200.94
2016-03-06,16.2,3.3,8.8,6.0,16.6,43.6,26049.82
2016-03-07,10.7,5.9,7.7,12.9,12.3,38.9,9036.21
2016-03-08,12.0,0.1,5.8,0.0,8.3,19.8,36420.95
2016-03-09,11.8,1.4,6.4,0.6,8.6,27.7,32400.0
2016-03-10,8.4,6.5,7.4,24.7,12.1,29.2,0.0
2016-03-11,9.2,6.0,7.3,6.5,8.0,21.6,713.47
2016-03-12,10.6,3.9,6.7,0.4,14.0,31.0,18271.37
2016-03-13,7.2,4.5,5.8,4.9,17.6,36.0,0.0
2016-03-14,9.4,3.9,6.1,0.9,11.1,28.8,20004.68
2016-03-15,8.1,0.3,4.6,0.0,6.9,18.4,34752.62
2016-03-16,8.5,-1.7,3.7,0.0,18.5,43.6,33597.67
2016-03-17,9.6,-0.2,4.9,0.0,7.7,19.1,39321.98
2016-03-18,11.3,-1.5,5.3,0.0,8.8,18.0,39623.3
2016-03-19,11.6,-0.9,5.3,0.0,21.1,51.8,39186.74
2016-03-20,15.0,-0.6,7.4,0.0,10.1,28.1,38090.23
2016-03-21,14.7,1.7,8.1,4.7,13.1,32.4,26885.4
2016-03-22,8.5,4.5,6.8,16.9,14.9,29.5,67.36
2016-03-23,8.1,2.6,5.1,16.5,12.6,46.8,4474.98
2016-03-24,8.6,2.6,4.9,3.1,23.5,51.8,28799.91
2016-03-25,7.6,-1.8,3.0,0.0,18.6,43.9,41204.54
2016-03-26,8.3,-2.3,3.3,0.0,7.2,13.7,21836.71
2016-03-27,9.1,1.7,4.7,8.3,8.3,19.1,23748.02
2016-03-28,14.4,-1.9,6.4,0.0,8.6,22.3,32689.92
2016-03-29,15.6,3.1,8.5,3.0,8.5,24.1,27889.2
2016-03-30,18.3,2.1,10.4,0.0,9.8,19.1,40603.35
2016-03-31,21.7,3.9,12.7,0.0,8.6,22.7,41384.5
2016-04-01,25.4,4.7,14.3,0.0,12.5,27.7,40890.5
2016-04-02,17.0,7.5,12.0,0.0,10.4,27.0,41869.08
2016-04-03,20.4,5.3,13.0,0.0,12.6,31.3,42210.11
2016-04-04,23.9,5.8,15.6,0.0,8.2,19.8,42386.37
2016-04-05,24.2,6.7,16.3,0.0,8.9,18.4,42570.81
2016-04-06,24.7,7.4,16.6,0.0,9.2,17.3,40518.89
2016-04-07,25.0,10.1,18.0,0.0,11.5,33.1,42292.66
2016-04-08,21.9,11.9,16.5,4.6,17.1,50.4,35004.38
2016-04-09,16.3,11.4,13.2,8.7,8.2,23.0,4735.31
2016-04-10,12.0,9.2,10.7,4.7,18.9,39.2,0.0
2016-04-11,13.8,9.1,11.1,0.0,20.3,43.9,15905.45
2016-04-12,20.8,4.8,13.1,0.0,10.0,24.8,44553.94
2016-04-13,23.5,7.6,15.4,0.0,9.7,22.7,36950.72
2016-04-14,17.9,10.3,13.5,9.6,20.6,46.1,30459.21
2016-04-15,17.8,9.0,12.7,0.3,19.5,46.8,45065.41
2016-04-16,24.3,5.5,15.0,0.0,10.1,27.0,45233.93
2016-04-17,28.0,6.9,17.4,0.0,12.9,34.6,45401.27
2016-04-18,27.3,9.6,18.7,0.0,9.2,23.4,43391.04
2016-04-19,21.1,11.2,16.2,2.9,19.4,45.4,33017.38
2016-04-20,13.5,6.8,10.4,1.1,24.5,54.4,40623.19
2016-04-21,16.0,3.5,10.1,0.0,9.1,18.7,46056.33
2016-04-22,20.7,3.4,13.2,0.0,9.0,17.3,40510.4
2016-04-23,20.3,5.8,14.0,0.0,7.9,27.7,36880.46
2016-04-24,15.5,6.0,10.7,10.4,21.0,51.8,16761.8
2016-04-25,6.7,3.0,5.1,5.6,16.0,39.2,419.57
2016-04-26,12.0,2.8,6.6,0.4,18.7,43.9,46590.13
2016-04-27,17.8,0.6,9.7,0.0,15.0,37.4,46675.73
2016-04-28,16.0,4.9,9.9,0.9,15.0,29.5,26277.56
2016-04-29,13.3,8.0,10.5,8.1,12.0,31.3,7675.39
2016-04-30,14.4,8.6,11.2,0.0,8.0,15.5,8153.11
2016-05-01,17.8,6.4,12.1,9.0,18.9,41.8,10665.35
2016-05-02,14.8,10.4,12.1,9.4,20.4,48.2,5344.75
2016-05-03,10.8,8.0,9.3,29.4,15.9,36.4,0.0
2016-05-04,13.6,8.2,10.3,14.0,12.9,34.9,643.8
2016-05-05,16.9,6.2,11.6,6.8,15.0,35.6,27692.67
2016-05-06,17.7,6.8,12.4,5.2,15.1,34.6,43450.2
2016-05-07,19.2,6.3,12.8,6.4,11.5,26.3,43818.05
2016-05-08,19.0,6.2,13.2,0.4,11.0,20.2,45187.3
2016-05-09,19.8,7.5,13.6,1.4,6.1,20.5,45254.03
2016-05-10,19.5,8.2,13.9,4.7,10.7,27.0,22362.11
2016-05-11,21.9,9.8,15.6,2.6,8.4,24.1,31067.45
2016-05-12,19.8,12.2,16.2,5.7,13.1,36.4,24924.8
2016-05-13,21.4,7.7,15.2,0.8,14.3,38.9,47090.7
2016-05-14,20.6,7.8,14.5,1.2,18.1,49.3,46800.0
2016-05-15,20.3,8.1,14.2,7.4,21.9,50.8,39930.32
2016-05-16,12.3,7.6,9.2,3.1,13.0,31.3,11875.01
2016-05-17,15.4,6.1,11.0,0.1,6.6,19.1,47558.06
2016-05-18,17.5,6.2,12.3,0.0,8.2,24.5,47977.05
2016-05-19,20.9,6.6,14.2,0.4,9.7,29.9,39665.8
2016-05-20,16.6,10.4,13.7,6.5,7.6,19.4,0.0
2016-05-21,21.1,11.5,16.4,2.3,14.9,38.5,44879.66
2016-05-22,21.9,10.2,16.9,0.0,9.3,18.4,48292.79
2016-05-23,25.7,9.2,18.3,0.0,11.2,28.1,48377.99
2016-05-24,18.6,10.1,14.4,7.9,13.3,41.8,43082.61
2016-05-25,19.4,10.8,14.1,15.3,26.2,54.7,22424.88
2016-05-26,21.5,11.5,16.5,4.7,15.2,42.1,45659.54
2016-05-27,23.3,10.8,18.3,0.1,7.6,22.3,49415.59
2016-05-28,26.4,11.6,20.4,0.0,9.5,20.5,49845.06
2016-05-29,28.4,13.3,21.6,0.0,8.6,20.5,49173.3
2016-05-30,25.8,13.4,20.6,0.1,9.0,20.5,48681.54
2016-05-31,23.9,14.1,19.6,0.0,8.0,20.5,49416.42
2016-06-01,24.6,14.0,18.9,5.4,9.4,24.1,37080.44
2016-06-02,21.2,10.8,16.7,0.0,10.9,27.4,47589.59
2016-06-03,22.0,12.1,17.3,15.4,8.0,25.9,47611.95
2016-06-04,21.9,13.1,17.2,5.8,8.4,26.3,44685.94
2016-06-05,23.8,12.3,17.5,8.1,8.7,22.0,34301.45
2016-06-06,21.5,13.5,17.0,10.5,15.7,36.4,31923.16
2016-06-07,21.0,11.1,16.5,0.0,13.8,29.5,49968.54
2016-06-08,21.1,11.0,16.3,0.0,8.3,15.1,51004.74
2016-06-09,23.0,11.8,18.6,0.0,8.7,23.8,50448.8
2016-06-10,24.1,13.3,18.8,1.2,5.4,20.2,38882.53
2016-06-11,25.1,13.0,19.1,1.3,7.8,26.6,44660.32
2016-06-12,22.9,14.4,18.2,6.7,8.4,31.3,20438.9
2016-06-13,20.8,15.0,17.3,14.0,6.9,17.6,18924.4
2016-06-14,21.9,14.7,17.9,1.7,13.7,35.6,40446.24
2016-06-15,25.5,12.1,19.2,0.0,13.9,36.7,51031.58
2016-06-16,29.2,11.9,21.5,0.0,15.6,35.3,51499.0
2016-06-17,33.5,19.0,25.7,0.0,22.0,42.1,43106.27
2016-06-18,27.1,17.6,22.3,0.0,11.3,25.2,50996.55
2016-06-19,25.4,16.4,20.7,3.5,6.9,33.1,38033.89
2016-06-20,28.7,17.7,22.0,7.0,9.5,31.0,41336.5
2016-06-21,25.0,17.7,21.1,0.0,10.3,24.1,1085.65
2016-06-22,29.2,19.5,23.7,0.0,8.0,22.0,29841.35
2016-06-23,30.3,18.5,24.6,0.4,12.9,34.9,49215.38
2016-06-24,30.8,21.2,25.8,0.4,16.2,43.6,51189.74
2016-06-25,29.9,19.7,25.2,0.1,17.1,50.0,51048.7
2016-06-26,29.0,19.4,24.4,0.0,14.1,32.8,48890.08
2016-06-27,27.3,18.0,22.1,15.4,15.6,33.8,46953.95
2016-06-28,20.0,16.1,18.1,2.5,20.4,46.1,28800.0
2016-06-29,24.0,15.7,20.2,1.2,16.3,38.2,50480.49
2016-06-30,27.3,15.4,22.0,0.0,10.1,16.6,49924.14
2016-07-01,28.0,18.2,23.4,0.5,9.0,24.8,48727.18
2016-07-02,28.5,17.7,23.5,0.9,8.0,15.8,50211.98
2016-07-03,27.0,18.1,22.5,7.0,14.9,33.5,49187.03
2016-07-04,22.9,17.2,19.6,0.1,16.8,37.1,22517.77
2016-07-05,24.9,13.2,19.8,0.0,8.0,20.2,50655.48
2016-07-06,27.1,15.6,21.8,0.0,16.9,30.6,42951.17
2016-07-07,23.5,16.1,20.0,0.0,18.9,41.0,50357.02
2016-07-08,24.7,13.4,19.7,0.0,7.9,16.9,48525.23
2016-07-09,29.2,15.1,23.0,0.1,16.9,27.4,49929.05
2016-07-10,27.4,15.8,22.4,0.0,11.2,28.4,50152.9
2016-07-11,29.7,18.2,24.3,0.0,8.9,18.7,50120.49
2016-07-12,32.4,18.8,25.9,0.0,12.5,30.2,50085.34
2016-07-13,33.1,19.3,26.7,1.3,10.2,25.9,49938.39
2016-07-14,33.6,19.6,25.6,0.0,20.5,55.1,49469.41
2016-07-15,21.1,15.8,18.2,17.3,17.1,38.9,33523.71
2016-07-16,20.4,14.3,17.0,6.9,17.3,31.3,28769.31
2016-07-17,18.5,13.6,16.1,0.9,19.5,43.2,16114.47
2016-07-18,23.2,16.2,19.1,0.5,21.9,48.6,36411.64
2016-07-19,22.1,14.8,19.1,1.3,19.3,45.7,48961.34
2016-07-20,24.4,13.5,19.7,0.3,14.8,35.3,49161.3
2016-07-21,26.3,15.8,21.2,0.1,12.0,28.8,49195.06
2016-07-22,29.7,15.4,23.3,0.0,7.9,15.8,49170.26
2016-07-23,31.1,18.2,25.4,0.0,7.7,16.9,48937.54
2016-07-24,30.9,20.4,26.1,0.0,10.1,29.5,48770.21
2016-07-25,28.5,20.0,23.7,9.9,11.9,21.2,40168.69
2016-07-26,25.6,19.2,21.6,5.9,8.4,24.5,26409.82
2016-07-27,28.7,18.1,23.0,0.0,10.1,25.6,47728.14
2016-07-28,30.1,19.2,24.7,1.8,11.5,28.4,42922.98
2016-07-29,26.0,19.5,22.4,1.3,7.9,22.7,34870.29
2016-07-30,27.6,18.1,22.9,0.1,8.6,25.6,47777.17
2016-07-31,30.9,18.7,25.5,0.0,7.9,16.9,48343.67
2016-08-01,28.7,17.8,23.6,0.5,15.9,34.2,39997.07
2016-08-02,23.4,18.8,20.5,1.9,16.0,35.3,25149.17
2016-08-03,25.9,15.5,21.0,0.2,12.8,31.3,45210.35
2016-08-04,28.4,16.2,22.6,0.0,8.3,20.5,47420.3
2016-08-05,31.5,17.8,25.2,0.0,15.0,35.6,47523.11
2016-08-06,26.2,19.7,23.3,1.3,18.1,41.4,36685.89
2016-08-07,23.7,18.6,20.7,8.4,16.4,37.4,1382.43
2016-08-08,23.5,16.1,20.2,0.6,11.2,25.2,45282.38
2016-08-09,27.0,16.4,21.7,0.4,11.0,29.2,46423.88
2016-08-10,28.6,15.7,22.8,0.8,14.9,33.5,46578.88
2016-08-11,19.2,13.9,15.9,3.0,16.8,41.0,1330.57
2016-08-12,20.1,13.2,16.1,0.5,16.2,41.0,40188.07
2016-08-13,21.6,10.1,16.3,0.0,10.4,25.9,46490.46
2016-08-14,23.8,11.0,18.2,0.0,7.1,18.0,46360.06
2016-08-15,26.7,13.3,20.9,0.0,7.5,19.1,46258.75
2016-08-16,27.4,15.0,22.1,1.6,8.3,21.6,45342.49
2016-08-17,29.7,17.1,22.4,1.5,16.6,39.2,46129.73
2016-08-18,24.6,17.6,20.5,1.4,8.3,22.3,35776.92
2016-08-19,26.4,15.5,21.1,5.5,8.4,24.1,38655.52
2016-08-20,26.6,17.7,21.8,2.7,6.5,21.6,30337.41
2016-08-21,30.2,17.1,24.4,0.0,11.8,31.0,44709.34
2016-08-22,21.3,15.9,18.0,4.4,23.1,41.4,0.0
2016-08-23,19.0,15.1,17.0,1.7,15.0,32.8,0.0
2016-08-24,22.9,17.0,19.6,0.4,15.1,32.0,2183.99
2016-08-25,25.0,17.1,20.6,0.4,10.1,24.5,38946.88
2016-08-26,26.8,17.9,21.9,0.0,10.0,25.2,44567.43
2016-08-27,26.5,16.3,21.1,0.0,10.3,27.0,44981.21
2016-08-28,27.8,15.7,22.1,0.0,10.0,26.3,44814.08
2016-08-29,29.0,16.0,23.1,0.0,7.6,18.7,44645.79
2016-08-30,27.1,15.7,21.8,0.2,15.0,33.5,43958.02
2016-08-31,26.1,16.3,21.4,0.0,9.3,26.3,41948.71
2016-09-01,27.0,16.5,21.8,0.0,12.2,24.8,43084.79
2016-09-02,25.5,16.1,20.8,0.0,12.2,27.7,40569.46
2016-09-03,25.8,13.6,20.2,0.0,11.6,28.8,42793.26
2016-09-04,27.1,13.9,21.2,0.0,8.7,16.2,43088.85
2016-09-05,27.6,14.0,19.4,13.7,17.7,38.9,25928.08
2016-09-06,19.2,13.3,15.8,7.5,11.5,27.0,1601.2
2016-09-07,23.4,13.5,18.5,0.2,21.4,43.2,26872.4
2016-09-08,26.3,16.1,21.0,0.0,16.7,39.6,40974.15
2016-09-09,26.3,17.5,21.0,0.0,15.1,42.1,40466.79
2016-09-10,25.5,18.0,21.5,0.1,16.6,41.4,40596.39
2016-09-11,27.6,17.7,22.3,0.0,14.0,34.9,40460.35
2016-09-12,26.6,16.6,21.5,0.0,10.8,26.3,40762.58
2016-09-13,25.7,16.5,21.3,0.3,10.1,22.0,39936.43
2016-09-14,25.0,13.8,20.3,0.0,5.8,15.1,39675.37
2016-09-15,26.0,13.7,20.5,0.0,5.8,19.1,40042.54
2016-09-16,27.7,13.3,20.8,0.0,9.0,20.2,39869.49
2016-09-17,28.2,13.9,21.1,0.2,11.9,29.9,39718.17
2016-09-18,25.0,13.8,19.8,0.6,6.2,15.5,38780.75
2016-09-19,22.6,14.6,17.6,11.2,7.7,27.7,30967.61
2016-09-20,15.3,12.8,14.3,16.9,19.1,44.3,3420.96
2016-09-21,15.2,9.9,12.4,1.0,15.5,35.6,37564.86
2016-09-22,16.3,7.9,11.8,0.7,9.4,28.4,39600.0
2016-09-23,17.0,7.9,12.3,0.1,8.3,14.4,39600.0
2016-09-24,17.6,7.2,13.0,0.0,7.3,17.6,37107.9
2016-09-25,17.3,7.5,12.5,0.7,8.5,21.2,32843.02
2016-09-26,16.9,8.2,12.7,0.1,6.8,20.9,39441.44
2016-09-27,17.4,9.1,13.4,0.0,6.8,20.5,39329.88
2016-09-28,18.8,6.5,13.4,0.0,5.4,12.2,39218.98
2016-09-29,20.7,6.6,14.3,0.0,6.0,18.4,39108.86
2016-09-30,23.3,7.0,15.6,0.0,6.6,16.6,38969.2
2016-10-01,22.7,10.3,16.5,0.0,6.2,13.7,38788.33
2016-10-02,23.8,8.6,16.3,1.0,11.8,27.0,38606.54
2016-10-03,19.1,12.4,15.5,7.3,13.4,33.8,27683.59
2016-10-04,16.2,10.6,13.0,1.0,12.6,31.3,35769.31
2016-10-05,11.9,5.4,8.9,3.3,20.9,48.6,26556.78
2016-10-06,12.9,3.1,7.7,0.0,8.9,24.5,34890.39
2016-10-07,9.7,5.4,7.6,15.8,11.6,25.9,0.0
2016-10-08,9.9,6.5,8.0,0.7,15.5,35.6,20487.62
2016-10-09,11.9,4.1,7.9,1.4,5.6,11.9,15731.01
2016-10-10,11.3,6.2,8.8,1.5,9.3,25.9,8933.67
2016-10-11,10.4,7.8,8.9,3.7,7.2,18.4,0.0
2016-10-12,8.6,5.9,7.7,18.9,20.2,43.6,3600.0
2016-10-13,13.5,5.4,9.3,0.0,13.7,31.7,35379.54
2016-10-14,17.3,4.7,10.2,0.0,12.9,28.4,35864.1
2016-10-15,17.0,6.9,11.4,0.3,15.4,40.7,30670.98
2016-10-16,16.2,8.0,12.1,1.6,9.2,26.3,16371.33
2016-10-17,10.8,6.7,8.6,0.9,17.6,39.6,11310.77
2016-10-18,11.4,6.1,8.2,0.2,20.2,45.7,30018.51
2016-10-19,9.8,6.0,7.5,14.6,12.4,31.0,2643.27
2016-10-20,15.5,5.9,9.8,0.0,20.4,42.5,33467.73
2016-10-21,14.1,8.2,10.7,4.2,20.0,45.0,27082.12
2016-10-22,10.6,8.9,9.7,11.1,9.5,25.6,0.0
2016-10-23,16.2,7.9,11.4,0.0,7.3,20.2,32662.13
2016-10-24,18.3,9.0,12.7,0.0,12.8,31.0,29440.72
2016-10-25,19.1,10.2,13.3,0.0,15.5,32.8,32801.75
2016-10-26,15.3,10.5,12.4,4.3,15.8,35.6,10723.17
2016-10-27,11.6,8.0,9.5,0.0,11.5,24.8,8370.82
2016-10-28,9.8,5.1,7.6,0.3,8.0,19.4,8163.2
2016-10-29,11.4,0.8,6.7,0.0,12.7,29.2,31732.11
2016-10-30,10.4,6.8,8.5,0.0,17.3,37.4,31398.4
2016-10-31,9.3,2.4,6.2,0.0,13.8,33.1,32313.27
2016-11-01,10.5,0.3,5.0,0.0,8.4,22.7,28780.16
2016-11-02,16.2,0.3,7.6,0.0,9.1,24.1,32311.98
2016-11-03,8.9,2.8,6.0,10.7,13.3,29.9,0.0
2016-11-04,8.0,-0.1,3.9,0.0,7.7,20.9,26580.34
2016-11-05,14.0,0.1,6.7,0.0,11.6,25.6,30702.91
2016-11-06,18.2,9.2,13.4,0.5,18.9,46.4,19226.77
2016-11-07,15.2,8.7,12.0,5.5,17.4,39.6,22438.41
2016-11-08,9.4,7.9,8.9,38.1,4.8,26.6,0.0
2016-11-09,8.0,4.0,5.8,7.5,14.8,33.8,0.0
2016-11-10,9.0,2.2,5.3,0.0,6.5,16.9,27849.62
2016-11-11,12.2,0.1,6.0,0.4,12.5,30.2,31328.29
2016-11-12,9.8,2.9,7.4,14.7,19.2,42.5,162.51
2016-11-13,4.8,1.4,2.7,1.4,24.0,54.4,21512.34
2016-11-14,3.3,-0.3,1.4,0.0,10.4,25.2,11395.74
2016-11-15,2.1,-0.6,0.6,0.0,5.0,11.5,2683.06
2016-11-16,5.2,-1.9,1.5,0.0,6.8,16.2,29126.45
2016-11-17,11.2,2.6,5.6,0.0,10.0,14.8,19159.41
2016-11-18,13.3,-0.7,5.3,0.0,10.0,22.7,30457.3
2016-11-19,13.9,0.9,6.5,0.0,15.5,33.1,30315.71
2016-11-20,12.1,2.6,6.2,0.0,13.7,32.4,30176.73
2016-11-21,11.4,3.7,6.4,0.0,15.6,36.0,30040.6
2016-11-22,11.4,2.8,6.0,0.0,13.8,33.1,29907.54
2016-11-23,10.3,1.2,4.5,0.0,12.0,29.5,29777.76
2016-11-24,12.1,-0.3,4.5,0.0,9.2,17.6,29546.95
2016-11-25,12.8,0.0,5.8,0.0,7.6,15.1,27799.89
2016-11-26,11.1,4.5,6.9,0.3,13.4,29.2,29225.25
2016-11-27,13.2,3.4,7.6,2.1,8.3,21.6,27898.03
2016-11-28,7.0,0.5,4.1,0.4,15.9,34.9,8863.03
2016-11-29,0.8,-2.6,-0.8,0.0,19.6,41.0,23457.32
2016-11-30,0.7,-3.4,-1.7,0.0,14.3,31.0,17065.39
2016-12-01,3.0,-3.0,0.0,0.5,10.0,29.5,0.0
2016-12-02,5.2,-2.1,2.0,1.2,20.1,49.0,216.79
2016-12-03,4.4,-2.2,1.1,0.0,13.0,33.5,28703.2
2016-12-04,3.5,-3.5,-0.3,0.0,7.1,14.0,28324.72
2016-12-05,4.5,-3.8,-1.0,0.0,11.4,25.2,28536.28
2016-12-06,6.1,-3.2,0.3,0.0,9.6,22.3,26009.88
2016-12-07,-0.8,-2.9,-1.7,0.0,15.1,32.8,0.0
2016-12-08,3.8,-4.7,-1.1,0.0,6.7,14.8,28316.47
2016-12-09,6.6,-3.5,-0.1,0.0,8.5,17.3,28251.9
2016-12-10,6.4,-3.5,0.5,0.0,8.0,18.7,23094.24
2016-12-11,8.9,-2.9,1.0,0.0,9.7,24.1,28067.39
2016-12-12,6.2,-1.8,1.8,2.0,18.8,42.5,20180.09
2016-12-13,3.4,-5.3,-1.6,1.1,22.2,51.1,26944.97
2016-12-14,3.6,-5.8,-2.1,0.0,7.4,16.9,26358.67
2016-12-15,2.1,-1.1,-0.0,1.0,13.6,34.2,20981.88
2016-12-16,0.2,-2.5,-1.0,0.0,7.7,20.9,7671.94
2016-12-17,1.5,-3.4,-1.6,0.0,5.6,10.8,26696.21
2016-12-18,2.5,-4.9,-1.9,0.0,11.8,27.7,27143.62
2016-12-19,0.6,-4.7,-2.7,0.0,4.9,12.2,25752.69
2016-12-20,0.2,-5.2,-3.4,0.0,7.6,15.8,26744.36
2016-12-21,2.3,-4.0,-1.7,0.0,8.8,25.6,27093.3
2016-12-22,1.8,-5.1,-2.7,0.0,4.8,13.0,27215.89
2016-12-23,-1.9,-5.4,-4.2,0.0,9.4,24.1,26809.72
2016-12-24,0.7,-4.4,-2.4,0.0,7.2,18.0,22638.82
2016-12-25,3.2,-3.5,-0.6,1.0,8.7,20.5,4322.39
2016-12-26,4.7,0.8,2.9,3.6,9.4,24.5,0.0
2016-12-27,5.7,0.7,2.9,0.4,18.1,42.1,19803.56
2016-12-28,1.4,-1.1,0.0,7.5,22.2,58.0,25284.67
2016-12-29,0.5,-2.5,-1.4,0.0,20.7,46.8,18905.29
2016-12-30,-1.7,-3.8,-2.9,0.0,14.7,34.2,2746.77
2016-12-31,0.1,-4.8,-2.9,0.0,12.7,29.9,27507.96
2017-01-01,2.4,-7.8,-4.2,0.0,8.0,13.0,26849.41
2017-01-02,7.2,-8.2,-2.0,0.0,9.7,23.4,27792.18
2017-01-03,0.5,-2.3,-0.9,4.2,14.1,31.0,0.0
2017-01-04,3.7,-3.7,-1.2,0.0,11.9,27.7,27448.91
2017-01-05,0.3,-4.1,-1.6,5.0,19.5,43.6,0.0
2017-01-06,-3.6,-11.4,-8.8,7.0,25.7,56.5,0.0
2017-01-07,-11.8,-14.8,-13.3,0.1,23.2,52.2,27035.25
2017-01-08,-10.4,-16.4,-13.3,0.0,19.7,45.0,25858.27
2017-01-09,-9.3,-18.9,-11.0,2.5,18.7,45.0,1411.69
2017-01-10,-10.2,-20.6,-14.0,1.7,9.4,17.6,17899.19
2017-01-11,-8.1,-17.8,-11.0,2.0,9.5,19.1,20373.93
2017-01-12,0.4,-18.7,-8.9,2.2,13.4,26.3,24858.67
2017-01-13,2.6,-6.1,-1.0,0.0,29.3,64.8,8625.5
2017-01-14,4.0,-8.9,-1.0,3.0,24.8,55.8,17610.82
2017-01-15,2.7,-9.5,-3.6,0.0,9.7,23.0,29162.45
2017-01-16,-0.5,-7.4,-3.9,0.0,11.8,28.8,7638.77
2017-01-17,0.8,-4.0,-1.5,0.5,10.4,34.2,17070.67
2017-01-18,-0.6,-4.7,-2.9,3.0,8.2,45.4,11184.94
2017-01-19,-2.2,-8.8,-4.6,2.4,8.2,18.4,13874.43
2017-01-20,-2.8,-12.9,-7.8,0.0,9.8,15.8,29317.97
2017-01-21,-2.1,-10.6,-6.4,0.0,8.7,15.1,29763.98
2017-01-22,-1.5,-10.3,-6.2,0.0,12.8,30.2,29962.96
2017-01-23,1.3,-6.6,-3.9,0.0,19.0,42.1,29980.63
2017-01-24,-2.2,-6.6,-4.9,0.0,11.3,27.0,27469.17
2017-01-25,-3.2,-6.7,-4.9,0.2,14.0,31.0,442.04
2017-01-26,-1.8,-6.3,-4.3,0.5,10.1,25.9,631.27
2017-01-27,-1.0,-8.7,-5.2,0.0,7.5,20.5,30660.43
2017-01-28,1.5,-8.8,-4.7,0.0,8.9,19.8,30779.46
2017-01-29,2.7,-8.3,-3.4,0.0,11.5,22.3,30851.22
2017-01-30,0.2,-5.9,-3.9,0.0,21.8,46.8,29833.69
2017-01-31,3.2,-5.2,-1.7,0.0,23.2,50.4,30281.4
2017-02-01,6.7,-1.2,2.0,0.0,18.8,41.0,20016.8
2017-02-02,10.6,1.7,5.4,0.0,13.9,30.6,26734.44
2017-02-03,11.9,3.5,6.5,0.0,15.3,32.8,30316.81
2017-02-04,9.5,3.7,5.8,3.1,12.9,32.4,9017.13
2017-02-05,11.8,3.8,6.9,4.0,17.5,39.2,29880.11
2017-02-06,13.8,4.6,8.2,2.3,21.8,47.2,14011.87
2017-02-07,5.0,0.7,3.2,2.2,16.4,35.6,0.0
2017-02-08,3.7,-1.3,1.2,0.0,10.2,20.9,12090.64
2017-02-09,2.7,-4.2,-0.8,0.0,17.1,37.1,32015.84
2017-02-10,0.9,-4.5,-2.9,0.0,20.9,46.4,31845.67
2017-02-11,2.2,-4.8,-2.7,0.0,19.7,43.2,30865.16
2017-02-12,0.3,-5.4,-3.6,0.0,21.2,46.4,33758.59
2017-02-13,2.1,-6.1,-2.7,0.0,16.1,35.6,33937.88
2017-02-14,1.0,-7.1,-3.8,0.0,10.7,25.6,34117.41
2017-02-15,5.7,-5.4,-1.2,0.0,12.9,31.3,34297.02
2017-02-16,9.1,-3.4,1.5,0.0,7.2,19.8,34476.54
2017-02-17,10.9,-3.5,2.4,0.0,10.0,18.0,33283.58
2017-02-18,4.1,-1.7,0.0,3.6,7.6,19.4,10333.16
2017-02-19,1.0,-1.5,-0.6,7.9,8.2,17.6,6.73
2017-02-20,3.8,-3.0,-0.1,0.0,9.2,22.0,23828.29
2017-02-21,10.2,-3.3,3.8,0.0,10.8,24.8,32031.57
2017-02-22,15.1,3.1,8.3,0.0,12.3,31.3,35151.72
2017-02-23,16.6,4.4,9.6,0.0,12.2,29.9,35236.2
2017-02-24,17.1,3.4,8.9,6.8,20.7,45.4,25375.96
2017-02-25,7.7,1.0,3.6,7.1,21.3,47.2,15960.55
2017-02-26,11.8,-0.9,4.9,0.0,17.8,39.2,35665.14
2017-02-27,16.7,3.3,9.4,0.0,10.1,22.0,35672.01
2017-02-28,18.5,5.8,11.0,0.0,15.3,33.5,35661.82
2017-03-01,15.3,4.0,8.3,4.8,26.4,70.2,14862.11
2017-03-02,13.1,1.3,6.7,0.0,17.7,43.2,36592.98
2017-03-03,12.5,2.7,6.9,0.0,10.5,26.6,35271.14
2017-03-04,18.0,3.9,10.3,0.0,21.9,47.5,37028.48
2017-03-05,16.0,7.1,11.1,1.0,20.6,47.2,10770.08
2017-03-06,12.9,4.9,8.6,2.3,19.2,41.0,32400.0
2017-03-07,14.0,4.5,8.2,3.0,21.6,47.9,25772.39
2017-03-08,9.1,5.4,6.6,14.3,21.6,45.7,517.9
2017-03-09,14.0,4.2,7.8,0.7,15.5,33.8,36620.45
2017-03-10,11.0,2.7,6.4,3.0,23.2,48.6,28641.1
2017-03-11,4.5,2.3,3.8,3.3,23.7,51.5,0.0
2017-03-12,5.6,0.9,3.6,1.1,16.6,37.4,15878.35
2017-03-13,6.1,1.6,3.6,6.3,17.8,38.9,0.0
2017-03-14,10.9,3.1,6.3,0.2,19.4,45.0,35894.46
2017-03-15,11.8,1.1,6.4,0.0,15.3,34.2,38641.95
2017-03-16,12.2,5.1,7.7,0.9,17.6,39.2,31573.82
2017-03-17,12.0,2.8,7.3,0.0,16.0,38.5,39208.39
2017-03-18,19.4,3.2,10.8,0.1,19.2,44.6,33337.29
2017-03-19,10.0,4.6,8.6,4.5,16.0,42.8,1235.16
2017-03-20,18.3,4.9,11.3,0.8,10.1,24.5,39659.61
2017-03-21,21.8,6.6,13.7,0.0,13.2,31.0,39981.21
2017-03-22,21.8,11.8,15.7,0.0,18.1,40.0,40105.92
2017-03-23,21.4,10.9,15.5,0.0,15.5,38.9,39530.74
2017-03-24,22.0,10.1,15.0,0.0,13.0,31.7,40307.83
2017-03-25,14.8,6.2,10.6,0.0,14.1,32.8,26564.72
2017-03-26,11.0,3.0,6.4,0.3,22.0,50.0,30730.97
2017-03-27,11.7,-0.6,5.2,0.0,12.7,28.8,41310.27
2017-03-28,14.9,1.3,7.4,0.0,10.5,23.0,41404.15
2017-03-29,18.2,3.3,10.1,0.0,11.0,24.1,41476.12
2017-03-30,18.9,4.9,11.6,0.1,21.7,46.8,41427.77
2017-03-31,17.2,4.1,10.9,0.0,16.4,34.2,41718.77
2017-04-01,20.6,8.4,13.6,0.0,18.8,41.8,41865.3
2017-04-02,21.2,10.0,14.6,0.0,16.9,37.4,42022.5
2017-04-03,20.4,9.6,14.0,0.0,14.8,34.6,40782.81
2017-04-04,15.3,9.1,11.5,1.3,20.0,45.4,28218.76
2017-04-05,15.0,7.4,10.1,4.1,13.3,34.9,23074.5
2017-04-06,12.0,7.0,9.0,5.0,22.7,58.7,24362.98
2017-04-07,10.5,4.2,6.5,6.4,20.1,49.7,28829.27
2017-04-08,12.3,4.8,8.2,3.8,20.5,52.6,37183.2
2017-04-09,15.6,6.0,10.7,0.0,13.8,29.9,37151.25
2017-04-10,18.3,3.5,11.2,0.0,10.5,25.2,44087.91
2017-04-11,20.9,6.1,13.0,0.1,16.6,42.1,43217.62
2017-04-12,14.6,5.3,10.1,0.0,12.2,33.1,44028.09
2017-04-13,19.5,4.3,12.4,0.0,8.8,15.5,43421.18
2017-04-14,16.1,8.7,12.2,0.0,10.0,25.2,26882.5
2017-04-15,20.7,5.9,13.2,0.3,16.8,38.2,43116.22
2017-04-16,14.6,7.9,10.7,8.0,23.4,50.8,27800.43
2017-04-17,12.7,3.9,8.2,0.1,19.3,42.5,25200.0
2017-04-18,14.8,0.9,8.3,0.3,20.1,45.0,42343.95
2017-04-19,6.8,0.3,3.8,11.7,17.2,55.4,3057.26
2017-04-20,6.0,-1.4,2.2,6.7,23.0,51.8,35120.73
2017-04-21,6.5,0.3,2.8,4.8,26.9,58.7,28746.25
2017-04-22,11.5,-0.5,6.0,0.0,14.3,32.0,28209.29
2017-04-23,8.8,3.3,6.3,3.3,19.3,41.4,27302.85
2017-04-24,13.4,0.8,7.5,0.0,12.1,27.7,46390.19
2017-04-25,19.5,4.8,12.2,0.0,15.6,34.6,46479.49
2017-04-26,21.8,5.6,13.4,0.0,14.0,32.8,46567.93
2017-04-27,24.7,8.8,16.1,0.9,15.5,35.3,46655.4
2017-04-28,23.7,12.2,17.8,0.0,19.4,58.7,22230.71
2017-04-29,14.1,6.0,10.4,3.0,17.6,46.4,15286.96
2017-04-30,12.8,4.3,8.4,0.5,9.1,24.1,42687.4
2017-05-01,19.8,6.3,13.0,0.0,20.7,45.7,46800.0
2017-05-02,22.3,11.8,16.7,0.4,18.5,41.0,42354.51
2017-05-03,24.7,13.2,18.1,1.5,16.0,38.2,33051.25
2017-05-04,19.4,11.8,14.8,10.4,11.5,29.9,40676.75
2017-05-05,21.2,10.3,14.3,7.0,14.2,33.5,38165.1
2017-05-06,16.2,8.8,12.7,1.4,17.9,39.6,23988.36
2017-05-07,16.7,11.4,13.3,7.2,16.6,38.5,12822.86
2017-05-08,17.5,10.1,13.2,2.1,22.7,49.3,23265.89
2017-05-09,16.8,8.6,12.6,0.6,20.7,46.1,43794.03
2017-05-10,13.7,6.1,9.9,0.1,15.4,33.5,45054.45
2017-05-11,22.0,6.9,15.0,0.0,13.6,30.6,46822.52
2017-05-12,22.9,13.9,18.2,1.3,21.3,47.9,39833.32
2017-05-13,22.1,13.7,17.5,1.0,17.4,44.6,39099.44
2017-05-14,21.2,12.0,16.4,3.3,16.4,44.6,40627.97
2017-05-15,21.4,12.0,16.6,0.3,13.9,32.0,46986.81
2017-05-16,21.7,10.2,16.4,0.0,12.6,29.5,47266.5
2017-05-17,19.7,11.2,15.2,2.0,15.6,44.3,47723.88
2017-05-18,21.2,10.2,15.8,0.0,12.4,29.2,47730.23
2017-05-19,23.8,9.9,17.1,0.0,12.3,29.5,48095.66
2017-05-20,25.1,12.5,18.8,1.4,16.9,38.5,47312.42
2017-05-21,19.8,12.4,15.1,10.7,16.5,36.0,18269.9
2017-05-22,21.0,13.7,16.9,2.5,22.7,54.0,34293.71
2017-05-23,20.9,12.8,16.5,5.1,9.4,27.4,32767.75
2017-05-24,20.2,12.0,15.8,6.1,12.9,28.1,34974.27
2017-05-25,17.2,12.2,14.3,3.2,19.3,42.8,26093.72
2017-05-26,18.8,11.0,14.8,3.2,16.2,46.4,23597.78
2017-05-27,21.0,12.3,16.3,0.6,21.9,50.4,48573.7
2017-05-28,20.6,8.7,15.6,0.3,14.4,30.6,49398.01
2017-05-29,22.7,11.7,17.4,0.0,11.8,29.2,49994.47
2017-05-30,25.6,11.0,19.2,0.0,8.1,18.4,50302.69
2017-05-31,28.1,13.0,21.2,0.0,13.5,32.0,49871.05
2017-06-01,26.4,17.5,21.9,1.3,13.1,31.7,44279.0
2017-06-02,25.0,16.3,20.6,4.5,8.7,20.9,39600.0
2017-06-03,26.2,15.8,21.0,0.0,12.0,30.6,46716.72
2017-06-04,26.2,15.2,21.1,0.3,15.3,37.4,50294.73
2017-06-05,25.4,16.6,21.3,4.6,11.2,27.7,50272.33
2017-06-06,27.3,16.7,22.2,0.5,15.8,36.7,48850.56
2017-06-07,26.0,17.2,20.9,6.7,17.3,40.0,41757.03
2017-06-08,19.3,12.8,16.6,4.3,21.1,47.2,20461.83
2017-06-09,22.8,11.3,17.7,0.0,15.9,37.8,51467.38
2017-06-10,24.9,11.6,19.1,0.0,14.0,32.0,42824.32
2017-06-11,23.5,14.1,18.7,2.9,15.8,36.7,51252.94
2017-06-12,27.1,13.5,20.7,0.0,7.5,23.0,50641.95
2017-06-13,29.5,16.3,23.5,0.0,13.7,35.3,51170.53
2017-06-14,27.7,17.6,21.9,0.6,15.9,41.0,46719.36
2017-06-15,26.7,14.1,20.8,0.0,11.5,27.4,51366.7
2017-06-16,28.7,14.5,22.5,0.1,13.4,33.5,49258.74
2017-06-17,20.6,14.1,17.7,3.8,26.8,61.6,41506.16
2017-06-18,15.7,11.6,13.9,3.6,21.1,46.8,2525.08
2017-06-19,24.0,13.7,18.8,1.7,17.9,42.1,43291.25
2017-06-20,28.1,14.2,21.5,0.0,12.9,29.5,51448.53
2017-06-21,30.5,15.6,23.7,0.0,8.4,18.0,50699.04
2017-06-22,30.6,18.8,24.9,0.1,12.5,32.8,49894.89
2017-06-23,33.9,18.5,26.3,0.1,16.6,40.7,47302.93
2017-06-24,30.9,20.2,25.4,0.1,17.1,41.4,51045.74
2017-06-25,33.5,18.4,26.4,0.0,12.2,31.0,51327.69
2017-06-26,26.4,18.3,22.7,1.4,16.1,38.9,42572.28
2017-06-27,30.7,17.4,24.6,0.0,9.1,26.6,50882.39
2017-06-28,34.0,21.4,27.5,0.0,18.9,43.6,50698.84
2017-06-29,36.1,22.6,28.7,0.9,25.6,63.0,46205.69
2017-06-30,35.3,19.3,28.4,0.0,14.8,36.0,51016.42
2017-07-01,30.4,19.4,24.6,0.0,19.7,43.2,50260.5
2017-07-02,25.6,17.0,20.7,9.8,15.6,33.5,32440.08
2017-07-03,22.0,15.8,18.3,5.4,24.0,64.8,26552.95
2017-07-04,25.0,15.0,19.7,0.0,15.6,36.0,50429.4
2017-07-05,27.3,13.3,21.2,0.0,10.9,25.2,50056.03
2017-07-06,31.9,14.8,24.0,0.0,15.1,42.1,50639.83
2017-07-07,32.9,17.5,25.8,0.0,8.8,26.6,50423.4
2017-07-08,31.8,20.7,26.3,0.0,14.1,42.5,50339.14
2017-07-09,32.0,20.1,26.7,0.4,17.2,39.2,50273.6
2017-07-10,35.5,21.0,28.5,0.0,16.3,38.9,50141.12
2017-07-11,37.3,21.9,29.9,0.0,17.9,42.1,50128.07
2017-07-12,32.1,23.9,27.6,0.1,15.4,36.4,50092.85
2017-07-13,28.6,20.2,24.4,0.5,23.2,52.9,49538.51
2017-07-14,26.3,14.1,21.0,0.0,11.9,28.8,50121.52
2017-07-15,25.5,15.0,20.4,0.0,22.1,47.9,45447.08
2017-07-16,22.7,14.2,18.9,0.7,19.1,45.7,47295.57
2017-07-17,24.6,13.6,19.5,0.1,18.0,42.1,36335.88
2017-07-18,27.5,14.9,22.3,0.0,11.0,30.2,48643.52
2017-07-19,31.9,16.6,25.0,0.0,13.6,30.6,49494.09
2017-07-20,32.5,21.3,26.7,0.4,14.1,33.1,49358.49
2017-07-21,34.3,19.3,27.7,0.1,12.8,31.3,46931.53
2017-07-22,36.6,21.0,28.8,0.9,13.0,34.9,45009.11
2017-07-23,34.7,21.7,28.7,0.2,19.0,43.6,48523.72
2017-07-24,35.5,23.2,29.0,0.2,11.7,32.8,47446.2
2017-07-25,25.3,17.5,20.8,6.8,18.2,41.8,35724.93
2017-07-26,23.7,15.7,19.3,3.1,8.2,24.5,42518.86
2017-07-27,24.1,16.0,19.4,0.1,23.8,53.3,47589.0
2017-07-28,25.0,15.1,20.5,0.1,21.8,49.7,42585.36
2017-07-29,29.5,17.5,23.3,0.0,16.2,37.4,48260.32
2017-07-30,33.4,17.2,25.8,0.0,10.5,24.8,47843.49
2017-07-31,34.7,19.5,27.8,0.0,10.8,29.2,47832.05
2017-08-01,34.2,21.4,28.1,0.0,17.7,41.4,48072.43
2017-08-02,35.3,21.9,28.6,0.0,18.7,42.5,47188.13
2017-08-03,36.5,22.1,29.8,0.0,12.2,29.5,47668.74
2017-08-04,37.6,21.1,30.3,0.0,9.0,24.5,47538.17
2017-08-05,38.9,23.2,32.2,0.0,12.6,31.3,47188.71
2017-08-06,36.7,24.0,31.1,0.5,14.4,40.3,47186.6
2017-08-07,27.8,20.7,23.1,0.5,20.4,45.7,19006.94
2017-08-08,30.6,19.9,25.1,0.1,11.2,28.4,46995.8
2017-08-09,35.4,22.1,28.5,0.0,18.1,41.4,46930.52
2017-08-10,35.9,23.6,29.6,0.0,19.2,42.5,46683.43
2017-08-11,36.6,23.0,29.8,0.0,22.2,49.7,46539.98
2017-08-12,32.8,18.0,25.4,26.8,25.2,53.6,44935.32
2017-08-13,19.7,15.6,17.0,7.2,19.9,43.6,0.0
2017-08-14,22.5,15.3,18.6,0.9,18.2,42.5,22334.75
2017-08-15,27.3,14.9,21.1,0.3,12.1,27.4,46271.98
2017-08-16,29.6,17.6,23.0,0.4,12.2,36.4,46208.3
2017-08-17,28.0,18.0,22.6,2.4,11.6,32.4,46144.71
2017-08-18,29.9,17.6,23.9,0.0,9.5,23.4,46080.98
2017-08-19,32.7,19.1,25.9,0.0,17.5,40.3,46016.98
2017-08-20,27.3,16.6,22.0,1.7,21.6,47.9,39000.8
2017-08-21,20.1,14.9,16.9,6.2,22.5,49.0,21156.21
2017-08-22,22.4,12.9,17.3,0.0,18.9,43.6,40643.62
2017-08-23,22.5,11.2,17.1,0.0,13.6,32.4,42061.79
2017-08-24,25.9,10.4,18.6,0.0,10.9,23.4,45511.78
2017-08-25,29.8,14.0,22.0,0.0,9.7,22.3,45347.25
2017-08-26,32.4,16.9,24.8,0.0,12.6,30.2,45181.64
2017-08-27,32.9,17.7,26.0,0.0,10.9,27.7,45015.07
2017-08-28,28.4,18.4,23.1,0.6,18.2,45.7,41282.56
2017-08-29,24.9,17.0,20.7,0.0,17.0,39.2,44099.18
2017-08-30,26.7,14.4,20.4,0.0,11.4,30.2,44510.68
2017-08-31,30.2,16.0,22.9,0.0,15.1,34.9,44341.38
2017-09-01,32.6,17.2,24.8,0.0,19.2,41.8,41697.22
2017-09-02,30.5,18.0,24.4,0.2,9.5,23.0,40990.14
2017-09-03,21.9,13.3,17.7,7.0,19.6,49.3,28843.93
2017-09-04,20.4,12.6,15.9,0.0,21.9,48.2,39516.95
2017-09-05,21.3,11.2,16.6,0.0,11.0,29.2,41785.89
2017-09-06,26.3,13.6,18.9,0.0,21.3,46.4,41819.93
2017-09-07,27.7,14.7,20.7,0.0,17.7,44.6,40083.89
2017-09-08,23.7,12.9,18.4,0.0,13.7,31.3,39756.19
2017-09-09,24.4,15.8,19.8,0.0,18.5,46.8,27782.13
2017-09-10,29.0,15.0,21.7,0.0,14.0,34.2,41260.15
2017-09-11,31.7,16.5,23.4,1.0,26.9,59.4,36571.84
2017-09-12,24.7,14.6,19.7,0.2,13.3,37.8,39841.95
2017-09-13,21.3,13.3,16.3,2.6,11.1,27.0,22844.42
2017-09-14,27.8,12.5,19.5,0.0,10.5,26.6,40415.46
2017-09-15,21.6,14.5,17.6,0.0,17.8,38.9,40039.85
2017-09-16,29.8,12.5,21.1,0.0,12.4,28.8,39951.15
2017-09-17,32.6,16.1,22.2,0.9,27.3,66.2,19011.54
2017-09-18,22.9,13.4,17.7,0.5,15.8,34.9,36025.22
2017-09-19,25.4,10.7,18.4,0.0,12.1,29.5,39630.97
2017-09-20,19.1,11.0,13.8,4.8,16.8,37.4,24302.72
2017-09-21,11.9,9.5,10.6,3.7,22.0,48.2,0.0
2017-09-22,14.0,10.0,11.7,5.4,22.4,53.3,14924.71
2017-09-23,18.5,10.3,14.1,0.2,17.1,39.2,30921.01
2017-09-24,20.1,9.1,14.1,0.8,14.1,30.6,39600.0
2017-09-25,17.3,10.6,13.7,3.8,10.4,25.6,8203.39
2017-09-26,19.0,11.4,14.5,3.9,8.4,31.0,6913.73
2017-09-27,15.1,10.9,12.8,4.1,10.0,23.8,14783.78
2017-09-28,15.5,10.3,12.6,0.1,9.5,24.1,35656.34
2017-09-29,16.2,8.2,11.2,0.0,16.1,36.0,39145.3
2017-09-30,15.4,6.3,10.3,0.0,16.1,34.9,38859.31
2017-10-01,16.4,6.0,10.6,0.0,17.7,40.3,38835.3
2017-10-02,18.1,8.0,12.2,0.0,15.3,35.3,38650.51
2017-10-03,22.0,9.5,15.1,0.0,15.8,36.4,38465.26
2017-10-04,18.7,10.7,14.3,0.1,14.0,39.2,31167.16
2017-10-05,23.5,8.5,15.9,0.0,13.0,31.7,37740.2
2017-10-06,15.3,7.3,11.8,5.1,18.8,40.7,0.0
2017-10-07,8.6,6.4,7.5,20.7,14.4,38.5,0.0
2017-10-08,15.3,6.2,10.5,0.0,20.2,45.0,35394.11
2017-10-09,15.8,8.2,11.9,0.2,17.1,41.0,36905.91
2017-10-10,17.5,5.5,11.0,0.2,8.7,29.2,36537.12
2017-10-11,18.0,7.3,12.0,0.0,8.0,14.8,34953.26
2017-10-12,21.5,6.7,13.4,0.0,7.2,18.4,36458.53
2017-10-13,19.7,7.8,13.4,0.0,15.9,36.4,36228.08
2017-10-14,18.1,9.8,13.3,0.0,16.9,40.0,30262.45
2017-10-15,19.5,7.8,12.9,0.0,8.2,21.2,35784.98
2017-10-16,20.8,8.4,14.2,0.0,8.4,15.1,35470.17
2017-10-17,23.9,8.9,15.4,0.0,8.4,17.6,35270.65
2017-10-18,24.8,12.8,17.7,0.0,14.8,33.8,34622.15
2017-10-19,23.9,10.7,17.1,0.0,12.0,21.6,34894.5
2017-10-20,23.0,11.5,16.4,0.0,9.1,16.9,34484.51
2017-10-21,21.6,9.0,14.5,0.0,8.1,15.8,34482.71
2017-10-22,19.9,8.6,14.2,0.0,16.5,37.1,31317.16
2017-10-23,14.1,6.8,9.9,6.2,21.0,49.7,0.0
2017-10-24,9.6,6.4,7.4,28.1,24.9,54.4,0.0
2017-10-25,11.0,6.3,8.9,2.0,12.7,28.8,3229.97
2017-10-26,16.1,3.8,9.6,0.0,6.8,17.3,33513.61
2017-10-27,18.9,6.3,11.9,2.3,25.5,62.3,30987.39
2017-10-28,10.4,6.9,8.2,2.9,22.2,52.6,21600.0
2017-10-29,16.1,5.4,9.1,6.0,25.2,81.0,11051.7
2017-10-30,9.4,4.9,7.1,0.1,26.4,57.2,33114.42
2017-10-31,8.6,1.9,5.1,0.0,19.9,44.3,23375.38
2017-11-01,10.0,0.2,5.0,0.0,10.8,25.2,30726.08
2017-11-02,15.0,0.7,6.8,0.0,10.4,19.1,32417.12
2017-11-03,10.3,5.4,7.7,5.1,11.9,25.9,839.08
2017-11-04,11.3,5.0,7.0,0.0,12.8,29.5,26333.29
2017-11-05,13.1,4.6,7.7,0.0,21.0,46.4,31916.62
2017-11-06,12.4,5.9,8.1,0.0,22.9,49.7,31727.21
2017-11-07,12.7,7.4,9.2,0.0,23.0,51.1,30588.13
2017-11-08,10.2,7.5,8.5,0.8,23.4,53.3,2527.88
2017-11-09,12.3,5.9,8.4,0.7,9.1,25.6,9245.64
2017-11-10,11.7,5.4,8.0,0.0,8.1,18.4,19184.82
2017-11-11,13.6,3.7,8.2,0.0,11.1,25.9,31349.73
2017-11-12,15.3,5.7,10.7,0.0,17.7,40.0,19964.79
2017-11-13,17.6,6.1,12.4,2.3,21.9,49.7,957.18
2017-11-14,6.0,3.8,4.4,0.7,14.2,31.3,0.0
2017-11-15,5.3,3.8,4.6,3.3,10.2,22.0,0.0
2017-11-16,7.5,4.7,6.0,1.9,6.2,26.3,2085.51
2017-11-17,8.6,4.4,6.2,0.2,6.8,14.0,8067.52
2017-11-18,6.8,4.7,5.6,0.5,11.9,26.3,0.0
2017-11-19,7.3,3.0,4.8,0.5,10.5,23.4,7301.52
2017-11-20,6.9,0.8,3.4,0.5,24.7,59.4,27353.11
2017-11-21,8.3,-0.1,4.0,0.0,10.8,24.5,17633.28
2017-11-22,13.7,5.1,8.3,0.0,11.8,27.7,29244.87
2017-11-23,13.3,1.9,6.6,0.0,10.7,20.5,29806.18
2017-11-24,13.3,0.9,5.9,0.0,8.0,16.9,29168.31
2017-11-25,11.9,3.8,7.0,0.0,17.7,38.5,28283.86
2017-11-26,11.6,1.9,6.3,7.3,17.9,38.2,12446.41
2017-11-27,2.7,1.2,1.9,5.7,21.4,47.5,0.0
2017-11-28,3.6,-4.3,0.5,0.1,19.3,44.6,25170.11
2017-11-29,7.1,-4.3,0.9,0.0,22.3,48.2,27522.31
2017-11-30,9.4,2.3,6.0,14.7,30.5,67.3,7200.0
2017-12-01,4.2,1.2,2.4,5.3,13.5,28.1,0.0
2017-12-02,2.0,0.1,0.7,10.1,11.8,25.2,0.0
2017-12-03,1.7,-2.1,-0.2,5.9,7.7,25.2,515.45
2017-12-04,1.7,-3.0,-0.9,0.0,12.1,28.1,28013.37
2017-12-05,2.0,-0.4,0.6,1.0,22.4,49.0,2370.71
2017-12-06,6.8,-1.4,3.2,0.9,15.3,33.8,26484.24
2017-12-07,8.1,-2.4,1.0,0.0,10.2,20.2,28360.69
2017-12-08,9.6,-3.6,1.4,0.0,15.5,34.2,28294.72
2017-12-09,11.1,-0.4,4.1,12.2,24.1,52.9,17737.53
2017-12-10,2.5,-3.2,-1.2,2.9,21.7,47.5,28196.98
2017-12-11,8.3,-1.9,4.0,0.0,23.7,51.8,23823.92
2017-12-12,13.7,5.4,8.7,0.0,21.1,51.5,26477.38
2017-12-13,9.7,2.8,5.9,5.5,15.0,33.5,14268.44
2017-12-14,11.7,2.6,6.3,0.1,13.7,29.9,23964.41
2017-12-15,11.5,4.9,8.2,0.5,24.4,54.7,7797.69
2017-12-16,10.3,1.9,5.5,0.9,24.0,54.7,0.0
2017-12-17,3.4,0.0,1.3,1.0,17.2,37.4,10718.04
2017-12-18,1.0,-2.0,-0.5,1.6,15.7,34.2,962.14
2017-12-19,0.9,-2.6,-1.0,1.7,19.7,43.2,14928.75
2017-12-20,-0.5,-3.8,-2.1,0.0,12.2,28.1,13745.62
2017-12-21,-1.0,-4.9,-2.2,0.4,11.9,26.6,11156.29
2017-12-22,0.2,-6.1,-2.2,0.1,9.6,22.7,0.0
2017-12-23,3.2,-0.8,1.6,1.9,19.9,42.1,161.36
2017-12-24,11.1,1.6,5.5,0.7,17.3,45.7,14436.5
2017-12-25,12.4,-0.1,3.8,0.0,9.2,17.3,27582.36
2017-12-26,10.8,-0.8,3.1,0.0,12.0,20.2,25205.71
2017-12-27,11.8,3.1,6.5,0.3,23.6,52.9,27215.87
2017-12-28,12.0,4.8,8.4,0.0,28.8,65.5,25646.1
2017-12-29,4.5,0.6,2.3,0.0,17.3,37.1,4400.27
2017-12-30,3.6,-4.0,-0.4,0.0,9.4,22.3,27698.69
2017-12-31,7.1,-2.5,0.8,0.0,10.5,22.0,15038.47
2018-01-01,9.9,-1.6,2.3,0.0,9.9,21.2,27633.32
2018-01-02,7.1,1.7,3.9,7.7,19.0,42.5,1095.51
2018-01-03,7.2,1.2,3.8,0.9,19.6,44.6,26198.18
2018-01-04,8.4,1.4,3.9,2.6,13.2,35.3,27424.95
2018-01-05,9.8,1.9,5.2,1.0,12.7,28.8,14332.15
2018-01-06,12.3,2.7,6.6,0.0,12.5,27.4,28023.36
2018-01-07,13.6,3.4,7.0,0.0,10.1,21.6,26549.71
2018-01-08,12.9,2.7,6.8,0.0,12.2,27.0,26890.79
2018-01-09,8.1,4.0,5.6,0.0,24.1,53.3,23158.28
2018-01-10,5.8,2.5,4.0,0.0,27.8,61.6,0.0
2018-01-11,5.7,1.9,3.7,0.0,14.4,35.6,0.0
2018-01-12,6.1,2.1,3.7,1.1,6.6,20.9,5603.13
2018-01-13,2.6,-0.9,1.2,0.0,13.6,32.0,24607.79
2018-01-14,-1.0,-3.5,-2.3,1.3,18.9,42.5,13160.66
2018-01-15,-0.3,-4.6,-3.5,4.0,17.3,38.5,18115.76
2018-01-16,4.2,-5.0,-0.3,2.5,16.1,46.8,21600.0
2018-01-17,8.6,1.1,3.9,14.2,34.2,74.2,3752.99
2018-01-18,4.5,-1.4,1.0,0.0,26.7,65.5,28572.3
2018-01-19,8.8,-1.2,2.6,0.2,18.6,37.1,15868.36
2018-01-20,2.4,-2.7,0.6,4.7,15.3,41.4,0.0
2018-01-21,5.0,-2.0,0.5,7.7,20.4,46.8,0.0
2018-01-22,1.0,-2.1,-0.4,1.3,21.4,45.7,6580.17
2018-01-23,2.3,-5.6,-1.2,0.2,12.8,29.5,18579.36
2018-01-24,2.5,-3.4,-0.7,0.0,12.3,27.7,30116.2
2018-01-25,4.6,-4.4,-0.8,0.0,15.6,34.6,30476.87
2018-01-26,6.9,-1.5,1.4,0.0,17.2,37.1,30571.64
2018-01-27,8.7,-1.1,2.0,0.0,14.2,31.0,29505.5
2018-01-28,5.8,-3.7,0.2,0.0,6.4,19.4,19857.69
2018-01-29,11.0,-2.7,2.0,0.0,8.0,16.2,30592.55
2018-01-30,11.1,-0.4,4.0,0.0,16.2,37.1,30972.92
2018-01-31,10.4,-1.4,3.7,0.0,14.0,32.4,31126.53
2018-02-01,12.1,-1.6,4.5,0.0,16.1,35.6,31133.92
2018-02-02,13.4,4.9,8.5,0.5,22.9,56.2,21494.61
2018-02-03,15.3,2.4,8.2,6.6,23.1,64.1,24107.66
2018-02-04,4.3,-1.2,1.6,0.0,14.3,33.5,10112.83
2018-02-05,5.9,-3.2,1.0,0.0,11.6,25.6,30814.65
2018-02-06,7.8,-4.2,1.6,0.0,19.3,43.6,31418.07
2018-02-07,9.1,1.6,4.1,0.1,29.5,65.2,31826.85
2018-02-08,9.1,2.0,4.0,1.6,24.5,58.3,20668.66
2018-02-09,4.9,-1.0,1.9,0.4,10.2,24.8,0.0
2018-02-10,5.6,-2.6,0.4,0.3,16.0,33.8,15695.15
2018-02-11,3.2,-0.6,0.5,6.3,13.6,29.5,1682.87
2018-02-12,7.0,-3.1,0.9,0.0,8.7,22.7,33709.81
2018-02-13,3.6,-2.8,0.6,11.7,16.8,37.4,0.0
2018-02-14,2.7,-2.8,0.2,4.2,16.6,36.0,1566.56
2018-02-15,1.5,-3.3,-0.1,0.6,15.0,33.1,0.0
2018-02-16,6.1,-1.7,1.5,0.0,10.4,26.3,32847.53
2018-02-17,7.3,-2.3,2.8,0.5,16.7,37.8,32861.3
2018-02-18,6.0,0.1,3.4,3.2,17.1,38.2,0.0
2018-02-19,2.3,-0.7,0.4,4.5,11.4,26.3,0.0
2018-02-20,3.5,-0.2,1.0,2.7,24.7,55.8,15254.09
2018-02-21,5.7,0.2,2.1,1.2,18.8,42.5,14808.72
2018-02-22,5.7,0.3,2.0,0.5,20.4,45.0,21618.87
2018-02-23,6.0,-0.7,1.6,0.0,20.5,45.7,30364.08
2018-02-24,1.5,-2.3,-0.3,0.5,16.6,37.4,1242.5
2018-02-25,-2.4,-6.5,-5.0,2.0,13.7,34.9,8358.13
2018-02-26,-5.8,-10.7,-7.7,9.0,9.3,21.2,0.0
2018-02-27,-5.3,-11.0,-8.6,7.5,10.4,24.5,23125.21
2018-02-28,-5.8,-12.9,-9.6,2.0,13.7,29.2,19272.21
2018-03-01,-2.3,-18.1,-9.2,3.2,15.5,33.8,24202.69
2018-03-02,3.8,-3.5,0.7,7.9,24.1,50.8,26629.73
2018-03-03,3.1,-1.8,-0.0,3.1,14.8,39.6,21373.53
2018-03-04,0.9,-6.7,-1.0,8.1,10.9,24.5,5936.7
2018-03-05,6.6,-7.8,0.9,0.1,24.2,54.0,32014.21
2018-03-06,10.6,0.8,4.2,1.2,27.2,59.4,18130.13
2018-03-07,13.8,3.9,7.8,6.4,17.9,45.0,36247.99
2018-03-08,8.5,2.3,4.9,4.3,17.8,42.1,0.0
2018-03-09,13.6,-0.9,6.3,0.0,11.4,25.9,37959.66
2018-03-10,16.0,1.4,7.9,0.0,11.0,19.4,33522.99
2018-03-11,17.7,4.2,10.4,0.0,14.8,34.2,38028.62
2018-03-12,17.2,8.6,12.1,3.1,17.1,43.2,19093.68
2018-03-13,12.6,7.0,9.3,5.2,16.9,36.4,31693.42
2018-03-14,13.1,4.5,7.6,7.5,9.9,25.2,22027.38
2018-03-15,13.8,4.8,8.5,0.6,10.5,24.5,36749.23
2018-03-16,13.1,6.0,9.1,2.0,24.2,52.2,16617.58
2018-03-17,19.4,7.8,12.9,6.0,22.7,53.3,25156.11
2018-03-18,11.7,3.2,5.7,12.0,15.8,53.3,23.99
2018-03-19,3.9,-1.0,1.3,8.4,22.3,48.6,4291.12
2018-03-20,2.5,-1.9,-0.1,1.4,9.3,20.5,3950.51
2018-03-21,0.4,-3.0,-1.3,5.8,14.7,33.1,368.1
2018-03-22,-0.2,-3.2,-2.0,7.6,10.5,48.6,0.0
2018-03-23,-1.2,-5.2,-3.2,6.7,10.2,22.0,7878.51
2018-03-24,1.4,-4.0,-1.7,1.8,12.3,28.4,12167.42
2018-03-25,4.9,-3.1,0.3,0.2,20.4,43.2,39853.25
2018-03-26,8.4,-0.4,3.3,1.3,12.8,31.0,25055.91
2018-03-27,8.0,0.5,3.8,0.9,16.3,35.3,18153.12
2018-03-28,11.3,-0.9,5.0,0.2,9.4,20.9,40957.32
2018-03-29,16.4,0.2,8.8,0.0,14.6,31.3,36000.0
2018-03-30,20.1,5.6,11.9,0.0,14.5,33.1,39944.78
2018-03-31,22.8,9.7,15.1,0.8,26.4,60.5,25351.42
2018-04-01,14.0,6.9,9.6,8.5,23.7,56.2,36780.65
2018-04-02,13.2,5.0,8.6,0.7,16.6,41.4,41731.21
2018-04-03,19.5,4.6,11.6,0.0,12.4,29.2,41362.41
2018-04-04,21.2,6.2,13.4,0.0,12.7,33.1,39611.49
2018-04-05,20.8,8.3,13.9,8.7,15.5,33.5,36142.64
2018-04-06,12.0,9.2,10.1,10.3,24.5,54.0,2069.94
2018-04-07,14.7,7.7,10.3,0.4,10.7,27.4,19252.74
2018-04-08,19.6,9.8,13.8,0.0,23.2,51.5,42171.0
2018-04-09,20.6,10.8,15.0,0.0,24.6,53.3,43215.92
2018-04-10,21.9,10.9,15.8,0.0,11.0,24.8,40463.58
2018-04-11,22.0,8.8,15.5,0.0,8.5,16.2,43515.4
2018-04-12,24.3,10.8,17.1,0.0,20.4,44.3,43869.47
2018-04-13,22.4,12.5,17.0,2.0,15.3,37.8,43958.2
2018-04-14,23.7,9.4,16.5,0.0,11.6,28.4,44471.76
2018-04-15,21.5,14.6,17.2,0.1,25.8,56.2,8890.41
2018-04-16,17.6,11.6,15.0,1.3,28.3,64.1,0.0
2018-04-17,20.1,11.6,14.6,4.5,20.1,42.1,24005.21
2018-04-18,16.9,11.3,13.7,5.5,12.5,30.2,15046.04
2018-04-19,20.8,11.3,15.6,0.2,18.5,40.7,45236.23
2018-04-20,19.5,10.7,15.0,0.0,21.9,48.6,44338.02
2018-04-21,21.4,7.2,14.7,0.0,9.4,17.6,45968.52
2018-04-22,24.2,8.2,16.9,0.0,8.3,16.2,46130.96
2018-04-23,25.7,10.6,18.3,0.0,10.3,20.2,46280.18
2018-04-24,25.0,11.3,17.8,0.9,19.5,41.8,41979.43
2018-04-25,25.1,11.9,18.7,0.0,8.6,22.0,46462.28
2018-04-26,25.7,13.0,19.4,0.0,10.2,22.3,46551.64
2018-04-27,20.2,11.5,15.7,0.0,18.1,39.6,43634.05
2018-04-28,26.2,12.0,19.0,0.0,20.9,46.8,41541.56
2018-04-29,25.3,16.5,20.5,0.0,21.3,47.9,44770.7
2018-04-30,26.7,15.5,20.0,1.2,20.2,43.9,42136.15
2018-05-01,25.4,15.6,20.3,0.0,13.4,30.2,44857.21
2018-05-02,26.6,15.9,20.9,0.0,20.6,45.4,46800.0
2018-05-03,25.8,15.5,19.9,0.2,23.2,49.3,31563.23
2018-05-04,26.8,14.6,20.7,0.0,18.4,42.1,43989.25
2018-05-05,25.6,14.5,18.9,5.9,12.8,37.1,37689.57
2018-05-06,24.1,14.8,18.5,7.6,16.0,38.2,40726.05
2018-05-07,22.5,13.9,17.3,2.9,18.3,40.3,46800.0
2018-05-08,22.0,10.0,16.6,0.0,13.5,32.8,46812.46
2018-05-09,23.7,9.4,17.4,0.0,10.2,22.7,46800.0
2018-05-10,19.5,13.5,16.6,3.0,13.0,31.7,40280.73
2018-05-11,23.1,11.4,17.5,0.1,13.4,32.0,46885.61
2018-05-12,25.3,12.5,18.6,0.9,13.0,29.2,46800.0
2018-05-13,24.7,13.8,18.8,0.1,15.7,35.3,46428.52
2018-05-14,22.5,14.0,17.4,8.5,15.1,40.0,44981.92
2018-05-15,23.3,14.0,18.1,4.3,18.1,46.8,38994.89
2018-05-16,19.3,10.5,14.9,3.7,20.2,45.0,47382.96
2018-05-17,20.5,10.6,15.9,0.5,13.2,32.4,44915.36
2018-05-18,21.5,10.2,16.3,0.0,10.2,22.0,39510.85
2018-05-19,20.9,11.6,15.8,2.8,14.5,37.8,46830.15
2018-05-20,21.6,11.0,16.9,0.3,10.5,25.6,46988.47
2018-05-21,22.9,12.3,17.7,0.0,20.4,46.4,47335.3
2018-05-22,23.4,14.0,18.1,1.0,20.1,43.9,46966.82
2018-05-23,25.1,15.4,19.8,3.4,17.6,41.8,38991.82
2018-05-24,24.5,14.0,19.2,3.2,12.8,34.2,46958.49
2018-05-25,25.4,13.1,19.6,0.0,11.3,27.4,47431.32
2018-05-26,25.0,15.4,19.7,0.6,9.1,28.4,40700.52
2018-05-27,25.9,15.0,20.2,2.9,10.2,32.4,48266.46
2018-05-28,26.3,16.6,21.2,1.5,15.5,35.6,48401.14
2018-05-29,25.9,16.5,21.1,0.0,20.7,46.8,49295.89
2018-05-30,27.2,16.0,21.4,0.0,18.2,42.1,49462.48
2018-05-31,28.7,14.6,22.3,0.0,12.6,31.3,49900.71
2018-06-01,30.5,14.1,23.1,0.0,10.3,27.7,50210.83
2018-06-02,28.4,17.0,22.9,0.5,10.5,28.1,48488.47
2018-06-03,26.3,16.8,21.5,1.9,18.1,40.0,37323.5
2018-06-04,26.7,16.3,21.1,0.9,10.2,31.3,42078.25
2018-06-05,29.2,15.9,22.3,0.5,13.0,42.5,47866.15
2018-06-06,28.9,16.7,22.8,0.0,14.8,35.3,49193.88
2018-06-07,28.3,17.9,23.2,0.2,14.6,34.2,44159.54
2018-06-08,32.4,20.1,25.8,0.5,21.5,51.1,44304.47
2018-06-09,29.0,18.3,22.6,13.8,21.3,47.9,27052.35
2018-06-10,25.3,16.9,20.7,8.8,7.7,22.7,27462.72
2018-06-11,28.0,17.4,23.4,0.4,5.9,18.4,49143.92
2018-06-12,32.4,18.3,25.8,0.0,14.2,31.3,48688.52
2018-06-13,27.6,17.8,21.9,8.4,12.5,31.0,22756.41
2018-06-14,23.0,16.4,18.5,15.1,17.5,37.8,32472.4
2018-06-15,18.4,15.1,16.4,25.2,17.9,39.2,3978.98
2018-06-16,22.0,15.6,18.1,19.8,15.4,33.5,27415.72
2018-06-17,22.5,15.8,18.8,9.8,12.1,28.1,29261.02
2018-06-18,24.0,16.5,18.8,9.6,12.1,37.1,14866.98
2018-06-19,24.3,16.1,19.3,11.5,10.5,29.2,34161.17
2018-06-20,26.5,17.6,21.7,1.0,8.7,24.1,42647.29
2018-06-21,26.5,17.6,22.0,1.6,12.7,37.1,30789.85
2018-06-22,24.1,11.5,18.5,15.2,26.6,60.5,31756.03
2018-06-23,17.6,10.2,13.8,1.0,20.0,43.6,48817.76
2018-06-24,18.6,8.9,14.4,0.1,10.0,24.5,50792.62
2018-06-25,21.9,8.6,16.0,0.0,11.5,25.9,48183.11
2018-06-26,22.1,13.8,16.4,5.1,15.9,40.0,16228.3
2018-06-27,16.8,13.5,15.0,10.4,14.2,34.9,2053.78
2018-06-28,19.1,13.6,15.8,15.4,17.3,38.9,14923.29
2018-06-29,18.5,15.2,16.6,51.1,17.7,39.2,0.0
2018-06-30,23.8,16.4,19.1,14.1,22.5,56.2,40281.18
2018-07-01,20.9,11.7,16.6,0.0,16.4,37.8,47758.58
2018-07-02,23.2,12.7,17.7,0.1,7.8,18.4,49027.56
2018-07-03,26.4,15.6,20.7,7.1,11.3,32.4,47921.8
2018-07-04,26.4,17.2,21.4,0.5,15.5,34.2,45361.61
2018-07-05,26.4,16.8,21.4,0.4,9.2,19.8,50286.72
2018-07-06,26.6,16.7,22.0,0.4,7.0,16.2,48588.07
2018-07-07,21.5,16.4,18.6,13.8,14.1,31.0,19979.44
2018-07-08,21.6,16.0,18.1,14.3,20.9,45.0,25257.1
2018-07-09,17.6,14.6,16.0,10.6,16.6,37.1,12631.82
2018-07-10,21.5,14.6,17.9,2.5,10.5,25.6,37392.48
2018-07-11,26.3,14.5,20.8,0.2,7.3,17.3,50018.39
2018-07-12,25.0,17.3,20.8,0.3,13.0,28.8,37237.48
2018-07-13,25.0,17.7,20.8,1.1,10.0,35.6,39464.05
2018-07-14,24.6,17.0,20.8,0.9,14.3,35.3,49513.6
2018-07-15,26.1,16.4,20.8,4.0,12.0,32.8,46800.0
2018-07-16,26.8,16.6,21.7,0.0,9.3,25.6,48369.82
2018-07-17,21.6,17.4,19.2,7.5,19.7,43.6,21724.13
2018-07-18,25.2,16.7,20.3,4.8,28.6,72.4,34742.96
2018-07-19,21.7,16.8,18.8,14.3,26.1,59.4,12256.12
2018-07-20,26.0,17.8,21.4,0.4,18.1,40.0,49270.09
2018-07-21,29.0,16.2,22.6,0.0,8.2,22.0,49002.45
2018-07-22,27.3,17.7,22.1,2.1,17.3,36.0,37946.84
2018-07-23,21.6,17.2,19.0,10.9,11.9,29.5,31295.17
2018-07-24,23.1,17.0,19.2,23.3,23.8,51.5,31661.19
2018-07-25,24.5,17.7,20.4,10.2,18.9,48.2,37186.38
2018-07-26,25.9,17.8,21.3,1.5,15.0,35.3,46331.54
2018-07-27,23.6,18.3,20.5,15.4,14.2,31.7,28180.75
2018-07-28,25.4,17.5,20.8,3.7,10.0,22.7,41162.58
2018-07-29,26.2,17.5,21.6,3.0,13.3,38.2,39269.02
2018-07-30,26.2,18.9,21.5,22.3,16.8,36.4,26973.44
2018-07-31,25.7,18.6,21.5,7.4,10.5,27.7,29946.33
2018-08-01,25.3,18.9,21.5,24.6,9.0,21.6,23668.87
2018-08-02,25.3,18.9,21.7,6.0,10.1,30.2,36462.99
2018-08-03,26.1,18.6,22.1,0.2,10.9,24.1,46827.61
2018-08-04,27.2,18.3,22.5,0.0,13.8,30.6,47423.46
2018-08-05,28.0,16.6,22.9,0.0,9.8,18.4,47415.31
2018-08-06,27.3,16.7,22.3,0.0,10.3,24.5,46968.71
2018-08-07,28.8,18.5,23.6,0.1,7.7,18.7,47176.11
2018-08-08,28.7,18.1,23.5,0.0,12.2,29.2,47008.16
2018-08-09,29.6,20.4,24.5,0.0,15.3,34.2,46943.85
2018-08-10,28.4,20.1,23.7,0.0,20.7,45.4,46786.59
2018-08-11,27.5,18.9,22.6,0.0,19.9,44.3,38600.43
2018-08-12,27.2,16.4,22.3,0.0,9.1,22.0,46497.99
2018-08-13,29.3,17.5,23.2,0.0,14.1,32.0,46416.12
2018-08-14,29.3,20.0,24.2,0.0,13.5,30.2,46353.0
2018-08-15,25.8,16.9,21.2,1.3,10.8,25.6,46096.69
2018-08-16,27.4,17.2,21.9,0.8,11.2,28.1,46225.83
2018-08-17,27.7,17.3,22.5,0.1,8.6,24.8,46161.83
2018-08-18,28.7,17.7,22.9,0.0,12.0,25.2,46097.58
2018-08-19,29.1,17.4,23.4,0.0,12.8,29.5,41356.88
2018-08-20,27.7,17.2,22.3,0.2,10.3,25.9,44664.98
2018-08-21,28.6,17.1,23.0,0.0,12.4,28.4,45903.65
2018-08-22,29.2,17.0,23.5,0.0,13.4,30.2,45838.69
2018-08-23,29.1,18.0,24.0,0.0,16.3,38.5,45708.05
2018-08-24,30.2,20.0,24.5,0.0,19.4,43.9,45141.25
2018-08-25,30.0,19.5,24.2,0.5,11.3,27.0,44802.02
2018-08-26,28.4,16.1,22.1,14.3,16.6,36.0,36182.54
2018-08-27,17.3,13.8,15.4,11.7,17.3,37.8,3600.0
2018-08-28,21.8,14.7,17.7,2.1,15.3,32.4,7004.22
2018-08-29,25.2,14.9,20.2,0.0,7.4,16.9,42998.93
2018-08-30,28.2,14.5,21.4,0.0,8.6,19.8,44553.35
2018-08-31,27.8,17.2,22.5,0.2,7.6,23.0,41477.41
2018-09-01,29.6,18.2,23.3,0.0,16.9,37.4,42843.72
2018-09-02,29.7,18.3,23.9,0.3,15.3,34.6,43526.52
2018-09-03,24.4,16.9,20.7,15.8,22.4,48.2,38326.38
2018-09-04,22.1,15.3,18.3,9.8,10.1,23.8,39358.09
2018-09-05,20.2,14.2,17.1,7.5,13.8,33.5,39103.07
2018-09-06,23.6,15.2,18.0,5.2,12.7,33.1,39045.66
2018-09-07,24.7,14.8,19.3,0.0,12.0,28.1,41725.54
2018-09-08,21.5,14.6,17.8,5.4,13.0,28.8,35350.88
2018-09-09,23.6,15.1,18.9,0.3,19.1,41.8,41186.62
2018-09-10,23.2,13.2,18.2,0.0,14.3,32.8,40906.71
2018-09-11,23.4,14.3,18.7,0.0,16.0,38.9,38418.77
2018-09-12,25.4,12.7,19.3,0.0,10.5,24.8,40674.54
2018-09-13,24.9,13.7,18.8,0.0,15.3,34.6,40538.42
2018-09-14,25.5,13.5,19.3,0.0,8.4,16.2,37002.27
2018-09-15,24.3,14.0,18.7,0.8,14.2,37.1,39681.89
2018-09-16,23.4,13.6,18.0,0.0,15.9,35.3,39869.16
2018-09-17,23.1,11.7,17.6,0.0,6.8,15.8,39949.35
2018-09-18,25.8,12.8,18.7,0.0,13.6,31.0,39629.03
2018-09-19,25.9,16.4,20.2,0.0,16.9,37.8,39629.64
2018-09-20,25.2,13.6,19.4,0.0,9.1,22.3,36861.38
2018-09-21,25.7,14.8,19.5,0.0,12.8,29.5,37846.91
2018-09-22,26.5,15.9,20.0,0.4,18.0,42.5,36169.04
2018-09-23,22.8,11.6,17.0,0.0,13.6,31.0,36000.0
2018-09-24,21.7,7.2,14.1,2.6,31.7,67.0,16949.53
2018-09-25,12.5,5.8,9.0,0.0,19.4,45.0,38463.51
2018-09-26,14.0,2.1,7.6,0.0,17.6,38.2,39506.87
2018-09-27,14.5,1.7,8.2,0.0,8.4,20.9,39394.22
2018-09-28,19.3,4.2,11.3,0.0,11.7,29.2,39281.37
2018-09-29,16.9,5.5,11.5,0.0,17.7,45.0,19167.72
2018-09-30,14.9,7.7,10.4,0.0,14.7,33.5,25956.79
2018-10-01,18.1,9.2,12.6,0.0,20.9,46.1,38873.44
2018-10-02,14.8,8.2,11.1,3.0,15.5,34.6,12742.88
2018-10-03,16.2,4.7,10.4,0.0,8.0,20.9,38502.86
2018-10-04,17.0,5.8,11.4,0.0,12.8,29.9,38317.69
2018-10-05,19.0,4.5,11.9,0.0,16.7,37.1,38132.78
2018-10-06,22.1,11.5,15.6,0.0,22.2,47.9,37948.23
2018-10-07,22.1,12.2,16.2,0.3,20.0,45.0,37764.17
2018-10-08,21.6,11.6,16.2,0.0,7.4,19.4,36887.77
2018-10-09,21.1,9.5,14.7,0.0,9.0,19.8,37398.03
2018-10-10,21.0,7.0,14.0,0.0,11.6,29.2,37216.2
2018-10-11,19.9,10.6,14.4,0.0,17.7,39.2,37035.0
2018-10-12,20.3,10.8,15.1,0.0,15.3,34.9,36740.17
2018-10-13,20.6,10.1,14.2,0.0,13.6,29.9,34551.11
2018-10-14,18.6,10.1,13.6,0.0,18.7,42.1,36149.35
2018-10-15,20.0,11.1,14.4,0.0,19.7,43.9,35924.19
2018-10-16,21.7,11.0,15.1,0.0,15.1,34.6,35600.3
2018-10-17,21.5,10.3,14.9,0.0,11.8,28.4,35393.23
2018-10-18,21.8,11.4,15.6,0.0,13.5,32.0,34637.59
2018-10-19,18.6,10.0,13.5,1.6,8.7,22.3,29072.21
2018-10-20,16.0,9.9,12.5,3.5,13.8,33.8,26382.86
2018-10-21,13.1,7.6,10.9,1.2,17.1,39.6,13862.03
2018-10-22,12.4,6.8,8.9,0.9,8.5,18.7,3826.82
2018-10-23,13.2,7.6,9.8,0.6,10.2,23.0,10768.45
2018-10-24,13.8,5.3,9.0,4.7,28.6,68.0,3600.0
2018-10-25,11.9,2.8,7.7,0.0,21.2,46.8,28841.61
2018-10-26,17.3,6.0,11.4,0.0,13.5,35.3,33280.56
2018-10-27,23.5,9.7,15.7,0.0,19.8,42.8,33149.54
2018-10-28,20.8,14.0,16.9,0.4,26.1,58.0,10856.68
2018-10-29,23.7,15.4,19.0,0.0,26.6,59.8,30362.86
2018-10-30,21.2,12.7,17.6,0.3,32.1,71.3,14737.62
2018-10-31,21.1,8.8,14.9,0.0,11.2,25.6,32643.65
2018-11-01,22.4,13.6,16.7,2.3,20.9,47.2,18000.0
2018-11-02,19.6,14.6,16.2,0.8,20.6,45.4,19523.8
2018-11-03,20.9,12.9,15.4,0.0,22.2,49.0,29251.06
2018-11-04,18.2,10.6,13.0,0.0,22.2,49.3,30692.01
2018-11-05,17.1,9.3,11.7,0.0,22.1,49.7,30815.45
2018-11-06,14.8,8.6,10.6,0.0,22.4,49.0,31749.23
2018-11-07,15.7,9.2,11.1,0.0,22.1,48.2,29330.62
2018-11-08,15.1,5.9,9.8,0.0,16.0,35.3,31589.74
2018-11-09,14.8,5.7,9.5,0.0,12.7,29.5,31512.19
2018-11-10,16.4,6.6,10.3,0.0,14.0,32.0,31436.23
2018-11-11,17.6,7.0,11.1,0.0,11.6,26.6,31362.0
2018-11-12,17.9,4.7,10.6,0.0,13.7,30.6,31289.57
2018-11-13,14.4,7.3,9.7,0.0,19.7,43.6,31219.08
2018-11-14,12.4,5.0,9.1,0.8,19.1,40.7,2903.29
2018-11-15,11.4,4.7,7.5,0.0,17.3,38.9,30951.45
2018-11-16,8.5,1.0,4.4,0.7,11.5,26.6,25844.27
2018-11-17,5.5,-0.3,2.3,0.0,18.1,40.0,29531.97
2018-11-18,3.1,-0.2,0.9,7.6,10.2,24.1,8233.92
2018-11-19,5.0,-0.9,0.7,2.9,9.5,23.8,28549.07
2018-11-20,3.3,-0.5,2.1,11.6,29.7,66.6,0.0
2018-11-21,4.0,2.0,2.8,13.5,21.9,52.6,0.0
2018-11-22,4.4,1.0,2.3,1.8,13.3,29.9,11116.36
2018-11-23,9.0,1.6,4.2,0.0,12.5,27.4,17643.76
2018-11-24,9.6,2.4,5.3,0.0,21.0,45.0,11326.88
2018-11-25,11.2,6.2,8.8,2.9,24.3,53.3,0.0
2018-11-26,15.6,7.8,10.3,4.0,26.6,59.0,13006.51
2018-11-27,8.0,3.3,6.4,4.5,15.8,33.1,0.0
2018-11-28,3.0,-1.3,0.0,13.7,16.7,34.9,0.0
2018-11-29,-0.1,-8.0,-3.6,0.4,13.1,28.1,28881.03
2018-11-30,-2.8,-8.6,-6.1,0.0,15.8,35.3,28338.29
2018-12-01,2.3,-6.6,-2.8,0.0,10.6,25.9,23785.94
2018-12-02,7.6,-4.9,0.3,0.0,12.7,28.8,28748.55
2018-12-03,8.3,0.2,3.3,0.6,13.9,30.6,24658.99
2018-12-04,9.8,3.3,6.4,4.9,12.2,29.5,9514.88
2018-12-05,7.0,0.3,3.6,0.4,22.4,50.4,1188.21
2018-12-06,3.4,-4.8,-1.0,0.0,9.9,23.8,28482.04
2018-12-07,6.7,-5.4,-1.0,0.0,10.6,22.7,22221.96
2018-12-08,9.0,0.3,2.9,3.3,14.8,33.8,7200.0
2018-12-09,8.4,-0.3,3.3,0.4,14.3,31.7,27664.33
2018-12-10,6.7,1.5,4.0,7.0,19.6,43.2,18179.8
2018-12-11,3.6,-1.2,0.7,1.3,16.0,37.4,27472.32
2018-12-12,5.1,-2.4,0.9,3.0,15.1,33.1,16877.64
2018-12-13,3.4,-3.2,-0.6,0.1,7.6,18.7,23238.27
2018-12-14,1.0,-2.9,-0.7,6.3,12.0,28.1,0.0
2018-12-15,-0.2,-1.7,-0.9,11.4,10.5,22.3,0.0
2018-12-16,-1.0,-7.4,-2.6,5.3,13.6,29.5,1204.23
2018-12-17,-2.0,-7.9,-4.9,0.9,10.4,23.0,4170.56
2018-12-18,-3.2,-5.3,-4.4,1.8,11.5,26.6,0.0
2018-12-19,-0.8,-6.0,-3.7,0.2,13.6,31.0,13450.64
2018-12-20,2.0,-4.3,-1.9,0.0,19.6,43.9,24502.69
2018-12-21,4.4,-4.9,-0.5,0.0,10.4,20.9,25485.4
2018-12-22,6.3,-1.1,2.9,0.2,12.9,25.6,2918.93
2018-12-23,9.8,1.3,5.1,5.3,12.6,36.7,14307.77
2018-12-24,10.8,1.2,5.5,9.2,35.2,77.0,1253.51
2018-12-25,0.7,-1.6,-0.2,0.3,23.9,59.4,8358.6
2018-12-26,3.3,-1.6,1.0,0.0,17.7,40.0,484.77
2018-12-27,3.6,-1.4,1.3,0.0,15.5,35.3,13816.51
2018-12-28,8.3,-0.2,3.8,0.1,11.6,28.4,21698.77
2018-12-29,4.4,1.8,3.1,1.5,17.6,38.2,0.0
2018-12-30,3.5,-0.5,1.7,2.8,7.3,18.7,1784.46
2018-12-31,2.5,1.0,1.9,5.8,13.8,30.2,0.0
2019-01-01,1.7,-2.9,0.5,0.2,12.3,26.6,0.0
2019-01-02,2.9,-3.7,-0.6,2.6,20.6,43.9,4578.37
2019-01-03,-0.5,-4.5,-2.3,1.7,24.3,53.3,2853.68
2019-01-04,-2.7,-5.7,-4.6,0.2,18.2,40.3,16834.61
2019-01-05,-1.4,-6.9,-4.0,1.1,8.7,22.3,25200.71
2019-01-06,0.2,-3.0,-1.5,10.2,18.7,41.8,266.31
2019-01-07,-3.4,-7.9,-6.3,2.2,17.8,40.7,10371.0
2019-01-08,-3.0,-15.6,-7.9,1.0,12.2,25.9,22257.9
2019-01-09,0.1,-5.0,-2.6,5.0,12.3,27.0,1518.18
2019-01-10,-0.4,-3.2,-2.2,11.2,14.8,32.0,0.0
2019-01-11,-1.5,-5.3,-2.7,5.3,16.0,33.8,720.78
2019-01-12,-1.4,-10.0,-4.7,0.3,10.3,18.7,25795.81
2019-01-13,2.0,-3.2,-1.1,0.0,9.5,18.0,10637.22
2019-01-14,3.5,-5.1,-0.1,4.0,17.2,41.8,8823.38
2019-01-15,-0.4,-4.9,-1.8,0.6,22.1,52.9,21076.96
2019-01-16,3.6,-2.3,0.4,0.0,16.3,38.2,16561.61
2019-01-17,4.6,-5.0,-1.1,0.0,13.6,24.5,29421.35
2019-01-18,6.1,-4.6,0.7,1.0,15.3,35.3,22568.93
2019-01-19,1.5,-1.3,0.0,2.1,17.1,38.9,12054.99
2019-01-20,3.3,-1.1,0.4,0.4,19.5,43.6,7401.53
2019-01-21,0.4,-1.9,-0.5,0.0,7.0,16.2,0.0
2019-01-22,1.8,-1.6,-0.0,4.4,17.9,40.3,4770.39
2019-01-23,8.3,-0.7,2.5,2.1,18.8,41.4,26637.19
2019-01-24,0.9,-4.3,-1.4,13.9,14.0,29.5,0.0
2019-01-25,-0.8,-4.0,-2.2,18.9,17.5,38.9,0.0
2019-01-26,-3.3,-8.1,-4.6,8.2,18.0,38.9,0.0
2019-01-27,1.6,-9.8,-3.3,0.0,17.2,38.2,29907.67
2019-01-28,5.3,-0.8,2.2,1.7,25.6,55.4,11823.06
2019-01-29,2.3,-3.0,-0.5,0.8,8.4,26.3,0.0
2019-01-30,1.7,-7.6,-1.4,2.4,9.4,16.2,3634.15
2019-01-31,1.9,-8.1,-3.0,0.2,12.2,20.9,10472.0
2019-02-01,7.6,-6.2,1.4,0.0,22.6,49.7,6282.07
2019-02-02,12.1,5.0,8.6,0.0,25.4,56.9,440.73
2019-02-03,14.8,8.5,10.2,0.1,28.9,64.4,21836.92
2019-02-04,8.9,1.4,3.9,19.2,17.9,38.2,0.0
2019-02-05,3.3,1.1,2.0,1.7,11.2,24.1,0.0
2019-02-06,3.4,1.6,2.1,1.1,15.6,33.8,0.0
2019-02-07,4.5,-0.4,1.7,0.0,13.0,28.8,19640.66
2019-02-08,5.3,-1.3,1.5,0.0,15.2,33.8,24702.21
2019-02-09,7.2,-2.4,1.5,0.0,12.4,29.5,31553.02
2019-02-10,9.9,-2.2,2.9,0.0,11.6,25.9,28492.02
2019-02-11,7.2,0.5,3.8,13.7,21.5,46.8,144.76
2019-02-12,2.0,-0.2,1.1,8.5,27.3,61.6,0.0
2019-02-13,3.2,-3.0,-0.7,0.3,22.3,49.0,26950.53
2019-02-14,5.0,-3.6,1.5,0.2,21.2,45.7,868.27
2019-02-15,6.9,0.5,2.9,1.0,12.0,29.2,26547.02
2019-02-16,8.3,-2.7,1.9,0.0,9.4,24.5,34380.39
2019-02-17,9.4,-2.1,3.3,0.0,10.0,16.6,34564.03
2019-02-18,11.2,-1.0,4.6,0.0,8.1,14.0,34748.41
2019-02-19,14.6,-1.0,4.5,0.0,9.6,18.7,34856.5
2019-02-20,12.2,0.2,4.9,0.0,11.3,25.6,34942.97
2019-02-21,10.5,-1.9,3.5,0.0,18.2,39.2,35028.99
2019-02-22,7.1,-2.4,3.9,10.2,29.3,64.1,0.0
2019-02-23,-2.0,-6.6,-4.0,0.5,28.7,65.2,8193.01
2019-02-24,0.8,-8.1,-4.2,0.0,11.1,25.9,35283.95
2019-02-25,2.6,-5.4,-2.1,0.2,8.9,24.5,35367.79
2019-02-26,8.5,-3.8,1.5,0.0,19.7,45.4,34800.2
2019-02-27,8.5,0.4,3.7,0.0,22.4,49.0,27731.09
2019-02-28,14.0,-0.7,6.2,0.0,12.2,31.0,35881.98
2019-03-01,15.2,5.6,9.7,0.0,17.8,40.7,36059.95
2019-03-02,10.0,2.4,6.4,0.1,18.9,46.1,19326.34
2019-03-03,9.3,2.0,4.9,0.1,14.8,31.3,18048.89
2019-03-04,16.4,-0.2,7.3,0.0,12.2,28.4,36752.89
2019-03-05,11.1,4.3,7.5,3.1,13.2,33.5,4636.3
2019-03-06,13.9,2.5,7.6,0.1,14.8,34.6,36142.26
2019-03-07,19.2,4.2,10.7,0.0,19.5,41.4,34926.5
2019-03-08,19.7,8.4,12.4,0.0,14.1,31.3,34067.93
2019-03-09,15.3,5.9,10.1,1.6,13.1,29.2,35764.0
2019-03-10,18.8,8.3,13.0,0.0,18.4,42.1,36207.93
2019-03-11,11.5,2.1,7.5,11.6,16.2,37.1,3620.88
2019-03-12,7.2,-0.4,3.3,2.0,22.0,47.2,7876.96
2019-03-13,9.0,-3.7,2.8,0.0,16.9,36.4,37262.0
2019-03-14,9.7,0.2,4.5,0.0,13.6,31.0,10977.54
2019-03-15,11.5,-1.6,4.8,0.2,19.0,42.5,35807.59
2019-03-16,15.2,3.8,8.8,0.0,16.7,42.8,21042.94
2019-03-17,20.6,4.4,11.4,0.0,10.4,24.5,38995.18
2019-03-18,19.1,5.1,11.7,0.0,22.6,52.6,39017.14
2019-03-19,13.0,4.2,7.9,0.0,14.7,38.5,39210.32
2019-03-20,10.2,2.5,5.5,0.8,14.8,32.8,20810.34
2019-03-21,11.8,2.6,6.3,0.0,9.0,22.0,31453.96
2019-03-22,14.1,0.4,6.8,0.0,10.1,23.8,39831.64
2019-03-23,16.0,2.6,8.9,0.0,13.7,31.7,40160.1
2019-03-24,17.4,1.5,9.6,0.0,11.4,20.9,40502.18
2019-03-25,19.0,2.8,10.6,0.0,15.3,34.6,40312.52
2019-03-26,9.9,2.9,7.0,0.0,21.3,47.5,22949.14
2019-03-27,10.4,0.5,5.4,0.0,15.8,36.4,32251.77
2019-03-28,11.8,-2.5,4.5,0.0,14.1,31.0,40953.15
2019-03-29,13.5,-1.1,6.2,0.0,14.1,34.6,40972.12
2019-03-30,15.7,1.4,9.0,0.0,9.7,23.0,41250.2
2019-03-31,18.5,3.1,11.5,0.0,10.7,20.9,41538.19
2019-04-01,19.7,4.3,11.8,0.0,11.2,27.0,41587.02
2019-04-02,17.5,4.9,11.8,0.0,20.1,45.0,41819.62
2019-04-03,16.2,5.8,10.6,0.0,25.1,54.7,39074.74
2019-04-04,17.9,6.5,11.6,0.5,26.7,58.0,40437.05
2019-04-05,17.8,7.2,12.1,0.0,30.3,63.7,22939.08
2019-04-06,17.0,9.2,12.7,0.0,22.4,49.7,42227.84
2019-04-07,20.6,8.1,13.5,0.0,20.5,46.4,41711.09
2019-04-08,17.3,6.9,11.7,2.3,14.8,33.5,30455.85
2019-04-09,16.8,9.3,11.9,7.9,13.7,40.3,16869.4
2019-04-10,19.1,9.3,13.3,0.3,11.7,31.7,42241.08
2019-04-11,14.1,8.7,11.2,4.2,11.1,27.7,15048.27
2019-04-12,10.7,6.1,8.8,4.6,15.9,35.3,6883.5
2019-04-13,9.1,4.1,6.5,0.0,11.2,26.3,1629.93
2019-04-14,10.7,6.0,7.8,0.7,10.2,24.8,2281.42
2019-04-15,15.1,4.4,8.8,4.7,18.4,41.8,32077.52
2019-04-16,15.3,5.6,10.2,3.3,17.1,38.5,39114.77
2019-04-17,14.8,2.9,9.1,1.5,21.4,48.6,41605.7
2019-04-18,15.2,5.8,9.8,3.1,15.2,33.8,41158.02
2019-04-19,17.4,4.9,11.5,0.1,22.3,48.2,42642.05
2019-04-20,15.6,3.5,9.9,0.1,13.0,31.3,43873.07
2019-04-21,18.3,2.7,11.0,0.0,7.5,16.9,45937.21
2019-04-22,21.4,5.3,13.5,0.0,20.0,44.3,46099.88
2019-04-23,13.1,6.9,10.5,5.0,34.6,74.2,28129.79
2019-04-24,21.0,9.5,14.5,1.1,23.7,51.5,43640.17
2019-04-25,24.5,12.2,17.6,0.0,19.1,42.5,46312.37
2019-04-26,26.8,12.7,19.9,0.0,14.9,34.2,44750.97
2019-04-27,18.3,9.8,14.7,3.1,14.8,33.1,9505.78
2019-04-28,17.3,8.1,11.9,2.0,14.8,34.9,46259.05
2019-04-29,17.2,6.7,11.6,5.2,9.8,25.2,27147.9
2019-04-30,14.4,8.1,10.6,7.7,18.3,39.2,34168.06
2019-05-01,15.4,8.0,10.9,5.3,18.6,43.6,24242.35
2019-05-02,19.0,7.4,13.1,0.0,18.2,45.7,46800.0
2019-05-03,20.8,8.0,14.7,0.0,13.1,31.0,46800.0
2019-05-04,19.8,8.7,14.9,1.1,17.5,38.9,37935.9
2019-05-05,17.5,8.8,12.9,12.2,17.1,39.2,18279.21
2019-05-06,10.6,5.9,7.9,0.8,20.6,43.9,0.0
2019-05-07,9.4,4.2,6.9,1.7,27.2,57.6,0.0
2019-05-08,15.2,3.5,9.9,0.0,10.8,29.2,46813.65
2019-05-09,15.4,8.3,11.0,5.9,12.8,43.2,0.0
2019-05-10,17.3,8.5,12.4,3.4,17.8,43.9,37362.17
2019-05-11,21.0,7.2,14.5,0.0,9.7,22.7,46800.0
2019-05-12,21.5,12.5,16.3,3.8,20.5,49.0,32256.77
2019-05-13,20.4,12.3,15.1,2.3,22.2,54.4,20573.44
2019-05-14,13.4,6.4,10.0,14.5,18.0,40.7,5258.74
2019-05-15,13.7,3.9,8.5,5.1,13.7,31.0,29813.09
2019-05-16,14.8,4.5,9.0,2.3,12.0,28.8,25416.13
2019-05-17,15.6,6.8,11.6,0.3,7.3,18.0,12601.4
2019-05-18,22.1,7.1,15.4,0.1,9.4,24.8,47258.75
2019-05-19,24.1,10.4,17.2,4.0,16.7,45.4,38748.57
2019-05-20,20.8,11.3,16.0,0.5,13.9,39.6,42913.38
2019-05-21,19.6,9.9,14.8,0.7,15.8,38.2,43371.88
2019-05-22,20.8,10.9,16.1,2.1,12.2,32.4,46569.3
2019-05-23,18.6,11.5,14.9,2.1,16.0,35.3,45430.73
2019-05-24,16.9,11.5,14.1,1.9,16.8,39.2,20982.6
2019-05-25,21.0,11.2,16.2,0.7,13.7,36.4,48051.6
2019-05-26,23.5,10.6,17.7,0.0,9.2,22.0,40254.21
2019-05-27,23.3,14.8,17.7,4.0,16.3,36.7,16271.45
2019-05-28,24.8,14.5,19.2,0.5,19.7,46.4,47848.88
2019-05-29,22.6,13.4,17.7,1.3,9.7,30.2,41291.02
2019-05-30,18.6,12.3,15.0,17.6,13.3,29.9,45210.07
2019-05-31,15.5,11.0,13.4,1.4,14.3,32.4,6796.32
2019-06-01,18.0,11.0,14.2,3.7,10.7,25.2,17081.79
2019-06-02,20.4,9.8,15.5,5.1,9.1,28.4,33057.39
2019-06-03,19.0,13.5,15.7,13.4,14.8,33.8,18882.83
2019-06-04,20.0,12.7,16.7,7.7,7.6,24.1,42462.44
2019-06-05,20.7,12.7,16.9,3.3,11.4,26.3,16850.37
2019-06-06,24.7,15.3,19.5,4.1,11.8,27.4,48579.26
2019-06-07,28.4,16.3,22.4,0.0,9.2,22.3,50034.0
2019-06-08,30.2,17.5,23.9,0.0,13.5,35.3,50494.96
2019-06-09,26.8,17.3,22.3,0.4,12.1,29.2,50343.16
2019-06-10,26.9,16.7,21.8,0.9,13.7,29.2,48706.49
2019-06-11,26.0,16.9,21.5,0.5,12.5,28.8,45013.22
2019-06-12,28.6,17.5,22.8,0.8,15.3,36.7,47331.04
2019-06-13,32.4,20.3,25.9,0.4,14.1,32.0,47189.98
2019-06-14,30.1,20.6,25.1,0.0,11.9,29.9,49639.84
2019-06-15,30.9,18.0,24.8,0.0,16.5,35.3,49855.07
2019-06-16,31.0,20.6,25.4,0.1,18.0,39.6,50029.05
2019-06-17,24.5,18.0,21.1,8.4,13.9,31.0,23483.57
2019-06-18,24.5,18.2,20.4,16.4,9.8,39.2,25661.7
2019-06-19,25.3,17.3,21.3,1.7,14.7,33.1,41303.75
2019-06-20,26.3,17.9,21.5,8.6,9.8,24.5,43393.5
2019-06-21,28.3,16.6,22.8,0.1,12.0,34.6,50363.93
2019-06-22,28.2,17.3,23.4,0.0,6.9,25.9,47312.49
2019-06-23,29.9,17.5,22.0,12.1,21.7,45.7,41339.04
2019-06-24,25.5,15.7,20.7,4.8,11.7,28.1,46923.76
2019-06-25,27.6,17.7,22.4,0.3,14.8,33.8,49457.21
2019-06-26,29.6,19.0,24.4,0.0,12.8,34.2,50355.1
2019-06-27,30.6,18.9,25.2,0.0,10.8,26.3,50911.45
2019-06-28,26.6,17.6,22.4,3.6,23.5,52.9,39918.6
2019-06-29,24.9,13.6,19.8,0.0,18.6,42.5,51172.45
2019-06-30,27.1,14.0,21.4,0.0,7.6,21.2,51024.72
2019-07-01,32.7,15.8,24.9,0.0,8.3,23.8,51145.18
2019-07-02,33.8,18.2,26.9,0.0,9.1,22.0,51013.15
2019-07-03,28.7,21.5,24.8,0.0,16.1,38.2,50450.43
2019-07-04,29.0,17.1,23.4,0.0,16.9,36.7,48811.06
2019-07-05,27.1,16.4,22.2,0.0,11.6,29.9,50545.25
2019-07-06,30.4,17.0,24.3,0.0,9.5,23.8,50649.41
2019-07-07,31.9,19.5,25.8,3.1,20.3,43.9,49348.98
2019-07-08,25.0,17.0,20.8,2.0,13.9,33.8,49399.37
2019-07-09,23.5,17.2,19.9,2.4,11.6,41.8,30300.71
2019-07-10,17.4,11.8,15.2,8.5,13.6,30.6,4882.84
2019-07-11,22.3,9.5,16.6,0.0,15.2,33.8,49910.88
2019-07-12,22.8,12.9,18.4,0.0,10.1,25.9,49312.3
2019-07-13,25.2,13.0,18.9,2.1,10.2,23.8,32075.24
2019-07-14,20.0,13.9,16.3,22.9,20.0,44.3,31527.56
2019-07-15,22.1,13.9,17.7,5.0,14.0,36.4,45890.39
2019-07-16,24.2,12.1,18.3,0.0,17.0,38.5,47609.4
2019-07-17,25.7,12.1,19.2,0.2,18.7,41.0,49380.48
2019-07-18,26.2,13.4,20.7,0.0,7.9,19.4,49446.45
2019-07-19,26.6,15.2,21.2,0.0,6.6,22.0,48483.42
2019-07-20,28.8,16.2,22.9,0.0,6.1,18.0,49385.41
2019-07-21,30.7,17.5,25.0,0.0,6.9,17.6,49246.73
2019-07-22,27.7,18.8,23.2,1.2,19.8,44.6,48840.73
2019-07-23,29.4,17.4,23.4,0.0,23.6,51.8,43782.68
2019-07-24,27.1,18.9,22.7,0.0,18.8,43.6,42266.96
2019-07-25,28.5,16.5,23.2,0.0,10.5,27.4,48766.35
2019-07-26,32.2,18.3,25.4,0.0,13.5,33.5,46800.0
2019-07-27,31.9,20.1,26.2,0.1,10.0,26.3,47022.62
2019-07-28,32.5,20.7,25.5,5.7,23.7,55.1,29490.63
2019-07-29,27.1,17.8,20.8,13.7,18.9,40.7,28800.0
2019-07-30,26.4,18.3,21.6,9.5,12.5,29.5,29978.91
2019-07-31,28.9,19.8,23.7,0.8,17.0,42.8,47574.88
2019-08-01,27.2,18.8,22.6,2.2,14.8,34.2,37215.42
2019-08-02,28.8,19.0,23.0,2.1,13.9,30.6,39187.71
2019-08-03,21.7,16.9,19.4,6.2,26.3,56.2,42255.43
2019-08-04,22.5,15.6,18.4,2.8,15.6,41.0,47189.56
2019-08-05,25.4,14.3,19.4,0.7,8.7,21.6,46800.0
2019-08-06,28.0,13.5,21.2,0.0,9.8,21.6,47298.31
2019-08-07,31.7,18.6,25.1,0.0,11.8,25.9,47078.74
2019-08-08,32.4,19.4,26.4,0.0,10.8,24.5,47025.14
2019-08-09,28.5,20.0,24.2,0.0,13.2,28.8,46864.41
2019-08-10,31.2,18.4,25.0,0.0,8.9,19.8,46897.07
2019-08-11,32.8,19.7,26.6,0.0,8.8,22.3,46742.05
2019-08-12,33.4,20.7,27.1,0.0,16.1,35.6,46595.45
2019-08-13,33.3,22.3,27.4,0.0,21.3,46.4,46458.05
2019-08-14,24.1,16.2,20.3,5.4,21.4,45.7,31855.33
2019-08-15,21.9,14.8,17.7,0.7,17.8,40.7,39931.46
2019-08-16,23.4,11.5,17.8,0.0,14.9,35.6,41572.42
2019-08-17,24.5,13.7,19.2,0.1,9.2,24.5,44875.5
2019-08-18,27.3,13.0,20.6,0.0,8.8,20.5,46111.83
2019-08-19,30.6,14.9,23.5,0.0,10.2,25.9,46047.14
2019-08-20,31.5,17.9,24.9,0.0,14.3,33.5,45982.35
2019-08-21,31.5,19.1,25.2,0.0,14.3,34.6,45917.48
2019-08-22,28.1,17.9,23.0,0.0,12.9,31.3,45852.57
2019-08-23,31.1,18.6,24.7,0.0,11.1,27.7,44503.59
2019-08-24,31.4,21.0,25.8,0.0,17.7,39.6,42895.64
2019-08-25,29.5,19.7,24.2,0.6,15.8,40.3,34404.0
2019-08-26,30.6,19.7,24.0,2.6,14.0,34.9,35215.21
2019-08-27,31.1,19.2,25.0,0.0,18.1,40.7,43656.0
2019-08-28,31.1,18.1,25.3,0.0,18.4,41.8,44934.58
2019-08-29,31.0,18.7,24.4,0.0,15.5,36.0,43963.92
2019-08-30,30.6,17.2,24.6,0.0,8.9,23.4,43908.82
2019-08-31,29.8,18.2,23.9,0.0,14.7,34.9,43656.55
2019-09-01,29.2,17.9,23.1,0.0,15.3,35.6,44211.99
2019-09-02,29.9,17.3,23.2,0.0,15.9,36.7,43687.04
2019-09-03,24.1,14.9,18.8,0.0,20.4,49.7,41005.61
2019-09-04,20.0,14.7,16.9,1.9,15.1,34.2,20507.67
2019-09-05,25.0,12.0,18.5,0.0,7.6,19.8,42740.49
2019-09-06,26.3,14.5,20.4,0.0,9.5,24.5,40768.09
2019-09-07,26.4,16.1,20.3,5.4,21.7,51.8,33282.45
2019-09-08,26.1,14.6,20.4,1.1,15.6,36.0,41195.26
2019-09-09,25.3,15.9,20.5,0.4,27.3,58.0,40436.54
2019-09-10,23.2,13.6,17.7,0.9,9.0,22.3,32201.12
2019-09-11,25.8,12.6,19.0,0.0,10.8,27.4,40232.43
2019-09-12,25.0,14.2,19.6,0.0,15.8,35.3,39762.45
2019-09-13,24.6,14.7,18.9,0.0,15.0,34.2,40358.43
2019-09-14,23.4,12.7,18.6,0.0,15.3,35.3,29231.81
2019-09-15,24.0,13.0,18.6,0.0,7.7,24.1,40316.21
2019-09-16,26.3,11.7,18.8,0.0,9.5,23.8,40209.51
2019-09-17,27.6,12.4,19.6,0.0,8.9,16.6,39870.09
2019-09-18,17.4,11.5,15.5,0.0,18.5,41.4,18000.0
2019-09-19,17.2,8.5,13.0,0.0,12.3,29.5,34042.09
2019-09-20,16.3,6.4,11.5,0.0,14.5,34.2,39633.39
2019-09-21,17.7,4.3,11.1,0.0,7.8,18.4,39637.45
2019-09-22,22.7,7.6,14.8,0.0,12.7,30.2,39640.27
2019-09-23,24.2,14.2,17.8,0.2,11.6,27.7,18910.73
2019-09-24,18.0,13.9,15.4,8.0,14.4,32.8,4465.65
2019-09-25,19.4,13.3,16.0,1.7,11.2,25.9,21341.92
2019-09-26,19.6,12.1,15.7,12.8,22.5,51.1,39527.45
2019-09-27,20.8,12.0,16.1,0.6,12.6,30.2,39414.25
2019-09-28,24.9,11.3,17.8,0.0,9.2,20.9,36982.25
2019-09-29,23.0,13.2,17.5,0.0,7.8,16.6,39188.62
2019-09-30,26.6,13.5,19.5,0.0,12.6,29.5,39076.42
2019-10-01,23.5,13.1,18.0,0.0,10.7,25.9,38913.78
2019-10-02,26.1,14.3,19.4,0.0,12.0,27.4,38730.26
2019-10-03,15.9,9.5,12.8,5.7,22.7,48.6,1340.13
2019-10-04,12.5,7.2,9.9,2.2,14.6,33.8,13563.15
2019-10-05,14.9,4.7,9.6,0.9,7.9,17.3,11765.05
2019-10-06,12.2,7.1,9.4,0.9,24.0,52.2,21182.8
2019-10-07,13.8,4.4,8.7,0.0,13.8,31.0,36082.55
2019-10-08,14.8,2.4,8.5,0.0,16.2,36.4,37636.51
2019-10-09,22.3,7.4,14.1,0.0,16.2,36.7,37452.75
2019-10-10,21.8,10.3,14.6,0.6,16.2,33.1,36314.11
2019-10-11,16.8,7.6,12.0,0.1,10.2,23.4,37083.52
2019-10-12,22.9,7.4,14.3,0.0,8.9,22.3,36898.29
2019-10-13,24.3,9.0,15.9,0.0,7.9,15.1,36712.82
2019-10-14,25.3,9.8,16.9,0.0,9.4,23.4,36407.35
2019-10-15,25.3,11.1,17.8,0.0,10.8,25.2,36059.72
2019-10-16,24.7,11.5,17.6,0.0,11.4,26.6,35834.36
2019-10-17,22.3,9.3,15.9,0.0,7.2,18.7,35415.76
2019-10-18,23.4,9.5,16.3,0.0,9.0,20.9,35215.93
2019-10-19,23.8,10.3,16.3,0.0,7.9,19.8,34936.89
2019-10-20,24.5,10.5,16.8,0.0,10.1,19.1,34841.61
2019-10-21,24.7,10.3,17.4,0.0,10.8,22.0,34668.58
2019-10-22,24.8,10.3,16.9,0.0,9.0,15.8,34506.05
2019-10-23,24.9,12.2,17.4,0.0,12.0,28.4,34354.82
2019-10-24,25.0,14.0,18.1,0.0,16.6,37.4,34215.73
2019-10-25,23.0,10.7,16.2,0.0,13.7,32.8,34089.69
2019-10-26,21.5,7.4,13.9,0.0,8.5,19.1,34012.38
2019-10-27,22.1,6.1,13.5,0.0,8.6,16.9,33852.77
2019-10-28,20.8,5.9,12.8,0.0,8.9,22.0,33701.9
2019-10-29,17.8,7.6,11.7,0.0,10.4,23.0,33124.43
2019-10-30,9.2,7.1,7.9,1.9,12.6,27.7,0.0
2019-10-31,7.0,5.0,6.0,0.8,11.3,24.8,0.0
2019-11-01,8.9,4.0,5.8,0.0,18.7,41.0,29971.83
2019-11-02,13.8,3.8,9.0,0.4,24.0,52.9,7400.98
2019-11-03,16.7,11.0,13.5,4.8,27.0,59.0,3113.29
2019-11-04,17.7,12.2,15.0,0.7,25.0,56.2,6348.88
2019-11-05,21.4,8.7,15.0,0.0,21.6,47.9,32026.99
2019-11-06,16.9,11.8,14.6,15.3,23.7,52.9,2950.08
2019-11-07,14.5,11.4,12.6,12.5,10.4,22.7,1175.2
2019-11-08,18.5,9.8,13.5,3.6,18.7,41.0,26564.98
2019-11-09,18.3,9.4,13.3,0.0,20.6,44.3,29654.89
2019-11-10,18.4,7.9,13.5,0.0,19.9,45.0,26398.45
2019-11-11,14.0,5.5,9.4,0.0,13.0,31.3,29890.63
2019-11-12,16.1,8.2,11.8,1.2,25.9,60.5,19363.4
2019-11-13,18.6,12.2,14.8,1.5,30.8,72.7,31232.55
2019-11-14,14.9,8.8,11.9,1.1,15.0,38.2,2334.18
2019-11-15,17.5,7.5,11.7,0.0,20.6,46.4,29108.71
2019-11-16,17.1,11.0,13.2,0.0,22.6,50.0,23912.22
2019-11-17,14.4,10.1,11.5,0.0,25.2,55.8,24136.84
2019-11-18,16.9,9.6,12.6,0.0,24.0,53.3,27379.33
2019-11-19,16.1,8.1,11.4,0.0,17.6,39.6,28360.49
2019-11-20,11.7,9.0,10.7,3.4,20.9,48.2,5607.16
2019-11-21,14.3,8.3,10.6,0.0,19.4,41.0,29781.62
2019-11-22,9.4,2.7,6.5,0.0,19.9,43.6,1698.9
2019-11-23,7.7,1.9,3.7,0.0,24.2,52.2,29041.96
2019-11-24,10.1,3.0,5.3,0.0,24.4,52.6,28627.14
2019-11-25,10.4,4.5,7.0,0.9,19.5,43.2,18136.14
2019-11-26,9.7,4.8,7.1,0.0,10.8,24.5,1853.68
2019-11-27,12.5,4.3,7.8,0.0,14.6,31.3,28553.77
2019-11-28,12.3,8.3,10.2,6.1,17.7,38.9,11541.38
2019-11-29,13.3,6.1,9.3,1.9,12.4,28.8,28894.9
2019-11-30,7.7,-0.3,5.0,18.1,25.3,55.1,18120.91
2019-12-01,3.9,-3.6,-0.1,0.0,16.1,35.3,28947.87
2019-12-02,6.9,-0.3,3.1,2.4,20.3,43.9,11857.09
2019-12-03,1.8,-0.5,0.6,6.7,16.6,36.0,96.79
2019-12-04,2.8,-2.4,-0.3,0.2,7.6,19.8,17054.62
2019-12-05,5.6,-3.3,-0.2,0.0,18.1,40.7,28585.46
2019-12-06,7.6,-4.4,-0.5,0.0,7.9,17.3,28465.21
2019-12-07,10.5,-0.6,4.6,0.5,8.1,18.0,22777.45
2019-12-08,10.2,2.0,4.9,1.0,13.2,29.9,23850.01
2019-12-09,10.6,0.3,5.0,0.0,12.8,27.4,27804.67
2019-12-10,7.1,3.8,5.0,7.3,13.8,30.6,0.0
2019-12-11,4.1,1.4,2.4,3.0,14.1,29.5,0.0
2019-12-12,7.2,2.1,3.9,0.0,23.2,49.7,18345.26
2019-12-13,10.7,3.7,6.1,0.0,22.9,51.8,22996.39
2019-12-14,9.4,0.5,5.2,0.0,22.7,51.1,20986.75
2019-12-15,11.1,-0.1,4.3,0.0,15.9,36.0,27659.35
2019-12-16,13.4,1.6,6.1,0.0,13.3,22.3,27961.74
2019-12-17,14.6,3.1,7.1,0.0,11.9,23.4,27865.29
2019-12-18,14.1,1.7,6.2,0.0,10.1,20.2,26044.35
2019-12-19,13.4,1.6,6.6,0.0,14.1,30.6,26144.41
2019-12-20,11.8,5.3,7.6,0.0,20.1,45.0,16535.33
2019-12-21,14.3,6.1,10.5,2.3,25.5,56.2,18379.94
2019-12-22,13.3,7.6,10.6,2.8,27.9,62.3,6368.41
2019-12-23,9.2,3.9,6.0,13.1,26.0,58.7,0.0
2019-12-24,5.4,3.9,4.5,13.7,26.6,60.1,0.0
2019-12-25,5.1,2.2,3.9,5.8,17.9,41.8,394.65
2019-12-26,4.7,1.3,3.4,6.2,23.3,50.4,740.18
2019-12-27,4.0,-0.5,1.4,2.6,16.1,37.8,26776.94
2019-12-28,0.5,-1.1,-0.2,6.3,22.7,50.8,3328.07
2019-12-29,-0.8,-2.3,-1.7,2.9,22.9,50.0,0.0
2019-12-30,-2.1,-6.4,-4.0,0.1,13.0,32.8,14156.37
2019-12-31,1.1,-8.0,-3.4,0.1,10.4,22.0,25669.13
2020-01-01,2.8,-4.0,-0.9,0.0,15.6,36.0,27770.11
2020-01-02,3.8,-3.4,-0.1,0.0,9.7,23.0,27487.91
2020-01-03,6.1,-5.1,-0.5,0.0,9.3,15.5,28057.56
2020-01-04,2.4,-7.4,-2.0,0.1,8.9,19.1,18691.49
2020-01-05,2.0,-2.4,0.2,3.3,28.5,61.9,16119.26
2020-01-06,-0.3,-4.6,-2.9,0.0,18.2,41.8,24376.58
2020-01-07,0.9,-6.4,-3.0,0.0,8.4,19.1,28243.98
2020-01-08,1.6,-7.8,-3.7,0.0,7.6,17.6,28318.36
2020-01-09,3.8,-5.9,-2.2,0.0,7.9,14.4,28394.97
2020-01-10,10.7,-3.2,1.7,0.0,8.0,15.8,28382.85
2020-01-11,5.7,-3.5,0.4,0.0,13.0,29.9,25287.06
2020-01-12,1.4,-3.1,-1.1,0.0,7.4,19.4,1499.55
2020-01-13,4.7,-3.2,-0.9,0.0,8.8,17.3,28240.26
2020-01-14,7.4,-4.7,-0.7,0.0,9.7,14.4,28804.27
2020-01-15,8.2,-4.5,-0.4,0.0,8.4,19.8,29191.48
2020-01-16,5.9,-4.4,-0.7,0.0,11.5,21.2,29287.78
2020-01-17,3.6,-3.3,-0.9,0.0,22.4,49.7,21132.57
2020-01-18,3.0,-3.2,-0.7,0.0,23.6,51.8,27620.4
2020-01-19,-0.0,-3.2,-1.8,0.0,7.7,17.3,3135.66
2020-01-20,1.6,-2.5,-1.1,0.0,12.7,27.0,8617.88
2020-01-21,0.1,-2.7,-1.3,0.0,12.2,27.4,1279.54
2020-01-22,6.3,-4.8,-1.2,0.0,9.7,27.0,29902.31
2020-01-23,2.9,-3.1,-1.2,0.0,14.5,34.9,28800.0
2020-01-24,7.7,-4.8,-0.5,0.0,13.3,28.8,30396.38
2020-01-25,10.3,-4.0,1.1,0.3,8.8,19.1,28538.96
2020-01-26,12.2,-0.9,4.1,0.6,9.0,20.5,28078.15
2020-01-27,5.2,1.7,3.4,15.9,12.0,26.3,0.0
2020-01-28,10.1,-0.0,4.5,0.0,13.0,33.8,20413.41
2020-01-29,8.3,0.7,4.6,5.3,22.5,57.2,26553.72
2020-01-30,6.3,-2.7,1.3,0.5,18.9,42.5,29037.02
2020-01-31,11.6,-2.1,4.4,0.0,18.6,42.1,22805.99
2020-02-01,15.1,5.1,8.9,0.0,15.5,39.6,30733.96
2020-02-02,14.2,6.2,9.0,1.5,13.7,30.2,23074.68
2020-02-03,14.7,5.9,10.3,0.6,16.1,36.0,28714.4
2020-02-04,14.3,3.1,8.1,4.8,33.5,103.0,11783.65
2020-02-05,3.1,0.0,1.0,8.7,32.8,71.3,0.0
2020-02-06,1.9,-3.6,-1.1,0.0,28.7,65.9,31586.49
2020-02-07,3.4,-0.5,1.6,0.3,19.6,42.5,2295.92
2020-02-08,5.2,-3.1,1.1,0.3,14.0,32.4,32911.94
2020-02-09,10.2,-3.8,1.3,0.0,9.7,20.2,33086.77
2020-02-10,11.0,-0.8,4.2,0.4,17.1,36.7,27252.74
2020-02-11,13.2,2.0,5.1,10.1,22.2,80.3,17671.56
2020-02-12,8.1,2.3,4.0,0.5,13.5,28.1,9824.2
2020-02-13,10.2,-2.5,3.2,0.0,16.3,37.1,33800.52
2020-02-14,6.9,2.8,4.7,7.5,17.1,37.1,297.64
2020-02-15,8.8,0.3,4.6,0.1,15.3,33.8,26345.47
2020-02-16,11.2,-2.1,4.0,0.0,15.9,36.0,34345.62
2020-02-17,14.7,2.6,7.0,0.0,15.9,36.4,30398.69
2020-02-18,12.2,1.3,6.4,0.0,20.7,45.0,33921.16
2020-02-19,9.2,2.4,5.4,0.1,12.2,29.9,31649.81
2020-02-20,5.7,1.5,3.5,7.1,22.7,48.6,2737.12
2020-02-21,8.2,-3.0,2.7,0.5,16.9,38.9,22212.05
2020-02-22,7.2,-1.5,2.8,1.2,19.1,44.3,25308.14
2020-02-23,13.3,-2.5,4.7,0.0,9.7,22.3,33802.89
2020-02-24,10.4,1.4,6.2,0.3,28.2,60.8,17261.59
2020-02-25,16.5,1.4,8.3,0.0,14.2,31.7,35446.76
2020-02-26,16.9,5.9,10.4,0.5,19.4,44.3,32000.19
2020-02-27,6.2,-1.5,2.4,6.7,24.2,52.2,13948.13
2020-02-28,4.7,-1.6,1.7,10.4,23.5,58.7,7545.71
2020-02-29,8.5,-2.4,3.2,0.0,20.7,49.7,36036.04
2020-03-01,14.2,1.2,7.0,0.0,17.8,38.9,36318.2
2020-03-02,18.4,7.9,11.9,0.2,20.5,47.2,32800.65
2020-03-03,19.9,9.9,13.4,2.4,26.0,59.0,23535.05
2020-03-04,9.8,4.7,7.1,19.4,19.9,43.9,0.0
2020-03-05,8.4,0.9,4.4,0.0,15.4,34.9,23597.55
2020-03-06,9.6,1.4,5.5,3.5,19.1,43.6,9200.11
2020-03-07,14.4,3.5,8.2,4.9,18.4,40.3,26967.56
2020-03-08,5.9,1.1,3.9,3.1,15.3,33.5,4012.78
2020-03-09,6.8,-1.0,3.4,0.3,12.9,28.4,9834.95
2020-03-10,5.2,3.9,4.3,14.7,18.7,40.3,0.0
2020-03-11,13.9,4.4,8.4,0.1,11.6,28.4,34159.29
2020-03-12,20.2,4.2,12.0,0.0,14.3,32.4,38391.32
2020-03-13,18.8,6.0,11.5,0.2,22.7,58.7,38459.65
2020-03-14,9.2,4.9,7.5,0.7,12.1,28.1,1095.64
2020-03-15,8.8,1.5,4.7,0.7,14.5,32.8,21365.86
2020-03-16,9.6,-0.5,3.9,0.0,21.4,47.5,39039.53
2020-03-17,15.5,0.5,7.5,0.0,15.8,37.4,39153.57
2020-03-18,14.7,1.1,7.7,0.0,9.3,24.5,39266.56
2020-03-19,16.0,0.6,8.8,0.0,9.4,21.6,39284.07
2020-03-20,18.6,3.6,10.1,0.0,10.5,15.8,39686.38
2020-03-21,19.1,4.0,11.1,0.0,8.9,22.0,39906.67
2020-03-22,7.2,2.6,4.7,0.0,18.1,42.1,19861.79
2020-03-23,2.4,-2.1,-0.1,1.2,17.7,40.7,8162.38
2020-03-24,-0.7,-2.9,-1.6,13.5,11.4,29.5,0.0
2020-03-25,0.7,-3.4,-1.2,4.6,16.1,38.2,2570.17
2020-03-26,5.2,0.1,3.0,0.1,24.0,54.4,6068.89
2020-03-27,11.7,2.8,7.0,0.0,22.7,51.1,39959.42
2020-03-28,15.4,0.3,7.6,0.0,8.5,17.6,40334.2
2020-03-29,15.5,2.6,9.0,0.0,13.8,34.6,40596.32
2020-03-30,13.1,2.7,7.0,0.0,22.7,51.1,40736.3
2020-03-31,4.3,-0.4,1.7,0.2,15.9,39.2,13389.86
2020-04-01,2.4,-2.1,0.0,3.8,12.5,29.2,0.0
2020-04-02,7.9,-5.0,2.2,0.0,16.6,36.4,38577.44
2020-04-03,13.4,0.1,6.9,0.0,13.6,32.8,40314.33
2020-04-04,13.7,2.3,8.3,0.0,13.1,31.3,31743.12
2020-04-05,15.1,6.6,9.9,0.0,27.0,56.5,26659.52
2020-04-06,14.0,4.3,8.3,0.0,22.4,50.0,42767.44
2020-04-07,15.0,1.9,7.9,0.0,17.3,39.2,43196.41
2020-04-08,17.3,3.2,10.1,0.0,10.3,24.5,43292.49
2020-04-09,19.8,3.8,12.0,0.0,9.7,22.7,43633.53
2020-04-10,21.1,5.5,13.3,0.0,19.8,44.6,43860.29
2020-04-11,19.1,5.6,12.8,0.0,12.5,28.8,42961.39
2020-04-12,19.9,5.5,13.0,0.0,10.9,26.3,44191.57
2020-04-13,23.0,7.3,16.2,0.0,19.3,43.2,41327.94
2020-04-14,15.5,2.9,9.5,7.1,24.9,52.6,844.47
2020-04-15,10.3,0.0,5.2,0.0,17.1,38.5,45072.86
2020-04-16,17.5,0.9,9.3,0.0,8.8,23.8,45241.14
2020-04-17,22.5,6.9,14.5,0.0,14.1,33.8,42575.18
2020-04-18,24.6,9.3,17.0,0.0,9.1,19.8,45573.77
2020-04-19,25.0,11.3,17.9,0.0,15.0,33.8,42975.54
2020-04-20,15.5,9.2,12.2,1.8,16.3,34.9,16038.96
2020-04-21,9.4,6.3,7.8,10.8,13.6,32.0,0.0
2020-04-22,15.3,1.4,8.6,0.0,20.1,45.4,46219.76
2020-04-23,17.6,3.3,10.2,0.0,15.6,36.7,46328.64
2020-04-24,18.4,2.6,11.7,0.0,8.1,23.0,46416.78
2020-04-25,22.3,5.3,14.6,0.0,15.6,36.7,45182.61
2020-04-26,18.1,8.9,12.8,0.4,16.6,43.9,28416.79
2020-04-27,20.2,5.9,13.4,0.0,9.1,22.3,46677.04
2020-04-28,23.5,8.8,17.0,0.0,12.8,29.5,46762.16
2020-04-29,21.4,10.9,16.4,1.0,16.6,38.2,43462.07
2020-04-30,19.7,11.1,15.1,1.1,15.0,45.0,46800.0
2020-05-01,19.7,9.3,14.4,0.0,13.2,33.1,29696.25
2020-05-02,13.9,9.2,11.4,5.5,11.0,24.5,0.0
2020-05-03,15.6,9.8,11.9,3.6,28.8,62.3,40611.09
2020-05-04,15.0,7.4,11.0,0.0,26.0,56.9,30279.52
2020-05-05,21.4,7.2,14.1,3.5,15.1,34.9,45935.76
2020-05-06,13.1,7.6,10.7,12.1,22.2,48.6,24154.11
2020-05-07,16.9,7.2,11.5,1.8,24.0,51.5,39727.51
2020-05-08,18.9,7.7,13.5,0.0,13.4,31.0,46587.02
2020-05-09,24.2,6.2,15.8,0.0,8.4,18.7,46800.0
2020-05-10,26.1,11.2,19.2,0.0,12.2,29.5,42345.56
2020-05-11,26.9,13.7,20.4,0.2,19.8,45.4,37959.96
2020-05-12,21.4,10.0,16.5,2.1,22.2,49.7,40169.8
2020-05-13,24.5,8.3,16.6,0.0,22.5,49.7,46875.71
2020-05-14,26.3,15.9,21.3,0.0,18.7,64.8,14750.44
2020-05-15,31.4,12.5,21.3,0.0,17.0,45.0,43455.78
2020-05-16,20.9,12.1,16.7,0.0,16.3,35.3,45337.98
2020-05-17,25.1,12.6,17.6,0.7,15.5,65.5,18005.41
2020-05-18,20.0,13.4,16.8,1.1,9.5,23.8,21797.41
2020-05-19,24.6,14.3,19.3,0.1,11.2,27.0,21600.0
2020-05-20,19.6,14.5,16.6,46.3,16.7,37.8,13473.26
2020-05-21,15.5,10.2,12.4,3.8,18.7,40.7,12870.96
2020-05-22,18.4,7.0,13.0,0.0,19.1,43.6,48768.21
2020-05-23,20.5,8.6,14.7,0.0,13.2,32.8,32515.14
2020-05-24,16.4,10.9,13.6,1.7,23.4,52.2,18246.72
2020-05-25,17.3,8.1,13.0,0.9,20.9,47.2,46361.52
2020-05-26,13.5,9.0,10.8,17.4,18.9,44.6,29119.36
2020-05-27,16.0,8.0,11.8,4.2,18.3,45.4,32309.19
2020-05-28,16.3,9.6,12.6,7.3,24.1,56.5,43460.51
2020-05-29,17.4,9.5,12.8,5.4,20.3,49.7,48217.8
2020-05-30,16.3,9.3,12.8,6.9,13.6,32.4,46867.48
2020-05-31,16.8,7.6,12.7,0.0,17.4,39.6,45317.68
2020-06-01,14.8,6.6,11.5,1.0,18.9,42.1,14063.46
2020-06-02,16.8,9.4,12.8,5.0,21.6,48.2,41438.23
2020-06-03,17.9,7.6,13.2,2.5,15.1,39.6,43791.56
2020-06-04,24.0,9.7,17.1,0.6,18.8,43.2,48033.79
2020-06-05,25.2,13.6,18.9,0.5,20.6,45.4,38646.74
2020-06-06,23.3,14.3,18.4,5.6,11.2,28.4,35825.35
2020-06-07,24.9,13.9,19.9,2.1,9.9,23.0,48839.72
2020-06-08,24.3,15.0,19.6,0.7,8.4,21.6,47931.93
2020-06-09,23.7,13.1,18.5,9.4,9.3,22.7,40225.78
2020-06-10,22.9,14.3,18.1,2.1,9.4,24.1,40621.11
2020-06-11,20.5,12.8,17.1,0.6,10.9,28.1,24769.86
2020-06-12,20.8,13.8,17.4,1.1,16.1,36.7,14105.59
2020-06-13,24.8,15.8,20.4,0.0,19.1,43.9,49299.76
2020-06-14,26.8,17.2,22.0,0.5,16.1,36.4,49618.12
2020-06-15,22.7,15.2,19.1,0.7,14.3,33.1,47963.14
2020-06-16,22.4,14.5,17.5,18.3,11.5,29.9,35429.41
2020-06-17,21.9,14.6,18.1,1.8,12.6,32.8,46363.45
2020-06-18,24.3,15.8,19.2,7.1,13.9,44.3,38051.31
2020-06-19,24.3,14.5,19.8,0.4,14.3,36.0,50296.02
2020-06-20,21.4,14.7,18.0,1.7,15.8,37.4,45358.96
2020-06-21,18.8,13.1,15.8,2.6,17.6,44.3,18754.76
2020-06-22,19.0,14.0,16.4,31.5,17.1,38.9,1423.88
2020-06-23,18.3,16.2,17.0,45.5,24.2,54.4,0.0
2020-06-24,23.7,15.5,18.9,0.6,19.4,42.5,47062.64
2020-06-25,25.6,13.1,19.9,0.0,7.3,16.9,51050.16
2020-06-26,26.3,18.0,21.9,0.5,16.8,37.1,50083.09
2020-06-27,28.2,19.6,23.3,0.0,15.9,35.6,50918.97
2020-06-28,29.3,17.6,23.5,0.0,8.7,21.2,51035.36
2020-06-29,29.8,18.4,24.5,0.0,11.3,24.8,50753.89
2020-06-30,25.4,16.4,21.0,0.1,16.2,35.6,49798.55
2020-07-01,30.1,15.2,23.3,0.0,8.2,22.3,50997.64
2020-07-02,30.2,22.0,25.5,0.1,14.8,32.8,47038.32
2020-07-03,29.2,18.7,23.2,5.4,17.3,37.8,49248.18
2020-07-04,24.4,16.8,20.8,1.1,16.1,36.7,45849.74
2020-07-05,25.8,17.6,21.8,0.9,15.7,36.0,47019.17
2020-07-06,26.4,16.5,21.4,2.3,8.0,24.8,44600.58
2020-07-07,19.2,13.7,17.3,2.6,30.6,66.6,13525.87
2020-07-08,22.7,12.0,17.6,0.0,13.2,31.3,50452.05
2020-07-09,26.0,11.8,20.2,0.0,7.9,22.7,50538.79
2020-07-10,29.7,15.1,23.4,0.0,16.0,36.7,50269.89
2020-07-11,30.3,20.6,25.2,0.0,19.7,43.9,50121.07
2020-07-12,20.8,14.9,17.0,0.8,22.3,51.5,4642.51
2020-07-13,22.1,11.3,17.0,0.0,19.9,46.1,50156.41
2020-07-14,23.5,10.1,17.4,0.0,7.3,19.8,47876.68
2020-07-15,25.2,13.2,19.7,0.0,11.5,27.4,47426.62
2020-07-16,25.0,15.5,20.4,2.9,10.2,27.7,49046.25
2020-07-17,25.6,14.4,19.1,8.7,18.0,38.2,36151.59
2020-07-18,18.6,12.9,15.9,8.5,12.2,28.4,15856.43
2020-07-19,19.9,13.5,16.4,6.3,10.1,26.6,47719.75
2020-07-20,22.9,13.5,18.2,1.0,13.8,33.5,47364.61
2020-07-21,27.0,14.8,21.1,0.0,11.4,24.8,49300.45
2020-07-22,28.3,16.3,22.6,0.0,8.7,22.0,48760.98
2020-07-23,29.7,17.1,23.1,1.3,13.4,28.4,46392.23
2020-07-24,26.6,16.7,21.7,4.9,12.2,27.7,47887.77
2020-07-25,25.0,17.3,21.0,17.0,11.9,33.5,35363.99
2020-07-26,23.8,16.4,19.9,7.8,7.3,22.3,44218.48
2020-07-27,25.9,16.8,21.3,2.7,13.6,35.6,48567.9
2020-07-28,28.2,17.1,22.7,0.0,7.9,18.7,48801.66
2020-07-29,30.5,16.7,24.0,0.0,7.4,18.4,48389.21
2020-07-30,31.6,18.4,25.4,0.0,9.2,16.2,48103.81
2020-07-31,31.4,20.3,25.8,0.0,9.2,20.9,47312.98
2020-08-01,28.8,19.1,24.2,0.3,19.5,44.6,48067.16
2020-08-02,26.8,15.9,21.2,0.0,10.8,28.8,47923.53
2020-08-03,31.1,17.4,24.3,0.0,18.1,41.0,47427.55
2020-08-04,31.4,21.3,26.0,0.0,22.0,47.9,32400.0
2020-08-05,26.4,16.2,19.6,26.2,10.5,35.3,25373.78
2020-08-06,25.7,16.3,20.2,5.8,12.2,33.1,26646.81
2020-08-07,27.0,16.3,21.2,11.3,10.1,40.7,40682.98
2020-08-08,26.5,16.1,21.1,1.2,15.2,42.8,45984.26
2020-08-09,27.0,18.0,21.9,1.8,9.6,24.1,46637.68
2020-08-10,27.7,17.9,22.9,0.1,7.0,15.1,46579.43
2020-08-11,28.7,18.5,23.4,0.0,9.8,28.1,46525.71
2020-08-12,27.3,18.5,22.6,1.1,13.0,31.3,46446.64
2020-08-13,27.9,17.5,22.7,0.0,8.0,20.9,46413.78
2020-08-14,29.5,17.5,23.3,0.8,7.1,29.9,42718.3
2020-08-15,24.2,17.9,20.3,18.5,13.4,29.2,29735.21
2020-08-16,24.1,16.7,19.9,2.9,14.0,31.3,41717.0
2020-08-17,27.5,17.3,21.7,0.0,18.3,40.3,46022.96
2020-08-18,26.7,18.5,21.8,10.3,10.8,25.2,35260.72
2020-08-19,23.4,16.3,19.4,4.1,18.2,45.4,43533.2
2020-08-20,23.9,15.9,19.8,1.2,19.2,43.2,45895.51
2020-08-21,26.5,15.7,21.1,0.0,9.4,20.5,45867.9
2020-08-22,27.8,15.4,21.5,0.0,6.9,14.0,45792.02
2020-08-23,28.2,16.2,22.6,0.0,11.7,27.0,45631.69
2020-08-24,25.7,18.3,21.7,0.0,11.2,26.3,44485.57
2020-08-25,19.3,15.1,17.6,7.8,16.6,37.1,14547.7
2020-08-26,24.9,12.6,18.8,0.0,9.0,19.8,45141.27
2020-08-27,26.2,13.6,19.7,0.0,12.2,27.4,44304.62
2020-08-28,28.0,13.3,21.2,0.0,12.3,29.2,42649.71
2020-08-29,30.5,18.8,24.5,0.0,13.3,31.0,44639.22
2020-08-30,31.1,19.4,25.2,0.0,14.0,32.0,44469.82
2020-08-31,31.4,17.5,25.1,0.0,11.6,28.4,44237.5
2020-09-01,24.4,16.7,20.9,0.7,18.6,44.3,37338.38
2020-09-02,21.4,14.1,17.3,0.0,12.6,28.4,42636.16
2020-09-03,22.2,13.1,17.3,0.0,14.0,31.7,39547.93
2020-09-04,22.5,13.8,17.5,0.0,20.9,46.1,43208.95
2020-09-05,24.3,11.8,18.6,0.0,7.9,19.1,43082.41
2020-09-06,27.1,12.5,20.3,0.0,8.2,19.8,42836.53
2020-09-07,28.1,17.2,22.1,0.0,14.3,31.0,42199.89
2020-09-08,23.8,15.7,19.5,0.0,15.1,34.2,41704.77
2020-09-09,25.7,12.7,19.5,0.0,9.0,16.9,41864.95
2020-09-10,26.9,13.4,20.1,0.0,10.1,25.6,41590.12
2020-09-11,26.8,12.7,20.0,0.0,8.9,21.6,40988.62
2020-09-12,27.7,15.3,21.5,0.0,14.2,33.5,40762.05
2020-09-13,28.1,14.0,21.0,0.0,11.9,28.8,40428.12
2020-09-14,27.7,14.7,21.3,0.0,7.9,20.5,40130.39
2020-09-15,27.0,15.0,21.0,0.0,13.0,31.0,40039.11
2020-09-16,27.4,16.7,21.4,0.0,17.6,40.0,39869.59
2020-09-17,27.9,17.7,22.3,0.0,11.6,27.4,39600.0
2020-09-18,21.8,14.7,18.5,0.0,18.2,41.8,38194.1
2020-09-19,22.0,12.4,16.6,0.0,10.0,22.7,39600.0
2020-09-20,23.4,12.6,17.3,0.0,16.7,37.8,39600.0
2020-09-21,23.8,13.3,17.6,0.0,19.1,42.5,39639.73
2020-09-22,25.9,15.3,19.9,0.0,20.4,45.0,39600.0
2020-09-23,25.5,16.2,19.5,1.6,16.1,34.9,38174.18
2020-09-24,24.5,13.7,19.0,0.0,9.4,19.8,39600.0
2020-09-25,25.2,15.1,19.7,0.3,20.8,51.1,32350.33
2020-09-26,21.7,11.2,16.9,5.1,21.2,50.4,33198.81
2020-09-27,17.8,7.6,13.1,0.3,16.6,39.6,26468.31
2020-09-28,22.7,13.6,16.8,2.7,27.2,61.6,36685.66
2020-09-29,16.6,10.2,13.0,5.5,14.0,35.3,22283.39
2020-09-30,15.9,9.2,12.5,1.2,24.0,51.8,17424.47
2020-10-01,15.5,11.4,12.9,4.9,15.5,36.4,7244.11
2020-10-02,21.8,9.3,15.6,0.0,17.2,39.6,38601.65
2020-10-03,25.7,15.3,19.7,0.0,24.6,54.4,37660.79
2020-10-04,25.3,18.1,20.9,3.4,32.9,80.3,20029.23
2020-10-05,26.4,16.3,20.3,0.0,21.8,49.0,10307.73
2020-10-06,22.0,13.5,17.4,20.6,15.6,36.7,23118.78
2020-10-07,20.8,11.1,15.2,9.5,16.6,36.7,21403.78
2020-10-08,13.5,10.5,11.9,13.4,27.2,60.8,0.0
2020-10-09,16.9,9.0,12.1,0.0,19.1,43.2,28080.14
2020-10-10,17.7,6.8,11.6,0.0,7.9,17.3,31663.63
2020-10-11,19.0,8.2,13.0,0.0,9.5,23.8,36919.41
2020-10-12,19.6,7.0,12.2,13.0,20.4,55.8,18906.62
2020-10-13,11.4,5.9,7.7,18.0,20.8,45.0,13174.86
2020-10-14,16.6,4.4,10.7,0.1,11.0,27.0,34911.51
2020-10-15,18.5,9.9,14.5,1.6,20.0,45.0,7987.37
2020-10-16,16.9,9.2,13.2,2.4,16.6,37.4,34754.2
2020-10-17,12.2,5.2,8.9,0.4,17.2,38.2,23193.4
2020-10-18,12.8,2.9,7.3,0.0,10.6,24.5,34781.46
2020-10-19,12.2,1.7,6.8,0.0,8.8,18.7,34948.97
2020-10-20,13.9,0.6,7.3,0.0,11.1,25.6,34769.53
2020-10-21,17.0,6.0,10.6,0.0,19.0,42.8,34275.01
2020-10-22,19.9,5.4,11.3,0.0,8.7,21.2,34439.46
2020-10-23,20.3,5.0,11.6,0.0,8.0,17.6,34236.45
2020-10-24,18.0,8.3,12.4,0.6,7.6,16.2,18158.96
2020-10-25,15.5,8.3,12.0,5.3,7.1,17.3,28281.51
2020-10-26,18.2,8.4,12.8,0.0,10.4,24.1,33273.18
2020-10-27,17.9,7.5,12.2,0.0,13.2,29.2,33595.78
2020-10-28,17.1,10.5,12.6,0.0,12.9,29.5,31922.64
2020-10-29,14.3,8.8,10.7,0.0,7.1,17.3,28603.02
2020-10-30,12.9,6.4,9.6,0.7,20.0,43.9,31700.86
2020-10-31,14.0,6.3,11.3,1.5,20.1,46.4,0.0
2020-11-01,12.5,4.8,8.3,0.0,8.2,19.1,32118.95
2020-11-02,15.6,5.5,10.8,0.2,8.3,16.9,10382.38
2020-11-03,17.5,10.5,13.8,0.0,11.1,25.2,19526.91
2020-11-04,15.0,9.5,12.0,0.0,10.4,21.2,0.0
2020-11-05,12.0,10.1,10.9,2.7,11.8,25.2,0.0
2020-11-06,10.0,4.7,8.1,1.2,11.7,24.8,8357.27
2020-11-07,10.5,3.0,6.5,0.0,7.2,17.3,31619.14
2020-11-08,13.7,4.3,8.0,0.0,14.4,32.4,31543.18
2020-11-09,8.2,1.9,4.7,0.0,6.8,14.8,8654.3
2020-11-10,7.6,3.0,5.2,0.0,7.2,18.4,17337.03
2020-11-11,9.6,4.1,5.9,0.0,14.0,31.3,31326.3
2020-11-12,11.9,4.7,7.1,0.0,13.9,31.0,31256.94
2020-11-13,10.7,3.8,7.0,1.5,5.7,15.5,19931.77
2020-11-14,10.6,2.7,6.2,0.0,6.8,16.9,31040.97
2020-11-15,11.8,1.8,5.9,0.0,8.2,14.8,30890.41
2020-11-16,14.8,4.0,8.5,0.0,11.4,24.8,30741.73
2020-11-17,8.7,6.5,7.5,1.1,12.4,26.6,0.0
2020-11-18,9.1,5.4,7.3,0.5,9.7,22.7,971.63
2020-11-19,9.9,4.1,6.7,0.0,19.9,43.6,29226.74
2020-11-20,6.4,2.8,4.8,0.2,16.6,36.7,1726.22
2020-11-21,5.1,0.3,1.6,3.4,19.3,41.4,0.0
2020-11-22,5.3,-1.5,1.6,0.0,11.2,26.6,21179.82
2020-11-23,9.2,-2.4,2.1,0.0,8.4,16.9,28823.11
2020-11-24,5.4,0.9,2.6,0.0,10.0,23.8,5094.26
2020-11-25,7.7,-2.1,1.9,0.0,11.5,27.4,29523.99
2020-11-26,6.3,-4.2,-0.4,0.0,7.2,15.8,29406.29
2020-11-27,1.2,-3.4,-2.0,0.0,6.2,15.5,21677.21
2020-11-28,3.8,-3.7,-1.1,0.0,5.5,13.7,27026.7
2020-11-29,0.6,-1.4,-0.5,0.4,9.1,19.4,0.0
2020-11-30,2.3,-3.6,-0.4,0.0,10.5,24.1,15991.83
2020-12-01,3.3,-4.6,-1.7,0.0,18.0,39.6,28883.58
2020-12-02,2.9,-2.6,-0.7,0.0,24.2,52.9,25371.59
2020-12-03,5.9,-0.8,1.7,0.2,28.6,62.6,18619.29
2020-12-04,6.4,1.5,3.0,0.1,28.7,63.7,15267.35
2020-12-05,12.6,3.0,6.8,0.0,26.2,58.0,28000.37
2020-12-06,10.2,5.7,7.3,0.0,24.7,57.2,24309.86
2020-12-07,6.0,1.6,4.1,4.8,24.7,57.2,0.0
2020-12-08,5.5,0.0,2.0,0.1,25.0,54.4,28139.85
2020-12-09,5.5,0.0,1.5,3.5,26.3,58.7,4994.7
2020-12-10,9.0,0.9,4.3,0.0,24.2,57.6,25656.36
2020-12-11,6.2,-0.5,2.2,0.0,9.0,20.5,10650.92
2020-12-12,6.6,-0.9,3.2,0.0,10.9,25.9,22053.77
2020-12-13,3.6,1.2,2.7,0.0,11.5,25.6,0.0
2020-12-14,3.5,1.9,2.8,0.0,13.3,29.5,0.0
2020-12-15,4.8,0.2,1.9,0.0,10.2,24.1,26764.13
2020-12-16,8.0,1.4,3.8,0.0,14.5,34.6,25752.52
2020-12-17,8.3,-1.5,2.1,0.0,9.4,14.4,27537.76
2020-12-18,3.7,-1.3,1.5,0.0,4.9,11.9,12961.54
2020-12-19,6.8,-1.0,2.2,0.0,6.7,18.4,23601.87
2020-12-20,6.9,-2.2,1.4,0.0,14.4,30.6,19884.42
2020-12-21,5.1,1.7,3.0,0.0,17.1,37.1,17109.46
2020-12-22,9.1,2.1,5.1,0.0,13.3,27.7,25423.27
2020-12-23,12.8,4.4,7.4,0.1,7.4,16.9,27152.77
2020-12-24,13.1,3.6,7.4,0.0,9.5,22.7,26784.03
2020-12-25,11.5,4.7,7.7,5.0,15.8,33.1,17835.38
2020-12-26,4.6,0.2,2.0,16.9,18.4,39.2,0.0
2020-12-27,2.6,-0.6,0.9,9.0,23.4,52.6,2424.81
2020-12-28,10.7,1.7,6.7,0.0,29.9,67.7,18000.0
2020-12-29,11.5,7.2,8.7,0.7,29.0,68.8,17447.74
2020-12-30,14.3,8.1,9.8,1.7,22.4,51.8,21983.71
2020-12-31,11.6,2.7,7.7,5.5,16.0,37.4,27211.08
2021-01-01,8.9,0.9,4.0,0.0,9.0,21.6,27733.77
2021-01-02,10.6,1.7,5.1,0.0,21.2,46.8,27961.14
2021-01-03,11.8,4.3,6.8,0.4,21.8,49.3,27210.68
2021-01-04,7.0,5.6,6.3,4.9,18.3,40.3,0.0
2021-01-05,9.5,3.2,5.8,2.9,13.8,32.8,27511.1
2021-01-06,12.2,3.3,6.8,2.1,23.6,52.6,20330.08
2021-01-07,8.1,3.0,5.0,8.1,12.1,27.0,21999.21
2021-01-08,3.9,0.1,1.8,15.2,10.3,22.3,0.0
2021-01-09,0.8,-0.9,-0.2,1.5,10.1,22.0,5524.47
2021-01-10,1.6,-1.2,-0.5,14.7,7.1,24.1,0.0
2021-01-11,0.3,-1.6,-0.9,11.0,9.4,22.3,0.0
2021-01-12,-1.7,-2.8,-2.3,1.8,9.9,20.5,0.0
2021-01-13,0.7,-5.5,-2.3,0.1,15.2,35.6,20331.29
2021-01-14,-0.9,-7.9,-3.6,2.1,18.1,40.3,17.98
2021-01-15,-0.2,-5.6,-2.6,0.3,18.2,40.7,16810.01
2021-01-16,-3.7,-10.3,-6.1,0.6,14.5,33.8,26334.35
2021-01-17,-3.0,-11.8,-7.0,1.7,8.4,21.6,11030.8
2021-01-18,-3.9,-11.0,-7.4,0.0,14.7,31.0,17463.47
2021-01-19,0.9,-7.8,-3.7,0.0,12.0,25.6,24967.03
2021-01-20,3.7,-6.6,-1.1,0.0,14.4,28.8,19732.76
2021-01-21,5.6,-0.5,1.9,0.0,14.4,31.7,28471.76
2021-01-22,10.3,1.8,5.3,0.2,21.3,46.4,10945.56
2021-01-23,12.7,5.9,8.8,1.1,27.9,60.8,13671.11
2021-01-24,12.7,4.0,7.9,0.7,28.5,68.0,25589.6
2021-01-25,8.5,0.3,3.7,6.4,27.4,66.6,25187.47
2021-01-26,2.3,-0.4,0.4,4.4,21.4,47.2,18873.05
2021-01-27,0.4,-2.4,-1.0,2.1,25.0,53.6,19611.11
2021-01-28,3.4,-3.4,-0.4,0.5,19.0,41.8,29252.77
2021-01-29,10.7,0.6,5.0,3.1,12.1,30.6,24214.38
2021-01-30,10.9,3.7,6.3,10.7,13.0,35.3,29472.76
2021-01-31,9.3,3.4,6.5,4.9,18.1,41.0,0.0
2021-02-01,6.1,0.1,2.9,3.2,14.4,37.8,25650.55
2021-02-02,9.3,0.0,3.5,0.0,8.9,19.4,27803.04
2021-02-03,13.8,1.2,6.7,0.0,11.5,25.9,29204.96
2021-02-04,14.3,4.1,8.6,0.0,16.9,37.8,30994.6
2021-02-05,15.8,3.2,8.6,0.0,7.2,16.2,29466.27
2021-02-06,16.3,2.9,8.6,0.0,8.4,20.9,31759.33
2021-02-07,14.3,5.5,8.9,0.0,22.8,49.7,4845.17
2021-02-08,12.6,6.2,8.8,2.8,24.7,55.8,3600.0
2021-02-09,12.7,3.6,8.3,0.5,22.5,52.2,13605.66
2021-02-10,13.3,5.6,9.2,1.0,17.1,41.4,20058.54
2021-02-11,9.2,-4.9,2.7,10.3,26.8,58.3,0.0
2021-02-12,-3.6,-7.4,-5.3,0.0,24.4,56.2,24446.11
2021-02-13,-5.2,-9.1,-7.3,0.0,16.1,36.0,13961.51
2021-02-14,-1.7,-8.3,-5.6,0.1,17.7,40.7,23075.89
2021-02-15,1.0,-5.8,-3.2,0.0,19.0,42.5,34300.39
2021-02-16,2.7,-6.9,-2.7,0.0,11.0,26.3,34478.97
2021-02-17,10.3,-3.3,1.9,1.1,15.6,37.8,27839.36
2021-02-18,9.6,1.3,4.9,1.2,21.4,46.4,32928.98
2021-02-19,9.7,-1.5,3.6,0.0,13.3,30.2,32203.46
2021-02-20,7.4,2.8,4.8,5.1,9.1,31.3,0.0
2021-02-21,10.1,0.3,4.3,0.0,16.3,37.1,35070.01
2021-02-22,15.2,0.2,6.6,0.0,10.9,20.9,35156.11
2021-02-23,16.1,2.2,7.6,0.0,14.1,32.4,35283.42
2021-02-24,13.5,1.9,7.2,0.0,9.8,25.2,35365.87
2021-02-25,15.7,2.6,8.1,0.0,9.7,14.8,35511.3
2021-02-26,18.1,2.2,9.8,0.0,7.6,13.7,35742.22
2021-02-27,13.4,3.2,7.6,0.0,24.4,52.6,35917.37
2021-02-28,9.3,-0.1,4.3,0.0,16.9,38.2,36102.06
2021-03-01,9.1,-1.5,3.6,0.0,18.7,42.8,36295.5
2021-03-02,10.0,-2.0,3.5,0.0,14.3,31.7,36596.89
2021-03-03,12.7,-1.3,5.2,0.0,9.0,21.6,36811.31
2021-03-04,15.9,-0.2,7.0,0.0,12.3,23.8,37254.55
2021-03-05,15.2,3.4,8.4,0.1,13.4,31.3,37428.54
2021-03-06,6.3,-3.0,2.2,5.7,20.6,45.7,36000.0
2021-03-07,6.5,-5.7,-0.4,0.0,10.2,26.3,37781.96
2021-03-08,9.9,-4.0,2.0,0.0,11.7,29.2,37888.17
2021-03-09,5.5,-3.5,0.7,2.3,8.8,22.3,14245.08
2021-03-10,0.9,-5.0,-0.6,13.4,13.3,29.9,3774.47
2021-03-11,5.8,-8.5,-0.8,0.0,18.1,39.2,38207.92
2021-03-12,10.4,-0.3,4.7,0.0,16.5,37.4,17187.51
2021-03-13,10.9,3.6,6.8,2.8,13.9,32.8,22275.58
2021-03-14,16.0,3.0,9.0,0.1,15.0,42.5,31482.97
2021-03-15,6.6,1.0,3.0,22.4,21.3,47.5,0.0
2021-03-16,7.0,1.6,4.1,2.7,33.9,72.7,7856.67
2021-03-17,5.1,1.0,2.9,5.0,32.7,70.9,20745.02
2021-03-18,4.7,-1.4,1.8,1.8,22.4,49.0,29384.89
2021-03-19,5.4,-3.3,0.6,1.0,8.6,23.4,39090.67
2021-03-20,6.4,-3.2,1.5,0.0,11.7,27.4,23951.25
2021-03-21,5.2,-0.0,2.2,2.1,12.2,25.2,2965.1
2021-03-22,4.8,-0.3,0.8,8.3,18.9,41.4,6859.54
2021-03-23,6.4,-2.0,2.2,0.1,21.9,48.2,35156.87
2021-03-24,4.7,-0.7,2.3,3.9,22.2,55.1,26924.0
2021-03-25,8.3,-4.1,1.9,0.0,17.3,38.5,39851.6
2021-03-26,11.0,-2.1,4.0,0.0,9.9,19.8,40921.41
2021-03-27,16.5,-1.5,7.3,0.0,10.8,23.8,39837.85
2021-03-28,12.6,3.9,8.2,1.3,15.7,36.4,31932.15
2021-03-29,13.8,2.6,8.1,0.0,12.6,27.4,39949.6
2021-03-30,15.7,4.8,9.2,0.0,15.1,32.8,37292.96
2021-03-31,16.3,4.1,9.9,0.0,9.3,18.4,41416.17
2021-04-01,18.1,5.0,11.3,0.0,9.4,18.7,41181.75
2021-04-02,16.8,7.1,11.7,3.1,13.5,40.0,35048.34
2021-04-03,10.2,4.3,7.2,8.7,18.9,40.7,1973.16
2021-04-04,7.1,1.2,4.0,1.8,15.5,37.4,30282.72
2021-04-05,11.0,1.7,5.8,0.1,15.7,35.3,41979.42
2021-04-06,11.7,0.4,4.9,0.1,22.9,50.4,36696.25
2021-04-07,4.4,-1.1,1.1,6.5,17.6,38.9,27175.46
2021-04-08,7.2,-2.2,2.2,0.6,18.8,45.4,43152.11
2021-04-09,10.4,-2.7,4.4,0.0,12.7,28.1,43487.66
2021-04-10,15.5,1.3,8.4,0.0,13.5,29.9,40338.0
2021-04-11,18.3,3.8,10.7,0.0,16.4,37.8,44069.41
2021-04-12,21.4,7.4,14.1,0.0,15.5,36.7,43896.98
2021-04-13,14.5,3.8,10.4,5.3,17.1,37.1,19278.04
2021-04-14,6.0,1.8,3.8,3.5,22.2,48.2,3463.3
2021-04-15,7.6,0.6,4.2,0.0,19.7,43.6,37718.59
2021-04-16,8.9,-1.0,4.0,0.0,18.4,41.8,40956.3
2021-04-17,7.8,-1.1,3.1,4.1,8.4,20.2,11061.1
2021-04-18,8.5,1.7,4.5,5.0,10.2,33.1,8175.97
2021-04-19,10.9,1.2,6.4,0.1,9.2,22.3,15249.01
2021-04-20,12.0,3.8,8.2,0.8,8.6,30.2,44049.47
2021-04-21,14.0,5.3,9.1,0.3,11.9,30.6,45766.27
2021-04-22,17.2,4.4,11.1,0.0,10.2,25.6,36549.62
2021-04-23,14.2,5.6,10.4,0.0,18.1,40.7,43524.43
2021-04-24,15.0,2.2,8.5,0.0,9.8,26.3,46392.46
2021-04-25,17.1,3.0,10.3,0.0,8.1,15.8,46482.07
2021-04-26,15.6,4.6,10.2,0.0,11.8,27.0,37160.1
2021-04-27,14.6,6.8,9.8,0.9,15.2,34.2,23321.18
2021-04-28,17.0,6.4,10.8,5.8,20.2,45.4,42729.42
2021-04-29,21.6,7.1,14.0,0.0,15.6,36.4,46800.0
2021-04-30,25.0,11.4,17.9,0.0,9.7,32.0,44146.1
2021-05-01,25.5,12.6,18.9,0.0,18.7,46.4,20777.23
2021-05-02,26.7,16.8,21.2,0.1,20.0,52.6,46800.0
2021-05-03,16.0,9.8,12.7,0.7,15.6,34.9,35197.98
2021-05-04,19.6,7.0,13.5,0.0,8.7,22.3,46800.0
2021-05-05,22.2,11.9,16.9,0.0,15.2,35.3,40261.62
2021-05-06,17.9,8.0,13.0,0.0,19.7,42.8,39600.0
2021-05-07,24.7,10.0,17.3,0.0,18.1,50.0,46800.0
2021-05-08,15.1,7.0,10.9,1.8,23.9,50.8,42447.55
2021-05-09,20.2,4.0,12.7,0.0,16.6,36.4,46985.95
2021-05-10,24.7,12.1,17.8,0.0,20.3,44.6,46889.54
2021-05-11,25.5,14.5,19.6,0.0,18.2,40.7,46884.19
2021-05-12,23.2,11.0,17.1,1.0,22.9,55.4,29677.65
2021-05-13,19.1,9.3,13.7,1.9,11.8,33.8,31941.85
2021-05-14,20.4,9.4,15.1,0.2,13.4,34.6,46864.77
2021-05-15,21.2,8.5,15.1,0.0,14.9,35.3,47196.22
2021-05-16,19.1,10.6,14.7,0.8,12.3,33.1,27711.4
2021-05-17,19.4,11.2,15.0,9.1,17.4,46.1,27131.07
2021-05-18,18.8,8.9,13.8,0.6,25.8,64.8,47608.02
2021-05-19,19.9,8.8,13.9,3.1,11.5,31.3,37963.7
2021-05-20,13.6,9.4,11.2,9.4,28.3,60.1,39600.0
2021-05-21,18.6,8.5,13.4,1.4,21.4,49.7,48149.1
2021-05-22,23.3,9.6,17.0,0.0,13.2,30.2,44330.28
2021-05-23,26.3,10.3,19.4,0.0,18.6,43.2,48391.79
2021-05-24,21.8,11.4,16.9,0.0,18.1,40.3,44510.32
2021-05-25,27.0,16.9,21.7,1.1,24.3,54.7,47322.56
2021-05-26,19.4,10.7,14.8,0.9,23.6,52.6,43192.39
2021-05-27,22.5,10.4,16.4,0.3,11.2,25.6,44819.77
2021-05-28,17.1,12.4,14.2,2.3,21.4,46.8,23458.23
2021-05-29,20.4,11.5,15.7,0.0,19.5,43.2,45280.22
2021-05-30,15.6,10.1,12.8,0.1,16.5,36.7,26925.63
2021-05-31,15.5,8.5,11.7,8.3,21.1,47.5,44558.42
2021-06-01,16.5,8.7,12.1,2.2,19.6,53.6,36209.75
2021-06-02,19.6,7.9,14.3,0.0,16.3,36.0,47471.21
2021-06-03,20.6,9.6,15.1,0.0,19.2,42.5,49154.84
2021-06-04,22.0,10.4,16.6,0.0,9.9,25.6,49380.12
2021-06-05,23.9,10.1,18.4,0.0,7.7,14.8,50873.41
2021-06-06,25.5,12.5,18.8,1.9,14.4,35.3,47127.88
2021-06-07,23.7,13.1,18.9,0.1,14.5,30.6,48284.59
2021-06-08,25.5,13.0,19.6,0.0,14.1,31.7,50150.3
2021-06-09,25.8,12.6,19.9,0.0,11.3,30.2,49828.6
2021-06-10,25.5,14.3,20.2,0.0,22.1,48.2,47802.09
2021-06-11,23.6,13.6,18.3,1.8,14.0,40.3,46605.49
2021-06-12,24.1,11.9,18.9,0.1,12.5,30.2,49727.11
2021-06-13,22.2,14.4,17.8,4.7,27.9,61.2,23418.47
2021-06-14,17.7,11.7,13.9,7.8,24.4,57.2,43730.07
2021-06-15,20.3,9.2,15.6,0.0,20.7,45.4,40622.53
2021-06-16,24.5,15.0,19.8,0.2,16.4,37.8,50314.45
2021-06-17,26.3,14.8,21.0,0.1,7.9,23.4,49715.42
2021-06-18,26.6,15.2,21.4,0.0,10.4,28.8,43664.85
2021-06-19,28.1,17.4,22.3,3.3,19.2,46.4,50789.89
2021-06-20,27.0,16.5,22.1,0.0,14.4,36.0,50875.94
2021-06-21,29.4,16.3,23.5,0.0,10.0,22.3,49681.93
2021-06-22,31.7,19.5,25.9,0.0,16.1,33.8,48778.7
2021-06-23,34.6,20.5,28.0,0.0,9.0,25.2,51186.27
2021-06-24,36.1,20.9,28.2,0.0,9.8,27.4,48407.24
2021-06-25,35.2,21.3,27.8,0.1,10.4,29.9,48388.1
2021-06-26,26.4,19.0,23.0,2.3,10.5,34.9,50644.08
2021-06-27,28.5,17.8,23.7,0.1,9.4,24.8,50906.5
2021-06-28,31.0,16.8,24.6,0.0,7.7,18.7,51175.63
2021-06-29,33.9,20.0,27.4,0.0,9.7,23.8,51029.8
2021-06-30,35.6,21.8,29.1,0.0,14.0,33.1,50883.82
2021-07-01,27.9,19.4,24.5,1.6,15.3,37.1,50604.73
2021-07-02,24.2,16.2,20.3,0.5,17.1,39.2,49933.69
2021-07-03,23.4,15.6,19.4,0.6,20.2,43.9,46745.33
2021-07-04,27.2,16.8,22.1,0.0,14.8,34.9,50112.2
2021-07-05,27.9,17.1,22.6,0.0,15.1,33.5,46458.8
2021-07-06,29.5,18.2,24.3,0.2,12.4,30.2,50390.28
2021-07-07,32.1,18.3,25.8,0.0,8.3,16.6,50612.48
2021-07-08,33.0,18.7,26.9,0.0,15.5,34.2,50581.67
2021-07-09,32.9,22.9,27.5,0.0,21.6,47.5,47496.31
2021-07-10,30.2,20.3,25.5,0.0,11.5,29.2,48162.53
2021-07-11,31.4,17.5,25.4,0.0,16.8,38.9,47438.13
2021-07-12,31.2,19.3,25.8,0.0,7.6,22.7,49942.89
2021-07-13,34.4,20.0,28.2,0.0,13.2,31.0,50054.13
2021-07-14,35.4,24.7,30.0,0.0,21.7,47.9,50013.46
2021-07-15,31.2,20.5,26.4,4.2,15.6,32.8,49865.82
2021-07-16,27.9,18.1,21.8,21.4,13.7,39.6,32400.0
2021-07-17,23.4,16.2,20.0,9.2,11.2,36.7,37926.13
2021-07-18,26.3,17.1,21.1,8.8,14.9,44.3,38392.87
2021-07-19,23.6,17.9,20.5,12.1,11.4,42.5,31628.69
2021-07-20,22.9,17.7,20.2,8.5,19.7,42.8,45457.49
2021-07-21,23.1,15.9,19.5,0.0,22.0,48.6,49397.19
2021-07-22,24.7,14.8,19.8,0.0,12.7,30.2,49182.81
2021-07-23,25.1,14.8,20.3,0.1,8.8,22.0,48792.8
2021-07-24,26.2,16.3,21.0,0.0,9.4,20.2,49052.02
2021-07-25,29.1,17.5,23.2,0.0,18.2,40.0,48067.45
2021-07-26,30.8,21.0,25.4,0.0,20.8,45.4,46875.29
2021-07-27,32.8,20.2,26.6,0.0,9.5,23.4,48715.06
2021-07-28,34.6,21.6,27.3,0.0,11.4,25.9,48415.35
2021-07-29,32.0,20.9,26.4,0.0,12.1,23.8,48395.52
2021-07-30,31.6,19.9,25.7,0.0,9.5,22.0,48108.58
2021-07-31,32.6,20.0,26.6,0.0,11.1,28.1,47831.74
2021-08-01,33.9,18.2,26.8,0.0,14.3,49.0,47818.79
2021-08-02,26.7,19.4,23.5,0.0,16.3,37.4,47681.07
2021-08-03,27.4,17.3,22.6,0.0,7.0,18.0,46234.27
2021-08-04,30.1,18.6,24.0,0.0,8.9,22.7,47537.82
2021-08-05,29.0,19.3,23.6,0.0,17.6,40.7,21132.36
2021-08-06,25.3,16.1,20.5,0.4,15.5,34.9,47294.74
2021-08-07,27.9,15.2,21.7,0.0,8.8,18.7,47368.05
2021-08-08,32.6,18.5,25.7,0.0,12.0,28.4,47091.9
2021-08-09,32.5,20.3,26.7,0.0,9.7,27.7,46832.14
2021-08-10,30.8,20.4,25.4,0.0,10.0,24.1,46679.97
2021-08-11,31.1,20.2,25.6,0.0,14.6,40.0,46621.22
2021-08-12,29.4,18.9,23.8,0.0,16.3,36.0,46560.95
2021-08-13,28.8,17.1,23.4,0.0,15.2,35.6,46425.61
2021-08-14,30.3,16.8,24.5,0.0,9.7,24.5,46332.48
2021-08-15,32.1,18.2,25.8,0.0,8.0,21.2,46268.93
2021-08-16,34.2,20.8,27.6,0.0,12.6,29.2,46205.5
2021-08-17,27.8,18.0,24.1,0.0,22.4,49.0,46141.93
2021-08-18,22.1,14.7,18.0,0.0,15.6,35.6,36118.62
2021-08-19,23.7,11.7,17.9,0.0,9.1,24.5,46013.99
2021-08-20,26.0,12.2,19.4,0.0,9.0,21.6,45949.68
2021-08-21,27.3,15.1,21.0,0.0,15.2,33.5,45885.16
2021-08-22,28.0,15.1,22.3,0.0,9.9,19.4,45820.45
2021-08-23,31.3,15.2,23.4,0.0,14.3,33.1,45669.14
2021-08-24,22.4,16.7,19.4,0.0,14.2,32.4,39811.43
2021-08-25,17.5,15.2,16.2,9.4,15.3,33.8,6767.98
2021-08-26,22.1,12.5,17.2,0.1,7.4,20.2,41228.87
2021-08-27,22.4,13.1,16.5,2.2,15.8,34.9,31094.67
2021-08-28,19.3,11.5,15.1,0.3,12.3,32.4,34618.34
2021-08-29,16.9,11.5,13.6,10.3,12.3,29.2,19338.93
2021-08-30,21.2,8.7,15.3,0.0,11.4,28.1,44505.16
2021-08-31,22.4,9.8,16.2,0.1,12.0,32.0,44336.25
2021-09-01,20.6,13.0,16.4,0.4,23.0,50.8,42803.64
2021-09-02,20.2,12.1,16.2,0.1,16.6,37.4,40797.45
2021-09-03,21.8,10.2,16.3,0.0,7.9,19.8,43620.35
2021-09-04,22.9,9.5,16.3,0.0,8.8,19.4,43368.39
2021-09-05,24.1,10.2,17.2,0.0,8.4,19.8,42877.53
2021-09-06,22.9,12.1,17.3,0.0,12.7,30.6,42283.36
2021-09-07,22.8,10.5,16.7,0.0,16.8,38.9,42634.45
2021-09-08,22.3,10.5,16.0,0.0,15.3,36.0,41411.43
2021-09-09,22.0,11.7,16.8,0.0,16.7,38.5,40330.46
2021-09-10,24.8,13.3,18.5,0.0,11.2,28.4,41180.46
2021-09-11,25.7,11.8,18.9,0.0,8.1,19.1,41552.72
2021-09-12,25.8,10.6,18.2,0.0,8.3,21.6,40964.72
2021-09-13,26.0,12.2,18.7,0.0,9.8,24.8,40731.07
2021-09-14,26.7,13.3,19.7,0.0,8.6,20.9,39955.27
2021-09-15,27.8,13.8,20.7,0.0,7.8,16.9,40126.28
2021-09-16,27.5,14.2,20.9,0.0,20.4,44.6,39106.69
2021-09-17,28.2,17.2,22.5,6.4,13.6,33.5,38492.2
2021-09-18,20.0,13.3,16.0,4.1,17.0,38.2,27556.03
2021-09-19,22.5,12.8,17.2,0.0,6.8,15.5,39600.0
2021-09-20,19.8,11.9,15.5,1.0,24.0,50.8,30964.17
2021-09-21,14.8,8.5,12.2,0.1,11.5,26.6,18598.8
2021-09-22,11.8,9.1,10.4,2.0,16.4,37.4,0.0
2021-09-23,14.2,7.1,10.3,0.4,14.8,36.0,34712.14
2021-09-24,22.0,5.6,13.4,0.0,12.9,31.3,39600.0
2021-09-25,23.3,10.1,16.6,0.0,9.2,19.4,39584.73
2021-09-26,26.7,11.6,18.2,0.0,7.7,21.2,39474.75
2021-09-27,26.8,15.2,20.4,0.0,9.7,21.2,39364.12
2021-09-28,20.9,15.2,17.2,3.9,11.9,28.8,26570.7
2021-09-29,18.9,12.2,15.2,0.2,17.6,40.3,36475.78
2021-09-30,17.1,11.7,13.8,1.5,17.6,38.9,26357.09
2021-10-01,17.2,9.1,12.8,0.8,14.7,33.1,33013.46
2021-10-02,17.3,7.9,11.9,0.0,20.4,45.0,38643.82
2021-10-03,20.3,9.6,13.9,0.0,18.0,40.0,38458.29
2021-10-04,22.4,10.9,15.4,0.0,16.5,36.7,38272.51
2021-10-05,20.8,12.0,15.2,0.0,24.0,51.5,38086.6
2021-10-06,15.7,10.5,12.7,1.3,24.0,52.9,10106.13
2021-10-07,12.7,10.1,11.4,2.6,23.1,52.2,616.18
2021-10-08,11.4,6.9,9.1,7.7,17.3,41.4,5414.62
2021-10-09,8.0,5.3,6.7,4.7,5.0,14.0,0.0
2021-10-10,8.5,6.7,7.4,5.2,15.1,35.3,259.56
2021-10-11,8.5,7.0,7.8,7.4,14.1,35.3,0.0
2021-10-12,9.5,5.6,7.8,4.7,15.5,32.8,0.0
2021-10-13,11.4,4.1,7.3,0.7,14.3,30.6,34651.57
2021-10-14,8.3,2.0,6.1,0.3,13.2,29.2,14478.65
2021-10-15,8.0,5.2,6.6,3.5,13.4,27.4,0.0
2021-10-16,9.8,6.4,7.8,4.7,17.4,35.3,0.0
2021-10-17,14.2,5.6,9.5,0.0,7.9,19.1,33776.92
2021-10-18,14.9,3.8,8.8,0.0,13.5,29.2,30377.02
2021-10-19,13.8,3.2,8.5,0.0,8.4,15.8,32761.64
2021-10-20,17.1,4.6,10.3,0.0,14.2,30.2,34715.99
2021-10-21,19.9,7.1,12.8,0.0,13.5,30.6,34479.7
2021-10-22,19.7,8.9,13.6,1.0,12.3,24.5,32400.0
2021-10-23,12.2,8.3,10.1,4.6,16.8,35.3,0.0
2021-10-24,11.2,3.7,7.6,0.0,11.5,26.6,34126.12
2021-10-25,12.5,0.9,6.5,0.0,20.8,43.9,34027.39
2021-10-26,12.3,2.6,6.9,0.0,20.4,43.9,33867.77
2021-10-27,11.6,-0.2,5.3,0.0,8.3,20.9,33602.16
2021-10-28,13.3,-0.6,6.1,0.0,10.1,24.1,33240.78
2021-10-29,15.0,6.1,9.2,0.0,20.9,45.0,33324.18
2021-10-30,14.4,6.8,9.5,0.0,22.1,47.5,33009.13
2021-10-31,14.0,6.3,9.2,0.0,19.2,40.7,32515.01
2021-11-01,15.6,5.5,9.4,0.0,17.7,37.4,32692.86
2021-11-02,13.7,7.7,9.7,11.8,25.3,53.6,13063.53
2021-11-03,17.1,7.5,12.1,0.4,23.0,48.6,24464.35
2021-11-04,22.4,14.3,17.4,0.0,27.4,58.7,28200.61
2021-11-05,18.9,9.2,13.2,2.0,16.9,33.8,21227.6
2021-11-06,8.7,6.6,7.5,7.0,13.5,29.9,1526.03
2021-11-07,14.3,5.2,9.3,1.4,10.0,25.2,28046.25
2021-11-08,8.4,6.0,7.0,6.2,13.6,28.8,0.0
2021-11-09,8.1,1.6,5.6,1.5,15.1,31.0,1596.94
2021-11-10,9.0,1.2,4.8,0.0,25.3,54.0,31418.37
2021-11-11,10.7,3.3,5.9,0.0,21.5,45.7,31345.3
2021-11-12,10.0,-0.5,4.5,0.0,10.9,25.9,29572.52
2021-11-13,12.9,-0.0,5.8,0.0,10.7,23.0,31204.07
2021-11-14,11.8,4.2,6.7,0.0,17.1,36.4,29341.95
2021-11-15,9.8,2.6,6.1,0.0,18.8,41.4,26779.09
2021-11-16,7.5,4.2,5.7,0.0,24.8,51.1,10894.71
2021-11-17,9.8,1.9,5.8,0.0,16.9,37.1,25429.62
2021-11-18,7.7,0.5,4.4,0.2,15.6,33.8,6519.81
2021-11-19,9.2,2.6,6.1,0.0,16.8,37.1,21252.54
2021-11-20,11.5,5.6,8.3,0.0,21.4,45.4,20414.69
2021-11-21,13.2,2.3,6.4,0.0,11.4,22.7,30061.28
2021-11-22,13.3,2.5,7.2,5.7,11.6,20.5,20861.63
2021-11-23,7.1,1.2,5.2,3.6,16.1,34.2,310.55
2021-11-24,6.5,-2.8,1.8,0.0,12.5,28.1,29682.62
2021-11-25,10.7,3.0,5.8,0.0,21.5,46.1,29563.54
2021-11-26,7.6,4.8,6.0,3.1,33.0,71.6,0.0
2021-11-27,14.4,6.6,10.0,0.0,22.6,46.8,25582.83
2021-11-28,15.2,7.4,11.0,0.1,28.7,59.8,21294.13
2021-11-29,9.6,1.4,5.7,7.5,17.2,41.8,14054.12
2021-11-30,2.8,-1.0,0.6,1.3,26.6,55.8,10137.42
2021-12-01,10.3,0.8,5.1,0.0,18.7,41.8,21891.29
2021-12-02,11.2,2.0,6.7,0.0,22.0,47.9,27517.43
2021-12-03,10.1,1.1,4.8,10.0,21.5,51.1,0.0
2021-12-04,4.5,0.3,2.0,0.0,14.3,31.3,27618.76
2021-12-05,9.8,0.2,4.9,0.8,21.2,46.1,19754.75
2021-12-06,6.6,1.1,3.4,16.3,16.1,44.6,0.0
2021-12-07,1.0,-0.6,0.1,8.6,22.9,49.7,0.0
2021-12-08,3.6,-2.0,0.1,0.0,19.3,43.6,26963.64
2021-12-09,7.8,-0.9,3.3,4.6,29.3,63.4,19862.64
2021-12-10,4.1,-0.5,2.0,1.5,8.9,29.5,3843.25
2021-12-11,4.6,0.6,3.1,11.1,19.8,43.6,0.0
2021-12-12,3.7,-0.9,0.1,33.2,25.1,50.4,0.0
2021-12-13,0.0,-1.1,-0.6,1.8,15.1,32.4,0.0
2021-12-14,0.3,-1.1,-0.3,0.5,12.0,26.3,0.0
2021-12-15,2.1,-4.5,-0.3,0.0,16.1,35.3,10822.32
2021-12-16,3.4,0.2,1.9,0.2,15.6,33.5,0.0
2021-12-17,3.6,0.3,2.5,6.4,25.7,55.8,0.0
2021-12-18,2.3,-1.4,0.4,3.4,22.3,47.5,0.0
2021-12-19,4.8,-1.8,1.2,0.0,15.0,35.6,8711.82
2021-12-20,3.1,-0.6,1.7,1.5,22.5,51.1,15101.25
2021-12-21,0.2,-5.3,-1.4,0.5,20.0,43.2,10130.14
2021-12-22,0.9,-6.3,-3.3,0.0,6.5,15.1,20622.47
2021-12-23,2.5,-6.6,-2.3,0.0,15.2,30.6,23147.57
2021-12-24,11.1,-1.2,5.3,0.0,19.4,43.9,25824.24
2021-12-25,10.7,6.1,7.9,4.4,16.6,37.8,0.0
2021-12-26,10.0,4.2,7.1,4.4,16.1,33.8,4783.89
2021-12-27,5.7,0.9,3.1,6.3,18.7,42.1,0.0
2021-12-28,7.0,-2.2,2.1,0.0,12.5,27.4,25200.0
2021-12-29,5.9,2.1,3.9,2.6,14.0,31.3,0.0
2021-12-30,5.3,-0.8,3.5,0.8,11.8,25.9,331.64
2021-12-31,11.4,0.2,4.8,0.0,9.0,16.2,10387.94
2022-01-01,12.3,2.8,7.2,0.2,18.2,39.2,23829.52
2022-01-02,12.9,3.6,7.9,0.0,13.4,29.9,27516.79
2022-01-03,12.7,2.7,6.3,0.0,13.5,31.3,25386.46
2022-01-04,12.0,0.1,5.5,0.0,9.8,22.7,25810.15
2022-01-05,13.4,4.3,7.7,0.0,16.3,34.9,26136.11
2022-01-06,9.0,1.0,2.7,3.2,14.3,30.6,0.0
2022-01-07,2.1,-2.2,-0.0,0.0,10.8,24.5,26208.99
2022-01-08,4.1,-1.0,0.8,1.7,13.2,28.8,1576.33
2022-01-09,0.8,-4.5,-1.8,4.6,8.6,15.5,14168.8
2022-01-10,-2.3,-3.5,-2.9,13.7,15.3,30.6,0.0
2022-01-11,-2.1,-4.2,-3.2,3.6,17.7,34.2,0.0
2022-01-12,-3.2,-6.2,-4.4,0.3,15.8,32.0,0.0
2022-01-13,-3.1,-12.2,-7.4,0.0,11.8,25.9,26516.03
2022-01-14,3.4,-11.7,-2.8,0.0,14.2,34.6,26391.68
2022-01-15,2.7,-8.0,-0.4,0.0,17.8,40.0,28640.2
2022-01-16,2.3,-9.6,-4.4,0.0,11.9,20.5,29245.04
2022-01-17,4.5,-8.0,-0.3,1.0,28.6,63.4,28492.34
2022-01-18,3.6,-2.7,-0.1,0.4,27.0,65.9,17316.92
2022-01-19,3.0,-5.3,-1.7,0.0,12.2,27.0,29762.91
2022-01-20,7.9,-4.7,0.6,2.1,18.9,40.0,30035.71
2022-01-21,1.5,-5.1,-1.3,5.8,22.5,51.5,28615.67
2022-01-22,-1.1,-5.6,-3.5,7.2,19.1,42.1,5103.77
2022-01-23,-2.9,-7.5,-5.3,0.8,19.1,42.8,11120.3
2022-01-24,-4.4,-15.5,-9.1,0.0,13.8,32.0,30412.98
2022-01-25,-3.4,-15.6,-10.0,0.0,12.6,24.5,30479.67
2022-01-26,0.5,-11.0,-2.3,1.8,13.3,29.2,808.9
2022-01-27,3.0,-6.3,-1.1,0.9,12.4,24.1,3120.51
2022-01-28,4.7,-7.2,-0.9,1.3,16.2,36.4,6629.41
2022-01-29,2.0,-3.5,-0.0,1.2,20.9,43.2,15172.91
2022-01-30,7.8,-4.9,1.6,0.4,17.7,41.8,14722.94
2022-01-31,5.9,-1.6,2.2,0.0,18.6,42.1,30871.12
2022-02-01,2.4,-0.7,0.5,6.2,16.5,34.9,0.0
2022-02-02,4.3,-4.0,0.0,1.3,18.4,41.4,16001.39
2022-02-03,3.6,-2.7,1.2,0.2,22.5,49.7,9983.68
2022-02-04,7.6,-3.1,1.3,0.0,12.2,27.0,31956.77
2022-02-05,8.1,-1.4,3.0,0.6,12.0,19.4,13841.98
2022-02-06,9.5,-2.1,3.8,0.0,12.2,27.0,32604.11
2022-02-07,7.8,1.4,3.7,7.2,30.3,67.3,0.0
2022-02-08,4.8,-0.1,1.7,0.1,28.6,60.5,31500.88
2022-02-09,9.0,0.7,4.4,0.2,16.5,38.5,8090.84
2022-02-10,13.6,-1.9,4.9,0.0,12.3,26.6,33362.47
2022-02-11,12.7,-0.4,5.0,0.0,10.3,18.0,33536.17
2022-02-12,7.1,-1.6,3.6,0.0,17.8,39.2,26315.31
2022-02-13,6.3,-2.2,2.1,0.2,20.2,43.2,33496.0
2022-02-14,10.9,0.1,4.7,0.0,15.9,33.5,28421.57
2022-02-15,13.1,2.3,7.2,1.5,15.9,34.2,32215.23
2022-02-16,10.2,5.5,7.4,8.5,16.6,35.3,10138.37
2022-02-17,13.8,2.7,7.3,0.0,13.8,30.6,23748.26
2022-02-18,12.0,5.2,7.9,1.6,19.9,41.8,34789.76
2022-02-19,16.4,3.2,8.5,0.0,14.7,33.1,34876.26
2022-02-20,6.2,0.6,4.5,1.7,10.6,23.4,3048.74
2022-02-21,15.1,0.5,7.2,1.5,11.4,30.6,34953.8
2022-02-22,6.6,2.7,4.6,2.1,22.7,47.9,8716.3
2022-02-23,8.2,-1.1,4.0,0.1,20.0,41.4,29055.64
2022-02-24,9.0,-1.6,3.2,0.0,10.6,29.9,35346.39
2022-02-25,13.1,-0.4,5.2,0.0,11.6,26.6,35491.36
2022-02-26,4.1,1.0,2.5,1.2,15.0,31.3,1929.3
2022-02-27,4.7,0.7,2.8,2.6,15.8,38.5,0.0
2022-02-28,3.6,-0.6,1.1,1.7,10.0,23.4,10073.73
2022-03-01,4.5,-2.1,0.3,1.2,12.6,27.7,28668.01
2022-03-02,4.7,-3.9,1.0,0.0,18.6,40.3,31939.42
2022-03-03,7.6,-2.3,2.1,0.0,14.3,32.8,36156.8
2022-03-04,6.7,-3.2,0.9,0.0,12.6,28.4,37001.14
2022-03-05,5.2,-4.0,0.3,0.0,14.8,30.6,33356.2
2022-03-06,1.4,-0.9,0.3,5.2,11.4,26.3,0.0
2022-03-07,2.0,-1.9,-0.2,1.4,13.7,29.9,80.05
2022-03-08,2.0,-4.5,-1.3,1.0,17.6,37.4,24322.72
2022-03-09,3.8,-5.2,-1.0,2.3,24.3,51.1,23563.18
2022-03-10,2.0,-3.4,-0.1,3.5,14.8,34.6,18255.68
2022-03-11,2.2,-6.3,-2.5,0.8,16.6,37.1,21536.57
2022-03-12,3.0,-7.2,-2.4,0.0,7.6,18.7,38333.85
2022-03-13,6.4,-7.0,-1.1,0.0,10.9,17.6,38441.48
2022-03-14,9.6,-3.7,2.0,0.0,15.6,34.2,38615.64
2022-03-15,13.1,-4.5,3.9,0.0,9.0,21.6,34701.02
2022-03-16,11.1,2.9,6.4,1.6,11.3,23.4,882.1
2022-03-17,6.9,-0.1,4.2,1.5,13.9,27.7,21777.63
2022-03-18,6.6,-2.7,1.3,0.0,14.3,32.0,39223.37
2022-03-19,7.7,-4.5,0.7,0.0,16.0,34.9,39336.38
2022-03-20,7.4,-3.2,0.8,0.0,18.4,40.0,39179.94
2022-03-21,9.4,-3.9,1.6,0.0,13.8,31.7,39757.52
2022-03-22,12.8,-2.8,3.9,0.0,16.9,36.7,39976.84
2022-03-23,13.9,0.3,6.7,0.0,12.4,24.8,40201.32
2022-03-24,17.1,0.3,8.4,0.0,15.9,36.0,40529.42
2022-03-25,14.6,2.2,8.0,0.0,20.0,42.8,40545.2
2022-03-26,16.9,1.8,9.6,0.0,9.5,22.7,40677.96
2022-03-27,17.7,5.2,10.4,0.0,17.6,38.2,40693.62
2022-03-28,17.3,1.3,9.3,0.0,9.2,18.7,38072.14
2022-03-29,18.7,4.4,11.3,0.0,11.9,25.6,40976.42
2022-03-30,18.1,5.0,11.8,0.0,13.3,31.3,32400.0
2022-03-31,18.7,9.9,13.0,11.6,23.7,53.6,10289.67
2022-04-01,18.0,9.1,13.3,11.3,21.7,46.4,30315.41
2022-04-02,16.3,1.8,9.5,2.2,25.2,57.6,40616.91
2022-04-03,6.4,-0.4,2.9,2.0,22.0,46.1,8027.08
2022-04-04,9.1,-2.2,3.2,0.0,9.1,19.4,39616.12
2022-04-05,14.9,-0.6,7.7,0.0,10.5,21.6,42330.52
2022-04-06,19.1,2.3,11.5,0.0,15.6,33.5,42511.41
2022-04-07,14.1,8.3,11.0,1.0,14.8,33.5,16314.51
2022-04-08,19.4,8.0,13.4,0.0,21.3,46.4,41960.5
2022-04-09,19.7,6.2,13.8,1.4,20.7,57.6,22978.6
2022-04-10,8.9,1.9,5.3,4.0,26.7,57.6,4049.24
2022-04-11,10.3,1.6,5.7,0.7,22.9,51.1,36213.81
2022-04-12,15.2,-1.1,7.7,0.0,8.2,18.0,44143.89
2022-04-13,16.2,2.7,9.3,0.0,10.8,23.8,44379.07
2022-04-14,18.8,2.0,10.8,0.0,8.6,16.6,44817.38
2022-04-15,22.9,3.7,13.6,0.0,9.7,22.0,44984.47
2022-04-16,16.3,8.2,11.8,0.0,19.5,41.4,35949.45
2022-04-17,8.0,4.0,5.5,3.9,21.3,44.6,2444.31
2022-04-18,9.4,3.2,5.9,0.9,14.9,34.9,39020.32
2022-04-19,11.5,-0.6,6.2,0.1,12.5,27.7,40965.06
2022-04-20,7.4,1.7,4.8,7.4,13.8,32.8,10916.23
2022-04-21,15.5,0.9,8.4,0.1,13.2,28.4,45668.01
2022-04-22,21.2,8.6,13.8,10.1,30.3,63.0,36482.0
2022-04-23,18.8,9.7,13.7,2.8,12.9,28.4,40457.06
2022-04-24,24.2,8.3,15.5,1.0,14.9,33.1,46375.01
2022-04-25,21.0,8.7,14.6,0.0,17.7,38.5,41181.81
2022-04-26,20.2,8.3,14.1,0.0,8.8,19.8,46554.7
2022-04-27,20.5,8.6,14.4,0.6,16.6,35.3,46642.6
2022-04-28,14.1,7.7,10.9,0.6,18.8,40.3,27066.3
2022-04-29,15.2,6.9,11.7,0.7,14.3,31.0,26537.28
2022-04-30,18.3,7.1,12.8,0.6,11.7,27.7,46800.0
2022-05-01,19.6,10.0,14.6,0.0,19.9,42.5,46800.0
2022-05-02,18.7,9.8,14.0,0.0,21.7,46.4,35014.14
2022-05-03,17.0,8.0,13.0,1.6,13.0,33.8,46800.0
2022-05-04,20.7,6.2,13.7,0.2,7.9,19.8,46800.0
2022-05-05,23.2,7.7,16.0,0.0,10.9,24.1,46800.0
2022-05-06,22.5,13.2,17.3,0.0,19.2,41.8,41578.59
2022-05-07,21.3,9.8,16.0,0.0,18.4,41.8,44374.5
2022-05-08,22.0,11.2,16.2,0.0,15.4,34.6,46800.0
2022-05-09,22.8,8.1,16.0,0.0,9.5,22.7,46804.0
2022-05-10,22.1,9.5,15.8,0.0,10.8,25.6,46800.0
2022-05-11,22.8,9.6,17.0,0.0,8.9,21.6,46885.13
2022-05-12,26.0,10.3,19.0,0.0,8.9,23.0,46999.06
2022-05-13,27.7,13.3,20.9,0.0,7.3,18.4,46988.72
2022-05-14,23.8,16.1,19.9,0.1,20.6,44.6,47084.24
2022-05-15,23.8,12.8,18.4,0.0,11.1,25.2,47308.7
2022-05-16,25.9,12.0,19.8,0.0,9.5,15.8,47398.88
2022-05-17,27.4,12.6,20.2,2.5,15.6,42.5,42090.31
2022-05-18,19.6,10.2,15.8,10.1,27.2,58.3,39327.98
2022-05-19,20.8,5.9,13.8,0.0,9.5,23.8,48093.83
2022-05-20,25.1,7.3,17.1,0.0,8.4,16.2,48345.9
2022-05-21,28.3,9.9,19.8,0.0,15.6,38.9,47986.07
2022-05-22,23.9,15.2,19.4,0.0,16.6,37.8,47723.24
2022-05-23,23.8,12.1,18.2,0.5,10.1,23.8,30333.77
2022-05-24,27.7,14.3,20.9,2.4,15.5,33.5,47452.12
2022-05-25,30.6,16.8,23.3,0.2,14.5,31.0,44669.91
2022-05-26,24.6,16.6,20.2,0.0,15.3,36.4,47913.38
2022-05-27,27.4,14.0,21.3,0.0,7.6,21.2,44538.4
2022-05-28,23.1,12.3,17.8,7.8,19.3,46.1,26294.05
2022-05-29,17.1,10.5,13.8,7.1,12.7,27.7,14406.74
2022-05-30,23.7,9.6,17.0,0.0,10.0,25.6,46788.8
2022-05-31,24.2,12.4,18.0,3.8,7.2,20.2,48450.7
2022-06-01,26.8,15.0,21.1,0.1,7.9,19.4,48554.44
2022-06-02,28.0,16.2,21.7,3.1,14.6,35.6,48632.93
2022-06-03,28.2,16.8,22.8,0.0,10.4,25.6,49267.96
2022-06-04,29.8,19.9,23.7,3.2,17.4,35.3,43990.88
2022-06-05,29.6,18.2,23.9,0.0,8.9,22.0,45074.52
2022-06-06,26.7,17.4,21.1,11.0,24.6,53.6,33487.17
2022-06-07,26.5,15.5,21.3,0.1,16.1,33.5,49449.42
2022-06-08,25.1,16.6,19.6,11.3,19.4,47.5,17718.32
2022-06-09,25.0,14.5,19.4,0.2,22.3,46.1,44881.12
2022-06-10,23.1,14.6,18.8,3.4,14.9,39.6,47106.32
2022-06-11,22.8,14.8,18.1,5.5,16.4,37.8,36950.46
2022-06-12,23.2,15.8,19.2,6.9,22.4,46.4,28320.75
2022-06-13,26.1,15.4,20.7,0.8,11.8,32.8,50120.68
2022-06-14,22.4,14.6,19.2,0.0,19.1,41.8,49743.33
2022-06-15,23.0,11.9,18.2,0.0,9.1,21.2,51070.56
2022-06-16,26.1,11.2,19.4,0.0,6.8,20.2,51093.03
2022-06-17,25.0,14.0,19.4,0.8,18.5,42.8,47849.46
2022-06-18,25.1,14.2,19.6,0.2,16.3,37.4,51131.69
2022-06-19,26.9,12.5,20.8,0.0,11.2,27.0,51147.76
2022-06-20,29.2,16.1,23.0,0.0,9.9,23.4,51305.13
2022-06-21,30.0,18.1,23.9,0.1,17.1,38.5,50062.62
2022-06-22,26.1,16.7,21.9,0.2,12.6,33.8,47624.55
2022-06-23,22.3,16.8,19.5,19.9,17.9,39.6,34492.0
2022-06-24,27.5,15.1,21.4,0.0,6.6,15.5,50628.72
2022-06-25,28.7,17.7,22.1,2.5,10.0,32.4,33778.46
2022-06-26,27.1,15.7,21.6,0.1,11.9,28.1,49945.22
2022-06-27,29.5,16.5,23.6,0.0,9.3,23.8,50912.69
2022-06-28,31.1,17.8,24.7,0.0,11.3,28.8,50963.51
2022-06-29,31.8,18.8,25.5,0.0,19.2,41.4,51036.88
2022-06-30,32.4,22.1,26.7,0.4,18.3,40.3,50890.76
2022-07-01,33.4,20.2,27.2,0.0,8.1,29.5,50877.85
2022-07-02,31.1,21.5,26.1,0.0,14.8,37.1,50862.09
2022-07-03,32.7,19.2,26.1,0.2,10.0,25.9,49905.95
2022-07-04,32.3,22.1,27.3,0.0,10.7,25.6,50564.22
2022-07-05,33.6,20.3,27.0,8.8,13.8,56.9,47192.64
2022-07-06,26.6,17.6,21.9,0.6,19.9,45.4,48284.32
2022-07-07,27.1,16.0,21.9,0.0,14.6,34.9,50494.78
2022-07-08,23.7,16.5,19.2,2.4,21.8,46.8,37726.6
2022-07-09,22.3,16.6,19.1,1.4,23.6,48.2,15251.0
2022-07-10,23.5,15.0,19.6,0.3,20.9,47.9,48600.17
2022-07-11,21.1,13.9,17.6,0.0,23.2,50.4,45885.58
2022-07-12,23.3,12.4,18.7,0.0,17.6,38.5,49666.01
2022-07-13,25.9,13.5,20.2,0.0,19.3,42.8,49953.75
2022-07-14,30.5,15.6,23.5,0.1,11.1,27.4,49916.91
2022-07-15,32.5,17.1,25.7,0.0,9.5,25.6,49877.51
2022-07-16,27.2,18.2,23.0,0.0,12.2,30.2,49632.16
2022-07-17,27.5,16.7,22.3,0.0,17.8,40.7,49692.27
2022-07-18,27.5,13.2,21.0,0.0,10.6,25.9,49648.15
2022-07-19,30.0,15.0,23.0,0.0,12.1,29.2,49509.07
2022-07-20,31.7,15.5,24.6,0.0,10.6,25.9,49463.1
2022-07-21,33.7,18.0,26.6,0.0,15.6,34.9,49328.91
2022-07-22,34.6,19.9,27.3,0.0,7.7,22.3,49281.25
2022-07-23,36.7,19.0,29.0,0.0,11.5,25.9,49230.82
2022-07-24,33.0,21.6,26.9,0.4,22.0,49.0,47034.16
2022-07-25,32.1,20.1,25.8,0.0,10.5,25.9,49013.68
2022-07-26,34.9,17.7,27.0,0.0,11.7,27.0,48886.09
2022-07-27,29.5,19.4,24.6,0.0,13.9,29.2,46800.0
2022-07-28,28.1,19.4,23.5,0.0,12.4,29.9,39600.0
2022-07-29,31.6,18.3,25.3,0.4,9.1,23.0,48127.64
2022-07-30,33.3,19.0,24.0,17.2,15.1,52.9,27045.6
2022-07-31,26.0,17.7,21.7,1.0,19.5,45.4,47703.82
2022-08-01,27.8,15.7,22.1,0.0,20.6,46.4,47694.27
2022-08-02,29.4,16.9,23.3,0.0,18.7,41.0,47683.39
2022-08-03,30.7,17.0,24.3,0.0,13.4,30.6,47550.58
2022-08-04,32.0,18.1,25.5,0.0,12.6,29.2,47657.15
2022-08-05,32.2,18.2,25.9,0.0,9.8,26.6,47528.34
2022-08-06,33.1,18.1,26.4,0.0,9.4,24.8,47405.52
2022-08-07,29.6,20.7,25.3,0.1,15.9,34.6,47066.8
2022-08-08,31.4,18.8,25.2,0.8,14.1,33.5,46725.35
2022-08-09,27.7,18.6,23.1,1.1,14.9,34.9,46127.48
2022-08-10,27.3,17.4,22.0,0.4,19.0,39.6,41230.64
2022-08-11,27.0,16.2,21.4,0.0,12.9,32.8,46634.32
2022-08-12,28.5,14.7,22.0,0.4,12.7,28.8,43213.08
2022-08-13,22.3,16.6,19.4,6.0,8.4,19.8,13258.55
2022-08-14,20.4,16.2,17.8,18.7,12.8,28.1,8725.78
2022-08-15,28.4,16.2,21.7,0.0,9.7,22.3,46285.52
2022-08-16,28.9,18.5,23.3,0.2,14.3,31.0,46221.61
2022-08-17,29.5,18.2,23.8,0.1,11.4,24.8,46157.43
2022-08-18,31.9,18.3,25.0,0.0,7.0,18.7,46093.03
2022-08-19,34.0,19.7,25.8,2.0,23.9,65.5,42022.99
2022-08-20,24.7,19.4,21.5,30.3,14.8,43.9,23987.87
2022-08-21,22.6,16.8,19.0,19.8,14.8,33.1,24591.63
2022-08-22,23.0,15.3,19.0,0.8,9.5,19.8,37478.94
2022-08-23,21.6,16.3,18.4,6.0,14.8,32.0,17538.08
2022-08-24,22.8,15.3,19.1,0.2,9.2,23.4,27914.04
2022-08-25,25.2,16.3,20.3,0.0,11.0,23.8,30881.59
2022-08-26,28.0,17.8,22.0,0.8,10.0,31.3,44827.87
2022-08-27,29.5,17.2,22.8,0.3,7.6,16.2,45045.1
2022-08-28,29.2,16.7,23.2,0.0,5.8,16.6,44879.97
2022-08-29,26.4,17.3,21.7,0.2,14.3,31.3,37573.57
2022-08-30,24.7,17.3,20.5,0.7,9.4,19.8,18000.0
2022-08-31,25.9,16.2,20.5,7.8,12.0,24.5,35861.45
2022-09-01,24.3,16.0,18.9,7.0,15.1,36.0,25950.98
2022-09-02,15.7,14.1,14.8,12.2,13.5,29.2,0.0
2022-09-03,20.1,14.0,16.5,0.1,6.6,17.3,28331.71
2022-09-04,23.5,12.5,17.4,4.6,10.1,25.6,36648.5
2022-09-05,22.9,13.8,18.1,0.1,6.1,15.8,42201.35
2022-09-06,24.1,14.4,18.8,0.0,8.0,19.4,42065.52
2022-09-07,26.2,15.1,20.1,0.0,12.3,27.7,42224.02
2022-09-08,27.6,17.3,22.0,0.0,12.2,27.7,40447.79
2022-09-09,24.2,17.2,20.4,0.7,10.5,24.8,29646.68
2022-09-10,23.6,15.7,19.3,10.1,10.9,33.1,39062.41
2022-09-11,21.5,13.7,16.8,0.1,16.1,34.2,34828.22
2022-09-12,19.6,12.7,15.8,0.7,20.4,44.3,40027.7
2022-09-13,21.8,11.5,16.1,0.0,21.7,46.4,39923.67
2022-09-14,26.4,11.2,18.7,0.0,13.5,31.0,39865.05
2022-09-15,27.8,17.2,22.2,0.0,16.8,37.1,32575.14
2022-09-16,25.1,16.0,20.3,5.9,20.2,43.6,30012.42
2022-09-17,18.3,10.8,15.0,4.1,20.4,46.4,2398.36
2022-09-18,15.9,7.6,11.3,0.9,24.6,51.8,33815.1
2022-09-19,20.1,6.9,11.2,2.8,25.2,50.4,25813.06
2022-09-20,15.2,6.4,10.4,0.0,14.3,31.3,39600.0
2022-09-21,12.0,6.7,9.2,1.3,16.2,34.9,30630.21
2022-09-22,14.1,5.2,9.3,0.9,14.2,32.0,39600.0
2022-09-23,14.5,5.9,9.7,0.8,9.5,21.6,39600.0
2022-09-24,18.3,3.7,11.2,0.0,9.2,20.9,39600.0
2022-09-25,20.2,8.3,14.1,0.4,10.5,24.1,30173.8
2022-09-26,21.1,13.6,16.0,13.1,24.4,50.4,17125.8
2022-09-27,21.7,12.2,15.5,2.9,16.7,34.9,35079.84
2022-09-28,19.4,10.2,14.3,0.3,10.0,21.2,19041.17
2022-09-29,21.4,13.2,16.6,1.1,15.5,35.6,21627.56
2022-09-30,24.6,13.6,18.0,0.0,12.9,30.2,33675.18
2022-10-01,22.7,13.4,17.3,8.5,21.7,45.0,13257.44
2022-10-02,19.5,11.0,15.1,0.9,23.1,51.5,38680.42
2022-10-03,16.4,8.5,12.3,2.9,24.7,54.4,31513.6
2022-10-04,14.6,8.3,10.9,0.6,16.6,34.9,22475.57
2022-10-05,15.9,5.2,10.5,0.0,6.8,18.0,38125.98
2022-10-06,19.2,7.0,12.4,0.0,9.0,19.8,37211.71
2022-10-07,19.0,6.4,12.5,0.0,9.2,22.0,37758.47
2022-10-08,20.6,10.2,14.3,0.0,16.2,35.6,37452.66
2022-10-09,19.0,7.9,12.9,0.0,12.0,26.3,36252.01
2022-10-10,17.9,8.8,13.4,0.0,18.1,39.2,29171.19
2022-10-11,15.5,10.5,13.6,0.7,14.1,31.3,689.7
2022-10-12,18.0,9.0,12.7,0.1,6.4,15.8,22474.22
2022-10-13,18.6,9.4,13.7,0.0,10.4,21.6,32917.19
2022-10-14,18.0,7.1,12.6,0.0,14.2,30.2,35798.98
2022-10-15,16.6,7.7,11.7,0.0,17.6,38.2,35650.86
2022-10-16,18.6,9.4,12.9,0.0,16.0,34.2,35595.24
2022-10-17,18.7,8.8,12.6,0.0,14.4,31.3,35486.6
2022-10-18,18.6,7.3,12.0,0.0,16.5,36.0,35280.74
2022-10-19,18.0,4.1,11.4,0.1,16.7,34.6,34552.77
2022-10-20,15.1,6.4,10.2,0.0,11.3,26.6,34734.69
2022-10-21,17.7,3.2,10.3,0.0,18.9,41.8,34390.34
2022-10-22,21.9,10.7,15.1,0.0,14.6,31.3,33052.99
2022-10-23,20.3,9.9,14.8,0.0,13.7,36.7,33966.18
2022-10-24,24.1,10.5,16.2,0.0,9.2,16.9,34065.94
2022-10-25,20.7,10.8,15.1,0.0,12.4,27.0,33909.04
2022-10-26,18.5,7.6,12.7,0.1,7.6,15.5,33399.1
2022-10-27,20.1,7.5,13.4,0.0,8.7,16.2,32918.7
2022-10-28,19.2,7.2,12.8,0.0,8.9,15.5,33245.87
2022-10-29,17.2,7.7,11.2,0.0,7.4,18.4,31066.4
2022-10-30,19.6,6.7,11.9,0.0,8.3,16.6,32839.23
2022-10-31,19.7,6.9,12.3,0.0,7.1,16.6,32545.51
2022-11-01,23.2,7.8,14.0,0.0,8.2,16.2,32637.51
2022-11-02,19.2,7.5,12.2,0.0,11.5,26.3,29940.54
2022-11-03,15.1,7.7,10.3,0.0,9.9,23.8,26622.55
2022-11-04,19.0,9.3,13.9,0.0,17.1,36.7,32097.19
2022-11-05,17.3,8.9,12.8,2.7,18.9,41.0,4136.54
2022-11-06,10.1,7.9,9.0,2.6,12.0,25.2,0.0
2022-11-07,15.4,8.6,11.1,0.2,14.4,30.2,18074.06
2022-11-08,13.2,5.8,9.1,0.0,7.7,17.3,6919.04
2022-11-09,15.4,5.7,9.7,0.0,11.4,26.3,31507.72
2022-11-10,15.8,5.6,10.3,0.1,9.5,21.2,31431.64
2022-11-11,11.2,7.3,9.3,1.0,16.8,34.9,7821.83
2022-11-12,12.5,4.5,8.1,0.4,14.5,30.2,24084.94
2022-11-13,13.8,3.1,8.1,0.0,16.4,36.4,31214.54
2022-11-14,16.1,5.3,9.8,0.0,12.5,27.7,31096.82
2022-11-15,14.7,7.3,9.8,0.0,14.3,29.9,30669.28
2022-11-16,14.8,5.4,9.9,10.9,13.4,28.1,12555.55
2022-11-17,12.3,6.1,9.6,11.8,12.1,27.7,19549.24
2022-11-18,14.8,5.8,9.4,2.8,18.4,38.9,20715.89
2022-11-19,8.7,5.1,7.4,7.7,14.4,32.0,0.0
2022-11-20,10.6,5.0,8.1,14.2,23.7,49.0,0.0
2022-11-21,6.0,1.1,3.8,20.2,17.4,35.3,0.0
2022-11-22,8.5,1.3,5.0,1.1,29.0,63.0,6886.19
2022-11-23,12.1,4.9,7.4,6.6,26.9,61.6,9444.16
2022-11-24,8.2,2.5,5.3,2.8,20.0,45.0,13311.65
2022-11-25,8.3,-0.0,4.9,0.7,18.6,40.0,13446.62
2022-11-26,5.6,-1.6,1.7,0.0,7.8,19.1,21931.15
2022-11-27,4.6,1.5,2.9,0.5,6.4,14.0,0.0
2022-11-28,5.4,-0.1,2.3,0.1,16.8,34.6,16447.67
2022-11-29,4.6,1.1,2.6,0.0,18.9,39.6,15216.91
2022-11-30,5.7,2.6,3.6,0.6,13.3,29.2,798.17
2022-12-01,3.8,1.3,2.5,2.8,13.3,29.2,218.44
2022-12-02,5.4,0.2,2.0,0.2,14.3,31.0,22228.06
2022-12-03,8.8,1.5,3.8,0.0,21.0,44.6,27240.01
2022-12-04,6.7,2.2,3.4,2.4,23.4,49.3,8034.92
2022-12-05,8.7,2.6,4.4,0.0,21.3,45.4,25984.25
2022-12-06,10.5,3.6,6.2,5.1,20.2,42.1,14400.0
2022-12-07,10.1,4.1,5.9,2.3,11.8,23.8,12809.81
2022-12-08,10.9,3.3,6.6,5.5,17.4,36.0,16300.08
2022-12-09,12.2,6.3,9.3,5.3,22.8,49.0,1553.64
2022-12-10,15.8,11.1,12.6,10.9,23.6,50.4,10800.0
2022-12-11,11.9,0.3,3.8,14.9,23.4,47.9,0.0
2022-12-12,1.7,-4.9,-0.7,3.4,12.8,27.7,0.0
2022-12-13,0.4,-6.5,-3.2,0.1,8.4,16.9,27538.62
2022-12-14,3.2,-0.7,1.2,9.8,24.6,51.5,4684.45
2022-12-15,9.2,0.2,4.6,6.0,18.4,49.3,27029.82
2022-12-16,15.1,7.7,11.4,12.3,24.9,58.3,11174.43
2022-12-17,12.3,2.6,7.3,13.5,19.2,45.4,0.0
2022-12-18,2.7,-1.1,0.9,0.0,13.9,30.6,17243.34
2022-12-19,3.0,-1.9,-0.1,0.0,20.4,42.8,23436.85
2022-12-20,2.7,-3.2,-0.8,0.0,23.6,49.0,27362.86
2022-12-21,8.0,-1.8,1.3,0.0,11.9,28.1,27575.61
2022-12-22,9.6,-1.8,2.9,0.1,6.9,13.0,26759.9
2022-12-23,12.4,2.9,6.1,0.0,8.0,15.8,27107.81
2022-12-24,9.1,3.1,6.1,3.0,10.5,20.5,844.21
2022-12-25,11.5,2.7,6.0,0.0,8.4,18.7,27301.17
2022-12-26,12.5,2.4,6.3,0.0,9.5,19.4,27425.08
2022-12-27,9.1,4.5,7.4,1.6,13.1,32.0,0.0
2022-12-28,7.6,1.4,3.9,0.0,10.6,23.4,20343.18
2022-12-29,11.9,0.7,5.1,0.0,11.5,25.2,27543.91
2022-12-30,13.4,3.2,6.7,0.0,13.2,27.7,27538.61
2022-12-31,13.3,3.1,6.6,0.0,10.5,20.9,27555.54
2023-01-01,14.7,2.8,7.1,0.0,10.5,19.4,27694.05
2023-01-02,14.4,2.2,6.8,0.0,11.0,18.0,26145.64
2023-01-03,13.6,2.7,6.6,0.0,11.4,27.0,27471.74
2023-01-04,8.2,1.8,5.7,0.0,10.2,23.0,107.61
2023-01-05,11.1,1.9,5.7,0.0,11.5,26.6,27855.4
2023-01-06,11.0,2.7,7.2,0.2,20.7,44.3,28010.46
2023-01-07,12.1,0.2,4.9,0.0,10.4,23.0,28169.77
2023-01-08,11.2,-0.5,4.3,0.0,11.3,23.4,28244.86
2023-01-09,10.6,2.7,6.2,1.1,29.0,63.4,20896.7
2023-01-10,7.2,2.7,4.6,5.8,26.5,56.9,0.0
2023-01-11,3.0,0.8,1.7,15.0,21.1,44.6,0.0
2023-01-12,3.8,0.6,2.7,1.4,9.3,20.5,0.0
2023-01-13,7.3,0.5,3.3,0.0,13.8,29.9,24573.86
2023-01-14,4.6,-0.3,2.6,0.6,14.5,29.5,3295.58
2023-01-15,8.1,1.7,4.5,0.0,20.1,41.8,28201.42
2023-01-16,8.2,0.8,4.3,4.5,26.7,56.5,12525.12
2023-01-17,13.5,5.5,8.8,6.9,28.6,64.1,14400.0
2023-01-18,15.5,9.0,11.4,6.6,23.3,52.6,25200.0
2023-01-19,12.7,4.1,8.9,6.9,24.5,48.6,10564.75
2023-01-20,3.6,-5.7,-0.1,15.9,15.0,32.8,0.0
2023-01-21,4.2,-4.4,0.6,0.6,10.5,25.2,8211.7
2023-01-22,8.9,-2.0,2.9,0.1,8.7,23.8,29923.6
2023-01-23,8.6,3.3,5.6,2.3,18.3,42.1,10464.62
2023-01-24,3.2,0.3,1.6,2.7,12.8,26.3,0.0
2023-01-25,3.0,-1.7,0.6,0.0,11.2,22.7,3901.22
2023-01-26,0.9,-2.2,-0.6,1.1,11.1,25.9,0.0
2023-01-27,0.9,-1.4,-0.5,3.5,14.5,29.5,0.0
2023-01-28,0.8,-1.1,-0.3,2.6,15.7,33.1,0.0
2023-01-29,1.0,-0.6,-0.1,2.1,17.1,35.6,0.0
2023-01-30,1.4,-2.7,-0.9,0.3,9.2,20.9,12930.15
2023-01-31,3.7,-1.9,0.9,4.9,26.0,56.5,10900.05
2023-02-01,8.6,-0.5,3.3,1.0,19.4,44.3,28800.0
2023-02-02,4.8,1.1,2.6,3.8,17.7,47.2,5284.22
2023-02-03,5.7,0.3,2.8,1.5,20.7,44.6,17415.58
2023-02-04,4.4,-1.3,2.2,11.2,34.2,72.0,4804.19
2023-02-05,-1.8,-5.2,-3.5,0.6,26.1,60.8,15182.5
2023-02-06,-1.5,-7.3,-4.3,0.0,16.7,37.4,24418.67
2023-02-07,-1.3,-6.6,-4.4,0.0,14.2,32.0,25240.56
2023-02-08,0.1,-5.9,-3.1,0.4,14.0,29.5,24934.16
2023-02-09,0.9,-7.1,-4.1,0.0,17.1,37.8,33131.81
2023-02-10,1.9,-7.6,-3.8,0.0,7.5,18.0,33306.11
2023-02-11,3.2,-6.5,-2.6,0.0,7.6,16.9,33482.36
2023-02-12,5.0,-3.0,0.9,0.7,18.7,39.6,20861.11
2023-02-13,6.7,-3.7,0.4,0.0,10.0,20.9,33839.89
2023-02-14,4.9,-0.8,2.1,0.2,20.2,42.1,7126.2
2023-02-15,7.8,-0.3,3.7,0.0,12.9,28.1,32745.81
2023-02-16,12.1,-3.0,3.1,0.0,10.0,17.6,34385.82
2023-02-17,12.7,-1.2,4.7,0.0,11.0,19.8,34569.63
2023-02-18,15.5,3.1,8.3,0.0,14.2,31.3,28058.21
2023-02-19,16.1,4.8,9.2,0.1,13.0,33.1,31402.86
2023-02-20,11.6,3.7,7.1,3.8,15.5,38.9,34943.32
2023-02-21,17.6,4.3,9.3,0.0,12.2,28.1,35029.37
2023-02-22,15.7,2.6,8.3,0.0,11.4,24.8,35114.89
2023-02-23,14.1,1.7,7.7,0.0,15.6,33.5,33598.19
2023-02-24,14.6,3.5,8.3,2.9,15.6,34.6,32809.24
2023-02-25,15.6,4.1,8.4,12.5,26.1,56.5,12042.33
2023-02-26,3.7,0.5,1.8,2.6,15.8,32.4,212.22
2023-02-27,2.7,-0.3,0.9,1.4,13.3,28.1,2476.0
2023-02-28,6.6,-1.7,1.9,0.0,10.4,24.1,9708.23
2023-03-01,8.8,1.7,4.5,0.0,16.2,36.4,20216.06
2023-03-02,8.3,1.6,4.8,1.4,17.3,37.8,16441.53
2023-03-03,7.6,0.2,3.4,0.2,7.6,17.6,3428.76
2023-03-04,7.9,0.5,4.4,0.5,10.1,22.0,10888.99
2023-03-05,7.2,0.4,3.5,0.0,19.1,41.0,24244.64
2023-03-06,12.2,-2.5,4.3,0.0,12.7,28.4,37328.08
2023-03-07,14.0,1.0,7.6,0.1,13.7,30.2,37485.88
2023-03-08,15.5,3.5,9.4,0.1,13.5,32.8,36135.37
2023-03-09,19.1,7.5,12.0,0.7,20.4,49.7,33154.53
2023-03-10,14.4,7.2,10.6,8.0,16.8,36.4,20519.92
2023-03-11,10.3,1.5,6.6,2.0,24.3,51.1,5841.79
2023-03-12,6.5,-2.3,1.9,0.0,21.0,46.4,38274.12
2023-03-13,11.0,-3.4,3.7,0.0,16.1,34.2,38422.78
2023-03-14,16.7,3.8,9.1,0.0,21.7,45.0,35851.75
2023-03-15,9.8,1.3,5.8,7.8,20.2,43.2,0.0
2023-03-16,5.8,0.4,2.5,4.0,28.0,58.0,19845.62
2023-03-17,8.5,-1.6,2.8,0.0,11.7,29.9,38998.73
2023-03-18,10.3,-0.5,4.3,0.0,18.0,38.2,39193.3
2023-03-19,16.1,2.5,8.0,0.0,16.7,36.4,37528.07
2023-03-20,18.2,3.7,10.7,0.0,10.7,20.9,37629.38
2023-03-21,14.9,6.0,9.9,0.2,9.4,23.0,20592.24
2023-03-22,16.1,4.2,10.1,0.1,13.2,29.5,39628.54
2023-03-23,17.5,3.6,10.8,0.0,10.3,23.8,39735.34
2023-03-24,21.9,5.3,13.5,0.0,14.0,30.2,40285.12
2023-03-25,17.9,8.5,13.0,3.8,15.5,36.4,31382.07
2023-03-26,15.6,4.9,10.4,0.3,15.3,33.8,39600.0
2023-03-27,13.7,3.3,8.9,13.8,29.0,63.4,17140.12
2023-03-28,6.3,0.5,2.8,2.5,34.4,70.6,39600.0
2023-03-29,9.3,-0.8,4.0,0.0,19.7,43.2,37217.45
2023-03-30,16.4,2.8,9.3,0.2,11.8,23.4,38201.41
2023-03-31,18.3,9.2,13.4,0.7,18.2,38.2,35833.22
2023-04-01,13.4,6.2,9.8,8.4,29.6,64.4,3711.77
2023-04-02,15.2,4.7,9.0,0.7,12.7,27.7,39611.22
2023-04-03,7.6,5.1,6.6,2.4,20.7,42.8,0.0
2023-04-04,4.3,-1.5,-0.3,25.1,25.9,53.6,0.0
2023-04-05,1.3,-1.2,-0.1,0.9,18.9,38.9,0.0
2023-04-06,6.8,-0.9,2.7,0.1,19.6,42.1,15361.02
2023-04-07,4.9,0.9,2.8,1.2,18.7,38.9,0.0
2023-04-08,9.7,2.1,5.3,0.8,8.0,16.9,22758.05
2023-04-09,11.7,0.4,5.8,1.3,14.7,32.4,29715.9
2023-04-10,12.1,5.1,7.6,10.3,15.5,37.1,28086.85
2023-04-11,13.0,3.4,8.4,1.1,18.8,44.3,40025.0
2023-04-12,13.5,4.1,9.0,1.0,24.2,54.4,43312.77
2023-04-13,19.5,2.6,11.1,0.0,13.0,31.7,43111.86
2023-04-14,15.7,6.1,11.5,2.4,22.2,48.2,20665.48
2023-04-15,16.2,4.0,10.1,0.1,13.7,33.5,42646.22
2023-04-16,16.9,5.0,10.8,3.3,16.7,36.0,36281.69
2023-04-17,15.5,8.1,11.1,1.9,14.0,33.8,25446.77
2023-04-18,12.8,7.5,10.4,1.0,12.4,28.4,23767.4
2023-04-19,14.5,5.7,9.6,3.6,16.9,42.1,30077.06
2023-04-20,16.6,7.3,11.4,0.0,16.5,36.7,45780.17
2023-04-21,17.6,7.1,11.7,0.1,15.9,36.4,45890.6
2023-04-22,17.4,5.6,11.6,0.3,9.6,21.2,46106.51
2023-04-23,20.2,7.3,13.5,0.0,13.6,30.2,46267.03
2023-04-24,20.5,10.6,14.0,2.8,18.4,37.8,31794.61
2023-04-25,13.8,8.5,11.4,8.7,19.3,42.8,33381.38
2023-04-26,12.7,5.5,8.6,1.2,22.7,49.0,24002.77
2023-04-27,11.7,3.3,7.3,0.3,20.4,44.6,35795.56
2023-04-28,15.1,1.7,8.6,0.0,10.4,25.2,44627.2
2023-04-29,19.0,6.8,11.9,0.1,11.2,24.1,25200.0
2023-04-30,18.1,6.8,12.2,0.9,18.9,41.8,45005.67
2023-05-01,20.0,6.6,14.0,0.4,15.8,36.0,46800.0
2023-05-02,21.2,11.2,15.8,0.0,25.0,52.6,43875.79
2023-05-03,17.9,11.9,14.3,0.1,18.0,39.2,43200.0
2023-05-04,16.4,10.1,12.9,0.6,12.1,27.0,26040.25
2023-05-05,19.6,7.2,13.6,0.3,7.5,19.1,46800.0
2023-05-06,20.9,9.1,15.2,0.0,16.5,34.6,46800.0
2023-05-07,23.6,11.5,17.5,0.0,11.9,28.1,46800.0
2023-05-08,18.3,10.4,13.8,2.1,17.1,38.5,18376.19
2023-05-09,15.5,6.4,10.9,0.1,14.8,31.0,24396.39
2023-05-10,15.3,8.6,11.6,0.0,24.0,50.8,36286.94
2023-05-11,14.0,10.4,11.8,3.0,26.0,54.7,2415.21
2023-05-12,15.8,8.6,11.3,7.5,26.7,55.8,40088.92
2023-05-13,18.9,8.1,13.4,1.3,19.0,42.5,42099.2
2023-05-14,16.6,10.6,13.2,6.1,27.8,59.0,15042.5
2023-05-15,20.2,12.7,15.4,11.2,23.9,54.0,14400.0
2023-05-16,20.4,14.0,16.5,3.0,23.8,51.1,24172.34
2023-05-17,21.4,12.0,15.7,12.5,16.6,35.6,38429.77
2023-05-18,12.7,10.1,11.6,5.9,16.3,33.5,0.0
2023-05-19,18.6,10.7,13.8,1.5,13.4,29.9,29152.16
2023-05-20,22.9,8.8,16.3,0.0,21.3,44.6,47752.0
2023-05-21,22.7,12.5,17.5,0.5,16.9,37.8,47511.19
2023-05-22,21.6,10.2,16.6,0.3,14.9,29.9,47873.77
2023-05-23,23.5,10.5,17.4,0.0,7.1,17.6,47996.5
2023-05-24,23.5,12.1,18.0,1.8,13.3,28.8,48138.23
2023-05-25,21.9,12.8,16.5,5.7,11.9,30.6,34958.89
2023-05-26,20.7,13.6,16.4,7.3,11.9,29.5,27155.23
2023-05-27,20.7,12.5,16.1,12.3,12.9,31.7,34219.46
2023-05-28,20.7,12.4,16.3,1.9,8.2,22.7,45652.8
2023-05-29,21.8,12.0,16.6,4.8,11.4,27.4,47915.96
2023-05-30,21.3,11.6,16.7,0.7,11.9,26.3,44405.4
2023-05-31,21.2,12.7,16.3,7.6,9.2,25.9,23703.01
2023-06-01,21.3,13.0,17.1,4.2,7.2,23.0,33709.14
2023-06-02,22.5,13.8,17.9,11.0,10.5,22.0,39164.86
2023-06-03,22.3,14.2,17.6,11.1,16.2,34.9,32078.85
2023-06-04,20.0,12.5,16.2,0.1,16.1,34.9,44780.43
2023-06-05,22.5,12.9,17.8,0.3,18.3,39.2,48642.76
2023-06-06,22.8,15.6,18.2,9.7,16.2,39.6,26288.51
2023-06-07,21.7,14.5,17.8,1.7,13.2,28.4,25091.64
2023-06-08,22.9,14.7,18.6,0.2,12.3,27.4,35689.63
2023-06-09,23.9,14.5,18.9,10.4,15.8,34.2,46800.0
2023-06-10,23.5,14.8,18.4,7.9,13.2,38.2,50211.16
2023-06-11,22.6,14.1,18.2,4.0,10.1,24.5,45473.12
2023-06-12,17.3,14.9,16.1,31.0,13.5,30.2,28.65
2023-06-13,18.9,14.3,16.2,5.3,14.7,32.4,28018.44
2023-06-14,22.9,11.0,16.9,7.5,15.7,37.1,37105.04
2023-06-15,19.8,14.9,16.7,7.6,8.9,18.4,584.08
2023-06-16,17.6,14.2,15.8,4.2,20.4,44.3,0.0
2023-06-17,17.1,13.7,15.2,21.5,16.6,39.6,8108.33
2023-06-18,23.8,13.2,18.4,0.1,15.3,33.1,50264.78
2023-06-19,26.5,13.5,20.2,0.0,10.9,24.8,51147.36
2023-06-20,28.0,15.1,21.8,0.0,8.9,26.3,50731.45
2023-06-21,29.3,16.6,23.4,0.0,10.2,22.7,50237.79
2023-06-22,29.9,18.3,24.1,0.0,8.7,20.9,44070.77
2023-06-23,31.2,19.4,25.5,0.0,13.3,29.5,47489.55
2023-06-24,22.2,18.2,20.2,3.8,23.1,47.9,0.0
2023-06-25,22.7,16.9,19.6,1.3,14.4,31.0,30098.23
2023-06-26,26.1,15.9,20.3,0.5,16.5,35.6,50775.83
2023-06-27,27.6,15.9,21.7,0.2,11.9,26.3,49378.62
2023-06-28,18.8,13.0,15.4,4.8,14.5,30.2,11305.81
2023-06-29,22.2,11.1,17.0,0.2,11.0,26.3,49706.74
2023-06-30,26.3,11.6,19.5,0.0,7.7,20.9,51025.95
2023-07-01,28.3,15.1,20.6,4.5,16.9,38.9,36810.38
2023-07-02,23.1,15.9,19.6,8.9,13.0,30.2,43003.5
2023-07-03,26.7,16.6,21.8,0.1,11.3,28.4,50583.2
2023-07-04,29.3,15.6,23.0,1.3,10.5,21.6,49898.21
2023-07-05,25.5,17.7,21.3,0.2,9.7,20.5,38367.99
2023-07-06,27.3,17.6,22.0,1.1,20.0,40.7,45259.11
2023-07-07,24.3,17.7,20.1,7.5,18.4,48.2,49472.87
2023-07-08,25.3,15.8,20.2,0.0,19.1,41.8,50350.96
2023-07-09,26.7,14.2,20.9,0.0,14.9,33.8,50443.16
2023-07-10,29.0,14.8,22.4,0.0,9.9,26.3,50292.98
2023-07-11,31.0,18.4,24.7,0.0,12.6,29.2,50144.67
2023-07-12,33.0,18.7,26.6,0.0,11.4,27.0,47372.99
2023-07-13,35.6,19.5,27.3,0.6,23.9,50.8,50075.61
2023-07-14,27.5,20.0,23.3,0.2,28.3,57.6,49821.3
2023-07-15,31.3,17.9,24.9,0.0,7.1,19.1,49890.65
2023-07-16,33.6,20.2,27.3,0.0,8.2,20.9,49746.97
2023-07-17,34.3,21.1,28.2,0.0,9.2,22.3,49705.85
2023-07-18,31.3,22.5,26.7,0.0,11.4,28.1,49565.25
2023-07-19,32.7,19.8,27.1,0.0,8.7,25.6,49521.61
2023-07-20,27.8,17.8,22.8,0.7,9.9,25.9,41975.17
2023-07-21,32.7,18.7,25.7,0.0,12.8,27.0,49235.11
2023-07-22,28.1,18.5,23.7,1.1,15.1,34.6,48817.72
2023-07-23,27.0,17.5,22.0,0.5,22.5,46.1,45533.13
2023-07-24,31.8,18.7,25.9,0.0,13.3,27.0,49079.29
2023-07-25,35.0,20.8,26.2,0.3,14.5,40.7,39216.42
2023-07-26,22.8,16.6,19.9,16.9,16.1,34.9,12176.14
2023-07-27,20.5,14.0,17.3,0.2,21.9,46.4,44728.41
2023-07-28,26.7,11.9,19.9,0.0,7.1,19.1,48701.63
2023-07-29,29.2,16.8,23.0,0.0,6.1,15.5,48267.14
2023-07-30,29.5,17.2,22.7,6.7,12.7,51.8,46800.0
2023-07-31,24.8,17.3,20.7,1.6,18.1,38.5,43464.75
2023-08-01,27.7,13.9,21.4,0.0,10.7,25.6,46800.0
2023-08-02,23.2,17.0,20.1,0.6,16.4,33.8,37129.89
2023-08-03,31.5,17.5,24.9,0.0,6.9,18.0,47674.43
2023-08-04,33.8,20.0,27.2,0.0,12.2,28.1,47425.38
2023-08-05,31.4,19.4,25.4,33.7,21.2,45.4,41815.32
2023-08-06,22.8,14.3,18.2,19.8,15.5,35.6,39600.0
2023-08-07,21.9,13.2,17.1,0.7,13.2,30.2,42050.03
2023-08-08,19.6,11.8,15.5,0.2,16.3,35.3,46405.37
2023-08-09,23.5,10.1,17.3,0.0,6.2,19.1,46660.76
2023-08-10,21.6,13.7,17.5,1.1,8.4,23.4,46620.9
2023-08-11,23.5,12.0,17.6,0.1,12.4,29.5,46651.89
2023-08-12,24.4,11.5,18.2,0.0,10.4,25.2,46592.83
2023-08-13,25.5,12.1,19.1,0.0,8.9,21.2,46429.71
2023-08-14,28.1,14.8,21.5,0.0,12.1,31.3,46365.74
2023-08-15,24.0,16.7,20.5,1.3,14.3,33.8,45426.88
2023-08-16,24.3,16.7,19.8,9.4,9.2,27.7,42771.66
2023-08-17,26.6,16.8,21.4,12.5,8.4,23.4,44224.5
2023-08-18,29.3,17.7,23.2,0.0,9.5,28.1,46107.82
2023-08-19,29.3,17.7,23.2,0.0,9.1,20.9,46043.0
2023-08-20,30.2,17.5,23.9,0.0,11.8,27.4,45978.1
2023-08-21,31.3,19.1,24.5,0.0,15.4,34.2,45913.18
2023-08-22,30.7,18.5,24.9,0.0,7.6,19.8,45848.23
2023-08-23,31.1,18.8,25.3,0.6,7.9,16.9,45739.25
2023-08-24,29.1,19.5,24.2,0.3,11.3,30.6,44625.79
2023-08-25,30.7,18.8,24.9,0.0,7.8,15.1,45418.08
2023-08-26,32.4,18.8,25.5,0.0,8.4,18.7,45256.77
2023-08-27,33.5,19.6,26.5,0.0,12.5,29.5,45093.87
2023-08-28,33.7,23.1,27.8,0.0,20.4,43.6,44929.32
2023-08-29,26.8,18.8,23.6,5.5,15.1,37.4,29621.95
2023-08-30,25.7,17.2,20.7,0.2,10.5,24.1,38189.26
2023-08-31,24.3,13.4,18.7,0.6,17.3,38.5,44199.39
2023-09-01,23.6,14.3,18.9,0.4,7.7,20.9,43135.73
2023-09-02,25.8,13.7,19.5,0.0,9.0,16.2,43813.86
2023-09-03,27.3,14.7,20.4,0.2,20.7,42.1,37509.57
2023-09-04,18.7,14.1,16.1,2.9,20.2,47.5,11897.73
2023-09-05,23.5,13.8,18.2,1.4,15.9,36.7,41553.89
2023-09-06,25.5,13.0,19.5,0.0,14.2,31.0,42394.1
2023-09-07,25.5,13.3,19.5,0.0,11.7,27.7,41712.53
2023-09-08,26.1,13.1,19.8,0.0,13.2,31.7,42186.45
2023-09-09,26.4,12.7,19.8,0.0,9.8,22.0,42024.22
2023-09-10,26.8,12.5,19.5,0.0,8.8,21.2,41500.26
2023-09-11,26.8,13.0,19.7,0.0,11.8,27.4,41238.88
2023-09-12,29.1,13.3,20.8,0.0,11.5,26.6,41200.16
2023-09-13,29.9,14.4,22.3,0.0,9.0,20.5,40226.7
2023-09-14,25.5,16.9,20.0,1.6,9.0,20.9,16096.55
2023-09-15,23.3,15.8,18.9,0.7,10.5,24.1,35512.43
2023-09-16,24.0,15.0,19.1,1.4,9.7,23.4,39606.9
2023-09-17,25.0,16.1,19.9,0.3,12.8,26.6,39630.05
2023-09-18,25.1,15.9,19.9,0.0,18.9,41.4,39648.46
2023-09-19,27.1,17.0,21.0,1.6,17.2,33.1,36731.88
2023-09-20,24.8,14.4,19.4,0.0,8.4,15.1,39600.0
2023-09-21,26.8,16.2,20.9,1.0,17.2,39.2,31902.07
2023-09-22,29.2,16.8,22.1,0.0,15.2,32.8,39600.0
2023-09-23,31.9,17.6,23.6,0.0,17.1,38.5,39600.0
2023-09-24,19.9,15.0,17.6,3.6,14.3,33.5,25679.29
2023-09-25,22.3,12.9,16.8,31.6,11.8,32.4,28652.22
2023-09-26,24.4,12.9,17.9,0.0,17.9,38.5,39522.66
2023-09-27,24.0,11.6,17.5,0.0,18.6,40.0,39409.57
2023-09-28,24.3,10.5,16.8,0.0,14.4,32.0,39296.78
2023-09-29,24.4,10.6,17.1,0.0,6.5,14.4,39184.41
2023-09-30,24.3,10.8,16.7,0.0,10.4,23.4,39072.59
2023-10-01,18.8,14.0,16.2,4.9,19.3,40.3,14988.56
2023-10-02,19.7,10.6,14.5,0.0,13.2,32.8,38724.79
2023-10-03,21.7,8.8,14.7,0.0,10.5,25.2,38542.44
2023-10-04,22.8,10.1,16.3,0.0,17.4,38.9,38193.65
2023-10-05,20.6,9.7,14.9,0.0,9.4,18.7,38179.49
2023-10-06,19.9,10.6,14.6,0.0,14.5,32.0,31217.18
2023-10-07,20.8,7.8,13.5,0.0,7.0,15.8,37814.32
2023-10-08,24.2,10.6,17.1,0.0,24.7,52.9,22284.44
2023-10-09,20.6,7.3,13.9,0.0,14.2,31.3,37446.05
2023-10-10,20.1,12.8,16.1,0.6,16.0,36.4,29355.25
2023-10-11,20.4,9.6,14.1,0.0,8.5,22.0,37075.7
2023-10-12,23.2,10.2,15.2,0.0,10.4,24.5,36889.49
2023-10-13,23.7,10.3,16.4,0.0,8.2,14.0,36158.16
2023-10-14,24.2,11.6,16.7,0.0,6.7,18.0,36401.43
2023-10-15,21.4,9.3,14.1,1.1,22.7,47.5,24090.21
2023-10-16,12.2,6.4,8.9,0.4,17.0,35.6,34811.2
2023-10-17,12.3,2.1,7.1,0.0,8.2,20.9,14603.84
2023-10-18,15.4,2.6,8.8,0.0,12.9,29.9,35117.25
2023-10-19,19.6,9.5,14.4,0.0,18.6,40.3,32400.0
2023-10-20,26.2,14.8,19.2,0.0,23.1,47.5,34442.19
2023-10-21,24.8,17.5,20.7,0.0,20.1,42.5,7556.25
2023-10-22,24.1,13.2,18.5,0.0,20.9,44.6,34329.55
2023-10-23,22.4,10.8,16.2,0.0,6.6,14.8,34279.11
2023-10-24,23.2,9.7,16.5,0.0,16.5,32.8,31066.81
2023-10-25,22.7,14.4,18.2,2.7,14.4,31.0,31794.23
2023-10-26,22.0,12.1,16.8,0.0,12.0,29.2,33765.56
2023-10-27,21.7,14.9,17.5,5.6,18.1,40.3,3600.0
2023-10-28,18.8,10.4,14.0,0.8,10.9,31.3,32186.23
2023-10-29,21.1,8.4,14.5,0.0,12.0,27.0,33338.58
2023-10-30,22.0,8.1,15.0,0.0,14.5,29.2,33177.35
2023-10-31,21.5,12.9,16.0,8.6,21.6,51.5,9501.92
2023-11-01,15.9,9.8,12.1,0.0,11.6,24.8,32476.71
2023-11-02,17.6,9.5,12.9,0.1,15.8,31.7,29523.95
2023-11-03,20.2,11.5,14.9,2.0,29.0,66.2,8156.57
2023-11-04,16.9,8.8,12.3,0.1,12.4,26.3,16544.91
2023-11-05,20.7,8.0,13.2,1.6,24.6,53.6,31883.61
2023-11-06,19.1,9.5,13.9,0.0,12.9,27.0,31867.2
2023-11-07,18.7,7.7,13.2,0.2,11.6,25.9,30687.65
2023-11-08,12.8,5.1,10.6,8.6,14.8,32.0,3600.0
2023-11-09,12.8,2.2,7.0,0.0,13.2,26.3,31523.75
2023-11-10,12.4,6.7,9.6,1.0,22.7,47.2,13321.09
2023-11-11,14.6,5.8,9.8,5.7,23.9,50.0,22293.82
2023-11-12,11.2,2.1,6.6,0.0,14.2,30.6,28378.09
2023-11-13,14.3,2.3,7.5,0.0,7.4,22.3,31231.53
2023-11-14,17.9,4.7,9.8,0.0,9.4,21.2,31142.28
2023-11-15,13.2,7.9,10.6,11.8,17.8,36.4,2086.01
2023-11-16,12.8,5.7,8.5,0.3,13.6,31.3,30847.13
2023-11-17,11.7,5.5,8.1,7.9,24.3,48.2,16839.11
2023-11-18,5.5,1.7,3.8,3.6,33.4,72.0,10161.87
2023-11-19,7.4,0.2,4.0,0.0,20.7,43.6,27970.93
2023-11-20,13.3,1.8,6.6,0.0,7.4,17.3,30277.02
2023-11-21,10.9,3.1,6.5,8.2,13.5,30.6,5223.15
2023-11-22,7.5,6.7,7.0,23.8,10.7,23.0,0.0
2023-11-23,6.5,1.3,3.4,0.1,11.8,25.9,0.0
2023-11-24,11.4,1.1,6.2,12.5,10.2,21.6,13332.14
2023-11-25,5.2,0.3,1.7,14.4,23.7,48.6,0.0
2023-11-26,2.1,-1.7,-0.1,3.6,27.0,55.8,22941.46
2023-11-27,6.7,-1.9,1.9,0.6,17.6,38.9,27699.57
2023-11-28,8.0,0.8,4.8,11.4,27.7,59.4,382.76
2023-11-29,4.3,-3.3,1.1,0.8,13.5,29.9,0.0
2023-11-30,9.5,-4.1,3.5,0.0,22.5,46.4,23355.5
2023-12-01,18.3,8.8,13.5,0.0,19.5,41.4,8398.68
2023-12-02,19.1,9.0,13.6,0.8,23.5,51.1,24839.97
2023-12-03,9.9,-2.5,1.8,0.2,17.6,38.2,0.0
2023-12-04,1.8,-6.3,-2.2,0.0,18.4,38.2,28667.16
2023-12-05,5.9,-1.0,1.8,0.0,17.8,37.8,20744.21
2023-12-06,4.0,1.3,2.1,4.2,16.5,35.6,0.0
2023-12-07,3.4,0.7,1.9,0.7,11.7,27.4,0.0
2023-12-08,2.8,-3.6,1.1,0.3,10.8,23.0,0.0
2023-12-09,4.3,-4.1,-0.9,0.0,10.7,25.6,19650.05
2023-12-10,5.0,-2.3,1.5,3.3,10.3,22.7,7622.31
2023-12-11,8.3,-2.0,2.8,0.1,11.3,25.2,27847.46
2023-12-12,11.8,2.7,6.5,0.0,9.1,18.7,26387.37
2023-12-13,14.2,5.6,9.4,0.0,19.5,41.4,17452.51
2023-12-14,10.5,6.2,7.9,15.4,17.3,34.9,0.0
2023-12-15,6.5,3.0,5.0,1.7,18.7,40.0,2577.93
2023-12-16,2.6,-0.6,0.7,0.4,17.6,36.4,695.76
2023-12-17,5.2,-2.6,0.9,0.0,6.4,14.0,27648.27
2023-12-18,8.8,-3.2,1.3,0.0,6.6,11.5,27647.75
2023-12-19,10.4,-2.6,1.4,0.0,8.6,13.3,27650.29
2023-12-20,10.1,-2.7,2.5,0.0,9.4,20.5,22896.1
2023-12-21,7.5,1.4,3.3,0.0,11.4,24.1,26315.92
2023-12-22,7.4,2.2,5.5,4.1,17.7,37.4,3071.23
2023-12-23,5.8,1.9,3.9,9.9,23.8,49.7,7970.01
2023-12-24,12.6,5.0,7.8,0.7,11.9,25.9,27253.52
2023-12-25,15.4,3.6,7.4,0.0,11.0,23.4,27557.19
2023-12-26,14.0,2.6,6.5,0.0,8.1,15.5,27499.4
2023-12-27,11.0,1.7,6.1,0.0,7.4,16.6,27447.88
2023-12-28,12.5,1.1,4.6,0.0,7.6,16.2,27576.27
2023-12-29,11.0,0.5,4.3,0.0,6.4,11.2,26386.08
2023-12-30,11.3,-0.3,4.5,0.0,7.1,17.6,25499.75
2023-12-31,11.5,0.5,4.9,0.0,9.1,20.9,27633.25
