Country,Date,Temp_Max,Temp_Min,Temp_Mean,Precipitation_Sum,Windspeed_Max,Windgusts_Max,Sunshine_Duration
Spain,01-01-2000,10.7,-2.1,3,0,6.9,12.6,29138.53
Spain,02-01-2000,10.1,-2,3.2,0,5.4,12.2,29916.33
Spain,03-01-2000,9,-1.6,2.7,0,5.8,14,29968.82
Spain,04-01-2000,8.6,-1.4,2.6,0,7.3,13.3,30025.69
Spain,05-01-2000,6.6,-1.2,1.7,0,4.7,16.2,30086.79
Spain,06-01-2000,8.3,-1.2,2.3,0,6.5,14,30152
Spain,07-01-2000,10.5,-2.6,2.7,0,5.8,12.6,30221.15
Spain,08-01-2000,9.8,-2.1,2.4,0,7.6,13,30294.13
Spain,09-01-2000,6,-0.8,2.1,3.6,9.7,22,16940.83
Spain,10-01-2000,7.6,-0.2,2.8,0,16.6,36,30450.95
Spain,11-01-2000,8.5,0.6,3.6,0.1,12.2,26.3,30534.52
Spain,12-01-2000,7.8,-0.4,3,0,10.5,16.6,30621.33
Spain,13-01-2000,6.4,-0.3,2.6,0.9,12.6,27.7,24245.88
Spain,14-01-2000,4.6,0.5,2.2,19.7,8,28.1,15131.91
Spain,15-01-2000,5.3,-2.5,0.8,0.6,14.3,28.1,30899.89
Spain,16-01-2000,6.9,-0.1,2.6,0,15.8,36,23429.2
Spain,17-01-2000,9.2,-1.7,2.8,0,8.9,17.3,31099.32
Spain,18-01-2000,11,-2.5,2.6,0,6,14.4,31202.74
Spain,19-01-2000,11.9,-2.9,3,0,14.1,29.2,31308.85
Spain,20-01-2000,8.8,-2.8,2.1,0,12.1,28.8,31418.75
Spain,21-01-2000,10.3,-1.9,2.6,0,5.6,13,31532.33
Spain,22-01-2000,9.1,-2.6,1.7,0,6.2,12.6,31649.38
Spain,23-01-2000,8.4,-2.9,1.5,0,12.8,28.8,31769.68
Spain,24-01-2000,6.3,-3.1,0.5,0,7.6,22.3,31893.03
Spain,25-01-2000,5.3,-3.5,-0.2,0,7.2,20.9,32019.21
Spain,26-01-2000,6.1,-2.8,1.7,2.5,9.2,23.4,7716.34
Spain,27-01-2000,9.5,0.9,4.1,2.6,9.3,21.6,32249.91
Spain,28-01-2000,10.5,-1.1,3.8,0,8.7,15.5,32328.94
Spain,29-01-2000,10.9,-2.1,3.7,0,6.9,12.6,32406.63
Spain,30-01-2000,13.9,-1.3,5.6,0,5.8,12.6,32428.5
Spain,31-01-2000,14.5,2.6,8.5,0,6.5,14.8,32400
Spain,01-02-2000,14.3,6.2,9.7,0.3,13.9,50,24052.5
Spain,02-02-2000,15.1,5.7,9.6,0,12.1,25.9,32400
Spain,03-02-2000,16.1,1,7.6,0,8.9,17.3,32527.19
Spain,04-02-2000,15.7,0.3,6.6,0,7.3,16.2,32636.66
Spain,05-02-2000,14,1.2,7.5,0,8.4,15.5,32400
Spain,06-02-2000,14.1,0.5,6.8,0,9.5,23.8,29142.52
Spain,07-02-2000,14.1,1.8,7.2,0,8.9,20.2,32400
Spain,08-02-2000,16.9,2.1,8.9,0,10,22,32749.18
Spain,09-02-2000,14.3,3.8,8.4,0,7.4,18.4,33061.58
Spain,10-02-2000,14.8,1,7.6,0,8.6,22.3,30997.3
Spain,11-02-2000,14,4.9,9.7,0,7.4,17.3,31583.35
Spain,12-02-2000,13.5,2.9,7.6,0,9.8,26.6,34122.18
Spain,13-02-2000,15.7,0.5,6.7,0,8.8,18.7,34467.52
Spain,14-02-2000,16.7,1.9,9,0,6.5,15.5,34609.64
Spain,15-02-2000,17,2.7,9.1,0,9.3,23.4,34926.6
Spain,16-02-2000,13.1,3.9,8,0,18.8,40.7,33904.01
Spain,17-02-2000,13.4,2.7,7.9,0,17.1,40.3,34490.7
Spain,18-02-2000,17.2,2.5,9.2,0,8.7,20.5,35494.69
Spain,19-02-2000,18.1,2.1,9.5,0,8.3,16.9,35696.45
Spain,20-02-2000,16.6,1.3,8.7,0,6.8,16.6,35858.48
Spain,21-02-2000,16.9,1,8.7,0,8.7,22.3,36020.81
Spain,22-02-2000,15.9,2,8.8,0.4,12.7,29.5,31468.85
Spain,23-02-2000,14.8,4.7,9.2,0,14.1,32.4,33211.66
Spain,24-02-2000,16.5,2.4,9.1,0,6.5,19.4,36508.1
Spain,25-02-2000,18,3.2,10.2,0,7.6,22.3,36670.18
Spain,26-02-2000,18.3,3.3,10.4,0,6.7,18,36831.88
Spain,27-02-2000,18.3,3.7,10.5,0,6.5,18,36993.05
Spain,28-02-2000,17.7,4.9,11.5,0,7.1,20.5,33527.43
Spain,29-02-2000,18,2.1,9.8,0,13.6,32,37315.26
Spain,01-03-2000,15.3,3,9,0,16.8,39.6,37477.76
Spain,02-03-2000,15.6,1.4,8.5,0,9.9,21.2,37641.13
Spain,03-03-2000,17.7,1.5,10.1,0,9.4,25.2,37805.25
Spain,04-03-2000,18.5,1.8,10.6,0,6.8,15.5,37969.99
Spain,05-03-2000,18.5,3.8,11.4,0,10.3,23.8,38135.23
Spain,06-03-2000,19.2,4,11.8,0,8.1,20.5,38300.84
Spain,07-03-2000,17.5,5.9,11.6,0.7,8.2,19.1,30361.04
Spain,08-03-2000,20.7,4.9,12.6,0,9,22.3,38632.71
Spain,09-03-2000,21.9,4.6,13,0,8.7,16.2,38798.73
Spain,10-03-2000,22.5,4.9,13.7,0,8,20.5,38964.66
Spain,11-03-2000,22.7,5.4,13.8,0,8.9,19.8,36598.53
Spain,12-03-2000,19,10.2,14.1,0,9.1,25.9,39185.86
Spain,13-03-2000,19.9,5.1,12.5,0.3,9,31.3,39251.71
Spain,14-03-2000,19.9,3.9,12.5,0,13.7,31.7,39352.88
Spain,15-03-2000,19.8,6.2,13.1,0,18.9,43.2,39421.55
Spain,16-03-2000,19.3,3.6,11.7,0,12.4,35.6,39583.16
Spain,17-03-2000,19.9,4.7,12.5,0,13.8,29.2,39716.18
Spain,18-03-2000,21.2,2.8,12.1,0,17.5,39.2,39859.58
Spain,19-03-2000,17,3.9,10.9,0,16.8,36.7,39973.1
Spain,20-03-2000,15.8,5.8,10.2,0.1,18,38.5,39689.66
Spain,21-03-2000,15.8,6.3,10.3,3.9,16.4,37.1,35817.03
Spain,22-03-2000,10.7,6.4,9,13.5,11.7,25.9,1384.06
Spain,23-03-2000,11.9,5.3,8.7,3.8,15.8,37.1,29315.89
Spain,24-03-2000,13.2,4.7,8.4,0,12.2,29.5,39948.98
Spain,25-03-2000,13.6,4.1,8.7,0.8,11.8,32.8,40677.92
Spain,26-03-2000,14.7,0.1,8.1,0,12.8,31,41080.8
Spain,27-03-2000,16.2,2.4,9.5,0,16.8,35.3,40397.49
Spain,28-03-2000,10.7,2.2,7.1,0.1,14.7,34.6,41074.45
Spain,29-03-2000,11.4,-0.1,5.9,0.4,11.8,29.2,41378.2
Spain,30-03-2000,11.1,3.8,7.3,1,12.4,35.3,37804.62
Spain,31-03-2000,15,5.6,9.5,1.2,15.7,39.2,36612.14
Spain,01-04-2000,16.3,3.9,9.6,0,17.2,38.5,41672.88
Spain,02-04-2000,11.9,7.1,9.2,16.3,24.8,65.9,3465.24
Spain,03-04-2000,10.5,3.7,6.8,2.5,27,65.9,37807.33
Spain,04-04-2000,12,5.1,7.7,1.1,18.4,42.8,35013.71
Spain,05-04-2000,11.4,1.2,6.9,0,13.7,29.2,34562.25
Spain,06-04-2000,14.6,-0.3,7.7,0,8.7,23,42954.6
Spain,07-04-2000,17.7,4.6,10.7,0,13.7,33.1,39950.86
Spain,08-04-2000,11.1,6.5,8.9,4.9,14.7,30.6,0
Spain,09-04-2000,13.1,6.7,9.6,4.2,10.2,28.8,33812.95
Spain,10-04-2000,12.2,5.6,8.4,4.3,17.1,38.2,37294.95
Spain,11-04-2000,14.9,5,9.5,0.1,18.2,43.2,43572.12
Spain,12-04-2000,11.7,4.8,8.5,0,26.2,55.8,24685.33
Spain,13-04-2000,12.9,6.1,9.2,0.1,22.3,51.5,22896.25
Spain,14-04-2000,13.3,7.9,10.3,3.8,25.6,64.1,34029.51
Spain,15-04-2000,10.4,2.4,6.9,10.1,13.6,40.3,14602.84
Spain,16-04-2000,12.9,7.1,9.8,11.1,24,60.5,42089.94
Spain,17-04-2000,13.9,5,9,0,20.5,43.6,38559.41
Spain,18-04-2000,11.6,5.3,8.7,4.3,30.9,65.2,5741.24
Spain,19-04-2000,17.9,10.3,13,0.3,18,42.1,27438.29
Spain,20-04-2000,18.5,6.1,12.5,0,23,49,45185.38
Spain,21-04-2000,19.3,8.4,13.5,0,18.7,44.6,44223.08
Spain,22-04-2000,13,7.6,11,6.5,20.2,48.2,13556.4
Spain,23-04-2000,14.5,2.7,8.8,0.9,19.4,43.9,45361.55
Spain,24-04-2000,17.1,4.3,10.7,0,16.4,38.2,45419.9
Spain,25-04-2000,18,7.6,12.7,0,20.6,42.8,43842.27
Spain,26-04-2000,15.4,7.8,11.5,0.8,15.9,35.3,44210.78
Spain,27-04-2000,13.2,5.6,9.1,3.1,11.2,33.8,38932.01
Spain,28-04-2000,14.2,3.1,8.7,0.7,16,36,45322.66
Spain,29-04-2000,13.1,6.1,9.4,3.1,14.1,34.6,11178.65
Spain,30-04-2000,15.3,8,11.2,0.2,16.2,35.3,17988.52
Spain,01-05-2000,15.1,5.5,10.7,3.8,10.5,45.7,22777.84
Spain,02-05-2000,18.7,6.5,12.8,1.8,10.5,23,46325.95
Spain,03-05-2000,21.1,10.2,14.9,1.3,12.9,31.3,29694.72
Spain,04-05-2000,18.1,10.4,13.6,24.7,10.1,28.1,26344.72
Spain,05-05-2000,17.3,8.8,13.3,2.8,12.1,38.9,46830.54
Spain,06-05-2000,17.7,8.7,13.1,0.8,13,28.8,40253.07
Spain,07-05-2000,17,7.6,12.8,2,10.9,34.6,43144.19
Spain,08-05-2000,17.3,6.8,12,2.8,8.8,28.8,41025.29
Spain,09-05-2000,18.4,6.6,12.8,0.4,10.1,24.1,45821.81
Spain,10-05-2000,17.7,9.4,13.7,0,15,34.9,47294.45
Spain,11-05-2000,18,8.3,13,0.2,13.5,33.5,42166.18
Spain,12-05-2000,20.5,6.9,14.1,0,8.4,28.8,46805.5
Spain,13-05-2000,23.8,9.5,16.9,0,7.4,19.1,48325.07
Spain,14-05-2000,26.3,10.1,18.4,0,7.4,18,48433.21
Spain,15-05-2000,27.4,12,20,0,9,22.7,48538.87
Spain,16-05-2000,26.7,12.2,19.9,0,9.7,19.8,45278.38
Spain,17-05-2000,24.5,14.5,19.2,1.4,13.6,32.8,47346.06
Spain,18-05-2000,24.6,12.6,18.9,0.2,10.8,23.8,48468.66
Spain,19-05-2000,25.5,12.9,19.5,0,8.4,23.8,48923.29
Spain,20-05-2000,24.7,12.8,19.1,0,11.5,27.7,48967.04
Spain,21-05-2000,20.6,12.7,17.3,3.9,9.7,28.1,42331.5
Spain,22-05-2000,22,10.2,16.6,0,10.3,25.9,46536.87
Spain,23-05-2000,23.8,10.2,17.6,0,8.4,20.5,45567.25
Spain,24-05-2000,24.3,12.4,18.7,0,8.8,24.5,49125.43
Spain,25-05-2000,24.1,13.3,18.7,0,9.9,22.7,48029.43
Spain,26-05-2000,22.6,13.6,18.3,0.3,15.8,34.2,39146.89
Spain,27-05-2000,23.1,11.3,17.7,0.3,13.8,30.2,49226.62
Spain,28-05-2000,25,10.9,18.6,0,16.3,34.6,46427.58
Spain,29-05-2000,26.7,14.3,20.6,0,9.2,25.9,49285.58
Spain,30-05-2000,29.6,13.4,22.1,0,9.2,23,49312.5
Spain,31-05-2000,31,14.2,23.6,0,8.3,19.8,49337.69
Spain,01-06-2000,31.5,16.3,24.3,1,14,35.6,48116.33
Spain,02-06-2000,30.2,17.2,24,0,12,29.9,49382.85
Spain,03-06-2000,30.1,15.1,23.5,0,8.1,22.3,49402.8
Spain,04-06-2000,22.6,16.1,19.5,2.2,16.8,37.4,38029.03
Spain,05-06-2000,23.9,14.5,19,0.9,18.4,40.7,49472.08
Spain,06-06-2000,23.9,9.2,17.1,0,12.9,28.1,49556.61
Spain,07-06-2000,27.1,9.3,19.2,0,9.4,22.7,49643.69
Spain,08-06-2000,29.5,13.4,22.7,0,15.1,36.4,49503.03
Spain,09-06-2000,21.2,12.3,17.5,0.8,23.5,50,44343.31
Spain,10-06-2000,19.7,8.9,14,0,20.7,48.2,49754.62
Spain,11-06-2000,23.5,10.4,16.8,0,14.4,36,49679.49
Spain,12-06-2000,26.8,8.6,18.8,0,14.5,32,49766.96
Spain,13-06-2000,28.1,12.5,20.9,0,10,24.1,49683.89
Spain,14-06-2000,29.3,15.4,22.8,0,14.9,32.4,49770.42
Spain,15-06-2000,31.5,17.1,24.7,0,13.4,29.2,49857.88
Spain,16-06-2000,32.4,16.6,25.6,0,12.6,28.4,49855.8
Spain,17-06-2000,33.9,16,26.1,0,12.6,32,49943.15
Spain,18-06-2000,32.8,17.1,26.3,0,15.5,32.8,49938.24
Spain,19-06-2000,31.4,16.8,24.9,0,15.5,38.9,49837.81
Spain,20-06-2000,28,18,23.2,0,18.2,45.4,49828.14
Spain,21-06-2000,29.2,14.4,22.5,0,12.9,28.8,49721.53
Spain,22-06-2000,31,17.1,24.7,0,11.3,32.8,49899.54
Spain,23-06-2000,32.7,16.4,25.7,0,9.9,27.7,49885.45
Spain,24-06-2000,32.5,17.9,25.4,0,18.7,43.6,49869.74
Spain,25-06-2000,33.7,19.6,26.9,0,16.8,33.8,49755.36
Spain,26-06-2000,34.2,19.4,27.6,0,17.6,42.1,49736.42
Spain,27-06-2000,30.9,21,26,0,20.4,47.2,49910.73
Spain,28-06-2000,31.7,17.8,25,0,14.5,33.8,49694
Spain,29-06-2000,32.6,17,25.9,0,14.6,30.6,49572.71
Spain,30-06-2000,33,18.5,26.4,0,21.7,46.8,49837.31
Spain,01-07-2000,30.9,17.3,25.3,0,23.2,54,49808.59
Spain,02-07-2000,29.3,17.5,23.7,0,22.5,51.8,45611.55
Spain,03-07-2000,26.3,16.6,21.6,0,26.6,55.1,49363.35
Spain,04-07-2000,26.6,14,20.6,0,9.5,26.6,49615.84
Spain,05-07-2000,30.8,13.5,23.3,0,12.7,31.3,49674.3
Spain,06-07-2000,32.9,16.5,25.6,0,22.7,52.2,49543.16
Spain,07-07-2000,31,15.4,24.4,0,11.5,28.1,49504.47
Spain,08-07-2000,29,16.2,23,0,17.4,40,49464.25
Spain,09-07-2000,30.8,15.2,23.4,0,17.7,36,49332.86
Spain,10-07-2000,24.2,17.3,21,0.5,16.9,43.6,28647.68
Spain,11-07-2000,24.2,13,19.2,0,11,28.4,49248.37
Spain,12-07-2000,27.1,12.5,19.9,0,10.2,27,49204.34
Spain,13-07-2000,30.8,15.5,23.5,0,13.4,26.6,49075.7
Spain,14-07-2000,31.7,15.6,24.7,0,15.2,36.7,48949.83
Spain,15-07-2000,31.3,16.3,24.4,0,14.7,34.6,48906.69
Spain,16-07-2000,31.1,17.3,24.5,0,13.2,29.9,48785.52
Spain,17-07-2000,31.8,19.3,25.4,0,14,32,47807.98
Spain,18-07-2000,31.8,19.4,26.1,0,14.8,39.2,48156.09
Spain,19-07-2000,33.4,19.6,26.8,0,14.1,33.1,48642.42
Spain,20-07-2000,34.4,17.4,27.3,0,12.2,31.7,48609.02
Spain,21-07-2000,35.9,18,28.2,0,14.5,33.1,48497.91
Spain,22-07-2000,31.2,19.6,26.1,0,20.4,47.2,48335.61
Spain,23-07-2000,26.9,16.4,22.2,0,23.7,54.7,44697.43
Spain,24-07-2000,26.8,15,21,1.1,21.4,45.4,40657.01
Spain,25-07-2000,26,17,20.9,0.2,25.2,56.9,46364.75
Spain,26-07-2000,28.4,13.7,21.4,0,9.7,26.3,47713.91
Spain,27-07-2000,31.6,18.1,25,0,18.3,44.3,47909.84
Spain,28-07-2000,31.9,16.6,25.1,0,11.9,23.4,47580.57
Spain,29-07-2000,33,18.7,26,0,15.3,33.5,47466.73
Spain,30-07-2000,34.7,20.5,27.8,0,17.1,36.4,47357.78
Spain,31-07-2000,36.7,19.5,29.1,0,12,28.1,47441.48
Spain,01-08-2000,36.4,20.3,29.1,1.7,20.7,49.3,47336.67
Spain,02-08-2000,36,21.9,29.6,0,21.7,48.6,47324.7
Spain,03-08-2000,28.6,16.9,23.4,0,19.9,41.4,47132.34
Spain,04-08-2000,26.2,13.8,20,0,20.1,41.4,47061.62
Spain,05-08-2000,26.7,13.3,19.9,0,20.5,42.1,46911.49
Spain,06-08-2000,27.4,13.9,20.7,0,18.3,40.3,46766.12
Spain,07-08-2000,29.5,15.5,22.7,0,16.1,34.9,46695.48
Spain,08-08-2000,31.7,15.1,24.1,0,7.4,19.8,46622.21
Spain,09-08-2000,33.9,16.7,26.1,0,6.8,19.4,46546.34
Spain,10-08-2000,34.9,17.3,27,0,12.8,30.6,46409.43
Spain,11-08-2000,30,20.8,25.5,0.2,21.3,52.9,46278.35
Spain,12-08-2000,28.8,17.3,23.1,0,9.6,21.2,43257.7
Spain,13-08-2000,32.1,17.4,25.3,0,13.2,32.8,46085.63
Spain,14-08-2000,34.2,17.8,26.8,0,7.6,23.4,46007.17
Spain,15-08-2000,35.8,21.4,28.8,0,11.8,25.9,45927.55
Spain,16-08-2000,36.2,20.4,28.7,0,15,41,45846.85
Spain,17-08-2000,35.7,19.3,28,0,16.5,38.9,45539.16
Spain,18-08-2000,33.2,21.1,27.8,0,18.1,45,45682.54
Spain,19-08-2000,33.5,20.3,26.9,0,23.7,52.2,45599.09
Spain,20-08-2000,29.8,19,24.5,0,22.2,51.1,45514.9
Spain,21-08-2000,27.3,15.5,22.3,0,15.5,37.1,45430.04
Spain,22-08-2000,26.8,15,20.7,0,19.7,46.8,45309.43
Spain,23-08-2000,27.6,13,20.7,0,15.7,38.2,45168.21
Spain,24-08-2000,31.2,14.8,23.8,0,18.6,43.2,45026.6
Spain,25-08-2000,29.9,18.6,24.8,0.2,16.9,40.7,43704.77
Spain,26-08-2000,28.3,14.5,22.6,0,10.7,24.8,44509.48
Spain,27-08-2000,28.3,15.5,22.1,0,12.5,31,44598.23
Spain,28-08-2000,29.9,16.8,23.1,0,15.8,36.7,37882.43
Spain,29-08-2000,32.3,15.2,24.5,0,16.3,39.2,42905.2
Spain,30-08-2000,30.4,17.2,24.4,0,17.1,40.3,44036.29
Spain,31-08-2000,29.5,15.5,22.6,0,11.7,28.4,43734.54
Spain,01-09-2000,31.8,13.9,23.6,0,11.2,28.8,43447.89
Spain,02-09-2000,31.2,14.6,23.5,0,10.9,24.5,43177.62
Spain,03-09-2000,30.2,17,23.6,0,16.1,33.1,42925.14
Spain,04-09-2000,27.2,15.6,21.5,0,15.8,33.5,42853.38
Spain,05-09-2000,28.2,14.1,21.6,0,13.9,27.7,42703.45
Spain,06-09-2000,30.8,13.2,22.5,0,7.9,21.2,42333
Spain,07-09-2000,33.2,14.1,24.6,0,9.2,19.8,42370.81
Spain,08-09-2000,32.9,17.6,25.8,0,11,25.2,42258.23
Spain,09-09-2000,32,18,25.5,0,10.5,25.9,42164.13
Spain,10-09-2000,32.9,18.5,25.8,0,8,22.3,42107.59
Spain,11-09-2000,30.2,19.2,25.2,0.1,16.8,32.4,42050.91
Spain,12-09-2000,30.7,15.9,23.6,0,8.4,23.4,41994.1
Spain,13-09-2000,31.3,17.5,24.8,0,15.5,37.4,41937.14
Spain,14-09-2000,31.4,19.8,25.5,0,15.4,36.4,41861.16
Spain,15-09-2000,31.5,15.6,23.9,0,15.1,36,41706.18
Spain,16-09-2000,30.2,18.8,24.5,0,17.1,41.4,41550.1
Spain,17-09-2000,27.2,15.6,21.1,0.2,14.4,38.2,41392.98
Spain,18-09-2000,25,15.3,20.6,0,14.8,37.4,41234.92
Spain,19-09-2000,19.6,14,17,0.4,21.1,53.6,35408.17
Spain,20-09-2000,19.8,9,13.9,1.7,14.8,39.2,40916.34
Spain,21-09-2000,23.1,7.6,15.8,0,5.4,19.1,40756.01
Spain,22-09-2000,26.6,9.3,17.8,0,7,21.6,40595.12
Spain,23-09-2000,28,11.5,19.8,0,11.3,28.1,40433.78
Spain,24-09-2000,26.8,15.8,21.6,0,14.1,35.6,40219.97
Spain,25-09-2000,28.7,13,21.2,0,8.6,26.3,40110.08
Spain,26-09-2000,27.4,14.3,21,0.8,14.1,37.4,39739.14
Spain,27-09-2000,25.1,13.3,19.6,0,13.6,30.6,39726.34
Spain,28-09-2000,20.6,12.6,15.7,2.7,19.6,63.4,12736.44
Spain,29-09-2000,19.2,10.4,14.6,0.4,17.4,39.6,37670.19
Spain,30-09-2000,18.5,8.4,13.5,0,13.5,33.5,37107.45
Spain,01-10-2000,19.2,8.2,13.9,0,17.3,40,35292.14
Spain,02-10-2000,23.1,12,17.3,0,9.4,24.8,38211.61
Spain,03-10-2000,26.7,8.8,17.2,0,6,19.4,38568.34
Spain,04-10-2000,27,10.4,18.6,0,7.5,19.8,36787.38
Spain,05-10-2000,26.6,11.9,19.3,0,15.7,27.4,37448.26
Spain,06-10-2000,22.9,12.3,17.4,0,18.8,42.1,36979.05
Spain,07-10-2000,23.3,8.2,16,0,13.8,31,37508.38
Spain,08-10-2000,25.4,8,16.7,0,8.1,17.6,37377.91
Spain,09-10-2000,25,9.5,16.7,0,13.7,33.1,36736.8
Spain,10-10-2000,19.2,13.4,16.5,0,18.4,41.8,36369.26
Spain,11-10-2000,16.4,11.9,13.6,7.2,32.9,70.9,3344.4
Spain,12-10-2000,14.5,8,11,5.2,15.6,32,36026.15
Spain,13-10-2000,15.4,4.7,9.8,0,17.7,37.8,36040.65
Spain,14-10-2000,15.8,5.2,10.1,0,8.9,24.1,36000
Spain,15-10-2000,15.9,5.1,10.1,0.2,10.7,27,26439.55
Spain,16-10-2000,18.1,7.8,12.3,0,8,22.3,36040.48
Spain,17-10-2000,19,5.4,11.8,0,8.8,19.4,36004.48
Spain,18-10-2000,21,7.2,13.9,0,10.5,27.4,36000
Spain,19-10-2000,21,9.8,15.3,0.3,10.1,25.6,36000
Spain,20-10-2000,16.1,11.8,14.2,5.7,10.3,24.5,0
Spain,21-10-2000,14.9,10.5,12,15,11.8,25.9,14356.95
Spain,22-10-2000,19.9,10.5,14.5,0.3,15.9,32.8,29245.85
Spain,23-10-2000,20.2,12.2,15.8,0.2,15.8,32.8,29471.4
Spain,24-10-2000,18.8,13.3,15.3,2.3,22.4,48.2,33972.43
Spain,25-10-2000,19,11.7,15.1,0,11.1,24.5,28822.61
Spain,26-10-2000,19.8,12.8,15.7,0.1,6.3,15.8,31933.19
Spain,27-10-2000,20.6,9.8,14.8,0,8.4,21.2,34979.3
Spain,28-10-2000,20.4,11,15.2,0,16.6,38.9,34825.29
Spain,29-10-2000,16.9,9.5,12.8,0,8.9,23,31884.95
Spain,30-10-2000,16.4,7.1,11.9,0.4,20.7,44.6,34517.97
Spain,31-10-2000,13.7,6.1,10.2,5.9,20.5,46.8,34364.95
Spain,01-11-2000,14,5.5,9.6,0,14.3,32.4,33689.36
Spain,02-11-2000,10.8,7.5,9.2,18.4,18.5,55.8,0
Spain,03-11-2000,11.5,4.9,9,2,17.7,39.6,33335.88
Spain,04-11-2000,12,2.1,6.7,0,11,27.7,26925.86
Spain,05-11-2000,12.3,6.5,8.5,12.8,29.1,61.2,0
Spain,06-11-2000,12.9,7.1,10.6,5.2,34.7,79.2,33235.54
Spain,07-11-2000,10.1,4.6,6.8,0,20,46.4,31015.05
Spain,08-11-2000,9.7,1.3,5.3,0,15.6,34.9,33177.42
Spain,09-11-2000,10.8,1.9,5.5,0,8.2,22.3,33036.16
Spain,10-11-2000,11.3,-0.9,5.3,0,10.8,25.9,31812.97
Spain,11-11-2000,13.7,3.1,7.9,0,8,20.5,31690.66
Spain,12-11-2000,14.7,6.7,10.3,0,25.2,51.1,24078.9
Spain,13-11-2000,11.8,6.2,9.8,7.4,19.3,42.5,25887.8
Spain,14-11-2000,9.4,2.5,5.6,0,13.7,32.4,32016.41
Spain,15-11-2000,11.5,1.2,5.3,0,11.3,27.4,32239.85
Spain,16-11-2000,8,0.3,4.2,0.2,9.4,23.4,9075.48
Spain,17-11-2000,10,2,5.9,0,17.4,33.8,31181.14
Spain,18-11-2000,11.1,0.7,5.5,0,6.8,15.5,31867.46
Spain,19-11-2000,13.4,3.4,7.6,0,11.3,27.7,28420.49
Spain,20-11-2000,11.9,7.7,9.3,0.6,17.1,38.5,22912.66
Spain,21-11-2000,9.8,3.9,7.5,0,15.8,32.8,16861.79
Spain,22-11-2000,10.9,7.6,9,13.9,22.4,51.1,0
Spain,23-11-2000,11.2,6.6,10,9,21.2,54.4,26570.65
Spain,24-11-2000,8.5,1.6,5.4,6.3,13.3,38.5,9438.57
Spain,25-11-2000,15.6,7.2,10.9,0,14.8,33.1,16689.62
Spain,26-11-2000,15.9,11.6,13,0,19.6,42.1,29209.31
Spain,27-11-2000,14,11.2,12.7,0,17.8,37.4,26807.45
Spain,28-11-2000,16.2,5,9.6,0,10.5,19.1,23595.25
Spain,29-11-2000,10.7,6.2,9.3,6.3,18.9,36.7,9271.95
Spain,30-11-2000,10.5,4.4,7.6,0,13.9,32.4,15548.97
Spain,01-12-2000,12.4,8,9.6,7,14,46.8,6677.5
Spain,02-12-2000,11.5,4.8,8.9,1.9,21.5,45.7,28078.05
Spain,03-12-2000,10.7,2.9,6.3,1.2,12.1,28.4,28947.71
Spain,04-12-2000,12.1,5.1,8.5,0.6,15.4,30.2,24349.47
Spain,05-12-2000,11.8,5.8,9.1,0.3,10.9,21.2,6770.36
Spain,06-12-2000,11.9,8.5,10,4.1,13.3,40,4445.48
Spain,07-12-2000,15.2,10.5,12.1,21.3,33.4,70.6,14614.8
Spain,08-12-2000,10.7,7,8.7,0.1,18.4,46.1,25059.59
Spain,09-12-2000,9.8,6.3,7.3,0,18.3,36.4,16402.92
Spain,10-12-2000,10.1,5.9,7.8,0.2,10.6,23.4,1373.2
Spain,11-12-2000,12.6,3.8,7.7,0,7.3,19.1,28639.06
Spain,12-12-2000,12.1,5.1,7.9,0,7.8,15.5,28737.94
Spain,13-12-2000,12.4,3.7,8.2,0,6.7,15.8,28395.93
Spain,14-12-2000,10.7,3.8,7.7,0.4,18.6,41.4,18014.62
Spain,15-12-2000,9.4,3.2,6.6,0.8,10.1,23.8,29670.58
Spain,16-12-2000,8.6,-1.9,2.8,0,8,15.1,29638.07
Spain,17-12-2000,8.3,0.8,3.8,0,9.2,23.4,28513.37
Spain,18-12-2000,10.3,3.6,5.9,0,5.4,19.4,27060.63
Spain,19-12-2000,10.7,1,4.6,0,7.9,15.5,24541.98
Spain,20-12-2000,9.6,-0.2,3.8,0,8.4,16.9,28404.72
Spain,21-12-2000,9,1.5,4.9,0,16.3,31.7,14902.38
Spain,22-12-2000,7.1,5.8,6.6,25.4,18.9,39.6,0
Spain,23-12-2000,8,5.5,6.6,8.7,12.9,28.1,8270.09
Spain,24-12-2000,8.8,5.9,7.3,10.3,17.2,42.5,9630.94
Spain,25-12-2000,8.8,5.5,6.7,2.8,22.7,51.5,15689.2
Spain,26-12-2000,8.9,5.4,7.2,3,24.2,51.5,12869.59
Spain,27-12-2000,9,4.2,6.1,0,21.3,52.6,23607.93
Spain,28-12-2000,7.5,2.2,4.9,4.5,22.2,68.8,0
Spain,29-12-2000,9.8,6.9,8,0,21.3,43.9,13814.85
Spain,30-12-2000,8.3,4.1,6.9,3.3,25.7,55.4,28183.63
Spain,31-12-2000,7.7,0.7,4.3,0.2,11.3,24.1,17956.79
Spain,01-01-2001,10.7,5.8,8,3.6,25.1,63,9967.18
Spain,02-01-2001,10,6.1,7.7,0,23.7,51.1,27556.76
Spain,03-01-2001,8.3,5.2,6.7,2.8,22.7,48.2,3251.5
Spain,04-01-2001,11.3,7.5,9.2,0.1,22.1,49,28625.91
Spain,05-01-2001,13,6.9,10.8,7.9,28.5,73.4,377.99
Spain,06-01-2001,12.3,4.3,8.5,17.9,22,58.3,22726.35
Spain,07-01-2001,7.1,0.8,3.7,0,9.6,24.8,30278.34
Spain,08-01-2001,7.2,-0.7,2.9,0,7.2,16.2,24616.65
Spain,09-01-2001,6.7,0.7,3.7,2.7,10.5,21.2,1874.25
Spain,10-01-2001,11.1,7.1,9,5.6,17.1,38.2,7015.45
Spain,11-01-2001,10.3,6.5,8.8,16.1,18.7,40.7,0
Spain,12-01-2001,10.3,6,7.4,2.3,13,28.8,8426.92
Spain,13-01-2001,10.9,2.1,6.6,0,10.6,23.4,30770.28
Spain,14-01-2001,9.9,2.6,6.1,0.4,6.6,14.4,30864.47
Spain,15-01-2001,8.6,1.8,5.2,1.1,10.9,29.2,25808.78
Spain,16-01-2001,5.3,2.5,4,2.1,15,30.6,2639.09
Spain,17-01-2001,8.9,2.8,5.5,0.6,13.8,29.9,31170.76
Spain,18-01-2001,7.9,4.2,5.3,4.5,13,32.8,11831.23
Spain,19-01-2001,9.8,2.1,5.4,1.7,12.5,28.8,26795.36
Spain,20-01-2001,9.9,2.9,5.7,0,8.4,15.5,31508.28
Spain,21-01-2001,10.7,0.6,5.9,0,7.6,22.7,31626.78
Spain,22-01-2001,7.7,0.3,5.3,0,22.4,50.4,1516.94
Spain,23-01-2001,11.4,7.9,9.5,0.1,25.6,53.3,769.88
Spain,24-01-2001,12.2,7.9,10.3,2.4,27.4,57.2,21278.87
Spain,25-01-2001,8.5,4.4,6.4,0.2,21.6,50.8,32125.57
Spain,26-01-2001,7.9,2.2,4.9,6.2,25.2,70.9,0
Spain,27-01-2001,12.1,6.6,9.3,3.1,19.9,55.4,24243.26
Spain,28-01-2001,8.4,4.4,6.4,2.3,34.4,73.8,25988.38
Spain,29-01-2001,8.3,3.6,5.7,0.2,23.2,51.1,32400
Spain,30-01-2001,10.1,0,4.6,0,8.9,25.6,32407.37
Spain,31-01-2001,12.9,2.3,7.1,0,16.3,37.4,32273.92
Spain,01-02-2001,12,6.2,9.1,0,20.2,37.8,31469.3
Spain,02-02-2001,13.3,1.1,6.8,0,9.1,18,30340.49
Spain,03-02-2001,12.4,0.9,6.6,0,10.2,25.9,32582.89
Spain,04-02-2001,10.4,3.6,6.9,0,20.4,47.9,25731.5
Spain,05-02-2001,10,6.1,8.2,0.7,17.1,36.7,8521.96
Spain,06-02-2001,12.1,8.1,9.6,1,23.2,54.4,9636.33
Spain,07-02-2001,8.8,6.6,7.6,25,29.9,70.6,7159.98
Spain,08-02-2001,9.1,5.5,6.8,1.3,22.1,53.6,24979.94
Spain,09-02-2001,10.9,0.5,5.8,0,12.5,28.4,32817.73
Spain,10-02-2001,15.2,7,10.3,0,7.1,19.8,18986.86
Spain,11-02-2001,15.6,3.4,9.2,0,8.3,16.9,33305.85
Spain,12-02-2001,17.3,2.9,9.5,0,8.9,13.3,34546.87
Spain,13-02-2001,16.6,1.5,8.5,0,6.6,16.9,33339.71
Spain,14-02-2001,9.8,1.1,5.5,0,14.9,30.6,27210.31
Spain,15-02-2001,11.4,4,6.9,0,19.6,46.1,33043.37
Spain,16-02-2001,13.3,2.7,7.7,0,11.7,30.2,35342.48
Spain,17-02-2001,14.2,-0.1,6.5,0,11.5,23.8,35502.04
Spain,18-02-2001,9.3,-1.3,3.4,0.1,16.4,33.5,34289.31
Spain,19-02-2001,11.4,1.3,5.4,1.6,16.9,36.7,35687.94
Spain,20-02-2001,14.1,-0.7,6.3,0,8.7,23.4,35980.66
Spain,21-02-2001,15.4,-1.6,6.4,0,9.4,15.8,36139.72
Spain,22-02-2001,16.7,-0.2,7.7,0,9,16.6,36298.54
Spain,23-02-2001,15.3,0.4,7.7,0,10.2,24.1,33627.54
Spain,24-02-2001,10.6,4.4,6.9,2.1,12.8,29.2,28231.87
Spain,25-02-2001,9.2,-1,4.1,0,12.6,31,36781.57
Spain,26-02-2001,8.7,-1.6,3,0,13.4,31.3,36944.66
Spain,27-02-2001,6.9,1.2,3.7,1.5,27,65.9,37108.56
Spain,28-02-2001,7.6,0.3,3.5,0,20.5,47.5,37093.38
Spain,01-03-2001,5.9,-1.3,2.6,5.2,9.4,23,0
Spain,02-03-2001,13.3,5.4,10.5,19.2,35.5,93.2,15689.84
Spain,03-03-2001,12.8,8,10,1.2,29.5,69.5,33495.88
Spain,04-03-2001,11.6,8.9,10,13.9,29.8,75.2,0
Spain,05-03-2001,15,9.6,12,0.8,16.3,36.7,21553.48
Spain,06-03-2001,20.4,8.8,14,1.5,28.2,58,35166.27
Spain,07-03-2001,14.2,9.9,12.1,1.7,17.1,38.2,13403.14
Spain,08-03-2001,12.3,6.9,9.3,3.2,23.4,49.3,34489.91
Spain,09-03-2001,14.9,9.3,11.4,0.6,17.7,38.5,5552.23
Spain,10-03-2001,17.9,10.3,13.2,1.2,19.1,39.2,18367.79
Spain,11-03-2001,17.8,11.1,13.5,0,13.9,31.3,29336.48
Spain,12-03-2001,14.8,8.4,11.1,3.8,16.2,43.2,34845.15
Spain,13-03-2001,14,2,7.7,0,8.8,22.3,39234.93
Spain,14-03-2001,15.1,0.6,8.2,0,6.1,15.8,39305.67
Spain,15-03-2001,17.7,2.4,10,0,9,19.8,39403.75
Spain,16-03-2001,13.3,5.6,9.5,1.2,22.9,47.5,32230
Spain,17-03-2001,12.6,6,8.6,0,17.1,41,39494.45
Spain,18-03-2001,13.5,3.9,8.8,0,20.7,44.6,37662.93
Spain,19-03-2001,16.9,5.2,10.5,0,17.1,37.4,39693.95
Spain,20-03-2001,17.8,7.2,12,0.4,20.7,42.8,36444.04
Spain,21-03-2001,18.3,10.5,13.7,0.6,30.3,63.4,36241.73
Spain,22-03-2001,20.2,11.4,14.7,0,19.5,41,28417.66
Spain,23-03-2001,22.6,7.9,15.1,0,14.6,37.1,40408.21
Spain,24-03-2001,14.6,9.6,12.2,0,29.4,62.6,40340.86
Spain,25-03-2001,12.7,6.6,9.1,0.3,22.5,48.6,38012.41
Spain,26-03-2001,11.1,5,8,1.8,17.3,32.8,28569.12
Spain,27-03-2001,13.3,4.3,8.5,0.5,14.6,34.6,40395.26
Spain,28-03-2001,15.5,3.2,9.1,0,14.6,31.7,41038.53
Spain,29-03-2001,14.1,6.8,10.2,0,25.1,55.1,33027.33
Spain,30-03-2001,15.9,6.7,10.9,0,14.2,29.9,7889.21
Spain,31-03-2001,18.1,7,12.9,0,12.9,30.6,35344.26
Spain,01-04-2001,19.7,6.2,13,0,8.3,20.5,41959.82
Spain,02-04-2001,18.5,6.4,12.9,0,19.4,45.4,41744.91
Spain,03-04-2001,15.9,7.5,12,0,12.4,29.9,39937.68
Spain,04-04-2001,17.3,5.1,11.2,0,16.9,37.1,36270.02
Spain,05-04-2001,19.3,10,14.1,0,9.1,22,22751.56
Spain,06-04-2001,21.8,6.7,14.6,0,17.1,37.1,42372.01
Spain,07-04-2001,14.4,8.6,11.6,0,25.3,53.3,42938.18
Spain,08-04-2001,15.8,5.3,10.8,0,14.7,36.4,43340.33
Spain,09-04-2001,21.2,3.7,12.2,0,6.9,15.5,43558.09
Spain,10-04-2001,21.2,5.1,13.4,0,15.5,34.6,43676.17
Spain,11-04-2001,16.5,4.5,11,0,19.8,42.5,44021.92
Spain,12-04-2001,18.6,1.9,10.9,0,12.9,30.2,42698.82
Spain,13-04-2001,17.9,4,11.6,0,19.2,39.2,43913.92
Spain,14-04-2001,18.7,6,11.9,0,17.7,39.6,44475.18
Spain,15-04-2001,21.8,3,12.7,0,8.4,20.9,44624.55
Spain,16-04-2001,22.6,6.3,15,0,9.9,24.8,40941.67
Spain,17-04-2001,19.7,8.6,14.2,1.1,14.1,33.5,43708.27
Spain,18-04-2001,15.9,8.4,12,0.2,11.5,29.9,22012.07
Spain,19-04-2001,17.2,3.9,11.1,0.1,17.6,34.2,42177.31
Spain,20-04-2001,14.9,3.9,9.3,0,18.4,41.8,45169.25
Spain,21-04-2001,14.3,1.5,8.6,0,17.8,43.6,45227.79
Spain,22-04-2001,19,4.2,11.3,0,20.7,40.7,36518.65
Spain,23-04-2001,19,9.7,14.1,0,21.4,47.5,35939.57
Spain,24-04-2001,18.4,9.3,13.6,0,24.7,55.8,26622.11
Spain,25-04-2001,17.4,8.3,13,0,17.1,36.4,45499.86
Spain,26-04-2001,21.4,4.7,13.2,0,10.3,25.6,45737.83
Spain,27-04-2001,18.6,6.6,12.9,0.2,15,34.2,45808.29
Spain,28-04-2001,21.6,5.6,14.1,0,10.6,26.3,45948.38
Spain,29-04-2001,18.4,11.1,14.6,0.5,21.3,51.8,33674.64
Spain,30-04-2001,13.1,4.9,8.8,0,17,41,44596.67
Spain,01-05-2001,12,2.8,6.6,3.8,12.4,34.9,27782.41
Spain,02-05-2001,12.5,2.8,7.4,2.2,10.1,31.3,39783.66
Spain,03-05-2001,13.7,3.1,8.5,0.4,10.1,23.4,43124.43
Spain,04-05-2001,14.6,2.7,9.4,0.2,13,39.6,43160.44
Spain,05-05-2001,16.2,3.8,10.4,0,13.7,33.5,46712.49
Spain,06-05-2001,16.7,2.4,10.2,0,16.2,36,43103.22
Spain,07-05-2001,16.9,3.2,11,0,8.8,23.4,47285.64
Spain,08-05-2001,18.9,7.1,12.8,1.2,14.5,38.2,44924.08
Spain,09-05-2001,17.6,9.1,12.5,4.5,10.7,28.4,41736.23
Spain,10-05-2001,17.9,5.1,12.1,0.2,8.6,22.3,45777.88
Spain,11-05-2001,20.5,7.2,14.8,0,6.9,16.6,46707.57
Spain,12-05-2001,22.9,8.3,16.5,0,17.9,37.1,45880.09
Spain,13-05-2001,17.8,11.4,14.5,0,16.7,39.2,41647.36
Spain,14-05-2001,15.3,8.5,12,1.6,19.9,46.8,24907.03
Spain,15-05-2001,19.1,11.3,14.2,1,19.4,42.8,37526.35
Spain,16-05-2001,22.9,7.8,15.7,0,21.1,44.6,48609.46
Spain,17-05-2001,23.9,11.9,17.6,0,13,32.4,48652.08
Spain,18-05-2001,23.9,12.7,17.3,6.6,14.9,33.5,37805.79
Spain,19-05-2001,19.7,11.7,15.4,1.7,11.5,28.4,31741.32
Spain,20-05-2001,20.3,12.8,16.3,0.4,8.9,21.6,46907.65
Spain,21-05-2001,21.8,10.5,16.2,2.3,13,28.8,48213.16
Spain,22-05-2001,22.1,11.5,16.6,0.2,9.2,28.8,48964.89
Spain,23-05-2001,23.1,8.8,17.2,0.1,5.5,19.1,49078.95
Spain,24-05-2001,24.9,10.5,18.9,0,8.8,22.7,49117.11
Spain,25-05-2001,27.8,10.3,20,0,7.9,19.8,49153.57
Spain,26-05-2001,28.5,12.5,21.6,0,6.8,17.3,49188.34
Spain,27-05-2001,30.4,15.9,23.4,0,12.6,24.8,49221.39
Spain,28-05-2001,32.1,16.7,25.1,0,6.5,19.8,49252.68
Spain,29-05-2001,32.2,15.8,25.2,0,7.7,18.7,49282.19
Spain,30-05-2001,32.7,16.9,25.7,0,8.2,19.4,49309.89
Spain,31-05-2001,33.7,17,26.1,0,10.9,21.2,49335.77
Spain,01-06-2001,32.9,19.1,25.6,1.7,15.9,45.4,46638.87
Spain,02-06-2001,31.8,18.6,25.2,0,13,34.6,49422.95
Spain,03-06-2001,32.3,15.3,24.7,0,14,32.8,49441.51
Spain,04-06-2001,30.7,17.5,24.4,0,16.6,40.7,49523.75
Spain,05-06-2001,29.9,16.3,23.6,0,18.5,44.6,49471.6
Spain,06-06-2001,28.4,14,22,0,9.7,24.8,49554.52
Spain,07-06-2001,30.6,14.7,22.9,0,15.3,36,49640.15
Spain,08-06-2001,30,18.1,24.3,0,23.2,52.6,49500.3
Spain,09-06-2001,22.9,16.7,20.3,1.4,16.3,36.4,37777.43
Spain,10-06-2001,20.9,13.8,17,6.3,16.4,40,48248.53
Spain,11-06-2001,24.3,10.1,17.5,0,14.3,32.8,49757.64
Spain,12-06-2001,24.9,13,19.5,0.7,13,29.5,46502.73
Spain,13-06-2001,27.9,12.6,21.2,0,14.4,34.2,49680.77
Spain,14-06-2001,30.4,15,23.2,0,16.2,36.4,49767.92
Spain,15-06-2001,27.3,14.1,21.8,0,22.5,50,49856.25
Spain,16-06-2001,23.6,13,18.7,0,13.5,34.9,49855.26
Spain,17-06-2001,24.9,11,18.6,0,11.4,27.4,49943.75
Spain,18-06-2001,27.3,11.9,19.8,0,16.1,35.3,49940.14
Spain,19-06-2001,31,14.4,23.2,0,16.1,31.7,49934.65
Spain,20-06-2001,33.9,14.9,25.5,0,7.7,19.8,49927.31
Spain,21-06-2001,36,17.2,27.9,0,8,18,49918.22
Spain,22-06-2001,36,18.9,28.4,0,11.7,30.2,49620.74
Spain,23-06-2001,35.7,20.1,28.9,0,14,36,49894.5
Spain,24-06-2001,37.3,18.9,29.2,0,13.5,38.2,49782.81
Spain,25-06-2001,34.6,21.5,28.6,0,15.6,38.9,49958.61
Spain,26-06-2001,32.5,18.1,26.3,0,20.9,48.2,49939.32
Spain,27-06-2001,26.8,17.9,22.7,0,14.3,35.6,49820.78
Spain,28-06-2001,29.8,14.2,22.5,0,8.3,20.2,49894.43
Spain,29-06-2001,32.3,15.8,24.9,0,7.9,23.4,49771.95
Spain,30-06-2001,34.3,17.9,27.2,0,9.2,23,49744.8
Spain,01-07-2001,35.3,19.7,28.5,0,13.2,27.4,49715.96
Spain,02-07-2001,35.2,19.1,28.5,0,14.8,36.4,49214.78
Spain,03-07-2001,33.8,19.3,27.7,0,11.2,26.3,49184.17
Spain,04-07-2001,27.2,19.5,23.8,0,18.5,45.7,40799.84
Spain,05-07-2001,23.4,14.7,19.5,0,19,40.3,49119.48
Spain,06-07-2001,22.5,13.9,18.4,1,15.3,38.9,40550.39
Spain,07-07-2001,27.3,11.7,20.1,0,10.7,28.1,49418.45
Spain,08-07-2001,27.7,15.8,22.5,0,14.1,39.2,42752.86
Spain,09-07-2001,25.8,17.1,21.6,0.1,10.4,24.8,39570.35
Spain,10-07-2001,30.8,14.2,23.3,0,6.9,20.5,49301.94
Spain,11-07-2001,34.1,16.8,26.4,0,9.2,25.2,49173.67
Spain,12-07-2001,34.4,19.1,27.4,0,15,30.6,49047.71
Spain,13-07-2001,32.6,18,26.3,0,14.1,32.4,49091.85
Spain,14-07-2001,28.7,18,23.8,0,17.7,43.2,45185.4
Spain,15-07-2001,25,15.1,20,5.6,12.2,29.5,39600
Spain,16-07-2001,26.7,16.5,22.1,0,11.4,31,48520.46
Spain,17-07-2001,30.8,13.7,22.5,0,18.2,41.4,48833.24
Spain,18-07-2001,26,15.3,20.9,0,14.9,34.2,48785.94
Spain,19-07-2001,21.8,12.2,17.5,0,18.1,43.2,46416.23
Spain,20-07-2001,27.8,10.6,20,0,6.1,19.4,48619.93
Spain,21-07-2001,32.1,13.2,23.4,0,9,27,48571.47
Spain,22-07-2001,35.1,16,26.5,0,15.1,38.9,48461.05
Spain,23-07-2001,35.7,17,27.5,0,16.3,40.7,48376.02
Spain,24-07-2001,32.8,20.4,26.7,0,16.5,39.2,48083.68
Spain,25-07-2001,33.2,18.5,26.5,0,10.3,24.8,47952.2
Spain,26-07-2001,33.1,21.2,27.5,0,15,37.4,47607.77
Spain,27-07-2001,31.2,20,25.8,0,14.8,38.5,41596.43
Spain,28-07-2001,32.1,17.7,25.7,0,13,31.7,47583.01
Spain,29-07-2001,32.8,20.9,26.8,0.1,14.3,33.8,47268.36
Spain,30-07-2001,34.6,21.3,27.8,0,11.9,49.7,34417.89
Spain,31-07-2001,37.9,24,30.9,0.4,22.5,48.6,41506.37
Spain,01-08-2001,34.7,21.3,28.6,0,18.2,52.9,47065.12
Spain,02-08-2001,30.9,20.2,25.7,0,16.8,40.7,43639.79
Spain,03-08-2001,30.6,17.3,24.3,0,13,36.7,47145.31
Spain,04-08-2001,30.7,17.9,24.7,0,8.9,23.4,47001.43
Spain,05-08-2001,32.5,18.5,25.5,0,16.8,37.8,46774.23
Spain,06-08-2001,34.3,17.7,26.9,0,7.6,18,46858.26
Spain,07-08-2001,35,19.6,28,0,18.4,41,46782.97
Spain,08-08-2001,31.9,17.5,25.9,0,13.4,30.6,46637.85
Spain,09-08-2001,32.1,18.6,25.9,0,11.9,31,46434.69
Spain,10-08-2001,31.1,17.5,24.5,0,18.6,41.4,46364.35
Spain,11-08-2001,33,19.9,26.5,0,14.3,36.4,46252.72
Spain,12-08-2001,33.8,20.5,27.4,0,7.9,22,46177.21
Spain,13-08-2001,34.9,20.7,27.8,0,16,35.6,46100.64
Spain,14-08-2001,32.4,21.8,27.1,0,16.8,42.1,46023.08
Spain,15-08-2001,31.3,18.8,26.4,0,18.4,45.4,44486.62
Spain,16-08-2001,29.8,17.9,24.9,0,14.5,37.1,45865.27
Spain,17-08-2001,29.2,16.3,23.3,0,15.1,38.2,45544.16
Spain,18-08-2001,28.1,15.9,22.5,0,17.5,46.1,45302.97
Spain,19-08-2001,28.1,15.3,22.5,0,16.3,40.7,45622.9
Spain,20-08-2001,31.2,14.8,23.7,0,8.6,24.5,45540.89
Spain,21-08-2001,33.6,18.9,26.8,0,12.5,32.8,45458.01
Spain,22-08-2001,34.7,17.6,27.4,0,14,34.9,45350.78
Spain,23-08-2001,35.9,18.1,27.9,0,15,36,45209.99
Spain,24-08-2001,36.3,22.9,29.7,0,16.9,38.2,45067.73
Spain,25-08-2001,34.7,19.9,27.1,0,22.1,50.8,31671.27
Spain,26-08-2001,32.4,21.4,27,0,12.8,36.4,43785.02
Spain,27-08-2001,32.8,19.2,26.7,0.3,14.7,36,42901.88
Spain,28-08-2001,29.4,20.4,24.8,0,18,42.8,44238.32
Spain,29-08-2001,29.2,17.3,23.6,0,14.7,37.4,43700.56
Spain,30-08-2001,27.6,15.6,22.6,0,9,22.7,40761.65
Spain,31-08-2001,30.1,18,24.1,0,12,26.3,43237.8
Spain,01-09-2001,28.8,15.5,22.4,0,14.9,33.8,43465.39
Spain,02-09-2001,30,16.4,23,0,15,33.5,43100.71
Spain,03-09-2001,30.9,17.6,24.5,0.2,13.7,29.2,42676.98
Spain,04-09-2001,32.2,16.4,24.6,0,12.1,33.8,42459.38
Spain,05-09-2001,30.7,17.3,24.2,0,12.7,31,42400.98
Spain,06-09-2001,29,18,22.9,1.8,12.7,34.9,41434.84
Spain,07-09-2001,27.3,14.7,21,0,13.5,32.8,42382.96
Spain,08-09-2001,29.3,15.2,22.3,0,12.8,27.4,42232.52
Spain,09-09-2001,30.7,15.7,23.3,0,10.5,23.4,42215.48
Spain,10-09-2001,29,15.3,22.4,0,10.3,20.9,42119.76
Spain,11-09-2001,29.8,13.8,22.5,0,8,24.1,42063.21
Spain,12-09-2001,30.1,14.7,23.2,0,10.9,25.6,42006.5
Spain,13-09-2001,30.3,17.8,23.9,0,14,37.4,41949.65
Spain,14-09-2001,28.5,14.4,22.1,0,16.6,32,41892.62
Spain,15-09-2001,28.5,14.6,21.5,0,18.4,37.1,41746.11
Spain,16-09-2001,30.6,15.2,22.9,0,11.6,23.8,41587.72
Spain,17-09-2001,27.4,12,20.3,0,18.8,37.8,41428.7
Spain,18-09-2001,22.8,10.6,16.7,0,19.4,42.1,41269.11
Spain,19-09-2001,25,12,18,0,11.7,25.9,41109.07
Spain,20-09-2001,25.2,13,20,0,12.2,29.9,40948.66
Spain,21-09-2001,24.8,14.6,19.8,0.5,14.9,36,38626.46
Spain,22-09-2001,18.2,14.9,16.5,29.2,14.2,39.6,10046.49
Spain,23-09-2001,15.7,12.1,14.2,5.5,15.8,34.9,9424.01
Spain,24-09-2001,20.1,13.1,16.2,7.6,14.5,31.7,38693.6
Spain,25-09-2001,20.2,10.1,15.5,0,7.6,18.7,40003.61
Spain,26-09-2001,21.7,8.8,15.6,0,8,22.3,39983.95
Spain,27-09-2001,23,9.6,16.3,0,8.7,20.9,35451.35
Spain,28-09-2001,17.6,13.5,15.7,10.4,13.4,33.5,14667.69
Spain,29-09-2001,19.9,12.4,15.7,0.3,10,29.9,34988.68
Spain,30-09-2001,20.5,12.7,16.7,0,11.7,26.6,22835.75
Spain,01-10-2001,23.8,12,17.9,0,10,25.2,38748.83
Spain,02-10-2001,24.9,14.4,19.8,0,14.5,33.5,38632.09
Spain,03-10-2001,22.5,14.3,18.2,0,14.8,43.2,36344.39
Spain,04-10-2001,23.9,11.7,18.1,0,13,28.8,36702.74
Spain,05-10-2001,21,14,17,0.3,17.6,59,23100.44
Spain,06-10-2001,18.3,14,15.7,2,15.9,40.7,0
Spain,07-10-2001,19.3,11.7,14.9,0.1,22,49.3,36850.75
Spain,08-10-2001,17.9,12.7,14.5,1.1,16.2,40,32467.12
Spain,09-10-2001,17.1,9,13,1.3,9.8,20.2,36333.15
Spain,10-10-2001,20.5,10.4,14.8,0.6,19.9,43.6,31699.25
Spain,11-10-2001,24.8,14.4,18.8,1.3,20.2,46.4,36000
Spain,12-10-2001,22.8,15.1,18,5.4,18.1,50.8,27652.2
Spain,13-10-2001,19.3,12.9,15.9,3.1,10.2,30.2,35607.59
Spain,14-10-2001,19.3,10.7,14.9,0,11.3,28.4,24669.09
Spain,15-10-2001,20.2,11.1,15.1,0,13.6,31,36040.66
Spain,16-10-2001,21.4,10.6,15.7,0.1,11,26.3,36000
Spain,17-10-2001,19.5,13.3,15.4,6,15.9,38.2,19499.17
Spain,18-10-2001,18.6,13.2,15.2,2.4,18.9,47.5,27766.61
Spain,19-10-2001,17,11.5,14.6,30.8,25.7,68.8,4301.99
Spain,20-10-2001,14.6,9.8,11.7,5.5,25.5,52.6,28387.12
Spain,21-10-2001,15.8,10.6,12.9,0,17.6,39.2,25229.93
Spain,22-10-2001,18.4,10.7,14.3,0,18.2,42.8,29811.61
Spain,23-10-2001,18.1,11.7,14.3,0,10.7,23.8,33004.55
Spain,24-10-2001,19,6.4,12.6,0,7,17.3,35485.68
Spain,25-10-2001,19.4,6.6,12.5,0,8.4,16.6,35328.11
Spain,26-10-2001,19.3,9.3,13.8,0,9,23.8,35170.76
Spain,27-10-2001,19.3,9.2,14.4,0,10,25.9,31915.46
Spain,28-10-2001,23.3,10.4,16.3,0,9.3,23,34857.29
Spain,29-10-2001,24.4,12.1,17.3,0,10.7,23.8,34701.48
Spain,30-10-2001,23.8,10.4,16.3,0,7.1,14.4,34546.49
Spain,31-10-2001,23.6,10.4,16.1,0,12.4,23,34392.47
Spain,01-11-2001,18.9,9.1,14.1,0,12.9,29.9,34239.59
Spain,02-11-2001,16.4,5.3,10.3,0,14.5,31.3,34088.02
Spain,03-11-2001,15.2,8.1,11.1,1.2,11.1,28.8,33937.93
Spain,04-11-2001,14.1,7.1,10.5,5.8,7.8,20.5,24950.09
Spain,05-11-2001,15.2,8.7,11.5,0,14.3,32.8,18465.16
Spain,06-11-2001,14,9.2,11.1,0,14.8,31,8479.79
Spain,07-11-2001,16.5,3.5,10.3,0,8.4,21.2,33355.89
Spain,08-11-2001,17.4,3.9,10,0,10.9,25.6,33215.9
Spain,09-11-2001,10.5,2.2,6.7,0,28.6,60.8,33078.17
Spain,10-11-2001,6.2,0.7,2.8,0,30.6,61.9,32941.41
Spain,11-11-2001,9.5,-1.4,3.3,0,22.1,45.7,32805.5
Spain,12-11-2001,12,1.6,6.5,0,18.4,39.6,31006.94
Spain,13-11-2001,12.5,4.4,8.8,0,14.3,31.3,28027.87
Spain,14-11-2001,8.3,3,6.2,0,33,68.8,32404.47
Spain,15-11-2001,6.7,1.5,3.7,0.7,23.2,49.3,14967.64
Spain,16-11-2001,5.2,3.3,4.3,10.1,17.1,37.4,0
Spain,17-11-2001,9,3,5.2,3.4,8.2,22.3,28242.44
Spain,18-11-2001,8.7,2.8,5.3,1.9,7.9,18,16178.2
Spain,19-11-2001,11,0,5.2,0,9.7,19.8,30474.9
Spain,20-11-2001,11.1,-0.5,4.7,0,12.7,26.6,31647.95
Spain,21-11-2001,10.1,1.9,5.7,0,12.3,27.7,29114.12
Spain,22-11-2001,12.3,1.5,6.3,0,12.1,28.8,31304.51
Spain,23-11-2001,13.7,-1.9,5.7,0,15.4,32.4,31302.34
Spain,24-11-2001,13.4,0,6.3,0,8.4,23.4,31149.8
Spain,25-11-2001,13.2,-0.3,5.3,0,7,17.3,30900.63
Spain,26-11-2001,12.2,0.5,5.3,0,8.4,21.2,25596.21
Spain,27-11-2001,11.2,3.2,7.2,3.2,10.1,25.6,23915.23
Spain,28-11-2001,12.2,-0.8,4.5,0,6.2,13.7,30276.47
Spain,29-11-2001,13,0.4,5.7,0,8.1,13.7,30205.67
Spain,30-11-2001,13.3,0.3,6.3,0,8.1,18.7,30238.93
Spain,01-12-2001,10.9,0.7,6.2,0,7,14.8,29920.77
Spain,02-12-2001,12.2,2.2,6.1,0,6.2,13.7,30066.56
Spain,03-12-2001,13,0.8,6.1,0,6.1,13.7,30041.78
Spain,04-12-2001,13.3,0.4,6,0,8,14,29882.02
Spain,05-12-2001,13.9,-0.7,5.5,0,6.3,11.9,29921.81
Spain,06-12-2001,14.2,-1.6,5,0,7.6,14.8,29628.47
Spain,07-12-2001,12.4,1.4,6.2,0,7.9,11.2,23588.55
Spain,08-12-2001,11.3,0.9,5.3,0,8.1,20.5,29653.38
Spain,09-12-2001,9.2,2.6,5.9,0,6.8,15.1,1505.7
Spain,10-12-2001,7.9,-0.6,3.9,0,10.7,25.6,24926.99
Spain,11-12-2001,8.6,2.9,5.3,0,9.2,23.8,26518.65
Spain,12-12-2001,8.7,-1.4,3.4,0,7.4,22,29790.94
Spain,13-12-2001,8.3,-1.7,2.4,0,8.6,16.6,29747.9
Spain,14-12-2001,8,-2.9,1.3,0,9.5,21.6,29754.62
Spain,15-12-2001,3.1,-4.6,-1.9,0,18.4,39.2,29723.46
Spain,16-12-2001,5.8,-5.7,-0.4,0,6.6,13.7,29696.93
Spain,17-12-2001,7.5,-4.9,0.1,0,11.8,27,29675.12
Spain,18-12-2001,6.4,-0.8,2,0,12.3,27.7,26636.39
Spain,19-12-2001,6.2,-0.3,2.8,0,11.8,26.3,21909.49
Spain,20-12-2001,7.4,-1.2,3.1,0.5,6.2,15.5,29239.31
Spain,21-12-2001,6.9,-3,0.9,0,10,20.2,29636.76
Spain,22-12-2001,6.4,-2.8,1,0,8.7,15.8,28883.64
Spain,23-12-2001,3.1,0,1.5,8.5,13.3,27.4,0
Spain,24-12-2001,5.2,-3.8,-0.5,0,14.3,32.8,29656.78
Spain,25-12-2001,5.4,-3.6,-0.1,0,8.9,16.2,29672.4
Spain,26-12-2001,7.4,-4.5,0.7,0,7.5,14.8,29692.4
Spain,27-12-2001,7.2,-1.8,1.8,0,9.5,13,29716.73
Spain,28-12-2001,7,-2,1.5,0,10.1,14.4,29745.35
Spain,29-12-2001,8.1,-0.3,2.7,0,9.2,22.7,28216.07
Spain,30-12-2001,10.6,1.6,5.2,0.5,8.1,37.1,21422.52
Spain,31-12-2001,13,4,7.9,1,6.2,14.4,29265.41
Spain,01-01-2002,9.6,4.5,7,4.6,10.5,25.2,716.71
Spain,02-01-2002,8.2,6.1,6.9,13.2,11,31.7,431.77
Spain,03-01-2002,10,5.7,7.9,5.3,12.3,22.7,15858.27
Spain,04-01-2002,11.1,3.9,7.1,0.2,9.7,22.3,19744.93
Spain,05-01-2002,10.1,6.7,7.8,0.2,12.2,21.2,12281.07
Spain,06-01-2002,8.1,3.2,5.6,0,9.8,21.6,13925.46
Spain,07-01-2002,7.9,0.5,3.4,0,6.1,16.2,30252.12
Spain,08-01-2002,7.2,-1.8,2.1,0.1,8.1,22,27365.44
Spain,09-01-2002,7.9,0.3,3.7,0,9.4,18.7,14329.13
Spain,10-01-2002,7.5,0.9,4.1,0,5.5,13.7,18273.61
Spain,11-01-2002,9.9,-1.4,3.4,0,5.8,14.8,30565.3
Spain,12-01-2002,10.3,-0.6,4.1,0,6.6,14,30654.21
Spain,13-01-2002,9.7,3.8,6.5,1.6,7.1,27.4,16812.91
Spain,14-01-2002,11.8,2.3,6.2,0,8.7,15.5,30728.64
Spain,15-01-2002,10.9,-0.4,4.6,0,12,24.5,30943.29
Spain,16-01-2002,10.1,-0.1,4.5,0,15.8,30.2,31046.48
Spain,17-01-2002,11.1,-0.4,4.2,1.9,11.1,26.6,31152.78
Spain,18-01-2002,10.4,0.6,5.3,0,7.6,14.8,31262
Spain,19-01-2002,10.6,1.7,5.3,0,8,11.9,26364.84
Spain,20-01-2002,11,-0.3,4.7,0,8,16.6,31488.51
Spain,21-01-2002,10.3,0.4,5.2,2,17.7,38.9,24972.64
Spain,22-01-2002,7.5,2.7,5.8,1.1,14,44.6,29073.08
Spain,23-01-2002,10.1,6.1,8.1,11.9,23.8,65.5,10386.5
Spain,24-01-2002,10.4,3.3,6.5,0,14.7,30.6,31968.88
Spain,25-01-2002,11.3,-0.2,5.1,0,10,24.1,32093.7
Spain,26-01-2002,12.4,3.3,7.4,0,8.7,23,32217.15
Spain,27-01-2002,11.5,3.2,6.8,0,8.3,16.9,30728.62
Spain,28-01-2002,14.4,0.4,6.6,0,6.2,14,32369.85
Spain,29-01-2002,15.9,2.5,8.3,0,6.6,13.3,32400
Spain,30-01-2002,13.8,5.1,8.8,0,8.7,19.1,27802.17
Spain,31-01-2002,12.2,4.5,8.5,0,12.6,28.4,32114.41
Spain,01-02-2002,12.3,0.3,6.3,0,6.2,18,32441.17
Spain,02-02-2002,13.7,0.5,6.6,0,6.2,19.4,32601.87
Spain,03-02-2002,12.9,5.2,8.3,1.7,17.4,36.7,20598.25
Spain,04-02-2002,9.9,5.5,7.5,0,10.8,24.8,10974.91
Spain,05-02-2002,12.3,4.9,8.2,2.6,26,56.5,10415.86
Spain,06-02-2002,10.1,4.2,6.7,0,20.1,45.7,26144.06
Spain,07-02-2002,12,2.2,7,0,9.7,19.8,27787.53
Spain,08-02-2002,14.9,2.6,8.6,0,8.1,19.4,33197.54
Spain,09-02-2002,16.5,3.5,9.6,0,9.7,25.2,33391.18
Spain,10-02-2002,14.5,2.4,8.3,0,8.7,19.1,32919.91
Spain,11-02-2002,12.8,2.7,8.4,0,7.7,20.2,26494.77
Spain,12-02-2002,15.5,1.7,8.2,0,7.7,14.4,33603.2
Spain,13-02-2002,16.9,2,8.6,0,10.1,24.1,34763.32
Spain,14-02-2002,11,4.2,7.2,0,19.1,38.2,34987.82
Spain,15-02-2002,10.9,1,5.4,0,15.5,40.3,33893.56
Spain,16-02-2002,10.1,-0.2,4.8,0,11.3,27.4,32905.43
Spain,17-02-2002,11.3,0.5,5.2,0,9.3,18.4,35440.01
Spain,18-02-2002,10.9,-2.2,4,0,13.8,30.6,35612.25
Spain,19-02-2002,11.5,2,6,0,16.1,37.1,35770.82
Spain,20-02-2002,13.5,-0.9,5.5,0,12.3,29.2,35930.73
Spain,21-02-2002,12.3,3.4,7.7,0,16.3,37.8,35604.95
Spain,22-02-2002,15,-0.8,6.7,0,8.9,23.4,36253.93
Spain,23-02-2002,16.9,0.6,8,0,7.1,17.3,36416.94
Spain,24-02-2002,15.7,0.1,8.1,0,9.4,17.3,36580.69
Spain,25-02-2002,17,0.6,8.8,0,13.2,31,36745.04
Spain,26-02-2002,15.7,4.5,9.1,0,14.3,32.8,36616
Spain,27-02-2002,13.8,3.3,7.9,0,15.8,35.6,34966.61
Spain,28-02-2002,12.6,7.6,9.5,0.4,17.3,40.7,26973.88
Spain,01-03-2002,11.6,4.9,8,7.2,18,43.2,29729.44
Spain,02-03-2002,10.4,-0.4,4.7,0,9.7,29.2,37571.17
Spain,03-03-2002,6.2,-1.1,2.8,12.7,16.3,37.4,0
Spain,04-03-2002,8.9,4.1,5.9,14.7,14.5,35.3,16754.14
Spain,05-03-2002,9.9,0.2,5.4,0,17.2,37.8,34050.99
Spain,06-03-2002,12.1,3.6,7,0,20.2,45.7,35150.31
Spain,07-03-2002,12.2,2.4,7.2,0,17.6,38.9,21147.45
Spain,08-03-2002,15.9,3.9,9.2,0,10.1,27,38555.52
Spain,09-03-2002,17.1,1.7,9.5,0,6.2,15.1,37691.68
Spain,10-03-2002,16,3.1,9.6,0,11.8,27,38769.73
Spain,11-03-2002,14.3,6.5,10.5,0,17.3,38.5,27114.8
Spain,12-03-2002,17.4,6.1,11,0.3,19.7,52.9,38335.95
Spain,13-03-2002,10.1,5.6,7.2,8.4,22.1,56.9,7086.65
Spain,14-03-2002,9.9,5.2,7.2,9.7,23.9,58,22101.15
Spain,15-03-2002,10.9,5.5,7.5,5.9,17.4,38.5,6911.6
Spain,16-03-2002,10.9,6,8.3,6.8,12,32.8,15932.41
Spain,17-03-2002,7.8,1.3,5.1,1.6,19.3,43.9,4314.05
Spain,18-03-2002,13.4,7.2,9.9,0.4,19.2,41.4,13060.62
Spain,19-03-2002,18.9,4.6,11,0,13.4,28.1,39694.22
Spain,20-03-2002,20.9,4.5,13,0,7.6,19.4,39600
Spain,21-03-2002,22.8,5.6,14.7,0,9.7,24.5,40166.02
Spain,22-03-2002,23.1,4.6,14,0,7.9,14.8,40452.55
Spain,23-03-2002,24.1,4.5,14.2,0,6.9,14.4,40677.41
Spain,24-03-2002,23.8,6.1,14.8,0,9.5,16.9,40849.01
Spain,25-03-2002,20.9,6.6,13.6,0,9.3,20.2,40869.34
Spain,26-03-2002,18.1,6.3,12.1,0,14,29.2,41042.33
Spain,27-03-2002,17.5,5,11.2,0,11.2,29.9,41227.73
Spain,28-03-2002,15.1,4.3,9.8,0,16.1,37.4,35301.68
Spain,29-03-2002,13.7,6.2,9.6,0,6.9,19.8,36045.51
Spain,30-03-2002,16,5.7,10.6,0,6.6,19.1,41584.07
Spain,31-03-2002,17.7,4.1,11.1,0,7.7,21.6,41751.29
Spain,01-04-2002,18.3,3.7,11.8,0,8.7,22.3,41618.7
Spain,02-04-2002,16,6.6,11.5,0,8.3,26.3,38268.59
Spain,03-04-2002,12.1,5.7,8.9,1.9,19.6,52.6,41147.14
Spain,04-04-2002,13.1,2.8,7.9,0,11.7,27,40308.19
Spain,05-04-2002,14.1,1.4,8.1,3.7,16.9,40.7,35106.53
Spain,06-04-2002,12.2,5.9,8.5,17.3,15,40.7,27141.79
Spain,07-04-2002,13.5,4.3,7.6,3.8,16,36.7,29738.55
Spain,08-04-2002,15.4,2.9,9.3,0,8,27,42928.75
Spain,09-04-2002,17.4,2.8,10.7,0,9.4,26.6,42733.81
Spain,10-04-2002,15.5,4.6,9.4,9.3,11.6,30.2,30365.62
Spain,11-04-2002,11.4,3.9,7,6.1,13.8,30.6,38538.42
Spain,12-04-2002,13.5,4.2,8.2,20.1,18.4,46.1,12433.09
Spain,13-04-2002,14.4,4.3,9.3,0,12.9,30.2,44293.55
Spain,14-04-2002,14.7,1.7,8.6,0,13.6,25.6,43418.58
Spain,15-04-2002,13.6,4.7,8.9,0,9.4,18.7,39412.24
Spain,16-04-2002,15.2,1,8.5,0,12.4,24.8,44737.37
Spain,17-04-2002,17.1,3.2,11.2,0,9.2,27.7,43318.34
Spain,18-04-2002,17.9,5.8,12.8,0,9.5,25.9,45025.83
Spain,19-04-2002,19.4,5.2,13.3,0,8.2,20.9,45095.18
Spain,20-04-2002,22.4,5.7,14.9,0,8.3,16.6,45154.16
Spain,21-04-2002,23.9,6.7,16.1,0,8.1,18.7,45219.59
Spain,22-04-2002,21.7,8.4,15.3,0,12,25.2,45276.26
Spain,23-04-2002,23.9,7.7,16.1,0,9.4,22.3,45370.95
Spain,24-04-2002,25.5,8.9,17.6,0,10.6,20.9,45477.58
Spain,25-04-2002,26.7,7.9,18.1,0,7.1,16.2,45595.14
Spain,26-04-2002,26.7,8.7,18.2,0,10.7,27,43355.33
Spain,27-04-2002,25.2,10.7,18.1,0,12,29.5,45728.72
Spain,28-04-2002,25.2,12.1,19,0,14.8,36.4,45862.91
Spain,29-04-2002,23.8,8.1,16.6,0,9.2,21.2,46081.38
Spain,30-04-2002,24.3,9.4,17.3,0,18.8,42.8,46155.52
Spain,01-05-2002,18.8,10.7,15,0,14.1,33.5,43892.88
Spain,02-05-2002,15.9,7.5,11,1.1,17,45.7,42390.09
Spain,03-05-2002,15.5,4.9,9.8,0,24,53.3,46457.59
Spain,04-05-2002,17.5,3,10.7,0,11.6,32.8,44976.23
Spain,05-05-2002,13.8,7.1,10.2,11.3,8.7,29.2,13834.86
Spain,06-05-2002,13,4.4,8.5,1.4,14.5,33.5,44708.59
Spain,07-05-2002,10.2,5.9,7.9,12,21.7,43.6,10184.23
Spain,08-05-2002,10.9,6.4,8.5,25.1,14.3,30.6,0
Spain,09-05-2002,15.9,7.9,11.6,2.6,11,21.6,23458.25
Spain,10-05-2002,16.8,7.4,12.3,2.6,8.1,23.8,40297.43
Spain,11-05-2002,16.6,6.6,11.6,2.5,7.6,21.2,44848.44
Spain,12-05-2002,19.2,6.9,13,0,13.6,33.1,42049.71
Spain,13-05-2002,20.4,9.3,14.9,0,25.5,55.1,48263.14
Spain,14-05-2002,22.4,10.2,16.4,0,10.2,26.6,48281.95
Spain,15-05-2002,25.7,10.2,18.3,0,8.3,22,46255.57
Spain,16-05-2002,29.2,11.6,20.5,0.3,16.2,30.6,48392.55
Spain,17-05-2002,20.6,14,17.3,0.6,23,61.2,48689.72
Spain,18-05-2002,20.6,8.1,14.7,0,8.7,21.2,48791.42
Spain,19-05-2002,24,7.3,16.3,0,8.5,15.1,48890.93
Spain,20-05-2002,25.5,11.6,18.8,0,13.7,31.3,48945.49
Spain,21-05-2002,23,11.3,17.6,0,20.2,47.9,45930.86
Spain,22-05-2002,18.8,11.4,15.8,0.9,23.4,51.5,40720.55
Spain,23-05-2002,18.5,8,13.1,0,14.1,36.4,49072.53
Spain,24-05-2002,24.4,7.5,15.9,0,15.6,32.4,49111.38
Spain,25-05-2002,23,11.8,17.5,0,9.8,26.6,49148.4
Spain,26-05-2002,21.4,8.4,15.1,0,19.4,42.5,49183.56
Spain,27-05-2002,19.4,8.7,14.3,0,11.2,28.8,49216.8
Spain,28-05-2002,24.2,8.3,16.5,0,9.5,25.9,49059.73
Spain,29-05-2002,26.5,9.6,19.1,0,9.3,27,49277.41
Spain,30-05-2002,28.7,11.9,20.8,0,11.5,23.8,49304.78
Spain,31-05-2002,26.9,13.9,21.1,0.1,10.6,27,49330.21
Spain,01-06-2002,29.1,15.5,22.4,0,11.9,24.8,49353.74
Spain,02-06-2002,30.4,15.3,23.4,0,14.8,36.7,49375.39
Spain,03-06-2002,28.6,18.1,23.4,0,14.9,37.4,49435.14
Spain,04-06-2002,21.6,15.9,18.9,0,24.4,59.4,49413.14
Spain,05-06-2002,18.4,11.1,14.5,5.3,19.8,42.8,47856.82
Spain,06-06-2002,15.4,9,12,4.6,17.7,40.7,14075.75
Spain,07-06-2002,19.4,7.1,13.4,0.3,19.2,39.6,26527.58
Spain,08-06-2002,17.3,9.1,13.4,1.2,19.1,45.4,49495.41
Spain,09-06-2002,23,6.6,15.2,0,10.9,27.4,49501.71
Spain,10-06-2002,25.6,11.3,18.8,0,6.6,16.6,49666.39
Spain,11-06-2002,28.6,12,21.3,0,8.8,21.6,49489.46
Spain,12-06-2002,30.7,15.5,23.8,0,9.7,25.6,47701.55
Spain,13-06-2002,31.9,14.8,24.4,0,13,27,49680.98
Spain,14-06-2002,32.6,14.6,24.8,0,11.2,24.5,49497.05
Spain,15-06-2002,33.7,16.2,25.8,0,9.2,24.1,49681.69
Spain,16-06-2002,34.9,17.8,26.9,0,10,27,49859.02
Spain,17-06-2002,35.8,18.2,27.8,0,12.2,30.2,49490.55
Spain,18-06-2002,34.3,18.6,27.7,0.4,13.8,35.3,49577.95
Spain,19-06-2002,30.2,18.2,25.6,0,11.6,31.3,43206.21
Spain,20-06-2002,32.5,19,25.8,0,12.9,32,49467.3
Spain,21-06-2002,33.9,17.7,27.2,0,10.7,30.6,49923.42
Spain,22-06-2002,35.7,19.1,28.2,0,10.6,29.2,49911.51
Spain,23-06-2002,34.3,21.9,28.7,0,16.9,42.5,49993.32
Spain,24-06-2002,32,18.6,25.1,1.6,21,48.2,45896.18
Spain,25-06-2002,33.2,17.7,25.6,0,17.3,42.8,49390.42
Spain,26-06-2002,34.8,19.7,27.9,0.4,21.7,50.8,47079.68
Spain,27-06-2002,29.1,19.1,24.6,0,19.6,47.2,49919.29
Spain,28-06-2002,30.7,16.2,23.9,0,11.2,28.1,49896.09
Spain,29-06-2002,30.5,17.2,24.3,0,14.3,37.1,49482.14
Spain,30-06-2002,25.5,16.8,21.2,0.3,18.3,41.4,45298.12
Spain,01-07-2002,25.2,13.7,18.9,9.5,15.1,34.6,42152.8
Spain,02-07-2002,28.6,14.5,22,0,16.7,35.3,49593.67
Spain,03-07-2002,31.4,14.5,23.6,0,14.8,33.8,49755.53
Spain,04-07-2002,30.8,16.9,24.2,0,10.7,26.6,49532.1
Spain,05-07-2002,31.7,18.1,25.1,0,10.6,26.6,49594.35
Spain,06-07-2002,30.6,18.2,24.9,0,11.9,30.6,49559.97
Spain,07-07-2002,32.7,18.4,25.6,0,10,29.2,49063.32
Spain,08-07-2002,30,20.5,26.2,1.6,20.9,46.4,49179.65
Spain,09-07-2002,29.3,16,23.3,0,22.5,50.8,49267.03
Spain,10-07-2002,27.4,17.4,22.6,0,16.1,41.8,48917.77
Spain,11-07-2002,30.8,14.9,23.7,0,10.8,29.2,49276.27
Spain,12-07-2002,31.1,17.6,24.6,0,14.4,35.3,48878.71
Spain,13-07-2002,28.2,17.8,23.3,0,19.8,42.5,49103.99
Spain,14-07-2002,25.9,14.9,20.6,0,16.9,40.7,49059.43
Spain,15-07-2002,27.5,12,20.1,0,17.5,34.9,48933.12
Spain,16-07-2002,29.6,14.5,22.1,0,17.8,38.2,48887.92
Spain,17-07-2002,30.9,16.1,23.9,0,17.1,39.2,48841.53
Spain,18-07-2002,33.7,17.9,26.1,0,12.5,29.2,48793.95
Spain,19-07-2002,34.6,17.3,28,0,11.6,33.8,48603.84
Spain,20-07-2002,31.9,19.7,27.5,0,12.3,29.2,34998.17
Spain,21-07-2002,33.5,17.9,26.5,0,11.9,32,48579.38
Spain,22-07-2002,27.9,18.1,23.8,0,18.9,43.6,48468.75
Spain,23-07-2002,27.5,15.9,21.9,0,14.8,29.9,47873.43
Spain,24-07-2002,31.6,14.9,23.9,0,9,23,48201.83
Spain,25-07-2002,33.2,17.5,26.3,0,10.2,21.6,47956.34
Spain,26-07-2002,34,19.3,27.1,0,12.5,29.9,47829.07
Spain,27-07-2002,35.5,19.6,28.1,0,8.4,27,47812.59
Spain,28-07-2002,35.8,20,28.3,0,10.9,32.4,47587.11
Spain,29-07-2002,34.9,19.9,28.5,0.1,13.7,39.6,47675.17
Spain,30-07-2002,32.7,21.3,26.7,0.1,16.7,33.5,43678.78
Spain,31-07-2002,29.8,17.6,23.8,0,19,40.3,47162.42
Spain,01-08-2002,29.6,15.4,22.8,0,17.1,36.4,47343.01
Spain,02-08-2002,31.4,15.5,23.9,0,13.8,34.6,47242.3
Spain,03-08-2002,31.1,15.2,24.2,0,18.6,45,47319.18
Spain,04-08-2002,31.7,17.9,25.2,0,16.6,40.3,47179.78
Spain,05-08-2002,30.9,19.2,25.4,0,21.7,51.8,47023.39
Spain,06-08-2002,31.9,16.6,25,0,7.1,19.8,46871.68
Spain,07-08-2002,31.6,17.9,25,0,17.8,40.3,46725.04
Spain,08-08-2002,29.4,18,24,0,18.1,43.2,46583.8
Spain,09-08-2002,28.9,17.9,23.3,0,19.3,39.6,35870.97
Spain,10-08-2002,23.4,17.6,20.4,0,18.5,41.4,24278.11
Spain,11-08-2002,27.8,11.7,20.1,0,10.9,26.6,46269.56
Spain,12-08-2002,32.5,14.1,23.9,0,5.1,18.4,46235.98
Spain,13-08-2002,34.6,17.9,26.7,0,10.8,26.6,46161.67
Spain,14-08-2002,34,20.3,26.6,0.5,11.5,32.8,41583.48
Spain,15-08-2002,33.2,18.8,26.1,0,16.7,38.5,43763
Spain,16-08-2002,32.3,18.5,26.1,0,11.1,30.2,45879.05
Spain,17-08-2002,33.5,18,26.8,0,13.5,33.5,45811.76
Spain,18-08-2002,32.5,19.2,26.7,0,14.3,37.4,45730.95
Spain,19-08-2002,31.7,20.7,26.5,0,13.5,36.4,45648.63
Spain,20-08-2002,32.4,18.7,26.2,0,14,34.6,45564.92
Spain,21-08-2002,32.4,17.1,25,0,15.3,38.2,45172.63
Spain,22-08-2002,30.8,16.9,24.2,0,14.3,35.3,45385.12
Spain,23-08-2002,29.9,16,23.9,0,14.4,36,44788.75
Spain,24-08-2002,28.3,15.9,22.6,0.1,12.5,30.2,43523.73
Spain,25-08-2002,26.4,17.7,21.1,0.1,12.9,37.4,39332.03
Spain,26-08-2002,23.4,15.3,18.8,2.3,6.9,22.7,43549.71
Spain,27-08-2002,23.9,12.6,18,6.5,11.9,28.1,43563.7
Spain,28-08-2002,23.8,12.2,18.5,0,10.2,28.4,43228.68
Spain,29-08-2002,26.3,13.6,20.4,0,11.2,24.8,40578.21
Spain,30-08-2002,28.1,15.4,21.9,0,10.9,25.2,43098.82
Spain,31-08-2002,29.8,14.5,22.7,0,12.3,24.1,42939.99
Spain,01-09-2002,29.3,16.4,23.1,0,16.1,34.2,42636.83
Spain,02-09-2002,28.6,18.5,23.4,0,14.8,32.4,43116.93
Spain,03-09-2002,28.4,15,21.9,0,14,34.6,42688.52
Spain,04-09-2002,27.2,16.2,21.9,0.1,17.8,40.3,42886.2
Spain,05-09-2002,25.4,14.4,20.1,0,9.3,22,42735.59
Spain,06-09-2002,26.9,13.9,20.5,0,14.6,29.5,42522.02
Spain,07-09-2002,27,14.5,20.7,0,17.5,40.7,42301.91
Spain,08-09-2002,22.7,14.7,18.5,0,17.3,47.2,40645.43
Spain,09-09-2002,23.1,13.8,18,0.1,13,42.1,41497.65
Spain,10-09-2002,26.3,10.7,19.2,0,9.5,24.5,42133.29
Spain,11-09-2002,28.7,11.4,20.4,0,8.4,24.1,42076.82
Spain,12-09-2002,29.6,13.1,21.7,0,12.1,27,42020.21
Spain,13-09-2002,29,14.9,22.5,0,11.2,26.6,41963.45
Spain,14-09-2002,28.5,16.2,22.4,0,11.6,29.9,37814.95
Spain,15-09-2002,27.5,17.5,23,0,11.7,28.8,41778.73
Spain,16-09-2002,21.5,16.6,19.2,7.6,13.8,34.2,12790.69
Spain,17-09-2002,21.2,15,17.6,10.9,12.6,39.2,22993.68
Spain,18-09-2002,21,15.2,17.7,11.2,18.9,43.9,33118.02
Spain,19-09-2002,23.4,15.1,18.6,0.2,11.4,26.6,39296.9
Spain,20-09-2002,24.4,14.9,19.1,0,13,46.4,37215.7
Spain,21-09-2002,21.4,15,17.6,0,17.4,45.7,33176.04
Spain,22-09-2002,21,13.6,16.7,1.8,13,34.2,37598.89
Spain,23-09-2002,20.1,12.6,15.9,3.1,12.5,26.3,38784.46
Spain,24-09-2002,19.4,8,14,0,13.7,27,40348.84
Spain,25-09-2002,20,7.9,14.1,0,13,29.2,38524.38
Spain,26-09-2002,22.4,8.2,15.9,0.1,8.6,18.4,40031.58
Spain,27-09-2002,23.7,8.5,16.1,0,9,17.6,39871.57
Spain,28-09-2002,25.2,9.7,17.5,0,8.9,17.3,39013.52
Spain,29-09-2002,25.1,12,18.4,0,6.8,24.1,38014.6
Spain,30-09-2002,25,12.8,18.7,3.5,8.4,28.1,33270.76
Spain,01-10-2002,16.3,14.5,15.2,9.7,8.6,22.7,0
Spain,02-10-2002,18,13.9,15.6,0.6,6.1,17.6,1740.87
Spain,03-10-2002,21.8,12.7,17.2,0,6.5,18.4,37064.52
Spain,04-10-2002,22.3,12.1,16.9,0,9.2,22.3,37455.83
Spain,05-10-2002,22.3,12,17.4,0,10.6,23.8,35716.73
Spain,06-10-2002,23.3,12.1,17.4,0,8.2,18.7,35911.02
Spain,07-10-2002,22.7,10,16.3,0,13.9,28.4,36327.19
Spain,08-10-2002,18.3,13.9,15.5,2.8,11.3,34.2,25751.58
Spain,09-10-2002,15.7,8.9,13.1,12.1,13.7,33.5,33425.44
Spain,10-10-2002,11.9,6.7,9.3,7.7,20.8,37.4,4158.9
Spain,11-10-2002,18.9,5.7,11.7,0,11.3,26.6,36468.97
Spain,12-10-2002,21.1,10.3,14.9,0,9.8,21.2,36241.77
Spain,13-10-2002,21.8,9.9,15.1,0,11.4,27.7,36163.9
Spain,14-10-2002,19.6,10.1,14.8,0.1,17.3,39.2,27600.87
Spain,15-10-2002,20.5,10.4,14.9,0,16.2,39.2,33378.6
Spain,16-10-2002,17.6,13.1,14.8,0.6,23.9,57.2,28800
Spain,17-10-2002,15.7,9.2,12.4,0.4,15.3,37.1,36002
Spain,18-10-2002,16.4,5.8,10.9,0,6.8,20.9,36000
Spain,19-10-2002,19.4,6,11.9,0,8.2,21.6,36000
Spain,20-10-2002,21.6,8.6,14.3,1,17.8,60.1,32400
Spain,21-10-2002,16.7,12.2,14.5,16.2,25.7,63,26207.58
Spain,22-10-2002,15.9,11.5,13,0,28.5,60.5,26095.95
Spain,23-10-2002,17.1,10.7,13.1,0,14.8,32.8,35676.79
Spain,24-10-2002,15.8,7.4,11.5,0.4,16.1,36,21659.88
Spain,25-10-2002,18.7,10.6,13.7,0,13.5,34.6,23134.95
Spain,26-10-2002,18.5,7.6,13.1,0,7.3,15.1,29730.08
Spain,27-10-2002,21.4,7.1,13.5,0,9.8,16.6,33078.31
Spain,28-10-2002,21.1,10,15,0,14.1,27.7,34886.49
Spain,29-10-2002,20.6,8.5,14.1,0,6.8,17.6,34731.31
Spain,30-10-2002,16,10.2,13.2,0.4,19.5,43.9,32385.19
Spain,31-10-2002,16.8,9.3,12.6,0,8.4,17.3,33983.8
Spain,01-11-2002,17,7.8,11.8,0,7.8,17.6,34274.42
Spain,02-11-2002,18.1,8.3,12.9,0,10.8,26.3,26576.75
Spain,03-11-2002,20.8,11.8,14.9,0.8,11.2,31.7,30507.79
Spain,04-11-2002,17.1,6.2,11.6,0,11.2,26.3,29063.71
Spain,05-11-2002,17.5,6.3,11,0,9.1,23,33522.32
Spain,06-11-2002,19.2,6.3,12.1,0,10.3,21.6,33545.25
Spain,07-11-2002,13.9,7.9,11,0,21.9,49.7,33401.85
Spain,08-11-2002,16.3,3.2,9.2,0,7.6,23,24839.13
Spain,09-11-2002,18.4,5.7,11.3,0,13.7,31,32122.77
Spain,10-11-2002,19.1,7,12.3,0,12.5,28.4,32976.88
Spain,11-11-2002,15.7,7,11.1,0,11.5,25.6,31228.38
Spain,12-11-2002,14.3,9.6,11.8,1.1,18.4,39.6,30648.98
Spain,13-11-2002,12.6,9.1,10.4,9.6,27.9,82.4,22929.37
Spain,14-11-2002,9.5,4.3,6.9,13.1,14.3,41,0
Spain,15-11-2002,9.8,5.7,7.3,0.3,11.7,29.5,26866.4
Spain,16-11-2002,7.4,3.9,5.6,4.2,16,35.3,12590.57
Spain,17-11-2002,11.2,4.6,6.9,0.6,8,20.9,22705.99
Spain,18-11-2002,11.9,3.5,7.1,0.3,14,29.2,30720.93
Spain,19-11-2002,10.8,8,9.2,14.6,16.4,48.2,0
Spain,20-11-2002,9.8,4.8,6.9,0,15.8,32.8,30710.82
Spain,21-11-2002,11.7,6.6,8.9,1.8,21.8,62.6,27690.72
Spain,22-11-2002,11,5.7,8,2.4,23.7,51.5,21600
Spain,23-11-2002,11.1,7.3,9.3,5.6,22.9,55.8,25040.65
Spain,24-11-2002,8.3,4.2,6.3,8.4,13.8,36.7,6540.41
Spain,25-11-2002,10.3,4.7,6.8,0.7,13.1,26.6,25035.99
Spain,26-11-2002,11.1,1.6,5.7,0,9.7,24.1,30358.69
Spain,27-11-2002,12.1,7,9.4,1.9,9.1,22.3,6520.62
Spain,28-11-2002,13.1,5.9,10.7,0.6,15.4,39.6,26108.18
Spain,29-11-2002,10.6,2,6.3,5.5,15.9,37.4,16656.89
Spain,30-11-2002,12.9,4.6,8.7,0,11.5,23.8,22593.13
Spain,01-12-2002,10.8,4.8,8.3,2.1,11.1,24.1,0
Spain,02-12-2002,11.1,5,9.1,0,14.7,28.8,29391.14
Spain,03-12-2002,11.4,5.4,8.2,0,13.2,32,28907.12
Spain,04-12-2002,12.7,3.9,7.7,0,8.9,21.2,28858.64
Spain,05-12-2002,9.1,3.9,6.5,0,24.5,46.8,29472.5
Spain,06-12-2002,9.5,3.6,6.3,0,21.3,46.1,28640.44
Spain,07-12-2002,9.6,4.6,6.7,0,13.1,29.5,28867.54
Spain,08-12-2002,8.7,-0.2,4.1,0,6.2,13.7,28807.52
Spain,09-12-2002,7.3,2.9,5.2,4.4,14,29.9,14400
Spain,10-12-2002,8.9,4.7,6.5,12.6,21.4,61.2,18130.1
Spain,11-12-2002,9,4,6.8,1.6,16.9,40.3,28692.26
Spain,12-12-2002,9.9,2.1,5.6,0,12.8,28.8,29611.62
Spain,13-12-2002,10,0.5,5,0,9,22,12210.21
Spain,14-12-2002,11.4,5.4,8.2,3.2,22.2,44.3,18206.12
Spain,15-12-2002,9.2,5.1,7.4,0,11.7,32.4,29303
Spain,16-12-2002,11.3,0,5,0,6.6,15.5,29171.05
Spain,17-12-2002,12.5,4.5,9,4.6,13.1,36.4,0
Spain,18-12-2002,14.1,11.4,12.4,6.6,16,29.5,7151.35
Spain,19-12-2002,12.1,10.2,11.2,7,6.2,15.8,0
Spain,20-12-2002,13.6,8.7,10.8,2,7.9,15.1,19349.54
Spain,21-12-2002,10.5,6,8.2,0,6.2,19.1,16157.81
Spain,22-12-2002,12.4,5.6,8.4,0,5.4,13.7,28890.32
Spain,23-12-2002,12.4,3.3,7.5,0,9.4,23.4,27988.99
Spain,24-12-2002,11.1,7.4,9.2,0.5,16.8,44.3,4494.22
Spain,25-12-2002,13.2,8.7,10.7,0,17.3,34.2,7957.69
Spain,26-12-2002,12.6,9.9,11.1,0.7,24.7,49.7,1984.87
Spain,27-12-2002,10.6,8.3,9.4,14.9,32.1,63.4,23979.21
Spain,28-12-2002,10,4.3,7.5,0,18.4,38.2,29612.25
Spain,29-12-2002,10.6,1.8,5.9,0,7.2,20.9,28769.6
Spain,30-12-2002,9.1,4.5,6.7,1.1,17.1,43.6,1606.44
Spain,31-12-2002,11.2,4.3,7.2,0,13.3,27.4,22415.1
Spain,01-01-2003,11.7,5.9,8.5,2.2,14.3,31.3,6621.12
Spain,02-01-2003,11.4,10,10.6,0.4,23.7,48.6,77.3
Spain,03-01-2003,12,7.3,10.2,1.7,23.7,45.7,21581.92
Spain,04-01-2003,11.3,4.6,7.4,0.3,14,34.2,23252.5
Spain,05-01-2003,8,3.3,5.4,9.5,19.7,51.5,0
Spain,06-01-2003,8.4,2.9,5.4,0.6,22.7,48.2,28929.5
Spain,07-01-2003,5.6,0.6,3.3,6.7,14.6,51.8,6494.78
Spain,08-01-2003,8,3.8,5.6,0.8,14,37.8,29801.21
Spain,09-01-2003,6.8,1,3.3,4.7,21.6,45,20466.63
Spain,10-01-2003,5.3,-0.5,2,0,23.7,51.1,30466.04
Spain,11-01-2003,5.1,-1.9,0.7,0,16.8,40.3,30551.42
Spain,12-01-2003,4.7,-3.7,-0.5,0,12.9,31.3,30640.32
Spain,13-01-2003,5.9,-4,-0.6,0,10.6,25.2,30732.58
Spain,14-01-2003,7.3,-3.2,1.1,0,7.7,13.7,30828.03
Spain,15-01-2003,7.3,-1.6,2.9,0,7.8,13.3,30926.52
Spain,16-01-2003,8.9,-3.2,1.6,0,6.1,12.2,31027.87
Spain,17-01-2003,8.4,-1.2,2.1,0,9.5,23,31131.95
Spain,18-01-2003,5.8,0,2.8,2.3,9.1,22.3,10643.48
Spain,19-01-2003,9.5,4.5,6.6,6.6,17.7,41,29779.21
Spain,20-01-2003,8,-0.2,4.7,4.1,24.2,53.6,285.87
Spain,21-01-2003,9.2,5,7,0.9,24.5,55.8,14185.13
Spain,22-01-2003,7.3,5.8,6.5,5.1,16.6,41.4,197.47
Spain,23-01-2003,9.3,0.8,5.5,0,15.9,34.2,31805.27
Spain,24-01-2003,11.7,-1.9,3.9,0,15,31,31926.23
Spain,25-01-2003,13,-2.3,4,0,14.8,29.9,32050.52
Spain,26-01-2003,12.3,-0.3,5.9,0,18,35.3,25187.06
Spain,27-01-2003,17.8,7.5,11.5,0,17.4,36.4,32268.53
Spain,28-01-2003,14.6,1.2,7.9,0,11.9,25.9,32346.76
Spain,29-01-2003,7.7,1,5,0,24.3,59,32400
Spain,30-01-2003,7.9,1.3,4.3,0,22.5,47.2,29937.82
Spain,31-01-2003,5.1,-0.7,1.9,0.5,28.4,61.2,32435.15
Spain,01-02-2003,7.4,-3,1.5,0,9.5,24.5,32406.92
Spain,02-02-2003,10.5,-0.4,4.5,0,10.9,25.9,28802.35
Spain,03-02-2003,12.4,1.4,6,0,14.8,32,32443.74
Spain,04-02-2003,11.2,5.6,7.9,0.2,29.4,49,19516.45
Spain,05-02-2003,9.3,2.9,6.2,0,10.2,24.1,32542.26
Spain,06-02-2003,11,1.8,6.7,0,8.1,22,32914.45
Spain,07-02-2003,9,3,6.1,2.2,7.8,18,20545
Spain,08-02-2003,11.2,0.9,5.8,0,8.4,20.2,33116.92
Spain,09-02-2003,13,-1.3,5.3,0,6.4,15.5,27593.38
Spain,10-02-2003,11.9,0.1,5.8,0,5.6,14.4,33094.67
Spain,11-02-2003,11,-0.6,4.9,0,8.2,15.8,33375.14
Spain,12-02-2003,11,5,7.7,1.3,6.7,18,19557.53
Spain,13-02-2003,10.8,2.8,6.4,0,10.9,25.9,34392.51
Spain,14-02-2003,8.8,-0.4,3.9,0,12,24.5,32265.27
Spain,15-02-2003,7.1,-2.4,2,0,15.6,36.7,33671.27
Spain,16-02-2003,9.4,-2.9,2.5,0,13.8,28.1,35252.71
Spain,17-02-2003,7.8,-2.7,1.5,0,9.8,24.1,35411.94
Spain,18-02-2003,2.8,-4.3,-0.6,2.6,7.6,19.8,14628.9
Spain,19-02-2003,7.6,-0.8,3.1,15.2,15.3,36,21139.84
Spain,20-02-2003,8.7,1.4,4.1,0.7,12.7,34.2,27028.2
Spain,21-02-2003,9,-0.8,3.2,0,10.1,19.8,28967.03
Spain,22-02-2003,8,4.1,5.9,5.4,11,26.3,0
Spain,23-02-2003,11.8,6,8.2,0.6,13,26.3,7276.26
Spain,24-02-2003,12.5,6.3,8.4,11.1,18.6,46.4,22885.26
Spain,25-02-2003,10.4,6.3,8.1,36.9,25,50,570.89
Spain,26-02-2003,8.6,3.6,5.7,5.5,20.9,43.6,21376.09
Spain,27-02-2003,11.2,3,6.6,3.2,15.3,38.9,36688.74
Spain,28-02-2003,12.7,3.1,7.1,0,12.8,34.2,31536.53
Spain,01-03-2003,12.2,3.8,7.7,2.6,15.5,38.2,24936.82
Spain,02-03-2003,13.9,4.6,9.3,0,15.1,33.8,27226.84
Spain,03-03-2003,18.2,8.8,12.4,0,15.4,34.2,32306.45
Spain,04-03-2003,18.1,2.4,10.5,0,8.8,19.1,37855.67
Spain,05-03-2003,17.7,4.6,10.5,1.3,20.1,48.6,34608.82
Spain,06-03-2003,13.1,3.2,8.5,0,9.5,26.6,38180.79
Spain,07-03-2003,15.1,2.9,9,0,6.9,14.4,33479.16
Spain,08-03-2003,15.3,6,10.6,0,12,28.1,38508.79
Spain,09-03-2003,16.8,3.2,10.3,0,6.6,17.6,38673.57
Spain,10-03-2003,18.3,2.8,10.5,0,8,16.9,38838.72
Spain,11-03-2003,18.4,3.5,11.7,0,7.9,18,39004.13
Spain,12-03-2003,20.4,4.8,12.4,0,6.8,15.1,39137.96
Spain,13-03-2003,22.1,7.2,13.6,0,11.1,25.9,36283.83
Spain,14-03-2003,19.2,6.5,12.9,0.1,10.2,26.6,39269.58
Spain,15-03-2003,17.9,5.8,12,0,7.3,17.6,39285.07
Spain,16-03-2003,12,7.5,9.5,0.2,14.1,35.6,7488.38
Spain,17-03-2003,12.1,1.9,7,0,18.5,41.8,35438.43
Spain,18-03-2003,13,3.7,7.9,0,11.1,26.6,39528.86
Spain,19-03-2003,13.6,1.1,7.9,0,9,23.4,39592.89
Spain,20-03-2003,15.9,0.2,8,0,9.8,26.6,40125.29
Spain,21-03-2003,16.3,2.5,9.6,0,13,29.5,40237.44
Spain,22-03-2003,14.5,2,8.6,1.7,9.8,23,39765.27
Spain,23-03-2003,16.2,6.4,10.8,0,11,27,36795.44
Spain,24-03-2003,16.8,4.6,10.6,0,12.7,28.4,39756.13
Spain,25-03-2003,14.7,3.5,9.2,0.2,10.5,23.8,38928.29
Spain,26-03-2003,16.2,6.9,11.4,2,15.6,47.2,27538.39
Spain,27-03-2003,11.9,9.2,10.3,32.4,17.1,37.1,0
Spain,28-03-2003,14,7.5,10.3,3.7,14.8,34.2,31093.38
Spain,29-03-2003,15.8,4.1,10.7,0.6,9.4,24.5,34905.95
Spain,30-03-2003,12,9.2,10.2,19.7,18.4,33.8,9783.35
Spain,31-03-2003,16.5,6.7,11.6,0.5,13.4,25.9,37173.77
Spain,01-04-2003,18.1,6.4,12.6,0,8.7,21.2,41689.25
Spain,02-04-2003,16.7,5.5,11,0,20.5,43.2,37680.05
Spain,03-04-2003,11.8,6,8.2,0,25.8,53.3,40968.46
Spain,04-04-2003,15,2.5,8.2,0,18.4,41,42466.89
Spain,05-04-2003,16.3,1.9,9,0,14.1,28.4,42666.41
Spain,06-04-2003,20.6,1.2,11.3,0,11.7,26.6,42781.22
Spain,07-04-2003,18.8,2.6,11.4,0,9.2,23.4,42986.76
Spain,08-04-2003,17.9,5.3,11.5,0,10.7,23.8,34316.46
Spain,09-04-2003,18.2,6.3,12.8,0,22.1,49,42913.05
Spain,10-04-2003,16.2,5,10.7,0,20.2,39.2,42456.23
Spain,11-04-2003,13.3,7.4,9.9,0.6,21,46.1,36091.23
Spain,12-04-2003,12.5,6.2,9.2,2.9,18.4,40.7,0
Spain,13-04-2003,23.1,7,13.8,8.4,23.1,53.6,35328.77
Spain,14-04-2003,14.1,8.3,10.8,14.5,13.3,38.5,35070.86
Spain,15-04-2003,16.3,6.3,10.7,0.4,17.6,37.1,41319.01
Spain,16-04-2003,16,8.1,11.8,0.5,16.9,39.2,30742.66
Spain,17-04-2003,17.8,6.7,13,0,8.5,16.6,40366.32
Spain,18-04-2003,19.5,7.5,13.6,0.2,9.8,24.5,42993.72
Spain,19-04-2003,12.6,8.6,10,16.2,18.9,34.9,0
Spain,20-04-2003,12,5.4,8.9,0,20.5,45.4,31853.68
Spain,21-04-2003,16.3,6.1,11,0,10.3,21.2,45202.63
Spain,22-04-2003,15.4,6.2,10.8,0.2,14,35.6,29035.8
Spain,23-04-2003,15.1,6.9,11.4,0.2,12.3,28.4,24016.1
Spain,24-04-2003,16.4,8.3,12.3,0.1,11.8,25.6,23827.6
Spain,25-04-2003,19.9,9.6,14.7,0,15.3,40,43344.73
Spain,26-04-2003,19.3,11.2,14.3,4.5,13.1,34.2,32768.26
Spain,27-04-2003,20.8,7.2,14.3,0,11.9,31,39518.59
Spain,28-04-2003,20.7,10.2,15.9,0.1,22.7,56.9,45530.73
Spain,29-04-2003,19.7,12.8,15.5,0,17.7,43.9,39855.67
Spain,30-04-2003,16.9,9.3,13,0.1,15.6,43.9,45728.72
Spain,01-05-2003,17.6,7,12.5,0,8.9,18.7,19237.96
Spain,02-05-2003,20.7,6.3,13.8,0,9.5,24.8,46457.26
Spain,03-05-2003,23.6,9.1,16,0.6,13.2,33.8,46625.03
Spain,04-05-2003,24.8,9.4,17.4,0.1,11.6,28.4,42279.49
Spain,05-05-2003,19.8,12.9,15.9,1.7,18.4,41.8,42015.07
Spain,06-05-2003,12.4,6.5,9.5,9.1,26,52.9,5882.38
Spain,07-05-2003,14,5.9,10,8.5,22.4,56.9,17618.16
Spain,08-05-2003,17.2,8.8,12.7,1.3,10.6,32,42317.52
Spain,09-05-2003,20.4,5.9,14,0,6.5,16.9,40222.55
Spain,10-05-2003,21.6,8.6,15.9,0,9.5,23,47709.5
Spain,11-05-2003,23.6,10.6,17.6,1,11.8,28.8,47788.91
Spain,12-05-2003,24.7,11.1,17.9,0,9.2,19.8,48110.48
Spain,13-05-2003,24.6,9.9,17.8,0,12.4,24.5,48241.65
Spain,14-05-2003,24.3,11,17.8,0,13.2,28.1,48352.23
Spain,15-05-2003,24.2,11.9,18.1,0.2,11.6,24.8,48216
Spain,16-05-2003,21.4,12.7,16.4,11.7,11.3,33.8,35326.08
Spain,17-05-2003,24.1,9,16.7,0,12.6,24.5,48223.87
Spain,18-05-2003,25.8,11.6,19.1,0,14.5,31.7,48772.79
Spain,19-05-2003,26,14.1,19.9,0.2,16.4,39.2,48871.88
Spain,20-05-2003,24,9,17.3,0,11.4,23.4,48936.91
Spain,21-05-2003,25.2,10.5,18.3,0,12.1,26.3,48981.02
Spain,22-05-2003,27.6,11,20.5,0,11.7,23.8,49023.2
Spain,23-05-2003,29.2,12.3,21.4,0,13.6,24.8,49063.41
Spain,24-05-2003,20.9,14,17.5,0,17.7,37.4,44671.67
Spain,25-05-2003,18.5,8.9,13.8,0,17.7,42.5,49138.29
Spain,26-05-2003,20.3,6.3,13.9,0,13.1,31.3,49173.04
Spain,27-05-2003,23.9,8.1,16.5,0,13.1,31.3,49206
Spain,28-05-2003,26.2,9.9,18.6,0,7.4,20.9,49237.19
Spain,29-05-2003,28.1,12.4,21.2,0,7,18,49266.61
Spain,30-05-2003,29.7,15.2,22.7,0.1,8.6,28.1,49294.26
Spain,31-05-2003,29.5,15,21.9,0.3,16.4,34.6,42120.15
Spain,01-06-2003,26.3,15.6,20.8,0.3,16.1,41.8,48535.39
Spain,02-06-2003,25.4,14.3,20,0,18.6,41.8,46730.89
Spain,03-06-2003,26.7,14.9,20.8,0,15,38.5,49387.36
Spain,04-06-2003,23.8,14.3,19.6,0.1,16.4,45,49406.3
Spain,05-06-2003,26.2,13.2,20.1,0.7,9.9,25.6,48682.43
Spain,06-06-2003,28.9,13.3,22,0,7.6,19.1,49543.48
Spain,07-06-2003,31.1,15.4,23.8,0,11.1,30.6,49452.77
Spain,08-06-2003,32,15.9,25.3,0,13,34.2,49568.97
Spain,09-06-2003,31,17.2,25.1,0,15.3,38.2,49656.41
Spain,10-06-2003,31.9,20.5,25.8,0,16.3,38.9,49507.09
Spain,11-06-2003,33.7,16.7,26.5,0,9.6,24.8,49592.83
Spain,12-06-2003,33.6,19.3,27.3,0,10.1,26.3,48022.54
Spain,13-06-2003,34.4,17.9,27,0,8.8,25.9,48760.55
Spain,14-06-2003,31.1,22.7,27.3,0,15,44.6,39639.16
Spain,15-06-2003,31.3,17.8,25.1,0,18.9,41.8,47012.53
Spain,16-06-2003,30.5,17.2,24.5,0,9.4,24.5,49771.11
Spain,17-06-2003,30.6,16.8,25,0,8.2,20.9,49676.89
Spain,18-06-2003,31.2,18.8,25.5,0,16.9,40.7,49669.91
Spain,19-06-2003,33.2,19.5,26.6,0,18.4,37.8,49846.46
Spain,20-06-2003,33.7,18.7,26.9,0,9.5,23.8,49931.41
Spain,21-06-2003,34.9,18,27.4,0,9.6,23.8,49921.59
Spain,22-06-2003,34.7,18.5,27.6,0.1,12.9,30.6,49440.05
Spain,23-06-2003,33.3,22,28,0,13.3,29.9,49424.8
Spain,24-06-2003,30.1,20.7,25.5,0.4,16.6,45,48957.39
Spain,25-06-2003,30.6,17.2,24.8,0,10.1,31,47868.43
Spain,26-06-2003,32.4,19,26.2,0,14.3,36,49650.17
Spain,27-06-2003,32.2,17.5,25.7,0,9.4,24.1,49434.45
Spain,28-06-2003,32,18.5,25.7,0,16.6,40.3,49899.9
Spain,29-06-2003,29.4,19.1,24.4,0,22.9,52.6,49486.47
Spain,30-06-2003,23.2,17.5,20.3,0,27.3,58.7,47396.1
Spain,01-07-2003,25.4,14,19.8,0,18.2,40,49728.18
Spain,02-07-2003,25.9,13.5,20.2,0,16.5,37.8,49410.92
Spain,03-07-2003,26.9,12.8,20.5,0,8.5,30.2,49671.7
Spain,04-07-2003,29.5,15.1,22.4,0,14,30.6,49736.02
Spain,05-07-2003,31,14.9,23.9,0,13.2,33.5,49417.82
Spain,06-07-2003,31.5,16.5,25.3,0,13.5,35.6,49572.31
Spain,07-07-2003,33.4,16.7,26.1,0,9.2,28.8,49442.5
Spain,08-07-2003,34.7,18.4,27.5,0,12.6,31,49404.93
Spain,09-07-2003,35.4,18.7,28.1,0,9,23.4,49365.79
Spain,10-07-2003,35.6,21.8,29.2,0,14.3,34.2,49325.14
Spain,11-07-2003,36.9,19.9,29.1,0,8,23,49282.99
Spain,12-07-2003,34.5,20.1,28.1,0,10.5,33.5,48212
Spain,13-07-2003,34.1,19.5,27.5,0,10,22.3,48940.3
Spain,14-07-2003,31.9,21.9,26.9,0,18.3,43.6,48982.4
Spain,15-07-2003,27.1,17.2,22.5,0.2,24.5,61.2,48857.82
Spain,16-07-2003,26.7,13.3,20.5,0,16.6,33.8,48972.98
Spain,17-07-2003,30.5,13.2,22.8,0,11.1,29.9,48848.56
Spain,18-07-2003,32.6,18.6,25.6,0,18.3,40.7,48802.11
Spain,19-07-2003,33,18.6,26,0,18.4,45,48754.75
Spain,20-07-2003,32.9,20.2,26.6,0,19.6,45.7,48634.34
Spain,21-07-2003,31.9,17.4,25.3,0,16.1,40.7,48525.7
Spain,22-07-2003,32.8,17.6,25.9,0,15.3,40.3,48544.71
Spain,23-07-2003,32.2,18,26.2,0,16.3,42.1,48437.21
Spain,24-07-2003,32.5,17.2,25.7,0,12.1,30.2,48094.16
Spain,25-07-2003,33.6,19.1,26.9,0,13.6,34.9,47962.35
Spain,26-07-2003,33.6,18.4,26.8,0,19.8,45.7,47834.35
Spain,27-07-2003,30.3,18.2,25.6,0,13.2,32,47817.86
Spain,28-07-2003,33.2,18.6,26.2,0,9.3,24.1,47695.48
Spain,29-07-2003,34.8,20.7,27.8,0,15.4,32,47577.48
Spain,30-07-2003,36.1,22.5,29.3,0,17.7,37.1,47464.13
Spain,31-07-2003,37.3,21.3,29.7,0,14.5,31.3,47547.93
Spain,01-08-2003,38.5,19.2,29.6,0,16.3,37.8,47531.52
Spain,02-08-2003,38.5,20.9,30.1,0,17.7,25.9,46462.4
Spain,03-08-2003,38.3,22.8,31,0,9.5,24.1,46005.99
Spain,04-08-2003,37.4,22.9,30.9,0.2,9.5,21.6,47194.96
Spain,05-08-2003,36.5,21.4,29.7,0,20.1,44.6,44436.68
Spain,06-08-2003,35.7,21.1,29.2,0,9.7,23.8,46888.3
Spain,07-08-2003,36.1,22.5,29.9,0,10.9,30.2,46815.31
Spain,08-08-2003,35.5,19.8,28.7,0,9.2,24.8,46740.27
Spain,09-08-2003,35.3,20.4,28.6,0,11,28.8,46598.07
Spain,10-08-2003,35.2,21.5,29.1,0,6.5,22.3,46461.78
Spain,11-08-2003,35.1,20.9,29,0,7,22.3,46388.57
Spain,12-08-2003,36.6,20.9,29.2,0,8.9,23,46259.79
Spain,13-08-2003,36.4,19.9,29.4,0,7.3,23.4,46185.64
Spain,14-08-2003,36.1,20.8,29.8,0,9.1,29.9,46068.2
Spain,15-08-2003,34.5,21.8,28.8,0,18.4,42.5,45990.13
Spain,16-08-2003,28,20.5,24.4,0.2,15,40.3,45910.64
Spain,17-08-2003,30.1,16.2,23.8,0.2,9.7,28.8,45829.84
Spain,18-08-2003,31.4,17.3,25.1,0,10.5,26.6,45747.79
Spain,19-08-2003,33.4,18,26.4,0,10.7,27,45664.6
Spain,20-08-2003,33.8,18.3,26.7,0,13.4,32,45580.36
Spain,21-08-2003,33.1,19.3,25.4,0,26,45,44254
Spain,22-08-2003,28.7,19.5,24.1,2.1,17,32.8,42365.71
Spain,23-08-2003,29.9,17.4,23.8,3.4,8.4,25.2,45271.43
Spain,24-08-2003,31.6,17.9,25.5,0,8.9,23,45128.39
Spain,25-08-2003,31.6,19.5,26,0,14.7,35.6,44984.7
Spain,26-08-2003,29.9,18.2,24.2,0,13.4,36,44840.46
Spain,27-08-2003,29,15.4,22.8,0,19.1,45,44695.77
Spain,28-08-2003,24.1,17.9,20.3,3,24.2,51.5,37579.93
Spain,29-08-2003,25.1,15.1,19.5,0,21.2,47.2,42187.33
Spain,30-08-2003,27.1,15.2,21.1,0,15.1,36,43550.77
Spain,31-08-2003,27.9,15.6,21.8,0,21.2,47.5,43373.82
Spain,01-09-2003,26.4,16.2,21.4,0,16.2,40,43102.22
Spain,02-09-2003,26.3,13.6,20.6,0,11.4,29.2,43135.25
Spain,03-09-2003,27,15.7,21.4,0.1,11.6,29.9,42539.21
Spain,04-09-2003,22.5,16.9,19.9,7.2,10.2,40.3,38703.18
Spain,05-09-2003,27.6,16.2,21.5,0,10.3,25.2,42673.6
Spain,06-09-2003,28.5,15.1,21.8,0,10.7,23.8,42536.91
Spain,07-09-2003,26.6,16.9,21.5,0,14.8,39.6,41432.52
Spain,08-09-2003,27.9,14.8,20.7,0,18.8,43.6,42076.14
Spain,09-09-2003,23.6,15.1,19.3,0,18,43.2,42242.25
Spain,10-09-2003,27.6,9.1,18.7,0,10.4,25.2,42147.61
Spain,11-09-2003,29.7,11.9,21.4,0,14.3,31.7,42091.18
Spain,12-09-2003,29.7,14.1,22.7,0,11.9,32,42034.59
Spain,13-09-2003,30.8,15.3,23.6,0,10.9,23.4,41977.85
Spain,14-09-2003,30.2,14.1,22.4,0,17.4,34.6,41920.95
Spain,15-09-2003,26.1,14.7,20.5,0,9,30.2,41813.44
Spain,16-09-2003,27.3,14.4,20.6,0,7.8,20.5,41656.34
Spain,17-09-2003,28.9,13.4,21,0,6.8,23,41499.34
Spain,18-09-2003,28.9,13.3,22,0,8,20.5,41342.52
Spain,19-09-2003,27.7,12.2,20.1,0,10.6,23.8,41185.97
Spain,20-09-2003,29.2,13.4,21.4,0,12.7,32.8,41029.36
Spain,21-09-2003,28.1,19.1,23.5,0,15.5,38.2,39973.55
Spain,22-09-2003,26.5,15.3,20.8,0,13,33.8,39554.49
Spain,23-09-2003,25.2,15.3,20.5,0,11.5,29.5,36147.44
Spain,24-09-2003,25.7,15.1,20.4,0,13.5,32,39832.23
Spain,25-09-2003,27,14.2,21.3,0,7.7,22.3,39449.34
Spain,26-09-2003,28.4,16.1,22.5,0,10.6,26.6,36240.32
Spain,27-09-2003,27.2,18.7,22.5,0,15.6,40.3,31882.02
Spain,28-09-2003,25.1,15.2,20.5,0,8,24.5,37000.21
Spain,29-09-2003,24.4,15.8,19.8,0,14.8,37.4,37981.14
Spain,30-09-2003,18.7,14,16.2,17.9,19.5,51.5,12289.11
Spain,01-10-2003,20.1,14,16.1,7.4,25.6,61.9,34632.27
Spain,02-10-2003,17.9,13.8,15.3,14.1,23.1,66.2,20638.93
Spain,03-10-2003,19.6,12.2,15.3,1.5,19.9,44.6,27704.29
Spain,04-10-2003,20.8,9.6,15.1,0,11.4,26.3,37293.96
Spain,05-10-2003,17.9,8.6,13.3,0,18.9,41.8,38055.44
Spain,06-10-2003,17.5,7,12.1,0,13.8,32.8,36729.8
Spain,07-10-2003,21,6.9,14.3,0,11.6,23.8,37851.57
Spain,08-10-2003,21.9,7.5,14.5,0,11.3,27,37142.78
Spain,09-10-2003,22.5,10.3,16.3,0,11.1,27.7,37051.82
Spain,10-10-2003,23.3,9.5,16,0,8.7,15.8,36902.97
Spain,11-10-2003,24.4,10.1,16.8,0,9.4,22.3,32621.79
Spain,12-10-2003,19.1,13.9,16.6,1.3,9.7,37.8,28202.28
Spain,13-10-2003,19.3,12.4,16.1,0.1,5.4,22.3,32221.64
Spain,14-10-2003,18.7,12.8,15.2,1.1,7.9,19.8,23671.5
Spain,15-10-2003,20.2,10.5,15.1,0,8,17.6,36000
Spain,16-10-2003,17.2,12,13.9,14.4,9.8,26.3,20164.49
Spain,17-10-2003,16,12.1,13.4,8.9,6.6,15.8,12797.01
Spain,18-10-2003,17.4,10.2,13.4,0,16.7,36.4,36000
Spain,19-10-2003,16.1,12.2,13.8,18,24.4,59.8,30074.77
Spain,20-10-2003,17.2,11,13.4,0.5,18,41.8,33092.61
Spain,21-10-2003,13.4,9.7,11.5,2.7,6,25.9,26141.11
Spain,22-10-2003,15.9,7,11.2,0,17.8,35.6,35867.38
Spain,23-10-2003,12.1,4.7,8.2,0,16.9,35.6,35707.68
Spain,24-10-2003,11.6,1.5,7.1,0,18.4,36.4,34772.6
Spain,25-10-2003,10.7,5.3,7.7,8.7,18.7,40.3,1100.99
Spain,26-10-2003,14.3,8.9,10.8,18.6,16.3,38.5,23235.25
Spain,27-10-2003,14.4,7.5,10.4,3.6,9.7,34.6,28572.9
Spain,28-10-2003,14,10.1,11.5,8,17.8,48.2,24272.6
Spain,29-10-2003,15.5,9.8,11.8,1.7,18.2,40.3,33120.4
Spain,30-10-2003,13.9,9,11.2,0,27.8,55.8,17841.75
Spain,31-10-2003,11.4,8.3,9.9,20.8,31.4,71.3,18281.99
Spain,01-11-2003,14,6.9,9.7,1.3,15.6,37.4,33232.13
Spain,02-11-2003,14.3,5,9.1,0,10.3,25.9,34172.68
Spain,03-11-2003,15.2,3.6,9.1,0,8,16.2,32435.04
Spain,04-11-2003,15.1,3.5,8.8,0,8.3,19.4,28965.42
Spain,05-11-2003,13.4,5.5,9.5,0.6,6.9,18.7,0
Spain,06-11-2003,17.3,5.8,11.2,0,7.6,16.6,33578.68
Spain,07-11-2003,17.4,6.2,11.7,0,7.7,19.4,33432.43
Spain,08-11-2003,17.1,10.2,12.8,0.8,13.7,36,30829.97
Spain,09-11-2003,13.5,8.3,11.1,0.8,13.2,28.4,18111.73
Spain,10-11-2003,13.7,9.2,11.1,4,8,22.7,29755.12
Spain,11-11-2003,15.5,4.5,9.6,0,7.1,15.5,31929.15
Spain,12-11-2003,13.8,8.5,10.9,0,6.3,14,16006.08
Spain,13-11-2003,14.3,8.4,11.8,0,12.7,26.3,26644.54
Spain,14-11-2003,14.9,6.7,10.3,0,8.3,17.3,30625.73
Spain,15-11-2003,11.2,8.7,10.2,21.3,23.2,56.5,581.72
Spain,16-11-2003,12.1,8.7,10.1,2.4,23,49,3080.9
Spain,17-11-2003,13.5,6.1,9.3,0,19.2,44.6,32052.01
Spain,18-11-2003,16.8,6.1,10.4,0,14.3,34.6,31945.66
Spain,19-11-2003,16.9,6.6,11.2,0,12.2,25.9,31826.44
Spain,20-11-2003,15.9,4.1,9.7,0,8.4,14.8,31709.13
Spain,21-11-2003,12.7,5.9,9.7,0.4,8.5,19.8,8897.39
Spain,22-11-2003,13,8.2,10,15.9,15.3,35.6,939.71
Spain,23-11-2003,9.8,6.8,8.4,16.1,15.9,37.4,2946.11
Spain,24-11-2003,10.7,4.8,7.3,0,9.7,22.3,24058.15
Spain,25-11-2003,11.9,3.7,7.8,0,12.4,25.2,30497.91
Spain,26-11-2003,10.1,0.8,5.4,0,24.5,50.8,24364.07
Spain,27-11-2003,9.9,4.6,7.6,1.7,21.1,50,30205.67
Spain,28-11-2003,10.8,2.4,6.2,0,8.8,21.6,24783.55
Spain,29-11-2003,11.2,7.4,9.1,0,11.3,26.3,2520.62
Spain,30-11-2003,11.6,8.8,9.9,3.4,23.7,54.4,7111.82
Spain,01-12-2003,9,2.4,5.7,5.3,15,47.2,27975.88
Spain,02-12-2003,7.2,-0.4,3.5,0,6.1,16.2,22003.32
Spain,03-12-2003,4.8,0.8,2.3,1.1,6.8,16.6,11673.68
Spain,04-12-2003,5.7,-3.1,1.5,3.7,14.4,31.3,17895.42
Spain,05-12-2003,7.8,3.5,5.8,10.6,18.5,50,10.49
Spain,06-12-2003,9.8,3.5,6.9,7.3,15,37.8,4540.86
Spain,07-12-2003,9.9,4,7.5,3.7,14.3,34.9,24802.25
Spain,08-12-2003,8.9,3.6,5.7,0.1,7.3,14.4,0
Spain,09-12-2003,7.5,4,5.9,13.5,15.7,34.2,2100.33
Spain,10-12-2003,10.3,2.5,5.8,5.9,17.7,37.8,29742.64
Spain,11-12-2003,11,0,4.6,0,6.9,17.3,29191.65
Spain,12-12-2003,13.4,2.8,7.4,0,5.5,12.2,29538.35
Spain,13-12-2003,13.7,2.2,6.8,0,7.8,13,29680.98
Spain,14-12-2003,14.7,1.6,7.3,0,6.6,11.9,29074.76
Spain,15-12-2003,13,3.4,7.5,0,7.6,12.6,28841.11
Spain,16-12-2003,10.6,-0.3,4.2,0,7,13.3,29182.68
Spain,17-12-2003,9.4,0.9,5.1,0,8.9,19.8,8081.16
Spain,18-12-2003,9.7,4.4,6.4,4.1,20.2,39.2,14835.92
Spain,19-12-2003,11.1,3.7,6.8,0,9.9,18.7,29179.03
Spain,20-12-2003,11.7,2.4,7.1,0,4.7,14.4,28150.16
Spain,21-12-2003,13.4,2.1,7.7,0.4,7.6,18.4,29021.23
Spain,22-12-2003,7.8,2.7,5.4,0,20.2,43.6,28890.73
Spain,23-12-2003,7.2,-2.2,2.3,0,12.2,30.6,29643.4
Spain,24-12-2003,11,-1.3,3.9,0,14.2,31.7,28844.21
Spain,25-12-2003,10.4,0.2,4.4,0,8,17.6,29493.05
Spain,26-12-2003,8.9,2,4.4,0,8.7,21.6,29677.17
Spain,27-12-2003,8,2,4.8,0,13.4,28.1,7991.77
Spain,28-12-2003,8,2.9,5.7,3.3,24.1,54.7,29721.96
Spain,29-12-2003,8.8,-1.8,3.6,0.1,16.4,38.5,26919.98
Spain,30-12-2003,11.5,6.4,8.5,1.5,15.9,38.5,26624.6
Spain,31-12-2003,11.7,4.5,8.8,0,14.7,33.1,27993.67
Spain,01-01-2004,10,1.5,5.8,0,9,19.8,8517.6
Spain,02-01-2004,9.6,3.5,6.6,0,17.2,32,29144.61
Spain,03-01-2004,8.8,5.8,7,0,17.3,34.2,26983.97
Spain,04-01-2004,11.2,1.9,5.7,0,13.3,28.8,30027.3
Spain,05-01-2004,10.9,-1.6,4.1,0,6.6,13.7,30088.56
Spain,06-01-2004,10.6,-0.2,5,0,6.8,13,30153.84
Spain,07-01-2004,9.3,1,4.2,0,8.7,22,30222.99
Spain,08-01-2004,10.3,3.1,6.1,0,13.3,35.3,12396.77
Spain,09-01-2004,14.9,7.4,10.2,0,13.8,33.8,27631.21
Spain,10-01-2004,14.5,6.3,9.2,0,7.4,19.4,28255.36
Spain,11-01-2004,14.2,5.8,9.2,0,8.4,14,13370.33
Spain,12-01-2004,12.2,4.8,7.8,0,10.2,25.2,22145.16
Spain,13-01-2004,12.9,4.3,7.8,0,14.6,33.5,30711.72
Spain,14-01-2004,12.2,5,7.6,0,15.1,35.3,15968.1
Spain,15-01-2004,8.8,0.8,5.1,0,7.2,18,20844.7
Spain,16-01-2004,11.3,0.2,5.7,0,10.2,23,30997.51
Spain,17-01-2004,12.3,2.6,6.5,0,19,37.4,31098.04
Spain,18-01-2004,7.3,2.6,4.7,0,27.4,56.9,31201.36
Spain,19-01-2004,8.3,1.2,4.1,0,20.6,42.1,31308.55
Spain,20-01-2004,9.5,-1.5,2.5,0,7.9,19.1,31419.51
Spain,21-01-2004,11.4,-1.7,3.5,0,7.8,15.5,31534.02
Spain,22-01-2004,12.5,-1.2,4.3,0,7.4,13.3,31651.86
Spain,23-01-2004,13.5,0.1,6.5,0,8,18.4,27680.32
Spain,24-01-2004,14.8,4.5,8.9,0,11.7,27.4,30291.7
Spain,25-01-2004,13,2.7,7.4,0,12.8,27.4,25542.25
Spain,26-01-2004,12.1,7.9,9.5,0.9,23.4,50,6641.29
Spain,27-01-2004,13.7,8.3,10.5,0.3,22.1,48.6,25537.59
Spain,28-01-2004,9.4,0.4,5.7,0,12.7,25.9,32335.54
Spain,29-01-2004,8.5,-1,3.3,0,7.1,14.4,32422.08
Spain,30-01-2004,6.4,0.4,3.6,0.5,5,18.7,3673.02
Spain,31-01-2004,9.8,4.9,7.5,3.4,19.9,42.1,0
Spain,01-02-2004,11,7.7,9.1,4.4,5.8,14,0
Spain,02-02-2004,12.9,6.3,9.1,0,7.2,14.4,7853.45
Spain,03-02-2004,15.4,3.3,8.5,0,6.6,15.8,26994.01
Spain,04-02-2004,17.1,3,9.4,0,6.2,15.1,32585.63
Spain,05-02-2004,17.4,4.2,9.9,0,6.1,13.7,32760.58
Spain,06-02-2004,16.2,4.6,9.7,0,9.2,20.2,32904.89
Spain,07-02-2004,16.6,2.5,9.7,0,7.7,11.9,32737.43
Spain,08-02-2004,14.6,2.9,8.4,0,9.2,18.4,32718.74
Spain,09-02-2004,14.4,2.2,7.6,0,9.4,23,33288.46
Spain,10-02-2004,14.4,0.4,6.8,0,11.6,28.4,33898.93
Spain,11-02-2004,14.2,0.2,7,0,9.2,14,34278.93
Spain,12-02-2004,15.3,-1.2,6.4,0,6.4,13,34483.81
Spain,13-02-2004,14.6,-0.3,6.8,0,6.8,16.2,34695.98
Spain,14-02-2004,14.6,0.4,7,0,8.9,17.3,34242.67
Spain,15-02-2004,14.9,0.3,7.3,0,7.9,17.6,35035.64
Spain,16-02-2004,13.4,1.1,6.5,0,8,16.6,33690.75
Spain,17-02-2004,11.4,-1.1,5.2,0,6.2,17.3,35380.26
Spain,18-02-2004,9.3,-1.1,4.5,0,13.6,25.6,8182.25
Spain,19-02-2004,9.2,-0.8,4.3,0,17.6,33.5,35702.87
Spain,20-02-2004,6.2,0.2,3.2,8.1,12.8,27.7,2814.71
Spain,21-02-2004,9.3,4.2,6.2,20,13.7,33.8,2737.44
Spain,22-02-2004,8.3,-1.5,3.5,4.9,16.4,36.7,30436.23
Spain,23-02-2004,9.1,2.7,5.2,0.7,13.4,25.2,24366.14
Spain,24-02-2004,5.6,2.3,3.8,13.7,14.3,28.8,0
Spain,25-02-2004,10.9,5.3,7.3,9.9,8.8,25.9,18996.85
Spain,26-02-2004,8.9,2.7,5.8,1.1,17,34.6,34304.5
Spain,27-02-2004,6.2,0,2.6,0.7,27.1,56.2,36665
Spain,28-02-2004,7.5,-1.5,2.7,0.8,19.5,43.9,37156.6
Spain,29-02-2004,7,0.3,3.5,0.3,17.4,40.7,36405.89
Spain,01-03-2004,5.7,-3.6,1.4,0.1,17.4,37.4,37482.12
Spain,02-03-2004,8,-3.8,1.6,0,12.8,28.1,37646.11
Spain,03-03-2004,12.2,-1.3,4.2,0,9.7,20.2,37810.74
Spain,04-03-2004,16,0.2,7.3,0,11.6,28.1,36778.61
Spain,05-03-2004,13.2,6.3,9,0,15,36,14918.68
Spain,06-03-2004,13.6,7.3,9.8,1.3,12.9,25.9,33474.59
Spain,07-03-2004,14.1,0.7,7.9,0,9.2,18,38473.3
Spain,08-03-2004,16.4,1.6,9.4,0,8.9,16.2,38639.35
Spain,09-03-2004,15,4,9.5,0,11.2,24.5,34860.91
Spain,10-03-2004,14.5,7.1,10.2,1,15,41,38971.12
Spain,11-03-2004,14,4.2,8.7,0,17.7,39.2,35189.37
Spain,12-03-2004,10.8,7.2,9.2,12.1,19.6,40,0
Spain,13-03-2004,10.8,5,7.6,4,8.4,22.7,16234.35
Spain,14-03-2004,13.9,2.1,8.1,0,10.5,22.3,39027.21
Spain,15-03-2004,19.2,5,11.2,0,12.6,30.6,39423.49
Spain,16-03-2004,17,7.1,12.1,0,10.4,23,39536.78
Spain,17-03-2004,16.3,7,11.7,0,6.3,20.9,39454.08
Spain,18-03-2004,17.1,7.9,11.8,1,5.2,24.8,39381.95
Spain,19-03-2004,18.3,3.8,11.3,0,7.3,15.8,39763.34
Spain,20-03-2004,19.6,4.7,12.2,0,8.9,20.5,39995.36
Spain,21-03-2004,20.2,7,13.6,0,13.2,29.9,40178.75
Spain,22-03-2004,12.6,4.6,8.6,0,21.6,42.8,40381.97
Spain,23-03-2004,12,0.9,6.6,0,15.8,35.6,40415.62
Spain,24-03-2004,7.7,3.7,5.9,5.9,11.6,29.9,3574.44
Spain,25-03-2004,11,1,6,0,16.5,37.8,40985.82
Spain,26-03-2004,8.6,0.9,4.7,0.8,17.7,42.8,22403.85
Spain,27-03-2004,9.3,2.1,5.3,1.5,16.1,33.5,22326.79
Spain,28-03-2004,6.4,1.2,3.9,18.1,15.8,38.2,37.2
Spain,29-03-2004,9.9,4.4,6.8,22.3,17.2,50,1898.83
Spain,30-03-2004,9.9,6.2,7.7,11.3,14,28.4,220.59
Spain,31-03-2004,11.9,5.4,8.2,1.3,19.6,44.6,36023.35
Spain,01-04-2004,9.3,6,7.6,11.1,20.5,49.3,15503.04
Spain,02-04-2004,11.9,4,7.4,2.3,18.8,45.7,40143.85
Spain,03-04-2004,14.8,2.7,8.3,0,9.9,23,41869.98
Spain,04-04-2004,18.4,2.3,11.4,0,9.1,16.6,42129.99
Spain,05-04-2004,19.6,4.4,12.7,0,8.7,16.2,41693.91
Spain,06-04-2004,21.4,4.5,13.4,0,10.5,23,42957.01
Spain,07-04-2004,19.1,3.9,12.1,0,12.5,24.5,42400.45
Spain,08-04-2004,13.5,6.9,10.3,0,15.3,31.7,40617.9
Spain,09-04-2004,11.9,1.9,7.1,0,16.9,36.7,43286.15
Spain,10-04-2004,11,1.4,5.8,0.7,18.9,45.4,43707.31
Spain,11-04-2004,11.7,0.9,6.3,0,16.9,38.2,43498.36
Spain,12-04-2004,13.1,0.3,7.3,0,17.1,35.3,43491.69
Spain,13-04-2004,14.5,0,7.7,0,15.1,30.2,44362.66
Spain,14-04-2004,15.1,2.6,9,0,14.8,34.6,44270.09
Spain,15-04-2004,17.8,1.7,10,0.3,12.8,29.9,42969.57
Spain,16-04-2004,16.5,8.4,11.9,4.4,11.2,24.1,31203.75
Spain,17-04-2004,13.2,7.2,10.2,1.2,17.8,38.5,35770.43
Spain,18-04-2004,10.5,5.7,8.3,1,25.7,56.9,11555.13
Spain,19-04-2004,13.5,3.8,8.6,0,20.6,43.2,34815.29
Spain,20-04-2004,15.8,6.6,11.1,0,14.6,34.2,37676.35
Spain,21-04-2004,19.5,6.4,12.9,0,17.4,40.3,40992.56
Spain,22-04-2004,15.3,6.8,11.4,0.8,17.7,48.6,45306.2
Spain,23-04-2004,19.5,2.3,11,0,10.4,29.5,45405.19
Spain,24-04-2004,21.9,5.2,14.3,0,12.5,24.8,45513.92
Spain,25-04-2004,24.1,6.2,15.9,0,8,16.2,45632.99
Spain,26-04-2004,24.1,8.4,16.7,0,9.3,21.2,45698.53
Spain,27-04-2004,23.4,9.7,17,0,14,34.9,45830.13
Spain,28-04-2004,17.2,10.5,13.5,12.4,8,27.7,43331.8
Spain,29-04-2004,16.3,8.9,11.9,3.6,13.3,31.7,40068.9
Spain,30-04-2004,13.6,6,9.7,0.6,19.8,42.1,38919.49
Spain,01-05-2004,11.4,5.9,8.5,1.1,21,52.9,32224.12
Spain,02-05-2004,13.4,4.5,9.2,6.6,13.1,28.1,31605.89
Spain,03-05-2004,12.6,6.8,9.6,15.1,21.7,44.3,4040.25
Spain,04-05-2004,16.4,5.5,11.3,0,15.6,35.3,39675.93
Spain,05-05-2004,12.1,8.2,10.3,1.6,28.8,59.4,27571.35
Spain,06-05-2004,15.3,5.5,10.2,0.7,18.4,43.2,45515.45
Spain,07-05-2004,14.3,6,10.2,0,14,33.8,42950.44
Spain,08-05-2004,16.2,1.9,9.3,0,8.2,20.9,47757.77
Spain,09-05-2004,15.4,6.9,10.7,0.1,19,43.2,37511.03
Spain,10-05-2004,14.7,7.2,11,3.5,11.4,25.2,42910.29
Spain,11-05-2004,12.9,8.9,10.6,9.1,21.3,49,0
Spain,12-05-2004,17.3,8.5,12.4,1.9,14,31.3,43922.25
Spain,13-05-2004,19.2,6.4,13.1,0,15.5,32,48125.45
Spain,14-05-2004,18.7,5.3,12.6,0,12.1,32.4,48126.23
Spain,15-05-2004,19,7.4,14.1,0,10.5,23.8,47789.85
Spain,16-05-2004,21.1,8.5,15.7,0,7.6,23.4,48644.72
Spain,17-05-2004,23,8.2,16.4,0.1,7,19.8,48744.51
Spain,18-05-2004,23.1,10.9,18,0,9.2,21.6,48842.44
Spain,19-05-2004,23.6,11.3,17.8,0,8.7,21.6,48924.59
Spain,20-05-2004,23.8,11.9,18.5,0,9.3,24.5,48968.35
Spain,21-05-2004,21.4,10.5,16.9,2.3,9.9,26.6,45410.48
Spain,22-05-2004,19.4,12.5,15.5,6,8.8,18.4,41720.77
Spain,23-05-2004,20.8,11.2,15.7,1.7,11.6,26.6,45189.59
Spain,24-05-2004,20.6,11.4,15.4,3.5,9,27.4,47141.06
Spain,25-05-2004,18.8,11.8,15,2.2,8.9,25.2,42197.75
Spain,26-05-2004,19.2,9.5,15,1.8,8,24.5,34475.99
Spain,27-05-2004,22,9.4,16,0,7,22.7,49228.52
Spain,28-05-2004,22.4,10.6,17.6,0,8.6,22.3,49164.17
Spain,29-05-2004,24.5,13.4,19.3,0,10.4,24.5,49287.7
Spain,30-05-2004,24.3,12.8,19.4,0,10.2,26.6,45759.58
Spain,31-05-2004,26.2,11.9,20,0,7.6,19.4,49339.97
Spain,01-06-2004,27.9,13.5,21.6,0,7.2,18.4,49363.48
Spain,02-06-2004,28.5,16.5,22.6,0,11.8,25.9,49385.23
Spain,03-06-2004,27.6,9.9,20.2,0,12.2,23.8,49443.94
Spain,04-06-2004,28.8,12.1,21.1,0,11.3,23.4,49527.42
Spain,05-06-2004,30.2,13.6,22.4,0,9.9,23.4,49474.44
Spain,06-06-2004,30.1,14.8,23.4,0,8.8,19.4,46118.04
Spain,07-06-2004,26.8,17.7,22,0.8,11.2,30.2,44014.02
Spain,08-06-2004,28.6,17.1,22.6,0,7.2,19.4,49477.13
Spain,09-06-2004,29.2,15.6,23.1,0,9.4,25.2,49509.96
Spain,10-06-2004,29.5,17.7,24.2,0,7.2,20.2,49491.67
Spain,11-06-2004,30.3,16.3,23.6,0,9.3,28.1,48955.52
Spain,12-06-2004,30.5,17,23.8,0.7,10.1,31,49498.32
Spain,13-06-2004,28.2,17.7,23,0,16.1,30.6,49855.79
Spain,14-06-2004,26.1,13.8,20,0,18.9,45,49857.82
Spain,15-06-2004,24.5,12.9,19.1,0,18.9,36.7,44567.64
Spain,16-06-2004,28,13.8,21.1,0,12.2,25.9,49855.58
Spain,17-06-2004,30.1,13.3,23,0,10,21.2,49943.02
Spain,18-06-2004,31.2,14,23.7,0,15.8,32.8,49431.1
Spain,19-06-2004,26.9,16.2,22,0.2,15.2,36.7,49837.5
Spain,20-06-2004,23.9,14.2,19.5,0,13,28.4,47173.34
Spain,21-06-2004,25.7,13.5,20.2,0,15.3,36.7,49442.02
Spain,22-06-2004,28.4,16.9,22.6,0,20.9,48.2,49803.61
Spain,23-06-2004,30.3,15.5,23.5,0,14.8,34.2,49789.14
Spain,24-06-2004,29.7,16.6,23.9,0,10.1,26.6,49482.54
Spain,25-06-2004,31,17.8,25.1,0,12.8,32.4,49852.97
Spain,26-06-2004,34,17.2,26.4,0,10.1,27,49931.69
Spain,27-06-2004,36.2,18.1,28.2,0,9.3,24.5,49911.17
Spain,28-06-2004,36.8,18.7,28.7,0,11.1,29.9,49888.39
Spain,29-06-2004,36.7,21.2,29.2,0,14.3,31.3,49377.8
Spain,30-06-2004,35.1,19,28,0,16.6,37.8,49545.77
Spain,01-07-2004,33.9,19.7,27.3,0,10.3,25.6,49710.82
Spain,02-07-2004,32.3,19.5,26.2,0,13.1,30.6,49584.2
Spain,03-07-2004,30.8,19.4,25.4,0,13.8,33.8,49265.92
Spain,04-07-2004,32.4,17.5,26.1,0,10.6,30.6,49613.99
Spain,05-07-2004,33.9,18.3,27.1,0,15.2,36,49113.66
Spain,06-07-2004,29.6,20.2,24.2,3.6,17.3,47.9,46467.7
Spain,07-07-2004,24.9,16,20.7,0,21.4,49,49410.31
Spain,08-07-2004,23.7,12.5,18.5,0,11.8,33.8,49462.38
Spain,09-07-2004,25.4,10.9,18.9,0,9.7,25.6,49151.45
Spain,10-07-2004,27,13,21.3,0,11.4,27.7,47893.47
Spain,11-07-2004,26.2,16.7,21.8,0,16.5,34.9,47934.54
Spain,12-07-2004,27.9,14.9,21.7,0,14.2,36.4,49203.31
Spain,13-07-2004,29.8,15.1,22.5,0,14.8,32,49158.5
Spain,14-07-2004,30.7,17,24.1,0,12.9,29.2,49031.08
Spain,15-07-2004,30.8,17.9,24.7,0.3,13.1,24.8,48827.25
Spain,16-07-2004,31.4,18.9,26.1,0,14.7,38.9,48568.44
Spain,17-07-2004,30.6,19.5,25.1,0,10.3,28.8,48193.84
Spain,18-07-2004,31.5,18.8,25.5,0,12.3,37.4,48463.75
Spain,19-07-2004,30.9,20,25.5,0,18,42.8,48290.82
Spain,20-07-2004,30.9,17.8,25,0,10.8,34.2,48431.31
Spain,21-07-2004,32.7,19.6,26.5,0,15.3,33.8,48413.01
Spain,22-07-2004,33.9,19.4,27.6,0,15.2,38.2,48235.49
Spain,23-07-2004,36.2,20.2,28.8,0,13.1,32,47983.63
Spain,24-07-2004,37.5,19.7,29.5,0,12.4,27.4,48079.8
Spain,25-07-2004,36,22.5,29.3,0,17.3,37.1,47948.62
Spain,26-07-2004,32.9,19.3,26.7,0,10.8,28.8,48037.49
Spain,27-07-2004,33.5,17.4,26.4,0,9.1,19.8,47909.23
Spain,28-07-2004,33.9,18.5,26.2,0,21.1,52.6,46812.42
Spain,29-07-2004,32.9,17.9,25.9,0,11.8,28.1,47566.09
Spain,30-07-2004,32.8,20.8,26.9,0,9.5,31,47260.76
Spain,31-07-2004,33.3,20.4,27.3,0,9.8,27,47347.44
Spain,01-08-2004,35.1,20.4,28.1,0.3,15.5,37.1,45144.52
Spain,02-08-2004,33.2,21.1,27.5,0.1,16.6,46.1,46800
Spain,03-08-2004,31,19,25.8,0,17,35.3,47131.3
Spain,04-08-2004,29.3,18.2,23.8,1.7,11.3,33.1,46899.17
Spain,05-08-2004,30.6,17.2,24.2,0,8.2,20.5,46910.63
Spain,06-08-2004,32.4,19.4,26,0,11.4,28.4,46838.56
Spain,07-08-2004,33.2,18.9,26.6,0.2,12.4,33.5,45614.7
Spain,08-08-2004,30.1,21.2,25.5,0,21.9,47.9,45766.34
Spain,09-08-2004,27.2,16.5,21.9,7.6,16.4,45.7,32552.23
Spain,10-08-2004,24,15.7,19.3,0.6,18.7,43.9,46310.33
Spain,11-08-2004,26.5,14.3,20.9,0,19.9,47.9,46235.71
Spain,12-08-2004,27.8,17.1,22.2,0,12.6,32.8,45656.1
Spain,13-08-2004,29.1,14,22.3,0,6.9,23.8,46082.5
Spain,14-08-2004,31.2,15.5,23.9,0,10.2,23.8,46004.08
Spain,15-08-2004,32.6,17.6,25.8,0,18.4,38.5,45927.32
Spain,16-08-2004,31.1,17.7,24.7,0,20.6,49.3,45711.99
Spain,17-08-2004,25.8,16.8,21.6,0,22.9,63,45762.49
Spain,18-08-2004,26,17.1,21.5,0,26.5,59.4,45282.14
Spain,19-08-2004,24.4,17.2,20.9,0,19.7,45.7,42799.66
Spain,20-08-2004,26.6,12.9,20.3,0,9.9,32.4,45513.12
Spain,21-08-2004,28,12.3,20.4,0,14.3,32.4,45158.89
Spain,22-08-2004,29.7,15,22.7,0,8.5,31,45305.36
Spain,23-08-2004,32,17.7,25.2,0,12.5,37.4,45164.6
Spain,24-08-2004,34.9,17.8,26.7,0,9.7,37.1,45023.53
Spain,25-08-2004,34.5,16,25.9,0,11.5,40.3,44881.84
Spain,26-08-2004,31,16,23.8,0,11.6,25.6,44738.66
Spain,27-08-2004,31.4,15.7,24,0,7.3,24.5,44594.02
Spain,28-08-2004,31.5,15.6,24,0,10,25.9,44445.62
Spain,29-08-2004,30.7,18.5,24.6,0,10.9,28.4,44125.41
Spain,30-08-2004,30.5,16.8,24.3,0,12.1,28.1,43498.34
Spain,31-08-2004,30.2,18.3,24.5,0,10.6,30.6,42664.63
Spain,01-09-2004,28.5,17.9,23.9,0,14.5,37.4,43152.48
Spain,02-09-2004,26.5,18.1,22.2,0,11.6,30.6,42553.41
Spain,03-09-2004,25.5,17.7,20.6,4.8,14.4,39.6,16364.3
Spain,04-09-2004,25.6,17.3,20.7,7.5,15.5,36.7,27428.42
Spain,05-09-2004,29.3,16.8,22.9,0,13.5,30.6,42551.22
Spain,06-09-2004,29,16,22.4,0,9.7,23.8,42491.36
Spain,07-09-2004,28.1,15.7,21.8,0.3,13,31.3,41959.81
Spain,08-09-2004,29.1,18.1,23,1.2,19.4,42.1,41275.75
Spain,09-09-2004,29,18.2,23.6,0.8,11,33.1,40592.36
Spain,10-09-2004,30.5,16.4,23.7,0,11.9,27.7,42104.51
Spain,11-09-2004,29.4,17.7,23.6,0,9.2,22.3,42047.87
Spain,12-09-2004,29.3,16.1,22.7,0,13.3,32.4,41991.09
Spain,13-09-2004,29.1,15.4,22.5,0,12.1,32.4,41934.17
Spain,14-09-2004,26.4,12.8,20.1,0,12.3,29.2,41857.91
Spain,15-09-2004,24.2,14.2,19.1,0,17,40.7,41702.23
Spain,16-09-2004,25.1,12.1,18.7,0,16.4,31.7,41545.5
Spain,17-09-2004,28,10.5,19.2,0,9,19.1,41387.81
Spain,18-09-2004,29.3,12.9,21.2,0,9.6,28.8,41229.27
Spain,19-09-2004,28.5,12.9,21.1,0,13.4,33.1,41069.95
Spain,20-09-2004,28.7,15.9,22.2,0,10.3,26.3,40909.95
Spain,21-09-2004,30.8,14.3,22.8,0,8.8,21.6,40749.39
Spain,22-09-2004,30.6,16.3,23.2,0,9.5,25.6,40588.36
Spain,23-09-2004,31,12.8,22.7,0,10,19.8,40426.93
Spain,24-09-2004,31.5,13.4,22.3,0,14.6,31.3,40265.21
Spain,25-09-2004,24.9,13,19.3,0,13.6,31,40103.31
Spain,26-09-2004,26.4,9.4,18.3,0,13.3,36.4,39941.32
Spain,27-09-2004,27.1,11.1,19.5,0,10.1,31,39779.32
Spain,28-09-2004,27.4,12.1,19.8,0,9.3,21.6,39593.68
Spain,29-09-2004,28.6,11.5,20.6,0,9.4,24.8,39455.75
Spain,30-09-2004,28.7,11.5,20.9,0,8.3,20.9,39294.38
Spain,01-10-2004,28.8,12.4,21,0,12.2,27.4,39004.96
Spain,02-10-2004,29.6,12.9,21.2,0,11.6,22.7,38782.81
Spain,03-10-2004,28.8,13.2,21.2,0,9.2,20.2,37837.19
Spain,04-10-2004,28.8,13,21.9,0,9.2,20.9,38355.3
Spain,05-10-2004,27.5,14.6,21.9,0,9.7,23,38040.43
Spain,06-10-2004,27.4,12.6,20.6,0,17.7,32.8,36955.03
Spain,07-10-2004,26.2,13.6,20.4,0,9.2,27,37275.57
Spain,08-10-2004,24.5,14.7,19.8,0.7,17.3,43.9,36312.99
Spain,09-10-2004,18.2,12.7,15.6,0.1,21.4,56.9,36442.03
Spain,10-10-2004,16.3,9.8,13,0,24.6,58,26191.05
Spain,11-10-2004,18.1,10,13.5,0,15.5,34.6,32785.52
Spain,12-10-2004,19.7,8.9,13.9,0,12.7,30.2,36039.32
Spain,13-10-2004,19.3,4.8,12.5,0,10.5,28.4,36313.01
Spain,14-10-2004,18.6,8.2,12.8,0,18.5,39.2,36000
Spain,15-10-2004,16.8,10.2,13,0,19.8,38.2,36000
Spain,16-10-2004,17.3,8.3,12.7,0,23.1,48.2,19014.38
Spain,17-10-2004,19.2,9.4,14.4,0,9.2,31.3,36000
Spain,18-10-2004,16.9,9.3,14,0.4,16.2,33.8,13098.44
Spain,19-10-2004,19.1,14.2,16.3,2.4,24.2,60.5,6682.36
Spain,20-10-2004,19.5,15,16.8,7.7,28.7,78.5,18021.14
Spain,21-10-2004,17.1,13.4,14.9,8.2,13.8,33.8,13653.52
Spain,22-10-2004,19.4,11.7,15,0.6,14.1,29.9,29739.76
Spain,23-10-2004,21.6,8.6,15.8,0,8.1,24.8,35591.8
Spain,24-10-2004,21.6,11.2,16.2,0,18.8,42.8,35437.27
Spain,25-10-2004,14.4,10.3,12.4,11.4,12.2,20.2,0
Spain,26-10-2004,15.6,6.5,10.8,0,11.8,20.2,35127.84
Spain,27-10-2004,10.8,8.6,9.5,9.9,11.8,42.5,0
Spain,28-10-2004,13.6,8.7,10.7,2.6,24.7,57.6,27807.33
Spain,29-10-2004,11.7,6.8,9.3,8.6,18.2,44.6,25761.7
Spain,30-10-2004,13.2,5.4,9,0.4,14.3,32,34510.06
Spain,31-10-2004,16.2,5.1,9.8,0,9.8,30.6,34356.7
Spain,01-11-2004,14,5.4,9.6,0.3,9.2,28.8,33988.04
Spain,02-11-2004,15.1,4.9,9.6,0,13,25.2,29226.61
Spain,03-11-2004,16.1,5.9,10.9,0,10.6,27.4,32950.2
Spain,04-11-2004,15.3,7.6,11.5,0.9,11,22.3,33752.27
Spain,05-11-2004,16.5,9.7,12.5,3.6,17.4,42.1,33541.8
Spain,06-11-2004,17.3,7.5,11.6,0,17,30.6,33457.81
Spain,07-11-2004,16.7,5.3,10.1,0,11.2,21.6,31652.28
Spain,08-11-2004,15.7,3.3,8.7,0,7.4,24.5,33170.42
Spain,09-11-2004,15.1,4.2,8.9,0,11.7,24.5,32732.72
Spain,10-11-2004,11.3,5.2,8.1,0,18.1,42.8,31048.23
Spain,11-11-2004,10.6,4.5,7.1,0,21.2,46.8,32276.87
Spain,12-11-2004,12.4,4.6,7.7,0,15.4,38.9,32622.93
Spain,13-11-2004,12.4,0.9,6.6,0,23.9,50.8,32487.96
Spain,14-11-2004,11.3,3.1,7.1,0,21.3,43.2,32363.68
Spain,15-11-2004,11.7,0.2,5.6,0,17.3,38.2,32235.97
Spain,16-11-2004,14.2,0.2,5.5,0,7.7,19.4,32109.66
Spain,17-11-2004,13.8,-0.3,6.4,0,8.9,13.3,31984.89
Spain,18-11-2004,13.7,0,7.2,0,7.7,17.3,31861.84
Spain,19-11-2004,14.6,-0.8,6.2,0,5.8,13.3,31740.68
Spain,20-11-2004,16.2,0.6,7.6,0,7.7,15.1,31334.54
Spain,21-11-2004,14.8,2.9,8.5,0,8,13.7,31504.7
Spain,22-11-2004,14.3,1.8,7.8,0,5.5,14,31390.24
Spain,23-11-2004,14.8,1.6,7.5,0,8.2,13,31210.88
Spain,24-11-2004,14.6,0.5,7.3,0,8.8,13,31133.12
Spain,25-11-2004,14.1,1.3,7.2,0,7.6,14.4,30970.33
Spain,26-11-2004,13.6,1.4,7,0,5.4,13.7,30705.7
Spain,27-11-2004,12.6,1.4,6,0,6.5,14.4,28731.61
Spain,28-11-2004,11.3,1.9,6.3,1,6.2,14.8,21641.88
Spain,29-11-2004,10.7,6.2,8.1,0.3,5,13.7,8789.71
Spain,30-11-2004,10,4.7,7.7,0.7,6,13.7,18365.74
Spain,01-12-2004,8.8,4.3,6.8,20.5,21.5,51.8,0
Spain,02-12-2004,8.9,3.7,6,0.5,15.1,35.3,16558.91
Spain,03-12-2004,8.6,0.8,4.6,0.1,14.3,28.8,22635.6
Spain,04-12-2004,10.9,4.4,7.1,3.9,16.8,37.1,9799.07
Spain,05-12-2004,11,2.1,6.4,0,12,29.2,29602.43
Spain,06-12-2004,11.4,0.7,6.1,0,8.2,18,29374.57
Spain,07-12-2004,11.2,-0.2,4.8,0,9.5,17.6,29011.71
Spain,08-12-2004,11.2,-1.6,4,0,8,18.7,29196.11
Spain,09-12-2004,11.2,0.6,5.2,0,8,14,29467.18
Spain,10-12-2004,12.5,1.3,6.3,0,7.2,14.4,29004.74
Spain,11-12-2004,13.6,2.3,7.1,0,10.7,21.6,29642.27
Spain,12-12-2004,10.4,1.9,6.2,0,9,19.8,18012.57
Spain,13-12-2004,11.5,5.3,8.3,0,11.9,23.8,4285.21
Spain,14-12-2004,11.4,2.4,7.1,0,10.2,22,24583.9
Spain,15-12-2004,11.7,3.4,7.3,0,6.9,19.4,18076.94
Spain,16-12-2004,12.7,3,6.9,0,8.4,19.1,29634.45
Spain,17-12-2004,12.3,2.5,6,0,10.1,22.7,28779.11
Spain,18-12-2004,13.1,4.4,8.2,0,11.2,23.8,29179.07
Spain,19-12-2004,10.5,3.3,7.2,0,17.3,35.6,27562.25
Spain,20-12-2004,10.5,3.8,6.8,0,15.5,37.4,29637.11
Spain,21-12-2004,8,-0.7,3.1,0,10.6,27.4,16532.69
Spain,22-12-2004,8.1,-1.7,2.4,0,14.9,34.9,29635.85
Spain,23-12-2004,11,-1.7,3.1,0,6.2,13.7,29642.6
Spain,24-12-2004,11.4,-1.3,4.1,0,8.6,14,29654.35
Spain,25-12-2004,7.5,0,3.6,0,17.3,41.4,24086.3
Spain,26-12-2004,5.4,0.9,2.5,0,24.6,55.1,25858.28
Spain,27-12-2004,5.8,-0.2,2.2,0,20.5,45.7,29717.88
Spain,28-12-2004,5.6,-2.6,1.6,0.5,11.2,25.9,1678.98
Spain,29-12-2004,8.4,-0.2,4.6,0,18,34.6,29747.27
Spain,30-12-2004,12.3,0.3,5.1,0,16.6,25.9,29821.99
Spain,31-12-2004,12.4,0.3,5,0,7.2,13.7,29865.3
Spain,01-01-2005,12.1,0.7,5.2,0,7.9,15.1,29912.75
Spain,02-01-2005,12.6,-0.9,4.6,0,10.5,19.8,29964.24
Spain,03-01-2005,10.6,0.8,4.9,0,9.4,24.1,30019.67
Spain,04-01-2005,9.2,-0.7,3.6,0,6.4,14,30078.95
Spain,05-01-2005,9.6,-1.6,3,0,7.6,13.3,30141.97
Spain,06-01-2005,11.9,-3.3,2.8,0,8.3,19.4,30208.64
Spain,07-01-2005,11.8,-0.2,4.4,0,6.8,13.7,30278.84
Spain,08-01-2005,9.7,-0.1,3.8,0,5.8,11.9,30352.48
Spain,09-01-2005,9.9,-2.7,2.3,0,6.1,13,30429.46
Spain,10-01-2005,8.3,-0.8,2.9,0,7.2,12.2,30509.66
Spain,11-01-2005,8,-1.7,2.1,0,10.4,14,30592.99
Spain,12-01-2005,8.7,-1.2,2.9,0.1,9.7,15.5,28072.76
Spain,13-01-2005,10.1,2,5.6,0,6.6,14,30770.75
Spain,14-01-2005,12,-0.1,5.9,0,5.8,14.8,30865.94
Spain,15-01-2005,10.8,-0.6,4.6,0,5.9,15.5,30033.72
Spain,16-01-2005,13,0.6,5.6,0,6.5,13,31067.97
Spain,17-01-2005,11.8,-1.7,4.2,0,8.6,14.4,31174.4
Spain,18-01-2005,10.7,-1,4.1,0,17.4,35.3,31284.17
Spain,19-01-2005,10.3,-0.6,5.2,0,15.6,37.1,31397.08
Spain,20-01-2005,12.9,2,7.2,0,12.7,35.6,31512.93
Spain,21-01-2005,13.9,-1.8,4.9,0,7.2,14.4,31631.54
Spain,22-01-2005,13,-2.4,4.4,0,7.6,15.5,31752.71
Spain,23-01-2005,12.2,-1.2,4.2,0,8.8,14.8,31876.26
Spain,24-01-2005,8.3,0.9,3.9,0,17.3,40,32001.99
Spain,25-01-2005,4.1,-2.4,0.8,0,19.8,46.8,31183.74
Spain,26-01-2005,2,-2.6,-0.4,0,24.8,59.4,32238.9
Spain,27-01-2005,2,-3.9,-1.6,0,23.5,51.8,32317.34
Spain,28-01-2005,6.2,-4,0.3,0,18.7,45.4,32402
Spain,29-01-2005,8.6,-1.2,2.9,0,18.9,41.4,32400
Spain,30-01-2005,7.2,-2.9,1.9,0,14.8,33.1,32439.66
Spain,31-01-2005,9,-1.8,2.5,0,10.5,26.3,32413.65
Spain,01-02-2005,10.2,-2,2.9,0,11.9,28.1,32446.64
Spain,02-02-2005,11.8,1.4,6,0,12.7,28.1,32524.02
Spain,03-02-2005,11.3,-2.1,4.1,0,10.6,28.1,32676.9
Spain,04-02-2005,10,-0.3,4.5,0,11.6,24.1,32752.05
Spain,05-02-2005,9.4,-0.8,3.9,0,8.7,23.8,32718.58
Spain,06-02-2005,6.2,-0.5,3,5.5,6.3,22.7,31991.29
Spain,07-02-2005,6.3,0.1,2.9,7.8,15.3,33.5,12760.68
Spain,08-02-2005,10.5,1,4.8,0.7,10.3,24.8,32536.53
Spain,09-02-2005,10.7,1.2,5.4,0,13.2,36,30143.08
Spain,10-02-2005,11.7,0.8,5.5,0,9.8,17.6,33954.33
Spain,11-02-2005,13.4,-1.5,5.1,0,9.4,18.4,34288.25
Spain,12-02-2005,15.2,1.3,7.2,0.5,8.2,18,33039.16
Spain,13-02-2005,15.2,0.4,7.4,0,20,41,34694.28
Spain,14-02-2005,9.1,2.3,5.9,0,22.7,43.9,33657.54
Spain,15-02-2005,8.4,1.5,4.3,0,22.2,49.3,31549.78
Spain,16-02-2005,7.7,-2.5,2.4,0,25.1,54.4,35348.33
Spain,17-02-2005,8.5,0.1,3.4,0,19.1,41.4,35507.39
Spain,18-02-2005,8.4,-3.8,2,0,9.7,18.7,35666.44
Spain,19-02-2005,9.7,-3.1,2.7,0,10.7,27,35825.32
Spain,20-02-2005,10,-0.2,4.3,0,15.3,26.6,34530.1
Spain,21-02-2005,6,-1.9,2.4,0,10.8,30.2,36142.3
Spain,22-02-2005,7.2,-3.5,1.7,2.9,26.5,66.2,27761.43
Spain,23-02-2005,6.5,-0.1,2.8,3.1,7.4,19.8,22273.55
Spain,24-02-2005,6.6,-0.4,2.7,2.8,7.1,20.2,33783.23
Spain,25-02-2005,7.1,-3.5,1.1,0.1,8.4,23,36787.17
Spain,26-02-2005,6.5,-2.8,1.4,0,15.6,35.6,36950.86
Spain,27-02-2005,8.8,-3.4,2.4,0,20.9,39.6,37115.25
Spain,28-02-2005,4,-2.8,0.2,0,25.6,53.6,37280.22
Spain,01-03-2005,5.8,-4.5,-0.3,0,19.8,46.8,37445.64
Spain,02-03-2005,6.5,-1.8,2.1,0,15.9,33.8,37611.37
Spain,03-03-2005,7.7,-1.9,2.6,0.4,12.3,27.4,37777.29
Spain,04-03-2005,6.6,-1.6,2,0,26.1,54.7,37943.28
Spain,05-03-2005,10.6,-3.3,3.2,0,17.7,40.3,38109.21
Spain,06-03-2005,9.1,-1.5,3.7,0.4,14.9,37.1,38274.98
Spain,07-03-2005,8.7,-3.1,2.4,0,16.2,36.7,38440.45
Spain,08-03-2005,11,-3.2,2.8,0,9.2,15.1,38605.51
Spain,09-03-2005,13.4,-3,4.4,0,9.3,16.6,38770.05
Spain,10-03-2005,13.6,-2.3,5.3,0.2,10.5,25.2,38933.96
Spain,11-03-2005,13.3,-0.3,7.1,0,8.4,18.4,39097.12
Spain,12-03-2005,13.3,1.7,7.6,0,10.3,21.2,38432.26
Spain,13-03-2005,15.1,3.1,9.7,0,12.8,38.5,39238.54
Spain,14-03-2005,15.9,4.1,10.5,0,9.7,31,38430.93
Spain,15-03-2005,19.9,3.9,11.6,0,9,23.8,39368.81
Spain,16-03-2005,21.4,4.3,12.6,0,8,22.3,39518.99
Spain,17-03-2005,22.3,4.6,13.5,0,11,23,39535.67
Spain,18-03-2005,20.7,4.3,12.8,0,13.1,32.4,39839.72
Spain,19-03-2005,20.7,5.1,12.9,0,11.3,31.3,39441.61
Spain,20-03-2005,20.4,7.7,15,0,11.6,37.4,33738.5
Spain,21-03-2005,20.3,10,15,0.7,16.3,49,36000
Spain,22-03-2005,17.9,10,13.8,0.4,15.3,38.5,39600
Spain,23-03-2005,14.6,8.2,11.8,2.3,16.3,40,21037.6
Spain,24-03-2005,16.6,7.2,11.4,0,10.2,29.9,26735.74
Spain,25-03-2005,15.7,8.3,11.7,3.8,16.6,46.1,26964.07
Spain,26-03-2005,14.5,7.2,10.4,2.2,21.6,48.6,27802.1
Spain,27-03-2005,14.7,7.5,10.6,0,17.7,34.9,37413.84
Spain,28-03-2005,14,5.6,9.7,0,20.2,45.4,28951.95
Spain,29-03-2005,17.3,9.4,12.5,1.6,18.3,40,36832.11
Spain,30-03-2005,18.5,6.2,12.5,0,11.4,26.3,39921.99
Spain,31-03-2005,22,5.3,13.6,0,7.9,21.6,38893.58
Spain,01-04-2005,21.2,7.1,14.3,0.1,13.8,33.5,39875.47
Spain,02-04-2005,14.9,8.7,11.1,17.6,9.1,34.6,26648.77
Spain,03-04-2005,15.1,7.3,10.7,3.8,9.2,31,37863.54
Spain,04-04-2005,16.2,7.6,11.7,0.8,7.2,29.2,40305.49
Spain,05-04-2005,17.4,6.3,12.6,0,7.8,30.6,42191.93
Spain,06-04-2005,19.5,6.2,13.1,0,8,25.6,31459.48
Spain,07-04-2005,19.3,6.1,13.3,0,13.7,31.3,42752.88
Spain,08-04-2005,13.2,6.9,10.3,1.5,21.4,43.2,23071.97
Spain,09-04-2005,11.5,1.8,6.1,0,25,54.4,43462.08
Spain,10-04-2005,13.7,0.3,6.5,0,19.5,44.3,43785.4
Spain,11-04-2005,15.2,3.7,8.9,0,19.1,42.8,43690.5
Spain,12-04-2005,17.5,4.7,10.6,0,15.3,35.6,44180.86
Spain,13-04-2005,18.2,3.5,11.7,0,10.4,31,44136.54
Spain,14-04-2005,16.8,6.2,11.7,1,22.1,48.6,43902.91
Spain,15-04-2005,13.5,3.3,8.9,0.2,16.5,43.2,43178.64
Spain,16-04-2005,13.3,3.5,8.5,0,20.1,48.6,44588.87
Spain,17-04-2005,16.5,3.1,9.9,0,18.3,36,23346.65
Spain,18-04-2005,15.3,8.3,11.6,1,21.9,48.2,34921.95
Spain,19-04-2005,15.6,5.4,11,0.3,20.8,48.2,41131.66
Spain,20-04-2005,17,5.8,11.5,0,15.5,36,24367.99
Spain,21-04-2005,21,8.2,14.3,0.4,13.3,26.6,43681.4
Spain,22-04-2005,21.7,9.8,15.8,0,17.1,36.4,45289.45
Spain,23-04-2005,18.8,8.4,13.7,0,17.7,41.8,43223.08
Spain,24-04-2005,16.6,9.4,12.8,0.1,21.7,46.1,45021.72
Spain,25-04-2005,19.3,4.8,12.3,0,9.4,21.2,45503.86
Spain,26-04-2005,21.9,6.3,14.9,0,12.8,36,45742.33
Spain,27-04-2005,24.8,6.2,16.2,0,12.4,23.4,45812.92
Spain,28-04-2005,27.1,9.9,19.3,0,9.4,23,45953.25
Spain,29-04-2005,28.6,10.8,20.2,0,13.2,34.2,45870.34
Spain,30-04-2005,27,12,20.3,0,15.4,35.3,46257.23
Spain,01-05-2005,26.8,15.2,20.6,0,18.8,40.3,38573.01
Spain,02-05-2005,24.7,13.7,19.4,0,20.9,45,45874.12
Spain,03-05-2005,24.2,8.9,17.3,0,9.4,29.5,44031.02
Spain,04-05-2005,24.7,10.3,17.8,0,20,41.4,45520.46
Spain,05-05-2005,21.9,10.4,16.1,0,17.3,42.1,46410
Spain,06-05-2005,24.6,7.9,16.6,0,14.9,35.6,47491.43
Spain,07-05-2005,26.6,9.8,18.9,0,16.1,32.8,47106
Spain,08-05-2005,25.6,11.7,19.7,0,19.6,38.5,47593.23
Spain,09-05-2005,24.9,12.9,19.3,0,22.6,54,38061.85
Spain,10-05-2005,21.9,12.6,17.9,0,20.8,48.2,43391.12
Spain,11-05-2005,21.1,10.9,16,0.7,13,31.3,43368.09
Spain,12-05-2005,19.9,11,15.9,0,14.5,37.4,47409.23
Spain,13-05-2005,19.4,12,15.1,0.1,21.3,47.2,43366.98
Spain,14-05-2005,20.7,7.2,14.6,0,16.3,38.9,48404.42
Spain,15-05-2005,21,8.3,15,0,18.9,42.1,45116.75
Spain,16-05-2005,18.1,7,12.3,1.6,17.3,43.9,44336.46
Spain,17-05-2005,19.4,7.9,13.3,2.3,21.3,50.4,46699.36
Spain,18-05-2005,22.8,6.2,14.9,0,10,22,48816.61
Spain,19-05-2005,26.5,9.9,19,0,12.1,25.2,48911.12
Spain,20-05-2005,28.4,11.1,20.8,0,17.4,37.1,48955.9
Spain,21-05-2005,26.3,13.1,20.3,0,19,47.5,39061.98
Spain,22-05-2005,22,10.3,16.9,0,13.8,36.7,49040.68
Spain,23-05-2005,25.1,9.3,17.2,0,13.4,30.6,49080.62
Spain,24-05-2005,28.7,10.3,19.9,0,12.2,26.3,49118.91
Spain,25-05-2005,31.1,11.5,22.3,0,11.6,24.5,49155.49
Spain,26-05-2005,32.9,13.5,24.3,0,11.3,27,49190.35
Spain,27-05-2005,31,15.2,24.3,0,17.1,39.2,49223.45
Spain,28-05-2005,32.3,15.2,25,0,14,27,49163.48
Spain,29-05-2005,24,18.4,20.9,1,11.2,33.1,8729.94
Spain,30-05-2005,22.8,14.8,18.6,1.2,17.8,41.8,35456.62
Spain,31-05-2005,25.7,13.2,19.4,0.8,17.4,36.7,34959.6
Spain,01-06-2005,26.7,14.3,20.9,0,14.2,30.2,49361.5
Spain,02-06-2005,27.9,15.8,22.5,0,11.3,22.7,49383.3
Spain,03-06-2005,30.2,16.2,23.7,0,12.5,29.9,49403.06
Spain,04-06-2005,31.4,17.3,24.4,0,13.4,26.3,49420.8
Spain,05-06-2005,32.1,17.7,25.1,0,17.6,32.8,49436.57
Spain,06-06-2005,32.6,19.5,26.3,0,21.9,45.4,49554.93
Spain,07-06-2005,31.5,17.4,24.5,0,19.2,49,49640.53
Spain,08-06-2005,32.5,17.6,25.7,0,16.2,31,49652.49
Spain,09-06-2005,32.5,16.6,25.2,0,17.2,37.4,49583.96
Spain,10-06-2005,31.6,19.1,25,0,16.5,39.2,49487.03
Spain,11-06-2005,31,17.7,24.6,0,21.6,50.4,49675.52
Spain,12-06-2005,29.6,17,23.7,0,18.1,53.3,49494.66
Spain,13-06-2005,26.4,15.4,21.6,0,21.8,52.9,49509.09
Spain,14-06-2005,25.3,14,20.2,0,15.2,32.8,46833.62
Spain,15-06-2005,29.3,14.1,22.5,0,11,28.8,49678.89
Spain,16-06-2005,32.7,17.2,25.6,0,11.6,28.1,49765.57
Spain,17-06-2005,33.8,20.1,27.3,0,16.8,36,49578.67
Spain,18-06-2005,33,19.7,27,0,13.7,21.6,49478.51
Spain,19-06-2005,34.3,19.6,27.8,0,13.1,27,45870.54
Spain,20-06-2005,34.8,20.7,27.9,0,12.8,34.9,47747.09
Spain,21-06-2005,33.9,22,27.6,0,13.8,31.3,49634.46
Spain,22-06-2005,34.1,19.7,27.2,0.8,18.3,31.3,42611
Spain,23-06-2005,31.7,21.3,26.9,0.7,12.1,36.4,48296.8
Spain,24-06-2005,31.2,17.6,24.9,0,15.6,36,49686.11
Spain,25-06-2005,30.9,20.4,25.7,0,15.1,36.7,49667.65
Spain,26-06-2005,32.8,18.6,26.3,0,13.5,24.5,49744.34
Spain,27-06-2005,32.8,19.6,26.8,0.2,26.2,36.4,49434.65
Spain,28-06-2005,29.6,19.4,24.8,0.2,18.9,43.9,49892.96
Spain,29-06-2005,29.1,14.9,22.9,0,8.6,28.1,49770.21
Spain,30-06-2005,30.9,14.8,23.7,0,10.6,23.8,49549.05
Spain,01-07-2005,31.7,17.6,25.1,0,14.7,33.5,49714
Spain,02-07-2005,34.6,19.7,27.4,0,18.3,40.7,49587.21
Spain,03-07-2005,36.1,19.2,29.1,0,14.3,33.1,49651.46
Spain,04-07-2005,30.3,20,26.1,2.2,17.6,39.2,49522.83
Spain,05-07-2005,31.6,17.6,24.8,0,15.4,31.7,49583.17
Spain,06-07-2005,32.5,19,26.1,0,18.6,33.1,49547.03
Spain,07-07-2005,31,18.2,24.5,0,20.9,46.8,49049.15
Spain,08-07-2005,29.4,17.5,23.5,0,22.1,48.6,49135.22
Spain,09-07-2005,29.8,18.2,23.8,0.2,18.4,37.1,47514.83
Spain,10-07-2005,30.4,17,24.1,0,21.6,47.5,49390.46
Spain,11-07-2005,32.8,17.4,25.3,0,18.9,31.7,49261.06
Spain,12-07-2005,34.6,19.7,27.4,0,14.3,31.3,49219.07
Spain,13-07-2005,34.8,20.6,28,0,16.8,35.6,49091.26
Spain,14-07-2005,36.5,21.8,29.2,0,12.6,29.9,48965.52
Spain,15-07-2005,36.3,22.3,29.7,0,16.6,40.3,49002.26
Spain,16-07-2005,35.9,21.8,29.2,0,20.9,49.7,48955.36
Spain,17-07-2005,33.5,22.4,27.8,0,21.4,51.1,48320.62
Spain,18-07-2005,30.8,18.6,25.2,0,12.9,32.4,48784.15
Spain,19-07-2005,33.8,18.2,26.1,0,15.8,33.5,48735.34
Spain,20-07-2005,35.7,21,28.4,0,17.1,35.3,48618.1
Spain,21-07-2005,36.4,21.3,29.2,0,16.3,36,48569.64
Spain,22-07-2005,35.4,21.3,28.9,0,13.8,32,48459.38
Spain,23-07-2005,34.6,21.7,28.3,0,16.9,41,47406.4
Spain,24-07-2005,33.7,19.5,27.5,0,18.4,42.1,48196.67
Spain,25-07-2005,31.9,19.5,26.6,0,19.2,43.9,46452.61
Spain,26-07-2005,32,18.9,26,0,14.9,37.1,47824.44
Spain,27-07-2005,28.9,18.7,24.5,0,21.2,50,47595.64
Spain,28-07-2005,28.1,19.4,23.8,0.4,19.1,43.9,47170.52
Spain,29-07-2005,28.8,15.4,22.9,0,13.7,33.5,47569.3
Spain,30-07-2005,29.7,14.6,22.8,0,12.2,29.2,47554.8
Spain,31-07-2005,31,17,23.9,0,20.1,44.3,47444.84
Spain,01-08-2005,26,18.1,21.9,0.1,22.1,46.8,40732.05
Spain,02-08-2005,27.9,14.9,21.4,0,20.1,38.9,47328.34
Spain,03-08-2005,30.9,15.1,23.2,0,16.6,31,47315.79
Spain,04-08-2005,33.2,17.1,25.2,0,17.6,34.2,47162.09
Spain,05-08-2005,35.4,18.8,27.7,0,14.8,30.6,47084.59
Spain,06-08-2005,36.5,21.2,28.9,0,16.1,29.9,46929.53
Spain,07-08-2005,38.7,19.6,30,0,15.5,33.1,46779.21
Spain,08-08-2005,36.4,21.4,29.8,0,21.6,47.5,43864.95
Spain,09-08-2005,34.1,19.9,28.1,0,17.9,38.2,46396.39
Spain,10-08-2005,26,19.1,22.5,4.3,16.9,46.4,44647.04
Spain,11-08-2005,29.7,15.7,22.8,0,12.6,27,46249
Spain,12-08-2005,31.4,17.2,24.5,0,14.7,33.8,46264.98
Spain,13-08-2005,33.2,18,26.3,0,14.3,26.3,46097.25
Spain,14-08-2005,35.1,20,27.8,0,13.5,29.5,46019.91
Spain,15-08-2005,35.2,20.5,28.2,0,19.9,42.1,45943.86
Spain,16-08-2005,34.2,20.8,27.8,0,20.4,50,45862.68
Spain,17-08-2005,34,19.5,27.2,0,14.8,32.4,45782.91
Spain,18-08-2005,33.4,17.7,26.5,0,10.2,23.8,45702.47
Spain,19-08-2005,29.3,20.9,24.9,0,22.5,45.4,35036.79
Spain,20-08-2005,28.1,15.8,21.8,0,21.4,48.2,45539.49
Spain,21-08-2005,24.7,12.4,19.1,0,17.3,35.3,45455.98
Spain,22-08-2005,28.4,11.3,20.2,0,13.8,30.2,45347.64
Spain,23-08-2005,30.1,13.7,22.6,0,11.1,27,45206.25
Spain,24-08-2005,31.9,16.1,24.4,0,11.5,25.6,45063.45
Spain,25-08-2005,33.9,16.7,25.8,0,11,29.5,44919.36
Spain,26-08-2005,32,17.9,25.7,0,14.8,31.7,44774.07
Spain,27-08-2005,32.9,18.4,26.2,0,13.5,28.8,40703.18
Spain,28-08-2005,32.6,20.4,26.5,0,14.7,29.9,44119.33
Spain,29-08-2005,33,20.1,26.7,0,10.5,24.5,44146.22
Spain,30-08-2005,33.1,20.2,27,0,12.2,26.6,43622.92
Spain,31-08-2005,32.8,19.4,26.6,0,14.5,37.1,43132.79
Spain,01-09-2005,32,17.7,25.3,0,14.6,25.2,43266.41
Spain,02-09-2005,31,19.3,25.4,0,13.7,30.6,42912.5
Spain,03-09-2005,33.5,18.2,26.3,0,10.2,22.7,42762.55
Spain,04-09-2005,34.1,19.5,26.7,0,14.1,32.8,38921.95
Spain,05-09-2005,30.2,16.8,23.9,0,15.5,38.9,42564.7
Spain,06-09-2005,24.6,15.3,19.5,1.7,17,49.3,36487.68
Spain,07-09-2005,21.7,12.9,16.9,4.5,15.3,39.2,39281.85
Spain,08-09-2005,23.5,13.5,18.2,0,8.9,28.1,37408.35
Spain,09-09-2005,26.4,15.3,20.3,0,19.4,48.2,42174.1
Spain,10-09-2005,24.7,14.9,19.4,0,16.3,38.5,42117.7
Spain,11-09-2005,21.4,11.4,17.1,0.1,11.5,34.2,41936.71
Spain,12-09-2005,24.4,10.3,17.7,0,14.1,28.4,42004.53
Spain,13-09-2005,24.8,13.4,19,0,14.2,32.8,35913.9
Spain,14-09-2005,27.4,12.6,20.5,0,7.3,25.2,41890.78
Spain,15-09-2005,29.8,13.5,22.5,0,8,17.6,41740.07
Spain,16-09-2005,30,15.6,22.9,0.1,15.5,34.6,41581.48
Spain,17-09-2005,22.2,13.3,18.3,2.6,23.1,47.5,36551.77
Spain,18-09-2005,20.9,9.5,14.8,0,20.2,43.9,41262.69
Spain,19-09-2005,24.4,7.5,15.7,0,8.5,18,41102.68
Spain,20-09-2005,27.5,7.7,17.5,0,6.6,16.6,40942.38
Spain,21-09-2005,27.9,9.9,18.7,0,9.7,19.4,40781.9
Spain,22-09-2005,29,10.6,20.3,0,9.4,20.9,40621.31
Spain,23-09-2005,28.7,13.3,21.1,0,9.2,20.5,35888.3
Spain,24-09-2005,28.5,13.4,20.9,0,10,27,40300.23
Spain,25-09-2005,25.7,15.2,19.7,0,18.3,40.7,38489.45
Spain,26-09-2005,24.4,11.3,18,0,13,33.5,39979.91
Spain,27-09-2005,25.5,11,18.4,0,8.4,20.5,38761.78
Spain,28-09-2005,26.4,12.2,19.7,0,9.9,22,39520.3
Spain,29-09-2005,27.4,12.6,20.5,0,9.8,22,38762.79
Spain,30-09-2005,27.7,11.9,20.2,0,13.8,29.5,39066.43
Spain,01-10-2005,29.4,12.6,21,0,21.3,46.4,38944.82
Spain,02-10-2005,21.9,12.9,17.4,0,19.6,42.1,38724.6
Spain,03-10-2005,21.4,9.8,15.1,0,18.8,39.6,38508.87
Spain,04-10-2005,23.7,6.3,15.1,0,11.2,28.8,38476.96
Spain,05-10-2005,24.5,6.3,15.3,0,7.6,19.4,38264.1
Spain,06-10-2005,23.8,8.9,16.2,0,11.8,21.2,37885.59
Spain,07-10-2005,22.7,9.5,16.4,0,9.4,25.2,34032.66
Spain,08-10-2005,24.6,9.5,17.3,0,8.7,21.2,36404.62
Spain,09-10-2005,25.5,10.9,18.3,0.3,8.9,21.2,32565.38
Spain,10-10-2005,24,14.7,18.7,0.6,15.5,38.2,36000
Spain,11-10-2005,22.8,13.4,17.7,1.3,6.7,31.3,33553.76
Spain,12-10-2005,20.5,14.3,16.9,9.5,21.1,51.1,35291.61
Spain,13-10-2005,14.4,10.3,12.6,9.5,12.6,29.5,33483.22
Spain,14-10-2005,14.4,9.7,11.8,1.4,5.9,19.1,35833.29
Spain,15-10-2005,15.5,6.7,11.2,0,6.8,16.2,32746.8
Spain,16-10-2005,19.5,6.6,12.8,0,8.9,21.6,36000
Spain,17-10-2005,18.9,10.7,14.6,0,6.6,14.8,5492.8
Spain,18-10-2005,19.3,12.4,15.2,1.1,12.3,28.8,35938.4
Spain,19-10-2005,19.9,8.9,13.8,0,11,23,36000
Spain,20-10-2005,18.5,8.6,14.3,0,11.3,32,36000
Spain,21-10-2005,19.1,11.5,14.7,0,16.1,38.9,34259.7
Spain,22-10-2005,16.8,12.7,14.4,4.6,15.9,41,12325.15
Spain,23-10-2005,19.3,9,13.9,2.6,7.2,22,35637.73
Spain,24-10-2005,19.1,7.1,12.7,0,8.4,15.8,35479.48
Spain,25-10-2005,19.8,9.2,14.5,0,5.5,15.1,32575.27
Spain,26-10-2005,19.5,8,13.6,0,10.9,27,35163.65
Spain,27-10-2005,21.2,9.9,15,0,16.6,38.2,35006.36
Spain,28-10-2005,16.5,13.6,14.5,17.2,18.5,44.6,0
Spain,29-10-2005,18.5,13,15.1,1.1,14.5,32.4,16902.34
Spain,30-10-2005,19.2,12,15,7.8,13.2,40.3,26273.46
Spain,31-10-2005,15.9,11.4,13.9,8.6,16.4,43.9,24727.48
Spain,01-11-2005,16.2,8.3,11.8,0,14.6,35.6,21206.83
Spain,02-11-2005,17.7,8.1,12.7,0,9.1,27,34080.99
Spain,03-11-2005,17.5,7.8,13.2,0,8.9,22.3,31877.88
Spain,04-11-2005,14.3,8.6,11.8,0,12,25.2,33783.48
Spain,05-11-2005,14.8,2.5,8.3,0,9.8,29.9,33637.56
Spain,06-11-2005,15,2.7,8.5,0,7.3,13.7,33493.79
Spain,07-11-2005,16.4,2.3,10.3,0,5.2,12.6,33352.35
Spain,08-11-2005,14.7,4.5,9,0,12.4,28.8,33213.11
Spain,09-11-2005,12.2,6.1,8.9,2.2,19.3,41,33074.76
Spain,10-11-2005,13.3,6.3,9.1,0,21.7,48.2,32937.18
Spain,11-11-2005,12.4,5.1,8.9,0,9.7,25.2,22227.07
Spain,12-11-2005,12.2,5.7,8.7,3,13.1,31.3,24132.07
Spain,13-11-2005,7.7,4.2,5.8,13.6,12.7,29.2,4413.68
Spain,14-11-2005,8.1,5.3,6.8,14.8,14.7,30.2,0
Spain,15-11-2005,8.1,5.6,7.4,12.4,7.9,15.1,0
Spain,16-11-2005,12.1,3.9,8,0,8.3,23.8,18662.77
Spain,17-11-2005,12.4,6.5,8.8,0,8.7,16.2,25924.27
Spain,18-11-2005,11.8,3.1,7.7,0,7.9,15.8,31837.7
Spain,19-11-2005,14.1,5.5,9.1,0,9,23.4,26645.74
Spain,20-11-2005,11.7,6.9,9.2,0.3,14.4,32.4,40.7
Spain,21-11-2005,13.2,4.7,8.8,0,12,29.2,7156.55
Spain,22-11-2005,15,8.6,11.1,0.4,6.9,17.3,28427.95
Spain,23-11-2005,13,3.3,8.3,0,14.9,30.2,30843.5
Spain,24-11-2005,9.2,0.1,4.1,0,16,36.7,30693.86
Spain,25-11-2005,10,0.3,4.5,0.3,18,37.4,23563.29
Spain,26-11-2005,6.4,-0.1,3.1,0.1,16.4,31.7,30449.56
Spain,27-11-2005,7.1,-2.4,1.8,0,15.8,34.2,30055.92
Spain,28-11-2005,6.9,0.2,3.2,0,15,32.4,26598.13
Spain,29-11-2005,8.8,0.4,3.6,0,8.4,26.3,29893.58
Spain,30-11-2005,9.2,-2.2,2.6,0,7,15.8,30176.34
Spain,01-12-2005,8.6,0.3,4.4,0,21.2,45.7,27779.65
Spain,02-12-2005,9.3,6.2,7.7,14.3,26,61.6,6937.06
Spain,03-12-2005,10.7,5,7.8,1.8,18.1,47.9,28125.46
Spain,04-12-2005,10.7,6.6,8.6,0,19.7,44.6,9139.58
Spain,05-12-2005,10.3,5.1,8.4,1,18.5,39.2,28821.82
Spain,06-12-2005,10.3,0,5,0,7.1,19.1,29383.86
Spain,07-12-2005,10.9,1.7,5.9,0,8,13,29096.6
Spain,08-12-2005,12.8,1.7,7.1,0,7.1,15.8,28818.59
Spain,09-12-2005,12,3.8,7.6,0,15.8,33.1,29653.51
Spain,10-12-2005,10.2,-1.6,3.5,0,9.1,22.7,29843.67
Spain,11-12-2005,9.2,-2.9,1.9,0,7.9,16.2,29834.37
Spain,12-12-2005,7.8,-2.3,1.7,0,10.2,27.4,29693.99
Spain,13-12-2005,9.3,-0.5,4.1,0,14.5,34.6,27816.01
Spain,14-12-2005,8.9,2.5,5.2,0,13.7,29.2,29705.67
Spain,15-12-2005,8.3,-1.7,2.5,0,10.5,23.4,29670.04
Spain,16-12-2005,7.9,-2.8,1.2,0,7.4,15.1,29694.61
Spain,17-12-2005,9.2,-1.4,3,0,13.3,20.9,29120.14
Spain,18-12-2005,9.4,-0.6,3.5,0,9,18.4,29486.33
Spain,19-12-2005,6.8,-1.7,2.4,0,8.4,17.6,24558.72
Spain,20-12-2005,9.3,3.4,5.7,0.1,10,24.8,21543.51
Spain,21-12-2005,9.3,0.9,4.3,0,9,21.6,29637.24
Spain,22-12-2005,9.7,-1.9,2.7,0,8.1,16.9,29639.6
Spain,23-12-2005,8.8,-0.7,3.1,0,6.2,13,29646.43
Spain,24-12-2005,7.5,-0.9,2.4,0,7.3,12.6,28731.65
Spain,25-12-2005,8,-0.9,3,0,5.6,13,28283.96
Spain,26-12-2005,6.8,-1.1,2.4,2.7,8.3,16.2,4272.97
Spain,27-12-2005,9.2,3.4,6,0.9,20.8,40,27283.09
Spain,28-12-2005,6.3,-0.3,3.9,0,9.8,20.9,27587.32
Spain,29-12-2005,7.6,-0.2,3.1,1.6,12.8,27.4,22165.6
Spain,30-12-2005,12.4,5.4,8.3,0.7,14.2,28.8,20442.9
Spain,31-12-2005,10.3,5.3,7.5,0.1,19.6,41.4,13044.65
Spain,01-01-2006,8.8,3.7,6.7,0.4,14.7,38.2,29528.11
Spain,02-01-2006,9.7,-0.2,4.4,0,14.5,31.7,29276.78
Spain,03-01-2006,8.7,0.3,4.2,0,15.8,34.9,29420.86
Spain,04-01-2006,10.5,0.3,4.8,0,11.3,22.3,28886.24
Spain,05-01-2006,9.2,2.8,5.1,0,11.1,21.6,29873.31
Spain,06-01-2006,6.2,2.9,4.5,11.2,10.4,27.4,0
Spain,07-01-2006,7.3,3.7,5,14.2,13.3,31.3,113.98
Spain,08-01-2006,8.6,3.5,5.6,0,9.1,19.4,11853.05
Spain,09-01-2006,7.6,3.5,5.2,4.9,8,19.8,17169.89
Spain,10-01-2006,8.8,2,4.7,0.5,15,35.3,15892.6
Spain,11-01-2006,8.9,2.2,4.9,0,8.4,16.9,28705.24
Spain,12-01-2006,10.1,-1.4,3.8,0,6.8,15.1,30657.82
Spain,13-01-2006,8.5,-1.5,3.1,0,6.1,15.8,30750.99
Spain,14-01-2006,6.3,-0.2,3.2,0,6.4,14,2701.69
Spain,15-01-2006,6.9,2.5,4.3,1.4,18.7,41.4,19534.13
Spain,16-01-2006,6.1,2.5,3.9,11.3,10,21.6,401.26
Spain,17-01-2006,9.5,0.6,4.5,0,9.9,19.1,30949.94
Spain,18-01-2006,11.2,1.1,5.7,0,11.3,22,28262.22
Spain,19-01-2006,13.7,2.4,7,0,9.1,19.8,31378.22
Spain,20-01-2006,11.6,0.2,5.5,0,8.7,16.9,31492.46
Spain,21-01-2006,10.9,0.7,5,0,7.9,16.6,31609.02
Spain,22-01-2006,10.9,0,4.8,0,8,12.6,31727.72
Spain,23-01-2006,9.2,0.1,4.4,0,7.2,14.8,31848.41
Spain,24-01-2006,8.2,-1.5,3,0,9.1,25.9,31970.92
Spain,25-01-2006,7.1,0,3,0,11.2,25.9,28171.63
Spain,26-01-2006,8,-1.6,2.4,0,7.9,16.9,32217.94
Spain,27-01-2006,5.4,-3.7,0.6,0,16,33.5,32297.23
Spain,28-01-2006,4.4,-4,-0.3,0,16.2,33.1,32376.27
Spain,29-01-2006,3.2,-2.7,-0.2,0.2,11.1,24.1,24142.86
Spain,30-01-2006,6.1,-2.6,0.8,0.1,10.7,23.8,13842.16
Spain,31-01-2006,11.4,-2.1,3.2,0,6.4,13.7,32414.17
Spain,01-02-2006,12.4,-0.6,4.9,0,9.8,16.9,32446.51
Spain,02-02-2006,12.1,-0.2,6.1,0,7.3,20.9,32487.33
Spain,03-02-2006,12.3,-0.5,5.4,0,8,16.9,32400
Spain,04-02-2006,9.3,-2.1,3.4,0,10.5,25.6,32747.87
Spain,05-02-2006,9,-2.5,2.5,0,10.5,24.8,32772.3
Spain,06-02-2006,11,-2.8,3,0,8.3,17.6,33174.96
Spain,07-02-2006,11.7,-1.9,4.4,0,5.9,15.1,33295.57
Spain,08-02-2006,12.8,-2.1,5.1,0,10,16.9,33569.46
Spain,09-02-2006,12.4,-2.7,4.3,0,8.3,14,33630.23
Spain,10-02-2006,11.6,-1,4.9,0.1,8.7,14.4,27340.38
Spain,11-02-2006,13,-0.4,6.7,0.1,6.2,14.8,33298.79
Spain,12-02-2006,12.7,1,6.1,0,10,21.6,33503.42
Spain,13-02-2006,15.5,-0.6,6.9,0,9.4,18,34836.04
Spain,14-02-2006,15.1,0.9,8.4,0,9.4,17.6,34991.11
Spain,15-02-2006,13.7,1.2,7.1,0,12.5,29.2,31052.52
Spain,16-02-2006,9.1,5,7.4,0,22.7,48.2,275.57
Spain,17-02-2006,10.1,4.4,7.3,0,22.8,47.2,30238.13
Spain,18-02-2006,11,6,7.8,0.8,26.5,55.8,34432.36
Spain,19-02-2006,9.4,2.9,5.8,7.3,31.2,81,34287
Spain,20-02-2006,8.5,1.5,4.2,1,16.6,42.5,32686.3
Spain,21-02-2006,6.9,0.7,3.5,4.1,13.8,37.1,35014.61
Spain,22-02-2006,6.8,-2.4,2.2,0.3,11.4,26.6,26716.69
Spain,23-02-2006,6.4,-0.5,2.5,2.1,6.6,20.2,35615.46
Spain,24-02-2006,7.6,-2,2.3,0,12.9,28.1,36587.95
Spain,25-02-2006,7.1,-2.2,2.3,6.6,23.5,54.4,18000
Spain,26-02-2006,4.1,1,2.4,19.1,14.7,36.4,31725.11
Spain,27-02-2006,7.3,-0.1,3.6,0.1,15,27.4,37082.78
Spain,28-02-2006,11.5,-4.1,2.7,0,9.8,22.7,37248.1
Spain,01-03-2006,10.8,-3.1,3.4,0,10.3,24.5,37413.39
Spain,02-03-2006,10.9,-1.8,4,0,14.3,33.8,37578.53
Spain,03-03-2006,11.5,0.3,5.6,0,21.8,52.6,31761.28
Spain,04-03-2006,9.4,6.3,7.7,7.7,32.9,84.6,5037.52
Spain,05-03-2006,7.1,1.2,4.4,2.4,34.7,73.8,38071.8
Spain,06-03-2006,10.5,-1.4,4.1,0,13.3,33.5,38235.09
Spain,07-03-2006,14,-0.2,5.9,0,12.4,26.6,21549.21
Spain,08-03-2006,17.8,3.8,9.8,0,8.3,21.6,38559.45
Spain,09-03-2006,16.9,5.9,10.1,0,18.8,36.4,35321.32
Spain,10-03-2006,12.6,0.9,7.1,0,17.8,39.2,38884.68
Spain,11-03-2006,16,6.3,10.5,0,23.9,47.2,39048.23
Spain,12-03-2006,17.4,4.6,11,0,8.8,23.4,39156.47
Spain,13-03-2006,20.2,2.5,10.9,0,9.5,14.4,39222.27
Spain,14-03-2006,19.5,4.7,11.4,0,9,17.3,39287.73
Spain,15-03-2006,19.7,4.3,11.7,0,9.4,23,39390.62
Spain,16-03-2006,18.7,5.2,12.3,0,12.6,28.4,39417.7
Spain,17-03-2006,16.4,6.8,11.1,2.7,15.3,41.4,24679.94
Spain,18-03-2006,13.4,8,10.2,16.8,14.9,34.6,16966.11
Spain,19-03-2006,12.1,6.7,9.3,5.9,17.9,52.2,39600
Spain,20-03-2006,12.5,5.8,8.6,1.6,15.6,37.4,34576.4
Spain,21-03-2006,13.1,6.5,9,0.7,14,37.4,35490.41
Spain,22-03-2006,12.9,2.6,8.1,0.3,17.7,41.4,35691.56
Spain,23-03-2006,12.3,7,9.2,2,27,53.3,12356.02
Spain,24-03-2006,15.4,9.2,11.6,0,27.4,57.6,39052.16
Spain,25-03-2006,17.4,7.4,11.8,0,12.7,31.3,39600
Spain,26-03-2006,20.4,6.1,13.7,0,14.8,34.6,40095.4
Spain,27-03-2006,16.6,8.1,13,0,18.3,42.5,31994.37
Spain,28-03-2006,15.9,5.4,10.8,0,13.9,34.2,41273.78
Spain,29-03-2006,17.1,3.9,10.9,0,14.7,31.7,41332.26
Spain,30-03-2006,19.4,8.2,13.5,0,14.4,34.2,34050.68
Spain,31-03-2006,21.1,8.2,14.5,0,15.9,35.3,41524.77
Spain,01-04-2006,19,8.9,13.7,0,15.5,34.6,39554.61
Spain,02-04-2006,19.5,5.2,12.7,0,7.9,20.9,41807.66
Spain,03-04-2006,21,6.8,13.7,0,9.9,20.5,30647.25
Spain,04-04-2006,23.1,9.2,15.5,0,24.1,52.2,42243.31
Spain,05-04-2006,16.3,6,12,1.4,19.1,47.5,42007.16
Spain,06-04-2006,14.9,8.7,11.4,2,17.6,45,40563.02
Spain,07-04-2006,15.9,8.8,11.8,0.1,12,28.4,34505.29
Spain,08-04-2006,18.4,7.2,13,0,7.9,23.4,43224.96
Spain,09-04-2006,20.2,6.2,13.5,0,13.2,37.4,42044.03
Spain,10-04-2006,14.9,8.3,12.1,0,16.6,36.7,41888.6
Spain,11-04-2006,17.1,4.3,10.6,0,19.4,41,43998.04
Spain,12-04-2006,19.3,3.5,12,0,11.3,23,44149.32
Spain,13-04-2006,20.2,3.7,12.8,0,11,23.8,44299.42
Spain,14-04-2006,21.6,6.7,13.7,2.4,16.4,33.1,31851.13
Spain,15-04-2006,17.1,11.1,13.8,9.5,20.9,51.5,40319.51
Spain,16-04-2006,16.5,6.1,12.2,0,12.9,29.2,42423.59
Spain,17-04-2006,14.3,6.5,10.6,1.2,14.4,41.8,37401.14
Spain,18-04-2006,17.6,2.4,10.7,0,10,22.3,43521.27
Spain,19-04-2006,18.8,4.7,12.5,0,10.3,25.9,43270.5
Spain,20-04-2006,19,5.4,12.7,0,15,33.5,43389.71
Spain,21-04-2006,16,9.8,12,3.9,20.6,54.7,24719.44
Spain,22-04-2006,18,6.8,11.8,5.6,14.4,33.8,42791.52
Spain,23-04-2006,20.1,9.6,14.5,0,15,36,27907.9
Spain,24-04-2006,24,11.6,17.5,0,16.2,36,44601.89
Spain,25-04-2006,24,10.7,17.8,0,9.2,24.5,45546.14
Spain,26-04-2006,24.3,9.8,17.7,0,8.9,22,45667.82
Spain,27-04-2006,23.5,8.6,16.8,0,18.5,36.4,45799
Spain,28-04-2006,19.8,10,14.7,0,18.9,41,45796.84
Spain,29-04-2006,19.7,5.6,13.1,0,14,34.6,46010.48
Spain,30-04-2006,21.1,5.5,14.2,0,9.1,22,46241.71
Spain,01-05-2006,23.2,6.9,15.7,0,14.5,34.6,46166.89
Spain,02-05-2006,25.3,9.6,18.2,0,10.1,29.2,46571.33
Spain,03-05-2006,19.7,11.4,16.1,4.3,11.8,27.7,27686.91
Spain,04-05-2006,18.9,12.8,15.2,2.2,9.2,23.4,31334.28
Spain,05-05-2006,20.3,11.3,15.4,7.3,12.2,32,43714.4
Spain,06-05-2006,20.1,12.2,16.1,0,11.2,27,45553.69
Spain,07-05-2006,20.2,9.8,15.8,0,19.2,50.4,46942.84
Spain,08-05-2006,19.1,6.6,13.5,0,9.8,27,45817.1
Spain,09-05-2006,21.7,10,16,0,11.3,25.9,46963.46
Spain,10-05-2006,24.4,9,17.3,0.2,8.2,22.3,46791.39
Spain,11-05-2006,24.6,11.4,17.9,1.5,13.5,27.7,41895.44
Spain,12-05-2006,24.4,10.6,17.9,0.6,10.3,31.7,48008.01
Spain,13-05-2006,25.8,12.4,19.7,0,10.2,29.2,47583.91
Spain,14-05-2006,26.8,12.3,20,0,11.7,28.8,44118.74
Spain,15-05-2006,28.4,14.7,22,0,10.9,27,47626.46
Spain,16-05-2006,29.9,15.4,23.4,0,13.9,34.6,48592.32
Spain,17-05-2006,32.7,16.8,25.4,0.6,18.7,51.8,48278.61
Spain,18-05-2006,28.1,17,23.2,0,16.3,39.2,42913.41
Spain,19-05-2006,26.2,10.2,19.1,0,10.5,27,48897.09
Spain,20-05-2006,25.3,12,19.1,0,15.3,34.6,48247.11
Spain,21-05-2006,25.2,14.3,19.8,0,24.5,55.8,47972.69
Spain,22-05-2006,21.7,13,17.2,0,16.5,39.6,44822.4
Spain,23-05-2006,19.6,9,14.7,0,12,29.9,46446.97
Spain,24-05-2006,22.6,8.9,16.1,0,13.3,26.3,49111.88
Spain,25-05-2006,26.7,8.7,18.7,0,11,28.4,49148.72
Spain,26-05-2006,26.3,13.8,20.8,0,14.4,33.5,49183.66
Spain,27-05-2006,30.6,13.9,23.1,0,10.1,25.9,49216.62
Spain,28-05-2006,31.6,17.8,25,0,10,22.3,49247.64
Spain,29-05-2006,32.4,17.2,25.4,0.6,12.6,34.6,49276.74
Spain,30-05-2006,27.5,15.7,22.1,0,17.9,38.2,49303.94
Spain,31-05-2006,23,12,17.7,0,21.3,45.4,49372.49
Spain,01-06-2006,22.9,9.4,16.2,0,23.8,46.4,49395.19
Spain,02-06-2006,26.9,9.3,18.9,0,15.7,33.1,49415.64
Spain,03-06-2006,26.5,11.8,19.3,0,15,35.6,49496.75
Spain,04-06-2006,27.3,12.4,20.3,0,15.1,28.8,49515.76
Spain,05-06-2006,29.8,12.9,23,0,8.2,19.4,49532.57
Spain,06-06-2006,31.9,14.5,24.1,0,12,27.7,49442.72
Spain,07-06-2006,33.6,15.3,25.4,0,9.7,24.5,48017.65
Spain,08-06-2006,33.9,19.6,27.6,0.1,15.8,42.1,49466.38
Spain,09-06-2006,30.1,17.1,24.7,5.6,21.5,64.8,45430.2
Spain,10-06-2006,25.2,15.4,20,4.7,9.6,31.7,48341.3
Spain,11-06-2006,29.1,14.6,22.6,0,9.7,26.6,49590.7
Spain,12-06-2006,28.9,15.4,22.7,0,17.1,38.9,49677.86
Spain,13-06-2006,29.2,14.4,22.2,0,14.5,35.3,49509.64
Spain,14-06-2006,29.7,15.2,23,1.3,17,42.1,46899.2
Spain,15-06-2006,27,16.1,21.4,2.4,18.7,29.9,35104.21
Spain,16-06-2006,25.8,15.3,20.6,1.1,14.6,34.9,49472.71
Spain,17-06-2006,25,16.2,20.1,0.6,8.4,29.9,49490.43
Spain,18-06-2006,25.8,13.9,20.4,0.2,6.3,23.8,49761.23
Spain,19-06-2006,29.8,15.5,23.2,0,10.4,28.4,49660.7
Spain,20-06-2006,28.1,16.6,23,0.3,8.7,24.1,46504.41
Spain,21-06-2006,30.8,16.8,24.4,0,12.4,32.8,49732.34
Spain,22-06-2006,33.6,16.6,26.6,0,12.9,33.8,49814.07
Spain,23-06-2006,34.8,17.4,27,0,17.1,41,49423.76
Spain,24-06-2006,29.7,21.9,25.4,0.8,20.4,52.9,47697.95
Spain,25-06-2006,29.1,16,22.9,0,17.9,40.3,49763.88
Spain,26-06-2006,29.3,17.6,23.5,0,13.9,36,49937.97
Spain,27-06-2006,30.8,16.8,25,0,12.4,31.3,49344.69
Spain,28-06-2006,29.9,18.2,24.9,0,9.2,22.3,49503.45
Spain,29-06-2006,31.2,18.8,25.7,0,11.4,29.2,49770.87
Spain,30-06-2006,33.7,16.6,26.4,0,11.5,29.5,49452.62
Spain,01-07-2006,32.2,19.8,26.9,0,13.8,34.9,49716.65
Spain,02-07-2006,31.1,18.8,25.9,0,14,39.2,49687.48
Spain,03-07-2006,29.7,16.5,24.1,0,14.8,36.4,49753.16
Spain,04-07-2006,29.1,19.7,24.7,0,18.9,45.4,49625.26
Spain,05-07-2006,28.6,15.4,23.1,0,11.8,28.4,49592.36
Spain,06-07-2006,30.6,17.2,24.2,0,12.5,27,49558.31
Spain,07-07-2006,31.9,17.3,25.1,0,14.8,31.7,49522.51
Spain,08-07-2006,34.1,19.8,27.2,0,13.6,30.2,49392.98
Spain,09-07-2006,36.3,18,28.9,0,8.4,25.2,49354.54
Spain,10-07-2006,37.6,22.3,30.3,0,15.3,34.9,48957.61
Spain,11-07-2006,35.3,20.9,29,0,11.1,30.6,37320.61
Spain,12-07-2006,35,22.6,28.3,1.3,16.5,49.3,46901
Spain,13-07-2006,34.1,21,27.4,0.5,18.4,45.4,45233.54
Spain,14-07-2006,33.5,19.4,27.1,0,9.8,24.8,48972.57
Spain,15-07-2006,34.2,19.9,27.7,0.6,8.4,24.1,48748.27
Spain,16-07-2006,34.4,20.5,28.2,0,9.2,19.4,48496.97
Spain,17-07-2006,35.4,22.7,29.3,0.2,11.2,25.2,48659.44
Spain,18-07-2006,35.9,21.1,27.6,0.4,24.9,54.4,41218.85
Spain,19-07-2006,31.3,19.8,25.6,0.4,17.6,40,47701.54
Spain,20-07-2006,33.3,19.3,27.3,0,11.5,31.7,48504.31
Spain,21-07-2006,34.8,19.5,27.7,0,16.8,35.3,48381.74
Spain,22-07-2006,34.1,18.8,27.5,0,10.5,21.6,48464.89
Spain,23-07-2006,35.1,20.8,28.1,0,12.2,28.1,48261.97
Spain,24-07-2006,35.2,19,28.1,0,10.8,31,48200.51
Spain,25-07-2006,34.8,20.6,28.5,0,13.7,36.4,48066.98
Spain,26-07-2006,35,19.5,28.6,0,14.8,37.4,48046.53
Spain,27-07-2006,31,22.2,26.9,0.1,21.7,50,46853.29
Spain,28-07-2006,31.8,17.7,25,0,9.6,25.2,47482.7
Spain,29-07-2006,34,19.7,27,0,10.4,26.6,47674.34
Spain,30-07-2006,35.7,19.1,28.4,0,17.1,42.1,47558.91
Spain,31-07-2006,35.2,20.1,28.2,0,14.8,36.4,47543.52
Spain,01-08-2006,34.6,20,28.2,0,8,21.2,47342.41
Spain,02-08-2006,34.8,21.4,28.4,0,13.8,33.1,47241.82
Spain,03-08-2006,33.1,21.9,27.6,0,22.6,46.4,47232.57
Spain,04-08-2006,30.9,16,23.6,0,19.8,45.7,47176.94
Spain,05-08-2006,32.7,17.4,25.3,0,15.5,33.1,47099.73
Spain,06-08-2006,32.4,18.2,25.5,0,16,34.6,46944.59
Spain,07-08-2006,33,17.8,25.8,0,13.9,30.6,46794.43
Spain,08-08-2006,31.2,18.3,24.9,0,20,40.3,46649.62
Spain,09-08-2006,31.4,17.4,24.4,0,21,42.5,46574.62
Spain,10-08-2006,32.9,18,25.9,0,12.9,28.8,46497.59
Spain,11-08-2006,34,18.6,26.6,0,16.8,35.3,46362.74
Spain,12-08-2006,33.1,16.8,25.7,0,19.6,44.6,46286.03
Spain,13-08-2006,30.3,14.5,22.6,0,16.3,32.4,46207.5
Spain,14-08-2006,31.6,16.8,24.3,0,17.8,44.3,46044.01
Spain,15-08-2006,29.4,18.2,24.2,0,21.6,51.8,45967.5
Spain,16-08-2006,22.3,15.8,19.5,0,26.3,56.5,39326.03
Spain,17-08-2006,22.4,15,17.8,5.8,20.5,54,29921.34
Spain,18-08-2006,21.1,12.6,17.3,0.2,20.5,50,45679.11
Spain,19-08-2006,24.1,12.8,18.4,0,6,22.3,45645.46
Spain,20-08-2006,28.2,13.2,20.8,0,12.2,29.2,45561.41
Spain,21-08-2006,30.5,16.5,23.6,0,15,30.6,45476.14
Spain,22-08-2006,32.5,15.6,24.7,0,7.9,21.2,45379.29
Spain,23-08-2006,33.7,16.4,25.9,0,13,37.4,45236.58
Spain,24-08-2006,31.4,17,24.5,0,12.7,29.5,45092.83
Spain,25-08-2006,30.9,15.7,24.3,0,13.5,31.7,44948.16
Spain,26-08-2006,29.7,15.5,23.1,0,14.9,32.8,44420.43
Spain,27-08-2006,30.7,15.5,23.6,0,7.1,20.2,44656.44
Spain,28-08-2006,33.6,17,25.7,0,12.4,25.9,44509.59
Spain,29-08-2006,33.6,18.1,25.9,0,13,26.3,44362.22
Spain,30-08-2006,32,18,24.9,0,12.5,31.7,44072.76
Spain,31-08-2006,33.8,18.4,26.1,0,13.2,28.4,43769.14
Spain,01-09-2006,35.6,17.5,27.4,0,12.9,29.5,43381.3
Spain,02-09-2006,35.5,19.1,27.5,0,9.9,27,43208.03
Spain,03-09-2006,36,17.4,27.1,0,9.1,22.7,43130.91
Spain,04-09-2006,36,18.6,27.6,0,8.5,22.7,42799.66
Spain,05-09-2006,34.3,21.6,27.8,0,10,23.4,42410.92
Spain,06-09-2006,31.6,21,26.7,0.5,12.7,23,35155.04
Spain,07-09-2006,31.9,19.3,25.7,0,14.5,29.5,42299.06
Spain,08-09-2006,32.1,19.6,25.9,0.1,9.7,27.4,38642.98
Spain,09-09-2006,32.3,18.9,25.7,0.2,10,21.6,36507.69
Spain,10-09-2006,30.8,19.2,25.1,0.2,7.2,22.7,42130.46
Spain,11-09-2006,29.2,17.5,23.9,0,13.8,27,42074
Spain,12-09-2006,25.4,17.1,21.1,2.5,7.9,29.5,38819.31
Spain,13-09-2006,24.9,14.5,19.4,0.9,18.9,44.6,35332.11
Spain,14-09-2006,21,13.4,16.6,5.9,15.2,43.9,37778.71
Spain,15-09-2006,19.5,10.1,15.4,0.1,14,35.3,41771.52
Spain,16-09-2006,22.5,10.4,16.2,0,9.1,22,41613
Spain,17-09-2006,25.8,10.3,17.9,0,9.4,23.4,41454.28
Spain,18-09-2006,26.6,13.8,20.1,0,7.3,17.3,40718.63
Spain,19-09-2006,27.7,12.9,20.5,0,8.3,23.8,41136.63
Spain,20-09-2006,26.8,14.1,20.9,0,11.6,28.1,40881.71
Spain,21-09-2006,24.5,15,19.9,2.5,22.5,61.6,21440.54
Spain,22-09-2006,20.8,12.3,16.4,0.6,15.5,38.2,40267.36
Spain,23-09-2006,21.1,12.5,16.7,0,20.7,48.2,39819.05
Spain,24-09-2006,19.6,11.7,15.2,0,23.9,58,33575.78
Spain,25-09-2006,24.3,11.5,17.7,0,12.3,33.8,40154.93
Spain,26-09-2006,26.3,9.9,18.5,0,8.6,24.5,40026.65
Spain,27-09-2006,28.4,11.2,19.7,0,12.9,29.9,39866.08
Spain,28-09-2006,25.2,15.6,20.3,0,13.6,37.4,37327.84
Spain,29-09-2006,24.4,13.6,19,0,15.5,37.8,38314.54
Spain,30-09-2006,23.7,13.8,19,0,20.5,47.5,37117.6
Spain,01-10-2006,24.7,14.8,19.4,0,14.5,31.7,38616.41
Spain,02-10-2006,26.8,13,19.9,0,23.7,53.6,38070.62
Spain,03-10-2006,21.8,14.4,18.3,0.9,27.1,61.9,36358.56
Spain,04-10-2006,19,11.1,15.1,0.3,15.8,42.5,37223.29
Spain,05-10-2006,21.6,7.5,14.8,0,5.7,15.1,38114.03
Spain,06-10-2006,24.5,8.7,16.3,0,8.8,27.4,37046.56
Spain,07-10-2006,24.3,14.4,19.3,0,7.4,19.8,34066.06
Spain,08-10-2006,26.4,12.6,19.3,0,8.4,27,36404.87
Spain,09-10-2006,26.5,13.8,19.8,0,8.3,23.4,36167.16
Spain,10-10-2006,23.2,12.2,18.1,0,11.8,28.4,18437.09
Spain,11-10-2006,20.8,14,17.1,0.6,19.5,48.6,36170.67
Spain,12-10-2006,20.5,7.4,14.3,0,14.1,33.5,36538.24
Spain,13-10-2006,21.9,9.4,15.3,0,13.5,29.9,36372.83
Spain,14-10-2006,22.4,8.9,15.6,0,6.3,19.8,36242.77
Spain,15-10-2006,22.3,9.8,15.8,0,11.2,30.2,36000
Spain,16-10-2006,23.6,12.6,17.6,1.5,19.4,47.9,26242.5
Spain,17-10-2006,15.3,13.8,14.4,30.7,12.1,54,0
Spain,18-10-2006,17.5,13,14.6,18.3,20.6,65.9,26010.42
Spain,19-10-2006,13.8,12.3,13,2.7,21.9,53.6,9301.29
Spain,20-10-2006,15.3,12.9,13.9,16.1,19.5,47.5,677.99
Spain,21-10-2006,17.2,12.6,14.4,0.1,16.1,38.2,33520.08
Spain,22-10-2006,16.4,12,14.2,8.7,24.6,61.9,0
Spain,23-10-2006,16.7,13.6,15.5,15,26.5,63.7,5797.15
Spain,24-10-2006,18.3,11.6,14.7,1.7,13.9,35.3,17972.5
Spain,25-10-2006,21.3,14.9,17.2,11.7,25.3,69.1,31240.58
Spain,26-10-2006,17.9,11.7,14.7,9.2,14.6,37.8,30526.62
Spain,27-10-2006,20.7,11.4,15.5,0.6,11.8,26.6,16896.65
Spain,28-10-2006,25,12.7,17.6,0,11.8,26.3,34880.13
Spain,29-10-2006,26.1,11.7,18.1,0,7.2,14,34725.39
Spain,30-10-2006,23.9,12.3,17,0,7.9,15.1,34572.09
Spain,31-10-2006,21.1,12.6,16.5,0,9.7,23,34420.4
Spain,01-11-2006,20.1,10.7,15.5,0,7.9,17.3,30259.7
Spain,02-11-2006,16.7,9.9,13.8,1.3,6.8,17.3,16175.64
Spain,03-11-2006,14.1,11.5,12.8,29.1,11.8,27.7,0
Spain,04-11-2006,12.6,10.9,11.7,19.7,12.4,22.3,0
Spain,05-11-2006,13.5,11.2,12.3,12.5,11.1,24.5,61.26
Spain,06-11-2006,16.1,7.6,11.8,0,8,18.7,32752.97
Spain,07-11-2006,13.8,11,12.4,12.7,12.6,31,0
Spain,08-11-2006,16.1,11.6,13.4,9,15.3,40.7,10443.6
Spain,09-11-2006,17.4,11.2,14.2,0,10.9,23.8,27872.05
Spain,10-11-2006,18.2,7.2,12.1,0,7.2,14.8,32970.04
Spain,11-11-2006,18.1,6.1,12.1,0,7.2,13.3,32830.39
Spain,12-11-2006,18.2,4.9,10.7,0,6.4,16.6,32692.3
Spain,13-11-2006,17.7,4.4,10.5,0,8.2,13.7,32555.93
Spain,14-11-2006,16.7,6.6,11.1,0,5.7,14.8,32421.46
Spain,15-11-2006,15.3,6.7,10.6,0.3,14.2,31.3,32289.1
Spain,16-11-2006,12.7,9.7,11.4,23.2,24.7,57.2,0
Spain,17-11-2006,11.6,2.7,7.8,0,18.4,41,32031.46
Spain,18-11-2006,12,8.1,10,0.8,15.5,32.8,2288.45
Spain,19-11-2006,14.8,9.2,11.7,0,12.6,28.4,20196.28
Spain,20-11-2006,14.7,7.4,10.3,0,12.5,28.4,30305.14
Spain,21-11-2006,15.3,5.6,10.1,0,18.4,39.6,25602.67
Spain,22-11-2006,16.2,10.8,12.8,0,16.4,35.3,25094.47
Spain,23-11-2006,12.8,9.4,11.1,0,22.7,48.6,8372.82
Spain,24-11-2006,14.2,11.4,12.6,10.3,31.1,83.5,0
Spain,25-11-2006,12.8,9,10.7,14.8,27.9,82.4,13214.38
Spain,26-11-2006,11.4,6.2,8.9,0.8,9.7,24.1,29100.65
Spain,27-11-2006,11.9,5.3,7.9,0,10.8,26.3,29511.9
Spain,28-11-2006,10.3,5.9,8.4,0.1,3.4,21.2,5045.09
Spain,29-11-2006,12.6,7.2,9,0,13,31,29841.93
Spain,30-11-2006,10.6,4.5,7.4,0,9.7,20.5,24728.71
Spain,01-12-2006,12,3.1,7.2,0,5.9,17.6,11903.09
Spain,02-12-2006,9.9,6,8.1,2.1,11.1,29.2,0
Spain,03-12-2006,12.5,3.5,7.9,0.1,13.3,32.4,24715.04
Spain,04-12-2006,15.6,8.9,11.7,0,13.8,29.2,20857.81
Spain,05-12-2006,12.6,7.7,11.2,8,24.7,63,22114.94
Spain,06-12-2006,9.9,4.7,7,0.4,16.4,38.2,29197.53
Spain,07-12-2006,10.1,2.4,6.2,1.7,16.1,35.3,18300.88
Spain,08-12-2006,10.3,4.7,8.7,4,23.7,49.7,29559.41
Spain,09-12-2006,7.7,2.7,4.8,0,12.2,27,29004.25
Spain,10-12-2006,8.6,1.6,4.2,0,15,31,29652.25
Spain,11-12-2006,8.4,-1.6,2.7,0,8.7,16.2,29654.37
Spain,12-12-2006,10.8,-0.1,4.5,0,7.1,16.2,24883.86
Spain,13-12-2006,11.4,2.5,7,0,10.2,20.5,29663.27
Spain,14-12-2006,11.1,-0.9,4.3,0,7.6,16.6,29719.26
Spain,15-12-2006,11,-0.3,4.5,0,8.7,17.3,29589.41
Spain,16-12-2006,10.9,-0.8,5.1,0,7.4,12.6,29460.41
Spain,17-12-2006,11,-1.1,4.3,0,7.4,16.2,29234.26
Spain,18-12-2006,9.7,1.1,5.5,0,10.9,24.5,29598.39
Spain,19-12-2006,7,-2,2,0,14.2,31,29173.88
Spain,20-12-2006,5.8,-2.5,1.1,0,12.2,28.1,29647.26
Spain,21-12-2006,8.4,-2.7,1.4,0,9.6,18,29643.31
Spain,22-12-2006,6.8,-2.6,1.4,0,10.1,18.7,23856.42
Spain,23-12-2006,7.9,0,3,0.4,15.6,36.4,29080.95
Spain,24-12-2006,10.1,-1.9,3.5,0,10.7,24.5,29657.28
Spain,25-12-2006,10,-1.9,2.9,0,6.9,13.3,29670.53
Spain,26-12-2006,10.2,-1.1,3.5,0,8,14.8,29688.06
Spain,27-12-2006,10.3,-1,3.3,0,8,16.2,29709.85
Spain,28-12-2006,8.6,-1.5,2.8,0,6.8,15.5,29735.9
Spain,29-12-2006,8.9,-0.8,3.4,0,9.1,19.8,29766.18
Spain,30-12-2006,11,4,6.5,0,9.4,23.8,29749.47
Spain,31-12-2006,8.8,4.1,6.4,0,4.7,14,12815.75
Spain,01-01-2007,11.9,5.2,7.3,0,8.3,20.2,25135.94
Spain,02-01-2007,11.6,2.8,7.1,0,5.8,13.7,27268.36
Spain,03-01-2007,12.2,0.2,5.6,0,8.7,14.4,29550.8
Spain,04-01-2007,12.6,2.9,6.9,0,8.2,13.3,30038.68
Spain,05-01-2007,12.1,2.7,6.6,0,6.3,12.6,29172.13
Spain,06-01-2007,11.7,3.6,6.7,0,8.3,15.8,30166.08
Spain,07-01-2007,8.4,0.8,4.6,0,8.7,19.1,27698.96
Spain,08-01-2007,11,3,6.3,0,8.9,21.6,29774.69
Spain,09-01-2007,10.5,1.9,6.5,0,5.4,13.7,28749.31
Spain,10-01-2007,10.4,-0.1,4.5,0,6.4,14,30163.82
Spain,11-01-2007,13.6,-1.5,4.8,0,7.6,15.1,30555.83
Spain,12-01-2007,15.3,-1.2,5.8,0,6.9,14,30644.7
Spain,13-01-2007,14.2,1.6,8.4,0,7,11.9,30736.86
Spain,14-01-2007,14.6,1.1,6.6,0,8,18.7,29826.17
Spain,15-01-2007,11.3,4,7.2,0,6.7,13.7,29275.61
Spain,16-01-2007,10.3,4.5,7.1,0,8.9,20.9,22944.43
Spain,17-01-2007,10.4,2.9,6.3,0,10.1,24.5,27535.06
Spain,18-01-2007,12.5,3,6.8,0,10.1,24.5,23828.28
Spain,19-01-2007,15.3,1.6,7.9,0,5.8,13,28104.62
Spain,20-01-2007,13.7,3.5,9.1,0,8.5,15.5,31460.51
Spain,21-01-2007,12.9,3.4,7,0,8.3,19.8,29093.15
Spain,22-01-2007,7.2,3.4,5.1,3.7,18.6,37.1,13092.24
Spain,23-01-2007,7,1.2,3.5,0.8,14.9,35.3,28916.6
Spain,24-01-2007,5.8,-2.6,1.3,0,13.2,32,31928.98
Spain,25-01-2007,4.5,-1,1.3,1.8,19.4,43.9,32054.17
Spain,26-01-2007,4.8,-0.7,1.3,2.6,25.1,57.6,26729.97
Spain,27-01-2007,7.8,-1.8,2.1,0,16.6,35.3,32273.67
Spain,28-01-2007,7.7,-3,2.3,0,14.6,30.2,28405.58
Spain,29-01-2007,6.9,3.4,4.9,3,11.2,22.3,1313.89
Spain,30-01-2007,8.7,5.4,6.5,7.8,7.7,19.1,14935.79
Spain,31-01-2007,9.7,-1.4,3.8,0,7.4,13.7,30609.7
Spain,01-02-2007,10.5,-1.2,4.2,0,6.5,15.5,32446.37
Spain,02-02-2007,11.3,-1.2,4.1,0.1,8.7,21.2,32400
Spain,03-02-2007,8.4,3.3,5.8,1.2,9.2,21.2,420.5
Spain,04-02-2007,10.6,3.1,6.8,0,5.8,14,16111.16
Spain,05-02-2007,10,2.7,6.3,0.4,4.9,19.1,29458.97
Spain,06-02-2007,9.6,1.5,5.6,0.4,10.2,25.2,32191.07
Spain,07-02-2007,12.1,2.3,6.5,0,18.1,39.2,25775.5
Spain,08-02-2007,9.6,6,7.7,16.1,15.3,32.8,0
Spain,09-02-2007,11.4,5.4,7.9,1.2,22.9,59,33304.17
Spain,10-02-2007,14.7,6.3,10.1,0,20,42.1,33096.44
Spain,11-02-2007,13.8,5.1,9.7,1.5,22,46.1,8031.99
Spain,12-02-2007,15.2,6,11.5,0.8,23.5,49.7,22615.13
Spain,13-02-2007,14.2,4,8.6,0,17.1,34.2,26334.5
Spain,14-02-2007,13.4,9.1,11.1,0.5,20.9,51.5,19282.77
Spain,15-02-2007,14.4,1.5,7.5,0,6.8,20.5,30835.39
Spain,16-02-2007,18.3,3.1,9.2,1.7,30.3,78.8,31658.72
Spain,17-02-2007,10.8,4.9,7.5,1.6,17.1,42.5,23510.61
Spain,18-02-2007,11.8,4.9,7.8,0,21.6,48.2,31900.94
Spain,19-02-2007,11.8,0.8,5.8,0.3,15.3,36.4,26878.86
Spain,20-02-2007,8.3,4.2,6.3,4.7,7.4,17.6,0
Spain,21-02-2007,11.5,2.8,6.6,0,12.3,27.7,29519.49
Spain,22-02-2007,10.9,2,6.4,0.3,16.5,37.4,12970.67
Spain,23-02-2007,11.1,5.1,8,2.1,18.1,49,17056.53
Spain,24-02-2007,12.9,5.1,8.7,0,15.5,31,25154.38
Spain,25-02-2007,13.5,4.1,8.8,0.4,21.8,59.4,36720.38
Spain,26-02-2007,13.9,0.5,7,0,8.7,19.8,36884.14
Spain,27-02-2007,17.3,1,8.6,0,10,27,37047.66
Spain,28-02-2007,16.7,6.2,10.6,0,14.7,36.7,31182.63
Spain,01-03-2007,15.1,7.5,11,0,17,37.1,37322.49
Spain,02-03-2007,16.3,3.4,9.6,0,15.5,36.7,37535.47
Spain,03-03-2007,17.1,6,10.8,0,12.6,29.5,35601.92
Spain,04-03-2007,18,3.6,11.2,0,22.3,46.1,37858.99
Spain,05-03-2007,12.7,3.4,8.7,0,11,25.6,38021.94
Spain,06-03-2007,11,3.9,7.5,1.1,16.8,39.2,15227.69
Spain,07-03-2007,13.3,7.2,9.6,1.5,33.7,76.7,28692.49
Spain,08-03-2007,12.3,4.9,8,0,28.9,57.6,38514.86
Spain,09-03-2007,15.8,-0.2,7.5,0,17.2,46.1,34974.64
Spain,10-03-2007,16.7,2.6,10.3,0,19.4,41,38845.65
Spain,11-03-2007,16.1,-0.1,8.6,0,10.9,28.8,39011.34
Spain,12-03-2007,15.2,0.2,8.1,0,8,22.3,39140.46
Spain,13-03-2007,16,2.2,9.5,0,6.5,17.6,39206.51
Spain,14-03-2007,16.4,2.8,9.7,0,11,25.9,39272.22
Spain,15-03-2007,16.8,2.8,9.9,0,8.1,22.7,39374.62
Spain,16-03-2007,16.2,3.1,9.6,0.2,15.3,36.4,34400.18
Spain,17-03-2007,16.2,4.1,10.4,0,12.5,30.2,39556.96
Spain,18-03-2007,17.7,1.7,9.5,0,9.4,19.1,39742.12
Spain,19-03-2007,11,4.7,8.2,0,27.9,59.8,39624.5
Spain,20-03-2007,7.7,1.3,4.2,1.7,25.1,61.2,39836.98
Spain,21-03-2007,7.2,0.6,3.5,0.6,26,64.1,40002.3
Spain,22-03-2007,9.8,-0.9,4.1,0,16.2,37.4,40188.34
Spain,23-03-2007,13.5,2.9,8.4,0,11.3,33.8,39942.2
Spain,24-03-2007,15,0.9,8,0,12,27.7,40424.84
Spain,25-03-2007,15.2,0.8,8.4,0,11.2,23.4,38179.52
Spain,26-03-2007,14.2,4.1,9.4,0.8,11.1,30.6,40160.39
Spain,27-03-2007,11.7,6.3,8.3,4.8,8.9,22,26994.14
Spain,28-03-2007,11.8,4.2,7.6,0.3,10.3,27.4,31487.76
Spain,29-03-2007,13.8,2.4,8.3,0,18.5,40.3,40649.33
Spain,30-03-2007,13.7,1.5,8.2,0,17.9,38.2,33266.07
Spain,31-03-2007,11.4,5.6,8.5,4,11.8,30.6,40497.77
Spain,01-04-2007,11.8,2.2,6.7,5.4,10.6,25.9,37322.68
Spain,02-04-2007,12.1,3.7,7.3,1.5,9.3,32.8,36844.9
Spain,03-04-2007,13.6,2.6,7.8,0.4,9.6,30.6,41884.03
Spain,04-04-2007,12.6,1.3,6.6,1,20.9,47.9,30902.35
Spain,05-04-2007,11.3,-0.5,5.4,1.7,15.7,36.4,28651.62
Spain,06-04-2007,12.7,4.5,7.9,6.1,19.9,49.7,38234.26
Spain,07-04-2007,11.7,5,7.6,10.5,16.3,35.3,32055.56
Spain,08-04-2007,14,3.2,8.3,1.4,9.5,26.3,42719.3
Spain,09-04-2007,15,5.1,9.8,2.4,10.5,29.9,41136.6
Spain,10-04-2007,16,6.6,11.2,2.8,8.1,21.2,38072.31
Spain,11-04-2007,16.6,6,11.5,0.3,8,24.8,42549.71
Spain,12-04-2007,15.6,6.7,11.4,1.2,6.8,27,42499.61
Spain,13-04-2007,16.5,6.7,11.5,0.1,7.2,22,37801.11
Spain,14-04-2007,17.9,3.9,11.9,0,7.7,20.2,31769.44
Spain,15-04-2007,19.1,5.3,12.8,0,10.2,25.2,44416.66
Spain,16-04-2007,20.8,6.1,13.9,0,17.1,35.6,44646.85
Spain,17-04-2007,20.5,6.8,13.8,0.4,14.9,36,44026.58
Spain,18-04-2007,20.2,8.2,14.7,0,12,32.4,44494.91
Spain,19-04-2007,20.6,8.7,14.8,0,7.8,20.9,45085.64
Spain,20-04-2007,21.3,7.8,15,0.3,7.8,24.8,44296.84
Spain,21-04-2007,21.4,8,15.8,0,9.4,25.6,41818.73
Spain,22-04-2007,23,8.4,16.4,0,11.5,29.2,45249.18
Spain,23-04-2007,23.1,9.9,17.6,0,5.9,18,45323.05
Spain,24-04-2007,23.9,11.3,18,0,8.7,19.4,45381.42
Spain,25-04-2007,17.8,10.7,13.9,6.5,11.8,44.3,2544.63
Spain,26-04-2007,14.5,9.1,11.7,22.3,8.2,35.6,25318.28
Spain,27-04-2007,17.2,8,11.6,6.3,9,28.4,45556.95
Spain,28-04-2007,16.8,7.2,11.7,3.1,9,28.4,40342.5
Spain,29-04-2007,17.4,8.1,12.8,0,9,23.4,43795.38
Spain,30-04-2007,15,8.2,11.8,0.3,17.7,47.9,45741.83
Spain,01-05-2007,13.8,5.4,9.6,0.2,16.3,42.1,40765.41
Spain,02-05-2007,11.5,6.2,8.9,11.8,13.8,24.1,93.47
Spain,03-05-2007,15.7,8.5,11.5,12.6,6.6,27.4,35909.35
Spain,04-05-2007,17.6,4.7,11.7,0,14.4,28.4,46511.09
Spain,05-05-2007,16.8,4.1,11.4,0.3,19.4,44.6,46779.96
Spain,06-05-2007,19.2,6.2,12.7,0,16.3,38.2,46957.48
Spain,07-05-2007,22.5,5,14.2,0,12.3,28.4,47247.43
Spain,08-05-2007,24.6,7,16.8,0,7.2,15.1,47659.12
Spain,09-05-2007,25.1,8.7,17.7,0,9.2,23,47786.52
Spain,10-05-2007,25.2,12.3,19.7,0,19.9,43.9,47904.39
Spain,11-05-2007,24,9.7,17.3,0,17.3,40,48020.6
Spain,12-05-2007,24,10.6,17.2,0,16.7,44.3,48135.02
Spain,13-05-2007,19.1,12.3,15.7,0,24.7,56.5,46064.06
Spain,14-05-2007,17.1,8.2,13.1,0.4,14.3,37.1,48146.69
Spain,15-05-2007,20.1,5.9,13.6,0,8.8,22.7,48466.42
Spain,16-05-2007,23.3,7,15.7,0,14.3,31.7,48572.53
Spain,17-05-2007,26.2,9,18.5,0,10.5,25.6,48445.8
Spain,18-05-2007,28.7,12.7,21.5,0,12.2,26.3,48777.48
Spain,19-05-2007,28.1,16.7,22.2,0,11.5,35.6,47661.08
Spain,20-05-2007,24.5,14,18.2,10.4,12.2,37.4,31435.88
Spain,21-05-2007,22.3,12.5,17,0.5,13.6,29.2,44492.67
Spain,22-05-2007,24.1,15,18,22.3,17.6,42.1,29489.28
Spain,23-05-2007,20.7,14.4,16.5,17,15.5,49.3,31509.71
Spain,24-05-2007,18.6,11.7,15.2,10.7,11.7,37.1,34360.96
Spain,25-05-2007,16.3,9.6,13.3,9.7,9.8,22.7,16682.78
Spain,26-05-2007,19.3,8.3,13.8,4.7,11,33.8,40987.34
Spain,27-05-2007,19.9,9.6,14.7,0.5,21.3,44.6,45268.04
Spain,28-05-2007,17.7,8,13.2,0,15.3,35.6,49236.94
Spain,29-05-2007,20.5,6.9,14.5,0,10.9,20.5,42234.54
Spain,30-05-2007,22.7,9.4,16.5,0,18.4,40.7,49294.14
Spain,31-05-2007,19,11.8,15.5,0,17.7,37.4,37005.33
Spain,01-06-2007,21.3,10,15.5,0,11.9,28.8,49093.08
Spain,02-06-2007,21.7,8.7,16.3,0,16.5,36.7,37799.76
Spain,03-06-2007,24.4,9.1,17.5,0,9.2,18.7,39478.98
Spain,04-06-2007,24.5,13.1,19.2,0,15.6,31.3,49444.89
Spain,05-06-2007,23,12.6,18,0,15.8,33.8,49460.11
Spain,06-06-2007,24.4,12.2,18.5,0,13.7,25.2,49544.22
Spain,07-06-2007,27,11.9,20.1,0,9,18,49558.05
Spain,08-06-2007,28.7,15.2,22.1,0,10.9,24.5,45662.45
Spain,09-06-2007,27.9,14.9,21.4,1.5,14,42.1,39786.31
Spain,10-06-2007,23.3,14.8,19,1.9,18,40.7,47860.56
Spain,11-06-2007,24.5,12.8,19.1,0,9.7,23,49675.37
Spain,12-06-2007,26.6,11.7,20.4,0,12.2,30.6,49681.03
Spain,13-06-2007,24.5,13.2,19.5,0,20.9,46.4,49499.63
Spain,14-06-2007,20.4,14.7,17.4,1,23.8,70.2,43550.83
Spain,15-06-2007,22.2,12.3,17.3,0,20.9,45.7,45389.54
Spain,16-06-2007,17.9,14,16.1,5.7,16.2,34.9,3606.47
Spain,17-06-2007,20.1,14.9,16.8,11.1,21,47.5,22467.71
Spain,18-06-2007,23.3,13.2,18.3,0.5,14.9,38.2,49197.25
Spain,19-06-2007,22.2,15.2,18.8,0,20.9,47.9,49474.73
Spain,20-06-2007,21.3,11.7,17.2,0,18.4,40.7,49836.3
Spain,21-06-2007,22.4,9.9,16.4,0,12,27.4,49074.46
Spain,22-06-2007,23.9,8.5,17.3,0,7.2,18,49908.38
Spain,23-06-2007,28.4,12.8,20.3,0,10.5,22,49894.76
Spain,24-06-2007,29.2,15.4,22.6,0,20.4,46.8,49879.33
Spain,25-06-2007,26.8,14.6,21.2,0,15.4,34.9,49862.24
Spain,26-06-2007,24.9,13.6,19.4,0,12,29.5,49843.53
Spain,27-06-2007,26.3,13.2,20.1,0,13.2,30.2,49920.77
Spain,28-06-2007,28.4,13.7,21.5,0,10.6,24.5,49801.49
Spain,29-06-2007,30,15.3,23,0,14.8,35.6,49875.87
Spain,30-06-2007,30.9,14.7,23.8,0,19.9,44.6,49851.18
Spain,01-07-2007,27.5,16.7,22.4,0.1,19.4,46.8,44344.75
Spain,02-07-2007,27.8,12.7,21,0,9.2,23.8,49700.32
Spain,03-07-2007,30.4,14.3,22.6,0,15.9,34.9,49574.47
Spain,04-07-2007,28.5,17.9,23.2,0,14,29.9,49530.85
Spain,05-07-2007,29.1,15,22.3,0,15.3,31.3,49605.23
Spain,06-07-2007,31.9,17.8,25.1,0,13.6,28.1,49475.82
Spain,07-07-2007,33.5,18.2,26.4,0,14.2,28.4,49253.55
Spain,08-07-2007,33.2,19.6,26.8,0,17.6,41.8,49401.62
Spain,09-07-2007,26.8,17.3,22.2,0,16.6,36.4,49452.93
Spain,10-07-2007,27.5,14.2,21,0,13.8,27.4,49321.31
Spain,11-07-2007,29.2,14.7,22.3,0,9.2,19.8,49279.01
Spain,12-07-2007,31.1,17.2,24.5,0,15.8,35.3,48975.92
Spain,13-07-2007,32.5,17.6,26.2,0,12.5,31.7,49105.56
Spain,14-07-2007,34.1,17.9,26.7,0,16.3,40.3,49061.12
Spain,15-07-2007,32.1,17.8,25.8,0,19.2,44.6,48853.55
Spain,16-07-2007,27.5,18.8,23.3,0,21.4,50.8,43694.69
Spain,17-07-2007,29,18.6,23.6,0,13.4,36,48379.18
Spain,18-07-2007,30.1,15.4,23.4,0,18.6,42.5,48798.49
Spain,19-07-2007,28.7,16.3,22.9,0,18.6,42.8,48679.82
Spain,20-07-2007,27.3,14.6,21.6,0,9.8,25.2,43894.24
Spain,21-07-2007,27.7,15.1,21.9,0,11.9,31.3,48180.45
Spain,22-07-2007,28,14.4,22,0,20.4,46.1,47688.94
Spain,23-07-2007,25.9,17.3,21.6,0,23.7,53.6,47525.57
Spain,24-07-2007,28.5,13.6,21.7,0,9,23.8,48249.16
Spain,25-07-2007,31.9,15.8,24.1,0,10.3,23.8,48185.87
Spain,26-07-2007,34.3,16.7,26.3,0,13.7,35.3,48052.89
Spain,27-07-2007,34.9,16.7,27,0,8.7,26.3,48031.08
Spain,28-07-2007,35.6,20.4,28.1,0,11.3,26.3,47798.88
Spain,29-07-2007,35.1,21.7,28.8,0,17.1,34.9,47678.23
Spain,30-07-2007,34.7,21.6,28.6,0,14.5,32,47661.05
Spain,31-07-2007,36,20.2,28.2,0,17.1,40,47546.77
Spain,01-08-2007,33.5,19.9,27.7,0,22.9,52.9,47437.41
Spain,02-08-2007,33.3,17.3,26.2,0,10.4,29.2,47422.93
Spain,03-08-2007,34.6,19.6,27,0,17.9,42.8,47234.36
Spain,04-08-2007,37.2,18.6,29.1,0,10,24.8,47192.89
Spain,05-08-2007,35.3,24.1,29,1.2,16.6,45.4,40682.99
Spain,06-08-2007,29.3,19.8,24.6,0.8,12.8,31.3,46638.09
Spain,07-08-2007,28.6,18.1,23.3,0,21.6,46.8,46571.12
Spain,08-08-2007,27.8,16.1,21.6,0,19.7,47.9,46503.09
Spain,09-08-2007,30.1,16.1,23,0,14.7,33.1,46532.24
Spain,10-08-2007,30.9,17,24.1,0,13.2,30.6,46522.05
Spain,11-08-2007,31,16.4,24.3,0,14.1,34.9,46387.13
Spain,12-08-2007,28.7,17.2,23.8,0,9.6,26.6,46217.75
Spain,13-08-2007,30,17.2,24,0,10.1,28.8,46142.29
Spain,14-08-2007,30.9,18.2,24.9,0,15.8,38.9,46065.31
Spain,15-08-2007,30.5,17.5,24.4,0,23.4,52.6,45987.52
Spain,16-08-2007,27.7,16.2,22.5,0,11.9,27.4,45907.13
Spain,17-08-2007,28.4,15.7,21.6,0,20.4,45.4,45826.11
Spain,18-08-2007,31.4,16.3,24.1,0,9.5,26.6,45743.93
Spain,19-08-2007,28.7,16.3,22.7,0,17.1,35.3,45660.66
Spain,20-08-2007,28.3,14,21.2,0,17.7,37.1,45576.41
Spain,21-08-2007,23.1,15,19.4,0,19.3,45.4,45491.25
Spain,22-08-2007,22.7,11.1,17.4,0,15.4,36,44596.94
Spain,23-08-2007,24.3,12.5,19,0,12.6,26.6,39477.38
Spain,24-08-2007,25.8,15.1,20.2,0.3,15.3,33.1,43533.18
Spain,25-08-2007,27,14.9,19.9,25.6,22.8,53.3,14220.68
Spain,26-08-2007,31.3,16.9,23.9,7.7,16.5,53.3,44689.83
Spain,27-08-2007,34.2,17.7,25.7,0,12.3,25.2,44235.99
Spain,28-08-2007,31.1,18.4,25.5,0,12.8,32.8,44274.29
Spain,29-08-2007,26.9,17.6,23,0,17.1,40,44073.77
Spain,30-08-2007,25.6,16.1,20.5,0,17.4,34.9,44098.16
Spain,31-08-2007,26,12.3,19,0,18.4,37.1,44004.52
Spain,01-09-2007,28.2,14.4,21,0,15.2,31.7,43604.13
Spain,02-09-2007,29.5,14.9,22.5,0,7.8,20.5,42749.49
Spain,03-09-2007,30.1,16.6,23.8,0,12,22.7,42971.03
Spain,04-09-2007,28.9,16,22.6,0,13.9,31.7,42986.94
Spain,05-09-2007,28.9,14.9,21.8,0,16.4,36.4,42829.35
Spain,06-09-2007,29.9,15.6,22.8,0,13.5,30.6,42607.34
Spain,07-09-2007,30.4,16.2,23.4,0,14,28.1,42473.99
Spain,08-09-2007,29.8,16.1,23,0,14.3,29.9,42351.12
Spain,09-09-2007,30,15.6,23.2,0,9,23.4,37916.56
Spain,10-09-2007,29.6,18.4,23.5,0,17.9,38.9,38237.16
Spain,11-09-2007,29.3,15.8,22.8,0,7.9,22.3,42088.36
Spain,12-09-2007,27.5,17,22.5,0.4,12.2,29.2,42031.68
Spain,13-09-2007,26.4,15.6,21,1.1,6.7,20.5,41714.33
Spain,14-09-2007,25.9,16.6,20.9,1.4,7.9,24.5,41917.86
Spain,15-09-2007,24.7,15.6,20.4,0,8.8,28.1,41632.45
Spain,16-09-2007,27.3,14.5,21.2,0.2,9.4,25.6,41650.76
Spain,17-09-2007,24.3,16,20.4,0,19.7,49.7,41494.29
Spain,18-09-2007,23.5,14.3,19.1,0,18.3,36.4,36342.57
Spain,19-09-2007,24.6,14.3,18.8,0,19.3,42.1,39190.88
Spain,20-09-2007,27.4,14.5,20.7,0,8.4,23,40659.51
Spain,21-09-2007,23.4,15.7,20,0.2,8.1,26.3,36685.84
Spain,22-09-2007,24.9,15.9,19.9,2.5,8,24.8,38302.02
Spain,23-09-2007,24.6,16.5,20.6,0,10.5,24.8,39449.44
Spain,24-09-2007,27.1,16.5,21.4,0,7.7,22.7,40309.51
Spain,25-09-2007,25.3,12.7,19.2,0,16.8,34.9,40225.13
Spain,26-09-2007,21.5,11.2,16.3,0,15.1,36,40063.36
Spain,27-09-2007,18.3,7.6,13.4,0,13,33.5,39901.18
Spain,28-09-2007,21.7,7.5,14.5,0,12,28.8,39738.71
Spain,29-09-2007,21.1,12.9,16.5,0.5,18.4,43.9,33964.81
Spain,30-09-2007,20.9,12.3,16.6,0.1,15.4,31.3,20294.9
Spain,01-10-2007,20.2,14.1,17.3,1.2,12.1,40.3,15065.84
Spain,02-10-2007,24.6,12.2,17.7,0.6,9.1,30.6,31236.67
Spain,03-10-2007,19.2,14.8,16.3,15,10.2,24.8,15364.55
Spain,04-10-2007,21.5,9.6,15.8,0,7.3,18,36979.46
Spain,05-10-2007,21.6,12.2,16.7,0.1,9,23.4,36802.28
Spain,06-10-2007,22.3,12.4,17.4,0,9.8,23,36978.84
Spain,07-10-2007,22.6,10.8,17,0,7.7,20.2,36503.66
Spain,08-10-2007,23.3,11.6,17.5,0,12.5,22.7,36745.71
Spain,09-10-2007,21.9,10.5,16.4,0,14.3,30.2,37194.5
Spain,10-10-2007,22.9,8.3,15.5,0,12.8,29.9,36815.18
Spain,11-10-2007,19.4,10.7,14.6,0,19.3,42.1,34303.8
Spain,12-10-2007,20.8,10.4,15.3,0,12.2,31,36472.28
Spain,13-10-2007,21,8.4,14.6,0,6.9,19.1,36394.91
Spain,14-10-2007,21.6,7.9,14.4,0,6.5,19.4,36246.53
Spain,15-10-2007,19.4,8.9,14.2,0.2,8.4,22.7,36039.46
Spain,16-10-2007,20.2,9.6,14.6,0,6.6,18,36000
Spain,17-10-2007,21.9,8.8,15.7,0,6.8,20.5,36005.66
Spain,18-10-2007,21.8,8.5,15.2,0,14.2,32,36000
Spain,19-10-2007,21.3,8.1,15.1,0,8.1,23,36000
Spain,20-10-2007,22.8,7.2,14.6,0,8.3,17.3,36000
Spain,21-10-2007,19.8,6.4,12.7,0,8.2,18.7,36000
Spain,22-10-2007,23.1,5.3,14.1,0,9.7,20.2,35861.19
Spain,23-10-2007,17.5,8.8,13.4,2.6,6.6,14.4,24491.53
Spain,24-10-2007,14.4,10.3,12.4,8.4,5.7,15.8,383.17
Spain,25-10-2007,16.5,5.5,11,0,11.6,27.4,35386.43
Spain,26-10-2007,15.4,3.3,9.2,0,10.1,22.7,35230.57
Spain,27-10-2007,15.5,4.7,10.1,0,14.8,34.2,35076.18
Spain,28-10-2007,18.2,4.2,11,0,9.5,18.7,34923.4
Spain,29-10-2007,19.5,4.3,11.5,0,12.4,26.3,34481.36
Spain,30-10-2007,14.2,7.7,11.3,0,20.5,45.7,34620.77
Spain,31-10-2007,15,7.3,10.4,0,21.1,47.2,34469.57
Spain,01-11-2007,18.3,2.5,10,0,9.8,25.2,34318.58
Spain,02-11-2007,19.4,2.6,10.7,0,11,27.4,34167.95
Spain,03-11-2007,18.3,5.5,11.4,0,6.5,16.6,34017.82
Spain,04-11-2007,19.6,4.6,11.8,0,8.7,16.6,33868.36
Spain,05-11-2007,19.7,3.4,11.5,0,7.2,14.8,33719.74
Spain,06-11-2007,20.2,3.2,10.9,0,8.6,20.2,33572.11
Spain,07-11-2007,18.4,3,10.5,0,8,20.5,33425.65
Spain,08-11-2007,20.1,3,11.1,0,8.6,19.4,33280.53
Spain,09-11-2007,16,5.2,10,0,13.2,30.6,18241.95
Spain,10-11-2007,17.7,2.6,10.1,0,10.8,25.9,32995.02
Spain,11-11-2007,18.5,0.2,8.7,0,9,15.8,32339.91
Spain,12-11-2007,18.8,2.7,9.9,0,9.3,15.1,32632.59
Spain,13-11-2007,17.3,2.5,9,0,8.4,22.7,32581.4
Spain,14-11-2007,14.3,1.4,7.5,0,14.8,33.8,32448.21
Spain,15-11-2007,13.1,2.6,7.9,0,14.4,32.8,30826.31
Spain,16-11-2007,12.4,-3,4.8,0,7.2,19.4,32190.08
Spain,17-11-2007,10.9,-3.4,3.2,0,11.1,16.9,32065.56
Spain,18-11-2007,11,-1.6,3.7,0,10.5,24.5,31944.1
Spain,19-11-2007,8.7,2.3,4.9,0.2,8,18.4,17567.14
Spain,20-11-2007,12.9,6.7,10.9,24.2,21.8,65.9,95.49
Spain,21-11-2007,10.9,4.9,8.2,0,10.7,27.7,17408.25
Spain,22-11-2007,10.3,1.9,6,2,6.9,18.7,18397.29
Spain,23-11-2007,10.7,1.8,5.6,0,10.5,22,30336.26
Spain,24-11-2007,10.4,0.3,4.9,0,20.7,43.6,30741.28
Spain,25-11-2007,11.1,2.9,6.4,0,19.6,39.6,30939.19
Spain,26-11-2007,13.7,6,8.7,0,22,44.3,30576.26
Spain,27-11-2007,13,1.5,6.9,0,14.2,32.8,30566.31
Spain,28-11-2007,11.4,-0.5,4.8,0,6.9,15.1,30498.68
Spain,29-11-2007,11.4,-1,4.6,0,5.8,14.4,29054.45
Spain,30-11-2007,12.4,-1.2,4.5,0,9.9,14.8,30254.06
Spain,01-12-2007,10.9,2.1,6.2,2.2,6.2,16.6,24305.88
Spain,02-12-2007,11.7,1.9,6.4,0,8.9,21.6,28857.03
Spain,03-12-2007,13.6,2.7,7.1,0,8.3,21.2,28329.18
Spain,04-12-2007,13.5,3.1,8.1,0,7,14.4,28999.68
Spain,05-12-2007,14.2,0.9,7.9,0,8,18.7,29758
Spain,06-12-2007,14,1.7,7.1,0,7,13.3,29382.86
Spain,07-12-2007,13.8,3,7.4,0,7.1,18.7,29466.47
Spain,08-12-2007,13.6,2.9,8.3,0,11.8,28.1,29208.92
Spain,09-12-2007,14.6,6.8,10,0,18.1,41.4,23363.62
Spain,10-12-2007,10.6,2.2,6.3,0,12.7,27.4,29465.84
Spain,11-12-2007,10.1,0,4.3,0,8.8,20.9,29837.75
Spain,12-12-2007,10,-2,3.1,0,5.9,13.7,29353.41
Spain,13-12-2007,9.7,-2.1,3,0,6.6,14.4,29773.66
Spain,14-12-2007,7.7,-2.7,1.6,0,6.4,14,29776.15
Spain,15-12-2007,9.2,-2.8,1.2,0,7.7,13.7,29744.31
Spain,16-12-2007,5.8,-2.7,0.8,0,12.8,27.7,28891.75
Spain,17-12-2007,4.8,-2.4,0.5,0,8.1,18,29534.05
Spain,18-12-2007,4,-1.7,1.5,4.7,11.5,19.1,0
Spain,19-12-2007,9,2.9,5.3,0,16,37.8,5372.49
Spain,20-12-2007,7.5,4.2,5.7,10.5,10.4,25.6,0
Spain,21-12-2007,10.7,5.3,7.3,0.4,14.1,27,22768.75
Spain,22-12-2007,9.4,5.9,7.1,0.1,9.7,19.4,6237.86
Spain,23-12-2007,10.7,3.4,6.4,0,12.7,27.4,24736.67
Spain,24-12-2007,10.2,2.7,6,0.1,6.6,14.4,29389.88
Spain,25-12-2007,6.9,-0.5,3.1,0,9.2,21.2,19288.01
Spain,26-12-2007,10.9,3.8,6.4,0.7,16.1,34.9,27905.05
Spain,27-12-2007,9.3,-0.7,4.7,0,9.7,20.5,29697.03
Spain,28-12-2007,10,-1.5,3.3,0,8.1,14,29722.32
Spain,29-12-2007,9.1,-1.9,2.6,0,8.1,14,29374.5
Spain,30-12-2007,10.6,-0.7,3.7,0,5.9,13.3,29379.36
Spain,31-12-2007,9,-2.1,2.7,0,8.2,13.7,29827.65
Spain,01-01-2008,7,0.1,3,0,9.5,21.6,29872.05
Spain,02-01-2008,7.3,0.4,3.8,3.7,12.5,31.3,5925.98
Spain,03-01-2008,8.6,3.9,6.3,10.4,25.6,60.5,26830.89
Spain,04-01-2008,9.6,2.3,5.3,0,8.4,18,30031.39
Spain,05-01-2008,10.2,2.4,5.9,0,11.3,23.4,17740.83
Spain,06-01-2008,13.9,7.1,9.6,0,8.5,20.2,30158.13
Spain,07-01-2008,11.2,4.2,7.6,0,7.4,11.9,27261.18
Spain,08-01-2008,10.6,3.7,6.7,0,6.6,12.6,17269.96
Spain,09-01-2008,11.3,6.2,8.2,1.4,6.6,16.6,20459.22
Spain,10-01-2008,10.5,5.9,7.7,0,12.5,31,11064.23
Spain,11-01-2008,8.6,3.1,6.7,4.7,27.1,64.1,5377.04
Spain,12-01-2008,8.5,-1.2,3.4,0,8.6,21.6,30625.45
Spain,13-01-2008,7.5,0.8,4.1,0.8,16.1,42.5,28292.73
Spain,14-01-2008,10.2,3.2,6.4,2.8,11.6,28.1,27418.35
Spain,15-01-2008,7.9,0.8,4.3,0.1,24,50.4,3913
Spain,16-01-2008,10.8,4.5,8.3,0.5,25.6,54.7,30999.24
Spain,17-01-2008,12.4,0.8,5.9,0,12.9,31.7,29406.33
Spain,18-01-2008,13.6,5.5,8.4,0,8.4,18.4,31204.09
Spain,19-01-2008,15,1.2,7.2,0,7.9,15.5,31312.33
Spain,20-01-2008,15.5,3,8.3,0,6.6,13,31424.2
Spain,21-01-2008,15.4,0.4,7.4,0,7.7,15.5,31539.48
Spain,22-01-2008,16.5,-0.1,6.9,0,6.4,14,31657.95
Spain,23-01-2008,14.5,0.1,6.9,0,7,15.5,31779.42
Spain,24-01-2008,13.6,2.1,7.6,0,6.8,15.5,31903.67
Spain,25-01-2008,12.9,5.8,9,0,14.8,31.7,32030.52
Spain,26-01-2008,12.3,0.5,6.2,0,8.9,19.1,32159.76
Spain,27-01-2008,14,0,6.4,0,8.4,15.8,32257.13
Spain,28-01-2008,15.8,-1.5,6.4,0,6.8,13.7,32341.24
Spain,29-01-2008,13.8,0.8,6.3,0,9.3,17.6,32406.73
Spain,30-01-2008,13.3,-1.4,5.8,0,9.4,17.3,32428.92
Spain,31-01-2008,11,-1.7,4.6,0,10.1,20.5,32414.41
Spain,01-02-2008,10.9,2.5,5.9,0,10,23.4,24399.37
Spain,02-02-2008,8.7,1.8,4.7,1.1,12.1,27.7,19724.89
Spain,03-02-2008,8,2.5,5.6,6.3,25.3,53.6,155.7
Spain,04-02-2008,10.6,5.1,7.5,2.2,23.6,53.3,29416.65
Spain,05-02-2008,11.9,2.8,6.4,0,9.7,24.8,32650.88
Spain,06-02-2008,15.2,-0.6,6.8,0,10.5,21.6,32845.04
Spain,07-02-2008,15.5,2,8.6,0,10.5,22.3,33134.36
Spain,08-02-2008,16.2,1.8,8.1,0,7.4,20.2,33319.86
Spain,09-02-2008,13.8,2.9,8.4,0,7.6,22.3,33597.23
Spain,10-02-2008,13.4,0.3,6.9,0,7.1,19.8,33982.22
Spain,11-02-2008,12.9,0.5,6.3,0,8.4,20.2,34228.35
Spain,12-02-2008,11.1,-0.2,4.8,0,11.3,27.7,33764.48
Spain,13-02-2008,10.8,-0.9,4.6,0,14.5,34.6,33705.98
Spain,14-02-2008,10.9,3.4,6.9,0,14,33.1,1165.55
Spain,15-02-2008,11.1,5.9,8,0,8.7,17.3,12682.53
Spain,16-02-2008,14,1.8,7.6,0,9.7,24.1,30850.2
Spain,17-02-2008,10.3,1,5.8,0.2,17.8,36.4,20014.01
Spain,18-02-2008,9.7,5.3,7.2,12.7,9,19.8,0
Spain,19-02-2008,10.2,7.5,8.6,11.3,7.6,19.8,0
Spain,20-02-2008,12.2,6.5,9,1.4,4.7,16.2,19869.02
Spain,21-02-2008,14.7,2.7,8.8,0,7.8,20.9,34343.27
Spain,22-02-2008,15.5,3.1,9.6,0,9.4,25.2,36194.85
Spain,23-02-2008,15.4,2,8.5,0,10.5,24.5,33655.15
Spain,24-02-2008,9,5.9,7.6,4.8,11,21.2,0
Spain,25-02-2008,13.6,7.5,10,0,5.5,14.4,17671.03
Spain,26-02-2008,15.9,2.4,8.9,0,7.3,19.1,26909.71
Spain,27-02-2008,16.6,5,10.6,0,10.3,23,32457.01
Spain,28-02-2008,15.1,6.8,10.8,1.5,5.8,19.1,37054.23
Spain,29-02-2008,15.5,3.6,9.7,0,7.5,18.7,28425.75
Spain,01-03-2008,18.5,3.6,10.7,0,6.5,15.5,36492.4
Spain,02-03-2008,19,3.1,10.9,0,9.2,16.9,37652.73
Spain,03-03-2008,19.5,4.2,11.9,0,17.7,37.4,37817.88
Spain,04-03-2008,10.2,3.9,7,0,24.2,56.5,37983.46
Spain,05-03-2008,9.3,1.1,4.5,0,32.6,71.3,38149.35
Spain,06-03-2008,11.6,0.8,5.2,0,20.6,44.6,38315.44
Spain,07-03-2008,15.1,-0.6,6.7,0,15.9,35.6,38481.58
Spain,08-03-2008,15.4,-0.4,7.6,0,9.4,20.9,38647.69
Spain,09-03-2008,13.4,1.7,7.6,0.1,18.6,42.1,38813.62
Spain,10-03-2008,10.2,1.8,6.3,0.3,27.7,61.6,5317.54
Spain,11-03-2008,18.8,5.3,11.8,0,16.8,36.4,39126.18
Spain,12-03-2008,18.7,7.3,12.2,0,7.1,16.6,39091.16
Spain,13-03-2008,19.7,4.1,11.7,0,8,20.9,38667.43
Spain,14-03-2008,20.7,5.6,13.4,0,11,27.7,39323.62
Spain,15-03-2008,17.9,8,14,0,21.7,49.3,39388.66
Spain,16-03-2008,17.3,4.1,10.3,0,10.4,26.6,39492.73
Spain,17-03-2008,17.1,5.4,10.9,0,19.5,43.2,38271.28
Spain,18-03-2008,14.1,4.8,9.7,0.3,14.4,34.9,39307.08
Spain,19-03-2008,13.9,1.5,8.1,0,19.6,40.7,37177.99
Spain,20-03-2008,13.6,1.9,7.2,0,20.7,42.8,40072.32
Spain,21-03-2008,16.6,-0.4,7.9,0,12.9,31,40014.01
Spain,22-03-2008,12,3.8,7.5,2.7,25.3,57.2,23918.43
Spain,23-03-2008,9,0.8,4.5,1.2,23.1,53.3,40416.67
Spain,24-03-2008,13.6,1.5,6.9,0,18.1,42.5,40346.75
Spain,25-03-2008,15.4,1.2,8.6,0,10,28.4,37840.54
Spain,26-03-2008,13.1,3.1,8.2,0.2,28.7,73.1,35376.11
Spain,27-03-2008,14.9,5,9.6,0.3,29.4,60.1,12827.81
Spain,28-03-2008,20,6.2,13.3,0,12.8,27.4,38338.66
Spain,29-03-2008,20,7,13,0,10.5,24.1,39600
Spain,30-03-2008,15.7,6.1,11,2.7,25.2,59.4,41485.44
Spain,31-03-2008,15.5,2.1,9,0,16.9,38.9,41886.25
Spain,01-04-2008,17.4,3.2,10.3,0,19.8,44.6,41336.21
Spain,02-04-2008,21.7,4.7,13.5,0,12,29.9,42176.72
Spain,03-04-2008,24.2,5,15.2,0,12.4,26.6,42446.93
Spain,04-04-2008,23.4,4.6,14.7,0,13,31.7,42643.98
Spain,05-04-2008,22.5,5.9,14.9,0,12.7,27.4,42845.45
Spain,06-04-2008,23.9,7.3,15.7,0.3,15.9,41,42958.72
Spain,07-04-2008,16.9,8.8,13.1,5.3,25.7,61.9,27007.59
Spain,08-04-2008,14.9,8.2,10.7,10.2,28,60.8,19540.89
Spain,09-04-2008,17.4,11,13.1,5.1,26.6,64.8,25350.21
Spain,10-04-2008,14.3,9.4,11.6,13.3,25.9,66.2,32673.88
Spain,11-04-2008,12.5,5.9,9.1,5.4,18.8,41.4,31647.97
Spain,12-04-2008,14.3,2,9,0,11.7,29.5,42804.95
Spain,13-04-2008,13.4,2.5,8.7,0,21,48.2,43935.87
Spain,14-04-2008,16.2,3.4,10.3,0,7.6,17.6,44519.23
Spain,15-04-2008,17.7,3.1,10.6,0,10.7,22.3,42966.97
Spain,16-04-2008,19.6,6.6,13.1,0,18.3,45.7,44614.49
Spain,17-04-2008,14,8,10.7,8.8,24.8,53.3,32350.42
Spain,18-04-2008,11.5,7.3,9.3,10.1,30.3,74.9,43762.65
Spain,19-04-2008,12.6,6,8.5,10.1,26.1,76.3,22280.55
Spain,20-04-2008,12.2,6.1,8.7,3.9,24,57.6,40963.78
Spain,21-04-2008,15,5.6,10.2,1.2,19.3,45,39617.11
Spain,22-04-2008,17.4,4.8,11.5,0,12.3,29.5,40881.37
Spain,23-04-2008,19.5,8.7,13.9,0.4,11.9,24.8,44713.59
Spain,24-04-2008,22.9,6.3,15.5,0,8.9,16.2,45257.5
Spain,25-04-2008,24.1,9.6,17.2,0,10.5,20.9,45577.67
Spain,26-04-2008,25,10.2,17.9,0,8.6,17.3,45763.3
Spain,27-04-2008,24.5,11.8,18.7,0,13.4,31,43781.88
Spain,28-04-2008,18.4,12.9,15.8,0,15.3,34.6,33272.66
Spain,29-04-2008,18.7,5.5,12.5,0,19.6,46.1,46199.69
Spain,30-04-2008,17.9,7.7,12.4,0,14.2,32.8,46110.99
Spain,01-05-2008,19.6,6.1,12.9,0,11.9,31,46527.22
Spain,02-05-2008,23.3,7,15.4,0,7.6,23,46608.64
Spain,03-05-2008,24.8,9.1,17.5,0,8.4,18.7,45759.04
Spain,04-05-2008,25.5,10.9,18.8,0.1,11.5,33.8,45076
Spain,05-05-2008,25.8,11.4,18.9,0,11.8,20.2,43873.77
Spain,06-05-2008,26.3,13.7,19.6,0,9.7,27,32889.3
Spain,07-05-2008,24,13.3,18.6,1.4,12,29.9,42337.32
Spain,08-05-2008,19.6,11.6,15.7,2.7,9.5,32.8,42573.1
Spain,09-05-2008,17.9,11.2,14.1,1.1,12.9,27.7,38763.45
Spain,10-05-2008,12.8,9.6,10.6,15.3,14.1,29.9,0
Spain,11-05-2008,18.1,9.4,13.4,0.4,14.3,32,37734.69
Spain,12-05-2008,20.3,6.9,14.5,0,9,20.9,48224.36
Spain,13-05-2008,17.9,11.1,14.3,0.2,19.9,45.7,37784.32
Spain,14-05-2008,16.8,10.3,13.6,0,17.8,39.6,43877.5
Spain,15-05-2008,17.2,7.3,13.1,0,19.5,43.9,47401.49
Spain,16-05-2008,18.4,10.2,13.8,2.7,15.5,32.8,45719.29
Spain,17-05-2008,19.2,8.7,14.4,0,8.7,24.1,48747.11
Spain,18-05-2008,17.4,7.6,13,3.3,17.1,38.9,42774.49
Spain,19-05-2008,18.6,7.9,12.9,0.9,11.9,28.8,48103.18
Spain,20-05-2008,20.3,6.8,14.3,0,10.7,23,48967.83
Spain,21-05-2008,20.4,9.7,15.1,2.3,16.6,34.6,49009.96
Spain,22-05-2008,21,9.9,16,0,15.1,33.5,48844.19
Spain,23-05-2008,18.2,12.3,15.1,5.4,20.4,57.6,13067.46
Spain,24-05-2008,16.3,8.9,12.8,0.5,19.9,49,46216.8
Spain,25-05-2008,16.2,8.1,11.9,2,15,36.4,44755.26
Spain,26-05-2008,16.8,7.8,12.1,0,17.1,40.3,49196.06
Spain,27-05-2008,17.7,8.3,13.2,0.4,15.6,32.4,49228.27
Spain,28-05-2008,17.2,8.9,13.2,0.5,17.8,43.6,49258.77
Spain,29-05-2008,16.2,9.2,13.2,0.9,19.7,45.7,37434.96
Spain,30-05-2008,19.2,10.3,14.4,1,9.5,25.9,48547.98
Spain,31-05-2008,18.1,9.9,13.7,3.1,14.5,37.4,46022.66
Spain,01-06-2008,19.7,9.8,14.5,0.5,9.2,29.5,48009.58
Spain,02-06-2008,20.7,11.4,16,0.5,12.4,34.6,48793.81
Spain,03-06-2008,20.5,8.5,15.8,0,8,19.8,49405.07
Spain,04-06-2008,23.1,12,17.6,0,11.7,23.8,35719.75
Spain,05-06-2008,20.3,11,16.1,1.9,11.6,23.8,34320.88
Spain,06-06-2008,22.7,8,15.7,0,13,27.4,49630.47
Spain,07-06-2008,22.4,9.7,16.3,0,15.1,33.1,49570.11
Spain,08-06-2008,16.4,9.5,13.6,0.7,17.9,37.1,32933.01
Spain,09-06-2008,15.3,10.5,12.9,6.4,16.3,42.5,8854.78
Spain,10-06-2008,19.6,10.3,15.3,0.1,13.8,33.8,45864.93
Spain,11-06-2008,22,10.6,16.7,0.2,11.4,28.4,47559.13
Spain,12-06-2008,23.8,12.2,18.3,0,17.6,36.4,49765.55
Spain,13-06-2008,26,9.9,19,0,12.6,30.2,49595.75
Spain,14-06-2008,27.8,10.7,20.1,0,10.9,25.6,49495.66
Spain,15-06-2008,26,14.4,20.4,0,16.3,38.5,45208
Spain,16-06-2008,22.1,13.8,17.8,4.9,21,43.6,48346.91
Spain,17-06-2008,23.6,12.1,17.5,0,8.5,23.4,48683.01
Spain,18-06-2008,27.4,10.6,19.9,0,10.5,28.8,49937.05
Spain,19-06-2008,29.9,14,23,0,12.6,32.4,49836.51
Spain,20-06-2008,31.6,14.2,23.9,0,12,27.4,49827.07
Spain,21-06-2008,31.7,17,25.1,0,11,29.5,49441.32
Spain,22-06-2008,33.4,17.2,26,0,13,26.6,49899.24
Spain,23-06-2008,29.6,17.7,24.1,3.8,16.6,43.9,38728.62
Spain,24-06-2008,27.4,16.5,21.7,4.1,10.1,29.5,41100.22
Spain,25-06-2008,31.3,15.7,24.2,0,8.9,22.3,49853.23
Spain,26-06-2008,33.1,17.6,25.8,0,14,34.9,49639.8
Spain,27-06-2008,32.7,19.4,26,0,12.6,27.7,49618.59
Spain,28-06-2008,33.2,19.4,26.8,0,12.6,25.2,49789.95
Spain,29-06-2008,34.2,18.8,27.3,0,12.2,30.2,49570.47
Spain,30-06-2008,33.9,19.1,26.8,0,13,34.9,49640.64
Spain,01-07-2008,32.9,20,27,0,14.5,36,48017.7
Spain,02-07-2008,28.6,17.6,23.6,0,26.2,60.1,39829.23
Spain,03-07-2008,26,14.8,20.6,0,12.4,28.8,49740.54
Spain,04-07-2008,30.7,14.1,23,0,15.1,36.4,49610.81
Spain,05-07-2008,31.6,17.6,24.8,0,21.4,46.8,49386.81
Spain,06-07-2008,29.1,17.1,23.7,0,16.7,40,49537.71
Spain,07-07-2008,27.3,14.1,21.5,0,11,29.2,49499
Spain,08-07-2008,30.3,12.8,22.3,0,9.6,28.4,49458.89
Spain,09-07-2008,31.8,16.8,25.2,0,14.6,38.2,49417.45
Spain,10-07-2008,32.5,16.3,25.2,0,17.6,41,49374.74
Spain,11-07-2008,30.6,16.4,23.9,0.1,20.6,46.1,48982.84
Spain,12-07-2008,25.5,17.6,21,0.9,18.9,47.5,48928.38
Spain,13-07-2008,27,12.4,20,0,14.3,27.4,49072.24
Spain,14-07-2008,29.1,15.1,22.5,0,13.8,31.7,48766.23
Spain,15-07-2008,28.7,16.6,23.2,0,8.2,30.2,48724.96
Spain,16-07-2008,30,17.3,23.5,1.4,13.2,33.5,46346.06
Spain,17-07-2008,31,17.6,24.6,0,6.1,18.7,48626.74
Spain,18-07-2008,33.9,18,26.4,0,10.9,23.4,48697.04
Spain,19-07-2008,36.3,18.7,28.7,0.3,16.7,41.4,48549.29
Spain,20-07-2008,33.5,23.8,29,0,17.3,42.8,48502.82
Spain,21-07-2008,33.7,19.7,26.9,0,14.9,29.9,48411.33
Spain,22-07-2008,34,18.5,26.6,0,14.6,32,48391.25
Spain,23-07-2008,36.3,18.9,28,0,18.4,46.8,46040.76
Spain,24-07-2008,31.9,19.8,26.7,0,18.3,46.4,48078
Spain,25-07-2008,31.4,17.6,25.1,0,14.9,37.8,47946.93
Spain,26-07-2008,31.5,19,25.3,0,15.5,39.2,47496.67
Spain,27-07-2008,32.9,18.5,26.2,0,16.1,38.9,47802.27
Spain,28-07-2008,30.7,18,25.2,0,17.6,43.2,47783.52
Spain,29-07-2008,32.2,15.9,24.9,0,13.8,36.4,47763.67
Spain,30-07-2008,32.6,19.9,26.3,0,15,36.7,47646.16
Spain,31-07-2008,33,17.8,25.8,0,14,35.3,47533.54
Spain,01-08-2008,31.7,18.8,25.9,0,7.9,20.5,46883.67
Spain,02-08-2008,33.9,19.8,27.2,0,10.5,28.1,47323.62
Spain,03-08-2008,35.3,20.8,28.2,0,9.9,28.1,47130.79
Spain,04-08-2008,36.9,20.6,29.7,0,13.2,31.7,47060.18
Spain,05-08-2008,36.2,21.1,30.5,0,18.1,42.8,46986.76
Spain,06-08-2008,35.2,21.2,28.7,0,21.4,47.5,46525.04
Spain,07-08-2008,32.3,18.9,26.8,0,14.3,34.2,46761.54
Spain,08-08-2008,31.4,17.5,24.6,0,10.7,27.7,46617.41
Spain,09-08-2008,32.9,18.1,25.7,0,15.2,34.6,46540.77
Spain,10-08-2008,34.5,18.3,27.1,0,15.3,33.1,46403.55
Spain,11-08-2008,33,19.2,26.8,0,22.9,52.9,46272.37
Spain,12-08-2008,30.2,19.1,24.6,0,19.6,47.5,46156.45
Spain,13-08-2008,29.9,15.7,23.2,0,10.8,26.6,46120.01
Spain,14-08-2008,29.5,17.3,23.5,0,15.5,37.8,46000.62
Spain,15-08-2008,27.2,13.8,20.6,0,16.5,34.9,45924
Spain,16-08-2008,27.5,15.7,21.5,1.2,15.2,36,39233.9
Spain,17-08-2008,28.3,14.9,22.2,0,9.5,28.1,45759.2
Spain,18-08-2008,31.1,17.8,24.2,0,12.5,35.3,45676.99
Spain,19-08-2008,31.2,15.7,24.1,0,13.8,35.3,45594.06
Spain,20-08-2008,30.8,16.5,23.8,0,10.5,25.2,45510.46
Spain,21-08-2008,32.8,15.2,24.9,0,13.1,32.8,40600.54
Spain,22-08-2008,31.4,19,25.5,0.7,16.5,42.5,45301.56
Spain,23-08-2008,29.2,16.2,22.5,0,16.5,35.6,45161.41
Spain,24-08-2008,31.4,15.7,24,0,10.2,27,45020.62
Spain,25-08-2008,32,16.4,24.5,0,8.8,24.5,44878.31
Spain,26-08-2008,32.4,18.5,25.4,0,13.7,29.9,44504.04
Spain,27-08-2008,31.8,19.8,25.9,0,10.2,28.1,43224.95
Spain,28-08-2008,32,18.8,25.7,0,9,24.8,43059.8
Spain,29-08-2008,32.9,17.7,25.8,0,12.3,32.8,43789.36
Spain,30-08-2008,28,17.8,23.9,0,16.6,40.7,43815.58
Spain,31-08-2008,28.7,14.4,22.1,0,9.2,26.6,43319.78
Spain,01-09-2008,29.6,14.5,22.7,0,10.7,27.4,43246.98
Spain,02-09-2008,29.7,18.4,23.9,0,17.7,42.5,43170.82
Spain,03-09-2008,27.7,16.6,22.1,0,20.1,48.6,42918.89
Spain,04-09-2008,26.6,14.4,21.1,0,21.1,52.6,42526.1
Spain,05-09-2008,24.1,16.6,19.8,0.8,28.1,60.8,40389.04
Spain,06-09-2008,24.5,16,19.3,2.4,17.8,38.2,36161.3
Spain,07-09-2008,24.8,11.3,18.5,0,7.6,24.5,42365.42
Spain,08-09-2008,29,14.4,21.1,0.2,13.8,36,41763.83
Spain,09-09-2008,28,16.5,21.7,1.1,10,27,35111.62
Spain,10-09-2008,29.8,15,22.1,0,9.6,24.5,42102.21
Spain,11-09-2008,28,17.8,22.1,0,21.4,46.1,42045.54
Spain,12-09-2008,21.2,11.7,16.8,0,14.2,36.4,41988.74
Spain,13-09-2008,22.8,8.9,16.3,0,12.4,26.6,41931.82
Spain,14-09-2008,25.4,9.2,17.6,0,13.1,24.8,41853.54
Spain,15-09-2008,28.2,9.5,19,0,6.9,19.4,41697.21
Spain,16-09-2008,28.7,12,20.7,0,9.7,27.4,41539.91
Spain,17-09-2008,27.9,14,22.1,0,12.2,33.5,39536.5
Spain,18-09-2008,26.5,17,22.1,0,16.3,40,40140.7
Spain,19-09-2008,27.4,13.8,21.2,0,6.7,20.5,41063.11
Spain,20-09-2008,28.6,15.8,22.1,0,11.7,28.8,40902.86
Spain,21-09-2008,26.4,16.8,22.1,1.5,11,32.8,38657.76
Spain,22-09-2008,23.2,15.8,18.7,4.5,10.7,35.6,37204.62
Spain,23-09-2008,22.6,13.8,18.1,1.1,5.2,22.7,39243.95
Spain,24-09-2008,22.2,13.1,17.5,0,12.2,25.2,39260.16
Spain,25-09-2008,21.6,11.6,16.3,0,14,29.5,39966.77
Spain,26-09-2008,21.5,10.3,16,0,12,28.8,39934.39
Spain,27-09-2008,19.7,11.4,15.1,0.3,11.2,26.3,30743.93
Spain,28-09-2008,19.6,9.9,15.4,0,12.8,32.8,26326.22
Spain,29-09-2008,22.7,10.4,16.5,0,6.8,22,32150.76
Spain,30-09-2008,23.6,10.4,17,0,11.5,24.1,39126.59
Spain,01-10-2008,24.3,9,16.4,0,8.9,23.4,38014.63
Spain,02-10-2008,24.5,10.6,17.4,0,13.8,32,38684.89
Spain,03-10-2008,17.4,10.1,13.7,0,17.3,37.4,38472.15
Spain,04-10-2008,17.8,4.8,11.9,0,10.5,19.1,31653.47
Spain,05-10-2008,22.1,6.3,14.5,0,10.4,28.1,38145.8
Spain,06-10-2008,23.1,7.6,16.2,0,11.1,28.4,37950.22
Spain,07-10-2008,17,10.9,14,1.8,17.3,37.8,6493.76
Spain,08-10-2008,17.9,9.4,13.4,0,14.2,29.2,33667.23
Spain,09-10-2008,20.1,8.8,13.8,0,20.7,45,36911.38
Spain,10-10-2008,24.5,13.1,17.6,0,21.4,44.6,36286.11
Spain,11-10-2008,23.2,13.3,17.4,4.2,18.9,62.3,28161.74
Spain,12-10-2008,19.9,15,16.7,33.5,11.5,38.9,17799.09
Spain,13-10-2008,20.6,13.2,16.5,1,7.2,28.8,36000
Spain,14-10-2008,21.2,12.7,16.6,0.4,5.8,23,36038.92
Spain,15-10-2008,22.3,10.9,16.5,0,6.5,16.9,36002.17
Spain,16-10-2008,22.6,12.3,17.5,0,10.5,22.3,36000.1
Spain,17-10-2008,21.2,12.5,16.3,0.8,11.3,29.5,34330.56
Spain,18-10-2008,17.8,11.4,14.6,5.7,6.7,18.7,26771.88
Spain,19-10-2008,19.1,12.8,15.3,1,8.2,22.3,29837.69
Spain,20-10-2008,20.6,11.9,16.1,0.4,8.2,21.2,19759.05
Spain,21-10-2008,18.7,13.2,15.8,0.3,6.8,26.3,21608.63
Spain,22-10-2008,14,8.1,10.6,18,20.3,45.7,0
Spain,23-10-2008,14.3,9.1,11,0,17.2,38.5,19403.89
Spain,24-10-2008,16.7,4.8,10.9,0,9.5,22.3,35435.45
Spain,25-10-2008,20.2,8.3,13.6,0,11.1,28.4,35280.01
Spain,26-10-2008,20.9,7.3,13.8,0,8.8,19.1,35124.52
Spain,27-10-2008,20.1,8.3,13.7,0,11.8,27.7,34969.11
Spain,28-10-2008,12.6,5.6,8.9,27.6,24.2,66.6,10608.69
Spain,29-10-2008,9.6,3.7,6.5,0.2,17.8,46.1,34659.09
Spain,30-10-2008,9.5,1,5.8,0.6,26.5,56.9,8242.22
Spain,31-10-2008,9.2,6.7,8.3,21.3,15.7,41.8,0
Spain,01-11-2008,9.3,4.6,7,0,12,27,21243.96
Spain,02-11-2008,11.1,5.8,7.8,0.3,12.9,33.8,19099.02
Spain,03-11-2008,10.8,2.4,6.9,0,8.9,22.7,18413.31
Spain,04-11-2008,10.5,5.1,7.6,0,12.5,29.2,30130.11
Spain,05-11-2008,12.5,3.9,7.6,0,8.7,24.1,31147.53
Spain,06-11-2008,13.8,3.4,7.6,0.3,9.7,21.2,28799.96
Spain,07-11-2008,10.8,4.1,7.4,2.6,11.3,25.9,25531.08
Spain,08-11-2008,12.9,7.7,9.7,0,8.2,15.8,31734.11
Spain,09-11-2008,14.3,3.2,8.8,0,8.4,18.7,33026.97
Spain,10-11-2008,15.1,5.2,9.8,0,8.2,20.9,32889.61
Spain,11-11-2008,13,7,9.9,0.3,9.5,18.7,3006.44
Spain,12-11-2008,12,5.9,8.3,1.1,14.1,34.2,31521
Spain,13-11-2008,11.7,2.7,6.8,0,16.2,36,32491.94
Spain,14-11-2008,13,0.6,6.7,0,16.4,35.3,32362.23
Spain,15-11-2008,14.4,1.9,7.9,0,8.8,21.6,32233.82
Spain,16-11-2008,15.2,1.1,7.1,0,8.5,22.3,32106.87
Spain,17-11-2008,15.7,1.2,7.4,0,8.9,18.4,31981.55
Spain,18-11-2008,12.7,0.3,6.3,0,6.8,18.7,30534.82
Spain,19-11-2008,13.1,5.9,8.8,0,21,51.1,31319.74
Spain,20-11-2008,12.1,0.6,6.2,0,11.5,30.2,31391.58
Spain,21-11-2008,13.7,0.2,6.7,0,9.7,19.8,31336.09
Spain,22-11-2008,13.8,7.9,10.2,0,20.2,43.2,30047.04
Spain,23-11-2008,13.4,6.3,9.3,0,14.8,32,30420.8
Spain,24-11-2008,9.3,4.6,6.6,0.2,21,55.4,29404.15
Spain,25-11-2008,7.7,1.2,4,0,18.3,39.2,30582.12
Spain,26-11-2008,7.4,-0.5,2.7,0,19.9,43.2,30813.39
Spain,27-11-2008,7.1,-3.1,1.9,0,12.6,25.2,30670.1
Spain,28-11-2008,5.9,-1.8,1.3,2.3,16,36.7,29261.81
Spain,29-11-2008,6.2,2.3,4,5.5,21.7,56.5,29408.34
Spain,30-11-2008,6.7,0.2,2.9,0,17.1,37.4,29196.36
Spain,01-12-2008,5.1,-0.4,1.8,0,10.5,29.5,28809.18
Spain,02-12-2008,6.8,-0.8,2.5,0.2,14.4,32.8,29859.97
Spain,03-12-2008,4.3,-1.4,1.9,3.8,19.1,52.9,883.25
Spain,04-12-2008,8.5,1.3,4.7,0,15.6,33.1,6171.22
Spain,05-12-2008,12.9,6.5,9.8,0,18.8,38.5,20999.37
Spain,06-12-2008,10.1,4,6.9,0.6,10.7,25.9,1376.12
Spain,07-12-2008,11.2,8.2,9.4,6.4,13.6,30.6,6431.59
Spain,08-12-2008,10.6,7.7,9,13.2,11.3,27,12636.87
Spain,09-12-2008,7.2,5.5,6.4,9.4,23.3,49,2197.3
Spain,10-12-2008,6.6,0.7,4,0,22.8,43.9,29654.29
Spain,11-12-2008,8,-1.8,2.6,0,13.2,30.2,29081.82
Spain,12-12-2008,7.9,0.3,4.5,0,7.9,18,29407.24
Spain,13-12-2008,4,-1.6,1.3,7.9,17.4,43.6,0
Spain,14-12-2008,5.1,-0.3,2.1,0,16.7,45.4,28653.38
Spain,15-12-2008,5.9,-1,2.1,0,14.8,31.3,29473.23
Spain,16-12-2008,7.6,1.9,4.7,0,20.7,36,21892.23
Spain,17-12-2008,10.3,0.1,4.8,0,8.5,21.2,28914.51
Spain,18-12-2008,10.1,0.3,4.8,0,11.2,28.1,29479.06
Spain,19-12-2008,11.4,-1.3,3.7,0,7.6,15.5,29643.66
Spain,20-12-2008,14,-1.4,4.6,0,6.9,13,29636.39
Spain,21-12-2008,15.2,-0.4,5.6,0,8.3,15.5,29633.89
Spain,22-12-2008,14.6,0.1,5.2,0,8.3,16.2,29636.42
Spain,23-12-2008,13.3,1,5.9,0,7.2,13.7,29643.93
Spain,24-12-2008,12.1,0,4.2,0,7.5,15.8,29656.18
Spain,25-12-2008,11.2,-0.3,3.7,0,8.1,13.7,29673.09
Spain,26-12-2008,6,-2.9,0.9,0,9,16.9,29263.99
Spain,27-12-2008,8,0.1,3.1,0.6,17,36.4,24912.98
Spain,28-12-2008,8,0.7,4.1,0,11.1,21.6,8563.79
Spain,29-12-2008,7.7,3.6,5.6,0.1,7,11.2,0
Spain,30-12-2008,11.9,3.6,7,0,7.4,18.7,28038.68
Spain,31-12-2008,9.3,1.9,5.4,0,9.1,18.7,359.74
Spain,01-01-2009,11.3,3,6.7,0.5,7.1,19.1,22117.17
Spain,02-01-2009,10.6,3,7,0,6.2,14,18984
Spain,03-01-2009,8.4,5.7,7.3,4.8,8.2,15.8,0
Spain,04-01-2009,8.9,3.6,6.4,0,12.1,25.9,30081.26
Spain,05-01-2009,6.2,0,2.8,0,6.5,18.4,25201.96
Spain,06-01-2009,6.7,-1.7,2.3,0,11.6,22,30210.44
Spain,07-01-2009,3,-3.4,-0.7,0,13.4,30.2,30280.37
Spain,08-01-2009,2,-3.7,-1.3,0,14.4,30.2,17803.73
Spain,09-01-2009,2.6,-3.6,-0.5,1.6,8,18,12122.35
Spain,10-01-2009,3.8,-3.1,-0.3,0.4,14.1,28.1,29685.76
Spain,11-01-2009,7.6,-2.8,1.5,0,14,28.1,30593.78
Spain,12-01-2009,7.5,-5.2,0,0,10.5,15.8,30681.6
Spain,13-01-2009,4,-0.2,1.4,1.5,6,18.4,14986.84
Spain,14-01-2009,6,-1.1,1.6,0,9.7,23,30869.73
Spain,15-01-2009,5.6,-0.6,2.2,0,7.6,17.6,27807.46
Spain,16-01-2009,8.6,-0.5,2.8,0,6.9,17.6,26707.87
Spain,17-01-2009,9.7,-1.1,3.4,0,7.9,14,31180.08
Spain,18-01-2009,10.5,1.5,5,0,11.5,25.2,31010.71
Spain,19-01-2009,9.7,6,7.7,1.6,27.7,59.8,636.53
Spain,20-01-2009,6.4,0.1,3.5,1.4,16.1,41.8,31519.42
Spain,21-01-2009,6.7,-3.1,1,0,13.6,33.1,31638.07
Spain,22-01-2009,9.4,-1,3.8,3.1,16.5,45,0
Spain,23-01-2009,13.9,9.8,11.4,0,27.3,57.6,18257.89
Spain,24-01-2009,10,4,8.2,0.4,30.3,74.5,32008.03
Spain,25-01-2009,6.6,2.6,4.2,4.8,21.9,52.6,10563.98
Spain,26-01-2009,8.5,-0.4,3.8,0,20.2,46.8,32242.23
Spain,27-01-2009,10.5,1,5.1,0,18.4,40.3,27226.51
Spain,28-01-2009,12.3,4.7,8.2,1.2,14.2,32.4,17517.25
Spain,29-01-2009,14,8,10.3,2,13.4,32.4,17348.26
Spain,30-01-2009,12,6.4,8.3,0.7,14,33.1,18699.91
Spain,31-01-2009,8.4,4.8,6.5,1.7,16.9,39.6,16823.32
Spain,01-02-2009,4.2,1.8,2.6,20.5,14,24.1,0
Spain,02-02-2009,8.5,2.6,4.8,6.1,8.4,23.8,17326.44
Spain,03-02-2009,6.6,1.2,3.5,1.1,20.4,44.6,25671.85
Spain,04-02-2009,7.4,4.2,5.2,8.6,27.9,67,3478.16
Spain,05-02-2009,7.5,3,4.8,2.9,19,40.3,19603.57
Spain,06-02-2009,4.5,1.2,2.7,2.1,21.9,53.3,16950.73
Spain,07-02-2009,6.3,-2.3,1.8,0.2,18.8,42.1,32606.21
Spain,08-02-2009,9.7,-1.7,4.1,0,18,40.7,30963.65
Spain,09-02-2009,9.8,5,7.3,0,19.7,41.8,10517.19
Spain,10-02-2009,10.7,4.5,8.5,0.2,20.7,42.1,32885.22
Spain,11-02-2009,11.4,-1,4.9,0,14.7,34.6,33840.4
Spain,12-02-2009,11.8,1.2,6.3,0,13.7,33.1,33226.5
Spain,13-02-2009,13.3,-2,5.4,0,6.5,15.5,34879.26
Spain,14-02-2009,14.4,-1.5,5.7,0,6.6,16.6,35037.09
Spain,15-02-2009,11.5,-0.1,5.6,0,10.8,21.2,35195.26
Spain,16-02-2009,11.9,2.5,6.8,0,7.9,15.5,33284.94
Spain,17-02-2009,12.6,-1.4,5,0,9.2,19.8,35511.98
Spain,18-02-2009,14.7,-1,6,0,7.4,15.1,35670.25
Spain,19-02-2009,13.7,-1.9,5.6,0,7.2,22.7,35828.27
Spain,20-02-2009,11.8,-0.1,5.6,0,10.4,25.6,24925.59
Spain,21-02-2009,14.7,0.9,7.4,0,13.7,28.1,36145.14
Spain,22-02-2009,14.4,-1.1,6.2,0,7.9,16.6,36305.45
Spain,23-02-2009,15.6,-0.1,7,0,7.2,14.8,36466.95
Spain,24-02-2009,16.5,0.1,8,0,8.2,14.8,36629.48
Spain,25-02-2009,16,2.3,8.9,0,8.4,18.7,36792.9
Spain,26-02-2009,15.8,2.6,8.9,0,8.2,21.2,36957.07
Spain,27-02-2009,17.3,1.8,9,0,8,20.5,37121.85
Spain,28-02-2009,14,3.8,8.5,0.1,8.6,23,33349.77
Spain,01-03-2009,11.9,4.4,8,0.9,17.4,40,28628.37
Spain,02-03-2009,11.4,2.4,7,0.1,8.6,20.5,35973.24
Spain,03-03-2009,10.8,4.6,7.1,1.1,16.7,33.1,12062.37
Spain,04-03-2009,8.8,4.2,6.2,1.6,26.8,70.2,17798.54
Spain,05-03-2009,7.8,1.5,4.9,7.3,33.4,83.5,38116.16
Spain,06-03-2009,11.6,3.5,7.3,0,24.3,51.8,38281.65
Spain,07-03-2009,15.6,6.9,11.1,0,14.6,33.8,38446.77
Spain,08-03-2009,19.1,1.8,9.9,0,7,18.4,38611.38
Spain,09-03-2009,17.2,1.9,9.5,0,9.9,25.6,38775.37
Spain,10-03-2009,18.3,1.7,9.7,0,8.8,18.4,38938.64
Spain,11-03-2009,20.2,1.4,10.6,0,7.2,15.8,39101.07
Spain,12-03-2009,19.4,2.7,11.2,0,8.4,20.9,39175.07
Spain,13-03-2009,20.5,5,13.3,0,9.8,16.6,39240.77
Spain,14-03-2009,21.6,3.7,13.1,0,6.4,14.8,39287.18
Spain,15-03-2009,21.3,9.7,15.2,0,12.6,28.8,39371.23
Spain,16-03-2009,22,5.8,14.5,0,11,19.4,39521.77
Spain,17-03-2009,18.2,5.4,12.2,0,15.5,34.9,39700.16
Spain,18-03-2009,19.2,3.8,12.5,0,7.4,23,39843.39
Spain,19-03-2009,20.8,5.2,13,0,8,19.1,40036.55
Spain,20-03-2009,22.3,3.6,13,0,6.4,16.6,40141.86
Spain,21-03-2009,19.8,4.1,12,0,9.9,25.9,40418.45
Spain,22-03-2009,18,6,11.9,0,15.3,32,40463.89
Spain,23-03-2009,19.3,3.3,11.8,0,10,22.3,40690.59
Spain,24-03-2009,20.4,3.9,12.5,0,14.2,30.2,40872.93
Spain,25-03-2009,20,2.3,11.7,0,10.4,24.8,41011.74
Spain,26-03-2009,21.5,3,12.1,0,9.8,22.3,41157.13
Spain,27-03-2009,22.9,4.8,14.9,0,16.1,33.8,41170.53
Spain,28-03-2009,17.5,5.4,11.2,1.9,24.8,56.9,35512.14
Spain,29-03-2009,13.3,4.2,8,0,25.2,56.9,33761.01
Spain,30-03-2009,13.1,2.9,7.7,0,22,45.4,32296.86
Spain,31-03-2009,13.5,1.5,7.7,0,9.2,24.8,38739.91
Spain,01-04-2009,16.1,0.9,8.5,0,8.1,25.6,38586.06
Spain,02-04-2009,16.5,2.1,9.6,0,7.1,23.8,41912.37
Spain,03-04-2009,20.5,3.1,11.9,0,9,24.1,42168.71
Spain,04-04-2009,22.1,4.2,13.5,0,11.1,24.1,42354.47
Spain,05-04-2009,22.2,6.3,14.9,0,16.3,39.6,42634.25
Spain,06-04-2009,20.8,9.4,15,0.1,21.4,52.2,42194.67
Spain,07-04-2009,14.5,7.6,11.3,0.4,17.7,42.1,43135.82
Spain,08-04-2009,19,3.4,11.1,0,9.3,20.2,42957.58
Spain,09-04-2009,20.1,5.6,13.2,0,18,43.2,41963.57
Spain,10-04-2009,13.7,5.5,9.2,4.4,18.3,49,40529.84
Spain,11-04-2009,12.5,2,7.6,0.4,20.7,50,43373.89
Spain,12-04-2009,13.8,1,8,0,18.4,41,43806.69
Spain,13-04-2009,18.2,1.3,10.1,0,13.8,33.8,44338.91
Spain,14-04-2009,13.7,6.7,10.1,0.9,16.4,48.2,33432.33
Spain,15-04-2009,12.5,4.8,8.1,2.6,21.4,56.9,39551.34
Spain,16-04-2009,11.9,4.9,8.2,0.1,23.2,59.8,43989.03
Spain,17-04-2009,13.9,3.4,8.7,0.5,13.8,34.9,43467.93
Spain,18-04-2009,15.2,3.6,8.9,6.5,15,37.8,42765.91
Spain,19-04-2009,16.9,5,10.5,0.5,15.9,38.2,44933.66
Spain,20-04-2009,18.3,3.6,11.2,0.4,15.5,34.2,45174.48
Spain,21-04-2009,19.9,2.9,11.9,0,14.1,33.1,45233
Spain,22-04-2009,21.2,2.7,12.9,0,10.7,29.9,45329.68
Spain,23-04-2009,24,4.8,15,0,10.4,25.6,45432.88
Spain,24-04-2009,24.3,10.4,18.4,0,16.3,38.2,45409.07
Spain,25-04-2009,19.1,8.8,14,0.5,19.4,48.6,44792.93
Spain,26-04-2009,14.1,6.4,10,1.7,15.5,36,45393.39
Spain,27-04-2009,17.6,4.5,11.2,0,18.1,41,35361.98
Spain,28-04-2009,18.1,9.4,13.1,0,16.2,40.7,45643.89
Spain,29-04-2009,21,6.3,13.6,0,15.9,36.4,45873.12
Spain,30-04-2009,16.4,7,12.4,0,15.2,36.4,27411.02
Spain,01-05-2009,19.3,8.1,13.1,0,17.8,43.2,46076.83
Spain,02-05-2009,22,6.2,14.4,0,14.1,32,46591.95
Spain,03-05-2009,24.5,7.5,16.6,0,9.3,22,46766.37
Spain,04-05-2009,25,10.8,18.1,0,17.8,35.6,46946.04
Spain,05-05-2009,25.8,10,18.1,0,15.2,34.2,47233.08
Spain,06-05-2009,27.8,11.5,20.4,0,12.8,31,47319.29
Spain,07-05-2009,27.9,13.4,21.5,0,16.1,40,47512.09
Spain,08-05-2009,27.3,13.3,20.9,0,15.7,40.7,44050.17
Spain,09-05-2009,25,13.7,19,0.8,22.7,45.4,33664.95
Spain,10-05-2009,22.5,10.7,16.6,1.5,17.4,44.6,46926.51
Spain,11-05-2009,21.6,10.8,16.5,1,22.4,56.2,48079.85
Spain,12-05-2009,22.1,11,16.4,0,14,36.7,46916.7
Spain,13-05-2009,22.6,8.8,16.2,0,18.2,38.9,48299.62
Spain,14-05-2009,20.4,10,15.6,0,18.6,44.6,47408.05
Spain,15-05-2009,21.8,7.7,14.8,0,10.7,25.9,48513.28
Spain,16-05-2009,24.4,9.2,17.2,0,19.4,44.6,48617.56
Spain,17-05-2009,23.3,10.7,17.9,0,20.9,51.1,48255.91
Spain,18-05-2009,24.2,9,17.2,0,13,36.7,48820.55
Spain,19-05-2009,27.1,11.4,19.7,0,12.3,31,48911.26
Spain,20-05-2009,30.9,12.9,22.9,0.5,15.1,38.5,48956.02
Spain,21-05-2009,29.7,15.5,23.2,0,12.6,32,47689.63
Spain,22-05-2009,30.1,19.1,24.2,1.2,12.6,32,47797.38
Spain,23-05-2009,21,14.3,17.4,10.1,15.7,31.7,37161.46
Spain,24-05-2009,20.9,13,16.5,0.7,14.5,38.9,48151.52
Spain,25-05-2009,20.7,11.6,16.2,0,16.4,40.3,47991.07
Spain,26-05-2009,22.7,9.9,16.5,0,17,35.6,49190.13
Spain,27-05-2009,24.9,9.6,17.3,0,16.4,36.7,49224.67
Spain,28-05-2009,27.5,11.7,19.9,0,16.5,32.8,49254.27
Spain,29-05-2009,28.8,11.2,21,0,8,25.6,49283.59
Spain,30-05-2009,29.8,14.9,23.2,0,16.8,32.8,46586.53
Spain,31-05-2009,30.2,14.9,23.3,0,8.7,27.4,49336.54
Spain,01-06-2009,31.3,13.4,23.3,0,8.7,23.4,49360.04
Spain,02-06-2009,31,14.7,23.8,0,9.6,22.3,49381.54
Spain,03-06-2009,31.3,17.3,24.6,0,16,35.6,49401.04
Spain,04-06-2009,27.2,16.6,22.6,0.1,17.4,41,32461.84
Spain,05-06-2009,22.4,13.7,18.3,1.2,24.1,54.7,49434.21
Spain,06-06-2009,19.9,10.8,14.9,2.1,21.1,51.8,49447.95
Spain,07-06-2009,19.7,9.7,15.4,0,17.1,40.3,39750.98
Spain,08-06-2009,18.8,13.2,15.9,0.6,27.8,73.1,43525.2
Spain,09-06-2009,23.3,9.8,16.5,0,15.3,39.6,49502.82
Spain,10-06-2009,27.7,12.3,20.1,0,16.9,42.8,49667.67
Spain,11-06-2009,30.8,13.7,23.1,0,9.2,27.7,49755.9
Spain,12-06-2009,34.3,15.3,25.6,0,12.6,31.7,49677.06
Spain,13-06-2009,36.2,18.7,27.8,0,14.5,34.9,45893.97
Spain,14-06-2009,34.9,21.5,27.9,0.5,19.6,41.8,36000
Spain,15-06-2009,30.8,20.3,25.8,0,16.7,31,46800
Spain,16-06-2009,25.7,20.3,22.6,4,17.1,34.2,21404.66
Spain,17-06-2009,31.7,16.5,24.5,0,9.7,27,49760.48
Spain,18-06-2009,34,17.5,26.4,0.3,11,32.4,46966.86
Spain,19-06-2009,33,20,27.3,2.8,12.4,34.9,49147.52
Spain,20-06-2009,32.3,19,25.9,0,17.9,36.7,49927.8
Spain,21-06-2009,31.4,15,23.5,0,18.9,39.6,50013.49
Spain,22-06-2009,33.8,15.9,25.1,0,11.9,25.6,49436.4
Spain,23-06-2009,33.3,16.9,26.1,0,18.7,45,49892.96
Spain,24-06-2009,30.7,17,25,0,20.6,51.1,49973.43
Spain,25-06-2009,27.3,16.1,22.7,0.1,19.5,48.6,49761.91
Spain,26-06-2009,26.8,15.2,21.6,0,14.8,38.5,49838.59
Spain,27-06-2009,28.7,14,22.4,0,15,39.2,49913.73
Spain,28-06-2009,28.7,15.9,22.9,0,19.1,45,49403.66
Spain,29-06-2009,31.1,16.8,24.8,0,14.1,36.7,49293.31
Spain,30-06-2009,32.8,18.1,26.3,0,14.8,39.2,49642.61
Spain,01-07-2009,33.7,19.4,27.5,0,17.1,43.2,49807.39
Spain,02-07-2009,33.9,18.8,27.5,0,17.7,41.4,49583.84
Spain,03-07-2009,33.5,18.9,27.1,0.1,20.4,48.6,49648.23
Spain,04-07-2009,32,18.5,26.2,0,18.9,46.1,49710.13
Spain,05-07-2009,31.8,16.8,25.1,0,18.1,39.6,45514.43
Spain,06-07-2009,30.8,17.2,24.8,0,13.6,35.3,49544.3
Spain,07-07-2009,30.6,17.8,24.6,0,9.2,25.6,49240.32
Spain,08-07-2009,31,16.7,24.3,0,16.8,40.7,49194.21
Spain,09-07-2009,32,18.9,25.6,0,16.5,39.6,49158.53
Spain,10-07-2009,33.3,19.2,26.6,0,13.5,33.1,48786.73
Spain,11-07-2009,33.6,19.5,27.2,0,16.1,41,49259.25
Spain,12-07-2009,34.1,19.1,27.3,0,16.2,41,49216.67
Spain,13-07-2009,34.7,21.8,28.4,0,19.4,47.9,49088.4
Spain,14-07-2009,31.6,18.6,25.9,0,16.5,41.4,49044.23
Spain,15-07-2009,31.7,17.1,24.7,0,11,31.3,48998.48
Spain,16-07-2009,33.3,21.4,27.2,0,22.2,49.7,48873.55
Spain,17-07-2009,26.9,18.3,23,0,18.5,41,48902.36
Spain,18-07-2009,29.9,14,21.9,0,15.9,30.2,48779.36
Spain,19-07-2009,32.8,17,24.9,0,10.6,27.4,48558.05
Spain,20-07-2009,32.3,17.3,26,0,14.5,47.2,44664.29
Spain,21-07-2009,36.2,18.5,28.6,0.2,24.8,69.1,47541.63
Spain,22-07-2009,32.7,22.2,27.8,0,27,60.1,47803.67
Spain,23-07-2009,28.5,19.6,23.9,0,24,54,47331.14
Spain,24-07-2009,30.5,15.6,23.6,0,11.6,30.6,48236.2
Spain,25-07-2009,34.2,17.4,25.7,0,13.8,31.3,48171.3
Spain,26-07-2009,36.7,18.4,28.8,0,18.3,43.6,48039.04
Spain,27-07-2009,34.8,19.4,28.2,0,13.3,36.7,47911.5
Spain,28-07-2009,34.3,17.5,26.6,0,14.8,39.2,47787.29
Spain,29-07-2009,34.5,18.5,27.3,0,18.7,47.9,47768.1
Spain,30-07-2009,33.9,17.8,26.4,0,11.5,29.5,47650.77
Spain,31-07-2009,34.1,17.6,27,0,15.9,37.1,47538.04
Spain,01-08-2009,29.5,18.4,23.8,3,21.3,56.9,47430.12
Spain,02-08-2009,29.4,14.8,22.7,0,9.5,28.4,47150.93
Spain,03-08-2009,32.1,16.7,25,0,8.7,26.3,46800
Spain,04-08-2009,34.3,17.7,26.6,0,11.6,32.8,47078.02
Spain,05-08-2009,35.1,18.9,27.9,0,14.1,39.6,47003.62
Spain,06-08-2009,33.3,22.1,27.9,0,16.4,42.1,46852.2
Spain,07-08-2009,32.5,19.8,26.5,0,11.2,33.5,46192.38
Spain,08-08-2009,32,19.3,25.8,0.2,10.2,29.9,46564.56
Spain,09-08-2009,28.4,19.1,23.3,1.1,19.7,43.6,42299.68
Spain,10-08-2009,30.5,18.4,23.3,0.1,17.7,46.1,43745.46
Spain,11-08-2009,30.9,17.9,24.4,0,10.3,28.4,46247.02
Spain,12-08-2009,32,19,26.2,0,6.8,22.3,46171.78
Spain,13-08-2009,33.1,19.5,26.8,0.1,11.3,27.4,46095.54
Spain,14-08-2009,33.4,19.6,26.9,0,6.7,22,46018.41
Spain,15-08-2009,34.1,19.7,27.7,0,7.1,23.4,45940.43
Spain,16-08-2009,35.1,18.9,28.2,0,10,26.3,45861.68
Spain,17-08-2009,35.5,19.1,28.6,0,10.8,29.2,45782.23
Spain,18-08-2009,35.8,21.3,28.7,0,11.6,34.6,45702.13
Spain,19-08-2009,35.4,19.4,28,0,10,26.3,45621.11
Spain,20-08-2009,35.1,19.2,28,0,14.6,36.7,45538.5
Spain,21-08-2009,34.7,18.8,27.2,0,13.8,33.1,45454.36
Spain,22-08-2009,35.5,20,28.1,0,12.1,33.5,45341.67
Spain,23-08-2009,36,19.1,28.6,0,14.4,37.8,45199.82
Spain,24-08-2009,32.2,21.9,27.4,0,20.9,50.8,38894.83
Spain,25-08-2009,29.5,20.3,25,0.1,10,32.8,44478.81
Spain,26-08-2009,31.1,18,24.9,0,10.2,28.4,44766.75
Spain,27-08-2009,33.5,16.7,25.8,0,10.5,29.5,44620.24
Spain,28-08-2009,34.7,17.4,26.7,0,8.9,24.1,44462.54
Spain,29-08-2009,33.5,19.1,26.3,0,18.9,47.2,44029.25
Spain,30-08-2009,34.5,20.6,27.9,0,12.4,26.3,44047.88
Spain,31-08-2009,34.4,19.2,27.1,0,15.3,40.3,43128.96
Spain,01-09-2009,31,21.1,26.3,0,16.5,43.6,42968.73
Spain,02-09-2009,30.9,19.5,25.2,0,16.8,43.6,42563.26
Spain,03-09-2009,31.8,15.6,24.2,0,8.4,27.4,42933.46
Spain,04-09-2009,31.1,16.5,24.3,0,18.4,37.4,42780.8
Spain,05-09-2009,29.8,16.2,22.7,0,20.4,48.6,42485.71
Spain,06-09-2009,31.1,20.5,25.1,0.1,13.2,34.6,39379.73
Spain,07-09-2009,31.6,19.7,25.7,0,9.5,25.6,42283.31
Spain,08-09-2009,30.4,19.5,25.3,0,8.4,22.3,42227.13
Spain,09-09-2009,30.3,19.2,25,0,7.3,21.2,41905.31
Spain,10-09-2009,30.5,17.1,24.6,0,8.4,24.1,42114.43
Spain,11-09-2009,28.5,17,23.8,0,10,26.3,42057.88
Spain,12-09-2009,28.4,17.6,22.9,0.1,12,25.6,42001.17
Spain,13-09-2009,27.5,17,21.6,1.1,12.1,34.2,41557.62
Spain,14-09-2009,25.8,14.1,20.2,0,19.6,41.4,41887.29
Spain,15-09-2009,23,11.7,17.1,0,21,44.6,41732.54
Spain,16-09-2009,20.6,10.1,15.3,2.6,14,33.1,40409.49
Spain,17-09-2009,15.9,10.8,12.8,7.3,8,34.2,19751.39
Spain,18-09-2009,18.9,8.2,13.8,0.2,18.4,40,40289.52
Spain,19-09-2009,22.1,10.4,15.9,0,10.1,25.6,40186.48
Spain,20-09-2009,22.5,10.1,16.9,0,10.7,25.2,38659.2
Spain,21-09-2009,22,9.9,16.7,0,13.8,30.6,35936.38
Spain,22-09-2009,25.1,11.5,18.2,0,12.6,26.3,39242.42
Spain,23-09-2009,25.6,14.5,20.2,0,19.6,48.2,32776.24
Spain,24-09-2009,27,13.7,20.5,0,7.6,22.3,40293.53
Spain,25-09-2009,27.6,12.8,20.5,0,8.2,20.2,40133.72
Spain,26-09-2009,27.2,14.6,20.6,0,14.6,31.7,39974.29
Spain,27-09-2009,25.7,13.8,19.7,0,8.8,21.2,39639.89
Spain,28-09-2009,24.3,12.7,19.1,0,17.6,39.6,31564.13
Spain,29-09-2009,23.1,15.5,17.9,3,14.3,33.5,19616.75
Spain,30-09-2009,21.3,14.6,17.2,1.9,7.6,22.3,33111.35
Spain,01-10-2009,23.3,13,18,0,5.4,20.5,37569.91
Spain,02-10-2009,25.6,12.2,18.5,0,7.6,23.4,38624.28
Spain,03-10-2009,25.6,10.8,18,0,9.2,23.8,38504.38
Spain,04-10-2009,26.3,12.7,19.5,0,11.8,30.6,36000
Spain,05-10-2009,27.3,14,21.9,0,14.2,35.3,36535.1
Spain,06-10-2009,27.4,15.1,21.3,0,15.2,39.6,37263.53
Spain,07-10-2009,23.4,15.5,19.5,1.5,19.4,57.6,26207.72
Spain,08-10-2009,22.2,14.8,18,0.3,12.3,31.7,30581.99
Spain,09-10-2009,22.8,12.8,18.1,0,8.8,19.8,36026.88
Spain,10-10-2009,25.1,10.9,18,0,9,17.6,36202.55
Spain,11-10-2009,25.9,12.1,19.2,0,8.6,25.2,36421.11
Spain,12-10-2009,26.2,10.9,18.5,0,14.8,34.6,36458.02
Spain,13-10-2009,23.9,10.7,17.1,0,13.7,31.7,36139.62
Spain,14-10-2009,25.4,10.2,17.6,0,7.9,18,36237.55
Spain,15-10-2009,23.8,9.1,16.3,0,13.3,30.6,36180.27
Spain,16-10-2009,19,4.5,12.7,0,13.7,33.8,36119.83
Spain,17-10-2009,22.9,6.1,13.8,0,7.3,16.2,36044.49
Spain,18-10-2009,22.3,4.8,13.5,0,9.7,18,36013.37
Spain,19-10-2009,20.7,7.9,13.5,0,12.8,31.3,36000
Spain,20-10-2009,14.9,11.5,13.1,12.6,18.9,48.6,0
Spain,21-10-2009,14.1,7.7,10.7,6.2,24.1,54,29496.95
Spain,22-10-2009,16.1,9.1,12.5,14,25.5,78.1,35790.36
Spain,23-10-2009,20.5,7.8,13.1,0,8.9,24.1,35631.64
Spain,24-10-2009,21.9,11.5,16,0,7.6,19.8,35473.06
Spain,25-10-2009,21.9,10.9,16.2,0,5.8,13.7,35314.75
Spain,26-10-2009,22.5,12.3,16.6,0,8.4,20.2,35156.87
Spain,27-10-2009,22.8,11.2,16.7,0,5.9,17.3,34999.54
Spain,28-10-2009,22.6,10.8,16.1,0,6,17.6,34842.94
Spain,29-10-2009,23.4,11.9,17.3,0,7.8,23.4,33080.04
Spain,30-10-2009,23.7,11,17.9,0,8.9,25.6,34532.5
Spain,31-10-2009,23.5,10.5,17,0,7.3,14,34378.99
Spain,01-11-2009,23.9,12,17.3,0,12.7,30.6,34081.38
Spain,02-11-2009,16.7,10.8,14.4,0,15.2,35.3,33518.05
Spain,03-11-2009,20,7.8,12.8,0,13.1,30.6,33927.28
Spain,04-11-2009,16.2,8.9,11.9,0,19.8,44.6,32947.11
Spain,05-11-2009,12.5,7.9,9.5,0,23,59,33412.52
Spain,06-11-2009,13.3,6.8,10,0,12.9,29.5,5554.78
Spain,07-11-2009,14.2,8.8,12.1,0,27.6,57.6,33351.92
Spain,08-11-2009,13.2,7.6,9.6,0,27.1,58.3,33212.1
Spain,09-11-2009,13.4,6.2,9.3,0,21.8,44.3,33072.98
Spain,10-11-2009,16.3,6.4,10.5,0,15.4,30.2,29334.71
Spain,11-11-2009,17.5,6.1,11,0,8.7,24.1,30822.58
Spain,12-11-2009,17.1,6.8,11.1,0,10.4,28.8,31645.73
Spain,13-11-2009,17.1,8.7,11.9,0,14.1,32.8,31182.66
Spain,14-11-2009,14.4,9.3,11.8,0,16.1,31.7,11245.65
Spain,15-11-2009,17.8,11.1,13.7,0.2,22.1,47.2,29460.9
Spain,16-11-2009,19.2,10.5,13.8,0,18.1,43.9,27208.18
Spain,17-11-2009,19.2,10.4,14.6,0,10.6,30.2,29961.42
Spain,18-11-2009,19.1,7.9,12.8,0,8,15.1,27042.77
Spain,19-11-2009,18.1,7.4,12,0,7.2,18.4,30747.54
Spain,20-11-2009,17,8.9,11.9,0,9,25.9,31557.98
Spain,21-11-2009,16.9,7.2,11.4,0,17.2,39.2,28800
Spain,22-11-2009,14.9,7.9,12,0,11.4,29.5,30603.69
Spain,23-11-2009,15.4,6.2,9.8,0,7.7,18.7,31030.83
Spain,24-11-2009,15.6,3,8.8,0,7.1,16.2,31143.76
Spain,25-11-2009,12.4,4.9,9.2,0,12.1,28.1,21521.43
Spain,26-11-2009,11.6,8.2,9.6,0.5,7.4,18.7,11891.32
Spain,27-11-2009,12.3,4.8,8.8,0,13.7,30.2,27053.19
Spain,28-11-2009,9.6,3.9,6.3,0,17.8,38.2,17791.28
Spain,29-11-2009,8,3.3,6.8,11.6,25.1,56.2,11397.43
Spain,30-11-2009,8.3,0.7,4.1,0.2,19.5,41,29660.89
Spain,01-12-2009,8.1,0.7,4.7,0.1,11.9,26.3,13459.31
Spain,02-12-2009,10.7,6.6,8.5,0.3,17.6,37.8,1356.22
Spain,03-12-2009,11.2,5.1,8.2,2.2,18.3,38.5,29288.3
Spain,04-12-2009,11.9,3.5,6.4,0,7.4,17.3,29706.73
Spain,05-12-2009,10.5,1.6,5.3,0,8.1,20.2,28909.55
Spain,06-12-2009,11,5,7.8,0,15.6,32.4,19191.31
Spain,07-12-2009,10.8,8.1,9.1,3,16.5,35.3,0
Spain,08-12-2009,12,7.3,9.4,0,9.2,23.8,28197.64
Spain,09-12-2009,11.9,3.9,7.5,0,6.3,14.4,29653.45
Spain,10-12-2009,14.3,0.8,6.7,0,7.2,20.2,29561.93
Spain,11-12-2009,14.2,3.2,7.9,0,8.4,12.6,29645.75
Spain,12-12-2009,14.6,0.4,6.5,0,6.8,13.3,29692.65
Spain,13-12-2009,7,1.1,3.4,0,17.6,38.2,29743.95
Spain,14-12-2009,5.8,-0.1,1.8,0.1,21.1,46.4,26100.12
Spain,15-12-2009,5,-1.1,1.2,0,11.5,30.2,29478.8
Spain,16-12-2009,2.2,-0.9,0.8,2.8,7.3,18.7,4130.97
Spain,17-12-2009,10.8,1.8,5.8,0,20.3,46.1,18312.89
Spain,18-12-2009,5.8,-0.3,3,0,14.2,28.8,20964.09
Spain,19-12-2009,4.1,-3.6,-0.1,0,16.3,34.6,29648.15
Spain,20-12-2009,3.3,-3.7,-0.8,0,7.2,17.6,29641.66
Spain,21-12-2009,8.1,-2.2,2,16.9,21.1,43.6,769.68
Spain,22-12-2009,9.5,6.7,8,4.7,20.7,50.8,4752.95
Spain,23-12-2009,11.7,4.6,7.9,20,35,81,17764.72
Spain,24-12-2009,12.2,8.1,10.6,15,28.8,69.1,18975.18
Spain,25-12-2009,7.7,2.8,5.4,1.7,13.6,32,20616.17
Spain,26-12-2009,8.5,4.2,6.6,6.7,15.8,30.2,1101.63
Spain,27-12-2009,7.6,-0.2,3.2,0.8,9,37.1,21045.23
Spain,28-12-2009,12.4,1.8,6.2,3.2,22.1,45,0
Spain,29-12-2009,14.6,11,13,16.6,26.7,67,3384.43
Spain,30-12-2009,11.7,7.7,10,1.3,27.1,71.3,29012.4
Spain,31-12-2009,8.7,4.2,6.9,5.1,27.7,58,16741.85
Spain,01-01-2010,8.2,2.8,4.9,0.1,29.7,60.5,17406.5
Spain,02-01-2010,6.8,1.3,4.5,0,8,16.2,14068.18
Spain,03-01-2010,7.7,2.6,5.5,3.2,6.6,27.4,6271.64
Spain,04-01-2010,9.1,6.5,7.4,10.7,7.6,18.7,0
Spain,05-01-2010,10.3,6.1,7.6,2.1,7.6,20.9,22976.84
Spain,06-01-2010,6.7,1.8,4.5,0,14,27.4,29743.23
Spain,07-01-2010,2.9,0.3,1.8,9.7,20.9,43.9,0
Spain,08-01-2010,2.3,-1.7,0.2,0,30.2,60.5,30327.18
Spain,09-01-2010,2.5,-2.4,-0.6,0,16.1,39.6,30405.07
Spain,10-01-2010,2.7,-3.9,-1,2,7,19.4,21046.32
Spain,11-01-2010,4,-2.9,-0.3,1.4,9.2,19.1,30573.2
Spain,12-01-2010,5.8,-1.4,2,9.9,9,27,0
Spain,13-01-2010,7.1,1,4.1,6.4,20.5,43.9,0
Spain,14-01-2010,9.3,6.1,8,0.3,27.5,59,29634.37
Spain,15-01-2010,9.5,1.1,5,0,10.2,29.2,24382.28
Spain,16-01-2010,10.1,3.9,6.8,0.9,10.2,29.5,1032.62
Spain,17-01-2010,12,8.4,9.9,1,14,27.4,318.95
Spain,18-01-2010,11.5,4.8,8.1,0,9.7,19.1,21254.35
Spain,19-01-2010,11.3,8.2,9.7,1.8,17,36.4,9659.7
Spain,20-01-2010,11.7,5.3,7.7,0,12.3,29.5,26413.53
Spain,21-01-2010,9.9,1.3,5.5,0,7.4,16.2,25593.58
Spain,22-01-2010,11.2,0.2,5.7,0,6.6,15.5,31731.81
Spain,23-01-2010,11.2,4.7,7.4,0.1,10.1,23.8,30458
Spain,24-01-2010,10.7,4.2,6.9,0,12.1,28.8,29515.32
Spain,25-01-2010,8.1,2,5.4,0,15.5,34.2,32097.3
Spain,26-01-2010,9.7,1.4,4.6,2.4,24,52.9,32217.98
Spain,27-01-2010,3.6,0.6,2.1,0,26.6,56.2,18690.5
Spain,28-01-2010,8.8,-2,2.3,0,12.7,28.8,32377.33
Spain,29-01-2010,9.7,-0.5,3.9,0,14.6,32,32400
Spain,30-01-2010,9.7,2,5.5,0,16.6,34.6,32400
Spain,31-01-2010,9.4,0.2,4.9,0,15.5,36.4,31633.34
Spain,01-02-2010,8.3,-0.6,3.6,0,10.8,26.6,32476.8
Spain,02-02-2010,9.2,-2.2,2.8,0,6,18,32604.09
Spain,03-02-2010,11.2,-1.7,4,0,6,15.8,32585.22
Spain,04-02-2010,9.3,4.1,6.5,1.5,18.7,38.5,6719.54
Spain,05-02-2010,11.3,5.8,8.6,0.8,21.2,47.9,32442.18
Spain,06-02-2010,12.4,3.6,7.6,0,12.3,28.1,32605.46
Spain,07-02-2010,10.8,0.9,5.8,0,7.1,16.6,12570.8
Spain,08-02-2010,10.1,5.3,7,6,9.6,31.3,10977.48
Spain,09-02-2010,9.6,1.8,5.2,0,15.1,35.3,32999.04
Spain,10-02-2010,7.1,-1.9,2.5,0,6.4,17.3,21673.62
Spain,11-02-2010,4.8,-3.7,1.1,0,21.1,46.1,33649.51
Spain,12-02-2010,6.3,-3.6,0.7,0,11.8,22,32426.72
Spain,13-02-2010,6.2,-2,1.4,0,15.3,34.2,33783.14
Spain,14-02-2010,4.9,-3.7,0.3,0,11.4,22,32959.11
Spain,15-02-2010,3.3,-1.8,1.2,10.8,14.1,31.3,0
Spain,16-02-2010,7,1.2,3.7,21.5,12,36.7,0
Spain,17-02-2010,8.8,5.7,6.7,5.2,20.5,42.5,15970.56
Spain,18-02-2010,8.5,3.8,5.7,2.1,11.2,24.5,11111.37
Spain,19-02-2010,8.8,1.3,4.9,3,14.6,31,25833.76
Spain,20-02-2010,8.2,-1.6,2.7,0.1,14.3,36,35941.73
Spain,21-02-2010,8.4,0.8,3.9,5,7.7,26.3,1018.23
Spain,22-02-2010,11.6,6.2,8.4,3.9,25.9,59.4,19585.04
Spain,23-02-2010,11.1,7.1,8.4,0.5,26.7,64.1,27587.94
Spain,24-02-2010,11.9,6.4,8.8,0,27,59,29895.13
Spain,25-02-2010,12.8,7.6,9.5,2.6,28.8,73.1,8959.91
Spain,26-02-2010,11.5,4.2,8.1,0,15.8,35.6,35036.66
Spain,27-02-2010,18.7,6.9,11.9,7.8,39.3,89.6,24307
Spain,28-02-2010,11.6,4.4,8.3,0,31.6,69.1,36793.74
Spain,01-03-2010,11.4,5.3,7.6,1.6,19.4,41,35883.18
Spain,02-03-2010,14.6,2.1,7.9,0.2,17.3,38.9,35105.94
Spain,03-03-2010,12,5.3,7.9,6.6,18,40.7,21300.81
Spain,04-03-2010,13.5,2.2,8.1,0,12.2,24.8,30789.5
Spain,05-03-2010,10.1,5,7.4,10.2,18.7,41.8,15204.25
Spain,06-03-2010,6.7,1.8,3.8,19.4,15.3,38.2,0
Spain,07-03-2010,10.5,3.1,6.2,2.6,10.9,29.2,19441.42
Spain,08-03-2010,6.3,-0.2,3.1,1.9,17,37.8,38562.04
Spain,09-03-2010,8,-1.4,2.6,0,20.1,41.8,38725.09
Spain,10-03-2010,6.6,-2,2,0,15,37.1,38888.75
Spain,11-03-2010,7.3,-2.5,2.1,0,8.1,19.1,31665.43
Spain,12-03-2010,6.8,-2.6,2.4,0,11,26.3,32357.84
Spain,13-03-2010,10.3,-2.3,3.8,0,9.3,29.2,39223.04
Spain,14-03-2010,11.5,-2.2,4.4,0,13.1,29.9,39294.55
Spain,15-03-2010,14.2,-2.4,5.5,0,9.2,16.2,39427.69
Spain,16-03-2010,15.3,-0.6,7.5,0,7.7,22.7,39547.59
Spain,17-03-2010,15.6,0.4,8.6,0,10.7,24.5,39679.6
Spain,18-03-2010,17,4.1,10.1,0,11.4,34.6,28408.32
Spain,19-03-2010,15.5,7.3,11.8,1.2,15,34.9,10019.7
Spain,20-03-2010,17.1,9.1,12.8,0,29,60.8,20911.31
Spain,21-03-2010,16.8,5.6,11.8,0,10.8,32.8,38087.89
Spain,22-03-2010,17.1,6.5,11.8,0.3,8.1,22.7,39850.83
Spain,23-03-2010,16.7,5.8,12,0,7.3,29.5,23293.71
Spain,24-03-2010,16.8,7,11.3,2.1,17.6,47.9,38369.07
Spain,25-03-2010,10,6.9,8.6,6.1,25.5,55.1,12092.48
Spain,26-03-2010,11,2.8,7.1,0,23.5,51.8,38762.85
Spain,27-03-2010,15.1,5.6,9.8,0,15.3,33.8,37670.57
Spain,28-03-2010,17.4,3,10.7,0.4,9,22.3,39800.34
Spain,29-03-2010,13,6.2,9.9,0.5,29.1,61.2,33920.48
Spain,30-03-2010,13.2,5.4,9,1,26.4,67.3,33965.05
Spain,31-03-2010,13.2,2.2,8.4,0,20.3,47.2,41621.26
Spain,01-04-2010,12.7,3.7,8.4,0,9.7,27,41106.39
Spain,02-04-2010,15.2,1.7,8.3,0,13.5,36,42115.14
Spain,03-04-2010,12.3,3.1,7.6,3.5,15,34.2,17979.74
Spain,04-04-2010,14.2,1.1,7.5,0,8.4,25.2,42581.95
Spain,05-04-2010,16.9,2,9.1,0,12.1,27.4,42436.86
Spain,06-04-2010,17.8,2.9,10.6,0,8.5,20.5,42107.28
Spain,07-04-2010,16.3,7.9,11.7,1,17.5,37.4,42824.75
Spain,08-04-2010,18.4,1,10.3,0,11.2,25.2,43327.28
Spain,09-04-2010,17.3,4.1,10.9,0,12.2,30.2,43645.9
Spain,10-04-2010,19.7,3.8,12.4,0,13.4,34.2,43767.42
Spain,11-04-2010,20.4,5,13.3,0,8.4,23.4,43886.39
Spain,12-04-2010,17.8,5.4,11.4,1.8,18.2,38.9,36909
Spain,13-04-2010,10.8,4.8,7.7,6.8,18.2,41.4,7055.8
Spain,14-04-2010,13.2,6.8,9.4,14.8,12.9,32.8,16626.04
Spain,15-04-2010,15.6,8,11,10.3,11.5,29.2,31883.88
Spain,16-04-2010,17.5,7.1,11.7,4,12.2,28.8,34992.23
Spain,17-04-2010,13.9,8.5,10.3,11.7,7.8,20.9,16546.71
Spain,18-04-2010,15.2,7.3,10.6,5.4,12.7,31.7,42857.67
Spain,19-04-2010,16.2,7.8,11.6,0.4,9.1,23,38821.94
Spain,20-04-2010,19.9,5.4,13.3,0,6.6,21.2,43354.43
Spain,21-04-2010,20.4,7.6,14,1.1,7.9,23.4,41596.7
Spain,22-04-2010,18.7,9.9,14,6,13.2,26.6,43259.01
Spain,23-04-2010,19.5,8.4,14,0.2,7.4,19.8,45139.57
Spain,24-04-2010,20.2,9.1,15.5,0,9.8,27.4,45396.48
Spain,25-04-2010,23,9.3,17.4,0,6.5,17.6,45455.36
Spain,26-04-2010,24,9.9,17.8,0,9.3,18.7,45670.06
Spain,27-04-2010,26,10.3,18.9,0,8.5,14,45413.92
Spain,28-04-2010,26.3,11.8,19.2,0,9.5,22.7,45460.9
Spain,29-04-2010,23.9,12.3,18.4,0,16,40.7,44788.75
Spain,30-04-2010,22.3,12.8,17.5,0,14.1,33.5,45269.96
Spain,01-05-2010,20.8,11.5,15.9,0.5,10.4,29.5,45804.7
Spain,02-05-2010,21,8.6,15.2,0.1,11.3,27.4,45378.93
Spain,03-05-2010,14.3,7.1,11.3,1.4,27.8,65.5,45918.95
Spain,04-05-2010,11.5,4.6,7.7,0,34.7,69.5,46433.89
Spain,05-05-2010,14,5,9.1,0,17.7,40.3,45699.57
Spain,06-05-2010,17.9,1.5,10.2,0,9,25.6,47399.34
Spain,07-05-2010,16.3,6.4,11.6,0.7,18.2,47.2,42567.12
Spain,08-05-2010,16.2,6.4,11.3,2.9,18.2,38.2,30195.05
Spain,09-05-2010,16.2,9.9,12.8,4.9,25.5,67,42655.44
Spain,10-05-2010,16.5,9.2,12.4,0.4,21,55.4,45560.98
Spain,11-05-2010,16.2,5.5,11.2,0.7,14.8,38.2,47209.72
Spain,12-05-2010,14.8,5.8,10.5,3,18.2,45.7,47518.84
Spain,13-05-2010,13.6,5.2,9.4,3.9,13,29.9,46352.67
Spain,14-05-2010,14.3,3.8,9,0.5,18.6,43.2,37629.34
Spain,15-05-2010,15.4,6.7,11.2,0.5,16.9,40,48366.49
Spain,16-05-2010,18.6,3.3,11.4,0,8.5,18.4,48596.05
Spain,17-05-2010,22.3,4.9,14.3,0,9,19.8,48699.81
Spain,18-05-2010,24.9,7,16.9,0,9.4,18.4,48801.33
Spain,19-05-2010,25.2,9.1,18.4,0,14.2,32.4,48900.53
Spain,20-05-2010,24.6,11.1,18,0,14.6,34.2,48947.85
Spain,21-05-2010,26.6,11.7,19.6,0,11.6,24.8,48991.75
Spain,22-05-2010,27.3,12,20.5,0,7.6,19.8,49033.88
Spain,23-05-2010,26.4,13.6,21.2,0,8.7,23.4,49074.2
Spain,24-05-2010,26.6,12.9,20.7,0,12.9,36,49112.66
Spain,25-05-2010,22.7,15,18.8,0,20.4,45,48433.73
Spain,26-05-2010,24.3,11.4,18,0,15.8,41,49183.79
Spain,27-05-2010,23.2,10.3,17.4,0,14.9,32,44314.03
Spain,28-05-2010,20.2,11.3,16.4,1.1,6,23,49247.19
Spain,29-05-2010,25.2,9.6,18,0,9,24.5,49276.06
Spain,30-05-2010,29.3,11.2,20.7,0,8.7,27.4,49303.08
Spain,31-05-2010,30.6,13.5,22.8,0,8,25.6,49328.25
Spain,01-06-2010,31.5,16.7,24.7,0,9.4,27.7,47853.21
Spain,02-06-2010,29.9,17.9,24.3,0,10.2,22,46917.92
Spain,03-06-2010,30.4,17.2,24.6,0,8.4,23.8,49392.88
Spain,04-06-2010,31.6,15.9,24.9,0,11,28.1,49448.59
Spain,05-06-2010,31.8,16.6,25.5,0.1,15,38.5,49427.06
Spain,06-06-2010,29.8,19.2,24.6,0,13.7,36,47292.34
Spain,07-06-2010,29.1,16.5,23.3,0,18,41.8,49484.81
Spain,08-06-2010,25.1,14.8,20,0.8,23.2,52.9,40342.12
Spain,09-06-2010,14.8,12.9,13.8,20.1,18.7,40,2877.23
Spain,10-06-2010,18.2,10.5,14,0.2,25,58,47643.07
Spain,11-06-2010,18,10.4,14.4,0.2,18.7,42.8,39993.04
Spain,12-06-2010,18.7,12.3,14.9,10.7,11,25.2,25028.09
Spain,13-06-2010,21.8,12.1,16.8,0,14.9,33.5,49148.6
Spain,14-06-2010,21.6,12.4,17.6,4,17.1,33.8,49681.84
Spain,15-06-2010,18.4,10.2,14.8,0.2,17.3,38.9,49770.05
Spain,16-06-2010,15.9,8.1,12.9,0,15.5,34.9,24559.94
Spain,17-06-2010,21.3,9,15.8,0,6.5,18,43402.29
Spain,18-06-2010,24.1,11.6,18.3,3.2,9.4,26.6,49483.62
Spain,19-06-2010,23.6,12.2,18.2,0,13.1,32.4,49937.93
Spain,20-06-2010,22,10.4,16.7,0,17,36,50023.73
Spain,21-06-2010,24.8,7.5,16.6,0,11.3,27.7,49919.55
Spain,22-06-2010,28.6,10.5,20.4,0,7,16.9,50002.63
Spain,23-06-2010,30.8,13.2,23,0,8.7,20.2,49988.87
Spain,24-06-2010,32,16.4,24.5,0,11.3,24.1,45940.1
Spain,25-06-2010,30.1,20,24.3,2.9,12.1,32,47081.45
Spain,26-06-2010,29.9,15.7,22.9,0.3,10,25.6,49547.1
Spain,27-06-2010,30.5,16.8,24.1,0,10.5,21.6,49525.01
Spain,28-06-2010,30.3,15.8,23.8,0,10.9,23.4,49501.63
Spain,29-06-2010,31,18.6,24.7,0,13.2,32,49574.5
Spain,30-06-2010,32,16.6,25,0,6.8,19.1,49548.65
Spain,01-07-2010,32.4,18.2,26,0.3,12.6,29.9,49327.65
Spain,02-07-2010,31.5,20,26.3,1.8,11.1,37.8,47858.43
Spain,03-07-2010,29.1,20,24.6,0,12.5,36.4,43285.96
Spain,04-07-2010,32,18.1,25.8,0,8.9,22.7,49434.36
Spain,05-07-2010,34.5,20.7,27.9,0,13.2,27.4,49592.7
Spain,06-07-2010,35.1,20.9,28.3,0,12.6,29.2,49558.35
Spain,07-07-2010,37.1,20.4,29.4,0.1,10.3,25.2,49429.28
Spain,08-07-2010,37.4,21.2,29.7,2,17.9,56.5,48856.71
Spain,09-07-2010,33.8,20.7,28.2,0,9.4,27.4,49353.29
Spain,10-07-2010,35.2,22,28.7,0,10.6,25.6,49134.63
Spain,11-07-2010,35.8,20.5,29.2,0,13.1,30.2,49095.43
Spain,12-07-2010,34.8,22,29.1,0,17.7,42.1,49162.29
Spain,13-07-2010,32.6,19.8,26.6,0,18.3,43.9,49097.28
Spain,14-07-2010,31.5,18.8,25.7,0,17.6,41.8,49052.35
Spain,15-07-2010,31.6,16.2,24.7,0,13.5,34.2,49086.37
Spain,16-07-2010,32.7,16.5,25.4,0,8.9,23.8,48958.56
Spain,17-07-2010,34,17.9,26.8,0,9.4,24.1,48833.98
Spain,18-07-2010,35.5,20.7,28.1,0,17.1,40.7,48668.38
Spain,19-07-2010,36,19.9,29.1,0,11.1,28.1,48596.55
Spain,20-07-2010,35.2,20.7,29,0,16.3,39.6,48620.36
Spain,21-07-2010,31.6,19.4,26.4,0,16.1,44.6,48471.2
Spain,22-07-2010,30.8,21.5,26.2,0.2,15.3,40.7,48003.57
Spain,23-07-2010,31.8,18.1,25.1,0,14.5,33.1,48144.91
Spain,24-07-2010,32.9,18.8,25.9,0,16.1,36.7,47671.97
Spain,25-07-2010,32.6,17.1,25.6,0,17.2,34.9,48177.89
Spain,26-07-2010,33.1,17.3,25.6,0,14.6,34.6,47936.86
Spain,27-07-2010,34.3,19,27,0,15.3,31,47917.64
Spain,28-07-2010,36.5,19.7,28.8,0,9,23.8,47793.45
Spain,29-07-2010,35.7,21.6,29.1,0,15.6,33.1,47572.55
Spain,30-07-2010,34.2,19.5,27.1,0,17.1,33.5,47558.09
Spain,31-07-2010,35.6,20.5,28.5,0,13.2,31,47447.44
Spain,01-08-2010,34.8,20.9,29.1,0,18.6,46.4,47433.8
Spain,02-08-2010,34,21.1,27.8,0,20.8,43.6,47241.23
Spain,03-08-2010,32.2,18,25,0,19.8,46.1,47231.89
Spain,04-08-2010,33.1,18.6,26,0,14.3,30.6,47173.32
Spain,05-08-2010,31.7,19,25.6,0,13.7,30.6,46938.48
Spain,06-08-2010,32.6,17.7,25.2,0,20.2,42.5,46941.29
Spain,07-08-2010,34.9,20.5,27.7,0,12,28.1,46720.01
Spain,08-08-2010,31.8,20.6,27.6,0,12.5,28.1,29473.75
Spain,09-08-2010,34.3,21.1,27.5,0.5,10.9,36.7,43726.41
Spain,10-08-2010,32.9,20.8,27.6,1.6,14.4,36.7,46435.78
Spain,11-08-2010,34.5,18.9,27.4,0,9.9,28.8,46361.17
Spain,12-08-2010,33,17.2,25.4,0,22.7,50.8,45178.88
Spain,13-08-2010,28,16.7,22.2,0,20.4,47.2,46118.66
Spain,14-08-2010,27.3,14.6,20.9,0,17,37.8,46043.24
Spain,15-08-2010,30.3,14.9,22.7,0,13.9,27.4,45967.79
Spain,16-08-2010,28.7,16.3,22.1,0.1,20.9,43.6,45887.33
Spain,17-08-2010,27.9,17.5,22.6,0,10.3,23.4,44636.26
Spain,18-08-2010,29.8,18.3,24.2,0.1,10.6,29.5,45678.22
Spain,19-08-2010,29.7,18.2,24.9,0,10.8,27.7,45642.16
Spain,20-08-2010,32.6,18,25.6,0,7.4,23,45557.81
Spain,21-08-2010,34.5,18.9,27.3,0,7.9,23.8,43476.02
Spain,22-08-2010,34.3,19.5,27.7,0,18.6,43.6,44856.86
Spain,23-08-2010,33.1,18.2,26.5,0,21,50.4,45229.43
Spain,24-08-2010,32.3,18.7,25.7,0,10.6,24.8,45085.73
Spain,25-08-2010,34.8,18,26.9,0,10.8,29.2,44941.17
Spain,26-08-2010,36.3,21,29.6,0,22.1,54,44790.21
Spain,27-08-2010,34.3,19,27.9,0,14.9,35.3,44649.9
Spain,28-08-2010,33.1,18.7,26.2,0,12.7,31.7,44503.38
Spain,29-08-2010,33.6,18.7,26.2,0,13.2,28.1,44356.4
Spain,30-08-2010,33.7,16.2,25.7,0,12.1,24.5,44177.55
Spain,31-08-2010,31.8,18.2,25.2,0,11.3,24.1,43454.43
Spain,01-09-2010,28.6,20.3,23.6,2.8,9,29.2,35865.09
Spain,02-09-2010,27,17,22.1,0,6.9,24.1,42640.65
Spain,03-09-2010,29.9,16.6,23.9,0,9.7,20.5,43039.72
Spain,04-09-2010,31.5,18.2,25.2,0,8.4,26.6,42797.64
Spain,05-09-2010,32.4,18.1,26.1,0,12.5,33.8,42409.14
Spain,06-09-2010,31,20.5,26.4,0,22.7,54.4,42110.73
Spain,07-09-2010,24.6,17.7,20.9,0,25.8,54.7,42297.27
Spain,08-09-2010,24.2,14.2,19,0,13.7,30.6,42276.83
Spain,09-09-2010,26.2,12.7,19.4,0,8.7,23.8,42223.9
Spain,10-09-2010,28.6,13.8,21.2,0,10.2,22.7,42128.58
Spain,11-09-2010,29.9,13.8,22.2,0,6.4,22,42072.07
Spain,12-09-2010,31.6,15.1,23.7,0,11.3,25.6,42015.41
Spain,13-09-2010,31.9,18,24.8,0,14.8,34.2,41958.6
Spain,14-09-2010,32.5,15.3,24.5,0,8.1,20.2,41901.62
Spain,15-09-2010,32.6,16.3,24.4,0,11.3,26.6,40626.78
Spain,16-09-2010,26.4,19.9,22.8,2.6,15,41.4,26578.89
Spain,17-09-2010,22.5,15.9,18.6,6.7,10,25.2,27314.78
Spain,18-09-2010,22.2,15.2,18.2,0.2,9.4,22,39496.98
Spain,19-09-2010,25.3,12.5,19.2,0,9,24.1,41131.17
Spain,20-09-2010,22.7,14.3,17.8,5.8,13.7,34.9,30724.78
Spain,21-09-2010,23.8,14.6,18.7,2.6,8.7,21.2,38724.16
Spain,22-09-2010,25.2,13.3,19.9,0,8.9,26.6,39642.95
Spain,23-09-2010,21.3,16.7,19.4,0.3,14.8,37.1,1281.42
Spain,24-09-2010,23.2,13.4,18.4,0,14.1,34.6,40274.84
Spain,25-09-2010,20.9,9.9,15.7,0,13.2,27.4,40181.51
Spain,26-09-2010,20.3,9.2,14.8,0,11.6,26.3,40021.13
Spain,27-09-2010,22.1,7.2,14.7,0,6.7,21.2,39186.76
Spain,28-09-2010,24.3,8.2,16.3,0,6.1,18,39698.29
Spain,29-09-2010,25.1,9.9,17.7,0,11.7,28.8,39212.8
Spain,30-09-2010,25.3,12,19,0,13.5,31.7,39297.37
Spain,01-10-2010,25,11.4,18.3,0,10.3,29.5,38967.22
Spain,02-10-2010,25.4,13.9,19.5,0,17.5,43.2,38357.17
Spain,03-10-2010,19.8,11.2,15.5,5,32.6,60.5,28092.03
Spain,04-10-2010,19,11.7,15.1,0.4,21.7,53.6,28726.72
Spain,05-10-2010,21.4,9.2,14.9,0,11.4,28.8,38109.3
Spain,06-10-2010,23.1,9.1,17,0,6.5,22.3,37599.88
Spain,07-10-2010,23.9,11.4,17.3,0.4,13.7,33.8,36379.73
Spain,08-10-2010,24.2,13.6,18,0.2,20.3,50,30906.22
Spain,09-10-2010,19,11.5,15.3,28.1,13.2,36.7,360.08
Spain,10-10-2010,17.2,8.5,12.6,0.4,7.9,28.1,36351.7
Spain,11-10-2010,16.8,8.1,12.6,0,6.7,14,22738.06
Spain,12-10-2010,17.2,9.2,13.7,0,11.5,25.9,18059.26
Spain,13-10-2010,19.9,8.9,14.4,0,6.8,18,26396.68
Spain,14-10-2010,20.6,10.1,15.1,0,6.6,15.1,36156.07
Spain,15-10-2010,18.5,5.5,11.9,0,8,17.3,36225
Spain,16-10-2010,17.5,4.5,10.8,0,11.3,22.7,36089.87
Spain,17-10-2010,15.9,5.4,10.6,0,14,33.5,36002.29
Spain,18-10-2010,16.6,2.1,9.3,0,8.7,22.7,36012.86
Spain,19-10-2010,19,2.9,10.2,0,6.2,14,36000
Spain,20-10-2010,20,3.1,11.6,0,8.3,17.3,36000
Spain,21-10-2010,19.5,5.6,12.1,0,8.4,18.4,35981.18
Spain,22-10-2010,18.8,6.4,12.6,0,7.6,20.5,28831.16
Spain,23-10-2010,19.3,6.6,13.6,0,8.2,17.3,35662.75
Spain,24-10-2010,20.8,6.5,13.6,0,15.4,33.1,35503.38
Spain,25-10-2010,15.3,8.5,12.9,0,16.5,36.7,35344.77
Spain,26-10-2010,18.8,0.9,9.1,0,7.2,15.8,35187.08
Spain,27-10-2010,19.9,2.4,11.1,0,9.6,20.2,35030.45
Spain,28-10-2010,20.7,7.9,13.9,0,9.7,20.9,29757.19
Spain,29-10-2010,19.5,7.8,13.6,3.9,26.6,62.6,24817.91
Spain,30-10-2010,11,8.5,9.6,4.7,27.5,58.3,8403.83
Spain,31-10-2010,13.6,8.2,10.7,1.2,22.2,50.4,31766.07
Spain,01-11-2010,16.1,10.2,12.6,0,21.8,47.5,34268.84
Spain,02-11-2010,17.9,8.3,12.2,0,10.7,25.2,34121.64
Spain,03-11-2010,20.8,5.2,11.9,0,6.3,12.2,33974.84
Spain,04-11-2010,21,6.5,13.4,0,8.3,21.6,33828.36
Spain,05-11-2010,19.6,7.6,13.3,0,6.6,18,33682.35
Spain,06-11-2010,19.3,9.6,13.7,0,9.1,22,33536.96
Spain,07-11-2010,14.6,7.9,10.6,0,13.4,31.7,19032.71
Spain,08-11-2010,11,3.8,7.9,1.9,29,65.2,15634.75
Spain,09-11-2010,12.3,8.1,9.7,4.9,27.7,56.5,31419.96
Spain,10-11-2010,12.1,6.5,8.7,0,18.9,49.3,32645.04
Spain,11-11-2010,14.9,2.2,7.7,0,12.6,29.9,30788.46
Spain,12-11-2010,16.5,6.2,10.2,0,8.1,20.9,32687.11
Spain,13-11-2010,11.7,6.5,8.9,0.2,10.6,24.8,20824.59
Spain,14-11-2010,10.3,7.1,8.5,3.6,10.8,25.9,0
Spain,15-11-2010,11.2,2,6.9,0,17.4,38.9,32284.52
Spain,16-11-2010,11.7,1.1,5.7,0,8.3,21.6,31363.97
Spain,17-11-2010,10.6,2.7,6.1,3.9,15,32.8,8435.53
Spain,18-11-2010,11.3,1.8,5.9,0,10.9,25.9,25351.39
Spain,19-11-2010,9.8,2.5,6.1,0.7,14.1,34.6,13170.2
Spain,20-11-2010,12.3,6,8.6,7.5,18.3,54.7,27723.13
Spain,21-11-2010,11.2,5.3,7.5,0.5,16.6,38.5,26194.67
Spain,22-11-2010,10.1,4.2,6.7,0.3,10.2,24.8,25878.89
Spain,23-11-2010,11,3.2,6.3,0,8.4,22.3,30300.03
Spain,24-11-2010,11.1,-0.3,5.6,0,7.3,18,31170.3
Spain,25-11-2010,10.9,-1.2,4,0,8.4,19.1,28821.09
Spain,26-11-2010,7.7,-2.3,2.3,0,8.5,26.3,30479.92
Spain,27-11-2010,7.5,-2.4,2.4,0,8.5,18.7,24081.61
Spain,28-11-2010,7.3,-2.2,2.2,0,11.2,27,29606.89
Spain,29-11-2010,4.2,-2.8,1.1,2.7,10.1,21.6,7837.44
Spain,30-11-2010,6.8,1.3,3.5,4.2,12.4,32,6786.52
Spain,01-12-2010,7.1,1.6,3.6,0.3,15.7,36,28293.51
Spain,02-12-2010,5.7,-0.2,2.5,0.6,17.7,42.1,29868.26
Spain,03-12-2010,6,-0.8,2,2.9,17.3,34.6,29809.1
Spain,04-12-2010,5.2,-2.7,1.4,0,7.6,18.4,28800
Spain,05-12-2010,7.8,1,4.2,2.8,6.9,30.2,5951.54
Spain,06-12-2010,13.8,7.7,11.2,5.1,24.4,53.3,12586.24
Spain,07-12-2010,12.5,11,11.9,12.5,22.8,51.1,0
Spain,08-12-2010,13.3,10.6,11.8,5.6,27.9,70.9,21036.07
Spain,09-12-2010,15.1,9.7,11.9,4.4,8.5,24.1,15697.6
Spain,10-12-2010,16.7,7,11,0,11.8,22.7,27598.53
Spain,11-12-2010,15.1,6.1,10.1,0,6.3,13,29283.1
Spain,12-12-2010,15.1,3,9,0,6.9,14.4,29054.59
Spain,13-12-2010,14.3,4.8,8.9,0.4,5.9,12.6,22524.97
Spain,14-12-2010,11.3,2.1,6.3,1.4,9.7,20.5,29763.33
Spain,15-12-2010,5.3,-1.1,1.7,0,16.9,37.8,29733.69
Spain,16-12-2010,5.3,-3.4,0.2,0,9.1,23.8,29708.26
Spain,17-12-2010,7.7,-2.1,1.3,0,10.2,23.8,29687.08
Spain,18-12-2010,7.1,-2.5,1.8,0,6.6,16.9,28500.64
Spain,19-12-2010,11.5,1.8,5.9,2.2,9,24.8,28293.97
Spain,20-12-2010,7.2,0.2,3.4,0.9,10.5,20.9,9859.16
Spain,21-12-2010,11.3,3.9,7.8,7.3,20.6,43.9,2906.56
Spain,22-12-2010,10.2,7.2,9,24.7,17.9,46.1,4311.85
Spain,23-12-2010,7,3.5,6,1.8,14.2,27.7,6998.75
Spain,24-12-2010,5.5,0.3,2.5,0,13.8,33.5,29658.52
Spain,25-12-2010,5.7,-2.3,1.4,0,11.3,22.7,28284.79
Spain,26-12-2010,7.2,-3.8,0.4,0,8.9,15.8,29689.06
Spain,27-12-2010,6.6,-0.6,2.2,0,6.8,14.8,28204.07
Spain,28-12-2010,8.2,-0.6,3.7,0,4.7,11.9,29255.45
Spain,29-12-2010,12,0.7,5.2,0,6.9,13.7,28284.89
Spain,30-12-2010,8.7,1,4.9,3.5,9.4,20.5,10968.58
Spain,31-12-2010,8.8,5.2,7.2,6.2,6.7,12.6,1000.58
Spain,01-01-2011,9.4,4.5,6.4,0,7.4,14.8,8101.63
Spain,02-01-2011,11,2.3,5.7,0,7.8,17.3,28474.77
Spain,03-01-2011,10,1.8,5,0,7.1,15.5,28185.2
Spain,04-01-2011,7,2.5,4.8,0,9.8,22.7,2399.48
Spain,05-01-2011,9.6,5.6,7.4,3.3,17.5,41.4,1484.34
Spain,06-01-2011,12,8.5,10.2,1.4,25.7,51.5,567.68
Spain,07-01-2011,11.5,8.6,10,2.4,21,50.8,7724.59
Spain,08-01-2011,11.5,8.4,9.3,6.6,19.5,53.3,14653.41
Spain,09-01-2011,9.5,5.7,7.5,3,12.9,30.2,20395.54
Spain,10-01-2011,8.7,2.9,5.7,0.8,13.8,38.5,22319.62
Spain,11-01-2011,12.9,5,8.6,0.4,12.1,31,25328.98
Spain,12-01-2011,14.4,5.8,8.9,0,6.2,14,30649.8
Spain,13-01-2011,12.8,3,7.1,0,6.9,15.5,30741.72
Spain,14-01-2011,12.9,2.6,7,0,8.3,15.8,30836.68
Spain,15-01-2011,12.9,1.1,6.1,0,6.9,14.4,30934.54
Spain,16-01-2011,11.4,0.7,5.9,0,6.9,17.3,31035.15
Spain,17-01-2011,10.6,0.9,5.5,0,6.3,14.4,28720.05
Spain,18-01-2011,10.7,1.7,5.8,0,5.8,13.7,17840.95
Spain,19-01-2011,10.6,2.9,6.2,0.8,8.9,17.6,26339.57
Spain,20-01-2011,10.6,1.1,5.6,0,10.6,22.3,29148.2
Spain,21-01-2011,5.9,-1.9,1.8,0,17.4,40,31574.76
Spain,22-01-2011,5.4,-3.8,0,0,14.8,33.8,31690.91
Spain,23-01-2011,4,-2.6,-0.1,0,15,35.6,31810.55
Spain,24-01-2011,6.6,-2.8,0.7,0,13.1,29.2,31933.48
Spain,25-01-2011,7,-4.2,0.4,0,8,19.8,32059.47
Spain,26-01-2011,6,-2.9,0.9,0,7.8,22.7,32188.32
Spain,27-01-2011,3.7,0.1,2,7.7,6.6,14.8,0
Spain,28-01-2011,6,1.9,3.3,10.8,13.4,32,22777.27
Spain,29-01-2011,6.9,-0.6,2.6,0.3,11.5,27.7,32400
Spain,30-01-2011,6.5,-1.2,2.5,0.5,7.7,15.5,31620.89
Spain,31-01-2011,6.6,-3.1,1.4,0,12.2,29.2,32435.74
Spain,01-02-2011,8.5,-2.5,2.2,0,12.6,28.1,32440.46
Spain,02-02-2011,10.9,-0.9,3.8,0,13,29.9,32442.35
Spain,03-02-2011,12.6,-0.9,4.5,0,9.4,18.7,32443.17
Spain,04-02-2011,13.6,-1.4,5,0,8.1,14.4,32742.7
Spain,05-02-2011,15.3,-1.3,5.8,0,9.6,14.4,32882.73
Spain,06-02-2011,15.7,0,7.4,0,6.6,13.3,32978.94
Spain,07-02-2011,14.9,0.4,7.6,0,6.6,13,33217.49
Spain,08-02-2011,13.3,0.2,6.3,0,9.2,17.6,33409.93
Spain,09-02-2011,12.5,3,7.7,0,6.4,20.9,33617.65
Spain,10-02-2011,13.3,-0.1,6.1,0,7.4,21.2,33423.95
Spain,11-02-2011,12.3,3.1,7.6,0,10.7,27.4,32846.49
Spain,12-02-2011,13,-0.9,6.3,0,10.8,26.6,33860.2
Spain,13-02-2011,11.2,1.1,5.7,3.2,28,57.6,23950.37
Spain,14-02-2011,8.7,0,4.7,0.3,19.5,42.8,33443.42
Spain,15-02-2011,9.6,4.2,6.4,5.3,17.9,51.1,13619
Spain,16-02-2011,7.6,1.5,4.1,5.2,25.5,55.4,13009.83
Spain,17-02-2011,9.2,2.1,5.1,1.6,26.1,64.4,34617.59
Spain,18-02-2011,11.2,1.1,6.2,0.6,12.5,30.2,28776.01
Spain,19-02-2011,9.7,3.9,6.9,11.7,11.2,28.1,588.26
Spain,20-02-2011,13.4,3.8,8.2,0.7,13.4,32.4,32545.1
Spain,21-02-2011,12.2,2.9,8,0,19.6,40.3,23998.22
Spain,22-02-2011,14.8,9,11.4,0,17.2,38.9,28613.16
Spain,23-02-2011,16.5,6.5,10.6,0,10.1,17.6,36399.67
Spain,24-02-2011,17.2,2.2,9.3,0,8.3,15.1,36563.14
Spain,25-02-2011,19.5,2.3,9.6,0,7.1,15.1,36726.54
Spain,26-02-2011,19.2,3.3,10.6,0,9.6,18.7,36889.72
Spain,27-02-2011,11.2,5,8.3,0,21.3,47.5,35071.33
Spain,28-02-2011,9.3,-0.9,4.6,0,26.4,67.7,37214.94
Spain,01-03-2011,8.7,0,4.2,0,18.4,43.9,36974.38
Spain,02-03-2011,9.1,1.7,5.1,0,16.9,41.4,33213.2
Spain,03-03-2011,7.9,-0.3,3.8,0.1,11.6,32.4,35864.6
Spain,04-03-2011,7.8,0,3,11.9,11.9,35.3,36377.2
Spain,05-03-2011,9.4,1.7,5.1,4.4,12.2,29.2,16021.59
Spain,06-03-2011,12.6,-1.4,5.4,0,7.6,21.6,38190.64
Spain,07-03-2011,14.7,0.1,7.2,0,11.3,25.6,38355.46
Spain,08-03-2011,12.4,2.2,7.4,0.3,16.4,36,23253.27
Spain,09-03-2011,14.1,4.9,8.6,0,12.2,28.8,24285.32
Spain,10-03-2011,16.3,1.3,9.4,0,7.7,24.1,38852.04
Spain,11-03-2011,10.6,3.6,7.6,7.2,14.5,45.7,9027.88
Spain,12-03-2011,12.3,6.3,8.4,10.1,11.7,30.2,24741.54
Spain,13-03-2011,11.7,4.9,8,1.2,12.9,33.1,29426.6
Spain,14-03-2011,11.8,5,8.2,14.3,16.8,32.8,1184.54
Spain,15-03-2011,12.6,6.7,9.1,15.5,14.8,32.4,35691.41
Spain,16-03-2011,11.3,5.1,7.4,4.5,15,45.7,3652.21
Spain,17-03-2011,15,4.8,10,0,15.5,36.7,39468.45
Spain,18-03-2011,18.2,1.3,9.4,0,7.2,14.8,39743.96
Spain,19-03-2011,18.5,1.6,10,0,8.3,16.2,39954.62
Spain,20-03-2011,17.7,1.7,10.3,0,7.9,19.4,40054.82
Spain,21-03-2011,14.8,3.6,9.3,0.4,10.9,25.2,40002.69
Spain,22-03-2011,13.2,2.9,8.5,0,14.1,34.2,39934.6
Spain,23-03-2011,11.8,4,7.3,7.3,22.6,65.2,29367.69
Spain,24-03-2011,11.5,6,8.3,4.8,11.8,29.9,5098.46
Spain,25-03-2011,16,6.1,10.3,1.2,10.7,28.8,36882.31
Spain,26-03-2011,16,7,11.2,0.3,18.4,43.9,37877.98
Spain,27-03-2011,13.5,6.7,9.8,0.7,18.8,49.3,27743.22
Spain,28-03-2011,14.1,4,9.1,0.3,14.5,37.1,26232.81
Spain,29-03-2011,16,7.1,11,0,13.4,31,32998.19
Spain,30-03-2011,17.8,7.5,12.3,0,11.2,28.1,40173.43
Spain,31-03-2011,20.1,3.9,12.9,0,7.6,16.9,41668.22
Spain,01-04-2011,22.6,6.6,14.7,0,8.8,23,41911.41
Spain,02-04-2011,21.1,7.6,14.8,0,14,36.4,35192.75
Spain,03-04-2011,17.1,10.8,13.8,9.5,17.1,54,10312.76
Spain,04-04-2011,20.2,9.4,14.2,0,7.2,20.9,41039.43
Spain,05-04-2011,23.5,8.2,15.8,0,9.5,24.8,42676.12
Spain,06-04-2011,24.6,7.9,16.6,0,11.8,27,42520.68
Spain,07-04-2011,25.3,12.2,18.2,0,7.4,19.1,42995.14
Spain,08-04-2011,26.3,10,18.5,0,8.2,18.4,43300.64
Spain,09-04-2011,26.2,12.6,20.1,0,14.3,31.3,43416.96
Spain,10-04-2011,22.8,9.7,16.7,0,17,34.9,43633.22
Spain,11-04-2011,21.8,9.7,15.4,0,14.5,34.2,43958.48
Spain,12-04-2011,22.3,7.7,15.7,0,14.8,31.3,44111.25
Spain,13-04-2011,24.2,6.6,15.8,0,8.9,22.3,44260.14
Spain,14-04-2011,25.3,7.9,17.1,0,9.9,24.8,44408.8
Spain,15-04-2011,21.9,8.4,15.6,0,10.7,26.6,44557.14
Spain,16-04-2011,19.5,10.6,14.7,0,14.6,32.4,44705.07
Spain,17-04-2011,20.5,6.8,14.1,0,8.9,23,44852.46
Spain,18-04-2011,21.8,6.7,15,0,10,25.9,43169.55
Spain,19-04-2011,19.8,9.4,14.9,0.7,14.8,38.5,43399.21
Spain,20-04-2011,17.8,11.7,14,15.6,10.8,35.6,27642.55
Spain,21-04-2011,19.2,9.6,13.6,15.7,15.5,36.4,37094.52
Spain,22-04-2011,13.4,8.7,10.8,15.9,13.3,35.3,36185.79
Spain,23-04-2011,15.5,6.4,11.2,0.4,6.2,22.3,43118.18
Spain,24-04-2011,17.9,8.7,13,0.1,17,38.5,44738.8
Spain,25-04-2011,19,8.7,13.9,1.9,16.6,36.7,44227
Spain,26-04-2011,19.1,7.1,13.8,0.1,13.7,29.2,45537.7
Spain,27-04-2011,21.4,9.2,15.5,0,12.2,25.6,45720.77
Spain,28-04-2011,21.8,9.4,15.9,0,9.7,21.6,45853.83
Spain,29-04-2011,19.9,10.4,14.4,0.5,13,37.4,32655.33
Spain,30-04-2011,16.7,8.9,12.8,1.3,11.6,39.6,44643.73
Spain,01-05-2011,18.3,9.7,13.6,0.9,11.5,28.8,39130.98
Spain,02-05-2011,20,9.8,14.7,1.2,8.6,22.3,42764.19
Spain,03-05-2011,20.4,8,15.4,1.7,14,32,46257.96
Spain,04-05-2011,21,8.2,15.2,0,11.5,29.2,46513.51
Spain,05-05-2011,21.6,9.4,16.3,0,12.6,31.7,46983.69
Spain,06-05-2011,22.5,11.9,15.7,10.8,15.4,40.3,32422.15
Spain,07-05-2011,16.1,12.5,13.6,25.9,17.5,42.8,20620.3
Spain,08-05-2011,20.2,8.1,14.3,0,11.8,27,47551.72
Spain,09-05-2011,24.4,7.3,16.6,0,6.8,18.7,47790.69
Spain,10-05-2011,25.2,10.4,18.4,0,9.2,24.1,47908.61
Spain,11-05-2011,25.5,10.5,18.7,0,10,21.2,46847.74
Spain,12-05-2011,19.7,13.4,17,0.8,11.5,23.4,18931.46
Spain,13-05-2011,24.2,12.3,18.8,0,10.9,22.3,48251.5
Spain,14-05-2011,25.5,12.9,18.7,5.1,17.1,36.7,43021.25
Spain,15-05-2011,21,8.6,14.9,0,16,37.8,48469.84
Spain,16-05-2011,22.9,9.7,16.3,0,13.8,30.6,48575.58
Spain,17-05-2011,21.6,10.1,16.7,0,8,25.6,48229.32
Spain,18-05-2011,23.9,11.7,17.8,0,16.6,33.5,43383.61
Spain,19-05-2011,17.6,12,14.9,0.4,14.4,34.9,41150.84
Spain,20-05-2011,22.5,9.2,16.3,0,7.6,23,48938.38
Spain,21-05-2011,23.9,9.9,17.8,0,7.6,16.9,48981.72
Spain,22-05-2011,25.4,11.4,19.2,0,10.6,28.8,47987.6
Spain,23-05-2011,26.9,12.5,20.3,0,8.4,19.4,49063.02
Spain,24-05-2011,28.5,13.7,21.7,0,9.3,23.8,49101.07
Spain,25-05-2011,29.3,13.2,22.5,0,9,24.5,49137.39
Spain,26-05-2011,27.7,14.5,21.6,0,17.9,34.6,42049.15
Spain,27-05-2011,24,15.1,19.4,2.7,12.2,33.1,42270.14
Spain,28-05-2011,26.1,13.4,19.7,0,7.1,24.5,48904.89
Spain,29-05-2011,26.3,16.3,20.8,1.3,14.5,34.9,44903.02
Spain,30-05-2011,22.7,14.2,18.5,3.2,14.3,34.6,48616.31
Spain,31-05-2011,22.3,12.8,17.9,0.2,19.4,38.9,48222.09
Spain,01-06-2011,21.5,9.7,15.4,0,19.4,40.7,49385.73
Spain,02-06-2011,21.2,9.5,15.4,0,21.9,50.4,42855.53
Spain,03-06-2011,22.3,11,16.8,0,14.8,31.3,49386.47
Spain,04-06-2011,23,12.7,17.8,0,8.5,21.6,47466.72
Spain,05-06-2011,24.5,12.4,18.8,0.3,9,24.1,47752.4
Spain,06-06-2011,21.7,14.6,17.9,2.3,14.9,46.4,48044.69
Spain,07-06-2011,17.3,13,14.9,11.2,11.4,28.8,23444.75
Spain,08-06-2011,20.6,11.1,15.8,0.3,11.6,26.3,49492.87
Spain,09-06-2011,21.5,11.8,17,0,15.6,36.4,48499.21
Spain,10-06-2011,21.1,12.4,17,0,10.1,23.4,43852.83
Spain,11-06-2011,25,11.7,18.5,0,9.6,25.2,49485.82
Spain,12-06-2011,28.2,13.3,21.3,0,16.6,38.5,49595.47
Spain,13-06-2011,28.1,14.6,22,0,10,25.9,48775.25
Spain,14-06-2011,28.8,13.1,22,0,10.9,25.6,49769
Spain,15-06-2011,30.7,14.5,23.4,0,11.7,28.8,49769.1
Spain,16-06-2011,29.2,15.2,23.3,0,12.2,29.5,48539.76
Spain,17-06-2011,29.7,17.2,23.5,0,15.9,40.7,49265.16
Spain,18-06-2011,27.1,15.1,21.8,0,10.7,29.9,49940.59
Spain,19-06-2011,30.4,12.7,22.2,0,8.7,19.8,49934.77
Spain,20-06-2011,32.3,16.7,25.1,0,15,32.4,48104.05
Spain,21-06-2011,33.1,18.2,26.1,0,18,40.7,49917.07
Spain,22-06-2011,31.5,17.1,25.2,0,20.5,46.4,49905.37
Spain,23-06-2011,30.5,15.7,24.1,0,8.1,22.7,49988.04
Spain,24-06-2011,31.8,16.9,24.5,0,16.9,40.7,49973.32
Spain,25-06-2011,34.2,18.1,26.7,0,8.5,24.1,49859.75
Spain,26-06-2011,35.8,19.3,28.1,0,9,20.2,49366.71
Spain,27-06-2011,34.6,20.4,28.2,0,15.7,38.9,49626.23
Spain,28-06-2011,33.8,21.3,28.6,0,16.3,43.2,49702.27
Spain,29-06-2011,32.5,18.9,25.6,0,15.3,34.6,49484.51
Spain,30-06-2011,32.5,17.2,25,0,17.4,40,49850.08
Spain,01-07-2011,33.4,18.3,25.9,0,19.6,46.4,42053.8
Spain,02-07-2011,33.1,21.9,27.7,0,17.8,42.5,44458.12
Spain,03-07-2011,30,21.9,26.1,0,19.6,47.2,47895.62
Spain,04-07-2011,30.2,16.2,23.9,0,9.4,22.3,49636.36
Spain,05-07-2011,32.7,18.3,26.1,0,16.9,38.9,49602.45
Spain,06-07-2011,31.3,18.1,25.4,0,17.8,38.5,49660.59
Spain,07-07-2011,29.2,16.1,23.3,0,15.8,38.9,49622.23
Spain,08-07-2011,28.9,13.5,22.1,0,14,33.1,49398.38
Spain,09-07-2011,30.2,15.9,23.8,0,15.8,39.2,49358.9
Spain,10-07-2011,31.5,17.1,24.9,0,14.1,37.1,49407.34
Spain,11-07-2011,32.7,17.2,26.1,0,15.6,36.4,49363.65
Spain,12-07-2011,30.1,18.4,24.1,0.4,24.7,59.4,48886.55
Spain,13-07-2011,24.5,14.7,19.6,0,18.1,41.4,46367
Spain,14-07-2011,27.8,13.7,21,0,12.2,25.2,49058.3
Spain,15-07-2011,30.6,16.8,23.9,0,12.2,28.8,49012.99
Spain,16-07-2011,33.4,16.9,25.8,0,17.2,39.6,48576.56
Spain,17-07-2011,28.5,20,24.5,0,14.2,34.6,48508.2
Spain,18-07-2011,29,14.8,22.5,0,16,37.1,48722.83
Spain,19-07-2011,26.3,17.2,22,0,15.5,37.1,48222.05
Spain,20-07-2011,30.3,13.6,22.4,0,7.6,24.1,48634.16
Spain,21-07-2011,32.1,15.8,24.5,0,17.6,33.5,48588.28
Spain,22-07-2011,30.5,16,23.4,0,21.4,48.6,48247.34
Spain,23-07-2011,30.5,16.5,23.6,0,21.2,42.8,48150.73
Spain,24-07-2011,29.4,15.1,22.8,0,16.3,35.6,48206.91
Spain,25-07-2011,29.7,16.4,23.9,0,12.7,29.2,44610.62
Spain,26-07-2011,33.5,16.8,26.2,0,14.3,27.7,47832.39
Spain,27-07-2011,31.1,17.5,24.7,0,18.3,40.7,47708.54
Spain,28-07-2011,32.6,19.1,25.9,0,15.8,36.4,47380.23
Spain,29-07-2011,33.3,20,27.2,0,14.2,34.6,47677.18
Spain,30-07-2011,33.6,20.2,27.6,0,11,24.1,47561.14
Spain,31-07-2011,33.8,20.1,27,0,16.1,36,47449.94
Spain,01-08-2011,33.7,19.3,27.4,0,18.9,34.2,46033.45
Spain,02-08-2011,26.5,18.7,23.4,0.3,18.7,43.6,46800
Spain,03-08-2011,30.4,17.7,24.5,0,9.4,24.1,47061.13
Spain,04-08-2011,33.4,17.5,26.1,0,9.3,25.2,47190.3
Spain,05-08-2011,32,19.8,26.6,0,17.8,42.5,46702.36
Spain,06-08-2011,32.3,18.1,25.7,0,19.7,47.5,46885.14
Spain,07-08-2011,31.9,19.3,25.6,0,16.2,39.2,46667.84
Spain,08-08-2011,31.3,17.7,25.1,0,14.1,27,46669.24
Spain,09-08-2011,32.1,17.6,24.8,0,17.4,39.2,46596.17
Spain,10-08-2011,33.8,18.3,26.1,0,14.8,32.4,46459.52
Spain,11-08-2011,34.9,19.1,27.6,0,8.1,24.8,46328.32
Spain,12-08-2011,35.5,20.9,28.2,0.8,15.1,38.9,36040.2
Spain,13-08-2011,30.7,20.4,25.7,0,10,27.4,46139.52
Spain,14-08-2011,33.6,19.4,27.1,0,16.3,38.5,46062.22
Spain,15-08-2011,34.1,19.2,27.5,0,12,31.7,45984.39
Spain,16-08-2011,35.1,19.1,28,0,13.9,34.9,45907.28
Spain,17-08-2011,34.5,23.1,29,0,18.2,43.6,45822.46
Spain,18-08-2011,32.7,21,26.7,3.2,13.1,40,45471.59
Spain,19-08-2011,35.5,18.8,27.5,0,8.3,25.6,45656.95
Spain,20-08-2011,37.4,20.7,29.4,0.1,11.9,33.1,44327.98
Spain,21-08-2011,35.9,20.2,28.2,0.8,15.1,38.9,36763.41
Spain,22-08-2011,27.5,18.3,23.3,0.9,13.2,35.3,45400.76
Spain,23-08-2011,29.7,18.2,23.8,0,13.8,36,45258.93
Spain,24-08-2011,29.6,18.1,23.8,0,13.2,34.9,45116.49
Spain,25-08-2011,30.2,18.7,24.3,0,20.4,47.5,44973.55
Spain,26-08-2011,25.7,17.4,21.6,0,15.1,37.4,44830.19
Spain,27-08-2011,27.8,11.5,20,0,11,29.2,44686.52
Spain,28-08-2011,30.6,13.7,22.2,0,15.3,38.2,44542.64
Spain,29-08-2011,31.1,18.2,24.4,0,15.3,40.7,44398.21
Spain,30-08-2011,30.6,17.7,24,0,18.1,43.6,44094.8
Spain,31-08-2011,26.5,15.6,21.2,0.1,17.3,47.5,33534.47
Spain,01-09-2011,26.5,16.7,21.3,0,11.7,34.2,32180.73
Spain,02-09-2011,24,14.9,19.2,4.2,10.5,28.8,42715.73
Spain,03-09-2011,24.4,14.4,19.7,0,9.9,30.6,31375.5
Spain,04-09-2011,26.4,14.2,20.4,0,16.6,38.9,42479.23
Spain,05-09-2011,27.4,13.3,21,0,8.4,23.4,42747.48
Spain,06-09-2011,29.9,15.5,22.5,0,12.1,23.8,42604.77
Spain,07-09-2011,32.1,13.7,23.5,0,9,24.8,42471.66
Spain,08-09-2011,32.5,14.8,24,0,12.3,32,42349.07
Spain,09-09-2011,33.2,15.9,25.3,0,13.4,35.6,42199.43
Spain,10-09-2011,31.4,20.6,26.2,0,17.9,43.6,42143.1
Spain,11-09-2011,29.9,16.2,22.9,0,9.3,27,40148.16
Spain,12-09-2011,30.9,14,22.9,0,8.3,23,42030.01
Spain,13-09-2011,32.7,15.5,24.3,0,7.2,20.5,41973.24
Spain,14-09-2011,32,19.1,25.4,0,16.3,34.9,41916.3
Spain,15-09-2011,31.5,16.7,24.7,0,10.7,25.2,41803.01
Spain,16-09-2011,30.9,16.3,23.9,0,11.7,30.6,41646.98
Spain,17-09-2011,30,17.4,24.1,0,15.1,36.4,41491.2
Spain,18-09-2011,25.3,16.6,21,0,16.8,41.4,41335.31
Spain,19-09-2011,25.5,10.4,18.2,0,13,25.2,41178.36
Spain,20-09-2011,28.3,12.7,20.6,0,8.9,23,41020.41
Spain,21-09-2011,29.3,14,21.7,0,9.4,25.6,40861.55
Spain,22-09-2011,28.8,14.4,22.4,0,8.1,23,40701.86
Spain,23-09-2011,27.9,15.3,21.9,0,11.2,32,39568.19
Spain,24-09-2011,25.7,13.8,20.2,0,13.6,32.4,40380.44
Spain,25-09-2011,27,11.8,20.3,0,7,22,40218.9
Spain,26-09-2011,28,12.5,20.2,0,6.2,20.2,40056.93
Spain,27-09-2011,28.5,13,20.9,0,6.7,19.8,39894.64
Spain,28-09-2011,26.3,13.5,20.8,0,9.1,19.4,30016.46
Spain,29-09-2011,27,13.2,20.7,0,10.3,25.9,38456.21
Spain,30-09-2011,26.3,14,20.1,0,8.2,24.8,39113.81
Spain,01-10-2011,26.4,12.5,19.6,0,9.3,27.7,38889.96
Spain,02-10-2011,25.8,12.2,19.1,0,9.1,20.9,38768.95
Spain,03-10-2011,28.9,11.3,19.9,0,8.1,16.6,38741.22
Spain,04-10-2011,28.7,12.3,21.1,0,12,24.5,38523.34
Spain,05-10-2011,29.2,12,20.4,0,9.3,19.4,38311.29
Spain,06-10-2011,29.7,12.2,20.9,0,6.9,17.3,37779.34
Spain,07-10-2011,21.5,15.4,18.5,0,17.2,37.1,37244.73
Spain,08-10-2011,21.6,10.8,15.7,0,15.1,36,37260.98
Spain,09-10-2011,23.9,8.2,16.2,0,12.1,27,37122.07
Spain,10-10-2011,26.6,10.9,19,0,11.2,22.7,36987.98
Spain,11-10-2011,29.3,10,19.6,0,9,18.4,36778.14
Spain,12-10-2011,30.1,11,20.6,0,8.6,19.4,36603.82
Spain,13-10-2011,30.1,10.8,20.5,0,9,19.1,36446.45
Spain,14-10-2011,28.4,10.7,20.1,0,8.8,23.4,36354.3
Spain,15-10-2011,24.8,11.7,18.1,0,10,21.2,36093.76
Spain,16-10-2011,25,11.6,18.2,0,7.3,19.1,36044.23
Spain,17-10-2011,23.2,10.9,17,0,9,20.2,36001.3
Spain,18-10-2011,23.4,8.8,16.3,0,7.7,20.2,36012.37
Spain,19-10-2011,23.9,12,17.4,0,13.4,26.3,36000
Spain,20-10-2011,19.4,9.4,14.4,0,15.6,33.8,36000
Spain,21-10-2011,19.6,6.3,13,0,10.7,22.7,35998.18
Spain,22-10-2011,20.4,7.7,13.8,0,9.6,22,35855.42
Spain,23-10-2011,17.8,10.6,14,0.7,20.5,45,35696.64
Spain,24-10-2011,17,10.2,13.2,20.7,22.3,58.3,17751.93
Spain,25-10-2011,13.4,6.4,9.8,0,17.6,43.2,35382.54
Spain,26-10-2011,14.7,6.5,10.3,1,16.7,45.4,8406.72
Spain,27-10-2011,13.3,9.6,11.5,23.1,14.5,49.7,16409.38
Spain,28-10-2011,16.5,8.2,12.1,0,18.1,40,18254.68
Spain,29-10-2011,19.1,6.5,12.5,0,10.5,24.1,34769.9
Spain,30-10-2011,20,7.6,13.5,0,8.6,14.8,34617.86
Spain,31-10-2011,19.2,9.4,14.4,0,11.6,27.7,34465.98
Spain,01-11-2011,18.3,11.2,14.3,0,14.4,34.6,30132.21
Spain,02-11-2011,17,12,14.1,7.6,22.9,62.3,6392.43
Spain,03-11-2011,13.6,10.4,12.4,19.8,26.9,60.8,28188.21
Spain,04-11-2011,12,8.5,9.8,12.7,10,26.6,12302.83
Spain,05-11-2011,12.2,7.1,9.2,2.7,16.8,38.5,9939.14
Spain,06-11-2011,13.4,7.1,10,0.2,18.5,41.4,29816.38
Spain,07-11-2011,14.8,9.1,11.7,0.7,9.9,26.3,20802.08
Spain,08-11-2011,14.9,6.9,10.6,0,12.3,28.4,31291.5
Spain,09-11-2011,14.5,6,9.9,2.4,9.3,23.4,26263.82
Spain,10-11-2011,15.1,10,12.5,0,12.2,27,10857.58
Spain,11-11-2011,17.4,9.2,12.9,0,15.1,36.4,32614.2
Spain,12-11-2011,19.3,7,12.5,0,11.6,25.6,32713.57
Spain,13-11-2011,16.7,7.9,12.3,0.3,14.6,27.4,11422.07
Spain,14-11-2011,15.8,9.3,11.9,8.9,20.2,42.5,10938.53
Spain,15-11-2011,11.8,6.4,9,0.3,16.8,36,22487.39
Spain,16-11-2011,13.2,5.1,9.1,0,10.2,16.6,31537.14
Spain,17-11-2011,14.1,4.9,9.1,0,8.1,22.3,30103.52
Spain,18-11-2011,13.1,6.8,9.3,4.7,8.1,27.4,18964.89
Spain,19-11-2011,13.7,8.4,10.5,8.4,10.8,30.2,19391.83
Spain,20-11-2011,13,9.3,10.7,13.5,13.1,27.4,2761.8
Spain,21-11-2011,14,7.7,10.5,0,8.3,19.8,30275.15
Spain,22-11-2011,11.7,7.8,9.6,1.6,7.1,18.7,5035.27
Spain,23-11-2011,16,8.6,11.4,0.9,14.3,33.1,30973.54
Spain,24-11-2011,14.2,4.5,9,0,10.4,25.9,31019.46
Spain,25-11-2011,16.1,2.5,8.3,0,7.9,19.1,30431.52
Spain,26-11-2011,14.9,1.6,7.5,0,7.2,17.3,30283.6
Spain,27-11-2011,14.2,1.9,7.4,0,6.3,12.6,30305.9
Spain,28-11-2011,12.2,2.6,6.7,0,7.6,13.3,30497.46
Spain,29-11-2011,12.5,1.7,7,0,8.1,19.8,30287.93
Spain,30-11-2011,11.9,1.2,6.1,0,6.5,15.5,29998.6
Spain,01-12-2011,10,0.7,5.1,0,7.7,19.8,25463.49
Spain,02-12-2011,8.8,4.6,6.7,3.2,16.6,37.8,25883.38
Spain,03-12-2011,11.4,2.7,6.8,0,14.8,29.9,28800
Spain,04-12-2011,11.2,2.3,6.1,0,7.1,18.4,29698.23
Spain,05-12-2011,13.2,4.2,7.7,0,9.5,24.1,21818.94
Spain,06-12-2011,13.4,4.9,8.6,0,9,22.3,29468.31
Spain,07-12-2011,11.6,2.2,6.3,0,6.9,17.6,29744.15
Spain,08-12-2011,12.9,0.5,6,0,8.1,11.5,28827.96
Spain,09-12-2011,11.2,1.6,6.4,0,7.4,16.9,25636.24
Spain,10-12-2011,6.5,1.8,4.4,0.9,5.6,16.6,13962.47
Spain,11-12-2011,8.6,4.6,6,0.3,9.7,24.1,1252.84
Spain,12-12-2011,10.7,4.3,6.8,0,13.4,26.6,18026.44
Spain,13-12-2011,9.2,5.7,7.3,0,16.2,33.8,10630.88
Spain,14-12-2011,12.1,8.4,9.8,0.7,20.6,43.6,21203.93
Spain,15-12-2011,11.4,4,7.1,0,12.1,28.1,28772.62
Spain,16-12-2011,11.2,4.4,7.5,1.9,27.7,58,3872.78
Spain,17-12-2011,8.6,1.2,4.8,0,14.1,33.1,29045.54
Spain,18-12-2011,8.1,-0.5,2.9,0,13,28.8,29207.52
Spain,19-12-2011,8.2,-1.6,2.4,0,6.5,14.4,29578.71
Spain,20-12-2011,10,-0.6,3.7,0,6.6,14.8,28625.09
Spain,21-12-2011,13.7,1.5,6.9,0,7.4,11.9,29538.02
Spain,22-12-2011,14.2,0.3,5.7,0,8.1,14,29640.53
Spain,23-12-2011,13.8,-1.1,5,0,9.4,17.3,29643.1
Spain,24-12-2011,11.3,1.6,5.4,0,12.9,29.5,29650.18
Spain,25-12-2011,12.1,-1.8,3.9,0,6.2,15.1,29661.83
Spain,26-12-2011,10.1,-0.8,3.8,0,7.7,16.9,29678.06
Spain,27-12-2011,10.9,-0.5,4.6,0,8,14.8,29699.14
Spain,28-12-2011,10.9,-0.5,4.1,0,8.4,16.9,29725.27
Spain,29-12-2011,8.9,-0.7,4,0,14.8,33.1,29756.19
Spain,30-12-2011,9.6,-1.9,2.6,0,7.2,14.4,29791.8
Spain,31-12-2011,12.3,-0.1,5,0,8.2,16.6,29831.98
Spain,01-01-2012,11.9,0.4,5.2,0,10.6,24.8,29876.63
Spain,02-01-2012,10.7,3.9,7,0.9,15.5,35.6,27063.72
Spain,03-01-2012,12.1,-0.2,5.4,0,7.7,20.5,29978.83
Spain,04-01-2012,12.9,-1,5.1,0,6.8,14,30036.15
Spain,05-01-2012,13.6,1.2,5.7,0,8.1,19.4,30097.45
Spain,06-01-2012,13.6,0.8,6,0,13,26.6,30162.62
Spain,07-01-2012,13,0.6,5.6,0,7.6,16.2,30231.53
Spain,08-01-2012,13.4,-1.8,4.4,0,7,14,30304.05
Spain,09-01-2012,12.7,-1.9,3.9,0,7.9,15.1,30380.07
Spain,10-01-2012,11.1,-0.8,3.9,0,8.6,16.6,30459.46
Spain,11-01-2012,10.7,-1.2,3.5,0,8.8,17.3,29884.59
Spain,12-01-2012,8.8,-0.3,3.1,0,7.3,17.3,28349.83
Spain,13-01-2012,8,-1,3.1,0,7.2,12.2,3539
Spain,14-01-2012,9.2,0.9,4.1,0,9.5,23,30808.28
Spain,15-01-2012,4.1,-1,1.6,0.6,5.4,12.2,2992.64
Spain,16-01-2012,5.8,2,3.8,2.3,19.5,40.7,2256.55
Spain,17-01-2012,10.8,0.7,4.9,0,17.6,37.1,31101.62
Spain,18-01-2012,11.1,-2.1,3.1,0,7.3,13.3,31207.02
Spain,19-01-2012,12.3,0.5,5.3,0,8.7,12.6,21680.09
Spain,20-01-2012,12.8,0.6,5.9,0,13.4,26.6,30386.58
Spain,21-01-2012,12.9,-0.5,5.8,0,10.5,26.6,31544.61
Spain,22-01-2012,14.1,-0.2,5.8,0,8.2,15.5,31663.57
Spain,23-01-2012,12.7,-0.2,5.2,0,9.4,18.7,31785.39
Spain,24-01-2012,13.3,-0.6,5.8,0,10.1,21.6,31909.89
Spain,25-01-2012,12.4,0.3,5.4,0,9.4,17.3,32036.86
Spain,26-01-2012,11.1,-0.9,5.4,0,8,16.6,32166.11
Spain,27-01-2012,8.6,3,5.4,0.3,16.3,37.8,21624.72
Spain,28-01-2012,9.7,0,4.6,0,12.6,28.4,32337.58
Spain,29-01-2012,8.1,-0.5,3.1,0,20.9,41.4,32400
Spain,30-01-2012,9.2,-2.2,2.5,0,8,20.5,32407.5
Spain,31-01-2012,11.1,0,4.1,0,10.2,24.5,32414.36
Spain,01-02-2012,10.9,-0.7,4,0.9,9.2,23.8,32438.89
Spain,02-02-2012,3.6,-1.8,0.9,0.9,24.1,52.2,32554.96
Spain,03-02-2012,3.2,-2.6,-0.6,0,26,56.2,32658.54
Spain,04-02-2012,4.4,-2.7,0.2,0,30.9,64.4,32587.79
Spain,05-02-2012,7.5,-1.1,2.7,1.4,17.7,36.7,23909.38
Spain,06-02-2012,10,1,5.6,0,22.1,38.2,26705.1
Spain,07-02-2012,7.8,1,5.7,0.5,19.8,41,22048.62
Spain,08-02-2012,3.7,-1.7,0.4,0,29,59.8,33177.29
Spain,09-02-2012,8.6,-3.5,1.6,0,8.4,20.2,33599.4
Spain,10-02-2012,8.5,-3.2,1.5,0,15.6,32.8,33660.04
Spain,11-02-2012,5.9,-4.5,0.1,0,14.4,32,34318.95
Spain,12-02-2012,4.6,-3.1,-0.2,0,22.3,47.9,34402.14
Spain,13-02-2012,7.7,-1.8,1.7,0,25.3,52.6,34092.3
Spain,14-02-2012,7.7,-0.4,3,0,19,41.4,31120.78
Spain,15-02-2012,9,-2.1,3,0,16,33.1,34193.41
Spain,16-02-2012,10.2,0.2,5,0,22.3,43.9,34560.44
Spain,17-02-2012,10.3,0.7,4.9,0,15.1,30.2,35394.78
Spain,18-02-2012,11.3,0.4,5.1,0,9,20.5,35555.43
Spain,19-02-2012,12.9,-2,4.9,0,9.9,24.8,35151.74
Spain,20-02-2012,11.2,-3,4.3,0,11.1,26.6,35877.39
Spain,21-02-2012,11.2,-2.6,3.3,0,8.3,14.4,35728.1
Spain,22-02-2012,12.6,-3.5,3.6,0,7.8,14.4,36199.27
Spain,23-02-2012,14.8,-3.4,4.5,0,7.2,15.1,36359.84
Spain,24-02-2012,15.8,-1.8,6.2,0,6.1,16.6,36519.98
Spain,25-02-2012,17.6,-1.6,7.4,0,8,21.6,34777.16
Spain,26-02-2012,19.4,2.9,10.3,0,8.5,20.2,36840.46
Spain,27-02-2012,17.9,0.8,9.3,0,10.5,27.7,37002.27
Spain,28-02-2012,18,2.3,9.8,0,8.9,19.1,37165.07
Spain,29-02-2012,18.9,3.2,10.7,0,8.2,18,37328.71
Spain,01-03-2012,18.4,3,10.8,0.2,8,20.5,37493.07
Spain,02-03-2012,14.6,4.6,9.7,0.1,13.4,28.1,37658.02
Spain,03-03-2012,15,3.1,9.1,0,10.3,29.2,35348.47
Spain,04-03-2012,15.9,4.3,9.6,0.1,16.8,39.2,31819.07
Spain,05-03-2012,13.8,2,8.4,0,11.8,27.7,38155.15
Spain,06-03-2012,13,-0.5,6.7,0,14.3,34.2,38321.22
Spain,07-03-2012,14.2,-1.4,6.2,0,8.4,18.7,37804.94
Spain,08-03-2012,15,0.3,7.5,0,20.9,45,38653.17
Spain,09-03-2012,19.8,0.6,9.6,0,15.5,35.3,38818.82
Spain,10-03-2012,17.7,1.7,9.7,0,8.9,22.3,37688.26
Spain,11-03-2012,19.3,1.5,10.3,0,11,31.7,39125.22
Spain,12-03-2012,21,2,11.4,0,9,23.8,39191.32
Spain,13-03-2012,21.8,3.7,13.1,0,9.1,20.2,39263.58
Spain,14-03-2012,23.9,3.5,13.7,0,8.2,17.3,39358.53
Spain,15-03-2012,22.8,5.5,14.5,0,7.8,20.9,39387.31
Spain,16-03-2012,17,5.5,11.1,0.1,17.2,37.1,39491.29
Spain,17-03-2012,16.8,6.2,10.7,0,21.7,51.1,39609.07
Spain,18-03-2012,13.6,2.7,8.7,0,16.7,38.5,39865.35
Spain,19-03-2012,13,-1.1,6.2,0,18.5,41,39974.68
Spain,20-03-2012,11.6,1.7,6.9,0.2,19.6,48.2,26655.22
Spain,21-03-2012,9.1,2.7,5.7,6.9,16.3,39.6,31448.99
Spain,22-03-2012,15.5,-1.6,7,0,7.7,22,40207.15
Spain,23-03-2012,19.4,1.4,10.5,0,10.4,25.2,33960.97
Spain,24-03-2012,20.8,3.5,12.5,0,9.9,21.2,40897.15
Spain,25-03-2012,21.2,5.7,14.6,0,8,23.4,41034.72
Spain,26-03-2012,19.7,4.5,12.4,0,11.3,24.1,40823.43
Spain,27-03-2012,19.7,4.1,12.3,0,10.4,28.4,41232.65
Spain,28-03-2012,20.8,3.4,13.2,0,15,34.2,41443.05
Spain,29-03-2012,21.2,2.9,13.3,0,12.3,34.6,41608.86
Spain,30-03-2012,21.7,3.6,13.7,0,9.7,27,41584.33
Spain,31-03-2012,20.7,6,13.9,0,7.6,19.4,38065.91
Spain,01-04-2012,20.6,9,14.7,0,9,24.5,41849.51
Spain,02-04-2012,19.2,9.2,13.8,0.1,14.5,29.5,41780.35
Spain,03-04-2012,15.8,8,11.8,9,10.1,34.2,31342.78
Spain,04-04-2012,14,8.4,10.5,8.9,11.1,31.7,33936.88
Spain,05-04-2012,12.8,6.8,9.3,4.7,10.8,38.2,29811.59
Spain,06-04-2012,11,3.2,6.8,2.9,21.5,47.2,40037.08
Spain,07-04-2012,11.4,1.7,6.7,0.2,17.1,39.6,35215.72
Spain,08-04-2012,17.7,3.1,10.1,0,6.4,18.4,43380.66
Spain,09-04-2012,20.3,2.9,12,0,16.1,37.1,43088.15
Spain,10-04-2012,17,8.2,12.6,0.7,27.2,65.9,42283.53
Spain,11-04-2012,16.8,6,11.1,0,15.8,38.2,38911.29
Spain,12-04-2012,14.6,7.7,10.7,0.4,11.9,28.8,40392.04
Spain,13-04-2012,13.6,3.3,9,0.2,17.8,43.6,42797.46
Spain,14-04-2012,12.8,5.9,9,4.4,21.2,57.6,37939.36
Spain,15-04-2012,12.1,2.9,7.2,0,23.1,53.6,43318.82
Spain,16-04-2012,12.1,4,7.6,0,26.3,58,44821.74
Spain,17-04-2012,19.3,2.4,10.1,0,17.8,40.3,43139.88
Spain,18-04-2012,13.8,5.8,10.1,0.6,24.5,53.6,25118.71
Spain,19-04-2012,14.3,6.3,9.9,1.8,23.5,58,38550.05
Spain,20-04-2012,16.5,7.6,11.7,0.3,22.5,51.5,36758.36
Spain,21-04-2012,17.3,5.5,12,0.3,19.5,43.6,44310.12
Spain,22-04-2012,18.8,7.1,12.7,0,14.1,34.2,44723.47
Spain,23-04-2012,19.3,4.3,12.2,0,24.9,52.9,45327.46
Spain,24-04-2012,16.4,5.4,11.3,0,15.4,36,45425.66
Spain,25-04-2012,18,7,12.2,0,30.6,66.2,43294.82
Spain,26-04-2012,13.5,9.2,10.9,6,20.3,42.1,8720.45
Spain,27-04-2012,15.7,5.7,11.3,0.1,15.3,32,22537.68
Spain,28-04-2012,11.2,7.8,9.1,6.3,17.6,40.7,14111.16
Spain,29-04-2012,13,5.8,8.4,1.7,15.5,40.3,42822.18
Spain,30-04-2012,14.9,2.6,8.8,0,16,37.1,44501.01
Spain,01-05-2012,14.6,4.2,9.5,2.4,14.8,40.7,46354.16
Spain,02-05-2012,16.9,3.5,10.6,0,15.3,37.4,44997.41
Spain,03-05-2012,15.8,6.8,11.7,3.2,16.6,49.3,45777.85
Spain,04-05-2012,14.8,8.2,11.2,2.1,21.4,59,38507.91
Spain,05-05-2012,15.7,7.6,11.3,0.2,18.1,41.8,42659.37
Spain,06-05-2012,17.1,5.8,11.9,0,14.9,32.8,44966.03
Spain,07-05-2012,18.6,7.6,13,0.2,20.6,46.4,39104.46
Spain,08-05-2012,22,11.6,16.2,0.7,18.1,43.6,30765.39
Spain,09-05-2012,25.3,10,18.1,0,9.5,26.3,47815.91
Spain,10-05-2012,29.6,11.3,20.8,0,9.5,22,48000.93
Spain,11-05-2012,31.4,13.2,22.6,0,10,22.7,48114.65
Spain,12-05-2012,31.4,14.2,23.1,0.8,17.3,34.9,47110.5
Spain,13-05-2012,30.9,14.9,23.3,0,19.1,44.3,48236.9
Spain,14-05-2012,29.5,13.6,22.1,0,16.6,34.9,48200.88
Spain,15-05-2012,27.2,12.2,20.4,0,11.6,24.1,48545.03
Spain,16-05-2012,28.8,12.1,20.8,0,12,26.6,48647.09
Spain,17-05-2012,29.9,14.1,22.7,0,22.2,58.7,47774.57
Spain,18-05-2012,26.6,14.4,21.2,0,18.6,42.8,48846.07
Spain,19-05-2012,18.8,13.1,16.1,0.5,20.4,50.4,48924.93
Spain,20-05-2012,15.5,9,12.2,2.5,12.4,31.7,47124.56
Spain,21-05-2012,19,5.9,12.7,0,20.7,47.2,47976.11
Spain,22-05-2012,22.6,7.6,15.8,0,10.9,34.2,49051.34
Spain,23-05-2012,27.6,8.7,19.2,0,8,17.6,49090.23
Spain,24-05-2012,29.7,12.4,22.1,0,8.4,19.4,49127.48
Spain,25-05-2012,30.2,14,22.4,0.2,17.6,43.9,46482.26
Spain,26-05-2012,25.5,13.2,20,0,15.5,39.2,49196.98
Spain,27-05-2012,26.3,9.9,19.1,0,8.4,20.9,49229.18
Spain,28-05-2012,28.8,13.3,21.8,0,10.4,25.6,49259.67
Spain,29-05-2012,28.8,14.2,22.1,0,14.4,34.2,49288.42
Spain,30-05-2012,31.1,14.2,23.5,0,9,25.2,47895.02
Spain,31-05-2012,33.1,14.9,24.9,0,9.8,25.9,49340.64
Spain,01-06-2012,33.8,16.6,26,0,10.9,23.8,47961.52
Spain,02-06-2012,29.4,18.7,24.4,0.4,21.7,49,43288.12
Spain,03-06-2012,27,17.7,22.5,0.1,10.9,28.1,49405.49
Spain,04-06-2012,29.3,13.7,22.3,0,6.5,23.8,48592.13
Spain,05-06-2012,31.3,15.8,24,0,16.9,37.8,49439.3
Spain,06-06-2012,29.9,16.3,23.8,0,23.2,53.6,49321.13
Spain,07-06-2012,26.2,18.3,22.3,0,25.5,58.7,49569.09
Spain,08-06-2012,24.5,14.6,20,0,9.6,26.6,48998.88
Spain,09-06-2012,27.7,12.2,20.4,0,11.5,34.9,45471.34
Spain,10-06-2012,27.3,15.3,22.2,0,19.8,44.3,49671.25
Spain,11-06-2012,24.8,14.1,20.1,0,23.9,51.5,49676.07
Spain,12-06-2012,23.7,11.8,17.9,0,16.5,34.2,49763.39
Spain,13-06-2012,26.6,10.3,19.4,0,8.5,25.2,49679.59
Spain,14-06-2012,29.4,13.9,22.4,0,19.6,46.1,49854.08
Spain,15-06-2012,30.3,15.7,23.5,0,19.1,46.1,49853.98
Spain,16-06-2012,31,15.3,24,0,16.8,37.8,49942.49
Spain,17-06-2012,31.3,15,24.3,0,21.2,46.8,49939.71
Spain,18-06-2012,30.3,16.1,24.5,0.1,14.8,37.4,47234.93
Spain,19-06-2012,27,17.2,22.3,1.5,13.7,38.5,32232.11
Spain,20-06-2012,29.3,14.9,22.4,0,19.9,45.7,49730.38
Spain,21-06-2012,28.7,18,23.3,0,17.6,41.8,49069.91
Spain,22-06-2012,31,13.2,23.2,0,10.8,30.6,49993.6
Spain,23-06-2012,33.7,15.2,25.4,0,12.4,34.9,49980.46
Spain,24-06-2012,36,16,27.4,0,8,25.2,49965.66
Spain,25-06-2012,36.9,21.4,29.3,0,16.2,35.3,49851.65
Spain,26-06-2012,38.7,22.3,30.6,0,12.9,27.4,45758.12
Spain,27-06-2012,35.8,21.7,30.5,0,18.4,48.2,48851.98
Spain,28-06-2012,34.3,20.5,28.5,0,22.9,52.6,49884.38
Spain,29-06-2012,30.2,20.5,25.6,0,23.7,54.4,49955.78
Spain,30-06-2012,27.3,14.9,22,0,17.6,41,49637.37
Spain,01-07-2012,25.8,14.7,20.3,0,14.5,40.3,49801.49
Spain,02-07-2012,29.3,13.5,22,0,11,24.8,49578.01
Spain,03-07-2012,32.6,16.1,26.1,0,14.8,38.2,49259.45
Spain,04-07-2012,31.8,17.7,25.8,0,15.6,35.6,49512.45
Spain,05-07-2012,28.7,16.8,23.6,0,14.6,35.6,49665.67
Spain,06-07-2012,29.8,14.8,22.9,0,14.1,37.4,49441.27
Spain,07-07-2012,31.1,17.1,24.6,0,24.7,57.2,49495.91
Spain,08-07-2012,31.5,15.1,24.1,0,14.4,36.4,49456.04
Spain,09-07-2012,31.7,18.4,25.3,0,19.9,48.2,49414.87
Spain,10-07-2012,30.3,16,24.1,0,18.1,45.4,49372.48
Spain,11-07-2012,30.7,16.7,23.8,0,21.3,45.4,49068.15
Spain,12-07-2012,32.2,15.3,24.3,0,14.3,36.7,49198.88
Spain,13-07-2012,34.5,16.9,26.4,0,20.2,50.4,49071.34
Spain,14-07-2012,30,18.3,24.8,0,12.6,33.5,49028.22
Spain,15-07-2012,30.9,15.8,23.7,0,13.7,32,48983.64
Spain,16-07-2012,32.7,17.7,25.4,0,20.7,44.6,48514.12
Spain,17-07-2012,35.4,20.6,28.2,0,15,33.1,48889.3
Spain,18-07-2012,36.4,18.9,28.5,0,11.5,24.5,48767.58
Spain,19-07-2012,37.3,19.9,29.8,0,14,37.1,48718.98
Spain,20-07-2012,34.4,18.7,27.8,0,11.9,33.8,48500.77
Spain,21-07-2012,33.8,20,27.3,0,12.8,30.2,48290.45
Spain,22-07-2012,34.6,19.7,27.3,0,17.1,36.4,48272.55
Spain,23-07-2012,34.5,19.4,27.4,0,12.6,30.2,48368.29
Spain,24-07-2012,34.5,19.7,27.2,0,13.4,33.5,47964.1
Spain,25-07-2012,34.3,20.1,28.2,0.7,12.6,30.6,46073.1
Spain,26-07-2012,34.6,20.9,27.8,1.3,10.9,30.2,46814.93
Spain,27-07-2012,31.9,21.5,25.9,0.3,15.2,39.2,47696.36
Spain,28-07-2012,30.5,17.8,24.1,0,14.4,37.1,47578.21
Spain,29-07-2012,32.3,17.6,25.5,0,12.3,32,47564.05
Spain,30-07-2012,34.5,17,27,0,12.5,33.5,47645.26
Spain,31-07-2012,35.5,19.3,27.8,0,22.2,47.2,47626.1
Spain,01-08-2012,34.5,18.4,27,0,20.2,48.2,47515.61
Spain,02-08-2012,34.4,16.5,26.2,0,16.4,41.8,47410.28
Spain,03-08-2012,34.4,17.5,26.7,0,13.6,33.5,47296.94
Spain,04-08-2012,32.8,17.9,26.2,0.2,16.6,41.4,47138.56
Spain,05-08-2012,28.8,17.7,23.1,1.3,26.1,58.7,46984.11
Spain,06-08-2012,28.3,14.4,21.9,0,7.9,21.2,46760.41
Spain,07-08-2012,32.6,16,24.7,0,9.3,27.4,46548.8
Spain,08-08-2012,34.4,19.1,27.2,0,12.6,29.5,46613.98
Spain,09-08-2012,38.1,21.2,29.8,0,14.5,42.8,46537.11
Spain,10-08-2012,39.2,22.8,32.1,0,12.9,34.9,46399.94
Spain,11-08-2012,38.2,23.5,31.4,0,27.1,60.8,46322.61
Spain,12-08-2012,32.6,19.9,26.8,0,13,33.8,45044.52
Spain,13-08-2012,31.7,18.2,25.6,0,13.6,30.6,46116.56
Spain,14-08-2012,31.2,18.8,25.3,0,18.6,44.6,45997.39
Spain,15-08-2012,24.6,19,22.3,0,22.3,49.3,33223
Spain,16-08-2012,31.5,17.6,24.1,0,13,36,45837.72
Spain,17-08-2012,37.7,18.1,28.2,0,12.6,33.5,45756.61
Spain,18-08-2012,37.7,20.6,29.8,0,14.2,43.9,45662.9
Spain,19-08-2012,36.1,22.2,29.9,0,18.1,45,45592.14
Spain,20-08-2012,36.6,21.2,29.9,0,12.3,32,45508.94
Spain,21-08-2012,37.1,20.6,29.5,0,15.5,38.2,45425.18
Spain,22-08-2012,36.6,19.9,29.1,0,16,39.6,45297.16
Spain,23-08-2012,34,21.2,28,0,19.9,46.4,45157.29
Spain,24-08-2012,31.8,18,25.5,0,17.6,42.5,45015.88
Spain,25-08-2012,29.8,18.3,24.4,0,11,29.5,44872.94
Spain,26-08-2012,30.9,16.2,23.6,0,12.7,30.2,44728.61
Spain,27-08-2012,32.7,17.2,25.9,0,17.8,41,44412.91
Spain,28-08-2012,32.4,17.9,25.3,0,15.6,37.1,43286.84
Spain,29-08-2012,31.4,20.4,26,0,18.2,42.8,43785.08
Spain,30-08-2012,29.7,18,24,0,24.5,51.1,43066.64
Spain,31-08-2012,28,13.5,20.6,0,19.8,46.8,43722.29
Spain,01-09-2012,27.4,13.1,20.1,0,17.3,33.5,42604.25
Spain,02-09-2012,26.7,12.1,19.7,0,15.1,35.3,43258.14
Spain,03-09-2012,27.7,13.7,20.5,0,17.1,36.4,43001.09
Spain,04-09-2012,28.4,14.3,21.4,0,17.8,36,42843.17
Spain,05-09-2012,29.3,15.4,22.5,0,14.8,31.7,42546.23
Spain,06-09-2012,30.2,17.3,24,0,13,31.7,42486.17
Spain,07-09-2012,31.1,16.1,24.3,0,9.1,21.6,42362.78
Spain,08-09-2012,31.2,16.6,24.7,0,11.2,25.9,42212.71
Spain,09-09-2012,28.5,19.1,23.7,0,12.1,31,42156.36
Spain,10-09-2012,27.6,18.7,22.9,0,13.9,35.3,40856.97
Spain,11-09-2012,29.7,14.7,22.9,0,8.1,19.8,42043.3
Spain,12-09-2012,31.6,15.1,23.9,0,14.6,33.8,41986.59
Spain,13-09-2012,26.1,15.3,21.1,0,15.3,36.4,41929.72
Spain,14-09-2012,31.1,11.1,21.4,0,11.4,22.7,41849.1
Spain,15-09-2012,32.7,14.1,23.5,0,9.7,20.5,41692.23
Spain,16-09-2012,32.4,15.8,25.4,0,13.1,36,39882.76
Spain,17-09-2012,31.2,18.2,24.7,0,15.3,38.2,36122.6
Spain,18-09-2012,30.2,18.8,24.1,0,13.5,32.4,38513.68
Spain,19-09-2012,28.7,17.1,23.1,0,16.8,38.5,41056.82
Spain,20-09-2012,27.5,17.5,22.6,0,11.3,31.3,40181.72
Spain,21-09-2012,29,17.4,23.2,0,12.4,36,40735.64
Spain,22-09-2012,29.3,18.1,23.8,0,13.8,37.4,40574.53
Spain,23-09-2012,26.4,16.6,20.8,0.5,30.9,73.8,29203.6
Spain,24-09-2012,23.1,14.4,17.9,0,18.6,42.5,39018.8
Spain,25-09-2012,18.7,11.8,15.4,0,26.5,56.2,22955.65
Spain,26-09-2012,18.8,11.8,14.9,6.1,22.3,44.3,34757.36
Spain,27-09-2012,18.8,10.3,14.2,3.2,13.7,32.8,22206.2
Spain,28-09-2012,16.3,14,15.1,30.4,16.2,38.9,64.91
Spain,29-09-2012,18.3,13.2,15,16.9,17,39.2,6939.46
Spain,30-09-2012,19.4,7.2,13.7,0,7.2,26.3,38920.75
Spain,01-10-2012,21.1,7.6,14.3,0,7.9,20.5,39000.05
Spain,02-10-2012,21.5,9.4,15.7,0,8.7,22.3,37421.89
Spain,03-10-2012,22.6,9.4,16.8,0,9.9,28.8,38562.3
Spain,04-10-2012,23.1,9.4,17.1,0,6.5,17.6,38350.11
Spain,05-10-2012,24.4,10.5,17.1,0,6.5,19.4,38142.89
Spain,06-10-2012,23.2,12.5,17.7,0,13.8,32.8,34485.66
Spain,07-10-2012,26.1,12.3,18.9,0,7.9,14,37020.18
Spain,08-10-2012,27.1,16.9,21.4,0,9.9,27.7,36894.21
Spain,09-10-2012,26.7,13.3,20,0,11.2,29.2,36753.76
Spain,10-10-2012,25.7,14.9,20.1,0,16.3,40.7,36159.92
Spain,11-10-2012,21.8,14.4,17.8,0.3,15.8,38.5,36093.91
Spain,12-10-2012,18.9,13.7,16,1.3,7.6,23,36027.29
Spain,13-10-2012,20.1,9.8,14.9,0.7,10.2,21.6,36222.48
Spain,14-10-2012,18.4,8.8,13.5,1.4,20.4,50.4,30729.28
Spain,15-10-2012,16.8,5.5,11.1,0,10.5,23.4,36127.9
Spain,16-10-2012,18.8,8.9,13,0,14.8,38.9,36040.22
Spain,17-10-2012,20.7,9.8,14.5,0,15.9,39.6,36006.75
Spain,18-10-2012,20.3,10.3,15.4,1.2,14.1,36.7,30248.67
Spain,19-10-2012,14.9,9.1,12.4,8.1,9.7,53.6,22570.74
Spain,20-10-2012,18.1,10.1,13.3,0.1,8.2,19.8,31956.06
Spain,21-10-2012,14.8,9.9,12.3,4,7.9,19.1,19656.39
Spain,22-10-2012,18.9,8.1,13.1,0,7.9,19.4,35743.56
Spain,23-10-2012,21.1,9.7,14.9,0,5.5,16.6,35587.76
Spain,24-10-2012,19.3,9.8,14.1,0.7,7.9,16.9,9926.85
Spain,25-10-2012,17.3,12.7,14.1,14.1,13.4,32.4,20709.09
Spain,26-10-2012,16.1,11.3,13.2,5,12.7,36,32767.9
Spain,27-10-2012,14.3,8.1,11.4,0.7,19.1,44.6,34775.06
Spain,28-10-2012,11.4,2.1,6.8,0,14.5,34.2,34808.04
Spain,29-10-2012,12.7,2.1,7,0,7.6,21.6,34652.95
Spain,30-10-2012,8.9,3.3,6.3,19.2,10.2,23.4,0
Spain,31-10-2012,12.5,5.2,8.6,0,16.3,37.1,34344.83
Spain,01-11-2012,13.6,4.2,8.9,0,20,46.4,23065.33
Spain,02-11-2012,14.7,8.8,11.4,0.2,18.9,41.4,30678.61
Spain,03-11-2012,13.9,9.5,11.5,16.2,10.1,20.5,2763.76
Spain,04-11-2012,14,10.8,12.8,23.1,9.5,41.4,0
Spain,05-11-2012,13.3,3,8.7,0,12.5,25.2,31580.52
Spain,06-11-2012,12.9,3.8,8.1,0,16.1,36,31859.75
Spain,07-11-2012,10.1,4.4,7.1,11.7,16.4,41.8,4314.39
Spain,08-11-2012,14.9,9.3,11.4,10.2,11.1,40.7,21201.03
Spain,09-11-2012,13.4,9.8,11.1,14.5,9.3,25.9,5423.25
Spain,10-11-2012,12.3,8.1,9.9,0.4,17.7,39.6,25030.64
Spain,11-11-2012,10.8,5.1,7.8,0.7,24.6,54.4,32755.05
Spain,12-11-2012,13.5,3.9,7.9,0,19.9,39.6,32622.43
Spain,13-11-2012,15.1,0.7,7.6,0,12.5,25.9,32490.86
Spain,14-11-2012,16.7,9,12.2,0,12.7,30.2,21082.1
Spain,15-11-2012,15.7,8.9,11.9,0,14.5,20.9,12115.69
Spain,16-11-2012,15.5,8.5,11.3,0.4,9.7,21.6,18955.19
Spain,17-11-2012,12.3,8.9,10.3,12.3,9.5,23,7945.27
Spain,18-11-2012,13.8,7,9.8,0.2,14.3,34.9,18708.51
Spain,19-11-2012,14.2,5.3,9.1,0,9.7,22.7,31732.72
Spain,20-11-2012,13.2,4.4,9.5,0,10,26.3,21662.92
Spain,21-11-2012,12.7,7.3,9.8,0,9,21.2,9242.48
Spain,22-11-2012,13.6,6.9,10.2,0,9.8,22,30033.47
Spain,23-11-2012,13.6,8.4,10.4,0,14.2,31.7,27199.58
Spain,24-11-2012,14.4,8.6,10.9,0,10.2,28.1,21686.09
Spain,25-11-2012,14.7,8.1,10.9,0,9.3,26.3,24661.04
Spain,26-11-2012,11.7,7,9.9,4.8,14.3,33.5,12655.04
Spain,27-11-2012,8.1,1.8,4.8,0,13.2,33.1,30123.48
Spain,28-11-2012,8.7,-1.8,3.4,0,18,41.4,29622.24
Spain,29-11-2012,8,1.8,4.5,0,20.7,41.4,28988.49
Spain,30-11-2012,7.9,0.5,3.8,0,13.6,29.2,29048.2
Spain,01-12-2012,8,-1.3,3.1,0,18.1,38.2,30026.48
Spain,02-12-2012,7.8,-1.5,2.5,0,7.7,21.2,30007.2
Spain,03-12-2012,9.5,-1.3,2.8,0,8.5,17.6,29798.85
Spain,04-12-2012,10.7,0.1,4.8,0,15.3,33.5,19367.49
Spain,05-12-2012,9.3,0.5,4.5,0,14.6,33.8,29003.19
Spain,06-12-2012,8.3,0.6,4,0,9.2,22.3,28853.1
Spain,07-12-2012,9.4,4.6,6.4,3.1,5.9,14.4,752.03
Spain,08-12-2012,9.6,1.9,6.1,0,12,24.8,29752.14
Spain,09-12-2012,9.3,-1.9,2.8,0,8.3,14,29838.89
Spain,10-12-2012,7.8,-1.4,2.9,0,5.9,11.9,25289.69
Spain,11-12-2012,10.3,-2,3.4,0,6.5,15.1,29266.05
Spain,12-12-2012,7.9,-0.7,3.2,0,8.2,14.8,29499.3
Spain,13-12-2012,7.7,1.9,4.6,1,18.4,42.5,15922.41
Spain,14-12-2012,11.3,6.8,8.8,4.4,27.6,77.8,0
Spain,15-12-2012,12.9,9,11,0.8,23.4,54.4,16097.34
Spain,16-12-2012,11.5,8.5,9.7,0,20.9,47.2,11743.64
Spain,17-12-2012,12.8,5.8,10.3,0,13.5,31.3,24218.91
Spain,18-12-2012,9.5,3.4,6.2,0.6,7,16.2,16430.81
Spain,19-12-2012,9.6,6.1,7.8,0,6.6,14.4,0
Spain,20-12-2012,12.2,7.5,9.2,0.2,15.6,34.6,18310.48
Spain,21-12-2012,14.7,7,10,0,16.2,36.7,19681.31
Spain,22-12-2012,13.2,8.2,10,0,9.3,20.5,27190.12
Spain,23-12-2012,13.1,6.6,9.4,0,5.1,14.4,27577.06
Spain,24-12-2012,13.7,3.6,8.8,0,8.6,22.7,29388.93
Spain,25-12-2012,11.4,6.8,8.9,1.2,15.1,32,21688.99
Spain,26-12-2012,10.7,0,5,0.2,7.1,20.2,29699.07
Spain,27-12-2012,9.9,-0.9,4,0,7.6,16.2,29725.21
Spain,28-12-2012,10.3,-0.3,4.3,0,7.3,13.7,29755.71
Spain,29-12-2012,7.9,0.2,4.1,0,10.7,26.6,15730.85
Spain,30-12-2012,9.2,1.7,4.3,0,6.6,14.4,28451.4
Spain,31-12-2012,7,1.1,4.1,0.5,10.8,28.4,16059.05
Spain,01-01-2013,10.7,3.5,5.9,3.5,10.1,21.2,29180.49
Spain,02-01-2013,10.2,0.9,5.3,0,16.3,35.3,29285.48
Spain,03-01-2013,10.9,0.2,5.6,0,11.3,27.4,30025.94
Spain,04-01-2013,11.8,0.4,4.9,0,8,12.2,30084.74
Spain,05-01-2013,11.7,0.8,5.3,0,7.9,12.6,30147.23
Spain,06-01-2013,11.7,-0.9,4.2,0,8.6,15.1,30213.33
Spain,07-01-2013,9.7,-1.2,4.2,0,8.6,14.4,30282.96
Spain,08-01-2013,8.2,-1.2,2.6,0,7.1,15.5,30356.01
Spain,09-01-2013,6.9,0,2.8,0,10.8,24.5,26916.52
Spain,10-01-2013,12.3,2.6,6.3,0,8,19.8,30512.4
Spain,11-01-2013,8.2,1.1,4.6,0,11.4,23.8,29386.19
Spain,12-01-2013,9.3,2.9,6.1,1.2,20.5,43.2,24724.37
Spain,13-01-2013,7.6,0.1,4.3,2.8,17.2,43.6,30288.38
Spain,14-01-2013,8.5,1.2,4.7,0,16.3,37.4,30374.75
Spain,15-01-2013,9.9,1,4.8,0,15,34.2,30975.55
Spain,16-01-2013,7.9,3,5.4,3.7,20,44.3,0
Spain,17-01-2013,11.9,6.9,8.5,0,13,29.9,26163.66
Spain,18-01-2013,11.5,7.7,10,0.2,25,51.8,168.65
Spain,19-01-2013,9.9,4.6,7.4,16.8,30.5,78.5,9794.21
Spain,20-01-2013,7.6,3.4,4.9,1.3,22.2,54.7,18545.13
Spain,21-01-2013,7.6,0.5,4.9,0.2,16.6,36.4,31644.53
Spain,22-01-2013,4.1,-2.3,1.3,3.2,18.2,51.1,10126.16
Spain,23-01-2013,7.4,0.2,3.1,1.1,23.2,50.4,31270.53
Spain,24-01-2013,9.6,2.6,6.8,0.6,24.7,55.1,32013.42
Spain,25-01-2013,10.9,1.7,6,0,10.7,22.3,25525.58
Spain,26-01-2013,14.6,7.4,10,0,15.9,36.4,32243.97
Spain,27-01-2013,9.7,3.8,6.7,3.3,17.5,45.4,9545.59
Spain,28-01-2013,11.6,-0.2,5.8,0,17,38.5,32405.46
Spain,29-01-2013,11.9,1.9,6.2,0,8.4,17.3,32400
Spain,30-01-2013,13.5,3,7.4,0,9.1,19.8,32400
Spain,31-01-2013,14.2,1.2,7,0,8.7,15.8,32407.36
Spain,01-02-2013,14.9,2.9,8.4,0,19.7,42.1,32442.03
Spain,02-02-2013,8.9,3.5,6.4,0.2,23.6,52.6,32527.75
Spain,03-02-2013,8.4,2,4.6,0,18,37.8,32400
Spain,04-02-2013,13.2,-0.7,5.2,0,7.3,13.3,32754.34
Spain,05-02-2013,13.4,1.9,6.9,0,10.2,26.3,32719.53
Spain,06-02-2013,8.8,4,5.9,0.1,24.8,51.5,32671.44
Spain,07-02-2013,7.7,0.9,4.1,0,16.7,38.9,30630.35
Spain,08-02-2013,8.9,-1.5,3.3,0,20.9,44.6,33209.73
Spain,09-02-2013,9.4,0.2,4.1,0,15.8,36.4,31879.53
Spain,10-02-2013,9.7,-1.1,4.1,2,28.5,59.4,28141.17
Spain,11-02-2013,6.5,1.1,3.6,0.8,25.7,65.5,33398.4
Spain,12-02-2013,9.2,-0.2,3.8,0,16.9,42.8,33320.58
Spain,13-02-2013,13.5,2.7,7.2,0,14,32.4,22895.3
Spain,14-02-2013,14.4,-0.4,6.6,0,8.3,18,34825.06
Spain,15-02-2013,14.5,-0.3,6.6,0,9,15.5,34817.84
Spain,16-02-2013,13.1,1.5,7.7,0,7.6,20.2,29474.19
Spain,17-02-2013,11.5,1.5,6.9,1.5,12,28.4,16842.91
Spain,18-02-2013,11.7,5.9,8.1,0.8,8.2,24.1,28054.73
Spain,19-02-2013,11.5,5,7.7,8.8,11.8,25.2,10465.12
Spain,20-02-2013,11.7,6.8,8.7,1.3,11,20.9,17906.3
Spain,21-02-2013,10.8,4.6,7.8,2.3,17.6,42.8,22640.93
Spain,22-02-2013,10.6,5.9,7.8,6.9,19.3,42.8,24537.85
Spain,23-02-2013,5.6,0.6,3.5,0.3,19.6,42.8,36472.29
Spain,24-02-2013,7.1,-1.7,2.2,0,17.3,41.4,36635.32
Spain,25-02-2013,6.8,-3.1,1.8,0,15.1,30.2,36151.65
Spain,26-02-2013,7.7,-2.6,2.6,0,8.7,23.8,32157.95
Spain,27-02-2013,5.6,-0.9,2.3,2.7,17.7,41.4,26298.2
Spain,28-02-2013,5.9,0.3,2.8,5.3,26.1,59.8,27466.12
Spain,01-03-2013,10.2,1.5,5.4,0.2,21,45,31833.02
Spain,02-03-2013,11.7,-1.9,5.3,0,9.9,19.4,36128.09
Spain,03-03-2013,11.9,2.2,6.9,0,10.8,25.9,23165.54
Spain,04-03-2013,11.5,4.5,7.4,9.6,25.1,55.8,13996.71
Spain,05-03-2013,12.5,7.2,9.4,12.8,14.2,30.2,26397.73
Spain,06-03-2013,13,6.8,9.4,0.7,20.5,48.2,21526.08
Spain,07-03-2013,14.2,8.8,10.8,5.7,25.5,63,13641.66
Spain,08-03-2013,11.7,7.4,9.1,5.5,21.1,52.2,12229.37
Spain,09-03-2013,12.1,7.1,8.9,2.1,20.5,48.2,27626.15
Spain,10-03-2013,11.3,5.9,7.7,0.8,21.1,51.8,31843.16
Spain,11-03-2013,11.5,4.4,7.3,1.7,24.7,55.1,33125.98
Spain,12-03-2013,11,3.4,6.9,0,17.1,36.4,39175.4
Spain,13-03-2013,5.7,1.5,3.8,0.2,28.6,64.8,39241.03
Spain,14-03-2013,8.7,-1.5,3.6,0,19.4,40.3,39306.34
Spain,15-03-2013,11.5,-2.1,4.5,0,9.3,22.7,39410.04
Spain,16-03-2013,11.5,4.1,7,4,14,33.5,19830.02
Spain,17-03-2013,11.9,5,7.9,6,18.4,51.5,7816.31
Spain,18-03-2013,12.3,0,6.7,0,19,42.8,39782.57
Spain,19-03-2013,11.6,2.7,6.5,5.2,13.9,36.7,29553.64
Spain,20-03-2013,13.7,3.1,8.1,0.1,13,26.3,39841.4
Spain,21-03-2013,15.1,3.7,8.9,0,11,29.5,39600
Spain,22-03-2013,11.3,3,7.9,1.6,21.5,43.9,27848.2
Spain,23-03-2013,12.2,3.6,7.6,0,13,32.4,30227.78
Spain,24-03-2013,13.1,3.8,7.9,1.9,18.1,48.2,39850.11
Spain,25-03-2013,10.4,2.7,7.4,0.4,22.9,50.4,3593.25
Spain,26-03-2013,12.4,9.2,10.5,11.5,17.6,41.8,0
Spain,27-03-2013,13.2,8.4,10.5,6.2,17.7,37.8,25271.88
Spain,28-03-2013,16.3,8.4,11.4,0.3,19.6,45.4,39600
Spain,29-03-2013,12.9,8.6,10.4,9,24.5,56.9,0
Spain,30-03-2013,15.3,7.8,11.5,0.2,19.5,44.6,41061.66
Spain,31-03-2013,12.7,4.3,8.7,16,16.9,50.4,18827.16
Spain,01-04-2013,13.8,7,10.2,4,21.3,48.6,41110.77
Spain,02-04-2013,14,4.4,8.9,0.8,16.5,42.8,37091.03
Spain,03-04-2013,12.8,1.1,7.7,3.3,17.7,37.1,31044.2
Spain,04-04-2013,13.3,5.4,8.6,4.5,15.5,38.5,41053.86
Spain,05-04-2013,11,4.6,7.4,1.9,21.1,43.2,41605.28
Spain,06-04-2013,9.9,-0.7,5.2,0,18.8,42.5,38892.99
Spain,07-04-2013,11.5,0.6,6,0,12.4,29.2,26543.49
Spain,08-04-2013,13.5,7.3,9.9,0.8,17.9,39.2,25608.52
Spain,09-04-2013,14.3,4.6,9.6,0,21.5,47.2,37599.98
Spain,10-04-2013,16.3,8.5,12.1,0,21.6,50.8,31890.01
Spain,11-04-2013,15.2,10.5,12.4,0,28.8,64.8,33915.78
Spain,12-04-2013,16.1,7.4,11.2,0,15.3,36,43921.17
Spain,13-04-2013,19.5,3.9,11.9,0,6.5,20.5,44343.26
Spain,14-04-2013,22.7,5.3,14.3,0,10.1,21.6,44493.02
Spain,15-04-2013,22.5,8.8,16.1,0,13,33.5,42961.26
Spain,16-04-2013,23.3,8.5,17,0,7.4,22.7,44596.27
Spain,17-04-2013,25.4,10.2,17.9,0,12.3,29.9,44934.83
Spain,18-04-2013,25.2,10,18.5,0,12,29.9,45057.54
Spain,19-04-2013,16.9,10.6,13.3,0,21.5,46.8,45116.28
Spain,20-04-2013,18,4,11.1,0,15,34.9,44177.11
Spain,21-04-2013,19.4,4.3,12.2,0,8.7,22.3,45233.67
Spain,22-04-2013,18.2,8,13,0,15.8,33.8,45292.47
Spain,23-04-2013,19,6.5,12.7,0,15.8,32.4,45391.55
Spain,24-04-2013,20.4,5.9,13.5,0,10.5,27,45499.58
Spain,25-04-2013,19.3,6.3,13.6,0,18,41.4,29254.67
Spain,26-04-2013,17.9,11.6,14.7,1.8,12.5,28.8,22613.24
Spain,27-04-2013,13.7,6.6,10,7.8,18.8,37.8,35237.38
Spain,28-04-2013,10.3,2,6.1,4.3,24.4,58,18809.95
Spain,29-04-2013,9.2,3.6,5.9,17.5,21.6,50.8,28925.32
Spain,30-04-2013,13.2,3.3,8.1,3,12.9,31.7,45761.64
Spain,01-05-2013,14.3,6.3,10,0.5,9,23.4,45571.56
Spain,02-05-2013,16.4,2.4,10.4,0,9.3,18.4,38116.98
Spain,03-05-2013,18.6,5.4,12.4,0,8.8,23,46767.89
Spain,04-05-2013,19.9,5.5,13.5,0,8.7,19.1,47046.45
Spain,05-05-2013,22,5.4,14.6,0,6.7,17.6,47131.63
Spain,06-05-2013,22.7,7.8,15.8,0,16.7,38.9,36046.82
Spain,07-05-2013,21.8,12.3,16.9,0.4,16.3,39.6,35232.05
Spain,08-05-2013,22,12.5,17.2,0,16.6,38.5,26165.24
Spain,09-05-2013,21.9,13.1,17.4,1.4,22.2,49,37386.11
Spain,10-05-2013,21.5,11.8,16.9,0,10.6,29.9,46925.51
Spain,11-05-2013,22.3,9.2,16.2,0.2,9.4,20.5,47951.92
Spain,12-05-2013,22.6,9.5,16.2,0,14.1,32,48190.95
Spain,13-05-2013,24.4,10.4,17.6,0,11.8,25.2,48300.48
Spain,14-05-2013,20.5,11.9,16.6,5.3,13.9,36,44880.88
Spain,15-05-2013,14.5,9.2,11.3,5.2,13.8,38.9,30882.71
Spain,16-05-2013,14.4,5.8,10.1,1.8,15.2,32.8,43045.07
Spain,17-05-2013,10.5,5.5,7.8,10.5,18.1,46.4,39461.84
Spain,18-05-2013,12.9,4.3,8.4,3,18.1,45.7,45958.29
Spain,19-05-2013,13.9,4.1,9.1,0.6,14.2,35.3,46177.11
Spain,20-05-2013,15.3,4.1,9.6,0.4,9,24.5,48811.45
Spain,21-05-2013,16.8,4.9,11.3,0.1,17.4,38.2,49001.45
Spain,22-05-2013,19.6,6.3,13.6,0,14.6,33.5,49043.1
Spain,23-05-2013,20.6,5.3,13.9,0,11,27,49083.08
Spain,24-05-2013,21.1,6.5,14.3,0,11.8,31,49121.34
Spain,25-05-2013,22,5.7,14.8,0,12.9,27,49157.85
Spain,26-05-2013,22.7,9.2,16.2,0.1,17.6,44.6,49192.57
Spain,27-05-2013,18.9,10.4,14.9,0,14,38.2,49225.47
Spain,28-05-2013,17.2,8.8,13,0,17.1,38.2,44019.95
Spain,29-05-2013,17,5.7,11.6,2,22.5,47.5,46591.01
Spain,30-05-2013,18.3,5.4,12.3,4.1,16.3,38.2,46416.6
Spain,31-05-2013,18.6,6.3,13,0,21.7,49,49338.04
Spain,01-06-2013,21.1,6.3,14,0,14.6,33.8,49403.46
Spain,02-06-2013,23.2,7,15.8,0,17.3,34.6,49423.41
Spain,03-06-2013,23.7,9.5,17,0,16.4,38.2,49441.07
Spain,04-06-2013,26.4,11.3,19.4,0,11.8,26.3,49418.98
Spain,05-06-2013,26.9,12.5,20.1,0,9.6,27.7,49434.42
Spain,06-06-2013,24.5,15.6,19.8,0.3,19.9,47.5,47063.91
Spain,07-06-2013,17.6,12.7,15.8,1.5,17,39.2,47414.79
Spain,08-06-2013,18.8,9.2,13.9,0.4,15.2,35.3,49469.72
Spain,09-06-2013,19.7,10.7,14.9,1,14,33.1,27321.26
Spain,10-06-2013,23,9.6,17.1,0,17.3,36.7,48403.27
Spain,11-06-2013,26.6,12.2,19.5,0,9,27,49507.9
Spain,12-06-2013,29.6,12.8,22.2,0,8.2,23.8,49676.8
Spain,13-06-2013,31.1,18.2,25.1,0,18.8,46.4,49678.7
Spain,14-06-2013,31.3,16.1,24.5,0,19.6,44.3,49854.02
Spain,15-06-2013,32.2,14.4,24.4,0,14.3,36.4,49855.27
Spain,16-06-2013,32.7,19.2,25.8,0,19.6,43.6,49944.87
Spain,17-06-2013,24.4,17.7,20.5,0,24.2,51.5,44946.79
Spain,18-06-2013,18.5,10.2,15.2,0.2,14.8,32.8,48338.58
Spain,19-06-2013,20.8,11.6,16.1,0.2,11.5,29.9,39675.09
Spain,20-06-2013,25,10.6,18.3,0,11.8,28.1,49833.34
Spain,21-06-2013,25.3,13.2,19.4,0.7,12.7,32,49262.66
Spain,22-06-2013,29.1,13.1,21.7,0,10.3,22.3,49905.66
Spain,23-06-2013,29.8,14.5,22.9,0,19.6,40.7,49987.41
Spain,24-06-2013,29.6,12.1,21.2,0,17.1,38.9,50067.93
Spain,25-06-2013,30.4,15.2,23.2,0,13.8,28.4,50050.2
Spain,26-06-2013,30.5,15.6,23.4,0,17.1,36.7,49933.29
Spain,27-06-2013,30,17.3,23.9,0.2,18.4,42.1,49814.07
Spain,28-06-2013,30,15.8,23.4,0,16.9,38.5,49887.27
Spain,29-06-2013,31,16.3,23.9,0,18.4,37.8,49861.52
Spain,30-06-2013,32.4,18.1,25.7,0,15.4,33.8,49834.03
Spain,01-07-2013,32.2,17.1,25.3,0,20.3,42.1,49227.8
Spain,02-07-2013,32,17.1,25.3,0,12.2,33.1,49677.86
Spain,03-07-2013,33.8,17.5,26.4,0,14.6,33.1,49550.31
Spain,04-07-2013,34.6,20.8,27.9,0,14,30.6,49613
Spain,05-07-2013,35.1,21.7,28.8,0,18.2,38.2,49200.93
Spain,06-07-2013,35.2,20.6,28.4,0,9.6,24.1,49542.98
Spain,07-07-2013,35.7,20,28.7,0,8.8,22.7,49506.18
Spain,08-07-2013,36.2,20.7,29,0,11.5,26.6,49468.26
Spain,09-07-2013,36.2,20,28,0.6,12.7,37.1,45461.38
Spain,10-07-2013,34.6,19.3,27.8,0,11.6,31,48939.57
Spain,11-07-2013,33.9,20.7,27.6,0,12.7,25.9,48901.65
Spain,12-07-2013,34.4,21.8,28.4,0,12.8,32,49215.63
Spain,13-07-2013,32.5,21.9,27.2,0,12.5,35.6,49003.5
Spain,14-07-2013,31.8,18.6,25.8,0,13.7,31.7,48797.49
Spain,15-07-2013,31.7,18.9,25.8,0,10.1,26.3,48837.48
Spain,16-07-2013,33,18.1,26.6,0,12.6,35.3,48794.53
Spain,17-07-2013,33.3,20.5,26.8,0,14.7,36.4,48825.42
Spain,18-07-2013,32.7,20.1,26.7,0,12.6,28.1,48602.92
Spain,19-07-2013,33.7,20.4,27.5,0,12.6,31.3,48658.77
Spain,20-07-2013,33.5,19.3,27.2,0,8.9,27,48064.54
Spain,21-07-2013,32,21.2,26.6,0.1,13,30.6,47377.04
Spain,22-07-2013,31.7,18.6,25.6,0,11.7,31,48236.23
Spain,23-07-2013,31.9,20.5,27.1,0,17.9,44.3,48025.2
Spain,24-07-2013,33.4,17.5,26.4,0,13,35.3,48193.79
Spain,25-07-2013,33.9,20.9,27.7,0,16.3,41.4,48060.26
Spain,26-07-2013,32.7,20,26.8,0,17.8,43.9,47930.77
Spain,27-07-2013,25.3,18.7,22,1.8,21.4,50.8,36000
Spain,28-07-2013,25.1,14.5,20.4,0,20.2,47.5,47581.74
Spain,29-07-2013,28.6,15,21.5,0,9,27,47668.37
Spain,30-07-2013,32.8,14.2,24.5,0,7.3,21.2,47651.07
Spain,31-07-2013,35.3,16.4,26.8,0,11.2,29.5,47538.22
Spain,01-08-2013,36.3,18.3,28.1,0,16.4,41.8,47521.47
Spain,02-08-2013,33.4,20.4,27.6,0,22.9,52.2,47327.23
Spain,03-08-2013,32.9,16.9,25.9,0,17.8,42.1,47314.5
Spain,04-08-2013,33.8,15.5,25.5,0,10.3,28.8,47236.56
Spain,05-08-2013,33.8,20.5,27.3,0,16.9,41.4,47077.05
Spain,06-08-2013,30.9,19.9,26,0,21.7,50.8,44610.42
Spain,07-08-2013,28.5,19,24.2,0.1,18,39.2,46532.38
Spain,08-08-2013,28.9,14.2,22.3,0,13.5,35.3,46694.05
Spain,09-08-2013,32.8,15.2,24.5,0,13.3,29.2,46550.9
Spain,10-08-2013,34.9,18.8,27.2,0,10.3,22,46472.54
Spain,11-08-2013,36,20.8,28.9,0,11.6,26.6,46337.45
Spain,12-08-2013,34.7,21.5,28.9,0,12.7,33.5,46168.36
Spain,13-08-2013,33.2,21,27.3,0,16.9,32.4,46092.44
Spain,14-08-2013,34,20.3,27.6,0,14.6,36.7,46015.65
Spain,15-08-2013,34.2,21.7,28,0.2,13.7,30.2,44486.54
Spain,16-08-2013,33.9,19.4,28,0,18.4,46.1,45859.7
Spain,17-08-2013,33.3,19.9,27,0,13.2,30.6,45780.66
Spain,18-08-2013,34.2,20.4,27.6,0,9.4,25.6,45700.65
Spain,19-08-2013,35.8,18.7,28.2,0,11.1,26.3,45619.02
Spain,20-08-2013,36,20.5,28.4,0,17.9,41.8,45535.84
Spain,21-08-2013,36.4,21.1,29,0,12.3,32.8,45451.23
Spain,22-08-2013,35.5,20,28.2,0,15.9,35.3,45336.75
Spain,23-08-2013,34.3,18.4,26.8,0,8.5,25.2,45194.5
Spain,24-08-2013,32.9,19.1,26.3,0,21.2,45.4,44815.04
Spain,25-08-2013,31.9,17.7,24.7,0,17.6,47.5,44906.36
Spain,26-08-2013,30.2,16.7,23.8,0,16.5,37.8,43282.84
Spain,27-08-2013,29.9,17.3,23.8,0,18.9,45.4,44614.08
Spain,28-08-2013,25.7,17.7,21.9,0.1,18.4,43.6,33975.4
Spain,29-08-2013,26.5,16,21,0.2,14.5,33.1,43244.86
Spain,30-08-2013,28,14.5,21.7,0,11.2,25.9,43937.18
Spain,31-08-2013,29.5,14.7,22.6,0,8.2,22.7,43742.03
Spain,01-09-2013,30.2,16.2,23.4,0,14.3,33.5,43357.33
Spain,02-09-2013,31.4,17,24.5,0,11.7,27,42721.94
Spain,03-09-2013,31.7,16,24.8,0,8.1,22.7,43105.49
Spain,04-09-2013,31.2,16.3,24.4,0,10,24.1,42616.12
Spain,05-09-2013,28.6,16.4,22.8,0.4,14.2,29.9,42408.86
Spain,06-09-2013,27.5,16.7,22.2,0,14.5,36.7,42362.37
Spain,07-09-2013,26.7,15.5,21.6,0.3,17.3,41.4,40246.49
Spain,08-09-2013,26.6,15.2,20.8,0.3,10.3,28.4,42262.7
Spain,09-09-2013,28.2,13.5,21.4,0,8.4,22.3,42169.63
Spain,10-09-2013,28.6,15.7,22.2,0,13,27.4,42113.3
Spain,11-09-2013,26.8,15.4,20.9,0.2,18.4,40.3,37965.21
Spain,12-09-2013,27.4,13.1,20.6,0,14.2,32.8,42000.24
Spain,13-09-2013,28.6,14.4,21.4,0,12.7,27.7,41943.49
Spain,14-09-2013,29.9,13.4,22,0,10.7,26.6,41885.19
Spain,15-09-2013,29.2,15.2,21.9,0,12.3,29.5,41726.89
Spain,16-09-2013,30.4,13.3,22.2,0,8.3,24.8,41568.08
Spain,17-09-2013,28.9,14.5,22,0,10.9,23.4,39315.39
Spain,18-09-2013,29.1,15.2,22.4,0,11.2,23,41249.3
Spain,19-09-2013,29,14,21.8,0,14,29.9,41089.53
Spain,20-09-2013,28.8,12.3,21.3,0,10.5,25.6,40929.62
Spain,21-09-2013,29.2,16.3,23,0,13.8,29.9,38887.07
Spain,22-09-2013,29.7,15.9,22.9,0,10.5,22.7,40609.79
Spain,23-09-2013,30,15.6,23.6,0,9.7,25.9,40450.05
Spain,24-09-2013,29.2,17,24.1,0,10.2,31.3,40290.55
Spain,25-09-2013,29.6,18.7,24.2,0,13.7,37.8,39993.71
Spain,26-09-2013,29.3,18.2,24,0,12.1,38.9,39872.34
Spain,27-09-2013,27.8,17,22.3,0.4,21.1,55.1,35629.72
Spain,28-09-2013,21,14.9,17,5.1,21.5,64.8,28640.38
Spain,29-09-2013,21.8,14.2,17,0.5,20,43.2,32297.53
Spain,30-09-2013,19.9,15.5,17.4,9.8,14.5,40,8386.43
Spain,01-10-2013,24.4,17.8,20.1,0.1,19,44.6,32558.79
Spain,02-10-2013,24.5,16,20,0,11.4,31.7,36526.35
Spain,03-10-2013,22.8,15.8,19,0.7,15.9,48.2,34347.47
Spain,04-10-2013,21.3,15.6,17.7,11.1,14.1,34.6,34126.57
Spain,05-10-2013,22.5,10.9,16.7,0,6.2,18.7,37622.71
Spain,06-10-2013,22.3,11.3,16.7,0,11.4,27.7,37880.41
Spain,07-10-2013,22.6,9.5,16.4,0,10.3,22,37636.21
Spain,08-10-2013,23.6,9.1,16.4,0,7,19.4,37193.37
Spain,09-10-2013,22.5,11.8,17.1,0,11.3,25.2,37006.44
Spain,10-10-2013,24.5,9.5,16.4,0,8,22.7,36877.34
Spain,11-10-2013,22.7,8.6,15.2,0,10,27.4,36497.73
Spain,12-10-2013,20.7,8,14.6,0,13.2,31.3,36148.46
Spain,13-10-2013,21,9.9,14.7,0,9.4,29.2,36251.43
Spain,14-10-2013,20.2,10.8,15.2,0,11.8,27,34727.87
Spain,15-10-2013,22.4,11.4,16.4,0.6,11.9,32,26720.68
Spain,16-10-2013,24.7,12.8,18,0,7.1,23.8,36040.73
Spain,17-10-2013,24.5,10.8,17.7,0,7.6,20.5,32736.32
Spain,18-10-2013,24,14.2,18.8,0,14.9,37.4,36000
Spain,19-10-2013,18.9,12.7,15.8,2.2,19.2,47.2,15162.41
Spain,20-10-2013,19.6,12.9,15.5,4.1,13.3,32.8,28800
Spain,21-10-2013,20.2,10.5,15.2,0,13.7,32.4,30501.71
Spain,22-10-2013,14.5,10.8,12.8,18.1,17.4,43.9,779.15
Spain,23-10-2013,17.5,12.4,14.4,0,15.1,34.2,22636.56
Spain,24-10-2013,18.4,11.9,14.7,3.2,18.8,47.2,10196.68
Spain,25-10-2013,18.7,12.9,15.7,17.9,15.2,57.2,15153.86
Spain,26-10-2013,18.5,11.8,14.6,1.8,10,33.5,35151.62
Spain,27-10-2013,19.5,10.9,14.8,0,9.3,26.3,34994.3
Spain,28-10-2013,19.9,12,15.7,0,12,29.9,30277.61
Spain,29-10-2013,14.4,6.8,11.4,0,16.6,35.3,34682.25
Spain,30-10-2013,14.9,3,8.8,0,8.7,21.6,34527.85
Spain,31-10-2013,16.4,2.2,8.7,0,5.9,15.8,34374.76
Spain,01-11-2013,16.4,5.3,10.2,0,10.2,26.6,34223.14
Spain,02-11-2013,18.1,8.6,12.3,0,11,27.4,34073.15
Spain,03-11-2013,17.8,9.5,12.7,0,12,30.6,33660.54
Spain,04-11-2013,14.8,8.4,11.7,1.3,24.2,50.8,13941.83
Spain,05-11-2013,18.8,13.7,15.6,0,17.2,39.2,31476.78
Spain,06-11-2013,20.3,11.5,14.8,0,9.2,24.1,33492.88
Spain,07-11-2013,16.4,10.3,12.7,0.1,8.9,22.3,16629.11
Spain,08-11-2013,14.8,8.4,11,1.5,17.9,37.4,0
Spain,09-11-2013,15,4.9,9.7,0,10.7,25.9,33043.26
Spain,10-11-2013,16.4,7.8,12.1,0,10.5,27.7,32932.34
Spain,11-11-2013,18.3,5.8,11.9,0,15,32.4,32794.56
Spain,12-11-2013,20.9,7.2,13,0,11.7,25.6,32658.05
Spain,13-11-2013,17.5,9.6,13.1,0,20,41,22239.89
Spain,14-11-2013,15.9,6.6,11.1,0,17.7,36.4,32389.56
Spain,15-11-2013,10.1,4.7,7.1,0,21.7,58.3,32257.92
Spain,16-11-2013,8.3,1.8,4.7,1.3,13.7,32,19380.26
Spain,17-11-2013,7,4.2,5.5,11,11.3,20.5,0
Spain,18-11-2013,9.2,4.6,6.7,2.1,17.9,36,12160.41
Spain,19-11-2013,11.8,4.4,7.4,0,17.4,35.3,27761.49
Spain,20-11-2013,8.8,0.5,4.6,0,15.7,32,30837.12
Spain,21-11-2013,10.1,-1.9,3.9,0,15.1,37.1,30931.92
Spain,22-11-2013,10.1,2.5,6.5,0,14,32.4,31089.16
Spain,23-11-2013,9.5,-0.8,3.8,0,15.1,36,30744.92
Spain,24-11-2013,10,1.5,5.2,0,20.4,44.3,30534.83
Spain,25-11-2013,11.4,2.8,6.2,0,19.2,42.5,30638.07
Spain,26-11-2013,9.4,-1,4.4,0,19.7,39.6,30749.01
Spain,27-11-2013,9.4,-0.6,3.9,0,16.8,33.8,30765.02
Spain,28-11-2013,8.2,0.1,3.4,1.1,17.3,35.3,28912.36
Spain,29-11-2013,9.7,-2.2,2.7,0,8,17.6,30339.3
Spain,30-11-2013,8.1,-1.1,3.1,0,15.2,31,22292.81
Spain,01-12-2013,10,1.1,4.7,0,16.3,36,30220
Spain,02-12-2013,8.6,-2.7,2,0,8.5,16.2,30130.2
Spain,03-12-2013,11,-1.5,3.8,0,9.2,19.4,29900.05
Spain,04-12-2013,13.2,-0.9,5.2,0,6.1,13.7,29880.96
Spain,05-12-2013,13.2,-2.1,4,0,6.2,13.3,29955.28
Spain,06-12-2013,13.4,-1.5,3.9,0,8.8,18.4,29948.78
Spain,07-12-2013,11.1,-1.3,4,0,8.2,15.5,29892.89
Spain,08-12-2013,10,-2.2,3.2,0,6.5,11.9,29862.47
Spain,09-12-2013,9.3,-1.3,2.4,0,7.2,14.8,29855
Spain,10-12-2013,10.5,-1.8,2.9,0,9.9,19.4,29843.16
Spain,11-12-2013,9.6,-0.7,3.2,0,9.4,23.8,29831.55
Spain,12-12-2013,8.5,-0.3,3.2,0,7.8,14.4,28738.58
Spain,13-12-2013,7.8,-0.1,3.8,3.4,5.4,19.1,15904.23
Spain,14-12-2013,11.8,2.6,6.6,0,9.1,23.8,29516.47
Spain,15-12-2013,12.7,0,5,0,7.6,14.4,29671.85
Spain,16-12-2013,12.5,-0.1,5.2,0,8.5,18,29641.44
Spain,17-12-2013,8.3,1,4.7,0,7.1,15.5,14536.93
Spain,18-12-2013,9.4,3.4,6.1,0.9,12.2,31.3,6090.66
Spain,19-12-2013,8.9,5.2,6.8,11,14.3,31,4671.78
Spain,20-12-2013,8.6,0.5,4.6,0,20.8,42.8,29645.05
Spain,21-12-2013,8.2,-2.3,2.4,0,5.5,14.4,27220.26
Spain,22-12-2013,8.3,0.5,4,0,9.1,15.8,29204.21
Spain,23-12-2013,8.3,2.2,4.7,0,9.3,22.3,28971.74
Spain,24-12-2013,9.7,4.8,6.7,14.6,33.4,78.5,0
Spain,25-12-2013,9.8,4,7.2,10.5,26.1,68.4,15468.26
Spain,26-12-2013,9.3,2.9,5.3,0,19.1,43.6,28693.88
Spain,27-12-2013,9.8,6.1,8.1,1,20.9,43.2,0
Spain,28-12-2013,9.6,2.1,7.7,3,23,48.6,29738.61
Spain,29-12-2013,7.5,-0.3,3.2,0,7.6,16.9,29783.24
Spain,30-12-2013,7.4,0.7,3.3,0,8.2,21.2,28887.88
Spain,31-12-2013,7.6,1.3,4.2,1.7,16,31.7,14400
Spain,01-01-2014,8.5,4.9,6.7,1.5,19.3,40.7,0
Spain,02-01-2014,10.8,8.2,9.2,6.7,19.5,41.4,0
Spain,03-01-2014,10.9,9.2,10.2,6.4,19.8,40.3,0
Spain,04-01-2014,10,3.7,7.5,16.5,34.4,101.2,6311.4
Spain,05-01-2014,9.5,2.3,5.5,0,16.1,35.6,23541.97
Spain,06-01-2014,10.3,6.3,7.8,0.2,16.4,37.4,24268.28
Spain,07-01-2014,11.2,6.2,8.2,0,6.5,18,18833.61
Spain,08-01-2014,13.2,2.1,6.8,0,6.6,14.8,24172.42
Spain,09-01-2014,14.1,3.3,7.5,0,6.5,12.2,25178.73
Spain,10-01-2014,14.2,2.9,7.4,0,6.2,12.6,25448.78
Spain,11-01-2014,11.1,3.9,7.6,0,5.4,13.7,30347.42
Spain,12-01-2014,9.9,2.3,6,0,8.7,22.7,18829.89
Spain,13-01-2014,9.6,4.6,7.4,0.8,13.9,33.1,24050.01
Spain,14-01-2014,11.2,3.6,6.8,2.4,15.2,34.9,11328.51
Spain,15-01-2014,9.5,4,6.7,1.7,15.6,33.8,4886.94
Spain,16-01-2014,9.2,4.6,7.6,1.3,18.5,41,24461.28
Spain,17-01-2014,6.8,2.9,4.7,5,19.5,42.1,7689.46
Spain,18-01-2014,7.1,3,5.2,14.6,11.9,32.8,16178.82
Spain,19-01-2014,6.8,2.4,4,3.9,15.8,34.9,16249.32
Spain,20-01-2014,9,1.5,4.5,0,18.8,39.2,31501.71
Spain,21-01-2014,8.8,0.5,4.1,3.3,13,32.8,22917.22
Spain,22-01-2014,10.5,4.7,7.2,4.6,11.6,32.8,31333.39
Spain,23-01-2014,9.6,0.3,4.6,0,18.4,36.4,31854.3
Spain,24-01-2014,12.3,1,6,0,11.8,26.3,29764.95
Spain,25-01-2014,13.2,5.7,9.4,0,13.2,31.7,30985.56
Spain,26-01-2014,14.4,4.8,8.7,0,13.3,28.8,30267.32
Spain,27-01-2014,9.9,5.2,8.3,0,25,50.8,32294.52
Spain,28-01-2014,6.7,2.5,4.8,1.8,28.5,66.2,12718.5
Spain,29-01-2014,8.1,2.5,5.2,3.2,19,43.9,32101.14
Spain,30-01-2014,8.6,-1.5,3.4,0,18.8,41,32400
Spain,31-01-2014,9.9,3.3,6.5,0.4,11.2,25.9,12481.47
Spain,01-02-2014,10.1,3.9,7.6,0.2,21.3,47.2,25206.42
Spain,02-02-2014,8.5,-1.8,2.9,0,10.5,20.9,32484.04
Spain,03-02-2014,7.3,-2,2,1.9,16.9,54.4,16622.79
Spain,04-02-2014,6.5,-1.1,3.1,5.3,24.7,53.6,2552.48
Spain,05-02-2014,10.7,6.2,8.2,5.9,23.4,71.3,32542.01
Spain,06-02-2014,13.2,5.6,8.7,7.4,29.8,74.5,18000
Spain,07-02-2014,8.5,3.2,5.9,0,23.5,50,28038.14
Spain,08-02-2014,10.7,5.9,7.8,2.7,26.8,67,13091.59
Spain,09-02-2014,6.8,0.9,3.8,13,19.3,55.4,3086.52
Spain,10-02-2014,7.8,3.1,5.3,2.1,30,64.8,33177.43
Spain,11-02-2014,4.1,0.1,2.1,8.4,17.5,43.2,0
Spain,12-02-2014,8,2.1,4.8,0.5,12.4,30.6,10630.81
Spain,13-02-2014,14.4,6.9,9.8,0,18.2,38.9,22167.87
Spain,14-02-2014,13.5,9.1,11,1.4,27.9,58.7,23078.59
Spain,15-02-2014,9.7,5.9,7.7,7.1,21.8,45.7,1541.62
Spain,16-02-2014,9.7,0.5,5,0.2,8.3,20.2,34563.68
Spain,17-02-2014,9.6,-1.1,4.2,0,7.9,20.2,34287
Spain,18-02-2014,12.6,1.9,6.3,0,13.6,30.2,34260.86
Spain,19-02-2014,13.4,-0.9,5.8,0,7.6,19.4,35786.16
Spain,20-02-2014,13.9,2.4,7.2,0,18,39.6,31794.56
Spain,21-02-2014,9.8,4,7.5,1.1,14.8,33.1,36110.46
Spain,22-02-2014,11,-0.4,4.9,0,11.1,31,36273.77
Spain,23-02-2014,12.8,-0.4,6,0,9.7,24.5,36437.65
Spain,24-02-2014,10,2,6,2,15.6,40.3,32816.23
Spain,25-02-2014,10.8,1.5,6.1,0.3,24.8,54.7,35964.39
Spain,26-02-2014,9.6,1.7,6,0.1,14.4,36,33558.14
Spain,27-02-2014,12.1,2.2,6.4,1,10.4,27.4,8196.42
Spain,28-02-2014,12.9,4.6,8.2,0,29.6,64.8,26156.67
Spain,01-03-2014,11.4,5.3,7.7,8.8,19.2,40.3,2040.88
Spain,02-03-2014,15,9.2,11.3,1.3,19.5,41.4,16929.26
Spain,03-03-2014,10.5,5.4,8.1,1.4,29.7,71.3,37753.36
Spain,04-03-2014,10.8,3.9,7.3,0,18.6,40,33699.48
Spain,05-03-2014,14.9,6.1,10,0,13.2,31.3,38078.87
Spain,06-03-2014,18.7,1.5,9.2,0,6.5,14.8,38240.59
Spain,07-03-2014,15.6,3.8,9.8,0,7.6,19.1,38402.83
Spain,08-03-2014,17.1,3.2,9.9,0,8.4,21.6,38565.83
Spain,09-03-2014,15.9,0.8,8.6,0,10.5,25.2,38729.48
Spain,10-03-2014,17.3,1.9,10.3,0,8.1,24.5,38893.65
Spain,11-03-2014,16.7,1.3,9.3,0,13.6,33.1,39058.25
Spain,12-03-2014,15.2,3,9.2,0,12.9,33.5,39159.03
Spain,13-03-2014,13,2.4,8.8,0,13.4,27,39224.84
Spain,14-03-2014,16.1,1.7,8.8,0,6.9,20.9,39296.14
Spain,15-03-2014,18.4,1.5,9.7,0,10.7,23.8,39393.55
Spain,16-03-2014,20.8,2.5,11.4,0,8.1,20.2,39504.91
Spain,17-03-2014,20.9,6.8,13.2,0,8.7,21.6,39628.88
Spain,18-03-2014,21,4.7,13.3,0,11.6,22,39764.27
Spain,19-03-2014,19.3,8.5,13.9,0,15.8,32.8,39694.03
Spain,20-03-2014,20,8.3,14.4,0.4,7.1,23,39988.69
Spain,21-03-2014,18,9,13.4,0.3,18.7,40.7,39600
Spain,22-03-2014,14.5,9.3,11.6,0.3,19,43.6,35089.05
Spain,23-03-2014,12.4,3.4,7.8,0,14.3,37.1,40411.18
Spain,24-03-2014,13.4,2.9,7.6,0.8,16.8,36.7,16534.31
Spain,25-03-2014,13.4,3.7,7.6,1,31.6,78.8,26262.01
Spain,26-03-2014,11.7,3.5,6.9,0.1,25.4,56.2,39841.52
Spain,27-03-2014,11.9,1.7,6.7,0,15.6,37.4,38803.26
Spain,28-03-2014,15.7,1.3,8.2,0.3,18.1,51.1,37580.57
Spain,29-03-2014,14.7,5.2,9.2,5.5,13.3,49,32883.99
Spain,30-03-2014,12.7,6.3,9,1.4,17.1,37.8,33160.91
Spain,31-03-2014,14.2,5.8,9.7,0.7,13.5,32.8,8852.73
Spain,01-04-2014,16.9,6.4,11.6,1.9,29.6,64.4,35070.62
Spain,02-04-2014,12.3,7.3,9.8,12.7,17.8,41.4,9200.98
Spain,03-04-2014,14.3,5.1,9.2,0.3,19.2,42.1,40567.21
Spain,04-04-2014,16.5,3.9,10,0,19.1,41.8,38319.46
Spain,05-04-2014,18.3,9.2,13.1,2.5,12.3,28.1,32822.54
Spain,06-04-2014,21,6.8,13.9,0,12.1,27.4,42508.73
Spain,07-04-2014,22.9,10.8,16.9,0,14.6,34.9,42206.97
Spain,08-04-2014,23.3,7.5,16.4,0,7.6,18.7,43136.98
Spain,09-04-2014,24.4,8.1,16.7,0.5,8.3,24.8,43047.26
Spain,10-04-2014,25.8,8.5,17,0.7,16.1,39.2,43460.56
Spain,11-04-2014,23.7,9.6,17.2,0,12.4,33.1,43037.75
Spain,12-04-2014,21,10.4,15.5,1.6,12.6,29.2,43349.23
Spain,13-04-2014,22.9,8.2,16.1,0,7,19.4,44306.67
Spain,14-04-2014,24.3,9.1,17.3,0,12.1,28.4,42848.57
Spain,15-04-2014,23.7,10.7,17.7,0.3,11.5,26.3,43748.91
Spain,16-04-2014,24.6,9.7,17.6,0,7.1,24.5,44562.91
Spain,17-04-2014,25.7,10,18.5,0,7.3,22.7,44891.05
Spain,18-04-2014,26.5,9.5,18.7,0,9.3,26.3,45036
Spain,19-04-2014,23.6,12.3,17.5,0,21.4,52.2,40555.85
Spain,20-04-2014,17.1,10.9,13.5,0.2,18.4,42.8,43763.16
Spain,21-04-2014,14.1,9.4,11.3,12.7,8.9,28.4,21220.61
Spain,22-04-2014,17.7,5,11.9,0,16.9,38.9,45283.74
Spain,23-04-2014,17.2,7.9,12.8,0,18.4,40.7,39055.59
Spain,24-04-2014,16.4,7.7,11.7,4.5,21.1,56.9,35780.72
Spain,25-04-2014,17.2,5.5,11.1,0,14.8,35.6,43293.12
Spain,26-04-2014,15.2,7.6,11.8,2,22.6,43.9,4262.9
Spain,27-04-2014,19.1,6.3,13.3,0,14.8,35.6,45737.33
Spain,28-04-2014,22.3,8.3,15.3,0,12,34.6,45632.73
Spain,29-04-2014,22.8,7.2,15.5,0,12.7,31.7,45937.82
Spain,30-04-2014,22.5,8.3,15.7,0,14.1,31,44677.52
Spain,01-05-2014,24.1,8.3,16.8,0,11.6,28.8,46407.24
Spain,02-05-2014,20.1,8.7,14.9,0,17.3,41,46574.67
Spain,03-05-2014,22.1,5.9,14.7,0,14.5,35.3,46841.84
Spain,04-05-2014,24.7,6.5,16.4,0,11,23,47121.64
Spain,05-05-2014,26.7,9.6,18.4,0,11.1,28.1,47209.67
Spain,06-05-2014,27.3,12.9,20.7,0,16.8,42.8,46050.85
Spain,07-05-2014,26.1,13.6,19.9,0,7.8,18,38279.17
Spain,08-05-2014,27.1,13.4,21,0,11.2,31.3,46902.15
Spain,09-05-2014,28.4,14.6,21.9,0,10.3,26.6,47768.9
Spain,10-05-2014,29.2,14,22.4,0,11.2,31.7,46699.75
Spain,11-05-2014,27.7,14.3,21.7,0,9.4,29.2,47572.64
Spain,12-05-2014,28.3,12.1,20.6,0,16,42.8,48163.95
Spain,13-05-2014,23.6,11.6,17.9,0,16.9,36.7,48275.56
Spain,14-05-2014,24.5,9.1,16.8,0,19.9,41.4,48385.33
Spain,15-05-2014,26,11.9,18.9,0,14.6,32,45520.38
Spain,16-05-2014,26.2,13,19.7,0,16.6,37.8,48598.95
Spain,17-05-2014,24.5,11.2,18.4,0,20.2,43.2,48702.54
Spain,18-05-2014,25.2,11.8,18.7,0,16.3,35.6,48803.86
Spain,19-05-2014,22.3,13.5,18.2,0.7,26.1,64.1,47960.21
Spain,20-05-2014,17.6,11,14.4,0,20.4,46.4,38133.73
Spain,21-05-2014,17.1,8.5,12.5,9.2,28.6,64.8,36025.25
Spain,22-05-2014,16.6,7.5,11.4,0.3,24.4,52.2,36908.39
Spain,23-05-2014,18,9.1,13.3,0.4,16.2,40.3,46180.55
Spain,24-05-2014,21,7.9,15,0,12.7,31,48285.5
Spain,25-05-2014,20,10.7,15.7,0,19.1,46.8,49149.97
Spain,26-05-2014,20.5,7.5,14.6,0,11.2,29.5,49184.3
Spain,27-05-2014,21.3,12,16.7,0,12.7,29.9,44930.75
Spain,28-05-2014,19.8,10.9,15.2,3,18.8,41,45334.38
Spain,29-05-2014,21.7,8.5,15.7,0,12.8,32,40157.58
Spain,30-05-2014,20.6,13.1,16.9,0.5,13.4,32,46800
Spain,31-05-2014,20.4,9.6,15.3,0,18.8,40.7,49241.29
Spain,01-06-2014,23.3,10.2,16.9,0,14.8,34.2,46065.53
Spain,02-06-2014,25.3,8.8,18.1,0,11.6,28.4,49373.09
Spain,03-06-2014,28.4,10.4,20.2,0,14.2,33.8,49432.46
Spain,04-06-2014,26.1,12.7,20.6,0,16.5,36,49402.09
Spain,05-06-2014,26.6,14.1,20.3,0,18.4,43.6,48278.04
Spain,06-06-2014,28.2,15.4,22.1,1.4,24.4,61.9,39818.68
Spain,07-06-2014,25.7,14.9,20.4,0,22.4,51.8,49558.87
Spain,08-06-2014,27.7,14.1,21.4,0,14.8,38.5,49645.76
Spain,09-06-2014,27.8,15.1,21.6,0,17.5,43.9,49417.93
Spain,10-06-2014,28.4,14,21.7,0,13,32,48821.77
Spain,11-06-2014,29.8,15.9,23.1,0.6,15.7,43.9,40238.59
Spain,12-06-2014,31.2,16.8,24.4,0,11.2,34.2,49493.36
Spain,13-06-2014,32.1,18,25.5,0,8.3,23.4,49595.48
Spain,14-06-2014,32.3,18.6,25.5,0,19.6,41.8,49856.63
Spain,15-06-2014,28.6,14.6,21.7,0,19.7,42.8,49947.07
Spain,16-06-2014,26.1,12.9,19.9,0.1,17.9,38.2,49858.27
Spain,17-06-2014,27.7,14.7,21.2,0,17.6,38.5,49946.41
Spain,18-06-2014,30,15.2,23,0,13.1,31.7,49481.53
Spain,19-06-2014,30.1,17.9,24.6,0,13.7,35.6,49472.57
Spain,20-06-2014,28.5,17.8,23.9,1.9,15.1,39.2,49461.74
Spain,21-06-2014,27.1,17.2,23,0.1,16.5,42.1,49449.12
Spain,22-06-2014,28,16.2,22.2,0,13,32.4,42599.25
Spain,23-06-2014,27.7,17.8,22.9,0,14.1,33.8,49418.81
Spain,24-06-2014,23.2,15.6,19.4,6,9.2,35.3,46205.95
Spain,25-06-2014,25.5,14.5,20.1,0.2,7.4,23,44569.35
Spain,26-06-2014,25.4,15.4,21.2,0.5,10.1,28.8,49933.19
Spain,27-06-2014,29,14.4,22.7,0,17.2,43.9,49911.83
Spain,28-06-2014,28.4,15.6,22.6,0,26.4,61.6,49316.79
Spain,29-06-2014,26.1,15.8,21.3,0,11.6,31,49961.69
Spain,30-06-2014,29.2,13.6,22,0,14.8,35.3,49838.09
Spain,01-07-2014,26.3,14.6,21.6,0,21.4,52.9,49240.57
Spain,02-07-2014,25.4,14.8,20.7,0,16.6,36,49298.48
Spain,03-07-2014,22.3,14.2,17.3,9.7,17.3,40,27008.78
Spain,04-07-2014,28.1,14.3,20.7,0,9.7,26.6,49623.91
Spain,05-07-2014,28.9,16.1,23.1,0,16.1,38.9,49591.11
Spain,06-07-2014,25.9,15.2,20.5,4.1,17.9,43.6,36455.89
Spain,07-07-2014,25.5,15.4,20.4,0,13.6,36,49482.92
Spain,08-07-2014,27.8,12.6,21.2,0,11.5,23,49389.37
Spain,09-07-2014,27.3,15,21.5,0,16.6,34.6,49440.56
Spain,10-07-2014,27.7,12.6,20.3,0,17.2,37.1,49398.4
Spain,11-07-2014,28.9,12.6,21.3,0,13.5,28.4,49267.04
Spain,12-07-2014,30.4,14.4,22.9,0,13.2,27,49223.16
Spain,13-07-2014,32.4,17,25,0,10.2,29.5,48827.76
Spain,14-07-2014,33.8,17.8,26.3,0,9.6,24.8,49048.73
Spain,15-07-2014,34.9,20.3,27.7,0,14.6,32.4,49002.53
Spain,16-07-2014,36.1,18.7,29.1,0,10.7,29.5,48955.09
Spain,17-07-2014,36.2,19.2,29.4,0,18.2,44.6,48830.75
Spain,18-07-2014,34.7,21.8,28.5,0,26.5,63,48183.71
Spain,19-07-2014,26.1,19.4,21.8,0,23.9,53.6,28441.28
Spain,20-07-2014,25.5,16.1,20.7,0,14.5,36,47167.59
Spain,21-07-2014,30,13.1,22.5,0,8.2,23.4,48570.68
Spain,22-07-2014,33.2,17.3,25.6,0,12.5,26.6,48461.07
Spain,23-07-2014,35,17.5,27.2,0,11,29.5,48415.59
Spain,24-07-2014,34.2,19.1,27.6,0,12,32.8,48199.46
Spain,25-07-2014,33.8,19.5,27.2,0,12.5,31,48066.11
Spain,26-07-2014,34.7,20.8,27.9,0,11.3,25.9,47936.52
Spain,27-07-2014,35,21.6,28.7,0,12.2,28.1,47704.46
Spain,28-07-2014,34.3,20.1,28.1,0,15,36,47792.93
Spain,29-07-2014,29.8,18.5,24.5,0,15.6,34.9,47572.12
Spain,30-07-2014,31.3,16.6,24.2,0,16.1,36.4,47655.61
Spain,31-07-2014,33.5,17.9,26.4,0,15.5,37.8,47541.98
Spain,01-08-2014,30.1,18.7,25.3,0.1,19.2,49,47433.26
Spain,02-08-2014,27,18.2,22.9,0,14.3,36,46800
Spain,03-08-2014,28.5,17.3,23.2,0,12.4,33.1,47060.45
Spain,04-08-2014,31.1,17.1,24.6,0,12.5,36,47169.62
Spain,05-08-2014,33.4,18.4,26,0,8.6,24.5,47013.86
Spain,06-08-2014,33.9,18.5,26.9,0,9.4,26.6,46862.93
Spain,07-08-2014,33.8,19.6,27.4,0,13,32,46574.39
Spain,08-08-2014,33.4,20.9,27.4,0,20.6,50.4,46712.12
Spain,09-08-2014,31.6,17.7,25.7,0,18.9,45.7,46506.29
Spain,10-08-2014,32.8,17.6,25.9,0,16.3,42.8,46433.79
Spain,11-08-2014,33.1,18,26.3,0,9.4,26.3,46359.46
Spain,12-08-2014,33.6,18.3,26.7,0,16.2,37.4,46232.17
Spain,13-08-2014,28.2,19.5,23.9,0,13.2,31.7,46117.39
Spain,14-08-2014,29.1,15.5,22.4,0,14,31.7,46041.39
Spain,15-08-2014,30.8,16.6,23.9,0,9.8,24.1,45965.49
Spain,16-08-2014,29.6,16.2,23,0,20.4,43.2,45884.54
Spain,17-08-2014,31.9,16.9,24.5,0,12.5,28.1,45803.88
Spain,18-08-2014,33.1,18.1,26.1,0,19,39.6,43733.38
Spain,19-08-2014,32.2,18,26,0,16.3,42.1,45638.56
Spain,20-08-2014,31,17.9,24.9,0,11.7,32.8,45554.09
Spain,21-08-2014,29.7,16.4,23.8,0,16.2,39.6,45468.54
Spain,22-08-2014,28,18.7,23.4,1.6,14.9,34.6,44090.73
Spain,23-08-2014,29.9,15.4,22.8,0,8.1,24.1,45223.3
Spain,24-08-2014,31.3,15.6,24,0,10.2,30.2,45079.6
Spain,25-08-2014,33.4,16.9,25.6,0,15.5,36,44935.12
Spain,26-08-2014,33.9,16.9,26.1,0,14.8,36.7,44789.96
Spain,27-08-2014,33.9,18.3,26.6,0,8.9,25.2,44644.22
Spain,28-08-2014,34.1,17.6,26.6,0,15.8,40.7,44498
Spain,29-08-2014,32,19.4,26.4,0,7.6,23.8,44044.56
Spain,30-08-2014,31,20.3,25.9,0,13.1,32.4,38609.78
Spain,31-08-2014,32.7,20.1,26.4,0.1,8.8,22.7,43139.75
Spain,01-09-2014,34.5,20.9,27.8,0,8.9,21.6,43474.72
Spain,02-09-2014,36.1,19.2,28.2,0,14.8,35.6,42271.59
Spain,03-09-2014,33.2,21.9,27.5,0,18.6,40.7,42947.75
Spain,04-09-2014,31.6,18.3,25.5,0,12.7,34.6,42627.97
Spain,05-09-2014,31.7,18.5,25.4,0,12.5,32,42649.9
Spain,06-09-2014,30.2,18.9,24.6,0,16.7,42.5,41011.97
Spain,07-09-2014,26.9,19.4,22.9,0.2,17.1,43.9,39071.27
Spain,08-09-2014,27.6,17.3,22.5,0,10.8,28.4,42238.55
Spain,09-09-2014,29.5,15.8,23,0,8.2,24.5,42182.39
Spain,10-09-2014,30,16.2,23.9,0,13.5,34.6,42126.11
Spain,11-09-2014,27.9,16.2,22.6,0,15.1,36.4,42069.69
Spain,12-09-2014,29.3,15.6,22.8,0,12.4,28.8,42013.12
Spain,13-09-2014,28.3,18.2,23.4,0,12.7,34.2,41566.98
Spain,14-09-2014,27.9,17.1,22.6,0,19.9,45.7,41899.5
Spain,15-09-2014,25.4,15.9,20.7,0,13.6,34.9,41759.12
Spain,16-09-2014,27.2,14.5,20.5,0.1,26,52.2,41601.13
Spain,17-09-2014,23.1,16.4,18.9,0.4,18.3,47.2,36876.46
Spain,18-09-2014,22.4,15.2,18.3,0.4,18,40.7,38200.46
Spain,19-09-2014,22.8,13.4,17.7,0.3,15.6,44.3,37641.02
Spain,20-09-2014,24.5,13.1,19.1,0,10.5,34.2,39715.42
Spain,21-09-2014,26.2,14.8,20.1,0.6,11.3,28.8,33884.3
Spain,22-09-2014,23.2,14.6,18.4,3.5,11.2,28.1,39517.65
Spain,23-09-2014,22.6,13,17.6,0,12.2,29.9,40174.84
Spain,24-09-2014,22,13.7,17.3,1.6,8.6,26.3,38353.91
Spain,25-09-2014,22.7,10.5,16.5,0,12,30.2,40177.47
Spain,26-09-2014,24.1,11.3,17.4,0,11.5,24.1,40016.65
Spain,27-09-2014,22.4,13.2,17.5,3.4,10.7,32.4,32051.89
Spain,28-09-2014,19.1,15.1,16.8,5.2,6,17.6,18593.89
Spain,29-09-2014,22.9,12,17.3,0,7.1,20.5,38112.18
Spain,30-09-2014,24.5,10.8,17.9,0,6.3,17.6,38338.36
Spain,01-10-2014,24.8,13.9,19.2,0,12,27,38261.66
Spain,02-10-2014,23.7,14.7,19.1,0,8,22.3,37697.87
Spain,03-10-2014,24.3,13.4,18.7,0.2,7.6,22,37171.69
Spain,04-10-2014,26,12.9,19.3,0,9,23,36977.13
Spain,05-10-2014,23.9,13.1,18,0,12.8,29.5,37754.28
Spain,06-10-2014,23.5,12.8,17.8,0,14.1,34.6,37205.04
Spain,07-10-2014,22,11.4,16.9,0,17.4,41.4,37132.09
Spain,08-10-2014,22.4,12.6,17.2,0,21.2,52.6,36449.66
Spain,09-10-2014,19.6,15.5,16.9,5.1,17.6,50.4,12328.01
Spain,10-10-2014,19.6,14.4,16.1,19.1,12.9,32,22415.62
Spain,11-10-2014,20,13.2,15.9,15.3,10.5,35.3,24569.06
Spain,12-10-2014,16.7,11.8,14.2,13.8,22.8,56.9,36000
Spain,13-10-2014,15.9,10.7,12.9,2.3,20.6,43.6,29356.4
Spain,14-10-2014,15.2,9.8,12.2,24,10.8,23,11466.92
Spain,15-10-2014,16.2,7.8,12.2,0.1,16.9,37.4,7214.07
Spain,16-10-2014,20.1,14.9,16.8,0,20.2,49,32573.13
Spain,17-10-2014,21.6,12.7,16.6,0,13.5,31,36002.45
Spain,18-10-2014,24.4,10,16.6,0,8.4,23,36000
Spain,19-10-2014,25.5,12.1,18,0,10,20.9,34633.09
Spain,20-10-2014,25,11.5,18.1,0,8.4,16.6,36000
Spain,21-10-2014,27.1,9.9,17.5,0,7.9,15.1,35978.07
Spain,22-10-2014,22.7,10.6,16,0,11.5,25.2,35817.57
Spain,23-10-2014,23.7,7.3,14.9,0,8.4,20.5,35536.42
Spain,24-10-2014,25.5,9.4,16.8,0,10.6,23.8,35498.44
Spain,25-10-2014,24.5,12.4,17.9,0,10.4,19.8,35340.11
Spain,26-10-2014,23.9,10.2,16.8,0,9.5,18,35182.78
Spain,27-10-2014,22.7,10.2,16.3,0,8.9,16.6,35026.63
Spain,28-10-2014,21.1,9.9,15.3,0,6.6,16.6,34871.8
Spain,29-10-2014,22.1,10.7,15.9,0,6.3,14.4,34718.47
Spain,30-10-2014,23.7,9.8,16.1,0,6.9,14.8,34566.79
Spain,31-10-2014,22,9.6,15.4,0,7.2,17.3,34416.93
Spain,01-11-2014,21.3,9.8,15.3,0,6.3,17.3,34268.72
Spain,02-11-2014,19.2,10.9,14.9,0,10.9,32,34120.84
Spain,03-11-2014,15.1,9,11.8,3.9,26.7,63.7,21089.61
Spain,04-11-2014,11.4,7.7,9.6,8,22.9,63.7,33826.01
Spain,05-11-2014,13.1,5.4,8.7,0,15,41,33679.38
Spain,06-11-2014,14.7,3.4,8.7,0,11.1,23.8,32000.61
Spain,07-11-2014,15.9,9.5,12.1,0.5,16.7,35.6,15223.54
Spain,08-11-2014,12.5,7.4,10.1,2.8,19.1,43.2,29401.8
Spain,09-11-2014,11.5,5.6,8.6,2,10,24.1,33101.75
Spain,10-11-2014,11.5,2.3,6.8,0.3,14.3,33.1,31845.81
Spain,11-11-2014,11,6.5,8.1,9.5,15,33.8,7273.17
Spain,12-11-2014,14.5,8.4,10.4,0,16.9,40,19469.5
Spain,13-11-2014,14.9,7.3,11.2,1.6,17.6,40.3,2124.06
Spain,14-11-2014,14.1,8.8,12.3,11,19.1,58.3,30370.6
Spain,15-11-2014,11,7,8.6,2.3,22.3,52.9,27898.36
Spain,16-11-2014,11.3,5.8,8.3,0,17.8,37.4,21908.98
Spain,17-11-2014,13,7.4,9.5,0,14.5,31,28263.62
Spain,18-11-2014,9.5,4.5,6.9,0,7.4,19.8,22936.98
Spain,19-11-2014,14.9,4.6,9.1,0,7.3,17.6,28938.55
Spain,20-11-2014,18.2,5.1,10.9,0,10.9,24.8,30573.55
Spain,21-11-2014,17.4,7.3,11.4,0,9,23,31047.38
Spain,22-11-2014,18.1,7.5,12.3,0,11.2,21.2,27405.07
Spain,23-11-2014,17.1,11.2,13.5,3.6,13,25.2,23276.59
Spain,24-11-2014,16,8.6,12.2,0.1,7.9,17.3,28790.5
Spain,25-11-2014,15.7,6.7,10.5,0.5,11,26.3,29206.77
Spain,26-11-2014,11.7,6.8,9.9,0,11.3,22.3,17902.91
Spain,27-11-2014,10.4,5,7.8,7.6,14.3,39.2,5522.76
Spain,28-11-2014,9.6,7.8,8.6,16.2,17.9,41.4,120.39
Spain,29-11-2014,10.9,7.1,9,4.3,11.3,23.4,0
Spain,30-11-2014,14.2,7.1,10.7,1.6,13.3,37.1,15611.08
Spain,01-12-2014,13.6,9.2,11.4,0.1,17.9,45.7,29398.14
Spain,02-12-2014,12.5,8.1,9.8,0,15.6,35.6,29145.92
Spain,03-12-2014,9.9,6.2,7.9,0,9.4,23.4,15672.55
Spain,04-12-2014,9.7,3,6.5,0,7,15.5,22042.98
Spain,05-12-2014,10.4,2.5,6,0,6.7,15.8,29044.53
Spain,06-12-2014,9,0.9,4.6,0,17.3,37.1,29104.19
Spain,07-12-2014,8.9,0.6,4.5,0,15.1,37.8,29467.16
Spain,08-12-2014,11.4,-0.9,5.2,0,8.1,19.4,29281.25
Spain,09-12-2014,9.3,2.5,5.8,0,21.2,38.9,27736.74
Spain,10-12-2014,12,0.2,5.6,0,8.2,20.5,29743.7
Spain,11-12-2014,11.5,-0.7,4.9,0,8.9,13.7,29745.8
Spain,12-12-2014,8.9,-0.8,4.8,0,10.2,23.4,27867.64
Spain,13-12-2014,9.6,1.7,6.8,9.9,14.4,31.3,0
Spain,14-12-2014,8.8,5.8,7.3,23.5,11,26.6,0
Spain,15-12-2014,11.2,5.4,7.6,0.4,13.7,29.5,29402.27
Spain,16-12-2014,11.4,2.9,6.1,3.7,8.4,18.7,16555.79
Spain,17-12-2014,12.9,4.4,7.9,0,7.5,17.3,28649.89
Spain,18-12-2014,14.1,2.3,6.9,0,6.5,13.3,29600.8
Spain,19-12-2014,13.6,0.9,6.2,0,5.9,13,29659.44
Spain,20-12-2014,14,-1.4,4.9,0,8.3,15.8,29557.04
Spain,21-12-2014,12.8,1.5,6,0,8.7,20.5,29646.64
Spain,22-12-2014,12.5,0.7,5.3,0,8.7,18.7,29646.68
Spain,23-12-2014,10.6,0.2,5,0,6.8,13.3,29651.04
Spain,24-12-2014,10.3,-0.9,3.9,0,7,11.5,29659.73
Spain,25-12-2014,10.4,-1.9,3.6,0,9,20.5,28936.29
Spain,26-12-2014,11.2,2.7,6.5,0,7.5,20.5,29493.35
Spain,27-12-2014,11.4,0.9,5.3,0,10.4,24.1,26667.85
Spain,28-12-2014,9.2,3.1,6.3,1,15.5,37.1,23331.14
Spain,29-12-2014,7.9,-0.1,3,0,18.4,42.8,29768.08
Spain,30-12-2014,8.6,-2.9,1.8,0,7,16.6,29802.72
Spain,31-12-2014,9.7,-2.7,1.8,0,8,15.8,29841.97
Spain,01-01-2015,9.9,-2.6,2.3,0,7.6,15.1,29886.2
Spain,02-01-2015,11,-3.4,2.6,0,4.6,10.8,28188.01
Spain,03-01-2015,10.9,-1.3,4,0,8,12.2,29988.79
Spain,04-01-2015,13.2,-1.6,4.4,0,5.4,11.5,30046.86
Spain,05-01-2015,11.1,0.9,5.6,0,8.4,12.2,30109.26
Spain,06-01-2015,9.7,-1.7,3.7,0,9,11.9,30175.82
Spain,07-01-2015,9.3,-2.8,2.1,0,5.9,15.1,30246.42
Spain,08-01-2015,10.6,-2.1,2.5,0,9.4,10.8,30320.88
Spain,09-01-2015,12.7,-1.4,4,0,6.6,12.2,30399.08
Spain,10-01-2015,12,-1.5,4.8,0,10.5,13.7,30480.84
Spain,11-01-2015,12.6,-1.9,4,0,9.8,18.7,30566.04
Spain,12-01-2015,11.3,-1.6,4.2,0,8.3,18.4,30654.51
Spain,13-01-2015,11.2,2.8,6,0,10.1,24.5,30746.11
Spain,14-01-2015,8.7,1.9,5.5,0,7.4,19.1,27832.18
Spain,15-01-2015,9.2,3.6,6,1.4,20.7,42.8,12482.66
Spain,16-01-2015,7.8,1.7,5.5,4.8,19.9,42.5,30894.78
Spain,17-01-2015,7,-0.5,2.4,0,11.7,24.8,31140.94
Spain,18-01-2015,3.4,-0.4,1.5,5.8,7.9,17.6,0
Spain,19-01-2015,5.9,0,2.7,3.4,23.5,50,31086
Spain,20-01-2015,5.5,-1,1.6,0,7.3,19.8,24814.29
Spain,21-01-2015,5.6,-1.7,1.5,1,13.7,41,27358.9
Spain,22-01-2015,7.7,-1,2.5,0,19.8,49.7,31693.99
Spain,23-01-2015,7,-0.2,3,0,14.3,30.2,31814.47
Spain,24-01-2015,9.7,-2.8,2.3,0,9.8,22.7,31938.09
Spain,25-01-2015,10.4,-0.1,4.7,0,16.7,30.6,32064.64
Spain,26-01-2015,11.4,-1.9,3.6,0,8,15.1,32193.92
Spain,27-01-2015,11.1,-2,4,0,13.9,29.5,32274.67
Spain,28-01-2015,12.1,-0.9,5.4,0,8.4,17.3,32359.22
Spain,29-01-2015,11.9,0.9,6.2,0,18.5,40,27193.56
Spain,30-01-2015,13.8,9.7,11.1,3.4,29.4,64.8,14957.5
Spain,31-01-2015,10.8,2.9,7.1,8.5,27.2,67.3,32400
Spain,01-02-2015,7.1,1.4,3.6,0,22,50.8,32404.82
Spain,02-02-2015,4.6,1.3,3.1,5,22.5,43.6,13080
Spain,03-02-2015,8,2.7,4.9,1.9,22.1,50.4,30507.51
Spain,04-02-2015,3.9,-0.6,1.5,0.5,24.6,61.9,32589.74
Spain,05-02-2015,4.6,-0.5,1.6,0,27,54.4,32339.65
Spain,06-02-2015,4.9,-2.4,0.8,0,15.1,37.8,32566.5
Spain,07-02-2015,4.7,-1.8,1.1,0,10.8,28.4,24943.24
Spain,08-02-2015,8.5,-3.5,1.9,0,13.3,24.8,33410.47
Spain,09-02-2015,9.7,-1.3,3.4,0,14,31.3,33539.16
Spain,10-02-2015,7.4,-1.2,3,0,8.4,22.7,18599.16
Spain,11-02-2015,8.4,-0.1,3.7,0.2,6.8,15.1,22303.84
Spain,12-02-2015,9.6,-0.1,4.6,0,6.6,15.8,23993.3
Spain,13-02-2015,11.6,0.6,6.4,0,16.2,38.2,32847.35
Spain,14-02-2015,12,5.7,8,0.5,20.4,42.8,21322.98
Spain,15-02-2015,12.3,6.3,8.7,1.5,17.1,39.2,28044.07
Spain,16-02-2015,12.3,3.8,8.4,0,10.9,26.3,32996.66
Spain,17-02-2015,10.3,3.6,6.6,2.4,29.4,63.7,31211.13
Spain,18-02-2015,10.9,1.8,6.1,0,18.1,39.6,32193.71
Spain,19-02-2015,11.7,-0.1,6.1,0,9.2,21.6,35753.87
Spain,20-02-2015,10.5,1.7,5.9,0,10.4,25.2,32997.86
Spain,21-02-2015,10.9,3.4,6.7,3,26.1,50.8,34214.69
Spain,22-02-2015,11.9,2.3,7,0,13.8,35.3,32685.57
Spain,23-02-2015,13.5,4.3,8.8,0.8,20.3,52.6,21547.51
Spain,24-02-2015,9.4,3,6,0,21.2,48.2,36568.3
Spain,25-02-2015,11.6,3.7,7.4,0,23.3,45.4,35903.78
Spain,26-02-2015,14.4,5.9,10.2,0,13.9,28.1,34713.41
Spain,27-02-2015,11.5,6.4,9.2,0,14.9,36.4,37055.88
Spain,28-02-2015,14,4,8.4,0,10.6,24.8,33099.45
Spain,01-03-2015,18.1,5.8,11.1,0,11.1,26.6,35874.2
Spain,02-03-2015,18.8,7.8,12.6,0,8.7,25.2,37540.22
Spain,03-03-2015,18.3,5.4,12,0.5,9.6,27,37702.92
Spain,04-03-2015,13.5,5.8,9.2,0,17.7,40.3,36461.74
Spain,05-03-2015,13.2,0.5,6.5,0,17.8,41.8,38030.67
Spain,06-03-2015,17.2,0.2,8.9,0,9,21.2,38195.46
Spain,07-03-2015,19.9,2.9,11.5,0,6.8,13.3,38360.7
Spain,08-03-2015,21.5,1.5,11,0,9.2,18.7,38526.27
Spain,09-03-2015,21.1,1.6,11,0,8.2,17.3,38692.06
Spain,10-03-2015,21.2,2.3,11.6,0,10.1,23,38857.96
Spain,11-03-2015,21.4,3.3,12.4,0,9.5,18,39023.83
Spain,12-03-2015,20.9,4.7,13.1,0,10.1,25.2,39143.07
Spain,13-03-2015,16.5,5.4,10.8,0,18.3,41.4,37104.83
Spain,14-03-2015,13.2,2.8,7.4,0,16.2,34.9,39280.97
Spain,15-03-2015,11,-0.7,5.7,0,11.6,26.3,35732.95
Spain,16-03-2015,11.9,-2,5.2,0,7.3,21.2,39444.77
Spain,17-03-2015,14.8,0.3,7.6,0.2,11.7,26.3,34310.22
Spain,18-03-2015,9.6,3.3,6.5,6.6,14.7,32,6276.2
Spain,19-03-2015,12.6,5.8,8.8,2.4,22.1,47.5,18652.49
Spain,20-03-2015,14.1,7.4,10.2,3.8,24.2,52.9,19414.67
Spain,21-03-2015,10.4,6.7,8.5,4.8,19,44.3,5316.69
Spain,22-03-2015,13.9,6.9,9.3,2.6,19.1,42.8,39600
Spain,23-03-2015,11.4,5.5,7.7,15.4,13.6,31.3,15148.08
Spain,24-03-2015,11.2,6.5,8.6,10.1,21.4,54.4,33310.21
Spain,25-03-2015,9.7,1.9,5.7,0,30.3,64.4,40920.07
Spain,26-03-2015,11.5,1,6.6,0,12.2,30.2,22449.54
Spain,27-03-2015,18.4,7.9,12.6,0,17.5,38.2,39946.69
Spain,28-03-2015,22.7,4.1,12.9,0,9.5,20.2,41307
Spain,29-03-2015,20.9,3.8,13,0,10.7,27,41314.9
Spain,30-03-2015,23.9,6.4,15.1,0,9.7,25.9,41570.27
Spain,31-03-2015,24.3,6.5,15.4,0,9.8,23.8,41806.68
Spain,01-04-2015,21,5.5,13.5,0,10.5,25.2,41916.13
Spain,02-04-2015,22.3,3.5,13.6,0,8,21.6,42023.69
Spain,03-04-2015,22.1,7.9,14.9,0,9.2,18.7,37737.64
Spain,04-04-2015,20.2,8.2,13.9,0,14.8,33.8,42563.79
Spain,05-04-2015,21.7,5.3,14.3,0,11.2,23.8,42679.98
Spain,06-04-2015,20.1,7.3,13.7,0,12.3,29.5,42614.07
Spain,07-04-2015,19,8.3,13.1,0,16.9,36.4,43091.24
Spain,08-04-2015,16.6,5.1,10.8,0.5,13.2,36,38816.01
Spain,09-04-2015,11.5,5,8.6,3.4,10.7,26.6,1418.56
Spain,10-04-2015,16.3,5.3,10.6,0.1,9.4,28.1,40638.77
Spain,11-04-2015,19.3,4.9,12.2,0,13,28.8,42796.71
Spain,12-04-2015,20.1,8.8,14,0.6,15.6,37.1,42226.81
Spain,13-04-2015,21.8,8.1,15.1,0,24.6,54.7,44262.07
Spain,14-04-2015,23.6,7.8,15.8,0,20.6,47.2,43395.5
Spain,15-04-2015,18.9,9.4,14.4,0.8,13.5,35.6,31291.78
Spain,16-04-2015,16.7,9.5,12.8,2.9,19.4,40,39676.21
Spain,17-04-2015,19.4,8.8,13.8,0.3,12.8,33.1,44521.42
Spain,18-04-2015,17.5,7.1,12.5,0.1,22.7,50.8,45000.58
Spain,19-04-2015,18.3,5.9,11.8,0,9.1,28.1,45089.09
Spain,20-04-2015,20.6,4.8,13,0,9,22.7,43779.44
Spain,21-04-2015,21.8,8.1,15.2,0,15.1,34.2,45207.65
Spain,22-04-2015,20.1,8.3,14.6,0.2,16.2,42.8,45266.72
Spain,23-04-2015,22.8,7.8,15.6,0,11.6,28.1,45325.75
Spain,24-04-2015,22.3,11,16.6,0,14,38.2,19329.34
Spain,25-04-2015,17.8,9.8,14.7,0,19.1,43.6,31695.02
Spain,26-04-2015,14.1,10.3,12.2,10.1,17.4,42.8,17504.84
Spain,27-04-2015,16.9,6.9,12.1,0.1,15.5,35.6,43858.39
Spain,28-04-2015,17.8,5.9,12.3,0,11.5,26.6,37527.32
Spain,29-04-2015,20.3,8.5,14.5,0,14,31,45844.52
Spain,30-04-2015,22.6,8,15.2,0,12.2,32,45731.93
Spain,01-05-2015,22.4,10.2,16.8,0,13,37.1,42392.45
Spain,02-05-2015,25.9,13.3,19.2,0,18.9,44.3,45155.92
Spain,03-05-2015,23.6,15.2,18.9,0,16.4,45,20978.41
Spain,04-05-2015,25.4,14.4,19.4,0.1,29.6,60.8,27876.29
Spain,05-05-2015,19.9,11.1,15.4,0,24.7,55.4,45444.57
Spain,06-05-2015,21,7.5,14.5,0,9.5,24.8,46509.52
Spain,07-05-2015,26.2,9.2,18.4,0,12.7,31.7,47144.83
Spain,08-05-2015,24.2,12.4,18.4,0,16.1,37.1,47664.6
Spain,09-05-2015,26.6,9.9,19.2,0,7.8,18.4,46550.63
Spain,10-05-2015,29.9,13.8,22.1,0,10,24.8,47911.75
Spain,11-05-2015,30.9,13.5,22.7,0,9,22.3,47798.37
Spain,12-05-2015,32.5,14.4,24.2,0,12.1,29.5,48142.1
Spain,13-05-2015,34.5,18.6,26.7,0,22.4,49,48129.17
Spain,14-05-2015,31.5,17.6,24.2,0,20.2,47.9,47640.95
Spain,15-05-2015,22.2,11,17,0,19.4,44.3,48471.96
Spain,16-05-2015,26.2,9.1,17.9,0,16,35.6,48577.26
Spain,17-05-2015,28.4,11.1,20.3,0,11.6,28.8,48680.01
Spain,18-05-2015,30,14.3,22.4,0,15.7,33.1,48780.09
Spain,19-05-2015,21.9,13.8,17.7,1.3,21.4,47.2,48877.38
Spain,20-05-2015,20.9,7.3,14.4,0,17.3,36.4,48938.97
Spain,21-05-2015,20.9,8.3,14.6,0,17,35.6,48982.14
Spain,22-05-2015,21.7,7.8,14.8,0,17.8,36.4,49023.61
Spain,23-05-2015,22.9,9,16,0,17.2,38.5,49063.39
Spain,24-05-2015,22.5,10.4,17,0,20.9,40.7,48054.56
Spain,25-05-2015,24.5,12.1,18.9,0,14.6,36,39157.11
Spain,26-05-2015,26.6,10.3,19.3,0,15.6,35.3,49172.55
Spain,27-05-2015,28.2,11.5,20.2,0,15.4,35.3,49205.54
Spain,28-05-2015,29.8,15,22.7,0.1,13.7,30.6,49236.81
Spain,29-05-2015,29.6,14.3,22,2,15.3,39.6,47704.07
Spain,30-05-2015,28.1,13.8,21.5,0.2,12.1,29.9,49294.21
Spain,31-05-2015,27.9,12.8,21.5,0,8.7,26.3,49320.33
Spain,01-06-2015,29.2,13.3,22.4,0,11.6,30.6,49344.73
Spain,02-06-2015,30.5,14.8,23.9,0,11.9,29.9,49367.39
Spain,03-06-2015,31,16.2,24.9,0,11.4,21.2,49388.32
Spain,04-06-2015,30.6,17.8,25,0,10.6,23.4,49407.5
Spain,05-06-2015,30.4,15.3,23.9,0,8.4,23.8,49529.18
Spain,06-06-2015,31.1,15.8,24.4,0,11.5,25.6,49440.62
Spain,07-06-2015,31.6,19.2,25.8,0,12.1,29.5,49454.55
Spain,08-06-2015,31.2,16.6,25.1,0,9.4,20.5,49466.72
Spain,09-06-2015,30.8,19.7,25.1,0,17.3,41.4,49477.11
Spain,10-06-2015,26.7,18.3,22.4,0.6,22.7,50.4,49485.43
Spain,11-06-2015,22.2,16.5,19.2,7.2,18.7,38.9,41823.91
Spain,12-06-2015,22.3,13.5,17.9,0,18.1,44.3,49652.48
Spain,13-06-2015,20.4,12,16.6,0,20.3,42.8,45478.06
Spain,14-06-2015,20.4,10.6,15.8,0.2,17.4,41.4,48451.95
Spain,15-06-2015,18.9,11.1,14.7,10.8,7.9,20.5,26383.74
Spain,16-06-2015,22.8,10.9,17.5,0,12.5,27.7,40411.02
Spain,17-06-2015,26.9,10.4,19.2,0,16.1,33.1,49762.73
Spain,18-06-2015,28.4,13.8,21.4,0,15.3,33.5,49940.2
Spain,19-06-2015,30.7,14.6,23.3,0,14,30.6,49934.3
Spain,20-06-2015,31.9,15.2,24.5,0,12.2,27.4,50020.3
Spain,21-06-2015,33.7,18.3,26.2,0,11.3,28.1,49727.11
Spain,22-06-2015,31.6,18.8,25.9,0,20.6,46.4,48185.79
Spain,23-06-2015,29.4,17.8,23.2,3.3,12.4,38.9,49419.75
Spain,24-06-2015,28.5,16.9,22.8,0,9,22.7,49489.84
Spain,25-06-2015,31.2,16.3,24.4,0,7.4,23.4,49956.68
Spain,26-06-2015,33.4,17.6,26.3,0,10.7,29.2,49841.32
Spain,27-06-2015,35.4,17.4,27.7,0,9.4,28.8,49918.97
Spain,28-06-2015,37,18.3,28.9,0,10.3,27.7,49897.77
Spain,29-06-2015,38.1,23.1,30.7,0,11.6,30.6,49875.05
Spain,30-06-2015,37.6,21.1,30.8,0,18.9,45.7,49850.34
Spain,01-07-2015,35.1,22.3,29.1,0,16.5,35.3,49253.89
Spain,02-07-2015,32.7,21.4,27.8,0,12.4,33.5,49601.42
Spain,03-07-2015,35.9,20.7,28.6,0,17.3,44.6,49667.29
Spain,04-07-2015,36,20.9,29.4,0.3,13.9,38.2,49444.16
Spain,05-07-2015,36.5,22,30.3,0,16.3,39.6,49505.96
Spain,06-07-2015,38,23.5,31.3,0,19,45.7,49470.83
Spain,07-07-2015,37.6,25.1,31.5,0,22.3,52.6,49526.97
Spain,08-07-2015,37.5,19.7,29.7,0,14.3,31,49179.88
Spain,09-07-2015,37.5,21.2,29.5,0,15.8,38.5,49446.96
Spain,10-07-2015,35.9,23.8,30.3,0,19.3,47.2,49404.7
Spain,11-07-2015,35.6,19.8,28.6,0,11.5,26.3,49273.12
Spain,12-07-2015,36.3,21,29.3,0,11.6,27.4,49229.6
Spain,13-07-2015,37.2,22.7,30.3,0,12.2,26.3,49184.86
Spain,14-07-2015,37.6,23.7,31,0,12.8,27.7,49056.12
Spain,15-07-2015,38.1,20.9,30.5,0,14.2,31,48749.7
Spain,16-07-2015,36.9,22.6,30.8,0,17.3,47.9,48807.52
Spain,17-07-2015,33.2,21.3,28.1,1.7,14.7,32,42656.29
Spain,18-07-2015,31.9,21.1,27.2,1.2,17.7,45.4,48620.13
Spain,19-07-2015,33.5,19.5,26.9,0,12.3,31.3,46399.04
Spain,20-07-2015,35.2,20.8,28.8,0.1,10.6,27,48406.69
Spain,21-07-2015,35.6,24.3,30,0.1,17.9,41.4,48485.87
Spain,22-07-2015,34.8,20.4,28.1,0.8,12.2,31.7,48366.23
Spain,23-07-2015,35.4,21.6,28.8,0,11.6,30.2,48227.21
Spain,24-07-2015,34.6,19.9,28,0,16.7,37.4,48320.92
Spain,25-07-2015,32.6,19.8,26.7,0,13.1,31.3,47286.79
Spain,26-07-2015,35.6,20.7,28.4,0,12,33.1,47941.5
Spain,27-07-2015,36.3,21.2,29.2,0,11.2,28.8,47815.05
Spain,28-07-2015,36.4,20.4,29.2,0,14.6,34.2,47797.15
Spain,29-07-2015,35.4,20.3,28.9,0,14.8,33.5,47778.11
Spain,30-07-2015,32.9,21.1,27,0.2,16.5,38.2,47560.67
Spain,31-07-2015,29,20.3,24.4,3.3,17.8,42.1,43598
Spain,01-08-2015,30.1,18.3,24,0,12.9,28.4,47065.73
Spain,02-08-2015,34,19.5,26.7,0,11.1,31.7,46805.34
Spain,03-08-2015,34.7,20.2,28.6,1.2,18.6,44.3,47078.46
Spain,04-08-2015,33.9,20.5,27.9,0,12.4,31.7,46939.19
Spain,05-08-2015,35.5,21.9,28.7,0,18.4,44.3,46953.57
Spain,06-08-2015,36.3,22.9,29.4,0,18.6,42.1,47035
Spain,07-08-2015,36.4,20.7,29.4,0,18.1,45.4,46883.06
Spain,08-08-2015,32.5,23.6,27.9,0.3,18,36.7,35905.72
Spain,09-08-2015,33.2,17,25,0,15.3,39.2,46658.66
Spain,10-08-2015,35.5,18.5,27.5,0,11.5,37.8,46517.55
Spain,11-08-2015,33.3,23.2,28.6,0,18.3,45.4,46381.84
Spain,12-08-2015,33.2,19.2,26.9,0,18.9,40.3,41294.77
Spain,13-08-2015,27.7,18.1,22.8,0.1,16.6,42.1,45781.14
Spain,14-08-2015,26.7,16.2,21.4,0,10.9,26.6,39108.18
Spain,15-08-2015,26.6,16.1,22,0,11.6,29.5,41398.56
Spain,16-08-2015,28.2,17.2,22.7,0,13.5,33.5,41520.21
Spain,17-08-2015,29.4,19.1,24.7,0,10.7,26.6,45818.4
Spain,18-08-2015,31.9,18.8,25.3,0,13,29.9,45681.56
Spain,19-08-2015,31.7,19,25.1,0,17.4,43.6,45653.15
Spain,20-08-2015,33.6,19.6,26.7,0,10.2,26.6,45569.16
Spain,21-08-2015,33.2,19.6,27.1,0,10.9,31.7,44465.66
Spain,22-08-2015,30.2,19,24.8,0,19.9,44.3,45396.23
Spain,23-08-2015,26.7,17.9,22.1,0,23.4,53.3,45254.7
Spain,24-08-2015,24.6,15.1,19.8,1.5,22.4,45.7,45112.63
Spain,25-08-2015,28.7,12.5,21,0,6.3,22,44970.13
Spain,26-08-2015,31.7,15.4,24.1,0,15.8,41.8,44827.28
Spain,27-08-2015,31.8,18.2,25,0,19.6,45.4,44684.2
Spain,28-08-2015,33.4,16.6,25.8,0,9.6,26.3,44505.19
Spain,29-08-2015,34.9,18.8,27.3,0,10.9,28.8,43840.84
Spain,30-08-2015,35.2,21.6,27.6,1.2,24.3,46.8,35554.92
Spain,31-08-2015,27.9,20.5,24.6,3.3,13.4,42.5,36933.46
Spain,01-09-2015,28.2,15.7,22.2,0,9.7,25.2,41862.42
Spain,02-09-2015,29.1,16.8,23.4,0,12.6,31,43032.11
Spain,03-09-2015,26.2,16,22,0,11,27.7,42605.13
Spain,04-09-2015,25,15.4,19.6,3.1,14.3,37.4,42477.21
Spain,05-09-2015,25.2,13.4,19.5,0,12,27,37539.94
Spain,06-09-2015,24.8,14.9,20,0,7.9,25.6,42385.41
Spain,07-09-2015,26.6,14.4,20.4,0,14.7,30.6,42309.44
Spain,08-09-2015,27.8,15.2,21.2,0,8.2,20.5,42346.67
Spain,09-09-2015,28.1,13,21,0,15,39.2,38226.95
Spain,10-09-2015,28.5,14.9,22.2,0,14.2,33.1,42140.64
Spain,11-09-2015,29.8,15.5,22.8,0,16,38.2,42084.12
Spain,12-09-2015,27,18.4,22.4,0,18.3,44.6,33731.45
Spain,13-09-2015,24.8,16.8,20.6,0,21.8,53.6,36000
Spain,14-09-2015,24.1,15.5,19.3,0,15.4,42.5,39600
Spain,15-09-2015,19.3,13.8,16.5,2.6,20.1,50,17035.87
Spain,16-09-2015,18.8,15.4,17,2.7,33.4,69.1,3671.52
Spain,17-09-2015,20.6,10.2,15.6,0.3,16.1,40,41488.66
Spain,18-09-2015,22.8,7.8,15.7,0,7.7,23.8,41332.1
Spain,19-09-2015,24.9,9.8,17.2,0,9,20.5,41174.52
Spain,20-09-2015,27,10.4,18.8,0,9.3,23.4,41016.03
Spain,21-09-2015,28.4,11,20.3,0,10.6,28.4,40856.71
Spain,22-09-2015,28.1,12.5,20,0,13.4,32.4,40696.66
Spain,23-09-2015,25.3,12.1,19,0,12,24.5,40423.62
Spain,24-09-2015,27.9,11,19.6,0,9.5,22,40374.78
Spain,25-09-2015,28.2,12.9,21.1,0,7.7,20.5,35248.84
Spain,26-09-2015,27.2,13.5,20.4,0,9,18.7,34825.72
Spain,27-09-2015,27.5,11.9,20,0,11.8,23.8,39888.91
Spain,28-09-2015,24.2,13.1,18.5,0,10.6,28.8,39448.02
Spain,29-09-2015,22.9,12.3,17.6,0,9.4,22.7,38513.48
Spain,30-09-2015,21.7,11.6,16.5,0.1,8.5,27,38797.75
Spain,01-10-2015,25,10,17.4,0,12.9,31.3,38987.06
Spain,02-10-2015,24.4,10.8,17.5,0,20.9,47.5,38464.39
Spain,03-10-2015,23.6,12.5,18,0.4,14.5,34.2,31566.45
Spain,04-10-2015,23.5,14.1,18.2,0.5,21.3,60.1,15273.42
Spain,05-10-2015,22.1,16.9,19.1,2.8,27.9,63,21086.26
Spain,06-10-2015,21.4,14.4,17.4,0.7,22,62.3,34327.09
Spain,07-10-2015,20.5,10.9,15.5,0,7.2,19.4,37347.19
Spain,08-10-2015,20.7,10.6,15.7,0,11.7,27,36914.02
Spain,09-10-2015,21.5,8.8,15.6,0,8,21.2,36814.91
Spain,10-10-2015,20.9,9.6,15.6,0.4,13.4,38.5,36163.37
Spain,11-10-2015,20.3,13.9,16.4,0.5,15,34.6,21853.23
Spain,12-10-2015,19.2,14.1,16.3,0.5,10.5,27.7,27732.97
Spain,13-10-2015,15.8,9.9,13.4,3.9,14.1,33.5,15241.19
Spain,14-10-2015,18.3,4.9,11.4,0,6.7,17.6,36353.47
Spain,15-10-2015,19.4,3.7,11.5,0,8.9,21.2,36228.88
Spain,16-10-2015,20.5,5.6,13.6,0,6.7,23.4,36000
Spain,17-10-2015,22.5,9.3,15,1.9,9.2,33.8,25805.78
Spain,18-10-2015,17.5,14.3,15.6,8.2,7.3,27.4,571.71
Spain,19-10-2015,19,13.9,15.8,17.6,8.4,25.9,30957.82
Spain,20-10-2015,19.4,12.7,15.5,0.2,16.2,35.6,36000
Spain,21-10-2015,17.5,6.7,11.9,0,12.4,31,35996.71
Spain,22-10-2015,19.5,5.9,12.1,0,5.8,14,35851.48
Spain,23-10-2015,20,8.4,14.1,0,7.7,19.1,35693.26
Spain,24-10-2015,20.6,11,15.4,0,6.5,16.9,30097.37
Spain,25-10-2015,19.5,10.1,14.6,0,10.1,25.9,32739.1
Spain,26-10-2015,15.5,10.7,13.2,2.5,12.8,29.2,3364.51
Spain,27-10-2015,15.5,10.9,13.1,1.8,20.2,46.4,25671.2
Spain,28-10-2015,14.7,9,11.5,0.7,19.4,45.4,32736.08
Spain,29-10-2015,17.7,10.2,13.6,0,12.2,24.1,20267.84
Spain,30-10-2015,20.6,8.7,14.4,0,8,19.4,34615.09
Spain,31-10-2015,20.1,10.6,14.8,0,9.8,21.2,32759.32
Spain,01-11-2015,18.9,11.4,14.9,0,21.5,46.8,32075.03
Spain,02-11-2015,14.5,9.8,12.2,31.1,23.9,65.9,16388.43
Spain,03-11-2015,14.5,9,11.1,5.3,16.6,32,7123.65
Spain,04-11-2015,15.7,9.5,12.2,0.9,11.7,29.2,9114.66
Spain,05-11-2015,18.7,11.3,14.2,0,11.5,27.4,24966.83
Spain,06-11-2015,20.4,9.4,14.7,0,6.5,13.7,31131.67
Spain,07-11-2015,21.3,9.2,14.4,0,6.9,16.9,28051.75
Spain,08-11-2015,20.6,8.7,14.6,0,7.5,17.3,33270.28
Spain,09-11-2015,21.2,7.9,14.3,0,5.5,13,33127.25
Spain,10-11-2015,20.8,7.5,13.7,0,8.1,12.6,32986.15
Spain,11-11-2015,20.4,6.7,12.9,0,5.2,11.9,32847.18
Spain,12-11-2015,19.4,7.5,12.5,0,6.1,13.3,32710.52
Spain,13-11-2015,19.8,4.6,11.5,0,11.4,21.2,32576.39
Spain,14-11-2015,17.7,5.3,11.9,0,12.5,25.2,32444.98
Spain,15-11-2015,17.9,5.7,11.2,0,8.7,14.8,32316.51
Spain,16-11-2015,17.4,3.8,10.5,0,7.7,17.3,32190.91
Spain,17-11-2015,17,3.8,9.4,0,7.6,13.7,31230.54
Spain,18-11-2015,18.6,3.1,9.8,0,7.4,13.7,31171.69
Spain,19-11-2015,19.3,4.6,11.3,0,7.5,13.3,31823.44
Spain,20-11-2015,19.7,5.5,11.7,0,9.5,20.9,30750.09
Spain,21-11-2015,11.9,6,9.8,1.1,19,46.8,28024.21
Spain,22-11-2015,9.2,1.5,5.4,0.6,13,27.4,19362.15
Spain,23-11-2015,9.4,-0.2,4.5,0,21,40.7,31148.96
Spain,24-11-2015,10.8,1.3,5.4,0,10,24.5,29683.92
Spain,25-11-2015,12.4,4.9,8.8,0,16,32.4,20700.82
Spain,26-11-2015,13.8,5.8,9.7,0,17.7,36.7,30342.57
Spain,27-11-2015,14.5,7.6,10.7,0,14,31.7,30068.63
Spain,28-11-2015,14.5,4.6,9,0,8.4,24.8,30201.39
Spain,29-11-2015,14,-0.4,6.6,0,7.6,13.7,30524.92
Spain,30-11-2015,14.5,-0.1,6.8,0,6.2,12.2,30403.63
Spain,01-12-2015,12.9,0.4,6,0,6.5,11.9,29359.95
Spain,02-12-2015,13.7,1.7,7.1,0,5.8,14.4,29881.88
Spain,03-12-2015,14.6,0.1,7.1,0,7.7,15.1,29858.38
Spain,04-12-2015,16.2,1.6,8.3,0,6.5,14,28859.44
Spain,05-12-2015,16.2,3.5,9.6,0,5.6,15.5,29737.05
Spain,06-12-2015,15.2,4.1,8.5,0,6.3,14,29724.11
Spain,07-12-2015,11,4.1,7.4,0.1,7.4,14.8,972.75
Spain,08-12-2015,14.5,3.4,8.4,0,5.9,14.4,29188.48
Spain,09-12-2015,14.4,3.8,8.2,0,12.2,29.5,28800
Spain,10-12-2015,12.4,4.4,8.1,0,6.8,15.8,18116.99
Spain,11-12-2015,12.1,6,8.6,0,8.3,18.7,3017.96
Spain,12-12-2015,10.6,5.5,8,0.1,7,17.6,5878.73
Spain,13-12-2015,11,3,7.1,0,12.5,27.4,19254.51
Spain,14-12-2015,13.6,7.5,9.7,1.4,16.9,38.2,27108.14
Spain,15-12-2015,15,7.3,10.5,0,11.3,26.6,28837.01
Spain,16-12-2015,15.5,3.8,9.3,0,4.7,11.2,28586.18
Spain,17-12-2015,14.7,5.5,9.3,0,6.8,15.1,28097.74
Spain,18-12-2015,15.2,3.9,9.6,0,7.1,15.1,28909.17
Spain,19-12-2015,15.1,4.5,9.4,0,5.4,17.3,29577.98
Spain,20-12-2015,14.3,5.5,9.8,0.4,9.7,18.7,28943.43
Spain,21-12-2015,13.2,3.7,8.4,0,6.5,16.9,28507.28
Spain,22-12-2015,14,2.1,7.3,0,7.2,15.8,29640.31
Spain,23-12-2015,13.9,1.2,7.2,0,6.5,13.7,28972.76
Spain,24-12-2015,12,4.8,7.8,0,6.7,17.6,28823.87
Spain,25-12-2015,11.6,0.9,5.7,0,6.1,14.4,29662.35
Spain,26-12-2015,11.3,1.7,5.3,0,7.9,14.4,26127.99
Spain,27-12-2015,13.3,1.3,6,0,9.8,20.9,25153.83
Spain,28-12-2015,13.1,4.3,8.1,0.6,14.4,33.1,21715.85
Spain,29-12-2015,11.2,6.2,9,0.5,14.6,33.8,22045.69
Spain,30-12-2015,10.4,4.7,7.1,0,13.2,28.8,20935.42
Spain,31-12-2015,11.6,8.4,9.5,0.8,11.2,31.3,0
Spain,01-01-2016,12.1,6,9,1.4,23.6,57.2,4602.05
Spain,02-01-2016,11.3,4.2,8.5,1.1,15.1,51.1,22829.8
Spain,03-01-2016,10.1,2.5,6.3,0,18.8,40,0
Spain,04-01-2016,11.9,8.9,11.3,8.9,28.3,63.7,0
Spain,05-01-2016,8.3,3.4,6,0.4,17.3,50.4,25370.84
Spain,06-01-2016,7.8,1.5,4.4,1,19.8,41.8,11975.28
Spain,07-01-2016,13.9,7.1,10.4,0,23.7,57.2,17884.89
Spain,08-01-2016,11.8,10.5,11.1,0.5,22.4,54,3759.3
Spain,09-01-2016,11.1,8.8,9.8,7.9,22.7,47.5,18000
Spain,10-01-2016,10.7,8.8,9.6,1.6,31.9,71.6,13785.72
Spain,11-01-2016,10.7,6.6,9.4,8.6,30.7,71.3,25637.43
Spain,12-01-2016,9.8,1.7,5.8,0,16.3,33.5,30630.08
Spain,13-01-2016,9.9,1.1,5,0,8.8,23.8,29310.04
Spain,14-01-2016,8.7,1.1,5.5,3.6,11.5,45,12792.2
Spain,15-01-2016,8.9,3.6,6.6,2.7,20.3,43.6,30904.02
Spain,16-01-2016,7.5,0.1,3.3,0,11.3,30.2,31002.49
Spain,17-01-2016,7.5,-1.8,2.2,0.8,7.1,18,31104.94
Spain,18-01-2016,9.1,1.3,4.9,0,16.3,37.4,24698.57
Spain,19-01-2016,7,-0.5,3.7,0,7.4,15.8,9013.03
Spain,20-01-2016,9.5,1.8,5.5,0.1,7.9,18,28125.13
Spain,21-01-2016,11.3,4.1,6.8,0,9.2,22.7,28968.04
Spain,22-01-2016,12.9,6.1,8.8,0.6,8.1,18.4,19930.62
Spain,23-01-2016,15.6,5.6,10.1,0,5.4,13,27007.22
Spain,24-01-2016,16.4,4.4,9.8,0,7.2,16.2,31916.25
Spain,25-01-2016,14.7,5.1,9.8,0,5.9,15.5,24224.84
Spain,26-01-2016,14,3.7,8.5,0,6.5,15.1,32172.27
Spain,27-01-2016,11.2,4,7.6,0,8,18.7,17212.18
Spain,28-01-2016,9.1,5.3,7.3,1.6,12.3,22,0
Spain,29-01-2016,10.7,6.1,7.8,6.4,12,27.4,24166.07
Spain,30-01-2016,13.1,2.7,7.1,0,12.3,27.4,29596.98
Spain,31-01-2016,15.4,3.4,8.6,0,6.9,19.4,31952.82
Spain,01-02-2016,16.6,3.8,9.2,0,9,15.8,32407.06
Spain,02-02-2016,15.1,3.3,9.1,0,7.4,14.4,30585.56
Spain,03-02-2016,12.4,4.6,7.9,0,16.3,35.6,32442.74
Spain,04-02-2016,11.5,-0.5,5.4,0,13,31.3,32734.5
Spain,05-02-2016,10.8,0.3,5.1,0,8.1,18.7,31041.56
Spain,06-02-2016,11.2,3.2,7.1,0,24.6,54,22829.88
Spain,07-02-2016,10.4,4.1,7.5,3.8,27.2,69.1,32767
Spain,08-02-2016,12.9,2.8,7.4,0,19.5,38.5,30033.6
Spain,09-02-2016,12.4,7.6,9.6,0.1,29.8,64.4,549.65
Spain,10-02-2016,12.4,8.6,10.5,0,28.5,58.7,0
Spain,11-02-2016,14.7,10,11.8,1,19.8,58.7,24290.36
Spain,12-02-2016,13.2,8.6,10.8,2.6,24,59.4,0
Spain,13-02-2016,13.6,11.7,12.3,1.3,26.8,63.4,4133.61
Spain,14-02-2016,12,4.6,7.8,0.8,31.1,76,34349.17
Spain,15-02-2016,8.5,2.3,4.9,0,29.5,72.4,34642.12
Spain,16-02-2016,7.4,1.2,3.4,0,21.1,50.4,35174.52
Spain,17-02-2016,7.8,-1.8,2.1,0,13.5,34.2,33901.68
Spain,18-02-2016,9,2.5,4.9,3.4,10.2,29.5,34652.77
Spain,19-02-2016,10.8,-0.8,4.7,0,12,30.2,35721.46
Spain,20-02-2016,13.5,-1.8,5.4,0,9.8,24.1,35881.95
Spain,21-02-2016,14.2,-0.4,6.3,0,9.6,20.5,36042.31
Spain,22-02-2016,15.3,0.7,7.4,0,11.9,28.1,35665.58
Spain,23-02-2016,15.1,1.5,7.5,0,7.9,19.4,36362.16
Spain,24-02-2016,12.7,4.8,8,0.6,18.5,43.9,33000.38
Spain,25-02-2016,12.5,5.3,8.2,0.4,14.2,32.8,36081.88
Spain,26-02-2016,7.2,1.9,4.5,10.5,23,50.4,0
Spain,27-02-2016,7.6,1.9,4.2,2.3,23.2,57.6,30788.75
Spain,28-02-2016,9.9,3,5.8,2,20.9,48.2,28770.96
Spain,29-02-2016,10.2,3.2,6.2,0,23,46.1,37333.77
Spain,01-03-2016,14.8,-1.4,6,0,7.8,19.1,37498.62
Spain,02-03-2016,16.3,1.4,8.4,0,16.7,37.8,37663.97
Spain,03-03-2016,13.1,2.4,8.2,0,13.3,31,37829.68
Spain,04-03-2016,14.6,2.4,7.8,2,23.5,52.6,37995.64
Spain,05-03-2016,9.8,1.4,5.5,0.2,16.6,44.6,38161.73
Spain,06-03-2016,10.3,0.3,5.2,0,16.1,38.2,38327.81
Spain,07-03-2016,9.5,2.4,5.9,2.8,20.9,53.6,36810.73
Spain,08-03-2016,10.2,1.6,5.7,0,20.4,42.5,38659.53
Spain,09-03-2016,10.8,0.2,5.6,0.9,24.9,47.5,14437.53
Spain,10-03-2016,10.1,2.6,5.9,0.3,22.8,76,38989.86
Spain,11-03-2016,12.8,2.5,6.7,0,16.6,37.4,39128.71
Spain,12-03-2016,13.2,-1.9,5.7,0,8.6,21.2,39194.8
Spain,13-03-2016,14.5,-1.8,6.5,0,8,18,39267.04
Spain,14-03-2016,11.9,1.2,6.7,0,12.2,29.2,39361.94
Spain,15-03-2016,13.6,-0.6,6.5,0,10.3,18.7,39390.66
Spain,16-03-2016,14.6,-0.4,7.3,0,13,32,39592.08
Spain,17-03-2016,15.5,0.3,8.1,0,12.3,30.2,37197.52
Spain,18-03-2016,14.2,2,8,1.5,14.5,32.8,39002.32
Spain,19-03-2016,11.6,6.8,8.8,12.8,19.1,40.7,32400
Spain,20-03-2016,13.1,3.3,8,0.1,7.9,23.4,39600
Spain,21-03-2016,13.4,3.6,8,4.7,13,32.4,40098.38
Spain,22-03-2016,13.5,6.1,9.2,5.4,9.7,23.8,34525.77
Spain,23-03-2016,14.1,0.3,7.3,0,17.1,36.7,40707.51
Spain,24-03-2016,18,0.3,8.9,0,7.6,27,40936.98
Spain,25-03-2016,17.2,2.6,10,0,8.7,22,25100.05
Spain,26-03-2016,17.4,5.9,10.9,0,22.1,51.1,41098.46
Spain,27-03-2016,14.8,7.8,10.8,0.7,17.5,37.1,40033.32
Spain,28-03-2016,13.7,6.1,9.3,0.8,18.4,40.3,19650.98
Spain,29-03-2016,17.5,9,12.2,0,16.6,38.2,37386.17
Spain,30-03-2016,20,5,13,0,18,41,41409.34
Spain,31-03-2016,11.8,4.6,8.7,0.6,25.9,51.5,34215.8
Spain,01-04-2016,13.8,0.9,7.3,0,15.8,37.4,42148.06
Spain,02-04-2016,16,0.4,8.2,0,15.5,39.2,39598.7
Spain,03-04-2016,12.9,4.8,9,0.7,23.8,58.7,32812.81
Spain,04-04-2016,9.3,5.6,7.7,20.5,16.7,42.1,0
Spain,05-04-2016,14,5.9,9.6,1.2,25.7,55.8,42758.72
Spain,06-04-2016,17.9,1.3,10,0,11.7,27,43054.2
Spain,07-04-2016,18.1,2.1,10.8,0,12.7,32,43074.36
Spain,08-04-2016,13,3.4,8.7,0,18,44.3,43185.38
Spain,09-04-2016,16.4,1.5,9.5,0,16.9,36,43294.84
Spain,10-04-2016,12.6,5.9,9.1,2.7,26.8,59.4,40098.51
Spain,11-04-2016,12.8,4.4,7.9,4.2,23.4,58.3,43037.18
Spain,12-04-2016,12.5,7,9.2,12.7,16.9,48.2,22211.11
Spain,13-04-2016,14.8,5.9,9.8,0.4,19.5,47.9,40690.19
Spain,14-04-2016,16.7,6.5,11.3,0,21,46.1,43701.34
Spain,15-04-2016,17.4,7.2,12.3,1,21.7,49.3,42759.3
Spain,16-04-2016,15.2,9.9,12.3,4.9,23.2,68.8,29776.13
Spain,17-04-2016,15.7,8,11.4,0.2,15.1,37.1,44973.51
Spain,18-04-2016,20.4,3.6,12.7,0,10.7,25.9,44539.78
Spain,19-04-2016,14.9,10.6,12.8,8.9,14.8,41.4,21503.43
Spain,20-04-2016,13.3,8.2,10.9,14.7,11.9,27.7,12266.03
Spain,21-04-2016,15.7,7.7,11.1,0,13.3,34.2,37926.45
Spain,22-04-2016,16.5,8.3,12.5,0.9,11.5,32.4,40652.93
Spain,23-04-2016,16.5,5.5,11.5,1.6,14.5,35.6,45287.25
Spain,24-04-2016,17.3,5.8,11.2,0,15.2,32.8,45466.39
Spain,25-04-2016,18.7,3.2,11.4,0,8.1,19.8,45522.33
Spain,26-04-2016,20.5,4.9,13.2,0,12.1,26.6,41179.04
Spain,27-04-2016,19.7,7.7,13.8,0,17.8,38.9,43849.92
Spain,28-04-2016,16.5,8.5,12,4.7,10.1,24.5,41799.46
Spain,29-04-2016,17.9,9.4,13.1,0,10,21.2,28718.05
Spain,30-04-2016,16.7,6.2,12.4,0.7,17,40.3,46281.5
Spain,01-05-2016,16.6,3.7,10.5,0,14.5,34.2,46619.91
Spain,02-05-2016,22,2.9,12.7,0,9.2,22.3,46797.56
Spain,03-05-2016,24.2,6.5,16,0,8.3,23.4,46884.54
Spain,04-05-2016,25.1,9,17.5,0,11.6,23.8,47168.38
Spain,05-05-2016,20.5,10.6,15.2,0.2,18,31.7,23669.37
Spain,06-05-2016,17,9.8,13.1,5.9,11.5,42.5,32240.88
Spain,07-05-2016,16.8,10.6,13.1,1.8,15.8,45.7,36966.66
Spain,08-05-2016,13.3,10.4,11.8,29.4,21.2,52.2,308.74
Spain,09-05-2016,14.9,9.1,11.5,13.1,17.9,50,33001.35
Spain,10-05-2016,14.3,7.6,10.9,6.2,18.6,42.8,22910.85
Spain,11-05-2016,15.8,6.9,10.7,2.2,14.2,37.4,39688.16
Spain,12-05-2016,14.9,8.4,11.2,2,17.6,43.2,41475.12
Spain,13-05-2016,15.9,7.3,11.7,0.8,13,34.2,46734.43
Spain,14-05-2016,18.2,7.2,13.2,0.1,9.7,22.7,41895.21
Spain,15-05-2016,19.7,8.5,14.5,0,9.4,25.6,43628.63
Spain,16-05-2016,21.7,6.9,15.3,0,8.3,18.7,48648.15
Spain,17-05-2016,21.6,10.4,16.2,0,8.6,17.6,46716.89
Spain,18-05-2016,23.8,9.8,17.4,0,13.7,32.8,48847.73
Spain,19-05-2016,23.4,9.4,17.2,0,10.9,24.8,48924.38
Spain,20-05-2016,25.8,10.2,18.8,0,7.4,17.6,48968.24
Spain,21-05-2016,25.2,13.2,19.7,0,18.9,43.6,45410.52
Spain,22-05-2016,20.7,14.2,17.6,0.4,20.5,40.7,48124.04
Spain,23-05-2016,20.6,7.5,14.4,0.1,9.6,24.5,47452.34
Spain,24-05-2016,23.1,10.6,17.1,0,25.2,56.9,40489.73
Spain,25-05-2016,20.2,13.3,16.4,0.1,17,39.2,37003.98
Spain,26-05-2016,23.2,10.1,17.3,0.3,14.1,33.5,48743.25
Spain,27-05-2016,23.8,13.7,18.3,0,18.9,43.9,49229.79
Spain,28-05-2016,18.9,10.9,15.2,1.8,23.7,55.1,49260.39
Spain,29-05-2016,18.9,10.3,14.4,1.7,18.6,41.8,48156.38
Spain,30-05-2016,20.6,8.6,15,0,9.4,23,49316.31
Spain,31-05-2016,22.2,7.5,15.8,0,12.9,28.8,49384.32
Spain,01-06-2016,25,7.8,17.4,0,8,20.5,49406.76
Spain,02-06-2016,26.7,9.5,19,0,7.9,20.2,48558.12
Spain,03-06-2016,27.6,13.4,20.9,0.1,18.4,39.2,43464.75
Spain,04-06-2016,25.6,13.4,20,1.3,10.2,29.2,49423.96
Spain,05-06-2016,27.2,12.9,20.7,0,10.5,27.7,49613.71
Spain,06-06-2016,27.2,16.9,22,0,14.1,37.4,48208.3
Spain,07-06-2016,30.3,13.7,22.8,0,9.8,27.4,49643.46
Spain,08-06-2016,32.2,14.3,24.5,0,9.1,27.4,49654.79
Spain,09-06-2016,32.8,16.1,25.4,0,15.3,33.1,49481.86
Spain,10-06-2016,28.4,17,24,0,12.6,29.9,43625.32
Spain,11-06-2016,28.2,17.6,23.1,0,10.9,27,49675.62
Spain,12-06-2016,30.6,14.5,23.1,0,16.2,34.9,47729
Spain,13-06-2016,29.9,17.9,24.1,0,17.9,41.8,49765.54
Spain,14-06-2016,27.8,15.8,21.8,0,22.7,50.4,47876.7
Spain,15-06-2016,20.2,15.3,17.7,1,27.3,59.8,49174.24
Spain,16-06-2016,20.2,11.1,15.6,0,15.1,40.7,49489.62
Spain,17-06-2016,21.4,10.3,16.6,0,14.1,32.4,44173.95
Spain,18-06-2016,23.2,10.9,17.7,0,13.8,32,49935.34
Spain,19-06-2016,26.1,10.3,19,0,14.8,34.2,49741.25
Spain,20-06-2016,31,13,22.8,0,7.8,25.6,49825.96
Spain,21-06-2016,32.9,17.2,25.9,0,8.7,23.8,49910.52
Spain,22-06-2016,33.9,18.4,26.7,0,14.3,34.2,49994.68
Spain,23-06-2016,31.9,17.3,25.8,0,18.4,46.8,49981.73
Spain,24-06-2016,31.8,18.3,25.6,1,20.3,52.6,49869.93
Spain,25-06-2016,31.6,17.8,25,0,12.9,30.2,49852.22
Spain,26-06-2016,30.6,16.8,24.1,0,17.2,49.7,49832.34
Spain,27-06-2016,31.8,18,25.4,0,16.5,45,49518.89
Spain,28-06-2016,34.6,19,27.4,0,11.9,29.5,49312.76
Spain,29-06-2016,33.4,21.5,28,0,21.2,49.3,49760.56
Spain,30-06-2016,32.9,17.7,26.3,0,14.1,34.9,49539.32
Spain,01-07-2016,32.8,19,26.6,0,15.1,39.6,49703.42
Spain,02-07-2016,34.4,18.5,27.3,0,8.6,26.6,49768.32
Spain,03-07-2016,35.6,19.9,28.1,0.4,17.3,40.3,49448.65
Spain,04-07-2016,33.8,21.3,27.8,0.7,17.7,40,47125.62
Spain,05-07-2016,32.9,19,26.3,2,13,38.9,48545.8
Spain,06-07-2016,32.9,20.2,27.1,0,9.5,22.3,49070.44
Spain,07-07-2016,32.4,21,27,0.3,14.2,24.8,41089.12
Spain,08-07-2016,33.1,21,27.2,0,7.1,20.9,49181.18
Spain,09-07-2016,34.9,22,28.8,0,11.1,23.8,49143.97
Spain,10-07-2016,36.1,21.9,29.9,0,14.1,33.8,49194.39
Spain,11-07-2016,35.6,21.8,29.3,0,21.3,45.4,49241.02
Spain,12-07-2016,31.3,19.9,26.5,0,14.1,33.1,48845.8
Spain,13-07-2016,29,16.4,23.1,0,17.4,36.4,49154.58
Spain,14-07-2016,30.4,14.8,22.5,0,18.8,39.6,49027.88
Spain,15-07-2016,30.9,14.6,23.1,0,17.9,36.7,49062.14
Spain,16-07-2016,33.1,18.5,25.8,0,12.2,29.2,48859.19
Spain,17-07-2016,35,18.8,28.1,0,9,22.3,48813.29
Spain,18-07-2016,36.8,19.2,29,0,15.3,30.2,48765.91
Spain,19-07-2016,37,20.1,29.6,0,17.6,36,48578.92
Spain,20-07-2016,34.3,24,29.9,0.7,25,59.8,37174.8
Spain,21-07-2016,34.3,20.4,28,0,13.6,33.5,48451.16
Spain,22-07-2016,31.1,20.7,26.4,0.2,19.5,42.1,48231.83
Spain,23-07-2016,30.7,17.9,24.5,0,18.3,40.3,48252.17
Spain,24-07-2016,32.8,18.6,26,0,15.1,33.1,48118.27
Spain,25-07-2016,35.4,20.7,28.3,0,13,30.2,48055.24
Spain,26-07-2016,36.4,22.2,29.4,0,12.7,34.6,47925.82
Spain,27-07-2016,36,23.2,29.8,0,14.3,32,47800.61
Spain,28-07-2016,36.3,23.1,30.2,0,17.4,38.2,47679.84
Spain,29-07-2016,36.9,23.8,30.4,0,16.3,38.5,47662.89
Spain,30-07-2016,34.1,24,29,0,22.7,51.1,47548.62
Spain,31-07-2016,32.6,18.3,26.5,0,14.9,31.7,47532.57
Spain,01-08-2016,33.7,19.3,26.8,0,12,34.2,47335.04
Spain,02-08-2016,35.9,20.8,28.5,0,11.2,27.4,47410.35
Spain,03-08-2016,36.2,19.9,29.2,0,12,31.3,47294.97
Spain,04-08-2016,35.3,20.2,28.5,0,17.7,37.8,47136.09
Spain,05-08-2016,32.9,20.3,27,0,15.2,33.8,46904.1
Spain,06-08-2016,34.5,19.6,27.3,0,13.2,29.9,46904.12
Spain,07-08-2016,35.3,20.4,28,0,13.8,31.7,46754.62
Spain,08-08-2016,35.1,20.6,28.7,0,11,32.4,46610.17
Spain,09-08-2016,33.7,22,27.6,0,22.5,47.5,39773.78
Spain,10-08-2016,28.9,16.9,23.1,0,20.7,47.9,46338.04
Spain,11-08-2016,30.4,15.9,23.4,0,17.1,37.4,46318.53
Spain,12-08-2016,32,18.1,25,0,12.5,29.9,46189.73
Spain,13-08-2016,33.2,19.1,26.5,0,8.2,22,46071.73
Spain,14-08-2016,33.9,20.1,27.1,0,9,25.6,45993.58
Spain,15-08-2016,33.9,19.2,26.8,0,16.9,40.3,45917.45
Spain,16-08-2016,31.1,19.7,26.7,0,15.3,42.1,45834.3
Spain,17-08-2016,32.3,18.8,26.2,0,12.3,37.8,45753.46
Spain,18-08-2016,33,18.5,26.5,0,11.9,27.7,45671.9
Spain,19-08-2016,33.9,20.9,27.2,0,18.2,39.2,45589.68
Spain,20-08-2016,31.7,20.5,26.5,0,10.5,25.2,45506.88
Spain,21-08-2016,32,18.4,25.1,0,18.2,41,45423.57
Spain,22-08-2016,34.7,20.3,27.5,0,12.8,27.4,45296.25
Spain,23-08-2016,35.7,20.6,28.8,0,8.9,23,45155.75
Spain,24-08-2016,34.4,19.6,27.7,0,10.2,30.2,45013.7
Spain,25-08-2016,33.6,18.6,26.8,0,9.8,25.9,44870.21
Spain,26-08-2016,32.6,18.4,26.5,0,10.5,25.6,44253.19
Spain,27-08-2016,34.6,20.6,28.4,0,14.8,35.6,44579.3
Spain,28-08-2016,34.5,22.2,28.8,0,13.8,38.2,44206.09
Spain,29-08-2016,33.4,20.6,27.1,0,18,37.1,44115.81
Spain,30-08-2016,32.1,18.3,25.2,0,19.3,45.4,43703.21
Spain,31-08-2016,32.2,19.3,26,0,12.2,23.4,43618.93
Spain,01-09-2016,32.8,20.4,26.5,0,10.6,23.8,42759.66
Spain,02-09-2016,32.4,20.1,26.6,0,6.7,19.1,42891.77
Spain,03-09-2016,34.6,20.6,28.7,0,9.9,27.4,42913.89
Spain,04-09-2016,36.4,19.5,29,0,15.8,35.6,42522.73
Spain,05-09-2016,37.5,20.1,29.5,0,10.4,25.6,42618.56
Spain,06-09-2016,38.5,19.9,29.8,0,13.5,26.6,42484.82
Spain,07-09-2016,37.9,20.9,30.3,0,21.3,48.2,42361.44
Spain,08-09-2016,33,19.1,26.8,0,13.6,33.5,42249.36
Spain,09-09-2016,30.8,19.7,25.5,0,10.9,31.7,42154.92
Spain,10-09-2016,31.5,19.1,25.4,0,7.8,21.6,42098.42
Spain,11-09-2016,32.1,19.6,25.7,0,10.4,27,42041.83
Spain,12-09-2016,32.6,17.5,25.9,0,15.6,40.3,41985.11
Spain,13-09-2016,25.2,16.9,20.8,9.1,23.5,58,36682.55
Spain,14-09-2016,19.2,12.2,15.9,0.3,13.4,32.8,41163.86
Spain,15-09-2016,18.2,10.7,15.1,0,15,34.2,30064.67
Spain,16-09-2016,22.8,11.4,17.3,0,10.9,27.4,30737.72
Spain,17-09-2016,23.3,11,17.6,0,11,25.9,36908.62
Spain,18-09-2016,23.9,10.7,17.7,0,11.7,23,41211.66
Spain,19-09-2016,25.3,9.7,18.2,0,9.4,18.7,41051.66
Spain,20-09-2016,26.2,13.7,19.8,0,9.8,24.1,39282.39
Spain,21-09-2016,27.4,12.2,20,0,14.3,33.5,40730.44
Spain,22-09-2016,27.5,12.6,20.6,0,11.6,31,40569.41
Spain,23-09-2016,27.3,12.6,20.5,0,8.6,25.6,40408.25
Spain,24-09-2016,27,12.4,20.2,0,11.6,28.4,38357.84
Spain,25-09-2016,26.8,12.9,20.3,0,7.6,23,39958.36
Spain,26-09-2016,27.4,16.7,21.5,0,9.9,24.8,35021.32
Spain,27-09-2016,28.2,15.5,22,0,14.8,30.2,39764.04
Spain,28-09-2016,25.6,15.6,20.6,0,18.1,40.7,39259.67
Spain,29-09-2016,25.6,12.5,19.5,0,7.6,23,39350.51
Spain,30-09-2016,25.2,12.3,19.6,0,9.3,26.3,38551.47
Spain,01-10-2016,26.3,13.5,20.6,0,18.4,42.5,38802.22
Spain,02-10-2016,25.1,15.3,19.9,0,15.3,37.1,38491.85
Spain,03-10-2016,27.6,11.8,20,0,8,25.6,38468.39
Spain,04-10-2016,27.7,11.9,20,0,8.9,25.2,37994.32
Spain,05-10-2016,27.6,14.3,20.6,0,11.2,27.7,37273.83
Spain,06-10-2016,28,15.6,21.6,0,10.8,28.1,37092.86
Spain,07-10-2016,27,11.1,19,0,12.1,31,37204.57
Spain,08-10-2016,26.6,10.6,18.8,0,10.1,24.5,36986.6
Spain,09-10-2016,25.2,12.7,18.8,0,12.4,28.8,36996.64
Spain,10-10-2016,24.4,11.2,17.9,0,9,24.8,36867.29
Spain,11-10-2016,24.6,7.9,16.5,0,16.7,36.7,36592.38
Spain,12-10-2016,16.3,11.3,13.3,9.1,12.7,30.2,0
Spain,13-10-2016,16.4,10.9,13.1,7,12,28.8,26233.37
Spain,14-10-2016,17.8,10.2,13.7,0.2,11.3,29.2,36039.16
Spain,15-10-2016,18.9,8.2,13.5,0,12.2,29.2,36002.34
Spain,16-10-2016,20.4,8.1,14.3,0,8.7,27,34635.95
Spain,17-10-2016,18.2,12.1,14.8,3.4,6.6,18.7,5252.46
Spain,18-10-2016,19.6,12.9,15.8,3.4,6.8,18,24560.74
Spain,19-10-2016,18.6,14.4,16.3,7.2,5.2,22.3,17957.17
Spain,20-10-2016,18.4,11.6,14.7,5.3,6.4,19.8,36000
Spain,21-10-2016,18.2,11,14.3,0,7.7,19.8,27221.84
Spain,22-10-2016,15.2,12.1,13.8,9.9,12.6,29.9,1925.94
Spain,23-10-2016,15.8,12.2,14.2,13.7,23.7,56.2,12330.16
Spain,24-10-2016,14.6,10.1,12.3,4.7,8.9,28.1,0
Spain,25-10-2016,20.9,11.7,15.4,12.4,10.7,28.1,32141.22
Spain,26-10-2016,23.5,12,16.8,0,7.6,16.2,35116.14
Spain,27-10-2016,23.7,13.1,17.6,0,8.9,20.9,34959.78
Spain,28-10-2016,22.3,13.1,16.9,0,6.9,17.3,31974.71
Spain,29-10-2016,22.4,11.5,16.6,0,5.9,16.9,34648.47
Spain,30-10-2016,22.9,7.8,15,0,6.6,13.7,34493.84
Spain,31-10-2016,21.1,8.1,14.2,0,5.8,14,34340.1
Spain,01-11-2016,18.1,8.5,13.8,0,6.9,15.8,30418.85
Spain,02-11-2016,20.2,8.5,14,0,8.2,21.2,34035.95
Spain,03-11-2016,19.5,7.8,14.1,0,8.6,24.5,33254.15
Spain,04-11-2016,14.6,10.7,12.8,6.2,9.8,37.8,319.79
Spain,05-11-2016,13.7,9.6,12.2,16.5,24.1,51.1,5419.37
Spain,06-11-2016,11.9,5.4,8.5,1.4,12.3,31,33440.72
Spain,07-11-2016,9.9,1.3,5.7,0,13.5,29.2,33303.1
Spain,08-11-2016,11.3,0,5.6,0,12,28.4,33162.7
Spain,09-11-2016,14.5,5.9,9.7,0,16,33.1,26524.64
Spain,10-11-2016,13.5,2.7,7.9,0,5.9,16.6,32889.35
Spain,11-11-2016,15,2.2,8.1,0,5.9,15.1,32754.96
Spain,12-11-2016,14,1.6,7.9,0.4,6.1,14,23886.13
Spain,13-11-2016,16.9,5.9,10.9,0.2,13.3,29.5,32489.28
Spain,14-11-2016,14.6,4.1,9.1,0,16.6,35.3,32358.3
Spain,15-11-2016,14.5,1.7,7.6,0,10.3,28.8,32228.78
Spain,16-11-2016,15.8,1.9,8,0,9,15.1,32100.88
Spain,17-11-2016,17,3.3,9.4,0,8.6,21.2,31974.79
Spain,18-11-2016,15,7.1,10.7,0,7.2,19.1,28274.19
Spain,19-11-2016,11.7,3.4,7.5,0,12.6,31.3,30957.32
Spain,20-11-2016,10.8,6.9,8.3,18.2,13.1,34.6,0
Spain,21-11-2016,12.4,7.9,10.5,4.8,20,42.5,23790.4
Spain,22-11-2016,8.9,4.5,6.8,3.7,8.6,20.2,1364.91
Spain,23-11-2016,8.2,4.8,6.5,1.2,11.4,24.5,4246.31
Spain,24-11-2016,8.4,3.1,4.9,1.1,8.8,27.4,29456.84
Spain,25-11-2016,6.4,2.6,4.5,7.5,9.7,25.2,0
Spain,26-11-2016,8.8,5.1,6.9,28.1,12.7,26.6,246.37
Spain,27-11-2016,11.4,8.1,9.1,12,13.6,31,3738.32
Spain,28-11-2016,11.9,7.2,9.3,0.1,16.3,33.5,13360.59
Spain,29-11-2016,12.8,5.4,8.6,0.3,10,19.8,27530.69
Spain,30-11-2016,12.3,7.8,9.8,0.6,12.4,22.3,1237.54
Spain,01-12-2016,10.8,8.1,9.3,1.3,8.3,17.6,0
Spain,02-12-2016,11.9,7,9.1,0,5.5,13.7,15262.02
Spain,03-12-2016,12.2,3.5,7.9,0,10.9,20.5,28512.96
Spain,04-12-2016,11.1,9.7,10.2,25.2,9.4,20.5,0
Spain,05-12-2016,13.1,9.8,11,0.3,11.9,27.7,9731.6
Spain,06-12-2016,14.2,5.7,9.8,0,11.3,22,29569.05
Spain,07-12-2016,11.8,3.4,7.4,0,5.9,16.6,29189.2
Spain,08-12-2016,10.9,4.5,7.5,0,6.9,16.2,23741.47
Spain,09-12-2016,11.6,3.1,7.8,0,7.6,16.2,10191.73
Spain,10-12-2016,12,7.2,9.5,0,6.6,13.7,10686.11
Spain,11-12-2016,12,2.3,6.7,0,6.6,14.4,24161.85
Spain,12-12-2016,12.8,1.9,6.3,0,7.7,12.6,27476.96
Spain,13-12-2016,7.6,3.6,5.6,0,5.4,13,1748.92
Spain,14-12-2016,9.9,5.1,7.3,4,7.5,21.6,6479.19
Spain,15-12-2016,10.4,7.4,8.4,2.6,8.4,21.6,17307.79
Spain,16-12-2016,8.4,6,7.2,10.8,17.3,36,0
Spain,17-12-2016,12.4,6.8,8.7,2.8,25.5,51.8,19173.74
Spain,18-12-2016,10.6,4.2,6.8,0,18.7,41.4,29180.06
Spain,19-12-2016,11.6,3.5,6.5,0.2,16.8,33.5,27643.42
Spain,20-12-2016,9.7,1,4.4,0,7.5,16.6,24152.55
Spain,21-12-2016,11.6,1.1,5.4,0,9.7,24.5,29318.1
Spain,22-12-2016,12.3,0.7,5.8,0,7.2,11.5,29409.63
Spain,23-12-2016,12.6,1.2,6.1,0,6.8,12.6,29649.83
Spain,24-12-2016,12.9,1.1,5.8,0,8.4,17.3,29662.64
Spain,25-12-2016,12.9,0.1,5.6,0,7.9,14.4,29679.95
Spain,26-12-2016,14,0.1,6.8,0,7.6,13,29701.71
Spain,27-12-2016,14.4,1.5,6.5,0,7.5,15.1,29727.84
Spain,28-12-2016,13.7,2.6,7.4,0,7.2,14,29758.28
Spain,29-12-2016,12.6,-0.1,6.5,0,7.2,12.6,29792.96
Spain,30-12-2016,10.9,0.4,4.6,0,6.5,13.3,29831.8
Spain,31-12-2016,8.6,-0.9,2.7,0,5.8,12.2,29874.74
Spain,01-01-2017,5.3,-4.4,-0.7,0,10,15.5,29921.69
Spain,02-01-2017,7,-1.1,1.7,0,9.5,22.7,27150.27
Spain,03-01-2017,9.9,-0.8,4.3,1.4,9,20.2,21920.64
Spain,04-01-2017,14,1.5,6.4,0,12.5,26.3,30085.84
Spain,05-01-2017,13,3.4,7,0,9.5,19.1,30148.05
Spain,06-01-2017,10.8,-0.6,3.8,0,9.7,19.8,30213.87
Spain,07-01-2017,10.1,-1.8,2.4,0,9,13,30283.22
Spain,08-01-2017,11.4,-3.4,2,0,10.2,16.6,30356.01
Spain,09-01-2017,11.8,-2.9,3.1,0,9.8,20.2,30432.53
Spain,10-01-2017,12.4,2.3,7.1,1.6,18.3,40,18826.58
Spain,11-01-2017,14.9,6.6,9.4,0,15.5,33.8,30598.96
Spain,12-01-2017,12.8,1.7,6.7,0,16.3,35.6,29077.4
Spain,13-01-2017,9.2,2.7,7,0,24.8,53.3,30782.01
Spain,14-01-2017,8.3,0,3.3,0,16.1,39.2,30879.27
Spain,15-01-2017,9.2,-0.8,4,0,15.8,34.6,26965.86
Spain,16-01-2017,10.3,0.7,5.8,0,19,41.4,26016.4
Spain,17-01-2017,10.3,-0.7,6.4,0,18,40.3,28191.88
Spain,18-01-2017,5.7,-4.7,-0.2,0,18.4,36.7,31302.07
Spain,19-01-2017,7.7,-2.2,2,0.1,21.2,45.7,29816.14
Spain,20-01-2017,6.9,2.9,4.2,0.8,26.8,56.9,17025.54
Spain,21-01-2017,11.4,3,6.1,0.8,18.9,42.1,28258.89
Spain,22-01-2017,10.7,-0.1,4.6,0,10.6,24.8,31769.86
Spain,23-01-2017,11.1,-0.7,3.9,0,12.7,29.5,31892.48
Spain,24-01-2017,12.1,-1.9,4,0,14.6,28.4,32017.03
Spain,25-01-2017,10.4,-3.2,2.9,0,10.4,20.9,32143.33
Spain,26-01-2017,8.2,-3,1.5,0,10.7,23.8,26361.62
Spain,27-01-2017,5.8,1.3,3.9,15.2,12.9,27.4,5928.09
Spain,28-01-2017,9.3,2.3,5.1,0.2,14.4,34.2,32399.58
Spain,29-01-2017,7.3,1.7,4.8,2.7,7.8,15.1,0
Spain,30-01-2017,12.2,7.2,9.1,0.2,14.8,28.8,9955.91
Spain,31-01-2017,14.3,4.8,9,0,7.5,20.2,32400
Spain,01-02-2017,11.1,3,6.9,0.4,16.4,34.9,987.74
Spain,02-02-2017,11.4,6.3,8.3,3.8,23.9,67,10800
Spain,03-02-2017,11.8,6.2,8.7,2.9,33.1,73.8,11988.7
Spain,04-02-2017,13.1,9.5,10.6,2.1,34.9,75.6,3856.58
Spain,05-02-2017,10.5,6,8.4,6.2,32.5,72.7,32601.52
Spain,06-02-2017,15.3,4.6,8.8,0,24.1,56.5,31155.85
Spain,07-02-2017,14,5,8.1,1.1,20.4,49.7,29186.78
Spain,08-02-2017,9.7,0.1,5.4,0,22.7,47.9,33134.86
Spain,09-02-2017,10.2,-2.2,3.5,0,9.6,19.8,29462.52
Spain,10-02-2017,7.5,-0.3,3.8,1.7,10.9,25.6,19598.39
Spain,11-02-2017,8.2,3.7,5.7,7.1,18.4,38.2,167.11
Spain,12-02-2017,10.1,5.6,7.9,30.2,25.9,54.4,0
Spain,13-02-2017,12,5.4,9.1,19.7,24.4,55.8,19252.87
Spain,14-02-2017,11.9,1.7,6.5,0,9.9,20.9,7121.13
Spain,15-02-2017,14.4,3.9,8.1,0,10.5,25.9,33635.29
Spain,16-02-2017,12,4.6,7.6,0,9.5,23.4,18552.94
Spain,17-02-2017,13.9,1.5,6.9,0,10.3,17.3,35517.33
Spain,18-02-2017,13.2,1,6.2,0.9,11.4,25.9,27755.88
Spain,19-02-2017,13.5,4.8,8.5,0,17.7,38.5,34958.87
Spain,20-02-2017,14.2,3.9,8.2,0,14.5,33.1,35991.28
Spain,21-02-2017,15.7,2.7,8.5,0,14.5,28.4,36151.9
Spain,22-02-2017,18.4,3.7,10.1,0,10.2,24.5,36313.65
Spain,23-02-2017,16.3,6.1,10.7,1.5,10.3,24.5,35080.16
Spain,24-02-2017,16,6.7,10.3,0.7,13.6,31.3,28397.01
Spain,25-02-2017,17.3,2.4,8.4,0,11.4,26.3,36804.16
Spain,26-02-2017,15.6,2.4,8.2,0,11.5,27,36968.95
Spain,27-02-2017,11.9,6,8.3,0,21.3,46.1,35993.58
Spain,28-02-2017,12.9,5.9,9.2,0,23.7,50.8,20931.88
Spain,01-03-2017,14.3,4,9,0,13.6,33.5,37465.3
Spain,02-03-2017,15.7,3.4,9.5,0,9.2,20.9,36361.27
Spain,03-03-2017,10.8,3.9,6.7,7.3,25.4,55.4,15067.76
Spain,04-03-2017,9.9,0.7,4.4,0,22.7,45,33378.84
Spain,05-03-2017,12.6,2.7,7.8,0.1,19.7,43.6,22611.75
Spain,06-03-2017,17.6,8.6,12,0,19.2,43.2,30134.58
Spain,07-03-2017,19.1,8.4,12.8,0,18.8,40.7,38455.55
Spain,08-03-2017,21.2,5.2,12.6,0,11.6,24.1,38618.86
Spain,09-03-2017,24,6.3,13.9,0,9.7,14.8,38781.36
Spain,10-03-2017,24.7,6.3,14.1,0,9.3,22.7,38943.08
Spain,11-03-2017,22.4,6.6,13.9,0,16.1,35.3,38016
Spain,12-03-2017,17.2,6.8,11.4,2.1,28.3,60.1,36000
Spain,13-03-2017,14.8,5.5,9.5,0.1,30,65.5,24029.67
Spain,14-03-2017,19.6,10,13.6,0,28,63,29166.8
Spain,15-03-2017,20.3,7.9,13.5,0,16.6,37.1,39412.48
Spain,16-03-2017,19.1,5.1,11.8,0,14,32,39524.79
Spain,17-03-2017,19.4,5.3,12.2,0,12.8,32,39649.54
Spain,18-03-2017,20.9,4,12.2,0,10.8,15.8,39785.6
Spain,19-03-2017,22.9,5,13,0,10,15.8,39831.91
Spain,20-03-2017,23.3,7.2,14.8,0,12.2,31.3,39690.08
Spain,21-03-2017,17.6,7.5,12,0,21.1,47.2,39600
Spain,22-03-2017,10.9,4.3,7.2,4.3,28.9,66.2,30817.22
Spain,23-03-2017,7.7,-1,3.2,1.9,11.2,34.9,40132.92
Spain,24-03-2017,9.5,0,4.1,2,14.3,31,35259.18
Spain,25-03-2017,10.1,-0.6,4.9,4.1,23.2,52.6,31694.05
Spain,26-03-2017,13.8,5,8.7,7,18.5,40.7,27846.36
Spain,27-03-2017,12.6,6.3,9,6.6,21.6,45.4,29866.33
Spain,28-03-2017,16.9,5.4,10.5,0,12.4,29.2,40673.79
Spain,29-03-2017,19.8,4.1,11.5,0,10.8,18.4,41583.65
Spain,30-03-2017,20.8,5.6,12.9,0,10.3,26.3,39861.29
Spain,31-03-2017,17.9,8.3,13,0.1,28.9,62.3,41859.66
Spain,01-04-2017,16.4,6.9,11.2,0,21.3,48.6,42111.75
Spain,02-04-2017,18.1,5.5,11.3,0,15,30.6,42224.28
Spain,03-04-2017,18.9,4.3,11.3,0,15.5,31.3,42254.36
Spain,04-04-2017,21.5,3.5,12.7,0,11.2,26.6,42613.95
Spain,05-04-2017,18.7,4.4,11.9,0,19.9,48.6,42817.2
Spain,06-04-2017,21.3,4,12.4,0,17.8,36,43025.59
Spain,07-04-2017,22.7,7.5,14.5,0,14.5,30.2,43238.73
Spain,08-04-2017,23.2,7.3,14.9,0,9.6,18.4,43358.2
Spain,09-04-2017,23.6,8.2,16,0,10.6,25.2,43678.13
Spain,10-04-2017,24.9,7,15.9,0,8.9,20.5,43893.15
Spain,11-04-2017,26.2,10.2,18.5,0,15.3,34.9,44045.63
Spain,12-04-2017,27.3,8.3,18,0,15.5,36.4,44145.21
Spain,13-04-2017,26.5,10.4,19.4,0,18.9,40.7,44347.71
Spain,14-04-2017,24.7,11.7,18.1,0,18.3,43.9,44497.09
Spain,15-04-2017,26,12.5,18.3,1.1,15.9,35.3,44252.39
Spain,16-04-2017,25.5,9.9,17.6,0,16.9,34.9,44598.61
Spain,17-04-2017,26.9,11.5,19,0.7,10.7,28.8,44937.29
Spain,18-04-2017,26.4,13,19.9,0.2,23.2,42.5,43403.28
Spain,19-04-2017,23.2,13,17.5,3.3,21.6,50,36000
Spain,20-04-2017,19.1,9.3,13.8,6.1,19.4,47.9,38303.81
Spain,21-04-2017,21.8,6.3,13.7,0,15.1,35.3,45240.85
Spain,22-04-2017,21.1,6.2,13.4,0,11.3,29.2,45294.05
Spain,23-04-2017,25,8.7,17.1,0,9.7,19.1,45353.04
Spain,24-04-2017,24.9,9.9,17.2,2.3,10.5,27.7,44505.46
Spain,25-04-2017,22.1,11.4,17.2,2,24.8,56.2,43238.38
Spain,26-04-2017,18.4,9.7,14,0.1,21.4,49.3,37134.95
Spain,27-04-2017,16.8,5.8,10.4,0.1,21.6,52.9,39756.76
Spain,28-04-2017,17.1,3.7,9.9,0,22,46.4,39372.82
Spain,29-04-2017,14.5,8.7,10.8,8,10.3,23,9705.7
Spain,30-04-2017,14,7,10.4,1.8,27.3,58,25154.5
Spain,01-05-2017,19.4,4.8,11.3,0,15.5,36.4,46167.1
Spain,02-05-2017,22.3,6.4,14.9,0,9.4,25.9,40249.49
Spain,03-05-2017,25.8,10.8,18.2,0,13.2,26.6,46675.53
Spain,04-05-2017,25.5,12.5,19,0,12.7,24.8,34348.55
Spain,05-05-2017,21.7,11.3,16.4,4.1,25.7,63.4,35250.77
Spain,06-05-2017,21.4,8.7,14.3,0.7,16.6,37.1,47110.05
Spain,07-05-2017,25.4,9,17.4,0,8.9,24.8,47405.18
Spain,08-05-2017,28,13.1,20.3,0,13,31.7,47597.63
Spain,09-05-2017,27,14.7,20.4,0.2,19.6,44.6,41605.47
Spain,10-05-2017,21.4,13.2,17.2,2.4,24,52.9,38484.27
Spain,11-05-2017,17.5,10.5,13.3,6.3,27.7,71.6,44270.91
Spain,12-05-2017,18.5,9.8,13,4.4,27.2,65.5,44749.6
Spain,13-05-2017,19.2,10.2,14.6,0.3,20.7,47.9,44776.33
Spain,14-05-2017,22.4,9.5,16.4,0,15.4,35.3,47796.9
Spain,15-05-2017,26.5,11,18.9,0,8.9,20.9,47340.05
Spain,16-05-2017,28.8,14.1,21.6,0,9.9,22.7,48622.69
Spain,17-05-2017,28.2,16.5,21.2,0,20.7,47.5,46706.95
Spain,18-05-2017,18.6,12.6,16.5,12.5,24.2,54.7,45513.73
Spain,19-05-2017,21.9,9.1,15.3,0,13.5,34.6,48913.11
Spain,20-05-2017,25.9,8.7,17.2,0,10.3,24.8,48958.04
Spain,21-05-2017,26.3,14.6,19.5,0,16.3,37.1,22457.29
Spain,22-05-2017,28.1,12.9,21.2,0,8.9,22.7,49042.98
Spain,23-05-2017,31.4,17.4,24.4,0,19.9,41.8,49082.92
Spain,24-05-2017,31.4,16,24.4,0,15.8,32.8,49121.12
Spain,25-05-2017,31.8,18.2,24.9,0.3,17.1,40.3,49157.55
Spain,26-05-2017,31.4,17.1,24.2,0.6,20.7,49.7,38851.68
Spain,27-05-2017,31,17.8,24.1,0.5,17.7,40.7,48492.62
Spain,28-05-2017,26.7,18.3,22.7,1.6,21.2,46.4,37245.18
Spain,29-05-2017,24.1,15.9,20.3,6.8,17.3,40.7,49284.67
Spain,30-05-2017,25.7,15.2,20.8,0.3,13,32.8,48005.03
Spain,31-05-2017,27.3,15.5,21.3,0.2,17.2,40,49235.57
Spain,01-06-2017,29.8,16.4,23.4,0,12.5,24.5,49359.55
Spain,02-06-2017,32.3,17.6,24.4,0.2,17.9,47.2,49380.64
Spain,03-06-2017,27.3,16.4,22.4,1,14.8,37.4,49439.11
Spain,04-06-2017,26,15.5,19.8,3,20.4,46.1,46513.81
Spain,05-06-2017,26.4,10.3,18.5,0,15.5,34.2,49467.76
Spain,06-06-2017,26.6,14.6,21,0,14,36.4,49622.59
Spain,07-06-2017,31.5,14.8,23.2,0,14.3,31,49636.71
Spain,08-06-2017,32.7,17.7,25.3,0,16.6,38.5,42521.82
Spain,09-06-2017,32.3,19,26,0,16.7,38.9,45255.16
Spain,10-06-2017,34.6,19.1,27.2,0,11.7,25.2,49483.29
Spain,11-06-2017,37,21.3,29.2,0,13.9,31.7,44768.29
Spain,12-06-2017,36.6,22.8,30.3,0,12.1,28.1,49676.16
Spain,13-06-2017,35.6,21.7,28.8,0,12.8,31,49764.43
Spain,14-06-2017,36.4,21.7,29.7,0,17.2,41,49678.61
Spain,15-06-2017,37.5,21.7,30,0.4,20.6,42.5,39061.36
Spain,16-06-2017,36.8,20.1,29.2,0.2,10.6,29.2,49315.88
Spain,17-06-2017,38.7,23.8,31.2,0,21,48.2,49486.73
Spain,18-06-2017,37.7,23.6,31.1,0,17.6,34.6,49478.56
Spain,19-06-2017,32.8,23.3,28.2,0.3,13.9,33.5,40308.07
Spain,20-06-2017,31.8,20,25.9,3.9,11.6,28.1,49460.5
Spain,21-06-2017,35,19.4,27.7,0,10.7,25.6,49727.36
Spain,22-06-2017,35.1,22.4,28.8,0,16,37.8,49904.64
Spain,23-06-2017,34.7,20.4,28.4,0,18,42.8,49986.08
Spain,24-06-2017,34.6,19.8,27.5,0.1,19.5,47.5,49969.9
Spain,25-06-2017,34,20.3,25.9,2.6,17.7,41.8,26964.18
Spain,26-06-2017,29.6,17.1,23.1,0.7,19.1,43.2,50028.42
Spain,27-06-2017,27.3,17.3,22.2,0,22,53.6,45724.31
Spain,28-06-2017,25.3,15.4,20.3,0.8,29,63.7,49982.42
Spain,29-06-2017,22,12.3,17.6,0,23.9,52.9,49665.03
Spain,30-06-2017,22,10.6,16.5,0,21.9,48.6,48703.07
Spain,01-07-2017,24.9,12.5,18.6,0,17.9,40.7,49802.86
Spain,02-07-2017,31,12.6,21.4,0,11.6,25.9,49772.23
Spain,03-07-2017,33.6,17.3,25.8,0,16.3,32.8,49740.12
Spain,04-07-2017,34.6,19.4,27.2,0,12,29.5,49706.58
Spain,05-07-2017,34.3,20.5,27.9,0,17.2,40.3,49388.34
Spain,06-07-2017,28.7,18.3,22.8,12.5,22.2,67.3,20142.67
Spain,07-07-2017,21.7,15.9,18.9,34.1,13.4,51.5,28718.46
Spain,08-07-2017,25.9,15.5,20.2,0.3,10.8,31,49193.63
Spain,09-07-2017,30,14.8,22.7,0,13.7,32.4,49338.39
Spain,10-07-2017,29.5,16.1,23.4,0,14.1,33.8,49298.53
Spain,11-07-2017,31.7,17.3,24.4,0,16.3,34.6,49082.54
Spain,12-07-2017,34.8,17.2,26.6,0,14,33.1,49042.51
Spain,13-07-2017,38.2,19,29.3,1,16.9,39.2,48819.41
Spain,14-07-2017,37.8,21.9,29.7,0,17,40.3,48681.03
Spain,15-07-2017,36.2,22,29.1,0,18.9,37.8,48834.42
Spain,16-07-2017,36.5,22.9,29.6,0.3,21.3,45,48701
Spain,17-07-2017,34.8,21.9,28.4,0,17.8,42.1,48452.22
Spain,18-07-2017,34.8,22,28,3.9,20.4,49.7,41107.64
Spain,19-07-2017,31,21.8,26.4,0,23.2,52.2,47575.9
Spain,20-07-2017,31.1,17.6,25.4,0,13,31,48150.69
Spain,21-07-2017,30.4,18.3,25,0,18.4,45,48051.54
Spain,22-07-2017,31.5,17.3,25.3,0,16.6,40,47331.22
Spain,23-07-2017,33.5,18.8,26.4,0,14.8,37.1,47867.53
Spain,24-07-2017,32.2,19,26.3,0,17.1,39.6,47626.99
Spain,25-07-2017,31.9,17.2,24.3,0,20.2,41.4,47616.68
Spain,26-07-2017,34.2,17.5,25.7,0,16,36.4,47389.6
Spain,27-07-2017,36.5,20.8,28.8,0,18.8,40,47383.02
Spain,28-07-2017,37,21,30.3,0,16.4,37.1,47478.5
Spain,29-07-2017,36.2,21,29.1,0.2,15.2,36.7,47367.72
Spain,30-07-2017,36,20.9,28.9,0,22.9,52.2,47261.71
Spain,31-07-2017,32.4,18.7,26.8,0,21.4,50.8,47160.68
Spain,01-08-2017,32.1,19.2,26.1,0,13.8,36,46800
Spain,02-08-2017,34.5,20.4,27.3,0,14.3,32,47062.64
Spain,03-08-2017,36,20.3,28.7,0,10.5,29.9,47058.64
Spain,04-08-2017,38,23.4,31,0,17.1,33.5,46827.04
Spain,05-08-2017,37.9,24.8,31.5,0.9,19.6,47.5,46762.81
Spain,06-08-2017,36.1,22,28.7,0,21.1,45,46622.29
Spain,07-08-2017,35.2,20.6,28.1,0,30.1,65.2,46557.73
Spain,08-08-2017,29.4,17.7,24.1,0,15.5,38.2,46491.3
Spain,09-08-2017,28.3,17.2,22.5,0,23.8,50.4,46387.99
Spain,10-08-2017,28,13,20.2,0,19.1,43.2,46315.21
Spain,11-08-2017,30.4,14,22,0,18.9,38.9,46241.4
Spain,12-08-2017,32.5,16.9,24.5,0,18.9,38.2,46166.61
Spain,13-08-2017,34.1,19.2,26.3,0,16.3,36.7,46090.92
Spain,14-08-2017,34.5,20.4,26.9,0.3,11.6,31.3,46014.39
Spain,15-08-2017,34.9,21.4,28,0,20.4,46.4,45937.08
Spain,16-08-2017,35,19,27.8,0,13.7,28.1,45859.05
Spain,17-08-2017,36.3,23,29.2,0,15.3,32,45780.03
Spain,18-08-2017,36.8,22.4,29.5,0,18.6,41,45699.38
Spain,19-08-2017,35.4,21.4,28.3,0,19.7,40.7,45617.17
Spain,20-08-2017,36.2,21.7,29,0,22.2,45.7,45533.49
Spain,21-08-2017,36.6,22.4,29.4,0,19.1,39.6,45448.46
Spain,22-08-2017,36.5,23.3,29.6,0,13.7,33.5,44561.08
Spain,23-08-2017,35.5,23,29.3,0,17,41,42170.62
Spain,24-08-2017,34.2,21.1,27.7,0,18.7,44.6,44943.53
Spain,25-08-2017,34,19,26.7,0,19.1,44.6,44855.67
Spain,26-08-2017,31,20.6,26.3,0.1,14.8,31,31092.01
Spain,27-08-2017,27.8,20.8,23.9,8.8,22.1,65.2,29060.41
Spain,28-08-2017,21.1,17.1,18.9,49.1,20.4,50.4,3135.89
Spain,29-08-2017,24.3,16.4,19.4,5.3,9.7,24.8,41407.94
Spain,30-08-2017,24.6,15.6,19.8,0.4,13.2,28.1,43185.31
Spain,31-08-2017,25.6,17.1,21.2,0.2,14.3,33.1,42920.41
Spain,01-09-2017,27.1,16.6,21.2,0,17.6,35.6,43257.55
Spain,02-09-2017,26.3,12.5,19.4,0,18.6,37.4,43089.73
Spain,03-09-2017,29.9,14.2,21.5,0,11.8,28.8,40945.06
Spain,04-09-2017,28.7,16.5,22.6,0,15.1,30.6,42614.33
Spain,05-09-2017,30.6,17.2,23.8,0,10.5,24.8,42482.49
Spain,06-09-2017,31,20.3,24.9,0,17.1,37.8,42360.59
Spain,07-09-2017,29.7,16.6,23.2,0,16.6,33.8,42311.97
Spain,08-09-2017,30.4,15.1,22.4,0,12.2,28.4,42260.92
Spain,09-09-2017,23.4,15.6,19.7,0,23,55.1,36000
Spain,10-09-2017,24,11.9,17.7,0,16.4,35.3,42111.34
Spain,11-09-2017,29.8,14.6,21.9,0,20,44.6,42054.82
Spain,12-09-2017,26.4,16.4,20.9,0,16.6,40.3,37686.84
Spain,13-09-2017,30.2,14.2,22.1,0,9.4,25.9,41941.31
Spain,14-09-2017,29.2,17,23.1,0,17.4,34.6,41879.65
Spain,15-09-2017,22.9,15,18.3,0,20.6,42.8,37413.7
Spain,16-09-2017,21.6,10.3,15.8,0,17.6,38.2,41562.36
Spain,17-09-2017,23.6,8.7,16.3,0,14.6,31.3,41403.16
Spain,18-09-2017,23.7,11.9,17.5,0,17.6,45,31989.27
Spain,19-09-2017,27.2,12.4,19.2,0,14,27.4,41084.12
Spain,20-09-2017,27.8,13,19.8,0,12.2,23.8,40924.48
Spain,21-09-2017,28.4,13.7,20.4,0,10,28.1,38502.05
Spain,22-09-2017,26.3,16.4,20.7,2.2,13.3,29.9,39476.29
Spain,23-09-2017,27.9,14.9,20.8,0,11,24.5,40232.13
Spain,24-09-2017,29,14.8,21.6,0,14.5,34.9,40112.91
Spain,25-09-2017,27.2,15.1,20.8,0,16.3,38.5,39876.51
Spain,26-09-2017,25.8,13.7,19.4,0,18.3,36.7,39757.98
Spain,27-09-2017,26.8,13.6,19.5,0,9.3,23.4,37316.35
Spain,28-09-2017,27.9,13.6,20,0,9.7,20.9,39297.74
Spain,29-09-2017,28,15.4,21.3,0,8.5,21.2,37883.15
Spain,30-09-2017,29,16.7,22.4,0,12.5,30.2,27442.73
Spain,01-10-2017,27.6,16.2,21.4,0,18.3,38.5,27570.9
Spain,02-10-2017,29.3,15.1,21.7,0,8.6,23.4,37495.1
Spain,03-10-2017,29.6,16.2,23,0,12.5,25.9,37974.12
Spain,04-10-2017,29.1,17.3,22.7,0,19.6,42.1,37814.23
Spain,05-10-2017,30.3,15.5,22.5,0,8.9,21.2,37572.5
Spain,06-10-2017,30.2,14.6,21.9,0,14,31,37505.28
Spain,07-10-2017,26.4,11.7,18.8,0,15,29.5,37279.35
Spain,08-10-2017,27.6,11.9,18.9,0,11.8,21.6,36898.43
Spain,09-10-2017,27.8,11.6,18.8,0,9.2,22.3,36847.14
Spain,10-10-2017,28.1,12.1,19.5,0,11.6,23,36664.12
Spain,11-10-2017,27.8,11.3,19,0,11.2,29.5,36420.12
Spain,12-10-2017,28.5,12.2,20.4,0,11.2,20.9,36167.18
Spain,13-10-2017,28.4,14.6,20.8,0,10.2,27.7,36161.26
Spain,14-10-2017,28.7,13,20.7,0,12.1,27.7,36000
Spain,15-10-2017,28.7,14.7,21,0,10.5,28.8,36000
Spain,16-10-2017,26.5,14.7,19.8,0,10.2,25.6,36000
Spain,17-10-2017,19.3,14.1,16.1,6.4,11.1,30.6,3830.63
Spain,18-10-2017,15.3,10,13.2,16.3,18.6,42.1,11540.38
Spain,19-10-2017,18.7,7.9,12.5,0,16.7,39.6,36000
Spain,20-10-2017,20.7,9.4,14.7,0.1,14.3,34.2,36000
Spain,21-10-2017,22.1,13.2,16.7,0,14.2,33.8,32320.79
Spain,22-10-2017,19.1,8.6,13.4,0,11.5,27.7,35781.33
Spain,23-10-2017,21.8,7.8,14,0,13.4,25.9,35621.87
Spain,24-10-2017,24.2,10.9,16.4,0,11.7,22,35462.74
Spain,25-10-2017,25.2,9.8,16.5,0,7.8,16.9,35304.09
Spain,26-10-2017,26.1,10.5,17,0,8,16.9,35146.05
Spain,27-10-2017,28.3,9.8,17.6,0,14.3,32.8,34988.79
Spain,28-10-2017,23.1,8.7,15,0,8.9,19.1,34832.45
Spain,29-10-2017,23.6,6.7,14.3,0,11.6,22.3,34677.2
Spain,30-10-2017,20.4,6.7,13.3,0,11.4,23,34523.19
Spain,31-10-2017,18.9,8.7,12.9,0,15.1,29.9,34370.59
Spain,01-11-2017,20.3,9,13.1,0,10.8,26.3,33340.56
Spain,02-11-2017,18.4,10.4,13.8,0,12.6,31,7943.68
Spain,03-11-2017,17.7,11,13.7,1.9,14.1,41,33181.76
Spain,04-11-2017,14.7,10.6,12.2,6.2,11,24.5,20512.09
Spain,05-11-2017,15.2,8.2,11.6,0,19.1,42.5,33634.49
Spain,06-11-2017,14.4,5.8,9.1,0,14.2,27.7,33491.88
Spain,07-11-2017,17.9,2.9,8.8,0,14.1,32,33349.81
Spain,08-11-2017,13.6,6.2,9.8,0,20.8,42.8,33208.45
Spain,09-11-2017,13,1.5,6.9,0,19.6,45,31290.41
Spain,10-11-2017,16.9,2.6,8.6,0,18.7,41.8,32197.92
Spain,11-11-2017,17.4,2.7,9,0,10.2,15.8,32790.21
Spain,12-11-2017,19.2,2.4,9.6,0,17.8,39.6,32653.31
Spain,13-11-2017,13.9,4.2,9.8,0,15.9,37.1,32373.45
Spain,14-11-2017,15.5,1.5,7,0,10.2,19.4,32384.32
Spain,15-11-2017,15.4,2.5,8.3,0,10.9,22,31551.89
Spain,16-11-2017,19,2,8.6,0,9.7,14,32122.95
Spain,17-11-2017,18.8,3.6,10.2,0,9.1,18,31995.6
Spain,18-11-2017,19.5,5.5,11.5,0,11.7,26.3,31870.74
Spain,19-11-2017,18,4.7,10.3,0,11.9,22.7,31748.54
Spain,20-11-2017,17.8,3.5,9.4,0,10.2,17.6,31629.24
Spain,21-11-2017,17.5,2.5,9,0,7.9,15.5,31513.03
Spain,22-11-2017,17,3.1,8.8,0,10.5,22.3,30171.92
Spain,23-11-2017,16.8,6.6,11,0,10.8,25.9,28800
Spain,24-11-2017,15.6,7.6,11.3,0.4,15.7,34.6,17802.91
Spain,25-11-2017,17.1,7.5,11,0,15.1,30.6,18971.28
Spain,26-11-2017,12,1.9,6.7,0,15.9,32.4,30668.38
Spain,27-11-2017,12.7,1.3,6,0,10,20.2,29816.34
Spain,28-11-2017,8.7,-0.2,5.1,1.6,7.4,19.1,20.47
Spain,29-11-2017,12.2,1.9,6.1,2.2,14.8,33.1,30138.81
Spain,30-11-2017,9.8,-1.8,3.1,0,13.7,29.5,30259.9
Spain,01-12-2017,9.1,-0.1,3.7,0.2,25.5,54.4,29223.87
Spain,02-12-2017,7.5,-2.3,2.8,0,18,41,27963.79
Spain,03-12-2017,9.5,-1.2,2.9,0,11.7,23.8,29899.9
Spain,04-12-2017,10.3,-2.2,2.8,0,8.4,18.4,29841.03
Spain,05-12-2017,10.8,-1.2,3.3,0,8.4,16.9,29920.95
Spain,06-12-2017,10.2,-2.7,2.4,0,7.7,13.3,29878.56
Spain,07-12-2017,10,-2.7,2.7,0,9.9,14.4,29561.28
Spain,08-12-2017,13.8,2.5,7.1,0.2,11.6,22,26282.49
Spain,09-12-2017,14.5,7,10.2,0,18.6,41.8,5756.42
Spain,10-12-2017,11.4,7.9,9.6,1.2,31.4,85,1372.71
Spain,11-12-2017,10.6,3.2,7.4,27.9,37.6,87.1,25405.11
Spain,12-12-2017,9.2,0,3.9,0,13.8,27.4,29691.33
Spain,13-12-2017,8.6,-1.3,3.3,0,15.2,34.6,29085.09
Spain,14-12-2017,10.1,2.7,6.2,0.3,19.3,41.4,11164.13
Spain,15-12-2017,11.3,2.5,8.2,1.6,18.9,38.2,4038.39
Spain,16-12-2017,10,0.6,4.6,0,12.3,26.6,29545.99
Spain,17-12-2017,9.2,-1.4,3.1,0,11,26.6,29223.88
Spain,18-12-2017,11.1,-1.7,4.2,0,16.1,31.7,29492
Spain,19-12-2017,12.5,1.7,7.9,0,14.3,28.4,29652.99
Spain,20-12-2017,12.2,-0.8,4.5,0,9.3,17.6,29551.51
Spain,21-12-2017,12.9,1.2,5.4,0,10,20.2,29640.16
Spain,22-12-2017,15.1,0.1,6.1,0,12.6,24.5,29646.96
Spain,23-12-2017,13,1.6,6.2,0,17.7,40,29653.65
Spain,24-12-2017,11.2,3,5.9,0,7.6,22,29664.64
Spain,25-12-2017,8.5,0.2,4.1,0,13.4,27.7,21694.51
Spain,26-12-2017,7.8,2.3,5.8,0.8,24.2,51.1,21181.49
Spain,27-12-2017,10.8,6,7.8,2.8,29.6,62.6,28735.95
Spain,28-12-2017,13.1,5.3,8.8,2.4,22.3,48.2,19327.59
Spain,29-12-2017,16.8,6.4,10.1,0.2,19.6,42.1,23562.9
Spain,30-12-2017,14.1,5.2,9.8,0,13.3,31,29690.31
Spain,31-12-2017,11.3,4.8,8.1,1.4,28.2,58.3,2980.51
Spain,01-01-2018,11.5,0.9,5.7,0.1,20.6,42.5,28234.2
Spain,02-01-2018,13.7,5.9,8.5,0,19.1,40.3,24450.17
Spain,03-01-2018,16.7,7.7,10.3,0,15.8,31.7,23556.09
Spain,04-01-2018,13.2,7.4,9.5,0,17.1,37.8,30061.94
Spain,05-01-2018,10.5,7.4,8.7,6,22,52.2,0
Spain,06-01-2018,7.6,3.1,4.7,22.3,15.9,33.5,0
Spain,07-01-2018,4,1.5,2.6,10.7,15.3,31.7,7143.9
Spain,08-01-2018,8.7,-1.2,2.8,0,10.2,21.2,30334.94
Spain,09-01-2018,5,-2.5,1.1,1.8,15.8,33.8,0
Spain,10-01-2018,7.1,1.7,4.3,0.9,21,43.6,16210.49
Spain,11-01-2018,8.6,1.1,4.4,0,23.9,53.3,29804.33
Spain,12-01-2018,9.8,2.1,5,0,14.8,29.9,27326.91
Spain,13-01-2018,4.6,0,2.6,5.8,12.8,32.8,1736.76
Spain,14-01-2018,7.6,1.4,3.4,0.7,15.4,28.8,29640.92
Spain,15-01-2018,9.5,-2.5,2.8,0,11.4,22.3,30366.89
Spain,16-01-2018,14.3,1.9,6.3,0,13.9,28.8,22081.01
Spain,17-01-2018,13.1,4.1,8.2,0,13.8,26.3,30962.17
Spain,18-01-2018,13.1,1.8,6.7,0,11.3,22,31280.85
Spain,19-01-2018,14.6,0.6,6.7,0,16.4,38.9,31391.48
Spain,20-01-2018,15.3,2.4,8.6,0,15.5,30.6,29347.2
Spain,21-01-2018,15.1,6,9.7,0,19.3,43.2,31619.39
Spain,22-01-2018,16.4,2.4,7.9,0,9.5,18.4,31736.36
Spain,23-01-2018,15.5,0.5,6.6,0,8.9,16.2,31855.13
Spain,24-01-2018,14.6,1.5,7.3,0,8.9,16.2,31975.96
Spain,25-01-2018,8.3,3.6,5.8,3.9,18.9,37.8,1169.21
Spain,26-01-2018,9,2.7,5.1,0.2,19.9,46.1,30084.78
Spain,27-01-2018,10,0.7,5.3,0.1,22.3,50,27842.34
Spain,28-01-2018,13.5,3,7.9,0,29.4,63,32374.96
Spain,29-01-2018,14,3.3,7.9,0,14.8,31.3,32400
Spain,30-01-2018,13.3,1.8,6.3,0,9.4,19.8,32407.43
Spain,31-01-2018,13.8,0.1,6.2,0,8.3,18.4,32413.92
Spain,01-02-2018,10.5,0.6,5,0.1,20.5,46.4,18690.61
Spain,02-02-2018,7.3,0,3,0,20.2,52.6,31469.64
Spain,03-02-2018,10.3,-1.3,4.5,0.2,17.9,36.4,28800
Spain,04-02-2018,4.7,2,3.5,8.5,12,22.7,0
Spain,05-02-2018,4.4,1.7,2.6,7.5,15.6,38.2,4751.85
Spain,06-02-2018,6.5,-1.2,2.5,0.6,16.3,39.2,32630.84
Spain,07-02-2018,6.3,-2.9,1,0,16.7,39.6,31668.78
Spain,08-02-2018,6.7,-4.5,0.4,0,16.2,36.7,32978.76
Spain,09-02-2018,10.4,-4.2,2,0,14,30.6,29217.61
Spain,10-02-2018,9.3,-1.8,3.8,0,14.7,35.6,29503.28
Spain,11-02-2018,15.3,2.8,8.4,0.6,22.3,51.8,32493.08
Spain,12-02-2018,9.6,0.4,6.5,0,16.9,39.6,33510.57
Spain,13-02-2018,8.3,-2.3,3,0,22.7,46.8,27706.53
Spain,14-02-2018,10.9,4.3,6.7,0.5,20.7,45.4,12192.79
Spain,15-02-2018,14.7,4.9,8.3,0,12.8,26.6,22579.57
Spain,16-02-2018,16.1,5,10,0,10.7,22.7,29204.17
Spain,17-02-2018,14.2,5.2,9.5,0,11.5,26.3,24270
Spain,18-02-2018,14,-0.2,7,0,13.3,29.2,35629.87
Spain,19-02-2018,15,4.2,8.7,0,17.1,37.4,33741.29
Spain,20-02-2018,14.3,2.2,7.9,0,16.6,38.9,35953.09
Spain,21-02-2018,11.5,2.2,6.3,0,22.1,48.6,36115.93
Spain,22-02-2018,10.8,-2.4,3.1,0,13.1,30.6,36279.39
Spain,23-02-2018,9.4,-4.4,1.7,0,9,16.2,36443.34
Spain,24-02-2018,11.3,-3.8,2.8,0,11,19.8,36607.62
Spain,25-02-2018,14.1,-2.2,4.5,0,10.8,24.8,36772.11
Spain,26-02-2018,16.7,-2.1,6.7,0,9.6,20.5,34738.39
Spain,27-02-2018,6.2,0.7,3,3.9,19.8,39.6,2110.91
Spain,28-02-2018,12.2,3.4,7.6,31.1,32,79.6,1737.55
Spain,01-03-2018,11.5,6.3,9.2,15.3,29.5,67.7,3596.11
Spain,02-03-2018,9.1,3.2,5.7,7,27.9,71.6,245.86
Spain,03-03-2018,11.7,6.2,8.3,8.6,26.4,57.6,21534.82
Spain,04-03-2018,13.4,7.1,9.4,8.3,21.3,45.7,29177.22
Spain,05-03-2018,9,5.5,6.9,8.5,22.6,47.2,16681.86
Spain,06-03-2018,10.3,2.7,6,1.2,21.9,50,24358.03
Spain,07-03-2018,11.3,-1,5.8,0,12.5,32.4,35579.29
Spain,08-03-2018,12.4,4.9,7.9,2.1,12.8,31.3,24392.09
Spain,09-03-2018,11.8,8.2,10.5,6.7,25.8,53.3,0
Spain,10-03-2018,12.7,7.8,11.1,9.2,23.2,63.7,11174.49
Spain,11-03-2018,10.2,6.3,7.7,2.4,35.7,79.2,39013.33
Spain,12-03-2018,11.8,5.5,8.1,0.5,25.8,53.3,35560.73
Spain,13-03-2018,14.6,5.5,9.1,3.7,20.2,46.1,27828.4
Spain,14-03-2018,12.5,4.1,8.5,20.7,33.9,85.3,0
Spain,15-03-2018,10.9,5.3,7.9,0.5,24.5,56.9,31520.58
Spain,16-03-2018,10,3.9,6.3,0.3,19.5,44.3,37720.57
Spain,17-03-2018,10.3,2.3,5.1,9.5,20.1,45,14878.67
Spain,18-03-2018,12,0.9,6.3,0.2,17.8,39.6,39551.43
Spain,19-03-2018,9.2,1.4,4.4,5.8,22.1,69.8,18422.49
Spain,20-03-2018,9,-0.1,4.4,1.5,23.7,66.2,39600
Spain,21-03-2018,10.9,0.4,4.7,0,22,49,37713.98
Spain,22-03-2018,11.8,-3.4,4.2,0,12.8,30.2,39937.71
Spain,23-03-2018,13.9,2.9,7.3,0.6,24.3,46.4,8511.9
Spain,24-03-2018,11,3.5,7.5,2.4,36.8,96.8,39948.34
Spain,25-03-2018,12,4.4,7.4,0.8,17.7,43.2,37065.73
Spain,26-03-2018,14.1,2.6,8.3,0,16.9,40,39600
Spain,27-03-2018,19.1,5.3,11.9,0,19.8,39.2,36331.06
Spain,28-03-2018,19.7,4.9,12.4,0,17.9,39.6,41101.3
Spain,29-03-2018,13.5,5.2,9.8,0,24.2,52.2,41015.62
Spain,30-03-2018,10.4,4.2,7.2,2.5,26,59.4,40084.26
Spain,31-03-2018,13.2,3.7,7.4,0.3,23.2,51.5,39625.5
Spain,01-04-2018,16.6,2.2,8.9,0,8.9,21.6,39600
Spain,02-04-2018,18.1,5.9,11.9,0,24.5,52.2,40023.66
Spain,03-04-2018,14.4,8.7,11,2.6,27.5,65.5,38540.29
Spain,04-04-2018,14.5,6.9,9.7,1.5,25,53.6,34349.49
Spain,05-04-2018,17.9,2.3,10.3,0,8.4,20.2,42019.12
Spain,06-04-2018,18.3,6.9,12.3,3.1,18,47.9,37588.81
Spain,07-04-2018,12.1,6.4,8.8,2.2,13.7,26.3,0
Spain,08-04-2018,14.9,3.6,9.1,0.6,17.8,43.2,42653.55
Spain,09-04-2018,8.1,3.5,5.8,7.6,22.6,49.7,21694.34
Spain,10-04-2018,7.6,3.6,5.8,21.5,23.2,51.5,15.62
Spain,11-04-2018,11.3,3,7,0.6,28.4,63.7,34085.55
Spain,12-04-2018,11.1,4.1,7.5,6.5,18.1,40,20333.8
Spain,13-04-2018,12.7,5,8.4,3.1,18.2,36,32444.39
Spain,14-04-2018,16.1,4.6,10.3,0,9.7,23.8,42027.5
Spain,15-04-2018,16.4,6.4,10.8,0.5,23.6,52.9,33963.73
Spain,16-04-2018,16.7,5.5,11,3.7,20.8,42.1,38396.32
Spain,17-04-2018,21,4.9,12.6,0,8.5,17.3,44671.86
Spain,18-04-2018,23.5,7.6,15,0,10.5,23.4,44903.09
Spain,19-04-2018,23.3,10.1,16.1,0,12.8,30.2,44290.99
Spain,20-04-2018,20.1,10.4,15.2,0,17.7,40,36982.78
Spain,21-04-2018,20.5,10.2,14.8,1,17.2,38.5,32027.8
Spain,22-04-2018,22,10.6,16.5,0.4,15.1,45,42344.06
Spain,23-04-2018,23.7,12.2,17.4,0,13,32.8,33955.75
Spain,24-04-2018,25.6,12.3,18.4,2.5,17.3,39.2,37707.8
Spain,25-04-2018,26.9,12.2,19,3.3,14.8,36,45458.37
Spain,26-04-2018,25,11.6,18.3,0,17.6,35.6,44762.91
Spain,27-04-2018,22.9,12.7,17.6,0.2,17.6,43.2,45575.45
Spain,28-04-2018,16.6,9.2,12.8,0,22.7,51.8,42210.23
Spain,29-04-2018,13.3,5.1,8.6,6.2,27.4,60.8,34699.18
Spain,30-04-2018,11.9,2.8,7.4,0.9,17.3,40.3,45757.99
Spain,01-05-2018,15,3.1,9.3,0.3,10.3,24.1,45806.66
Spain,02-05-2018,17.8,3,10.8,0,15.2,36,32845.3
Spain,03-05-2018,18,9.4,13.3,0.4,20.4,47.5,45315.5
Spain,04-05-2018,20.5,4.9,12.4,0,16.1,39.6,46337.09
Spain,05-05-2018,23.1,8.5,15.7,0.7,16,32.8,45129.45
Spain,06-05-2018,23.6,11.3,17.5,0.9,9.5,24.8,45678.96
Spain,07-05-2018,23.3,11.2,16.9,0.4,11.9,41.4,31784.56
Spain,08-05-2018,24.8,11.5,18,2.9,9.2,39.6,46415.26
Spain,09-05-2018,26,12.4,18.9,0,12.4,33.5,43909.34
Spain,10-05-2018,22.9,13.7,18.4,0.1,16.2,34.2,45410.64
Spain,11-05-2018,23.6,11.5,17.8,0,16.2,37.8,47334.66
Spain,12-05-2018,18.9,11.4,14.9,0.3,25,55.1,43219.12
Spain,13-05-2018,19.5,5.7,12,0,25.1,53.3,47022.18
Spain,14-05-2018,18.8,10.2,13.8,0.3,17.3,42.8,40623.91
Spain,15-05-2018,23.7,5.9,15.1,0,15.9,37.1,42628.29
Spain,16-05-2018,24.9,11.1,17.8,0,17.6,35.6,48180.75
Spain,17-05-2018,24.2,12.3,18.4,0.8,13.5,30.2,45860.83
Spain,18-05-2018,20.7,14,16.8,5.1,14.2,32,38227.83
Spain,19-05-2018,23.8,12.8,17.4,0.7,16.2,38.2,44351.09
Spain,20-05-2018,21.9,11.6,16.6,0.4,15.6,38.9,48027.57
Spain,21-05-2018,20.8,11.8,16.2,6.3,16.6,32,45962.5
Spain,22-05-2018,23.8,10.7,17.9,0,8.7,23,48695.67
Spain,23-05-2018,26,14.4,20,0.3,12.5,29.2,35623.76
Spain,24-05-2018,26.2,14.3,19.6,1.3,20.6,52.2,40900.65
Spain,25-05-2018,20.1,13.5,15.6,29.6,11.5,29.9,28415.44
Spain,26-05-2018,21.1,11,16.1,0.6,10.9,27.4,46610.75
Spain,27-05-2018,23.9,11,17.9,0,13.2,31.7,43185.52
Spain,28-05-2018,20.5,13.8,16.1,8.3,13.8,40.7,17480.59
Spain,29-05-2018,19.7,11.8,15.4,10.4,8.7,27.7,43486.66
Spain,30-05-2018,19.4,11,14.8,9.6,14,31.7,29873.94
Spain,31-05-2018,21.9,10.6,16.7,0.1,15.3,35.6,49087.27
Spain,01-06-2018,22.5,10.9,16.9,0.2,12.6,31.7,49350.76
Spain,02-06-2018,23,13.4,17.6,3.7,14.8,33.5,42965.69
Spain,03-06-2018,22.6,12,17.5,0.5,22.6,49.7,48012.07
Spain,04-06-2018,18.7,10.6,15.5,0,20.1,43.9,41492.27
Spain,05-06-2018,18,11.5,14.5,2,13.6,32,33914.23
Spain,06-06-2018,19.6,10.5,14.7,1,10.4,23.8,48650.79
Spain,07-06-2018,22.5,10.1,16,0,18.9,40.3,30213.01
Spain,08-06-2018,19.1,13.8,16.1,7,17.1,41.4,20987.9
Spain,09-06-2018,19.4,10.9,14.8,1.3,16.1,36.4,37374.48
Spain,10-06-2018,19.1,10.3,14.7,1.2,18.9,46.8,48341.38
Spain,11-06-2018,19.3,11.6,15.4,1.2,14.8,34.6,48021.98
Spain,12-06-2018,23.5,11.9,17.4,0.5,14.2,37.4,49494
Spain,13-06-2018,24.7,9.9,17.7,0,17.1,40.3,49596.25
Spain,14-06-2018,25.9,10.6,18.4,0,12.4,28.4,49087.34
Spain,15-06-2018,28.7,12.2,20.9,0,11.9,21.6,47334.11
Spain,16-06-2018,29.7,16.8,23.3,0,20.3,41,49588.82
Spain,17-06-2018,30.3,15.8,23.3,0,16.3,32,49673.1
Spain,18-06-2018,31.3,14.8,23.2,0,11.3,28.1,49665.66
Spain,19-06-2018,31.5,17.2,24.1,0,19.2,38.5,49563.25
Spain,20-06-2018,31.4,19.1,25.2,0,12,31.3,49460.63
Spain,21-06-2018,32.1,19.2,26,0,12.3,25.9,49581.06
Spain,22-06-2018,32.9,19.2,26.5,0,11,25.2,49521.92
Spain,23-06-2018,34.6,20.8,27.8,0,15.8,31.3,49417.72
Spain,24-06-2018,35.8,20.6,28.1,0,15.3,29.5,49583.33
Spain,25-06-2018,35.2,21.4,28.1,0,17.6,35.6,49467.14
Spain,26-06-2018,33.1,19.7,26.8,0.2,12.5,32,49446.3
Spain,27-06-2018,30.4,18.4,24.9,0.5,17.7,42.8,49339.48
Spain,28-06-2018,30.1,18.5,24.5,0,14.7,34.9,47079.58
Spain,29-06-2018,31.3,18.8,24.2,0.1,18.4,38.5,48377.59
Spain,30-06-2018,28.1,19.2,23,4.4,17.8,51.5,41280.46
Spain,01-07-2018,25.6,17,21.5,0,18.6,42.5,48810.36
Spain,02-07-2018,26.2,14.6,20.8,0,16.1,39.6,49589.38
Spain,03-07-2018,29.3,13.8,22.2,0,12.8,33.1,49464.46
Spain,04-07-2018,26.6,16.2,21.9,0,21.6,51.5,49339.16
Spain,05-07-2018,29.1,14,22.1,0,12.1,31.7,49125.75
Spain,06-07-2018,30.7,18.5,24.5,0,18.9,38.2,46607.24
Spain,07-07-2018,32.4,20,26.3,0,15.2,30.6,46836.38
Spain,08-07-2018,33.1,20.5,26.9,0,16.1,32.4,49114.16
Spain,09-07-2018,33.9,21,27.7,0,14.9,34.2,49078.36
Spain,10-07-2018,33.2,20.7,27.6,0,20.9,43.6,48518.99
Spain,11-07-2018,31.1,20.8,26.2,0.1,18.7,43.2,46900.79
Spain,12-07-2018,31.3,18.2,25.3,0,10,27,48988.37
Spain,13-07-2018,32.5,21.1,26.5,0,18.7,40,48698.19
Spain,14-07-2018,31.9,17.8,25.4,0,16.3,37.1,48964.45
Spain,15-07-2018,27.8,16.8,22.9,0,18.7,43.9,48920.22
Spain,16-07-2018,29,15.9,23,0,17.1,40.3,48703.27
Spain,17-07-2018,32.6,18.4,25.5,0,14.5,31.3,48556.36
Spain,18-07-2018,31.4,19.4,25.7,0,15.8,39.6,48539.27
Spain,19-07-2018,31.3,16.5,24.4,0,17,40.7,48396.07
Spain,20-07-2018,30.5,15.6,23.6,0,17.6,41,48276.57
Spain,21-07-2018,29.1,17,23.3,0,13.2,32.4,38723.19
Spain,22-07-2018,30.6,16.3,23.8,0.3,16.4,34.9,47410.62
Spain,23-07-2018,33.7,20.1,26.7,0,15.8,31.7,47755.3
Spain,24-07-2018,31.9,18.6,25.6,0,15.8,38.5,47857.71
Spain,25-07-2018,33.1,17.4,25.8,0,11.8,30.2,47731.54
Spain,26-07-2018,32.8,17.1,25.6,0,14.7,35.6,47609.4
Spain,27-07-2018,32.6,16.2,25.9,0,17.6,42.5,47491.47
Spain,28-07-2018,31.9,16.1,25,0,17.6,41,47481.6
Spain,29-07-2018,31.3,17.8,24.7,0,13.8,33.8,47269.27
Spain,30-07-2018,33.1,16.3,25.8,0,11.5,28.4,47263.33
Spain,31-07-2018,34,17.4,26.6,0,11.5,25.9,47161.67
Spain,01-08-2018,36.3,21.9,29.1,0,14.5,28.4,47157.14
Spain,02-08-2018,37.9,21.9,29.8,0,10.2,23.8,47063.18
Spain,03-08-2018,38.7,23.7,31.5,0,22.9,48.2,45865
Spain,04-08-2018,37.9,21,30.4,0,17.9,41.8,46921.47
Spain,05-08-2018,36.4,23,30,0,17.4,36.7,46776.36
Spain,06-08-2018,36.5,22.7,29.8,0,12.4,31.7,46711.39
Spain,07-08-2018,34.9,20.9,28.5,0,22.2,48.2,46546.57
Spain,08-08-2018,33,18.1,25.9,0,16.5,41,46508.46
Spain,09-08-2018,29.8,16.8,24.1,0,17.6,38.2,46441.9
Spain,10-08-2018,29.9,17.8,23.6,0,23.7,49.7,46336.43
Spain,11-08-2018,32.5,20.9,26.5,0,10.9,27,46264.45
Spain,12-08-2018,33.2,21.7,27.7,0,18.1,42.5,46191.28
Spain,13-08-2018,32.6,19.7,26.4,0,12.7,35.3,46116.36
Spain,14-08-2018,32,18.8,25.2,0,18.1,38.5,46039.78
Spain,15-08-2018,32.8,18.9,25.9,0,18.2,36.4,45961.61
Spain,16-08-2018,30.8,21.2,25.9,0.4,12.8,31.7,43713.21
Spain,17-08-2018,31,19.5,24.9,0,25.7,55.1,44635.92
Spain,18-08-2018,29.7,17.3,23.5,0,20.2,46.1,45718.61
Spain,19-08-2018,30.7,19.5,24.9,0.3,19.1,38.9,45635.07
Spain,20-08-2018,31.7,19.5,25.8,0,19.3,38.9,45046.58
Spain,21-08-2018,33,19.5,25.9,0,16.4,42.5,44886.75
Spain,22-08-2018,31.3,19.8,25.6,0,13.1,33.5,45266.05
Spain,23-08-2018,31.6,18.1,25.5,0,11.8,29.2,44911.68
Spain,24-08-2018,32.4,18.7,25.3,0,16,39.2,45075.46
Spain,25-08-2018,32,16.4,24.1,0,12.9,32,44931.21
Spain,26-08-2018,31.7,16.9,24.1,0,16.1,36,44660.21
Spain,27-08-2018,34.5,18.8,25.9,0,12.5,30.6,40247.32
Spain,28-08-2018,32.7,19,25.9,0,18.8,43.6,44127.82
Spain,29-08-2018,31.3,17.9,24.9,0,9.3,24.8,43818.78
Spain,30-08-2018,31.7,19.6,25.4,0,22,49,43415.52
Spain,31-08-2018,33.5,20.4,26.3,0,15,29.5,43243.63
Spain,01-09-2018,33.4,20.3,26.8,0,19.9,43.2,43078.5
Spain,02-09-2018,33.7,21.6,27.3,0,19.1,40,42826.44
Spain,03-09-2018,30.4,20.6,25.5,0,12.2,31,42518.04
Spain,04-09-2018,28.8,16.7,23,0,11,28.4,42628.29
Spain,05-09-2018,26.3,16.2,21.6,0,16.8,38.5,42406.55
Spain,06-09-2018,26,15.6,21,0,16.1,35.3,42350.65
Spain,07-09-2018,27.6,16.9,22.3,0,16.5,35.3,42294.64
Spain,08-09-2018,23.2,16.9,19.5,17.9,15.9,36.4,28450.21
Spain,09-09-2018,27.1,15.5,20.7,0,9.9,23,42182.24
Spain,10-09-2018,27.5,16.9,22.5,0,13.7,29.9,42125.85
Spain,11-09-2018,28.4,16.6,22.4,0,9.4,27.4,42069.31
Spain,12-09-2018,28.6,17,22.3,0,11.4,23,39886.3
Spain,13-09-2018,31.7,15.2,23.7,0,11.5,24.5,41955.78
Spain,14-09-2018,30.3,18.7,24.3,0,16.1,32.4,40682.23
Spain,15-09-2018,28.8,18.7,24.1,0,15.4,31,41754.93
Spain,16-09-2018,29.8,16.3,23.1,0,7.6,21.6,41597.24
Spain,17-09-2018,29.6,18.7,23.1,0.1,14.9,36,41089.91
Spain,18-09-2018,28.6,17,22.2,1.7,11.4,23.4,41282.07
Spain,19-09-2018,29.8,16.7,23.3,0,7.6,16.6,41124.77
Spain,20-09-2018,30.9,17.7,23.9,0,9.5,24.1,40967.77
Spain,21-09-2018,31.5,16.8,24.3,0,10.1,19.8,40810.76
Spain,22-09-2018,32.1,18,24.6,0,15.8,30.2,40636.39
Spain,23-09-2018,32.8,17.9,25,0,13.8,26.6,40391.75
Spain,24-09-2018,32,19.2,24.7,0,18.4,39.6,40149.89
Spain,25-09-2018,30,16.3,23,0,16.8,34.2,39911.06
Spain,26-09-2018,26.7,19.2,22.1,0.1,13.7,30.2,22480.27
Spain,27-09-2018,27.3,14.7,21.1,0,8,20.2,39331.8
Spain,28-09-2018,29.2,14.2,21.5,0,8.2,23,39215.53
Spain,29-09-2018,28.5,15.1,21.4,0,16.1,29.9,39097.77
Spain,30-09-2018,28.9,14.9,21.8,0,14,26.6,37839.35
Spain,01-10-2018,25.9,13.5,19.3,0,16.6,33.1,38357.75
Spain,02-10-2018,25.4,7.7,16.3,0,12.3,26.6,38542.1
Spain,03-10-2018,27.2,12.7,19.2,0,13.6,27.4,38331.74
Spain,04-10-2018,27.5,13.4,19.9,0,12.8,29.5,38127.18
Spain,05-10-2018,27.1,12.8,19.1,0,10.5,24.5,37777.19
Spain,06-10-2018,27,12.2,19.5,0,20.4,43.9,37008.73
Spain,07-10-2018,19.9,10,15.3,0,16.2,34.2,37288.48
Spain,08-10-2018,19.3,7.7,14.1,0,13.1,31,31722.95
Spain,09-10-2018,19.4,10.2,14.6,4.5,12.8,28.8,36165.88
Spain,10-10-2018,18.3,11.2,13.9,16.3,12.9,31.3,16359.87
Spain,11-10-2018,20.8,13.2,15.9,4.6,20.7,54.4,18012.73
Spain,12-10-2018,21.6,14.5,17.5,0.6,11.7,25.9,18637.76
Spain,13-10-2018,24.9,13.6,18.3,0,9.8,25.6,36097.3
Spain,14-10-2018,17.9,11.8,15,12.7,20.2,47.5,30383.85
Spain,15-10-2018,14.9,8.1,10.9,7.8,17.7,46.4,16134.91
Spain,16-10-2018,21,9.4,14.2,0.1,12.8,30.6,36000
Spain,17-10-2018,21.3,9.2,14.6,0,10.5,25.9,36000
Spain,18-10-2018,20.7,13.2,15.6,4.2,21.3,45.7,23620.38
Spain,19-10-2018,17.9,13.9,15.3,21.5,24.6,50.8,11557.69
Spain,20-10-2018,20.1,13.3,15.9,5.5,17.3,42.5,34421.7
Spain,21-10-2018,21.2,13.6,16.6,0.7,15.4,34.6,35972.76
Spain,22-10-2018,22.7,10.3,15.8,0,14.9,30.2,35812.38
Spain,23-10-2018,21.5,11.6,15.7,0,15.6,31,34259.49
Spain,24-10-2018,22.9,9.4,15,0,10.6,16.6,35493.79
Spain,25-10-2018,22.4,7.8,14.3,0,8.7,21.6,35335.87
Spain,26-10-2018,16.8,7.8,12.4,1.5,8.4,18.7,1658.17
Spain,27-10-2018,12.4,4.7,10.1,2.8,16.4,36,16855.44
Spain,28-10-2018,9.3,4.1,6.3,0.3,18.9,51.5,34869.43
Spain,29-10-2018,10.5,2.9,6.4,0,22.5,49.7,28541.74
Spain,30-10-2018,9.1,3.7,7.1,9.2,18.9,38.9,0
Spain,31-10-2018,12.3,6.4,8.2,11.2,16.2,37.1,17155.29
Spain,01-11-2018,14.7,4.2,9,0,11.9,26.3,26530.16
Spain,02-11-2018,18.1,8,12,0.2,17.1,35.3,27013.41
Spain,03-11-2018,17.5,3,9.6,0,10.3,24.5,33970.87
Spain,04-11-2018,15.8,2.4,8.7,0.2,18.1,40.7,31985.35
Spain,05-11-2018,10.7,6.6,9,14.5,22,49,30973.14
Spain,06-11-2018,10.5,4.9,7.6,0,19.6,42.5,14739.62
Spain,07-11-2018,13.8,6.6,10.3,3.1,18.1,40,17940.84
Spain,08-11-2018,13.7,4.7,9,3.4,17.9,36.7,12026.18
Spain,09-11-2018,13.7,5.2,8.5,0,17.6,40,30174.82
Spain,10-11-2018,12.8,8.8,11.1,1.3,25.2,50.8,0
Spain,11-11-2018,16.2,11.7,13.2,0.7,18.2,37.1,14675.4
Spain,12-11-2018,12.5,10,11,3.7,10.5,30.6,0
Spain,13-11-2018,18.7,8.1,12.4,0,10.2,24.8,32541.56
Spain,14-11-2018,16.6,8.4,12.3,0.2,11.3,27.7,18963.65
Spain,15-11-2018,16.5,10.8,12.7,0.4,9.4,24.8,23651.11
Spain,16-11-2018,15.9,10.2,12.2,3.9,11.4,33.5,19380.06
Spain,17-11-2018,16,10.2,12.1,0.3,12.5,27.4,15299.5
Spain,18-11-2018,13.1,9,10.4,6.6,14.1,29.5,0
Spain,19-11-2018,14.1,8.1,10.6,3.1,14.6,29.2,13812.47
Spain,20-11-2018,10.8,7.3,9.2,4,20.5,43.9,19445.44
Spain,21-11-2018,10.9,6.3,8.5,3.2,21.6,48.2,29781.05
Spain,22-11-2018,11.2,5,7.4,1.7,10.5,30.2,7057.95
Spain,23-11-2018,11.1,5,8.2,4.3,14,31.7,26765.2
Spain,24-11-2018,10.3,2.2,5.9,0,12.8,32.4,22313.24
Spain,25-11-2018,13.3,6.9,9.6,4.3,19.5,40.3,20375.92
Spain,26-11-2018,11.5,5.4,8.7,2.1,25.1,55.4,20407.99
Spain,27-11-2018,12.8,3.1,6.9,0,11.6,24.5,29923.37
Spain,28-11-2018,11,1.4,4.8,0,7.9,15.1,29921.77
Spain,29-11-2018,12.5,0.7,5.5,2.7,9.4,22.7,24688.6
Spain,30-11-2018,11.7,4,7.6,4.8,15.3,34.6,29736.33
Spain,01-12-2018,11.9,0.5,5.2,0,12.6,27.7,29585.06
Spain,02-12-2018,10.5,2,5.4,0,12.7,24.5,25359.02
Spain,03-12-2018,10.6,3.3,5.6,0,6.3,14.8,18642.2
Spain,04-12-2018,16.2,3.7,8.4,0,9.2,18,29663.12
Spain,05-12-2018,16.1,3.7,8.7,0,9.7,15.8,29699.71
Spain,06-12-2018,17,3.2,8.1,0,9.9,15.8,29784.82
Spain,07-12-2018,13.9,0.1,6.3,0,10.4,24.1,29498.5
Spain,08-12-2018,14.5,6.1,9.5,0,9.2,21.2,27504.68
Spain,09-12-2018,17.3,2.2,7.7,0,10.2,19.4,29650.4
Spain,10-12-2018,14.5,2.2,7,0,8.9,14.8,29281.67
Spain,11-12-2018,13,1.7,6.5,0,8.7,15.5,28535.66
Spain,12-12-2018,8.6,1.7,5.3,0,12,25.6,24399.94
Spain,13-12-2018,10,5.7,7.5,6.9,24.6,59.4,17060.86
Spain,14-12-2018,10.6,2.6,6.2,0,20.5,46.4,29628.4
Spain,15-12-2018,9.6,1.5,5.7,0.1,14.4,29.9,25104.61
Spain,16-12-2018,12.9,6.7,9,3.4,23.4,52.2,13675.68
Spain,17-12-2018,9.7,0.1,4.4,0,10.8,23.8,29332.43
Spain,18-12-2018,9.3,-0.8,3.8,0.4,10.2,24.8,19042.24
Spain,19-12-2018,11.6,4.2,6.5,0.5,17.4,38.2,29072.14
Spain,20-12-2018,10.6,3.9,6.4,0.1,9.5,23.4,22012.35
Spain,21-12-2018,9.4,4,6.2,0,7.6,18.4,5719.35
Spain,22-12-2018,9.6,4.5,6.1,0,5.9,14.4,7168.89
Spain,23-12-2018,11.5,3.2,6.7,0,6.1,17.6,27138.93
Spain,24-12-2018,13.2,1,5.6,0,7.9,13.7,29658.53
Spain,25-12-2018,14,3.5,6.8,0,9.2,15.5,23310.72
Spain,26-12-2018,12.5,1.4,5.9,0,10,14,28503.46
Spain,27-12-2018,10.5,0.3,4.5,0,9.6,12.6,27864.71
Spain,28-12-2018,12.6,-1.8,4.2,0,9.6,20.2,29736.69
Spain,29-12-2018,12.4,1.2,5.4,0,11.8,29.2,29767.19
Spain,30-12-2018,15,1,6.4,0,11,21.6,29802.37
Spain,31-12-2018,15.1,-1,5.8,0,10.2,15.5,29842.55
Spain,01-01-2019,11.7,-0.8,3.8,0,10,13.3,29887.51
Spain,02-01-2019,11.1,-2.4,2.8,0,8.3,14.4,29937.1
Spain,03-01-2019,11.8,-0.9,4.4,0,13.5,25.6,28188.47
Spain,04-01-2019,11.8,-2,3.2,0,10.1,13,30049.67
Spain,05-01-2019,11.6,-2.6,2.2,0,9.9,15.8,30112.35
Spain,06-01-2019,14,-3.6,2.8,0,11.4,23.4,30179.11
Spain,07-01-2019,13.3,-3.6,3,0,9.7,16.9,30249.81
Spain,08-01-2019,10.4,-1.6,2.7,0,10.9,15.5,30324.29
Spain,09-01-2019,12.7,-0.6,4.3,0,12.5,25.6,30402.41
Spain,10-01-2019,8.9,-1.3,2.7,0,9,15.1,30484.04
Spain,11-01-2019,7.7,-3.7,0.5,0,8.4,17.6,30569.03
Spain,12-01-2019,9.7,-2.6,2.2,0,9.7,21.6,30657.23
Spain,13-01-2019,11,-0.8,3.4,0,11.6,20.2,30748.52
Spain,14-01-2019,12.7,-0.6,4.3,0,9.3,15.5,30842.73
Spain,15-01-2019,12.2,-0.7,4.4,0,11.2,21.2,30939.74
Spain,16-01-2019,10.3,-2.2,2.3,0,11.2,27,31039.41
Spain,17-01-2019,7.7,-0.7,2.6,0.9,9.7,17.3,22836.06
Spain,18-01-2019,6.7,-3.7,0.9,0.5,11,25.9,22823.85
Spain,19-01-2019,3.7,-1.8,1.2,4.7,8.9,26.6,0
Spain,20-01-2019,10.2,1.1,4.7,4,19.8,44.3,25246.1
Spain,21-01-2019,9.3,-0.7,4.4,0,13.8,33.1,26090.68
Spain,22-01-2019,8.6,-1.3,3.3,1.3,17.6,43.9,7264.24
Spain,23-01-2019,13.4,4.1,7.8,0.2,21.4,45,17170.85
Spain,24-01-2019,14.7,7.7,10.4,0.1,20.9,41.4,17819.46
Spain,25-01-2019,14.5,4.1,9.8,0,15.4,30.2,32069.72
Spain,26-01-2019,12.8,-0.8,5,0,9.4,20.2,32199.42
Spain,27-01-2019,11.2,2.8,6.5,0,17.4,37.8,27613.73
Spain,28-01-2019,12.9,1.8,7.1,0.2,22.9,49.3,26900.77
Spain,29-01-2019,9.1,1.9,6.2,0.4,21.9,47.5,14917.89
Spain,30-01-2019,10,2.7,6.2,1.3,17.9,38.5,25200
Spain,31-01-2019,12.6,6.7,9.2,1.2,31.3,65.9,9458.48
Spain,01-02-2019,9.7,4.2,7.2,14.7,33.5,71.3,30514.64
Spain,02-02-2019,7.2,2.5,4.8,0.1,24.6,51.8,26425.92
Spain,03-02-2019,8.5,-1.2,3.4,0,16.5,34.6,30413.79
Spain,04-02-2019,11.4,-3.8,2.5,0,8.8,15.5,32641.97
Spain,05-02-2019,14.8,-0.7,5.3,0,8.3,15.8,32656.41
Spain,06-02-2019,15.4,1.1,7,0,11.2,26.3,32730.04
Spain,07-02-2019,15.4,-0.7,7,0,9.8,20.9,33082.76
Spain,08-02-2019,13.7,-0.2,6,0,11.8,27.7,33191.86
Spain,09-02-2019,13.3,0.1,6.1,0,10.7,24.5,32755.69
Spain,10-02-2019,11.7,3.6,6.9,0,22.8,50.4,25204.25
Spain,11-02-2019,13.8,1.9,8.2,0,13.4,32.4,33554.76
Spain,12-02-2019,13.2,2.2,6.7,0,12.2,29.5,33959.27
Spain,13-02-2019,15.3,1,6.9,0,8.4,16.9,34399.75
Spain,14-02-2019,14,2.2,7.1,0,9.9,26.3,34665.64
Spain,15-02-2019,16.4,1.1,7.5,0,9.2,22.7,35086.44
Spain,16-02-2019,16.6,3.2,8.9,0,11.9,29.9,35201.11
Spain,17-02-2019,15.3,2,7.8,0,10.2,25.2,35437.22
Spain,18-02-2019,15.1,3,7.6,0,13.2,31.3,33016.32
Spain,19-02-2019,14.7,2.8,7.5,0,9.7,19.8,34798.77
Spain,20-02-2019,14.9,1.3,7.6,0,8.7,22,35896.8
Spain,21-02-2019,17.1,2.2,8.2,0,10.6,20.9,36085.16
Spain,22-02-2019,18.5,2.3,9.3,0,9.6,19.4,36247.81
Spain,23-02-2019,20.2,0.3,9.1,0,9.4,18.4,34651.34
Spain,24-02-2019,19.4,5.9,11.1,0,12,24.1,36142.72
Spain,25-02-2019,19.4,2.3,10.1,0,9.9,17.6,36735.21
Spain,26-02-2019,20.2,3.7,10.9,0,10.6,23,36897.05
Spain,27-02-2019,19.8,2.9,10.9,0,12,25.2,37058.34
Spain,28-02-2019,19.3,2.3,10.7,0,13.3,18.4,34894.27
Spain,01-03-2019,19.4,3.7,11.2,0,10.3,23.4,37380.76
Spain,02-03-2019,21.2,4,12.1,0,10.2,22.3,37543.34
Spain,03-03-2019,19.6,2.6,10.7,0,20.2,45,37706.78
Spain,04-03-2019,15.8,6.6,10.8,0,22.4,49.3,34867.68
Spain,05-03-2019,15,5.9,10.6,0,21.7,47.2,25658.36
Spain,06-03-2019,11.7,6.1,9.9,13,30.8,77,17655.47
Spain,07-03-2019,11.8,1,6.9,0.5,18.2,41,34563.55
Spain,08-03-2019,14.4,5,9.4,1.2,11.6,24.5,38532.5
Spain,09-03-2019,18.2,2.6,10,0,9,20.2,38698.5
Spain,10-03-2019,22.8,4.1,12.1,0,13,32.8,38864.51
Spain,11-03-2019,19.8,6.6,12.7,0,14.8,34.2,39030.41
Spain,12-03-2019,20.5,4.1,11.6,0,21.4,46.4,39146.3
Spain,13-03-2019,14.2,6.4,10.7,0,20.5,49,39212.41
Spain,14-03-2019,18.7,0.8,8.9,0,13.5,25.9,39278.16
Spain,15-03-2019,22.7,2.1,12,0,9.3,20.5,39343.55
Spain,16-03-2019,23.5,4.7,13.6,0,12.7,29.5,39408.59
Spain,17-03-2019,18.6,5.2,11.9,0,20,47.2,39473.28
Spain,18-03-2019,15.5,3.6,9.6,0,17.1,40.7,39572.41
Spain,19-03-2019,15.4,2.8,9.1,0.1,21.6,49,37352.37
Spain,20-03-2019,15,0.8,8.1,0,15.6,38.2,39692.16
Spain,21-03-2019,16.1,2.7,9.4,0,19.1,38.9,39766.28
Spain,22-03-2019,18.7,1.1,9.7,0,11.8,31.3,39934.7
Spain,23-03-2019,20.6,3.1,12.1,0,17,40,29019.95
Spain,24-03-2019,21.2,6.5,13.6,0,12.3,33.5,39851.48
Spain,25-03-2019,21.5,7.9,14.6,0,17.8,36,40353.6
Spain,26-03-2019,21.4,5.5,13.2,0,22.8,50.4,40584.85
Spain,27-03-2019,19.4,4.1,11.6,0,21,42.1,40721.01
Spain,28-03-2019,19.1,4.9,12.2,0,21.8,42.5,41130.42
Spain,29-03-2019,18.2,5,11.3,0,11.5,29.2,41163.73
Spain,30-03-2019,18.9,4.4,11.7,0,11.5,25.2,41439.13
Spain,31-03-2019,16.5,8,11,2,14,37.1,23536.19
Spain,01-04-2019,17.5,8.8,12.1,8.5,7.6,21.6,36416.57
Spain,02-04-2019,18.2,7.3,12,2.2,11.4,31.7,39594.89
Spain,03-04-2019,15.1,4.5,10.2,0,25.2,55.1,42052.71
Spain,04-04-2019,13.9,1.6,8,0,17.4,37.8,41903.63
Spain,05-04-2019,9.4,4.7,6.9,4.4,21.9,49.7,20655.9
Spain,06-04-2019,10.6,2.3,5.8,1.3,25.3,59.8,31735.99
Spain,07-04-2019,12.8,3.1,7.4,2.1,20.3,46.1,28126.39
Spain,08-04-2019,15.4,7.2,10.4,3.9,18.6,47.2,30191.72
Spain,09-04-2019,13.4,4.2,8.1,4,20.9,52.6,41030.23
Spain,10-04-2019,14.3,5.1,8.7,1.1,17.4,44.3,42038.12
Spain,11-04-2019,15.2,1.7,8.9,0.6,14,33.1,43537.66
Spain,12-04-2019,18,1.1,9.5,0,13.5,34.9,43427.06
Spain,13-04-2019,20.7,2.1,11.9,0,11.6,21.2,43750.39
Spain,14-04-2019,22.9,9.5,15.9,0,12.9,31.7,39097.49
Spain,15-04-2019,23.3,10.3,15.9,0.2,25.1,61.9,37996.46
Spain,16-04-2019,21.4,5.3,13.9,0,10.1,27.7,43220
Spain,17-04-2019,25.5,9.4,15.9,4.5,20.1,48.2,36199.49
Spain,18-04-2019,13.2,9.7,10.8,18.6,12,36,0
Spain,19-04-2019,12.5,8.3,10.2,16.9,18.4,42.5,5962.84
Spain,20-04-2019,20.4,10.4,14.6,0.6,26,56.9,36473.21
Spain,21-04-2019,14.9,8.3,11.5,0.1,21.4,47.9,19577.44
Spain,22-04-2019,17.7,7,12.5,0,14.2,31.7,33520.73
Spain,23-04-2019,12.6,6.5,10.2,1.2,23.4,60.1,26589.7
Spain,24-04-2019,12.7,4.7,7.9,23.1,29.2,78.1,3600
Spain,25-04-2019,12.9,6.6,9.5,3.5,29.2,65.5,44618.73
Spain,26-04-2019,17.4,3.6,10.3,0,16.3,37.4,45503.75
Spain,27-04-2019,20.9,4,12.8,0,11.8,24.1,45561.64
Spain,28-04-2019,23.2,9.4,16.2,0,13.3,27.4,45645.51
Spain,29-04-2019,24.2,11,17.2,0,13.8,26.3,44787.04
Spain,30-04-2019,25,11.3,18.3,0,12.8,25.9,45825.88
Spain,01-05-2019,24.5,12,18,0,17.9,31.7,45041.11
Spain,02-05-2019,22.9,12.3,17.4,0.4,17.6,40.3,46020.49
Spain,03-05-2019,20.8,9.9,15.5,0.1,18.7,45.7,46169.02
Spain,04-05-2019,21.8,5.4,13.8,0,13.4,34.2,46324.3
Spain,05-05-2019,22.9,8,14.6,0,15.7,33.8,46485.82
Spain,06-05-2019,24.1,6.6,15.5,0,18,40.7,46757.42
Spain,07-05-2019,22.2,9.5,16.3,0.2,27.2,58.7,42137.9
Spain,08-05-2019,19.4,13.2,15.4,0.9,32,68.8,28085.1
Spain,09-05-2019,21.8,7.8,14.7,0,29.3,61.6,46420.84
Spain,10-05-2019,23.9,14.3,18.2,0.1,21.1,47.9,42161.95
Spain,11-05-2019,25.9,9.5,18.3,0,18.3,37.4,47443.24
Spain,12-05-2019,26.8,9.2,18.1,0,18.9,41,47756.93
Spain,13-05-2019,30.1,9.2,19.9,0,18.7,38.2,47829.09
Spain,14-05-2019,28.4,12.1,20.2,0,19.4,38.9,47899.23
Spain,15-05-2019,31.9,10.1,22,0,15.6,38.9,48097.17
Spain,16-05-2019,29.1,14.2,21.3,0.4,29,63,47181.95
Spain,17-05-2019,17.6,9.7,13.7,0.4,26.8,59.4,37598.13
Spain,18-05-2019,17.2,9.3,13.3,0,16.1,39.6,43578.72
Spain,19-05-2019,19.9,8,14.1,0,14.1,32.8,47599.69
Spain,20-05-2019,22.7,8.4,15.4,0,16.3,34.2,44850.42
Spain,21-05-2019,24.5,11.7,17.8,0.3,15.5,34.2,42025.07
Spain,22-05-2019,27.4,12.9,20.3,0,19.9,40.7,44146.5
Spain,23-05-2019,27.5,11.4,20.8,0,20.3,47.5,42506.07
Spain,24-05-2019,24.5,14.7,19.5,0.1,20.2,45.4,47109.5
Spain,25-05-2019,25,9.2,17.5,0,18.9,44.6,49136.98
Spain,26-05-2019,26.4,10.3,18.1,0,14.4,33.1,49171.63
Spain,27-05-2019,28.7,11.5,20.1,0,25.3,57.6,49194.93
Spain,28-05-2019,26.5,12.3,19.3,0,19.3,46.1,49235.86
Spain,29-05-2019,26.5,10.3,18.3,0,17.7,38.9,49265.42
Spain,30-05-2019,29.8,11.6,21,0,12.4,28.4,49293.27
Spain,31-05-2019,31.1,14.8,23.8,0,20,40.3,49319.4
Spain,01-06-2019,32.1,14.9,24.1,0,9.9,21.6,49343.8
Spain,02-06-2019,33,16.3,25.4,0,16.4,37.8,49366.47
Spain,03-06-2019,31.5,17.7,25.2,0,25.9,58,48638.17
Spain,04-06-2019,27.1,16.6,22.1,0,24.8,57.2,49406.58
Spain,05-06-2019,22.5,12.9,17.4,0.2,20.8,50,46800
Spain,06-06-2019,22.4,10.2,16.5,0,24.8,54.4,49439.68
Spain,07-06-2019,22,11.8,16.7,0,25.5,54.4,46831.07
Spain,08-06-2019,28,11.7,19.5,0,16,39.2,46543.46
Spain,09-06-2019,26.4,12.6,20.6,0,18.8,45,49475.73
Spain,10-06-2019,25.7,12.6,19.6,0,17.2,37.8,49506.81
Spain,11-06-2019,20.4,13.2,17.2,0,19.7,47.2,48444.38
Spain,12-06-2019,24.6,8.3,16.8,0,10.6,29.2,49677.6
Spain,13-06-2019,27.2,11.5,19.7,0,16.6,40,49495.25
Spain,14-06-2019,23.4,12.2,18.5,0,23.8,52.2,49680.3
Spain,15-06-2019,25,10.5,18.2,0,15,29.9,49678.57
Spain,16-06-2019,29,14,21.6,0,13,27.4,43717.7
Spain,17-06-2019,30.2,12.9,23.1,0,13,34.6,49487.66
Spain,18-06-2019,29,17.9,24.1,0,21.6,49.3,49662.09
Spain,19-06-2019,26.6,16.1,21.6,0,20.9,49.3,49468.39
Spain,20-06-2019,27.3,16,22.1,0,18,41.4,47113.48
Spain,21-06-2019,27.6,16.2,22.3,0,17.4,42.1,49725.19
Spain,22-06-2019,30.9,16.4,23.6,0,18.9,41,47867.84
Spain,23-06-2019,32.9,16.6,25.1,0,15.3,36.7,49294.55
Spain,24-06-2019,32,18.9,25.2,0,21.2,46.4,31870.77
Spain,25-06-2019,34.5,17.8,25.5,0,18.3,43.9,49664.78
Spain,26-06-2019,35,20.5,28.1,0,14.9,37.4,49646.25
Spain,27-06-2019,37.8,22,30.1,0,21.1,48.2,49529.02
Spain,28-06-2019,39.9,22.7,31.7,0,18.7,42.5,49703.03
Spain,29-06-2019,39.3,23.1,31.4,0,11.4,32.4,46331.76
Spain,30-06-2019,36.3,23.8,30.8,0,15.1,38.2,49363.93
Spain,01-07-2019,34.7,22.8,29,0,15.6,37.8,49271.32
Spain,02-07-2019,34.3,20.8,27.9,0,15.7,29.9,49310.66
Spain,03-07-2019,34.7,21.8,28.1,0,17.2,42.1,49156.87
Spain,04-07-2019,32.9,20.7,27.4,0,16.3,38.9,48344.39
Spain,05-07-2019,32.6,19.7,26.6,0,15.8,37.4,49503.76
Spain,06-07-2019,32.8,18.2,26.1,0,17.9,43.6,49468.44
Spain,07-07-2019,33.1,17.2,25.9,0,10.3,30.6,49338.74
Spain,08-07-2019,28.9,17.8,23.7,0,18.9,44.6,49117.91
Spain,09-07-2019,28.5,16.1,22.7,0,13.3,31.7,44377.36
Spain,10-07-2019,33,17.1,25.2,0,11.5,29.5,48951.41
Spain,11-07-2019,36.8,20.2,28.8,0,13.8,27,49182.7
Spain,12-07-2019,39,22.4,30.8,0,19.5,49.3,42761.9
Spain,13-07-2019,33.9,24.1,29.1,0.1,18.9,58.7,47573.93
Spain,14-07-2019,32.6,19.7,26.6,0.2,14.6,34.9,45288.38
Spain,15-07-2019,35.3,18.8,27.2,0,15.8,38.9,48928.45
Spain,16-07-2019,34.9,20.4,28.3,0,16.8,40.7,48727.3
Spain,17-07-2019,33.4,21.8,28,0,19,40.7,48224.93
Spain,18-07-2019,34.4,21.9,28.4,0,14.2,29.9,48442.49
Spain,19-07-2019,36.1,23.2,29.6,0,18.1,42.8,48204.49
Spain,20-07-2019,37.1,22.1,29.7,0,14.5,34.9,48316.27
Spain,21-07-2019,37.7,23.1,30.8,0,13.5,29.5,48022.09
Spain,22-07-2019,37.7,23.5,30.9,0,16.5,37.1,47888.57
Spain,23-07-2019,37.4,23.8,30.8,0,27.1,59.4,47758.68
Spain,24-07-2019,36.7,22.4,30.1,0,11.5,31.3,47403.66
Spain,25-07-2019,35,23.3,29.7,0,18.9,46.4,47734.76
Spain,26-07-2019,31.6,22.6,26.8,0,19.2,46.1,46845.65
Spain,27-07-2019,27.3,18.5,22.8,0.2,18.8,44.3,45933.57
Spain,28-07-2019,30,15.6,22.9,0,11.3,30.6,47483.61
Spain,29-07-2019,32.2,17.7,25.5,0,20.7,47.9,47371.57
Spain,30-07-2019,30.9,16.5,23.9,0,15.6,31,47362.82
Spain,31-07-2019,33.6,18.8,25.8,0,25,51.5,44200.25
Spain,01-08-2019,33.9,19.6,26.5,4.4,17.7,37.8,46973.26
Spain,02-08-2019,35.4,20.7,27.9,0,19.7,39.6,47152.81
Spain,03-08-2019,35.5,20.7,28.2,0,15.8,39.2,47060.88
Spain,04-08-2019,35,20.9,28.2,0,15.3,38.9,47022.45
Spain,05-08-2019,35.5,20.6,28.2,0,16.1,38.2,46874.91
Spain,06-08-2019,35.1,19,27.8,0,18,41,43681.96
Spain,07-08-2019,28.1,22.2,25.2,0,17.7,39.6,2222.87
Spain,08-08-2019,32.8,18.3,25.5,0,20.9,48.6,46500.82
Spain,09-08-2019,30.1,20,25.2,0,27.7,60.8,43528.28
Spain,10-08-2019,31.2,16.9,24.1,0,13.2,34.6,46358.76
Spain,11-08-2019,28.7,18.4,23.4,0.6,20,46.1,46285.29
Spain,12-08-2019,27.9,14.9,21.5,0,19.2,39.6,46210.32
Spain,13-08-2019,29.8,15.5,22.7,0,22.6,47.2,46133.94
Spain,14-08-2019,33,17.1,24.9,0,12.1,25.6,46056.23
Spain,15-08-2019,35.5,19.7,27.3,0,14.5,36,45977.28
Spain,16-08-2019,35.7,21.4,28.4,0,22.8,46.8,45897.17
Spain,17-08-2019,36.2,20.1,28.8,0,18.4,44.3,45815.99
Spain,18-08-2019,34,20.2,27,0,22.6,50.8,45733.84
Spain,19-08-2019,31.7,19.5,25.5,0,16.5,40.3,36994.01
Spain,20-08-2019,30,19.7,24.8,0.3,18.9,39.2,45566.89
Spain,21-08-2019,28.8,20.3,23.5,0.5,17.9,40.7,27092.44
Spain,22-08-2019,32.6,17.4,24.3,0,12.3,29.5,45392.35
Spain,23-08-2019,32.7,18.5,25.7,0,15.2,29.9,45251.26
Spain,24-08-2019,34.2,17.6,25.8,0,11.1,27.7,45109.69
Spain,25-08-2019,32.7,20.2,26.4,0,13.3,35.3,43864.97
Spain,26-08-2019,24.7,17.3,21.1,11.2,15.9,40.7,34561.33
Spain,27-08-2019,26.9,16.5,21.4,0.1,9.2,23,43986.07
Spain,28-08-2019,31.2,17.3,24,0,12,28.4,44150.05
Spain,29-08-2019,32.6,18.4,25.7,0,9,22,43384.11
Spain,30-08-2019,33.7,19.9,26.4,0,11.5,36,43323.5
Spain,31-08-2019,32.2,18,25.1,0,8.4,18.4,43155.41
Spain,01-09-2019,32.2,18.9,25.9,0,14.8,35.3,31843.37
Spain,02-09-2019,30.1,18.2,24.2,0,22.9,47.5,42935.78
Spain,03-09-2019,33.1,18.1,25.2,0,16.9,34.2,42964.67
Spain,04-09-2019,33.6,18.5,25.9,0,18.9,33.5,42810.79
Spain,05-09-2019,29.4,16.4,22.5,0,22.1,46.4,42665.36
Spain,06-09-2019,26.7,11.9,19.3,0,20.4,42.5,42529.16
Spain,07-09-2019,28,14.1,20.5,0,20.9,42.1,30142.12
Spain,08-09-2019,28.8,16.5,22.5,0,21.1,42.8,42252.66
Spain,09-09-2019,29.6,14.1,22.9,0,22.5,49.3,38596.41
Spain,10-09-2019,21.8,14.1,17.7,0.3,26.2,59.4,34940.01
Spain,11-09-2019,26.9,11.1,18.9,0,26,58,42032.31
Spain,12-09-2019,28.1,16.2,22,0,24.9,54.4,29656.55
Spain,13-09-2019,25.1,16.7,20.1,8.7,23.2,54.4,27628.28
Spain,14-09-2019,20.6,17,18.3,18.2,15.5,40.7,11213.95
Spain,15-09-2019,21.6,15.6,18.1,22,15.8,37.1,23534.21
Spain,16-09-2019,25.2,16.6,20.2,4.9,12.4,25.9,38628.64
Spain,17-09-2019,27.5,15.7,21.1,0,7.8,20.2,37701.33
Spain,18-09-2019,27.1,14.4,20.7,0.9,14.9,32.8,40744.71
Spain,19-09-2019,27.8,16.5,21.5,0,8.9,19.1,41028.58
Spain,20-09-2019,24.1,16.4,19.7,17.4,13.7,48.6,31848.05
Spain,21-09-2019,21.1,14.7,17.9,5.5,11.2,29.9,17100.42
Spain,22-09-2019,23.1,14.5,18.4,2.9,17.7,39.2,35241.3
Spain,23-09-2019,23.3,10.6,16.6,0,8.4,20.9,40028.59
Spain,24-09-2019,25.7,11.8,18.2,0,16.4,37.4,40369.5
Spain,25-09-2019,24.2,12.9,18,0,12.5,28.8,40170.49
Spain,26-09-2019,26.6,12.7,19.1,0,8.4,22.3,39813.46
Spain,27-09-2019,27.7,13.5,20,0,9.4,23.8,39690.56
Spain,28-09-2019,27.9,11.6,19.5,0,10.8,20.5,39456.53
Spain,29-09-2019,28.4,11.4,19,0,14.2,33.8,39333.74
Spain,30-09-2019,28.5,12.1,20,0,10.1,23.8,39105.75
Spain,01-10-2019,26,13.1,19.6,0,16.4,41.4,38781.84
Spain,02-10-2019,22.8,13.1,17.6,0,15.6,33.1,37454.68
Spain,03-10-2019,27.5,10.4,17.5,0,12.9,29.9,37667.97
Spain,04-10-2019,27.1,11.6,19,0,12.7,29.2,38246.31
Spain,05-10-2019,26.6,12.6,19.2,0,9.3,22.3,37989.48
Spain,06-10-2019,28.1,11.3,19.4,0,11,25.6,37634.92
Spain,07-10-2019,28.8,12.3,20,0,10.5,15.1,36459.66
Spain,08-10-2019,28.8,14,20.8,0,10.5,22.3,36989.11
Spain,09-10-2019,28.6,14.4,21.2,0,12.1,26.3,36885.57
Spain,10-10-2019,26,14.6,19.4,0,19.4,39.2,33305.32
Spain,11-10-2019,27,14.6,20.1,0,9.8,23.4,36034.27
Spain,12-10-2019,26.3,15.6,20,0.7,10.8,33.5,25023.95
Spain,13-10-2019,24.3,13.9,18.9,0,13.6,34.9,36272.7
Spain,14-10-2019,18.9,10.8,15.6,1.8,28.5,60.1,30699.99
Spain,15-10-2019,16.5,5.5,11.4,0,14.3,33.8,36000
Spain,16-10-2019,18.2,7.2,12.3,0,13.8,33.1,36041.08
Spain,17-10-2019,17.1,7.8,12.6,0.5,15.5,33.8,16983.51
Spain,18-10-2019,20.8,12.7,16.1,0.1,23.3,50.8,27613.25
Spain,19-10-2019,16.9,11.4,13.9,11.7,24.2,51.5,22635.34
Spain,20-10-2019,13.6,7.7,10.5,3.2,21.2,42.5,25108.7
Spain,21-10-2019,14.9,3.8,9,0,8.7,17.3,35996.51
Spain,22-10-2019,13.1,7.6,10.3,2,17.1,37.1,3615.11
Spain,23-10-2019,10.3,7.6,8.9,7.3,13.9,33.8,253.62
Spain,24-10-2019,18.5,7.4,11.8,0.3,12.9,31.7,35534.38
Spain,25-10-2019,20.3,7.2,12.4,0,8,18.7,35379.63
Spain,26-10-2019,22.1,7.8,14,0,7.9,16.2,35226.09
Spain,27-10-2019,21.6,7.4,14.1,0,9.2,15.5,35072.5
Spain,28-10-2019,21.5,11.6,15.1,0,10,24.1,25819.76
Spain,29-10-2019,19.4,9.9,14.1,0,7.2,20.2,32180.64
Spain,30-10-2019,18.7,9.4,14.1,1.4,10,23.8,17742.21
Spain,31-10-2019,22.2,12.8,16.3,0,14.3,34.9,30753.95
Spain,01-11-2019,19.9,13.8,16,0.2,20.3,43.2,30496.36
Spain,02-11-2019,18.3,13.8,15.4,0.1,24.2,51.8,28800
Spain,03-11-2019,16.6,11.3,13.7,0.3,28.3,60.8,34003.05
Spain,04-11-2019,17,10.4,13.1,3.1,31,65.9,24595.72
Spain,05-11-2019,14.5,6.5,10.2,0,23.7,58.7,33703.93
Spain,06-11-2019,14.5,6.6,10.2,0,15.9,31.3,26743.42
Spain,07-11-2019,13.3,6.8,10.3,0.1,25.3,54.4,31163.78
Spain,08-11-2019,13,4.3,7.7,0,18.7,41,33265.57
Spain,09-11-2019,11.8,4.7,7.5,0.9,17.9,51.1,21138.79
Spain,10-11-2019,10.5,6.2,8,1.1,31.1,68.4,23242.06
Spain,11-11-2019,13.3,5.5,8.4,0.2,14.6,31.3,9912.2
Spain,12-11-2019,13.9,3.9,8.6,0.7,16.1,36,29531.44
Spain,13-11-2019,16.4,7.2,11.3,1.9,21.9,44.3,31197.64
Spain,14-11-2019,9.9,6,7.7,3,24.2,60.5,21997.94
Spain,15-11-2019,9.7,3.3,6.2,0.3,20.1,42.8,31907.88
Spain,16-11-2019,10.7,2,5.3,0,12.8,31,32190.63
Spain,17-11-2019,9.1,1.6,4.9,5.2,24,50,11157.8
Spain,18-11-2019,10.8,3.5,6.4,0,20.9,41.8,24041.67
Spain,19-11-2019,10.4,-1.7,4.5,0,10.4,23,22575.53
Spain,20-11-2019,8.3,3.3,5.6,3.9,10.2,24.5,4571.8
Spain,21-11-2019,9.5,3.2,6.7,2.5,13.2,29.9,8528.84
Spain,22-11-2019,10.9,3.6,8.3,10.5,20.2,50.8,0
Spain,23-11-2019,12.1,6,8.3,2.1,22.7,51.1,30582.67
Spain,24-11-2019,11.9,5.3,7.6,0,14.3,31,26693.61
Spain,25-11-2019,16.6,7.4,10.8,0.5,16.9,35.3,28908.15
Spain,26-11-2019,14.3,8,11,1.3,23.4,48.2,7200
Spain,27-11-2019,13.4,9.5,11.1,1,23.5,48.2,28543.27
Spain,28-11-2019,12.2,7.8,9.9,0.7,17.6,37.4,10072.98
Spain,29-11-2019,14.9,10.9,12,2,18.5,37.4,5319.82
Spain,30-11-2019,14.1,11.3,12.3,4.8,22.9,49,3024.52
Spain,01-12-2019,11,6.6,7.6,21.1,13.5,29.5,0
Spain,02-12-2019,11.5,5.8,8.4,4,26.9,59,18153.69
Spain,03-12-2019,10.4,3.1,6.6,0,17.8,40.3,29762.18
Spain,04-12-2019,13,5.2,8.3,1.8,17.2,38.9,15744.45
Spain,05-12-2019,11.8,6.8,9,1.7,19.3,43.2,14400
Spain,06-12-2019,13.6,5.2,8.6,0,11.3,23.8,28604.19
Spain,07-12-2019,12.9,1.4,6.3,0,7.7,14.4,29659.22
Spain,08-12-2019,7.1,2,4.8,1.6,8.6,16.2,11793.86
Spain,09-12-2019,14,4.2,7.6,0,13.8,31.3,28525.34
Spain,10-12-2019,9.9,0.6,5.1,0,7.9,14,28063.76
Spain,11-12-2019,10.3,1.3,4.6,0.7,15.5,36.7,11980.83
Spain,12-12-2019,8.3,2.9,5.5,0.9,25.7,56.5,1456.06
Spain,13-12-2019,15.4,8.3,11.4,0.1,26,54.7,17584.33
Spain,14-12-2019,11.9,6.4,8.6,0,17.8,36.7,26997.68
Spain,15-12-2019,11.1,6.4,9.1,0.6,17.6,36.7,1.34
Spain,16-12-2019,14.9,6.1,9.9,0.4,22,54,23324.31
Spain,17-12-2019,10.7,5,8.4,4.4,14.2,34.9,27802.26
Spain,18-12-2019,9.7,2.8,6.5,0.1,12,27.7,13687.24
Spain,19-12-2019,12.7,7.8,10.3,33.7,29.8,84.2,192.54
Spain,20-12-2019,13.2,10.7,12.3,35.9,41.7,99,18000
Spain,21-12-2019,16.1,9.9,12.7,2,43,87.5,15756
Spain,22-12-2019,12.5,7.2,10.1,0,32.2,70.9,20470.86
Spain,23-12-2019,13.2,4.2,8.1,0,14.4,30.6,29187.3
Spain,24-12-2019,13.6,3.3,7.2,0,8.1,16.6,28518.12
Spain,25-12-2019,16,3.6,8.9,0,9.3,14,29661.53
Spain,26-12-2019,15.7,3.3,8.2,0,8.9,17.6,28316.92
Spain,27-12-2019,14.5,2.1,6.8,0,10.7,20.5,29701.66
Spain,28-12-2019,15.5,0.6,6.5,0,10.7,16.2,29728.81
Spain,29-12-2019,13.7,0.3,6.4,0,10.7,17.3,29760.55
Spain,30-12-2019,12.4,-1,4.7,0,10.7,14,29796.79
Spain,31-12-2019,13.2,-0.4,6,0,9.4,13.7,29837.42
Spain,01-01-2020,12.3,-1.3,4.7,0,7.9,12.6,29882.36
Spain,02-01-2020,11.3,-1.6,4,0,10,13.7,29931.47
Spain,03-01-2020,7.2,-0.4,2.6,0,7.7,16.2,27028.09
Spain,04-01-2020,11,-0.6,4,0,12.5,28.1,30041.84
Spain,05-01-2020,13.1,-1.5,4.3,0,10.6,16.2,30102.88
Spain,06-01-2020,12.4,-0.8,4.4,0,10.3,13,30167.67
Spain,07-01-2020,12.4,-1.1,4,0,9.5,14.4,30236.11
Spain,08-01-2020,13.9,0.1,5,0,9.4,14.8,30308.08
Spain,09-01-2020,12.3,1.4,6.1,0.2,8.6,19.1,30383.48
Spain,10-01-2020,10.8,2.2,6.8,0,17.1,36.4,30462.19
Spain,11-01-2020,10.8,-2.3,3.6,0,8.8,20.2,30544.1
Spain,12-01-2020,9.2,-3.7,2,0,8,15.8,30629.1
Spain,13-01-2020,8,-3.4,1.4,0,10.7,24.5,30105.5
Spain,14-01-2020,7.6,-3,2.3,0,8.4,22.3,30808.32
Spain,15-01-2020,8.1,3.6,5.7,0,6.6,17.6,0
Spain,16-01-2020,13.1,5.4,8.1,0,13.4,30.2,17026.79
Spain,17-01-2020,11.2,4.1,7.4,0,16,34.9,23391.57
Spain,18-01-2020,8.9,3.3,6,5.6,15.6,32.4,0
Spain,19-01-2020,10.1,3.4,6.3,0,25.1,58,31324.07
Spain,20-01-2020,6.9,1.5,4.4,0.1,30.3,75.2,6917
Spain,21-01-2020,8.4,4.1,6.1,3.3,29.8,77,16081.41
Spain,22-01-2020,9.5,4.6,6.1,2,22.4,49.7,18019.99
Spain,23-01-2020,11.3,2.8,6.2,0,13.1,26.6,28645.01
Spain,24-01-2020,8.8,5.5,6.5,4.8,10.2,32,5110.21
Spain,25-01-2020,9.5,5.5,7,11.6,10.3,34.6,11304.16
Spain,26-01-2020,11.6,2.8,6.1,0.3,16.3,38.9,32176.62
Spain,27-01-2020,8.6,1.6,5.1,0.7,17.7,38.5,0
Spain,28-01-2020,13,7.4,9.5,0,22.2,47.5,15123.93
Spain,29-01-2020,13,8.4,10.3,0.1,16.1,31.3,20942.39
Spain,30-01-2020,11.8,8.2,9.6,0.6,14.9,33.5,13476.8
Spain,31-01-2020,14.8,8.4,10.4,2.6,14.6,34.9,30305.4
Spain,01-02-2020,17,9.2,12.3,1.6,16.4,37.1,32400
Spain,02-02-2020,14.6,7,9.9,0,9.2,17.6,23277.55
Spain,03-02-2020,18.1,7,10.3,0,8,16.6,32441.94
Spain,04-02-2020,19.5,3.2,10.3,0,10.4,25.2,32586.3
Spain,05-02-2020,13.9,2.9,7.4,0,14.1,32.8,32816.88
Spain,06-02-2020,11.5,3.5,6.4,0,10.2,22.3,30095.78
Spain,07-02-2020,14,3.6,7.9,0,7.7,20.2,32672.06
Spain,08-02-2020,10.2,4,7.1,0.5,9.2,19.1,8392.82
Spain,09-02-2020,11.4,3.6,7.3,0,8.6,20.9,4899.92
Spain,10-02-2020,16.3,5.5,9.3,0,13,30.2,32929.5
Spain,11-02-2020,16.6,5,9.5,0,9.2,18,23885.22
Spain,12-02-2020,13.7,6.7,9.9,0,7.2,18.4,8470.41
Spain,13-02-2020,15.2,6.9,10.4,0,15.3,37.4,30303.95
Spain,14-02-2020,15,4.4,8.4,0,7.7,18.4,33752.15
Spain,15-02-2020,15.4,2.2,8.5,0,9.7,25.6,33460.98
Spain,16-02-2020,16.1,5.7,10.1,0,14.7,34.9,34853.04
Spain,17-02-2020,14.1,5,9.2,0,12.4,24.5,9927.32
Spain,18-02-2020,14.5,4.8,8.9,0,15.3,32,35519.95
Spain,19-02-2020,15.3,3.1,8.6,0,12,24.5,35725.67
Spain,20-02-2020,16.2,0.2,7.4,0,8.9,14.4,35885.51
Spain,21-02-2020,18.6,4.2,10.4,0,13.3,25.6,36045.13
Spain,22-02-2020,20.7,0.7,10.1,0,8.3,15.1,36204.41
Spain,23-02-2020,20.4,4.5,11.1,0,9.8,18.4,36363.42
Spain,24-02-2020,19.9,3.4,10.6,0,9.3,22.3,36523.43
Spain,25-02-2020,17.9,3.9,10.7,0,19,42.8,36008.91
Spain,26-02-2020,14.2,5.5,9.6,0,20.9,46.8,36846.95
Spain,27-02-2020,18.9,4.3,10.3,0,18.9,42.1,37010.17
Spain,28-02-2020,18.4,2.6,10.4,0,9.7,19.1,35586.88
Spain,29-02-2020,13.2,5.8,9.7,0,29.3,62.6,11420.35
Spain,01-03-2020,14,6.4,10.1,1.3,26.8,59,22766.38
Spain,02-03-2020,11.5,7.5,10.3,6,38.9,81,37669.67
Spain,03-03-2020,13.5,4.1,8,0,29,62.6,13191.21
Spain,04-03-2020,18.1,9.2,12.8,0,17.6,36.7,37001.6
Spain,05-03-2020,15.6,8.8,11.5,0.6,28.8,63,26252.05
Spain,06-03-2020,12,4.8,8.3,0,29.8,65.5,38070.87
Spain,07-03-2020,15.3,3.9,8.8,0,17.2,40,34564.56
Spain,08-03-2020,16,0.6,8,0,13.6,29.9,26599.25
Spain,09-03-2020,16.7,5.3,10.8,0,18.1,42.1,38829.88
Spain,10-03-2020,21.4,6.6,12.8,0,10.2,21.6,35463.97
Spain,11-03-2020,24.8,6.9,14.9,0,10.5,25.9,36928.89
Spain,12-03-2020,24.7,9.8,16.8,0,10.1,26.3,39196.48
Spain,13-03-2020,22.4,10.5,15.8,0,15.9,34.9,39262.12
Spain,14-03-2020,21.5,9.1,14.8,0,11.2,23.4,39327.38
Spain,15-03-2020,19.5,8.1,12.9,2.6,21.3,46.1,36195.73
Spain,16-03-2020,10.5,4.4,6.9,6,19.4,41.8,33624.25
Spain,17-03-2020,17.2,4.6,10.3,2,21.1,46.1,21387.23
Spain,18-03-2020,19.9,8.5,13.6,0,17.3,34.2,35710.63
Spain,19-03-2020,18.5,9,12.7,0.2,11.9,28.4,38187.56
Spain,20-03-2020,14.2,9.2,11.6,0.7,12,28.4,14823.48
Spain,21-03-2020,10.1,6.5,8.7,4.2,13.5,29.2,3074.49
Spain,22-03-2020,12.3,5.4,8.7,2.3,14.4,32.8,31809.73
Spain,23-03-2020,13.7,7.8,9.9,6.7,16.4,43.2,25675.47
Spain,24-03-2020,15.1,7.4,10.7,0.5,20.4,47.2,25233.43
Spain,25-03-2020,17.3,6.5,11.1,0.7,12.4,31.7,40159.6
Spain,26-03-2020,14.6,1,8.6,0,21.4,48.6,41045.45
Spain,27-03-2020,11.1,3.1,6.7,1.7,20.6,43.6,37423.84
Spain,28-03-2020,15.7,0.8,7.9,0,9.2,22.7,39229.46
Spain,29-03-2020,17.5,1.8,9.9,0,10.1,24.1,35607.31
Spain,30-03-2020,11.8,3,6.6,4.8,20.3,45,950.93
Spain,31-03-2020,9.1,1.7,4.8,21.6,22.9,46.8,4629.76
Spain,01-04-2020,12.8,5.4,8.7,4.1,11.7,28.4,27270.18
Spain,02-04-2020,14.5,1.4,8.2,1.3,13.4,36.4,41781.97
Spain,03-04-2020,16.5,1.5,9.2,0,10.2,20.2,42205.39
Spain,04-04-2020,18.1,3.7,10.7,0,17.9,40,34768.81
Spain,05-04-2020,19,6.2,13.1,0.3,14.6,34.2,31329.21
Spain,06-04-2020,17.6,11.5,13.8,1.8,15.3,34.6,24586.95
Spain,07-04-2020,18,10.8,13.6,10.6,10,29.2,27863
Spain,08-04-2020,20.1,11.4,15,2.3,8.7,17.3,41109.77
Spain,09-04-2020,16.9,10.8,13.2,4.2,10.5,25.9,17456.94
Spain,10-04-2020,15.1,11.3,13,11.7,8.2,23,6109.77
Spain,11-04-2020,18.3,11,13.7,4.1,7.9,23,24792.67
Spain,12-04-2020,19.1,10.5,14,2.5,10.5,25.6,40533.23
Spain,13-04-2020,17.2,8.5,12.5,2.1,8.4,21.2,42803.62
Spain,14-04-2020,17.5,8.9,12.4,4.4,13.8,34.6,43055.16
Spain,15-04-2020,16.2,10.2,12.3,17.7,16.2,52.9,26994.68
Spain,16-04-2020,18.3,9.1,12.7,12.7,25.8,65.5,35227.98
Spain,17-04-2020,16.4,10,12.7,1.3,17.7,45.7,23166.05
Spain,18-04-2020,19.5,8.4,14.2,1.5,7.7,19.4,36849.94
Spain,19-04-2020,17.7,9.9,13.5,2.2,11.5,29.9,43103.77
Spain,20-04-2020,17.2,6.6,12.1,0.2,19,44.6,44303.58
Spain,21-04-2020,16.3,7.4,11.5,2.9,17.3,38.9,16090.06
Spain,22-04-2020,18.8,7.4,13.6,0,9.7,19.1,27977.29
Spain,23-04-2020,19,11.1,14.7,0.8,10,23.8,40306.48
Spain,24-04-2020,20.9,11.5,15.8,0.2,10.6,25.2,43626.49
Spain,25-04-2020,21.9,11.1,15.4,5.7,12.6,31.3,38757.96
Spain,26-04-2020,19.3,10.3,14.3,0.4,22.1,49.3,39420.62
Spain,27-04-2020,16.4,9.2,12.5,0.7,20.6,46.4,36487.98
Spain,28-04-2020,16.5,7.3,11.5,0.5,19.1,41.8,44020.52
Spain,29-04-2020,18.2,5.2,11.8,0,27,58.7,36940.98
Spain,30-04-2020,17.4,10.1,13.8,0,20.6,45.7,38239.21
Spain,01-05-2020,20.9,9.5,14.5,0,19.9,45,45838.27
Spain,02-05-2020,24.2,9.8,16.9,0,16.7,38.9,45435.71
Spain,03-05-2020,27.9,11.3,19.1,0,7.9,20.9,46119.95
Spain,04-05-2020,28.3,14.6,20.3,0.4,24.5,56.2,30787.26
Spain,05-05-2020,22.2,11.4,17.1,0,15.5,36,45382.23
Spain,06-05-2020,23.9,7.8,16.2,0,8.9,23,46125.16
Spain,07-05-2020,25.9,12.6,19.2,0,15.8,32.8,32091.34
Spain,08-05-2020,25.8,13.2,19.3,1.7,10.7,27.4,46376.15
Spain,09-05-2020,21.5,12.7,17.3,0,18.8,42.8,47006.55
Spain,10-05-2020,18.1,9.7,14.1,1.6,20,44.3,46710.21
Spain,11-05-2020,18.6,10,14,1.8,21.2,50.8,39237.01
Spain,12-05-2020,15.4,10.7,12.5,9.9,13.5,28.8,0
Spain,13-05-2020,18.6,9.3,13.6,1.6,15.8,36,43736.77
Spain,14-05-2020,15.4,10.3,12.3,6.7,16.5,34.2,4516.27
Spain,15-05-2020,15.6,9.1,12.6,7.7,10.2,39.2,20478.26
Spain,16-05-2020,19.4,10.4,14.4,1.2,16.1,36.7,41496.37
Spain,17-05-2020,22.6,9.7,15.9,0,14.3,32.8,47735.29
Spain,18-05-2020,26.1,8.6,17.6,0,11.9,27.7,48851.54
Spain,19-05-2020,27.3,10.6,19,0,8.7,24.8,46222.61
Spain,20-05-2020,29.2,13.9,21,0,12.3,29.9,48968.81
Spain,21-05-2020,29.7,12.4,21.5,0,10.8,23.8,48830.6
Spain,22-05-2020,29.9,13.9,23.1,0,13,32.4,48844.8
Spain,23-05-2020,30.3,17.2,24,0,14.3,28.1,48566.91
Spain,24-05-2020,28.6,17.5,23,0,23.1,48.2,48765.71
Spain,25-05-2020,29,18,22.4,0.4,19.5,49,44107.56
Spain,26-05-2020,26.3,15.9,20.1,2.7,16.3,37.1,43465.41
Spain,27-05-2020,28.3,15.3,22,0.1,12.4,31.3,49230.27
Spain,28-05-2020,27.7,14.3,21,0,10.2,27.7,49260.8
Spain,29-05-2020,28.9,14,22,0,8.7,21.2,49289.56
Spain,30-05-2020,30.1,16.3,22.8,0,15,29.9,49316.52
Spain,31-05-2020,28.6,17.9,22.6,0.4,13.7,35.3,46176.31
Spain,01-06-2020,27.6,15.6,21.6,0,13.3,28.4,39668.98
Spain,02-06-2020,28.5,15.9,22.3,0,16.6,39.2,48324.47
Spain,03-06-2020,26.7,14.3,20.5,1.3,22.9,50,48383.39
Spain,04-06-2020,22.6,15.1,18.1,8.8,22.5,51.1,37775.61
Spain,05-06-2020,25.6,10.3,18.7,0,13.6,31.3,49438.18
Spain,06-06-2020,25.8,14.4,20.2,0,24.1,52.2,49451.45
Spain,07-06-2020,22,12.7,17.7,12.8,15.6,40,48276.23
Spain,08-06-2020,20.7,12.1,16.1,0,15.3,37.8,47699.96
Spain,09-06-2020,22.8,9.5,16.2,0,20.9,47.9,49582.73
Spain,10-06-2020,24.8,11.3,18,0,13.9,28.8,36988.09
Spain,11-06-2020,22.3,13.2,18.1,0.1,26.7,56.2,43855.54
Spain,12-06-2020,18.6,9.6,14.8,0,24.7,56.2,49491.58
Spain,13-06-2020,22.3,9.1,16.1,0,19.7,43.2,49492.07
Spain,14-06-2020,24.3,11.7,18.6,0,15.6,36.4,41887.02
Spain,15-06-2020,25.7,11.9,19.6,0,14.6,34.6,45972.88
Spain,16-06-2020,24.4,14.7,19.9,0,19,41.8,46367.52
Spain,17-06-2020,24.5,12.4,19.2,0,11.7,28.8,39413.97
Spain,18-06-2020,27,13,20.6,0,12.6,31.7,49470.49
Spain,19-06-2020,28.4,15,21.9,0,13.2,33.5,49646.09
Spain,20-06-2020,30.6,14.5,24,0,13.7,34.2,49635.57
Spain,21-06-2020,32.5,16.4,25.6,0,15.5,31.3,49719.12
Spain,22-06-2020,33.5,18.6,26.1,0,19.1,47.2,49706.47
Spain,23-06-2020,35.2,20.4,27.6,0,17.4,33.8,49499.07
Spain,24-06-2020,31.7,22.2,26.6,0.5,18.4,42.5,44200.31
Spain,25-06-2020,32.5,20.8,26.4,0,15.9,37.4,47755.52
Spain,26-06-2020,29.7,19,24.9,0,20.2,46.4,49356.32
Spain,27-06-2020,31.2,16.3,24.2,0,15.1,34.2,49419.08
Spain,28-06-2020,32.5,18.7,26.2,0,13.9,27.4,49589.52
Spain,29-06-2020,34.9,18.7,27.5,0,12.7,30.6,49660.87
Spain,30-06-2020,35.6,21.4,28.6,0,18.2,41.4,49633.32
Spain,01-07-2020,33.7,19.5,27.5,0,21.4,48.2,49507.57
Spain,02-07-2020,31.9,19.3,26.3,0,19.4,48.2,49381.22
Spain,03-07-2020,31,16.8,24.1,0,17.6,38.9,49541.35
Spain,04-07-2020,33.4,16.9,25.5,0,12.2,25.6,49507.88
Spain,05-07-2020,35.2,19.6,28,0,20.2,41.8,49378.93
Spain,06-07-2020,36.3,22.4,29.4,0,17.8,35.3,49250.52
Spain,07-07-2020,37.1,21.8,29.8,0,19.2,41,49399.86
Spain,08-07-2020,36.3,21.9,28.8,0.2,24.3,56.5,44787.35
Spain,09-07-2020,33.1,21.5,26.9,0.1,22.3,56.5,49052.59
Spain,10-07-2020,32.8,19.5,26.3,0,15.5,37.1,49010.21
Spain,11-07-2020,35.1,21.2,28.4,0,17.6,35.6,48892.75
Spain,12-07-2020,31.5,22,26.8,1.1,15.1,47.5,45281.17
Spain,13-07-2020,33.4,20.4,26.7,0,15.3,34.9,48879.31
Spain,14-07-2020,32.9,20.1,26.5,0,22.6,46.1,47957.73
Spain,15-07-2020,31.8,18.1,25.2,0.2,19.1,40.3,48660.67
Spain,16-07-2020,34.3,19.4,26.8,0,17.1,34.9,48305.94
Spain,17-07-2020,34.7,20.8,27.6,0,18.1,42.8,48624.66
Spain,18-07-2020,35.6,18.2,26.4,0,16.8,34.2,48730.7
Spain,19-07-2020,35.5,19.8,27.8,0,16.1,38.5,48513.62
Spain,20-07-2020,35.9,18.1,27.8,0,13.8,34.9,48305.13
Spain,21-07-2020,32.8,22.3,27.7,0.2,19.6,47.5,34889.53
Spain,22-07-2020,31.6,22.6,27.3,0,18.3,47.9,46800
Spain,23-07-2020,35.2,20.2,28.1,0,10.2,24.1,47749.43
Spain,24-07-2020,35.7,22.7,29.5,0,18.8,40,47399.63
Spain,25-07-2020,36.2,22.1,29.3,0,20.4,47.2,47723.88
Spain,26-07-2020,37.6,21.4,30.2,0,14.8,34.2,47602.46
Spain,27-07-2020,38.2,23,30.7,0,14.5,35.3,47485.48
Spain,28-07-2020,34.8,23,29.6,0,12,25.6,47475.02
Spain,29-07-2020,36.8,23.9,30.5,0,15.5,31,47265.72
Spain,30-07-2020,37.4,24,30.5,0,23.8,54,47163.27
Spain,31-07-2020,37.4,19.6,29.4,0,17.3,38.2,47252.27
Spain,01-08-2020,37.2,19.8,29.1,0,16.6,40,47154.32
Spain,02-08-2020,35.2,20.9,27.9,0,15.6,38.2,43461.77
Spain,03-08-2020,32.4,20,26,0,16.7,38.5,46784.94
Spain,04-08-2020,32,18.2,25.3,0,16.3,35.6,46814.07
Spain,05-08-2020,35.4,20.2,28,0,16.3,32.8,46749.72
Spain,06-08-2020,36.6,23.3,29.6,0,15.1,30.2,46585.6
Spain,07-08-2020,37.2,23.7,30.6,0,11.8,31.3,46544.75
Spain,08-08-2020,34.6,23.3,29.4,0,20.3,45.4,37361.32
Spain,09-08-2020,36.8,22.9,29.9,0,18.5,47.9,46372.55
Spain,10-08-2020,32.3,22.3,27.5,0,21.9,52.2,42989.18
Spain,11-08-2020,26.7,18.3,22.2,15.4,13.9,37.1,3954.19
Spain,12-08-2020,26.7,15.2,20.8,7.2,15.8,38.9,46147.94
Spain,13-08-2020,29.2,15.9,22.9,0,11.6,28.4,46070.86
Spain,14-08-2020,31.3,17,24,0,16.4,38.9,45992.79
Spain,15-08-2020,27.7,14.4,21.5,0,19.1,43.6,45913.82
Spain,16-08-2020,26.7,14.1,20.9,0,15.3,35.6,45834.02
Spain,17-08-2020,27.9,14.4,21.4,0,18.1,39.6,45753.46
Spain,18-08-2020,30,17.1,23.6,0,13.9,33.5,45605.86
Spain,19-08-2020,31.5,16.5,24.6,0,19,43.6,45590.33
Spain,20-08-2020,32.2,16.7,24.3,0,16.7,39.6,45507.9
Spain,21-08-2020,30.9,18.1,24.2,0,20,46.4,45424.63
Spain,22-08-2020,31.9,17.1,24.8,0,11.8,24.8,45293.12
Spain,23-08-2020,32.3,18.3,25.2,0,15.2,35.3,45151.98
Spain,24-08-2020,32.9,19.8,26.1,0,17.1,39.2,45009.38
Spain,25-08-2020,35,19.3,26.8,0,9.8,26.6,44865.42
Spain,26-08-2020,35.7,19,27.6,0,12.7,31.7,44720.22
Spain,27-08-2020,35.6,18.7,27.9,0,11.9,24.8,43932.17
Spain,28-08-2020,31.8,21.1,26.9,0,17.7,40.7,44202.02
Spain,29-08-2020,23.1,15.5,19.3,0,21.3,51.1,43559.16
Spain,30-08-2020,24.1,10.4,17.2,0,14.4,33.5,43381.42
Spain,31-08-2020,24.6,11.3,18,0,14.8,32,43007.67
Spain,01-09-2020,27,13,19.7,0,8,23.4,28233.33
Spain,02-09-2020,28.8,15.4,21.4,0,19.1,37.8,43070.81
Spain,03-09-2020,31.1,15.9,23.3,0,16.1,31.7,42825.45
Spain,04-09-2020,31.6,16.7,24,0,9.2,22,42679.46
Spain,05-09-2020,32.9,16.2,25,0,9.9,21.2,42542.6
Spain,06-09-2020,32.4,18.2,25.4,0,18.6,40.7,42321.57
Spain,07-09-2020,26.6,14.5,21,0,19.3,38.9,42299.33
Spain,08-09-2020,26.4,12.9,19.3,0,20.7,41.8,42209.21
Spain,09-09-2020,28.3,13.8,20.8,0,9,22.3,42152.89
Spain,10-09-2020,29.6,16.8,23.3,0,17.3,40.7,42096.47
Spain,11-09-2020,30.9,17.6,24.1,0,13.6,30.6,42039.92
Spain,12-09-2020,32.3,18.2,25,0,16.8,34.9,41983.22
Spain,13-09-2020,32.3,19,25.3,0,14.9,33.1,41926.35
Spain,14-09-2020,30.2,18.9,24.1,0.4,21.4,47.9,38119.25
Spain,15-09-2020,27.9,18.1,22.7,3,13.4,31.7,40852.39
Spain,16-09-2020,29.6,16.2,22.8,0,10.3,25.9,41524.52
Spain,17-09-2020,25.8,18.5,21.4,10.8,14.6,36,29508.14
Spain,18-09-2020,21.3,14.8,17.3,33.8,14.6,45,7948.79
Spain,19-09-2020,19.8,14.9,16.7,8.7,22.9,52.9,25085.51
Spain,20-09-2020,21.5,14.8,17.7,0.7,15.8,38.5,29605.35
Spain,21-09-2020,23,12.3,17.4,0,9.2,22.3,39936.33
Spain,22-09-2020,23.7,11.7,17.8,0,15.3,33.8,39703.11
Spain,23-09-2020,22.7,14.3,17.9,2.1,18.5,42.5,35085.28
Spain,24-09-2020,21.2,15.3,17.6,1.8,20.3,43.6,25512.83
Spain,25-09-2020,18.4,11.5,14.5,0,18.7,43.9,39375.69
Spain,26-09-2020,20.4,9.2,14.3,0,16.1,36.7,39378.38
Spain,27-09-2020,21.5,11.6,16.6,0,16.5,37.8,38602.18
Spain,28-09-2020,22.5,6.1,14.1,0,7.1,16.9,39365.23
Spain,29-09-2020,25,10.3,17,0,8.8,18,39139.61
Spain,30-09-2020,25.8,10.8,17.1,0,12.5,28.8,38715.66
Spain,01-10-2020,23.1,10.7,16.9,0,18.9,42.5,38603.64
Spain,02-10-2020,15.2,10.1,13.1,6.7,30.6,70.2,22344.14
Spain,03-10-2020,17.7,8,11.9,0,20.4,45.7,38098.62
Spain,04-10-2020,18.4,6.9,11.9,0.1,23.7,52.6,22179.4
Spain,05-10-2020,19.1,8.9,13.3,0,14,33.1,37755.87
Spain,06-10-2020,25.6,10.3,17.1,0,13.3,33.8,37206.47
Spain,07-10-2020,25.3,9.1,17.5,0,11.2,21.2,37170.88
Spain,08-10-2020,25.5,12.5,18,0,10.7,20.5,36002.86
Spain,09-10-2020,26.4,11.8,18,0,9.4,21.2,36440.78
Spain,10-10-2020,24.7,13,17.8,0,17.1,38.5,36367.63
Spain,11-10-2020,20.2,6.5,13,0,16.2,36,36265.12
Spain,12-10-2020,19.3,5.6,12,0,13,25.2,36274.49
Spain,13-10-2020,23.9,8.9,15.8,0,16.4,39.2,36137.75
Spain,14-10-2020,18.2,9.8,13.3,0,18.8,43.6,36039.27
Spain,15-10-2020,17.4,5,11.2,0,17.2,39.2,36002.5
Spain,16-10-2020,16,3,9.2,0,9.2,27,36000
Spain,17-10-2020,18.3,3.9,10.5,0,8.2,24.1,36000
Spain,18-10-2020,21,6,12.5,0,7.4,17.6,36000
Spain,19-10-2020,23.4,8.2,15.2,0,19.4,38.5,32400
Spain,20-10-2020,19.8,12.9,15.7,37.8,26.7,53.6,0
Spain,21-10-2020,17.6,12.5,14.5,7.3,27.8,87.8,18446.6
Spain,22-10-2020,16,12.1,13.6,15.8,10.3,30.6,11758.9
Spain,23-10-2020,15.3,7.5,11.5,2.4,15.5,37.8,32618.22
Spain,24-10-2020,16,5.7,10,0,16.1,34.6,34320.49
Spain,25-10-2020,13.7,8.6,11,7.6,26.7,58.3,0
Spain,26-10-2020,13.5,6.3,9.4,0,15.8,37.1,35110.02
Spain,27-10-2020,14.6,4.4,8.8,1,15.2,34.9,34953.36
Spain,28-10-2020,15.1,7.3,10.2,0.4,9.5,19.4,12323.2
Spain,29-10-2020,16.7,7.2,11.1,0,6.9,17.3,20122.18
Spain,30-10-2020,19.7,5.9,11.7,0,9.7,19.1,34487.2
Spain,31-10-2020,21.5,6.6,13.2,0,9.5,23,34333.61
Spain,01-11-2020,20.3,7.9,13,0,9.1,15.1,33416.71
Spain,02-11-2020,19,8.4,13.6,0,6.9,15.1,30311.47
Spain,03-11-2020,15.3,11.1,13.2,8.2,18.4,36.7,0
Spain,04-11-2020,11.3,8.5,9.7,6.2,20.4,42.8,7609.56
Spain,05-11-2020,13.5,8.5,10.7,23.6,22.7,64.1,0
Spain,06-11-2020,19.8,10.8,14.4,3,21.7,47.9,26436.76
Spain,07-11-2020,14.7,8,12.5,14.5,19.4,44.3,18025.06
Spain,08-11-2020,15.4,8.1,11.1,0,8.8,22.7,16164.44
Spain,09-11-2020,15.7,9.8,11.6,2.5,7.9,14.8,21396.65
Spain,10-11-2020,16.5,5.1,10.4,0,8.9,17.6,32888.12
Spain,11-11-2020,15.7,5,9.7,0,8.4,16.9,32752.93
Spain,12-11-2020,14.8,7.1,9.8,0,7.7,15.5,18500.67
Spain,13-11-2020,14.9,6.8,10,0,8.9,19.4,24213.09
Spain,14-11-2020,13.1,7.9,10.7,2.1,7,12.6,0
Spain,15-11-2020,16.3,11,13.2,0.5,17.3,37.1,2231.22
Spain,16-11-2020,18.4,9.6,14.1,0,9.8,19.1,30880.24
Spain,17-11-2020,17.9,6.3,11.5,0,8.8,16.2,31969.46
Spain,18-11-2020,16.4,7.7,10.7,0,7.4,18,30895.86
Spain,19-11-2020,20.8,6.5,12.3,0,13.2,25.6,31722.98
Spain,20-11-2020,16.7,5.2,9.8,0,12.3,25.2,31603.32
Spain,21-11-2020,14.9,4.7,8.2,0,11.7,28.1,31486.29
Spain,22-11-2020,14.2,2.7,7.7,0,8.4,13.7,31372.1
Spain,23-11-2020,15.4,2.5,7.9,0,9.8,14.4,30806.09
Spain,24-11-2020,12.5,1.1,6.6,0,9.4,15.5,29849.3
Spain,25-11-2020,12.8,3.8,8.2,3.4,10.7,24.1,11645
Spain,26-11-2020,10.7,7.8,9.5,21.4,15.5,49,862.3
Spain,27-11-2020,11.3,8.2,9.4,8.3,17.6,36.7,1978.89
Spain,28-11-2020,12.2,6.3,9.2,0.4,13.7,26.6,23119.47
Spain,29-11-2020,12.9,5.8,8.3,0,13.3,29.9,27444.67
Spain,30-11-2020,14.8,5.8,8.8,0,9.4,23.4,29632.65
Spain,01-12-2020,15.4,2.8,8.4,0,14.5,28.4,29695.79
Spain,02-12-2020,12,2.6,8,0,16,32,29920.63
Spain,03-12-2020,8.7,-1.5,3.3,0,17.8,38.2,29281.85
Spain,04-12-2020,7.7,2.2,5.4,2.9,21.7,56.2,29472.02
Spain,05-12-2020,7.9,1.5,4.1,0,21.6,46.4,29383.33
Spain,06-12-2020,8.4,2.6,4.9,0,20.1,44.6,28807.95
Spain,07-12-2020,10.1,3.5,7,3.8,24.7,64.4,11583.83
Spain,08-12-2020,9.3,3.7,6.8,3,29.3,62.6,29559.83
Spain,09-12-2020,9.8,2.3,4.7,0,15.4,35.6,29189.85
Spain,10-12-2020,14.3,2.6,8.4,1.9,22.4,45,9351.89
Spain,11-12-2020,16.5,9.5,12.8,5.8,24.6,72.4,11633.76
Spain,12-12-2020,13.9,7.6,10.9,0,22.3,46.4,29682.39
Spain,13-12-2020,12.6,2.6,7.9,0,8.7,16.6,25078.07
Spain,14-12-2020,11.3,9,10,4.7,10.5,23.8,4487.08
Spain,15-12-2020,10.6,4.2,8.3,0.7,18.4,37.1,28588.5
Spain,16-12-2020,10.1,3.6,6.9,3,10.4,23.4,854.79
Spain,17-12-2020,13.5,5.3,9.2,0.1,7.9,19.1,28617.7
Spain,18-12-2020,10,2.6,6.4,0,7.4,17.6,8265.9
Spain,19-12-2020,8.7,7.4,8.1,10.1,11.6,24.8,0
Spain,20-12-2020,11.4,2.8,6.5,0,8.6,17.3,29638.4
Spain,21-12-2020,9.7,3.9,6.6,0.9,6.4,13.3,1706
Spain,22-12-2020,11.4,5.5,8.3,0,5.4,14,6220.14
Spain,23-12-2020,10.6,5.3,7.9,0,13.4,28.8,10847.24
Spain,24-12-2020,11.6,5.4,8.3,1.6,8.1,16.9,12806.88
Spain,25-12-2020,8.6,-0.5,3.8,0,17.4,38.2,29680.32
Spain,26-12-2020,8.6,-1.9,2.2,0,13.9,27,29702.08
Spain,27-12-2020,5.3,-3.1,0.6,0,24.9,52.6,26074.85
Spain,28-12-2020,8.9,1.8,5.8,2.8,27.7,61.6,29758.5
Spain,29-12-2020,7.4,0.7,3.3,0.8,19.4,49,29473.72
Spain,30-12-2020,9.2,1.5,3.8,0,16.4,33.8,29831.72
Spain,31-12-2020,6.7,-2.2,1.8,2,17.8,37.8,28195.33
Spain,01-01-2021,6.5,2.7,3.9,3.1,22.5,49.7,25358.37
Spain,02-01-2021,4.5,-2.1,1.7,0,20.1,43.2,29022.64
Spain,03-01-2021,7.9,-2.4,1.5,0.1,13,26.3,30026.38
Spain,04-01-2021,6.6,-1.2,1.8,0.2,11.6,33.1,30084.68
Spain,05-01-2021,5.1,-3.5,0.2,0,8.9,16.6,30146.67
Spain,06-01-2021,6.5,-4.4,0.1,0,11.3,20.5,29622.65
Spain,07-01-2021,3.7,-1.2,0.8,1.8,13.3,28.1,3099.49
Spain,08-01-2021,2.3,-1.3,0.8,11.7,22.7,46.1,0
Spain,09-01-2021,0.9,-0.6,0.2,31.3,26.3,54,0
Spain,10-01-2021,5.1,-2.3,1.9,0.5,17.1,36.7,28282.87
Spain,11-01-2021,6.8,-4,0.5,0,11.8,28.8,30600.23
Spain,12-01-2021,6.2,-5.8,-1.1,0,11.7,18.4,30690.48
Spain,13-01-2021,5.8,-5.7,-1.1,0,9.6,16.6,30784.54
Spain,14-01-2021,6.6,-7.8,-1.9,0,12.4,16.9,30882.25
Spain,15-01-2021,8.8,-6.2,-0.4,0,11.5,16.6,30983.4
Spain,16-01-2021,10.4,-5,0.6,0,12.4,15.5,31087.82
Spain,17-01-2021,6.8,-5.8,-0.6,0,9.5,13.7,31195.32
Spain,18-01-2021,9.9,-5.6,0.5,0,11.4,16.9,31305.7
Spain,19-01-2021,7,-3.6,0.7,0,9,18,30022.65
Spain,20-01-2021,7,-3.6,2.9,5.7,18.4,37.1,3600
Spain,21-01-2021,10.6,6.4,8.1,0.6,25.2,53.6,3149
Spain,22-01-2021,10.1,4,8.1,4.9,36.5,93.2,23301.44
Spain,23-01-2021,8.7,2.6,5.6,1.7,28,62.3,2446.25
Spain,24-01-2021,12.2,6.5,9.1,0,19.1,42.8,28741.17
Spain,25-01-2021,12.4,6.5,9.8,2,23.1,50.4,364.95
Spain,26-01-2021,15.3,9.3,11.6,1.2,15.9,34.2,17846.18
Spain,27-01-2021,18.7,9.9,13.5,0,14.4,33.8,32322.75
Spain,28-01-2021,14.7,7.3,9.9,0,7.5,16.2,27275.7
Spain,29-01-2021,14.3,6.1,9,0,13.3,25.2,28018.18
Spain,30-01-2021,12.6,9.2,10.6,3.5,26,63.4,32400
Spain,31-01-2021,14.7,6.9,9.9,0.3,24.4,55.8,24992.59
Spain,01-02-2021,15.6,7.3,11,0,22.1,46.4,28574.57
Spain,02-02-2021,12.5,6.7,9.3,0,16.8,38.2,8685.7
Spain,03-02-2021,10.9,8.6,9.7,2.3,16.4,34.6,0
Spain,04-02-2021,13.3,9.2,10.6,1.5,10.6,26.6,21038.61
Spain,05-02-2021,16.3,7.9,10.9,10.2,14.6,46.8,32400
Spain,06-02-2021,11.3,5.8,8.3,9.8,9.7,22.7,14679.32
Spain,07-02-2021,11.5,1.9,7.1,0.9,19.1,40.7,25592.24
Spain,08-02-2021,10.4,5.4,7.5,8.5,21.8,54.7,30309.53
Spain,09-02-2021,9.1,5.6,7.2,17.2,28.6,73.1,3600
Spain,10-02-2021,13.5,4.5,8.6,4.4,30.1,64.8,33197.18
Spain,11-02-2021,12.9,4.8,9.2,0.7,15.5,34.6,7927.75
Spain,12-02-2021,14.4,6.5,11.1,1.7,20.9,45.4,32322.48
Spain,13-02-2021,16.8,2.2,8.7,0,12.5,23.4,34338.97
Spain,14-02-2021,15.1,2.6,8.2,0,8.4,20.9,33601.01
Spain,15-02-2021,14.6,5,8.3,0,11.3,26.3,34122.34
Spain,16-02-2021,14.5,3.3,8.1,0,12.8,29.5,33109.4
Spain,17-02-2021,15.6,3.7,9.2,0,9.9,23.8,33234.13
Spain,18-02-2021,15.2,4.1,9.3,0,20.5,44.6,33189.63
Spain,19-02-2021,16.4,2.2,9.2,0,12.4,29.9,35831.79
Spain,20-02-2021,17.5,4.3,10.2,0,16.8,37.4,34537.18
Spain,21-02-2021,11.6,6.8,9.3,6.4,19.7,40.7,297.06
Spain,22-02-2021,11.5,5.5,7.6,1.8,18,37.1,22584.66
Spain,23-02-2021,13.5,2.1,7.1,0,10.3,24.8,36481.79
Spain,24-02-2021,15.8,3.1,8.6,0,15,33.5,36645.69
Spain,25-02-2021,13.3,6,9.3,0,12.5,27.4,24575.58
Spain,26-02-2021,16,5.9,10.6,0,10.6,25.6,35417.57
Spain,27-02-2021,18.6,5.4,11.7,0,12.4,25.9,36890.37
Spain,28-02-2021,14.4,3.7,9.3,0,15.2,33.1,34841.7
Spain,01-03-2021,9.9,5.9,8.1,5.5,12.6,37.1,2323.47
Spain,02-03-2021,14.5,5.7,9.7,0.1,8.4,22.3,28644.47
Spain,03-03-2021,16,4.3,9.9,0,8.4,23.4,37390.76
Spain,04-03-2021,15.3,5.2,9.3,0,8.4,20.9,37967.04
Spain,05-03-2021,15.2,6.7,10.1,0.9,12.6,28.8,27216
Spain,06-03-2021,15.3,7.3,11,0,10.7,23.4,38295.55
Spain,07-03-2021,14.3,7,9.9,1.3,7.1,18.7,36439.89
Spain,08-03-2021,11.9,4.7,7.5,4.2,13.5,34.9,35753.26
Spain,09-03-2021,12.6,3.2,7.9,0.3,13.1,29.9,34023.87
Spain,10-03-2021,15,-1.5,6.3,0,9.7,23.8,38945.41
Spain,11-03-2021,17.3,4.2,9.9,0,17.8,38.9,39108.3
Spain,12-03-2021,14.6,6.1,9.8,0,17.6,41.4,36879.68
Spain,13-03-2021,15.5,0.4,7.9,0,12.8,32.4,39245.03
Spain,14-03-2021,15.5,3.6,8.9,0,15.5,37.8,39310.45
Spain,15-03-2021,17.3,2.9,9.4,0,11.3,22.7,39375.56
Spain,16-03-2021,18.6,3.9,10.6,0,20.4,41.4,39440.36
Spain,17-03-2021,18.9,6.6,11.7,0,20.7,47.5,39504.85
Spain,18-03-2021,12.5,2.7,7.9,0,20.3,46.1,39663.45
Spain,19-03-2021,11.7,2.8,6.3,0.5,21.2,46.8,14694.37
Spain,20-03-2021,11.4,2.1,6.2,0,23.5,51.8,39842.02
Spain,21-03-2021,15.3,-0.5,6.8,0,14,33.8,39683.61
Spain,22-03-2021,16.8,2,8.4,0,11,20.9,39763.27
Spain,23-03-2021,18.2,1.6,9.6,0,9.4,18,40227.34
Spain,24-03-2021,19.7,1.4,10.8,0,9.7,26.3,40444.62
Spain,25-03-2021,19.9,3.3,11.6,0,13,29.9,40470.17
Spain,26-03-2021,17.9,6,11.8,0,19.2,45.4,36000
Spain,27-03-2021,19,6.8,12.1,0,18.9,40.7,40850.43
Spain,28-03-2021,21.3,6.4,13.3,0,14.4,31.3,40996.04
Spain,29-03-2021,22.2,7.4,14.5,0,21.9,48.2,36150.95
Spain,30-03-2021,22.4,9.1,15.4,0.5,17.2,37.1,41329.94
Spain,31-03-2021,23.5,8.2,15.5,0,13.9,32.4,41653.68
Spain,01-04-2021,21.8,11,15.9,0.1,16,34.9,37243.09
Spain,02-04-2021,15.5,10.4,12.9,3.7,12.4,28.1,23847.5
Spain,03-04-2021,20.4,7.3,12.9,0.9,19.3,41,37664.17
Spain,04-04-2021,20,6.5,13.2,0,14.6,33.8,42278.82
Spain,05-04-2021,21.2,6.5,13.6,0,16.4,31.3,42468.23
Spain,06-04-2021,22.9,4.3,13.6,0,13.9,31.3,42663.13
Spain,07-04-2021,19.9,4.4,12.2,0,17.7,38.9,42230.42
Spain,08-04-2021,18,8.1,12.2,0.1,12.1,26.6,21965.65
Spain,09-04-2021,14,8.7,11,8,11.2,26.6,6846.86
Spain,10-04-2021,17.5,8.3,12.1,4.9,12,33.1,41971.95
Spain,11-04-2021,16.9,9.6,12.4,10.4,13.2,32.4,36350.94
Spain,12-04-2021,17.1,4.1,10.4,0,14.7,34.9,42696.58
Spain,13-04-2021,14.1,8.1,10.9,2.5,13.3,30.6,5862.62
Spain,14-04-2021,19.7,8.7,13.5,6.9,13.3,29.2,42361.3
Spain,15-04-2021,16.3,10.3,12.9,0.7,14,27.7,12307.5
Spain,16-04-2021,17.6,7.8,11.8,0,18.2,41.8,38092.4
Spain,17-04-2021,17.2,2.7,9.5,0,18.8,42.1,44941.52
Spain,18-04-2021,18.6,2.3,10.1,0,10.2,22.3,43276.77
Spain,19-04-2021,20.1,5,12.4,0.4,14.9,34.6,41207.03
Spain,20-04-2021,18.5,8,12.6,2.2,14.4,33.8,39003.88
Spain,21-04-2021,17.9,8.5,12.4,1.1,17.1,38.2,23459.73
Spain,22-04-2021,17,9.7,12.4,9.8,6,21.2,26787.31
Spain,23-04-2021,17.5,9,13.2,0.3,19.9,43.6,12194.04
Spain,24-04-2021,18.9,9.5,13.4,2.2,16.6,36.7,27236.25
Spain,25-04-2021,15.7,10.6,12.3,5.5,12.9,31.3,18585.16
Spain,26-04-2021,18.6,8.7,13.5,2.2,8.3,27,43200
Spain,27-04-2021,18.5,9.1,13.6,3.7,11.2,25.9,41143.02
Spain,28-04-2021,17.7,8.8,13.3,2.1,18.2,45.4,40886.11
Spain,29-04-2021,16,9.5,12.6,0.6,23.6,52.6,41200.09
Spain,30-04-2021,16.8,6.8,11.3,1.2,15,36,41800.94
Spain,01-05-2021,15.7,7,11.6,0.6,12.4,32.8,40520.78
Spain,02-05-2021,16.9,8,12.4,0.4,17,34.9,37039.6
Spain,03-05-2021,16.7,8.8,12,6.8,14.2,37.1,23126.32
Spain,04-05-2021,21.4,6.3,13.9,0,10.6,24.8,46457.25
Spain,05-05-2021,23.4,9.5,16.5,0,12.8,26.6,46622.82
Spain,06-05-2021,24.4,8.5,17.1,0,15.8,35.6,46687.18
Spain,07-05-2021,26.2,11.3,18.8,0,11.8,25.2,46859.38
Spain,08-05-2021,27.7,10.8,19.8,0,19.6,43.9,43453.17
Spain,09-05-2021,19.2,10.2,15.2,7,26.8,63,23918.32
Spain,10-05-2021,16.3,7.4,10.9,0.7,26.9,57.6,40081.66
Spain,11-05-2021,16.9,6.1,11.2,0,19.6,45.4,47230.57
Spain,12-05-2021,19.6,9.9,13.8,0.5,22.9,51.8,46371.42
Spain,13-05-2021,19.5,7.8,13.5,0.3,22.7,48.6,40028.36
Spain,14-05-2021,23.2,10.6,16.1,0,17.3,39.6,47671.85
Spain,15-05-2021,26.3,9.2,17.6,0,20.6,44.3,43379.7
Spain,16-05-2021,25.8,12.1,19.1,0,17.8,42.8,47930.98
Spain,17-05-2021,25.4,11.4,18.7,0,11.8,24.1,47859.25
Spain,18-05-2021,27.1,10.4,19.3,0,17.7,41.8,48740.62
Spain,19-05-2021,25.4,10.4,18.2,0,11.8,27,47685.38
Spain,20-05-2021,27.4,11.6,19.7,0,14,29.5,48960.12
Spain,21-05-2021,28.5,12.7,21.5,0,16.8,39.6,45843.61
Spain,22-05-2021,20.6,13.2,16.7,0,15.6,37.1,26742.39
Spain,23-05-2021,20.2,12.1,14.9,1.4,20.4,44.6,40745.55
Spain,24-05-2021,21.2,7.1,15.2,0,12.2,31.3,38520.65
Spain,25-05-2021,25.2,10.5,17.8,0,18.6,40.3,49159.4
Spain,26-05-2021,25.3,13.3,19.2,0,13.1,29.5,41643.6
Spain,27-05-2021,27.3,14,21,0,13.8,29.5,35564.79
Spain,28-05-2021,25.6,15.8,20.5,4.5,12.6,34.2,35718.73
Spain,29-05-2021,29.7,14.8,22.5,0,10.5,23,49285.52
Spain,30-05-2021,30.2,17.1,23.6,0,23.7,48.6,47616.01
Spain,31-05-2021,30,18.2,23.8,0,15.6,42.1,47432.72
Spain,01-06-2021,23.1,15.5,19.2,5,15.4,40.7,46671.34
Spain,02-06-2021,26.3,11.4,18.5,0,10.8,31,49380.51
Spain,03-06-2021,27.3,14.8,21,0,12.7,31.7,48483.55
Spain,04-06-2021,27.1,14.7,21.3,0,16.3,31,49416.73
Spain,05-06-2021,22.2,16.3,19,4.1,19.9,40.3,25123.39
Spain,06-06-2021,28.3,11.7,20.3,0,10.1,25.2,49286.59
Spain,07-06-2021,30.8,16.4,23.9,0,13.2,27.7,49457.52
Spain,08-06-2021,32.4,17.8,25.1,0,16.9,37.8,49467.6
Spain,09-06-2021,33.3,14.8,25.7,0,16.2,38.9,49500.04
Spain,10-06-2021,33.1,19.4,26.4,0,19.7,42.5,49584.82
Spain,11-06-2021,32.1,19.2,24.9,0.7,20.4,44.3,42335.82
Spain,12-06-2021,31.3,17.2,24.4,0.1,19.6,39.6,49491.09
Spain,13-06-2021,32.2,18.8,25.2,0.1,16.6,47.9,46991.12
Spain,14-06-2021,30.9,18.6,25.4,0.1,12.4,34.6,46888.32
Spain,15-06-2021,32.2,20.9,26.1,0.5,18.6,42.1,42001.34
Spain,16-06-2021,30.9,19.3,24.3,2.7,14.1,34.2,45460.37
Spain,17-06-2021,22.1,15.7,18.7,4.7,17.6,45,38104.23
Spain,18-06-2021,24.1,14,18.7,0.6,20.5,49.3,44804.11
Spain,19-06-2021,24,12.4,18.5,0,14.5,34.2,47090.66
Spain,20-06-2021,19.3,14.3,16.3,2,26.3,57.6,30822.48
Spain,21-06-2021,21.4,10.6,16.3,0.2,22.6,50,49446.82
Spain,22-06-2021,22.1,12.9,17.1,1.7,15.5,36.7,39765.45
Spain,23-06-2021,24.6,13.2,18.3,0,16.6,40.3,48939.8
Spain,24-06-2021,27.6,13.5,20.5,0,17.6,36.7,49774.93
Spain,25-06-2021,30.6,16.3,23,0,15.8,31,49379.18
Spain,26-06-2021,31.1,17.2,24.9,0,23.6,53.6,49358.15
Spain,27-06-2021,28.6,15.1,22.4,0,25.7,56.5,49335.63
Spain,28-06-2021,26.6,13.8,20.9,0,14.9,30.2,49688.61
Spain,29-06-2021,29,12.9,21.8,0,11.8,24.1,49663.11
Spain,30-06-2021,31.5,16.7,24.1,0,18.4,40.3,49733.29
Spain,01-07-2021,32,15.6,25,0,17.6,42.8,49607.84
Spain,02-07-2021,32.5,16.3,25.2,0,19.9,46.1,49578.27
Spain,03-07-2021,31.3,17.4,24.9,0,23.5,52.2,48287.03
Spain,04-07-2021,31.1,16.5,24.8,0,17.4,37.8,49515.55
Spain,05-07-2021,32.4,17.4,25.5,0,26.4,57.2,49482.54
Spain,06-07-2021,24,18,20.4,0.9,17.2,38.5,6623.62
Spain,07-07-2021,27,13.3,19.7,0,22,48.6,49413.44
Spain,08-07-2021,29.1,14.4,21.4,0,14.3,33.8,49376.78
Spain,09-07-2021,32.9,17.4,24.9,0,15.3,31.7,49248.17
Spain,10-07-2021,35.9,18.7,27.7,0,12.3,30.6,49209.3
Spain,11-07-2021,38.6,19.9,29.2,0,26.7,64.4,49088.26
Spain,12-07-2021,29.5,17.9,23.9,0,22,50.8,49126.82
Spain,13-07-2021,27,13.4,20.5,0,15.2,44.3,48818
Spain,14-07-2021,28.9,14.8,22,0,13.8,31,48775.7
Spain,15-07-2021,31.3,16.5,24.1,0,20.9,42.1,48912.25
Spain,16-07-2021,34.6,19,26.7,0,17.9,35.3,48866.67
Spain,17-07-2021,36.9,20.3,28.9,0,14,27.7,48744.88
Spain,18-07-2021,35.2,20.7,28.5,0,21.3,48.6,48734.76
Spain,19-07-2021,35.9,19.6,27.8,0,10.1,28.8,48447.23
Spain,20-07-2021,34.5,20.4,27.8,0,16.6,40,48374.36
Spain,21-07-2021,35.9,18.9,28.2,0,10.5,26.3,48171.11
Spain,22-07-2021,36.1,21.3,28.8,0,14.5,37.1,48155.7
Spain,23-07-2021,32.1,18.6,26.6,0,26.4,59.8,47792.69
Spain,24-07-2021,31.3,17.4,24.6,0,14.3,36.7,47852.77
Spain,25-07-2021,30.4,16.8,24.2,0,15.8,39.2,46441.02
Spain,26-07-2021,29.7,15.8,23.5,0.4,11.3,29.2,47389.53
Spain,27-07-2021,32.9,18.4,25.9,0,18.9,42.8,47382.99
Spain,28-07-2021,34.2,19.9,27.1,0,15.5,37.8,47375.73
Spain,29-07-2021,34.4,20.6,27.9,0,17.8,42.1,47367.62
Spain,30-07-2021,33,18.6,26.6,0,19.4,42.1,47358.69
Spain,31-07-2021,25.6,16.7,21,2.5,23.1,53.3,47160.57
Spain,01-08-2021,26.3,13.9,19.9,0,14.1,28.8,47064.87
Spain,02-08-2021,29.1,16.1,22.4,0,12.9,30.2,47062.56
Spain,03-08-2021,31.7,16.6,24.5,0,15.5,35.6,44097.51
Spain,04-08-2021,30.7,20.1,25.2,0,12.6,34.9,46825.29
Spain,05-08-2021,34.8,17,26.4,0,12.3,32.8,46761.11
Spain,06-08-2021,32.4,17.8,25.5,0,22,50.4,46694.91
Spain,07-08-2021,29.3,17.2,23.4,0,12.2,33.8,46556.4
Spain,08-08-2021,30.4,16,23.4,0,13.6,32,46458.27
Spain,09-08-2021,33.1,17.8,25.2,0,11,27,46386.82
Spain,10-08-2021,34.8,21.3,28,0,13.4,32.4,46314.29
Spain,11-08-2021,37.9,22,29.2,0,12,36.4,44833.32
Spain,12-08-2021,36.8,23.6,29.7,0,18.5,42.8,46166.27
Spain,13-08-2021,40.4,21.2,30.9,0,19.7,47.9,46090.9
Spain,14-08-2021,40.3,23.4,32.3,0,22.9,55.4,46014.7
Spain,15-08-2021,39.6,22,30.9,0,29.5,64.1,45937.74
Spain,16-08-2021,36.2,20,28.2,0,18,39.2,45859.75
Spain,17-08-2021,32.9,16.8,25.1,0,16.8,38.5,45780.08
Spain,18-08-2021,33.4,18.3,25.8,0,15.8,36,45698.83
Spain,19-08-2021,33.3,19.4,26.6,0,14.6,32,45616.09
Spain,20-08-2021,33.4,19.5,26.4,0,15.3,37.1,45531.96
Spain,21-08-2021,34.4,17.1,26.6,0,12.2,32.4,45446.54
Spain,22-08-2021,35.9,18.6,28.1,0,11.8,30.2,44008.99
Spain,23-08-2021,36.3,22.3,29.2,0,15.4,41,45024.76
Spain,24-08-2021,31.3,21.1,26.2,0.3,15.9,36,41233.16
Spain,25-08-2021,30.7,18.9,24.3,0,16.3,42.8,43199.25
Spain,26-08-2021,32.6,19.8,26,0,9.9,22.7,43526.27
Spain,27-08-2021,34.2,19.3,27.3,0,12.9,31.7,44426.83
Spain,28-08-2021,32.1,17.3,25.4,0,15,38.2,43296.6
Spain,29-08-2021,31.1,19.7,25.2,0,14.8,37.1,43129.42
Spain,30-08-2021,29.7,18.7,24.7,0,14.9,37.8,43289.73
Spain,31-08-2021,31.1,18.3,24.9,0,11.2,25.2,42815.96
Spain,01-09-2021,24.2,17.3,20.7,61.8,15.6,50,15547.34
Spain,02-09-2021,25.2,14.1,19.8,10.4,11.3,29.2,42718.28
Spain,03-09-2021,28,15.4,21.8,0,12.1,29.9,40992.11
Spain,04-09-2021,30.2,15.9,23.3,0,9.1,26.3,42612.5
Spain,05-09-2021,31.9,17.5,23.9,0,10.2,27,42556.14
Spain,06-09-2021,32.8,20.2,25.7,0,19.8,45.4,28991.43
Spain,07-09-2021,30.7,18.2,24.9,0,21.9,47.5,41163.62
Spain,08-09-2021,26.6,17.7,22.2,0,20.3,43.6,42222.53
Spain,09-09-2021,27.6,16.4,21.5,0.3,15.3,34.2,42166.34
Spain,10-09-2021,27.5,16.7,22.3,0,16.3,37.1,42110.02
Spain,11-09-2021,27.2,14.2,20.6,0,12.5,28.8,30177.15
Spain,12-09-2021,30.7,15.7,22.8,0,9.9,26.6,41996.94
Spain,13-09-2021,27.6,15.8,21.1,2.9,16.6,44.6,18842.02
Spain,14-09-2021,19.7,17.1,17.9,16.6,11.3,44.6,3600
Spain,15-09-2021,21.9,15.1,17.9,4.4,8.2,25.9,40317.88
Spain,16-09-2021,24.2,14,18.9,0,9.4,24.1,41311.43
Spain,17-09-2021,26.3,15,20.2,0,12.2,30.6,41397.8
Spain,18-09-2021,25.4,14.2,19.8,0,15.3,37.1,41238.58
Spain,19-09-2021,24.7,11,16.9,0,11.1,28.1,41079.27
Spain,20-09-2021,24.2,12.4,17.8,0.1,20,43.6,40919.99
Spain,21-09-2021,22.5,10.2,16.1,0,21.2,46.8,40760.82
Spain,22-09-2021,20.6,11.8,16,1.3,16.4,39.2,39480.95
Spain,23-09-2021,24.5,14.3,18.5,1.7,17.6,40,38625.28
Spain,24-09-2021,24,15.7,18.3,28.8,14.8,38.5,17507.39
Spain,25-09-2021,20.1,13.5,16.8,2.9,16.8,40.7,39457.43
Spain,26-09-2021,23.2,11.3,17,0,10,23.8,39641.98
Spain,27-09-2021,25.6,11,18.1,0,8.9,12.2,39301.14
Spain,28-09-2021,24.6,11.7,17.6,0,12.3,29.2,39077.79
Spain,29-09-2021,24.1,11.1,18,0,13.9,27.7,38858.45
Spain,30-09-2021,24.1,14,18.2,0,15.6,32.4,35090.23
Spain,01-10-2021,24.9,12.7,18,0,9.9,21.2,37397.49
Spain,02-10-2021,24.1,11.9,17.9,0.3,12.3,28.1,35907.98
Spain,03-10-2021,17.6,10.8,15.1,7.4,20.2,41,12743.11
Spain,04-10-2021,19.4,8,13.1,0,12.7,30.6,37036.84
Spain,05-10-2021,23.8,10.7,16.1,0,19.2,42.8,35315.63
Spain,06-10-2021,23.3,11.4,17.3,0,12.1,23.4,37340.51
Spain,07-10-2021,25.6,9,17,0,11.6,21.6,37277.57
Spain,08-10-2021,25.9,9.9,17.7,0,9.9,23.4,36970.44
Spain,09-10-2021,24.2,10.8,16.9,0,11.9,23.8,36757.2
Spain,10-10-2021,22.9,13.2,17.3,0,17.1,33.8,35635.02
Spain,11-10-2021,23.1,12.1,16.9,0,12.7,28.8,36170.2
Spain,12-10-2021,24.3,11.2,16.9,0,9.9,19.4,36237.56
Spain,13-10-2021,24.9,8.4,16.6,0,13.3,24.8,36201.71
Spain,14-10-2021,23.5,9.6,16.2,0,11.9,22,36038.29
Spain,15-10-2021,23.7,9.4,15.8,0,10.8,23.8,36042.32
Spain,16-10-2021,22.1,10.4,15.9,0,8.4,18,12104.03
Spain,17-10-2021,22.8,10.7,16.9,0.5,11.7,22,36000
Spain,18-10-2021,23.1,12.1,17,0,7.9,21.2,36000
Spain,19-10-2021,24.4,12.7,17.9,0,8.2,19.4,36000
Spain,20-10-2021,23.5,12.1,17.2,0,16.1,33.5,36000
Spain,21-10-2021,21.9,11.1,16.1,0,10.9,20.2,35934.62
Spain,22-10-2021,20.5,12.4,15.3,0,19.6,41.4,34504.95
Spain,23-10-2021,19.4,7.4,12.9,0,14.6,32,35615.04
Spain,24-10-2021,19.9,5.9,12.2,0,8.7,23.4,35455.82
Spain,25-10-2021,20.9,6.7,12.6,0,9.1,16.6,35297.2
Spain,26-10-2021,20.3,10.1,14,0,14.1,30.6,35139.29
Spain,27-10-2021,20.3,6.4,12.7,0,9.5,21.2,34982.26
Spain,28-10-2021,19.7,6.5,12.5,0,13,30.2,34826.26
Spain,29-10-2021,16.4,12.4,13.4,4.7,23.4,47.9,8375.24
Spain,30-10-2021,19.3,12.9,15.9,28.3,18.8,46.1,2230.87
Spain,31-10-2021,20.1,12.9,15.6,12.7,28.2,59.4,10656.59
Spain,01-11-2021,17.2,10.4,15,14.9,22.3,43.2,31540.09
Spain,02-11-2021,14.3,6.3,10.3,1,22.2,45,27299.26
Spain,03-11-2021,12.1,5.2,8.8,4.2,15.7,43.6,32542.98
Spain,04-11-2021,11.4,3.4,7,0,13,29.9,33776.57
Spain,05-11-2021,12.1,2.4,6.7,0.3,17.8,38.5,33632.66
Spain,06-11-2021,14,1.1,6.2,0,10.5,25.2,33489.22
Spain,07-11-2021,13.5,-0.2,5.9,0,11.5,21.6,33346.42
Spain,08-11-2021,17.9,4,10.5,0,14.8,28.1,31899.29
Spain,09-11-2021,16.8,4.6,10.6,0,20.9,39.2,33063.36
Spain,10-11-2021,15.7,4,8.8,0,14.4,27.4,32923.43
Spain,11-11-2021,15.7,1.9,7.9,0,10.5,17.3,32784.79
Spain,12-11-2021,18,3.9,9.8,0,10.7,20.5,32647.62
Spain,13-11-2021,16.9,4,9.5,0,9.5,18,32512.09
Spain,14-11-2021,17.5,2,8.8,0,11.4,23.8,32378.4
Spain,15-11-2021,15.3,5.9,10.1,0,15.3,31,32246.71
Spain,16-11-2021,13.6,1.1,7.1,0,8.4,15.1,32111.92
Spain,17-11-2021,14.4,3,7.7,0,11.8,24.5,31431.51
Spain,18-11-2021,13.7,4.3,7.9,0,15.5,29.2,31708.15
Spain,19-11-2021,15.3,6.3,9.6,0,17.9,38.5,10698.04
Spain,20-11-2021,12.4,7.9,10.1,2.3,13.1,24.8,0
Spain,21-11-2021,14.4,5.5,10.1,0.3,8.7,18.7,30003.43
Spain,22-11-2021,9.2,4.7,6.6,4.7,17.9,37.1,12111.26
Spain,23-11-2021,5.9,1.2,4.1,4.6,9.2,20.5,21797.78
Spain,24-11-2021,8.3,0.2,4,1.2,15.2,34.6,21052.42
Spain,25-11-2021,9.8,3.8,6.6,0,15,29.2,23268.19
Spain,26-11-2021,10.3,2.5,5.7,0.1,15.5,33.5,28831.58
Spain,27-11-2021,8.5,3.2,5.2,0.2,27.1,56.2,27037.13
Spain,28-11-2021,9.1,1.3,5.4,0,18,40,26511.42
Spain,29-11-2021,13.6,5.5,8.9,0,22,43.9,20096.36
Spain,30-11-2021,12.6,1.2,6,0,9.9,17.6,29928.97
Spain,01-12-2021,10.3,-0.9,4.6,1,16.2,38.9,20575.25
Spain,02-12-2021,8.2,2.6,5.6,1.6,19.8,45.4,23159.84
Spain,03-12-2021,13.1,3.9,7,0,11.4,26.6,25528.57
Spain,04-12-2021,11.1,4.2,6.5,0.3,15.7,32.8,16313.05
Spain,05-12-2021,10.9,4.7,7.5,0,24.2,49.7,21355.7
Spain,06-12-2021,12.9,5.9,8.7,0.4,18.9,35.3,19813.97
Spain,07-12-2021,10.5,3.8,7.7,0.1,24.7,48.6,1343.08
Spain,08-12-2021,10.4,6.5,8,2.2,25.1,54.7,22668.54
Spain,09-12-2021,11,3.3,7.1,0,20.7,47.2,2890.72
Spain,10-12-2021,14.3,6.7,9.9,0.2,24,48.6,9204.08
Spain,11-12-2021,16.8,7.4,10.9,0,15.8,32.4,29734.71
Spain,12-12-2021,14.3,2.6,7.7,0,7.9,18,29689.98
Spain,13-12-2021,13.6,2,6.2,0,9.7,20.5,29742.79
Spain,14-12-2021,16.4,1.4,6.9,0,10.3,18,29749.56
Spain,15-12-2021,16.9,3,8.2,0,11,19.1,29721.4
Spain,16-12-2021,13.2,1,5.6,0,10.1,18.7,29697.59
Spain,17-12-2021,12,0.3,5.4,0,11.6,26.3,29419.75
Spain,18-12-2021,9.8,0.2,5.4,0.7,10.9,24.1,13402.54
Spain,19-12-2021,11.7,4.1,7.8,0,11.6,24.8,7966.94
Spain,20-12-2021,10.7,1.6,5.6,0.1,7.9,20.9,28421.12
Spain,21-12-2021,13.5,3.2,8.6,0.4,6.9,14.8,23043
Spain,22-12-2021,13.9,5.1,9.7,0.2,10.4,23.4,25619.03
Spain,23-12-2021,11.4,6.5,8.8,2.8,7.6,18,0
Spain,24-12-2021,12.1,9.3,10.2,3.3,12.3,24.8,0
Spain,25-12-2021,10.2,8.3,9.1,6.2,12.9,24.8,0
Spain,26-12-2021,10.2,7.1,8.6,9.1,13.6,30.2,0
Spain,27-12-2021,14.1,9,11.6,0.2,22.2,44.6,28675.86
Spain,28-12-2021,13,6.8,9.7,0,18.1,35.3,27409.04
Spain,29-12-2021,12.5,5.1,7.3,0,10.7,22.3,18085.99
Spain,30-12-2021,15.1,1.9,7.3,0,10,14.8,29817.45
Spain,31-12-2021,16.6,1.4,7.7,0,10.7,14.4,29857.74
Spain,01-01-2022,17.8,2.9,8.6,0,11,15.1,29902.12
Spain,02-01-2022,15.8,2.6,8.6,0,8.9,13,27648.78
Spain,03-01-2022,15,2.3,7.4,0,9,18.7,30003.3
Spain,04-01-2022,12.8,2.9,7.6,6,23.4,47.9,20528.93
Spain,05-01-2022,10,5.1,6.6,5.2,20.1,39.2,14983.41
Spain,06-01-2022,8.8,1.1,4.9,0,11.1,22,30190.02
Spain,07-01-2022,11.5,0.9,5.8,0,12.8,26.6,27251.84
Spain,08-01-2022,9.5,-2.6,3,0,12.2,25.6,30336.42
Spain,09-01-2022,13.7,1.6,8,0,23.4,49,17681.03
Spain,10-01-2022,14.5,6.4,11.2,0,17.3,34.6,20875.67
Spain,11-01-2022,16.4,3.4,8.7,0,13.3,24.8,29129.49
Spain,12-01-2022,12.4,3.1,6.9,0,15.8,36.4,30675.78
Spain,13-01-2022,8.9,-0.9,3.6,0,10.3,24.5,29923.16
Spain,14-01-2022,8.7,-1.4,2.6,0,10,25.2,30866.08
Spain,15-01-2022,9.1,-2.4,2,0,9.1,14.4,30965.81
Spain,16-01-2022,9.4,-2.5,2.1,0,6.7,13.3,31068.38
Spain,17-01-2022,11.1,-2.1,2.9,0,9.2,16.6,31173.64
Spain,18-01-2022,12.5,-1.8,3.7,0,9.1,14.4,31281.41
Spain,19-01-2022,12.5,-2.4,3.6,0,10.6,14.8,31391.55
Spain,20-01-2022,13.2,-2.9,4.2,0,10.8,20.2,31503.92
Spain,21-01-2022,10.2,0,4,0,16.6,31.7,31618.35
Spain,22-01-2022,9.9,-0.1,3.7,0,15,28.1,17760.28
Spain,23-01-2022,9.7,0.1,3.8,0,11.2,24.5,17713.16
Spain,24-01-2022,9.7,1,4.5,0,12.6,27,25074.22
Spain,25-01-2022,11,3.3,6.3,0,12.7,25.9,13401.93
Spain,26-01-2022,11.5,0.5,5,0,13.1,30.6,32217.81
Spain,27-01-2022,13.9,0.4,6.1,0,11.8,24.1,32295.56
Spain,28-01-2022,15.1,1.5,6.5,0,12,24.5,32379.97
Spain,29-01-2022,15.9,-0.6,6.1,0,10.2,24.5,32407.3
Spain,30-01-2022,16.7,0.2,6.5,0,11.5,18.7,32438.82
Spain,31-01-2022,17,-0.8,6.2,0,20.6,41.4,32467.54
Spain,01-02-2022,19.1,1.2,9.1,0,18.5,37.8,32406.31
Spain,02-02-2022,19.5,1.7,8.7,0,11.6,22.3,32564.77
Spain,03-02-2022,17.6,0.8,8.7,0,13,28.4,32491.99
Spain,04-02-2022,14.5,2.8,8.5,0,9.8,17.6,30881.99
Spain,05-02-2022,15.1,6.8,10.1,0,18.4,41.4,32400
Spain,06-02-2022,14.6,1.3,7.6,0,15.7,30.2,32695.71
Spain,07-02-2022,18.5,-0.5,7.4,0,10,22.3,33164.21
Spain,08-02-2022,16.8,3.7,9,0,13.8,27,33279.55
Spain,09-02-2022,16.3,2.9,8.7,0,10,21.2,33479.85
Spain,10-02-2022,17.1,0.6,8,0,9.3,19.4,33085.52
Spain,11-02-2022,17.8,1.9,9.8,0,9.4,20.2,32935.31
Spain,12-02-2022,15.9,3.6,8.9,0,9.2,21.2,33790.14
Spain,13-02-2022,14.2,4.3,8.8,0.8,26,54,17616.98
Spain,14-02-2022,12.3,3.9,8,0.2,18.2,41.4,34887.2
Spain,15-02-2022,14.4,3.1,7.4,0,15.6,30.6,31371
Spain,16-02-2022,15.6,6.3,9.8,0,14.4,34.9,29185.51
Spain,17-02-2022,18.3,7.4,11.6,0,10.9,21.6,33966.77
Spain,18-02-2022,19.1,3,10.9,0,12.1,24.5,35634.65
Spain,19-02-2022,14.5,6.4,9.8,0.2,16.4,36,17895.19
Spain,20-02-2022,15.5,-1.3,6.7,0,9.4,22,35958.62
Spain,21-02-2022,18.5,1.7,9.4,0,12.1,23,36121.68
Spain,22-02-2022,20.7,1.4,10.1,0,12.3,25.2,36285.25
Spain,23-02-2022,19.1,4.7,11,0,13.3,24.8,36449.21
Spain,24-02-2022,18.9,3.8,10.6,0,10.7,23,33886.73
Spain,25-02-2022,11.8,6.7,9,5.8,20.2,42.5,0
Spain,26-02-2022,9,6.9,8.2,1.2,14.9,33.5,0
Spain,27-02-2022,14.4,7.3,9.7,0.3,8.7,22.7,31791.04
Spain,28-02-2022,17.5,2.7,9.7,0,12.1,27.4,37269.89
Spain,01-03-2022,18.3,1.3,9.8,0,13.5,28.1,35581.04
Spain,02-03-2022,17.3,6.7,11.6,0.2,18.2,41,37596.17
Spain,03-03-2022,9.8,4.7,8.1,11.5,12.8,26.3,2098.03
Spain,04-03-2022,14,5.3,8.6,0.5,17.8,38.9,34854.44
Spain,05-03-2022,12.6,-0.4,6,0,10.7,25.6,35476.97
Spain,06-03-2022,11.9,2.4,7.4,0,17.1,38.2,23611.42
Spain,07-03-2022,10.3,4.1,6.3,21.1,14.4,31.7,10027.5
Spain,08-03-2022,12.3,3,7.4,0.5,16.8,37.8,38573.23
Spain,09-03-2022,14.3,2.8,8,0.1,11.7,25.9,13876.79
Spain,10-03-2022,15.1,3.5,9.2,1.9,18.4,40.7,38903.16
Spain,11-03-2022,13.9,6.1,9.6,5.2,17.9,38.9,10917.16
Spain,12-03-2022,13.2,1,8.1,1.2,23.1,48.6,37178.69
Spain,13-03-2022,14,4.6,9.5,7.3,18.2,38.9,38766.02
Spain,14-03-2022,10.1,5.4,7.7,31.9,22.4,50,0
Spain,15-03-2022,19.4,9.1,13.5,1.2,19.2,49.3,19754.18
Spain,16-03-2022,17,11,13.7,1.2,20,39.2,20465.74
Spain,17-03-2022,13.9,7.6,11.5,1,26.7,55.4,18424.19
Spain,18-03-2022,14.3,6.2,10.1,0,13.9,32.4,30426.11
Spain,19-03-2022,13.8,6.6,10,0.3,15.1,33.1,39516.5
Spain,20-03-2022,14.3,7.1,10.3,0.9,21.7,46.4,11053.43
Spain,21-03-2022,14.9,8.9,10.5,10.4,19.5,41,15341.36
Spain,22-03-2022,12.5,8.1,9.9,11.1,18.2,48.2,6196.63
Spain,23-03-2022,11.9,7.1,8.9,5.9,22.3,46.4,5573.81
Spain,24-03-2022,12.5,7.2,9.2,4.5,19.8,43.6,7126.87
Spain,25-03-2022,14.3,8.7,10.4,7.6,18.3,42.1,15918.99
Spain,26-03-2022,15.1,7.7,10.5,1.1,17.6,34.9,24163.71
Spain,27-03-2022,15.3,6.2,11,0.7,12.6,27.7,24849.7
Spain,28-03-2022,17,5.9,10.6,0,14.8,30.6,25040.78
Spain,29-03-2022,16.3,8.3,11.7,8.1,10.4,23.8,24225.68
Spain,30-03-2022,13.6,7.9,10.7,1.5,17.2,37.8,11714.49
Spain,31-03-2022,14.2,5.6,9.2,0,15.7,36.4,32713.6
Spain,01-04-2022,10.4,3.5,7.2,0.1,18.5,40,41635.32
Spain,02-04-2022,10.7,-0.4,4.7,0,16.7,38.5,41974.9
Spain,03-04-2022,10.3,-2,4.5,0.2,19.9,40.7,41996.14
Spain,04-04-2022,11.9,0,5.8,0,22.2,45.4,41135.21
Spain,05-04-2022,8.7,3.4,6,0.1,16.8,35.6,4431.1
Spain,06-04-2022,17.1,2.9,9.1,0,12.8,31.7,41235.68
Spain,07-04-2022,18.3,4.6,11.3,0,19.9,41.4,42748.98
Spain,08-04-2022,14.6,5.3,9.7,0,21.8,47.2,35934.27
Spain,09-04-2022,16.4,8.7,12,1.1,14,31.7,28539.3
Spain,10-04-2022,22.4,9,15.1,0.3,19.6,40,33444.62
Spain,11-04-2022,21.8,7.6,14.4,0.8,22.3,48.2,36245.79
Spain,12-04-2022,16.7,6.2,11.1,4.8,21.3,41.8,37566.61
Spain,13-04-2022,19.4,4.6,12.2,0.1,15.5,33.1,42997.3
Spain,14-04-2022,21.3,7,14.2,0,13.5,32,43770.73
Spain,15-04-2022,23.6,8.7,15.9,0,9.2,18.7,44221.91
Spain,16-04-2022,25.3,8.1,16.9,0,14.5,33.8,44567.03
Spain,17-04-2022,25.6,9,16.7,0,11,26.6,43568.33
Spain,18-04-2022,24.8,11.4,17.6,0,13.1,28.4,44153.99
Spain,19-04-2022,18,9.4,13.2,1.7,27.3,58.3,40183.39
Spain,20-04-2022,13.2,5.3,8.7,14.7,24.5,55.4,20087.07
Spain,21-04-2022,16.5,5.8,10.9,0,17.1,35.6,41910.29
Spain,22-04-2022,9.6,7,8.6,23.7,17.7,42.1,0
Spain,23-04-2022,12.6,5,8.4,3.2,26.8,59.4,38842.62
Spain,24-04-2022,16.6,3.8,10.2,0,10.5,28.4,45404.23
Spain,25-04-2022,19.9,5.2,12.6,0,10,22.3,45462.99
Spain,26-04-2022,21.4,8.4,14.4,0.2,11.5,29.2,39600
Spain,27-04-2022,16.5,9.7,13,12.3,10.5,28.1,34397.46
Spain,28-04-2022,16.7,8.3,12.1,5,18.4,49.7,36231.06
Spain,29-04-2022,22.3,8.1,15.4,0.1,12.7,27,45712.8
Spain,30-04-2022,23.9,10.3,16.7,0.1,13.2,31.7,42397.59
Spain,01-05-2022,24.3,9.7,17.8,0.2,14.1,31.3,45982.16
Spain,02-05-2022,17.6,11,13.8,3.4,12,30.2,44008.74
Spain,03-05-2022,16.5,10,13,5.3,22.6,47.2,36503.32
Spain,04-05-2022,20,9.8,14.9,0,18.8,40.3,46144.97
Spain,05-05-2022,22.8,9.2,16,0,15.6,32,46400.95
Spain,06-05-2022,23.5,7.9,15.3,0,11.6,25.9,46775.24
Spain,07-05-2022,24.2,9.1,16.6,0,16.7,32.8,46734.25
Spain,08-05-2022,26.2,11.2,18.2,0,12.6,23.4,47020.56
Spain,09-05-2022,27.3,12.1,19.4,0,13.2,30.6,47088.3
Spain,10-05-2022,28.6,12.4,20.3,0,13.5,25.2,47272.16
Spain,11-05-2022,28.5,14,21.7,0,11.5,25.9,41590.85
Spain,12-05-2022,26.6,15.9,21.3,0,12.3,27.7,41575.79
Spain,13-05-2022,28.4,12.6,20.9,0,10.7,25.9,47721.48
Spain,14-05-2022,27.1,16,20.9,0.2,13.4,31.7,42874.19
Spain,15-05-2022,23,12.9,18.4,0.3,19.2,49,44721.21
Spain,16-05-2022,24.6,10.7,18.1,0,13.8,34.2,47787.81
Spain,17-05-2022,27.4,14,20.2,0,13.3,30.2,47068.19
Spain,18-05-2022,30.4,14.3,22.6,0,12.2,29.9,47771.52
Spain,19-05-2022,33.4,16.6,24.3,0,15.3,34.6,41612.84
Spain,20-05-2022,32,18.3,25.3,0,18.8,37.1,42370.52
Spain,21-05-2022,33.3,17.5,25.6,0,13,29.9,44130.37
Spain,22-05-2022,26.4,17.9,21.6,0,25.4,54,48390.31
Spain,23-05-2022,27.6,14.3,20.7,0,14.3,35.3,46396.42
Spain,24-05-2022,21.5,12.1,16.8,0,27.2,56.2,42087.31
Spain,25-05-2022,21.9,6.9,15.3,0,14.9,37.1,49149.75
Spain,26-05-2022,26.6,9.1,18.2,0,16.1,32.8,49183.74
Spain,27-05-2022,30.6,13.7,22.4,0,14.5,29.2,49215.93
Spain,28-05-2022,31.1,16.2,24,0,16.6,32.4,49246.34
Spain,29-05-2022,28.9,16.3,23,0,19.1,40.3,49274.97
Spain,30-05-2022,22.3,14.7,19.4,0,21.6,48.2,48630.68
Spain,31-05-2022,29.1,11.6,20.9,0,11.2,29.2,49326.92
Spain,01-06-2022,27.7,15.9,21.7,0,20.1,44.3,49350.27
Spain,02-06-2022,26.2,14.9,20.9,0,16.6,38.5,39321.59
Spain,03-06-2022,26.2,15,21.3,0,17.9,40.7,49391.71
Spain,04-06-2022,24.8,12.2,19.5,0,22.1,46.4,49409.84
Spain,05-06-2022,28,12,20.6,0,14.2,31.7,49426.24
Spain,06-06-2022,29.9,13.5,22.9,0,16.1,38.5,49440.93
Spain,07-06-2022,31.1,16.5,24.3,0,14.4,31,49453.91
Spain,08-06-2022,29,18.8,23.9,0,20.5,44.3,48975.91
Spain,09-06-2022,32.7,17.8,25.3,0,14.2,27.4,49499.3
Spain,10-06-2022,34.8,18.2,27.4,0,20.2,43.9,49482.69
Spain,11-06-2022,34.5,21.1,27.9,0,14.7,32.8,47764.3
Spain,12-06-2022,35.8,21.1,27.9,0,20.9,46.8,40642.76
Spain,13-06-2022,36.8,20.8,29.1,0,12.8,28.8,48883.62
Spain,14-06-2022,38.4,20.1,30,0,21.3,45.7,46118.68
Spain,15-06-2022,37.8,20.8,29.5,0,27.3,51.8,41966.42
Spain,16-06-2022,36.9,20.8,28.8,0.7,21.6,55.4,39084.77
Spain,17-06-2022,38.6,21.6,30.1,0,17.4,33.5,48366.65
Spain,18-06-2022,37.8,21.7,29.8,0,24.3,51.1,49570.36
Spain,19-06-2022,28.3,17.3,22.6,0,22.1,46.4,49653.02
Spain,20-06-2022,25.3,16.3,21.2,0,20.9,49,45291.86
Spain,21-06-2022,27.8,12.4,20.4,0,19,41.4,49723.48
Spain,22-06-2022,22.6,13.9,18.6,0,17.8,40.3,38309.94
Spain,23-06-2022,23.5,14,18.8,1.5,21.4,48.6,49293.35
Spain,24-06-2022,26.7,13,19.7,0,18.1,39.2,49676.48
Spain,25-06-2022,26.9,13.3,20.1,0,22.5,51.5,44478.59
Spain,26-06-2022,26,13.8,20.5,0,18.1,39.6,49357.72
Spain,27-06-2022,27.7,15.7,21.8,0,16.8,37.4,49616.08
Spain,28-06-2022,30.3,14.5,22.8,0,16.3,32.4,49691.06
Spain,29-06-2022,30.4,17.7,24.6,0,21.7,47.2,49667.08
Spain,30-06-2022,29.6,17.1,23.6,0,14.1,33.1,48703.56
Spain,01-07-2022,32,14.9,23.7,0,22.9,46.1,49615.43
Spain,02-07-2022,34.4,20,27.2,0,13,28.8,47855.21
Spain,03-07-2022,33,21,27.2,0.3,17.9,40.3,49184.45
Spain,04-07-2022,33.4,19.2,26.6,0,18.9,34.2,49527.52
Spain,05-07-2022,35.6,18.5,27.4,0,15.3,36.7,49589.16
Spain,06-07-2022,30.4,19.4,25.2,1,21.6,49.3,49272.25
Spain,07-07-2022,32.6,17.8,25.1,0,21.7,43.2,49423.29
Spain,08-07-2022,34.9,17.6,26.8,0,19.6,41,49385.19
Spain,09-07-2022,36.5,21,28.7,0,16.1,36.4,49255.12
Spain,10-07-2022,37.3,22.4,30.2,0,15.8,40.3,49215.25
Spain,11-07-2022,36.8,23.1,29.9,0,15.6,29.9,49174.07
Spain,12-07-2022,37.7,23,30.7,0,14,27.7,49131.58
Spain,13-07-2022,39.2,23.2,31.8,0,12,23.4,48821.89
Spain,14-07-2022,41.1,26.1,33.6,0,18.8,36.4,49042.93
Spain,15-07-2022,40.1,24,32.4,0,16.3,37.8,48916.55
Spain,16-07-2022,39.7,24.3,32.2,0,13,28.1,48793.38
Spain,17-07-2022,39.4,23.9,32.1,0,14.1,33.1,48684.02
Spain,18-07-2022,39.1,23.4,31.5,0,22,47.2,48562.93
Spain,19-07-2022,33,22.1,28.4,0,20.1,46.1,48520.02
Spain,20-07-2022,36.9,19.5,28.7,0,11.6,22.7,48500.65
Spain,21-07-2022,37.4,22.3,30,0,12.1,38.5,48174.02
Spain,22-07-2022,36.8,22.6,30.3,0,20.6,44.6,47884.05
Spain,23-07-2022,37.9,20.4,29.4,0,16.1,37.8,48027.71
Spain,24-07-2022,38.2,18.7,29.6,0,27.7,55.1,44370.95
Spain,25-07-2022,37.5,21.7,30.4,0,18.7,44.3,47174.55
Spain,26-07-2022,35.8,21.3,28.8,0,14.3,35.6,47608.88
Spain,27-07-2022,35,21.3,28.6,0,14.8,44.6,47491.01
Spain,28-07-2022,35.4,21.7,29,0,20.4,44.6,47377.62
Spain,29-07-2022,36.2,20.3,29.1,0,16,38.2,47369.54
Spain,30-07-2022,35.2,22.6,29,0.1,25.6,50.8,47262.93
Spain,31-07-2022,36.8,23.5,29.7,0,19.6,43.9,46922.33
Spain,01-08-2022,38,23.9,30.9,0,13.5,27.4,47156.81
Spain,02-08-2022,37,24.2,30.3,0.5,16.9,44.6,42537.75
Spain,03-08-2022,37.7,23.2,30.7,0,13.7,32.8,47060.06
Spain,04-08-2022,36.5,22.6,29.9,0,13.7,34.6,46920.96
Spain,05-08-2022,36.1,22.5,29.6,0,12.8,31.3,46776.24
Spain,06-08-2022,35.9,23.1,29.5,0,13.2,29.5,46711.43
Spain,07-08-2022,35.8,23.3,29.5,0,13.7,32.8,46573.82
Spain,08-08-2022,36.2,21.5,28.9,0,12.3,30.6,46509.15
Spain,09-08-2022,37.5,23,29.9,0,13.7,31,46408.15
Spain,10-08-2022,36,24.2,30,0,15.7,37.1,46337.38
Spain,11-08-2022,34.5,23.6,29.2,0,19,36.7,46265.38
Spain,12-08-2022,36.5,21.8,29.3,0,17.8,41.8,46191.61
Spain,13-08-2022,30.2,21.9,25.5,0.7,25.9,52.6,13850.19
Spain,14-08-2022,31.4,16.7,24.1,0,19.8,45,46039.1
Spain,15-08-2022,31.2,17,24.4,0,18.7,38.9,45960.55
Spain,16-08-2022,28.9,17.7,23.7,0,24.4,53.3,45880.59
Spain,17-08-2022,27.8,16.3,21.5,3.7,16.8,53.6,45799.32
Spain,18-08-2022,29,14.3,21.6,0,15.1,32.4,45716.82
Spain,19-08-2022,31.5,15.3,23.3,0,14.8,28.8,45633.18
Spain,20-08-2022,34.3,18.6,26.1,0,13,24.8,45548.5
Spain,21-08-2022,36.8,19.5,28.1,0,18.4,39.6,45462.88
Spain,22-08-2022,35.7,20.8,27.9,0,15.3,33.1,44433.86
Spain,23-08-2022,36.2,21.4,28.5,0,20.9,46.8,43694.75
Spain,24-08-2022,35.6,22.5,28.2,0,11.6,32.4,44431.43
Spain,25-08-2022,33.4,20.2,27.3,0.3,24.7,46.8,44358.06
Spain,26-08-2022,31.6,20.6,25.9,0,20.7,43.6,41822.34
Spain,27-08-2022,31.5,18.9,24.9,0.2,12.5,40,43842.52
Spain,28-08-2022,34.2,20.7,27,0,14.2,33.8,42957.13
Spain,29-08-2022,31.5,20.4,25.5,7.8,24.2,50.8,36614.23
Spain,30-08-2022,33.3,18.6,26.1,0,19.5,40.7,42735.57
Spain,31-08-2022,30.6,18.9,25.3,0,14.5,34.9,43550.71
Spain,01-09-2022,31.4,15.5,24.2,0,14.5,32.8,42975.18
Spain,02-09-2022,29.2,15.6,23.2,0,16.9,32.4,42569.42
Spain,03-09-2022,28,16.3,22.3,0,16.4,35.3,42854.73
Spain,04-09-2022,27.8,13.8,21.4,0,16.6,38.5,42790.34
Spain,05-09-2022,27.9,13,20.8,0,18.5,40.7,42568.7
Spain,06-09-2022,27.8,15.1,21.2,0,22.4,48.2,42369.12
Spain,07-09-2022,26.2,13.9,20.4,0,17.8,41,42290.88
Spain,08-09-2022,28.3,16.8,21.9,1.3,13.2,28.4,32400
Spain,09-09-2022,30.8,17.1,24,0,11,24.5,41907.02
Spain,10-09-2022,33.1,19,25.8,0,12.5,28.8,42122.43
Spain,11-09-2022,34.2,18.6,26.6,0,14,28.4,42066.01
Spain,12-09-2022,29.9,19.7,25.3,2.1,23.7,47.5,30488.34
Spain,13-09-2022,24.6,17.2,20.9,15.1,24.7,58,25254.98
Spain,14-09-2022,22.6,15.5,18.4,0.9,18.1,39.2,36211.21
Spain,15-09-2022,24,15.5,18.8,5.4,8.2,22.7,36298.33
Spain,16-09-2022,26.1,14.4,20.3,0.4,8.9,23.4,41592.18
Spain,17-09-2022,28,15,21.2,0,18.5,36,41435.05
Spain,18-09-2022,28.8,17.9,22.5,0,16.9,32.4,40032.73
Spain,19-09-2022,25.8,17.1,21.2,3,14.8,30.6,32573.82
Spain,20-09-2022,28.1,16.4,21.9,7.8,10.8,21.6,40745.08
Spain,21-09-2022,28,16,21,2.8,20.1,43.6,40807.07
Spain,22-09-2022,27.8,15,21.1,0,10.2,25.6,40648.38
Spain,23-09-2022,26.8,14.4,20.9,0,11.8,28.1,40144.44
Spain,24-09-2022,25,14.2,19.3,0,21.6,46.1,39070.45
Spain,25-09-2022,21.4,10.9,16.2,0.1,16.9,38.2,38591.46
Spain,26-09-2022,22.9,10.8,16.4,0,19.6,39.2,39785.33
Spain,27-09-2022,24,8.5,16.2,0,17.7,38.9,39662.14
Spain,28-09-2022,23.2,10.6,17.2,0,17.8,39.6,39210.57
Spain,29-09-2022,17.7,12.5,14.9,2,15.1,33.5,7517.42
Spain,30-09-2022,20.3,9.1,14.3,0,14.7,34.2,38252.31
Spain,01-10-2022,23.5,8,15.7,0,7.9,23,38652.82
Spain,02-10-2022,27.7,10.6,18.3,0,9.2,23.8,38537.2
Spain,03-10-2022,27.9,13.2,19.7,0,22.1,47.2,34991.25
Spain,04-10-2022,30.3,14,21.2,0,8.9,20.2,38122.97
Spain,05-10-2022,28.5,14,20.7,0,12.1,22.7,37444.14
Spain,06-10-2022,26.8,15.4,20.6,0,12.9,29.9,36925.66
Spain,07-10-2022,25.1,12.5,18.6,0.1,7.6,18.4,36626.61
Spain,08-10-2022,25.9,12.8,18.9,0,10.8,23.8,36330.48
Spain,09-10-2022,24.1,15,19.1,0.5,13.3,25.9,36438.42
Spain,10-10-2022,22.1,14.5,17.3,0.9,11.4,25.9,26076.19
Spain,11-10-2022,22.5,13.6,16.8,12.9,13.7,33.5,30909.98
Spain,12-10-2022,23.2,12.5,17.1,0,8.9,21.6,36168.45
Spain,13-10-2022,24.8,12.3,17.5,0,9.4,18.7,36000
Spain,14-10-2022,26.5,11.4,18,0,10,21.6,36096.2
Spain,15-10-2022,26.3,11.7,18.5,0,14.8,33.1,36040.93
Spain,16-10-2022,24.9,12.2,18.1,0,11,27,32611.71
Spain,17-10-2022,25.3,13.7,18.5,1.5,24.4,47.2,36000
Spain,18-10-2022,26.8,13.5,19.5,0,9.3,22.3,32784.07
Spain,19-10-2022,25.9,13.7,18.8,2.8,25.8,61.2,28244.11
Spain,20-10-2022,18.4,14,15.7,9.9,19.9,40.3,6446.31
Spain,21-10-2022,15.9,13.7,14.6,6.4,18.7,36.7,0
Spain,22-10-2022,20.8,12.3,15.5,9.4,19.2,47.5,16608.98
Spain,23-10-2022,17.1,13.5,15.2,5.7,22.1,48.2,15076.44
Spain,24-10-2022,18,10.1,14.2,0,13.6,30.2,19558.88
Spain,25-10-2022,23.2,12,16.1,0,18.1,45.4,32037.95
Spain,26-10-2022,21.7,12.3,16.4,0.8,8.7,23.8,31810.36
Spain,27-10-2022,24.3,13.7,17.8,0,9.7,18,30852.52
Spain,28-10-2022,23.6,11.6,17.4,0,9.2,18.4,26648.41
Spain,29-10-2022,23.8,13.4,17.1,0,10,20.2,34108.18
Spain,30-10-2022,19.1,11,14.7,0.1,9.5,28.4,17427.71
Spain,31-10-2022,16,9.6,13.2,1.1,11.8,23.8,0
Spain,01-11-2022,19.1,10.5,13.6,0.2,10,23.8,19438.67
Spain,02-11-2022,20.6,8.3,14,0,8.2,19.1,32745.59
Spain,03-11-2022,16.4,11.9,13.7,1,18.6,41,10831.4
Spain,04-11-2022,15.5,7.4,11.5,0,15.5,34.2,32135.77
Spain,05-11-2022,17.2,3.3,9.6,0,9,15.5,33668.89
Spain,06-11-2022,18.2,4.6,11.1,0,9.5,20.9,33522.15
Spain,07-11-2022,17.8,5.6,10.9,0,9.2,21.6,33376.5
Spain,08-11-2022,15.5,8.5,11.9,1.6,18.3,39.2,10800
Spain,09-11-2022,16.1,8.7,12.8,3.5,14.3,27.4,20107.47
Spain,10-11-2022,17.3,4.7,9.9,0,8.3,14.8,32947.84
Spain,11-11-2022,16.7,7.5,11.2,2.2,14,34.2,26740.25
Spain,12-11-2022,19.2,10.8,12.7,8.1,20.4,58,23117.52
Spain,13-11-2022,17.8,9.4,12.5,0.6,8.9,19.1,17533.46
Spain,14-11-2022,15,7.3,11.3,0.9,18.4,36.7,5762.5
Spain,15-11-2022,16.3,12,13.3,1.2,31.8,62.6,11010.56
Spain,16-11-2022,13.7,10.7,12.5,3.1,22,45,11427.78
Spain,17-11-2022,17.7,11.4,14.1,1.9,25.9,54,21871.61
Spain,18-11-2022,12.6,7.3,10.4,0.4,17.9,41.8,24369.74
Spain,19-11-2022,11.3,5.5,8.1,0,18.2,38.9,23077.66
Spain,20-11-2022,16.2,6.8,10,0.1,16.4,32,23955.75
Spain,21-11-2022,13.9,8.6,11.5,6.8,28.2,56.9,8294.46
Spain,22-11-2022,10.4,5.5,7.7,2.4,23.6,50,2724.69
Spain,23-11-2022,15.6,10.7,12.7,3.6,21.5,42.8,12991.44
Spain,24-11-2022,14.7,9.6,11.8,2,21.2,44.3,7972.85
Spain,25-11-2022,13.3,4.7,10.8,0,15.5,33.8,30479.52
Spain,26-11-2022,13.9,2.3,7,0,7.6,14.8,29563.67
Spain,27-11-2022,14.3,1.9,7.4,0.4,11.9,25.9,29110.39
Spain,28-11-2022,12.9,5.2,8.5,2.7,18.8,39.6,28837.08
Spain,29-11-2022,12.1,3.3,7,0,11,20.2,29709.06
Spain,30-11-2022,11.9,1.8,6.6,0,6.9,16.9,26098.88
Spain,01-12-2022,12.8,4.5,7.8,0,15.5,33.8,30167.47
Spain,02-12-2022,10.3,2.8,5.8,0,15.5,29.2,24700.69
Spain,03-12-2022,10.9,0,4.8,0,10.1,24.1,25292.56
Spain,04-12-2022,7.7,2.5,4.8,0.4,10.5,19.1,1088.94
Spain,05-12-2022,9.6,2.8,7,11.5,13.3,25.9,0
Spain,06-12-2022,12.5,8.2,9.9,2.1,8.9,18,12391.89
Spain,07-12-2022,12.3,5.1,8.3,1,7,17.3,12188.31
Spain,08-12-2022,12.3,7.4,9.6,17.5,14.5,30.6,1796.09
Spain,09-12-2022,11.1,8.1,9.1,7.1,11.5,25.9,0
Spain,10-12-2022,13,6.6,9,0.8,13,28.1,29203.34
Spain,11-12-2022,9.3,6.3,7.8,14.3,17.3,34.6,0
Spain,12-12-2022,14,8.2,11.1,6.2,28,58.3,0
Spain,13-12-2022,14.6,12.5,13.5,30.4,29.9,67,0
Spain,14-12-2022,14.2,10.3,11.8,10.7,17.2,50.4,5313.98
Spain,15-12-2022,10.4,6.7,9.1,2.5,20.5,41.4,14785.12
Spain,16-12-2022,10.2,5.6,7.6,1.2,10.7,20.2,4473.04
Spain,17-12-2022,12.9,5.1,8.4,0.1,8.6,16.6,22436.37
Spain,18-12-2022,10.9,4.5,7.2,0.1,8,15.5,3634.84
Spain,19-12-2022,10.5,2.5,6,0,8.9,20.2,15673.09
Spain,20-12-2022,10.9,4.6,8.1,2.3,12.4,23,0
Spain,21-12-2022,13.6,7.2,10.1,1.2,17.2,36,24706.14
Spain,22-12-2022,15,9.4,11,0,14.5,32,24279.85
Spain,23-12-2022,13.1,8.3,10.7,0.5,13,27,1184.88
Spain,24-12-2022,12.5,7.4,9.5,0,8.6,19.8,10902.14
Spain,25-12-2022,15,7,9.9,0,11.7,24.5,26524.11
Spain,26-12-2022,15.9,4.4,9.7,0,9.4,14.4,29686.24
Spain,27-12-2022,14.7,3.7,8.2,0,9.4,15.1,29708.09
Spain,28-12-2022,13.1,1.5,6.6,0,11.7,25.9,29734.38
Spain,29-12-2022,11.3,6.5,9.1,1,21.4,41.4,2878.04
Spain,30-12-2022,13.3,6.7,10.7,0,23.2,45.7,19864.61
Spain,31-12-2022,13.7,2.2,7.6,0,7.2,15.1,29842.31
Spain,01-01-2023,14.3,3.7,8.3,0,10.2,18,27646.03
Spain,02-01-2023,12.9,6.4,9.6,1,9.2,18.7,20885.11
Spain,03-01-2023,12.5,3.7,7.2,0,7.9,18.7,29992.27
Spain,04-01-2023,12.7,0.9,5.7,0,8.2,14.4,30050.96
Spain,05-01-2023,13,1,5.7,0,9.7,15.8,30113.77
Spain,06-01-2023,11.6,-0.5,4.5,0,9.9,19.1,30180.57
Spain,07-01-2023,8,0.7,4.5,3.7,7.2,13.3,0
Spain,08-01-2023,13.1,7.4,10.5,14.5,27.5,65.9,5959.62
Spain,09-01-2023,12.8,4.4,10.3,0,17.1,36.7,30403.55
Spain,10-01-2023,12.2,1.5,5.9,0,10.2,22.7,30484.93
Spain,11-01-2023,11,3.7,6.5,0.2,7.7,18.7,10330.21
Spain,12-01-2023,10.9,-0.2,4.6,0,9.4,16.9,28984.92
Spain,13-01-2023,11,1.5,4.9,0,8.1,18.7,26238.34
Spain,14-01-2023,11,-0.3,4.8,0,6.9,16.2,30803.09
Spain,15-01-2023,10.7,3.6,5.7,0,16.3,37.4,18051.34
Spain,16-01-2023,9.1,1.5,5.8,0.2,32.4,64.1,0
Spain,17-01-2023,10.6,4.2,8.2,1.9,36.8,73.8,30569.33
Spain,18-01-2023,7.1,1.8,4,0.1,24,49,24392.82
Spain,19-01-2023,8.7,0.6,4,0,23.3,47.5,18443.01
Spain,20-01-2023,13.3,6,9.4,0.2,22.8,45,29284.72
Spain,21-01-2023,11.5,1.4,7.3,1.2,12.7,28.1,31579.75
Spain,22-01-2023,8.4,-4.2,1.6,0,12.5,26.6,31698.57
Spain,23-01-2023,8.1,-2.7,2.2,0,18.3,34.6,31820.48
Spain,24-01-2023,5.9,-3.2,1.4,0,13.8,31.7,19711.18
Spain,25-01-2023,10,-1.6,3.1,0,14.9,28.1,32072.77
Spain,26-01-2023,9.1,0.3,4.3,0,13.4,32.4,27147.6
Spain,27-01-2023,9,-1.1,3.1,0.2,15.5,34.9,26796.05
Spain,28-01-2023,9.7,-2.2,2.7,0,10.9,27.7,32357.51
Spain,29-01-2023,8.1,-3.4,1.3,0,13.8,30.6,32400
Spain,30-01-2023,8.5,-2.6,2.2,0,12.4,24.1,32413.6
Spain,31-01-2023,10.3,-3.4,2.1,0,9.1,15.1,32443.82
Spain,01-02-2023,11.8,-1.4,4,0,12,22.7,32476.06
Spain,02-02-2023,13.5,0,5.8,0,13.6,25.2,32561.09
Spain,03-02-2023,15.8,-1.5,5.4,0,8.8,14.8,32667.8
Spain,04-02-2023,16.9,-2.6,5.6,0,13.7,25.9,32794.93
Spain,05-02-2023,16.9,-0.1,6.8,0,12.9,28.8,32884.66
Spain,06-02-2023,10.8,-0.9,5,0.1,21.4,47.2,32792.62
Spain,07-02-2023,9.5,1.2,5,1.5,13.4,25.6,29000.92
Spain,08-02-2023,10.9,2.3,6,0.1,19.7,38.9,25230.56
Spain,09-02-2023,9.9,1.8,5.9,0.3,11.8,24.1,18258.51
Spain,10-02-2023,9.7,1.3,4.6,0.1,10.6,26.6,33182.23
Spain,11-02-2023,10.8,-0.3,4.3,0,16.4,34.9,33462.32
Spain,12-02-2023,11.7,0.8,5.3,0,12,27.4,26661.55
Spain,13-02-2023,11.6,1.7,5.7,0,12.3,29.2,34208.04
Spain,14-02-2023,12,4,6.8,0,13.7,29.9,2118.68
Spain,15-02-2023,13.6,5.6,8.2,0,12.9,27.4,29307.84
Spain,16-02-2023,15.6,1.7,7.6,0,12.4,26.3,35281.43
Spain,17-02-2023,15.9,3,8.4,0,12.8,30.6,35442.14
Spain,18-02-2023,15.5,4.5,9.1,0,11.2,25.6,29944.39
Spain,19-02-2023,19.4,5.4,11.7,0.1,12,28.8,35063.64
Spain,20-02-2023,20.1,7.1,12.9,0.3,12.3,28.8,33139.59
Spain,21-02-2023,17.7,5.6,11.4,0.1,13,24.8,35856.53
Spain,22-02-2023,17.1,4.9,10.7,0,15.3,31.3,33999.89
Spain,23-02-2023,9.6,2.9,6.7,1.7,24.2,56.9,18867.38
Spain,24-02-2023,10.5,-3,3.5,0,12,22.7,36575.93
Spain,25-02-2023,10,-2.5,2.9,1.3,13.4,33.1,35357.84
Spain,26-02-2023,11.6,-2,4.1,0,18.9,41.8,34582.64
Spain,27-02-2023,6.4,-4,1.6,0,18.9,41.8,37059.07
Spain,28-02-2023,9.4,-4.2,2.3,0,18.9,41.4,37220.45
Spain,01-03-2023,7.5,-4.8,1,0,12,26.6,35808.78
Spain,02-03-2023,10.8,-4.3,3,0,12.7,22.3,37546.14
Spain,03-03-2023,13.9,-3.6,4.2,0,15.3,32,37710.2
Spain,04-03-2023,13.2,-0.4,5.6,0,11,20.9,37874.89
Spain,05-03-2023,11.2,-0.9,4.6,2.9,7.9,15.5,7281.87
Spain,06-03-2023,13.4,3.9,7.7,0.7,17.8,38.9,14639.14
Spain,07-03-2023,16.4,8.2,10.4,0.8,21.7,47.2,30732.31
Spain,08-03-2023,16.9,8.1,12.1,0.6,31,65.9,20907.98
Spain,09-03-2023,17.4,10.5,13.3,4.6,31.7,67.7,30490.07
Spain,10-03-2023,20.2,7.4,12.2,0,18.6,40,38869.56
Spain,11-03-2023,21.3,8,13.7,0,17.8,39.2,38467.44
Spain,12-03-2023,22.2,8.4,15.2,0,10,23.8,39145.65
Spain,13-03-2023,20.1,8.2,14.5,0,33.9,69.8,39211.7
Spain,14-03-2023,17.6,6.5,11.3,0,16.7,34.6,39277.37
Spain,15-03-2023,20.4,2.9,11.3,0,8.9,19.4,39342.69
Spain,16-03-2023,23,6.6,13.8,0,11.9,29.2,34314.44
Spain,17-03-2023,16.6,9.9,13.2,0.6,24.1,51.8,34310.04
Spain,18-03-2023,15.9,5.2,10.5,0.9,14,31.3,39536.53
Spain,19-03-2023,18.9,5.8,11.6,0,10.5,21.2,39694.31
Spain,20-03-2023,20.7,3.3,11.9,0,9.8,24.8,39619.35
Spain,21-03-2023,21.5,4.8,13.2,0,11.5,25.2,39600
Spain,22-03-2023,22,4.8,14,0,17,38.5,39935.07
Spain,23-03-2023,21.2,6.7,14,0,21.3,47.2,37978.95
Spain,24-03-2023,17.9,8,12.9,0.2,18.2,42.1,40043.62
Spain,25-03-2023,20.8,6.1,12.8,0,19.9,41.4,39600
Spain,26-03-2023,20.8,7.3,13.6,0,21.3,46.8,40054.08
Spain,27-03-2023,21.1,3,12.1,0,14.1,26.6,40833.55
Spain,28-03-2023,23.6,6.3,14.2,0,9.1,21.6,40402.93
Spain,29-03-2023,25.3,7.2,15.8,0,16.3,37.1,41250.51
Spain,30-03-2023,22,9.9,15.8,0,24.7,50.4,41422.37
Spain,31-03-2023,20.5,8.5,15.1,0,24.1,51.8,38173.31
Spain,01-04-2023,20.1,8.7,14.2,0,26.7,55.8,37596.64
Spain,02-04-2023,18.3,3.4,11.5,0,20,45.4,41881.43
Spain,03-04-2023,19.5,3.1,11.3,0,8.8,24.1,41812.61
Spain,04-04-2023,21.1,6.7,13.6,0,19.5,43.9,42322.77
Spain,05-04-2023,21.9,3.5,12.8,0,14.2,31.3,42340.59
Spain,06-04-2023,23.7,7.3,15,0,12.3,25.2,42619.17
Spain,07-04-2023,24.6,7.2,16,0,15.3,30.6,42722.27
Spain,08-04-2023,25.8,6.5,17.2,0,10.8,26.3,42822.96
Spain,09-04-2023,27.2,9,18.2,0,17,36.7,42372.17
Spain,10-04-2023,27.3,13.1,20,0,12.4,31.7,43226.25
Spain,11-04-2023,26.2,9.7,18.7,0,19.6,41.4,43435.21
Spain,12-04-2023,21.7,9.3,15.2,0.1,23.7,51.8,35725.93
Spain,13-04-2023,17.3,6.4,11.7,0,19.3,43.9,42749.35
Spain,14-04-2023,21.2,8.9,14.3,0,28.3,60.1,38063.79
Spain,15-04-2023,22.8,9.6,16,0,20,45.7,38978.18
Spain,16-04-2023,25.3,8.7,16.4,0,15.5,33.8,44662.23
Spain,17-04-2023,25.6,6.6,16.2,0,13.1,32.4,44868
Spain,18-04-2023,23.2,8.5,15.9,0,17.6,36,45015.18
Spain,19-04-2023,24.6,9.2,16.5,0,11.1,26.3,43200
Spain,20-04-2023,27.3,9.2,18.4,0,17.1,38.9,44687.03
Spain,21-04-2023,24.9,10.5,18.5,0.1,26,55.8,38364.48
Spain,22-04-2023,21.6,11.7,15.9,7.3,18.4,42.5,40964.73
Spain,23-04-2023,23.4,7.6,15.9,0,20.4,43.6,45273.81
Spain,24-04-2023,26.6,9.8,18.2,0,14.3,33.1,44962.27
Spain,25-04-2023,28.7,11.2,20.3,0,12.6,30.2,45447.25
Spain,26-04-2023,28.5,11.7,21.1,0,15.6,34.6,45505.38
Spain,27-04-2023,30.7,13.6,22.4,0,15.8,34.9,45563.25
Spain,28-04-2023,31.2,15.8,23.3,0,20.7,45,41884.43
Spain,29-04-2023,26.6,15.3,21.2,0.2,14.6,45,37755.75
Spain,30-04-2023,25.4,11.7,19,0,12.2,25.9,39813.69
Spain,01-05-2023,27.3,10.5,19.2,0,14.2,27.4,45966.32
Spain,02-05-2023,28.4,13.9,21,0,15,28.4,37997.69
Spain,03-05-2023,29.5,14.8,21.7,0,20.1,40.7,45426.44
Spain,04-05-2023,24.5,13.8,19.8,0,21.9,48.2,46327.31
Spain,05-05-2023,26.2,10.1,18.6,0,13,33.1,46488.98
Spain,06-05-2023,26.9,10.2,19.3,0,24.5,49.3,46104.84
Spain,07-05-2023,28.1,13.2,20.9,0,17.2,40.3,46721.49
Spain,08-05-2023,30.9,13.8,22,0,15.3,34.9,45989.43
Spain,09-05-2023,26.8,17.1,22,0,20,45.7,46618.63
Spain,10-05-2023,25,12.4,18.7,0,16.4,36,46798.5
Spain,11-05-2023,23.1,10.2,16.6,0,18.5,41,47446.26
Spain,12-05-2023,20.3,9.2,14.5,3.8,18.5,43.6,47514.79
Spain,13-05-2023,20.7,6.2,14.1,0.2,17.3,39.6,47831.79
Spain,14-05-2023,20.9,7.6,14.9,0.4,17.6,38.2,48029.12
Spain,15-05-2023,21.6,8,15.1,0,20.9,47.2,47312.84
Spain,16-05-2023,23.6,5.7,14.9,0,15.7,32.4,46053.52
Spain,17-05-2023,23.9,8,16.2,0,21.7,46.1,45679.72
Spain,18-05-2023,23.3,8,15.8,0,19.9,46.8,47175.31
Spain,19-05-2023,21.9,8.3,15.4,0,21.3,45.7,48881.73
Spain,20-05-2023,20.9,7.4,15,0.4,16.7,41,45692.43
Spain,21-05-2023,23,11.9,16.3,2.2,21.4,48.2,37381.28
Spain,22-05-2023,23.8,11.9,17.9,2,20.7,42.5,39243.77
Spain,23-05-2023,24.2,13.1,17.3,3.5,30.1,55.8,43389.07
Spain,24-05-2023,24.5,13,17.8,3.5,14.8,34.2,47792.59
Spain,25-05-2023,25.5,13.1,18.4,0.9,20.5,40.3,45126.46
Spain,26-05-2023,19.3,12.9,15.6,25.5,17.6,40.7,8172.21
Spain,27-05-2023,21.2,13.1,16.3,10.2,12.5,29.5,24171.78
Spain,28-05-2023,20.3,13.3,16.1,5.8,10.8,24.8,33502
Spain,29-05-2023,23.1,12,16.5,3.7,14.8,38.5,41471.16
Spain,30-05-2023,22.4,10.7,16.6,7.6,12,29.2,40193.6
Spain,31-05-2023,24,11.3,17.4,0.5,12.1,27.7,48063.34
Spain,01-06-2023,23.9,12.7,17.4,10.6,19.7,42.5,45345.12
Spain,02-06-2023,23.1,13.1,16.6,9.1,12.2,30.2,29693.65
Spain,03-06-2023,25,11.8,18.3,0,8.2,21.6,49389.54
Spain,04-06-2023,25.1,13.5,18.7,5.4,11.8,30.2,49408.7
Spain,05-06-2023,25.4,14.2,19.5,3.5,14.8,35.3,45233.9
Spain,06-06-2023,27.4,14.3,20.7,0,8.7,21.2,49441.68
Spain,07-06-2023,20.4,16.5,18.3,8.2,12,24.5,295.61
Spain,08-06-2023,21.5,15.8,18.3,6.7,11.6,28.8,13516.85
Spain,09-06-2023,23.1,14.9,18.7,1,21.4,46.1,43200
Spain,10-06-2023,25.8,14.5,20,0.4,13.7,31.7,41536.73
Spain,11-06-2023,26.5,15.2,21.2,0,17.1,38.2,46800
Spain,12-06-2023,25.4,15.1,19.9,0.6,12.7,28.4,46176.32
Spain,13-06-2023,23.3,13.2,18.8,1.6,13.9,34.2,49469.43
Spain,14-06-2023,26.5,13.9,20.6,0,9.5,20.5,44946
Spain,15-06-2023,29.9,16.4,23.4,0,13.6,26.6,49589.31
Spain,16-06-2023,32.2,18.5,25,0,14.8,27.4,49584.07
Spain,17-06-2023,34,18.9,25.7,0.1,20.4,43.9,47766.55
Spain,18-06-2023,29.8,18.5,23.4,1.2,23.6,50,48507.05
Spain,19-06-2023,29.2,17.4,23.2,3.3,20.6,44.6,44266.56
Spain,20-06-2023,26.4,16.6,22.2,0.5,18.9,41.8,49546.79
Spain,21-06-2023,28.3,14.8,21.2,2.2,16.9,40,41436.89
Spain,22-06-2023,29,14.2,21.7,0,8.9,24.5,49519.52
Spain,23-06-2023,31.8,18.9,25,0,15,29.9,49696.83
Spain,24-06-2023,34.1,19.9,27.1,0,12.6,23.8,49681.11
Spain,25-06-2023,36.5,21.1,28.9,0,16.3,35.6,49384.18
Spain,26-06-2023,36.9,20.7,29.1,0,12,29.5,49548.3
Spain,27-06-2023,34.8,22.1,28.8,0,12.4,28.1,49528.69
Spain,28-06-2023,34.7,20.4,28,0,13.4,30.2,49194.21
Spain,29-06-2023,34.9,17.7,26.4,0,22.1,48.6,49679.18
Spain,30-06-2023,30.5,16.4,23.2,0,17.9,35.3,49653.88
Spain,01-07-2023,31.8,16.7,24.4,0,12.2,29.5,49432.77
Spain,02-07-2023,33.8,21.1,26.6,0,24.4,52.6,46011.81
Spain,03-07-2023,34.5,21.3,27.9,0,20.9,47.9,49374.87
Spain,04-07-2023,33.5,18.2,27,0,15.8,31,49534.66
Spain,05-07-2023,32.1,17.5,25.9,0.2,16.9,36.4,46207.16
Spain,06-07-2023,32.5,21,26.6,0,17.6,38.5,46196.43
Spain,07-07-2023,32.9,20,25.7,0.2,17.5,41,49428.45
Spain,08-07-2023,31.1,16.5,25,0,16.8,39.2,49390.21
Spain,09-07-2023,33.2,18.8,25.7,0,14.1,33.5,49350.67
Spain,10-07-2023,37.2,16.8,28,0,16.5,37.1,49220.39
Spain,11-07-2023,36.7,19.9,29.3,0,25.1,53.6,49267.86
Spain,12-07-2023,33.2,19.9,26.7,0,16.6,37.1,42932.5
Spain,13-07-2023,33.6,19.5,27.2,0,11.2,25.9,48426.35
Spain,14-07-2023,34.7,19,28,0,22.8,49,49052.12
Spain,15-07-2023,31,19.7,25.7,0,19.6,45,48926.75
Spain,16-07-2023,32.6,17.4,25.1,0,14.3,32.8,48883.62
Spain,17-07-2023,37.9,17.4,28.3,0.1,9.9,26.6,48763.24
Spain,18-07-2023,37.8,20.7,30.5,0,22.2,48.2,48442.11
Spain,19-07-2023,36.8,23.6,30.9,0,26.2,57.2,48526.66
Spain,20-07-2023,34.1,19.2,28.1,0,23.2,51.1,48439.19
Spain,21-07-2023,31.1,18.6,25.9,0,18.9,42.8,48179.08
Spain,22-07-2023,31.9,19.2,25.5,0,14,33.5,48045.51
Spain,23-07-2023,33.9,16.4,26.6,0,21.3,44.6,48031.94
Spain,24-07-2023,31.9,17.3,25.4,0.1,16.6,38.5,47860.95
Spain,25-07-2023,31.1,15.7,24,0,15.8,32.4,47845.99
Spain,26-07-2023,33,17.1,25.3,0,12.5,29.2,47720.7
Spain,27-07-2023,32.6,20.8,26.8,0,20.4,45.7,47492.95
Spain,28-07-2023,32.9,19,26.5,0,16.1,37.1,47483.06
Spain,29-07-2023,34.6,18.6,27.5,0,21.8,45.7,47371.14
Spain,30-07-2023,35.8,20.3,28.6,0,19.7,40.3,47264.12
Spain,31-07-2023,36,21.6,29.2,0,14.3,33.5,47257.45
Spain,01-08-2023,36,20.6,29,0,18.8,38.2,47249.98
Spain,02-08-2023,35.2,21,28.3,0,19.1,41.8,47152.58
Spain,03-08-2023,31.6,20.1,25.9,0,19.1,45,47060.76
Spain,04-08-2023,29.1,15.3,22.1,0,15.6,33.8,47022.04
Spain,05-08-2023,34.4,14.6,23.9,0,20.3,42.5,46874.75
Spain,06-08-2023,35.8,19.2,26.8,0,16.3,38.2,46732.21
Spain,07-08-2023,35.6,18.5,27.2,0,20.3,41,46666.32
Spain,08-08-2023,38.2,22.5,29.7,0,15,28.4,46529.59
Spain,09-08-2023,40.4,22.6,30.9,0,16.5,51.1,46428.96
Spain,10-08-2023,37.8,21.5,30.5,0,13.6,31.3,46356.75
Spain,11-08-2023,37.7,21.6,30,0,14.1,29.5,46283.03
Spain,12-08-2023,36.8,21.3,29.6,0,11.1,29.5,46207.87
Spain,13-08-2023,36.3,23,29.8,0,17.9,39.6,46131.37
Spain,14-08-2023,34,19.5,27.2,0,15.1,36.4,46053.61
Spain,15-08-2023,34.8,17.6,27.2,0,15.3,32.8,41306.41
Spain,16-08-2023,34.3,19.4,27.4,0,13.5,32.8,45894.64
Spain,17-08-2023,34.5,19.5,27.5,0,14.8,34.9,45813.6
Spain,18-08-2023,32.8,18.5,26.3,0,19.9,43.6,45731.62
Spain,19-08-2023,35.5,19.1,27.7,0,12,29.5,45648.8
Spain,20-08-2023,38,20.3,29.5,0,12.6,27.4,45565.2
Spain,21-08-2023,38.8,22.9,31.1,0,9.4,25.2,43899.25
Spain,22-08-2023,38.9,24.2,31.6,0,11.5,28.1,45387.38
Spain,23-08-2023,38.5,23.3,30.9,0,16,33.8,45246.67
Spain,24-08-2023,38.5,23.1,31,0,14.6,29.5,45105.57
Spain,25-08-2023,37.7,20.9,30.7,0,20.9,45,44376.61
Spain,26-08-2023,31.7,21.8,26.7,0.6,32.3,69.1,29446.44
Spain,27-08-2023,24,16.3,20.5,0,24,52.6,44225.68
Spain,28-08-2023,27.6,14,20.4,0,17.8,41.8,44263.83
Spain,29-08-2023,28.5,15,21.8,0,20.4,44.3,43721.56
Spain,30-08-2023,29.1,15.5,22,0,13.5,30.6,43538.48
Spain,31-08-2023,31.3,16.3,23.5,0,11.8,27,43571.3
Spain,01-09-2023,31.2,16.5,24.4,0,17.7,41.4,42639.45
Spain,02-09-2023,23.1,17.1,19.4,8.2,18.2,41,28297.81
Spain,03-09-2023,20.2,16.3,18,75.9,21.5,55.4,0
Spain,04-09-2023,25.2,17.5,20.2,16.5,13,29.2,32400
Spain,05-09-2023,26.8,15.4,20.7,0,12,27.7,41770.23
Spain,06-09-2023,27.5,17.1,21.7,0.8,8,20.2,38187.74
Spain,07-09-2023,28.4,19.1,22.9,0.1,11.3,24.8,39463.63
Spain,08-09-2023,28.5,18,22.8,0.7,16.2,33.5,42248.84
Spain,09-09-2023,26.7,17.6,21.9,0.3,17.6,37.1,39487.73
Spain,10-09-2023,28.2,17.2,21.6,2.1,10.5,27.4,38354.38
Spain,11-09-2023,24.6,16.2,20.1,5.7,15.3,36,39693.3
Spain,12-09-2023,24.9,14.2,19.4,1.5,8.3,22.3,42023.17
Spain,13-09-2023,27.2,16.5,21.2,0,14.4,32.4,41966.42
Spain,14-09-2023,26.3,16.1,21.3,4.9,18.2,35.3,41698.4
Spain,15-09-2023,25.5,17.3,20.5,15.9,17.4,35.6,35624.6
Spain,16-09-2023,22.6,15.2,18.8,8.3,14.9,33.5,22244.79
Spain,17-09-2023,20.9,15.4,17.6,10.3,18.9,40.7,16866.44
Spain,18-09-2023,21.5,13.4,16.9,0.9,13.2,29.2,21795.86
Spain,19-09-2023,23.7,12.2,17.6,0,11.4,23.8,41165.11
Spain,20-09-2023,23.5,11.7,17.8,0,21.7,46.4,41005.7
Spain,21-09-2023,19.1,13.4,15.9,2.4,24.2,50.8,8134.94
Spain,22-09-2023,20.9,9.8,15.2,0,14,33.1,40685.01
Spain,23-09-2023,22.1,8.3,15.3,0,8,17.3,40523.92
Spain,24-09-2023,25.8,10.5,17.7,0,8,16.9,40362.44
Spain,25-09-2023,27.8,11.5,19.4,0,8.7,16.2,40200.68
Spain,26-09-2023,28,13.2,19.9,0,8.9,18.4,39923.32
Spain,27-09-2023,27.8,14,20.5,0,10.4,20.2,39169.9
Spain,28-09-2023,28.3,13.2,20.3,0,11.2,26.3,39342.04
Spain,29-09-2023,30.5,13.4,21.6,0,8.5,16.9,39115.57
Spain,30-09-2023,30,14.8,22.1,0,9.9,17.6,38893.94
Spain,01-10-2023,31,14.7,22.3,0,10.8,18.4,38778.23
Spain,02-10-2023,29.6,14.1,21.8,0,10.5,17.6,38564.18
Spain,03-10-2023,29.7,13.8,21.4,0,8.5,19.4,37723.7
Spain,04-10-2023,28.3,16.4,21.6,0,15.6,31.7,37700.19
Spain,05-10-2023,30.3,14.2,21.6,0,6.7,16.2,37789.68
Spain,06-10-2023,30.2,15.5,21.8,0,11.2,17.6,37633.97
Spain,07-10-2023,29.6,14.9,21.5,0,9.9,19.8,37220.48
Spain,08-10-2023,30.3,13.3,21,0,9,15.5,36501.45
Spain,09-10-2023,28.4,13.8,20.4,0,10.2,20.2,36350.11
Spain,10-10-2023,27.6,12.6,19.3,0,9.7,14,36678.15
Spain,11-10-2023,26.9,12.6,19.1,0,8.3,17.6,36106.35
Spain,12-10-2023,27.1,11.9,19.1,0,8.8,15.5,36338.09
Spain,13-10-2023,25.3,12,18.5,0.5,14.3,30.2,28221.81
Spain,14-10-2023,20.8,14.2,17.4,3.2,8.1,20.2,32436.07
Spain,15-10-2023,20.6,12,16.3,1,9.2,22.7,23006.86
Spain,16-10-2023,20.4,13.6,16.8,0.5,15.2,32.8,22154.84
Spain,17-10-2023,24.1,15.1,18.3,6.4,28.3,64.8,32400
Spain,18-10-2023,20.5,15.4,17.3,2.3,28.7,59.4,30691.43
Spain,19-10-2023,17.5,12.5,15.2,53,38,88.6,2327.16
Spain,20-10-2023,17.2,9.9,12.7,1.2,25.4,54.4,24977.59
Spain,21-10-2023,15.6,6.2,10.9,0,15.1,30.2,32097.77
Spain,22-10-2023,16.9,8.5,11.7,14.8,17.8,34.9,14400
Spain,23-10-2023,15.8,8.6,12,9.5,18.1,34.9,22710.41
Spain,24-10-2023,13.9,8.7,11.2,0.9,27.8,56.2,20308.18
Spain,25-10-2023,17.5,11.5,14.2,0,21.5,45,30589.65
Spain,26-10-2023,17.9,12.8,15.8,8.4,33.6,70.9,13776.31
Spain,27-10-2023,15.3,9.9,12.2,1.1,22,46.4,32749.52
Spain,28-10-2023,16.4,11.9,13.4,2.5,27.2,59.4,24616.63
Spain,29-10-2023,16,12.5,13.7,5.5,24.9,49.3,7807.55
Spain,30-10-2023,15.3,8.3,12.2,19.2,20.4,42.5,30286.68
Spain,31-10-2023,13.7,5.1,9.2,0,11.2,21.6,13532.47
Spain,01-11-2023,14.6,7,11.6,1.4,27.8,54.4,3704.69
Spain,02-11-2023,15.9,8.2,13.1,15.3,34.9,75.2,17019.86
Spain,03-11-2023,13.8,6.1,10,0,27.4,60.1,30538.43
Spain,04-11-2023,14.4,8.7,11.7,2.9,36.2,72.4,2468.88
Spain,05-11-2023,13.4,7.6,9.9,0,18.2,38.2,33681.96
Spain,06-11-2023,13.1,4.8,8.1,0.5,15.5,35.6,33548.11
Spain,07-11-2023,10.8,1.4,5.8,0.3,12.7,27.7,29802.25
Spain,08-11-2023,12.9,2.9,7.2,0.5,12.5,27.4,16111.24
Spain,09-11-2023,15.9,7.6,11.4,0.3,19.2,38.2,33116.11
Spain,10-11-2023,15.4,7.2,10.8,1.8,17.1,34.6,22484.88
Spain,11-11-2023,17.5,10.6,13.3,0,22.2,46.8,14912.29
Spain,12-11-2023,20,11.6,14.3,0.1,16.6,34.6,23800.37
Spain,13-11-2023,18.7,11.4,14.5,0,13.6,30.2,30671.79
Spain,14-11-2023,17,8.7,12.3,0,8.1,18.7,20938.77
Spain,15-11-2023,17,7.8,12,0,7.1,15.8,29394.04
Spain,16-11-2023,16.2,9.5,12.1,0,9.6,19.1,22851.81
Spain,17-11-2023,18.2,9.4,12.6,0,5.6,18,27193.55
Spain,18-11-2023,18.2,7.8,11.8,0,6.8,14.4,31050.83
Spain,19-11-2023,19.1,6.5,11.9,0,9.4,12.2,31815.65
Spain,20-11-2023,19.4,5.5,11,0,13.2,24.1,31695.49
Spain,21-11-2023,14.1,6,10,0,15.1,32.4,31162.45
Spain,22-11-2023,13.9,5.4,8.9,0,15.5,33.5,30230.08
Spain,23-11-2023,14,0.5,6.4,0,11.9,24.1,31064.61
Spain,24-11-2023,15.6,0.6,6.7,0,10,15.5,31181.06
Spain,25-11-2023,15.9,3.3,8.2,0,8.7,15.5,30839.89
Spain,26-11-2023,14.9,2.8,7.7,0,10.2,15.1,29409.63
Spain,27-11-2023,11.2,4.2,7.4,0,14.1,30.6,28098.56
Spain,28-11-2023,11.8,7.2,9,0.1,15,33.8,21591.29
Spain,29-11-2023,14.5,10,12,0.5,20.2,39.2,9049.75
Spain,30-11-2023,14.9,12.3,13.2,12.8,33.4,71.6,0
Spain,01-12-2023,13.5,6,9,28.9,21.1,50,22480.88
Spain,02-12-2023,10.9,2.9,6.6,0,14,31,29721.03
Spain,03-12-2023,8.5,-1.3,4,0,10.9,24.8,25534.97
Spain,04-12-2023,10,5.3,6.8,1.4,18.4,38.9,27556.85
Spain,05-12-2023,9,2.4,6,0,11.1,21.6,14400
Spain,06-12-2023,10.4,1,6.5,0,9.2,17.3,21638.75
Spain,07-12-2023,9.2,2.1,6,10.2,11.2,23.8,6346.38
Spain,08-12-2023,12,4.1,8.6,0.2,23.5,46.4,29096.08
Spain,09-12-2023,11.8,3.7,7.3,0,19.1,39.6,20267.51
Spain,10-12-2023,12.5,8.4,10.3,0.4,10.5,22.3,0
Spain,11-12-2023,12.7,7,9.9,0,7.7,15.8,11799.21
Spain,12-12-2023,12.1,6.4,9,0.5,19.3,37.4,0
Spain,13-12-2023,12,5.2,9.6,0.9,17.6,38.9,23643.2
Spain,14-12-2023,11.9,3.3,7,0,14.1,30.2,29066.68
Spain,15-12-2023,14,1.7,6.1,0,10.2,23.4,29691.42
Spain,16-12-2023,12,-2.2,4.3,0,8.1,11.9,29712.26
Spain,17-12-2023,12.1,-0.6,4.4,0,10.3,15.1,29688.32
Spain,18-12-2023,11.5,-1.2,4.1,0,9.4,13,29668.78
Spain,19-12-2023,10.4,-1.1,3.5,0,10.9,18,29653.7
Spain,20-12-2023,11.6,-1.6,4.2,1.4,12.5,28.4,22725.6
Spain,21-12-2023,12.7,-1.4,4.8,0,9.2,12.6,29637.21
Spain,22-12-2023,12.8,-0.3,4.9,0,10.5,19.1,29635.93
Spain,23-12-2023,11.9,-1,4,0,10,13.3,29639.36
Spain,24-12-2023,11.8,-1.9,3.7,0,8.4,12.6,29647.78
Spain,25-12-2023,10.2,-1.5,3.6,0,10.6,13.7,29661.22
Spain,26-12-2023,8.2,-1.6,2.2,0,7.7,13.3,29679.43
Spain,27-12-2023,9.1,-0.5,2.7,0,8.2,15.5,29702.32
Spain,28-12-2023,9.7,-1.9,2.7,0,6.6,12.2,21195.67
Spain,29-12-2023,7.7,0.3,3.6,0.4,8.3,30.6,987.76
Spain,30-12-2023,11.3,-0.6,4.5,0,9.4,15.8,29798.23
Spain,31-12-2023,10.4,2.7,6.1,0,16.6,32,12872.45
