Country,Date,Temp_Max,Temp_Min,Temp_Mean,Precipitation_Sum,Windspeed_Max,Windgusts_Max,Sunshine_Duration
Thailand,01-01-2000,32.3,18.4,25.2,0,9.8,25.2,37591.34
Thailand,02-01-2000,31.5,19.2,25.2,0,13.5,31.7,37606.21
Thailand,03-01-2000,32.1,21.4,26.3,0,12.5,30.6,28430.3
Thailand,04-01-2000,32.5,19.9,26.4,0,7.6,21.2,36180.17
Thailand,05-01-2000,32.8,19.9,26.7,0,7.5,15.8,37659.25
Thailand,06-01-2000,33.2,20.2,27,0,8.9,16.2,37679.61
Thailand,07-01-2000,32,21.2,26.7,0.2,6.9,20.2,37532.63
Thailand,08-01-2000,32.5,21.9,26.9,0.8,9.3,23.4,37135.2
Thailand,09-01-2000,32.4,22.8,27.2,0,5.8,19.1,37748.17
Thailand,10-01-2000,33,22.6,27.5,0,6.6,18.4,37773.37
Thailand,11-01-2000,32.6,22.8,27.8,0.3,5.9,19.8,37799.67
Thailand,12-01-2000,33.4,23.1,28,0.3,7.2,18,37827.03
Thailand,13-01-2000,33.6,22.5,27.3,0,10.3,23,37855.4
Thailand,14-01-2000,33.3,18.3,25.9,0,10.2,22.3,37884.76
Thailand,15-01-2000,33.4,17.4,25.2,0,9.7,20.5,37915.04
Thailand,16-01-2000,33.8,16.1,25,0,10,16.6,37946.23
Thailand,17-01-2000,33.6,17.4,25.6,0,7.9,17.6,37978.25
Thailand,18-01-2000,31.2,20,25.6,0,14.6,37.1,38011.1
Thailand,19-01-2000,27.2,21.3,24.1,0,20.9,45.7,38044.81
Thailand,20-01-2000,25.5,18.4,22.4,1.9,18.4,36,36413.32
Thailand,21-01-2000,29.4,20,24.6,0,18.4,39.2,31822.54
Thailand,22-01-2000,30.5,20.4,25.2,0,14.2,34.2,38153.55
Thailand,23-01-2000,31.5,18,24.9,0,10.5,26.3,38192.12
Thailand,24-01-2000,32.8,17,25.1,0,7.9,23,38231.75
Thailand,25-01-2000,31.7,21.3,26.4,0,18.8,42.5,38272.36
Thailand,26-01-2000,28.8,21.8,24.9,1.8,21.2,43.6,35198.09
Thailand,27-01-2000,27.8,17.9,22.7,0,23.1,48.6,38356.27
Thailand,28-01-2000,27.5,16.5,21.8,0,19.7,42.8,38399.45
Thailand,29-01-2000,28.5,17,22.4,0,17.9,41.4,38443.36
Thailand,30-01-2000,28.1,17.3,22.4,0,21.7,46.1,38487.95
Thailand,31-01-2000,28.2,17.3,22.4,0,19.6,44.6,38533.14
Thailand,01-02-2000,27.6,16.3,21.6,0,20.9,43.9,38578.89
Thailand,02-02-2000,28,15,21.3,0,17.1,38.5,38625.12
Thailand,03-02-2000,29,13.6,21.5,0,10.6,28.1,38671.8
Thailand,04-02-2000,30.6,13.5,22.4,0,8.9,24.8,38718.87
Thailand,05-02-2000,31.9,14.8,23.6,0,13.1,32.8,38766.25
Thailand,06-02-2000,31.3,18.1,24.5,0,15.4,36,38813.91
Thailand,07-02-2000,31.5,17.4,24.5,0,13.4,31,38861.79
Thailand,08-02-2000,30.3,18.6,24.1,0,20.2,43.2,38909.86
Thailand,09-02-2000,30.9,18.1,24.5,0,14.1,33.5,38958.48
Thailand,10-02-2000,32.2,17.9,25.4,0,10.2,24.5,39007.88
Thailand,11-02-2000,32.9,16.4,25.1,0,8.5,18.7,39057.96
Thailand,12-02-2000,33.7,18.8,26.4,0,8.4,19.1,39108.7
Thailand,13-02-2000,34.3,19.4,27.1,0,7.8,17.6,39160.01
Thailand,14-02-2000,34.8,21,28.1,0,9.4,16.9,39211.84
Thailand,15-02-2000,33.5,23.1,28.4,0,13.8,33.8,38128.43
Thailand,16-02-2000,32.3,22.7,27.8,3.5,10.1,24.5,38564.57
Thailand,17-02-2000,33.6,23.2,28.3,0,9.5,25.9,39369.9
Thailand,18-02-2000,32.6,23.7,27.5,3,12.6,28.1,39423.26
Thailand,19-02-2000,32.7,23.4,27,11.2,11.7,28.8,39476.86
Thailand,20-02-2000,32.2,23.4,27.1,9.7,9.9,27.7,37743.23
Thailand,21-02-2000,33.1,23.3,27.1,4.1,11.5,29.2,38545.88
Thailand,22-02-2000,33.3,23.4,27.6,1,10.5,24.8,37758.77
Thailand,23-02-2000,34.3,23.7,28.8,0.4,8.7,22,39600
Thailand,24-02-2000,34.6,24.4,28.6,2.2,12.4,26.6,36943.94
Thailand,25-02-2000,31.3,23.5,26.5,17.7,13.8,36,30766.3
Thailand,26-02-2000,27.2,22.1,24.4,0.5,21.2,46.1,33363.02
Thailand,27-02-2000,28,19.5,23.5,0,18.8,36.7,39600
Thailand,28-02-2000,31.3,19.5,25.5,0,12.2,32,39600
Thailand,29-02-2000,28.7,22.6,24.8,0.2,19.1,41,35089.39
Thailand,01-03-2000,25,18.8,21.7,7.4,18.7,38.9,33995.41
Thailand,02-03-2000,26,19.4,21.8,7.4,11.9,26.6,27518.75
Thailand,03-03-2000,30.2,19.8,24.5,0.2,8.2,24.5,39600
Thailand,04-03-2000,32.1,20.6,26.4,0,7.8,17.6,39600
Thailand,05-03-2000,34.1,21.1,27.8,0,7.9,20.2,39600
Thailand,06-03-2000,34.3,19.6,27,0,6.6,20.2,39600
Thailand,07-03-2000,34.6,20.8,27.6,0,7.4,19.8,39600
Thailand,08-03-2000,34.9,20.2,27.1,0,9.9,23.8,39600
Thailand,09-03-2000,34.6,21.8,27.8,0,10,21.6,39600
Thailand,10-03-2000,33.1,23.2,27.9,0.3,9.9,27,39600
Thailand,11-03-2000,34.8,22.4,28.3,0,11.7,27,39606.77
Thailand,12-03-2000,34,20.5,26.9,0,9.3,22.7,39666.23
Thailand,13-03-2000,34.2,20.3,26.9,0,9.7,19.4,39730.45
Thailand,14-03-2000,35.3,18.4,27.1,0,7.1,16.6,39799.23
Thailand,15-03-2000,34.9,21.9,28.1,0,9.6,23.8,39600
Thailand,16-03-2000,35.3,21.2,28.3,0,9.1,20.2,39799.14
Thailand,17-03-2000,35.4,21.4,28.4,0,9.8,19.4,39875.75
Thailand,18-03-2000,35.5,23,29.3,0,8.7,25.2,39796.61
Thailand,19-03-2000,35,24,29.6,0,9.9,22.7,39794.54
Thailand,20-03-2000,35.1,25.1,29.6,1.4,8.7,22.7,39623.74
Thailand,21-03-2000,34.8,25.7,29.3,1,7.1,19.8,36274.99
Thailand,22-03-2000,34.7,25.2,29.3,1.4,8.7,24.1,34955.95
Thailand,23-03-2000,33.6,24.7,28.8,6.9,9.1,21.6,32913.24
Thailand,24-03-2000,32.3,24.2,28,10.1,17.1,43.9,22396.85
Thailand,25-03-2000,33.7,24.6,28.5,0,18.1,40.3,39677.08
Thailand,26-03-2000,32.7,23.5,27.8,0,23.8,50.4,39429.19
Thailand,27-03-2000,32.4,23,27.8,0,16.9,37.1,39584.9
Thailand,28-03-2000,34.8,22.9,28.8,0.7,11.9,32,39672.86
Thailand,29-03-2000,34.7,25.4,30,0,12.3,29.5,39746.52
Thailand,30-03-2000,34.1,24.5,28.9,5.2,11.2,22.7,39363.19
Thailand,31-03-2000,32.7,24.1,28,10.9,9.1,30.6,37269.26
Thailand,01-04-2000,34.2,24.9,29.4,0.2,11.6,26.3,40469.72
Thailand,02-04-2000,33.9,26,30.1,0,12.4,26.6,40364.8
Thailand,03-04-2000,35.1,26.1,30.6,0,14.3,29.9,40804.25
Thailand,04-04-2000,36.1,26.3,31.2,0,13.1,25.9,41255.12
Thailand,05-04-2000,35.8,26.6,31.1,0.5,11.4,29.2,41041.8
Thailand,06-04-2000,35.2,25.1,29.8,4.6,11.3,29.9,40252.61
Thailand,07-04-2000,34.3,25.9,29.2,4.6,7.1,23.4,39905
Thailand,08-04-2000,34.8,24.7,29.4,1.2,5.8,20.2,39108.51
Thailand,09-04-2000,34.6,25.9,30,0,7.3,19.4,39600
Thailand,10-04-2000,31.7,26.7,28.8,14,10,28.1,18290.22
Thailand,11-04-2000,30.3,24.2,26.2,30.2,13,31,11708.53
Thailand,12-04-2000,31,23.9,26.5,14,8.7,21.6,25034.39
Thailand,13-04-2000,28.9,23.2,25.5,11.9,6.2,24.1,25662.1
Thailand,14-04-2000,30,23.2,26.2,5.4,9.4,22.3,35772.9
Thailand,15-04-2000,31,23.4,26.5,4,10,25.9,34211.99
Thailand,16-04-2000,28.2,23.7,25.5,14.7,19.1,41.4,7306.68
Thailand,17-04-2000,29.9,23.4,26.1,0.5,13,29.5,38571.01
Thailand,18-04-2000,31.3,23.3,27.2,1.9,7.1,18.4,40983.98
Thailand,19-04-2000,30.7,24.4,27.1,6.1,7.8,21.6,33371.88
Thailand,20-04-2000,32,24.4,27.7,1.7,7.2,20.2,37837.07
Thailand,21-04-2000,31.6,24.5,27.6,6.6,8,20.2,34548.1
Thailand,22-04-2000,31.4,24.7,27.5,1.7,9.8,25.2,30235.07
Thailand,23-04-2000,31,23.9,27.4,2.6,8.9,21.2,42138.36
Thailand,24-04-2000,31.6,24.9,27.7,4.7,9.5,25.2,40249.02
Thailand,25-04-2000,33,24.9,28.6,1.2,10.2,25.6,42204.72
Thailand,26-04-2000,32.6,24.9,28,4.3,11.9,27.7,40710.4
Thailand,27-04-2000,32.5,25.2,27.9,16.7,10,28.8,40995.23
Thailand,28-04-2000,31.7,24.7,27.9,1.1,8.7,28.1,39597.99
Thailand,29-04-2000,32.8,24.8,28.1,2.3,10.4,32,41824.29
Thailand,30-04-2000,32.1,24,28,2.2,5.4,22.3,41413.08
Thailand,01-05-2000,32.6,24.1,28,3.6,10,28.8,42381.71
Thailand,02-05-2000,31.8,24.2,28,9.6,7.6,26.3,42408.66
Thailand,03-05-2000,33,24.4,27.5,16.3,7,28.4,34934.68
Thailand,04-05-2000,30.8,23.8,26.7,16.4,8.4,22,32971.84
Thailand,05-05-2000,31.3,24.2,27.3,6.3,7.8,21.6,39138.95
Thailand,06-05-2000,32.1,24.3,27.8,3.7,8.3,24.1,40028.72
Thailand,07-05-2000,31.8,24.5,27.9,4.9,8.6,24.5,41430.07
Thailand,08-05-2000,32.3,24.8,28.1,3.1,8.4,22.7,42555.47
Thailand,09-05-2000,32.8,24.9,28.9,0,9.4,25.2,42432.64
Thailand,10-05-2000,33.3,25.1,29,7.1,8.5,26.6,42598.21
Thailand,11-05-2000,32.2,25.4,28.4,10,8.4,21.2,41293.16
Thailand,12-05-2000,31.8,24.8,27.7,15.1,8.4,19.8,41023.14
Thailand,13-05-2000,30.6,24.7,26.8,15,8.5,23.4,31668.2
Thailand,14-05-2000,29.6,24.1,26.3,18.8,10.5,27.4,16745.7
Thailand,15-05-2000,30.8,24.3,26.4,21.6,13.5,34.6,32346.69
Thailand,16-05-2000,31,24.8,26.8,8.5,16.1,37.8,29818.5
Thailand,17-05-2000,29.7,24.6,26.5,18.5,12.6,36.7,22558.58
Thailand,18-05-2000,32,24.5,27.2,25.1,12.4,40,42047.7
Thailand,19-05-2000,31.3,24.9,27,22.5,13.2,32,34390.14
Thailand,20-05-2000,28.1,24.2,25.6,26.3,14.3,36.4,5308.75
Thailand,21-05-2000,26.9,23.4,24.9,10.5,11.1,28.1,17088.97
Thailand,22-05-2000,28.8,24,25.9,15.9,7.7,21.6,14873.9
Thailand,23-05-2000,31.3,23.5,27.4,1,6.4,23.4,42820.98
Thailand,24-05-2000,31.6,24.2,27.8,1.8,12.9,31.3,42825.91
Thailand,25-05-2000,31.6,24.9,27.8,0.9,13.5,34.6,40768.96
Thailand,26-05-2000,31.8,24.5,27.7,4.3,12.4,36.4,42805.77
Thailand,27-05-2000,31.5,23.7,27.7,0.3,8.5,26.3,42924.98
Thailand,28-05-2000,32.3,24.5,28.1,1.9,7.4,20.9,42835.88
Thailand,29-05-2000,31.9,24.9,28,15.6,9.5,22.7,42817.95
Thailand,30-05-2000,31.5,24.8,27.3,18.4,8.1,23.4,39636.95
Thailand,31-05-2000,31.7,24.6,27.1,12.4,9.8,20.9,33556.07
Thailand,01-06-2000,31.4,24.6,27.2,10.9,7.4,25.9,41164.21
Thailand,02-06-2000,29.6,24.6,26.6,9.1,7.2,21.6,14957.39
Thailand,03-06-2000,29.2,24.1,25.8,20.7,9.4,27,26898.64
Thailand,04-06-2000,29.7,24.1,26.1,19.2,12.9,29.5,31907.65
Thailand,05-06-2000,30.3,23.8,26.5,5.6,9.7,26.3,37409.24
Thailand,06-06-2000,31,23.5,26.5,18.6,7.1,25.2,40633.68
Thailand,07-06-2000,31.7,23.9,27.9,0,9.7,23.4,43104.39
Thailand,08-06-2000,31.7,25,27.8,15.6,11.2,34.2,42811.3
Thailand,09-06-2000,31.6,24.6,27.6,1,14.4,33.8,42710.95
Thailand,10-06-2000,31.6,24.9,27.5,2.2,14.3,35.6,36983.75
Thailand,11-06-2000,30.9,24.9,27.7,2.2,15.1,38.2,42873.54
Thailand,12-06-2000,31.1,25.1,27.3,1.6,19,46.4,40775.2
Thailand,13-06-2000,29.7,24.1,26.7,1,13.7,44.3,22271.76
Thailand,14-06-2000,31.6,24.5,27,25,13.6,37.1,31860.65
Thailand,15-06-2000,30.8,24.9,27.1,17,14.1,42.1,29032.81
Thailand,16-06-2000,29.8,24.5,26.4,10,13.4,28.8,5060.32
Thailand,17-06-2000,29.3,24.4,26.3,8.3,8.9,34.6,17635.53
Thailand,18-06-2000,27.3,24.2,25.7,6.2,7.7,27,1238.13
Thailand,19-06-2000,30.8,23.7,27.1,6.6,11.3,23.4,37561.31
Thailand,20-06-2000,29.5,24.4,26.3,11.4,9.4,24.8,28946.6
Thailand,21-06-2000,29.7,23.9,26.8,1.8,7.7,22,35970.8
Thailand,22-06-2000,30.5,24.4,27.3,2.6,8.7,29.5,32231.73
Thailand,23-06-2000,30.8,24.2,27.1,2.4,12.6,34.6,35400.89
Thailand,24-06-2000,30.9,23.9,27.2,0,11.4,35.6,39303.71
Thailand,25-06-2000,29.6,24.5,26.9,0,11.1,36.7,31640.93
Thailand,26-06-2000,28.8,24.6,26.4,1,11.8,31.7,1314.26
Thailand,27-06-2000,29.5,23.8,26.4,2.1,11.7,29.2,35501.36
Thailand,28-06-2000,31.2,23.2,27.2,0.8,11.2,22,42804.92
Thailand,29-06-2000,31.2,23.7,27.3,8.9,7.6,20.5,42909.14
Thailand,30-06-2000,31.1,24.1,27,7.3,8,20.5,40961.64
Thailand,01-07-2000,31.4,23.2,26.8,9.8,6.7,23,42577.16
Thailand,02-07-2000,31.5,24.5,27.4,5.4,5.4,20.5,39790.43
Thailand,03-07-2000,30.4,24.7,26.9,10,7.2,18.4,40916.85
Thailand,04-07-2000,31.3,24.4,27.3,5.7,8.5,22.7,40189.95
Thailand,05-07-2000,29.8,24.3,26.6,24.9,14,28.4,28981.75
Thailand,06-07-2000,29.4,24.3,26.1,5.9,11.2,29.5,22130.81
Thailand,07-07-2000,28.5,24.3,25.6,6.1,15,37.4,15433.19
Thailand,08-07-2000,29.8,24.4,26.4,10.6,14.8,43.6,36082.18
Thailand,09-07-2000,27.4,23.9,25.7,4.8,17.1,32.8,10342.85
Thailand,10-07-2000,29.8,24,25.8,25.8,12.8,34.6,21602.14
Thailand,11-07-2000,27.8,24,25.4,17.9,13,39.2,11463.11
Thailand,12-07-2000,25.8,23.7,24.5,20.3,12,42.1,0
Thailand,13-07-2000,28.9,23.6,26,1.1,11.7,40,37669.71
Thailand,14-07-2000,29.8,23,26.7,0,15.5,36,42677.36
Thailand,15-07-2000,30.4,23.8,27,8.4,11.6,31.7,40134.91
Thailand,16-07-2000,30.3,24.1,26.4,23.2,15.2,37.1,32597.09
Thailand,17-07-2000,28.7,24.2,25.9,9.4,15.3,50.4,17391.29
Thailand,18-07-2000,29.3,23.9,26.4,2.2,16.1,42.5,17004.61
Thailand,19-07-2000,27.9,24.2,26.1,0.2,10.7,27,11931.27
Thailand,20-07-2000,27.5,24,25.9,2.7,11.2,23.8,11394.53
Thailand,21-07-2000,30.2,24,26.5,2.5,9.9,25.9,35757.72
Thailand,22-07-2000,30.1,23.5,26.6,0.1,9.7,26.6,35302.26
Thailand,23-07-2000,29.8,23.2,26.5,1.6,11.9,28.8,33523.23
Thailand,24-07-2000,30.6,23.3,26.7,12.4,10,30.6,41449.88
Thailand,25-07-2000,30.3,23.8,26.2,9,9,27.7,31516.37
Thailand,26-07-2000,30,23,26.3,0.9,14,40.7,40779.46
Thailand,27-07-2000,30.6,23.1,27.1,0.1,10.9,34.6,42897.27
Thailand,28-07-2000,31.4,23.4,27.4,3.7,8.6,28.8,42088.07
Thailand,29-07-2000,31.5,24.2,27.3,3.3,10.4,26.3,40451.51
Thailand,30-07-2000,31,24.1,27.2,6.1,8.2,23,40858.64
Thailand,31-07-2000,31,24.4,27.3,5.9,9.8,30.6,35992.46
Thailand,01-08-2000,32.3,24.3,28.1,1.2,9.5,29.5,42707.68
Thailand,02-08-2000,31.1,24,27.5,1,11.9,31.7,40200.96
Thailand,03-08-2000,30.7,25.4,27.7,3.6,11.9,35.6,32531.62
Thailand,04-08-2000,31.2,24.3,27.1,8.9,11.4,31,33276.05
Thailand,05-08-2000,28.9,24.6,26.4,1.9,13,33.1,22050.24
Thailand,06-08-2000,30,24.6,26.8,2.4,12.2,29.2,32962.29
Thailand,07-08-2000,30.3,24,26.7,21,9.7,25.6,25134.24
Thailand,08-08-2000,29.9,23.6,26,6.9,9.4,24.8,10844.81
Thailand,09-08-2000,29.6,23.2,25.8,9.1,9.7,27.7,19657.4
Thailand,10-08-2000,30.2,23.7,26.6,5.4,5.5,24.5,39604.18
Thailand,11-08-2000,31.7,24,27.6,0.6,6.6,23.4,42280.32
Thailand,12-08-2000,32.1,24.1,28,1.9,9.6,29.9,42001.24
Thailand,13-08-2000,32,24.6,28.1,1.6,9.4,34.2,41254.41
Thailand,14-08-2000,31.7,24.7,27.9,0.7,12.7,31.3,38039.95
Thailand,15-08-2000,31.6,23.4,27,2.9,14.2,34.9,41374.05
Thailand,16-08-2000,30.7,23.8,27.2,6.1,11.9,34.6,41859.61
Thailand,17-08-2000,31.5,23.7,27,10.5,10.8,25.6,39621.13
Thailand,18-08-2000,30.1,23.7,26.6,10.2,10.7,23,39985.39
Thailand,19-08-2000,30.3,23.9,26.5,2.1,7.5,20.2,34922.4
Thailand,20-08-2000,31.4,23.5,26.9,6.3,8.7,23.4,39328.88
Thailand,21-08-2000,32,23.9,27.3,6.9,8,22.7,33956.35
Thailand,22-08-2000,30.3,24.2,26.5,12.3,11.6,27,792.57
Thailand,23-08-2000,25.2,24.1,24.5,84.7,14.1,37.4,0
Thailand,24-08-2000,25.7,23.5,24.4,38.4,13.7,33.1,248.09
Thailand,25-08-2000,30.4,23.7,26.3,13,9.9,36.4,38414.31
Thailand,26-08-2000,29.3,24.2,25.9,28.2,11.3,34.2,21400.45
Thailand,27-08-2000,29.9,23.8,26,18.7,12.5,28.8,23278.92
Thailand,28-08-2000,26.4,24,25.1,30.2,13,26.3,0
Thailand,29-08-2000,29.2,23.5,25.5,9.1,13.7,42.5,18753.94
Thailand,30-08-2000,27.4,23.6,25.3,4.1,13.2,37.1,12318.29
Thailand,31-08-2000,29.3,23.7,26.2,5.5,14,42.8,35170.4
Thailand,01-09-2000,29.1,23.8,25.8,3.2,15.8,42.1,12554.57
Thailand,02-09-2000,28.4,24,25.3,28.5,14.4,35.3,10221.18
Thailand,03-09-2000,26,23.8,24.7,18.8,13.1,28.8,3701.3
Thailand,04-09-2000,27.4,23.7,25.1,13.3,12.7,37.8,8243.08
Thailand,05-09-2000,25.3,23,24.2,15.7,12.5,30.6,403.6
Thailand,06-09-2000,27,22.8,24.9,1.6,11,30.2,10157.31
Thailand,07-09-2000,28.7,22.8,25.8,0.7,9.7,34.6,37082.21
Thailand,08-09-2000,30.2,23.8,26.3,11.4,11.5,33.1,26488.15
Thailand,09-09-2000,27.5,23.6,24.8,7.6,6.4,18,11671.01
Thailand,10-09-2000,30,23.5,26.1,11.8,13.3,38.2,28764.83
Thailand,11-09-2000,27.4,23.9,24.9,39.6,15,27.7,6593.68
Thailand,12-09-2000,28.9,24,25,24.3,14.2,32,12590.17
Thailand,13-09-2000,30,23.6,26.2,12.5,8.1,27.4,36876.01
Thailand,14-09-2000,27.3,23.5,25.1,14.7,8.1,23.8,17871.49
Thailand,15-09-2000,30,23.2,26.6,0.1,7.2,23.8,38688.05
Thailand,16-09-2000,31,22,26.3,0,9.9,23.8,41454.74
Thailand,17-09-2000,31,18.6,25.2,0,6.9,18.4,41402.74
Thailand,18-09-2000,31.2,20.4,26.1,0,6.3,14,41350.4
Thailand,19-09-2000,31.2,20.8,26.3,0,5.6,15.5,41297.73
Thailand,20-09-2000,30.9,21.2,26.4,0.3,7,18.4,41244.79
Thailand,21-09-2000,31.7,23.3,27.3,0,11,31,40849.66
Thailand,22-09-2000,31.4,23.4,27.1,0.7,6.8,27,38624.82
Thailand,23-09-2000,29.5,23.5,25.9,8,8.3,22.3,30591.38
Thailand,24-09-2000,30.1,23.5,26.6,14.4,6.3,23.8,38996.94
Thailand,25-09-2000,29.7,23.3,26.3,5.7,7.1,26.3,30104.46
Thailand,26-09-2000,30.6,23.3,26.6,3.4,7.1,22.3,36972.16
Thailand,27-09-2000,30.1,23.5,26,26.4,7.6,20.2,30612.14
Thailand,28-09-2000,29.1,23.7,25.3,12.6,9.4,24.8,16162.15
Thailand,29-09-2000,29.8,23.1,25.8,3.4,10.1,29.2,35507.62
Thailand,30-09-2000,30.2,23.1,25.9,5,7.9,28.1,32816.97
Thailand,01-10-2000,30.8,22.8,26.2,8.3,6.8,22.7,38766.79
Thailand,02-10-2000,31.4,23.4,26.8,2.6,6.2,20.5,39968.58
Thailand,03-10-2000,31.5,23.1,27,0.7,5.4,16.6,40157.05
Thailand,04-10-2000,30.2,23,26.1,3.1,8.1,23.8,33836.18
Thailand,05-10-2000,30.8,23,26.2,11.4,8.7,17.3,32935.05
Thailand,06-10-2000,29.4,23,25.6,10.6,7.1,17.3,36636.74
Thailand,07-10-2000,30.1,22.7,26.2,3,6.8,18.4,32614.53
Thailand,08-10-2000,30.7,23.8,26.8,1.1,6.8,18.4,36435.32
Thailand,09-10-2000,30.6,23.1,26.5,2.7,7.2,19.8,38809.57
Thailand,10-10-2000,30.4,23.2,26.2,5.5,5.5,21.2,37516.97
Thailand,11-10-2000,30.7,23.6,26.2,3.5,8.1,20.9,21502.96
Thailand,12-10-2000,31,23.6,26.4,11.3,7.6,22.7,34369.37
Thailand,13-10-2000,31,23.9,26.4,12.8,6.2,31,29520.84
Thailand,14-10-2000,29.9,23.6,25.7,6.7,5.9,17.6,30314.11
Thailand,15-10-2000,27.6,23.2,25.2,0.2,14.1,28.4,34286.05
Thailand,16-10-2000,28.9,23.7,25.9,0,10.8,23,28530.02
Thailand,17-10-2000,29.3,22.7,26,0,11.8,29.5,30353.28
Thailand,18-10-2000,29.8,23.4,26.3,0.5,11.6,28.8,37940.61
Thailand,19-10-2000,30.2,23.7,26.5,5.1,5.2,19.8,38143.04
Thailand,20-10-2000,30.6,23.7,26.7,7.3,7.2,19.1,37688.59
Thailand,21-10-2000,30.5,23.9,26.5,2.5,6.9,18,37353.52
Thailand,22-10-2000,29.9,23.6,25.9,8.9,5.4,15.8,33842.86
Thailand,23-10-2000,28.5,23.6,24.9,20.3,8.2,18.7,14651.35
Thailand,24-10-2000,28.8,22.9,25.3,6.7,14.6,31,27773.71
Thailand,25-10-2000,30.3,22.7,25.8,2,11.3,29.5,37030.46
Thailand,26-10-2000,30.4,22.7,26.3,0,12,27.7,37895.84
Thailand,27-10-2000,30.8,22.5,26.4,0.2,12.7,29.5,37998.98
Thailand,28-10-2000,31.2,22.9,26.5,2.8,12.6,36.7,37464.36
Thailand,29-10-2000,30,23.9,26.4,1.1,12.6,41.8,34950.85
Thailand,30-10-2000,29.4,23.3,26,0,14.3,30.6,37670.73
Thailand,31-10-2000,29.3,21.7,25.3,0.1,10.4,24.8,36160.2
Thailand,01-11-2000,27.6,19.5,24,0.5,15.6,37.1,37185.4
Thailand,02-11-2000,26.7,15,20.7,0,16.1,34.6,38573.97
Thailand,03-11-2000,26.9,14.4,20.5,0,9.1,23.4,38459.55
Thailand,04-11-2000,27.6,13,20.7,0,7.7,18.4,38348.16
Thailand,05-11-2000,27.8,13.8,21.4,0,8.3,16.9,38138.82
Thailand,06-11-2000,28.2,16.1,22.5,0,7.4,16.2,37834.57
Thailand,07-11-2000,29.5,16.8,23.4,0,8.5,14.4,37633.07
Thailand,08-11-2000,29.9,18.7,24.4,0,8.3,18.4,37435.02
Thailand,09-11-2000,30.4,19.9,25.3,0,9.4,24.5,36768.63
Thailand,10-11-2000,30.5,18.8,24.6,0,10.6,25.9,37423.88
Thailand,11-11-2000,31,20.5,25.5,0,12.2,29.9,37047.11
Thailand,12-11-2000,30.2,21.6,25.5,0,14.2,37.1,36494.34
Thailand,13-11-2000,29.4,22.1,25.2,0,14.4,31,36153.61
Thailand,14-11-2000,31,20.1,25.3,0,12.9,31.7,32895.6
Thailand,15-11-2000,31.7,21,26.2,0,14.6,30.2,36497.11
Thailand,16-11-2000,31.5,21.8,26.4,0,15.6,37.4,36006.48
Thailand,17-11-2000,30.1,23.7,26.5,0,18.1,41.8,35747.88
Thailand,18-11-2000,29.4,22.8,25.5,0,12.4,34.9,33033.68
Thailand,19-11-2000,31.2,20.9,25.8,0,11.3,29.9,36263.11
Thailand,20-11-2000,30.8,21.4,26.1,0,19.2,50.4,36435.68
Thailand,21-11-2000,28.9,20.5,24.3,0,17.8,37.8,36603.88
Thailand,22-11-2000,29.1,18.5,23.5,0,13,31.7,36693.15
Thailand,23-11-2000,29.7,19.1,24,0,11.6,28.4,36000
Thailand,24-11-2000,30.6,18.8,24.7,0,10.2,26.6,36072.12
Thailand,25-11-2000,31.6,21.5,26.4,0,12.6,30.6,36122.77
Thailand,26-11-2000,31.3,22.9,26.4,2.7,14.8,34.9,32400
Thailand,27-11-2000,31.7,22.3,26.8,0,13,31.7,36392.15
Thailand,28-11-2000,31.7,22.4,26.8,0,15.3,33.8,36302.84
Thailand,29-11-2000,31.9,22.8,26.8,0,12.7,28.4,36212.9
Thailand,30-11-2000,32.2,21,26.5,0,8.6,22.7,36000
Thailand,01-12-2000,32.6,21.5,27.1,0,7.3,20.9,36486.35
Thailand,02-12-2000,32.3,21.5,27,0,8.8,24.1,36395.98
Thailand,03-12-2000,31.4,21.8,26.6,0,15.5,33.1,36112.92
Thailand,04-12-2000,28.8,21.4,25,0,17,36,36304.82
Thailand,05-12-2000,30.5,18.6,24.5,0,10.4,26.6,36000
Thailand,06-12-2000,30.6,19.9,24.7,0,11.3,27.4,36116.79
Thailand,07-12-2000,31,18.3,24.6,0,12,27,36210.1
Thailand,08-12-2000,30.3,21.3,25.6,0,15.6,38.2,22428.88
Thailand,09-12-2000,31.1,21.8,26.5,0,8.4,24.1,34942.65
Thailand,10-12-2000,31.5,22.4,26.7,0,9.4,22.7,36011.4
Thailand,11-12-2000,31.3,23.5,27,0,14.4,30.6,36303.6
Thailand,12-12-2000,31.6,22.1,26.6,0,11.6,28.1,34643.41
Thailand,13-12-2000,31.3,21.7,26.2,0,15.5,36.4,36402.59
Thailand,14-12-2000,30.1,21.3,25.6,0,18,38.9,36707.82
Thailand,15-12-2000,29.7,20.5,25.1,0,13,29.9,36093.74
Thailand,16-12-2000,32.1,20.9,26.1,0,13.8,30.2,34206.43
Thailand,17-12-2000,31.6,21.7,26.3,0,14,35.3,36191.03
Thailand,18-12-2000,31.7,19.7,25.7,0,10.5,27,37138.5
Thailand,19-12-2000,32.1,19.9,25.9,0,8.2,20.9,37220.96
Thailand,20-12-2000,32.3,20.1,26.3,0,12.1,26.6,26547.97
Thailand,21-12-2000,31,23.2,26.7,0,22,44.6,37065.65
Thailand,22-12-2000,30.8,21,25.5,0,15.2,34.6,37042.94
Thailand,23-12-2000,29.4,20.2,24.4,0,16.8,37.8,37245.27
Thailand,24-12-2000,28.8,16.7,22.7,0,14.7,34.6,37526.57
Thailand,25-12-2000,28.1,15.1,21.6,0,15.1,34.2,37531.32
Thailand,26-12-2000,29.1,16.3,22.5,0,14.6,36.4,37537.59
Thailand,27-12-2000,29.7,16.8,23.1,0,13.1,31.7,37545.32
Thailand,28-12-2000,30.4,17.6,24.2,0,14.7,33.8,35121.94
Thailand,29-12-2000,30.6,20.7,25.3,0,13,31.7,26137.68
Thailand,30-12-2000,31.9,20.4,26.2,0,9.8,25.9,37122.88
Thailand,31-12-2000,28.8,22.1,25.1,0,17.8,40,37590.43
Thailand,01-01-2001,29.4,19.7,24.2,0,14.8,34.6,36967.76
Thailand,02-01-2001,30.4,18,24.4,0,8.9,23,37621.07
Thailand,03-01-2001,30.5,17.5,24.4,0,7.1,20.9,37638.31
Thailand,04-01-2001,31.1,20.1,25.2,0,12.8,31.3,37656.79
Thailand,05-01-2001,30.5,18.4,24.7,0,10.1,28.1,37031.03
Thailand,06-01-2001,31.4,19.5,25.8,0,10.1,26.6,36070.29
Thailand,07-01-2001,31.7,20.2,26.4,0,5.7,17.3,37264.06
Thailand,08-01-2001,30.9,21.2,25.9,0.7,5.8,20.9,37742.42
Thailand,09-01-2001,31.2,22.2,26.4,1.2,7.5,22.3,37640.3
Thailand,10-01-2001,32,22.3,26.5,0.4,8,20.9,37791.84
Thailand,11-01-2001,31,19.6,25.3,0.2,7.1,20.5,37818.08
Thailand,12-01-2001,32.6,19.8,26,0,7.2,21.6,37845.31
Thailand,13-01-2001,30.4,22.2,25.7,0.8,8.9,27.4,30819.32
Thailand,14-01-2001,31.1,23.3,26.4,0.5,15.8,34.2,32709.76
Thailand,15-01-2001,28.9,23.8,25.8,0.5,15.1,33.8,35338.73
Thailand,16-01-2001,29.4,21.3,25.1,0,19.2,42.5,37966.95
Thailand,17-01-2001,30.2,19.8,24.7,0,17.6,38.2,38000.62
Thailand,18-01-2001,31.8,18.5,25.1,0,11.8,28.1,38035.46
Thailand,19-01-2001,32.6,20.1,26.3,0,10.9,27,34633.34
Thailand,20-01-2001,32.8,22.3,27.5,0,14.2,31.3,36207.41
Thailand,21-01-2001,32.4,23.9,28,0.2,14.2,31.7,38146.38
Thailand,22-01-2001,33.3,23.2,28.2,1.2,9,22.3,38185.29
Thailand,23-01-2001,33.5,23.9,28.2,1.5,7.1,20.5,37410.03
Thailand,24-01-2001,33.9,23.9,28.8,0.1,11.3,30.2,38265.6
Thailand,25-01-2001,33.7,24.2,29.1,0,13,31,38306.9
Thailand,26-01-2001,34.5,23.8,29.2,0,12.3,27,38348.89
Thailand,27-01-2001,33.9,22.6,28.6,0,11.1,27,38391.5
Thailand,28-01-2001,31.7,24.4,27.6,0.2,18.5,35.6,38434.68
Thailand,29-01-2001,27,21,23.9,1.5,19.1,39.6,33240.45
Thailand,30-01-2001,31.7,20.9,25.9,0,10.4,25.6,38522.54
Thailand,31-01-2001,33.2,19.8,26.7,0,9.8,24.1,38567.12
Thailand,01-02-2001,33.6,21.3,27.2,0,9,24.8,38612.03
Thailand,02-02-2001,34.3,19.2,26.9,0,7.5,20.5,38657.31
Thailand,03-02-2001,34,21.3,27.7,0,7.3,24.8,38703.32
Thailand,04-02-2001,32.3,22.3,27.5,0,6.2,19.4,38750.22
Thailand,05-02-2001,31.9,23.7,27.7,0.5,6.5,25.2,38797.95
Thailand,06-02-2001,32.3,24.1,27.9,0.7,7.2,22.3,38846.43
Thailand,07-02-2001,35,20.8,28.2,0,7,20.5,38895.62
Thailand,08-02-2001,32.2,25.2,28.1,0.2,19.6,39.6,37696.44
Thailand,09-02-2001,31.8,23.9,27.7,0.1,16,37.8,38995.83
Thailand,10-02-2001,26.7,23.9,24.9,0,18,37.1,10410.54
Thailand,11-02-2001,31,22.3,26.6,0,16,36.7,39098.09
Thailand,12-02-2001,33.2,20.6,27.6,0,9,24.1,39149.85
Thailand,13-02-2001,34.8,20.8,28.1,0,12.6,31.7,39201.95
Thailand,14-02-2001,31.3,22.3,26.6,0,24.7,52.2,39254.34
Thailand,15-02-2001,31.2,19.5,25.3,0,20.6,44.6,39306.96
Thailand,16-02-2001,30.6,20,25,0,22,46.1,39359.77
Thailand,17-02-2001,31.1,19.2,25.1,0,14.9,35.3,39412.71
Thailand,18-02-2001,32.7,18.6,26.1,0,8.3,20.9,39465.73
Thailand,19-02-2001,34,19.2,27.2,0,7.4,17.3,39518.77
Thailand,20-02-2001,32.8,22.8,27.7,0,7.7,20.2,39571.8
Thailand,21-02-2001,33.2,23.9,28.1,0,6,21.2,39600
Thailand,22-02-2001,34,23.4,28.6,0,9.4,22.3,39600
Thailand,23-02-2001,34.3,22.4,28.6,0,10.6,28.1,39600
Thailand,24-02-2001,34.9,21.3,28.2,0,12,29.2,39600
Thailand,25-02-2001,35,20.7,27.7,0,10.8,25.2,39600
Thailand,26-02-2001,34.4,20.2,27.5,0,9,25.9,39600
Thailand,27-02-2001,33.3,22.7,28.1,0,7,22,39600
Thailand,28-02-2001,34.1,23.5,28.8,0.1,7.8,18.7,39600
Thailand,01-03-2001,34.2,24.8,29.1,0,15.7,37.4,39600
Thailand,02-03-2001,34.5,24.4,29.2,0,11.5,28.1,39600
Thailand,03-03-2001,35,23.3,29.4,0,6.6,19.8,39600
Thailand,04-03-2001,33.6,25.4,29.1,0,21.3,49,39600
Thailand,05-03-2001,33.2,23,28.3,0,15.4,35.3,39600
Thailand,06-03-2001,34.4,22.9,29.2,0,6.6,19.1,39600
Thailand,07-03-2001,35.9,24.6,29.8,0.6,7.4,20.9,39600
Thailand,08-03-2001,34.7,24.7,28.6,22.5,10.1,29.5,36604.97
Thailand,09-03-2001,25,22.2,23.7,39.8,16.6,34.9,1502.99
Thailand,10-03-2001,27,21.3,23.2,14.8,9.8,28.4,18000
Thailand,11-03-2001,26.3,21,23,4.8,9.3,22,440.1
Thailand,12-03-2001,24.8,21.3,23,12,16.5,35.3,5282.95
Thailand,13-03-2001,25,20.3,22.3,1.9,13.9,31.3,14930.24
Thailand,14-03-2001,28.7,21.7,24.6,0.1,7.6,18,24473.79
Thailand,15-03-2001,31.1,22.6,26.5,11.9,6.1,23.4,39600
Thailand,16-03-2001,31.1,22.7,26.5,1.1,7.7,24.5,39275.29
Thailand,17-03-2001,32.4,22.9,27.7,0,6.5,19.4,39645.08
Thailand,18-03-2001,32.4,23.9,27.4,9.9,10.2,26.3,39227.44
Thailand,19-03-2001,31.2,23.2,26.4,18.5,9.8,24.8,23365.8
Thailand,20-03-2001,31.6,23.3,26.8,3.5,10.6,28.1,36109.16
Thailand,21-03-2001,30.6,23.7,26.5,8.6,13.8,30.2,28800
Thailand,22-03-2001,30.2,23.3,25.9,9.8,7.3,23,35122.8
Thailand,23-03-2001,31.2,23.2,26.7,3.8,7.9,23,39421.8
Thailand,24-03-2001,31.8,24.1,27.4,0.3,10.3,28.8,39600
Thailand,25-03-2001,32.3,23.7,27.6,3.3,10.5,25.6,39771.98
Thailand,26-03-2001,31.8,24,27.5,3.1,11.3,24.8,39670.63
Thailand,27-03-2001,32.5,24.6,28,0.4,10.8,21.2,39662.81
Thailand,28-03-2001,32.7,23.4,28,0,9,23.8,40152.02
Thailand,29-03-2001,32.9,22.9,27.2,0.2,12.1,31.7,40456.02
Thailand,30-03-2001,32.1,24.1,27.7,0,14.4,28.4,40460.96
Thailand,31-03-2001,33.3,23.2,28.2,0.2,6.5,20.5,40360.71
Thailand,01-04-2001,33.4,24.5,28.7,0.6,13.2,24.5,40044.41
Thailand,02-04-2001,32.7,24.3,28.7,1.1,8.6,22.7,40256.79
Thailand,03-04-2001,33.9,24.9,29.4,0.1,9.2,21.2,39928.98
Thailand,04-04-2001,35.1,25.4,30.4,0,10.7,24.1,40698.14
Thailand,05-04-2001,35,26.5,30.6,1.6,11.2,26.6,41150.83
Thailand,06-04-2001,35,26.1,30.5,0.2,10.9,26.3,40933.72
Thailand,07-04-2001,35.5,25.7,30.8,0.5,11.6,27,41511.09
Thailand,08-04-2001,35.4,25.9,30.9,0,12.9,31.7,41410.66
Thailand,09-04-2001,35.6,26.6,31.2,0,14,30.2,41594.7
Thailand,10-04-2001,36.6,26.2,31.5,0,11,24.8,41636.24
Thailand,11-04-2001,37.1,25.5,31.5,0.2,11.9,24.8,41677.53
Thailand,12-04-2001,35,26.7,30.7,0,19.4,41.4,41329.3
Thailand,13-04-2001,35.4,25.9,30.2,1.7,9,23.4,41759.06
Thailand,14-04-2001,35.7,26.3,30.1,1,9.7,27,41799.18
Thailand,15-04-2001,34,25.7,29.8,3.2,8.4,24.1,40976.04
Thailand,16-04-2001,34.6,25.4,29.9,0.2,7.7,23,41104.73
Thailand,17-04-2001,35.7,25.2,30.3,0.2,10.8,27,41916.24
Thailand,18-04-2001,36,26.6,31.3,0,13.6,30.2,41953.94
Thailand,19-04-2001,36.6,26.8,31.7,0,13,31,41990.87
Thailand,20-04-2001,37,27.2,32,0,14.6,31.3,42026.97
Thailand,21-04-2001,37,27.1,32.1,0,15.6,31,42062.18
Thailand,22-04-2001,36.9,26.8,32.1,0,12.8,29.9,42096.44
Thailand,23-04-2001,37.1,26.7,31.9,0.3,11.4,27.4,42129.67
Thailand,24-04-2001,36.4,27.5,31.3,3.5,14.8,28.1,42162.15
Thailand,25-04-2001,35.1,25.9,29.5,9.6,10.4,21.6,42194.16
Thailand,26-04-2001,34.1,24.4,28.7,3.8,9,22.3,34085.33
Thailand,27-04-2001,34.3,26,30.3,0.2,7.3,22.7,40995.09
Thailand,28-04-2001,34.7,26.7,30.7,1.1,9.7,27,42287.12
Thailand,29-04-2001,34.4,26.8,30.3,0.4,11.7,27.7,41960.56
Thailand,30-04-2001,32.5,26.6,29.2,10.5,8.6,26.3,32175.37
Thailand,01-05-2001,32.6,25,27.9,10.7,6,22,38612.4
Thailand,02-05-2001,31.7,24.6,27.1,6.7,11.2,29.2,29324.71
Thailand,03-05-2001,27.9,24.6,26,13.6,17.6,41.4,3986.69
Thailand,04-05-2001,32,24,27.3,5.3,14.5,34.9,42456.16
Thailand,05-05-2001,33.1,24,28.4,0.7,10.1,30.2,40999.06
Thailand,06-05-2001,33.5,25.3,29.3,0,12.2,31,42506.55
Thailand,07-05-2001,34.2,24.7,29.2,2.6,10.1,27.7,42530.47
Thailand,08-05-2001,33,24.3,27.7,7.1,17,37.1,41713.25
Thailand,09-05-2001,33.1,24.4,28.3,2.7,10,30.6,41000.68
Thailand,10-05-2001,33,24.4,28.6,1.4,7.9,19.8,42450.89
Thailand,11-05-2001,31.5,24.6,27.2,8.6,13.3,29.5,36655.74
Thailand,12-05-2001,30.3,24.3,26.8,8,6.4,18.4,23899.16
Thailand,13-05-2001,30.9,23.9,27,3.2,6.4,24.5,41873.1
Thailand,14-05-2001,32.3,24.6,28,4.5,11,25.9,42671.1
Thailand,15-05-2001,32.2,24.6,27.9,2.3,8.6,21.2,42687.16
Thailand,16-05-2001,30.7,24.8,26.3,27.9,9,23.4,22215.3
Thailand,17-05-2001,29.9,24.3,25.9,18.3,13.6,32,23811.7
Thailand,18-05-2001,31.3,24.3,26.7,11.8,13.2,29.2,39330.47
Thailand,19-05-2001,31.5,24.5,27.4,5,13.1,34.2,42050.11
Thailand,20-05-2001,31.3,24.6,27.3,5.5,14.1,34.2,42753.55
Thailand,21-05-2001,31.1,24.6,27.3,6.2,12.2,31.7,42764.15
Thailand,22-05-2001,32.1,24.5,28.2,0,11.4,27,42982.16
Thailand,23-05-2001,31.7,25.1,28.3,4.7,11.4,27,42664.04
Thailand,24-05-2001,31.7,24.9,27.8,1.2,12.2,28.1,38829.97
Thailand,25-05-2001,31.3,25.3,27.8,1.7,12.5,30.2,35716.27
Thailand,26-05-2001,31.5,24.7,27.5,10.2,13.8,37.4,39412.5
Thailand,27-05-2001,30.8,25,26.8,11,14.2,35.6,30207.52
Thailand,28-05-2001,30.2,24.3,27,7.1,13,29.5,24948.69
Thailand,29-05-2001,29.9,24.7,26.5,15.9,13.1,34.9,20581.36
Thailand,30-05-2001,31.4,24.5,27.5,4.7,14.5,32.8,41779.99
Thailand,31-05-2001,31.5,24.4,27.3,13.4,13.7,34.9,35154.39
Thailand,01-06-2001,32.5,24.5,28.1,3.1,13.1,29.9,39017.04
Thailand,02-06-2001,32.2,24.3,28.1,18.8,7.2,22.3,36627.57
Thailand,03-06-2001,31.4,24.1,27.3,7.3,8.9,22.7,34519.7
Thailand,04-06-2001,31.8,24.4,27.5,14.8,7.4,25.9,42230.5
Thailand,05-06-2001,31.7,24.5,27.7,2.2,8.9,28.8,35848.28
Thailand,06-06-2001,31.9,25.2,28,10.6,9.9,19.8,41072.41
Thailand,07-06-2001,31.3,24.5,27.3,19.7,9.3,29.9,35750.46
Thailand,08-06-2001,31.1,24.5,27,0.9,11.3,32.4,33855.03
Thailand,09-06-2001,30.9,24.8,27.6,0.3,11.3,31.3,32792.94
Thailand,10-06-2001,30.1,24.6,26.8,11.9,12.4,28.4,33749.34
Thailand,11-06-2001,29.6,24.8,26.3,5.5,14.9,32.4,12362.87
Thailand,12-06-2001,30.4,24.3,26.8,0.4,16.6,44.6,40331.92
Thailand,13-06-2001,30.2,24.1,27,5.2,14.1,38.9,34754.28
Thailand,14-06-2001,30.9,24.7,27.2,2.9,13.4,38.5,35154.96
Thailand,15-06-2001,29.6,24,26.4,3.9,13.2,40,30771.51
Thailand,16-06-2001,27.7,23.8,25.7,0.1,9.4,23,17557.04
Thailand,17-06-2001,31.2,22.6,27.1,0,10.8,29.9,43334.47
Thailand,18-06-2001,31.8,24.1,28,0.3,12.4,35.3,43538.7
Thailand,19-06-2001,31.8,24.1,27.9,0.7,14.4,37.8,42963.59
Thailand,20-06-2001,31.4,24.1,27.7,0,18.7,48.2,43735.46
Thailand,21-06-2001,31.6,24,27.5,0.9,18,38.9,42854.18
Thailand,22-06-2001,32.1,24.5,26.9,16.2,12.6,29.9,26198.13
Thailand,23-06-2001,31.1,24.6,27,25.9,9.9,35.3,36072.92
Thailand,24-06-2001,27.9,24.4,25.9,6.9,12.1,26.6,1714.4
Thailand,25-06-2001,29.6,24.9,26.9,1.5,11,31.3,16582.03
Thailand,26-06-2001,29.7,24.5,26.3,9.3,11.6,28.1,20874.87
Thailand,27-06-2001,28.7,24.2,26.2,17.3,15.9,40.7,24154.45
Thailand,28-06-2001,28.5,23.6,26,5.4,14.6,31,8700.97
Thailand,29-06-2001,30.6,24.3,26.7,23.5,12.6,40.3,33256.04
Thailand,30-06-2001,29.3,24,26.8,2.5,9.8,22.7,18100.77
Thailand,01-07-2001,29.6,24.1,26.8,3.2,9.8,33.5,32077.7
Thailand,02-07-2001,31.3,24,27.3,0.7,14.9,36.7,42233.54
Thailand,03-07-2001,31,24.5,26.9,14.5,15.3,35.3,33925.18
Thailand,04-07-2001,29.2,24.5,26.6,12.1,16.1,47.5,33274.62
Thailand,05-07-2001,28.3,25.1,26.6,12.1,16.7,43.6,24242.96
Thailand,06-07-2001,30.2,24.6,26.7,7.8,13.9,43.2,25946.8
Thailand,07-07-2001,28.1,24.4,26.1,4.6,12.7,40.7,11794.76
Thailand,08-07-2001,28,24.3,25.8,5.4,14.8,38.5,8714.35
Thailand,09-07-2001,27.6,24.1,25.5,8.1,11.4,24.8,1406.09
Thailand,10-07-2001,29.9,23.7,25.9,2.3,7.8,24.8,22078.2
Thailand,11-07-2001,31.4,23.6,27.1,5.3,12.5,29.9,43527.28
Thailand,12-07-2001,30.4,24.1,26.6,6.6,12.2,26.3,40422.39
Thailand,13-07-2001,30.8,23.8,27.2,2.8,10.2,29.9,40351.42
Thailand,14-07-2001,30.6,24,27.1,3.7,9.4,28.4,40628.97
Thailand,15-07-2001,30.6,24.2,26.7,8,13.7,32.4,36518.09
Thailand,16-07-2001,30.9,24.6,27,7.5,13.4,37.8,39028.43
Thailand,17-07-2001,30.6,23.9,27,0.8,15.4,47.9,39798.52
Thailand,18-07-2001,29.4,23.8,26.5,4.8,12.5,39.6,33293.95
Thailand,19-07-2001,30.6,23.6,27.1,3.8,11.7,33.5,40567.18
Thailand,20-07-2001,29.7,23.9,26.8,4.8,11.6,36,29814.12
Thailand,21-07-2001,28.1,24.4,25.8,5.7,10.6,31,4354.39
Thailand,22-07-2001,26.1,24,24.9,42.7,15.8,30.2,0
Thailand,23-07-2001,30.4,23.9,26.6,7.2,14.2,33.1,32400
Thailand,24-07-2001,31.2,23.9,27.5,0,9.4,23.8,42848.34
Thailand,25-07-2001,31.4,24.4,27.8,0.3,9.8,28.4,42136.52
Thailand,26-07-2001,32.1,24.8,28.4,0,10.4,29.2,41439.82
Thailand,27-07-2001,32.3,24.7,28,0,11.5,31.3,41843.63
Thailand,28-07-2001,31.8,25.2,27.7,10.8,12.4,32,41755.08
Thailand,29-07-2001,30.9,24.4,27.4,6.9,11.1,32,39964.9
Thailand,30-07-2001,31.5,24.7,27.4,1.7,11.5,28.1,37183.68
Thailand,31-07-2001,31.4,24.3,27.7,3.4,12.3,31.7,42016.04
Thailand,01-08-2001,30.7,24,27.1,4.1,12.3,33.8,41164.45
Thailand,02-08-2001,27.8,24.4,26.2,6.2,16.8,47.9,19116.2
Thailand,03-08-2001,29.4,23.8,26.3,1.3,14,33.5,17260.47
Thailand,04-08-2001,30.6,24.3,27.2,3,5,18.7,33843.61
Thailand,05-08-2001,30.4,24,26.6,47.8,8.7,24.8,24745.28
Thailand,06-08-2001,27.8,24.2,25.8,19.2,7.3,16.6,10589.09
Thailand,07-08-2001,28.3,23.9,25.8,9.4,8.6,22.7,11267.4
Thailand,08-08-2001,28.7,24.2,25.9,13.4,9,20.2,11970.91
Thailand,09-08-2001,27.8,24.1,25.6,9.8,11.3,29.2,9808.39
Thailand,10-08-2001,27.1,24.3,25.5,8.3,12.3,25.6,794.24
Thailand,11-08-2001,27.2,24,25.4,9.8,14.9,30.2,0
Thailand,12-08-2001,29.4,23.6,25.8,8.5,18.1,40,36855
Thailand,13-08-2001,30.4,23.8,26.4,4.9,16.3,39.2,36509.59
Thailand,14-08-2001,29.9,23.3,26.4,2.7,8.7,31.3,38103.48
Thailand,15-08-2001,29.4,24,26.5,1.8,13.8,37.8,28498.53
Thailand,16-08-2001,28.3,23.8,25.9,5.1,10.9,34.9,22970.96
Thailand,17-08-2001,30.8,23.7,26.5,12.1,13.1,33.5,36736.05
Thailand,18-08-2001,30.9,24.2,26.8,16.9,11.3,34.2,39017.9
Thailand,19-08-2001,31.5,23.7,27.2,1.9,12.9,36,41714.01
Thailand,20-08-2001,31.1,24.8,27.6,4.7,10.2,33.5,41485.95
Thailand,21-08-2001,30.8,24.6,27.7,4.7,8.9,25.9,41816.84
Thailand,22-08-2001,31.7,24.3,27.7,2.7,9.1,30.2,41808.93
Thailand,23-08-2001,31.6,25.3,28.1,3.5,9,25.2,41476.98
Thailand,24-08-2001,31.5,25,27.8,1.7,11.6,34.6,40855.16
Thailand,25-08-2001,31.2,24.5,27.9,1.1,11.3,35.3,41787.65
Thailand,26-08-2001,30.6,25,27.5,6.2,10.3,36,30386.76
Thailand,27-08-2001,30.5,25.2,26.9,10.3,8.6,33.1,35676.93
Thailand,28-08-2001,29.8,24.5,26.5,17.8,10,37.4,23603.63
Thailand,29-08-2001,29.2,24.5,25.9,45.6,9,29.5,13329.11
Thailand,30-08-2001,30,24.3,26.3,27.8,13.2,35.6,32223.7
Thailand,31-08-2001,30,24,26.4,2.1,12.8,36,29795.83
Thailand,01-09-2001,30.5,23.3,26.9,0,8.7,32,39510.4
Thailand,02-09-2001,30.9,24.1,27.6,0,9.4,28.4,39625.16
Thailand,03-09-2001,30.6,25.1,27.5,8.1,7.3,25.9,27606.91
Thailand,04-09-2001,29.8,25,26.9,11,5.1,23,23213.54
Thailand,05-09-2001,30.7,24.6,27.2,3.6,10,25.9,33162.24
Thailand,06-09-2001,31.2,24.6,27.2,7.2,11.9,25.2,36208.47
Thailand,07-09-2001,31.2,24.7,27.5,1.2,12.3,27.4,38130.54
Thailand,08-09-2001,29.3,24.6,26.7,2.7,10.5,23.4,20606
Thailand,09-09-2001,29.7,24.1,26.4,15.9,10.5,30.2,16654.74
Thailand,10-09-2001,27.2,23.9,25.1,16.8,7.9,24.8,164.26
Thailand,11-09-2001,28.6,22.8,25.7,2.7,5.1,16.6,33702.51
Thailand,12-09-2001,29.8,23.9,26.5,7.3,6.6,26.3,13443.43
Thailand,13-09-2001,29.3,23.8,26,7.3,9.4,21.6,32449.44
Thailand,14-09-2001,29.4,23.5,25.8,5.4,6.9,20.2,36908.32
Thailand,15-09-2001,30.5,22.8,26.8,0.2,6.6,18,41519.36
Thailand,16-09-2001,31.6,25.2,27.9,2.6,8.4,22.3,39209.22
Thailand,17-09-2001,31.5,24.1,27.7,0.5,8.6,22.3,41413.29
Thailand,18-09-2001,31.7,24.1,27.6,6.8,8,24.8,40767.41
Thailand,19-09-2001,31.1,24.3,27.2,3,10.8,27,40084.04
Thailand,20-09-2001,30.7,23.9,27,7.5,7.6,22.3,32557.44
Thailand,21-09-2001,30.5,23.8,26.3,7.2,5.1,17.3,28831.29
Thailand,22-09-2001,29.6,23.6,26.1,11.4,6.2,20.2,27923.81
Thailand,23-09-2001,30,23.2,26,5.7,5.8,20.5,33177.51
Thailand,24-09-2001,29.8,23.6,26.4,9.6,8,23,37160.83
Thailand,25-09-2001,29.8,23.9,26.1,8.7,5.4,21.2,31393.45
Thailand,26-09-2001,30.9,23.7,26.2,14.8,6.4,23.4,39812.23
Thailand,27-09-2001,31.1,23,26.9,2.1,7.6,26.3,40686.01
Thailand,28-09-2001,31,23.5,26.8,0.9,8.6,26.6,40828.75
Thailand,29-09-2001,30.7,23.6,27.1,1,5.4,21.2,40435.69
Thailand,30-09-2001,31.2,23.7,27.2,0.9,5.6,22.3,40311.54
Thailand,01-10-2001,31.2,23.8,27.4,0.6,13.1,31.3,40265.8
Thailand,02-10-2001,31.1,24.3,27,5.1,7.4,29.9,39752.12
Thailand,03-10-2001,31.1,23.4,26.6,8.2,5.4,22.3,36294.27
Thailand,04-10-2001,30.7,23.7,26.5,3.4,6.5,28.1,33724.65
Thailand,05-10-2001,30,23.7,26.6,10.2,6.3,27.7,36074.67
Thailand,06-10-2001,30.2,23.8,26.5,6.7,4.8,21.6,35830.62
Thailand,07-10-2001,30.6,23.7,26.2,19.5,4.6,22,36345.82
Thailand,08-10-2001,30.7,23.6,26.5,12.6,5.2,22.7,36067.76
Thailand,09-10-2001,30.2,23.6,26.4,11.4,4.8,17.6,33648.3
Thailand,10-10-2001,29.4,23.4,25.9,11.7,5.4,23,34597.95
Thailand,11-10-2001,30.3,23.3,26.2,1.1,8.9,20.2,38394.13
Thailand,12-10-2001,30.7,23.2,27.2,1.2,9.4,26.6,39079.8
Thailand,13-10-2001,30.5,23.5,27.1,4.3,10.2,23.4,39092.67
Thailand,14-10-2001,30.6,24.8,27.4,0.9,7.3,21.2,38106.48
Thailand,15-10-2001,31.6,23.4,27.8,0.1,10.4,28.8,39637.43
Thailand,16-10-2001,31.1,22.9,26.9,0.2,9.7,25.2,39482.86
Thailand,17-10-2001,31.4,22.2,26.8,0,9.5,25.2,39803.36
Thailand,18-10-2001,30.8,21.6,26.2,0,15.2,33.1,39739.17
Thailand,19-10-2001,30.4,23.5,26.6,0.2,16.5,36.4,38466.46
Thailand,20-10-2001,31,22.4,26.6,0,12.2,45,37472.94
Thailand,21-10-2001,31.1,23.2,26.7,1.1,12.3,44.6,37233.88
Thailand,22-10-2001,30.6,22.9,26.3,3.6,12.2,55.1,37115.06
Thailand,23-10-2001,25.8,23.8,24.6,16,13.9,29.2,47.19
Thailand,24-10-2001,28.5,23.4,25.2,26.5,13.7,33.8,22558.59
Thailand,25-10-2001,28.9,23,25.3,12.9,13.8,31.7,32862.46
Thailand,26-10-2001,30,23.1,25.7,2.5,14.3,29.2,35102.95
Thailand,27-10-2001,30.7,23,26.4,3.4,6.3,26.3,37036.55
Thailand,28-10-2001,29.3,23.3,25.6,1.2,11.5,28.8,21135.35
Thailand,29-10-2001,28.9,23.2,26,1,16.5,39.6,37675.07
Thailand,30-10-2001,29.2,23,25.9,0,15.9,36,37776.22
Thailand,31-10-2001,30,22.3,26.3,0.8,12,29.2,37052.7
Thailand,01-11-2001,29.9,23.1,26.4,3,10.2,30.6,34552.48
Thailand,02-11-2001,30.5,23,26.5,0.8,5.8,20.9,37156.4
Thailand,03-11-2001,30.8,23.3,26.7,0.1,5.8,17.3,36848.76
Thailand,04-11-2001,31.1,22.8,26.9,0.2,7.2,22.3,37253.52
Thailand,05-11-2001,31.6,22.1,26.8,0,13.3,30.2,37744.55
Thailand,06-11-2001,29.8,22.1,26.1,0,23,47.5,37351.69
Thailand,07-11-2001,30,23.5,26.3,0,17.1,40.7,37150.07
Thailand,08-11-2001,30.5,21.3,25.8,0,14.9,35.6,37149.44
Thailand,09-11-2001,30.2,20.7,25.1,0,15.8,33.8,36768.71
Thailand,10-11-2001,29.5,20.6,24.5,0,13.4,31.3,37331.77
Thailand,11-11-2001,28.3,18.7,23.1,0,13,28.4,36770.62
Thailand,12-11-2001,29.4,17.5,23.5,0,6.9,22.7,36477.91
Thailand,13-11-2001,27.8,19.7,24,0,10.5,24.8,36314.01
Thailand,14-11-2001,23.6,20.2,21.1,3.4,13.7,27,0
Thailand,15-11-2001,23.4,19.1,20.8,0,12.8,32,20411.42
Thailand,16-11-2001,25.3,19.3,21.6,0,14.4,33.5,32791.16
Thailand,17-11-2001,27.3,17.2,22,0,12.4,31.7,36689.85
Thailand,18-11-2001,27.1,17.1,21.7,0,16.1,36,36863.18
Thailand,19-11-2001,26.4,16.2,20.8,0,17.5,38.2,36942.52
Thailand,20-11-2001,26.1,16,20.7,0,16.4,37.8,36860.79
Thailand,21-11-2001,25.9,15.6,20.4,0,16.4,37.1,36859.14
Thailand,22-11-2001,26.3,15.1,20.3,0,13.5,32.4,36782.37
Thailand,23-11-2001,27.4,14.2,20.4,0,8.9,23.8,36709.27
Thailand,24-11-2001,27.8,15.6,21.4,0,7.7,21.6,35027.29
Thailand,25-11-2001,28.1,16.2,21.8,0,12.2,29.2,36485.43
Thailand,26-11-2001,26.9,15.8,20.9,0,19.5,41,36712.73
Thailand,27-11-2001,26.8,14.8,20.6,0,15,33.5,36649.14
Thailand,28-11-2001,28,14.5,21.3,0,8.1,21.6,36482.27
Thailand,29-11-2001,29,15.5,22.5,0,8.7,18.7,36414.27
Thailand,30-11-2001,30,17.8,24,0,8.3,18.7,27037.97
Thailand,01-12-2001,30.9,20.5,25.5,0,7.4,16.2,36031.25
Thailand,02-12-2001,30.5,20.8,25.7,0.1,6.4,14.4,36000
Thailand,03-12-2001,30.4,21.6,25.7,0.4,7.1,20.2,36396.49
Thailand,04-12-2001,30.2,21,25.6,0,6.2,19.4,36212.09
Thailand,05-12-2001,30.8,21.2,25.9,0,7.4,18.4,36211.53
Thailand,06-12-2001,31.6,21.2,26.4,0,7,21.6,36304.93
Thailand,07-12-2001,30.3,21.8,25.8,0,13.1,33.1,36494.73
Thailand,08-12-2001,30.5,21,25.6,0,13.7,32.4,36496.3
Thailand,09-12-2001,30.3,19.7,25,0,11.2,27.4,35704.25
Thailand,10-12-2001,30.5,18.7,25.1,0,8.7,23.4,34470.34
Thailand,11-12-2001,31,23.2,26.5,0,12.6,27,31301.99
Thailand,12-12-2001,30.3,23.6,26.6,0,10,26.3,33513.3
Thailand,13-12-2001,31,22.6,26.5,0,15.5,38.2,36603.72
Thailand,14-12-2001,29,22.9,25.7,0,22,48.6,36199.39
Thailand,15-12-2001,29.2,20.5,24.6,0,16.2,36.7,36607.73
Thailand,16-12-2001,30.6,19.2,25.2,0,15.4,34.6,28800
Thailand,17-12-2001,31.6,21.8,26.6,0,13.2,31.7,36000
Thailand,18-12-2001,32.1,21.9,27.1,0,12.1,30.6,36612.58
Thailand,19-12-2001,30.9,23.8,26.8,0,18.4,39.6,36801
Thailand,20-12-2001,30.5,23,26.1,0,20.6,42.5,25687.18
Thailand,21-12-2001,29.2,22.1,25.1,0,22.4,47.2,37185.82
Thailand,22-12-2001,26.7,18.3,22.1,0,19.8,42.8,37274.96
Thailand,23-12-2001,25.9,16.6,21,0,15.4,34.6,37143.51
Thailand,24-12-2001,26.1,15.4,20.8,0,13.6,33.8,37461.09
Thailand,25-12-2001,26.1,15.9,20.7,0,17,38.2,37444.19
Thailand,26-12-2001,26.9,16.1,21.3,0,16.2,37.1,36505.18
Thailand,27-12-2001,27.7,16.6,22.1,0,15.1,34.9,37545.81
Thailand,28-12-2001,28.6,18.9,23.3,0,16.9,38.2,36924.12
Thailand,29-12-2001,27.3,18.9,22.7,0,20.1,43.2,37498.77
Thailand,30-12-2001,27.8,16.2,21.9,0,11.7,29.2,37575.76
Thailand,31-12-2001,28.5,14.9,22,0,8,18.7,37588.34
Thailand,01-01-2002,29.5,16,23,0,10.4,28.8,36476.8
Thailand,02-01-2002,27.7,17.5,22.2,0,18.7,42.5,37617.26
Thailand,03-01-2002,26.8,16.3,21.3,0,17.1,37.1,37633.57
Thailand,04-01-2002,26.8,14.8,20.8,0,15.8,36.7,36161.24
Thailand,05-01-2002,27.6,16.4,21.5,0,13.4,32,36493.33
Thailand,06-01-2002,28.6,15,21.7,0,9.3,25.6,37689.63
Thailand,07-01-2002,27.7,17,21.8,0,18.3,40,37710.63
Thailand,08-01-2002,28.1,15.8,21.7,0,15.1,35.3,37732.86
Thailand,09-01-2002,28.2,16.2,22,0,13.6,32.8,37756.75
Thailand,10-01-2002,29.6,16.5,23.1,0,11.2,26.6,37782.09
Thailand,11-01-2002,30.3,17.6,23.9,0,7.6,24.5,37808.82
Thailand,12-01-2002,31.1,18.1,25,0,6.8,20.9,37836.88
Thailand,13-01-2002,30.4,19.8,24.9,0.2,9.4,22.7,37866.21
Thailand,14-01-2002,29.3,20,24.1,0.8,9.7,27.4,37896.75
Thailand,15-01-2002,30.8,20.1,25.3,0,7.6,19.4,37928.46
Thailand,16-01-2002,31.8,20.6,25.7,0,9.7,22,36567.23
Thailand,17-01-2002,32,18.2,25.2,0,10.5,18.7,37995.11
Thailand,18-01-2002,32.9,17.4,25.5,0,10,18,38029.95
Thailand,19-01-2002,33.5,19.4,26.7,0,9.3,18.7,38065.71
Thailand,20-01-2002,33.9,21.5,27.7,0,6.4,21.2,38102.36
Thailand,21-01-2002,31.2,23.7,26.9,0,18.8,43.9,38139.82
Thailand,22-01-2002,30.6,21,25.7,0,18.4,42.1,38178.05
Thailand,23-01-2002,30.2,20.6,25.2,0,18.6,41,38217
Thailand,24-01-2002,31.6,20.1,25.9,0,12.8,30.6,38256.61
Thailand,25-01-2002,33.1,20.7,26.6,0,8.3,23.4,38296.82
Thailand,26-01-2002,33.1,21.2,27.1,0,8,22.7,38337.61
Thailand,27-01-2002,32.4,21,26.8,0,9.7,25.2,38378.88
Thailand,28-01-2002,31.6,21.5,26.6,0,13.6,31,38420.69
Thailand,29-01-2002,30.5,22,25.7,0,19.1,41.4,37664
Thailand,30-01-2002,29.9,19.4,24.6,0,19.2,42.1,38507.2
Thailand,31-01-2002,30.6,20.1,25.3,0,15.1,37.1,38551.93
Thailand,01-02-2002,31.6,19.7,25.8,0,14.1,33.5,38597.54
Thailand,02-02-2002,30.5,21.5,25.8,0,18.2,40.7,38643.96
Thailand,03-02-2002,30.1,21.9,25.3,0,8.8,24.5,32312.22
Thailand,04-02-2002,29.6,21.1,25.2,1.2,6,23,38739.04
Thailand,05-02-2002,30.9,22,26,2.4,6.4,24.1,37468.5
Thailand,06-02-2002,31.2,22.8,26.7,0.2,7.8,27.4,37889.79
Thailand,07-02-2002,31.2,22.1,26.6,0.3,8.3,20.5,38886.21
Thailand,08-02-2002,32.8,21.1,27.1,0,7.5,20.2,38936.25
Thailand,09-02-2002,34.2,21.3,27.7,0,8.9,23.4,38986.68
Thailand,10-02-2002,33.5,21.4,27.4,0,7.6,18,39037.44
Thailand,11-02-2002,32.6,24.6,28,0,16,37.1,39088.48
Thailand,12-02-2002,32.6,22.8,27.8,0,11.2,29.9,39139.75
Thailand,13-02-2002,33.7,22.8,28.1,0,12.3,28.4,39191.2
Thailand,14-02-2002,34.4,22.1,28.5,0,7.8,22.3,39242.75
Thailand,15-02-2002,32.6,23.9,27.8,0,19.4,42.1,39294.39
Thailand,16-02-2002,32.7,21.7,27.1,0,13.7,34.2,39346.03
Thailand,17-02-2002,33.6,21.5,27.6,0,12.6,32,39397.65
Thailand,18-02-2002,32.8,23.4,27.7,0,12.6,31.3,39449.53
Thailand,19-02-2002,33.4,22.2,27.8,0,13.7,31.7,39501.96
Thailand,20-02-2002,32.8,22.2,27.2,0,20.2,42.5,39554.9
Thailand,21-02-2002,33.1,21.5,27.3,0,15,34.6,39598.88
Thailand,22-02-2002,33.7,21.3,28,0,6.9,20.5,39600
Thailand,23-02-2002,33.4,23.6,28.4,0,6.8,19.8,39600
Thailand,24-02-2002,34.5,24.6,29.2,0.1,6.8,23.8,39600
Thailand,25-02-2002,33.3,24.9,28.5,4.5,7.6,20.5,39600
Thailand,26-02-2002,32.6,23.6,27.3,9.8,10.2,23,39600
Thailand,27-02-2002,33.1,23.4,27.8,1.1,8.5,24.5,39600
Thailand,28-02-2002,33.7,23.5,28.5,0,8.6,22.3,39600
Thailand,01-03-2002,34.4,23.8,28.9,0,8.7,22,39600
Thailand,02-03-2002,33.5,23.6,28.5,0.2,10.9,25.6,39600
Thailand,03-03-2002,33.3,23.9,28.3,0.1,11.1,26.6,39600
Thailand,04-03-2002,33.1,24.3,28.3,0.7,12.3,18.7,39295.63
Thailand,05-03-2002,34.1,23.7,29,0.1,7.5,16.9,39600
Thailand,06-03-2002,31.8,24.2,27.3,4.2,17.8,37.1,36814.29
Thailand,07-03-2002,27.8,22.1,24.7,0.4,21.6,44.3,39600
Thailand,08-03-2002,26,21,23.1,0,18.8,38.9,34983.92
Thailand,09-03-2002,31.1,20.3,25.3,0,11.5,31.7,33714.25
Thailand,10-03-2002,32.8,21.4,27.4,0,7.3,25.9,39600
Thailand,11-03-2002,33.3,22.8,28.4,0,7,21.2,39600
Thailand,12-03-2002,33.8,24.3,29.2,0,8.8,23,39600
Thailand,13-03-2002,34.6,24.7,29.9,0,12.3,25.2,39600
Thailand,14-03-2002,35.1,25,30.2,0,13.3,27,39661.1
Thailand,15-03-2002,36.2,24.8,30.7,0,10,25.9,39728.07
Thailand,16-03-2002,36.8,25.5,31,0.2,10.7,26.3,39725.6
Thailand,17-03-2002,37.2,25.6,30.6,0.7,8.7,25.6,39722.53
Thailand,18-03-2002,31.8,24.5,27.6,24.3,24.1,42.5,37389.34
Thailand,19-03-2002,32.8,23.7,28.2,0,12.4,28.4,39795.61
Thailand,20-03-2002,34.5,22.7,28.8,0,8.2,19.4,39959.54
Thailand,21-03-2002,34.6,24.1,29.1,0.6,8.9,22,38875.52
Thailand,22-03-2002,34,24.5,28.5,11.8,12.1,31.7,38293.3
Thailand,23-03-2002,32.2,24.9,27.2,12.7,15.7,31,31484.42
Thailand,24-03-2002,31.5,23.9,27.2,0,10,26.3,32499.26
Thailand,25-03-2002,33.8,22.5,28.2,0.2,8.7,23,40240.66
Thailand,26-03-2002,34.6,24,29.4,0,7.6,23.8,40149.27
Thailand,27-03-2002,35,24.9,29.8,0,10.5,23.8,40053.57
Thailand,28-03-2002,35.7,24.5,30.2,0,12.6,28.8,40349.85
Thailand,29-03-2002,35.6,25.7,30.3,0.4,10.9,26.3,40454.41
Thailand,30-03-2002,35.6,25.7,29.9,1.4,10.4,27.4,40459.38
Thailand,31-03-2002,33.4,23.7,28.6,11.2,14.4,27.4,40359.84
Thailand,01-04-2002,33.6,24.7,29.1,0.1,7.1,27.4,40678.85
Thailand,02-04-2002,34.4,24.3,29.3,0.1,6.2,22.7,40578.23
Thailand,03-04-2002,35.2,25.2,29.3,1.8,7.9,25.6,40473.98
Thailand,04-04-2002,35.7,25.2,30,1.6,10.8,31.3,41247.66
Thailand,05-04-2002,36,25.1,30.6,0,10.3,28.8,41371.59
Thailand,06-04-2002,36.5,23.6,30.4,0,10.8,25.9,41459.81
Thailand,07-04-2002,37,23.9,30.6,0,10.5,23,41502.86
Thailand,08-04-2002,36,25.1,30.6,0,13,27.4,41545.62
Thailand,09-04-2002,36.6,25.6,31.2,0,15.2,29.2,41588.05
Thailand,10-04-2002,36.3,26.5,31.3,0,12,31,41630.05
Thailand,11-04-2002,36.3,24.8,29.8,1.3,18.4,43.2,41671.58
Thailand,12-04-2002,30.7,24.4,27.5,4.6,19.8,38.2,25786.66
Thailand,13-04-2002,34.4,23.6,29.3,0,12.3,30.6,41082.18
Thailand,14-04-2002,35.6,25.7,29.8,1.7,9.4,26.3,41048.96
Thailand,15-04-2002,34.9,24.7,29,0.9,13.3,29.9,40477.19
Thailand,16-04-2002,35,25,29.6,2.8,11.3,24.5,41869.68
Thailand,17-04-2002,36,25.6,30.6,0.6,11.6,23.4,41906.91
Thailand,18-04-2002,36,26,30.7,0.7,9.7,28.4,41943.19
Thailand,19-04-2002,35.2,26.3,30.1,2,10.5,24.8,40741.77
Thailand,20-04-2002,35.2,25.5,30.3,0,6.2,21.6,41002.52
Thailand,21-04-2002,37.1,26.5,31.9,0.1,9.7,24.5,42049.14
Thailand,22-04-2002,37.5,27,31.2,3.6,12.5,30.6,42083.73
Thailand,23-04-2002,36.2,26.2,30.9,0.2,11.6,22,42117.88
Thailand,24-04-2002,36.4,25.5,31.2,0.3,8.4,20.2,42151.55
Thailand,25-04-2002,34.6,26.6,30.5,1.6,8.7,23.8,41884.2
Thailand,26-04-2002,34,25.1,28.9,5.4,10.9,28.8,42217.3
Thailand,27-04-2002,34.6,25.1,29.6,0.3,10.4,24.1,42249.28
Thailand,28-04-2002,35.8,26.1,30.1,2.4,10.2,27.4,42280.62
Thailand,29-04-2002,35.3,26,29.8,7.7,7.3,20.5,42311.26
Thailand,30-04-2002,34.1,25.4,29.4,2.7,9.7,23.4,41386.92
Thailand,01-05-2002,32.5,25.8,29.1,0.8,8.9,20.2,41692.84
Thailand,02-05-2002,34.1,26.1,29.8,3.4,6.2,24.1,42398.6
Thailand,03-05-2002,33.6,26.4,29.7,2.9,8.8,23,42426.04
Thailand,04-05-2002,34.7,25.2,29.8,0,7.4,20.2,42452.57
Thailand,05-05-2002,33.1,25,28.9,18.1,7.2,23.8,42417.8
Thailand,06-05-2002,34.5,25,29.6,0.3,8,19.8,42177.53
Thailand,07-05-2002,33.6,25.5,28.8,10.7,14.8,25.6,39776.68
Thailand,08-05-2002,32.8,25.2,28.8,3.3,10.1,27.4,42548.68
Thailand,09-05-2002,34,25.9,29.3,1.9,13.8,30.2,42570.14
Thailand,10-05-2002,33.7,25.4,29,3.1,14.2,26.3,42590.75
Thailand,11-05-2002,30.7,25.1,27,18.8,14.6,38.2,22139.14
Thailand,12-05-2002,31.3,25.1,27.3,8.6,16.5,37.4,34679.14
Thailand,13-05-2002,30.3,25,27.2,6.5,16.2,34.9,23148.26
Thailand,14-05-2002,32.3,24.7,27.3,5.2,12.7,27,33719.24
Thailand,15-05-2002,32.2,25.1,27.5,8.8,14.8,32.8,34530.16
Thailand,16-05-2002,29.9,24.8,26.3,16,20.5,44.6,10539.87
Thailand,17-05-2002,29.1,24.5,25.8,11.4,21.3,54,19553.89
Thailand,18-05-2002,30,24.5,26.1,8,22,57.2,17253.47
Thailand,19-05-2002,29.4,24.6,26.4,8.5,22.1,61.6,17763.6
Thailand,20-05-2002,29.8,24.9,26.8,8,18.7,50.4,21577.86
Thailand,21-05-2002,32.4,24,27.5,5.5,13.2,37.4,42760.46
Thailand,22-05-2002,32.2,24.6,28.2,1.6,10.4,31.3,42895.51
Thailand,23-05-2002,32.9,24.8,28.7,2.7,10.2,23.4,42903.68
Thailand,24-05-2002,32.7,25.2,28.7,1,7.1,20.2,37140.12
Thailand,25-05-2002,30.3,24.8,27.2,22,7.3,21.2,24259.19
Thailand,26-05-2002,30.7,24.3,26.6,16.8,6.9,22.7,27584.67
Thailand,27-05-2002,30.7,23.7,26.7,17.4,6.4,24.1,36449.51
Thailand,28-05-2002,31.4,24.2,27,6.4,12.8,30.2,41338.33
Thailand,29-05-2002,30.6,24.5,26.9,4.6,13.3,33.1,41171.01
Thailand,30-05-2002,31.3,24.9,27.4,2,13.2,30.6,40282.29
Thailand,31-05-2002,31.5,24.7,27.7,3.9,12,28.8,42251.44
Thailand,01-06-2002,31.9,24.5,27.7,1.1,13.2,35.3,41071.01
Thailand,02-06-2002,31.6,24.9,27.8,3.6,12.6,34.9,42828.12
Thailand,03-06-2002,32.2,24.5,28.1,7.2,13.6,31.3,43024.26
Thailand,04-06-2002,32.5,24.6,27.8,4.5,7.6,23.8,41538.44
Thailand,05-06-2002,30.7,25,27.4,6.4,11.8,28.1,32185.71
Thailand,06-06-2002,31.4,25,27.4,3.1,15.2,37.4,37693
Thailand,07-06-2002,31.3,25.2,27.5,4.9,13.8,31.3,37343.51
Thailand,08-06-2002,30.9,24.9,27.8,0.1,9.4,24.5,28530.08
Thailand,09-06-2002,32.3,25.6,27.8,9.1,12.4,34.6,35947.38
Thailand,10-06-2002,31.6,25.2,27.4,7.1,12.2,33.1,27008.45
Thailand,11-06-2002,29.8,25,27,8.6,12.6,23,16330.69
Thailand,12-06-2002,32.1,24.8,27.2,36.7,13.6,33.8,34313.9
Thailand,13-06-2002,28.4,24.5,25.9,10.2,9.2,18.4,15059.33
Thailand,14-06-2002,31.5,24,27.2,6.9,9.6,31.7,40947.96
Thailand,15-06-2002,31.2,23.6,27.1,11.1,8.9,27.7,42760.88
Thailand,16-06-2002,31.7,24.4,27.4,10.5,9.5,29.2,38464.78
Thailand,17-06-2002,32.3,24.6,27.8,18.9,12.1,35.3,42742.95
Thailand,18-06-2002,31.1,24.2,27.6,10,11.8,31.3,42733.23
Thailand,19-06-2002,31.5,24.8,27.2,3.9,14.7,38.5,35081.75
Thailand,20-06-2002,29.1,25,26.5,9,14.3,40,17328.29
Thailand,21-06-2002,30.3,24.3,26.8,21.6,12.5,37.1,36382.22
Thailand,22-06-2002,29.9,24.8,27.1,8.3,11.6,34.6,41805.74
Thailand,23-06-2002,29.5,24.6,26.4,9.3,10,32,15377.03
Thailand,24-06-2002,30.2,24.2,26.7,7.8,10.9,32.8,24912.72
Thailand,25-06-2002,29,24.5,26.1,6.5,11.1,30.6,14122.04
Thailand,26-06-2002,29.8,23.7,27,7.7,8.4,22,34027.39
Thailand,27-06-2002,30.5,24.1,27,10.9,9.8,23,27326.4
Thailand,28-06-2002,30.7,24.4,26.9,9.5,9.7,23.8,29231.76
Thailand,29-06-2002,31.3,24.8,27.3,2.6,9.1,29.5,38809.42
Thailand,30-06-2002,31,24.5,27.9,0,10.8,32,42562.72
Thailand,01-07-2002,31.6,25.5,28,3.8,11.3,33.5,37169.09
Thailand,02-07-2002,31.3,25.1,27.7,3.6,13.3,34.6,28884.04
Thailand,03-07-2002,29.4,25.1,27,5,10.8,40.3,21237.72
Thailand,04-07-2002,32,24.9,27.7,5.8,13.3,37.8,38162.19
Thailand,05-07-2002,32.2,24.8,28.1,1.4,12.4,43.2,40188.13
Thailand,06-07-2002,31.9,25.5,28.4,0.1,13.9,45.7,36000
Thailand,07-07-2002,29.2,26,27.6,3.4,18.5,52.2,31029.54
Thailand,08-07-2002,30.9,25.5,27.2,10.2,17.1,48.6,27584.94
Thailand,09-07-2002,29.4,24.8,27,8.8,16.5,36.7,6040.08
Thailand,10-07-2002,32.1,24.3,27.5,3.4,15.5,40.3,39988.78
Thailand,11-07-2002,32.1,24.7,27.7,12,15.8,41,39372.54
Thailand,12-07-2002,31.9,24.5,27.7,5.6,15.4,45,42362.8
Thailand,13-07-2002,32,25,27.7,5.7,15,42.5,40492.25
Thailand,14-07-2002,31.5,24.6,27.6,7.1,14.8,37.4,42118.35
Thailand,15-07-2002,31.6,25.3,27.2,24.9,16.3,37.1,31702.32
Thailand,16-07-2002,31.3,24.7,26.5,12.5,17.6,37.4,25052.84
Thailand,17-07-2002,29.4,24.5,26.1,7.8,15.2,38.5,31490.73
Thailand,18-07-2002,28.5,24.3,25.8,16.6,11.8,31,7571.67
Thailand,19-07-2002,28.3,24,26,3,11.2,23.8,8283.43
Thailand,20-07-2002,30.3,24.5,26.7,0.2,11.3,28.1,22601.85
Thailand,21-07-2002,29.6,23.3,26.4,0,7.8,25.6,16866.12
Thailand,22-07-2002,31.7,23.4,26.7,4.2,14.3,36.7,32835.57
Thailand,23-07-2002,29.7,23.7,26.3,3.8,16,41.4,30055.81
Thailand,24-07-2002,30.4,24,27.1,0.7,14.8,36,42193.94
Thailand,25-07-2002,30.7,24.3,27.4,0.7,16.5,44.6,38193.19
Thailand,26-07-2002,32,24.6,27.5,5.8,19.9,41.4,40709.2
Thailand,27-07-2002,31,24.9,27.1,12.1,16.6,35.3,29295.39
Thailand,28-07-2002,30.7,24.9,27.1,21.1,15.2,32.4,31262.34
Thailand,29-07-2002,27.9,24.5,25.8,13.9,13,33.1,1944.25
Thailand,30-07-2002,29.6,24.4,25.6,9.3,12.9,33.5,12033.53
Thailand,31-07-2002,30.6,24,26.9,3.9,11.8,29.2,40279.81
Thailand,01-08-2002,31.3,23.8,27.5,3.8,10.2,27.7,40260.73
Thailand,02-08-2002,30.9,24.8,26.9,16,12.9,30.2,30861.23
Thailand,03-08-2002,30.5,24.4,26.8,8.8,9.7,26.3,37909.62
Thailand,04-08-2002,29.6,24.3,26.4,13.3,11.5,27,25370.73
Thailand,05-08-2002,29.5,24.2,26.5,5.9,20.4,49.3,38723.32
Thailand,06-08-2002,29.2,24.5,26.2,4.8,17,53.3,14707.78
Thailand,07-08-2002,30.9,24.6,26.9,2.4,17,46.4,38920.18
Thailand,08-08-2002,30.7,24,27,1.8,14.1,42.1,40936.28
Thailand,09-08-2002,28.3,23.8,26,9.3,13.1,29.9,14166.71
Thailand,10-08-2002,28.7,23.9,26.1,6.5,12.5,29.9,16281.17
Thailand,11-08-2002,31,23.7,26.7,6.2,13,34.9,37236.4
Thailand,12-08-2002,30.2,24,26.2,8.5,13.7,30.6,21913.55
Thailand,13-08-2002,29,24,26.1,7.2,12.5,37.8,16011.02
Thailand,14-08-2002,29.7,23.5,26.3,5.4,11.3,31.7,37996.91
Thailand,15-08-2002,29.8,24,26.4,3,11.9,46.4,28891
Thailand,16-08-2002,29.5,23.6,26.1,2.2,17.4,46.1,34371.66
Thailand,17-08-2002,29.4,24.4,26.3,2.6,14.9,46.4,24964.71
Thailand,18-08-2002,30.6,24.3,26.5,7.4,13.3,48.2,25066.89
Thailand,19-08-2002,29.9,24,26.2,11,13.9,39.2,26197.45
Thailand,20-08-2002,26.2,23.9,24.8,50.2,8.1,23.8,0
Thailand,21-08-2002,29.8,23.2,25.8,10.2,6.5,21.2,29803.94
Thailand,22-08-2002,28.2,23.7,25.7,6.7,7.3,20.5,17655.01
Thailand,23-08-2002,28.3,23.8,25.8,10.5,7,21.2,7408.73
Thailand,24-08-2002,29.6,24.1,26.2,12.3,7.4,24.1,18276.32
Thailand,25-08-2002,30.1,23.5,25.8,28,10.4,27.7,23649.62
Thailand,26-08-2002,30.7,23.2,26.5,7,5.9,22.7,38422.9
Thailand,27-08-2002,31.1,23.8,27.1,7.1,10.8,29.2,40974.46
Thailand,28-08-2002,30.8,24.5,26.9,25.7,10,24.5,36000
Thailand,29-08-2002,29.3,24.2,26.2,8.8,7.4,23,18869.92
Thailand,30-08-2002,29.1,23.4,25.6,14.5,8.2,28.4,28926.59
Thailand,31-08-2002,28.4,23.7,25.9,13.5,6.1,22.3,27373.05
Thailand,01-09-2002,28.6,23.5,25.2,56.3,9,24.5,20847.04
Thailand,02-09-2002,28.2,23.6,25,34.2,8.6,23.8,2867.22
Thailand,03-09-2002,26.7,23.9,24.8,35.7,11.2,28.4,2242.06
Thailand,04-09-2002,27.4,23.1,24.5,51.7,15.2,41,11736.78
Thailand,05-09-2002,29.7,23.6,25.6,19.7,15.5,33.1,32363.26
Thailand,06-09-2002,27.7,23.8,25.2,14.8,10.2,24.1,1840.16
Thailand,07-09-2002,30.1,22.8,26.5,0.5,9.1,27,39600
Thailand,08-09-2002,30.4,24,26.4,7.8,11,29.9,33477.89
Thailand,09-09-2002,29.4,23.5,25.6,13.8,8.2,23.8,14307.4
Thailand,10-09-2002,27.2,23.4,25.2,21.5,5.8,17.3,3827.32
Thailand,11-09-2002,30.4,23.6,26.2,5.8,9.8,22.7,34655.4
Thailand,12-09-2002,30.5,23.7,26.4,5.1,8.2,19.8,38638.62
Thailand,13-09-2002,29.1,24,26,10.4,9.2,23.8,33665.08
Thailand,14-09-2002,29.9,24,26.4,2.2,9.4,27,22303.09
Thailand,15-09-2002,30.4,23.7,26.4,9.8,12.8,33.5,32400
Thailand,16-09-2002,29.6,24,26,16.5,11.2,32.4,33629.16
Thailand,17-09-2002,27.3,23.2,24.9,30.4,5.6,23.8,5803.86
Thailand,18-09-2002,29.2,23.1,25.3,22.9,8,23.8,28026.91
Thailand,19-09-2002,27.9,22.7,25.4,11.2,8.2,22.7,32547.24
Thailand,20-09-2002,27.9,23.7,25.2,9.5,8.7,23,14025.76
Thailand,21-09-2002,26.7,24,25,24.2,7.2,21.2,4647.41
Thailand,22-09-2002,30.4,23.6,25.9,26.5,10.3,43.6,31137.74
Thailand,23-09-2002,30.3,23.2,26.6,0.9,16.1,42.5,39942.21
Thailand,24-09-2002,30.1,22.8,26.6,1,18.1,37.4,40488.62
Thailand,25-09-2002,30.1,23.8,26.1,1.7,9.6,34.6,38099
Thailand,26-09-2002,29.3,23.4,26,4,7.6,19.4,32904.09
Thailand,27-09-2002,30.5,23.4,26.7,3.4,7.4,19.4,37701.64
Thailand,28-09-2002,30.5,23.9,26.6,8.1,6,18.7,35465.67
Thailand,29-09-2002,30.3,23.3,25.9,7.9,7.4,19.4,31118.01
Thailand,30-09-2002,30.5,22.8,26.4,6.9,6.5,19.4,38065.76
Thailand,01-10-2002,30.8,23.9,27,1.1,5.2,21.6,40043.35
Thailand,02-10-2002,31.1,23.7,26.9,4.7,6.5,23,39877.76
Thailand,03-10-2002,31.2,23.5,26.7,0.5,7.4,21.2,39487.66
Thailand,04-10-2002,31.1,23.7,26.5,5.5,8.3,27.7,38761.84
Thailand,05-10-2002,31.2,23.6,26.8,3,5.9,24.1,39042.23
Thailand,06-10-2002,29.8,24.5,26.5,9.8,12.9,29.5,28264.37
Thailand,07-10-2002,28,22,25.2,0,12.6,30.6,38373.27
Thailand,08-10-2002,28.7,20.6,24.2,0,14.4,31.7,27749.18
Thailand,09-10-2002,29,19.9,24,0,13.9,32,40246.86
Thailand,10-10-2002,29.1,18.3,23.3,0,10.1,24.1,40192.75
Thailand,11-10-2002,29.2,16.6,23.4,0,7.4,17.6,40138.83
Thailand,12-10-2002,29.7,18.3,24.5,0,7.7,17.6,40085.16
Thailand,13-10-2002,30.4,19.3,24.9,0,7.6,20.2,40031.78
Thailand,14-10-2002,31.2,19.2,25.5,0,7.3,20.9,39978.73
Thailand,15-10-2002,30.5,22.7,26.6,0.8,7.6,22.3,36384.96
Thailand,16-10-2002,30.8,23.9,27.1,0.9,11.8,28.8,37075
Thailand,17-10-2002,30.6,24.2,26.9,3,5.5,17.3,34016.65
Thailand,18-10-2002,31.1,23.7,26.7,2.9,9.7,24.1,35263.33
Thailand,19-10-2002,31.1,23.5,27.3,0,7.9,23,38587.51
Thailand,20-10-2002,31.2,24.1,27.3,0.9,7.8,19.8,36893.83
Thailand,21-10-2002,31.3,23.4,26.9,6.9,8.7,22,37108.91
Thailand,22-10-2002,30.5,23.2,26.7,1.2,6.2,16.6,36503.52
Thailand,23-10-2002,30.4,23.8,26.5,12.8,8.9,23.4,37792.84
Thailand,24-10-2002,29.5,23.6,26.1,0.8,12.8,31.3,35602.64
Thailand,25-10-2002,30.7,22.2,26.5,0.2,11.6,29.2,36813.05
Thailand,26-10-2002,29.3,23.8,25.8,9.2,14.7,40,23652.01
Thailand,27-10-2002,27.6,23.1,24.2,29.4,14,31.3,9111.28
Thailand,28-10-2002,28.1,22.6,24.8,8.4,8.2,25.6,25593.09
Thailand,29-10-2002,29.2,22.3,25.2,8.6,6.1,24.5,35822.82
Thailand,30-10-2002,30.8,22.6,26,1.3,6.2,18,36208.5
Thailand,31-10-2002,30.5,22.8,26.4,3.5,6.3,18.7,36471.33
Thailand,01-11-2002,30.7,23.3,26.3,2.3,13,34.2,36162.3
Thailand,02-11-2002,29.6,23.4,26.4,0.4,17.5,44.3,36475.14
Thailand,03-11-2002,28.5,23.2,25.8,0,16.6,32.8,36170.13
Thailand,04-11-2002,26.6,20.5,23.4,0,17.4,39.6,37250.29
Thailand,05-11-2002,26.7,18.3,22.1,0,12.5,29.2,37646.77
Thailand,06-11-2002,28.4,16.8,22.6,0,12.4,31.3,37057.62
Thailand,07-11-2002,29.4,19.4,24.4,0,17.8,38.9,36602.28
Thailand,08-11-2002,27.3,22,24.2,0.7,12.1,25.9,18780.08
Thailand,09-11-2002,29.1,21.8,24.7,0,13.8,33.8,36670.87
Thailand,10-11-2002,30.1,19.4,24.6,0,11.5,28.1,37050.39
Thailand,11-11-2002,31.1,20.2,25.7,0,9.5,25.2,36570.13
Thailand,12-11-2002,31.4,22.7,26.7,0.3,14.4,32,36216.42
Thailand,13-11-2002,31.4,23.2,27.3,0,7.4,19.8,36495.42
Thailand,14-11-2002,31.6,23.4,27.4,0.5,6.8,20.5,36497.95
Thailand,15-11-2002,31.9,24.1,27.9,0.3,5.4,18.7,35820.91
Thailand,16-11-2002,33,24.2,27.9,9.1,6,19.4,36210.5
Thailand,17-11-2002,29.6,23.9,25.8,7.4,18.4,35.6,35861.12
Thailand,18-11-2002,29.8,23.2,26,0,12.2,27.4,30539.95
Thailand,19-11-2002,30.3,22.4,25.9,0,12.6,28.4,24390.92
Thailand,20-11-2002,31.2,21.5,26,0,15.5,31.3,36000
Thailand,21-11-2002,30.7,23,26.6,0,19.4,42.5,36360
Thailand,22-11-2002,30.2,23.8,26.4,0,17,36.7,36210.78
Thailand,23-11-2002,30.8,21.9,26.3,0,9.1,25.6,36122.38
Thailand,24-11-2002,30.5,23.1,26.4,0.8,6.8,24.5,36000
Thailand,25-11-2002,30,23.4,26.2,0.4,21.4,41.8,34775.43
Thailand,26-11-2002,28.9,22.7,25.3,0,18.4,38.9,30846.84
Thailand,27-11-2002,29.5,22.6,25.8,0.4,16.2,33.1,30265.19
Thailand,28-11-2002,30.7,21,26,0,10.1,22.7,33808.59
Thailand,29-11-2002,30.7,23.2,26.6,0,7.8,15.1,36303.01
Thailand,30-11-2002,32,23.1,27.3,0,7.6,20.9,36212.97
Thailand,01-12-2002,31.6,23.2,27.2,0,11.1,27,36000
Thailand,02-12-2002,31.4,23.5,27.5,0.4,5.4,20.2,36000
Thailand,03-12-2002,31.2,23.6,26.9,11.3,5.5,22.3,32689.12
Thailand,04-12-2002,31.3,23.3,26.4,2.1,10.2,20.2,36000
Thailand,05-12-2002,31.7,22.8,27.1,0,7.3,18,36211.45
Thailand,06-12-2002,32.6,22.5,27.2,0.3,6.2,19.8,36116.74
Thailand,07-12-2002,31.9,24,27.9,0.2,6.6,18,36000
Thailand,08-12-2002,32.6,23.8,27.3,7.5,8.6,28.8,34958.34
Thailand,09-12-2002,26.5,21.5,23.7,2.6,22.7,48.6,32899.62
Thailand,10-12-2002,27,19.8,22.8,0.9,14.8,31.7,34845.35
Thailand,11-12-2002,29.3,19.7,24.4,0,9.8,26.6,36000
Thailand,12-12-2002,29.6,22,25.2,0,15.6,35.6,36402.41
Thailand,13-12-2002,28.9,21.1,24.9,0,15,33.1,36102.31
Thailand,14-12-2002,29.1,22.2,24.9,0,14.4,33.5,31164.74
Thailand,15-12-2002,29.5,19.7,24.8,0,9.6,23.8,36708.82
Thailand,16-12-2002,30,20.1,25,0.1,11,26.3,36814.88
Thailand,17-12-2002,30.4,20,25.3,0,8.4,24.1,36818.84
Thailand,18-12-2002,31,20.9,26,0.4,6,16.9,36611.95
Thailand,19-12-2002,31.8,21.8,26.8,0.1,5.9,17.3,36705.77
Thailand,20-12-2002,31.6,22.5,26.9,0,10.3,25.9,36784.28
Thailand,21-12-2002,31.7,20.2,25.3,0,9.3,22.7,36974.36
Thailand,22-12-2002,31.4,16.9,24.3,0,7.4,23.8,37059.4
Thailand,23-12-2002,31.1,19,25.1,0,9.8,27.7,36478.43
Thailand,24-12-2002,30.9,19.8,25.3,0,13.4,31.3,30072.15
Thailand,25-12-2002,31,20.2,25.5,0,12.6,27.7,36875.66
Thailand,26-12-2002,31.2,22,26.2,1.7,11.5,26.3,36391.14
Thailand,27-12-2002,25.3,21.2,23.2,2,20.2,45.4,36155.27
Thailand,28-12-2002,24.1,19.5,21.7,0.8,15.5,34.9,21969.72
Thailand,29-12-2002,29.7,19,23.8,0,13.7,31.3,28561.11
Thailand,30-12-2002,29.3,21.9,25.1,0,13,33.1,36163.26
Thailand,31-12-2002,30.1,21.6,25.7,0,13.3,32.8,32065.79
Thailand,01-01-2003,29.2,23.5,26,0,15.1,33.1,34220.99
Thailand,02-01-2003,30.6,22.2,26.3,0,14,31.3,26269.75
Thailand,03-01-2003,27.7,21.9,25.1,0.2,17.6,40.3,21724.32
Thailand,04-01-2003,27.1,21.1,23.4,0,13,30.6,31838.62
Thailand,05-01-2003,28.8,19.9,24.2,0,16.2,36,24755.08
Thailand,06-01-2003,29.6,21.9,25,0,9.4,24.8,37571.3
Thailand,07-01-2003,27.5,20.3,23.5,0,14.5,31.3,36585.81
Thailand,08-01-2003,28.5,20.6,23.9,0,12.9,29.9,37727.66
Thailand,09-01-2003,29.9,18.2,24.4,0,10.6,28.8,37515.79
Thailand,10-01-2003,28.1,19.9,23.8,0,18.4,40.3,37777.81
Thailand,11-01-2003,28.6,17,22.8,0,12.6,32.8,37804.73
Thailand,12-01-2003,28.2,16.6,22.4,0,11.9,31,37832.79
Thailand,13-01-2003,28.6,15.4,22.2,0,9.7,27.4,37861.97
Thailand,14-01-2003,29.6,14.9,22.6,0,7.9,20.2,37892.2
Thailand,15-01-2003,30.4,15.7,23.2,0,12.3,30.6,37923.43
Thailand,16-01-2003,29.2,18.7,23.5,0,17.9,38.5,37955.61
Thailand,17-01-2003,29.9,16.8,23.4,0,12,30.6,37988.71
Thailand,18-01-2003,30.8,16.2,23.5,0,11.5,29.2,38022.68
Thailand,19-01-2003,29.5,18,23.5,0,16.8,36.7,38057.45
Thailand,20-01-2003,30.2,16.6,23.8,0,7,17.3,38092.99
Thailand,21-01-2003,30.9,16.9,24.2,0,10.8,28.4,38129.25
Thailand,22-01-2003,31.4,18.7,24.9,0,8.7,25.2,38166.19
Thailand,23-01-2003,31.2,17.2,24.3,0,9,25.2,38203.83
Thailand,24-01-2003,31.2,18.6,24.6,0,14,36.4,38242.62
Thailand,25-01-2003,31.2,19.4,24.9,0,10.5,27.7,38282.56
Thailand,26-01-2003,31.5,18.8,24.9,0,7.4,22,38323.59
Thailand,27-01-2003,32.4,18.7,25.5,0,8,17.3,38365.64
Thailand,28-01-2003,29.6,21.4,25.1,0,19.7,42.1,38408.62
Thailand,29-01-2003,30.5,20.9,25.2,0,15.2,33.8,35604.16
Thailand,30-01-2003,30.9,20.1,25.4,0,11.2,30.6,38497.19
Thailand,31-01-2003,32,18.4,25.5,0,9.2,24.1,38542.64
Thailand,01-02-2003,33,18.6,26.2,0,8.3,19.4,38588.77
Thailand,02-02-2003,33.3,19.6,26.6,0,10.5,30.6,38635.54
Thailand,03-02-2003,32.3,20,26,0,17,39.6,38682.88
Thailand,04-02-2003,30,21.1,25.1,0,21.4,48.6,38730.71
Thailand,05-02-2003,28.5,18.9,23.5,0,22.1,45.7,38779.01
Thailand,06-02-2003,27.7,17.5,22.4,0,21.3,44.3,38827.68
Thailand,07-02-2003,29.3,17.4,23.2,0,11.3,28.1,38876.71
Thailand,08-02-2003,31.5,15.9,24.1,0,8.9,19.4,38926.01
Thailand,09-02-2003,32.8,17.4,25.6,0,7.6,19.8,38975.54
Thailand,10-02-2003,34.3,19.3,27.1,0,7.6,23.8,39025.25
Thailand,11-02-2003,35,21.5,28.5,0,6.8,23.4,39075.07
Thailand,12-02-2003,34.4,24.2,28.7,1.2,7.1,26.6,37864.35
Thailand,13-02-2003,33.3,23,27.3,2.1,8.6,25.9,39175.29
Thailand,14-02-2003,31.5,22.5,26.6,3.3,8.3,26.3,39226.28
Thailand,15-02-2003,32.9,22.3,26.6,2.4,11.5,22.7,39277.88
Thailand,16-02-2003,33.6,22.1,27.7,0.6,7.6,20.5,39330.02
Thailand,17-02-2003,33.5,23.8,28.2,2,7.2,19.4,39382.66
Thailand,18-02-2003,33,23.6,28.3,0.9,7.2,22.3,39435.73
Thailand,19-02-2003,33.3,23.5,28.2,0.2,6.4,21.2,39489.19
Thailand,20-02-2003,33,22.9,28,0,7.1,24.1,39542.98
Thailand,21-02-2003,33.5,23.7,28,2.4,8,22.3,39593.26
Thailand,22-02-2003,33.1,23.1,27.9,0.8,7.2,24.8,39600
Thailand,23-02-2003,34.2,22.6,28.4,0.1,7.6,21.6,39600
Thailand,24-02-2003,32.9,22.8,28.1,0.2,7.6,22.3,39600
Thailand,25-02-2003,34.1,23.7,28.4,1.5,8.2,22,39600
Thailand,26-02-2003,33.6,23.4,27.8,2,7.2,22.7,39600
Thailand,27-02-2003,32.6,23.2,27.6,2.6,6.4,20.5,39600
Thailand,28-02-2003,33.2,23,28.2,2.3,9,16.9,39600
Thailand,01-03-2003,34.4,23.6,29.1,0.2,7.3,21.6,39600
Thailand,02-03-2003,34.7,24.2,29.4,0.2,9.6,22.7,39600
Thailand,03-03-2003,34.5,24.4,29.4,0.1,11,26.3,39600
Thailand,04-03-2003,35.7,23.5,29.6,0,13.4,29.5,39600
Thailand,05-03-2003,35.1,22,28.3,0,11.4,24.5,39600
Thailand,06-03-2003,35.8,21.3,28.4,0,8,20.9,39600
Thailand,07-03-2003,36.5,22.9,29.7,0,10.4,27,39600
Thailand,08-03-2003,33.1,24.5,28.1,0,19.2,40.7,39600
Thailand,09-03-2003,31.5,22.2,26.2,1.8,17.7,38.2,38573.77
Thailand,10-03-2003,30.2,22.3,25.8,0.4,19.8,41.8,39600
Thailand,11-03-2003,32.5,23.3,27.7,0,15.5,35.3,39600
Thailand,12-03-2003,33.9,23.1,28,0.3,13.4,31.7,39600
Thailand,13-03-2003,33.5,24.1,27.8,3.1,12.8,28.8,36972.34
Thailand,14-03-2003,29.5,22.9,25.6,5.7,13,29.2,31022.62
Thailand,15-03-2003,33.1,20.4,27.1,0.2,6.6,26.3,39728.43
Thailand,16-03-2003,33.4,22.3,28,0.3,9.5,27,39726.05
Thailand,17-03-2003,34.4,23.1,28.9,0.1,8.5,24.1,39647.2
Thailand,18-03-2003,35.3,24,29.7,0,9.4,23.8,39719.53
Thailand,19-03-2003,35.2,24.2,29.7,0.1,10.1,23.4,39796
Thailand,20-03-2003,35.1,24.7,28.6,6.4,13.1,33.8,39265.15
Thailand,21-03-2003,31.1,22.8,26.7,1.7,17.4,34.9,37572.43
Thailand,22-03-2003,32.9,23.6,27.3,2.7,10.5,25.2,38564.12
Thailand,23-03-2003,32.9,23.9,27,4,13.1,30.2,36340.16
Thailand,24-03-2003,32.1,23.5,27.1,1.7,12.3,28.1,38611.03
Thailand,25-03-2003,32.8,23.8,28,0,14.8,35.6,40053.3
Thailand,26-03-2003,33.1,23.9,28,1.6,10.5,26.3,39935.52
Thailand,27-03-2003,31.3,24.2,26.1,11.7,7.4,22,15437.12
Thailand,28-03-2003,31.6,23.8,26.4,13.7,12.8,31.3,34371.69
Thailand,29-03-2003,30.8,23.1,26.3,11.9,10.4,20.9,37749.68
Thailand,30-03-2003,31.1,24,26.2,21.2,11.5,25.2,31084.09
Thailand,31-03-2003,31.6,23.9,27.5,2.3,6,27.4,39945.02
Thailand,01-04-2003,30.5,24.4,27.4,2.3,8.8,25.9,37686.4
Thailand,02-04-2003,32.4,23.7,27.9,0,8.7,24.8,36915.6
Thailand,03-04-2003,33.6,24.3,28.9,0.2,8.9,22.7,40906.9
Thailand,04-04-2003,33.7,24.1,29.1,0,8.3,20.9,41135.39
Thailand,05-04-2003,34.4,24.4,29,0.5,7.1,21.6,38716.5
Thailand,06-04-2003,34.6,25.4,29.9,0,9.6,23.8,41156.69
Thailand,07-04-2003,35.2,24.8,30.2,0,10.3,25.9,41394.86
Thailand,08-04-2003,36.2,24.6,30.7,0,8.6,20.5,41522.21
Thailand,09-04-2003,36.4,25.5,31.2,0,10.8,28.8,41579.71
Thailand,10-04-2003,35.7,26.2,29.9,4.2,13.5,32.4,37946.18
Thailand,11-04-2003,35,25.5,29.9,0.6,11.5,29.5,41661.44
Thailand,12-04-2003,35.3,25.9,30.5,0,12.5,33.8,41701.14
Thailand,13-04-2003,36.3,25.1,30.5,0,10.9,24.5,41739.96
Thailand,14-04-2003,36.2,24.4,30.4,0,10,24.5,41778.26
Thailand,15-04-2003,36,25.5,30.8,0,10.7,26.3,41816.39
Thailand,16-04-2003,35.1,26.5,30.5,0.4,13,27.7,41853.84
Thailand,17-04-2003,35.6,26.5,30.7,0.2,10.5,24.8,41864.01
Thailand,18-04-2003,35.8,25.8,30.9,0.2,11.4,28.4,41929.34
Thailand,19-04-2003,36.3,25.4,30.8,0.3,11.7,29.2,41966.33
Thailand,20-04-2003,35.5,26.4,30.8,0.6,13.6,31.3,42002.91
Thailand,21-04-2003,35.9,25.6,31,0.2,8.1,25.2,42039.02
Thailand,22-04-2003,35.7,26.2,30.4,0.5,12.3,21.6,42074.63
Thailand,23-04-2003,34.8,26,29.9,2.4,10.7,25.9,41916.97
Thailand,24-04-2003,34.1,25.2,29.4,3.7,10.9,25.9,42144.09
Thailand,25-04-2003,34.4,25.8,29.7,0.3,6.8,22,41395.45
Thailand,26-04-2003,34.9,25.3,29.9,0.8,9.7,23.4,42210.9
Thailand,27-04-2003,34.6,24.5,29.6,3.8,7.4,18,42243.18
Thailand,28-04-2003,34.3,25.2,29.5,0.9,7.6,23,42274.63
Thailand,29-04-2003,36.1,25.7,30,1,7,23.4,42305.21
Thailand,30-04-2003,34.2,24.7,29.4,0.2,16.7,44.6,42334.88
Thailand,01-05-2003,33,25.8,29,0,10.3,29.9,31019.79
Thailand,02-05-2003,34.9,24.9,28.7,3.6,12.5,23.4,36772.93
Thailand,03-05-2003,34.5,24.2,28.8,7.8,13.4,32.8,41120.52
Thailand,04-05-2003,35.9,26,30.7,0.2,12.9,27.4,42443.46
Thailand,05-05-2003,36.5,26.4,31.8,0,12.7,22.7,42468.41
Thailand,06-05-2003,37.8,27.4,32.7,0,14.6,28.4,42492.63
Thailand,07-05-2003,37.9,27.5,32.9,0,13.4,26.3,42580.96
Thailand,08-05-2003,37.6,28,32.1,3.2,13,26.6,42538.83
Thailand,09-05-2003,31.6,24.8,27.6,11.9,9.9,31,17967.99
Thailand,10-05-2003,34,25.1,28.9,8.6,11,29.9,40403.95
Thailand,11-05-2003,33.3,25.4,28.4,2.3,10.7,24.8,36210.92
Thailand,12-05-2003,33.2,25.5,28.6,7.2,10.7,22.3,42621.98
Thailand,13-05-2003,30.8,24.9,27.1,15.2,8.1,21.2,6760.11
Thailand,14-05-2003,30.9,24.9,27.2,16.5,7.6,23.4,18000
Thailand,15-05-2003,32.8,24.8,28.7,5.3,10.2,27.4,42675.82
Thailand,16-05-2003,33.5,25.1,29,1.8,15.7,31.7,42743.59
Thailand,17-05-2003,32,25.4,28.2,2.2,16.8,41,36640.07
Thailand,18-05-2003,32.9,24.4,28.1,2.5,12.6,39.6,39230.3
Thailand,19-05-2003,32,25.8,28.6,4.6,13.8,32.4,42863.09
Thailand,20-05-2003,33,24.9,28.3,10.1,13,28.1,42499.57
Thailand,21-05-2003,32.7,25.1,28.8,1.7,11.5,27.4,42354.49
Thailand,22-05-2003,32.4,24.9,28.2,3.4,10.9,22.7,40560.96
Thailand,23-05-2003,32.2,25.3,28.4,6.2,9.6,21.6,41761.84
Thailand,24-05-2003,32.7,25.4,28.2,10,10.9,27,40461.93
Thailand,25-05-2003,32.1,25.3,28.2,3.5,13.7,34.9,40863.12
Thailand,26-05-2003,33.5,25.1,28.7,3.1,12.6,40.7,42803.96
Thailand,27-05-2003,33.5,25,29.4,0,13.6,37.4,41311.17
Thailand,28-05-2003,34.4,25,30,0,13.5,41.8,43018.68
Thailand,29-05-2003,33.9,25.5,29.7,7.9,12,35.3,41549.83
Thailand,30-05-2003,32,25.6,28.4,6.1,9.8,26.3,31421.25
Thailand,31-05-2003,29.8,25.1,26.3,36.2,4.8,21.6,15181.18
Thailand,01-06-2003,29.8,24.8,26.4,21.9,8.6,20.9,13000.96
Thailand,02-06-2003,30.6,24.7,26.6,21.7,12.9,29.5,23923.61
Thailand,03-06-2003,30.2,24.9,26.8,7.9,15,34.9,24792.91
Thailand,04-06-2003,30.2,25,27.2,6.1,15.1,32.4,35627.2
Thailand,05-06-2003,31,24.9,27.6,1.6,11.8,30.2,40954.46
Thailand,06-06-2003,31.7,24.7,27.9,2.8,13,32,42817.43
Thailand,07-06-2003,31.7,25.2,28.1,3,11.5,33.5,42814.16
Thailand,08-06-2003,31.9,24.9,28.1,0.5,12.1,30.2,42998.89
Thailand,09-06-2003,30.3,24.7,27.1,0.7,13.4,33.8,32007.76
Thailand,10-06-2003,32.2,24.8,27.7,5.7,13.8,37.8,39200.91
Thailand,11-06-2003,31.1,24.7,27.8,5.5,12.4,35.3,43183.63
Thailand,12-06-2003,32.3,24.2,27.7,4.7,11.9,37.4,43280.44
Thailand,13-06-2003,31.6,25,28.1,0.5,11.1,27,42093.67
Thailand,14-06-2003,32,25,28.1,3.4,12.1,31.3,41487.2
Thailand,15-06-2003,31.7,24.7,27.9,5.1,11.4,29.9,41885.74
Thailand,16-06-2003,31.2,25.1,27.8,9,7.8,20.5,31164.98
Thailand,17-06-2003,30,23.8,26,32,6.8,20.9,18278.18
Thailand,18-06-2003,30.4,24.6,26.5,12.5,13.8,35.3,22737.11
Thailand,19-06-2003,30.6,24.6,27,1.9,16.3,45,33879.44
Thailand,20-06-2003,30.8,24.8,27.2,4,16.4,41,39107.73
Thailand,21-06-2003,30.7,24.9,26.9,11.5,15.5,36.7,35083.2
Thailand,22-06-2003,31.9,24.6,27.4,4.5,11.9,28.1,39208.1
Thailand,23-06-2003,30.5,24.7,27,3.6,13.7,30.2,36008.71
Thailand,24-06-2003,31.2,23.9,27.3,3.3,12,31,41307.05
Thailand,25-06-2003,31.8,24.3,27.4,1.8,16.2,42.5,39104.37
Thailand,26-06-2003,31.9,23.9,27.8,0.2,14.4,39.2,42890.79
Thailand,27-06-2003,31.3,24.9,27.4,5.7,11.9,37.4,30151.94
Thailand,28-06-2003,31.3,24.4,27.4,0.2,10.2,34.6,27349.69
Thailand,29-06-2003,30.4,24.4,26.5,7.5,10.5,27.4,15383.8
Thailand,30-06-2003,27.7,24.2,25.1,13.3,8,30.2,0
Thailand,01-07-2003,29.4,23.3,26,15,8.5,26.6,40170.19
Thailand,02-07-2003,30.7,22.6,26.6,7.4,10.1,23.8,41502.4
Thailand,03-07-2003,31,23.4,27,2.2,6.8,24.8,42196.25
Thailand,04-07-2003,31.6,23.8,27.7,0.6,6,19.8,43775.55
Thailand,05-07-2003,31.2,24.6,27.2,9.6,9,23.4,36231.4
Thailand,06-07-2003,30.6,24,27,5,10.5,22.3,40318.52
Thailand,07-07-2003,29.3,24.3,25.9,11.2,8,19.8,15495.57
Thailand,08-07-2003,29.7,23.9,26.5,8.3,16.6,36,38573.93
Thailand,09-07-2003,30.9,24.2,27.1,4.3,13,31.7,42831.96
Thailand,10-07-2003,31,23.8,27.5,1.1,10.5,28.1,42400.62
Thailand,11-07-2003,31.1,24.8,27.7,1.1,10,30.2,42860.16
Thailand,12-07-2003,31.5,24.7,27.9,3.7,7.6,23,41343.73
Thailand,13-07-2003,30.2,24,26.5,21.1,8.2,21.6,34005.72
Thailand,14-07-2003,30.1,23.7,26.1,16.3,7.7,21.2,38728.47
Thailand,15-07-2003,31,23.9,26.9,8.6,7.8,26.3,42673.89
Thailand,16-07-2003,31.3,23.5,27.3,3.8,8.7,23.8,42147.9
Thailand,17-07-2003,31.5,24.1,27.9,0,8.8,22,43757.75
Thailand,18-07-2003,32.2,24.6,28.6,0.8,9.4,24.1,42955.92
Thailand,19-07-2003,32.1,25.3,28.6,1.1,9.5,29.2,42240.51
Thailand,20-07-2003,32.1,25.1,28,8.6,8.4,27.4,42476.68
Thailand,21-07-2003,32.4,24.7,28.1,0.8,13.1,33.5,41310.87
Thailand,22-07-2003,31.4,25.5,27.9,8.3,11.7,37.1,33296.51
Thailand,23-07-2003,28.6,24.7,25.8,19.4,16.4,40.3,10017.95
Thailand,24-07-2003,29.1,24.2,25.9,11.4,17.9,50,15920.49
Thailand,25-07-2003,28,24.3,25.6,12.1,14.8,37.8,869
Thailand,26-07-2003,29.5,24.1,25.8,5.8,13.9,28.8,23917.49
Thailand,27-07-2003,30.5,23.9,27,0.8,5.8,24.5,41040.49
Thailand,28-07-2003,31.5,24.2,27.6,6.3,8,19.1,36697.91
Thailand,29-07-2003,30.1,23.9,26.6,16.3,8.3,20.5,36090.45
Thailand,30-07-2003,29.1,24.2,26.5,1.6,12.5,33.8,24777.79
Thailand,31-07-2003,28.6,24.4,26.1,5.2,9.8,24.1,10573.49
Thailand,01-08-2003,30.3,24,26.8,2.9,16.8,39.6,22175.2
Thailand,02-08-2003,30.3,23.7,27,5.9,13.8,38.9,41983.35
Thailand,03-08-2003,31.3,24.2,27.4,6,9.8,28.8,36835.38
Thailand,04-08-2003,31,24.3,26.3,20.3,9,21.6,24589.97
Thailand,05-08-2003,31.1,24.3,26.9,11.6,9.7,23,35916.81
Thailand,06-08-2003,30.9,24.3,27.1,11.6,12.1,31,41973.16
Thailand,07-08-2003,30.1,24.3,27.2,3.2,13.8,32.4,39717.12
Thailand,08-08-2003,31.4,24.5,27.6,2.9,12.7,40.7,38080.84
Thailand,09-08-2003,31.5,24.8,27.6,2.7,13.4,36,40764.15
Thailand,10-08-2003,29.9,24.7,27.1,4.8,9.9,33.5,35113.95
Thailand,11-08-2003,31.4,24.7,27.1,9.9,12.9,33.8,34272.4
Thailand,12-08-2003,30.8,24.9,27.6,2.7,9.7,35.6,37647.27
Thailand,13-08-2003,31.2,24.8,27.5,8.3,10.6,24.8,38079.7
Thailand,14-08-2003,31.8,25,28.1,0,9.1,25.2,41830.2
Thailand,15-08-2003,31.8,24.7,28.3,0.9,6.6,20.9,41504.04
Thailand,16-08-2003,32.2,24.9,28.1,7.7,10,23.4,33193.05
Thailand,17-08-2003,29.5,24.9,26.6,26.7,8,25.9,13520.41
Thailand,18-08-2003,29,24.2,25.8,44.6,8.9,27,17004.71
Thailand,19-08-2003,30.2,24,26.1,13.4,11.5,27.7,18842.91
Thailand,20-08-2003,30,24.4,26.3,11.6,15.4,44.3,33444.41
Thailand,21-08-2003,30.6,24.3,26.3,3.8,15.4,40,21600
Thailand,22-08-2003,28.8,24.3,26.5,4.6,10,35.3,18740.21
Thailand,23-08-2003,28.2,24.6,25.9,5.2,8.7,29.5,3204.54
Thailand,24-08-2003,28.8,23.7,25.7,8.5,10.7,44.3,20730.78
Thailand,25-08-2003,29.5,24.2,26.3,9.4,14.1,36.4,33450.07
Thailand,26-08-2003,30.4,24.1,26.6,3.7,16.9,48.2,35565
Thailand,27-08-2003,28,24,25.7,1.7,13.2,29.2,21512.69
Thailand,28-08-2003,31.1,23.6,26.7,0.2,10.8,33.5,41711.22
Thailand,29-08-2003,31.6,23.5,27.5,0.3,11.1,32,41767
Thailand,30-08-2003,30.8,24.4,27.4,7.2,9.5,21.2,26710.62
Thailand,31-08-2003,29.9,23.8,26.4,9.9,10.2,20.9,37484.84
Thailand,01-09-2003,30.2,24.1,26.5,6.1,11.6,28.4,27089.15
Thailand,02-09-2003,30.3,23.6,26.5,10,10.1,32.8,37439.79
Thailand,03-09-2003,28.3,24.4,25.9,6.7,9,40,18204.33
Thailand,04-09-2003,30.5,24,26.4,3.3,12.5,35.3,34581.63
Thailand,05-09-2003,29,24.2,26.3,3.9,11.3,24.5,17481.51
Thailand,06-09-2003,28.3,24.2,25.9,6,8.4,24.1,9719.97
Thailand,07-09-2003,28.6,23.8,25.9,3.4,10.3,38.9,17218.67
Thailand,08-09-2003,30.8,23.5,27.1,0.4,15.6,40.7,41714.45
Thailand,09-09-2003,29.9,23.8,26.5,11.9,7.5,28.4,22938.35
Thailand,10-09-2003,29.9,24.4,26.6,13.7,11.4,32.4,36755.03
Thailand,11-09-2003,28,24.3,25.8,7.4,11,26.6,16530.45
Thailand,12-09-2003,28.8,24.1,25.7,13.4,8,25.6,12861.84
Thailand,13-09-2003,25.5,23.8,24.5,14.6,7.2,23,0
Thailand,14-09-2003,24.6,23.4,24,69.4,8.4,21.2,0
Thailand,15-09-2003,29,22.9,25.5,26.4,8.3,23.4,34851.34
Thailand,16-09-2003,29.8,23.4,26,16.3,9.7,28.1,36335.49
Thailand,17-09-2003,31,23.6,26.8,5.6,7.2,21.2,36875.05
Thailand,18-09-2003,31.8,23.8,27.1,7.9,8.3,18.7,37609.14
Thailand,19-09-2003,31.2,23.8,26.8,8.8,7.6,17.6,39911.45
Thailand,20-09-2003,30.5,23.9,26.4,11.8,7.9,18,36140.75
Thailand,21-09-2003,29.9,24.2,26.3,11.1,7.7,20.5,36059.09
Thailand,22-09-2003,30.1,23.8,26.4,7.3,7.3,19.8,34730.06
Thailand,23-09-2003,30.4,23.7,26.5,4.3,5.5,15.8,36130.7
Thailand,24-09-2003,30,23.3,26.3,11.2,5.1,29.9,39793.09
Thailand,25-09-2003,31.3,23.3,26.9,1.6,6.1,29.9,38730.23
Thailand,26-09-2003,30.5,24.1,27.3,0.2,9.8,26.6,39580.5
Thailand,27-09-2003,30.7,24.7,26.5,11.9,5,24.8,28795.82
Thailand,28-09-2003,30.7,24.4,26.9,8,8.4,20.2,33739.08
Thailand,29-09-2003,30.7,24.1,26.8,5.5,7.1,22.7,31144.27
Thailand,30-09-2003,30.8,24.2,26.8,6.5,4.6,23.4,33302.73
Thailand,01-10-2003,29.8,23.5,26,12.2,7.1,24.8,31447.4
Thailand,02-10-2003,30.9,23.2,26.5,1.7,12.5,34.9,40588.7
Thailand,03-10-2003,30.9,23.2,27,0,16.9,38.2,39605.48
Thailand,04-10-2003,29.2,23.8,26.2,0.2,14.3,45.4,21313.36
Thailand,05-10-2003,29,24,26.2,1.6,15.5,29.5,12627.41
Thailand,06-10-2003,30.7,22.9,26.5,0.4,19.1,37.4,39586.53
Thailand,07-10-2003,30.8,23.9,27,1,13.1,25.6,38448.56
Thailand,08-10-2003,31.1,24,27.2,4.4,6.2,22.3,39267.73
Thailand,09-10-2003,31.1,23.5,27.1,1.4,5.4,19.4,38048.74
Thailand,10-10-2003,31.2,23.5,27.5,0,7.2,20.2,40208.79
Thailand,11-10-2003,31.3,24,27.6,0.4,8.2,22.7,38684.58
Thailand,12-10-2003,31.7,24.3,27.7,1.3,8,21.6,38488.55
Thailand,13-10-2003,31.8,24.3,27.2,6.8,9,21.6,34388.59
Thailand,14-10-2003,30.1,24,26.1,11.8,14.4,36,29233.96
Thailand,15-10-2003,27.2,22.8,25.2,0.9,16,38.2,19757.34
Thailand,16-10-2003,27.5,22,24.4,0,10.2,21.2,9972.42
Thailand,17-10-2003,29.8,22.8,25.9,0,12.3,33.8,30767
Thailand,18-10-2003,30.1,22.3,26.2,0,12.9,29.9,38512.14
Thailand,19-10-2003,30.9,21.9,26,0,13.4,30.2,38942.59
Thailand,20-10-2003,30.3,21.3,25.7,0,12.1,31.7,39041.62
Thailand,21-10-2003,30.4,21.6,25.7,0,13.4,31,39083.13
Thailand,22-10-2003,30.2,20.9,25.5,0,13.7,29.2,39131.32
Thailand,23-10-2003,30.7,20.8,25.7,0,17.7,37.8,38344.39
Thailand,24-10-2003,30.6,22.3,26.3,0.1,14.8,33.8,38453.82
Thailand,25-10-2003,30.7,21.5,26.1,0,13.5,32,38554.72
Thailand,26-10-2003,31.3,21.2,26.2,0,15.2,34.6,38981.2
Thailand,27-10-2003,31.3,19.6,25.5,0,12.9,30.6,39076.35
Thailand,28-10-2003,31.1,20.7,25.9,0,19.4,37.1,37489.62
Thailand,29-10-2003,31.1,20.6,26,0,16.6,34.2,38522.52
Thailand,30-10-2003,31.7,21.5,26.2,0,13.1,32.4,38093.04
Thailand,31-10-2003,31.4,21,25.9,0,13.7,32.8,38397.66
Thailand,01-11-2003,31.5,20.5,26,0,11.6,27,37670.66
Thailand,02-11-2003,31.8,20.5,26.3,0,7.4,19.1,38175.09
Thailand,03-11-2003,32.8,20.7,26.7,0,9.7,24.8,38064.24
Thailand,04-11-2003,32.1,19.7,26.2,0,9.4,23.8,38057.42
Thailand,05-11-2003,32.3,20.7,26.6,0,6.8,18.7,37848.29
Thailand,06-11-2003,32.2,20.6,26.5,0,6.5,16.6,37840.73
Thailand,07-11-2003,31.7,20.8,26.3,0,7.5,14.8,37541.37
Thailand,08-11-2003,32.2,21.7,26.7,0,7.1,15.1,37342.96
Thailand,09-11-2003,32.6,21.2,26.9,0,7.8,16.2,37338.68
Thailand,10-11-2003,32.1,22.8,27.1,0,6.9,19.4,35603.29
Thailand,11-11-2003,31.2,21.3,26.5,0,19.6,48.2,34956.22
Thailand,12-11-2003,29.9,23.6,26.1,0,18.2,42.1,36676.75
Thailand,13-11-2003,29.6,20.7,25.2,0,13.4,32.4,35258.43
Thailand,14-11-2003,32.2,22.1,26.9,0,9,25.6,36589.34
Thailand,15-11-2003,32,22.7,27.2,0,12.2,32.4,36503.27
Thailand,16-11-2003,31.9,21.8,27.1,0,11.4,28.4,36234.16
Thailand,17-11-2003,31.9,22.3,27.1,0,10.9,27.7,35836.38
Thailand,18-11-2003,32.2,21.1,26.8,0,6.7,16.6,36510.42
Thailand,19-11-2003,32.5,22.1,27.2,0,6.4,16.2,36512.07
Thailand,20-11-2003,32.8,22.2,27.2,0,6.1,17.6,36612.22
Thailand,21-11-2003,32.8,21.5,27,0,7.3,17.3,36614.62
Thailand,22-11-2003,31.8,23.6,27.2,0,16.5,39.6,36477.7
Thailand,23-11-2003,31,21.6,26,0,16.3,36.4,36692.89
Thailand,24-11-2003,31.6,21.7,26.4,0,12.2,30.6,34738.89
Thailand,25-11-2003,31.7,22.4,26.8,0,17.7,46.4,36284.54
Thailand,26-11-2003,31.4,22.6,26.7,0,15.4,38.5,36123.02
Thailand,27-11-2003,31.3,22.8,26.4,0,18.7,41.4,36134.79
Thailand,28-11-2003,30.2,21.3,25.6,0,16.9,38.2,36408.1
Thailand,29-11-2003,29.4,20.8,24.5,0,18.4,42.8,36502.68
Thailand,30-11-2003,29.3,18.6,23.6,0,13.6,32.4,36597.69
Thailand,01-12-2003,29.6,16.6,23.3,0,9.2,23,36602.32
Thailand,02-12-2003,28.9,17.6,23.1,0,17.1,36.7,36578.21
Thailand,03-12-2003,28.9,17.8,23.1,0,14.9,33.5,36304.38
Thailand,04-12-2003,29.3,17.3,23.5,0,12.4,30.2,36582.09
Thailand,05-12-2003,30.3,17.7,24.1,0,9.7,24.5,36118.64
Thailand,06-12-2003,30.5,18.6,24.3,0,15.5,33.8,36304.96
Thailand,07-12-2003,30.2,20.6,25.2,0,15.6,34.9,36305.02
Thailand,08-12-2003,30.5,21.6,25.6,0,19.6,40,36400.18
Thailand,09-12-2003,30.3,21.5,25.7,0,16.8,38.2,36496.8
Thailand,10-12-2003,30.2,22.1,25.6,0,15.4,36.7,32655.96
Thailand,11-12-2003,30.5,22.9,26.1,0,19.4,44.6,36401.9
Thailand,12-12-2003,30.1,22.4,25.7,0,18.7,43.2,36698.29
Thailand,13-12-2003,28.7,20.2,24.1,0,19.2,41,36801.25
Thailand,14-12-2003,27.8,17.7,22.3,0,17.7,38.5,37007.04
Thailand,15-12-2003,27.9,16.3,21.8,0,15.6,36.7,36809.9
Thailand,16-12-2003,27.1,15.8,21.3,0,15.8,38.2,36196.45
Thailand,17-12-2003,28.2,16.2,22.2,0,13.4,32,37130.64
Thailand,18-12-2003,29.5,16.8,23.3,0,9.4,25.2,36717.07
Thailand,19-12-2003,27.4,20.7,23.3,0,25.1,52.2,36602.82
Thailand,20-12-2003,25.3,16.8,20.7,0,19.7,41.8,37002.18
Thailand,21-12-2003,25.7,16.3,20.6,0,17.1,37.8,36976.07
Thailand,22-12-2003,27.4,14.6,21,0,13.2,32,37170.73
Thailand,23-12-2003,29.1,15.7,22.4,0,9.4,27,37370.85
Thailand,24-12-2003,30.2,16.2,23.4,0,6.2,17.3,37351.36
Thailand,25-12-2003,31.6,17.9,24.9,0,6.3,19.8,37105.02
Thailand,26-12-2003,29.9,21,24.7,0,17.7,40.7,37084.57
Thailand,27-12-2003,28.2,19.6,23.2,0,22,46.8,37539.46
Thailand,28-12-2003,28.4,16.7,22.3,0,16,36.4,35993.68
Thailand,29-12-2003,28.7,17.3,23,0,11,31,36436.63
Thailand,30-12-2003,30.1,17.1,23.5,0,10.9,28.4,37565.93
Thailand,31-12-2003,30,17.2,23.5,0,14.1,33.8,37578.01
Thailand,01-01-2004,30.6,17.2,23.9,0,9.1,25.6,37591.57
Thailand,02-01-2004,30.8,17.3,24.2,0,10.1,26.6,37606.57
Thailand,03-01-2004,31.1,17.7,24.5,0,9.6,25.9,37622.98
Thailand,04-01-2004,32,17.4,24.6,0,8.2,22.7,37640.76
Thailand,05-01-2004,32,17.7,24.8,0,10.7,25.9,37659.85
Thailand,06-01-2004,31.6,17.6,24.6,0,10.8,28.8,37680.23
Thailand,07-01-2004,31.3,17.6,24.3,0,12.1,29.9,37701.86
Thailand,08-01-2004,31.5,17.4,24.4,0,12.2,29.9,37724.68
Thailand,09-01-2004,31.9,19.6,25.5,0,13.2,32.4,29449.89
Thailand,10-01-2004,31.2,21.5,25.9,0.1,9.4,24.5,28969.51
Thailand,11-01-2004,31.6,21.8,26,1.7,11.1,28.1,34167.41
Thailand,12-01-2004,30.2,21.4,25.4,2.2,10.9,34.2,36243.42
Thailand,13-01-2004,29.7,20.9,25,0.2,15.5,34.2,36754.37
Thailand,14-01-2004,30,20.6,25.2,0.1,11.9,31.7,37884.72
Thailand,15-01-2004,31.2,20.3,25.9,0,7.2,23,37914.86
Thailand,16-01-2004,31.8,21.1,26.1,0.7,6.5,19.8,37945.88
Thailand,17-01-2004,31.9,21.4,26.5,0.1,6.8,23.4,37977.74
Thailand,18-01-2004,30.9,22.5,26.2,1.1,8.1,29.5,38010.5
Thailand,19-01-2004,30.9,22.2,26.1,0.7,6.8,23.4,38044.61
Thailand,20-01-2004,30.2,21.4,25.7,0.5,10.7,26.3,38080
Thailand,21-01-2004,30.3,22,25.3,0,18.8,44.6,38116.59
Thailand,22-01-2004,27.8,18.9,23.3,0,18.8,41.8,38154.32
Thailand,23-01-2004,31.1,20,25.3,0,13.5,28.8,31829.95
Thailand,24-01-2004,27.7,20.1,23.6,0,23.1,49.3,38232.94
Thailand,25-01-2004,27,16.2,21.4,0,20.9,43.2,38273.7
Thailand,26-01-2004,29.3,15.9,22.5,0,11.9,29.5,38315.33
Thailand,27-01-2004,30.8,17.1,24.1,0,11.9,32,38357.79
Thailand,28-01-2004,31.3,19.6,25.3,0,16,36,38401
Thailand,29-01-2004,33.3,19.9,26.9,0,7.2,22,38444.9
Thailand,30-01-2004,33.3,20.9,27.3,0,8.3,20.5,38489.45
Thailand,31-01-2004,33,23.4,27.7,2.4,8.8,23.8,38534.57
Thailand,01-02-2004,33,23.2,27.8,1.4,7.9,22.7,38580.21
Thailand,02-02-2004,34,23.9,28.4,0.8,8.6,24.5,38626.3
Thailand,03-02-2004,34.6,24.1,28.9,1.2,11.7,23.4,38672.81
Thailand,04-02-2004,35.3,24.3,29.1,0.2,12.9,29.5,37427.18
Thailand,05-02-2004,30.9,21.4,26.4,0.8,18.5,41.4,36386.15
Thailand,06-02-2004,24.9,20.1,22,0.2,18.7,38.5,24078.76
Thailand,07-02-2004,20,18.1,19.1,18.7,15.8,31.7,0
Thailand,08-02-2004,21.1,18,19.4,6.4,15.9,33.8,4360.31
Thailand,09-02-2004,26.8,15.8,20.8,0,13.8,33.1,38959.05
Thailand,10-02-2004,27.8,15.2,21.5,0,11.7,28.4,39008.78
Thailand,11-02-2004,29.7,15,22.4,0,9.6,24.8,39059.16
Thailand,12-02-2004,30.1,16.3,23,0,16.7,39.2,39110.15
Thailand,13-02-2004,28,18.9,22.9,0,23.6,49.7,39161.68
Thailand,14-02-2004,29.1,15.1,22.3,0,12.8,29.9,39213.69
Thailand,15-02-2004,30.6,14.8,23.1,0,9.4,24.8,39266.13
Thailand,16-02-2004,32,16.6,24.7,0,10.5,27.4,39318.94
Thailand,17-02-2004,31.7,19.5,25.7,0,14.8,33.5,39372.07
Thailand,18-02-2004,32,19.3,25.8,0,12.3,30.6,39425.46
Thailand,19-02-2004,32.4,18.1,25.8,0,10.5,25.6,39479.06
Thailand,20-02-2004,31.1,21,25.9,0.3,7.5,23,39532.82
Thailand,21-02-2004,31.6,22.3,26.3,1,6.5,25.2,39586.7
Thailand,22-02-2004,32.1,22,26.9,0.8,6.8,21.2,39600
Thailand,23-02-2004,33.6,21.2,27.6,0,11,24.1,39600
Thailand,24-02-2004,33.5,21.3,27.2,0,8.8,22.7,39600
Thailand,25-02-2004,34.3,20.9,27.5,0,10,24.1,39600
Thailand,26-02-2004,34.3,18.5,27,0,8.1,21.2,39600
Thailand,27-02-2004,34.4,19.5,27.2,0,11.2,24.1,39600
Thailand,28-02-2004,34.5,20.1,27.3,0,12.5,29.5,39600
Thailand,29-02-2004,33.9,20.4,27.2,0,9.8,23.8,39600
Thailand,01-03-2004,34.7,20.7,27.5,0,9.8,28.1,39600
Thailand,02-03-2004,35.2,20.5,27.5,0,9.5,27.7,39600
Thailand,03-03-2004,36.2,20.1,27.7,0,8.3,22.7,39600
Thailand,04-03-2004,33.5,22,27.4,0,20.3,43.6,39600
Thailand,05-03-2004,33.6,23.5,28.3,0.2,13.1,29.2,39600
Thailand,06-03-2004,33.3,24.3,28.4,0,16.9,40.7,39600
Thailand,07-03-2004,32.1,23.7,27.7,0,25.1,49.3,39600
Thailand,08-03-2004,30.9,21.3,25.7,0,26,53.3,39600
Thailand,09-03-2004,31.4,20.6,25.6,0,16.9,37.4,39600
Thailand,10-03-2004,34.5,18.5,26.9,0,7.3,18.7,39611.73
Thailand,11-03-2004,36.7,21.9,29.4,0,9.8,23.8,39606.52
Thailand,12-03-2004,35.3,24.7,30.2,0.6,11.9,25.6,39600.78
Thailand,13-03-2004,36.1,25.6,30.8,0.3,9.2,21.2,39600
Thailand,14-03-2004,36.5,26.2,31,0.2,7.4,20.9,39658.31
Thailand,15-03-2004,33.8,26.3,28.9,3.3,10.1,26.6,35500.09
Thailand,16-03-2004,35.1,25,29.2,1,10.5,30.6,39396.54
Thailand,17-03-2004,35.1,24.5,29.6,0,10.5,31.3,39642.92
Thailand,18-03-2004,35.6,23.3,29.8,0,8.6,24.5,39876.45
Thailand,19-03-2004,35.5,24.5,29.4,0.2,11.3,27.7,39794.53
Thailand,20-03-2004,35.5,24.9,29.8,0,10,26.3,39623.65
Thailand,21-03-2004,34.9,25.5,29.4,1.9,9.7,24.1,39788.74
Thailand,22-03-2004,35.1,25.6,29.8,0.1,12.6,27,39873.34
Thailand,23-03-2004,35.3,25.8,30.6,0,12.7,26.6,39961.47
Thailand,24-03-2004,37.4,25.1,30.9,0,14.1,28.1,40053.05
Thailand,25-03-2004,37.4,24.2,30.5,0,15,29.9,40336.46
Thailand,26-03-2004,37.6,22.9,30.4,0,10.6,20.5,40534.52
Thailand,27-03-2004,37.4,24.3,31.1,0,11.1,23,40543.32
Thailand,28-03-2004,36.4,24.8,30.9,0,10.2,26.3,40551.34
Thailand,29-03-2004,37.2,26.2,31.6,0.2,11,30.6,40558.67
Thailand,30-03-2004,37.9,26.5,31.9,0.1,13,30.2,40668.55
Thailand,31-03-2004,37.4,26.6,31.3,1,11.5,30.6,40781.09
Thailand,01-04-2004,36.9,26.3,30.4,4.7,11.6,28.1,40896.19
Thailand,02-04-2004,34.3,24.9,29.7,5.1,16.7,32.8,40689.28
Thailand,03-04-2004,35.2,26,29.8,1.8,17.8,33.1,40694.89
Thailand,04-04-2004,33.8,24.3,28.6,3.6,14,28.4,40033.1
Thailand,05-04-2004,33.7,24,28.9,5.7,8.8,26.3,39600
Thailand,06-04-2004,34.6,25.3,29.7,0.6,11.2,31,40366.5
Thailand,07-04-2004,35.2,25.2,30.3,0,14.1,31,41057.56
Thailand,08-04-2004,35.6,25.5,30.1,1.1,15.4,36,41530.69
Thailand,09-04-2004,33.9,25,29,0.4,18.8,38.5,40965.79
Thailand,10-04-2004,34.7,25.4,29.5,0.7,13.6,35.3,41647.02
Thailand,11-04-2004,36.3,25.4,30.8,0,10.6,27.7,41687.24
Thailand,12-04-2004,37,25.7,31.3,0,13.9,29.2,41727.27
Thailand,13-04-2004,37.3,25.6,31.6,0,11.3,28.4,41767.06
Thailand,14-04-2004,36.9,26.5,31.7,0,15.6,29.5,41806.56
Thailand,15-04-2004,37.9,26.6,32.1,0,10.4,28.4,41845.7
Thailand,16-04-2004,38.6,26,31.8,0,14.9,32,41905.19
Thailand,17-04-2004,37.9,26,31.8,0,16,30.2,41922.68
Thailand,18-04-2004,37.5,26,31.8,0,10.7,22,41960.41
Thailand,19-04-2004,37.1,27.1,31.5,0.2,13.7,27.4,41997.55
Thailand,20-04-2004,36.4,26.8,31,1,10.1,25.6,42034.05
Thailand,21-04-2004,35.7,25.4,30.2,4.9,8.6,22.3,42069.85
Thailand,22-04-2004,35.1,25.1,29.6,6.2,12.3,30.6,42104.9
Thailand,23-04-2004,34.6,26.1,30.6,1.6,9.4,25.9,42139.12
Thailand,24-04-2004,36.8,26.2,31.3,0.5,11.7,26.6,42172.47
Thailand,25-04-2004,36.1,26.3,30.9,0.8,10.5,28.8,42204.89
Thailand,26-04-2004,36.7,27,31.3,1,8.1,25.2,42236.32
Thailand,27-04-2004,36.7,26,30.8,8.7,9.9,24.1,42266.7
Thailand,28-04-2004,30.9,24.6,27,9.2,8.7,24.5,18764.92
Thailand,29-04-2004,33.2,25.3,28.6,0.1,5.8,19.4,34082.52
Thailand,30-04-2004,35.1,25.4,30.5,0,7.3,16.2,42359.05
Thailand,01-05-2004,35.7,27.2,30.9,1,8.6,27,42381.37
Thailand,02-05-2004,34.8,26.6,30.6,2.2,11.5,26.6,41885.97
Thailand,03-05-2004,34.5,26.7,29.8,8.4,6.9,22.7,39092.44
Thailand,04-05-2004,33.5,25.9,29.2,7.4,9.7,21.6,40468.63
Thailand,05-05-2004,30.7,25.1,27.1,16.5,14.1,29.9,15425.26
Thailand,06-05-2004,29.4,24.3,26.4,17.7,14.7,32.4,18712.48
Thailand,07-05-2004,32.8,24.8,28.3,9.5,6.6,23.8,40713.48
Thailand,08-05-2004,32,24.7,27.7,2.3,8.4,31,34033.88
Thailand,09-05-2004,31.7,25,27.8,5.8,10.7,25.6,40165.4
Thailand,10-05-2004,33,25.4,28.7,2.1,14.8,30.6,42016.93
Thailand,11-05-2004,32.9,24.9,27.9,5.1,16,35.3,38421.17
Thailand,12-05-2004,32.6,25.6,28.5,3.3,12.9,37.8,39979.95
Thailand,13-05-2004,32.7,24.9,28.1,1.7,13.7,28.8,41127.27
Thailand,14-05-2004,32.1,25.1,28.2,2.1,13.6,31,39541.75
Thailand,15-05-2004,31.8,25.3,28.3,6.1,14.8,32,42340.98
Thailand,16-05-2004,32.4,24.9,28.1,12.4,15,25.2,33324.5
Thailand,17-05-2004,30.4,25.1,27.3,6.9,11.3,33.5,18985.68
Thailand,18-05-2004,31.8,24.8,28,2.7,10.9,27.4,36098.91
Thailand,19-05-2004,32.2,25.4,28.4,0.8,20.3,45.7,42746.41
Thailand,20-05-2004,29.7,25.5,27,14.4,21.1,52.2,19729.18
Thailand,21-05-2004,29.3,24.8,26.5,4.1,15.5,39.2,29034.37
Thailand,22-05-2004,31.7,24.7,26.9,10.3,16,37.8,34179.22
Thailand,23-05-2004,32.6,24.4,28,1.3,10,31.7,42907.33
Thailand,24-05-2004,32.8,24.3,28.3,1.2,8.6,26.3,43000.59
Thailand,25-05-2004,32.7,25,28.2,6.9,10.7,27.7,41016.21
Thailand,26-05-2004,31.7,25,27.6,1.4,13.8,31.3,37788.22
Thailand,27-05-2004,32,25.2,27.9,3.6,13,30.6,40413.13
Thailand,28-05-2004,30.5,25,27.7,0.1,9,28.1,19371.58
Thailand,29-05-2004,32.7,25,28.6,0.7,10.5,28.8,34805.74
Thailand,30-05-2004,31.9,24.9,28.1,7.9,10.7,31.3,39005.45
Thailand,31-05-2004,30.3,25.1,27.2,2.3,9.1,21.2,11099.68
Thailand,01-06-2004,32,23.9,27.7,0.2,8.4,27.7,41394.78
Thailand,02-06-2004,32.7,24.3,28.5,0.3,6.1,21.2,43021.72
Thailand,03-06-2004,33.8,24.3,29,2.7,7.2,19.8,43020.02
Thailand,04-06-2004,33.3,24.9,29.1,0.5,9.4,25.2,40471.32
Thailand,05-06-2004,33.6,25.2,29.2,5.2,9.4,22.3,42916.32
Thailand,06-06-2004,33.6,24.8,28.5,18.7,8,21.2,43307.8
Thailand,07-06-2004,30.7,24.3,26.4,17.5,8.1,19.1,17091.03
Thailand,08-06-2004,30.1,23.8,25.8,50.1,6.8,19.1,18329.81
Thailand,09-06-2004,30.6,24.1,26.5,12.7,9.9,20.9,33424.22
Thailand,10-06-2004,29.5,23.8,26.2,9,9.5,23.8,30032
Thailand,11-06-2004,29.3,24.7,26.6,5.5,9.7,20.2,10144.55
Thailand,12-06-2004,29.9,24.3,26.7,4.3,6.4,20.5,29361.68
Thailand,13-06-2004,31.7,24.1,27.8,16.2,12,27.4,36831.31
Thailand,14-06-2004,27.8,24.4,25.7,25.2,10.9,26.3,4231.62
Thailand,15-06-2004,26.6,24.2,25.2,38.3,15.6,32.4,2753
Thailand,16-06-2004,28.9,24.2,25.7,9,17,52.6,17103.4
Thailand,17-06-2004,30.1,23.9,26.6,0.4,17.1,56.2,32577.77
Thailand,18-06-2004,30.5,24.6,26.5,8,16.9,44.6,33186.93
Thailand,19-06-2004,30.6,23.9,26.8,3.8,14.8,48.2,42747.6
Thailand,20-06-2004,29.9,24,26.4,3.2,14.8,48.6,27929.46
Thailand,21-06-2004,31.4,24.2,27,9.6,14.8,43.9,36803.29
Thailand,22-06-2004,31.1,23.9,27.4,2.3,16.9,43.6,42195.29
Thailand,23-06-2004,30.4,24.2,27.3,1.1,17.8,50.4,39152.19
Thailand,24-06-2004,30.9,24.1,27.1,2.5,18.6,51.5,42647.56
Thailand,25-06-2004,31,23.8,27.1,1.7,16.5,41.4,43451.29
Thailand,26-06-2004,31.3,24,27.5,5.1,14.6,35.3,42882.15
Thailand,27-06-2004,28.3,24.7,26.3,10.2,13.3,39.2,18214.87
Thailand,28-06-2004,30.1,24,26.6,4.3,12.2,33.5,17401.05
Thailand,29-06-2004,31,24,27.1,2,12.6,33.8,40738.27
Thailand,30-06-2004,31.6,23.1,27.6,0.1,10.7,26.3,43828.53
Thailand,01-07-2004,31.7,24.6,27.9,9.3,10.5,27.7,42575.77
Thailand,02-07-2004,31.5,25,28,9.7,12.1,29.2,43233.68
Thailand,03-07-2004,32.3,24.4,28.1,2.3,8.9,27.4,42405.95
Thailand,04-07-2004,30.8,25,27.8,0.3,8,24.1,35264.86
Thailand,05-07-2004,31.7,24.9,27.7,5.9,9.3,31,30797.22
Thailand,06-07-2004,32,25.5,27.9,0.2,8.3,30.2,25273.85
Thailand,07-07-2004,31.1,24.6,27.3,13,8.7,26.3,36123.53
Thailand,08-07-2004,30,23.7,26.6,2.1,10.2,24.8,33669.42
Thailand,09-07-2004,31.1,24.3,27,10.4,8.8,25.6,33995.48
Thailand,10-07-2004,30.6,23.8,26.3,17.6,9,28.4,29218.87
Thailand,11-07-2004,27.1,23.7,25.3,11.8,10.2,28.4,0
Thailand,12-07-2004,29.1,23.8,25.8,5.3,10.3,36,18999.92
Thailand,13-07-2004,28.6,24,26,2.3,13,36.4,29751.08
Thailand,14-07-2004,29.3,23.8,26.1,11.5,9.1,22,21085.73
Thailand,15-07-2004,31.4,24.1,27.5,0.3,7.7,22.7,40647.32
Thailand,16-07-2004,31.9,23.9,28,1.1,7.1,22.7,42280.42
Thailand,17-07-2004,32.1,25.5,28.3,3.8,10.1,28.4,42140.91
Thailand,18-07-2004,31.1,24,27,2,8.2,31.7,39890.76
Thailand,19-07-2004,31.7,23.8,27.2,3.1,10.8,31.3,39387.77
Thailand,20-07-2004,31.7,23.9,27.2,10.2,11.2,31,38612.71
Thailand,21-07-2004,30.4,24.4,26.7,8.8,8.7,25.9,20618.51
Thailand,22-07-2004,26.8,24.2,25.1,25.8,8.7,19.1,1331.46
Thailand,23-07-2004,30.1,23.3,26.1,3.5,10.9,31.3,36080.37
Thailand,24-07-2004,29.8,23.9,26.3,17.2,13.7,32,36637.62
Thailand,25-07-2004,28.9,24.2,26.1,6.3,9.6,29.9,20502.25
Thailand,26-07-2004,27.9,24.2,25.7,3.3,9.5,26.3,7670.21
Thailand,27-07-2004,26.4,24,25.1,12.8,9.8,27.4,129.28
Thailand,28-07-2004,29.8,23.7,26.1,0.8,9.4,33.1,29828.84
Thailand,29-07-2004,29.9,24.9,27,0.4,8.9,27.7,39903.06
Thailand,30-07-2004,30.5,23.7,27,17.5,7.2,29.5,37599.28
Thailand,31-07-2004,28.8,23.7,26,8.3,7.4,29.5,19745.55
Thailand,01-08-2004,30.5,23.5,26,19.9,9.5,25.2,31059.13
Thailand,02-08-2004,29.7,24.1,25.9,6.6,9.9,34.9,27749.98
Thailand,03-08-2004,30.3,23.9,26.4,10.4,14.4,40,37465.23
Thailand,04-08-2004,29.1,24.4,25.9,3.8,13.3,36,17585.82
Thailand,05-08-2004,30.3,23.1,26.7,0.1,10.9,25.6,37336.84
Thailand,06-08-2004,27.6,24.2,25.8,3.6,13.6,26.6,4907.43
Thailand,07-08-2004,29.6,24.1,26.7,0.1,11.4,29.2,30978.94
Thailand,08-08-2004,29.6,24.5,26.5,21.3,13.2,32.8,35444.97
Thailand,09-08-2004,29.6,24.2,26,7.5,13.2,32,18856.59
Thailand,10-08-2004,29.9,23.7,26.1,6,13.2,37.8,30659.63
Thailand,11-08-2004,29.7,23.9,26.7,0.5,12.1,39.2,40876.36
Thailand,12-08-2004,29.6,24.6,26.7,1.7,10.1,35.3,31285.45
Thailand,13-08-2004,31.4,23.5,26.7,5.1,15.5,42.8,39255.46
Thailand,14-08-2004,30.1,23.5,26.7,0.9,15.1,36,41877.68
Thailand,15-08-2004,29.8,23.5,26.5,0,13.8,45,29714.48
Thailand,16-08-2004,30.4,24.1,26.7,2.9,13.4,30.2,34510.5
Thailand,17-08-2004,30.5,24.3,27.1,6.6,9.2,31,38087.29
Thailand,18-08-2004,30.6,24.3,27.3,4.8,12.3,31.3,39140.74
Thailand,19-08-2004,28.6,24.5,26.1,5.7,12.7,28.4,18467.92
Thailand,20-08-2004,30.7,24.1,27,4.1,8.4,23,31555.54
Thailand,21-08-2004,29.6,24,26.7,11,8.2,24.1,22352.93
Thailand,22-08-2004,30.6,24.2,27.2,6.6,9.5,25.9,39519.14
Thailand,23-08-2004,30.4,24.3,27.1,7.9,10.8,22.3,34404.17
Thailand,24-08-2004,31.1,24.3,27.1,4.2,10,26.3,29254.8
Thailand,25-08-2004,31,24.3,27.4,0.2,11.3,26.6,41717.82
Thailand,26-08-2004,31.7,24.7,27.4,2.3,14.6,35.6,35872.82
Thailand,27-08-2004,30.9,25,27.4,6.7,11.2,38.5,35611.34
Thailand,28-08-2004,31.5,24.4,27.4,12.6,13.4,39.2,39862.24
Thailand,29-08-2004,29.3,24.6,26.8,5.9,12.7,29.5,15595.85
Thailand,30-08-2004,28.3,24.7,26.3,5.2,12.2,32.4,915.19
Thailand,31-08-2004,31.3,24.7,27.3,14.3,11.1,29.5,37318.91
Thailand,01-09-2004,31.7,24.7,27.3,14.9,12.6,28.8,37111.9
Thailand,02-09-2004,30.3,25,26.6,4.6,12.3,28.4,27480.6
Thailand,03-09-2004,28.1,23.5,25.6,21.8,11.1,30.6,19767.03
Thailand,04-09-2004,29.1,24,25.8,21.2,11.9,36.4,22150.35
Thailand,05-09-2004,31.1,24,26.9,3,12.2,35.6,39365.26
Thailand,06-09-2004,30.6,24.4,27,11.5,11.5,34.6,37830.69
Thailand,07-09-2004,30,23.9,26.5,9.9,13.4,35.3,35897.69
Thailand,08-09-2004,29.5,23.8,26.1,14.6,12,33.5,24871.05
Thailand,09-09-2004,28.8,23.9,25.7,7.9,15.2,35.3,17422.15
Thailand,10-09-2004,27.6,23.6,25.3,5,11.4,32.8,13544.11
Thailand,11-09-2004,29.4,23.2,26.1,2.6,4.4,20.2,38157.55
Thailand,12-09-2004,30.3,24.5,26.8,6.6,6.4,18,33022.68
Thailand,13-09-2004,29,23.6,25.9,22.2,6.9,19.4,28367.73
Thailand,14-09-2004,29.6,23.2,26,14.9,8.9,25.9,35052.04
Thailand,15-09-2004,29.4,23.3,26.3,5.4,8.2,22,33423.62
Thailand,16-09-2004,30.4,23.6,26.4,4.5,7,18.4,25071.37
Thailand,17-09-2004,29.7,23.6,26.1,10.3,7.5,27.4,32400
Thailand,18-09-2004,30.3,23.5,26.1,6.8,9.5,23.4,27812.36
Thailand,19-09-2004,29.6,23.6,26,13.4,8.7,25.6,30528.55
Thailand,20-09-2004,28.8,23.5,25.6,11.5,8.4,17.3,28514.58
Thailand,21-09-2004,28.6,23.2,25.5,14.9,8,22,6216.42
Thailand,22-09-2004,30.5,23,26.4,1.5,6.8,20.5,34691.57
Thailand,23-09-2004,31.4,22.5,27.2,0,6.2,19.4,41082.32
Thailand,24-09-2004,31.8,21.5,26.9,0,8,20.9,41028.59
Thailand,25-09-2004,31.8,22.2,27.2,0,7.4,21.2,40974.78
Thailand,26-09-2004,32.1,23,27.1,1.7,12.8,31,40920.92
Thailand,27-09-2004,31.6,23.6,27.5,0.2,10.8,30.2,40867.04
Thailand,28-09-2004,30.8,23.5,27,0,12.4,26.3,40813.19
Thailand,29-09-2004,31,20.4,26.3,0,13,28.8,40759.37
Thailand,30-09-2004,31.4,23.1,27.2,1.2,6.2,25.9,39085.8
Thailand,01-10-2004,31.3,24.2,27.1,5.2,7.3,31,38132.13
Thailand,02-10-2004,29.4,23.7,26.1,8.6,15.5,48.2,39123.05
Thailand,03-10-2004,29.3,22.6,25.4,0.1,13.4,31,39923.13
Thailand,04-10-2004,30.4,21.5,26,0,11,33.8,40461.74
Thailand,05-10-2004,30.4,21.8,26.4,0.2,13,30.2,39730.96
Thailand,06-10-2004,30.6,22.5,26.5,0,15.5,33.8,40022.96
Thailand,07-10-2004,30.4,21.7,26.2,0,12.7,29.9,40094.05
Thailand,08-10-2004,31.1,21.5,26.4,0,6.5,20.5,39687.27
Thailand,09-10-2004,31.5,22.6,27.3,0,10.4,25.2,40222.7
Thailand,10-10-2004,31.8,23.1,27.5,0,11.6,25.6,40168.33
Thailand,11-10-2004,31.8,22.1,27.3,0,12.3,26.3,39519.24
Thailand,12-10-2004,31,23.4,26.6,0,14.6,34.9,39000.98
Thailand,13-10-2004,31.6,21.6,26.3,0,11.3,26.3,39686.41
Thailand,14-10-2004,32.2,22.3,27.2,0,13.4,29.5,39950.65
Thailand,15-10-2004,31.4,22.6,26.8,0,14.8,34.9,39896.4
Thailand,16-10-2004,31.5,22.5,26.9,0,12.2,29.2,39360.02
Thailand,17-10-2004,31.5,20.8,26.3,0,9.3,24.1,39788.41
Thailand,18-10-2004,31.6,20.3,26.1,0,13.1,28.4,39734.77
Thailand,19-10-2004,31.6,20.7,26.2,0,10.8,24.5,39604.55
Thailand,20-10-2004,31.6,20.9,26.4,0,11.8,26.3,39628.38
Thailand,21-10-2004,31.5,20.8,26.6,0,13.4,29.5,39214.46
Thailand,22-10-2004,31.8,23.2,27,0,16.9,37.4,39014.11
Thailand,23-10-2004,31.4,21,26.3,0,15.3,32.4,39225.12
Thailand,24-10-2004,31.2,21.5,26.3,0.1,19.6,43.2,38446.85
Thailand,25-10-2004,31.5,22.1,26.7,0,14.8,36.7,38222.14
Thailand,26-10-2004,31.3,21,25.8,0,17.4,41.4,39080.15
Thailand,27-10-2004,30.3,20.2,25.2,0,21.5,46.1,37534.03
Thailand,28-10-2004,30.7,22.1,26.3,0,16.7,37.1,38101.5
Thailand,29-10-2004,32.2,22,26.8,0,15.3,35.3,37989.98
Thailand,30-10-2004,32.7,22.2,27.4,0,12.8,29.5,37880.98
Thailand,31-10-2004,32.6,21.6,27,0,11.9,27.4,37351.95
Thailand,01-11-2004,32.1,20.9,26.4,0,15.5,34.2,38381.28
Thailand,02-11-2004,31.5,21.6,26.2,0,15.4,34.6,38268.45
Thailand,03-11-2004,31.8,21,26.2,0,13,28.8,37957.73
Thailand,04-11-2004,31.9,21.5,26.5,0,9.9,25.6,37849.56
Thailand,05-11-2004,32.7,21.3,27,0,10.3,26.3,37255.83
Thailand,06-11-2004,32.6,21.7,27,0,12.1,29.2,37445.52
Thailand,07-11-2004,32.5,21.5,26.8,0,11.1,26.3,37343.71
Thailand,08-11-2004,32.5,21.3,26.9,0,9.9,24.8,37054.18
Thailand,09-11-2004,33.1,21.2,27.4,0,7.6,19.1,37240.27
Thailand,10-11-2004,32.8,21.8,27.4,0,7.3,13.7,37236.43
Thailand,11-11-2004,33.9,22.4,28.2,0,7.9,20.5,37139.93
Thailand,12-11-2004,34.4,22.3,28.5,0,9,22.7,37044.26
Thailand,13-11-2004,34,22.6,28.1,0,10.6,25.6,37043.34
Thailand,14-11-2004,33.8,21.3,27.6,0,7.8,20.2,37040.71
Thailand,15-11-2004,33.9,22.2,28,0,9.3,24.5,36769.36
Thailand,16-11-2004,32.2,24.2,27.6,0,20.9,43.9,36598.1
Thailand,17-11-2004,31.4,22.7,26.7,0,18.4,39.2,36413.16
Thailand,18-11-2004,31.1,22,26.1,0,16.9,37.4,36683.23
Thailand,19-11-2004,30.5,21.2,25.7,0,14.3,32.8,31787.16
Thailand,20-11-2004,31.3,20.7,26,0,12.5,29.2,36245.88
Thailand,21-11-2004,30,21.3,25.1,0,17.4,40.3,36693.18
Thailand,22-11-2004,29.5,19.4,23.8,0,17.7,40.3,36618.88
Thailand,23-11-2004,30.1,18,24.1,0,12.1,30.6,36442.19
Thailand,24-11-2004,31.4,22.6,26.4,0,12.3,31,35871.52
Thailand,25-11-2004,29.7,22.9,25.7,0,17.4,33.8,34524.15
Thailand,26-11-2004,29,22.4,24.8,1.3,14.4,39.2,27542.97
Thailand,27-11-2004,30.2,21.9,25.6,0,14.2,35.3,31559.15
Thailand,28-11-2004,31.2,20.9,26,0,12.9,33.8,36141.89
Thailand,29-11-2004,30.7,22.3,26.2,0,15.5,38.2,34095.55
Thailand,30-11-2004,30.7,22.6,26.3,0,13.1,32,34189.72
Thailand,01-12-2004,30.6,20.9,25.3,0,14.8,36,36395.16
Thailand,02-12-2004,31.5,19.8,25.4,0,12.2,33.1,34019.91
Thailand,03-12-2004,31.4,20.5,26,0,8.3,24.1,36488.88
Thailand,04-12-2004,31.1,19.3,25.5,0,11.4,33.5,36212.11
Thailand,05-12-2004,29.5,21.8,25,0,15.7,36.7,36585.2
Thailand,06-12-2004,29.3,20.1,24.2,0,15.6,35.3,36681.61
Thailand,07-12-2004,28.1,19.6,23.2,0,21.2,44.3,36684.77
Thailand,08-12-2004,27.3,17.7,22,0,17.1,37.8,36783.87
Thailand,09-12-2004,28.1,15.7,21.8,0,11.9,28.1,36788.12
Thailand,10-12-2004,28.7,17.3,22.4,0,15.5,35.6,36792.45
Thailand,11-12-2004,29.6,18.3,23.4,0,13.4,33.1,36796.85
Thailand,12-12-2004,29.4,18.3,23.3,0,18.2,40.3,36801.25
Thailand,13-12-2004,28.9,17,22.7,0,15.1,36,37007.13
Thailand,14-12-2004,28.9,15.4,22,0,11.8,29.2,36300.7
Thailand,15-12-2004,29.1,15.5,22.3,0,11.9,31.3,36814.13
Thailand,16-12-2004,29.9,16.6,23.1,0,7.7,23.8,37026.37
Thailand,17-12-2004,30.8,18.1,24.4,0,9.3,20.5,37137.79
Thailand,18-12-2004,30.9,18.1,24.4,0,9.2,16.9,37242.69
Thailand,19-12-2004,30.5,17.9,24,0,7.4,19.1,37326.55
Thailand,20-12-2004,30.4,16.4,23.6,0,7,21.2,37304.83
Thailand,21-12-2004,30.5,17.1,23.9,0,8,22.3,37393.71
Thailand,22-12-2004,31,17.6,24.1,0,9.4,16.2,37485.74
Thailand,23-12-2004,31,19.6,25,0,8.5,14.8,36374.83
Thailand,24-12-2004,31.3,18.3,24.9,0,8.3,28.4,37452.89
Thailand,25-12-2004,31.4,17.4,24.7,0,7.2,24.1,37531.46
Thailand,26-12-2004,31.3,18.1,24.8,0,9.7,25.2,37537.86
Thailand,27-12-2004,31.3,16.6,24,0,11.3,29.9,37545.7
Thailand,28-12-2004,30.9,17.3,23.9,0,15,34.9,37554.96
Thailand,29-12-2004,29.4,18.1,23.2,0,17.3,36.7,37565.61
Thailand,30-12-2004,30.9,15.5,23.4,0,10.2,27,37577.61
Thailand,31-12-2004,27.8,19,22.8,0,24.1,51.1,37590.96
Thailand,01-01-2005,25.8,15.4,20.2,0,21.4,45.4,37605.62
Thailand,02-01-2005,26.8,13.9,20.2,0,14.4,34.6,37621.56
Thailand,03-01-2005,29,12.9,21.3,0,8.7,19.4,37638.75
Thailand,04-01-2005,30.2,15.2,22.9,0,11.5,31.3,37657.16
Thailand,05-01-2005,30.3,17.4,23.5,0,13.4,32,37676.76
Thailand,06-01-2005,29.6,17.3,23.1,0,16.4,37.1,37697.52
Thailand,07-01-2005,30.9,17.2,24,0,10.2,26.6,37719.42
Thailand,08-01-2005,31,18.8,25.1,0,15.9,35.6,36990.29
Thailand,09-01-2005,31,21.8,26.1,0,17,38.2,37766.49
Thailand,10-01-2005,30.8,20.6,25.2,0,17.2,37.8,37791.6
Thailand,11-01-2005,31.5,19.7,25.2,0,14.2,34.2,37817.72
Thailand,12-01-2005,31.6,19.2,25.3,0,12.8,33.1,37844.93
Thailand,13-01-2005,30.2,21.2,25.4,0,7.6,26.3,36537.81
Thailand,14-01-2005,26.6,20.5,22.8,1.5,19.1,43.9,29183.41
Thailand,15-01-2005,20.4,17.8,19.2,2.7,14.9,32,2245.52
Thailand,16-01-2005,28.4,17.3,22.4,0,14.9,33.5,35826.27
Thailand,17-01-2005,30.2,17.7,24.1,0,14.2,33.5,35427.55
Thailand,18-01-2005,31.1,18.2,25.2,0,10.6,26.3,38036.77
Thailand,19-01-2005,30.9,20.7,25.8,0,6.6,24.8,38072.84
Thailand,20-01-2005,30.2,22,25.6,4.4,7.6,28.1,33545.6
Thailand,21-01-2005,30.5,22.2,25.8,2.3,11.3,25.9,38147.93
Thailand,22-01-2005,31.5,20.1,25.9,0,6.5,20.9,38186.84
Thailand,23-01-2005,31.6,21.6,26.7,0,6.5,18.7,38226.57
Thailand,24-01-2005,30.4,22.4,26.3,0.1,8.2,24.5,38267.06
Thailand,25-01-2005,32.2,21.1,26.3,0.1,7.9,22,38308.27
Thailand,26-01-2005,32.4,20.8,26.5,0,8.5,24.5,38350.14
Thailand,27-01-2005,32.6,20,26.3,0,8.2,24.5,38392.6
Thailand,28-01-2005,33.5,20.2,26.9,0,7.9,24.8,38435.61
Thailand,29-01-2005,33.7,20.3,27,0,7.6,20.5,38479.09
Thailand,30-01-2005,34.3,20.7,27.6,0,8.9,17.3,38523.04
Thailand,31-01-2005,35,23.2,29,0,8.2,17.6,38567.36
Thailand,01-02-2005,32.8,24.5,28.5,1.6,9.8,24.8,38612.05
Thailand,02-02-2005,32.6,23.9,27.8,1,9.9,27,38657.53
Thailand,03-02-2005,32.9,23.3,27.8,1.3,11,29.5,38703.94
Thailand,04-02-2005,33.3,23.2,28.4,0,9.8,23.4,38751.17
Thailand,05-02-2005,33,23.2,28.1,0,10.1,22.3,38799.21
Thailand,06-02-2005,34.2,22.1,28.2,0,9,24.8,38847.95
Thailand,07-02-2005,33.7,22.4,28.2,0,9.4,22.3,38897.36
Thailand,08-02-2005,34.1,23.1,28.7,0,5.5,17.6,38947.36
Thailand,09-02-2005,34.6,24.1,29,0,6.9,19.8,38997.9
Thailand,10-02-2005,34,23.9,28.6,0.3,9.1,24.8,39048.91
Thailand,11-02-2005,33.1,24.6,28.5,0,17.4,37.8,39100.34
Thailand,12-02-2005,33.1,22.6,28.1,0,14.8,35.3,39152.12
Thailand,13-02-2005,33.6,22.7,28.3,0,10,25.6,39204.22
Thailand,14-02-2005,33.6,24.1,28.7,0,14.2,35.3,39256.58
Thailand,15-02-2005,35.1,23.3,28.9,0,14.6,31.7,39309.12
Thailand,16-02-2005,35,22.1,28.4,0,11.1,27.4,39361.81
Thailand,17-02-2005,35.1,21.6,28.4,0,10.7,24.1,39414.6
Thailand,18-02-2005,36.2,20.8,28.3,0,8.1,19.8,39467.42
Thailand,19-02-2005,36.5,20.7,29,0,7.4,20.2,39520.25
Thailand,20-02-2005,32.5,23.7,28,0,21.1,46.8,39573.02
Thailand,21-02-2005,32.9,22,27.5,0,14.7,32.8,39600
Thailand,22-02-2005,33.3,22.4,28.2,0.1,7,23,39600
Thailand,23-02-2005,34.2,23.9,28.8,0.3,11,28.4,39600
Thailand,24-02-2005,35.7,23.3,29.3,0,11.4,25.9,39600
Thailand,25-02-2005,35.7,22.4,28.9,0,11.5,30.2,39600
Thailand,26-02-2005,36,22,28.9,0,11.2,24.5,39600
Thailand,27-02-2005,36.2,21.9,29.1,0,10.9,25.2,39600
Thailand,28-02-2005,36,21.4,29.1,0,12.8,24.8,39600
Thailand,01-03-2005,34.8,22.4,29.1,0,12.3,27.7,39600
Thailand,02-03-2005,34.5,25,29.7,0.1,12.6,34.9,39600
Thailand,03-03-2005,33.9,24.6,28.5,0.1,25.6,48.6,39600
Thailand,04-03-2005,27.4,19.6,23.3,1.2,23.8,45.4,39600
Thailand,05-03-2005,25.3,18.6,21.8,0,25.2,49.7,39509.94
Thailand,06-03-2005,28.6,16.2,22.2,0,15.5,35.6,39600
Thailand,07-03-2005,31.2,16.9,24.3,0,12.3,31,39600
Thailand,08-03-2005,33.6,18.7,26.5,0,9.7,25.6,39600
Thailand,09-03-2005,34.9,20.4,27.9,0,10.5,27,39600
Thailand,10-03-2005,35.1,22.7,29.1,0,12.4,29.9,39600
Thailand,11-03-2005,36.2,22.7,29.7,0,13.8,27.4,39607.86
Thailand,12-03-2005,36.4,23.1,30,0,10.8,24.8,39602.46
Thailand,13-03-2005,35.5,24.2,30,0,8.9,31,39600
Thailand,14-03-2005,32,23.5,27.8,0,19.6,42.1,39600
Thailand,15-03-2005,33.6,23.1,28,1.2,11.4,23.8,39552.18
Thailand,16-03-2005,32.5,23.7,27.3,5.1,5.9,27,31490.98
Thailand,17-03-2005,34,24.3,28,4.5,5.9,22.3,39600
Thailand,18-03-2005,33.6,25.2,29.2,0.9,11.6,31,38546.36
Thailand,19-03-2005,33.8,25.2,29.1,0,21,45.4,39795.2
Thailand,20-03-2005,34.1,23.6,28.8,0,13.8,35.6,39876.2
Thailand,21-03-2005,35,25.3,29.1,1.8,10.9,25.2,39600
Thailand,22-03-2005,35.4,24.6,29.8,0.5,9.1,27.4,39600
Thailand,23-03-2005,36.1,24.8,30.6,0,11.9,24.1,40141.51
Thailand,24-03-2005,31.8,24.3,27.2,14.2,15.7,43.2,35232.74
Thailand,25-03-2005,28.4,21.9,25.1,4.9,17.3,38.2,39600
Thailand,26-03-2005,31.9,23,26.9,2,12.3,28.8,39766.17
Thailand,27-03-2005,33.6,23.8,28.5,0.3,9,28.4,39662.47
Thailand,28-03-2005,35.3,24.7,29.8,0.7,10.8,27.7,40450.64
Thailand,29-03-2005,35.8,25,30.3,0.4,10,27.7,40456.2
Thailand,30-03-2005,36.3,25.6,31.1,0,11.5,22.3,40564.07
Thailand,31-03-2005,36.7,25.9,31.6,0.2,10,26.3,40779.13
Thailand,01-04-2005,36.4,27,31.4,1,14.3,27.7,40681.37
Thailand,02-04-2005,32.8,26.8,29.5,7.8,13.1,29.2,40472.14
Thailand,03-04-2005,33,25.1,28.2,10.2,14.8,32.8,32015.85
Thailand,04-04-2005,31.7,22.3,26,8.1,14.6,42.1,26104.95
Thailand,05-04-2005,23.8,22,22.9,6.7,9,19.8,4394.09
Thailand,06-04-2005,31.5,20.2,26.2,0,7.6,18.4,40366.64
Thailand,07-04-2005,33.4,21.1,28,0.2,8.7,23,41512.37
Thailand,08-04-2005,34.3,24.5,29.3,1.6,13,31.3,40713.98
Thailand,09-04-2005,35.5,24.5,30,0,12.5,28.4,41596.34
Thailand,10-04-2005,35.2,24.6,30.5,0,11.3,24.5,41637.98
Thailand,11-04-2005,36.5,26.5,31,1.2,11.6,28.1,41679.32
Thailand,12-04-2005,36.1,26.1,30.8,0.3,9.7,22.3,41720.3
Thailand,13-04-2005,31,25.8,28.3,8.6,20.3,43.2,37127
Thailand,14-04-2005,33.6,25.2,29.1,0,10.8,28.1,39612.63
Thailand,15-04-2005,33.9,24.6,28.9,1.8,8.7,25.2,39148.38
Thailand,16-04-2005,33.8,25.3,29.3,0,7.9,24.5,39600
Thailand,17-04-2005,31.8,25.3,28.6,8.9,7.1,27.4,33759.9
Thailand,18-04-2005,33.6,25.4,29.1,0.9,5.7,22.3,39624.04
Thailand,19-04-2005,33.1,25.4,28.7,11.5,11.1,24.1,41114.72
Thailand,20-04-2005,34.3,24.6,28.5,5.3,8.4,31.7,41377.54
Thailand,21-04-2005,34.4,24.9,29.6,0.9,8.9,17.6,39616.34
Thailand,22-04-2005,35.3,25.2,29.9,0.1,9.6,24.5,41453.87
Thailand,23-04-2005,35.5,25.6,29.7,3.2,6.9,24.5,38977.19
Thailand,24-04-2005,34.8,25.7,29.9,0.9,7.8,24.1,42161.51
Thailand,25-04-2005,35.9,26.2,31.1,0,10,24.5,42193.67
Thailand,26-04-2005,36.7,27,30.9,1.7,11,29.5,42225.32
Thailand,27-04-2005,33.8,24.3,29.2,10.8,10,27.4,40314.33
Thailand,28-04-2005,33.8,23.8,29.4,8.3,7,26.3,40311.03
Thailand,29-04-2005,34.9,26.3,30.1,1.6,13.3,33.8,42316.92
Thailand,30-04-2005,34.8,25.5,29.9,3,10,25.2,42346.22
Thailand,01-05-2005,34.3,25.4,29.7,2.8,11.8,28.8,42374.84
Thailand,02-05-2005,34.7,25.7,30,0,10.6,23,42402.77
Thailand,03-05-2005,35.1,25.8,30.5,3.7,7.2,23.4,42430.78
Thailand,04-05-2005,34.5,26.5,30.7,0.3,10.7,28.4,42456.34
Thailand,05-05-2005,36.4,26.5,30.7,4.6,13,33.5,42481.92
Thailand,06-05-2005,35.6,26,30.5,1,10.2,22,41427.49
Thailand,07-05-2005,34.8,26.3,29.9,1.5,17.9,31,35355.47
Thailand,08-05-2005,28.9,25,26.4,16.5,11.9,40.7,3962.88
Thailand,09-05-2005,32.7,24.3,28.2,0.9,14.4,27.7,36473.69
Thailand,10-05-2005,34.2,25.8,29.9,0,14.4,29.2,42656.99
Thailand,11-05-2005,35.2,26.6,30.3,3.6,14.8,31.3,42616.37
Thailand,12-05-2005,34.4,26.2,29.3,10.9,12.8,30.6,42635.27
Thailand,13-05-2005,31.7,25.4,27.5,17,11.2,27.7,26224.74
Thailand,14-05-2005,32.6,24.9,28.1,2.1,7.1,20.5,21860.65
Thailand,15-05-2005,32.3,25.5,28.5,7.7,8.7,22.7,33422.75
Thailand,16-05-2005,32.4,25.6,28.6,12.2,14.1,29.2,32367.74
Thailand,17-05-2005,32.2,25.6,28.6,4.1,10.5,26.3,39968.62
Thailand,18-05-2005,32.8,26.1,29,2.9,11.6,29.2,39600
Thailand,19-05-2005,32.6,25.7,28.1,13.3,9.5,20.5,31283.96
Thailand,20-05-2005,32.4,25.4,28.2,6.8,9,20.5,29151.38
Thailand,21-05-2005,31.4,25.2,27.8,6.5,5.9,22.3,33694.59
Thailand,22-05-2005,31.5,25,27.5,8.2,9,28.1,28570.67
Thailand,23-05-2005,32.1,25.4,28.1,8,11.7,34.2,41938.49
Thailand,24-05-2005,32.7,24.9,28.4,2,11.5,32.4,42790.73
Thailand,25-05-2005,32.9,25.3,28.8,0.8,14.1,32.4,42828.16
Thailand,26-05-2005,33.2,25.1,29,0.3,11.7,25.9,42832.06
Thailand,27-05-2005,33.7,26.2,29.9,1.5,12.8,28.4,42810.48
Thailand,28-05-2005,33.5,26.5,29.8,1,12,29.9,42554.05
Thailand,29-05-2005,33.4,26,29.6,3.6,14.8,27,38231.83
Thailand,30-05-2005,31.1,25.1,27.4,20.6,8.2,23.4,22799.17
Thailand,31-05-2005,31.2,25,27,18.6,13.4,31,31870.58
Thailand,01-06-2005,31.7,25.4,27.7,1.5,17.4,36,38557.62
Thailand,02-06-2005,31.8,25.7,28.3,3.6,16.7,36.4,41330.23
Thailand,03-06-2005,32.3,25.9,28.7,2.4,15.9,32,43025.03
Thailand,04-06-2005,32.8,25.8,28.5,2.6,15.6,37.4,41898.68
Thailand,05-06-2005,31.7,25.3,28.3,3.2,15.6,31,41988.52
Thailand,06-06-2005,32.3,24.8,28.6,0,10.2,25.6,40185.53
Thailand,07-06-2005,32.5,25.8,28.8,12.9,10.1,24.1,33412.42
Thailand,08-06-2005,32.1,25.5,28.3,4.8,11.4,28.1,33178.29
Thailand,09-06-2005,32.3,25.7,28.1,4.1,18.2,41,39519.7
Thailand,10-06-2005,31.2,25.6,27.7,4.7,22.8,56.2,36058.45
Thailand,11-06-2005,31.9,24.7,27.7,6.4,16.7,37.4,31955.6
Thailand,12-06-2005,32.3,26,28.3,3.1,19.5,43.2,41408.17
Thailand,13-06-2005,32.4,26,28.4,3.5,16.3,36.7,39237.36
Thailand,14-06-2005,31.9,25.6,28,4.5,13.1,31.3,27949.28
Thailand,15-06-2005,31.8,25.4,27.9,6.3,11.2,34.9,32742.46
Thailand,16-06-2005,32.9,25.7,28.1,9.6,14,35.6,34852.02
Thailand,17-06-2005,31.7,25.2,27.6,7.6,15.5,37.1,29397.96
Thailand,18-06-2005,31.6,25.5,28,5.4,13.7,38.2,41805.82
Thailand,19-06-2005,31.7,25.5,28.2,1.1,12.1,29.9,26427.06
Thailand,20-06-2005,32,25.3,28.1,7.3,13.2,31.3,35631.98
Thailand,21-06-2005,32.2,25.3,28,7,13.8,34.9,39092.38
Thailand,22-06-2005,32,24.5,27.6,9,7.3,36,26905.65
Thailand,23-06-2005,32.5,25.1,28.2,17.4,11.2,32.4,39067.86
Thailand,24-06-2005,30,25.4,27.1,9.7,11.9,37.8,16759.47
Thailand,25-06-2005,29.2,25,26.7,7.5,12.4,36.7,13400.46
Thailand,26-06-2005,31.4,25.1,27.7,8.9,14.1,41,41951.78
Thailand,27-06-2005,32,24.8,27.8,5.8,10.7,39.2,38627.48
Thailand,28-06-2005,30.5,25.2,27.1,3.9,12.4,33.5,23389.78
Thailand,29-06-2005,28.6,24.7,26.4,3.5,8.4,20.5,3459.64
Thailand,30-06-2005,31.2,23.6,27,7.3,10,33.5,39688.77
Thailand,01-07-2005,31.4,24,27.3,1.7,11.8,31,40265.11
Thailand,02-07-2005,30.6,24.1,27.5,0,9.3,27,37864.82
Thailand,03-07-2005,31.9,24.5,28,5.3,9,28.4,42569.84
Thailand,04-07-2005,31,24.7,27.5,0.4,11.2,22.7,39844.31
Thailand,05-07-2005,30.2,24.1,26.4,12.6,9.5,21.6,25310.06
Thailand,06-07-2005,30.7,24,27,4.5,12.9,27.4,42101.17
Thailand,07-07-2005,31.4,24.2,27.4,1.7,10.9,28.8,42804.92
Thailand,08-07-2005,31.3,24.3,27.3,10.2,13.9,31.7,42421.83
Thailand,09-07-2005,31.2,24.4,27,8.7,15.2,40.7,39596.11
Thailand,10-07-2005,31.3,23.9,27.5,0,7.3,26.6,43771.1
Thailand,11-07-2005,32.4,24.6,28.1,14.7,8.7,23,42371.46
Thailand,12-07-2005,30.9,24.5,27.1,19.7,8.7,22,27955.08
Thailand,13-07-2005,27.6,23.9,25,29.9,11.9,27.7,12834.43
Thailand,14-07-2005,30.8,24,26.8,2.3,5.7,17.3,24496
Thailand,15-07-2005,32.5,24.1,27.8,4.2,8.4,20.2,40843.67
Thailand,16-07-2005,32.9,23.9,28.3,0.2,6.6,18.7,43547.33
Thailand,17-07-2005,32.8,25.4,29,1.3,7.9,22,43416.12
Thailand,18-07-2005,32.9,25.4,29.1,0.8,10.5,25.2,43619.42
Thailand,19-07-2005,32.2,25.8,28.5,2.8,10.3,26.6,42822.36
Thailand,20-07-2005,32.3,24.9,27.7,7.2,14.3,34.2,39736.85
Thailand,21-07-2005,30.7,25,27,3.3,15.8,39.2,36227.39
Thailand,22-07-2005,30.4,24.3,26.3,14.7,19.8,45.7,23984.17
Thailand,23-07-2005,28.2,24.3,25.6,23.7,15.5,40.7,12407.83
Thailand,24-07-2005,29.8,23.7,26,17.5,17.8,55.1,27507.36
Thailand,25-07-2005,30.3,23.8,26.4,7.1,16,60.5,29428.07
Thailand,26-07-2005,26.9,24.3,25.4,12.5,12,39.6,21.28
Thailand,27-07-2005,29.6,24.5,26.2,6.9,11.4,32.4,31516.63
Thailand,28-07-2005,31.1,23.5,26.8,3.3,14.7,41.8,41375.2
Thailand,29-07-2005,30.4,24.6,26.9,13.6,13.4,41.8,38954.22
Thailand,30-07-2005,29.2,24.6,26.8,3.6,14,45.4,20871.68
Thailand,31-07-2005,29.1,25.1,26.5,6.1,19.4,49.7,14684.96
Thailand,01-08-2005,28.3,24.6,25.9,5.2,16.8,47.5,2807.52
Thailand,02-08-2005,29.4,24.1,26.3,5.5,13.6,34.2,29562.21
Thailand,03-08-2005,30,24.5,26.6,2,11.7,33.5,29428.64
Thailand,04-08-2005,31.3,23.3,26.7,11.4,15.1,40,40108.92
Thailand,05-08-2005,30.4,24.4,26.4,1.4,11.8,48.6,20376.06
Thailand,06-08-2005,30.8,24.3,26.8,2.8,14.7,46.8,32301.86
Thailand,07-08-2005,30.9,24.1,26.8,4,17.2,44.6,34234.12
Thailand,08-08-2005,30.4,24.8,27.2,9.5,17,44.6,36367.09
Thailand,09-08-2005,30.4,24.7,27.1,7.9,15.7,50.4,31356.01
Thailand,10-08-2005,31.3,24.3,27.1,1.4,16.3,45,37308.48
Thailand,11-08-2005,29.4,24.9,26.6,7.2,15.3,45,13335.4
Thailand,12-08-2005,30.8,24.6,26.3,12.9,19.2,46.1,15479.05
Thailand,13-08-2005,28.7,24,25.6,2.9,19.6,49.7,13076.08
Thailand,14-08-2005,30.1,24.1,26,16.6,19.8,47.9,25248.81
Thailand,15-08-2005,30.8,24.1,26.5,14,11.4,38.5,34620.57
Thailand,16-08-2005,28.4,24.3,26.1,3.2,11.1,32.4,11365.86
Thailand,17-08-2005,28.6,24,26.1,4.2,12.9,35.6,13481.54
Thailand,18-08-2005,30.8,24.2,26.3,13.1,12.3,34.6,23134.85
Thailand,19-08-2005,29.6,24,26.6,5.2,13.2,34.9,27401.23
Thailand,20-08-2005,30.5,24.4,27,2.6,12.1,34.2,37914.43
Thailand,21-08-2005,29.9,24.9,27.1,1.8,14,23,27099.32
Thailand,22-08-2005,30.3,23.8,26.5,0.1,6,26.6,36810.54
Thailand,23-08-2005,30.8,24.2,27.1,6.8,8.7,24.8,39600
Thailand,24-08-2005,31.3,23.5,27.3,4.1,6.8,19.4,41794.97
Thailand,25-08-2005,32,24.3,27.9,5.1,6.1,20.2,37515.93
Thailand,26-08-2005,31.8,24.7,27.8,3.5,5.4,17.6,38756.71
Thailand,27-08-2005,31.8,24.1,27.3,11.1,7.3,21.2,38175.84
Thailand,28-08-2005,31.8,24.4,27.7,11.1,6.8,24.5,39726.54
Thailand,29-08-2005,30.8,25.2,27.5,7,8.8,26.3,31944.62
Thailand,30-08-2005,30.9,24.3,27.3,7.2,8.4,26.6,37915.09
Thailand,31-08-2005,31.1,24.3,27,13.2,9,33.1,30951.29
Thailand,01-09-2005,30.2,23.9,26.8,12.7,5.8,20.2,30817.93
Thailand,02-09-2005,31.7,24.3,27.3,23.6,6.9,20.2,38694.26
Thailand,03-09-2005,30.9,24.7,27.1,6.9,8.4,20.2,28370.98
Thailand,04-09-2005,29.6,24.6,26.8,11.9,8,20.9,20902.38
Thailand,05-09-2005,31.7,23.6,27.1,3.5,5.4,16.6,38920.54
Thailand,06-09-2005,29.6,24.6,26.5,8.5,4.8,16.9,24137.17
Thailand,07-09-2005,30.1,24.3,26.5,17,6.2,17.6,22472.97
Thailand,08-09-2005,29.2,23.9,25.6,22.8,6.8,14,13223.55
Thailand,09-09-2005,27.5,24,25.1,20.9,10.6,22.7,2647.1
Thailand,10-09-2005,27.6,23.7,25.2,40.3,7,27.4,5864.51
Thailand,11-09-2005,28.4,24,25.6,14.5,4.8,22,22316.33
Thailand,12-09-2005,28.8,23.6,25.8,11,6,24.1,20133.68
Thailand,13-09-2005,31.3,24.4,27.2,2.6,10.6,33.5,32400
Thailand,14-09-2005,28.2,24.4,25.6,37.3,20.1,44.3,8013.79
Thailand,15-09-2005,30.6,23.8,26.6,4.3,17.2,37.8,36342.36
Thailand,16-09-2005,31,23.9,27.2,3.5,5.9,18.7,39906.34
Thailand,17-09-2005,31.6,24,27,4.6,7.2,19.4,39494.59
Thailand,18-09-2005,31.1,24.3,27.2,1,13.9,29.5,36158.11
Thailand,19-09-2005,30.4,24.4,26.2,10.4,18,39.2,25142.04
Thailand,20-09-2005,29.4,23.9,25.7,6.7,16.9,34.2,26456.48
Thailand,21-09-2005,28.4,23.1,25.7,8.9,7.9,23.8,29661.95
Thailand,22-09-2005,30.8,23.4,26.8,4.8,7.2,20.2,40019.57
Thailand,23-09-2005,31.1,23.3,26.8,6.3,8.7,22.3,40757.78
Thailand,24-09-2005,31.1,23.6,26.9,2.2,6.6,20.2,39761.57
Thailand,25-09-2005,31.1,23.8,27.3,2,6.5,19.1,40542.96
Thailand,26-09-2005,31.1,23.8,27.2,3.8,9.2,17.6,39765.58
Thailand,27-09-2005,29.6,24.6,26.5,8.6,12.2,26.3,23603.26
Thailand,28-09-2005,30.4,24.6,26.6,2.9,15.3,36,28737.78
Thailand,29-09-2005,29.5,23.9,26.4,0.1,7.9,20.9,25858.91
Thailand,30-09-2005,29,24.1,26.3,0.9,9.7,23,23451.82
Thailand,01-10-2005,30.7,23.9,26.8,0,5.5,14,18289.08
Thailand,02-10-2005,32,23.6,27.6,0.2,5.5,19.1,40614.35
Thailand,03-10-2005,31.7,23.6,27.1,6.2,6.6,20.9,37548.84
Thailand,04-10-2005,31.3,23.8,26.5,18.1,6.5,25.6,35791.18
Thailand,05-10-2005,29.5,23.4,26.1,7.5,7.6,26.6,33833.77
Thailand,06-10-2005,30.7,23.9,27,0,5.9,23,38988.53
Thailand,07-10-2005,31.5,23.3,27.1,2.4,8.9,24.1,40096.43
Thailand,08-10-2005,30.9,23.1,26.5,2.6,15.7,51.1,39595.03
Thailand,09-10-2005,28.5,22.1,25,9.9,19.3,45.4,21384.34
Thailand,10-10-2005,30.8,21.8,26.2,0,11.8,29.2,39506.57
Thailand,11-10-2005,31.4,21.9,26.6,0,11,30.2,39692.52
Thailand,12-10-2005,29,23.5,26.3,3.4,15.3,34.2,37440.34
Thailand,13-10-2005,29.6,23.8,26.2,11,6.8,25.6,23101.58
Thailand,14-10-2005,30.8,23.5,26.6,1.3,8.3,36,38533.18
Thailand,15-10-2005,30.8,22.6,26.7,0,11.3,31.3,38954.97
Thailand,16-10-2005,30.7,21.2,25.8,0,11.8,27.7,38964.72
Thailand,17-10-2005,30.7,20,25.5,0,9,24.1,39802.18
Thailand,18-10-2005,30.7,21.5,26,0.1,13.6,32.8,39289.64
Thailand,19-10-2005,31.4,22.2,26.5,0,18.1,40.3,39586.77
Thailand,20-10-2005,31.3,22.6,26.7,0,16.1,53.3,39152.37
Thailand,21-10-2005,31.3,22.9,26.8,0,15.6,33.5,37467.47
Thailand,22-10-2005,31.6,21.4,26.2,0,16.1,39.6,39539.86
Thailand,23-10-2005,27.5,21.9,24.9,3.1,15.6,36,17893.45
Thailand,24-10-2005,29,24,26.1,0,15.9,33.5,30763.63
Thailand,25-10-2005,27.9,23.2,25.5,0.5,13.6,33.8,25402.56
Thailand,26-10-2005,30.4,22.6,26.7,0.2,13,37.1,37464.37
Thailand,27-10-2005,31.1,22.8,27.2,0.9,10.3,35.3,37678.86
Thailand,28-10-2005,32.2,23.3,27.5,0,11.3,32.4,36679.36
Thailand,29-10-2005,32.9,21.2,27.4,0,11.7,28.1,38202.2
Thailand,30-10-2005,31.8,23,27.3,0,14.9,37.4,37357.73
Thailand,31-10-2005,31,23.2,26.8,0,13.7,32.8,33884.39
Thailand,01-11-2005,31.4,22.2,26.5,0,9.9,22.3,35198.7
Thailand,02-11-2005,31.9,21.9,26.7,0,10.1,21.2,30424.98
Thailand,03-11-2005,31.7,24,27.6,0,9.4,25.2,36070.04
Thailand,04-11-2005,32.1,23.9,27.7,10.1,9.4,24.5,36476.8
Thailand,05-11-2005,28.1,24.2,25.5,14.5,6.1,19.4,12452.69
Thailand,06-11-2005,30.5,22.8,26.5,2.9,5.4,21.2,35337.96
Thailand,07-11-2005,30.8,23.6,26.8,3.6,9.2,25.2,36381.07
Thailand,08-11-2005,30.8,23.2,26.5,5.6,5.5,23,36286.46
Thailand,09-11-2005,29.5,23.5,26,1.2,5.6,18.4,32631.86
Thailand,10-11-2005,30.8,23.3,26.9,2.7,6.8,19.4,36486.49
Thailand,11-11-2005,31.3,23.4,27.1,3.1,5.4,19.1,36396.84
Thailand,12-11-2005,31.2,23.3,27,1,5.3,19.8,36309.37
Thailand,13-11-2005,30.8,23.9,26.8,2.4,4.7,19.4,35559.77
Thailand,14-11-2005,31.4,24.1,27.5,0.1,4.5,16.9,36406.96
Thailand,15-11-2005,31,23.8,26.8,5.9,5.5,21.6,36035.2
Thailand,16-11-2005,30.7,23.4,26.5,0.3,10.3,36.7,36000
Thailand,17-11-2005,30.3,23.3,26.4,0,15,36,36387.24
Thailand,18-11-2005,30.1,21.8,25.7,0,17.4,42.5,33937.28
Thailand,19-11-2005,28.3,23.1,25.4,0,18.9,42.5,28888.25
Thailand,20-11-2005,28.8,20.8,24.4,0,15.7,35.3,36524.88
Thailand,21-11-2005,27.7,19.1,22.9,0,17.8,37.8,36693.09
Thailand,22-11-2005,27.2,16.8,21.6,0,17.2,36.7,36782.26
Thailand,23-11-2005,28.2,15.6,22.1,0,16.3,33.1,36141.45
Thailand,24-11-2005,29.1,16.9,23.1,0,12,29.5,36142.32
Thailand,25-11-2005,29.4,18.4,24.1,0,11.5,27.7,32400
Thailand,26-11-2005,29.7,21.5,25.4,0,12.9,31.7,29947.42
Thailand,27-11-2005,31.5,21.4,26.7,0,11.3,29.9,30432.95
Thailand,28-11-2005,32.5,21.3,27.1,0,8.8,23,36000
Thailand,29-11-2005,32,22.9,26.8,0,14.8,33.8,36000
Thailand,30-11-2005,31.8,20.9,26.4,0,8.7,24.8,36122.7
Thailand,01-12-2005,32.1,20.5,26.2,0,8.4,23.4,36485.69
Thailand,02-12-2005,32.1,21.7,26.9,0,9,26.6,33274.83
Thailand,03-12-2005,32.4,23.7,28,1.1,7.7,24.8,36000
Thailand,04-12-2005,32.2,22.8,27.2,0.8,14.6,34.6,36119.38
Thailand,05-12-2005,30.7,23.5,26.9,0,16.2,37.1,36211.49
Thailand,06-12-2005,28,23.1,25.5,0,20.5,46.4,36000
Thailand,07-12-2005,28.1,20.7,24.1,0,20.9,41.8,36114.99
Thailand,08-12-2005,28.3,20.1,23.9,0,17.8,38.5,36496.38
Thailand,09-12-2005,29.6,20,24.6,0,14.8,33.1,36594.59
Thailand,10-12-2005,31.4,19.6,25.6,0,9.2,25.6,36011.25
Thailand,11-12-2005,31.5,20.5,26.1,0,17.7,40.3,36000
Thailand,12-12-2005,30.7,22.5,26.1,0,18.5,41.8,36701.12
Thailand,13-12-2005,29.2,20.4,24.5,0,18.3,37.4,36603.74
Thailand,14-12-2005,28.6,19.9,24,0,17.9,40,36707.37
Thailand,15-12-2005,25.8,19.4,22.4,0,18.7,38.2,24237.13
Thailand,16-12-2005,27,19.1,22.6,0,18.4,37.4,36816.82
Thailand,17-12-2005,26.7,18.7,22.2,0,18.4,40.3,36925.27
Thailand,18-12-2005,25.7,16.8,20.8,0,21,42.1,37247.27
Thailand,19-12-2005,25.5,14,19.7,0,17.7,40.3,36267.47
Thailand,20-12-2005,27.8,14.5,21.3,0,14.3,34.2,37207.63
Thailand,21-12-2005,25.9,17.7,21.2,0,18.4,42.1,28291.33
Thailand,22-12-2005,20.5,16.8,18.8,0,17.7,34.9,0
Thailand,23-12-2005,25.9,15.8,20.9,0,14.3,34.2,37366.16
Thailand,24-12-2005,27.4,17.2,22.3,0,8.2,25.2,36557.3
Thailand,25-12-2005,29.2,19.5,24.6,0,10.1,26.3,36758.38
Thailand,26-12-2005,29.2,22.5,25.1,4.1,12.6,29.2,35490.98
Thailand,27-12-2005,28.5,21.8,24.3,3.3,9.7,24.5,32519.5
Thailand,28-12-2005,29.6,20.2,24.6,0,12.9,32.4,37039.94
Thailand,29-12-2005,30,18.2,24.2,0,11.8,30.6,36424.76
Thailand,30-12-2005,30.6,17.8,24,0,9.8,28.4,37575.95
Thailand,31-12-2005,31.2,17,24.3,0,10.9,27.7,37469.48
Thailand,01-01-2006,31.5,20.1,26,0,10.8,28.8,28422.23
Thailand,02-01-2006,31.8,22.4,26.7,0,12.8,33.8,36452.34
Thailand,03-01-2006,31.7,19.9,26,0,8.2,23,37633.45
Thailand,04-01-2006,32.5,20.5,26.7,0,7.5,16.2,36411.49
Thailand,05-01-2006,33.3,21.8,27.6,0,6.9,15.8,36774.61
Thailand,06-01-2006,31.1,23.7,27,0,21,44.3,37016.82
Thailand,07-01-2006,28.5,19.5,23.8,0,21.3,45,37710.34
Thailand,08-01-2006,28.8,17.6,23,0,15.9,37.8,37733.07
Thailand,09-01-2006,27.7,18,22.5,0,19.2,42.5,37757.27
Thailand,10-01-2006,29.4,15.5,22.5,0,10.4,28.4,37782.87
Thailand,11-01-2006,30,15.6,23.1,0,8.4,23.4,37809.81
Thailand,12-01-2006,31.5,15.5,24,0,8.6,15.8,37838.05
Thailand,13-01-2006,32.4,16.3,24.8,0,6.3,15.1,37867.51
Thailand,14-01-2006,32.8,17.7,25.4,0,5.8,18.7,37898.16
Thailand,15-01-2006,32.9,19.8,26.3,0,6.6,17.6,37929.93
Thailand,16-01-2006,33,20.8,26.7,0,8.8,22.3,37962.75
Thailand,17-01-2006,33.5,20.8,26.7,0,11.9,30.2,37996.6
Thailand,18-01-2006,32.9,18.8,25.6,0,11,27.4,38031.39
Thailand,19-01-2006,32.5,18.6,24.9,0,9,23,38067.09
Thailand,20-01-2006,32.8,17.3,24.9,0,9.1,24.8,38103.64
Thailand,21-01-2006,33.1,17.2,25,0,7.6,16.9,38140.98
Thailand,22-01-2006,32,20.2,25.6,0,12.4,30.6,38179.07
Thailand,23-01-2006,30.3,22,25.1,0,20.2,46.8,38217.84
Thailand,24-01-2006,28.5,19.7,23.6,0,20.9,46.4,38257.25
Thailand,25-01-2006,28.8,17.9,23.2,0,17,37.4,38297.26
Thailand,26-01-2006,28.8,17.1,22.6,0,16.9,38.5,38337.8
Thailand,27-01-2006,29.6,18.2,23.3,0,14.3,29.5,38378.89
Thailand,28-01-2006,30.8,16.4,24.1,0,8.3,21.2,38420.96
Thailand,29-01-2006,32.2,17.5,25.3,0,7.9,19.4,38464.08
Thailand,30-01-2006,33.1,18.5,26.2,0,7.3,21.2,38508.18
Thailand,31-01-2006,33.2,22.1,27.6,0,8.8,27,38553.19
Thailand,01-02-2006,33.6,21.2,27.4,0,14.3,36,38599.04
Thailand,02-02-2006,34,20.3,27.4,0,8.1,24.8,38645.66
Thailand,03-02-2006,33.8,20.7,27.6,0,10.4,23.8,38693.02
Thailand,04-02-2006,32.2,22.7,27.1,0,20.9,45.7,38741.02
Thailand,05-02-2006,31.9,20.9,26.2,0,17.5,39.2,38789.61
Thailand,06-02-2006,32.5,20.5,26.3,0,14.1,33.1,38838.73
Thailand,07-02-2006,32.2,20.8,26.4,0,15.2,38.2,38888.32
Thailand,08-02-2006,32.2,21.5,26.6,0,16.6,36.7,38938.33
Thailand,09-02-2006,31.4,20.8,25.8,0,19,42.8,38988.7
Thailand,10-02-2006,31.8,21.3,26.4,0,16.3,40,39039.36
Thailand,11-02-2006,31.4,22.7,27,0,14.6,34.2,39090.27
Thailand,12-02-2006,28.6,23.1,25.2,0.2,12.3,30.2,18348.12
Thailand,13-02-2006,25.6,21,22.9,5.4,7.6,22,6399.12
Thailand,14-02-2006,32.2,18.9,25.6,0,6.8,18.7,39145.51
Thailand,15-02-2006,33.2,22.9,27.8,0,7.2,21.2,39295.32
Thailand,16-02-2006,33.5,22.2,28.1,0,8,26.3,39346.67
Thailand,17-02-2006,33.8,23.5,27.6,4.7,12.3,21.6,39398.32
Thailand,18-02-2006,31.3,22.9,26.2,5.8,12.6,28.8,39450.55
Thailand,19-02-2006,31.5,23.3,27.3,0.4,14.8,34.6,39503.3
Thailand,20-02-2006,32.4,23.2,27.5,0,15.8,36.4,39556.51
Thailand,21-02-2006,32.9,22.1,27.8,0,6.8,23.4,39599.38
Thailand,22-02-2006,34.3,23,28.8,0,9,28.8,39600
Thailand,23-02-2006,33.5,23.8,28.3,0,20.6,43.6,39600
Thailand,24-02-2006,33.1,22.6,27.8,0,16.3,38.9,39600
Thailand,25-02-2006,33.3,22.7,28.2,0,13.8,32.8,39600
Thailand,26-02-2006,34.6,23.3,28.7,0.1,9.7,23.4,39600
Thailand,27-02-2006,35,23.5,29.3,0,12.5,28.4,39600
Thailand,28-02-2006,36.1,23.4,29.4,0,10.9,27.7,39600
Thailand,01-03-2006,32.5,21.9,26.6,0,20.6,47.2,39600
Thailand,02-03-2006,31.3,20.8,25.7,0,20.9,43.2,39600
Thailand,03-03-2006,32.4,21.1,26.8,0,14.6,32,39600
Thailand,04-03-2006,33.2,21.7,27.8,0,8.5,25.2,39600
Thailand,05-03-2006,33.4,23.8,27.4,5.7,9.2,26.6,39600
Thailand,06-03-2006,35.2,23.4,28.9,0.8,8.8,23.8,39600
Thailand,07-03-2006,35,23.6,29.3,0,8.6,22,39600
Thailand,08-03-2006,35.5,24,30,0,8.3,20.2,39600
Thailand,09-03-2006,35.7,24.3,29.5,0.7,9,23.8,39600
Thailand,10-03-2006,35.3,24.1,29.6,0.2,10.5,22,39600
Thailand,11-03-2006,35.6,24.9,30.5,0,11.7,27.7,39600
Thailand,12-03-2006,36.7,25,31,0,13.5,25.6,39600
Thailand,13-03-2006,36.6,25.6,30.2,3,21.3,36,39600
Thailand,14-03-2006,29.6,21.2,25.1,14.4,23.8,43.2,39600
Thailand,15-03-2006,31.1,21.6,26.2,0,14.3,28.1,39600
Thailand,16-03-2006,33.7,21.8,28.3,0,6.5,19.8,39600
Thailand,17-03-2006,35,23.9,29.5,0.1,11,22,39722.41
Thailand,18-03-2006,35.6,25.7,30.4,0.2,11.3,23,39640.02
Thailand,19-03-2006,36,26.3,30.2,1,8.9,23.8,39600
Thailand,20-03-2006,33.5,24.3,27.9,13.9,8.5,24.5,39600
Thailand,21-03-2006,33.7,24.9,29.1,0,10.8,28.8,39875.43
Thailand,22-03-2006,34.1,25,29.6,0,13.6,34.2,39698.76
Thailand,23-03-2006,33.4,25.8,28.9,7.2,9.7,23.8,39602.96
Thailand,24-03-2006,34.9,24.8,29.5,0.7,11.8,31.3,39869.41
Thailand,25-03-2006,35.5,24.8,30.4,0,11.3,25.9,40147.14
Thailand,26-03-2006,35.5,25.9,30.6,0,13.7,31.3,40149.27
Thailand,27-03-2006,36.1,25.9,30.5,0.8,10.5,27,40248.07
Thailand,28-03-2006,35.8,25.7,29.6,3.8,11.2,24.1,39656.91
Thailand,29-03-2006,33.2,24.3,27.6,16.5,8,29.9,34419.4
Thailand,30-03-2006,30.9,23.8,27.1,5.7,10,28.1,31648.07
Thailand,31-03-2006,31.6,23.1,26.7,6.2,8,19.8,39632
Thailand,01-04-2006,30.7,22.7,26.1,6.2,7.2,26.3,38318.3
Thailand,02-04-2006,32.3,22.4,27.4,0,7.2,20.9,40471.16
Thailand,03-04-2006,33,23.1,28,0.1,8.1,23,40800.19
Thailand,04-04-2006,33.3,23.9,28.7,0.3,10.9,25.6,40807.13
Thailand,05-04-2006,34.3,23.8,29.1,0,10.9,23,41260.38
Thailand,06-04-2006,35.2,24.7,29.9,0.1,8.9,18,41158.82
Thailand,07-04-2006,34.3,25.6,29.3,2.9,14.4,33.1,40595.48
Thailand,08-04-2006,33.3,24,28.7,0.1,9.8,22.7,40713.45
Thailand,09-04-2006,33.9,24.9,29.4,0.8,10.6,23.8,40599.1
Thailand,10-04-2006,35,25.5,29.9,0,12.9,26.6,40600.35
Thailand,11-04-2006,35.4,25.6,30.1,0.3,12.6,29.2,40085.39
Thailand,12-04-2006,35.8,25.6,30.7,0,16.1,31.7,41449.5
Thailand,13-04-2006,36.2,26.4,31.2,0,13.8,29.5,41580.43
Thailand,14-04-2006,35,25.9,30.2,8.4,10.3,25.2,41095.85
Thailand,15-04-2006,31.3,25.3,27.6,6.2,14.4,29.5,30929.99
Thailand,16-04-2006,32.4,23.7,28,0,14,32.4,39847.34
Thailand,17-04-2006,33.2,23.8,28.7,0.5,7.9,25.6,41906.61
Thailand,18-04-2006,34.3,24.4,28.9,3.7,7.8,24.5,41621.62
Thailand,19-04-2006,35,25,29.5,1.7,10.8,23,41978.59
Thailand,20-04-2006,31.4,24.6,27.8,4.9,6.1,20.9,26253.71
Thailand,21-04-2006,32.6,24.8,28.4,15.3,7.6,23.4,42049.21
Thailand,22-04-2006,32.7,24.5,28.1,5.2,7.2,24.5,40595.16
Thailand,23-04-2006,33.9,25,28.6,3.5,7.6,23.8,42118.16
Thailand,24-04-2006,33.9,25.3,29.2,0.4,9.5,27,41985.93
Thailand,25-04-2006,34,25.1,29.5,0,6.4,23,42185.09
Thailand,26-04-2006,34,26.1,29.1,2,12,29.5,40859.11
Thailand,27-04-2006,34.2,24.9,28.7,6.7,8.4,26.3,42082.99
Thailand,28-04-2006,32.5,25,28.1,17.2,7.4,29.9,42280.92
Thailand,29-04-2006,32,24.1,27.3,9,13.8,34.9,39620.3
Thailand,30-04-2006,32.8,24.3,27.6,4.8,16.3,39.6,41729.11
Thailand,01-05-2006,32.5,24.8,28.5,1,12.6,28.4,42249.48
Thailand,02-05-2006,33.4,24.7,28.7,0.7,10.2,25.2,42398.38
Thailand,03-05-2006,33.7,24.8,29.2,2.9,8.6,23,42425.6
Thailand,04-05-2006,33.3,26.1,29.6,2.8,11,25.2,42395.25
Thailand,05-05-2006,33.2,25.9,28.9,4,8.9,23.8,41719.7
Thailand,06-05-2006,32.1,25.3,28.8,2.6,9,23.4,40144.37
Thailand,07-05-2006,33.1,26.1,28.9,5.4,11.3,28.8,41221.58
Thailand,08-05-2006,33.4,25,29.1,1,9.8,22.3,42546.85
Thailand,09-05-2006,32.8,24.6,28.4,3.7,10.2,24.5,36000
Thailand,10-05-2006,33.6,25.3,28.9,0,9,26.3,41750.56
Thailand,11-05-2006,32.6,25.9,28.6,0.3,10.1,26.3,32401.3
Thailand,12-05-2006,33.4,24.6,28.7,4.5,5.4,22.3,42627.51
Thailand,13-05-2006,33.2,25,28.7,3.8,7,20.2,40787.74
Thailand,14-05-2006,32.4,25,28.5,5.7,18,38.5,40710.16
Thailand,15-05-2006,31.4,24.7,27.5,0,13.9,31,42810.42
Thailand,16-05-2006,31.3,23.1,27.2,0,10.9,21.2,42694.94
Thailand,17-05-2006,29.6,23.2,25.8,15.1,9.4,26.6,31268.45
Thailand,18-05-2006,27.3,23.7,24.9,40.4,6,26.3,7576.82
Thailand,19-05-2006,27.6,23.2,24.6,33,10.9,31,8926.58
Thailand,20-05-2006,27.9,23.1,24.9,22.6,7.8,29.2,22714.49
Thailand,21-05-2006,27.9,23.6,25,17.6,16.2,34.9,12547.13
Thailand,22-05-2006,29.6,23.8,25.5,12.1,19.2,43.6,15178.22
Thailand,23-05-2006,29.1,24.1,26,5.6,16.8,38.2,10711.69
Thailand,24-05-2006,30.3,24,26.6,3,14.4,35.6,30730.72
Thailand,25-05-2006,30.8,24.4,26.9,1.9,13.6,32,34370.12
Thailand,26-05-2006,31.3,23.8,27.3,5.6,5.2,18,37427.61
Thailand,27-05-2006,31.9,24.3,28.1,0.4,8,24.8,42810.68
Thailand,28-05-2006,31.7,24.6,28.1,3.6,8.7,24.8,41623.57
Thailand,29-05-2006,31.4,25,27.6,13.7,9.3,27.4,37681.66
Thailand,30-05-2006,31.4,24.9,27.6,3.4,9.5,28.1,34295.27
Thailand,31-05-2006,29,24.7,26.4,13.2,11.7,22.3,16879.1
Thailand,01-06-2006,28.5,24.6,25.9,9.3,9.2,19.1,2383.77
Thailand,02-06-2006,31.1,24.6,27.2,6.2,11.1,33.5,38013.94
Thailand,03-06-2006,30.6,24.5,27.1,1,12.6,39.6,38785.36
Thailand,04-06-2006,31.1,24.7,27.5,0,14.3,38.2,42823.38
Thailand,05-06-2006,31.1,24.9,27.6,0.4,12.7,41.8,35507.88
Thailand,06-06-2006,31.1,24.4,27.6,0,12.2,37.8,43108.02
Thailand,07-06-2006,31.2,23.6,27.7,0.3,11.6,28.1,42903.86
Thailand,08-06-2006,32,24,27.9,2.2,11.4,28.8,42808.8
Thailand,09-06-2006,31.3,24.6,27.7,2.6,11.4,33.5,41663.48
Thailand,10-06-2006,31.2,24.7,27.4,10.3,12.8,31.7,38655.09
Thailand,11-06-2006,31,24.4,27.4,6.4,9.8,31,40560.48
Thailand,12-06-2006,32,24.2,27.6,11.1,9.1,27,41832.34
Thailand,13-06-2006,31.7,24.3,27.8,9.1,7.6,26.6,42955.16
Thailand,14-06-2006,31.9,24.4,28.2,0.8,7.6,25.6,43050.2
Thailand,15-06-2006,31.9,25.2,27.9,12,8.7,21.2,42760.49
Thailand,16-06-2006,32,25.1,28.1,2.9,8.1,24.8,40856.4
Thailand,17-06-2006,32.1,25.1,28.6,2.5,8,20.9,42742.72
Thailand,18-06-2006,31,25.1,27.3,17.7,7.1,22.3,16354.01
Thailand,19-06-2006,29.2,24.4,26.2,12.4,13.8,29.5,5707.05
Thailand,20-06-2006,30.4,24.2,26.5,3.3,6.8,29.2,25972.1
Thailand,21-06-2006,30.8,24.1,26.8,6.3,9.7,21.6,37775
Thailand,22-06-2006,31.6,23.7,27.2,6.7,6.3,20.9,34455.8
Thailand,23-06-2006,31.1,24.1,26.7,13.8,9.4,20.5,30705.04
Thailand,24-06-2006,30.5,23.9,26.6,10.8,8,18.7,30730.62
Thailand,25-06-2006,30.1,24.1,26.7,11.5,8,22,24874.32
Thailand,26-06-2006,30.3,24.2,26.6,6,7.1,22.3,35520.57
Thailand,27-06-2006,30.8,24.4,26.8,7.1,13.5,29.2,40293.46
Thailand,28-06-2006,31,24.2,27,11.4,14.2,36.4,42542.25
Thailand,29-06-2006,29.2,24.7,26,11.4,15,33.1,19666.79
Thailand,30-06-2006,29.7,24.9,26.7,3.1,15.5,37.8,30987.97
Thailand,01-07-2006,29.6,25.1,26.6,14.5,11.8,33.8,26746.84
Thailand,02-07-2006,28.2,24.4,26,2.6,11.3,33.5,3421.7
Thailand,03-07-2006,30.3,24.5,26.4,7.3,11.6,40,19020.03
Thailand,04-07-2006,30.3,24.5,26.8,10.4,11.2,39.6,32553.76
Thailand,05-07-2006,31,24.5,27.4,5.5,13.9,37.1,37172.93
Thailand,06-07-2006,30.4,25.1,27.3,10.7,16.7,45.4,35726.39
Thailand,07-07-2006,31.2,24.9,27.2,8,19.7,42.5,37562.32
Thailand,08-07-2006,31.3,24.7,27.4,4.1,17.6,46.1,40076.06
Thailand,09-07-2006,31.8,24.9,27.9,2.4,16.8,44.6,41635.03
Thailand,10-07-2006,31.3,24.7,27.3,9.4,15.3,43.9,31300.45
Thailand,11-07-2006,29.9,25,27.3,0,15.5,39.6,29428.34
Thailand,12-07-2006,31.1,25.6,27.2,9.4,14.5,38.5,30609.47
Thailand,13-07-2006,29.4,24.6,26.9,1.9,15.6,42.5,38540.09
Thailand,14-07-2006,30.8,24.3,27,4.2,17.6,38.9,29536.16
Thailand,15-07-2006,31.2,25,27.6,0,16.6,42.8,41124.23
Thailand,16-07-2006,31.4,24.9,26.9,11.5,16.1,42.8,33506.88
Thailand,17-07-2006,30.6,24.5,26.5,16.4,19.1,50.4,25402.41
Thailand,18-07-2006,29.5,24.7,26.5,2.7,17.6,41.4,18356.01
Thailand,19-07-2006,28.3,24.3,26.2,3.3,7.9,27.4,2805.52
Thailand,20-07-2006,29.7,23.7,26.5,2.4,12.6,29.9,34840.75
Thailand,21-07-2006,29.8,24,26.3,5.4,8.9,28.4,34093.02
Thailand,22-07-2006,30.8,23.9,26.5,9.8,11.9,36,36515.37
Thailand,23-07-2006,31,24.1,27.2,5,9.1,33.5,40099.03
Thailand,24-07-2006,31.1,24.2,27.3,9.7,10.1,27.7,42152.27
Thailand,25-07-2006,30.9,24.4,27.1,9.6,10.1,24.5,39356.98
Thailand,26-07-2006,28.6,24.3,25.9,26.5,13.3,40.3,8796.06
Thailand,27-07-2006,28.1,23.3,25.4,4.8,15.4,38.2,4298.35
Thailand,28-07-2006,31,23.9,26.9,1.3,14.3,43.9,40062.73
Thailand,29-07-2006,30.8,24.6,27,10,13.2,29.5,28621.22
Thailand,30-07-2006,29.1,24,26.1,29.7,9.8,34.6,18607.23
Thailand,31-07-2006,29.6,24.1,25.9,10,12.7,33.1,22289.08
Thailand,01-08-2006,26.1,23.3,24.5,16.5,13,29.2,1315.78
Thailand,02-08-2006,27,22.8,24.7,7.1,6.9,20.2,7221.53
Thailand,03-08-2006,28.4,22.7,26.1,0.3,14.2,42.8,33639.19
Thailand,04-08-2006,29.4,24,26.5,0.4,17.5,51.8,27486.63
Thailand,05-08-2006,31.2,23,27,1.9,15.8,45.7,42257.01
Thailand,06-08-2006,31.5,23.5,27.4,0.2,15.2,47.2,41033.18
Thailand,07-08-2006,31.3,24.1,27.4,7.7,11.2,41.8,36351.11
Thailand,08-08-2006,31.1,24.6,27.3,9.8,11.9,34.2,37471.8
Thailand,09-08-2006,29.7,24.5,26.9,2.7,14.4,41.4,38517.09
Thailand,10-08-2006,31.1,24.2,27.1,2.9,16.1,41.4,39914.11
Thailand,11-08-2006,29.6,24.1,26.4,6.2,12.8,43.6,35032.8
Thailand,12-08-2006,30.9,24.4,26.9,5.3,11.9,39.2,32610.62
Thailand,13-08-2006,29,24.2,26.2,14.9,10.8,37.8,21248.06
Thailand,14-08-2006,29.5,24.1,25.8,33.7,8.7,31.7,14400
Thailand,15-08-2006,30.4,24.2,26.1,15.1,9.5,25.6,27948.33
Thailand,16-08-2006,30.7,24.5,27,2.6,15.9,38.9,37696.57
Thailand,17-08-2006,31.4,24.7,27.5,2.9,12.6,33.5,40488.9
Thailand,18-08-2006,30.7,24.4,27,10,10.4,28.1,39083.41
Thailand,19-08-2006,29.3,24.9,26.7,2.6,12.2,32.4,22730.21
Thailand,20-08-2006,28.8,24.4,26.4,2.7,10,25.6,978.01
Thailand,21-08-2006,30,24.7,26.8,8.9,12.6,36.4,21759.68
Thailand,22-08-2006,26.9,24.4,25.6,9.8,10.3,21.2,3875.69
Thailand,23-08-2006,28.3,23.9,26,1.8,8.7,27,24078.24
Thailand,24-08-2006,31.2,23.7,27.4,2.3,9.1,28.8,41797.18
Thailand,25-08-2006,31.3,24,26.8,16.7,8.4,20.5,28168.6
Thailand,26-08-2006,30.3,24.5,26.5,11.9,14.2,23.8,22397.13
Thailand,27-08-2006,30.3,24,26.1,5.6,16.2,33.8,29082.67
Thailand,28-08-2006,29.2,24.2,26.4,1.2,12.1,26.3,20477.09
Thailand,29-08-2006,31.1,24.9,27.3,0.9,8.3,24.1,32499.87
Thailand,30-08-2006,25.7,23.6,24.8,24.7,12.7,24.5,0
Thailand,31-08-2006,29.1,23.5,25.4,12.4,11.7,31.3,19325.86
Thailand,01-09-2006,30.4,23.4,26.3,9.8,13.3,33.1,38456.78
Thailand,02-09-2006,29.9,22.6,26.4,2.2,9,22.7,41742.74
Thailand,03-09-2006,31.4,23.6,26.9,1.5,8.4,23,41451.12
Thailand,04-09-2006,32.1,24.2,27.7,1.3,9.9,24.8,41731.36
Thailand,05-09-2006,32.3,24.9,28.4,1.8,8,25.9,41725.83
Thailand,06-09-2006,32.1,24.5,27.7,6,5.9,19.8,41445.31
Thailand,07-09-2006,31.1,24.7,27.5,5.9,10.1,19.4,40113.76
Thailand,08-09-2006,30.9,24.6,27.2,11.4,7.1,20.2,38879.2
Thailand,09-09-2006,30.8,24.4,27.2,8.1,8.7,20.9,34003.93
Thailand,10-09-2006,29,24.1,26.1,12.5,7.2,18.7,15592.16
Thailand,11-09-2006,28.7,24.1,26,5.1,13.8,34.2,27622.95
Thailand,12-09-2006,29.1,23.6,26.3,4.7,9.2,24.8,30443.51
Thailand,13-09-2006,30,23.8,26.7,0.8,8.9,23.4,38058.42
Thailand,14-09-2006,30.6,23.8,26.7,4.4,5.8,24.8,41208.26
Thailand,15-09-2006,29.8,24,26.4,5.8,8,23,36007.21
Thailand,16-09-2006,30.4,24.2,26.7,8.8,8,26.6,39109.27
Thailand,17-09-2006,30.7,24.1,26.5,14.4,8.2,19.4,40034.68
Thailand,18-09-2006,30,23.7,25.8,13.9,6.5,17.6,17456.42
Thailand,19-09-2006,29.1,23.9,25.5,18.7,7.4,21.2,17036.26
Thailand,20-09-2006,27.5,23.3,24.6,10.6,8.3,22.3,11713.07
Thailand,21-09-2006,27.8,23.5,25.3,6.8,9.7,28.4,19983.22
Thailand,22-09-2006,29.4,24,26,6.7,10.2,26.6,29521.59
Thailand,23-09-2006,29.8,22.5,26.3,6.2,6.9,26.3,39467.65
Thailand,24-09-2006,30.7,22.4,26.7,0,5.7,19.1,37824.35
Thailand,25-09-2006,27.5,23.5,25.6,9.6,10.6,21.6,14.82
Thailand,26-09-2006,26.4,22.9,24.5,5,8.7,19.4,11862.05
Thailand,27-09-2006,29.9,23.4,26.1,5,8.4,25.6,34989.81
Thailand,28-09-2006,29.1,23.7,25.8,6.7,8.3,21.2,31382.05
Thailand,29-09-2006,29.9,23.9,26.1,9.1,5.7,17.6,34525.14
Thailand,30-09-2006,30.4,23.8,26.4,1.7,8.4,24.8,35080.55
Thailand,01-10-2006,30.9,23.2,26.7,2.5,12.7,26.6,30660.06
Thailand,02-10-2006,25.8,24.1,24.8,64,11.6,31.7,0
Thailand,03-10-2006,26.3,22.9,24.3,26,13.7,26.3,13875.58
Thailand,04-10-2006,30,23.1,26.1,4.9,9.5,20.5,36175.46
Thailand,05-10-2006,29.6,23.6,25.8,23.2,10,23.8,28850.67
Thailand,06-10-2006,30.3,23.8,25.9,11,10.7,23,31571.82
Thailand,07-10-2006,29.3,24.1,25.8,20.5,14.2,31,32549.07
Thailand,08-10-2006,29.9,24,26.3,7.2,10.1,26.6,36482.92
Thailand,09-10-2006,28,23.9,25.4,19.1,6.6,18.4,5985.08
Thailand,10-10-2006,26.2,23.4,24.4,18.5,5.8,16.2,5358.89
Thailand,11-10-2006,29.8,22.6,25.3,4.5,7.3,23.4,37861.94
Thailand,12-10-2006,30.4,22.7,26.2,0.9,13,32,38498.18
Thailand,13-10-2006,30.9,22.8,26.3,0.9,7.6,27.4,39331.04
Thailand,14-10-2006,30.5,23.5,26.8,0,5.9,22.3,39339.99
Thailand,15-10-2006,31.4,22.1,27.1,0,6.2,17.3,39924.97
Thailand,16-10-2006,31.5,22.3,26.8,1,6.8,19.1,38810.22
Thailand,17-10-2006,31.7,23.2,27.3,0.3,5.8,19.1,39080.32
Thailand,18-10-2006,32.1,22.5,27.3,0,7.7,20.2,39764.86
Thailand,19-10-2006,31.9,22.5,27,0,9.4,23.4,38833.53
Thailand,20-10-2006,31.9,22.6,26.9,0,13.1,34.9,39150.91
Thailand,21-10-2006,31.6,22.9,26.7,0,13.7,36.7,39407.5
Thailand,22-10-2006,31.6,21.3,26.2,0,10.8,26.3,39136.77
Thailand,23-10-2006,31.1,21.7,26.3,0,11.4,34.9,38564.62
Thailand,24-10-2006,31.4,22.2,26.8,0,14.2,37.1,38559.97
Thailand,25-10-2006,32.4,22.5,27.1,0,15,34.6,38989.52
Thailand,26-10-2006,32,21.9,27.1,0,15.5,48.2,38545.09
Thailand,27-10-2006,32.5,23.9,27.5,0.2,14.4,51.8,37893.8
Thailand,28-10-2006,32.4,23.3,27.5,0,12,32.4,38101.74
Thailand,29-10-2006,32.6,22.1,27.1,0,12.8,30.6,37780.45
Thailand,30-10-2006,32.3,20.8,26.5,0,12.4,26.3,38301.16
Thailand,31-10-2006,32.4,20.7,26.5,0,13.2,28.1,38081.27
Thailand,01-11-2006,32.5,21.2,26.7,0,16.8,36.7,37871.82
Thailand,02-11-2006,31.7,20.9,26.2,0,15.5,36,38273.12
Thailand,03-11-2006,31.4,18.8,25,0,12.5,29.2,38263.32
Thailand,04-11-2006,31.1,17.7,24.2,0,9.7,24.1,38253.03
Thailand,05-11-2006,30.9,16.6,24.3,0,8.8,15.8,38144.04
Thailand,06-11-2006,32.5,18.7,26,0,12,24.8,37449.61
Thailand,07-11-2006,31.2,22.5,26.4,0,18.3,41,37443.62
Thailand,08-11-2006,31.4,23,26.6,0,13.9,35.6,36954.9
Thailand,09-11-2006,32.3,22.5,27,0,17.8,40.3,36766.85
Thailand,10-11-2006,32.9,23.4,28,0,12.8,32.8,36767.86
Thailand,11-11-2006,33.3,24,28.1,0,18.6,40.7,37235.11
Thailand,12-11-2006,32.4,22.6,27.3,0,16.1,36.4,37138.4
Thailand,13-11-2006,32.6,21.6,26.9,0,10.7,26.6,36675.84
Thailand,14-11-2006,32.7,21.6,27.1,0,11.9,27,36858.76
Thailand,15-11-2006,32.5,21.5,27,0,11.8,27.7,36678.49
Thailand,16-11-2006,32.7,21.5,27,0,7.9,20.2,36501.78
Thailand,17-11-2006,32.8,22,27.6,0,7.1,18.4,36502.92
Thailand,18-11-2006,33.2,22.4,28,0,7.3,17.3,36600.87
Thailand,19-11-2006,33.1,23,28,0,5.7,19.1,36602.14
Thailand,20-11-2006,32.8,23.6,28,0.4,5.1,19.8,36120.12
Thailand,21-11-2006,32.5,24.3,27.9,2,8.8,27.4,36299.3
Thailand,22-11-2006,32.4,23.8,27.8,0.3,7.8,22.7,36210.8
Thailand,23-11-2006,32.2,23.6,27.5,0.7,7.4,23.4,36300.3
Thailand,24-11-2006,32.2,23.7,27.6,0.4,6.6,19.1,36000
Thailand,25-11-2006,32.7,23.5,28,0.3,6.4,15.8,36216.01
Thailand,26-11-2006,32.7,23.6,28.2,0.3,8.2,21.6,36220.84
Thailand,27-11-2006,33,22.8,27.6,0,7.7,19.1,36404.17
Thailand,28-11-2006,33.7,22.2,27.8,0,6.6,16.2,36392.33
Thailand,29-11-2006,33.1,22.6,27.9,0,5.4,15.1,36393.09
Thailand,30-11-2006,33.2,23,28.2,0,7.2,23.8,36212.95
Thailand,01-12-2006,33.1,23.7,28.5,0,7,18.4,36303.81
Thailand,02-12-2006,32.6,23.9,28.2,0,14.2,34.2,36212.66
Thailand,03-12-2006,32.3,23.5,27.6,0,18.5,39.6,36396.48
Thailand,04-12-2006,31.8,22.4,26.6,0,18.2,39.2,36582.68
Thailand,05-12-2006,31.8,21.6,26.3,0,18.8,38.5,28918.13
Thailand,06-12-2006,31.2,23.6,27.2,0,16.4,42.1,34481.14
Thailand,07-12-2006,32.9,22.3,27.8,0,8.6,23.4,36115.3
Thailand,08-12-2006,33.7,24,28.5,0.3,11.3,28.1,36113.63
Thailand,09-12-2006,33.3,23.9,28.3,0,14.3,34.9,36593.95
Thailand,10-12-2006,31.9,23.6,27.4,0,19.4,41,36207.05
Thailand,11-12-2006,32.5,23,27.4,0,14.9,34.9,36402.08
Thailand,12-12-2006,32.1,22.1,26.9,0,14.1,32.4,36501.49
Thailand,13-12-2006,32.2,21.3,26.7,0,13,30.2,36702.64
Thailand,14-12-2006,31.3,21.3,26.2,0,15.1,32.4,36301.72
Thailand,15-12-2006,30.9,20.6,25.5,0,14.4,34.2,36912.75
Thailand,16-12-2006,29.2,20.7,24.3,0,20.7,43.9,37021.02
Thailand,17-12-2006,27.6,18,22.4,0,21.2,43.2,37131.54
Thailand,18-12-2006,27.1,17.5,21.9,0,20.5,42.8,36928.17
Thailand,19-12-2006,27.9,17.8,22.2,0,18.6,42.1,37131.69
Thailand,20-12-2006,26.7,17.5,21.7,0,17.6,39.2,36999.19
Thailand,21-12-2006,26.9,16.2,20.8,0,19.6,41.4,37518.66
Thailand,22-12-2006,26.7,13,19.7,0,17.4,38.9,37499.5
Thailand,23-12-2006,26.7,13.1,19.8,0,13.6,33.8,37526.11
Thailand,24-12-2006,27.6,12.9,20.2,0,13.1,33.8,37528.54
Thailand,25-12-2006,28.3,14.6,21.4,0,12.9,32,37532.29
Thailand,26-12-2006,29,14.9,22.2,0,8.3,21.6,37537.38
Thailand,27-12-2006,30,15.8,22.9,0,8.1,23.8,37543.8
Thailand,28-12-2006,29.9,16.2,23.1,0,14.5,34.9,37551.54
Thailand,29-12-2006,28.7,19.3,23.2,0,18.4,40,37497.39
Thailand,30-12-2006,29.4,18.7,23.8,0,16.6,38.2,37003.35
Thailand,31-12-2006,30.2,20,24.7,0,10.6,27.4,37582.66
Thailand,01-01-2007,30.6,19.3,24.9,0,11.1,29.9,37595.64
Thailand,02-01-2007,31,17.6,24.5,0,9.2,17.6,37610.05
Thailand,03-01-2007,31.6,17.5,24.8,0,8,14.8,37626.26
Thailand,04-01-2007,32.6,18.2,25.5,0,8.1,22.7,37643.97
Thailand,05-01-2007,32.2,20.1,25.8,0,16.3,39.6,37663.15
Thailand,06-01-2007,30.4,20.7,25.3,0,20.4,41.4,36700.17
Thailand,07-01-2007,26.9,19.8,23.4,0,18.1,41.4,33051.25
Thailand,08-01-2007,26.8,19.3,22.7,0,19.9,43.9,37728.96
Thailand,09-01-2007,28.6,18.9,23.4,0,17.4,38.2,37753.5
Thailand,10-01-2007,29.8,19,24,0,15,34.9,37779.26
Thailand,11-01-2007,31.8,17.5,24.5,0,10,24.8,37806.2
Thailand,12-01-2007,32.1,17.8,24.8,0,11.9,28.4,37834.25
Thailand,13-01-2007,31.8,19.5,25.4,0,14.2,32.8,37863.38
Thailand,14-01-2007,32.1,20.3,25.9,0,14.5,33.5,37893.54
Thailand,15-01-2007,32.4,19.2,25.9,0,12.6,31,37924.68
Thailand,16-01-2007,33,19.7,26.5,0,11,28.4,37956.75
Thailand,17-01-2007,33.6,20.4,27.2,0,10.3,25.9,37989.71
Thailand,18-01-2007,32.9,22.3,27.1,0,16.6,40,38023.52
Thailand,19-01-2007,32.4,22.9,27.3,0,16.9,38.9,38058.12
Thailand,20-01-2007,31.5,22,26.9,0.1,9.7,25.9,38093.46
Thailand,21-01-2007,32.3,21.5,27.2,0.1,6.7,18.4,38129.51
Thailand,22-01-2007,31.9,24.5,27.3,0.1,13.9,30.6,35042.48
Thailand,23-01-2007,31.4,22.2,26.6,0,14.6,33.1,36075.32
Thailand,24-01-2007,29.6,22.5,25.6,2,20.6,40,38243.41
Thailand,25-01-2007,30.9,21.3,25.7,0,18.4,40.7,38283.65
Thailand,26-01-2007,31.1,20.7,25.6,0,17.7,40.3,38324.94
Thailand,27-01-2007,30,20.7,25,0,23.1,49.3,38367.2
Thailand,28-01-2007,27,19,22.7,0,24.9,50.4,38410.36
Thailand,29-01-2007,27.2,16.4,21.5,0,18.2,40.3,38454.37
Thailand,30-01-2007,28.2,14.4,21.1,0,16.2,37.8,38499.15
Thailand,31-01-2007,27.9,16.1,21.6,0,17,39.2,38544.64
Thailand,01-02-2007,27.7,15.6,21.1,0,23.3,50.8,38590.8
Thailand,02-02-2007,27,16.3,21.1,0,21.4,47.2,38637.54
Thailand,03-02-2007,27.6,15.1,21.2,0,16.1,35.3,38684.82
Thailand,04-02-2007,29.4,13.7,21.8,0,8.9,26.6,38732.56
Thailand,05-02-2007,31,14.5,22.9,0,8.1,25.9,38780.72
Thailand,06-02-2007,31.6,15.8,23.8,0,8.3,24.8,38829.25
Thailand,07-02-2007,31.2,17.7,24.7,0,7.5,22,38878.08
Thailand,08-02-2007,32.2,19.4,26,0,6.5,25.2,38927.16
Thailand,09-02-2007,32.7,20.5,26.8,0,7.7,21.2,38976.44
Thailand,10-02-2007,34.4,20.2,27.6,0,7.6,19.4,39025.87
Thailand,11-02-2007,34.5,20.8,28.1,0,7.9,23,39075.41
Thailand,12-02-2007,33.2,22.9,28,0,8.6,22.3,39125.38
Thailand,13-02-2007,33.3,22.9,27.8,1.2,8,22.7,39176.06
Thailand,14-02-2007,33.9,22.8,28.4,0,10.2,24.5,39227.37
Thailand,15-02-2007,34.1,21.9,28.3,0,13.8,31.3,39279.23
Thailand,16-02-2007,34.6,21.8,28.4,0,13.2,30.6,39331.62
Thailand,17-02-2007,34,21,27.7,0,10.3,27.4,39384.47
Thailand,18-02-2007,33.6,20.4,27.5,0,8.7,22.7,39437.71
Thailand,19-02-2007,35.1,21.6,28.7,0,10.6,20.9,39491.3
Thailand,20-02-2007,35,22.4,29,0,9.5,25.2,39545.2
Thailand,21-02-2007,35.5,22.4,29.4,0,10.7,24.5,39592.7
Thailand,22-02-2007,35.2,24.1,29.8,0.6,10.9,23.8,39600
Thailand,23-02-2007,35.6,24.3,30,0,11,24.8,39600
Thailand,24-02-2007,35.7,25.2,30,1.2,9.3,22.7,39600
Thailand,25-02-2007,35.6,24.9,30,0,9,24.5,39600
Thailand,26-02-2007,35.6,25.8,29.9,1.6,14.3,26.3,39600
Thailand,27-02-2007,33.7,24.3,28.3,6.7,9.5,22.3,39600
Thailand,28-02-2007,34.3,24.3,28.6,1.3,11.6,27.4,39600
Thailand,01-03-2007,33.7,23.6,28.8,0.3,9.7,24.5,39600
Thailand,02-03-2007,34,24.2,28.9,0.6,9.5,26.3,39600
Thailand,03-03-2007,34.9,24.3,29.5,0,10,27.7,39600
Thailand,04-03-2007,35.3,23.6,29.4,0,9.8,21.2,39600
Thailand,05-03-2007,35,23.7,29.6,0,11.9,23.8,39600
Thailand,06-03-2007,36,23.1,29.5,0,10.2,23,39600
Thailand,07-03-2007,36,22.5,29.1,0,11.9,25.9,39600
Thailand,08-03-2007,35.4,22.9,28.8,0,12.7,30.6,39600
Thailand,09-03-2007,34.3,21.6,28.2,0,10.2,27,39600
Thailand,10-03-2007,33.4,23.8,28.4,0.4,8.7,18,39600
Thailand,11-03-2007,34.3,24.9,29.3,0.4,6.6,17.6,39600
Thailand,12-03-2007,34.4,24.8,29.4,0,6.7,17.6,39600
Thailand,13-03-2007,35.3,25.5,29.7,1.9,9,27,39600
Thailand,14-03-2007,36,25.3,30.2,0.2,11.2,28.8,39600
Thailand,15-03-2007,37.6,25,31,0,13,24.8,39657.27
Thailand,16-03-2007,36.9,24.9,30.8,0,12.7,24.1,39725.92
Thailand,17-03-2007,36.8,24.4,30.6,0,12.2,29.5,39798.9
Thailand,18-03-2007,35.6,24.2,30,0.1,12.4,29.5,39797.71
Thailand,19-03-2007,35,24.9,28.7,3.8,12,28.8,39634.71
Thailand,20-03-2007,32.5,23.8,27,2.6,21.6,40,35890.82
Thailand,21-03-2007,32.8,22.8,27.7,0,14,32,39875.69
Thailand,22-03-2007,33.8,23,28.8,0,7.7,21.6,39874.43
Thailand,23-03-2007,35.1,24.6,29.9,0.5,12.3,22,39872.64
Thailand,24-03-2007,35.1,25,30,0.6,11.2,31.7,39961.31
Thailand,25-03-2007,36.7,25.2,30.7,0,12.3,29.5,39774.73
Thailand,26-03-2007,37.6,24.4,30.9,0,13.7,28.8,39864.32
Thailand,27-03-2007,37.6,24.7,31.5,0,12.6,27,40053.73
Thailand,28-03-2007,36.9,26.4,30.9,0.7,11.6,25.9,39545.03
Thailand,29-03-2007,36.7,26.5,30.8,1.7,9.7,25.2,40352.57
Thailand,30-03-2007,36.1,23.8,30.4,1.3,15.2,29.9,40356.2
Thailand,31-03-2007,38,26.7,32.4,0,12.8,29.9,40359.24
Thailand,01-04-2007,38.1,26.7,32.6,0.1,15.7,32.8,40888.05
Thailand,02-04-2007,38.5,26.7,32.5,0,16.5,33.1,40898.1
Thailand,03-04-2007,38,26.5,31.6,0.2,13.7,29.2,40907.45
Thailand,04-04-2007,35,25.7,30.1,0.1,21.7,46.4,41026.09
Thailand,05-04-2007,35.5,25.5,30.2,0.2,14.6,35.3,41035.56
Thailand,06-04-2007,35.7,25.2,30.1,0.3,14.6,35.3,37364.03
Thailand,07-04-2007,35,25.8,29.8,0.4,9.3,28.8,40480.72
Thailand,08-04-2007,35.4,25.2,28.9,3.6,11.2,30.6,38698.45
Thailand,09-04-2007,34.4,25.1,29.4,0.9,10.5,26.6,40832.9
Thailand,10-04-2007,35.3,24.9,29.4,3.8,8,24.5,41310.02
Thailand,11-04-2007,31.5,23.7,27.3,21.9,14.2,28.8,39644.59
Thailand,12-04-2007,32,23.2,27.2,4.1,9,19.8,39254.78
Thailand,13-04-2007,31.7,23.4,27,7.2,6,22.3,36270.58
Thailand,14-04-2007,32.5,24.1,28.3,2.9,8.8,26.3,37617.35
Thailand,15-04-2007,33.2,24.3,28.4,1,7,25.2,40601.96
Thailand,16-04-2007,34.9,24.5,29.8,0.3,11.1,27,41478.47
Thailand,17-04-2007,35,25.4,30.4,0,8.9,28.1,41611.77
Thailand,18-04-2007,35.2,25.6,29.6,20.3,17.3,30.2,41931.36
Thailand,19-04-2007,32.4,24.4,28.5,4.7,10.1,25.6,40470.79
Thailand,20-04-2007,33.8,25.1,29.7,0.1,9.1,22.7,42005.17
Thailand,21-04-2007,34.7,25.8,30.3,0,11.3,27.7,42041.35
Thailand,22-04-2007,35.9,26.3,31.1,0.1,12.8,32.4,42076.98
Thailand,23-04-2007,36.5,26.7,31.7,0,13.6,26.3,42112.02
Thailand,24-04-2007,36.8,26.9,31.7,1.2,14.1,27,42146.39
Thailand,25-04-2007,35.7,26.6,30.1,3.3,18.1,33.5,37756.74
Thailand,26-04-2007,33.8,25.5,29.2,2.6,12,26.6,39901.8
Thailand,27-04-2007,35,25.3,29.8,1.1,12.3,26.6,42245.07
Thailand,28-04-2007,32.5,25.2,28.7,2.3,8.5,23,36819.36
Thailand,29-04-2007,32.4,25.1,28.2,2.6,11,22.3,24015.06
Thailand,30-04-2007,31.3,25.1,27.4,5.5,15.5,36,27601.54
Thailand,01-05-2007,28.3,24.2,26.3,7,14.1,28.8,10603.77
Thailand,02-05-2007,29.8,23.3,26.1,9.6,11.9,29.9,23313.07
Thailand,03-05-2007,30.6,23.8,26.4,11.7,10.4,27.7,25674.19
Thailand,04-05-2007,30.2,24.4,26.6,17.1,11.4,29.9,29884.63
Thailand,05-05-2007,30.2,24.5,26.7,8.7,9.4,28.8,24063.86
Thailand,06-05-2007,28,23.9,25.3,15.5,7.8,23.8,3174.64
Thailand,07-05-2007,28.5,24.2,25.8,12,9.5,24.5,17615.23
Thailand,08-05-2007,31,23.7,26.7,9.9,8.8,20.9,32988.57
Thailand,09-05-2007,31.9,24.1,27.2,5.4,10.9,26.3,39171.24
Thailand,10-05-2007,31.3,24.7,27,9.1,6.3,20.5,26861.48
Thailand,11-05-2007,30,24.3,26.4,14.5,5.9,19.1,18231.2
Thailand,12-05-2007,28.8,24.7,26.2,38.5,7.6,18.7,6060.71
Thailand,13-05-2007,27.9,24.5,25.7,6.2,15.4,32.8,12693.28
Thailand,14-05-2007,30.7,24,26.8,15.4,13.2,25.6,39613.73
Thailand,15-05-2007,30.1,24,26.2,9.7,8.4,18,24741.68
Thailand,16-05-2007,30.5,24,26.8,5,9.8,23.8,36365.84
Thailand,17-05-2007,31.5,24.4,27.1,8.1,9,26.6,42411.17
Thailand,18-05-2007,31.6,24.1,27.4,0.6,11.2,30.2,42721.83
Thailand,19-05-2007,31.6,24.7,27.3,5,12,32.4,40666.75
Thailand,20-05-2007,31.4,24.3,27.9,0.4,12.7,34.2,42747.95
Thailand,21-05-2007,31.6,25.3,28,0.6,15.4,42.8,41906.19
Thailand,22-05-2007,31.9,24.9,27.8,3.6,15.1,39.6,33318.38
Thailand,23-05-2007,32.1,25.2,28.2,1.1,14.4,38.9,41198.32
Thailand,24-05-2007,32,24.1,28.4,0.2,15.1,37.4,42996.02
Thailand,25-05-2007,32.9,24.1,28.7,0,11.2,32.4,43090.48
Thailand,26-05-2007,33.8,24.9,29.2,0.8,10.9,27,43097.23
Thailand,27-05-2007,33.2,25.5,29,3,9.4,26.3,39320.14
Thailand,28-05-2007,32.8,25.8,29,1.6,8.7,24.1,41018.1
Thailand,29-05-2007,32.3,24.9,27.9,8,9.6,23.4,36208.48
Thailand,30-05-2007,31.9,25.2,28,6.5,7.9,24.8,39007.47
Thailand,31-05-2007,32.1,25.2,28.2,0.8,13.4,31.3,42821.22
Thailand,01-06-2007,31.1,25,28,0,9.8,27,34760.77
Thailand,02-06-2007,32.3,24.9,28.4,4.9,10.5,27.7,43211.22
Thailand,03-06-2007,32.2,25.2,28.1,17.9,9.1,23.4,42822.35
Thailand,04-06-2007,31.7,24.8,27.8,13,11.8,27.4,40911.47
Thailand,05-06-2007,31.4,24.8,27.4,1.7,9.2,25.9,35069.37
Thailand,06-06-2007,31.8,24.4,28.3,0.2,11.8,28.8,43107.59
Thailand,07-06-2007,32,25.7,28.7,0.4,10.8,28.8,43203.11
Thailand,08-06-2007,33.2,25.1,29.2,0,11.4,28.1,43199.32
Thailand,09-06-2007,33.4,25.4,29.2,1.5,9,30.2,42891.93
Thailand,10-06-2007,33.8,25.5,29.3,8.5,9.3,29.2,42801.37
Thailand,11-06-2007,33.3,25.6,29.1,12.6,9.9,28.8,42612.33
Thailand,12-06-2007,32.8,25.6,28.6,6.1,7.2,31.7,41042.12
Thailand,13-06-2007,32.7,25.5,28.7,5.7,9.2,26.3,42285.64
Thailand,14-06-2007,32.9,25.5,29.1,2,7.2,27.4,40438.62
Thailand,15-06-2007,32,25.4,28.7,9.8,9.6,28.1,35566.06
Thailand,16-06-2007,32.5,26,29,3,11.5,27.4,41440.79
Thailand,17-06-2007,31,26.1,28.1,3,9.1,23,26708.22
Thailand,18-06-2007,32.4,25.3,27.8,16.1,7.2,22.7,32063.01
Thailand,19-06-2007,32.3,25.2,28.3,5,8.7,30.2,41783.07
Thailand,20-06-2007,32.4,25,27.8,8.4,6.5,30.2,42873.79
Thailand,21-06-2007,32,25.1,28,4.7,7.2,26.6,41420.14
Thailand,22-06-2007,32.4,25.3,28.6,0.6,8,23.4,42843.84
Thailand,23-06-2007,32.9,24.8,28.7,5.3,10.5,22.7,41163.65
Thailand,24-06-2007,32.1,25.2,28.3,2.6,8,22,31469.46
Thailand,25-06-2007,31.2,25.1,27.5,5.4,7.1,19.4,21493.04
Thailand,26-06-2007,30.8,24.5,26.7,10.6,13.7,36.4,20286.69
Thailand,27-06-2007,29.5,25,26.6,9,18.7,50.4,21657.58
Thailand,28-06-2007,28.7,24.7,26.1,15,13.7,45.4,10555.97
Thailand,29-06-2007,28.8,24.3,26.3,4.7,15.9,34.9,6606.88
Thailand,30-06-2007,28.2,24.4,26.3,1.1,13.7,29.9,23790.6
Thailand,01-07-2007,29.6,24.7,26.6,4.5,15.4,43.2,30023.89
Thailand,02-07-2007,30.3,24.3,26.8,8.2,14.4,45.7,34081.05
Thailand,03-07-2007,31.1,24.4,26.7,4.4,14.8,42.5,28236.71
Thailand,04-07-2007,31.5,24.1,27.1,5.8,15.5,43.9,40612.35
Thailand,05-07-2007,31.1,24.7,26.7,14.3,17.7,52.2,38651.62
Thailand,06-07-2007,27.2,24.4,25.9,3.8,12.5,35.3,1600.46
Thailand,07-07-2007,30.4,24.5,26.1,10.9,12.9,33.8,17996.19
Thailand,08-07-2007,31.4,24.3,27.1,4.3,10.6,28.8,39718.41
Thailand,09-07-2007,31.3,23.5,27.4,1.8,10.1,27,43686.87
Thailand,10-07-2007,30.8,24.3,27.2,3.7,10.5,26.3,40342.98
Thailand,11-07-2007,31.3,24.2,27.6,2.2,14.6,36,43083.4
Thailand,12-07-2007,32,25.3,27.7,5.1,15.6,43.9,42499.48
Thailand,13-07-2007,31.2,24.9,27.6,2.3,16.8,47.9,42481.25
Thailand,14-07-2007,31.3,25.3,28,0.5,15.6,45.4,43477.72
Thailand,15-07-2007,31.8,25.2,27.7,7.8,12.1,35.3,40194.68
Thailand,16-07-2007,31,24.7,27.6,8.3,9.4,31,40173.59
Thailand,17-07-2007,28.8,24.6,26.7,4.2,10.2,27.4,18929.67
Thailand,18-07-2007,30,24.7,26.8,4.6,9.4,27,21158.62
Thailand,19-07-2007,31.4,24.3,27.3,12.7,9.9,29.2,39311.48
Thailand,20-07-2007,30.9,24.3,26.9,9.3,7.6,28.1,35933.72
Thailand,21-07-2007,28.9,24.2,26.2,11.7,5.5,21.6,11355.83
Thailand,22-07-2007,31.4,24.3,27.5,1,5.2,18.4,39386.41
Thailand,23-07-2007,32.6,24.8,28.1,8,7.2,21.6,40908.7
Thailand,24-07-2007,29.6,24.6,26.8,3.4,6.6,20.5,17248.88
Thailand,25-07-2007,32.6,22.9,27.7,0,9.7,18.7,42834.16
Thailand,26-07-2007,31.6,23.5,27.7,2.6,6.4,21.2,41374.88
Thailand,27-07-2007,32.3,24.4,28.1,6.2,7.2,22,41270.21
Thailand,28-07-2007,31.8,24.6,27.7,12.3,7.2,20.2,37304.94
Thailand,29-07-2007,31.7,24.8,27.6,9.9,6.2,21.2,41167.64
Thailand,30-07-2007,31.4,24.3,27.7,6.7,10.9,21.6,38011.62
Thailand,31-07-2007,30.3,24.5,26.5,17.3,13.1,25.2,27253.94
Thailand,01-08-2007,30.4,24.1,26.6,9.4,9.8,32.8,38792.2
Thailand,02-08-2007,29.9,24.3,26.6,0,13.7,34.6,30044.26
Thailand,03-08-2007,30,24.1,27,0,8.6,33.5,34859.48
Thailand,04-08-2007,30.2,24.7,26.8,4.8,11,31.3,27321.4
Thailand,05-08-2007,30.9,24,27,11.9,11.7,39.2,38965.42
Thailand,06-08-2007,28.4,24.6,26.1,17.5,17.1,43.6,21737.1
Thailand,07-08-2007,26.8,24.2,25.2,10.7,11.7,38.9,0
Thailand,08-08-2007,27.1,23.6,24.9,20.2,12,43.2,7187.45
Thailand,09-08-2007,26.5,23.9,24.7,17.8,17.7,55.4,162.59
Thailand,10-08-2007,29.3,23.8,26,8.1,18.4,59.8,28689.93
Thailand,11-08-2007,29.1,24.3,25.8,8.7,13.5,52.9,1522.39
Thailand,12-08-2007,31,24,26.6,7.2,15.6,45.4,36050.82
Thailand,13-08-2007,30.7,24.5,27,9.5,12.9,32.8,39501.43
Thailand,14-08-2007,31.3,23.9,27.6,0,12,30.6,42078.04
Thailand,15-08-2007,31.7,24.7,27.9,4.3,11.5,29.2,37592.23
Thailand,16-08-2007,29.6,24.6,26.6,25.1,9.7,34.6,17184.14
Thailand,17-08-2007,29.5,24.6,25.9,7.6,11.2,40.3,22099.42
Thailand,18-08-2007,30.8,23.7,27.1,3,12.2,31.7,39855.04
Thailand,19-08-2007,30.9,23.9,27.4,0.9,9.7,28.1,40863.7
Thailand,20-08-2007,31.5,24,27.7,1.2,9.6,26.6,41237.37
Thailand,21-08-2007,31.3,25,27.4,12.6,10.7,24.1,31847.38
Thailand,22-08-2007,30.8,24.4,26.7,10.9,10.4,29.2,29822.59
Thailand,23-08-2007,30.4,24.5,27,3,7.6,27.4,26903.09
Thailand,24-08-2007,30.2,24.1,26.4,12,6.1,23,28376.7
Thailand,25-08-2007,30.9,24.1,26.8,8.7,10.4,20.9,28845.69
Thailand,26-08-2007,30.6,23.9,26.7,6.1,7.8,19.8,29876.81
Thailand,27-08-2007,31.5,24,27.4,8.5,7.2,18.7,38535.18
Thailand,28-08-2007,30.8,24.4,27,3.6,7.6,19.1,29505.06
Thailand,29-08-2007,28.2,24.5,25.9,13,6.8,17.6,10469.66
Thailand,30-08-2007,28.9,24,26.2,7.7,8.5,20.5,18843.14
Thailand,31-08-2007,29.5,24.2,26.3,8.6,10.9,31.3,28367.79
Thailand,01-09-2007,31,24,27,0.4,11.2,32.8,39990.83
Thailand,02-09-2007,31.3,24.7,27.4,11.3,8.4,28.1,40187.71
Thailand,03-09-2007,30.7,24.5,27,15.3,11.5,25.9,36044.82
Thailand,04-09-2007,29.1,24.5,26.5,6.8,11.3,23.4,14400
Thailand,05-09-2007,30.7,24.4,27,3.5,9,28.8,34459.55
Thailand,06-09-2007,31,24.8,26.9,9.6,7.8,29.9,28627.09
Thailand,07-09-2007,30,23.8,26.4,7.3,10.7,22.3,29835.24
Thailand,08-09-2007,31.3,24.9,28.1,0,10.8,26.6,41684.43
Thailand,09-09-2007,31.3,24.8,27.4,7.5,6.3,27,27245.47
Thailand,10-09-2007,29.5,24.6,26.3,7.1,9.5,28.1,20016.83
Thailand,11-09-2007,29.7,24.2,26.5,11.8,8.3,25.6,20252.86
Thailand,12-09-2007,30.3,24.4,26.6,13.2,5.5,19.8,28657.4
Thailand,13-09-2007,30.4,24.6,27.1,6.4,6.7,21.6,35866.89
Thailand,14-09-2007,30.6,24.3,26.9,9.7,7,16.2,37853.05
Thailand,15-09-2007,30.2,24.3,26.9,13.4,5.6,15.5,29683.93
Thailand,16-09-2007,29.6,24.6,26.1,23.2,8.2,21.6,11465.17
Thailand,17-09-2007,28.9,23.9,25.8,14,6.5,15.8,2325.05
Thailand,18-09-2007,29.7,24.2,26.2,10.7,8,18,26125.31
Thailand,19-09-2007,29.4,24,25.9,28,8.2,22.3,32107.75
Thailand,20-09-2007,27.7,23.9,25.4,52.3,10.5,22,12216.96
Thailand,21-09-2007,29.9,22.6,25.6,0,6.6,14,30146.32
Thailand,22-09-2007,30.1,22,26,0,6.4,16.9,39411.32
Thailand,23-09-2007,30.8,22.2,26.9,0,6.6,13,41122.3
Thailand,24-09-2007,31.4,23.6,27.7,0.2,10.6,25.2,41068.91
Thailand,25-09-2007,31.8,24.6,28,1.1,8.4,22,36292.62
Thailand,26-09-2007,31.6,24.5,27.6,2.3,10.3,24.5,39774.21
Thailand,27-09-2007,30.1,24.5,26.4,9.2,7.3,19.1,19661.8
Thailand,28-09-2007,29.1,23.9,25.7,19.5,7.2,17.6,17636.93
Thailand,29-09-2007,29.4,23.6,26,17.3,6,21.6,33941.76
Thailand,30-09-2007,30.3,23,26.3,2.5,5.4,19.4,39259.05
Thailand,01-10-2007,30.3,23.6,26.7,3.6,6.6,15.5,36528.63
Thailand,02-10-2007,30.9,23.9,26.6,4.3,8.9,19.1,30753.31
Thailand,03-10-2007,30.3,24.4,26.4,20.9,11.5,27.4,13578.5
Thailand,04-10-2007,26.4,24.3,25.1,39,16.5,34.2,0
Thailand,05-10-2007,28.6,24,25.6,16.1,19.5,42.5,6306.99
Thailand,06-10-2007,28.1,24.2,25.5,14,13.6,33.1,15222.91
Thailand,07-10-2007,30.1,23.3,26.4,4,12.8,27,37558.41
Thailand,08-10-2007,27.9,23.3,25.6,1.7,6.2,16.2,15276.12
Thailand,09-10-2007,30.3,23.8,26.4,5.9,5.5,15.5,37126.04
Thailand,10-10-2007,28.7,23.7,25.8,14.5,6.9,21.6,23883.2
Thailand,11-10-2007,28.6,23.3,25.2,36,12.6,25.9,14786
Thailand,12-10-2007,28.6,23.1,25.1,17.8,14.4,30.2,19450.97
Thailand,13-10-2007,28.9,22.9,25.4,13.7,12.6,32.8,28054.37
Thailand,14-10-2007,29.5,23,25.5,15.3,9.8,39.6,29034.08
Thailand,15-10-2007,29.6,22.8,26,0,18.3,41.4,37457.5
Thailand,16-10-2007,29.2,22.9,25.8,0,18,38.5,36273.71
Thailand,17-10-2007,29.3,22.5,25.4,0,11.5,28.4,37230.61
Thailand,18-10-2007,30.4,22.6,25.9,0,12.4,31.3,37955.27
Thailand,19-10-2007,29.9,21.9,25.6,0,16.6,35.6,38499.23
Thailand,20-10-2007,29.7,22,25.3,0,14,33.1,39564.7
Thailand,21-10-2007,29.4,19.8,24.7,0,14,33.1,39614.59
Thailand,22-10-2007,30.5,20.3,25.4,0,14,32.8,38905.21
Thailand,23-10-2007,30.6,22.2,26.2,0,15.6,49,37681.22
Thailand,24-10-2007,30.6,21.7,25.8,0,15.1,34.9,38785.5
Thailand,25-10-2007,30.9,20.8,25.7,0,11.9,29.5,38991.18
Thailand,26-10-2007,31.2,22.1,26.2,0,14.6,38.2,36602.95
Thailand,27-10-2007,31,23.5,27,0,12.4,32.4,36498.19
Thailand,28-10-2007,31.8,22.2,26.9,0,11.3,25.2,37678.2
Thailand,29-10-2007,31.4,22.2,26.8,0,14.7,32.8,38310.29
Thailand,30-10-2007,31.8,22,26.6,0.6,13.4,31.3,37311.93
Thailand,31-10-2007,25.1,22.1,23.6,11.1,6.4,25.6,390.07
Thailand,01-11-2007,28.6,22.5,25.4,0.6,10.7,27.4,36000
Thailand,02-11-2007,27.5,23,24.5,0,16.6,34.6,28985.67
Thailand,03-11-2007,29.2,21,24.7,0,11.2,28.8,36849.04
Thailand,04-11-2007,29.2,21,24.9,0,12,31,36952.88
Thailand,05-11-2007,29.5,19.6,24.3,0,12.9,28.8,37157.58
Thailand,06-11-2007,29.4,19.3,24,0,14.2,31,37544.94
Thailand,07-11-2007,29.5,18.1,23.5,0,14.3,32.8,37734.41
Thailand,08-11-2007,29.4,16.4,22.6,0,12.9,30.2,37726.97
Thailand,09-11-2007,29.5,15,22.4,0,12.6,28.8,37624.71
Thailand,10-11-2007,29.9,17.2,23.7,0,12.5,28.4,36956.61
Thailand,11-11-2007,30.4,20.7,25.4,0,14.6,31.7,36302.02
Thailand,12-11-2007,27.1,22.7,24.3,1.7,18.9,44.6,11675.04
Thailand,13-11-2007,28.3,20.9,25,0,19.7,41.8,21886.66
Thailand,14-11-2007,28.8,23.3,25.8,0,18.8,44.3,27723.88
Thailand,15-11-2007,30.4,23.6,26.5,0,19.1,42.1,30557.08
Thailand,16-11-2007,31.4,20.1,25.6,0,14.6,34.2,36859.67
Thailand,17-11-2007,32.1,18.6,25.6,0,8.4,18.7,36767.92
Thailand,18-11-2007,30.8,21.1,25.2,1.5,10.5,34.2,22629.23
Thailand,19-11-2007,27.9,23.2,24.7,3,12.6,31.7,14020.69
Thailand,20-11-2007,30.9,22.6,26,0,14.6,35.6,36030.52
Thailand,21-11-2007,29.9,21.8,25.4,0.1,15.3,34.6,36091
Thailand,22-11-2007,29.7,19.4,24.5,0,16.6,33.8,33636.29
Thailand,23-11-2007,29.7,19,24.2,0,15.3,34.6,36529.92
Thailand,24-11-2007,29.2,18.1,23.6,0,15.5,36.7,36620.66
Thailand,25-11-2007,29.2,17.6,23.1,0,9.2,25.2,36373.88
Thailand,26-11-2007,29.9,16.9,23.3,0,11,29.2,36644.88
Thailand,27-11-2007,28.6,15.8,22.1,0,16.8,37.4,36713.39
Thailand,28-11-2007,26.9,15,20.7,0,16.6,34.9,36651.02
Thailand,29-11-2007,26.9,13.6,20,0,16.4,36.4,36743.82
Thailand,30-11-2007,26.3,13.8,19.8,0,17.8,36.7,36597.98
Thailand,01-12-2007,27.2,14.9,20.9,0,13.1,30.6,36303.75
Thailand,02-12-2007,28.5,15.2,22.1,0,10,28.1,36121.32
Thailand,03-12-2007,28.6,17.1,23.2,0,16.5,40,34112.06
Thailand,04-12-2007,28.7,19.8,23.8,0,18.5,38.2,36119.71
Thailand,05-12-2007,29.7,19.7,24.4,0,14.5,34.9,36118.7
Thailand,06-12-2007,31.1,22.8,26.1,0,15.5,32.8,33273.04
Thailand,07-12-2007,30.7,21.1,25.6,0,14.9,36.4,36116.2
Thailand,08-12-2007,30.3,20.8,25.3,0,13.8,33.8,33146.74
Thailand,09-12-2007,30.7,19.9,25.2,0,11.3,28.8,36304.86
Thailand,10-12-2007,30.9,20.7,25.6,0,9.8,26.3,30117.44
Thailand,11-12-2007,31.7,20.2,26.2,0,6.6,22,36000
Thailand,12-12-2007,32.2,20.1,26.3,0,8.3,18.4,36698.42
Thailand,13-12-2007,32.5,20,26.4,0,7.1,18,36801.48
Thailand,14-12-2007,32.5,19.9,26.3,0,10.2,27.7,35880.29
Thailand,15-12-2007,32.1,22.6,26.9,0,11.5,29.5,36000
Thailand,16-12-2007,32.1,23.1,27.4,0,13.3,30.2,36505.34
Thailand,17-12-2007,32.8,22.9,27.6,0,12.1,31.3,26848.21
Thailand,18-12-2007,33.6,23.3,28.3,0,11.7,29.5,36295.8
Thailand,19-12-2007,33,22.7,28.1,0,8.6,28.8,32070.24
Thailand,20-12-2007,33.1,22.9,28.1,0,8.8,25.2,37108.36
Thailand,21-12-2007,33,21.1,27.3,0,7.8,22.3,37083.57
Thailand,22-12-2007,33.3,22.4,27.8,0,10.9,28.8,37169.51
Thailand,23-12-2007,33.2,21.2,27,0,11.1,26.3,37035.79
Thailand,24-12-2007,31.9,20,26.3,0,6.2,17.6,37125.49
Thailand,25-12-2007,29.8,22.9,26.1,0,14,33.1,36649.55
Thailand,26-12-2007,30.5,23.4,26.3,0,11.2,26.6,30908.57
Thailand,27-12-2007,30.8,21.6,26,0,11.2,28.8,36368.87
Thailand,28-12-2007,31.3,20.2,26.2,0,10.4,22,37047.29
Thailand,29-12-2007,30.6,22.8,26.2,0,16,37.4,36911.46
Thailand,30-12-2007,30.1,19.3,24.2,0,15,36.7,37566.66
Thailand,31-12-2007,28.6,19.4,23.5,0,21,43.9,37578.95
Thailand,01-01-2008,26.1,17.4,21.3,0,23.1,47.2,37592.67
Thailand,02-01-2008,25,15.2,19.7,0,18.3,38.5,37607.8
Thailand,03-01-2008,26.7,12.9,19.9,0,11.4,29.5,37624.3
Thailand,04-01-2008,28.3,13.4,20.7,0,11.6,27.4,37642.14
Thailand,05-01-2008,29.4,14.6,22.1,0,11.4,30.2,37661.29
Thailand,06-01-2008,29.7,17.4,23.5,0,10.4,27,37681.68
Thailand,07-01-2008,30.8,17.2,24.3,0,6.9,21.6,37703.29
Thailand,08-01-2008,31.3,17.5,24.7,0,8,21.6,37726.09
Thailand,09-01-2008,31.9,18.7,25.6,0,6.6,15.5,37750.02
Thailand,10-01-2008,32.6,19.2,25.9,0,7.5,22,37775.07
Thailand,11-01-2008,32.4,20.3,26,0,7.1,22,37801.18
Thailand,12-01-2008,32.3,19.9,25.8,0,7.6,22.3,37828.32
Thailand,13-01-2008,33.2,18,25.6,0,9.4,21.6,37856.43
Thailand,14-01-2008,31.8,20.1,25.9,0,16.6,36,37885.51
Thailand,15-01-2008,31.6,21.4,25.9,0,15.5,38.5,37915.49
Thailand,16-01-2008,30.2,19.8,24.6,0,19.5,43.2,37946.35
Thailand,17-01-2008,29.9,19,24,0,19.1,40,37978.14
Thailand,18-01-2008,30.7,19.1,24.5,0,16.2,35.3,38011.3
Thailand,19-01-2008,32.3,18.7,25.6,0,9.4,25.6,38045.77
Thailand,20-01-2008,32.8,18.6,26.2,0,10.5,26.6,38081.46
Thailand,21-01-2008,33.5,18.3,26.2,0,7.1,21.6,38118.31
Thailand,22-01-2008,33.7,20,26.7,0,12.3,30.6,38156.27
Thailand,23-01-2008,31.5,20.2,25.4,0,18.8,40.7,38195.25
Thailand,24-01-2008,30.9,19.6,25,0,16.9,39.2,38235.2
Thailand,25-01-2008,27.2,20.5,23.9,1,17.7,39.2,31620.74
Thailand,26-01-2008,30,20.9,25.4,0,12.2,31,31631.95
Thailand,27-01-2008,30.5,23.4,25.6,0.7,14.8,32.4,22974.53
Thailand,28-01-2008,32.8,22.1,27,0.2,12.6,30.2,38403.4
Thailand,29-01-2008,33,23.3,27.6,1.1,9.8,26.3,38447.25
Thailand,30-01-2008,32.7,23.2,27.3,1.2,12.9,33.8,38491.71
Thailand,31-01-2008,31.2,23.4,26.6,1.7,15.5,34.6,35668.48
Thailand,01-02-2008,30.3,22.1,25.9,2.4,14.2,30.2,36763.04
Thailand,02-02-2008,27.5,22,24.2,5,11.5,31.7,35410.2
Thailand,03-02-2008,25.4,19.9,21.5,3.6,14.3,32.8,21068.82
Thailand,04-02-2008,22.3,18.8,20.2,6.3,12.7,27.4,14616.32
Thailand,05-02-2008,29.7,18.3,23.5,0,8,22.3,38767.87
Thailand,06-02-2008,30.8,18.3,24.8,0,13,32,38815
Thailand,07-02-2008,31.6,19.8,25.9,0,12.1,30.6,38862.75
Thailand,08-02-2008,31.4,20.1,25.6,0,14.6,37.4,38911.3
Thailand,09-02-2008,29.5,20.3,24.8,0,19.3,44.3,38960.6
Thailand,10-02-2008,29.6,20.5,24.9,0,14.8,34.9,39010.59
Thailand,11-02-2008,31.8,20.6,26.2,0,13.3,30.6,39061.21
Thailand,12-02-2008,30,22,25.4,0,19.8,42.8,39112.38
Thailand,13-02-2008,28.8,19.4,23.6,0,19.8,38.5,39164.05
Thailand,14-02-2008,29.1,19.7,24.2,0,18,36.7,39216.17
Thailand,15-02-2008,27.6,19.4,23.3,0,19.2,40.7,38435.52
Thailand,16-02-2008,30.5,20.3,25,0,14.4,33.1,39321.53
Thailand,17-02-2008,30.5,21.7,26,0,15.4,35.6,39374.66
Thailand,18-02-2008,30,22.7,25.8,0,18.6,41,39428.02
Thailand,19-02-2008,30.7,20.3,25.3,0,22,46.8,35572.72
Thailand,20-02-2008,29.2,19.2,24.1,0,22.5,47.9,39535.21
Thailand,21-02-2008,30.4,17.9,24,0,16.1,36.4,39588.9
Thailand,22-02-2008,31.7,18.1,25,0,12.4,29.5,39600
Thailand,23-02-2008,32.7,18.4,25.7,0,13.9,32,39600
Thailand,24-02-2008,33.5,19.7,26.8,0,12.4,30.6,39600
Thailand,25-02-2008,34.1,20.8,27.7,0,7.9,26.6,39600
Thailand,26-02-2008,33.2,23.5,28.1,0,8,29.2,39600
Thailand,27-02-2008,30.5,23.7,26.6,0,24.9,51.1,39534.14
Thailand,28-02-2008,29.7,21.1,25.1,0,19.2,40,38328.41
Thailand,29-02-2008,31.3,20.8,25.8,0,16.9,38.2,39600
Thailand,01-03-2008,31.7,20.9,26.1,0,15.6,34.6,38138.51
Thailand,02-03-2008,32.3,21.1,26.6,0,16.2,35.6,39600
Thailand,03-03-2008,32,20.9,26.2,0,20.1,42.5,39600
Thailand,04-03-2008,31.5,19.3,25.1,0,17.9,40,39600
Thailand,05-03-2008,31.9,19,25.3,0,14.7,34.9,39600
Thailand,06-03-2008,32.7,19.3,25.8,0,15,34.2,39600
Thailand,07-03-2008,33.7,21.3,27.1,0,16.3,37.8,39600
Thailand,08-03-2008,32.8,23,27.4,0,19.2,42.5,39600
Thailand,09-03-2008,32.7,22.3,27.2,0,15.9,35.6,39600
Thailand,10-03-2008,33,22.4,27.6,0,9.5,31,39600
Thailand,11-03-2008,33.7,22.9,28.5,0,8.7,25.9,39600
Thailand,12-03-2008,34.1,24.5,29.3,0,7.6,26.3,39600
Thailand,13-03-2008,34.7,24.4,29.5,0.1,6.8,19.1,39600
Thailand,14-03-2008,34.7,24.9,29.7,0.1,7.9,20.9,39658.3
Thailand,15-03-2008,35.6,24.6,29.3,1,7.6,22.3,39653.66
Thailand,16-03-2008,35.1,25.1,29.1,2.7,10.4,24.5,39600
Thailand,17-03-2008,35.2,25,29.9,0.3,8,26.3,39643.08
Thailand,18-03-2008,35.5,25.1,30,0.1,10.4,27.4,39796.66
Thailand,19-03-2008,35.5,24.8,29.7,0.6,10.2,27,39876.54
Thailand,20-03-2008,35.7,24.5,30.1,0.1,9.2,24.8,39876.04
Thailand,21-03-2008,35,25.4,29.8,1,11.8,31.7,39874.96
Thailand,22-03-2008,35.6,24.9,30.1,0.5,11.2,25.2,39961.64
Thailand,23-03-2008,34.3,24.8,28.7,5.1,15.5,42.8,40051.82
Thailand,24-03-2008,33.2,24.6,28.8,0,15.1,31.3,39960.73
Thailand,25-03-2008,34.3,24.4,29.5,0.2,8.3,25.6,39676.55
Thailand,26-03-2008,34.5,25.1,29.1,1.2,9.2,25.6,39861.39
Thailand,27-03-2008,35.2,24.9,29.5,1.3,13.2,32,37904.89
Thailand,28-03-2008,34.7,24.9,29.2,1.8,10,31.3,40052.29
Thailand,29-03-2008,34.5,25,29.4,1.7,12.8,29.9,40457.27
Thailand,30-03-2008,35.9,25.7,29.7,4.3,10.9,28.4,40358.79
Thailand,31-03-2008,34.2,24.4,28.6,4.2,15.7,25.9,39941.38
Thailand,01-04-2008,33.9,24.1,28.6,0.1,6.6,24.1,39830.35
Thailand,02-04-2008,33.9,24.5,28.9,0.5,9.8,27,39600
Thailand,03-04-2008,33.9,24.3,28.3,2.1,7.3,25.2,40036.89
Thailand,04-04-2008,34,24.2,28.5,6.8,9.7,24.5,38828.77
Thailand,05-04-2008,34.1,24.1,28.8,0.5,8.2,20.2,40816.91
Thailand,06-04-2008,30.3,25.6,27.4,6.6,7.7,21.2,16056.72
Thailand,07-04-2008,32.8,24.6,28.1,4.4,6,23,39600
Thailand,08-04-2008,34.2,24.4,29.3,0.3,11.2,29.9,40598.27
Thailand,09-04-2008,34.9,25.6,29.7,1.3,14.3,32.8,41542.3
Thailand,10-04-2008,36,25.7,29.6,1.9,11.2,28.4,40533.4
Thailand,11-04-2008,35.7,25.4,29.5,1.8,14.1,32.4,41687.83
Thailand,12-04-2008,35.6,25.8,30.3,0.4,10.6,28.4,41728.13
Thailand,13-04-2008,34.9,25.8,30.3,0.4,12.1,28.1,39810.87
Thailand,14-04-2008,34.6,25.3,29.8,0.1,13.2,28.8,40973.7
Thailand,15-04-2008,35.4,25,30,1.4,8.6,22,41847.15
Thailand,16-04-2008,35.7,24.4,29.9,0.2,6.4,20.5,41886
Thailand,17-04-2008,36,25.8,30.4,0.8,9.5,28.4,41924.34
Thailand,18-04-2008,35.5,26.1,30.8,0.2,7.2,21.6,41962.1
Thailand,19-04-2008,36.1,26.6,31.3,0.2,9.4,24.8,41999.23
Thailand,20-04-2008,36.3,26.4,31.2,0.5,12.1,27.7,42035.67
Thailand,21-04-2008,36.5,27.1,31.5,0.5,11,25.6,42071.36
Thailand,22-04-2008,37.4,26.5,30.3,8.4,10.3,27.7,41711.01
Thailand,23-04-2008,29.7,24.4,26.8,27.7,10.3,27,18559.61
Thailand,24-04-2008,32.2,25.4,28.3,0,20.6,44.3,41260.88
Thailand,25-04-2008,31.1,25.2,27.7,1.2,11.9,28.1,38343.52
Thailand,26-04-2008,32,24.1,27.7,0.4,13,29.5,40524.86
Thailand,27-04-2008,32.5,24.4,27.9,6.1,8,22.3,42266.66
Thailand,28-04-2008,31.7,24.7,27.3,6,9,22.7,29815.8
Thailand,29-04-2008,29.7,24.1,25.8,25.4,10.8,24.1,14172.02
Thailand,30-04-2008,31.3,23.7,26.8,8.9,10.2,28.8,32774.2
Thailand,01-05-2008,28.5,24.5,25.6,25.5,14.3,33.1,2837.02
Thailand,02-05-2008,31.5,24.3,27.1,12.3,14.9,34.9,39115.05
Thailand,03-05-2008,31,24.5,27,11.2,15.9,43.2,29753.6
Thailand,04-05-2008,31.9,24.5,27.2,11.3,16.4,37.8,39630.07
Thailand,05-05-2008,31.5,24.5,27.4,6.6,9.4,27,40573.04
Thailand,06-05-2008,32.2,24.6,28.2,1.5,7.7,24.1,42510.3
Thailand,07-05-2008,32.5,24.5,28.3,1.7,7.4,24.1,42533.78
Thailand,08-05-2008,32.6,24.7,28.6,0,8,24.1,42556.44
Thailand,09-05-2008,32.8,24.4,28.6,1.1,10.4,23,42639.53
Thailand,10-05-2008,32.3,24.5,27.6,15.6,11.3,29.9,36920.92
Thailand,11-05-2008,27,22.9,25,13.6,14.9,29.2,12060.24
Thailand,12-05-2008,28.2,23.9,25.7,8.2,17.8,36.7,21201.05
Thailand,13-05-2008,26.4,23.8,24.7,23.9,16.6,32.8,12408.21
Thailand,14-05-2008,27.7,23.6,25.3,11.7,12.8,35.3,30920.6
Thailand,15-05-2008,29.6,23.5,26.2,8.5,8.6,22,34167.89
Thailand,16-05-2008,30.4,23.6,26.4,18.8,12.5,30.2,40148.78
Thailand,17-05-2008,31.2,24.1,26.7,8.3,13.5,40,40227.21
Thailand,18-05-2008,30.4,24.1,26.7,9.6,15.4,43.2,31932.7
Thailand,19-05-2008,30.7,24,26.3,13.7,14.4,37.1,30517.3
Thailand,20-05-2008,30.4,23.6,26.1,7.1,10.4,29.2,31202.47
Thailand,21-05-2008,30.7,23.6,26.6,12.1,6.4,23.4,40710.87
Thailand,22-05-2008,31.1,24.2,27.4,3.1,8.2,24.8,42660.96
Thailand,23-05-2008,31,24,27.4,2.7,10.6,26.6,41463.32
Thailand,24-05-2008,31.1,24.3,27.1,5.4,10.7,25.9,40953.18
Thailand,25-05-2008,31,24.3,27.3,0.1,11.9,26.6,38131.92
Thailand,26-05-2008,31.2,24.9,27.5,2.3,10.4,25.9,41169.85
Thailand,27-05-2008,31.6,24.9,28,2.7,12.6,30.2,42809.28
Thailand,28-05-2008,30.7,24.7,27,19.2,13.4,33.1,34953.12
Thailand,29-05-2008,30.7,24.4,26.6,19.5,12.6,33.8,34601.56
Thailand,30-05-2008,31.3,24,27.1,8.1,11.5,24.5,42819.66
Thailand,31-05-2008,30.2,24,26.8,0.8,10.1,24.8,26167.21
Thailand,01-06-2008,31.1,24.1,27.8,0.1,10.5,25.6,41376.02
Thailand,02-06-2008,31.6,24.8,27.5,6.9,10.7,26.6,39659.74
Thailand,03-06-2008,31,24.4,26.9,13.7,9.8,26.3,36668.72
Thailand,04-06-2008,29.1,24,26,11.6,9.8,32.8,15629.96
Thailand,05-06-2008,31.5,23.9,27.2,10.2,9.8,31,39643.69
Thailand,06-06-2008,30.9,24.5,26.9,25.3,12.7,41,33269.19
Thailand,07-06-2008,31,23.9,27.4,7.8,8.8,29.5,42441.66
Thailand,08-06-2008,31.2,24.7,26.9,19.3,8,25.9,35239.12
Thailand,09-06-2008,30.3,24.4,26.8,3,6,12.6,26076.41
Thailand,10-06-2008,31.9,24.6,27.8,22.9,7.9,22,42798.98
Thailand,11-06-2008,32,24.2,27.4,9,7.2,23,37090.06
Thailand,12-06-2008,29.9,24.3,26.6,26.2,10.2,28.1,28880.34
Thailand,13-06-2008,29.9,24,26.1,9.1,14.4,38.2,23020.77
Thailand,14-06-2008,29.7,24.6,26.4,9.2,20.8,50.8,34809.87
Thailand,15-06-2008,29.2,24.4,26.4,4.9,15.6,47.2,22140.38
Thailand,16-06-2008,30.7,24.4,26.9,8.3,17,43.9,39918.64
Thailand,17-06-2008,30.3,24.4,26.5,36.4,12.3,40,33398.41
Thailand,18-06-2008,29,24.2,26.1,5.4,11,29.5,6281.49
Thailand,19-06-2008,28.8,24.1,26,4.6,11.5,29.5,14049.75
Thailand,20-06-2008,29.1,24,26.2,2,8.3,23.8,17909.08
Thailand,21-06-2008,30.5,24.1,26.9,13.3,11.2,25.2,41136.14
Thailand,22-06-2008,30.5,24,26.9,5.2,9.5,24.1,42603.43
Thailand,23-06-2008,31.1,24.2,27.6,0,10.2,27,43697.11
Thailand,24-06-2008,31,24.2,28,0.2,10,24.8,43464.32
Thailand,25-06-2008,31.7,24.6,27.8,1.2,10.9,27.4,42897.37
Thailand,26-06-2008,31.3,24.7,27.4,5.9,12.5,28.4,39872.53
Thailand,27-06-2008,30.8,24.1,27.3,0.7,9.5,28.1,42979.97
Thailand,28-06-2008,30.5,24.8,27.4,0.3,11.8,28.4,33498.5
Thailand,29-06-2008,30.6,24.6,27.6,0,6.8,27,31451.51
Thailand,30-06-2008,31.4,24.9,27.4,11,9.8,31.3,40099.14
Thailand,01-07-2008,29.1,24.1,26.5,8.3,9.2,21.6,30027.58
Thailand,02-07-2008,28.1,23.9,25.3,19.1,11.2,27.7,4879.16
Thailand,03-07-2008,29.4,24,26.1,4.4,12,31.3,25568.76
Thailand,04-07-2008,30.7,24,26.6,6.1,11.9,27.4,40978.44
Thailand,05-07-2008,29,23.9,26.4,1.4,10.5,33.1,30794.94
Thailand,06-07-2008,29.7,23.8,26.5,3.6,10.5,33.5,33835.01
Thailand,07-07-2008,28.9,24.2,26.1,5.4,12.4,38.9,18018.75
Thailand,08-07-2008,28.1,24,25.7,3,11.5,27.4,2101.13
Thailand,09-07-2008,29.7,24.4,26,16.8,14.1,34.6,30053.79
Thailand,10-07-2008,28.4,24.2,25.8,1.8,13.2,36,20463.24
Thailand,11-07-2008,28.9,23.2,25.9,0,9.9,34.2,28543.83
Thailand,12-07-2008,30.6,23.8,27.1,0.1,10.1,25.9,40917.43
Thailand,13-07-2008,30.9,24.8,27.4,2.7,10.5,29.5,37803.8
Thailand,14-07-2008,31.6,24.2,27.4,7.2,10.3,31.7,40072.5
Thailand,15-07-2008,31.3,24.6,27.5,3,9.5,30.6,35339.25
Thailand,16-07-2008,30.8,24.4,27.3,3.4,10.2,33.5,36616.44
Thailand,17-07-2008,30.3,25,27.2,0.3,12.2,30.6,33486.02
Thailand,18-07-2008,31.4,24.8,27.2,6.5,14.1,33.8,33482.73
Thailand,19-07-2008,30.8,24.4,26.6,18.7,9.2,28.1,23483.49
Thailand,20-07-2008,27.9,24.1,25.5,20.1,10,22.7,5793.43
Thailand,21-07-2008,31.1,23.6,27.4,0.9,9.4,24.8,42841.5
Thailand,22-07-2008,30.6,23.7,27.1,2.4,10.2,24.5,42155.96
Thailand,23-07-2008,29.9,23.8,26.6,2,10.3,40.3,33125.93
Thailand,24-07-2008,29.5,24.1,26.2,4.3,11.2,36.4,28081.51
Thailand,25-07-2008,29.9,23.9,26.1,4.2,14.9,36.7,37353.52
Thailand,26-07-2008,30.3,24,26.2,7.4,12.7,37.4,38532.3
Thailand,27-07-2008,30.5,23.9,26.8,5.7,12.4,34.6,42100.3
Thailand,28-07-2008,29.5,24,26.3,1.5,15.1,42.8,35041.07
Thailand,29-07-2008,30.7,24.1,26.9,10.5,12.1,43.2,41565.62
Thailand,30-07-2008,31,24,26.8,21.5,11.5,33.5,36882.74
Thailand,31-07-2008,28.7,24,25.8,10.2,10.2,21.6,13888.66
Thailand,01-08-2008,29.3,24.2,26.2,16.1,10.5,24.5,32934.63
Thailand,02-08-2008,27.2,24.3,25.7,5.2,10.8,29.9,6948.71
Thailand,03-08-2008,30.2,23.4,26.4,15,8.4,26.6,37100.11
Thailand,04-08-2008,30.2,23.7,26.5,3.8,8.4,30.2,34166.25
Thailand,05-08-2008,29.9,23.7,26.7,4.3,13.5,40.3,34225.12
Thailand,06-08-2008,28,23.8,25.4,16,13.4,36,10561.46
Thailand,07-08-2008,28.2,24.1,25.9,7.7,17.3,47.2,31733.26
Thailand,08-08-2008,28.2,24.3,25.8,4.3,21.8,57.6,17100.81
Thailand,09-08-2008,29.5,24,26.3,4.4,18.6,54.4,26505.36
Thailand,10-08-2008,30.2,24.1,26.5,19,14.4,47.2,31459.41
Thailand,11-08-2008,26.9,24,25.4,13,11.4,24.5,87.14
Thailand,12-08-2008,27,24,25,20.9,12.1,25.2,0
Thailand,13-08-2008,27,23.5,24.9,24.6,12.8,32,2093.7
Thailand,14-08-2008,30,23.4,26.1,9.4,9.7,26.6,38560.34
Thailand,15-08-2008,30,23.6,26.6,2.1,11.3,28.4,41501.5
Thailand,16-08-2008,31.1,23.5,26.9,4.3,12.6,32.8,41858.34
Thailand,17-08-2008,30.3,23.3,26.4,7.3,8.7,28.8,36092.24
Thailand,18-08-2008,30.8,24.2,26.9,10.9,12.9,36.4,38273.79
Thailand,19-08-2008,30.7,23.6,26.6,4.4,8.7,30.2,31373.8
Thailand,20-08-2008,30.9,23.7,26.9,9.4,5.8,25.9,37622.14
Thailand,21-08-2008,30.4,24.2,26.9,21.5,8.2,22.7,38538.41
Thailand,22-08-2008,31,23.9,26.7,16.6,8.9,24.8,36557.62
Thailand,23-08-2008,31,24.1,27.2,3.2,9.7,24.5,40421.88
Thailand,24-08-2008,31.2,24.4,27.2,3.9,8,26.6,34979.82
Thailand,25-08-2008,31.5,24.4,27.6,2.3,10.1,23.4,39600
Thailand,26-08-2008,31.6,24.2,27.9,2,6.6,20.2,39385.86
Thailand,27-08-2008,31.5,24.6,27.4,12.2,8,23,34781.4
Thailand,28-08-2008,31,23.7,26.9,9.2,8.4,25.6,36504.16
Thailand,29-08-2008,31.1,24.4,27.3,3.7,11.7,25.6,40602.85
Thailand,30-08-2008,31.1,24.3,27,12.7,8,25.2,34531.36
Thailand,31-08-2008,31.6,24.2,27.4,10.6,7.6,22.7,41334.21
Thailand,01-09-2008,31.3,23.8,27.3,5.7,6.6,25.2,41088.41
Thailand,02-09-2008,30.8,24.2,27.2,0.8,7.4,20.5,37536.77
Thailand,03-09-2008,31.5,24.3,27.6,2.3,7.4,22.7,41446.65
Thailand,04-09-2008,31.3,24.7,27.4,7.9,5.8,20.2,33170.16
Thailand,05-09-2008,30.1,24.2,27.2,2.6,6.2,16.6,37788.74
Thailand,06-09-2008,28.7,24.9,26.4,3.4,5.4,14,13502.75
Thailand,07-09-2008,30.9,23.5,26.1,23.7,8.3,24.1,26363.67
Thailand,08-09-2008,31.2,23.4,26.6,4.2,8.4,20.2,32540.14
Thailand,09-09-2008,30.9,23.5,26.6,4.8,6.6,21.6,35685.74
Thailand,10-09-2008,31.9,23,26.9,8.3,9.7,26.3,41198.05
Thailand,11-09-2008,29,24.3,26.2,30.1,7.6,31,22946.26
Thailand,12-09-2008,26.5,24.1,24.7,53.2,11.5,24.8,0
Thailand,13-09-2008,27.4,23.7,25.3,19.1,13.5,38.5,5868.32
Thailand,14-09-2008,27.7,23.4,25.4,3.1,8.4,34.2,25815.76
Thailand,15-09-2008,28.9,24,26.2,14.1,9.9,25.9,35970.72
Thailand,16-09-2008,27.2,23.9,25.2,12.6,10.2,28.8,1921.86
Thailand,17-09-2008,29.5,23.6,25.5,10.1,11.1,34.2,19813.17
Thailand,18-09-2008,28.3,23.4,25.8,9.7,6.9,22.3,18797.44
Thailand,19-09-2008,29.6,23.2,25.8,16.5,7.8,18.7,30963.8
Thailand,20-09-2008,29.5,23.7,25.4,19.4,8.6,24.1,26886.8
Thailand,21-09-2008,28.2,23.5,25.2,14.2,8.1,27,20465.61
Thailand,22-09-2008,29.6,23,26.1,0.5,13.1,38.5,39846.95
Thailand,23-09-2008,30.6,23.2,27,0,16.3,44.6,40984.1
Thailand,24-09-2008,30.8,23.6,27.1,2.4,14.8,41.4,38112.54
Thailand,25-09-2008,29.4,23.8,26.5,0,14.3,32,33578.42
Thailand,26-09-2008,29.4,23.5,26.1,5,14.6,39.2,30889.93
Thailand,27-09-2008,30.5,23.6,26.7,2.6,6.9,22,34253.74
Thailand,28-09-2008,30.8,23.6,26.1,6.9,10.5,22,30889.51
Thailand,29-09-2008,30,23.9,26.6,1.3,10.1,24.8,28267.25
Thailand,30-09-2008,30.3,24.1,26.7,11,10.2,25.2,22059.13
Thailand,01-10-2008,29.1,23.7,25.7,14.4,10.8,26.3,28071.33
Thailand,02-10-2008,30.4,23.5,26.2,2.6,6.2,23.8,30367.47
Thailand,03-10-2008,30.4,23.4,26,7.1,5.2,18,37728.07
Thailand,04-10-2008,30.7,23.3,26.4,8.4,7.9,20.5,37746.67
Thailand,05-10-2008,30.5,23.1,26.7,8,7.2,18,40066.56
Thailand,06-10-2008,30,23.5,26.3,9.6,6.3,15.5,33799.74
Thailand,07-10-2008,28.4,23.4,25.2,11.1,6.6,23.4,26033.61
Thailand,08-10-2008,29.4,22.5,25.5,6.3,5.5,18.7,29923.8
Thailand,09-10-2008,30.6,23.3,26.2,2.9,6.6,22,37876.58
Thailand,10-10-2008,31.5,23.2,26.9,2.5,12.4,28.4,37996.23
Thailand,11-10-2008,31.3,23.5,26.9,1.4,11.2,32.8,38652.92
Thailand,12-10-2008,31.1,23.2,27.2,0,7.9,22.7,38953.99
Thailand,13-10-2008,31.2,22.1,26.8,0,7.7,19.8,38684.77
Thailand,14-10-2008,30.7,22.7,26.8,0,7.7,19.4,39176.11
Thailand,15-10-2008,31,22.7,26.9,0,10.7,23.4,39078.54
Thailand,16-10-2008,30.6,23.5,26.8,1.1,10.9,32.8,38613.94
Thailand,17-10-2008,30.4,23.3,26.5,1.1,13.6,34.9,33820.91
Thailand,18-10-2008,28.8,23.6,26.1,6.8,14.4,36.7,27553.06
Thailand,19-10-2008,30.9,24.2,26.6,6.3,5.6,29.5,32990.15
Thailand,20-10-2008,31.1,23.6,26.8,1.6,12.6,30.6,38358.37
Thailand,21-10-2008,30.9,23.8,27.2,2.1,8.5,21.2,38356.77
Thailand,22-10-2008,31.4,23.8,26.9,3.3,6.8,19.8,36894.66
Thailand,23-10-2008,31.3,23.7,27.1,1.1,5.4,19.1,35239.73
Thailand,24-10-2008,30,24.2,26.4,5.2,12.5,29.2,33203.6
Thailand,25-10-2008,29.8,23.9,26.6,6,16.3,41,32424.24
Thailand,26-10-2008,29.2,23.8,26.1,9.1,20.6,43.9,27400.62
Thailand,27-10-2008,29.6,23.7,25.9,8.9,12.4,40,36464.99
Thailand,28-10-2008,29.6,23.1,26.2,0.6,10.9,24.8,36722.56
Thailand,29-10-2008,30.4,23.1,26.7,0.1,10.4,23.8,37047.12
Thailand,30-10-2008,29.1,24.5,26.2,12.6,8.8,24.5,21106.23
Thailand,31-10-2008,25.6,23.7,24.7,51.9,5,15.5,0
Thailand,01-11-2008,28.1,23.6,25.4,64.4,10.3,25.2,27840.43
Thailand,02-11-2008,29.5,22.8,25.8,0.3,8.2,22.3,36073.92
Thailand,03-11-2008,29.5,22.3,25.7,1.5,5.8,19.4,34398.38
Thailand,04-11-2008,28.6,23.3,25.4,3.1,11.7,26.6,35917.43
Thailand,05-11-2008,28.7,23.3,25.6,4.4,9.6,27.4,32260.53
Thailand,06-11-2008,29.6,22.7,25.4,5.4,7.3,22.3,33117.4
Thailand,07-11-2008,30.9,22.8,26.2,2,6.2,21.2,31502.95
Thailand,08-11-2008,30,23.3,26.3,1.7,12.6,39.2,33859.22
Thailand,09-11-2008,28.7,21.1,24.8,0,14.5,31.3,37050.62
Thailand,10-11-2008,27,16.8,22,0,16.4,33.1,36862.3
Thailand,11-11-2008,26.1,17.3,21.3,0,15,32.4,36663.6
Thailand,12-11-2008,26.3,14.7,20.6,0,14,31.3,37136.61
Thailand,13-11-2008,26.7,15.6,20.8,0,13.4,30.6,37222.6
Thailand,14-11-2008,27.2,15,20.9,0,10.4,25.9,37037.62
Thailand,15-11-2008,29.5,17.2,23.2,0,8.4,20.5,34209.18
Thailand,16-11-2008,30.3,21.6,25.7,0,10.5,29.2,36332.2
Thailand,17-11-2008,30.9,22.3,26.2,0,12.4,27.7,36129.2
Thailand,18-11-2008,29.2,20.3,24.8,2,15,36,29906.52
Thailand,19-11-2008,28.4,22.8,25.2,0,24.4,52.9,36000
Thailand,20-11-2008,27.6,20.7,23.7,1,17.7,34.6,34180.58
Thailand,21-11-2008,29.1,18.9,23.9,0,12,28.1,35578.16
Thailand,22-11-2008,30.2,19.9,24.7,0,13.5,32,33301.4
Thailand,23-11-2008,30.6,20.5,25.4,0,12.9,32.8,35438.96
Thailand,24-11-2008,30.3,21.2,25.5,0,19.3,42.5,36105.82
Thailand,25-11-2008,29.8,21.7,25.3,0,14,33.8,36212.23
Thailand,26-11-2008,29.7,21.5,25.2,0,13.4,32.8,36391.45
Thailand,27-11-2008,28.5,21.7,24.4,0,19.5,43.9,36407.43
Thailand,28-11-2008,27.5,18.6,22.3,0,17.8,37.1,36321.88
Thailand,29-11-2008,26.8,15.9,20.7,0,15.8,36,36596.34
Thailand,30-11-2008,26.2,15.4,20.1,0,17.1,36,36419.54
Thailand,01-12-2008,26.6,14,19.7,0,13.7,34.2,36577.16
Thailand,02-12-2008,26.5,14.4,20.1,0,13.7,31.3,36578.91
Thailand,03-12-2008,27.7,14.3,20.9,0,8,16.6,36580.83
Thailand,04-12-2008,29.5,15.3,22.4,0,8.1,21.6,36582.92
Thailand,05-12-2008,29,17.8,22.9,0,19.5,41.4,36304.99
Thailand,06-12-2008,27.2,18.7,22.6,0,16.2,34.9,36399.18
Thailand,07-12-2008,28.3,18.2,22.7,0,14.1,33.1,36494.88
Thailand,08-12-2008,28.6,18.3,23,0,14.7,36.4,36496.46
Thailand,09-12-2008,27.1,16.9,21.7,0,13.2,29.5,36304.55
Thailand,10-12-2008,27.4,13.9,20.7,0,8.6,24.5,36792.5
Thailand,11-12-2008,27.5,14.6,21.1,0,13.2,32,36895.53
Thailand,12-12-2008,28,15.3,21.7,0,10,23.8,36900.95
Thailand,13-12-2008,29.4,15.2,22.5,0,7.9,16.6,36906.32
Thailand,14-12-2008,29.1,17.3,22.9,0,15.8,37.4,36911.68
Thailand,15-12-2008,28.4,17,22.6,0,15.4,34.6,36916.94
Thailand,16-12-2008,28.8,16.9,22.7,0,12.3,29.5,36714.04
Thailand,17-12-2008,28.4,17.2,22.6,0,13.6,32.4,37032.26
Thailand,18-12-2008,27.6,16.4,21.9,0,14.3,33.8,37243.41
Thailand,19-12-2008,27.2,15.4,21.1,0,13.9,32.8,37327.57
Thailand,20-12-2008,28.1,15.1,21.2,0,11.5,28.4,37306.25
Thailand,21-12-2008,28.6,16.2,22.4,0,8.5,22.7,36079.38
Thailand,22-12-2008,29.5,17.3,23.2,0,14.7,34.6,37155.55
Thailand,23-12-2008,28.9,20.4,24,0,18.3,40.7,37135.58
Thailand,24-12-2008,28.7,18.2,23.1,0,16.1,36,36323.86
Thailand,25-12-2008,29.4,17.6,23.4,0,11.6,27.7,35952.85
Thailand,26-12-2008,28.2,21.3,24.2,0,13.3,31.3,32454.76
Thailand,27-12-2008,26.9,21.1,23.6,0.9,10.8,25.2,34007.55
Thailand,28-12-2008,29.1,18.4,23.9,0,8.1,22.7,27349.43
Thailand,29-12-2008,29.2,19.8,24.6,0,9.9,30.2,32108.49
Thailand,30-12-2008,30,19,24.8,0,10.5,28.4,36519.66
Thailand,31-12-2008,29.6,20.8,24.8,0,15.2,33.8,36618.52
Thailand,01-01-2009,27.3,19.5,23.2,0.4,20.4,42.1,32717.17
Thailand,02-01-2009,26.4,19.9,22.1,0,17.5,35.3,19168.46
Thailand,03-01-2009,28.5,18,22.5,0,14.4,33.8,37639.57
Thailand,04-01-2009,29.2,16.4,22.8,0,10.9,27.4,36663.7
Thailand,05-01-2009,29.7,16.5,23,0,12.2,29.5,37677.41
Thailand,06-01-2009,29.9,16.9,23.3,0,13,30.6,37698.07
Thailand,07-01-2009,29.9,17,23.5,0,11.4,28.1,37719.86
Thailand,08-01-2009,29.2,18.9,23.7,0,16.8,38.5,37742.75
Thailand,09-01-2009,26.3,18,21.8,0,21.4,45.7,37766.7
Thailand,10-01-2009,24.5,15.4,19.6,0,20.2,42.1,37791.71
Thailand,11-01-2009,24.7,12.3,18.3,0,15.2,34.9,37817.82
Thailand,12-01-2009,25.7,10.8,18.3,0,17.1,38.2,37845.51
Thailand,13-01-2009,25,14.3,19,0,22.2,46.4,37874.59
Thailand,14-01-2009,24.7,13.4,18.6,0,19.2,41.8,37905.01
Thailand,15-01-2009,24.8,13.1,18.5,0,18.1,41,37936.69
Thailand,16-01-2009,25.6,12.1,18.9,0,14.9,36,37969.59
Thailand,17-01-2009,27,13.2,20,0,11.6,30.6,38003.64
Thailand,18-01-2009,28,13.5,20.9,0,8.2,22.7,38038.77
Thailand,19-01-2009,28.9,14.3,21.9,0,9,17.6,38074.94
Thailand,20-01-2009,29.9,14.9,22.8,0,8.9,18.4,38112.07
Thailand,21-01-2009,31,15.9,23.8,0,8,22,38150.11
Thailand,22-01-2009,30.6,16.7,23.9,0,8.2,24.8,38189
Thailand,23-01-2009,31.7,15.8,24.1,0,6.8,20.9,38228.67
Thailand,24-01-2009,30.4,19.3,24.3,0,21.1,47.9,38269.09
Thailand,25-01-2009,29.2,18,23.5,0,19.5,41,38310.19
Thailand,26-01-2009,31.7,17.6,24.8,0,9,24.1,38351.9
Thailand,27-01-2009,30.9,20.9,25.3,0,15.7,39.2,38130.93
Thailand,28-01-2009,31.3,19.7,25.7,0,11,26.6,38436.98
Thailand,29-01-2009,31.9,18.9,25.8,0,7.2,19.8,38480.24
Thailand,30-01-2009,31.1,20.8,25.7,0,16.1,36.4,38523.91
Thailand,31-01-2009,31.1,19.4,25.9,0,11.1,27.4,38568
Thailand,01-02-2009,31.6,20.7,26.2,0,5.9,22,37974.73
Thailand,02-02-2009,31.4,21,26.2,0,11.3,28.1,38658.71
Thailand,03-02-2009,31.8,22.3,26.8,0,13.4,32.4,38705.41
Thailand,04-02-2009,31.5,21.5,26.4,0,10.7,22.7,38752.92
Thailand,05-02-2009,30.8,23,26.7,0,6.4,18,38801.17
Thailand,06-02-2009,31,22.6,26.2,0,16.8,35.3,38850.09
Thailand,07-02-2009,30.6,21.4,25.8,0,12.7,28.4,38899.63
Thailand,08-02-2009,31.9,19.4,26,0,13,28.8,38949.73
Thailand,09-02-2009,32.9,20,26.6,0,12.7,31.3,39000.32
Thailand,10-02-2009,32.6,19.6,26.2,0,12.3,31.3,39051.36
Thailand,11-02-2009,32.2,19.2,26.1,0,9.8,27,39102.78
Thailand,12-02-2009,33.5,19.5,26.9,0,11.5,27,39154.52
Thailand,13-02-2009,33.6,20.3,26.9,0,12.1,28.8,39206.52
Thailand,14-02-2009,33.9,18,26.1,0,9.3,18.4,39258.76
Thailand,15-02-2009,34.2,18.2,26.5,0,7.1,20.9,39311.14
Thailand,16-02-2009,34,20.7,27.2,0,8.6,17.3,39363.66
Thailand,17-02-2009,35.2,21.3,28.5,0,8.6,20.2,39416.22
Thailand,18-02-2009,33.6,24.8,28.4,1.2,9.8,24.1,37402.35
Thailand,19-02-2009,34.3,23.7,29,0,7.4,23.8,39521.34
Thailand,20-02-2009,34.9,25.8,30,0.2,5.8,19.1,39573.79
Thailand,21-02-2009,34.3,25.3,29.7,0.3,11.8,20.9,39600
Thailand,22-02-2009,34.2,24.8,28.7,1.3,10.1,26.3,39578.65
Thailand,23-02-2009,34.6,24.3,28.7,1.4,10,27,39600
Thailand,24-02-2009,35.4,22.9,29.4,0,9.5,27,39600
Thailand,25-02-2009,35.4,23.6,29.8,0.1,10.2,25.6,39600
Thailand,26-02-2009,35.2,23.8,29.7,0.4,9.1,21.6,39600
Thailand,27-02-2009,35.1,24.7,29.7,0.3,10.2,24.8,39600
Thailand,28-02-2009,35.3,24.5,29.7,1,9.2,22.7,39600
Thailand,01-03-2009,33.1,24.4,27.8,2.3,14.8,33.1,37133.55
Thailand,02-03-2009,33.5,23.7,28.5,0.2,13.2,31.7,39600
Thailand,03-03-2009,33.6,24.2,28.6,0.1,10.7,29.9,39600
Thailand,04-03-2009,34.5,24.8,29.4,0.1,11.1,26.6,39600
Thailand,05-03-2009,35.2,24.6,29.7,0,14.1,32,39600
Thailand,06-03-2009,35.3,23.6,29.7,0,11.7,26.6,39600
Thailand,07-03-2009,36.6,22.7,29.9,0,10.1,25.9,39600
Thailand,08-03-2009,34.7,23.8,29.5,0,9.7,27.4,39600
Thailand,09-03-2009,35.4,24.4,30,0,10,20.2,39600
Thailand,10-03-2009,34.8,25.3,29.9,0.6,10,25.2,39600
Thailand,11-03-2009,35.4,25.4,30.2,0.4,12.9,27,39600
Thailand,12-03-2009,35.4,24.6,29.6,1.3,12.3,28.1,39602.45
Thailand,13-03-2009,35.2,25,29.9,0.3,12.3,22.7,39600
Thailand,14-03-2009,27.4,19.6,23.8,36.3,28.1,55.8,33984.64
Thailand,15-03-2009,29.1,19.7,24.3,0,11.2,27.7,39600
Thailand,16-03-2009,31.1,20,25.7,0,8.2,20.5,39600
Thailand,17-03-2009,32.8,20.9,27.3,0,7.9,20.2,39600
Thailand,18-03-2009,31.8,24.8,27.7,0.2,7.8,21.6,31407.59
Thailand,19-03-2009,32.1,24.1,27,3.8,5.8,19.1,27540.89
Thailand,20-03-2009,31.3,24,27,15.6,7.8,24.5,35861.29
Thailand,21-03-2009,31.7,23.2,26.9,3.4,7.3,22.7,37464.12
Thailand,22-03-2009,32.4,23.6,27.8,0.6,10,29.2,39785.61
Thailand,23-03-2009,33.6,23.9,28.7,0,7.8,24.8,39871.46
Thailand,24-03-2009,34,24.6,28.5,4,7.5,20.9,40052.94
Thailand,25-03-2009,32.8,24.3,28.5,0.1,12.1,28.4,40053.66
Thailand,26-03-2009,31.7,24.3,27.2,6,8.4,30.6,32894.68
Thailand,27-03-2009,32,22.9,27.1,2.5,7.3,29.2,39662.27
Thailand,28-03-2009,32.4,22.9,27.6,0.8,5.9,25.6,40450.77
Thailand,29-03-2009,34,23.6,28.5,0.7,6.6,19.4,39305.79
Thailand,30-03-2009,33.4,24.2,28.3,1.7,11,32.4,40358.15
Thailand,31-03-2009,31.2,23.8,27.4,1.9,13.4,26.6,39712.47
Thailand,01-04-2009,31.4,22.7,27.1,0,12.6,30.2,40468.98
Thailand,02-04-2009,33,24,27.9,0.1,15.1,32.4,40902.68
Thailand,03-04-2009,33.9,23.2,28.6,0,12,29.2,41129.61
Thailand,04-04-2009,34.4,24.7,29.4,0.1,6.9,19.4,40476.97
Thailand,05-04-2009,33.7,25,29.2,2.2,6.1,18,40478.77
Thailand,06-04-2009,33.2,24.8,28.6,3.8,16.3,37.4,40707.05
Thailand,07-04-2009,33.3,23.8,28.7,0.1,11.3,28.1,40825.63
Thailand,08-04-2009,33.4,24.5,29,0.3,10.1,27.4,41295.1
Thailand,09-04-2009,34.7,24.4,29.6,0.4,10.2,26.3,41539.71
Thailand,10-04-2009,34.3,25.2,28.9,4.6,11.1,20.5,41075.93
Thailand,11-04-2009,32.6,24.6,28.2,5.4,7.2,22,35042.52
Thailand,12-04-2009,32.6,24.5,27.8,6.3,6.5,27.7,39600
Thailand,13-04-2009,32.9,25.3,28.5,9.1,9,28.4,40415.33
Thailand,14-04-2009,33.6,25.4,28.9,7.6,11,29.5,38440.8
Thailand,15-04-2009,33.1,25.1,28.8,4.8,9.8,24.8,39600
Thailand,16-04-2009,34.2,25.9,30,0.3,10.9,30.2,41880.62
Thailand,17-04-2009,34,26.3,29.7,1.5,11,29.5,41918.64
Thailand,18-04-2009,34.3,25.7,29.9,2,13.7,35.3,41955.84
Thailand,19-04-2009,34.3,25.9,30.1,0.3,14.1,38.9,38519.6
Thailand,20-04-2009,35.5,24.7,30.2,0,17.3,42.5,42027.58
Thailand,21-04-2009,35.1,25.2,30.1,0,12.3,34.6,42061.98
Thailand,22-04-2009,35.5,25.6,30.4,0,11.9,32.8,42095.65
Thailand,23-04-2009,35.8,24.9,30.9,0,11.1,30.2,42128.91
Thailand,24-04-2009,36.8,26.2,31.4,0,12.5,30.6,42161.72
Thailand,25-04-2009,36.2,25.7,31,9.9,17,23.4,42194.05
Thailand,26-04-2009,31.2,24.9,27.4,3.3,15.5,38.9,32599.02
Thailand,27-04-2009,32.4,24.8,28.2,0.9,9.7,22.7,42257.12
Thailand,28-04-2009,31.6,24.3,27.3,5.6,8.7,21.2,31175.8
Thailand,29-04-2009,28.9,24.3,25.9,10.3,4.7,19.8,13260.7
Thailand,30-04-2009,32.1,23.6,27.2,1.5,6,18.7,39534.71
Thailand,01-05-2009,32.5,24.1,28.2,0.8,10.8,25.6,42375.88
Thailand,02-05-2009,32.2,25.1,28.5,0.1,12.7,35.3,42403.83
Thailand,03-05-2009,32.5,24.6,28.4,0,17.7,38.2,42431.77
Thailand,04-05-2009,32.6,24.4,28.1,0,15.8,33.5,38378.67
Thailand,05-05-2009,33.3,22.5,28.4,0,9.4,24.8,42482.89
Thailand,06-05-2009,35.1,23.9,30,0.1,6.6,19.8,42507.53
Thailand,07-05-2009,34.6,26.8,30.2,1.3,10.1,27.4,42422.75
Thailand,08-05-2009,35.2,26.2,30.6,1.6,10.3,25.9,42554
Thailand,09-05-2009,35.2,26.3,29.9,5.7,9.7,24.8,41837.76
Thailand,10-05-2009,33.5,25.4,28.4,11,9.7,21.2,40564.68
Thailand,11-05-2009,30,25.1,27.3,5.9,7.3,20.2,25214.77
Thailand,12-05-2009,29.5,24.3,26.5,20.3,9.4,28.1,35197.14
Thailand,13-05-2009,28.7,23.7,25.8,15.5,8.9,24.5,17559.23
Thailand,14-05-2009,29.4,23.6,25.4,21.3,9,31.3,17906.66
Thailand,15-05-2009,30.6,23.5,25.7,20.2,11.7,27.4,23451.44
Thailand,16-05-2009,31.6,23.8,27.3,2.7,10.7,25.9,41778.58
Thailand,17-05-2009,31.7,25.1,27.2,8.8,8.3,22.7,28565.94
Thailand,18-05-2009,32.2,24.3,27.5,4.3,10.7,22.7,37734.6
Thailand,19-05-2009,31.6,24.6,27.8,4.8,9.7,24.8,42740.05
Thailand,20-05-2009,29.4,24,26.2,31.3,9.7,27.4,26650.85
Thailand,21-05-2009,31.7,24.2,27.3,3.9,7.4,21.2,41159.73
Thailand,22-05-2009,31.7,24.3,27.6,7,10.2,25.2,42360.14
Thailand,23-05-2009,32.4,24.1,27.8,1.4,11.1,27.4,42902.34
Thailand,24-05-2009,32.5,24.9,28.4,0.2,9.7,23,42518
Thailand,25-05-2009,32,25.1,28.1,15.5,9.9,26.6,39080.15
Thailand,26-05-2009,31.2,25.3,27.7,3.5,10.6,27.7,28731.06
Thailand,27-05-2009,31.6,24.7,27.6,16.2,10.4,27.4,42809.04
Thailand,28-05-2009,31.5,24.8,27.2,9.8,10.2,25.2,35182.18
Thailand,29-05-2009,31.1,24.7,27.3,3.2,13,33.1,41095.3
Thailand,30-05-2009,30.9,25,27.3,18.2,13.8,33.1,37018.55
Thailand,31-05-2009,31.2,24.6,27.3,8.1,12.5,32,37379.78
Thailand,01-06-2009,31.3,24.9,27.2,11.3,16.1,41.4,39519.68
Thailand,02-06-2009,31.7,24.6,27.5,8.3,14.5,38.2,40830.25
Thailand,03-06-2009,31.3,24.6,27,8.8,13.8,42.1,38548.77
Thailand,04-06-2009,29.4,24.6,26.2,5.4,17.7,61.2,21449.47
Thailand,05-06-2009,30.5,24.3,26.4,9.8,21,51.8,28800
Thailand,06-06-2009,30.5,25.1,27.1,1.5,22.2,58,29343.26
Thailand,07-06-2009,31.5,24.7,27.2,3.8,19.9,48.6,36530.91
Thailand,08-06-2009,31.4,25.1,27.5,2.9,18.6,52.9,39246.37
Thailand,09-06-2009,31.5,24.8,27.1,13.5,15.1,33.8,41249.37
Thailand,10-06-2009,31.6,24.4,27.3,9.4,14.8,28.4,42878.72
Thailand,11-06-2009,31.1,24.5,26.9,8,14.1,38.9,30783.25
Thailand,12-06-2009,30.9,24.2,26.3,11.5,12.5,37.8,15584.85
Thailand,13-06-2009,29.9,24.1,26.5,3.3,11.9,28.8,31008.74
Thailand,14-06-2009,31.6,23.8,27.7,0.7,12.6,33.5,43570.61
Thailand,15-06-2009,31.5,24,27.5,7.1,9,27.4,41021.5
Thailand,16-06-2009,31.3,24.8,27.3,23.5,8.9,22,29941.03
Thailand,17-06-2009,31,24.7,26.7,20.6,15,35.3,29181.67
Thailand,18-06-2009,30.2,24.6,26.8,13.4,17.2,40.3,37614.61
Thailand,19-06-2009,31.2,24.9,27.4,6.2,13.9,35.3,40767.91
Thailand,20-06-2009,30.7,24.5,26.8,12,12,36.7,34058.93
Thailand,21-06-2009,31.2,24.1,27,9.8,12.2,31.7,38109.65
Thailand,22-06-2009,31.9,24,27.1,21.8,14.2,35.6,40258.66
Thailand,23-06-2009,30.1,24.7,26.4,13.7,15.7,33.1,27779.24
Thailand,24-06-2009,31.1,24.2,27.5,1.1,9.7,27.4,43691.9
Thailand,25-06-2009,31.6,24.5,27.9,2.1,10.5,32.4,42682.93
Thailand,26-06-2009,31.2,24.8,27.6,7.2,9.6,27.4,38054.42
Thailand,27-06-2009,30.2,24.7,26.8,7.2,10.3,28.8,28493.99
Thailand,28-06-2009,28.7,24.2,26,17.8,10.8,24.8,13511.14
Thailand,29-06-2009,28.7,24.1,26,10.9,11.8,28.8,7489.21
Thailand,30-06-2009,28.6,24.3,26.2,4.2,9.7,24.5,5080.74
Thailand,01-07-2009,27.9,24.1,25.8,5.9,7.5,24.5,9468.56
Thailand,02-07-2009,30.9,24,27.1,3.8,9,31.3,37126.71
Thailand,03-07-2009,30.8,24,27.1,1,13,35.3,41351.79
Thailand,04-07-2009,29.9,25.3,27.3,0.6,15.2,35.6,20553.42
Thailand,05-07-2009,28.2,24.2,25.7,13.2,13.7,35.6,0
Thailand,06-07-2009,27.6,23.7,25.1,15.7,12.4,33.8,1967.32
Thailand,07-07-2009,27.1,23.3,25.3,5.2,7.6,31,6299.14
Thailand,08-07-2009,30.1,23.3,25.7,6.3,13.5,32,27562.75
Thailand,09-07-2009,30.9,22.6,26.8,3.4,10.9,31,43107.98
Thailand,10-07-2009,31.4,24.8,27.9,0.1,15.7,39.6,43543.78
Thailand,11-07-2009,31.4,24.6,28.1,5.3,16.9,41.4,42395.3
Thailand,12-07-2009,31.7,24.9,27.8,7.8,11.5,36.7,40481.56
Thailand,13-07-2009,30,24.6,26.2,24.3,19.9,47.5,32396.59
Thailand,14-07-2009,28.8,23.9,25.9,4.7,12.2,45.4,23567.44
Thailand,15-07-2009,31,24.4,26.7,6.2,10.4,38.5,33425.48
Thailand,16-07-2009,30,24.4,26.4,11.6,15.1,50,18116.44
Thailand,17-07-2009,30.4,23.8,26.9,8.8,11.8,37.1,35640.81
Thailand,18-07-2009,28.9,24.3,26.7,2.1,16.3,40.7,29587.18
Thailand,19-07-2009,30.3,23.9,27.1,0,16.6,45.4,41601.88
Thailand,20-07-2009,29.1,25.1,26.9,6.2,12.9,37.8,17855.62
Thailand,21-07-2009,30.4,24.7,26.9,23.7,10.3,23,30526.61
Thailand,22-07-2009,29.5,24.4,26.1,26,11.2,26.3,18145.47
Thailand,23-07-2009,29.7,24.3,26.2,23.6,16.4,32.8,32754.3
Thailand,24-07-2009,30.7,23.3,26.8,1,13.3,33.1,42405.82
Thailand,25-07-2009,30.6,24.2,27,4.4,16.1,41.8,40220.38
Thailand,26-07-2009,30.6,24.4,26.7,6.9,14.8,47.5,37815.48
Thailand,27-07-2009,30.7,24,27,7.5,16.7,41.8,42254.95
Thailand,28-07-2009,30,24.1,26.8,16.7,14.8,47.2,38335.7
Thailand,29-07-2009,28,24.7,26.4,1.8,13.6,33.1,3208.24
Thailand,30-07-2009,28,24.3,25.8,8.9,12.9,32.4,2734.38
Thailand,31-07-2009,26.5,23.9,25.1,11.8,12.7,37.1,0
Thailand,01-08-2009,29,23.8,25.7,20.8,14.1,37.4,17389.11
Thailand,02-08-2009,30,23.8,27.1,8.2,15.9,37.1,42016.15
Thailand,03-08-2009,30.6,24.3,27.3,4.7,13.6,37.8,41415.75
Thailand,04-08-2009,31.6,24.7,27.5,8.4,13.8,39.6,37236.35
Thailand,05-08-2009,30.6,24.7,27.5,0.9,15.3,42.5,37668.57
Thailand,06-08-2009,31.6,24.9,27.5,9.3,15,39.2,38287.56
Thailand,07-08-2009,30.1,24.5,26.7,11.4,16,48.2,21802.59
Thailand,08-08-2009,28.3,24.7,26.4,3.9,14.7,33.8,1661.76
Thailand,09-08-2009,29.9,24.3,26.7,0.9,15.3,43.9,33060.65
Thailand,10-08-2009,30.5,23.6,26.9,7.4,13.8,38.2,36415.62
Thailand,11-08-2009,31.3,24.4,27.4,0.4,10,32.4,40108.96
Thailand,12-08-2009,31.7,24.7,27.7,2.9,9.2,24.5,37372.46
Thailand,13-08-2009,30.9,24.4,27.5,14,8.5,24.8,27910.42
Thailand,14-08-2009,30.8,24.9,27.1,10.5,9.1,25.2,22706.71
Thailand,15-08-2009,31.6,24.5,27.6,11,6.6,23.8,40616.52
Thailand,16-08-2009,31.3,23.9,27.2,2.4,4.9,19.1,26204.62
Thailand,17-08-2009,32,25,28.2,0,7.1,16.6,33206.14
Thailand,18-08-2009,31.1,23.6,27.1,8.4,6.5,18.4,36910.8
Thailand,19-08-2009,32.3,23.7,27.8,4.3,6.5,18.7,40111.7
Thailand,20-08-2009,31.4,23.8,27.5,4.7,6.9,25.6,41735.29
Thailand,21-08-2009,31.9,24.6,28,5.3,8.5,25.6,41814.95
Thailand,22-08-2009,31.8,24.7,27.9,3.9,6.4,21.6,34655.27
Thailand,23-08-2009,31.1,24.6,27.1,15.9,7.2,22,35836.05
Thailand,24-08-2009,31,23.9,26.9,9.8,7.7,20.5,33512.32
Thailand,25-08-2009,31.3,24.1,27.1,2.4,8.9,22.3,32343.15
Thailand,26-08-2009,33.1,24,28.5,0.2,10.2,24.1,40482.33
Thailand,27-08-2009,32.6,24.1,27.7,7.9,6,22.3,41084.5
Thailand,28-08-2009,31.3,24.4,27.1,21.7,8,22.7,30198.73
Thailand,29-08-2009,30.4,24.4,26.9,13,8.2,24.1,20333.28
Thailand,30-08-2009,30.3,24.4,26.8,8.7,11.4,23.8,22428.84
Thailand,31-08-2009,29.8,24.1,25.9,25.2,8.4,23,17460.7
Thailand,01-09-2009,29.4,23.8,25.7,19.3,7.1,20.2,14387.34
Thailand,02-09-2009,30,24.2,26.7,8.8,8.6,22.7,27116.1
Thailand,03-09-2009,29.4,24.1,25.9,20.4,13.6,39.6,16727.05
Thailand,04-09-2009,31.6,24,26.9,16.6,6.8,29.9,35739.43
Thailand,05-09-2009,31.1,24.5,26.9,19.7,12.9,32,37362.12
Thailand,06-09-2009,31,24.4,26.9,6.8,10.8,28.4,37388.32
Thailand,07-09-2009,29.8,24.9,26.7,5,8.2,22.3,28188.61
Thailand,08-09-2009,29.5,24.5,26.3,11.4,8.7,29.9,21040.49
Thailand,09-09-2009,31,24.5,27.1,4.5,10.6,28.4,36871.07
Thailand,10-09-2009,32.3,24.4,27.7,10.8,6.6,20.9,41558.94
Thailand,11-09-2009,31.9,23.7,27.8,0.5,6.9,19.4,41677.57
Thailand,12-09-2009,31.8,25,28,2.9,9.4,25.6,39690.33
Thailand,13-09-2009,31.6,25.2,27.6,14.1,9.5,23.8,40767.08
Thailand,14-09-2009,30.3,24.6,27,4.5,6.4,22.7,27271.32
Thailand,15-09-2009,30.7,24.7,27.4,5.1,10.2,26.3,33868.39
Thailand,16-09-2009,30,24.5,26.7,22.6,11.3,26.3,29202.62
Thailand,17-09-2009,29.2,24.3,26,24.4,10.1,20.9,12757.89
Thailand,18-09-2009,30.7,24,26.8,10.3,7.8,27,37577.23
Thailand,19-09-2009,31.2,23.9,27.3,1.2,8.8,23,40833.26
Thailand,20-09-2009,31.7,23.9,27.6,1.2,8.2,23.4,41022.23
Thailand,21-09-2009,31.6,24.1,27.8,2.5,7.3,21.6,40960.67
Thailand,22-09-2009,30.4,23.9,26.7,13.9,8.2,23.4,33656.01
Thailand,23-09-2009,30.1,24.3,26.6,5.6,9.7,22.7,37924.62
Thailand,24-09-2009,29.8,23.6,26.3,3.9,7.1,21.6,27413.02
Thailand,25-09-2009,26.6,24.1,25.3,35.3,5.2,18.4,1747.13
Thailand,26-09-2009,29.4,23.9,25.6,45.7,8.7,23,28236.75
Thailand,27-09-2009,29.3,24,25.7,16.7,5.9,19.1,13385.12
Thailand,28-09-2009,30.5,23.5,26.6,1.4,11.1,24.8,35362.56
Thailand,29-09-2009,30.9,23.2,27.1,0,18.5,38.9,38375.65
Thailand,30-09-2009,29.1,23.6,26,17.9,11.7,26.3,16640.04
Thailand,01-10-2009,25.9,23.2,24.3,37.4,9.9,22,2300.48
Thailand,02-10-2009,27.1,23.8,25.2,24.6,10.7,25.2,15513.92
Thailand,03-10-2009,30.8,23.6,26.4,6.1,5.3,18.4,37586.52
Thailand,04-10-2009,31.1,24,26.7,11.9,5.2,16.6,38851.35
Thailand,05-10-2009,31.3,23.7,26.9,9.4,7.1,23,38670.21
Thailand,06-10-2009,31.9,23.2,27.7,0,6.9,17.6,40394.44
Thailand,07-10-2009,31.4,24.2,27.4,1.3,5.7,18.7,39721.86
Thailand,08-10-2009,30.9,24.3,26.9,4.8,5.1,16.2,37433.39
Thailand,09-10-2009,31.9,23.8,27.2,5.5,6.3,18.7,39237.27
Thailand,10-10-2009,31.7,23.6,26.9,4,5.9,20.2,39106.55
Thailand,11-10-2009,30.6,24,26.9,8.3,11.3,30.6,37301.39
Thailand,12-10-2009,30.9,23.6,26.8,1,9.5,33.5,38763.6
Thailand,13-10-2009,29.9,24.1,26.3,15.3,8.6,31.3,30564.97
Thailand,14-10-2009,30.4,23.5,26.6,2.6,4.1,20.9,38290.41
Thailand,15-10-2009,30.2,24.3,26.7,4.3,7.2,23.4,37571.92
Thailand,16-10-2009,30.7,23.9,26.4,7.4,7.9,19.1,36953.02
Thailand,17-10-2009,30.7,23.9,26.5,2.7,6.2,18.4,36205.32
Thailand,18-10-2009,30.8,23.4,26.4,6.5,5.8,16.2,36821.06
Thailand,19-10-2009,30.7,23.4,26.7,0.7,5.4,18,37457.32
Thailand,20-10-2009,30.5,23.8,26.8,2.8,6,16.9,37337.46
Thailand,21-10-2009,29.9,23.7,26.3,8.6,7.9,23.4,32692.56
Thailand,22-10-2009,30,23.4,26.3,5.1,4.8,22.7,33725.04
Thailand,23-10-2009,30,23.9,26.1,3.2,5.6,23.4,36245.98
Thailand,24-10-2009,30.1,23,26.6,1.5,4.2,14,36368.62
Thailand,25-10-2009,31.9,24,27.2,1,5,20.2,37897.62
Thailand,26-10-2009,31.8,23.7,27,0.7,5.2,21.2,36925.21
Thailand,27-10-2009,31.1,23,26.7,0.3,7.2,20.5,37679.01
Thailand,28-10-2009,31.1,22.2,26.4,0,12.1,30.2,38419.93
Thailand,29-10-2009,30.5,21.9,26.3,0,13.8,28.8,38201.14
Thailand,30-10-2009,30.6,21.5,26.1,0,10.8,24.1,37985.5
Thailand,31-10-2009,30.9,20.8,25.8,0,9.7,22.7,37979.69
Thailand,01-11-2009,30.9,20.4,25.4,0,13.3,29.9,38279.74
Thailand,02-11-2009,30.6,20.6,25.6,0,20.3,46.4,37867.77
Thailand,03-11-2009,27,22.1,23.8,0.3,22.3,45,26622.13
Thailand,04-11-2009,28.6,19.2,23.5,5.1,18.9,37.4,32637.17
Thailand,05-11-2009,29.8,20.1,24.6,0,15.8,33.8,37056.39
Thailand,06-11-2009,30.8,19.6,25.2,0,8.2,21.2,37542.16
Thailand,07-11-2009,32,20.2,26.1,0,7.5,20.9,37248.83
Thailand,08-11-2009,31.2,22.5,27.1,0,7.2,19.4,35244.82
Thailand,09-11-2009,31.9,23.8,27.7,0.4,6.6,17.6,36578.25
Thailand,10-11-2009,32.4,23.6,27.9,0,7.7,20.2,37049.86
Thailand,11-11-2009,32.6,22.5,27.5,0,7.1,16.9,36955.07
Thailand,12-11-2009,32.6,22.8,28.2,0,6.6,16.2,36862.49
Thailand,13-11-2009,32.6,23.8,28.4,0.1,7.9,17.3,36862.19
Thailand,14-11-2009,31.9,24.6,28,0,10.5,27.7,36407.08
Thailand,15-11-2009,31.6,23.6,27.2,1.4,8.9,22.3,36235.71
Thailand,16-11-2009,31.9,23.3,27.5,0.4,6.9,18.7,36000
Thailand,17-11-2009,30,24.2,26.2,2.3,20.5,44.3,35026.37
Thailand,18-11-2009,27.8,20.1,23.9,0,19.5,41.8,36601.29
Thailand,19-11-2009,27.8,19.9,23.6,0,18.6,38.9,36602.49
Thailand,20-11-2009,28.6,18.7,23.3,0,17,36,36692.73
Thailand,21-11-2009,27.3,18.4,22.3,0,17.7,37.1,36348.81
Thailand,22-11-2009,26.6,16.9,21.6,0,14.5,32,35495.66
Thailand,23-11-2009,27.6,15.8,21.8,0,8,20.5,36122.33
Thailand,24-11-2009,28.9,15.9,22.6,0,8.7,18,36621.42
Thailand,25-11-2009,30,16.2,23.4,0,8.5,15.5,36553.91
Thailand,26-11-2009,30.1,17.3,23.8,0,8.7,16.2,36490.34
Thailand,27-11-2009,30.7,17,24,0,9,17.3,36380.54
Thailand,28-11-2009,31,17.9,24.5,0,7.3,18.7,36499.78
Thailand,29-11-2009,31.2,18.5,24.8,0,14,30.6,36324.2
Thailand,30-11-2009,30.7,19.2,24.9,0,15.3,34.2,36394
Thailand,01-12-2009,29.6,19.6,24.3,0,15.8,36,36485.78
Thailand,02-12-2009,29.8,18.3,24,0,12.7,29.9,36578.66
Thailand,03-12-2009,28.8,19.4,23.8,0,20.2,44.6,36212.43
Thailand,04-12-2009,28.7,18.5,23.5,0,13,31,36397.45
Thailand,05-12-2009,28.5,18.4,23.2,0,15.4,34.6,36398.31
Thailand,06-12-2009,29.2,16.9,23.1,0,8.6,24.5,36399.13
Thailand,07-12-2009,29.3,17,23.4,0,7,18,36684.9
Thailand,08-12-2009,29.6,17,23.6,0,7.2,18.4,36496.44
Thailand,09-12-2009,30.2,17.7,24.3,0,7.6,19.4,36304.49
Thailand,10-12-2009,30.7,18.1,24.5,0,6.9,17.6,36597.03
Thailand,11-12-2009,30.8,18.4,24.8,0,7.6,20.5,36697.91
Thailand,12-12-2009,31.4,18.9,25.1,0,10.4,24.8,36800.66
Thailand,13-12-2009,31.8,19.1,25.5,0,6.5,16.6,36201.55
Thailand,14-12-2009,31.6,20.4,26.3,0,8,16.6,36301.09
Thailand,15-12-2009,32,21.3,26.6,0,7.9,15.8,36812.75
Thailand,16-12-2009,31.7,20.8,26.5,0,6.6,22.7,36609.37
Thailand,17-12-2009,31.5,22.1,26.7,0,13,32.8,36715.6
Thailand,18-12-2009,31.2,21.5,25.9,0,15.5,35.6,36823.88
Thailand,19-12-2009,30,21.1,25.2,0,20.5,44.6,36269.38
Thailand,20-12-2009,28.5,20.4,24.3,0,19.5,42.1,36884.83
Thailand,21-12-2009,28.1,19.5,23.5,0,19.1,41.4,37186.87
Thailand,22-12-2009,28.8,18.7,23.6,0,15.2,33.5,36723.41
Thailand,23-12-2009,30.1,17.5,24.1,0,8,24.5,37255.15
Thailand,24-12-2009,31.1,17.7,24.8,0,7.1,15.5,37460.84
Thailand,25-12-2009,31.9,18.3,25.4,0,6.2,18,37443.55
Thailand,26-12-2009,32,21,26.4,0,7.7,20.9,37195.8
Thailand,27-12-2009,32.3,21.3,26.8,0,6.6,21.6,37410.07
Thailand,28-12-2009,31.2,21.8,26.1,0.5,10.6,35.3,37276.01
Thailand,29-12-2009,31,22.4,26.7,0.6,9.7,28.4,37139.94
Thailand,30-12-2009,30.9,22,26.5,0.3,7.2,20.5,36881.56
Thailand,31-12-2009,30.6,21.9,26.5,0.1,5,23.4,37470.03
Thailand,01-01-2010,31.4,22.5,26.8,0.1,5.5,19.4,37457.23
Thailand,02-01-2010,31.4,23.2,27.1,0.2,6.3,17.3,37445.1
Thailand,03-01-2010,32.3,23.6,27.7,0,7.3,23.8,37183.55
Thailand,04-01-2010,32.7,22.7,28,0,8.4,24.8,37423.06
Thailand,05-01-2010,32.2,22.8,27.7,0.2,9,23,37669.5
Thailand,06-01-2010,31.2,23.9,27.2,18.9,5.8,29.9,34551.72
Thailand,07-01-2010,27.9,23.1,25.4,4.8,6.6,19.8,26631.7
Thailand,08-01-2010,24.6,21.5,23.4,11.9,11,24.1,383.76
Thailand,09-01-2010,28.4,19.3,23.6,0,9,24.5,24802.11
Thailand,10-01-2010,30.4,19.2,24.6,0,8.9,17.6,37784.27
Thailand,11-01-2010,31.2,17.8,24.5,0,6.9,15.5,37811.4
Thailand,12-01-2010,30.7,19,24.8,0,14.9,36.4,37839.78
Thailand,13-01-2010,28.4,20.1,24.2,0,19.6,42.8,37869.36
Thailand,14-01-2010,27.9,19.6,23.5,0,19.8,42.5,37900.07
Thailand,15-01-2010,29.8,17.3,23.7,0,10.2,25.2,37898.88
Thailand,16-01-2010,29.1,19.3,24,0,20.3,43.9,31128.29
Thailand,17-01-2010,28.9,19.6,23.9,0,16.6,36.7,37998.54
Thailand,18-01-2010,28.2,18.1,22.9,0,15.6,36.4,38033.27
Thailand,19-01-2010,29.3,16.6,23,0,10.7,26.3,38068.88
Thailand,20-01-2010,29.2,20.1,24.3,0.1,8.2,20.2,17449.52
Thailand,21-01-2010,25.4,21.6,23.3,10.3,9.6,22.7,174.95
Thailand,22-01-2010,26.2,21.7,23.6,1.5,7,17.6,13931.71
Thailand,23-01-2010,28.6,21.2,24.4,4,8.7,22.3,35458.64
Thailand,24-01-2010,29.3,21.8,25.1,1.7,10.9,25.2,38180.92
Thailand,25-01-2010,30.6,20.6,25.5,0,6.6,22.7,38297.97
Thailand,26-01-2010,30.3,21.9,25.7,0,20.5,42.8,33066.46
Thailand,27-01-2010,30.5,21.8,25.8,0,10.6,28.1,38379.68
Thailand,28-01-2010,31.8,20.7,26.4,0,7.8,18.7,38422.12
Thailand,29-01-2010,31.7,22,26.8,0.2,5.4,17.6,38465.55
Thailand,30-01-2010,31.3,22.5,26.8,0.4,7,20.5,38509.93
Thailand,31-01-2010,32.1,22.5,27.6,0.1,7.8,20.2,38555.16
Thailand,01-02-2010,33.2,21.3,27.7,0,5.4,18.7,38601.2
Thailand,02-02-2010,32.4,23.1,27.5,0.7,7.4,21.6,38647.98
Thailand,03-02-2010,32.5,23.2,27.9,1.1,7.1,20.2,38695.43
Thailand,04-02-2010,32.3,24.2,28,0,8.5,25.6,38743.5
Thailand,05-02-2010,32.7,23.8,27.6,6.4,6.6,23,38792.12
Thailand,06-02-2010,32.2,23.6,27.3,4.1,8.7,27,38841.23
Thailand,07-02-2010,32.4,23.9,27.7,0.8,8.6,25.6,38890.77
Thailand,08-02-2010,32.8,23,27.8,0.2,8,24.1,38940.7
Thailand,09-02-2010,32.4,23.1,27.8,0,7.9,22,38990.95
Thailand,10-02-2010,33.4,23.2,28.1,0,6.8,21.2,39041.46
Thailand,11-02-2010,33.8,23.4,28.3,0,7.4,19.1,39092.18
Thailand,12-02-2010,33.9,22.3,28.1,0,7.8,16.9,39143.05
Thailand,13-02-2010,33.4,23.2,28.2,0.4,7.4,22,39194.04
Thailand,14-02-2010,33.8,23.3,28.5,0,12.8,28.1,39245.09
Thailand,15-02-2010,33.8,23,28.7,0,12.3,24.1,39296.13
Thailand,16-02-2010,33.4,24,28.8,0.1,8.4,21.2,39347.5
Thailand,17-02-2010,33.2,24.9,28.3,1,12.2,29.5,37224.81
Thailand,18-02-2010,32.5,24.4,27.9,0,14.1,35.3,39451.96
Thailand,19-02-2010,30.8,23,26.6,0,18.8,41,39504.94
Thailand,20-02-2010,31.5,22.5,26.9,0,13.4,30.2,39558.35
Thailand,21-02-2010,32.6,22.8,27.4,1.3,9,26.3,38216.32
Thailand,22-02-2010,33.4,22.4,27.7,0,9.7,20.9,39600
Thailand,23-02-2010,32.9,22.8,27.7,0.3,11.8,28.1,39600
Thailand,24-02-2010,33.4,22.8,28.3,0,14.8,35.6,39600
Thailand,25-02-2010,34.1,22.8,28.7,0,12.6,25.2,39600
Thailand,26-02-2010,34.8,20,27.8,0,8.7,24.5,39600
Thailand,27-02-2010,35.4,21.4,28.4,0,10.5,22.7,39600
Thailand,28-02-2010,34.5,23,28.8,0.1,13,31,38150.06
Thailand,01-03-2010,34.9,23.5,29.2,0.1,11.7,31,39600
Thailand,02-03-2010,35.5,23.6,29.7,0,11.8,30.6,39600
Thailand,03-03-2010,36.8,23.1,29.9,0,14.3,32,39600
Thailand,04-03-2010,36,22.9,29.4,0,12.8,30.2,39600
Thailand,05-03-2010,35.8,22.6,28.8,0,10.5,25.2,39600
Thailand,06-03-2010,36.2,22.3,29.4,0,11.2,22,39600
Thailand,07-03-2010,36.7,22.7,30,0,11.4,23.4,39600
Thailand,08-03-2010,37,24.1,30.9,0,13.3,25.9,39600
Thailand,09-03-2010,36.6,24.1,30.9,0,18.6,50.8,39600
Thailand,10-03-2010,27.3,21,24.7,0,26.6,52.6,36442.78
Thailand,11-03-2010,31.8,22,26.4,0,17.1,37.8,39600
Thailand,12-03-2010,35.5,21.5,28.9,0,8.7,20.5,39604.13
Thailand,13-03-2010,36.5,25.1,30.7,0,12,29.9,39600
Thailand,14-03-2010,37,24.6,30.8,0,13.8,33.1,39660.73
Thailand,15-03-2010,36.9,23.5,30.5,0,10.2,23,39727.86
Thailand,16-03-2010,36.8,24.1,31,0,6.4,20.2,39725.32
Thailand,17-03-2010,34,26.5,30.3,0.1,20.2,40.3,38021.63
Thailand,18-03-2010,35,26.3,30,0,19.6,43.9,39797.34
Thailand,19-03-2010,35.3,23.6,29.7,0,13.3,29.5,39876.57
Thailand,20-03-2010,35.6,24.3,29.7,0.2,7,22.3,39876.27
Thailand,21-03-2010,35.5,25.6,29.8,1.1,9.7,24.1,39618.58
Thailand,22-03-2010,36.2,25.6,30.6,0.6,12,29.9,39786.17
Thailand,23-03-2010,36,25.5,30.8,0.2,10.9,27.4,39961.59
Thailand,24-03-2010,36,25.9,30.9,0.1,12.3,25.9,40052.75
Thailand,25-03-2010,38,25,31.7,0,10.2,45.4,40334.44
Thailand,26-03-2010,30.5,23.4,26.8,0,26.3,51.5,39899.91
Thailand,27-03-2010,32.2,22.9,27.5,0,13.3,31.3,40053.58
Thailand,28-03-2010,33.9,25.1,29,0,17.3,37.8,40448.77
Thailand,29-03-2010,34.8,24.9,29.7,0,15.9,33.1,40555.09
Thailand,30-03-2010,35.8,25.3,30.2,0.2,11.3,24.5,40049.98
Thailand,31-03-2010,36,25.4,30.7,0.1,12.2,27.7,40151.88
Thailand,01-04-2010,36.8,25.6,31.2,0.3,13.8,25.2,40784.78
Thailand,02-04-2010,36.8,26.3,31.9,0,10,23.8,40900.16
Thailand,03-04-2010,37.5,26.4,32.1,0,12.3,27,40909.25
Thailand,04-04-2010,37,27.7,32.3,0.1,14.3,28.1,40697.13
Thailand,05-04-2010,38.8,27.7,33.2,0,15.7,29.2,40478.44
Thailand,06-04-2010,38.6,27.9,33.4,0,13.8,35.3,41385.72
Thailand,07-04-2010,38.5,27.7,33.3,0,12.2,28.4,41168.76
Thailand,08-04-2010,38.5,28.1,33.4,0.1,16.6,28.1,41409.66
Thailand,09-04-2010,38.6,27.8,33.1,0,15.5,30.2,41591.69
Thailand,10-04-2010,38.1,26.9,32.3,0,15,34.2,41633.5
Thailand,11-04-2010,38.2,26,31.9,0,11.9,28.8,41674.71
Thailand,12-04-2010,38.4,25.6,31.8,0,13.3,32,41715.29
Thailand,13-04-2010,38.5,25.9,32.1,0,12.4,27.7,41755.14
Thailand,14-04-2010,38.8,24.9,32.3,0,11.8,29.2,41794.2
Thailand,15-04-2010,38.3,27.3,33,0,12.1,26.3,41832.4
Thailand,16-04-2010,35.7,26.3,30.9,9.1,14,41.8,41869.66
Thailand,17-04-2010,33.8,24.7,28.4,9,14.8,30.2,38717.69
Thailand,18-04-2010,34.3,25,29.8,0,12.1,24.8,41942.74
Thailand,19-04-2010,36.4,25.8,30.9,0,14.2,31.7,41978.85
Thailand,20-04-2010,36.9,26.2,31.5,0,15.4,29.2,42014.61
Thailand,21-04-2010,37.9,26.7,32.2,0,14,28.4,42049.98
Thailand,22-04-2010,38.2,27.6,32.8,0.1,14.1,27.7,42084.92
Thailand,23-04-2010,38.5,26.7,31.9,4.1,19.1,36.7,42119.37
Thailand,24-04-2010,33.8,25.4,29.3,5.6,17.2,31.3,42153.29
Thailand,25-04-2010,35.5,27,30.7,0.5,7.9,22,40053.06
Thailand,26-04-2010,36.4,26.1,30.3,1.5,12.6,24.1,42219.38
Thailand,27-04-2010,35,25,29.5,1.9,8.7,25.2,42251.43
Thailand,28-04-2010,33.6,26.2,29.8,1.6,7.7,24.5,40174.59
Thailand,29-04-2010,35.2,25.6,30.1,4,8.6,23.8,42313.37
Thailand,30-04-2010,35.7,26,30.7,1.2,7.8,25.6,42343.16
Thailand,01-05-2010,34.6,25.9,30,0.8,9.3,23.8,42372.09
Thailand,02-05-2010,34.7,25.8,30.1,2,6.4,16.9,42400.12
Thailand,03-05-2010,33.5,27,29.6,7.9,8.6,23,42404.07
Thailand,04-05-2010,35,26.3,30.4,0.3,11.8,27.4,41139.82
Thailand,05-05-2010,35.4,27.3,31.2,0,12.3,28.8,39958.98
Thailand,06-05-2010,35.4,27.9,30.4,7.5,11.9,35.3,29903.89
Thailand,07-05-2010,37,27.7,31.4,0.7,12.1,29.5,42287.87
Thailand,08-05-2010,37,27.2,32.2,0,12,27.7,42547.46
Thailand,09-05-2010,38.1,28.5,32.8,0.7,14.5,30.2,42568.83
Thailand,10-05-2010,38,28.7,32.8,0.1,16.4,28.4,42589.39
Thailand,11-05-2010,35.7,27.1,30.8,3.9,15.9,32.4,42609.12
Thailand,12-05-2010,34.5,25.8,29.1,13.7,11.7,23.8,31832.86
Thailand,13-05-2010,35.3,26.2,30.9,0,8.3,22.7,42702.39
Thailand,14-05-2010,36.9,26.9,32,0.1,10.9,29.5,42717.96
Thailand,15-05-2010,37.6,27.8,32.1,1,11.1,29.5,42732.6
Thailand,16-05-2010,35.9,27.8,31.3,2,8.4,31,42695.45
Thailand,17-05-2010,34.8,27,30,5.1,7.7,22.7,40265.77
Thailand,18-05-2010,33.7,25.9,29.8,3,6.4,27.7,40163.13
Thailand,19-05-2010,34.3,26.2,30.4,0.5,9.1,25.2,41350.32
Thailand,20-05-2010,34.5,26.9,30.7,0.2,6.5,24.1,41035.46
Thailand,21-05-2010,34.4,27.8,31.2,1.5,13.4,36,39544.83
Thailand,22-05-2010,36,26.8,31.3,9,12.8,34.2,42717.56
Thailand,23-05-2010,34.6,26.5,30,0.5,12.4,33.5,34712.97
Thailand,24-05-2010,35.8,26.5,29.9,3.1,9.7,27.4,38860.7
Thailand,25-05-2010,33.8,26.6,28.8,5.3,16.1,34.6,27913.81
Thailand,26-05-2010,32.2,25.9,28.2,5.9,16,34.9,26407.57
Thailand,27-05-2010,33.4,25.7,28.5,2.9,15.6,36.4,40775.06
Thailand,28-05-2010,33.8,26.1,29.6,1,14.5,33.8,41472.3
Thailand,29-05-2010,32.7,26.1,28.6,5.5,14.2,31,32345.63
Thailand,30-05-2010,34.4,26,29.5,0.3,12.1,31,42402.79
Thailand,31-05-2010,35.2,26.6,30,8.9,12.7,33.1,42930.95
Thailand,01-06-2010,34.5,26.4,30.3,0.1,13.1,28.8,43023.88
Thailand,02-06-2010,35.4,26.8,30.2,9.6,9.1,29.5,41708.44
Thailand,03-06-2010,34.4,26.6,29.4,9.8,10.5,24.8,41032.2
Thailand,04-06-2010,33,25.7,28.5,8.1,9.3,22.7,32772.59
Thailand,05-06-2010,32.1,25.2,28,7.7,6.2,17.3,23128.48
Thailand,06-06-2010,32.8,25.1,28.3,11.6,11.4,27,36141.03
Thailand,07-06-2010,32.8,26.1,28.7,13.2,12.2,31,42811.87
Thailand,08-06-2010,33.1,25.8,28.9,9.5,10.4,31.7,37390.7
Thailand,09-06-2010,29.7,25.6,27.5,8.7,9.7,29.5,26619.37
Thailand,10-06-2010,29.7,24.7,27,13,10.5,28.1,16491.61
Thailand,11-06-2010,32.2,25,28.1,8.1,9.8,27.4,42789.91
Thailand,12-06-2010,32.2,25,28.1,12.9,9.9,28.4,42254.07
Thailand,13-06-2010,32.7,25.3,29,1.5,9.2,28.1,42954.4
Thailand,14-06-2010,33.5,25.8,29.3,2.3,12.3,27.7,42944.94
Thailand,15-06-2010,32.5,25.7,29,3.6,8.7,27,42760.33
Thailand,16-06-2010,33.4,25.7,29.4,0,9.3,29.5,43242.69
Thailand,17-06-2010,33.2,25.5,29.2,5.8,9.4,22,42913.12
Thailand,18-06-2010,33.6,25.8,29.4,0.9,10.5,29.2,43329.32
Thailand,19-06-2010,34,26.3,29.9,0.5,11.2,27,43102.77
Thailand,20-06-2010,34.1,26.1,30.1,3.4,13.7,30.2,43847.63
Thailand,21-06-2010,34.2,25.8,29.2,10.3,12.4,24.8,35087.59
Thailand,22-06-2010,31.2,25,27.5,12.6,8.1,22,30833.94
Thailand,23-06-2010,31.4,25.1,27.8,4.8,16.6,38.2,35317.89
Thailand,24-06-2010,31.8,25.7,28.1,8.3,13,40,40770.66
Thailand,25-06-2010,32.9,25.6,29,2.7,10.7,32.8,42733.77
Thailand,26-06-2010,32.1,25.2,28.4,4.3,10.6,30.6,38601.27
Thailand,27-06-2010,31.9,25.9,28.7,0.2,9.1,27,28422.12
Thailand,28-06-2010,31,25.9,28,6.2,14.5,28.4,29192.26
Thailand,29-06-2010,30.4,25,27.4,5.1,11.9,29.2,31387.13
Thailand,30-06-2010,31.7,25.4,28.4,5.3,11.2,27.7,38547.61
Thailand,01-07-2010,31.4,25.5,27.7,13.2,10.3,25.9,40035.92
Thailand,02-07-2010,30.3,24.9,27,4.5,9.9,23.4,18861.53
Thailand,03-07-2010,30.7,24.7,26.5,30.5,9.8,26.6,17981.34
Thailand,04-07-2010,31.2,24.5,27.2,8,8.4,27.7,41576.6
Thailand,05-07-2010,31.8,24.3,27.6,7.2,8.2,22,36719.04
Thailand,06-07-2010,32,25,28,7,8.9,25.6,42656.01
Thailand,07-07-2010,32.3,24.4,28.5,0.5,8.1,24.1,43831.02
Thailand,08-07-2010,32.5,25.4,28.6,4.1,8.4,25.2,43700.46
Thailand,09-07-2010,32.4,25.2,28.2,6.3,6.4,22,37374.93
Thailand,10-07-2010,31.9,25.2,28.3,0.7,9.3,21.2,43729.86
Thailand,11-07-2010,32.7,25.4,28.7,3.3,10.1,27,42967.47
Thailand,12-07-2010,31.8,25,28.3,4.4,11.8,23.8,42723.35
Thailand,13-07-2010,32.2,25.1,28.5,2,10.8,27,40822.39
Thailand,14-07-2010,31,25.2,27.6,12.7,9,18.4,36562.55
Thailand,15-07-2010,30.9,25,27.2,13.5,8.3,19.1,18899.17
Thailand,16-07-2010,30.8,24.9,27.7,13.9,10.7,22.3,39600
Thailand,17-07-2010,31,25.3,27.5,4,15.6,33.5,25324.5
Thailand,18-07-2010,29.6,25,26.5,5.1,13.2,33.8,6637.82
Thailand,19-07-2010,30.6,24.5,27,9.6,13,35.3,32605.35
Thailand,20-07-2010,31.7,24.4,28,0.7,9.4,24.8,40911.71
Thailand,21-07-2010,32.1,25.2,28.5,1.8,11.3,29.9,42564.41
Thailand,22-07-2010,30.7,25.4,27.8,5.4,11.1,27.4,30336.72
Thailand,23-07-2010,31.2,25,27.4,1.9,16.3,40.7,31405.89
Thailand,24-07-2010,28.3,24.7,26.4,4.7,12.7,28.1,1016.92
Thailand,25-07-2010,30,24.8,27,1.5,9.4,27.4,19093.55
Thailand,26-07-2010,30.2,25.3,27.7,0.4,6.8,26.3,12873.81
Thailand,27-07-2010,27.8,24.6,26.1,12.5,5.1,15.8,6447.1
Thailand,28-07-2010,30.4,24.6,27.1,10.1,11.6,32.8,37734.32
Thailand,29-07-2010,30.7,24.8,27.1,10.3,13.5,36.4,33031.79
Thailand,30-07-2010,31,24.5,27.3,9.4,12.6,29.9,42062.64
Thailand,31-07-2010,30.8,24.1,27.3,0.3,10.7,23.8,40181.24
Thailand,01-08-2010,31,24.7,27.5,6.6,7.4,21.6,23692.72
Thailand,02-08-2010,27.7,24.5,25.9,21.8,10.5,20.9,193.06
Thailand,03-08-2010,27.6,24.3,25.5,8.3,14.3,33.8,5618.78
Thailand,04-08-2010,30.4,24.1,26.1,18.4,12.3,34.9,25322.03
Thailand,05-08-2010,28.7,24.2,26.1,2.5,9.1,25.2,5382.54
Thailand,06-08-2010,30.1,24.2,26.5,8,8.4,32.8,33364.09
Thailand,07-08-2010,30.3,24.4,26.7,19.6,9.8,36.4,35338.73
Thailand,08-08-2010,31.3,24.3,27,10.4,10.3,32.4,38189.41
Thailand,09-08-2010,30.4,24.7,27.4,1.8,8.6,24.1,34974.9
Thailand,10-08-2010,30.7,24.6,27.3,7.8,10.2,25.2,33395.76
Thailand,11-08-2010,28.7,25,26.3,11.3,9,22,14671.21
Thailand,12-08-2010,30.2,24.6,26.6,7.6,11.3,27.7,22168.48
Thailand,13-08-2010,28.4,24.6,25.7,15.4,11.7,24.1,4965.89
Thailand,14-08-2010,29.5,24.3,26.6,3.6,10.9,26.3,29613.98
Thailand,15-08-2010,31,24.5,27.6,0.4,9.1,22.7,37780.38
Thailand,16-08-2010,29.1,24.9,26.8,6.4,7.6,18.7,18312.14
Thailand,17-08-2010,27.9,24.2,25.9,15.2,4.9,18.4,0
Thailand,18-08-2010,30.3,23.5,26.4,11.1,6.8,18,24437.9
Thailand,19-08-2010,31.9,24.3,27.4,4.8,7.1,21.6,39600
Thailand,20-08-2010,31.5,24.5,27.5,8,10.4,21.6,38868.2
Thailand,21-08-2010,26.7,23.8,25.3,22.8,9.3,18.7,0
Thailand,22-08-2010,29.5,24.3,26.6,8,8,19.4,35745.44
Thailand,23-08-2010,29.8,23.9,26.3,11.1,8.4,17.3,23291.77
Thailand,24-08-2010,29.8,24.5,26.4,6.4,11.3,24.1,15413.39
Thailand,25-08-2010,29.8,24.5,26.4,5.6,14.4,37.1,12695.31
Thailand,26-08-2010,30.6,24.4,26.9,8,13.4,38.2,39600
Thailand,27-08-2010,30.4,24.2,26.7,11.8,10.8,34.2,29557.03
Thailand,28-08-2010,27.3,24.6,25.6,28.3,11.8,36,0
Thailand,29-08-2010,27.5,24.2,25.3,23,14.8,31.3,0
Thailand,30-08-2010,30.7,24.4,26.4,10,10.5,38.5,34982.16
Thailand,31-08-2010,30.9,23.7,26.9,6.3,12.4,33.5,39337.27
Thailand,01-09-2010,29.5,24.4,26.6,11.9,7.1,24.1,24202.07
Thailand,02-09-2010,30.6,24.5,26.9,19.3,6.9,19.1,32884.71
Thailand,03-09-2010,29.2,24.5,26.4,12.7,9.2,25.9,31479.34
Thailand,04-09-2010,31.1,24,26.7,5.6,7.8,27,38113.63
Thailand,05-09-2010,30.7,23.7,26.8,5.8,8.7,30.2,41725.41
Thailand,06-09-2010,31.2,24.6,27.4,11,5.8,28.1,36828.44
Thailand,07-09-2010,31.1,24.3,27.2,9.1,5.2,16.6,35833.89
Thailand,08-09-2010,31.3,24.8,27.8,3.5,8.3,20.9,39925.51
Thailand,09-09-2010,31.2,24.9,27.5,3.2,9.8,20.5,38276.8
Thailand,10-09-2010,30.3,24.6,26.5,15.2,8.8,24.1,20821.53
Thailand,11-09-2010,29,24.2,26.2,10.1,12.1,28.8,20794.95
Thailand,12-09-2010,30.2,24.2,26.8,4.9,10.2,25.9,32551.37
Thailand,13-09-2010,29.7,24.4,26.6,2.2,10.7,25.6,29182.74
Thailand,14-09-2010,28.3,23.6,25.5,12.2,11.4,25.9,11766.37
Thailand,15-09-2010,26.8,23.6,25,3,11.2,22,8159.38
Thailand,16-09-2010,30.3,23.8,26.5,4.8,4.4,16.2,34440.1
Thailand,17-09-2010,30.6,24.5,26.4,12.4,4.9,21.6,32258
Thailand,18-09-2010,29.2,23.8,25.8,13.9,6.2,18,26702.72
Thailand,19-09-2010,30.6,23.6,27,0.3,5,15.5,40203.64
Thailand,20-09-2010,31,24.7,27.5,5.3,9.7,24.5,39694.94
Thailand,21-09-2010,31.2,24.7,27.5,5,7.7,22.7,39558.71
Thailand,22-09-2010,31.8,24.4,27.4,2.9,10.1,20.5,35155.62
Thailand,23-09-2010,31.4,24.3,27.3,6,8,25.9,38945.71
Thailand,24-09-2010,31,24.2,27.3,2.8,7.3,21.2,39541.48
Thailand,25-09-2010,31.7,24,27.2,2,5.5,20.5,34536.07
Thailand,26-09-2010,31.8,24,27.4,8.4,5.3,17.6,36175.18
Thailand,27-09-2010,30.7,24.2,26.4,19.5,7.7,15.8,19527.41
Thailand,28-09-2010,31.1,23.8,26.8,5.6,7.1,19.1,32453.9
Thailand,29-09-2010,31.2,23.6,26.8,7.8,6.9,25.9,36882.95
Thailand,30-09-2010,31.7,23.9,28,0.2,11.3,30.2,37169.71
Thailand,01-10-2010,31.8,23.9,27.7,0.1,16.2,37.1,40039.2
Thailand,02-10-2010,31.4,25,27.6,1.7,15.3,45.7,38311.63
Thailand,03-10-2010,28.7,24.4,26,9.7,19.3,37.4,14895.7
Thailand,04-10-2010,28,24,25.6,5,4.7,26.6,11923.88
Thailand,05-10-2010,26.4,23.6,24.6,10.7,4.7,27.4,4673.69
Thailand,06-10-2010,28.4,22.8,25.6,0.3,10.5,24.8,29035.46
Thailand,07-10-2010,30.7,22.7,26.8,0.5,6.1,19.8,39993.33
Thailand,08-10-2010,30.9,23.9,27.5,0.3,7.6,19.1,39267.64
Thailand,09-10-2010,30,24.4,26.6,3,7.9,22.7,30115.9
Thailand,10-10-2010,29.6,24.5,26.7,7.8,8.3,26.6,35964.54
Thailand,11-10-2010,30.6,23.7,26.4,5.8,10.5,22.7,23860.02
Thailand,12-10-2010,29,24,25.7,14.4,8.6,26.6,11117.37
Thailand,13-10-2010,28.5,23.4,25.6,12.2,13.7,31.7,25252.02
Thailand,14-10-2010,29.3,23.7,25.5,18.8,10.5,23,21105.03
Thailand,15-10-2010,27.1,23.4,24.6,41.8,13.9,37.1,3619.88
Thailand,16-10-2010,25.8,23.6,24.3,30.5,16,33.8,0
Thailand,17-10-2010,25.3,23.3,24.2,3.4,7.1,24.8,0
Thailand,18-10-2010,25.4,23.3,24.1,14,7.6,15.8,812.93
Thailand,19-10-2010,27.9,23.3,25.2,12.3,8.3,21.6,21670.87
Thailand,20-10-2010,29.6,22.6,25.9,1.3,9.3,25.9,37694.81
Thailand,21-10-2010,29.4,23.5,25.8,0.2,5.5,17.3,26061.92
Thailand,22-10-2010,28.8,24.1,26.2,0.2,5.9,16.6,32942.52
Thailand,23-10-2010,30,23.5,26.8,1.2,6.1,18,37132.89
Thailand,24-10-2010,30.8,23.8,27,2.1,6.5,18.4,37790.48
Thailand,25-10-2010,31.3,23.4,27.2,2.4,5.7,15.8,37461.66
Thailand,26-10-2010,29.3,24.1,26,13.3,12.6,29.9,24763.76
Thailand,27-10-2010,29.7,23.5,26.3,0,18.5,43.9,37464.59
Thailand,28-10-2010,28.2,23.2,25.3,0,19.2,37.8,36021.25
Thailand,29-10-2010,27.4,21.1,23.9,0.2,17.8,37.8,37672.59
Thailand,30-10-2010,26.1,19,22.1,0,16.5,36.4,38093.31
Thailand,31-10-2010,26.9,16.4,21.5,0,13.3,32,38186.95
Thailand,01-11-2010,27.2,16.3,21.8,0,14.7,34.9,37561.24
Thailand,02-11-2010,29,18.5,23.5,0,13.7,32.4,37563.51
Thailand,03-11-2010,28,20.7,23.7,0,16.9,35.6,36775.82
Thailand,04-11-2010,28,17.7,22.9,0,15.8,35.3,37358.23
Thailand,05-11-2010,28.1,18.9,23.3,0,11.5,29.5,37154.29
Thailand,06-11-2010,28.7,19.8,23.9,0,10.7,27.4,36575.01
Thailand,07-11-2010,30,20.2,24.7,0,8.5,19.8,36059.11
Thailand,08-11-2010,30.9,20.3,25.2,0,13.3,31,37436.62
Thailand,09-11-2010,29.9,19.5,24.5,0,15.8,38.9,37432.35
Thailand,10-11-2010,28.8,21.1,24.2,0,12.7,27.4,19976.93
Thailand,11-11-2010,29.3,19.9,24.6,0,8.6,23.4,36291.48
Thailand,12-11-2010,29.7,21.6,25,0,12.3,29.9,36292.51
Thailand,13-11-2010,30.8,21,25.5,0,11.7,29.5,36495.71
Thailand,14-11-2010,31.6,23,26.8,0,12.4,29.5,31746.24
Thailand,15-11-2010,31.9,22.3,26.9,0,17.7,38.9,36295.94
Thailand,16-11-2010,31.1,22.6,26.7,0,18.7,40.7,36024.43
Thailand,17-11-2010,30.5,22.7,26.3,0,14.4,35.6,36160.61
Thailand,18-11-2010,31.6,21.8,26.5,0,12.4,34.9,36256.34
Thailand,19-11-2010,31.2,22.2,26.4,0,15.3,37.4,36298.19
Thailand,20-11-2010,30.9,22.2,26.2,0,12.6,29.9,31207.85
Thailand,21-11-2010,31.9,21.1,26.5,0,6.6,16.2,35710.3
Thailand,22-11-2010,31.9,21.6,27.1,0,7.1,18.4,36261.51
Thailand,23-11-2010,32.1,22.3,27.1,0,13,31.7,36456.78
Thailand,24-11-2010,32.6,21.1,26.7,0,8.8,27.4,36282.35
Thailand,25-11-2010,32.2,21.2,26.7,0,10.5,29.2,36285.45
Thailand,26-11-2010,30.6,22.4,26,0,20.1,37.1,36220.91
Thailand,27-11-2010,30.5,21.6,25.6,0,19,36.7,36404.36
Thailand,28-11-2010,31.6,21,26,0,12.4,30.2,36392.38
Thailand,29-11-2010,31.6,20.8,26.2,0,16.1,35.3,36212.91
Thailand,30-11-2010,32,21.8,26.7,0,14.3,34.9,36303.43
Thailand,01-12-2010,30.8,22.1,25.9,0,17.5,37.8,36303.8
Thailand,02-12-2010,31.1,19.4,25.2,0,15.5,34.2,36395.67
Thailand,03-12-2010,30.2,21.6,25.4,0,19.3,39.6,36488.64
Thailand,04-12-2010,30.4,22,25.7,0,15.1,34.2,36304.65
Thailand,05-12-2010,31.4,19.7,25.5,0,10,26.3,36211.44
Thailand,06-12-2010,32.3,21.9,26.8,0,9.7,27.4,36210.82
Thailand,07-12-2010,31.5,24,27,0,19.4,44.3,36399.77
Thailand,08-12-2010,29.9,22.2,25.6,0,17.3,38.2,36591.71
Thailand,09-12-2010,29.7,20.4,24.8,0,14.1,31.7,36593.97
Thailand,10-12-2010,30.9,19.5,25.5,0,7.7,23.4,28800
Thailand,11-12-2010,31,22.7,26.6,1.7,11.6,27.4,36500.22
Thailand,12-12-2010,30.7,23.9,26.6,1.6,13,36,35377.45
Thailand,13-12-2010,31.3,24,26.3,1.9,12.4,27.7,32106.61
Thailand,14-12-2010,31.2,22.6,26.7,0.2,7.6,22,36503.7
Thailand,15-12-2010,31.5,22.7,27.3,0,4.8,16.9,36504.66
Thailand,16-12-2010,27.5,21.2,24.5,22.1,23.9,44.3,21465.23
Thailand,17-12-2010,22.7,18.5,20.2,0,23.8,44.6,19313.04
Thailand,18-12-2010,25.9,17.8,21.7,0,7.3,19.8,34854.59
Thailand,19-12-2010,29.3,18.2,23.8,0,5.6,18.7,34848.54
Thailand,20-12-2010,30.5,19.6,25.2,0,7.7,24.1,35952.04
Thailand,21-12-2010,30.7,19.9,25.6,0,6.2,20.5,36645.18
Thailand,22-12-2010,30.4,21.6,26,0,14.5,32.8,36947.11
Thailand,23-12-2010,30.7,21.6,25.9,0,12.3,28.4,36922.14
Thailand,24-12-2010,30.7,21.6,26.2,0.1,4.4,19.1,36671.97
Thailand,25-12-2010,31.2,20.8,25.9,0,7.6,16.9,36873.64
Thailand,26-12-2010,28.5,21,24.1,0,21.8,48.6,37311.45
Thailand,27-12-2010,27.8,17.5,22.2,0,16.7,35.6,37543.96
Thailand,28-12-2010,28.8,14.6,21.6,0,8.7,21.2,37551.67
Thailand,29-12-2010,29.5,14.4,22,0,7.1,19.8,37560.7
Thailand,30-12-2010,29.7,14.7,22.4,0,12.4,32.4,37571.07
Thailand,31-12-2010,28.6,16.7,22.4,0,15.1,33.5,37582.77
Thailand,01-01-2011,29.1,14.9,22,0,10.6,26.3,37595.9
Thailand,02-01-2011,29.5,16.4,22.9,0,12.7,30.6,37610.85
Thailand,03-01-2011,30.4,17.8,23.9,0,10.2,29.9,37627.31
Thailand,04-01-2011,30.6,18.1,24.1,0,14.8,34.9,37645.23
Thailand,05-01-2011,30.5,19,24.4,0,14.1,34.6,37664.58
Thailand,06-01-2011,31.6,19.9,25.4,0,16.8,39.6,37685.3
Thailand,07-01-2011,28.4,19.9,24.2,0,21,45.7,36499.3
Thailand,08-01-2011,28.6,19.2,23.9,0,16.3,36.7,37730.68
Thailand,09-01-2011,29.1,18.5,24,0,17,39.2,37755.25
Thailand,10-01-2011,27.8,19.3,23.5,0,21.3,45.4,37781.02
Thailand,11-01-2011,26.1,19.8,22,0.4,16,37.8,20506.26
Thailand,12-01-2011,26.9,18.8,22.2,0.1,16.2,36,32958.86
Thailand,13-01-2011,28.6,17.3,22.8,0,13.3,32,37864.97
Thailand,14-01-2011,29.4,16.6,23.4,0,11.5,29.5,37895.03
Thailand,15-01-2011,28,19.4,23.3,0,20.1,44.3,37926.04
Thailand,16-01-2011,26.4,16.2,21.1,0,20.6,44.6,37957.97
Thailand,17-01-2011,25.7,17,21.3,0,18.1,39.6,37990.77
Thailand,18-01-2011,28.3,16.7,22.7,0,13,33.8,38024.4
Thailand,19-01-2011,29.4,16.6,23.3,0,12.2,29.9,37337.5
Thailand,20-01-2011,30,16.8,23.9,0,9.7,29.5,38093.94
Thailand,21-01-2011,30.4,19.3,24.3,0,14.4,38.5,38129.86
Thailand,22-01-2011,29.9,17.9,23.7,0,16.6,38.2,38167
Thailand,23-01-2011,31.6,20,25.8,0,10.5,31,37914.77
Thailand,24-01-2011,30.8,21,25.6,0,18.8,41.4,38244.81
Thailand,25-01-2011,30.8,19.3,24.7,0,18.4,40.7,38285.34
Thailand,26-01-2011,30.7,18.5,24.5,0,16.1,36.4,38326.88
Thailand,27-01-2011,29.6,19.9,24.9,0,15.3,36,38369.34
Thailand,28-01-2011,31.5,21.5,26,0,18.4,42.8,38412.66
Thailand,29-01-2011,29.2,20.6,24.5,0,23.3,49.7,38456.79
Thailand,30-01-2011,28.4,18.5,23.4,0,20.7,43.6,38501.65
Thailand,31-01-2011,28.1,19.2,23.5,0,21.7,46.1,38547.18
Thailand,01-02-2011,29.3,20.3,24,0,16.3,36.4,37210.29
Thailand,02-02-2011,29.4,20.2,24.2,0,16.8,38.2,34252.19
Thailand,03-02-2011,31.6,19.3,25.3,0,14.4,34.2,38687.23
Thailand,04-02-2011,31.9,18.6,25.6,0,10.1,27.7,38734.87
Thailand,05-02-2011,32,18.5,25.6,0,10.9,30.6,38782.89
Thailand,06-02-2011,32.1,18.9,25.8,0,9.5,28.1,38831.23
Thailand,07-02-2011,32.3,21,26.2,0,11.9,28.1,38879.86
Thailand,08-02-2011,32.4,19,25.2,0,9.7,25.6,38928.68
Thailand,09-02-2011,32.8,16.8,25,0,9.7,28.4,38977.68
Thailand,10-02-2011,33.2,20,26.2,0,7.9,19.1,39026.8
Thailand,11-02-2011,33.7,18.8,26.5,0,7.6,18.7,39076.41
Thailand,12-02-2011,31.6,21.2,26.5,0.2,10.5,21.6,39126.72
Thailand,13-02-2011,32,22.1,26.8,0.6,10.3,27.7,39177.67
Thailand,14-02-2011,31.4,22.8,26.5,0.1,16.7,40,39229.22
Thailand,15-02-2011,30,21.8,25.8,0,15.8,34.9,39281.3
Thailand,16-02-2011,31.9,21.6,26.8,0.4,7.6,25.2,39333.86
Thailand,17-02-2011,33.1,22.6,28.1,0.1,7.9,20.2,39386.82
Thailand,18-02-2011,33.6,23.1,28.2,0.4,10.6,27,38625.24
Thailand,19-02-2011,34.8,23.1,28.7,0,8.1,23.4,39493.82
Thailand,20-02-2011,34.5,23.7,29.3,0.3,6.8,19.4,39547.72
Thailand,21-02-2011,32.9,24.8,28.5,0.3,12,30.2,30898.81
Thailand,22-02-2011,32.8,23.9,27.2,11.2,7.2,23.8,36670.42
Thailand,23-02-2011,31.2,22.7,26.1,11.3,11.4,27.4,34280.65
Thailand,24-02-2011,31.5,22.7,26.7,0.6,8.2,16.9,38057.13
Thailand,25-02-2011,32.5,22.8,27.3,0.3,6.4,18.4,39600
Thailand,26-02-2011,32.1,23.9,26.6,9.9,8.6,26.3,32400
Thailand,27-02-2011,31.9,22.7,27.1,0,8.7,20.9,39600
Thailand,28-02-2011,32.8,23.7,28,0,6.2,19.1,39600
Thailand,01-03-2011,32.7,24.1,28.3,0,7.9,21.2,39600
Thailand,02-03-2011,32.1,23.8,27.7,2.4,13.6,31,38618.09
Thailand,03-03-2011,33,22.2,27.5,0.3,10.5,27.4,39600
Thailand,04-03-2011,31.4,24.5,27.3,0.1,16.6,33.5,39600
Thailand,05-03-2011,32.6,22.4,27.6,0,10.5,28.1,39600
Thailand,06-03-2011,34.1,22.5,28.6,0,6.9,16.2,39600
Thailand,07-03-2011,34.8,23.6,29.2,0,8.7,20.5,39600
Thailand,08-03-2011,32.2,24.1,27.3,9.8,17,35.6,39600
Thailand,09-03-2011,32.2,23.4,27.7,0,14.6,35.3,37483.99
Thailand,10-03-2011,32.6,24.1,27.9,0,20.2,43.6,39600
Thailand,11-03-2011,32.6,22.8,27.4,0,18.4,41,39600
Thailand,12-03-2011,32.8,23.3,27.9,0,16.8,37.4,39600
Thailand,13-03-2011,34.1,22.8,28.6,0.1,9.4,28.1,39600
Thailand,14-03-2011,34.3,24.5,29,6.2,7,23.4,39600
Thailand,15-03-2011,31.4,23.6,26.4,9.7,15.3,33.8,38603.88
Thailand,16-03-2011,23.8,17.1,20.4,4.2,20,45.4,26198.48
Thailand,17-03-2011,19.7,16.2,17.1,9.1,11.3,29.5,0
Thailand,18-03-2011,21.2,16.4,18.4,5.5,8.1,21.6,13767.96
Thailand,19-03-2011,29.4,16.8,22.8,0,7.6,18.4,33095.36
Thailand,20-03-2011,31.8,19.7,26.2,0,9.4,22.7,39793.5
Thailand,21-03-2011,33,21.1,27.6,0,8.8,23.4,39875.66
Thailand,22-03-2011,34.4,21.8,28.1,0,7.3,19.1,39787.36
Thailand,23-03-2011,29.3,24.4,26.6,0.2,22.3,50,34255.86
Thailand,24-03-2011,32.5,23.2,26.7,1,18.1,37.8,39498.97
Thailand,25-03-2011,31.1,21.8,26.4,0,23.6,47.2,38290.94
Thailand,26-03-2011,28.3,21.8,25.1,0.2,23.1,47.9,34055.42
Thailand,27-03-2011,25.9,20.9,22.8,0.2,17.7,41.8,21600
Thailand,28-03-2011,20.6,18.7,19.9,1.5,13.5,27.4,0
Thailand,29-03-2011,20.7,16.9,19.1,2.5,12.9,26.6,506.85
Thailand,30-03-2011,21.2,16.5,18.4,3.1,12.1,24.5,8698.04
Thailand,31-03-2011,28.1,17,22.4,0,7.1,19.8,39600
Thailand,01-04-2011,31.7,19.2,25.6,0,7.5,21.2,40361.84
Thailand,02-04-2011,33.5,21.1,27.8,0,6.4,21.6,40791.57
Thailand,03-04-2011,34,24.3,28.7,0,7.9,17.6,39206.34
Thailand,04-04-2011,34.6,23.8,28.6,0,7.1,21.6,39083.19
Thailand,05-04-2011,33.5,24.5,28.4,1.8,7.6,20.5,35516.03
Thailand,06-04-2011,32.7,24,28.4,1.7,9.8,20.9,40140.72
Thailand,07-04-2011,33.7,23.8,28.4,1.8,9.3,22,40137.62
Thailand,08-04-2011,33.9,24.3,28.1,3.1,6.5,23,38852.99
Thailand,09-04-2011,32.8,23.4,27.7,1.9,12,31.7,38772.3
Thailand,10-04-2011,33.1,23.6,28.6,0,12,28.1,41191.64
Thailand,11-04-2011,33.4,23.2,28.8,0,6.1,23,41661.85
Thailand,12-04-2011,33.9,24.7,29.2,0.3,8.1,23,41205.28
Thailand,13-04-2011,34.1,23.4,28.4,0.2,9.8,20.5,41740.02
Thailand,14-04-2011,33.7,24.2,28.8,0,7.6,22,41094.3
Thailand,15-04-2011,35,24.5,29.1,2,14.2,33.8,41817.55
Thailand,16-04-2011,35.7,25.1,29.4,5.5,10.6,27,39120.64
Thailand,17-04-2011,36.1,25.5,30.3,0.7,11.8,29.9,41864.57
Thailand,18-04-2011,36,25.7,30.5,7.8,10.1,26.3,41109.9
Thailand,19-04-2011,30.6,24.6,27,12.2,17.6,40,26280.22
Thailand,20-04-2011,33.1,23.4,28.4,0,14.1,32.4,42005.88
Thailand,21-04-2011,33.9,24.9,28.9,3.1,6.5,19.8,42042.16
Thailand,22-04-2011,34,25.3,29.4,0.8,7.6,21.2,42077.87
Thailand,23-04-2011,29.4,23.9,26,19.1,11.5,31.3,18539.03
Thailand,24-04-2011,31.6,23.8,27.1,0.1,14.5,31,38079.6
Thailand,25-04-2011,32.4,24.3,28.3,0.5,10.3,29.2,40513.1
Thailand,26-04-2011,33.2,24.1,28.3,6.5,7.6,20.9,39047.77
Thailand,27-04-2011,32.8,24.2,27.9,7.1,7.7,24.1,40179.55
Thailand,28-04-2011,32.5,24.2,27.7,19.2,8,27.4,37960.05
Thailand,29-04-2011,32,23.8,27.3,4.7,6.2,23.4,37169.09
Thailand,30-04-2011,32.7,24.4,28.1,5,5.7,20.9,39600
Thailand,01-05-2011,31.1,23.8,26.7,19.8,9,24.8,37873.17
Thailand,02-05-2011,32.4,23.7,28.3,0,6.4,22.3,42391.04
Thailand,03-05-2011,33,25,28.8,0.2,6.4,27,40296.43
Thailand,04-05-2011,33.2,25.1,29.1,12.8,7.4,22.7,42126.66
Thailand,05-05-2011,32.7,24.5,28.3,2.7,7.8,24.1,41990.62
Thailand,06-05-2011,32.4,24.8,28.4,7.7,6.2,28.8,42492.58
Thailand,07-05-2011,32.2,24.4,27.6,9.7,11.9,27.7,41428.61
Thailand,08-05-2011,31.5,24.9,27.3,16.3,16.7,36,36991.2
Thailand,09-05-2011,31.4,24.6,27.3,9.9,17.5,44.3,42561.06
Thailand,10-05-2011,31.7,25.7,27.8,2.7,19.7,44.3,32191.1
Thailand,11-05-2011,30.1,24.8,27,2.6,8.7,29.5,6547.38
Thailand,12-05-2011,31.6,24.6,27.9,2.3,6.2,17.6,36379.8
Thailand,13-05-2011,31.3,24.7,27.2,17.9,6.9,19.1,34826.3
Thailand,14-05-2011,30.1,24.4,25.9,23.6,9,23,13615.12
Thailand,15-05-2011,30.6,23.8,26.9,1.6,8.4,27.4,39264.12
Thailand,16-05-2011,30.8,23.9,26.9,5.1,8.6,26.3,42692.58
Thailand,17-05-2011,31.2,23.9,26.9,10.8,7.4,21.6,36614.69
Thailand,18-05-2011,29.9,23.8,26.2,19.7,7.9,24.1,28539.96
Thailand,19-05-2011,30.8,23.9,26.4,11.4,12.9,33.1,33404.79
Thailand,20-05-2011,29.7,23.6,26.5,0.2,10.1,28.8,31431.07
Thailand,21-05-2011,31.5,23.6,27.6,0,10.9,28.4,40710.5
Thailand,22-05-2011,31.9,24.6,27.9,0.9,10.7,32.8,40024.79
Thailand,23-05-2011,32.5,24.9,28.4,0.5,7.6,27.7,40278.36
Thailand,24-05-2011,32.7,25.1,28.4,8.9,8.9,22,40230.63
Thailand,25-05-2011,32,24.8,27.4,15,6.9,19.8,34419.23
Thailand,26-05-2011,29.6,24.5,26.3,9.3,11.6,25.9,25106.62
Thailand,27-05-2011,30.2,24.5,26.7,19.1,4.8,21.2,30486.66
Thailand,28-05-2011,29.6,24.2,26.4,20.1,6.8,20.9,32149.24
Thailand,29-05-2011,30.8,24.4,26.7,18.4,7.1,19.8,30026.34
Thailand,30-05-2011,30.2,24.4,27.1,8.8,6.6,16.6,38325.22
Thailand,31-05-2011,31.1,24.6,27.2,19.8,7.8,20.5,37870.31
Thailand,01-06-2011,31.4,24.7,27.4,15.7,6.6,19.4,37067.69
Thailand,02-06-2011,31.2,24.6,27.5,10.2,7.3,20.2,34143.81
Thailand,03-06-2011,30.5,24.7,26.9,10,6.5,21.2,27306.97
Thailand,04-06-2011,30.6,24.6,27.2,9.4,8.7,24.1,36110.24
Thailand,05-06-2011,31.2,24.9,27.6,8.1,10.2,25.6,38871.97
Thailand,06-06-2011,29.7,24.5,26.7,13.8,8.8,23.8,5173.57
Thailand,07-06-2011,31.2,24.4,27.1,10.5,7.6,28.1,33894.29
Thailand,08-06-2011,31.4,25.2,27.5,8.7,11.6,28.8,41492.88
Thailand,09-06-2011,31.2,25.2,27.7,4.6,12.5,35.6,42804.77
Thailand,10-06-2011,31.2,24.8,27.1,11.6,13.7,41.4,39200.2
Thailand,11-06-2011,30.1,23.8,26.7,8.7,15.6,34.9,43182.96
Thailand,12-06-2011,30.3,24.2,26.9,2.6,13.8,30.6,42864.67
Thailand,13-06-2011,30.1,24,26.7,0.3,13.9,34.9,39185.29
Thailand,14-06-2011,29.4,24.3,26.4,0.5,14.5,27.7,26107.36
Thailand,15-06-2011,30.5,24.7,27.2,1.3,15.4,46.8,42763.41
Thailand,16-06-2011,31.3,24.6,27.3,3.6,14.3,49.3,36087.1
Thailand,17-06-2011,31,24.9,26.8,2.3,12.9,32,33523.82
Thailand,18-06-2011,30,24.4,26.4,6.6,12.7,34.9,30161.75
Thailand,19-06-2011,31.3,24.3,26.9,12,12.8,34.9,40382.29
Thailand,20-06-2011,30.4,24.6,26.8,4.7,15.2,43.6,35518.25
Thailand,21-06-2011,30.7,24.2,26.9,1.7,13.3,40.3,40194.66
Thailand,22-06-2011,30.4,24,26.8,0,11.6,42.8,26667.32
Thailand,23-06-2011,29.9,24.1,27,2.1,17.5,40,39282.28
Thailand,24-06-2011,30.1,24.3,26.9,1.6,18.9,50.8,30308.47
Thailand,25-06-2011,27.1,24.4,25.5,7.9,16.3,38.9,0
Thailand,26-06-2011,28.3,24.2,25.9,7.1,13.7,34.9,0
Thailand,27-06-2011,28.6,24.3,26.1,13.6,15.3,34.2,8456.46
Thailand,28-06-2011,31.1,24.7,27.4,6.6,13,33.5,38088.43
Thailand,29-06-2011,28.9,24.6,26.9,1.1,7.7,24.5,18593.69
Thailand,30-06-2011,30.9,24.6,27,14.7,15.6,36.4,36377.82
Thailand,01-07-2011,28.2,24.1,25.4,33.8,15.3,36.4,10782.08
Thailand,02-07-2011,27.1,23.3,24.6,50.8,13.8,29.5,4313.98
Thailand,03-07-2011,29.1,23.3,25.4,8.7,14.2,34.6,25036.68
Thailand,04-07-2011,30.2,23.2,26.4,4.4,9.2,20.2,42451.23
Thailand,05-07-2011,30.9,23.1,27,4.2,9.7,23.8,43983.02
Thailand,06-07-2011,31.2,23.7,27.3,0.2,10.8,31,43400.21
Thailand,07-07-2011,31.5,24.8,28,0.5,12.8,41,42929.52
Thailand,08-07-2011,32,24.7,28,3.8,15.1,39.6,43477.29
Thailand,09-07-2011,31.3,24.9,27.8,4,9.4,35.3,32886.54
Thailand,10-07-2011,31.5,24.4,27.4,10.7,8.5,30.2,40783.78
Thailand,11-07-2011,30.3,24.3,27.2,0,9.3,22,40775.39
Thailand,12-07-2011,30.3,24.6,26.9,19.6,10.5,26.6,37743.52
Thailand,13-07-2011,29.4,24.6,26.3,29.1,10.9,28.4,13981.45
Thailand,14-07-2011,28.8,24.4,26,27.4,8.5,30.6,14054.65
Thailand,15-07-2011,29.7,24.4,25.9,9.2,13.1,33.1,10432.66
Thailand,16-07-2011,29.7,24.3,26.2,14.2,12.3,33.1,29463.15
Thailand,17-07-2011,29.3,24.2,26.2,4.5,13,33.1,18681.89
Thailand,18-07-2011,30.1,24.3,26.4,21.1,14.1,36.4,33949.76
Thailand,19-07-2011,29.7,24.4,26.7,4,14.2,41,39450.96
Thailand,20-07-2011,29.4,24.3,26.2,16.3,15.7,37.8,27376.21
Thailand,21-07-2011,29.4,24.2,26.2,1.3,15.5,41,17900.01
Thailand,22-07-2011,29.1,24,26.1,1.5,12.1,34.6,24068.82
Thailand,23-07-2011,29.1,24,26.1,18.8,9.2,31,22778.85
Thailand,24-07-2011,30.7,23.9,26.4,13.7,7.4,20.2,30759.02
Thailand,25-07-2011,29.8,23.9,26.6,8.9,7.2,17.6,32488.62
Thailand,26-07-2011,29.8,24.3,26.6,10.1,8,23.8,36359.09
Thailand,27-07-2011,30.5,23.7,27,1.1,8,21.2,41729.88
Thailand,28-07-2011,30.9,24.2,27,6.6,8.4,22.3,35305.53
Thailand,29-07-2011,30.3,24.1,26.8,8.6,9.8,27,33485
Thailand,30-07-2011,29.4,24.4,26.2,9.8,17.3,44.3,15395.8
Thailand,31-07-2011,25.5,23.9,24.5,37.1,18.9,42.8,0
Thailand,01-08-2011,27.3,23.4,24.8,21.6,20.3,41.8,3545.28
Thailand,02-08-2011,29.1,24.2,25.6,13,14.7,41,10571.79
Thailand,03-08-2011,30.2,24.7,26.7,5.3,14,46.4,30564.68
Thailand,04-08-2011,30.7,24,27.3,0.9,14,35.6,40677.16
Thailand,05-08-2011,30.2,24.3,27.3,0.1,13.8,42.5,39245.26
Thailand,06-08-2011,30.7,24.4,26.9,13.4,12.1,38.2,37619
Thailand,07-08-2011,29.3,24.8,26.5,6.4,9.2,33.8,26571.99
Thailand,08-08-2011,30.1,24.2,26.7,3.4,13.5,37.8,41787.48
Thailand,09-08-2011,27.7,23.9,25.7,18.4,12.5,31.7,8093.61
Thailand,10-08-2011,26.6,23.8,25.1,18.8,12.5,31,0
Thailand,11-08-2011,25.7,23.6,24.6,19,11.1,23.4,0
Thailand,12-08-2011,29.5,23.8,25.8,10.2,11.4,30.2,21567.38
Thailand,13-08-2011,30.4,23.1,26.5,1.7,6.9,19.1,37181.33
Thailand,14-08-2011,31.2,24,27.1,13.1,5.6,19.8,41901.92
Thailand,15-08-2011,30,23.8,25.8,13.3,8.1,19.8,14681.31
Thailand,16-08-2011,27.7,23.6,25.1,23.2,8.4,18,5065.98
Thailand,17-08-2011,28.3,23.6,25.3,9.2,7.9,24.5,16764.69
Thailand,18-08-2011,30,23.8,25.8,19.9,12,31,34684.23
Thailand,19-08-2011,25.9,23.8,24.8,28.1,13.8,36.7,0
Thailand,20-08-2011,28.1,23.4,25.6,8.9,10.2,35.6,20624.04
Thailand,21-08-2011,30,23.1,26.2,3.9,10.5,32.4,29677.57
Thailand,22-08-2011,31.1,23.9,27.4,4.9,10.5,25.9,41481.25
Thailand,23-08-2011,31.3,23.9,27.6,2,11.5,29.9,41805.99
Thailand,24-08-2011,32,24.3,28,0.4,9.7,27.7,41798.79
Thailand,25-08-2011,31.3,24.2,26.9,12.3,8.9,25.9,33096.5
Thailand,26-08-2011,31.3,23.8,26.9,3.9,8.8,20.2,38229.24
Thailand,27-08-2011,29,24.1,25.9,19.2,8.9,20.9,18482.86
Thailand,28-08-2011,30.7,23.4,26.6,3.7,10.6,26.6,41710.66
Thailand,29-08-2011,30,24.4,26.4,12.3,8,19.4,36947.27
Thailand,30-08-2011,26,23.5,24.7,27.3,10.2,22.7,13466.52
Thailand,31-08-2011,27.4,23.8,25.2,25.7,7.6,23.4,8665.67
Thailand,01-09-2011,29.7,24.1,26.5,1.1,8.7,27,30478.13
Thailand,02-09-2011,29.9,24.1,26.2,4.3,15.2,39.2,28187.69
Thailand,03-09-2011,30,23.5,25.8,16.4,11.3,22,18387.81
Thailand,04-09-2011,30.4,23.9,26.8,4.7,10.1,20.9,37709.39
Thailand,05-09-2011,29.8,24,26.4,6,8.6,21.6,19706.13
Thailand,06-09-2011,29.3,24,25.8,15.8,11.1,29.5,21903.67
Thailand,07-09-2011,27.9,23.8,25.3,16.1,10,29.9,3222.11
Thailand,08-09-2011,28.9,23.9,25.6,35,9.1,31.7,16008.29
Thailand,09-09-2011,29.2,23.8,25.8,15.8,10.4,34.6,28545.49
Thailand,10-09-2011,29.8,23.9,26.4,18,10.3,35.6,24668.29
Thailand,11-09-2011,28.8,24.7,26.2,10.1,13.5,37.1,21767.62
Thailand,12-09-2011,29.8,24.2,25.8,21,17.3,36.7,20712.9
Thailand,13-09-2011,30.2,24.1,25.9,11.9,12.8,36.7,22699.3
Thailand,14-09-2011,28.6,24.2,25.9,11.7,13.5,35.6,18670.43
Thailand,15-09-2011,28.3,24.4,25.5,29.4,8.5,28.8,16107.73
Thailand,16-09-2011,29.6,23.9,25.8,21.5,12,32.8,28485.73
Thailand,17-09-2011,30,24.2,26.4,2.9,12.2,32.8,30514.21
Thailand,18-09-2011,30.7,23.9,26.9,1.9,9.2,30.2,30665.45
Thailand,19-09-2011,30.4,23.9,26.8,12.5,9.7,23.4,36434.54
Thailand,20-09-2011,30,24.4,26.3,15.7,7,24.8,27723.3
Thailand,21-09-2011,27.5,24.2,25.6,3.8,9.4,26.3,13346.96
Thailand,22-09-2011,25.9,23.8,24.6,7.9,7.7,18.7,0
Thailand,23-09-2011,29,22.7,25.1,26.1,6.6,16.9,17463.61
Thailand,24-09-2011,29.1,23.6,25.7,21.4,8.6,23,35829.91
Thailand,25-09-2011,30.4,23.4,26.5,2.7,6.1,21.2,38726.68
Thailand,26-09-2011,30.8,23.6,26.7,2,8.8,21.2,32371.89
Thailand,27-09-2011,26.9,24.3,25.2,13.4,8,23.8,915.9
Thailand,28-09-2011,28.4,23.3,25,16.3,8.5,25.9,12894.5
Thailand,29-09-2011,30,23.1,26.3,0.5,10.4,28.4,34529.12
Thailand,30-09-2011,30.1,23.9,26.6,3.1,12.2,29.2,38319.22
Thailand,01-10-2011,29.3,24,26,10.3,12.2,28.4,31023.27
Thailand,02-10-2011,29.3,24,25.4,22.3,9.4,23.4,18264.11
Thailand,03-10-2011,25.7,23.9,24.5,67.1,9.6,22.3,0
Thailand,04-10-2011,26.2,23.4,24.5,14.7,8.1,19.1,12537.38
Thailand,05-10-2011,29.2,22.5,25.6,1.5,8.1,18.4,36431.35
Thailand,06-10-2011,28.5,23,25.1,0.1,11.3,25.2,36336.79
Thailand,07-10-2011,26.9,22.8,24.6,0.1,10.9,25.9,20298.17
Thailand,08-10-2011,29.3,22.5,25.6,0.3,7.2,22.3,39152.18
Thailand,09-10-2011,30.4,23.6,26.4,3.8,6.5,27.4,34694.59
Thailand,10-10-2011,29.9,23.2,25.8,6.7,9,30.6,35467.12
Thailand,11-10-2011,31.1,22.1,26.3,1.6,6.6,26.3,39344.95
Thailand,12-10-2011,30.2,24,26.7,4.5,6,19.1,35909
Thailand,13-10-2011,28.8,23.8,25.8,4.9,6.9,14.4,20906.35
Thailand,14-10-2011,28.8,24.1,25.9,10,9.2,22,24640.23
Thailand,15-10-2011,29.9,23.5,25.9,12.9,7.4,19.1,30664.04
Thailand,16-10-2011,27.4,23.4,25.3,6.2,10.8,33.5,28670.86
Thailand,17-10-2011,25.5,22.3,23.9,2.4,18.9,43.9,9340.76
Thailand,18-10-2011,29,21.1,24.7,0.2,16.7,36,38362.07
Thailand,19-10-2011,30.3,22.6,25.9,0,10.8,28.1,37348.84
Thailand,20-10-2011,30,22.4,26,0,12.3,36.7,37554.59
Thailand,21-10-2011,30,22,25.9,0.1,13.9,29.5,38471.3
Thailand,22-10-2011,30.6,21,26,0,10.8,27,38684.1
Thailand,23-10-2011,31.2,21.8,26.6,0,5.3,16.6,38565.9
Thailand,24-10-2011,31.5,21.5,26.6,0,9.3,22.3,38780
Thailand,25-10-2011,31.2,23.6,26.9,0,17.1,43.9,38337.69
Thailand,26-10-2011,30.9,22.2,26.5,0,17,40,38330.07
Thailand,27-10-2011,31,22.2,26.5,0,15.1,43.9,38216.77
Thailand,28-10-2011,31.2,22.2,26.2,2.8,16.5,34.9,37253.44
Thailand,29-10-2011,30.2,23.2,26.5,0,19.1,41.8,38098.84
Thailand,30-10-2011,30.4,22,25.8,0,15,34.6,38093.87
Thailand,31-10-2011,30.9,20.9,25.9,0,15.9,41.8,37464.42
Thailand,01-11-2011,30.8,21.8,26.1,0,13.9,35.6,37873.38
Thailand,02-11-2011,31.2,21.3,26.1,0,13.6,33.5,37665.26
Thailand,03-11-2011,31.3,21,26,0,11.4,28.4,37057.91
Thailand,04-11-2011,31.5,20.6,26.2,0,7.7,24.1,37457.7
Thailand,05-11-2011,32.3,20.1,26.4,0,9.4,22.7,37552.64
Thailand,06-11-2011,31.4,20.3,26.6,0,7.6,18,36267.43
Thailand,07-11-2011,32.6,23.2,27.5,0.1,7.8,22.3,36284.82
Thailand,08-11-2011,32,24,27.6,0.5,6.9,19.8,36762.11
Thailand,09-11-2011,30.2,22.9,25.9,1.1,9.8,23.4,36384.36
Thailand,10-11-2011,28.3,21.7,24.5,0.4,11.5,25.9,35979.95
Thailand,11-11-2011,29.1,19.6,24.3,0,8.6,22,37048.65
Thailand,12-11-2011,30.5,19.3,24.7,0,13,27.7,37046.2
Thailand,13-11-2011,31.3,19,25,0,11,27.7,36676.42
Thailand,14-11-2011,31.8,20.7,25.9,0,12.9,30.6,35765
Thailand,15-11-2011,31.6,21.7,26.2,0,12.1,29.2,36506.65
Thailand,16-11-2011,31.7,21.1,26.4,0,11.6,25.6,34868.56
Thailand,17-11-2011,32.4,21.6,27,0,7.7,19.8,36328.11
Thailand,18-11-2011,32.3,21.2,27.2,0.2,5.2,16.9,36503.72
Thailand,19-11-2011,32.3,22.1,27.2,0,6.8,20.2,36259.67
Thailand,20-11-2011,31.9,23.3,27,0,18.7,40.3,36433.7
Thailand,21-11-2011,31.5,22,26.4,0,17.8,37.1,35375.8
Thailand,22-11-2011,32,23.5,27.3,0,21,47.2,36095.62
Thailand,23-11-2011,31.4,24.3,27.3,0,24.2,54,36188.78
Thailand,24-11-2011,30.6,22.9,26.2,0,19.2,39.6,35339.7
Thailand,25-11-2011,31,20.4,25.4,0,15.2,34.2,34009.58
Thailand,26-11-2011,31.6,20.6,26.1,0,15.5,34.6,36007.76
Thailand,27-11-2011,31.3,21,26.1,0,11,33.5,36045.61
Thailand,28-11-2011,31.7,21.7,26.4,0,8.1,22.3,36392.33
Thailand,29-11-2011,31.9,21.1,26.5,0,7.2,19.1,36393.08
Thailand,30-11-2011,31.2,21.6,26.4,0,10.8,28.4,36212.89
Thailand,01-12-2011,31.2,21,26.1,0,10.6,28.4,36303.75
Thailand,02-12-2011,30,21.4,25.1,0,15.3,37.8,36304.1
Thailand,03-12-2011,29.2,19.9,24.3,0,14.9,33.1,36212.54
Thailand,04-12-2011,29.5,19.4,24.2,0,15.2,34.6,36489.54
Thailand,05-12-2011,29.9,19.2,24.3,0,13.2,30.6,36490.95
Thailand,06-12-2011,31.1,18.7,24.8,0,11.4,31.3,36492.38
Thailand,07-12-2011,31.3,21.4,26.4,0,13.2,33.1,36021.93
Thailand,08-12-2011,31.4,22.7,26.8,0,18.4,45.7,36209.88
Thailand,09-12-2011,30,22.6,25.9,0,16.3,39.6,36400.8
Thailand,10-12-2011,28.3,19.7,23.7,0,20.5,43.9,36691.92
Thailand,11-12-2011,26.4,16.9,21.4,0,20,41.4,36793
Thailand,12-12-2011,26.8,15,20.9,0,13.5,30.6,36896.11
Thailand,13-12-2011,27.9,13.7,20.9,0,8.8,25.6,36801.72
Thailand,14-12-2011,28.5,14.9,22,0,10.8,26.6,36705.21
Thailand,15-12-2011,30.2,19.5,24.7,0,12.5,32.4,36000
Thailand,16-12-2011,29.7,22,24.9,0,17.4,39.2,36608.47
Thailand,17-12-2011,28.4,20.3,23.8,0,18.8,41.8,36714.56
Thailand,18-12-2011,29.1,18.7,23.4,0,17.4,40,36928.23
Thailand,19-12-2011,28.1,18.5,23,0,15.5,34.9,37132.76
Thailand,20-12-2011,29,17.1,23,0,12,28.8,37215.39
Thailand,21-12-2011,30.1,17.2,23.7,0,10.5,27.4,37082.98
Thailand,22-12-2011,29.3,19.2,24.5,0,18.3,34.9,25032.77
Thailand,23-12-2011,29.8,22.2,25.5,0,19.9,45,30676.37
Thailand,24-12-2011,26.8,20.1,23.3,0,23.7,49.3,37350.94
Thailand,25-12-2011,25.2,16.5,20.5,0,22.3,44.6,37446.53
Thailand,26-12-2011,25.6,15.6,20.3,0,17.3,39.2,37430.45
Thailand,27-12-2011,28.3,15.1,21.8,0,11.7,28.4,37415.32
Thailand,28-12-2011,30.4,17.3,23.6,0,13.6,33.5,37166.57
Thailand,29-12-2011,31,18.5,24.6,0,10.4,27,37557.05
Thailand,30-12-2011,30.5,19,24.7,0,16.6,39.6,37253.41
Thailand,31-12-2011,31,20.7,25.4,0,15.4,38.5,37117.97
Thailand,01-01-2012,30.5,21,25.2,0,16.1,37.8,37594.17
Thailand,02-01-2012,30.5,21.6,25.8,0,13.4,32.4,36471.59
Thailand,03-01-2012,31.4,22,26.2,0.2,10.2,27.4,34597.89
Thailand,04-01-2012,30.7,22.8,26.1,1,14.6,38.5,28523.06
Thailand,05-01-2012,29,22.2,25.5,0,14.6,36.4,37662.79
Thailand,06-01-2012,31.4,20.9,26.3,0,11.1,27.4,36646.52
Thailand,07-01-2012,31.3,20.7,25.9,0,15.2,37.4,37016.61
Thailand,08-01-2012,30.1,19.5,24.5,0,17,38.2,37727.34
Thailand,09-01-2012,29.6,18.9,23.8,0,17.1,38.2,37751.16
Thailand,10-01-2012,29.1,17.7,23.5,0.2,15.5,34.6,37776.07
Thailand,11-01-2012,28,20.4,23.9,0,17.1,36.4,29740.38
Thailand,12-01-2012,28.4,20.7,23.9,0,16.2,35.3,28771.96
Thailand,13-01-2012,29.4,21,25,0.1,12.8,32.8,25664.02
Thailand,14-01-2012,31,20.9,25.9,0,10.1,24.5,35360.97
Thailand,15-01-2012,30.2,22.5,26.3,0.3,10.6,27.7,37915.7
Thailand,16-01-2012,32.3,19.7,25.7,0,6.2,19.4,37908.39
Thailand,17-01-2012,33,20.4,26.7,0.2,6.7,19.1,37978.68
Thailand,18-01-2012,31.6,21.5,26.6,0.4,8.1,23.4,38012.19
Thailand,19-01-2012,31.7,22.5,26.9,0.1,6.6,19.1,37340.04
Thailand,20-01-2012,31.7,23.4,26.9,4.5,8,20.5,38082.91
Thailand,21-01-2012,30.8,22.9,25.9,6.1,10,30.6,37624.04
Thailand,22-01-2012,31.5,23.2,26.9,0.1,6.9,24.8,38158.1
Thailand,23-01-2012,31.6,22.4,26.6,0.1,7.3,22.7,38197.21
Thailand,24-01-2012,30.8,23.3,26.7,0,11.2,26.6,38237.25
Thailand,25-01-2012,30.6,22.2,26.1,0.1,15.1,36,38278.16
Thailand,26-01-2012,30.3,21.8,25.8,0,14.5,34.9,38319.86
Thailand,27-01-2012,30.4,20.1,25.6,0,10.8,22,38362.31
Thailand,28-01-2012,30.8,21.9,26.3,0.1,5.2,18,38405.45
Thailand,29-01-2012,31.7,22.1,27.1,0,13.1,32.8,38449.21
Thailand,30-01-2012,29.4,24.3,26.5,0.3,17,38.9,33208.7
Thailand,31-01-2012,26.6,22.3,24.4,2,16.2,37.4,30259.76
Thailand,01-02-2012,30.8,20.8,25.6,0,13,29.9,30100.23
Thailand,02-02-2012,32.4,21.8,26,4.8,11,27.4,33610.88
Thailand,03-02-2012,30.4,23,26,2.9,7.7,24.5,37409.46
Thailand,04-02-2012,30.2,22.3,26.1,0,9.4,23.8,38721.72
Thailand,05-02-2012,32.7,21.8,27.2,0.4,8.8,19.1,38768.32
Thailand,06-02-2012,33.2,23.2,27.5,0,8.6,23.4,38815.59
Thailand,07-02-2012,34.2,21.2,27.6,0,9.1,22,38863.69
Thailand,08-02-2012,34.5,20.7,27.9,0,6.4,18.4,38912.55
Thailand,09-02-2012,33.3,24,28.4,0,12.2,32,38962.13
Thailand,10-02-2012,31.6,23.3,27.2,2,8.7,22.3,39012.35
Thailand,11-02-2012,32.6,23.6,27.8,0.1,11.9,35.3,39063.14
Thailand,12-02-2012,32.3,22.3,27.4,0,14.9,36,39114.47
Thailand,13-02-2012,33.5,21.7,27.9,0,6.8,23.4,39166.26
Thailand,14-02-2012,34.2,23.2,28.9,0,5.4,17.6,39218.46
Thailand,15-02-2012,34.5,22.8,28.9,0,6.5,18.7,39271.02
Thailand,16-02-2012,35.1,23.3,29.2,0,6.5,18.4,39323.86
Thailand,17-02-2012,33.9,24.3,28.6,0,16.5,38.9,39376.96
Thailand,18-02-2012,32.1,23.2,27.2,0,18,41,39413.56
Thailand,19-02-2012,31.1,21.2,25.7,0,20.5,46.1,35318.04
Thailand,20-02-2012,31.4,19.6,25.5,0,17.3,35.3,39537.19
Thailand,21-02-2012,33.4,19.1,26.8,0,10.9,27.4,39588.21
Thailand,22-02-2012,34.4,19.6,27.7,0,8.1,20.9,39600
Thailand,23-02-2012,35.7,20.9,28.8,0,8,23.4,39600
Thailand,24-02-2012,35.8,22.8,29.5,0,7.7,23,39600
Thailand,25-02-2012,36.3,23.6,29.9,0,8.2,19.1,39600
Thailand,26-02-2012,35.5,24.2,29.8,0.8,8.6,19.4,39600
Thailand,27-02-2012,34.6,24.7,29,4.9,13.6,31.3,39600
Thailand,28-02-2012,34.3,24.7,29.2,0.8,13.5,28.8,39600
Thailand,29-02-2012,34.8,22.9,29.1,0,10.2,24.8,39600
Thailand,01-03-2012,34.3,23.6,28.8,0.3,7.2,22,39600
Thailand,02-03-2012,34.4,24.6,28.6,2.5,10.2,19.4,39600
Thailand,03-03-2012,34.8,24.4,29,1.6,15,33.1,39600
Thailand,04-03-2012,34.3,24.1,29.3,0.2,12.9,32.4,39600
Thailand,05-03-2012,33.8,24,29.2,0,8.5,25.2,39600
Thailand,06-03-2012,34.5,24.9,29.7,0,11.8,28.1,39600
Thailand,07-03-2012,34.3,23.6,29.3,0,8.8,22.7,39600
Thailand,08-03-2012,34.8,25.2,29.5,1.3,11.2,28.8,39600
Thailand,09-03-2012,33.4,25.5,28.8,2.6,8.3,22.7,38277.97
Thailand,10-03-2012,31.1,25,27.1,20.2,11.2,31.7,31802.26
Thailand,11-03-2012,32,23.4,26.9,1.3,13.8,30.6,37976.33
Thailand,12-03-2012,32.4,24,27.7,0,15.7,36,39600
Thailand,13-03-2012,33.7,23.5,28.4,0.1,11.9,30.6,39600
Thailand,14-03-2012,33.7,24.9,29,0,9.9,27,39600
Thailand,15-03-2012,32.9,24.6,28.2,4.4,8.5,24.5,37356.2
Thailand,16-03-2012,34.1,24.3,28.7,1,8.7,26.6,38848.09
Thailand,17-03-2012,34.2,24.2,29,1.3,12.4,30.6,39720.45
Thailand,18-03-2012,33.2,24.1,28.5,0.4,10.9,27.7,39716.65
Thailand,19-03-2012,34.3,23.8,29,0.1,9.4,23.8,39794.41
Thailand,20-03-2012,35,23.4,29.3,0,11.7,27,39875.98
Thailand,21-03-2012,35.5,21.7,28.7,0,9.8,24.8,40134.06
Thailand,22-03-2012,35.6,21.1,28.8,0,9.5,23.4,40227.11
Thailand,23-03-2012,35.6,22.3,29.3,0,8.7,18.4,40233.01
Thailand,24-03-2012,33.6,24.8,28.1,0.3,19.9,48.2,39600
Thailand,25-03-2012,32.7,23.1,27.8,0,16.9,37.4,39770.36
Thailand,26-03-2012,34,24.5,29,0.1,14.4,36,39861.03
Thailand,27-03-2012,34.3,24.8,29.3,0,15.5,33.8,40446.08
Thailand,28-03-2012,34.3,25,29.4,0,14.1,33.8,39852.15
Thailand,29-03-2012,35.6,23.3,30.1,0,10.3,23.8,40661.21
Thailand,30-03-2012,36.4,25,30.6,0.1,7.9,22.3,39402.04
Thailand,31-03-2012,34.8,25.9,29.9,0.7,20.9,49,40256.4
Thailand,01-04-2012,32.6,24.4,28,0,18.1,39.6,23260.76
Thailand,02-04-2012,34.5,22.6,28.8,0,9.8,24.5,41014.46
Thailand,03-04-2012,36,23.6,30.2,0,12.1,22.7,39817.22
Thailand,04-04-2012,33.6,25.5,29.5,0.9,13.2,26.6,37637.06
Thailand,05-04-2012,33.2,25.4,28.5,3,7.1,24.5,38690.7
Thailand,06-04-2012,33.7,25.7,28.6,2.8,9.3,27.7,38553.98
Thailand,07-04-2012,33.1,24.3,28.3,0.9,11.3,27.4,40481.28
Thailand,08-04-2012,32.3,23.2,27.6,2.6,10.3,28.4,40714.91
Thailand,09-04-2012,33.5,24,27.8,12.1,6.6,20.9,41189.12
Thailand,10-04-2012,33.2,24,28.2,3.3,10.8,20.9,41315.64
Thailand,11-04-2012,33.9,23.7,28.8,0.9,9.2,23.8,41689.85
Thailand,12-04-2012,34.9,24.5,30,0.2,9.2,25.6,41730.28
Thailand,13-04-2012,35.4,25.3,30.6,0.2,11.2,23,41770.39
Thailand,14-04-2012,35.5,26.4,30.7,0,10.4,22.7,39897.97
Thailand,15-04-2012,35.3,26,30.1,1.5,10.5,27,32954.29
Thailand,16-04-2012,33.4,26.3,29.1,7.7,10.6,28.8,37168.41
Thailand,17-04-2012,34.8,25.8,29.9,1.2,12.6,29.9,41363.89
Thailand,18-04-2012,35.2,25.5,30.1,0.5,12.4,33.5,41240.88
Thailand,19-04-2012,35.3,26.3,30.7,1.8,13.1,31.3,42001.2
Thailand,20-04-2012,36,26.7,30.7,2.1,12.1,30.6,42037.45
Thailand,21-04-2012,36.4,26.7,31.5,0,12.5,27.7,42072.9
Thailand,22-04-2012,35.3,26.4,30.8,0,12.4,27.7,42107.51
Thailand,23-04-2012,36.1,27.2,31.5,0,13.7,33.5,42141.19
Thailand,24-04-2012,36.5,27,31.8,0,13.2,32.4,42173.91
Thailand,25-04-2012,36.7,27.6,32.2,0.4,12,29.5,42205.58
Thailand,26-04-2012,37.9,28.1,32.5,3.7,13.1,32.4,42236.46
Thailand,27-04-2012,36.7,27.8,31.3,3.8,14.2,28.1,40128.49
Thailand,28-04-2012,35,26.6,30.4,1.8,11.8,25.9,40584.37
Thailand,29-04-2012,36.3,26.5,30.7,6.7,12.7,28.1,42325.85
Thailand,30-04-2012,35,25.2,30.1,0.7,8.6,27.7,42354.47
Thailand,01-05-2012,36.5,26.9,31.5,0.1,10.3,27.4,42386.12
Thailand,02-05-2012,35.9,27.3,31.3,2.1,12.2,27.7,42411.77
Thailand,03-05-2012,34.4,26.3,30.2,2.4,10.5,29.2,42436.4
Thailand,04-05-2012,33.8,26.2,29.8,5,11.9,25.2,42462.31
Thailand,05-05-2012,33.6,25.1,28.5,4,12.6,30.2,37531.86
Thailand,06-05-2012,31.1,24.6,27.1,7.3,15,36.4,23515.35
Thailand,07-05-2012,31.5,24.6,27.2,9.1,11.7,30.2,27291.73
Thailand,08-05-2012,32.6,24.3,27.9,1.8,9.2,20.9,38271.97
Thailand,09-05-2012,32.4,24.7,28.4,1.8,9,20.5,42580.03
Thailand,10-05-2012,33.3,25.4,29.1,0.4,7.6,22.3,42601
Thailand,11-05-2012,34.6,25.3,29.6,4,8.4,24.8,42560.43
Thailand,12-05-2012,34.9,26,30.3,0.3,10.1,28.8,42697.25
Thailand,13-05-2012,34.9,25.5,30,0.3,9.8,27.7,42658.25
Thailand,14-05-2012,35,25.6,30.5,1.6,10.4,32,42806.95
Thailand,15-05-2012,35.6,25.7,30.1,7.2,9,29.2,41039.52
Thailand,16-05-2012,31.6,24.1,27.1,17.3,7.3,22.7,17671.56
Thailand,17-05-2012,31.7,24.6,27.5,20.9,7,20.5,35661.91
Thailand,18-05-2012,30.7,24.6,27.2,7.5,8.1,24.5,29643.65
Thailand,19-05-2012,30.1,25.2,27,12.4,13,31.7,36960.91
Thailand,20-05-2012,30.7,25.1,27.7,0.5,15.4,32.4,41797.85
Thailand,21-05-2012,32.3,25.4,28.6,0.3,13.1,28.4,42506.98
Thailand,22-05-2012,32.7,25.7,29.1,0.3,11.5,28.4,40258.25
Thailand,23-05-2012,32.9,26.2,28.8,3.2,12.9,33.8,39221.43
Thailand,24-05-2012,32.6,25.4,28.5,0.8,11.1,29.2,35113.91
Thailand,25-05-2012,32.5,25.1,27.8,8.4,12.4,27.7,32736.57
Thailand,26-05-2012,32.6,24.9,27.7,18.2,9.1,31.7,39523.8
Thailand,27-05-2012,31.3,24.9,27.2,14.6,12,30.2,31017.56
Thailand,28-05-2012,30.4,24.7,26.4,17.7,10.4,27.7,11748.53
Thailand,29-05-2012,30.7,24.5,26.9,19.5,13.8,31.3,37650.77
Thailand,30-05-2012,31.2,24.7,27.4,6.7,13.4,32,36046.55
Thailand,31-05-2012,30.9,24.8,27.6,8.5,10.1,25.6,36518.25
Thailand,01-06-2012,30.1,25.2,27.1,13.8,6.2,22,27395.17
Thailand,02-06-2012,31,24.6,27.3,9.2,9.4,27.4,29095.23
Thailand,03-06-2012,31.8,25.2,27.6,16,15.3,33.5,34859.74
Thailand,04-06-2012,31.1,24.7,27,17.4,14,29.9,34561.84
Thailand,05-06-2012,31.6,24.5,27.3,1.1,11.8,31,39945.62
Thailand,06-06-2012,31.8,25,27.6,15.8,8.8,25.2,38450.32
Thailand,07-06-2012,30.9,24.7,27.2,11.1,7.4,18,25237.86
Thailand,08-06-2012,29.1,25.2,26.6,9.1,12.6,30.6,14221.22
Thailand,09-06-2012,31,25,27.4,4.7,18.1,39.6,35224.47
Thailand,10-06-2012,30.5,24.8,27.1,5.1,18.6,47.2,35790.32
Thailand,11-06-2012,31.1,25.1,27.7,1.6,15.4,39.6,41952.84
Thailand,12-06-2012,31,24.8,27.4,8.8,15.9,41.8,41163.6
Thailand,13-06-2012,30.6,25.2,27.7,3.6,15.6,43.2,38354.55
Thailand,14-06-2012,30.8,24.5,27.7,1.8,16.3,40,42749.08
Thailand,15-06-2012,30.7,24,27.5,2.1,14.1,34.9,42409.45
Thailand,16-06-2012,32,24.5,27.5,6.9,12.9,39.2,38873.61
Thailand,17-06-2012,31.2,25,27.2,2.9,16.1,52.6,29434.11
Thailand,18-06-2012,31,24.9,27.4,2.7,17.1,55.4,35914.42
Thailand,19-06-2012,29.2,25.2,26.7,4,14.8,55.8,9792.01
Thailand,20-06-2012,29,24.3,26.4,3.8,16,39.6,8734.91
Thailand,21-06-2012,31.3,24.5,27,7.4,18.1,43.6,34394.62
Thailand,22-06-2012,30.3,24.2,26.9,6.5,13.1,38.9,39065.5
Thailand,23-06-2012,30.5,24.1,26.9,4.4,12.2,34.2,35053.93
Thailand,24-06-2012,30.8,24.6,27.3,0.4,12.5,37.4,26086.01
Thailand,25-06-2012,30.4,24.5,26.9,5.7,16.5,45.4,30857.71
Thailand,26-06-2012,29.4,24.1,26.5,5,16.9,46.1,35689.41
Thailand,27-06-2012,29.9,24.2,26.7,0.3,14,46.1,34817.3
Thailand,28-06-2012,30.7,23.7,26.8,3.8,12.8,45.7,36708.62
Thailand,29-06-2012,31,24.3,27.2,8,15.9,42.5,42572.09
Thailand,30-06-2012,31.2,24,26.9,13.7,12.6,36.4,34078.8
Thailand,01-07-2012,31.2,24.9,26.9,9.4,14.9,35.3,33883.16
Thailand,02-07-2012,29.4,24.3,26.8,0.9,9.1,37.1,22931.76
Thailand,03-07-2012,30.1,24.6,26.7,5.1,6.1,27,25053.78
Thailand,04-07-2012,30.2,24.1,26.8,13.4,11.7,32.4,33230.98
Thailand,05-07-2012,30.2,24.2,26.7,17.3,7.5,24.8,25957.2
Thailand,06-07-2012,28.9,24.1,26,12.9,11.6,27.4,11198.62
Thailand,07-07-2012,30.6,24.5,26.6,6,10.7,32.8,33749.12
Thailand,08-07-2012,29.6,24.6,26.6,5.4,11.8,29.9,30375.63
Thailand,09-07-2012,28.7,24,26.4,8.3,11.1,24.8,24688.37
Thailand,10-07-2012,31.4,23.9,27,7.6,8.4,21.6,40530.11
Thailand,11-07-2012,31.6,23.6,27.3,3.6,7.6,20.9,41762.86
Thailand,12-07-2012,31.3,24.7,27.4,16.9,13.4,32.4,38936.37
Thailand,13-07-2012,31,24.5,27.2,5.6,13.5,28.1,42804.79
Thailand,14-07-2012,31,24.7,27.1,10.2,12.7,33.8,41478.95
Thailand,15-07-2012,30.1,24,27,3.1,12.9,29.5,43332.93
Thailand,16-07-2012,31.2,24.1,27.3,0.5,14,34.2,42978.78
Thailand,17-07-2012,30.8,23.8,27.1,6,13.3,35.6,42262.88
Thailand,18-07-2012,29,24.7,26.1,4.4,12.3,42.1,10825.99
Thailand,19-07-2012,28.3,23.8,25.8,2.2,13.3,33.5,24342.53
Thailand,20-07-2012,29.8,23.8,26.7,0.7,11.8,33.1,33485.73
Thailand,21-07-2012,31.3,24.7,27.6,1.5,12.1,37.4,42561.03
Thailand,22-07-2012,30.9,24.2,27.5,0.1,13.6,34.2,42435.41
Thailand,23-07-2012,30,24.3,27.1,0.9,14.8,40,26223.39
Thailand,24-07-2012,29.8,24.8,26.3,9.9,15.5,56.5,15540.72
Thailand,25-07-2012,28.9,23.9,25.8,2.8,18.7,53.6,7998.24
Thailand,26-07-2012,29.2,23.8,26.2,1.7,17.4,44.3,24835.71
Thailand,27-07-2012,29.5,23.7,25.6,13.9,15.8,41.8,17381.05
Thailand,28-07-2012,30.4,23.8,26.2,14.5,14.2,39.2,34259.24
Thailand,29-07-2012,29,23.9,26,3.2,12.6,47.5,17143.2
Thailand,30-07-2012,28.6,23.5,25.7,2.3,16,51.5,24879.63
Thailand,31-07-2012,29.8,24.1,26.6,0.4,22.4,63,39600
Thailand,01-08-2012,30.1,24,26.5,1.1,17.4,49.7,36000
Thailand,02-08-2012,28.9,24.3,26.4,0.1,15.1,50.4,39419.5
Thailand,03-08-2012,30.4,23.9,26.7,2.6,14,47.9,36519.46
Thailand,04-08-2012,30,24.5,26.8,0.7,13.7,43.9,29204.88
Thailand,05-08-2012,30.1,24.3,26.8,0.2,15.1,38.2,39921.61
Thailand,06-08-2012,29.7,23.7,26.3,1.9,14.9,44.3,29568.68
Thailand,07-08-2012,31.1,24.2,27.2,0.5,18.2,44.6,33833.39
Thailand,08-08-2012,29.7,23.8,26,11.4,13.4,45.4,16179.46
Thailand,09-08-2012,25.8,23.4,24.5,17.8,15.4,33.1,0
Thailand,10-08-2012,28.8,23,25.6,3.4,16.7,50.4,32946.42
Thailand,11-08-2012,30.2,24.1,26.7,1.2,14,46.1,32188.1
Thailand,12-08-2012,30.6,23.8,26.3,4.2,13.8,32.8,23191.38
Thailand,13-08-2012,31,23.4,26.6,0.6,11.3,35.3,34565.99
Thailand,14-08-2012,30.5,24,26.8,0.4,13.9,35.6,38070.29
Thailand,15-08-2012,31,24.1,26.9,10.7,12.1,33.1,37308.34
Thailand,16-08-2012,30.4,23.7,26.9,1.2,13.4,32,39400.13
Thailand,17-08-2012,31.4,24.7,27.1,3.1,13.3,40.3,30352.69
Thailand,18-08-2012,31.4,24.1,26.4,10.1,12.6,38.5,20776.41
Thailand,19-08-2012,29.9,24.7,26.5,6.3,11.9,27.4,30613
Thailand,20-08-2012,30.1,23.9,26.7,2.6,8.2,24.5,31288.64
Thailand,21-08-2012,29.9,23.9,26.8,0.1,11,28.4,24878.74
Thailand,22-08-2012,31.8,23.6,27.3,17.7,12.2,24.5,41354.54
Thailand,23-08-2012,30.8,24.1,27,7.8,6.8,21.2,24074.26
Thailand,24-08-2012,29.9,24.4,26.7,15.1,7.8,19.8,28968.41
Thailand,25-08-2012,30.4,24,26.3,25.5,8,23.8,27008.29
Thailand,26-08-2012,29.6,23.8,26.4,6.4,9.8,24.1,29296.29
Thailand,27-08-2012,30.4,24.2,26.4,15.6,7.4,25.6,37636.16
Thailand,28-08-2012,29.7,23.9,26.5,20.4,8.7,24.8,38407.84
Thailand,29-08-2012,29.8,24.4,26.3,9.8,12,36,20923.09
Thailand,30-08-2012,30.3,24.3,26.7,6.3,8.8,28.4,39298.23
Thailand,31-08-2012,28.3,24.3,26,6.6,12.1,33.1,23657.63
Thailand,01-09-2012,29.5,24,26.1,8.4,13.1,38.2,39418.92
Thailand,02-09-2012,29.6,23.8,25.8,16.2,7.8,24.8,21663.48
Thailand,03-09-2012,28.7,23.8,25.8,8.1,10.5,37.1,13275.01
Thailand,04-09-2012,30,24,26.4,5.4,10.7,25.2,36066.62
Thailand,05-09-2012,30.2,23.7,26.2,6.1,9.3,30.6,20690.97
Thailand,06-09-2012,28.4,23.9,26,21.7,7.3,31.3,10852.93
Thailand,07-09-2012,29.9,24.5,25.7,11,14.1,36,20776.9
Thailand,08-09-2012,30,24.7,26.6,1.8,11.6,28.4,26087.02
Thailand,09-09-2012,30.7,23.6,26.6,1.4,7.7,20.9,31481.81
Thailand,10-09-2012,29.9,24,26.4,6.4,6.6,19.8,33563.22
Thailand,11-09-2012,31.1,23.9,27.1,5.6,10.6,22.3,38152.85
Thailand,12-09-2012,30.7,23.7,26.8,12.6,9.7,19.4,35920.94
Thailand,13-09-2012,30.6,24.1,26.9,4.7,5.1,16.2,36903.25
Thailand,14-09-2012,29.8,24,26.4,17,10.8,25.9,37783.89
Thailand,15-09-2012,30.1,23.4,26.5,2.8,17,43.9,40658.07
Thailand,16-09-2012,29.9,23.9,26.7,2.4,17.7,36.7,40132.36
Thailand,17-09-2012,30.6,24,26.7,4.1,5.6,29.5,31626.66
Thailand,18-09-2012,30,24.1,26.7,6.3,7.5,26.6,34170.34
Thailand,19-09-2012,30.9,23.9,26.7,6.8,6.2,21.2,38713.1
Thailand,20-09-2012,30.1,24.1,26.6,12.6,7.9,19.1,39346.14
Thailand,21-09-2012,30.5,24.1,26.2,11.5,6.3,19.4,31187.47
Thailand,22-09-2012,30.8,23.4,26.5,7.5,6.7,19.8,36525.73
Thailand,23-09-2012,30.9,24,27.2,3.3,6.2,19.4,33664.63
Thailand,24-09-2012,31.1,24.3,27.1,10.5,6.2,16.9,38663.45
Thailand,25-09-2012,30.4,24,26.6,17,7.4,22.7,29902.48
Thailand,26-09-2012,31,23.7,26.6,12.7,5.6,23.8,36287.64
Thailand,27-09-2012,28.9,24,26.3,10.6,7.7,25.2,22048.42
Thailand,28-09-2012,30.2,23.4,26.3,25.8,5.6,36.7,34555.03
Thailand,29-09-2012,30.5,23.4,26.8,2.1,13,28.1,39045.37
Thailand,30-09-2012,30.2,23.5,26.6,0.2,8.7,25.2,40292.35
Thailand,01-10-2012,30.1,24.4,27,0.1,5.4,20.9,38662.56
Thailand,02-10-2012,30.7,23.9,26.9,0.8,4,15.5,40084.67
Thailand,03-10-2012,30.6,23.8,27,5.5,6.2,20.2,39887.84
Thailand,04-10-2012,30.7,23.8,26.5,13,7.1,24.8,36853.68
Thailand,05-10-2012,30.6,24,27,5.2,5.9,17.6,38116.15
Thailand,06-10-2012,29.6,23.9,26.4,18.2,10.9,30.2,34674.21
Thailand,07-10-2012,30.1,23.7,26.5,7.4,13.2,29.9,35416.64
Thailand,08-10-2012,26.7,23.2,24.8,6.3,16.3,40,13062.61
Thailand,09-10-2012,28.7,23.7,25.4,4.7,20,40.3,30311.48
Thailand,10-10-2012,30.2,22.7,26.3,0,9.4,29.9,39611.19
Thailand,11-10-2012,30.7,21.6,26.3,0,9.8,28.4,40025.84
Thailand,12-10-2012,30.8,22.2,26.5,0,7.5,22,39800.22
Thailand,13-10-2012,31,22.3,26.9,0.1,4.9,15.8,39913.44
Thailand,14-10-2012,31,23.3,27.1,0,5.2,18,39666.23
Thailand,15-10-2012,30.6,22.6,26.9,0.6,6.6,20.5,38817.98
Thailand,16-10-2012,30.9,23.3,27.2,0,5.1,16.6,38263.32
Thailand,17-10-2012,31.8,22,26.7,0,8.1,20.9,39428.25
Thailand,18-10-2012,30.7,20.7,25.6,0,13.9,31.3,39731.48
Thailand,19-10-2012,30.7,19.8,25.6,0,6.3,18.4,38795.4
Thailand,20-10-2012,31.4,21.8,26.7,0.1,8.3,25.9,38916.84
Thailand,21-10-2012,32,22.3,27.2,0,10.8,27,39249.26
Thailand,22-10-2012,31.8,22.2,26.8,0,13.6,34.2,38453.11
Thailand,23-10-2012,31.6,22,26.7,0,12.4,27,38671.11
Thailand,24-10-2012,31.7,22.4,26.7,1,11.2,28.1,36696.19
Thailand,25-10-2012,31.8,23.5,27.2,0,5.5,28.4,37465.86
Thailand,26-10-2012,32,22,27.1,0,8.8,21.2,38756.59
Thailand,27-10-2012,32.2,22.2,27.2,0,10.2,23,38532.48
Thailand,28-10-2012,32.7,21.8,27.3,0,6.8,16.2,37889.41
Thailand,29-10-2012,32.5,24.1,28.3,0.1,6.8,16.9,37462.67
Thailand,30-10-2012,33.3,24.4,28.2,0.4,6.6,19.8,37256.33
Thailand,31-10-2012,30.7,24.2,27.1,1.2,12.3,41.4,35838.09
Thailand,01-11-2012,31,23.5,26.5,0,11.9,28.8,37252.61
Thailand,02-11-2012,31.3,21,26.3,0,6.4,19.1,32938.12
Thailand,03-11-2012,32.2,21.2,27.1,0,6.8,17.6,35391.27
Thailand,04-11-2012,32.5,21.7,27.3,0,6.2,18.4,37453.42
Thailand,05-11-2012,32.8,22.7,27.7,0.2,10.1,27,37350.5
Thailand,06-11-2012,32.4,24.6,27.8,2,6.4,22.3,36183.83
Thailand,07-11-2012,32.4,23.5,28.1,0.1,7,22,36957.86
Thailand,08-11-2012,32.4,24.3,28.2,0,6.3,19.4,36479.73
Thailand,09-11-2012,32.7,24.2,28.3,0.5,6.9,18.7,36577.25
Thailand,10-11-2012,33,23.8,28.6,0.3,5.9,16.2,36675.04
Thailand,11-11-2012,33.5,24.4,28.6,3.6,6.5,22,36384.5
Thailand,12-11-2012,31.2,24.7,27.4,1,16.2,31,25262.93
Thailand,13-11-2012,32,23.6,27.7,0,12.6,34.9,36000
Thailand,14-11-2012,32.6,22.8,27.7,0,8.6,22.3,36295.59
Thailand,15-11-2012,32.9,23.2,27.9,0,8.4,25.6,36204.95
Thailand,16-11-2012,33.3,21.9,27.6,1.9,7.2,25.2,35966.27
Thailand,17-11-2012,30.5,24.6,27,1.8,17.1,43.9,35799.48
Thailand,18-11-2012,29.9,23.9,26.5,2.6,14.4,33.5,32400
Thailand,19-11-2012,30.8,23.8,26.7,0.3,9,25.9,24911.48
Thailand,20-11-2012,31.5,23.7,27.2,4.2,5.1,18.7,34527.7
Thailand,21-11-2012,33,24.3,27.8,2.8,6.1,18,36062.84
Thailand,22-11-2012,32.3,23.8,27.7,0.7,8.7,22.7,36210.88
Thailand,23-11-2012,33.1,24,28.2,0.3,5.6,17.6,36033.09
Thailand,24-11-2012,32.4,24,27.4,2.6,9.3,26.6,23825.98
Thailand,25-11-2012,30.2,23.9,26.8,1.6,6.4,21.6,29688.07
Thailand,26-11-2012,31.8,23.6,26.9,3.3,5.4,22.3,36000
Thailand,27-11-2012,31.2,23.9,27.1,0.3,9.8,32,36033.5
Thailand,28-11-2012,30.6,23.7,26.4,15.8,9.7,23.4,28819.38
Thailand,29-11-2012,30.4,23.2,26.5,1.5,6.8,24.1,36000
Thailand,30-11-2012,31.2,23.9,27.5,0.1,6.5,18.7,36213.09
Thailand,01-12-2012,31.2,23.9,27.5,2.1,4.6,14.8,36000
Thailand,02-12-2012,31.5,23.8,27.3,0.8,6,17.6,36000
Thailand,03-12-2012,32.5,23.8,27.7,0.6,5.2,18,36000
Thailand,04-12-2012,31.1,23.7,27.5,0.1,5.8,23.8,36212.07
Thailand,05-12-2012,31.4,24.5,27.4,0.6,5.4,16.9,36304.96
Thailand,06-12-2012,28.7,23.3,25.6,0.2,14.2,32.4,29485.62
Thailand,07-12-2012,30.6,22.1,25.8,0,10.5,24.8,36399.99
Thailand,08-12-2012,30.6,22.8,26.3,0.1,8.1,26.3,36208.84
Thailand,09-12-2012,30.8,22,26.3,0,8.9,24.1,36498.14
Thailand,10-12-2012,30.2,22.4,26.3,0.3,6.2,16.2,36206.22
Thailand,11-12-2012,30.8,22.1,26.3,0,6.6,21.6,36402.22
Thailand,12-12-2012,30.8,22.7,26,0,9.9,26.6,36103.04
Thailand,13-12-2012,31.3,21,26.1,0,8.4,25.2,34967.28
Thailand,14-12-2012,32.2,20.5,26.1,0,8.2,22.7,36810.26
Thailand,15-12-2012,32.8,20.8,27,0,6.5,19.1,36000
Thailand,16-12-2012,32.9,22.7,27.5,0,6.9,16.9,36506.01
Thailand,17-12-2012,33.3,21.8,27.5,0,7.9,16.2,36611.74
Thailand,18-12-2012,33.7,21.3,27.5,0,6.6,19.4,36710.64
Thailand,19-12-2012,31.7,23.3,26.8,0,14.8,36.4,36467.21
Thailand,20-12-2012,32.2,20.2,26.3,0,8.4,22.7,37088.87
Thailand,21-12-2012,33,20.1,26.6,0,7.3,19.8,37176.38
Thailand,22-12-2012,33.2,20.8,27.1,0,10.9,27.4,31095.04
Thailand,23-12-2012,30.4,23.5,26.3,0,22,51.8,36351.62
Thailand,24-12-2012,27.3,19.5,23.2,0,22.7,43.9,36775.97
Thailand,25-12-2012,29.2,18.4,23.7,0,14.1,33.1,37210.08
Thailand,26-12-2012,30.1,20.7,24.9,0.2,12.4,30.6,30954.03
Thailand,27-12-2012,31.5,20.6,25.8,0,8.4,26.3,37290.34
Thailand,28-12-2012,32,20,26.1,0,9.7,28.4,36328.79
Thailand,29-12-2012,33.1,20.9,27.2,0,7.6,23.4,36183.21
Thailand,30-12-2012,32,21.8,26.4,0,20.2,46.4,37120.82
Thailand,31-12-2012,27.4,18.4,22.5,0,24.1,48.2,37347.64
Thailand,01-01-2013,28,18.5,23.1,0,16.9,36.7,37607.91
Thailand,02-01-2013,30.8,17.7,24.5,0,10.5,28.1,37623.7
Thailand,03-01-2013,32,19.3,25.6,0,13.3,34.2,37640.72
Thailand,04-01-2013,30.4,20.4,25.2,0,16.6,37.4,37658.94
Thailand,05-01-2013,30.8,18.9,24.7,0,12.6,29.9,37678.34
Thailand,06-01-2013,30,19.9,24.5,0,14.3,34.9,35134.74
Thailand,07-01-2013,30.9,18.4,24.8,0,12.3,32,37521.96
Thailand,08-01-2013,31.8,18.9,25.7,0,7.9,24.8,37743.33
Thailand,09-01-2013,32.1,19,25.8,0,7.1,36.4,37767.18
Thailand,10-01-2013,30.4,22.3,25.8,0,18.3,41.4,37792.17
Thailand,11-01-2013,29.6,21.1,25.3,0,17.7,39.2,36294.48
Thailand,12-01-2013,30.3,22.4,25.9,0,15.5,36,37846.75
Thailand,13-01-2013,31.1,20.7,25.8,0,15.1,33.5,37876.1
Thailand,14-01-2013,31.4,19.6,25.7,0,12.1,30.2,37906.73
Thailand,15-01-2013,30.5,19.3,25.2,0,9.7,27.4,37938.59
Thailand,16-01-2013,31.3,21.4,26.7,0,13.7,33.8,37971.62
Thailand,17-01-2013,31.1,22.9,26.6,0,16.5,38.2,38005.77
Thailand,18-01-2013,28.6,20.4,23.9,0,23.8,49.7,38040.96
Thailand,19-01-2013,28.7,17.6,23,0,15.5,36,38077.13
Thailand,20-01-2013,30.5,16.4,23.6,0,9.6,26.3,38114.25
Thailand,21-01-2013,31.8,17,24.6,0,8.7,23.4,38152.24
Thailand,22-01-2013,33.2,19.4,26.6,0,8,26.6,38191.04
Thailand,23-01-2013,33.1,21.8,27.4,0,10.9,31,38230.6
Thailand,24-01-2013,33.2,22.8,28,0.2,8.2,25.2,37781.36
Thailand,25-01-2013,31.5,23.9,27.1,2.9,7.1,28.1,33752.15
Thailand,26-01-2013,30.9,23.3,26.4,2.6,7.3,27,36907.22
Thailand,27-01-2013,30.6,22.4,25.5,2.1,9,27,32052.14
Thailand,28-01-2013,27.4,21.2,24,2.3,16.6,36,37712.89
Thailand,29-01-2013,29.3,19.2,24.3,0,10.8,25.2,37963.97
Thailand,30-01-2013,30.6,21,25.8,0,13.5,31.3,38524.36
Thailand,31-01-2013,30.8,22.8,26.1,0,9,22.7,38568.65
Thailand,01-02-2013,30.8,20.6,25.3,1.4,5.9,20.2,36804.79
Thailand,02-02-2013,30.5,22.9,26.2,0,10,24.8,17981.12
Thailand,03-02-2013,32,21.9,26.3,0,10.6,27.7,29672.54
Thailand,04-02-2013,33.3,21.9,27.2,0.5,7,23,38754.79
Thailand,05-02-2013,33.6,22,28,0,7.7,23,38803.23
Thailand,06-02-2013,34.6,23.3,29,0,9.1,17.3,38852.32
Thailand,07-02-2013,35.3,22,28.8,0,9.4,23.4,38901.99
Thailand,08-02-2013,35.4,21.1,28.5,0,9.1,16.2,38952.18
Thailand,09-02-2013,32.6,24.8,28.9,0.5,12.7,33.8,39002.81
Thailand,10-02-2013,33.2,24.4,28.5,0,15.6,37.4,39053.86
Thailand,11-02-2013,34.2,22.9,28.8,0,9.8,29.2,39105.25
Thailand,12-02-2013,35.2,22.9,29.1,0,11.2,27,39156.91
Thailand,13-02-2013,33.1,22.9,28,0,20.9,43.9,39208.82
Thailand,14-02-2013,34.4,21.3,28.2,0,9.4,25.9,39260.91
Thailand,15-02-2013,36.1,21.2,29,0,7.3,22.3,39313.12
Thailand,16-02-2013,34.7,23.9,28.9,0,15.5,38.5,39365.42
Thailand,17-02-2013,35,22.6,29.4,0,8.7,27,39417.73
Thailand,18-02-2013,33.8,24.7,29.3,1.1,7.7,21.6,39470.03
Thailand,19-02-2013,33.5,24.9,29.3,0.1,6.2,19.8,39522.23
Thailand,20-02-2013,34.7,24.5,29.4,0.1,7.9,20.9,39574.66
Thailand,21-02-2013,33.7,24.9,29.1,0,15.9,37.8,39600
Thailand,22-02-2013,32.5,24,27.9,0,18,42.1,39600
Thailand,23-02-2013,31.4,21.4,26.4,0,20.4,44.6,39600
Thailand,24-02-2013,32.8,21.2,27,0,14,33.1,39600
Thailand,25-02-2013,35.3,22.9,29.3,0,12.4,31.7,39600
Thailand,26-02-2013,36.1,24.2,30.5,0,7,27.7,39600
Thailand,27-02-2013,36,25,30.8,0,10.3,23.8,39600
Thailand,28-02-2013,36,26,30.8,0.1,11,25.9,39600
Thailand,01-03-2013,36,25.9,30.8,0.2,11.6,30.6,39600
Thailand,02-03-2013,36.6,26.2,31.1,0.4,8.2,24.5,39600
Thailand,03-03-2013,33.5,25.8,28.7,0.4,20.2,42.5,39600
Thailand,04-03-2013,26.8,21.2,23,6.5,14.9,46.8,19636.42
Thailand,05-03-2013,30.4,21.1,24.9,0,11.9,34.2,39387.62
Thailand,06-03-2013,32.8,20.1,26.6,0,12.6,31.3,37011.28
Thailand,07-03-2013,33.3,21.2,27.6,0,11.9,32.4,39600
Thailand,08-03-2013,33.3,23.4,28.4,0,14.1,34.2,39600
Thailand,09-03-2013,34.5,22.6,28.5,0.3,11,28.1,39600
Thailand,10-03-2013,34.1,23.8,28.8,0.3,8,20.9,39600
Thailand,11-03-2013,34.5,23.4,28.7,0.8,9.4,24.5,39600
Thailand,12-03-2013,35.1,23.8,29.3,0,11.8,28.4,39602.31
Thailand,13-03-2013,34.8,22.6,28.8,0,7.7,19.8,39600
Thailand,14-03-2013,35,23.4,29.5,0,5.9,20.9,39659.64
Thailand,15-03-2013,34.7,25.2,29,2.7,10.2,28.8,39600
Thailand,16-03-2013,35.6,24,28.9,0.5,6.9,22,39600
Thailand,17-03-2013,35.7,24.4,29.8,0.5,10,26.6,39644.44
Thailand,18-03-2013,36.3,25.8,30.7,0,13.6,28.1,39796.99
Thailand,19-03-2013,36.9,24.8,30.7,0,12.7,24.8,39713.27
Thailand,20-03-2013,36.4,24.8,30.6,0,12.3,28.4,39792.25
Thailand,21-03-2013,36.8,24.6,30.5,0,9,21.6,39875.08
Thailand,22-03-2013,37.1,25.8,30.4,1.9,11.5,29.9,39873.45
Thailand,23-03-2013,36.9,24.9,30.8,0.3,11.4,26.6,39961.5
Thailand,24-03-2013,37.8,24.8,31.5,0,9.8,22.7,40237.52
Thailand,25-03-2013,37.8,25.1,31.4,0,13,31.7,40053.7
Thailand,26-03-2013,37.7,24.7,31,0,10.7,25.9,40245.96
Thailand,27-03-2013,37.9,23.4,30.8,0,10.7,27.7,40249.17
Thailand,28-03-2013,37.7,24.5,31.3,0,12.2,30.2,40550.81
Thailand,29-03-2013,37.1,25.7,31.7,0,14.2,30.6,40557.95
Thailand,30-03-2013,37.6,26,32,0,13,30.2,40667.41
Thailand,31-03-2013,37.3,26.4,32.1,0,11.9,28.8,40779.37
Thailand,01-04-2013,37.6,26.4,32.2,0,10.8,27,40893.83
Thailand,02-04-2013,37.2,26.9,32.4,0,9.4,25.2,40579.93
Thailand,03-04-2013,37.8,27,32.6,0,11.6,28.4,41020.95
Thailand,04-04-2013,39,27.4,33,0,16.2,38.5,41141.2
Thailand,05-04-2013,39,26.5,32.6,0,17.4,34.2,41263.8
Thailand,06-04-2013,38.6,27.3,33.1,0,15.8,34.2,41473.41
Thailand,07-04-2013,36.6,25.6,31.6,0,9.2,31,40710.99
Thailand,08-04-2013,36.4,26.4,31.6,0,13.4,32.4,39783.84
Thailand,09-04-2013,37.5,25,31.5,0,10.4,25.2,41305.27
Thailand,10-04-2013,38.2,25.2,31.8,0,10.1,25.9,41433.11
Thailand,11-04-2013,35.3,27.7,31.2,0.2,13.8,36,39600
Thailand,12-04-2013,34.7,27.3,30.6,0,16.2,42.5,37836.46
Thailand,13-04-2013,35.1,25.5,30.5,0,19.5,41.4,40111.57
Thailand,14-04-2013,36.1,27.5,31.9,0,12.3,23.4,40601.98
Thailand,15-04-2013,35.4,27,30,2.2,11.9,28.8,39775.52
Thailand,16-04-2013,32.5,26,28.7,1.3,10.3,31.3,35078.59
Thailand,17-04-2013,34,25.1,28.5,4.5,12,27.7,37112.06
Thailand,18-04-2013,34.9,24.6,29.9,0,8.5,23.4,39702.63
Thailand,19-04-2013,36.3,26.1,31.3,0,9.1,19.8,41992.98
Thailand,20-04-2013,36.9,27.3,32.1,0,11.6,23.8,42027.91
Thailand,21-04-2013,36.7,27.2,31.5,3.5,10.4,23.4,41905.99
Thailand,22-04-2013,34.7,25.1,29.9,5.3,12.5,27.7,39582.43
Thailand,23-04-2013,33.1,24.9,28.8,7.7,11.1,25.9,33356.52
Thailand,24-04-2013,34.9,26.2,30,0.8,6.9,21.2,41371.33
Thailand,25-04-2013,34.8,26,29.7,4.4,12,26.3,42194.97
Thailand,26-04-2013,33.4,25.9,29.3,6.5,10.4,25.9,42226.95
Thailand,27-04-2013,34.2,25.9,29.5,1.6,13.8,28.4,41403.9
Thailand,28-04-2013,34.7,25.7,30.1,1.1,11.2,25.2,42297.71
Thailand,29-04-2013,35.3,26,30.3,1.5,12.1,32.8,42319.33
Thailand,30-04-2013,35.2,26.6,30.4,3,13.3,29.9,42348.82
Thailand,01-05-2013,35.9,26.8,31.3,0,14.8,32,42381.71
Thailand,02-05-2013,36.6,27.1,31.7,0,14.7,28.1,42408.11
Thailand,03-05-2013,36.3,27.7,31.9,0,13.2,29.5,42433.63
Thailand,04-05-2013,34.8,25.5,30.4,5.6,16.6,20.9,42459.14
Thailand,05-05-2013,32.9,24.3,28.2,17.4,10.8,23.4,38995.32
Thailand,06-05-2013,34.6,24.7,29.7,1,8.4,17.6,42509.2
Thailand,07-05-2013,33.7,25.2,29.6,3.5,7.3,23.4,42532.81
Thailand,08-05-2013,34.1,25.4,29.8,8.1,10.3,27.4,42555.43
Thailand,09-05-2013,34,26,29.5,6.7,11,27.7,42577
Thailand,10-05-2013,34.4,26.1,29.8,7.6,9.7,27,42597.5
Thailand,11-05-2013,34.5,25.7,29.9,5.3,8,23.4,42750.74
Thailand,12-05-2013,34.2,26.9,30.7,0.7,11.2,25.9,42635.6
Thailand,13-05-2013,34.8,27,30.5,1.4,10.2,29.2,42377.37
Thailand,14-05-2013,35.3,26.8,30.8,0.6,10.1,31.3,42670.15
Thailand,15-05-2013,35.6,26.8,30.9,3,10.9,28.8,41888.6
Thailand,16-05-2013,36.2,26.2,31.1,3.9,14.8,31.3,42701.19
Thailand,17-05-2013,34.5,27,31,0.5,13.2,30.2,42339.71
Thailand,18-05-2013,34.1,27.8,30.6,2.3,12.1,30.2,40042.73
Thailand,19-05-2013,33.4,25.7,28.5,16.8,10.7,28.1,36606.59
Thailand,20-05-2013,32.8,25.5,28,3.5,9.7,26.3,21840.38
Thailand,21-05-2013,32.5,25.7,28.7,2.7,10.2,31.7,36000
Thailand,22-05-2013,33.4,25.5,28.4,3.4,7.9,24.5,34669.17
Thailand,23-05-2013,33.2,25.2,28.4,9,11,27.7,40261.43
Thailand,24-05-2013,33.3,24.8,28.5,6.3,16.5,31.3,42823.7
Thailand,25-05-2013,33.3,25.5,28.7,2.2,13.9,37.1,40864.18
Thailand,26-05-2013,33,25.4,28.7,7.7,11.8,32.4,42676.57
Thailand,27-05-2013,32.9,25.1,29,0,12.9,31,42925.84
Thailand,28-05-2013,33.5,26.1,29.4,8.5,7.7,28.8,40176.73
Thailand,29-05-2013,35,25.7,29.6,4.5,6.7,23.4,41209.03
Thailand,30-05-2013,31.3,25.4,28.1,5.9,7.9,18.7,25836.52
Thailand,31-05-2013,32.1,24.7,27.9,7.8,9,24.5,33597.75
Thailand,01-06-2013,33.1,24.2,28.6,0.2,7.2,18.4,43499.38
Thailand,02-06-2013,32.9,25.3,28.6,4.6,10,26.3,41601.61
Thailand,03-06-2013,32.6,25.4,28,8.8,7.9,22.3,35734.45
Thailand,04-06-2013,32.1,24.7,27.6,10.7,9.8,24.5,38956.7
Thailand,05-06-2013,29,24.7,26.1,33.6,8.3,27.7,10650.6
Thailand,06-06-2013,29.8,24.4,26.7,5.8,9.1,19.8,24989.55
Thailand,07-06-2013,31.5,24.8,27.4,6.6,11.1,22.3,28271.88
Thailand,08-06-2013,31.8,24.4,28.1,0.1,10.9,31.3,42809.26
Thailand,09-06-2013,32.7,24.9,28.8,0,10.5,33.1,43394.62
Thailand,10-06-2013,32.8,25.1,28.7,0.5,11.2,29.5,42796.66
Thailand,11-06-2013,30.9,25.1,27.2,4.6,10.2,27,26185.64
Thailand,12-06-2013,29.3,24.4,26.4,3.4,10.7,28.1,23339.87
Thailand,13-06-2013,31.6,25.1,27.4,13.7,8.9,20.2,36202.4
Thailand,14-06-2013,29.6,24.7,26.5,31.2,6.7,27,25223.75
Thailand,15-06-2013,32.3,22.7,27.9,0,7.6,19.1,43774.59
Thailand,16-06-2013,32.2,24.4,28,1,7.2,21.2,43236.39
Thailand,17-06-2013,31.6,24.2,28.2,0,15.3,29.9,42735.6
Thailand,18-06-2013,31.8,24.8,27.7,7.5,11.2,30.2,42725.42
Thailand,19-06-2013,31.4,25.3,27.9,2.4,13.6,32.4,38799.32
Thailand,20-06-2013,30.3,25,26.7,11.6,12.1,35.6,8229.2
Thailand,21-06-2013,30.7,24.7,26.9,13,15.3,40.7,30944.96
Thailand,22-06-2013,28.5,24.7,26.5,3.9,12,30.6,9205.8
Thailand,23-06-2013,27.8,24.7,26.3,0.7,14.3,41.4,149.84
Thailand,24-06-2013,30,24.9,27.2,0.6,15.3,43.9,16502.07
Thailand,25-06-2013,30.1,25.2,27,11.9,14.3,34.6,23596.18
Thailand,26-06-2013,28.1,24.9,26.1,6.5,10.3,24.5,0
Thailand,27-06-2013,30.1,24.6,27.1,2,10.8,35.6,34961.55
Thailand,28-06-2013,31.7,24.1,27.7,0,12.6,35.6,40227.54
Thailand,29-06-2013,32.2,24.8,28.1,0.9,14.5,34.9,43506.49
Thailand,30-06-2013,31.9,23.6,27.8,0,12.1,29.5,43040.77
Thailand,01-07-2013,32.6,23.9,28.2,0,10.6,28.8,43135.63
Thailand,02-07-2013,32.7,24.7,28.3,0.9,10.3,27,42522.95
Thailand,03-07-2013,32.4,25.2,28.4,5.6,9.4,26.6,40622.34
Thailand,04-07-2013,31.3,25,27.5,6.3,8.1,22.7,35579.61
Thailand,05-07-2013,31.6,24.8,27.5,6.3,7.9,20.9,36016.77
Thailand,06-07-2013,31.4,24.7,27.5,15.1,9.3,19.1,40629.23
Thailand,07-07-2013,30.6,24,26.8,24.8,8.9,22,33032.2
Thailand,08-07-2013,29.3,24.5,26.1,11.4,11.9,31.3,22530.38
Thailand,09-07-2013,28.1,24.1,25.1,17.9,13.7,27,6642.43
Thailand,10-07-2013,27.3,23.3,24.9,13.8,11.8,31.3,3807.56
Thailand,11-07-2013,30.5,24,26.4,5.7,10.2,30.2,28408.51
Thailand,12-07-2013,29.4,23.9,26.3,3.4,7.9,28.4,28463.96
Thailand,13-07-2013,30.8,24,27.1,4.8,10.8,37.1,42588.52
Thailand,14-07-2013,30.8,24.1,27.2,3.8,12.9,29.5,38556.53
Thailand,15-07-2013,30.2,24.3,27.2,7.5,10.4,25.2,34442.53
Thailand,16-07-2013,30.6,24.6,27.1,4.3,15.1,53.6,33559.69
Thailand,17-07-2013,30.8,24.1,26.7,16.5,11.5,39.6,31812.32
Thailand,18-07-2013,31.1,24.1,27,2.5,9.8,29.9,36367.6
Thailand,19-07-2013,31.2,24.1,27.1,5.4,14.3,34.6,36536.09
Thailand,20-07-2013,30.6,24.4,26.7,7.9,12.7,35.6,26446.46
Thailand,21-07-2013,30.1,24.6,26.8,2.4,8.2,25.9,21021.69
Thailand,22-07-2013,30.1,24.5,27.1,12.6,9.6,23.8,31675.85
Thailand,23-07-2013,29.3,24.4,26.4,4.2,8.6,22,20627.01
Thailand,24-07-2013,26.2,24.3,25.2,17.9,12,30.6,106.13
Thailand,25-07-2013,28.3,23.3,25.7,8.9,12.3,43.6,28458.6
Thailand,26-07-2013,29.3,24.4,26.5,7.5,14.8,37.8,27075.9
Thailand,27-07-2013,30.2,24.1,26.3,8.6,14.5,43.6,23886.68
Thailand,28-07-2013,26,24.1,25,29,15.6,38.9,0
Thailand,29-07-2013,28.5,23.8,25.8,4.5,15.6,50.4,17960.36
Thailand,30-07-2013,27,24,25.3,13.9,15.5,36.4,0
Thailand,31-07-2013,29.1,23.9,26,6.1,14.1,32,25466.81
Thailand,01-08-2013,30.4,24.2,26.4,7.6,13.9,40.3,35637.43
Thailand,02-08-2013,30.6,24,26.7,12.7,11.5,35.6,34027.29
Thailand,03-08-2013,29.5,24.2,26.3,6.1,13.4,24.8,28253.15
Thailand,04-08-2013,28,24,25.4,10.8,13.1,32.8,8816.78
Thailand,05-08-2013,30.9,23.8,27,3.7,10,23.8,40217.66
Thailand,06-08-2013,31.5,24.7,27.6,2.3,12.6,29.9,36724.56
Thailand,07-08-2013,31.4,24.7,27.4,13.1,12.7,31.3,29275.66
Thailand,08-08-2013,29.5,24.1,26,17,12.9,31.3,16220.32
Thailand,09-08-2013,28.2,24,25.5,21.2,11.4,22.7,4912.11
Thailand,10-08-2013,30.6,24.1,26.5,14.8,8.1,25.6,34682.24
Thailand,11-08-2013,30.2,24.1,26.8,9,5.5,18.7,33605.17
Thailand,12-08-2013,30.7,24.3,27.1,7.9,7.6,16.9,39995.91
Thailand,13-08-2013,30.5,23.6,26.6,6.3,12.4,20.2,39217.25
Thailand,14-08-2013,30.2,24.3,26.7,4.5,16,34.6,39729.64
Thailand,15-08-2013,31,24.5,26.7,10.2,14.4,38.9,37769.13
Thailand,16-08-2013,30,23.9,26.7,9.1,16.2,49.7,38748.34
Thailand,17-08-2013,29.9,23.4,26.4,0,13.3,41.4,22236.98
Thailand,18-08-2013,30.3,23.8,26.8,1.8,14.2,47.2,38173.79
Thailand,19-08-2013,30.2,24.5,26.9,6.6,15.5,38.9,39512.67
Thailand,20-08-2013,29.9,24.4,26.6,1.6,13.5,45.4,31877.1
Thailand,21-08-2013,29.2,24.8,26.4,5.4,13.2,47.9,22296.99
Thailand,22-08-2013,26.5,23.8,24.9,15.5,14.5,45,0
Thailand,23-08-2013,27.4,23.3,25.3,5.4,14.5,40.7,12167.54
Thailand,24-08-2013,28.6,23.7,26,0.3,15.4,42.5,14515.54
Thailand,25-08-2013,30.8,23.8,26.1,5.7,14.8,43.2,25158.66
Thailand,26-08-2013,29.2,23.9,26.4,0.6,8.3,28.4,34006.09
Thailand,27-08-2013,30.4,24.1,26.8,10.2,7.6,25.6,35024.12
Thailand,28-08-2013,31.1,24.3,27.1,5.1,14.2,38.9,38574.36
Thailand,29-08-2013,31.8,25.2,27.8,9.5,11.2,34.6,39875.72
Thailand,30-08-2013,30,24.5,27.1,3.7,9.4,29.5,34743.16
Thailand,31-08-2013,29.7,23.9,26.4,11.3,9.7,23.4,30311.79
Thailand,01-09-2013,30.6,24.4,26.9,4.7,10.8,28.1,34813.32
Thailand,02-09-2013,30.9,24.5,27.5,0.7,8.2,23,34796.02
Thailand,03-09-2013,30.9,24.9,27.3,7.3,10.2,25.9,31951.96
Thailand,04-09-2013,30.2,24.7,27.1,0,7.6,25.2,21358.06
Thailand,05-09-2013,31,24.8,26.8,8.5,9,29.5,23040.85
Thailand,06-09-2013,28.9,24.2,26.3,5.3,8.1,17.6,17918.45
Thailand,07-09-2013,28.7,24.5,26.3,18.6,5.6,14.8,12098.58
Thailand,08-09-2013,28.9,24.2,25.8,12.6,5.9,22,16850.36
Thailand,09-09-2013,29.5,23.3,26,12.6,5.7,20.5,30559.31
Thailand,10-09-2013,31.1,23.2,27.1,3,7.9,24.1,38128.68
Thailand,11-09-2013,30.5,23.6,26.9,10.3,5.5,27.4,40485.05
Thailand,12-09-2013,30.6,23.9,26.4,14,7.7,23.4,29873.92
Thailand,13-09-2013,29.2,24.2,25.6,12.7,8.7,23.8,8939.1
Thailand,14-09-2013,29.4,24.1,25.7,26.6,9.4,25.6,22800.32
Thailand,15-09-2013,28.4,24.1,25.8,10.9,12.7,34.6,32064.85
Thailand,16-09-2013,29.1,23.8,25.7,12.3,12.3,36,24188.6
Thailand,17-09-2013,30.1,23.7,26.3,11.1,9.9,28.8,34393.67
Thailand,18-09-2013,28.8,23.7,25.8,3.6,9.5,32.4,10366.22
Thailand,19-09-2013,28.2,23.7,25.7,18.3,14.4,24.1,182.21
Thailand,20-09-2013,26.6,24.1,25.1,32.5,12.2,28.8,1547.1
Thailand,21-09-2013,27.8,23.9,25.1,25.4,10.2,22.3,9673.59
Thailand,22-09-2013,30,23.8,25.6,15.2,9.2,27.4,19099.67
Thailand,23-09-2013,28.8,23.7,25.9,1.5,13.7,29.2,39212.68
Thailand,24-09-2013,30.4,23.8,26.2,7.1,10.1,27,39048.39
Thailand,25-09-2013,30.9,23.6,26.5,9.5,10.9,27.4,38224.54
Thailand,26-09-2013,30.2,23.8,26.1,10.9,7.9,27,31190.39
Thailand,27-09-2013,28.7,23.8,25.7,30.9,5.9,20.2,25397.5
Thailand,28-09-2013,26,23.7,24.6,46.8,5.2,16.6,0
Thailand,29-09-2013,30.3,23.1,26.1,7.5,9,21.2,37181.1
Thailand,30-09-2013,29.7,23.4,26.1,6.3,6.4,18,38747.91
Thailand,01-10-2013,29.1,23.7,26,0.7,9,18.4,34228.4
Thailand,02-10-2013,29.2,23.1,25.8,14.7,7.1,24.1,35006.06
Thailand,03-10-2013,29.7,23.7,25.8,10.2,11.3,40.7,33811.01
Thailand,04-10-2013,31,23.3,26.7,0.8,7.2,32.8,38375.18
Thailand,05-10-2013,31.2,23.2,27.3,0,8,20.2,40075.18
Thailand,06-10-2013,30.7,22,26.7,0,16.4,34.6,40392.77
Thailand,07-10-2013,30.4,23.6,26.7,1.1,18.8,37.8,40338.2
Thailand,08-10-2013,30.8,22.8,26.3,0.8,13.1,32,38897.25
Thailand,09-10-2013,30.9,20.8,26,0,8.3,21.6,40185.3
Thailand,10-10-2013,31.4,21.4,26.6,0,6.7,16.9,39962.7
Thailand,11-10-2013,31.7,22.3,27.3,0,6.3,21.2,39935.22
Thailand,12-10-2013,31.2,21.7,27,0,6.7,18.7,40066.6
Thailand,13-10-2013,31.7,23.4,27.5,0,7.6,20.5,39831.33
Thailand,14-10-2013,31.9,23.3,27.6,0,9.2,23.4,38878.95
Thailand,15-10-2013,32.7,22.8,27.3,2.8,10.5,25.2,35935.79
Thailand,16-10-2013,27.5,24.3,25.9,20.3,8,29.5,2405.76
Thailand,17-10-2013,27,23.4,24.5,10,9.5,22.3,7127.2
Thailand,18-10-2013,28.7,23.5,25.5,7.8,9.5,19.8,22965.54
Thailand,19-10-2013,28.8,23.9,25.6,2.1,15.9,39.6,23840.25
Thailand,20-10-2013,28.8,22.7,25.6,0,16.9,37.1,37574.39
Thailand,21-10-2013,29.7,22.3,25.7,0.1,15.1,35.6,38807.01
Thailand,22-10-2013,30,22.9,26.2,0,17,39.6,38130.79
Thailand,23-10-2013,29.4,22.2,25.6,0,15.9,35.3,38343.96
Thailand,24-10-2013,29.4,21.6,25.6,0,11,26.3,37347.87
Thailand,25-10-2013,26.4,22.7,24.2,0,14.4,30.2,14849.99
Thailand,26-10-2013,27.8,20.8,24,0,12.2,28.4,24722.32
Thailand,27-10-2013,28.8,19.2,23.9,0,12.6,29.2,37679.2
Thailand,28-10-2013,29.7,20.1,25,0,12.3,28.4,31047
Thailand,29-10-2013,29.9,22.2,25.7,0,7.2,19.4,32918.87
Thailand,30-10-2013,30.9,22.5,26.4,0,5.7,19.1,37462.4
Thailand,31-10-2013,31.6,21.7,27,0,7.6,19.4,37772.95
Thailand,01-11-2013,31.7,22.6,27,0,10.1,24.1,37563.73
Thailand,02-11-2013,31.1,21.6,26.5,0,9,23.8,37763.54
Thailand,03-11-2013,31.5,20.8,25.8,0,12.9,29.5,37652.89
Thailand,04-11-2013,31.1,19.3,25,0,15.7,34.2,37949.52
Thailand,05-11-2013,32.1,19.4,25.4,0,11.2,25.9,37159.49
Thailand,06-11-2013,31.6,21.5,26.6,0,17.2,40,36773.69
Thailand,07-11-2013,32.1,23.6,26.7,0.6,15.5,56.9,31164.97
Thailand,08-11-2013,30.1,23.5,26.4,2.4,17.5,38.5,32330.43
Thailand,09-11-2013,32.6,22.6,27.4,0,13.9,31.3,36388.5
Thailand,10-11-2013,31.6,21.2,26.5,0,8.5,19.4,34048.86
Thailand,11-11-2013,31.9,22.9,27.6,0,6.1,19.8,36861.83
Thailand,12-11-2013,32.6,22.7,27.7,0,6.9,17.3,36768.52
Thailand,13-11-2013,32.3,24,27.3,1.1,10.9,30.2,33892.91
Thailand,14-11-2013,31.8,24.1,27.5,0,14.8,36,35558.82
Thailand,15-11-2013,32.1,22.6,26.3,0.5,19.9,40.7,33021.93
Thailand,16-11-2013,27.9,21.8,24.2,29.4,14.8,43.6,14639.57
Thailand,17-11-2013,29.6,21.2,25.3,0,18.8,37.4,31150.12
Thailand,18-11-2013,30.2,22,25.8,0,12.8,34.2,36167.82
Thailand,19-11-2013,29.6,22.3,25.5,0,18.6,38.5,30267.58
Thailand,20-11-2013,29.3,21.7,24.9,0,14.8,33.8,34891.17
Thailand,21-11-2013,29.7,20.9,24.8,0,18.1,39.2,32500.33
Thailand,22-11-2013,30.4,20.3,25.1,0,15.7,32.4,31003.68
Thailand,23-11-2013,31.1,21.2,26,0,15.2,34.9,36033.54
Thailand,24-11-2013,31.2,22.2,26.7,0.2,9.4,23,36000
Thailand,25-11-2013,31,23.9,26.7,1.5,6.7,25.9,29051.92
Thailand,26-11-2013,31.6,23.8,27.2,0,13.3,29.2,36034.33
Thailand,27-11-2013,32.2,23.1,27.8,0,9,23.4,36000
Thailand,28-11-2013,31.3,24.5,27.5,0,19.9,44.3,36123.4
Thailand,29-11-2013,29.4,21.7,25.3,0,18.9,41,36303.16
Thailand,30-11-2013,29.6,20.2,24.7,0,17.6,36.4,36393.99
Thailand,01-12-2013,28.9,21.4,24.6,0,23,41.8,32474.7
Thailand,02-12-2013,28.2,19,23.2,0,15.8,34.9,36578.68
Thailand,03-12-2013,28.8,15.6,22.3,0,9.3,27,36304.5
Thailand,04-12-2013,29.4,15.9,22.7,0,14.8,34.6,36582.98
Thailand,05-12-2013,30.1,17.5,23.8,0,13.5,31.7,36117.93
Thailand,06-12-2013,29,18.8,23.6,0,19.6,39.2,35744.93
Thailand,07-12-2013,28.8,18.3,23.4,0,14.7,34.9,36589.94
Thailand,08-12-2013,28.9,16.9,23.1,0,11.3,27.4,36688.21
Thailand,09-12-2013,30.3,17.2,24.3,0,6.4,18.4,36401.23
Thailand,10-12-2013,29.8,19.7,24.6,0,14,31.7,36597.05
Thailand,11-12-2013,31,18.3,24.8,0,7.6,22.3,36599.32
Thailand,12-12-2013,30.8,20.1,25.3,0,12.1,30.2,36701.08
Thailand,13-12-2013,31.1,19.8,25.6,0,11,29.2,36402.62
Thailand,14-12-2013,31.5,20.7,26.1,0,10.8,29.2,34635.58
Thailand,15-12-2013,30.5,22.5,26.5,0.5,13,29.2,36299.98
Thailand,16-12-2013,25.8,18.1,22.6,11,14.8,42.5,21320.34
Thailand,17-12-2013,24.4,16.8,20.5,0,12.4,26.3,36000
Thailand,18-12-2013,24.8,15.7,20,0,10,29.9,37246.72
Thailand,19-12-2013,24.1,15.2,19,0,16.2,38.5,37231.79
Thailand,20-12-2013,24.9,13.5,19,0,13,33.5,36993.19
Thailand,21-12-2013,24.7,13.8,18.9,0,14.6,35.3,37405.5
Thailand,22-12-2013,25.2,12.7,18.8,0,12,30.2,37385.86
Thailand,23-12-2013,26.7,12.8,19.9,0,9.2,24.5,37366.48
Thailand,24-12-2013,26.8,14.1,20.5,0,13.6,32.8,37460.41
Thailand,25-12-2013,26.9,14.1,20.4,0,12.9,30.2,37534.78
Thailand,26-12-2013,26.9,12.3,19.8,0,12,29.9,37540.62
Thailand,27-12-2013,25.9,13.6,19.4,0,18.3,38.5,37547.8
Thailand,28-12-2013,25.7,12.6,19.2,0,13.9,32.4,37556.29
Thailand,29-12-2013,26.1,12.6,19.2,0,14.7,33.8,37566.07
Thailand,30-12-2013,26.9,12.7,19.9,0,12.6,29.9,37577.14
Thailand,31-12-2013,27.7,14.5,20.9,0,13.3,29.5,37589.48
Thailand,01-01-2014,28.3,14.3,21.3,0,11.3,27.4,37603.09
Thailand,02-01-2014,30,14.9,22.7,0,8,18,37617.96
Thailand,03-01-2014,31.8,15.7,23.9,0,8.2,17.3,37634.04
Thailand,04-01-2014,31.7,17.4,24.6,0,11.9,32.4,37651.36
Thailand,05-01-2014,30.9,19.6,24.8,0,15.1,33.1,37670
Thailand,06-01-2014,31.1,17.2,24.7,0,7.8,22,37690.36
Thailand,07-01-2014,32.4,18.6,25.7,0,5.5,17.3,37712.21
Thailand,08-01-2014,32.4,19.7,26.2,0,5.6,16.9,37735.48
Thailand,09-01-2014,31.4,20.5,25.9,0,17,40.7,37760.12
Thailand,10-01-2014,29.9,20.4,25,0,18.4,39.6,37786.09
Thailand,11-01-2014,30.7,18.1,24.4,0,12.9,31,37813.33
Thailand,12-01-2014,30.7,18.7,24.2,0,14.3,33.5,37841.77
Thailand,13-01-2014,29.4,19.5,23.9,0,20.2,43.2,37871.38
Thailand,14-01-2014,27.3,17.1,21.9,0,20.2,42.1,37902.09
Thailand,15-01-2014,26.8,15.5,20.7,0,17,39.6,37933.86
Thailand,16-01-2014,27.3,13.8,20.6,0,13.8,31.7,37966.62
Thailand,17-01-2014,28.2,13.1,20.8,0,15,36,38000.34
Thailand,18-01-2014,26.6,16.6,21.1,0,21,44.6,38034.96
Thailand,19-01-2014,25.9,14.3,20.1,0,17.9,38.2,38070.41
Thailand,20-01-2014,27.3,13,20.4,0,14.5,34.9,38106.68
Thailand,21-01-2014,26.1,16.3,20.8,0,19.4,42.5,38143.68
Thailand,22-01-2014,24.9,13.9,19,0,20.3,44.6,38181.39
Thailand,23-01-2014,25.1,10.9,18.3,0,12.9,32.4,38219.74
Thailand,24-01-2014,26.8,10.8,19,0,8.4,17.3,38258.7
Thailand,25-01-2014,29.1,11.6,20.9,0,8.4,15.8,38298.27
Thailand,26-01-2014,30,14.2,22.4,0,11.9,29.9,38338.89
Thailand,27-01-2014,30.3,16.1,23.2,0,13.7,32.8,38380.62
Thailand,28-01-2014,31,15.9,23.6,0,8.8,25.2,38423.38
Thailand,29-01-2014,31.5,16.5,24.2,0,11.5,29.9,38467.08
Thailand,30-01-2014,31,17.7,24.6,0,14.8,35.3,38511.68
Thailand,31-01-2014,31.2,17.9,24.9,0,12.7,29.2,38557.11
Thailand,01-02-2014,31.7,17.1,25,0,8.7,17.3,38603.3
Thailand,02-02-2014,32.8,18.9,26.1,0,9.5,21.2,38650.18
Thailand,03-02-2014,33.5,19.4,26.5,0,9.5,19.8,38697.7
Thailand,04-02-2014,33.1,19.5,26.5,0,8.2,23.4,38745.8
Thailand,05-02-2014,32.2,20.7,26.7,0,9.9,25.6,38794.41
Thailand,06-02-2014,32.8,20.8,27,0,9.8,25.9,38843.47
Thailand,07-02-2014,32.5,20.8,26.7,0,11.2,24.8,38892.94
Thailand,08-02-2014,32.3,20.5,26.6,0,12.5,28.4,38942.75
Thailand,09-02-2014,32.9,20.4,26.8,0,9.5,24.5,38992.84
Thailand,10-02-2014,33.3,19.8,26.8,0,9.5,18,39043.16
Thailand,11-02-2014,32,19.9,25.9,0,15.6,37.4,39093.68
Thailand,12-02-2014,31.5,21.3,26.5,0,11.2,29.5,37875.93
Thailand,13-02-2014,31.3,21.1,26.5,0.3,9.2,26.6,39195
Thailand,14-02-2014,31,22.8,26.1,0.3,16.1,37.8,39245.73
Thailand,15-02-2014,31.7,21.2,26.4,0,12.8,28.4,38401.03
Thailand,16-02-2014,31,21.7,26.5,0.4,9.4,27.4,39348.52
Thailand,17-02-2014,31.7,23.3,27.4,0.3,13,33.5,36138.43
Thailand,18-02-2014,32.9,22.9,27.8,0,10,25.9,39453.52
Thailand,19-02-2014,32.8,22.6,27.4,0.2,22.3,46.1,39506.73
Thailand,20-02-2014,26.4,19.4,22.6,0,25.2,47.9,37119.62
Thailand,21-02-2014,30.3,19.8,24.5,0,15.5,34.9,39598.71
Thailand,22-02-2014,32.9,18.4,26.3,0,8.4,17.6,39600
Thailand,23-02-2014,32.5,21.1,27.2,0,6.4,22.3,39600
Thailand,24-02-2014,32.2,21.9,27.4,0.2,9.7,23.4,39600
Thailand,25-02-2014,33.4,21.5,27.8,0,10.1,23.8,39600
Thailand,26-02-2014,34.4,21.4,28.5,0,10.1,18.7,39600
Thailand,27-02-2014,33,23.9,28.5,0,10.6,22.3,39600
Thailand,28-02-2014,33.1,22.8,28.3,0,9.5,24.5,39600
Thailand,01-03-2014,34.6,22.4,28.9,0,8.9,24.1,39600
Thailand,02-03-2014,35.2,22.6,29.3,0,9.8,24.5,39600
Thailand,03-03-2014,35.5,22.3,29.2,0,9.4,24.8,39600
Thailand,04-03-2014,36.6,22.2,29.7,0,10.3,23.4,39600
Thailand,05-03-2014,34.9,21.8,28.7,0,9.6,24.8,39600
Thailand,06-03-2014,35.1,22,28.8,0,12.5,28.8,39600
Thailand,07-03-2014,34.9,22.7,28.8,0,11.9,24.8,39600
Thailand,08-03-2014,34.8,22.7,29,0,12,26.3,39600
Thailand,09-03-2014,35,22.7,29.2,0,9.1,22.3,39600
Thailand,10-03-2014,33.8,23.8,28.8,0.2,9.7,25.2,39600
Thailand,11-03-2014,33.6,24.5,28.9,0.3,8.5,25.2,39600
Thailand,12-03-2014,34.9,23.3,29.1,0,10.2,23.8,39603.89
Thailand,13-03-2014,35,23.7,29.5,0,9.5,24.1,39600
Thailand,14-03-2014,35.9,23.9,30.4,0,7.3,22,39660.52
Thailand,15-03-2014,34.1,26.2,30,0,18.1,38.9,39600
Thailand,16-03-2014,35.2,24.7,29.8,1.2,9.8,28.8,39600
Thailand,17-03-2014,34.4,26.2,29.9,0,7.6,26.6,25704.47
Thailand,18-03-2014,36,25.2,30.3,0.8,8.1,21.2,39718.23
Thailand,19-03-2014,36.8,25,30.8,0.2,12.5,27,39795.26
Thailand,20-03-2014,37.2,26,31.3,0.3,12.3,24.8,39876.23
Thailand,21-03-2014,36.1,25,29.4,3.8,11.4,43.9,39961
Thailand,22-03-2014,30.8,24.2,27,0.2,22.9,42.1,39785.98
Thailand,23-03-2014,32,23.3,27.2,0,17.4,38.2,39600
Thailand,24-03-2014,33.2,24.3,27.9,0,11.9,28.4,39869.21
Thailand,25-03-2014,34.2,23.5,29,0,6.9,20.9,40053.58
Thailand,26-03-2014,35.4,24.4,30,0.3,7.6,20.9,40244.82
Thailand,27-03-2014,36.3,25.3,30.9,0.2,8.2,21.6,40150.85
Thailand,28-03-2014,37.3,25.9,31.3,0.1,13.7,29.2,40448.93
Thailand,29-03-2014,37.4,25,31.1,0,11.9,27.4,40555.32
Thailand,30-03-2014,36.9,25.4,31.2,0,13.8,33.8,40664.51
Thailand,31-03-2014,37.4,25.4,31.7,0,11.8,29.9,40776.41
Thailand,01-04-2014,37.6,26.5,32.1,0,14,27.4,40785.23
Thailand,02-04-2014,37.5,26.3,31.8,0,12.9,29.5,40900.7
Thailand,03-04-2014,37.7,26.8,31.9,0.6,11.2,26.6,41018.64
Thailand,04-04-2014,36,26.6,29.7,6.7,18.2,36.7,34803.12
Thailand,05-04-2014,33.8,23.9,28.5,5.1,11.4,28.4,40142.92
Thailand,06-04-2014,34.4,23.5,29,1.2,7.8,24.1,39600
Thailand,07-04-2014,35,24.5,29.6,0.4,13,30.2,41284.04
Thailand,08-04-2014,34.5,24.7,29.6,0.6,11.2,27.7,40713.76
Thailand,09-04-2014,35.8,24.5,30.3,0,11.3,26.6,41594.12
Thailand,10-04-2014,36.4,25.1,30.8,0.1,10.9,28.4,41635.69
Thailand,11-04-2014,36.3,26.6,30.3,2.8,13.6,28.8,41430.5
Thailand,12-04-2014,34.4,25.9,29,4.4,7.9,27,37365.36
Thailand,13-04-2014,32.7,25.4,29,4.1,7.5,22.7,32797.08
Thailand,14-04-2014,32.2,25.6,28.9,4,7.6,27.4,34638.75
Thailand,15-04-2014,32.5,23.9,28.3,8.3,7.4,19.8,38642.6
Thailand,16-04-2014,33.5,25.2,28.6,5.4,9,22,38762.59
Thailand,17-04-2014,34.6,25.4,29.7,0.2,9.1,25.2,41107.53
Thailand,18-04-2014,35,25.3,29.9,0.9,8.2,22,40207.22
Thailand,19-04-2014,35,26.5,30.4,1.4,8.7,23,41113.87
Thailand,20-04-2014,35.8,27.1,30.9,0.2,9.3,25.6,42015.46
Thailand,21-04-2014,35.9,26.4,31.3,0,9,25.6,42050.96
Thailand,22-04-2014,37,26.2,31.8,0.2,8.8,23.8,42085.98
Thailand,23-04-2014,36.5,26.4,30.9,7.5,14.6,32,41521.63
Thailand,24-04-2014,35,26.1,30.2,1.4,15.5,31.7,39650.64
Thailand,25-04-2014,35.2,26.3,30.5,0.3,11.2,26.3,40187.23
Thailand,26-04-2014,36.3,26.4,31.5,0,9,25.6,42220.53
Thailand,27-04-2014,36.1,26.9,31.5,0.1,8.6,23.8,42252.54
Thailand,28-04-2014,36.1,26.3,30.7,5.9,15.2,29.2,42283.8
Thailand,29-04-2014,32.7,24.1,27.8,13.6,12.4,27.4,33612.86
Thailand,30-04-2014,31.8,24.6,28,4.4,9.4,24.5,33821.28
Thailand,01-05-2014,34.4,24.9,29.1,1.3,8.4,24.1,42372.66
Thailand,02-05-2014,31.9,24.5,28,4.4,10.4,29.9,36000
Thailand,03-05-2014,32.4,25.1,28.2,2.2,9.5,25.6,41701.16
Thailand,04-05-2014,33.5,24.8,29.1,0,6.5,20.9,42520.68
Thailand,05-05-2014,33.8,25.2,29.4,3,7,20.9,42477.83
Thailand,06-05-2014,33.5,25.4,29,5,15.3,36.7,42501.61
Thailand,07-05-2014,31.4,24.5,27.9,13.7,7.1,23.8,32400
Thailand,08-05-2014,33.1,24.5,28.4,9.6,9,27.4,42546.85
Thailand,09-05-2014,34.1,25.6,29.4,0.1,12.4,38.2,42568.29
Thailand,10-05-2014,34,25.9,29.9,0.5,13.7,35.6,42588.95
Thailand,11-05-2014,34.2,26.2,29.8,1.2,14.7,28.8,42608.8
Thailand,12-05-2014,35,25.8,30.1,0.5,7.7,21.2,42627.84
Thailand,13-05-2014,34.1,26.6,29.4,5,9.4,23.8,34772.74
Thailand,14-05-2014,33.6,26,29.3,0.1,8.5,22.3,37983.36
Thailand,15-05-2014,34.4,26.4,30.4,0,9.7,23.8,42680.09
Thailand,16-05-2014,35,27.1,30.7,0.1,9.7,27.7,42695.84
Thailand,17-05-2014,34.8,26.8,30.5,2.3,11.2,25.9,42083.87
Thailand,18-05-2014,34.7,26.1,29.3,21,11.3,26.3,37140.96
Thailand,19-05-2014,31.8,25.1,27.7,9,7.7,21.6,30783.54
Thailand,20-05-2014,33,25.3,28.7,4.1,9.7,29.2,42750.32
Thailand,21-05-2014,33.5,25.4,29.1,2.5,9.2,32.4,42761.77
Thailand,22-05-2014,33.5,25.5,28.9,6.7,12.9,31,42810.47
Thailand,23-05-2014,33.5,25.5,29,2.1,11.3,31.7,42903.8
Thailand,24-05-2014,34.1,25.2,29.9,0,8.8,27,43171.91
Thailand,25-05-2014,34.3,26.4,30.5,0.9,7.3,21.6,43005.25
Thailand,26-05-2014,33.9,26.2,29.8,5.3,7.2,23.4,41691.82
Thailand,27-05-2014,33.6,26.7,30.1,1.4,9.2,23.4,42836.79
Thailand,28-05-2014,31.1,25.5,28,13.5,9,24.8,23390.44
Thailand,29-05-2014,32.4,25.2,28.2,7.4,7.6,25.6,31662.77
Thailand,30-05-2014,33.9,25.2,29.3,0.5,8.5,26.6,42931.37
Thailand,31-05-2014,33.9,25.4,28.9,16.3,10,28.1,42823.58
Thailand,01-06-2014,32.9,24.9,28.5,14.9,8.3,25.9,43118.07
Thailand,02-06-2014,32.7,24.7,28.8,0.2,6.5,24.5,43308.05
Thailand,03-06-2014,33.9,26.4,30.1,0,9.7,27.7,43115.87
Thailand,04-06-2014,33.5,26.2,29.9,0,11,24.5,43016.3
Thailand,05-06-2014,33.5,26.8,29.9,0.2,12.2,30.2,40459.09
Thailand,06-06-2014,32.7,25.8,28.7,4.2,11.3,33.8,37384.19
Thailand,07-06-2014,31.6,26.2,28.4,3.4,14.3,35.6,28040.27
Thailand,08-06-2014,32.9,25.7,28.4,2.5,15.3,37.8,37646.05
Thailand,09-06-2014,31.9,25.5,27.8,13,13.7,41,21600
Thailand,10-06-2014,30.8,25.7,27.9,1.2,12.6,43.6,37227.43
Thailand,11-06-2014,32,25.8,28.4,5.8,12.4,36,34330.56
Thailand,12-06-2014,32,25.8,27.6,15.4,15.1,42.1,28662.4
Thailand,13-06-2014,31.3,25.7,27.9,0.3,14.9,49.7,24606.24
Thailand,14-06-2014,32,25.6,27.5,15.8,18.4,42.5,38961.21
Thailand,15-06-2014,31.6,25,27.7,2.3,13.1,35.6,42632.57
Thailand,16-06-2014,29.1,25.7,27,17.9,18.2,41.4,31060.43
Thailand,17-06-2014,31.6,25.1,27.6,7.9,14.9,38.9,42913.21
Thailand,18-06-2014,30.2,25.3,27.3,18.9,16.6,44.6,34635.17
Thailand,19-06-2014,32,25.2,28.3,0,12.9,42.1,42719.5
Thailand,20-06-2014,31.8,25.5,27.8,9.4,12.9,37.8,34267.13
Thailand,21-06-2014,32.2,25.2,28.2,5.8,13.7,36,42856.85
Thailand,22-06-2014,31.8,25,27.8,24.1,11.8,36.7,36866.11
Thailand,23-06-2014,30.9,25.1,27.3,7,15.8,39.6,27986.58
Thailand,24-06-2014,30.9,24.6,26.9,7.5,15.1,37.8,16811.96
Thailand,25-06-2014,30.8,25.5,27.6,7.4,15.6,43.2,41203.76
Thailand,26-06-2014,29.3,24.4,26.4,2.7,11.7,39.2,20953.12
Thailand,27-06-2014,30.4,24.4,27.2,0,10.7,26.6,31523.39
Thailand,28-06-2014,32.3,24.4,28.1,2.8,11.8,38.5,42589.06
Thailand,29-06-2014,31.7,24.7,28.1,2.7,13.2,38.9,36557.03
Thailand,30-06-2014,28,25.6,26.7,6.9,7.2,25.6,34.83
Thailand,01-07-2014,30.8,25,27.2,7.3,9.5,28.1,20253.79
Thailand,02-07-2014,32.3,24.2,27.6,0,7.2,33.5,34785.45
Thailand,03-07-2014,32.4,24.9,28.6,0.4,12.4,32.8,42990.62
Thailand,04-07-2014,32.9,25.7,28.7,6.9,12.5,30.2,42444.25
Thailand,05-07-2014,32.6,26,28.6,8.6,11.4,28.1,42477.55
Thailand,06-07-2014,32.6,25.4,28.8,0.6,10,27.7,43054.45
Thailand,07-07-2014,32.5,26,28.3,3.7,12.4,33.8,30232.62
Thailand,08-07-2014,32.1,25.3,27.7,14.3,12.5,39.6,37749.56
Thailand,09-07-2014,30.5,24.8,26.5,10.5,16.1,38.9,23948.75
Thailand,10-07-2014,31.6,24.7,27.3,2.9,20.9,50.4,38178.93
Thailand,11-07-2014,31.4,25.2,27.7,1.8,17.1,41.8,38450
Thailand,12-07-2014,31.6,25.7,27.9,7.6,13.7,32,36545.32
Thailand,13-07-2014,31.6,25.4,27.7,10,9.8,25.9,31121.61
Thailand,14-07-2014,29.4,24.7,26.2,21.4,10.3,22,13173.22
Thailand,15-07-2014,28.9,24.4,25.8,28,11,24.8,10482.72
Thailand,16-07-2014,28.4,24.2,26,24,8,24.5,19455.16
Thailand,17-07-2014,30.6,24.2,26.9,14,10.9,30.2,41553.81
Thailand,18-07-2014,29.6,24.4,26.3,13.7,13.7,29.5,17955.45
Thailand,19-07-2014,27.5,24.2,25.7,10.1,16.8,49,5631.68
Thailand,20-07-2014,29.3,24.2,26,3.4,15,40.7,28079.53
Thailand,21-07-2014,28.5,24.6,26.3,1.6,8.2,30.2,9951.33
Thailand,22-07-2014,30.9,24.4,26.7,10.1,11.4,39.6,37149.21
Thailand,23-07-2014,30.4,24.5,27,7.3,12.1,34.9,34568.82
Thailand,24-07-2014,31.3,24.4,27,4.7,12.3,32,33712.52
Thailand,25-07-2014,31.7,24.5,27.2,16.7,13.4,29.2,39660.66
Thailand,26-07-2014,30.6,24.8,27.2,7.3,11.8,30.2,33315.84
Thailand,27-07-2014,29.5,24.6,26.4,7.3,10.2,32,23705.1
Thailand,28-07-2014,28.2,24.2,26.3,1.2,13.8,37.1,29878.23
Thailand,29-07-2014,30.5,24.1,26.4,7.2,8.6,27,19978.64
Thailand,30-07-2014,29.3,24.2,26.3,18.5,6.5,26.6,21551.43
Thailand,31-07-2014,31,24.2,27,8.3,10.4,31.3,38412.57
Thailand,01-08-2014,30.3,24.4,27.3,1.6,15.1,41.8,38698.88
Thailand,02-08-2014,29.6,24.4,26.6,2.5,15,35.3,36216.63
Thailand,03-08-2014,29.6,24.4,26.3,4.7,10.9,36.7,17793.12
Thailand,04-08-2014,29.4,24.3,26.4,7.3,14.6,41.8,25067.81
Thailand,05-08-2014,28.1,24.4,25.7,19.9,13.7,33.8,0
Thailand,06-08-2014,28.7,24.1,25.5,23.6,18.1,38.9,10943.69
Thailand,07-08-2014,30.3,24.5,26.3,9.6,18.8,44.6,35801.38
Thailand,08-08-2014,29.9,24.3,26.6,4.8,13.8,41.8,38883.22
Thailand,09-08-2014,29.5,24.4,25.8,12.5,13.6,34.2,18698.12
Thailand,10-08-2014,30.3,24.1,26.7,7.3,13,38.9,32100.18
Thailand,11-08-2014,31,24.2,27.5,0,13.2,33.1,40756.32
Thailand,12-08-2014,30.4,23.9,26.9,2.5,14.6,38.5,40109.6
Thailand,13-08-2014,30.1,24.1,26.2,15.1,12.3,29.2,20730.85
Thailand,14-08-2014,30,24.5,27,3,10.9,25.6,37397.84
Thailand,15-08-2014,30.5,24.2,27,10.1,7.2,24.5,33128.11
Thailand,16-08-2014,30,23.6,26,8.8,7.6,21.6,32495.61
Thailand,17-08-2014,31.3,23.3,27.4,3,7.7,23,41849.92
Thailand,18-08-2014,32.4,24.2,27.8,3.3,8.9,25.2,41841.36
Thailand,19-08-2014,31.3,24.3,26.9,16.4,8.7,27,27205.58
Thailand,20-08-2014,30.7,24.3,26.7,16.4,8.9,22.7,35657.7
Thailand,21-08-2014,29.9,23.9,26.4,11.4,7.2,22.3,26836.39
Thailand,22-08-2014,29.8,24,26.4,14.4,6.9,21.6,33332.66
Thailand,23-08-2014,31,24.7,27.3,8.4,8.4,22.7,34625.2
Thailand,24-08-2014,31.2,24.9,27.6,2.6,7.5,23,39000.54
Thailand,25-08-2014,31.7,24.2,27.2,10.2,6.2,17.3,36485.02
Thailand,26-08-2014,30.6,24.6,26.7,10.1,6.8,18.4,34297.57
Thailand,27-08-2014,29,23.8,26,15,7,16.9,18899.16
Thailand,28-08-2014,29.2,23.7,26.2,8.1,8.6,21.2,33602.61
Thailand,29-08-2014,28.4,23.8,25.5,17.6,10.8,24.8,15654.78
Thailand,30-08-2014,27.7,23.7,25.3,12.8,7.9,25.9,5458.63
Thailand,31-08-2014,28.9,23.9,25.4,21.4,10.6,28.1,16613.41
Thailand,01-09-2014,30.1,23.3,26.3,5.4,10.6,24.1,33354.56
Thailand,02-09-2014,27.9,23.7,25.1,15.8,11.1,22.7,5173.3
Thailand,03-09-2014,29.6,23.7,25.6,8.6,11.4,28.1,28147.07
Thailand,04-09-2014,29.4,23.3,26.1,11.2,8.4,24.1,29178.52
Thailand,05-09-2014,29.9,23.7,26.2,11.4,10.7,31.3,30717.08
Thailand,06-09-2014,30.1,24,26.4,16,8.4,21.6,38719.13
Thailand,07-09-2014,28.4,23.7,25.4,12,11,24.1,22532.7
Thailand,08-09-2014,30.7,23,26.8,1,8.7,23.4,40476.14
Thailand,09-09-2014,31.1,23.3,27.3,0.4,7.9,19.4,41078.66
Thailand,10-09-2014,31.3,24.3,27.6,1,8.4,19.1,39303.41
Thailand,11-09-2014,30.3,24.3,26.8,12.2,7.8,19.8,29817.69
Thailand,12-09-2014,30.8,24.4,27.1,0.9,8.5,22.7,38240.86
Thailand,13-09-2014,31.1,23.5,27.1,6.5,7.6,22.7,41627.67
Thailand,14-09-2014,30.4,24.7,27,10.9,9.8,22,36041.4
Thailand,15-09-2014,30.9,24.1,26.6,16.6,9.4,23.8,34187.06
Thailand,16-09-2014,29.5,23.7,26.6,1.9,12.1,31.3,17897.49
Thailand,17-09-2014,30.3,24.4,26.9,2.7,17.3,36.4,27678.31
Thailand,18-09-2014,30.6,24.7,27.1,0.1,15.5,37.4,39120.17
Thailand,19-09-2014,30.7,24,27.3,0,6.2,22.3,41010.55
Thailand,20-09-2014,31.1,24.6,27.6,2.9,8,23,40388.52
Thailand,21-09-2014,30.9,24.4,27.6,4.7,6.8,27.4,34566.1
Thailand,22-09-2014,28.3,23.5,25.4,20.7,9.8,29.5,7535.54
Thailand,23-09-2014,30.8,23.1,26.8,3.6,7.6,27.4,39093.1
Thailand,24-09-2014,29.1,24,25.9,11.5,7.1,19.1,18870.99
Thailand,25-09-2014,28.7,23.8,25.4,23.5,9.2,21.6,18203.72
Thailand,26-09-2014,29.7,23.1,26.2,6.9,5.6,20.9,38251.97
Thailand,27-09-2014,30.9,23.6,27.1,4,6.3,18.4,39755.32
Thailand,28-09-2014,32,24.4,27.6,4.2,6.9,16.2,40650.04
Thailand,29-09-2014,31.6,23.9,27.3,2.1,6.6,17.3,38278.6
Thailand,30-09-2014,30.7,24.4,26.7,13.3,5.1,20.9,35921.31
Thailand,01-10-2014,30.8,23.7,26.8,5.1,4.7,21.2,36124.3
Thailand,02-10-2014,31.4,23.2,26.5,5,7.2,21.2,39625.95
Thailand,03-10-2014,31.6,22.7,27.1,0.6,4,16.9,40409.8
Thailand,04-10-2014,31.5,23.7,27.7,0.1,5.8,17.3,40479.12
Thailand,05-10-2014,32,23,27.3,3,9.6,32.4,40458.27
Thailand,06-10-2014,29.5,23.5,26,4.7,21.6,43.2,27240.32
Thailand,07-10-2014,28.8,23.2,25.8,4.6,21.4,42.1,37116.42
Thailand,08-10-2014,29.5,21.8,25.8,0,20.2,47.2,39845.85
Thailand,09-10-2014,26.8,23.3,25,1.6,5,12.6,1159.06
Thailand,10-10-2014,30.5,22.8,26.2,4.2,8.2,22.7,37890.66
Thailand,11-10-2014,31,23.5,26.3,8.2,8.2,20.9,36517.56
Thailand,12-10-2014,30,22.8,26.1,2.3,14.8,33.1,39545.16
Thailand,13-10-2014,30.2,21.3,25.6,0,19.2,41,39618.15
Thailand,14-10-2014,30.2,21.7,25.7,0,14.7,34.9,39804.27
Thailand,15-10-2014,30,20.2,24.8,0,13.7,32.4,39922.35
Thailand,16-10-2014,30.7,19.4,25.2,0,11,24.5,39682.14
Thailand,17-10-2014,30.5,22.4,26.2,0,12.2,32.8,39453.62
Thailand,18-10-2014,30.9,22.2,26.3,0,11.4,39.2,38835.98
Thailand,19-10-2014,29.6,22.9,25.9,0.2,16.6,32,32295.77
Thailand,20-10-2014,27,23.6,24.8,19.6,7.9,19.1,7907.58
Thailand,21-10-2014,29.7,23,25.7,4.9,6.6,25.2,29078.72
Thailand,22-10-2014,30.5,23.7,26.6,3.2,8.7,26.3,36906.62
Thailand,23-10-2014,27.6,23.7,25.5,1.6,8.2,23.8,26737.63
Thailand,24-10-2014,29.2,22.8,25.3,1.4,7.9,26.6,34612.55
Thailand,25-10-2014,29.3,22.9,25.4,3.6,9.2,25.2,36701.5
Thailand,26-10-2014,30.3,22.9,26.2,0.8,8.3,27.7,36029.63
Thailand,27-10-2014,30.5,22.6,26.4,0.3,7.2,24.5,37679.42
Thailand,28-10-2014,30.8,22.6,26.2,2,7.9,25.2,36827.55
Thailand,29-10-2014,30.5,23.5,26,6,6.7,25.6,33920.46
Thailand,30-10-2014,30.7,23,26.6,1.1,6.1,20.5,36625.75
Thailand,31-10-2014,30.9,23.4,27.1,0.4,6.9,17.6,37047.02
Thailand,01-11-2014,31.5,23.9,27,1.6,8.7,27,36369.46
Thailand,02-11-2014,31.9,23.3,27.1,0.5,10.5,29.9,36337.28
Thailand,03-11-2014,30.3,24.2,26.8,0.1,21.3,45.4,37453.07
Thailand,04-11-2014,29.6,22.9,26.2,0,14.1,30.2,30522.11
Thailand,05-11-2014,29.1,23.5,25.6,8.2,6.9,31,31165.32
Thailand,06-11-2014,30.5,23.9,26.1,10.7,10,23,32328.77
Thailand,07-11-2014,30.3,23.5,26.1,3.1,6.9,21.2,33784.02
Thailand,08-11-2014,30.3,24.2,26.3,9.8,6.5,16.2,28820.13
Thailand,09-11-2014,29.4,23.5,26,0.4,13.3,26.3,36004.08
Thailand,10-11-2014,30.3,22.1,26.1,0,8,23.4,36579.75
Thailand,11-11-2014,31.2,22.6,26.7,0.3,5.6,23.4,36675.67
Thailand,12-11-2014,31.3,22.6,26.5,0,10.1,26.3,36953.97
Thailand,13-11-2014,30.4,22.4,26.1,0,17.9,47.2,36587.95
Thailand,14-11-2014,28.9,22.9,25.4,0,13.9,30.6,36111.52
Thailand,15-11-2014,30.2,20.9,25.3,0,13.6,28.8,36500.39
Thailand,16-11-2014,29.8,20.8,25.1,0,16.7,37.8,36678.2
Thailand,17-11-2014,29.8,20.7,25.1,0,18.6,40.7,36599.26
Thailand,18-11-2014,29.2,21.8,24.8,0,23.6,42.5,35745.96
Thailand,19-11-2014,28.6,18.8,23.5,0,18,35.3,36691.52
Thailand,20-11-2014,28.6,17.7,23,0,16.1,30.6,31236.86
Thailand,21-11-2014,29.5,18.5,23.8,0,7.9,22.7,36336.41
Thailand,22-11-2014,30.6,18.3,24.6,0,7.2,20.2,36514.88
Thailand,23-11-2014,31.3,19.1,25,0,7.6,20.9,36619.16
Thailand,24-11-2014,31.2,18.6,24.8,0,8.4,18,36531.79
Thailand,25-11-2014,31.8,20.4,26,0,7.3,19.1,30101.48
Thailand,26-11-2014,31.6,22.4,26.6,0.2,6.2,14,36000
Thailand,27-11-2014,30.9,23.8,27.1,0,6,17.3,36212.7
Thailand,28-11-2014,31.3,23.1,27.1,0.7,6,16.6,36123.09
Thailand,29-11-2014,32.1,23.1,27.5,0,7.4,15.8,36303.05
Thailand,30-11-2014,32.8,22.3,27,0,9.5,23,36000
Thailand,01-12-2014,32.5,19.9,26.5,0,8.9,23.8,36030.84
Thailand,02-12-2014,29.4,24.3,26.2,0,13,41.4,19758.36
Thailand,03-12-2014,30.2,23.3,26.3,0,12,25.9,22582.11
Thailand,04-12-2014,30.5,23,26.4,0.5,13.4,31,23267.58
Thailand,05-12-2014,29,23.7,25.9,0.7,17.2,37.8,35290.07
Thailand,06-12-2014,30.1,23.4,26.2,0,12.6,28.1,33766.5
Thailand,07-12-2014,31.3,21.3,26.3,0,8.4,22.7,36000
Thailand,08-12-2014,29.5,22.6,25.5,0,19.2,41.4,36495.97
Thailand,09-12-2014,29.9,20.7,25,0,15.8,33.8,36112.04
Thailand,10-12-2014,30.3,19.7,24.9,0,13.7,30.2,36595.95
Thailand,11-12-2014,30.3,19.1,24.8,0,14.8,35.3,36009.89
Thailand,12-12-2014,29.7,21.2,25,0,16.5,40,36798.23
Thailand,13-12-2014,28.4,19,23.4,0,15.4,36.7,36602.49
Thailand,14-12-2014,28.9,18.8,23.3,0,12.5,29.9,36806.58
Thailand,15-12-2014,29.7,17.6,23.7,0,10.2,24.8,36810.79
Thailand,16-12-2014,28.8,19.6,23.8,0,22.8,50.4,35695.16
Thailand,17-12-2014,25,17.9,21.6,0,23.2,46.8,29392.07
Thailand,18-12-2014,26.4,19.5,22.3,0,17.2,35.6,36928.58
Thailand,19-12-2014,27.6,18.7,22.7,0,9.5,28.1,36917.45
Thailand,20-12-2014,28.2,19.2,23,0,13.3,31,36286.57
Thailand,21-12-2014,30.1,17.1,23.3,0,21.8,44.3,37299.5
Thailand,22-12-2014,26.7,17.4,21.6,0,22.4,44.3,37277.71
Thailand,23-12-2014,27.2,15.6,21.2,0,12.1,27.7,37256.38
Thailand,24-12-2014,29.1,15,22.2,0,10.2,27.7,37235.57
Thailand,25-12-2014,30.8,18.7,24.5,0,10.4,27.7,37101.24
Thailand,26-12-2014,32,20.3,25.9,0,11.4,31,36734.46
Thailand,27-12-2014,31.9,22,26.7,0,13.6,31.7,37176.9
Thailand,28-12-2014,30.7,22.9,26.1,0,20.4,45.4,37511.99
Thailand,29-12-2014,28.2,19.6,23.6,0,21.7,42.8,37560.89
Thailand,30-12-2014,29.2,16.7,23.1,0,10.9,27.4,37571.25
Thailand,31-12-2014,28.7,17.1,22.8,0,17.4,41,37583.09
Thailand,01-01-2015,27.5,17.4,21.9,0,21.7,45.4,37596.76
Thailand,02-01-2015,27.3,15.4,21,0,16.3,38.9,37611.94
Thailand,03-01-2015,28.3,14.7,21.5,0,12.7,31.3,37628.59
Thailand,04-01-2015,29.9,15.4,22.8,0,7.1,18.4,37646.67
Thailand,05-01-2015,31.7,16.4,24.4,0,6.5,16.9,37666.14
Thailand,06-01-2015,32.3,18.6,25.9,0,7.4,16.2,37686.95
Thailand,07-01-2015,32.9,19.7,26.7,0,10.2,22.3,37531.71
Thailand,08-01-2015,29,21.5,24.9,5.2,23.5,49,24648.08
Thailand,09-01-2015,28.4,20.9,24.2,0.6,21.2,43.9,22781.43
Thailand,10-01-2015,24.6,20.1,22.8,1.7,19.5,36,4332.28
Thailand,11-01-2015,20.7,18.2,19.4,3.2,12.7,27.7,8867.62
Thailand,12-01-2015,25.5,17.4,21,3.7,14.7,31.3,35245.81
Thailand,13-01-2015,26.6,18.2,21.9,0,16.9,36.4,37821.3
Thailand,14-01-2015,26,16,20.1,0,16.4,35.3,34566.42
Thailand,15-01-2015,27.3,12.8,20.1,0,10.6,29.2,37927.18
Thailand,16-01-2015,28.5,14.2,21.3,0,12.6,31,37958.94
Thailand,17-01-2015,27.1,16.6,21.5,0,19.2,41.8,37991.55
Thailand,18-01-2015,28.2,16.9,22,0,15.3,35.6,38024.98
Thailand,19-01-2015,28.1,17.4,22.3,0,17.8,40.3,38059.17
Thailand,20-01-2015,29.1,16.3,22.5,0,13,31,38094.17
Thailand,21-01-2015,30.9,15.5,23.6,0,8.2,22,38130.43
Thailand,22-01-2015,31,18.7,24.8,0,11.9,31.3,38167.91
Thailand,23-01-2015,30.7,17.2,24.5,0,7.6,24.1,37629.73
Thailand,24-01-2015,31.5,18.2,24.7,0,7.2,22,38246.26
Thailand,25-01-2015,31.9,18.4,25,0,10,16.2,38286.99
Thailand,26-01-2015,32.3,18.2,25.3,0,9.8,18.7,38328.68
Thailand,27-01-2015,32.6,17.6,25.4,0,8.7,18,38371.25
Thailand,28-01-2015,32.6,18.3,25.2,0,8.9,20.9,38414.64
Thailand,29-01-2015,33,18,25.4,0,10.2,15.8,38458.81
Thailand,30-01-2015,33.5,18.9,26.6,0,7.8,25.2,38503.66
Thailand,31-01-2015,31.4,21.6,26.7,0,17.5,37.4,38549.16
Thailand,01-02-2015,30.4,21.7,25.8,0,20.6,44.6,38595.23
Thailand,02-02-2015,30.5,20.2,25.1,0,17.6,41.4,38641.83
Thailand,03-02-2015,31.8,19.1,25.4,0,14.3,36.7,38688.89
Thailand,04-02-2015,32.2,18.9,25.5,0,13.8,34.9,38736.36
Thailand,05-02-2015,31,20,25.3,0,18.4,40.7,38784.16
Thailand,06-02-2015,29.6,20.3,24.5,0,22.4,47.2,38832.27
Thailand,07-02-2015,30.9,17.8,24.7,0,10.9,28.8,38880.63
Thailand,08-02-2015,30.6,19.8,25.1,0,19.8,46.4,38929.18
Thailand,09-02-2015,30.3,20,24.9,0,18.8,42.8,38977.87
Thailand,10-02-2015,31.2,18.8,24.9,0,13.7,33.8,38438.85
Thailand,11-02-2015,32.5,17.8,25.7,0,8.9,24.5,39077.04
Thailand,12-02-2015,32.4,19.9,26.4,0,12.9,35.6,39127.66
Thailand,13-02-2015,30.8,22.2,25.9,1.5,11.2,31.3,39178.89
Thailand,14-02-2015,31.8,21.2,26.2,0,9.5,31.7,39230.67
Thailand,15-02-2015,32.4,19.9,26,0,7.9,23.4,39282.95
Thailand,16-02-2015,32.2,22.2,26.8,0.9,6.1,19.4,39335.67
Thailand,17-02-2015,32.3,22.3,26.5,3,8.6,20.2,39388.78
Thailand,18-02-2015,32.2,22.5,26.7,2,9.8,27.7,38801.1
Thailand,19-02-2015,31.4,22.5,25.9,1.3,11.7,29.9,37514
Thailand,20-02-2015,30.3,22.9,26.1,0.2,6.3,19.8,29930.93
Thailand,21-02-2015,31.9,21.9,26.4,8.5,7.6,24.5,39592.25
Thailand,22-02-2015,31.1,23,26.1,7.2,11.2,28.8,39600
Thailand,23-02-2015,32.5,21.8,26.5,1.2,8.1,23.8,39600
Thailand,24-02-2015,33.1,22,27.1,1.2,7.9,22,39600
Thailand,25-02-2015,33.3,21.9,27.7,0,8.9,22.3,39600
Thailand,26-02-2015,33.6,21.6,27.6,0,10.8,26.6,39600
Thailand,27-02-2015,34.7,21.5,28.3,0,7.6,19.1,39600
Thailand,28-02-2015,35.1,22.8,29.3,0,9.1,17.6,39600
Thailand,01-03-2015,36.2,24,29.9,0,7.4,28.1,39600
Thailand,02-03-2015,34,25.4,29.1,0.6,9.6,26.6,37415.82
Thailand,03-03-2015,35.1,24.7,29.7,0,14.8,26.6,39600
Thailand,04-03-2015,35.1,23.9,29.6,0.6,12.2,24.8,39600
Thailand,05-03-2015,35.7,24.7,30.1,0.3,12.4,23.8,39600
Thailand,06-03-2015,35.5,24.7,29.8,0.3,13.2,27.4,39600
Thailand,07-03-2015,35.3,24.6,30.1,0.2,13.4,26.6,39600
Thailand,08-03-2015,35.1,25.3,30,0.1,9.8,24.5,39600
Thailand,09-03-2015,35.2,25.2,29.9,0.2,7.2,19.1,39600
Thailand,10-03-2015,35.9,25.4,30.1,0.6,8.3,22.7,39600
Thailand,11-03-2015,34.7,25.5,29.9,1.5,10.5,22.7,39600
Thailand,12-03-2015,35.1,25.4,29.3,2.6,8,24.1,39600
Thailand,13-03-2015,34.8,24.8,29.4,0.1,12.7,26.6,39600
Thailand,14-03-2015,35.3,25.4,29.9,1.2,10.4,26.6,39600
Thailand,15-03-2015,35.6,24.4,30.3,0,10.2,24.8,39656.73
Thailand,16-03-2015,36,24.1,30.1,0,13.4,26.3,39725.63
Thailand,17-03-2015,35.9,24,30,0,12.9,28.1,39722.61
Thailand,18-03-2015,36.9,24.1,30.5,0,11.9,25.2,39797.59
Thailand,19-03-2015,36.3,24.3,30.6,0,12.7,23.8,39876.55
Thailand,20-03-2015,36.3,25.6,31.1,0.3,9.7,23.4,39793.46
Thailand,21-03-2015,35.1,26.4,29.5,2.9,12.2,27.4,36782.27
Thailand,22-03-2015,33.1,24.6,28.1,4.2,8.7,23.4,37022.41
Thailand,23-03-2015,34.6,24,28.4,4.3,9.3,25.2,37822.56
Thailand,24-03-2015,31,23.3,26.6,10.3,17.1,41.8,32962.57
Thailand,25-03-2015,30.1,22.8,26.4,0,17.7,41.8,38850.29
Thailand,26-03-2015,30.8,23.4,27,0.9,18,39.2,39951.99
Thailand,27-03-2015,32.4,22.9,27.5,0,16.1,37.4,40247.2
Thailand,28-03-2015,34.1,23.4,28.4,0.2,12.7,29.9,40053.06
Thailand,29-03-2015,32.6,24.1,28.2,0.3,7.6,18.7,39650.49
Thailand,30-03-2015,33.7,23.6,28.6,1.6,8.7,21.6,40356.57
Thailand,31-03-2015,34.6,24.2,29.4,0.1,10.1,29.2,40463.35
Thailand,01-04-2015,34.9,24.8,29.8,1.2,11.5,28.8,40256.52
Thailand,02-04-2015,36.6,25,30.7,0,13.2,30.2,41006.29
Thailand,03-04-2015,36.1,22.5,29.7,0,9,24.1,41234.36
Thailand,04-04-2015,36.6,24.5,30.6,0,10.9,28.1,41357.6
Thailand,05-04-2015,36.8,24,30.6,0,12.4,24.5,41259.71
Thailand,06-04-2015,36.8,26,31.3,0.2,11.6,26.3,41045.07
Thailand,07-04-2015,36.8,26.8,31.9,0,8.8,22,40595.24
Thailand,08-04-2015,33.9,25.8,28.9,5.2,12.3,29.5,30414.73
Thailand,09-04-2015,32.2,25.5,28.6,5.9,5.6,22,39480.09
Thailand,10-04-2015,35.1,24.8,29.4,0.5,8.3,20.9,41546.9
Thailand,11-04-2015,32.3,24.5,28,9.3,17.8,33.1,40840.18
Thailand,12-04-2015,31.5,24,27.9,0,16.2,38.9,41326.24
Thailand,13-04-2015,32.3,24.7,28,0,16.3,36.7,40723.96
Thailand,14-04-2015,32.7,22.8,27.2,0,18,38.9,41094.49
Thailand,15-04-2015,34.5,20.9,28.1,0,8.6,25.2,41819.69
Thailand,16-04-2015,35.7,24.3,29.9,0,9.8,19.8,41858.24
Thailand,17-04-2015,37,23.9,30.9,0,13.2,29.2,41896.44
Thailand,18-04-2015,36.6,25.8,31.3,0.2,14.7,32.4,41934.24
Thailand,19-04-2015,37.5,25.3,31.8,0,14.5,27.7,41971.57
Thailand,20-04-2015,37.7,27.2,32.6,0,15,27.4,42008.39
Thailand,21-04-2015,38.3,27.4,32.7,0.2,13.9,25.9,42044.64
Thailand,22-04-2015,37.8,27.8,31.9,0.3,16.9,30.6,42080.27
Thailand,23-04-2015,32.8,24.2,28.1,7.6,13,32.8,36321.12
Thailand,24-04-2015,34.2,24.5,28.6,3.4,10.9,27.4,42149.44
Thailand,25-04-2015,31.2,24.1,27.4,8,15.3,32.4,39131.82
Thailand,26-04-2015,31.6,24.6,27.5,5.9,10.7,25.6,41408.58
Thailand,27-04-2015,32.8,24.8,28.5,3.1,6.4,18.7,40994.85
Thailand,28-04-2015,33.7,24.4,28.6,11.4,7.2,22,41132.27
Thailand,29-04-2015,33.9,24.9,29.4,1.6,7.4,22.7,42307.62
Thailand,30-04-2015,33.7,25.4,29.5,4.2,8.2,25.9,42336.3
Thailand,01-05-2015,34.7,25.7,30.1,0,10.7,24.1,42364.1
Thailand,02-05-2015,34.1,26.8,30.5,1.3,12.6,25.6,42391.26
Thailand,03-05-2015,33.6,26.5,30.2,2,12.2,27.7,42417.76
Thailand,04-05-2015,35.3,26.3,29.9,5.2,11.2,26.6,36741.03
Thailand,05-05-2015,35.3,26.3,30.4,2.8,11.6,23,42468.7
Thailand,06-05-2015,33.1,26.3,29.8,3.6,9.5,26.6,42493.11
Thailand,07-05-2015,34.7,26.4,30.5,2.7,11.3,25.6,42516.79
Thailand,08-05-2015,34.5,25.6,29.9,7.9,12.8,28.8,42539.7
Thailand,09-05-2015,34.9,25.7,29.9,1.4,10.9,25.6,42561.85
Thailand,10-05-2015,34.2,25.3,30,0,9.7,23,42717.46
Thailand,11-05-2015,35,26,30.7,0,12.8,24.1,42603.76
Thailand,12-05-2015,35.5,26.7,30.9,0.4,8,25.2,42623.48
Thailand,13-05-2015,34.8,27.2,29.9,5.4,9.9,26.6,38235.1
Thailand,14-05-2015,32.1,26.4,28.1,25,14.4,32,21702.19
Thailand,15-05-2015,32.8,24.8,28.7,0,10.4,26.6,42677.47
Thailand,16-05-2015,34.2,26,29.9,0.5,12.5,32.8,42693.68
Thailand,17-05-2015,34.1,26.6,29.7,5.5,9.8,32.8,41038.47
Thailand,18-05-2015,33.9,26.4,29.6,0.8,10.8,28.8,42342.29
Thailand,19-05-2015,33.9,26.4,29.7,4.3,9.4,26.3,40858.66
Thailand,20-05-2015,34.5,26,29,5.4,15.9,34.9,35738.26
Thailand,21-05-2015,33.8,26.1,28.9,3.1,16.1,43.6,41737.4
Thailand,22-05-2015,33.5,26.2,28.6,10.8,19.4,46.1,42770.63
Thailand,23-05-2015,33.2,25.7,28.5,4.4,17.3,39.2,42660.78
Thailand,24-05-2015,33.2,25.8,28.4,12.9,12.3,34.6,41140.8
Thailand,25-05-2015,32.5,25.7,28.9,0.2,11.9,24.5,42914.54
Thailand,26-05-2015,33,25.3,28.7,8.9,12.7,25.6,41577.51
Thailand,27-05-2015,32.1,25.9,28.2,2.1,10.5,26.3,30292.18
Thailand,28-05-2015,32.7,25.7,28.4,14.2,10.6,27.7,39427.59
Thailand,29-05-2015,33.5,25.2,29,3.2,10,26.3,42835.47
Thailand,30-05-2015,33.4,25.8,29.4,1.7,8,26.3,42835.27
Thailand,31-05-2015,33.2,25.7,29.8,0.1,8.6,24.8,43301.25
Thailand,01-06-2015,34.2,26.1,30.1,1.1,6.8,23,42832.36
Thailand,02-06-2015,33.6,26.5,29.7,2.6,7.9,28.8,42822.13
Thailand,03-06-2015,32.1,25.3,28.1,11,10.3,24.8,40224.96
Thailand,04-06-2015,33.4,24.8,29,1.6,8.2,23.8,43404.1
Thailand,05-06-2015,34,25.5,29.6,0.8,10.4,24.5,43208.76
Thailand,06-06-2015,34.1,26.3,30.1,0,9.3,24.8,43601.18
Thailand,07-06-2015,34.3,27.7,30.6,0.7,13.4,29.2,38803.03
Thailand,08-06-2015,33.3,27.6,30,1.2,13.7,28.8,40160.18
Thailand,09-06-2015,32.7,25.9,29,14.3,15.5,31.3,41051.87
Thailand,10-06-2015,33.8,24.9,29.3,0.4,11.2,26.6,43597.82
Thailand,11-06-2015,34.7,25.8,30.3,1.8,10,25.2,43082.77
Thailand,12-06-2015,33.5,25.7,29.4,10.2,8.7,26.3,43384
Thailand,13-06-2015,32.2,25.2,28.5,6.5,9.4,22,36471.11
Thailand,14-06-2015,31.7,25.3,28.6,7.1,13.7,31,32517.46
Thailand,15-06-2015,30.1,25.2,27.3,5.8,13.4,27.7,28726.06
Thailand,16-06-2015,31.7,24.8,27.5,5.9,11.4,24.8,36896.77
Thailand,17-06-2015,31,24.8,27.9,1,11.6,27.4,40496.36
Thailand,18-06-2015,30.9,25.1,27.4,12.7,10.4,23,38205.48
Thailand,19-06-2015,32.4,24.4,28.4,0.4,10.9,31,43747.92
Thailand,20-06-2015,33.4,25.1,29,1.7,8.4,27.7,43737.73
Thailand,21-06-2015,33.1,25.7,28.7,4.2,12.6,34.9,42747.3
Thailand,22-06-2015,31.9,25.8,28,4.3,16.3,37.1,27785.92
Thailand,23-06-2015,32.1,25.4,28.1,2.6,18.1,52.6,33351.37
Thailand,24-06-2015,28.9,24.8,26.9,6.2,14.5,40.7,4764.95
Thailand,25-06-2015,31.3,24.8,27.2,5.4,21,51.1,17235.08
Thailand,26-06-2015,30.6,25.4,27.6,0,18.9,59,24449.11
Thailand,27-06-2015,30.3,25.3,27.2,3.9,18.8,41.8,33997.67
Thailand,28-06-2015,32.4,24.6,27.7,3.2,16.1,37.1,42594.41
Thailand,29-06-2015,32.2,24.3,28.2,0,10.8,34.2,43512.68
Thailand,30-06-2015,32.9,24,28.6,0,14.5,35.6,43947.25
Thailand,01-07-2015,33.6,23.9,29.1,0,15.1,33.5,43595.78
Thailand,02-07-2015,34.4,25,30.2,0,15,33.5,43918.13
Thailand,03-07-2015,35.4,25.9,30.1,1.6,18.9,38.5,42887.42
Thailand,04-07-2015,34.9,25.9,30.7,0,19.1,41,43434.51
Thailand,05-07-2015,34.4,26.6,29.5,6.7,21.7,45,37731.87
Thailand,06-07-2015,33.3,26.1,29,5,12.9,37.1,40998.37
Thailand,07-07-2015,33.5,25.8,28.5,11.9,12.9,36.7,33247.75
Thailand,08-07-2015,31.1,25.7,27.6,7.5,11.6,34.6,5324.53
Thailand,09-07-2015,26.4,24.9,25.7,25.9,10.4,27.7,0
Thailand,10-07-2015,32.3,23.4,27.7,0.4,11.1,39.6,43551.91
Thailand,11-07-2015,33.5,24.8,29.1,1.4,9,28.1,43532.86
Thailand,12-07-2015,33,25.9,29.1,4.9,11.2,28.8,42195.08
Thailand,13-07-2015,32.3,25.9,28.4,15.6,8,24.1,39981.07
Thailand,14-07-2015,31.7,25.2,27.4,27.5,7.9,26.6,22029.77
Thailand,15-07-2015,31.3,25.4,27.8,5.4,15.7,36.4,39434.62
Thailand,16-07-2015,30.8,25.1,26.9,8.5,16.4,43.2,26350.73
Thailand,17-07-2015,31.7,25.3,27,10.1,16.3,47.2,15487.17
Thailand,18-07-2015,31.4,25,27.1,15.9,16.3,41.8,28219.56
Thailand,19-07-2015,28.1,24.7,26,19,12.6,31.3,1247.45
Thailand,20-07-2015,29.4,24.5,25.8,10.2,14.9,38.5,2500.07
Thailand,21-07-2015,29.1,24.5,26,17.9,13.7,36.4,10385.98
Thailand,22-07-2015,30.6,24.4,26.8,1.6,9.4,31.7,33330.68
Thailand,23-07-2015,27.3,24.4,25.9,10,8.2,29.5,2862.32
Thailand,24-07-2015,27.5,23.4,25.4,5.7,7.7,18.7,824.64
Thailand,25-07-2015,30.8,24,27.1,0.3,12.2,40,31346.14
Thailand,26-07-2015,29.2,24.3,26.4,2.1,13.5,40,8773
Thailand,27-07-2015,28.9,23.5,26.1,3.2,13,36.7,9167.54
Thailand,28-07-2015,30,24.1,26.4,31.9,14.3,40,29807.57
Thailand,29-07-2015,28,24,25.2,14.9,10.4,34.9,5310.47
Thailand,30-07-2015,28.7,23.2,25.5,8.3,12.5,30.2,13780.74
Thailand,31-07-2015,28.6,23.2,25.4,10.6,14,31.7,25198.03
Thailand,01-08-2015,27.3,23.8,25.4,26.3,9.8,24.5,5995.74
Thailand,02-08-2015,28.7,23.8,25.2,25.9,14.3,30.6,3776.67
Thailand,03-08-2015,30.4,23.9,26.4,6.7,14.7,35.6,32665.31
Thailand,04-08-2015,28.6,24.2,25.8,16,12.6,33.1,16989.71
Thailand,05-08-2015,29.7,23.5,25.5,15,14.3,32,14400
Thailand,06-08-2015,30.2,23.4,26.3,5.2,9.6,26.6,34662.04
Thailand,07-08-2015,30.6,24.1,26.9,14.2,9.7,22.7,33385.31
Thailand,08-08-2015,29.7,23.8,26.2,22.8,5.5,21.2,31019.74
Thailand,09-08-2015,30.4,24.4,26.6,10.1,7.9,21.2,33621.55
Thailand,10-08-2015,31.4,24.2,27.5,1.7,8,19.8,38247.34
Thailand,11-08-2015,32,25,27.8,18.7,9.2,21.2,36887.68
Thailand,12-08-2015,30.7,24.4,26.9,4.5,9,25.9,26485.38
Thailand,13-08-2015,30,24.3,26.6,7.8,12.6,18.7,18798.64
Thailand,14-08-2015,30.2,24.5,27.1,4.1,9.4,28.8,36299.61
Thailand,15-08-2015,30.3,24.1,27,2.3,8.6,28.1,35959.53
Thailand,16-08-2015,31.4,24.7,27.8,0.4,9.9,25.6,36558.29
Thailand,17-08-2015,31.4,24.5,27.7,0.7,11.5,30.6,41972.88
Thailand,18-08-2015,31.5,24.3,27.8,0.1,13.7,38.5,40815.55
Thailand,19-08-2015,31.6,24.8,28.1,0.3,15.1,45,41837.37
Thailand,20-08-2015,31.7,24.9,28.4,13.9,13.2,26.6,41829.19
Thailand,21-08-2015,30.6,24.5,26.6,10.5,9,22.7,30231.24
Thailand,22-08-2015,29.8,24.7,26.4,5.7,15.2,36.4,39432.62
Thailand,23-08-2015,30.6,23.6,27,1.6,11.8,36.4,41805.94
Thailand,24-08-2015,30.9,24.1,27.6,0,13.8,40.3,41723.29
Thailand,25-08-2015,31.7,24.6,27.2,11.4,11,29.9,39461.07
Thailand,26-08-2015,30.1,24.5,26.8,8.7,11.8,38.2,31638.16
Thailand,27-08-2015,28.8,24,25.9,13.9,8.9,33.1,21715.75
Thailand,28-08-2015,29,23.9,26.2,6.4,9.4,30.2,26342.07
Thailand,29-08-2015,30.9,23.7,27.1,0.5,10.7,30.2,38496.58
Thailand,30-08-2015,30.5,24.4,27.4,0.3,10,25.2,35526.32
Thailand,31-08-2015,28,25,26.3,1.7,9.9,30.2,391.18
Thailand,01-09-2015,28.7,24.4,26.2,0.3,10.5,24.5,11258.26
Thailand,02-09-2015,30.5,23.4,27.1,11.4,10.5,26.6,38301.81
Thailand,03-09-2015,28.4,24.8,26.2,9.6,6.4,16.2,7577.26
Thailand,04-09-2015,30,24.2,26.4,7,9.7,20.2,14781.87
Thailand,05-09-2015,30.6,24.4,26.9,10.8,9.6,31.7,38750.06
Thailand,06-09-2015,30.7,24.1,27.2,0.1,8.4,27.4,41722.91
Thailand,07-09-2015,30.7,24.5,27.4,2.1,12.4,29.5,41686.2
Thailand,08-09-2015,30,24.3,27.1,3.8,12.7,32,40234.43
Thailand,09-09-2015,31.7,24.4,27.8,0.7,6.1,21.6,38373.52
Thailand,10-09-2015,30.5,24.4,26.8,6.4,11.7,27,37980.52
Thailand,11-09-2015,28,24.3,25.8,17.9,7.4,15.1,12615.4
Thailand,12-09-2015,29.3,24.3,26.5,2,7.2,19.1,33444.54
Thailand,13-09-2015,29.4,24.2,26.2,16.7,5.8,20.9,22308.37
Thailand,14-09-2015,29.9,23.7,26.4,6.5,9,20.9,35441.81
Thailand,15-09-2015,28,24.4,26.2,4.2,14.5,34.2,329.75
Thailand,16-09-2015,28.6,24.3,26,2.7,12.3,40.7,17938.82
Thailand,17-09-2015,28.4,24.5,25.7,5.8,14.8,37.4,12082.3
Thailand,18-09-2015,29.2,24.2,25.7,23.7,20.1,47.5,14821.4
Thailand,19-09-2015,30.3,23.8,26.5,4.3,5.2,20.5,27823.24
Thailand,20-09-2015,31.5,23.3,27.6,0,10.5,24.1,39152.11
Thailand,21-09-2015,32.3,24,28.6,0,11.8,28.4,36760.58
Thailand,22-09-2015,30.6,25.2,27.4,10.8,8.9,26.3,24967.55
Thailand,23-09-2015,30.6,24.4,26.5,20.2,9.2,27,31108.6
Thailand,24-09-2015,31,24.4,26.7,5.3,12.3,27.4,37451.91
Thailand,25-09-2015,31,24.1,27.1,0.5,8.6,25.9,40686.24
Thailand,26-09-2015,31.1,24.4,27.6,0,7.2,19.4,40401.08
Thailand,27-09-2015,31.9,24.7,27.9,0.9,6.5,18,40427.86
Thailand,28-09-2015,31,24.3,27.2,10.3,5.8,17.3,38766.63
Thailand,29-09-2015,31.6,23.7,27.1,3.6,5.7,21.6,38295.63
Thailand,30-09-2015,32.1,24.4,27.5,3.8,5.5,18,36484.96
Thailand,01-10-2015,30.5,24.8,27,10.8,7.6,22.7,34575.66
Thailand,02-10-2015,30.7,24.2,26.5,9.1,5.5,21.2,25876.46
Thailand,03-10-2015,29.3,24,26.1,8.1,6.7,18.4,26849.03
Thailand,04-10-2015,30.1,24.1,26.6,9.9,8.6,17.3,35410.79
Thailand,05-10-2015,29,24.1,25.8,20.9,9.6,20.2,30127.09
Thailand,06-10-2015,29,24,25.6,15.5,10.5,25.6,28789.34
Thailand,07-10-2015,30.1,24,26.5,7.5,8.9,21.6,27959.65
Thailand,08-10-2015,28.3,24,25.9,17.7,5.7,17.3,19437.88
Thailand,09-10-2015,29.3,23.5,26,25.2,12.7,31,27469.55
Thailand,10-10-2015,29.6,23.7,25.5,14.6,8,25.9,16258.71
Thailand,11-10-2015,28.5,22,24.7,14,19.2,34.2,19247.17
Thailand,12-10-2015,26.4,21.3,23.2,1.7,11.5,24.5,4234.4
Thailand,13-10-2015,28.6,22.2,24.9,0,10,21.2,30386.52
Thailand,14-10-2015,30,20.7,25.2,0,8.6,21.2,38349
Thailand,15-10-2015,30.2,22.4,26,0.9,14,32.8,37669.69
Thailand,16-10-2015,30.4,24.2,26.8,2.3,9,26.6,33177.93
Thailand,17-10-2015,30.7,22.9,27.1,0,7.8,20.2,39188.16
Thailand,18-10-2015,30.8,22.6,27.1,0,9,21.2,39051.32
Thailand,19-10-2015,30.8,22.8,27.1,0.1,4.7,14.4,38699.93
Thailand,20-10-2015,31,23.2,26.9,0.3,5.9,16.2,38361
Thailand,21-10-2015,31.3,23.3,26.9,1.7,7.1,16.2,37223.22
Thailand,22-10-2015,30.8,23.3,26.8,0,6.6,16.6,37464.6
Thailand,23-10-2015,31.1,22.7,26.8,0,12.2,27.7,38232.46
Thailand,24-10-2015,31.2,22,26.4,0,11.9,27.7,38670.55
Thailand,25-10-2015,30.7,20.5,25.5,0,10,23,38443.2
Thailand,26-10-2015,30.9,21.2,26,0.2,8.4,26.3,37788.5
Thailand,27-10-2015,31.7,23.6,27.3,0,6.4,20.9,31708.66
Thailand,28-10-2015,32,23.9,27.8,0.4,6.1,22.7,36932.98
Thailand,29-10-2015,32.1,23.6,27.6,0.8,4.8,19.8,36830.92
Thailand,30-10-2015,32.1,23.6,27.8,0.1,8.3,21.6,37254.67
Thailand,31-10-2015,32.5,22.8,27.6,0,15.5,30.2,37149.72
Thailand,01-11-2015,31.6,22.9,27.4,0,21,51.1,37772.41
Thailand,02-11-2015,30.2,24.2,26.9,0,22,44.6,34053.36
Thailand,03-11-2015,31.5,22,26.3,0,14.2,30.6,28600.04
Thailand,04-11-2015,31.8,23.4,27.3,0,9.2,28.4,36476.67
Thailand,05-11-2015,31.5,23.4,27.2,0,11.4,27.7,36952.93
Thailand,06-11-2015,31.9,22.9,27.4,0,12.7,29.5,36675.64
Thailand,07-11-2015,30.7,24.4,26.4,4.8,12.6,30.6,30623.3
Thailand,08-11-2015,31.5,23.1,27.3,0.5,9.7,25.9,36477.06
Thailand,09-11-2015,32.1,23.4,27.9,0.2,9,25.2,36576.95
Thailand,10-11-2015,30.9,24.5,27.4,1.4,10.8,28.8,36202.2
Thailand,11-11-2015,32.4,23.9,27.8,0,6.9,28.1,36769.22
Thailand,12-11-2015,32.3,22.3,27.6,0,7,19.1,36585.12
Thailand,13-11-2015,32,24.3,27.8,1.4,5.2,21.6,36022.57
Thailand,14-11-2015,32.2,24.1,27.5,1.3,6.2,21.2,36047.48
Thailand,15-11-2015,31.9,24.2,27.8,1,5.9,16.2,36204.21
Thailand,16-11-2015,32.1,24.2,28.1,0,4.7,14.8,36148.07
Thailand,17-11-2015,32.3,24.1,27.7,0.8,5.6,17.3,36153.12
Thailand,18-11-2015,33,24.1,28.4,0,5.9,24.5,36247.64
Thailand,19-11-2015,33.5,24.7,27.7,0.6,8.3,27.7,36251.54
Thailand,20-11-2015,33.1,23.2,27.6,0,8.7,29.2,36165.61
Thailand,21-11-2015,33.1,22.1,27.3,0,11.8,27.4,36436.56
Thailand,22-11-2015,32.5,22.1,27.2,0,13.9,31.3,36438.94
Thailand,23-11-2015,32.1,22.1,27,0,15.4,39.6,36351.81
Thailand,24-11-2015,32.9,22.7,27.4,0,13.3,28.1,36192.49
Thailand,25-11-2015,32.4,23.5,27.8,0,14.8,34.6,36304.48
Thailand,26-11-2015,31.6,23.8,27.2,0,21.3,46.4,36220.25
Thailand,27-11-2015,30.5,22.7,26.4,0,20.2,41.4,34922.83
Thailand,28-11-2015,31.3,23.1,26.8,0,13.8,33.8,25677.41
Thailand,29-11-2015,32.4,22.4,27.1,0,15.8,30.6,33087.31
Thailand,30-11-2015,32.1,24.2,27.6,0,12.7,29.9,34626.01
Thailand,01-12-2015,32.9,22.6,27.9,0,6.3,18.7,36303.77
Thailand,02-12-2015,32.9,23.5,28.1,0.6,6.4,18.7,36000
Thailand,03-12-2015,33.3,23.9,27.9,0.9,6.6,25.9,34317.08
Thailand,04-12-2015,31.4,23.9,27.7,0.2,12.7,30.2,36304.68
Thailand,05-12-2015,30.2,23.5,25.9,5.6,11,29.2,36000
Thailand,06-12-2015,29.5,23,25.5,0,13.6,34.6,31581.88
Thailand,07-12-2015,28.6,21.8,25.2,0,14.4,31.7,22610.15
Thailand,08-12-2015,29.2,22.1,25.6,0,12.5,32.4,36305
Thailand,09-12-2015,30.7,21,26,0,7.2,19.4,36688.69
Thailand,10-12-2015,31.7,19.6,25.7,0,6.8,16.6,36595.13
Thailand,11-12-2015,32.2,20.7,26.2,0,6.8,18.4,36597.53
Thailand,12-12-2015,32.2,20.5,26.3,0,8.1,22.7,36599.91
Thailand,13-12-2015,32.1,22,26.8,0,7.3,15.8,36302.66
Thailand,14-12-2015,33,20.9,26.9,0,8.6,19.4,36806.32
Thailand,15-12-2015,32.3,21,26.8,0,9.4,28.4,36810.64
Thailand,16-12-2015,31.1,22.3,26.3,0,17.1,41,36814.89
Thailand,17-12-2015,26.4,19.6,22.9,0,24.5,46.4,36193.14
Thailand,18-12-2015,27.1,18.1,22.5,0,17,37.4,36822.98
Thailand,19-12-2015,28,18.3,23,0,14.2,34.9,29242.57
Thailand,20-12-2015,29.2,17.1,23.2,0,11.6,29.5,37106.75
Thailand,21-12-2015,30.5,17.6,24.1,0,11.5,27.7,36537.22
Thailand,22-12-2015,30.2,20.5,25.3,0,10.6,26.6,19673.63
Thailand,23-12-2015,32.2,23.1,26.9,0,9.7,25.6,25550.53
Thailand,24-12-2015,32.2,23,27.8,0,5.6,18.4,36675.88
Thailand,25-12-2015,32.1,23.4,27.4,0.2,5.7,24.1,36764.92
Thailand,26-12-2015,31.4,23.6,27.2,0,15.2,34.2,37201.79
Thailand,27-12-2015,32.1,22.3,26.9,0,10.8,28.4,36372.61
Thailand,28-12-2015,31.5,23.2,27,0,15.1,35.6,37401.91
Thailand,29-12-2015,30.8,21.8,26.1,0,16.4,35.6,37387.52
Thailand,30-12-2015,30.7,20.1,25.4,0,16.7,36.7,37373.42
Thailand,31-12-2015,29.9,21.5,25.2,0,21,46.4,37581.68
Thailand,01-01-2016,29.3,20.5,24.5,0,18.9,41.8,37595.55
Thailand,02-01-2016,30.2,18.8,24.3,0,15,34.2,37086.6
Thailand,03-01-2016,30.9,17.7,24.5,0,8.9,23.4,37627.29
Thailand,04-01-2016,32.1,18,25.2,0,7.9,16.9,37645.11
Thailand,05-01-2016,32,20.3,25.7,0,9.3,19.8,37664.17
Thailand,06-01-2016,32.5,17.7,24.9,0,7.4,16.6,37156.25
Thailand,07-01-2016,32.4,18.6,25.6,0,8.7,20.9,37659.93
Thailand,08-01-2016,31.6,20,25.9,0,7.4,20.2,37728.5
Thailand,09-01-2016,30.9,21.4,25.8,0.2,10.5,27,36597.11
Thailand,10-01-2016,30.4,22.5,25.7,0.8,9.1,28.4,36582.75
Thailand,11-01-2016,31.2,18,24.9,0,7.6,19.1,37102.02
Thailand,12-01-2016,31.8,19.1,25.5,0,7.2,20.2,34045.04
Thailand,13-01-2016,31.9,21.3,26.7,0,12.4,31,37857.48
Thailand,14-01-2016,31.8,23.1,27.1,0.3,8.7,25.6,37846.8
Thailand,15-01-2016,32.1,22.1,27,1.6,11.6,34.2,37758.1
Thailand,16-01-2016,32.2,22.7,27.4,0.6,12.6,33.8,37947.16
Thailand,17-01-2016,33.1,22.1,27.5,0,9.8,25.2,37979.69
Thailand,18-01-2016,32,22.1,27,0.6,7.2,20.5,35824.97
Thailand,19-01-2016,31.2,22.4,26.7,5.7,6.9,23,37760.76
Thailand,20-01-2016,31.6,23.6,27.2,6.3,9,25.2,36987.83
Thailand,21-01-2016,31.8,24.7,27.9,0.2,6.4,17.6,37020.51
Thailand,22-01-2016,32.5,23.5,27.9,0.7,7.2,23.4,38160.08
Thailand,23-01-2016,33.1,23.9,27.9,0.7,11.3,36.7,38199.26
Thailand,24-01-2016,24.4,14.7,19.5,2.3,29.9,58.3,24987.1
Thailand,25-01-2016,16.7,13.3,14.8,2.8,19.9,37.4,963.42
Thailand,26-01-2016,20.4,12.6,16,10.5,10.8,35.6,35924.99
Thailand,27-01-2016,23.1,14.3,18.1,7,8.2,25.9,35569.12
Thailand,28-01-2016,26.5,16.4,20.9,0.4,7.1,20.9,38407.28
Thailand,29-01-2016,30.3,18.1,24.1,0,8.7,19.1,38450.9
Thailand,30-01-2016,30.2,21.1,25.4,0.7,7.7,22,38495.05
Thailand,31-01-2016,32.4,21.7,26.4,0,10.8,27.4,38539.69
Thailand,01-02-2016,32.1,21,26.3,0,8.4,17.6,38584.75
Thailand,02-02-2016,29.9,22.1,25.3,0,20.2,46.8,38630.18
Thailand,03-02-2016,29.5,19.6,24.2,0,18.6,41,38675.94
Thailand,04-02-2016,31.3,19.2,25.2,0,14.4,33.8,38722
Thailand,05-02-2016,31.2,21,25.5,0,18,40.7,38768.76
Thailand,06-02-2016,26.6,19.8,23,0,27.6,56.2,38816.38
Thailand,07-02-2016,25.2,15.7,20,0,23,47.2,38864.78
Thailand,08-02-2016,25.4,11.8,18.7,0,18.4,39.2,38913.91
Thailand,09-02-2016,27.3,11.6,19.6,0,11.3,28.1,38963.72
Thailand,10-02-2016,29.6,13.8,21.8,0,7.1,19.1,39014.12
Thailand,11-02-2016,31.3,14.2,23.1,0,8.6,19.1,39065.07
Thailand,12-02-2016,33,17.6,25.5,0,10.8,27,39116.5
Thailand,13-02-2016,33.7,20.4,27,0,8.4,24.1,39168.38
Thailand,14-02-2016,34.2,19.6,27.2,0,6,18.7,39220.61
Thailand,15-02-2016,35,20.4,28.2,0,7,22,39273.16
Thailand,16-02-2016,32.1,22.5,27,0,19.5,42.5,39325.97
Thailand,17-02-2016,33,21.2,27,0,13.4,34.2,39379
Thailand,18-02-2016,33.3,21.6,27.5,0,13.1,33.8,39432.19
Thailand,19-02-2016,33.9,20.2,27.6,0,8,22.7,39485.47
Thailand,20-02-2016,33.5,22.1,28.2,0,16.4,42.8,39538.82
Thailand,21-02-2016,31.3,22.1,27.1,0,16.5,37.1,31974.18
Thailand,22-02-2016,33.1,22.5,27.8,0,8.3,23.4,39600
Thailand,23-02-2016,32.9,22.7,28.1,0,6.5,18,39600
Thailand,24-02-2016,32.6,24.6,27.9,0,24.5,49,39600
Thailand,25-02-2016,30.2,20.3,25.3,0,24.5,47.9,39600
Thailand,26-02-2016,30.6,20.1,25.2,0,21.6,46.1,39600
Thailand,27-02-2016,31.2,19.9,25.4,0,15.9,36,39600
Thailand,28-02-2016,32.7,20.5,26.6,0,13.8,30.2,39600
Thailand,29-02-2016,32.2,22.3,26.8,0,18.5,39.6,39600
Thailand,01-03-2016,31.7,20.5,25.8,0,19.8,40.7,39600
Thailand,02-03-2016,32.8,18.9,25.7,0,15.5,34.9,39600
Thailand,03-03-2016,33.7,19.4,26.9,0,13,32.4,39600
Thailand,04-03-2016,34.5,20.2,28.1,0,7.6,22.7,39600
Thailand,05-03-2016,34.7,22.9,28.7,0,8.6,24.1,39600
Thailand,06-03-2016,34.5,23.8,29.4,0,6.9,22.3,39600
Thailand,07-03-2016,35.3,24.8,30.2,0,7.7,23.4,39600
Thailand,08-03-2016,35.7,25.1,30.5,0,10.6,27.7,39600
Thailand,09-03-2016,37.4,24.8,31,0,11.3,22,39600
Thailand,10-03-2016,37.6,23.8,30.9,0,9.9,20.2,39600
Thailand,11-03-2016,35.6,25.9,30.8,0,11.5,34.9,38097.91
Thailand,12-03-2016,35.2,26.1,30.6,0,14.4,31.7,39600
Thailand,13-03-2016,36.9,24.9,30.8,0,14.5,29.9,39600
Thailand,14-03-2016,37.1,24.1,30.9,0,10.5,20.9,39658.09
Thailand,15-03-2016,38,25.5,31.7,0,14,27.7,39653.54
Thailand,16-03-2016,37.5,25.6,31.4,0,15.8,28.8,39723.81
Thailand,17-03-2016,37.8,24.9,31.4,0,12.2,29.5,39798.14
Thailand,18-03-2016,38.7,25.1,31.8,0,15.5,32.4,39716.7
Thailand,19-03-2016,38.4,25.5,31.8,0,14.3,31,39876.51
Thailand,20-03-2016,38.4,25.8,32,0,15.1,34.6,39960.26
Thailand,21-03-2016,38.2,25.8,32,0,14.7,31,39961.27
Thailand,22-03-2016,38.1,26,32,0,14.7,29.2,40050.17
Thailand,23-03-2016,37.1,26,31.6,0,15,29.5,40142.57
Thailand,24-03-2016,38,25.8,31.8,0,13.9,27,40053.18
Thailand,25-03-2016,34.1,25.7,29.4,0,23.2,47.5,40242.8
Thailand,26-03-2016,32.4,22.9,27.3,0.4,19.9,43.6,40053.75
Thailand,27-03-2016,33,25.1,28.7,0,20.2,42.8,40151.46
Thailand,28-03-2016,30.9,24.2,27.6,0,18.6,38.9,34779.04
Thailand,29-03-2016,34.5,26.3,29.4,0.2,12.1,27.4,27446.02
Thailand,30-03-2016,34.4,25.2,28.7,5.6,7,23,39945.05
Thailand,31-03-2016,34.7,25.3,28.5,10.4,12,23,39316.9
Thailand,01-04-2016,32.5,24.5,28.5,2.8,8.5,29.9,40043.31
Thailand,02-04-2016,34.1,24.8,29.3,1.1,7,24.8,38211.73
Thailand,03-04-2016,35.5,25.2,30.4,0,11.9,25.2,40585.45
Thailand,04-04-2016,36.1,25.2,30.8,0,13.9,29.9,41144.76
Thailand,05-04-2016,37.6,24.6,31.1,0,14.3,27.7,41379.82
Thailand,06-04-2016,37.1,25.9,31.5,0,13.3,26.3,41391.98
Thailand,07-04-2016,37.3,26.4,31.9,0,15.1,32.8,41403.55
Thailand,08-04-2016,37.4,26.8,32.1,0,12.8,28.4,41531.2
Thailand,09-04-2016,38.3,26.1,32.2,0,16.8,33.5,41609.25
Thailand,10-04-2016,39,27,33,0,14.5,26.6,41650.36
Thailand,11-04-2016,39.2,26.6,33.1,0,14.3,26.3,41691.25
Thailand,12-04-2016,39.4,27.4,33.4,0,17.2,31.3,41731.85
Thailand,13-04-2016,38.8,27.8,33.6,0,14,27,41772.09
Thailand,14-04-2016,39.1,28.3,33.8,0,13.4,25.2,41811.91
Thailand,15-04-2016,38.8,28.2,33.7,0,15.3,28.4,41851.26
Thailand,16-04-2016,39,28.3,33.7,0,16.4,31,41890.07
Thailand,17-04-2016,39.5,27.5,33.7,0,15.9,29.9,41928.28
Thailand,18-04-2016,39.6,27.8,33.3,0.9,13.8,30.6,41965.83
Thailand,19-04-2016,38.1,28.9,33.3,0,11.6,29.9,41762.52
Thailand,20-04-2016,39,28.5,33.6,0,13.9,29.5,42038.7
Thailand,21-04-2016,37.7,28.1,32.3,2.6,16.2,36.7,42073.9
Thailand,22-04-2016,38.7,27.8,33.4,0,14.3,35.3,42108.2
Thailand,23-04-2016,39.3,27.6,33.5,0,17.2,35.6,42141.52
Thailand,24-04-2016,38.8,27.8,33.3,0,16.9,32,42187.16
Thailand,25-04-2016,39,27.8,33.5,0,16.5,31.3,42205.31
Thailand,26-04-2016,39,28.4,34,0,13.7,28.4,42236.31
Thailand,27-04-2016,39.2,28.7,34,0,15.5,30.6,42266.78
Thailand,28-04-2016,40,29.3,32.6,7.3,13.5,28.1,38687.41
Thailand,29-04-2016,38,27.9,32.1,2.2,10.9,26.6,42325.98
Thailand,30-04-2016,35.3,27.8,30.6,1,12.4,31,37503.67
Thailand,01-05-2016,34.7,26.4,30.4,0.1,9.4,24.5,40428.62
Thailand,02-05-2016,36.7,26.6,31.8,0,11.5,27.7,42411.94
Thailand,03-05-2016,37.2,26.7,32.2,0,10.5,26.6,42436.84
Thailand,04-05-2016,37.9,27.3,32.6,0,9.8,27,42462.63
Thailand,05-05-2016,37.6,27.6,32.7,0,10.4,23.8,42487.77
Thailand,06-05-2016,38.9,28.3,33.6,0,12.2,31,42512.12
Thailand,07-05-2016,39,28.5,33,1.5,11.7,26.3,42599.35
Thailand,08-05-2016,38.5,28.6,32.8,1.3,13.8,33.8,42558.3
Thailand,09-05-2016,38.3,28.3,33.1,0,11.6,30.2,42580.07
Thailand,10-05-2016,38.5,28.6,33.7,0,13.7,31.7,42600.93
Thailand,11-05-2016,39.2,28.8,33.1,2,12.4,28.1,42620.84
Thailand,12-05-2016,39.3,29.1,32.9,3.6,17.1,39.6,42639.77
Thailand,13-05-2016,38.3,27.4,32.7,6.3,16.8,32.4,42713.14
Thailand,14-05-2016,35.5,25.8,30.6,1.3,14.7,25.6,41886.3
Thailand,15-05-2016,35.3,28.2,31.4,1.8,7.4,23,42690.42
Thailand,16-05-2016,32.4,25.3,28.3,17.6,15.9,33.8,39264
Thailand,17-05-2016,34.4,26,29.7,1.9,11.6,27,42928.72
Thailand,18-05-2016,35.6,26.3,30.6,0.5,9.5,25.2,42621.6
Thailand,19-05-2016,34,26.8,30.3,0.8,11.4,28.8,41888.44
Thailand,20-05-2016,35.5,25.8,29.3,11.7,10.5,30.6,21852.82
Thailand,21-05-2016,34.4,26.4,29.6,1.6,9.8,25.9,33258.96
Thailand,22-05-2016,33.3,27.1,29.3,4,15.5,40.3,36061.21
Thailand,23-05-2016,33,26.4,29.6,1.3,14.8,38.2,37677.53
Thailand,24-05-2016,33.8,26.3,29.6,1,14,33.5,36599.13
Thailand,25-05-2016,33.3,27,29.6,2.9,15.9,46.1,36451.18
Thailand,26-05-2016,34,26.6,29.7,1.4,11.9,31.3,32192.91
Thailand,27-05-2016,35.5,27,31.5,0,12.2,27,42809.35
Thailand,28-05-2016,36.2,27.7,30.3,7.8,14.1,32.8,39213.79
Thailand,29-05-2016,33,26.3,29.2,7.2,8.9,25.2,35023.49
Thailand,30-05-2016,30.2,25.4,27.5,13.6,9.4,29.2,11301.55
Thailand,31-05-2016,31.6,25.5,27.4,6.2,9.8,30.2,18339.09
Thailand,01-06-2016,31.1,25.3,27,21.4,11.9,27.4,6447.63
Thailand,02-06-2016,31.6,24.9,27.7,7.2,11.9,33.5,41179.11
Thailand,03-06-2016,32.4,25,28,4.2,11.5,31.3,42564.48
Thailand,04-06-2016,32.2,25.2,28.4,6.7,9,26.3,41452.39
Thailand,05-06-2016,32.7,25.5,28.5,22.5,8.5,28.1,39581.08
Thailand,06-06-2016,31,25,27.7,8.2,9,18,28864.9
Thailand,07-06-2016,30.5,24.9,27.4,14,7.2,21.6,12692.51
Thailand,08-06-2016,31.7,25.8,28.2,0,8.8,45.4,33362.14
Thailand,09-06-2016,32,25.2,28.1,0,14.4,37.1,32124.68
Thailand,10-06-2016,31.9,25.2,28,1.1,12.1,29.9,25167.85
Thailand,11-06-2016,32.9,25.4,28.7,0.4,15.8,42.8,40050.81
Thailand,12-06-2016,31.7,25,28.1,2,15.5,40,28067.52
Thailand,13-06-2016,32.4,25.5,28.3,4,12.4,34.9,42539.82
Thailand,14-06-2016,33.3,25.6,28.7,3.5,15.5,38.9,37192.04
Thailand,15-06-2016,32.7,25.9,28.8,2.4,14.5,40.3,43138.05
Thailand,16-06-2016,32,25.6,28.5,3.1,10.9,29.5,41674.21
Thailand,17-06-2016,31.5,25,27.2,21.7,13.3,36,23446.6
Thailand,18-06-2016,28.2,24.2,26.1,6.4,7.6,19.1,2866.42
Thailand,19-06-2016,32.7,23.5,28.1,0,6.8,18.7,43089.95
Thailand,20-06-2016,32.9,24.2,28.3,7.3,9.1,24.8,37091.85
Thailand,21-06-2016,29.9,24.8,26.6,6.4,7.3,24.5,11814.79
Thailand,22-06-2016,30.1,24.5,27.3,3.1,8.7,19.8,33514.71
Thailand,23-06-2016,30,25.1,26.7,17,7.9,22.7,12991.59
Thailand,24-06-2016,28.9,24.3,26.1,16.6,9.7,26.3,8043.3
Thailand,25-06-2016,30.3,24.2,26.9,6.4,13.2,30.2,36135.04
Thailand,26-06-2016,31.2,24.8,27.3,8.1,10.2,32,35631.56
Thailand,27-06-2016,27.7,24.8,26,10.2,8.5,19.1,4945.4
Thailand,28-06-2016,31.2,24.2,27.3,6.4,8,27.7,37685.83
Thailand,29-06-2016,28.5,24.9,26.1,27.3,8.3,19.1,6271.68
Thailand,30-06-2016,29.6,24.8,26.3,33.4,12.4,31,14253.82
Thailand,01-07-2016,31.1,24.6,27.2,3.4,11.3,36.7,38308.89
Thailand,02-07-2016,31.1,25.5,27.3,4.7,13.7,33.1,31616.59
Thailand,03-07-2016,29.4,24.7,26.6,7.5,11.9,32,13025.23
Thailand,04-07-2016,28.9,24.8,26.7,1.1,10,23.8,2005.59
Thailand,05-07-2016,29.7,25.1,26.8,3.2,11.9,38.2,19811.53
Thailand,06-07-2016,26.5,24.4,25.4,17.5,12.8,30.6,0
Thailand,07-07-2016,27.9,24.3,25.6,29.1,10.8,29.5,11320.75
Thailand,08-07-2016,30.5,24.4,27.2,1.7,15.8,45,42227.16
Thailand,09-07-2016,31,25,27.7,1.1,16.1,45.4,34360.02
Thailand,10-07-2016,29.5,24.5,26.6,4.8,14.7,38.9,35425.2
Thailand,11-07-2016,29,23.9,26.4,0.1,11.6,30.6,18217.7
Thailand,12-07-2016,31.9,24.2,27.7,14.6,11.7,33.5,42345.39
Thailand,13-07-2016,30.8,24.9,26.9,14.2,10.9,28.4,28493.61
Thailand,14-07-2016,30.4,25,27.2,2.5,12.8,38.5,39600
Thailand,15-07-2016,30.9,24.4,27.6,0.5,12.3,31,32988.15
Thailand,16-07-2016,31.4,24.3,28.1,4.2,9.4,29.5,42978.7
Thailand,17-07-2016,31.5,24.6,28.1,5.5,8.8,20.9,42514.59
Thailand,18-07-2016,32.6,24.7,28.4,5.6,8.8,26.6,42720.95
Thailand,19-07-2016,31.9,25.1,28,5,10.9,27.7,29993.03
Thailand,20-07-2016,30.4,24.8,27.1,8.3,6.2,24.5,33560.06
Thailand,21-07-2016,29.6,23.9,26.4,12.4,9.8,27.7,28507.76
Thailand,22-07-2016,31,23.7,27.3,7.6,7.1,22,36731.49
Thailand,23-07-2016,30.7,24,27.1,3.4,5.8,18.7,32341.5
Thailand,24-07-2016,31.1,24.5,27.5,4.3,10,19.8,30067.35
Thailand,25-07-2016,31.1,23.3,26.5,20.6,9.1,24.1,31142.1
Thailand,26-07-2016,32.1,24.3,28.1,0.2,9.8,25.2,42695.89
Thailand,27-07-2016,31.2,24,27.3,4.4,11.9,25.2,39730.12
Thailand,28-07-2016,30.9,24.5,27.1,9.6,10.4,20.9,38483.43
Thailand,29-07-2016,30,24.3,26.2,5.5,8.5,23,26154.19
Thailand,30-07-2016,29.8,24.5,26,17.8,14.5,38.5,24829.03
Thailand,31-07-2016,31.3,24,27,2.1,9.9,35.6,38135.6
Thailand,01-08-2016,30.6,24.7,27.7,3.8,11,29.2,42231.84
Thailand,02-08-2016,29.7,24.6,27,10.9,11.5,32.8,39253.91
Thailand,03-08-2016,30.5,24.7,26.9,15.9,11.6,32.8,33839.33
Thailand,04-08-2016,30.9,24.3,27.2,23.9,11,34.6,38205.07
Thailand,05-08-2016,29.1,24.7,26.4,17.9,11,28.4,30345.47
Thailand,06-08-2016,29.3,24.6,26.3,13,8.2,29.9,21404.46
Thailand,07-08-2016,29.2,23.6,26.4,3.3,13.7,34.6,34076.03
Thailand,08-08-2016,31.3,24.3,27.5,6,11,37.1,41805.64
Thailand,09-08-2016,30.9,24.1,27.5,0.2,13.4,32.8,42115.08
Thailand,10-08-2016,30.6,24.5,27.5,0.6,10.5,40.3,42198.63
Thailand,11-08-2016,30.3,25.3,27.5,3.3,13.1,34.2,39563.75
Thailand,12-08-2016,30.3,24.5,27.1,1.5,15.8,41.8,23769.9
Thailand,13-08-2016,29.9,25.3,27.3,0.9,14.5,46.1,30556.4
Thailand,14-08-2016,29.4,25,27.1,1.6,19.6,55.4,21347.75
Thailand,15-08-2016,27.9,24.4,26.1,6.5,14.2,49.3,553.47
Thailand,16-08-2016,30.6,24.3,26.2,25.3,12.6,40,20455.13
Thailand,17-08-2016,31.1,24.7,27.2,12.1,14.8,46.1,33058.71
Thailand,18-08-2016,30.5,24.9,27.3,4.6,16.9,46.1,32542.95
Thailand,19-08-2016,28.4,24.9,26.6,0.6,15.9,33.1,0
Thailand,20-08-2016,31.7,25.5,27.7,1.5,16.5,50.8,38933.86
Thailand,21-08-2016,31.6,23.4,27.7,1.3,9.2,28.1,41871.79
Thailand,22-08-2016,31.4,25.1,28,3.9,13,33.1,40305.23
Thailand,23-08-2016,29.6,25.5,27,4.6,12.5,32.4,25367.5
Thailand,24-08-2016,31,24.3,27,19.9,8.1,23.8,26529.9
Thailand,25-08-2016,28.9,24.6,26.2,22.9,6.6,18.7,8280.68
Thailand,26-08-2016,31.6,24.2,27.5,10.5,6.3,24.1,39264.01
Thailand,27-08-2016,31.3,25.3,28,7.2,7.6,22.7,29193.75
Thailand,28-08-2016,29.4,24.5,26.8,12.4,6.4,17.3,18284.38
Thailand,29-08-2016,28.4,24.7,25.8,71.5,9.3,28.1,16099.97
Thailand,30-08-2016,31.1,24.4,26.9,16.6,11.5,28.8,35187.38
Thailand,31-08-2016,30.5,24.7,26.4,24.8,12.2,39.6,21600
Thailand,01-09-2016,31.6,24.5,27.1,5.2,14.7,40.7,34938.1
Thailand,02-09-2016,31.1,24.4,27,5.1,14.9,40.7,36740.9
Thailand,03-09-2016,30.3,24.9,27.1,0.2,16.5,39.6,30447.27
Thailand,04-09-2016,30.2,24.4,27.3,0.9,11.5,38.9,39600
Thailand,05-09-2016,29.9,24.4,27,0.3,8.9,34.6,32369.58
Thailand,06-09-2016,30.9,24.3,27,6.3,6.9,27.4,34940.91
Thailand,07-09-2016,30.2,24.7,26.4,19.3,11.9,27.7,25737.45
Thailand,08-09-2016,30.1,24.6,26.8,5.8,11.9,27,23388.12
Thailand,09-09-2016,29.8,24.5,26.9,5,11.3,26.3,29126.37
Thailand,10-09-2016,30.7,24.1,27.3,2.9,9.9,23.4,37116.23
Thailand,11-09-2016,29.8,24.5,26.6,7.1,8.5,28.8,17672.7
Thailand,12-09-2016,26,23.8,25,20.7,7.1,15.8,1603.78
Thailand,13-09-2016,29,23.4,25.8,11.1,7.8,27.7,9641.86
Thailand,14-09-2016,27.2,24,25,38.1,13.2,32.4,3536.94
Thailand,15-09-2016,30.4,23.7,26.6,15.8,8.4,29.2,40656.91
Thailand,16-09-2016,30.1,24.2,27.2,6.2,8.4,24.5,39538.08
Thailand,17-09-2016,32,24.1,27.1,12.2,6.2,20.9,39351.37
Thailand,18-09-2016,31.2,24,27.2,2.7,10.5,19.8,37095.48
Thailand,19-09-2016,31.2,24,26.8,10.5,6.4,22,34911.14
Thailand,20-09-2016,30.3,24.4,26.6,3.9,9.4,30.2,27824.45
Thailand,21-09-2016,27.3,24.4,25.4,12,12,34.2,9819.72
Thailand,22-09-2016,28.5,24.3,26,6.1,9.5,27.7,7811.79
Thailand,23-09-2016,29.1,24.2,26,17.3,7,27,23523.56
Thailand,24-09-2016,28.9,24.1,25.7,13.9,5.4,18.4,11864.76
Thailand,25-09-2016,29.2,24.1,26.4,8.6,5.7,19.1,29243.77
Thailand,26-09-2016,29.6,24.4,26.6,3.6,6.5,17.6,31441.25
Thailand,27-09-2016,30.8,24.1,26.8,12,6.9,18.4,35136.57
Thailand,28-09-2016,31.7,24.6,27.5,5,6.4,20.5,38798.73
Thailand,29-09-2016,31.6,24.9,27.5,5.9,6.3,17.3,33279.8
Thailand,30-09-2016,31.3,24.4,26.6,5.2,7.6,19.4,25740.85
Thailand,01-10-2016,30.1,24.1,26.8,0.2,7,15.5,29611.57
Thailand,02-10-2016,31,24.3,27.1,3.8,4.7,17.3,38236.03
Thailand,03-10-2016,30.9,23.7,26.4,16.8,7.2,21.6,38696.2
Thailand,04-10-2016,30.5,23.7,26.7,2.9,7.6,16.6,36463.57
Thailand,05-10-2016,29.9,23.6,26.3,6.2,5.4,23.4,35342.73
Thailand,06-10-2016,27.3,24.2,25.7,12.2,5.2,18.7,18524.47
Thailand,07-10-2016,28.6,23.8,26,10.9,6.1,18,28640.29
Thailand,08-10-2016,30.6,23.9,26.5,5.9,5.9,17.6,35970.36
Thailand,09-10-2016,30.9,23.9,26.5,2.1,6.1,21.2,37692.49
Thailand,10-10-2016,31.1,23.4,26.5,3.6,8.3,19.8,38426.62
Thailand,11-10-2016,31.8,23.8,27.4,3,7.3,19.1,38986.49
Thailand,12-10-2016,30.8,24.4,27,7.4,7.1,27,36207.42
Thailand,13-10-2016,30.7,24,27.2,0.2,8.5,26.3,38309.19
Thailand,14-10-2016,31.8,23.5,27.4,0.7,6.3,27,35977.46
Thailand,15-10-2016,28,24.6,26.1,10.2,8.7,19.1,16248.14
Thailand,16-10-2016,29.4,23.7,26.3,2.3,9.7,27.7,37823.38
Thailand,17-10-2016,30.6,23.6,26.6,0,13.6,35.3,38158.43
Thailand,18-10-2016,31,22.3,26.8,0,6.3,21.6,37437.48
Thailand,19-10-2016,30.7,23.9,27.3,0.2,6.9,20.2,37796.41
Thailand,20-10-2016,31,23.7,27.4,0,8.7,18.4,38364.72
Thailand,21-10-2016,30.9,24.3,27.1,0.5,9,22,37798.7
Thailand,22-10-2016,30.8,23.8,27.2,0.3,7.3,20.2,37133.05
Thailand,23-10-2016,30.8,23.8,27.3,0.3,9.7,23.8,36905.82
Thailand,24-10-2016,30.8,23.7,27.1,5.1,7,23.4,36367.64
Thailand,25-10-2016,28.7,23.7,25.6,20.1,6.5,16.9,15318.95
Thailand,26-10-2016,30.3,23.7,26.4,7.8,12.2,34.6,32790.67
Thailand,27-10-2016,30.6,23.5,26.6,2.1,11.5,35.3,36465.14
Thailand,28-10-2016,30.7,23.6,26.3,5.6,5.8,25.6,36467.08
Thailand,29-10-2016,30.8,23.2,26.5,0.7,9.3,33.5,35589.82
Thailand,30-10-2016,30.2,24,26.8,0,19.3,40.7,36471.96
Thailand,31-10-2016,30.2,24.9,27.1,0,18,40.7,33971.52
Thailand,01-11-2016,30.1,23.5,26.7,0,19.5,45.4,36742.47
Thailand,02-11-2016,29.8,24,26.4,0,21,49.3,36343.42
Thailand,03-11-2016,29.7,23,25.9,0,18.6,37.8,37052.01
Thailand,04-11-2016,29.8,20.5,25,0,10.6,26.6,37449.85
Thailand,05-11-2016,30.5,20.6,25.7,0,6.6,14,35916.72
Thailand,06-11-2016,30.7,22.2,26.6,0,6.6,20.5,36357.84
Thailand,07-11-2016,28.4,23.8,25.9,8.3,9.7,22,22623.05
Thailand,08-11-2016,27.4,23.9,25.4,70.9,6.2,16.9,7640.16
Thailand,09-11-2016,27,23.7,25,15,5.1,19.1,8706.55
Thailand,10-11-2016,27.5,23.4,25,2.9,20.7,41.4,26440.29
Thailand,11-11-2016,28.3,22.7,25.2,0,13.1,29.9,36400.31
Thailand,12-11-2016,30.4,20.2,25.3,0,7.1,20.5,36770.01
Thailand,13-11-2016,31.3,21.3,26.5,0,8.5,19.8,36770.18
Thailand,14-11-2016,31.5,21.8,26.8,0,6.6,18.4,36678.66
Thailand,15-11-2016,31.4,22.4,26.5,0,12.1,25.9,36682.72
Thailand,16-11-2016,30.7,20.5,25,0,10.2,24.1,36858.68
Thailand,17-11-2016,30.3,19.7,24.6,0,9.4,23,36856.83
Thailand,18-11-2016,31,18.9,24.9,0,7.7,23.4,36503.59
Thailand,19-11-2016,30.5,21.7,26.2,0.2,6.4,20.5,36119.31
Thailand,20-11-2016,31.1,22.5,26.9,0,7.3,19.8,36179.4
Thailand,21-11-2016,30.9,22.7,27,0.1,7.8,16.2,36260.12
Thailand,22-11-2016,30.6,22.9,26.8,0.3,6.7,14.4,36000
Thailand,23-11-2016,30.8,23.9,26.8,1.3,6.9,23.8,36000
Thailand,24-11-2016,29.1,23.7,26.3,0.2,15.1,38.2,35536.64
Thailand,25-11-2016,30.3,23.2,26.5,0,12.2,27.7,31425.93
Thailand,26-11-2016,30.7,22.9,26.4,0,14.4,33.1,36045.18
Thailand,27-11-2016,28.9,22.2,25.3,0,16.2,34.2,36317.82
Thailand,28-11-2016,27.9,20.4,24,0,16.8,36.4,36302.89
Thailand,29-11-2016,28.9,20.9,24.4,0,16.8,36.4,36483.66
Thailand,30-11-2016,29.9,19,24.4,0,16,32.8,36122.58
Thailand,01-12-2016,29,20.4,24.1,0,14.4,33.5,36486.03
Thailand,02-12-2016,30,19.4,24.4,0,16.8,33.5,34482.04
Thailand,03-12-2016,30.3,20.9,25.1,0,11.9,27.7,29260.8
Thailand,04-12-2016,29.1,22.5,25.6,0,18.2,33.8,25798.02
Thailand,05-12-2016,30,22.2,25.7,0,12.6,29.2,31562.56
Thailand,06-12-2016,26.3,22.4,24.5,0.3,15.1,37.8,6884.13
Thailand,07-12-2016,28.8,20.3,24.4,0,9.5,27,36000
Thailand,08-12-2016,29.1,20.7,24.7,0,13.5,31.3,36496.65
Thailand,09-12-2016,29.4,20.1,24.4,0,12.4,28.8,36595.04
Thailand,10-12-2016,29.8,18,23.6,0,9,24.5,36597.46
Thailand,11-12-2016,29.5,16.9,23.2,0,8.5,22.3,36698.62
Thailand,12-12-2016,29.9,18.9,24.1,0,9.2,20.5,36502.29
Thailand,13-12-2016,30.7,18,24.2,0,8.7,20.2,36906.83
Thailand,14-12-2016,31.3,18.2,24.7,0,13.7,28.4,36504.45
Thailand,15-12-2016,27.9,23.3,25.1,0.2,15.9,38.9,31587.25
Thailand,16-12-2016,26.7,21.1,23.4,0.9,17.9,43.9,29740.56
Thailand,17-12-2016,26.4,19.4,22.3,0,12.2,26.3,15787.91
Thailand,18-12-2016,29.8,17.3,23.3,0,9.6,25.9,37031.09
Thailand,19-12-2016,30.5,18.2,24.5,0,6.8,22,36899.09
Thailand,20-12-2016,31.8,19.5,25.7,0,8,21.2,36657.36
Thailand,21-12-2016,32.2,20.6,26.4,0,6.2,22,35218.14
Thailand,22-12-2016,31.6,22,26.7,0,16.3,37.4,36493.48
Thailand,23-12-2016,30.9,22.2,26.1,0,17.7,37.8,36913.53
Thailand,24-12-2016,31.5,21.6,26.3,0,14.1,32,25956.39
Thailand,25-12-2016,32.5,21,26.8,0,8.9,24.5,36296
Thailand,26-12-2016,32.6,21.6,27,0,7.7,20.5,37076.84
Thailand,27-12-2016,30.9,22.2,26,0,18.9,44.3,37290.91
Thailand,28-12-2016,28,19.4,23.4,0,20.8,42.8,37558.39
Thailand,29-12-2016,27.5,17.3,22.1,0,16.3,36.4,37568.99
Thailand,30-12-2016,27.4,17.5,22.2,0,13.5,31,36638.21
Thailand,31-12-2016,28.4,20.2,23.9,1,14.3,35.6,32066.12
Thailand,01-01-2017,26,20.1,23.2,2.9,13.3,29.9,20762.11
Thailand,02-01-2017,29.2,21.2,25.4,0,15.6,34.2,27353.43
Thailand,03-01-2017,29.2,22.3,25.6,2.5,19.8,39.6,23708.62
Thailand,04-01-2017,30.2,21.8,25.5,0.7,13.7,31.7,34646.3
Thailand,05-01-2017,27.9,22.6,25,0.1,13,30.6,20500.24
Thailand,06-01-2017,29,23,25.4,0,11.6,24.5,15601.99
Thailand,07-01-2017,28.7,22,25.5,0.3,8.1,18,19082.78
Thailand,08-01-2017,30.3,23.4,25.7,6.3,11.5,32.8,22039.21
Thailand,09-01-2017,28.7,23.7,25.1,13,8.9,27.4,6770.95
Thailand,10-01-2017,27.5,22.8,24.8,11.5,13.2,29.5,11315.6
Thailand,11-01-2017,28.8,23.1,25.1,1.9,10.9,20.2,14400
Thailand,12-01-2017,28.4,22.6,25.3,0.1,7.3,23.4,13266.48
Thailand,13-01-2017,29.1,22.7,25.8,1.6,10.4,24.1,23355.02
Thailand,14-01-2017,29.4,22.8,26.1,0,10.2,24.1,37413.79
Thailand,15-01-2017,31.2,22.3,26.9,0,8.7,23.8,37940.09
Thailand,16-01-2017,30.5,22.5,26.7,0,13.4,30.6,37973.22
Thailand,17-01-2017,29.9,22.9,26.4,0.3,11.9,29.2,31830.98
Thailand,18-01-2017,30.2,23.4,26.6,0,11.9,28.8,35859.07
Thailand,19-01-2017,32.2,23.2,27.3,0,12.1,26.3,37813.14
Thailand,20-01-2017,31.2,22.5,26.7,0,15.7,35.3,38115.91
Thailand,21-01-2017,30.2,21.6,25.8,0,19.2,41,38153.82
Thailand,22-01-2017,30,20.9,25.3,0,19.1,41.4,38192.53
Thailand,23-01-2017,28.4,20.4,24.2,0,19.6,42.1,38231.96
Thailand,24-01-2017,29.3,20.6,24.3,0,14.5,33.1,38272.08
Thailand,25-01-2017,30.6,20.1,25.5,0,18.4,39.6,27808.75
Thailand,26-01-2017,30.3,20.8,25.5,0,18.6,41,30141.03
Thailand,27-01-2017,30.6,21,25.9,0,16.2,34.6,34107.96
Thailand,28-01-2017,30,21.2,25.6,0,13.4,31,38438.23
Thailand,29-01-2017,30.8,18.7,25,0,6.9,18,38480.99
Thailand,30-01-2017,31.5,19.4,26.1,0,13.4,25.2,38524.65
Thailand,31-01-2017,30.6,21.7,26.2,0,15.5,34.2,38569.29
Thailand,01-02-2017,31.3,18.9,25.2,0,12.1,30.2,38614.84
Thailand,02-02-2017,30.8,21.1,25.9,0.1,16.6,38.9,38661.25
Thailand,03-02-2017,30,23.2,25.8,0,15.6,33.8,31323.17
Thailand,04-02-2017,31.8,20.7,26.2,0,9.7,23.8,38756.36
Thailand,05-02-2017,33.5,21.9,27.3,0,12.4,27.4,38804.94
Thailand,06-02-2017,33.3,19.3,26.5,0,9.4,20.9,38854.13
Thailand,07-02-2017,33.4,19.4,26.3,0,9.4,20.2,38903.85
Thailand,08-02-2017,33,19.5,26.2,0,9.3,19.1,38954.05
Thailand,09-02-2017,32.5,19.7,26.7,0,14.1,33.8,39004.66
Thailand,10-02-2017,31.5,22.2,26.2,0,17.4,38.9,39055.66
Thailand,11-02-2017,30.2,20.4,24.9,0,20.3,44.3,39106.96
Thailand,12-02-2017,29.1,18.5,23.7,0,20.4,43.9,39158.5
Thailand,13-02-2017,29.6,18.5,23.7,0,16.7,37.8,39210.26
Thailand,14-02-2017,29.9,17.9,23.7,0,17.5,39.6,39262.15
Thailand,15-02-2017,30.4,18.7,24.6,0,17.2,38.2,39314.15
Thailand,16-02-2017,31,19.6,25.1,0,15.8,34.2,39366.2
Thailand,17-02-2017,32.1,19.5,26.3,0,8.6,24.1,39418.23
Thailand,18-02-2017,32.6,20.1,26.4,0,14.2,32.8,39470.2
Thailand,19-02-2017,32.4,19.8,26.2,0,10.9,25.6,39522.42
Thailand,20-02-2017,33.4,20.4,27,0,10.3,26.6,39575.16
Thailand,21-02-2017,34,21.2,27.3,0,9.2,23.4,39600
Thailand,22-02-2017,34,21.5,27.8,0,8.4,22.3,39600
Thailand,23-02-2017,34.3,23,28.9,0,10,25.2,39600
Thailand,24-02-2017,34.5,24,29.3,0,13.8,27.7,39600
Thailand,25-02-2017,32.7,24.8,28.3,3.3,13.4,31.3,39600
Thailand,26-02-2017,31.1,23.4,27.2,1.5,19.4,40.7,36509.94
Thailand,27-02-2017,31.7,23.2,27.1,0,18,39.6,39600
Thailand,28-02-2017,33.1,22.6,27.4,0,16.3,36,39600
Thailand,01-03-2017,33.8,22.5,27.9,0,16.2,37.4,39600
Thailand,02-03-2017,32.3,22,26.8,0,22,46.8,39600
Thailand,03-03-2017,33.2,21,26.8,0,11.6,28.4,39600
Thailand,04-03-2017,33.7,20.8,27.6,0,9.4,21.2,39600
Thailand,05-03-2017,33.7,22.3,28.2,0,9.2,25.2,39600
Thailand,06-03-2017,34,23.6,28.9,0.1,12,22.7,39600
Thailand,07-03-2017,34.9,24.3,29.3,0,13,29.9,39600
Thailand,08-03-2017,34.2,24,29.2,0,11.4,29.9,39600
Thailand,09-03-2017,34.1,23.7,29,0.6,13.4,35.3,39600
Thailand,10-03-2017,34.7,24.5,29.3,0.4,12.8,29.2,37666.85
Thailand,11-03-2017,35,24.2,29.8,0.2,11.4,24.5,39669.73
Thailand,12-03-2017,34.5,24.7,29.9,0,12.8,24.8,39666.95
Thailand,13-03-2017,36.1,24.7,29.8,0,15.8,36,39730.75
Thailand,14-03-2017,36.2,23.7,30,0,10.9,26.3,39729.32
Thailand,15-03-2017,36.1,24.3,30.4,0,14.4,28.1,39727.27
Thailand,16-03-2017,33.9,25.6,28.8,13.7,14.9,28.4,37544.37
Thailand,17-03-2017,33.8,24.9,28.3,0.1,13.3,30.2,39875.5
Thailand,18-03-2017,33,24.1,28.1,6.9,11.3,35.3,39955.77
Thailand,19-03-2017,32,25.4,28.2,13.3,12.5,34.6,39713.14
Thailand,20-03-2017,31.7,24.9,28.3,2.5,9.9,27.4,39876.1
Thailand,21-03-2017,34.1,25.4,28.8,0.2,10.4,27.4,35664.38
Thailand,22-03-2017,34.6,24.3,29,0.1,8.2,22.7,39961.63
Thailand,23-03-2017,33.7,24.1,29.2,0.4,7.8,19.4,40232.37
Thailand,24-03-2017,32.5,25.6,28.5,8.8,16.1,35.3,35408.96
Thailand,25-03-2017,33.4,25.3,28.8,3.5,9.8,29.9,39997.79
Thailand,26-03-2017,32.8,25.2,28,26.3,15.2,36.4,35675.77
Thailand,27-03-2017,29.4,22.8,25.9,0.1,16.7,35.6,31152.22
Thailand,28-03-2017,32.3,22.7,27.1,0,11.8,27.7,40451.09
Thailand,29-03-2017,33.4,24.1,28.6,0.9,14.7,33.1,40760.58
Thailand,30-03-2017,33.8,24.7,29.1,3.1,8.7,24.8,40873.22
Thailand,31-03-2017,33.2,24.9,28.5,8.2,13,31.3,40569.97
Thailand,01-04-2017,30.8,22.9,26.7,1.7,18.4,40.3,36869.03
Thailand,02-04-2017,32.3,22.8,26.9,0,16.3,35.6,41118.4
Thailand,03-04-2017,32.1,22.9,27.4,0,13.6,31,41345.1
Thailand,04-04-2017,33.2,23.4,28.5,0.3,12.8,28.4,41388.23
Thailand,05-04-2017,32.5,25.9,28.3,0.2,11.4,24.8,15390.61
Thailand,06-04-2017,34.1,24.9,28.9,0.5,12.5,29.2,41474.3
Thailand,07-04-2017,34.6,24.2,29.3,0,16.9,36.4,41517.11
Thailand,08-04-2017,35.4,25.4,30.3,0,9.9,22,41559.67
Thailand,09-04-2017,35.9,26.5,31.3,0.1,12.6,27,41601.93
Thailand,10-04-2017,36.5,26.2,31,3,18.3,39.2,38043.82
Thailand,11-04-2017,36.5,26.8,31.6,0,13.1,28.4,41685.27
Thailand,12-04-2017,37.3,26.4,31.8,0,13.2,32.4,41726.2
Thailand,13-04-2017,36.1,25.6,30.1,31.4,18.8,38.9,41766.57
Thailand,14-04-2017,32.9,24.3,28,5.4,15.9,30.6,41806.29
Thailand,15-04-2017,32.4,24.7,27.8,7.3,8.8,28.4,37397.88
Thailand,16-04-2017,33.3,24.4,28.8,0.1,13.7,34.9,41883.52
Thailand,17-04-2017,32.1,25.2,28.6,0.4,16.9,37.1,29437.66
Thailand,18-04-2017,33.6,25,29.2,0,10.5,27.7,40260.34
Thailand,19-04-2017,34.7,25.8,29.9,0.3,11.5,26.3,42011.53
Thailand,20-04-2017,35.8,25.5,30,0.2,10.2,25.9,42102.26
Thailand,21-04-2017,35.5,25.1,30,0,10.7,24.5,42136.5
Thailand,22-04-2017,36,23.3,29.9,0,12,28.8,42170.28
Thailand,23-04-2017,35.9,24.9,30.3,0.8,11.5,24.8,42129.78
Thailand,24-04-2017,35.3,25.5,29,3.2,14.8,39.2,42162.92
Thailand,25-04-2017,34.3,25.7,29.5,0.1,8.6,30.2,42195.54
Thailand,26-04-2017,34.7,25.6,29.9,2.5,9.7,22.7,42227.61
Thailand,27-04-2017,34.9,26.2,30.2,0.3,6.2,21.2,42259.08
Thailand,28-04-2017,33.6,25.6,29.2,8.3,14.6,34.9,36508.39
Thailand,29-04-2017,32.4,24.2,27.4,2.2,11.6,34.6,35790.17
Thailand,30-04-2017,32.8,24.6,28.5,4,6.4,23.8,42349.57
Thailand,01-05-2017,34.8,26.3,30.1,0.9,9.2,24.8,42378.27
Thailand,02-05-2017,35.3,25.9,30.5,0.8,9.8,20.9,42475.15
Thailand,03-05-2017,36.3,26.4,29.6,13.2,12.6,24.8,34919.52
Thailand,04-05-2017,35,26.1,29.8,7.5,11.6,27.4,41281.62
Thailand,05-05-2017,32.5,24.7,28.1,14.8,9.9,32.8,22335.5
Thailand,06-05-2017,33.3,26,29.2,2.6,7.7,22.7,36550.54
Thailand,07-05-2017,31.7,24.1,27.7,1.5,16.4,31.3,16138.61
Thailand,08-05-2017,34,24.4,29.2,0.2,13.1,25.6,42617.91
Thailand,09-05-2017,34,25.2,28.9,3,13.5,30.6,40522.97
Thailand,10-05-2017,31.2,26.1,27.9,2.9,12,27.7,37045.17
Thailand,11-05-2017,31.3,25.1,28,7.9,12.6,36,36334.39
Thailand,12-05-2017,32,25.2,28,2.9,8.7,27.4,37200.04
Thailand,13-05-2017,32.7,25.5,27.8,7.7,16.1,33.5,33150.42
Thailand,14-05-2017,32.7,25.1,28.3,2.1,10.3,24.1,42557.26
Thailand,15-05-2017,32.3,25.6,28.7,3,11.5,34.2,31235.09
Thailand,16-05-2017,30.5,25.7,27.3,15.3,11.4,30.2,20415.93
Thailand,17-05-2017,27.9,24.8,25.9,66.5,16.3,40.3,96.02
Thailand,18-05-2017,29.4,24.1,26.6,5.6,15.9,35.3,20199.32
Thailand,19-05-2017,31.2,24.7,27.3,8.9,14,33.1,41180.12
Thailand,20-05-2017,32.4,25,28.6,0.9,9,25.2,38838.33
Thailand,21-05-2017,33.8,26,29.7,0.4,9.4,22.7,42886.45
Thailand,22-05-2017,33.8,26.8,29.9,1.5,10.5,25.2,42772.41
Thailand,23-05-2017,32.6,26.8,29.2,5.4,10.8,24.8,35541.8
Thailand,24-05-2017,33.1,26.4,28.8,11.4,10.7,23.4,39189.95
Thailand,25-05-2017,30.4,25.1,27.7,7.2,9.2,18.7,11799.29
Thailand,26-05-2017,29.9,24.8,27.1,5.4,18.8,42.1,30133.3
Thailand,27-05-2017,31.9,24.4,27.9,0.1,12.5,26.6,41634.98
Thailand,28-05-2017,31.4,25.6,28,1.8,11.9,29.2,30281.71
Thailand,29-05-2017,30.2,24.8,27.1,14.9,13.9,31,28781.29
Thailand,30-05-2017,31.7,25,27.6,7.3,14,32.8,28439.98
Thailand,31-05-2017,31.9,25,28.1,12.3,8.9,25.2,41629.79
Thailand,01-06-2017,32.2,25.6,28.4,6.9,11.3,25.2,39809.74
Thailand,02-06-2017,32.4,25.7,28.7,5.6,13.8,29.9,43310.07
Thailand,03-06-2017,32.5,25.9,28.7,4.8,17.1,37.4,42825.02
Thailand,04-06-2017,31.5,26.2,28,15.7,16.6,39.6,29198.48
Thailand,05-06-2017,33.3,25,28.1,6.1,12.7,31.3,36666.44
Thailand,06-06-2017,31.3,25.3,27.7,7.3,11.7,31.3,33981.91
Thailand,07-06-2017,30.8,25.1,27.3,6.5,10.1,25.6,28464.28
Thailand,08-06-2017,30.2,25.5,27.3,9.2,12.2,39.6,27476.91
Thailand,09-06-2017,30.6,25.7,27.2,23.7,10.7,36.7,25819.07
Thailand,10-06-2017,28.2,25.3,26.5,16.7,12,33.8,6605.1
Thailand,11-06-2017,29.7,24.9,26.9,10.4,13.8,29.2,12416.82
Thailand,12-06-2017,32.4,25,28.5,0.1,12.7,29.2,39129.36
Thailand,13-06-2017,31.2,25.1,28,0.4,11.1,32,26433.33
Thailand,14-06-2017,30.7,25.2,27.2,12.8,10.7,27,23344.16
Thailand,15-06-2017,30.6,24.7,27.4,5.3,10.9,26.6,28015.08
Thailand,16-06-2017,32.1,23.5,27.8,0,10.1,28.8,43767.98
Thailand,17-06-2017,32.5,25.5,28.7,3.5,9.9,30.6,39770.07
Thailand,18-06-2017,30.2,25.4,27.7,2.5,11.1,25.6,20701.21
Thailand,19-06-2017,30.7,25,27.5,4.1,10.3,30.6,34710.44
Thailand,20-06-2017,29.1,25.1,26.9,8.9,13.7,41.4,23174.27
Thailand,21-06-2017,32.5,25.3,28.3,0,12,22.7,30386.61
Thailand,22-06-2017,31.3,25.2,27.9,0.8,10.2,25.2,30433.01
Thailand,23-06-2017,31.6,24.7,27.6,6.9,12,27.4,34015.18
Thailand,24-06-2017,31.7,24.6,27.6,6.3,11.9,28.1,32713.16
Thailand,25-06-2017,29.9,24.8,27.3,10.8,9.8,24.8,23462.28
Thailand,26-06-2017,31.3,24.7,27.3,6.9,13,29.2,32614.71
Thailand,27-06-2017,31,24.9,27.3,8.3,11.3,29.2,33848
Thailand,28-06-2017,30.5,24.6,27.4,3.2,8.7,24.8,42668.39
Thailand,29-06-2017,29.7,25.1,27.1,10,8.9,28.8,24190.02
Thailand,30-06-2017,29.9,24.1,26.3,21.8,9.8,32.8,12189.68
Thailand,01-07-2017,30.7,24.7,26.6,14.7,9.2,32.8,20573.65
Thailand,02-07-2017,31.4,24.6,27.1,14.2,13.2,32.4,26674.59
Thailand,03-07-2017,29.1,24.6,26.6,5.3,14.4,29.2,19573.9
Thailand,04-07-2017,28.1,24.3,25.6,14.9,12.1,34.2,0
Thailand,05-07-2017,27.4,23.9,25.4,22.1,12.2,27,3968.74
Thailand,06-07-2017,29.5,24.1,26.3,22.3,14,37.1,29358.94
Thailand,07-07-2017,29.6,24.3,26.6,16.4,14.1,33.8,33101.21
Thailand,08-07-2017,28.7,24.3,25.9,7,14.2,30.6,4299.01
Thailand,09-07-2017,30.9,24.6,27.3,1,11.5,29.5,26128.08
Thailand,10-07-2017,29.7,24.8,26.7,1.6,13.2,29.9,22319.18
Thailand,11-07-2017,29.7,24.6,26.6,6.7,10.2,27.7,23882.98
Thailand,12-07-2017,29.5,24.2,25.9,8.9,15.9,33.1,15112
Thailand,13-07-2017,30.5,24.4,26.5,18.6,15.8,32,25414.27
Thailand,14-07-2017,29.4,24.1,26.2,52.9,14.8,38.5,28800
Thailand,15-07-2017,29.7,24.6,26.3,4.1,13.8,43.9,10933.83
Thailand,16-07-2017,30,24.6,26.5,7.5,15.4,38.9,27156.97
Thailand,17-07-2017,29.2,24.2,25.7,41,17.8,40,10348.61
Thailand,18-07-2017,29.4,23.8,26.3,10.5,14.1,36.7,13741.84
Thailand,19-07-2017,28.6,24.7,26.2,6.1,10.3,31.7,914.43
Thailand,20-07-2017,29.1,24.1,25.7,16.5,11.5,35.6,10633.67
Thailand,21-07-2017,28.4,24,26,4.8,11.8,29.5,5323.1
Thailand,22-07-2017,30.3,24.2,26.8,14,10.9,30.6,26771.85
Thailand,23-07-2017,30.7,24.7,27,13.3,10.4,33.1,22190.23
Thailand,24-07-2017,30.2,24.1,26.8,9.7,15.7,36.7,34708.26
Thailand,25-07-2017,27.8,23.9,25.6,17.3,16,41.4,5390.86
Thailand,26-07-2017,27.4,24.2,25.4,36.2,20.5,41.4,4360.06
Thailand,27-07-2017,27.8,23.9,25.6,64.2,18.9,37.1,6898.32
Thailand,28-07-2017,29,23.9,26.1,31.8,15,35.3,17769.58
Thailand,29-07-2017,29.9,24,26.7,3,11.1,25.9,8551.41
Thailand,30-07-2017,31.3,24.2,27.3,2.3,11.3,30.6,39903.65
Thailand,31-07-2017,31,24.7,28,3.3,12.8,34.6,42043.27
Thailand,01-08-2017,31.2,24.7,27.7,4.1,15.5,42.5,34876.47
Thailand,02-08-2017,30.9,25,27.5,5.6,14.4,41,28780.76
Thailand,03-08-2017,31.1,25.1,27.6,9.2,16.5,42.1,37486
Thailand,04-08-2017,31.3,25.3,27.5,8.1,13.3,41.4,26662.04
Thailand,05-08-2017,30.7,25.1,27,10.7,15.3,35.3,18446.67
Thailand,06-08-2017,28.9,24.9,26.1,13.4,11.4,27,958.9
Thailand,07-08-2017,29.1,24.3,26.3,9.1,9,19.8,6034.88
Thailand,08-08-2017,30.4,25,27.3,2.1,10,28.4,34196.79
Thailand,09-08-2017,29.9,24.3,26.7,15.1,11,28.4,22463.72
Thailand,10-08-2017,31.6,24.7,27.7,5.5,9.1,29.2,38921.27
Thailand,11-08-2017,31.7,24.1,27.5,4.3,10.2,28.1,41004.41
Thailand,12-08-2017,31.6,24.3,28,0.8,9.4,23,41743.63
Thailand,13-08-2017,32.3,25.4,28.7,3,6.5,19.4,41000.09
Thailand,14-08-2017,32.2,25.4,28.4,6.2,11.6,28.1,37524.8
Thailand,15-08-2017,30.3,24.9,27.4,19.1,9.5,23.8,21268.43
Thailand,16-08-2017,29.6,24,26.2,19,9.4,25.9,11798.92
Thailand,17-08-2017,29.4,24.2,26,10.9,8.8,24.5,15932.63
Thailand,18-08-2017,29.7,23.6,26.5,4.7,9.6,27.4,39631.95
Thailand,19-08-2017,29.7,23.9,26.5,10.5,11.2,25.2,28557.63
Thailand,20-08-2017,27.8,23.8,25.7,19.2,9.8,18.4,8806.89
Thailand,21-08-2017,30.3,23.8,26.5,13.3,8.7,23.8,29921.08
Thailand,22-08-2017,31.2,24.3,27.2,17.2,7.9,26.3,38799.34
Thailand,23-08-2017,32,24.3,28,0.7,15.6,33.8,41228.59
Thailand,24-08-2017,31.2,24.5,27.2,13.5,11.8,32,26281.59
Thailand,25-08-2017,30.5,24,26.6,15.9,16.7,41.8,32019.72
Thailand,26-08-2017,28.3,24.1,26.1,34.8,8.2,19.8,0
Thailand,27-08-2017,30.7,24.3,26.4,22.1,6.3,23.4,23919.36
Thailand,28-08-2017,30.1,24.3,26.5,16.2,8.6,22.7,25169.69
Thailand,29-08-2017,29.3,23.8,25.8,6.9,10.6,29.5,12856.81
Thailand,30-08-2017,29.5,24,26.4,10.9,7.6,20.9,26310.57
Thailand,31-08-2017,30.2,24,26.8,8.2,8.7,23.8,37665.24
Thailand,01-09-2017,31.5,23.9,27.5,9.6,13,32.8,35015.36
Thailand,02-09-2017,31.6,24.4,27.3,4.4,11.3,31.7,38621.55
Thailand,03-09-2017,31.4,24.3,27.3,2.2,8.9,29.2,31843.84
Thailand,04-09-2017,32.1,25.2,27.9,1.1,9.3,23.8,28253.14
Thailand,05-09-2017,31.2,25,27.3,25.3,10.8,28.1,22748.19
Thailand,06-09-2017,29.9,24.4,26.4,15.9,10.1,24.5,8498.28
Thailand,07-09-2017,29.3,24.4,26.3,25,10.3,26.6,9134.16
Thailand,08-09-2017,31.1,24.4,27.3,10.4,5.2,23,26159.89
Thailand,09-09-2017,32.2,24.8,28,3.7,7.9,22.7,36187.17
Thailand,10-09-2017,31.2,24.7,27.5,5,6.9,21.2,37022.92
Thailand,11-09-2017,31.8,24.3,27.9,1.8,6.4,22.7,39454.61
Thailand,12-09-2017,31.4,25.3,28,6.3,6.7,22,38066.3
Thailand,13-09-2017,32.4,24.7,28.4,4.9,9.4,24.1,41615.49
Thailand,14-09-2017,32.1,25,28.4,2.8,14.5,32.4,35129.25
Thailand,15-09-2017,30.1,25.6,27.7,18.5,13.2,28.1,6433.27
Thailand,16-09-2017,29.6,25.1,26.6,10.8,15.7,42.8,6192.05
Thailand,17-09-2017,29.3,24.3,26.3,22.8,14.1,39.2,24197.28
Thailand,18-09-2017,30.6,24,27.1,0.3,13.8,35.3,37172.46
Thailand,19-09-2017,32.3,23.9,28,0,12.2,28.1,40829.1
Thailand,20-09-2017,31.8,25,28.1,1.2,11.2,26.6,29539.91
Thailand,21-09-2017,31.9,24.3,27.8,6.4,13.7,29.9,39781
Thailand,22-09-2017,30.8,24.5,27,15,7.3,27.7,38370.27
Thailand,23-09-2017,29.9,24.4,26.5,21.9,5.4,20.5,22492.37
Thailand,24-09-2017,30.1,23.9,26.2,16.9,6.1,24.1,23701.54
Thailand,25-09-2017,29.6,24.3,26.6,12.3,10.1,25.2,23461.63
Thailand,26-09-2017,29.9,24.6,26.6,12,10.7,29.5,29594.23
Thailand,27-09-2017,30.9,24.2,27.1,5.2,6.8,18.4,33587.34
Thailand,28-09-2017,31.5,24.6,27.7,7.7,9.1,22.3,35254.41
Thailand,29-09-2017,29.7,24.1,26.9,10,8.3,22.3,24711.94
Thailand,30-09-2017,30.7,24.3,27.4,9.3,10,28.8,37581.76
Thailand,01-10-2017,30.8,24.2,27.2,1.7,6.6,21.6,32833.3
Thailand,02-10-2017,30.4,24.6,26.8,10.3,8.4,24.8,31994.11
Thailand,03-10-2017,28.4,23.9,25.6,57.9,10.2,28.8,20113.64
Thailand,04-10-2017,26.4,23.8,24.9,11.3,9.4,28.8,53.26
Thailand,05-10-2017,29.1,23.6,25.9,15.9,6.8,19.4,23644.34
Thailand,06-10-2017,29.7,23.8,26.4,9.4,9.8,23.8,32481.46
Thailand,07-10-2017,29.1,24.8,26.8,0.9,6.4,19.8,26157.45
Thailand,08-10-2017,29.8,24.3,26.5,12.8,15.5,33.5,34821.04
Thailand,09-10-2017,31.1,24,27.4,5.4,13.7,40.3,38037.71
Thailand,10-10-2017,30.9,25.1,27.3,6.7,9.1,25.6,20176.2
Thailand,11-10-2017,30,24.1,26,14.5,7.9,25.2,17937.77
Thailand,12-10-2017,30.3,24.2,26.7,5,6.4,21.2,15175.31
Thailand,13-10-2017,30.2,24.8,26.7,9.4,12.4,29.9,29264.5
Thailand,14-10-2017,29.7,24.1,26.7,7,10.7,28.1,37304.13
Thailand,15-10-2017,30.6,24.2,27,4.2,9.7,23.4,36412.1
Thailand,16-10-2017,29.4,24.3,26.7,5.8,10.1,23.4,26671.75
Thailand,17-10-2017,26.3,24,24.9,4,16.3,33.1,11018.88
Thailand,18-10-2017,28.5,22.5,25,4.2,12,26.6,14047.2
Thailand,19-10-2017,29,22.5,26.2,0.9,6,17.3,34498.18
Thailand,20-10-2017,30.3,23.9,26.6,4.2,7.4,22.3,36675.7
Thailand,21-10-2017,31.3,23.8,27.1,2.7,5.7,22.7,37335.77
Thailand,22-10-2017,30.3,23.9,26.9,9.6,9.2,23.8,36680.48
Thailand,23-10-2017,30.5,24.3,27.1,3.1,13.3,29.5,36692.08
Thailand,24-10-2017,29.5,24.2,26.6,0.2,21.3,43.2,34749.18
Thailand,25-10-2017,29.7,23.6,26.4,0,16.2,34.9,37682.52
Thailand,26-10-2017,29.9,22.7,26.2,0.1,12.4,28.1,37356.53
Thailand,27-10-2017,30.4,23,26.3,0,10.2,24.1,37465.12
Thailand,28-10-2017,30.5,22.6,26.1,0,15.5,32.4,37677.01
Thailand,29-10-2017,30.5,22,25.9,0,16.6,34.6,37989.61
Thailand,30-10-2017,28.4,21.7,24.8,0,18.8,40,37985.24
Thailand,31-10-2017,28.1,20.2,23.9,0,14.7,31,37670.34
Thailand,01-11-2017,26.3,21.6,23.6,1.7,12.6,31.7,15713.89
Thailand,02-11-2017,30.2,22.4,25.5,0,12.3,26.3,36475.5
Thailand,03-11-2017,30.1,22.2,25.2,0,12.4,28.1,36874.52
Thailand,04-11-2017,29.8,20.7,24.8,0,16.3,34.6,37257.18
Thailand,05-11-2017,23.6,19.5,22,0.9,18.9,37.1,0
Thailand,06-11-2017,23.9,19.1,21.8,10.7,14.3,51.5,15251.2
Thailand,07-11-2017,29.3,20.6,24.8,0,11.6,26.6,34833.86
Thailand,08-11-2017,27.9,22.6,24.9,2.2,10.5,31,24038.14
Thailand,09-11-2017,29.8,22.9,26.2,0.6,11.1,39.6,36197.91
Thailand,10-11-2017,30.9,22.9,26.6,0,16,34.2,36637.27
Thailand,11-11-2017,31.3,23.6,27,0,13,29.2,36304.55
Thailand,12-11-2017,31.7,23.3,27.5,0,8.7,22.3,36403.84
Thailand,13-11-2017,31.6,23.8,27.2,0,9.4,20.5,36000
Thailand,14-11-2017,31.8,23.1,27.3,0,8.2,22,36407.18
Thailand,15-11-2017,31.5,23.4,27.4,0.3,13.4,29.2,36409.58
Thailand,16-11-2017,30,24.3,26.7,5,9.2,33.5,26448.88
Thailand,17-11-2017,31.9,24,27.9,1,6.5,14.8,36245.75
Thailand,18-11-2017,32.9,24.5,28.6,0,9.7,25.9,36241.95
Thailand,19-11-2017,31,24.8,27.6,7.4,13.7,37.4,35049.17
Thailand,20-11-2017,31.7,24.3,27.1,0.5,19.1,42.1,30053.45
Thailand,21-11-2017,29.7,23.7,26.8,0.6,17.6,37.1,30685.98
Thailand,22-11-2017,31,23.9,27.1,0.1,18.6,37.8,35026.21
Thailand,23-11-2017,30.6,23.9,27,0,19.6,42.1,36000
Thailand,24-11-2017,29.1,21.7,25.6,0,17.6,38.2,36123.87
Thailand,25-11-2017,30.3,21.5,25.7,0,15,34.2,36396.04
Thailand,26-11-2017,31.4,21.8,26.1,0,16.7,36.4,36311.69
Thailand,27-11-2017,31,21.1,25.7,0,10.5,27.4,36137.25
Thailand,28-11-2017,30.5,22.3,26.3,0,12.5,23.8,35614.75
Thailand,29-11-2017,32.2,23,27.2,0,18.2,38.5,35825.8
Thailand,30-11-2017,31.9,23.3,27.4,0.1,14.4,33.1,36000
Thailand,01-12-2017,31.7,23.6,27,0,20.9,44.3,36117.42
Thailand,02-12-2017,31.5,22.2,26.4,0,17.4,38.2,36212.62
Thailand,03-12-2017,31.5,21.5,26.4,0,12,27.7,36488.89
Thailand,04-12-2017,31.7,23,27.1,0,19.1,41.4,34789.48
Thailand,05-12-2017,27.3,23.8,25.4,0.2,16.9,34.9,11695.63
Thailand,06-12-2017,30.8,21.6,25.8,0,13.8,32,28800
Thailand,07-12-2017,31.9,23,27.2,0,10.3,20.9,33859.7
Thailand,08-12-2017,31.4,23.6,27.6,0,15.8,35.6,31107.09
Thailand,09-12-2017,29.3,21.9,25.9,0,17,35.6,36304.48
Thailand,10-12-2017,31.1,21.1,25.9,0,7.5,19.1,36499.45
Thailand,11-12-2017,31.3,23,27,0,10.2,24.8,25200
Thailand,12-12-2017,31.5,23.5,27,0.4,10,25.9,36203.41
Thailand,13-12-2017,30.7,23.8,27,1.1,7.7,23,36503.14
Thailand,14-12-2017,32.6,21.9,27,0.1,8.4,19.1,36605.6
Thailand,15-12-2017,31,22.7,26.7,1.1,9.9,25.2,36402.51
Thailand,16-12-2017,30.2,22.8,26.4,0,22.9,47.5,36609.22
Thailand,17-12-2017,26.5,20.4,23.2,0,21,44.3,35255.65
Thailand,18-12-2017,24.5,16.6,20.3,0,21.3,45.4,37246.86
Thailand,19-12-2017,23.8,13.7,18.3,0,19.8,42.8,37445.59
Thailand,20-12-2017,23.4,11.8,17.4,0,16.9,38.2,37526.3
Thailand,21-12-2017,23.5,13,18.1,0,14.1,31.7,37186.44
Thailand,22-12-2017,27.3,14.8,20.9,0,11.3,23,37164.14
Thailand,23-12-2017,30.3,18.5,23.9,0,10.6,22,37253.87
Thailand,24-12-2017,30.1,20.4,25.2,0,20.5,43.9,37233.43
Thailand,25-12-2017,27.6,18.2,22.8,0,16.4,32,37099.04
Thailand,26-12-2017,24.7,17.9,20.9,3.6,16.1,33.8,22254.65
Thailand,27-12-2017,20.2,18.2,19.4,18.4,13.8,35.6,0
Thailand,28-12-2017,22.1,19.5,20.8,2.2,14,25.6,463.44
Thailand,29-12-2017,28.7,20,23.8,0,11.4,25.6,31104.66
Thailand,30-12-2017,28.6,21,24.9,0,20.6,41.8,29679.33
Thailand,31-12-2017,28.6,21.3,24.3,0,20.6,43.9,36616.9
Thailand,01-01-2018,28.5,19.7,23.6,0,14.4,30.2,36964.85
Thailand,02-01-2018,28.8,19.5,24.2,0,13.6,31,37617.68
Thailand,03-01-2018,29.6,20.3,24.5,0.1,15.2,34.2,36308.18
Thailand,04-01-2018,30,21.2,25.5,0,11,22.3,37651.14
Thailand,05-01-2018,31.8,22.3,26.8,0,11.4,20.9,33062.23
Thailand,06-01-2018,31.3,24.1,27.4,0.4,11.2,22.7,34392.91
Thailand,07-01-2018,30.7,23.7,26.4,6,9.2,26.3,31342.54
Thailand,08-01-2018,31.5,22.9,26.9,0.2,9.5,23.8,37736.53
Thailand,09-01-2018,31.5,22.8,27.3,0.6,9,18.7,37514.54
Thailand,10-01-2018,27.2,21.9,24.2,0.4,20.3,42.1,23639.71
Thailand,11-01-2018,23.2,19.2,21.6,0,18.1,38.2,11882.06
Thailand,12-01-2018,23.6,18.1,20.4,0,19.1,37.1,16933.78
Thailand,13-01-2018,26,15.4,20.5,0,14.2,33.1,37872.9
Thailand,14-01-2018,27.4,16.2,21.5,0,12.6,29.2,37903.61
Thailand,15-01-2018,27.6,17.5,22.4,0,11.4,24.5,35936.31
Thailand,16-01-2018,29.8,17.8,23.5,0,10.5,22,37968.04
Thailand,17-01-2018,30.5,19.2,24.6,0,10.5,20.5,38001.66
Thailand,18-01-2018,31.3,20.1,25.5,0,10.6,21.2,38036.16
Thailand,19-01-2018,32.1,20.8,26,0,13.5,27.7,38071.47
Thailand,20-01-2018,31.3,21,26.3,0,11.8,25.9,38107.56
Thailand,21-01-2018,32.3,21.7,27.1,0,11.8,24.8,33634.18
Thailand,22-01-2018,32.1,23.1,27.3,0.1,9.7,23.8,37075.25
Thailand,23-01-2018,32.6,22.7,27.4,0,9.9,24.8,38219.98
Thailand,24-01-2018,32.6,21.8,27.2,0,9,22,38258.75
Thailand,25-01-2018,31.4,22,26.9,0.1,7.6,19.1,37637.93
Thailand,26-01-2018,31.6,23.3,27.6,0.9,9.4,23.4,35185
Thailand,27-01-2018,28.3,23.6,25.6,28,7.8,25.9,21617.79
Thailand,28-01-2018,30.5,22.5,26.2,1.3,8,29.2,36061.3
Thailand,29-01-2018,31.1,23.3,26.8,2.8,8.9,27.4,34642.63
Thailand,30-01-2018,27.3,22.1,24.3,29.3,13,28.1,21443.26
Thailand,31-01-2018,29.7,21.7,25.7,1.9,14.4,27.7,38558.91
Thailand,01-02-2018,24.2,19.8,22,0,19.8,41,17130.29
Thailand,02-02-2018,27.8,19.3,23.3,0.1,16.7,38.5,26623.97
Thailand,03-02-2018,25.6,18.6,22.2,0,22.3,46.1,32822.93
Thailand,04-02-2018,26.6,18.5,22.2,0,17,37.8,32888.1
Thailand,05-02-2018,27.1,18.7,22.1,0,19.2,41,38523.29
Thailand,06-02-2018,26.3,16.1,21.1,0,19.5,42.5,38845.27
Thailand,07-02-2018,28.4,17.9,22.5,0,10.9,26.3,35885.62
Thailand,08-02-2018,29.6,20.1,24,0,13,29.2,38296.88
Thailand,09-02-2018,30.4,19.6,24.6,0,8.8,23.4,37714.79
Thailand,10-02-2018,31.2,21.6,25.9,0,8.2,17.6,33076.46
Thailand,11-02-2018,32.9,22.2,27.1,0.1,11.6,28.8,39094.51
Thailand,12-02-2018,30.8,22,25.7,0,20.5,44.3,39144.85
Thailand,13-02-2018,29.9,19,24.4,0,17.4,38.5,39195.24
Thailand,14-02-2018,32.4,18.8,25.3,0,8.2,20.5,39246.02
Thailand,15-02-2018,34,19.8,26.9,0,8.4,18.7,39297.42
Thailand,16-02-2018,34.6,21.1,27.6,0,8.9,18,39349.4
Thailand,17-02-2018,34,21.8,28.3,0,7.5,19.4,39401.92
Thailand,18-02-2018,33,24.2,28.2,0.1,6.6,20.2,39424.7
Thailand,19-02-2018,32.6,23.5,27.8,0.2,9.9,26.3,34273.34
Thailand,20-02-2018,33.3,24.2,27.6,3.7,7.9,21.2,36828.62
Thailand,21-02-2018,32.7,23.4,27.1,8.2,11.2,25.9,34923.36
Thailand,22-02-2018,31.8,23.2,26.6,12.7,9.9,26.3,33037.58
Thailand,23-02-2018,29.6,22.1,25.5,6.2,10.1,28.1,35317.41
Thailand,24-02-2018,31.2,22.6,26.3,0.8,11.3,27,36543.65
Thailand,25-02-2018,32.9,23.1,26.9,4.8,16.6,35.3,37428.91
Thailand,26-02-2018,32.4,23.6,27.4,0.1,16.5,37.1,39600
Thailand,27-02-2018,30.1,23.2,25.9,3.9,8.9,21.2,21102.66
Thailand,28-02-2018,31.4,22.8,26.5,5.4,12,28.4,39522.61
Thailand,01-03-2018,33.3,23,27.8,0.9,8.3,23,39600
Thailand,02-03-2018,34,23.8,28.5,0.7,10.6,27,39600
Thailand,03-03-2018,33.5,23.6,28.2,0,12.1,28.4,37666.85
Thailand,04-03-2018,34.7,23.3,28.6,0,8.8,23.8,39600
Thailand,05-03-2018,35.7,21.6,28.8,0,8.6,21.2,39600
Thailand,06-03-2018,36.1,24.4,29.6,0.2,9.4,25.6,39600
Thailand,07-03-2018,32.8,25.3,28.4,5,10.9,25.6,32447.42
Thailand,08-03-2018,33.6,24,27.8,6.2,17.5,37.1,38018.45
Thailand,09-03-2018,29.3,23,25.9,0.1,24.1,49.3,39486.27
Thailand,10-03-2018,29.7,21,25,0,14.1,33.1,39600
Thailand,11-03-2018,32.2,20.5,26.3,0,11.9,29.5,39600
Thailand,12-03-2018,32,22.3,27.2,0.1,12.4,28.8,39600
Thailand,13-03-2018,31.4,22.7,27,4.4,15.4,33.5,39467.48
Thailand,14-03-2018,33.2,21,27,1,12.6,38.2,37983.84
Thailand,15-03-2018,32.7,22.8,27.6,0.7,10.4,24.5,32400
Thailand,16-03-2018,33.3,21.4,27.4,0.3,10.7,25.2,39600
Thailand,17-03-2018,33.2,22.8,28,0,7.6,26.6,33038.11
Thailand,18-03-2018,35.2,23.4,29.3,0,11,28.4,39600
Thailand,19-03-2018,35.3,24.2,29.5,0,10.5,25.6,38878.04
Thailand,20-03-2018,35.3,24.4,29.7,0,10.1,25.6,37320.65
Thailand,21-03-2018,32.9,24.5,28.6,1.2,17.7,36.7,39600
Thailand,22-03-2018,30.2,23.9,26.7,0,14.8,33.8,21031.98
Thailand,23-03-2018,33.4,23.4,28,0,15.5,35.3,39602.3
Thailand,24-03-2018,34.2,23.8,28.7,0,13.8,32.4,38207.57
Thailand,25-03-2018,33.9,23.7,28.5,0,10.2,29.2,35540.93
Thailand,26-03-2018,32.6,24.1,28.2,1.2,16.5,37.8,36941.59
Thailand,27-03-2018,32.6,24.8,28.4,0.1,10.5,26.6,39600
Thailand,28-03-2018,33.2,24.5,28.7,0.2,9.7,23.4,39600
Thailand,29-03-2018,34.9,24.1,29.3,0.3,10.3,24.1,34521.68
Thailand,30-03-2018,34.8,23.9,29.5,0,14.3,28.4,34711.63
Thailand,31-03-2018,33.2,24.9,28.3,1.9,13.4,31.7,34988.45
Thailand,01-04-2018,33.7,24.7,28.5,0.2,11.6,29.9,29111.26
Thailand,02-04-2018,33.5,24.4,27.8,8.5,10.4,25.2,28872.26
Thailand,03-04-2018,33.6,24.3,28.9,0,9.1,21.2,39820.9
Thailand,04-04-2018,32.9,25.5,27.7,11.4,7.2,33.5,27970.61
Thailand,05-04-2018,31.6,24.4,27.6,13.4,9.8,24.1,26719.14
Thailand,06-04-2018,34.1,24.6,28.8,2.7,15.9,32,33176.36
Thailand,07-04-2018,27.3,22.3,24.4,9.1,25.1,66.2,26698.02
Thailand,08-04-2018,29.6,20.2,24,0,13.8,30.6,39053.43
Thailand,09-04-2018,32.1,20.4,26.3,0,8,19.8,40481.8
Thailand,10-04-2018,34.6,22.7,28.9,0,7.6,19.1,40600.45
Thailand,11-04-2018,35.7,24,30.1,0,10.2,22.3,40841.28
Thailand,12-04-2018,36.2,25.3,30.9,0,12.5,28.8,40844.21
Thailand,13-04-2018,36.2,25.8,31.1,0.6,11.5,26.6,40969.14
Thailand,14-04-2018,37.5,26.2,31.9,0,9.4,24.8,41096.01
Thailand,15-04-2018,37.6,26.1,30.4,15,22,46.1,39385.73
Thailand,16-04-2018,34,24.6,29.2,8.3,10.4,27,39847.39
Thailand,17-04-2018,31.2,23.3,26.5,6.7,16.2,33.8,17941.9
Thailand,18-04-2018,31.6,21.7,26.6,0.7,8.9,24.1,41749.66
Thailand,19-04-2018,33.3,22.7,28.2,0.3,8.4,25.9,41757.78
Thailand,20-04-2018,33.2,24.4,28.6,3,10.2,27,41635.82
Thailand,21-04-2018,34.4,24.3,29.3,0,11.1,27.4,41903.78
Thailand,22-04-2018,34.6,24.5,29.8,0,11.2,24.8,42087.39
Thailand,23-04-2018,35.3,25.2,30.4,0,9.1,23.8,42122.05
Thailand,24-04-2018,36,25.5,31,0,12.4,27.7,40993.18
Thailand,25-04-2018,35.1,25.8,29.8,0.4,13,27,41049.79
Thailand,26-04-2018,32.4,25.8,28.3,9.5,9.8,27,41299.29
Thailand,27-04-2018,31.3,24.4,27.7,0.8,9.8,26.3,33057.93
Thailand,28-04-2018,26.4,23.6,25,22.3,8.1,20.2,0
Thailand,29-04-2018,27.8,23.6,25.4,3.9,7.6,21.2,12291.76
Thailand,30-04-2018,29.4,23.2,25.6,4.6,11,26.3,14189.09
Thailand,01-05-2018,31.2,24.1,26.6,16.8,8.9,29.5,30419.73
Thailand,02-05-2018,31.2,23.4,26.4,4,10.5,27.4,22416.61
Thailand,03-05-2018,32.3,24,27.5,7.6,7.2,26.6,37034.78
Thailand,04-05-2018,32.2,24.6,27.3,15.8,13.2,29.5,29866.14
Thailand,05-05-2018,31.7,24.5,27.5,7.1,9.7,29.2,30695.85
Thailand,06-05-2018,31.6,24.2,27.5,7.7,11.2,25.9,25200
Thailand,07-05-2018,32.7,24.8,28.7,0.2,11.2,24.1,42524.88
Thailand,08-05-2018,33.2,25.4,29.4,0.7,11.8,25.2,42547.09
Thailand,09-05-2018,33.2,25.5,29.2,0.9,6.1,18.7,40183.95
Thailand,10-05-2018,32.4,24.5,28.4,8.2,12.2,22.7,36318.75
Thailand,11-05-2018,31.8,25.2,27.9,1.2,9.9,24.1,32803.39
Thailand,12-05-2018,31.9,24.5,27.5,5.1,10.9,25.9,28291.09
Thailand,13-05-2018,32.1,24.8,27.7,7.1,14.2,30.2,34397.12
Thailand,14-05-2018,32.3,24.6,28,4.6,7.4,27,39733.31
Thailand,15-05-2018,32.8,24.7,28.6,0.2,7.4,24.1,42680.23
Thailand,16-05-2018,32.2,25.1,28.4,4.7,10,26.6,42695.95
Thailand,17-05-2018,32.6,25.7,28.6,2.4,13.4,31.3,42710.82
Thailand,18-05-2018,31.6,25.4,28.1,5.3,7.6,29.9,39342.59
Thailand,19-05-2018,31.8,24.9,27.5,15.9,7.3,21.6,31693.73
Thailand,20-05-2018,32.1,24.9,28.5,4.3,10.2,25.9,39423.38
Thailand,21-05-2018,32.5,25.5,28.1,7.1,9.5,23.4,37234.73
Thailand,22-05-2018,31.4,25.3,27.4,4.2,8.7,28.8,30476.34
Thailand,23-05-2018,31.6,24.7,27.8,0.7,8.3,16.6,39181.68
Thailand,24-05-2018,31.1,24.7,27.5,2.7,13.5,30.2,31849.06
Thailand,25-05-2018,31.1,25,27.8,0.6,9.8,25.6,28375.15
Thailand,26-05-2018,31.4,25.4,27.9,4.2,12.6,28.4,33758.61
Thailand,27-05-2018,30.8,25,27.1,16.1,10.5,32.8,25748.73
Thailand,28-05-2018,29.4,24.3,26.6,12.5,9.1,17.6,8428.65
Thailand,29-05-2018,31.1,25,27.6,5.5,14,33.5,37530.69
Thailand,30-05-2018,31.8,24.7,27.9,12,10,27.7,37733.25
Thailand,31-05-2018,30.9,25.4,27.8,2.4,6.5,20.2,31141.14
Thailand,01-06-2018,31.4,25,27.8,3.3,8,23,38630.79
Thailand,02-06-2018,32.2,24.8,28,5.9,7.2,16.9,42646.71
Thailand,03-06-2018,32.4,25,28.5,1.3,6.7,15.1,40958.12
Thailand,04-06-2018,32.5,25.3,28.4,7.6,10,23.4,25200
Thailand,05-06-2018,32.8,25.8,28.3,20.1,10.3,24.1,28051.44
Thailand,06-06-2018,31.9,25.4,27.8,14.4,12.4,33.5,35809.02
Thailand,07-06-2018,31.2,24.9,27.3,16.1,18.5,38.5,27042.87
Thailand,08-06-2018,30.5,25.4,27.6,6.6,17.3,52.6,22220.98
Thailand,09-06-2018,30.5,25.1,27.4,1.9,22.5,46.1,27422.52
Thailand,10-06-2018,30.5,25.1,27.7,15.3,17.2,45.7,36015.24
Thailand,11-06-2018,29.6,25.7,27.7,12.6,18.4,54.4,29313.64
Thailand,12-06-2018,31.3,25.8,28.2,7.3,17.7,56.5,27275.54
Thailand,13-06-2018,32.7,25.8,28.7,3.3,21.5,45.7,42777.43
Thailand,14-06-2018,32.9,25.5,28.6,4.1,19.2,42.5,42769.95
Thailand,15-06-2018,32.5,25.4,28.2,4.2,19.2,47.2,35209.88
Thailand,16-06-2018,31.1,25.5,27.6,17.9,15.7,34.6,34003.24
Thailand,17-06-2018,30.9,25.1,27.3,4.4,14.8,38.9,30577.85
Thailand,18-06-2018,31.5,24.7,27.5,11.4,14.3,30.2,38870.09
Thailand,19-06-2018,29.9,24.7,27.6,1.7,15.4,34.6,33664.2
Thailand,20-06-2018,32.1,25.2,28,4.5,16.9,37.1,38746.3
Thailand,21-06-2018,31.3,24.8,27.3,6,13.5,36.4,38657.77
Thailand,22-06-2018,32,24.2,28,0.4,12.2,32.8,40457.24
Thailand,23-06-2018,32.1,24.6,28.5,0.3,11.9,27.4,42664.96
Thailand,24-06-2018,30.3,25.1,27.2,4.5,8.7,24.8,2738.28
Thailand,25-06-2018,30.4,25,27.4,9,9.7,32,23402.53
Thailand,26-06-2018,29.5,24,26.5,9,11.9,24.5,12108.49
Thailand,27-06-2018,27.7,23.8,25.3,15.7,7.8,19.1,3027.74
Thailand,28-06-2018,29.5,24,26.1,2.4,9.2,20.5,12779.68
Thailand,29-06-2018,30.2,24,26.9,6,11.2,26.6,32801.26
Thailand,30-06-2018,31.6,23.4,27.2,6.3,12.2,32.8,42557.26
Thailand,01-07-2018,31.2,24.2,27.5,0,13.6,34.2,39311.88
Thailand,02-07-2018,31.2,24.4,27.2,8.6,12.1,32.8,33781.75
Thailand,03-07-2018,31.8,24,27.3,5.7,12.6,34.9,42495.65
Thailand,04-07-2018,30.8,23.4,27.2,3.4,17.3,40.3,42636.88
Thailand,05-07-2018,31.1,24.6,27.7,8.3,14.5,31,40862.32
Thailand,06-07-2018,30.3,24.3,27.2,10.5,17.8,41,38436.5
Thailand,07-07-2018,30.9,24.3,27.4,4.8,16.3,39.6,30350.42
Thailand,08-07-2018,30.4,24.3,27.1,3.5,12.9,41.8,20541.11
Thailand,09-07-2018,30.9,24.7,27.1,6.1,12.9,32.4,20895.41
Thailand,10-07-2018,29.9,24.6,26.6,7,13.8,34.9,20451.73
Thailand,11-07-2018,29.9,24.1,26.4,5,13.9,35.6,13387.45
Thailand,12-07-2018,30,24.6,26.7,8,12,30.2,20445.03
Thailand,13-07-2018,31.3,24,27,4.8,11.7,28.4,30399.75
Thailand,14-07-2018,31,23.9,27.1,3.6,14.3,45,30327.42
Thailand,15-07-2018,30.9,25.1,27.4,2.8,18.7,51.1,25120.26
Thailand,16-07-2018,27.6,24.7,25.7,20.4,12,35.6,0
Thailand,17-07-2018,26.4,24.3,25.2,45.1,14.2,51.1,0
Thailand,18-07-2018,28.8,23.8,26.1,30.7,11.2,32,3600
Thailand,19-07-2018,28.2,24,26.3,3.2,18.9,43.9,8120.78
Thailand,20-07-2018,30.3,25.1,27.4,2.1,16.4,46.1,10409.29
Thailand,21-07-2018,31.5,25.4,27.7,7.1,19.3,48.2,22910.48
Thailand,22-07-2018,28.2,24.9,26.1,24.5,11.2,36.7,2466.03
Thailand,23-07-2018,29.6,24.5,26.8,4.4,14.2,36,18066.68
Thailand,24-07-2018,30.9,24.1,27.5,9,14.8,40.3,32705.88
Thailand,25-07-2018,29.6,24.5,26.7,8.6,15.3,38.5,20296.71
Thailand,26-07-2018,30.5,24.7,27.2,1.4,16.3,50.8,24302.37
Thailand,27-07-2018,30.1,24.6,26.9,10.8,12.7,32,14905.32
Thailand,28-07-2018,30.3,24.3,26.7,2.9,14.1,36,17620.85
Thailand,29-07-2018,31,24.5,26.7,9.2,15.3,33.5,19206
Thailand,30-07-2018,30.4,24.5,26.6,15.2,15.6,43.6,24070.73
Thailand,31-07-2018,30.4,24.4,27,0.4,18.1,47.2,32454.8
Thailand,01-08-2018,29.7,24.4,26.4,11,16.6,33.5,24238.86
Thailand,02-08-2018,29.5,24.5,26.1,3.3,13.3,45,11512.32
Thailand,03-08-2018,28.3,23.6,26.1,2.2,14.3,38.5,22595.97
Thailand,04-08-2018,31.4,24.2,27.3,1.3,15.2,42.8,31199.82
Thailand,05-08-2018,29.6,24.2,26.8,3.7,19.4,43.9,23302.67
Thailand,06-08-2018,30.1,24.7,26.3,7.6,14.2,35.6,16412.38
Thailand,07-08-2018,31.1,24,26.8,18.9,11.8,28.1,35371
Thailand,08-08-2018,29.9,24.5,26.7,10.9,9.5,24.1,19548.26
Thailand,09-08-2018,29.5,23.9,26.4,15.4,9.4,25.9,13037.32
Thailand,10-08-2018,30.5,24.1,26.6,13.3,12.6,29.2,24666.82
Thailand,11-08-2018,31,24.4,26.9,4.4,17.4,46.4,33616.56
Thailand,12-08-2018,30.6,24.3,27.1,8,15.5,46.1,36359.38
Thailand,13-08-2018,29.8,24.5,27.2,1.3,20.6,46.4,30330.62
Thailand,14-08-2018,29.6,25.1,26.8,3.9,15.3,40.3,15502.67
Thailand,15-08-2018,30.8,24.8,26.8,7.3,15.1,45.4,18836.7
Thailand,16-08-2018,29.4,24.2,26.8,0.2,17.3,36,16836.51
Thailand,17-08-2018,30.4,24.8,26.8,7,17.1,43.6,9661.93
Thailand,18-08-2018,30,24.4,27.2,3.8,19.2,46.8,31924
Thailand,19-08-2018,30.1,24.5,26.8,31.2,18,40.3,33054.08
Thailand,20-08-2018,30.8,24.4,26.6,34.3,13.7,34.9,21600
Thailand,21-08-2018,30.5,23.6,26.7,5.1,12.8,36.4,21052.41
Thailand,22-08-2018,29,24.3,26.8,6.2,10,35.3,17384.79
Thailand,23-08-2018,31.5,24.3,27.1,36.4,15.2,31.3,30951.86
Thailand,24-08-2018,30.8,24.5,26.5,22.2,12.7,39.2,15240.93
Thailand,25-08-2018,28.9,24.3,26,14.1,14.1,42.8,12409.2
Thailand,26-08-2018,27.7,23.8,25.5,22.8,10.6,34.6,5298.28
Thailand,27-08-2018,28.1,24,25.7,16.8,14.3,37.8,9240.61
Thailand,28-08-2018,30,23.9,26,8.5,15.1,43.9,23280.91
Thailand,29-08-2018,28.6,23.7,25.9,1.5,14.7,37.8,8153.18
Thailand,30-08-2018,30.4,23.8,26.5,2.1,16.7,37.4,11866.98
Thailand,31-08-2018,30.8,24.2,26.9,8.5,18.1,44.3,31727.46
Thailand,01-09-2018,30.9,24.1,27.3,0.9,13.3,31.7,39569.86
Thailand,02-09-2018,31.1,23.8,27.5,0.6,10.5,25.6,34660.97
Thailand,03-09-2018,31.3,24.3,26.7,30.4,18.5,34.6,31766.46
Thailand,04-09-2018,30.7,24,26.1,43.7,11.5,33.5,23391.1
Thailand,05-09-2018,28.2,24,25.6,15.8,12.9,28.8,13011.14
Thailand,06-09-2018,31,23,27.1,0.2,14.7,36.4,41566.32
Thailand,07-09-2018,31.7,24.1,27.9,0.4,14.8,32.4,41443.62
Thailand,08-09-2018,30.1,23.9,26.4,12.2,9.7,20.9,24447.61
Thailand,09-09-2018,29.5,23.4,26,11.6,11.2,28.1,31546.61
Thailand,10-09-2018,31,23.2,26.6,9.3,7.1,20.2,34559.26
Thailand,11-09-2018,31.2,22.9,26.6,12.2,9.9,25.6,31025.6
Thailand,12-09-2018,29.7,23.9,26.4,17.5,8.7,28.8,25702.98
Thailand,13-09-2018,29.6,23.4,26.4,22.8,7.6,26.6,33891.14
Thailand,14-09-2018,30.4,23.7,26.3,18.9,11.1,28.1,33034.42
Thailand,15-09-2018,30.5,23.6,26.4,18,9,34.6,34843.77
Thailand,16-09-2018,31.5,23.1,27.2,5.2,7.9,23.4,35940.8
Thailand,17-09-2018,32.1,24.4,27.9,1.7,13,27,37123.92
Thailand,18-09-2018,30.7,24.3,27,5.9,15.1,37.4,33451.14
Thailand,19-09-2018,29.5,24.3,25.9,7.7,12.3,27,16220.24
Thailand,20-09-2018,30.4,23.7,26.6,3.6,7.1,23,39792.8
Thailand,21-09-2018,31.3,24.5,27.6,1.8,7.9,23,40985.19
Thailand,22-09-2018,31.9,24.1,27.6,4.5,8.9,27.7,40581.68
Thailand,23-09-2018,31.2,24.5,27.2,3.9,11.5,32,30200.4
Thailand,24-09-2018,31,23.9,26.9,2.6,11.8,25.6,37952.12
Thailand,25-09-2018,31.2,23.5,27.1,3.1,7.5,21.2,39672.8
Thailand,26-09-2018,31.6,23.8,28,0.3,6.8,18.7,40745.2
Thailand,27-09-2018,32.2,24.6,28.9,0.7,6.4,20.2,40225.17
Thailand,28-09-2018,31.8,24.8,28.3,4.6,8.7,30.2,36635.25
Thailand,29-09-2018,30.3,24.3,27.4,17.9,13.7,30.2,38836.44
Thailand,30-09-2018,30.6,23.5,27,16.3,9.7,25.9,36935.97
Thailand,01-10-2018,30.8,24.6,27,10.2,13.6,34.6,38203.46
Thailand,02-10-2018,29.8,23.7,26.8,8.8,11,30.6,34576.69
Thailand,03-10-2018,31.2,24.1,27.4,1,14.8,38.5,39823.73
Thailand,04-10-2018,31.1,24,27.2,0.5,17,41,40127.45
Thailand,05-10-2018,30.9,24.2,27.1,0,13.7,28.8,39499.04
Thailand,06-10-2018,31,22.4,26.7,0.2,10.8,25.6,40035.32
Thailand,07-10-2018,30.8,23.2,27,0.8,11.5,26.3,39990.11
Thailand,08-10-2018,31.2,23.1,27.1,0.5,8.7,22.3,38673.02
Thailand,09-10-2018,31.1,23.4,27.4,0.6,6.7,22.3,38545.75
Thailand,10-10-2018,31.9,24.1,28.1,0,9.7,23,38866.3
Thailand,11-10-2018,31.2,23.7,27.5,0.3,15.8,37.8,38529.5
Thailand,12-10-2018,31.7,23.4,27.3,0.1,13.7,38.9,39213.31
Thailand,13-10-2018,31.8,22.9,27.6,0.3,10.2,32,38224.91
Thailand,14-10-2018,32.6,24,28.5,0.3,7.3,20.2,37667.02
Thailand,15-10-2018,31.6,24.9,27.7,2.1,9.2,22.7,34351.02
Thailand,16-10-2018,32.4,24.7,28,8.5,7.8,19.8,37434.48
Thailand,17-10-2018,32.2,24.9,27.7,5.6,8.4,22.7,35267.6
Thailand,18-10-2018,32.3,24.6,27.4,11.3,8.8,22.3,33057.84
Thailand,19-10-2018,29.6,24.2,26.5,4.7,12.3,27.4,25165.08
Thailand,20-10-2018,31.2,23.9,26.8,12.8,14.4,37.4,29968.02
Thailand,21-10-2018,29.5,24.3,26.2,14.3,16.3,41,30191.76
Thailand,22-10-2018,30.1,23.2,26.6,5.6,7.9,28.8,34138.73
Thailand,23-10-2018,30.7,23.3,26.5,18.4,9.1,26.3,33825.9
Thailand,24-10-2018,30.8,23.6,26.8,6.5,9.2,24.8,33455.2
Thailand,25-10-2018,31.2,23.8,26.9,3.8,9.2,27.4,35759.31
Thailand,26-10-2018,31.8,24,27.4,1.9,8.9,29.5,37572.38
Thailand,27-10-2018,31.7,23,27.5,0,15.6,33.8,38321.95
Thailand,28-10-2018,31.1,23.9,27.2,0.3,14.1,43.6,37784.17
Thailand,29-10-2018,31.1,23.4,27.2,0,14.5,41,37780.26
Thailand,30-10-2018,30.7,23,26.4,0,15.9,33.8,37880.46
Thailand,31-10-2018,30.2,21,25.3,0,14.4,30.6,38188.46
Thailand,01-11-2018,29.6,19.7,23.9,0,11.5,27,38178.86
Thailand,02-11-2018,29.3,18,23.5,0,11.5,23.4,38069.48
Thailand,03-11-2018,29.8,18.8,23.9,0,13.9,26.3,37961.47
Thailand,04-11-2018,31.3,20.3,25.4,0,13,25.6,37853.02
Thailand,05-11-2018,32.3,21.2,26.5,0,12,25.2,37451.81
Thailand,06-11-2018,32.5,22.5,26.9,0,15.5,29.2,37154.67
Thailand,07-11-2018,32,23.7,27.4,0.3,14.7,33.1,36664.87
Thailand,08-11-2018,30.2,23.7,26.9,0,12.2,26.3,19230.12
Thailand,09-11-2018,27.7,24.6,25.8,1.9,11.2,30.6,1077.91
Thailand,10-11-2018,28.4,23.6,25.7,0.7,11.6,25.6,7103.05
Thailand,11-11-2018,31.5,23.8,27.1,0.4,10.1,25.6,34519.63
Thailand,12-11-2018,31.6,23.8,26.9,2.4,10.9,23.4,36018.75
Thailand,13-11-2018,31.5,23.4,26.6,2.2,10.8,23.8,31957.12
Thailand,14-11-2018,31.8,24.3,27.4,0.7,10.4,23.4,35531.17
Thailand,15-11-2018,32.2,24.5,28.2,0.5,8.7,18,36231.41
Thailand,16-11-2018,31.8,24.4,28,0.6,12.2,25.2,36330.76
Thailand,17-11-2018,32.5,24.5,28,1.6,10.1,20.9,36070.75
Thailand,18-11-2018,32.3,24.4,27.8,1.4,6.9,19.1,36000
Thailand,19-11-2018,32.5,23.5,27.5,0.9,10.4,27,36208.77
Thailand,20-11-2018,32.3,24.2,28.1,0.1,7.6,23.4,36256.24
Thailand,21-11-2018,32.7,23.9,27.9,0.3,7.8,23.4,36259.09
Thailand,22-11-2018,32.5,24.7,28.3,0,14.8,45,36299.8
Thailand,23-11-2018,31.1,23.2,26.9,0,15.9,40.3,36530.31
Thailand,24-11-2018,31.7,21.3,26.3,0,8.9,23.8,36460.45
Thailand,25-11-2018,31.3,21.8,26.4,0,13.4,30.6,36463.8
Thailand,26-11-2018,31,20.8,25.6,0,15,34.6,36466.84
Thailand,27-11-2018,28.9,20.9,24.8,0,14.8,31.7,36212.66
Thailand,28-11-2018,26.5,21.8,24.2,0,9.5,23.4,11012.81
Thailand,29-11-2018,30.8,22.1,26.1,0,16.9,36.4,36303.06
Thailand,30-11-2018,31.7,23.1,27.1,0.3,11.7,28.4,36122.28
Thailand,01-12-2018,31.9,23.7,27.3,0.5,8.9,24.1,36212.78
Thailand,02-12-2018,32.1,24.2,27.9,0.5,10.2,22.7,36212.61
Thailand,03-12-2018,33.5,23.8,28.4,0,9.8,23.4,36396.57
Thailand,04-12-2018,33.5,24.4,28.6,0,12.2,23.4,36397.41
Thailand,05-12-2018,33.7,24,28.5,0,11.5,22.7,36211.5
Thailand,06-12-2018,33.1,23.8,28.1,0,9.8,22.7,36587.12
Thailand,07-12-2018,33.3,24.2,27.5,0.1,13,32.4,33177.01
Thailand,08-12-2018,25.2,23.1,24.3,27.7,10,23.8,0
Thailand,09-12-2018,28.7,22.9,25.4,0.7,17.7,38.5,25326.69
Thailand,10-12-2018,27.7,22.3,24.6,0,13.2,24.8,15645.54
Thailand,11-12-2018,29.6,23.2,26,0,18.2,37.8,32068.7
Thailand,12-12-2018,28.3,24.1,25.7,0.3,20.6,43.9,35889.75
Thailand,13-12-2018,28.4,21.6,25,0,18.4,39.6,36602.58
Thailand,14-12-2018,29,20.6,24.5,0,18.6,40,36705.79
Thailand,15-12-2018,28.9,20.4,24.8,0,15.5,34.2,36198.28
Thailand,16-12-2018,31.1,21.6,26,0,12.3,29.5,36815.28
Thailand,17-12-2018,30.2,21.1,25.4,0,11.8,27,37028.22
Thailand,18-12-2018,29.8,20.3,24.6,0,16.3,35.6,37034.57
Thailand,19-12-2018,30.6,20.1,25.4,0,12.1,23.8,37022.29
Thailand,20-12-2018,32.1,21.4,26.3,0,10.1,21.2,36996
Thailand,21-12-2018,32.3,22.5,27.4,0.3,9.6,24.1,36860.89
Thailand,22-12-2018,33,23.9,28.3,0.1,8.7,22.7,36723.79
Thailand,23-12-2018,32.6,24.6,28.4,0.2,13.7,31.7,36808.11
Thailand,24-12-2018,31.9,22.9,27.3,0,14.5,33.1,37234.26
Thailand,25-12-2018,32.1,21.3,26.1,0,11.6,25.2,37442.52
Thailand,26-12-2018,32.1,20.4,25.5,0,9.3,20.5,37537.33
Thailand,27-12-2018,31.9,20.4,26,0,13,24.8,37409.49
Thailand,28-12-2018,31.7,22.6,26.9,0.3,11.8,27.7,36570.15
Thailand,29-12-2018,28.9,23.1,25.5,0.3,20.2,42.8,28155.72
Thailand,30-12-2018,26.6,21.7,23.7,2.5,18.9,39.6,18689.36
Thailand,31-12-2018,27.7,20.2,23.4,0.7,17.7,38.2,30729.88
Thailand,01-01-2019,28.6,18.8,23.6,0,16.9,36.4,37585.33
Thailand,02-01-2019,28.3,19.1,23.4,0,13.7,30.2,37612.63
Thailand,03-01-2019,28.7,19.5,24.1,0,13.3,31,35540.45
Thailand,04-01-2019,29.6,21.7,25.4,0,11.6,27.7,26489.9
Thailand,05-01-2019,28.6,23,25.4,0.1,12.9,26.6,4858.4
Thailand,06-01-2019,31.4,23.4,26.6,1,13.5,38.5,34142.14
Thailand,07-01-2019,32.6,22.4,27.4,0,12.8,31.3,37163.46
Thailand,08-01-2019,32.7,23,27.4,0.1,15.6,35.3,36221.69
Thailand,09-01-2019,30.8,22.8,26.7,0.4,8.5,27,37253.78
Thailand,10-01-2019,32.2,23.3,27.6,0.1,14,32.4,37244.87
Thailand,11-01-2019,32.3,23.9,28.5,0,11.5,28.8,36346.23
Thailand,12-01-2019,32.6,24.8,28.6,0,10.9,27,35750.88
Thailand,13-01-2019,33,23,28.1,0,7.3,22,37867.18
Thailand,14-01-2019,33.3,23.4,28.2,0,11.6,25.2,35849.99
Thailand,15-01-2019,32.6,23.9,28.1,0.1,14,30.2,34708.57
Thailand,16-01-2019,31.7,23.4,27.5,0,13.7,31.7,34530.9
Thailand,17-01-2019,31.6,22.6,26.6,0,17.7,39.2,37991.73
Thailand,18-01-2019,30.3,21.3,25.7,0,19.1,40.3,35087.52
Thailand,19-01-2019,29.9,23,25.9,0,13.2,26.6,18967.59
Thailand,20-01-2019,32.5,22.8,27.6,0,10.8,24.8,38094.43
Thailand,21-01-2019,31.7,22.9,27.2,0,16.3,37.1,37764.23
Thailand,22-01-2019,31.1,22.4,26.4,0,18.7,41.4,38168.86
Thailand,23-01-2019,31.1,20.7,25.9,0,13.2,31.3,38207.76
Thailand,24-01-2019,31.7,20.3,26.1,0,11.5,28.1,38247.71
Thailand,25-01-2019,32.4,19.1,26.1,0,9.1,23,38288.63
Thailand,26-01-2019,30.4,20.6,25.2,0,19.7,42.1,38330.48
Thailand,27-01-2019,30.1,19.7,24.2,0,17.2,37.8,37814.9
Thailand,28-01-2019,30.6,17.9,24.6,0,14.5,32.4,38416.62
Thailand,29-01-2019,31.3,19.1,25.2,0,12.3,29.2,38460.83
Thailand,30-01-2019,32.1,20.2,25.9,0,9.5,24.1,38505.68
Thailand,31-01-2019,32.8,22.3,27.2,0,12.4,23.8,38551.13
Thailand,01-02-2019,32.2,22.6,27.4,0,17.7,38.5,38597.14
Thailand,02-02-2019,32.5,21.2,27,0,10.1,23.4,38643.62
Thailand,03-02-2019,33.8,21.4,27.5,0,8,20.5,38690.52
Thailand,04-02-2019,34.6,22.4,28.5,0,8.6,16.6,38737.82
Thailand,05-02-2019,35.4,22.4,28.8,0,9.9,24.5,38785.41
Thailand,06-02-2019,34.8,22.6,28.3,0,8.9,22,32944.36
Thailand,07-02-2019,34.3,23.1,28.5,0,7.9,19.4,38118.64
Thailand,08-02-2019,35.5,22.8,28.8,0,10,22.3,38929.61
Thailand,09-02-2019,35.4,21.5,28.5,0,9.5,24.1,38978.41
Thailand,10-02-2019,35.6,21.9,28.8,0,9.8,25.6,39027.97
Thailand,11-02-2019,33.7,23.6,28.3,1.6,8.7,27.7,38464.36
Thailand,12-02-2019,33.2,24.5,28.5,0,12.2,31.3,38534.08
Thailand,13-02-2019,33.3,24.4,29,0.7,12.4,23,39180.53
Thailand,14-02-2019,33,22.8,28.4,0,7.3,23,39232.5
Thailand,15-02-2019,33.1,24.2,27.8,1.8,8.9,26.3,38436.73
Thailand,16-02-2019,33.3,24.2,27.3,4.3,10.5,25.6,37235.95
Thailand,17-02-2019,30.8,22.4,26,14.2,13.8,30.2,37377.73
Thailand,18-02-2019,32.5,21.6,26.5,0.2,8.3,21.2,39444.38
Thailand,19-02-2019,30.9,22,26.8,0.7,7.4,26.3,39498.07
Thailand,20-02-2019,32.6,22.2,27.3,0,7.6,18.7,39551.96
Thailand,21-02-2019,33.8,23,28.1,0,8,20.5,39593.82
Thailand,22-02-2019,34.6,22.8,28.2,0,9.4,20.2,39600
Thailand,23-02-2019,34.8,22.6,28.5,0,9.9,25.9,39600
Thailand,24-02-2019,35.2,23.2,29,0,8.4,18.7,34027.37
Thailand,25-02-2019,34.2,23.8,29.2,0,13.3,25.2,36845.92
Thailand,26-02-2019,33.5,24.7,28.6,1.6,12.2,30.6,39600
Thailand,27-02-2019,33.2,23.8,28.4,0.3,8,20.5,39600
Thailand,28-02-2019,33.2,24.2,28.8,0.5,8.8,22.3,39229.37
Thailand,01-03-2019,33.6,24.4,29.3,0.5,11.3,21.6,39600
Thailand,02-03-2019,34.5,24.3,29.4,0.1,9.1,23.8,39600
Thailand,03-03-2019,34.1,24.3,29.2,0.3,10.7,26.3,39600
Thailand,04-03-2019,35.2,24.9,29.8,0.1,14.8,34.2,39600
Thailand,05-03-2019,35.9,24.3,29.9,0,15.7,34.2,39248.87
Thailand,06-03-2019,36,23.1,28.9,0,11.7,26.6,39600
Thailand,07-03-2019,35.9,21.6,28.7,0,11.4,29.9,39600
Thailand,08-03-2019,36.3,22.1,29,0,12.3,28.8,39600
Thailand,09-03-2019,36.2,22.6,29.3,0,14.9,32,39600
Thailand,10-03-2019,35.3,22.4,28.6,0,13,28.1,39600
Thailand,11-03-2019,35.4,21.9,28.3,0,10.4,25.6,39600
Thailand,12-03-2019,36.2,21,28.1,0,9.7,25.6,39600
Thailand,13-03-2019,36.5,20.7,28.1,0,9.5,24.5,39600
Thailand,14-03-2019,36.1,21.5,28.6,0,9.2,21.6,39600
Thailand,15-03-2019,35.7,22.8,29.3,0,8.4,18.7,39600
Thailand,16-03-2019,34.2,25.1,29,0.7,14.8,33.5,38586
Thailand,17-03-2019,35.2,24.3,29.6,0,8.8,24.5,39600
Thailand,18-03-2019,35.5,26.1,30,1.5,11.6,26.6,39600
Thailand,19-03-2019,34.5,24.4,29.3,2.8,17.1,35.6,39600
Thailand,20-03-2019,34,25.4,29.8,1.9,10.9,29.5,39600
Thailand,21-03-2019,35.7,25.5,30.4,0,12.8,24.5,39600
Thailand,22-03-2019,36.8,24.8,30.5,0,10.3,26.3,39600
Thailand,23-03-2019,37.3,23.6,30.4,0,11.2,22,39694.57
Thailand,24-03-2019,35.6,24.9,30.2,0,22,42.5,39600
Thailand,25-03-2019,35.1,25.9,29.7,0.2,12.7,31,36330.79
Thailand,26-03-2019,34.8,24.1,28.5,7.9,13,29.9,37814.17
Thailand,27-03-2019,33.2,24.9,28.3,5,20.9,44.3,34575.13
Thailand,28-03-2019,33.2,24.7,28.7,6.2,13.3,30.6,31245.5
Thailand,29-03-2019,34.4,25.3,30,0.9,11,27,38803.31
Thailand,30-03-2019,36.6,24.4,30.6,0,10.4,20.5,38662.3
Thailand,31-03-2019,36.5,25.1,30.2,1.9,16.4,35.6,39944.33
Thailand,01-04-2019,36,25.4,29.6,0.9,13,32.4,39071.37
Thailand,02-04-2019,35.3,25.6,29.8,2,20.2,42.5,38397.99
Thailand,03-04-2019,34.8,25,28.9,5.6,13.6,30.6,39713.43
Thailand,04-04-2019,35.7,25,30.2,0.1,9.7,22.7,39925.55
Thailand,05-04-2019,36.2,25.4,31.1,0.1,12.7,27.4,40255
Thailand,06-04-2019,36.3,25.6,30.6,0.3,10.6,32,39779.77
Thailand,07-04-2019,35.5,26.2,29.9,7.9,13.2,40.7,34729.56
Thailand,08-04-2019,36.4,25.5,30.9,0,11.6,25.2,39896.91
Thailand,09-04-2019,36.2,26.4,31.6,0.1,12.3,27,40598.84
Thailand,10-04-2019,37.1,26.7,32.1,0.2,12.1,31,40718.39
Thailand,11-04-2019,37.6,26.3,32.2,0,13.4,28.1,40840.09
Thailand,12-04-2019,38.2,26.4,32.3,0,13.7,29.9,40963.88
Thailand,13-04-2019,37.4,26.8,32.4,0.3,15.5,31.7,39748.76
Thailand,14-04-2019,36.9,27.2,31.7,2.6,11.6,31,41094.45
Thailand,15-04-2019,37.1,27.2,31.8,0.3,15.9,41.8,41223.05
Thailand,16-04-2019,37.1,27.4,31.1,3.4,16.3,35.3,28288
Thailand,17-04-2019,38,27.5,32.8,0.9,14.3,27.7,41359.51
Thailand,18-04-2019,38.2,26.6,31.4,6.5,19.8,41,40640.66
Thailand,19-04-2019,37.7,26.4,32.3,0,13.1,33.1,39413.39
Thailand,20-04-2019,38.6,27.4,33,0,11.1,24.5,41893.53
Thailand,21-04-2019,38.7,27,33.2,0,12.8,30.2,42045.08
Thailand,22-04-2019,36.6,27.3,31.2,2,21.5,46.1,39648.03
Thailand,23-04-2019,34.8,25.6,30,0,6.8,17.3,36938.26
Thailand,24-04-2019,36.9,26.8,32,0,6.1,18.4,42149.84
Thailand,25-04-2019,37.8,27.4,32.4,0,9.6,25.6,42183.16
Thailand,26-04-2019,37.6,26.7,31.6,0,13.8,29.9,42215.58
Thailand,27-04-2019,35,27.2,30.9,0.6,11,31.3,42247.05
Thailand,28-04-2019,36.1,27,31.5,0,13.1,32.4,41426.28
Thailand,29-04-2019,37.6,26.8,32.5,0,14.8,28.4,42306.9
Thailand,30-04-2019,35.6,27.7,32,0.7,18.9,38.5,42335.43
Thailand,01-05-2019,37.5,27.4,32.8,0,12.5,25.9,42363.33
Thailand,02-05-2019,38.1,27.3,33.2,0,10,27,42390.59
Thailand,03-05-2019,37.3,28.6,32.3,1.7,15.3,34.9,31617.18
Thailand,04-05-2019,35.2,28.7,31.3,9.7,13,32.4,25751.57
Thailand,05-05-2019,35.7,27.4,31.5,0,15.2,34.9,41241.14
Thailand,06-05-2019,37,28.4,31.6,3.7,9.8,25.9,38892.8
Thailand,07-05-2019,37.4,27.7,32.8,0.2,14.7,29.9,38751.27
Thailand,08-05-2019,35,26.9,30.5,11.8,12.2,29.2,34073.81
Thailand,09-05-2019,36.7,26,30.1,0.8,8.6,27.7,39042.49
Thailand,10-05-2019,30.8,25.7,28.3,11.5,10.3,26.6,14172.03
Thailand,11-05-2019,34.4,26.1,30.2,1.1,12.7,22.7,39099.53
Thailand,12-05-2019,34.1,26.2,29.6,3.7,15.5,31.7,32137.08
Thailand,13-05-2019,29.3,25.8,27.4,8.1,7.9,22,4581.4
Thailand,14-05-2019,29.2,24.9,26.5,11.6,9.1,22.7,16618.25
Thailand,15-05-2019,32.1,24,27.7,17.8,10,32.4,32845.53
Thailand,16-05-2019,32.3,25.5,28.3,9.7,10.2,27,35241.96
Thailand,17-05-2019,33.6,25.5,29.7,0,9.4,18,42708.48
Thailand,18-05-2019,34.6,26.5,30.6,0,11.2,25.9,42770.06
Thailand,19-05-2019,35.3,26.3,31.1,0,10.3,23.4,42781.24
Thailand,20-05-2019,35.7,27.6,31.4,0.2,12.7,28.1,42747.95
Thailand,21-05-2019,34.3,26.8,30.7,13.8,18.8,36.7,42759.03
Thailand,22-05-2019,32.1,25.4,28.5,2.1,7.9,34.2,22192.76
Thailand,23-05-2019,33.2,25.4,28.4,8.9,15.9,32.8,33256.08
Thailand,24-05-2019,32.9,25,28.5,1.4,11.2,30.2,34350.1
Thailand,25-05-2019,33.4,25.3,29.1,0.3,10,27,41921.66
Thailand,26-05-2019,33.7,26,29.2,2,9,25.2,38471.17
Thailand,27-05-2019,33.4,26.2,29.3,4.8,13.9,28.1,39110.43
Thailand,28-05-2019,33.2,25.3,28.3,11.3,12.8,30.6,28118.27
Thailand,29-05-2019,32.6,25,28.3,6.7,12.6,35.3,38810.24
Thailand,30-05-2019,32.7,25,28.3,3.3,12.1,29.2,31008.53
Thailand,31-05-2019,33.2,25.8,28.8,5.1,12,31.3,35926.04
Thailand,01-06-2019,29.7,24.7,27,4.4,8.3,18.4,4995.29
Thailand,02-06-2019,32.6,24.5,27.9,14.3,12.6,28.8,36097.84
Thailand,03-06-2019,32.7,25.1,28.6,5.6,8.7,25.9,35303.44
Thailand,04-06-2019,32.4,24.5,28.4,9.3,10.9,27.4,31646.72
Thailand,05-06-2019,33.2,25.2,28.5,25.4,8.9,24.8,27951.62
Thailand,06-06-2019,32.7,24.6,28,4.1,10.5,25.6,32587.55
Thailand,07-06-2019,32.3,25.5,28.1,14.4,12.5,25.9,28058.43
Thailand,08-06-2019,32.2,24.3,27.9,11.3,13,25.9,36887.45
Thailand,09-06-2019,32.3,25,28.4,5.3,12.6,28.1,36664.2
Thailand,10-06-2019,32.3,25.7,28.7,7.8,17.4,39.6,39551.32
Thailand,11-06-2019,31.8,25.9,28.7,1,16.6,34.6,36444.52
Thailand,12-06-2019,31.1,26.1,28.6,5.9,14.7,43.2,29318.89
Thailand,13-06-2019,33,25.9,28.7,8.3,16.1,38.9,26524.23
Thailand,14-06-2019,33.5,25.8,28.9,6.8,15.9,36,38728.65
Thailand,15-06-2019,34.7,25.5,28.7,9.9,12.5,38.2,34002.48
Thailand,16-06-2019,30.6,25.7,27.4,29.7,11.6,32.4,1184.17
Thailand,17-06-2019,31.1,25.4,27.4,22.3,16.1,43.6,16571.81
Thailand,18-06-2019,31,25.8,27.7,12.1,14.9,40.3,22209.18
Thailand,19-06-2019,32.4,25.4,28.3,3.6,14.5,36.7,35714.34
Thailand,20-06-2019,33.6,24.8,28.9,2.3,10.4,29.2,42759.93
Thailand,21-06-2019,34.1,25.7,29.9,0.1,8.7,25.6,43507.01
Thailand,22-06-2019,35,26.6,30.9,0,11.3,28.8,43385.32
Thailand,23-06-2019,34.9,27.8,30.8,3,14,28.1,42822.54
Thailand,24-06-2019,32.9,26.7,29.2,7.1,10.8,25.2,35157.13
Thailand,25-06-2019,33.4,25.8,28.7,4.4,11.7,31.3,38083.43
Thailand,26-06-2019,33.7,25.4,28.5,6.7,13.1,32.4,34306.32
Thailand,27-06-2019,32.5,25.4,28,4,16.1,50,28950.53
Thailand,28-06-2019,32.6,26.1,28,8.5,16.3,48.6,31055.36
Thailand,29-06-2019,32,25.5,28.6,0,23.1,50.4,42213.35
Thailand,30-06-2019,32.1,25.5,28,7.3,19.1,46.4,34458.05
Thailand,01-07-2019,31.7,25.7,27.9,1.5,15,38.9,20688.4
Thailand,02-07-2019,29.6,25.5,26.5,14.6,15.3,42.5,4304.2
Thailand,03-07-2019,25.7,24.5,25,30.7,14.3,45.7,0
Thailand,04-07-2019,28,24.1,25.8,11.5,17.6,34.6,0
Thailand,05-07-2019,29.9,24,26.8,3.8,18.8,48.6,42482.7
Thailand,06-07-2019,31.4,23.9,27.3,1.1,15.7,41.4,32302.05
Thailand,07-07-2019,31.2,24.9,27.9,1.6,13.7,40.3,28791.58
Thailand,08-07-2019,32,24.7,27.8,6.8,17.6,45.7,38082.13
Thailand,09-07-2019,31.4,24.2,27.5,5.9,15.8,36,41579.89
Thailand,10-07-2019,28.5,24.4,26.9,1.6,10.7,25.2,7523.15
Thailand,11-07-2019,32.5,24,28.5,0,14.1,31.3,41772.28
Thailand,12-07-2019,32.3,25.2,28.8,6.1,11,24.1,42946.55
Thailand,13-07-2019,32.1,24.6,28,8.5,11.4,29.2,40122.48
Thailand,14-07-2019,31,25.1,28,2.7,9.2,36.4,36915.16
Thailand,15-07-2019,32.5,25.1,27.7,24.7,14.8,32.4,20400.94
Thailand,16-07-2019,32.8,24,28.4,0.4,9,28.8,42649.51
Thailand,17-07-2019,32.6,24.5,28.6,3.9,15.9,31.7,42269.82
Thailand,18-07-2019,32.4,25.3,28.6,4.2,9.3,24.1,42951.75
Thailand,19-07-2019,33.1,25.1,29,1.2,14.7,29.2,43268.68
Thailand,20-07-2019,32.9,25.3,28.8,0.5,14.8,30.2,42363.27
Thailand,21-07-2019,34,25.7,28.8,19,11.9,33.8,35292.16
Thailand,22-07-2019,30.8,26.3,28.6,0.1,11.9,24.8,14690.52
Thailand,23-07-2019,33,26,28.6,5.3,16.7,37.1,20767.79
Thailand,24-07-2019,30.3,25.6,27.8,3.1,11.5,44.3,10838.28
Thailand,25-07-2019,30.9,25,27.3,18.5,13.4,39.6,9223.25
Thailand,26-07-2019,29.3,24.2,26.2,8.7,12.3,36.7,11012.46
Thailand,27-07-2019,29.2,23.9,26.3,4,9.3,23.4,10718.42
Thailand,28-07-2019,32.3,23.9,27.7,2,10.1,28.8,29396.44
Thailand,29-07-2019,31.1,24.7,27.4,14.4,15.1,32.8,37358.27
Thailand,30-07-2019,30.6,24.9,27.8,1.2,10.8,33.8,37028.12
Thailand,31-07-2019,30.6,24.4,27,5.5,9.9,40.3,20971.81
Thailand,01-08-2019,29.1,24.3,26.1,4.7,18.4,45.4,5717.95
Thailand,02-08-2019,30.8,24.3,27.4,3.7,21.7,57.6,33504.28
Thailand,03-08-2019,29.1,25,26.9,1.2,18.9,37.4,359.28
Thailand,04-08-2019,30.1,25.4,27.7,0,19,42.8,8104.37
Thailand,05-08-2019,31.3,24.6,27.3,3.6,17.1,45.4,23344.03
Thailand,06-08-2019,30.6,25,27.1,4.1,14.2,28.8,9880.46
Thailand,07-08-2019,31,25,27.5,6.6,15.2,43.6,27886.57
Thailand,08-08-2019,29.4,24.3,26.8,63.2,14.1,47.2,27506.63
Thailand,09-08-2019,29.5,24.6,26.8,12.9,12.1,38.9,24444.84
Thailand,10-08-2019,30.7,24.5,27.1,14,17.7,42.1,28541.04
Thailand,11-08-2019,31.3,25.1,27.4,16.8,18,40.7,30375.68
Thailand,12-08-2019,29.1,24.5,26.7,5.1,15.1,36.7,29554.75
Thailand,13-08-2019,29.3,25.1,26.7,17.5,13.2,33.8,12672.41
Thailand,14-08-2019,30.3,24.8,26.8,22.2,13.9,34.2,30829.95
Thailand,15-08-2019,30.7,24.3,27.4,2.8,12.2,35.6,23851.84
Thailand,16-08-2019,31.4,24.6,27.4,18.1,13.2,31,29535.62
Thailand,17-08-2019,31.7,24.7,27.3,18.4,19.1,36.4,33327.15
Thailand,18-08-2019,31.5,24.8,27.2,6.1,13.2,38.2,34949.57
Thailand,19-08-2019,31,24.3,27.5,1.2,12.2,36.4,23740.38
Thailand,20-08-2019,29.7,24.4,26.8,18.8,13,31.3,28508.96
Thailand,21-08-2019,30.9,24.6,26.6,17.7,14.8,32,14659.91
Thailand,22-08-2019,30.5,24.4,26.5,34.3,14.7,32.4,20432.93
Thailand,23-08-2019,30.3,24.8,26.8,64.6,12.5,33.8,25770.87
Thailand,24-08-2019,28.9,24.5,25.8,25.4,10.8,31.7,8033.11
Thailand,25-08-2019,30,24.4,26.2,38.2,13.5,30.2,13239
Thailand,26-08-2019,29.8,24.4,26.2,13.7,14.8,40.3,9063.28
Thailand,27-08-2019,28.6,24.2,25.8,5.4,12.1,25.9,5646.4
Thailand,28-08-2019,30.7,23.7,27.2,10.1,10.2,25.2,38312.14
Thailand,29-08-2019,30,24.5,26.7,9.8,10.8,25.9,9175.35
Thailand,30-08-2019,26,24.5,25.1,93.9,17.4,51.5,0
Thailand,31-08-2019,28,24.2,25.5,43.8,17.6,42.8,450.73
Thailand,01-09-2019,29,23.9,26.5,17.7,16,37.1,18521.65
Thailand,02-09-2019,26.3,24.5,25.5,34.8,10.6,38.9,0
Thailand,03-09-2019,28.3,23.8,25.6,31.1,16.6,52.2,15788.89
Thailand,04-09-2019,29.4,24.1,26.4,1.2,14.4,45.7,13466.68
Thailand,05-09-2019,29.4,23.7,26.5,5.1,14.1,40.7,17325.56
Thailand,06-09-2019,30.7,24.1,26.5,10.9,12.8,29.9,25889.02
Thailand,07-09-2019,31.1,23.7,26.9,7,15.4,40.3,34414.65
Thailand,08-09-2019,31.1,24.2,27.1,16.1,12.4,39.6,39008.34
Thailand,09-09-2019,30.5,24.1,27.1,6.5,10.9,34.2,33736.65
Thailand,10-09-2019,29.6,24.8,26.7,5.1,15,34.2,18198.72
Thailand,11-09-2019,26.6,24.4,25.3,13,7.9,24.1,3209.87
Thailand,12-09-2019,29.7,22.9,26.6,0.1,14.3,30.2,32076.67
Thailand,13-09-2019,31.4,24.8,27.7,3,16,37.4,33806.16
Thailand,14-09-2019,30.4,24.3,27.3,10.4,7.3,29.5,40014.62
Thailand,15-09-2019,31.2,24.2,27.2,3.6,13.3,30.6,39453.4
Thailand,16-09-2019,31.6,23.6,27.7,1.3,9.4,31,41485.34
Thailand,17-09-2019,32.5,23.4,27.8,2.6,6.8,24.1,41433.67
Thailand,18-09-2019,31.9,24.7,28.2,10.8,7.4,31.3,40924.75
Thailand,19-09-2019,30.4,24.2,26.8,29.2,8.7,34.9,32819.99
Thailand,20-09-2019,29.4,24.1,26.1,17.7,9.2,25.2,27983.93
Thailand,21-09-2019,30,24.3,26.8,10.4,12,41,38811.88
Thailand,22-09-2019,30.3,24.1,27,2.9,15.5,39.6,40474.59
Thailand,23-09-2019,30.6,24.1,26.9,1,22.4,45,40781.79
Thailand,24-09-2019,31,23.9,26.9,1.1,15.2,32.4,37501.23
Thailand,25-09-2019,31.7,23.2,27,0,12.8,28.4,41009.49
Thailand,26-09-2019,31.3,23,27.2,0.2,17,42.8,40955.63
Thailand,27-09-2019,32,23.5,27.5,0,11.8,27.4,40822.26
Thailand,28-09-2019,31.8,23.4,27.3,0,10.9,22.7,40773.49
Thailand,29-09-2019,32.2,23.9,28.2,0,12.2,24.5,40793.71
Thailand,30-09-2019,32.2,23.5,28.2,1.8,5.6,15.8,40729.3
Thailand,01-10-2019,31.5,24.2,27.7,6.2,8.4,18.7,39925.08
Thailand,02-10-2019,32.2,23.6,27.8,6.1,8.1,16.6,39410.38
Thailand,03-10-2019,31.5,23.6,27.4,16.7,7.1,20.2,36669.97
Thailand,04-10-2019,30.4,23.7,26.9,13.2,9.7,23.4,37578.41
Thailand,05-10-2019,30.3,23.6,26.2,14.1,10.1,23.8,25616.19
Thailand,06-10-2019,30.5,22.9,26.5,1.7,10.7,31.3,38345.86
Thailand,07-10-2019,31,23.3,27,2.3,10,30.2,38667.26
Thailand,08-10-2019,30.9,24,27,7,11.5,28.8,37207.43
Thailand,09-10-2019,31,24.3,26.8,7.5,10.7,25.9,32781.19
Thailand,10-10-2019,31.2,24,27.1,2.7,9.2,20.2,31991.84
Thailand,11-10-2019,31.6,23.6,27.6,2.5,6.5,17.6,38728.46
Thailand,12-10-2019,32,23.5,27.3,13.6,10.8,25.9,38249.8
Thailand,13-10-2019,31.3,24.1,27.2,5.6,11.7,32,37646.36
Thailand,14-10-2019,31.4,23.7,27.3,0.1,15.1,32.4,39242.91
Thailand,15-10-2019,31.2,24,27.5,0.6,17.5,51.8,38478.95
Thailand,16-10-2019,31.1,24.3,27.4,1.2,16.6,46.8,38245.15
Thailand,17-10-2019,31.7,24.3,27.9,0,16.3,50.4,39306.3
Thailand,18-10-2019,32.1,24,27.7,0,15.5,33.5,39291.07
Thailand,19-10-2019,31.8,23.1,27.4,0,18.3,40,39504.89
Thailand,20-10-2019,31.9,23.5,27.4,0,15.7,34.6,38929
Thailand,21-10-2019,32.4,23.5,27.9,0,12,25.9,38806.78
Thailand,22-10-2019,32.6,23.2,28,0,10.3,20.9,38799.12
Thailand,23-10-2019,32.5,24.1,28.5,0.2,6.6,17.3,38459.47
Thailand,24-10-2019,33.2,24.8,29.1,0.1,6.2,20.9,37903.89
Thailand,25-10-2019,32.7,24.9,28.4,4.3,10.1,32.4,36678.59
Thailand,26-10-2019,33,24.7,28.6,0.2,16.1,40.3,37110.29
Thailand,27-10-2019,33.1,25.1,28.9,0,12.3,28.1,38001.55
Thailand,28-10-2019,33.3,24.1,28.4,0,10,29.9,37678.63
Thailand,29-10-2019,32.3,25,28.5,0.2,19.9,48.2,37360.46
Thailand,30-10-2019,31.5,24,27.4,0,10.4,30.6,37360.02
Thailand,31-10-2019,31.4,20,25.9,0,14.2,31,37779.25
Thailand,01-11-2019,29,22.3,25,6.4,18,37.8,22910.58
Thailand,02-11-2019,29.1,22.4,25.4,8.5,12.2,40,35324.42
Thailand,03-11-2019,30.9,23.3,26.6,2.6,11.5,29.2,36345.11
Thailand,04-11-2019,31.6,23.3,27,0,11.4,27,36853.86
Thailand,05-11-2019,30.5,22.1,26.5,0.1,11,27,36956.23
Thailand,06-11-2019,30.9,22.1,26.6,0.2,11,25.2,37250.81
Thailand,07-11-2019,31.1,22.4,26.6,1,12.5,31.7,36764.92
Thailand,08-11-2019,31,23.2,26.2,0,15.5,34.2,36905.7
Thailand,09-11-2019,29.7,21.5,25,0,14.8,33.5,36482.74
Thailand,10-11-2019,30,20.7,24.8,0,9.8,23.8,36672.04
Thailand,11-11-2019,31.2,20,25.3,0,12.6,24.5,37142
Thailand,12-11-2019,31.8,21.8,26.4,0,9.9,18.7,36770.42
Thailand,13-11-2019,30.1,23.4,26,2.9,12.1,36.7,36022.22
Thailand,14-11-2019,30,22.7,26.1,0.1,22.5,46.1,34339.66
Thailand,15-11-2019,31,21.9,26.1,0,15,33.5,36675.73
Thailand,16-11-2019,31.3,21.8,27,0,8.1,18.7,36592.32
Thailand,17-11-2019,32.7,22.4,27.4,0,9.2,15.5,36773.41
Thailand,18-11-2019,32,21.4,27.1,0,6.2,15.8,36683.36
Thailand,19-11-2019,31.8,23.2,27.2,0,18.5,37.1,36324.88
Thailand,20-11-2019,31.1,22.7,26.5,0,17.3,38.9,36433.83
Thailand,21-11-2019,30.9,22,26.1,0,18.6,39.6,36692.72
Thailand,22-11-2019,31.1,21.5,25.8,0,12.3,28.8,36438.97
Thailand,23-11-2019,31.3,20.7,26,0,12.7,24.5,36692.95
Thailand,24-11-2019,31.3,19.1,25.3,0,10.3,24.1,36781.63
Thailand,25-11-2019,31.8,21.1,25.8,0,15.4,33.1,36711.3
Thailand,26-11-2019,31.1,19.2,25.4,0,15,33.5,36533.84
Thailand,27-11-2019,32.2,23,27.3,0,18.9,41.4,36404.02
Thailand,28-11-2019,32.2,23.1,27.5,0,25.2,51.5,36498.45
Thailand,29-11-2019,31.1,22.7,26.7,0,18.1,38.9,36413.08
Thailand,30-11-2019,32,22.4,26.6,0,14.8,33.5,36393.82
Thailand,01-12-2019,31.1,23,27,0.2,11.5,27.4,36303.8
Thailand,02-12-2019,31,23.3,26.6,0.3,22.6,47.5,36212.89
Thailand,03-12-2019,27.7,19.8,23.3,0,18.1,38.2,36579.75
Thailand,04-12-2019,26.9,17.2,21.6,0,16.9,36,36673.95
Thailand,05-12-2019,26.2,16,20.5,0,15.5,34.6,36769.45
Thailand,06-12-2019,25.7,14.5,19.8,0,16.8,37.1,36772.92
Thailand,07-12-2019,24.9,13.6,18.7,0,18.2,39.2,36870.94
Thailand,08-12-2019,25.1,14.5,18.9,0,17.1,35.6,36780.57
Thailand,09-12-2019,25.5,15,20,0,14.1,30.6,36688.72
Thailand,10-12-2019,26.4,15.3,20.6,0,13.2,29.5,36885.83
Thailand,11-12-2019,27.8,15.7,21.3,0,10.7,25.2,36891.13
Thailand,12-12-2019,28.6,17.3,22.4,0,14.3,31,36896.53
Thailand,13-12-2019,29.4,18,23.3,0,12.7,26.3,36901.98
Thailand,14-12-2019,29.9,19,23.9,0,13.3,27,37008.39
Thailand,15-12-2019,31.4,20.5,25.9,0,12.9,27,36810.78
Thailand,16-12-2019,31.6,21.9,26.3,0,15.3,31,36815
Thailand,17-12-2019,32.1,22,26.8,0,11.9,24.5,36923.41
Thailand,18-12-2019,32.3,21.5,26.7,0,10,20.2,37139.47
Thailand,19-12-2019,31.8,21.9,26.8,0,9.7,21.6,36917.75
Thailand,20-12-2019,32.4,21.8,26.7,0,11.7,28.1,36459.34
Thailand,21-12-2019,31.8,20.8,26.3,0,8.7,22.7,36755.16
Thailand,22-12-2019,31.8,20.6,26.4,0,7.9,18.7,37168.92
Thailand,23-12-2019,32.2,20.7,26.1,0,9.4,19.4,37036.23
Thailand,24-12-2019,32.3,20,26,0,8.5,16.9,37352
Thailand,25-12-2019,32.3,21.3,26.9,0,7.4,16.6,36880.41
Thailand,26-12-2019,31.7,21.2,26,0,8,14.4,37318.27
Thailand,27-12-2019,31.7,22.2,26.2,0,15.5,34.2,37109.96
Thailand,28-12-2019,31,21.4,25.6,0,14.9,33.5,37520.21
Thailand,29-12-2019,30.9,21.1,25.7,0,11,25.9,37388.52
Thailand,30-12-2019,31.3,21.3,25.9,0,10.3,19.4,37493.77
Thailand,31-12-2019,31.9,21.7,26.6,0,18.1,39.6,37582.27
Thailand,01-01-2020,31,22,26.2,0,17.8,38.2,37346.53
Thailand,02-01-2020,31.9,22.3,26.7,0,14.8,33.5,37611.35
Thailand,03-01-2020,32.6,20.7,26.5,0,11,25.2,36449.71
Thailand,04-01-2020,32.2,21.2,26.7,0,10.3,25.2,37645.61
Thailand,05-01-2020,32.3,21.6,26.5,0,11.7,27.7,37664.59
Thailand,06-01-2020,32,20.6,26.2,0,9.7,21.6,37684.79
Thailand,07-01-2020,32.4,20.8,27,0,7.4,17.6,37706.14
Thailand,08-01-2020,33.5,22,27.2,0,11.7,28.1,37728.63
Thailand,09-01-2020,33.5,22.4,27.4,0,11.7,24.1,37752.22
Thailand,10-01-2020,33.2,21.9,27.5,0,8.9,19.1,37776.88
Thailand,11-01-2020,33.5,22.1,27.8,0,8.6,19.1,37802.57
Thailand,12-01-2020,32.8,22,27.2,0,11.8,28.4,37829.27
Thailand,13-01-2020,32.2,23,26.8,0,13.3,31,37856.94
Thailand,14-01-2020,32.1,21.8,26.9,0.2,10.3,26.6,37885.64
Thailand,15-01-2020,32.7,21.3,26.8,0,14.3,27,37915.84
Thailand,16-01-2020,32.1,21.4,26.6,0,8.2,18.4,37947.38
Thailand,17-01-2020,33.1,21.4,27.2,0,8,18.7,37980.22
Thailand,18-01-2020,33.1,21.7,27,0,10.8,26.3,38014.29
Thailand,19-01-2020,33.4,21.4,27.3,0,10.8,25.2,38049.52
Thailand,20-01-2020,33.3,23.2,27.4,0,10.2,25.6,38085.83
Thailand,21-01-2020,33.1,22.2,27.5,0,9.8,24.5,38123.2
Thailand,22-01-2020,33.6,21.3,27.8,0,8.3,18.4,38161.53
Thailand,23-01-2020,33.6,23.2,28.6,0.1,9.2,22,38200.77
Thailand,24-01-2020,33.6,23.7,28.6,0,9.2,25.6,38240.87
Thailand,25-01-2020,31.7,23.2,27.1,0.5,11.3,32,38045.77
Thailand,26-01-2020,32.5,22,26.9,0,12.6,28.4,35273.64
Thailand,27-01-2020,32.5,17.7,25,0,14.3,32.4,38365.68
Thailand,28-01-2020,31.2,17.9,24.7,0,9.2,23.8,38408.59
Thailand,29-01-2020,31.2,17.5,24.8,0,9.8,23.8,38452.06
Thailand,30-01-2020,30.1,20.4,24.9,0,17.8,39.2,38496.04
Thailand,31-01-2020,30.4,20.5,24.8,0,17.5,38.5,38540.46
Thailand,01-02-2020,31.4,20.2,25.2,0,11.8,28.8,38585.3
Thailand,02-02-2020,31.7,20.5,25.8,0,9.2,24.8,38630.46
Thailand,03-02-2020,31.3,20.6,26.2,0,7.9,20.2,38675.97
Thailand,04-02-2020,31.9,22.1,26.9,0.1,9.5,24.5,38722.21
Thailand,05-02-2020,30.3,22.8,26.7,1,10.6,31,35593.96
Thailand,06-02-2020,32.2,23.1,27.2,0.7,9.1,25.9,38537.87
Thailand,07-02-2020,32.5,23,27.4,0,7.9,18.4,37056.34
Thailand,08-02-2020,33.4,22.2,27.4,0,16.4,37.4,38915.3
Thailand,09-02-2020,32.6,22.5,27,0,18.6,40.3,38965.3
Thailand,10-02-2020,30.4,20.8,25.6,0,17.9,38.5,38941.29
Thailand,11-02-2020,33.1,21.8,27.4,0,10.7,24.5,39066.93
Thailand,12-02-2020,32.9,22.9,28.2,0.3,10.9,25.2,39118.45
Thailand,13-02-2020,32.6,23.5,28.7,0,13.5,30.2,39170.36
Thailand,14-02-2020,34.5,23.5,29,0,17.6,36.7,35833.59
Thailand,15-02-2020,33.2,22,27.1,0,12.8,26.3,38129.39
Thailand,16-02-2020,33.5,20.2,26.5,0,9.7,17.6,34060.84
Thailand,17-02-2020,33.3,21.9,27.8,0,17.3,38.5,39380.79
Thailand,18-02-2020,30.6,20.6,25.7,0,21,45,39433.84
Thailand,19-02-2020,31.4,21.7,25.8,0,14.8,32.4,39486.96
Thailand,20-02-2020,33.2,20.9,26.7,0,16.2,36.4,39540.1
Thailand,21-02-2020,32.5,21.5,26.7,0,19.4,42.1,39590.52
Thailand,22-02-2020,32.4,20.5,26.4,0,21.1,45,39600
Thailand,23-02-2020,32.7,21.6,26.8,0,18.4,39.2,39600
Thailand,24-02-2020,33.1,21.1,26.4,0,13.1,31.3,39600
Thailand,25-02-2020,34.6,20.3,27.1,0,10.5,23.8,39600
Thailand,26-02-2020,34.6,20.2,27.2,0,8.7,23,39600
Thailand,27-02-2020,33.7,20.4,27,0,13.9,32.8,39567.11
Thailand,28-02-2020,33.9,21.7,27.7,0,11.9,29.5,38749.05
Thailand,29-02-2020,33.5,23.2,28.3,0,9,28.1,39531.86
Thailand,01-03-2020,33.4,23.9,28.7,0,13.2,25.6,39600
Thailand,02-03-2020,34,24.9,28.8,1.5,13.6,28.8,39600
Thailand,03-03-2020,33.2,23.5,28.3,6.5,10.5,28.4,38542.21
Thailand,04-03-2020,31.2,23.6,27.4,6.4,8.7,29.2,38840.12
Thailand,05-03-2020,31.7,23.3,27,3.7,13,29.9,38783.59
Thailand,06-03-2020,30.9,22.6,26.3,2.9,11.3,27.4,33531.12
Thailand,07-03-2020,33.3,22.8,27.7,0.2,8.5,23.4,39600
Thailand,08-03-2020,35,23.3,28.8,0,9.8,24.5,39600
Thailand,09-03-2020,35.7,22.3,28.5,0,12.2,21.6,39600
Thailand,10-03-2020,36,22,28.8,0,9,20.9,39600
Thailand,11-03-2020,36.7,22.7,29.6,0,11.3,23.4,39600
Thailand,12-03-2020,36,23.9,29.9,0,10.9,26.3,39600
Thailand,13-03-2020,36.7,24.1,30.6,0,11.3,25.2,39600
Thailand,14-03-2020,36,24.6,30.4,0,8.9,20.5,39600
Thailand,15-03-2020,32.4,23.7,28,11.2,16.9,36,21645.33
Thailand,16-03-2020,33.2,22.6,27.9,0,6.9,27,35839.41
Thailand,17-03-2020,34.3,24.9,29.1,4.7,11.5,26.3,39600
Thailand,18-03-2020,35.1,25.1,29.8,0.3,12.8,28.1,39600
Thailand,19-03-2020,35,25,29.8,0,15.7,35.6,39600
Thailand,20-03-2020,31.5,24.8,28.3,6.9,15.3,36,38587.06
Thailand,21-03-2020,33.1,24.8,28.5,2.6,18.3,37.8,39600
Thailand,22-03-2020,34.6,24.1,29.2,0,13.3,29.5,39600
Thailand,23-03-2020,34.5,23.9,29.1,0.3,12.4,32.4,39600
Thailand,24-03-2020,35,23.9,29.6,0.1,12,29.5,39682.64
Thailand,25-03-2020,35,25,29.9,0,15.1,36.4,39600
Thailand,26-03-2020,34.7,24.2,29.6,0,11.4,27.4,39667.82
Thailand,27-03-2020,35.9,24.8,30.3,0,11.9,27,39758.22
Thailand,28-03-2020,36.6,24.7,30.5,0,12.5,25.6,39851.88
Thailand,29-03-2020,36.7,23.8,30.3,0,11.4,25.6,39948.7
Thailand,30-03-2020,36.9,24.2,30.3,0,11.5,28.1,40048.54
Thailand,31-03-2020,36.8,24,30.4,0,12.7,24.1,40046.13
Thailand,01-04-2020,36.4,25,30.9,0,11.7,27.7,40043.36
Thailand,02-04-2020,36.4,25.3,30.9,0,14.6,35.3,40256.73
Thailand,03-04-2020,35.9,26,31,0,13.4,28.4,40036.85
Thailand,04-04-2020,35.8,25.3,30.7,0,10,19.4,40255.4
Thailand,05-04-2020,35.3,26.4,30.5,0.1,13.7,28.4,40029.14
Thailand,06-04-2020,35.3,25.7,30.7,0.5,13.4,29.2,39797.01
Thailand,07-04-2020,36.5,25.3,30.8,0.2,15.8,31,40481.31
Thailand,08-04-2020,34.7,25.7,30.2,0.2,16.6,33.5,40365.16
Thailand,09-04-2020,33.9,26.6,29.7,1.7,14.1,36.4,40717.7
Thailand,10-04-2020,34.3,24.6,29.5,2.4,13.4,32,40004.96
Thailand,11-04-2020,35.3,25.1,30.2,0.8,9.6,21.6,40481.16
Thailand,12-04-2020,35.5,26.1,31,2.3,18,37.4,39993.74
Thailand,13-04-2020,31.7,23.7,27.4,18.3,20.5,43.2,34203.89
Thailand,14-04-2020,32.4,23.7,27.8,0,12.6,28.8,39299.24
Thailand,15-04-2020,34.1,23.6,29.3,0,7.7,18.7,41102.24
Thailand,16-04-2020,35.1,26,30.4,0.2,12.5,28.1,38116.55
Thailand,17-04-2020,35.5,26.8,30.5,0.6,16.6,32.8,36000
Thailand,18-04-2020,34.7,25.8,30,0,12.8,27.4,39700.65
Thailand,19-04-2020,36.1,25.4,31,0,11.5,30.2,40986.3
Thailand,20-04-2020,36.9,26.2,31.7,0,10.6,24.1,41379.07
Thailand,21-04-2020,37.6,26,32.2,0,11.7,23,42073.56
Thailand,22-04-2020,37.8,27.4,31.7,0,19.1,43.2,42107.52
Thailand,23-04-2020,36.2,27,30.9,2.3,16.8,39.2,37654.24
Thailand,24-04-2020,33.4,26.1,28.9,16.4,13.8,28.8,35194.17
Thailand,25-04-2020,31.9,23.9,27.7,3.1,17,36.4,39915.48
Thailand,26-04-2020,33.1,24.9,28.8,0.3,13.2,30.2,42215.39
Thailand,27-04-2020,32.5,25.5,28.2,0.1,12.2,28.8,31684.04
Thailand,28-04-2020,34,25.2,29.4,0,11.4,28.4,39624
Thailand,29-04-2020,35,25,30.3,0,13,31,42325.8
Thailand,30-04-2020,34.5,25.8,30.1,2.3,14.1,34.6,40629.78
Thailand,01-05-2020,34.3,26.3,29.8,0.7,10.6,24.1,39900.09
Thailand,02-05-2020,34.2,25.2,30,0,9.3,24.8,42410.39
Thailand,03-05-2020,34.9,26.5,31,4.5,8.4,25.6,42437.18
Thailand,04-05-2020,33.6,26,29.7,1,9.1,23,21698.89
Thailand,05-05-2020,36.4,26.1,31.5,0,7.6,20.2,42488.43
Thailand,06-05-2020,37.5,27.6,32.3,0.4,18,43.9,40725.89
Thailand,07-05-2020,37.2,27.3,31.2,17.1,18.5,38.2,38936.38
Thailand,08-05-2020,34.6,26.1,29.5,4.1,13.8,40,38840.83
Thailand,09-05-2020,36.8,26.6,31.8,0.1,9.2,24.5,42580.77
Thailand,10-05-2020,35.9,27.3,31.9,0.3,8.7,23,42601.54
Thailand,11-05-2020,33.6,26.5,30.2,1.8,12.8,31.7,42621.32
Thailand,12-05-2020,34.8,25.2,29.6,0,6.5,18.7,42610.24
Thailand,13-05-2020,36.3,24.6,30.9,0,8.1,20.9,42657.76
Thailand,14-05-2020,36.3,26.4,30.9,0.5,10.7,27.7,42674.42
Thailand,15-05-2020,36.1,27,31.6,0,8,20.5,42690.11
Thailand,16-05-2020,35,27.6,31.4,1.5,7.6,24.1,42704.84
Thailand,17-05-2020,34.4,27.7,30.8,3.8,16.4,37.8,36404.77
Thailand,18-05-2020,35.2,27.5,30.5,5.1,13.9,31.7,38946.98
Thailand,19-05-2020,32.9,26.5,28.5,22.1,8.7,32.8,23728.39
Thailand,20-05-2020,34.8,26.1,30.6,0.1,14.3,29.9,42754.55
Thailand,21-05-2020,35.5,27.3,30.2,4.1,17.4,36,39164.74
Thailand,22-05-2020,35.2,26.3,30.9,0,9.7,25.2,40112.12
Thailand,23-05-2020,35.2,28,31,6.8,13,27.4,40289.04
Thailand,24-05-2020,32.1,27.2,29.1,6.3,12.1,23.4,7133.44
Thailand,25-05-2020,32.3,26.4,28.6,16.8,14.8,29.2,16211.49
Thailand,26-05-2020,32.9,26.4,29.2,6.9,14.9,32.4,34596.96
Thailand,27-05-2020,34.8,26.2,29.6,0.5,14.5,34.6,26023.27
Thailand,28-05-2020,35.7,26,29.5,28.8,13.5,33.5,40536.41
Thailand,29-05-2020,32.9,25.5,28.2,16.8,14.5,35.6,30330.83
Thailand,30-05-2020,31.1,25.1,27.8,7.8,11.2,25.6,25494.67
Thailand,31-05-2020,32.7,25.1,28.8,2.7,11,26.3,42718.62
Thailand,01-06-2020,33,25.6,28.9,1.3,9.4,28.4,36828.62
Thailand,02-06-2020,31,25.9,28.1,7.7,13,34.6,9649.55
Thailand,03-06-2020,32.1,24.9,28.3,4.3,14,31,37646.04
Thailand,04-06-2020,32.4,25.6,28.8,4.7,14,26.3,28515.07
Thailand,05-06-2020,32.5,25.8,28.6,6.9,12.6,32,35727.8
Thailand,06-06-2020,33.1,25.5,28.9,2.9,13.5,35.6,38629.21
Thailand,07-06-2020,32.3,25.5,28.3,6.4,12.2,37.1,33919.08
Thailand,08-06-2020,32.2,25.1,28.3,8.5,13.6,30.6,38729.62
Thailand,09-06-2020,31.7,24.5,28,5.4,12,32.8,42401.55
Thailand,10-06-2020,32.8,25.6,28.6,7.4,12.2,30.2,43079.96
Thailand,11-06-2020,33.5,24.9,28.9,1.8,13.8,28.8,39186.61
Thailand,12-06-2020,33.3,25,29.5,1,11.1,29.5,42134.63
Thailand,13-06-2020,33.9,26.5,30.2,0.6,11,24.8,41774.66
Thailand,14-06-2020,31,26.7,28.6,6.4,12.2,21.2,17267.62
Thailand,15-06-2020,30.7,24.9,27.4,22.5,13.8,29.9,16182.75
Thailand,16-06-2020,29.4,24.9,26.4,18.7,12.6,30.6,3597.63
Thailand,17-06-2020,29.9,24.6,26.6,12.7,15.3,40,13296.44
Thailand,18-06-2020,29.2,24.6,26.2,9,9,33.5,5735.93
Thailand,19-06-2020,30.1,24.5,27.1,13.4,10.7,26.3,28134.38
Thailand,20-06-2020,31.8,24.2,28.5,1.2,7.5,19.8,43619.31
Thailand,21-06-2020,32.6,25.6,29.3,0.7,6.6,25.6,43062.51
Thailand,22-06-2020,32.8,25.8,29,7.1,12.8,26.6,42822.75
Thailand,23-06-2020,32.3,25.2,28.4,7.6,10.2,24.8,42334.75
Thailand,24-06-2020,33.1,24.3,28.7,11,13,24.1,43132.72
Thailand,25-06-2020,32.8,25.5,28.5,6.3,10.1,27.4,42631.31
Thailand,26-06-2020,31.7,25.1,27.8,14.4,11.3,25.6,33609.65
Thailand,27-06-2020,32.3,24.9,28,8.7,11.3,23.4,42601.51
Thailand,28-06-2020,31.4,24.8,28.1,1.1,10,20.2,42585.77
Thailand,29-06-2020,32.5,25.1,28.9,0.4,11.6,23,42605.23
Thailand,30-06-2020,32.4,25.3,28.7,5.7,13.1,33.1,40075.16
Thailand,01-07-2020,31.4,25.5,28.7,1.8,16.6,46.1,38680.19
Thailand,02-07-2020,32,25.1,28.2,23.2,13,31.7,36816.66
Thailand,03-07-2020,31.4,25.1,27.1,27.9,18.2,36.4,21172.81
Thailand,04-07-2020,28.8,24.8,26.5,5.4,13.2,41,19699.62
Thailand,05-07-2020,31.8,25.1,27.9,1.5,7.6,34.6,27553.02
Thailand,06-07-2020,32.4,24.9,28.9,0.7,8,28.1,42587.5
Thailand,07-07-2020,31.2,25.2,28.1,23.7,11.3,24.8,41408.44
Thailand,08-07-2020,32.4,25,28.7,2.9,9.1,24.8,42310.35
Thailand,09-07-2020,32.8,25.2,29.3,0.8,11.8,25.2,42229.21
Thailand,10-07-2020,33.5,25.4,29,4.7,11.6,31.3,40462.95
Thailand,11-07-2020,31.7,25.2,28.4,0.7,6,22,19962.61
Thailand,12-07-2020,32.1,26.1,28.6,1.8,7.7,23.4,27441.78
Thailand,13-07-2020,30.8,25,27.5,24.4,11.9,27.4,32542.69
Thailand,14-07-2020,30.9,24.2,27.3,7.3,10,20.9,28476.17
Thailand,15-07-2020,31.4,24.5,27.8,3,14.6,29.2,39734.29
Thailand,16-07-2020,30.9,24.3,27.5,14.3,12.3,27,41862.76
Thailand,17-07-2020,31.9,24.6,28,1.6,11.2,21.6,41627.09
Thailand,18-07-2020,32.6,24.3,28.6,0.1,6.6,24.5,43164.61
Thailand,19-07-2020,31.9,24.7,28.5,11,11.8,25.9,42227.49
Thailand,20-07-2020,31.7,24.7,27.7,11.9,8.3,18.7,30582.25
Thailand,21-07-2020,30.7,25.6,27.7,23.3,8.9,20.5,38943.38
Thailand,22-07-2020,31.8,24,27.8,4.5,10.8,24.8,42176.89
Thailand,23-07-2020,32.1,24.5,28.2,2.5,10.4,27.7,41152.01
Thailand,24-07-2020,32,24.3,28.1,9.8,7.6,19.1,35981.53
Thailand,25-07-2020,31.8,24.8,27.9,8.7,12.6,24.5,41530.86
Thailand,26-07-2020,31.9,25.2,28.4,1,11.6,25.6,42800.32
Thailand,27-07-2020,32.8,24.8,28.5,4.3,9.4,23.4,39945.46
Thailand,28-07-2020,30.5,25.1,27.5,12,11.5,26.6,19530.03
Thailand,29-07-2020,30.6,24.4,27.2,5.3,14.9,34.9,32472.32
Thailand,30-07-2020,32,23.9,27.8,5.8,11.7,36.7,42051.18
Thailand,31-07-2020,32.6,25.1,28.5,8.6,10.5,31.7,31956.05
Thailand,01-08-2020,31.8,25.6,28.2,10,11.9,30.2,25530.29
Thailand,02-08-2020,27.1,25,26,38,16.9,40.7,0
Thailand,03-08-2020,30.3,24.8,27.5,5.5,21,59.8,22568.04
Thailand,04-08-2020,30.3,25.5,27.2,9.7,20.9,51.1,21763.89
Thailand,05-08-2020,29.9,24.9,26.8,27.2,13,30.6,6337.67
Thailand,06-08-2020,31.5,23.9,27.7,6.2,8.2,25.2,36818.14
Thailand,07-08-2020,29.6,25,27.1,15.7,10.8,23.8,20161.09
Thailand,08-08-2020,30.1,24.6,27.2,15.3,10.3,24.1,29118.92
Thailand,09-08-2020,31.8,24.8,28.1,10.9,14.4,32.4,36683.6
Thailand,10-08-2020,32,25.1,27.8,13.3,13.4,36.4,30630.4
Thailand,11-08-2020,31.6,24.6,27.3,24,12.5,37.1,33096.55
Thailand,12-08-2020,30.3,25.2,27.2,16.1,13.8,31.7,25067.5
Thailand,13-08-2020,30.6,25.1,27.1,12.3,16.8,33.5,30596.74
Thailand,14-08-2020,30.5,24.6,26.2,8.3,13.7,39.6,14583.79
Thailand,15-08-2020,27.1,23.9,25.2,12.2,11.5,25.6,0
Thailand,16-08-2020,29.6,23.8,26.3,2,7.7,28.8,14544.21
Thailand,17-08-2020,31,24.2,26.9,4.7,9.4,28.8,22600.96
Thailand,18-08-2020,30.1,24.7,26.7,3.8,8.4,23.8,17388.25
Thailand,19-08-2020,29.8,24.1,26.7,4.1,10.8,27.4,32894.89
Thailand,20-08-2020,29.6,23.9,26.7,5.3,9.2,27.4,29779.48
Thailand,21-08-2020,29,24.8,26.3,2.8,10.6,25.2,8605.78
Thailand,22-08-2020,30.3,24.3,26.6,7.5,15,33.8,27242.03
Thailand,23-08-2020,30.9,24.2,27.1,15,16.6,42.1,30956.54
Thailand,24-08-2020,30.9,24.2,27.1,2,9.1,22,26213.04
Thailand,25-08-2020,32.2,23.5,28.1,0,10.2,24.5,41783.62
Thailand,26-08-2020,32.5,25.6,28.7,0,11.2,27,41098.06
Thailand,27-08-2020,31.3,25.9,27.9,2.6,11.5,43.2,31299.02
Thailand,28-08-2020,32.1,24.5,28,4.6,13,35.3,39709.09
Thailand,29-08-2020,32.9,24.6,28.7,0.8,11.5,21.6,40357.72
Thailand,30-08-2020,32.8,24.6,28.6,0.5,8.2,17.6,41755.01
Thailand,31-08-2020,31.5,24.5,27.9,10,7.4,22,37848.4
Thailand,01-09-2020,29.9,24.3,26.6,32.1,7.9,16.6,15238.25
Thailand,02-09-2020,32.3,24.5,28.2,1.5,9.3,22.3,41452.09
Thailand,03-09-2020,32.3,24.5,27.9,11.3,8,19.1,33293.79
Thailand,04-09-2020,31.8,25,28.2,4,10.4,25.9,36909.54
Thailand,05-09-2020,31.1,24.6,27.4,9.6,8,26.3,32241.75
Thailand,06-09-2020,31.9,25.1,27.8,8.5,10.7,27,33598.68
Thailand,07-09-2020,31.5,24.7,27.9,11.1,10.2,27,30841.5
Thailand,08-09-2020,31.3,24.7,27.5,11.5,8.7,22,21475.78
Thailand,09-09-2020,32.2,24.2,27.7,16.7,9.7,19.4,38185.95
Thailand,10-09-2020,31.9,24.1,27.9,6.3,8.9,18.4,38057.31
Thailand,11-09-2020,31.8,24.6,28,2.6,11.4,25.9,41021.41
Thailand,12-09-2020,31.2,24.2,27.8,6.8,7.1,24.8,36227.78
Thailand,13-09-2020,31,24.7,27.5,7.8,10,23,35855.28
Thailand,14-09-2020,31.8,25.1,27.9,9.1,5.5,19.1,32150.11
Thailand,15-09-2020,31.7,24.4,27.7,10.3,8.5,19.1,41203.61
Thailand,16-09-2020,32.3,24.2,27.8,7.4,9.8,24.1,40009.79
Thailand,17-09-2020,32.2,24.6,28.1,5.1,8,22.3,36682.44
Thailand,18-09-2020,27.7,25.1,26.3,75.7,16,33.1,0
Thailand,19-09-2020,26.9,24,25.3,78.9,28.2,53.3,0
Thailand,20-09-2020,29,24.4,25.8,14.2,17.2,38.9,7580.1
Thailand,21-09-2020,30.7,24.5,27.4,1.8,8,18,19224.73
Thailand,22-09-2020,30.8,24.6,27.6,2.1,7.2,21.6,35829.78
Thailand,23-09-2020,30.8,25.2,27.5,19.1,9,18.4,34176.65
Thailand,24-09-2020,30,24.3,26.7,14.8,9,22.3,32509.47
Thailand,25-09-2020,31.7,24,27.3,8.3,11,33.8,39375.18
Thailand,26-09-2020,31.5,23.8,27.5,3.2,10.6,25.9,37581.31
Thailand,27-09-2020,31.9,24.7,28.1,3.5,12.2,28.1,33940.7
Thailand,28-09-2020,29.7,24.6,26.7,14.4,13.9,43.2,20757.95
Thailand,29-09-2020,29.1,24.6,25.9,24.1,10.2,24.1,15399.07
Thailand,30-09-2020,30.5,24.2,26.7,8.6,12,34.2,33021.18
Thailand,01-10-2020,31.1,23.8,27,10.2,4.8,15.8,37040.58
Thailand,02-10-2020,30.8,24.4,27.3,9,9.4,19.8,33806.47
Thailand,03-10-2020,29.4,24.3,26.3,16.3,9.9,29.2,11708.41
Thailand,04-10-2020,30.7,23.4,26.6,15.6,9,23.8,29336.62
Thailand,05-10-2020,29.5,24.1,26.3,7.7,8.7,16.2,9411.86
Thailand,06-10-2020,31.4,24.1,27.6,12,8.4,31,38437.04
Thailand,07-10-2020,30.9,25.2,27.7,3.7,12.2,43.2,32170.84
Thailand,08-10-2020,25.5,23.1,24.3,59.6,16.1,58.7,0
Thailand,09-10-2020,27.6,22.4,24.6,2.8,19.3,59,31668.38
Thailand,10-10-2020,27.5,22.9,25,0.8,13.7,30.2,25313.55
Thailand,11-10-2020,29.6,22.9,25.8,0.2,10.4,33.8,34272.49
Thailand,12-10-2020,28.3,22.1,24.7,2.7,10.7,22,20075.44
Thailand,13-10-2020,27.4,22.9,24.8,7.7,11.1,36.4,3346.24
Thailand,14-10-2020,30.2,23.1,26.2,5.1,9.5,28.4,36346.8
Thailand,15-10-2020,30.2,24.1,26.7,17.7,7,21.2,30261.68
Thailand,16-10-2020,27.4,24.3,25.6,21.6,10.2,33.8,954.8
Thailand,17-10-2020,27.7,23.2,24.8,17.2,15.6,49.7,400.87
Thailand,18-10-2020,24,21.9,22.9,19.6,10.8,42.8,0
Thailand,19-10-2020,26.3,21.7,23.6,0.5,12.6,27.4,6465.22
Thailand,20-10-2020,27.2,22.1,24,0.7,15.6,33.5,8693.48
Thailand,21-10-2020,26.6,22.4,24.5,1.9,10.2,22,4960.08
Thailand,22-10-2020,28.8,22.7,25.4,0.1,11.6,25.9,37114.72
Thailand,23-10-2020,29,21.5,25,0,15.1,32.8,38675.74
Thailand,24-10-2020,28.7,19.2,24.1,0,11.3,27,37356.1
Thailand,25-10-2020,29.3,20.3,24.5,0,11.6,23.8,38331.14
Thailand,26-10-2020,24.7,21.3,23,3.4,8.1,17.3,1513.55
Thailand,27-10-2020,27.2,21.5,24.3,0.4,15.1,32,22818.51
Thailand,28-10-2020,30.5,22.5,26.4,0.6,8.7,19.8,35748.86
Thailand,29-10-2020,25.6,23,24.6,38.6,9.8,31.3,0
Thailand,30-10-2020,29.6,22.5,25.7,2.5,19.2,40,31893.89
Thailand,31-10-2020,30.3,23.2,26.2,5.9,14.6,36.4,32560.85
Thailand,01-11-2020,30.3,23.8,26.8,0,17.4,36,34452.26
Thailand,02-11-2020,30.6,22.8,26.7,0,13.9,31,37156.8
Thailand,03-11-2020,30.2,22.5,26.2,0,18.9,39.2,37456.69
Thailand,04-11-2020,29.4,22.2,25.5,0,15.2,31.7,37353.24
Thailand,05-11-2020,29.7,21.3,25.5,0,8.3,21.2,37056.45
Thailand,06-11-2020,30.1,21.9,26,0.2,10,21.6,37154.24
Thailand,07-11-2020,28.4,23.9,25.8,0.5,14,47.5,24672.65
Thailand,08-11-2020,29.7,22.5,25.9,0,16.8,34.6,36860.66
Thailand,09-11-2020,29.6,20.7,25,0,15.7,32.8,37051.2
Thailand,10-11-2020,29,19,24.2,0,13.3,29.9,36955.62
Thailand,11-11-2020,24.7,21.5,22.9,2.9,17.3,37.8,21212.38
Thailand,12-11-2020,28.2,21,24,0.3,17.6,39.2,28576.7
Thailand,13-11-2020,29.1,19.5,24.2,0,10.8,22.3,36953.66
Thailand,14-11-2020,29.1,18.9,23.6,0,9.8,24.1,37219.84
Thailand,15-11-2020,30.1,20.2,25.1,0,13.2,25.6,36765.08
Thailand,16-11-2020,31,23,26.6,0,11.8,26.6,36242.18
Thailand,17-11-2020,31.4,22.4,26.6,0,13,27,36683.4
Thailand,18-11-2020,31.8,22.5,27,0,9.7,19.4,36772.91
Thailand,19-11-2020,32.5,23.1,27.6,0,10.7,21.2,36682.53
Thailand,20-11-2020,32.8,23.9,28.3,0,10.3,20.5,36603.49
Thailand,21-11-2020,32.9,23.9,28.3,0.2,8.4,18,36438.64
Thailand,22-11-2020,32.2,23.9,27.7,2.4,10.6,25.9,35773.06
Thailand,23-11-2020,32.8,24.2,28.2,0,16.6,35.3,36548.38
Thailand,24-11-2020,32.1,22.6,27.2,0,18.6,40.3,36354.54
Thailand,25-11-2020,32,22.8,27,0,17.9,38.5,36554.89
Thailand,26-11-2020,31.9,22.4,26.9,0,17.1,37.1,36557.73
Thailand,27-11-2020,31.4,22.5,26.4,0,22.7,47.2,36407.28
Thailand,28-11-2020,30.8,21.6,26.1,0,19.1,40.3,36411.56
Thailand,29-11-2020,30.1,21.7,25.9,0,15.6,33.5,35287.83
Thailand,30-11-2020,29.2,22.6,25.7,0,14.2,32.4,36484.7
Thailand,01-12-2020,28.8,21.4,24.9,0,14.7,31.3,36395.02
Thailand,02-12-2020,28.9,21.9,25.3,0,16.6,35.6,36395.87
Thailand,03-12-2020,29.6,22.3,25.5,0,19.9,41,36212.5
Thailand,04-12-2020,27.3,20.5,23.7,0,20.5,43.2,36583.18
Thailand,05-12-2020,26.9,17.9,22,0,16.5,34.9,36679
Thailand,06-12-2020,27.5,17.2,22,0,14.5,28.1,36776.43
Thailand,07-12-2020,28.5,16.7,22.7,0,13.6,30.6,36685.41
Thailand,08-12-2020,29,19.9,23.8,0,15.6,34.6,36784.71
Thailand,09-12-2020,28.5,18.1,23.3,0,13.5,29.5,36885.88
Thailand,10-12-2020,28.6,17.6,22.7,0,12.8,25.6,36988.98
Thailand,11-12-2020,30,20,24.7,0,13.2,26.3,36698.75
Thailand,12-12-2020,30.7,22.4,26.2,0.1,10.6,22,36302.66
Thailand,13-12-2020,32.3,22.7,27.1,0,10,22,36705.21
Thailand,14-12-2020,31.1,23.6,27.2,0.5,9,20.2,36096.83
Thailand,15-12-2020,32.1,23.9,27.4,0.3,15.6,34.2,36505.33
Thailand,16-12-2020,31.4,23.8,27,0,16.1,34.9,36506
Thailand,17-12-2020,29.9,21,25.2,0,15.8,34.6,37032.14
Thailand,18-12-2020,29.5,20.7,24.8,0,16.3,35.6,36818.77
Thailand,19-12-2020,28.1,19.8,23.7,0,19.3,41.4,37221.66
Thailand,20-12-2020,26.8,18.4,22.2,0,20.4,42.1,37308.75
Thailand,21-12-2020,26.1,15.8,20.6,0,16.1,34.6,37069.58
Thailand,22-12-2020,26.5,15.4,21,0,13.5,29.2,36825.83
Thailand,23-12-2020,28.3,16.6,22.1,0,12.6,25.6,37025.3
Thailand,24-12-2020,29.7,18.9,23.8,0,12,23.4,37343.04
Thailand,25-12-2020,30.7,21.1,25.7,0,13.8,31.3,36981.79
Thailand,26-12-2020,28.8,22.5,25.1,0,11.4,24.8,22821.39
Thailand,27-12-2020,31.5,21.5,26.6,0.1,8.9,20.9,37407.07
Thailand,28-12-2020,31.7,22,26.9,0,8,19.8,37558.48
Thailand,29-12-2020,32.5,22.1,27,0,7.9,16.2,37495.42
Thailand,30-12-2020,30.7,22.4,26.5,0,22.1,45.4,37580.85
Thailand,31-12-2020,26.7,18.1,22.2,0,23.3,48.2,37593.96
Thailand,01-01-2021,25.7,14.8,20,0,17.5,37.8,37608.34
Thailand,02-01-2021,25.6,14.1,19.6,0,14.3,31,37623.95
Thailand,03-01-2021,28.1,15.6,21.3,0,15.1,30.6,37640.78
Thailand,04-01-2021,29.3,18.4,23.4,0,14.1,32,37167.96
Thailand,05-01-2021,30.1,19.1,24.8,0,10.4,24.1,37666.18
Thailand,06-01-2021,30.6,21.7,25.6,0,15.2,33.1,37698.34
Thailand,07-01-2021,31.3,20.8,26.1,0,14.2,26.6,35576.46
Thailand,08-01-2021,29.4,22,25.4,0,20,42.8,37742.52
Thailand,09-01-2021,26.7,17,21.9,0,20.2,42.5,37766.88
Thailand,10-01-2021,27.2,17.2,21.9,0,16.5,35.3,37792.66
Thailand,11-01-2021,26.7,17.6,21.9,0,19.8,42.5,37819.84
Thailand,12-01-2021,23.9,14.2,18.9,0,20.8,41.8,37848.34
Thailand,13-01-2021,24.1,13.3,18.6,0,11.1,20.5,37878.11
Thailand,14-01-2021,27.7,14.6,20.9,0,9,19.4,37909.08
Thailand,15-01-2021,29.7,15.9,22.6,0,9.6,20.2,37941.2
Thailand,16-01-2021,29.9,16.7,23.8,0,7.1,16.6,37974.41
Thailand,17-01-2021,29.1,18.5,23.7,0,19.4,40.7,38008.66
Thailand,18-01-2021,26.8,17.9,22,0,20.8,43.6,38043.89
Thailand,19-01-2021,26.6,14.7,20.4,0,14.5,33.1,38080.04
Thailand,20-01-2021,27.6,14.4,20.7,0,10.8,21.2,38117.05
Thailand,21-01-2021,28.8,15.7,22,0,10.5,19.8,38154.89
Thailand,22-01-2021,30.2,16.8,23,0,11.1,20.2,38193.48
Thailand,23-01-2021,30.8,17.5,24,0,9.7,18.7,38232.76
Thailand,24-01-2021,31.2,19,25,0,9.4,15.5,38272.7
Thailand,25-01-2021,31.4,19.3,25.2,0,8.3,14.8,38313.24
Thailand,26-01-2021,33.1,21.4,26.5,0,13.2,24.5,38354.32
Thailand,27-01-2021,32.3,21.1,26.3,0,11.2,26.3,38395.91
Thailand,28-01-2021,33.3,22.1,27.6,0,12.6,29.9,38437.99
Thailand,29-01-2021,30.1,21,25.4,0,20.1,43.2,38481.02
Thailand,30-01-2021,30.6,20.4,24.5,0,13.4,29.9,38525.05
Thailand,31-01-2021,30.4,20.2,24.8,0,14.8,32.4,38570.02
Thailand,01-02-2021,31.7,19.9,25.9,0,10.8,25.2,38615.87
Thailand,02-02-2021,32.4,20.2,26.4,0,10,23,38662.54
Thailand,03-02-2021,32.9,21.5,27,0,13.5,31,38176
Thailand,04-02-2021,31.8,21.9,25.9,0,16,34.9,38758.04
Thailand,05-02-2021,31.8,19.2,25.5,0,11.1,25.2,38806.75
Thailand,06-02-2021,31.6,19.9,25.6,0,9.7,24.5,38856.03
Thailand,07-02-2021,32.1,19.9,25.7,0,9.5,24.1,38905.81
Thailand,08-02-2021,31.5,20.1,26,0.2,10.5,24.8,38956.03
Thailand,09-02-2021,28,21.2,24,17,10.3,31,34687.79
Thailand,10-02-2021,28.9,18.7,23.5,0,12.4,24.5,39057.56
Thailand,11-02-2021,29.6,18.5,23.7,0,10.9,26.3,39108.76
Thailand,12-02-2021,30.4,18.8,24.3,0,10,23,39160.19
Thailand,13-02-2021,31.1,19.4,25,0,9.8,22.7,39211.77
Thailand,14-02-2021,31.6,20.1,25.4,0,9.9,21.6,39263.46
Thailand,15-02-2021,31.3,19.7,25.6,0.1,8.4,22.3,39315.22
Thailand,16-02-2021,31.7,21.4,26.5,0,7.6,22.3,39367
Thailand,17-02-2021,32.5,22.6,27.2,0,18.8,38.9,39418.72
Thailand,18-02-2021,30.3,21.2,25.6,0,21.1,44.6,39470.7
Thailand,19-02-2021,29.8,19.2,24.4,0,19.3,41.8,39523.23
Thailand,20-02-2021,30.2,18.5,23.9,0,15.9,36,39576.25
Thailand,21-02-2021,30.9,18,24.8,0,9.5,23.8,39600
Thailand,22-02-2021,32.2,18.2,25.4,0,7.3,18,39600
Thailand,23-02-2021,32.7,20.2,26.7,0,8.7,19.1,39600
Thailand,24-02-2021,33.6,21.5,27.6,0,11.3,25.9,39600
Thailand,25-02-2021,33.8,21.7,27.9,0,11,25.9,39600
Thailand,26-02-2021,34.5,20.7,27.3,0,9.7,22.3,39600
Thailand,27-02-2021,34.5,20.1,26.9,0,9.9,23.8,39600
Thailand,28-02-2021,34.3,20,27.2,0,11.9,23,39600
Thailand,01-03-2021,33.9,20.3,27,0,8.7,16.9,39600
Thailand,02-03-2021,33.7,22.7,27.7,0.8,15.3,33.5,39158.22
Thailand,03-03-2021,32.2,23.9,26.9,12.6,10.7,25.9,38550.33
Thailand,04-03-2021,32.3,22.9,27,1.5,10.2,26.3,39600
Thailand,05-03-2021,33.1,23.7,27.8,1.8,10,21.2,39600
Thailand,06-03-2021,33.6,23.4,28.1,2,7.2,18.4,39401.98
Thailand,07-03-2021,34,23.1,28.1,0.3,13.2,26.6,39600
Thailand,08-03-2021,32.3,22.8,27.4,7.2,14.4,27.4,38259.48
Thailand,09-03-2021,32.9,22.4,27.5,0,7.7,19.8,39600
Thailand,10-03-2021,33.2,22.8,28,0,13.8,29.2,39600
Thailand,11-03-2021,33.5,22.8,28.2,0.2,9.4,27.7,39600
Thailand,12-03-2021,33.9,23.5,28.6,0,10.3,26.6,39600
Thailand,13-03-2021,33.9,22.6,28.2,0,11.8,28.8,39600
Thailand,14-03-2021,33.7,23.4,28.4,0,10.8,27,39600
Thailand,15-03-2021,34,24.2,28.7,0.2,10.1,25.9,39600
Thailand,16-03-2021,34.6,24.2,29.5,0,9.7,22.7,39600
Thailand,17-03-2021,33.1,25.1,29,0.4,9,23.8,39600
Thailand,18-03-2021,34.4,25.2,29.5,0.3,12.6,26.3,38954.84
Thailand,19-03-2021,35,25.4,30.4,0,8.7,24.5,39600
Thailand,20-03-2021,35.9,25.4,30.7,0,9.8,24.5,39600
Thailand,21-03-2021,36.2,25.4,30.2,1,19.4,34.6,39600
Thailand,22-03-2021,31.9,25.8,28.4,0.3,22,52.2,39600
Thailand,23-03-2021,32.5,22.6,27.5,0,17.7,37.4,39600
Thailand,24-03-2021,34.2,23.2,28.6,0,11.8,27.4,39683.64
Thailand,25-03-2021,35.4,23.7,29.9,0,8.5,21.6,39676.6
Thailand,26-03-2021,35.8,25.1,30.6,0,9,21.6,39669.23
Thailand,27-03-2021,36.2,25.5,31,1.2,8.4,20.9,39661.6
Thailand,28-03-2021,36.5,25.1,30.7,3,11.1,25.6,39653.72
Thailand,29-03-2021,36.8,26,31.4,0,13.1,27.4,39848.35
Thailand,30-03-2021,36.5,26.1,31.1,0,14.4,32.8,39946.26
Thailand,31-03-2021,36,26.7,30.8,0,14,27.4,33791.5
Thailand,01-04-2021,35.4,25.8,30.5,0,15,31.7,36471.72
Thailand,02-04-2021,34.1,26.8,30.6,2.7,11.6,27.7,39718.23
Thailand,03-04-2021,36.3,26.1,30.7,0.2,12.9,40,35894.85
Thailand,04-04-2021,32.8,24.4,27.5,22.7,11.5,26.6,28800
Thailand,05-04-2021,29.2,23.6,25.7,11.8,12.8,32.4,5340.33
Thailand,06-04-2021,29.8,23.3,26.1,15.9,10.7,29.5,30481.43
Thailand,07-04-2021,30.1,23.1,26.1,16.6,11.1,25.2,39600
Thailand,08-04-2021,31,23.3,27,15.8,7.4,21.2,32409.65
Thailand,09-04-2021,32.7,23.8,27.6,2.2,10.4,22,39584.86
Thailand,10-04-2021,30.7,24.8,27.3,10.5,14.9,36,28326.28
Thailand,11-04-2021,32.2,24.1,27.7,2.5,11.6,28.4,34697.92
Thailand,12-04-2021,32,24.3,27.4,17.1,9.7,27,32794.46
Thailand,13-04-2021,31.6,24.6,27.3,11.3,9.2,22.7,27977.19
Thailand,14-04-2021,30.9,24.5,27.2,7.8,11.1,23.4,31105.83
Thailand,15-04-2021,32.7,23.4,28,0.2,7,23,40351.76
Thailand,16-04-2021,32.5,24.6,27.7,26.1,11.5,28.1,35785.15
Thailand,17-04-2021,31.6,23.6,27,11.4,9.8,24.8,35001.52
Thailand,18-04-2021,31.3,23.6,26.6,34.5,9.4,29.5,34494.19
Thailand,19-04-2021,30.9,23.4,26.8,21.5,9.1,25.9,36448.5
Thailand,20-04-2021,32.1,23.9,27.6,5.9,6.9,22,37332.95
Thailand,21-04-2021,32.3,24.6,28.4,3,7.6,16.9,41120.03
Thailand,22-04-2021,33,25,29.3,1.2,9.5,18.4,41781.9
Thailand,23-04-2021,33.8,25.7,30,0.3,12.3,25.2,39958.81
Thailand,24-04-2021,34,25.5,29.8,0,11.5,23.4,37088.75
Thailand,25-04-2021,33.5,25.9,29.4,3.8,13.3,29.5,41397.47
Thailand,26-04-2021,31.3,24.7,27.6,23.4,11.5,31.3,23921.23
Thailand,27-04-2021,29.4,24.7,26.2,11.5,11.9,26.3,17870.64
Thailand,28-04-2021,31.1,24.3,26.8,14.6,9.5,23.8,34083.73
Thailand,29-04-2021,28.7,23.4,25.4,23.3,10.5,27.4,12281.3
Thailand,30-04-2021,30.3,23.5,25.8,17.7,12.2,29.2,27224.35
Thailand,01-05-2021,30.4,23.8,26.4,5,10.2,25.2,33967.69
Thailand,02-05-2021,31.2,23.8,27.1,3.3,8.4,28.1,27207.6
Thailand,03-05-2021,32.4,24,28.1,1.3,6.4,15.5,40998.42
Thailand,04-05-2021,33,24.9,28.9,0,6.7,18.4,41706.06
Thailand,05-05-2021,34.5,25.1,29.6,2.3,9.2,18,40715.01
Thailand,06-05-2021,30.3,25.4,27.7,4.7,13.1,30.6,14446.34
Thailand,07-05-2021,32.2,24.2,28.2,0,7.8,21.6,41755.37
Thailand,08-05-2021,32.2,25.4,28.5,6.4,12.8,32.8,37831.12
Thailand,09-05-2021,32.2,24.9,28.1,0.3,9.5,23,39176.74
Thailand,10-05-2021,32.9,24.9,28.7,4.1,9.6,28.1,40276.52
Thailand,11-05-2021,33.9,25.1,29.5,0.3,9.9,28.4,42615.58
Thailand,12-05-2021,34.2,25.5,29.9,0.6,9,23,42634.12
Thailand,13-05-2021,32.3,26.1,29.4,8.7,10.3,29.5,40274.61
Thailand,14-05-2021,34.4,25.9,30.1,0,10.9,27.4,42668.63
Thailand,15-05-2021,34.6,25.9,29.9,3.5,9.7,20.2,42684.61
Thailand,16-05-2021,34.4,26.6,30,0.8,10.8,27,38743.59
Thailand,17-05-2021,34.3,26.2,30.1,0.6,7.2,20.9,41267.69
Thailand,18-05-2021,34.7,26.9,30.3,3.6,11.3,25.2,42727.48
Thailand,19-05-2021,33.3,26.7,30.2,3.4,11.6,29.9,37950.79
Thailand,20-05-2021,33.3,25.5,29.3,6.7,9.1,29.2,41838.07
Thailand,21-05-2021,34.1,26.2,29.8,8,12.2,25.9,39824.54
Thailand,22-05-2021,35,26.4,30.5,0.2,18.5,37.8,42772.83
Thailand,23-05-2021,35.1,26.4,30.7,0.2,15.1,28.4,41123.41
Thailand,24-05-2021,35.1,26.6,30.6,1,9.7,29.2,33986.6
Thailand,25-05-2021,32.2,26,28.6,6.8,7.8,20.9,19277.62
Thailand,26-05-2021,32,25.1,28.5,8,15.1,33.1,32005.73
Thailand,27-05-2021,33.2,25.7,28.4,11.6,10.8,21.2,34688.67
Thailand,28-05-2021,31.8,25.2,27.5,6.8,14.8,33.1,28172.05
Thailand,29-05-2021,31.4,24.9,27.6,7,15.7,35.3,37922.11
Thailand,30-05-2021,32.4,25,28.4,5.1,13.7,33.8,40086.04
Thailand,31-05-2021,34.2,25.6,29.7,0.9,14.1,33.1,42837.21
Thailand,01-06-2021,35.2,26.2,30.6,0,13,28.4,43024.14
Thailand,02-06-2021,34.3,26.8,30.6,0.1,11.3,25.9,43118.06
Thailand,03-06-2021,34.8,27,30.9,0.6,11.6,27,43212.73
Thailand,04-06-2021,34.7,27.3,30.8,2.9,12.1,23,43016.17
Thailand,05-06-2021,34,27.3,29.7,1.8,13.7,30.2,31997.62
Thailand,06-06-2021,32.8,26.7,29.1,1.1,13.4,35.6,31031.97
Thailand,07-06-2021,29.4,26,27.7,11.4,19.9,40.3,8788.64
Thailand,08-06-2021,33.6,25.4,28.6,0.9,19.6,37.8,33837.03
Thailand,09-06-2021,31.3,25,27.5,3.2,17.1,36.4,29917.54
Thailand,10-06-2021,31.2,24.8,27.2,5.1,16.1,43.6,15625.55
Thailand,11-06-2021,30,25.2,26.9,10.1,13.8,37.8,11060.41
Thailand,12-06-2021,28.1,25,26.4,9.9,6.6,33.5,0
Thailand,13-06-2021,27,24.3,25.7,12.3,15.3,37.1,0
Thailand,14-06-2021,30,24,26.2,11.2,16.2,42.8,5623.04
Thailand,15-06-2021,28.6,24.5,26.1,11.6,14.2,29.5,0
Thailand,16-06-2021,29,24.4,26.3,6.4,14.2,39.6,8040.89
Thailand,17-06-2021,32,24,28,2.3,14,39.2,39876.84
Thailand,18-06-2021,33.3,24.7,28.9,0,9.7,28.4,43215.83
Thailand,19-06-2021,32.5,24.7,28.5,0.9,14.1,34.2,43420.62
Thailand,20-06-2021,32.7,24.7,28.9,1,10.8,34.2,43301.06
Thailand,21-06-2021,33.2,24.9,29,0.6,8.3,29.2,43179.61
Thailand,22-06-2021,33.2,24.9,28.9,3.3,9.8,22,41281.59
Thailand,23-06-2021,33,25.2,28.4,1.9,14.6,34.9,39925.73
Thailand,24-06-2021,31.9,24.5,27.7,11.3,10.7,37.8,39901.71
Thailand,25-06-2021,31.6,24.9,28.2,0.4,8.3,21.2,39599.34
Thailand,26-06-2021,32.8,25.5,28.7,3.3,12.1,34.2,33688.65
Thailand,27-06-2021,32.8,25.1,28.3,18.5,14.3,35.6,41663.34
Thailand,28-06-2021,30.9,24.9,27.5,2.1,13,39.6,15716.11
Thailand,29-06-2021,31.9,24.9,28,2.4,11.9,38.9,31034.87
Thailand,30-06-2021,32.2,24.8,27.5,9.8,13,33.1,33744.48
Thailand,01-07-2021,32.9,24.3,28.4,0.4,11.3,35.6,42465.53
Thailand,02-07-2021,33.2,24.8,28.3,2,11.3,33.5,37617.78
Thailand,03-07-2021,32.6,24.8,28.8,0.2,9.8,29.5,43549.41
Thailand,04-07-2021,33.7,25.9,29.9,0.4,7.3,22,43645.83
Thailand,05-07-2021,33.7,25.8,29.9,2,13.3,30.2,42836.13
Thailand,06-07-2021,30.4,25.7,27.7,28.8,11.4,21.6,15716.02
Thailand,07-07-2021,30.9,24.5,27.5,17.7,9.7,25.9,34641.21
Thailand,08-07-2021,29.8,24.8,26.6,8.5,7.5,25.9,14866.04
Thailand,09-07-2021,30.4,24.2,26.4,12.8,10.7,27,21756.63
Thailand,10-07-2021,31.2,24.1,27,16,13.3,37.8,38652.63
Thailand,11-07-2021,31.1,24.2,26.5,13.7,15.6,40.7,37870.3
Thailand,12-07-2021,31.3,23.8,27.3,5,6.3,26.6,40140.2
Thailand,13-07-2021,31.1,24.7,27.9,3.2,10.1,25.9,39748.92
Thailand,14-07-2021,31.4,24.6,27.5,9.3,8.6,21.6,31858.54
Thailand,15-07-2021,30.1,24.7,26.9,9.3,10.4,24.8,25842.04
Thailand,16-07-2021,29.3,24.1,26.6,12.4,8.5,27.4,23972.15
Thailand,17-07-2021,31.5,23.7,27.2,9.2,10.7,24.8,42075.98
Thailand,18-07-2021,31.5,23.9,27.1,15.3,14.3,38.5,34209.64
Thailand,19-07-2021,30.8,24.6,26.8,7.7,26.7,56.2,24631.17
Thailand,20-07-2021,31,24.3,27.2,8.3,21.9,49.3,35544.27
Thailand,21-07-2021,31.4,24.8,27.5,5.8,17.4,48.6,35973.61
Thailand,22-07-2021,31.9,25.5,27.9,6.4,19.4,47.5,35627.04
Thailand,23-07-2021,30.4,25.1,27.2,12.1,18.2,53.6,22215.49
Thailand,24-07-2021,27,25,25.8,34.5,17.6,47.2,0
Thailand,25-07-2021,27.8,24.3,25.7,14.4,19.3,53.6,13476.32
Thailand,26-07-2021,31,24.5,27.3,1.5,17.2,51.1,40074.29
Thailand,27-07-2021,30.9,24.4,26.8,11.2,15.5,45.7,22090.21
Thailand,28-07-2021,32,24.3,27.8,5.9,18.6,47.2,35650.69
Thailand,29-07-2021,32,24.9,27.8,8.9,15.6,39.6,33033.34
Thailand,30-07-2021,32.4,25.1,28.2,6.1,14.2,38.2,41749.52
Thailand,31-07-2021,32.6,24.3,27.9,15.9,15.3,37.8,36772.23
Thailand,01-08-2021,31.8,24.7,27.9,4,17.6,49.7,34222.48
Thailand,02-08-2021,30,25.2,27.6,0.1,17.7,49.7,20395.3
Thailand,03-08-2021,30.6,25.5,27.5,3.2,16.3,45.7,30247.62
Thailand,04-08-2021,31.7,24,27.4,4,15.8,43.9,31744.26
Thailand,05-08-2021,32,25.2,28,11.8,16.3,42.8,37156.96
Thailand,06-08-2021,32,24.6,27.6,8.1,16.3,37.1,38566.45
Thailand,07-08-2021,32,24.4,28,3.1,13.5,36.7,41952.23
Thailand,08-08-2021,32,24.3,28.4,0.7,10.1,32,41785.17
Thailand,09-08-2021,32.7,24.6,28.8,2.4,9.7,27.7,41909.2
Thailand,10-08-2021,32.8,25.3,29.1,0.8,11,22.7,37286.27
Thailand,11-08-2021,32.4,25.5,28.1,10.5,14.8,36,25987.9
Thailand,12-08-2021,32.1,25.7,28.2,7.3,12.1,29.2,35052.71
Thailand,13-08-2021,31.7,25.5,27.7,18.7,11.1,30.2,33164.34
Thailand,14-08-2021,30,24.9,26.6,12,16.1,34.2,8474.39
Thailand,15-08-2021,29.4,24.9,26.2,14.2,15.9,37.4,10054.8
Thailand,16-08-2021,30.4,24.3,26.9,5.1,12.3,35.3,22449.59
Thailand,17-08-2021,31.5,23.6,27.7,0.3,6,19.4,40111.48
Thailand,18-08-2021,32.6,25.3,28.7,1.5,7.1,22.3,41880.45
Thailand,19-08-2021,32.5,24.2,28.2,7.9,11.4,24.5,39644.17
Thailand,20-08-2021,31.6,24.2,27.7,7.1,8.1,21.6,40324.44
Thailand,21-08-2021,31.5,24.4,27.7,7.1,8.6,19.8,38037.7
Thailand,22-08-2021,31.6,24.8,27.9,6.4,9,23.8,41806.73
Thailand,23-08-2021,32.3,24.2,28.1,5.5,12.6,28.4,41352.41
Thailand,24-08-2021,31.9,24.4,27.7,13.2,9,19.4,39159.04
Thailand,25-08-2021,30.7,24.6,27.1,25.7,12,26.6,36300.08
Thailand,26-08-2021,29.6,24.2,26.3,16.6,13.4,28.4,32002.27
Thailand,27-08-2021,28.9,23.5,25.8,19.5,12.5,30.2,31884.12
Thailand,28-08-2021,28.2,23.2,25.3,40.5,11.6,26.3,18722.08
Thailand,29-08-2021,29.6,23.3,25.7,38.5,7.6,22.7,25103.78
Thailand,30-08-2021,30.2,24,26.6,9.8,7.9,21.2,33096.37
Thailand,31-08-2021,29.9,23.9,26.2,18.8,7.9,17.3,17761.94
Thailand,01-09-2021,29,24.1,26.4,15,6.5,19.1,20188.83
Thailand,02-09-2021,30.3,24.1,26.6,19.3,8.7,22.3,36885.77
Thailand,03-09-2021,28.9,24,26,17.1,12.5,35.6,28562.29
Thailand,04-09-2021,30.3,23.7,26.2,3.1,13.7,34.2,18809.11
Thailand,05-09-2021,27.2,24.3,25.8,3,11.8,25.6,2092.4
Thailand,06-09-2021,30.1,23.8,26.5,13.5,10.5,26.3,36406.62
Thailand,07-09-2021,29.6,24.8,26.8,7.1,6.2,30.2,27248.13
Thailand,08-09-2021,30.3,23.6,26.3,28.9,9.5,24.8,25308.9
Thailand,09-09-2021,29.4,23.5,26.2,7.5,12,29.9,26900.94
Thailand,10-09-2021,29.1,24.2,26.2,15.6,10.1,22.3,22010.57
Thailand,11-09-2021,29.1,23.8,26,16.2,14,32.8,20789.58
Thailand,12-09-2021,30.8,24.2,26.9,2.6,14.8,42.5,39929.87
Thailand,13-09-2021,31.6,24.6,28.1,2.2,16.8,41.4,39707.16
Thailand,14-09-2021,30.2,24.7,26.9,15.6,16.7,38.5,24314.89
Thailand,15-09-2021,30.4,24.4,26.5,11.1,10.8,34.6,24075.89
Thailand,16-09-2021,30,23.7,26.1,21.7,14.8,41.4,25541.64
Thailand,17-09-2021,30.3,24.2,26.8,18.1,10.9,25.2,22017.37
Thailand,18-09-2021,32.2,23.8,27.7,0.3,6.2,18,40278.25
Thailand,19-09-2021,32.2,24.4,27.5,6.2,11.2,25.2,34884.8
Thailand,20-09-2021,30.4,24.6,26.9,31.9,9.4,33.5,32914.18
Thailand,21-09-2021,29.1,23.9,25.8,59,15.3,35.6,28529.61
Thailand,22-09-2021,30.1,23.6,25.9,12.7,12.6,28.8,30926.51
Thailand,23-09-2021,29.5,23.4,25.8,25.6,8.4,20.9,18891.26
Thailand,24-09-2021,28.9,23.9,26.1,18.8,10.9,27,18647.65
Thailand,25-09-2021,25.7,24.1,24.8,129,24.3,47.9,0
Thailand,26-09-2021,27.6,23.5,25.3,23.1,19.5,42.5,6636.14
Thailand,27-09-2021,29.5,23.1,25.9,11,11.2,30.2,24754.4
Thailand,28-09-2021,30.7,23.4,26.8,5,8.1,22.7,37829.31
Thailand,29-09-2021,32.7,23.5,27.9,0.3,6.5,19.8,39413.49
Thailand,30-09-2021,32.6,24.8,28.1,3.8,6.2,18,39686.38
Thailand,01-10-2021,32.2,25.1,27.9,12.1,8.4,21.6,38862.12
Thailand,02-10-2021,31.6,24.9,27.4,11.4,11.9,23,39042.41
Thailand,03-10-2021,31.8,23.7,26.9,4.1,10.6,25.9,39879.11
Thailand,04-10-2021,31.3,24.1,27.4,1.1,8.7,23.4,39768.21
Thailand,05-10-2021,31.7,23.9,27.8,0,11.9,23,39832.78
Thailand,06-10-2021,32.4,24.7,27.7,10.8,8,32.4,36768.65
Thailand,07-10-2021,31.6,24.4,27.7,1,6.5,22,34951.59
Thailand,08-10-2021,31.5,24.8,28,0.3,7.6,20.5,34899.7
Thailand,09-10-2021,31.4,24.2,27.8,0.3,9,22,39196.92
Thailand,10-10-2021,32,23.9,28.1,0.6,10.5,24.1,39138.28
Thailand,11-10-2021,30.4,25,27.4,16.2,10.8,24.5,34550.24
Thailand,12-10-2021,31.3,24.3,26.6,18.6,9.5,23,26571.45
Thailand,13-10-2021,30.2,23.3,26.1,8.5,9.1,19.4,17638.12
Thailand,14-10-2021,28.7,23.7,25.5,31.9,10.1,22.7,1622.69
Thailand,15-10-2021,27.7,23.2,24.9,18.8,8.8,20.2,5814.31
Thailand,16-10-2021,29.7,23.6,25.4,52.4,19.5,37.4,24973.94
Thailand,17-10-2021,28.7,22.6,25,9.4,12.8,27.7,10606.72
Thailand,18-10-2021,26.8,22.7,24.1,8.1,17.3,34.9,9580.7
Thailand,19-10-2021,29.7,22.5,25.7,7.4,14.5,30.2,33182.37
Thailand,20-10-2021,31.2,23.4,27.1,1.2,6.7,16.9,36893.48
Thailand,21-10-2021,31.2,23.4,27,11.5,9.3,21.2,33681.34
Thailand,22-10-2021,29.4,23.4,26.1,11.8,14.3,31,33423.52
Thailand,23-10-2021,29.1,23.6,25.8,0,24.4,46.8,37139.23
Thailand,24-10-2021,29.5,22.1,25.6,0.1,19.8,41,37027.5
Thailand,25-10-2021,30.1,21.5,25.6,0,14.9,32.4,37899.68
Thailand,26-10-2021,30.5,21.1,25.6,0,10.6,24.8,37350.47
Thailand,27-10-2021,30.8,21.8,25.9,0,10.6,23.4,37464.17
Thailand,28-10-2021,28,23.4,25.6,4.5,14.9,35.6,20807.17
Thailand,29-10-2021,30,23.3,26,38.8,17.7,35.6,35149.62
Thailand,30-10-2021,30.6,23.3,26.3,8.2,8.9,24.1,32168.35
Thailand,31-10-2021,30.7,23.2,26.3,2.9,9.8,26.3,35294.94
Thailand,01-11-2021,30.3,23.9,25.8,28.2,10.5,24.5,24125.2
Thailand,02-11-2021,30.7,23.4,27,1.1,10.2,24.1,36000
Thailand,03-11-2021,31.2,23.8,27,0.7,8.3,20.5,36946.25
Thailand,04-11-2021,31,22.6,26.7,0.1,10.1,21.6,37154.88
Thailand,05-11-2021,31.4,23.1,27.2,0,9.7,20.5,37251.87
Thailand,06-11-2021,31.4,23.1,27.3,0.3,7,15.1,36369.88
Thailand,07-11-2021,32.1,23.5,27.4,0.5,8.4,22.3,36570.95
Thailand,08-11-2021,31.8,23.8,27.5,1,21.7,43.6,36571.68
Thailand,09-11-2021,29.4,22.5,25.7,0,16.9,32.4,36671.85
Thailand,10-11-2021,29.2,22.1,25.2,0,16.8,34.6,36674.48
Thailand,11-11-2021,30.5,21,25.4,0,11,25.6,36861.83
Thailand,12-11-2021,30.5,21.8,25.8,0,16.6,34.6,36127.71
Thailand,13-11-2021,29.5,22.5,25.6,0,16.2,33.1,31709.4
Thailand,14-11-2021,30.8,23,26,0,13.8,30.6,31017.06
Thailand,15-11-2021,31,22.1,26.4,0,11.4,25.6,36591.73
Thailand,16-11-2021,31.7,23.4,27.4,0.6,14.4,33.1,36422.27
Thailand,17-11-2021,32.1,24.2,27.7,0,13.1,28.1,36207.1
Thailand,18-11-2021,31.5,24.4,27.7,0.2,19.4,40.3,34969.89
Thailand,19-11-2021,32.4,23.3,27.7,0,9.9,24.1,36602.41
Thailand,20-11-2021,32.5,23.3,28.2,0,5.2,15.1,36524.77
Thailand,21-11-2021,32.9,24.1,28.7,0,8.7,17.6,36438.07
Thailand,22-11-2021,33.9,25,29,0,14.3,31,36454.3
Thailand,23-11-2021,31.1,24.3,27.3,0,19.2,40,36122.79
Thailand,24-11-2021,28.7,22.8,25.4,3.4,15.6,33.8,33488.75
Thailand,25-11-2021,30.8,22.4,26.3,0,13.3,28.4,36306.59
Thailand,26-11-2021,31,21.8,26.1,0,15.1,29.5,36009.55
Thailand,27-11-2021,30.3,21,25.3,0,13.7,31,36405.38
Thailand,28-11-2021,29.4,20.3,24.5,0,14.1,30.6,36499.66
Thailand,29-11-2021,30.4,21.1,25.2,0,16.8,31.3,36483.28
Thailand,30-11-2021,30.1,21.9,25.7,0.1,16.9,34.9,33513.39
Thailand,01-12-2021,27.8,21.5,24.3,0,16.6,34.9,31293.02
Thailand,02-12-2021,28.2,19.7,23.5,0,16,34.6,36487.32
Thailand,03-12-2021,27.7,19.4,22.8,0,15.8,33.8,36580.94
Thailand,04-12-2021,26.9,16.7,21.2,0,18,38.2,36768.72
Thailand,05-12-2021,26.8,15.2,20.2,0,13.3,29.9,36772.37
Thailand,06-12-2021,27.8,15.6,21.2,0,12.2,27.7,36587.68
Thailand,07-12-2021,27.7,17.4,22.1,0,12.2,27.7,36685.04
Thailand,08-12-2021,27.9,16.7,22,0,14.1,29.9,36688.18
Thailand,09-12-2021,30.4,19.7,24.7,0,22.2,43.9,35395.53
Thailand,10-12-2021,30.6,20.6,25.4,0,15.8,33.8,36596.96
Thailand,11-12-2021,30.8,20.6,25.5,0,13.8,27.7,36697.68
Thailand,12-12-2021,29.6,19,24.4,0,21.6,43.6,36402.5
Thailand,13-12-2021,29.4,19.8,24.4,0,17.7,37.1,36603.41
Thailand,14-12-2021,28.9,18.7,23.6,0,14.3,30.6,36909.43
Thailand,15-12-2021,30.1,18.8,24.2,0,11.8,24.8,37119.14
Thailand,16-12-2021,31.1,19.6,24.9,0,13.3,26.6,37126.31
Thailand,17-12-2021,31.6,20.5,25.8,0,16.2,34.2,36506.27
Thailand,18-12-2021,30.1,21.6,25.5,0,19.4,39.6,37140.89
Thailand,19-12-2021,27.4,18.7,22.9,0,18.2,36.4,36001.58
Thailand,20-12-2021,27.3,16.8,22,0,11.7,23.4,37208.98
Thailand,21-12-2021,28.1,17.2,22.4,0,11.1,22.3,37076.92
Thailand,22-12-2021,29.3,18.4,23.4,0,11.8,23.4,37495.45
Thailand,23-12-2021,30.1,18.2,24,0,10,22,37141.61
Thailand,24-12-2021,30.6,19.3,24.9,0,7.9,18.4,37345.95
Thailand,25-12-2021,30.2,20.2,25.4,0.6,18.4,37.8,36526.87
Thailand,26-12-2021,30,19.9,25.1,2.3,15,32,36962.01
Thailand,27-12-2021,30.9,21.7,26,0,17.9,37.1,36940.41
Thailand,28-12-2021,29.9,20.2,25,0,14.8,32.4,37037.48
Thailand,29-12-2021,30.7,21.9,25.9,0,13.5,30.6,37256.9
Thailand,30-12-2021,30.6,22,25.8,0,18.5,38.2,37481.83
Thailand,31-12-2021,29.8,20.5,25.1,0,15.2,33.1,37347.35
Thailand,01-01-2022,29.5,19.9,24.7,0,16.4,34.6,37579.66
Thailand,02-01-2022,30.1,19.4,24.6,0,18.3,38.5,37616.74
Thailand,03-01-2022,30.3,19.8,24.8,0,15.3,33.1,36435.75
Thailand,04-01-2022,30.2,20.6,25.3,0,12,27.4,35063.09
Thailand,05-01-2022,31.1,19.3,24.8,0,10.9,23.8,37670.26
Thailand,06-01-2022,31.5,19,25.3,0,9.8,20.2,37691.13
Thailand,07-01-2022,31.9,19.6,25.8,0,10.5,24.5,37713.41
Thailand,08-01-2022,31.2,19.6,25.5,0,9.2,22,37737.03
Thailand,09-01-2022,31.2,19.9,25.2,0,11,22,37761.94
Thailand,10-01-2022,32,19.2,25.7,0,9,18.7,37788.11
Thailand,11-01-2022,32.5,18.9,25.8,0,9.9,24.8,37815.47
Thailand,12-01-2022,31.2,20.8,25.4,0,13.4,28.8,37843.98
Thailand,13-01-2022,31.6,19.3,25.5,0,9.1,20.5,37873.59
Thailand,14-01-2022,31,19.8,25.2,0,10.8,26.3,37904.24
Thailand,15-01-2022,31.2,18.7,25.1,0,9.4,21.6,37935.89
Thailand,16-01-2022,31.6,18.9,25.6,0,8.8,21.2,37968.49
Thailand,17-01-2022,31.2,19,25,0,9.4,15.5,38001.99
Thailand,18-01-2022,30.1,21,25.1,0,15.1,32.8,38036.33
Thailand,19-01-2022,29.8,20,24.5,0,16.6,36,38071.48
Thailand,20-01-2022,30,20,24.7,0.8,13.2,29.9,35426.1
Thailand,21-01-2022,28,20.8,23.2,3.7,14.9,32.8,25583.95
Thailand,22-01-2022,28.1,19.8,22.7,20.3,15,33.1,20192.88
Thailand,23-01-2022,29.6,19.9,24.2,0.9,7.9,18.7,38219.25
Thailand,24-01-2022,29.4,20.5,24.1,1.5,7.4,17.6,38258.35
Thailand,25-01-2022,31.1,18.9,24.8,0,9.9,18.4,38298.6
Thailand,26-01-2022,31.8,19.1,25.2,0,9.2,16.9,38339.92
Thailand,27-01-2022,31.7,19.5,25.8,0,7.7,16.6,38382.25
Thailand,28-01-2022,31.6,20.2,26.4,0,6.9,15.1,38425.51
Thailand,29-01-2022,32,21.9,26.7,0.1,8.7,22,38469.66
Thailand,30-01-2022,32.6,22.4,26.9,0,14.1,24.8,38514.61
Thailand,31-01-2022,32.9,19.3,26.1,0,13,28.8,38560.3
Thailand,01-02-2022,31.1,21.5,26.4,2.5,9.6,26.6,33090.73
Thailand,02-02-2022,31,22.8,26,1.1,16,35.6,37779.31
Thailand,03-02-2022,29.5,21.3,24.8,6.4,10.4,24.8,31419.37
Thailand,04-02-2022,29.4,21.9,25.5,0.3,18.6,38.9,38646.74
Thailand,05-02-2022,29,21.7,24.2,0.2,16.4,32.8,38797.79
Thailand,06-02-2022,28.8,19.4,23.6,0.9,14.8,27,35988
Thailand,07-02-2022,31.5,20.4,25.8,0,8.7,18.7,38895.88
Thailand,08-02-2022,31.8,21.5,26.4,0,7.6,18.7,38945.35
Thailand,09-02-2022,32.2,21.7,26.7,0.1,9.7,19.1,38995.05
Thailand,10-02-2022,31.3,22.4,27,0.8,7.6,23.8,38447.48
Thailand,11-02-2022,29.9,23.1,25.7,13.5,13.2,28.4,28849.68
Thailand,12-02-2022,30.5,23,25.6,8.2,20.7,41.4,32197.83
Thailand,13-02-2022,31.6,22.4,26.8,1.4,12.3,25.2,38662.98
Thailand,14-02-2022,29.8,23.1,25.8,2.5,12.5,25.9,27491.67
Thailand,15-02-2022,30,22.3,25.4,0,14.6,29.5,34882.76
Thailand,16-02-2022,27.2,22.3,23.9,18,11.1,24.8,13831.68
Thailand,17-02-2022,29,21.4,24.5,2.9,9.7,24.1,20693.93
Thailand,18-02-2022,30.7,21.9,25.9,3.1,11.3,27.7,33021.88
Thailand,19-02-2022,31.8,23.5,26.8,20.6,14.6,32,39509.96
Thailand,20-02-2022,30.5,23,25.8,27.5,20,49,20085.86
Thailand,21-02-2022,25.7,19.6,22,0.4,17.5,36,29486.77
Thailand,22-02-2022,27.3,17.5,22,0,15.8,33.5,39600
Thailand,23-02-2022,27.4,18.7,22.6,0,18,37.1,39600
Thailand,24-02-2022,27.3,18.1,22.1,0,18.6,37.8,39600
Thailand,25-02-2022,28.1,17.3,22.2,0,15.1,32,39600
Thailand,26-02-2022,29.2,16.8,22.9,0,11.5,25.9,39600
Thailand,27-02-2022,30.4,18.5,24.1,0,14.1,31,39600
Thailand,28-02-2022,32.2,20.2,25.8,0,11.5,20.9,39600
Thailand,01-03-2022,33.4,21.1,26.8,0,9.6,19.8,39600
Thailand,02-03-2022,33.5,20.8,27.2,0,13.7,30.2,39600
Thailand,03-03-2022,33.2,22,27.6,0,8.3,18.7,39600
Thailand,04-03-2022,33.9,22.1,28.1,0,7.7,15.8,39600
Thailand,05-03-2022,34.7,24.2,29,0.6,9.1,17.6,39511.48
Thailand,06-03-2022,35.2,24.9,28.6,4.7,10.2,22,38074.71
Thailand,07-03-2022,33.5,23.8,27.2,12.6,17.3,32.8,32400
Thailand,08-03-2022,30.2,23.2,26.5,0,16.2,34.6,30803.67
Thailand,09-03-2022,32.6,21.8,27.3,0,6.9,18,39600
Thailand,10-03-2022,33.9,23,28.7,0,7.6,15.8,39600
Thailand,11-03-2022,33.8,24.1,28.8,0.4,8,18.4,39600
Thailand,12-03-2022,35,24.3,29.5,0,6.6,20.2,39600
Thailand,13-03-2022,35.5,24,29.9,0,8.2,20.5,39600
Thailand,14-03-2022,36.5,25.5,30.7,0,7.2,18.7,39517.28
Thailand,15-03-2022,36.5,25.1,30.5,0,8.6,22.3,39600
Thailand,16-03-2022,35.5,24.6,29.6,0.1,15.3,33.8,39131.45
Thailand,17-03-2022,34.1,23.7,28.5,3.4,12.1,24.5,38705.22
Thailand,18-03-2022,30.8,23.7,26.4,19.7,13.7,29.2,24339.88
Thailand,19-03-2022,29.6,22.1,25.8,0,7,18.7,25973.81
Thailand,20-03-2022,33.4,23.5,27.4,14.3,16.1,31.7,35626.74
Thailand,21-03-2022,32.7,24.2,27.4,1.2,16.4,34.2,31429.84
Thailand,22-03-2022,33.7,23.6,28.3,2.2,18.8,34.2,39600
Thailand,23-03-2022,32.1,24.8,27.7,10,11.5,24.1,26202.21
Thailand,24-03-2022,31.4,23.7,26.7,17.6,10.1,31.7,26605.6
Thailand,25-03-2022,33,23.3,28,0.1,9.9,23.4,39600
Thailand,26-03-2022,33,24.5,28,0.8,10.7,23.8,32490.2
Thailand,27-03-2022,33.8,24.2,28.7,0.8,8.4,22,39498.68
Thailand,28-03-2022,32.8,23.5,27.1,13.9,18.2,36.4,34035.48
Thailand,29-03-2022,31.9,22.2,27,16.9,13.2,30.6,37507.74
Thailand,30-03-2022,31,22.7,26.6,1.8,12.4,29.5,34077.23
Thailand,31-03-2022,32.9,24,28,0.1,10.4,24.5,39735.03
Thailand,01-04-2022,32,24.5,27.5,1.3,20.9,41.4,39621.68
Thailand,02-04-2022,27,20.2,23.2,0.5,20.8,41,20843.41
Thailand,03-04-2022,22.8,19,21.2,0.2,13.8,29.2,0
Thailand,04-04-2022,29.3,20.1,24.1,0,13.3,29.5,36000
Thailand,05-04-2022,31.9,20.3,26.2,0,12.1,26.3,40142.71
Thailand,06-04-2022,32.7,23.2,27.7,0,14.8,32,40026.37
Thailand,07-04-2022,32,23.5,27.2,0,16.9,35.3,40251.38
Thailand,08-04-2022,32.3,22.6,26.8,0,13.9,31.3,40133.07
Thailand,09-04-2022,32.5,22,26.9,0,9.1,20.9,40599.32
Thailand,10-04-2022,33.7,21.9,27.8,0,6.9,18,40481.71
Thailand,11-04-2022,34.3,23.7,28.8,0,10.5,19.8,40601.3
Thailand,12-04-2022,33.7,24.7,29,4.2,9.9,23,40723.03
Thailand,13-04-2022,35.2,24.4,29.8,0,9.4,21.6,40969.11
Thailand,14-04-2022,35.4,24.6,30,0,9,21.2,41219.41
Thailand,15-04-2022,36.1,24.3,30.2,0,8.9,22.3,41349.24
Thailand,16-04-2022,35.7,25.2,30.1,0,8.2,22.7,41104.01
Thailand,17-04-2022,32.5,25.9,29,2.8,10.9,30.6,41234.31
Thailand,18-04-2022,32,23.9,27.2,18.9,15.5,33.8,20203.7
Thailand,19-04-2022,32.1,24.2,27.7,0.1,14.8,32,38562.37
Thailand,20-04-2022,32.3,23.5,27.9,0.1,12,23.4,40857.31
Thailand,21-04-2022,32.2,24,27.6,4.1,10.4,37.1,37388.71
Thailand,22-04-2022,33.3,23.4,28.3,1.8,16.4,29.9,41121.85
Thailand,23-04-2022,34.2,24.1,29.2,0,11.2,21.2,41654.59
Thailand,24-04-2022,35.5,24.8,30.3,0,9.7,20.9,42156.34
Thailand,25-04-2022,35.9,25.9,30.8,0.1,11.3,23,40724.7
Thailand,26-04-2022,34.8,26.3,30.8,0.7,11.7,26.3,42222.45
Thailand,27-04-2022,36.5,26.3,30.4,0.2,9.3,20.5,34440.78
Thailand,28-04-2022,35.9,25.8,29.1,27.3,15.6,44.6,25189.23
Thailand,29-04-2022,33.3,24,28.4,7.3,12.7,24.8,31673.2
Thailand,30-04-2022,33.6,24,28.7,6.7,15.4,40.7,42344.98
Thailand,01-05-2022,32.6,24.9,27.7,6.5,10.9,33.1,41582.84
Thailand,02-05-2022,29.4,22.3,25.7,0.1,21.7,43.6,35781.24
Thailand,03-05-2022,27.4,20.7,23.7,0,17.8,37.4,29637.85
Thailand,04-05-2022,27.5,21.4,24.3,0,11.9,23,19515.3
Thailand,05-05-2022,32.2,21.8,27.1,0.8,9.7,23,41424.81
Thailand,06-05-2022,31.9,24.2,26.7,12.5,13,31,31586.69
Thailand,07-05-2022,30.7,24.6,26.9,19.1,14.2,31.7,29108.83
Thailand,08-05-2022,31.8,24.1,27,11.3,12,31,22010.45
Thailand,09-05-2022,32,24.6,27.3,10.9,13.4,28.4,30924.7
Thailand,10-05-2022,31.2,24.1,26.7,10.8,9.7,26.6,21103.14
Thailand,11-05-2022,31,24.1,27.1,11.1,13.6,28.4,24825.76
Thailand,12-05-2022,32.3,24.2,27.9,17.3,14.3,28.1,37023.57
Thailand,13-05-2022,32.9,25.1,28.7,7.9,17.2,35.3,36211.41
Thailand,14-05-2022,33,25.4,28.9,5.2,10.7,28.8,36846.52
Thailand,15-05-2022,32.6,26,28.9,11.9,8.2,24.1,24935.03
Thailand,16-05-2022,32.8,25.5,28.5,0.9,11.5,27,42277.72
Thailand,17-05-2022,29.8,23.8,26.8,7.2,17.6,36.7,26781.47
Thailand,18-05-2022,30.8,24,26.8,7.1,16.4,34.6,33842.59
Thailand,19-05-2022,30.5,24.2,26.2,25.6,11.4,30.6,14403.05
Thailand,20-05-2022,31.1,24.1,26.6,15.3,17.4,36.4,21457.19
Thailand,21-05-2022,30.5,24.7,26.5,13.2,19.4,42.8,12688.36
Thailand,22-05-2022,30.7,24,26.4,7.6,25.5,49.3,26676.23
Thailand,23-05-2022,32.1,24.3,27.5,11.3,17.1,42.1,34262.6
Thailand,24-05-2022,32,24.9,27.7,8.4,15.1,32.8,26319.89
Thailand,25-05-2022,32.4,24.3,28.3,0.4,13.8,29.2,38253.62
Thailand,26-05-2022,32.3,24.7,28.3,0.5,11.9,29.2,39600
Thailand,27-05-2022,32.4,24.4,27.8,5.1,14.6,31.7,36003.45
Thailand,28-05-2022,32.8,24.7,28.3,6.4,18.7,36.7,40716.23
Thailand,29-05-2022,33.4,24,27.9,11.9,13.1,35.3,36571.02
Thailand,30-05-2022,32.7,24.6,28.1,14.3,13.6,28.8,39218.69
Thailand,31-05-2022,32.1,24.6,27.4,20.8,14.2,27.4,31641.28
Thailand,01-06-2022,32.7,23.9,28.5,3.7,8.7,19.4,41932.26
Thailand,02-06-2022,32.4,25,28.4,6.1,9.7,25.9,33192.64
Thailand,03-06-2022,32.4,24.9,27.5,6.5,11.3,28.8,19577.71
Thailand,04-06-2022,30.7,25,27,10.7,16.2,33.5,23485.97
Thailand,05-06-2022,32,24.5,27.5,6.7,11.6,28.4,39215.73
Thailand,06-06-2022,31,23.8,27.2,0.2,14.8,33.1,24401.57
Thailand,07-06-2022,31.9,24.4,27.8,0.4,18.1,37.4,26215.49
Thailand,08-06-2022,32.9,24.9,28.6,0.2,14.6,33.8,40995.15
Thailand,09-06-2022,33.2,25.2,28.2,7.2,12,31.3,37941.96
Thailand,10-06-2022,31.9,25.2,28,3.7,12.8,30.2,27981.87
Thailand,11-06-2022,33.1,24.5,28.7,0.1,12.1,28.4,39980.71
Thailand,12-06-2022,33.2,25.4,29.1,2.5,9.7,24.8,40891.43
Thailand,13-06-2022,33.6,23.8,28.4,1.4,13.9,26.3,42775.98
Thailand,14-06-2022,32.3,24.6,27.5,3.7,9.2,25.2,26019.12
Thailand,15-06-2022,32.5,25,27.6,5.6,11.5,27,26338.38
Thailand,16-06-2022,31.7,24.2,27,5,11.4,25.2,29039.54
Thailand,17-06-2022,32.9,24.2,27.8,1.8,8.8,25.6,36671.51
Thailand,18-06-2022,31.6,24.2,27.9,6.3,10.5,23.4,34266.75
Thailand,19-06-2022,33.2,24.7,28.4,1.6,12.1,33.8,40318.36
Thailand,20-06-2022,33.4,24.2,28.4,0.5,17,31.3,42702.38
Thailand,21-06-2022,32.9,23.8,27.7,2.8,12.2,37.8,42538.82
Thailand,22-06-2022,32.4,23.8,27.8,0.9,11.2,24.8,39920.91
Thailand,23-06-2022,32,24.4,28,2.8,7.9,18.7,35035.67
Thailand,24-06-2022,31.6,23.9,27.3,21,10.7,21.2,37177.8
Thailand,25-06-2022,31.1,23.7,26.7,9.8,15.1,28.1,32594.12
Thailand,26-06-2022,31.4,23.9,27,6.3,11.6,31.7,36124.69
Thailand,27-06-2022,31.5,24.1,27.3,4.2,12.3,27,39672.78
Thailand,28-06-2022,33,23.7,28,0,10.5,27,42030.44
Thailand,29-06-2022,32.4,24,27.9,3.4,11.7,37.8,26080.24
Thailand,30-06-2022,32.4,24.4,27.6,7.1,10.4,26.3,31452.17
Thailand,01-07-2022,32.4,24.5,27.7,2.8,9.6,38.9,37053.66
Thailand,02-07-2022,31.4,25,27.5,3,16.1,36,20771.46
Thailand,03-07-2022,31.4,24.7,27.3,10.8,16.4,33.1,34670.75
Thailand,04-07-2022,32.7,25,28.2,1.3,17.3,34.6,31932.52
Thailand,05-07-2022,32.5,24.8,28.2,3,12.4,27,34323.64
Thailand,06-07-2022,32,25,28,4.7,11.8,26.6,32445.36
Thailand,07-07-2022,31.6,25.1,27.6,5.7,10.3,23.4,30118.25
Thailand,08-07-2022,30.9,24,26.7,22.1,9.9,23.4,26639.07
Thailand,09-07-2022,29.2,24.2,25.9,25.5,9.9,23.4,12733.39
Thailand,10-07-2022,30.3,24.1,26,30.5,15.1,32,27257.02
Thailand,11-07-2022,30.1,23.5,26.1,20.4,14.7,37.1,25869.77
Thailand,12-07-2022,29.1,23.8,25.8,32.7,11,32.4,10259.72
Thailand,13-07-2022,29.1,24,25.7,13.3,16.1,33.5,10123.74
Thailand,14-07-2022,30.8,23.1,26.3,4.9,9.8,23,25104.18
Thailand,15-07-2022,31.2,23.7,27.2,19.9,9.1,23,36913.21
Thailand,16-07-2022,32,24.3,27.7,4.8,14.5,26.6,38681.68
Thailand,17-07-2022,31.5,23.9,27.3,7,10.7,23.8,37256.89
Thailand,18-07-2022,32.4,23.7,28.1,3.8,10.8,24.5,42609.85
Thailand,19-07-2022,32.1,25.5,28.5,11,10.7,25.9,41960.89
Thailand,20-07-2022,31.2,24.7,27,28.6,8.3,19.1,30881.03
Thailand,21-07-2022,29.1,24,25.7,21.1,16,30.6,17646.17
Thailand,22-07-2022,29.8,23.7,25.8,15.1,12.2,26.6,24307.58
Thailand,23-07-2022,29.9,22.9,26.2,11.5,8.8,27,28476.32
Thailand,24-07-2022,31.2,23.6,27.3,4,9.1,22.3,33897.16
Thailand,25-07-2022,32.3,23.8,27.2,5.3,10.9,26.3,36459.12
Thailand,26-07-2022,32.4,24.4,28.1,1.1,10.2,21.2,39246.25
Thailand,27-07-2022,32.6,24.8,28.1,3,10.5,25.9,38764.9
Thailand,28-07-2022,32.6,24.5,28.1,11.5,9.8,20.2,42245.23
Thailand,29-07-2022,32.5,25,28.1,2.6,10.7,23.4,38923.48
Thailand,30-07-2022,32.2,25.4,28,15,8.8,20.9,32611.34
Thailand,31-07-2022,30.7,24.4,26.9,6.4,10,24.5,22070.83
Thailand,01-08-2022,30.8,24.4,26.6,8.9,13.1,32.4,27112.53
Thailand,02-08-2022,30.7,24.4,27,12.2,15.7,32.8,39600
Thailand,03-08-2022,31.1,24.3,26.8,14,15.6,31,39354.04
Thailand,04-08-2022,31.2,24.5,27.3,2.2,13.3,29.2,28800
Thailand,05-08-2022,29.5,24.4,26.3,14,13,33.8,14493.29
Thailand,06-08-2022,31.5,23.8,26.9,12,14.1,34.6,32602.72
Thailand,07-08-2022,30.3,24,26.3,19,15.8,33.5,25200
Thailand,08-08-2022,26.7,24.2,24.9,23,12,27,2079.3
Thailand,09-08-2022,29.8,23.4,25.4,20.5,15.3,33.1,16295.92
Thailand,10-08-2022,30.5,23,26.2,19,11.9,31,40120.82
Thailand,11-08-2022,31.1,23.3,26.3,20.8,11.3,31,32059.94
Thailand,12-08-2022,29.8,23.8,25.6,23.3,18.1,38.5,16918.28
Thailand,13-08-2022,30.9,23.1,26.8,3.5,10.2,25.6,36922.98
Thailand,14-08-2022,31.1,23.4,27.4,4.1,14.5,27.4,32700.25
Thailand,15-08-2022,30.9,24.3,26.8,31,11.9,31.7,33931.54
Thailand,16-08-2022,28.9,24,25.9,21.5,11.7,27.4,24165.14
Thailand,17-08-2022,30.6,23.8,26.2,19.1,14.9,33.8,27041.96
Thailand,18-08-2022,31.2,23.1,26.9,5.1,12.5,26.6,37895.61
Thailand,19-08-2022,32,23.7,27.2,6.1,12.8,29.5,36270.68
Thailand,20-08-2022,29.9,24.2,26.5,27,10.5,31.7,11249.71
Thailand,21-08-2022,30.6,24.4,26.3,16.2,15.2,34.2,23994.49
Thailand,22-08-2022,30.8,24.5,27.2,5.5,13.3,30.2,25974.63
Thailand,23-08-2022,32.3,22.9,27.8,0.3,8.7,17.6,41801.54
Thailand,24-08-2022,32.6,25,28.2,3.6,10.4,25.2,29142.04
Thailand,25-08-2022,30.5,24.4,26.5,33.2,14,31.7,16677.44
Thailand,26-08-2022,28.5,24,25.5,17,18.2,37.8,7109
Thailand,27-08-2022,31.2,23.7,27.2,2.5,8.1,19.8,39308.32
Thailand,28-08-2022,31.9,23.7,27.5,1.4,8.4,18.4,37407.41
Thailand,29-08-2022,30.4,24.4,26.4,12.7,15,36,33537.29
Thailand,30-08-2022,32,23.4,26.9,9.2,8,20.2,33512.67
Thailand,31-08-2022,32.1,23.9,27.5,3.8,8.2,20.9,41749.6
Thailand,01-09-2022,32.1,23.9,27.3,8.5,6.8,20.2,36000
Thailand,02-09-2022,32.2,24.4,27.8,12.4,6.6,19.4,41452.3
Thailand,03-09-2022,31.6,24.5,27.5,4.5,10.5,29.5,34699.76
Thailand,04-09-2022,31,23.8,27.3,6.8,11.5,25.9,40718.03
Thailand,05-09-2022,30.2,23.8,26.1,13.3,8.7,22.7,19707.05
Thailand,06-09-2022,30.6,23.8,26.2,28.3,11.8,23.8,28647.87
Thailand,07-09-2022,30.7,22.9,26.1,23.8,13.6,39.2,36000
Thailand,08-09-2022,28.6,23.5,25.5,15.7,7.2,20.5,17951.56
Thailand,09-09-2022,27,23.3,25.1,14.7,7.6,14.4,0
Thailand,10-09-2022,30.3,23.5,26,30.6,8,19.1,28133.19
Thailand,11-09-2022,29.9,23.3,25.9,13,8.4,19.4,25064.45
Thailand,12-09-2022,30.8,23.4,26.1,12.2,9.2,27.4,36621.39
Thailand,13-09-2022,31.9,23.4,27.2,0.8,8.9,22.3,39534.04
Thailand,14-09-2022,31,23.3,26.9,10.8,9.4,19.8,35648.87
Thailand,15-09-2022,30.4,23.4,26.7,8.2,13.5,26.3,33234.18
Thailand,16-09-2022,30.6,23.2,26.7,9.4,14,29.5,33177.34
Thailand,17-09-2022,31.3,24.3,27.2,10.8,11.7,27.4,33773.16
Thailand,18-09-2022,29.4,24.1,26.2,20.5,11.7,31.3,27699.02
Thailand,19-09-2022,30.2,23.6,25.9,11.8,13.2,33.8,32603.91
Thailand,20-09-2022,31,22.8,26.5,6.1,16.6,37.8,28908.34
Thailand,21-09-2022,31,23.3,26.4,4.9,10.9,26.3,33990
Thailand,22-09-2022,29.9,23.1,25.6,38.1,9,21.2,24317.82
Thailand,23-09-2022,29.3,23.2,25.4,9.2,9.5,20.5,18775.45
Thailand,24-09-2022,29.8,23.3,25.7,22.2,9.7,21.6,27954.15
Thailand,25-09-2022,27.4,23,24.5,41.6,7.4,20.5,15333.87
Thailand,26-09-2022,28.5,23.1,24.9,35.7,10.6,25.2,22972.18
Thailand,27-09-2022,29.7,22.4,26,4.2,9.4,21.2,34779.22
Thailand,28-09-2022,28.6,22.9,25.6,11.8,17.7,35.3,1700.6
Thailand,29-09-2022,27.8,23.1,25,66.1,14.4,28.8,8319.44
Thailand,30-09-2022,28.8,23.3,25.3,60.7,15.5,36.7,19280.25
Thailand,01-10-2022,29.3,23.7,26,10.5,15.8,32,11013.85
Thailand,02-10-2022,30.1,23.3,25.9,35.4,10,23.4,21017.53
Thailand,03-10-2022,28.7,23.4,25.4,22.2,12.9,29.5,9027.71
Thailand,04-10-2022,29.7,23,26.1,8,18.9,38.9,37242.98
Thailand,05-10-2022,31.1,23.3,26.7,3.7,15.7,36.4,38013.37
Thailand,06-10-2022,30.8,23.3,26.4,4.8,16.1,33.8,29568.38
Thailand,07-10-2022,30.4,22.9,25.9,12.9,9,27.7,32578.7
Thailand,08-10-2022,29.8,22.7,25.7,7.9,9.9,26.6,22899.74
Thailand,09-10-2022,30.2,23.5,26,20.2,14,36.7,26534.67
Thailand,10-10-2022,30,23.4,26.6,1.5,19,48.2,38312.99
Thailand,11-10-2022,29.7,22.4,25.7,0.6,11.3,29.9,31039.31
Thailand,12-10-2022,31,21.9,26.1,0,9.2,22.7,39346.6
Thailand,13-10-2022,30.4,21.6,26.2,0.2,10.3,23.8,39444.53
Thailand,14-10-2022,30.1,21.9,25.9,0.1,10.7,24.1,33107.71
Thailand,15-10-2022,25.6,20.9,23.3,4.1,13.8,29.5,3600
Thailand,16-10-2022,25.1,21.2,23,3.5,11.4,23.8,1800.99
Thailand,17-10-2022,30,20.6,24.8,0,13,25.6,32695.65
Thailand,18-10-2022,30.2,20.7,24.8,0,15.9,31.3,39521.7
Thailand,19-10-2022,29.6,19.9,24.2,0,12.6,27.4,39390.43
Thailand,20-10-2022,29.4,18.7,24.1,0,15.8,33.1,37770.59
Thailand,21-10-2022,30.3,20.9,25.5,1,14.1,28.8,38125.4
Thailand,22-10-2022,31.5,23.4,26.8,0.3,17.7,41,37683.07
Thailand,23-10-2022,31.4,22.6,26.5,0,15.7,32.4,37248.02
Thailand,24-10-2022,32.3,22.3,27.2,0,11.9,21.6,38012.36
Thailand,25-10-2022,33,23.1,27.4,0,12.6,25.6,38116.51
Thailand,26-10-2022,32.1,24.2,27.8,0.4,14.4,34.6,36311.65
Thailand,27-10-2022,31.3,24.7,27.9,1.5,19.1,41,36251.24
Thailand,28-10-2022,32,24.1,27.6,0,20.3,40,37782.02
Thailand,29-10-2022,31.5,22,26.4,0,19.8,39.6,38097.65
Thailand,30-10-2022,32.1,21.5,26.4,0,16.5,32.8,37777.86
Thailand,31-10-2022,30.9,22,26.3,0,12.2,28.1,37774.02
Thailand,01-11-2022,31,21.9,25.9,0,15,33.1,37149.15
Thailand,02-11-2022,31.1,19.6,25.5,0,10.1,20.9,37966.63
Thailand,03-11-2022,31.6,19.7,25.8,0,8.7,22,37657.95
Thailand,04-11-2022,31.6,19.8,25.6,0,14.5,32.8,37753.74
Thailand,05-11-2022,31.9,20.6,25.9,0,14.8,32.4,37549.65
Thailand,06-11-2022,31.8,20.8,26.2,0,12.7,28.8,37251.71
Thailand,07-11-2022,31.9,21.3,26.5,0,13.4,24.5,37345.41
Thailand,08-11-2022,31.9,20.7,26.3,0,10.6,25.9,36863.03
Thailand,09-11-2022,31.7,20.6,25.9,0,13.5,29.9,37431.71
Thailand,10-11-2022,32.5,20.9,26.3,0,14.4,31.3,37050.12
Thailand,11-11-2022,33,22.6,27.4,0,14.4,29.5,37047.91
Thailand,12-11-2022,32.5,23.1,27.7,0,12.6,25.9,36492.12
Thailand,13-11-2022,33.8,23.5,28.4,0,13.4,31,36586.25
Thailand,14-11-2022,32.4,24.1,27.1,13.3,15.1,36.4,33770.02
Thailand,15-11-2022,33.3,23.1,27.2,3.2,11.4,27.4,36326.28
Thailand,16-11-2022,32.3,22.9,27.3,1.6,9.7,27.7,36210.64
Thailand,17-11-2022,33,23.7,27.5,1.6,15.5,28.8,36245.1
Thailand,18-11-2022,31.6,23.4,26.4,7.3,12.8,28.4,34174.95
Thailand,19-11-2022,33.3,23.1,27.4,0,12.8,28.1,36529.61
Thailand,20-11-2022,31.8,23.2,27.1,1.1,13.7,31.7,36135.85
Thailand,21-11-2022,33.3,24,28.5,0.1,12.7,31.7,32974.79
Thailand,22-11-2022,32.8,24.1,28,0,10.6,21.6,36452.96
Thailand,23-11-2022,31.8,24.2,26.5,28.7,13.8,29.2,17845.61
Thailand,24-11-2022,29.8,23.6,25.4,25.6,15.8,36,24839.25
Thailand,25-11-2022,30.1,23.1,25.9,9.5,13.1,31,19635.13
Thailand,26-11-2022,29.5,22.2,25.2,16.9,11,24.8,20467.97
Thailand,27-11-2022,28.9,22.5,25.6,6.4,8,20.5,28980
Thailand,28-11-2022,30,23.3,26.5,1.5,5.6,14.8,34009.42
Thailand,29-11-2022,31.4,23.5,27.1,4.9,5.9,18.4,32581.44
Thailand,30-11-2022,31.5,23.2,26.7,8.4,11.5,26.3,30727.65
Thailand,01-12-2022,31.2,23.3,26.6,3.1,14.1,34.2,36030.95
Thailand,02-12-2022,30.3,22.9,26.2,0,18.5,38.2,36487.15
Thailand,03-12-2022,30.3,22.2,25.8,0,11.3,24.8,36120.45
Thailand,04-12-2022,30.9,22.6,26.4,0,19.3,38.5,36397.37
Thailand,05-12-2022,30.6,23.2,26.4,0,19.4,44.6,36304.92
Thailand,06-12-2022,29.6,22.5,25.6,0,13.3,27.7,36492.91
Thailand,07-12-2022,29.8,22.5,25.5,0,15.6,33.5,36494.36
Thailand,08-12-2022,30.6,22.1,26,0,17.1,34.9,36495.8
Thailand,09-12-2022,31,22.2,26.2,0,13.2,28.1,36304.83
Thailand,10-12-2022,31,21.6,26.1,0.4,8.5,21.6,36304.52
Thailand,11-12-2022,30.2,22.1,26,0,13.6,29.9,31773.61
Thailand,12-12-2022,29.2,21.9,25,0,17.8,36.4,32703.46
Thailand,13-12-2022,27.2,19.4,22.9,0,17.5,36.7,36502.57
Thailand,14-12-2022,26.8,18.2,21.8,0,18.2,37.8,37008.79
Thailand,15-12-2022,27,16.8,21.2,0,12.2,23.8,36913.18
Thailand,16-12-2022,28.7,18.2,23,0,12.7,24.5,37021.8
Thailand,17-12-2022,28,20.6,24.1,0,19.2,35.3,25086.8
Thailand,18-12-2022,25.2,17.3,20.9,0,20.3,37.8,37034.64
Thailand,19-12-2022,24.6,15.6,19.6,0,14,29.5,37128.24
Thailand,20-12-2022,26.1,15.9,20.7,0,11.2,23.8,37103.12
Thailand,21-12-2022,28.8,17.6,22.5,0,15.9,32.8,37187.7
Thailand,22-12-2022,28.1,18.1,22.6,0,10.9,23.8,37275.25
Thailand,23-12-2022,28.5,18.6,23.2,0,13.8,30.2,36919.07
Thailand,24-12-2022,28,18.8,23,0,18.5,38.5,36330.41
Thailand,25-12-2022,27.3,17.9,22.1,0,15.1,32.8,37328.01
Thailand,26-12-2022,27.9,17,22.3,0,10.9,25.2,37310.2
Thailand,27-12-2022,27.7,17.5,22.7,0,11.6,27,37409.67
Thailand,28-12-2022,28.8,17.4,22.9,0,9.7,20.2,37512.35
Thailand,29-12-2022,28.4,18.6,23.4,0,14.6,32,37380.75
Thailand,30-12-2022,27.4,18.7,22.7,0,15.6,33.5,37367.52
Thailand,31-12-2022,27,17.8,22,0,15.8,33.8,36991.39
Thailand,01-01-2023,27,17.1,21.6,0,16.6,35.3,37597.39
Thailand,02-01-2023,27.6,17.2,22.4,0,14.1,29.2,33991.84
Thailand,03-01-2023,29.4,20.3,24.4,0,14.5,30.6,28204.08
Thailand,04-01-2023,29.8,20,24.8,0,12.3,27.7,37180.46
Thailand,05-01-2023,30.6,20,24.7,0,14.8,32,37548.61
Thailand,06-01-2023,29.5,19.9,24.3,0,19.8,40,37688.56
Thailand,07-01-2023,27.3,19.8,23.5,0,14.4,28.1,37710.68
Thailand,08-01-2023,27.1,18.6,23.4,0,9.9,23.4,24215.55
Thailand,09-01-2023,30.1,21.8,25.5,0,10.1,19.8,28528.18
Thailand,10-01-2023,30.1,22.3,26.1,1.4,13.1,27.7,32400
Thailand,11-01-2023,29.3,21.9,24.8,0.7,12.6,28.1,31214.08
Thailand,12-01-2023,30.1,19.9,25,0.5,8,18.7,37838.4
Thailand,13-01-2023,31.1,21,25.5,0.4,7.9,19.4,35554.83
Thailand,14-01-2023,31.6,20.4,25.7,0,8,21.2,37896.72
Thailand,15-01-2023,31.6,19,24.6,0,11.7,26.3,37927.28
Thailand,16-01-2023,30.8,17.2,23.7,0,11.2,26.3,37958.7
Thailand,17-01-2023,30.1,18.7,24.5,0,15.2,33.1,37990.95
Thailand,18-01-2023,29.1,19.5,24.2,0,16.6,36,38024.09
Thailand,19-01-2023,28.9,17.9,23.1,0,14.2,31,38058.56
Thailand,20-01-2023,28.9,18,23,0,16,34.6,38094.3
Thailand,21-01-2023,29.3,17.1,23.5,0,11,25.9,38131.23
Thailand,22-01-2023,30.5,16.7,23.2,0,13.9,24.8,38169.3
Thailand,23-01-2023,31.7,16.9,23.6,0,9.9,19.8,38208.43
Thailand,24-01-2023,31,19.3,24.8,0,24,48.2,38248.56
Thailand,25-01-2023,27,17.6,21.8,0,23,42.5,38289.63
Thailand,26-01-2023,28.5,15.6,22,0,9.6,23,38331.56
Thailand,27-01-2023,29.1,18.3,23.3,0,20.7,42.1,38374.31
Thailand,28-01-2023,26.9,17.2,21.9,0,19,38.5,38417.81
Thailand,29-01-2023,25.5,15.7,20.2,0,21.2,43.6,38461.98
Thailand,30-01-2023,26.2,13.8,19.4,0,12.9,28.1,38506.79
Thailand,31-01-2023,27.1,14.4,21.3,0,10.5,20.5,38552.16
Thailand,01-02-2023,30.2,16.5,22.6,0,11.4,20.9,38598.04
Thailand,02-02-2023,31.8,19,25.5,0,11.3,20.5,34904.54
Thailand,03-02-2023,29.5,22.3,25,3.6,12.3,30.2,20599.87
Thailand,04-02-2023,29.9,22.7,25.2,8.2,10,24.8,31668.58
Thailand,05-02-2023,28.6,21.9,24.2,8.4,11.7,26.3,24608.24
Thailand,06-02-2023,31.3,21.2,25.9,0,8.6,19.1,38833.14
Thailand,07-02-2023,31.3,22,26.3,0.6,10.4,24.5,38838.53
Thailand,08-02-2023,31.6,22,26.8,0,9.1,19.4,38929.34
Thailand,09-02-2023,31.9,22.6,27.2,0,6.9,17.6,38978.5
Thailand,10-02-2023,31.6,23.2,26.8,1,10.5,22.3,39028.39
Thailand,11-02-2023,32.3,22.8,27.4,0.1,7.2,18.7,39078.92
Thailand,12-02-2023,32.7,22.8,27.4,0.1,8.7,21.2,39130.05
Thailand,13-02-2023,32.9,21.9,27.6,0,9.4,19.1,39181.71
Thailand,14-02-2023,32.6,22.5,27.4,0,8.6,13.7,39233.86
Thailand,15-02-2023,29.7,23.7,26.2,0,24.9,49,34977.03
Thailand,16-02-2023,29.2,21.5,25.4,0,19.1,38.2,38732.89
Thailand,17-02-2023,28,21.4,24.4,0.4,15.6,30.2,25822.06
Thailand,18-02-2023,30.2,21.5,25.3,0,14,28.1,36948.81
Thailand,19-02-2023,31.9,20.5,26.2,0,10.5,23.8,38972.55
Thailand,20-02-2023,30.8,22.1,26,0,17.7,37.1,39553.61
Thailand,21-02-2023,31.5,20.6,25.5,0,14.3,31.3,39592.43
Thailand,22-02-2023,31,20.4,25.4,0,14.8,32.4,39600
Thailand,23-02-2023,31.7,19.8,25.7,0,9.8,23.4,39600
Thailand,24-02-2023,32.8,20,26.3,0,10.2,21.6,39600
Thailand,25-02-2023,30.5,21.8,25.8,0,22.4,45.7,39600
Thailand,26-02-2023,28.4,19.4,23.8,0,22.7,46.1,39600
Thailand,27-02-2023,28.7,17.1,22.7,0,14.4,31.7,39600
Thailand,28-02-2023,30,18.3,23.9,0,12.5,27.4,39600
Thailand,01-03-2023,33.1,20,26,0,15.2,27,39600
Thailand,02-03-2023,32.2,20.1,25.6,0,19.5,40.3,39600
Thailand,03-03-2023,32,20.6,25.6,0,15.8,33.5,39600
Thailand,04-03-2023,31.6,20.6,25.4,0,19,39.6,39600
Thailand,05-03-2023,31.4,20.4,25.7,0,16.2,34.2,39600
Thailand,06-03-2023,31.4,20.2,25.3,0,12.2,28.1,39600
Thailand,07-03-2023,32.6,20.6,26.1,0,11.5,25.9,39600
Thailand,08-03-2023,33.3,19.9,26.8,0,11,20.9,39600
Thailand,09-03-2023,33.5,21,27.3,0,16.4,34.6,39600
Thailand,10-03-2023,33.4,22.8,27.6,0,11.5,26.3,39600
Thailand,11-03-2023,33.9,22,28.2,0,7.4,19.4,39600
Thailand,12-03-2023,34.4,23.5,28.9,0.1,15.1,29.2,36564.1
Thailand,13-03-2023,31.7,24.8,27.6,0,22.1,43.6,22316.6
Thailand,14-03-2023,31.4,21.2,26,0,13.2,29.5,37998.28
Thailand,15-03-2023,33.2,21.7,27.4,0,8.2,17.3,38880.12
Thailand,16-03-2023,33.2,22.1,27.9,0,7,16.9,37628.55
Thailand,17-03-2023,33,23.8,28.3,1.4,10,19.8,37355.21
Thailand,18-03-2023,33.9,23.9,29.1,0,8.7,16.9,39283.2
Thailand,19-03-2023,35.2,24.5,29.5,1,8.7,19.4,39355.81
Thailand,20-03-2023,34.6,24.8,29.4,0,11.4,22,39600
Thailand,21-03-2023,35.7,24.8,30.1,0,9.6,24.8,39600
Thailand,22-03-2023,35.8,24.7,30.2,0,11,23.8,39600
Thailand,23-03-2023,36.2,25.2,30.6,0,11.5,24.1,39600
Thailand,24-03-2023,35.7,24.6,30.3,0,11.4,23,39600
Thailand,25-03-2023,35.8,25,30.3,0,12.4,25.9,39600
Thailand,26-03-2023,35.9,25.1,30.3,0,14.5,27,39673.64
Thailand,27-03-2023,36.5,23.9,30.1,0,10.6,24.1,39762.9
Thailand,28-03-2023,35.9,25,30.5,0,16.5,30.6,39756.71
Thailand,29-03-2023,34.5,24.7,29.8,0.4,13.8,27.7,39600
Thailand,30-03-2023,35.7,24.4,29.6,0,11.3,20.9,39743.23
Thailand,31-03-2023,35.8,24.4,29.7,0,11.3,24.5,39839.98
Thailand,01-04-2023,35.9,24.5,30,0,11.3,25.2,39939.72
Thailand,02-04-2023,35.4,25.5,30.3,0,13.2,25.6,37315.16
Thailand,03-04-2023,35.8,24.8,30.6,0,11.4,23.4,40039.04
Thailand,04-04-2023,35.9,25,30.4,0,11.6,23.8,40255.93
Thailand,05-04-2023,36,24.3,30.1,0,8.9,20.5,40254.88
Thailand,06-04-2023,36.7,24.1,30.4,0,10.5,20.2,40479.79
Thailand,07-04-2023,36.6,25.5,30.6,0,16.1,34.2,36673.83
Thailand,08-04-2023,35.8,25.4,29.8,0.3,11.2,25.9,33011.8
Thailand,09-04-2023,32.9,25.9,29.4,2.5,12.4,29.2,38181.91
Thailand,10-04-2023,36.5,26,31.4,0.2,10.2,23.8,40481.8
Thailand,11-04-2023,38.1,26.2,32.1,0,15.6,27.7,40361.95
Thailand,12-04-2023,38,26.6,32.1,0,10.5,23.4,40964.09
Thailand,13-04-2023,37.6,26.6,31.5,0,16.8,31,39399.18
Thailand,14-04-2023,37.4,26.6,31.9,0,10.5,20.2,40109.55
Thailand,15-04-2023,38,26.8,32.4,0,10.7,27,41347.69
Thailand,16-04-2023,36.1,25.5,30.2,13.2,24.6,50,25699.9
Thailand,17-04-2023,36.2,26.2,31.2,0.2,16.7,36,37100.46
Thailand,18-04-2023,37.7,26.6,32.3,0,14.2,31,41493.03
Thailand,19-04-2023,37.7,26.9,32.2,0.2,14.1,29.2,40856.33
Thailand,20-04-2023,37.3,27.4,32.3,0,14.3,27,41894.1
Thailand,21-04-2023,38,26.5,32.2,0,15.4,29.5,42047.62
Thailand,22-04-2023,37,25.5,31.2,0,10.2,22,42083.1
Thailand,23-04-2023,37.2,26.1,30.3,8.6,21.5,42.5,42117.82
Thailand,24-04-2023,35.8,24.7,30.6,0.1,7.7,19.8,42151.71
Thailand,25-04-2023,37.2,26.7,31.6,0.6,8.7,25.9,42184.73
Thailand,26-04-2023,35.1,24.9,29.3,2.6,16.7,34.2,40962.19
Thailand,27-04-2023,34.8,24.9,28.7,3.2,9.4,23,42247.89
Thailand,28-04-2023,35.3,24.9,30.1,0,11,20.9,42277.93
Thailand,29-04-2023,34.7,26.4,29.7,2.8,9.8,25.6,36776.66
Thailand,30-04-2023,32.9,24.4,28.8,9.5,15.3,36,40167.41
Thailand,01-05-2023,33.8,24,29.2,0,11.5,21.2,42363.74
Thailand,02-05-2023,35,25.5,30.1,0.2,10.5,22.7,42391.11
Thailand,03-05-2023,34.8,25.7,30.7,0.2,8.8,18.4,42417.82
Thailand,04-05-2023,36,26,31.2,0,8.8,22,42443.85
Thailand,05-05-2023,36.9,26.9,31.9,0,12.1,27.7,42469.18
Thailand,06-05-2023,37.8,27.3,32.9,0,8.8,20.2,42493.78
Thailand,07-05-2023,38.7,28.6,33.6,0,12.2,23,42517.63
Thailand,08-05-2023,36.5,28.9,31.2,7.4,15.3,32,24540.72
Thailand,09-05-2023,34.1,27,30.7,0,9.8,22,41895.03
Thailand,10-05-2023,33.4,24.9,28.6,6,7.2,21.2,35063.49
Thailand,11-05-2023,34.6,25.6,29.8,0.1,10.5,22,38473.53
Thailand,12-05-2023,33.2,26.3,28.4,5.6,10.9,38.2,38508.55
Thailand,13-05-2023,32.7,24,27.7,24.8,11.4,27.4,35551.21
Thailand,14-05-2023,33.4,24.3,28.5,6.6,13.3,29.2,42661.62
Thailand,15-05-2023,33.2,24.7,28.4,18.1,18.1,37.4,42678.61
Thailand,16-05-2023,33.7,23.8,28.9,0,12,24.5,42694.64
Thailand,17-05-2023,33.3,24.5,29.2,0,10.1,23.8,42759.04
Thailand,18-05-2023,34.5,25.3,30.3,0,17.5,36.4,42723.68
Thailand,19-05-2023,35.2,26.1,30.9,0,14.4,31.3,42782.07
Thailand,20-05-2023,35.4,26.3,31.2,0,12.1,28.1,42791.85
Thailand,21-05-2023,36.2,26,31.2,0.3,12.1,20.5,42759.51
Thailand,22-05-2023,34.7,26.5,29.9,5.9,10.2,31,39169.44
Thailand,23-05-2023,32.5,25.5,28.1,13.3,9,18.4,25792.88
Thailand,24-05-2023,32.5,24.7,28.2,8.5,11.5,22,25568.29
Thailand,25-05-2023,33.9,24.7,29.3,3.8,9.2,20.2,42543.89
Thailand,26-05-2023,34.4,25.2,29.9,0.3,9.2,16.6,42916.79
Thailand,27-05-2023,34.9,26.3,30.3,0.1,7.1,18,42805.22
Thailand,28-05-2023,33.2,25.4,28.7,1.9,12.2,30.6,32762.29
Thailand,29-05-2023,31.8,24.8,27.4,26.8,9.4,21.6,23646.36
Thailand,30-05-2023,31.3,25,28.3,2,8.9,22,42816.41
Thailand,31-05-2023,33.2,25.3,28.7,6.1,9.6,27,40404.98
Thailand,01-06-2023,33.8,25,29.1,0.3,12.7,26.6,42830.12
Thailand,02-06-2023,34.3,25.4,30.1,0,11.3,28.1,43018.47
Thailand,03-06-2023,34.6,25.9,30.3,0,11.1,36.7,43113.32
Thailand,04-06-2023,34.5,25.9,29.9,2.6,13.1,35.3,42820.07
Thailand,05-06-2023,34.1,26.9,29.3,7.1,18.4,42.1,37691.84
Thailand,06-06-2023,33,25.4,28.1,23,12.3,37.1,36496.54
Thailand,07-06-2023,32.9,25.2,28,16.6,15.9,34.6,38346.9
Thailand,08-06-2023,30.3,25.1,26.9,14.2,17.7,34.9,4063.61
Thailand,09-06-2023,31.3,24.9,27.2,37.4,14.3,36,35952.09
Thailand,10-06-2023,31.4,25,27.9,3.3,15.9,33.1,21779.36
Thailand,11-06-2023,31.2,25.3,27.8,13.7,20.3,39.2,37035.37
Thailand,12-06-2023,32.1,25.4,28.1,2.7,17.2,34.9,34096.39
Thailand,13-06-2023,31.9,25.7,27.8,16.3,20.1,41,21930.52
Thailand,14-06-2023,32.1,25.5,28.2,1.3,18.8,41.8,37528.99
Thailand,15-06-2023,31.9,25.8,27.8,7.7,15.8,33.1,31328.75
Thailand,16-06-2023,31.8,25.1,27.7,25.4,13.4,35.6,29949.05
Thailand,17-06-2023,32.2,25.1,27.9,22.1,13.5,32,36510.51
Thailand,18-06-2023,31.4,25,27.2,16.3,15.3,32,29196.39
Thailand,19-06-2023,31.3,24,26.9,8.4,13.5,31.7,22993.04
Thailand,20-06-2023,31.1,24.8,27.8,1.7,13.3,30.6,38258.72
Thailand,21-06-2023,31.8,24.8,28.3,0.2,11.9,29.9,33852.57
Thailand,22-06-2023,32.5,24.8,28.6,0.4,9.4,26.6,35964.46
Thailand,23-06-2023,33.3,24.2,28.9,11.1,14,27.7,43480.55
Thailand,24-06-2023,31.6,24.2,27.9,9.8,15.5,29.2,29749.56
Thailand,25-06-2023,31.3,25.7,27.8,0.8,10.1,24.1,13378.19
Thailand,26-06-2023,29.9,25.3,26.7,20.5,9.2,32.4,11015.15
Thailand,27-06-2023,31.5,24.6,27.4,14.3,7.7,23.8,25462.86
Thailand,28-06-2023,31.4,24.3,28,9.3,8.7,19.8,42034.57
Thailand,29-06-2023,32.4,24.6,28.1,21.7,10.2,25.9,38790.16
Thailand,30-06-2023,32.5,25,28.2,9.7,9.9,26.3,37904.02
Thailand,01-07-2023,32.6,25.4,28.8,8.9,19.9,38.9,42384.12
Thailand,02-07-2023,32.1,25.1,27.9,18.2,13.2,25.2,31067.18
Thailand,03-07-2023,30.9,24.8,27.1,19.2,15.3,38.9,26146.55
Thailand,04-07-2023,30.6,24.6,26.3,27.4,12.9,34.9,12783.75
Thailand,05-07-2023,29,23.7,26.3,0.9,10,22,25818.48
Thailand,06-07-2023,32.4,23.8,28.2,0.1,7.8,20.9,43395.17
Thailand,07-07-2023,33.3,24.4,29.1,0.2,10.8,19.4,42923.61
Thailand,08-07-2023,32.9,24.9,28.9,31.8,9.9,26.6,43471.77
Thailand,09-07-2023,31.8,24.6,27.9,1.4,11.1,23,35013.56
Thailand,10-07-2023,31.8,24.9,27.5,12.8,11.2,35.6,37327.71
Thailand,11-07-2023,32.1,25,28.2,9.4,15.8,32,40775.75
Thailand,12-07-2023,31.6,24.9,28,4.6,8.5,25.2,32088.44
Thailand,13-07-2023,33.1,25.3,29,1.9,10.3,27,43038.77
Thailand,14-07-2023,31.9,24.3,27.9,1.9,11.4,27.7,34081.62
Thailand,15-07-2023,31.6,25.4,27.7,13.5,11.3,29.2,24167.33
Thailand,16-07-2023,32.1,24.7,28.3,3.3,12.9,33.8,24642.43
Thailand,17-07-2023,31.9,24.9,27.8,13.7,22.3,45,23157.06
Thailand,18-07-2023,32.3,25.4,28.2,5.1,13.7,31,34798.26
Thailand,19-07-2023,32.3,24.9,27.8,11.2,15.3,33.8,29952.38
Thailand,20-07-2023,31.9,24.2,28,0,6.5,19.8,36666.37
Thailand,21-07-2023,31.7,25,27.8,18.8,16.3,29.2,36326.29
Thailand,22-07-2023,31.5,23.9,26.9,38,10.7,27.4,37155.87
Thailand,23-07-2023,31.6,24.2,26.9,11.4,13,23.8,26295.09
Thailand,24-07-2023,29.4,23.9,26.5,4.3,8.4,20.2,13863.46
Thailand,25-07-2023,31.6,24.6,27.2,7.5,12.6,26.6,31294.71
Thailand,26-07-2023,32.2,23.8,28.2,0.1,15.7,36.4,42123.88
Thailand,27-07-2023,32.4,25,28.7,9.5,16.7,42.1,42108.24
Thailand,28-07-2023,32.1,24.7,28.1,2.9,14,36.7,36516.77
Thailand,29-07-2023,30.2,24.7,27.2,16.8,16.7,36.4,22717.88
Thailand,30-07-2023,31.4,24.9,27.9,6.4,19.6,45.4,24834.77
Thailand,31-07-2023,28.9,25.7,27.4,2.3,17.5,44.3,8261.43
Thailand,01-08-2023,32.4,25.5,27.7,10.4,15.5,35.6,23438.67
Thailand,02-08-2023,31.3,25.1,26.9,13.1,17.5,39.6,12906.88
Thailand,03-08-2023,30,25.3,27.3,4.7,14.5,33.8,8864.68
Thailand,04-08-2023,31,25.1,27,8.9,18,41,10800
Thailand,05-08-2023,31.2,24.2,27.2,2.6,15.5,36.4,19442.78
Thailand,06-08-2023,32.6,24.8,27,8,18.6,46.8,19483.83
Thailand,07-08-2023,29,24.3,26.2,9.3,16,31.3,4333.08
Thailand,08-08-2023,30.7,24.4,27.1,4.9,17.3,38.9,22500.18
Thailand,09-08-2023,30.1,24.2,26.9,2.1,14.7,32.4,12770.9
Thailand,10-08-2023,32.4,24.5,28.2,1.2,11.2,29.9,42000.36
Thailand,11-08-2023,32.5,24.1,28.1,1.2,13.7,29.2,36677.52
Thailand,12-08-2023,32.4,24.9,27.7,3.6,16.3,36.4,35288.24
Thailand,13-08-2023,32.5,24,27.7,2.7,18.2,36.7,37420.75
Thailand,14-08-2023,32.6,24.4,27.9,2.4,13,25.9,36523.8
Thailand,15-08-2023,32.3,24.5,27.4,15.5,11.1,27,35437.82
Thailand,16-08-2023,32.4,24.4,27.8,0.7,14.8,35.6,34799.4
Thailand,17-08-2023,32.1,24.2,27.7,17.4,10.4,26.3,40676.8
Thailand,18-08-2023,32.2,24,28.2,0.6,13.2,30.6,41843.39
Thailand,19-08-2023,33.1,23.9,28.8,0.8,15.1,32,41958.91
Thailand,20-08-2023,33.5,25.2,29.1,10.8,12.5,22.7,37241.84
Thailand,21-08-2023,30.9,24.5,27.6,5,10.8,25.9,39404.11
Thailand,22-08-2023,31.8,24.7,27.2,14.4,17.6,33.5,32484.85
Thailand,23-08-2023,32,24,27.3,14,13.5,28.1,35588.19
Thailand,24-08-2023,31.7,24.1,27.7,1,17.1,38.2,36739.93
Thailand,25-08-2023,31.9,24.7,27.6,7.6,12.6,27.7,30447.07
Thailand,26-08-2023,31.1,24.5,27.4,1.5,19.5,38.5,32909.67
Thailand,27-08-2023,30.3,25.1,27.6,1.3,13.6,28.1,20460.34
Thailand,28-08-2023,32.9,24.8,28.9,0,12.4,29.5,41586.93
Thailand,29-08-2023,31.7,24.9,27.4,15,10.9,29.9,31151.23
Thailand,30-08-2023,32,25.1,27.8,7.8,12.5,27.4,30279.72
Thailand,31-08-2023,31.4,24.1,26.9,20.4,8.2,19.8,27720.04
Thailand,01-09-2023,31.8,24.4,27.6,16.5,11.1,26.3,39356.79
Thailand,02-09-2023,32,24.5,27.7,17.8,15.4,28.1,39588.73
Thailand,03-09-2023,31.8,23.8,27.4,32.5,10.1,22.3,36299.25
Thailand,04-09-2023,32.4,24,27.1,34.8,12.6,23.8,33884.85
Thailand,05-09-2023,31.5,24.5,27.3,9.7,13.2,30.2,31299.3
Thailand,06-09-2023,29,24.7,26.6,4.8,11,22,844.39
Thailand,07-09-2023,30.8,24.3,26.9,19.5,10.5,25.2,26246.8
Thailand,08-09-2023,30.3,24.6,27.1,17.1,11.9,29.9,31229.23
Thailand,09-09-2023,30.6,24.7,27.2,22.6,10.1,24.5,31202.54
Thailand,10-09-2023,30,24.8,26.5,32.5,13.2,30.2,22681.82
Thailand,11-09-2023,30.9,24.4,26.6,15.8,20.7,40.3,18005.85
Thailand,12-09-2023,30.2,24.9,26.7,32.8,19.1,40,22388.96
Thailand,13-09-2023,30.9,24.3,26.2,17.1,15,37.4,19450.91
Thailand,14-09-2023,29.9,24.1,26.5,15.5,15.6,31.7,25838.32
Thailand,15-09-2023,29.2,24.2,25.9,31.2,9.8,26.3,16852.69
Thailand,16-09-2023,29.4,23.8,25.8,22.7,9.7,23,11798.82
Thailand,17-09-2023,30.2,24,26.8,13.9,11.4,28.4,29317.02
Thailand,18-09-2023,30.3,24.2,26.7,21.5,14.4,32,34413.59
Thailand,19-09-2023,31,24.1,27,0.5,6.9,16.2,27405.08
Thailand,20-09-2023,32.2,24.4,27.8,0.7,8.7,22,35618.63
Thailand,21-09-2023,32.5,24.1,28,1.5,7.2,25.9,37826.6
Thailand,22-09-2023,32.3,24.3,27.4,1,14.1,28.4,27350.55
Thailand,23-09-2023,32.4,23.9,27.7,0.8,5.6,17.3,39755.68
Thailand,24-09-2023,32.3,24.5,27.7,9.1,13.7,28.4,38021.87
Thailand,25-09-2023,32.2,24.2,27.7,6.8,10.1,28.4,35839.59
Thailand,26-09-2023,29.2,24,26.1,26.1,12.6,24.8,7232.48
Thailand,27-09-2023,28.1,23.8,25.6,29.3,10.9,20.2,10846.53
Thailand,28-09-2023,29.4,23.8,25.6,19.5,19.7,37.8,21150.59
Thailand,29-09-2023,30.4,23.4,25.8,20.4,14.8,34.9,22477.57
Thailand,30-09-2023,29.7,23.9,26,14.6,12.2,28.1,26720.66
Thailand,01-10-2023,31.5,23.4,27.1,2.8,8.4,23.4,34449.44
Thailand,02-10-2023,31.3,25.1,27.7,13,7.2,24.5,31343.37
Thailand,03-10-2023,31.4,25.1,27.6,18.9,12.5,25.6,24377.44
Thailand,04-10-2023,31.5,24.4,26.9,21.1,7.2,25.9,25200
Thailand,05-10-2023,30.9,24.1,27,39.6,8.3,25.6,27612.99
Thailand,06-10-2023,29.8,23.7,26.3,27.3,9.8,29.2,16035.34
Thailand,07-10-2023,30.3,24.6,26.7,12.6,13.7,28.4,29573.79
Thailand,08-10-2023,29.9,24.1,25.9,20.6,13.8,28.1,14830.38
Thailand,09-10-2023,30,23.7,26.1,2.4,5.6,16.6,19722.28
Thailand,10-10-2023,30.3,23.8,26.5,8.7,18.4,42.5,32451.32
Thailand,11-10-2023,30.9,23.2,27.1,1.9,19.2,39.2,37695.32
Thailand,12-10-2023,31.2,23.6,27.3,1.6,13.6,27.7,38412.91
Thailand,13-10-2023,31.3,24,27.6,3,7.9,22,37881.78
Thailand,14-10-2023,31.3,23.7,27.3,1.6,8.2,22,38243.6
Thailand,15-10-2023,31,24.1,27.2,4.5,12.2,24.1,35506.18
Thailand,16-10-2023,31.2,24.1,27.2,0.4,11.2,25.2,37938.72
Thailand,17-10-2023,31.3,23.8,27.3,0.3,11.7,31.7,38843.48
Thailand,18-10-2023,32,23,27.5,0,10.3,23,38948.75
Thailand,19-10-2023,31.9,23.1,27.8,0,5.7,15.1,37822.34
Thailand,20-10-2023,32.3,23.8,28,0.6,14.2,28.8,37781.82
Thailand,21-10-2023,31.1,24.4,27.4,2.7,15.7,35.3,37568.5
Thailand,22-10-2023,30.6,23.7,27,1.9,9.2,24.8,37241.41
Thailand,23-10-2023,31.1,23.4,27.3,0.2,9.7,19.4,38124.34
Thailand,24-10-2023,31.4,24.8,27.7,0.5,10.3,20.2,37461.68
Thailand,25-10-2023,31.7,23.6,27.1,0.4,7.4,26.6,33294.27
Thailand,26-10-2023,30.7,24.5,26.7,8.3,10.6,25.6,33689.73
Thailand,27-10-2023,30.9,23.5,26.8,9.1,6.7,21.6,36391.1
Thailand,28-10-2023,30.7,23.8,26.6,5.3,8.2,16.6,29693.19
Thailand,29-10-2023,29.9,23.8,25.9,9.3,8.4,21.2,21413.78
Thailand,30-10-2023,29.4,23.8,25.8,17.2,16.1,32.4,24287.45
Thailand,31-10-2023,30.1,23.3,25.9,1.2,13.8,30.6,35886.57
Thailand,01-11-2023,31.1,23.5,26.7,0,14.8,29.2,37252.84
Thailand,02-11-2023,30.7,23.4,27,0,11.6,22.3,37255.58
Thailand,03-11-2023,32.1,23.2,27.8,0,7.7,18.4,37355.12
Thailand,04-11-2023,32.4,24.3,28.2,0,8,16.9,37153.13
Thailand,05-11-2023,32.4,23.8,27.5,0.2,8,21.2,36658.29
Thailand,06-11-2023,32.4,23.8,28.3,0,6.6,17.6,36477.7
Thailand,07-11-2023,31.6,24.6,27.6,2.2,11.3,23.4,36567.94
Thailand,08-11-2023,31.5,24.1,27.6,0.4,6.8,18.4,36478.11
Thailand,09-11-2023,32,24.3,27.9,0.5,9.5,22.7,36578.35
Thailand,10-11-2023,31.6,24,27.4,2,12,29.5,29558.98
Thailand,11-11-2023,31.8,24.4,27.2,0.9,8.9,23.8,32691.18
Thailand,12-11-2023,32.2,24.2,27.8,0.5,11.8,30.2,36769.73
Thailand,13-11-2023,32.1,24.3,27.8,0.2,14.4,36.4,36293.55
Thailand,14-11-2023,30.9,24.5,27.5,0,21.4,42.8,36413.58
Thailand,15-11-2023,31.5,24,27.4,0,15.2,36.4,36594.39
Thailand,16-11-2023,31.7,23.9,27.6,0,23.2,51.1,36152.6
Thailand,17-11-2023,28.7,21.4,24.8,0,18.5,36.4,36514.05
Thailand,18-11-2023,27.5,19.8,23.4,0,11,24.1,36683.37
Thailand,19-11-2023,27.5,18.9,22.8,0,13.8,29.2,36324.71
Thailand,20-11-2023,28.2,17.7,22.8,0,13,28.8,36682.32
Thailand,21-11-2023,29.1,20.1,24.3,0,11.9,23.8,36299.16
Thailand,22-11-2023,29.9,19.9,24.8,0,10.6,20.5,36617.34
Thailand,23-11-2023,30.8,20.6,25.4,0,13.4,27.4,36140.88
Thailand,24-11-2023,31,22.1,26,0,18,37.8,36192.86
Thailand,25-11-2023,30.3,21.2,25.6,0,15.3,32,36304.84
Thailand,26-11-2023,31.5,22.5,26.7,0.1,17.1,35.3,33086.14
Thailand,27-11-2023,31.7,23.5,27,0,14.9,30.2,36302.15
Thailand,28-11-2023,30,21.8,25.4,0,15.5,31.7,36229.4
Thailand,29-11-2023,28.8,20.8,24.8,0,13.5,27.7,23966.04
Thailand,30-11-2023,31.6,22.9,26.8,0,11.6,26.6,36393.8
Thailand,01-12-2023,32.1,24,27.4,0,18,39.6,36122.34
Thailand,02-12-2023,31.7,23.6,27.6,0,20.5,41,36304.17
Thailand,03-12-2023,31.7,23.9,27.4,0,17.2,35.3,36396.17
Thailand,04-12-2023,31.8,23.5,27.3,0.2,15.5,34.9,36304.74
Thailand,05-12-2023,32,23.5,27.6,0.4,10.7,25.2,36397.79
Thailand,06-12-2023,32.8,23.6,28.1,0,12.6,22.3,36305.05
Thailand,07-12-2023,31.5,24.3,27.4,0,17.3,36.4,36493.7
Thailand,08-12-2023,31.2,22.1,26.7,0,11.2,24.8,36590.39
Thailand,09-12-2023,31.8,22.2,27,0,7.8,17.3,36592.82
Thailand,10-12-2023,32.7,22,27.4,0,6.9,16.6,36789.13
Thailand,11-12-2023,32.9,22.6,27.6,0,8.4,16.6,36695.61
Thailand,12-12-2023,33.5,23,28,0,13.3,24.8,36797.91
Thailand,13-12-2023,32.2,22.8,27.1,0,12.4,28.1,36702.38
Thailand,14-12-2023,32,23.1,27.2,0,11.1,22.3,36503.64
Thailand,15-12-2023,32.5,23.6,27.7,0,12,21.6,36913.13
Thailand,16-12-2023,32.3,23.2,27.6,0,10.4,22.7,36505.49
Thailand,17-12-2023,31.7,23.9,27.4,0,19.2,39.2,36714.89
Thailand,18-12-2023,31,22.4,26.4,0,15.5,32.4,37034.21
Thailand,19-12-2023,31.2,21.9,26.6,0,11.5,24.5,36809.55
Thailand,20-12-2023,30.9,22.6,26.4,0,15.5,32.8,36781.49
Thailand,21-12-2023,28.7,20.2,24.3,0,19.3,38.9,37081.17
Thailand,22-12-2023,26.2,17.9,21.6,0,19.2,39.6,37278.46
Thailand,23-12-2023,25.9,15.7,20.3,0,18.9,37.4,36924.82
Thailand,24-12-2023,27.8,17.3,21.8,0,24,48.2,36003.29
Thailand,25-12-2023,26.5,19,22.4,0,15.6,30.6,30997.29
Thailand,26-12-2023,28.2,18.7,23.2,0,12.3,25.9,37318.48
Thailand,27-12-2023,29.5,19.8,24,0,13.9,25.9,37417.93
Thailand,28-12-2023,30.3,19.6,24.7,0,14.3,27.4,37549.32
Thailand,29-12-2023,30.8,20.5,25.4,0,13.2,26.6,37269.69
Thailand,30-12-2023,31.4,21.7,26,0,13,24.5,37570.28
Thailand,31-12-2023,31.7,21.5,26.3,0,10.9,22,37582.82
