Country,Date,Temp_Max,Temp_Min,Temp_Mean,Precipitation_Sum,Windspeed_Max,Windgusts_Max,Sunshine_Duration
Turkey,01-01-2000,13.8,-3.1,3.8,0,10.2,22.7,29242
Turkey,02-01-2000,10.7,-2,3.6,0,11.5,21.6,14178.59
Turkey,03-01-2000,3.2,-2.9,-0.1,7.3,12.7,26.6,0
Turkey,04-01-2000,-1.6,-5.3,-3.8,6.1,16.3,28.1,15457.57
Turkey,05-01-2000,-0.9,-10,-5.3,2.2,13.5,27,21397.81
Turkey,06-01-2000,-0.6,-6.9,-3.7,1.9,9.1,25.2,515.04
Turkey,07-01-2000,3.6,-8.5,-2.3,0.9,18.3,35.6,28528.65
Turkey,08-01-2000,2.3,-4.7,-0.1,4.2,16.7,37.8,29982.8
Turkey,09-01-2000,-0.3,-6.6,-3.8,2.2,7.5,20.9,26345.73
Turkey,10-01-2000,-1.7,-5.7,-3.8,1.8,11.2,18.7,6012.6
Turkey,11-01-2000,-0.9,-5.9,-3.4,1.1,10,21.6,18948.58
Turkey,12-01-2000,-2.2,-8.8,-5.3,0.1,12.3,25.9,25288.1
Turkey,13-01-2000,-3.1,-10.6,-7.2,0,11.9,24.1,17395.18
Turkey,14-01-2000,-3.1,-9.3,-6.4,0,14.7,30.2,21215.78
Turkey,15-01-2000,-1.2,-9,-5.6,0,11.5,25.9,29699.18
Turkey,16-01-2000,-1.6,-8,-5.6,0,8.4,17.6,27234.54
Turkey,17-01-2000,0.9,-8.7,-5.2,0,12.7,27.4,30871.02
Turkey,18-01-2000,0,-4.8,-2.7,7.5,19.5,66.2,2003.64
Turkey,19-01-2000,-2.4,-7.3,-4.2,6.8,22.4,39.6,23747.85
Turkey,20-01-2000,-2.9,-13.4,-6.4,10.5,11.3,20.9,23819.34
Turkey,21-01-2000,-12.1,-22.2,-16.1,0,9.8,16.2,31918.4
Turkey,22-01-2000,-2.8,-19,-11,3.6,19.1,34.2,19994.02
Turkey,23-01-2000,-3.3,-16.5,-8,0.2,9.4,15.8,30790.51
Turkey,24-01-2000,0.2,-19.1,-9.3,0,13.7,28.8,31139.34
Turkey,25-01-2000,3.4,-5.2,-1.6,6.6,15.6,54.7,25953.76
Turkey,26-01-2000,-4.9,-13.6,-8,0,10,16.2,32061.29
Turkey,27-01-2000,-9.3,-16.8,-14,0,19.4,33.1,30417.35
Turkey,28-01-2000,-9.8,-25.8,-16.5,0,8.3,18.4,32397.12
Turkey,29-01-2000,-2.8,-20.9,-12.5,0,8.8,16.2,33017.66
Turkey,30-01-2000,1.9,-14.8,-7.8,0,11,26.3,33147.04
Turkey,31-01-2000,2.5,-5.5,-1.7,9.4,11.3,41,16043.44
Turkey,01-02-2000,1.9,-3.5,-0.9,2,17.2,35.3,6987.22
Turkey,02-02-2000,2.7,-5.2,-1,0.4,8.4,20.2,31972.6
Turkey,03-02-2000,6.2,-9.6,-2.9,0,9,22.3,33679.04
Turkey,04-02-2000,6,-8.5,-1.9,1.1,9.5,23.4,32631.84
Turkey,05-02-2000,-1.3,-8.2,-4.2,8.4,18.8,35.6,10709.46
Turkey,06-02-2000,-3.2,-12,-7.5,0,11.3,17.6,32757.75
Turkey,07-02-2000,-4.1,-12.4,-7.8,0,6.5,13,34226.53
Turkey,08-02-2000,-0.5,-17.5,-8.8,0,5.8,12.6,34364.88
Turkey,09-02-2000,3.4,-13.7,-6.2,0,8.2,18.4,34505.04
Turkey,10-02-2000,4.5,-12.2,-5.4,0,8.3,18.7,34647.21
Turkey,11-02-2000,4.1,-11.1,-4.3,0,7.9,17.3,34791.23
Turkey,12-02-2000,2.5,-10.8,-4.5,0,10.2,20.9,33609.5
Turkey,13-02-2000,2.1,-6.8,-3.3,0,11.2,22,35084.11
Turkey,14-02-2000,2.5,-5.7,-2.2,0,8.7,21.2,35219.01
Turkey,15-02-2000,4.6,-7.7,-2.1,0.6,12.9,37.8,29396.31
Turkey,16-02-2000,4.1,-3.3,-0.4,8.1,10.8,23,16840.61
Turkey,17-02-2000,2.7,-6,-0.8,0.9,12.3,20.9,28235.2
Turkey,18-02-2000,5.2,-7.3,-1.7,0,16.3,33.5,35506.68
Turkey,19-02-2000,3.9,-2.7,0,7.8,18.9,59,19115.27
Turkey,20-02-2000,2.1,-5.3,-1.9,0,12.4,23.8,30134.93
Turkey,21-02-2000,6.7,-6.4,0,0,23.1,46.1,35718.86
Turkey,22-02-2000,4,-3.4,0.5,12.7,16.8,42.8,24550.04
Turkey,23-02-2000,-1.8,-8.6,-4.7,2.5,16.4,30.2,22778.79
Turkey,24-02-2000,1.9,-9,-4.4,0,10.1,22.3,34180.81
Turkey,25-02-2000,0.8,-5.8,-3.2,0,15.5,30.6,33590.76
Turkey,26-02-2000,2.5,-6.9,-2.4,1,10.9,27.4,36419.06
Turkey,27-02-2000,-0.1,-6.8,-3.4,0.5,19.1,36.4,36343.27
Turkey,28-02-2000,-3.6,-11.5,-6.7,0,13.2,24.1,36908.78
Turkey,29-02-2000,-5,-14.6,-10.6,0,11.4,17.3,36939.85
Turkey,01-03-2000,-2,-11.9,-7.1,1.3,8.4,17.6,3865.78
Turkey,02-03-2000,2.1,-7.8,-3.5,0,9.2,22.3,37459.64
Turkey,03-03-2000,7.9,-9.2,-1.7,0,12.3,27.4,37523.92
Turkey,04-03-2000,6.2,-2.8,1.5,2.2,6.9,20.2,30675.59
Turkey,05-03-2000,8.6,-5.7,1.1,0,16.6,36,37799.23
Turkey,06-03-2000,7.8,-3.8,0.4,9.8,23.2,57.2,29502.37
Turkey,07-03-2000,-4,-11,-6.2,4.6,34.6,62.6,28408.43
Turkey,08-03-2000,-5.4,-14.2,-9.2,0,12.7,22.3,38149.15
Turkey,09-03-2000,0.7,-18.1,-8.8,0,11.4,16.9,38098.78
Turkey,10-03-2000,7,-8.6,-1.2,0,17.1,30.6,38186.16
Turkey,11-03-2000,3.4,-2,0.7,8.2,20.9,40.3,18930.47
Turkey,12-03-2000,7.2,-8.7,-0.5,0,17.1,36,38259.55
Turkey,13-03-2000,5.7,-1.9,1.7,2,15.8,33.8,36854.36
Turkey,14-03-2000,4.2,-4.6,-0.8,0,14.9,29.2,38490.46
Turkey,15-03-2000,8.1,-6.4,0.9,0,11.7,27,39658.65
Turkey,16-03-2000,10.9,-4.7,2.2,0,21.4,41.8,39579.51
Turkey,17-03-2000,12,-4,4,0,26.1,49.3,39384.7
Turkey,18-03-2000,6.3,-3.5,3.1,5.9,24.4,64.4,37943.29
Turkey,19-03-2000,7.5,-5.7,0.9,0.4,27.4,60.8,39472.42
Turkey,20-03-2000,2.1,-3.8,-0.7,2.8,17.7,49.7,37614.76
Turkey,21-03-2000,7.4,-6.1,0.4,0,20.1,40,40670.1
Turkey,22-03-2000,8.5,-5.5,0.8,5.2,8.4,20.9,33595.16
Turkey,23-03-2000,7.8,-3,1.2,1.5,22.1,42.8,40020.73
Turkey,24-03-2000,6.1,-3.4,0.4,0,16.4,35.6,32943.8
Turkey,25-03-2000,9.3,-4.7,3,0,8.1,21.2,41398.27
Turkey,26-03-2000,13.3,-4.6,4.9,0,7,20.5,41468.24
Turkey,27-03-2000,14.9,-3.4,6.4,0,8.9,23,41525.98
Turkey,28-03-2000,16.7,0.5,8.4,0.1,15.6,33.5,36457.11
Turkey,29-03-2000,16,0.4,8.3,0,14.8,29.2,41327.91
Turkey,30-03-2000,16.2,2.1,10,0,12.5,24.8,40411.67
Turkey,31-03-2000,18.8,3.4,11,0,17,35.6,38267.03
Turkey,01-04-2000,20.4,3.8,11.6,0,16.2,34.6,39434
Turkey,02-04-2000,20.4,4.7,12.7,0,20.4,46.4,38747.73
Turkey,03-04-2000,20.8,6.6,13,0.9,16.6,41.4,41925.17
Turkey,04-04-2000,20.9,4.7,12.6,0,17.4,36.4,30412.11
Turkey,05-04-2000,21.4,4.4,13.2,0,18.7,35.3,39366.54
Turkey,06-04-2000,21.9,6.9,14.5,0,21.6,44.6,42163.38
Turkey,07-04-2000,14.6,5.3,9.7,1.3,23.7,49.7,41866.59
Turkey,08-04-2000,10.5,2,5.6,6.2,21,46.4,38214.74
Turkey,09-04-2000,6.5,0.3,2.9,0.6,17.5,38.2,33246.13
Turkey,10-04-2000,8.6,-3.4,2.6,0,11.9,28.4,43087.76
Turkey,11-04-2000,16.2,-3.3,6.5,0,20.5,41,42372.84
Turkey,12-04-2000,19,0.2,10.4,0.9,21.6,46.1,41168.89
Turkey,13-04-2000,20.8,9.2,13.9,6.7,29.8,58.3,30177.94
Turkey,14-04-2000,12.3,7.5,9.9,3.7,20.8,40.3,5623.81
Turkey,15-04-2000,17.7,6.7,12.1,0.2,10.9,27,42097.91
Turkey,16-04-2000,20.1,3,12.4,0,10.6,16.6,44623.23
Turkey,17-04-2000,21.4,5,13.4,0.8,16.7,31.7,37483.05
Turkey,18-04-2000,21,5.9,13.8,0.1,25.3,55.1,44800.28
Turkey,19-04-2000,18,8.4,13,0.5,30.1,72.4,40595.36
Turkey,20-04-2000,15,6.4,10.5,0.5,23.7,51.1,42602.59
Turkey,21-04-2000,16,5.6,10.3,4.6,15.8,34.9,40193.66
Turkey,22-04-2000,13.3,5.4,9.3,3.3,17.7,38.2,39096.01
Turkey,23-04-2000,14.8,4.1,9.3,3,11.6,27.4,40029.39
Turkey,24-04-2000,15.7,5.1,10,4.4,9.4,26.6,42452.95
Turkey,25-04-2000,16.3,5.2,10.8,0.5,9.8,29.5,44250.94
Turkey,26-04-2000,19.5,4.6,11.5,1.8,13.7,29.9,43368.8
Turkey,27-04-2000,20.2,2.9,12.1,1.9,20.3,46.1,46042.16
Turkey,28-04-2000,19.2,7.4,13.3,0.7,17.9,39.2,41555.27
Turkey,29-04-2000,13.4,6.8,9.9,3,10.4,27,9243.84
Turkey,30-04-2000,15.4,7,10.4,4.9,15.6,41.8,25445.75
Turkey,01-05-2000,17.9,2.8,11.1,0,9.5,19.8,39189.95
Turkey,02-05-2000,20.7,3.5,13.4,1.7,9.5,23.4,42788.15
Turkey,03-05-2000,17.1,6.1,11.2,1.9,18.6,42.5,42854.55
Turkey,04-05-2000,16.7,2.8,9,2.2,13,30.2,35784
Turkey,05-05-2000,13.3,3.5,8.5,9.9,11.4,37.4,35019.7
Turkey,06-05-2000,13.3,5.2,9.1,18,11.5,29.5,32869.45
Turkey,07-05-2000,14.1,7.2,9.6,5.6,14.9,29.2,38816.4
Turkey,08-05-2000,13.2,3.4,8.4,0.4,20.5,45.7,46769.91
Turkey,09-05-2000,13.4,1.1,7.6,0,12.1,28.4,46800
Turkey,10-05-2000,17.3,1.2,10.6,0,8.2,22.7,46800
Turkey,11-05-2000,19.6,2.9,13,0,7.5,19.1,46824.78
Turkey,12-05-2000,21.1,4.4,14.2,0,14.8,30.6,45868.02
Turkey,13-05-2000,20.7,9.8,15.5,0,11,23.4,46800
Turkey,14-05-2000,18.7,9,14,0,16.8,32.4,46312.91
Turkey,15-05-2000,18,7.1,12.5,0,14,30.2,46135.8
Turkey,16-05-2000,18,4,11.8,0,11.9,29.2,46800
Turkey,17-05-2000,18.4,5.8,12.3,0,18,34.2,46800
Turkey,18-05-2000,18.1,4.2,11.6,0,14.5,31,46969.96
Turkey,19-05-2000,19.2,6.1,12.9,0.2,11.1,27.4,46800
Turkey,20-05-2000,21.4,5.1,14.5,0.2,12.3,29.5,46965.48
Turkey,21-05-2000,22.5,7.8,15.7,0.7,10.3,22.3,46736.58
Turkey,22-05-2000,22.6,7.7,15.9,1.7,6.8,24.8,46182.96
Turkey,23-05-2000,23.5,8.8,16.8,1.9,12.3,22,46800
Turkey,24-05-2000,20.1,10.3,15,5.1,11.9,29.5,29211
Turkey,25-05-2000,17.7,9.8,13.3,6.9,15.1,33.1,38229.07
Turkey,26-05-2000,14.4,8.1,10.5,29.2,16.4,31.3,17413.71
Turkey,27-05-2000,18,8.4,13,0.8,18.7,40,37205.64
Turkey,28-05-2000,18.7,8.3,13.8,0.1,12.5,26.3,40017.77
Turkey,29-05-2000,21.9,7.8,16.3,0,7.4,21.2,47287.52
Turkey,30-05-2000,21.9,10,16,7.8,11.6,28.8,41753.77
Turkey,31-05-2000,19,10.3,14.5,1.5,13,28.8,40706.89
Turkey,01-06-2000,21.3,7.6,15.5,0,10.3,18,46938.84
Turkey,02-06-2000,24.3,8.4,16.4,0.7,16.1,30.2,43560.66
Turkey,03-06-2000,18,11,13.2,4.9,13,30.2,32873.54
Turkey,04-06-2000,16.4,10.2,13.4,2,19.4,41,21256.23
Turkey,05-06-2000,19.7,11.6,15.4,0.1,11.4,25.6,38190.61
Turkey,06-06-2000,22,9.8,16.1,0,15.5,32,47682.52
Turkey,07-06-2000,22.2,12,17.1,0.3,10.8,27.4,47147.32
Turkey,08-06-2000,21.8,12.3,16.8,0.7,17.4,33.5,42673.1
Turkey,09-06-2000,21.9,10.9,16.6,0,22,43.9,48236.29
Turkey,10-06-2000,21.3,8.3,15.1,0,16.8,35.3,48884.78
Turkey,11-06-2000,21.2,6.8,14.3,0,19,37.4,48477.57
Turkey,12-06-2000,22.1,5.3,14.1,0,21,42.8,49114.29
Turkey,13-06-2000,23.6,6.2,15.1,0,20.3,39.6,49139.44
Turkey,14-06-2000,23.9,8.7,16.6,0,23.4,46.4,49152.23
Turkey,15-06-2000,23.1,9.1,16.4,0,19.8,42.1,49007.66
Turkey,16-06-2000,27,9.9,18.5,0,10.5,26.6,49207.37
Turkey,17-06-2000,29.7,9.9,21.7,0,7.9,19.4,49227.23
Turkey,18-06-2000,25.9,8.2,15.9,9.1,29.1,58,41870.3
Turkey,19-06-2000,17.4,5.8,11.2,0.2,22.4,42.1,47702.41
Turkey,20-06-2000,15.8,3.6,10.1,0.5,13.9,33.5,49103.93
Turkey,21-06-2000,19.2,4.9,12.6,0,9.3,21.2,49204.75
Turkey,22-06-2000,23.4,7.1,16.4,0,13.4,28.4,49302.19
Turkey,23-06-2000,24.2,11.8,18.6,0,18.2,36.4,49227.58
Turkey,24-06-2000,23.9,11.7,18.3,0,14.4,33.1,49153.06
Turkey,25-06-2000,25.6,11,18.8,0,14.8,32,49242.71
Turkey,26-06-2000,26.5,13.9,20.3,0,14.4,32.4,49166.43
Turkey,27-06-2000,28.4,12.4,21.6,0,10.2,27.4,49124.11
Turkey,28-06-2000,29.3,13.6,21.9,0.1,19.2,37.1,48307.16
Turkey,29-06-2000,29.1,13.4,21.2,2.6,11.4,31,47988.54
Turkey,30-06-2000,30.2,13.8,22.6,0,10.2,21.6,49145.67
Turkey,01-07-2000,30.4,17,23.8,0,15.9,35.3,47868.3
Turkey,02-07-2000,27.3,14.2,21,0,17.4,36,49134.92
Turkey,03-07-2000,26.9,11.7,19.7,0,19.2,37.8,49160.3
Turkey,04-07-2000,28.1,11,19.9,0,20.2,42.1,49117.65
Turkey,05-07-2000,30.2,12.3,21.9,0,23.5,48.2,49143.56
Turkey,06-07-2000,33.4,15.8,24.8,0,20.3,42.1,49093.72
Turkey,07-07-2000,32.4,18.3,25.1,0,18.2,39.2,48122.02
Turkey,08-07-2000,28.6,14.6,22.3,0,13.9,32,49062.99
Turkey,09-07-2000,31.6,14.1,23.8,0,11.2,27.7,49045.03
Turkey,10-07-2000,33.7,14.1,25.6,0,13.7,32,49025.32
Turkey,11-07-2000,32.2,15.6,24.9,0,14.6,33.8,49003.84
Turkey,12-07-2000,31.7,16.2,24.4,0,18.8,40,48980.58
Turkey,13-07-2000,33.6,16.6,25.4,0,11,26.6,48955.52
Turkey,14-07-2000,35,15.4,26.8,0,8.2,24.1,48928.63
Turkey,15-07-2000,32.1,14.5,24.2,0,9.6,25.2,48899.91
Turkey,16-07-2000,33.7,16.1,26.3,0,12.3,30.6,48869.34
Turkey,17-07-2000,33.7,19.3,27,0,11.8,25.6,48836.88
Turkey,18-07-2000,29.6,16.6,23.1,0,20.9,41,48802.5
Turkey,19-07-2000,28.8,12.5,21.3,0,14.7,32.4,48766.24
Turkey,20-07-2000,33.9,14.4,23.9,0,19,42.8,48055.96
Turkey,21-07-2000,32.7,15.1,24,0,11.1,27,48304.89
Turkey,22-07-2000,33.7,14.6,24.8,0,21.5,40.3,48646.68
Turkey,23-07-2000,30,15.1,23.6,0,11.7,27.7,48385.09
Turkey,24-07-2000,26.8,16.2,21.3,0,22,44.3,48198.02
Turkey,25-07-2000,28.8,12,20.8,0,16.7,37.4,48255.51
Turkey,26-07-2000,31.3,14.3,22.9,0,14.8,32,48068.95
Turkey,27-07-2000,33.5,17.3,25.7,0,12.1,28.8,47885.06
Turkey,28-07-2000,34.8,17.3,27.1,0,11.5,27,47704.18
Turkey,29-07-2000,36.3,19.2,28.3,0,10.5,17.3,47526.63
Turkey,30-07-2000,38.4,18.3,29.5,0,12.4,26.3,46807.8
Turkey,31-07-2000,37.2,18.3,28.9,0,21.4,40.3,47182.81
Turkey,01-08-2000,31.1,17.5,24.6,0.2,20.8,41.8,47017.23
Turkey,02-08-2000,21.4,13,17.3,4.4,21.9,42.1,36157.95
Turkey,03-08-2000,21,10.8,16.4,0,24.3,45.7,33289.86
Turkey,04-08-2000,20.4,11.4,15.9,0,26.8,51.1,10411.49
Turkey,05-08-2000,25.9,11.7,18.7,0,18.6,40,46496.03
Turkey,06-08-2000,28.7,12.5,20.7,0,15.5,31.7,46354.36
Turkey,07-08-2000,30.8,14.3,22.7,0,12.2,26.3,46301.42
Turkey,08-08-2000,32.2,17,24.7,0,10.9,26.6,46168.66
Turkey,09-08-2000,33.2,16.6,25.5,0,18.1,40.3,46116.78
Turkey,10-08-2000,32.5,15.9,24.4,0,23.9,47.5,45994.21
Turkey,11-08-2000,32.5,15.5,23.9,0,21,42.1,45879.88
Turkey,12-08-2000,33.5,15.6,24.6,0,15.8,33.8,45797.5
Turkey,13-08-2000,31.7,17.2,24.3,0.2,22.1,42.5,45746.45
Turkey,14-08-2000,29.9,15.1,22.6,0,19.8,40.3,45695.25
Turkey,15-08-2000,28.3,14,21.5,0,18,36.7,45643.92
Turkey,16-08-2000,28.5,12,20.7,0,16.3,32.4,45592.5
Turkey,17-08-2000,28.7,12.5,21,0,13.7,28.1,45540.99
Turkey,18-08-2000,30.2,13.3,22.2,0,19.1,40,45489.42
Turkey,19-08-2000,27.7,14.5,21.1,0.1,21.4,43.2,45437.81
Turkey,20-08-2000,24.5,15.9,19.9,0.3,22.9,48.6,32459.82
Turkey,21-08-2000,28.3,14.9,21.3,0.3,17.4,37.8,44231.42
Turkey,22-08-2000,29.7,15,22.7,0,15.5,30.6,45077.85
Turkey,23-08-2000,30.4,15.9,23.6,0,15.9,32,44845.56
Turkey,24-08-2000,28.2,17,22.1,0.4,24.4,47.9,44486.66
Turkey,25-08-2000,26.1,15.9,20.4,0.2,18.9,42.8,44007.29
Turkey,26-08-2000,25,13.2,18.5,4.2,14.3,36.4,44290.7
Turkey,27-08-2000,22.4,13.1,17.4,4,22.5,46.4,43327.25
Turkey,28-08-2000,21.1,10.6,15.4,0,17.2,36.4,44208
Turkey,29-08-2000,21.3,11.1,16,0,14.3,30.2,35344.13
Turkey,30-08-2000,21.5,9.8,15.8,0,17.6,36.4,40226.64
Turkey,31-08-2000,20.2,9.9,15.2,0.5,14.1,32,42735.3
Turkey,01-09-2000,22,9.5,15.8,0,11,27.4,43205.81
Turkey,02-09-2000,28.2,8.5,18.9,0,12.3,27.7,43102.3
Turkey,03-09-2000,27.2,11.8,19.9,0,11.8,29.2,42782.48
Turkey,04-09-2000,27.2,13.4,20.9,0,11.8,29.5,42680.75
Turkey,05-09-2000,27.8,11.9,20.9,0,8,24.8,42475.35
Turkey,06-09-2000,27.5,11.5,20.2,0.1,20.7,46.1,41624.95
Turkey,07-09-2000,24.8,12,18.9,0,11,29.5,41442
Turkey,08-09-2000,24.8,12.4,18.4,0,10.1,20.5,41600.97
Turkey,09-09-2000,26,12,18.6,0,16.9,33.8,41519.41
Turkey,10-09-2000,22.5,11.6,16.4,0,19.8,39.6,41190.23
Turkey,11-09-2000,24.7,8.5,16.4,0,9.8,25.6,41133.11
Turkey,12-09-2000,28,9,19.3,0,11.8,18.4,40768.04
Turkey,13-09-2000,23.5,12.6,17.6,0.5,20.5,38.5,39600
Turkey,14-09-2000,24,11.5,17.2,0,12.4,25.6,40044.83
Turkey,15-09-2000,24.2,10.8,18.6,0,10.1,24.8,39843.39
Turkey,16-09-2000,25.1,12.4,18.6,0.3,14.9,30.2,39600
Turkey,17-09-2000,23,11.2,17.1,0.5,9.8,25.2,39758.18
Turkey,18-09-2000,25.3,10,18.6,0,8,22,39600
Turkey,19-09-2000,25.7,11.1,18.9,0,10.2,24.8,39685.84
Turkey,20-09-2000,26.7,9.8,19,0,11.9,27,39620
Turkey,21-09-2000,24,12.7,18.1,0,15.2,31.7,39600
Turkey,22-09-2000,26.8,10.9,19.3,0,12.8,29.9,39600
Turkey,23-09-2000,27.2,9.4,19,0,10.1,16.2,39600
Turkey,24-09-2000,28,9.9,19.5,0,11.3,27.4,39600
Turkey,25-09-2000,24.2,12.6,17.8,0,15.5,32,39600
Turkey,26-09-2000,17.6,11.2,13.8,1.5,14.8,29.2,32400
Turkey,27-09-2000,16.5,7.8,11.6,0,17.4,38.5,39600
Turkey,28-09-2000,15.9,7.1,10.7,1.1,18.4,37.8,20034.61
Turkey,29-09-2000,13.1,7.2,10,2.9,15,28.8,13784.37
Turkey,30-09-2000,15.7,7.7,11.8,0,9.7,18.7,21821.59
Turkey,01-10-2000,18.2,7.8,12.7,0,15.1,29.9,39283.79
Turkey,02-10-2000,17.6,4.6,10.7,0,16.1,32.8,39130.97
Turkey,03-10-2000,21,5.9,12.9,0,11.6,19.8,38978.65
Turkey,04-10-2000,23.1,7.3,15.3,0,12.4,16.6,38826.95
Turkey,05-10-2000,24,6.4,15.8,0,7,17.6,38675.67
Turkey,06-10-2000,24.8,7.2,15.8,0,10.3,19.8,38320.66
Turkey,07-10-2000,25.3,8.3,16.3,1.6,18.4,41.4,37951.71
Turkey,08-10-2000,20.5,8.9,14.5,0.3,11,31.3,38217.87
Turkey,09-10-2000,21.4,8.3,14.4,0,13.1,29.2,38064.17
Turkey,10-10-2000,20.4,8.4,13.7,1.7,19.9,44.3,34858.17
Turkey,11-10-2000,17.4,8,12.8,0.9,15.5,32.8,35195.97
Turkey,12-10-2000,17.9,8.8,13.4,0,10.8,18.7,37601.29
Turkey,13-10-2000,18.9,5.7,11.8,0,16.9,33.5,37446.77
Turkey,14-10-2000,16.9,5.7,10.6,0,21.1,40.7,35642
Turkey,15-10-2000,18.5,3.9,10.7,0,10,20.5,37138.08
Turkey,16-10-2000,18.6,5.9,12,0,10.6,23.8,36984.14
Turkey,17-10-2000,18.6,5,12,0,9.3,23.8,36830.63
Turkey,18-10-2000,19.3,3.1,11.6,0,9.8,22,36361.28
Turkey,19-10-2000,15.9,4.2,9.4,0,15.2,31.3,35675.24
Turkey,20-10-2000,5.6,2.3,4.3,10.6,17.1,34.6,0
Turkey,21-10-2000,8.5,2.7,5.4,1.2,11.2,24.8,8892.67
Turkey,22-10-2000,7.6,0.9,4,3.2,13.6,29.5,22916.51
Turkey,23-10-2000,7.8,-0.6,3.7,0.3,6.8,20.2,31798.7
Turkey,24-10-2000,11.1,-1.9,4,1,9.2,25.6,29335.98
Turkey,25-10-2000,9.3,3.8,6.1,3.5,12.4,27.7,16602
Turkey,26-10-2000,10.4,3.2,6.8,0,7.4,17.6,16759.32
Turkey,27-10-2000,13.9,2.5,8.3,0,8.8,16.6,34662.33
Turkey,28-10-2000,15.4,0,8.3,0,12.1,26.3,34247.96
Turkey,29-10-2000,10.6,4.9,7.9,3.3,9.1,19.1,29044.53
Turkey,30-10-2000,11.5,2.8,6.8,0,8.7,19.4,33300.72
Turkey,31-10-2000,11.8,0.5,6.3,0,9.3,22,34138.89
Turkey,01-11-2000,12.6,-1.4,6,0,7,15.8,34028.36
Turkey,02-11-2000,13.2,-0.1,6.7,0,5.7,15.8,33827.54
Turkey,03-11-2000,13.8,-0.9,6.5,0,6.1,16.6,33647.54
Turkey,04-11-2000,14.6,-0.3,7,0,8.4,16.2,33302.45
Turkey,05-11-2000,14.6,-0.3,7.3,0,7.2,17.6,33284.9
Turkey,06-11-2000,15.4,-0.5,7.4,0,5.1,14,33161.61
Turkey,07-11-2000,15.1,0.6,7.8,0,5.9,18.4,31029.81
Turkey,08-11-2000,16.7,0.5,8.4,0,7.7,17.6,32938.53
Turkey,09-11-2000,16.8,1.4,8.8,0,9.2,17.3,32751.63
Turkey,10-11-2000,16.9,1.8,8.9,0,5.7,15.8,32741.73
Turkey,11-11-2000,17.9,0.7,8.9,0,7.8,19.1,32419.47
Turkey,12-11-2000,16.3,3.5,8.7,0,14,25.9,32336.38
Turkey,13-11-2000,10.2,1.5,5.3,0,11.7,24.1,32282.68
Turkey,14-11-2000,10.8,-2.4,3.8,0,10.5,21.6,32393.48
Turkey,15-11-2000,11.6,-3.2,4.2,0,10.1,21.6,32279.83
Turkey,16-11-2000,11,-2.6,3.9,0,5,12.2,32226.67
Turkey,17-11-2000,12.4,-3.5,3.5,0,8,14.8,32130.22
Turkey,18-11-2000,11,-3.4,3.1,0,6.8,16.9,32046.24
Turkey,19-11-2000,10.6,-3.3,2.6,0,5.4,12.6,32005.83
Turkey,20-11-2000,11.3,-3.9,2.4,0,9.9,20.2,31958.26
Turkey,21-11-2000,11,-3.2,2.8,0,6.8,16.2,31919.03
Turkey,22-11-2000,10,-2.8,2.8,0,8.7,17.3,30981.69
Turkey,23-11-2000,8.5,-3.6,1.9,0,8.2,15.8,31846.27
Turkey,24-11-2000,8.7,-3.9,1.6,0,5.9,13.7,31747.52
Turkey,25-11-2000,9.7,-4.4,1.4,0,7.7,18,31647.19
Turkey,26-11-2000,10.5,-4.3,1.4,0,8.7,18.7,31549.72
Turkey,27-11-2000,9.8,-3.1,2.7,0,16,32,27274.5
Turkey,28-11-2000,9.1,0.3,4.4,2,17.3,34.2,2205.55
Turkey,29-11-2000,9.4,2.5,5,0,17.1,33.5,12249.78
Turkey,30-11-2000,9.7,-1.3,4,0,19.8,36.7,21457.22
Turkey,01-12-2000,9.2,1.9,4.8,0,13.5,28.1,21318.62
Turkey,02-12-2000,8.7,-3.6,2.5,0,5.3,14.4,30639.56
Turkey,03-12-2000,8.9,-3.4,2.2,0,7.6,15.1,30962.65
Turkey,04-12-2000,9.5,-4,2.2,0,5.5,14,30894.56
Turkey,05-12-2000,8.8,-3.8,1.7,0,5.1,12.6,30830.04
Turkey,06-12-2000,7.3,-3.2,1.2,0,6,11.2,23064.34
Turkey,07-12-2000,4.6,-2.8,-0.1,0,10.2,19.4,30710.82
Turkey,08-12-2000,3.2,-2.4,-0.5,0,9,19.4,21710.87
Turkey,09-12-2000,6.4,-3,0.3,0,16.3,32.8,26964.05
Turkey,10-12-2000,2.5,-3.4,-1.1,0,11.4,22,17944.17
Turkey,11-12-2000,3.4,-4.5,-1.3,0.3,8.9,19.4,24370.34
Turkey,12-12-2000,3,-2,0,1.1,12,24.5,12305.51
Turkey,13-12-2000,4.8,-2.1,0.8,0,20,38.9,17189.57
Turkey,14-12-2000,3.4,-3,-0.5,0,8.6,20.2,29194.46
Turkey,15-12-2000,6.3,-4.6,-0.2,0,9.9,22.3,30376.39
Turkey,16-12-2000,10.9,-3.6,2,0,13.4,27,29557.1
Turkey,17-12-2000,12.1,0.3,4.8,0.5,23.2,43.6,30331.3
Turkey,18-12-2000,10.2,-0.6,3.4,4.5,13.2,38.9,23333.29
Turkey,19-12-2000,4.5,-2.2,0.8,0,9.6,20.5,18582.84
Turkey,20-12-2000,2.9,-3.9,-0.7,1.3,9.6,19.4,28665.07
Turkey,21-12-2000,0.5,-4.5,-2.2,1.7,15.5,34.2,24579.66
Turkey,22-12-2000,0.1,-8.5,-4.8,0,7.1,18,30291.69
Turkey,23-12-2000,3.6,-4.4,-0.9,0.5,10,22.7,14773.71
Turkey,24-12-2000,2.3,-3.1,-0.5,13.2,14.2,30.6,15881.66
Turkey,25-12-2000,0,-6.5,-2.1,3.7,9.8,23,17134.54
Turkey,26-12-2000,3.3,-15.5,-6.2,0,9.8,22.3,26559.55
Turkey,27-12-2000,5,-7,-2.4,0,11.3,24.1,30363.14
Turkey,28-12-2000,5.9,-7.9,-1.8,0,10.5,19.8,29455.45
Turkey,29-12-2000,6.9,-6.4,-1.1,0,13,26.3,25586.36
Turkey,30-12-2000,8.1,-3.8,1.3,0.9,18.8,38.9,18923.81
Turkey,31-12-2000,8.4,-2.4,2.7,0.8,15.1,33.8,30498.88
Turkey,01-01-2001,9.7,-2.4,2.4,0,13.2,28.1,28263.19
Turkey,02-01-2001,9.9,-1.3,3.3,0.7,11.7,25.6,27173.61
Turkey,03-01-2001,6.8,-3.6,1.2,0,7.9,17.3,29421.19
Turkey,04-01-2001,8.5,-3.9,1.7,0,6.2,16.6,28929.03
Turkey,05-01-2001,8.6,-3.1,1.6,0,7.9,18.4,29037.69
Turkey,06-01-2001,9,-3.9,2.2,0.3,7.8,16.2,28354.02
Turkey,07-01-2001,7.4,-3.5,1.2,0,6.5,17.3,22995.73
Turkey,08-01-2001,8.4,-4.3,1.1,0,5.4,15.5,29055.66
Turkey,09-01-2001,13.3,-4.2,2.5,0,10.3,19.4,30776.11
Turkey,10-01-2001,9.6,-2.1,3.2,0,15.5,32.8,30308.61
Turkey,11-01-2001,7.8,0.2,3.2,0.1,10.8,24.1,30312.82
Turkey,12-01-2001,7.9,-3.5,1.4,0,17.7,36,30925.5
Turkey,13-01-2001,8.2,-3.5,1.6,0,12.5,24.1,30596.28
Turkey,14-01-2001,7.7,-1.9,2.3,0,7.5,15.5,24224.24
Turkey,15-01-2001,9.4,-0.8,3.4,0.5,8.8,18,27618.88
Turkey,16-01-2001,8.2,-0.6,2.5,0,10.7,17.3,30926
Turkey,17-01-2001,6.2,-1.9,1,0,9.4,20.5,31312.88
Turkey,18-01-2001,5.5,-3.5,0.8,0,8.3,17.6,19831.39
Turkey,19-01-2001,3,-2.1,0.2,0.1,11.1,23,9986.45
Turkey,20-01-2001,3,-3,-0.5,0,8.7,19.8,26934.56
Turkey,21-01-2001,3.3,-4.7,-0.9,0,7.1,14.8,31742.37
Turkey,22-01-2001,3.2,-4,-1.3,0,11.4,22.7,31471.89
Turkey,23-01-2001,1.1,-5.9,-3,0,10.2,20.5,32381.1
Turkey,24-01-2001,1.9,-5.7,-2.6,0,10,17.6,29036.13
Turkey,25-01-2001,0.9,-6.3,-3.2,0,24.2,47.9,32486.5
Turkey,26-01-2001,1.8,-7.1,-3.2,0,11.3,23.8,32742.27
Turkey,27-01-2001,7.4,-7.5,-0.7,0,7.2,16.2,31319.36
Turkey,28-01-2001,8.4,-5.2,0.5,0,10.7,24.5,32991.77
Turkey,29-01-2001,9.5,-3,2.4,0.3,10.5,24.8,31560.92
Turkey,30-01-2001,12.1,-3.9,2.5,0,10.9,19.8,32109.9
Turkey,31-01-2001,12.5,-4.1,2.7,0,17,33.1,33375.87
Turkey,01-02-2001,9.8,-4,1.8,3.7,20.3,50,32619.04
Turkey,02-02-2001,8.2,-3.2,1.5,2.3,13.2,37.1,25178.34
Turkey,03-02-2001,8.8,-1.6,2.5,2.5,15.3,35.3,31966.52
Turkey,04-02-2001,3.1,-1.5,0.4,4,11.1,24.1,7052.44
Turkey,05-02-2001,5,-2.6,0.4,0,10.2,23.4,34043.7
Turkey,06-02-2001,8.6,-5.4,0.7,0,14.4,30.2,34183.55
Turkey,07-02-2001,6.2,-1.9,0.9,1.1,16.3,31.3,30424.64
Turkey,08-02-2001,7.4,-1.9,1.5,0,10.8,25.2,34468.57
Turkey,09-02-2001,8.5,-5.2,1.5,0,9.9,18.7,34613.39
Turkey,10-02-2001,10.1,-5.3,1.8,0,5.2,14.8,34759.54
Turkey,11-02-2001,11.9,-4.4,3,0,9.4,17.6,34906.82
Turkey,12-02-2001,12.3,-2.5,3.9,0,9.8,21.2,35055.11
Turkey,13-02-2001,11.5,-3.9,3.5,0,11,18,35202.87
Turkey,14-02-2001,4.8,-1.9,1.2,8.4,9.1,22.7,3060.57
Turkey,15-02-2001,3.8,-2.3,0.5,2.4,9,20.5,22162.86
Turkey,16-02-2001,5.2,-3.3,0.3,2.1,9.8,20.5,26472.12
Turkey,17-02-2001,8.8,-4.4,0.8,0,13.7,30.6,35491.58
Turkey,18-02-2001,7.3,-5,1,0,10,24.5,35602.42
Turkey,19-02-2001,8.3,-3.3,2.1,1.7,24,50.8,35633.04
Turkey,20-02-2001,-0.6,-9.6,-4.7,15.4,27.4,56.2,0
Turkey,21-02-2001,-2.9,-14.8,-8.6,0,14.6,25.6,34021.47
Turkey,22-02-2001,0.5,-15.1,-6.5,2.8,22.9,42.1,21003.83
Turkey,23-02-2001,2.2,-8.5,-3.2,1.5,22.9,39.6,36004.43
Turkey,24-02-2001,8,-5.5,1,2.3,19,40,31468.74
Turkey,25-02-2001,10.4,-2.9,3.7,0.1,23.4,49.3,36250.63
Turkey,26-02-2001,12.9,-1.1,5.4,0,19.4,38.2,35758.29
Turkey,27-02-2001,14.4,1.2,6.6,0.9,24.8,56.9,35602.09
Turkey,28-02-2001,15.1,-1.4,6.5,0.1,16.6,34.9,31002.19
Turkey,01-03-2001,13.2,2.1,7.4,0.2,26.1,60.1,10462.76
Turkey,02-03-2001,10.7,1.3,6.6,4.4,28.9,54.7,36000
Turkey,03-03-2001,11.8,-1.6,4.8,0,17.9,37.8,37452.61
Turkey,04-03-2001,16.8,0.1,8.1,0,12.1,28.1,37375.04
Turkey,05-03-2001,17,0.7,8.3,0,11.5,25.6,37258.93
Turkey,06-03-2001,17,1.4,9.1,0,11.9,28.8,37308.23
Turkey,07-03-2001,15.9,3.5,8.8,1,11,28.8,34495.68
Turkey,08-03-2001,10,1.3,5.1,1.8,19.5,37.4,26650.36
Turkey,09-03-2001,11.7,-2.7,3.7,0,16.8,34.2,38444.72
Turkey,10-03-2001,14.9,-2.8,6.1,0,8.3,18,38474.79
Turkey,11-03-2001,16.9,-2.8,7.7,0,9.5,18,38250.84
Turkey,12-03-2001,16.7,1.7,9.2,0,7.7,17.6,34300.68
Turkey,13-03-2001,15,1.3,8,3.1,11.6,24.8,38394.95
Turkey,14-03-2001,13.7,1.3,7.5,0.7,10.7,25.9,38527.86
Turkey,15-03-2001,10.8,2.9,6.4,7.7,16.5,39.6,38446.77
Turkey,16-03-2001,10.7,-0.6,4.9,0,19.6,40.7,39641.45
Turkey,17-03-2001,13.9,0.1,7,0,11.5,28.1,39854.67
Turkey,18-03-2001,17.3,-1.5,8.2,0,18.2,36.4,40072.82
Turkey,19-03-2001,16.2,1,8.9,0,16.2,33.5,37193.01
Turkey,20-03-2001,18.9,4.3,11.4,0.3,26.1,52.9,33468.64
Turkey,21-03-2001,16.3,4.1,10.8,0,14.1,32,35392.64
Turkey,22-03-2001,16.9,2.4,10.5,0,18.6,37.8,29065.4
Turkey,23-03-2001,10.4,5.6,8.2,17.1,22.6,51.5,5286.5
Turkey,24-03-2001,9.8,3.1,5.9,7.2,18.8,37.1,31582.29
Turkey,25-03-2001,14.7,-0.1,7.9,0,16.1,37.4,36168.01
Turkey,26-03-2001,21.7,4.1,13.1,0,23.4,47.5,41274.43
Turkey,27-03-2001,23.4,5.3,14.7,0,17.8,36.4,41510.75
Turkey,28-03-2001,22,5.1,13.7,0,24.9,49.3,41568.35
Turkey,29-03-2001,16.1,7.3,11.1,0,13,30.2,41193.68
Turkey,30-03-2001,18.1,4.5,11.2,0,15.9,28.8,39561.89
Turkey,31-03-2001,19.7,7,12.7,0,11.9,31.3,34586.81
Turkey,01-04-2001,23.7,7.4,15.6,0.8,32.7,77,41636.86
Turkey,02-04-2001,17.4,8.7,12.3,6.5,20.5,50,27317.03
Turkey,03-04-2001,16.1,5.7,10.1,0.7,13,28.8,41386.52
Turkey,04-04-2001,16.3,4.4,9.6,0,14.8,30.6,41412.91
Turkey,05-04-2001,13.3,1.4,7.9,1.4,8.9,25.2,39762.03
Turkey,06-04-2001,14.6,2.5,8.1,1.3,17.4,37.4,42009.86
Turkey,07-04-2001,13.7,2.1,8,3,7.8,19.8,40650.34
Turkey,08-04-2001,15.4,1.5,9,0,11.7,28.4,42631.4
Turkey,09-04-2001,17.7,2.7,10.7,0,8.3,22.3,42997.8
Turkey,10-04-2001,17.9,3.1,9.1,7.9,22.1,49.3,38439.05
Turkey,11-04-2001,12.6,2.8,7.3,6.7,14,36.4,40033.14
Turkey,12-04-2001,12.9,3.2,7.7,1.5,14.1,35.6,39409.69
Turkey,13-04-2001,16.4,1.2,9.3,0,11.4,25.6,43744.57
Turkey,14-04-2001,15,4,8.7,3.3,26.4,54,16040.65
Turkey,15-04-2001,15.2,5.3,9.5,0.7,18.8,38.2,38119.72
Turkey,16-04-2001,14.8,3.5,9.4,0.7,24.8,54,44226.34
Turkey,17-04-2001,16.7,2.3,9.7,0,15.2,33.1,44171.52
Turkey,18-04-2001,19.4,5.7,11.2,4.3,22.7,51.1,31948.98
Turkey,19-04-2001,15,6.9,10.5,6,18.9,38.9,43762.34
Turkey,20-04-2001,17.6,2.6,11,0,15.9,37.1,45145.97
Turkey,21-04-2001,21.5,3.1,13.3,0,11.8,27,38366.32
Turkey,22-04-2001,22,7.6,15.1,0.6,28.1,56.5,33834.86
Turkey,23-04-2001,20.4,9.8,15,4.2,38.2,88.2,45544.13
Turkey,24-04-2001,14.8,4.8,10.1,0.2,12,28.1,33920.81
Turkey,25-04-2001,14.3,2.7,9.4,0,16.9,33.5,42011.02
Turkey,26-04-2001,15.2,3.5,10.1,1,25.6,51.1,45933.34
Turkey,27-04-2001,16.1,4.6,10.2,0,11.3,28.1,46019
Turkey,28-04-2001,19.5,1.9,11.7,0,12.5,24.8,46091.73
Turkey,29-04-2001,22,3.4,13.9,0,12.5,18.7,46163.6
Turkey,30-04-2001,24,5.4,15.6,0,17.2,33.5,46234.54
Turkey,01-05-2001,19.8,7,12.9,0,28,53.6,46304.48
Turkey,02-05-2001,13.1,4.8,8.7,0.6,23.8,47.9,42701.39
Turkey,03-05-2001,12.7,3.7,7.9,1.4,12.2,30.6,45078.91
Turkey,04-05-2001,14.5,6.2,9.9,1.6,9.4,24.8,36000
Turkey,05-05-2001,18,6,12.4,0.1,10.2,26.6,46572.93
Turkey,06-05-2001,19.2,4.9,12.1,1.6,18.9,43.6,34859.98
Turkey,07-05-2001,16.8,6.2,11.4,5.8,11.8,29.5,43535.98
Turkey,08-05-2001,15.1,7.4,10.3,9.1,11.1,28.4,22023.05
Turkey,09-05-2001,14.3,7.5,10.1,9.7,9.4,25.2,25720.99
Turkey,10-05-2001,13.5,7.2,9.6,10.8,8.5,25.9,19447.66
Turkey,11-05-2001,12.7,4.7,8.5,9.1,18.2,37.4,27238.04
Turkey,12-05-2001,17.9,2.3,10.2,0,12.6,24.8,42041.98
Turkey,13-05-2001,19.7,6.9,13.3,1.8,27.2,68.4,45365.84
Turkey,14-05-2001,15.3,7.6,10.7,16,9.7,33.1,37816.91
Turkey,15-05-2001,12.5,6.2,9,4.4,15.3,32.4,32081.1
Turkey,16-05-2001,14,5.1,9.8,0.2,12.2,25.9,38333.97
Turkey,17-05-2001,16,5.3,11,0,14.8,29.9,46881.73
Turkey,18-05-2001,17.6,5.4,11.8,0,13.8,29.2,46970.44
Turkey,19-05-2001,19.6,4.8,13.2,0,9.8,25.6,47064.41
Turkey,20-05-2001,22.2,6.4,14.1,1.8,23.4,51.8,46238.79
Turkey,21-05-2001,17.3,5.9,11.5,0,13,28.1,47165.89
Turkey,22-05-2001,21.8,5,14.1,0,11.5,26.3,46800
Turkey,23-05-2001,24.7,9.5,17.9,0,21.4,41,46800
Turkey,24-05-2001,16.5,8.5,12.6,0.3,17.3,34.9,35976.39
Turkey,25-05-2001,19.8,4.9,12.6,0,9.9,23,47503.77
Turkey,26-05-2001,26,5.5,16.6,0.2,17.1,42.8,42297.93
Turkey,27-05-2001,24.1,9.4,17.4,0.6,26.6,50.8,37410.42
Turkey,28-05-2001,19.9,11.3,15.2,1.3,14.5,33.5,46128.89
Turkey,29-05-2001,19.1,7.5,13.8,0,18.1,34.2,42405.48
Turkey,30-05-2001,22,9.3,15.7,0.2,19,41.4,43405.37
Turkey,31-05-2001,21.5,9.8,16.3,0,16.2,37.8,47657.81
Turkey,01-06-2001,26.1,8.6,18.2,0,14.2,32.8,48134.12
Turkey,02-06-2001,28.4,9.8,20,0,18.4,37.4,48047.05
Turkey,03-06-2001,26.6,12.1,19.7,0,10.5,23,47682.29
Turkey,04-06-2001,29.2,11.8,21.6,0,16.6,34.6,48417.53
Turkey,05-06-2001,23.8,13.5,18.7,0,23.8,49,48341.64
Turkey,06-06-2001,19.1,8.6,13.7,0,20,36,47681.48
Turkey,07-06-2001,20.6,8.1,14.4,0,9.9,24.5,48492.47
Turkey,08-06-2001,22.1,9.5,16,0,16.7,34.2,46891.45
Turkey,09-06-2001,21.2,8.3,15.3,0,16.6,36.7,48735.31
Turkey,10-06-2001,24.3,8.5,16.8,0,16.2,35.6,49055.13
Turkey,11-06-2001,27.1,11,19.4,0,18.3,37.8,49083.83
Turkey,12-06-2001,29.7,12.6,21.2,0,13.3,29.9,49111.25
Turkey,13-06-2001,30.8,14.7,23,0,17.1,36.7,48771.16
Turkey,14-06-2001,31.3,13.5,23.1,0,13.2,27.4,47927.62
Turkey,15-06-2001,31.7,17.2,25.2,0,15.5,31.7,48500.24
Turkey,16-06-2001,22.8,13.4,18.3,4,19,39.2,46803.71
Turkey,17-06-2001,20.1,10.3,15.2,1.6,21.1,42.1,39847.34
Turkey,18-06-2001,23.5,10,17.1,0,10.8,27,49063.62
Turkey,19-06-2001,28.6,10.3,20.7,0,10.8,27,48953.33
Turkey,20-06-2001,30.3,13.6,22.7,0,24.3,49.3,49187.57
Turkey,21-06-2001,29,12.8,22,0,29,56.2,49114.03
Turkey,22-06-2001,27.8,11.9,20.7,0,14.6,30.6,49211.38
Turkey,23-06-2001,26.6,12.8,20.4,0,11.5,30.6,49136.29
Turkey,24-06-2001,29.1,13.2,22.5,0,10.4,26.6,49229.34
Turkey,25-06-2001,27.5,13.5,21.1,0,18.8,37.8,49153.58
Turkey,26-06-2001,26.9,13.1,20.5,0,15.8,35.6,49143.02
Turkey,27-06-2001,26.3,12.5,20.2,0,15.9,38.5,49165.5
Turkey,28-06-2001,26,11.9,19.8,0,17.1,40,49169.29
Turkey,29-06-2001,25.4,11.8,19.3,0,15.7,37.1,49171.52
Turkey,30-06-2001,27.3,11,19.8,0,15.1,32,49172.14
Turkey,01-07-2001,26.8,11.6,19.7,0,18.4,40.3,49171.09
Turkey,02-07-2001,27,11.3,19.9,0,14.4,32,49168.3
Turkey,03-07-2001,29.4,12.4,22.4,0,9.5,25.6,48605
Turkey,04-07-2001,27.1,16.3,22.3,0,14.2,31,47543.59
Turkey,05-07-2001,26.9,13.8,21.2,0,19.1,36.4,45069.42
Turkey,06-07-2001,26.9,13.5,21.2,0,18.3,38.9,48853.49
Turkey,07-07-2001,26.4,13.3,20.4,0.2,19.7,47.9,46962.51
Turkey,08-07-2001,24.7,14.1,19.3,0.4,23.4,49.3,48553.51
Turkey,09-07-2001,27.3,13.7,20.6,0,18.8,41,49052.54
Turkey,10-07-2001,28.8,14.7,22.2,0,16.7,36.7,49032.92
Turkey,11-07-2001,27.6,13.4,21.4,0,17.2,37.1,49011.34
Turkey,12-07-2001,29,14.4,22.2,0,16.3,35.3,48987.79
Turkey,13-07-2001,29.2,13.9,22.1,0.1,21,43.6,48962.37
Turkey,14-07-2001,29.8,14.8,22.3,0,20.1,40,48935.1
Turkey,15-07-2001,31,15.3,23.5,0.3,15.5,31.3,48906.03
Turkey,16-07-2001,30.8,15.7,24,0,14.6,32.8,48495.86
Turkey,17-07-2001,29.8,15.5,23.5,0,17.9,37.1,48842.58
Turkey,18-07-2001,31.1,17.2,24.7,0,12.2,30.2,47670.98
Turkey,19-07-2001,31.4,16.7,24.9,0,18.4,37.8,48330.29
Turkey,20-07-2001,29.2,15.6,23,0,18.8,37.8,48711.73
Turkey,21-07-2001,30,15.2,23.2,0,13.2,31.3,48695.34
Turkey,22-07-2001,34.8,14.5,26.2,0,8.2,21.2,48654.47
Turkey,23-07-2001,35.6,16.1,27.5,0,9.3,24.1,48522.16
Turkey,24-07-2001,35.9,19.5,28.5,0,12.1,24.1,48332.8
Turkey,25-07-2001,35.3,18.7,27.3,0,18.5,33.1,47537.77
Turkey,26-07-2001,33,18.4,25.9,0,20.2,41.8,47961.55
Turkey,27-07-2001,34,17,26,0,15.5,35.6,47780.21
Turkey,28-07-2001,34.6,18.3,26.8,0,19.7,40,47602.14
Turkey,29-07-2001,33.4,18.8,25.9,0,18.8,41.4,47427.64
Turkey,30-07-2001,33.9,17.4,26.1,0,17.8,37.8,47257.05
Turkey,31-07-2001,34.5,18,26.6,0,20.7,38.2,46983.62
Turkey,01-08-2001,34.4,19.4,26.9,0,23.1,46.4,46512
Turkey,02-08-2001,34.2,20,25.9,0,24.9,50.4,46468.07
Turkey,03-08-2001,26.8,18.3,22.2,0.7,27.6,51.1,39009.27
Turkey,04-08-2001,28.4,15.1,21.1,0,23.4,45.7,45737.16
Turkey,05-08-2001,31.2,15,22.9,0.5,16.9,34.9,46239.13
Turkey,06-08-2001,31.2,16.1,24.2,0,14.3,28.8,46281.99
Turkey,07-08-2001,31.8,16,24.6,0,16.9,34.9,46315.82
Turkey,08-08-2001,31.9,15.6,24.4,0,19.7,39.6,46181.68
Turkey,09-08-2001,31.4,15.3,23.9,0,24.7,46.1,46129.39
Turkey,10-08-2001,31.9,15.8,24.1,0,20.4,42.5,46005.59
Turkey,11-08-2001,33.2,15.4,25.1,0,13.1,29.2,45890.02
Turkey,12-08-2001,34.9,19.5,27.7,0,9.5,22.3,45808.09
Turkey,13-08-2001,34,19.1,27.3,0,17.5,35.6,45756.64
Turkey,14-08-2001,30.3,17.7,24.6,0.2,14.5,30.2,45705.14
Turkey,15-08-2001,31,17.9,24.2,0,21.8,40.7,45653.61
Turkey,16-08-2001,29,14.5,21.9,0,20.3,39.6,45602.06
Turkey,17-08-2001,27.3,13.7,20.7,0,16.4,33.8,45550.55
Turkey,18-08-2001,27.6,14.3,21.5,0,13,30.2,45499.09
Turkey,19-08-2001,28.2,15.7,22.4,0.1,12.9,28.8,45447.71
Turkey,20-08-2001,29.6,15.1,23.1,0,12,24.8,45396.44
Turkey,21-08-2001,29.8,15,23.1,0,12.4,24.1,45308.27
Turkey,22-08-2001,29,16.8,23.2,0,11,26.6,45176.53
Turkey,23-08-2001,29.3,16.6,23.2,0,14.2,30.6,45043.26
Turkey,24-08-2001,28.1,14.8,21.9,0,16.4,32,44776.82
Turkey,25-08-2001,28.1,14.1,21.6,0,14.6,32.8,44772.57
Turkey,26-08-2001,27.6,13.9,20.9,0.5,17.7,34.9,44569.23
Turkey,27-08-2001,26.3,12.5,19.6,0,15.7,31.3,44462.5
Turkey,28-08-2001,26.3,11.4,19.4,0,14.2,29.2,44110.67
Turkey,29-08-2001,27.3,12.6,20.6,0,14.1,33.5,44004.5
Turkey,30-08-2001,28.1,12,21,0,23.6,44.3,43779.45
Turkey,31-08-2001,24.3,12.2,18.5,0,14,32.8,43327.29
Turkey,01-09-2001,27.5,8.3,19.6,0,8.8,25.6,43450.81
Turkey,02-09-2001,29.8,11.3,22,0,11,28.8,43232.62
Turkey,03-09-2001,31.4,12.4,23.2,0,17.3,33.8,43017.88
Turkey,04-09-2001,25.5,14,20.4,0,15.1,30.6,42596.02
Turkey,05-09-2001,25.8,10.9,19.1,0,9,22.3,42393.95
Turkey,06-09-2001,29.5,11,21.2,0,18.9,37.1,42396.64
Turkey,07-09-2001,25.1,13.6,19.6,1.8,20.4,42.1,40920.24
Turkey,08-09-2001,22.9,13.3,18.1,2.1,16.3,37.1,37289.96
Turkey,09-09-2001,21.9,12.2,16.9,4.3,12,27,37681.74
Turkey,10-09-2001,26.1,8.8,18.3,0,9.3,20.5,41376.61
Turkey,11-09-2001,27.1,9.7,19.6,0,8.2,18,41111.12
Turkey,12-09-2001,27.9,11.2,20.3,0,9.9,20.9,40578.24
Turkey,13-09-2001,27.3,14.9,20.8,0.3,15.5,31.7,40456.8
Turkey,14-09-2001,26.2,12.7,18.5,0,22,43.6,40045.8
Turkey,15-09-2001,24.2,10.3,17.5,0,11.7,28.4,39615.51
Turkey,16-09-2001,26,9.8,19,0,11.1,19.4,40055.95
Turkey,17-09-2001,27.6,10.7,19.8,0,11.8,20.2,39846.46
Turkey,18-09-2001,29.6,11.4,21.1,0,14.1,29.9,39844.8
Turkey,19-09-2001,28.1,11.8,19.8,0,18.1,34.2,39762.5
Turkey,20-09-2001,26.2,11,18.4,0,15.8,32.8,39689.67
Turkey,21-09-2001,25.7,10.9,18,0,12.5,30.2,39627.18
Turkey,22-09-2001,28,9.1,19.6,0,10.2,22,39600
Turkey,23-09-2001,28.5,13.6,20.9,0,10.8,25.9,39600
Turkey,24-09-2001,28.9,12.9,21.3,0,10.7,21.6,39600
Turkey,25-09-2001,28.9,12.1,21.4,0,15.9,33.5,39600
Turkey,26-09-2001,28,12.9,21,0,17.3,36.4,39600
Turkey,27-09-2001,28.6,11,20.1,0.2,17.6,40.7,39600
Turkey,28-09-2001,18,12.5,15.8,0.1,18.1,37.1,39600
Turkey,29-09-2001,19.1,7.8,13.3,0,10.7,21.6,39555.23
Turkey,30-09-2001,17.7,6.6,12.1,0,20.2,38.5,39461.29
Turkey,01-10-2001,19.8,3.7,11.9,0,10.3,26.6,39328.52
Turkey,02-10-2001,21.9,6.4,13.9,0,11.2,23.8,39176.04
Turkey,03-10-2001,23.9,6.5,15.1,0,15.2,31,39022.89
Turkey,04-10-2001,26.4,6.8,17.1,0,11.3,18,38869.16
Turkey,05-10-2001,23.9,7,16.1,0,11,25.6,37138.05
Turkey,06-10-2001,22.6,8.6,16,0,15.5,34.2,38560.35
Turkey,07-10-2001,23.8,8.3,16.7,0,12.2,23.4,38405.48
Turkey,08-10-2001,25,8.1,16.8,0,10.3,24.8,38250.45
Turkey,09-10-2001,26.5,7.5,17.9,0,11.8,19.1,38095.36
Turkey,10-10-2001,26.2,10.8,18.2,0.4,11.1,29.5,36401.41
Turkey,11-10-2001,22.9,9.4,15.6,0,18.7,34.6,37785.41
Turkey,12-10-2001,22,8,14,0,18.5,36.4,37630.79
Turkey,13-10-2001,18.9,5.3,12.1,0,14.1,28.4,37476.55
Turkey,14-10-2001,22.6,4.7,13.3,0,10.6,23.4,37322.81
Turkey,15-10-2001,20.8,7.9,13.6,0,14,28.1,37033.62
Turkey,16-10-2001,17.7,5.6,11.1,0,17,32,36884.98
Turkey,17-10-2001,15.4,4.2,9.4,0,13.3,26.6,36633.4
Turkey,18-10-2001,11.8,3.2,7.5,0.5,15.5,33.1,35026.23
Turkey,19-10-2001,14.6,-0.6,7.3,0,6.8,17.3,36565.85
Turkey,20-10-2001,17.1,-0.1,8.9,0,7.9,20.9,36417.4
Turkey,21-10-2001,17.5,0.4,9.8,0,8.4,19.1,36220.36
Turkey,22-10-2001,17.1,1.5,9.5,0,10.1,23.4,35900.31
Turkey,23-10-2001,19.7,2.3,11,0.3,17.5,36,34963.73
Turkey,24-10-2001,14.6,4.3,9.9,2,12.9,26.3,31220.48
Turkey,25-10-2001,9.8,2.1,6.6,0,17.7,37.1,28491.16
Turkey,26-10-2001,10.2,-1,3.6,0,18.2,36,34105.65
Turkey,27-10-2001,11.7,-3.7,3.7,0,9.6,21.6,34677.32
Turkey,28-10-2001,7.6,0.7,3.8,1,10.3,23.8,16173.25
Turkey,29-10-2001,7.6,3.1,4.9,0,11.9,23.8,513.5
Turkey,30-10-2001,10.9,1.4,5.8,0,9.8,22.7,33008.48
Turkey,31-10-2001,10.9,-1.8,5.1,0,14,29.5,34051.73
Turkey,01-11-2001,15.9,-0.6,8.1,0,10,25.9,33917.81
Turkey,02-11-2001,16.9,-0.5,8.2,0,11,25.9,33945.7
Turkey,03-11-2001,15.7,3.1,8.8,0,15.1,34.9,32400
Turkey,04-11-2001,17.9,3.8,10.5,0,11.3,26.6,32400
Turkey,05-11-2001,18.7,1.6,10.2,0,14.1,30.2,33286.86
Turkey,06-11-2001,14.5,4.1,9,0.3,10.3,24.1,32673.19
Turkey,07-11-2001,14.4,3.3,8.9,0,11.9,26.3,32862.22
Turkey,08-11-2001,16.2,3.4,9.3,0,12.8,27.4,26845.68
Turkey,09-11-2001,14,3.8,9,1,16.6,41.8,14259.06
Turkey,10-11-2001,15.1,4.1,9.7,1.1,12.8,28.1,27593.39
Turkey,11-11-2001,12.4,5.5,8.2,0.3,15.3,28.4,30298.61
Turkey,12-11-2001,11.9,4.6,8.2,0,13.5,26.3,27912.32
Turkey,13-11-2001,17.8,1.2,9.2,0,12.5,27.4,32473.13
Turkey,14-11-2001,18.7,5.9,11.2,0,17.7,36.7,23992.18
Turkey,15-11-2001,16.5,1.9,9.1,0.2,16.6,35.6,32240.84
Turkey,16-11-2001,9.4,3.6,6.5,1.2,14.8,28.8,30703.17
Turkey,17-11-2001,3.2,-4.1,0.3,0.3,26.4,49.7,27223.29
Turkey,18-11-2001,0.8,-6.7,-3.2,0,17.7,33.1,32053.8
Turkey,19-11-2001,7.9,-6.2,-0.6,0,9.7,22.3,32015.54
Turkey,20-11-2001,4.9,-3.6,0.3,5.4,16.3,48.2,10233.56
Turkey,21-11-2001,1.3,-7.5,-0.5,22.7,16.5,51.8,10326.15
Turkey,22-11-2001,-0.6,-9.8,-5.6,0,12.5,17.6,31887.54
Turkey,23-11-2001,2.4,-10.2,-5.7,0,10.2,22,31851
Turkey,24-11-2001,3.9,-8.9,-1.4,3,22.4,58,11242.46
Turkey,25-11-2001,5.6,0.5,3.2,3.9,26.3,79.6,27048.98
Turkey,26-11-2001,3.7,-4.9,-0.3,5.4,12.9,36,29117.66
Turkey,27-11-2001,5.9,-7,-0.8,0,22.1,42.1,26380.66
Turkey,28-11-2001,7.3,-2.8,1.3,0,7.1,17.6,31385.71
Turkey,29-11-2001,8.9,-3.7,1.7,0,12.3,25.6,27867.27
Turkey,30-11-2001,9,1.9,4.1,0.6,18.7,39.2,17300.06
Turkey,01-12-2001,8.3,0.6,3.3,0.7,16.1,34.2,20167.49
Turkey,02-12-2001,9.8,-0.9,4,0,20.3,40.7,21918.61
Turkey,03-12-2001,9.3,1.4,4.8,1.3,17.7,51.1,22992.52
Turkey,04-12-2001,7.7,-1.7,2.7,0,15.1,31,17795.29
Turkey,05-12-2001,4.9,0.2,2.1,0,14.4,28.4,16001.77
Turkey,06-12-2001,5,-2.7,0.8,0,8.9,15.8,28807.07
Turkey,07-12-2001,7.3,-3.2,1.5,0.8,13.5,28.8,4082.96
Turkey,08-12-2001,10,-0.2,4,0.1,15.8,34.6,26792.19
Turkey,09-12-2001,9.8,1.1,5.4,0,23,50.4,30210.71
Turkey,10-12-2001,6.2,-1.4,1.6,0,10.3,18.4,28132.95
Turkey,11-12-2001,1.8,-1.5,0.1,2.7,8.2,20.9,5833.23
Turkey,12-12-2001,7.4,-2.9,1.4,1.6,15.6,42.8,24247.31
Turkey,13-12-2001,7.1,-0.8,2.7,3,15.5,44.6,28069.21
Turkey,14-12-2001,7.2,-1.4,1.6,7.6,18.1,50.4,29315.61
Turkey,15-12-2001,-0.7,-5.9,-2.9,0,14.8,30.6,25001.94
Turkey,16-12-2001,3.6,-7.2,-2.4,0,14.7,30.2,19550.41
Turkey,17-12-2001,6.9,-1.2,2.9,0,24.1,50,4722.23
Turkey,18-12-2001,7.4,1.2,3.8,4.9,23.9,63.4,8236.85
Turkey,19-12-2001,1,-5.9,-1.8,6.7,16.5,34.9,9744.46
Turkey,20-12-2001,-2.2,-9,-6,0,9.4,20.5,30293.93
Turkey,21-12-2001,0.9,-12.2,-7,0,9.7,22.7,30291.12
Turkey,22-12-2001,4.9,-7.8,-2.5,1.5,15.6,33.1,26339.35
Turkey,23-12-2001,3.9,-4.3,-0.9,2.1,9.1,20.9,30298.38
Turkey,24-12-2001,6.8,-7.1,-0.5,0,16.6,34.6,26948.82
Turkey,25-12-2001,7.2,-0.6,3.1,1.5,21.4,49,12173.89
Turkey,26-12-2001,6.2,-3.4,3.1,9.5,22.1,63,24740.86
Turkey,27-12-2001,7.6,-2.9,2.5,3.7,16.9,51.5,13211.01
Turkey,28-12-2001,9.8,1.7,4.6,5.4,12.9,45.4,29330.9
Turkey,29-12-2001,4.4,-1.4,1.8,11.3,12.6,37.8,25362.94
Turkey,30-12-2001,6.5,-5.1,-0.9,0,13.4,29.2,28659.19
Turkey,31-12-2001,7.2,-4.5,0.1,0,12.2,27.7,29398.24
Turkey,01-01-2002,7.9,-1.3,2.5,1.8,15.2,49.7,21153.97
Turkey,02-01-2002,2.4,-7.8,-2.9,23.3,17,37.1,0
Turkey,03-01-2002,-5.5,-11.8,-8.2,6.2,12.4,23.8,7095.49
Turkey,04-01-2002,-3.6,-20,-10.2,1.2,17.5,36.7,12536.05
Turkey,05-01-2002,-0.8,-6.2,-3.2,12.2,14.8,38.2,0
Turkey,06-01-2002,-4.2,-10,-6.6,4.9,10.5,22.7,7642.12
Turkey,07-01-2002,-6.6,-11.5,-9.2,1.7,14.5,24.1,5041.12
Turkey,08-01-2002,-8.6,-15.9,-11.7,0.2,7.7,14.4,26470.42
Turkey,09-01-2002,-8.8,-17.1,-13.1,0.3,19.5,33.1,28835.49
Turkey,10-01-2002,-14.1,-24,-18,0,7.5,18.7,29121.76
Turkey,11-01-2002,-10.5,-25.1,-17.5,0,5.4,13,29576.53
Turkey,12-01-2002,-8.4,-16.1,-12.5,0,4,11.9,28491.05
Turkey,13-01-2002,-5.1,-18.8,-12.7,0,5.8,13,28069.92
Turkey,14-01-2002,-4.2,-20.4,-13.1,0,6.8,15.5,29661.62
Turkey,15-01-2002,-2.4,-16.5,-10.3,0,6.2,11.5,30851.71
Turkey,16-01-2002,0.2,-15.8,-9.2,0,7.1,12.2,29991.36
Turkey,17-01-2002,1.9,-13.8,-7.6,0,8.4,13.3,31378.39
Turkey,18-01-2002,0.3,-15.4,-8.6,0,8.4,15.8,31588.72
Turkey,19-01-2002,3.5,-13.5,-6.5,0,8.4,15.1,31488.95
Turkey,20-01-2002,2.3,-10.7,-5.1,0,9.4,15.5,31108.8
Turkey,21-01-2002,0.8,-7.4,-3.4,3.6,12.2,25.2,13475.75
Turkey,22-01-2002,-0.4,-5.2,-2.6,2.8,13.6,27.7,17332.93
Turkey,23-01-2002,0,-8.3,-4.6,0,6.4,13,29880.64
Turkey,24-01-2002,-1.8,-17.6,-10.3,0,8.7,14.8,32472.82
Turkey,25-01-2002,0.6,-18.4,-10.2,0,9.3,16.2,32590.25
Turkey,26-01-2002,2.6,-12.9,-6.2,0,8.6,14.4,32709.2
Turkey,27-01-2002,2.5,-11.8,-5.6,0,8,18.7,32829.51
Turkey,28-01-2002,3.8,-11.2,-4.4,0,11.7,17.3,32951.29
Turkey,29-01-2002,2.1,-3.8,-1.6,0.6,13.1,18.7,31121.22
Turkey,30-01-2002,3.8,-6.5,-2.2,0,13.6,27.7,33203.01
Turkey,31-01-2002,6.1,-5.5,-0.6,0,14.1,28.1,33332.84
Turkey,01-02-2002,6.9,-7.5,-0.5,0,9.2,22.3,33465.06
Turkey,02-02-2002,8.5,-7.5,0.1,0,9.2,15.5,33599.47
Turkey,03-02-2002,4.1,-6.5,-1.5,0,11.8,23.4,33735.89
Turkey,04-02-2002,7.5,-6.5,-1.1,0,7,15.5,33874.14
Turkey,05-02-2002,9.4,-8.5,-1.7,0,7.9,17.3,33296.35
Turkey,06-02-2002,8.9,-6.4,-0.6,0,8.7,18,27453.37
Turkey,07-02-2002,9.2,-6,0,0,8.7,18.7,34298.09
Turkey,08-02-2002,9.8,-6.2,0.5,0,6.2,15.1,34441.91
Turkey,09-02-2002,11.2,-5,1.9,0,7.7,19.4,34586.7
Turkey,10-02-2002,9.2,-5.1,1.7,0,10.1,24.1,33977.45
Turkey,11-02-2002,5.6,-1.4,1.7,7.4,12.7,24.1,565.36
Turkey,12-02-2002,5.5,-0.8,1.8,2.6,12.9,26.3,9120.92
Turkey,13-02-2002,7.3,-4.6,0.9,0,12.6,27.4,35172.53
Turkey,14-02-2002,10.5,-3.8,2.4,0,12.5,27,35260.19
Turkey,15-02-2002,10.4,-2.5,3.4,0.1,21.2,40.7,35331.95
Turkey,16-02-2002,5.2,-4.8,0.5,0,10.1,21.2,35403.06
Turkey,17-02-2002,4.8,-5.1,-0.8,0,16.3,34.9,35473.55
Turkey,18-02-2002,6.9,-4.5,0.5,0,10.7,24.5,35582.79
Turkey,19-02-2002,9.9,-5.3,1.8,0,7.8,19.1,35698.24
Turkey,20-02-2002,13.2,-4.2,3.4,0,14.3,30.2,35723.82
Turkey,21-02-2002,12.7,-2.2,4.1,0,14.9,29.9,28187.32
Turkey,22-02-2002,12,-1.7,4.2,0,20.1,39.2,30655.97
Turkey,23-02-2002,12.7,-3.2,4.3,0,16.8,33.8,36194.57
Turkey,24-02-2002,8.8,0.7,4.2,0.8,25.2,50.4,22942.67
Turkey,25-02-2002,10.6,0.3,4.7,7.1,22.8,50,34745.14
Turkey,26-02-2002,1.2,-4.3,-1.8,3.4,27,49.3,27274.75
Turkey,27-02-2002,8.1,-4.1,1.2,0,13.2,27.7,36437.43
Turkey,28-02-2002,12,-4.7,2.8,0,11.6,27,36926.71
Turkey,01-03-2002,12.4,-3,4.5,0,10.8,27,36856.3
Turkey,02-03-2002,14.5,-3.2,5.8,0,9.8,23,37301.01
Turkey,03-03-2002,17.5,-2.4,7.1,0,13.6,29.5,37529.89
Turkey,04-03-2002,15.8,-0.6,7.1,0,15,33.1,36687.11
Turkey,05-03-2002,12.5,2.7,7.2,0,12.1,24.8,37763.45
Turkey,06-03-2002,15.2,-3.9,5.8,0,6.9,16.6,37914.68
Turkey,07-03-2002,17.9,-2.1,8.4,0,7,19.1,38011.14
Turkey,08-03-2002,18.9,0.1,9.6,0,17,36,38105.86
Turkey,09-03-2002,9.1,0,5.7,0,21,43.6,37599.12
Turkey,10-03-2002,18.4,-5.3,5.8,0,10.7,23,38127.18
Turkey,11-03-2002,19.7,2,10.2,0,13.6,29.5,31965.37
Turkey,12-03-2002,18.5,4.7,11,1.3,25.9,64.1,38641.75
Turkey,13-03-2002,15.4,1.4,8.7,0.6,7.8,24.1,38740.74
Turkey,14-03-2002,12.1,2.1,6.9,7.5,11.7,27.4,37580.12
Turkey,15-03-2002,11.6,4.4,7.2,1,10,22.3,37399.63
Turkey,16-03-2002,12.9,0,7,0,13.1,23.8,39420.82
Turkey,17-03-2002,11.6,1.1,5.3,0,18.6,37.8,38426.01
Turkey,18-03-2002,11.2,-1.8,4.4,0,9.5,26.6,39021.05
Turkey,19-03-2002,11.2,-0.2,5.3,4.4,10.8,27.7,29631.32
Turkey,20-03-2002,11.8,-0.1,5.4,0,16.7,34.2,37178.44
Turkey,21-03-2002,4.1,-0.8,2,5.8,11.5,23.4,0
Turkey,22-03-2002,8.2,-4.6,1.4,0,15.3,33.8,39567.09
Turkey,23-03-2002,11.8,-2.3,4.8,2.8,30.6,72.7,29428.09
Turkey,24-03-2002,11.1,1.3,5.7,4.1,26.6,64.8,22131.79
Turkey,25-03-2002,11,2.4,6.6,4.3,29.5,66.2,40356.18
Turkey,26-03-2002,8.2,-0.2,3.4,5.3,17.4,39.2,40502.73
Turkey,27-03-2002,6.8,-2.3,2.2,0.2,12.4,29.5,40534.66
Turkey,28-03-2002,6.4,-2.5,1.7,1.2,14.4,30.2,41553.89
Turkey,29-03-2002,5.8,-3.7,0.7,0.4,14,29.9,41190.45
Turkey,30-03-2002,6.4,-4.3,1.3,0.3,8.2,20.9,40279.95
Turkey,31-03-2002,11.5,-3.5,4.4,0.5,18.7,38.2,39608.09
Turkey,01-04-2002,13.4,0.8,7,0,28.3,52.9,38917.57
Turkey,02-04-2002,12.1,2.9,6.8,6.9,9.2,24.5,34035.27
Turkey,03-04-2002,11.8,1.6,7.1,1.5,18.5,37.8,40876.23
Turkey,04-04-2002,11.4,-0.4,5.8,6.6,14.7,31,21106.9
Turkey,05-04-2002,15.8,1.7,8.8,0.7,28.7,59.8,39970.94
Turkey,06-04-2002,14.9,4.2,8.6,12.4,26.5,55.4,38824.48
Turkey,07-04-2002,10.4,3.1,6.8,5.8,22,45.7,42122.53
Turkey,08-04-2002,8.9,1.2,4.5,0.7,22.3,45.4,42232.43
Turkey,09-04-2002,8.6,-2.1,3.1,0,16.6,35.3,42981.06
Turkey,10-04-2002,11,-2.3,4.6,0,9.2,21.6,43159.4
Turkey,11-04-2002,15.2,-1,7.7,0,10,23.8,41982.81
Turkey,12-04-2002,15.3,4.3,9.8,0.2,15.3,30.2,42747.16
Turkey,13-04-2002,15.5,3,9.1,1,17.8,34.9,6728
Turkey,14-04-2002,19.5,7.9,13.1,2.9,16.7,40.7,35513.4
Turkey,15-04-2002,19.4,5.8,12.8,0,13.2,27,36727.06
Turkey,16-04-2002,18.1,6.2,11.9,10.2,20.2,42.8,36728.92
Turkey,17-04-2002,16.3,5.9,10.8,1.2,18.3,40,42906.77
Turkey,18-04-2002,13,6.5,9,15.4,9.1,24.1,27383.12
Turkey,19-04-2002,13.9,6.9,9.2,9.8,10.6,28.1,32129.98
Turkey,20-04-2002,11.6,3.9,8.1,3.3,10.4,27.7,41336.4
Turkey,21-04-2002,11.6,5.4,8,2.9,15.1,33.1,36433.65
Turkey,22-04-2002,9.7,2.2,5.8,0,15.2,30.6,32287.79
Turkey,23-04-2002,10.9,0.2,5.9,0,10.6,25.6,39696.53
Turkey,24-04-2002,9.7,-0.6,5.2,6.1,9,21.2,12815.9
Turkey,25-04-2002,11,2.4,6.1,5.8,9.2,26.6,35278.88
Turkey,26-04-2002,12.9,-0.5,6.8,1,6.4,21.6,41596
Turkey,27-04-2002,13.3,3,8,3.3,7.4,27,43408.41
Turkey,28-04-2002,15.4,1.1,8.7,0,11.3,24.1,41998.23
Turkey,29-04-2002,15.7,1.7,10,1.2,8,19.8,45955.59
Turkey,30-04-2002,15.3,4.9,10.3,0.3,10.3,21.6,46221.57
Turkey,01-05-2002,17.5,5.8,12,0.1,11.6,23,43334.61
Turkey,02-05-2002,16.7,5.2,10.6,2.2,16.4,34.9,38767.22
Turkey,03-05-2002,16.7,2.4,9.9,0,18.4,37.1,46429.39
Turkey,04-05-2002,16.5,4.4,10.6,1.3,11.8,29.2,44525.13
Turkey,05-05-2002,15.1,3.3,9.4,0,13.7,29.2,46560.67
Turkey,06-05-2002,16.6,3.6,10.2,0,14.6,27.7,46623.88
Turkey,07-05-2002,16,3.6,10.4,0,13.8,26.6,46685.35
Turkey,08-05-2002,15.5,2.5,9.4,0,20.8,42.5,46745.02
Turkey,09-05-2002,14.8,4.4,9.1,3.3,14,28.4,43200
Turkey,10-05-2002,14.5,2.1,8.7,0,11.6,27,45400.34
Turkey,11-05-2002,17.5,2.7,11.2,0,9.4,22.7,46800
Turkey,12-05-2002,19.8,3.6,12.6,1.1,13.2,27.7,44775.02
Turkey,13-05-2002,19.3,7.1,13.8,0,6.6,18.7,46800
Turkey,14-05-2002,17.1,7.9,12.1,3.9,10.3,29.5,34820.45
Turkey,15-05-2002,15.5,6.9,11.2,2,21.9,47.5,34611.41
Turkey,16-05-2002,17.7,3.9,11.5,0,13,29.9,36101.96
Turkey,17-05-2002,18.9,7.1,12.7,2,12.5,22.7,44057.01
Turkey,18-05-2002,20.2,5.2,13.2,0.5,8,24.1,45606.26
Turkey,19-05-2002,21.4,5.4,14.2,0,14.5,29.5,47064.29
Turkey,20-05-2002,21.3,8.2,14.9,0,15.2,33.1,47162.94
Turkey,21-05-2002,22.2,5.4,15.4,0,9.5,19.8,46963.73
Turkey,22-05-2002,20.5,9.8,14.6,4,7.9,23.4,39191.5
Turkey,23-05-2002,18.8,8,13.2,2.4,6.6,20.2,34890.81
Turkey,24-05-2002,18.9,8.8,13.6,1.4,16.8,37.1,45073.66
Turkey,25-05-2002,22.9,6.3,16.1,0,8.5,19.1,47391.45
Turkey,26-05-2002,26.1,8.1,18.4,0,9.7,21.6,47057.57
Turkey,27-05-2002,26.4,8.9,18.8,0,21.5,42.8,47284.88
Turkey,28-05-2002,21.1,10.5,16.6,0,22.1,43.2,44453.17
Turkey,29-05-2002,25.8,9.3,18.2,0,20.3,43.2,47168.38
Turkey,30-05-2002,25.2,12.2,18.7,0.5,18.7,40,47529.23
Turkey,31-05-2002,20.3,11.1,15.1,1.5,20.8,42.5,41746.18
Turkey,01-06-2002,18.8,9.7,14.3,0.2,15.5,34.6,46415.14
Turkey,02-06-2002,18.7,7.7,13.7,0.3,17.8,40,47792.04
Turkey,03-06-2002,22,6.5,16,0,6.5,19.8,47170.89
Turkey,04-06-2002,22,8.9,15.8,1.1,10.9,29.9,38491.48
Turkey,05-06-2002,20.7,9.2,15.5,0.2,14.8,33.5,47266.78
Turkey,06-06-2002,21,7.9,15.4,0,22.1,42.1,46959.94
Turkey,07-06-2002,25.2,11.5,18.6,0,12.4,29.9,47341.77
Turkey,08-06-2002,29.4,11.6,21.8,0,9.4,24.8,48048.27
Turkey,09-06-2002,30.1,14.1,23.4,0,16.2,31,48188.96
Turkey,10-06-2002,31.1,11.6,23,0,14.4,28.4,48970.82
Turkey,11-06-2002,28.7,13.8,21.5,0.7,33,64.4,45974.68
Turkey,12-06-2002,22.5,11,16.8,0,18.5,42.5,47643.84
Turkey,13-06-2002,21.1,10.5,16.4,0,15.9,32,46017.09
Turkey,14-06-2002,23.1,10.3,16.7,0,17.3,35.6,48970.15
Turkey,15-06-2002,25.3,9,17.5,0,17.3,35.6,48979.9
Turkey,16-06-2002,25,9.4,17.5,0,20.4,40.3,49076.67
Turkey,17-06-2002,24.7,8.8,17.3,0,19.6,38.2,49129.69
Turkey,18-06-2002,21.2,10.5,15.1,0.8,19.9,40.3,35517.53
Turkey,19-06-2002,18.3,7.6,13,1,20.6,41.8,46975.44
Turkey,20-06-2002,18.6,8.8,13.4,0.1,26.1,50.8,32979.13
Turkey,21-06-2002,16.4,9.4,13.6,0,22.2,43.2,4349.99
Turkey,22-06-2002,26.8,11.8,18.9,0.1,15.7,33.1,41015.4
Turkey,23-06-2002,28,11.6,19.9,0,23.4,43.9,48441.29
Turkey,24-06-2002,29.9,12,21,0,16,34.6,49142.83
Turkey,25-06-2002,31.5,14.1,23.6,0,9.8,25.9,48972.38
Turkey,26-06-2002,29.4,18,23.9,0.3,21.1,34.2,47793.4
Turkey,27-06-2002,24.1,14.8,19.5,0,21.4,41.4,48580.71
Turkey,28-06-2002,25,13.2,19,0.3,19.1,37.8,48728.3
Turkey,29-06-2002,26.6,12.5,19.8,0,14.3,32,49174.9
Turkey,30-06-2002,28.6,11.8,21.4,0,17.2,37.1,49176.25
Turkey,01-07-2002,29.2,13.7,22.1,0,15.9,30.6,47425.52
Turkey,02-07-2002,28.8,14.7,22.2,0.7,15.7,35.3,42210.44
Turkey,03-07-2002,26.5,13.7,20,0,23.1,45,47240
Turkey,04-07-2002,27.1,12.7,20.1,0,17.1,36.4,49127.71
Turkey,05-07-2002,28.7,14.6,21.8,0,16.8,34.9,49117.25
Turkey,06-07-2002,29.4,12.7,21.7,0,17,34.9,49104.74
Turkey,07-07-2002,30.1,13,22.2,0,11.8,26.3,49090.23
Turkey,08-07-2002,31,16,24.1,0,12.1,32,49073.91
Turkey,09-07-2002,32.3,16.1,24,0.3,13.6,33.8,47349.47
Turkey,10-07-2002,26.5,16.3,22.1,0.1,12.6,28.8,47828.4
Turkey,11-07-2002,27.6,16.1,21,1.6,9.9,26.3,40040.72
Turkey,12-07-2002,27.6,16.2,21,9.3,12.8,26.6,46800
Turkey,13-07-2002,25.9,15.4,20,5.3,10.8,27,37743.36
Turkey,14-07-2002,24.4,15.2,19.3,11.1,13.1,29.9,36562.26
Turkey,15-07-2002,24.9,14.8,20.1,0,20.6,40.3,42881.46
Turkey,16-07-2002,27.2,13.4,20.7,0,15.7,35.3,48880.74
Turkey,17-07-2002,28.7,15.9,22.5,0,10.3,25.9,48848.98
Turkey,18-07-2002,31.3,14,24.1,0,7.4,16.9,48815.58
Turkey,19-07-2002,33.5,15,25.8,0,8.6,20.5,48598.21
Turkey,20-07-2002,33.7,16.4,26.3,0,10.8,24.1,48453.08
Turkey,21-07-2002,33.7,19.3,26.7,0,11.4,24.1,48310.22
Turkey,22-07-2002,31.7,17.2,24.6,0.1,17.9,38.2,46234.62
Turkey,23-07-2002,26.5,18,22.2,1.1,18.1,38.9,42145.71
Turkey,24-07-2002,23.8,15,19.5,0,18.3,38.9,47850.18
Turkey,25-07-2002,24.3,12.1,18.9,0,13.3,33.5,48283.59
Turkey,26-07-2002,28.2,11.4,21,0,9.6,21.2,47978.31
Turkey,27-07-2002,30.6,13.8,23.5,0,11.4,24.1,46736.73
Turkey,28-07-2002,31.7,15.5,25,0,19.2,32.4,47736.95
Turkey,29-07-2002,32.2,16.6,25.4,0,13.4,31,47560.33
Turkey,30-07-2002,34.3,15.9,26.4,0,21.8,42.5,47497.43
Turkey,31-07-2002,32.7,18.7,26.6,0,14.2,28.1,47001.28
Turkey,01-08-2002,33.2,17,26.6,0,21.7,44.3,47050.86
Turkey,02-08-2002,31.7,18.5,24.9,0.1,22.3,41.8,46685.33
Turkey,03-08-2002,28,15.8,22.2,0.1,15,34.6,46436
Turkey,04-08-2002,27.3,15.4,22,0,13.6,30.2,46580
Turkey,05-08-2002,28.3,16,22.7,0,16.3,37.1,46175.64
Turkey,06-08-2002,27.6,17.1,22.4,0.1,15,32.8,46205.23
Turkey,07-08-2002,27.5,15,21.5,0.4,16,36.4,46159.37
Turkey,08-08-2002,30.7,14.7,23,0,28.1,54.4,46112.48
Turkey,09-08-2002,26.3,17.5,21.8,0,19.7,40.3,45989
Turkey,10-08-2002,26.3,16.5,21.7,0,12.4,26.3,32329.04
Turkey,11-08-2002,28.5,15.7,22.4,0,14.7,32.8,45898.93
Turkey,12-08-2002,31.3,16.4,23.9,0,15.5,33.8,45852.3
Turkey,13-08-2002,34.4,15.6,26.2,0,13.3,29.9,45767.06
Turkey,14-08-2002,31,19.4,24.8,0.8,16.3,38.5,45715.95
Turkey,15-08-2002,26.3,15.7,20.9,0,12.2,29.5,44900.11
Turkey,16-08-2002,26.8,14.4,20.9,0,15.3,30.6,45614.17
Turkey,17-08-2002,26.4,15.9,21.1,0.1,10.1,25.6,44791.94
Turkey,18-08-2002,26.4,15.4,21.4,0,12.6,28.4,45512.38
Turkey,19-08-2002,28,15.9,21.5,0.7,17.7,33.8,43066.04
Turkey,20-08-2002,25.3,14.2,20.1,0,12.1,26.6,45410.12
Turkey,21-08-2002,25.2,14.7,20.1,0,15.5,31,45343.02
Turkey,22-08-2002,24.9,15,19.9,0,12.6,30.2,44999.68
Turkey,23-08-2002,26.4,12.6,19.8,0,15.2,31.7,45074.39
Turkey,24-08-2002,26.1,13,19.6,0,18.5,39.2,44938.41
Turkey,25-08-2002,24.4,10.3,17.6,0,21.4,42.8,44801.48
Turkey,26-08-2002,23.2,11,16.7,0,23.3,43.9,44210.88
Turkey,27-08-2002,22.7,9.9,15.8,0,23.4,44.6,43116.76
Turkey,28-08-2002,22.7,9.9,15.9,0,17.9,37.4,43520.19
Turkey,29-08-2002,23.7,7.5,16,0,13.3,27.7,44145.27
Turkey,30-08-2002,25.8,10.6,18.1,0,11.8,19.1,43800.84
Turkey,31-08-2002,27.4,12.8,20.5,0,12.7,26.3,43695.03
Turkey,01-09-2002,26.7,12.1,20.3,0.1,14.5,29.2,43088.28
Turkey,02-09-2002,26.3,13.8,20.7,0,11.6,26.6,42925.62
Turkey,03-09-2002,25.5,14.1,19.8,0,13.7,28.1,42150.91
Turkey,04-09-2002,25.6,13.9,19.8,0,11.8,24.1,42093.83
Turkey,05-09-2002,25.7,14,20.2,0,9,23.8,42105.79
Turkey,06-09-2002,21.7,15.2,18.7,2.9,9.2,25.2,40990.92
Turkey,07-09-2002,23.4,13,18.2,0,8.7,25.6,40789.29
Turkey,08-09-2002,24,12.1,18.6,0.2,8.2,20.9,40623.55
Turkey,09-09-2002,22.9,12.4,17.8,0,13.7,23,41159.25
Turkey,10-09-2002,23.6,11.9,17.6,1.1,9.1,26.3,39756.8
Turkey,11-09-2002,22.5,11.1,17,1,13.7,28.4,39098.11
Turkey,12-09-2002,22.5,10.5,16.9,1,7.7,23.8,40352.14
Turkey,13-09-2002,22,11.9,17.1,0,10.9,25.9,37848.49
Turkey,14-09-2002,24.4,9.7,17.7,0,10,23.4,40342.09
Turkey,15-09-2002,23.8,11.6,17.9,0,20.5,37.4,39376.97
Turkey,16-09-2002,27.3,10.7,18.6,0.8,25.8,56.2,39653.88
Turkey,17-09-2002,22.5,12.3,17.4,0.8,18.4,41,39846.48
Turkey,18-09-2002,20.3,11,15,0.3,16,33.1,39600
Turkey,19-09-2002,17.5,6.9,12.2,0,13,29.5,39762.42
Turkey,20-09-2002,20.6,6.4,13.2,0,9.7,21.6,39688.87
Turkey,21-09-2002,24.3,7.1,16.4,0,11,23,39625.43
Turkey,22-09-2002,26.9,7.7,18.1,0,10.8,23,39600
Turkey,23-09-2002,29,9.8,19.6,0.7,19.5,43.2,38729.4
Turkey,24-09-2002,27.2,10.4,19.6,0,11.3,19.4,39600
Turkey,25-09-2002,26.8,11.5,19.4,0,11,23,39600
Turkey,26-09-2002,26.7,12.1,19.3,0,8.1,20.2,39600
Turkey,27-09-2002,27.8,10.7,19.5,0,19.7,37.8,39600
Turkey,28-09-2002,25.6,12.9,19.2,0,14.1,27.4,39600
Turkey,29-09-2002,26.7,10.5,18.9,0.1,14.8,32.4,39584.41
Turkey,30-09-2002,25.6,12.4,19.4,0,10,26.6,39428.07
Turkey,01-10-2002,26.8,10.3,18.5,0,33.4,61.2,32165.9
Turkey,02-10-2002,20.6,10.9,16,0.2,15.6,33.5,36795.46
Turkey,03-10-2002,13,7.3,10.3,7,15.3,35.6,26121.65
Turkey,04-10-2002,15.5,4,9.4,0,9.7,20.9,38901.39
Turkey,05-10-2002,18.2,4.7,11.4,0,6.6,18,37980.21
Turkey,06-10-2002,21,3.7,13,0,11.2,20.5,38053.36
Turkey,07-10-2002,23.1,7.4,15.1,0,22.7,43.9,38122.12
Turkey,08-10-2002,20.3,7.3,14.1,0,10.4,24.8,36391.98
Turkey,09-10-2002,20.1,7.1,13.8,0,10.8,18,38127.09
Turkey,10-10-2002,21,8.6,14.8,0,10.8,17.3,37973.15
Turkey,11-10-2002,23.1,6.4,14.8,0,9.8,16.6,37819.78
Turkey,12-10-2002,25.3,6.6,15.6,0,9.2,22,37667.09
Turkey,13-10-2002,27.1,8.8,17.6,0,25,47.9,34040.81
Turkey,14-10-2002,24.8,10.2,16.8,1.3,19.1,45,34381.46
Turkey,15-10-2002,20.4,10.2,14.8,0.8,9.8,24.5,36788.56
Turkey,16-10-2002,19.7,8.9,13.6,0,15.8,31.7,37063.34
Turkey,17-10-2002,18.8,7.8,12.7,0,10.4,22.3,36818.46
Turkey,18-10-2002,22.4,6.1,14.4,0,5.9,18.7,36760.76
Turkey,19-10-2002,22.5,6.3,14.6,0,7.1,19.4,36609.07
Turkey,20-10-2002,21.5,5.9,12.7,4.7,18,38.5,27411.91
Turkey,21-10-2002,12.2,4.6,8.7,0.9,17,31.7,33864.25
Turkey,22-10-2002,14.5,1.6,7.9,0,7.7,16.9,35921.64
Turkey,23-10-2002,19.2,1.9,10.4,0,6.8,19.8,35389.59
Turkey,24-10-2002,21.4,3.7,12.4,0,8.7,20.9,35315.73
Turkey,25-10-2002,20.2,5.7,12.7,2.4,9.4,25.2,23077.43
Turkey,26-10-2002,17.3,6.5,11.3,0.2,10.9,15.5,33355.84
Turkey,27-10-2002,17.3,4.5,10.8,0,12.2,25.6,34343.92
Turkey,28-10-2002,16.4,4,10.1,0,9.2,22.3,34699.07
Turkey,29-10-2002,13.5,3.2,7.5,0,18.4,37.4,34159.91
Turkey,30-10-2002,7.5,-1,2.9,0,10.2,22.7,34382.43
Turkey,31-10-2002,12.1,-2.7,4.9,0,6.6,18.4,34236.25
Turkey,01-11-2002,14.6,-0.9,7,0,8.8,14.4,34036.25
Turkey,02-11-2002,14.8,0.7,7.5,0,6.6,15.5,34010.53
Turkey,03-11-2002,17.9,-0.6,7.9,0,15.8,33.8,33771.26
Turkey,04-11-2002,17.1,0.5,8.4,0,10.1,25.2,33675.84
Turkey,05-11-2002,17.1,0.5,8.7,0,10.9,28.1,33396.69
Turkey,06-11-2002,16.8,3.2,9.9,0.1,10.8,24.5,32872.64
Turkey,07-11-2002,16.7,4.9,10.2,0,10.5,18.7,32577.19
Turkey,08-11-2002,17.6,3.5,9.8,0,11.2,25.6,32400
Turkey,09-11-2002,17.5,4.4,10.7,0.3,25.7,54.7,32756.26
Turkey,10-11-2002,13.6,6.6,9.2,10.4,20.4,55.8,18098.49
Turkey,11-11-2002,10.4,5.7,8.2,13,15.8,34.2,1146.45
Turkey,12-11-2002,7.7,2.7,5,1.2,12.5,24.5,24176.21
Turkey,13-11-2002,8.7,0.5,4.2,0,11,24.1,32314.43
Turkey,14-11-2002,10.2,-3.6,3.1,0,7.6,19.4,32259.89
Turkey,15-11-2002,11.6,-2.9,3.7,0,5.9,14.8,32307.03
Turkey,16-11-2002,13,-3.7,4.1,0,5.5,14,32251.51
Turkey,17-11-2002,13.9,-2.9,4.8,0,6.5,14.8,32150.7
Turkey,18-11-2002,15.1,-2.4,5.2,0,5.6,13.7,32101.69
Turkey,19-11-2002,15.7,-2.6,5.4,0,7.1,15.8,32020.4
Turkey,20-11-2002,15.9,-2.5,5.5,0,7.4,16.6,31971.67
Turkey,21-11-2002,16.1,-1.9,5.8,0,7.4,16.6,31930.92
Turkey,22-11-2002,16,0.3,6.2,0,10,18,31140.38
Turkey,23-11-2002,15,-1.7,5.8,0.3,14.4,31,31772.39
Turkey,24-11-2002,5.7,4.4,5.1,13.8,16,30.2,0
Turkey,25-11-2002,8.8,2.8,5.2,0,12.1,25.9,17180.62
Turkey,26-11-2002,8.7,-1.9,3,0,6,16.6,23577.76
Turkey,27-11-2002,7.4,-2.6,1.8,0,8.7,19.1,25863.29
Turkey,28-11-2002,9,-4.1,1.6,0,7.4,16.2,31417.29
Turkey,29-11-2002,10.6,-4.6,1.5,0,8.2,16.6,31329.31
Turkey,30-11-2002,7.9,-4.6,0.9,0,7.2,14.4,31244.02
Turkey,01-12-2002,7.2,-4.2,0.5,0,5.2,12.2,31161.58
Turkey,02-12-2002,10.8,-5.3,1.3,0,10,16.9,28248.32
Turkey,03-12-2002,11.5,-2.3,3.6,0,20.9,40.3,30950.82
Turkey,04-12-2002,11.2,-2,3.4,0,8.8,20.2,30932.68
Turkey,05-12-2002,11.7,-2.9,3.2,0,11,24.1,26889.24
Turkey,06-12-2002,11.1,-0.6,4.3,4.3,11.3,32,28648.66
Turkey,07-12-2002,9,-1,3.7,0,8,18.4,16829.8
Turkey,08-12-2002,9.4,-1.2,3.6,2.7,13,31,25200
Turkey,09-12-2002,3.7,-6.2,-1.9,12.4,17.1,32.4,111.25
Turkey,10-12-2002,-4.1,-12.2,-8,0.4,14,27.4,30570.3
Turkey,11-12-2002,-5.1,-13.9,-8.3,0,11.4,23.4,30435.05
Turkey,12-12-2002,-4.5,-9.7,-7.3,0,12.3,23.8,29905.76
Turkey,13-12-2002,-2.7,-9.1,-6.3,0,4.8,14.4,30444.29
Turkey,14-12-2002,2.3,-10.3,-4.8,0,7.4,17.3,30411.45
Turkey,15-12-2002,-1.9,-4.8,-3.3,2.8,6.6,14.4,1806.75
Turkey,16-12-2002,-0.9,-8.1,-5.2,0,10.2,15.8,30358.54
Turkey,17-12-2002,0,-8.7,-5,0,7.5,15.5,26837.98
Turkey,18-12-2002,-0.5,-5.3,-3.6,0,10.8,24.5,30301.96
Turkey,19-12-2002,-0.5,-5.7,-3.3,8.7,10.2,20.9,0
Turkey,20-12-2002,-3.4,-5.9,-4.5,8.4,28.9,52.6,0
Turkey,21-12-2002,-6.4,-16.2,-9,1.6,23.4,46.4,27937.75
Turkey,22-12-2002,-9.5,-21.4,-15.7,0,7.2,14,24593.07
Turkey,23-12-2002,-9.2,-21.9,-16.8,0,8.5,14,30301.24
Turkey,24-12-2002,-2.7,-17.9,-9.5,2.3,10.9,21.2,2419.13
Turkey,25-12-2002,-3.7,-23.3,-9.6,0.7,11.3,22,30321.31
Turkey,26-12-2002,-14.2,-26,-20.1,0,8,16.2,30168.1
Turkey,27-12-2002,-12.5,-30.3,-22.8,0,8.9,18,30357.4
Turkey,28-12-2002,-4.7,-23.3,-14.8,0,9.5,15.1,30381.42
Turkey,29-12-2002,-0.5,-14.8,-8.5,0,9.2,17.3,23892.07
Turkey,30-12-2002,2.9,-5.7,-2.5,0,10.8,18.4,28509.63
Turkey,31-12-2002,3,-5.6,-2.1,0,10.5,17.3,28556.26
Turkey,01-01-2003,4.2,-5.3,-0.8,0.5,10.3,20.9,26376.1
Turkey,02-01-2003,4.7,-2.7,0.6,2.8,8.5,30.6,26427.47
Turkey,03-01-2003,6.4,-6.2,-0.2,1,19.4,36,29870.49
Turkey,04-01-2003,5.7,0.5,2.4,12.7,15.1,47.5,16099.72
Turkey,05-01-2003,6.1,-1.5,2.1,3.6,13.8,34.2,19216.04
Turkey,06-01-2003,9.6,0.4,3.7,0.2,20.8,38.9,26243.51
Turkey,07-01-2003,10.7,-0.3,3.9,0,14.7,29.5,28800
Turkey,08-01-2003,11.7,-2.5,3.2,0,17.8,33.1,25207.62
Turkey,09-01-2003,9.8,-2,3.1,0,7.8,19.1,30720.36
Turkey,10-01-2003,11.3,-1.1,3.3,0,13.1,27.7,29619.25
Turkey,11-01-2003,13.9,-1.4,4.3,0,10.5,22.3,30311.24
Turkey,12-01-2003,11.8,-0.2,4.8,0,15.2,33.1,6920.62
Turkey,13-01-2003,6.6,1.2,3.5,4,12.3,24.8,18364.14
Turkey,14-01-2003,3.5,-3.1,1,0,16.2,31.3,23572.95
Turkey,15-01-2003,1.1,-5.5,-2.4,0.6,17.5,32,30846.13
Turkey,16-01-2003,2.7,-4.2,-1,0.6,10.8,22.7,27249.94
Turkey,17-01-2003,4.8,-6.5,-1.1,0,9.3,20.2,31007.56
Turkey,18-01-2003,2.6,-4.5,-0.4,1.5,15.6,33.5,15673.42
Turkey,19-01-2003,6,-6.5,-1.2,0,9.7,21.6,30960.69
Turkey,20-01-2003,5.5,-3,0.3,0,10.2,22.3,29461.95
Turkey,21-01-2003,5.3,-2.7,0.5,0,10,24.1,27724.46
Turkey,22-01-2003,7.1,-2.3,1.2,0.6,12.1,27.4,25698.94
Turkey,23-01-2003,6.9,-1.3,1.5,4.6,12.8,25.6,19599.37
Turkey,24-01-2003,8.4,-1.9,2.6,0,7.4,18,24000.09
Turkey,25-01-2003,7.7,-3.1,1.7,0,12.2,24.5,30243.86
Turkey,26-01-2003,6.3,-2.7,0.8,0,10.5,20.5,32669.29
Turkey,27-01-2003,7.8,-4.4,1.2,0.1,9.4,21.2,25909.83
Turkey,28-01-2003,3.6,-0.7,1.1,1.6,11.6,23.8,5980.8
Turkey,29-01-2003,7.7,-2.2,2.2,0,17,34.9,33044.52
Turkey,30-01-2003,10.5,-2.3,3.6,0,22.1,45,33174.26
Turkey,31-01-2003,10,0.3,4.6,0,25.2,50.4,22438.26
Turkey,01-02-2003,9.9,0,4.4,0.6,23.7,51.5,33439.61
Turkey,02-02-2003,8.7,0.8,3.7,1.2,30.6,73.4,24325.28
Turkey,03-02-2003,6.3,-1.9,1.7,3.7,10.2,35.3,32859.6
Turkey,04-02-2003,4.2,-3.8,-0.4,2.6,12.6,29.2,28171.27
Turkey,05-02-2003,7.1,-5.6,-0.2,0,18.9,37.8,33283.04
Turkey,06-02-2003,9.4,-0.5,4.2,0,32.6,62.6,34128.98
Turkey,07-02-2003,8.4,0.9,4.3,0,27.5,53.3,28967.28
Turkey,08-02-2003,3.7,-3.2,0.9,5.1,28.9,72,30474.83
Turkey,09-02-2003,-0.3,-6.4,-3.5,0.2,17.2,33.1,33321.76
Turkey,10-02-2003,-0.2,-7.6,-4,0.3,12.2,24.8,28940.05
Turkey,11-02-2003,0.8,-7.2,-4.1,0,10.4,16.6,34839.18
Turkey,12-02-2003,6.4,-7.4,-1.5,0.3,11.8,27.4,32133.45
Turkey,13-02-2003,3.7,-3.8,0,0.9,11.5,24.8,22723.13
Turkey,14-02-2003,3.5,-3,-0.5,2.3,11.9,26.3,5543.62
Turkey,15-02-2003,1.1,-4.8,-2.4,0.5,12.1,22.3,16783.87
Turkey,16-02-2003,1.3,-7.2,-3.2,0.2,14.5,30.6,35383.71
Turkey,17-02-2003,1.7,-7.2,-3.3,0,8,18.7,35058.64
Turkey,18-02-2003,-0.2,-3.7,-1.9,9.7,8.4,18.4,330.13
Turkey,19-02-2003,-2.6,-9.3,-4.3,5.8,9,18.7,574.03
Turkey,20-02-2003,-4.6,-11.1,-8.5,0,7.2,14.8,24863.76
Turkey,21-02-2003,-5.9,-19.5,-11.9,0,7,14.4,34842.33
Turkey,22-02-2003,-6.8,-21.1,-14.3,0,8.1,18,33528.16
Turkey,23-02-2003,-6.1,-22.6,-13.5,0.9,11,19.1,28025.29
Turkey,24-02-2003,-2.8,-9.1,-6.1,3.2,21,42.1,20020.51
Turkey,25-02-2003,-2.2,-10.6,-5.8,0.1,13.1,22.3,36089.43
Turkey,26-02-2003,-4,-10.1,-7,0,12,20.2,36000
Turkey,27-02-2003,-4.8,-22.4,-12.1,0,7.8,14,31207.9
Turkey,28-02-2003,-4.2,-21.3,-12.8,0,7.3,15.8,35211.36
Turkey,01-03-2003,-0.3,-22.8,-12.4,0,9.1,15.1,37154.52
Turkey,02-03-2003,2.3,-18.2,-6.9,0.4,9.7,16.9,6186.33
Turkey,03-03-2003,2.3,-4.3,-1.2,1.8,8.1,17.6,21239.9
Turkey,04-03-2003,4.2,-3.6,-0.3,0,8.3,20.2,29352.26
Turkey,05-03-2003,7,-9.3,-1.2,0,15.8,34.2,37156.31
Turkey,06-03-2003,6.7,-3.3,1.5,0.9,8.8,17.3,27683.78
Turkey,07-03-2003,8.4,-1.6,2.7,0.4,20.5,41.8,36360.37
Turkey,08-03-2003,11.5,-4.3,3.1,0,12.5,28.4,37915.16
Turkey,09-03-2003,7.2,-1.9,2.3,2,9.2,21.2,18303.69
Turkey,10-03-2003,5,-1.5,1.3,1.8,10.9,22.7,20779.34
Turkey,11-03-2003,5,-3.1,0.7,0,14.4,30.6,36876.38
Turkey,12-03-2003,3.2,-4.9,-1.2,0,18,33.8,23845.79
Turkey,13-03-2003,7.8,-5.5,1.1,0,12.4,30.2,38548.47
Turkey,14-03-2003,11.6,-2.7,4.1,0.9,23.4,47.5,38641.29
Turkey,15-03-2003,11.6,0.6,5.8,0.4,15.7,33.8,38733.36
Turkey,16-03-2003,8.9,-0.5,3.5,0.2,20.2,38.9,31744.79
Turkey,17-03-2003,6.8,-2.8,1.4,0,15.7,28.8,27808.66
Turkey,18-03-2003,6.3,-0.7,2.1,3.4,13.8,27.4,9320.6
Turkey,19-03-2003,1.7,-4.3,-1.6,3.4,15.9,30.6,24978.66
Turkey,20-03-2003,1.9,-6.6,-2.3,0,20.7,41.8,36163.96
Turkey,21-03-2003,4.8,-5.7,-0.8,0,19.5,40,37517.86
Turkey,22-03-2003,-0.4,-6.6,-3.2,2.6,18.3,37.1,24846.94
Turkey,23-03-2003,0.9,-8.7,-4.2,0.4,12.9,27.4,32207.12
Turkey,24-03-2003,-1.3,-6,-4.2,6,24.1,48.2,27412.21
Turkey,25-03-2003,3,-5.2,-1.9,1.5,30.1,58.3,32365.3
Turkey,26-03-2003,2.1,-5.5,-2.5,0,24.6,47.9,41265.82
Turkey,27-03-2003,4.3,-4.5,-0.7,0,23.4,45.4,38914.91
Turkey,28-03-2003,5.5,-6.3,-0.7,0,11.5,26.6,41541.8
Turkey,29-03-2003,7.2,-5.2,0.4,0,17.6,34.9,41599.39
Turkey,30-03-2003,8.1,-5,1.4,0,10.8,24.8,41656.8
Turkey,31-03-2003,10.7,-5.1,3,0.1,16.9,34.6,41714.05
Turkey,01-04-2003,12,-2.9,5,0.5,15.6,34.2,40275.15
Turkey,02-04-2003,13.2,1.5,6.4,6.3,19,37.4,27015.11
Turkey,03-04-2003,17.2,2.5,9.8,0.1,30.4,56.9,32617.09
Turkey,04-04-2003,19.7,3.6,10.6,0.3,13.3,37.4,41573.99
Turkey,05-04-2003,24,2.1,13.2,0,31.1,61.9,41650.21
Turkey,06-04-2003,13.6,5.8,9.4,6.2,28.1,50,42090.11
Turkey,07-04-2003,13.4,2.1,7.8,0.5,19.8,43.9,41125.83
Turkey,08-04-2003,16.5,-0.4,8.1,0,22.7,43.2,42698.32
Turkey,09-04-2003,7.4,0.8,3.8,0.4,16.7,35.6,23700.86
Turkey,10-04-2003,10.8,-1.9,4.6,0,11.3,25.9,42830.16
Turkey,11-04-2003,14,-1.9,7.2,0,9.8,24.5,43325.9
Turkey,12-04-2003,16.8,1.9,9.5,0,12.1,26.3,42952.48
Turkey,13-04-2003,18.4,2,10.9,0,8.7,16.2,43707.16
Turkey,14-04-2003,18.8,3.5,11,0,19.3,39.6,40807.72
Turkey,15-04-2003,13.7,5.4,8.8,10.1,16.3,36.4,20398.57
Turkey,16-04-2003,14.3,1.6,8.1,0,17,37.4,43302.4
Turkey,17-04-2003,17.4,1.2,10.1,0,19.1,34.9,43876.56
Turkey,18-04-2003,14.3,6,9.5,6.8,16.7,34.9,0
Turkey,19-04-2003,16.1,3.7,9.4,11.4,19.1,54.4,36055.88
Turkey,20-04-2003,10.5,5.6,7.1,12.1,16.5,39.2,21400.8
Turkey,21-04-2003,9.2,4,6,2.6,15.2,29.5,20586.33
Turkey,22-04-2003,10.6,0.3,5.6,0,11.9,23.8,42062.6
Turkey,23-04-2003,14.5,-0.4,7.4,2.6,20.7,42.1,37745.21
Turkey,24-04-2003,16.9,3.5,9.6,6.5,20.1,47.2,35678.04
Turkey,25-04-2003,9.9,2.7,7.2,12.1,14.8,30.6,7218.25
Turkey,26-04-2003,6.2,0.8,3.5,4.6,26.6,50.4,2234.78
Turkey,27-04-2003,9.2,0.1,4.1,0,26.7,52.6,43200
Turkey,28-04-2003,12.3,-3,4.7,0,9.4,24.5,46062.48
Turkey,29-04-2003,15.1,-0.2,8.5,0,9.4,21.2,37766.07
Turkey,30-04-2003,16,5,10.4,0,10.8,24.1,46206.32
Turkey,01-05-2003,18.1,1.6,11,0,12.2,26.6,46275.95
Turkey,02-05-2003,20.1,4.3,12.3,0,16.3,33.1,46343.94
Turkey,03-05-2003,22.8,3.5,14.1,0,14.3,30.6,46410.2
Turkey,04-05-2003,24,5.4,15.8,0,12.5,24.8,46475.2
Turkey,05-05-2003,23,9.7,16.1,0.5,21.9,37.8,46539.21
Turkey,06-05-2003,18.9,5.8,12.7,0,18.7,37.8,46602.2
Turkey,07-05-2003,15.8,1.5,9.3,0,17.7,37.8,46664.12
Turkey,08-05-2003,19.3,2.6,10.9,0,11.6,27,46724.91
Turkey,09-05-2003,22.6,4.7,14.3,0,11.6,20.9,46784.52
Turkey,10-05-2003,23.9,7.6,16.1,0,15.8,30.2,46800
Turkey,11-05-2003,24.5,9.2,17.1,0,11.8,20.5,46800
Turkey,12-05-2003,25.1,10.6,18.3,0,11.2,25.6,46800
Turkey,13-05-2003,26,10.8,18.9,0,9.2,17.6,45714.57
Turkey,14-05-2003,26.1,8.4,18.6,0,11.3,22.7,46800
Turkey,15-05-2003,25.5,8.2,18.1,0,11.7,23,41900.86
Turkey,16-05-2003,23.8,11.5,17.4,3.3,12.7,27.4,43200
Turkey,17-05-2003,22.6,9.2,16.1,0.2,17.3,34.2,46883.05
Turkey,18-05-2003,22.5,8,15.7,0,18,32.4,46970.98
Turkey,19-05-2003,23.3,9.2,16.5,0,13.9,28.4,47064.15
Turkey,20-05-2003,24.9,8,17.7,0,13,22.7,46800
Turkey,21-05-2003,25.6,11.9,18.6,0.1,18.7,43.2,42592.52
Turkey,22-05-2003,24.1,9.6,17.6,0,7.8,20.5,46800
Turkey,23-05-2003,24.4,10.1,18.2,0,10.7,23.4,47168.52
Turkey,24-05-2003,27.1,10.1,18.9,0,27.2,43.2,46800
Turkey,25-05-2003,23.8,10,16.9,0,22.4,43.9,47280.02
Turkey,26-05-2003,17.3,10.2,13.4,4.3,10.1,20.2,37196.99
Turkey,27-05-2003,19.5,7.1,14,0,8.7,24.5,46800
Turkey,28-05-2003,21.3,8.4,15.9,1.6,8.8,23.4,46800
Turkey,29-05-2003,22.4,9.8,16.5,0.5,11.7,29.9,43014.63
Turkey,30-05-2003,17.5,10.8,13.8,19,14.1,34.9,22412.58
Turkey,31-05-2003,16.7,10.3,13,1,22.8,45.7,39565.35
Turkey,01-06-2003,19.2,5.4,12.7,0,10.4,22.3,47784.59
Turkey,02-06-2003,21.4,7.1,15.1,0,10,22.7,46924.38
Turkey,03-06-2003,22.1,9.8,16.1,0,16.7,34.2,48052.78
Turkey,04-06-2003,22.4,8.7,16.1,0,17.1,36,46403.64
Turkey,05-06-2003,19.6,7.7,14.1,0,16.8,34.9,48340.26
Turkey,06-06-2003,22.2,5.8,14.5,0,15.4,30.2,48567.46
Turkey,07-06-2003,25.2,8.8,17.2,0,11.2,23.8,48798.48
Turkey,08-06-2003,27.5,9.8,19.2,0,13.8,30.6,46841.3
Turkey,09-06-2003,28,10.7,19.6,0,21.1,45,45149.65
Turkey,10-06-2003,27.2,10.7,19,0.5,22.7,47.9,48104.33
Turkey,11-06-2003,25,11,17.9,0.8,23.7,47.9,47693
Turkey,12-06-2003,25.3,10.3,17.9,0,25.9,49.7,48898.75
Turkey,13-06-2003,25.5,10.1,18.3,0,24.4,50,48907.33
Turkey,14-06-2003,26.7,9.8,18.6,0,18.8,40,49058.12
Turkey,15-06-2003,27.8,10,19.2,0,18.3,37.4,49170.26
Turkey,16-06-2003,29.2,12.4,21.3,0,10.6,25.6,49191.69
Turkey,17-06-2003,29.4,13,21.3,0.6,15.9,37.4,45661.6
Turkey,18-06-2003,23.9,14.2,18.7,0,17.3,38.5,49050.35
Turkey,19-06-2003,26.1,9.1,18.3,0,10.7,28.4,49160.45
Turkey,20-06-2003,26.5,12.1,19.6,0,18.4,37.1,49042.13
Turkey,21-06-2003,28.4,12,21.4,0,13.8,32,47352.22
Turkey,22-06-2003,26.6,13.3,20.9,0,18,37.8,49120.76
Turkey,23-06-2003,25.3,11.7,19.2,0,15.6,37.1,49218.96
Turkey,24-06-2003,23.7,11.1,17.9,0,19.5,41.4,49229.68
Turkey,25-06-2003,27.6,10,19.6,0,14.4,33.5,49321.36
Turkey,26-06-2003,30.1,12.2,22.6,0,15.6,32.8,47645.69
Turkey,27-06-2003,28.3,14.1,21.9,0,14.7,34.2,49171
Turkey,28-06-2003,28.3,13.9,21.9,0,17.6,37.4,41460.68
Turkey,29-06-2003,26.6,12.9,20.3,0,17.8,37.8,49178.52
Turkey,30-06-2003,25.6,11.7,19.3,0,18.6,38.5,49179.26
Turkey,01-07-2003,25.9,9.4,18.4,0,17.6,38.9,49251.82
Turkey,02-07-2003,29.3,11.7,21.5,0,10.5,27.7,49174.41
Turkey,03-07-2003,33.3,13.4,24.9,0,12.2,20.2,49169.2
Turkey,04-07-2003,34.9,16.2,27.1,0,13.8,29.5,49162.28
Turkey,05-07-2003,33.9,19.1,27.1,0,14.2,29.5,49117.88
Turkey,06-07-2003,33.5,17.6,26.9,0,27.5,50.4,49105.63
Turkey,07-07-2003,26.4,15.8,21.1,0.5,21,40.3,48124.2
Turkey,08-07-2003,25.4,11.8,19.4,0,14.9,33.8,48149.48
Turkey,09-07-2003,26.4,12.9,20.3,0,15.5,33.5,49058.79
Turkey,10-07-2003,26.8,12.4,20.3,0,12.5,31.3,49039.8
Turkey,11-07-2003,28.7,14.6,22.5,0,13.7,32.4,49019.11
Turkey,12-07-2003,30.4,13.9,23.2,0,13,28.4,48996.73
Turkey,13-07-2003,28,14.1,21.5,0,13.7,31.7,48972.66
Turkey,14-07-2003,30.1,13.9,22.6,0,10.1,28.4,48946.88
Turkey,15-07-2003,32.3,14.1,24.7,0,13.2,28.8,48919.4
Turkey,16-07-2003,29.3,14.9,22.8,0,14.5,33.1,48890.22
Turkey,17-07-2003,27.2,14.6,21.6,0,15.5,36.4,48859.33
Turkey,18-07-2003,26.7,13.2,20.7,0,16.5,35.3,48749.73
Turkey,19-07-2003,26.4,13.2,20.5,0,16.6,35.6,48792.42
Turkey,20-07-2003,27.2,12.6,20.4,0,19.7,39.6,48756.39
Turkey,21-07-2003,26.4,12.3,19.5,0,23.3,43.9,48574.5
Turkey,22-07-2003,21.2,12.8,17.6,0,23.1,44.3,11626.53
Turkey,23-07-2003,23.3,11.9,17.6,0.2,23.8,43.9,24203.99
Turkey,24-07-2003,26.3,11.2,19.4,0,16,34.9,48492.57
Turkey,25-07-2003,25.8,11.6,19.5,0,19.7,36.4,48304.52
Turkey,26-07-2003,25.9,11.5,19.3,0,15,34.6,48118.5
Turkey,27-07-2003,23.9,12.3,18.6,0.3,17.9,36.4,47460.97
Turkey,28-07-2003,24,11.9,18.6,0.2,17.7,35.3,46708.81
Turkey,29-07-2003,24.9,12.3,19,0,15.8,33.5,46839.54
Turkey,30-07-2003,27.4,13.6,21.2,0,16.6,32.4,43658.61
Turkey,31-07-2003,27.5,15.1,21.7,0,13.3,28.4,47230.2
Turkey,01-08-2003,31.2,13.6,23.9,0,8.2,22.7,47168.69
Turkey,02-08-2003,32.9,17.6,25.4,0,16.1,32,47003.13
Turkey,03-08-2003,32.3,16.5,24.9,0,19.1,38.5,46941.5
Turkey,04-08-2003,31.2,15.9,24,0,19.2,39.6,46782.32
Turkey,05-08-2003,29.7,15,22.8,0.2,14.9,31,46350.94
Turkey,06-08-2003,28,14.8,21.7,0,18.4,36.7,46480.26
Turkey,07-08-2003,29.7,12.7,21.5,0,19.7,37.8,46338.27
Turkey,08-08-2003,29.1,14,21.7,0,20,38.9,46202.96
Turkey,09-08-2003,28.1,13.9,21.3,0,13.3,31,46151.62
Turkey,10-08-2003,31.4,13.2,23.3,0,12.4,25.2,45932.69
Turkey,11-08-2003,30.2,16.3,23.5,0,20.9,41,45882.45
Turkey,12-08-2003,26.7,15.4,21.3,0,16.3,33.5,45864.8
Turkey,13-08-2003,25.6,12.2,19.1,0,16.2,33.5,45818.06
Turkey,14-08-2003,24.9,10.1,18.2,0,17.3,38.2,45730.84
Turkey,15-08-2003,26.3,10.5,19,0,15.6,34.2,45679.91
Turkey,16-08-2003,28.9,12.5,20.7,0,14.1,30.2,45628.84
Turkey,17-08-2003,29.1,12.6,20.9,0,18.4,35.6,45577.61
Turkey,18-08-2003,28,11.2,19.8,0,23.6,44.3,45526.27
Turkey,19-08-2003,26,14.3,19.2,0,23.5,45.4,45006.18
Turkey,20-08-2003,27.2,11.5,19.1,0,17.7,35.3,45423.29
Turkey,21-08-2003,26.7,11,18.8,0,21.6,40.7,45370.35
Turkey,22-08-2003,25.9,11.3,18.6,0,19.9,40.7,45236.4
Turkey,23-08-2003,25.6,12.1,18.5,0,23.8,47.5,44255.16
Turkey,24-08-2003,26.8,9.7,18.7,0,13.7,32.4,44966.12
Turkey,25-08-2003,28.9,12.4,21,0,11,23.4,44829.99
Turkey,26-08-2003,30.6,12.1,22.7,0,11.9,26.6,44693.31
Turkey,27-08-2003,30.4,14.9,23,0,14.8,32.8,44556.19
Turkey,28-08-2003,31,13.6,23.4,0,15,32.8,44400.93
Turkey,29-08-2003,30.3,14.9,23.1,0,19.1,40.3,44173.13
Turkey,30-08-2003,29.3,13.5,21.9,0,14.5,31.7,43830.27
Turkey,31-08-2003,30.8,15.5,23.5,0,13.5,33.1,43726.98
Turkey,01-09-2003,32.7,13.1,24.5,0,9.5,23.8,43507.8
Turkey,02-09-2003,32.8,17.3,25.9,0,10.2,26.3,43291.06
Turkey,03-09-2003,29.8,14.2,22.7,0,10.8,27.7,42749.95
Turkey,04-09-2003,27.3,15.4,21,0,23.5,44.3,42136.33
Turkey,05-09-2003,15.4,7.1,10.8,10.2,23.5,43.6,3907.69
Turkey,06-09-2003,14.4,5.7,9.6,2.9,14.7,28.1,27336.67
Turkey,07-09-2003,17.5,5.3,11.6,0,15.6,31,42252.17
Turkey,08-09-2003,18.9,4.7,11.9,0,10.7,27.4,42055.07
Turkey,09-09-2003,22.9,5.3,14.8,0,14.1,30.2,41955.54
Turkey,10-09-2003,26,10.3,18.4,0,13.7,30.2,41331.31
Turkey,11-09-2003,29.1,11,20.4,0,26.1,47.5,40439.31
Turkey,12-09-2003,22.8,13.3,18.2,0.1,16.6,34.2,40390.84
Turkey,13-09-2003,23.5,10.9,18.1,0,13.5,31.3,39936.85
Turkey,14-09-2003,25.7,11.3,19.2,0,11.9,24.1,39834.27
Turkey,15-09-2003,25.3,12.7,18.7,0,15.3,32,40043.58
Turkey,16-09-2003,25.1,11.2,18.1,0,16.2,31,39747.82
Turkey,17-09-2003,19.6,11.2,14.7,10.2,16.6,34.2,34403.53
Turkey,18-09-2003,16.8,7.8,12.4,0,16.2,30.6,26702.63
Turkey,19-09-2003,17.3,6.4,11.9,0,17.1,35.6,39600.82
Turkey,20-09-2003,17.1,4.2,10.8,0,23.9,45.7,39600
Turkey,21-09-2003,18.9,7.4,12.3,0,22.2,43.6,38660.44
Turkey,22-09-2003,22.1,5.2,13.2,0,11.3,26.3,39600
Turkey,23-09-2003,24.1,7.4,15.6,0,11.8,17.6,39600
Turkey,24-09-2003,24.9,8.2,17.1,0,12.4,22.7,39600
Turkey,25-09-2003,24.5,10.5,17.2,0,14.9,29.5,39600
Turkey,26-09-2003,23.5,8.8,15.7,0,14.8,29.5,39600
Turkey,27-09-2003,24.1,9.3,16.1,0,12.3,23.4,39600
Turkey,28-09-2003,22.3,9.2,15.4,0,16.6,32.4,39600
Turkey,29-09-2003,21.8,7.9,14.6,0,11.5,26.6,39600
Turkey,30-09-2003,22.4,5.6,15,0,9.4,18.7,36147.71
Turkey,01-10-2003,23,10.3,16.4,0,21.2,39.2,38728.44
Turkey,02-10-2003,20.6,9,14.2,0,17.3,38.2,37763.16
Turkey,03-10-2003,19.2,7.3,13.2,0.1,13.5,27.4,39088.18
Turkey,04-10-2003,21.1,5.1,13.9,0,10.2,26.6,38933.89
Turkey,05-10-2003,24.7,6.6,16,0,12.9,28.8,38779.91
Turkey,06-10-2003,27.2,8.5,18.5,0,8,21.2,38626.33
Turkey,07-10-2003,27.4,9.4,18.9,0,10.3,24.5,38473.29
Turkey,08-10-2003,26.8,9.5,18.1,0,22.3,42.5,38320.86
Turkey,09-10-2003,26.6,12.5,18.8,0.3,33.6,77.4,37074.91
Turkey,10-10-2003,20.2,10.2,14.9,0,14.8,29.9,34793.07
Turkey,11-10-2003,13.4,6.3,10,0,14.7,32,22231.83
Turkey,12-10-2003,14.3,4.3,8.4,0,14.1,28.8,37013
Turkey,13-10-2003,16,2.2,8.6,0,11.2,23.8,37561.21
Turkey,14-10-2003,18.5,3.2,10.4,0,10.8,19.8,37408.02
Turkey,15-10-2003,21.1,5.4,12.6,0,13.4,22.3,37254.57
Turkey,16-10-2003,22.3,6.1,14.1,0,9.4,17.3,37100.96
Turkey,17-10-2003,21.9,8.1,14.7,0,12.7,27,36124.62
Turkey,18-10-2003,20.9,6.7,13.8,0,16.9,32.8,35476.32
Turkey,19-10-2003,17.7,8.6,13.1,0,16.3,33.1,26440.04
Turkey,20-10-2003,21,7.8,14.4,0.2,24.6,49.3,34944.69
Turkey,21-10-2003,23.9,8.8,16.8,0,27.2,53.6,35463.98
Turkey,22-10-2003,22.9,9.4,16.3,0,15.7,32.4,35720.8
Turkey,23-10-2003,25.1,7.6,16.3,0,17.9,37.1,35312.32
Turkey,24-10-2003,22.6,11.7,16.8,0,29.5,58,11110.14
Turkey,25-10-2003,24.5,15,19,0.2,36.4,66.6,31604.97
Turkey,26-10-2003,17.2,9.7,13.2,8.5,15.7,45.4,23492.45
Turkey,27-10-2003,13.1,4.1,8.3,0,11.2,27.4,34762.7
Turkey,28-10-2003,8.4,-1.6,5.2,19.3,23.8,46.4,443.11
Turkey,29-10-2003,2.7,-3.5,-0.8,3.5,19.6,40.3,21220.27
Turkey,30-10-2003,11,-3.4,3.5,0,14.6,29.5,34157.95
Turkey,31-10-2003,9.4,4.3,6.6,8.4,9.6,22.3,0
Turkey,01-11-2003,16.8,4.3,9.9,0.7,16.5,34.2,28355.44
Turkey,02-11-2003,16.8,6.4,11.2,0,9,20.5,31086.08
Turkey,03-11-2003,18.6,2.5,10.2,0,10.2,19.1,33709.11
Turkey,04-11-2003,20.2,2.2,10.8,0,7.6,16.6,33640.52
Turkey,05-11-2003,19.6,2.8,10.7,0,7.3,19.1,32671.08
Turkey,06-11-2003,19.8,4.2,10.6,0,12.2,27,26811.23
Turkey,07-11-2003,18,5,10.9,0,10.7,18.4,32866.5
Turkey,08-11-2003,12.2,5.3,8.3,0.8,19.3,38.9,15694.45
Turkey,09-11-2003,8.6,3.5,5.5,0,16.5,32.4,29904.59
Turkey,10-11-2003,6.2,0.4,2.2,6.4,18.9,36.7,9476.67
Turkey,11-11-2003,3.2,0.2,1.2,4.8,21.1,42.5,17983
Turkey,12-11-2003,4.9,-1,1.2,0,10.5,24.8,30715.13
Turkey,13-11-2003,4.7,-3.1,0.8,0,10.7,21.6,29317.78
Turkey,14-11-2003,6.2,-3.5,0.7,0,9.1,16.6,32498.27
Turkey,15-11-2003,7.7,-4.3,1,0,6.7,15.1,32373.61
Turkey,16-11-2003,9.2,-3.9,2.1,0,10,22,32260.34
Turkey,17-11-2003,9.7,-2.1,2.9,0,9.4,22.3,32159.08
Turkey,18-11-2003,10.5,-2.9,3,0,14.7,30.2,31516.28
Turkey,19-11-2003,6.1,-1.8,3.1,6,14.8,32.4,24892.64
Turkey,20-11-2003,8.4,-2.9,2.5,0,17.3,34.6,31983.25
Turkey,21-11-2003,10.4,-0.2,4.6,0,10.1,23.4,31943.3
Turkey,22-11-2003,12.9,-4,3.2,0,6.9,16.2,31905.28
Turkey,23-11-2003,12.2,-3.2,3.2,0,7.6,15.5,30627.71
Turkey,24-11-2003,11.9,-2.1,3.8,0,8.2,16.6,30661.04
Turkey,25-11-2003,8.8,1.4,4.3,0,14.9,27,1849.03
Turkey,26-11-2003,10.7,-1.7,4.4,0,9,14.8,31625.93
Turkey,27-11-2003,10.1,-1.8,4.2,0,11.9,19.8,31529.86
Turkey,28-11-2003,9.3,-3.8,2.9,0,8.5,15.5,31436.49
Turkey,29-11-2003,9.5,-2.8,3.2,0,7.4,13,31345.98
Turkey,30-11-2003,9.8,-3.2,2.7,0,7.7,12.2,31258.49
Turkey,01-12-2003,9.6,-3.9,2.2,0,6.2,14.4,31174.19
Turkey,02-12-2003,7.2,-2.7,1.3,0,10.4,21.2,31093.23
Turkey,03-12-2003,7.2,-1.3,1.8,0,11.7,22.7,26669.48
Turkey,04-12-2003,8,-2.1,1.7,0,15.5,31.7,30942.01
Turkey,05-12-2003,4.1,-1.4,1.1,0,7.1,17.3,14949.48
Turkey,06-12-2003,6.6,-4.4,0.1,0,10.7,24.5,30806.15
Turkey,07-12-2003,9.3,-3.7,1.9,0,14.5,31,30675.97
Turkey,08-12-2003,7.2,0.7,3.6,5.7,15.3,38.5,2424.38
Turkey,09-12-2003,5.9,1.4,3.4,4.4,8.2,23.8,3640.05
Turkey,10-12-2003,5,-2.1,1.4,0,9.8,20.5,29980.25
Turkey,11-12-2003,5.1,-5.1,-0.3,0,7.1,13.7,29454.97
Turkey,12-12-2003,7.1,-4.2,0.5,0,5.9,13,30498.32
Turkey,13-12-2003,8.6,-4.6,1.3,0,6.9,14.4,21063.17
Turkey,14-12-2003,10.7,-3.8,1.8,0,10.7,17.6,30426.42
Turkey,15-12-2003,8.8,-3.3,1.5,1,17.8,40,26994.85
Turkey,16-12-2003,8.1,-1.4,3,3,20.7,54.4,22512.68
Turkey,17-12-2003,9.4,2.2,5.2,7.8,28.8,71.3,23082.27
Turkey,18-12-2003,1.5,-4.1,-1.2,5.9,20,42.1,12124.73
Turkey,19-12-2003,-2.1,-6.2,-4.3,0.6,15.6,33.1,20132.1
Turkey,20-12-2003,0.3,-8.7,-4.5,0,7.7,20.5,27212.28
Turkey,21-12-2003,3.1,-7.5,-3.5,0,7.8,18.4,30297.44
Turkey,22-12-2003,5.4,-6.8,-2,0,10.4,19.8,29753.89
Turkey,23-12-2003,6.2,-6.2,-1.6,0,10.1,21.6,30296.83
Turkey,24-12-2003,7.8,-5.7,-0.9,0,10.8,22,30302.71
Turkey,25-12-2003,8.2,-3.6,0.6,0,12,25.2,22503.27
Turkey,26-12-2003,4.9,-1.9,0.7,1.5,10.8,31.7,7958.68
Turkey,27-12-2003,3.3,-3.6,-0.4,0.4,8.8,18,9165.52
Turkey,28-12-2003,3,-2,0,0,5.8,14.4,16723.4
Turkey,29-12-2003,4.2,-4.1,-0.3,0,5.6,13.3,30394.89
Turkey,30-12-2003,5.7,-6.2,-1.4,0,8.5,16.9,29444.61
Turkey,31-12-2003,6.6,-4.5,-0.5,0,9.6,22.7,29228.14
Turkey,01-01-2004,6.7,-4.5,-0.1,0,11.3,25.9,29051.43
Turkey,02-01-2004,6.1,-3.9,0.4,0.2,15.2,30.2,17824.54
Turkey,03-01-2004,7.4,-4.6,0.8,0,12.2,25.6,30335.66
Turkey,04-01-2004,8.2,-0.5,2.8,2,17.2,36,17954.51
Turkey,05-01-2004,6.3,-2.1,2,3.9,15.1,39.2,28677.54
Turkey,06-01-2004,7.1,-3.2,0.9,1.2,22.9,48.6,30306.96
Turkey,07-01-2004,-1.5,-8.6,-5.2,14.7,18.7,34.6,0
Turkey,08-01-2004,-6.8,-15,-10.5,2,12.4,24.1,28158.25
Turkey,09-01-2004,-5.1,-18.7,-12.8,0,10.9,15.5,30734.1
Turkey,10-01-2004,-2.8,-17.8,-11.1,0,11.5,23,29474.09
Turkey,11-01-2004,2.6,-12.3,-5.7,0,16,35.6,28800
Turkey,12-01-2004,4.7,-4.1,-0.8,0,11.3,28.4,28800
Turkey,13-01-2004,3.4,-2.6,0.2,0.4,7.5,17.6,12956.06
Turkey,14-01-2004,4.9,-4.2,0.1,0,15,31,29055.43
Turkey,15-01-2004,7.8,-3.7,1,0,15.6,33.1,26255
Turkey,16-01-2004,9.9,-2.1,3.3,1.5,20.2,41.4,26059.9
Turkey,17-01-2004,2.3,-6.2,-1.3,7.6,18.8,35.6,31073.29
Turkey,18-01-2004,4.2,-12.5,-4.1,0,7.9,19.1,31550.76
Turkey,19-01-2004,6.4,-7.4,-1.5,0,6.6,15.8,31694
Turkey,20-01-2004,7.6,-7.5,-1.5,0,9.2,20.5,31762.53
Turkey,21-01-2004,5.6,-5.3,-0.9,1.4,12.1,29.5,15598.48
Turkey,22-01-2004,4.8,-1.1,1.9,6.9,34.9,79.9,0
Turkey,23-01-2004,2.9,-4.7,0.3,9.9,21.1,61.6,23733.67
Turkey,24-01-2004,-5.2,-13.3,-8,5.1,9.6,16.9,27543.38
Turkey,25-01-2004,-0.1,-19.2,-9.1,0,15.2,30.2,30276.32
Turkey,26-01-2004,3.5,-5.2,-1.4,2.2,15.1,28.8,24804.8
Turkey,27-01-2004,1.2,-5.8,-2.4,1.8,8.3,19.4,30274.93
Turkey,28-01-2004,4.7,-8.6,-1.6,0,14.1,29.5,31425.84
Turkey,29-01-2004,5.6,-6.7,-1.6,0,14.6,28.4,33022
Turkey,30-01-2004,5.8,-8.7,-2.1,0,17.9,34.2,26671.98
Turkey,31-01-2004,4.5,-4.3,0,2.9,8.3,22,26331.47
Turkey,01-02-2004,3,-3.1,-0.7,0.2,19.1,38.9,30799.29
Turkey,02-02-2004,4.6,-6,-1.4,0,13.7,27.7,33547.46
Turkey,03-02-2004,3.8,-4.7,-0.4,0,12.2,26.6,28523.1
Turkey,04-02-2004,5.5,-4,-0.2,0,11.5,25.6,31705.97
Turkey,05-02-2004,4.1,-5.3,-1.5,0,10,24.1,33953
Turkey,06-02-2004,4.3,-3.9,0.5,7.8,17.7,33.5,3881.98
Turkey,07-02-2004,9,-3.5,2.7,0.1,22,41,31023.47
Turkey,08-02-2004,14.7,-2.3,4.6,0,22.7,43.2,34365.79
Turkey,09-02-2004,13.1,-1.4,4.4,0,20,38.9,34506.95
Turkey,10-02-2004,9.2,0.5,4.3,0.8,19.9,36,13708.48
Turkey,11-02-2004,0.8,-6.3,-1.8,1.4,13.5,27,31402.12
Turkey,12-02-2004,7.1,-7.7,-1,0,20.6,40.3,34941.19
Turkey,13-02-2004,7.3,-0.6,2.8,2.9,31.8,61.9,20748.18
Turkey,14-02-2004,-1.6,-10.2,-6.1,10.5,12.8,32,15388.67
Turkey,15-02-2004,-7.9,-16.1,-11.5,0.4,20.8,39.6,35293.52
Turkey,16-02-2004,-2.2,-10.2,-5.8,0.4,18,28.8,29121.52
Turkey,17-02-2004,0.3,-18,-8.5,0,9.3,16.9,34388.86
Turkey,18-02-2004,2.1,-6.6,-2.6,0.7,6.2,12.6,21542.99
Turkey,19-02-2004,4,-5.4,-0.9,0.1,12.7,27.7,31980.69
Turkey,20-02-2004,7.6,-4.4,0.8,0,21.7,43.9,29730.37
Turkey,21-02-2004,1.6,-10.2,-4.5,4.2,21.4,40.3,32121.89
Turkey,22-02-2004,-4.8,-12.3,-8.8,0.5,28.3,56.5,22571.53
Turkey,23-02-2004,2,-9.7,-3.6,0,10,25.6,36158.36
Turkey,24-02-2004,8.8,-4.7,0.7,1.9,13.7,29.9,29427.39
Turkey,25-02-2004,12.1,-4.8,2.5,0,14.8,32,36167.14
Turkey,26-02-2004,12.4,-2.9,3.6,0,11,25.9,36335.59
Turkey,27-02-2004,16.2,-3.2,5.4,0,17.7,36.4,33143
Turkey,28-02-2004,18,2.5,8.9,0,21.1,45.4,27858.24
Turkey,29-02-2004,15.2,5.4,9.6,1.2,16.6,43.2,1372.41
Turkey,01-03-2004,14.7,1,8.6,0.2,15.3,38.2,37070.96
Turkey,02-03-2004,15.3,0.2,7.9,0,15,36.7,25401.96
Turkey,03-03-2004,14.8,-0.5,7.3,0,10.8,25.6,28804.17
Turkey,04-03-2004,20.2,0.2,10,0,26.4,51.8,24294.12
Turkey,05-03-2004,12.6,-2.2,7.7,20.5,29.2,75.2,10258.13
Turkey,06-03-2004,0,-4.8,-2.7,2.8,14.8,32,18879.35
Turkey,07-03-2004,-1.9,-12.8,-6.7,0,15.5,34.6,36977.11
Turkey,08-03-2004,4.8,-8.5,-2.9,0,10.5,23,38361.19
Turkey,09-03-2004,9.8,-6.9,1,0,9.6,22.7,38176.02
Turkey,10-03-2004,10.5,-4.1,2.2,8.7,18.1,38.5,30980.47
Turkey,11-03-2004,6.2,-2.8,1.5,0.9,16.6,37.1,38276.44
Turkey,12-03-2004,7.2,-3.9,1.4,0,12.8,23,38532.3
Turkey,13-03-2004,5.2,-5.4,-0.2,0,21.3,38.9,30380.46
Turkey,14-03-2004,3,-4.2,-1.2,0,26.1,50,37901.25
Turkey,15-03-2004,4.7,-4.8,-0.8,0,18,37.1,35834.62
Turkey,16-03-2004,7.5,-5.1,1.4,0,9.9,24.5,38746.59
Turkey,17-03-2004,5,-3.5,0.9,0,15.4,30.2,36168.16
Turkey,18-03-2004,5,-2.1,0.7,1.4,11.2,19.4,23452.57
Turkey,19-03-2004,6.3,-3.1,1.1,0,16.9,34.9,39580.56
Turkey,20-03-2004,10.6,-4,3.4,0,8.4,22,40636.93
Turkey,21-03-2004,14.4,-3.5,5.7,0,11.6,27.4,40790.05
Turkey,22-03-2004,18,-2.6,7.6,0,15.8,32.4,40943.39
Turkey,23-03-2004,18.9,-2.5,8.1,0,13.9,24.8,41096.86
Turkey,24-03-2004,19.5,2.2,10.3,0,27.8,54.4,40802.54
Turkey,25-03-2004,17.9,0,9.4,0,18.7,36,41403.81
Turkey,26-03-2004,16.4,1.6,9,0,13.4,31.3,41469.68
Turkey,27-03-2004,18.5,1.1,10.7,0,10.2,25.9,39600
Turkey,28-03-2004,21.1,6.6,13.3,0,21.7,41.4,38731.64
Turkey,29-03-2004,16.2,5,10,3.1,24.3,55.1,22694.92
Turkey,30-03-2004,9.7,1.5,5.4,1.5,16.3,33.1,41424.89
Turkey,31-03-2004,9.2,-3.5,3,0,17.5,34.9,41756.52
Turkey,01-04-2004,13,-3.4,5.6,0,8.8,18.4,36091.9
Turkey,02-04-2004,5.8,1.1,3.3,13,14.1,32,851.8
Turkey,03-04-2004,5.8,-2.1,1.3,0,16.9,36,39940.93
Turkey,04-04-2004,2,-6,-2.3,0,18,39.2,41983.13
Turkey,05-04-2004,8.4,-6,1.3,0,6.4,18,42452.03
Turkey,06-04-2004,13.2,-5.1,4.8,0,6.6,20.5,42609.31
Turkey,07-04-2004,16,-3,6.7,0,15,29.9,42679.75
Turkey,08-04-2004,16.4,-2.5,7.9,0,12.7,29.2,42944.29
Turkey,09-04-2004,16.9,-1.4,8.8,0,9.3,18.7,43121.37
Turkey,10-04-2004,18.7,0.7,10.6,0,10.6,20.5,43304.3
Turkey,11-04-2004,21.3,2,12.6,0,11.5,23,43492.73
Turkey,12-04-2004,23.2,4.1,14.8,0,8.2,16.9,43686.3
Turkey,13-04-2004,23.9,7.1,16,0,11.5,22.7,42999.38
Turkey,14-04-2004,22.4,8.7,15.8,0,26.6,54.7,27258.54
Turkey,15-04-2004,13.2,3,8.9,1.6,20,37.8,44488.94
Turkey,16-04-2004,5.6,0.1,2.4,1.1,34.6,65.5,29678.9
Turkey,17-04-2004,12.6,-1.6,5.4,0,9.4,22,41658.66
Turkey,18-04-2004,14.8,0.1,7.9,2.3,16.1,36.4,35176.09
Turkey,19-04-2004,15,3.1,8.7,3.3,13.2,26.6,38710.72
Turkey,20-04-2004,15.8,3.3,9.5,2.1,9.2,28.4,44707.2
Turkey,21-04-2004,15.3,5.2,10.2,0.9,15.9,36.4,38161
Turkey,22-04-2004,11.7,5.3,8.1,8.2,14.7,45,34823
Turkey,23-04-2004,8.1,4.7,6.3,5.1,15,30.2,11248.42
Turkey,24-04-2004,12.9,0.6,7.3,0.4,13.9,30.2,45052.4
Turkey,25-04-2004,14.5,2.9,9.1,0,12.8,31.3,45848.41
Turkey,26-04-2004,18.9,-0.1,10.5,0,11.9,27.4,45970.48
Turkey,27-04-2004,21.2,4.1,13,0.4,34.7,70.2,44454.44
Turkey,28-04-2004,17.3,3.1,11,0.5,24.2,49,46113.71
Turkey,29-04-2004,17.8,4.1,11.5,0.2,20.7,42.5,46184.03
Turkey,30-04-2004,14.2,5.9,9.3,0.2,15.1,29.9,25922.91
Turkey,01-05-2004,17.9,2.3,11.1,0,10.9,24.5,46322.11
Turkey,02-05-2004,19.8,4.5,12.9,0,12.5,29.5,43393.55
Turkey,03-05-2004,15.8,5.2,11.3,0,15.3,32.8,41975.96
Turkey,04-05-2004,18.2,5.7,12.6,0,16.8,34.9,46522.02
Turkey,05-05-2004,21.4,5.2,14.7,0,12.8,27.7,44085.07
Turkey,06-05-2004,22.1,10.8,15.6,4.8,18.9,45.4,28952.79
Turkey,07-05-2004,25.2,6.5,16.5,0,21.7,42.1,46711.86
Turkey,08-05-2004,23.1,8.6,16.4,0,10,24.8,46772.63
Turkey,09-05-2004,21.4,8.8,15.5,0.3,19.8,41,46800
Turkey,10-05-2004,23.5,5,14.5,2.3,12.4,37.4,39600
Turkey,11-05-2004,20.2,7.9,14.2,0.9,21.8,45,46201.3
Turkey,12-05-2004,15.8,5.5,11,0.3,19.4,41.4,46800
Turkey,13-05-2004,18.9,6.5,12.8,0.2,11,24.8,46800
Turkey,14-05-2004,20.5,7.1,14.2,0.5,23.9,46.1,46800
Turkey,15-05-2004,14.9,6.5,10.2,3.9,18,46.1,41199.37
Turkey,16-05-2004,12.8,5.7,8.6,0,14.4,32,31364.96
Turkey,17-05-2004,15.6,3.8,10.2,0.1,7.2,21.2,46800
Turkey,18-05-2004,17.1,5.2,10.9,6,19.1,44.3,43623.87
Turkey,19-05-2004,13.3,5.6,8.8,4.8,15.5,32.4,35423.01
Turkey,20-05-2004,15.7,1.8,9.2,0,16.1,34.2,47064.75
Turkey,21-05-2004,19.1,3.3,12,0,16.1,32.8,40735.66
Turkey,22-05-2004,20.5,7,14.1,0,10.7,23.8,47272.67
Turkey,23-05-2004,23.5,5.7,15.9,0,14.3,25.6,47062.36
Turkey,24-05-2004,25,7.6,17.8,0,11.8,27.4,47279.43
Turkey,25-05-2004,24,8.9,17.1,0,18.7,36.4,47170.33
Turkey,26-05-2004,21.5,9.1,14.3,0,25.6,49.3,37192.28
Turkey,27-05-2004,14.5,6.8,9.9,2.6,21.7,42.8,33328.11
Turkey,28-05-2004,15.3,6.6,10.4,0,17.7,37.8,22085.41
Turkey,29-05-2004,18.6,5.7,12.3,0,11.6,28.8,47647.91
Turkey,30-05-2004,22.6,6,15.4,0,12,25.6,47654.02
Turkey,31-05-2004,21.5,8.7,14.9,6.4,19.8,47.9,47659.56
Turkey,01-06-2004,17.1,7.5,13.2,0.9,22.2,44.6,43200
Turkey,02-06-2004,19.9,8,14.7,0,15,34.9,41965.66
Turkey,03-06-2004,21.2,6.6,15.1,0.3,14.1,26.6,47297.09
Turkey,04-06-2004,20.9,10.1,15.9,0,11.9,25.9,42714.8
Turkey,05-06-2004,25.6,7.9,18.2,0,8.3,19.8,47772.8
Turkey,06-06-2004,27.9,11.5,20.1,0.4,24.4,49.7,47350.79
Turkey,07-06-2004,26.8,10.9,19.9,0,18.8,38.9,48583.1
Turkey,08-06-2004,21.8,11.4,16.5,9.8,19.4,40.3,43625.79
Turkey,09-06-2004,17.7,9.4,13.3,1.3,17.3,34.9,47062.45
Turkey,10-06-2004,18.5,8.4,13.6,0,18.4,35.6,47919.25
Turkey,11-06-2004,19,7,13.1,0,13.2,30.6,48909.52
Turkey,12-06-2004,23.1,6.9,15.9,0,9.6,25.6,48993.92
Turkey,13-06-2004,26.5,9.5,19.2,0,10.2,24.5,49051.79
Turkey,14-06-2004,27.2,12,20.5,0,19.9,36.7,48211.73
Turkey,15-06-2004,24.1,10.8,18.1,0,22.7,45.4,48643.71
Turkey,16-06-2004,23.7,10.4,17.3,0,15.5,34.6,49029.32
Turkey,17-06-2004,26.8,11.4,20,0,17.4,36.7,49087.56
Turkey,18-06-2004,28,12.8,21,0,22.7,29.2,48514.25
Turkey,19-06-2004,28.2,13.5,20.4,2.2,28.3,55.4,39952.34
Turkey,20-06-2004,24.2,13,19.1,0,13.7,28.1,46491.46
Turkey,21-06-2004,26.6,13.5,20.6,0,12.9,30.2,47547.52
Turkey,22-06-2004,26.2,14.8,20.5,0,15.1,31,48724.94
Turkey,23-06-2004,25.4,12.5,18.3,3.2,9.7,31,38540.03
Turkey,24-06-2004,22.6,11.7,16.9,4.6,8.7,23.8,45033.26
Turkey,25-06-2004,22.4,11.7,16.8,1.7,13.5,33.5,45481.12
Turkey,26-06-2004,24.3,11.1,18,0,16.6,36.4,49148.7
Turkey,27-06-2004,26,12.2,19.4,0,14.7,33.1,48385.2
Turkey,28-06-2004,22.1,12.4,17.4,0,19.5,40,49150.74
Turkey,29-06-2004,22.7,8.3,16.2,0,17.3,40,49174.03
Turkey,30-06-2004,27.3,9.2,19.3,0,12.6,27.7,49173.38
Turkey,01-07-2004,23.4,11.5,18.1,0,17.4,36.4,49142.05
Turkey,02-07-2004,26.3,9.6,18.7,0,12.3,28.4,49167.18
Turkey,03-07-2004,28.7,12.6,21,0,15.8,32.4,49161.52
Turkey,04-07-2004,27.1,12.2,20.1,0,22.7,46.8,49118.75
Turkey,05-07-2004,27.3,9.6,18.7,0,21.1,42.5,49107.64
Turkey,06-07-2004,29.4,10.3,20,0,16.3,34.2,49094.84
Turkey,07-07-2004,31.6,12,21.9,0,18.4,33.5,49080.31
Turkey,08-07-2004,30.4,13.5,21.9,0,27.2,51.1,48263.45
Turkey,09-07-2004,27.3,14.7,20.5,0,25,50.4,49046.02
Turkey,10-07-2004,25.4,10.4,18,0,22.2,47.5,49026.21
Turkey,11-07-2004,28,8.8,19,0,18.8,40,49004.61
Turkey,12-07-2004,31.7,14.2,23.7,0,20.2,37.1,48981.2
Turkey,13-07-2004,30.4,16.1,24,0,18.4,41,48955.95
Turkey,14-07-2004,32.8,17.2,25.8,0,25.1,52.6,48403.11
Turkey,15-07-2004,29.7,14.1,21.5,0,20.2,40,47677.32
Turkey,16-07-2004,24.1,13.4,17.5,6.7,11.8,36.4,43393.24
Turkey,17-07-2004,21.4,11.5,15.7,3,19,34.6,44493.01
Turkey,18-07-2004,19.1,10.5,14.5,0,21.1,42.1,19108.37
Turkey,19-07-2004,22.9,10.1,16.1,0,23.1,47.2,47689.19
Turkey,20-07-2004,25.9,11.8,17.8,0,25.1,51.1,46456.47
Turkey,21-07-2004,25.3,10.7,17.8,0,24.3,47.2,48433.26
Turkey,22-07-2004,24.1,10,17,0,20.7,43.6,48545.25
Turkey,23-07-2004,25.4,9.6,18.1,0,18.2,40,48508.53
Turkey,24-07-2004,26.1,11.5,19.4,0,14.4,31.3,48319.37
Turkey,25-07-2004,27.6,12.2,20.6,0,13.4,30.6,44016.3
Turkey,26-07-2004,29.9,13.1,22.8,0,12.2,31.3,46976.43
Turkey,27-07-2004,31.7,15.6,24.7,0,13.3,31.7,47533.43
Turkey,28-07-2004,32.5,17.5,26.3,0,10.5,26.3,47702.28
Turkey,29-07-2004,32.8,18,26.2,0,11.4,26.6,47524.84
Turkey,30-07-2004,33.6,17.3,26.2,0,13.2,29.5,47459.99
Turkey,31-07-2004,33.9,18.6,26.4,0,15.9,33.8,47287.49
Turkey,01-08-2004,34.5,17.4,26.2,0,16.3,34.2,47119.2
Turkey,02-08-2004,31.1,18.7,24.7,0.2,15.6,32.8,46755.27
Turkey,03-08-2004,27.8,16.2,21.7,0.3,18,41.8,44413.4
Turkey,04-08-2004,27.6,14.9,21.9,0,10,27.4,46549.95
Turkey,05-08-2004,29.3,16,23.2,0,14.6,28.8,46148.69
Turkey,06-08-2004,29.6,16.2,23.3,0,13.8,31.7,46354.27
Turkey,07-08-2004,30.9,16.4,24.1,0,11.1,31,46218.79
Turkey,08-08-2004,30,16.9,23.9,0,16.8,31.7,46090.09
Turkey,09-08-2004,30.7,15.2,23.7,0,11.5,29.2,46115.96
Turkey,10-08-2004,32.5,15.5,24.7,0,18.1,33.8,45898.09
Turkey,11-08-2004,22.4,16.2,19.2,5.8,19.2,37.1,40922.4
Turkey,12-08-2004,23.3,12.2,18.1,0,19.8,40.3,44093.52
Turkey,13-08-2004,25.2,12.2,18.8,0,13,29.5,45744.78
Turkey,14-08-2004,28.2,11.6,20.8,0,9.1,22.3,45693.36
Turkey,15-08-2004,30.5,12.9,22.8,0,13,21.2,45641.82
Turkey,16-08-2004,31.4,14.3,22.8,0,15.7,32,45590.2
Turkey,17-08-2004,30.3,16.3,23.2,0,10.7,27.4,45538.52
Turkey,18-08-2004,25.3,16.1,20.6,0,17.6,38.2,45486.79
Turkey,19-08-2004,24.8,13,19.1,0,15.6,32,45135.4
Turkey,20-08-2004,23,12.1,18.3,0,14.1,32.4,33835.23
Turkey,21-08-2004,24.6,13.9,19.5,0,13.8,27.7,40310.37
Turkey,22-08-2004,28,13.4,21.3,0,10.9,28.1,45133.56
Turkey,23-08-2004,30.6,13,23.1,0,12,25.2,45000.19
Turkey,24-08-2004,26.6,13.9,20.3,0,15.3,32.8,43552.4
Turkey,25-08-2004,25.7,12.1,19.1,0,17.9,33.8,44732.31
Turkey,26-08-2004,26.7,11.3,19.2,0,14.1,32,44414.63
Turkey,27-08-2004,28.7,11.6,21.1,0,9.4,27.4,44459.77
Turkey,28-08-2004,31.8,12.5,23.3,0,14.1,28.1,44321.49
Turkey,29-08-2004,28.3,14.3,21.9,0,15.6,32,43741.14
Turkey,30-08-2004,27.5,14.6,21.3,0,10.7,26.3,43404.77
Turkey,31-08-2004,28.2,14,21.6,0,10.1,25.6,43418.66
Turkey,01-09-2004,29.1,14.4,22,0,15.1,31.3,43202.2
Turkey,02-09-2004,28.4,13.4,21,0,21.3,42.5,42988.81
Turkey,03-09-2004,26.1,12.1,19.2,0,19.4,38.9,42778.75
Turkey,04-09-2004,25.7,12.5,18.6,0,21.7,41.8,42153.39
Turkey,05-09-2004,22.4,12.7,16.9,0,22.4,41.4,41682.09
Turkey,06-09-2004,20.5,9.5,14.2,0,23.9,45.7,42071.32
Turkey,07-09-2004,21.5,7.8,13.9,0,16.2,34.6,41634.81
Turkey,08-09-2004,23.5,7.6,15.4,0,10.5,26.6,41880.79
Turkey,09-09-2004,27.7,8.6,19,0,22,41,41362.68
Turkey,10-09-2004,16.5,10.2,12.8,0,22.3,42.8,27477.19
Turkey,11-09-2004,16.3,5.6,10.4,0,24.2,43.6,40785.09
Turkey,12-09-2004,16.8,3.6,9.8,0,19.9,40,40685.74
Turkey,13-09-2004,20.1,2.9,11.3,0,12.3,27.7,40589.23
Turkey,14-09-2004,23.1,5.1,14.4,0,12.6,28.1,40440.6
Turkey,15-09-2004,24.5,6.4,15.8,0,11.3,25.9,40325.88
Turkey,16-09-2004,25.2,6.8,16.8,0,13.1,29.5,40055.06
Turkey,17-09-2004,23.3,8.9,16.2,0,17.6,37.8,39873.36
Turkey,18-09-2004,22.1,6.8,14.2,0,15.2,31,39761.61
Turkey,19-09-2004,24.7,7.9,16,0,10.4,22.3,39686.03
Turkey,20-09-2004,26.5,8.8,18.8,0,10.6,23,39690.44
Turkey,21-09-2004,27.7,8.2,19.2,0,11,22.7,39600
Turkey,22-09-2004,28.8,9.7,20,0,10.9,21.2,39600
Turkey,23-09-2004,26.7,10,18.8,0,15.9,34.2,39600
Turkey,24-09-2004,28.3,9.9,19.1,0,12.6,26.3,39600
Turkey,25-09-2004,27.2,8.6,18.8,0,17.7,37.1,39600
Turkey,26-09-2004,27.3,9.1,18.9,0,11.4,19.8,39600
Turkey,27-09-2004,28.4,11.9,20.5,0,10.7,20.2,39600
Turkey,28-09-2004,28.2,13.4,20.6,0,17.1,33.5,39600
Turkey,29-09-2004,28.3,10.6,19.9,0,9.7,18.4,39523.93
Turkey,30-09-2004,28.5,10.1,20.5,0,7.8,21.6,39427.8
Turkey,01-10-2004,26.1,12,19.3,0,14.6,30.6,39279.29
Turkey,02-10-2004,21.8,10.4,16,0,14,29.2,37348.9
Turkey,03-10-2004,18.7,6.9,13.2,0,15.8,32,38975.37
Turkey,04-10-2004,17.3,6.4,11.3,0,18.9,36,38824.08
Turkey,05-10-2004,18.2,3.6,10.6,0,16.2,30.2,38672.1
Turkey,06-10-2004,23.1,3.8,13.3,0.1,18.8,34.6,38020.03
Turkey,07-10-2004,21.9,9.2,15.4,0,16.2,34.2,37511.55
Turkey,08-10-2004,20,7,14.1,0,9.6,26.6,38212.28
Turkey,09-10-2004,17.9,6,12.8,0,12.7,25.2,38058.07
Turkey,10-10-2004,19,5.7,13.2,0,14.4,31.3,37903.56
Turkey,11-10-2004,21.6,4.1,13.7,0,10.4,26.6,37748.88
Turkey,12-10-2004,22.6,4.7,14,0,16.1,31.3,37594.13
Turkey,13-10-2004,15.3,6.1,9.9,0,18.4,37.1,36684.52
Turkey,14-10-2004,18.3,1.9,9.9,0,8.9,20.5,37284.88
Turkey,15-10-2004,21.4,5.5,14.1,0,9.6,23,37130.62
Turkey,16-10-2004,21.4,6.5,14.6,0,12.1,27.7,36918.03
Turkey,17-10-2004,22.4,6.5,15,0,7.6,20.2,36823.42
Turkey,18-10-2004,25.2,7,16.2,0,15.6,31.7,36601.91
Turkey,19-10-2004,24.9,8.2,16.6,0,18.3,37.1,36384.96
Turkey,20-10-2004,21,7,14.3,1.2,18.4,33.8,22827.47
Turkey,21-10-2004,15.6,7.6,11.2,0.4,14.8,32,34865.62
Turkey,22-10-2004,16.6,3,9.8,0,10,21.2,35157.31
Turkey,23-10-2004,17.1,2.6,10.1,0,9.7,16.2,35563.89
Turkey,24-10-2004,19.8,2,11.3,0,7.9,22,35272.69
Turkey,25-10-2004,20.4,2.9,11.8,0,10.2,16.2,35090.34
Turkey,26-10-2004,22.7,3,13,0,8.8,22,34913.73
Turkey,27-10-2004,23.8,5.5,14,0.2,19.1,37.4,30492.86
Turkey,28-10-2004,24.1,6.1,15.2,0,14.1,31.3,34154.33
Turkey,29-10-2004,18.9,8,12.9,0.7,9,22.3,25648.54
Turkey,30-10-2004,17.6,7.4,12.4,0,9.4,23.8,32886.59
Turkey,31-10-2004,18.6,5.7,12.2,0,13.9,27,33955.8
Turkey,01-11-2004,18.7,3.9,11.6,0,10.6,18.7,33850.35
Turkey,02-11-2004,19,3.3,11.9,0,7.2,21.2,33713.28
Turkey,03-11-2004,16.3,6.2,11.1,0,11.5,24.8,33428.11
Turkey,04-11-2004,12.5,2.8,7.5,0,16.9,33.5,26345.8
Turkey,05-11-2004,12.1,-2.8,4.4,0,9.5,16.9,33384.84
Turkey,06-11-2004,13.9,-1.3,6.1,0,7.9,14,32575.79
Turkey,07-11-2004,16.4,2,8.6,0,8.9,22,32400
Turkey,08-11-2004,17.3,2.6,9.6,0.4,11.6,26.6,32402.73
Turkey,09-11-2004,17.1,2.7,10.3,0,9.4,22.3,31335.98
Turkey,10-11-2004,17.3,3.3,10.3,0,9.7,23.4,31267.82
Turkey,11-11-2004,16.2,6,10.5,0,8.4,19.4,29548.96
Turkey,12-11-2004,16.8,2.5,10,0,10.3,19.1,32510.44
Turkey,13-11-2004,16.7,1.9,9.7,0,7.7,14.8,32451.82
Turkey,14-11-2004,18.2,1.3,9.5,0,9.4,21.6,32332.85
Turkey,15-11-2004,17.5,3.9,10.1,0.2,15.6,33.8,10800
Turkey,16-11-2004,15.2,6.1,9.5,4.8,13.7,37.1,28554.99
Turkey,17-11-2004,9.6,2.8,6.1,12.6,19.9,38.5,15878.33
Turkey,18-11-2004,6.4,0.1,2.9,0,15,31,32041.5
Turkey,19-11-2004,11.3,-4.7,2.4,0,11.3,21.2,32004.99
Turkey,20-11-2004,12.9,-0.9,5.5,0,24.6,47.5,31957.08
Turkey,21-11-2004,7.4,-1.9,2.2,20,19.6,44.6,700.87
Turkey,22-11-2004,-2.3,-5.3,-3.9,8.6,30.1,52.6,0
Turkey,23-11-2004,-2.6,-8.8,-5.4,0.2,21.8,42.5,31844.12
Turkey,24-11-2004,3.3,-12.4,-5.4,0,14,31.3,31741.13
Turkey,25-11-2004,0.5,-7.8,-2.6,18,11.2,36.7,0
Turkey,26-11-2004,-2.4,-5.6,-3.5,13.1,29.7,52.6,0
Turkey,27-11-2004,-6.6,-16.6,-9.9,0,15.9,34.9,31449.61
Turkey,28-11-2004,-6.4,-16.7,-12.2,0,7.6,15.1,28654.49
Turkey,29-11-2004,-4.7,-16.6,-11.8,0,8.2,14.8,31271.62
Turkey,30-11-2004,-2.7,-17.4,-10.4,0,8.4,18,30523.79
Turkey,01-12-2004,3.4,-7.9,-1.7,0.3,8.7,16.6,23160.58
Turkey,02-12-2004,1.7,-5.6,-1.5,0,7.1,14,17727.46
Turkey,03-12-2004,7.5,-9.4,-2.2,0,8.2,15.5,29523.28
Turkey,04-12-2004,9.2,-5.5,0.7,0,7.6,19.8,30893.56
Turkey,05-12-2004,6.5,-0.5,2.1,0.8,9.3,21.6,19905.13
Turkey,06-12-2004,3.2,-2.7,-0.8,0,6.8,17.3,20804.54
Turkey,07-12-2004,4.1,-5.7,-0.9,5.6,12.5,23.8,23210.75
Turkey,08-12-2004,0.8,-5.4,-1.6,1.7,19.5,34.6,28341.76
Turkey,09-12-2004,0.3,-11.1,-6.3,0,7.9,15.1,25403.67
Turkey,10-12-2004,-0.4,-11.4,-7,0,7.7,14.4,29981.15
Turkey,11-12-2004,-0.8,-9.9,-5.1,0,7,17.6,29654.1
Turkey,12-12-2004,0.3,-8.1,-4.2,0,10.2,21.6,30234.26
Turkey,13-12-2004,1.8,-10,-5,0,7.9,20.2,30434.51
Turkey,14-12-2004,1.2,-7.5,-3.9,0,17.3,33.5,28981.69
Turkey,15-12-2004,-3.6,-8.5,-6,0.1,17.9,33.5,26617.71
Turkey,16-12-2004,-4,-9.3,-7.2,0,13.8,28.1,30348.67
Turkey,17-12-2004,-1.3,-12.4,-7.9,0,8.5,18.7,30328.17
Turkey,18-12-2004,2.2,-13.2,-7.2,0,12.4,25.9,30311.87
Turkey,19-12-2004,1.8,-8.1,-3.9,0,16.2,32.8,25720.03
Turkey,20-12-2004,3.9,-7.2,-2.1,0,11.9,27,21154.68
Turkey,21-12-2004,7.1,-4.9,-0.5,0,8,18,30199.03
Turkey,22-12-2004,4.5,-8,-1.9,0.8,10.1,22.7,23119.99
Turkey,23-12-2004,3.4,-2.5,0.6,8.3,12,24.8,12700.53
Turkey,24-12-2004,4,-4,-0.3,1.7,7.1,14.8,23293.54
Turkey,25-12-2004,2.4,-2.6,-0.4,0,9.8,20.5,14679.58
Turkey,26-12-2004,4.7,-4.2,0,0,6.9,15.5,28172.01
Turkey,27-12-2004,7.4,-6.5,-0.4,0,7.1,15.8,26628.39
Turkey,28-12-2004,9.7,-6.4,0.2,0,7.8,15.5,27340.25
Turkey,29-12-2004,7.1,-5.3,0.3,0,11.8,25.2,16026.24
Turkey,30-12-2004,11.2,-5.2,1.1,0,12.4,22,30460.15
Turkey,31-12-2004,11.1,-4.5,0.9,0,8.7,16.9,30500.31
Turkey,01-01-2005,10.2,-5.6,0,0,7.9,16.9,30544.38
Turkey,02-01-2005,1.5,-2.6,-0.6,4.1,7.4,15.5,0
Turkey,03-01-2005,1.7,-2.9,-1.2,0.2,9.7,19.4,18621.43
Turkey,04-01-2005,2.7,-5.9,-1.4,0.5,11.4,21.2,27951.86
Turkey,05-01-2005,-0.2,-4.2,-2.2,0.9,14.3,20.9,28800
Turkey,06-01-2005,2,-5,-1.6,0.4,10.6,24.1,29621.45
Turkey,07-01-2005,3.2,-6.2,-1.3,0,7.6,14.8,29396.47
Turkey,08-01-2005,3.1,-6.1,-3,0,12.5,25.2,30733.59
Turkey,09-01-2005,2.9,-7.3,-2.9,0,6.1,14.8,30774.25
Turkey,10-01-2005,4.7,-5.7,-1.5,0,11.6,25.2,30791.46
Turkey,11-01-2005,4.2,-4.1,-0.8,0,10.5,23,30851.94
Turkey,12-01-2005,7.2,-5.3,0.1,0,5.4,13,30877.18
Turkey,13-01-2005,9.4,-5,0.3,0,7.8,15.1,30956.57
Turkey,14-01-2005,8.8,-4.2,0.5,0,10.2,19.8,30742.1
Turkey,15-01-2005,7.8,-2.3,1.1,0,15.1,30.6,26542.66
Turkey,16-01-2005,6.9,-3.8,0.6,0.2,16.7,32,29304.87
Turkey,17-01-2005,7.7,-4.3,0.6,0.3,14,29.9,31314.4
Turkey,18-01-2005,6.6,-5,-0.4,0,8.8,19.8,31286.65
Turkey,19-01-2005,5.1,-5.3,-0.8,0,6.7,17.6,31499.62
Turkey,20-01-2005,5.9,-5.8,-1.1,0,10.7,20.5,31819.47
Turkey,21-01-2005,6.1,-4.2,0.4,0,20.9,37.8,24744.97
Turkey,22-01-2005,6.8,-1.7,2.2,0,17.5,40.7,26257.85
Turkey,23-01-2005,4.9,-3.2,0.1,10.6,20.9,44.3,17095.11
Turkey,24-01-2005,-2,-10.5,-5.4,3.5,18.1,31.7,31789.32
Turkey,25-01-2005,2.9,-14.1,-6.5,0,14.8,25.2,32597.96
Turkey,26-01-2005,5,-7.2,-1.9,0,12,28.8,32745.87
Turkey,27-01-2005,8.1,-9.1,-1.5,0,14,30.6,30349.26
Turkey,28-01-2005,7.5,-3,1.7,1.9,12.7,38.5,352.08
Turkey,29-01-2005,12.3,1.3,5.8,0,29.9,59,33120.74
Turkey,30-01-2005,8.4,3.5,5.4,14.4,19.3,59.4,23721.8
Turkey,31-01-2005,4.1,-4.6,1.3,3.6,12.7,25.6,26743.13
Turkey,01-02-2005,1.6,-5.1,-1.8,3,21.7,43.9,26630.13
Turkey,02-02-2005,4.3,-5.9,-2,0,14.8,31,33637.98
Turkey,03-02-2005,5.6,-6.4,-1.3,0,18,34.9,31438.72
Turkey,04-02-2005,5.8,-2.2,0.8,1.4,11.9,29.5,24749.43
Turkey,05-02-2005,3.6,-2.6,-0.3,2.7,9.5,23.4,29171.24
Turkey,06-02-2005,-2.9,-7.4,-4.9,0,12.3,25.2,30406.33
Turkey,07-02-2005,-4.4,-14.2,-8.7,0,11.3,23.4,31835.46
Turkey,08-02-2005,-4.4,-10.6,-7.6,0,21.6,37.8,34474.1
Turkey,09-02-2005,-4.4,-13,-9.2,0,13.2,23,31608.39
Turkey,10-02-2005,-5.9,-20,-11.9,0,11.3,19.1,33214.73
Turkey,11-02-2005,-4.6,-17,-10.9,0,7.9,14.8,34913.15
Turkey,12-02-2005,-3.1,-16.7,-10.2,0,9,14.8,35061.49
Turkey,13-02-2005,1.7,-12.4,-6.4,0,15.5,25.9,35206.09
Turkey,14-02-2005,5.8,-6.9,-1.7,0,17.6,33.1,35278.98
Turkey,15-02-2005,8.2,-5,0.2,0,19.2,37.8,35351.44
Turkey,16-02-2005,7.6,-5.3,0.4,0,15.6,31.7,4246.69
Turkey,17-02-2005,11.5,-1.3,4.7,0,27.3,54,34387.8
Turkey,18-02-2005,13.1,0.8,6.6,0.2,25.5,55.4,16273.11
Turkey,19-02-2005,6.8,2.4,4.6,15.8,9.5,45,13431.36
Turkey,20-02-2005,7.4,0,2.7,2.4,15.8,41.4,34151.82
Turkey,21-02-2005,7.1,-4.6,1.2,0.1,14.5,33.1,35870.29
Turkey,22-02-2005,8.7,-5,1.6,0,10.2,27.4,35418.41
Turkey,23-02-2005,10.1,-3.8,2.5,0,13.4,27.7,32413.53
Turkey,24-02-2005,10,-3.5,3.1,0.1,12.1,28.4,36148.73
Turkey,25-02-2005,9.4,-3.1,2.6,2.7,11.4,26.3,36168.9
Turkey,26-02-2005,9.4,-3,3.3,0.2,22,42.8,19714.85
Turkey,27-02-2005,11.6,1,5.7,0.1,30.7,54.7,26627.51
Turkey,28-02-2005,12,2.6,6.2,4.9,27.3,58,36000
Turkey,01-03-2005,11.3,4,6.8,7.4,23.8,64.1,12321.85
Turkey,02-03-2005,14.9,5.6,9.6,0.9,36.2,68.8,28973.42
Turkey,03-03-2005,12.7,3.7,7.2,10.8,21.6,49,25655.87
Turkey,04-03-2005,4.8,-1.2,2,6.1,15.8,33.1,26644.13
Turkey,05-03-2005,12.3,-5.8,3,0.2,10.8,25.2,34094.92
Turkey,06-03-2005,8.6,0.5,4,4.7,17.9,44.3,11756.45
Turkey,07-03-2005,12.7,0,6,0,16.1,32.4,28588.89
Turkey,08-03-2005,9.3,3.5,6,12.9,20.2,50,10185.73
Turkey,09-03-2005,6.7,-0.4,2.8,4.2,22,43.9,36694.04
Turkey,10-03-2005,4.4,-1.8,0.9,1.9,16.7,29.5,33953.35
Turkey,11-03-2005,5,-6.6,-0.4,2.4,15,35.6,38107.77
Turkey,12-03-2005,2.4,-5.4,-1,1.3,17.1,28.8,37543.16
Turkey,13-03-2005,8.8,-8.3,-0.2,0,14.5,29.5,39122.9
Turkey,14-03-2005,9,-4.4,2.5,0,11.5,27.7,38594.21
Turkey,15-03-2005,8.9,-1.4,4,0.8,12.5,28.4,38774.32
Turkey,16-03-2005,8.3,-1.9,3.2,0,18.5,34.9,36560.58
Turkey,17-03-2005,9.5,-2.4,3.3,0,14.3,31.3,39858.02
Turkey,18-03-2005,12.4,-3.8,5.1,0.1,19.9,39.2,39455.02
Turkey,19-03-2005,11.9,-2.1,6.4,0.1,28.1,54,31928.94
Turkey,20-03-2005,7.5,-0.3,4.8,9.9,18.9,43.9,8586.11
Turkey,21-03-2005,7.1,-2.5,1.9,0.1,19.4,37.8,40646.9
Turkey,22-03-2005,7.8,-2.1,2.5,0,14.5,34.2,40910.07
Turkey,23-03-2005,3.3,-5.9,-1.4,0,20.4,42.8,40647.72
Turkey,24-03-2005,4.7,-4.9,-0.6,0,15.8,33.8,41115.97
Turkey,25-03-2005,7.3,-3.3,2,0,13.9,29.9,41372.92
Turkey,26-03-2005,13.2,-4,4.6,0,17.5,34.9,40113.91
Turkey,27-03-2005,13.3,0.3,6.8,1.7,22.7,42.1,30722.7
Turkey,28-03-2005,15.6,4.2,9.9,1.4,26.3,56.5,28467.38
Turkey,29-03-2005,15.2,6.5,10.9,0.2,29.8,55.8,20824.62
Turkey,30-03-2005,13.9,3.6,9,1.2,12.6,28.8,36000
Turkey,31-03-2005,14.7,1.3,7.9,1.7,11.2,29.9,25637.08
Turkey,01-04-2005,5,-1.1,2.3,6.5,17.3,43.9,13944.79
Turkey,02-04-2005,0.5,-4,-1.8,9.2,16.9,33.1,11371.1
Turkey,03-04-2005,1.8,-5.6,-1.7,0,22,42.8,16702.77
Turkey,04-04-2005,2.8,-7.1,-2.1,0,16.8,34.2,32467.32
Turkey,05-04-2005,9.3,-6.3,0.9,0,9.6,25.6,39535.9
Turkey,06-04-2005,11.8,-2.8,4.2,0,13,25.9,42328.49
Turkey,07-04-2005,15,-2.9,7.2,0,6.1,16.6,39839.34
Turkey,08-04-2005,17.1,1.7,10.1,0,8.2,24.5,29792.59
Turkey,09-04-2005,18.8,1.1,10.8,0,9.6,24.8,42594.11
Turkey,10-04-2005,19.6,3.1,12.3,0,11.7,27,43179.75
Turkey,11-04-2005,21.7,3.4,13.4,0,13.6,29.5,43364.15
Turkey,12-04-2005,24.1,4.2,14.9,0,11.2,27,36221.14
Turkey,13-04-2005,23.5,8.1,15.7,0,25.3,50.8,36644.21
Turkey,14-04-2005,19.9,8.7,13.7,0,25.2,54,43913.34
Turkey,15-04-2005,14.7,5.3,9.9,0.3,12.4,30.2,43648.03
Turkey,16-04-2005,14.4,4,9.4,0.1,18.8,42.5,42945.83
Turkey,17-04-2005,19.7,2.9,11.8,0,18.6,40,43862.65
Turkey,18-04-2005,20.7,6.8,12.5,1.7,27.8,66.6,20792.69
Turkey,19-04-2005,16.7,6.6,11.1,5.4,34.4,63,45015.54
Turkey,20-04-2005,18.3,3.5,11.5,0,12.7,31.3,44803.45
Turkey,21-04-2005,21.4,4.4,13.3,0,12.2,31.3,45284.61
Turkey,22-04-2005,20.9,9.2,14.1,2.5,30.2,74.5,16168.89
Turkey,23-04-2005,19.9,7.8,13.5,4.2,20.7,43.9,33912.69
Turkey,24-04-2005,12.3,5.1,9,4.2,18.2,35.3,17691.57
Turkey,25-04-2005,14.7,1.2,7.8,0,16.9,34.6,45459.14
Turkey,26-04-2005,17.7,2.3,10.5,0,9.2,27,45938.84
Turkey,27-04-2005,20.2,3.5,11.7,5.8,18.2,36.7,39265.23
Turkey,28-04-2005,13.5,6.9,10.2,2.6,11.3,31,36618.1
Turkey,29-04-2005,15.9,5,10.8,0,9.8,27,46165.71
Turkey,30-04-2005,10.5,3.2,6.4,10,18.7,31.7,20076.1
Turkey,01-05-2005,10.3,-0.9,5,6,11.6,28.4,34896.95
Turkey,02-05-2005,10.9,2.8,6.1,2,20.2,39.2,43200
Turkey,03-05-2005,12.1,0.7,6.3,2.4,16.9,41,39850.73
Turkey,04-05-2005,9.8,0,4.4,3.6,28.8,61.9,31652.12
Turkey,05-05-2005,15.4,-0.2,8.2,0,9.7,24.5,46575.27
Turkey,06-05-2005,19.7,3.5,12.5,0,19.5,40,43967.96
Turkey,07-05-2005,20.2,7.8,14.3,0.5,21,44.3,42183.02
Turkey,08-05-2005,19.9,8.3,13.4,3.9,23.1,54.4,43175.18
Turkey,09-05-2005,17.9,5.6,11.8,0,13.4,30.2,46800
Turkey,10-05-2005,20.7,3.4,13.1,0,12.4,19.1,46800
Turkey,11-05-2005,22.3,8.3,15.7,0,8.4,19.4,46800
Turkey,12-05-2005,22.7,6.5,15.6,0,11.7,26.3,46800
Turkey,13-05-2005,17.6,8.7,12.9,0.8,21.5,46.8,26649.99
Turkey,14-05-2005,13.9,6.7,10,0.1,25,46.4,36871.61
Turkey,15-05-2005,17.2,2,9.7,0,15.5,32.4,46888.77
Turkey,16-05-2005,19.9,4.3,12.4,0,11.9,21.2,46885.32
Turkey,17-05-2005,22.1,4.6,14.7,0,10.8,24.1,46881.39
Turkey,18-05-2005,23.7,7.9,16.4,0,13.1,30.6,47063.61
Turkey,19-05-2005,26.3,7.3,18.1,0,11.2,27,47064.46
Turkey,20-05-2005,28.7,9.8,20,0,13.6,31.3,42088.62
Turkey,21-05-2005,27.3,11.2,20,0.3,20.2,41.8,46800
Turkey,22-05-2005,27.9,9.9,19.6,0,29.9,62.6,47272
Turkey,23-05-2005,24,8.3,17.2,0.5,9.7,27.7,46905.21
Turkey,24-05-2005,19.6,10.5,14.8,2.3,11.6,25.6,43200
Turkey,25-05-2005,20.8,8,15.5,0.3,10.9,23.4,46836.41
Turkey,26-05-2005,21.2,10.8,15.6,4.7,12.2,31.3,43200
Turkey,27-05-2005,20.3,8.5,14.3,2,18.1,39.2,43234.85
Turkey,28-05-2005,22.4,7.3,15.4,1.8,8.3,21.2,45347.3
Turkey,29-05-2005,20,9.6,14.4,4.7,13.5,32,40554.07
Turkey,30-05-2005,20.6,8.6,14.2,2.8,11.5,27.4,34723.75
Turkey,31-05-2005,18.2,8.6,13.8,6.2,6.8,19.4,41073.64
Turkey,01-06-2005,19.9,8.7,14.2,2.6,10.2,22.3,46800
Turkey,02-06-2005,19.6,10,13.8,3.4,18.9,37.1,28275.69
Turkey,03-06-2005,19.3,9.9,14,0,20.6,40.7,42757.11
Turkey,04-06-2005,18.9,7.5,13,0,16.9,36.4,45705.41
Turkey,05-06-2005,18.4,7.2,12.6,0,17.2,39.2,47023.34
Turkey,06-06-2005,22.3,6.7,15.2,0,9.5,26.6,48570.1
Turkey,07-06-2005,25.7,7.5,17.9,0,9.6,20.2,48801.92
Turkey,08-06-2005,27.4,10.5,19.8,0,10.5,25.2,47882.48
Turkey,09-06-2005,28.9,12.1,21.5,0,13.1,27,47827.92
Turkey,10-06-2005,29.7,15.2,22.5,0.4,14.3,30.2,48194.7
Turkey,11-06-2005,26.6,15.1,20.6,0.5,25.2,46.1,48249.27
Turkey,12-06-2005,23.5,12.6,18,0,12.4,29.9,49113.59
Turkey,13-06-2005,23.6,9.7,17.2,0,20.2,39.2,49002.14
Turkey,14-06-2005,24.8,9.2,17.2,0,23.1,42.8,47785.85
Turkey,15-06-2005,24.3,10.6,16.9,1,26.3,42.1,46500.54
Turkey,16-06-2005,22.2,12,17,0,17.1,36.7,43542.99
Turkey,17-06-2005,25.4,10,18.3,0,17,34.9,47644.03
Turkey,18-06-2005,26.5,11.4,19.7,0,13.3,32.4,49157.22
Turkey,19-06-2005,27.6,11.6,20.7,0,21.2,44.6,49173.44
Turkey,20-06-2005,22.6,12.7,17.8,0.1,16.6,42.1,48870.93
Turkey,21-06-2005,23.1,11.7,17.3,0,17.4,37.1,49105.8
Turkey,22-06-2005,21.8,9.7,15.8,0,21.7,41.4,49116.23
Turkey,23-06-2005,23.4,8.6,16.3,0,11.2,27,49221.29
Turkey,24-06-2005,25.9,9.5,18.7,0,12.8,27.4,49229.83
Turkey,25-06-2005,25.1,10.4,17.9,0,27.1,54.4,49120.39
Turkey,26-06-2005,21.7,9.7,15.7,0,22.9,46.4,49143.89
Turkey,27-06-2005,24.9,7.9,17,0,18.4,40.3,49166.71
Turkey,28-06-2005,26.7,9.3,18.5,0,18.1,36.4,49249.04
Turkey,29-06-2005,26.7,10.8,19.4,0.5,16.3,35.3,48012.83
Turkey,30-06-2005,27.2,12.5,20.7,0,15,34.2,49147.22
Turkey,01-07-2005,29.4,13.2,22.6,0,14.6,32.8,49172.8
Turkey,02-07-2005,29.4,16.1,23.3,0,12.7,29.9,49138.99
Turkey,03-07-2005,31.9,14,24.6,0,10,26.3,49132.28
Turkey,04-07-2005,30.3,15.7,23.9,0,17.8,39.2,49009.17
Turkey,05-07-2005,24.1,15.2,20.2,0,19.4,41.4,37576.58
Turkey,06-07-2005,25,14.2,19.9,0,11.6,26.3,44013
Turkey,07-07-2005,29.4,13,22,0,10.1,25.2,49087.24
Turkey,08-07-2005,30.9,15.5,23.9,0,18.1,36.4,47975.84
Turkey,09-07-2005,30.6,15.4,23.8,0,17.6,38.9,49053.32
Turkey,10-07-2005,30.4,15.5,23.6,0,17.3,39.6,49033.39
Turkey,11-07-2005,31.4,15.8,24.3,0,14.9,36,49011.47
Turkey,12-07-2005,32.4,16.4,25.1,0,12.8,30.6,48987.68
Turkey,13-07-2005,35.5,15.5,27.1,0,15.5,31,48962.04
Turkey,14-07-2005,31.2,17.3,24.7,0,12.8,28.8,48934.59
Turkey,15-07-2005,29.5,16.1,23.6,0,20.1,36.4,45224.14
Turkey,16-07-2005,25.2,16.9,20.9,2.9,19.1,44.6,48632.25
Turkey,17-07-2005,26.4,13.4,19.9,0,15.7,34.2,48841.66
Turkey,18-07-2005,28.2,12.9,21.5,0,14.4,33.5,48608.16
Turkey,19-07-2005,29,13.9,22.3,0,18.6,38.5,48771.19
Turkey,20-07-2005,30.3,14.5,22.9,0,16.2,36,48733.49
Turkey,21-07-2005,31.3,15.6,24,0,15.3,32,48694.17
Turkey,22-07-2005,32.8,14.6,25.3,0,8.8,24.1,48421.2
Turkey,23-07-2005,34,15.8,26.1,0,12.7,33.8,46888.02
Turkey,24-07-2005,31.9,17,25,0,13.4,31.7,46742.35
Turkey,25-07-2005,31,16.5,24.4,0,18.1,37.1,46928.62
Turkey,26-07-2005,30,16,23.4,0,19.4,37.1,47960.2
Turkey,27-07-2005,29.8,14.3,22.4,0,19.6,38.2,47779.19
Turkey,28-07-2005,30.9,13.8,22.3,0,22,44.6,47601.47
Turkey,29-07-2005,31.9,15.4,23.5,1,22.2,42.8,47202.7
Turkey,30-07-2005,32.2,17.6,24.5,0,18.8,41,46708.47
Turkey,31-07-2005,31.3,16.7,24.3,0,14.7,32,46770.27
Turkey,01-08-2005,30.2,16.7,23.9,0.2,20.5,38.9,46513.04
Turkey,02-08-2005,27.7,17,22.2,0.3,23.6,47.9,46367.82
Turkey,03-08-2005,27.1,14.9,21,0,26.2,52.2,40801.98
Turkey,04-08-2005,27.6,13.8,21,0,20.2,43.2,46472.2
Turkey,05-08-2005,30.4,14.8,23.6,0,9.4,23.4,46512.24
Turkey,06-08-2005,33.6,15.1,25.7,0,9.7,20.5,46282.07
Turkey,07-08-2005,31.5,17,24.7,0.3,21.6,43.9,46232.41
Turkey,08-08-2005,30.3,16.7,24,0,13.6,31.7,46260.21
Turkey,09-08-2005,31.6,17,24.7,0,21.1,42.1,46128.87
Turkey,10-08-2005,29.2,15.7,22.2,0,22.1,41.8,45935.46
Turkey,11-08-2005,28.7,14.8,21.8,0,18.2,41,45889.66
Turkey,12-08-2005,29.5,13.6,22,0,16.6,37.1,45842.59
Turkey,13-08-2005,30.2,13.7,22.6,0,16.6,35.3,45755.91
Turkey,14-08-2005,31.1,16.3,23.9,0,11.4,28.8,45704.38
Turkey,15-08-2005,33.2,14.6,25.3,0,10.6,19.4,45652.84
Turkey,16-08-2005,34.4,15.6,26.3,0,11.2,23.8,45601.32
Turkey,17-08-2005,35.4,16.8,28,0,10.8,22.7,45549.86
Turkey,18-08-2005,35.2,16.6,27.3,0,11.7,24.1,45498.48
Turkey,19-08-2005,32.5,19.1,26.5,0,14.2,33.1,45447.21
Turkey,20-08-2005,31.4,16.7,24.4,0,22.4,39.2,45396.09
Turkey,21-08-2005,26.6,15.9,21.3,0,16.1,34.6,44528.31
Turkey,22-08-2005,28,13.7,21.2,0,12,28.4,45173.64
Turkey,23-08-2005,31.7,14.1,23.6,0,8.9,19.8,45039.78
Turkey,24-08-2005,34.5,15.7,26.2,0,10,23.8,44904.58
Turkey,25-08-2005,30.7,18.2,25.2,0,14.5,31.3,44414.48
Turkey,26-08-2005,31.2,15.9,24.2,0,18.8,38.2,44564.96
Turkey,27-08-2005,30.6,16.2,22,1.8,26.9,50.4,42041.09
Turkey,28-08-2005,26.5,14.9,20.4,0,17.2,35.3,42647.41
Turkey,29-08-2005,26.5,11.8,19.7,0,19.6,40,43999.82
Turkey,30-08-2005,25.1,11.4,18.4,0,25.2,47.5,43657.61
Turkey,31-08-2005,26.1,10.9,18.4,0,20.1,41.4,43093.04
Turkey,01-09-2005,25,10.8,18.1,0,11.8,27.4,43221.16
Turkey,02-09-2005,24.5,11.3,18.3,0,14.7,31.7,43007.96
Turkey,03-09-2005,21.8,11.7,16.6,0.6,15.8,31,41533.59
Turkey,04-09-2005,18.8,10,13.8,0.7,16.9,33.1,31134.55
Turkey,05-09-2005,19.2,7.7,13.2,0,20.6,41,42185.58
Turkey,06-09-2005,23,5.3,14.4,0,15.1,30.6,42293.97
Turkey,07-09-2005,23.3,7.8,15.5,0,14.9,28.4,42098.62
Turkey,08-09-2005,21.7,6.9,14.5,0,19.1,37.4,41908.08
Turkey,09-09-2005,20.8,7.8,14.3,0,17.6,37.4,41186.64
Turkey,10-09-2005,22,9,15.6,0,12,27.7,40714.02
Turkey,11-09-2005,22.9,9.5,16.7,0,11.8,28.1,41110.53
Turkey,12-09-2005,23.7,9.1,17.3,0,12.3,28.8,40887.01
Turkey,13-09-2005,24.8,9.7,17.5,0,15.6,34.2,40565.28
Turkey,14-09-2005,25.6,9.3,17.7,0,12.1,29.5,40340.2
Turkey,15-09-2005,25.9,10.5,18.7,0,9.4,23.4,40156.67
Turkey,16-09-2005,26.8,10,18.3,0.2,24.1,39.6,31779.35
Turkey,17-09-2005,26.9,10.7,19,0,15.2,34.2,39600
Turkey,18-09-2005,26.3,12,20.2,0,11.9,28.4,39761.17
Turkey,19-09-2005,27.2,11.9,20.5,0,13.2,27.4,39684.95
Turkey,20-09-2005,27.9,11,20.5,0,17.3,34.2,39618.61
Turkey,21-09-2005,27.1,11.4,20.5,0,12.1,27.7,39627.56
Turkey,22-09-2005,27.1,11.3,19.5,0,11.8,30.2,39600
Turkey,23-09-2005,23.7,10.6,17.9,0,7.6,18,39600
Turkey,24-09-2005,20.5,12,15.8,3.4,10.8,29.9,37391.53
Turkey,25-09-2005,20.4,9.2,14.7,1.3,16.2,28.8,38136.9
Turkey,26-09-2005,21.5,7.4,15.3,0,10.5,21.6,36958.08
Turkey,27-09-2005,21.6,8,16.2,0,10.5,22,37256.8
Turkey,28-09-2005,21.8,7.4,15.8,0,10.2,26.6,39600
Turkey,29-09-2005,19.8,9,14.7,0,10.7,25.6,39553.68
Turkey,30-09-2005,20.9,6.6,14.6,0,8.3,21.6,39459.11
Turkey,01-10-2005,22.8,5.7,15.5,0,9.3,20.9,36996.09
Turkey,02-10-2005,23.7,7.7,16.2,0,14.6,27.4,39171.88
Turkey,03-10-2005,17,11,13.6,6.2,12.8,28.1,24895.33
Turkey,04-10-2005,18.4,8.7,13.3,0,17.4,35.6,38864.01
Turkey,05-10-2005,16.8,7.8,11.5,0,20.3,38.9,38709.42
Turkey,06-10-2005,19,2.4,10.4,0,12.9,28.4,38554.54
Turkey,07-10-2005,17.2,3.8,9.9,0,18.9,36,38399.47
Turkey,08-10-2005,16.6,2.5,9.1,0,18.3,33.1,38244.31
Turkey,09-10-2005,17,1.2,9.1,0,11.6,27.4,38089.16
Turkey,10-10-2005,19.5,4.4,11.3,0,11.2,22.7,37934.16
Turkey,11-10-2005,22.4,5.9,13.8,0,10.5,21.2,36927.01
Turkey,12-10-2005,19.9,6.1,13.8,0,13.1,26.3,33986.14
Turkey,13-10-2005,20,6.7,14,0,8.4,15.1,29871.57
Turkey,14-10-2005,20.3,9.2,14.1,0.7,10.7,23,35130.21
Turkey,15-10-2005,18.7,7.3,12.7,0,8.6,21.6,35712.21
Turkey,16-10-2005,15.5,7.4,10.5,16.6,7.7,32.4,24680.43
Turkey,17-10-2005,13.3,7.5,9.7,2.1,21.5,43.9,34560.07
Turkey,18-10-2005,15.6,6.3,9.2,2.8,22.2,44.6,34311.18
Turkey,19-10-2005,8.1,2.2,5.2,4.4,18.9,38.2,27255.71
Turkey,20-10-2005,8.6,0.5,4,1.1,21,39.6,33109.99
Turkey,21-10-2005,8.8,0.9,4.7,0.1,9.4,23,30835.05
Turkey,22-10-2005,11.6,-3.6,4.2,0,7.4,15.5,35897.44
Turkey,23-10-2005,14.1,-4.1,5.2,0,7.6,15.5,35694.21
Turkey,24-10-2005,15.3,-3,6.5,0,7.6,16.6,35495.86
Turkey,25-10-2005,16.9,-1.4,7.4,0,12.7,26.3,35110.74
Turkey,26-10-2005,16.3,2.2,8.8,0,11.9,20.5,34071.59
Turkey,27-10-2005,17,2.4,9.3,0,9.1,20.9,34760.81
Turkey,28-10-2005,14.6,3,8.8,0,17.1,36,28352.63
Turkey,29-10-2005,8.1,1.3,4.8,0.2,17.1,36.7,26847.32
Turkey,30-10-2005,6.3,-1.1,2.4,0.1,17.1,34.9,26800.07
Turkey,31-10-2005,6.4,-1.2,2,0.6,10.2,26.6,33126.5
Turkey,01-11-2005,7.6,-3.3,2.2,0.8,8.8,21.2,30335.94
Turkey,02-11-2005,6.9,-0.8,2.9,0.6,8.9,22.3,32774.78
Turkey,03-11-2005,9.2,-2.1,4,1.2,13.6,28.1,26027.74
Turkey,04-11-2005,8.8,3.4,5.7,10.9,20.1,42.1,0
Turkey,05-11-2005,6.8,2.7,4.8,2.8,16.5,32,0
Turkey,06-11-2005,8.6,2.9,5.4,0.4,16.1,31.7,7098.37
Turkey,07-11-2005,8.5,2,4.8,0.9,16.4,31,10712.01
Turkey,08-11-2005,8.6,2.8,5.3,0,15.8,31.3,5872.16
Turkey,09-11-2005,9.1,-1.2,3.1,0,13.4,27.7,32581.56
Turkey,10-11-2005,10.9,-2.5,3.6,0,11.2,21.6,32826.25
Turkey,11-11-2005,9.7,-1.7,3.1,0,13.7,27.7,32733.29
Turkey,12-11-2005,8.6,-4.5,2.1,0,11.2,19.4,32355.27
Turkey,13-11-2005,9.6,-2.8,2.5,0,7.1,13.7,32300.57
Turkey,14-11-2005,11.1,-0.9,3.6,1.5,14.5,29.2,32247.39
Turkey,15-11-2005,7.4,-2.5,1.9,1.9,7.1,14.4,32195.81
Turkey,16-11-2005,8,-3,1.7,0,7.6,20.9,27476.89
Turkey,17-11-2005,11.6,-4,2.3,0,13.1,24.8,32141.13
Turkey,18-11-2005,9.5,-1.9,3.1,0.5,15.1,31.7,12142.91
Turkey,19-11-2005,11.4,1.2,5.7,1.1,12.8,24.8,24611.28
Turkey,20-11-2005,10.8,1.9,5.9,3.6,18.9,35.3,21133.91
Turkey,21-11-2005,4.3,-1.9,1.1,13.2,18,36,6447.08
Turkey,22-11-2005,-1,-17.7,-5.4,0.8,10.7,15.8,30041.42
Turkey,23-11-2005,5.7,-18.5,-7,0,9.2,22.7,31848.23
Turkey,24-11-2005,9.7,-6,-0.1,0,9.5,18.4,31758.86
Turkey,25-11-2005,12.6,-3.3,3.5,0,11.9,27,28762.13
Turkey,26-11-2005,13.8,3.1,7.2,0,10.9,23.4,25349.38
Turkey,27-11-2005,15.8,2.8,7.5,0,9.5,18,26997.07
Turkey,28-11-2005,18.1,0.3,7.5,0,13.5,27,31384.5
Turkey,29-11-2005,17,2.5,8.4,2.2,16.6,32.8,23340.66
Turkey,30-11-2005,10.8,2.7,6.5,0.5,6.4,15.8,31217.05
Turkey,01-12-2005,14.3,-1.6,5.2,0,11.2,23.4,31137.37
Turkey,02-12-2005,16.5,2.1,8.1,0,11.9,20.2,12267.49
Turkey,03-12-2005,16.1,2.5,8,0,8.4,24.1,21040.16
Turkey,04-12-2005,16.6,-0.6,6.4,0,10.5,22.7,30915.87
Turkey,05-12-2005,11.7,-1.3,4.8,0,8.3,20.2,30848.28
Turkey,06-12-2005,12,-3.5,3,0,7.6,15.5,30783.99
Turkey,07-12-2005,11.9,-2.8,3,0,8,16.9,28812.31
Turkey,08-12-2005,13.6,-1.7,3.8,0,11.8,21.6,27567.09
Turkey,09-12-2005,12.9,-0.4,4.8,0,8.2,15.1,29160.21
Turkey,10-12-2005,10.2,-0.1,4.3,0,9.5,19.4,24196.02
Turkey,11-12-2005,8.9,0.4,3.2,0,9.3,19.1,28842.57
Turkey,12-12-2005,6.3,-0.6,2.1,0,9.6,21.6,16446.36
Turkey,13-12-2005,5.9,-4.6,0,0,5.6,15.5,26097.39
Turkey,14-12-2005,11.2,-4.4,1.5,0,8.9,16.9,30402.53
Turkey,15-12-2005,10.1,-2.6,2,3,21.6,43.2,25663.63
Turkey,16-12-2005,7.6,-3.3,1.5,1.1,14.3,32.4,30348.16
Turkey,17-12-2005,9.9,0,3.8,3.7,21.6,43.9,29838.12
Turkey,18-12-2005,11.7,1,5.5,0,26.3,51.1,26807.79
Turkey,19-12-2005,9.7,0.2,6.4,2.2,25,51.8,27027.38
Turkey,20-12-2005,-0.7,-5.3,-2.5,5.6,15.8,38.9,21830.67
Turkey,21-12-2005,-0.5,-6.1,-4,0,6.6,14.8,29162.3
Turkey,22-12-2005,1.6,-7.8,-3.8,0,6.2,15.1,30293.25
Turkey,23-12-2005,-2.8,-6,-4.6,0.7,9.1,13.3,28230.06
Turkey,24-12-2005,-4.1,-8.7,-6.4,0,9.5,16.9,26936.89
Turkey,25-12-2005,-4.1,-15.7,-8.1,1.3,13,23,26456.36
Turkey,26-12-2005,-4,-18.8,-12.1,0,10.2,15.1,29890.48
Turkey,27-12-2005,1.5,-12.6,-7.3,0,9.9,15.8,28942.12
Turkey,28-12-2005,4.1,-11.4,-5.4,0,10.2,17.3,30390.18
Turkey,29-12-2005,4.7,-8.7,-3.1,0,10.1,18,3247
Turkey,30-12-2005,7.1,-6.5,-1.5,0,8.5,16.6,30454.46
Turkey,31-12-2005,6.1,-4,0.5,0,9.5,18.7,6864.37
Turkey,01-01-2006,7.5,-4.5,0.6,0,6.6,14.8,26367.92
Turkey,02-01-2006,8.4,-4.4,1.2,0,7.7,16.9,30579.45
Turkey,03-01-2006,9.3,-4.3,0.4,0,8.9,18,30628.5
Turkey,04-01-2006,8.8,-4.3,0.5,0,10.5,19.1,26270.31
Turkey,05-01-2006,9.5,-1.6,2.1,0.1,14.1,27.4,23982.83
Turkey,06-01-2006,9,-2.8,1.6,0.5,8.4,19.8,30577.36
Turkey,07-01-2006,4.4,-2.9,0.3,4.9,10.8,23,15660.28
Turkey,08-01-2006,2.1,-3.4,-0.4,2.8,22.1,41.8,10306.62
Turkey,09-01-2006,-0.2,-5.3,-3.1,0,14.1,29.2,26963.69
Turkey,10-01-2006,1,-6.3,-3.4,0,9.8,22,30748.86
Turkey,11-01-2006,3.9,-5.9,-1.9,0,12,25.9,26523.29
Turkey,12-01-2006,4.8,-4.7,-1.1,0,11.7,22,30591.99
Turkey,13-01-2006,3.5,-4.9,-1.5,0,10.6,24.8,26996.54
Turkey,14-01-2006,2.2,-5.3,-2.4,0,15.3,30.2,28070.36
Turkey,15-01-2006,1.1,-6.2,-3.4,0,15.1,31.3,31144.63
Turkey,16-01-2006,1.1,-7.6,-4.1,0,6.1,15.5,31324.77
Turkey,17-01-2006,2.4,-8.8,-3.9,0,8.3,20.9,31452.83
Turkey,18-01-2006,2.3,-8.1,-3.7,0,15.9,32.8,30938.98
Turkey,19-01-2006,4.8,-6.6,-1.5,1.3,21.8,45.7,21223.81
Turkey,20-01-2006,1.4,-7.5,-2.4,8.2,21.6,64.1,25389.07
Turkey,21-01-2006,-1.7,-11.2,-6.1,0,13.6,27.7,31966.8
Turkey,22-01-2006,5.9,-8.7,-2.9,0,10.3,22.7,31173.43
Turkey,23-01-2006,-1.3,-5.4,-3.3,7.2,10.5,20.5,0
Turkey,24-01-2006,-5,-7.8,-6.3,6.4,9.4,28.8,9840.38
Turkey,25-01-2006,-1,-9.9,-5.7,2.2,5.4,23.8,21445.09
Turkey,26-01-2006,-1.8,-9.1,-5.2,2.1,8.9,16.9,28804.41
Turkey,27-01-2006,-5.7,-11.3,-9.1,0,6.6,11.5,27052.83
Turkey,28-01-2006,-9.2,-13.9,-11.1,0,4.8,10.4,20752.19
Turkey,29-01-2006,-6.4,-14.8,-10.8,0,5.9,10.4,32040.05
Turkey,30-01-2006,-7.2,-18.6,-13.5,0,5.8,11.9,33206.04
Turkey,31-01-2006,-2.4,-20,-11.4,0,7.8,13.7,33179.75
Turkey,01-02-2006,2.3,-12.6,-5.8,0,7.8,13.7,33469.51
Turkey,02-02-2006,5.1,-8.6,-2.6,1.3,8.2,15.1,31341.72
Turkey,03-02-2006,0.4,-9.5,-4.2,0,6.9,15.5,32240.39
Turkey,04-02-2006,1.4,-5.8,-2.6,0,6.2,16.2,26091.79
Turkey,05-02-2006,5.5,-9.4,-2.5,0,8.2,19.8,31823.04
Turkey,06-02-2006,6.6,-4.6,0.5,0,18.4,47.5,21005.86
Turkey,07-02-2006,8,-4.2,1.5,0.8,17.8,44.3,33449.2
Turkey,08-02-2006,8.9,-3,2.3,2.3,19.7,48.6,30322.1
Turkey,09-02-2006,1.9,-5,-1.6,0,22.2,43.9,24231.48
Turkey,10-02-2006,9.2,-4.8,1.7,0,27.4,51.8,30249.65
Turkey,11-02-2006,9.9,0.4,4.6,0.2,31.1,61.9,34842.61
Turkey,12-02-2006,9.1,-0.4,3.8,3.7,28,61.2,29985.61
Turkey,13-02-2006,-0.4,-5.3,-2.8,4.1,11.2,27.4,17710.03
Turkey,14-02-2006,-0.1,-8.5,-4.7,0.2,13,25.9,24992.77
Turkey,15-02-2006,-4.3,-8.9,-6.7,3.5,15.9,33.5,22910.58
Turkey,16-02-2006,-7,-18.9,-10.9,0,9.7,16.2,35404.4
Turkey,17-02-2006,-4.1,-23.9,-13.8,0,8.7,16.6,27286.24
Turkey,18-02-2006,1.9,-6.6,-2,2.4,10.1,18.7,24658.74
Turkey,19-02-2006,6.8,-5.7,0.2,0.4,11.3,19.4,35615.72
Turkey,20-02-2006,8.7,-5,1.1,0,9.2,16.9,21711.65
Turkey,21-02-2006,9.2,-3.1,2.6,0,8.7,18.7,35755.35
Turkey,22-02-2006,9.9,-5.4,1.7,0,5.5,13.3,36111.46
Turkey,23-02-2006,11.8,-5.8,1.8,0,7.9,18.4,36128.51
Turkey,24-02-2006,13.3,-4.9,2.9,0.1,15.8,32,32196.96
Turkey,25-02-2006,13.8,-3.4,4.3,0,16.3,36.4,36573.26
Turkey,26-02-2006,10.8,-2.1,3.7,2.5,21.7,40.7,36426.12
Turkey,27-02-2006,10,-1.5,4.1,2,19.3,39.6,25319.17
Turkey,28-02-2006,11.6,-2.2,4.4,0,13.6,30.2,29553.1
Turkey,01-03-2006,10.9,0.4,5.6,0.5,21.8,48.6,35090.07
Turkey,02-03-2006,12.3,-2.8,4.9,0,15.8,33.5,34879.23
Turkey,03-03-2006,12.6,3.1,6.5,4.9,34.2,73.4,33388.93
Turkey,04-03-2006,9.2,-2.3,3.1,0,12.2,26.3,37583.85
Turkey,05-03-2006,13.9,-3.1,4.7,0,17.3,34.2,37765.47
Turkey,06-03-2006,15.6,-2.2,6.1,0,15.5,32.8,37916.31
Turkey,07-03-2006,15.4,-1.8,6.7,0,28.2,62.6,36973.12
Turkey,08-03-2006,12.3,2.6,8.4,2.3,33.3,70.6,37839.49
Turkey,09-03-2006,6.1,-1.3,2.3,3.7,23.3,45.7,37881.27
Turkey,10-03-2006,6.3,-5,0.3,0,13.2,27.4,38519.28
Turkey,11-03-2006,11.7,-5.1,2.9,0,16.9,34.2,38220.87
Turkey,12-03-2006,13,-1.5,5.4,0,20.9,40,36000
Turkey,13-03-2006,13.7,0.4,6.9,0.2,33.6,71.3,36334.95
Turkey,14-03-2006,11.7,-0.6,5.7,0.4,32.8,67.3,33360.31
Turkey,15-03-2006,7.1,-1.1,3,4.2,17.3,40.3,37979.59
Turkey,16-03-2006,9.6,-1.8,4,1.3,7.6,22,38844.21
Turkey,17-03-2006,8.3,-3,2.7,1,10.8,29.9,37440.76
Turkey,18-03-2006,8.4,-2.6,2.7,2.7,12.9,31.7,35643.78
Turkey,19-03-2006,4.3,-1.4,1.3,10.1,19.1,44.3,36787.52
Turkey,20-03-2006,9.7,-5.1,1.9,0,15.5,33.5,40569.18
Turkey,21-03-2006,10.7,-2.3,4.3,2.2,9.7,27.4,39178.95
Turkey,22-03-2006,13.9,0.6,6.9,0,15.3,32.8,40856.59
Turkey,23-03-2006,19.5,-0.9,9,0,18.4,35.6,38207.25
Turkey,24-03-2006,17.2,1.7,9.5,0.3,19,41.4,31914.6
Turkey,25-03-2006,10.4,3.6,6.4,8.6,16.6,37.1,27707.36
Turkey,26-03-2006,9.8,1.9,5.4,1.2,11.2,26.6,32331.97
Turkey,27-03-2006,11.9,2,6.5,0,10.8,22.7,41499.37
Turkey,28-03-2006,13,0.7,6.7,0,12.3,28.8,41557
Turkey,29-03-2006,15,-1.7,7.4,0,13.4,28.1,41614.48
Turkey,30-03-2006,17.7,2,9.9,0,17.6,38.2,41671.79
Turkey,31-03-2006,10.6,3.9,7.6,0.5,13.1,34.2,24583.13
Turkey,01-04-2006,15.9,0.5,8.1,4.5,10.3,27.4,35981.03
Turkey,02-04-2006,8.4,3.3,6.4,1.5,20.5,41,9490.68
Turkey,03-04-2006,10.6,0.6,5.3,0,14.8,31.3,40099.91
Turkey,04-04-2006,14.1,-2.7,6.3,0,10.9,22.3,41968.57
Turkey,05-04-2006,12.9,1.4,7.1,0.2,17.6,39.6,38754.84
Turkey,06-04-2006,15.8,-1.2,8.1,0,14.9,31,42401.5
Turkey,07-04-2006,19.2,1.7,10.8,0,13.3,30.6,42189.64
Turkey,08-04-2006,17.3,5.8,11.6,0,23.2,45,33045.11
Turkey,09-04-2006,20.7,2,11.4,1.2,26.7,47.5,41017.12
Turkey,10-04-2006,15.8,6.2,10.2,9.9,12.5,39.2,40463.87
Turkey,11-04-2006,16.7,2.9,9.9,0,11.9,25.2,41669.33
Turkey,12-04-2006,20.5,2.9,12.6,0,17.4,37.8,34892.8
Turkey,13-04-2006,20.9,7.1,14.2,0,25.3,53.3,43612.64
Turkey,14-04-2006,19.6,8.6,13.6,0.4,23.6,49.7,21907.9
Turkey,15-04-2006,21.4,8.2,13.6,3.7,14.4,32.8,37119.79
Turkey,16-04-2006,17.5,7.4,11.5,0,22.6,46.1,42569.65
Turkey,17-04-2006,18.7,4.1,11.4,0,11.2,22,44702.3
Turkey,18-04-2006,18.6,6.6,12.5,0,18.1,37.8,44360.83
Turkey,19-04-2006,20.1,4.3,13.5,0,8.7,25.2,35471.51
Turkey,20-04-2006,22.8,9.1,16.1,0,25.3,51.1,44409.55
Turkey,21-04-2006,19.9,5.8,13.5,0.3,16.8,30.6,45245.73
Turkey,22-04-2006,18.2,7.7,12.5,2.8,10.1,27.7,41371.98
Turkey,23-04-2006,18.7,5,11.5,4.6,10.4,25.2,42433.76
Turkey,24-04-2006,9.9,4.8,7.7,15.6,22.9,52.9,6016.81
Turkey,25-04-2006,8.7,0.9,4.4,1.2,27.7,52.2,40004.89
Turkey,26-04-2006,9.6,-3.6,3.2,0,14.8,33.8,45911.14
Turkey,27-04-2006,13.9,-2.6,6.8,0,15.5,34.2,46005.3
Turkey,28-04-2006,17.5,0.5,10,0,8.9,22.3,38360.37
Turkey,29-04-2006,18.4,7.1,11.5,8.1,13.6,33.1,37345.71
Turkey,30-04-2006,17.4,5.3,11.5,0.5,15.3,32.4,46223.92
Turkey,01-05-2006,16.5,6.1,11.7,2.9,17.1,37.8,46294.31
Turkey,02-05-2006,13.2,6.4,9.8,6.2,15.5,33.5,41434.31
Turkey,03-05-2006,14.4,5.4,9.2,0.3,17.3,30.6,37663.38
Turkey,04-05-2006,16.2,2,9.4,0,13.5,23.8,44735.58
Turkey,05-05-2006,17.2,4.6,11.3,0,12.6,32,46561.34
Turkey,06-05-2006,19.3,3.9,12.7,0,14.4,31.7,43398.54
Turkey,07-05-2006,18,6.8,12.3,2.6,16.6,38.9,45043.84
Turkey,08-05-2006,15.3,7.1,10.5,2.6,16,37.4,42716.74
Turkey,09-05-2006,14.3,3.6,9.7,0,14.5,32.8,46800
Turkey,10-05-2006,16.2,4,10.9,0,13.7,30.6,46800
Turkey,11-05-2006,20.4,6.1,13.3,0.2,19.4,41.8,44994.1
Turkey,12-05-2006,22,5.2,14.3,0,20,39.6,39600
Turkey,13-05-2006,17.7,7.8,12.7,0.6,19.2,40.3,46800
Turkey,14-05-2006,15.8,4.8,10.3,0,15.1,29.5,42419.86
Turkey,15-05-2006,20,2.8,12.3,0,10.7,23,46889.24
Turkey,16-05-2006,18.7,8.1,12.9,4.6,16.1,39.2,46800
Turkey,17-05-2006,13,7.2,9.9,0,16,32.4,1910.85
Turkey,18-05-2006,17.8,5.9,12,0,10.8,23.4,43631.61
Turkey,19-05-2006,20.9,4.1,13.5,0,13,23.4,46800
Turkey,20-05-2006,22.5,8.6,15.9,0,11.6,27,47064.71
Turkey,21-05-2006,20.8,10.4,16,0.5,13.6,33.8,41531.88
Turkey,22-05-2006,25.3,8.3,17.7,0,12.8,28.1,46800
Turkey,23-05-2006,24.8,10.4,18.1,0,19.9,39.6,47275.11
Turkey,24-05-2006,25.8,9.4,17.8,0,15,31.7,47386.84
Turkey,25-05-2006,28.4,11,20.3,0,13,29.5,47502.52
Turkey,26-05-2006,28.8,10.8,20.9,0.6,12.8,32.8,46800
Turkey,27-05-2006,19.5,12.1,15.7,5.7,17.4,43.6,43974.41
Turkey,28-05-2006,22.8,10.4,16.9,0,16.8,38.5,47637.29
Turkey,29-05-2006,26.7,9.6,19.5,0,11.5,27,47785.93
Turkey,30-05-2006,29.9,10,21.2,0,13,28.8,47308.21
Turkey,31-05-2006,29.9,12.1,22,0,9.8,27,44700.78
Turkey,01-06-2006,31.3,11.6,22.8,0,11.5,25.6,47882.83
Turkey,02-06-2006,31.3,15.7,23.9,0,11.5,25.2,47301.31
Turkey,03-06-2006,32.6,15.5,25.4,0,9.9,22,47893.81
Turkey,04-06-2006,32.7,14.6,25.4,0,18.4,37.4,48028.13
Turkey,05-06-2006,33.4,17.3,25.3,0,25.8,52.9,44331.31
Turkey,06-06-2006,29.4,17.3,23.1,0,19.8,40.3,47953.14
Turkey,07-06-2006,29.4,13.3,21.7,0.1,16.4,33.8,47823.4
Turkey,08-06-2006,25.9,11.9,19.5,0,16.6,30.6,47690.66
Turkey,09-06-2006,25.9,13.8,19.7,1.7,20,45,47688.52
Turkey,10-06-2006,22.2,10.5,16.6,3.9,13,29.5,48241.3
Turkey,11-06-2006,21.1,10.8,16,2.1,15.4,37.1,48249.21
Turkey,12-06-2006,22,9.4,15.7,0,14.8,28.1,48812.32
Turkey,13-06-2006,27.3,10,19.4,0,18.2,33.8,46230
Turkey,14-06-2006,22.8,12.8,17.9,0.7,20.1,46.1,48687.21
Turkey,15-06-2006,24.7,11.9,18.5,0,15.4,24.8,48214.14
Turkey,16-06-2006,24.1,12.7,19.1,0,16.1,38.2,49111.71
Turkey,17-06-2006,24.2,11,17.9,0,18,38.5,49041.67
Turkey,18-06-2006,25.5,10.3,18.5,0,18.1,39.6,49148.4
Turkey,19-06-2006,27.6,10.3,19.3,0,18.6,38.2,49253.13
Turkey,20-06-2006,29.3,11.7,20.9,0,15.5,33.1,49268.05
Turkey,21-06-2006,30.5,13.8,22.3,0,21.7,43.9,48315.88
Turkey,22-06-2006,29.7,13.5,22.3,0,16.6,37.1,47937.92
Turkey,23-06-2006,28.9,13.8,21.9,0,20.2,40.7,49219.42
Turkey,24-06-2006,28.4,14.1,22,0,13.7,31.3,49145.75
Turkey,25-06-2006,30.2,14.6,23.1,0,17.1,37.1,48973.21
Turkey,26-06-2006,29.2,14.4,22.4,0,20.7,39.6,49163.61
Turkey,27-06-2006,27.7,13.8,20.6,0.6,25.6,45,48896.59
Turkey,28-06-2006,26,15.3,19.8,3.5,19.2,43.2,39127.25
Turkey,29-06-2006,24.1,15.8,19.2,11.2,16.4,38.9,37015.19
Turkey,30-06-2006,24.3,15.9,19.5,0.5,24.5,46.8,45329.8
Turkey,01-07-2006,24.5,15.1,19.5,0.2,22.6,45,46802.12
Turkey,02-07-2006,25.5,13.3,20.1,0,17,35.6,48081.05
Turkey,03-07-2006,23.8,14.3,18.9,0,19.5,40.7,49138.57
Turkey,04-07-2006,24.2,9.6,16.8,0,20.7,42.8,49129.83
Turkey,05-07-2006,22.6,12.2,17.5,0.3,20.2,40.3,45831.88
Turkey,06-07-2006,19.6,13.4,16.3,0,21.3,41.8,10034.14
Turkey,07-07-2006,19.6,11.5,15.8,0,20.6,41,15210.05
Turkey,08-07-2006,24.4,9.3,17.4,0,13.8,31.3,49075.12
Turkey,09-07-2006,26.4,12.5,19.9,0,12.1,29.2,49056.97
Turkey,10-07-2006,27.4,14.1,21.7,0,16.8,34.2,49037.07
Turkey,11-07-2006,28.7,13,21.5,0,17.1,39.2,49015.44
Turkey,12-07-2006,29,13.2,21.6,0,16.2,37.4,48992.1
Turkey,13-07-2006,31.1,14,23,0,13.3,29.9,48967.05
Turkey,14-07-2006,29.9,15.2,23.3,0,18,38.9,48933.5
Turkey,15-07-2006,27.9,14.8,22.2,0,14.3,33.8,48507.03
Turkey,16-07-2006,28.3,15.1,22.2,0,15.4,30.6,48881.79
Turkey,17-07-2006,30.2,14,23.2,0,14.2,30.6,47809.61
Turkey,18-07-2006,29.7,14.6,22.8,0,18.8,36.7,48816.64
Turkey,19-07-2006,27.8,13.8,20.9,0,20,40.3,48781.6
Turkey,20-07-2006,26.7,11.2,18.8,0,22,46.1,48744.94
Turkey,21-07-2006,27.3,13.2,19.4,0,26,50,48440.11
Turkey,22-07-2006,26.7,14.2,19.8,0,19.7,41.4,47895.95
Turkey,23-07-2006,28.2,13.2,21.3,0,12.8,28.8,48153.89
Turkey,24-07-2006,28.5,14.2,22,0,18.6,37.4,48344.35
Turkey,25-07-2006,29,13,21.2,0,21.1,42.5,48158.92
Turkey,26-07-2006,29.9,13.4,21.9,0,15.4,31.7,47976.3
Turkey,27-07-2006,29.3,13.7,22.1,0,16.2,36,47914.23
Turkey,28-07-2006,27.5,12.6,20.7,0,24,45.7,47734.5
Turkey,29-07-2006,25.7,13,19.6,0,24.4,46.1,47444.52
Turkey,30-07-2006,28,10.9,20,0,12.8,32.4,47605.01
Turkey,31-07-2006,29.8,13.7,22.3,0,11.8,28.8,47429.41
Turkey,01-08-2006,30.9,15.3,23.9,0,16.5,33.5,46733.29
Turkey,02-08-2006,30.9,15,23.7,0,12.8,29.9,47089.54
Turkey,03-08-2006,32.8,14.8,25.1,0,11,24.8,46926.02
Turkey,04-08-2006,34.3,16,26.6,0,11.8,24.5,46767.36
Turkey,05-08-2006,35.5,17.4,27.8,0,15.6,31.3,46613.93
Turkey,06-08-2006,36.2,18.7,28.4,0,14.5,34.6,46554.05
Turkey,07-08-2006,36.3,18.9,28.4,0,11,23.4,46408.56
Turkey,08-08-2006,35.1,17.9,27.4,0,21,38.5,46189.79
Turkey,09-08-2006,32,16.9,25.2,0,14.2,28.4,46137.57
Turkey,10-08-2006,32.8,16.7,25.5,0,12.2,29.9,46083.96
Turkey,11-08-2006,34.8,16.6,27.3,0,9.1,23,45896.96
Turkey,12-08-2006,36.1,20.1,28.2,0,18.9,45.4,45816.36
Turkey,13-08-2006,35.5,17.5,26.5,0,21,35.6,45765.39
Turkey,14-08-2006,35.1,18.1,26.6,0,20.6,41.4,45714.54
Turkey,15-08-2006,34.4,18.3,26.3,0,18.8,35.3,45663.84
Turkey,16-08-2006,34.8,18.1,26.1,0.8,16.9,38.2,42871.31
Turkey,17-08-2006,35.2,17.9,25.8,1.4,21,33.1,37061.46
Turkey,18-08-2006,31.6,19.4,24.4,1.4,20.2,36.7,38192.61
Turkey,19-08-2006,31.2,17,23.9,0.2,20,49,45421.69
Turkey,20-08-2006,29.1,15.8,22.5,0,23.1,45,45408.66
Turkey,21-08-2006,29.4,14.9,22.5,0,20.1,41.4,45337.84
Turkey,22-08-2006,30.3,14.8,22.8,0,13.2,26.3,45203.8
Turkey,23-08-2006,32.6,15,24.9,0,11.2,19.4,45068.66
Turkey,24-08-2006,32.2,15.9,24.6,0,13.8,31,44932.52
Turkey,25-08-2006,32.7,15.9,25,0,13.4,28.4,43586.28
Turkey,26-08-2006,33.7,17.5,26.6,0,14.4,33.1,44187.94
Turkey,27-08-2006,33.7,18.6,27.1,0,11,26.3,42500.61
Turkey,28-08-2006,33.2,20,26.7,0,16.9,33.5,44248.49
Turkey,29-08-2006,29.1,16.7,23.4,0,18.9,36.7,43781.66
Turkey,30-08-2006,31.6,14,24.1,0,6.9,20.2,43914.85
Turkey,31-08-2006,33.2,14.8,24.9,0,10.2,20.5,43691.73
Turkey,01-09-2006,29.4,16,21.1,2.3,21.2,42.5,42787.23
Turkey,02-09-2006,22.1,13.7,17.4,2.8,12,30.6,34452.27
Turkey,03-09-2006,23.5,11.7,17.6,0,11.5,26.6,42177.18
Turkey,04-09-2006,24.4,11.1,17.7,0,14.6,31.7,42517.41
Turkey,05-09-2006,25.9,12.5,19.5,0,17,36.4,42525.89
Turkey,06-09-2006,25.8,13,19.4,0,20.2,42.8,40914.07
Turkey,07-09-2006,23.8,9.8,16.9,0,13.3,27.4,42227.39
Turkey,08-09-2006,26,9.6,17.8,0,10.9,22.7,42031.81
Turkey,09-09-2006,27.5,11.7,20.2,0,10,25.6,41932.68
Turkey,10-09-2006,28.3,12.5,20.3,0,17.3,36.7,40984.88
Turkey,11-09-2006,26.2,12.8,18.7,0,25.8,46.1,40397.9
Turkey,12-09-2006,20,11.4,15,0,18.4,36,34379.39
Turkey,13-09-2006,22.1,6.6,14.6,0,12.8,29.2,40677.6
Turkey,14-09-2006,22.2,7.3,14.8,0,14.9,31.7,40446.88
Turkey,15-09-2006,21.8,7.3,14.6,0,12.9,28.8,40331.3
Turkey,16-09-2006,23.7,6.7,15.8,0,15.4,31.7,40055.98
Turkey,17-09-2006,24.2,6.7,15.8,0,12.7,29.9,39936.63
Turkey,18-09-2006,26.7,6.9,18.1,0,9.8,24.5,39705.23
Turkey,19-09-2006,28.6,10.1,19.6,0.7,18.6,40.7,39600
Turkey,20-09-2006,25.9,11.2,19.4,0.3,8.8,22.3,39600
Turkey,21-09-2006,22.3,11.9,16.8,0.8,12.3,33.1,39600
Turkey,22-09-2006,20.6,10.7,15.4,0,11.5,27,39029.15
Turkey,23-09-2006,20.2,10.3,14.6,6.3,9.1,29.2,37896.17
Turkey,24-09-2006,22.2,8.7,15.5,0,9.5,25.6,39600
Turkey,25-09-2006,17.6,11.2,13.8,12,7.3,24.5,35339.69
Turkey,26-09-2006,18.7,9.9,14.2,0.4,8.7,21.6,38270.2
Turkey,27-09-2006,21.5,7.4,14.6,0,7.3,18,39600
Turkey,28-09-2006,25.5,8.7,17.3,0,14.9,31.3,39600
Turkey,29-09-2006,23.2,12,17.2,1.9,18.7,40,34643.02
Turkey,30-09-2006,21.7,9.7,16.1,0.3,13.1,24.5,39483.31
Turkey,01-10-2006,19.4,9.7,14.4,0,14.4,31,38537.7
Turkey,02-10-2006,19.7,9.5,13.9,0,19.1,38.2,39149.67
Turkey,03-10-2006,18.7,7.9,12.7,0,11.7,23.8,29860.95
Turkey,04-10-2006,20.7,4.1,13.6,0,7.6,19.1,38894.83
Turkey,05-10-2006,23.9,5,14.8,0,10.4,18.7,38739.83
Turkey,06-10-2006,25.4,6,16.4,0,10,15.5,38584.94
Turkey,07-10-2006,25.5,6.8,16.6,0,10.5,16.2,38430.26
Turkey,08-10-2006,25.4,7.4,16.8,0,6.1,14.4,38275.89
Turkey,09-10-2006,24,9.5,16.2,0,10.6,20.5,38121.94
Turkey,10-10-2006,22.5,9.6,15.2,0,13,23.8,37493.01
Turkey,11-10-2006,21.7,9.3,15,0,9,27.7,37675.61
Turkey,12-10-2006,23,7.3,15.7,0,13.7,32.4,37161.98
Turkey,13-10-2006,20.3,9.4,15,0.5,6.1,19.4,36240.91
Turkey,14-10-2006,16.9,10.5,13.1,2.9,11.3,27,25299.22
Turkey,15-10-2006,12.3,6.9,9.7,0.3,17.5,33.8,2160.21
Turkey,16-10-2006,14.1,5.1,9.1,0,11.7,24.8,27431.34
Turkey,17-10-2006,15.5,6.8,10.6,0.4,12.1,36.7,33520.11
Turkey,18-10-2006,20.2,8.1,12.7,1.9,15.4,44.3,34146.65
Turkey,19-10-2006,20.8,5.6,12.5,1.2,20,41,33940.38
Turkey,20-10-2006,17,6.3,11.1,0.2,14,33.5,33224.02
Turkey,21-10-2006,16.1,5.1,10.8,0.1,8.9,21.2,30527.05
Turkey,22-10-2006,17.8,3.4,11,0,7.6,18,35699.06
Turkey,23-10-2006,18.5,5.1,12,0,9.6,21.6,34279.42
Turkey,24-10-2006,18.6,5.4,12.3,0,8.9,16.6,33326.07
Turkey,25-10-2006,18.5,4.8,11.9,0,11.2,17.3,35128.19
Turkey,26-10-2006,18.2,5.9,11.7,6.2,17,31.3,30810.17
Turkey,27-10-2006,8.5,4.2,6.2,8.7,20.3,39.6,4916.98
Turkey,28-10-2006,14.1,6.3,9.2,1.1,23.7,43.9,18301.33
Turkey,29-10-2006,13.6,6.1,9,1.6,17.4,40.3,21383.45
Turkey,30-10-2006,14.8,5.4,9.4,0.9,18.1,41,30756.18
Turkey,31-10-2006,16.7,7.7,11.2,0.3,19.6,40,19936.79
Turkey,01-11-2006,11.5,6.5,8.8,5.2,16.5,33.8,0
Turkey,02-11-2006,13.6,5.4,9,0.3,15,30.6,25840.46
Turkey,03-11-2006,16,3.1,9,0.1,26.6,50.8,30790.67
Turkey,04-11-2006,9.9,2.4,6.4,7.4,18.4,41,0
Turkey,05-11-2006,2.2,-4.3,-0.3,9.1,22.7,47.9,17849.81
Turkey,06-11-2006,2.6,-5.1,-2.1,0,9.7,25.2,32976.45
Turkey,07-11-2006,6.2,-5.5,0.2,0,19.8,40.7,33055.85
Turkey,08-11-2006,7.7,-2.5,3.1,0,8.7,20.9,29140.34
Turkey,09-11-2006,8.7,-4.2,2.2,0,5.7,15.8,32755.86
Turkey,10-11-2006,12.3,-3.8,3.9,0,7.2,20.2,32829.41
Turkey,11-11-2006,11.1,-3.3,3.6,0.2,9.3,19.8,32735.69
Turkey,12-11-2006,9.8,1.5,5.1,1.1,14.8,27,31446.38
Turkey,13-11-2006,12.5,2.2,6.7,0.4,23.8,47.9,31323.29
Turkey,14-11-2006,5.9,-1.9,2.9,6.5,16.3,34.2,14293.71
Turkey,15-11-2006,7.4,-4.6,1.3,0,12.3,27,32246.88
Turkey,16-11-2006,8.5,-3.7,2.5,0,3.6,15.1,32248.29
Turkey,17-11-2006,10.6,-3.3,2.9,0,9.1,20.5,32147.82
Turkey,18-11-2006,9.4,-1.3,3.5,0,10,20.9,32060.04
Turkey,19-11-2006,6.4,-2.6,1.4,0,10.1,24.5,32012.23
Turkey,20-11-2006,9.8,-5.3,1.7,0,5.3,13.7,31976.89
Turkey,21-11-2006,10.7,-3.5,2.2,0,6.9,15.5,29443.84
Turkey,22-11-2006,9.4,-3.1,1.8,0,8.4,17.3,26080.91
Turkey,23-11-2006,10.2,-4,1.7,0,7.3,16.9,31855.74
Turkey,24-11-2006,10.4,-4,2,0,7.2,14.4,31792.02
Turkey,25-11-2006,9.5,-3.8,1.9,0,9.4,16.6,31694.01
Turkey,26-11-2006,9.2,-3.8,1.7,0,13.1,19.8,31598.22
Turkey,27-11-2006,9.1,-2.5,2.4,0,13,23.8,31504.79
Turkey,28-11-2006,8.8,-3.7,2.3,0,11,20.2,31413.83
Turkey,29-11-2006,9.3,-3.2,1.8,0,12.7,22.3,31325.5
Turkey,30-11-2006,5.3,-3.2,-0.5,0,13.8,24.8,26564.55
Turkey,01-12-2006,5,-4.1,-0.5,0,14.8,26.6,31157.27
Turkey,02-12-2006,4.9,-4.5,-0.4,0,10.8,25.2,31077.65
Turkey,03-12-2006,6.2,-3.2,0.5,0,7.3,20.2,31001.22
Turkey,04-12-2006,7.7,-5,0.5,0,5.6,13,29444.22
Turkey,05-12-2006,7.6,-5.4,0,0,7.1,17.3,30858.48
Turkey,06-12-2006,7.1,-4.6,0,0,8.2,16.2,30792.47
Turkey,07-12-2006,6.6,-4.5,0.3,0,8.3,16.2,30730.23
Turkey,08-12-2006,6.4,-4.8,-0.2,0,8,15.8,30671.89
Turkey,09-12-2006,7.7,-6.6,-0.6,0,7.2,14.4,30617.6
Turkey,10-12-2006,7.3,-5.7,-0.1,0,7.6,14.4,30567.5
Turkey,11-12-2006,6.1,-5.7,-0.4,0,6.9,14.4,30521.73
Turkey,12-12-2006,5.1,-5.9,-0.9,0,6.3,13.7,2065.48
Turkey,13-12-2006,5.8,-1.1,1.5,0,10.2,16.6,25632.17
Turkey,14-12-2006,5.7,-4.6,0.1,0,12.2,22.3,30411.53
Turkey,15-12-2006,2.6,-4.5,-1.6,0,19.8,39.2,30383.2
Turkey,16-12-2006,3.3,-4.8,-1.8,0,8.4,14.8,30358.87
Turkey,17-12-2006,7.3,-6.5,-0.7,0,6.1,14.8,30338.54
Turkey,18-12-2006,10.1,-5.6,0.6,0,6.1,13.3,30322.24
Turkey,19-12-2006,10.8,-4.3,1.4,0,8.4,16.6,28242.79
Turkey,20-12-2006,8.4,-4,0.7,0,13,25.2,30301.72
Turkey,21-12-2006,5.6,-3.6,0.1,3,14.1,29.9,25870.32
Turkey,22-12-2006,0.2,-5.7,-2.5,0,18.3,34.2,28194.47
Turkey,23-12-2006,-0.5,-6.9,-4.6,0,16.6,33.5,30301.21
Turkey,24-12-2006,1.1,-6,-3.3,0,7,15.1,30309.11
Turkey,25-12-2006,4.5,-7.9,-3.1,0,12.3,26.6,30321.03
Turkey,26-12-2006,-1.3,-7.9,-4.2,1.2,21,40.7,26737.24
Turkey,27-12-2006,-6,-10.8,-8.5,0,29,54.7,28179.05
Turkey,28-12-2006,-1.8,-9.3,-6.3,0,12.7,28.1,29675.86
Turkey,29-12-2006,1.3,-9.8,-5.1,0,7.9,20.9,30408.78
Turkey,30-12-2006,2.6,-9.2,-4,0,7.3,13.3,30440.65
Turkey,31-12-2006,2.2,-9.4,-4.3,0,11.4,25.2,30476.47
Turkey,01-01-2007,2.2,-8.2,-3.9,0,12.9,26.3,30516.19
Turkey,02-01-2007,8.4,-7,-1.5,0,12.2,26.6,30560.03
Turkey,03-01-2007,7.7,-5.8,-0.2,0,19.6,37.1,30608.51
Turkey,04-01-2007,7.1,-2.7,1.7,0,16.3,33.5,24107
Turkey,05-01-2007,5.9,-3.5,-0.1,0.1,7.9,20.5,25989.53
Turkey,06-01-2007,2.4,-2.6,-0.6,0.7,7.4,17.3,19938.83
Turkey,07-01-2007,1.1,-3.4,-1.6,0.8,10.5,23,28916.17
Turkey,08-01-2007,1.6,-6.6,-3.2,0,6.6,20.5,30734.05
Turkey,09-01-2007,3.9,-8,-3.1,0,6.4,16.2,30771.52
Turkey,10-01-2007,4.8,-7.4,-2.3,0,9.4,15.1,30789.23
Turkey,11-01-2007,3.3,-7.3,-3.1,0,8.7,18.4,30846.68
Turkey,12-01-2007,4.8,-7.8,-3.1,0,7.4,19.4,30916.69
Turkey,13-01-2007,5.6,-6.2,-1.2,0,9.4,22.7,27205.98
Turkey,14-01-2007,5.8,-3.7,0.2,0,17.8,35.6,30924.1
Turkey,15-01-2007,5.3,-5.9,-0.7,0,9.8,18.7,30846
Turkey,16-01-2007,4.4,-4.1,-0.6,0,15.3,31,31246.24
Turkey,17-01-2007,5.6,-5.5,-1.3,0,12.8,27,31366.96
Turkey,18-01-2007,9.2,-7,-0.6,0,9.7,22,31266.97
Turkey,19-01-2007,8.8,-4.6,0.8,0,21.9,40.3,31555.91
Turkey,20-01-2007,1.8,-4.9,-0.1,15.7,18.7,33.8,0
Turkey,21-01-2007,0.2,-7.8,-4.1,0,11.6,18.4,23711.27
Turkey,22-01-2007,7,-9.1,-1.9,0,7.7,20.9,32109.15
Turkey,23-01-2007,12.1,-5.7,0.6,0,9.5,19.8,31887.22
Turkey,24-01-2007,12.4,-3.9,1.6,0,16.2,31,32435.22
Turkey,25-01-2007,11.5,-5,1.1,0,11.9,27,32227.49
Turkey,26-01-2007,11.6,-4.1,1.4,0,9.2,22.3,32256.54
Turkey,27-01-2007,12.7,-2.9,3.7,0,20.8,39.6,31629.84
Turkey,28-01-2007,4.6,-6.3,0.6,9.8,22.3,48.6,0
Turkey,29-01-2007,-2.2,-11.7,-7.1,0,15.3,31,33049.99
Turkey,30-01-2007,-0.7,-8.2,-4.7,2.9,18,43.9,17504.42
Turkey,31-01-2007,-1.2,-11.1,-6.3,0.3,27,52.6,32241.72
Turkey,01-02-2007,2,-10.3,-5.1,0,14.3,30.2,33445.44
Turkey,02-02-2007,3.2,-10.6,-3.9,1.8,16.7,34.2,25841
Turkey,03-02-2007,0.1,-3,-1.8,5.4,8.8,16.9,0
Turkey,04-02-2007,-1,-8,-3.5,1.4,12,22,17831.99
Turkey,05-02-2007,-3.4,-14.6,-7.5,5.7,14.5,25.9,0
Turkey,06-02-2007,-2.7,-6.5,-4.9,6,8.2,16.2,12482.51
Turkey,07-02-2007,-3.4,-14.8,-8.3,0,8.3,14,34273.82
Turkey,08-02-2007,-1.1,-17.9,-11,0,8.8,14.8,33091.25
Turkey,09-02-2007,0.4,-18.9,-9.7,0,7.9,14.4,24629.13
Turkey,10-02-2007,0.5,-17.2,-8.6,0,6.9,12.6,34698.08
Turkey,11-02-2007,5.1,-16,-6.8,0,8.7,15.5,33250.34
Turkey,12-02-2007,4.5,-11.3,-3.9,0,9.8,18.4,29357.83
Turkey,13-02-2007,7.3,-6.9,-0.7,0,8.4,19.8,35129.37
Turkey,14-02-2007,7.5,-5.9,0.1,1.3,16.9,34.9,29884.14
Turkey,15-02-2007,6.8,-3.1,1.6,8.5,8.5,20.2,31765.64
Turkey,16-02-2007,5.6,-1.9,1.6,0.1,8.8,19.1,26833.81
Turkey,17-02-2007,7.7,-3.6,1.3,0,8.9,19.1,35455.94
Turkey,18-02-2007,7.2,-2.7,1,0,16.4,32.8,32903.84
Turkey,19-02-2007,7.1,-5,0.7,0,11.7,26.6,35638.6
Turkey,20-02-2007,10.7,-3.9,2.5,0,14.1,33.1,35668.63
Turkey,21-02-2007,12.3,-2.2,4.5,0,6.9,19.1,35738.86
Turkey,22-02-2007,10.8,-1.6,4.3,0,14.2,30.6,35808.71
Turkey,23-02-2007,13,-1.5,4.8,0,21.6,40.3,31466.65
Turkey,24-02-2007,7.8,-2.8,2.5,0,23.7,47.9,32044.55
Turkey,25-02-2007,4.9,-6.9,-1.8,0,13.8,29.5,36568.56
Turkey,26-02-2007,5.4,-5.4,-0.7,0,9,23,36168
Turkey,27-02-2007,10.9,-5.9,1.8,0,15.3,31.7,36796.84
Turkey,28-02-2007,11.1,-1.6,3.9,1,21.2,39.6,30190.4
Turkey,01-03-2007,9.4,0.6,4.5,0.6,14.5,35.3,32400
Turkey,02-03-2007,12.6,-0.4,5.7,0,15.6,35.3,36667.34
Turkey,03-03-2007,11.4,2.1,6.3,1.2,25.2,49.3,27858.32
Turkey,04-03-2007,12.7,2.8,7.2,2.4,19.9,38.5,22182.36
Turkey,05-03-2007,7.5,0.4,4.2,12.1,17.7,41,24781.71
Turkey,06-03-2007,5.3,-1.8,1.2,0.2,24.3,47.9,31594.19
Turkey,07-03-2007,8.4,-4,1.4,0,9.4,22.3,37981.59
Turkey,08-03-2007,11.5,-4.7,3.3,0,12.1,18.4,38012.27
Turkey,09-03-2007,10.9,-1.2,4.4,0,12.6,26.6,38315.83
Turkey,10-03-2007,12.8,-4.2,4.7,0,10.1,16.6,38494.37
Turkey,11-03-2007,13.8,-2.7,5.5,0,10.6,19.1,24437.29
Turkey,12-03-2007,11.9,0.8,6.6,0,16.7,33.8,37793.07
Turkey,13-03-2007,5.1,-2.8,1.2,4.2,12.5,29.5,29391.88
Turkey,14-03-2007,1.8,-4.7,-1.4,6.7,24.3,51.5,17392.73
Turkey,15-03-2007,1.5,-2.3,-0.7,7,18.2,34.2,13392.51
Turkey,16-03-2007,0.7,-7.3,-2.6,0.7,16,29.2,39021.05
Turkey,17-03-2007,3.3,-5.4,-1.1,0,12.3,30.6,39613.5
Turkey,18-03-2007,10.6,-6.4,2,0,25.2,48.2,37782.97
Turkey,19-03-2007,11.1,-1.4,4.8,0,15.5,29.9,28672.49
Turkey,20-03-2007,12.7,-0.7,5.6,0.3,10.6,26.6,40046.45
Turkey,21-03-2007,15.6,-2.3,6.7,0,11,27,36802.04
Turkey,22-03-2007,17.9,-1.4,8.9,0,11.2,27.4,39245.14
Turkey,23-03-2007,19.5,3.9,10.8,0.4,32,58.7,29989.8
Turkey,24-03-2007,9,1.5,4.9,13.8,21,51.5,12883.92
Turkey,25-03-2007,9.9,0.7,4.8,1,16.9,38.2,36855.02
Turkey,26-03-2007,8.6,-1.7,3.7,0,16.3,32.4,40838.59
Turkey,27-03-2007,7.6,-2.3,2.3,0.2,13.6,27.4,36672.31
Turkey,28-03-2007,7.1,-2,2.3,1.3,9.8,19.4,35473.26
Turkey,29-03-2007,9.1,-1.9,3.7,0,12.5,24.8,37855.19
Turkey,30-03-2007,13.4,-3.8,5.4,0.1,15.7,34.9,41595.52
Turkey,31-03-2007,15.9,-1.8,6.7,1.1,15.5,32.8,28800
Turkey,01-04-2007,9.3,2.2,5.3,8.9,18,34.9,18711.81
Turkey,02-04-2007,6.3,-0.2,2.6,3.1,18,36,16812.12
Turkey,03-04-2007,6.4,-2.8,1.6,0.3,13,28.4,40685.58
Turkey,04-04-2007,9.3,-4.2,2.9,0,14.8,28.8,40618.98
Turkey,05-04-2007,13.5,-3.6,4.6,3.6,18.2,40,32505
Turkey,06-04-2007,13.1,1.2,7.5,3.9,18.4,42.8,41410.64
Turkey,07-04-2007,13,-0.2,7.2,0.9,10.3,26.3,42432.3
Turkey,08-04-2007,14.2,0.6,7.4,0,16.2,31,42509.21
Turkey,09-04-2007,11.6,-0.2,5.7,0,25.2,48.6,42866.84
Turkey,10-04-2007,11.8,-2.5,4.6,0,18.4,37.8,42831.27
Turkey,11-04-2007,12.6,0.2,6.3,0,15.5,33.5,42131.01
Turkey,12-04-2007,13.3,-1.3,5.9,0,22.1,45.7,43627.84
Turkey,13-04-2007,12,-1,5.7,0,16.1,31,38933.15
Turkey,14-04-2007,9.6,0.4,4.7,0.1,20.2,41,42708.95
Turkey,15-04-2007,6,-1.5,2.4,0.5,14,31,29416.42
Turkey,16-04-2007,8.4,-2.2,2.7,1.2,12.5,28.4,42923.91
Turkey,17-04-2007,11,-1.4,4.8,0,10.2,23.4,37457.37
Turkey,18-04-2007,11.6,0.2,5.3,1.5,17.3,37.8,34478.47
Turkey,19-04-2007,10,-0.5,4.3,2,22.7,43.9,35637.98
Turkey,20-04-2007,10.1,1.5,4.9,6.2,15.5,35.6,35636.59
Turkey,21-04-2007,15.6,-3.3,7,0,13.1,29.2,45216.69
Turkey,22-04-2007,17.6,-0.2,9.7,0,13.5,30.6,37211.61
Turkey,23-04-2007,8.9,1,6.2,0.9,27.3,55.1,45487.54
Turkey,24-04-2007,9.8,-3.7,3.2,0,20,45,45621.33
Turkey,25-04-2007,13.8,-3.4,6.5,0,10.8,20.2,44984.21
Turkey,26-04-2007,17.9,0,10.2,0,10.7,19.8,36244.75
Turkey,27-04-2007,17.7,7.1,12.3,0,12.1,25.2,41800.07
Turkey,28-04-2007,17.9,5.7,12.2,0.5,7.3,20.5,39423.89
Turkey,29-04-2007,13,7.1,9.5,13.6,6.4,23.8,26806.84
Turkey,30-04-2007,15,5.3,9.5,2.5,18,38.2,43017.39
Turkey,01-05-2007,19.4,2,11.6,0,21.2,40.3,46056.52
Turkey,02-05-2007,18.4,9,13,0.5,22.7,46.1,32788.2
Turkey,03-05-2007,18.2,6.6,12.6,0,13.6,29.9,46411.2
Turkey,04-05-2007,20.5,8.1,13.9,0,13.2,28.4,46476.39
Turkey,05-05-2007,23.2,5.4,15.3,0,8.4,22,46540.56
Turkey,06-05-2007,26.1,6.4,17.6,0,9.1,24.5,46603.7
Turkey,07-05-2007,28.4,8.2,19.2,0,15,31.3,46665.74
Turkey,08-05-2007,27,9.8,18.7,0.4,28,54.7,43747.97
Turkey,09-05-2007,20.7,12.3,16.7,0.7,11,25.9,32457.18
Turkey,10-05-2007,22.2,9,16.6,0,11.1,29.5,42987.04
Turkey,11-05-2007,23.2,9.1,16.1,0.3,16.9,38.5,41328.68
Turkey,12-05-2007,23.3,9.6,15.6,3.8,12.2,25.6,31527.74
Turkey,13-05-2007,21.5,10.8,15.6,3.7,24.4,50.8,46229.92
Turkey,14-05-2007,21.3,7.1,14.2,0,24.2,48.6,46812.63
Turkey,15-05-2007,24.3,5.2,15.2,0,14.1,32.4,46889.8
Turkey,16-05-2007,27.1,9.3,18.8,0,9.6,25.9,46800.22
Turkey,17-05-2007,26.1,9.1,18.5,1.4,18.7,38.9,36000
Turkey,18-05-2007,21.2,12.6,15.6,12.3,15.3,35.6,26160.74
Turkey,19-05-2007,23.5,9.8,17.2,0.9,10.8,21.6,44864.93
Turkey,20-05-2007,27.3,9.1,18.8,1,22.4,44.6,47064.68
Turkey,21-05-2007,24.4,9.1,17.4,0,9.5,26.3,47165.04
Turkey,22-05-2007,26.5,8.1,17.8,0,21.1,43.2,47269.93
Turkey,23-05-2007,28.3,9.2,18.9,0,28.9,51.5,44866.91
Turkey,24-05-2007,28,11.4,19.9,0,18.5,40.3,47384.99
Turkey,25-05-2007,28.6,9.7,20.2,0,20.5,41.8,46950.2
Turkey,26-05-2007,29.4,11,21.1,1,26.6,61.6,47394.84
Turkey,27-05-2007,25.6,12.5,18.6,1.5,22.1,53.6,39261.44
Turkey,28-05-2007,23.8,11.2,17.4,0.3,15,33.8,46800
Turkey,29-05-2007,24.8,11,18.2,0.6,13,33.1,46519.15
Turkey,30-05-2007,27.6,10.7,20.3,0,7.7,20.9,47046.52
Turkey,31-05-2007,29,12.2,21.4,0.1,17.4,34.6,47429.43
Turkey,01-06-2007,27.6,12.5,20.5,0,12.1,26.6,47536.55
Turkey,02-06-2007,26.5,14,19.7,1.9,17.6,32.4,45696.19
Turkey,03-06-2007,27.1,13,20.2,0.3,16,32.4,47554.93
Turkey,04-06-2007,27.6,13.6,21,0,17.2,31,48027.56
Turkey,05-06-2007,28.4,12.9,21.6,0,11.5,30.6,48033.41
Turkey,06-06-2007,29.4,13.8,21.4,1.1,22.1,51.5,41470.68
Turkey,07-06-2007,25.8,13.7,19.1,3.7,9,28.1,46373.26
Turkey,08-06-2007,21.3,11.4,15.8,5.4,16.5,35.6,37506.56
Turkey,09-06-2007,21.6,10.5,16.2,0,18.4,33.1,47233.21
Turkey,10-06-2007,24.1,11.1,17.1,0.4,12.1,40.7,40827.85
Turkey,11-06-2007,22.9,10.9,17.2,0.4,13.4,30.2,47056.1
Turkey,12-06-2007,19.9,11.5,15.7,3.4,15,32,36016.95
Turkey,13-06-2007,24.9,10.7,18.2,0,11.3,31.3,48677.53
Turkey,14-06-2007,27.1,12.6,20.2,0,15.9,33.5,49058.89
Turkey,15-06-2007,28.8,13.9,21.7,0,17.7,35.6,49155.2
Turkey,16-06-2007,29.7,13.8,22.1,0,17.7,38.9,49163.14
Turkey,17-06-2007,29.1,15.1,22.2,0,14.8,34.9,47931.43
Turkey,18-06-2007,27.5,14.5,21.5,0.5,21.6,42.5,48510.74
Turkey,19-06-2007,26.1,13,20.3,0,19.9,42.5,49162.28
Turkey,20-06-2007,24.2,12.3,19.1,0,19.6,39.2,45469.45
Turkey,21-06-2007,24.7,12,18.8,0,22.3,45,49194.65
Turkey,22-06-2007,25.4,10.3,18.3,0,17.8,37.1,49208.57
Turkey,23-06-2007,29.6,11.4,21.3,0,16.1,34.2,49305.66
Turkey,24-06-2007,33.1,13.4,24.9,0,20.4,46.8,47379.68
Turkey,25-06-2007,27.5,17,22.3,0,22,44.3,49157.76
Turkey,26-06-2007,28.5,13.8,21.7,0,22,44.6,49247.35
Turkey,27-06-2007,31.5,16.4,24.1,0,19.5,40,49252.39
Turkey,28-06-2007,33.1,17,26,0,14.3,32.8,49255.41
Turkey,29-06-2007,31.9,18.7,24.4,0.4,25.6,50.8,47646.3
Turkey,30-06-2007,26,14.3,19.5,0,23.2,46.1,48727.75
Turkey,01-07-2007,23.9,12.7,17.8,0,25.3,47.9,48370.48
Turkey,02-07-2007,23.1,11.5,16.8,0,24.1,50,45690.47
Turkey,03-07-2007,26.3,11.5,19.1,0,18.7,40.7,47982.98
Turkey,04-07-2007,30.6,12.4,22,0,14.8,31.3,49128.39
Turkey,05-07-2007,33,15.5,25.3,0,10.5,25.6,49153.75
Turkey,06-07-2007,35.2,14.7,27.1,0,16.2,30.6,49105.8
Turkey,07-07-2007,25,14.3,20,0.1,19.9,41.8,46703.15
Turkey,08-07-2007,26.3,11.7,19.4,0,23.9,49,49076.51
Turkey,09-07-2007,28.3,10.4,20,0,21.4,46.8,49059.34
Turkey,10-07-2007,30.1,11.1,21.2,0,12,29.2,49040.47
Turkey,11-07-2007,32.6,12.5,24.8,0,11.7,29.9,49019.9
Turkey,12-07-2007,34.5,14.5,26.9,0,7.3,22,48997.63
Turkey,13-07-2007,35,15.3,25.5,0,24.5,51.1,48525.4
Turkey,14-07-2007,24.8,15.4,19.4,0,24.1,47.9,38147.94
Turkey,15-07-2007,21.2,13.6,16.9,0,26.1,49.7,36603.14
Turkey,16-07-2007,21.9,10.8,16.5,0,29,56.5,42542.14
Turkey,17-07-2007,24.9,10.6,17.8,0,29.7,56.9,48860.45
Turkey,18-07-2007,26.6,11.7,19.7,0.4,31.5,61.9,48827.8
Turkey,19-07-2007,30.3,12.6,21.9,0,20.8,42.8,48793.4
Turkey,20-07-2007,32.7,13,23.7,0,14.8,32.8,47930.22
Turkey,21-07-2007,33,15.1,24.9,0,17.3,34.9,48719.27
Turkey,22-07-2007,33,14.8,24.7,0,22.5,44.3,48679.35
Turkey,23-07-2007,32.6,15,24.7,0,23.2,46.4,48637.55
Turkey,24-07-2007,33.4,15.7,25.1,0,19,39.2,48489.26
Turkey,25-07-2007,35,16.4,26.7,0,11.2,25.9,48178.13
Turkey,26-07-2007,36.1,21.3,29.5,0,19.7,41.4,47511.4
Turkey,27-07-2007,35,18.8,27.5,0,20.3,40.3,46852.54
Turkey,28-07-2007,34.8,18.7,27.5,0,19,38.2,47169.45
Turkey,29-07-2007,34.3,18.2,27.4,0,15.2,34.6,46890.23
Turkey,30-07-2007,34.1,17.8,27.2,0,18.2,34.2,42698.52
Turkey,31-07-2007,34.7,20.4,28.2,0,19.9,39.2,45542.67
Turkey,01-08-2007,34,21,27.5,0.5,22,40.7,46016.86
Turkey,02-08-2007,32.6,19.9,25.8,0,23.8,43.6,46896.86
Turkey,03-08-2007,28.5,15.9,22.3,0,17.2,33.8,46937.7
Turkey,04-08-2007,30.2,13.7,22.6,0,14.2,31.7,46778.72
Turkey,05-08-2007,31.6,14.7,23.7,0,10.5,25.6,46717.52
Turkey,06-08-2007,34.2,17.1,26.4,0,9.9,22.3,46477.21
Turkey,07-08-2007,33.7,17.6,26.4,0,16.2,32.4,46420.51
Turkey,08-08-2007,31.5,18.6,25.8,0,13.4,29.5,46200.58
Turkey,09-08-2007,30.8,16.4,24.3,0,12.3,29.5,46149.56
Turkey,10-08-2007,31.3,15.8,24.6,0,11.8,28.8,46025.16
Turkey,11-08-2007,33.6,17.1,26.3,0,11,23.8,45976.27
Turkey,12-08-2007,36.5,16.9,28,0,11.1,23,45863.26
Turkey,13-08-2007,34.5,18.4,27.3,0,13.4,28.8,45779.87
Turkey,14-08-2007,32,18,25.5,0,14.2,29.5,45729.07
Turkey,15-08-2007,31.6,16.7,24.7,0.3,16.7,31.7,45678.09
Turkey,16-08-2007,31.7,16.2,24.4,0.1,17,38.5,45363
Turkey,17-08-2007,29.1,15.8,22.9,0,20.3,39.6,45575.68
Turkey,18-08-2007,28.2,13.9,21.5,0,18.2,35.3,45524.3
Turkey,19-08-2007,28.8,13.5,21.8,0,13,28.1,45472.82
Turkey,20-08-2007,30.4,15.1,23.9,0,15.1,33.5,45421.26
Turkey,21-08-2007,33.2,15.2,25.5,0,16.1,29.5,41769.63
Turkey,22-08-2007,30.9,16.8,24.7,0,19.8,37.8,45230.7
Turkey,23-08-2007,26.7,14.7,21.2,0,23.5,46.4,45096.07
Turkey,24-08-2007,25.9,14.7,19.4,1.7,21.6,46.8,42704.75
Turkey,25-08-2007,27.9,15.5,20,3.5,19.5,37.1,33752.34
Turkey,26-08-2007,27.3,14.9,21.1,0.9,13.5,34.2,42961.98
Turkey,27-08-2007,26.9,14.1,20.7,0.2,16,34.2,44130.25
Turkey,28-08-2007,28.3,14.7,21.7,0,17.4,31.3,42924.83
Turkey,29-08-2007,26.6,14.8,20.9,0.3,16.4,31.3,43689.6
Turkey,30-08-2007,28.2,13.6,21.3,0,15.2,32,43592.23
Turkey,31-08-2007,30.2,14.2,22.4,0,18.5,39.2,43724.64
Turkey,01-09-2007,31.8,14.9,23.8,0,19.4,40.7,43504.88
Turkey,02-09-2007,32.9,15.2,24.8,0,11,23,43287.63
Turkey,03-09-2007,33.1,16.8,25.2,0,11.2,23.4,42964.22
Turkey,04-09-2007,32.8,15.4,25.5,0,10.6,23.8,42561.36
Turkey,05-09-2007,31.9,15,24.5,0,10.7,21.6,42549.45
Turkey,06-09-2007,32.2,15.5,24.9,0,11.8,24.1,42448.62
Turkey,07-09-2007,31.1,18,24.6,0,9.9,22.3,42148.81
Turkey,08-09-2007,28.7,15.5,22.4,0.2,11.8,28.1,41273.07
Turkey,09-09-2007,23.8,14.1,19,1.1,21.5,42.8,39541.12
Turkey,10-09-2007,22.8,11,16.6,0.1,17.2,40.7,41543.21
Turkey,11-09-2007,25.6,10.3,18.6,0,10.6,20.9,41445.55
Turkey,12-09-2007,27.1,9.4,19.7,0,10.8,19.8,41094.39
Turkey,13-09-2007,25.7,11.5,19.2,0,20.2,39.6,40761.89
Turkey,14-09-2007,21.3,8.2,14.9,0,14.6,31,40371.3
Turkey,15-09-2007,24.7,7.7,16.7,0,9.9,19.8,40130.88
Turkey,16-09-2007,24.4,11.3,18,0,21,41.8,40056.4
Turkey,17-09-2007,21.5,9.4,14.8,0,17.6,35.3,40029.41
Turkey,18-09-2007,24.5,6.6,15.6,0,10.7,23,39845.85
Turkey,19-09-2007,25.9,8,18.3,0,10.9,19.8,39762.15
Turkey,20-09-2007,27.1,8.1,18.7,0,11.7,19.8,39687.52
Turkey,21-09-2007,28.6,10.2,19.7,0,12.3,25.6,39622.83
Turkey,22-09-2007,25.8,11.1,18.3,0,14.8,29.5,39600
Turkey,23-09-2007,25.3,10.9,17,0,25.3,51.1,39600
Turkey,24-09-2007,17,12,14,0,17.1,32.8,17157.49
Turkey,25-09-2007,20,8.8,14.1,0,10,23.4,39600
Turkey,26-09-2007,22.8,5.6,15.2,0,10.9,19.1,39600
Turkey,27-09-2007,26.5,6.3,17.1,0,12,20.5,39600
Turkey,28-09-2007,27,10.1,18.4,0,13.7,26.6,39600
Turkey,29-09-2007,25.4,9.2,17,0,17.4,34.2,39597.93
Turkey,30-09-2007,23.9,8.2,15.8,0,11.5,26.6,39500.18
Turkey,01-10-2007,24.4,8.3,16.1,0,11.2,23,39390.51
Turkey,02-10-2007,24.7,9.3,16.8,0,10.7,23,39236.18
Turkey,03-10-2007,24.2,9.1,17.1,0.1,12.4,30.6,32965.96
Turkey,04-10-2007,27.2,9.2,17.5,0.7,20.5,38.5,31405.72
Turkey,05-10-2007,22.6,10.3,16,2.2,11.9,33.8,37487.71
Turkey,06-10-2007,20.7,9.3,15,0,9.2,21.6,38621.69
Turkey,07-10-2007,22.5,7.9,16,0,9.1,21.6,38469.3
Turkey,08-10-2007,23.9,7.3,16.2,0,11.2,19.1,38317.61
Turkey,09-10-2007,24.9,9.3,17.2,0,11.3,20.2,38166.43
Turkey,10-10-2007,24.6,10.4,17.3,0,9.2,22,35828.94
Turkey,11-10-2007,22.7,10.1,16.2,0.5,10,19.4,37862.25
Turkey,12-10-2007,24,8.3,16.8,0,9.3,19.1,36460.04
Turkey,13-10-2007,23.7,8.2,16.3,0.2,19.2,40,37388.35
Turkey,14-10-2007,20.4,8.8,14.4,5,19.9,40.3,31982.67
Turkey,15-10-2007,10.9,2.7,8.1,11.7,15.1,34.9,3491.41
Turkey,16-10-2007,8.9,1.2,4.1,5,17.3,34.9,21729.09
Turkey,17-10-2007,13.6,-1.9,6.1,0,16.2,32.8,36940.91
Turkey,18-10-2007,16.5,-1,7.7,0,9.5,21.6,36787.27
Turkey,19-10-2007,19.8,-0.2,9.6,0,9.8,22.3,36633.93
Turkey,20-10-2007,20.2,2.9,11.4,0,12,29.2,33740.28
Turkey,21-10-2007,20.3,5.1,12.9,0.2,14.3,30.2,23426.08
Turkey,22-10-2007,20.6,6.4,12.4,1.6,17,37.1,26133.46
Turkey,23-10-2007,23,6.5,14.3,0,19.5,41.4,35310.6
Turkey,24-10-2007,22.9,7.7,14.7,0,18.1,37.8,32692.68
Turkey,25-10-2007,18.6,5,11.9,0,10.5,23.4,26643.27
Turkey,26-10-2007,15.9,5.9,10.7,0,11.1,25.6,34971.2
Turkey,27-10-2007,13.9,3.6,8.4,0,13,28.4,34361.15
Turkey,28-10-2007,14.7,2.5,8.4,0,13.7,27.4,34299.93
Turkey,29-10-2007,15.3,0.7,8.2,0,10.3,24.5,34225.66
Turkey,30-10-2007,14.5,5.8,9.6,3.8,11.4,30.2,28823.69
Turkey,31-10-2007,14.9,3.7,9.3,0,10.9,26.3,33661.23
Turkey,01-11-2007,15.8,3,9.1,0,13.1,27,32923.83
Turkey,02-11-2007,17.1,5.5,10.9,0,21.2,41.8,33003.03
Turkey,03-11-2007,12.6,7.1,9.2,0.7,17.4,35.6,18615.36
Turkey,04-11-2007,16,1.9,9,0,17.1,34.6,33315.78
Turkey,05-11-2007,13.6,6.6,9.7,8.9,21.6,65.2,2200.91
Turkey,06-11-2007,10.2,6.4,8.5,29.2,16.9,41,0
Turkey,07-11-2007,6.3,3.9,5,9.8,12.8,33.1,8374.59
Turkey,08-11-2007,10.7,1.9,5.7,0.9,19.6,36.4,31376.08
Turkey,09-11-2007,7.1,-1.2,2.9,4.7,17.7,35.6,25200
Turkey,10-11-2007,12.9,-4.5,3.8,0,27.6,53.6,32915.79
Turkey,11-11-2007,8.4,-0.7,4.7,6,28.7,70.6,31453.51
Turkey,12-11-2007,10.2,-1,3.4,0,16.2,34.2,32701.51
Turkey,13-11-2007,12.5,-2.3,4.7,0,24.1,46.4,31750.55
Turkey,14-11-2007,10.6,3.5,6.2,4.1,10,34.9,22500.99
Turkey,15-11-2007,14.1,3.1,7.9,0,17,34.9,32212.53
Turkey,16-11-2007,14.1,0.6,7.2,0,7.4,18,32206.18
Turkey,17-11-2007,15,0,6.9,0,6.6,15.5,32114.42
Turkey,18-11-2007,15.2,-0.3,6.6,0,9.9,19.1,32070.49
Turkey,19-11-2007,13.8,2.4,7.2,2.2,20.7,54,28800
Turkey,20-11-2007,10.1,1.6,5.2,3.6,16.2,30.2,9584.02
Turkey,21-11-2007,8.1,0,3.3,0,18,34.6,27026.54
Turkey,22-11-2007,6.4,-0.2,2.3,0,15.9,32,29194.04
Turkey,23-11-2007,5.7,-3.4,1.1,0,9.3,22.3,31869.01
Turkey,24-11-2007,5.4,-6.4,-0.7,0,5.4,14.8,31821.13
Turkey,25-11-2007,5.8,-6.4,-1.1,0,4.9,13.3,31719.8
Turkey,26-11-2007,9.6,-6.3,0,0,9.5,20.9,31620.95
Turkey,27-11-2007,14.1,-1.2,5.3,0.8,18.3,38.2,24980.62
Turkey,28-11-2007,4.1,-4.8,0.8,7.8,13.5,34.2,0
Turkey,29-11-2007,1.7,-6.9,-3.5,0,9.4,17.3,31340.77
Turkey,30-11-2007,11,-6.4,0.4,0,7.4,17.3,31253.39
Turkey,01-12-2007,10.3,-3.6,2,3.7,13,36.7,31169.29
Turkey,02-12-2007,2.9,-3.8,0,0.4,9,21.6,31088.63
Turkey,03-12-2007,7.3,-6.3,-0.5,0,7.4,18.4,31011.59
Turkey,04-12-2007,8.5,-3.7,1.3,0,14.7,29.2,30938.34
Turkey,05-12-2007,8.7,-1.5,3.4,0.6,21.7,42.5,16763.06
Turkey,06-12-2007,5.3,1.3,3.8,7.4,19.2,50.4,0
Turkey,07-12-2007,4.7,0.5,2.1,8.8,18.1,36.7,16288.77
Turkey,08-12-2007,7.5,-1.2,3,0.3,11.7,22.3,29320.88
Turkey,09-12-2007,9,-2,2.8,0,11.8,24.1,27424.57
Turkey,10-12-2007,7.4,0.4,3.3,4.5,18.8,36,13578.59
Turkey,11-12-2007,10.3,1.2,4.8,3,16.6,36.4,29975.81
Turkey,12-12-2007,9.4,2.1,4.7,3.5,8,29.5,27571.17
Turkey,13-12-2007,9.7,2.7,4.9,7.1,20,56.9,22637.96
Turkey,14-12-2007,3,0.4,1.3,4.7,9.3,23.4,15440.9
Turkey,15-12-2007,5.9,-3.4,1.2,0,8.2,14.8,29821.23
Turkey,16-12-2007,1.5,-3.8,-1.3,1,8.3,16.2,543.72
Turkey,17-12-2007,3.5,-3.9,-1.1,0,8.3,14,23539.54
Turkey,18-12-2007,-0.1,-5.1,-2.5,0.6,12.4,25.9,28988.45
Turkey,19-12-2007,-0.5,-6.1,-3.7,0,13.2,28.1,30313.29
Turkey,20-12-2007,1.2,-6,-3.1,0,8.2,17.6,30302.73
Turkey,21-12-2007,1.3,-6.6,-3.1,0,8.7,20.9,30296.26
Turkey,22-12-2007,1.7,-5.6,-2.4,0,9.2,18,27812.27
Turkey,23-12-2007,3,-6.8,-3,0,6.4,17.3,30295.71
Turkey,24-12-2007,3.7,-8.1,-3.5,0,7.9,14.4,30301.69
Turkey,25-12-2007,3.5,-8.7,-3.7,0,6,14.8,30311.88
Turkey,26-12-2007,4.6,-8.6,-3.1,0,7.2,15.8,30326.3
Turkey,27-12-2007,5.3,-8.4,-2.3,0,7.3,16.2,30344.98
Turkey,28-12-2007,2,-5.1,-2.5,0,11.1,21.6,30368.12
Turkey,29-12-2007,0.2,-7.2,-4.3,0,13.4,28.4,30202.14
Turkey,30-12-2007,-0.3,-7.8,-4.4,0,6.6,17.6,30428.48
Turkey,31-12-2007,0.5,-9.6,-5.8,0,9.9,18.7,30465.33
Turkey,01-01-2008,3.1,-10,-4.6,0,8.5,18.4,30506.49
Turkey,02-01-2008,5.9,-7.4,-2.5,0,8.8,18.7,30551.83
Turkey,03-01-2008,7,-5.5,-0.8,2,11.4,28.1,27867.88
Turkey,04-01-2008,-1.9,-8.1,-3.8,6.8,15.5,24.8,25145.16
Turkey,05-01-2008,-5.6,-9.4,-7.8,0.5,12.8,20.2,25732.92
Turkey,06-01-2008,-6.1,-20.7,-11.8,0,5.4,10.8,30712.48
Turkey,07-01-2008,-5.6,-21.5,-12.9,0,7.1,15.5,30717.23
Turkey,08-01-2008,-1,-9.7,-4.8,2.7,11,19.8,24000.36
Turkey,09-01-2008,-4.1,-16.5,-9.7,0,5.4,12.6,20586.08
Turkey,10-01-2008,-3.7,-17.1,-10.3,0,12.8,18.4,28729.1
Turkey,11-01-2008,-5.7,-11.9,-8.6,0,10.2,16.2,30390.29
Turkey,12-01-2008,-5.9,-18,-11.7,0,7.3,14.8,30906.74
Turkey,13-01-2008,-4.6,-17.6,-11.2,0,8.6,15.8,30986.73
Turkey,14-01-2008,-1.3,-14.8,-9.1,0,7.9,16.6,31078.32
Turkey,15-01-2008,1.3,-14.5,-7.8,0,8.7,18,31181.02
Turkey,16-01-2008,1.2,-10.3,-5,1.4,8.2,17.6,24288.04
Turkey,17-01-2008,3,-11.4,-5.2,0,8.2,18,30887.49
Turkey,18-01-2008,2.9,-9.5,-3.9,0,7.8,16.2,31476.65
Turkey,19-01-2008,2.8,-10.5,-4.9,0,10.4,19.1,31615.95
Turkey,20-01-2008,1.2,-12.2,-6.1,0,6.6,15.8,31849.58
Turkey,21-01-2008,2.2,-12.1,-5.8,0,6.7,16.2,32012.39
Turkey,22-01-2008,6.4,-10.4,-3.6,0,8.4,18,32180.32
Turkey,23-01-2008,6.7,-9.8,-2.5,0,8,18,31776.22
Turkey,24-01-2008,4.5,-9.3,-3.2,0,11.4,16.9,32346.87
Turkey,25-01-2008,-0.6,-7.9,-3.9,0.9,19,33.8,24265.22
Turkey,26-01-2008,-1.9,-8.5,-6,0,16,31,31235.32
Turkey,27-01-2008,2.6,-9.7,-4.4,0,16.5,35.3,32586.32
Turkey,28-01-2008,2.8,-3.3,-1,11.9,14.5,27.7,2410.14
Turkey,29-01-2008,-3,-7.4,-5.6,15.8,28.8,52.9,0
Turkey,30-01-2008,-7.3,-9.9,-8.6,2.6,26,45.7,15759.08
Turkey,31-01-2008,-8.1,-16.4,-11.4,0,14.6,31.7,31998.39
Turkey,01-02-2008,-10.2,-25.3,-17.9,0,8.1,15.8,33419.76
Turkey,02-02-2008,-6.1,-19.6,-14.2,0,8.2,14,33552.54
Turkey,03-02-2008,-5.4,-21.8,-14.7,0,8.4,15.1,33686.26
Turkey,04-02-2008,-4.4,-20.3,-13.4,0,8.4,14.8,33820.8
Turkey,05-02-2008,-2.8,-20.8,-13.2,0,8.5,15.5,33955.98
Turkey,06-02-2008,-2.6,-21.3,-13.7,0,8.6,15.1,34091.87
Turkey,07-02-2008,-2,-20.8,-13.2,0,9.9,17.3,34229.73
Turkey,08-02-2008,0.9,-17.6,-9.4,0,8.8,15.1,34369.73
Turkey,09-02-2008,1.3,-14.3,-7.8,0,10,16.2,34511.71
Turkey,10-02-2008,2.6,-15.7,-7.1,0,10.3,15.5,34655.48
Turkey,11-02-2008,2.4,-10.7,-4.7,0,9.7,18.4,30673.31
Turkey,12-02-2008,-0.9,-8.5,-4.4,0,15.6,29.5,22483.62
Turkey,13-02-2008,-1.3,-8.5,-5,0,10.1,18.7,32862.32
Turkey,14-02-2008,-0.7,-7.5,-4.1,0.1,12.5,22.7,30269.14
Turkey,15-02-2008,-1.9,-10.2,-6,0,11.8,24.5,26214.06
Turkey,16-02-2008,2.4,-14.2,-5.7,2,11.4,22.3,21800.89
Turkey,17-02-2008,-0.4,-7.3,-3.4,10.6,11.8,39.2,15439.58
Turkey,18-02-2008,-5.2,-9.3,-7.5,12.1,13.3,32.4,21823.38
Turkey,19-02-2008,-8.6,-11.8,-10.2,3.2,16.4,28.4,28384.14
Turkey,20-02-2008,-2,-11.2,-6.5,2.1,18.6,34.9,31303.31
Turkey,21-02-2008,-3.4,-13.2,-8.2,0,9.6,18.4,35725.14
Turkey,22-02-2008,-0.3,-15,-8.9,0,8.7,15.1,35952.06
Turkey,23-02-2008,0,-14.3,-7.9,0,9.2,15.1,36161.77
Turkey,24-02-2008,0.2,-13.6,-7.1,1.1,14,25.6,28294.41
Turkey,25-02-2008,-3,-13.5,-8.4,0,14.6,27,36325.62
Turkey,26-02-2008,-3.3,-16.9,-10.1,0,6.4,14,33673.84
Turkey,27-02-2008,1.5,-16.6,-8.3,0,8.4,15.1,36786.18
Turkey,28-02-2008,4.3,-14.4,-5.3,0,9.2,17.6,32748.68
Turkey,29-02-2008,6.5,-7.9,-0.8,0,7.6,12.2,36842.7
Turkey,01-03-2008,6.2,-9.3,-2.1,0,10.3,19.8,37280.33
Turkey,02-03-2008,7.1,-9.2,-0.8,6.4,13.2,31.7,33839.05
Turkey,03-03-2008,4.8,-3.3,1,6.9,20.7,43.6,36378.78
Turkey,04-03-2008,7.8,-5.3,0.7,0,14.5,28.8,37711.55
Turkey,05-03-2008,9.8,-4.9,1.6,0,13.7,28.4,36738.95
Turkey,06-03-2008,13.5,-4.8,3.8,0,8.7,16.9,35327.75
Turkey,07-03-2008,15.2,-5.5,3.5,0,11.2,19.8,38125.59
Turkey,08-03-2008,19,-2.6,6.8,0,17.9,34.2,36826.74
Turkey,09-03-2008,17.3,3,8.7,0,12.1,23.4,9245.74
Turkey,10-03-2008,16.4,3.8,8.7,6.1,20.8,45.7,32341.84
Turkey,11-03-2008,11.6,-1,4.8,0.6,11,31,38361
Turkey,12-03-2008,12,-1,5.3,0.1,16.9,34.9,38373.08
Turkey,13-03-2008,12,-2.5,4.4,1.9,15.3,31.3,38538.09
Turkey,14-03-2008,3.1,-0.4,1.4,12.4,22.2,43.2,0
Turkey,15-03-2008,6.8,-4,1.3,0.7,18.7,40.7,39569.71
Turkey,16-03-2008,12.3,-1.1,5.2,0,21.2,40.3,39386.86
Turkey,17-03-2008,15.1,-2.6,5.7,0,20.4,40,39996.33
Turkey,18-03-2008,15.1,-3.5,6.3,0,23.6,45.4,31732.49
Turkey,19-03-2008,14.9,-1.5,6.8,0,20.5,42.8,40118.49
Turkey,20-03-2008,15.2,2.4,8.8,1.8,27.9,57.6,35519.95
Turkey,21-03-2008,16.8,5,9.8,6,35.3,76.3,17075.57
Turkey,22-03-2008,19.7,1.7,10.1,0,29,50.8,38558.76
Turkey,23-03-2008,24.2,3.3,12.9,0,27.9,54.7,37608.01
Turkey,24-03-2008,24.2,6.6,15.1,0,29.2,56.5,38411.42
Turkey,25-03-2008,17.5,4.8,11.2,3,40.3,83.2,41013.35
Turkey,26-03-2008,13,2.7,8,0.5,21.3,47.5,40782.29
Turkey,27-03-2008,12.1,3.4,7.3,0,11.6,19.1,40917.6
Turkey,28-03-2008,14.6,1.6,7.7,0.3,9.5,19.1,41056.29
Turkey,29-03-2008,14.3,2.2,7.7,2.4,14.8,40.3,28087.71
Turkey,30-03-2008,13.7,4.2,8.1,3.8,13.4,33.5,33882.21
Turkey,31-03-2008,10.8,2,5.6,10,9.8,31,37858.41
Turkey,01-04-2008,8.1,1.2,4.2,1.7,20,39.6,37080.28
Turkey,02-04-2008,10,-2.7,4.1,0.4,21.2,39.6,41404.94
Turkey,03-04-2008,12.8,-1.7,5.3,0.9,18.3,37.4,17747.73
Turkey,04-04-2008,10.8,2.4,5.8,7.2,17.4,41.4,32288.23
Turkey,05-04-2008,14.1,-0.6,6.9,0.2,15.9,34.6,42288.04
Turkey,06-04-2008,19.2,2,10.3,0,26.6,55.4,27780.98
Turkey,07-04-2008,11.7,3.6,8,9.7,22.1,45,35944.4
Turkey,08-04-2008,11.7,1.7,6.2,1.9,18.6,40.7,39292.84
Turkey,09-04-2008,14,0.3,7.5,0,9,23.4,42919.42
Turkey,10-04-2008,15.4,2.4,9.3,0,9.8,22.3,34338.09
Turkey,11-04-2008,15.5,4.2,10.2,0.6,16.6,35.6,37689.99
Turkey,12-04-2008,20.7,6.4,13.5,0.3,17,38.5,42884.58
Turkey,13-04-2008,25.4,6.1,16.6,0,16.2,32.8,44007.67
Turkey,14-04-2008,24.5,8,16.6,0,12.9,21.6,42745.09
Turkey,15-04-2008,24.2,7.5,15.9,2,23.1,50.8,42602.52
Turkey,16-04-2008,22.2,6.8,13.8,3.3,25.9,47.5,42658.12
Turkey,17-04-2008,15.7,2.7,9.2,0,15.5,33.8,44776.1
Turkey,18-04-2008,19.7,1.3,10.5,0,26.4,48.6,32815.38
Turkey,19-04-2008,15.4,6.7,11,0,16.6,32.8,44750.48
Turkey,20-04-2008,21.3,3,12.9,0,17.4,34.6,45189.54
Turkey,21-04-2008,24.1,7.9,16.5,0,18.2,37.1,45324.94
Turkey,22-04-2008,27.6,8,18.5,0,19,34.2,43606.83
Turkey,23-04-2008,28.5,9.4,19.6,0,36,70.9,38728.16
Turkey,24-04-2008,27.6,9.2,18.5,0.2,36,69.1,32590.34
Turkey,25-04-2008,22.3,7.2,13.8,0.2,14.1,28.8,45021.56
Turkey,26-04-2008,25.1,7.3,16.4,3.7,35.9,73.4,43212.47
Turkey,27-04-2008,22.2,9.7,15.3,0.5,24.4,48.2,39445.44
Turkey,28-04-2008,17.3,5,11.3,1.3,23.8,47.5,44943.24
Turkey,29-04-2008,13.3,5.4,9.2,2.2,11.4,26.6,45257.73
Turkey,30-04-2008,14.9,3.8,9.7,0.2,10.5,24.1,46255.08
Turkey,01-05-2008,16.3,4.6,10.9,0,10.4,25.6,46166.4
Turkey,02-05-2008,17.5,5.2,11.8,0.1,10.7,27.4,46391.68
Turkey,03-05-2008,14.2,6.4,9.8,6.4,10.6,29.9,38405.21
Turkey,04-05-2008,16.5,3.7,10.3,2.8,16.5,32.4,45761.12
Turkey,05-05-2008,15.5,5.3,10.1,0.4,13.3,31,46588.68
Turkey,06-05-2008,12.5,4.9,8.2,0.4,15.9,34.2,43729.34
Turkey,07-05-2008,14.5,1.7,8.4,0,9.1,22.7,44133.1
Turkey,08-05-2008,13.7,3.1,8.5,2,8.9,24.1,17119.52
Turkey,09-05-2008,12.4,3.9,8,1.7,14.4,32.4,43169.22
Turkey,10-05-2008,14.7,1.6,8,2.1,16.6,39.2,45475.5
Turkey,11-05-2008,13.4,2.1,8.3,0,13,31.3,46800
Turkey,12-05-2008,15.3,1.3,9.3,0.5,16.4,33.5,46280.95
Turkey,13-05-2008,16.7,3,9.9,0,12.6,28.4,46814.11
Turkey,14-05-2008,19.8,1.8,12.1,0.4,13.7,25.2,34702.13
Turkey,15-05-2008,15.2,5.7,10.6,8,12.2,31.3,44532.65
Turkey,16-05-2008,15.6,6.8,10.5,0.9,14.3,31,33799.16
Turkey,17-05-2008,19.1,5,12.2,0,15.8,33.5,46880.09
Turkey,18-05-2008,20.4,6.2,13.5,0,15.4,32,47063.91
Turkey,19-05-2008,23.2,5.4,15.5,0,13,31,46800
Turkey,20-05-2008,25.3,7,18,0,12.1,28.8,46865.55
Turkey,21-05-2008,26.2,9.1,19.3,0,13.8,24.8,46800
Turkey,22-05-2008,27.6,9.5,20,0,11.4,26.3,45548.09
Turkey,23-05-2008,27.1,10.7,20.1,0,11.2,26.6,47276.61
Turkey,24-05-2008,26.1,13.2,20,0.4,14.5,24.5,43621.46
Turkey,25-05-2008,20.1,10.9,15.1,4.7,18.2,38.2,41831.17
Turkey,26-05-2008,18.4,8.4,14.1,0,18.4,38.5,40957.68
Turkey,27-05-2008,18.7,8.8,13.8,0.8,15.6,35.3,47285.75
Turkey,28-05-2008,23.1,7.9,15.8,0,11.8,29.5,47760.13
Turkey,29-05-2008,23,9.5,15.9,3.6,26.3,54.7,47790.71
Turkey,30-05-2008,19.4,4.9,12.7,0,12,29.2,47918.42
Turkey,31-05-2008,24.5,5.7,16.4,0,9.5,21.2,48129.18
Turkey,01-06-2008,26.8,8.8,19.3,0,15.1,35.6,47384.06
Turkey,02-06-2008,22.8,11.9,17.3,4.7,22.8,45,46233.45
Turkey,03-06-2008,19.3,7.1,13.6,0,15.3,32.4,48189.02
Turkey,04-06-2008,24.2,5.7,15.7,0,8.4,21.6,48638.21
Turkey,05-06-2008,28.6,9.9,19.8,0.1,19.5,41.4,47772.91
Turkey,06-06-2008,26.7,11,19.9,0,14.1,31,43717.47
Turkey,07-06-2008,22.2,12.4,17.1,1.5,15.6,37.4,48088.53
Turkey,08-06-2008,23.9,12.1,18.1,0.3,17.9,35.6,48504.76
Turkey,09-06-2008,24,11.9,18.5,0,19,35.6,47780.12
Turkey,10-06-2008,16.3,11.2,13.5,6.8,19.2,43.6,18475.91
Turkey,11-06-2008,15,9.1,11.7,0.4,18.9,40,28338.3
Turkey,12-06-2008,18.6,8.5,13.1,0.3,12.3,28.1,23069.32
Turkey,13-06-2008,23.5,7.2,16.5,0,10.1,22.3,49054.68
Turkey,14-06-2008,26.4,9.1,19,0,15.5,31.3,48780.55
Turkey,15-06-2008,26.9,12.9,20.3,0.4,9.5,19.1,47072.26
Turkey,16-06-2008,23.7,12.1,18.4,0,15.6,33.8,48561.27
Turkey,17-06-2008,25.1,12,18.7,0,18.8,41,49143.61
Turkey,18-06-2008,24.3,10.3,18,0,20.4,43.9,49162.22
Turkey,19-06-2008,27.3,11.4,19.6,0,17,38.9,49266.55
Turkey,20-06-2008,28.6,14.3,21.4,0,22.2,36.7,47644.47
Turkey,21-06-2008,25.6,12.1,19.4,0,22.8,41.8,49055.45
Turkey,22-06-2008,22.2,12.1,17.2,0,25,48.2,41346.89
Turkey,23-06-2008,24.7,10.4,17.9,0,23.3,46.8,49229.43
Turkey,24-06-2008,26.4,9.7,18.6,0,20.5,42.1,49237.09
Turkey,25-06-2008,28.8,11.8,20.8,0,19.3,38.5,49242.8
Turkey,26-06-2008,29.9,12.2,21.6,0,17.4,36.4,49247
Turkey,27-06-2008,30.9,13.6,22.8,0,14.7,31,49249.68
Turkey,28-06-2008,30.8,16,24,0,17.9,36.4,49250.78
Turkey,29-06-2008,28.8,13.4,22,0,21.3,43.9,49173.88
Turkey,30-06-2008,25.2,14,19.2,0,22.8,46.4,49146.41
Turkey,01-07-2008,27.3,10,19.2,0,18.7,37.4,49171.31
Turkey,02-07-2008,26.9,11.1,19.8,0,16,35.3,49167.55
Turkey,03-07-2008,26,11.9,19.3,0,20.4,45,49162.04
Turkey,04-07-2008,26.6,10.7,19.3,0,12.5,29.9,49119.21
Turkey,05-07-2008,29.3,11.2,22,0,10.6,27.4,47726.49
Turkey,06-07-2008,29.4,13.2,21.6,0,26.4,57.6,49095.52
Turkey,07-07-2008,24.9,13.8,19.2,0,25.6,51.5,49081.07
Turkey,08-07-2008,27.2,9.3,18.9,0,16.6,36.4,49064.86
Turkey,09-07-2008,29.9,12.3,22.4,0,10.5,28.4,49046.85
Turkey,10-07-2008,30,14.6,23.5,0,13,31,48969.06
Turkey,11-07-2008,30.3,13.6,22.3,0,22.7,40.7,44243.75
Turkey,12-07-2008,29,13.8,20.9,0,25.3,48.6,47682.12
Turkey,13-07-2008,25.7,13.3,18.9,0,21.5,43.9,48380.31
Turkey,14-07-2008,27.5,11.9,20.1,0,16.9,34.6,48929.17
Turkey,15-07-2008,28.2,12.1,20.8,0,18.4,39.6,48899.94
Turkey,16-07-2008,32.1,13.8,24.6,0,9,25.2,48868.8
Turkey,17-07-2008,28.9,15.3,22.3,0,20.5,37.1,48835.79
Turkey,18-07-2008,27.9,13.6,21.3,0,11.8,30.2,48800.93
Turkey,19-07-2008,31.5,14.2,23.6,0,13.7,29.9,48764.3
Turkey,20-07-2008,30.7,14.7,23.2,0,24.4,47.2,48725.91
Turkey,21-07-2008,30.5,13.6,22,0,17.3,36,48685.82
Turkey,22-07-2008,32.4,14.7,24,0,11.5,29.2,48644.07
Turkey,23-07-2008,34.7,17.5,27.1,0,11.7,29.9,48577.74
Turkey,24-07-2008,36.8,16.8,28.5,0,12.2,27,47206.54
Turkey,25-07-2008,34,17.5,27.1,0,11.3,25.2,47280.42
Turkey,26-07-2008,32.6,17.7,25.9,0,17.9,33.5,47467.86
Turkey,27-07-2008,30.2,17.2,24.7,0,16.1,33.5,47761.62
Turkey,28-07-2008,29.4,14.6,23.1,0,14.3,31,47583.32
Turkey,29-07-2008,29.8,15.1,23,0,20,38.9,47408.57
Turkey,30-07-2008,27.7,15,21,0,24.8,50.8,47237.65
Turkey,31-07-2008,25.6,12.6,18.8,0,26.3,54,47070.95
Turkey,01-08-2008,25.4,11.6,18.5,0,24,50.4,47011.96
Turkey,02-08-2008,24.6,14.2,18.7,0,23,44.6,17317.1
Turkey,03-08-2008,28,11.8,19.8,0,18.4,35.6,46793.48
Turkey,04-08-2008,28.1,12.4,20.5,0,21.3,41.8,46547.01
Turkey,05-08-2008,27.5,13.3,20.6,0,20.7,42.5,46493.04
Turkey,06-08-2008,28.8,12.4,21.1,0,22.5,45,46437.45
Turkey,07-08-2008,28.6,13.4,20.8,0,23.2,46.4,46297.95
Turkey,08-08-2008,27.1,14.1,19.9,0,19,37.4,44798.13
Turkey,09-08-2008,28.9,11,20.4,0,10.5,26.6,46112.82
Turkey,10-08-2008,31.3,14.2,23.9,0,11.8,27.7,45990.27
Turkey,11-08-2008,32.4,15.1,24.8,0,10.9,32,45844.14
Turkey,12-08-2008,30.2,16,23.2,0.3,20.3,46.8,45793.07
Turkey,13-08-2008,29.6,15.1,21.8,0.2,26.4,49.3,45741.85
Turkey,14-08-2008,29,15,22.1,0,20.3,40.3,45690.51
Turkey,15-08-2008,28.4,13.4,21.9,0,15.8,30.6,45639.07
Turkey,16-08-2008,28.1,16,22.6,0,10.7,28.8,45587.55
Turkey,17-08-2008,32.1,15.1,25.3,0,9.8,24.1,45535.98
Turkey,18-08-2008,33.8,17.1,27,0,10.7,26.3,45484.4
Turkey,19-08-2008,34.1,18.9,26.3,0,22.5,43.9,45289.24
Turkey,20-08-2008,31.4,16.1,24.3,0,16.3,32.8,45381.24
Turkey,21-08-2008,31.1,15.5,24,0,13.8,31.7,45262.33
Turkey,22-08-2008,30.6,15.4,23.6,0,15.2,33.1,45129.89
Turkey,23-08-2008,31.1,14.8,23.6,0,10.9,24.5,44997.1
Turkey,24-08-2008,32.5,18.4,25.3,0.3,13.4,35.3,42386.84
Turkey,25-08-2008,32.6,17.2,25,0.3,19.4,44.3,44259.16
Turkey,26-08-2008,32.1,16.9,24.9,0.1,20.2,37.8,44286.42
Turkey,27-08-2008,31.7,17.2,23.7,1.6,18,40.7,42929.87
Turkey,28-08-2008,32.8,15.6,23.8,0,18.4,40.7,41006.12
Turkey,29-08-2008,33.5,17.8,26,0,10.3,27.4,43974.3
Turkey,30-08-2008,32.5,16.4,25.8,0,14.1,28.1,43633.28
Turkey,31-08-2008,28.3,17.7,22.7,0.2,22.1,38.5,42418.21
Turkey,01-09-2008,28.8,13.9,21,0,19.4,37.8,42973.31
Turkey,02-09-2008,30.1,13.4,21.2,0,19.5,39.6,41320.45
Turkey,03-09-2008,29.8,13.4,21.7,0,19.3,35.6,42773.79
Turkey,04-09-2008,29.9,13.8,22.1,0,12.1,27,42672.05
Turkey,05-09-2008,30.3,15.4,23,0,14.6,30.6,42466.96
Turkey,06-09-2008,28.9,14.5,21.9,0,14,32.8,42365.38
Turkey,07-09-2008,27.7,12.8,20.4,0,15.3,33.8,42165.97
Turkey,08-09-2008,26.5,12.5,19.5,0,12.6,29.9,41971.06
Turkey,09-09-2008,27.4,12.1,20.1,0,14.8,33.1,41732.19
Turkey,10-09-2008,24.7,11.7,18.8,0,16.1,33.8,41006.42
Turkey,11-09-2008,23.1,10.5,17.1,0,12.4,28.1,41016.34
Turkey,12-09-2008,26.9,9,18.9,0,10.7,25.9,40879.29
Turkey,13-09-2008,28.6,11.4,20.6,0,11.2,24.8,40560.52
Turkey,14-09-2008,28.3,13,21.6,0,15.6,31.7,39686.76
Turkey,15-09-2008,27.1,13.7,20.3,0,12.4,28.8,40057.2
Turkey,16-09-2008,29.9,11.4,21.9,0,11.2,23.4,39622.6
Turkey,17-09-2008,29.5,12.5,22,0,11.5,26.3,39670.62
Turkey,18-09-2008,23.9,13.2,19.1,0,20.5,40,39600
Turkey,19-09-2008,22.7,13.4,17.5,0.2,11.3,24.1,36039.63
Turkey,20-09-2008,24.6,10.9,17.9,0.9,16.1,31.3,31223.64
Turkey,21-09-2008,24.2,11.7,17.6,0.6,21.7,39.6,29504.67
Turkey,22-09-2008,19.8,11.6,15.4,5,16.3,37.4,39600
Turkey,23-09-2008,18.5,9.3,13.9,8.8,14.2,33.8,39600
Turkey,24-09-2008,19.3,6.7,13.6,0,11.4,24.1,38934.69
Turkey,25-09-2008,21.4,7.5,14.9,0.1,8.8,20.5,38166.31
Turkey,26-09-2008,16,10.4,13.4,4.6,8.1,24.8,20492.42
Turkey,27-09-2008,16.8,10,12.7,10.6,13.5,32.8,21957.94
Turkey,28-09-2008,15.5,8.7,11.6,0.4,8.3,18.7,29278.31
Turkey,29-09-2008,19.3,5.1,12.2,4,18.2,43.2,39520.62
Turkey,30-09-2008,11.5,7.3,9.2,16.1,17.3,34.9,15607.29
Turkey,01-10-2008,16,3.9,10,0,7.9,20.5,39274.93
Turkey,02-10-2008,16.9,4.6,11.2,0,5.5,17.3,39123.36
Turkey,03-10-2008,20.8,3.7,12.5,0,12.5,23.8,38972.16
Turkey,04-10-2008,21.3,8.1,14.8,0,15.2,32.4,38820.25
Turkey,05-10-2008,22.5,8.7,14.9,0,16.8,32.8,38609.2
Turkey,06-10-2008,22,9,15.2,0,16.6,36.4,38514.36
Turkey,07-10-2008,18.5,8.7,13.7,0.5,12.7,27,38360.58
Turkey,08-10-2008,17.8,5.8,12.5,0,9.6,25.2,38206.39
Turkey,09-10-2008,17.2,6.4,11.8,0,13.4,25.2,38051.91
Turkey,10-10-2008,15.8,4.4,9.8,0,19.1,36.7,37864.46
Turkey,11-10-2008,15.6,6.5,10.1,0.5,19.6,38.2,30286.61
Turkey,12-10-2008,16.7,6.4,10.3,0,19.9,40.7,37587.67
Turkey,13-10-2008,21.5,4.9,12.3,0,11,23.8,37433.05
Turkey,14-10-2008,24.6,6.5,15.3,0,14.7,29.9,35736.61
Turkey,15-10-2008,20,10.2,13.3,8.2,21.9,51.8,21649.48
Turkey,16-10-2008,14.1,8.8,10.7,5.9,14.9,31.7,20931.64
Turkey,17-10-2008,15.1,7,10.9,0,4.3,14,20750.03
Turkey,18-10-2008,17.6,3.6,10.8,0,10,16.6,35375.95
Turkey,19-10-2008,18.3,4.6,11.1,0,11.9,19.8,36383.57
Turkey,20-10-2008,18.7,5.7,11.5,0,10.5,23.8,36171.35
Turkey,21-10-2008,16.2,4.4,9.5,0,13.6,26.6,35852.66
Turkey,22-10-2008,15,3.8,8.4,0,10.1,23.4,35654.08
Turkey,23-10-2008,13.6,3.1,7.7,0,9.8,19.1,31668.89
Turkey,24-10-2008,13,3.1,7.5,0,10.9,22,34239.97
Turkey,25-10-2008,13.6,4.9,8.4,0,10.6,20.2,32671.86
Turkey,26-10-2008,14.6,1.7,7.8,0,9.5,18.7,29671.75
Turkey,27-10-2008,15.1,3.6,8.9,0.5,12.7,27.7,31442.79
Turkey,28-10-2008,13.1,3.9,8.2,1.2,5.4,20.5,32322.24
Turkey,29-10-2008,14,3.6,8.5,0,10.5,22,19881.46
Turkey,30-10-2008,14,3.4,8.7,0,8.2,20.2,30476.75
Turkey,31-10-2008,16.4,1.5,9.3,0,8.1,20.2,33955.71
Turkey,01-11-2008,15.8,5.9,10.4,0,17.3,32,30051.09
Turkey,02-11-2008,14.4,0.8,7.4,0,7.1,18.7,33376.97
Turkey,03-11-2008,15.8,-0.3,7.9,0,7.3,16.6,33645.34
Turkey,04-11-2008,15.1,2.1,8,0,11.7,23.8,33406.04
Turkey,05-11-2008,14.9,-0.3,7.5,0,12,24.5,32976.54
Turkey,06-11-2008,15,0.4,7.8,0,7,20.2,33160.26
Turkey,07-11-2008,14,2.6,7.3,0,10.8,21.2,33045.86
Turkey,08-11-2008,13.6,0.1,6.6,0,9,16.2,32400
Turkey,09-11-2008,13.2,1.9,6.4,0,14.4,28.4,32751.18
Turkey,10-11-2008,12.2,0.3,5.3,0,10.4,17.6,32741.3
Turkey,11-11-2008,13.6,0.9,6.6,0,8,18.4,32416.53
Turkey,12-11-2008,14.3,-1.1,6.3,0,10,16.6,32509.06
Turkey,13-11-2008,10.1,0.8,5,1,9.1,21.2,14628.55
Turkey,14-11-2008,10.1,0.5,5.1,0,9.9,20.2,26327.5
Turkey,15-11-2008,9.8,0.9,4.8,0,9.3,17.6,24762.04
Turkey,16-11-2008,9.7,-3.3,3.5,0,9.2,16.2,32009.51
Turkey,17-11-2008,10,-3.9,2.7,0,7.6,18.4,32127.56
Turkey,18-11-2008,13.1,-2.4,4.8,0.2,15.1,32,23229.44
Turkey,19-11-2008,12.6,3.4,7.3,1.8,11.3,27.4,9982.78
Turkey,20-11-2008,10.5,1.2,5.2,4.9,10.6,29.2,29564.01
Turkey,21-11-2008,12.1,-0.4,5.3,0.6,18.3,35.6,31915.16
Turkey,22-11-2008,13.4,2.6,7.4,0.9,28,56.2,31877.52
Turkey,23-11-2008,14.9,7.1,10,1.2,28.5,70.9,26576.54
Turkey,24-11-2008,13.6,7.6,9.5,9.5,21.7,57.2,15628.6
Turkey,25-11-2008,13,3.2,7.8,2.4,10.7,27.7,28525.59
Turkey,26-11-2008,14,1.2,6.2,0,8.9,20.2,27912.07
Turkey,27-11-2008,12.7,-0.2,5.6,4,13.3,26.6,31446.04
Turkey,28-11-2008,4.6,-1.4,1.5,4.4,20.9,38.5,1586.33
Turkey,29-11-2008,5.3,-2.5,0.4,0,9.9,21.6,26225.73
Turkey,30-11-2008,10.3,-1.6,3.9,1.6,9.4,23,21182.56
Turkey,01-12-2008,9.1,-2.3,2.3,0,8,16.2,31107.68
Turkey,02-12-2008,10.2,-4.8,1.6,0,7.4,17.6,31033.08
Turkey,03-12-2008,11.3,-4.6,1.8,0,7.2,15.1,30961.87
Turkey,04-12-2008,12.8,-4.5,1.9,0,9.9,19.8,30893.7
Turkey,05-12-2008,12.9,-2.8,2.8,0,9.3,18.7,27864.18
Turkey,06-12-2008,14.4,-1,4.5,0,9.7,16.6,29668.82
Turkey,07-12-2008,9.8,-0.9,2.9,0,9.2,18.4,2067.94
Turkey,08-12-2008,11.6,-2.5,3.4,1.3,10.8,28.1,30653.47
Turkey,09-12-2008,3,-1.4,1.4,16.9,15.1,34.2,3750.81
Turkey,10-12-2008,0.6,-5.8,-2.5,4.3,10.1,21.6,30554.05
Turkey,11-12-2008,1.7,-7.8,-3.7,0,7.8,16.9,30509.83
Turkey,12-12-2008,4,-7.2,-2.4,0,8.7,17.6,30469.38
Turkey,13-12-2008,7.1,-7,-0.7,0,6.9,15.5,30432.78
Turkey,14-12-2008,5.1,-5.5,-0.5,0.3,5.6,17.3,28566.3
Turkey,15-12-2008,4.2,-3.3,-0.1,0,8,16.6,26815.27
Turkey,16-12-2008,2.6,-6.3,-2.9,0,6,15.5,25737
Turkey,17-12-2008,5.1,-8.1,-2.5,0,4.8,14,30326.61
Turkey,18-12-2008,8.4,-6.1,-0.3,0,7.3,15.8,24944.6
Turkey,19-12-2008,10.8,-3.8,2,0.6,7.2,15.5,30298.72
Turkey,20-12-2008,9.4,-5,0.1,0,11.2,20.2,30291.33
Turkey,21-12-2008,7.5,-3.4,0.6,0.5,14.8,30.6,28057.3
Turkey,22-12-2008,6.2,-3.1,0.5,0.2,8.4,19.1,19568.33
Turkey,23-12-2008,7.3,-3,1.3,0,11.6,26.6,25788.91
Turkey,24-12-2008,0.7,-3.2,-0.7,11.4,17.7,32,0
Turkey,25-12-2008,-3.2,-11.7,-5.6,3.7,17.2,31.3,24213.53
Turkey,26-12-2008,-6.9,-17.8,-12.9,0,8,13.7,24862.32
Turkey,27-12-2008,-5.8,-18,-13.5,0,7.6,13.3,30070.05
Turkey,28-12-2008,-3.5,-18.4,-9.6,2.3,6.2,13.3,1178.65
Turkey,29-12-2008,-3.6,-10.1,-5.8,8.4,13.3,23.8,6571.72
Turkey,30-12-2008,-9.4,-18.9,-13.4,0,9.5,15.5,23731.35
Turkey,31-12-2008,-12.1,-21.6,-16.2,0,6.7,11.9,26425.68
Turkey,01-01-2009,-12.3,-23,-17.8,0,7.9,12.2,24155.05
Turkey,02-01-2009,-9.5,-23.7,-17.5,0,8.7,16.6,30469.37
Turkey,03-01-2009,0.9,-15.1,-5.4,2.7,9.9,25.2,18158.33
Turkey,04-01-2009,1.9,-4,-0.6,3.4,9.8,18.4,23539.36
Turkey,05-01-2009,3.8,-7.2,-1.7,2.1,13,28.4,11765.6
Turkey,06-01-2009,5.8,-2.5,0.8,1,14.8,42.1,26057.24
Turkey,07-01-2009,1.5,-1.6,-0.2,8.9,12.4,25.9,0
Turkey,08-01-2009,3.8,-4.2,-0.7,0,6.8,18,21002.36
Turkey,09-01-2009,1,-5.2,-2.3,0,16,27.7,28885.48
Turkey,10-01-2009,0.8,-7.3,-3.3,0,7.4,19.1,30793.38
Turkey,11-01-2009,-1.4,-8.8,-4.5,0,17.7,36.4,30764.42
Turkey,12-01-2009,-1.1,-10.2,-5,0,11.2,25.6,30511.6
Turkey,13-01-2009,1.5,-6.2,-3.3,0,10.4,18,31012.35
Turkey,14-01-2009,6.5,-8.9,-2.5,0,8.9,18,30831.33
Turkey,15-01-2009,11.8,-4.5,1.2,0.4,9.6,22.3,30857
Turkey,16-01-2009,8.9,-4.7,0.9,0.6,10.7,21.2,18528.53
Turkey,17-01-2009,4.8,-2.4,1.6,15.1,16.5,35.3,21293.67
Turkey,18-01-2009,2.8,-3.3,-0.9,0.1,11.3,24.8,31060.85
Turkey,19-01-2009,7,-5.9,-0.3,0,11.6,25.9,30981.23
Turkey,20-01-2009,6.4,-4.1,0.3,0,11.4,26.6,31823.87
Turkey,21-01-2009,7.5,-5.2,-0.3,0,8.2,17.3,30628
Turkey,22-01-2009,10.9,-5.7,0.4,0,10.9,20.9,32275.47
Turkey,23-01-2009,10.3,-4,2,0,15.3,33.1,19911.88
Turkey,24-01-2009,8.7,-2.6,2.5,0.3,24.1,45.4,31570.4
Turkey,25-01-2009,7,-2.1,2,2.8,18.4,38.2,11297.21
Turkey,26-01-2009,7.6,-0.4,3.1,7.8,17.2,57.2,30590.99
Turkey,27-01-2009,9,-1.3,2.9,2.9,18.5,36,32317.93
Turkey,28-01-2009,10.5,-1.8,2.9,0,16.1,30.6,25269.81
Turkey,29-01-2009,7.4,-1.9,1.8,4.4,17.7,59.4,18724.65
Turkey,30-01-2009,7.3,-3.4,1.2,2.6,7.9,31,31311.71
Turkey,31-01-2009,2.2,-2.1,-0.1,6.5,7.6,15.5,0
Turkey,01-02-2009,5.7,-2.6,1.2,0,7.9,19.1,24377.64
Turkey,02-02-2009,6.6,-5,0.4,0,10.1,23.4,28556.32
Turkey,03-02-2009,8.1,-4.4,1.4,0,14.6,30.6,28797.11
Turkey,04-02-2009,11.3,-3.1,2.6,0,12.6,23.8,33914.04
Turkey,05-02-2009,10.4,-2.7,2.7,0,9,22.3,24873.19
Turkey,06-02-2009,9.9,-2.6,3,0.5,9.8,29.5,34194.28
Turkey,07-02-2009,8.6,-2,2.9,1,14.4,39.2,28236.14
Turkey,08-02-2009,9,0.4,4.4,1.9,19.4,35.3,6470.12
Turkey,09-02-2009,11.6,2.6,6.4,1.9,27.8,55.8,21752.4
Turkey,10-02-2009,6,-0.1,2.9,14.2,13.4,51.8,31041.71
Turkey,11-02-2009,7.3,-2,2.2,1.5,12.5,27.7,34920.07
Turkey,12-02-2009,11.5,-1.4,4.2,0.6,29.8,59.4,35068.23
Turkey,13-02-2009,12,2.7,6.6,0,26.6,49.7,34708.39
Turkey,14-02-2009,11.9,-0.6,5.5,0,29.6,56.5,35281.32
Turkey,15-02-2009,6.8,-0.5,3.7,5.4,21.1,64.1,28178.97
Turkey,16-02-2009,1.3,-2.7,-0.3,7.8,16.9,31.3,396.09
Turkey,17-02-2009,-2.2,-14.5,-5.1,2.4,12.3,23.8,35209.13
Turkey,18-02-2009,-2.1,-18.9,-11.5,0,12.6,20.5,35567.23
Turkey,19-02-2009,2.5,-15.4,-6.1,0.2,12.7,26.3,19007.47
Turkey,20-02-2009,2.6,-5.6,-1.7,6.6,8.5,24.8,12588.14
Turkey,21-02-2009,2.4,-7.1,-2.1,0.3,9.8,21.2,35775.72
Turkey,22-02-2009,2.4,-5.6,-2.1,0,10.8,19.1,28207.94
Turkey,23-02-2009,5.3,-7.9,-1.8,0.1,13.7,30.6,34534.88
Turkey,24-02-2009,6.1,-3.5,0.1,6.5,15.5,44.3,24394.74
Turkey,25-02-2009,5.9,-4.3,0.2,0.2,8,19.1,31093.43
Turkey,26-02-2009,8.7,-5.3,1.3,0.3,20.9,41.8,36516.25
Turkey,27-02-2009,5.7,-0.9,1.3,6.1,9.4,26.6,21638.08
Turkey,28-02-2009,4.6,-1.1,1.3,1.5,15.2,29.5,34126.22
Turkey,01-03-2009,2.6,-4.5,-1.1,0.5,17.1,36,36000
Turkey,02-03-2009,6.1,-5.7,-0.2,1.5,25.2,47.9,37416.06
Turkey,03-03-2009,5.5,-1.1,1.7,10.3,15.1,32,26803.63
Turkey,04-03-2009,6.7,-1.8,2.2,5.9,12.2,37.4,28789.72
Turkey,05-03-2009,11.8,-3.6,3.8,0,16.6,31.3,31785.54
Turkey,06-03-2009,13.5,3.4,7.8,0,26,49,31129.34
Turkey,07-03-2009,17.3,2.4,9.7,0,30,60.5,33718.38
Turkey,08-03-2009,15,4.2,8.8,6.7,29.9,73.4,35719.96
Turkey,09-03-2009,9.7,1.1,5,0.3,15.9,37.4,38233.2
Turkey,10-03-2009,11.8,0.5,5.3,2.3,26.6,51.1,36806.71
Turkey,11-03-2009,7.8,1.4,4.1,5,17.4,37.4,32400
Turkey,12-03-2009,13.1,-0.2,6,0,17.7,34.6,38676.65
Turkey,13-03-2009,14,-2.1,6.1,0.4,26.1,48.2,38451.53
Turkey,14-03-2009,4.2,-4.3,0.2,12.7,17.4,37.1,14894.35
Turkey,15-03-2009,0.3,-6.1,-2.9,4.2,14.7,29.5,15522.86
Turkey,16-03-2009,1.9,-6.4,-2,0,11.4,27.7,38963.81
Turkey,17-03-2009,2.8,-5,-0.8,0.1,6.2,22,33556.93
Turkey,18-03-2009,6.3,-4.6,0.8,0.9,17.4,38.9,39666.52
Turkey,19-03-2009,9.4,-3.7,1.6,8.2,32.4,81.4,34659.29
Turkey,20-03-2009,4.5,-3.7,0.1,0.4,12.2,24.1,40607.16
Turkey,21-03-2009,8.4,-7.4,0.8,0,8,22.3,40316.43
Turkey,22-03-2009,12.2,-5,3.7,0,26.1,52.9,40197.66
Turkey,23-03-2009,9,-2.1,3,13.7,18.5,47.2,28297.73
Turkey,24-03-2009,3.8,-3.3,0.4,9,16.4,32.8,29839.52
Turkey,25-03-2009,10.8,-8.5,1.1,0,25.1,48.2,39615.43
Turkey,26-03-2009,11.1,-0.6,4.7,0.4,25,56.5,35333.71
Turkey,27-03-2009,8.2,-0.5,2.6,13.4,19.7,40,19415.02
Turkey,28-03-2009,-0.4,-3.4,-2.1,10.4,21.5,40.3,3892.54
Turkey,29-03-2009,6.1,-5.8,-0.3,0,11.6,32,40431.47
Turkey,30-03-2009,12,-4.8,4.2,0,10.8,26.3,41688.7
Turkey,31-03-2009,14.4,-3.5,6.9,0,12.3,28.1,41745.77
Turkey,01-04-2009,16.6,-1.8,8.3,0,11.1,23,40819.37
Turkey,02-04-2009,17.9,1.6,10.3,0.3,14.1,32.8,39627.63
Turkey,03-04-2009,10.7,4.3,7.4,1.8,18.9,37.8,4983.79
Turkey,04-04-2009,13.6,-0.6,6.4,0,11.5,25.2,41982.27
Turkey,05-04-2009,15.9,-0.7,8.2,0,12.4,18,42273.25
Turkey,06-04-2009,17.6,1,9.4,5.5,17.7,41,39276.16
Turkey,07-04-2009,12.8,3.8,7.8,14.1,11.3,36,39553.39
Turkey,08-04-2009,11,4.5,7.2,3.2,16.2,34.2,38276.86
Turkey,09-04-2009,11.2,3.1,6.6,0,18.8,38.9,40730.01
Turkey,10-04-2009,11.8,-1.1,5.8,0,10,24.8,43290.06
Turkey,11-04-2009,12.5,-0.2,6.7,0.2,10.9,24.8,43368.12
Turkey,12-04-2009,13.6,0.5,6.9,0,14.1,29.9,43557.71
Turkey,13-04-2009,15.3,-0.8,8.1,0,9.6,18.7,43988.61
Turkey,14-04-2009,18.8,1.7,10.4,1.1,21.7,51.5,41055.72
Turkey,15-04-2009,12.5,4.1,8.1,7.9,19.3,44.6,36438.87
Turkey,16-04-2009,9.4,3.1,5.5,2.4,16.3,35.3,33540.18
Turkey,17-04-2009,8.4,-0.1,4.1,4.3,15.1,31.7,37312.12
Turkey,18-04-2009,11.3,-0.2,5.5,0.6,14.2,32,42648.22
Turkey,19-04-2009,15.1,-1.7,7.8,0,10.2,24.8,45019.55
Turkey,20-04-2009,16.9,2.3,10.2,0,9.8,25.2,43428.98
Turkey,21-04-2009,17.4,4.8,11.7,0,13.4,25.6,45287.27
Turkey,22-04-2009,17.1,6.3,11.4,1.5,10.5,23.4,28349.15
Turkey,23-04-2009,15.4,3.1,9.1,2,15.3,40.3,45551.43
Turkey,24-04-2009,11.2,4.3,7.3,3.5,13.3,30.6,38525.04
Turkey,25-04-2009,13.2,2.1,7.5,0,10.5,26.3,45813.45
Turkey,26-04-2009,14.6,2.4,8.5,0,11.6,22.7,45943.41
Turkey,27-04-2009,16.7,2.9,9.1,3.5,16.3,32,45013.04
Turkey,28-04-2009,12.1,3.8,7.5,4.8,18.1,40.3,42895.33
Turkey,29-04-2009,16.8,0,9.3,0.1,13.5,27.7,40593.82
Turkey,30-04-2009,13.7,4.3,9.5,1.9,19.1,44.3,46239.58
Turkey,01-05-2009,16.5,2.3,10.2,0,13.3,30.2,46309.69
Turkey,02-05-2009,16.7,5.4,10.9,1.9,22.9,42.8,41084.97
Turkey,03-05-2009,16.5,4.3,10.5,0,10.9,23,46446.37
Turkey,04-05-2009,15.5,3.9,10,5.9,17.3,42.1,27060.59
Turkey,05-05-2009,13.4,5.7,9.3,32.1,10.8,32.4,24751.39
Turkey,06-05-2009,13,6.3,8.8,17.4,10.5,26.3,13710
Turkey,07-05-2009,14.2,5.8,9.7,0.9,14.5,29.5,43161.97
Turkey,08-05-2009,15,3,9.5,1.9,16.6,37.4,46763.89
Turkey,09-05-2009,14.1,4.9,9.4,0.7,12.1,29.9,46800
Turkey,10-05-2009,14.3,2.5,8.8,0.6,18.2,34.9,46800
Turkey,11-05-2009,14.3,3.2,9,0.5,13.7,30.6,46800
Turkey,12-05-2009,16.2,2,10.3,0,8.6,21.2,46800
Turkey,13-05-2009,19,3.4,12.7,0,6.6,19.8,46815.98
Turkey,14-05-2009,20,5.2,14,0,11.6,27.7,46800
Turkey,15-05-2009,20.9,7.6,15.1,0,12.6,27,46804.12
Turkey,16-05-2009,23.5,7.1,15.9,0,12.6,28.4,46972.63
Turkey,17-05-2009,24.7,7.5,17,0,12.7,21.6,46971.66
Turkey,18-05-2009,25.6,10.2,18.6,0,11.2,26.3,46800
Turkey,19-05-2009,27.3,11.1,19.1,0.6,11.1,26.6,44641.43
Turkey,20-05-2009,26.6,12.2,18.6,3.1,25.9,50,31074.75
Turkey,21-05-2009,23.1,9.4,16.5,3,19.9,40.7,46962.67
Turkey,22-05-2009,20,7.8,13.9,1.9,9.7,23.8,43917.79
Turkey,23-05-2009,19.7,8.4,14.5,1.1,11.8,29.2,44999.71
Turkey,24-05-2009,19.7,10.5,14.7,0.6,21.6,40,46800
Turkey,25-05-2009,17.1,8,12.4,0,15,33.5,47058.8
Turkey,26-05-2009,15,4.9,10.4,1.6,17.7,37.1,46800
Turkey,27-05-2009,14.4,5.1,9.3,0.5,17.7,38.9,46938.07
Turkey,28-05-2009,14.9,3.8,9.7,0.3,17.4,36.4,47404.48
Turkey,29-05-2009,18.3,5.1,11.9,0,10.5,24.8,47908.49
Turkey,30-05-2009,22.9,4.8,15.1,0,13,27.4,47993.93
Turkey,31-05-2009,23.2,10.1,16.9,0,23.5,42.8,47552.18
Turkey,01-06-2009,22.4,9.2,15.8,0,18.4,37.8,48053.44
Turkey,02-06-2009,25.2,8.8,18,0,9.9,27,45988.75
Turkey,03-06-2009,28.9,10.4,20.4,0.2,21.4,41.4,44150.52
Turkey,04-06-2009,27.6,11.1,20,0,22.9,48.6,47899.43
Turkey,05-06-2009,19.9,11.2,15.7,1.1,16.2,37.1,47416.11
Turkey,06-06-2009,18.2,8.9,13.9,0.1,21,42.1,37071.43
Turkey,07-06-2009,23,7.7,15.6,0,20.1,41,48581.79
Turkey,08-06-2009,25.2,9.7,17.4,0,15.5,32.8,47913.99
Turkey,09-06-2009,26.1,12.3,19.5,0,14.4,32,43291.29
Turkey,10-06-2009,26.9,13.1,20,0.2,18.9,35.3,47919.55
Turkey,11-06-2009,27.3,13.2,19.9,0.1,19.9,28.4,46395.13
Turkey,12-06-2009,27.9,11.7,20.3,0.9,13.3,24.8,44977.69
Turkey,13-06-2009,25.5,14.3,19.5,5.4,15.5,39.2,41284.16
Turkey,14-06-2009,21.6,12.7,16.6,0.2,18.8,38.2,42797.7
Turkey,15-06-2009,20.4,9.6,14.8,0,25.1,45.7,44617.66
Turkey,16-06-2009,18.1,8.9,13.5,0.1,26.7,51.8,13613.07
Turkey,17-06-2009,24.3,7.7,16.1,0,19.5,42.5,49052.28
Turkey,18-06-2009,22.4,8.8,16.2,0,25.4,50.4,49158.31
Turkey,19-06-2009,24,9.6,16.8,0,20,40.7,49042.7
Turkey,20-06-2009,26.5,8.7,17.9,0,13.2,26.6,49187.82
Turkey,21-06-2009,28.6,13.1,22.2,0,10.2,27,49286.84
Turkey,22-06-2009,29.3,13,22.4,0,12.6,28.8,48439.62
Turkey,23-06-2009,29.5,15.6,23.7,0.6,10.5,25.9,47644.98
Turkey,24-06-2009,30.2,15.7,23.9,0,8.9,23.8,49230.6
Turkey,25-06-2009,30.7,14.8,23.6,0.6,21.4,38.2,42521.46
Turkey,26-06-2009,27.3,13.9,21.9,2.7,19.9,48.6,46819.19
Turkey,27-06-2009,27.9,12.4,20.3,0.4,18.4,41.4,41965.36
Turkey,28-06-2009,26.2,14.3,20.7,0,9.6,25.6,49023.56
Turkey,29-06-2009,27.2,15.6,21.6,0,9,24.1,49149.96
Turkey,30-06-2009,28.2,15.7,22.6,0,15.5,35.6,49175.25
Turkey,01-07-2009,27.9,15.3,21.7,0,15.9,32.4,49145.15
Turkey,02-07-2009,28.6,15,22.2,0,17.7,38.5,49171.48
Turkey,03-07-2009,29,14.9,22.6,0,15.9,36,48899.73
Turkey,04-07-2009,27.8,15.1,21.9,0.4,15.9,36,48276.39
Turkey,05-07-2009,25.7,15.5,20.6,1,16.6,30.6,47802.07
Turkey,06-07-2009,25.1,14.9,20.2,0,12.8,27,48271.25
Turkey,07-07-2009,28.6,14.8,22,0,16.6,37.1,49087.74
Turkey,08-07-2009,29.8,16.3,23.6,0,13.4,32,48264.77
Turkey,09-07-2009,30.5,17.7,24.6,0,13,32,49053.26
Turkey,10-07-2009,29.8,16.6,23.6,0.1,18.1,38.2,48828.62
Turkey,11-07-2009,32.8,15.8,25.2,0,14,34.6,47825.9
Turkey,12-07-2009,31.9,17.7,25.9,0,9.1,18.7,44313.05
Turkey,13-07-2009,26.2,16.9,22,3.3,20.4,38.2,48101.49
Turkey,14-07-2009,19.7,14.6,16.8,8.5,22.9,42.8,27555.55
Turkey,15-07-2009,19.4,13.3,15.9,1.5,15.1,38.2,43443.14
Turkey,16-07-2009,21.8,14.2,17.8,0.1,10.2,27,44448.85
Turkey,17-07-2009,23.9,14.4,18.9,0.5,12.6,28.1,41124.91
Turkey,18-07-2009,24.6,14.3,19.9,0,12.3,28.4,43903.5
Turkey,19-07-2009,25.7,15.3,20.9,0,13,28.8,46539.71
Turkey,20-07-2009,26.8,15.4,21.5,0.4,18.7,40,48318.58
Turkey,21-07-2009,26.1,15,20.5,0,22.7,43.6,48177.45
Turkey,22-07-2009,25.2,12.9,18.6,0,27.8,56.2,45953.83
Turkey,23-07-2009,24.8,13.2,18.3,0,25.2,52.2,40545.28
Turkey,24-07-2009,22.6,12.8,18.1,0,20.4,41,11131.08
Turkey,25-07-2009,26.6,11.4,19.7,0,23.5,45.7,48017.25
Turkey,26-07-2009,28.7,14,21.3,0,19.5,40.7,47954.94
Turkey,27-07-2009,29.4,13.7,21.7,0,22,40.7,46953.76
Turkey,28-07-2009,25.2,13.4,19,0,20.3,39.6,47711.49
Turkey,29-07-2009,25.8,9.6,18.2,0,18,37.1,47647.61
Turkey,30-07-2009,26.5,10.3,18.8,0,19.5,38.5,47362.82
Turkey,31-07-2009,25.1,10.4,18.5,0,15.9,36,47301.14
Turkey,01-08-2009,24.8,12.6,19.2,0,15.7,33.5,42565.5
Turkey,02-08-2009,26.2,12.2,19.7,0,15.3,34.6,46767.46
Turkey,03-08-2009,26.5,12.1,19.8,0,21.1,41.4,46810.32
Turkey,04-08-2009,29.2,13,21.2,0,12.3,31,46750.37
Turkey,05-08-2009,31.2,15,23.4,0,11.2,27.7,46688.59
Turkey,06-08-2009,32.5,13.5,24.2,0,13.8,29.2,46537.86
Turkey,07-08-2009,30,16.3,23,0,13.7,35.3,46310.12
Turkey,08-08-2009,27.3,14.2,21,0,18.1,36.7,46018.62
Turkey,09-08-2009,24.7,13.6,19,0,18.5,40.3,46049.29
Turkey,10-08-2009,21.8,11.1,16.5,0,20.3,41.8,45999.93
Turkey,11-08-2009,21.9,7.7,15.4,0,16.9,36.4,45949.17
Turkey,12-08-2009,24.1,8.8,17,0,12,28.4,45837.57
Turkey,13-08-2009,26.2,9.4,18.5,0,14.6,31.3,45750.91
Turkey,14-08-2009,27.4,12.3,19.9,0,14.2,34.6,45699.52
Turkey,15-08-2009,30.1,12.5,21.6,0,14.4,31.3,45648.13
Turkey,16-08-2009,28,12.5,20.4,0,22.9,45,45596.8
Turkey,17-08-2009,28.9,12.6,20.5,0,13.8,29.5,45450.05
Turkey,18-08-2009,28.5,13.2,21.3,0,14.3,31,45494.4
Turkey,19-08-2009,27.9,13.1,21,0,19.9,38.9,45443.39
Turkey,20-08-2009,26.2,14.2,19.8,0,24,46.1,41543.32
Turkey,21-08-2009,25.5,12.5,18.7,0,19.7,42.1,45203.39
Turkey,22-08-2009,25.5,9.2,17.6,0,16.9,33.8,45168.02
Turkey,23-08-2009,24.5,9,17.1,0,18.4,36.7,45033.73
Turkey,24-08-2009,26.7,8.5,17.9,0,11,25.9,44898.16
Turkey,25-08-2009,26.7,12.8,19.8,0,14.8,33.5,44761.42
Turkey,26-08-2009,25.4,11.4,18.6,0,18.9,37.4,44434.67
Turkey,27-08-2009,24.7,10.3,17.6,0,20.1,40.7,44206.02
Turkey,28-08-2009,27.5,8.7,18.3,0,13.7,28.4,44222.7
Turkey,29-08-2009,28.8,12.3,20.6,0,12.7,28.8,43994.97
Turkey,30-08-2009,28.8,14.4,22,0,14.1,29.5,43770.07
Turkey,31-08-2009,27.7,13.8,20.8,0,15.1,34.9,43662.94
Turkey,01-09-2009,26.2,12.1,19.6,0,14.8,34.2,43329.52
Turkey,02-09-2009,25.4,12.4,19.3,0,10.7,27.4,42784.09
Turkey,03-09-2009,26.7,12.2,20.3,0,9.2,25.9,42902.72
Turkey,04-09-2009,28,13.9,21.3,0,10.5,26.3,42800.14
Turkey,05-09-2009,28.6,11.9,21.3,0,12.1,27,42593.99
Turkey,06-09-2009,27,13.6,20.3,0,14.5,32.4,42292.12
Turkey,07-09-2009,25.4,11.1,18.4,0,11.6,27.7,42000.18
Turkey,08-09-2009,28.2,11.5,19.7,1.3,16.3,30.6,32740.42
Turkey,09-09-2009,23.8,12.2,18,2.2,11.5,32.4,40563.12
Turkey,10-09-2009,22.4,11.4,16.9,0,10,23,40560.88
Turkey,11-09-2009,23.9,11.8,17.9,0,10.1,22.7,40118.71
Turkey,12-09-2009,24,11.3,17.3,1.4,16,40.3,31971.43
Turkey,13-09-2009,23.1,13.1,17.6,1.6,19.1,38.5,39830.09
Turkey,14-09-2009,23.5,12.9,17.8,0,13.2,30.6,40149.7
Turkey,15-09-2009,23.9,12.3,17.8,0.1,14.3,30.2,35358.26
Turkey,16-09-2009,20.8,13.3,16.7,0,17.3,35.6,36151.46
Turkey,17-09-2009,20.6,8,14.3,0,15.2,32.8,39846.43
Turkey,18-09-2009,21.3,7.1,14.6,0,10,19.4,39678
Turkey,19-09-2009,21.8,9.3,15.4,0,17.7,36.4,39685.19
Turkey,20-09-2009,19,8.7,13.8,0,13.4,29.9,39600
Turkey,21-09-2009,16.5,9,11.5,2.9,13.8,36.7,29192.86
Turkey,22-09-2009,15,4.9,11,0,10.8,25.6,22950.98
Turkey,23-09-2009,16.5,8.5,12.5,0,19.9,40,22043.78
Turkey,24-09-2009,19.7,4.9,11.9,0,13.8,29.5,39600
Turkey,25-09-2009,20.9,4.4,13.7,0,9.5,22,39600
Turkey,26-09-2009,22.3,6.2,14.7,0,11.1,25.6,39600
Turkey,27-09-2009,17.1,6.8,11.4,0,20.6,43.2,37077.97
Turkey,28-09-2009,13.6,3.2,8.1,0,18.7,38.9,38896.52
Turkey,29-09-2009,16.7,2,9.8,0,9.5,20.2,39553.14
Turkey,30-09-2009,20.5,2.8,12.6,0,7.4,19.1,39457.91
Turkey,01-10-2009,20.8,7.1,13.6,0,9.2,22,39318.7
Turkey,02-10-2009,23.7,4.8,14.9,0,10.7,24.8,39165.14
Turkey,03-10-2009,25,5.7,15.8,0,13.6,29.2,39011.05
Turkey,04-10-2009,25.1,6.7,16.6,0,10.2,22.3,38856.57
Turkey,05-10-2009,24.1,8.6,16.5,0,12.4,26.3,38701.77
Turkey,06-10-2009,18.5,10.8,14,0,23.6,47.5,28319.35
Turkey,07-10-2009,18.6,8.5,12.4,0,17.9,34.2,34074.59
Turkey,08-10-2009,19.7,5.8,12.1,0,9.7,23.4,38236.53
Turkey,09-10-2009,20.5,5.6,13.6,0,10,23,38081.52
Turkey,10-10-2009,20.7,6,13.7,0,11.7,26.3,37926.73
Turkey,11-10-2009,22.4,4.6,14.2,0,6.5,20.2,37772.27
Turkey,12-10-2009,24.8,4.9,15.1,0,16,33.1,37618.23
Turkey,13-10-2009,23.5,6.7,15.3,0,18.6,36,37464.76
Turkey,14-10-2009,22.1,7.9,15,0,20.7,41.4,36978.53
Turkey,15-10-2009,23.5,8.7,16.1,0,17.1,38.2,37027.98
Turkey,16-10-2009,24.5,7.1,16.1,0,12,29.5,37008.84
Turkey,17-10-2009,25.1,7.3,16.5,0,7.9,22.7,36858.77
Turkey,18-10-2009,26.4,7.3,16.6,0,16.4,32,30861.52
Turkey,19-10-2009,27.4,7.6,17.7,0,17.1,36.4,35329.18
Turkey,20-10-2009,27.2,8.4,18,0,15.4,32.8,34348.93
Turkey,21-10-2009,25.2,8.2,16.8,0,18.3,36,28915.85
Turkey,22-10-2009,20.7,9.4,14.3,0,12.6,25.2,35567.77
Turkey,23-10-2009,21.6,7.6,14,0,8.6,18.4,35204.81
Turkey,24-10-2009,22.5,6.7,14.5,0,13.4,30.2,34790.05
Turkey,25-10-2009,22.3,5.5,14.2,0,8.2,20.2,35107.17
Turkey,26-10-2009,22.1,5,14,0,11.1,24.1,34392.51
Turkey,27-10-2009,16.5,7,12.3,0.2,11.3,26.6,19862.3
Turkey,28-10-2009,16.7,5.9,11.8,0,8.9,22.7,33657.98
Turkey,29-10-2009,13.4,6.4,9.7,3,8.1,27.7,28629.62
Turkey,30-10-2009,14,6.3,9.5,0,13.7,26.6,27241.84
Turkey,31-10-2009,12.5,5.7,8.7,0,8.9,19.1,11540.97
Turkey,01-11-2009,9.6,4.6,7.1,5.1,11.5,23.4,2226.35
Turkey,02-11-2009,4.1,-0.1,2,15.5,22.1,37.1,0
Turkey,03-11-2009,5.1,-2.2,1.1,2.4,10.5,23.4,30735.19
Turkey,04-11-2009,10.6,-4.2,3.9,8.3,18.7,67.7,8070.9
Turkey,05-11-2009,13.5,3.8,8.7,9.6,18,47.2,32569.98
Turkey,06-11-2009,16.7,1.5,8.3,0,8.3,21.2,32870.18
Turkey,07-11-2009,18,3.4,9.8,0,7.5,16.2,32007.9
Turkey,08-11-2009,19.7,1.5,10,0,13.1,27,33032.84
Turkey,09-11-2009,17.8,5.6,11.2,0,10.5,22.7,32495.43
Turkey,10-11-2009,18.2,2.6,9.9,0,8.3,20.2,32744.43
Turkey,11-11-2009,18.8,2.8,9.2,0,13.4,28.8,26286.72
Turkey,12-11-2009,14,3.7,8.5,2,13.2,33.1,32353.57
Turkey,13-11-2009,9,4.5,6.3,10.8,8.2,19.1,851.81
Turkey,14-11-2009,5.7,2.1,4.2,5,15.2,28.8,7880.1
Turkey,15-11-2009,7.4,0.4,3.5,0,10,20.9,30232.6
Turkey,16-11-2009,6.3,0,3.2,3.4,10.1,22,3076.61
Turkey,17-11-2009,6.8,0.5,3,1.9,14.4,30.2,27689.56
Turkey,18-11-2009,5.8,-0.9,1.7,0,18.7,36.4,28827.84
Turkey,19-11-2009,6.6,-5.5,0.9,0,9.1,20.9,32004.39
Turkey,20-11-2009,8.8,-3,2.9,0.3,11.6,24.5,31961.8
Turkey,21-11-2009,9.6,-0.5,4.1,0,14.9,31.7,31921.25
Turkey,22-11-2009,9.3,-2.9,3.2,0,7,15.8,31882.8
Turkey,23-11-2009,10.8,-3.7,2.8,0,7.4,18.4,31846.56
Turkey,24-11-2009,11,-3.3,3.1,0,5.9,13.7,27431.54
Turkey,25-11-2009,11.1,-1.8,3.7,0,7.5,18,31658.32
Turkey,26-11-2009,8.1,-2.4,2.3,0,7.9,16.9,31563.75
Turkey,27-11-2009,8.2,-4.8,1.3,0,5,13.7,31472.96
Turkey,28-11-2009,9.3,-4.6,1.2,0,5.6,14,31384.98
Turkey,29-11-2009,10.1,-4.7,1.7,0.3,10.4,18.4,31299.54
Turkey,30-11-2009,8.2,-1.1,3.6,0.1,8.6,20.9,31216.72
Turkey,01-12-2009,9.6,-4.7,1.1,0,7,14,31136.68
Turkey,02-12-2009,11.8,-5.1,0.8,0,11.8,19.8,31059.51
Turkey,03-12-2009,10.8,-4.6,1.7,0.2,15.2,30.6,28470.43
Turkey,04-12-2009,8.7,-1.4,2.6,1.8,13.8,28.4,20428.42
Turkey,05-12-2009,9.6,0.2,4.3,0.5,8.3,20.2,18747.54
Turkey,06-12-2009,9.2,0,3.9,0.7,6.2,18,18968.69
Turkey,07-12-2009,6.6,0.3,3.2,3.7,9.9,21.6,23061.09
Turkey,08-12-2009,4.6,0.7,2,0.7,8,18.4,13530.4
Turkey,09-12-2009,5.9,-2.5,1.2,0,6.4,16.2,29928.07
Turkey,10-12-2009,8.8,-3,2.1,0,7.9,18.7,26572.61
Turkey,11-12-2009,9.6,-2,3.3,0,16.1,51.1,9224.28
Turkey,12-12-2009,8,-2.5,2.8,1.3,13,34.9,18382.71
Turkey,13-12-2009,8.4,-0.1,2.9,6.9,26,69.8,25200
Turkey,14-12-2009,2.6,-3.2,-0.5,0,16.2,34.9,24826.3
Turkey,15-12-2009,5.4,-6.1,-1.3,0,10.5,20.9,24906.78
Turkey,16-12-2009,8.6,-2.9,1.7,2.3,21.6,40,14643.15
Turkey,17-12-2009,6.2,-1.9,2.5,4.2,11.8,24.1,12307.38
Turkey,18-12-2009,8.7,-1.9,3.5,0.9,18,35.3,29433.8
Turkey,19-12-2009,7.8,-0.9,3.4,3.1,16.9,47.5,29413.2
Turkey,20-12-2009,11.1,-1.7,4.3,0.6,22.9,47.2,16624.03
Turkey,21-12-2009,11.7,2.9,6.1,8.2,25.6,74.5,27327.35
Turkey,22-12-2009,5.2,1.2,3,0.1,7.2,17.3,6861.19
Turkey,23-12-2009,9.6,-2.9,2.2,0,7.4,18,26307.86
Turkey,24-12-2009,10.8,-1.5,3.1,0.2,7.9,17.6,17402.06
Turkey,25-12-2009,11.4,-2.5,2.8,0,9.1,19.4,29651.75
Turkey,26-12-2009,8.6,1.7,5.3,0.5,12,22.3,0
Turkey,27-12-2009,13.6,3.6,7.3,0,13.6,26.3,28943.18
Turkey,28-12-2009,12.4,3.4,7.1,0,16.5,33.5,5363.67
Turkey,29-12-2009,10.1,1,4.6,11.3,18.4,37.8,18378.81
Turkey,30-12-2009,3.8,-3,0.5,2.7,11.2,23.4,30046.01
Turkey,31-12-2009,6.4,-6.1,-1.2,0,10.8,23.4,30493.61
Turkey,01-01-2010,12.7,-2.7,2.9,0,15.3,32,30535.11
Turkey,02-01-2010,13.6,0.3,5.7,3.5,30.2,67,27108.06
Turkey,03-01-2010,7.7,-1.7,3.2,1.2,21.3,52.9,30629.23
Turkey,04-01-2010,2.5,-3.9,0.3,7.4,19.5,48.2,20588.36
Turkey,05-01-2010,2,-7,-2.9,0,6.4,18,30705.97
Turkey,06-01-2010,9.8,-5.9,0,0,11,23,30710.65
Turkey,07-01-2010,11.7,-3.5,1.9,0,8.5,19.1,30717.8
Turkey,08-01-2010,10.4,-3.5,1.9,0,6.9,14.8,30735.01
Turkey,09-01-2010,12.2,-3.1,2.5,0,9.2,18,23071.52
Turkey,10-01-2010,12.6,-1.6,3,0,9.7,19.1,26518.61
Turkey,11-01-2010,9.3,-2.9,0.7,4.7,23.9,51.5,19874.47
Turkey,12-01-2010,6.7,-5,-0.1,0.3,8.7,19.8,20057.02
Turkey,13-01-2010,7,-1.2,2.1,5.3,11.3,29.2,24347.5
Turkey,14-01-2010,7.1,-1.2,2.1,6.8,13.6,34.9,11928.23
Turkey,15-01-2010,8.8,0.3,3.8,4.9,13,38.5,24464.61
Turkey,16-01-2010,9.1,1.9,5,2.8,6.9,24.1,17662.48
Turkey,17-01-2010,8.8,1.5,4.4,1.7,6.6,16.2,3328.51
Turkey,18-01-2010,9.5,-0.6,3.7,4.6,13.6,27.7,8254.44
Turkey,19-01-2010,7.3,1.8,4.7,5.1,15.3,30.6,10372.42
Turkey,20-01-2010,4,0,1.7,4.7,7.1,14.8,0
Turkey,21-01-2010,2.9,-3.8,-0.7,2.9,19.6,44.3,31602.43
Turkey,22-01-2010,5.3,-6.2,-0.9,0,13.7,28.8,26146.28
Turkey,23-01-2010,6.8,0.2,2.9,11.5,17.7,55.8,22788.73
Turkey,24-01-2010,1.3,-2.6,-0.3,8.5,16.6,33.5,11504.26
Turkey,25-01-2010,-3.2,-8.2,-6,0.7,23,38.9,26956.81
Turkey,26-01-2010,-7.1,-15.7,-10.6,0.1,13.1,25.2,32711.61
Turkey,27-01-2010,-3.6,-17,-10,0,9.7,16.9,32832.31
Turkey,28-01-2010,0.7,-10.2,-3.9,1,12,25.6,205.95
Turkey,29-01-2010,2.6,-6.9,-2.4,0,18.4,31,33082.3
Turkey,30-01-2010,3.2,-7.8,-2,2.6,11.5,24.5,2694.57
Turkey,31-01-2010,10.1,-5.5,1.5,0.6,18.4,35.3,33342.42
Turkey,01-02-2010,9.6,-1.1,3.2,0.4,15.3,33.1,33475.79
Turkey,02-02-2010,8.9,-1.2,3.1,0,21.9,39.2,32006.06
Turkey,03-02-2010,2.3,-5.4,-0.7,11.9,17.8,45,6297.96
Turkey,04-02-2010,-4.5,-9,-6.8,0.8,17.4,27.7,32650.5
Turkey,05-02-2010,-5.8,-20.1,-11.7,0,5.5,11.9,33734.11
Turkey,06-02-2010,-3.4,-19.4,-12,0,12.1,16.9,25887.89
Turkey,07-02-2010,2.6,-16.5,-6.7,0,12,25.9,25190.26
Turkey,08-02-2010,3.7,-4.2,-0.5,0.1,22,45,17547.58
Turkey,09-02-2010,4.8,-5.8,-0.4,2.6,17.1,36.4,33898.89
Turkey,10-02-2010,7.9,-4.4,0.5,0.8,12.3,25.9,34743.5
Turkey,11-02-2010,10.9,-2,3.5,0.1,22.5,42.1,23918.97
Turkey,12-02-2010,11.4,-0.7,4.4,4.1,16.6,43.2,32094.15
Turkey,13-02-2010,11.9,-1,4.5,0,21.1,41.8,35180.28
Turkey,14-02-2010,15.2,-1.9,6.4,0,15.1,31,33247.87
Turkey,15-02-2010,15.6,4.2,9,0,25.8,49.7,12388.3
Turkey,16-02-2010,11.2,3.1,7.4,0,13.4,35.6,31871.09
Turkey,17-02-2010,16.2,-1,6.8,0,15.9,32.8,33044.98
Turkey,18-02-2010,14.9,2.9,8,0.5,14.7,32.8,31946.56
Turkey,19-02-2010,9.8,2,6.1,9.1,14.8,39.6,21216.82
Turkey,20-02-2010,14.3,-1.5,6.2,0,15.6,31.7,21475.87
Turkey,21-02-2010,13.8,4.5,7.8,8.2,22,66.6,16943.91
Turkey,22-02-2010,6.7,-0.6,3.1,1.6,20.3,39.2,34593.03
Turkey,23-02-2010,6.6,-1.9,1.9,0.2,14.8,28.4,33265.56
Turkey,24-02-2010,9.1,-3.4,2.5,2.5,14.9,31.7,32161.48
Turkey,25-02-2010,10.9,-0.4,4.8,0.8,15.4,35.6,31175.78
Turkey,26-02-2010,10.1,-1.1,4.5,1.9,9.4,24.8,20378.47
Turkey,27-02-2010,9.7,-0.1,4.7,0.9,10,28.8,33500.73
Turkey,28-02-2010,10.3,0.6,4.8,0.3,11.4,29.5,31481.46
Turkey,01-03-2010,8.4,-0.4,3.9,0,9.2,22.7,10822.13
Turkey,02-03-2010,17,0.6,8,0.5,18.9,41.8,36035.61
Turkey,03-03-2010,6.6,0.9,3.8,13.9,20.6,38.5,3168.39
Turkey,04-03-2010,8.5,-2.9,2.9,0,10.5,23,37385.02
Turkey,05-03-2010,10.5,0.8,5.7,9.9,17.3,59.4,17131.14
Turkey,06-03-2010,12.9,2.4,7.2,2.5,25.5,51.5,37182.84
Turkey,07-03-2010,8.4,4.1,6.1,6.2,17.3,39.6,23458.54
Turkey,08-03-2010,17.1,3,9.5,0,21.1,42.5,22813.51
Turkey,09-03-2010,18.6,7.8,12.1,4,31.9,61.9,28033.81
Turkey,10-03-2010,12.6,4,8,0,9.7,22.3,33938.8
Turkey,11-03-2010,19.9,2.5,10.9,0,20.3,35.6,20765.6
Turkey,12-03-2010,18.9,3.3,11.2,0.2,16.9,41.4,37445.67
Turkey,13-03-2010,12.1,4.2,8.3,0,15.6,34.9,38475.3
Turkey,14-03-2010,17,1.5,8.7,2,17.4,49.7,37019.61
Turkey,15-03-2010,11.8,3.6,6.3,14.3,19.7,48.2,16699.05
Turkey,16-03-2010,5.4,-0.4,2.2,1.7,18.8,38.5,32167.71
Turkey,17-03-2010,7.2,-5.2,1.4,0,11.2,17.3,39939.67
Turkey,18-03-2010,2.2,-4.8,-1.1,0,22.3,46.4,36670.49
Turkey,19-03-2010,5.5,-6.1,-0.6,0,16.6,33.5,39859.5
Turkey,20-03-2010,8,-4.4,1.4,0,13.4,30.6,40575.43
Turkey,21-03-2010,11.5,-4.8,4.2,0,4.9,15.8,40730.37
Turkey,22-03-2010,14.4,-3.9,6,0,8.4,23.4,40884.67
Turkey,23-03-2010,16.7,-1.7,8,0,12.2,22,40863.11
Turkey,24-03-2010,18,0.6,10,0,12.4,19.1,40857.94
Turkey,25-03-2010,14.8,1.4,9,0.6,11.3,26.3,38544.41
Turkey,26-03-2010,15.3,1.8,8.1,0,21.7,42.1,40036.57
Turkey,27-03-2010,14.4,0.7,7.6,0,11.6,29.5,41501.53
Turkey,28-03-2010,18.2,1.3,10.2,0,17.7,34.2,41559.23
Turkey,29-03-2010,11.1,3.4,6.4,12.7,13,36.7,30533.96
Turkey,30-03-2010,8.6,1.6,4.6,3.2,15.4,38.2,33872.11
Turkey,31-03-2010,13.3,-0.6,6.7,0.4,15.3,33.8,39600
Turkey,01-04-2010,15.6,3,9,0,20.2,41.8,38022.96
Turkey,02-04-2010,17.1,2.2,9.7,0.2,11.6,28.4,38869.02
Turkey,03-04-2010,13.2,5,8.9,0,21.7,43.2,39966.52
Turkey,04-04-2010,12.4,2.1,6.5,0,17.5,35.6,36599.48
Turkey,05-04-2010,15.1,-1.3,7.3,0,10.4,24.8,42339.34
Turkey,06-04-2010,19.2,0,10.2,0,14.8,29.5,41686.98
Turkey,07-04-2010,10.8,1,6.2,4.6,14.9,34.9,36028.12
Turkey,08-04-2010,10.5,-0.4,4.8,3.6,14.8,30.6,39457.95
Turkey,09-04-2010,9.9,2.1,5.9,1.2,14.2,31.3,40533.48
Turkey,10-04-2010,11.1,1.2,6.3,0,13.3,28.4,39136.3
Turkey,11-04-2010,13.5,-1.5,6.5,6.3,13.1,33.1,24605.82
Turkey,12-04-2010,5.6,0.8,3.5,7.3,17.1,45,8809.87
Turkey,13-04-2010,10.5,-3.4,4.3,0,7.6,23.4,43380.56
Turkey,14-04-2010,14.7,-2.3,7.4,0,8.9,19.1,35825.86
Turkey,15-04-2010,14.9,3,9.5,1.5,10.4,24.8,41062.99
Turkey,16-04-2010,19,3.1,11.6,0,10.5,18.4,44084.67
Turkey,17-04-2010,19.7,4.4,13.1,0,9.8,20.5,44705.22
Turkey,18-04-2010,15.8,5.9,10.8,0.9,17.3,42.5,42349.27
Turkey,19-04-2010,18.1,5.3,11.5,0,7.2,16.6,43035.11
Turkey,20-04-2010,22.1,5.1,13.2,2.4,18.7,40.7,37404.91
Turkey,21-04-2010,13.7,7.8,10.6,22.6,14.5,36,32253.41
Turkey,22-04-2010,10.5,3.6,7.3,9.7,17.3,36,22743.67
Turkey,23-04-2010,13.8,1.7,7.5,0,18.2,40,45519.42
Turkey,24-04-2010,15.9,3.1,9.4,0,12.6,28.1,45652.72
Turkey,25-04-2010,17.8,0.9,10.6,0,11.2,24.5,40178.5
Turkey,26-04-2010,18,4.6,11.4,0.4,14.4,26.6,38827.07
Turkey,27-04-2010,16.5,5.6,10.3,2.9,15.7,30.6,28800
Turkey,28-04-2010,13.7,5.1,9.1,1.7,15.2,33.1,39688.85
Turkey,29-04-2010,14.1,2.1,8.1,0,19,37.8,45558.19
Turkey,30-04-2010,15,1.1,8.4,0.4,11.6,37.4,45677.73
Turkey,01-05-2010,13.7,4.1,9,1.5,13.1,28.1,39302.4
Turkey,02-05-2010,15.6,2.3,8.9,0,17.4,35.3,46366.28
Turkey,03-05-2010,17.2,4.2,11,0,9.4,25.6,46433.52
Turkey,04-05-2010,20.6,3.4,13,0,15.2,33.1,46499.14
Turkey,05-05-2010,19.9,6.3,13.4,0,12.1,27.4,46563.05
Turkey,06-05-2010,21.4,6.6,14.3,0,13,26.6,46625.17
Turkey,07-05-2010,24,5.9,16,0,12.2,28.4,46685.94
Turkey,08-05-2010,23.9,9.3,16.9,0,12.4,25.2,46745.56
Turkey,09-05-2010,23.7,8.6,16.6,0.6,18.5,24.5,40901.61
Turkey,10-05-2010,19.1,7.8,14.4,0.2,14.3,29.9,46800
Turkey,11-05-2010,19.9,7.5,13.7,0,11.3,20.2,46800
Turkey,12-05-2010,21.8,6.7,15,0,9.7,19.1,46800
Turkey,13-05-2010,24.2,7.1,16.7,0,8.2,22.7,46817.09
Turkey,14-05-2010,25.9,9.3,18.3,0,15.3,32.8,44846.83
Turkey,15-05-2010,23.9,10.5,17.4,0.7,16.6,28.4,41616.32
Turkey,16-05-2010,29.2,13.2,21.3,0.1,27.5,51.5,43200
Turkey,17-05-2010,22.6,11.8,17.6,0.3,23.5,47.9,46971.87
Turkey,18-05-2010,22,7.9,14.2,3.6,25.5,50.8,46800
Turkey,19-05-2010,17.7,8.5,12.7,0.3,14,33.1,46968.53
Turkey,20-05-2010,17.7,8.5,13.3,0,14.9,24.8,46435.09
Turkey,21-05-2010,18.7,6.9,12.9,0.8,12.7,31.7,42122.93
Turkey,22-05-2010,19,6.8,12.5,4.3,18.1,42.5,44408.76
Turkey,23-05-2010,14.8,5.9,10.6,5.3,23.9,55.8,44775.53
Turkey,24-05-2010,17,6.5,11.7,0.2,9.7,25.2,47169.86
Turkey,25-05-2010,19.9,5.7,13.8,0,10.3,20.2,46948.76
Turkey,26-05-2010,21.3,7.9,15.9,0,11,19.4,47283.21
Turkey,27-05-2010,24.5,8.5,16.8,2,16.3,34.9,45580.95
Turkey,28-05-2010,22.6,10.1,16.5,2.5,7.9,24.5,46800
Turkey,29-05-2010,23.3,10.2,17,0,14.3,29.5,47548.19
Turkey,30-05-2010,24,10.4,17.8,0,10.7,24.5,45438.84
Turkey,31-05-2010,26.3,9.3,19.3,0,7.9,19.8,47429.05
Turkey,01-06-2010,29,12,21.1,0.7,19.1,31.3,43215.98
Turkey,02-06-2010,27.9,13,21,0,27.4,54.4,48045.76
Turkey,03-06-2010,28.4,11.8,20.4,0,15.2,33.8,47239.45
Turkey,04-06-2010,28.9,13.1,21.9,0,8.6,23,48203.59
Turkey,05-06-2010,29.1,12.8,21.9,0,10.5,19.4,46263.71
Turkey,06-06-2010,28.2,15.3,21,0.9,16.3,37.1,47946.81
Turkey,07-06-2010,24.3,14,19.2,0.5,14,32,47416.07
Turkey,08-06-2010,21.1,12.4,16.7,6.4,9.2,23,42798.41
Turkey,09-06-2010,21.8,11.3,17.2,0.4,8.4,20.5,47688.62
Turkey,10-06-2010,20,13.2,16.1,15.8,12.3,30.2,37112.38
Turkey,11-06-2010,21.7,12.5,16.6,4.6,5.8,20.9,44601.68
Turkey,12-06-2010,25.3,11.8,18.8,0,7.4,24.8,48674.36
Turkey,13-06-2010,30,12.2,22,0.3,26.6,52.6,47834.96
Turkey,14-06-2010,31.7,16.4,23.7,0.1,18.4,37.8,48545.42
Turkey,15-06-2010,26.3,14.8,20.5,0,23.8,48.2,48408.26
Turkey,16-06-2010,26.1,13.8,20.3,0.2,27.6,53.6,48557.82
Turkey,17-06-2010,26,12.7,19.8,0,17.9,36.7,48419
Turkey,18-06-2010,25,12.4,19.4,0,14.1,29.9,48656.39
Turkey,19-06-2010,26.7,13,20.5,0,8.2,22.7,47556.23
Turkey,20-06-2010,26.6,14.7,21,1.7,11.4,29.2,48431.5
Turkey,21-06-2010,27.6,13.6,21.7,0,22.9,45.7,49109.16
Turkey,22-06-2010,28.2,13.1,21.5,0,19.2,41.8,49208.67
Turkey,23-06-2010,25,14.2,19.1,4.1,13.4,32.8,46710.38
Turkey,24-06-2010,19.9,12,15.6,9.1,17.7,40.3,33929.08
Turkey,25-06-2010,21.7,11.4,17.3,0.9,8.4,22.3,48153.3
Turkey,26-06-2010,21.3,12.6,16.9,1.2,10.9,25.2,47990.18
Turkey,27-06-2010,23.2,10.6,17.7,0.1,11.1,25.6,46800
Turkey,28-06-2010,23.1,12.9,17.6,3.7,8.4,20.2,47397.98
Turkey,29-06-2010,22.1,11,16.8,2.2,9,25.2,48728.3
Turkey,30-06-2010,24.7,11.1,18.9,0,11.4,18.4,49179.3
Turkey,01-07-2010,25.8,13.4,20.4,0,15,25.9,49178.32
Turkey,02-07-2010,26.2,13.6,20.4,0,13.7,29.5,48428.5
Turkey,03-07-2010,27.1,14.4,20.7,0,14.8,31,49137.28
Turkey,04-07-2010,28.5,13.4,21.2,0,15,33.1,49128.11
Turkey,05-07-2010,29.3,14.4,22.1,0,13.8,29.2,49116.92
Turkey,06-07-2010,31.3,15,24,0,9.4,19.4,49103.96
Turkey,07-07-2010,30.6,16.1,24.2,0,16.6,26.6,47833.23
Turkey,08-07-2010,30.9,17.3,24.5,0,15.9,32.4,48698.98
Turkey,09-07-2010,29.6,16.9,23.9,0,9.6,25.2,47110.92
Turkey,10-07-2010,31.9,18.6,25.1,0.1,13.2,30.2,48829.55
Turkey,11-07-2010,33.3,17.6,25.8,0,16.6,34.2,49013.29
Turkey,12-07-2010,33.7,18.5,26.5,0,16.3,32,48990.03
Turkey,13-07-2010,33.9,18.2,26.6,0,13.4,36.7,48803.61
Turkey,14-07-2010,29.7,17.8,23.6,0,19.5,38.5,48654.3
Turkey,15-07-2010,27.8,15.6,22.2,0.4,15,33.8,48230.34
Turkey,16-07-2010,26.8,16.3,21.4,0.2,20.1,37.4,48497.27
Turkey,17-07-2010,25.3,14.5,20.4,0,18.8,38.9,48351.75
Turkey,18-07-2010,27.9,13.4,21.2,0,15.2,36.7,46492.4
Turkey,19-07-2010,29.4,15.5,22.7,0,16.2,34.6,48780.3
Turkey,20-07-2010,29.8,15.5,23.3,0,16.3,35.3,48059.16
Turkey,21-07-2010,30.1,17.1,23.8,0,19.5,37.4,48310.05
Turkey,22-07-2010,28.9,15.2,22.9,0,17.1,37.4,47785.91
Turkey,23-07-2010,27.7,15.7,22,0.8,19.7,39.6,48025.41
Turkey,24-07-2010,25.1,14.5,20.7,0.4,16.6,33.8,47472.64
Turkey,25-07-2010,29.4,14.1,22.4,0,9.1,23.8,48279.38
Turkey,26-07-2010,32.6,14.9,25.1,0,8.7,19.4,48094.48
Turkey,27-07-2010,34.8,17.1,27,0,11,21.6,47911.84
Turkey,28-07-2010,35,20.3,27.2,0,16.9,33.1,47616.27
Turkey,29-07-2010,32.9,18.8,25.2,0.4,23.6,46.8,47328.59
Turkey,30-07-2010,34.7,18.1,26.1,0,15.9,34.6,47380.71
Turkey,31-07-2010,35.2,18.2,27.2,0,10.3,26.3,47318.04
Turkey,01-08-2010,36.2,19.7,29.7,0,14.6,32.8,46520.71
Turkey,02-08-2010,36.4,20.7,29.4,0,17.6,32,46475.77
Turkey,03-08-2010,33.8,18.5,26.8,0,16.5,36.4,46921.9
Turkey,04-08-2010,33.9,19.9,27.4,0,13.5,31,46288.15
Turkey,05-08-2010,35.3,18.3,28.4,0,10.1,21.2,42466.55
Turkey,06-08-2010,35.6,20.5,29.4,0,16.2,27.7,46374.36
Turkey,07-08-2010,36.2,19.5,28.6,0,10.5,25.6,46153.03
Turkey,08-08-2010,36.3,19.1,27.9,0,22.5,47.9,46185.8
Turkey,09-08-2010,34.7,19.3,27.4,0,18,37.8,46133.57
Turkey,10-08-2010,32.7,18.5,26,0,14.2,32.4,46009.32
Turkey,11-08-2010,33,18.6,26.3,0,11.4,29.9,45959.17
Turkey,12-08-2010,33.3,18.9,26.5,0,12.3,30.6,45846.94
Turkey,13-08-2010,33.3,19.4,26.5,0,12.4,28.4,45799.5
Turkey,14-08-2010,33,19.3,26.2,0,16.3,34.2,45711.43
Turkey,15-08-2010,30.9,16.8,24.3,0,16.7,35.3,45660.79
Turkey,16-08-2010,29.9,16.2,23.7,0,18.8,36.4,45610.01
Turkey,17-08-2010,29.7,16,23.3,0,13.1,31,45559.09
Turkey,18-08-2010,32.6,15.7,25.3,0,10.5,25.2,45508.04
Turkey,19-08-2010,32.4,18.2,25.5,0,14.1,31.7,45456.88
Turkey,20-08-2010,33.3,18.5,25.9,0,15.2,30.2,45405.62
Turkey,21-08-2010,27.8,17.6,22.3,0,22.4,43.2,45331.22
Turkey,22-08-2010,26.5,12.5,19.2,0,21,41.4,45197.06
Turkey,23-08-2010,27.7,12.6,19.7,0,13.9,29.9,44890.48
Turkey,24-08-2010,28.7,12.2,20.6,0,14.2,28.8,44925.77
Turkey,25-08-2010,29.4,14.2,21.7,0,16.9,36.7,44788.83
Turkey,26-08-2010,26.8,12.7,20.2,0,22.9,45.7,44651.16
Turkey,27-08-2010,28.4,13,20.7,0,15.9,35.6,44349.84
Turkey,28-08-2010,30.7,14.8,23,0,9.3,21.6,44244.09
Turkey,29-08-2010,33.1,14.7,25.2,0,12,25.6,44137.04
Turkey,30-08-2010,33.5,15.9,25.7,0,12,24.1,43911.13
Turkey,31-08-2010,33.8,17.7,26.7,0,12,26.6,41182.15
Turkey,01-09-2010,31.5,18.9,25.1,0,19.1,39.2,43130.38
Turkey,02-09-2010,24.8,17.4,20.8,0,14.8,31.3,42479.43
Turkey,03-09-2010,26.6,12.3,19.1,0,18.1,36,42717.13
Turkey,04-09-2010,27.9,12,19.7,0,11.6,24.1,42621.07
Turkey,05-09-2010,29.9,13.9,22,0,10.9,26.3,42626.28
Turkey,06-09-2010,30.1,13.2,21.6,0,16.2,31.7,42423.22
Turkey,07-09-2010,27.3,14.2,20.8,0,13.9,30.2,40754.67
Turkey,08-09-2010,26.5,13.8,20.2,0,13,29.2,41837.29
Turkey,09-09-2010,27.8,12.7,20,0,15.9,33.1,41835.87
Turkey,10-09-2010,27.4,11.6,19.4,0,15.9,29.9,41503.72
Turkey,11-09-2010,28.2,12.2,19.9,0,10.6,20.5,41146.38
Turkey,12-09-2010,31.8,12.9,23.1,0,13.6,33.1,40662.93
Turkey,13-09-2010,25.4,15.5,20.5,0,18,32,39285.86
Turkey,14-09-2010,23.5,12.4,18,0,10.4,27.7,40264.31
Turkey,15-09-2010,24.9,12,18.3,0,9.9,24.1,40156.95
Turkey,16-09-2010,26.9,10.9,19.3,0,11.5,18.7,40055.86
Turkey,17-09-2010,28.9,12.5,20.8,0,22.3,42.1,36396.56
Turkey,18-09-2010,25.7,12,19.1,0,18.8,40,39845.11
Turkey,19-09-2010,26.8,12.7,19.5,0,11.9,28.4,39762.45
Turkey,20-09-2010,29.7,10.8,21.1,0,11.6,17.6,38724.84
Turkey,21-09-2010,30.9,12,21.8,0,11.6,30.2,39600
Turkey,22-09-2010,28.8,14,19.7,0.6,18.1,35.6,36490.99
Turkey,23-09-2010,25.7,12,18.4,0,13.1,27.7,39600
Turkey,24-09-2010,27.8,11.6,19.9,0,8.3,18.4,39600
Turkey,25-09-2010,28.1,11.3,19.9,0,9.4,27.7,37312.43
Turkey,26-09-2010,26.9,11.2,19.8,0,10.5,22.7,39600
Turkey,27-09-2010,28.9,12.7,21.5,0,8.9,23.8,39600
Turkey,28-09-2010,27,13.7,20.6,0,12.3,28.4,39600
Turkey,29-09-2010,25.7,12.2,19.3,0,18.1,34.2,39576.96
Turkey,30-09-2010,26.2,16.1,20.1,0.6,31.2,64.1,32400
Turkey,01-10-2010,22.9,11.9,17.4,0.4,12,28.4,39352.48
Turkey,02-10-2010,21.5,11.9,16.5,0.5,15.5,29.9,39197.66
Turkey,03-10-2010,18.4,9.3,13.5,1.6,16.7,32.8,39042.71
Turkey,04-10-2010,17.2,6.1,11.6,0,10.3,23.4,38887.75
Turkey,05-10-2010,15.7,4.9,10,0,11.9,29.2,38732.88
Turkey,06-10-2010,16.8,4.6,10.5,0,9.3,23.4,38578.19
Turkey,07-10-2010,15.1,6.2,10.4,2.9,16.2,29.2,3969.07
Turkey,08-10-2010,8.3,5.5,7,17.5,13.5,32.8,0
Turkey,09-10-2010,9.7,3.2,6.3,7.1,14.4,23.8,30875.72
Turkey,10-10-2010,14.8,0.7,6.9,0,16,33.1,36510.43
Turkey,11-10-2010,13.6,2.8,8.3,0,15.1,34.2,37525.71
Turkey,12-10-2010,11.9,3.1,8.3,0,8,20.2,4932.38
Turkey,13-10-2010,15.3,9.2,11.6,6.8,9.7,27.4,11139.76
Turkey,14-10-2010,19.9,11,14.4,9.5,25.6,51.8,24453.69
Turkey,15-10-2010,21.3,12.1,16,0.1,31.2,59.4,36245.28
Turkey,16-10-2010,20.6,8.6,13.9,2.7,12.8,33.1,34912.54
Turkey,17-10-2010,18.7,8.2,13.4,0,10.5,24.8,35213.37
Turkey,18-10-2010,20.8,5.4,13,0,8,19.4,36026.39
Turkey,19-10-2010,22.5,9.4,14.4,0.8,17.1,41,31484.7
Turkey,20-10-2010,23.3,9.5,13.7,2.1,23.8,44.3,13686.17
Turkey,21-10-2010,19.9,8.2,13.8,0,10.1,16.2,36009.04
Turkey,22-10-2010,18.7,6.7,12.2,0,18.9,36.4,34296.45
Turkey,23-10-2010,15.6,5,9.4,0,12.3,22.3,31639.93
Turkey,24-10-2010,15.6,4.7,9.5,0,8.7,16.6,33756.72
Turkey,25-10-2010,16.3,3.8,10,0,10.7,20.9,34870.62
Turkey,26-10-2010,19,2.8,10.6,0.1,10.4,23.4,30526.18
Turkey,27-10-2010,18.8,6.4,12.8,0,11.3,27,27172.74
Turkey,28-10-2010,17.1,9.1,12.6,0.9,8.4,31,10602.87
Turkey,29-10-2010,13.6,7,9.5,22.6,13.5,40.7,29935.5
Turkey,30-10-2010,9,2.6,5.8,0.2,16.2,31.7,28939.29
Turkey,31-10-2010,10.9,-0.4,4.5,0,10.6,22,34233.09
Turkey,01-11-2010,12.4,-1.9,5.1,0,11.8,21.6,34158.4
Turkey,02-11-2010,13,-1,5.9,0,9.8,22.3,34025.02
Turkey,03-11-2010,14.5,-3,5.8,0,5.9,14.4,33951.82
Turkey,04-11-2010,15.3,-1.9,6.6,0,8.4,15.8,33781.64
Turkey,05-11-2010,15.3,-1,7.2,0,9,18.7,33396.53
Turkey,06-11-2010,15.8,-0.9,7.4,0,5.9,14.4,33374.56
Turkey,07-11-2010,17.6,-0.1,8.2,0,7.9,16.9,33150.98
Turkey,08-11-2010,16.3,0.4,7.9,0,10,22.3,33037.24
Turkey,09-11-2010,17.7,0,7.9,0,13.9,24.8,33016.84
Turkey,10-11-2010,18.8,0.9,8.5,0,10.9,25.9,32746.42
Turkey,11-11-2010,18.8,0.8,9,0,7.5,16.9,32813.12
Turkey,12-11-2010,17.3,0.4,8.3,0,7.2,15.8,32687.22
Turkey,13-11-2010,16.3,1.2,7.9,0,7.1,15.1,23230.87
Turkey,14-11-2010,18,0.5,8.6,0,6.6,15.1,32419.1
Turkey,15-11-2010,21,2.6,10.2,0,9.7,20.2,32244.31
Turkey,16-11-2010,20.1,2.9,10.3,0,8.7,17.6,32245.7
Turkey,17-11-2010,18.7,1.6,8.9,0,11.2,20.9,32145.53
Turkey,18-11-2010,19.1,2.4,9.2,0,11.3,23.8,32055.11
Turkey,19-11-2010,17.9,1.3,9.1,0,7.1,14.8,32016.47
Turkey,20-11-2010,16.9,0.7,8.2,0,7.7,14.8,31968.39
Turkey,21-11-2010,14.5,0.6,7.5,0,6.6,15.1,31928.56
Turkey,22-11-2010,11.7,1.3,6.1,0,7.7,18,31891.14
Turkey,23-11-2010,15.1,-1.2,5.8,0,11.5,18.7,31855.84
Turkey,24-11-2010,16,2.8,8.5,0,23.6,42.5,29545.3
Turkey,25-11-2010,14.9,7.3,9.9,7.3,18.7,57.2,28552.2
Turkey,26-11-2010,13.5,3.3,8,2.3,22.4,44.3,17362.54
Turkey,27-11-2010,15.6,5,9.3,0,21.8,41,30928.39
Turkey,28-11-2010,17.5,2,8.8,0,12.6,28.1,31412.3
Turkey,29-11-2010,18.2,1.7,8.5,0,12.6,20.9,29586.08
Turkey,30-11-2010,18.3,2.2,8.7,0,14.4,27.7,31237.86
Turkey,01-12-2010,17.4,1.2,7.8,0,13,25.6,31155.01
Turkey,02-12-2010,17.6,2.8,9,0,11.2,22.7,29918.95
Turkey,03-12-2010,17.5,4.4,9.7,0,7.7,18,28120.24
Turkey,04-12-2010,18.6,2.3,8.6,0,11.2,19.1,26198.21
Turkey,05-12-2010,17.6,0.4,7.3,0,10.2,21.6,30256.31
Turkey,06-12-2010,11.6,3.1,6.1,0,14.4,25.9,29847.94
Turkey,07-12-2010,10,1.9,5.3,0,5.7,14,29158.65
Turkey,08-12-2010,12.2,-2.3,4.6,0,6.9,17.3,30670.61
Turkey,09-12-2010,12.9,-2,4.4,0,10.1,23.8,30616.84
Turkey,10-12-2010,11.6,1,5.4,1.8,24.9,46.8,23971.74
Turkey,11-12-2010,7,2.9,4.9,7.3,19.8,55.4,0
Turkey,12-12-2010,2.8,-1.2,1.1,6,17.9,34.9,3949.97
Turkey,13-12-2010,-0.7,-8.8,-3.1,3.4,11.4,21.6,19517.44
Turkey,14-12-2010,3.8,-4.8,0.8,4.9,13.8,29.9,1518.66
Turkey,15-12-2010,8.5,1.6,3.7,7.7,11.7,42.1,14439.3
Turkey,16-12-2010,8.6,-0.5,3.8,1,21.3,42.5,23740.02
Turkey,17-12-2010,8.1,2.3,4.7,4.5,26,67.3,24913
Turkey,18-12-2010,7,-0.1,3,4.6,17.6,35.6,22952.82
Turkey,19-12-2010,8.6,-0.9,2.6,0,14.6,27.7,30164.34
Turkey,20-12-2010,9.6,-1.4,2.4,0,8.7,20.5,27960.43
Turkey,21-12-2010,10.6,-3.5,2.5,0,7.5,15.8,30299.1
Turkey,22-12-2010,9.6,-3.9,2.1,0,7.2,14,30298.79
Turkey,23-12-2010,8,-4.3,1,0,5.8,13.7,30302.52
Turkey,24-12-2010,8.2,-4.9,0.2,0,6.6,14.8,30310.28
Turkey,25-12-2010,11.3,-4.5,1.1,0,9.7,19.1,30322.09
Turkey,26-12-2010,13.3,-2.2,3,0.4,11,20.2,28852.45
Turkey,27-12-2010,14.7,-1.7,4.6,0,9.1,15.8,29104.64
Turkey,28-12-2010,15,1,5.9,0,13.2,25.9,26020.01
Turkey,29-12-2010,12.3,-3.4,2.6,0,10.6,17.6,30409.58
Turkey,30-12-2010,9.5,-3,2.5,0,9.1,21.2,25340.26
Turkey,31-12-2010,2.7,-0.7,0.7,3.5,9.4,22,15181.03
Turkey,01-01-2011,2.4,-3.6,-1,0,6.3,16.2,29017.83
Turkey,02-01-2011,6.1,-6.3,-1.5,0,9.7,23.4,30562.21
Turkey,03-01-2011,7.6,-3.4,0.7,0.5,12.6,24.8,29528.3
Turkey,04-01-2011,3.7,-1.6,0.9,3.7,6.6,15.5,8819.65
Turkey,05-01-2011,5.1,-2.1,1,1,8.8,18.7,12421.37
Turkey,06-01-2011,5.4,-1.5,1.1,4.2,5.6,23.4,23204.37
Turkey,07-01-2011,0.9,-2.2,-0.8,9.3,15.3,28.4,0
Turkey,08-01-2011,-0.5,-3.6,-2.3,1.8,14.5,29.9,1195.76
Turkey,09-01-2011,0.5,-4.1,-2.5,0,6,14,21731.53
Turkey,10-01-2011,1.6,-7.6,-2.8,0,6.9,15.1,30792.28
Turkey,11-01-2011,2.5,-6.7,-2.5,0,7.6,14,30810.61
Turkey,12-01-2011,5.3,-7.3,-2.9,0,7,16.9,30874.74
Turkey,13-01-2011,5.2,-7.8,-3,0,8.9,19.1,30803.79
Turkey,14-01-2011,6,-5.9,-0.9,0,7.3,15.1,31039.25
Turkey,15-01-2011,4,-5.6,-1.4,0,11.9,21.2,27087.61
Turkey,16-01-2011,3.9,-5.3,-1.2,0,9.8,17.6,28367.65
Turkey,17-01-2011,5.8,-5.4,-0.9,0,11.9,22.7,31297.49
Turkey,18-01-2011,4.1,-5.2,-1.7,0,10.8,19.4,31499.93
Turkey,19-01-2011,4.3,-5.8,-1.6,0,6.9,16.2,31476.5
Turkey,20-01-2011,7,-6.8,-1.1,0,8.1,20.9,31788.37
Turkey,21-01-2011,8,-6,-0.8,0,7.7,17.3,31583.51
Turkey,22-01-2011,6.9,-4.6,-0.3,0,8,18.4,29752.86
Turkey,23-01-2011,9,-4.5,1.7,0.1,16.9,31,30901.39
Turkey,24-01-2011,6.4,-1.4,1.9,1.1,19.1,43.2,2388.12
Turkey,25-01-2011,7.2,-1.7,2.4,3.2,24,50,1151.9
Turkey,26-01-2011,3.3,-2.9,0.3,12.6,14.6,49.7,26785.07
Turkey,27-01-2011,2.5,-4.2,-0.8,3.4,14.1,29.5,32802.62
Turkey,28-01-2011,1.4,-7.8,-3.4,0,9.2,18.7,29458.79
Turkey,29-01-2011,-0.4,-3.9,-1.9,13.6,7.7,28.1,0
Turkey,30-01-2011,-0.2,-4,-2.4,2.3,9.8,19.8,17457.86
Turkey,31-01-2011,-3.5,-9.5,-5.8,1,12.9,22.3,31941.32
Turkey,01-02-2011,-6.1,-17,-11.2,0.3,11.4,20.2,25689.33
Turkey,02-02-2011,-6.5,-24.5,-15.2,0,7.6,14.8,25328.17
Turkey,03-02-2011,-1.2,-19.5,-11.4,0,9.4,17.6,33723.91
Turkey,04-02-2011,1.1,-8.8,-5,0,11.1,16.6,33861.33
Turkey,05-02-2011,1,-14.1,-7,0,7.5,14.4,33999.7
Turkey,06-02-2011,4.1,-11.2,-4.3,0,12.4,19.4,34138.88
Turkey,07-02-2011,3.7,-7.3,-1.8,0,13.8,20.2,34278.7
Turkey,08-02-2011,4.7,-5.7,-0.3,0,10.4,23.4,33067.12
Turkey,09-02-2011,5.3,-7.8,-1.3,0,11.9,22,34559.69
Turkey,10-02-2011,2.4,-3.7,-0.8,0,13.2,25.9,34700.75
Turkey,11-02-2011,0.7,-7.1,-3.7,0,13,29.5,34843.45
Turkey,12-02-2011,8.7,-7.3,-0.5,0,19.7,40.3,34988.01
Turkey,13-02-2011,4.6,-3.1,-0.1,2.3,18.4,39.2,21888.62
Turkey,14-02-2011,7.4,-4.7,0.5,0.4,19.8,46.4,35243.04
Turkey,15-02-2011,6.6,-2,1.7,3.8,14.9,29.9,31715.01
Turkey,16-02-2011,3.3,-2.7,-0.3,0,11.8,25.2,28977.89
Turkey,17-02-2011,7.4,-5.8,0.2,0,22.6,41.4,35458.25
Turkey,18-02-2011,10,-4.3,1.9,0,10.6,25.2,35529.47
Turkey,19-02-2011,10.9,-1.3,3.8,5.1,26.8,57.2,24958.47
Turkey,20-02-2011,3.3,-1.7,1.2,8,10.2,22,0
Turkey,21-02-2011,5.1,-0.1,2,3.3,11.1,23.4,17947.78
Turkey,22-02-2011,9,-4.3,2.2,0.5,16.2,31,25419.47
Turkey,23-02-2011,8.5,-1.6,2.9,3.9,7.9,29.5,16073
Turkey,24-02-2011,10.9,-2,4.1,0.7,10.6,25.9,32598.09
Turkey,25-02-2011,11.5,-1.5,4.6,0.6,15.1,35.6,36000
Turkey,26-02-2011,3.8,0.4,1.8,9.8,16.1,33.1,0
Turkey,27-02-2011,7.9,-1.5,2.3,0.7,9.3,19.8,29877.23
Turkey,28-02-2011,7.2,-3.5,1.8,0.9,7.9,20.5,20332.81
Turkey,01-03-2011,7.3,-1.3,2.7,0.4,7.1,20.9,18855.5
Turkey,02-03-2011,8.1,-0.4,3.4,0,16.5,33.8,33315.66
Turkey,03-03-2011,5.6,-2.6,1,0,10,24.5,36715.79
Turkey,04-03-2011,8,-4.3,1.7,0,13.1,27,29485.06
Turkey,05-03-2011,7.7,-3.7,1.9,0,7.9,19.1,37737.1
Turkey,06-03-2011,10,-3.9,3,4.1,20,52.9,30178.24
Turkey,07-03-2011,4.1,-1,1.9,7.2,13.4,37.4,18790.65
Turkey,08-03-2011,6.1,-3.3,0.7,1.4,16.6,30.6,36980.13
Turkey,09-03-2011,6.6,-3,1.1,6.7,28.2,73.8,26849.72
Turkey,10-03-2011,1.7,-4.8,-1.9,1.5,10.5,16.9,36557.51
Turkey,11-03-2011,2.3,-4.9,-1.6,0.3,11.8,25.6,16060.2
Turkey,12-03-2011,5.8,-7.2,-0.4,0,10.4,24.8,34701.38
Turkey,13-03-2011,7.4,-3.2,1.8,0,12.2,30.2,38988.77
Turkey,14-03-2011,9.8,-4.4,3.1,0,9,22.3,39188.38
Turkey,15-03-2011,12.7,-4.9,4.3,0,8.9,16.2,39486.09
Turkey,16-03-2011,14.5,-3.6,6,0.2,12.3,27.4,38929.57
Turkey,17-03-2011,16.7,-0.9,8.5,0,16.4,32.4,39816.58
Turkey,18-03-2011,15.4,2.4,8.6,0.5,16.3,25.2,25160.28
Turkey,19-03-2011,14.7,3.7,9,0,17.7,37.1,35012.72
Turkey,20-03-2011,13.5,2.1,7.5,2.3,11.4,21.2,11981.61
Turkey,21-03-2011,7.1,2.4,5.6,6.8,14.3,31.7,9597.9
Turkey,22-03-2011,5.3,-1.3,2,0,23.2,43.9,28912.09
Turkey,23-03-2011,4.2,-3.6,-0.2,0,17.1,33.5,29385.31
Turkey,24-03-2011,6.8,-5.5,0.4,0,18.9,40,39994.64
Turkey,25-03-2011,8.1,-2.7,2.8,0,16.2,34.6,39359.96
Turkey,26-03-2011,14.4,-4.4,5.2,0,11.7,28.1,41430.07
Turkey,27-03-2011,14.2,-1.2,6.5,0,13.3,28.8,33732.89
Turkey,28-03-2011,12.6,1.6,6.8,0.2,12.2,25.9,37188.92
Turkey,29-03-2011,13.5,-0.4,7.3,0.2,12.4,27,41603.44
Turkey,30-03-2011,15.1,1.6,8.3,0,10,26.3,38194.79
Turkey,31-03-2011,15.5,1.4,9,0,8.8,22.3,41718.09
Turkey,01-04-2011,17.4,1.8,10.4,0,7.2,23.8,39577.57
Turkey,02-04-2011,18.5,4.9,10.6,1.6,22.2,56.9,14628.78
Turkey,03-04-2011,15.7,0.4,8.7,0.2,23,51.1,41545.18
Turkey,04-04-2011,13.8,0.6,7.7,2.2,10.2,21.6,39613.81
Turkey,05-04-2011,11.8,3.6,7.1,3.9,12.1,27.4,30755.87
Turkey,06-04-2011,11.3,3,6.5,1.6,16.9,33.8,42058.33
Turkey,07-04-2011,10.9,-0.6,5.5,0,13.7,29.2,37715.71
Turkey,08-04-2011,13.8,-1.1,7.5,0,23.3,43.9,42703.09
Turkey,09-04-2011,14.2,6.1,9.7,8,31.7,58.7,41466.89
Turkey,10-04-2011,10.1,3.4,7,7.1,24.1,52.9,30814.37
Turkey,11-04-2011,7.7,-0.3,3.7,0,16.1,33.8,32518.51
Turkey,12-04-2011,5.1,-1.8,1.5,0.1,24.7,50.8,36944.79
Turkey,13-04-2011,10,-4.3,3.2,0.1,17.3,36.7,35146.25
Turkey,14-04-2011,14.7,-1.8,6.9,0.4,24.6,48.2,41004.56
Turkey,15-04-2011,15,2.4,8.5,1.3,25,51.5,42541.93
Turkey,16-04-2011,15.7,2.9,9.4,3.8,14.5,38.9,36689.77
Turkey,17-04-2011,17.5,5,10.7,1.3,15.3,33.1,36683.69
Turkey,18-04-2011,20.1,3.1,12.2,0.3,25.1,51.5,22712.32
Turkey,19-04-2011,16.1,4,10.1,2.2,30.2,60.5,26134.42
Turkey,20-04-2011,13.2,2.9,8.1,2.9,16.1,32,43377.82
Turkey,21-04-2011,11.2,2.3,6.4,2.1,24.7,50.4,40711.12
Turkey,22-04-2011,13.4,-0.9,5.8,1,20.3,41,40685.14
Turkey,23-04-2011,6.6,0.9,3.6,10.8,10.1,23.4,1595.85
Turkey,24-04-2011,13.5,-1.3,6.6,7.3,8.5,28.8,39584.81
Turkey,25-04-2011,11.3,4.3,7.1,1.5,16.6,35.6,19629.21
Turkey,26-04-2011,14,1.5,7.6,0,10.1,25.2,45226.17
Turkey,27-04-2011,18.1,0.6,10.5,0,7,20.9,37043.93
Turkey,28-04-2011,19.5,3.7,11,6.7,12.9,30.6,32395.57
Turkey,29-04-2011,12.6,7,10,9.1,10.7,32.8,30055.97
Turkey,30-04-2011,15.6,4.4,10.2,0.4,9.4,23.8,40722.53
Turkey,01-05-2011,16.9,4.5,11,0.2,12.2,28.8,43890.32
Turkey,02-05-2011,17.5,6.7,11.3,5.5,15,37.4,40784.03
Turkey,03-05-2011,18.9,4.2,12,0,14.5,27,37874.17
Turkey,04-05-2011,22.3,8.1,14.7,5.5,23.7,48.6,46476.92
Turkey,05-05-2011,16.3,8.3,11.7,11.5,15.6,41.8,43307.87
Turkey,06-05-2011,12.4,6.4,9.3,10.5,19.2,40.3,18540.21
Turkey,07-05-2011,8.9,2.6,5.5,1,21.9,43.6,32424.56
Turkey,08-05-2011,12.9,-0.4,6.6,0,10.2,18.7,46727.98
Turkey,09-05-2011,15.6,0.6,9.4,0,8.6,17.3,45382.08
Turkey,10-05-2011,16.8,4.7,10.7,0.3,13.2,25.2,46013.09
Turkey,11-05-2011,19.5,5.3,12.4,0.5,15.2,27.7,46800
Turkey,12-05-2011,16.8,5.7,11.1,3,18.6,42.1,44811.91
Turkey,13-05-2011,12.8,4.2,8.9,8.9,6.4,18.7,32498.67
Turkey,14-05-2011,14.1,5.7,9.4,1.8,18.7,38.9,43465.43
Turkey,15-05-2011,14,4.1,9.3,0,13.6,26.6,38794.66
Turkey,16-05-2011,17.5,3.7,11.5,0,7.9,16.6,46886.43
Turkey,17-05-2011,20.3,4.2,13,0,7.6,19.1,45239.94
Turkey,18-05-2011,21.5,5.1,14.3,0.8,9.1,22,42267.91
Turkey,19-05-2011,19,7.9,13.5,1.3,14,24.8,39890.45
Turkey,20-05-2011,17.8,7.3,12.4,5.2,8.1,24.5,45140.65
Turkey,21-05-2011,17.1,7.5,12.2,1.6,15.5,32.8,46800
Turkey,22-05-2011,16.6,7.6,11.6,5.9,13.6,33.5,42776.71
Turkey,23-05-2011,16.9,6.1,11.8,0,14.2,28.1,31492.84
Turkey,24-05-2011,19.5,6,13.3,0,17.4,35.6,37804.07
Turkey,25-05-2011,20.4,8.8,14.8,0,13.2,29.5,47170.19
Turkey,26-05-2011,20.9,9.8,15.7,0.2,15.9,31.7,46800
Turkey,27-05-2011,21.2,8.1,15,0,10.2,25.6,44100.45
Turkey,28-05-2011,21.5,11.2,15.9,1.6,12.3,36,45537.43
Turkey,29-05-2011,19.9,7.7,14.4,2.1,15.2,33.1,46930.87
Turkey,30-05-2011,21.5,8.3,15.4,0,11.3,23,46925.56
Turkey,31-05-2011,23.3,9.1,17.3,0,10.9,20.5,47533.16
Turkey,01-06-2011,22.2,8.6,16.4,1.3,13.8,25.2,47287.88
Turkey,02-06-2011,20.6,10.1,15.7,0.8,14.8,32.8,47161.31
Turkey,03-06-2011,21.3,10.7,16.6,0,9.7,26.3,47414.76
Turkey,04-06-2011,21.9,11.1,16.8,0.1,14.3,33.1,47296.68
Turkey,05-06-2011,22.3,10.3,16.4,0,15.9,31.7,47686.82
Turkey,06-06-2011,23.1,9.8,16.6,0,16.6,32,48304.01
Turkey,07-06-2011,24.5,10.9,18,0,10.7,25.6,48579.12
Turkey,08-06-2011,25.8,12.7,19.4,0,14.5,29.5,47778.02
Turkey,09-06-2011,27.7,11.8,20.9,0,15.9,34.9,47779.57
Turkey,10-06-2011,26.6,13.1,19.8,1.1,17.6,39.2,47420.09
Turkey,11-06-2011,18.8,11.3,15.1,13,16,39.6,43252.84
Turkey,12-06-2011,19.5,10.2,15.3,0.1,10.5,27.4,47274.1
Turkey,13-06-2011,19,11.7,14.7,9.5,14.1,35.3,33033.5
Turkey,14-06-2011,17.5,11.3,14.2,2.6,12.7,26.6,40865.58
Turkey,15-06-2011,21.3,8.2,16.1,0.1,9.5,18.7,48264.33
Turkey,16-06-2011,24.3,11.2,17.8,0.6,13.1,23.8,48359.35
Turkey,17-06-2011,23.5,11.7,17.9,0.4,15,25.6,46113.7
Turkey,18-06-2011,22.6,12.4,17.3,0.4,14.4,30.6,47254.32
Turkey,19-06-2011,22.5,11.4,17,0.3,13.4,27.7,47406.14
Turkey,20-06-2011,25.3,10.9,19,0,11.6,27.7,49094.44
Turkey,21-06-2011,25.6,12.5,19.3,0,19.8,39.6,49196.89
Turkey,22-06-2011,23.7,10.8,17.4,0,22.7,43.9,49210.63
Turkey,23-06-2011,23.8,8.7,16.5,0,21.9,45.4,49222.73
Turkey,24-06-2011,26.3,8.4,17.8,0,18.7,40,49316.62
Turkey,25-06-2011,28.7,11.1,20,0,12,23.8,49324.04
Turkey,26-06-2011,27.3,12.2,20.2,0,25.8,48.6,48680.45
Turkey,27-06-2011,16.5,9.6,12.4,3.1,16.1,34.9,16290.08
Turkey,28-06-2011,20.1,9,14.9,0.1,7.6,22,49176.81
Turkey,29-06-2011,25.4,9.6,18.4,0,13.6,23.8,45205.78
Turkey,30-06-2011,23.5,11.6,18,0,15,34.9,49022.82
Turkey,01-07-2011,25.5,12.1,19.4,0,14.1,29.5,47246.93
Turkey,02-07-2011,26,11.1,19.7,0.2,16.5,34.2,48900.84
Turkey,03-07-2011,27.4,14.6,21.5,0,10.3,24.8,49136.11
Turkey,04-07-2011,29.7,12.8,22.6,0,18.3,32.4,49161.42
Turkey,05-07-2011,27.3,14.5,21.1,0,12.6,31.7,49116.88
Turkey,06-07-2011,30.4,14.7,23.2,0,10.1,22.7,47397.36
Turkey,07-07-2011,29.6,17.5,23.3,0.2,17.7,36.4,49091
Turkey,08-07-2011,30,14.6,22.7,0,17,36,49075.54
Turkey,09-07-2011,30.3,14.1,22.6,0,20.5,38.9,49058.38
Turkey,10-07-2011,28.1,13.6,21,0,25.2,48.2,49039.53
Turkey,11-07-2011,27.9,13.1,20.6,0,22.9,47.2,49018.97
Turkey,12-07-2011,28.3,12.7,20.3,0,23.1,46.4,48673.7
Turkey,13-07-2011,28.5,14.3,21.6,0,18.8,34.9,48806.23
Turkey,14-07-2011,28.8,16.3,22.7,0.4,16.8,30.6,47401.07
Turkey,15-07-2011,28,16.1,22.5,0,14,32.8,48647.58
Turkey,16-07-2011,26.5,15,21.1,0.2,21,40.7,47539.34
Turkey,17-07-2011,25.5,14.6,20.4,0.2,19.7,38.5,37016.27
Turkey,18-07-2011,29.9,16.1,23,0.1,20.2,37.4,48345.49
Turkey,19-07-2011,27.5,15.1,21.6,0.3,21.1,40.3,47935.99
Turkey,20-07-2011,27.9,14.4,21.7,0,14.3,33.1,48588.61
Turkey,21-07-2011,32.7,14.5,25,0,14.4,30.2,48704.01
Turkey,22-07-2011,32,17.3,24.8,0,20.7,37.8,47530.79
Turkey,23-07-2011,28.2,15.7,22.1,0,19.9,38.5,48287.79
Turkey,24-07-2011,29,13.9,21.7,0,12.1,28.1,48486.45
Turkey,25-07-2011,33,14.4,24.6,0.2,19.6,42.1,48052.49
Turkey,26-07-2011,33.1,15.2,25.2,0,11.6,20.2,48111.3
Turkey,27-07-2011,34.6,17.3,27.1,0,12.3,24.8,48045.53
Turkey,28-07-2011,33.1,17.1,25.5,0,21.3,41,47630.07
Turkey,29-07-2011,36.2,17.5,27.2,0,12.6,30.2,47340.94
Turkey,30-07-2011,36.9,19.2,29.3,0,9.5,18.7,46838.88
Turkey,31-07-2011,34.3,20.3,27.7,0,13.8,30.2,47330.22
Turkey,01-08-2011,35,19.2,28.2,0,11.7,24.1,46529
Turkey,02-08-2011,33.4,20.4,26.8,0,22,42.5,46097.74
Turkey,03-08-2011,28.7,17.3,22.6,0,21.3,41,46537.16
Turkey,04-08-2011,27.8,15.4,21.2,0,23.4,45.4,46391.5
Turkey,05-08-2011,27.1,14.9,20.8,0,19.1,38.2,46214.93
Turkey,06-08-2011,27.6,12.3,20,0,19.2,40,46473.53
Turkey,07-08-2011,27.2,12,19.8,0,17.6,36.4,46416.99
Turkey,08-08-2011,29.4,11.6,20.8,0,16.3,37.1,46359.2
Turkey,09-08-2011,30.7,13.2,21.7,0,16.2,33.5,46223.35
Turkey,10-08-2011,31.3,13.7,22.4,0,14.2,30.6,46094.53
Turkey,11-08-2011,32,15.7,24.4,0,9.3,24.8,45877.87
Turkey,12-08-2011,24.8,15.9,20.9,0,15.6,33.1,45827.38
Turkey,13-08-2011,23.8,15.7,19.7,0.1,11.5,26.3,33468.81
Turkey,14-08-2011,26.5,14.8,21.1,0,12.3,28.8,45725.79
Turkey,15-08-2011,29.4,14.9,22.5,0,15.5,31.3,45674.74
Turkey,16-08-2011,29.1,15.6,22.5,0,16.5,36,45623.56
Turkey,17-08-2011,28.4,14.2,21.8,0,17,35.3,45572.25
Turkey,18-08-2011,26.9,13.3,20.6,0,21,43.6,45520.85
Turkey,19-08-2011,24.1,13.8,18.8,0,24.3,48.6,40006.61
Turkey,20-08-2011,26.5,14.9,19.8,0,22,43.6,43472.7
Turkey,21-08-2011,26.8,12.1,19.2,0,18,35.3,44970.94
Turkey,22-08-2011,27.2,12,19.5,0,17.3,34.6,44606.3
Turkey,23-08-2011,27.3,10.9,19.5,0,18,34.9,45089.73
Turkey,24-08-2011,26.5,11.4,18.8,0,19.2,39.2,44679.54
Turkey,25-08-2011,25.7,10.1,18.1,0,21.4,43.6,44819.33
Turkey,26-08-2011,25.8,10.1,18,0,18.8,39.6,44683.48
Turkey,27-08-2011,26.6,11.8,18.8,0,13.3,30.2,43380.91
Turkey,28-08-2011,27.6,10.8,19.1,0,16.5,32.8,44151.2
Turkey,29-08-2011,32,11.6,22,0,8,23,44169.04
Turkey,30-08-2011,31.2,13.6,23.1,0.2,19.9,41.8,43944.2
Turkey,31-08-2011,28,15.8,22,0,16.3,36,43489.88
Turkey,01-09-2011,26.2,14.7,20.2,0,15,31.3,43501.3
Turkey,02-09-2011,25.6,12.4,19.1,0,22.9,43.9,43172.45
Turkey,03-09-2011,23.4,12.9,17.9,0,22.3,41.8,38851.8
Turkey,04-09-2011,25.1,10.6,17.7,0,21.7,41.4,42644.37
Turkey,05-09-2011,24.7,9.4,17.4,0,13.7,29.9,42544.82
Turkey,06-09-2011,25.2,10.6,18,0,14.5,32.8,42443.81
Turkey,07-09-2011,24.8,9.1,16.9,0,10.9,28.4,42341.36
Turkey,08-09-2011,26,10.8,18.8,0,9.8,22.7,42141.64
Turkey,09-09-2011,28.6,10.5,20.4,0,17,32.4,41946.16
Turkey,10-09-2011,25.9,13.6,19.3,0,16.3,34.6,41264.44
Turkey,11-09-2011,24.6,11,17.8,0,15.5,32.4,41150.79
Turkey,12-09-2011,24.8,9.1,16.9,0,15.9,35.3,41008.96
Turkey,13-09-2011,26.1,10,17.7,0,16.6,34.6,40761.09
Turkey,14-09-2011,26.2,10.4,17.7,0,14.8,32.4,40554.72
Turkey,15-09-2011,25.3,10.8,17.7,0,11.5,27.4,40333.41
Turkey,16-09-2011,25.3,11.7,18.2,0,15.9,33.8,40056.37
Turkey,17-09-2011,25.1,9.6,17.5,0,17.8,36.4,39937.83
Turkey,18-09-2011,26.2,9.6,17.7,0,12.6,28.8,39845.82
Turkey,19-09-2011,25.3,9.9,17.7,0,11.9,27,39762.17
Turkey,20-09-2011,25.5,11.5,19.2,0,12.5,31.3,39687.65
Turkey,21-09-2011,25.6,10.2,19,0,6.4,21.2,39623.11
Turkey,22-09-2011,27,9.3,17.5,2.2,18,37.8,30777.28
Turkey,23-09-2011,21.9,11.6,15.7,1.2,16.5,32.4,19746.62
Turkey,24-09-2011,19.1,10.6,14.6,0.4,17.5,35.3,31875.78
Turkey,25-09-2011,21.1,8.2,14.6,0,16.9,35.3,39600
Turkey,26-09-2011,20.8,7.7,13.7,0,19.4,38.2,39600
Turkey,27-09-2011,21.6,6.7,13.5,0,14.2,28.8,39600
Turkey,28-09-2011,21.9,6.7,14,0,10.5,23,39600
Turkey,29-09-2011,20.5,7.5,13.7,0,13.9,27.4,39593.64
Turkey,30-09-2011,16.7,7.6,11.6,0,18,37.1,27099.83
Turkey,01-10-2011,15,4.2,9.3,0,17.4,36,39384.59
Turkey,02-10-2011,18.2,2,10.8,0,8.2,18.7,39230.51
Turkey,03-10-2011,16.9,5.7,10.9,0,14.1,31.7,39076.7
Turkey,04-10-2011,18.6,2.5,11.3,0,8.6,19.4,38923.25
Turkey,05-10-2011,20.4,3.2,12.5,0,10.7,21.6,38770.28
Turkey,06-10-2011,21.1,4.7,13.5,0,10.5,17.6,38617.88
Turkey,07-10-2011,21.6,5,13.8,0,8.7,19.4,38466.15
Turkey,08-10-2011,21,8,14,0,10.9,24.8,36214.22
Turkey,09-10-2011,23.7,7.7,15.5,0.2,21.1,45,33450.44
Turkey,10-10-2011,17.9,13.5,15.6,4,13.2,45.4,10050.56
Turkey,11-10-2011,26.3,11.4,18.6,0,32.8,60.1,36811.83
Turkey,12-10-2011,19.8,10.6,14.7,6.2,20.3,50,34314.09
Turkey,13-10-2011,15.3,7.3,11.5,1.2,10.8,27.7,33109.16
Turkey,14-10-2011,17.6,5.9,12,0,16.2,34.6,37298.46
Turkey,15-10-2011,19.2,6.8,12.8,0,6.6,18.7,37242.3
Turkey,16-10-2011,19,6.6,12.7,0,15.8,36,35130.96
Turkey,17-10-2011,18.6,6.3,12.6,0,16.7,38.9,33762.32
Turkey,18-10-2011,13.8,4.4,9.3,3.2,16.9,41.4,35542.88
Turkey,19-10-2011,9.3,-0.8,4.1,0.1,14.8,31.7,36627.54
Turkey,20-10-2011,11.4,-0.8,5.2,0,8.2,19.8,36474.82
Turkey,21-10-2011,15.3,-2.4,6.8,0,10.2,19.4,36322.76
Turkey,22-10-2011,16.1,1.4,8.4,0,10.6,19.8,30809.09
Turkey,23-10-2011,14.1,3.2,7.6,0,10.5,22.3,35182.32
Turkey,24-10-2011,15.1,2.4,8.4,0,9.2,15.5,25480.59
Turkey,25-10-2011,15.1,5.1,9.2,0,12.1,25.6,33052.91
Turkey,26-10-2011,11.6,3.1,6.5,0,17.4,33.8,26907.71
Turkey,27-10-2011,8.6,1.2,3.9,0,21,39.6,33838.08
Turkey,28-10-2011,11.2,-0.1,4.5,0,21.3,40,32954.77
Turkey,29-10-2011,11,2.6,5.4,0,16.6,33.5,33008.3
Turkey,30-10-2011,9.9,2.2,4.9,0,20.2,37.8,25249.44
Turkey,31-10-2011,11.7,1.9,5.3,0,11.9,24.8,30760.24
Turkey,01-11-2011,11.7,-2.4,5,0,6.6,17.6,34179.74
Turkey,02-11-2011,12.5,-2.6,5.1,0,11.9,21.6,33559.43
Turkey,03-11-2011,9,0.3,3.8,4.2,16.2,37.1,24841.41
Turkey,04-11-2011,4.8,0.9,2.6,10.4,20.6,48.2,4987.5
Turkey,05-11-2011,7.1,0.9,3.6,0.2,20.5,38.5,6012.2
Turkey,06-11-2011,7.7,-0.9,2.5,0,14.8,31.7,32672.87
Turkey,07-11-2011,5.9,-3.2,1.2,0,14.9,31.7,32865.91
Turkey,08-11-2011,6.1,-4.9,-0.1,0,9.4,19.4,32856.48
Turkey,09-11-2011,9.9,-5.5,1.5,0,14.3,26.6,33021.13
Turkey,10-11-2011,9.6,-1.6,3.6,0,15.3,33.5,29898.36
Turkey,11-11-2011,7.1,0.4,3.2,1,15.8,32.4,28800
Turkey,12-11-2011,2.5,-4.8,-1,0.8,16.4,34.2,32373.12
Turkey,13-11-2011,4.7,-7,-2.2,0,17.3,32.8,32627.89
Turkey,14-11-2011,6.5,-5.7,-0.4,0,14.8,31.3,31243.6
Turkey,15-11-2011,5.1,-1.6,1.6,1.2,8.4,32.8,971.73
Turkey,16-11-2011,6.6,-1.9,2,0,8.5,19.4,22741
Turkey,17-11-2011,7.2,-1.7,2.3,0,12.8,24.8,20309.62
Turkey,18-11-2011,7.1,-2.2,1.7,0,13.1,27.4,26201.76
Turkey,19-11-2011,7.9,-3.1,1.6,0,16.6,33.1,25944.64
Turkey,20-11-2011,5.4,-0.7,1.6,0,10.2,22.7,18096.58
Turkey,21-11-2011,6.7,-1.7,1.7,0,7.3,17.3,31942.65
Turkey,22-11-2011,8.1,-5.1,1,0,8,19.8,31904.5
Turkey,23-11-2011,6,-3.9,0.2,0,11.6,20.2,31868.27
Turkey,24-11-2011,4,-5.2,-1.2,0,17,33.1,31511.07
Turkey,25-11-2011,3.1,-7.4,-3.3,0,11.9,23.8,31717.48
Turkey,26-11-2011,4,-6.9,-2.1,0,5.9,14,31618.44
Turkey,27-11-2011,4.6,-8.2,-2.1,0,8.1,17.3,31522.11
Turkey,28-11-2011,4.3,-6.7,-1.4,0,8,18.4,31428.65
Turkey,29-11-2011,5.5,-4.3,-0.8,0,12.1,24.8,31338.23
Turkey,30-11-2011,5.3,-6.8,-1.2,0,9.5,18.4,31251.01
Turkey,01-12-2011,4.7,-5.4,-0.8,0,6.5,16.9,31167.19
Turkey,02-12-2011,5.8,-6.2,-1,0,10.1,23,31086.91
Turkey,03-12-2011,6.4,-7.2,-1.3,0,5.7,15.1,31010.36
Turkey,04-12-2011,8.9,-6.3,0,0,6.1,15.1,30937.71
Turkey,05-12-2011,9.8,-5.9,0.6,0,6.6,15.1,30869.14
Turkey,06-12-2011,9.5,-6,0.1,0,9.2,20.9,30804.82
Turkey,07-12-2011,10.7,-3.2,2.4,0,11.2,23.8,30744.93
Turkey,08-12-2011,5.5,0.3,2.3,8.7,10.9,22.7,0
Turkey,09-12-2011,1.6,-2.3,-0.2,5.2,18.4,40,15898.06
Turkey,10-12-2011,1.5,-5.1,-2.3,0,12.8,23.8,29816.31
Turkey,11-12-2011,7.3,-6.2,-0.6,0,6.8,17.6,30541.62
Turkey,12-12-2011,7,-4.3,0.4,0,5.4,12.2,29975.02
Turkey,13-12-2011,8.3,-5.1,0.5,0,6.8,15.1,30461.67
Turkey,14-12-2011,8.9,-2.2,2.3,0,5.6,13.3,29025.69
Turkey,15-12-2011,6.8,-4.2,0.7,0,7.2,14.4,30396.79
Turkey,16-12-2011,8.7,-5.7,0,0,13.1,23.4,29934.82
Turkey,17-12-2011,7.2,-2.2,1.6,4.6,17.4,35.3,23387.5
Turkey,18-12-2011,10,-2.8,2.2,0,18,35.6,30328.73
Turkey,19-12-2011,10.7,-1.8,2.5,0,9.9,22.7,29412.82
Turkey,20-12-2011,13.5,-3.3,3.8,0,17.8,34.9,27093.17
Turkey,21-12-2011,10.6,-1,3.9,0.2,15.6,36.7,28280.46
Turkey,22-12-2011,9.1,-2.2,2.8,0,12.3,27.4,29393.73
Turkey,23-12-2011,8.7,-2,3.1,1.4,16.1,37.4,25985.41
Turkey,24-12-2011,5.5,-1,1.6,6.4,16.3,40,24356.94
Turkey,25-12-2011,-0.8,-2.9,-1.7,4.2,20.9,38.9,1281.36
Turkey,26-12-2011,1.1,-4.5,-2.2,0,11.2,24.5,29306.99
Turkey,27-12-2011,1.8,-5.3,-2.6,0,8,21.6,29482.62
Turkey,28-12-2011,1.5,-6.7,-3.4,0,6.5,15.8,30370.81
Turkey,29-12-2011,3.6,-6.8,-3,0,6.9,16.2,30394.91
Turkey,30-12-2011,6,-7.2,-2.3,0,9.9,23.4,30432.18
Turkey,31-12-2011,4.6,-4.7,-1,0,11.6,23.8,25964.21
Turkey,01-01-2012,5.4,-2.8,0.7,1.2,13.6,28.8,4481.13
Turkey,02-01-2012,3.8,-2.5,0.4,1.9,15.6,31.3,27061.84
Turkey,03-01-2012,3.4,-5.1,-1.2,0,5.1,15.8,30605.74
Turkey,04-01-2012,6.3,-6.5,-1.3,0,6.6,15.5,30659.09
Turkey,05-01-2012,8,-5.9,-0.8,0,8.1,16.6,30712.37
Turkey,06-01-2012,7.1,-4.4,0.2,0,18.4,34.6,30714.92
Turkey,07-01-2012,7.9,-1.6,2.5,0,21.7,40.3,30306.92
Turkey,08-01-2012,6.5,-2.2,2.4,0.1,20.6,42.8,20219.51
Turkey,09-01-2012,5.5,-3.5,-0.3,8,21.9,51.8,26705.04
Turkey,10-01-2012,4.7,-4.1,-0.5,0.9,11.6,22,1762.43
Turkey,11-01-2012,7.5,-3.1,1,0.3,13.5,30.6,28098.04
Turkey,12-01-2012,2.4,-2,-0.3,2.8,8.9,22.3,21788.68
Turkey,13-01-2012,2.3,-2.9,-0.6,0,9.7,22,20124.05
Turkey,14-01-2012,5.6,-6,-1,0,20.1,38.9,31026
Turkey,15-01-2012,1.5,-2,-0.1,12.9,12.8,41.8,9333.98
Turkey,16-01-2012,-2.2,-9.8,-4.2,12.5,13.7,35.3,4282.72
Turkey,17-01-2012,-9.8,-18.1,-12.8,0,5,12.2,26206.12
Turkey,18-01-2012,-12.1,-23.3,-17.4,0,7.6,13,31110.88
Turkey,19-01-2012,-11.9,-25.6,-19.4,0,7.7,13.7,29881.8
Turkey,20-01-2012,-7.8,-22.7,-16.3,0,8.4,13.7,30783.61
Turkey,21-01-2012,0.9,-16.2,-6.4,0.1,9.6,20.5,23113.9
Turkey,22-01-2012,2.6,-5.2,-1.4,2,13,27.7,20136.39
Turkey,23-01-2012,1.3,-7.7,-3.4,0.8,12.7,24.8,32271.08
Turkey,24-01-2012,2.3,-11.5,-5.1,0,10.8,19.4,29106.14
Turkey,25-01-2012,1.2,-7,-2.2,9.6,11.5,26.6,31.23
Turkey,26-01-2012,3.7,-6.6,-1,0.9,13.5,34.9,27640.37
Turkey,27-01-2012,2.8,-2.2,-0.3,5.1,13.4,41.4,29904.31
Turkey,28-01-2012,-1.7,-7.6,-3.4,2.5,14.7,32.4,26768.28
Turkey,29-01-2012,-2,-11.6,-7,0,7.3,18.4,33034.2
Turkey,30-01-2012,-0.3,-7.7,-4.7,0.5,11.6,21.6,29347.47
Turkey,31-01-2012,-5.2,-9.5,-6.6,3.1,12.9,27,433.03
Turkey,01-02-2012,-7.2,-12.5,-10.6,0,15.3,28.8,33423.89
Turkey,02-02-2012,-2.5,-16.2,-10.1,0,8.9,23,33556.04
Turkey,03-02-2012,4.9,-8.3,-3.3,0,10.1,17.3,30769.34
Turkey,04-02-2012,4.5,-7.3,-3,0,9,18.7,33822.81
Turkey,05-02-2012,7.4,-7.2,-1.9,0,7.6,16.6,33957.36
Turkey,06-02-2012,5.6,-7.2,-2.2,0,11.9,18.4,34093.94
Turkey,07-02-2012,4.1,-5.8,-0.7,6.6,18,46.4,23324.73
Turkey,08-02-2012,4.3,-5.3,-0.4,1.9,16.1,36.4,33931.31
Turkey,09-02-2012,0.4,-3.6,-2,7.4,8,27.7,3380.9
Turkey,10-02-2012,-4.6,-10.1,-7.3,0.4,10.2,20.5,33917.12
Turkey,11-02-2012,-5.2,-18.8,-12.9,0,8.2,13.7,33276.08
Turkey,12-02-2012,2.6,-21.9,-10.2,0,10.5,21.6,32274.43
Turkey,13-02-2012,4.7,-10.1,-4,0,11.3,22.3,35102.18
Turkey,14-02-2012,6.3,-9,-2.4,0,16.4,33.5,35225.47
Turkey,15-02-2012,4.7,-5.3,-1.2,7.3,18.4,51.8,14754.85
Turkey,16-02-2012,2,-6.2,-2.5,0.1,14.3,30.2,35370.5
Turkey,17-02-2012,-1.8,-7.4,-4.1,13.1,15.6,31,385.11
Turkey,18-02-2012,-4,-8.7,-5.8,6.7,24.1,45.4,15312.55
Turkey,19-02-2012,-6.5,-16,-10.1,0,6.9,12.2,35585.2
Turkey,20-02-2012,-6.8,-21.5,-14.6,0,7.2,15.8,35655.85
Turkey,21-02-2012,-2.6,-24.4,-13.2,0,6.7,14.8,35725.98
Turkey,22-02-2012,-1.7,-15.7,-8.5,0,11.1,15.1,36014.45
Turkey,23-02-2012,0.2,-13.5,-6.7,0,8.4,18,36095.48
Turkey,24-02-2012,2.8,-9,-3.2,0,7.9,18.7,36319.38
Turkey,25-02-2012,3.7,-4.2,-0.6,0.7,17.7,35.3,28411.99
Turkey,26-02-2012,5,-2,1.1,2.3,14.7,30.6,30983.65
Turkey,27-02-2012,6.3,-3.7,0.5,1.4,17.5,49,19167.33
Turkey,28-02-2012,6.3,-6,0.1,1.1,22.6,45,22036.53
Turkey,29-02-2012,2.1,-6,-2.2,8.8,20,51.5,25200
Turkey,01-03-2012,-4.9,-10.7,-7.1,6.3,21.6,38.9,14889.01
Turkey,02-03-2012,-3.4,-13.1,-8.9,0.2,12.7,26.3,32400
Turkey,03-03-2012,0,-12.1,-5.4,6.2,24.2,60.1,23372.66
Turkey,04-03-2012,-2.7,-14,-7.5,0.3,23.7,40.3,37365.17
Turkey,05-03-2012,1.3,-11.2,-5.8,0,13.7,31,37720.72
Turkey,06-03-2012,1.2,-5.9,-1.9,7.7,9.4,18.7,1678.38
Turkey,07-03-2012,3.8,-2.2,0.2,1.4,13.7,27,29940.73
Turkey,08-03-2012,6,-6.5,0.2,0.2,14.4,32.8,35280.42
Turkey,09-03-2012,5.6,-2.5,1.8,1.9,18.7,43.9,22314.48
Turkey,10-03-2012,3.3,-3.9,-0.9,0,13.3,28.8,30522.01
Turkey,11-03-2012,5.7,-4.7,0.2,0,9.7,22.3,38284
Turkey,12-03-2012,8.6,-4.2,2.2,3.5,22.7,46.1,38377.94
Turkey,13-03-2012,9.7,-2.1,3,2.2,17.7,39.2,36432.45
Turkey,14-03-2012,8.4,-0.2,2.9,14.2,14,36.4,26642.47
Turkey,15-03-2012,3.8,-2.1,0.5,3.9,15.2,33.1,32024.13
Turkey,16-03-2012,-1.9,-9.2,-4.8,3.7,23.7,43.9,37374.57
Turkey,17-03-2012,0.4,-10.1,-5.2,0,18.9,38.9,39896.89
Turkey,18-03-2012,8,-6.3,0.4,0,6.8,16.2,40218.74
Turkey,19-03-2012,11.1,-5.4,2.7,0,7.9,15.5,40443.71
Turkey,20-03-2012,11.6,-4.8,3.8,0,10.5,23.8,40645.94
Turkey,21-03-2012,10.3,-2.7,3.9,0.4,16.7,33.5,39892.84
Turkey,22-03-2012,8.9,-1.6,3.4,0,18.8,34.6,35475.87
Turkey,23-03-2012,8.6,-3.1,3.1,0,15,32.4,37524.98
Turkey,24-03-2012,11.8,-4.7,4,0,8.1,18.4,41262.32
Turkey,25-03-2012,12.8,-4.2,4.5,0,10.3,17.6,41414.85
Turkey,26-03-2012,12.8,-1.8,5.2,0.5,13,29.5,34012.89
Turkey,27-03-2012,3.6,-2.5,1.1,0.6,16.5,34.9,19654.6
Turkey,28-03-2012,5.4,-6.1,-0.3,0.2,17.1,37.8,23086.52
Turkey,29-03-2012,6.6,-4.1,1,0,9.4,22.3,34940.49
Turkey,30-03-2012,11.5,-4.7,3.5,0,21.4,45,39613.19
Turkey,31-03-2012,8.7,0.8,4,10.9,19.8,53.6,23759.84
Turkey,01-04-2012,12.7,0,6,1.4,19.8,43.6,41816.74
Turkey,02-04-2012,11.9,-1.2,5.8,0.7,21.3,44.3,41265.73
Turkey,03-04-2012,14.2,-1,7,0,8.8,22.7,41946.25
Turkey,04-04-2012,17.3,-1.3,8.9,0,7.9,20.2,42227.68
Turkey,05-04-2012,20.2,0.7,11.6,0,8.2,22.3,40150.53
Turkey,06-04-2012,20.8,3,12.6,0,20.7,40,40755.76
Turkey,07-04-2012,18.7,3.3,11.8,0,23.8,47.5,42683.86
Turkey,08-04-2012,19,4,11.6,0,23.5,45.4,42554.7
Turkey,09-04-2012,18.2,5.4,11.8,1.6,32.1,64.4,39177.85
Turkey,10-04-2012,15.6,1.5,9.1,0.1,26,50,41038.91
Turkey,11-04-2012,13.1,2.2,7.3,1.3,19.2,32.8,32306.82
Turkey,12-04-2012,13.2,3.2,7.8,2.2,19.5,40.7,42654.73
Turkey,13-04-2012,16.1,0.2,8.8,0.1,13.4,30.6,43800.86
Turkey,14-04-2012,20.5,3.2,12,0,13.5,29.9,34265.2
Turkey,15-04-2012,17,6.6,11.6,11.9,18.4,46.1,40838.42
Turkey,16-04-2012,16,5.1,10.2,0.4,17,37.1,40245.14
Turkey,17-04-2012,18.2,1.5,10.7,0,9.1,24.5,44780.78
Turkey,18-04-2012,22.8,2.7,13.2,0.2,32.2,83.2,40149.37
Turkey,19-04-2012,15.3,6.3,10.5,1.4,23.7,65.9,42954.18
Turkey,20-04-2012,17.1,4,10.9,0,11.1,28.8,45109.73
Turkey,21-04-2012,19.6,4.5,12,0.1,23.9,45.4,45328.5
Turkey,22-04-2012,15.8,4.4,10.1,1.3,17.7,37.8,45118.34
Turkey,23-04-2012,17.1,3.7,11.2,0,12,24.8,45593.99
Turkey,24-04-2012,19.1,3.6,12,0,11.4,24.8,45724.27
Turkey,25-04-2012,21.1,4,13.7,0,8.9,22.7,45635.22
Turkey,26-04-2012,21.9,5.6,14.7,0,9.4,20.5,45971.84
Turkey,27-04-2012,23.2,5.7,15.1,0.4,12.2,29.5,45798.84
Turkey,28-04-2012,22.9,9.1,15.3,1.1,17.4,36.7,45111.88
Turkey,29-04-2012,24.6,6.7,16.1,0,9.5,33.5,44207.03
Turkey,30-04-2012,24.1,9.5,17.3,0,14.4,27.4,43806.46
Turkey,01-05-2012,24.4,8.4,16.8,0,12,28.1,46325.84
Turkey,02-05-2012,25.2,10.1,16.8,1.4,15.1,43.6,28957.62
Turkey,03-05-2012,20.3,11.1,14.9,7.6,12.8,29.2,30399.09
Turkey,04-05-2012,21.1,8.3,14,3.7,10.5,25.9,42926.73
Turkey,05-05-2012,19.6,10,14.3,2.1,13.5,33.1,36790.21
Turkey,06-05-2012,18.5,7.9,13.3,1,10.8,31,41690.79
Turkey,07-05-2012,17.1,9.1,12.7,3.5,13,33.8,31541.22
Turkey,08-05-2012,20.3,7.8,14.3,0,10.9,27.7,46777.59
Turkey,09-05-2012,22.7,6.8,15.7,0.6,8.8,20.2,46800
Turkey,10-05-2012,21.8,7.8,15.1,1.1,18.5,31.7,27056.51
Turkey,11-05-2012,21.5,7.9,14.4,2.6,13.1,31.3,41835.27
Turkey,12-05-2012,22.1,7.1,14.6,2.2,16.6,33.1,40851.96
Turkey,13-05-2012,19.4,8.6,13.8,1.6,11.8,31,46800
Turkey,14-05-2012,18.1,7.9,13.3,9.5,10,26.6,45905.93
Turkey,15-05-2012,20.9,8.3,14.6,0,15.9,33.8,45312.39
Turkey,16-05-2012,22.3,9,14.9,1.8,26.6,47.9,38026.25
Turkey,17-05-2012,21.6,8.4,15,0.5,14.7,26.6,45890.91
Turkey,18-05-2012,23.6,8,16.1,0.1,26.6,51.1,47063.91
Turkey,19-05-2012,22.8,7,15.4,0.3,33,64.8,46870.79
Turkey,20-05-2012,19.4,6.9,13.5,1,15.2,34.6,46865.51
Turkey,21-05-2012,18.2,8.1,13.3,0,11.2,25.6,44322.37
Turkey,22-05-2012,21.2,6.4,14.6,0,10.2,26.3,47273.05
Turkey,23-05-2012,22.1,8.3,15.6,0,20.4,37.1,45011.57
Turkey,24-05-2012,20.6,10.3,15.4,2.2,16.9,37.8,46800
Turkey,25-05-2012,18.4,9.3,13.6,1.7,16.5,36,46704.59
Turkey,26-05-2012,18.8,8.6,14,0.5,17,35.6,41951.71
Turkey,27-05-2012,20.5,10.8,15.7,0,10.6,27,47053.19
Turkey,28-05-2012,23.4,8.6,15.9,1.4,20,40.7,43071.93
Turkey,29-05-2012,22.5,10.5,16.3,1.6,13.5,33.1,45789.71
Turkey,30-05-2012,21.7,9.5,16.1,0,19.6,39.2,47796.22
Turkey,31-05-2012,20,8.2,14.3,3.8,12.9,37.8,46881.01
Turkey,01-06-2012,18.5,8.2,13.3,4.5,12.5,29.9,38230.65
Turkey,02-06-2012,22.9,6.5,16.1,0,10.9,24.1,48274.14
Turkey,03-06-2012,25,8.2,18.3,0,11.3,24.5,47767.79
Turkey,04-06-2012,23.3,13.1,17.3,4,16.9,38.9,42568.23
Turkey,05-06-2012,24.4,9.8,18.2,0,13.7,31,48345.71
Turkey,06-06-2012,26.5,10.4,19.3,1.3,15.2,34.9,47109.18
Turkey,07-06-2012,22.1,11,16.3,1,24.5,50.8,47104.53
Turkey,08-06-2012,19.7,9.5,14.6,0,16.6,33.8,37894.73
Turkey,09-06-2012,24.7,8.2,16.6,0,15,32.4,48738.89
Turkey,10-06-2012,28.2,10.7,19.5,0,10.7,18,49065.09
Turkey,11-06-2012,29.9,13.7,22.4,0,11.6,21.2,49093.13
Turkey,12-06-2012,30.1,13.7,23,0,16.9,36,49119.96
Turkey,13-06-2012,31.7,13.1,23.5,0,15.6,34.6,49234.72
Turkey,14-06-2012,32.8,15.2,25.1,0,9.6,23,48017.41
Turkey,15-06-2012,32.3,18.3,25.5,0,21.8,40.3,48447.91
Turkey,16-06-2012,30.9,15.6,23.2,0,22,48.6,48506.73
Turkey,17-06-2012,29,13.8,21.1,0,23.2,47.9,49056.95
Turkey,18-06-2012,27.1,10.2,19.3,0,24.5,49.7,49251.39
Turkey,19-06-2012,28.5,11.3,20.3,0,21.9,46.8,49267.59
Turkey,20-06-2012,29.5,12.4,21.2,0,23.5,47.5,49195.44
Turkey,21-06-2012,29.3,12.7,21.2,0,17.2,40,47791.34
Turkey,22-06-2012,29.4,13.9,21,1.9,18.9,46.8,45593.66
Turkey,23-06-2012,29.2,13.5,21,1.4,22,50.4,48054.89
Turkey,24-06-2012,27.5,13.9,20.8,0.3,22.1,45.7,48447.28
Turkey,25-06-2012,27.2,15.2,21,0,17,38.2,48137.96
Turkey,26-06-2012,29.1,14.9,22.3,0.2,15.5,31.3,49042.58
Turkey,27-06-2012,28.2,14.8,22,0,20,41,48896.82
Turkey,28-06-2012,23.8,14.8,18.8,0.9,20.8,43.6,44867.21
Turkey,29-06-2012,24,10.6,17.7,0,17.3,38.5,49173.76
Turkey,30-06-2012,24.5,10.3,18.2,0,19.1,41,49173.34
Turkey,01-07-2012,23.4,10.6,17.4,0,22.7,40.7,49171.28
Turkey,02-07-2012,18.2,10.2,14.8,0,24.3,45.7,42897.21
Turkey,03-07-2012,18.1,10.7,14.5,3.2,20,47.5,44128.26
Turkey,04-07-2012,22.4,10.8,16.9,0,17.5,36.4,33498
Turkey,05-07-2012,25.4,14,20,0,16.9,29.9,41294.61
Turkey,06-07-2012,25.3,12.5,19.5,0,15,33.5,47014.48
Turkey,07-07-2012,26.5,13.8,20.6,0,16.6,36,45246.17
Turkey,08-07-2012,26.8,14.7,20.6,0,19.3,35.3,47974.94
Turkey,09-07-2012,24,14.6,19.1,1,24,46.8,47829.05
Turkey,10-07-2012,26.6,14.4,20.2,0,18,39.2,49026.11
Turkey,11-07-2012,29.1,11.5,20.9,0,16.4,36.4,49004.25
Turkey,12-07-2012,28.7,12.5,21.2,0,15.9,34.9,48980.49
Turkey,13-07-2012,30.2,14.4,22.7,0,16.1,34.6,48954.82
Turkey,14-07-2012,30,15.2,22.9,0,20.9,40.3,48927.23
Turkey,15-07-2012,31.3,13.4,22.9,0,20.4,43.9,48897.73
Turkey,16-07-2012,34,14.6,24.4,0,16.6,36,48866.36
Turkey,17-07-2012,33.2,17.5,25.5,0,21.9,43.2,48833.18
Turkey,18-07-2012,32.7,14.1,24.3,0,15.6,33.8,48798.21
Turkey,19-07-2012,33.2,17.3,25.4,0,21.3,39.6,47667.11
Turkey,20-07-2012,33.6,16.7,25.7,0,16.2,33.5,48723.08
Turkey,21-07-2012,33.2,15.4,25.1,0,17.3,33.1,48682.99
Turkey,22-07-2012,35.6,15.7,26.1,0,18.4,28.4,48289.92
Turkey,23-07-2012,36.3,18.6,28.3,0,21.1,42.1,48500.15
Turkey,24-07-2012,36.1,19.3,27.7,0,24.1,51.5,48187.87
Turkey,25-07-2012,38,17.9,28.3,0,20.7,50.4,48123.91
Turkey,26-07-2012,37.1,20.6,29.4,0,12.3,27.7,47346.09
Turkey,27-07-2012,37,22.3,30.1,0,17.4,40.7,45080.16
Turkey,28-07-2012,35.6,20.3,28.7,0,17.7,41,46668.22
Turkey,29-07-2012,33.8,18.7,26.9,0,24.2,42.5,46848.24
Turkey,30-07-2012,31.7,17.2,25.1,0.2,16.1,40,46582.03
Turkey,31-07-2012,30.3,17.6,24.2,1.3,10.6,28.8,46538.27
Turkey,01-08-2012,29.6,18.4,24.2,0.1,10.9,28.1,46494.09
Turkey,02-08-2012,31.1,17.8,25,0,4.6,16.9,45479.61
Turkey,03-08-2012,30.3,19.4,25,0.1,13.7,26.6,46598.07
Turkey,04-08-2012,30.3,16.7,24.2,0,22.5,42.8,46358.46
Turkey,05-08-2012,28.8,17.2,22.7,0.5,21.4,40.3,46144.09
Turkey,06-08-2012,26,16.7,21.1,0.7,26.9,49.3,46177.13
Turkey,07-08-2012,25.8,15.5,20.5,0.8,21,42.5,45244.64
Turkey,08-08-2012,26.8,16.2,21.3,0.7,16.4,32.4,46007.16
Turkey,09-08-2012,27.7,15.6,21.6,0,21.3,40.7,42953.32
Turkey,10-08-2012,27.9,15.2,21.6,0.3,19.4,38.5,45919.07
Turkey,11-08-2012,29.2,14.4,22.2,0,12.8,28.4,45873.21
Turkey,12-08-2012,31.6,15.4,24.5,0,8.2,21.6,43137.81
Turkey,13-08-2012,29.4,16.9,23.9,0,14.8,31,45738.47
Turkey,14-08-2012,29,15.3,22.6,0,14,33.5,45686.98
Turkey,15-08-2012,28.5,15.2,22.4,0,16.6,33.1,45635.42
Turkey,16-08-2012,27.8,14.2,21.6,0,12.5,29.9,45583.81
Turkey,17-08-2012,27.3,13.1,20.7,0,18.4,37.4,45532.18
Turkey,18-08-2012,26.5,11.9,19.5,0,18,35.6,45480.56
Turkey,19-08-2012,25,12,18.9,0,18.2,38.2,45428.96
Turkey,20-08-2012,23.4,12.1,17.5,0,22.9,46.8,45377.42
Turkey,21-08-2012,25,10.5,17.7,0,21.1,43.2,45257.55
Turkey,22-08-2012,27.2,11.4,19.5,0,23.2,47.2,45125.65
Turkey,23-08-2012,27.9,12.4,19.8,0,20.9,42.8,44993.22
Turkey,24-08-2012,29,10.6,19.4,0,15.8,33.1,44859.34
Turkey,25-08-2012,31.2,12.2,21.3,0,12,24.5,44724.01
Turkey,26-08-2012,33.9,14.9,24.4,0,11.5,30.2,44587.32
Turkey,27-08-2012,33.4,16.7,26.1,0,8.7,19.4,44449.38
Turkey,28-08-2012,30.4,15.9,23.1,0.1,22.7,45.7,43907.19
Turkey,29-08-2012,24.9,13,18.8,1.4,20.5,42.8,43495.34
Turkey,30-08-2012,24.4,10.3,17.1,0,18.2,38.5,43628.81
Turkey,31-08-2012,24.4,8.7,16.6,0,13.2,29.9,43180.93
Turkey,01-09-2012,24.6,9.4,16.9,0,20.2,40.3,43080.81
Turkey,02-09-2012,25.6,11.3,17.8,0,22.8,46.4,42432.11
Turkey,03-09-2012,27.1,10.2,18.5,0,17.9,37.1,42555.41
Turkey,04-09-2012,28.8,11.9,20,0,11.6,21.2,42667.7
Turkey,05-09-2012,29.6,13.7,21.4,0,11.7,24.8,42564.83
Turkey,06-09-2012,29.2,13,21.3,0,9.2,24.5,42361.5
Turkey,07-09-2012,30.1,11.5,21.5,0,20.3,40,42162.49
Turkey,08-09-2012,26.1,12.2,19,0,20.9,42.1,41874.25
Turkey,09-09-2012,23.7,12.3,17.3,0,20.2,41,41425.91
Turkey,10-09-2012,21.2,10.3,15.1,0,24.4,49.7,40879.36
Turkey,11-09-2012,24.3,10.1,16.3,0,14,29.9,40855.73
Turkey,12-09-2012,26.6,9.7,18.1,0,11,22.3,40209.07
Turkey,13-09-2012,27.4,11.1,20,0,10,25.2,40023.43
Turkey,14-09-2012,27.2,10.7,19.7,0,10,23.8,40337.23
Turkey,15-09-2012,27.9,12.5,21.3,0,11.2,27.4,40155.28
Turkey,16-09-2012,29.4,12.7,21.4,0,11.4,21.2,40054.86
Turkey,17-09-2012,29.5,14.1,21.9,0,12.2,22.3,39873.62
Turkey,18-09-2012,29.4,14.1,22,0,11.5,25.2,39761.78
Turkey,19-09-2012,28.3,14.3,21.7,0,9.7,19.8,39610.61
Turkey,20-09-2012,26,13.5,20.5,0,12.1,26.6,39600
Turkey,21-09-2012,25.3,13.8,20,0.2,8.4,21.6,39600
Turkey,22-09-2012,23.3,13.9,18.2,0,17.7,33.8,39600
Turkey,23-09-2012,21.6,10.6,15.9,0,10,25.2,39600
Turkey,24-09-2012,24.6,9.3,16.7,0,10.8,23.8,39600
Turkey,25-09-2012,26,9.3,18.8,0,11.3,21.2,39600
Turkey,26-09-2012,26.7,10.5,19.4,0,11.3,22.7,39600
Turkey,27-09-2012,27.4,12.2,19.7,0,11.4,24.8,39600
Turkey,28-09-2012,28.1,9.8,19.4,0,12.1,22.3,39600
Turkey,29-09-2012,29.4,12.6,21.3,0,12.6,20.5,39518.5
Turkey,30-09-2012,29.5,14.3,21.7,0,12.8,20.5,39423.52
Turkey,01-10-2012,28.9,14.2,21.4,0,11,25.9,33333.49
Turkey,02-10-2012,27.6,14.9,20.8,0,16.6,25.6,36351.79
Turkey,03-10-2012,24.4,12.6,17.8,1.5,12.2,29.9,31320.02
Turkey,04-10-2012,22.1,9.6,16.1,1,15,30.6,38312.98
Turkey,05-10-2012,21.8,9.9,16,0,10.6,22.7,38663.3
Turkey,06-10-2012,23.2,9.4,16.1,0.5,16.1,35.3,35649.89
Turkey,07-10-2012,22.9,10.2,15.5,1.2,15.3,31.3,35566.29
Turkey,08-10-2012,20.3,8.4,14.6,0,10.7,24.8,38200.72
Turkey,09-10-2012,18.4,8.8,13.6,0,11.9,26.6,37545.01
Turkey,10-10-2012,19.4,6.4,13.6,0.3,8.4,22.3,35644.25
Turkey,11-10-2012,15.9,9,12.3,18.3,20.1,47.9,0
Turkey,12-10-2012,17.4,5.6,11.2,0,9.2,19.1,37409.89
Turkey,13-10-2012,18.5,5.4,12.1,0,5.8,15.8,32539.38
Turkey,14-10-2012,20.9,4.6,13.1,0,9.3,17.3,37272.51
Turkey,15-10-2012,21.4,5.7,14,0,10.7,15.1,37118.72
Turkey,16-10-2012,21.9,6.4,14.7,0,9.8,19.1,36965.52
Turkey,17-10-2012,22.5,6.7,14.6,0,14.8,29.2,36813.02
Turkey,18-10-2012,22.6,8.9,15,0.2,15.3,32,36596.3
Turkey,19-10-2012,19.5,8.3,13.3,0,11.9,28.1,35667.49
Turkey,20-10-2012,21.3,7.7,13.8,0.8,11.2,32.8,35132.75
Turkey,21-10-2012,21.3,6.8,13.8,0.2,13.5,29.2,34710.06
Turkey,22-10-2012,21,6.5,13.3,0.2,14.2,29.5,35007.28
Turkey,23-10-2012,17.8,9.3,12.9,2.3,7.2,20.9,32449.74
Turkey,24-10-2012,17.5,6.8,12,0,10.1,25.6,34964.97
Turkey,25-10-2012,16.5,6.2,11.4,0.4,5.6,16.9,28961.95
Turkey,26-10-2012,16,7.4,11.6,0,7.7,19.8,33752.56
Turkey,27-10-2012,16.9,5.5,10.8,0,6.4,17.3,34520.33
Turkey,28-10-2012,18.9,3.6,11,0,9.8,25.9,34119.54
Turkey,29-10-2012,21.3,4.9,12.3,0,9,21.6,32884.12
Turkey,30-10-2012,21.3,6.3,12.9,0,18.3,34.6,32499.47
Turkey,31-10-2012,19.1,7.6,11.9,0.1,17.1,32.8,22162.16
Turkey,01-11-2012,19.8,6.8,12.7,0,7.3,20.5,33563.03
Turkey,02-11-2012,20,7.7,13.3,0,11.8,30.6,27784.86
Turkey,03-11-2012,18,6.6,12.4,0.3,13,28.1,33318.54
Turkey,04-11-2012,18.2,4.7,11.1,0,8.3,20.9,33300.12
Turkey,05-11-2012,20,4,11.5,0,10.8,24.1,32976.12
Turkey,06-11-2012,20.2,4.3,11.8,0,13.6,31.7,33159.55
Turkey,07-11-2012,19.9,5.2,12,0,15.4,31,32400
Turkey,08-11-2012,13.3,7.7,10,14.4,10.3,31.3,5644.74
Turkey,09-11-2012,12.5,6.6,8.9,14.6,9.7,22,8591.55
Turkey,10-11-2012,7.9,4.7,6.7,8.2,17.5,33.5,0
Turkey,11-11-2012,6.7,4,5.2,8.1,22.9,44.6,403.07
Turkey,12-11-2012,10.2,5.9,7.3,3.4,24.7,48.6,0
Turkey,13-11-2012,11.4,5.1,7.8,0,13.7,24.8,9439.17
Turkey,14-11-2012,11.1,2,6,0,9.8,20.9,23181.81
Turkey,15-11-2012,12.5,0.1,6.2,0,6.3,17.6,23888.14
Turkey,16-11-2012,15.5,0.1,7.3,0,5.8,14,32175.16
Turkey,17-11-2012,15.5,0,7,0,7.1,18,32084.15
Turkey,18-11-2012,14.3,0.4,6.6,0,10.9,15.8,32043.35
Turkey,19-11-2012,12,2.4,6.6,0,8.7,18.4,31995.56
Turkey,20-11-2012,9.6,0.5,4.3,0,7.7,13,24765.59
Turkey,21-11-2012,9.2,-0.8,3.4,0,8.6,16.6,27006.97
Turkey,22-11-2012,7.8,-0.4,3.8,6.1,9,17.3,9495.41
Turkey,23-11-2012,8,3.3,5.3,1.1,7,13.7,1.78
Turkey,24-11-2012,9.2,2.5,5.8,0,8.8,18,23784.37
Turkey,25-11-2012,8,1.3,4.1,0,11.4,23.4,25602.71
Turkey,26-11-2012,7.9,-0.4,2.9,0,9.5,20.5,27749.21
Turkey,27-11-2012,8.8,-3.5,2.6,0,5.9,15.8,31444.19
Turkey,28-11-2012,11.6,-4,2.8,0,7.7,18.7,31354.67
Turkey,29-11-2012,11.1,-2.8,3.3,0,8.6,20.9,30240.32
Turkey,30-11-2012,14,-1.2,5.4,0,10.3,24.8,31187.09
Turkey,01-12-2012,14.8,-1.3,5.7,0,8.6,19.1,31109.38
Turkey,02-12-2012,15,0,6.3,0,8.4,19.1,31034.95
Turkey,03-12-2012,13.4,1.6,6.4,2.7,24.4,55.4,26029.73
Turkey,04-12-2012,10.2,0.4,4.1,12.2,23.8,58.3,25743.92
Turkey,05-12-2012,4.5,-3.9,0.3,3.1,18.5,34.2,29851.47
Turkey,06-12-2012,7.1,-4.9,-0.1,2.2,15,32.4,20785.33
Turkey,07-12-2012,7.8,-0.8,2.8,5.8,17.3,37.4,29495.38
Turkey,08-12-2012,3.9,-4.5,0.6,3.9,9.6,19.8,29492.5
Turkey,09-12-2012,8.6,-5,0.6,0,14.2,29.5,30602.2
Turkey,10-12-2012,9.8,-1.7,3.2,2.1,20.5,38.5,21014.16
Turkey,11-12-2012,3.9,1,2.5,6.4,17.7,35.6,20.88
Turkey,12-12-2012,8.9,-3.6,2.1,0.1,17.5,36.4,28556.8
Turkey,13-12-2012,2.8,-1.4,1.2,2.5,10.9,22.7,4544.07
Turkey,14-12-2012,1.6,-5.3,-2.3,0,10.4,19.4,26027.34
Turkey,15-12-2012,1.3,-6.4,-3.2,0,8.3,18.7,30371.5
Turkey,16-12-2012,2.5,-5.2,-2.2,0,8.9,20.5,26101.26
Turkey,17-12-2012,4.4,-2,1,1.5,12,26.6,5420.15
Turkey,18-12-2012,5.6,0.8,2.5,11.4,9,28.4,0
Turkey,19-12-2012,8.9,1.2,3.8,10.1,19.5,39.2,23148.27
Turkey,20-12-2012,7,-0.2,3.1,1.3,13.1,32,9276.14
Turkey,21-12-2012,3.8,-2.1,0.8,1.5,13.1,27.4,6391.38
Turkey,22-12-2012,6.2,-2.7,0.7,0.1,11.6,26.6,29054.26
Turkey,23-12-2012,5.7,-3,1.3,2.7,10,21.2,3908.16
Turkey,24-12-2012,5.2,0.8,2.8,7.2,10.6,20.2,100
Turkey,25-12-2012,4.5,-1.4,1,0,6.8,15.5,24309.61
Turkey,26-12-2012,6.9,-5,0.4,0,5.9,15.5,30346.8
Turkey,27-12-2012,10,-4.8,1.1,0,7.7,15.8,30370.82
Turkey,28-12-2012,8.2,-3.3,1.6,0,7.7,16.2,11961.2
Turkey,29-12-2012,7.2,-1.7,2.1,0.2,8,13.7,20478.01
Turkey,30-12-2012,6.3,-1.5,1.6,0,10.4,19.1,26087.63
Turkey,31-12-2012,5.2,-4.8,-0.9,0,7.4,18.4,24982.86
Turkey,01-01-2013,6.8,-5.4,-0.2,0,6,13.3,30286.73
Turkey,02-01-2013,7.7,-5.2,0.4,0,6.8,14.8,30598.58
Turkey,03-01-2013,6.6,-4.8,0,0,5.7,16.6,30649.79
Turkey,04-01-2013,5.7,-5,-0.3,0,6.5,19.1,29817.46
Turkey,05-01-2013,2,-4.1,-1,2.4,10.6,23.8,11539.21
Turkey,06-01-2013,2.3,-4.4,-1.4,0,8.2,13.3,17294.67
Turkey,07-01-2013,-2.1,-5.6,-3.5,8.4,20.2,32.8,0
Turkey,08-01-2013,-4.8,-8,-6.6,3.9,16,31.3,13606.91
Turkey,09-01-2013,-6.7,-10.1,-8,4.1,23.4,42.5,4080.22
Turkey,10-01-2013,-4.3,-10.7,-7.8,1.8,10.1,17.3,28800
Turkey,11-01-2013,-4.2,-19.1,-11.7,0,10.3,18.7,26228.07
Turkey,12-01-2013,3.1,-11.6,-4.1,0,17,29.2,24927.16
Turkey,13-01-2013,3.2,-3.7,0,4.3,12.7,34.2,29929.4
Turkey,14-01-2013,4.1,-1.5,0.8,0.4,12,23.8,30400.18
Turkey,15-01-2013,2.7,-8.6,-3.8,0,8.9,18.4,31221.39
Turkey,16-01-2013,5.4,-9,-3.6,0,12.1,25.9,31065.05
Turkey,17-01-2013,7.7,-7.5,-0.7,0,24.5,45,30918.32
Turkey,18-01-2013,6.4,-4.9,-0.4,0,14.1,30.6,19101.1
Turkey,19-01-2013,6.7,-5.6,0.1,7.1,27.2,54.7,27384.58
Turkey,20-01-2013,5.7,-6,-0.4,2.2,13.2,41,31740.07
Turkey,21-01-2013,9.2,-2.6,1.8,0,10.5,23.8,31897.42
Turkey,22-01-2013,11.3,-1.1,3.6,0,20.6,40.7,29278.33
Turkey,23-01-2013,9.5,-1.1,3.2,3.3,16.3,44.3,27560.94
Turkey,24-01-2013,9.4,-2,3.1,0.4,12.3,25.2,31995.31
Turkey,25-01-2013,9,0,3.9,3.4,21.9,64.1,24709.79
Turkey,26-01-2013,9.4,-0.1,3.8,0,23.3,42.8,15206.54
Turkey,27-01-2013,8,-0.3,3.4,3.5,16.1,37.4,22458.37
Turkey,28-01-2013,6.4,-3.4,1.4,2.1,8.1,20.5,5802.31
Turkey,29-01-2013,3.2,-2.2,0.6,5.8,15.1,28.4,25607.6
Turkey,30-01-2013,3.1,-4.3,-1,0,8,20.9,18535.33
Turkey,31-01-2013,3.3,-3.4,-0.6,0,12.2,27.4,20603.26
Turkey,01-02-2013,2.1,-4,-1.2,0.2,14,26.6,17341.11
Turkey,02-02-2013,7.1,-4.6,0.2,0,14.4,31.3,33232.17
Turkey,03-02-2013,11.8,-3.4,2.9,0,16.3,31.3,33781.59
Turkey,04-02-2013,13.1,0,4.8,0,13.4,28.1,30943.56
Turkey,05-02-2013,13.1,-0.6,4.3,0,11.5,19.4,34059.25
Turkey,06-02-2013,11.1,-1.2,4.1,0,18.3,29.2,25017.55
Turkey,07-02-2013,12.2,-0.7,5.4,0,17.4,33.1,33469.73
Turkey,08-02-2013,10.9,-0.6,4.8,0,23.6,43.9,34487.86
Turkey,09-02-2013,10.5,1.1,5.3,1.8,21.7,42.1,34608.59
Turkey,10-02-2013,9.9,-0.6,4.3,0.8,14.2,29.2,34688.4
Turkey,11-02-2013,6.7,-0.8,2.2,8.3,6.9,29.2,33083.62
Turkey,12-02-2013,6.2,-0.7,2.2,4.1,8.9,23.8,27529.7
Turkey,13-02-2013,10.3,-4.9,1.9,0,8.9,20.5,35211.24
Turkey,14-02-2013,12.3,-4.4,3,0,21,39.6,35283.91
Turkey,15-02-2013,7.2,0.3,3.2,2.6,17.9,56.5,23356.9
Turkey,16-02-2013,5,-1.6,1.3,1,17.3,37.4,33711.61
Turkey,17-02-2013,5.2,-3.8,0.3,0.4,11.6,27,34805.72
Turkey,18-02-2013,4.1,-2.8,0.1,0.3,11.9,27,26242.79
Turkey,19-02-2013,5.9,-5.7,-0.4,0,12.4,27,33280.82
Turkey,20-02-2013,7.6,-3.6,1,6.8,30.3,71.3,6736.84
Turkey,21-02-2013,7.9,-5.3,0.4,0,8.4,21.6,35777.36
Turkey,22-02-2013,9.9,-2.9,3,1.3,15.9,32.4,3859.23
Turkey,23-02-2013,9.8,-2.6,3.5,2.9,11.6,26.3,35938.77
Turkey,24-02-2013,10.6,-0.3,5,0.5,12.6,25.9,36074.85
Turkey,25-02-2013,12.9,-3.4,4.5,0,9,17.3,36498.16
Turkey,26-02-2013,14.5,-3.2,5.5,0,14.2,30.6,36692.34
Turkey,27-02-2013,13.1,-2.2,5,1,20.1,36,36811.2
Turkey,28-02-2013,7.4,-0.3,2.9,0.2,17.5,35.3,36000
Turkey,01-03-2013,4.8,-1.4,1.2,0,11.8,25.6,32378.91
Turkey,02-03-2013,9.2,-4.2,2.1,0,15.8,33.5,37350.56
Turkey,03-03-2013,10,-1.1,4,0.3,14.8,31.3,9835.56
Turkey,04-03-2013,3.6,0.3,1.7,13.6,13.4,35.6,0
Turkey,05-03-2013,1.1,-5.3,-1.3,1.6,23.3,45.4,25236.95
Turkey,06-03-2013,2.6,-8,-3,0,12.2,28.1,37949.24
Turkey,07-03-2013,10.2,-6.5,1.2,0,10.5,19.4,37888.59
Turkey,08-03-2013,8.2,-3.1,2.2,0.1,18.3,34.2,17155.04
Turkey,09-03-2013,10.7,-0.7,4.7,0.1,11.2,27.4,36711.71
Turkey,10-03-2013,11.6,-0.9,5.5,0.7,17.1,37.1,38079.57
Turkey,11-03-2013,14.4,2.5,8.3,0.5,21.2,46.4,36329.49
Turkey,12-03-2013,16.9,4.2,9.8,0.5,24.6,58.3,18000
Turkey,13-03-2013,14.5,4.3,9,0.1,18.5,39.2,37739.52
Turkey,14-03-2013,18.1,2.4,10,0,18.4,37.1,38472.41
Turkey,15-03-2013,21,7.4,14.3,0,35.6,69.1,36491.99
Turkey,16-03-2013,15.4,4.3,9.7,9.8,29.3,60.5,24317.65
Turkey,17-03-2013,5.8,-1.7,2.1,5.6,18.3,40.7,36182.77
Turkey,18-03-2013,5.2,-4.2,0.2,0,10.8,25.2,40293.78
Turkey,19-03-2013,12.2,-5.9,3.2,0,17.3,35.3,38156.88
Turkey,20-03-2013,14,-1.9,6.7,0,14.1,31.7,39335.62
Turkey,21-03-2013,16.5,-2.1,8.1,0,13.2,31,40433.7
Turkey,22-03-2013,16.1,5.1,9.4,2.9,27,66.2,21600
Turkey,23-03-2013,5.2,-0.7,2.2,7.3,29.8,58.7,29157.68
Turkey,24-03-2013,8.6,-4.7,2,0,15.7,34.6,41230.93
Turkey,25-03-2013,15.9,-3.5,6.2,0,13.4,29.9,41384.38
Turkey,26-03-2013,15.3,2.2,8.5,0,18.3,37.4,6408.08
Turkey,27-03-2013,13.3,3.3,8.5,1.3,16.3,38.5,41515.62
Turkey,28-03-2013,10.6,2.9,6.8,6.3,11.2,33.5,21264.26
Turkey,29-03-2013,12.1,3.7,7.7,0.8,14.2,31,40411.75
Turkey,30-03-2013,15.8,0.5,8.7,0,7.3,22,41687.81
Turkey,31-03-2013,19.8,1.1,10.7,0.1,18.8,36.7,41621.94
Turkey,01-04-2013,21.7,4.5,12.7,1.1,19.5,43.6,38121.9
Turkey,02-04-2013,16.3,5.1,10.8,1.7,13.3,32.4,41858.72
Turkey,03-04-2013,20.5,1.5,11.4,0,11.5,27,36019.25
Turkey,04-04-2013,12.9,4.5,9,8.4,11.5,40.3,8682.07
Turkey,05-04-2013,13.7,6.4,9.7,3.9,16.2,33.1,1795.7
Turkey,06-04-2013,21.9,1.5,11.5,0,12.9,29.2,40276.51
Turkey,07-04-2013,24.6,4.3,14.9,0,27.8,51.8,42573.81
Turkey,08-04-2013,19.6,4.1,11.7,2.7,32.4,62.3,40235.18
Turkey,09-04-2013,13.7,4.5,9,0.2,14.4,33.1,41677.71
Turkey,10-04-2013,10.6,4.3,7.4,5.5,14.6,31.3,24727.36
Turkey,11-04-2013,13.8,-0.5,7.4,0.1,9.7,24.1,41369.45
Turkey,12-04-2013,14.2,2.6,8.4,0,15.9,32,43444.24
Turkey,13-04-2013,15.9,0.6,9.1,0,7.6,19.1,43990.15
Turkey,14-04-2013,17.3,1.7,10.6,0.1,8.3,24.5,43002.35
Turkey,15-04-2013,15.7,5.6,10.3,0.1,17.1,39.6,33462.23
Turkey,16-04-2013,12.8,4.4,7.9,11.4,17.6,37.8,31153.05
Turkey,17-04-2013,9.8,4.4,6.6,3.1,15.2,29.5,15788.73
Turkey,18-04-2013,10.8,4.4,7.2,0.5,12.4,22.3,16135.23
Turkey,19-04-2013,13.2,1.9,7.2,4.4,16.3,34.6,39088.45
Turkey,20-04-2013,11.1,3.3,6.9,7.4,13.8,34.2,21490.11
Turkey,21-04-2013,12.1,1.4,6.8,0,11.2,24.5,43414.1
Turkey,22-04-2013,12.2,2.4,7.3,0,16,35.3,44951.42
Turkey,23-04-2013,14.1,3.4,8.3,0,13.1,29.5,44873.87
Turkey,24-04-2013,15.7,1.8,9.1,0,16.3,33.8,45685.39
Turkey,25-04-2013,17.4,3.8,10.2,0,15.6,30.6,45816.44
Turkey,26-04-2013,18.5,3.5,11.6,0,14.5,28.8,45946.69
Turkey,27-04-2013,20.8,3.5,13.1,0,10.4,19.4,46025.45
Turkey,28-04-2013,23.1,4.5,15.5,0,7.6,19.1,46098.8
Turkey,29-04-2013,24.3,7.2,17.1,0,12.6,25.9,46171.16
Turkey,30-04-2013,24.2,9.4,16.8,0,15.5,34.6,46242.46
Turkey,01-05-2013,24.6,8.9,16.2,1.8,11,23.4,40170.2
Turkey,02-05-2013,24.8,9.7,16.3,1.5,20.1,43.9,43181.28
Turkey,03-05-2013,24.4,9.4,16.7,0.4,12,23,46239.16
Turkey,04-05-2013,23.9,8.4,16.8,0,8.2,18.4,46515.6
Turkey,05-05-2013,25.1,7.9,16.9,0,15.9,34.6,46580.48
Turkey,06-05-2013,22.9,9,16.3,0,18.7,36.7,46643.85
Turkey,07-05-2013,23.4,8.1,16,0,18.1,36.4,46705.62
Turkey,08-05-2013,23.4,8.7,16.1,0,11.5,22,46765.71
Turkey,09-05-2013,24.4,9.2,17.3,0,13.2,23,43508.69
Turkey,10-05-2013,22.5,10.3,17,1.2,15.7,30.2,43146.94
Turkey,11-05-2013,19,9.6,14.1,6.1,10.7,29.5,44375.82
Turkey,12-05-2013,18.5,9.5,13.4,3.8,15,34.6,39433.28
Turkey,13-05-2013,17.2,8.6,13,1.4,11.3,28.1,46659.73
Turkey,14-05-2013,17.2,6.5,12,1.3,9.4,23.4,46800
Turkey,15-05-2013,17.9,5.6,12,0.4,9.4,21.6,46800
Turkey,16-05-2013,18.7,8.3,13.3,0.4,12.5,27.4,46800
Turkey,17-05-2013,21.6,7.1,15.7,0.3,19.1,34.6,42762.01
Turkey,18-05-2013,24,11.5,17.3,3.8,25.6,45.7,44031.12
Turkey,19-05-2013,21.7,12,16.6,0,18.1,36.4,46968.12
Turkey,20-05-2013,21.3,7.1,14.8,0,20.8,40,44790.39
Turkey,21-05-2013,23.4,9.5,16.3,0,13.4,28.1,46962.69
Turkey,22-05-2013,25.4,10.7,18.7,0,12.4,25.6,46800
Turkey,23-05-2013,27,9.8,20.1,0,13.3,26.6,45854.5
Turkey,24-05-2013,26.6,14.6,20.7,0.6,37.3,74.5,38180.11
Turkey,25-05-2013,25.3,12.2,18.9,0,12.4,26.6,47504.58
Turkey,26-05-2013,25.1,12,19.4,0,14.2,25.6,47283.82
Turkey,27-05-2013,24.4,11.9,18.7,0,14.8,29.5,47775.27
Turkey,28-05-2013,23.2,9.5,17.5,0,14.5,29.2,47757.47
Turkey,29-05-2013,25.1,8.1,18.3,0,7.8,19.8,46051.55
Turkey,30-05-2013,27.8,9.8,20.2,0,14.3,32.4,43080
Turkey,31-05-2013,27.7,11.1,20.7,0,18.7,36.4,47878.24
Turkey,01-06-2013,25.4,13.1,19.9,0,23.4,46.4,48177.74
Turkey,02-06-2013,26.8,11.1,20.2,0.8,31.4,55.8,47889.67
Turkey,03-06-2013,23.4,13.7,18.3,0,19.1,41.4,48407.76
Turkey,04-06-2013,24.5,11.7,18.4,0,10.8,27,48288.77
Turkey,05-06-2013,25.4,10.9,19.5,0.2,13.1,28.8,46807.51
Turkey,06-06-2013,22.8,12.4,17.7,0.1,20.5,42.8,47243.3
Turkey,07-06-2013,21.2,11.6,16.3,0.2,13,33.1,47957.71
Turkey,08-06-2013,22.4,10.7,17.4,0.1,11.9,28.4,47415.81
Turkey,09-06-2013,20.4,13.2,16.5,3.5,11.9,26.6,45823.78
Turkey,10-06-2013,20.6,9.4,15.1,0.6,17.9,38.9,48382.69
Turkey,11-06-2013,24.2,10.7,17.8,0,9.6,27,49000.86
Turkey,12-06-2013,27.4,10.5,20.2,0,11.7,28.4,48433.65
Turkey,13-06-2013,28.3,12.3,21,0,13.7,29.2,48067.32
Turkey,14-06-2013,26.9,12.9,20.5,0,15.5,30.6,49077.41
Turkey,15-06-2013,26.5,13.4,20.2,0,17.6,34.9,48501.13
Turkey,16-06-2013,25.1,13,19.6,0,17.2,38.2,49080.14
Turkey,17-06-2013,23.2,13.5,18.8,0,20.4,37.1,38874.97
Turkey,18-06-2013,23.2,13,17.9,0.3,27.8,55.4,47084.93
Turkey,19-06-2013,24.9,13.2,18.9,0,26.6,50.8,49078.77
Turkey,20-06-2013,24.6,11.5,18.2,0,20.9,43.2,49098.89
Turkey,21-06-2013,24.1,8.9,17.1,0,19.8,42.1,49285.26
Turkey,22-06-2013,27.2,8.6,18.5,0,17.7,36,49296.04
Turkey,23-06-2013,29.6,11,20.8,0,17.7,36.4,49305.38
Turkey,24-06-2013,29.7,14.2,22.6,0,14.6,31,49313.18
Turkey,25-06-2013,29.8,15.6,23.3,0,16.9,35.6,49237.09
Turkey,26-06-2013,30.4,15.4,23.5,0,16.2,35.3,49242.95
Turkey,27-06-2013,31,14.2,23.2,0,18.7,36.4,49247.2
Turkey,28-06-2013,31.7,15.2,23.9,0,15,31.7,49249.75
Turkey,29-06-2013,32.4,17.3,25.4,0,12.9,29.5,49250.55
Turkey,30-06-2013,34.8,16.7,26.8,0,19.1,40.3,49249.52
Turkey,01-07-2013,27.5,18.5,22.9,0,23.4,46.4,49144.59
Turkey,02-07-2013,22.1,13.9,18.3,0,18.7,39.2,26375.24
Turkey,03-07-2013,26.4,12.1,19.7,0,14.2,29.9,49132.64
Turkey,04-07-2013,27.7,12.5,21,0,13.1,29.5,49123.89
Turkey,05-07-2013,29,13.8,22.2,0,13.2,29.5,49113.24
Turkey,06-07-2013,30,14.1,23.3,0,16.8,34.6,49100.65
Turkey,07-07-2013,31.1,14.8,23.8,0,18.9,36,49086.09
Turkey,08-07-2013,31.8,15.2,24.3,0,19.2,37.4,49069.5
Turkey,09-07-2013,30.2,15.3,23.5,0,22.5,42.5,49050.92
Turkey,10-07-2013,29.4,14.4,22.3,0,20.4,42.1,49030.49
Turkey,11-07-2013,29.7,13.7,22.3,0,18.8,37.8,49008.25
Turkey,12-07-2013,29.7,14.8,23,0,15.8,35.6,48984.21
Turkey,13-07-2013,30.3,15.2,23.5,0,16.6,36.4,48958.41
Turkey,14-07-2013,30.2,15.4,23.8,0,14.8,34.9,48930.86
Turkey,15-07-2013,31.1,15.9,24.4,0,16.4,32.4,48901.59
Turkey,16-07-2013,31.1,16.6,24,0,25.6,47.9,48630.91
Turkey,17-07-2013,28.5,16.2,21.7,0.2,29.4,52.9,48484.13
Turkey,18-07-2013,24.1,14.7,19.1,0,26.9,51.5,38716.02
Turkey,19-07-2013,23.5,13.7,18.6,0,21.7,41.4,16932.97
Turkey,20-07-2013,28.6,11.2,20.4,0,14.8,32,48730.19
Turkey,21-07-2013,27.3,11.6,20.1,0,22.8,44.6,48691.05
Turkey,22-07-2013,23,13,18.1,0,22.6,44.3,38782.94
Turkey,23-07-2013,24.1,12.2,17.8,0,21.3,43.6,45622.05
Turkey,24-07-2013,27.3,9.8,19,0,17.7,37.1,48500.43
Turkey,25-07-2013,27.2,12.2,20.1,0,19.8,42.5,48380.3
Turkey,26-07-2013,26.4,11.3,19.7,0,19.9,42.5,48073.25
Turkey,27-07-2013,22,12.1,17.9,0,21.6,42.1,32306.35
Turkey,28-07-2013,25.3,10.7,18.1,0,24.2,45.4,47711.3
Turkey,29-07-2013,25.8,10.5,18.7,0,19.5,41.4,47647.78
Turkey,30-07-2013,26.5,11.3,19.6,0,18.4,38.2,47472.72
Turkey,31-07-2013,28.3,13.1,21.1,0,16.6,35.3,47407.87
Turkey,01-08-2013,28.2,14,21.6,0,17.7,34.2,46613.3
Turkey,02-08-2013,27.3,13.7,21.1,0,18.9,38.2,46969.08
Turkey,03-08-2013,27.7,12.8,20.8,0,16.6,37.1,46907.28
Turkey,04-08-2013,26.6,12.9,20.4,0,21.6,43.9,46561.11
Turkey,05-08-2013,25.9,12.2,19.1,0,22.1,45.4,46596.77
Turkey,06-08-2013,28.8,11.2,20,0,22.4,42.1,46449.83
Turkey,07-08-2013,27.3,11.2,19.5,0,21.4,40.7,46391.76
Turkey,08-08-2013,26.1,12.2,19.5,0,24.4,49.3,46175.02
Turkey,09-08-2013,28.1,12.7,20.2,0,23.5,46.4,46122.28
Turkey,10-08-2013,28.5,11.1,20.4,0,13.5,29.9,46068.01
Turkey,11-08-2013,29.8,14.2,22.1,0,11.1,27.4,45947.78
Turkey,12-08-2013,30.7,16.5,24,0,16.6,35.6,45836.29
Turkey,13-08-2013,29.4,14.5,22.7,0,14.3,32,45749.43
Turkey,14-08-2013,28.9,14.5,22.2,0,14.4,32.8,45698.04
Turkey,15-08-2013,28.3,13.2,21.3,0,15.3,32.8,45646.69
Turkey,16-08-2013,26,13.3,20.4,0,19.6,38.5,35016.91
Turkey,17-08-2013,28.4,15.2,21.4,0,23,45,44879.35
Turkey,18-08-2013,26.7,14.6,20.7,0.4,19.1,38.5,45493.33
Turkey,19-08-2013,26.2,14.3,20.3,0.2,24.3,47.2,45442.34
Turkey,20-08-2013,27,12.9,19.9,0.4,20.2,38.5,45391.26
Turkey,21-08-2013,27.4,11,19.6,0,16.2,32.4,45296.79
Turkey,22-08-2013,28.6,12.1,20.7,0,11.2,25.9,45163.41
Turkey,23-08-2013,29.7,15.3,22.6,0,12,26.3,45028.73
Turkey,24-08-2013,26.9,14.6,21,0.1,18,36,44505.59
Turkey,25-08-2013,27.3,13.4,20.6,0,12.9,27.7,44755.85
Turkey,26-08-2013,28.1,13.3,21,0,15.9,36,44617.87
Turkey,27-08-2013,29,15.5,22.2,0,16.3,36.4,44478.96
Turkey,28-08-2013,30.3,14.7,22.4,0,14.4,34.6,44339.26
Turkey,29-08-2013,31.5,14,24.1,0,10.1,27.4,44109.34
Turkey,30-08-2013,32.7,15.8,25,0,12.1,23,43882.37
Turkey,31-08-2013,28.9,15,21.8,0,23.7,43.2,43085.04
Turkey,01-09-2013,22.8,14.6,17.8,0,19.9,40.7,41197.19
Turkey,02-09-2013,25.1,10.2,17.8,0,12.6,27.7,42890.56
Turkey,03-09-2013,25.9,12.6,19.7,0,10.5,28.4,42899.41
Turkey,04-09-2013,23.9,11.8,16.8,0,30.8,60.1,41980.1
Turkey,05-09-2013,19.4,6.8,13.3,0,15.9,36.4,42489.12
Turkey,06-09-2013,21.5,8.9,15.4,0,9.9,25.2,42390.37
Turkey,07-09-2013,23.1,9.9,16.7,0,11.5,27.4,42290.57
Turkey,08-09-2013,22.9,9.6,16.5,0,12.7,27,42094.34
Turkey,09-09-2013,19.4,8.9,14.5,0,18.4,37.1,41402.21
Turkey,10-09-2013,23,8.5,15.6,0,9.7,23.8,41584.11
Turkey,11-09-2013,25.3,9.8,18.1,0,11.9,25.6,41225.8
Turkey,12-09-2013,26.6,10.6,19.8,0,10.7,27.4,40885.38
Turkey,13-09-2013,29.1,10.7,20.9,0,8.8,23,40643.47
Turkey,14-09-2013,32.2,12.8,22.8,0,21,43.2,40339.36
Turkey,15-09-2013,24.6,13,18.6,0,16.9,35.3,40140.03
Turkey,16-09-2013,23.7,10.4,16.9,0,9.6,20.5,40149.3
Turkey,17-09-2013,21,10.6,16,1.8,14.5,39.6,39669.14
Turkey,18-09-2013,24.7,10.5,17.9,0.2,19.1,35.3,39600
Turkey,19-09-2013,24.5,12.8,18.5,1.5,12.2,29.2,39600
Turkey,20-09-2013,24.4,12.1,19,0.2,10.3,28.1,39600
Turkey,21-09-2013,18.8,12.6,15.7,5.6,12.1,25.9,36340.85
Turkey,22-09-2013,16.8,10.5,13.1,0,13.4,28.4,37535.26
Turkey,23-09-2013,16.5,5.2,11.3,0,12.8,30.2,39600
Turkey,24-09-2013,18.9,4.2,12.2,0,19.9,40.3,39600
Turkey,25-09-2013,19.5,7,13.5,0,20.2,38.9,39600
Turkey,26-09-2013,21.8,7.9,15.1,0,8.7,20.9,39600
Turkey,27-09-2013,25.1,6.2,16.3,0,12.6,19.4,39600
Turkey,28-09-2013,21.2,8,15,0,15,35.3,39600
Turkey,29-09-2013,22.2,7.5,15.4,0,18,36.4,30858.12
Turkey,30-09-2013,23.9,7.9,16.4,0,11.9,26.6,39454.65
Turkey,01-10-2013,26.2,8.3,17.2,0,19.8,37.8,39315.23
Turkey,02-10-2013,20.6,12.9,15.9,7.2,21.7,49,35662.38
Turkey,03-10-2013,12.9,6.5,10.4,19,15,28.8,13706.71
Turkey,04-10-2013,8.4,3,5.4,1.6,15.5,35.3,35469.84
Turkey,05-10-2013,8.2,0.2,3.9,0.1,13.6,29.2,35134.93
Turkey,06-10-2013,7.8,0.3,3.9,0,19.2,37.8,31720.63
Turkey,07-10-2013,9.6,-1.9,3.6,0,16.2,34.2,38386.86
Turkey,08-10-2013,13.5,-0.6,6,0,12.2,24.8,38231.8
Turkey,09-10-2013,17.7,-1.3,8.7,0,9.7,21.6,38076.93
Turkey,10-10-2013,20.5,0.5,10.9,0,6.1,14.8,37922.35
Turkey,11-10-2013,21.3,2.5,12.4,0,9.8,17.3,37768.19
Turkey,12-10-2013,20.4,6.1,12.8,0,13.7,28.8,37614.55
Turkey,13-10-2013,16.2,4.4,10.1,0,21.7,42.1,37461.55
Turkey,14-10-2013,15.3,4.2,8.9,0,15.5,30.6,34700.73
Turkey,15-10-2013,18,3.4,10.4,0,7.6,16.9,37157.94
Turkey,16-10-2013,20.2,2.7,11.4,0,11.8,26.6,37007.58
Turkey,17-10-2013,21.3,5,13,0,27.5,53.6,35574.8
Turkey,18-10-2013,14.9,7.2,12.1,13.9,19.7,68,26260.81
Turkey,19-10-2013,11,3.9,7.6,8.7,19.5,38.9,31781.98
Turkey,20-10-2013,10.6,1.7,5.5,0,11.2,27,36407.39
Turkey,21-10-2013,13.4,-1.8,6.1,0,9.2,18.7,36211.92
Turkey,22-10-2013,16.5,-0.6,8.1,0,9.4,18.7,35891.25
Turkey,23-10-2013,16.6,1,8.7,0,13.3,25.9,35583.31
Turkey,24-10-2013,13.6,2.6,7.2,0,19.4,39.2,34105.59
Turkey,25-10-2013,15.5,1.3,7.6,0,12.7,24.1,35200.43
Turkey,26-10-2013,14.3,2.9,7.7,0,15.2,31.7,35017.83
Turkey,27-10-2013,13.3,1.2,6.8,0,10.9,24.1,34829.59
Turkey,28-10-2013,15.1,-1.5,7.2,0,5.9,18.4,34672.53
Turkey,29-10-2013,18,0.1,8.6,0,9.7,19.1,34510.75
Turkey,30-10-2013,18.8,1.1,9.7,0,9,15.8,34356.82
Turkey,31-10-2013,18.3,1.9,9.6,0,12.6,18.7,34211.21
Turkey,01-11-2013,18.1,3.8,10,0,13,18.4,34074.36
Turkey,02-11-2013,16.9,2.3,9.3,0,6.6,18.4,33998.67
Turkey,03-11-2013,17.2,0.9,8.6,0,7.2,19.4,33802.9
Turkey,04-11-2013,18.7,0.8,9,0,8.4,20.2,33665.16
Turkey,05-11-2013,16.5,3.3,8.9,0.1,17.4,33.8,25275.57
Turkey,06-11-2013,17.5,1.7,9.3,0,17.2,35.6,27482.34
Turkey,07-11-2013,16.3,4.6,9.6,3.4,19.8,36.7,20752.45
Turkey,08-11-2013,9,3.4,7.2,1.2,15.5,28.4,7215.4
Turkey,09-11-2013,9.8,2.9,5.5,0,7.9,19.8,17569.76
Turkey,10-11-2013,13.7,-1.1,5.7,0,6,16.2,32744.2
Turkey,11-11-2013,15.8,0.3,7.5,0,9.8,23.4,32732.76
Turkey,12-11-2013,14,-0.1,6.8,0,9.5,16.9,32599.78
Turkey,13-11-2013,13.6,-0.1,7,0,7.7,16.9,32534.19
Turkey,14-11-2013,14.4,-1.3,6.4,0,7.4,14.4,32284.49
Turkey,15-11-2013,13.7,2.3,6.6,0,10.7,21.2,32191.68
Turkey,16-11-2013,11.2,2.4,5.6,0,9.2,18.4,30540.93
Turkey,17-11-2013,10.1,-0.3,4,0,10,20.9,28664.27
Turkey,18-11-2013,11.1,-1.2,4,0,10.5,17.3,32050.35
Turkey,19-11-2013,12.4,-1.5,5,0,9.5,16.9,32001.91
Turkey,20-11-2013,12.8,-1.7,5,0,7.4,16.9,31959.33
Turkey,21-11-2013,13.9,-2.2,5.1,0,7.2,20.2,31918.86
Turkey,22-11-2013,11.8,-2,4.2,0,7.6,14.8,15658.96
Turkey,23-11-2013,15.8,-0.2,7.2,0,9.2,20.2,31844.54
Turkey,24-11-2013,14.8,0.6,7,0,10.1,22,31631.77
Turkey,25-11-2013,15.7,3.7,8.6,0,16.1,33.8,30797.34
Turkey,26-11-2013,12.1,4.6,7.9,6.6,15.5,47.9,7345.45
Turkey,27-11-2013,8.6,4.1,6.6,14.5,10.9,36.4,8464.36
Turkey,28-11-2013,10,0.6,4.5,3.3,8.1,19.8,27584.56
Turkey,29-11-2013,5.7,-0.1,2.6,2.3,19.1,36.4,29950.35
Turkey,30-11-2013,4.1,-4.4,-0.6,0,9.2,17.3,31217.41
Turkey,01-12-2013,11.3,-4.3,2.2,0,7.6,16.2,31136.99
Turkey,02-12-2013,13.5,-0.4,5.4,0,11.5,19.8,20962.67
Turkey,03-12-2013,5,-3.6,1.6,2.1,16.8,33.1,13192.87
Turkey,04-12-2013,4.3,-6,-1.3,0,13.8,26.3,24732.06
Turkey,05-12-2013,4.3,-3.7,-0.3,0,7.3,16.9,30845.67
Turkey,06-12-2013,5.6,-6.2,-1.6,0,8.4,17.6,30781.07
Turkey,07-12-2013,7.5,-4.3,1.1,4.7,19,41,25200
Turkey,08-12-2013,0.7,-6.5,-3.7,4.1,22.1,38.9,28542.3
Turkey,09-12-2013,-1.2,-7.7,-5,0,14.6,28.8,30608.99
Turkey,10-12-2013,-0.3,-5.5,-3.1,7,19.8,39.2,0
Turkey,11-12-2013,-4.7,-11.9,-8.5,1.4,26.9,42.8,24465.37
Turkey,12-12-2013,-8.2,-12.9,-10.7,0.7,20.3,41.4,20530.93
Turkey,13-12-2013,-7.7,-15.7,-11.5,0,13,27.4,30291.72
Turkey,14-12-2013,-6.7,-19.1,-12.7,0,7.1,12.2,23532.27
Turkey,15-12-2013,-0.2,-13,-7.1,0,7.6,13.3,30133.33
Turkey,16-12-2013,1.2,-8.9,-4.1,0,9.5,14.4,30350.38
Turkey,17-12-2013,-0.1,-10.1,-5.3,0,13.2,27.4,26870.61
Turkey,18-12-2013,0.1,-7.6,-4.2,0,6.4,13,28337.13
Turkey,19-12-2013,2.3,-8.8,-4.1,0,6.6,14.4,30305.88
Turkey,20-12-2013,4,-8.1,-3.1,0,6.5,14.4,30299.39
Turkey,21-12-2013,2.6,-9.5,-4.1,0,6.5,15.5,30297.05
Turkey,22-12-2013,2,-9.4,-4,0,5.7,15.1,30298.84
Turkey,23-12-2013,5.5,-10.8,-3.7,0,6.5,16.6,30304.73
Turkey,24-12-2013,7.8,-10,-3.1,0,7.6,16.6,30314.69
Turkey,25-12-2013,8.1,-6.9,-1.6,0,10,18.4,22620.94
Turkey,26-12-2013,7.3,-4.9,-0.7,0,10,18.7,25380.44
Turkey,27-12-2013,8.7,-6.2,-1,0,10.1,20.9,30368.75
Turkey,28-12-2013,10.2,-3.8,1,0,14,28.4,28989.91
Turkey,29-12-2013,6.9,-1.5,1.8,3.8,9.9,29.9,5207.03
Turkey,30-12-2013,7.9,-1.2,2.6,2.1,18.5,39.2,23865.99
Turkey,31-12-2013,7.5,-3.7,1.3,0,9.9,18.4,30367.85
Turkey,01-01-2014,4.6,-2.5,0.3,0,4,12.2,29314.19
Turkey,02-01-2014,6.2,-5,-0.5,0,6.9,17.6,30582.32
Turkey,03-01-2014,7.8,-3.5,1.5,0,10.3,20.9,25715.93
Turkey,04-01-2014,6.9,-1.7,1.7,0,7.2,14.8,28778.49
Turkey,05-01-2014,6,-4.6,0.5,0,8.9,15.8,30707.57
Turkey,06-01-2014,5.7,-4.6,-0.4,0,6.1,14.4,30712.57
Turkey,07-01-2014,6.1,-6.3,-1,0,7.9,14.4,30726.87
Turkey,08-01-2014,8.3,-5.9,-0.1,0,9.8,20.5,30737.2
Turkey,09-01-2014,8.6,-5.8,0.2,0,8.3,13.7,30741.29
Turkey,10-01-2014,7.3,-5.9,-0.4,0,6,13.7,30829.97
Turkey,11-01-2014,7.2,-5.8,-0.2,0,9.4,23.8,30812.55
Turkey,12-01-2014,7.5,-5.2,0,0,9.4,23.4,30881.36
Turkey,13-01-2014,7.1,-3.9,0.6,0,21.5,42.8,29943.35
Turkey,14-01-2014,6,-5.2,0.3,0,12.8,18.4,28250.46
Turkey,15-01-2014,8.6,-4.5,1.3,0,7.6,12.6,31151.91
Turkey,16-01-2014,9.1,-3.9,1.3,0,11.8,23.8,24994.57
Turkey,17-01-2014,8.7,-3.3,2.1,0,9.2,21.6,29779.73
Turkey,18-01-2014,9.4,-3.1,1.8,0,10.6,23.8,31441.88
Turkey,19-01-2014,10.6,-2.8,2.6,0,8.1,18.7,25335.93
Turkey,20-01-2014,12.8,-3.7,2.8,0,12,22,31463.02
Turkey,21-01-2014,11.6,-1.8,3,0,12.3,24.1,31972.71
Turkey,22-01-2014,11.4,-1,3.7,1.6,29,51.1,31369.73
Turkey,23-01-2014,8,-1.8,2.7,0,13.3,29.2,32214.78
Turkey,24-01-2014,8.5,-3.4,2,0,12.4,29.5,31870.87
Turkey,25-01-2014,9.3,-2.4,3.1,4.4,18.7,38.2,19252.77
Turkey,26-01-2014,8.1,0.6,3.7,5.5,19.7,57.6,13053.71
Turkey,27-01-2014,9.4,0,4.5,1,23,51.5,27751.42
Turkey,28-01-2014,9.5,-2.9,3,1.5,14.8,30.6,31358.46
Turkey,29-01-2014,9.6,-1.1,3.5,3.3,25.6,49.3,17279.81
Turkey,30-01-2014,6.4,-1.2,2.1,2.5,21.5,44.3,33216.32
Turkey,31-01-2014,4.9,-5.2,-0.2,0,9.4,20.5,33348.04
Turkey,01-02-2014,3.7,-5.2,-1.4,0,13.4,29.9,33481.79
Turkey,02-02-2014,4,-7,-2.6,0,14.8,30.6,33617.39
Turkey,03-02-2014,2.5,-6.8,-3.1,0,13.8,30.6,33754.66
Turkey,04-02-2014,1.4,-7.1,-3.7,0,11.3,26.6,33893.43
Turkey,05-02-2014,4.1,-5.6,-1.7,0,7.5,17.6,34033.52
Turkey,06-02-2014,6.2,-6.7,-0.6,0,7.4,15.5,34174.77
Turkey,07-02-2014,7.1,-6.6,-0.2,0,8.6,21.2,34317.01
Turkey,08-02-2014,7.7,-6.1,0,0,7.7,20.2,34460.1
Turkey,09-02-2014,10,-5.3,1.3,0,15.8,31,33756.86
Turkey,10-02-2014,9.3,-2.6,2.4,3,17.5,49,24396.24
Turkey,11-02-2014,9.1,-1.2,3.6,0.4,9.8,20.5,34892.85
Turkey,12-02-2014,13.2,-4.1,3.3,0,8.7,18,35037.76
Turkey,13-02-2014,13.6,-3.7,3.8,0,14.1,23,35182.79
Turkey,14-02-2014,13.1,-1.8,4.7,0,27.3,46.1,35264.23
Turkey,15-02-2014,9,-0.6,3.6,0.6,13.8,33.1,34120.47
Turkey,16-02-2014,7.9,-0.3,3.3,1.2,14.8,31.3,31620.85
Turkey,17-02-2014,9.7,-3.2,3,0,11.2,23.4,35482.86
Turkey,18-02-2014,13.8,-3.4,4.5,0,14.8,31.3,35587.48
Turkey,19-02-2014,14.2,1,7.1,0,10.6,22.3,35659.41
Turkey,20-02-2014,15.1,-3,5.5,0,12.2,27,35831.49
Turkey,21-02-2014,15.2,-2.4,5.4,0,9.7,17.6,35911.56
Turkey,22-02-2014,14.9,-0.6,6.6,0,9.3,22.7,29439.04
Turkey,23-02-2014,14.8,-2.5,6.1,0,10.3,21.2,36203.3
Turkey,24-02-2014,14.4,-2,6.5,0,20.9,38.5,36286.38
Turkey,25-02-2014,8.1,0.7,4.5,11.8,16.1,31,5782.47
Turkey,26-02-2014,6.4,1.3,3.6,3.8,10.7,23.4,12886.21
Turkey,27-02-2014,8,-2.7,2.5,0.4,15.2,28.4,36622.61
Turkey,28-02-2014,8.9,-3.9,2.5,0,15.2,32,33234.46
Turkey,01-03-2014,12.2,-3.9,4,0,10.7,23.4,37163.26
Turkey,02-03-2014,15.5,0,6.9,0.6,29,71.6,27278.58
Turkey,03-03-2014,13,-0.5,6,1,17.3,37.1,22389.84
Turkey,04-03-2014,12.2,2.3,6.5,1.5,17.6,42.8,32400
Turkey,05-03-2014,13,-0.6,6.1,0,15.7,31.7,36680.66
Turkey,06-03-2014,14.1,1.4,6.6,3.9,12.8,34.6,29628.69
Turkey,07-03-2014,12.5,-0.2,6.3,1,7.3,18,28471.74
Turkey,08-03-2014,18.5,2.4,9.6,0.3,36.1,63.4,37697.1
Turkey,09-03-2014,15.5,2.5,8.9,8.2,17,47.2,16441.18
Turkey,10-03-2014,8.9,5.8,7.3,23.7,12.7,32.8,1305.74
Turkey,11-03-2014,9.7,1.9,5.3,8.6,16.8,42.1,31148.24
Turkey,12-03-2014,5.6,-0.4,2.2,2.3,18.2,37.8,30757.12
Turkey,13-03-2014,3.1,-3.3,-0.5,0.8,26.9,51.8,36901.48
Turkey,14-03-2014,6.4,-4.3,0,0,14.7,31.7,36226.12
Turkey,15-03-2014,9.1,-3.4,2.4,0,7.7,16.6,39419.02
Turkey,16-03-2014,13.4,-3.3,4.7,1.2,26.4,50,31504.43
Turkey,17-03-2014,10.6,3.1,6.3,0,19,38.2,28070.54
Turkey,18-03-2014,12.2,-0.2,6.4,0,13.6,28.8,38896.48
Turkey,19-03-2014,13,0.9,7.2,0,11.2,25.2,40287.53
Turkey,20-03-2014,15.2,-1,7.1,0.9,18.9,41.4,39536.93
Turkey,21-03-2014,11.5,0.4,5.7,0,15.6,33.5,40734.91
Turkey,22-03-2014,15.8,-2.8,7,0,10.1,16.6,40888.73
Turkey,23-03-2014,17,-1.6,8.7,0,9.1,16.9,41041.76
Turkey,24-03-2014,17.8,-0.8,9,0,9.3,20.9,41193.89
Turkey,25-03-2014,18.2,1.1,10,0,17.6,39.6,40605.5
Turkey,26-03-2014,14.7,1.6,8.8,0.1,17.8,35.3,39600
Turkey,27-03-2014,15.1,1.2,8.4,0,15.2,33.5,40409.33
Turkey,28-03-2014,14.1,1.7,8.9,0.6,26.6,49.3,28607.64
Turkey,29-03-2014,11.9,1.1,7.1,7.6,23.2,43.6,35646.75
Turkey,30-03-2014,2.8,-7.4,-2.2,0.1,32.1,60.8,41674.38
Turkey,31-03-2014,8.4,-4.3,1.6,0,6.4,21.2,41731.58
Turkey,01-04-2014,13.8,-4,5.6,0,9.4,23.8,41823.44
Turkey,02-04-2014,13.1,-1.4,6.7,0,16,32.4,40575.64
Turkey,03-04-2014,12.2,1.1,6.9,0.3,16.1,32.8,41524.86
Turkey,04-04-2014,15.9,0.2,8.4,0,16.9,34.6,42121.32
Turkey,05-04-2014,18.9,1.9,10.9,0,13.4,31,40194.47
Turkey,06-04-2014,19.8,4.5,12.2,0,11.5,28.4,38738.36
Turkey,07-04-2014,21,4.9,12.4,0,25.2,50.4,29532.37
Turkey,08-04-2014,14.8,2.7,8.1,7.6,18.4,38.5,31547.25
Turkey,09-04-2014,13,4.5,8.2,1.2,9.2,22.7,37286.52
Turkey,10-04-2014,15.4,0.6,8.4,0.1,11.4,24.8,42638.77
Turkey,11-04-2014,17.8,3.4,10.5,0.3,19.7,37.4,43021.57
Turkey,12-04-2014,18.9,1.3,10.8,0,28.4,53.3,43162.74
Turkey,13-04-2014,16.6,4.3,10.7,0,9.5,24.1,41395.63
Turkey,14-04-2014,15.4,3,9.9,0.3,13.7,31,42072.82
Turkey,15-04-2014,15.9,6.1,10.9,0.1,8.7,28.1,40341.05
Turkey,16-04-2014,17.9,3.1,11.3,0.3,10.5,25.2,43855.23
Turkey,17-04-2014,21.5,5.6,13.8,0.2,21.1,40.7,43243.71
Turkey,18-04-2014,21.7,5.6,14,0,28.2,51.8,44844.5
Turkey,19-04-2014,18.8,6.2,12,8.7,34.5,71.3,41723.21
Turkey,20-04-2014,18.2,5.7,11.6,0,10.9,22.3,44648.21
Turkey,21-04-2014,16.4,6.6,11.4,0.2,13.9,33.1,44862.51
Turkey,22-04-2014,19.1,4.3,12.3,0,14.7,28.4,43225.37
Turkey,23-04-2014,21.9,7.2,14.9,0,19.3,38.2,45523.42
Turkey,24-04-2014,23.9,6.6,16.4,0,8.7,22.3,45656.84
Turkey,25-04-2014,26.3,8.3,16.9,1,23.7,54,33576
Turkey,26-04-2014,22.6,7.5,15.8,0,19.5,39.2,45920.51
Turkey,27-04-2014,23.9,9,16.5,0.1,14.6,28.4,42215.05
Turkey,28-04-2014,20.8,8.6,14.8,1.8,29.4,55.4,46085.17
Turkey,29-04-2014,17.1,6.8,12.1,2.7,20.8,50.8,46057.94
Turkey,30-04-2014,20.7,5.7,12.7,1.1,23,46.4,46229.14
Turkey,01-05-2014,15.4,5.4,10.7,3.8,19.9,41.4,41232.45
Turkey,02-05-2014,16.6,5.4,11.5,1.6,15.5,36,44388.37
Turkey,03-05-2014,19.7,5.6,13.1,0,15.8,32,46434.21
Turkey,04-05-2014,26.5,6.7,16.6,0,29.3,59.8,39224.73
Turkey,05-05-2014,25.3,10.5,17.5,0.5,30.7,62.3,28609.25
Turkey,06-05-2014,17.3,10.6,13.3,11.9,8.5,42.1,17007.37
Turkey,07-05-2014,17,8.6,12,0,21.3,39.2,23565.85
Turkey,08-05-2014,20.3,5.9,12.2,5.3,17.3,38.9,28388.66
Turkey,09-05-2014,18.7,9.6,14,4,26.8,53.6,46800
Turkey,10-05-2014,19.5,6.9,13.6,0,12,29.9,46800
Turkey,11-05-2014,17.3,4.5,12,0,12.4,30.2,46800
Turkey,12-05-2014,19.3,5.2,13.4,0.2,11.7,22,46800
Turkey,13-05-2014,20.3,7.9,14.7,0.3,13.2,27.4,46800
Turkey,14-05-2014,22.4,9.8,16.6,0,12.4,29.2,46800
Turkey,15-05-2014,26.3,8.4,18.8,0,11.4,27.7,46550.14
Turkey,16-05-2014,27.4,9.8,19.2,0,22.8,41,46885.61
Turkey,17-05-2014,26.8,8.5,18.6,0,15.2,30.2,46800
Turkey,18-05-2014,19.9,10.3,15,1.8,21,43.9,46800
Turkey,19-05-2014,17.7,6.7,12.2,0,18,38.9,47064.38
Turkey,20-05-2014,20.2,6.8,13.5,0,18.7,40.3,47163.32
Turkey,21-05-2014,19,7.4,13.5,1.1,18.4,36.7,46645.05
Turkey,22-05-2014,21.2,8.7,14.6,1.3,9.2,22.7,40169.91
Turkey,23-05-2014,22.1,9.2,15.1,2.9,9.6,31,36000.27
Turkey,24-05-2014,19.5,8.2,13.5,4.4,13.2,34.6,37132.23
Turkey,25-05-2014,19.5,8.9,14.6,0,12.9,31,47059.61
Turkey,26-05-2014,20.4,8.9,15.2,2,9.2,26.3,45178.48
Turkey,27-05-2014,23.3,8.7,16.5,1,11,25.6,46800
Turkey,28-05-2014,23.2,9.8,17.6,0,11.6,29.9,47403.31
Turkey,29-05-2014,25.9,9.3,19,0,9.5,21.2,46952.99
Turkey,30-05-2014,26.6,12.7,19.3,0.7,17.8,46.1,42788.43
Turkey,31-05-2014,27.4,11,19.5,0.2,25.2,47.9,46800
Turkey,01-06-2014,19.6,11.4,15.1,2.9,16.6,32,43118.16
Turkey,02-06-2014,17.6,10.3,12.9,11.1,12.3,29.9,25545.84
Turkey,03-06-2014,19,7.8,13.6,5,15,33.5,47927.23
Turkey,04-06-2014,25.3,7.7,16.8,0,18.7,41.4,42235.93
Turkey,05-06-2014,23.8,10.1,16.1,4.3,29.9,63.7,37343.14
Turkey,06-06-2014,19.4,10.2,14.2,4.7,16.5,38.5,38465.02
Turkey,07-06-2014,19.4,9.6,13.9,8.6,10,29.9,38365.17
Turkey,08-06-2014,20.6,8.8,15,0.3,7.7,21.6,46294.71
Turkey,09-06-2014,22.2,10.1,16.3,0.5,12.9,29.5,43542.07
Turkey,10-06-2014,23.2,11.4,16.6,2.2,21.6,37.1,45485.74
Turkey,11-06-2014,23.3,10.2,17.2,0,14.9,31.7,48802.94
Turkey,12-06-2014,19.4,11.6,15.6,1,20.1,40,47972.84
Turkey,13-06-2014,21.3,9.3,15.3,0,12.1,29.2,48955.18
Turkey,14-06-2014,24.4,8.9,17.8,0,8.2,19.4,49157.64
Turkey,15-06-2014,26.8,10.3,19.9,0,13.9,28.8,47448.17
Turkey,16-06-2014,27.2,13.3,19.2,2.3,15.7,31.7,38566.23
Turkey,17-06-2014,25.2,12.5,19.2,0,15.3,30.6,48128.09
Turkey,18-06-2014,27.7,14.3,21.5,0,19.4,36.7,46954.63
Turkey,19-06-2014,28.5,15.5,22.3,0,15.3,27.7,49165.37
Turkey,20-06-2014,30.3,13.5,22.5,0.9,25.5,50.8,49043.15
Turkey,21-06-2014,23.8,13.3,18.6,0,13,33.1,48668.11
Turkey,22-06-2014,24.4,13.3,19,0.2,17.7,36.4,49111.27
Turkey,23-06-2014,23.5,10.3,17.3,0,18.5,38.5,49136.34
Turkey,24-06-2014,24.6,9.4,17.4,0,19,41,49231.01
Turkey,25-06-2014,26.5,10.9,18.8,0,17,37.4,49321.75
Turkey,26-06-2014,30.2,14.3,22.6,0,19.6,34.9,48384.54
Turkey,27-06-2014,30.7,17.7,24.7,0,11.4,32.4,48237.48
Turkey,28-06-2014,32.3,15.6,24.7,0.3,20.8,45.7,42184.12
Turkey,29-06-2014,28.3,14.9,21.6,0,18.5,38.2,49154.44
Turkey,30-06-2014,30.2,12.2,21.8,0,12.8,27.4,49179.89
Turkey,01-07-2014,31.1,16.3,24.1,0,13.8,30.6,49178.64
Turkey,02-07-2014,31.2,17,24.2,0,20.4,40.3,49175.3
Turkey,03-07-2014,29.8,13.8,22.5,0,19.1,41.8,49169.78
Turkey,04-07-2014,28.2,12.3,20.9,0,24.1,46.1,49162.11
Turkey,05-07-2014,22.7,14.3,18.4,0.6,20.2,42.1,46679.7
Turkey,06-07-2014,23.9,13,18.8,0,15.2,33.5,47834.52
Turkey,07-07-2014,27.7,13.4,20.8,0,15.9,36.4,49088.26
Turkey,08-07-2014,28.4,14,21.7,0,16.7,35.6,49071.82
Turkey,09-07-2014,30.1,15.5,23.2,0,14.4,32.8,49053.67
Turkey,10-07-2014,32.7,15.9,25.9,0,10.5,24.1,49033.82
Turkey,11-07-2014,33.8,17.3,26.5,0,15.7,34.6,49012.25
Turkey,12-07-2014,35.8,17.1,27.8,0,23,48.6,48989
Turkey,13-07-2014,30.6,17.8,24.5,0,24.2,45,48662.93
Turkey,14-07-2014,29.2,14.5,22.6,0,17.3,36.7,48937.43
Turkey,15-07-2014,30.7,14.7,23.4,0,14.3,31,48909.12
Turkey,16-07-2014,35.4,16.8,26.4,0,16.5,36,48879.14
Turkey,17-07-2014,31.7,18.4,25.5,0,13.9,29.9,48758.03
Turkey,18-07-2014,31,16.8,24.8,0,13.8,30.2,48814.19
Turkey,19-07-2014,29.7,17.2,23.9,0,19.6,37.4,47801.2
Turkey,20-07-2014,27.6,16,21.9,0.3,17.3,37.8,48452.48
Turkey,21-07-2014,25.7,15.1,20.7,0.2,16.9,35.6,47402.7
Turkey,22-07-2014,29.3,14.2,22.5,0,14.8,30.6,48664.41
Turkey,23-07-2014,32.2,16.3,25.1,0,9.2,23,48615.27
Turkey,24-07-2014,35.1,16.6,26.9,0,15.5,32.8,47844.43
Turkey,25-07-2014,31.8,17,24.6,0,22.7,45,48033.77
Turkey,26-07-2014,30.6,16.3,23.4,0.5,20.6,38.2,47492.81
Turkey,27-07-2014,29.5,16.3,23.1,0,17,36.7,47438.95
Turkey,28-07-2014,30.4,17,24.3,0,14.6,33.5,47729.7
Turkey,29-07-2014,32.3,16.9,25.5,0,11.5,30.2,47326.66
Turkey,30-07-2014,32,17.4,25.6,0,15,33.8,47157.95
Turkey,31-07-2014,32.2,18,25.6,0,14.3,33.5,47208.08
Turkey,01-08-2014,33.6,19.3,27.2,0,11,27.4,47250.82
Turkey,02-08-2014,35.7,17.5,27.7,0,10.9,21.6,46049.9
Turkey,03-08-2014,33.3,20.1,27,0,17.4,33.1,46267.83
Turkey,04-08-2014,30,16.7,23.3,1.4,20.1,38.2,46286.5
Turkey,05-08-2014,27.4,16.8,21.4,2.6,22.8,46.4,46167.04
Turkey,06-08-2014,27.6,14.5,21.5,0,12.3,28.4,46459.83
Turkey,07-08-2014,30.7,14.2,23.8,0,9.2,22.3,46065.59
Turkey,08-08-2014,29.7,16.7,23.8,0,14.5,28.4,46104.47
Turkey,09-08-2014,28.6,15.4,22.4,0,18.3,37.1,45963.87
Turkey,10-08-2014,27.1,15.8,21.5,0,19.3,38.5,45913.02
Turkey,11-08-2014,29.5,14.3,22.2,0,18.4,38.9,45957.77
Turkey,12-08-2014,29.6,14.7,22.6,0,20.4,39.2,45845.84
Turkey,13-08-2014,30.6,14.8,22.7,0,21.6,42.1,45761.07
Turkey,14-08-2014,33.9,15.1,24.8,0,13.2,29.9,45710.51
Turkey,15-08-2014,34.3,20.2,27.5,0,13.9,28.1,45659.75
Turkey,16-08-2014,34,20,27.3,0,13.7,31,45608.83
Turkey,17-08-2014,34.8,19.1,27.2,0,11,24.1,45557.76
Turkey,18-08-2014,34.1,17.4,26,1.3,13.6,33.8,45506.55
Turkey,19-08-2014,31.3,17.8,23.5,2.9,14.8,38.5,41516.58
Turkey,20-08-2014,29.5,16.6,23.2,0,13.9,31.7,45403.82
Turkey,21-08-2014,30,16.4,23.4,0,12.8,29.5,45325.64
Turkey,22-08-2014,31.2,17.8,24.3,0,15.9,33.1,45191.34
Turkey,23-08-2014,29.2,15.2,22.3,0,20.5,39.2,45056.08
Turkey,24-08-2014,30.4,14.9,22.6,0,12.8,26.6,44654.4
Turkey,25-08-2014,33.6,17.6,25.2,0,21.2,46.8,44783.09
Turkey,26-08-2014,33.2,15.7,24.7,0,17.8,34.2,44645.55
Turkey,27-08-2014,35.1,18.5,27.2,0,11.6,27.7,44470.16
Turkey,28-08-2014,36.1,21,27.6,0,30.4,56.5,44362.56
Turkey,29-08-2014,29.8,17.7,22.9,0,23.7,45.4,43655.59
Turkey,30-08-2014,28.2,15.9,21.4,0,16.2,33.1,43321.62
Turkey,31-08-2014,29.4,13,21.3,0,10,26.6,43571.43
Turkey,01-09-2014,32.2,14.7,24.3,0,11.7,22.7,43274.37
Turkey,02-09-2014,31.8,16.1,24.8,0,11.8,20.9,43031.86
Turkey,03-09-2014,31.6,17.5,25,0,10.2,24.5,42824.14
Turkey,04-09-2014,31.9,17.4,25.5,0,9.2,25.2,42724.94
Turkey,05-09-2014,32.7,18.5,25.8,0,10.4,21.2,41893.71
Turkey,06-09-2014,31.5,17.4,24.5,0.1,10.2,23.8,41497.98
Turkey,07-09-2014,26.9,18.1,22.7,0,11,27.7,41681.55
Turkey,08-09-2014,26.2,17.1,22,0,8.9,23,41173.45
Turkey,09-09-2014,25.4,16.3,20.5,0.2,11.7,26.6,41064.93
Turkey,10-09-2014,25.8,14,18.8,3.4,11.4,23.8,38314.29
Turkey,11-09-2014,23.9,13,18.6,0.1,10.1,24.1,36914.93
Turkey,12-09-2014,26,13.2,19.6,0,11.3,27.4,40806.31
Turkey,13-09-2014,26.9,12.6,20,0,14.7,32.8,40646.78
Turkey,14-09-2014,25.5,12.4,19.1,0,13.2,27,40340.94
Turkey,15-09-2014,25,13.7,19.3,0,11.7,27.7,40156.79
Turkey,16-09-2014,24.6,13.5,19.2,0.4,12.5,25.9,39865.76
Turkey,17-09-2014,24.3,12.4,17.7,3,10,27.4,36756.44
Turkey,18-09-2014,21,12,16.2,2.4,11.8,33.8,39600
Turkey,19-09-2014,20.8,11.8,15.6,2.8,13.2,30.6,39600
Turkey,20-09-2014,17.5,11.5,14.1,2,15,32,31690.68
Turkey,21-09-2014,19.3,8.2,13.9,0,9.3,23.4,39625.88
Turkey,22-09-2014,21.6,7.3,15.2,0,11.9,25.2,38025.24
Turkey,23-09-2014,26,9.6,18.4,0,29.8,54,36000
Turkey,24-09-2014,18.7,12.4,15.4,1.3,18.3,42.8,26861.81
Turkey,25-09-2014,19.1,7.9,13.4,0,11,27.4,39600
Turkey,26-09-2014,20.2,6.2,13.8,0,7.4,21.2,39600
Turkey,27-09-2014,22.7,7.8,14.3,0.5,19.2,38.2,34221.98
Turkey,28-09-2014,16.9,9.5,12.5,7.8,17.5,41.4,29131.32
Turkey,29-09-2014,13.7,7.5,10.3,0.2,24.2,45.7,16539.96
Turkey,30-09-2014,14.9,2.6,8.7,0,16.1,35.3,39475.24
Turkey,01-10-2014,18.6,4.2,10.9,0,14.1,29.5,39347.3
Turkey,02-10-2014,18.7,4.5,10.9,0,18.9,36.7,39192.52
Turkey,03-10-2014,18.5,5.2,11.1,0,9.2,23.4,39037.7
Turkey,04-10-2014,19.6,5.8,12.4,0,10.8,23,38882.94
Turkey,05-10-2014,20.7,6.1,13.7,0,10.6,19.4,38728.34
Turkey,06-10-2014,21.7,7.9,14.8,0,12.6,26.6,38574.01
Turkey,07-10-2014,20.5,9.4,14.7,0,12.2,23.8,38420.05
Turkey,08-10-2014,20.7,8.4,14.2,0,13.4,28.1,38212.65
Turkey,09-10-2014,21.7,7.1,13.7,0,13.7,28.4,38113.66
Turkey,10-10-2014,24.2,7.7,14.9,0,9.7,28.8,35438.71
Turkey,11-10-2014,23.9,8.1,15.7,0.9,16.8,36.7,34086.88
Turkey,12-10-2014,19.7,9.3,14.1,1.9,9.4,25.2,36297.34
Turkey,13-10-2014,20,6.4,13.4,0,10,22.7,37362.12
Turkey,14-10-2014,19.2,7.2,13.5,0,6.8,22.7,36450.02
Turkey,15-10-2014,17.5,7.4,12.2,1.2,6.4,16.9,34021.81
Turkey,16-10-2014,17.3,6.7,12,0,13.1,27.4,36665.61
Turkey,17-10-2014,17.2,9.1,11.7,8.8,20.6,50,21590.44
Turkey,18-10-2014,18,8.1,11.5,5.3,21.5,51.5,26801.01
Turkey,19-10-2014,10,2.3,6.9,0,22.5,43.6,36415.15
Turkey,20-10-2014,9.7,0.6,4.3,0,17.9,36.4,34443.57
Turkey,21-10-2014,14.5,-2.2,6.6,0,6.4,15.5,36233.07
Turkey,22-10-2014,20,0.4,9.6,0,13.2,28.4,34674.86
Turkey,23-10-2014,18.7,3.8,10.9,0,17.9,33.5,34506.64
Turkey,24-10-2014,17.6,5.2,10.9,0,14.1,31,23181.28
Turkey,25-10-2014,18.1,7.3,12.1,0,14,29.5,21359.17
Turkey,26-10-2014,17.2,4.5,10.6,0,10.2,20.9,34577.2
Turkey,27-10-2014,17,4.4,10.4,2.5,11.9,29.9,34184.52
Turkey,28-10-2014,16.8,4.4,10.3,0.3,6.3,18.7,34173.14
Turkey,29-10-2014,17.1,5.4,10.7,0,6.9,19.4,34201.87
Turkey,30-10-2014,15.1,5.7,9.4,4.6,7.4,25.6,29285.7
Turkey,31-10-2014,11.9,6.2,8.1,7,13.4,21.6,20666.5
Turkey,01-11-2014,8.8,5.4,6.7,1.6,10.8,23.8,1590.84
Turkey,02-11-2014,9,2.7,5.8,0,18.7,36.4,33115.54
Turkey,03-11-2014,6.2,-2,2.5,0,11.5,25.6,33259.45
Turkey,04-11-2014,8.1,-3.2,1.6,0,11.9,27.7,33673.8
Turkey,05-11-2014,10.5,-4.8,2.6,0,6.2,14.4,33642.35
Turkey,06-11-2014,12,-4.1,3.4,0,9,14.4,33473.15
Turkey,07-11-2014,13.5,-4.2,3.7,0,6.9,16.9,33347.68
Turkey,08-11-2014,16.1,-2.3,5.2,0,8.6,18.7,32400
Turkey,09-11-2014,17.7,-2.2,6.5,0,11.8,25.6,32929.16
Turkey,10-11-2014,15.8,-1.2,7.1,0,7.1,16.6,32746.08
Turkey,11-11-2014,14.4,0.6,7.4,0,10.3,19.4,32657.3
Turkey,12-11-2014,14,0,7,0,6.9,14,32611.95
Turkey,13-11-2014,15.1,-0.9,6.9,0,7.7,18.7,30987.83
Turkey,14-11-2014,15.5,4.1,8.9,0.3,12.3,26.6,28459.17
Turkey,15-11-2014,15.3,1.5,7.9,0.5,11.9,31,28800
Turkey,16-11-2014,9.5,3.1,6.4,2.1,8.7,14.4,5836.29
Turkey,17-11-2014,10.7,2.2,5.7,0,7,16.6,18592.85
Turkey,18-11-2014,13.4,-1,5.8,0,6.5,18.7,31448.95
Turkey,19-11-2014,13.6,-0.8,6.2,0,6.6,15.8,26558.74
Turkey,20-11-2014,15.2,0.6,7.5,0,12.7,28.4,30081.52
Turkey,21-11-2014,7.6,1.5,4.3,28,11.5,26.6,0
Turkey,22-11-2014,1.5,0.6,1,16.6,14.7,27.7,0
Turkey,23-11-2014,3.9,-3.1,1.1,0.1,15.7,32,28923.43
Turkey,24-11-2014,3.2,-4.5,-0.9,0,9,21.6,21316.32
Turkey,25-11-2014,5.7,-3.3,0.6,0,11.7,23.4,17844.41
Turkey,26-11-2014,7,0,2.3,7.2,16.5,33.8,21188.54
Turkey,27-11-2014,5.6,0.7,2.2,1,13.1,27,11252.79
Turkey,28-11-2014,5.1,-2.6,1.5,0,9.1,19.4,23382.57
Turkey,29-11-2014,7.1,-4.4,0.8,0,6.8,19.8,31322.04
Turkey,30-11-2014,8.5,-2.8,2.8,12.4,17.1,33.5,17468.77
Turkey,01-12-2014,7.9,5.3,6.3,9.6,15,32.8,1224.64
Turkey,02-12-2014,10.4,5,7,5.2,16.9,34.6,6307.72
Turkey,03-12-2014,11.3,1.7,7.3,0.1,14.4,29.9,13617.75
Turkey,04-12-2014,12.5,0.1,5.2,0,8.9,18,19215.62
Turkey,05-12-2014,11.7,0.9,5.8,0.1,8.5,20.5,30551.3
Turkey,06-12-2014,10.3,1.6,5.3,0,7.4,18.4,16187.27
Turkey,07-12-2014,12.5,-0.1,5.7,0,10.5,24.1,29272.81
Turkey,08-12-2014,13,1.2,6.4,0,11.8,25.6,17802.67
Turkey,09-12-2014,9.7,3.8,6.3,2.5,20.9,46.1,0
Turkey,10-12-2014,11.2,0.5,5.3,0.7,16.5,41.4,30568.35
Turkey,11-12-2014,11.5,0.1,4.5,0,9.3,22,30524.26
Turkey,12-12-2014,11.6,1.3,5.3,1,16.4,40.3,20243.82
Turkey,13-12-2014,9.6,-0.9,4,0.1,12.3,22.3,25312.79
Turkey,14-12-2014,7.9,1.5,3.8,0,10.4,21.6,14243
Turkey,15-12-2014,6.7,0.9,3.1,0,6.6,17.6,27695.92
Turkey,16-12-2014,7.1,-4.6,0.5,0,5.6,15.8,24174.64
Turkey,17-12-2014,10.6,-4.6,2,0,8,16.9,30342.73
Turkey,18-12-2014,10,-2.5,3.4,1.6,9.2,22,30326.21
Turkey,19-12-2014,7.2,1.1,3.7,1.6,6.4,15.1,21803.06
Turkey,20-12-2014,5.7,1,3,0,5.4,11.5,6071.79
Turkey,21-12-2014,6.6,-3.3,0.9,0,9.7,22.7,24901.5
Turkey,22-12-2014,1.8,-4,-0.6,5.6,16.5,31,17479.28
Turkey,23-12-2014,1.7,-7,-2.9,0,15.9,32.8,17700.05
Turkey,24-12-2014,6.7,-3.7,0.1,0,15.5,32,30311.42
Turkey,25-12-2014,8.4,-5.1,0.2,0,6.9,16.6,30323.12
Turkey,26-12-2014,9.4,-4.9,0.4,0,9.1,20.5,30338.88
Turkey,27-12-2014,9.3,-2.9,2.1,0,22,42.8,30358.7
Turkey,28-12-2014,6.6,1.1,2.9,3.2,14.1,29.5,7982.91
Turkey,29-12-2014,10.7,-0.7,4.4,0,23.5,44.3,29576.26
Turkey,30-12-2014,11.2,3,5.9,0,20.2,40,30442.53
Turkey,31-12-2014,10.2,0.9,5,0,18.8,36.7,21043.95
Turkey,01-01-2015,9.6,1,4.3,1.8,13.8,34.9,29017.75
Turkey,02-01-2015,3.6,-0.9,1.4,1.9,8.1,21.2,12795.01
Turkey,03-01-2015,3.5,-2.4,-0.1,0,9.1,19.4,27583.31
Turkey,04-01-2015,3.1,-3.7,-0.3,0,21.1,40.7,22129.72
Turkey,05-01-2015,1.9,0,0.9,11.6,10.9,25.9,231.49
Turkey,06-01-2015,3.6,-3.2,0.5,14.9,15.5,49.7,16194.19
Turkey,07-01-2015,-3.4,-9.1,-5.6,12.8,27,53.6,0
Turkey,08-01-2015,-9.6,-17.7,-12.6,0.5,17.1,35.3,26764.53
Turkey,09-01-2015,-16.3,-23.5,-20.3,0,8.1,14.4,23979.62
Turkey,10-01-2015,-5.3,-24.8,-14.3,2,10.5,19.8,2661.56
Turkey,11-01-2015,-3,-8.5,-5.9,0.1,12.5,20.5,29618.61
Turkey,12-01-2015,0.3,-11.9,-6.2,0,11.3,23.8,30175.1
Turkey,13-01-2015,1.3,-8.6,-4.6,0,10,22,25395
Turkey,14-01-2015,4.7,-10.8,-5.1,0,10,17.3,31041.02
Turkey,15-01-2015,4.4,-9.4,-3,0,10.3,17.3,25090.57
Turkey,16-01-2015,2.5,-2.7,-0.4,0,9,16.6,24259.65
Turkey,17-01-2015,1.9,-3.5,-1,0,7.8,17.6,31371.21
Turkey,18-01-2015,4.4,-7,-2.4,0,6.2,17.3,31501.52
Turkey,19-01-2015,4.8,-7.5,-2.3,0,6.1,14.8,24149.77
Turkey,20-01-2015,9.3,-6.4,-0.2,0,7.2,15.5,30998.18
Turkey,21-01-2015,10.4,-5.9,0,0,8,17.3,29622.54
Turkey,22-01-2015,6.7,-4.8,-0.6,0,7.3,13.7,32114.41
Turkey,23-01-2015,9,-6.5,-1,0,9.5,19.1,32327.51
Turkey,24-01-2015,9.6,-6.9,-0.6,0,17.3,36,32443.66
Turkey,25-01-2015,10.6,-5,1.3,0,16.8,35.6,32128.82
Turkey,26-01-2015,7.7,-3.4,1.3,3.1,9.8,32.8,31753.28
Turkey,27-01-2015,7.6,-4.5,0.3,0,9.9,20.9,29279.27
Turkey,28-01-2015,5.1,-3.7,-0.4,3.5,14.3,28.1,16309.64
Turkey,29-01-2015,7.2,-3.4,0.7,0,15.5,32.4,30429.24
Turkey,30-01-2015,6.4,-4.2,0.4,0.1,17.8,34.6,17020.94
Turkey,31-01-2015,8.4,-2.4,2.4,0,25.1,47.5,17066.8
Turkey,01-02-2015,11.1,2.5,5.6,0,24.8,47.2,32743.53
Turkey,02-02-2015,12.5,-0.7,4.9,0,25.6,46.4,33592.66
Turkey,03-02-2015,9.3,-0.3,4.2,8.3,21.4,60.1,30446.94
Turkey,04-02-2015,6.3,-2.1,2.3,2.5,14.8,35.6,33865.45
Turkey,05-02-2015,10,-4.8,1.4,0,10.8,27.4,34003.24
Turkey,06-02-2015,12.7,-4.5,2.5,0,13.5,26.6,34141.74
Turkey,07-02-2015,11.1,-3.9,3,0.4,19.1,36,33732.73
Turkey,08-02-2015,7.5,-2.8,2.5,0.7,16.9,33.5,29668.66
Turkey,09-02-2015,6.4,-1.2,2.2,4.9,15,42.5,28189.63
Turkey,10-02-2015,7.1,-4,0.9,3.7,24.1,48.2,21962.72
Turkey,11-02-2015,7.1,-1.2,2.4,1.6,16.3,37.8,22230.77
Turkey,12-02-2015,3.9,-3.1,0.5,3.5,10,18.7,31152.12
Turkey,13-02-2015,3.6,-3.1,-0.2,1.4,14.8,32,7651.54
Turkey,14-02-2015,6.1,-3.7,0.7,0.1,9.2,24.8,31643.25
Turkey,15-02-2015,6.7,-5.8,0,1,8.8,25.2,34552.76
Turkey,16-02-2015,5.2,-3.6,-0.3,5.2,11.2,26.3,29100.94
Turkey,17-02-2015,0.6,-5.4,-1.7,3,12.5,33.8,24868.86
Turkey,18-02-2015,-5.9,-8.9,-7,8.3,16.1,32,9574.5
Turkey,19-02-2015,-1.3,-10,-6.3,2.2,20.4,39.6,34653.12
Turkey,20-02-2015,-4,-8.1,-6,0,23,42.1,23781.57
Turkey,21-02-2015,-4.9,-12.1,-8.5,0,13.7,25.9,27420.65
Turkey,22-02-2015,-0.9,-20.2,-10.1,0,8.1,15.5,34262.53
Turkey,23-02-2015,4.5,-13.2,-4.3,0,10.3,17.6,32400
Turkey,24-02-2015,7.3,-4.2,1,0,14.3,28.4,32350.77
Turkey,25-02-2015,9.6,-0.5,3,1.5,14.6,29.5,25051.72
Turkey,26-02-2015,11.8,-3.5,3.3,0,10.3,21.2,36510.11
Turkey,27-02-2015,14.5,-3.7,4.5,0,18.1,35.3,36798.56
Turkey,28-02-2015,11.5,-0.3,5,1,20.4,46.1,34868.65
Turkey,01-03-2015,9.8,-1.2,3.8,2.2,11.7,30.6,35937.52
Turkey,02-03-2015,8.7,-0.7,3.6,1.4,8.3,24.5,36561.28
Turkey,03-03-2015,8.9,-2.2,3.5,0.9,11.3,28.8,36785.09
Turkey,04-03-2015,5.4,-2.3,2.4,2.7,21.4,42.1,36234.61
Turkey,05-03-2015,6.9,-4.1,0.4,0,10.5,22.7,37739.78
Turkey,06-03-2015,13.9,-5,3.5,0,11.3,24.5,37741.28
Turkey,07-03-2015,15.5,-1.5,6.1,0,12.4,23,35933.11
Turkey,08-03-2015,16.3,-1.3,7,0,11.5,15.5,37179.39
Turkey,09-03-2015,17,-0.5,8.2,0,11.3,16.2,38325.18
Turkey,10-03-2015,19.4,-0.5,9.4,0,10.8,25.2,38354.56
Turkey,11-03-2015,14.7,3.5,7.9,3.4,25.7,50.4,16474.63
Turkey,12-03-2015,4.8,1.1,2.6,28.1,17.8,36.4,0
Turkey,13-03-2015,9.7,-3.1,3.2,0.6,18.1,47.9,38820.95
Turkey,14-03-2015,11.7,-1.7,4.8,0.5,14.4,28.8,37539.52
Turkey,15-03-2015,9.3,-1.2,4.1,5.3,8.4,20.9,35149.48
Turkey,16-03-2015,7.2,1.4,3.7,1.8,20.9,41.4,22548.83
Turkey,17-03-2015,6.6,0.1,3,0.1,13,28.1,36000
Turkey,18-03-2015,10.1,-0.9,5,0,12,28.8,31470.58
Turkey,19-03-2015,8.3,2.1,4.7,8.1,10.2,25.9,19812.27
Turkey,20-03-2015,7,-0.6,2.9,4.4,15.2,33.5,34222.06
Turkey,21-03-2015,2,-2.8,-0.8,9.1,21.4,43.9,12672.04
Turkey,22-03-2015,1.5,-9.1,-2.3,4,18.6,33.1,39993.39
Turkey,23-03-2015,10.6,-14.5,-1.5,0,10.5,26.6,38472.69
Turkey,24-03-2015,6.6,1.1,3.3,5.1,10,25.9,30046.91
Turkey,25-03-2015,9.4,-4.3,2.8,0,9,23.4,41301.09
Turkey,26-03-2015,15.2,-4.6,5,0,11.9,20.5,41430.54
Turkey,27-03-2015,16.8,0,8.2,1.8,19.5,41,30046.05
Turkey,28-03-2015,12.9,4.5,8.4,7.2,26.9,49.3,13331.3
Turkey,29-03-2015,15.6,-0.1,7.5,1.5,14.2,33.1,36449.18
Turkey,30-03-2015,9.4,4.8,6.3,13.1,18.8,37.1,13757.02
Turkey,31-03-2015,12.8,1,7.2,2.5,12.3,28.8,30694.72
Turkey,01-04-2015,13,2.8,8,1.9,16.3,32,33899.21
Turkey,02-04-2015,13.9,3,7.7,3.8,30.1,65.5,40271.49
Turkey,03-04-2015,11.6,-2.6,5,0,16,34.6,39156.82
Turkey,04-04-2015,6.5,0.8,3.7,0.7,21.1,40.3,35588.45
Turkey,05-04-2015,14.2,-5.1,5,0,16.4,31.3,40769.45
Turkey,06-04-2015,16.1,1,8.9,0,13.7,29.2,40847.58
Turkey,07-04-2015,14.3,3.8,9.2,4.5,22.7,69.1,38303.32
Turkey,08-04-2015,9.5,3.1,6.4,5,9.1,47.9,23953.79
Turkey,09-04-2015,16.6,2.1,8.8,9.1,40.3,89.3,41732.88
Turkey,10-04-2015,6,-2,1.7,3.2,26.3,55.4,38498.15
Turkey,11-04-2015,4.9,-4,0.3,0,23,44.3,10295.92
Turkey,12-04-2015,5.8,-1.6,1.5,0,21.3,42.1,24186.63
Turkey,13-04-2015,6.7,-2,2,0.5,19.7,39.6,26731.48
Turkey,14-04-2015,11.3,-3.2,4.9,0,8.9,22.3,42326.02
Turkey,15-04-2015,13.1,-2,6,0.1,14.5,30.6,42342.54
Turkey,16-04-2015,13.9,-0.6,7.1,0,10,24.8,43180.03
Turkey,17-04-2015,17.6,0.5,9.7,0,16.6,29.5,44142.27
Turkey,18-04-2015,19,3.6,11.4,0,23.5,47.2,44614.26
Turkey,19-04-2015,19.9,6.3,12.8,0,25.6,51.1,44951.58
Turkey,20-04-2015,14.3,6.1,8.5,8,19.1,51.5,13813.06
Turkey,21-04-2015,12.1,3.1,7.3,0,22.4,45.7,45129.95
Turkey,22-04-2015,8,1,3.8,1.2,13.9,32,38250
Turkey,23-04-2015,4.6,-1.5,1.3,2,30.3,56.5,36545.04
Turkey,24-04-2015,8.7,-3,2.8,0,15.3,32.8,45629.96
Turkey,25-04-2015,15.7,-3.3,7.2,0,7.4,19.4,45761.91
Turkey,26-04-2015,16.8,2.3,9.9,0,17.9,33.1,38239
Turkey,27-04-2015,16.2,1.7,10.3,0.6,12.3,29.9,45996.16
Turkey,28-04-2015,20.4,2.1,12.3,0,10.9,25.2,46068.98
Turkey,29-04-2015,23.6,5.9,14.9,0,25.5,51.1,44292.07
Turkey,30-04-2015,18.2,5.7,12.4,0.2,17,36.4,46209.75
Turkey,01-05-2015,17.3,5.9,11.3,4.7,12.8,38.5,44206.77
Turkey,02-05-2015,16.4,5.7,11.2,0.6,11.3,27.7,45272.22
Turkey,03-05-2015,13.8,6.1,9.6,10.7,11,26.6,15961.07
Turkey,04-05-2015,14.8,6,10.2,0.1,16.5,34.9,44136.02
Turkey,05-05-2015,16.9,3.8,10.4,0,14,31.7,46542.51
Turkey,06-05-2015,17.2,4.3,11.6,0,18.6,38.5,46606.04
Turkey,07-05-2015,20.1,4.5,13.2,0,10.7,24.1,46668.44
Turkey,08-05-2015,23.2,5.7,14.2,4.8,23.7,38.5,39976.93
Turkey,09-05-2015,16.2,8.7,12.5,2.8,20.5,42.1,41991.18
Turkey,10-05-2015,16.8,2.8,10.2,0,16.3,32.4,46800
Turkey,11-05-2015,17.5,3.5,10.9,0,13,27.7,46800
Turkey,12-05-2015,17.2,4.4,11.2,0.3,18.9,34.2,44353.27
Turkey,13-05-2015,11.7,5,9,2.5,15.5,31,23565.81
Turkey,14-05-2015,15.3,3.4,10.5,0,12.6,26.3,45579.88
Turkey,15-05-2015,21.4,2.6,13.2,0,15,30.2,46889.7
Turkey,16-05-2015,23.5,6.5,15.9,0,14,32.4,46800
Turkey,17-05-2015,26,8.2,18.1,1.2,16.9,32,46800
Turkey,18-05-2015,26,8.9,18.7,0,9.4,20.9,46800
Turkey,19-05-2015,27.4,9.4,19.2,0,12.6,28.8,46800
Turkey,20-05-2015,27.9,9.4,19.6,0.4,20.9,43.9,44347.38
Turkey,21-05-2015,25.8,8.7,18,0,17.1,35.6,47064.69
Turkey,22-05-2015,24.2,8.6,16.3,2.8,11,33.1,42042.43
Turkey,23-05-2015,23.5,9.9,16.5,1.7,16.3,28.8,42726.7
Turkey,24-05-2015,25.6,9.4,18.3,0,10.9,23.4,46800
Turkey,25-05-2015,26,11.3,18.9,0,15,30.6,47060.1
Turkey,26-05-2015,24.9,10.9,18.7,0,16.2,33.5,46833.23
Turkey,27-05-2015,24.9,10.6,17.9,1.7,28.1,55.8,40775.88
Turkey,28-05-2015,21.2,10.4,16.4,0,16.9,46.1,46582.63
Turkey,29-05-2015,19.4,10.6,13.8,12.7,12.9,29.9,39169.54
Turkey,30-05-2015,16.5,7.8,12.3,8.8,10.7,25.2,46800
Turkey,31-05-2015,18.2,7.5,13,3.9,6.1,25.9,46800
Turkey,01-06-2015,21.9,7.7,15.3,0,12.3,29.2,47536.76
Turkey,02-06-2015,24.3,9.7,16.3,2.9,12.4,38.2,40795.52
Turkey,03-06-2015,22,10.2,15.6,6.8,12.8,25.6,37825.32
Turkey,04-06-2015,19.2,11.7,14.8,8.6,9.7,31.7,38640.63
Turkey,05-06-2015,21.2,7.6,14.7,0.3,17.4,28.8,46026.89
Turkey,06-06-2015,21,9.9,15.7,0,11.3,25.2,40755.12
Turkey,07-06-2015,23.5,10.6,17.3,0.1,14.2,29.2,46800
Turkey,08-06-2015,23.3,12.6,17.6,5.9,11.3,25.2,45932.26
Turkey,09-06-2015,23.6,10.4,17.2,4.2,10.8,25.6,47146.36
Turkey,10-06-2015,22.9,11.9,16.7,9.1,12.6,25.2,46765.88
Turkey,11-06-2015,20.8,12.2,16.3,4.5,10.1,28.8,46407.27
Turkey,12-06-2015,21.9,11.8,17,1.7,12.3,26.6,47553.12
Turkey,13-06-2015,22.4,10.9,16.9,0.1,13.5,27.7,46992.68
Turkey,14-06-2015,21.7,11.2,16.7,0.6,12.2,28.4,43881.42
Turkey,15-06-2015,21.5,11.5,16.6,0.2,14.5,32,47695.21
Turkey,16-06-2015,22.5,12.1,17.7,0,13.2,30.6,49104.86
Turkey,17-06-2015,24.2,11,18.7,0,12.5,22.3,47931.66
Turkey,18-06-2015,24.8,13.1,19.9,0.1,11.4,29.2,48278.41
Turkey,19-06-2015,25.2,13.4,19.3,2.5,15.9,28.4,43650.13
Turkey,20-06-2015,21.6,12,17.4,0,9.3,24.8,48577.44
Turkey,21-06-2015,23.3,12.3,18,0,10.8,23.4,48581.95
Turkey,22-06-2015,25.1,13.8,20,0,10.8,23.4,49210.2
Turkey,23-06-2015,26.3,13.1,20.2,0.3,13,26.6,49137.66
Turkey,24-06-2015,23.2,13.3,17.7,1.4,16.6,34.9,47106.07
Turkey,25-06-2015,21.1,12,16.7,1.4,13,30.2,48285.69
Turkey,26-06-2015,21.5,11.4,16.9,0,13,28.8,49148.41
Turkey,27-06-2015,24.3,11.9,17.7,3.3,16.2,32,44668.53
Turkey,28-06-2015,20.9,10.2,15.3,9.7,9.1,26.3,35137.07
Turkey,29-06-2015,21.9,10,16.1,0,9,23.8,38735.16
Turkey,30-06-2015,22.3,11.4,17.2,0,12,29.2,48283.81
Turkey,01-07-2015,25.1,11.8,18.8,0,13.6,27.7,49146.88
Turkey,02-07-2015,26.5,12,19.5,0,17.8,34.2,49171.54
Turkey,03-07-2015,24.8,12.1,18.6,0,20.2,40.7,49134.47
Turkey,04-07-2015,26.3,12,19.1,0,15.4,30.6,49125.81
Turkey,05-07-2015,26.8,13.2,20.2,0,12.7,28.8,49115.5
Turkey,06-07-2015,28.3,14.1,21.3,0,17.1,35.3,49103.52
Turkey,07-07-2015,26.6,12.8,20.2,0,19.9,36.4,49089.85
Turkey,08-07-2015,21.8,12.9,18.3,0,19.4,38.5,11725.87
Turkey,09-07-2015,23,13.7,18.6,0.2,9.6,23,14660.58
Turkey,10-07-2015,28,13.5,21.8,0,12.8,28.8,49038.67
Turkey,11-07-2015,28.5,15.7,22.3,0,18.2,35.6,48965.55
Turkey,12-07-2015,22.8,15.1,19,0,22.3,44.3,43326.95
Turkey,13-07-2015,25,11.7,18.1,0,18.9,37.8,48971.94
Turkey,14-07-2015,27.6,10.6,19.5,0,12.1,24.8,48946.19
Turkey,15-07-2015,28,15.1,22,0,19.9,41.8,48918.66
Turkey,16-07-2015,27.3,13,20.4,0,22.6,43.2,48889.34
Turkey,17-07-2015,25.9,12.1,18.7,0,25.8,51.1,48858.23
Turkey,18-07-2015,27.6,11.1,19.1,0,20.6,43.2,48825.3
Turkey,19-07-2015,28,10.1,19.4,0,22.7,45.7,48790.5
Turkey,20-07-2015,29.8,10.4,20.6,0,10.4,26.6,48753.79
Turkey,21-07-2015,30.4,14.7,22.5,0,20.1,38.9,48715.18
Turkey,22-07-2015,29.1,11.2,20.9,0,21.4,43.6,48674.74
Turkey,23-07-2015,31.3,11.6,22.1,0,12.3,27.4,48632.52
Turkey,24-07-2015,34.9,16.4,25.8,0,17.1,32.4,48484.11
Turkey,25-07-2015,31.9,14.6,24.6,0,11.3,25.6,48417.88
Turkey,26-07-2015,32.3,15.3,24.7,0,15.9,31.7,47988.41
Turkey,27-07-2015,31.3,18,25.2,0,12.9,28.8,47806.63
Turkey,28-07-2015,32.2,18.2,25.8,0,14.8,29.9,47743.57
Turkey,29-07-2015,33.9,17.2,26.2,0,17.3,43.6,47452.21
Turkey,30-07-2015,35,18,26.5,0.3,17.6,32.4,44094.72
Turkey,31-07-2015,34.6,19,27,0,14,35.3,47112.17
Turkey,01-08-2015,29.8,18.6,23.6,2.3,18.4,37.8,46377.3
Turkey,02-08-2015,27.5,17.2,22.5,0.2,15.5,32.4,46789.27
Turkey,03-08-2015,29.9,16.5,23.6,0,11.1,27.7,46635.19
Turkey,04-08-2015,32.9,18.5,25.9,0.6,12.7,23.8,43335.35
Turkey,05-08-2015,30.6,19.8,25.5,0,9.9,24.5,46436
Turkey,06-08-2015,31.8,18.5,25.3,0,16.8,35.6,46207.34
Turkey,07-08-2015,30.8,16.8,24,0.4,15.7,35.6,46078.16
Turkey,08-08-2015,30.7,16.6,24.1,0,15.8,31,46278.61
Turkey,09-08-2015,31.7,16,24.5,0,14.7,27.4,46070.52
Turkey,10-08-2015,32.8,17.5,25.6,0,12.5,28.4,45928.45
Turkey,11-08-2015,30.6,19.5,25.3,0.5,12.6,24.8,45878.03
Turkey,12-08-2015,31,18.3,25.1,0,10.7,27,45827.38
Turkey,13-08-2015,32.5,18.9,26.1,0,10.8,24.5,45776.52
Turkey,14-08-2015,33.4,20.3,27.3,0,10.1,27,45725.48
Turkey,15-08-2015,32.7,20.3,26.5,0.2,20.2,36,45674.27
Turkey,16-08-2015,30.3,18.9,24.7,0,14.4,31.7,45622.92
Turkey,17-08-2015,31.1,19.8,25.5,0,12.3,27.4,45571.46
Turkey,18-08-2015,32.5,18.6,26.6,0,10,27.7,45519.91
Turkey,19-08-2015,35.2,19,27.5,0,17.1,35.6,45468.28
Turkey,20-08-2015,32.2,18.7,25.3,0,16.6,36.7,45416.6
Turkey,21-08-2015,31.5,17.4,24.8,0,18.1,34.2,45353.2
Turkey,22-08-2015,32.7,16.7,25,0,15.3,29.9,45219.75
Turkey,23-08-2015,31.9,17.4,24.7,0.3,18.9,34.2,44382.19
Turkey,24-08-2015,26.1,16.8,21.5,0,18.4,35.3,44937.9
Turkey,25-08-2015,24.2,13.6,18.7,0,19.8,40.7,44706.09
Turkey,26-08-2015,20.7,10.2,16.3,0,18.9,37.4,33332.16
Turkey,27-08-2015,22.2,13.2,17.6,0,21.5,38.5,14391.92
Turkey,28-08-2015,24.9,11.2,18.2,0,20.2,41,42088.5
Turkey,29-08-2015,23.1,10.8,17.4,0,22.1,46.1,42632.8
Turkey,30-08-2015,26.8,11.9,18.6,0.2,27.7,52.2,43588.05
Turkey,31-08-2015,27.1,11.6,19.2,0,20.8,40.7,43603.17
Turkey,01-09-2015,28.7,10.1,19.5,0,16.3,35.3,43498.28
Turkey,02-09-2015,30.7,13.4,22.2,0,10.5,19.4,43391.47
Turkey,03-09-2015,32.5,13.6,24.4,0,11.2,17.6,43174.05
Turkey,04-09-2015,30.6,15.3,23.6,0,11.2,22.7,41561.9
Turkey,05-09-2015,30.5,16.2,23.2,0,11.8,28.4,42644.91
Turkey,06-09-2015,31.2,13.9,23.8,0,10.8,23,42541.23
Turkey,07-09-2015,31.2,14.7,24,0,7.8,23.4,42337.58
Turkey,08-09-2015,32.3,15,24.1,0,13.1,27,41981.8
Turkey,09-09-2015,30.2,14.6,22.2,0,13.6,26.3,41067.24
Turkey,10-09-2015,31.7,15.2,23.5,0,10.8,25.2,41386.05
Turkey,11-09-2015,31.9,18.1,25.2,0,12.1,26.3,40763.32
Turkey,12-09-2015,32.6,16.3,25.2,0.3,13,26.6,39493.66
Turkey,13-09-2015,27.5,15.1,21.7,0,11.2,29.5,39908.02
Turkey,14-09-2015,28,15.4,21.6,0,9.7,24.8,40371.04
Turkey,15-09-2015,29.1,14.9,22.1,0,12.8,28.8,40157.83
Turkey,16-09-2015,28.2,15.4,21.7,0,13.2,29.9,40056.62
Turkey,17-09-2015,27.8,13.9,20.7,0,12.6,29.9,40053.42
Turkey,18-09-2015,28.8,12.5,20.3,0,10.1,22.3,39960.46
Turkey,19-09-2015,30.8,13.8,22,0,16.9,31.7,39762.18
Turkey,20-09-2015,29.8,13.3,21.8,0,26.5,56.2,39600
Turkey,21-09-2015,26.6,11.9,19.8,0,17.3,30.2,39600
Turkey,22-09-2015,25.9,12.4,19.8,0,9.8,23,39600
Turkey,23-09-2015,27.6,12.8,20.3,0,16.6,36,39600
Turkey,24-09-2015,27.1,11.9,19.8,0,9,18.4,39600
Turkey,25-09-2015,26.4,15.6,20.9,0,12.4,27.7,39600
Turkey,26-09-2015,26.6,13.7,19.7,0,10.7,23.4,39600
Turkey,27-09-2015,27.2,14,20.9,0,10,23.8,39600
Turkey,28-09-2015,27.8,13.4,21.3,0,13.2,27.7,39600
Turkey,29-09-2015,25.8,14.1,19.2,2.6,15,31,37519.3
Turkey,30-09-2015,21.9,13.1,16.9,1.5,13.8,30.6,39492.53
Turkey,01-10-2015,21.6,11.2,16.3,0.3,6.6,21.2,32120.85
Turkey,02-10-2015,21.8,11.7,16.1,3.2,7.9,22.3,37232.3
Turkey,03-10-2015,22.3,10.4,16.4,0,8.9,23.4,39073.14
Turkey,04-10-2015,22.6,10.4,16.4,0,9.4,21.2,38920.27
Turkey,05-10-2015,22.3,9,15.8,0,11.3,18,38767.95
Turkey,06-10-2015,23.6,8.7,15.7,2.3,13.7,29.2,35694.04
Turkey,07-10-2015,15.5,10.7,12.5,8,16.2,36,23429.7
Turkey,08-10-2015,16.9,8.9,12.7,0.2,7.7,18,37877.82
Turkey,09-10-2015,17.5,8.1,12.9,0.1,12.1,26.3,33313.74
Turkey,10-10-2015,16.9,7,11.7,0,9,21.2,38007.52
Turkey,11-10-2015,23,5.6,14.3,0,11,27.7,35633.72
Turkey,12-10-2015,23.8,10.7,16.2,0,21.5,44.6,23724.38
Turkey,13-10-2015,21.3,10.5,16.2,0,13.4,28.8,35861.66
Turkey,14-10-2015,18.8,10.8,14.5,0.2,11,25.6,37157.88
Turkey,15-10-2015,19.8,8.4,13.6,0,10.4,21.2,36404.34
Turkey,16-10-2015,19.6,7.3,12.8,0,9.7,20.9,37083.27
Turkey,17-10-2015,20.7,6.9,13.5,0,8.8,16.9,35088.73
Turkey,18-10-2015,23.2,6.3,15.1,0,8.7,16.2,36775.81
Turkey,19-10-2015,23.6,7.3,15.7,0,9.6,25.6,34887.67
Turkey,20-10-2015,22.8,9,16,0,7.1,19.4,36470.27
Turkey,21-10-2015,22.8,6.8,15.1,0,11.5,27,35229.8
Turkey,22-10-2015,21.1,8,15,0,10.1,25.2,34723.27
Turkey,23-10-2015,19.7,10,14.2,2.4,18.9,43.6,16112.43
Turkey,24-10-2015,19,10.6,13.9,7.5,15,44.3,18362.55
Turkey,25-10-2015,15.3,7.5,10.6,2.4,17,30.6,22704.38
Turkey,26-10-2015,11.9,6.4,8.7,1.3,16.2,30.2,3361.85
Turkey,27-10-2015,11.3,4.8,7.6,0,12.9,27.4,33193.5
Turkey,28-10-2015,12.5,4.7,7.2,0,20.3,37.8,19124.44
Turkey,29-10-2015,13.8,3.9,7.5,0,19.5,38.2,29197.47
Turkey,30-10-2015,13.3,3.6,7.5,0,11.8,22.7,33428.66
Turkey,31-10-2015,10.7,2.6,6.4,0,18.1,35.6,9346.06
Turkey,01-11-2015,11.8,1.5,5.7,0,17.9,36.4,33876.04
Turkey,02-11-2015,11.5,-1.5,4,0,14.9,30.2,34016.74
Turkey,03-11-2015,13.5,0,6.1,0,9.8,20.2,33817.56
Turkey,04-11-2015,16.1,-0.7,7.5,0,10.5,21.6,33679.66
Turkey,05-11-2015,17.1,0.4,8.9,0,8,15.1,33503.56
Turkey,06-11-2015,16.9,3,9.7,0,12.6,20.5,33277.98
Turkey,07-11-2015,15.8,3.3,8.9,0,12.3,22,33154.2
Turkey,08-11-2015,14,1.5,7.7,0,12.8,24.8,31142.56
Turkey,09-11-2015,10,0.2,4.9,4.1,17.6,39.6,32669.12
Turkey,10-11-2015,7.9,0.2,4.1,1,16.6,39.6,30795.88
Turkey,11-11-2015,9.5,-1,4.5,0.3,16.1,32.8,0
Turkey,12-11-2015,12.6,2.7,8,0.1,10.8,24.5,28732.86
Turkey,13-11-2015,14.7,1.2,7.8,0,11.9,28.1,32489.46
Turkey,14-11-2015,13.9,1,7.5,0,7.4,15.1,32429.73
Turkey,15-11-2015,15.1,-2.1,6.1,0,12.2,25.6,32370.57
Turkey,16-11-2015,14.5,-0.6,7,0,10.3,23.4,32259.15
Turkey,17-11-2015,9,0.8,5.5,0,12.1,26.6,32115.15
Turkey,18-11-2015,7.9,-3.8,2.7,0,7.3,19.4,31879.07
Turkey,19-11-2015,11.6,-2.2,4.2,0,15.1,33.8,32030.75
Turkey,20-11-2015,12.7,-1.6,5.3,0,8.8,22.3,31983.66
Turkey,21-11-2015,15,-2.4,5,0,16.2,32.8,31943.44
Turkey,22-11-2015,15,-2.2,5.2,0,13.5,28.1,31905.09
Turkey,23-11-2015,15.3,-2.8,5.4,0,7.6,17.6,31868.64
Turkey,24-11-2015,15.4,-3.4,4.9,0,6.8,15.5,31816.03
Turkey,25-11-2015,17.5,0.7,7.6,0,13.3,27.4,29885.42
Turkey,26-11-2015,15.1,0.9,8.3,0,24.4,45,31615.17
Turkey,27-11-2015,15,3.7,9,0,17.9,40.7,31518.85
Turkey,28-11-2015,15.6,2.3,8.5,0.4,20.2,39.2,31425.49
Turkey,29-11-2015,10.8,1.5,6.6,5.9,19.4,38.9,31335.28
Turkey,30-11-2015,6.5,-1.2,2.4,3.2,13.5,35.3,7094.1
Turkey,01-12-2015,5.3,0.2,2.6,0.6,12.1,25.9,16962.07
Turkey,02-12-2015,6.4,-3.5,1.3,4.5,30.4,66.6,28689.8
Turkey,03-12-2015,0.7,-6.9,-3.4,0,18.9,38.2,30556.46
Turkey,04-12-2015,1.5,-6.5,-3,0.9,19.5,38.2,30423
Turkey,05-12-2015,0.9,-6.5,-3.7,0,11.5,24.5,30869.73
Turkey,06-12-2015,3.2,-7.3,-2.6,0,7,19.4,30806.42
Turkey,07-12-2015,6.5,-5.4,-0.1,0,6.9,17.3,30746.79
Turkey,08-12-2015,8.1,-5.6,0.4,0,9.5,18,30690.53
Turkey,09-12-2015,7.9,-4.7,0.1,0,9.8,22,30637.73
Turkey,10-12-2015,9,-5.2,0.7,0,5.2,12.6,30588.43
Turkey,11-12-2015,9.2,-5.1,0.8,0,6.3,14.8,30542.72
Turkey,12-12-2015,8.3,-5.1,0.5,0,7.2,14.4,30500.67
Turkey,13-12-2015,5.7,-3.4,-0.4,0,12.4,22.7,30462.32
Turkey,14-12-2015,3.1,-3.6,-1.1,0,6,15.1,22269.13
Turkey,15-12-2015,4,-5.9,-2,0,5.6,15.5,27912.03
Turkey,16-12-2015,5.1,-5.7,-1.3,0,6.4,12.2,28600.52
Turkey,17-12-2015,5.8,-4.4,-0.8,0,10.1,23.8,27225.49
Turkey,18-12-2015,4.9,-3.6,-0.2,0,7,13.3,29699.62
Turkey,19-12-2015,7.5,-3.9,0.4,0,8,15.8,30313.76
Turkey,20-12-2015,4.1,-3.8,-1.1,0,8.7,13.3,30303.12
Turkey,21-12-2015,2.9,-3.8,-1.2,0,7.9,15.1,25252.39
Turkey,22-12-2015,4.8,-5.8,-1.4,0,5.5,13.7,30294.4
Turkey,23-12-2015,3.9,-5.6,-1.9,0,8,16.9,28465.52
Turkey,24-12-2015,4.3,-5.6,-1.5,0,5.6,15.8,26822.45
Turkey,25-12-2015,7.1,-5.6,-0.5,0,4.6,12.6,30313.43
Turkey,26-12-2015,6.9,-3.2,0.3,0,12.7,20.5,29164.59
Turkey,27-12-2015,5.1,-4.3,-0.5,0,4.3,13,24457.6
Turkey,28-12-2015,8.1,-6.1,-0.5,0,5.2,14.4,30373.21
Turkey,29-12-2015,8.3,-5.1,0,0,9.4,13.3,29142.05
Turkey,30-12-2015,-1.7,-6.4,-3.8,5.8,13,25.2,4405.73
Turkey,31-12-2015,-5.8,-10.4,-7.8,0.7,13.9,25.9,24823.87
Turkey,01-01-2016,-8,-12.7,-10.7,0,22.3,37.4,27840.07
Turkey,02-01-2016,-7.2,-17.9,-12.5,0,13.9,24.1,27511.22
Turkey,03-01-2016,-3.9,-17.2,-11.4,0,16.1,29.9,30609.71
Turkey,04-01-2016,-1.4,-12,-5,6.1,16.8,40.3,533.09
Turkey,05-01-2016,2,-4.6,-0.8,14.7,13.7,48.6,1431.83
Turkey,06-01-2016,6.3,-0.1,2.4,7.9,10.8,25.9,17476.67
Turkey,07-01-2016,8.9,-0.6,3.7,2.9,20.3,37.8,0
Turkey,08-01-2016,2.8,-3.2,0.7,10.6,22.9,41.8,0
Turkey,09-01-2016,2,-5.2,-1.8,0.2,15.9,31.3,19357.39
Turkey,10-01-2016,6.6,-7.4,-1.3,0,11.1,23.4,30785.43
Turkey,11-01-2016,5.6,-1.6,1.9,2.9,12.5,23.4,0
Turkey,12-01-2016,10.7,-1.5,3.2,0,17.7,36,30496
Turkey,13-01-2016,11.2,-0.1,4.6,0.7,23.5,45.4,28111.59
Turkey,14-01-2016,3.3,-1.7,1.1,14.7,13.7,40.3,22095.01
Turkey,15-01-2016,2.7,-5.1,-1,0,10.1,16.9,27375.43
Turkey,16-01-2016,8.6,-7.2,-0.9,0,14,29.5,30971.38
Turkey,17-01-2016,9.4,-4.8,1.9,0,23.2,45.7,26834.12
Turkey,18-01-2016,6.4,1.1,3.8,4.4,26.5,69.5,19995.45
Turkey,19-01-2016,0.3,-5.4,-2.7,12.1,16.6,33.1,0
Turkey,20-01-2016,-1.4,-8.6,-5.9,0,9.4,16.6,30761.46
Turkey,21-01-2016,3.7,-9.7,-2.9,0,17.3,34.2,25866.09
Turkey,22-01-2016,1.2,-2.9,-0.8,8,9.4,16.6,0
Turkey,23-01-2016,-1.7,-7.5,-4.1,3.1,16.5,32.8,22694.81
Turkey,24-01-2016,-7.8,-11.2,-9.1,2,24.4,45.4,10918.71
Turkey,25-01-2016,-10.8,-23.3,-14.9,0,14,26.3,32436.75
Turkey,26-01-2016,-9.1,-26.2,-16.4,0,7.2,15.1,28228.45
Turkey,27-01-2016,-6.4,-16.9,-11.7,0,6.3,10.4,32787.23
Turkey,28-01-2016,-1.3,-14.2,-7.4,0,12.7,23.8,13933.63
Turkey,29-01-2016,3.3,-5.6,-1.2,0.1,10,20.5,23285.84
Turkey,30-01-2016,5.3,-2.3,1,0,6.2,17.6,14621.52
Turkey,31-01-2016,5.8,-2.1,2,0,13.8,28.4,33283.85
Turkey,01-02-2016,5.5,-4.3,0.7,1.5,19.3,38.5,14811.96
Turkey,02-02-2016,4.4,-3.4,1.6,3.6,20.4,46.4,32309.74
Turkey,03-02-2016,9.8,-5.2,0.6,0,9.2,21.6,33690.66
Turkey,04-02-2016,13.2,-3.7,2.7,0,13.7,28.1,33823.77
Turkey,05-02-2016,11,-1.8,3.6,0.2,23.7,45,30965.55
Turkey,06-02-2016,5.4,-3.3,1.3,11.2,25.3,49.7,21447.82
Turkey,07-02-2016,-2.7,-9.1,-4.7,3.8,24.9,44.6,19106.09
Turkey,08-02-2016,-3.6,-13,-8.5,0,11.2,19.1,34377.67
Turkey,09-02-2016,-0.4,-18.6,-10.4,0,8.5,17.6,31561.8
Turkey,10-02-2016,3.9,-15,-7.2,0,11.8,19.4,34665.82
Turkey,11-02-2016,3.4,-9.9,-2.8,3,14.4,31.3,11693.12
Turkey,12-02-2016,10.8,-0.8,4,0,19.2,34.9,33703.86
Turkey,13-02-2016,10.6,0.7,5,1.2,19.1,42.1,21722.84
Turkey,14-02-2016,12.9,1,6.2,1.3,21.7,41.4,27024.32
Turkey,15-02-2016,13.5,0.5,6.2,0,14,27.7,30635.87
Turkey,16-02-2016,16.5,-0.8,7.7,0,8.3,15.5,35372.84
Turkey,17-02-2016,17.2,-0.6,8.2,0,6.9,15.8,34221.4
Turkey,18-02-2016,17.1,0.5,8.1,0,9.1,16.6,35516.39
Turkey,19-02-2016,17.9,1.2,8.5,0,15.3,34.6,35587.48
Turkey,20-02-2016,9.1,3.9,6.5,4.6,18.1,36,21168.02
Turkey,21-02-2016,9.1,-0.9,3.5,17.8,20.2,39.6,16578
Turkey,22-02-2016,2.7,-4.2,-1.2,2.8,21.7,45,30585.47
Turkey,23-02-2016,9,-3.3,2.1,0,6.6,16.6,36029.89
Turkey,24-02-2016,13.9,-3.2,4.6,0,11.2,25.2,36101.83
Turkey,25-02-2016,13.2,3.2,7.5,1,18.2,41.4,36000
Turkey,26-02-2016,14.4,-0.1,6.6,0,13.4,27.4,36419.73
Turkey,27-02-2016,13.9,1.4,6.9,3.2,18,44.3,36254.8
Turkey,28-02-2016,13.8,-0.2,6.7,0,9.3,20.5,36724.08
Turkey,29-02-2016,16.9,-1.6,7.6,0,7.5,18,37145.71
Turkey,01-03-2016,20.4,-1.4,8.8,0,15.1,27.7,37359.37
Turkey,02-03-2016,19.4,1.2,9.7,0,20.3,38.5,35577.48
Turkey,03-03-2016,12.8,5,9.1,1.6,28.3,65.9,28800
Turkey,04-03-2016,12.5,-0.1,6.1,1.4,25.2,49.3,37014.94
Turkey,05-03-2016,9.3,2.1,4.6,6.5,24.2,60.5,31031.49
Turkey,06-03-2016,10.1,1.1,4.9,1.1,15.5,31,36604.84
Turkey,07-03-2016,14.4,-3.8,5.2,0,10.1,18.7,38135.09
Turkey,08-03-2016,15.3,-2.2,6.8,0,8.2,18.7,38306.01
Turkey,09-03-2016,17,-1.7,7.8,0,12.7,22.7,38188.21
Turkey,10-03-2016,17,2,8.5,3.2,31.1,66.6,38192.09
Turkey,11-03-2016,12.5,0.6,6.9,0,12.3,27.4,33573.05
Turkey,12-03-2016,13.4,-0.3,6.8,0,8.3,16.9,38968.19
Turkey,13-03-2016,16.4,-1.5,7.9,0,12.4,19.4,38898.42
Turkey,14-03-2016,8.5,1.1,5.2,14.5,14.2,34.9,0
Turkey,15-03-2016,7.3,-1.1,2.3,2.4,16.6,34.9,37323.41
Turkey,16-03-2016,4.2,-3.4,0.1,0,18.4,34.9,22987.86
Turkey,17-03-2016,3.9,-7,-1.5,0,12.4,29.9,39999.85
Turkey,18-03-2016,8.4,-5.3,1.3,0,14,29.2,40325.44
Turkey,19-03-2016,9.6,-2.8,3.3,2.3,19.5,47.2,8036.69
Turkey,20-03-2016,6.4,-0.9,3.1,5.1,18.4,38.5,22592.38
Turkey,21-03-2016,7.6,-4.5,1.8,0.3,14.5,32.4,38348.49
Turkey,22-03-2016,12,-3.4,4.5,0,20,39.2,33737.65
Turkey,23-03-2016,18.4,1.9,10,0,18.1,37.4,39247.65
Turkey,24-03-2016,18.2,5.7,11.4,0,37.8,70.2,36528.09
Turkey,25-03-2016,14.7,2,8.9,0.7,20.7,45,40283.29
Turkey,26-03-2016,12.9,1.8,6.5,3.6,22.1,48.2,38433.43
Turkey,27-03-2016,9.1,1.5,4.6,0.4,13,24.5,24478.21
Turkey,28-03-2016,3.2,-2.9,0.4,11.6,20.2,39.6,27356.29
Turkey,29-03-2016,7.4,-5.1,1.5,0,11.6,26.6,39597.88
Turkey,30-03-2016,11,-3,4.5,1.4,15.1,34.2,40278.48
Turkey,31-03-2016,12.9,-0.4,6.2,0,19.2,37.4,39218.32
Turkey,01-04-2016,16,-1.8,7.6,0,8.9,18.4,41850.1
Turkey,02-04-2016,18.1,1,10.1,0,15.2,32.4,40824.23
Turkey,03-04-2016,12.6,3.3,8.1,0,14.8,32.4,41931.62
Turkey,04-04-2016,16.6,0,9,0,10,20.2,42229.17
Turkey,05-04-2016,19.2,1.9,11.2,0,11.7,19.4,42373.53
Turkey,06-04-2016,20.5,3,13,0,7,19.8,42525.84
Turkey,07-04-2016,20.7,4.2,13.4,0,11.3,15.8,42685.56
Turkey,08-04-2016,23.2,3.6,13.9,0,10.9,24.1,36638.93
Turkey,09-04-2016,22.4,5.7,13.8,0.6,18.8,45,33150.65
Turkey,10-04-2016,18.9,7.8,13.8,1.3,21.1,43.6,40716.84
Turkey,11-04-2016,17.9,5.1,11.5,0.4,16.1,33.5,41118.78
Turkey,12-04-2016,14.5,4.3,9.1,2.6,8.3,21.2,40537.63
Turkey,13-04-2016,16,4.1,9.7,1.9,18.1,34.2,39213.8
Turkey,14-04-2016,17.6,4.1,11.3,0,13.8,28.4,40662.52
Turkey,15-04-2016,21.1,5,13.4,0,27.5,55.8,42242.87
Turkey,16-04-2016,18.8,6.6,12.3,0,11.9,29.2,44645.4
Turkey,17-04-2016,21.4,3.6,13.5,0,14.3,30.2,44785.02
Turkey,18-04-2016,21.5,6.2,14.7,0,12.9,26.6,44923.52
Turkey,19-04-2016,23.2,5.4,15.5,0,9.4,19.4,45060.8
Turkey,20-04-2016,25.8,6.7,17.2,0,23.4,46.4,45196.74
Turkey,21-04-2016,15.6,3.5,10.4,3.3,24.2,52.2,42283.77
Turkey,22-04-2016,16.5,-1.1,8.3,0,9.4,26.3,45464.23
Turkey,23-04-2016,21.9,0.9,12.7,0,10.7,28.1,40970.5
Turkey,24-04-2016,23.5,6,14.9,0,25,48.6,43320.23
Turkey,25-04-2016,19.7,6.1,13.5,0,31.7,61.2,45853.96
Turkey,26-04-2016,19.2,5.5,12.1,5.8,30.4,69.8,41398.33
Turkey,27-04-2016,17.1,6.6,12,0.1,10.5,28.4,46044.93
Turkey,28-04-2016,17,5.4,11.3,0,13.3,30.6,46116.84
Turkey,29-04-2016,18.7,4.2,12.5,0,10,22.7,43449.28
Turkey,30-04-2016,17.7,9.8,14,0.7,23.5,46.4,36985.37
Turkey,01-05-2016,18.3,8.6,13.6,0,13.5,27,44940.42
Turkey,02-05-2016,21.2,6.2,14.1,0,10.1,22.7,43172.86
Turkey,03-05-2016,23.9,8,16.5,2.1,22.3,45.4,45761.61
Turkey,04-05-2016,15.5,7.1,11.1,22,19.6,47.5,39000.65
Turkey,05-05-2016,13.8,5.6,9.5,14.6,12.5,35.3,42257.19
Turkey,06-05-2016,12.8,4.2,8.6,10.3,14.9,29.5,31310.35
Turkey,07-05-2016,14,6.5,9.7,2.2,9.9,24.5,36692.39
Turkey,08-05-2016,16.7,2.6,10.6,0,11,19.1,46778.87
Turkey,09-05-2016,18.7,4.8,12.6,0,11.7,22.7,46477.7
Turkey,10-05-2016,19.6,7.3,12.7,1.9,19.5,36,45746.14
Turkey,11-05-2016,19,6.8,13.2,0,12.7,28.8,46800
Turkey,12-05-2016,21.7,6.5,14.7,0,16.9,34.2,46072.37
Turkey,13-05-2016,24.8,11.8,18,2.5,24.7,51.8,41125.95
Turkey,14-05-2016,25.4,11.4,18.5,0,25.2,52.2,36000
Turkey,15-05-2016,25.5,11.7,18.7,2,26,53.3,37187.56
Turkey,16-05-2016,22,12.3,16.7,0.9,20.3,40.7,46972.43
Turkey,17-05-2016,24,7.7,16.8,0,11.2,25.2,46879.95
Turkey,18-05-2016,18,9.2,13,7.4,12.8,29.9,37431.86
Turkey,19-05-2016,16.5,8.6,12.1,2.5,11.2,25.9,39220.88
Turkey,20-05-2016,19.4,5.2,13.3,0,9.4,24.8,47164.45
Turkey,21-05-2016,21.3,6.2,14.9,0,10.7,16.9,44912.12
Turkey,22-05-2016,22.8,7.9,14.8,6.1,17.9,32,32400
Turkey,23-05-2016,17.5,8.6,12.1,14.1,13.8,27,34571.3
Turkey,24-05-2016,16.9,8.1,12.2,1.1,12.6,27.4,36832.01
Turkey,25-05-2016,21.8,6,14.4,6.2,25.6,47.2,45434.59
Turkey,26-05-2016,17,8.4,12.5,8.5,7.4,25.6,42904.79
Turkey,27-05-2016,17,6.3,11.5,3.1,6.3,32,42589.36
Turkey,28-05-2016,15,7.7,11,10,15.1,36.4,20714.48
Turkey,29-05-2016,15.8,8.7,12.1,1.3,11.7,27,44432.62
Turkey,30-05-2016,20.3,7.8,15,0.1,17,37.4,47532.38
Turkey,31-05-2016,23.3,9.3,16.7,1,12.2,32,45849.2
Turkey,01-06-2016,23,10.5,17.3,0,12.3,28.1,47664.8
Turkey,02-06-2016,25.4,10.1,19.2,0,16.8,37.1,47681.65
Turkey,03-06-2016,25.9,12,18.6,0.7,25.4,44.3,41930.6
Turkey,04-06-2016,24.6,11.8,18.5,0,21.7,40.7,48161.26
Turkey,05-06-2016,22.9,12,17.4,0,15.9,32,47904.48
Turkey,06-06-2016,22.2,11,17.3,0.4,13,28.8,46435.05
Turkey,07-06-2016,19.7,11.3,15.4,4,14.2,31.3,45565.7
Turkey,08-06-2016,17.8,8.4,13.1,1.6,19.7,40.3,46800
Turkey,09-06-2016,14,7.9,11.1,0,15.2,31.7,16084.75
Turkey,10-06-2016,18.4,6.5,12.7,0,10.7,25.2,45480.39
Turkey,11-06-2016,22.8,6.1,15.5,0,11.1,26.3,49093.45
Turkey,12-06-2016,25.4,8.1,18.1,0,13.6,31.7,49120.3
Turkey,13-06-2016,28.4,8.8,20,0,13.8,32.4,49145.5
Turkey,14-06-2016,27.8,11.3,20.2,0.2,28.7,51.1,43173.6
Turkey,15-06-2016,24.8,14.6,19.5,1.5,17.4,41.8,47409.7
Turkey,16-06-2016,23.2,13.5,18.4,0,20.2,43.9,48794.27
Turkey,17-06-2016,23.8,11.4,17.9,0,26.6,53.3,49144.93
Turkey,18-06-2016,24.6,11,18,0,20.7,40,47295.47
Turkey,19-06-2016,27.5,11.2,20,0,14.5,32.8,49179.59
Turkey,20-06-2016,28.9,12.9,21.5,0,20.9,40.7,49194.22
Turkey,21-06-2016,28.9,13,21.6,0,22,41.4,49206.95
Turkey,22-06-2016,29.9,13.6,22.4,0,18.4,34.6,49217.7
Turkey,23-06-2016,30.7,14.6,23.1,0,19.4,43.2,49032.98
Turkey,24-06-2016,28.9,16.2,22.4,1,23.5,44.3,48874.74
Turkey,25-06-2016,29.5,15.6,22.5,0,19.7,36.7,49023.17
Turkey,26-06-2016,31.4,15.6,24.2,0,9,22,49163.84
Turkey,27-06-2016,33.2,18.5,26.6,0.1,11.9,24.8,47498.52
Turkey,28-06-2016,29.8,18.1,24.1,0,13.2,34.6,47693.59
Turkey,29-06-2016,27.8,17.6,22.2,6,14.9,26.6,45794.35
Turkey,30-06-2016,25.1,14.6,19.7,3.3,14.5,31.3,45874
Turkey,01-07-2016,25,16,20.8,0,16.1,32.4,40015.53
Turkey,02-07-2016,26.1,14.9,20.8,0,15.8,32.4,46214.74
Turkey,03-07-2016,27.9,14.5,21.2,0,16.6,36,48864.43
Turkey,04-07-2016,24.7,14.4,20,0,22.4,41,38045.79
Turkey,05-07-2016,23.7,14.1,19.1,0,24.9,47.9,22005.5
Turkey,06-07-2016,25.9,13.6,20.1,0,20.4,42.8,46377.1
Turkey,07-07-2016,29.3,13.4,21.9,0,20.7,41,49080.42
Turkey,08-07-2016,25.3,15.8,20.3,0,22,43.9,48447.55
Turkey,09-07-2016,25.6,11.8,19,0,13.2,32,49045.87
Turkey,10-07-2016,27.3,13.2,20.5,0,16.6,34.9,49025.77
Turkey,11-07-2016,25.5,12.4,19.5,0,19.5,40,49003.75
Turkey,12-07-2016,29.4,10.8,20.5,0,16.6,35.6,48979.77
Turkey,13-07-2016,31.6,13.6,23.1,0,10.4,22,48953.84
Turkey,14-07-2016,33,18,25.9,0,11.6,27.4,48926.01
Turkey,15-07-2016,34,16.1,26.7,0,11.2,27.4,48896.31
Turkey,16-07-2016,34.9,19.2,27.7,0,11.3,28.4,48864.79
Turkey,17-07-2016,35.2,18.9,27.7,0,11.1,28.8,48831.48
Turkey,18-07-2016,35.7,17,27.7,0,10.8,22.7,48796.41
Turkey,19-07-2016,31.3,17,24.3,0,21.4,40,48722.26
Turkey,20-07-2016,30.1,16.7,23.3,0,21.4,38.5,47533.24
Turkey,21-07-2016,27.9,16.3,22.5,0.1,17.4,31.3,47659.69
Turkey,22-07-2016,29,16.5,22.9,0,15,32.4,48162.5
Turkey,23-07-2016,30.2,15.7,23.2,0,19.9,39.6,48497.32
Turkey,24-07-2016,26.9,13.9,20.7,0,22.7,45.7,48431.01
Turkey,25-07-2016,27.9,12.9,20.5,0,20.3,42.5,48242.09
Turkey,26-07-2016,29.4,12.6,21.5,0,15.1,29.5,48055.78
Turkey,27-07-2016,29.6,14.3,22.3,0,14.9,34.6,47988.64
Turkey,28-07-2016,29.3,14,22.4,0,17.8,38.5,47805.97
Turkey,29-07-2016,29.7,13.4,22.5,0,13.7,32,47626.66
Turkey,30-07-2016,30.2,16.5,23.7,0.2,15.5,36.4,47124.87
Turkey,31-07-2016,29.6,15.1,23.2,0,16.6,34.6,47279.45
Turkey,01-08-2016,30.2,14.9,23.2,0,11.7,29.2,47112.22
Turkey,02-08-2016,32.7,15.4,25.2,0,12.8,33.1,46949.69
Turkey,03-08-2016,33.6,16.1,26.3,0,21.7,40.7,46404.8
Turkey,04-08-2016,32.4,17.7,25.5,1.2,20.6,35.6,45056.28
Turkey,05-08-2016,31.8,17.2,24.6,0,19.1,37.1,46221.9
Turkey,06-08-2016,31,16.6,24.4,0,17.1,33.1,46177.37
Turkey,07-08-2016,30.4,16.5,24.1,0,15.8,34.2,46213.5
Turkey,08-08-2016,29.7,16.4,23.4,0,18.1,38.9,46162.38
Turkey,09-08-2016,31.3,15.9,24,0,14.7,29.2,46109.73
Turkey,10-08-2016,32.4,17.3,25.3,0,12.4,28.1,45987.29
Turkey,11-08-2016,32.1,17.8,25.5,0,16.6,34.9,45873.22
Turkey,12-08-2016,32.8,17.8,25.9,0,13.1,33.5,45825.91
Turkey,13-08-2016,33.8,17,26,0,20.8,42.1,45738.23
Turkey,14-08-2016,25.9,16.1,21.1,0,26.8,48.6,45345.45
Turkey,15-08-2016,27.5,13,19.7,0,20,41.8,45635.25
Turkey,16-08-2016,25.6,13.5,19.4,0,15.8,31.3,45583.7
Turkey,17-08-2016,27.4,13.4,20.2,0,18.6,36.4,45532.15
Turkey,18-08-2016,29.1,13.9,21.7,0,13,30.2,45480.62
Turkey,19-08-2016,32,15,23.8,0,10.8,24.5,45429.13
Turkey,20-08-2016,34.9,17.4,26,0,12.1,23.4,45377.71
Turkey,21-08-2016,35.8,18.3,27.2,0,10.5,36.4,45256.35
Turkey,22-08-2016,32.2,17.8,25.6,0,11.9,27,45124.82
Turkey,23-08-2016,33.1,18,26.7,0,13.4,27.4,44991.83
Turkey,24-08-2016,34.3,18.5,26.5,0,13.4,27.7,44857.35
Turkey,25-08-2016,32.4,17.7,25,0,14.2,32.8,44721.47
Turkey,26-08-2016,31.8,16.7,24.2,0.3,23.9,40,44154.91
Turkey,27-08-2016,30.7,16.3,23.5,0,19.7,38.5,44177.09
Turkey,28-08-2016,29.3,16.5,23,0,13.8,34.6,43830.71
Turkey,29-08-2016,31.4,17.8,24.4,0,9.7,23,43847.12
Turkey,30-08-2016,32.4,16.6,25.2,0,13.4,30.2,43624.61
Turkey,31-08-2016,28.4,16.2,22.2,0.1,19.6,38.9,43290.87
Turkey,01-09-2016,23.5,15,19.2,0,21.3,39.6,26092.54
Turkey,02-09-2016,25.7,13.2,18.9,0,16.9,34.2,42428.21
Turkey,03-09-2016,24.2,10.8,17.7,0,15,29.9,42765.58
Turkey,04-09-2016,23.6,11.3,17.4,0,14.2,32,42455.22
Turkey,05-09-2016,24.8,12.2,18.4,0,9,26.6,42459.66
Turkey,06-09-2016,27.6,11.3,20.3,0,12.5,21.6,42358.63
Turkey,07-09-2016,27.7,13.4,20.7,0,17.9,37.1,42063.59
Turkey,08-09-2016,27.8,10.6,19.3,0,11.6,27,42059.98
Turkey,09-09-2016,28.4,13.3,20.9,0,11.6,29.5,41868.16
Turkey,10-09-2016,28.7,14.4,21.6,0,10.9,26.3,41364.72
Turkey,11-09-2016,30.2,13.6,22.6,0,11.6,24.1,40985.23
Turkey,12-09-2016,30.4,15.6,22.7,0,19.5,41.4,39985.84
Turkey,13-09-2016,27.8,14.7,21,0,12.5,24.5,40238.22
Turkey,14-09-2016,24.6,13.2,19.1,0,10.7,27.4,40056.32
Turkey,15-09-2016,25.2,14.1,19.4,0,15.9,28.4,37654.77
Turkey,16-09-2016,21.8,13.1,17,0,16.2,36.4,39938.98
Turkey,17-09-2016,22.1,10.5,16.2,0,12.7,31.3,39933.62
Turkey,18-09-2016,24,8.5,17.4,0,7.7,23,39843.57
Turkey,19-09-2016,26.9,10.1,19,0,12.2,27.7,39686.7
Turkey,20-09-2016,26.5,12.1,18.6,3.4,22.6,46.4,34920.84
Turkey,21-09-2016,20.7,12.7,16.1,10.4,18.4,37.8,39596.14
Turkey,22-09-2016,20.2,10.1,15.4,1.1,7.9,28.1,39600
Turkey,23-09-2016,15.5,7.8,12.5,3.4,20.8,41.8,39600
Turkey,24-09-2016,15.3,4.7,9.5,0,15.6,32.8,39600
Turkey,25-09-2016,16.5,3,9.8,0,13.2,30.6,39600
Turkey,26-09-2016,17.4,5,11.1,0,9.7,20.5,37310.32
Turkey,27-09-2016,19,6.1,12.2,0,10.8,21.2,39600
Turkey,28-09-2016,17.9,5.6,12,0,18.5,36.7,39600
Turkey,29-09-2016,17.7,6.4,12.3,0,11.8,27.4,39517.13
Turkey,30-09-2016,19.4,8.3,13,0,17.7,36.4,39422.09
Turkey,01-10-2016,21.8,4.6,13.5,0,8.9,22.3,39271.07
Turkey,02-10-2016,24.3,6.1,15.9,0,11.2,17.3,39119.31
Turkey,03-10-2016,24.2,6.6,16,0,7.2,17.6,38966.79
Turkey,04-10-2016,24.7,7.5,16.5,0,5.9,16.2,38813.6
Turkey,05-10-2016,26.5,7.3,17.2,0,10.8,26.3,38659.86
Turkey,06-10-2016,24.8,8.7,17,0,8.7,17.6,38505.66
Turkey,07-10-2016,23.7,10,17.1,0,11.5,17.6,38351.12
Turkey,08-10-2016,24.8,7.7,16.6,0,21,37.1,38021.3
Turkey,09-10-2016,21.9,10.4,16.2,0,10.3,23.4,38041.4
Turkey,10-10-2016,20.7,9.2,14.7,0,9.4,21.2,37886.45
Turkey,11-10-2016,23.2,7,15.3,0,15.6,32.4,37731.57
Turkey,12-10-2016,25.4,9.3,17.2,0,25.5,49,37259.66
Turkey,13-10-2016,24,9.7,17.6,0,21,40.3,37315.81
Turkey,14-10-2016,18.5,9.5,14.6,0,14.8,32.8,37268.56
Turkey,15-10-2016,14.8,5.3,9.5,0,14.2,31.7,37102.78
Turkey,16-10-2016,17.6,3.9,10.6,0,8.9,18.4,36962.41
Turkey,17-10-2016,19,5.9,11,0.6,14.8,33.8,35935.67
Turkey,18-10-2016,15.4,4.9,8.5,0.1,16.6,37.8,34896.26
Turkey,19-10-2016,14.6,2.1,7.9,0,8.6,20.2,36509.42
Turkey,20-10-2016,16.3,4.2,9.8,0,11.3,21.6,36360.6
Turkey,21-10-2016,17.9,3.5,10.4,0,8.8,16.6,36072.56
Turkey,22-10-2016,19.8,3.9,11.8,0,9.2,22.3,35651.48
Turkey,23-10-2016,19.4,4.2,12.1,0,10.9,21.2,35457.52
Turkey,24-10-2016,17.7,7.1,11.8,0,17.1,35.3,34229.78
Turkey,25-10-2016,13.1,4.8,8.3,0,18.4,38.2,31909.34
Turkey,26-10-2016,12.1,2,6.4,0,10.3,22.3,35088.17
Turkey,27-10-2016,16.3,0.1,7.7,0,10.5,18,24644.03
Turkey,28-10-2016,16.8,5.5,9.9,0,11,29.5,33088.7
Turkey,29-10-2016,15.7,4.8,10,0.2,8.9,20.9,33777.11
Turkey,30-10-2016,14.2,5.6,9.5,0.1,25.4,47.5,30959.78
Turkey,31-10-2016,11.1,1.6,6.1,0,24.3,43.9,33835.35
Turkey,01-11-2016,7.7,0.8,4,1.2,17.5,32.4,33349.17
Turkey,02-11-2016,6.4,-1.9,1.8,0.2,10.5,23.4,32870.47
Turkey,03-11-2016,14.8,-4,5.1,0,9.4,24.1,33794.34
Turkey,04-11-2016,15.2,-2.5,6.6,0,9.4,23,33614.35
Turkey,05-11-2016,14.8,-0.9,7.4,0,7.6,21.2,33279.29
Turkey,06-11-2016,15.5,0.2,7.8,0,8.1,21.6,33159.33
Turkey,07-11-2016,16.6,0.8,8.3,0,13,29.5,24156.96
Turkey,08-11-2016,17.5,3,9.6,0.1,11.9,29.9,26961.12
Turkey,09-11-2016,21.9,4.1,12,0,13.6,31,32412.25
Turkey,10-11-2016,20.8,6.8,13.6,0,20.5,41,32821.34
Turkey,11-11-2016,17,7.1,11.4,0,17.6,34.2,32417.71
Turkey,12-11-2016,16.7,1.8,9.2,0,6.6,19.4,32368.62
Turkey,13-11-2016,18.5,2.1,9.5,0,18.1,35.3,32450.64
Turkey,14-11-2016,15.6,2,8.6,0,9.4,17.3,32229.69
Turkey,15-11-2016,13.5,3.7,7.7,0,14.7,31.3,32179.26
Turkey,16-11-2016,4.4,-1,1.7,6.7,16.8,35.6,0
Turkey,17-11-2016,4.6,-2.5,0.1,0,9.7,20.5,32083.36
Turkey,18-11-2016,7.7,-5.3,0.4,0,6.5,16.9,32078.35
Turkey,19-11-2016,11,-4.8,1.6,0,8.8,19.4,32001.19
Turkey,20-11-2016,11.9,-4.8,2.2,0,6.3,14,31960.2
Turkey,21-11-2016,11.8,-4.8,2.4,0,6.3,14.4,31912.93
Turkey,22-11-2016,11.2,-4.9,1.5,0,8.4,15.5,31875.12
Turkey,23-11-2016,10.5,-6.1,0.9,0,9,15.8,31832.62
Turkey,24-11-2016,10.4,-5.7,1,0,6.3,14.4,31730.3
Turkey,25-11-2016,10.1,-6.4,0.7,0,6,14.8,31631.11
Turkey,26-11-2016,9.7,-6,1,0,7,18,31535.21
Turkey,27-11-2016,10.3,-4.9,1.1,0,8.7,19.1,31442.81
Turkey,28-11-2016,11.6,-4.5,1.5,0,15,28.8,31354.09
Turkey,29-11-2016,12.2,-3.1,3.7,1.4,18.6,38.5,28398
Turkey,30-11-2016,7.6,-0.1,3.3,7.1,10.3,40,5517.63
Turkey,01-12-2016,2.1,-2,-0.7,8.5,11.8,22.3,3903.87
Turkey,02-12-2016,-0.5,-7.6,-3.3,3.1,13,24.5,9638.77
Turkey,03-12-2016,2.4,-7.3,-1.5,1.1,18.9,32.4,1797.22
Turkey,04-12-2016,5.9,-4.7,0.6,0,15.1,32,30037.6
Turkey,05-12-2016,2,-4.6,-0.6,0.2,12.6,25.9,25388.54
Turkey,06-12-2016,2.3,-6.5,-3.1,0,7.4,19.1,30767.54
Turkey,07-12-2016,3.9,-6.1,-1.7,0,13.7,28.4,30708.58
Turkey,08-12-2016,-0.5,-6.4,-3.4,0,13.5,29.5,30653.1
Turkey,09-12-2016,4.1,-7.6,-2.8,0,11.8,27,30601.19
Turkey,10-12-2016,6.6,-4.5,-0.1,0,16.9,34.2,30552.95
Turkey,11-12-2016,7.6,-3.6,0.7,0,14.6,30.2,30508.48
Turkey,12-12-2016,9.4,-3.6,1.4,0,11.7,26.3,27763.83
Turkey,13-12-2016,5.3,-0.7,1.3,10.1,19.2,38.2,4063.44
Turkey,14-12-2016,-1.5,-10.2,-6.2,2.6,35.1,63.7,11781.88
Turkey,15-12-2016,-3.4,-10,-7.2,0,10.5,18.7,30370.23
Turkey,16-12-2016,-1,-6.4,-4.2,0,8.9,19.1,26423.52
Turkey,17-12-2016,-1.6,-7.5,-4.9,0,10.1,23,29622.15
Turkey,18-12-2016,-2.9,-10.1,-7.1,0,10.3,22,30308.05
Turkey,19-12-2016,-2.1,-10.3,-6.9,0,8.4,20.9,30299.82
Turkey,20-12-2016,-0.6,-11.2,-6.3,0,9.7,23.8,30293.61
Turkey,21-12-2016,-1.8,-7.8,-5.8,0.2,13,26.3,16841.88
Turkey,22-12-2016,1.5,-7.6,-3.5,0.8,18.8,37.8,7192.74
Turkey,23-12-2016,4.8,-7.2,-1.3,0,12.2,32.4,26682.16
Turkey,24-12-2016,6,-4.2,-0.4,0,8.5,18,29261.55
Turkey,25-12-2016,2.2,-4.4,-1.2,0.6,10,21.6,7870.03
Turkey,26-12-2016,3.4,-3,-0.3,0,9.5,21.2,15589.22
Turkey,27-12-2016,3.8,-2.9,-0.1,4.3,9.7,41.4,10592.81
Turkey,28-12-2016,2.7,-2.4,-0.1,1.3,14,28.1,28440.19
Turkey,29-12-2016,2.8,-2.5,1,4.5,18.6,61.9,11292.51
Turkey,30-12-2016,4.4,-2.7,0.9,2.1,19.7,41,9481.13
Turkey,31-12-2016,0.2,-8.2,-2,7,11.5,28.1,20272.07
Turkey,01-01-2017,-4.2,-9.9,-7.2,0,8,13.7,30013.67
Turkey,02-01-2017,2,-13.6,-4.4,0,9.4,17.3,26145.73
Turkey,03-01-2017,-0.6,-6.7,-4.3,0,10.2,24.5,27346.71
Turkey,04-01-2017,2.4,-6.9,-3.5,0,13.6,28.8,30705.62
Turkey,05-01-2017,7.9,-3.9,1.7,0.6,22,43.6,24242.71
Turkey,06-01-2017,9.1,0.6,3.8,0.1,26.1,47.9,30713
Turkey,07-01-2017,7.2,0.8,3.5,5.8,39.2,74.9,27556.99
Turkey,08-01-2017,2.6,-3,-0.1,17.1,18.3,48.6,19015.53
Turkey,09-01-2017,-2.7,-15.5,-6.8,5.8,10.1,34.2,28806.98
Turkey,10-01-2017,0.1,-15.9,-6.5,0,36.4,68.8,30724.16
Turkey,11-01-2017,2.7,-6.5,-1.3,0.5,33,63.7,29704.11
Turkey,12-01-2017,4.1,-9.6,-2.9,1.2,16.3,36,30791.34
Turkey,13-01-2017,-1.8,-13.1,-6.6,0.1,13.5,26.3,31017.88
Turkey,14-01-2017,1.1,-13,-6.6,0,11.7,23.8,27395.85
Turkey,15-01-2017,2.8,-10.4,-4.7,0,13.3,20.9,30968.53
Turkey,16-01-2017,6,-7.9,-0.2,0,15.7,28.8,21552.32
Turkey,17-01-2017,6.6,-1.1,2.1,0,13.2,24.1,30621.33
Turkey,18-01-2017,6.2,-3.1,0.9,0,12,22,31375.69
Turkey,19-01-2017,4.2,-2.1,0.6,0,7.6,15.1,27671.12
Turkey,20-01-2017,3.7,-3.6,0,0.6,11,21.6,25245.77
Turkey,21-01-2017,0.1,-6.4,-4,0,14.4,29.5,31993.16
Turkey,22-01-2017,0.4,-8.3,-4.9,0,9.3,23.4,32163.04
Turkey,23-01-2017,0.9,-9.1,-4.9,0,10.5,24.5,32400.9
Turkey,24-01-2017,6.6,-9.4,-1.7,0,14.8,27.4,27795.5
Turkey,25-01-2017,5.8,-1.4,0.9,9.7,15.4,32.8,20275.83
Turkey,26-01-2017,-0.9,-6.3,-2.7,4.4,17.9,34.9,0
Turkey,27-01-2017,-6.7,-12.8,-9,0.3,22.7,42.8,29311.54
Turkey,28-01-2017,-6.4,-15.4,-12,0.3,18.1,33.8,32741.29
Turkey,29-01-2017,-7.8,-19.1,-13.1,0,13.3,18.4,33126.41
Turkey,30-01-2017,-6.6,-19.3,-13.3,0,12.4,17.3,32367.45
Turkey,31-01-2017,-8.7,-17,-12.1,1.3,17.9,34.2,31398.62
Turkey,01-02-2017,-8.8,-19.3,-14.5,0,14.2,26.3,33514.99
Turkey,02-02-2017,-7.2,-18.6,-13.7,0,13,18.4,33649.34
Turkey,03-02-2017,-0.5,-16.4,-9.2,0,15.1,21.2,33785.79
Turkey,04-02-2017,3.6,-9.6,-3,0,13.8,20.9,32542.88
Turkey,05-02-2017,4.3,-5.8,-1,0.4,13.2,23.4,29444.7
Turkey,06-02-2017,7,-3.1,2.2,0.8,15.8,30.2,30605.9
Turkey,07-02-2017,9.3,-0.4,3.2,0,13.8,25.6,34348.94
Turkey,08-02-2017,9.1,0.1,3.6,0,19.7,39.2,27439.99
Turkey,09-02-2017,7.6,-2.4,2.3,1.9,10.8,23,34638.54
Turkey,10-02-2017,7.4,-2.1,2.6,0,8.5,18,34784.76
Turkey,11-02-2017,4.6,-4.1,-0.2,0,16.6,32.8,33787.65
Turkey,12-02-2017,0.9,-6.8,-4,0,21.3,41.4,35079.29
Turkey,13-02-2017,-0.4,-8.7,-5.3,0,20.9,41.4,35212.34
Turkey,14-02-2017,-1.3,-8.4,-5.6,0,17.7,34.6,33061.32
Turkey,15-02-2017,-1,-8.4,-5.5,1.1,22,42.5,18649.39
Turkey,16-02-2017,-0.5,-7.8,-4.8,0.8,25.3,50,32363.95
Turkey,17-02-2017,-0.7,-8.4,-5.1,0,9,24.5,35503.02
Turkey,18-02-2017,8.5,-6.8,-0.8,0,11.8,27.7,35608.77
Turkey,19-02-2017,7.7,-4.2,1,0,10.1,21.2,35679.4
Turkey,20-02-2017,8.2,-4,1.1,0,13,24.5,35708.22
Turkey,21-02-2017,9.4,-2.6,2.5,0.4,23,48.6,35932.54
Turkey,22-02-2017,8.6,-1.3,3.2,2.1,25.8,51.8,33081.54
Turkey,23-02-2017,9.9,-3.1,2.8,0,14.7,31,36224.62
Turkey,24-02-2017,11.7,-1,3.8,0,15.9,33.5,36383.73
Turkey,25-02-2017,12.5,-1,4.6,0,15,32.8,36416.5
Turkey,26-02-2017,11.5,-0.2,5.1,0,11,23.4,29898.81
Turkey,27-02-2017,14,0.4,7.4,0,9.9,16.6,36069.57
Turkey,28-02-2017,15.4,2.2,7.7,0,12.8,25.6,36742.55
Turkey,01-03-2017,14.5,3.8,8.8,0.2,20.1,39.6,31029.81
Turkey,02-03-2017,12.3,2.1,7.1,0.7,18.3,37.8,36779.23
Turkey,03-03-2017,9.4,1.9,6,1,13.6,26.6,29699.63
Turkey,04-03-2017,4.4,-1.6,2,3.9,25.5,49.3,9169.51
Turkey,05-03-2017,9,-4.3,2.1,0,10.7,20.9,37381.61
Turkey,06-03-2017,14.1,-1.5,5.3,0,12.2,24.1,37951.67
Turkey,07-03-2017,13.2,-0.4,5.8,0,11.2,23.8,37983.91
Turkey,08-03-2017,14.4,0.6,6.8,0,13.5,30.2,38074.45
Turkey,09-03-2017,16.9,1.8,8.8,0.2,18.4,36.4,32400
Turkey,10-03-2017,15.6,6.1,10,6.3,24.8,51.5,23052.45
Turkey,11-03-2017,11.5,2.7,7,0.7,20,40,35033.43
Turkey,12-03-2017,12.6,1.3,6.1,1.9,28.9,63.7,30176.95
Turkey,13-03-2017,10.1,2.7,5.5,3.8,21.6,43.6,32736.31
Turkey,14-03-2017,5.6,-0.2,2.3,6.8,20.6,41.4,28742.66
Turkey,15-03-2017,5,-2,1.2,1.2,14.9,30.2,24071.62
Turkey,16-03-2017,6.7,-2.9,1.8,0.9,8.7,18,34837.21
Turkey,17-03-2017,7.9,-2.5,2.5,3.4,22.8,46.1,37258.11
Turkey,18-03-2017,4.4,-4.4,0.2,5.2,19.7,40,29088.03
Turkey,19-03-2017,11,-9.2,2.2,0,13.9,28.8,39012.3
Turkey,20-03-2017,9.3,2.9,5.8,2.1,28.5,56.2,38692.16
Turkey,21-03-2017,10.6,1,5.4,2.6,23.2,46.8,39653.11
Turkey,22-03-2017,10.7,0.1,4.8,0,18,44.6,40927.87
Turkey,23-03-2017,10.9,-3.8,3.2,0,20.7,42.1,41082.25
Turkey,24-03-2017,12.5,-3.9,3.6,0,16.3,33.1,41236.06
Turkey,25-03-2017,14.8,1.5,8.1,0,10.9,23.8,41389.2
Turkey,26-03-2017,16.8,3.9,9.8,0.5,22.5,47.2,41460.45
Turkey,27-03-2017,14.1,2.6,8.2,6.4,20.4,44.3,31924.23
Turkey,28-03-2017,9.3,-0.1,4,0,14.8,27.4,41575.78
Turkey,29-03-2017,14.6,-0.4,7.1,0,10,25.9,41633.18
Turkey,30-03-2017,15.9,2.4,9,0.9,15.6,33.1,36185.95
Turkey,31-03-2017,14.6,4.8,9.3,3.9,17.7,37.4,37611.69
Turkey,01-04-2017,9.5,3.9,6.6,4.5,18.1,36.7,19888.05
Turkey,02-04-2017,13.3,0.5,6.4,0.1,20.6,40.3,41888.64
Turkey,03-04-2017,13.6,-1.8,6.2,0,14.5,32,42078.86
Turkey,04-04-2017,17.8,1.7,10.4,0,10.5,20.5,42213.91
Turkey,05-04-2017,19.6,7.6,12.7,0,18.8,37.1,41838.63
Turkey,06-04-2017,17.1,5.7,10.9,2.9,25.1,51.8,39600
Turkey,07-04-2017,13.9,5.4,9.4,2,17.1,42.5,42576.18
Turkey,08-04-2017,14.6,2.5,7,4.1,30.5,58.3,35234.7
Turkey,09-04-2017,8.4,-1.2,3.4,0.2,17.3,38.2,40531.91
Turkey,10-04-2017,7.3,-1.2,3.1,0.4,11.5,27,41375.53
Turkey,11-04-2017,10.8,-2.2,4.3,0,10,23.4,43371.45
Turkey,12-04-2017,14.5,2.6,7,3.3,16.1,31.7,17508.1
Turkey,13-04-2017,11.4,5.4,8,11.8,15.1,32.4,0
Turkey,14-04-2017,12.7,5.5,8.4,5.8,16.2,34.2,20007.76
Turkey,15-04-2017,15.3,4.8,9.6,0.6,16.7,34.9,42902.78
Turkey,16-04-2017,16.8,4,10.5,0.1,16.3,32.4,44613
Turkey,17-04-2017,17.8,5.4,11.1,0.1,21.4,43.2,44750.94
Turkey,18-04-2017,15.7,5,10.8,1.1,26.3,54,43111.34
Turkey,19-04-2017,16.1,5.7,10.5,0,14.7,33.1,44457
Turkey,20-04-2017,18.9,5.3,12.2,0.2,20.7,42.1,45088.11
Turkey,21-04-2017,22.2,6.4,13.2,0.8,38.7,79.6,41030.56
Turkey,22-04-2017,18.8,4.2,10.6,0,14,29.2,40321.62
Turkey,23-04-2017,16.7,2.8,9.6,7.6,42.1,82.8,32784.93
Turkey,24-04-2017,12.5,-1.4,5.5,0,23.3,45.7,42513.27
Turkey,25-04-2017,12.5,-1.4,5.9,0,11,25.6,45820.1
Turkey,26-04-2017,17.8,2.3,9.7,0,12.5,25.6,45950.62
Turkey,27-04-2017,20.2,6.3,13.7,0,9.7,18.7,46027.54
Turkey,28-04-2017,21.5,9.6,14.9,0.1,11.5,23.4,46100.97
Turkey,29-04-2017,22.2,7.3,15.3,0,12.4,22,46173.37
Turkey,30-04-2017,24,8.2,16.7,0,13,27.4,46244.66
Turkey,01-05-2017,22.5,10.4,16.2,1.3,20.2,45.7,33058.52
Turkey,02-05-2017,16.9,9.9,13.6,2,19.2,39.2,30589.84
Turkey,03-05-2017,13.2,7.7,10.4,0.9,12.7,28.1,10687.33
Turkey,04-05-2017,17.5,7,12.2,5.5,15.5,33.8,42774.9
Turkey,05-05-2017,20.5,8.1,14.2,0,12.3,29.5,46581.76
Turkey,06-05-2017,20.6,8.6,15.1,6.4,19,37.8,46644.76
Turkey,07-05-2017,14.6,7.2,10.7,5.2,25.3,48.6,28199.32
Turkey,08-05-2017,22.8,8,14.9,2.8,30.4,66.6,40196.11
Turkey,09-05-2017,22.1,9.7,15.3,1.6,25.9,52.6,24428.79
Turkey,10-05-2017,22.4,11.2,17.4,2.2,38.4,83.9,42974.05
Turkey,11-05-2017,18.5,7.9,12.8,0.1,19.2,38.5,46825.63
Turkey,12-05-2017,20.6,6.2,14.2,0,10.6,25.6,46820.92
Turkey,13-05-2017,26.7,10.9,19.3,0.4,16,33.8,46815.66
Turkey,14-05-2017,27.6,13.9,20.9,0.3,27.7,56.5,46800
Turkey,15-05-2017,19.3,10.4,14.8,0,24.4,51.1,46073.6
Turkey,16-05-2017,16.4,8.4,12.3,0,15.7,33.1,37455.2
Turkey,17-05-2017,18.5,6,12.9,0.3,11.9,25.9,38501.47
Turkey,18-05-2017,19.6,8.7,14.3,3,10.5,28.1,35242.78
Turkey,19-05-2017,18.9,8.6,12.6,7,15.2,34.2,35706.19
Turkey,20-05-2017,12.2,6.6,9.1,2.6,19.3,41.4,8766.79
Turkey,21-05-2017,18,3.3,11.2,0,23.6,45.7,39836.54
Turkey,22-05-2017,16.8,7.7,10.5,11.6,16.3,45.4,34178.64
Turkey,23-05-2017,15.4,5.9,10.3,0,21,49.3,43597.32
Turkey,24-05-2017,16.3,3.5,10.8,0,10.6,27.4,43620.39
Turkey,25-05-2017,20.5,7.1,14,0,10.9,22,46947.2
Turkey,26-05-2017,20.7,10.6,14.7,2.1,12.6,40.7,40860.64
Turkey,27-05-2017,19.4,7.7,13.4,1,18,41,46822.3
Turkey,28-05-2017,18,7.9,12.9,1.6,19.8,41.4,47168.88
Turkey,29-05-2017,22.3,7.2,15,0,10.8,25.6,47309.61
Turkey,30-05-2017,21.8,10.6,15.9,0.8,22.7,44.3,47186.12
Turkey,31-05-2017,17.3,10.5,13.3,7.2,16.8,46.8,39768.62
Turkey,01-06-2017,18.9,7.6,13.5,0,19.6,40.3,46134.48
Turkey,02-06-2017,21.4,8.7,15.7,0,13.7,31,47427.28
Turkey,03-06-2017,23.6,12,18.2,0.1,10.9,23.8,48068.19
Turkey,04-06-2017,25.6,13.8,20.3,0,16.2,32,46809.37
Turkey,05-06-2017,26.4,12.3,19.6,0,24.7,50.4,47686.77
Turkey,06-06-2017,24.6,13,19.2,0,24.1,50.8,47907.69
Turkey,07-06-2017,26.4,11.2,18.9,0,18.8,38.2,48448.34
Turkey,08-06-2017,27.7,14.8,22.2,0,9.2,22,47643.1
Turkey,09-06-2017,30.7,16,22.7,3,29.8,61.9,47780.37
Turkey,10-06-2017,21.5,13.5,17,4.8,19.7,42.5,35150.9
Turkey,11-06-2017,22.4,12,17.1,0,13,27.7,48111.65
Turkey,12-06-2017,24,11.5,17.9,0,18.9,37.1,48676.45
Turkey,13-06-2017,27,12.3,19.8,0,11.8,26.6,48067.5
Turkey,14-06-2017,21.8,13.8,17,5,27.4,55.4,42051.45
Turkey,15-06-2017,22.6,11.2,17.2,0,13,30.2,40511.27
Turkey,16-06-2017,21.6,10.6,16.6,0.6,19.2,40,41944.9
Turkey,17-06-2017,25.2,10,17.8,0,18.5,38.5,48076.86
Turkey,18-06-2017,25.3,14,20.2,1.7,17.4,36,47696.5
Turkey,19-06-2017,23.5,13.5,17,8.4,19,41.8,39631.49
Turkey,20-06-2017,16.9,11.3,14.2,0.4,19.2,39.6,32746.14
Turkey,21-06-2017,19.2,9.3,14.7,0.6,17.4,35.6,43168.34
Turkey,22-06-2017,22.2,9.7,16.2,0,16.6,35.6,46259.86
Turkey,23-06-2017,24,12.6,18.5,0,17.7,38.2,48883.71
Turkey,24-06-2017,26.8,12.6,20.4,0,11.5,28.1,49146.62
Turkey,25-06-2017,27.6,13.4,21,0,15.6,34.2,49155.44
Turkey,26-06-2017,29.3,13.8,21.7,0,10.9,23.4,49162.8
Turkey,27-06-2017,31.2,16.8,24.8,0,14.3,30.2,49168.62
Turkey,28-06-2017,31.6,18.8,25.2,0,21.5,46.4,49046.14
Turkey,29-06-2017,30.6,16.7,24.2,0,18.7,37.4,49150.4
Turkey,30-06-2017,30.9,16.7,23.9,0,28.3,57.6,49148.89
Turkey,01-07-2017,31.8,17.4,24.7,0,27.9,55.8,49145.61
Turkey,02-07-2017,34.5,15.1,25.3,0,11.8,23,49140.51
Turkey,03-07-2017,36.5,20.1,28.9,0,15,32.4,49133.55
Turkey,04-07-2017,35.4,21.3,28.1,0,23.9,49,49124.68
Turkey,05-07-2017,28.8,17.3,22.7,0,28.7,55.8,49113.85
Turkey,06-07-2017,27,13.9,19.7,0,26.5,55.4,49101.03
Turkey,07-07-2017,24.7,11.5,18.1,0,23.7,46.8,49086.16
Turkey,08-07-2017,25.2,11.3,18.6,0,20.9,45.4,49069.3
Turkey,09-07-2017,27.6,13.4,20.5,0,15.2,34.6,49050.59
Turkey,10-07-2017,28.9,14.1,21.9,0,19.9,40.3,49030.09
Turkey,11-07-2017,29.8,14,22.2,0,16.9,38.2,49007.81
Turkey,12-07-2017,30.4,13.5,22.7,0,18.8,41,48983.77
Turkey,13-07-2017,30.4,14.3,22.9,0,18.6,41,48957.99
Turkey,14-07-2017,30.3,18.1,24.1,0,15.1,35.3,48930.48
Turkey,15-07-2017,31.7,16,24.7,0,16.6,34.2,48901.28
Turkey,16-07-2017,33.1,18.7,26.6,0,15.9,31,47538.96
Turkey,17-07-2017,33.9,18.5,26.8,0,13.7,28.8,48837.84
Turkey,18-07-2017,35,20.2,27.9,0,18.9,37.1,48606.7
Turkey,19-07-2017,29.6,17.4,24,0,24.5,46.8,47799.85
Turkey,20-07-2017,30,17,22.9,0,28.2,54,48448.38
Turkey,21-07-2017,29.9,16.2,23.3,0,18.8,38.5,48563.77
Turkey,22-07-2017,30.9,16.6,24.1,0,22.4,43.2,48165.59
Turkey,23-07-2017,28.7,17.1,23.2,0,18.7,40,48258.15
Turkey,24-07-2017,27.4,14.7,21.6,0,18.9,40.7,47949.96
Turkey,25-07-2017,28.8,14.5,22.8,0,14.3,34.2,47891.5
Turkey,26-07-2017,34,18.7,27,0,24.9,48.2,47831.93
Turkey,27-07-2017,34.8,20.5,27.9,0.2,24.1,46.1,47537.05
Turkey,28-07-2017,31.4,21,25.8,0,20.4,41,47365.18
Turkey,29-07-2017,27.6,17.2,22.5,0,18.8,41,47309.02
Turkey,30-07-2017,28.1,14.9,21.7,0,24.9,48.2,47141.58
Turkey,31-07-2017,29.6,13.1,20.9,0,23.8,46.8,46977.98
Turkey,01-08-2017,32.4,14.2,23.3,0,21.7,41.4,46818.63
Turkey,02-08-2017,31.9,14.7,23.7,0,14.8,29.9,46663.94
Turkey,03-08-2017,32.3,17.3,25.1,1.4,17.3,38.5,46255.68
Turkey,04-08-2017,28.3,16.5,22.5,0.3,16.6,42.1,46205.78
Turkey,05-08-2017,28.7,17.2,22.7,2.4,15.3,39.2,46155.57
Turkey,06-08-2017,31.7,16.2,24.3,0,11.7,27,46273.8
Turkey,07-08-2017,33.2,18,25.8,0,13.3,30.2,46141.22
Turkey,08-08-2017,34.7,18,27,0,16.4,33.8,46094.16
Turkey,09-08-2017,36.2,18.5,27.1,0,29.4,57.6,45972.09
Turkey,10-08-2017,34,17,25.4,0,28.5,54.4,45901.32
Turkey,11-08-2017,32.5,16.9,24.9,0,17,37.8,45850.12
Turkey,12-08-2017,31,17.5,24.8,0,15.4,32,45798.88
Turkey,13-08-2017,32.3,19.8,26.4,0,11.6,28.1,45747.64
Turkey,14-08-2017,33.7,20.3,27.6,0,17.5,35.3,44688.22
Turkey,15-08-2017,31.3,17.4,24.7,0,18.8,36.7,45645.34
Turkey,16-08-2017,30.9,18.3,24.3,0.1,16.8,38.2,41522.78
Turkey,17-08-2017,30.4,17.3,24.1,0,15.5,30.6,45543.47
Turkey,18-08-2017,30.4,17.2,24.3,0,15.8,31,45492.57
Turkey,19-08-2017,30.5,17.3,24.3,0,14.2,27.4,45415.38
Turkey,20-08-2017,30.7,18,24.7,0,16.6,32.8,44848.5
Turkey,21-08-2017,30.9,20.5,25.3,0,19.2,41.8,45197.11
Turkey,22-08-2017,28.3,17.1,23,0,14.2,36.7,44963.4
Turkey,23-08-2017,27.6,17.6,22,0,18.3,34.2,43942.51
Turkey,24-08-2017,27.4,13.6,20.4,0,21.1,41.4,44501.91
Turkey,25-08-2017,25.6,13.4,18.9,0,26.1,50.8,44274.44
Turkey,26-08-2017,24.9,12.1,18.2,0,23.4,45,44174.93
Turkey,27-08-2017,26.6,10.9,18.5,0,18.4,36,43950.44
Turkey,28-08-2017,27.4,12.9,20.3,0,13.9,32.4,43728.74
Turkey,29-08-2017,27.4,14.6,21.2,0,14.7,29.9,43629.11
Turkey,30-08-2017,27.8,14,21.1,0,18.6,36,43411.29
Turkey,31-08-2017,26.3,12.7,19.3,0,21,42.8,43196.77
Turkey,01-09-2017,25.2,11.6,18.4,0,12.7,29.5,43098.06
Turkey,02-09-2017,27.3,13.8,20.4,0,9.8,26.6,42998.33
Turkey,03-09-2017,29.3,15.1,22.7,0,10.2,22.7,42897.61
Turkey,04-09-2017,31.6,16.3,24.8,0,12,22.7,42690.93
Turkey,05-09-2017,32.2,16.7,24.9,0,12.5,27.7,42488.52
Turkey,06-09-2017,26.9,13.5,20.8,0.2,32.9,63.4,41662.74
Turkey,07-09-2017,21.3,8.7,14.9,0,14.4,28.4,42095.37
Turkey,08-09-2017,28.9,11.6,20.1,0,10.7,19.1,41998.48
Turkey,09-09-2017,30.1,16.3,23.1,0,10,20.5,41808.29
Turkey,10-09-2017,29.8,15.5,23.3,0,10.5,27,41462.45
Turkey,11-09-2017,30.6,16.3,23.6,0,11.6,24.5,41224.99
Turkey,12-09-2017,31.8,17.9,24.5,0,13.5,28.4,40884.69
Turkey,13-09-2017,32.2,17.7,25.2,0,10.7,22.3,40642.93
Turkey,14-09-2017,32.2,14.1,23.9,0,16.3,31.7,40442.81
Turkey,15-09-2017,33.5,18.7,25.8,0,11.8,28.1,38834.23
Turkey,16-09-2017,34.3,19.9,27.2,0.1,16.2,33.8,38974.01
Turkey,17-09-2017,33.8,19.6,26.8,0,10.4,21.6,39600
Turkey,18-09-2017,33.7,18.9,27.1,0,9.8,27,39600
Turkey,19-09-2017,32,19.4,25.7,0,12.5,28.8,39600
Turkey,20-09-2017,30.8,17.5,24.2,0,10.2,19.4,39619.69
Turkey,21-09-2017,30.9,15.7,23.4,0,11.7,24.5,39600
Turkey,22-09-2017,26.1,16.8,20.9,0,18.3,37.1,39600
Turkey,23-09-2017,23.9,12.3,17.7,0,13.6,29.5,39600
Turkey,24-09-2017,24.4,10.5,17.3,0,14.2,28.8,39600
Turkey,25-09-2017,26.8,11.1,18.9,0,10.5,25.2,39600
Turkey,26-09-2017,26.2,15.9,20.4,0.5,12.9,28.4,38331.41
Turkey,27-09-2017,23.4,11.5,17.8,0,16.5,32,39600
Turkey,28-09-2017,21.1,11.1,16.2,0,14.7,31,39600
Turkey,29-09-2017,21,9.2,14.8,0,13.4,29.2,39549.3
Turkey,30-09-2017,21.8,8.8,15.5,0,9.6,22.7,39424.18
Turkey,01-10-2017,21.6,11.5,16.9,0.5,13,27.7,39310.31
Turkey,02-10-2017,15.3,9.7,12.2,8.3,16.5,35.3,31578.76
Turkey,03-10-2017,14.2,6.5,10.4,0,15.7,34.2,37795.34
Turkey,04-10-2017,15.6,1.8,8.5,0,13,26.6,38846.52
Turkey,05-10-2017,15.9,5.6,9.7,0,11.8,28.1,38691.49
Turkey,06-10-2017,20.2,4,12.3,0,10.4,24.8,38536.41
Turkey,07-10-2017,21.9,6.5,13.6,0,17.2,33.8,38381.4
Turkey,08-10-2017,23.4,8.9,15.5,0,21.9,43.9,38226.55
Turkey,09-10-2017,18.3,10.5,13.7,2.1,18.4,39.2,37506.21
Turkey,10-10-2017,15.1,8.5,11.1,2.5,13.8,27.7,29860.11
Turkey,11-10-2017,15,5,9.7,0,11.2,27,37764.04
Turkey,12-10-2017,14.9,3.6,9.4,0,13.7,31.3,37610.93
Turkey,13-10-2017,15.7,4.8,9.6,0,10.2,23.8,37458.54
Turkey,14-10-2017,16.5,6.9,11.1,0,12,25.6,36702.97
Turkey,15-10-2017,14.5,3.4,8.7,0,17.7,35.3,36225.09
Turkey,16-10-2017,14.6,4,9.2,0.1,18.9,37.8,21555.27
Turkey,17-10-2017,14.9,3.4,8.7,0,19.4,39.6,36716.09
Turkey,18-10-2017,17.5,6.4,11,0,13.4,27.4,36499.36
Turkey,19-10-2017,19.1,8.6,13,0,10.2,18,36166.28
Turkey,20-10-2017,19.6,5.7,13.6,0,11.1,17.3,35960.75
Turkey,21-10-2017,19,5.4,13.7,0,10.8,20.2,35759.61
Turkey,22-10-2017,20.1,6.1,12.3,0,17.7,37.4,35563.23
Turkey,23-10-2017,20.6,5.7,13,0,11,24.5,35163.52
Turkey,24-10-2017,21.6,8.8,14.5,0,21.6,42.8,34632.41
Turkey,25-10-2017,21.1,10.5,15.2,0.2,19.7,41.8,34153.3
Turkey,26-10-2017,16.3,8,12.1,1.5,16.2,34.9,33481.5
Turkey,27-10-2017,16.7,4.9,10.8,0,11.1,23.8,34580.51
Turkey,28-10-2017,19.4,7.8,12.6,0.2,23.3,50,30997.81
Turkey,29-10-2017,17.5,7.3,10.8,10.4,26.3,51.5,19349.63
Turkey,30-10-2017,13.6,6.1,9.8,0.7,29,56.5,28444.96
Turkey,31-10-2017,9.4,1.6,6.1,0,18.4,36,25503.01
Turkey,01-11-2017,7,-2.5,1.9,0,12.6,26.6,33816.16
Turkey,02-11-2017,9.6,-1.9,3,0,10,21.2,33717.63
Turkey,03-11-2017,12.7,-0.1,6.9,0,9.2,22.7,33583.75
Turkey,04-11-2017,13.3,2.1,7.6,1,9.7,21.2,27067.4
Turkey,05-11-2017,10.7,4.9,7.5,6.7,24.6,49,0
Turkey,06-11-2017,10.8,3.7,6.9,0.2,14.7,33.1,32574.77
Turkey,07-11-2017,11.6,3.5,6.8,0,10.1,20.5,32956.1
Turkey,08-11-2017,11.2,0.7,5.1,0,10.8,24.8,32851.45
Turkey,09-11-2017,10.9,1,5.8,0,9.7,15.8,32839.31
Turkey,10-11-2017,13.7,1.4,7.5,0,11.2,20.2,32743.77
Turkey,11-11-2017,12.9,1.7,7.7,0,10.8,22.7,32655.64
Turkey,12-11-2017,15,2.3,7.6,0,12.5,26.3,32526.74
Turkey,13-11-2017,17,5,10.2,0,19.5,37.8,27594.81
Turkey,14-11-2017,16.7,8.5,11.6,0,14.8,31.3,32242.42
Turkey,15-11-2017,14.8,6.1,10.1,0,9.6,19.4,32233.77
Turkey,16-11-2017,14.8,5.9,9.4,0,10.2,15.5,32184.35
Turkey,17-11-2017,15.5,3.5,10,0,10.2,20.9,32091.88
Turkey,18-11-2017,15.9,3.2,9,0,12.2,23.8,32045.42
Turkey,19-11-2017,16.3,5.1,9.2,1.4,16.5,39.2,30256.51
Turkey,20-11-2017,12.7,4.4,7.4,1,22.5,50.4,28800
Turkey,21-11-2017,6.5,-1.3,2.6,13.6,26.7,52.2,7563.14
Turkey,22-11-2017,2.3,-4.1,-1.6,0,14.8,31.3,25973.74
Turkey,23-11-2017,4.8,-2.8,1,3.5,26,50.4,9272.13
Turkey,24-11-2017,5.9,1,2.7,1.1,17.4,32.8,11316.55
Turkey,25-11-2017,7,-1.4,2.2,0,8.7,19.8,31659.38
Turkey,26-11-2017,9,-1.8,2.6,0,11.8,24.5,31565.75
Turkey,27-11-2017,10.5,0.4,4.2,0,13.8,25.6,31474.45
Turkey,28-11-2017,8.6,1.1,5.1,6,18.9,36.4,0
Turkey,29-11-2017,6.5,-0.1,3.4,4,16.2,39.2,29483.85
Turkey,30-11-2017,9.3,-1.5,2.8,0,12.5,24.8,31215.72
Turkey,01-12-2017,11,0.4,4.5,0,12.5,24.8,31134.96
Turkey,02-12-2017,13.5,1.5,6,0,12.5,24.1,31057.17
Turkey,03-12-2017,15.3,2.5,7.5,0,12.2,23.8,30982.46
Turkey,04-12-2017,15.7,4.4,8.2,0,13.1,25.2,30910.97
Turkey,05-12-2017,6.4,1,4.4,7.7,19.7,34.2,2230.07
Turkey,06-12-2017,1.4,-3.8,-0.9,2.5,24.8,50.4,10052.03
Turkey,07-12-2017,2.3,-6.7,-2.7,0,16.7,34.9,20730.81
Turkey,08-12-2017,4,-5,-1.4,0,8.3,20.5,30659.84
Turkey,09-12-2017,8.1,-2.4,1,0,12.5,24.5,30606.41
Turkey,10-12-2017,8.5,-2.4,2.4,0,21.7,41.4,30557
Turkey,11-12-2017,10,0.5,4.6,0,15,31.7,30511.71
Turkey,12-12-2017,11.8,-0.5,3.5,0,11.3,18.4,30470.68
Turkey,13-12-2017,10.7,-0.2,4.3,0,14.3,21.6,30434.04
Turkey,14-12-2017,10.2,-1.1,3,0,12.2,24.1,26210.91
Turkey,15-12-2017,9.9,-0.5,3.2,0,12.6,21.2,30374.48
Turkey,16-12-2017,10.3,-0.5,3.2,0,12.3,25.6,30351.51
Turkey,17-12-2017,11.8,0.2,5,0.1,14.1,27.4,28616.52
Turkey,18-12-2017,12,2.5,6.2,0,12.8,26.6,29548.37
Turkey,19-12-2017,10.9,3.2,6.2,0.6,13.4,29.2,25144.27
Turkey,20-12-2017,8.3,3.6,5.9,9,9.9,28.1,347.54
Turkey,21-12-2017,11.2,1.9,5.6,0,9.7,18.7,29314.47
Turkey,22-12-2017,11.6,3.7,7.1,8.2,15.3,30.6,19058.71
Turkey,23-12-2017,13.4,2.1,8.1,7.7,22.7,59,24343.13
Turkey,24-12-2017,4.2,-3.5,-0.3,4.9,25.7,49,13188.49
Turkey,25-12-2017,3.2,-5.6,-1.6,0,12.1,24.5,30329.62
Turkey,26-12-2017,8,-4.4,0.3,0,12.7,22,30347.46
Turkey,27-12-2017,12.2,-0.5,4,0,13.2,24.1,29791.38
Turkey,28-12-2017,10.6,1,4,0,14,26.6,29968.96
Turkey,29-12-2017,10.5,0.7,4.3,0,14.9,29.5,30424.73
Turkey,30-12-2017,10.1,0.7,4.4,0.1,14.3,39.6,25824.57
Turkey,31-12-2017,7.7,0.6,3.4,5.6,12.6,39.2,6423.69
Turkey,01-01-2018,3.5,-1.5,1.3,2.4,17.1,36,9294.31
Turkey,02-01-2018,4.9,-2.6,0.4,0,9.3,18,30581.93
Turkey,03-01-2018,9.3,-1.5,3.1,1.4,15,28.8,29276.57
Turkey,04-01-2018,8.6,1.9,4.2,9.6,15.6,42.5,19413.94
Turkey,05-01-2018,8.4,1,3.6,1.5,14.2,29.9,23067.66
Turkey,06-01-2018,4.6,-1.1,1.9,4,9.5,20.5,2165.14
Turkey,07-01-2018,6.4,-2.4,1.7,0,8.1,19.8,25200
Turkey,08-01-2018,7,-3.1,1.2,0,10.3,16.9,30730.72
Turkey,09-01-2018,7.4,-3.7,0.1,0,10.1,20.9,30742.46
Turkey,10-01-2018,6.5,-3.7,0.7,0,8.2,18.7,28252.85
Turkey,11-01-2018,10.3,-1.5,4.2,0.7,14.1,26.6,10599.02
Turkey,12-01-2018,7,-1.5,2.2,2.2,11.1,23.8,15388.14
Turkey,13-01-2018,9.1,-0.1,3.3,0,13.3,22,30856.84
Turkey,14-01-2018,3.7,-0.7,2,7.8,15.8,28.8,576.45
Turkey,15-01-2018,2.4,-1.9,-0.4,2.1,16.9,31,6961.49
Turkey,16-01-2018,5.4,-3.7,0.8,0.2,13.9,28.8,29425.97
Turkey,17-01-2018,3.7,-1.1,1.1,3.4,15.6,31,9934.12
Turkey,18-01-2018,9.8,-1.9,3,9.9,26.2,61.6,25429.86
Turkey,19-01-2018,2.3,-6.9,-2.4,3.2,23.2,44.6,21763.32
Turkey,20-01-2018,2.9,-10.3,-3.7,0,14.1,22.3,31375.15
Turkey,21-01-2018,5.7,-5.8,-0.3,0,15.6,29.2,31046.95
Turkey,22-01-2018,5.8,2.1,3.5,0,28.2,53.3,7833.93
Turkey,23-01-2018,3.8,-1.3,2.1,9.1,27.2,52.2,0
Turkey,24-01-2018,1.7,-3.3,-0.7,1.6,17.9,33.8,14452.45
Turkey,25-01-2018,-2.1,-6,-4.6,6.9,22.8,44.6,3117
Turkey,26-01-2018,-2.3,-7.7,-5.6,1.4,15.5,29.2,24059.25
Turkey,27-01-2018,-2.8,-7,-5,0,12.3,23.8,24960.36
Turkey,28-01-2018,-1.5,-7.8,-5,0,8.7,16.6,28021.2
Turkey,29-01-2018,-1.2,-8.8,-5.3,0,10.9,16.6,27121.9
Turkey,30-01-2018,4.3,-7.6,-2.3,0,11.2,19.4,33221.23
Turkey,31-01-2018,6.8,-3.5,0.7,0,14.1,28.8,33353.3
Turkey,01-02-2018,7.9,-3.7,1,0,12.2,26.6,33487.29
Turkey,02-02-2018,8.9,-2.5,2.2,0,14.5,30.2,31643.83
Turkey,03-02-2018,9.6,1.3,5.1,0,15.4,31.3,19090.21
Turkey,04-02-2018,13.3,3,8.1,0.1,20.7,41,11425.19
Turkey,05-02-2018,12.8,5,8.6,0.2,16.4,35.3,30284.9
Turkey,06-02-2018,12.5,0.7,6.3,0,15.3,31,34179.87
Turkey,07-02-2018,11.6,-0.4,5.2,0,11.2,22.3,34321.73
Turkey,08-02-2018,13.2,2.3,6.4,0,14.4,29.9,34185.46
Turkey,09-02-2018,11.4,2.9,6.3,0.2,15.6,28.8,32709.49
Turkey,10-02-2018,11.1,1.4,6.2,1.1,16.8,32,1417.6
Turkey,11-02-2018,17,5.7,9.9,0,27,52.6,34895.12
Turkey,12-02-2018,10.4,1.2,5.8,0.3,16.7,35.3,35039.22
Turkey,13-02-2018,7.5,-0.1,3.4,0.5,17.2,35.3,35183.5
Turkey,14-02-2018,10,-2.1,3.9,0.2,22.2,42.8,32118.56
Turkey,15-02-2018,11.1,0.4,5.3,1.2,16.6,31.3,35336.52
Turkey,16-02-2018,11.4,2.4,6,0,16.7,33.8,35220.93
Turkey,17-02-2018,10.9,0.4,4.6,0,24.6,47.9,20355.31
Turkey,18-02-2018,5.3,-1.9,1.4,0,27.4,52.9,19836.93
Turkey,19-02-2018,10.7,-3.9,3.3,0,10.8,24.8,33356.38
Turkey,20-02-2018,11.5,1.7,5.9,2,14.5,31.3,28919.18
Turkey,21-02-2018,11,2,5.7,0.4,12.6,26.3,34895.64
Turkey,22-02-2018,11.3,-0.1,5.4,0,8.4,19.1,32299.71
Turkey,23-02-2018,11.9,0.4,5.6,0,9.3,20.9,35898.77
Turkey,24-02-2018,10.4,0.4,5.4,0.2,11.9,23,35983.77
Turkey,25-02-2018,6.8,1.3,3.3,5,19.1,38.2,24365.16
Turkey,26-02-2018,9,-2.3,3.6,0,17.2,33.5,24844.65
Turkey,27-02-2018,10.3,2.7,5.3,2.6,19.5,46.4,32400
Turkey,28-02-2018,12,1.1,6,0.8,28.7,56.9,32654.39
Turkey,01-03-2018,4.4,-4.1,1.2,6.6,20.5,42.1,18000
Turkey,02-03-2018,10.7,-5.5,2.8,0,15.3,33.1,32409.67
Turkey,03-03-2018,14.6,3.4,8.1,0.8,27.7,55.4,25760.52
Turkey,04-03-2018,13.3,6.2,8.6,6.7,23.2,60.8,8978.64
Turkey,05-03-2018,12.4,3.2,7.6,0,14.5,31.3,25942.13
Turkey,06-03-2018,12.7,4.5,8,4.9,19.9,60.8,18196.22
Turkey,07-03-2018,16.6,4.5,9.6,0.8,27.9,56.9,35819.33
Turkey,08-03-2018,13.1,5.7,9,11.6,14.5,44.3,13511.85
Turkey,09-03-2018,8,3.4,5.3,4.2,22.9,43.6,8802.89
Turkey,10-03-2018,11.9,2.6,6.3,0,11.1,26.3,38149.42
Turkey,11-03-2018,13,0.9,7.2,0,12.1,28.4,33035.66
Turkey,12-03-2018,14.9,4.6,9.3,0,10.8,25.2,38405.36
Turkey,13-03-2018,16.5,4.5,9.5,0.4,21.7,44.6,36000
Turkey,14-03-2018,9.9,4.3,7,1.7,13.2,33.8,18414.5
Turkey,15-03-2018,9.7,2.6,5.9,7.3,16.6,41,37905.06
Turkey,16-03-2018,8.7,1.2,4.4,9.2,14.7,29.2,23928.3
Turkey,17-03-2018,14.3,0.5,7,0,15.6,34.6,36239.08
Turkey,18-03-2018,19.9,5.3,11.2,0,15.9,32,35299.62
Turkey,19-03-2018,19.5,4.8,12.2,0,20.9,41.8,38995.21
Turkey,20-03-2018,16.6,7.6,12.4,1.1,28.5,58.7,24875.71
Turkey,21-03-2018,16.3,4.2,9.7,0,16.1,32.4,39745.46
Turkey,22-03-2018,17.2,3.3,10.8,0,16.2,31.3,33864.76
Turkey,23-03-2018,21.6,10.4,15.5,0,31.6,61.6,33008.79
Turkey,24-03-2018,16.1,4,11.8,5.8,32.4,74.2,21146.71
Turkey,25-03-2018,13.5,2.2,7.8,0,26.5,52.9,35114.38
Turkey,26-03-2018,15.8,3.9,9.5,0,13,30.2,40530.79
Turkey,27-03-2018,18.3,7.3,12.8,0,25.3,50.4,40912.78
Turkey,28-03-2018,20.7,6.4,13.5,0.1,23.9,49,37116.83
Turkey,29-03-2018,13.3,5,10,11.7,29.5,77.4,30435.29
Turkey,30-03-2018,9.5,2.7,6.2,1.9,13.6,31.7,26828.33
Turkey,31-03-2018,13.1,2.5,7.8,0,9.3,19.8,41484.59
Turkey,01-04-2018,18.2,3.8,10.5,0,13.9,29.9,40737.93
Turkey,02-04-2018,16.8,3.6,8.8,0.6,33.9,70.9,33893.64
Turkey,03-04-2018,10.9,0.6,5.3,0,21.1,43.6,41904.56
Turkey,04-04-2018,13.1,-0.6,6.2,0,10.9,23.4,41961.09
Turkey,05-04-2018,17,4,10.6,0,10.7,25.2,42017.48
Turkey,06-04-2018,20.2,6.8,13.5,0,11.2,23.4,42073.75
Turkey,07-04-2018,22,7.7,14.1,0,14.8,29.5,42192.93
Turkey,08-04-2018,20.6,9.2,14.3,1.6,21.7,47.9,25200
Turkey,09-04-2018,19.3,8,13.1,2.2,29.6,57.6,29347.96
Turkey,10-04-2018,18.8,6.2,11.5,0.8,18.4,47.5,29477.14
Turkey,11-04-2018,18.5,6.2,12.5,0.8,16.1,33.5,40018.85
Turkey,12-04-2018,19,7.4,13.6,0.2,10.6,22.7,41079.52
Turkey,13-04-2018,19.3,8.3,13.8,0,13.9,31.3,42794.98
Turkey,14-04-2018,19.8,6.2,13.3,0,18.8,38.9,43206.92
Turkey,15-04-2018,15.6,4.4,9.7,0,21.3,45,43513.55
Turkey,16-04-2018,16.9,2.2,9.5,0,11.3,27,43959.46
Turkey,17-04-2018,20.4,6.5,13.9,0,11.5,21.6,44160.93
Turkey,18-04-2018,23.1,6.7,15.7,0,12.3,25.6,44366.62
Turkey,19-04-2018,21.7,9.7,16,0,18.1,37.1,44439.56
Turkey,20-04-2018,16.7,4.7,10.4,1.5,31.6,61.6,37098.88
Turkey,21-04-2018,10.1,3,6,1,28.7,55.4,27007.57
Turkey,22-04-2018,14.8,-0.2,7.3,0,19.6,41,45393.34
Turkey,23-04-2018,19.1,5.3,12.7,0,16.3,33.5,35809.32
Turkey,24-04-2018,21.1,6.9,14.6,0,16.6,33.8,45661.26
Turkey,25-04-2018,21.8,9.2,16.6,0.5,11.5,28.4,45793.63
Turkey,26-04-2018,22.8,10.9,16.8,0,14,31,44595.2
Turkey,27-04-2018,23.2,9.7,17.4,0,21,41,41130.75
Turkey,28-04-2018,21.7,9.7,15.7,0,24.4,51.1,45564.34
Turkey,29-04-2018,22,6.4,14.5,0,13,30.6,46160.66
Turkey,30-04-2018,23.1,7.7,15.9,0,16.7,32.8,44461.21
Turkey,01-05-2018,22.1,11.8,16.9,2.6,12.6,29.9,43774.63
Turkey,02-05-2018,22.5,10.1,16.7,0.2,14.8,31.7,44492.04
Turkey,03-05-2018,23.2,9.1,16.6,0.7,9.4,25.2,46086.44
Turkey,04-05-2018,25.3,11.3,18.2,1.3,11.4,22.3,45146.62
Turkey,05-05-2018,23.6,13.1,18.1,0.6,18.4,40.7,41360.14
Turkey,06-05-2018,23.1,12.1,16.3,0.6,24.6,59.8,40040.41
Turkey,07-05-2018,20.1,8.9,13.5,2,17.6,33.8,32816.55
Turkey,08-05-2018,18.2,9,13,0.4,15.5,32.4,46238.56
Turkey,09-05-2018,16.7,9.1,12.6,2.6,23.4,50,41946.91
Turkey,10-05-2018,18.4,9.2,13.1,3.7,16.5,47.2,45568.32
Turkey,11-05-2018,16,8.1,12,7,14.1,35.3,41973
Turkey,12-05-2018,14.5,8.3,10.8,18.8,19.9,38.9,19346.97
Turkey,13-05-2018,16.3,4.7,10.6,0.1,15.2,34.2,46250.87
Turkey,14-05-2018,19.1,7,13.5,0,11.6,29.2,46800
Turkey,15-05-2018,20.8,9.2,15.2,0,15,32.8,46804.75
Turkey,16-05-2018,22.7,10.2,17.2,0,10.6,26.6,46800
Turkey,17-05-2018,24.3,12.6,19.2,0.5,12,23,45376
Turkey,18-05-2018,25.7,12.7,18.9,0.8,17.9,35.6,38746.79
Turkey,19-05-2018,24.6,13.9,18.5,3.1,10.6,38.2,36026.43
Turkey,20-05-2018,23.8,11.6,17.2,2.8,14.8,42.8,37854.25
Turkey,21-05-2018,22.5,10.3,16.9,0.3,8.7,24.5,46800
Turkey,22-05-2018,23.5,13.3,18,2.5,19.9,41.8,46960.07
Turkey,23-05-2018,23,10.3,17,0.1,19.5,38.2,46956.61
Turkey,24-05-2018,24.6,13.9,19.2,0.1,10.9,29.2,46800
Turkey,25-05-2018,25.7,12.2,19.4,0,18,36.7,44963.25
Turkey,26-05-2018,22.9,12.1,17.5,0,11.8,26.3,41954.33
Turkey,27-05-2018,25.4,11.9,19.2,0.9,19.1,41,47400.08
Turkey,28-05-2018,24.8,14.5,19.4,3,13.9,36.4,46800
Turkey,29-05-2018,21.7,12.4,15.9,6,12.2,42.5,24916.46
Turkey,30-05-2018,21.2,11.9,15.9,0.3,15.5,35.3,40481.95
Turkey,31-05-2018,18.7,12.8,15.3,10.9,11.5,33.1,37668.87
Turkey,01-06-2018,19.8,10.5,15.2,0.5,20.9,42.8,32648.14
Turkey,02-06-2018,21.6,10.4,15.9,0,24.4,49.7,43377.41
Turkey,03-06-2018,22.1,7.6,14.9,0,12.9,30.6,48279.38
Turkey,04-06-2018,23.9,12.5,18.4,0,16.8,32.8,47639.89
Turkey,05-06-2018,25.4,12.8,19.6,1.1,20.6,43.2,47949.76
Turkey,06-06-2018,25.3,13.6,19.3,1.5,14.7,41,47416.14
Turkey,07-06-2018,26.1,14.3,20.2,0,18.1,36,47824.05
Turkey,08-06-2018,26,13.9,20.3,0,15.1,31.7,48097.41
Turkey,09-06-2018,27.6,14.1,20.6,0,20.5,40.3,47105.62
Turkey,10-06-2018,29.2,15.1,22.9,0,11.4,23.8,47919.35
Turkey,11-06-2018,27.7,15.5,21.6,1,23.3,46.8,45563.35
Turkey,12-06-2018,26.1,11.5,19.1,0,24,46.1,48992.04
Turkey,13-06-2018,27,11.2,19,0.6,22.4,47.9,38165.05
Turkey,14-06-2018,27.2,14.4,21.7,0,11.9,28.1,44431.34
Turkey,15-06-2018,26.6,15.3,20.8,0.2,16.9,37.4,43638.31
Turkey,16-06-2018,26.9,12.9,19.4,1,24.4,49,36091.25
Turkey,17-06-2018,24.2,13.1,19,0.9,18.2,37.1,48275.03
Turkey,18-06-2018,24.4,14,18.7,2.4,16.6,37.4,45341.92
Turkey,19-06-2018,24.5,12.8,18.5,4.3,10.7,29.9,46193.55
Turkey,20-06-2018,22.7,12.9,17.4,3.7,12.5,29.9,46967.66
Turkey,21-06-2018,23.5,11.8,18,1.2,13.3,29.5,48135.08
Turkey,22-06-2018,23.9,14.2,18.7,3.2,16.4,32.8,47237.27
Turkey,23-06-2018,24.7,13.7,19.8,0.5,13.9,31,44889.57
Turkey,24-06-2018,26.2,13.8,20.2,0,15.8,35.6,48446.04
Turkey,25-06-2018,26.6,13.6,20.5,0,15.3,33.1,48744.1
Turkey,26-06-2018,27.3,14.3,21.4,0,8.9,25.6,49147.93
Turkey,27-06-2018,31,17.8,24.6,0,10,24.8,49172.17
Turkey,28-06-2018,32.7,17.4,25.9,0,17.9,38.2,49176.52
Turkey,29-06-2018,30.1,17.5,23.9,0,22.8,44.6,49178.96
Turkey,30-06-2018,31,16.2,23.8,0,21.4,43.6,49179.42
Turkey,01-07-2018,29.4,15.7,23.4,0,16.2,34.9,49148.86
Turkey,02-07-2018,30.7,16.4,23.8,0,23.5,46.8,49143.05
Turkey,03-07-2018,29.9,15.8,22.9,0,21.9,48.6,49135.22
Turkey,04-07-2018,27.6,14.6,21.1,0,22.4,44.3,49125.68
Turkey,05-07-2018,26,12.5,19.6,0,19.4,42.1,49114.43
Turkey,06-07-2018,25.9,12,19.7,0,18,38.9,49101.5
Turkey,07-07-2018,27.6,13.4,20.9,0,15.5,36,49086.86
Turkey,08-07-2018,30.1,15.5,23.7,0,12.3,24.1,48698.27
Turkey,09-07-2018,33.2,18.7,26.5,0,16.3,34.2,49052.51
Turkey,10-07-2018,33.8,19.7,26.8,0,9.7,22,49032.8
Turkey,11-07-2018,34.1,18.8,27,0,26.3,50,49011.39
Turkey,12-07-2018,31.8,17.7,24.7,0,26.7,52.2,48953.44
Turkey,13-07-2018,29.4,16.1,22.8,0,27.4,59,48802.93
Turkey,14-07-2018,27.5,15.5,21.3,0,26.1,52.6,45716.79
Turkey,15-07-2018,26.1,15.2,20.4,0.3,23.9,50,48091.96
Turkey,16-07-2018,26.1,13.4,20.4,0,20.6,43.2,43255.02
Turkey,17-07-2018,27,13.5,21.2,0,14.9,31,48847.51
Turkey,18-07-2018,29.8,15.9,23.8,0,18.3,41.4,46486.5
Turkey,19-07-2018,28.3,16.3,22.6,0,16.9,36.4,47933.92
Turkey,20-07-2018,27,15.7,22.2,0,17.1,36.4,47534.15
Turkey,21-07-2018,28.1,14.9,22.1,0,18.9,41.4,48050.55
Turkey,22-07-2018,28.4,15.3,22.1,0,18.4,40.3,47274.27
Turkey,23-07-2018,28.5,15.6,22.7,0,16.8,33.8,43874.21
Turkey,24-07-2018,31.6,18.3,25.3,0,24.7,48.2,47471.34
Turkey,25-07-2018,29.9,17.3,24.3,0.2,20.1,42.8,47544.24
Turkey,26-07-2018,30.5,17.6,24.8,0,11.1,23.4,47131.64
Turkey,27-07-2018,30,18.4,24.7,0,16.5,32,47319.67
Turkey,28-07-2018,29.4,17.5,24.1,0,16.9,33.1,47035.82
Turkey,29-07-2018,29.8,17.2,24.2,0,13.7,31,46986.23
Turkey,30-07-2018,31.7,17.8,25.3,0,17.6,34.6,46935.49
Turkey,31-07-2018,32.9,17.4,25.6,0,24,46.4,46776.23
Turkey,01-08-2018,30.9,17.5,24.7,0,17.7,39.6,46621.61
Turkey,02-08-2018,28.7,18.3,23.7,0.3,21.1,42.1,46472.02
Turkey,03-08-2018,28.7,17,22.7,0.1,25.3,49.7,46426.04
Turkey,04-08-2018,27.5,15.1,21.6,0,17.2,34.6,46473.92
Turkey,05-08-2018,29.3,14.4,22.5,0,18,35.6,46331.41
Turkey,06-08-2018,29.3,15.4,22.9,0,17.4,38.2,46282.68
Turkey,07-08-2018,28.3,15.2,22.1,0,20.3,41.4,46149.41
Turkey,08-08-2018,26.1,15.3,20.4,0.5,24.4,50.4,46012.93
Turkey,09-08-2018,26.6,14.7,20.5,0,23.6,47.9,44856.09
Turkey,10-08-2018,25.8,13.7,19.7,0,25.4,49.7,45911.66
Turkey,11-08-2018,25.8,12.4,18.9,0,18.9,39.2,45080.98
Turkey,12-08-2018,25.3,12.2,19.2,0,18,37.1,45667.54
Turkey,13-08-2018,25.3,10.4,18.3,0,25.5,49.3,45760.43
Turkey,14-08-2018,26.9,10,18.6,0,21.9,43.2,45709.84
Turkey,15-08-2018,28.4,10.5,20.2,0,12.1,27.7,45659.07
Turkey,16-08-2018,29.9,13.5,23,0,11.5,29.5,45608.14
Turkey,17-08-2018,31.3,18.2,25.2,0,15.3,31,45557.08
Turkey,18-08-2018,30.1,16.6,23.7,0,23.4,46.1,45505.9
Turkey,19-08-2018,27.1,15.5,21.2,0,24,47.9,45280.35
Turkey,20-08-2018,27.4,12.6,20.3,0,15.3,33.5,45403.23
Turkey,21-08-2018,28.1,13.9,21.8,0,13,31.3,45321.46
Turkey,22-08-2018,28.1,15.7,21.9,0,20,42.8,44982.55
Turkey,23-08-2018,28.4,13.4,21.1,0,18.2,35.3,44882.37
Turkey,24-08-2018,30,13.1,22,0,12.3,30.2,44780.7
Turkey,25-08-2018,32.4,16.3,25.1,0,10.9,24.8,44677.57
Turkey,26-08-2018,33,18.3,26.2,0,12.3,27,44447.03
Turkey,27-08-2018,32.8,16.7,25.6,0,20.3,41,44095.41
Turkey,28-08-2018,32.9,18,25.9,0,11.6,28.4,43872.75
Turkey,29-08-2018,32.4,20.1,26.4,0,13.2,27.4,43653.3
Turkey,30-08-2018,29.6,16.9,24,0,13.7,29.9,43437.2
Turkey,31-08-2018,29.9,16.9,23.5,0,18.9,38.2,43224.66
Turkey,01-09-2018,29.5,16.1,22.9,0,15.1,34.6,43128.43
Turkey,02-09-2018,29,16.6,22.9,0,18.7,40.3,42919.7
Turkey,03-09-2018,27.1,14.1,20.9,0,15.3,34.9,42713.76
Turkey,04-09-2018,29.1,17.2,23.8,0,9.1,25.6,42616.5
Turkey,05-09-2018,31.1,17.5,24.5,0,10.3,25.2,42517.47
Turkey,06-09-2018,27.9,18.1,22.5,0,24.2,49.3,41803.76
Turkey,07-09-2018,24.5,14.1,19.4,0.1,22.7,45,40490.07
Turkey,08-09-2018,24,13.1,18.5,0,13.7,42.8,41267.86
Turkey,09-09-2018,24.2,13.2,18.7,0,22.6,42.8,40998.14
Turkey,10-09-2018,22.7,12.7,17.5,0,19.8,45.4,32128.19
Turkey,11-09-2018,22.7,11.4,17.2,0,10.9,28.1,40908.99
Turkey,12-09-2018,26.4,11.9,19.1,0,17.6,36.7,40691.91
Turkey,13-09-2018,30.9,15.9,23.2,0,33.5,73.4,40565.94
Turkey,14-09-2018,24.1,15.4,19.6,0.4,21.6,43.6,40045.87
Turkey,15-09-2018,23.1,11.1,17.3,0,18.2,36.7,32088.26
Turkey,16-09-2018,23.8,11.3,17.7,0,15.9,31.3,39655.76
Turkey,17-09-2018,24.2,11.3,17.1,0,27.2,52.6,39600
Turkey,18-09-2018,23.3,10,16.2,0,24.9,51.8,39760.85
Turkey,19-09-2018,23.9,8.3,15.7,0,17.3,33.1,39762.46
Turkey,20-09-2018,24.1,7.6,15.9,0,11,25.6,39689.19
Turkey,21-09-2018,23.7,8.2,16.3,0,12.5,28.8,39625.9
Turkey,22-09-2018,24.9,12.5,18.7,0,11.5,28.4,39600
Turkey,23-09-2018,25.2,12.3,19.3,0,13.8,32.4,39600
Turkey,24-09-2018,27,12.6,19.9,0,10.7,24.8,39600
Turkey,25-09-2018,28.8,13.6,20.7,0,21.1,42.8,39600
Turkey,26-09-2018,17.8,8.7,12.8,0,33.2,64.1,39600
Turkey,27-09-2018,19.4,7.3,12.5,0,17.3,32.4,39600
Turkey,28-09-2018,22.4,5.8,13.9,0,11.6,25.2,39600
Turkey,29-09-2018,25.8,12.7,19.7,0,15.3,33.5,39569.17
Turkey,30-09-2018,25.3,13.7,19.2,0.4,19.8,44.3,36884.91
Turkey,01-10-2018,25.6,13.7,19.1,2.9,24.9,53.3,39342.15
Turkey,02-10-2018,22.7,12.7,17.4,0.5,16.7,34.9,39187.44
Turkey,03-10-2018,23.2,10.9,17.5,0,9.4,18.4,39032.77
Turkey,04-10-2018,23.8,11.2,17.8,0,16.9,35.6,37360.87
Turkey,05-10-2018,18.1,8.1,13,0,26.4,51.1,35417.67
Turkey,06-10-2018,17.5,4.1,10.2,0,16.9,34.2,38569.99
Turkey,07-10-2018,20.9,3.1,12.1,0,9.9,17.3,38416.5
Turkey,08-10-2018,24,8.6,16.8,0.2,16.1,31,29170.02
Turkey,09-10-2018,22.2,12,15.3,5.2,17,33.1,31477.75
Turkey,10-10-2018,19.3,9.8,14.1,0.3,13.1,28.8,37601.54
Turkey,11-10-2018,20,8.4,13.2,0.5,9,23.8,36646.68
Turkey,12-10-2018,22.1,7.3,14.8,0,11.5,29.5,35865.74
Turkey,13-10-2018,21.8,10.2,14.8,2.8,14.3,36,36235.89
Turkey,14-10-2018,20.6,8.9,13.9,0,11.7,25.2,36173.36
Turkey,15-10-2018,22.5,10.4,15.9,0,10.1,22.3,37184.01
Turkey,16-10-2018,24.2,12.2,17.3,1.2,14.4,32.8,35253.91
Turkey,17-10-2018,22.8,10.1,16.4,0.5,13.4,30.6,35000.5
Turkey,18-10-2018,21.8,10.8,15.4,0,15.6,33.5,35525.74
Turkey,19-10-2018,21.8,10.4,15.5,0.1,10,22.3,34871.23
Turkey,20-10-2018,20.7,9.9,14.5,0.3,14.1,34.9,33989.49
Turkey,21-10-2018,16.6,9.7,12.7,5,13.7,28.4,34519.51
Turkey,22-10-2018,17,6.5,12,0,9.3,20.9,31901.91
Turkey,23-10-2018,19,8.1,13.5,0.1,9.4,20.9,34531.54
Turkey,24-10-2018,19.6,9.7,14.1,1.1,22.4,52.2,33491.17
Turkey,25-10-2018,14.6,2.2,8.8,11.1,23.7,55.4,12114.14
Turkey,26-10-2018,7.9,1.1,3.8,1.8,23.1,45,25266.16
Turkey,27-10-2018,12.1,-0.9,5.4,0,8.9,22.7,34686.27
Turkey,28-10-2018,17,1.8,8.9,0,9.7,21.6,34527.42
Turkey,29-10-2018,18.7,4.3,11.9,0,10.8,17.6,34453.62
Turkey,30-10-2018,19,3.3,11.8,0,10.9,16.9,34305.4
Turkey,31-10-2018,18.3,6.7,12.1,0,11,20.5,33848.02
Turkey,01-11-2018,17.2,5.5,10.6,0,8.7,20.2,33861.34
Turkey,02-11-2018,17.4,4.9,10.4,0,12,25.2,33610.87
Turkey,03-11-2018,15.6,0.9,8.2,0.1,12.7,24.1,33548.69
Turkey,04-11-2018,17.1,5.1,10.3,0,22.3,43.2,33203.68
Turkey,05-11-2018,13.7,3.5,7.9,0,20.9,40.3,30478.51
Turkey,06-11-2018,11.6,1.1,5.7,0,10,23,32971.21
Turkey,07-11-2018,12.5,1.6,6.4,0,10.3,21.2,32672.97
Turkey,08-11-2018,13.6,4,8.2,0,10.2,18.4,32944.96
Turkey,09-11-2018,13.1,3.6,8,0,9.8,16.2,32841.93
Turkey,10-11-2018,13.8,4.2,8.4,0,9.7,20.2,32508.33
Turkey,11-11-2018,14.2,4.7,8.7,0,14.5,28.4,29106.34
Turkey,12-11-2018,12.8,2.2,6.7,0,12.4,25.9,32463.51
Turkey,13-11-2018,9.8,-0.3,4.2,0,17.2,34.6,32303.6
Turkey,14-11-2018,5.5,-1.9,1.9,0,15.8,34.6,25390.27
Turkey,15-11-2018,5.6,-2.4,0.7,0.1,9.4,22.3,32174.9
Turkey,16-11-2018,3.4,-1.9,0.7,3.3,12,25.9,3600
Turkey,17-11-2018,7.2,-3,2,0,8.7,22,25219.34
Turkey,18-11-2018,10.4,2.1,5.6,1.2,9.2,21.2,25563.42
Turkey,19-11-2018,15.2,3.4,8.1,0,15.3,27.7,32008.84
Turkey,20-11-2018,15,4.5,9.1,0,10.6,23.4,29544.28
Turkey,21-11-2018,12.7,4.4,8.3,2.2,13.1,26.6,7216.99
Turkey,22-11-2018,12.4,4.7,8.1,1.6,12.2,25.9,27287.83
Turkey,23-11-2018,10.1,1.6,5.3,2,18.7,38.5,31335.34
Turkey,24-11-2018,8.3,-0.4,2.7,0,9.4,17.6,25133.21
Turkey,25-11-2018,7.2,-0.4,3,0,8.6,20.9,20007.97
Turkey,26-11-2018,10.9,-1.2,4,1.3,11.2,25.6,31593.7
Turkey,27-11-2018,13.9,4.9,8.3,1.7,21.2,42.5,31499.12
Turkey,28-11-2018,13.6,5.4,8.8,0,17.3,34.6,203.09
Turkey,29-11-2018,13.3,5.4,9.2,0,17.3,33.8,11864.44
Turkey,30-11-2018,12.9,5.8,8.6,1.3,28.3,55.4,13965.17
Turkey,01-12-2018,8,3.1,5.5,1.4,11.4,23.8,14750.86
Turkey,02-12-2018,10.1,1.4,5.5,0,7,19.1,25604.4
Turkey,03-12-2018,11.2,0.1,5.3,0,11.8,24.5,28310.82
Turkey,04-12-2018,12.3,3.6,6.6,4.7,17.5,33.8,24781.91
Turkey,05-12-2018,10.6,3.8,6.9,0.3,12.7,23.4,30377.1
Turkey,06-12-2018,7.5,3.8,5.4,4.2,15.2,30.2,0
Turkey,07-12-2018,3.4,-0.6,1,8.3,17.7,33.5,0
Turkey,08-12-2018,3.9,-3.1,0,0.1,10.9,24.5,30668.48
Turkey,09-12-2018,8.7,-3.5,1.3,0,11.5,25.6,30616.12
Turkey,10-12-2018,9.4,1.7,4.9,4.9,18,47.5,26403.86
Turkey,11-12-2018,8.1,1,5.1,9.8,31.4,61.2,30524.64
Turkey,12-12-2018,1.1,-1.6,0.4,8.1,11.4,41.8,0
Turkey,13-12-2018,0.6,-4.1,-2.1,0.2,14.5,30.6,30448.53
Turkey,14-12-2018,6.2,-3,1.7,1.7,16.2,32.8,13719.59
Turkey,15-12-2018,9.9,2.7,4.9,0.2,10.8,21.2,29039.88
Turkey,16-12-2018,8.8,2.3,4.5,0,18.7,36,14942.06
Turkey,17-12-2018,10.1,3.3,5.5,0.3,14.8,27.4,29188.28
Turkey,18-12-2018,8.5,1.2,4.7,3.5,20.8,38.9,24150.19
Turkey,19-12-2018,6.7,2.7,4.7,14.7,27.6,52.9,1604.25
Turkey,20-12-2018,5.5,2.6,3.7,3.5,11.5,23.4,0
Turkey,21-12-2018,7.2,1.3,3.7,0,8.5,17.3,14216.43
Turkey,22-12-2018,6.9,-0.8,3,0,8.7,19.8,22743.31
Turkey,23-12-2018,9.2,-1.4,2.8,0.1,16.5,33.8,28824.33
Turkey,24-12-2018,4,-1.4,1.2,1.6,17.4,36.7,23738.62
Turkey,25-12-2018,9.1,-1.1,3.9,0.9,19.8,43.6,27399.45
Turkey,26-12-2018,5,-6.4,-2.2,12.5,22,56.2,0
Turkey,27-12-2018,-4.4,-10.2,-6.5,2,21.6,40.7,2483.52
Turkey,28-12-2018,-2.4,-10.8,-7.1,0,11.3,22,28837.65
Turkey,29-12-2018,-0.6,-13.9,-6.7,0,13.3,22,30409.66
Turkey,30-12-2018,-1,-6.6,-3.6,1.5,9.7,17.3,11644.01
Turkey,31-12-2018,-0.7,-8.5,-4,0,10.6,15.5,22177.13
Turkey,01-01-2019,0.9,-12.3,-5.1,0.8,15.5,28.8,14809.06
Turkey,02-01-2019,6.6,-1.5,2,2.2,19.9,51.5,20508.73
Turkey,03-01-2019,7.3,-1.8,2.8,0.2,20.3,45,30353.66
Turkey,04-01-2019,7.5,1,4.4,3.3,30,78.5,21773.09
Turkey,05-01-2019,8.5,-1.4,2.7,2,16.8,50,28629.81
Turkey,06-01-2019,4,-2.9,0.1,2.9,23.9,48.2,1598.16
Turkey,07-01-2019,-0.5,-4.6,-2.9,1.6,21.3,41.4,26231.5
Turkey,08-01-2019,-1.2,-5.1,-3.5,9,17.6,32.4,0
Turkey,09-01-2019,-5.2,-13.9,-8.6,4.4,23,44.6,29757.7
Turkey,10-01-2019,-3.5,-12.2,-7.6,0,15.1,28.8,30759.81
Turkey,11-01-2019,-1.2,-6.2,-4.4,0,14.8,27.7,30768.34
Turkey,12-01-2019,0.1,-6.2,-3.5,0,14.2,26.6,30785.05
Turkey,13-01-2019,2.3,-3.1,-0.9,0.3,13.5,26.6,24389.11
Turkey,14-01-2019,4.2,-5.7,-1.5,0,14.6,29.9,29572.83
Turkey,15-01-2019,6,-0.6,2.3,5,25.3,65.2,7602.9
Turkey,16-01-2019,2.8,-6.2,-2.2,18.9,25,50.8,0
Turkey,17-01-2019,-3.9,-13,-7.5,0.6,16.3,31.7,21066.37
Turkey,18-01-2019,-5.8,-12.4,-9.2,0,12,19.4,28197.25
Turkey,19-01-2019,-3.8,-13.6,-9.1,0,16.3,23.4,31232.29
Turkey,20-01-2019,-1.9,-9.6,-6.4,0,14.8,22.7,30349.38
Turkey,21-01-2019,-0.4,-6.7,-4.2,0.2,12.3,23.8,23785.68
Turkey,22-01-2019,0.7,-4.4,-1.7,6.1,11.5,19.4,19553.4
Turkey,23-01-2019,1.7,-4.8,-2.3,0,15.5,28.8,31795.99
Turkey,24-01-2019,3.6,-0.5,1.4,0,37.4,70.6,31158.37
Turkey,25-01-2019,7.6,-0.8,2.8,0.2,27.2,62.6,29046.65
Turkey,26-01-2019,8.1,1.6,4.1,0,24,45.7,30444.61
Turkey,27-01-2019,7.5,-1.3,3.6,2.7,27.4,51.8,31922.16
Turkey,28-01-2019,7.1,-3,1.7,0,8.9,20.2,25177.94
Turkey,29-01-2019,7.7,-3,1.7,0,10.8,22.7,32279.59
Turkey,30-01-2019,8,-0.8,3.8,0.1,26.7,53.6,24507.2
Turkey,31-01-2019,8.6,-0.3,3.6,1.4,19.8,41.4,29078.89
Turkey,01-02-2019,5.5,0.1,2.4,2.8,22.6,47.5,31918.94
Turkey,02-02-2019,5.7,-3.8,1.5,0,8.9,21.6,33597.66
Turkey,03-02-2019,8.1,-3.5,1.8,0,10.7,19.8,33733.12
Turkey,04-02-2019,11.7,-2.5,3,0,12.2,23,31957.19
Turkey,05-02-2019,11.8,0,4.6,0,19.2,36.7,34006.7
Turkey,06-02-2019,9.2,2.6,5.5,6.7,26.7,54,13144.46
Turkey,07-02-2019,8.8,2.3,4.6,8.6,23.3,45,26256.09
Turkey,08-02-2019,8.9,1.7,4.3,1.5,17.7,33.5,28410.9
Turkey,09-02-2019,7.9,0.2,3,3.8,10.5,19.4,7684.49
Turkey,10-02-2019,4.7,0.5,2.1,3,11.1,24.5,10257.56
Turkey,11-02-2019,6.9,-1.3,2.2,0,10.5,22.3,34849.26
Turkey,12-02-2019,9.5,-1.8,2.7,0,17.3,34.2,34995.33
Turkey,13-02-2019,9.2,0,4.1,0,17.5,32.4,30915.92
Turkey,14-02-2019,8.1,1.1,3.9,0.5,17.4,35.6,20647.78
Turkey,15-02-2019,6.3,-1,2.1,0,22.7,43.2,17488.25
Turkey,16-02-2019,4.3,-3.4,0.4,0,16.1,30.6,17595.47
Turkey,17-02-2019,5.3,-4.1,0,0,10,20.9,35462.82
Turkey,18-02-2019,8.1,-4.8,0.8,0,11.5,24.5,35534.18
Turkey,19-02-2019,5.9,-3.6,0.4,0,10.9,24.1,34224.45
Turkey,20-02-2019,8.5,-2.7,2.2,0,15.8,33.1,30353.51
Turkey,21-02-2019,9.8,-1.8,3.1,0,12.5,26.3,35745.99
Turkey,22-02-2019,8.9,-1.7,3.3,0,13,29.2,33532.65
Turkey,23-02-2019,9.5,-2.3,2.9,0.4,13.3,30.2,35911.61
Turkey,24-02-2019,9.1,-1.3,3.4,0.8,12.1,23,35953.73
Turkey,25-02-2019,9.5,-2.4,2.1,0,15.3,33.1,36000
Turkey,26-02-2019,7.6,-0.8,2.8,3.7,10.8,19.4,13779.33
Turkey,27-02-2019,1.8,-2.1,-0.1,1.9,15.1,28.4,3881.67
Turkey,28-02-2019,1.1,-5.3,-2.4,1,23.3,46.8,33091.7
Turkey,01-03-2019,6.3,-5.7,-0.3,0,19.6,41.8,36452.36
Turkey,02-03-2019,10.1,-0.1,4.6,0.8,22,47.2,32673.43
Turkey,03-03-2019,8,-0.2,3.7,0,12.8,25.9,31072.2
Turkey,04-03-2019,8.8,-4,2.3,0,10,19.8,29934.68
Turkey,05-03-2019,10.3,-0.8,4.6,0.8,16.4,32,35439.88
Turkey,06-03-2019,10.8,0.7,5.5,0.2,21.9,43.2,34568.15
Turkey,07-03-2019,5.4,-1.1,2.4,8.2,26.3,52.6,31957.05
Turkey,08-03-2019,7.8,-5.2,1.7,0,9.7,16.9,37875.66
Turkey,09-03-2019,12.2,-2.9,4.1,0,11.7,22.7,38024.59
Turkey,10-03-2019,14.1,1.4,6.9,0,20.5,44.6,36014.11
Turkey,11-03-2019,15.6,0.3,8.1,0,21.6,42.8,37243.91
Turkey,12-03-2019,15.4,2.8,8.3,0,24,48.6,33642.32
Turkey,13-03-2019,9.1,5,6.7,2,16.5,35.6,13213.13
Turkey,14-03-2019,11.9,0.8,6.7,0.1,10,25.6,31730.93
Turkey,15-03-2019,11.4,2.7,6.3,5.1,23.6,47.2,30194.7
Turkey,16-03-2019,8.9,1.4,4.3,1.5,20.2,40,32615.22
Turkey,17-03-2019,7.8,0.6,3.2,2.5,31.2,62.3,18592.66
Turkey,18-03-2019,12.7,-1.5,5.3,0,16.6,36,39275.5
Turkey,19-03-2019,14.4,1.5,8.3,0,11.3,22.7,39522.28
Turkey,20-03-2019,15.4,1.3,9,0,11.8,28.4,39726.54
Turkey,21-03-2019,12.4,0.4,5.8,0,20.2,39.6,39824.61
Turkey,22-03-2019,10.4,-1.2,3.4,0,16.3,40,40035.79
Turkey,23-03-2019,11.8,-1.5,4.9,0.1,24.1,46.1,35741.25
Turkey,24-03-2019,2.8,-4.5,-0.7,1.8,29.6,57.2,39435.56
Turkey,25-03-2019,6.3,-4.1,0,0,24.2,48.6,38497.12
Turkey,26-03-2019,11.2,-5.2,3.1,0,8.8,20.9,40899.13
Turkey,27-03-2019,13.4,0.4,6.7,0,10.6,20.2,35161.94
Turkey,28-03-2019,9.6,-1.1,4.1,0,16.1,34.2,38229.26
Turkey,29-03-2019,3.6,-1,1.6,5.2,21.4,41.4,0
Turkey,30-03-2019,9.6,-2.3,2.3,2.3,21.6,45.4,16716.2
Turkey,31-03-2019,12.6,-2.8,4.9,2.9,19.6,42.1,36945.17
Turkey,01-04-2019,11.1,0.3,5.5,1.1,15.1,28.4,32781.3
Turkey,02-04-2019,7.8,2.8,5.2,0.5,16.5,35.3,10599.06
Turkey,03-04-2019,10.9,-2.5,4.9,0,14.2,27.4,30461.48
Turkey,04-04-2019,12.1,0.5,6.6,0,11.2,22,41534.77
Turkey,05-04-2019,13.9,1.8,7.8,2.6,11.2,27,39828.48
Turkey,06-04-2019,16.4,2.5,9.2,0,13,31,33238.5
Turkey,07-04-2019,12.9,6.1,9.2,1.2,11.5,27.7,16424.11
Turkey,08-04-2019,16.3,5.8,10.9,0.3,13.5,27,39891.38
Turkey,09-04-2019,18.2,5.3,10.5,2.2,24.5,50,34773.36
Turkey,10-04-2019,14,2.7,8.6,0.7,22.6,46.4,40873.55
Turkey,11-04-2019,14.2,4.3,8.8,2.5,19.1,40.3,38133.88
Turkey,12-04-2019,15.7,4.6,10,1.9,16.8,32,38746.89
Turkey,13-04-2019,19.1,4.6,12.2,0,17.1,35.3,41278.74
Turkey,14-04-2019,18.3,7.3,11.9,3.1,20.5,50,23517.96
Turkey,15-04-2019,14.2,5,8.2,7.6,17.5,38.9,17605.46
Turkey,16-04-2019,10,4.8,6.8,5.4,14.5,28.4,5731.54
Turkey,17-04-2019,7.5,1.8,4.2,0.5,19.6,38.5,7358.03
Turkey,18-04-2019,10.1,-0.5,4.6,0.1,12.9,27.7,37137.61
Turkey,19-04-2019,10.1,-1.2,4.4,0.8,24.4,47.5,41984.58
Turkey,20-04-2019,3.8,-0.6,1.9,3.9,20.4,39.6,16298.13
Turkey,21-04-2019,4.7,-1,1.5,2.9,26.7,51.8,22192.16
Turkey,22-04-2019,5.7,-0.4,2.3,0.4,20.3,41,3199.11
Turkey,23-04-2019,10.3,-1.8,4.5,0,12.2,29.5,41956.3
Turkey,24-04-2019,14,0.6,8,0,15.7,30.2,29569.3
Turkey,25-04-2019,16.2,4.1,10.6,0.1,14.1,31,39623.25
Turkey,26-04-2019,17.4,6.2,12.3,0.5,10.2,22.7,44467.75
Turkey,27-04-2019,15.6,8,11.3,1.2,19,38.2,20850.8
Turkey,28-04-2019,19.8,6.9,13.2,0.3,14.1,28.8,42655.47
Turkey,29-04-2019,20.1,7.7,14.4,0.3,11.3,27.7,46140.06
Turkey,30-04-2019,22.1,9,15.6,0.1,23.4,45.7,46209.57
Turkey,01-05-2019,21.9,8.1,15.9,0,22.4,43.9,44104.25
Turkey,02-05-2019,17.8,8.5,12.3,4.3,21.7,43.2,17309.13
Turkey,03-05-2019,15.2,4.7,9.8,1.2,14.7,31.7,44281.51
Turkey,04-05-2019,16.7,3.3,10.5,0,10.7,27,46478.74
Turkey,05-05-2019,20.2,8.5,14.5,0.8,19.4,36.7,35696.27
Turkey,06-05-2019,23.5,10.7,16.8,1.5,24.9,50,46607.25
Turkey,07-05-2019,22,11.4,16.2,0,26.3,52.9,46669.79
Turkey,08-05-2019,12.6,5.9,9.7,1.8,20.5,43.2,37056.84
Turkey,09-05-2019,14.1,2.7,8.9,0,13.5,26.3,41022.06
Turkey,10-05-2019,15.8,4.8,11.1,0.6,16.4,32.4,18000
Turkey,11-05-2019,16.6,7.5,11.7,4.7,21.7,43.6,28733.7
Turkey,12-05-2019,16.5,6.6,11.5,5.7,14.8,29.9,46800
Turkey,13-05-2019,20.9,6.4,13.9,0,11.3,22,46800
Turkey,14-05-2019,24.6,10.1,17.4,0,11.2,22,46800
Turkey,15-05-2019,28.7,12.7,20.8,0,15.6,34.6,46800
Turkey,16-05-2019,27.5,15.7,20.5,0.2,21.8,50,37942.88
Turkey,17-05-2019,26.8,14.9,20.8,0.2,22.7,45.4,46800
Turkey,18-05-2019,24.1,13.4,19,0,27.1,53.6,46792.86
Turkey,19-05-2019,20.2,9.9,15.3,1.7,22.4,46.1,44268.04
Turkey,20-05-2019,25.8,10.8,19,0,25.7,52.2,46800
Turkey,21-05-2019,27.3,13.3,20.8,0,28.6,59.4,41474.43
Turkey,22-05-2019,24.7,14.6,19.6,0.3,26.5,51.1,38095.14
Turkey,23-05-2019,27.3,12.8,20.1,0.2,27.1,55.8,38431.47
Turkey,24-05-2019,25.5,15,20.5,0.5,30,61.2,37328.86
Turkey,25-05-2019,23.1,13.5,17.7,0,22.7,47.9,47280.5
Turkey,26-05-2019,22.2,11.7,16.8,0,14.2,32.4,47282.86
Turkey,27-05-2019,24.4,11.4,18.2,0,12.5,27.4,47399.49
Turkey,28-05-2019,26.3,13.7,20.1,0,10.8,27.7,47519.93
Turkey,29-05-2019,29.8,15.8,24.1,0,10.9,23.4,47168.14
Turkey,30-05-2019,31,16.4,24.3,0,15.6,29.9,43289.18
Turkey,31-05-2019,30.3,16.6,22.2,1.5,21.7,46.1,40538.73
Turkey,01-06-2019,29.5,14.9,22.4,0,15.5,36,39600
Turkey,02-06-2019,31.3,16.5,24,0,18.7,36.4,45100.17
Turkey,03-06-2019,29,17.7,23.2,0,17.7,35.6,45874.74
Turkey,04-06-2019,29.4,15.9,23.2,0,16.9,35.6,46865.57
Turkey,05-06-2019,29.3,15.4,22.8,0,18.8,36,44255.02
Turkey,06-06-2019,29.3,15.5,22.9,0,13.7,30.6,43871.68
Turkey,07-06-2019,29,14.2,21.9,0,27.8,55.1,47642.41
Turkey,08-06-2019,28.1,13.5,21.6,0,16.7,32.8,47777.92
Turkey,09-06-2019,27,14.8,20.4,3.3,18.2,38.5,32665.18
Turkey,10-06-2019,27.2,14.3,21.1,0.8,17.5,43.2,42776.35
Turkey,11-06-2019,24.6,14.8,20,0.5,25.1,48.6,47920.62
Turkey,12-06-2019,23.5,12.6,18.6,0.7,14.3,40.3,44515.47
Turkey,13-06-2019,22.4,12.6,17.8,4.3,13.4,33.1,47044.54
Turkey,14-06-2019,23,12.3,17.6,4,19.4,43.6,45192.36
Turkey,15-06-2019,24,13.4,18.4,0.8,15.3,33.1,46391.66
Turkey,16-06-2019,26.5,13.3,19.7,0.1,24.2,47.2,48073.57
Turkey,17-06-2019,25.8,14.1,20.1,1.6,15.4,40,48363.81
Turkey,18-06-2019,23.1,14.2,18,11.4,15.3,33.8,44511.15
Turkey,19-06-2019,23,13.4,18.3,2.4,13.7,31.3,47551.19
Turkey,20-06-2019,22,14.8,17.6,11.3,10.9,23.8,33819.21
Turkey,21-06-2019,23.2,13.2,18.1,1.3,9.7,23.8,43326.27
Turkey,22-06-2019,24.5,14.6,19,5,11.6,33.8,48136.47
Turkey,23-06-2019,24.9,13.5,19.6,0.3,13.6,32.4,48590.55
Turkey,24-06-2019,26.8,14,20.9,0,10.6,23.8,49234.38
Turkey,25-06-2019,29,15.1,22.7,0,13.7,28.8,49242.24
Turkey,26-06-2019,29.3,14.7,22.4,0,19.1,36.4,49248.11
Turkey,27-06-2019,27.3,14.6,21.3,0,15.2,33.8,49251.86
Turkey,28-06-2019,27.9,14.9,22,0,16,33.1,48602.89
Turkey,29-06-2019,23.6,14.9,19.8,0.4,25.2,49,46823.66
Turkey,30-06-2019,22.8,11.1,16.2,0,26,57.2,47545.14
Turkey,01-07-2019,22.2,8.8,15.7,0,22.6,46.8,49175.03
Turkey,02-07-2019,26.6,8.3,18.3,0,13.2,30.6,49171.86
Turkey,03-07-2019,28.9,13.1,21.2,0,16.4,32.4,49167.05
Turkey,04-07-2019,29,13.8,21.6,0,22.8,44.3,49126.22
Turkey,05-07-2019,27.8,13.9,21,0,22.8,44.6,49116
Turkey,06-07-2019,27.1,12.8,20.4,0,21.8,41.8,48709.36
Turkey,07-07-2019,27,13.6,20.7,0,18.6,38.5,49090.55
Turkey,08-07-2019,28.8,13.1,22.1,0,15.5,32,49075.27
Turkey,09-07-2019,28.6,15.6,22.8,0,18,37.8,49058.29
Turkey,10-07-2019,29.4,15.7,23.7,0,16.3,33.1,44332.31
Turkey,11-07-2019,30.1,16.6,23.2,0.3,24.8,63,46192.97
Turkey,12-07-2019,24.6,14.1,19.6,0.8,19.6,38.9,46800
Turkey,13-07-2019,22.3,11.8,17.5,0,14.5,33.8,46035.76
Turkey,14-07-2019,26.9,12.1,19.8,0,21.6,41.8,44510.43
Turkey,15-07-2019,23,14.9,18.3,2.8,23.8,48.2,40256.08
Turkey,16-07-2019,24.4,11.9,18.7,0,17.6,35.3,48890.01
Turkey,17-07-2019,27.7,15.1,21.2,0.6,18.1,36,47565.24
Turkey,18-07-2019,23.3,14.7,17.9,2.6,13,29.9,45127.4
Turkey,19-07-2019,23.3,13.4,17.9,0.8,18.3,35.6,37697.73
Turkey,20-07-2019,26.2,11.8,18.5,0,26.6,51.5,48456.21
Turkey,21-07-2019,24.7,11.8,18.2,0,25.6,49.3,48182.91
Turkey,22-07-2019,23.5,13.9,18.4,0.4,28.7,57.2,33955.14
Turkey,23-07-2019,24.6,12.7,18.7,0,22.1,46.1,45561.92
Turkey,24-07-2019,25.6,12,19.2,0,14.1,30.6,47983.19
Turkey,25-07-2019,26,13.6,20,0,18.1,36.7,44787.38
Turkey,26-07-2019,25.7,12.8,19.6,0,16.2,37.1,47985.18
Turkey,27-07-2019,27.3,12.6,20.2,0,19.5,41.8,47921.35
Turkey,28-07-2019,28.2,11.6,20.3,0,16.6,37.8,47740.02
Turkey,29-07-2019,31.4,15,23.9,0,9.2,20.5,47448.59
Turkey,30-07-2019,34.6,19.2,26.8,0,24.5,48.2,47276.54
Turkey,31-07-2019,31.3,16.6,24.5,0,12.1,27.4,47108.47
Turkey,01-08-2019,31.1,16.9,24.7,0,22,42.8,46944.72
Turkey,02-08-2019,29.8,16.8,23.8,0,17.9,37.8,46785.68
Turkey,03-08-2019,28.8,16.1,23.2,0,15.2,33.5,46532.71
Turkey,04-08-2019,30.2,17.8,23.8,0,23.1,46.1,46224.55
Turkey,05-08-2019,26,16.9,20.8,0.1,21.7,43.2,45122.01
Turkey,06-08-2019,25.1,12.1,18.7,0,23.1,44.3,46381.74
Turkey,07-08-2019,24.7,9.5,17.3,0,24.6,49.3,46244.79
Turkey,08-08-2019,27,9.3,18.3,0,19.1,38.5,46195.39
Turkey,09-08-2019,29.2,10.8,20.3,0,17.3,34.6,46068
Turkey,10-08-2019,27.9,12.6,20.2,0,27.2,53.3,45948.15
Turkey,11-08-2019,28.1,12,19.9,0,27.6,54,45875.42
Turkey,12-08-2019,31.2,11.5,20.5,0,26.1,50,45824.75
Turkey,13-08-2019,32.1,11.8,22.3,0,10.6,26.3,45773.89
Turkey,14-08-2019,37.6,17.2,27.8,0,18.8,36.4,43719.37
Turkey,15-08-2019,35.1,23.7,29.1,0,22.3,45.4,45671.68
Turkey,16-08-2019,27.9,19.9,24.3,0,17,35.6,45183.05
Turkey,17-08-2019,28.2,15.7,22.4,0,15.3,33.1,45569
Turkey,18-08-2019,24.1,16.1,19.5,1.4,21.3,40.7,43695.74
Turkey,19-08-2019,24.5,14.1,18.6,0,24.4,46.8,36903.55
Turkey,20-08-2019,25.8,12.6,18.1,8,19.9,41,39001.98
Turkey,21-08-2019,22.3,14,17.4,2.2,12.4,29.9,41473.86
Turkey,22-08-2019,23.9,12.7,18.1,1.1,15.9,33.5,43929.34
Turkey,23-08-2019,24.7,14.2,19.1,0.6,17.7,37.1,44508.15
Turkey,24-08-2019,26.5,14.5,20.3,0.2,18.6,36.7,28817.35
Turkey,25-08-2019,29.8,12.9,20.9,0,27.4,51.8,44704.65
Turkey,26-08-2019,28,14.5,21,0.1,20.2,40,43591.11
Turkey,27-08-2019,27.2,13.7,20.2,0,16.7,34.9,43379.71
Turkey,28-08-2019,28.1,13.1,20.4,0,19.3,38.5,43782.06
Turkey,29-08-2019,28.7,13.6,21.1,0,19.6,37.8,43684.8
Turkey,30-08-2019,27.1,14.5,20.7,0,19.1,40.7,43231.66
Turkey,31-08-2019,26.3,12.7,19.8,0,14.8,29.9,43252.95
Turkey,01-09-2019,25.9,12.4,19.5,0,12.1,29.9,43267.96
Turkey,02-09-2019,27.4,13.8,20.9,0,15.7,36.4,43054.37
Turkey,03-09-2019,27.7,13.9,21.1,0,15.2,31.3,42952.63
Turkey,04-09-2019,27.4,14.1,20.8,0,16.8,33.5,42636.78
Turkey,05-09-2019,26.4,13.5,20,0,13.9,29.9,42351.29
Turkey,06-09-2019,27.6,15.2,21.2,0,12.6,29.5,42233.48
Turkey,07-09-2019,24.7,12.4,18.9,0,15,34.6,41916.34
Turkey,08-09-2019,24.2,10.9,17.2,0,17.4,38.9,42038.17
Turkey,09-09-2019,24.1,10.5,16.9,0,21.8,44.6,41630.32
Turkey,10-09-2019,24.6,10.6,17.6,0,21.3,43.6,41385
Turkey,11-09-2019,24.3,10.8,17.7,0,14.8,30.6,41354.73
Turkey,12-09-2019,23.8,10.2,17.2,0,15.2,31.3,40977.36
Turkey,13-09-2019,26.1,10.7,17.8,0,21.6,42.5,40458.98
Turkey,14-09-2019,26.2,11.4,17.8,0.9,18.2,37.8,29469.97
Turkey,15-09-2019,18.8,12.5,15.1,1.6,23.1,45,31964.44
Turkey,16-09-2019,20.5,10.6,14.5,0,15.5,32.8,26076.1
Turkey,17-09-2019,21.1,10.5,16.1,0.4,10.5,24.8,35103.57
Turkey,18-09-2019,25.1,9.8,18.5,0,10.2,20.9,39960.34
Turkey,19-09-2019,26.7,12,19.5,0,11.8,17.6,39842.5
Turkey,20-09-2019,27.1,12.5,19.7,0,24.9,48.2,39762.1
Turkey,21-09-2019,16.1,8.5,12.7,0.5,22,44.6,24106.84
Turkey,22-09-2019,16.5,3.9,10.1,0,14.4,29.2,39631.29
Turkey,23-09-2019,19.7,6.5,12.9,0,9.3,22,39600
Turkey,24-09-2019,24.4,7.9,16.2,0,11,23.8,39600
Turkey,25-09-2019,17.8,11.7,14.7,1.4,20.3,43.6,5029.24
Turkey,26-09-2019,22.8,11.2,16.9,0,14.7,31.3,39600
Turkey,27-09-2019,25.6,12.9,18.7,0,14,32,39600
Turkey,28-09-2019,20.7,12.4,16,0,13.9,31,39600
Turkey,29-09-2019,21.5,8.8,15,0,10.1,23.8,39586.19
Turkey,30-09-2019,23.9,13.6,18.4,0,9.3,18,39489.13
Turkey,01-10-2019,24.8,11.1,18,0,10.8,20.5,39375.81
Turkey,02-10-2019,27,12.9,19.9,0,12.4,27.4,39222.58
Turkey,03-10-2019,25.2,13.8,18.9,0,14.8,31.3,39069.77
Turkey,04-10-2019,25.2,11.3,18.7,0,11,22,38917.48
Turkey,05-10-2019,26.2,11.3,17.8,0,30.3,60.1,38765.8
Turkey,06-10-2019,18.8,11,15.1,0.5,29.3,61.9,38614.55
Turkey,07-10-2019,20,7.5,13.8,0,9.8,21.6,38462.66
Turkey,08-10-2019,23.4,11.2,16.7,0,21.8,44.6,36683.73
Turkey,09-10-2019,22.3,10,16.4,0,10.7,23.8,38156.94
Turkey,10-10-2019,24.3,13.2,17.9,0,10.4,20.2,38003.31
Turkey,11-10-2019,22.2,11,17,0,12.8,27.4,33326.5
Turkey,12-10-2019,20,8.8,13.9,0,21.7,41.8,37695.1
Turkey,13-10-2019,21.8,5.6,13.4,0,12.1,27.4,37540.73
Turkey,14-10-2019,25.3,11,17.7,0,11.4,18,37386.32
Turkey,15-10-2019,26.7,11.3,20.2,0,10.2,20.5,37232.02
Turkey,16-10-2019,24,13.7,18.5,0.1,12.4,27.7,36188.65
Turkey,17-10-2019,22.2,11.4,17.5,0.4,11.7,31.3,34743.13
Turkey,18-10-2019,20.9,10,15.6,0.1,10.3,22.3,35915.7
Turkey,19-10-2019,20.3,12.1,15.6,0.2,8.7,21.2,35719.98
Turkey,20-10-2019,18.9,8,13.5,0.3,14.2,29.2,35411.54
Turkey,21-10-2019,17.2,8.1,12.1,0.1,15.8,30.2,28368.9
Turkey,22-10-2019,17.5,7.7,12,0.3,22.2,43.2,34943.53
Turkey,23-10-2019,19.6,6.6,12.5,0,15.5,29.5,35094.5
Turkey,24-10-2019,20.5,6.3,12.6,0.1,14,27.4,34704.69
Turkey,25-10-2019,19.1,7.5,12.7,0,11,26.3,35048.02
Turkey,26-10-2019,16.4,5.3,10.6,0,13,27.7,34120.69
Turkey,27-10-2019,16.8,5.4,10.7,0,12.7,31,33615.48
Turkey,28-10-2019,17.9,7,11.6,0.7,8.9,27.4,34297.55
Turkey,29-10-2019,16.3,7.6,11.2,0,12.2,27.4,33736.22
Turkey,30-10-2019,17.3,6,11,0,10.5,22.7,34294.95
Turkey,31-10-2019,17,6.8,11.8,0,12,25.2,34083.37
Turkey,01-11-2019,15,4.4,9.9,5.8,17.7,37.4,19758.19
Turkey,02-11-2019,8.6,1.3,4.2,0,18.4,35.6,32927.79
Turkey,03-11-2019,11.7,-1.5,5.1,0,9.5,22.3,33817.6
Turkey,04-11-2019,14.6,1.5,7.3,0,12.8,26.3,33637.27
Turkey,05-11-2019,17.4,5,10.5,0,12.3,24.1,32463.4
Turkey,06-11-2019,17.8,5.5,11.4,0,11.5,22.3,33173.85
Turkey,07-11-2019,18.8,5.6,12.1,0,12.5,22.7,33154.24
Turkey,08-11-2019,18.8,5.4,12.1,0,11.7,21.6,33040.31
Turkey,09-11-2019,17.3,4.8,10.3,0,11.1,21.2,32932.62
Turkey,10-11-2019,17.7,4.7,11.2,0,12.7,24.5,32831.59
Turkey,11-11-2019,18.3,6.3,11.3,0,12,19.1,32422.71
Turkey,12-11-2019,17.5,4.8,10.9,0,10.9,16.9,32620.1
Turkey,13-11-2019,16.9,3.2,10.9,0,11.3,19.4,32555.42
Turkey,14-11-2019,18,5.9,11,0,14.5,26.3,32260.4
Turkey,15-11-2019,17.7,9.2,12.4,1,15.6,29.5,32209.59
Turkey,16-11-2019,15.6,5.4,10.1,0,11.7,26.3,32160.49
Turkey,17-11-2019,14.5,2.8,8.5,0,9.7,15.1,32157.1
Turkey,18-11-2019,13.9,2.7,8,0,10.3,15.8,32110.05
Turkey,19-11-2019,11.8,2.5,6.4,0,10.4,20.9,32028.53
Turkey,20-11-2019,10.7,-0.2,4.8,0,9.2,14.8,31988.36
Turkey,21-11-2019,9.1,-3.3,3.1,0,8.8,15.8,31948.48
Turkey,22-11-2019,11.4,-1.9,5.1,0,9.9,15.8,31902.6
Turkey,23-11-2019,10.8,-1.5,4.5,0,11.4,18,31866.07
Turkey,24-11-2019,10.1,-0.9,3.5,0,12.1,22.3,31811.71
Turkey,25-11-2019,11.7,0.4,5,0,12,23,31709.78
Turkey,26-11-2019,14.9,4.9,9,1.3,22.2,41.4,24570.1
Turkey,27-11-2019,9.1,4.7,6.7,1.2,12.4,24.1,3789.31
Turkey,28-11-2019,10.5,2.5,6.2,0.1,12.2,26.3,28901.85
Turkey,29-11-2019,12.6,2.5,6.9,2.7,23.4,50.8,22030.68
Turkey,30-11-2019,11.9,5.3,8.2,7.4,18.1,36.7,17719.25
Turkey,01-12-2019,7.9,3.5,6.2,8.9,23.6,43.9,1438.06
Turkey,02-12-2019,5.4,-3.7,1.2,0.2,18.7,36,30080.25
Turkey,03-12-2019,7.1,-4,0.9,0,9.6,20.9,30061.84
Turkey,04-12-2019,6.8,0.5,2.9,1.7,13.2,26.3,17358.53
Turkey,05-12-2019,0.7,-2.8,-0.4,5.1,26.9,52.9,793.68
Turkey,06-12-2019,3,-4.2,-1.7,0,12.6,25.6,24421.4
Turkey,07-12-2019,4.1,-4.8,-1.5,0,7.6,18.4,22845.83
Turkey,08-12-2019,2.7,-4.2,-1.7,0,7.2,18.4,26585.9
Turkey,09-12-2019,4.7,-3.8,-0.1,0,7.6,19.1,29208.82
Turkey,10-12-2019,6.7,-2.7,0.7,0,9.2,19.8,25387.39
Turkey,11-12-2019,8.1,-1.2,2.9,0,14.3,27.4,28079.54
Turkey,12-12-2019,7.4,2.5,4.1,3.2,16.5,31,0
Turkey,13-12-2019,9.7,0.4,4.4,0.1,17.8,34.6,30460.45
Turkey,14-12-2019,10.9,2.6,5.3,2.4,13.7,28.4,29185.5
Turkey,15-12-2019,9.7,1.1,5.2,0.2,9.8,19.4,30394.83
Turkey,16-12-2019,9.4,0.6,4.1,0.1,12.4,25.2,30367.9
Turkey,17-12-2019,7,-2.5,2.1,0,9.3,15.8,28140.59
Turkey,18-12-2019,10.1,-2.3,3.1,0,10.9,19.1,30326.07
Turkey,19-12-2019,11.3,-0.5,5.1,0,9.8,16.9,30311.32
Turkey,20-12-2019,12.6,-2.3,5.2,0,12.5,18.7,30300.75
Turkey,21-12-2019,11.4,-0.3,3.7,0,13.4,23,30294.4
Turkey,22-12-2019,12.1,0.6,4.3,0,14,24.5,29768.02
Turkey,23-12-2019,10,1.1,5,0.7,30.5,58.3,17706.38
Turkey,24-12-2019,4.3,2,3.4,15,30.7,58.7,0
Turkey,25-12-2019,5.5,1,2.8,7.2,13.8,35.3,1105.49
Turkey,26-12-2019,3.2,0.5,1.3,10.8,9.4,19.1,0
Turkey,27-12-2019,1.5,0,0.6,7.7,20.7,39.2,0
Turkey,28-12-2019,4,-0.5,1.1,1.6,10,21.6,8499.21
Turkey,29-12-2019,5.4,-1.2,0.8,2.6,9.5,18,14066.63
Turkey,30-12-2019,7.3,-1.4,2.9,1.6,29.8,56.5,13479.64
Turkey,31-12-2019,5.6,0.1,2.2,1.4,8.7,23.4,27880.6
Turkey,01-01-2020,4,-0.3,1.4,0.8,10.7,23.8,17497.08
Turkey,02-01-2020,4.4,-2.4,0.5,0.8,13.7,27.7,15365.4
Turkey,03-01-2020,5.2,-3.4,0.1,1.5,8.8,19.8,20855.03
Turkey,04-01-2020,2,-1.5,-0.4,5.4,12.4,24.5,7421.02
Turkey,05-01-2020,1.7,-3.7,-1.3,0.3,10.9,20.9,24475.18
Turkey,06-01-2020,3.9,-3.9,0.4,0,35.1,65.5,1118.92
Turkey,07-01-2020,6.5,2.7,4.3,0,36.3,69.8,11146.69
Turkey,08-01-2020,5.4,-0.3,2.4,1.5,15.7,37.4,13204.95
Turkey,09-01-2020,2.2,-2.3,-0.3,0.1,20.6,39.2,23223.65
Turkey,10-01-2020,0.4,-4.8,-2.4,0,12.7,28.4,25727.52
Turkey,11-01-2020,3.5,-5.4,-1.4,0,7.6,15.8,30764.68
Turkey,12-01-2020,5.6,-3,0.6,0,10.2,22,28800
Turkey,13-01-2020,2.9,-2.6,-0.4,0,10.5,20.5,30500.6
Turkey,14-01-2020,7.3,-4.3,0.9,0,9.4,22,30917.11
Turkey,15-01-2020,5.7,-2.2,1.4,0,10.8,18.7,31004.7
Turkey,16-01-2020,5.9,-5.1,-1.5,0,10.6,23.4,31103.69
Turkey,17-01-2020,3.1,-5,-1,0.1,10.8,19.1,3048.69
Turkey,18-01-2020,1.1,-5.3,-2.4,0,16.9,32.8,1464.86
Turkey,19-01-2020,0.7,-4.5,-2.4,0,10.3,20.9,27532.65
Turkey,20-01-2020,-1,-4.9,-3.2,2.7,15.6,31.7,10704.09
Turkey,21-01-2020,-1.2,-4.5,-3,0.3,22.5,43.9,2067.91
Turkey,22-01-2020,-0.7,-6.1,-3.8,0,12,25.2,26994.69
Turkey,23-01-2020,2.9,-7.5,-2.7,1.9,20.8,40.3,28126.93
Turkey,24-01-2020,-3,-7.4,-5.6,0,23,46.8,30591.93
Turkey,25-01-2020,2.2,-8.6,-4,0,9.8,20.2,32333.04
Turkey,26-01-2020,8.1,-5.2,0.4,0,12.1,22.7,32518.74
Turkey,27-01-2020,7.9,-4.4,1.9,0,10.9,23,31797.82
Turkey,28-01-2020,7.5,0.3,3.3,1.3,9.7,19.1,1342.28
Turkey,29-01-2020,7,0.3,2.6,0.5,17.7,35.3,29822.23
Turkey,30-01-2020,7.5,0.4,2.7,16.6,19.9,44.6,4181.21
Turkey,31-01-2020,0.5,-9.2,-2.9,10.7,27,52.9,15865.25
Turkey,01-02-2020,-0.5,-14.3,-5,2.2,14.5,27,1558.14
Turkey,02-02-2020,2,-5,-1.8,0,10.4,19.1,32264.17
Turkey,03-02-2020,4.7,-5.9,0.2,0,17.3,34.9,32574.15
Turkey,04-02-2020,5.1,2,3.4,6.7,23.2,45.4,0
Turkey,05-02-2020,11.4,2.1,6.1,0,24.9,49,29844.07
Turkey,06-02-2020,9.1,3.7,6.4,8.4,26.7,66.6,16022.48
Turkey,07-02-2020,3.5,-2.3,1.2,16,30.3,54,3918.55
Turkey,08-02-2020,-3.2,-13,-6.9,4.2,23.3,51.8,24972.12
Turkey,09-02-2020,-7.4,-16.9,-11.6,1,20.7,39.6,27847.86
Turkey,10-02-2020,-9.7,-18.6,-12.3,3.2,18.4,37.8,31143.86
Turkey,11-02-2020,-2.9,-20.8,-10.7,1.8,18.1,34.6,5317.37
Turkey,12-02-2020,0.7,-2.8,-0.6,9.5,20.3,39.6,7766.08
Turkey,13-02-2020,0.6,-4,-1,14.5,15.6,28.4,16703.23
Turkey,14-02-2020,-1.6,-8.6,-4.1,0,15.3,25.9,32400
Turkey,15-02-2020,0.8,-4,-2,0,15.7,26.6,30609
Turkey,16-02-2020,0.7,-6.1,-3,0.1,10.3,17.3,35375.89
Turkey,17-02-2020,-0.2,-6.8,-4.2,0,10.2,19.8,35447.8
Turkey,18-02-2020,1.2,-12.9,-4.2,0,11.4,22,35519.24
Turkey,19-02-2020,2.4,-7,-2.4,0,12.6,20.5,35590.16
Turkey,20-02-2020,4.1,-8.2,-2.2,0,13.4,23,33379.98
Turkey,21-02-2020,6.8,-1.5,2.3,2.6,18.4,34.9,11951.26
Turkey,22-02-2020,5.6,0.2,2.7,3.3,16.3,32,27800.96
Turkey,23-02-2020,8.2,-0.8,2.8,0.4,9.8,19.1,29653.64
Turkey,24-02-2020,10.3,-1,3.9,0,20.9,41.8,34795.46
Turkey,25-02-2020,5.7,-2,2.8,0.2,19.7,38.5,36000
Turkey,26-02-2020,10.9,-4,3,0,12.3,26.3,36252.29
Turkey,27-02-2020,12.8,-0.6,5.6,0,19.9,38.5,31325.16
Turkey,28-02-2020,11.8,2.6,6.5,0.7,22,43.6,36000
Turkey,29-02-2020,8.7,2,4.3,7.8,13.8,29.9,24958.79
Turkey,01-03-2020,5.2,-0.8,2.6,0.2,21.4,42.8,25085.68
Turkey,02-03-2020,9.4,-3.6,2.4,0,10.5,20.5,36889.97
Turkey,03-03-2020,14.6,-0.1,6.5,0,12,23.8,36907.79
Turkey,04-03-2020,16.7,1.8,7.9,0,16.1,31,33554.88
Turkey,05-03-2020,15.7,3.9,9.1,0,27.3,52.9,31756.04
Turkey,06-03-2020,13.3,4.6,8.7,2,16.9,58.3,35919.42
Turkey,07-03-2020,14.5,3.9,9,0,8.2,21.6,37716.36
Turkey,08-03-2020,17.6,2.3,10.1,0,10,21.6,37895.44
Turkey,09-03-2020,19.3,6.1,11.5,0,26.8,49.7,38101.38
Turkey,10-03-2020,16,4.1,11.1,0.6,31.9,62.3,38281.12
Turkey,11-03-2020,15.2,2.8,8.4,0,10.5,20.9,38287.91
Turkey,12-03-2020,17.7,4.9,11.1,0.2,21.4,41.4,28346.04
Turkey,13-03-2020,14.6,8.1,10.5,0.3,28.4,54.7,9970.38
Turkey,14-03-2020,14.5,7.3,10.2,1.1,16.1,34.2,21617.37
Turkey,15-03-2020,17.6,6.1,10.6,10.4,24,47.2,28200.26
Turkey,16-03-2020,7.9,-2.7,2.4,10,23.4,45.4,0
Turkey,17-03-2020,0.4,-5.4,-3.5,3.3,24.6,50.4,11296.35
Turkey,18-03-2020,-1.7,-7,-4.3,3.4,22.8,46.1,0
Turkey,19-03-2020,1.2,-4.7,-2.2,2.8,17.5,33.5,643.52
Turkey,20-03-2020,1.4,-2.2,-0.7,6.1,23.3,45.7,198.45
Turkey,21-03-2020,8.5,-3.8,1.5,0,17.3,35.6,37896.41
Turkey,22-03-2020,10.3,-3.3,3.2,0,9.6,20.2,40113.62
Turkey,23-03-2020,13,0.6,6.1,0,10.4,24.8,36000
Turkey,24-03-2020,13.2,2.2,7.7,1.6,12.5,23.8,37991.13
Turkey,25-03-2020,11.7,3,6.9,0.4,13.5,29.2,39670.51
Turkey,26-03-2020,14.5,0.6,7.4,0,8.9,26.3,40283.66
Turkey,27-03-2020,14.3,5.6,9.5,0.4,21.9,42.5,34674.8
Turkey,28-03-2020,12.5,5.4,7.8,6.6,20.7,44.6,28039.92
Turkey,29-03-2020,7.2,2.2,5,6.5,17.4,36.4,19013.89
Turkey,30-03-2020,7,1.6,4.1,0.3,16.9,36,9618.91
Turkey,31-03-2020,12.9,-0.3,6.6,0.7,12.1,27.4,27539.77
Turkey,01-04-2020,10.6,2,6.3,7,18.8,37.8,39997.81
Turkey,02-04-2020,12.5,0,6.4,2.4,12.1,26.3,40824.43
Turkey,03-04-2020,6.8,1.8,4.7,8.4,20,42.5,29015.44
Turkey,04-04-2020,12.9,-0.6,6.7,0.7,9.3,20.9,39605.61
Turkey,05-04-2020,15.5,7.7,11.1,0.1,29.9,56.9,8807.43
Turkey,06-04-2020,15.2,3.4,9.6,0.3,26.3,50.4,41486.48
Turkey,07-04-2020,13.6,0,6.1,0,23.5,46.1,42160.95
Turkey,08-04-2020,14.2,1.5,6.8,4,11.3,34.9,29029.99
Turkey,09-04-2020,12.2,1.9,6.7,8.7,13.4,28.4,32340.12
Turkey,10-04-2020,11.4,2.2,6,0,20.2,40.3,38729.34
Turkey,11-04-2020,11.9,-1.7,5.6,0,19.1,40.7,43058.6
Turkey,12-04-2020,11.8,0.1,6.1,0,17.4,37.1,43121.34
Turkey,13-04-2020,13.1,-0.3,6.8,0,9.9,18,43420.55
Turkey,14-04-2020,16.7,1.7,9.5,0,12.7,31.3,43609.32
Turkey,15-04-2020,15.9,5.6,9.4,0.2,20,40,18951.96
Turkey,16-04-2020,12.5,3.9,8.3,0.1,22.8,46.1,41989.35
Turkey,17-04-2020,16.3,-0.4,8.7,0,8.6,22.3,44203.11
Turkey,18-04-2020,18.9,5.2,12.4,0,16.2,32.4,42263.97
Turkey,19-04-2020,19.5,5.3,12.9,0,12.9,27.7,44342.23
Turkey,20-04-2020,20.7,9,14.7,0.3,16.1,35.3,40049.36
Turkey,21-04-2020,13.9,6.7,10.9,1.3,12.5,25.2,0
Turkey,22-04-2020,12.7,3.1,8.6,5.4,20.4,43.2,8811.53
Turkey,23-04-2020,9.8,1.1,4.7,0,20,38.5,27391.86
Turkey,24-04-2020,12.5,-2.9,5.4,0,12.9,28.4,34301.57
Turkey,25-04-2020,13.3,2.3,7.8,0,12.4,28.8,36488.51
Turkey,26-04-2020,16.3,1.9,9.3,0,21.4,43.6,45972.75
Turkey,27-04-2020,17.4,3.7,11.4,0.6,12.2,29.2,44926.95
Turkey,28-04-2020,17.2,4.5,10.8,1.2,10.8,26.3,44887.17
Turkey,29-04-2020,18,5.1,12.5,0.3,12.6,27.7,44112.8
Turkey,30-04-2020,17.7,9.3,12.6,4.5,15.5,36,41288.19
Turkey,01-05-2020,11.2,8.3,9.8,8.8,16.1,30.6,4905.35
Turkey,02-05-2020,13.1,6.2,9.8,2.9,14.8,31.3,37149.47
Turkey,03-05-2020,15.8,6.1,10.6,2.3,25,50.8,39059.33
Turkey,04-05-2020,15.4,6.5,10.4,4.8,20.2,49.3,43344.71
Turkey,05-05-2020,14.3,6.3,10.1,1.7,15.9,37.4,46595.45
Turkey,06-05-2020,14.5,6.2,10,1.5,16.3,35.3,37353.09
Turkey,07-05-2020,19.1,5.4,11.9,6.5,21.5,46.4,34583.27
Turkey,08-05-2020,9.9,6.7,8.5,9.4,13.1,27.7,7657.3
Turkey,09-05-2020,13.8,3.1,8.6,0,17.4,34.9,40035.3
Turkey,10-05-2020,14.6,2,9.3,0,13,30.6,46800
Turkey,11-05-2020,19.8,5.7,13.1,0,15.6,33.5,46800
Turkey,12-05-2020,24.6,9.3,17,0,18.9,38.2,46800
Turkey,13-05-2020,23.1,12.9,18,0,14.1,27,46800
Turkey,14-05-2020,23.5,10.9,17.6,0,12.1,26.3,46808.16
Turkey,15-05-2020,26,13.2,20.8,0,11,24.5,46801.93
Turkey,16-05-2020,28.9,13.4,21.4,0,23.7,47.5,46800
Turkey,17-05-2020,24.3,12.4,19.1,0,16.6,36,46879.71
Turkey,18-05-2020,28.5,12.1,20.8,0,18.5,37.8,46875.13
Turkey,19-05-2020,25.5,14,19.9,0,18.5,40,46967.39
Turkey,20-05-2020,27.4,17.4,22.1,0,10.2,25.6,47064.68
Turkey,21-05-2020,29.2,15.5,22.8,0,23.9,48.2,46800
Turkey,22-05-2020,25.9,9.6,20,6.2,28.5,62.6,44412.4
Turkey,23-05-2020,13,4.6,8.1,2.7,26.3,50,39930.8
Turkey,24-05-2020,10.3,3.8,6.7,0,35.7,68.4,19266.35
Turkey,25-05-2020,15.1,3,8.5,0,20.3,41,29425.1
Turkey,26-05-2020,22.3,6.3,14.6,0,16.3,34.9,47055.56
Turkey,27-05-2020,24.4,8.5,17.4,0,26.3,55.4,47518.99
Turkey,28-05-2020,25.3,12,17.6,0,23.4,45.7,47642.67
Turkey,29-05-2020,15.5,9.4,12.6,1.8,26.6,52.9,47068.37
Turkey,30-05-2020,18.2,5.7,12.9,0.3,11,26.3,47429.66
Turkey,31-05-2020,21,9.1,16.1,0.5,13.3,31,44214.75
Turkey,01-06-2020,23,9,16.3,0.2,26.2,60.5,47302.4
Turkey,02-06-2020,18.6,9.3,12.8,9.3,21.2,58.7,45217.49
Turkey,03-06-2020,19.1,7.1,14.2,0.3,14.7,33.8,47812.8
Turkey,04-06-2020,19.8,10,15.1,1.7,17,36,47807.24
Turkey,05-06-2020,22,10.1,16.6,0,9.7,16.9,48564.49
Turkey,06-06-2020,27.1,12,19.9,0,11.7,25.9,48395.23
Turkey,07-06-2020,29.2,13.3,21.8,0,19.1,38.9,47911.9
Turkey,08-06-2020,28.9,15.1,22.3,0,19.9,40.7,42539.52
Turkey,09-06-2020,28.2,15.4,22.4,0,11.2,22.3,48466.28
Turkey,10-06-2020,29,16.3,22.6,0,15.5,43.6,47137.85
Turkey,11-06-2020,26.4,13.7,19.5,0.5,21.1,42.5,46867.59
Turkey,12-06-2020,22.7,11.2,16.8,5.9,14.5,41,42732.74
Turkey,13-06-2020,18.6,10.6,14,7.7,21.3,43.2,43313.32
Turkey,14-06-2020,20.3,9.9,15,1.1,14,40,47367.07
Turkey,15-06-2020,23.1,10.3,17.4,0,12.8,28.4,48503.03
Turkey,16-06-2020,24.8,14.3,19.6,0,8.9,20.5,48507.66
Turkey,17-06-2020,26.5,14.5,21.1,0.1,11.2,24.8,48078.05
Turkey,18-06-2020,24.4,14.7,19.5,0.4,14.7,33.8,47934.76
Turkey,19-06-2020,20.3,11.9,15.6,17,15.4,35.6,35510.5
Turkey,20-06-2020,20.7,11.1,15.8,0.9,12.6,30.6,48281.47
Turkey,21-06-2020,22.6,11.5,17.8,0.6,14.8,33.5,49123.09
Turkey,22-06-2020,25.4,14.1,19.8,0.2,15,29.2,48577.95
Turkey,23-06-2020,27.5,13.4,21.1,0,19.6,39.6,49228.17
Turkey,24-06-2020,25.2,13.7,19.7,0.7,16.9,33.5,47857.28
Turkey,25-06-2020,25.2,12.2,19.5,0,18.9,38.9,48974.34
Turkey,26-06-2020,24.3,11.8,18.4,0,19.2,38.9,48599.49
Turkey,27-06-2020,24.2,12.6,18.6,0,21,44.3,48713.86
Turkey,28-06-2020,26.3,12,19.5,0,22.7,43.9,49173.5
Turkey,29-06-2020,26.4,11.9,19.5,0,15.1,34.6,49250.9
Turkey,30-06-2020,26,11.9,19.5,0,20.8,41,49174.79
Turkey,01-07-2020,27.1,12.8,20,0,22.7,46.4,49172.93
Turkey,02-07-2020,28,12.4,20.7,0,18.1,35.6,49169.29
Turkey,03-07-2020,29.7,14.9,23,0,10.8,26.6,48718.12
Turkey,04-07-2020,31.1,19,26.1,0,13.8,27.7,47982.61
Turkey,05-07-2020,30.6,16.4,24.4,0,20,40.3,49109.52
Turkey,06-07-2020,30.4,15.5,23.5,0,15.5,29.2,49096.69
Turkey,07-07-2020,31.9,19.1,25.8,0,12.5,29.9,49082.02
Turkey,08-07-2020,31.3,18.1,25,0.2,26.3,56.5,47686.49
Turkey,09-07-2020,27.1,15.7,21.2,0,28.5,57.2,49047.06
Turkey,10-07-2020,27.8,12.8,20.2,0,26.5,51.1,48968.82
Turkey,11-07-2020,28,12.3,20.5,0,17.8,36,49004.39
Turkey,12-07-2020,28.7,13.8,21.5,0,18.8,37.8,48949.82
Turkey,13-07-2020,27.4,15.1,21.4,0,20.9,42.1,48953.95
Turkey,14-07-2020,27.4,13.8,21.1,0,10.4,27.7,48925.95
Turkey,15-07-2020,30.5,15.7,24.3,0,14.9,31.7,48227.14
Turkey,16-07-2020,32.4,18.5,26.4,0,14.1,28.1,47538.76
Turkey,17-07-2020,29.9,16.4,23.5,0,23.8,45,48616.73
Turkey,18-07-2020,30.7,14.9,23.2,0,19.5,37.4,48737.37
Turkey,19-07-2020,34,17,26.1,0,8.7,27,48759.41
Turkey,20-07-2020,35.1,20.2,28.5,0,10.6,24.5,48445.2
Turkey,21-07-2020,28.5,18,23.1,0,25.8,50.4,48559.71
Turkey,22-07-2020,26.3,13.7,20.1,0,27.4,54,48416.04
Turkey,23-07-2020,28.4,12.7,20.2,0,28,55.8,48243.96
Turkey,24-07-2020,28.9,12.7,21.1,0,22.1,42.5,48058.67
Turkey,25-07-2020,29.3,12.8,21.7,0,12.9,35.3,47876.01
Turkey,26-07-2020,31.6,16.6,25.1,0,11.6,25.9,47814.92
Turkey,27-07-2020,33.8,18.9,27.6,0,11.3,25.9,47636.14
Turkey,28-07-2020,31.7,16.7,24.6,0,20.7,42.1,47460.8
Turkey,29-07-2020,29.4,16.2,23.2,0,14.1,32.8,47400.66
Turkey,30-07-2020,29.9,15.4,23.2,0,17.2,36.4,47230.53
Turkey,31-07-2020,27.8,14.8,21.8,0,15.5,35.6,47064.74
Turkey,01-08-2020,29.2,15.1,22.6,0,15.4,36,46903.61
Turkey,02-08-2020,28.4,14.9,21.8,0,24.4,46.8,46446.98
Turkey,03-08-2020,26.9,12.7,20.2,0,18,35.3,46692.1
Turkey,04-08-2020,27.6,11.3,19.9,0,18,36.7,46542.2
Turkey,05-08-2020,28.5,11.3,20.6,0,17,36,46487.55
Turkey,06-08-2020,30.4,12.1,21.7,0,16.9,36.7,46345.45
Turkey,07-08-2020,30.8,13.1,23.1,0,12.8,30.2,46209.76
Turkey,08-08-2020,31,14.8,23.6,0,18.2,36.7,46081.06
Turkey,09-08-2020,30.3,14.7,23.2,0,21.7,42.8,45959.93
Turkey,10-08-2020,29,15.7,22.6,0,19.1,38.9,45887.85
Turkey,11-08-2020,28.2,15.6,22,0,18.8,41.4,45836.66
Turkey,12-08-2020,27.8,13.8,21.3,0,20.6,43.6,45785.34
Turkey,13-08-2020,26.8,13,20.6,0,21.7,43.2,45733.93
Turkey,14-08-2020,25.3,13,19.3,0,21.6,46.4,45682.46
Turkey,15-08-2020,24.6,10,17.7,0,22.9,46.1,45630.96
Turkey,16-08-2020,24.6,9.3,17.5,0,19.2,37.8,45579.46
Turkey,17-08-2020,24.1,9.3,17.3,0,18.4,40.3,45527.97
Turkey,18-08-2020,26.1,9.6,18.2,0,14.1,33.8,45476.55
Turkey,19-08-2020,28.5,14.7,21.6,0,10.8,28.1,45425.2
Turkey,20-08-2020,31.3,16.2,24.1,0,20.8,45.7,45373.97
Turkey,21-08-2020,25.5,15.3,20.2,0,22.3,44.3,45168.6
Turkey,22-08-2020,23,14.2,18.5,0,23.6,47.5,41766.7
Turkey,23-08-2020,24.8,10.8,18.5,0,21.2,46.4,44837.53
Turkey,24-08-2020,26.8,11.3,19.5,0,13.4,28.4,44853.3
Turkey,25-08-2020,28.2,14.6,21.8,0,9.2,22.7,44716.99
Turkey,26-08-2020,30.4,14.5,23.1,0,12.8,24.8,44527.14
Turkey,27-08-2020,29.9,13.7,22.4,0,15.1,31.7,44051.28
Turkey,28-08-2020,29.2,14.4,22.2,0,13.5,27,43827.65
Turkey,29-08-2020,31.7,15,23.3,0,14.8,30.6,43843.68
Turkey,30-08-2020,32.3,15.8,24.1,0,10.4,24.1,43737.38
Turkey,31-08-2020,32.1,18.6,25,0,11,24.8,43515.49
Turkey,01-09-2020,32.8,18.1,25.9,0,11.5,23.4,43179.31
Turkey,02-09-2020,33.6,18.5,26.9,0,14.4,31.3,42971.99
Turkey,03-09-2020,35.1,19.4,28.3,0,11.1,27.7,42743.22
Turkey,04-09-2020,36.2,21.1,28.6,0,27.8,54.4,42556.89
Turkey,05-09-2020,28.1,16,22.9,0,17.9,34.2,42355.34
Turkey,06-09-2020,27,15.4,21.3,0,12.9,31.3,42058.99
Turkey,07-09-2020,27.6,13.8,21.1,0,10.1,25.2,42061.93
Turkey,08-09-2020,28.6,17.5,22.8,0,15.8,32,41965
Turkey,09-09-2020,25.8,13.5,19.4,0,30.6,60.8,40990.56
Turkey,10-09-2020,28.1,12.4,20.1,0,14.1,30.2,41245.04
Turkey,11-09-2020,31.5,12.8,23.2,0,14.1,46.1,39845.23
Turkey,12-09-2020,33.1,19.2,25.9,0.1,23.8,49,39492.98
Turkey,13-09-2020,29.1,18.1,23.4,0,14.8,29.5,40368.72
Turkey,14-09-2020,28.4,15.4,21.5,0,19.3,37.8,40159.05
Turkey,15-09-2020,28.4,14,20.8,0,18.2,35.3,40154.96
Turkey,16-09-2020,28.6,12.3,20.3,0,15.5,30.2,40054.55
Turkey,17-09-2020,28.9,12.3,20.9,0,10.5,26.6,39960.99
Turkey,18-09-2020,29.6,15.3,23.1,0,15.1,32,39600
Turkey,19-09-2020,26.3,14.7,20.4,0,18.7,35.6,39686.91
Turkey,20-09-2020,27.6,12.3,19.5,0,20.9,40.7,39600
Turkey,21-09-2020,24.2,12.1,17.8,0.1,20.6,38.9,36000
Turkey,22-09-2020,23.7,11.1,17.3,0,12.9,25.2,38008.69
Turkey,23-09-2020,25,11.1,18.7,0,10.2,26.3,39600
Turkey,24-09-2020,26.4,13.9,20.6,0,11.6,24.8,39600
Turkey,25-09-2020,24.2,15.5,19.2,0.2,13.8,30.6,35367.03
Turkey,26-09-2020,24.5,12.2,18.3,0,17.2,35.3,39600
Turkey,27-09-2020,29.6,15,21.7,0,21.6,44.6,39600
Turkey,28-09-2020,28.3,14.4,22.1,0,16.5,32.8,39600
Turkey,29-09-2020,28.7,13.9,22.1,0,16.3,35.6,39516.66
Turkey,30-09-2020,24.2,14.7,19.1,0,13,28.8,39419.39
Turkey,01-10-2020,23.3,12.1,17.2,2.6,11.6,30.2,39267.7
Turkey,02-10-2020,21.4,11.1,15.6,5.5,12.6,28.4,39115.23
Turkey,03-10-2020,21,11.3,15.5,0,10.2,25.2,38962.09
Turkey,04-10-2020,21.6,8.4,15.2,0,13.8,29.5,38808.38
Turkey,05-10-2020,23.2,11,16.7,0,14,29.9,38654.19
Turkey,06-10-2020,25.4,13.6,19.4,0,18.4,36.4,38499.62
Turkey,07-10-2020,25.6,15.4,19.5,0,16.1,34.9,38344.8
Turkey,08-10-2020,27.1,12.6,19.9,0,11.1,24.5,37711.82
Turkey,09-10-2020,27.6,14.6,20,0,15.6,30.6,38034.79
Turkey,10-10-2020,26.3,15.6,20,0,22.7,45.4,37879.81
Turkey,11-10-2020,24.7,13.6,18.8,0,11.1,22,37725
Turkey,12-10-2020,25.5,10.7,18.2,0,10.8,21.2,37570.47
Turkey,13-10-2020,25.5,10.2,17.6,0,14.9,31.7,37416.34
Turkey,14-10-2020,25.4,11.8,18,0,11.3,24.5,37262.71
Turkey,15-10-2020,23.7,9.9,17,0,10.6,19.8,37109.72
Turkey,16-10-2020,23.5,13.1,17.3,0,10,19.4,36957.48
Turkey,17-10-2020,23.3,13.4,17.8,0,11.5,20.2,36806.12
Turkey,18-10-2020,24.7,10.2,17.1,0,12.6,26.3,34902.83
Turkey,19-10-2020,22,9.2,15.3,0.2,16.6,33.8,33086.25
Turkey,20-10-2020,18.6,10.8,14,1.6,10.1,32.4,25856.18
Turkey,21-10-2020,20.2,6.6,13.3,0,10.2,24.1,35625.2
Turkey,22-10-2020,22.6,7.5,14.6,0,9.8,22.3,35326.87
Turkey,23-10-2020,23.8,10.5,16.9,0,11.2,19.8,35248.07
Turkey,24-10-2020,23.5,10.3,16.5,0,12.5,21.2,34771.02
Turkey,25-10-2020,23,9,15.7,0,11.3,22.3,34893.06
Turkey,26-10-2020,23.3,9.7,16,0,14.5,28.4,34545.19
Turkey,27-10-2020,23.2,10.4,16.2,0,13.8,27.4,33784.64
Turkey,28-10-2020,23.1,12.7,17.3,0,21,41.8,31399.95
Turkey,29-10-2020,21.5,9.9,15,0,14.8,32,34300.18
Turkey,30-10-2020,20.4,8.1,13.7,0,16.7,36,33957.3
Turkey,31-10-2020,16.3,8.5,11.5,0.2,19.3,38.9,32573.53
Turkey,01-11-2020,15.6,5,9.8,0,17.3,36.7,33348.84
Turkey,02-11-2020,13.5,3.9,8.1,0.1,11,24.1,33110.77
Turkey,03-11-2020,15.2,2.9,8.7,0,9.9,21.2,33426.37
Turkey,04-11-2020,9.6,7.3,8.4,25.1,12.9,25.2,0
Turkey,05-11-2020,13.8,7.7,9.8,1.8,30.6,58.7,14605.15
Turkey,06-11-2020,10.8,4.6,8.6,0.2,22.7,44.6,12542.83
Turkey,07-11-2020,10.4,2.4,5.9,0,19.8,41.4,26977.16
Turkey,08-11-2020,14.2,0.2,6,0,13.2,29.9,32937.23
Turkey,09-11-2020,15.4,1.1,7.8,0,10.7,19.1,32835.81
Turkey,10-11-2020,13.5,3.4,8.1,0,12.6,25.2,32741.22
Turkey,11-11-2020,12.3,0.7,6.1,0,15.3,29.9,32717.94
Turkey,12-11-2020,10,0.4,4.2,0,9.7,20.5,32437.22
Turkey,13-11-2020,12,0.1,6.6,0,8.9,17.6,32513.68
Turkey,14-11-2020,12.2,0.4,5.9,0,11,18,32328.76
Turkey,15-11-2020,10.2,-1.5,4,0,11.5,24.5,32274.44
Turkey,16-11-2020,9.3,-0.8,4,0,9.4,18,32171.73
Turkey,17-11-2020,10.5,-0.4,4.9,0,10,15.1,32123.36
Turkey,18-11-2020,9.8,0.8,5,0,11.8,24.8,32039.45
Turkey,19-11-2020,8.6,-1.7,2.8,0,10.6,24.5,30437.41
Turkey,20-11-2020,9.5,1.3,4.4,2.2,12.4,23.8,22316.44
Turkey,21-11-2020,8.1,-0.3,3,0,12,22.7,26797.58
Turkey,22-11-2020,6.1,-2.3,0.9,0,10.3,23,31871.73
Turkey,23-11-2020,5.5,-4.3,-0.1,0,8.9,19.8,31827.63
Turkey,24-11-2020,9.4,-2.3,2.3,0,11.5,17.3,31725.69
Turkey,25-11-2020,8,-3.6,1.1,0,15.8,31.3,29617.37
Turkey,26-11-2020,5.9,-3.6,0.3,0,19.9,38.9,31531.72
Turkey,27-11-2020,8.4,-4.9,0.4,0,10.7,19.4,31440.08
Turkey,28-11-2020,9.8,-2.3,3.4,0,10.7,22.7,31352.25
Turkey,29-11-2020,8.6,-2.8,2.2,0,11.6,16.9,31268.39
Turkey,30-11-2020,9.3,-2.9,3.2,0,11.5,22.3,28654.92
Turkey,01-12-2020,9.2,1.8,4.5,0.7,11.2,17.3,29546.47
Turkey,02-12-2020,10.6,1.1,5,0,10.6,22,31034.4
Turkey,03-12-2020,11.1,1.5,4.9,0,10.6,21.2,30962.21
Turkey,04-12-2020,11.1,1.4,5,0,13.5,25.6,30893.11
Turkey,05-12-2020,10.3,-0.6,4.1,0,10.7,20.2,30827.2
Turkey,06-12-2020,7.5,-2.7,2.5,0,10.8,15.8,30764.59
Turkey,07-12-2020,9.6,-1.6,2.1,0,12.6,25.2,30705.38
Turkey,08-12-2020,9.8,1.9,4.8,13.1,14.4,36.7,13334.37
Turkey,09-12-2020,7.8,-0.7,2.8,0,9.7,16.9,30597.61
Turkey,10-12-2020,9.7,-1.2,2.8,0,13,25.2,30549.26
Turkey,11-12-2020,10.5,-0.1,4.2,0.6,14.8,29.2,18202.25
Turkey,12-12-2020,10.4,3.4,6.4,0.3,17.1,34.2,18729.14
Turkey,13-12-2020,10.6,4.5,6.9,1,21.9,41,4921.44
Turkey,14-12-2020,10.2,4.5,7,2.7,33.7,65.5,6700.43
Turkey,15-12-2020,8.7,4.9,6.2,4.4,28,62.6,14439.28
Turkey,16-12-2020,9.4,-0.1,4.6,0.2,12.8,27.4,30343.11
Turkey,17-12-2020,6.4,-2.2,1.6,0,9.4,15.1,27590.67
Turkey,18-12-2020,6.1,-3.4,1,0,9.8,19.1,29553.21
Turkey,19-12-2020,4.5,-4.3,0.5,0,10.6,23,30298.54
Turkey,20-12-2020,5.7,-3.9,1,0,8.9,18.7,30292.99
Turkey,21-12-2020,5.6,-4.2,0.6,0.3,8.9,16.2,23391.46
Turkey,22-12-2020,4.2,-2,0.8,0.1,10.4,21.2,23493.79
Turkey,23-12-2020,1.3,-5.3,-2.2,0,12.8,27.7,30302.32
Turkey,24-12-2020,2,-6.8,-2.6,0,7.4,19.1,29835.38
Turkey,25-12-2020,7.5,-4.6,0.8,0,11.8,25.6,30329.73
Turkey,26-12-2020,8.8,-1,2.3,0,9.5,20.2,30349.63
Turkey,27-12-2020,9.1,-1.5,2.6,0,11.2,22,30373.61
Turkey,28-12-2020,9.8,0.6,3.9,0,12.9,23.4,29276.74
Turkey,29-12-2020,9,-1,3.5,0,11.2,22.7,21287.87
Turkey,30-12-2020,9.6,-0.7,3.3,0,12,23.4,30469.34
Turkey,31-12-2020,10.2,0.3,4.4,0,13.3,25.9,30508.99
Turkey,01-01-2021,9,-1.5,3.5,0,10.2,19.4,28662.56
Turkey,02-01-2021,9.4,-0.6,3.1,0,11.4,18,30599.52
Turkey,03-01-2021,9.5,-1.2,4.3,0,10.9,17.3,30650.25
Turkey,04-01-2021,9.4,-1.4,2.9,0,11.5,23.8,30013.05
Turkey,05-01-2021,9.7,0.4,4.3,0.9,15.1,27.7,30193.86
Turkey,06-01-2021,9.7,1.1,4.7,0.7,11.6,25.9,29758.32
Turkey,07-01-2021,10.6,0.1,3.9,0,13,24.8,30720.54
Turkey,08-01-2021,10,0.6,3.7,0,11.3,22,28181.23
Turkey,09-01-2021,11.4,-0.2,4.5,0,12.3,22.3,30742.66
Turkey,10-01-2021,12.5,2,6.8,0.1,16.4,33.5,30757.32
Turkey,11-01-2021,16.6,6.2,9.9,1.8,23.1,55.8,20628.97
Turkey,12-01-2021,17.1,8.5,11.4,0,25.3,52.6,30793.52
Turkey,13-01-2021,11.3,1.4,7.8,16.2,29.2,75.6,2058.25
Turkey,14-01-2021,6.1,-1.3,1.5,1.9,11.9,27.4,21600
Turkey,15-01-2021,5.3,-3.8,0.2,5.8,22,43.9,8600.79
Turkey,16-01-2021,4.3,-1.2,0.9,6.4,8.6,25.9,0
Turkey,17-01-2021,3.9,-2.8,0.5,2.3,21.5,46.1,12614.43
Turkey,18-01-2021,-2.2,-8.6,-5.3,0.2,19.3,39.2,20520
Turkey,19-01-2021,-3.7,-11.2,-8.2,0,10.2,18.7,31596.38
Turkey,20-01-2021,-3.2,-11.5,-8.3,0,12.8,29.5,31656.14
Turkey,21-01-2021,0,-10.3,-5.6,0,9.7,19.1,31715.55
Turkey,22-01-2021,3.6,-5.5,-2.5,0,12.2,22.7,31969.68
Turkey,23-01-2021,4.7,-5.6,-2,0,13.3,24.8,32138.53
Turkey,24-01-2021,7.1,-4,-0.3,0,14,25.2,31574.75
Turkey,25-01-2021,7.8,-2.5,1.5,0,14.1,28.4,27629.73
Turkey,26-01-2021,10.1,-0.1,3.3,0,15.7,31,32100.04
Turkey,27-01-2021,10.2,1,4.5,0.3,31.7,61.9,19680.13
Turkey,28-01-2021,4.1,-1.5,1.5,5.5,21.6,69.8,31642.99
Turkey,29-01-2021,1.8,-5.7,-2,0.8,14,29.2,23796.01
Turkey,30-01-2021,6.4,-6.3,-0.8,3.6,21.6,58,26726.33
Turkey,31-01-2021,5.7,-0.6,2.2,7.1,16,46.1,11971.82
Turkey,01-02-2021,9.9,-1.3,3.3,0,12.1,26.6,33518.07
Turkey,02-02-2021,11.8,0.9,5.2,0,16.9,30.6,33653.11
Turkey,03-02-2021,10.9,1.7,5.6,0.9,12.7,25.2,24692.89
Turkey,04-02-2021,11.4,1.6,5.8,0,13.5,24.1,33928.94
Turkey,05-02-2021,10.1,0.5,4.7,0,17.7,37.1,34069.38
Turkey,06-02-2021,11.9,-1.1,4.2,0,13.2,29.2,34211.27
Turkey,07-02-2021,15.3,1.2,6.6,0,18.1,36.7,34220.61
Turkey,08-02-2021,15.6,3.9,8.5,0.1,20.4,37.8,24851.73
Turkey,09-02-2021,15.7,4.4,8.9,0,21.7,42.5,34643.98
Turkey,10-02-2021,12.3,1.1,6,0,23.7,48.6,34790.02
Turkey,11-02-2021,14.1,0.6,5.9,0,15.2,31.3,34936.7
Turkey,12-02-2021,13.2,0.9,6.1,0.9,26.4,52.9,35083.87
Turkey,13-02-2021,6.1,-2.8,1.7,0,17.1,33.5,35215.57
Turkey,14-02-2021,13.4,-1.4,4.8,0,18.6,38.9,34061.29
Turkey,15-02-2021,11.9,-2,4.8,0.1,21.7,45,32261.77
Turkey,16-02-2021,-3.2,-8.3,-5.8,15.7,20.2,60.5,3287.2
Turkey,17-02-2021,-6.9,-16.3,-9.2,3.2,25.7,50,17724.78
Turkey,18-02-2021,-8.2,-16.9,-12.8,0,12.2,20.5,35571.18
Turkey,19-02-2021,-4.4,-13.5,-8.2,1.5,10.8,19.4,11311.16
Turkey,20-02-2021,-5.3,-15.4,-9.5,0,12.1,18,35710.75
Turkey,21-02-2021,-2.3,-16.7,-9,0,11.5,18.4,35780.12
Turkey,22-02-2021,1.5,-10.4,-5,0,8.9,13.3,35879.94
Turkey,23-02-2021,5.1,-10,-1.6,0,10.9,18.7,36012.94
Turkey,24-02-2021,8.1,-2.1,2.4,0,16.6,33.8,36155.09
Turkey,25-02-2021,6,-3.2,0.8,0,17.8,37.1,36086
Turkey,26-02-2021,7.3,-4.9,0.7,0,10.5,23,36254.54
Turkey,27-02-2021,9.1,-3.3,3.5,0,7.9,15.8,36441.42
Turkey,28-02-2021,10.7,-1.7,3.4,1.1,23.1,44.6,32854.07
Turkey,01-03-2021,4.3,-3,0.1,0.2,15.6,36.4,36000
Turkey,02-03-2021,6,-5.6,-0.1,0,11,25.6,36779.76
Turkey,03-03-2021,9.6,-3.7,1.8,0,18.2,36,36793.7
Turkey,04-03-2021,6.7,-5.4,0.3,0,12.4,25.9,37150.84
Turkey,05-03-2021,11.4,-3.8,3.8,0,11,26.3,37409.64
Turkey,06-03-2021,13.5,0,6.2,0.2,21.2,42.8,33474.14
Turkey,07-03-2021,8.4,1.3,4.4,2.4,17.4,39.6,20936.91
Turkey,08-03-2021,6.4,-1.9,1.5,0.2,15.1,33.1,36590.74
Turkey,09-03-2021,9.7,-3.4,2.5,0,14.9,33.1,37776.11
Turkey,10-03-2021,12.1,-1.5,5.6,6.1,12,28.1,37003.69
Turkey,11-03-2021,11.1,-0.5,5.9,10.9,31,61.2,35871.79
Turkey,12-03-2021,1.5,-4.7,-2.1,0.9,27.8,54.4,36162.64
Turkey,13-03-2021,10.1,-6.1,2.8,0,10,23.4,38515.6
Turkey,14-03-2021,13.5,0.2,6.9,0.3,11.7,25.9,31658.16
Turkey,15-03-2021,8.6,3.5,6.2,0.6,16.3,32.4,3303.7
Turkey,16-03-2021,8.6,1.9,5.3,4.9,36.2,74.5,32051.55
Turkey,17-03-2021,5.8,-0.2,2.2,9.7,26.3,63.4,0
Turkey,18-03-2021,6.8,-1.8,1.7,0.5,18.1,46.1,35336.54
Turkey,19-03-2021,9.3,-2.2,3.4,0,20.7,40.3,33630.69
Turkey,20-03-2021,9.8,2.2,5.8,0.2,15.2,32.8,23249.49
Turkey,21-03-2021,14.4,3.5,8.9,0.2,21.8,43.9,36411.37
Turkey,22-03-2021,16.7,4.3,9.5,3.8,24.8,49.7,21636.97
Turkey,23-03-2021,14.2,5,10.3,8.7,25.6,65.9,20049.12
Turkey,24-03-2021,4.1,-0.9,1.4,5.9,22.8,55.1,23198.31
Turkey,25-03-2021,-0.6,-8.8,-3.2,3.7,24.5,47.2,14231.97
Turkey,26-03-2021,0.1,-7.4,-3.6,1,18.7,40.7,31290.58
Turkey,27-03-2021,4.7,-4,-0.6,0.6,23.6,48.2,26098.07
Turkey,28-03-2021,8,-3.9,1.4,0,11.4,25.2,41182.75
Turkey,29-03-2021,10,-1.8,4.6,0,8.7,21.6,40150.4
Turkey,30-03-2021,9.5,-0.9,4,0.8,15.4,29.5,40411.7
Turkey,31-03-2021,12.3,-0.6,5.6,2,19,46.8,23772.2
Turkey,01-04-2021,10,1.4,4.8,6.5,15,29.9,31548.72
Turkey,02-04-2021,9.1,0,4,1,11,28.8,39862.86
Turkey,03-04-2021,12.4,0.3,6.3,0,17.8,37.8,41809.7
Turkey,04-04-2021,14.9,2.3,8.4,0.1,27.8,54,40829.29
Turkey,05-04-2021,19,6.6,11.6,0.9,29.8,59.4,29845.61
Turkey,06-04-2021,18.2,6.9,12.2,0,18.7,45,17644.96
Turkey,07-04-2021,22.7,9.6,15.3,0,27.1,53.3,42146.91
Turkey,08-04-2021,21.2,5.5,12.9,0,21.9,45.4,42447.96
Turkey,09-04-2021,8.4,-0.8,4.3,2.3,24.9,47.9,19196.33
Turkey,10-04-2021,1.8,-2.2,-0.7,9.5,33.4,64.4,0
Turkey,11-04-2021,0.8,-2.1,-0.9,14.7,23,50.8,0
Turkey,12-04-2021,6.2,-2.2,1.6,0.6,8.3,18.4,31149.6
Turkey,13-04-2021,7.5,-0.2,3.7,0,7.1,19.1,36507.72
Turkey,14-04-2021,13.8,-0.9,6.6,0.2,16.3,32.8,40008.17
Turkey,15-04-2021,15.5,4.9,10.1,0,14.5,34.6,42780.79
Turkey,16-04-2021,18,5.8,12.1,0,14.8,31.7,31375.59
Turkey,17-04-2021,19.6,7.3,13.7,0,16.7,36.7,22451.6
Turkey,18-04-2021,18.1,12,14.4,1.5,16.9,53.6,12098.41
Turkey,19-04-2021,20.8,11,15.4,1,15.3,55.8,10721.26
Turkey,20-04-2021,21.2,11.4,16.6,0.1,21.2,43.6,39782.51
Turkey,21-04-2021,17.2,5.8,11.7,0,14.4,28.8,44885.33
Turkey,22-04-2021,15.8,5.9,10.7,0,16.2,34.6,44811.96
Turkey,23-04-2021,18.7,3.3,12.4,0,11,24.8,45562.04
Turkey,24-04-2021,20.7,6.6,15,0,14.4,28.4,45694.47
Turkey,25-04-2021,19.9,6.8,14,0,17.8,38.9,40767.48
Turkey,26-04-2021,17.5,6.4,10.8,10.1,26.8,50.8,31139.66
Turkey,27-04-2021,16.2,2.5,9.9,0,10.1,29.9,46029.94
Turkey,28-04-2021,24.1,7.2,16.1,0,23.5,45.4,39529.71
Turkey,29-04-2021,24.6,13.1,18.5,1.4,27.1,68,38868.61
Turkey,30-04-2021,19.3,11.6,15.4,3.9,19.6,41,28805.32
Turkey,01-05-2021,21.7,7.5,15.2,0.1,21.5,45,46317.43
Turkey,02-05-2021,23.9,10.1,16.9,0,17.1,36,35518.55
Turkey,03-05-2021,26.4,12.9,19.7,0,20.3,40.7,46453.55
Turkey,04-05-2021,21.9,11.4,17.1,0.9,21.8,46.8,39640.39
Turkey,05-05-2021,19.8,7.4,13.7,0,11.2,22.7,46583.74
Turkey,06-05-2021,20,9.7,13.8,2.2,21,44.6,20682.1
Turkey,07-05-2021,19.7,7.5,13.8,0,10.8,27.7,46707.31
Turkey,08-05-2021,25.5,9.7,17.9,0.1,18.4,40,41426.52
Turkey,09-05-2021,18.2,5.3,11.7,0.7,26.7,52.9,36000
Turkey,10-05-2021,13.9,0.7,7.3,0,17.7,39.6,46800
Turkey,11-05-2021,17.2,1.9,9.9,0,10.6,27.4,46800
Turkey,12-05-2021,22.9,7.1,15.1,0,12.8,26.3,46800
Turkey,13-05-2021,25.7,10.4,17.9,0,13.3,28.4,46800
Turkey,14-05-2021,26.7,11.3,19.3,0,12.7,25.6,46809.55
Turkey,15-05-2021,26.8,11.2,20.2,0,12.1,24.5,46803.27
Turkey,16-05-2021,23.8,11.9,18.4,1.1,18.5,37.8,46800
Turkey,17-05-2021,19.8,10.2,15.1,0.6,22.5,44.6,46800
Turkey,18-05-2021,24.9,9.1,17.4,0,21.5,42.1,46969.89
Turkey,19-05-2021,22.2,11.6,17.7,0,16.1,34.6,47064.54
Turkey,20-05-2021,30.8,12.2,21.1,0,25,48.6,47064.7
Turkey,21-05-2021,30,13,21.5,0,32,61.6,47064.36
Turkey,22-05-2021,18.3,9.8,13.5,2.3,18.7,40,37317.96
Turkey,23-05-2021,14.4,8.2,11,3.5,20,40.7,18541.84
Turkey,24-05-2021,19.4,7,12.9,0,20.2,43.2,38789.31
Turkey,25-05-2021,23.2,9,16.2,0,16,35.6,47393.59
Turkey,26-05-2021,25.1,10.5,18.6,0,11.9,27.7,47397.75
Turkey,27-05-2021,26.4,13.1,20,0,11,27,47169.68
Turkey,28-05-2021,26.5,13.5,20.5,0.1,16.9,37.1,46815.4
Turkey,29-05-2021,19.9,11.9,16,2.2,24.2,49,33978.91
Turkey,30-05-2021,22.4,9.6,16.5,0,7.6,19.4,47774.34
Turkey,31-05-2021,23.5,13.4,17.8,2,24.7,51.5,47305.42
Turkey,01-06-2021,19.6,11.6,15.2,18.4,19,41.4,44317.29
Turkey,02-06-2021,15.7,7.9,11.8,5.3,22,54.4,47934.93
Turkey,03-06-2021,17.7,5.6,12.3,0,17.5,37.8,47811.92
Turkey,04-06-2021,17,6.9,12.3,0,10.3,25.2,43364.07
Turkey,05-06-2021,16.1,7.4,12,0.1,13.2,30.6,47445.85
Turkey,06-06-2021,18.5,8.6,13.4,0,11.3,26.6,47742.01
Turkey,07-06-2021,22.9,8.8,16.4,0,12.7,28.4,48449.47
Turkey,08-06-2021,23.9,11.1,18,0.5,22.3,45.4,47507.5
Turkey,09-06-2021,22.2,11,16.6,1.6,19.2,40,47418.43
Turkey,10-06-2021,21.7,10.4,16.3,0,11.9,27.4,45426
Turkey,11-06-2021,21.7,11.9,17,0.6,7.6,20.2,47833.74
Turkey,12-06-2021,21.7,11.3,16.6,0.1,9.2,23.4,48254.72
Turkey,13-06-2021,22.8,10.4,17.4,0,9.3,24.1,48915.56
Turkey,14-06-2021,25.9,12.9,18.6,1.9,23,51.5,47928.38
Turkey,15-06-2021,23.9,11.1,17.3,0,15.5,35.6,49102.68
Turkey,16-06-2021,23.5,11.3,16.1,0.5,31.2,62.6,48273.62
Turkey,17-06-2021,21.5,10.3,15.5,0,22.4,44.6,48854.46
Turkey,18-06-2021,23.2,11.3,17.5,0,9.5,24.1,49157.3
Turkey,19-06-2021,25.5,12.4,19.5,0,10.5,26.6,49260.72
Turkey,20-06-2021,28.6,14.3,22,0,18,36.4,49187.7
Turkey,21-06-2021,27.4,15.1,21.9,0,13.9,30.2,48669.37
Turkey,22-06-2021,24.6,15.3,19.7,0.4,19.5,41.8,48576.81
Turkey,23-06-2021,25.2,12.5,19.2,0.1,17.1,37.1,48737.56
Turkey,24-06-2021,24.9,14.5,20.4,0.2,14.6,33.5,48593.73
Turkey,25-06-2021,25.3,15.4,20.3,0.3,19.1,38.9,48744.28
Turkey,26-06-2021,25.3,13.4,19.6,0.1,15,32.4,48451.62
Turkey,27-06-2021,28.3,14,20.9,0,18.4,36,49171.54
Turkey,28-06-2021,27,14.4,21.3,0,18.1,36.7,48603.59
Turkey,29-06-2021,27.7,13.9,21,0,22,45.4,49178.04
Turkey,30-06-2021,29.2,12.6,21.4,0,17.3,33.5,49178.65
Turkey,01-07-2021,29.7,14.6,22.8,0,14.6,33.8,49177.36
Turkey,02-07-2021,32.2,17.3,25.8,0,14.6,32.4,49174.12
Turkey,03-07-2021,33.4,19.6,26.1,0,24.6,47.9,48606.41
Turkey,04-07-2021,24,16.2,19.3,3.2,24,47.9,47193.27
Turkey,05-07-2021,24.7,11.5,18.9,0,11.7,30.6,49114.74
Turkey,06-07-2021,26.1,16.1,21.5,0,13.8,31.3,48999.45
Turkey,07-07-2021,26.2,14.5,21.1,0,11.1,26.6,47441.84
Turkey,08-07-2021,29.2,16.5,23.4,0,19.8,39.6,48841.96
Turkey,09-07-2021,28,15.5,22,0,18.1,38.5,48835.07
Turkey,10-07-2021,25.4,13.9,20.4,0,20,44.6,44588.19
Turkey,11-07-2021,27.2,13.6,20.9,0,16.9,36,49007.42
Turkey,12-07-2021,29.2,16.4,23.1,0,14.3,32,48983.34
Turkey,13-07-2021,30.1,18.1,24.4,0,18.7,39.2,48957.54
Turkey,14-07-2021,28.5,15.9,22.4,0,21.9,46.1,48930.04
Turkey,15-07-2021,27.8,14.6,21.6,0,31.4,61.2,48900.86
Turkey,16-07-2021,30.6,15.7,23.2,0,19.4,37.8,47811.84
Turkey,17-07-2021,32.5,16.9,25.4,0,16.7,32.4,48837.49
Turkey,18-07-2021,34.9,20.2,28.8,0,12.6,30.2,48606.55
Turkey,19-07-2021,35,20,28.2,0,11.2,25.2,48767.57
Turkey,20-07-2021,35.4,19.3,28.2,0,13.3,28.1,48730.19
Turkey,21-07-2021,32.6,19.8,26.3,0,19.1,39.6,48047.62
Turkey,22-07-2021,28.6,18.2,23.6,0,22.7,48.2,48292.8
Turkey,23-07-2021,25.8,15.8,20.9,0,21.3,40.7,46635.68
Turkey,24-07-2021,26.9,13.2,19.6,0,26.8,51.8,41296.16
Turkey,25-07-2021,26.7,12.2,20.1,0,18.9,38.5,47890.59
Turkey,26-07-2021,27.9,15.3,21.7,0,16.3,34.6,47473.35
Turkey,27-07-2021,26.7,15.2,21,0,23.7,45.7,47185.56
Turkey,28-07-2021,26.5,14.9,20.3,0,30.6,61.9,47594.29
Turkey,29-07-2021,26.8,12.6,19.8,0,25.2,52.2,47420.51
Turkey,30-07-2021,28.5,13.3,21,0,24.6,48.6,47140.57
Turkey,31-07-2021,29.3,14,22,0,22.9,47.5,47083.44
Turkey,01-08-2021,29.1,14.1,22.2,0,18,38.9,47024.68
Turkey,02-08-2021,29.5,13.7,22.1,0,17.4,35.3,46762.86
Turkey,03-08-2021,30.5,14.8,23.4,0,15.9,37.1,46609.77
Turkey,04-08-2021,31.5,15.8,24.6,0,18.4,38.5,46556.03
Turkey,05-08-2021,31.9,15.9,24.6,0,16.2,36.7,46410.54
Turkey,06-08-2021,32.5,20.2,26.3,0,11,23.8,46271.2
Turkey,07-08-2021,30.2,17.6,23.5,3.1,18.5,46.4,34730.4
Turkey,08-08-2021,23.5,15,18.9,3.8,15,39.6,43200
Turkey,09-08-2021,23.6,14.7,18.7,1.5,18.2,38.5,43537.48
Turkey,10-08-2021,22.1,13.4,17.7,7.4,20,40.3,42921.16
Turkey,11-08-2021,19.5,14.9,16.5,15,15.9,35.6,917.39
Turkey,12-08-2021,23,14.7,18.3,0.5,17.3,36,38248.45
Turkey,13-08-2021,23.5,13.7,18.6,0.8,22.3,44.3,44245.38
Turkey,14-08-2021,21.2,13.2,16.9,0,25.4,48.6,18174.54
Turkey,15-08-2021,22.7,10.2,16.5,0,20.2,40.3,45642.51
Turkey,16-08-2021,24,10.3,17.3,0,16.6,36.4,45591.71
Turkey,17-08-2021,26.7,10.6,19,0,13.3,30.6,45540.89
Turkey,18-08-2021,28.2,15.6,22.3,0,11.5,28.8,45489.95
Turkey,19-08-2021,29,15.6,22.8,0,16.4,35.3,45438.91
Turkey,20-08-2021,27.5,13.8,21.1,0,14.3,30.6,45387.77
Turkey,21-08-2021,28.3,12.9,21.1,0,17.3,33.8,45288.87
Turkey,22-08-2021,28.5,14.3,21.2,0,21.3,41,45154.79
Turkey,23-08-2021,27.2,13.2,20.1,0,23.7,45.7,43808.61
Turkey,24-08-2021,27.2,13.4,20.3,0,14.1,32.4,44369.22
Turkey,25-08-2021,28.6,13.6,21.9,0,11.2,28.4,44653.5
Turkey,26-08-2021,30.8,15.8,24.4,0,10.6,24.1,44422.36
Turkey,27-08-2021,32.9,19.3,26.9,0,11,22.3,44193.79
Turkey,28-08-2021,34.6,18.2,27.5,0,10.5,20.9,43967.98
Turkey,29-08-2021,34.2,19.2,27.1,0,15.5,30.2,43745.08
Turkey,30-08-2021,32.3,17.7,25.5,0,9.7,22.7,43642.08
Turkey,31-08-2021,31.1,17.1,24.6,0,15.6,31.7,43308.83
Turkey,01-09-2021,29.5,17.2,23.7,0,21.6,48.2,42983.69
Turkey,02-09-2021,22.8,15.8,19.1,3.7,18.9,42.5,42107.68
Turkey,03-09-2021,22,11.7,16.5,0,22.5,46.4,42681.4
Turkey,04-09-2021,22.1,8.1,15.6,0,12.8,31.3,42690.09
Turkey,05-09-2021,23.5,8.7,16.4,0,21.2,40.3,42487.97
Turkey,06-09-2021,22.7,9,15.3,0,27.9,52.9,42289.07
Turkey,07-09-2021,22.2,8.3,14.9,0,19.2,37.1,42093.57
Turkey,08-09-2021,25.1,8,16.2,0,16.6,32.4,41901.77
Turkey,09-09-2021,26.4,9.9,18.3,0,12.9,25.2,41805.4
Turkey,10-09-2021,27.4,14.4,20.8,0,18.4,37.1,41010.93
Turkey,11-09-2021,22.6,13.2,17.9,0,12.5,29.9,40438.29
Turkey,12-09-2021,24.6,12.1,18.3,0,15.6,34.2,40883.73
Turkey,13-09-2021,25.3,14.9,19.8,0,14.2,30.2,40642.11
Turkey,14-09-2021,26.9,12.3,20.3,0,18.1,38.2,39924.45
Turkey,15-09-2021,23.3,13.2,17.3,5.4,16.7,40.3,37905.49
Turkey,16-09-2021,18,12.2,14.6,7.9,21.1,42.5,36220.54
Turkey,17-09-2021,19.1,9.1,13.5,0,14.5,29.2,31509.69
Turkey,18-09-2021,20.3,8.9,14.6,0,9.6,23,39844.11
Turkey,19-09-2021,23.2,11.9,17.2,0,17.7,37.8,39685.89
Turkey,20-09-2021,22.5,13,17.9,0.1,22,44.6,39620.05
Turkey,21-09-2021,25.5,14.2,19.3,0,17.2,36,39600
Turkey,22-09-2021,17.3,10.1,14,7.2,17.7,41.4,38449.12
Turkey,23-09-2021,14.8,8.1,10.5,10.5,16.6,35.6,24364.82
Turkey,24-09-2021,13.3,5,8.8,0,14.9,31.3,39600
Turkey,25-09-2021,17.2,4.4,10.6,0,15.5,34.2,38142.84
Turkey,26-09-2021,18.8,6.5,12.3,0,11.4,22.3,39600
Turkey,27-09-2021,20.7,9.1,14.1,0,12.4,24.8,39600
Turkey,28-09-2021,19.7,8.1,13.4,0,12.8,26.6,39600
Turkey,29-09-2021,18.3,6.2,12.2,0,15.3,31,38219.12
Turkey,30-09-2021,16.1,7.1,10.9,0,17,38.5,30981.38
Turkey,01-10-2021,16.1,4.6,10.2,0,12.6,25.6,39305.04
Turkey,02-10-2021,18,4.1,10.9,0,13.4,27.4,39150.45
Turkey,03-10-2021,16.5,6,10.7,0,18.4,37.1,38995.59
Turkey,04-10-2021,15.9,5,9.9,0,13.8,29.5,38650.5
Turkey,05-10-2021,14.6,4.5,9.8,0,17.1,34.6,37108.25
Turkey,06-10-2021,13.8,3,7.9,0,18.2,35.6,38530.37
Turkey,07-10-2021,16.3,4.1,9.5,0,10.5,21.2,38375.43
Turkey,08-10-2021,19.1,6,12.1,0,10.9,17.3,38220.75
Turkey,09-10-2021,21.7,6.7,14,0,10.9,20.5,38066.42
Turkey,10-10-2021,23.1,8.4,16.6,0,10.5,20.2,37912.55
Turkey,11-10-2021,22.7,8.7,16.5,0,11,19.8,37759.27
Turkey,12-10-2021,23.3,8.3,16.2,0,11.2,24.8,37606.68
Turkey,13-10-2021,21.1,11.4,15.1,0,24.6,47.5,37454.89
Turkey,14-10-2021,21.5,7.7,14.6,0,11.5,25.2,37304.04
Turkey,15-10-2021,21.5,8.3,14.7,0,10,15.8,37153.94
Turkey,16-10-2021,23.1,8.5,15.5,0,18.8,36,36933.74
Turkey,17-10-2021,17.5,8.6,13,0.2,17.1,34.9,35952.08
Turkey,18-10-2021,14.3,6.4,10,0,10,24.1,33501.82
Turkey,19-10-2021,15.1,4,9.4,0,16.1,30.2,35803.71
Turkey,20-10-2021,13,2.8,7.4,0,15.7,31.7,35957.54
Turkey,21-10-2021,15.5,1,8.3,0,9.4,15.1,35868.54
Turkey,22-10-2021,17.9,3.3,11.3,0,10.4,18.7,35668.17
Turkey,23-10-2021,17.8,2.7,11.6,0,10.5,18.4,35472.85
Turkey,24-10-2021,17.6,3.1,10.6,0,13.1,24.5,35083.56
Turkey,25-10-2021,10.7,1.9,6.8,0,22.3,41.4,14717.33
Turkey,26-10-2021,12.2,-3.6,3.9,0,11.2,25.9,34921.33
Turkey,27-10-2021,17,1.5,8.7,0,10.2,19.1,34578.57
Turkey,28-10-2021,15.3,4.2,9,1.6,10.1,21.6,32879.76
Turkey,29-10-2021,11.4,2.3,6.4,0,15.8,30.6,15581.07
Turkey,30-10-2021,14.1,0.5,7.3,0,9.5,19.4,34084.24
Turkey,31-10-2021,16.9,4.3,10.5,0,11.4,27,33245.23
Turkey,01-11-2021,18.7,8.4,12.4,0.6,23.4,49.7,29404.44
Turkey,02-11-2021,16.6,9.1,12.1,0.7,12.6,31,10455.24
Turkey,03-11-2021,15.9,6.9,10.8,0,11.3,22.7,10675.24
Turkey,04-11-2021,17.1,6.5,11.9,0,8.6,19.1,32987.7
Turkey,05-11-2021,17.7,3.4,10.8,0,10.9,19.1,32876.74
Turkey,06-11-2021,16.3,3.4,9.4,0,9.9,20.9,33165.25
Turkey,07-11-2021,16.9,1.8,9,0,13.4,25.9,33050.4
Turkey,08-11-2021,18,7,11.9,0,7.3,15.8,32400
Turkey,09-11-2021,18.3,5.5,11,0,11.4,19.1,32839.12
Turkey,10-11-2021,8.2,-0.7,4.3,10.3,33.4,70.6,4643.46
Turkey,11-11-2021,5.2,-3.2,0.2,0,18,34.9,29847.57
Turkey,12-11-2021,6.9,-6.3,-0.1,0,9.2,17.3,32451.07
Turkey,13-11-2021,12.8,-1.6,5.4,0,11,16.6,32527.98
Turkey,14-11-2021,14,0.7,7.4,0,11,19.1,32237.86
Turkey,15-11-2021,12.1,0.8,6.6,0,11.4,21.6,32185.75
Turkey,16-11-2021,8.3,-2.9,2.2,0,11.3,22.3,32228.89
Turkey,17-11-2021,12.9,-2.1,5.7,0,9.4,16.6,32130.34
Turkey,18-11-2021,13.2,1.2,7.3,0,12.7,19.4,32044.59
Turkey,19-11-2021,12,0.7,5.5,0,13.8,25.9,31996.22
Turkey,20-11-2021,7.4,1.9,3.9,0.5,18.8,34.2,6847.68
Turkey,21-11-2021,9.8,-1.7,3.5,0,8.7,17.6,31914.01
Turkey,22-11-2021,12.2,0.5,5.8,0,11.6,23,31876.35
Turkey,23-11-2021,13.6,2.1,7.4,0.6,13,25.6,28800
Turkey,24-11-2021,10.5,5.2,7.5,1.3,13.1,25.2,4945.16
Turkey,25-11-2021,5.8,2.2,3.7,5.8,12.1,21.6,2838.73
Turkey,26-11-2021,10.4,-0.9,4.2,0,10.2,22.7,31564.74
Turkey,27-11-2021,14.8,4.1,8.2,9.8,21.9,41.8,9643.25
Turkey,28-11-2021,14.9,7.4,9.8,2,19.7,40.7,20899.48
Turkey,29-11-2021,19,7.1,11.8,0,20.2,39.6,31048.89
Turkey,30-11-2021,18.3,8.5,12.1,0.3,33,64.4,24458.29
Turkey,01-12-2021,7.2,0.9,3.5,3.7,19.5,40.7,28402.87
Turkey,02-12-2021,5,-4.1,0.3,0,9.8,20.5,31053.54
Turkey,03-12-2021,9.5,-1.7,2.4,0,11.3,24.5,30978.56
Turkey,04-12-2021,10.4,-0.8,3.9,0.3,13.5,27.4,24504.54
Turkey,05-12-2021,11.4,1.8,6,0,14.8,27,30838.58
Turkey,06-12-2021,12.3,1,5.4,0,11.3,21.2,30773.86
Turkey,07-12-2021,12.5,1.8,6.9,0,37,66.6,30712.82
Turkey,08-12-2021,9.5,3.3,5.8,8.6,35.5,67.3,22942.57
Turkey,09-12-2021,7.5,-0.2,3.7,0.6,13.8,28.4,30602.39
Turkey,10-12-2021,11.7,-0.2,4.1,0,13.8,26.3,30553.26
Turkey,11-12-2021,12.3,0.4,5.7,0,14.3,25.9,30508.36
Turkey,12-12-2021,13.9,2.7,6.8,0,14.5,26.3,30467.84
Turkey,13-12-2021,14.6,3,8.1,0,16.8,29.2,21294.89
Turkey,14-12-2021,12.4,6.1,9.2,2.3,21.1,40,0
Turkey,15-12-2021,10.6,3.1,6.1,3.8,17.7,46.4,28230.3
Turkey,16-12-2021,5.2,-0.4,3.1,3.2,11,22,10948.43
Turkey,17-12-2021,4.3,-1.1,1.1,2.7,14.1,27.4,300.8
Turkey,18-12-2021,2.9,-3.6,-0.8,0.7,8.3,17.6,25458
Turkey,19-12-2021,5,-2.4,1.6,10.2,18.8,33.8,7852.6
Turkey,20-12-2021,5,-2.8,1.5,0.7,10.8,24.1,20712.07
Turkey,21-12-2021,0.6,-5.2,-2.5,2.1,20.8,42.1,20221.28
Turkey,22-12-2021,-1.7,-8.1,-5.7,0,8.9,20.2,30299.23
Turkey,23-12-2021,-2.4,-8.3,-6.2,0,10.4,22.7,24993.83
Turkey,24-12-2021,-2.5,-9.7,-6.8,0,8.9,20.2,30314.53
Turkey,25-12-2021,5.2,-7.5,-2.6,0,11.7,24.5,30328.22
Turkey,26-12-2021,6.3,-5.1,-1.2,0,12.5,27,30345.91
Turkey,27-12-2021,6.7,-2,1,0,10.1,20.5,30367.58
Turkey,28-12-2021,6.8,-1.8,1.2,0,13.9,24.5,30207.51
Turkey,29-12-2021,7.1,-2.2,1.2,0,13.3,24.5,30422.76
Turkey,30-12-2021,7.7,-1.9,2,0,16,29.2,30456.22
Turkey,31-12-2021,7,-2.2,1.2,0,11.6,21.2,30493.55
Turkey,01-01-2022,7.2,-2.1,1.9,0,10.4,20.9,18416.12
Turkey,02-01-2022,5.9,-2.4,2,5.2,24.8,49.3,17870.32
Turkey,03-01-2022,3.9,-4.5,-1.5,0,12.5,27.7,30367.59
Turkey,04-01-2022,7.4,-2.2,1.3,0,18.8,35.6,23917.89
Turkey,05-01-2022,9.9,-2.6,1.9,0,12.9,24.1,30711.12
Turkey,06-01-2022,9.5,-1,2.9,0,11.9,25.2,30716.25
Turkey,07-01-2022,8.9,0.8,3.5,0,13,23.4,22484.82
Turkey,08-01-2022,9.3,0.5,3.7,0,16.7,30.6,30308.06
Turkey,09-01-2022,11.2,2.7,5.4,0,27.1,49.3,30033.58
Turkey,10-01-2022,7.3,0.7,4.2,2.4,28.3,53.6,21945.05
Turkey,11-01-2022,7.5,2.4,4.4,1.9,18.2,35.3,11310.74
Turkey,12-01-2022,6.6,1.8,3.9,13.4,17.6,32.8,0
Turkey,13-01-2022,2.6,-4.7,-1.2,4.5,21.7,42.5,0
Turkey,14-01-2022,-1.9,-8.9,-6.1,0,16.2,29.9,30938.1
Turkey,15-01-2022,1.4,-7.6,-4.5,0.5,22.6,48.6,21929.85
Turkey,16-01-2022,-1.7,-8.7,-6.1,0.5,17.9,40,30886.25
Turkey,17-01-2022,-0.7,-8,-5.3,0,9.7,21.6,31243.08
Turkey,18-01-2022,1.3,-5.1,-2.1,3.5,24.5,45.7,0
Turkey,19-01-2022,-3.9,-12.9,-7.5,1.2,23.2,43.9,28821.94
Turkey,20-01-2022,-5.5,-14.5,-11.1,0,13.7,26.6,31090.28
Turkey,21-01-2022,0.7,-15,-7.4,0,15.2,28.4,31513.5
Turkey,22-01-2022,2.9,-6.4,-0.7,0.2,25,47.2,7040.17
Turkey,23-01-2022,-0.1,-8.2,-4,12.9,23.8,45.4,4772.06
Turkey,24-01-2022,-8.1,-17,-10.8,0.3,14.3,27.7,31767.52
Turkey,25-01-2022,-6.7,-19.6,-10.9,5,13.7,23.4,0
Turkey,26-01-2022,-7,-9.4,-8.2,7.3,10.3,24.8,1328.29
Turkey,27-01-2022,-7.3,-14.3,-8.8,0.5,14.5,26.6,16897.49
Turkey,28-01-2022,-10.3,-17.6,-14.6,0,9.7,16.2,29075.49
Turkey,29-01-2022,-7.9,-18.4,-14,0,12.9,22.7,31232.97
Turkey,30-01-2022,-2.2,-13.4,-6.9,2.1,14.1,25.6,19353.02
Turkey,31-01-2022,-0.4,-3.2,-1.9,13.9,14,29.5,0
Turkey,01-02-2022,1.8,-2.7,-1.1,0.5,11.5,21.2,29941.83
Turkey,02-02-2022,3.7,-3.7,1.2,0,27.7,47.5,18677.14
Turkey,03-02-2022,4.1,1.6,3.1,0,37.2,62.6,26709.3
Turkey,04-02-2022,1.3,-3.3,-0.7,3.8,22.1,39.2,0
Turkey,05-02-2022,-3.4,-9.6,-6.2,0.1,15.3,27,34042.93
Turkey,06-02-2022,-1.4,-12.4,-6.7,0,13.3,19.4,34183.61
Turkey,07-02-2022,1.9,-11.8,-4.8,0,12.8,22.7,34325.09
Turkey,08-02-2022,6,-3.4,1.3,0,16.9,31.3,32328.8
Turkey,09-02-2022,4.9,-0.1,2.9,3.4,26.7,48.2,8492.87
Turkey,10-02-2022,-1.1,-6.5,-2.8,3.2,29.2,54,0
Turkey,11-02-2022,-1.5,-11,-6.5,0,10.8,22.3,32597.96
Turkey,12-02-2022,5.6,-11.4,-3.6,0,11.2,19.4,35039.45
Turkey,13-02-2022,5.1,-10.5,-3.1,0,11.7,20.9,33087.11
Turkey,14-02-2022,1.7,-6,-2.6,0,8.7,22,26357.68
Turkey,15-02-2022,3.1,-6.2,-2.1,0,9.4,16.6,35337.25
Turkey,16-02-2022,1.1,-6.6,-2.4,0,7.1,15.5,33741.64
Turkey,17-02-2022,3,-8,-3,0,12.2,20.9,34052.13
Turkey,18-02-2022,7.6,-5.7,0.6,0,15.8,28.1,32785.34
Turkey,19-02-2022,6.4,-2,1.3,0,12.5,24.8,29357.65
Turkey,20-02-2022,7.3,-4.2,1.3,0,8.4,19.4,35691.77
Turkey,21-02-2022,11.6,0.4,5.4,0,11.4,29.2,35761.75
Turkey,22-02-2022,11.7,1.3,5.3,4,16,34.6,29364.38
Turkey,23-02-2022,12.9,0.7,5.8,0,14,25.9,35900.6
Turkey,24-02-2022,13.6,4.2,8.1,0.7,30.3,58.3,28699.14
Turkey,25-02-2022,6.1,2.7,4.2,11.7,14.8,29.9,4657.04
Turkey,26-02-2022,5.9,-0.7,2.9,0.5,11.5,22.3,1066.47
Turkey,27-02-2022,10.5,0.2,5,0.1,12.7,25.9,35831.09
Turkey,28-02-2022,11.4,1,5.7,0.1,24.2,46.1,29378.53
Turkey,01-03-2022,5.7,1.2,3,4.4,15.8,30.6,11741.01
Turkey,02-03-2022,7,0.8,3.6,8.4,18,32.8,1139.64
Turkey,03-03-2022,6.1,-3,1.6,14.1,28,52.6,2961.02
Turkey,04-03-2022,0,-10.6,-4.2,0,16.6,32.8,36283.74
Turkey,05-03-2022,5.8,-5.4,0.2,0,11.5,24.5,37164.88
Turkey,06-03-2022,9,-1.7,3.2,0,11.2,22.7,24792.49
Turkey,07-03-2022,10.2,-1.7,3.9,4.2,19.5,38.9,35133.52
Turkey,08-03-2022,7.3,1.3,3.9,4.5,15,31.7,34571.38
Turkey,09-03-2022,3.4,-2.9,1.6,6.9,17.5,34.2,3600
Turkey,10-03-2022,-0.2,-4.1,-2.6,3.1,15.1,31.3,9895.87
Turkey,11-03-2022,-3.4,-9.7,-5.4,8.1,29.6,55.8,9357.84
Turkey,12-03-2022,-5.2,-14,-9.5,0,11.8,23.8,36141.87
Turkey,13-03-2022,-4.6,-16.3,-9.4,0,13.1,25.6,35043.78
Turkey,14-03-2022,-3,-12.7,-8.3,0.2,17.9,32.8,38520.82
Turkey,15-03-2022,-3,-12.7,-7.4,0,20.5,37.8,19369.98
Turkey,16-03-2022,-1.5,-9,-5.5,0,11.1,17.6,39055.69
Turkey,17-03-2022,2.2,-9.6,-3,1,17.6,34.2,28640.66
Turkey,18-03-2022,-0.8,-12.7,-4.8,3,18.6,37.4,28417.88
Turkey,19-03-2022,-3.5,-13.1,-8.3,1.1,21.7,44.6,38580.8
Turkey,20-03-2022,-1.5,-14.3,-6.9,2.5,18.1,34.2,19916.99
Turkey,21-03-2022,0.2,-7.4,-4.2,0,16.6,33.1,21322.28
Turkey,22-03-2022,3.3,-7.2,-2.4,0,14.1,28.1,28587.48
Turkey,23-03-2022,3.5,-6.7,-1.8,0.2,9.9,23,40054.07
Turkey,24-03-2022,4.2,-5.8,-0.9,0,10.5,23,39467.34
Turkey,25-03-2022,4.4,-5.3,-0.2,0,19,38.9,40606.67
Turkey,26-03-2022,4.8,-3,0.5,2.6,13.2,27.4,24237.48
Turkey,27-03-2022,6.8,-5.2,0.5,0,15.5,33.8,41038.91
Turkey,28-03-2022,12.1,-2.4,5,0,15.8,33.8,40410.94
Turkey,29-03-2022,14.6,0.4,7.1,0,16.5,31.7,30518.46
Turkey,30-03-2022,12.2,1.9,7.1,1.9,13.7,30.6,37959.8
Turkey,31-03-2022,16.8,2.1,9,0,20.9,41,40813.93
Turkey,01-04-2022,22.7,5.6,13.2,0,15.8,30.6,41363.4
Turkey,02-04-2022,24.5,9.1,15.8,0,32.2,59,39369.12
Turkey,03-04-2022,20.7,7.1,13.6,0,37.8,70.6,39600
Turkey,04-04-2022,15.5,5,10.5,0,21.2,41.8,40686.94
Turkey,05-04-2022,20.7,7.7,14.1,0.5,32.4,60.5,10583.52
Turkey,06-04-2022,18.7,7.6,13,0.1,15,29.5,41559.06
Turkey,07-04-2022,18.5,3.4,10.8,1.7,27.4,51.5,32462.62
Turkey,08-04-2022,17.1,7.9,11.9,0.4,25.2,49,42240.28
Turkey,09-04-2022,18.8,4,11.3,0,13.8,27.7,42385.26
Turkey,10-04-2022,16,8.7,12.1,0,20.5,41,23255.19
Turkey,11-04-2022,18.3,5.5,10.2,6.7,31.7,67.3,32907.39
Turkey,12-04-2022,5.3,-3.7,0.9,14.7,25,49.7,9394.85
Turkey,13-04-2022,5.3,-6.4,0.1,0,12.8,28.1,43268.74
Turkey,14-04-2022,10.3,-3.9,3.8,0,14.8,31.3,35968.9
Turkey,15-04-2022,12.5,0.7,6.8,0,14.5,29.2,37771.1
Turkey,16-04-2022,16.6,2.6,9.6,0,9.6,20.2,43708.3
Turkey,17-04-2022,20.8,5.9,13.4,0.1,17.4,32.4,32336.15
Turkey,18-04-2022,23,10.8,16.8,0.6,42.3,80.3,32770.38
Turkey,19-04-2022,17.1,6.7,12.2,7.3,28.5,60.8,29825
Turkey,20-04-2022,13.7,4.4,9.1,1.8,12.5,28.4,43022.09
Turkey,21-04-2022,16.4,4.7,10.6,0,19,38.9,44442.58
Turkey,22-04-2022,17.4,3.6,11,0,11,22.7,45400.33
Turkey,23-04-2022,23.5,6.6,15.6,0,11.8,25.9,45534.84
Turkey,24-04-2022,24.7,10.5,17.7,0,13.7,22,45668.29
Turkey,25-04-2022,26.2,11.3,18.5,0,14.5,27.7,45800.55
Turkey,26-04-2022,25.8,10.5,18.1,0,13.3,28.1,45931.56
Turkey,27-04-2022,24.2,9.7,17.4,0,19.9,37.4,46016.64
Turkey,28-04-2022,24,9.2,17.3,0,17,33.1,46040.98
Turkey,29-04-2022,24.1,8.8,17.2,0.6,16.1,29.5,38962.32
Turkey,30-04-2022,23.5,12.2,16.9,0.2,18.7,36.4,38119.56
Turkey,01-05-2022,17.1,8.1,11.5,0,20.8,41.4,22665.07
Turkey,02-05-2022,18.4,4.9,11.7,0.1,12.5,24.8,44968.54
Turkey,03-05-2022,17,8.6,12.5,2.9,12.8,27,28822.2
Turkey,04-05-2022,19.9,8.5,12.8,16.4,16,48.2,33284.07
Turkey,05-05-2022,9.5,4.3,7.4,0.7,23.8,45.4,8454.1
Turkey,06-05-2022,8.4,3,5.6,2,22.7,44.6,9826.41
Turkey,07-05-2022,10.3,4.2,7,0.7,16.9,34.6,39236.64
Turkey,08-05-2022,11.2,3,7.2,0.1,10.8,25.2,15662.89
Turkey,09-05-2022,13.6,2.9,8.9,0,14.5,29.2,36045.49
Turkey,10-05-2022,15.8,2.2,9.2,0,13.4,29.5,46800
Turkey,11-05-2022,18.3,4.3,11.7,0.4,13.7,29.2,46800
Turkey,12-05-2022,17.2,6.8,11.9,0.9,20.7,40.7,46800
Turkey,13-05-2022,20.7,5.1,13.4,0,10.5,25.9,46800
Turkey,14-05-2022,23.4,9.2,17,0.1,18.4,37.4,46190.3
Turkey,15-05-2022,20.3,10.3,14.6,6.6,19.9,40.7,38807.64
Turkey,16-05-2022,18.5,6.7,12.8,1.4,17.1,34.9,41540.48
Turkey,17-05-2022,19.1,8.5,13,3.2,12.3,27.4,41905.39
Turkey,18-05-2022,22.6,7.3,15.4,0,15.9,32.4,46876.83
Turkey,19-05-2022,13.4,6.9,10.7,10.9,21.6,43.2,24698.45
Turkey,20-05-2022,14.6,3.3,9.1,0,20.2,41,47064.72
Turkey,21-05-2022,21.5,4.3,13.1,0,11.1,27,47064.5
Turkey,22-05-2022,23.4,8.9,16.8,2,21.3,42.5,46057.48
Turkey,23-05-2022,19.3,9,13.7,2,17.8,40.7,46739.29
Turkey,24-05-2022,17.2,6.7,12,0.5,22.4,44.3,46535.97
Turkey,25-05-2022,19.5,6.4,13.8,0,18.7,39.2,45469.29
Turkey,26-05-2022,23.2,8.6,16.5,0,15.3,32.8,47283.37
Turkey,27-05-2022,23.9,13.7,18.7,0,15.6,33.1,47169.84
Turkey,28-05-2022,25.1,12,19.2,0,8.9,22.3,46934.4
Turkey,29-05-2022,27.6,12.7,21.4,0,10.9,25.9,46929.25
Turkey,30-05-2022,29.3,15.9,22.5,0.1,24.2,46.1,44943.14
Turkey,31-05-2022,27.8,15.3,21.9,0.7,13,36.4,45617.69
Turkey,01-06-2022,28.5,13.4,21.9,0,22.4,41.8,47553.95
Turkey,02-06-2022,29.5,15.1,22.8,0.2,12.4,36.7,41570.38
Turkey,03-06-2022,32.2,19.4,25.7,0,27.8,56.9,47940.68
Turkey,04-06-2022,30.9,16,24.2,0,20.2,38.9,47510.16
Turkey,05-06-2022,28.2,14.2,20.8,0.7,23.3,52.6,44348.62
Turkey,06-06-2022,25.4,14,18.6,11.6,16.3,37.1,45330.95
Turkey,07-06-2022,25.2,12.4,18.6,0.5,20.3,38.9,44602.03
Turkey,08-06-2022,25.8,12.6,19.4,1,18.3,36.4,46804.44
Turkey,09-06-2022,24.2,12.9,18.7,1.3,17.7,36,48509.87
Turkey,10-06-2022,26.8,13.6,20.7,0,14.9,29.9,47828.52
Turkey,11-06-2022,28.3,15.2,21.5,0,23,43.6,46375.62
Turkey,12-06-2022,24.6,14.2,18.9,9,17.7,36,44222.59
Turkey,13-06-2022,21.6,12.7,16.4,2.3,15.5,36,47270.77
Turkey,14-06-2022,22.5,11.7,16.5,6.7,17.4,38.9,35195.95
Turkey,15-06-2022,23.4,10.4,17.3,0,16.4,32.8,41612
Turkey,16-06-2022,24.6,10.8,18,0,17.3,32.4,48934.48
Turkey,17-06-2022,25.3,12.7,19.2,0,15.2,29.5,49134.38
Turkey,18-06-2022,26.9,13.1,20.2,0,18.1,33.8,49153.19
Turkey,19-06-2022,27.2,12.6,19.7,0,19.8,38.9,49170.71
Turkey,20-06-2022,27.8,12,20.2,0,12.1,25.9,49186.91
Turkey,21-06-2022,26.4,15.2,20.2,0.5,22.4,49.7,48083.89
Turkey,22-06-2022,25,12,18.3,0.4,21.7,43.2,45134.38
Turkey,23-06-2022,23.6,12.2,18.2,0,19,38.9,47181.71
Turkey,24-06-2022,21.5,13.6,17.5,1.2,18.2,33.5,34599.4
Turkey,25-06-2022,21.6,11.7,16.7,0,21.7,41.4,35581.38
Turkey,26-06-2022,20.3,10.6,15.2,0.8,20.1,41,41627.91
Turkey,27-06-2022,18.6,10.5,14.8,0.9,16.6,34.6,22775.51
Turkey,28-06-2022,20.1,12.7,16,8,17.6,39.2,45174.5
Turkey,29-06-2022,21.7,10.4,16.9,0.1,11.5,26.6,48729.14
Turkey,30-06-2022,25.9,12.5,19,0.4,26.2,47.5,48727.8
Turkey,01-07-2022,24.3,14,18.6,0,23.1,45.4,43944.32
Turkey,02-07-2022,24.2,12,17.9,0,28.9,54.7,49145.41
Turkey,03-07-2022,24.3,10.3,16.9,0,26.8,49.7,49170.54
Turkey,04-07-2022,25.5,7.6,16.7,0,24.9,46.8,49162.81
Turkey,05-07-2022,26.5,9.3,18,0,22.9,42.5,49116.6
Turkey,06-07-2022,27.6,10,19.3,0,11.6,27,49103.62
Turkey,07-07-2022,29,13.8,22.1,0,15.6,32,49088.95
Turkey,08-07-2022,29.4,14.4,22.8,0,13.4,32.4,49072.58
Turkey,09-07-2022,31.5,16.9,24.8,0,9.8,23.4,49054.52
Turkey,10-07-2022,29.6,17.7,23.4,0,25.8,47.9,48400.17
Turkey,11-07-2022,25.8,15.9,21.1,0.5,19.4,37.8,46155.88
Turkey,12-07-2022,26.6,14,20.4,0,22.7,45,48990.19
Turkey,13-07-2022,27.5,12.8,20.4,0,21.8,44.3,48965.35
Turkey,14-07-2022,25.5,13.1,19,0,27,52.6,48938.82
Turkey,15-07-2022,26.8,11.2,18.7,0,21,39.6,48910.6
Turkey,16-07-2022,25.3,12.4,18.9,0,20.9,41,48880.68
Turkey,17-07-2022,26.3,14.5,20.1,0.2,28.8,57.2,34030.91
Turkey,18-07-2022,24,14.8,19.3,0,27.9,53.6,19088.16
Turkey,19-07-2022,26.8,14.9,19.3,0,28.8,55.8,46824.61
Turkey,20-07-2022,24.8,11.1,17.6,0,28,53.3,48321.59
Turkey,21-07-2022,22.9,10.9,17.1,0,22.5,44.3,40974.58
Turkey,22-07-2022,26.3,13,19.6,0,18.1,38.2,48425.32
Turkey,23-07-2022,26.2,12.5,19.7,0,22.3,43.2,48400.46
Turkey,24-07-2022,24.7,11.3,18.4,0,26.1,51.8,48214.52
Turkey,25-07-2022,26.7,10.5,19,0,23.7,46.8,48030.57
Turkey,26-07-2022,26.9,11.7,19.8,0,20.1,38.9,47848.96
Turkey,27-07-2022,29.4,14.7,22.1,0,19.5,36.4,47787.68
Turkey,28-07-2022,31.6,14.8,23.3,0,18.2,34.2,47609.3
Turkey,29-07-2022,33.7,13.3,24.1,0,19.5,36.7,47434.12
Turkey,30-07-2022,32.8,14.8,23.9,0,23.3,46.8,47262.46
Turkey,31-07-2022,31.6,15.3,24.1,0,15.3,34.2,47202
Turkey,01-08-2022,32.5,19,25.8,0,12.3,29.5,46931.18
Turkey,02-08-2022,33.1,16.6,25.6,0,16.5,33.8,46670.97
Turkey,03-08-2022,31.5,17.5,24.9,0,18.6,37.1,46520.34
Turkey,04-08-2022,34,17.4,25.9,0,25.2,47.5,46470.02
Turkey,05-08-2022,33.2,18,26,0,21.7,40.7,46418.67
Turkey,06-08-2022,33.6,17.5,25.8,0,23.7,44.6,46278.77
Turkey,07-08-2022,31,17.5,24.3,0,18.4,34.9,46062
Turkey,08-08-2022,30.2,16.2,23.6,0,17.5,37.1,46098.93
Turkey,09-08-2022,30.4,15.8,23.4,0,15,31.7,45976.3
Turkey,10-08-2022,30.7,16.8,24.2,0,15.3,33.1,45908.25
Turkey,11-08-2022,30.3,16.9,23.6,0,16.4,37.1,45844.8
Turkey,12-08-2022,30.2,17.3,24,0,20.6,38.9,45807.67
Turkey,13-08-2022,29.8,15.4,23.1,0,13.5,31,45757.12
Turkey,14-08-2022,31.7,16.5,24.9,0,13.6,28.1,45706.39
Turkey,15-08-2022,32.4,19.4,25.8,0,16.8,34.9,45655.48
Turkey,16-08-2022,29.7,17.2,24,0,11.3,27.7,45604.41
Turkey,17-08-2022,30.5,16.1,24,0,14.5,29.5,45553.22
Turkey,18-08-2022,30.3,16.9,23.9,0,18.7,38.9,45501.91
Turkey,19-08-2022,29.8,15.6,23.2,0,17.3,35.3,45450.51
Turkey,20-08-2022,28.8,16.3,22.6,0,17.1,35.6,45399.01
Turkey,21-08-2022,30.1,17,24,0,11.5,27,45315.4
Turkey,22-08-2022,32.4,19.5,26,0,15.2,31.3,45113.29
Turkey,23-08-2022,32.2,18.8,26.1,0,14.8,27.7,44879.43
Turkey,24-08-2022,34.6,19.6,26.7,0,17.8,34.9,44648.01
Turkey,25-08-2022,30.1,19,24.7,0,13.3,29.5,44419.18
Turkey,26-08-2022,30.9,17.5,24.6,0,13,28.8,44318.92
Turkey,27-08-2022,30.3,18.2,24.2,0,11.8,24.1,44093.71
Turkey,28-08-2022,31.8,18.6,24.7,0,25.1,46.1,43871.57
Turkey,29-08-2022,31.9,16.2,24.6,0,12.5,28.4,43652.66
Turkey,30-08-2022,35.8,18.4,27.5,0,27.4,55.8,42912.6
Turkey,31-08-2022,35.2,19.4,27.7,0,24.2,46.4,42620.4
Turkey,01-09-2022,34.7,19.1,27.1,0,26.4,57.2,43084.9
Turkey,02-09-2022,34.7,19.6,26.8,0,25.4,49.3,42698.11
Turkey,03-09-2022,35.9,19.3,26.7,0,20.6,47.9,42820.25
Turkey,04-09-2022,28.8,16.6,22.9,0,21.4,39.6,42403.64
Turkey,05-09-2022,27.1,15.2,20.5,0,20.6,39.6,41554.15
Turkey,06-09-2022,22.5,13,17,0,26.6,51.1,42008.84
Turkey,07-09-2022,20.5,7.1,13.8,0,23.6,43.9,42213.42
Turkey,08-09-2022,22.8,7.2,15.1,0,15.5,29.9,42016.99
Turkey,09-09-2022,25.8,10.1,17.7,0,12.6,24.8,41824.82
Turkey,10-09-2022,27.2,14.6,20.7,0,10.3,25.2,41710.43
Turkey,11-09-2022,29,13.4,22.3,0,12,22.7,41229.48
Turkey,12-09-2022,32.1,16.1,23.6,0,28,52.9,41001.21
Turkey,13-09-2022,22.9,14.7,18.1,0.8,16.6,36,34568.25
Turkey,14-09-2022,21.5,9.9,15.6,0,13.2,25.2,37893
Turkey,15-09-2022,24.8,10.1,18.4,0,9.2,20.5,40329.53
Turkey,16-09-2022,29.4,13.2,21.5,0,10.5,22.7,40055.69
Turkey,17-09-2022,32.1,17.2,24.4,0,13.3,28.4,39961.59
Turkey,18-09-2022,32,17,24.3,0,14,28.4,39844.96
Turkey,19-09-2022,26.5,16.3,21.1,0,12.2,27,39605.78
Turkey,20-09-2022,27.3,14.3,20.2,0,16.9,33.8,39600
Turkey,21-09-2022,22.3,13.6,16.4,4.1,15.6,32,31127.04
Turkey,22-09-2022,21.1,11,15.3,8.3,21.9,45.7,39600
Turkey,23-09-2022,17.3,8.6,12.7,1.9,16.4,37.4,34797.25
Turkey,24-09-2022,16.9,8.9,11.6,1.3,18.9,35.3,18000
Turkey,25-09-2022,18.6,6.2,12.8,0,10.5,20.5,39600
Turkey,26-09-2022,22.1,7.1,15,0,10.9,18.4,39600
Turkey,27-09-2022,25.5,8.3,16.7,0,12.2,23.4,39600
Turkey,28-09-2022,25.6,11.9,18.4,0,26.8,49.7,39600
Turkey,29-09-2022,24.2,12.7,18.6,0,23.4,45.7,39564.9
Turkey,30-09-2022,25.5,12.1,18.9,0,21,41.4,39467.19
Turkey,01-10-2022,25.3,13.6,19.7,0,15.1,29.2,39335.6
Turkey,02-10-2022,27.7,12.5,19.9,0.1,18.8,32,39180.99
Turkey,03-10-2022,21.4,12.9,16.3,0.8,21.4,49,28376.01
Turkey,04-10-2022,21.7,11,16.2,0.3,13.8,28.8,35792.25
Turkey,05-10-2022,19.7,10.8,14.4,0.1,23.6,43.6,35384.61
Turkey,06-10-2022,20.6,9.3,12.7,0.1,28.5,54,37637.99
Turkey,07-10-2022,22,6.7,12.6,1.2,13.9,40.7,32587.11
Turkey,08-10-2022,17.4,9.3,12.3,2.3,13.8,31,30893.84
Turkey,09-10-2022,14.9,8,10.7,0.7,15.7,31.7,20097.08
Turkey,10-10-2022,17.6,7.9,12.2,0.1,10.6,23.4,26786.12
Turkey,11-10-2022,18.3,8.8,12.7,0,9.7,22.7,37805.12
Turkey,12-10-2022,20.1,6.8,13.4,0,10.7,19.8,29382.41
Turkey,13-10-2022,18.7,7.1,12.4,3.4,16.2,32.4,37500.24
Turkey,14-10-2022,18.6,5.3,11.9,0,13.1,27.4,35187.73
Turkey,15-10-2022,19.4,9,13.3,0.7,8,20.9,31042.42
Turkey,16-10-2022,21.7,8.4,13.5,1,16.2,34.6,31461.1
Turkey,17-10-2022,21.1,10,13.9,11.1,15,31.7,30952.33
Turkey,18-10-2022,21.2,9.2,13.1,7.1,14.5,32.8,27732.6
Turkey,19-10-2022,18.9,8.2,13.2,0.5,17,35.6,32934.89
Turkey,20-10-2022,16.9,7.4,11.9,9.3,15.5,32.8,27082.11
Turkey,21-10-2022,11.1,4.6,7.5,0,22.1,40.7,14656.75
Turkey,22-10-2022,11.5,-0.8,5,0,12.4,24.1,35577.21
Turkey,23-10-2022,14.2,0.6,7.4,0,9,21.6,35281.39
Turkey,24-10-2022,15.6,3.6,9,0,13.9,27,35200.77
Turkey,25-10-2022,16.4,4,9.7,0,11,18,35021.54
Turkey,26-10-2022,17.9,3.6,11.1,0,10.3,21.6,34848.78
Turkey,27-10-2022,17.9,6.1,10.7,0,18.9,36,34335.32
Turkey,28-10-2022,13.2,1.4,7.1,0,19.5,36,34034.23
Turkey,29-10-2022,13.2,-0.4,5.9,0,14.2,28.1,34390.73
Turkey,30-10-2022,14.2,0.8,6.5,0,11,23,33302.85
Turkey,31-10-2022,16.4,2.1,9.2,0,13.9,28.4,34066.77
Turkey,01-11-2022,13.7,3.1,7.6,0,11.6,25.6,33626.52
Turkey,02-11-2022,13.6,2.8,7.8,0,10.7,22.7,33723.46
Turkey,03-11-2022,16.1,1.2,8.6,0,11.3,23.8,33547.46
Turkey,04-11-2022,16.5,2.9,9.4,0,12.4,24.8,33202.88
Turkey,05-11-2022,17.6,2.4,10.1,0,12.7,25.9,33186.98
Turkey,06-11-2022,18.3,3.7,10.9,0,12.2,23.4,33168.97
Turkey,07-11-2022,12.3,6.3,8.3,12.3,16.2,30.6,14400
Turkey,08-11-2022,10.5,2.6,6.6,7.4,13.6,26.3,20676.5
Turkey,09-11-2022,10.3,3.6,6.5,2.1,14.1,27.4,16805.61
Turkey,10-11-2022,11.8,1,5.5,0,13.4,27.7,32499.2
Turkey,11-11-2022,11.1,0.1,4.8,0,13.3,27,29838.11
Turkey,12-11-2022,13.3,2.9,7,0,13.1,25.6,32604.44
Turkey,13-11-2022,10.8,-0.3,4.5,0,13,25.6,32403.56
Turkey,14-11-2022,9.6,-0.1,3.4,0,12.3,25.6,32347.94
Turkey,15-11-2022,12.7,-2,4.9,0,10.5,19.1,32292.77
Turkey,16-11-2022,12.8,0.2,5.8,0,11.1,23.4,32143.25
Turkey,17-11-2022,13,1.5,6.5,0,15.4,31.7,32139.14
Turkey,18-11-2022,15.3,4.4,9.1,0,19.4,36,28800
Turkey,19-11-2022,16.5,5,10.1,0,18.4,38.9,32006.88
Turkey,20-11-2022,16.5,5.3,10,0,10.7,19.8,31965.74
Turkey,21-11-2022,16.6,6.5,10.6,0,13,24.8,23702.08
Turkey,22-11-2022,12.7,5,8.9,1.9,18.1,35.6,13889.27
Turkey,23-11-2022,14.1,2.3,7.5,0,13.6,24.1,31853.97
Turkey,24-11-2022,14.2,5.1,9.4,0,23.3,42.5,18365.56
Turkey,25-11-2022,9,2.9,5.6,8.5,9.9,25.9,9381.38
Turkey,26-11-2022,4.6,-0.5,3.2,5.2,17.3,32.4,0
Turkey,27-11-2022,8.6,-0.9,3.1,0,10.9,23.8,31494.61
Turkey,28-11-2022,10.7,-2.5,3.8,0,10.9,20.9,31402.46
Turkey,29-11-2022,14.7,4.1,8,0.5,20.7,40.3,25255.28
Turkey,30-11-2022,12.8,3.1,7.3,0,14.8,28.8,31226.99
Turkey,01-12-2022,13.6,3.7,8.1,0,12,20.9,31143.99
Turkey,02-12-2022,12.1,2.4,6.9,0.1,10.9,22.7,31064.37
Turkey,03-12-2022,10.8,0.4,5.1,0,11,20.9,30988.27
Turkey,04-12-2022,9.6,-0.9,3.9,0,10.6,21.2,30915.87
Turkey,05-12-2022,7,-1.9,1.9,0,11.2,23.4,30847.34
Turkey,06-12-2022,6.7,-1.6,2.1,0,8,16.6,30782.82
Turkey,07-12-2022,9.3,-2.4,2.8,0,10.2,20.2,30722.49
Turkey,08-12-2022,10.9,-0.3,5,0.1,9.9,22.3,30666.52
Turkey,09-12-2022,10.3,0,5.1,0,12,22.3,30615.09
Turkey,10-12-2022,10.5,-0.5,4.5,0,10.5,21.2,28457.51
Turkey,11-12-2022,11.7,0.8,6.4,3.9,12.3,22.7,10498.08
Turkey,12-12-2022,11.5,4,6.9,4.2,11.8,23.8,21647.17
Turkey,13-12-2022,12.3,2.8,6.6,0.2,16.8,31.7,30447.57
Turkey,14-12-2022,8.6,3.4,6.1,2.3,8.9,18,0
Turkey,15-12-2022,12.4,2.1,7,0.1,17.2,33.1,30310.07
Turkey,16-12-2022,12.9,3.2,7.7,0.1,11.3,18.7,30361.75
Turkey,17-12-2022,12.9,3,6.3,0,11.2,21.2,30340.93
Turkey,18-12-2022,12,1.5,6.2,0,10.5,18.4,30324.09
Turkey,19-12-2022,7.4,1.7,3.5,0,11.5,26.6,18824
Turkey,20-12-2022,2.8,-3.8,-0.3,2.6,20.2,38.9,8769.04
Turkey,21-12-2022,5.7,-5.1,-1.3,1,11.4,24.8,30297.6
Turkey,22-12-2022,5.9,-4.7,-0.5,0,8.6,15.1,28199.2
Turkey,23-12-2022,6.5,-4,0.2,0,8.9,17.6,30300.29
Turkey,24-12-2022,3.8,-3.6,-0.8,0,7.9,18,26870.28
Turkey,25-12-2022,3.2,-4.8,-1.1,0.1,7.2,14.8,30319.45
Turkey,26-12-2022,3.8,-1.5,0.4,4.6,15.2,30.2,12676.04
Turkey,27-12-2022,4.4,-5.2,-0.7,0,9.6,20.2,29496.52
Turkey,28-12-2022,6,-3.3,1.5,0,10,18,28730.98
Turkey,29-12-2022,7.4,-3,1.3,0,10.7,17.3,30407.89
Turkey,30-12-2022,6.5,-3.8,0.7,0,10.5,20.9,30441.17
Turkey,31-12-2022,6.5,-3.6,0.2,0,11.4,16.9,30478.96
Turkey,01-01-2023,6.1,-4.9,-0.5,0,10.2,16.6,30521.14
Turkey,02-01-2023,5.6,-4.1,-0.8,0,9.7,17.3,30567.6
Turkey,03-01-2023,8.5,-4.3,1.6,0,8.7,17.3,30618.2
Turkey,04-01-2023,6.5,-5.9,-0.7,0,11.8,19.8,30672.82
Turkey,05-01-2023,5.7,-5.4,-1,0,9.5,19.1,28636.04
Turkey,06-01-2023,7,-4.1,0.2,2.1,15.5,30.6,27118.32
Turkey,07-01-2023,3.2,-4.3,-2,0,8,17.3,29484.48
Turkey,08-01-2023,3,-5.7,-2.4,0,8.2,15.1,30732.28
Turkey,09-01-2023,2,-5.7,-2.7,0,7.6,16.6,30749.97
Turkey,10-01-2023,6.1,-5.6,-1.1,0,11,20.9,30760.95
Turkey,11-01-2023,8.8,-3.4,1.7,0,16.1,28.4,30312.14
Turkey,12-01-2023,9.1,0.4,3,0,18.3,34.2,29199.93
Turkey,13-01-2023,7.7,-2.3,1.4,0,20,38.2,30902.23
Turkey,14-01-2023,6.7,-2.9,1.2,0,12.4,24.1,30871.67
Turkey,15-01-2023,6.8,-2.6,1.3,0,9.7,15.8,30849.81
Turkey,16-01-2023,8,-1.6,2,0,11.8,22.3,30501.33
Turkey,17-01-2023,9.6,-2.2,2,0,13.6,32,31083.46
Turkey,18-01-2023,10.5,-1.1,3.1,0,14,27.7,31194.56
Turkey,19-01-2023,11.1,-0.7,4,0,10.2,20.2,31316.04
Turkey,20-01-2023,13.3,0.1,4.7,0,14.7,26.3,31533.6
Turkey,21-01-2023,10.1,-1.7,3.1,0,11.6,20.5,31679.3
Turkey,22-01-2023,9.7,-2.6,2.2,0,11.6,18,31834.15
Turkey,23-01-2023,8.2,-3.4,2.3,0,10.5,18,31997.69
Turkey,24-01-2023,7.2,-3.6,0.8,0,11.6,17.3,32169.46
Turkey,25-01-2023,5.1,-4.1,-0.6,0,10.9,23,32241.88
Turkey,26-01-2023,6,-5.2,0.1,0,8.8,16.6,32424.95
Turkey,27-01-2023,7.1,-2.3,2.5,1,29.5,53.6,6464.22
Turkey,28-01-2023,7.3,0.3,3.4,8.8,27.5,53.3,20866.16
Turkey,29-01-2023,5.5,-1.7,1.4,6.6,13.6,28.1,32649.27
Turkey,30-01-2023,3.3,-2.9,0.4,2,7.7,16.6,23533.14
Turkey,31-01-2023,3.7,-3.3,0.2,2.1,15.5,28.8,18000
Turkey,01-02-2023,1.2,-2.7,-1.1,3.6,17.9,34.2,7835.35
Turkey,02-02-2023,0.7,-5.5,-3,0.2,20,37.1,28948.88
Turkey,03-02-2023,3.8,-5.3,-1.9,0,19,36.7,33734.67
Turkey,04-02-2023,1.2,-4.1,-1.9,0.2,16.4,31.3,19260
Turkey,05-02-2023,2.4,-5.5,-1.8,0.1,16.9,31,33082.43
Turkey,06-02-2023,0.4,-3.2,-1.5,18.8,23.1,42.8,0
Turkey,07-02-2023,-3.5,-11.6,-6.1,2.9,25.3,47.9,28931.7
Turkey,08-02-2023,-7,-14.3,-11,0,11.2,22,28905.02
Turkey,09-02-2023,-4.7,-13.3,-9,0.3,10.8,17.3,30252.45
Turkey,10-02-2023,-8.4,-17.3,-12.1,0,11.3,20.5,32341.12
Turkey,11-02-2023,-7.8,-18.6,-13.6,0,10.5,16.2,32221.19
Turkey,12-02-2023,-6.8,-17.9,-11.9,0,11.7,16.2,32097.29
Turkey,13-02-2023,-4,-16.6,-9.9,0,10.9,20.5,19746.02
Turkey,14-02-2023,-4.6,-16.1,-11.3,0,12.9,18.4,33434.94
Turkey,15-02-2023,-1.7,-14.1,-7.6,0.9,18.4,33.8,29014.79
Turkey,16-02-2023,-2.3,-13,-6.7,0,16.1,29.5,20852.6
Turkey,17-02-2023,0.8,-13.5,-6,0,14.6,23.4,35462.33
Turkey,18-02-2023,6,-9.6,-1.9,0,14.3,32,35533.85
Turkey,19-02-2023,9.2,-0.5,3.7,0.5,16.4,34.6,18250.43
Turkey,20-02-2023,10,-1,3.3,3.2,27.2,49.3,25200
Turkey,21-02-2023,6.6,-1.5,1.8,0,19.3,38.2,35745.95
Turkey,22-02-2023,10.8,-2.1,3.9,0,10.7,25.2,35815.71
Turkey,23-02-2023,10.6,-1.3,3.7,0,16.5,33.1,35911.28
Turkey,24-02-2023,8.2,-3.1,2.1,0,9.9,22,36046.76
Turkey,25-02-2023,12.4,-0.9,4.7,0,18.2,33.5,28116.75
Turkey,26-02-2023,14.1,-0.9,5.7,0,13.1,31,36167.78
Turkey,27-02-2023,15.8,-0.2,7,0,11.5,25.9,36164.59
Turkey,28-02-2023,16.4,3.1,9,0,12.7,22.7,32400
Turkey,01-03-2023,17.7,5.1,10.5,0.5,12.4,27,36052.55
Turkey,02-03-2023,17.7,5.7,11,1,15.1,29.9,33790.16
Turkey,03-03-2023,15.5,5.5,9.7,5.9,21.7,44.6,36000
Turkey,04-03-2023,15.9,3,9.7,0,26,51.5,34403.42
Turkey,05-03-2023,16,5.7,9.6,5.2,24.3,51.5,9250.16
Turkey,06-03-2023,8.9,2.6,4.9,8.1,23.2,53.3,33700.03
Turkey,07-03-2023,11.8,-1.6,4.5,0,14.8,29.9,31553.48
Turkey,08-03-2023,11.7,1,6.2,0,10.7,21.2,36953.86
Turkey,09-03-2023,13.5,0.1,6.9,0.2,18.4,36,37879.55
Turkey,10-03-2023,14.1,3.9,8.4,0,20.9,41,25686.01
Turkey,11-03-2023,17.6,4.4,9.7,0,30.1,59,36271.23
Turkey,12-03-2023,13.5,7.2,10,1.4,24.2,47.2,4056
Turkey,13-03-2023,8.7,1.1,5,24.4,14.6,33.1,0
Turkey,14-03-2023,11.3,0.2,4,5,15.6,32.4,20846.26
Turkey,15-03-2023,9.7,3.1,6,7.3,9.7,20.5,1465.44
Turkey,16-03-2023,14,1.5,7.4,3.5,22.4,43.6,38691.91
Turkey,17-03-2023,12.1,3,7.4,0,25.5,47.2,27268.14
Turkey,18-03-2023,12,2.9,6.9,7.8,14.3,28.8,32270.55
Turkey,19-03-2023,9.9,3,5.3,14.3,25.3,48.2,3529.85
Turkey,20-03-2023,4.8,1.4,3,1.3,19.5,37.4,0
Turkey,21-03-2023,10,-1.2,4.6,0,15.5,31.3,37227.48
Turkey,22-03-2023,13,-0.8,6.2,0,10.2,23,37783.89
Turkey,23-03-2023,11,3.6,7.4,2.2,15,32.8,34116.91
Turkey,24-03-2023,12.1,3.3,7.3,1.1,10.4,23.8,40002.66
Turkey,25-03-2023,12.8,0.5,6.3,0.1,10.5,24.1,40580.12
Turkey,26-03-2023,14.8,1.2,8.2,0,11.2,22.7,40160.38
Turkey,27-03-2023,15,2.7,8.9,0.1,15.4,31.3,40910.27
Turkey,28-03-2023,16.8,4.6,8.8,4.8,38.3,74.2,37639.31
Turkey,29-03-2023,5.4,-2.6,1.8,13.4,30.3,55.8,3800.95
Turkey,30-03-2023,-0.9,-7.3,-3.8,1.2,17.8,33.8,41465.38
Turkey,31-03-2023,2.6,-11.3,-3.1,0,15,31.7,41347.41
Turkey,01-04-2023,11.8,-4.5,4.5,0.1,15.6,30.6,30229.56
Turkey,02-04-2023,14.6,2.4,8.6,1.2,25.5,47.9,30208.53
Turkey,03-04-2023,17.8,6.2,11.4,0.1,17,32.8,37363.69
Turkey,04-04-2023,19.7,7.8,13,0.2,31.3,61.9,37475.49
Turkey,05-04-2023,14.6,4.9,9.2,3,22.4,45.7,40974.73
Turkey,06-04-2023,11.8,1.3,6.2,4,17.5,37.8,39641.51
Turkey,07-04-2023,8.3,1.9,5.2,6.1,17.4,37.8,7558.79
Turkey,08-04-2023,11.2,0.2,6.1,0.1,9.7,22.3,38027.94
Turkey,09-04-2023,17,3.9,9.5,1.4,18.4,33.8,30435.42
Turkey,10-04-2023,17.3,4.8,10.3,6,22.6,42.5,26433.61
Turkey,11-04-2023,12.4,3.7,7.7,28.3,12.4,26.6,13135.05
Turkey,12-04-2023,10.3,3.4,6.6,0.5,15.3,32.8,35899.4
Turkey,13-04-2023,10.5,1.8,6.2,1.3,22.7,43.9,38896
Turkey,14-04-2023,16,1.8,8.7,0,17.8,35.3,43196.04
Turkey,15-04-2023,18.6,4.8,11.8,0,11.2,24.5,43378.29
Turkey,16-04-2023,18.5,6.5,11.5,6.9,12.4,28.1,30231.21
Turkey,17-04-2023,21.2,6,13.6,0,20.2,38.2,41962.01
Turkey,18-04-2023,22.4,6.8,14.1,0.5,31.9,60.5,38097.46
Turkey,19-04-2023,23.2,9.2,14.9,0.3,33.7,70.2,41076.64
Turkey,20-04-2023,14.8,4.8,10.3,4,21.6,46.8,30725.8
Turkey,21-04-2023,13.8,2.8,8.2,1.1,18.3,37.4,43859.47
Turkey,22-04-2023,14.5,3,8.9,0.7,14.2,30.2,44203.14
Turkey,23-04-2023,16.5,7.1,10.2,11.2,13.2,40.3,38076.33
Turkey,24-04-2023,14.5,4.7,8.5,5.4,19.9,38.9,25065.16
Turkey,25-04-2023,16.4,2.5,9.9,0.4,15.9,34.9,42250.87
Turkey,26-04-2023,17.8,5.5,11.6,0.4,19.7,41,41809.15
Turkey,27-04-2023,15.5,6.8,10.2,10.5,22.1,42.5,35866.45
Turkey,28-04-2023,10.9,4.8,7,7.4,12.9,27,18080.2
Turkey,29-04-2023,8.7,2.8,4.8,4.2,17.8,33.5,6770.97
Turkey,30-04-2023,10.2,2.5,6.3,2.6,22.9,43.9,39600
Turkey,01-05-2023,13.2,1.8,7.6,0.2,17.2,33.8,46280.02
Turkey,02-05-2023,13.9,1.9,8.1,0,16.7,33.8,46348.07
Turkey,03-05-2023,16.7,2.7,9.9,0,13,28.4,46415.16
Turkey,04-05-2023,18.8,3.7,11.6,0,11.8,25.2,42881.23
Turkey,05-05-2023,23.9,6.5,15.4,0,19.9,37.4,45408.55
Turkey,06-05-2023,21.4,10,16.4,0.5,28,60.1,43200
Turkey,07-05-2023,16.4,7.4,11.1,2.4,20.4,44.6,43236.8
Turkey,08-05-2023,14.3,6.2,10.1,2.8,17,36.7,40319.89
Turkey,09-05-2023,18.4,4.8,11.7,0,10.8,22,46794.38
Turkey,10-05-2023,20.3,7.4,13.2,1.2,14.7,36.4,46800
Turkey,11-05-2023,19.8,8.6,13.7,1,19.1,36.7,35082.84
Turkey,12-05-2023,17.6,7.2,11.8,9.9,12.3,28.1,19345.34
Turkey,13-05-2023,16.1,8.3,11.7,0.9,19.4,40,20525.13
Turkey,14-05-2023,17.3,6.2,12.2,0,21.3,41.4,46800
Turkey,15-05-2023,18.1,5.3,12.3,0,12.4,26.3,46800
Turkey,16-05-2023,22,7.4,15.1,0,12.3,26.6,46800
Turkey,17-05-2023,24.5,10.3,17.3,4.2,25.2,49.7,37494.95
Turkey,18-05-2023,23.2,9.6,16.4,0.9,18.2,36.7,45740.3
Turkey,19-05-2023,19,8.8,13.9,1.6,15.6,32.4,40629.91
Turkey,20-05-2023,18,7.6,12.3,5.7,14.5,28.8,33383.43
Turkey,21-05-2023,18.5,8.1,13,3.4,14.5,30.6,40098.66
Turkey,22-05-2023,19.8,8.5,14.3,2.5,19.2,40.7,36982.2
Turkey,23-05-2023,21.6,9.9,15,3.8,19.7,49.3,44665.72
Turkey,24-05-2023,19.7,8.6,14,2.6,16.4,36.4,44006.66
Turkey,25-05-2023,21.6,8.4,14.4,3.7,16.1,35.6,47026.68
Turkey,26-05-2023,21.3,8.5,15.2,3.9,16.2,31.3,44173.32
Turkey,27-05-2023,23.3,9.5,16.3,3.4,15,27.7,40460.04
Turkey,28-05-2023,21.8,12.8,16.3,5.3,23.8,46.4,35880.36
Turkey,29-05-2023,22.4,10.5,16.4,4.9,22.3,44.3,45959.84
Turkey,30-05-2023,22,9.5,15.1,0.8,21.3,43.9,43445.68
Turkey,31-05-2023,19.6,11,15.1,1.3,12.2,26.3,41822.69
Turkey,01-06-2023,21.2,10.6,15.5,1.3,17.2,35.6,43951.72
Turkey,02-06-2023,23.5,10.1,16,0.9,21.9,60.8,35282.76
Turkey,03-06-2023,26.8,13.2,18.8,3,30.9,57.2,46902.61
Turkey,04-06-2023,19.4,11.9,15.2,4.8,14.4,29.9,34273.3
Turkey,05-06-2023,19.3,10.4,14.4,19.5,14.8,28.8,30785.24
Turkey,06-06-2023,20.3,10.6,14.7,1.1,13.4,29.9,37387.2
Turkey,07-06-2023,23.7,8.3,16.1,0,15.2,28.8,48218.93
Turkey,08-06-2023,25.8,11,19.1,0.2,10.3,23.8,38531
Turkey,09-06-2023,24.5,15.1,19.5,2.6,17.3,36.4,42641.17
Turkey,10-06-2023,23,11.2,17.1,2.3,13.7,30.2,43722.87
Turkey,11-06-2023,23.9,12.4,16.9,6.9,13,39.2,36000
Turkey,12-06-2023,19.1,13,15.4,8.6,12,27,25628.51
Turkey,13-06-2023,18.6,12.7,15.1,16.1,12.5,27,27966.97
Turkey,14-06-2023,20.7,11.9,15.4,3.1,17.9,37.8,35184.53
Turkey,15-06-2023,22,12.2,16.4,1.3,18.2,37.4,43909.04
Turkey,16-06-2023,23.9,10,18.2,0,10.6,22.7,48933.57
Turkey,17-06-2023,28.2,14.3,20.3,0.1,21.5,39.2,47120.02
Turkey,18-06-2023,23.4,13.5,18,0.2,17.7,34.6,48714.15
Turkey,19-06-2023,22,12.5,16.3,12.2,21.1,37.4,42490.78
Turkey,20-06-2023,21.2,12,15.4,4.6,19.6,40,41767.4
Turkey,21-06-2023,19.9,10.9,14.9,4.6,20.2,37.8,33404.21
Turkey,22-06-2023,19.8,11.2,15.1,3.8,23,45.7,46364.73
Turkey,23-06-2023,22,10.2,16.1,0,23.8,45,49130.98
Turkey,24-06-2023,24.6,8.3,16.7,0,19.2,35.6,49236.86
Turkey,25-06-2023,28.1,11,19.7,0,12.5,26.6,49244.39
Turkey,26-06-2023,28.9,13.5,21.3,0,17.8,34.2,49249.82
Turkey,27-06-2023,27.4,13.1,20.5,0,16.5,34.2,48897.48
Turkey,28-06-2023,28.2,13.4,21.3,0,16.2,33.8,48899.13
Turkey,29-06-2023,28.9,16.6,22.9,0,23.3,43.9,49154.37
Turkey,30-06-2023,24.4,14.3,19.3,0.5,19.4,39.6,45010.46
Turkey,01-07-2023,26,11.8,19,0,15.5,32,49176.9
Turkey,02-07-2023,29.1,14.5,22,0,14.4,28.1,49173.85
Turkey,03-07-2023,32.3,16.1,24.6,0,15.7,32.4,49136.66
Turkey,04-07-2023,31.5,17,24.8,0,20.3,39.6,48864.23
Turkey,05-07-2023,32.3,15.5,23.8,0,24.7,45.4,49117.99
Turkey,06-07-2023,32,15.9,24.2,0,17,31.7,49106.12
Turkey,07-07-2023,31.9,17.9,24.8,0,22.4,43.6,48850.49
Turkey,08-07-2023,28.8,16.8,22.7,0,25.1,44.3,48410.66
Turkey,09-07-2023,24.3,15.1,19.4,1.7,26.6,50,47930.41
Turkey,10-07-2023,21.7,13.7,16.6,5.3,25.9,48.2,32387.95
Turkey,11-07-2023,22,8.9,16.1,0,16.9,33.8,49020.94
Turkey,12-07-2023,27.2,11,19.5,0,17.8,37.1,48998.59
Turkey,13-07-2023,29.9,14.1,21.9,0,22.3,43.9,48974.44
Turkey,14-07-2023,31,12.8,22.2,0,24.2,46.4,48948.46
Turkey,15-07-2023,30.1,14.3,22.6,0,25.7,49,48920.64
Turkey,16-07-2023,28.1,13.2,20.4,0,29.7,54.4,48890.95
Turkey,17-07-2023,27.7,11.2,19.5,0,26.3,49.3,48859.37
Turkey,18-07-2023,27.9,9.7,19.1,0,26.1,48.2,48825.87
Turkey,19-07-2023,28.7,10.2,19.5,0,25.8,46.8,48790.49
Turkey,20-07-2023,30.2,11.3,20.9,0,16.8,34.9,48753.27
Turkey,21-07-2023,31.3,16.2,24.5,0,20.6,40.3,48442.76
Turkey,22-07-2023,31.3,18.2,24.8,0,21.6,41.8,48428.39
Turkey,23-07-2023,31.3,15.3,23.9,0,23.8,45.7,48286.48
Turkey,24-07-2023,29.2,16.7,22.8,0,27.3,51.1,47856.05
Turkey,25-07-2023,26.8,14.3,20.4,0,24,47.2,48044.46
Turkey,26-07-2023,29.8,11.6,21.6,0,12.2,28.1,47982.22
Turkey,27-07-2023,35.6,15.9,27.1,0,18.4,35.3,47800.23
Turkey,28-07-2023,27.2,19.1,23.4,0,18.4,38.2,47621.31
Turkey,29-07-2023,29,12.9,21.4,0,17.7,35.3,47445.69
Turkey,30-07-2023,28,11.4,19.9,0,23.8,43.9,47273.75
Turkey,31-07-2023,29.7,11,20.6,0,14.3,30.2,47213.76
Turkey,01-08-2023,33.2,17.2,25,0,16.8,29.9,47047.33
Turkey,02-08-2023,33,16.7,25.7,0,17.9,36.4,46885.5
Turkey,03-08-2023,34.4,18.5,26.7,0,26.9,49.7,46629.64
Turkey,04-08-2023,31.5,16.7,24.2,0,21,40.3,46577.12
Turkey,05-08-2023,32,13.8,23.3,0,17,34.9,46523.65
Turkey,06-08-2023,35.7,17.8,27.7,0,15.1,30.2,46380.53
Turkey,07-08-2023,36.6,20.6,28.7,0,14.2,30.2,46243.61
Turkey,08-08-2023,36.7,19.2,28,0,19.8,38.5,46032.48
Turkey,09-08-2023,34.6,18.1,26,0.1,21.2,40.7,45974.48
Turkey,10-08-2023,34.5,17.3,26.2,0,9.3,22.7,45924.05
Turkey,11-08-2023,34.1,20.6,27.5,0,20.4,39.2,45873.37
Turkey,12-08-2023,33.3,18.3,25.7,0,20.6,37.4,45822.48
Turkey,13-08-2023,37.8,18.7,28.4,0,21.1,43.6,44196.45
Turkey,14-08-2023,38.8,22.6,30.7,0,17.7,33.1,41758.02
Turkey,15-08-2023,38.5,22.1,30.5,0,24.1,45.4,45668.78
Turkey,16-08-2023,35.1,18.9,27.3,0,16.7,34.6,45617.29
Turkey,17-08-2023,34.3,16.3,25.7,0,16.8,32.8,45565.73
Turkey,18-08-2023,34.1,20.4,27,0,18.8,37.4,45514.09
Turkey,19-08-2023,33.4,18.3,25.7,0,15.6,32.4,45462.43
Turkey,20-08-2023,32.7,16.7,25,0,19.5,38.2,45410.75
Turkey,21-08-2023,31.1,14.3,23.2,0,18.2,37.1,45344.09
Turkey,22-08-2023,31.4,14.7,23.4,0,26.9,47.9,45211.28
Turkey,23-08-2023,30.5,14.3,22.8,0,17.4,33.8,45077.98
Turkey,24-08-2023,30.8,15.8,23.4,0,18.3,36.4,44934.53
Turkey,25-08-2023,29.3,15,22.4,0,21,40.7,44447.1
Turkey,26-08-2023,29.5,12.5,21.1,0,20,37.1,44475.59
Turkey,27-08-2023,30.3,13.2,21.9,0,16,29.2,44249.28
Turkey,28-08-2023,24.9,16.2,19.6,7.4,21.7,43.9,33697.41
Turkey,29-08-2023,25.3,14.8,19.7,2.1,16.3,32.4,40280.69
Turkey,30-08-2023,30.8,14.6,22.8,0,13.9,29.2,42334.48
Turkey,31-08-2023,32.6,17.2,25.6,0,11.3,25.6,43365.88
Turkey,01-09-2023,32.7,19,25.7,0,16.1,29.9,43151.5
Turkey,02-09-2023,30.6,16.7,22.6,0.1,24.5,46.4,40398.38
Turkey,03-09-2023,25.1,16.7,19.8,7.1,18.1,47.9,41174.04
Turkey,04-09-2023,25.5,12.8,19.1,0.1,11.6,23.8,41278.75
Turkey,05-09-2023,30.4,14.1,22.3,0,13,23.8,42533.5
Turkey,06-09-2023,30.2,16,22.6,0,18.9,33.5,42331.34
Turkey,07-09-2023,27.9,14.1,20.7,0,25,44.3,42133.29
Turkey,08-09-2023,25.8,13.3,19.1,0,20,37.1,41748.39
Turkey,09-09-2023,25.1,12,18.4,0,17.4,31.7,41662.44
Turkey,10-09-2023,23.1,10.2,16.2,0,29.1,52.6,41137.79
Turkey,11-09-2023,21.3,7.5,14.2,0,24.4,43.6,39600
Turkey,12-09-2023,21,6.3,13.8,0,22,39.6,41091.22
Turkey,13-09-2023,21.6,7.1,14,0,24.6,45,40870.16
Turkey,14-09-2023,21.3,6.9,14.1,0,16.8,34.6,40737.59
Turkey,15-09-2023,21.7,6,14.2,0,13,28.1,40434.63
Turkey,16-09-2023,23.3,8.1,15.6,0,18.1,35.3,40223.88
Turkey,17-09-2023,22.6,7.4,15.1,0,25.4,46.1,39962.18
Turkey,18-09-2023,22,6,14.1,0,23,41,39960.43
Turkey,19-09-2023,22.5,6.6,14.7,0,12.1,25.9,39682.14
Turkey,20-09-2023,25.1,8.5,16.6,0,9.6,24.1,39688.04
Turkey,21-09-2023,26.3,13.1,19.1,0,10.6,20.5,39623.94
Turkey,22-09-2023,28.3,12.6,20.8,0,16.5,29.5,39600
Turkey,23-09-2023,28.3,14.3,21.2,0,13.6,26.6,39600
Turkey,24-09-2023,28.5,14.8,20.7,0,15.3,28.4,39600
Turkey,25-09-2023,27.8,13.4,20.2,0,17.8,34.2,39600
Turkey,26-09-2023,25.1,9.6,17.3,0,12.3,26.6,39600
Turkey,27-09-2023,25.8,10.3,17.5,0,15.1,28.8,39600
Turkey,28-09-2023,28.1,12.1,20.3,0,14.4,28.8,39600
Turkey,29-09-2023,25.8,13.4,19.2,0,16.5,32.4,39582.54
Turkey,30-09-2023,24.7,11.7,17.5,1.9,15.9,31,39485.82
Turkey,01-10-2023,18.5,12.4,14.7,14.8,11.7,23,26943.81
Turkey,02-10-2023,18.4,11.5,13.7,7.2,16.7,39.2,25438.54
Turkey,03-10-2023,18,8.2,12.7,0,17.7,34.2,39065.78
Turkey,04-10-2023,16.4,6.2,10.8,0,11.6,24.1,38425.08
Turkey,05-10-2023,19.2,5.5,12.4,0,10.7,19.8,38762.91
Turkey,06-10-2023,19.6,7.6,13.1,0,12.2,24.8,38610.98
Turkey,07-10-2023,20.9,8.7,13.4,0,10.8,22.7,38458.34
Turkey,08-10-2023,21.9,7.8,14.7,0,13.3,28.1,38305.1
Turkey,09-10-2023,21,9,13.7,0,28.2,50.8,34758.77
Turkey,10-10-2023,20,7.7,13,0,17.6,33.1,34089.93
Turkey,11-10-2023,17.7,6.2,11.5,0,25.2,44.6,37842.83
Turkey,12-10-2023,17.4,3.1,9.5,0,10.2,20.2,37688.25
Turkey,13-10-2023,19.7,5.9,12.9,0,9.9,21.2,37533.61
Turkey,14-10-2023,20.9,9.1,14.3,0,10.2,17.6,37379.04
Turkey,15-10-2023,13.9,8.4,11.1,1.5,21.6,38.9,2115.46
Turkey,16-10-2023,19.8,7.3,12.7,0,15.9,30.6,35656.79
Turkey,17-10-2023,18.3,6.3,11.6,0,9.8,19.8,36368.58
Turkey,18-10-2023,19.6,7.8,12.7,6,25.3,46.8,17943.16
Turkey,19-10-2023,14.2,7.7,10.7,1.5,9.2,18.4,30336.62
Turkey,20-10-2023,19.1,5.7,12.4,0,12.8,25.6,35725.43
Turkey,21-10-2023,21.4,7.2,14.5,0,11.6,20.9,35680.63
Turkey,22-10-2023,22,8.2,16,0,9.7,15.5,35159.5
Turkey,23-10-2023,22,10.2,15,7.3,12.5,37.8,34121.81
Turkey,24-10-2023,22.3,8.7,14.5,0,11.8,24.5,35020
Turkey,25-10-2023,24.1,10.2,16.2,0,19.8,34.9,34654.82
Turkey,26-10-2023,22.6,12.3,16.4,0,18.6,35.3,28980.86
Turkey,27-10-2023,22.5,11.6,15.8,0,12.2,26.3,32750.15
Turkey,28-10-2023,23.3,11.8,16.8,0,19.7,36.7,32400
Turkey,29-10-2023,22.7,9.7,15.6,0,10,20.5,34320.02
Turkey,30-10-2023,22.1,10.9,16.6,0,10.1,14,30503.71
Turkey,31-10-2023,22,10,16.8,0,9.4,20.2,30555.23
Turkey,01-11-2023,20.4,10.9,14.8,0.1,17.6,36.7,33123.36
Turkey,02-11-2023,20.7,9.5,14.2,2.4,21,37.8,27634.74
Turkey,03-11-2023,19.3,10.7,14,0.3,21.7,45,32338.24
Turkey,04-11-2023,21.3,9.7,14.3,0,12,25.6,33205.68
Turkey,05-11-2023,22.8,9.5,14.9,0,23.1,50,32982.7
Turkey,06-11-2023,21.1,11.4,14.8,0,23.8,46.4,33072.69
Turkey,07-11-2023,18.1,8.1,13,0,10.1,20.2,32961
Turkey,08-11-2023,18.8,5.9,12.8,0,9.5,21.2,32947.33
Turkey,09-11-2023,18.2,6.7,11.6,0,15.4,32.8,27841.63
Turkey,10-11-2023,16.6,4.6,10.4,0,8.5,16.9,32400
Turkey,11-11-2023,20.8,7.9,13.3,0,22.9,43.2,32658.62
Turkey,12-11-2023,21.3,8.9,14.3,0.2,27.6,54.7,32618.46
Turkey,13-11-2023,19.3,7.9,12.8,0,18,34.6,25303.95
Turkey,14-11-2023,11.8,8.2,9.7,2.9,10.9,21.6,7144.3
Turkey,15-11-2023,15.7,4.1,9,0,12.9,27.7,29695.76
Turkey,16-11-2023,18.4,5.4,10.2,7.9,30.8,60.1,26771.87
Turkey,17-11-2023,10.6,2.5,6.2,0,9,21.6,32156.5
Turkey,18-11-2023,16.1,3.6,9.6,0.4,32.4,58.3,32066.65
Turkey,19-11-2023,11.3,0.5,3.5,12.1,23.2,58,32027.72
Turkey,20-11-2023,5.7,-0.6,1.8,1.8,24.7,46.1,11784.1
Turkey,21-11-2023,7.8,-1.5,2.5,0.3,15.1,30.2,31939.63
Turkey,22-11-2023,12.6,0.3,5,0,12.2,24.8,31833.17
Turkey,23-11-2023,13.5,2.7,7.4,0,13,23.8,27789.18
Turkey,24-11-2023,15.1,4.4,8.7,0,14.7,29.2,28846.32
Turkey,25-11-2023,12.3,4.6,7.8,3.5,18.3,34.6,3600
Turkey,26-11-2023,13.7,3.1,8.7,13.6,37.5,77,23524.08
Turkey,27-11-2023,2.9,-4.3,-0.1,1.9,21,40,23731.66
Turkey,28-11-2023,4.1,-5.4,-1.4,0,9.4,21.6,31415.62
Turkey,29-11-2023,11.1,0.8,5.2,0.1,15.1,29.5,26162.92
Turkey,30-11-2023,12.9,4,6.9,0.2,17.9,33.8,20864.66
Turkey,01-12-2023,13.9,3.2,7.4,0,13.9,26.3,31157.77
Turkey,02-12-2023,13.2,2.5,7.1,0,13.9,24.5,31079.39
Turkey,03-12-2023,14.4,3,7.5,0,12.8,24.1,29184.91
Turkey,04-12-2023,14.9,2,8,0,12.2,21.6,29130.22
Turkey,05-12-2023,14.1,2.1,8.3,0,10,17.3,30868.53
Turkey,06-12-2023,12.2,1.9,6.3,0.6,9.6,25.6,28021.37
Turkey,07-12-2023,12.1,3.3,6.8,0.8,13.3,25.9,26373.45
Turkey,08-12-2023,11.5,3.3,7,2.7,11,22,9188.61
Turkey,09-12-2023,9.6,2.1,5.9,4.1,18.5,34.9,9640.22
Turkey,10-12-2023,8.5,2.1,4.3,0,15.8,29.5,28330.46
Turkey,11-12-2023,9.7,0.6,5.3,6.6,15.3,27.7,0
Turkey,12-12-2023,9.1,3.7,5.9,2.3,13,27,28844.23
Turkey,13-12-2023,6.1,-1.2,3.1,1.3,13.2,30.6,6933.65
Turkey,14-12-2023,11,-1.3,3.8,0,11.2,22,30423.08
Turkey,15-12-2023,15,3.5,7.9,0,13.5,23.4,30392.08
Turkey,16-12-2023,13,2.9,6.8,0,9.7,19.8,28591.56
Turkey,17-12-2023,7.1,-3.6,2.5,3.2,21.9,41,13665.93
Turkey,18-12-2023,2.7,-5.7,-1.9,0,9.8,20.9,30323.21
Turkey,19-12-2023,4.9,-4.5,0.7,0,6.5,15.8,30308.53
Turkey,20-12-2023,8.3,-2.6,2,0,9.4,19.4,30298.09
Turkey,21-12-2023,6.2,-0.9,2.5,1.5,19.2,34.2,0
Turkey,22-12-2023,8.2,1.9,4.2,4.6,22.5,47.5,23425.89
Turkey,23-12-2023,6.7,2.7,4.1,3.8,23.5,44.3,24618.44
Turkey,24-12-2023,7.7,1.9,4.3,0.5,40.1,73.8,19751.62
Turkey,25-12-2023,10.9,0.4,4.8,0,17.1,32.4,30312.2
Turkey,26-12-2023,11.9,2.5,5.9,0,10.1,19.4,30328.74
Turkey,27-12-2023,11.7,0.4,5.4,0,12.6,23.4,30349.69
Turkey,28-12-2023,7.6,1.7,4.3,0,8.6,20.5,30374.96
Turkey,29-12-2023,7.7,-2.1,2.5,0,9.8,18.7,28864.47
Turkey,30-12-2023,9.9,-1.3,3.7,0,10.4,19.1,30438.15
Turkey,31-12-2023,8.8,-1.1,3.3,0,10.4,15.8,23210.31
